country_code,country_name,year,indicator_code,value
AFE,Africa Eastern and Southern,2020,EG.FEC.RNEW.ZS,65.7823798017466
AFE,Africa Eastern and Southern,2019,EG.FEC.RNEW.ZS,62.6907096127666
AFE,Africa Eastern and Southern,2018,EG.FEC.RNEW.ZS,61.5875298317964
AFE,Africa Eastern and Southern,2017,EG.FEC.RNEW.ZS,61.4269497576408
AFE,Africa Eastern and Southern,2016,EG.FEC.RNEW.ZS,61.8228841937413
AFE,Africa Eastern and Southern,2015,EG.FEC.RNEW.ZS,61.6702780479896
AFE,Africa Eastern and Southern,2014,EG.FEC.RNEW.ZS,61.2358816947099
AFE,Africa Eastern and Southern,2013,EG.FEC.RNEW.ZS,60.8017990466951
AFE,Africa Eastern and Southern,2012,EG.FEC.RNEW.ZS,61.4099642987411
AFE,Africa Eastern and Southern,2011,EG.FEC.RNEW.ZS,62.8052791594478
AFE,Africa Eastern and Southern,2010,EG.FEC.RNEW.ZS,62.8763868126774
AFE,Africa Eastern and Southern,2009,EG.FEC.RNEW.ZS,61.3046006287143
AFE,Africa Eastern and Southern,2008,EG.FEC.RNEW.ZS,61.9080266133138
AFE,Africa Eastern and Southern,2007,EG.FEC.RNEW.ZS,61.5051686589556
AFE,Africa Eastern and Southern,2006,EG.FEC.RNEW.ZS,62.7381235737246
AFE,Africa Eastern and Southern,2005,EG.FEC.RNEW.ZS,63.1090982683818
AFW,Africa Western and Central,2020,EG.FEC.RNEW.ZS,75.846980103796
AFW,Africa Western and Central,2019,EG.FEC.RNEW.ZS,75.0787881678252
AFW,Africa Western and Central,2018,EG.FEC.RNEW.ZS,75.4765777368905
AFW,Africa Western and Central,2017,EG.FEC.RNEW.ZS,76.1016805879549
AFW,Africa Western and Central,2016,EG.FEC.RNEW.ZS,75.7968398295924
AFW,Africa Western and Central,2015,EG.FEC.RNEW.ZS,76.181670524591
AFW,Africa Western and Central,2014,EG.FEC.RNEW.ZS,75.7410088804396
AFW,Africa Western and Central,2013,EG.FEC.RNEW.ZS,76.7014987422216
AFW,Africa Western and Central,2012,EG.FEC.RNEW.ZS,78.4812300030604
AFW,Africa Western and Central,2011,EG.FEC.RNEW.ZS,79.282287064176
AFW,Africa Western and Central,2010,EG.FEC.RNEW.ZS,80.6878062215966
AFW,Africa Western and Central,2009,EG.FEC.RNEW.ZS,82.3902132632194
AFW,Africa Western and Central,2008,EG.FEC.RNEW.ZS,81.2111702741465
AFW,Africa Western and Central,2007,EG.FEC.RNEW.ZS,82.3300149481968
AFW,Africa Western and Central,2006,EG.FEC.RNEW.ZS,81.8733098332193
AFW,Africa Western and Central,2005,EG.FEC.RNEW.ZS,80.9340336358309
ARB,Arab World,2020,EG.FEC.RNEW.ZS,5.17060073389405
ARB,Arab World,2019,EG.FEC.RNEW.ZS,4.70633158020559
ARB,Arab World,2018,EG.FEC.RNEW.ZS,4.50425823426351
ARB,Arab World,2017,EG.FEC.RNEW.ZS,4.3581617981618
ARB,Arab World,2016,EG.FEC.RNEW.ZS,4.29077756155343
ARB,Arab World,2015,EG.FEC.RNEW.ZS,4.21496941236506
ARB,Arab World,2014,EG.FEC.RNEW.ZS,4.35137245136187
ARB,Arab World,2013,EG.FEC.RNEW.ZS,4.48323739439238
ARB,Arab World,2012,EG.FEC.RNEW.ZS,4.44428218260031
ARB,Arab World,2011,EG.FEC.RNEW.ZS,4.65946283874801
ARB,Arab World,2010,EG.FEC.RNEW.ZS,4.83562159152557
ARB,Arab World,2009,EG.FEC.RNEW.ZS,5.05522238152558
ARB,Arab World,2008,EG.FEC.RNEW.ZS,5.13130870182265
ARB,Arab World,2007,EG.FEC.RNEW.ZS,5.60004577861799
ARB,Arab World,2006,EG.FEC.RNEW.ZS,6.19564709639159
ARB,Arab World,2005,EG.FEC.RNEW.ZS,6.40448670890967
CSS,Caribbean small states,2020,EG.FEC.RNEW.ZS,6.28843567906768
CSS,Caribbean small states,2019,EG.FEC.RNEW.ZS,5.88822815533981
CSS,Caribbean small states,2018,EG.FEC.RNEW.ZS,7.1973830973831
CSS,Caribbean small states,2017,EG.FEC.RNEW.ZS,7.41293833131802
CSS,Caribbean small states,2016,EG.FEC.RNEW.ZS,6.68268450932684
CSS,Caribbean small states,2015,EG.FEC.RNEW.ZS,6.1973602484472
CSS,Caribbean small states,2014,EG.FEC.RNEW.ZS,6.01613766730402
CSS,Caribbean small states,2013,EG.FEC.RNEW.ZS,6.8601581027668
CSS,Caribbean small states,2012,EG.FEC.RNEW.ZS,7.93956806787505
CSS,Caribbean small states,2011,EG.FEC.RNEW.ZS,8.84632068164214
CSS,Caribbean small states,2010,EG.FEC.RNEW.ZS,7.763243873979
CSS,Caribbean small states,2009,EG.FEC.RNEW.ZS,8.57920034028073
CSS,Caribbean small states,2008,EG.FEC.RNEW.ZS,8.71866048862679
CSS,Caribbean small states,2007,EG.FEC.RNEW.ZS,8.52536082474227
CSS,Caribbean small states,2006,EG.FEC.RNEW.ZS,9.42070063694267
CSS,Caribbean small states,2005,EG.FEC.RNEW.ZS,8.82919141160347
CEB,Central Europe and the Baltics,2020,EG.FEC.RNEW.ZS,19.6977838168354
CEB,Central Europe and the Baltics,2019,EG.FEC.RNEW.ZS,18.8601539560352
CEB,Central Europe and the Baltics,2018,EG.FEC.RNEW.ZS,18.1476863313142
CEB,Central Europe and the Baltics,2017,EG.FEC.RNEW.ZS,16.4703987047156
CEB,Central Europe and the Baltics,2016,EG.FEC.RNEW.ZS,16.8577627377285
CEB,Central Europe and the Baltics,2015,EG.FEC.RNEW.ZS,17.1594982078853
CEB,Central Europe and the Baltics,2014,EG.FEC.RNEW.ZS,17.0702957655506
CEB,Central Europe and the Baltics,2013,EG.FEC.RNEW.ZS,16.6612114024685
CEB,Central Europe and the Baltics,2012,EG.FEC.RNEW.ZS,15.6926044784711
CEB,Central Europe and the Baltics,2011,EG.FEC.RNEW.ZS,14.7499600707318
CEB,Central Europe and the Baltics,2010,EG.FEC.RNEW.ZS,14.5716532675985
CEB,Central Europe and the Baltics,2009,EG.FEC.RNEW.ZS,13.7392384371762
CEB,Central Europe and the Baltics,2008,EG.FEC.RNEW.ZS,12.1782191475117
CEB,Central Europe and the Baltics,2007,EG.FEC.RNEW.ZS,11.3862829485805
CEB,Central Europe and the Baltics,2006,EG.FEC.RNEW.ZS,11.1059202329456
CEB,Central Europe and the Baltics,2005,EG.FEC.RNEW.ZS,11.281127395073
EAR,Early-demographic dividend,2020,EG.FEC.RNEW.ZS,24.9895503831566
EAR,Early-demographic dividend,2019,EG.FEC.RNEW.ZS,23.4235915027361
EAR,Early-demographic dividend,2018,EG.FEC.RNEW.ZS,23.0553629444334
EAR,Early-demographic dividend,2017,EG.FEC.RNEW.ZS,22.9476250496601
EAR,Early-demographic dividend,2016,EG.FEC.RNEW.ZS,23.2789953267586
EAR,Early-demographic dividend,2015,EG.FEC.RNEW.ZS,23.2788830905664
EAR,Early-demographic dividend,2014,EG.FEC.RNEW.ZS,23.4924369677916
EAR,Early-demographic dividend,2013,EG.FEC.RNEW.ZS,24.0275019293983
EAR,Early-demographic dividend,2012,EG.FEC.RNEW.ZS,23.7687952198121
EAR,Early-demographic dividend,2011,EG.FEC.RNEW.ZS,24.0855008274837
EAR,Early-demographic dividend,2010,EG.FEC.RNEW.ZS,24.8615971543891
EAR,Early-demographic dividend,2009,EG.FEC.RNEW.ZS,25.4129390516275
EAR,Early-demographic dividend,2008,EG.FEC.RNEW.ZS,25.9491221333158
EAR,Early-demographic dividend,2007,EG.FEC.RNEW.ZS,26.2096590198511
EAR,Early-demographic dividend,2006,EG.FEC.RNEW.ZS,27.1651772172781
EAR,Early-demographic dividend,2005,EG.FEC.RNEW.ZS,27.8795150462726
EAS,East Asia & Pacific,2020,EG.FEC.RNEW.ZS,14.8081424064458
EAS,East Asia & Pacific,2019,EG.FEC.RNEW.ZS,14.2375892668268
EAS,East Asia & Pacific,2018,EG.FEC.RNEW.ZS,13.7870493058758
EAS,East Asia & Pacific,2017,EG.FEC.RNEW.ZS,13.5844394239657
EAS,East Asia & Pacific,2016,EG.FEC.RNEW.ZS,13.3311956056945
EAS,East Asia & Pacific,2015,EG.FEC.RNEW.ZS,12.9820393664344
EAS,East Asia & Pacific,2014,EG.FEC.RNEW.ZS,13.1772220799983
EAS,East Asia & Pacific,2013,EG.FEC.RNEW.ZS,12.807588042962
EAS,East Asia & Pacific,2012,EG.FEC.RNEW.ZS,12.7952806131987
EAS,East Asia & Pacific,2011,EG.FEC.RNEW.ZS,12.7263364615484
EAS,East Asia & Pacific,2010,EG.FEC.RNEW.ZS,13.434787598045
EAS,East Asia & Pacific,2009,EG.FEC.RNEW.ZS,14.2636176245449
EAS,East Asia & Pacific,2008,EG.FEC.RNEW.ZS,14.735235141223
EAS,East Asia & Pacific,2007,EG.FEC.RNEW.ZS,15.0789487832137
EAS,East Asia & Pacific,2006,EG.FEC.RNEW.ZS,15.9686753943731
EAS,East Asia & Pacific,2005,EG.FEC.RNEW.ZS,16.4297576010523
EAP,East Asia & Pacific (excluding high income),2020,EG.FEC.RNEW.ZS,16.1762699381612
EAP,East Asia & Pacific (excluding high income),2019,EG.FEC.RNEW.ZS,15.6869369882801
EAP,East Asia & Pacific (excluding high income),2018,EG.FEC.RNEW.ZS,15.2617412584325
EAP,East Asia & Pacific (excluding high income),2017,EG.FEC.RNEW.ZS,15.1598217902853
EAP,East Asia & Pacific (excluding high income),2016,EG.FEC.RNEW.ZS,14.9330102136904
EAP,East Asia & Pacific (excluding high income),2015,EG.FEC.RNEW.ZS,14.5349935193322
EAP,East Asia & Pacific (excluding high income),2014,EG.FEC.RNEW.ZS,14.8403680079479
EAP,East Asia & Pacific (excluding high income),2013,EG.FEC.RNEW.ZS,14.6049166091883
EAP,East Asia & Pacific (excluding high income),2012,EG.FEC.RNEW.ZS,14.7136828117177
EAP,East Asia & Pacific (excluding high income),2011,EG.FEC.RNEW.ZS,14.7055801193074
EAP,East Asia & Pacific (excluding high income),2010,EG.FEC.RNEW.ZS,15.7296949227323
EAP,East Asia & Pacific (excluding high income),2009,EG.FEC.RNEW.ZS,16.97060416335
EAP,East Asia & Pacific (excluding high income),2008,EG.FEC.RNEW.ZS,17.7862359678226
EAP,East Asia & Pacific (excluding high income),2007,EG.FEC.RNEW.ZS,18.442744793017
EAP,East Asia & Pacific (excluding high income),2006,EG.FEC.RNEW.ZS,19.7794500219053
EAP,East Asia & Pacific (excluding high income),2005,EG.FEC.RNEW.ZS,20.7412125979338
TEA,East Asia & Pacific (IDA & IBRD countries),2020,EG.FEC.RNEW.ZS,16.2041019103429
TEA,East Asia & Pacific (IDA & IBRD countries),2019,EG.FEC.RNEW.ZS,15.7206717226655
TEA,East Asia & Pacific (IDA & IBRD countries),2018,EG.FEC.RNEW.ZS,15.2801719188239
TEA,East Asia & Pacific (IDA & IBRD countries),2017,EG.FEC.RNEW.ZS,15.1902273112057
TEA,East Asia & Pacific (IDA & IBRD countries),2016,EG.FEC.RNEW.ZS,14.9020380294471
TEA,East Asia & Pacific (IDA & IBRD countries),2015,EG.FEC.RNEW.ZS,14.5102816361425
TEA,East Asia & Pacific (IDA & IBRD countries),2014,EG.FEC.RNEW.ZS,14.8262934267536
TEA,East Asia & Pacific (IDA & IBRD countries),2013,EG.FEC.RNEW.ZS,14.5828878425143
TEA,East Asia & Pacific (IDA & IBRD countries),2012,EG.FEC.RNEW.ZS,14.7099408406947
TEA,East Asia & Pacific (IDA & IBRD countries),2011,EG.FEC.RNEW.ZS,14.7046669134649
TEA,East Asia & Pacific (IDA & IBRD countries),2010,EG.FEC.RNEW.ZS,15.7610889736946
TEA,East Asia & Pacific (IDA & IBRD countries),2009,EG.FEC.RNEW.ZS,17.0208227881363
TEA,East Asia & Pacific (IDA & IBRD countries),2008,EG.FEC.RNEW.ZS,17.8640720779668
TEA,East Asia & Pacific (IDA & IBRD countries),2007,EG.FEC.RNEW.ZS,18.5148999605136
TEA,East Asia & Pacific (IDA & IBRD countries),2006,EG.FEC.RNEW.ZS,19.9088668343395
TEA,East Asia & Pacific (IDA & IBRD countries),2005,EG.FEC.RNEW.ZS,20.8868291125453
EMU,Euro area,2020,EG.FEC.RNEW.ZS,19.8249328729026
EMU,Euro area,2019,EG.FEC.RNEW.ZS,18.1503858953027
EMU,Euro area,2018,EG.FEC.RNEW.ZS,17.5734985579415
EMU,Euro area,2017,EG.FEC.RNEW.ZS,16.5848140905158
EMU,Euro area,2016,EG.FEC.RNEW.ZS,16.3684648688886
EMU,Euro area,2015,EG.FEC.RNEW.ZS,16.3581309358884
EMU,Euro area,2014,EG.FEC.RNEW.ZS,16.3316892257358
EMU,Euro area,2013,EG.FEC.RNEW.ZS,15.7321440646131
EMU,Euro area,2012,EG.FEC.RNEW.ZS,14.891399177858
EMU,Euro area,2011,EG.FEC.RNEW.ZS,13.4314628799734
EMU,Euro area,2010,EG.FEC.RNEW.ZS,13.3754794114388
EMU,Euro area,2009,EG.FEC.RNEW.ZS,12.5287114348868
EMU,Euro area,2008,EG.FEC.RNEW.ZS,11.4399549852905
EMU,Euro area,2007,EG.FEC.RNEW.ZS,10.7583861009619
EMU,Euro area,2006,EG.FEC.RNEW.ZS,9.66669323919068
EMU,Euro area,2005,EG.FEC.RNEW.ZS,8.86348553535542
ECS,Europe & Central Asia,2020,EG.FEC.RNEW.ZS,15.106449203531
ECS,Europe & Central Asia,2019,EG.FEC.RNEW.ZS,14.0059727126658
ECS,Europe & Central Asia,2018,EG.FEC.RNEW.ZS,13.4797382823169
ECS,Europe & Central Asia,2017,EG.FEC.RNEW.ZS,12.8819075023182
ECS,Europe & Central Asia,2016,EG.FEC.RNEW.ZS,12.8866548739741
ECS,Europe & Central Asia,2015,EG.FEC.RNEW.ZS,12.8744480605886
ECS,Europe & Central Asia,2014,EG.FEC.RNEW.ZS,12.4321725847963
ECS,Europe & Central Asia,2013,EG.FEC.RNEW.ZS,12.2761565609349
ECS,Europe & Central Asia,2012,EG.FEC.RNEW.ZS,11.5800703095476
ECS,Europe & Central Asia,2011,EG.FEC.RNEW.ZS,10.7258330443851
ECS,Europe & Central Asia,2010,EG.FEC.RNEW.ZS,10.8681448886901
ECS,Europe & Central Asia,2009,EG.FEC.RNEW.ZS,10.4249676128482
ECS,Europe & Central Asia,2008,EG.FEC.RNEW.ZS,9.47387156015955
ECS,Europe & Central Asia,2007,EG.FEC.RNEW.ZS,9.14113260306134
ECS,Europe & Central Asia,2006,EG.FEC.RNEW.ZS,8.57521802832624
ECS,Europe & Central Asia,2005,EG.FEC.RNEW.ZS,8.29181865284284
ECA,Europe & Central Asia (excluding high income),2020,EG.FEC.RNEW.ZS,10.0604471757322
ECA,Europe & Central Asia (excluding high income),2019,EG.FEC.RNEW.ZS,10.0324286162535
ECA,Europe & Central Asia (excluding high income),2018,EG.FEC.RNEW.ZS,9.10455322874983
ECA,Europe & Central Asia (excluding high income),2017,EG.FEC.RNEW.ZS,8.68104031424437
ECA,Europe & Central Asia (excluding high income),2016,EG.FEC.RNEW.ZS,9.05362050305208
ECA,Europe & Central Asia (excluding high income),2015,EG.FEC.RNEW.ZS,8.89374944135576
ECA,Europe & Central Asia (excluding high income),2014,EG.FEC.RNEW.ZS,7.75696722378988
ECA,Europe & Central Asia (excluding high income),2013,EG.FEC.RNEW.ZS,8.04245729281583
ECA,Europe & Central Asia (excluding high income),2012,EG.FEC.RNEW.ZS,7.4990959908438
ECA,Europe & Central Asia (excluding high income),2011,EG.FEC.RNEW.ZS,7.06633152811845
ECA,Europe & Central Asia (excluding high income),2010,EG.FEC.RNEW.ZS,7.81163686125183
ECA,Europe & Central Asia (excluding high income),2009,EG.FEC.RNEW.ZS,7.42803913844124
ECA,Europe & Central Asia (excluding high income),2008,EG.FEC.RNEW.ZS,6.45158501915867
ECA,Europe & Central Asia (excluding high income),2007,EG.FEC.RNEW.ZS,6.63494298230947
ECA,Europe & Central Asia (excluding high income),2006,EG.FEC.RNEW.ZS,7.07847885220545
ECA,Europe & Central Asia (excluding high income),2005,EG.FEC.RNEW.ZS,7.2836157568398
TEC,Europe & Central Asia (IDA & IBRD countries),2020,EG.FEC.RNEW.ZS,8.02684416318492
TEC,Europe & Central Asia (IDA & IBRD countries),2019,EG.FEC.RNEW.ZS,7.59012527634488
TEC,Europe & Central Asia (IDA & IBRD countries),2018,EG.FEC.RNEW.ZS,7.25779989922942
TEC,Europe & Central Asia (IDA & IBRD countries),2017,EG.FEC.RNEW.ZS,6.75633843243037
TEC,Europe & Central Asia (IDA & IBRD countries),2016,EG.FEC.RNEW.ZS,7.04015093233689
TEC,Europe & Central Asia (IDA & IBRD countries),2015,EG.FEC.RNEW.ZS,6.91555148923036
TEC,Europe & Central Asia (IDA & IBRD countries),2014,EG.FEC.RNEW.ZS,6.52584380803076
TEC,Europe & Central Asia (IDA & IBRD countries),2013,EG.FEC.RNEW.ZS,6.84165697411543
TEC,Europe & Central Asia (IDA & IBRD countries),2012,EG.FEC.RNEW.ZS,6.28402287149414
TEC,Europe & Central Asia (IDA & IBRD countries),2011,EG.FEC.RNEW.ZS,6.04948456107391
TEC,Europe & Central Asia (IDA & IBRD countries),2010,EG.FEC.RNEW.ZS,6.4529448184641
TEC,Europe & Central Asia (IDA & IBRD countries),2009,EG.FEC.RNEW.ZS,6.30497199994692
TEC,Europe & Central Asia (IDA & IBRD countries),2008,EG.FEC.RNEW.ZS,5.64264695953204
TEC,Europe & Central Asia (IDA & IBRD countries),2007,EG.FEC.RNEW.ZS,5.75867132998041
TEC,Europe & Central Asia (IDA & IBRD countries),2006,EG.FEC.RNEW.ZS,5.81734150154749
TEC,Europe & Central Asia (IDA & IBRD countries),2005,EG.FEC.RNEW.ZS,5.99664955248276
EUU,European Union,2020,EG.FEC.RNEW.ZS,21.0591470733795
EUU,European Union,2019,EG.FEC.RNEW.ZS,19.3440009483852
EUU,European Union,2018,EG.FEC.RNEW.ZS,18.7249884796166
EUU,European Union,2017,EG.FEC.RNEW.ZS,17.6857102209371
EUU,European Union,2016,EG.FEC.RNEW.ZS,17.523235814157
EUU,European Union,2015,EG.FEC.RNEW.ZS,17.6122764341327
EUU,European Union,2014,EG.FEC.RNEW.ZS,17.4415753867716
EUU,European Union,2013,EG.FEC.RNEW.ZS,16.7974520279699
EUU,European Union,2012,EG.FEC.RNEW.ZS,16.0530317099573
EUU,European Union,2011,EG.FEC.RNEW.ZS,14.6250037786311
EUU,European Union,2010,EG.FEC.RNEW.ZS,14.469048952148
EUU,European Union,2009,EG.FEC.RNEW.ZS,13.6219724174621
EUU,European Union,2008,EG.FEC.RNEW.ZS,12.456805484523
EUU,European Union,2007,EG.FEC.RNEW.ZS,11.7554752685425
EUU,European Union,2006,EG.FEC.RNEW.ZS,10.6866219026938
EUU,European Union,2005,EG.FEC.RNEW.ZS,10.0205156530631
HPC,Heavily indebted poor countries (HIPC),2020,EG.FEC.RNEW.ZS,76.0353291030768
HPC,Heavily indebted poor countries (HIPC),2019,EG.FEC.RNEW.ZS,74.8448133256749
HPC,Heavily indebted poor countries (HIPC),2018,EG.FEC.RNEW.ZS,75.2520183545811
HPC,Heavily indebted poor countries (HIPC),2017,EG.FEC.RNEW.ZS,75.9193473348398
HPC,Heavily indebted poor countries (HIPC),2016,EG.FEC.RNEW.ZS,76.0862841962469
HPC,Heavily indebted poor countries (HIPC),2015,EG.FEC.RNEW.ZS,76.5530574120486
HPC,Heavily indebted poor countries (HIPC),2014,EG.FEC.RNEW.ZS,77.378161792632
HPC,Heavily indebted poor countries (HIPC),2013,EG.FEC.RNEW.ZS,77.654981472332
HPC,Heavily indebted poor countries (HIPC),2012,EG.FEC.RNEW.ZS,77.8546208866133
HPC,Heavily indebted poor countries (HIPC),2011,EG.FEC.RNEW.ZS,78.8967629817918
HPC,Heavily indebted poor countries (HIPC),2010,EG.FEC.RNEW.ZS,79.6115171074584
HPC,Heavily indebted poor countries (HIPC),2009,EG.FEC.RNEW.ZS,80.4451955986762
HPC,Heavily indebted poor countries (HIPC),2008,EG.FEC.RNEW.ZS,81.2329236673649
HPC,Heavily indebted poor countries (HIPC),2007,EG.FEC.RNEW.ZS,81.7362408698414
HPC,Heavily indebted poor countries (HIPC),2006,EG.FEC.RNEW.ZS,83.1818878444874
HPC,Heavily indebted poor countries (HIPC),2005,EG.FEC.RNEW.ZS,83.9256979376258
,High income,2020,EG.FEC.RNEW.ZS,12.7831808525723
,High income,2019,EG.FEC.RNEW.ZS,11.7839130112794
,High income,2018,EG.FEC.RNEW.ZS,11.4686788378903
,High income,2017,EG.FEC.RNEW.ZS,11.0890197580437
,High income,2016,EG.FEC.RNEW.ZS,10.7845732962853
,High income,2015,EG.FEC.RNEW.ZS,10.6050781624931
,High income,2014,EG.FEC.RNEW.ZS,10.5213333961469
,High income,2013,EG.FEC.RNEW.ZS,10.3849989396956
,High income,2012,EG.FEC.RNEW.ZS,9.90988310752564
,High income,2011,EG.FEC.RNEW.ZS,9.52836321852016
,High income,2010,EG.FEC.RNEW.ZS,9.13757742354582
,High income,2009,EG.FEC.RNEW.ZS,8.96094596937985
,High income,2008,EG.FEC.RNEW.ZS,8.3984841545264
,High income,2007,EG.FEC.RNEW.ZS,8.02429581434502
,High income,2006,EG.FEC.RNEW.ZS,7.77042745709828
,High income,2005,EG.FEC.RNEW.ZS,7.38790136062168
IBD,IBRD only,2020,EG.FEC.RNEW.ZS,18.0085051596372
IBD,IBRD only,2019,EG.FEC.RNEW.ZS,17.0666276982215
IBD,IBRD only,2018,EG.FEC.RNEW.ZS,16.6268066421204
IBD,IBRD only,2017,EG.FEC.RNEW.ZS,16.3923000534023
IBD,IBRD only,2016,EG.FEC.RNEW.ZS,16.2845965537743
IBD,IBRD only,2015,EG.FEC.RNEW.ZS,16.0209177851331
IBD,IBRD only,2014,EG.FEC.RNEW.ZS,16.003291533954
IBD,IBRD only,2013,EG.FEC.RNEW.ZS,16.0171385968997
IBD,IBRD only,2012,EG.FEC.RNEW.ZS,15.8795392491567
IBD,IBRD only,2011,EG.FEC.RNEW.ZS,15.9538657957954
IBD,IBRD only,2010,EG.FEC.RNEW.ZS,16.7512897977865
IBD,IBRD only,2009,EG.FEC.RNEW.ZS,17.4829469844672
IBD,IBRD only,2008,EG.FEC.RNEW.ZS,17.6316680788104
IBD,IBRD only,2007,EG.FEC.RNEW.ZS,18.0231697034131
IBD,IBRD only,2006,EG.FEC.RNEW.ZS,18.7796426080362
IBD,IBRD only,2005,EG.FEC.RNEW.ZS,19.3136973097539
IBT,IDA & IBRD total,2020,EG.FEC.RNEW.ZS,23.435247290857
IBT,IDA & IBRD total,2019,EG.FEC.RNEW.ZS,22.4318628279228
IBT,IDA & IBRD total,2018,EG.FEC.RNEW.ZS,21.9590062576992
IBT,IDA & IBRD total,2017,EG.FEC.RNEW.ZS,21.8333716725747
IBT,IDA & IBRD total,2016,EG.FEC.RNEW.ZS,21.8132582722264
IBT,IDA & IBRD total,2015,EG.FEC.RNEW.ZS,21.6163623919511
IBT,IDA & IBRD total,2014,EG.FEC.RNEW.ZS,21.5287778759064
IBT,IDA & IBRD total,2013,EG.FEC.RNEW.ZS,21.5681055110978
IBT,IDA & IBRD total,2012,EG.FEC.RNEW.ZS,21.3971364601676
IBT,IDA & IBRD total,2011,EG.FEC.RNEW.ZS,21.5080308989151
IBT,IDA & IBRD total,2010,EG.FEC.RNEW.ZS,22.2914952493169
IBT,IDA & IBRD total,2009,EG.FEC.RNEW.ZS,23.1681701232033
IBT,IDA & IBRD total,2008,EG.FEC.RNEW.ZS,23.1916933385608
IBT,IDA & IBRD total,2007,EG.FEC.RNEW.ZS,23.5801717590485
IBT,IDA & IBRD total,2006,EG.FEC.RNEW.ZS,24.4584394602454
IBT,IDA & IBRD total,2005,EG.FEC.RNEW.ZS,25.0826783272947
IDB,IDA blend,2020,EG.FEC.RNEW.ZS,60.0736911684857
IDB,IDA blend,2019,EG.FEC.RNEW.ZS,60.7067624481493
IDB,IDA blend,2018,EG.FEC.RNEW.ZS,60.0455922831853
IDB,IDA blend,2017,EG.FEC.RNEW.ZS,59.7969449026188
IDB,IDA blend,2016,EG.FEC.RNEW.ZS,60.4836460271951
IDB,IDA blend,2015,EG.FEC.RNEW.ZS,61.7521936459909
IDB,IDA blend,2014,EG.FEC.RNEW.ZS,61.535451528507
IDB,IDA blend,2013,EG.FEC.RNEW.ZS,61.9371685909771
IDB,IDA blend,2012,EG.FEC.RNEW.ZS,62.2040325368952
IDB,IDA blend,2011,EG.FEC.RNEW.ZS,60.1995707840284
IDB,IDA blend,2010,EG.FEC.RNEW.ZS,60.5940711914845
IDB,IDA blend,2009,EG.FEC.RNEW.ZS,61.5456166448889
IDB,IDA blend,2008,EG.FEC.RNEW.ZS,59.8816457785291
IDB,IDA blend,2007,EG.FEC.RNEW.ZS,59.7989247311828
IDB,IDA blend,2006,EG.FEC.RNEW.ZS,59.7728436369701
IDB,IDA blend,2005,EG.FEC.RNEW.ZS,60.1143669239581
IDX,IDA only,2020,EG.FEC.RNEW.ZS,67.3560634206125
IDX,IDA only,2019,EG.FEC.RNEW.ZS,66.1344154982874
IDX,IDA only,2018,EG.FEC.RNEW.ZS,66.0568216095439
IDX,IDA only,2017,EG.FEC.RNEW.ZS,67.1926478978048
IDX,IDA only,2016,EG.FEC.RNEW.ZS,68.2872983784982
IDX,IDA only,2015,EG.FEC.RNEW.ZS,69.2695625897768
IDX,IDA only,2014,EG.FEC.RNEW.ZS,69.5857709069388
IDX,IDA only,2013,EG.FEC.RNEW.ZS,70.0688971913976
IDX,IDA only,2012,EG.FEC.RNEW.ZS,69.2375680788855
IDX,IDA only,2011,EG.FEC.RNEW.ZS,69.9942562944391
IDX,IDA only,2010,EG.FEC.RNEW.ZS,70.5576135766612
IDX,IDA only,2009,EG.FEC.RNEW.ZS,71.6363429921907
IDX,IDA only,2008,EG.FEC.RNEW.ZS,71.6010224669511
IDX,IDA only,2007,EG.FEC.RNEW.ZS,71.8570857444585
IDX,IDA only,2006,EG.FEC.RNEW.ZS,73.3938956177054
IDX,IDA only,2005,EG.FEC.RNEW.ZS,73.8050436381383
IDA,IDA total,2020,EG.FEC.RNEW.ZS,63.7525629244284
IDA,IDA total,2019,EG.FEC.RNEW.ZS,63.4454503938806
IDA,IDA total,2018,EG.FEC.RNEW.ZS,63.0596732632859
IDA,IDA total,2017,EG.FEC.RNEW.ZS,63.4625486644428
IDA,IDA total,2016,EG.FEC.RNEW.ZS,64.3516706620498
IDA,IDA total,2015,EG.FEC.RNEW.ZS,65.4970691927081
IDA,IDA total,2014,EG.FEC.RNEW.ZS,65.5180418773844
IDA,IDA total,2013,EG.FEC.RNEW.ZS,65.9170351063927
IDA,IDA total,2012,EG.FEC.RNEW.ZS,65.6347840271434
IDA,IDA total,2011,EG.FEC.RNEW.ZS,64.9875878296829
IDA,IDA total,2010,EG.FEC.RNEW.ZS,65.4798262712482
IDA,IDA total,2009,EG.FEC.RNEW.ZS,66.5353503378893
IDA,IDA total,2008,EG.FEC.RNEW.ZS,65.5967479591471
IDA,IDA total,2007,EG.FEC.RNEW.ZS,65.6601255015347
IDA,IDA total,2006,EG.FEC.RNEW.ZS,66.3967663862666
IDA,IDA total,2005,EG.FEC.RNEW.ZS,66.7599113045394
LTE,Late-demographic dividend,2020,EG.FEC.RNEW.ZS,15.8291260683112
LTE,Late-demographic dividend,2019,EG.FEC.RNEW.ZS,15.1930553100861
LTE,Late-demographic dividend,2018,EG.FEC.RNEW.ZS,14.7113402854056
LTE,Late-demographic dividend,2017,EG.FEC.RNEW.ZS,14.3601698499908
LTE,Late-demographic dividend,2016,EG.FEC.RNEW.ZS,14.1053604502349
LTE,Late-demographic dividend,2015,EG.FEC.RNEW.ZS,13.7947562846974
LTE,Late-demographic dividend,2014,EG.FEC.RNEW.ZS,13.7969449361474
LTE,Late-demographic dividend,2013,EG.FEC.RNEW.ZS,13.6510906148841
LTE,Late-demographic dividend,2012,EG.FEC.RNEW.ZS,13.5583905267186
LTE,Late-demographic dividend,2011,EG.FEC.RNEW.ZS,13.4939401643027
LTE,Late-demographic dividend,2010,EG.FEC.RNEW.ZS,14.227913389653
LTE,Late-demographic dividend,2009,EG.FEC.RNEW.ZS,15.0489853771052
LTE,Late-demographic dividend,2008,EG.FEC.RNEW.ZS,15.0816450798626
LTE,Late-demographic dividend,2007,EG.FEC.RNEW.ZS,15.5877124923454
LTE,Late-demographic dividend,2006,EG.FEC.RNEW.ZS,16.2710933355579
LTE,Late-demographic dividend,2005,EG.FEC.RNEW.ZS,16.8127063266169
LCN,Latin America & Caribbean,2020,EG.FEC.RNEW.ZS,34.1964972995889
LCN,Latin America & Caribbean,2019,EG.FEC.RNEW.ZS,30.6248117743588
LCN,Latin America & Caribbean,2018,EG.FEC.RNEW.ZS,30.252639118551
LCN,Latin America & Caribbean,2017,EG.FEC.RNEW.ZS,29.4068241645848
LCN,Latin America & Caribbean,2016,EG.FEC.RNEW.ZS,28.8850327404841
LCN,Latin America & Caribbean,2015,EG.FEC.RNEW.ZS,28.2446666189275
LCN,Latin America & Caribbean,2014,EG.FEC.RNEW.ZS,27.7215959010541
LCN,Latin America & Caribbean,2013,EG.FEC.RNEW.ZS,27.7426663261076
LCN,Latin America & Caribbean,2012,EG.FEC.RNEW.ZS,27.9411911085897
LCN,Latin America & Caribbean,2011,EG.FEC.RNEW.ZS,28.4958595093532
LCN,Latin America & Caribbean,2010,EG.FEC.RNEW.ZS,29.068340737703
LCN,Latin America & Caribbean,2009,EG.FEC.RNEW.ZS,30.0250169872657
LCN,Latin America & Caribbean,2008,EG.FEC.RNEW.ZS,29.1895755585886
LCN,Latin America & Caribbean,2007,EG.FEC.RNEW.ZS,29.0767468358782
LCN,Latin America & Caribbean,2006,EG.FEC.RNEW.ZS,28.9856660718838
LCN,Latin America & Caribbean,2005,EG.FEC.RNEW.ZS,28.9373842994788
LAC,Latin America & Caribbean (excluding high income),2020,EG.FEC.RNEW.ZS,34.8009281991427
LAC,Latin America & Caribbean (excluding high income),2019,EG.FEC.RNEW.ZS,31.0995992132705
LAC,Latin America & Caribbean (excluding high income),2018,EG.FEC.RNEW.ZS,30.6220212475155
LAC,Latin America & Caribbean (excluding high income),2017,EG.FEC.RNEW.ZS,29.7622014930472
LAC,Latin America & Caribbean (excluding high income),2016,EG.FEC.RNEW.ZS,29.1948567179388
LAC,Latin America & Caribbean (excluding high income),2015,EG.FEC.RNEW.ZS,28.4779962097861
LAC,Latin America & Caribbean (excluding high income),2014,EG.FEC.RNEW.ZS,27.8888829813823
LAC,Latin America & Caribbean (excluding high income),2013,EG.FEC.RNEW.ZS,27.7875791624106
LAC,Latin America & Caribbean (excluding high income),2012,EG.FEC.RNEW.ZS,28.0419793983269
LAC,Latin America & Caribbean (excluding high income),2011,EG.FEC.RNEW.ZS,28.7011302255696
LAC,Latin America & Caribbean (excluding high income),2010,EG.FEC.RNEW.ZS,29.3767775506778
LAC,Latin America & Caribbean (excluding high income),2009,EG.FEC.RNEW.ZS,30.2607803843605
LAC,Latin America & Caribbean (excluding high income),2008,EG.FEC.RNEW.ZS,29.3729295120062
LAC,Latin America & Caribbean (excluding high income),2007,EG.FEC.RNEW.ZS,29.3016422221868
LAC,Latin America & Caribbean (excluding high income),2006,EG.FEC.RNEW.ZS,29.1070203496388
LAC,Latin America & Caribbean (excluding high income),2005,EG.FEC.RNEW.ZS,29.0811513732994
TLA,Latin America & the Caribbean (IDA & IBRD countries),2020,EG.FEC.RNEW.ZS,34.4989632470857
TLA,Latin America & the Caribbean (IDA & IBRD countries),2019,EG.FEC.RNEW.ZS,30.8730849505438
TLA,Latin America & the Caribbean (IDA & IBRD countries),2018,EG.FEC.RNEW.ZS,30.4953793252595
TLA,Latin America & the Caribbean (IDA & IBRD countries),2017,EG.FEC.RNEW.ZS,29.6408830785882
TLA,Latin America & the Caribbean (IDA & IBRD countries),2016,EG.FEC.RNEW.ZS,29.1484835734771
TLA,Latin America & the Caribbean (IDA & IBRD countries),2015,EG.FEC.RNEW.ZS,28.4881357094781
TLA,Latin America & the Caribbean (IDA & IBRD countries),2014,EG.FEC.RNEW.ZS,27.9234565266568
TLA,Latin America & the Caribbean (IDA & IBRD countries),2013,EG.FEC.RNEW.ZS,28.0091335892334
TLA,Latin America & the Caribbean (IDA & IBRD countries),2012,EG.FEC.RNEW.ZS,28.2092931078232
TLA,Latin America & the Caribbean (IDA & IBRD countries),2011,EG.FEC.RNEW.ZS,28.7713961731801
TLA,Latin America & the Caribbean (IDA & IBRD countries),2010,EG.FEC.RNEW.ZS,29.4185691870613
TLA,Latin America & the Caribbean (IDA & IBRD countries),2009,EG.FEC.RNEW.ZS,30.3669946466489
TLA,Latin America & the Caribbean (IDA & IBRD countries),2008,EG.FEC.RNEW.ZS,29.5066403419618
TLA,Latin America & the Caribbean (IDA & IBRD countries),2007,EG.FEC.RNEW.ZS,29.4162906928946
TLA,Latin America & the Caribbean (IDA & IBRD countries),2006,EG.FEC.RNEW.ZS,29.2883960377476
TLA,Latin America & the Caribbean (IDA & IBRD countries),2005,EG.FEC.RNEW.ZS,29.1868140682957
LDC,Least developed countries: UN classification,2020,EG.FEC.RNEW.ZS,70.885707743194
LDC,Least developed countries: UN classification,2019,EG.FEC.RNEW.ZS,69.5024909470932
LDC,Least developed countries: UN classification,2018,EG.FEC.RNEW.ZS,69.6689273124056
LDC,Least developed countries: UN classification,2017,EG.FEC.RNEW.ZS,70.6528427025745
LDC,Least developed countries: UN classification,2016,EG.FEC.RNEW.ZS,71.7069864304561
LDC,Least developed countries: UN classification,2015,EG.FEC.RNEW.ZS,72.6420499355701
LDC,Least developed countries: UN classification,2014,EG.FEC.RNEW.ZS,72.8033051049145
LDC,Least developed countries: UN classification,2013,EG.FEC.RNEW.ZS,73.4516390735312
LDC,Least developed countries: UN classification,2012,EG.FEC.RNEW.ZS,74.1186152161421
LDC,Least developed countries: UN classification,2011,EG.FEC.RNEW.ZS,75.2902390351355
LDC,Least developed countries: UN classification,2010,EG.FEC.RNEW.ZS,75.9030638297872
LDC,Least developed countries: UN classification,2009,EG.FEC.RNEW.ZS,77.0426428856211
LDC,Least developed countries: UN classification,2008,EG.FEC.RNEW.ZS,78.1739617762925
LDC,Least developed countries: UN classification,2007,EG.FEC.RNEW.ZS,78.8471069800247
LDC,Least developed countries: UN classification,2006,EG.FEC.RNEW.ZS,80.1005342660568
LDC,Least developed countries: UN classification,2005,EG.FEC.RNEW.ZS,80.759987018664
LMY,Low & middle income,2020,EG.FEC.RNEW.ZS,25.2319411619148
LMY,Low & middle income,2019,EG.FEC.RNEW.ZS,24.2477140331693
LMY,Low & middle income,2018,EG.FEC.RNEW.ZS,23.7294321628033
LMY,Low & middle income,2017,EG.FEC.RNEW.ZS,23.6364337035659
LMY,Low & middle income,2016,EG.FEC.RNEW.ZS,23.5956286475448
LMY,Low & middle income,2015,EG.FEC.RNEW.ZS,23.351980133742
LMY,Low & middle income,2014,EG.FEC.RNEW.ZS,23.2603600821106
LMY,Low & middle income,2013,EG.FEC.RNEW.ZS,23.2437945857219
LMY,Low & middle income,2012,EG.FEC.RNEW.ZS,23.216711782471
LMY,Low & middle income,2011,EG.FEC.RNEW.ZS,23.408245686256
LMY,Low & middle income,2010,EG.FEC.RNEW.ZS,24.2911816358034
LMY,Low & middle income,2009,EG.FEC.RNEW.ZS,25.2924412634656
LMY,Low & middle income,2008,EG.FEC.RNEW.ZS,25.5598205553574
LMY,Low & middle income,2007,EG.FEC.RNEW.ZS,26.0356980684312
LMY,Low & middle income,2006,EG.FEC.RNEW.ZS,27.1612933367489
LMY,Low & middle income,2005,EG.FEC.RNEW.ZS,27.9193887771685
,Low income,2020,EG.FEC.RNEW.ZS,74.5621747727499
,Low income,2019,EG.FEC.RNEW.ZS,72.5005003490808
,Low income,2018,EG.FEC.RNEW.ZS,73.1015300989534
,Low income,2017,EG.FEC.RNEW.ZS,73.6994749888377
,Low income,2016,EG.FEC.RNEW.ZS,76.9877810393742
,Low income,2015,EG.FEC.RNEW.ZS,77.0014591898632
,Low income,2014,EG.FEC.RNEW.ZS,74.0960764487469
,Low income,2013,EG.FEC.RNEW.ZS,74.1188094907247
,Low income,2012,EG.FEC.RNEW.ZS,71.6876678383128
,Low income,2011,EG.FEC.RNEW.ZS,70.9038757025248
,Low income,2010,EG.FEC.RNEW.ZS,68.5955030078186
,Low income,2009,EG.FEC.RNEW.ZS,68.6095109468297
,Low income,2008,EG.FEC.RNEW.ZS,66.1411353100674
,Low income,2007,EG.FEC.RNEW.ZS,67.1067131870741
,Low income,2006,EG.FEC.RNEW.ZS,66.7717998595126
,Low income,2005,EG.FEC.RNEW.ZS,67.1830947638814
,Lower middle income,2020,EG.FEC.RNEW.ZS,43.3396056818626
,Lower middle income,2019,EG.FEC.RNEW.ZS,41.4201607411296
,Lower middle income,2018,EG.FEC.RNEW.ZS,40.5042813848529
,Lower middle income,2017,EG.FEC.RNEW.ZS,40.3045480579492
,Lower middle income,2016,EG.FEC.RNEW.ZS,41.045675670811
,Lower middle income,2015,EG.FEC.RNEW.ZS,41.6750820203892
,Lower middle income,2014,EG.FEC.RNEW.ZS,41.9557899562686
,Lower middle income,2013,EG.FEC.RNEW.ZS,42.8131798651281
,Lower middle income,2012,EG.FEC.RNEW.ZS,42.7041976592586
,Lower middle income,2011,EG.FEC.RNEW.ZS,42.7392673855306
,Lower middle income,2010,EG.FEC.RNEW.ZS,43.5598599291065
,Lower middle income,2009,EG.FEC.RNEW.ZS,44.8184115236839
,Lower middle income,2008,EG.FEC.RNEW.ZS,45.6008380215659
,Lower middle income,2007,EG.FEC.RNEW.ZS,46.7921462642994
,Lower middle income,2006,EG.FEC.RNEW.ZS,47.8450851574528
,Lower middle income,2005,EG.FEC.RNEW.ZS,48.4620461423964
MEA,"Middle East, North Africa, Afghanistan & Pakistan",2020,EG.FEC.RNEW.ZS,7.54675702757893
MEA,"Middle East, North Africa, Afghanistan & Pakistan",2019,EG.FEC.RNEW.ZS,7.59670819188084
MEA,"Middle East, North Africa, Afghanistan & Pakistan",2018,EG.FEC.RNEW.ZS,7.30858693459966
MEA,"Middle East, North Africa, Afghanistan & Pakistan",2017,EG.FEC.RNEW.ZS,7.14927454903901
MEA,"Middle East, North Africa, Afghanistan & Pakistan",2016,EG.FEC.RNEW.ZS,7.10925108984167
MEA,"Middle East, North Africa, Afghanistan & Pakistan",2015,EG.FEC.RNEW.ZS,7.08007314623562
MEA,"Middle East, North Africa, Afghanistan & Pakistan",2014,EG.FEC.RNEW.ZS,7.07122180407551
MEA,"Middle East, North Africa, Afghanistan & Pakistan",2013,EG.FEC.RNEW.ZS,7.23035612797874
MEA,"Middle East, North Africa, Afghanistan & Pakistan",2012,EG.FEC.RNEW.ZS,7.19138786591317
MEA,"Middle East, North Africa, Afghanistan & Pakistan",2011,EG.FEC.RNEW.ZS,7.43634228145233
MEA,"Middle East, North Africa, Afghanistan & Pakistan",2010,EG.FEC.RNEW.ZS,7.59280845232692
MEA,"Middle East, North Africa, Afghanistan & Pakistan",2009,EG.FEC.RNEW.ZS,7.6902671973751
MEA,"Middle East, North Africa, Afghanistan & Pakistan",2008,EG.FEC.RNEW.ZS,7.81608678497236
MEA,"Middle East, North Africa, Afghanistan & Pakistan",2007,EG.FEC.RNEW.ZS,8.16463294723801
MEA,"Middle East, North Africa, Afghanistan & Pakistan",2006,EG.FEC.RNEW.ZS,8.66259508825461
MEA,"Middle East, North Africa, Afghanistan & Pakistan",2005,EG.FEC.RNEW.ZS,9.03795942767874
MNA,"Middle East, North Africa, Afghanistan & Pakistan (excluding high income)",2020,EG.FEC.RNEW.ZS,11.2181326344417
MNA,"Middle East, North Africa, Afghanistan & Pakistan (excluding high income)",2019,EG.FEC.RNEW.ZS,11.4865470725413
MNA,"Middle East, North Africa, Afghanistan & Pakistan (excluding high income)",2018,EG.FEC.RNEW.ZS,10.9619732223084
MNA,"Middle East, North Africa, Afghanistan & Pakistan (excluding high income)",2017,EG.FEC.RNEW.ZS,10.9413685116146
MNA,"Middle East, North Africa, Afghanistan & Pakistan (excluding high income)",2016,EG.FEC.RNEW.ZS,11.1503064832308
MNA,"Middle East, North Africa, Afghanistan & Pakistan (excluding high income)",2015,EG.FEC.RNEW.ZS,11.2870521999878
MNA,"Middle East, North Africa, Afghanistan & Pakistan (excluding high income)",2014,EG.FEC.RNEW.ZS,11.0400705993001
MNA,"Middle East, North Africa, Afghanistan & Pakistan (excluding high income)",2013,EG.FEC.RNEW.ZS,11.1442150564461
MNA,"Middle East, North Africa, Afghanistan & Pakistan (excluding high income)",2012,EG.FEC.RNEW.ZS,11.0420215371111
MNA,"Middle East, North Africa, Afghanistan & Pakistan (excluding high income)",2011,EG.FEC.RNEW.ZS,11.0708127254411
MNA,"Middle East, North Africa, Afghanistan & Pakistan (excluding high income)",2010,EG.FEC.RNEW.ZS,11.2058888704594
MNA,"Middle East, North Africa, Afghanistan & Pakistan (excluding high income)",2009,EG.FEC.RNEW.ZS,11.0947663614785
MNA,"Middle East, North Africa, Afghanistan & Pakistan (excluding high income)",2008,EG.FEC.RNEW.ZS,11.1816613915187
MNA,"Middle East, North Africa, Afghanistan & Pakistan (excluding high income)",2007,EG.FEC.RNEW.ZS,11.4371725209298
MNA,"Middle East, North Africa, Afghanistan & Pakistan (excluding high income)",2006,EG.FEC.RNEW.ZS,12.0275723840766
MNA,"Middle East, North Africa, Afghanistan & Pakistan (excluding high income)",2005,EG.FEC.RNEW.ZS,12.4721454152737
TMN,"Middle East, North Africa, Afghanistan & Pakistan (IDA & IBRD)",2020,EG.FEC.RNEW.ZS,11.2025085485546
TMN,"Middle East, North Africa, Afghanistan & Pakistan (IDA & IBRD)",2019,EG.FEC.RNEW.ZS,11.4771071770715
TMN,"Middle East, North Africa, Afghanistan & Pakistan (IDA & IBRD)",2018,EG.FEC.RNEW.ZS,10.9557039236004
TMN,"Middle East, North Africa, Afghanistan & Pakistan (IDA & IBRD)",2017,EG.FEC.RNEW.ZS,10.943060961286
TMN,"Middle East, North Africa, Afghanistan & Pakistan (IDA & IBRD)",2016,EG.FEC.RNEW.ZS,11.1456851493979
TMN,"Middle East, North Africa, Afghanistan & Pakistan (IDA & IBRD)",2015,EG.FEC.RNEW.ZS,11.2881808687104
TMN,"Middle East, North Africa, Afghanistan & Pakistan (IDA & IBRD)",2014,EG.FEC.RNEW.ZS,11.0410170572294
TMN,"Middle East, North Africa, Afghanistan & Pakistan (IDA & IBRD)",2013,EG.FEC.RNEW.ZS,11.1424728929043
TMN,"Middle East, North Africa, Afghanistan & Pakistan (IDA & IBRD)",2012,EG.FEC.RNEW.ZS,11.0384456368474
TMN,"Middle East, North Africa, Afghanistan & Pakistan (IDA & IBRD)",2011,EG.FEC.RNEW.ZS,11.0593308918401
TMN,"Middle East, North Africa, Afghanistan & Pakistan (IDA & IBRD)",2010,EG.FEC.RNEW.ZS,11.1975121431898
TMN,"Middle East, North Africa, Afghanistan & Pakistan (IDA & IBRD)",2009,EG.FEC.RNEW.ZS,11.0799158086585
TMN,"Middle East, North Africa, Afghanistan & Pakistan (IDA & IBRD)",2008,EG.FEC.RNEW.ZS,11.1606287551238
TMN,"Middle East, North Africa, Afghanistan & Pakistan (IDA & IBRD)",2007,EG.FEC.RNEW.ZS,11.414820556546
TMN,"Middle East, North Africa, Afghanistan & Pakistan (IDA & IBRD)",2006,EG.FEC.RNEW.ZS,12.0125380030703
TMN,"Middle East, North Africa, Afghanistan & Pakistan (IDA & IBRD)",2005,EG.FEC.RNEW.ZS,12.4448450201836
MIC,Middle income,2020,EG.FEC.RNEW.ZS,23.3730029547735
MIC,Middle income,2019,EG.FEC.RNEW.ZS,22.4899574267419
MIC,Middle income,2018,EG.FEC.RNEW.ZS,21.9723469245979
MIC,Middle income,2017,EG.FEC.RNEW.ZS,21.8466187128767
MIC,Middle income,2016,EG.FEC.RNEW.ZS,21.7581991859733
MIC,Middle income,2015,EG.FEC.RNEW.ZS,21.533134520195
MIC,Middle income,2014,EG.FEC.RNEW.ZS,21.5009500348231
MIC,Middle income,2013,EG.FEC.RNEW.ZS,21.5276571634814
MIC,Middle income,2012,EG.FEC.RNEW.ZS,21.5565386983821
MIC,Middle income,2011,EG.FEC.RNEW.ZS,21.6951261636734
MIC,Middle income,2010,EG.FEC.RNEW.ZS,22.6342653302965
MIC,Middle income,2009,EG.FEC.RNEW.ZS,23.6037826745994
MIC,Middle income,2008,EG.FEC.RNEW.ZS,23.9229934529198
MIC,Middle income,2007,EG.FEC.RNEW.ZS,24.4020429130912
MIC,Middle income,2006,EG.FEC.RNEW.ZS,25.4784722487914
MIC,Middle income,2005,EG.FEC.RNEW.ZS,26.2212618069493
NAC,North America,2020,EG.FEC.RNEW.ZS,12.4628823400948
NAC,North America,2019,EG.FEC.RNEW.ZS,11.5807525012806
NAC,North America,2018,EG.FEC.RNEW.ZS,11.3114262085469
NAC,North America,2017,EG.FEC.RNEW.ZS,11.2091690751112
NAC,North America,2016,EG.FEC.RNEW.ZS,10.724670511025
NAC,North America,2015,EG.FEC.RNEW.ZS,10.3923884465868
NAC,North America,2014,EG.FEC.RNEW.ZS,10.4893842157596
NAC,North America,2013,EG.FEC.RNEW.ZS,10.3906457230113
NAC,North America,2012,EG.FEC.RNEW.ZS,10.0055359347168
NAC,North America,2011,EG.FEC.RNEW.ZS,9.86206424776275
NAC,North America,2010,EG.FEC.RNEW.ZS,8.88269795903184
NAC,North America,2009,EG.FEC.RNEW.ZS,8.92392050805303
NAC,North America,2008,EG.FEC.RNEW.ZS,8.39672268148695
NAC,North America,2007,EG.FEC.RNEW.ZS,7.94211967922515
NAC,North America,2006,EG.FEC.RNEW.ZS,7.99064384156515
NAC,North America,2005,EG.FEC.RNEW.ZS,7.50163259617031
OED,OECD members,2020,EG.FEC.RNEW.ZS,14.8380363213872
OED,OECD members,2019,EG.FEC.RNEW.ZS,13.6864487000325
OED,OECD members,2018,EG.FEC.RNEW.ZS,13.2024399046234
OED,OECD members,2017,EG.FEC.RNEW.ZS,12.7954391065077
OED,OECD members,2016,EG.FEC.RNEW.ZS,12.432384629223
OED,OECD members,2015,EG.FEC.RNEW.ZS,12.2611450949417
OED,OECD members,2014,EG.FEC.RNEW.ZS,12.1275743053496
OED,OECD members,2013,EG.FEC.RNEW.ZS,11.877535320146
OED,OECD members,2012,EG.FEC.RNEW.ZS,11.3823454495312
OED,OECD members,2011,EG.FEC.RNEW.ZS,10.9046224842115
OED,OECD members,2010,EG.FEC.RNEW.ZS,10.3743144709912
OED,OECD members,2009,EG.FEC.RNEW.ZS,10.1205121168934
OED,OECD members,2008,EG.FEC.RNEW.ZS,9.51078406141571
OED,OECD members,2007,EG.FEC.RNEW.ZS,9.008152485838
OED,OECD members,2006,EG.FEC.RNEW.ZS,8.75159229776806
OED,OECD members,2005,EG.FEC.RNEW.ZS,8.2750689008543
OSS,Other small states,2020,EG.FEC.RNEW.ZS,45.4042214532872
OSS,Other small states,2019,EG.FEC.RNEW.ZS,42.3904707420726
OSS,Other small states,2018,EG.FEC.RNEW.ZS,42.3626099950191
OSS,Other small states,2017,EG.FEC.RNEW.ZS,41.4366535230585
OSS,Other small states,2016,EG.FEC.RNEW.ZS,42.1565383945673
OSS,Other small states,2015,EG.FEC.RNEW.ZS,42.5760198652004
OSS,Other small states,2014,EG.FEC.RNEW.ZS,41.5939404934688
OSS,Other small states,2013,EG.FEC.RNEW.ZS,41.1903048108704
OSS,Other small states,2012,EG.FEC.RNEW.ZS,40.7171691176471
OSS,Other small states,2011,EG.FEC.RNEW.ZS,40.4458062116422
OSS,Other small states,2010,EG.FEC.RNEW.ZS,40.1984612532443
OSS,Other small states,2009,EG.FEC.RNEW.ZS,39.4830543154762
OSS,Other small states,2008,EG.FEC.RNEW.ZS,36.1920582047686
OSS,Other small states,2007,EG.FEC.RNEW.ZS,34.3738268461259
OSS,Other small states,2006,EG.FEC.RNEW.ZS,33.1250047938639
OSS,Other small states,2005,EG.FEC.RNEW.ZS,34.9750106337729
PSS,Pacific island small states,2020,EG.FEC.RNEW.ZS,29.425845410628
PSS,Pacific island small states,2019,EG.FEC.RNEW.ZS,27.3889848812095
PSS,Pacific island small states,2018,EG.FEC.RNEW.ZS,27.3537444933921
PSS,Pacific island small states,2017,EG.FEC.RNEW.ZS,28.9891402714932
PSS,Pacific island small states,2016,EG.FEC.RNEW.ZS,28.8504854368932
PSS,Pacific island small states,2015,EG.FEC.RNEW.ZS,31.3321759259259
PSS,Pacific island small states,2014,EG.FEC.RNEW.ZS,31.2214953271028
PSS,Pacific island small states,2013,EG.FEC.RNEW.ZS,31.0864532019704
PSS,Pacific island small states,2012,EG.FEC.RNEW.ZS,31.2037135278515
PSS,Pacific island small states,2011,EG.FEC.RNEW.ZS,31.4028947368421
PSS,Pacific island small states,2010,EG.FEC.RNEW.ZS,29.6785326086957
PSS,Pacific island small states,2009,EG.FEC.RNEW.ZS,34.7113372093023
PSS,Pacific island small states,2008,EG.FEC.RNEW.ZS,36.9616666666667
PSS,Pacific island small states,2007,EG.FEC.RNEW.ZS,34.2550368550369
PSS,Pacific island small states,2006,EG.FEC.RNEW.ZS,36.3674816625917
PSS,Pacific island small states,2005,EG.FEC.RNEW.ZS,37.4314960629921
PST,Post-demographic dividend,2020,EG.FEC.RNEW.ZS,14.4278548426441
PST,Post-demographic dividend,2019,EG.FEC.RNEW.ZS,13.2726556995631
PST,Post-demographic dividend,2018,EG.FEC.RNEW.ZS,12.8576178839564
PST,Post-demographic dividend,2017,EG.FEC.RNEW.ZS,12.4846381438532
PST,Post-demographic dividend,2016,EG.FEC.RNEW.ZS,12.0622071586832
PST,Post-demographic dividend,2015,EG.FEC.RNEW.ZS,11.8425604176608
PST,Post-demographic dividend,2014,EG.FEC.RNEW.ZS,11.6687849102506
PST,Post-demographic dividend,2013,EG.FEC.RNEW.ZS,11.3357713927499
PST,Post-demographic dividend,2012,EG.FEC.RNEW.ZS,10.855740352061
PST,Post-demographic dividend,2011,EG.FEC.RNEW.ZS,10.3374053454359
PST,Post-demographic dividend,2010,EG.FEC.RNEW.ZS,9.8170711241403
PST,Post-demographic dividend,2009,EG.FEC.RNEW.ZS,9.54731401320155
PST,Post-demographic dividend,2008,EG.FEC.RNEW.ZS,8.91292216843766
PST,Post-demographic dividend,2007,EG.FEC.RNEW.ZS,8.4238448802232
PST,Post-demographic dividend,2006,EG.FEC.RNEW.ZS,8.13944321805613
PST,Post-demographic dividend,2005,EG.FEC.RNEW.ZS,7.64178402819778
PRE,Pre-demographic dividend,2020,EG.FEC.RNEW.ZS,73.3285283869645
PRE,Pre-demographic dividend,2019,EG.FEC.RNEW.ZS,71.4398709500275
PRE,Pre-demographic dividend,2018,EG.FEC.RNEW.ZS,71.906862473446
PRE,Pre-demographic dividend,2017,EG.FEC.RNEW.ZS,72.7571519329351
PRE,Pre-demographic dividend,2016,EG.FEC.RNEW.ZS,72.8428194718611
PRE,Pre-demographic dividend,2015,EG.FEC.RNEW.ZS,73.339891666412
PRE,Pre-demographic dividend,2014,EG.FEC.RNEW.ZS,72.7170196904253
PRE,Pre-demographic dividend,2013,EG.FEC.RNEW.ZS,72.2325804041222
PRE,Pre-demographic dividend,2012,EG.FEC.RNEW.ZS,73.1865442433771
PRE,Pre-demographic dividend,2011,EG.FEC.RNEW.ZS,74.6528191627611
PRE,Pre-demographic dividend,2010,EG.FEC.RNEW.ZS,75.7135622523074
PRE,Pre-demographic dividend,2009,EG.FEC.RNEW.ZS,77.5774660421546
PRE,Pre-demographic dividend,2008,EG.FEC.RNEW.ZS,77.0470225009081
PRE,Pre-demographic dividend,2007,EG.FEC.RNEW.ZS,77.9827883948906
PRE,Pre-demographic dividend,2006,EG.FEC.RNEW.ZS,78.1089116230743
PRE,Pre-demographic dividend,2005,EG.FEC.RNEW.ZS,78.0809457508779
SST,Small states,2020,EG.FEC.RNEW.ZS,34.2609139465875
SST,Small states,2019,EG.FEC.RNEW.ZS,31.6559924886778
SST,Small states,2018,EG.FEC.RNEW.ZS,32.2826634877384
SST,Small states,2017,EG.FEC.RNEW.ZS,31.1677364093193
SST,Small states,2016,EG.FEC.RNEW.ZS,31.3734949541816
SST,Small states,2015,EG.FEC.RNEW.ZS,31.1755146888735
SST,Small states,2014,EG.FEC.RNEW.ZS,30.1999766218586
SST,Small states,2013,EG.FEC.RNEW.ZS,30.3387854927225
SST,Small states,2012,EG.FEC.RNEW.ZS,30.1846016646849
SST,Small states,2011,EG.FEC.RNEW.ZS,30.2495982731742
SST,Small states,2010,EG.FEC.RNEW.ZS,29.7265690627625
SST,Small states,2009,EG.FEC.RNEW.ZS,30.2776979308636
SST,Small states,2008,EG.FEC.RNEW.ZS,28.4953543493719
SST,Small states,2007,EG.FEC.RNEW.ZS,26.8431092436975
SST,Small states,2006,EG.FEC.RNEW.ZS,26.6335847609307
SST,Small states,2005,EG.FEC.RNEW.ZS,27.2333608360836
SAS,South Asia,2020,EG.FEC.RNEW.ZS,36.8864659122341
SAS,South Asia,2019,EG.FEC.RNEW.ZS,34.4293579877468
SAS,South Asia,2018,EG.FEC.RNEW.ZS,33.8834998158718
SAS,South Asia,2017,EG.FEC.RNEW.ZS,33.5888874710393
SAS,South Asia,2016,EG.FEC.RNEW.ZS,34.2074772429003
SAS,South Asia,2015,EG.FEC.RNEW.ZS,34.8834168535168
SAS,South Asia,2014,EG.FEC.RNEW.ZS,35.5096522398152
SAS,South Asia,2013,EG.FEC.RNEW.ZS,36.6107558472827
SAS,South Asia,2012,EG.FEC.RNEW.ZS,36.3851888844937
SAS,South Asia,2011,EG.FEC.RNEW.ZS,36.8092713088936
SAS,South Asia,2010,EG.FEC.RNEW.ZS,38.1566630116378
SAS,South Asia,2009,EG.FEC.RNEW.ZS,39.4741030953443
SAS,South Asia,2008,EG.FEC.RNEW.ZS,41.4480675621599
SAS,South Asia,2007,EG.FEC.RNEW.ZS,43.5322600697748
SAS,South Asia,2006,EG.FEC.RNEW.ZS,45.2453053396588
SAS,South Asia,2005,EG.FEC.RNEW.ZS,46.222419891066
TSA,South Asia (IDA & IBRD),2020,EG.FEC.RNEW.ZS,36.8864659122341
TSA,South Asia (IDA & IBRD),2019,EG.FEC.RNEW.ZS,34.4293579877468
TSA,South Asia (IDA & IBRD),2018,EG.FEC.RNEW.ZS,33.8834998158718
TSA,South Asia (IDA & IBRD),2017,EG.FEC.RNEW.ZS,33.5888874710393
TSA,South Asia (IDA & IBRD),2016,EG.FEC.RNEW.ZS,34.2074772429003
TSA,South Asia (IDA & IBRD),2015,EG.FEC.RNEW.ZS,34.8834168535168
TSA,South Asia (IDA & IBRD),2014,EG.FEC.RNEW.ZS,35.5096522398152
TSA,South Asia (IDA & IBRD),2013,EG.FEC.RNEW.ZS,36.6107558472827
TSA,South Asia (IDA & IBRD),2012,EG.FEC.RNEW.ZS,36.3851888844937
TSA,South Asia (IDA & IBRD),2011,EG.FEC.RNEW.ZS,36.8092713088936
TSA,South Asia (IDA & IBRD),2010,EG.FEC.RNEW.ZS,38.1566630116378
TSA,South Asia (IDA & IBRD),2009,EG.FEC.RNEW.ZS,39.4741030953443
TSA,South Asia (IDA & IBRD),2008,EG.FEC.RNEW.ZS,41.4480675621599
TSA,South Asia (IDA & IBRD),2007,EG.FEC.RNEW.ZS,43.5322600697748
TSA,South Asia (IDA & IBRD),2006,EG.FEC.RNEW.ZS,45.2453053396588
TSA,South Asia (IDA & IBRD),2005,EG.FEC.RNEW.ZS,46.222419891066
SSF,Sub-Saharan Africa,2020,EG.FEC.RNEW.ZS,70.2701133853785
SSF,Sub-Saharan Africa,2019,EG.FEC.RNEW.ZS,68.1693850218034
SSF,Sub-Saharan Africa,2018,EG.FEC.RNEW.ZS,67.6660713231228
SSF,Sub-Saharan Africa,2017,EG.FEC.RNEW.ZS,67.8175544668556
SSF,Sub-Saharan Africa,2016,EG.FEC.RNEW.ZS,67.9625238161754
SSF,Sub-Saharan Africa,2015,EG.FEC.RNEW.ZS,68.0255515815612
SSF,Sub-Saharan Africa,2014,EG.FEC.RNEW.ZS,67.6303707658131
SSF,Sub-Saharan Africa,2013,EG.FEC.RNEW.ZS,67.8510971013982
SSF,Sub-Saharan Africa,2012,EG.FEC.RNEW.ZS,68.9684304535012
SSF,Sub-Saharan Africa,2011,EG.FEC.RNEW.ZS,69.9549214765695
SSF,Sub-Saharan Africa,2010,EG.FEC.RNEW.ZS,70.5522525849335
SSF,Sub-Saharan Africa,2009,EG.FEC.RNEW.ZS,70.0369831155563
SSF,Sub-Saharan Africa,2008,EG.FEC.RNEW.ZS,69.9762964238958
SSF,Sub-Saharan Africa,2007,EG.FEC.RNEW.ZS,70.1100750427751
SSF,Sub-Saharan Africa,2006,EG.FEC.RNEW.ZS,70.6146202545352
SSF,Sub-Saharan Africa,2005,EG.FEC.RNEW.ZS,70.5237330831511
SSA,Sub-Saharan Africa (excluding high income),2020,EG.FEC.RNEW.ZS,70.2882962400544
SSA,Sub-Saharan Africa (excluding high income),2019,EG.FEC.RNEW.ZS,68.1866925105485
SSA,Sub-Saharan Africa (excluding high income),2018,EG.FEC.RNEW.ZS,67.6846305852535
SSA,Sub-Saharan Africa (excluding high income),2017,EG.FEC.RNEW.ZS,67.8350236280696
SSA,Sub-Saharan Africa (excluding high income),2016,EG.FEC.RNEW.ZS,67.9804339199785
SSA,Sub-Saharan Africa (excluding high income),2015,EG.FEC.RNEW.ZS,68.0411125352474
SSA,Sub-Saharan Africa (excluding high income),2014,EG.FEC.RNEW.ZS,67.6452011850627
SSA,Sub-Saharan Africa (excluding high income),2013,EG.FEC.RNEW.ZS,67.8647317156227
SSA,Sub-Saharan Africa (excluding high income),2012,EG.FEC.RNEW.ZS,68.9835488501321
SSA,Sub-Saharan Africa (excluding high income),2011,EG.FEC.RNEW.ZS,69.9702399260792
SSA,Sub-Saharan Africa (excluding high income),2010,EG.FEC.RNEW.ZS,70.5711431530206
SSA,Sub-Saharan Africa (excluding high income),2009,EG.FEC.RNEW.ZS,70.0532751561439
SSA,Sub-Saharan Africa (excluding high income),2008,EG.FEC.RNEW.ZS,69.991530551765
SSA,Sub-Saharan Africa (excluding high income),2007,EG.FEC.RNEW.ZS,70.1243069363177
SSA,Sub-Saharan Africa (excluding high income),2006,EG.FEC.RNEW.ZS,70.6297212213983
SSA,Sub-Saharan Africa (excluding high income),2005,EG.FEC.RNEW.ZS,70.539680944605
TSS,Sub-Saharan Africa (IDA & IBRD countries),2020,EG.FEC.RNEW.ZS,70.2701133853785
TSS,Sub-Saharan Africa (IDA & IBRD countries),2019,EG.FEC.RNEW.ZS,68.1693850218034
TSS,Sub-Saharan Africa (IDA & IBRD countries),2018,EG.FEC.RNEW.ZS,67.6660713231228
TSS,Sub-Saharan Africa (IDA & IBRD countries),2017,EG.FEC.RNEW.ZS,67.8175544668556
TSS,Sub-Saharan Africa (IDA & IBRD countries),2016,EG.FEC.RNEW.ZS,67.9625238161754
TSS,Sub-Saharan Africa (IDA & IBRD countries),2015,EG.FEC.RNEW.ZS,68.0255515815612
TSS,Sub-Saharan Africa (IDA & IBRD countries),2014,EG.FEC.RNEW.ZS,67.6303707658131
TSS,Sub-Saharan Africa (IDA & IBRD countries),2013,EG.FEC.RNEW.ZS,67.8510971013982
TSS,Sub-Saharan Africa (IDA & IBRD countries),2012,EG.FEC.RNEW.ZS,68.9684304535012
TSS,Sub-Saharan Africa (IDA & IBRD countries),2011,EG.FEC.RNEW.ZS,69.9549214765695
TSS,Sub-Saharan Africa (IDA & IBRD countries),2010,EG.FEC.RNEW.ZS,70.5522525849335
TSS,Sub-Saharan Africa (IDA & IBRD countries),2009,EG.FEC.RNEW.ZS,70.0369831155563
TSS,Sub-Saharan Africa (IDA & IBRD countries),2008,EG.FEC.RNEW.ZS,69.9762964238958
TSS,Sub-Saharan Africa (IDA & IBRD countries),2007,EG.FEC.RNEW.ZS,70.1100750427751
TSS,Sub-Saharan Africa (IDA & IBRD countries),2006,EG.FEC.RNEW.ZS,70.6146202545352
TSS,Sub-Saharan Africa (IDA & IBRD countries),2005,EG.FEC.RNEW.ZS,70.5237330831511
,Upper middle income,2020,EG.FEC.RNEW.ZS,16.8249228694968
,Upper middle income,2019,EG.FEC.RNEW.ZS,16.1357826998964
,Upper middle income,2018,EG.FEC.RNEW.ZS,15.6712129165035
,Upper middle income,2017,EG.FEC.RNEW.ZS,15.539599266802
,Upper middle income,2016,EG.FEC.RNEW.ZS,15.3003881820305
,Upper middle income,2015,EG.FEC.RNEW.ZS,14.9421101553882
,Upper middle income,2014,EG.FEC.RNEW.ZS,14.9878569564675
,Upper middle income,2013,EG.FEC.RNEW.ZS,14.8259845213021
,Upper middle income,2012,EG.FEC.RNEW.ZS,14.8921211502289
,Upper middle income,2011,EG.FEC.RNEW.ZS,15.0004347168825
,Upper middle income,2010,EG.FEC.RNEW.ZS,15.9607028363318
,Upper middle income,2009,EG.FEC.RNEW.ZS,16.7449802944781
,Upper middle income,2008,EG.FEC.RNEW.ZS,17.0472844154191
,Upper middle income,2007,EG.FEC.RNEW.ZS,17.4113372514321
,Upper middle income,2006,EG.FEC.RNEW.ZS,18.4133720116518
,Upper middle income,2005,EG.FEC.RNEW.ZS,19.0669566077847
WLD,World,2020,EG.FEC.RNEW.ZS,19.7355641050053
WLD,World,2019,EG.FEC.RNEW.ZS,18.5751641385934
WLD,World,2018,EG.FEC.RNEW.ZS,18.1052270747944
WLD,World,2017,EG.FEC.RNEW.ZS,17.8541835016377
WLD,World,2016,EG.FEC.RNEW.ZS,17.6281084915531
WLD,World,2015,EG.FEC.RNEW.ZS,17.4035082673572
WLD,World,2014,EG.FEC.RNEW.ZS,17.3299951573821
WLD,World,2013,EG.FEC.RNEW.ZS,17.1692464159295
WLD,World,2012,EG.FEC.RNEW.ZS,16.8962150785112
WLD,World,2011,EG.FEC.RNEW.ZS,16.6987205578704
WLD,World,2010,EG.FEC.RNEW.ZS,16.7414815095897
WLD,World,2009,EG.FEC.RNEW.ZS,17.0654993607187
WLD,World,2008,EG.FEC.RNEW.ZS,16.6569817886533
WLD,World,2007,EG.FEC.RNEW.ZS,16.5374660334277
WLD,World,2006,EG.FEC.RNEW.ZS,16.7290772224366
WLD,World,2005,EG.FEC.RNEW.ZS,16.6370993331808
AFG,Afghanistan,2022,EG.FEC.RNEW.ZS,20.0
AFG,Afghanistan,2021,EG.FEC.RNEW.ZS,20.0
AFG,Afghanistan,2020,EG.FEC.RNEW.ZS,18.2
AFG,Afghanistan,2019,EG.FEC.RNEW.ZS,18.9
AFG,Afghanistan,2018,EG.FEC.RNEW.ZS,18.3
AFG,Afghanistan,2017,EG.FEC.RNEW.ZS,19.5
AFG,Afghanistan,2016,EG.FEC.RNEW.ZS,20.2
AFG,Afghanistan,2015,EG.FEC.RNEW.ZS,17.7
AFG,Afghanistan,2014,EG.FEC.RNEW.ZS,19.1
AFG,Afghanistan,2013,EG.FEC.RNEW.ZS,16.9
AFG,Afghanistan,2012,EG.FEC.RNEW.ZS,15.4
AFG,Afghanistan,2011,EG.FEC.RNEW.ZS,12.6
AFG,Afghanistan,2010,EG.FEC.RNEW.ZS,15.2
AFG,Afghanistan,2009,EG.FEC.RNEW.ZS,16.5
AFG,Afghanistan,2008,EG.FEC.RNEW.ZS,21.2
AFG,Afghanistan,2007,EG.FEC.RNEW.ZS,28.8
AFG,Afghanistan,2006,EG.FEC.RNEW.ZS,31.9
AFG,Afghanistan,2005,EG.FEC.RNEW.ZS,33.9
ALB,Albania,2021,EG.FEC.RNEW.ZS,41.9
ALB,Albania,2020,EG.FEC.RNEW.ZS,44.4
ALB,Albania,2019,EG.FEC.RNEW.ZS,40.1
ALB,Albania,2018,EG.FEC.RNEW.ZS,37.8
ALB,Albania,2017,EG.FEC.RNEW.ZS,36.9
ALB,Albania,2016,EG.FEC.RNEW.ZS,39.4
ALB,Albania,2015,EG.FEC.RNEW.ZS,38.5
ALB,Albania,2014,EG.FEC.RNEW.ZS,38.6
ALB,Albania,2013,EG.FEC.RNEW.ZS,41.1
ALB,Albania,2012,EG.FEC.RNEW.ZS,39.9
ALB,Albania,2011,EG.FEC.RNEW.ZS,35.8
ALB,Albania,2010,EG.FEC.RNEW.ZS,37.0
ALB,Albania,2009,EG.FEC.RNEW.ZS,37.1
ALB,Albania,2008,EG.FEC.RNEW.ZS,35.8
ALB,Albania,2007,EG.FEC.RNEW.ZS,32.0
ALB,Albania,2006,EG.FEC.RNEW.ZS,31.6
ALB,Albania,2005,EG.FEC.RNEW.ZS,36.8
DZA,Algeria,2021,EG.FEC.RNEW.ZS,0.1
DZA,Algeria,2020,EG.FEC.RNEW.ZS,0.1
DZA,Algeria,2019,EG.FEC.RNEW.ZS,0.2
DZA,Algeria,2018,EG.FEC.RNEW.ZS,0.2
DZA,Algeria,2017,EG.FEC.RNEW.ZS,0.1
DZA,Algeria,2016,EG.FEC.RNEW.ZS,0.1
DZA,Algeria,2015,EG.FEC.RNEW.ZS,0.1
DZA,Algeria,2014,EG.FEC.RNEW.ZS,0.1
DZA,Algeria,2013,EG.FEC.RNEW.ZS,0.1
DZA,Algeria,2012,EG.FEC.RNEW.ZS,0.2
DZA,Algeria,2011,EG.FEC.RNEW.ZS,0.2
DZA,Algeria,2010,EG.FEC.RNEW.ZS,0.3
DZA,Algeria,2009,EG.FEC.RNEW.ZS,0.3
DZA,Algeria,2008,EG.FEC.RNEW.ZS,0.3
DZA,Algeria,2007,EG.FEC.RNEW.ZS,0.4
DZA,Algeria,2006,EG.FEC.RNEW.ZS,0.4
DZA,Algeria,2005,EG.FEC.RNEW.ZS,0.6
ASM,American Samoa,2022,EG.FEC.RNEW.ZS,0.4
ASM,American Samoa,2021,EG.FEC.RNEW.ZS,0.4
ASM,American Samoa,2020,EG.FEC.RNEW.ZS,0.4
ASM,American Samoa,2019,EG.FEC.RNEW.ZS,0.4
ASM,American Samoa,2018,EG.FEC.RNEW.ZS,0.3
ASM,American Samoa,2017,EG.FEC.RNEW.ZS,0.3
ASM,American Samoa,2016,EG.FEC.RNEW.ZS,0.2
ASM,American Samoa,2015,EG.FEC.RNEW.ZS,0.2
ASM,American Samoa,2014,EG.FEC.RNEW.ZS,0.2
ASM,American Samoa,2013,EG.FEC.RNEW.ZS,0.2
ASM,American Samoa,2012,EG.FEC.RNEW.ZS,0.1
ASM,American Samoa,2011,EG.FEC.RNEW.ZS,0.0
ASM,American Samoa,2010,EG.FEC.RNEW.ZS,0.0
ASM,American Samoa,2009,EG.FEC.RNEW.ZS,0.0
ASM,American Samoa,2008,EG.FEC.RNEW.ZS,0.0
ASM,American Samoa,2007,EG.FEC.RNEW.ZS,0.0
ASM,American Samoa,2006,EG.FEC.RNEW.ZS,0.0
ASM,American Samoa,2005,EG.FEC.RNEW.ZS,0.0
AND,Andorra,2022,EG.FEC.RNEW.ZS,18.7
AND,Andorra,2021,EG.FEC.RNEW.ZS,18.4
AND,Andorra,2020,EG.FEC.RNEW.ZS,20.9
AND,Andorra,2019,EG.FEC.RNEW.ZS,17.2
AND,Andorra,2018,EG.FEC.RNEW.ZS,17.6
AND,Andorra,2017,EG.FEC.RNEW.ZS,18.0
AND,Andorra,2016,EG.FEC.RNEW.ZS,18.9
AND,Andorra,2015,EG.FEC.RNEW.ZS,19.0
AND,Andorra,2014,EG.FEC.RNEW.ZS,19.4
AND,Andorra,2013,EG.FEC.RNEW.ZS,19.1
AND,Andorra,2012,EG.FEC.RNEW.ZS,18.8
AND,Andorra,2011,EG.FEC.RNEW.ZS,18.6
AND,Andorra,2010,EG.FEC.RNEW.ZS,18.7
AND,Andorra,2009,EG.FEC.RNEW.ZS,17.1
AND,Andorra,2008,EG.FEC.RNEW.ZS,17.0
AND,Andorra,2007,EG.FEC.RNEW.ZS,16.6
AND,Andorra,2006,EG.FEC.RNEW.ZS,17.6
AND,Andorra,2005,EG.FEC.RNEW.ZS,16.6
AGO,Angola,2021,EG.FEC.RNEW.ZS,52.9
AGO,Angola,2020,EG.FEC.RNEW.ZS,60.1
AGO,Angola,2019,EG.FEC.RNEW.ZS,51.0
AGO,Angola,2018,EG.FEC.RNEW.ZS,52.5
AGO,Angola,2017,EG.FEC.RNEW.ZS,52.5
AGO,Angola,2016,EG.FEC.RNEW.ZS,48.1
AGO,Angola,2015,EG.FEC.RNEW.ZS,47.1
AGO,Angola,2014,EG.FEC.RNEW.ZS,47.5
AGO,Angola,2013,EG.FEC.RNEW.ZS,46.8
AGO,Angola,2012,EG.FEC.RNEW.ZS,49.0
AGO,Angola,2011,EG.FEC.RNEW.ZS,51.7
AGO,Angola,2010,EG.FEC.RNEW.ZS,53.1
AGO,Angola,2009,EG.FEC.RNEW.ZS,53.0
AGO,Angola,2008,EG.FEC.RNEW.ZS,55.4
AGO,Angola,2007,EG.FEC.RNEW.ZS,58.9
AGO,Angola,2006,EG.FEC.RNEW.ZS,62.6
AGO,Angola,2005,EG.FEC.RNEW.ZS,68.9
ATG,Antigua and Barbuda,2022,EG.FEC.RNEW.ZS,0.9
ATG,Antigua and Barbuda,2021,EG.FEC.RNEW.ZS,0.9
ATG,Antigua and Barbuda,2020,EG.FEC.RNEW.ZS,0.9
ATG,Antigua and Barbuda,2019,EG.FEC.RNEW.ZS,0.7
ATG,Antigua and Barbuda,2018,EG.FEC.RNEW.ZS,0.7
ATG,Antigua and Barbuda,2017,EG.FEC.RNEW.ZS,0.4
ATG,Antigua and Barbuda,2016,EG.FEC.RNEW.ZS,0.4
ATG,Antigua and Barbuda,2015,EG.FEC.RNEW.ZS,0.4
ATG,Antigua and Barbuda,2014,EG.FEC.RNEW.ZS,0.1
ATG,Antigua and Barbuda,2013,EG.FEC.RNEW.ZS,0.1
ATG,Antigua and Barbuda,2012,EG.FEC.RNEW.ZS,0.1
ATG,Antigua and Barbuda,2011,EG.FEC.RNEW.ZS,0.1
ATG,Antigua and Barbuda,2010,EG.FEC.RNEW.ZS,0.0
ATG,Antigua and Barbuda,2009,EG.FEC.RNEW.ZS,0.0
ATG,Antigua and Barbuda,2008,EG.FEC.RNEW.ZS,0.0
ATG,Antigua and Barbuda,2007,EG.FEC.RNEW.ZS,0.0
ATG,Antigua and Barbuda,2006,EG.FEC.RNEW.ZS,0.0
ATG,Antigua and Barbuda,2005,EG.FEC.RNEW.ZS,0.0
ARG,Argentina,2021,EG.FEC.RNEW.ZS,9.2
ARG,Argentina,2020,EG.FEC.RNEW.ZS,9.8
ARG,Argentina,2019,EG.FEC.RNEW.ZS,10.7
ARG,Argentina,2018,EG.FEC.RNEW.ZS,10.5
ARG,Argentina,2017,EG.FEC.RNEW.ZS,10.4
ARG,Argentina,2016,EG.FEC.RNEW.ZS,9.4
ARG,Argentina,2015,EG.FEC.RNEW.ZS,9.4
ARG,Argentina,2014,EG.FEC.RNEW.ZS,9.8
ARG,Argentina,2013,EG.FEC.RNEW.ZS,8.9
ARG,Argentina,2012,EG.FEC.RNEW.ZS,8.6
ARG,Argentina,2011,EG.FEC.RNEW.ZS,8.8
ARG,Argentina,2010,EG.FEC.RNEW.ZS,8.8
ARG,Argentina,2009,EG.FEC.RNEW.ZS,8.6
ARG,Argentina,2008,EG.FEC.RNEW.ZS,7.7
ARG,Argentina,2007,EG.FEC.RNEW.ZS,7.7
ARG,Argentina,2006,EG.FEC.RNEW.ZS,9.2
ARG,Argentina,2005,EG.FEC.RNEW.ZS,9.6
ARM,Armenia,2021,EG.FEC.RNEW.ZS,9.1
ARM,Armenia,2020,EG.FEC.RNEW.ZS,8.4
ARM,Armenia,2019,EG.FEC.RNEW.ZS,10.3
ARM,Armenia,2018,EG.FEC.RNEW.ZS,11.1
ARM,Armenia,2017,EG.FEC.RNEW.ZS,12.6
ARM,Armenia,2016,EG.FEC.RNEW.ZS,13.2
ARM,Armenia,2015,EG.FEC.RNEW.ZS,10.7
ARM,Armenia,2014,EG.FEC.RNEW.ZS,7.1
ARM,Armenia,2013,EG.FEC.RNEW.ZS,6.8
ARM,Armenia,2012,EG.FEC.RNEW.ZS,6.6
ARM,Armenia,2011,EG.FEC.RNEW.ZS,8.0
ARM,Armenia,2010,EG.FEC.RNEW.ZS,9.4
ARM,Armenia,2009,EG.FEC.RNEW.ZS,7.8
ARM,Armenia,2008,EG.FEC.RNEW.ZS,6.4
ARM,Armenia,2007,EG.FEC.RNEW.ZS,7.0
ARM,Armenia,2006,EG.FEC.RNEW.ZS,7.7
ARM,Armenia,2005,EG.FEC.RNEW.ZS,6.5
ABW,Aruba,2022,EG.FEC.RNEW.ZS,8.8
ABW,Aruba,2021,EG.FEC.RNEW.ZS,8.8
ABW,Aruba,2020,EG.FEC.RNEW.ZS,9.1
ABW,Aruba,2019,EG.FEC.RNEW.ZS,8.3
ABW,Aruba,2018,EG.FEC.RNEW.ZS,8.6
ABW,Aruba,2017,EG.FEC.RNEW.ZS,6.8
ABW,Aruba,2016,EG.FEC.RNEW.ZS,7.0
ABW,Aruba,2015,EG.FEC.RNEW.ZS,6.7
ABW,Aruba,2014,EG.FEC.RNEW.ZS,6.9
ABW,Aruba,2013,EG.FEC.RNEW.ZS,6.9
ABW,Aruba,2012,EG.FEC.RNEW.ZS,6.9
ABW,Aruba,2011,EG.FEC.RNEW.ZS,5.7
ABW,Aruba,2010,EG.FEC.RNEW.ZS,5.5
ABW,Aruba,2009,EG.FEC.RNEW.ZS,0.3
ABW,Aruba,2008,EG.FEC.RNEW.ZS,0.2
ABW,Aruba,2007,EG.FEC.RNEW.ZS,0.2
ABW,Aruba,2006,EG.FEC.RNEW.ZS,0.2
ABW,Aruba,2005,EG.FEC.RNEW.ZS,0.2
AUS,Australia,2021,EG.FEC.RNEW.ZS,12.3
AUS,Australia,2020,EG.FEC.RNEW.ZS,11.2
AUS,Australia,2019,EG.FEC.RNEW.ZS,10.3
AUS,Australia,2018,EG.FEC.RNEW.ZS,9.8
AUS,Australia,2017,EG.FEC.RNEW.ZS,9.9
AUS,Australia,2016,EG.FEC.RNEW.ZS,9.6
AUS,Australia,2015,EG.FEC.RNEW.ZS,9.4
AUS,Australia,2014,EG.FEC.RNEW.ZS,9.3
AUS,Australia,2013,EG.FEC.RNEW.ZS,9.2
AUS,Australia,2012,EG.FEC.RNEW.ZS,8.3
AUS,Australia,2011,EG.FEC.RNEW.ZS,8.3
AUS,Australia,2010,EG.FEC.RNEW.ZS,8.2
AUS,Australia,2009,EG.FEC.RNEW.ZS,7.1
AUS,Australia,2008,EG.FEC.RNEW.ZS,6.8
AUS,Australia,2007,EG.FEC.RNEW.ZS,7.0
AUS,Australia,2006,EG.FEC.RNEW.ZS,6.8
AUS,Australia,2005,EG.FEC.RNEW.ZS,6.7
AUT,Austria,2021,EG.FEC.RNEW.ZS,36.0
AUT,Austria,2020,EG.FEC.RNEW.ZS,35.8
AUT,Austria,2019,EG.FEC.RNEW.ZS,34.0
AUT,Austria,2018,EG.FEC.RNEW.ZS,34.1
AUT,Austria,2017,EG.FEC.RNEW.ZS,34.0
AUT,Austria,2016,EG.FEC.RNEW.ZS,34.6
AUT,Austria,2015,EG.FEC.RNEW.ZS,34.8
AUT,Austria,2014,EG.FEC.RNEW.ZS,35.7
AUT,Austria,2013,EG.FEC.RNEW.ZS,34.6
AUT,Austria,2012,EG.FEC.RNEW.ZS,34.4
AUT,Austria,2011,EG.FEC.RNEW.ZS,31.6
AUT,Austria,2010,EG.FEC.RNEW.ZS,31.1
AUT,Austria,2009,EG.FEC.RNEW.ZS,31.3
AUT,Austria,2008,EG.FEC.RNEW.ZS,29.7
AUT,Austria,2007,EG.FEC.RNEW.ZS,29.0
AUT,Austria,2006,EG.FEC.RNEW.ZS,26.6
AUT,Austria,2005,EG.FEC.RNEW.ZS,24.4
AZE,Azerbaijan,2021,EG.FEC.RNEW.ZS,1.3
AZE,Azerbaijan,2020,EG.FEC.RNEW.ZS,1.3
AZE,Azerbaijan,2019,EG.FEC.RNEW.ZS,1.7
AZE,Azerbaijan,2018,EG.FEC.RNEW.ZS,1.9
AZE,Azerbaijan,2017,EG.FEC.RNEW.ZS,1.9
AZE,Azerbaijan,2016,EG.FEC.RNEW.ZS,1.9
AZE,Azerbaijan,2015,EG.FEC.RNEW.ZS,2.3
AZE,Azerbaijan,2014,EG.FEC.RNEW.ZS,2.1
AZE,Azerbaijan,2013,EG.FEC.RNEW.ZS,2.5
AZE,Azerbaijan,2012,EG.FEC.RNEW.ZS,2.8
AZE,Azerbaijan,2011,EG.FEC.RNEW.ZS,3.5
AZE,Azerbaijan,2010,EG.FEC.RNEW.ZS,4.4
AZE,Azerbaijan,2009,EG.FEC.RNEW.ZS,3.3
AZE,Azerbaijan,2008,EG.FEC.RNEW.ZS,3.1
AZE,Azerbaijan,2007,EG.FEC.RNEW.ZS,3.8
AZE,Azerbaijan,2006,EG.FEC.RNEW.ZS,2.9
AZE,Azerbaijan,2005,EG.FEC.RNEW.ZS,3.4
BHS,"Bahamas, The",2022,EG.FEC.RNEW.ZS,1.1
BHS,"Bahamas, The",2021,EG.FEC.RNEW.ZS,1.1
BHS,"Bahamas, The",2020,EG.FEC.RNEW.ZS,1.4
BHS,"Bahamas, The",2019,EG.FEC.RNEW.ZS,1.1
BHS,"Bahamas, The",2018,EG.FEC.RNEW.ZS,1.1
BHS,"Bahamas, The",2017,EG.FEC.RNEW.ZS,1.1
BHS,"Bahamas, The",2016,EG.FEC.RNEW.ZS,1.2
BHS,"Bahamas, The",2015,EG.FEC.RNEW.ZS,1.4
BHS,"Bahamas, The",2014,EG.FEC.RNEW.ZS,1.4
BHS,"Bahamas, The",2013,EG.FEC.RNEW.ZS,1.4
BHS,"Bahamas, The",2012,EG.FEC.RNEW.ZS,1.4
BHS,"Bahamas, The",2011,EG.FEC.RNEW.ZS,1.4
BHS,"Bahamas, The",2010,EG.FEC.RNEW.ZS,1.3
BHS,"Bahamas, The",2009,EG.FEC.RNEW.ZS,1.5
BHS,"Bahamas, The",2008,EG.FEC.RNEW.ZS,2.0
BHS,"Bahamas, The",2007,EG.FEC.RNEW.ZS,3.5
BHS,"Bahamas, The",2006,EG.FEC.RNEW.ZS,2.0
BHS,"Bahamas, The",2005,EG.FEC.RNEW.ZS,1.7
BHR,Bahrain,2021,EG.FEC.RNEW.ZS,0.0
BHR,Bahrain,2020,EG.FEC.RNEW.ZS,0.0
BHR,Bahrain,2019,EG.FEC.RNEW.ZS,0.0
BHR,Bahrain,2018,EG.FEC.RNEW.ZS,0.0
BHR,Bahrain,2017,EG.FEC.RNEW.ZS,0.0
BHR,Bahrain,2016,EG.FEC.RNEW.ZS,0.0
BHR,Bahrain,2015,EG.FEC.RNEW.ZS,0.0
BHR,Bahrain,2014,EG.FEC.RNEW.ZS,0.0
BHR,Bahrain,2013,EG.FEC.RNEW.ZS,0.0
BHR,Bahrain,2012,EG.FEC.RNEW.ZS,0.0
BHR,Bahrain,2011,EG.FEC.RNEW.ZS,0.0
BHR,Bahrain,2010,EG.FEC.RNEW.ZS,0.0
BHR,Bahrain,2009,EG.FEC.RNEW.ZS,0.0
BHR,Bahrain,2008,EG.FEC.RNEW.ZS,0.0
BHR,Bahrain,2007,EG.FEC.RNEW.ZS,0.0
BHR,Bahrain,2006,EG.FEC.RNEW.ZS,0.0
BHR,Bahrain,2005,EG.FEC.RNEW.ZS,0.0
BGD,Bangladesh,2021,EG.FEC.RNEW.ZS,25.0
BGD,Bangladesh,2020,EG.FEC.RNEW.ZS,27.2
BGD,Bangladesh,2019,EG.FEC.RNEW.ZS,26.1
BGD,Bangladesh,2018,EG.FEC.RNEW.ZS,27.0
BGD,Bangladesh,2017,EG.FEC.RNEW.ZS,28.1
BGD,Bangladesh,2016,EG.FEC.RNEW.ZS,30.2
BGD,Bangladesh,2015,EG.FEC.RNEW.ZS,33.1
BGD,Bangladesh,2014,EG.FEC.RNEW.ZS,35.4
BGD,Bangladesh,2013,EG.FEC.RNEW.ZS,37.0
BGD,Bangladesh,2012,EG.FEC.RNEW.ZS,37.3
BGD,Bangladesh,2011,EG.FEC.RNEW.ZS,38.4
BGD,Bangladesh,2010,EG.FEC.RNEW.ZS,40.3
BGD,Bangladesh,2009,EG.FEC.RNEW.ZS,43.1
BGD,Bangladesh,2008,EG.FEC.RNEW.ZS,45.2
BGD,Bangladesh,2007,EG.FEC.RNEW.ZS,47.2
BGD,Bangladesh,2006,EG.FEC.RNEW.ZS,48.6
BGD,Bangladesh,2005,EG.FEC.RNEW.ZS,50.6
BRB,Barbados,2022,EG.FEC.RNEW.ZS,5.5
BRB,Barbados,2021,EG.FEC.RNEW.ZS,5.5
BRB,Barbados,2020,EG.FEC.RNEW.ZS,4.7
BRB,Barbados,2019,EG.FEC.RNEW.ZS,3.4
BRB,Barbados,2018,EG.FEC.RNEW.ZS,4.9
BRB,Barbados,2017,EG.FEC.RNEW.ZS,4.3
BRB,Barbados,2016,EG.FEC.RNEW.ZS,2.8
BRB,Barbados,2015,EG.FEC.RNEW.ZS,3.0
BRB,Barbados,2014,EG.FEC.RNEW.ZS,3.0
BRB,Barbados,2013,EG.FEC.RNEW.ZS,3.1
BRB,Barbados,2012,EG.FEC.RNEW.ZS,3.8
BRB,Barbados,2011,EG.FEC.RNEW.ZS,4.1
BRB,Barbados,2010,EG.FEC.RNEW.ZS,8.2
BRB,Barbados,2009,EG.FEC.RNEW.ZS,8.5
BRB,Barbados,2008,EG.FEC.RNEW.ZS,7.6
BRB,Barbados,2007,EG.FEC.RNEW.ZS,8.6
BRB,Barbados,2006,EG.FEC.RNEW.ZS,8.8
BRB,Barbados,2005,EG.FEC.RNEW.ZS,8.7
BLR,Belarus,2021,EG.FEC.RNEW.ZS,8.2
BLR,Belarus,2020,EG.FEC.RNEW.ZS,8.4
BLR,Belarus,2019,EG.FEC.RNEW.ZS,7.8
BLR,Belarus,2018,EG.FEC.RNEW.ZS,7.2
BLR,Belarus,2017,EG.FEC.RNEW.ZS,7.3
BLR,Belarus,2016,EG.FEC.RNEW.ZS,6.7
BLR,Belarus,2015,EG.FEC.RNEW.ZS,6.8
BLR,Belarus,2014,EG.FEC.RNEW.ZS,6.7
BLR,Belarus,2013,EG.FEC.RNEW.ZS,7.0
BLR,Belarus,2012,EG.FEC.RNEW.ZS,7.2
BLR,Belarus,2011,EG.FEC.RNEW.ZS,7.5
BLR,Belarus,2010,EG.FEC.RNEW.ZS,7.3
BLR,Belarus,2009,EG.FEC.RNEW.ZS,7.4
BLR,Belarus,2008,EG.FEC.RNEW.ZS,7.1
BLR,Belarus,2007,EG.FEC.RNEW.ZS,7.3
BLR,Belarus,2006,EG.FEC.RNEW.ZS,7.2
BLR,Belarus,2005,EG.FEC.RNEW.ZS,6.8
BEL,Belgium,2021,EG.FEC.RNEW.ZS,11.7
BEL,Belgium,2020,EG.FEC.RNEW.ZS,12.3
BEL,Belgium,2019,EG.FEC.RNEW.ZS,10.2
BEL,Belgium,2018,EG.FEC.RNEW.ZS,10.7
BEL,Belgium,2017,EG.FEC.RNEW.ZS,9.7
BEL,Belgium,2016,EG.FEC.RNEW.ZS,9.2
BEL,Belgium,2015,EG.FEC.RNEW.ZS,9.4
BEL,Belgium,2014,EG.FEC.RNEW.ZS,9.1
BEL,Belgium,2013,EG.FEC.RNEW.ZS,8.3
BEL,Belgium,2012,EG.FEC.RNEW.ZS,7.7
BEL,Belgium,2011,EG.FEC.RNEW.ZS,6.7
BEL,Belgium,2010,EG.FEC.RNEW.ZS,6.2
BEL,Belgium,2009,EG.FEC.RNEW.ZS,4.9
BEL,Belgium,2008,EG.FEC.RNEW.ZS,4.0
BEL,Belgium,2007,EG.FEC.RNEW.ZS,3.4
BEL,Belgium,2006,EG.FEC.RNEW.ZS,2.9
BEL,Belgium,2005,EG.FEC.RNEW.ZS,2.5
BLZ,Belize,2022,EG.FEC.RNEW.ZS,30.8
BLZ,Belize,2021,EG.FEC.RNEW.ZS,26.6
BLZ,Belize,2020,EG.FEC.RNEW.ZS,31.4
BLZ,Belize,2019,EG.FEC.RNEW.ZS,30.4
BLZ,Belize,2018,EG.FEC.RNEW.ZS,35.5
BLZ,Belize,2017,EG.FEC.RNEW.ZS,37.2
BLZ,Belize,2016,EG.FEC.RNEW.ZS,33.3
BLZ,Belize,2015,EG.FEC.RNEW.ZS,30.3
BLZ,Belize,2014,EG.FEC.RNEW.ZS,37.4
BLZ,Belize,2013,EG.FEC.RNEW.ZS,38.0
BLZ,Belize,2012,EG.FEC.RNEW.ZS,47.9
BLZ,Belize,2011,EG.FEC.RNEW.ZS,42.2
BLZ,Belize,2010,EG.FEC.RNEW.ZS,29.4
BLZ,Belize,2009,EG.FEC.RNEW.ZS,25.1
BLZ,Belize,2008,EG.FEC.RNEW.ZS,29.8
BLZ,Belize,2007,EG.FEC.RNEW.ZS,28.0
BLZ,Belize,2006,EG.FEC.RNEW.ZS,32.7
BLZ,Belize,2005,EG.FEC.RNEW.ZS,25.6
BEN,Benin,2021,EG.FEC.RNEW.ZS,54.5
BEN,Benin,2020,EG.FEC.RNEW.ZS,46.2
BEN,Benin,2019,EG.FEC.RNEW.ZS,46.5
BEN,Benin,2018,EG.FEC.RNEW.ZS,44.0
BEN,Benin,2017,EG.FEC.RNEW.ZS,45.4
BEN,Benin,2016,EG.FEC.RNEW.ZS,45.4
BEN,Benin,2015,EG.FEC.RNEW.ZS,49.9
BEN,Benin,2014,EG.FEC.RNEW.ZS,51.0
BEN,Benin,2013,EG.FEC.RNEW.ZS,52.0
BEN,Benin,2012,EG.FEC.RNEW.ZS,50.3
BEN,Benin,2011,EG.FEC.RNEW.ZS,48.7
BEN,Benin,2010,EG.FEC.RNEW.ZS,47.2
BEN,Benin,2009,EG.FEC.RNEW.ZS,52.8
BEN,Benin,2008,EG.FEC.RNEW.ZS,54.8
BEN,Benin,2007,EG.FEC.RNEW.ZS,54.5
BEN,Benin,2006,EG.FEC.RNEW.ZS,57.3
BEN,Benin,2005,EG.FEC.RNEW.ZS,59.2
BMU,Bermuda,2022,EG.FEC.RNEW.ZS,0.9
BMU,Bermuda,2021,EG.FEC.RNEW.ZS,0.9
BMU,Bermuda,2020,EG.FEC.RNEW.ZS,0.9
BMU,Bermuda,2019,EG.FEC.RNEW.ZS,0.8
BMU,Bermuda,2018,EG.FEC.RNEW.ZS,0.7
BMU,Bermuda,2017,EG.FEC.RNEW.ZS,0.6
BMU,Bermuda,2016,EG.FEC.RNEW.ZS,1.1
BMU,Bermuda,2015,EG.FEC.RNEW.ZS,0.6
BMU,Bermuda,2014,EG.FEC.RNEW.ZS,0.4
BMU,Bermuda,2013,EG.FEC.RNEW.ZS,1.5
BMU,Bermuda,2012,EG.FEC.RNEW.ZS,0.4
BMU,Bermuda,2011,EG.FEC.RNEW.ZS,0.4
BMU,Bermuda,2010,EG.FEC.RNEW.ZS,0.4
BMU,Bermuda,2009,EG.FEC.RNEW.ZS,0.4
BMU,Bermuda,2008,EG.FEC.RNEW.ZS,0.5
BMU,Bermuda,2007,EG.FEC.RNEW.ZS,0.5
BMU,Bermuda,2006,EG.FEC.RNEW.ZS,0.4
BMU,Bermuda,2005,EG.FEC.RNEW.ZS,0.5
BTN,Bhutan,2022,EG.FEC.RNEW.ZS,82.5
BTN,Bhutan,2021,EG.FEC.RNEW.ZS,81.8
BTN,Bhutan,2020,EG.FEC.RNEW.ZS,83.9
BTN,Bhutan,2019,EG.FEC.RNEW.ZS,81.0
BTN,Bhutan,2018,EG.FEC.RNEW.ZS,80.0
BTN,Bhutan,2017,EG.FEC.RNEW.ZS,79.7
BTN,Bhutan,2016,EG.FEC.RNEW.ZS,80.8
BTN,Bhutan,2015,EG.FEC.RNEW.ZS,81.6
BTN,Bhutan,2014,EG.FEC.RNEW.ZS,82.1
BTN,Bhutan,2013,EG.FEC.RNEW.ZS,81.7
BTN,Bhutan,2012,EG.FEC.RNEW.ZS,82.8
BTN,Bhutan,2011,EG.FEC.RNEW.ZS,84.9
BTN,Bhutan,2010,EG.FEC.RNEW.ZS,84.8
BTN,Bhutan,2009,EG.FEC.RNEW.ZS,87.8
BTN,Bhutan,2008,EG.FEC.RNEW.ZS,87.8
BTN,Bhutan,2007,EG.FEC.RNEW.ZS,92.0
BTN,Bhutan,2006,EG.FEC.RNEW.ZS,91.6
BTN,Bhutan,2005,EG.FEC.RNEW.ZS,88.7
BOL,Bolivia,2021,EG.FEC.RNEW.ZS,12.8
BOL,Bolivia,2020,EG.FEC.RNEW.ZS,16.9
BOL,Bolivia,2019,EG.FEC.RNEW.ZS,13.5
BOL,Bolivia,2018,EG.FEC.RNEW.ZS,14.3
BOL,Bolivia,2017,EG.FEC.RNEW.ZS,14.3
BOL,Bolivia,2016,EG.FEC.RNEW.ZS,13.6
BOL,Bolivia,2015,EG.FEC.RNEW.ZS,14.2
BOL,Bolivia,2014,EG.FEC.RNEW.ZS,15.0
BOL,Bolivia,2013,EG.FEC.RNEW.ZS,16.0
BOL,Bolivia,2012,EG.FEC.RNEW.ZS,17.4
BOL,Bolivia,2011,EG.FEC.RNEW.ZS,18.1
BOL,Bolivia,2010,EG.FEC.RNEW.ZS,19.9
BOL,Bolivia,2009,EG.FEC.RNEW.ZS,20.6
BOL,Bolivia,2008,EG.FEC.RNEW.ZS,21.3
BOL,Bolivia,2007,EG.FEC.RNEW.ZS,22.1
BOL,Bolivia,2006,EG.FEC.RNEW.ZS,23.7
BOL,Bolivia,2005,EG.FEC.RNEW.ZS,24.6
BIH,Bosnia and Herzegovina,2021,EG.FEC.RNEW.ZS,36.6
BIH,Bosnia and Herzegovina,2020,EG.FEC.RNEW.ZS,37.7
BIH,Bosnia and Herzegovina,2019,EG.FEC.RNEW.ZS,36.8
BIH,Bosnia and Herzegovina,2018,EG.FEC.RNEW.ZS,35.4
BIH,Bosnia and Herzegovina,2017,EG.FEC.RNEW.ZS,18.5
BIH,Bosnia and Herzegovina,2016,EG.FEC.RNEW.ZS,23.0
BIH,Bosnia and Herzegovina,2015,EG.FEC.RNEW.ZS,25.2
BIH,Bosnia and Herzegovina,2014,EG.FEC.RNEW.ZS,23.6
BIH,Bosnia and Herzegovina,2013,EG.FEC.RNEW.ZS,19.5
BIH,Bosnia and Herzegovina,2012,EG.FEC.RNEW.ZS,15.3
BIH,Bosnia and Herzegovina,2011,EG.FEC.RNEW.ZS,14.2
BIH,Bosnia and Herzegovina,2010,EG.FEC.RNEW.ZS,19.6
BIH,Bosnia and Herzegovina,2009,EG.FEC.RNEW.ZS,17.4
BIH,Bosnia and Herzegovina,2008,EG.FEC.RNEW.ZS,14.3
BIH,Bosnia and Herzegovina,2007,EG.FEC.RNEW.ZS,14.8
BIH,Bosnia and Herzegovina,2006,EG.FEC.RNEW.ZS,18.1
BIH,Bosnia and Herzegovina,2005,EG.FEC.RNEW.ZS,19.7
BWA,Botswana,2021,EG.FEC.RNEW.ZS,27.4
BWA,Botswana,2020,EG.FEC.RNEW.ZS,27.7
BWA,Botswana,2019,EG.FEC.RNEW.ZS,26.2
BWA,Botswana,2018,EG.FEC.RNEW.ZS,25.6
BWA,Botswana,2017,EG.FEC.RNEW.ZS,26.7
BWA,Botswana,2016,EG.FEC.RNEW.ZS,26.7
BWA,Botswana,2015,EG.FEC.RNEW.ZS,26.1
BWA,Botswana,2014,EG.FEC.RNEW.ZS,25.8
BWA,Botswana,2013,EG.FEC.RNEW.ZS,26.7
BWA,Botswana,2012,EG.FEC.RNEW.ZS,27.8
BWA,Botswana,2011,EG.FEC.RNEW.ZS,28.9
BWA,Botswana,2010,EG.FEC.RNEW.ZS,29.9
BWA,Botswana,2009,EG.FEC.RNEW.ZS,28.9
BWA,Botswana,2008,EG.FEC.RNEW.ZS,27.8
BWA,Botswana,2007,EG.FEC.RNEW.ZS,29.0
BWA,Botswana,2006,EG.FEC.RNEW.ZS,31.8
BWA,Botswana,2005,EG.FEC.RNEW.ZS,33.0
BRA,Brazil,2021,EG.FEC.RNEW.ZS,46.5
BRA,Brazil,2020,EG.FEC.RNEW.ZS,50.0
BRA,Brazil,2019,EG.FEC.RNEW.ZS,47.5
BRA,Brazil,2018,EG.FEC.RNEW.ZS,46.9
BRA,Brazil,2017,EG.FEC.RNEW.ZS,45.3
BRA,Brazil,2016,EG.FEC.RNEW.ZS,45.4
BRA,Brazil,2015,EG.FEC.RNEW.ZS,43.7
BRA,Brazil,2014,EG.FEC.RNEW.ZS,41.7
BRA,Brazil,2013,EG.FEC.RNEW.ZS,42.3
BRA,Brazil,2012,EG.FEC.RNEW.ZS,43.5
BRA,Brazil,2011,EG.FEC.RNEW.ZS,45.2
BRA,Brazil,2010,EG.FEC.RNEW.ZS,46.8
BRA,Brazil,2009,EG.FEC.RNEW.ZS,48.9
BRA,Brazil,2008,EG.FEC.RNEW.ZS,47.0
BRA,Brazil,2007,EG.FEC.RNEW.ZS,47.2
BRA,Brazil,2006,EG.FEC.RNEW.ZS,46.7
BRA,Brazil,2005,EG.FEC.RNEW.ZS,46.1
VGB,British Virgin Islands,2022,EG.FEC.RNEW.ZS,1.3
VGB,British Virgin Islands,2021,EG.FEC.RNEW.ZS,1.3
VGB,British Virgin Islands,2020,EG.FEC.RNEW.ZS,1.3
VGB,British Virgin Islands,2019,EG.FEC.RNEW.ZS,1.2
VGB,British Virgin Islands,2018,EG.FEC.RNEW.ZS,1.2
VGB,British Virgin Islands,2017,EG.FEC.RNEW.ZS,1.1
VGB,British Virgin Islands,2016,EG.FEC.RNEW.ZS,1.0
VGB,British Virgin Islands,2015,EG.FEC.RNEW.ZS,1.0
VGB,British Virgin Islands,2014,EG.FEC.RNEW.ZS,1.0
VGB,British Virgin Islands,2013,EG.FEC.RNEW.ZS,1.0
VGB,British Virgin Islands,2012,EG.FEC.RNEW.ZS,0.9
VGB,British Virgin Islands,2011,EG.FEC.RNEW.ZS,0.9
VGB,British Virgin Islands,2010,EG.FEC.RNEW.ZS,0.7
VGB,British Virgin Islands,2009,EG.FEC.RNEW.ZS,0.7
VGB,British Virgin Islands,2008,EG.FEC.RNEW.ZS,0.7
VGB,British Virgin Islands,2007,EG.FEC.RNEW.ZS,0.7
VGB,British Virgin Islands,2006,EG.FEC.RNEW.ZS,0.7
VGB,British Virgin Islands,2005,EG.FEC.RNEW.ZS,0.8
BRN,Brunei Darussalam,2021,EG.FEC.RNEW.ZS,0.0
BRN,Brunei Darussalam,2020,EG.FEC.RNEW.ZS,0.0
BRN,Brunei Darussalam,2019,EG.FEC.RNEW.ZS,0.0
BRN,Brunei Darussalam,2018,EG.FEC.RNEW.ZS,0.0
BRN,Brunei Darussalam,2017,EG.FEC.RNEW.ZS,0.0
BRN,Brunei Darussalam,2016,EG.FEC.RNEW.ZS,0.0
BRN,Brunei Darussalam,2015,EG.FEC.RNEW.ZS,0.0
BRN,Brunei Darussalam,2014,EG.FEC.RNEW.ZS,0.0
BRN,Brunei Darussalam,2013,EG.FEC.RNEW.ZS,0.0
BRN,Brunei Darussalam,2012,EG.FEC.RNEW.ZS,0.0
BRN,Brunei Darussalam,2011,EG.FEC.RNEW.ZS,0.0
BRN,Brunei Darussalam,2010,EG.FEC.RNEW.ZS,0.0
BRN,Brunei Darussalam,2009,EG.FEC.RNEW.ZS,0.0
BRN,Brunei Darussalam,2008,EG.FEC.RNEW.ZS,0.0
BRN,Brunei Darussalam,2007,EG.FEC.RNEW.ZS,0.0
BRN,Brunei Darussalam,2006,EG.FEC.RNEW.ZS,0.0
BRN,Brunei Darussalam,2005,EG.FEC.RNEW.ZS,0.0
BGR,Bulgaria,2021,EG.FEC.RNEW.ZS,20.4
BGR,Bulgaria,2020,EG.FEC.RNEW.ZS,21.1
BGR,Bulgaria,2019,EG.FEC.RNEW.ZS,19.3
BGR,Bulgaria,2018,EG.FEC.RNEW.ZS,19.6
BGR,Bulgaria,2017,EG.FEC.RNEW.ZS,17.1
BGR,Bulgaria,2016,EG.FEC.RNEW.ZS,17.7
BGR,Bulgaria,2015,EG.FEC.RNEW.ZS,17.9
BGR,Bulgaria,2014,EG.FEC.RNEW.ZS,17.1
BGR,Bulgaria,2013,EG.FEC.RNEW.ZS,18.2
BGR,Bulgaria,2012,EG.FEC.RNEW.ZS,15.6
BGR,Bulgaria,2011,EG.FEC.RNEW.ZS,13.2
BGR,Bulgaria,2010,EG.FEC.RNEW.ZS,14.3
BGR,Bulgaria,2009,EG.FEC.RNEW.ZS,11.6
BGR,Bulgaria,2008,EG.FEC.RNEW.ZS,9.9
BGR,Bulgaria,2007,EG.FEC.RNEW.ZS,8.8
BGR,Bulgaria,2006,EG.FEC.RNEW.ZS,10.0
BGR,Bulgaria,2005,EG.FEC.RNEW.ZS,9.8
BFA,Burkina Faso,2022,EG.FEC.RNEW.ZS,71.4
BFA,Burkina Faso,2021,EG.FEC.RNEW.ZS,71.2
BFA,Burkina Faso,2020,EG.FEC.RNEW.ZS,73.1
BFA,Burkina Faso,2019,EG.FEC.RNEW.ZS,72.7
BFA,Burkina Faso,2018,EG.FEC.RNEW.ZS,73.7
BFA,Burkina Faso,2017,EG.FEC.RNEW.ZS,74.6
BFA,Burkina Faso,2016,EG.FEC.RNEW.ZS,77.1
BFA,Burkina Faso,2015,EG.FEC.RNEW.ZS,78.8
BFA,Burkina Faso,2014,EG.FEC.RNEW.ZS,78.9
BFA,Burkina Faso,2013,EG.FEC.RNEW.ZS,78.7
BFA,Burkina Faso,2012,EG.FEC.RNEW.ZS,79.2
BFA,Burkina Faso,2011,EG.FEC.RNEW.ZS,81.4
BFA,Burkina Faso,2010,EG.FEC.RNEW.ZS,82.1
BFA,Burkina Faso,2009,EG.FEC.RNEW.ZS,83.3
BFA,Burkina Faso,2008,EG.FEC.RNEW.ZS,83.5
BFA,Burkina Faso,2007,EG.FEC.RNEW.ZS,82.9
BFA,Burkina Faso,2006,EG.FEC.RNEW.ZS,84.8
BFA,Burkina Faso,2005,EG.FEC.RNEW.ZS,85.4
BDI,Burundi,2022,EG.FEC.RNEW.ZS,83.0
BDI,Burundi,2021,EG.FEC.RNEW.ZS,83.1
BDI,Burundi,2020,EG.FEC.RNEW.ZS,83.4
BDI,Burundi,2019,EG.FEC.RNEW.ZS,84.8
BDI,Burundi,2018,EG.FEC.RNEW.ZS,85.7
BDI,Burundi,2017,EG.FEC.RNEW.ZS,88.2
BDI,Burundi,2016,EG.FEC.RNEW.ZS,89.6
BDI,Burundi,2015,EG.FEC.RNEW.ZS,91.2
BDI,Burundi,2014,EG.FEC.RNEW.ZS,91.3
BDI,Burundi,2013,EG.FEC.RNEW.ZS,90.8
BDI,Burundi,2012,EG.FEC.RNEW.ZS,91.7
BDI,Burundi,2011,EG.FEC.RNEW.ZS,92.1
BDI,Burundi,2010,EG.FEC.RNEW.ZS,93.2
BDI,Burundi,2009,EG.FEC.RNEW.ZS,94.6
BDI,Burundi,2008,EG.FEC.RNEW.ZS,95.0
BDI,Burundi,2007,EG.FEC.RNEW.ZS,95.3
BDI,Burundi,2006,EG.FEC.RNEW.ZS,95.3
BDI,Burundi,2005,EG.FEC.RNEW.ZS,96.0
CPV,Cabo Verde,2022,EG.FEC.RNEW.ZS,21.8
CPV,Cabo Verde,2021,EG.FEC.RNEW.ZS,22.6
CPV,Cabo Verde,2020,EG.FEC.RNEW.ZS,23.4
CPV,Cabo Verde,2019,EG.FEC.RNEW.ZS,19.7
CPV,Cabo Verde,2018,EG.FEC.RNEW.ZS,21.9
CPV,Cabo Verde,2017,EG.FEC.RNEW.ZS,21.8
CPV,Cabo Verde,2016,EG.FEC.RNEW.ZS,23.9
CPV,Cabo Verde,2015,EG.FEC.RNEW.ZS,26.4
CPV,Cabo Verde,2014,EG.FEC.RNEW.ZS,26.1
CPV,Cabo Verde,2013,EG.FEC.RNEW.ZS,25.9
CPV,Cabo Verde,2012,EG.FEC.RNEW.ZS,24.3
CPV,Cabo Verde,2011,EG.FEC.RNEW.ZS,20.8
CPV,Cabo Verde,2010,EG.FEC.RNEW.ZS,21.2
CPV,Cabo Verde,2009,EG.FEC.RNEW.ZS,22.1
CPV,Cabo Verde,2008,EG.FEC.RNEW.ZS,23.8
CPV,Cabo Verde,2007,EG.FEC.RNEW.ZS,21.0
CPV,Cabo Verde,2006,EG.FEC.RNEW.ZS,21.2
CPV,Cabo Verde,2005,EG.FEC.RNEW.ZS,23.9
KHM,Cambodia,2021,EG.FEC.RNEW.ZS,52.4
KHM,Cambodia,2020,EG.FEC.RNEW.ZS,51.4
KHM,Cambodia,2019,EG.FEC.RNEW.ZS,53.0
KHM,Cambodia,2018,EG.FEC.RNEW.ZS,58.1
KHM,Cambodia,2017,EG.FEC.RNEW.ZS,56.3
KHM,Cambodia,2016,EG.FEC.RNEW.ZS,58.0
KHM,Cambodia,2015,EG.FEC.RNEW.ZS,60.6
KHM,Cambodia,2014,EG.FEC.RNEW.ZS,63.7
KHM,Cambodia,2013,EG.FEC.RNEW.ZS,65.0
KHM,Cambodia,2012,EG.FEC.RNEW.ZS,64.4
KHM,Cambodia,2011,EG.FEC.RNEW.ZS,64.0
KHM,Cambodia,2010,EG.FEC.RNEW.ZS,64.8
KHM,Cambodia,2009,EG.FEC.RNEW.ZS,68.0
KHM,Cambodia,2008,EG.FEC.RNEW.ZS,74.1
KHM,Cambodia,2007,EG.FEC.RNEW.ZS,74.8
KHM,Cambodia,2006,EG.FEC.RNEW.ZS,78.0
KHM,Cambodia,2005,EG.FEC.RNEW.ZS,79.2
CMR,Cameroon,2021,EG.FEC.RNEW.ZS,79.2
CMR,Cameroon,2020,EG.FEC.RNEW.ZS,78.9
CMR,Cameroon,2019,EG.FEC.RNEW.ZS,78.9
CMR,Cameroon,2018,EG.FEC.RNEW.ZS,78.7
CMR,Cameroon,2017,EG.FEC.RNEW.ZS,79.2
CMR,Cameroon,2016,EG.FEC.RNEW.ZS,78.8
CMR,Cameroon,2015,EG.FEC.RNEW.ZS,78.1
CMR,Cameroon,2014,EG.FEC.RNEW.ZS,76.9
CMR,Cameroon,2013,EG.FEC.RNEW.ZS,77.7
CMR,Cameroon,2012,EG.FEC.RNEW.ZS,78.6
CMR,Cameroon,2011,EG.FEC.RNEW.ZS,78.6
CMR,Cameroon,2010,EG.FEC.RNEW.ZS,78.7
CMR,Cameroon,2009,EG.FEC.RNEW.ZS,79.2
CMR,Cameroon,2008,EG.FEC.RNEW.ZS,80.8
CMR,Cameroon,2007,EG.FEC.RNEW.ZS,80.8
CMR,Cameroon,2006,EG.FEC.RNEW.ZS,85.5
CMR,Cameroon,2005,EG.FEC.RNEW.ZS,86.3
CAN,Canada,2021,EG.FEC.RNEW.ZS,23.8
CAN,Canada,2020,EG.FEC.RNEW.ZS,23.9
CAN,Canada,2019,EG.FEC.RNEW.ZS,22.4
CAN,Canada,2018,EG.FEC.RNEW.ZS,22.3
CAN,Canada,2017,EG.FEC.RNEW.ZS,22.8
CAN,Canada,2016,EG.FEC.RNEW.ZS,22.1
CAN,Canada,2015,EG.FEC.RNEW.ZS,22.3
CAN,Canada,2014,EG.FEC.RNEW.ZS,22.2
CAN,Canada,2013,EG.FEC.RNEW.ZS,22.2
CAN,Canada,2012,EG.FEC.RNEW.ZS,21.8
CAN,Canada,2011,EG.FEC.RNEW.ZS,21.5
CAN,Canada,2010,EG.FEC.RNEW.ZS,21.4
CAN,Canada,2009,EG.FEC.RNEW.ZS,22.2
CAN,Canada,2008,EG.FEC.RNEW.ZS,21.6
CAN,Canada,2007,EG.FEC.RNEW.ZS,21.6
CAN,Canada,2006,EG.FEC.RNEW.ZS,21.5
CAN,Canada,2005,EG.FEC.RNEW.ZS,21.6
CYM,Cayman Islands,2022,EG.FEC.RNEW.ZS,0.0
CYM,Cayman Islands,2021,EG.FEC.RNEW.ZS,0.0
CYM,Cayman Islands,2020,EG.FEC.RNEW.ZS,0.0
CYM,Cayman Islands,2019,EG.FEC.RNEW.ZS,0.0
CYM,Cayman Islands,2018,EG.FEC.RNEW.ZS,0.0
CYM,Cayman Islands,2017,EG.FEC.RNEW.ZS,0.0
CYM,Cayman Islands,2016,EG.FEC.RNEW.ZS,0.0
CYM,Cayman Islands,2015,EG.FEC.RNEW.ZS,0.0
CYM,Cayman Islands,2014,EG.FEC.RNEW.ZS,0.0
CYM,Cayman Islands,2013,EG.FEC.RNEW.ZS,0.0
CYM,Cayman Islands,2012,EG.FEC.RNEW.ZS,0.0
CYM,Cayman Islands,2011,EG.FEC.RNEW.ZS,0.0
CYM,Cayman Islands,2010,EG.FEC.RNEW.ZS,0.0
CYM,Cayman Islands,2009,EG.FEC.RNEW.ZS,0.0
CYM,Cayman Islands,2008,EG.FEC.RNEW.ZS,0.0
CYM,Cayman Islands,2007,EG.FEC.RNEW.ZS,0.0
CYM,Cayman Islands,2006,EG.FEC.RNEW.ZS,0.0
CYM,Cayman Islands,2005,EG.FEC.RNEW.ZS,0.0
CAF,Central African Republic,2022,EG.FEC.RNEW.ZS,90.9
CAF,Central African Republic,2021,EG.FEC.RNEW.ZS,90.9
CAF,Central African Republic,2020,EG.FEC.RNEW.ZS,90.9
CAF,Central African Republic,2019,EG.FEC.RNEW.ZS,91.3
CAF,Central African Republic,2018,EG.FEC.RNEW.ZS,91.4
CAF,Central African Republic,2017,EG.FEC.RNEW.ZS,91.6
CAF,Central African Republic,2016,EG.FEC.RNEW.ZS,92.1
CAF,Central African Republic,2015,EG.FEC.RNEW.ZS,92.9
CAF,Central African Republic,2014,EG.FEC.RNEW.ZS,94.8
CAF,Central African Republic,2013,EG.FEC.RNEW.ZS,95.1
CAF,Central African Republic,2012,EG.FEC.RNEW.ZS,93.1
CAF,Central African Republic,2011,EG.FEC.RNEW.ZS,93.3
CAF,Central African Republic,2010,EG.FEC.RNEW.ZS,93.8
CAF,Central African Republic,2009,EG.FEC.RNEW.ZS,93.9
CAF,Central African Republic,2008,EG.FEC.RNEW.ZS,93.6
CAF,Central African Republic,2007,EG.FEC.RNEW.ZS,90.9
CAF,Central African Republic,2006,EG.FEC.RNEW.ZS,90.8
CAF,Central African Republic,2005,EG.FEC.RNEW.ZS,91.0
TCD,Chad,2022,EG.FEC.RNEW.ZS,70.0
TCD,Chad,2021,EG.FEC.RNEW.ZS,69.9
TCD,Chad,2020,EG.FEC.RNEW.ZS,71.9
TCD,Chad,2019,EG.FEC.RNEW.ZS,72.8
TCD,Chad,2018,EG.FEC.RNEW.ZS,73.1
TCD,Chad,2017,EG.FEC.RNEW.ZS,72.8
TCD,Chad,2016,EG.FEC.RNEW.ZS,72.7
TCD,Chad,2015,EG.FEC.RNEW.ZS,72.7
TCD,Chad,2014,EG.FEC.RNEW.ZS,72.5
TCD,Chad,2013,EG.FEC.RNEW.ZS,72.6
TCD,Chad,2012,EG.FEC.RNEW.ZS,76.1
TCD,Chad,2011,EG.FEC.RNEW.ZS,80.7
TCD,Chad,2010,EG.FEC.RNEW.ZS,79.2
TCD,Chad,2009,EG.FEC.RNEW.ZS,79.4
TCD,Chad,2008,EG.FEC.RNEW.ZS,79.8
TCD,Chad,2007,EG.FEC.RNEW.ZS,82.4
TCD,Chad,2006,EG.FEC.RNEW.ZS,83.7
TCD,Chad,2005,EG.FEC.RNEW.ZS,83.8
CHL,Chile,2021,EG.FEC.RNEW.ZS,24.2
CHL,Chile,2020,EG.FEC.RNEW.ZS,26.7
CHL,Chile,2019,EG.FEC.RNEW.ZS,25.3
CHL,Chile,2018,EG.FEC.RNEW.ZS,25.5
CHL,Chile,2017,EG.FEC.RNEW.ZS,24.1
CHL,Chile,2016,EG.FEC.RNEW.ZS,24.6
CHL,Chile,2015,EG.FEC.RNEW.ZS,25.1
CHL,Chile,2014,EG.FEC.RNEW.ZS,27.0
CHL,Chile,2013,EG.FEC.RNEW.ZS,30.2
CHL,Chile,2012,EG.FEC.RNEW.ZS,30.3
CHL,Chile,2011,EG.FEC.RNEW.ZS,28.8
CHL,Chile,2010,EG.FEC.RNEW.ZS,27.0
CHL,Chile,2009,EG.FEC.RNEW.ZS,31.5
CHL,Chile,2008,EG.FEC.RNEW.ZS,30.8
CHL,Chile,2007,EG.FEC.RNEW.ZS,30.5
CHL,Chile,2006,EG.FEC.RNEW.ZS,32.9
CHL,Chile,2005,EG.FEC.RNEW.ZS,32.3
CHN,China,2021,EG.FEC.RNEW.ZS,15.2
CHN,China,2020,EG.FEC.RNEW.ZS,14.9
CHN,China,2019,EG.FEC.RNEW.ZS,14.3
CHN,China,2018,EG.FEC.RNEW.ZS,13.5
CHN,China,2017,EG.FEC.RNEW.ZS,13.1
CHN,China,2016,EG.FEC.RNEW.ZS,12.6
CHN,China,2015,EG.FEC.RNEW.ZS,12.2
CHN,China,2014,EG.FEC.RNEW.ZS,11.9
CHN,China,2013,EG.FEC.RNEW.ZS,11.5
CHN,China,2012,EG.FEC.RNEW.ZS,11.5
CHN,China,2011,EG.FEC.RNEW.ZS,11.3
CHN,China,2010,EG.FEC.RNEW.ZS,12.3
CHN,China,2009,EG.FEC.RNEW.ZS,13.4
CHN,China,2008,EG.FEC.RNEW.ZS,14.1
CHN,China,2007,EG.FEC.RNEW.ZS,14.9
CHN,China,2006,EG.FEC.RNEW.ZS,16.4
CHN,China,2005,EG.FEC.RNEW.ZS,17.4
COL,Colombia,2021,EG.FEC.RNEW.ZS,29.7
COL,Colombia,2020,EG.FEC.RNEW.ZS,32.0
COL,Colombia,2019,EG.FEC.RNEW.ZS,31.5
COL,Colombia,2018,EG.FEC.RNEW.ZS,30.4
COL,Colombia,2017,EG.FEC.RNEW.ZS,32.2
COL,Colombia,2016,EG.FEC.RNEW.ZS,30.5
COL,Colombia,2015,EG.FEC.RNEW.ZS,31.1
COL,Colombia,2014,EG.FEC.RNEW.ZS,32.1
COL,Colombia,2013,EG.FEC.RNEW.ZS,32.0
COL,Colombia,2012,EG.FEC.RNEW.ZS,29.6
COL,Colombia,2011,EG.FEC.RNEW.ZS,29.6
COL,Colombia,2010,EG.FEC.RNEW.ZS,30.6
COL,Colombia,2009,EG.FEC.RNEW.ZS,31.4
COL,Colombia,2008,EG.FEC.RNEW.ZS,30.8
COL,Colombia,2007,EG.FEC.RNEW.ZS,31.0
COL,Colombia,2006,EG.FEC.RNEW.ZS,30.6
COL,Colombia,2005,EG.FEC.RNEW.ZS,28.9
COM,Comoros,2022,EG.FEC.RNEW.ZS,39.3
COM,Comoros,2021,EG.FEC.RNEW.ZS,41.2
COM,Comoros,2020,EG.FEC.RNEW.ZS,50.8
COM,Comoros,2019,EG.FEC.RNEW.ZS,55.3
COM,Comoros,2018,EG.FEC.RNEW.ZS,57.7
COM,Comoros,2017,EG.FEC.RNEW.ZS,59.5
COM,Comoros,2016,EG.FEC.RNEW.ZS,64.0
COM,Comoros,2015,EG.FEC.RNEW.ZS,67.0
COM,Comoros,2014,EG.FEC.RNEW.ZS,68.0
COM,Comoros,2013,EG.FEC.RNEW.ZS,63.6
COM,Comoros,2012,EG.FEC.RNEW.ZS,68.3
COM,Comoros,2011,EG.FEC.RNEW.ZS,69.0
COM,Comoros,2010,EG.FEC.RNEW.ZS,66.0
COM,Comoros,2009,EG.FEC.RNEW.ZS,68.5
COM,Comoros,2008,EG.FEC.RNEW.ZS,73.4
COM,Comoros,2007,EG.FEC.RNEW.ZS,74.4
COM,Comoros,2006,EG.FEC.RNEW.ZS,61.8
COM,Comoros,2005,EG.FEC.RNEW.ZS,65.7
COD,"Congo, Dem. Rep.",2021,EG.FEC.RNEW.ZS,96.3
COD,"Congo, Dem. Rep.",2020,EG.FEC.RNEW.ZS,96.2
COD,"Congo, Dem. Rep.",2019,EG.FEC.RNEW.ZS,96.3
COD,"Congo, Dem. Rep.",2018,EG.FEC.RNEW.ZS,96.4
COD,"Congo, Dem. Rep.",2017,EG.FEC.RNEW.ZS,96.7
COD,"Congo, Dem. Rep.",2016,EG.FEC.RNEW.ZS,97.0
COD,"Congo, Dem. Rep.",2015,EG.FEC.RNEW.ZS,95.8
COD,"Congo, Dem. Rep.",2014,EG.FEC.RNEW.ZS,92.9
COD,"Congo, Dem. Rep.",2013,EG.FEC.RNEW.ZS,93.9
COD,"Congo, Dem. Rep.",2012,EG.FEC.RNEW.ZS,95.5
COD,"Congo, Dem. Rep.",2011,EG.FEC.RNEW.ZS,96.2
COD,"Congo, Dem. Rep.",2010,EG.FEC.RNEW.ZS,96.8
COD,"Congo, Dem. Rep.",2009,EG.FEC.RNEW.ZS,97.0
COD,"Congo, Dem. Rep.",2008,EG.FEC.RNEW.ZS,97.0
COD,"Congo, Dem. Rep.",2007,EG.FEC.RNEW.ZS,97.2
COD,"Congo, Dem. Rep.",2006,EG.FEC.RNEW.ZS,97.3
COD,"Congo, Dem. Rep.",2005,EG.FEC.RNEW.ZS,97.4
COG,"Congo, Rep.",2021,EG.FEC.RNEW.ZS,71.4
COG,"Congo, Rep.",2020,EG.FEC.RNEW.ZS,71.4
COG,"Congo, Rep.",2019,EG.FEC.RNEW.ZS,69.8
COG,"Congo, Rep.",2018,EG.FEC.RNEW.ZS,70.6
COG,"Congo, Rep.",2017,EG.FEC.RNEW.ZS,69.8
COG,"Congo, Rep.",2016,EG.FEC.RNEW.ZS,67.7
COG,"Congo, Rep.",2015,EG.FEC.RNEW.ZS,64.2
COG,"Congo, Rep.",2014,EG.FEC.RNEW.ZS,62.1
COG,"Congo, Rep.",2013,EG.FEC.RNEW.ZS,62.3
COG,"Congo, Rep.",2012,EG.FEC.RNEW.ZS,65.1
COG,"Congo, Rep.",2011,EG.FEC.RNEW.ZS,64.3
COG,"Congo, Rep.",2010,EG.FEC.RNEW.ZS,54.5
COG,"Congo, Rep.",2009,EG.FEC.RNEW.ZS,55.9
COG,"Congo, Rep.",2008,EG.FEC.RNEW.ZS,56.8
COG,"Congo, Rep.",2007,EG.FEC.RNEW.ZS,60.2
COG,"Congo, Rep.",2006,EG.FEC.RNEW.ZS,69.3
COG,"Congo, Rep.",2005,EG.FEC.RNEW.ZS,63.1
CRI,Costa Rica,2021,EG.FEC.RNEW.ZS,34.2
CRI,Costa Rica,2020,EG.FEC.RNEW.ZS,36.4
CRI,Costa Rica,2019,EG.FEC.RNEW.ZS,33.4
CRI,Costa Rica,2018,EG.FEC.RNEW.ZS,33.1
CRI,Costa Rica,2017,EG.FEC.RNEW.ZS,33.3
CRI,Costa Rica,2016,EG.FEC.RNEW.ZS,34.1
CRI,Costa Rica,2015,EG.FEC.RNEW.ZS,38.3
CRI,Costa Rica,2014,EG.FEC.RNEW.ZS,37.6
CRI,Costa Rica,2013,EG.FEC.RNEW.ZS,37.8
CRI,Costa Rica,2012,EG.FEC.RNEW.ZS,38.1
CRI,Costa Rica,2011,EG.FEC.RNEW.ZS,38.0
CRI,Costa Rica,2010,EG.FEC.RNEW.ZS,40.4
CRI,Costa Rica,2009,EG.FEC.RNEW.ZS,40.7
CRI,Costa Rica,2008,EG.FEC.RNEW.ZS,40.7
CRI,Costa Rica,2007,EG.FEC.RNEW.ZS,41.2
CRI,Costa Rica,2006,EG.FEC.RNEW.ZS,42.4
CRI,Costa Rica,2005,EG.FEC.RNEW.ZS,41.7
CIV,Cote d'Ivoire,2021,EG.FEC.RNEW.ZS,58.2
CIV,Cote d'Ivoire,2020,EG.FEC.RNEW.ZS,61.8
CIV,Cote d'Ivoire,2019,EG.FEC.RNEW.ZS,61.1
CIV,Cote d'Ivoire,2018,EG.FEC.RNEW.ZS,60.5
CIV,Cote d'Ivoire,2017,EG.FEC.RNEW.ZS,62.5
CIV,Cote d'Ivoire,2016,EG.FEC.RNEW.ZS,64.0
CIV,Cote d'Ivoire,2015,EG.FEC.RNEW.ZS,64.5
CIV,Cote d'Ivoire,2014,EG.FEC.RNEW.ZS,71.9
CIV,Cote d'Ivoire,2013,EG.FEC.RNEW.ZS,72.2
CIV,Cote d'Ivoire,2012,EG.FEC.RNEW.ZS,74.9
CIV,Cote d'Ivoire,2011,EG.FEC.RNEW.ZS,79.1
CIV,Cote d'Ivoire,2010,EG.FEC.RNEW.ZS,75.4
CIV,Cote d'Ivoire,2009,EG.FEC.RNEW.ZS,73.7
CIV,Cote d'Ivoire,2008,EG.FEC.RNEW.ZS,74.2
CIV,Cote d'Ivoire,2007,EG.FEC.RNEW.ZS,76.3
CIV,Cote d'Ivoire,2006,EG.FEC.RNEW.ZS,74.8
CIV,Cote d'Ivoire,2005,EG.FEC.RNEW.ZS,77.9
HRV,Croatia,2021,EG.FEC.RNEW.ZS,34.1
HRV,Croatia,2020,EG.FEC.RNEW.ZS,32.4
HRV,Croatia,2019,EG.FEC.RNEW.ZS,31.6
HRV,Croatia,2018,EG.FEC.RNEW.ZS,32.8
HRV,Croatia,2017,EG.FEC.RNEW.ZS,29.8
HRV,Croatia,2016,EG.FEC.RNEW.ZS,31.8
HRV,Croatia,2015,EG.FEC.RNEW.ZS,33.1
HRV,Croatia,2014,EG.FEC.RNEW.ZS,33.6
HRV,Croatia,2013,EG.FEC.RNEW.ZS,32.8
HRV,Croatia,2012,EG.FEC.RNEW.ZS,29.4
HRV,Croatia,2011,EG.FEC.RNEW.ZS,27.2
HRV,Croatia,2010,EG.FEC.RNEW.ZS,29.8
HRV,Croatia,2009,EG.FEC.RNEW.ZS,27.2
HRV,Croatia,2008,EG.FEC.RNEW.ZS,24.1
HRV,Croatia,2007,EG.FEC.RNEW.ZS,22.7
HRV,Croatia,2006,EG.FEC.RNEW.ZS,25.5
HRV,Croatia,2005,EG.FEC.RNEW.ZS,26.8
CUB,Cuba,2021,EG.FEC.RNEW.ZS,20.9
CUB,Cuba,2020,EG.FEC.RNEW.ZS,24.5
CUB,Cuba,2019,EG.FEC.RNEW.ZS,23.1
CUB,Cuba,2018,EG.FEC.RNEW.ZS,24.0
CUB,Cuba,2017,EG.FEC.RNEW.ZS,22.0
CUB,Cuba,2016,EG.FEC.RNEW.ZS,19.2
CUB,Cuba,2015,EG.FEC.RNEW.ZS,21.1
CUB,Cuba,2014,EG.FEC.RNEW.ZS,23.2
CUB,Cuba,2013,EG.FEC.RNEW.ZS,18.2
CUB,Cuba,2012,EG.FEC.RNEW.ZS,19.4
CUB,Cuba,2011,EG.FEC.RNEW.ZS,19.2
CUB,Cuba,2010,EG.FEC.RNEW.ZS,15.6
CUB,Cuba,2009,EG.FEC.RNEW.ZS,19.0
CUB,Cuba,2008,EG.FEC.RNEW.ZS,18.7
CUB,Cuba,2007,EG.FEC.RNEW.ZS,18.6
CUB,Cuba,2006,EG.FEC.RNEW.ZS,22.0
CUB,Cuba,2005,EG.FEC.RNEW.ZS,26.3
CUW,Curacao,2021,EG.FEC.RNEW.ZS,2.8
CUW,Curacao,2020,EG.FEC.RNEW.ZS,2.8
CUW,Curacao,2019,EG.FEC.RNEW.ZS,2.5
CUW,Curacao,2018,EG.FEC.RNEW.ZS,2.5
CUW,Curacao,2017,EG.FEC.RNEW.ZS,1.9
CUW,Curacao,2016,EG.FEC.RNEW.ZS,1.4
CUW,Curacao,2015,EG.FEC.RNEW.ZS,1.3
CUW,Curacao,2014,EG.FEC.RNEW.ZS,1.4
CUW,Curacao,2013,EG.FEC.RNEW.ZS,1.1
CUW,Curacao,2012,EG.FEC.RNEW.ZS,0.6
CUW,Curacao,2011,EG.FEC.RNEW.ZS,0.5
CUW,Curacao,2010,EG.FEC.RNEW.ZS,0.5
CUW,Curacao,2009,EG.FEC.RNEW.ZS,0.5
CUW,Curacao,2008,EG.FEC.RNEW.ZS,0.5
CUW,Curacao,2007,EG.FEC.RNEW.ZS,0.6
CUW,Curacao,2006,EG.FEC.RNEW.ZS,0.6
CUW,Curacao,2005,EG.FEC.RNEW.ZS,0.6
CYP,Cyprus,2021,EG.FEC.RNEW.ZS,15.6
CYP,Cyprus,2020,EG.FEC.RNEW.ZS,15.0
CYP,Cyprus,2019,EG.FEC.RNEW.ZS,12.0
CYP,Cyprus,2018,EG.FEC.RNEW.ZS,12.0
CYP,Cyprus,2017,EG.FEC.RNEW.ZS,10.9
CYP,Cyprus,2016,EG.FEC.RNEW.ZS,10.3
CYP,Cyprus,2015,EG.FEC.RNEW.ZS,10.4
CYP,Cyprus,2014,EG.FEC.RNEW.ZS,9.5
CYP,Cyprus,2013,EG.FEC.RNEW.ZS,9.7
CYP,Cyprus,2012,EG.FEC.RNEW.ZS,8.6
CYP,Cyprus,2011,EG.FEC.RNEW.ZS,7.6
CYP,Cyprus,2010,EG.FEC.RNEW.ZS,6.5
CYP,Cyprus,2009,EG.FEC.RNEW.ZS,6.3
CYP,Cyprus,2008,EG.FEC.RNEW.ZS,5.7
CYP,Cyprus,2007,EG.FEC.RNEW.ZS,4.3
CYP,Cyprus,2006,EG.FEC.RNEW.ZS,3.5
CYP,Cyprus,2005,EG.FEC.RNEW.ZS,3.4
CZE,Czechia,2021,EG.FEC.RNEW.ZS,17.2
CZE,Czechia,2020,EG.FEC.RNEW.ZS,17.0
CZE,Czechia,2019,EG.FEC.RNEW.ZS,15.9
CZE,Czechia,2018,EG.FEC.RNEW.ZS,14.7
CZE,Czechia,2017,EG.FEC.RNEW.ZS,14.5
CZE,Czechia,2016,EG.FEC.RNEW.ZS,14.8
CZE,Czechia,2015,EG.FEC.RNEW.ZS,14.8
CZE,Czechia,2014,EG.FEC.RNEW.ZS,14.8
CZE,Czechia,2013,EG.FEC.RNEW.ZS,13.9
CZE,Czechia,2012,EG.FEC.RNEW.ZS,12.8
CZE,Czechia,2011,EG.FEC.RNEW.ZS,12.2
CZE,Czechia,2010,EG.FEC.RNEW.ZS,10.9
CZE,Czechia,2009,EG.FEC.RNEW.ZS,10.2
CZE,Czechia,2008,EG.FEC.RNEW.ZS,9.0
CZE,Czechia,2007,EG.FEC.RNEW.ZS,8.3
CZE,Czechia,2006,EG.FEC.RNEW.ZS,7.9
CZE,Czechia,2005,EG.FEC.RNEW.ZS,7.5
DNK,Denmark,2021,EG.FEC.RNEW.ZS,39.5
DNK,Denmark,2020,EG.FEC.RNEW.ZS,39.5
DNK,Denmark,2019,EG.FEC.RNEW.ZS,37.2
DNK,Denmark,2018,EG.FEC.RNEW.ZS,34.6
DNK,Denmark,2017,EG.FEC.RNEW.ZS,35.0
DNK,Denmark,2016,EG.FEC.RNEW.ZS,32.0
DNK,Denmark,2015,EG.FEC.RNEW.ZS,32.5
DNK,Denmark,2014,EG.FEC.RNEW.ZS,30.2
DNK,Denmark,2013,EG.FEC.RNEW.ZS,27.0
DNK,Denmark,2012,EG.FEC.RNEW.ZS,26.9
DNK,Denmark,2011,EG.FEC.RNEW.ZS,23.8
DNK,Denmark,2010,EG.FEC.RNEW.ZS,21.2
DNK,Denmark,2009,EG.FEC.RNEW.ZS,19.3
DNK,Denmark,2008,EG.FEC.RNEW.ZS,18.5
DNK,Denmark,2007,EG.FEC.RNEW.ZS,17.7
DNK,Denmark,2006,EG.FEC.RNEW.ZS,15.3
DNK,Denmark,2005,EG.FEC.RNEW.ZS,16.1
DJI,Djibouti,2022,EG.FEC.RNEW.ZS,26.9
DJI,Djibouti,2021,EG.FEC.RNEW.ZS,26.6
DJI,Djibouti,2020,EG.FEC.RNEW.ZS,27.5
DJI,Djibouti,2019,EG.FEC.RNEW.ZS,23.4
DJI,Djibouti,2018,EG.FEC.RNEW.ZS,24.7
DJI,Djibouti,2017,EG.FEC.RNEW.ZS,23.3
DJI,Djibouti,2016,EG.FEC.RNEW.ZS,23.6
DJI,Djibouti,2015,EG.FEC.RNEW.ZS,24.8
DJI,Djibouti,2014,EG.FEC.RNEW.ZS,29.4
DJI,Djibouti,2013,EG.FEC.RNEW.ZS,29.9
DJI,Djibouti,2012,EG.FEC.RNEW.ZS,32.3
DJI,Djibouti,2011,EG.FEC.RNEW.ZS,32.0
DJI,Djibouti,2010,EG.FEC.RNEW.ZS,32.5
DJI,Djibouti,2009,EG.FEC.RNEW.ZS,34.4
DJI,Djibouti,2008,EG.FEC.RNEW.ZS,33.1
DJI,Djibouti,2007,EG.FEC.RNEW.ZS,32.5
DJI,Djibouti,2006,EG.FEC.RNEW.ZS,33.0
DJI,Djibouti,2005,EG.FEC.RNEW.ZS,33.1
DMA,Dominica,2022,EG.FEC.RNEW.ZS,8.9
DMA,Dominica,2021,EG.FEC.RNEW.ZS,8.8
DMA,Dominica,2020,EG.FEC.RNEW.ZS,8.6
DMA,Dominica,2019,EG.FEC.RNEW.ZS,7.6
DMA,Dominica,2018,EG.FEC.RNEW.ZS,7.9
DMA,Dominica,2017,EG.FEC.RNEW.ZS,9.7
DMA,Dominica,2016,EG.FEC.RNEW.ZS,10.7
DMA,Dominica,2015,EG.FEC.RNEW.ZS,8.7
DMA,Dominica,2014,EG.FEC.RNEW.ZS,9.9
DMA,Dominica,2013,EG.FEC.RNEW.ZS,11.4
DMA,Dominica,2012,EG.FEC.RNEW.ZS,11.3
DMA,Dominica,2011,EG.FEC.RNEW.ZS,13.8
DMA,Dominica,2010,EG.FEC.RNEW.ZS,10.3
DMA,Dominica,2009,EG.FEC.RNEW.ZS,7.5
DMA,Dominica,2008,EG.FEC.RNEW.ZS,8.0
DMA,Dominica,2007,EG.FEC.RNEW.ZS,7.8
DMA,Dominica,2006,EG.FEC.RNEW.ZS,9.8
DMA,Dominica,2005,EG.FEC.RNEW.ZS,10.0
DOM,Dominican Republic,2021,EG.FEC.RNEW.ZS,14.8
DOM,Dominican Republic,2020,EG.FEC.RNEW.ZS,16.0
DOM,Dominican Republic,2019,EG.FEC.RNEW.ZS,14.4
DOM,Dominican Republic,2018,EG.FEC.RNEW.ZS,15.9
DOM,Dominican Republic,2017,EG.FEC.RNEW.ZS,16.9
DOM,Dominican Republic,2016,EG.FEC.RNEW.ZS,15.3
DOM,Dominican Republic,2015,EG.FEC.RNEW.ZS,14.9
DOM,Dominican Republic,2014,EG.FEC.RNEW.ZS,17.3
DOM,Dominican Republic,2013,EG.FEC.RNEW.ZS,16.6
DOM,Dominican Republic,2012,EG.FEC.RNEW.ZS,16.5
DOM,Dominican Republic,2011,EG.FEC.RNEW.ZS,16.8
DOM,Dominican Republic,2010,EG.FEC.RNEW.ZS,16.9
DOM,Dominican Republic,2009,EG.FEC.RNEW.ZS,17.3
DOM,Dominican Republic,2008,EG.FEC.RNEW.ZS,17.7
DOM,Dominican Republic,2007,EG.FEC.RNEW.ZS,17.9
DOM,Dominican Republic,2006,EG.FEC.RNEW.ZS,18.0
DOM,Dominican Republic,2005,EG.FEC.RNEW.ZS,19.4
ECU,Ecuador,2021,EG.FEC.RNEW.ZS,18.9
ECU,Ecuador,2020,EG.FEC.RNEW.ZS,20.2
ECU,Ecuador,2019,EG.FEC.RNEW.ZS,17.7
ECU,Ecuador,2018,EG.FEC.RNEW.ZS,16.3
ECU,Ecuador,2017,EG.FEC.RNEW.ZS,17.0
ECU,Ecuador,2016,EG.FEC.RNEW.ZS,14.8
ECU,Ecuador,2015,EG.FEC.RNEW.ZS,13.1
ECU,Ecuador,2014,EG.FEC.RNEW.ZS,12.2
ECU,Ecuador,2013,EG.FEC.RNEW.ZS,11.8
ECU,Ecuador,2012,EG.FEC.RNEW.ZS,13.2
ECU,Ecuador,2011,EG.FEC.RNEW.ZS,13.2
ECU,Ecuador,2010,EG.FEC.RNEW.ZS,11.8
ECU,Ecuador,2009,EG.FEC.RNEW.ZS,12.9
ECU,Ecuador,2008,EG.FEC.RNEW.ZS,15.3
ECU,Ecuador,2007,EG.FEC.RNEW.ZS,15.9
ECU,Ecuador,2006,EG.FEC.RNEW.ZS,14.2
ECU,Ecuador,2005,EG.FEC.RNEW.ZS,16.2
EGY,"Egypt, Arab Rep.",2021,EG.FEC.RNEW.ZS,6.1
EGY,"Egypt, Arab Rep.",2020,EG.FEC.RNEW.ZS,6.7
EGY,"Egypt, Arab Rep.",2019,EG.FEC.RNEW.ZS,6.2
EGY,"Egypt, Arab Rep.",2018,EG.FEC.RNEW.ZS,5.0
EGY,"Egypt, Arab Rep.",2017,EG.FEC.RNEW.ZS,4.9
EGY,"Egypt, Arab Rep.",2016,EG.FEC.RNEW.ZS,5.1
EGY,"Egypt, Arab Rep.",2015,EG.FEC.RNEW.ZS,5.3
EGY,"Egypt, Arab Rep.",2014,EG.FEC.RNEW.ZS,5.4
EGY,"Egypt, Arab Rep.",2013,EG.FEC.RNEW.ZS,5.3
EGY,"Egypt, Arab Rep.",2012,EG.FEC.RNEW.ZS,5.3
EGY,"Egypt, Arab Rep.",2011,EG.FEC.RNEW.ZS,5.4
EGY,"Egypt, Arab Rep.",2010,EG.FEC.RNEW.ZS,5.4
EGY,"Egypt, Arab Rep.",2009,EG.FEC.RNEW.ZS,5.7
EGY,"Egypt, Arab Rep.",2008,EG.FEC.RNEW.ZS,5.9
EGY,"Egypt, Arab Rep.",2007,EG.FEC.RNEW.ZS,6.0
EGY,"Egypt, Arab Rep.",2006,EG.FEC.RNEW.ZS,6.2
EGY,"Egypt, Arab Rep.",2005,EG.FEC.RNEW.ZS,6.5
SLV,El Salvador,2021,EG.FEC.RNEW.ZS,21.9
SLV,El Salvador,2020,EG.FEC.RNEW.ZS,23.7
SLV,El Salvador,2019,EG.FEC.RNEW.ZS,19.4
SLV,El Salvador,2018,EG.FEC.RNEW.ZS,23.2
SLV,El Salvador,2017,EG.FEC.RNEW.ZS,25.0
SLV,El Salvador,2016,EG.FEC.RNEW.ZS,20.7
SLV,El Salvador,2015,EG.FEC.RNEW.ZS,21.0
SLV,El Salvador,2014,EG.FEC.RNEW.ZS,24.0
SLV,El Salvador,2013,EG.FEC.RNEW.ZS,27.5
SLV,El Salvador,2012,EG.FEC.RNEW.ZS,30.3
SLV,El Salvador,2011,EG.FEC.RNEW.ZS,29.5
SLV,El Salvador,2010,EG.FEC.RNEW.ZS,32.6
SLV,El Salvador,2009,EG.FEC.RNEW.ZS,32.2
SLV,El Salvador,2008,EG.FEC.RNEW.ZS,31.5
SLV,El Salvador,2007,EG.FEC.RNEW.ZS,28.2
SLV,El Salvador,2006,EG.FEC.RNEW.ZS,34.8
SLV,El Salvador,2005,EG.FEC.RNEW.ZS,34.1
GNQ,Equatorial Guinea,2022,EG.FEC.RNEW.ZS,4.2
GNQ,Equatorial Guinea,2021,EG.FEC.RNEW.ZS,5.2
GNQ,Equatorial Guinea,2020,EG.FEC.RNEW.ZS,6.5
GNQ,Equatorial Guinea,2019,EG.FEC.RNEW.ZS,7.4
GNQ,Equatorial Guinea,2018,EG.FEC.RNEW.ZS,4.8
GNQ,Equatorial Guinea,2017,EG.FEC.RNEW.ZS,5.0
GNQ,Equatorial Guinea,2016,EG.FEC.RNEW.ZS,4.8
GNQ,Equatorial Guinea,2015,EG.FEC.RNEW.ZS,5.5
GNQ,Equatorial Guinea,2014,EG.FEC.RNEW.ZS,4.9
GNQ,Equatorial Guinea,2013,EG.FEC.RNEW.ZS,3.7
GNQ,Equatorial Guinea,2012,EG.FEC.RNEW.ZS,4.4
GNQ,Equatorial Guinea,2011,EG.FEC.RNEW.ZS,5.6
GNQ,Equatorial Guinea,2010,EG.FEC.RNEW.ZS,5.7
GNQ,Equatorial Guinea,2009,EG.FEC.RNEW.ZS,9.2
GNQ,Equatorial Guinea,2008,EG.FEC.RNEW.ZS,7.2
GNQ,Equatorial Guinea,2007,EG.FEC.RNEW.ZS,8.5
GNQ,Equatorial Guinea,2006,EG.FEC.RNEW.ZS,7.0
GNQ,Equatorial Guinea,2005,EG.FEC.RNEW.ZS,7.1
ERI,Eritrea,2021,EG.FEC.RNEW.ZS,80.7
ERI,Eritrea,2020,EG.FEC.RNEW.ZS,80.9
ERI,Eritrea,2019,EG.FEC.RNEW.ZS,80.6
ERI,Eritrea,2018,EG.FEC.RNEW.ZS,80.8
ERI,Eritrea,2017,EG.FEC.RNEW.ZS,81.6
ERI,Eritrea,2016,EG.FEC.RNEW.ZS,81.4
ERI,Eritrea,2015,EG.FEC.RNEW.ZS,81.2
ERI,Eritrea,2014,EG.FEC.RNEW.ZS,80.5
ERI,Eritrea,2013,EG.FEC.RNEW.ZS,79.7
ERI,Eritrea,2012,EG.FEC.RNEW.ZS,78.4
ERI,Eritrea,2011,EG.FEC.RNEW.ZS,77.1
ERI,Eritrea,2010,EG.FEC.RNEW.ZS,80.9
ERI,Eritrea,2009,EG.FEC.RNEW.ZS,81.7
ERI,Eritrea,2008,EG.FEC.RNEW.ZS,81.4
ERI,Eritrea,2007,EG.FEC.RNEW.ZS,79.1
ERI,Eritrea,2006,EG.FEC.RNEW.ZS,77.3
ERI,Eritrea,2005,EG.FEC.RNEW.ZS,74.7
EST,Estonia,2021,EG.FEC.RNEW.ZS,38.0
EST,Estonia,2020,EG.FEC.RNEW.ZS,40.4
EST,Estonia,2019,EG.FEC.RNEW.ZS,31.3
EST,Estonia,2018,EG.FEC.RNEW.ZS,28.6
EST,Estonia,2017,EG.FEC.RNEW.ZS,27.5
EST,Estonia,2016,EG.FEC.RNEW.ZS,27.2
EST,Estonia,2015,EG.FEC.RNEW.ZS,28.2
EST,Estonia,2014,EG.FEC.RNEW.ZS,25.3
EST,Estonia,2013,EG.FEC.RNEW.ZS,24.5
EST,Estonia,2012,EG.FEC.RNEW.ZS,25.0
EST,Estonia,2011,EG.FEC.RNEW.ZS,25.2
EST,Estonia,2010,EG.FEC.RNEW.ZS,25.3
EST,Estonia,2009,EG.FEC.RNEW.ZS,24.2
EST,Estonia,2008,EG.FEC.RNEW.ZS,20.5
EST,Estonia,2007,EG.FEC.RNEW.ZS,18.6
EST,Estonia,2006,EG.FEC.RNEW.ZS,17.2
EST,Estonia,2005,EG.FEC.RNEW.ZS,18.9
SWZ,Eswatini,2022,EG.FEC.RNEW.ZS,64.7
SWZ,Eswatini,2021,EG.FEC.RNEW.ZS,65.4
SWZ,Eswatini,2020,EG.FEC.RNEW.ZS,63.7
SWZ,Eswatini,2019,EG.FEC.RNEW.ZS,64.4
SWZ,Eswatini,2018,EG.FEC.RNEW.ZS,65.7
SWZ,Eswatini,2017,EG.FEC.RNEW.ZS,65.3
SWZ,Eswatini,2016,EG.FEC.RNEW.ZS,64.3
SWZ,Eswatini,2015,EG.FEC.RNEW.ZS,68.8
SWZ,Eswatini,2014,EG.FEC.RNEW.ZS,68.3
SWZ,Eswatini,2013,EG.FEC.RNEW.ZS,66.1
SWZ,Eswatini,2012,EG.FEC.RNEW.ZS,68.8
SWZ,Eswatini,2011,EG.FEC.RNEW.ZS,69.3
SWZ,Eswatini,2010,EG.FEC.RNEW.ZS,68.5
SWZ,Eswatini,2009,EG.FEC.RNEW.ZS,66.7
SWZ,Eswatini,2008,EG.FEC.RNEW.ZS,67.8
SWZ,Eswatini,2007,EG.FEC.RNEW.ZS,66.9
SWZ,Eswatini,2006,EG.FEC.RNEW.ZS,66.8
SWZ,Eswatini,2005,EG.FEC.RNEW.ZS,67.0
ETH,Ethiopia,2021,EG.FEC.RNEW.ZS,90.6
ETH,Ethiopia,2020,EG.FEC.RNEW.ZS,90.7
ETH,Ethiopia,2019,EG.FEC.RNEW.ZS,89.3
ETH,Ethiopia,2018,EG.FEC.RNEW.ZS,90.0
ETH,Ethiopia,2017,EG.FEC.RNEW.ZS,90.8
ETH,Ethiopia,2016,EG.FEC.RNEW.ZS,90.4
ETH,Ethiopia,2015,EG.FEC.RNEW.ZS,91.5
ETH,Ethiopia,2014,EG.FEC.RNEW.ZS,91.4
ETH,Ethiopia,2013,EG.FEC.RNEW.ZS,92.4
ETH,Ethiopia,2012,EG.FEC.RNEW.ZS,93.3
ETH,Ethiopia,2011,EG.FEC.RNEW.ZS,93.6
ETH,Ethiopia,2010,EG.FEC.RNEW.ZS,94.1
ETH,Ethiopia,2009,EG.FEC.RNEW.ZS,94.2
ETH,Ethiopia,2008,EG.FEC.RNEW.ZS,94.1
ETH,Ethiopia,2007,EG.FEC.RNEW.ZS,94.1
ETH,Ethiopia,2006,EG.FEC.RNEW.ZS,94.5
ETH,Ethiopia,2005,EG.FEC.RNEW.ZS,94.7
FRO,Faroe Islands,2022,EG.FEC.RNEW.ZS,7.9
FRO,Faroe Islands,2021,EG.FEC.RNEW.ZS,5.1
FRO,Faroe Islands,2020,EG.FEC.RNEW.ZS,5.3
FRO,Faroe Islands,2019,EG.FEC.RNEW.ZS,5.4
FRO,Faroe Islands,2018,EG.FEC.RNEW.ZS,5.9
FRO,Faroe Islands,2017,EG.FEC.RNEW.ZS,6.0
FRO,Faroe Islands,2016,EG.FEC.RNEW.ZS,6.3
FRO,Faroe Islands,2015,EG.FEC.RNEW.ZS,7.5
FRO,Faroe Islands,2014,EG.FEC.RNEW.ZS,6.5
FRO,Faroe Islands,2013,EG.FEC.RNEW.ZS,4.5
FRO,Faroe Islands,2012,EG.FEC.RNEW.ZS,4.7
FRO,Faroe Islands,2011,EG.FEC.RNEW.ZS,5.0
FRO,Faroe Islands,2010,EG.FEC.RNEW.ZS,3.4
FRO,Faroe Islands,2009,EG.FEC.RNEW.ZS,5.1
FRO,Faroe Islands,2008,EG.FEC.RNEW.ZS,4.5
FRO,Faroe Islands,2007,EG.FEC.RNEW.ZS,4.5
FRO,Faroe Islands,2006,EG.FEC.RNEW.ZS,4.3
FRO,Faroe Islands,2005,EG.FEC.RNEW.ZS,3.8
FJI,Fiji,2022,EG.FEC.RNEW.ZS,28.4
FJI,Fiji,2021,EG.FEC.RNEW.ZS,29.7
FJI,Fiji,2020,EG.FEC.RNEW.ZS,31.8
FJI,Fiji,2019,EG.FEC.RNEW.ZS,26.5
FJI,Fiji,2018,EG.FEC.RNEW.ZS,25.8
FJI,Fiji,2017,EG.FEC.RNEW.ZS,28.6
FJI,Fiji,2016,EG.FEC.RNEW.ZS,27.7
FJI,Fiji,2015,EG.FEC.RNEW.ZS,32.7
FJI,Fiji,2014,EG.FEC.RNEW.ZS,33.2
FJI,Fiji,2013,EG.FEC.RNEW.ZS,32.8
FJI,Fiji,2012,EG.FEC.RNEW.ZS,33.3
FJI,Fiji,2011,EG.FEC.RNEW.ZS,33.4
FJI,Fiji,2010,EG.FEC.RNEW.ZS,28.0
FJI,Fiji,2009,EG.FEC.RNEW.ZS,41.6
FJI,Fiji,2008,EG.FEC.RNEW.ZS,42.1
FJI,Fiji,2007,EG.FEC.RNEW.ZS,36.0
FJI,Fiji,2006,EG.FEC.RNEW.ZS,39.1
FJI,Fiji,2005,EG.FEC.RNEW.ZS,40.0
FIN,Finland,2021,EG.FEC.RNEW.ZS,50.2
FIN,Finland,2020,EG.FEC.RNEW.ZS,47.3
FIN,Finland,2019,EG.FEC.RNEW.ZS,45.4
FIN,Finland,2018,EG.FEC.RNEW.ZS,44.2
FIN,Finland,2017,EG.FEC.RNEW.ZS,44.4
FIN,Finland,2016,EG.FEC.RNEW.ZS,42.4
FIN,Finland,2015,EG.FEC.RNEW.ZS,43.2
FIN,Finland,2014,EG.FEC.RNEW.ZS,41.2
FIN,Finland,2013,EG.FEC.RNEW.ZS,38.5
FIN,Finland,2012,EG.FEC.RNEW.ZS,38.7
FIN,Finland,2011,EG.FEC.RNEW.ZS,35.1
FIN,Finland,2010,EG.FEC.RNEW.ZS,33.4
FIN,Finland,2009,EG.FEC.RNEW.ZS,32.5
FIN,Finland,2008,EG.FEC.RNEW.ZS,34.6
FIN,Finland,2007,EG.FEC.RNEW.ZS,31.8
FIN,Finland,2006,EG.FEC.RNEW.ZS,31.2
FIN,Finland,2005,EG.FEC.RNEW.ZS,31.5
FRA,France,2021,EG.FEC.RNEW.ZS,16.2
FRA,France,2020,EG.FEC.RNEW.ZS,16.8
FRA,France,2019,EG.FEC.RNEW.ZS,15.5
FRA,France,2018,EG.FEC.RNEW.ZS,15.2
FRA,France,2017,EG.FEC.RNEW.ZS,14.1
FRA,France,2016,EG.FEC.RNEW.ZS,14.2
FRA,France,2015,EG.FEC.RNEW.ZS,13.3
FRA,France,2014,EG.FEC.RNEW.ZS,13.2
FRA,France,2013,EG.FEC.RNEW.ZS,13.4
FRA,France,2012,EG.FEC.RNEW.ZS,12.3
FRA,France,2011,EG.FEC.RNEW.ZS,10.6
FRA,France,2010,EG.FEC.RNEW.ZS,11.9
FRA,France,2009,EG.FEC.RNEW.ZS,11.2
FRA,France,2008,EG.FEC.RNEW.ZS,10.5
FRA,France,2007,EG.FEC.RNEW.ZS,9.4
FRA,France,2006,EG.FEC.RNEW.ZS,8.5
FRA,France,2005,EG.FEC.RNEW.ZS,8.6
PYF,French Polynesia,2022,EG.FEC.RNEW.ZS,7.0
PYF,French Polynesia,2021,EG.FEC.RNEW.ZS,7.4
PYF,French Polynesia,2020,EG.FEC.RNEW.ZS,8.2
PYF,French Polynesia,2019,EG.FEC.RNEW.ZS,7.7
PYF,French Polynesia,2018,EG.FEC.RNEW.ZS,7.7
PYF,French Polynesia,2017,EG.FEC.RNEW.ZS,8.1
PYF,French Polynesia,2016,EG.FEC.RNEW.ZS,8.1
PYF,French Polynesia,2015,EG.FEC.RNEW.ZS,7.8
PYF,French Polynesia,2014,EG.FEC.RNEW.ZS,7.4
PYF,French Polynesia,2013,EG.FEC.RNEW.ZS,6.5
PYF,French Polynesia,2012,EG.FEC.RNEW.ZS,6.6
PYF,French Polynesia,2011,EG.FEC.RNEW.ZS,6.9
PYF,French Polynesia,2010,EG.FEC.RNEW.ZS,7.5
PYF,French Polynesia,2009,EG.FEC.RNEW.ZS,9.3
PYF,French Polynesia,2008,EG.FEC.RNEW.ZS,9.3
PYF,French Polynesia,2007,EG.FEC.RNEW.ZS,9.8
PYF,French Polynesia,2006,EG.FEC.RNEW.ZS,10.1
PYF,French Polynesia,2005,EG.FEC.RNEW.ZS,8.0
GAB,Gabon,2021,EG.FEC.RNEW.ZS,91.3
GAB,Gabon,2020,EG.FEC.RNEW.ZS,91.3
GAB,Gabon,2019,EG.FEC.RNEW.ZS,90.2
GAB,Gabon,2018,EG.FEC.RNEW.ZS,90.3
GAB,Gabon,2017,EG.FEC.RNEW.ZS,90.2
GAB,Gabon,2016,EG.FEC.RNEW.ZS,81.5
GAB,Gabon,2015,EG.FEC.RNEW.ZS,81.9
GAB,Gabon,2014,EG.FEC.RNEW.ZS,81.3
GAB,Gabon,2013,EG.FEC.RNEW.ZS,82.2
GAB,Gabon,2012,EG.FEC.RNEW.ZS,75.5
GAB,Gabon,2011,EG.FEC.RNEW.ZS,79.7
GAB,Gabon,2010,EG.FEC.RNEW.ZS,85.8
GAB,Gabon,2009,EG.FEC.RNEW.ZS,87.9
GAB,Gabon,2008,EG.FEC.RNEW.ZS,87.3
GAB,Gabon,2007,EG.FEC.RNEW.ZS,87.3
GAB,Gabon,2006,EG.FEC.RNEW.ZS,86.2
GAB,Gabon,2005,EG.FEC.RNEW.ZS,85.2
GMB,"Gambia, The",2022,EG.FEC.RNEW.ZS,47.7
GMB,"Gambia, The",2021,EG.FEC.RNEW.ZS,48.6
GMB,"Gambia, The",2020,EG.FEC.RNEW.ZS,49.8
GMB,"Gambia, The",2019,EG.FEC.RNEW.ZS,47.4
GMB,"Gambia, The",2018,EG.FEC.RNEW.ZS,48.1
GMB,"Gambia, The",2017,EG.FEC.RNEW.ZS,48.0
GMB,"Gambia, The",2016,EG.FEC.RNEW.ZS,48.6
GMB,"Gambia, The",2015,EG.FEC.RNEW.ZS,49.0
GMB,"Gambia, The",2014,EG.FEC.RNEW.ZS,53.2
GMB,"Gambia, The",2013,EG.FEC.RNEW.ZS,59.3
GMB,"Gambia, The",2012,EG.FEC.RNEW.ZS,57.0
GMB,"Gambia, The",2011,EG.FEC.RNEW.ZS,56.2
GMB,"Gambia, The",2010,EG.FEC.RNEW.ZS,56.6
GMB,"Gambia, The",2009,EG.FEC.RNEW.ZS,53.9
GMB,"Gambia, The",2008,EG.FEC.RNEW.ZS,56.3
GMB,"Gambia, The",2007,EG.FEC.RNEW.ZS,57.3
GMB,"Gambia, The",2006,EG.FEC.RNEW.ZS,60.2
GMB,"Gambia, The",2005,EG.FEC.RNEW.ZS,61.7
GEO,Georgia,2021,EG.FEC.RNEW.ZS,25.2
GEO,Georgia,2020,EG.FEC.RNEW.ZS,23.4
GEO,Georgia,2019,EG.FEC.RNEW.ZS,24.7
GEO,Georgia,2018,EG.FEC.RNEW.ZS,27.4
GEO,Georgia,2017,EG.FEC.RNEW.ZS,27.5
GEO,Georgia,2016,EG.FEC.RNEW.ZS,27.2
GEO,Georgia,2015,EG.FEC.RNEW.ZS,27.5
GEO,Georgia,2014,EG.FEC.RNEW.ZS,30.7
GEO,Georgia,2013,EG.FEC.RNEW.ZS,32.4
GEO,Georgia,2012,EG.FEC.RNEW.ZS,28.7
GEO,Georgia,2011,EG.FEC.RNEW.ZS,31.5
GEO,Georgia,2010,EG.FEC.RNEW.ZS,39.1
GEO,Georgia,2009,EG.FEC.RNEW.ZS,36.7
GEO,Georgia,2008,EG.FEC.RNEW.ZS,36.3
GEO,Georgia,2007,EG.FEC.RNEW.ZS,36.2
GEO,Georgia,2006,EG.FEC.RNEW.ZS,37.2
GEO,Georgia,2005,EG.FEC.RNEW.ZS,41.5
DEU,Germany,2021,EG.FEC.RNEW.ZS,17.6
DEU,Germany,2020,EG.FEC.RNEW.ZS,18.5
DEU,Germany,2019,EG.FEC.RNEW.ZS,17.1
DEU,Germany,2018,EG.FEC.RNEW.ZS,16.0
DEU,Germany,2017,EG.FEC.RNEW.ZS,15.2
DEU,Germany,2016,EG.FEC.RNEW.ZS,14.2
DEU,Germany,2015,EG.FEC.RNEW.ZS,14.6
DEU,Germany,2014,EG.FEC.RNEW.ZS,14.0
DEU,Germany,2013,EG.FEC.RNEW.ZS,13.6
DEU,Germany,2012,EG.FEC.RNEW.ZS,13.6
DEU,Germany,2011,EG.FEC.RNEW.ZS,12.5
DEU,Germany,2010,EG.FEC.RNEW.ZS,11.6
DEU,Germany,2009,EG.FEC.RNEW.ZS,10.7
DEU,Germany,2008,EG.FEC.RNEW.ZS,10.2
DEU,Germany,2007,EG.FEC.RNEW.ZS,10.5
DEU,Germany,2006,EG.FEC.RNEW.ZS,8.6
DEU,Germany,2005,EG.FEC.RNEW.ZS,7.3
GHA,Ghana,2021,EG.FEC.RNEW.ZS,39.0
GHA,Ghana,2020,EG.FEC.RNEW.ZS,40.0
GHA,Ghana,2019,EG.FEC.RNEW.ZS,42.6
GHA,Ghana,2018,EG.FEC.RNEW.ZS,42.1
GHA,Ghana,2017,EG.FEC.RNEW.ZS,45.3
GHA,Ghana,2016,EG.FEC.RNEW.ZS,45.2
GHA,Ghana,2015,EG.FEC.RNEW.ZS,44.0
GHA,Ghana,2014,EG.FEC.RNEW.ZS,47.7
GHA,Ghana,2013,EG.FEC.RNEW.ZS,46.2
GHA,Ghana,2012,EG.FEC.RNEW.ZS,46.5
GHA,Ghana,2011,EG.FEC.RNEW.ZS,50.1
GHA,Ghana,2010,EG.FEC.RNEW.ZS,51.9
GHA,Ghana,2009,EG.FEC.RNEW.ZS,51.9
GHA,Ghana,2008,EG.FEC.RNEW.ZS,57.3
GHA,Ghana,2007,EG.FEC.RNEW.ZS,54.5
GHA,Ghana,2006,EG.FEC.RNEW.ZS,58.6
GHA,Ghana,2005,EG.FEC.RNEW.ZS,61.4
GIB,Gibraltar,2021,EG.FEC.RNEW.ZS,0.0
GIB,Gibraltar,2020,EG.FEC.RNEW.ZS,0.0
GIB,Gibraltar,2019,EG.FEC.RNEW.ZS,0.0
GIB,Gibraltar,2018,EG.FEC.RNEW.ZS,0.0
GIB,Gibraltar,2017,EG.FEC.RNEW.ZS,0.0
GIB,Gibraltar,2016,EG.FEC.RNEW.ZS,0.0
GIB,Gibraltar,2015,EG.FEC.RNEW.ZS,0.0
GIB,Gibraltar,2014,EG.FEC.RNEW.ZS,0.0
GIB,Gibraltar,2013,EG.FEC.RNEW.ZS,0.0
GIB,Gibraltar,2012,EG.FEC.RNEW.ZS,0.0
GIB,Gibraltar,2011,EG.FEC.RNEW.ZS,0.0
GIB,Gibraltar,2010,EG.FEC.RNEW.ZS,0.0
GIB,Gibraltar,2009,EG.FEC.RNEW.ZS,0.0
GIB,Gibraltar,2008,EG.FEC.RNEW.ZS,0.0
GIB,Gibraltar,2007,EG.FEC.RNEW.ZS,0.0
GIB,Gibraltar,2006,EG.FEC.RNEW.ZS,0.0
GIB,Gibraltar,2005,EG.FEC.RNEW.ZS,0.0
GRC,Greece,2021,EG.FEC.RNEW.ZS,21.5
GRC,Greece,2020,EG.FEC.RNEW.ZS,20.1
GRC,Greece,2019,EG.FEC.RNEW.ZS,18.5
GRC,Greece,2018,EG.FEC.RNEW.ZS,17.9
GRC,Greece,2017,EG.FEC.RNEW.ZS,16.4
GRC,Greece,2016,EG.FEC.RNEW.ZS,16.4
GRC,Greece,2015,EG.FEC.RNEW.ZS,17.5
GRC,Greece,2014,EG.FEC.RNEW.ZS,16.4
GRC,Greece,2013,EG.FEC.RNEW.ZS,16.6
GRC,Greece,2012,EG.FEC.RNEW.ZS,14.2
GRC,Greece,2011,EG.FEC.RNEW.ZS,11.4
GRC,Greece,2010,EG.FEC.RNEW.ZS,11.4
GRC,Greece,2009,EG.FEC.RNEW.ZS,9.2
GRC,Greece,2008,EG.FEC.RNEW.ZS,8.3
GRC,Greece,2007,EG.FEC.RNEW.ZS,8.1
GRC,Greece,2006,EG.FEC.RNEW.ZS,8.5
GRC,Greece,2005,EG.FEC.RNEW.ZS,8.0
GRL,Greenland,2022,EG.FEC.RNEW.ZS,11.7
GRL,Greenland,2021,EG.FEC.RNEW.ZS,11.6
GRL,Greenland,2020,EG.FEC.RNEW.ZS,11.8
GRL,Greenland,2019,EG.FEC.RNEW.ZS,10.9
GRL,Greenland,2018,EG.FEC.RNEW.ZS,11.4
GRL,Greenland,2017,EG.FEC.RNEW.ZS,11.3
GRL,Greenland,2016,EG.FEC.RNEW.ZS,12.4
GRL,Greenland,2015,EG.FEC.RNEW.ZS,13.1
GRL,Greenland,2014,EG.FEC.RNEW.ZS,12.5
GRL,Greenland,2013,EG.FEC.RNEW.ZS,11.2
GRL,Greenland,2012,EG.FEC.RNEW.ZS,10.1
GRL,Greenland,2011,EG.FEC.RNEW.ZS,10.2
GRL,Greenland,2010,EG.FEC.RNEW.ZS,10.1
GRL,Greenland,2009,EG.FEC.RNEW.ZS,8.8
GRL,Greenland,2008,EG.FEC.RNEW.ZS,6.9
GRL,Greenland,2007,EG.FEC.RNEW.ZS,6.9
GRL,Greenland,2006,EG.FEC.RNEW.ZS,7.1
GRL,Greenland,2005,EG.FEC.RNEW.ZS,7.0
GRD,Grenada,2022,EG.FEC.RNEW.ZS,10.0
GRD,Grenada,2021,EG.FEC.RNEW.ZS,10.2
GRD,Grenada,2020,EG.FEC.RNEW.ZS,10.3
GRD,Grenada,2019,EG.FEC.RNEW.ZS,10.4
GRD,Grenada,2018,EG.FEC.RNEW.ZS,10.7
GRD,Grenada,2017,EG.FEC.RNEW.ZS,10.2
GRD,Grenada,2016,EG.FEC.RNEW.ZS,10.4
GRD,Grenada,2015,EG.FEC.RNEW.ZS,10.5
GRD,Grenada,2014,EG.FEC.RNEW.ZS,11.0
GRD,Grenada,2013,EG.FEC.RNEW.ZS,10.8
GRD,Grenada,2012,EG.FEC.RNEW.ZS,11.5
GRD,Grenada,2011,EG.FEC.RNEW.ZS,11.4
GRD,Grenada,2010,EG.FEC.RNEW.ZS,10.8
GRD,Grenada,2009,EG.FEC.RNEW.ZS,10.5
GRD,Grenada,2008,EG.FEC.RNEW.ZS,10.8
GRD,Grenada,2007,EG.FEC.RNEW.ZS,9.9
GRD,Grenada,2006,EG.FEC.RNEW.ZS,10.4
GRD,Grenada,2005,EG.FEC.RNEW.ZS,10.6
GUM,Guam,2022,EG.FEC.RNEW.ZS,6.7
GUM,Guam,2021,EG.FEC.RNEW.ZS,4.5
GUM,Guam,2020,EG.FEC.RNEW.ZS,4.6
GUM,Guam,2019,EG.FEC.RNEW.ZS,4.5
GUM,Guam,2018,EG.FEC.RNEW.ZS,4.5
GUM,Guam,2017,EG.FEC.RNEW.ZS,3.9
GUM,Guam,2016,EG.FEC.RNEW.ZS,4.4
GUM,Guam,2015,EG.FEC.RNEW.ZS,2.3
GUM,Guam,2014,EG.FEC.RNEW.ZS,0.7
GUM,Guam,2013,EG.FEC.RNEW.ZS,0.6
GUM,Guam,2012,EG.FEC.RNEW.ZS,0.5
GUM,Guam,2011,EG.FEC.RNEW.ZS,0.5
GUM,Guam,2010,EG.FEC.RNEW.ZS,0.5
GUM,Guam,2009,EG.FEC.RNEW.ZS,0.5
GUM,Guam,2008,EG.FEC.RNEW.ZS,0.4
GUM,Guam,2007,EG.FEC.RNEW.ZS,0.4
GUM,Guam,2006,EG.FEC.RNEW.ZS,0.4
GUM,Guam,2005,EG.FEC.RNEW.ZS,0.4
GTM,Guatemala,2021,EG.FEC.RNEW.ZS,62.1
GTM,Guatemala,2020,EG.FEC.RNEW.ZS,65.5
GTM,Guatemala,2019,EG.FEC.RNEW.ZS,62.8
GTM,Guatemala,2018,EG.FEC.RNEW.ZS,64.0
GTM,Guatemala,2017,EG.FEC.RNEW.ZS,65.0
GTM,Guatemala,2016,EG.FEC.RNEW.ZS,63.2
GTM,Guatemala,2015,EG.FEC.RNEW.ZS,63.3
GTM,Guatemala,2014,EG.FEC.RNEW.ZS,66.2
GTM,Guatemala,2013,EG.FEC.RNEW.ZS,67.2
GTM,Guatemala,2012,EG.FEC.RNEW.ZS,67.4
GTM,Guatemala,2011,EG.FEC.RNEW.ZS,67.1
GTM,Guatemala,2010,EG.FEC.RNEW.ZS,67.1
GTM,Guatemala,2009,EG.FEC.RNEW.ZS,65.3
GTM,Guatemala,2008,EG.FEC.RNEW.ZS,66.5
GTM,Guatemala,2007,EG.FEC.RNEW.ZS,63.3
GTM,Guatemala,2006,EG.FEC.RNEW.ZS,64.7
GTM,Guatemala,2005,EG.FEC.RNEW.ZS,65.2
GIN,Guinea,2022,EG.FEC.RNEW.ZS,66.6
GIN,Guinea,2021,EG.FEC.RNEW.ZS,66.8
GIN,Guinea,2020,EG.FEC.RNEW.ZS,65.8
GIN,Guinea,2019,EG.FEC.RNEW.ZS,68.3
GIN,Guinea,2018,EG.FEC.RNEW.ZS,73.2
GIN,Guinea,2017,EG.FEC.RNEW.ZS,72.0
GIN,Guinea,2016,EG.FEC.RNEW.ZS,75.3
GIN,Guinea,2015,EG.FEC.RNEW.ZS,76.2
GIN,Guinea,2014,EG.FEC.RNEW.ZS,78.6
GIN,Guinea,2013,EG.FEC.RNEW.ZS,78.5
GIN,Guinea,2012,EG.FEC.RNEW.ZS,76.4
GIN,Guinea,2011,EG.FEC.RNEW.ZS,74.8
GIN,Guinea,2010,EG.FEC.RNEW.ZS,75.7
GIN,Guinea,2009,EG.FEC.RNEW.ZS,79.2
GIN,Guinea,2008,EG.FEC.RNEW.ZS,80.2
GIN,Guinea,2007,EG.FEC.RNEW.ZS,80.4
GIN,Guinea,2006,EG.FEC.RNEW.ZS,81.1
GIN,Guinea,2005,EG.FEC.RNEW.ZS,81.6
GNB,Guinea-Bissau,2022,EG.FEC.RNEW.ZS,87.4
GNB,Guinea-Bissau,2021,EG.FEC.RNEW.ZS,87.4
GNB,Guinea-Bissau,2020,EG.FEC.RNEW.ZS,87.2
GNB,Guinea-Bissau,2019,EG.FEC.RNEW.ZS,86.2
GNB,Guinea-Bissau,2018,EG.FEC.RNEW.ZS,86.6
GNB,Guinea-Bissau,2017,EG.FEC.RNEW.ZS,86.8
GNB,Guinea-Bissau,2016,EG.FEC.RNEW.ZS,86.8
GNB,Guinea-Bissau,2015,EG.FEC.RNEW.ZS,87.2
GNB,Guinea-Bissau,2014,EG.FEC.RNEW.ZS,87.3
GNB,Guinea-Bissau,2013,EG.FEC.RNEW.ZS,87.7
GNB,Guinea-Bissau,2012,EG.FEC.RNEW.ZS,87.8
GNB,Guinea-Bissau,2011,EG.FEC.RNEW.ZS,87.9
GNB,Guinea-Bissau,2010,EG.FEC.RNEW.ZS,87.8
GNB,Guinea-Bissau,2009,EG.FEC.RNEW.ZS,87.9
GNB,Guinea-Bissau,2008,EG.FEC.RNEW.ZS,88.4
GNB,Guinea-Bissau,2007,EG.FEC.RNEW.ZS,87.9
GNB,Guinea-Bissau,2006,EG.FEC.RNEW.ZS,88.3
GNB,Guinea-Bissau,2005,EG.FEC.RNEW.ZS,88.5
GUY,Guyana,2022,EG.FEC.RNEW.ZS,12.1
GUY,Guyana,2021,EG.FEC.RNEW.ZS,13.2
GUY,Guyana,2020,EG.FEC.RNEW.ZS,12.0
GUY,Guyana,2019,EG.FEC.RNEW.ZS,11.3
GUY,Guyana,2018,EG.FEC.RNEW.ZS,16.8
GUY,Guyana,2017,EG.FEC.RNEW.ZS,22.1
GUY,Guyana,2016,EG.FEC.RNEW.ZS,21.3
GUY,Guyana,2015,EG.FEC.RNEW.ZS,25.0
GUY,Guyana,2014,EG.FEC.RNEW.ZS,24.0
GUY,Guyana,2013,EG.FEC.RNEW.ZS,26.9
GUY,Guyana,2012,EG.FEC.RNEW.ZS,28.7
GUY,Guyana,2011,EG.FEC.RNEW.ZS,32.8
GUY,Guyana,2010,EG.FEC.RNEW.ZS,30.6
GUY,Guyana,2009,EG.FEC.RNEW.ZS,31.3
GUY,Guyana,2008,EG.FEC.RNEW.ZS,32.6
GUY,Guyana,2007,EG.FEC.RNEW.ZS,33.1
GUY,Guyana,2006,EG.FEC.RNEW.ZS,36.8
GUY,Guyana,2005,EG.FEC.RNEW.ZS,34.7
HTI,Haiti,2021,EG.FEC.RNEW.ZS,76.7
HTI,Haiti,2020,EG.FEC.RNEW.ZS,76.3
HTI,Haiti,2019,EG.FEC.RNEW.ZS,76.4
HTI,Haiti,2018,EG.FEC.RNEW.ZS,76.2
HTI,Haiti,2017,EG.FEC.RNEW.ZS,76.2
HTI,Haiti,2016,EG.FEC.RNEW.ZS,76.1
HTI,Haiti,2015,EG.FEC.RNEW.ZS,76.1
HTI,Haiti,2014,EG.FEC.RNEW.ZS,77.8
HTI,Haiti,2013,EG.FEC.RNEW.ZS,80.4
HTI,Haiti,2012,EG.FEC.RNEW.ZS,82.2
HTI,Haiti,2011,EG.FEC.RNEW.ZS,79.0
HTI,Haiti,2010,EG.FEC.RNEW.ZS,79.0
HTI,Haiti,2009,EG.FEC.RNEW.ZS,80.3
HTI,Haiti,2008,EG.FEC.RNEW.ZS,79.6
HTI,Haiti,2007,EG.FEC.RNEW.ZS,79.3
HTI,Haiti,2006,EG.FEC.RNEW.ZS,81.4
HTI,Haiti,2005,EG.FEC.RNEW.ZS,81.1
HND,Honduras,2021,EG.FEC.RNEW.ZS,45.9
HND,Honduras,2020,EG.FEC.RNEW.ZS,50.2
HND,Honduras,2019,EG.FEC.RNEW.ZS,46.2
HND,Honduras,2018,EG.FEC.RNEW.ZS,48.9
HND,Honduras,2017,EG.FEC.RNEW.ZS,45.6
HND,Honduras,2016,EG.FEC.RNEW.ZS,52.7
HND,Honduras,2015,EG.FEC.RNEW.ZS,50.8
HND,Honduras,2014,EG.FEC.RNEW.ZS,52.2
HND,Honduras,2013,EG.FEC.RNEW.ZS,51.1
HND,Honduras,2012,EG.FEC.RNEW.ZS,49.3
HND,Honduras,2011,EG.FEC.RNEW.ZS,50.9
HND,Honduras,2010,EG.FEC.RNEW.ZS,53.6
HND,Honduras,2009,EG.FEC.RNEW.ZS,50.5
HND,Honduras,2008,EG.FEC.RNEW.ZS,50.0
HND,Honduras,2007,EG.FEC.RNEW.ZS,50.6
HND,Honduras,2006,EG.FEC.RNEW.ZS,52.2
HND,Honduras,2005,EG.FEC.RNEW.ZS,51.4
HKG,"Hong Kong SAR, China",2021,EG.FEC.RNEW.ZS,0.4
HKG,"Hong Kong SAR, China",2020,EG.FEC.RNEW.ZS,0.3
HKG,"Hong Kong SAR, China",2019,EG.FEC.RNEW.ZS,0.2
HKG,"Hong Kong SAR, China",2018,EG.FEC.RNEW.ZS,0.2
HKG,"Hong Kong SAR, China",2017,EG.FEC.RNEW.ZS,0.2
HKG,"Hong Kong SAR, China",2016,EG.FEC.RNEW.ZS,0.2
HKG,"Hong Kong SAR, China",2015,EG.FEC.RNEW.ZS,0.2
HKG,"Hong Kong SAR, China",2014,EG.FEC.RNEW.ZS,0.2
HKG,"Hong Kong SAR, China",2013,EG.FEC.RNEW.ZS,0.3
HKG,"Hong Kong SAR, China",2012,EG.FEC.RNEW.ZS,0.2
HKG,"Hong Kong SAR, China",2011,EG.FEC.RNEW.ZS,0.5
HKG,"Hong Kong SAR, China",2010,EG.FEC.RNEW.ZS,0.1
HKG,"Hong Kong SAR, China",2009,EG.FEC.RNEW.ZS,0.1
HKG,"Hong Kong SAR, China",2008,EG.FEC.RNEW.ZS,0.1
HKG,"Hong Kong SAR, China",2007,EG.FEC.RNEW.ZS,0.1
HKG,"Hong Kong SAR, China",2006,EG.FEC.RNEW.ZS,0.1
HKG,"Hong Kong SAR, China",2005,EG.FEC.RNEW.ZS,0.1
HUN,Hungary,2021,EG.FEC.RNEW.ZS,15.3
HUN,Hungary,2020,EG.FEC.RNEW.ZS,14.8
HUN,Hungary,2019,EG.FEC.RNEW.ZS,13.6
HUN,Hungary,2018,EG.FEC.RNEW.ZS,13.6
HUN,Hungary,2017,EG.FEC.RNEW.ZS,14.6
HUN,Hungary,2016,EG.FEC.RNEW.ZS,15.3
HUN,Hungary,2015,EG.FEC.RNEW.ZS,15.6
HUN,Hungary,2014,EG.FEC.RNEW.ZS,15.7
HUN,Hungary,2013,EG.FEC.RNEW.ZS,17.2
HUN,Hungary,2012,EG.FEC.RNEW.ZS,16.5
HUN,Hungary,2011,EG.FEC.RNEW.ZS,14.7
HUN,Hungary,2010,EG.FEC.RNEW.ZS,13.5
HUN,Hungary,2009,EG.FEC.RNEW.ZS,12.3
HUN,Hungary,2008,EG.FEC.RNEW.ZS,9.0
HUN,Hungary,2007,EG.FEC.RNEW.ZS,9.0
HUN,Hungary,2006,EG.FEC.RNEW.ZS,7.9
HUN,Hungary,2005,EG.FEC.RNEW.ZS,7.3
ISL,Iceland,2021,EG.FEC.RNEW.ZS,82.4
ISL,Iceland,2020,EG.FEC.RNEW.ZS,82.9
ISL,Iceland,2019,EG.FEC.RNEW.ZS,81.7
ISL,Iceland,2018,EG.FEC.RNEW.ZS,81.4
ISL,Iceland,2017,EG.FEC.RNEW.ZS,80.8
ISL,Iceland,2016,EG.FEC.RNEW.ZS,80.9
ISL,Iceland,2015,EG.FEC.RNEW.ZS,78.0
ISL,Iceland,2014,EG.FEC.RNEW.ZS,77.6
ISL,Iceland,2013,EG.FEC.RNEW.ZS,76.8
ISL,Iceland,2012,EG.FEC.RNEW.ZS,77.7
ISL,Iceland,2011,EG.FEC.RNEW.ZS,77.1
ISL,Iceland,2010,EG.FEC.RNEW.ZS,76.0
ISL,Iceland,2009,EG.FEC.RNEW.ZS,74.7
ISL,Iceland,2008,EG.FEC.RNEW.ZS,74.0
ISL,Iceland,2007,EG.FEC.RNEW.ZS,67.6
ISL,Iceland,2006,EG.FEC.RNEW.ZS,64.2
ISL,Iceland,2005,EG.FEC.RNEW.ZS,62.7
IND,India,2021,EG.FEC.RNEW.ZS,34.9
IND,India,2020,EG.FEC.RNEW.ZS,36.1
IND,India,2019,EG.FEC.RNEW.ZS,33.5
IND,India,2018,EG.FEC.RNEW.ZS,32.9
IND,India,2017,EG.FEC.RNEW.ZS,32.5
IND,India,2016,EG.FEC.RNEW.ZS,33.0
IND,India,2015,EG.FEC.RNEW.ZS,33.4
IND,India,2014,EG.FEC.RNEW.ZS,33.9
IND,India,2013,EG.FEC.RNEW.ZS,34.9
IND,India,2012,EG.FEC.RNEW.ZS,34.8
IND,India,2011,EG.FEC.RNEW.ZS,35.0
IND,India,2010,EG.FEC.RNEW.ZS,36.2
IND,India,2009,EG.FEC.RNEW.ZS,37.4
IND,India,2008,EG.FEC.RNEW.ZS,39.4
IND,India,2007,EG.FEC.RNEW.ZS,41.5
IND,India,2006,EG.FEC.RNEW.ZS,43.2
IND,India,2005,EG.FEC.RNEW.ZS,44.2
IDN,Indonesia,2021,EG.FEC.RNEW.ZS,20.2
IDN,Indonesia,2020,EG.FEC.RNEW.ZS,21.9
IDN,Indonesia,2019,EG.FEC.RNEW.ZS,19.8
IDN,Indonesia,2018,EG.FEC.RNEW.ZS,22.0
IDN,Indonesia,2017,EG.FEC.RNEW.ZS,25.2
IDN,Indonesia,2016,EG.FEC.RNEW.ZS,27.8
IDN,Indonesia,2015,EG.FEC.RNEW.ZS,26.6
IDN,Indonesia,2014,EG.FEC.RNEW.ZS,29.3
IDN,Indonesia,2013,EG.FEC.RNEW.ZS,30.6
IDN,Indonesia,2012,EG.FEC.RNEW.ZS,30.1
IDN,Indonesia,2011,EG.FEC.RNEW.ZS,32.4
IDN,Indonesia,2010,EG.FEC.RNEW.ZS,36.0
IDN,Indonesia,2009,EG.FEC.RNEW.ZS,38.2
IDN,Indonesia,2008,EG.FEC.RNEW.ZS,41.1
IDN,Indonesia,2007,EG.FEC.RNEW.ZS,40.0
IDN,Indonesia,2006,EG.FEC.RNEW.ZS,40.1
IDN,Indonesia,2005,EG.FEC.RNEW.ZS,41.6
IRN,"Iran, Islamic Rep.",2021,EG.FEC.RNEW.ZS,0.9
IRN,"Iran, Islamic Rep.",2020,EG.FEC.RNEW.ZS,0.9
IRN,"Iran, Islamic Rep.",2019,EG.FEC.RNEW.ZS,1.0
IRN,"Iran, Islamic Rep.",2018,EG.FEC.RNEW.ZS,1.0
IRN,"Iran, Islamic Rep.",2017,EG.FEC.RNEW.ZS,1.0
IRN,"Iran, Islamic Rep.",2016,EG.FEC.RNEW.ZS,1.0
IRN,"Iran, Islamic Rep.",2015,EG.FEC.RNEW.ZS,0.9
IRN,"Iran, Islamic Rep.",2014,EG.FEC.RNEW.ZS,0.9
IRN,"Iran, Islamic Rep.",2013,EG.FEC.RNEW.ZS,1.0
IRN,"Iran, Islamic Rep.",2012,EG.FEC.RNEW.ZS,0.9
IRN,"Iran, Islamic Rep.",2011,EG.FEC.RNEW.ZS,0.9
IRN,"Iran, Islamic Rep.",2010,EG.FEC.RNEW.ZS,0.9
IRN,"Iran, Islamic Rep.",2009,EG.FEC.RNEW.ZS,0.8
IRN,"Iran, Islamic Rep.",2008,EG.FEC.RNEW.ZS,0.7
IRN,"Iran, Islamic Rep.",2007,EG.FEC.RNEW.ZS,1.3
IRN,"Iran, Islamic Rep.",2006,EG.FEC.RNEW.ZS,1.4
IRN,"Iran, Islamic Rep.",2005,EG.FEC.RNEW.ZS,1.4
IRQ,Iraq,2021,EG.FEC.RNEW.ZS,1.1
IRQ,Iraq,2020,EG.FEC.RNEW.ZS,1.1
IRQ,Iraq,2019,EG.FEC.RNEW.ZS,0.9
IRQ,Iraq,2018,EG.FEC.RNEW.ZS,0.5
IRQ,Iraq,2017,EG.FEC.RNEW.ZS,0.5
IRQ,Iraq,2016,EG.FEC.RNEW.ZS,0.9
IRQ,Iraq,2015,EG.FEC.RNEW.ZS,0.8
IRQ,Iraq,2014,EG.FEC.RNEW.ZS,1.0
IRQ,Iraq,2013,EG.FEC.RNEW.ZS,1.5
IRQ,Iraq,2012,EG.FEC.RNEW.ZS,1.3
IRQ,Iraq,2011,EG.FEC.RNEW.ZS,1.1
IRQ,Iraq,2010,EG.FEC.RNEW.ZS,1.7
IRQ,Iraq,2009,EG.FEC.RNEW.ZS,1.2
IRQ,Iraq,2008,EG.FEC.RNEW.ZS,1.1
IRQ,Iraq,2007,EG.FEC.RNEW.ZS,2.0
IRQ,Iraq,2006,EG.FEC.RNEW.ZS,2.6
IRQ,Iraq,2005,EG.FEC.RNEW.ZS,2.4
IRL,Ireland,2021,EG.FEC.RNEW.ZS,12.7
IRL,Ireland,2020,EG.FEC.RNEW.ZS,13.7
IRL,Ireland,2019,EG.FEC.RNEW.ZS,12.3
IRL,Ireland,2018,EG.FEC.RNEW.ZS,10.8
IRL,Ireland,2017,EG.FEC.RNEW.ZS,10.1
IRL,Ireland,2016,EG.FEC.RNEW.ZS,8.6
IRL,Ireland,2015,EG.FEC.RNEW.ZS,9.5
IRL,Ireland,2014,EG.FEC.RNEW.ZS,8.8
IRL,Ireland,2013,EG.FEC.RNEW.ZS,7.7
IRL,Ireland,2012,EG.FEC.RNEW.ZS,6.9
IRL,Ireland,2011,EG.FEC.RNEW.ZS,7.0
IRL,Ireland,2010,EG.FEC.RNEW.ZS,5.3
IRL,Ireland,2009,EG.FEC.RNEW.ZS,5.3
IRL,Ireland,2008,EG.FEC.RNEW.ZS,4.2
IRL,Ireland,2007,EG.FEC.RNEW.ZS,3.5
IRL,Ireland,2006,EG.FEC.RNEW.ZS,3.2
IRL,Ireland,2005,EG.FEC.RNEW.ZS,2.9
IMN,Isle of Man,2022,EG.FEC.RNEW.ZS,2.7
IMN,Isle of Man,2021,EG.FEC.RNEW.ZS,3.2
IMN,Isle of Man,2020,EG.FEC.RNEW.ZS,2.0
IMN,Isle of Man,2019,EG.FEC.RNEW.ZS,1.9
IMN,Isle of Man,2018,EG.FEC.RNEW.ZS,2.0
IMN,Isle of Man,2017,EG.FEC.RNEW.ZS,1.9
IMN,Isle of Man,2016,EG.FEC.RNEW.ZS,1.9
IMN,Isle of Man,2015,EG.FEC.RNEW.ZS,2.2
IMN,Isle of Man,2014,EG.FEC.RNEW.ZS,1.9
IMN,Isle of Man,2013,EG.FEC.RNEW.ZS,2.1
IMN,Isle of Man,2012,EG.FEC.RNEW.ZS,3.5
IMN,Isle of Man,2011,EG.FEC.RNEW.ZS,2.9
IMN,Isle of Man,2010,EG.FEC.RNEW.ZS,1.9
IMN,Isle of Man,2009,EG.FEC.RNEW.ZS,1.9
IMN,Isle of Man,2008,EG.FEC.RNEW.ZS,1.3
IMN,Isle of Man,2007,EG.FEC.RNEW.ZS,1.9
IMN,Isle of Man,2006,EG.FEC.RNEW.ZS,3.3
IMN,Isle of Man,2005,EG.FEC.RNEW.ZS,2.7
ISR,Israel,2021,EG.FEC.RNEW.ZS,6.2
ISR,Israel,2020,EG.FEC.RNEW.ZS,5.6
ISR,Israel,2019,EG.FEC.RNEW.ZS,4.5
ISR,Israel,2018,EG.FEC.RNEW.ZS,3.8
ISR,Israel,2017,EG.FEC.RNEW.ZS,3.9
ISR,Israel,2016,EG.FEC.RNEW.ZS,4.0
ISR,Israel,2015,EG.FEC.RNEW.ZS,3.7
ISR,Israel,2014,EG.FEC.RNEW.ZS,3.7
ISR,Israel,2013,EG.FEC.RNEW.ZS,3.3
ISR,Israel,2012,EG.FEC.RNEW.ZS,2.9
ISR,Israel,2011,EG.FEC.RNEW.ZS,9.1
ISR,Israel,2010,EG.FEC.RNEW.ZS,8.6
ISR,Israel,2009,EG.FEC.RNEW.ZS,8.5
ISR,Israel,2008,EG.FEC.RNEW.ZS,8.9
ISR,Israel,2007,EG.FEC.RNEW.ZS,6.7
ISR,Israel,2006,EG.FEC.RNEW.ZS,6.9
ISR,Israel,2005,EG.FEC.RNEW.ZS,7.0
ITA,Italy,2021,EG.FEC.RNEW.ZS,17.5
ITA,Italy,2020,EG.FEC.RNEW.ZS,18.7
ITA,Italy,2019,EG.FEC.RNEW.ZS,17.3
ITA,Italy,2018,EG.FEC.RNEW.ZS,17.1
ITA,Italy,2017,EG.FEC.RNEW.ZS,16.4
ITA,Italy,2016,EG.FEC.RNEW.ZS,16.1
ITA,Italy,2015,EG.FEC.RNEW.ZS,16.6
ITA,Italy,2014,EG.FEC.RNEW.ZS,17.1
ITA,Italy,2013,EG.FEC.RNEW.ZS,16.3
ITA,Italy,2012,EG.FEC.RNEW.ZS,14.4
ITA,Italy,2011,EG.FEC.RNEW.ZS,11.9
ITA,Italy,2010,EG.FEC.RNEW.ZS,12.8
ITA,Italy,2009,EG.FEC.RNEW.ZS,12.5
ITA,Italy,2008,EG.FEC.RNEW.ZS,10.8
ITA,Italy,2007,EG.FEC.RNEW.ZS,8.7
ITA,Italy,2006,EG.FEC.RNEW.ZS,7.5
ITA,Italy,2005,EG.FEC.RNEW.ZS,6.7
JAM,Jamaica,2021,EG.FEC.RNEW.ZS,10.5
JAM,Jamaica,2020,EG.FEC.RNEW.ZS,11.7
JAM,Jamaica,2019,EG.FEC.RNEW.ZS,9.2
JAM,Jamaica,2018,EG.FEC.RNEW.ZS,8.9
JAM,Jamaica,2017,EG.FEC.RNEW.ZS,11.0
JAM,Jamaica,2016,EG.FEC.RNEW.ZS,11.1
JAM,Jamaica,2015,EG.FEC.RNEW.ZS,12.1
JAM,Jamaica,2014,EG.FEC.RNEW.ZS,11.9
JAM,Jamaica,2013,EG.FEC.RNEW.ZS,11.4
JAM,Jamaica,2012,EG.FEC.RNEW.ZS,12.2
JAM,Jamaica,2011,EG.FEC.RNEW.ZS,9.8
JAM,Jamaica,2010,EG.FEC.RNEW.ZS,8.9
JAM,Jamaica,2009,EG.FEC.RNEW.ZS,7.4
JAM,Jamaica,2008,EG.FEC.RNEW.ZS,5.9
JAM,Jamaica,2007,EG.FEC.RNEW.ZS,5.3
JAM,Jamaica,2006,EG.FEC.RNEW.ZS,4.8
JAM,Jamaica,2005,EG.FEC.RNEW.ZS,5.4
JPN,Japan,2021,EG.FEC.RNEW.ZS,8.8
JPN,Japan,2020,EG.FEC.RNEW.ZS,8.5
JPN,Japan,2019,EG.FEC.RNEW.ZS,7.8
JPN,Japan,2018,EG.FEC.RNEW.ZS,7.3
JPN,Japan,2017,EG.FEC.RNEW.ZS,6.9
JPN,Japan,2016,EG.FEC.RNEW.ZS,6.4
JPN,Japan,2015,EG.FEC.RNEW.ZS,6.2
JPN,Japan,2014,EG.FEC.RNEW.ZS,5.6
JPN,Japan,2013,EG.FEC.RNEW.ZS,5.0
JPN,Japan,2012,EG.FEC.RNEW.ZS,4.7
JPN,Japan,2011,EG.FEC.RNEW.ZS,4.8
JPN,Japan,2010,EG.FEC.RNEW.ZS,4.7
JPN,Japan,2009,EG.FEC.RNEW.ZS,4.5
JPN,Japan,2008,EG.FEC.RNEW.ZS,4.4
JPN,Japan,2007,EG.FEC.RNEW.ZS,4.3
JPN,Japan,2006,EG.FEC.RNEW.ZS,4.4
JPN,Japan,2005,EG.FEC.RNEW.ZS,4.0
JOR,Jordan,2021,EG.FEC.RNEW.ZS,11.5
JOR,Jordan,2020,EG.FEC.RNEW.ZS,10.7
JOR,Jordan,2019,EG.FEC.RNEW.ZS,8.5
JOR,Jordan,2018,EG.FEC.RNEW.ZS,7.2
JOR,Jordan,2017,EG.FEC.RNEW.ZS,5.3
JOR,Jordan,2016,EG.FEC.RNEW.ZS,4.7
JOR,Jordan,2015,EG.FEC.RNEW.ZS,3.2
JOR,Jordan,2014,EG.FEC.RNEW.ZS,3.1
JOR,Jordan,2013,EG.FEC.RNEW.ZS,3.1
JOR,Jordan,2012,EG.FEC.RNEW.ZS,2.9
JOR,Jordan,2011,EG.FEC.RNEW.ZS,3.0
JOR,Jordan,2010,EG.FEC.RNEW.ZS,3.0
JOR,Jordan,2009,EG.FEC.RNEW.ZS,2.8
JOR,Jordan,2008,EG.FEC.RNEW.ZS,2.7
JOR,Jordan,2007,EG.FEC.RNEW.ZS,2.3
JOR,Jordan,2006,EG.FEC.RNEW.ZS,2.3
JOR,Jordan,2005,EG.FEC.RNEW.ZS,1.7
KAZ,Kazakhstan,2021,EG.FEC.RNEW.ZS,2.0
KAZ,Kazakhstan,2020,EG.FEC.RNEW.ZS,1.8
KAZ,Kazakhstan,2019,EG.FEC.RNEW.ZS,1.9
KAZ,Kazakhstan,2018,EG.FEC.RNEW.ZS,1.9
KAZ,Kazakhstan,2017,EG.FEC.RNEW.ZS,2.0
KAZ,Kazakhstan,2016,EG.FEC.RNEW.ZS,2.1
KAZ,Kazakhstan,2015,EG.FEC.RNEW.ZS,1.7
KAZ,Kazakhstan,2014,EG.FEC.RNEW.ZS,1.3
KAZ,Kazakhstan,2013,EG.FEC.RNEW.ZS,1.2
KAZ,Kazakhstan,2012,EG.FEC.RNEW.ZS,1.3
KAZ,Kazakhstan,2011,EG.FEC.RNEW.ZS,1.4
KAZ,Kazakhstan,2010,EG.FEC.RNEW.ZS,1.4
KAZ,Kazakhstan,2009,EG.FEC.RNEW.ZS,1.3
KAZ,Kazakhstan,2008,EG.FEC.RNEW.ZS,1.1
KAZ,Kazakhstan,2007,EG.FEC.RNEW.ZS,1.8
KAZ,Kazakhstan,2006,EG.FEC.RNEW.ZS,2.1
KAZ,Kazakhstan,2005,EG.FEC.RNEW.ZS,2.1
KEN,Kenya,2021,EG.FEC.RNEW.ZS,67.7
KEN,Kenya,2020,EG.FEC.RNEW.ZS,69.0
KEN,Kenya,2019,EG.FEC.RNEW.ZS,68.1
KEN,Kenya,2018,EG.FEC.RNEW.ZS,68.7
KEN,Kenya,2017,EG.FEC.RNEW.ZS,68.1
KEN,Kenya,2016,EG.FEC.RNEW.ZS,68.3
KEN,Kenya,2015,EG.FEC.RNEW.ZS,69.2
KEN,Kenya,2014,EG.FEC.RNEW.ZS,71.8
KEN,Kenya,2013,EG.FEC.RNEW.ZS,74.3
KEN,Kenya,2012,EG.FEC.RNEW.ZS,76.2
KEN,Kenya,2011,EG.FEC.RNEW.ZS,74.7
KEN,Kenya,2010,EG.FEC.RNEW.ZS,74.0
KEN,Kenya,2009,EG.FEC.RNEW.ZS,75.6
KEN,Kenya,2008,EG.FEC.RNEW.ZS,78.2
KEN,Kenya,2007,EG.FEC.RNEW.ZS,78.2
KEN,Kenya,2006,EG.FEC.RNEW.ZS,77.6
KEN,Kenya,2005,EG.FEC.RNEW.ZS,79.2
KIR,Kiribati,2022,EG.FEC.RNEW.ZS,41.9
KIR,Kiribati,2021,EG.FEC.RNEW.ZS,42.2
KIR,Kiribati,2020,EG.FEC.RNEW.ZS,42.2
KIR,Kiribati,2019,EG.FEC.RNEW.ZS,42.2
KIR,Kiribati,2018,EG.FEC.RNEW.ZS,42.3
KIR,Kiribati,2017,EG.FEC.RNEW.ZS,42.5
KIR,Kiribati,2016,EG.FEC.RNEW.ZS,48.1
KIR,Kiribati,2015,EG.FEC.RNEW.ZS,47.5
KIR,Kiribati,2014,EG.FEC.RNEW.ZS,48.0
KIR,Kiribati,2013,EG.FEC.RNEW.ZS,46.2
KIR,Kiribati,2012,EG.FEC.RNEW.ZS,48.7
KIR,Kiribati,2011,EG.FEC.RNEW.ZS,50.5
KIR,Kiribati,2010,EG.FEC.RNEW.ZS,50.1
KIR,Kiribati,2009,EG.FEC.RNEW.ZS,50.4
KIR,Kiribati,2008,EG.FEC.RNEW.ZS,49.7
KIR,Kiribati,2007,EG.FEC.RNEW.ZS,48.4
KIR,Kiribati,2006,EG.FEC.RNEW.ZS,48.1
KIR,Kiribati,2005,EG.FEC.RNEW.ZS,48.5
PRK,"Korea, Dem. People's Rep.",2021,EG.FEC.RNEW.ZS,14.7
PRK,"Korea, Dem. People's Rep.",2020,EG.FEC.RNEW.ZS,11.2
PRK,"Korea, Dem. People's Rep.",2019,EG.FEC.RNEW.ZS,10.0
PRK,"Korea, Dem. People's Rep.",2018,EG.FEC.RNEW.ZS,11.9
PRK,"Korea, Dem. People's Rep.",2017,EG.FEC.RNEW.ZS,10.2
PRK,"Korea, Dem. People's Rep.",2016,EG.FEC.RNEW.ZS,24.0
PRK,"Korea, Dem. People's Rep.",2015,EG.FEC.RNEW.ZS,22.6
PRK,"Korea, Dem. People's Rep.",2014,EG.FEC.RNEW.ZS,18.5
PRK,"Korea, Dem. People's Rep.",2013,EG.FEC.RNEW.ZS,20.8
PRK,"Korea, Dem. People's Rep.",2012,EG.FEC.RNEW.ZS,15.4
PRK,"Korea, Dem. People's Rep.",2011,EG.FEC.RNEW.ZS,14.8
PRK,"Korea, Dem. People's Rep.",2010,EG.FEC.RNEW.ZS,11.0
PRK,"Korea, Dem. People's Rep.",2009,EG.FEC.RNEW.ZS,10.4
PRK,"Korea, Dem. People's Rep.",2008,EG.FEC.RNEW.ZS,10.2
PRK,"Korea, Dem. People's Rep.",2007,EG.FEC.RNEW.ZS,10.9
PRK,"Korea, Dem. People's Rep.",2006,EG.FEC.RNEW.ZS,9.0
PRK,"Korea, Dem. People's Rep.",2005,EG.FEC.RNEW.ZS,9.2
KOR,"Korea, Rep.",2021,EG.FEC.RNEW.ZS,3.6
KOR,"Korea, Rep.",2020,EG.FEC.RNEW.ZS,3.6
KOR,"Korea, Rep.",2019,EG.FEC.RNEW.ZS,3.2
KOR,"Korea, Rep.",2018,EG.FEC.RNEW.ZS,3.2
KOR,"Korea, Rep.",2017,EG.FEC.RNEW.ZS,2.8
KOR,"Korea, Rep.",2016,EG.FEC.RNEW.ZS,2.6
KOR,"Korea, Rep.",2015,EG.FEC.RNEW.ZS,2.7
KOR,"Korea, Rep.",2014,EG.FEC.RNEW.ZS,2.9
KOR,"Korea, Rep.",2013,EG.FEC.RNEW.ZS,1.9
KOR,"Korea, Rep.",2012,EG.FEC.RNEW.ZS,1.6
KOR,"Korea, Rep.",2011,EG.FEC.RNEW.ZS,1.4
KOR,"Korea, Rep.",2010,EG.FEC.RNEW.ZS,1.3
KOR,"Korea, Rep.",2009,EG.FEC.RNEW.ZS,1.2
KOR,"Korea, Rep.",2008,EG.FEC.RNEW.ZS,1.1
KOR,"Korea, Rep.",2007,EG.FEC.RNEW.ZS,1.0
KOR,"Korea, Rep.",2006,EG.FEC.RNEW.ZS,0.9
KOR,"Korea, Rep.",2005,EG.FEC.RNEW.ZS,0.9
KWT,Kuwait,2021,EG.FEC.RNEW.ZS,0.1
KWT,Kuwait,2020,EG.FEC.RNEW.ZS,0.1
KWT,Kuwait,2019,EG.FEC.RNEW.ZS,0.1
KWT,Kuwait,2018,EG.FEC.RNEW.ZS,0.0
KWT,Kuwait,2017,EG.FEC.RNEW.ZS,0.0
KWT,Kuwait,2016,EG.FEC.RNEW.ZS,0.0
KWT,Kuwait,2015,EG.FEC.RNEW.ZS,0.0
KWT,Kuwait,2014,EG.FEC.RNEW.ZS,0.0
KWT,Kuwait,2013,EG.FEC.RNEW.ZS,0.0
KWT,Kuwait,2012,EG.FEC.RNEW.ZS,0.0
KWT,Kuwait,2011,EG.FEC.RNEW.ZS,0.0
KWT,Kuwait,2010,EG.FEC.RNEW.ZS,0.0
KWT,Kuwait,2009,EG.FEC.RNEW.ZS,0.0
KWT,Kuwait,2008,EG.FEC.RNEW.ZS,0.0
KWT,Kuwait,2007,EG.FEC.RNEW.ZS,0.0
KWT,Kuwait,2006,EG.FEC.RNEW.ZS,0.0
KWT,Kuwait,2005,EG.FEC.RNEW.ZS,0.0
KGZ,Kyrgyz Republic,2021,EG.FEC.RNEW.ZS,27.6
KGZ,Kyrgyz Republic,2020,EG.FEC.RNEW.ZS,30.0
KGZ,Kyrgyz Republic,2019,EG.FEC.RNEW.ZS,28.3
KGZ,Kyrgyz Republic,2018,EG.FEC.RNEW.ZS,23.4
KGZ,Kyrgyz Republic,2017,EG.FEC.RNEW.ZS,24.7
KGZ,Kyrgyz Republic,2016,EG.FEC.RNEW.ZS,22.2
KGZ,Kyrgyz Republic,2015,EG.FEC.RNEW.ZS,23.5
KGZ,Kyrgyz Republic,2014,EG.FEC.RNEW.ZS,26.6
KGZ,Kyrgyz Republic,2013,EG.FEC.RNEW.ZS,24.8
KGZ,Kyrgyz Republic,2012,EG.FEC.RNEW.ZS,22.4
KGZ,Kyrgyz Republic,2011,EG.FEC.RNEW.ZS,26.0
KGZ,Kyrgyz Republic,2010,EG.FEC.RNEW.ZS,25.6
KGZ,Kyrgyz Republic,2009,EG.FEC.RNEW.ZS,24.7
KGZ,Kyrgyz Republic,2008,EG.FEC.RNEW.ZS,22.0
KGZ,Kyrgyz Republic,2007,EG.FEC.RNEW.ZS,24.5
KGZ,Kyrgyz Republic,2006,EG.FEC.RNEW.ZS,27.8
KGZ,Kyrgyz Republic,2005,EG.FEC.RNEW.ZS,28.0
LAO,Lao PDR,2022,EG.FEC.RNEW.ZS,49.2
LAO,Lao PDR,2021,EG.FEC.RNEW.ZS,51.5
LAO,Lao PDR,2020,EG.FEC.RNEW.ZS,50.6
LAO,Lao PDR,2019,EG.FEC.RNEW.ZS,50.5
LAO,Lao PDR,2018,EG.FEC.RNEW.ZS,50.2
LAO,Lao PDR,2017,EG.FEC.RNEW.ZS,50.6
LAO,Lao PDR,2016,EG.FEC.RNEW.ZS,51.7
LAO,Lao PDR,2015,EG.FEC.RNEW.ZS,53.3
LAO,Lao PDR,2014,EG.FEC.RNEW.ZS,58.2
LAO,Lao PDR,2013,EG.FEC.RNEW.ZS,58.6
LAO,Lao PDR,2012,EG.FEC.RNEW.ZS,62.4
LAO,Lao PDR,2011,EG.FEC.RNEW.ZS,63.6
LAO,Lao PDR,2010,EG.FEC.RNEW.ZS,64.8
LAO,Lao PDR,2009,EG.FEC.RNEW.ZS,66.4
LAO,Lao PDR,2008,EG.FEC.RNEW.ZS,69.3
LAO,Lao PDR,2007,EG.FEC.RNEW.ZS,70.7
LAO,Lao PDR,2006,EG.FEC.RNEW.ZS,69.8
LAO,Lao PDR,2005,EG.FEC.RNEW.ZS,73.9
LVA,Latvia,2021,EG.FEC.RNEW.ZS,44.0
LVA,Latvia,2020,EG.FEC.RNEW.ZS,43.8
LVA,Latvia,2019,EG.FEC.RNEW.ZS,41.5
LVA,Latvia,2018,EG.FEC.RNEW.ZS,41.0
LVA,Latvia,2017,EG.FEC.RNEW.ZS,42.6
LVA,Latvia,2016,EG.FEC.RNEW.ZS,38.5
LVA,Latvia,2015,EG.FEC.RNEW.ZS,38.1
LVA,Latvia,2014,EG.FEC.RNEW.ZS,40.2
LVA,Latvia,2013,EG.FEC.RNEW.ZS,39.6
LVA,Latvia,2012,EG.FEC.RNEW.ZS,40.4
LVA,Latvia,2011,EG.FEC.RNEW.ZS,35.5
LVA,Latvia,2010,EG.FEC.RNEW.ZS,33.1
LVA,Latvia,2009,EG.FEC.RNEW.ZS,38.4
LVA,Latvia,2008,EG.FEC.RNEW.ZS,33.7
LVA,Latvia,2007,EG.FEC.RNEW.ZS,33.1
LVA,Latvia,2006,EG.FEC.RNEW.ZS,34.0
LVA,Latvia,2005,EG.FEC.RNEW.ZS,36.3
LBN,Lebanon,2021,EG.FEC.RNEW.ZS,6.8
LBN,Lebanon,2020,EG.FEC.RNEW.ZS,6.3
LBN,Lebanon,2019,EG.FEC.RNEW.ZS,5.1
LBN,Lebanon,2018,EG.FEC.RNEW.ZS,4.7
LBN,Lebanon,2017,EG.FEC.RNEW.ZS,4.0
LBN,Lebanon,2016,EG.FEC.RNEW.ZS,4.0
LBN,Lebanon,2015,EG.FEC.RNEW.ZS,4.2
LBN,Lebanon,2014,EG.FEC.RNEW.ZS,4.2
LBN,Lebanon,2013,EG.FEC.RNEW.ZS,5.9
LBN,Lebanon,2012,EG.FEC.RNEW.ZS,5.6
LBN,Lebanon,2011,EG.FEC.RNEW.ZS,6.2
LBN,Lebanon,2010,EG.FEC.RNEW.ZS,5.7
LBN,Lebanon,2009,EG.FEC.RNEW.ZS,4.3
LBN,Lebanon,2008,EG.FEC.RNEW.ZS,5.1
LBN,Lebanon,2007,EG.FEC.RNEW.ZS,7.3
LBN,Lebanon,2006,EG.FEC.RNEW.ZS,6.4
LBN,Lebanon,2005,EG.FEC.RNEW.ZS,6.4
LSO,Lesotho,2022,EG.FEC.RNEW.ZS,34.9
LSO,Lesotho,2021,EG.FEC.RNEW.ZS,33.6
LSO,Lesotho,2020,EG.FEC.RNEW.ZS,43.2
LSO,Lesotho,2019,EG.FEC.RNEW.ZS,41.6
LSO,Lesotho,2018,EG.FEC.RNEW.ZS,42.5
LSO,Lesotho,2017,EG.FEC.RNEW.ZS,41.5
LSO,Lesotho,2016,EG.FEC.RNEW.ZS,45.1
LSO,Lesotho,2015,EG.FEC.RNEW.ZS,46.0
LSO,Lesotho,2014,EG.FEC.RNEW.ZS,43.2
LSO,Lesotho,2013,EG.FEC.RNEW.ZS,46.1
LSO,Lesotho,2012,EG.FEC.RNEW.ZS,40.8
LSO,Lesotho,2011,EG.FEC.RNEW.ZS,42.3
LSO,Lesotho,2010,EG.FEC.RNEW.ZS,53.0
LSO,Lesotho,2009,EG.FEC.RNEW.ZS,54.0
LSO,Lesotho,2008,EG.FEC.RNEW.ZS,55.0
LSO,Lesotho,2007,EG.FEC.RNEW.ZS,55.3
LSO,Lesotho,2006,EG.FEC.RNEW.ZS,55.5
LSO,Lesotho,2005,EG.FEC.RNEW.ZS,55.3
LBR,Liberia,2022,EG.FEC.RNEW.ZS,92.8
LBR,Liberia,2021,EG.FEC.RNEW.ZS,93.2
LBR,Liberia,2020,EG.FEC.RNEW.ZS,93.0
LBR,Liberia,2019,EG.FEC.RNEW.ZS,89.7
LBR,Liberia,2018,EG.FEC.RNEW.ZS,94.4
LBR,Liberia,2017,EG.FEC.RNEW.ZS,93.6
LBR,Liberia,2016,EG.FEC.RNEW.ZS,92.8
LBR,Liberia,2015,EG.FEC.RNEW.ZS,91.9
LBR,Liberia,2014,EG.FEC.RNEW.ZS,91.2
LBR,Liberia,2013,EG.FEC.RNEW.ZS,87.5
LBR,Liberia,2012,EG.FEC.RNEW.ZS,86.2
LBR,Liberia,2011,EG.FEC.RNEW.ZS,87.1
LBR,Liberia,2010,EG.FEC.RNEW.ZS,88.6
LBR,Liberia,2009,EG.FEC.RNEW.ZS,91.8
LBR,Liberia,2008,EG.FEC.RNEW.ZS,91.8
LBR,Liberia,2007,EG.FEC.RNEW.ZS,89.8
LBR,Liberia,2006,EG.FEC.RNEW.ZS,87.6
LBR,Liberia,2005,EG.FEC.RNEW.ZS,87.8
LBY,Libya,2021,EG.FEC.RNEW.ZS,3.1
LBY,Libya,2020,EG.FEC.RNEW.ZS,3.2
LBY,Libya,2019,EG.FEC.RNEW.ZS,3.0
LBY,Libya,2018,EG.FEC.RNEW.ZS,2.9
LBY,Libya,2017,EG.FEC.RNEW.ZS,2.9
LBY,Libya,2016,EG.FEC.RNEW.ZS,2.8
LBY,Libya,2015,EG.FEC.RNEW.ZS,2.9
LBY,Libya,2014,EG.FEC.RNEW.ZS,2.3
LBY,Libya,2013,EG.FEC.RNEW.ZS,2.4
LBY,Libya,2012,EG.FEC.RNEW.ZS,2.6
LBY,Libya,2011,EG.FEC.RNEW.ZS,3.2
LBY,Libya,2010,EG.FEC.RNEW.ZS,2.5
LBY,Libya,2009,EG.FEC.RNEW.ZS,2.6
LBY,Libya,2008,EG.FEC.RNEW.ZS,2.9
LBY,Libya,2007,EG.FEC.RNEW.ZS,3.1
LBY,Libya,2006,EG.FEC.RNEW.ZS,2.9
LBY,Libya,2005,EG.FEC.RNEW.ZS,2.7
LIE,Liechtenstein,2022,EG.FEC.RNEW.ZS,56.9
LIE,Liechtenstein,2021,EG.FEC.RNEW.ZS,53.6
LIE,Liechtenstein,2020,EG.FEC.RNEW.ZS,55.2
LIE,Liechtenstein,2019,EG.FEC.RNEW.ZS,56.1
LIE,Liechtenstein,2018,EG.FEC.RNEW.ZS,56.8
LIE,Liechtenstein,2017,EG.FEC.RNEW.ZS,55.3
LIE,Liechtenstein,2016,EG.FEC.RNEW.ZS,55.8
LIE,Liechtenstein,2015,EG.FEC.RNEW.ZS,55.5
LIE,Liechtenstein,2014,EG.FEC.RNEW.ZS,55.0
LIE,Liechtenstein,2013,EG.FEC.RNEW.ZS,53.5
LIE,Liechtenstein,2012,EG.FEC.RNEW.ZS,55.5
LIE,Liechtenstein,2011,EG.FEC.RNEW.ZS,55.3
LIE,Liechtenstein,2010,EG.FEC.RNEW.ZS,52.3
LIE,Liechtenstein,2009,EG.FEC.RNEW.ZS,55.1
LIE,Liechtenstein,2008,EG.FEC.RNEW.ZS,53.0
LIE,Liechtenstein,2007,EG.FEC.RNEW.ZS,53.4
LIE,Liechtenstein,2006,EG.FEC.RNEW.ZS,50.8
LIE,Liechtenstein,2005,EG.FEC.RNEW.ZS,49.9
LTU,Lithuania,2021,EG.FEC.RNEW.ZS,33.2
LTU,Lithuania,2020,EG.FEC.RNEW.ZS,31.7
LTU,Lithuania,2019,EG.FEC.RNEW.ZS,33.5
LTU,Lithuania,2018,EG.FEC.RNEW.ZS,33.7
LTU,Lithuania,2017,EG.FEC.RNEW.ZS,33.8
LTU,Lithuania,2016,EG.FEC.RNEW.ZS,31.5
LTU,Lithuania,2015,EG.FEC.RNEW.ZS,29.0
LTU,Lithuania,2014,EG.FEC.RNEW.ZS,27.7
LTU,Lithuania,2013,EG.FEC.RNEW.ZS,26.3
LTU,Lithuania,2012,EG.FEC.RNEW.ZS,23.9
LTU,Lithuania,2011,EG.FEC.RNEW.ZS,22.7
LTU,Lithuania,2010,EG.FEC.RNEW.ZS,21.5
LTU,Lithuania,2009,EG.FEC.RNEW.ZS,20.1
LTU,Lithuania,2008,EG.FEC.RNEW.ZS,18.3
LTU,Lithuania,2007,EG.FEC.RNEW.ZS,17.1
LTU,Lithuania,2006,EG.FEC.RNEW.ZS,17.5
LTU,Lithuania,2005,EG.FEC.RNEW.ZS,17.5
LUX,Luxembourg,2021,EG.FEC.RNEW.ZS,20.5
LUX,Luxembourg,2020,EG.FEC.RNEW.ZS,20.8
LUX,Luxembourg,2019,EG.FEC.RNEW.ZS,16.4
LUX,Luxembourg,2018,EG.FEC.RNEW.ZS,16.0
LUX,Luxembourg,2017,EG.FEC.RNEW.ZS,15.3
LUX,Luxembourg,2016,EG.FEC.RNEW.ZS,13.5
LUX,Luxembourg,2015,EG.FEC.RNEW.ZS,9.1
LUX,Luxembourg,2014,EG.FEC.RNEW.ZS,6.8
LUX,Luxembourg,2013,EG.FEC.RNEW.ZS,5.7
LUX,Luxembourg,2012,EG.FEC.RNEW.ZS,4.2
LUX,Luxembourg,2011,EG.FEC.RNEW.ZS,3.8
LUX,Luxembourg,2010,EG.FEC.RNEW.ZS,3.7
LUX,Luxembourg,2009,EG.FEC.RNEW.ZS,3.7
LUX,Luxembourg,2008,EG.FEC.RNEW.ZS,4.0
LUX,Luxembourg,2007,EG.FEC.RNEW.ZS,3.6
LUX,Luxembourg,2006,EG.FEC.RNEW.ZS,2.1
LUX,Luxembourg,2005,EG.FEC.RNEW.ZS,1.9
MAC,"Macao SAR, China",2022,EG.FEC.RNEW.ZS,11.0
MAC,"Macao SAR, China",2021,EG.FEC.RNEW.ZS,13.6
MAC,"Macao SAR, China",2020,EG.FEC.RNEW.ZS,11.0
MAC,"Macao SAR, China",2019,EG.FEC.RNEW.ZS,8.4
MAC,"Macao SAR, China",2018,EG.FEC.RNEW.ZS,8.4
MAC,"Macao SAR, China",2017,EG.FEC.RNEW.ZS,3.9
MAC,"Macao SAR, China",2016,EG.FEC.RNEW.ZS,5.4
MAC,"Macao SAR, China",2015,EG.FEC.RNEW.ZS,5.4
MAC,"Macao SAR, China",2014,EG.FEC.RNEW.ZS,11.4
MAC,"Macao SAR, China",2013,EG.FEC.RNEW.ZS,16.6
MAC,"Macao SAR, China",2012,EG.FEC.RNEW.ZS,11.1
MAC,"Macao SAR, China",2011,EG.FEC.RNEW.ZS,6.4
MAC,"Macao SAR, China",2010,EG.FEC.RNEW.ZS,5.5
MAC,"Macao SAR, China",2009,EG.FEC.RNEW.ZS,3.0
MAC,"Macao SAR, China",2008,EG.FEC.RNEW.ZS,4.7
MAC,"Macao SAR, China",2007,EG.FEC.RNEW.ZS,3.4
MAC,"Macao SAR, China",2006,EG.FEC.RNEW.ZS,2.8
MAC,"Macao SAR, China",2005,EG.FEC.RNEW.ZS,2.3
MDG,Madagascar,2022,EG.FEC.RNEW.ZS,83.1
MDG,Madagascar,2021,EG.FEC.RNEW.ZS,83.6
MDG,Madagascar,2020,EG.FEC.RNEW.ZS,84.7
MDG,Madagascar,2019,EG.FEC.RNEW.ZS,82.5
MDG,Madagascar,2018,EG.FEC.RNEW.ZS,84.2
MDG,Madagascar,2017,EG.FEC.RNEW.ZS,81.9
MDG,Madagascar,2016,EG.FEC.RNEW.ZS,83.8
MDG,Madagascar,2015,EG.FEC.RNEW.ZS,83.9
MDG,Madagascar,2014,EG.FEC.RNEW.ZS,82.2
MDG,Madagascar,2013,EG.FEC.RNEW.ZS,81.4
MDG,Madagascar,2012,EG.FEC.RNEW.ZS,83.3
MDG,Madagascar,2011,EG.FEC.RNEW.ZS,84.5
MDG,Madagascar,2010,EG.FEC.RNEW.ZS,86.7
MDG,Madagascar,2009,EG.FEC.RNEW.ZS,87.2
MDG,Madagascar,2008,EG.FEC.RNEW.ZS,86.4
MDG,Madagascar,2007,EG.FEC.RNEW.ZS,86.2
MDG,Madagascar,2006,EG.FEC.RNEW.ZS,85.9
MDG,Madagascar,2005,EG.FEC.RNEW.ZS,84.9
MWI,Malawi,2022,EG.FEC.RNEW.ZS,62.9
MWI,Malawi,2021,EG.FEC.RNEW.ZS,71.1
MWI,Malawi,2020,EG.FEC.RNEW.ZS,71.5
MWI,Malawi,2019,EG.FEC.RNEW.ZS,70.9
MWI,Malawi,2018,EG.FEC.RNEW.ZS,73.2
MWI,Malawi,2017,EG.FEC.RNEW.ZS,76.9
MWI,Malawi,2016,EG.FEC.RNEW.ZS,78.9
MWI,Malawi,2015,EG.FEC.RNEW.ZS,81.0
MWI,Malawi,2014,EG.FEC.RNEW.ZS,82.8
MWI,Malawi,2013,EG.FEC.RNEW.ZS,79.8
MWI,Malawi,2012,EG.FEC.RNEW.ZS,80.2
MWI,Malawi,2011,EG.FEC.RNEW.ZS,80.2
MWI,Malawi,2010,EG.FEC.RNEW.ZS,81.2
MWI,Malawi,2009,EG.FEC.RNEW.ZS,80.0
MWI,Malawi,2008,EG.FEC.RNEW.ZS,80.4
MWI,Malawi,2007,EG.FEC.RNEW.ZS,82.2
MWI,Malawi,2006,EG.FEC.RNEW.ZS,82.8
MWI,Malawi,2005,EG.FEC.RNEW.ZS,83.2
MYS,Malaysia,2021,EG.FEC.RNEW.ZS,7.5
MYS,Malaysia,2020,EG.FEC.RNEW.ZS,7.0
MYS,Malaysia,2019,EG.FEC.RNEW.ZS,5.7
MYS,Malaysia,2018,EG.FEC.RNEW.ZS,5.3
MYS,Malaysia,2017,EG.FEC.RNEW.ZS,5.2
MYS,Malaysia,2016,EG.FEC.RNEW.ZS,4.4
MYS,Malaysia,2015,EG.FEC.RNEW.ZS,3.4
MYS,Malaysia,2014,EG.FEC.RNEW.ZS,3.0
MYS,Malaysia,2013,EG.FEC.RNEW.ZS,2.8
MYS,Malaysia,2012,EG.FEC.RNEW.ZS,2.5
MYS,Malaysia,2011,EG.FEC.RNEW.ZS,2.2
MYS,Malaysia,2010,EG.FEC.RNEW.ZS,2.0
MYS,Malaysia,2009,EG.FEC.RNEW.ZS,2.3
MYS,Malaysia,2008,EG.FEC.RNEW.ZS,3.0
MYS,Malaysia,2007,EG.FEC.RNEW.ZS,2.8
MYS,Malaysia,2006,EG.FEC.RNEW.ZS,3.1
MYS,Malaysia,2005,EG.FEC.RNEW.ZS,3.0
MDV,Maldives,2022,EG.FEC.RNEW.ZS,1.2
MDV,Maldives,2021,EG.FEC.RNEW.ZS,1.4
MDV,Maldives,2020,EG.FEC.RNEW.ZS,1.6
MDV,Maldives,2019,EG.FEC.RNEW.ZS,1.3
MDV,Maldives,2018,EG.FEC.RNEW.ZS,1.3
MDV,Maldives,2017,EG.FEC.RNEW.ZS,1.3
MDV,Maldives,2016,EG.FEC.RNEW.ZS,1.2
MDV,Maldives,2015,EG.FEC.RNEW.ZS,1.5
MDV,Maldives,2014,EG.FEC.RNEW.ZS,1.2
MDV,Maldives,2013,EG.FEC.RNEW.ZS,1.3
MDV,Maldives,2012,EG.FEC.RNEW.ZS,1.2
MDV,Maldives,2011,EG.FEC.RNEW.ZS,1.3
MDV,Maldives,2010,EG.FEC.RNEW.ZS,1.4
MDV,Maldives,2009,EG.FEC.RNEW.ZS,1.5
MDV,Maldives,2008,EG.FEC.RNEW.ZS,1.5
MDV,Maldives,2007,EG.FEC.RNEW.ZS,1.5
MDV,Maldives,2006,EG.FEC.RNEW.ZS,1.6
MDV,Maldives,2005,EG.FEC.RNEW.ZS,2.0
MLI,Mali,2022,EG.FEC.RNEW.ZS,71.1
MLI,Mali,2021,EG.FEC.RNEW.ZS,71.2
MLI,Mali,2020,EG.FEC.RNEW.ZS,72.8
MLI,Mali,2019,EG.FEC.RNEW.ZS,74.9
MLI,Mali,2018,EG.FEC.RNEW.ZS,77.2
MLI,Mali,2017,EG.FEC.RNEW.ZS,77.0
MLI,Mali,2016,EG.FEC.RNEW.ZS,77.9
MLI,Mali,2015,EG.FEC.RNEW.ZS,81.2
MLI,Mali,2014,EG.FEC.RNEW.ZS,84.6
MLI,Mali,2013,EG.FEC.RNEW.ZS,84.8
MLI,Mali,2012,EG.FEC.RNEW.ZS,81.2
MLI,Mali,2011,EG.FEC.RNEW.ZS,83.6
MLI,Mali,2010,EG.FEC.RNEW.ZS,84.0
MLI,Mali,2009,EG.FEC.RNEW.ZS,78.7
MLI,Mali,2008,EG.FEC.RNEW.ZS,75.0
MLI,Mali,2007,EG.FEC.RNEW.ZS,78.9
MLI,Mali,2006,EG.FEC.RNEW.ZS,81.7
MLI,Mali,2005,EG.FEC.RNEW.ZS,82.3
MLT,Malta,2021,EG.FEC.RNEW.ZS,8.6
MLT,Malta,2020,EG.FEC.RNEW.ZS,9.2
MLT,Malta,2019,EG.FEC.RNEW.ZS,7.4
MLT,Malta,2018,EG.FEC.RNEW.ZS,7.6
MLT,Malta,2017,EG.FEC.RNEW.ZS,7.3
MLT,Malta,2016,EG.FEC.RNEW.ZS,9.2
MLT,Malta,2015,EG.FEC.RNEW.ZS,6.0
MLT,Malta,2014,EG.FEC.RNEW.ZS,4.5
MLT,Malta,2013,EG.FEC.RNEW.ZS,3.2
MLT,Malta,2012,EG.FEC.RNEW.ZS,2.7
MLT,Malta,2011,EG.FEC.RNEW.ZS,2.0
MLT,Malta,2010,EG.FEC.RNEW.ZS,1.2
MLT,Malta,2009,EG.FEC.RNEW.ZS,0.3
MLT,Malta,2008,EG.FEC.RNEW.ZS,0.2
MLT,Malta,2007,EG.FEC.RNEW.ZS,0.2
MLT,Malta,2006,EG.FEC.RNEW.ZS,0.2
MLT,Malta,2005,EG.FEC.RNEW.ZS,0.1
MHL,Marshall Islands,2022,EG.FEC.RNEW.ZS,12.2
MHL,Marshall Islands,2021,EG.FEC.RNEW.ZS,12.1
MHL,Marshall Islands,2020,EG.FEC.RNEW.ZS,12.0
MHL,Marshall Islands,2019,EG.FEC.RNEW.ZS,12.1
MHL,Marshall Islands,2018,EG.FEC.RNEW.ZS,12.0
MHL,Marshall Islands,2017,EG.FEC.RNEW.ZS,12.0
MHL,Marshall Islands,2016,EG.FEC.RNEW.ZS,12.1
MHL,Marshall Islands,2015,EG.FEC.RNEW.ZS,11.7
MHL,Marshall Islands,2014,EG.FEC.RNEW.ZS,12.2
MHL,Marshall Islands,2013,EG.FEC.RNEW.ZS,12.4
MHL,Marshall Islands,2012,EG.FEC.RNEW.ZS,12.0
MHL,Marshall Islands,2011,EG.FEC.RNEW.ZS,12.3
MHL,Marshall Islands,2010,EG.FEC.RNEW.ZS,13.7
MHL,Marshall Islands,2009,EG.FEC.RNEW.ZS,14.0
MHL,Marshall Islands,2008,EG.FEC.RNEW.ZS,14.8
MHL,Marshall Islands,2007,EG.FEC.RNEW.ZS,15.2
MHL,Marshall Islands,2006,EG.FEC.RNEW.ZS,17.0
MHL,Marshall Islands,2005,EG.FEC.RNEW.ZS,18.4
MRT,Mauritania,2022,EG.FEC.RNEW.ZS,19.6
MRT,Mauritania,2021,EG.FEC.RNEW.ZS,22.1
MRT,Mauritania,2020,EG.FEC.RNEW.ZS,20.9
MRT,Mauritania,2019,EG.FEC.RNEW.ZS,21.2
MRT,Mauritania,2018,EG.FEC.RNEW.ZS,21.6
MRT,Mauritania,2017,EG.FEC.RNEW.ZS,25.5
MRT,Mauritania,2016,EG.FEC.RNEW.ZS,31.7
MRT,Mauritania,2015,EG.FEC.RNEW.ZS,28.3
MRT,Mauritania,2014,EG.FEC.RNEW.ZS,31.0
MRT,Mauritania,2013,EG.FEC.RNEW.ZS,35.1
MRT,Mauritania,2012,EG.FEC.RNEW.ZS,31.9
MRT,Mauritania,2011,EG.FEC.RNEW.ZS,33.3
MRT,Mauritania,2010,EG.FEC.RNEW.ZS,34.0
MRT,Mauritania,2009,EG.FEC.RNEW.ZS,33.4
MRT,Mauritania,2008,EG.FEC.RNEW.ZS,35.8
MRT,Mauritania,2007,EG.FEC.RNEW.ZS,35.6
MRT,Mauritania,2006,EG.FEC.RNEW.ZS,39.1
MRT,Mauritania,2005,EG.FEC.RNEW.ZS,38.8
MUS,Mauritius,2021,EG.FEC.RNEW.ZS,8.6
MUS,Mauritius,2020,EG.FEC.RNEW.ZS,9.4
MUS,Mauritius,2019,EG.FEC.RNEW.ZS,8.9
MUS,Mauritius,2018,EG.FEC.RNEW.ZS,9.2
MUS,Mauritius,2017,EG.FEC.RNEW.ZS,9.4
MUS,Mauritius,2016,EG.FEC.RNEW.ZS,10.3
MUS,Mauritius,2015,EG.FEC.RNEW.ZS,11.5
MUS,Mauritius,2014,EG.FEC.RNEW.ZS,10.6
MUS,Mauritius,2013,EG.FEC.RNEW.ZS,11.4
MUS,Mauritius,2012,EG.FEC.RNEW.ZS,11.4
MUS,Mauritius,2011,EG.FEC.RNEW.ZS,12.0
MUS,Mauritius,2010,EG.FEC.RNEW.ZS,12.8
MUS,Mauritius,2009,EG.FEC.RNEW.ZS,12.8
MUS,Mauritius,2008,EG.FEC.RNEW.ZS,12.7
MUS,Mauritius,2007,EG.FEC.RNEW.ZS,15.7
MUS,Mauritius,2006,EG.FEC.RNEW.ZS,16.4
MUS,Mauritius,2005,EG.FEC.RNEW.ZS,17.6
MEX,Mexico,2021,EG.FEC.RNEW.ZS,13.0
MEX,Mexico,2020,EG.FEC.RNEW.ZS,12.3
MEX,Mexico,2019,EG.FEC.RNEW.ZS,10.3
MEX,Mexico,2018,EG.FEC.RNEW.ZS,10.3
MEX,Mexico,2017,EG.FEC.RNEW.ZS,10.1
MEX,Mexico,2016,EG.FEC.RNEW.ZS,9.2
MEX,Mexico,2015,EG.FEC.RNEW.ZS,9.2
MEX,Mexico,2014,EG.FEC.RNEW.ZS,9.8
MEX,Mexico,2013,EG.FEC.RNEW.ZS,9.2
MEX,Mexico,2012,EG.FEC.RNEW.ZS,9.0
MEX,Mexico,2011,EG.FEC.RNEW.ZS,9.1
MEX,Mexico,2010,EG.FEC.RNEW.ZS,9.4
MEX,Mexico,2009,EG.FEC.RNEW.ZS,9.2
MEX,Mexico,2008,EG.FEC.RNEW.ZS,9.8
MEX,Mexico,2007,EG.FEC.RNEW.ZS,9.5
MEX,Mexico,2006,EG.FEC.RNEW.ZS,9.8
MEX,Mexico,2005,EG.FEC.RNEW.ZS,10.3
FSM,"Micronesia, Fed. Sts.",2022,EG.FEC.RNEW.ZS,2.0
FSM,"Micronesia, Fed. Sts.",2021,EG.FEC.RNEW.ZS,2.1
FSM,"Micronesia, Fed. Sts.",2020,EG.FEC.RNEW.ZS,2.0
FSM,"Micronesia, Fed. Sts.",2019,EG.FEC.RNEW.ZS,2.0
FSM,"Micronesia, Fed. Sts.",2018,EG.FEC.RNEW.ZS,2.0
FSM,"Micronesia, Fed. Sts.",2017,EG.FEC.RNEW.ZS,1.7
FSM,"Micronesia, Fed. Sts.",2016,EG.FEC.RNEW.ZS,1.9
FSM,"Micronesia, Fed. Sts.",2015,EG.FEC.RNEW.ZS,1.7
FSM,"Micronesia, Fed. Sts.",2014,EG.FEC.RNEW.ZS,1.5
FSM,"Micronesia, Fed. Sts.",2013,EG.FEC.RNEW.ZS,1.4
FSM,"Micronesia, Fed. Sts.",2012,EG.FEC.RNEW.ZS,1.4
FSM,"Micronesia, Fed. Sts.",2011,EG.FEC.RNEW.ZS,1.6
FSM,"Micronesia, Fed. Sts.",2010,EG.FEC.RNEW.ZS,2.0
FSM,"Micronesia, Fed. Sts.",2009,EG.FEC.RNEW.ZS,1.1
FSM,"Micronesia, Fed. Sts.",2008,EG.FEC.RNEW.ZS,1.4
FSM,"Micronesia, Fed. Sts.",2007,EG.FEC.RNEW.ZS,1.2
FSM,"Micronesia, Fed. Sts.",2006,EG.FEC.RNEW.ZS,1.4
FSM,"Micronesia, Fed. Sts.",2005,EG.FEC.RNEW.ZS,1.4
MDA,Moldova,2021,EG.FEC.RNEW.ZS,21.4
MDA,Moldova,2020,EG.FEC.RNEW.ZS,22.3
MDA,Moldova,2019,EG.FEC.RNEW.ZS,22.0
MDA,Moldova,2018,EG.FEC.RNEW.ZS,25.3
MDA,Moldova,2017,EG.FEC.RNEW.ZS,26.1
MDA,Moldova,2016,EG.FEC.RNEW.ZS,25.3
MDA,Moldova,2015,EG.FEC.RNEW.ZS,24.7
MDA,Moldova,2014,EG.FEC.RNEW.ZS,24.3
MDA,Moldova,2013,EG.FEC.RNEW.ZS,23.8
MDA,Moldova,2012,EG.FEC.RNEW.ZS,22.1
MDA,Moldova,2011,EG.FEC.RNEW.ZS,20.4
MDA,Moldova,2010,EG.FEC.RNEW.ZS,20.0
MDA,Moldova,2009,EG.FEC.RNEW.ZS,4.8
MDA,Moldova,2008,EG.FEC.RNEW.ZS,4.9
MDA,Moldova,2007,EG.FEC.RNEW.ZS,4.4
MDA,Moldova,2006,EG.FEC.RNEW.ZS,5.0
MDA,Moldova,2005,EG.FEC.RNEW.ZS,4.3
MNG,Mongolia,2021,EG.FEC.RNEW.ZS,3.0
MNG,Mongolia,2020,EG.FEC.RNEW.ZS,2.9
MNG,Mongolia,2019,EG.FEC.RNEW.ZS,2.3
MNG,Mongolia,2018,EG.FEC.RNEW.ZS,2.1
MNG,Mongolia,2017,EG.FEC.RNEW.ZS,1.8
MNG,Mongolia,2016,EG.FEC.RNEW.ZS,3.4
MNG,Mongolia,2015,EG.FEC.RNEW.ZS,3.5
MNG,Mongolia,2014,EG.FEC.RNEW.ZS,3.3
MNG,Mongolia,2013,EG.FEC.RNEW.ZS,3.0
MNG,Mongolia,2012,EG.FEC.RNEW.ZS,3.0
MNG,Mongolia,2011,EG.FEC.RNEW.ZS,4.0
MNG,Mongolia,2010,EG.FEC.RNEW.ZS,4.5
MNG,Mongolia,2009,EG.FEC.RNEW.ZS,4.4
MNG,Mongolia,2008,EG.FEC.RNEW.ZS,4.7
MNG,Mongolia,2007,EG.FEC.RNEW.ZS,4.7
MNG,Mongolia,2006,EG.FEC.RNEW.ZS,4.5
MNG,Mongolia,2005,EG.FEC.RNEW.ZS,5.3
MNE,Montenegro,2021,EG.FEC.RNEW.ZS,39.6
MNE,Montenegro,2020,EG.FEC.RNEW.ZS,39.6
MNE,Montenegro,2019,EG.FEC.RNEW.ZS,38.7
MNE,Montenegro,2018,EG.FEC.RNEW.ZS,40.6
MNE,Montenegro,2017,EG.FEC.RNEW.ZS,37.8
MNE,Montenegro,2016,EG.FEC.RNEW.ZS,43.9
MNE,Montenegro,2015,EG.FEC.RNEW.ZS,43.0
MNE,Montenegro,2014,EG.FEC.RNEW.ZS,46.0
MNE,Montenegro,2013,EG.FEC.RNEW.ZS,49.3
MNE,Montenegro,2012,EG.FEC.RNEW.ZS,45.9
MNE,Montenegro,2011,EG.FEC.RNEW.ZS,42.8
MNE,Montenegro,2010,EG.FEC.RNEW.ZS,49.1
MNE,Montenegro,2009,EG.FEC.RNEW.ZS,49.2
MNE,Montenegro,2008,EG.FEC.RNEW.ZS,38.8
MNE,Montenegro,2007,EG.FEC.RNEW.ZS,42.3
MNE,Montenegro,2006,EG.FEC.RNEW.ZS,44.8
MNE,Montenegro,2005,EG.FEC.RNEW.ZS,47.6
MAR,Morocco,2021,EG.FEC.RNEW.ZS,10.9
MAR,Morocco,2020,EG.FEC.RNEW.ZS,11.1
MAR,Morocco,2019,EG.FEC.RNEW.ZS,10.7
MAR,Morocco,2018,EG.FEC.RNEW.ZS,10.9
MAR,Morocco,2017,EG.FEC.RNEW.ZS,10.4
MAR,Morocco,2016,EG.FEC.RNEW.ZS,11.1
MAR,Morocco,2015,EG.FEC.RNEW.ZS,11.2
MAR,Morocco,2014,EG.FEC.RNEW.ZS,11.1
MAR,Morocco,2013,EG.FEC.RNEW.ZS,11.6
MAR,Morocco,2012,EG.FEC.RNEW.ZS,10.9
MAR,Morocco,2011,EG.FEC.RNEW.ZS,11.8
MAR,Morocco,2010,EG.FEC.RNEW.ZS,13.9
MAR,Morocco,2009,EG.FEC.RNEW.ZS,14.2
MAR,Morocco,2008,EG.FEC.RNEW.ZS,14.4
MAR,Morocco,2007,EG.FEC.RNEW.ZS,16.6
MAR,Morocco,2006,EG.FEC.RNEW.ZS,18.2
MAR,Morocco,2005,EG.FEC.RNEW.ZS,20.0
MOZ,Mozambique,2021,EG.FEC.RNEW.ZS,76.9
MOZ,Mozambique,2020,EG.FEC.RNEW.ZS,80.2
MOZ,Mozambique,2019,EG.FEC.RNEW.ZS,77.5
MOZ,Mozambique,2018,EG.FEC.RNEW.ZS,79.0
MOZ,Mozambique,2017,EG.FEC.RNEW.ZS,78.2
MOZ,Mozambique,2016,EG.FEC.RNEW.ZS,77.4
MOZ,Mozambique,2015,EG.FEC.RNEW.ZS,80.1
MOZ,Mozambique,2014,EG.FEC.RNEW.ZS,81.2
MOZ,Mozambique,2013,EG.FEC.RNEW.ZS,83.1
MOZ,Mozambique,2012,EG.FEC.RNEW.ZS,84.5
MOZ,Mozambique,2011,EG.FEC.RNEW.ZS,85.4
MOZ,Mozambique,2010,EG.FEC.RNEW.ZS,84.9
MOZ,Mozambique,2009,EG.FEC.RNEW.ZS,86.1
MOZ,Mozambique,2008,EG.FEC.RNEW.ZS,88.1
MOZ,Mozambique,2007,EG.FEC.RNEW.ZS,87.5
MOZ,Mozambique,2006,EG.FEC.RNEW.ZS,93.1
MOZ,Mozambique,2005,EG.FEC.RNEW.ZS,93.7
MMR,Myanmar,2021,EG.FEC.RNEW.ZS,62.9
MMR,Myanmar,2020,EG.FEC.RNEW.ZS,59.2
MMR,Myanmar,2019,EG.FEC.RNEW.ZS,58.5
MMR,Myanmar,2018,EG.FEC.RNEW.ZS,59.4
MMR,Myanmar,2017,EG.FEC.RNEW.ZS,59.5
MMR,Myanmar,2016,EG.FEC.RNEW.ZS,68.8
MMR,Myanmar,2015,EG.FEC.RNEW.ZS,70.0
MMR,Myanmar,2014,EG.FEC.RNEW.ZS,72.0
MMR,Myanmar,2013,EG.FEC.RNEW.ZS,75.6
MMR,Myanmar,2012,EG.FEC.RNEW.ZS,78.1
MMR,Myanmar,2011,EG.FEC.RNEW.ZS,83.8
MMR,Myanmar,2010,EG.FEC.RNEW.ZS,84.6
MMR,Myanmar,2009,EG.FEC.RNEW.ZS,85.8
MMR,Myanmar,2008,EG.FEC.RNEW.ZS,85.6
MMR,Myanmar,2007,EG.FEC.RNEW.ZS,80.5
MMR,Myanmar,2006,EG.FEC.RNEW.ZS,81.3
MMR,Myanmar,2005,EG.FEC.RNEW.ZS,79.6
NAM,Namibia,2021,EG.FEC.RNEW.ZS,30.0
NAM,Namibia,2020,EG.FEC.RNEW.ZS,31.2
NAM,Namibia,2019,EG.FEC.RNEW.ZS,30.2
NAM,Namibia,2018,EG.FEC.RNEW.ZS,30.9
NAM,Namibia,2017,EG.FEC.RNEW.ZS,30.2
NAM,Namibia,2016,EG.FEC.RNEW.ZS,29.2
NAM,Namibia,2015,EG.FEC.RNEW.ZS,29.3
NAM,Namibia,2014,EG.FEC.RNEW.ZS,30.2
NAM,Namibia,2013,EG.FEC.RNEW.ZS,30.7
NAM,Namibia,2012,EG.FEC.RNEW.ZS,31.9
NAM,Namibia,2011,EG.FEC.RNEW.ZS,31.6
NAM,Namibia,2010,EG.FEC.RNEW.ZS,31.2
NAM,Namibia,2009,EG.FEC.RNEW.ZS,33.4
NAM,Namibia,2008,EG.FEC.RNEW.ZS,32.5
NAM,Namibia,2007,EG.FEC.RNEW.ZS,36.5
NAM,Namibia,2006,EG.FEC.RNEW.ZS,35.8
NAM,Namibia,2005,EG.FEC.RNEW.ZS,34.6
NRU,Naoero,2022,EG.FEC.RNEW.ZS,1.9
NRU,Naoero,2021,EG.FEC.RNEW.ZS,1.6
NRU,Naoero,2020,EG.FEC.RNEW.ZS,1.3
NRU,Naoero,2019,EG.FEC.RNEW.ZS,0.6
NRU,Naoero,2018,EG.FEC.RNEW.ZS,0.7
NRU,Naoero,2017,EG.FEC.RNEW.ZS,0.6
NRU,Naoero,2016,EG.FEC.RNEW.ZS,0.2
NRU,Naoero,2015,EG.FEC.RNEW.ZS,0.1
NRU,Naoero,2014,EG.FEC.RNEW.ZS,0.0
NRU,Naoero,2013,EG.FEC.RNEW.ZS,0.1
NRU,Naoero,2012,EG.FEC.RNEW.ZS,0.1
NRU,Naoero,2011,EG.FEC.RNEW.ZS,0.0
NRU,Naoero,2010,EG.FEC.RNEW.ZS,0.0
NRU,Naoero,2009,EG.FEC.RNEW.ZS,0.0
NRU,Naoero,2008,EG.FEC.RNEW.ZS,0.1
NRU,Naoero,2007,EG.FEC.RNEW.ZS,0.1
NRU,Naoero,2006,EG.FEC.RNEW.ZS,0.1
NRU,Naoero,2005,EG.FEC.RNEW.ZS,0.0
NPL,Nepal,2021,EG.FEC.RNEW.ZS,73.7
NPL,Nepal,2020,EG.FEC.RNEW.ZS,73.1
NPL,Nepal,2019,EG.FEC.RNEW.ZS,78.2
NPL,Nepal,2018,EG.FEC.RNEW.ZS,75.0
NPL,Nepal,2017,EG.FEC.RNEW.ZS,76.8
NPL,Nepal,2016,EG.FEC.RNEW.ZS,79.4
NPL,Nepal,2015,EG.FEC.RNEW.ZS,85.2
NPL,Nepal,2014,EG.FEC.RNEW.ZS,84.0
NPL,Nepal,2013,EG.FEC.RNEW.ZS,86.0
NPL,Nepal,2012,EG.FEC.RNEW.ZS,84.7
NPL,Nepal,2011,EG.FEC.RNEW.ZS,87.0
NPL,Nepal,2010,EG.FEC.RNEW.ZS,87.3
NPL,Nepal,2009,EG.FEC.RNEW.ZS,88.9
NPL,Nepal,2008,EG.FEC.RNEW.ZS,90.5
NPL,Nepal,2007,EG.FEC.RNEW.ZS,91.3
NPL,Nepal,2006,EG.FEC.RNEW.ZS,91.2
NPL,Nepal,2005,EG.FEC.RNEW.ZS,89.5
NLD,Netherlands,2021,EG.FEC.RNEW.ZS,12.2
NLD,Netherlands,2020,EG.FEC.RNEW.ZS,10.7
NLD,Netherlands,2019,EG.FEC.RNEW.ZS,8.6
NLD,Netherlands,2018,EG.FEC.RNEW.ZS,7.4
NLD,Netherlands,2017,EG.FEC.RNEW.ZS,6.4
NLD,Netherlands,2016,EG.FEC.RNEW.ZS,5.6
NLD,Netherlands,2015,EG.FEC.RNEW.ZS,5.8
NLD,Netherlands,2014,EG.FEC.RNEW.ZS,5.6
NLD,Netherlands,2013,EG.FEC.RNEW.ZS,5.0
NLD,Netherlands,2012,EG.FEC.RNEW.ZS,4.9
NLD,Netherlands,2011,EG.FEC.RNEW.ZS,4.7
NLD,Netherlands,2010,EG.FEC.RNEW.ZS,3.9
NLD,Netherlands,2009,EG.FEC.RNEW.ZS,4.4
NLD,Netherlands,2008,EG.FEC.RNEW.ZS,3.9
NLD,Netherlands,2007,EG.FEC.RNEW.ZS,3.7
NLD,Netherlands,2006,EG.FEC.RNEW.ZS,3.1
NLD,Netherlands,2005,EG.FEC.RNEW.ZS,2.7
NCL,New Caledonia,2022,EG.FEC.RNEW.ZS,9.6
NCL,New Caledonia,2021,EG.FEC.RNEW.ZS,8.3
NCL,New Caledonia,2020,EG.FEC.RNEW.ZS,6.1
NCL,New Caledonia,2019,EG.FEC.RNEW.ZS,5.2
NCL,New Caledonia,2018,EG.FEC.RNEW.ZS,4.6
NCL,New Caledonia,2017,EG.FEC.RNEW.ZS,5.1
NCL,New Caledonia,2016,EG.FEC.RNEW.ZS,3.7
NCL,New Caledonia,2015,EG.FEC.RNEW.ZS,5.1
NCL,New Caledonia,2014,EG.FEC.RNEW.ZS,4.3
NCL,New Caledonia,2013,EG.FEC.RNEW.ZS,6.6
NCL,New Caledonia,2012,EG.FEC.RNEW.ZS,6.2
NCL,New Caledonia,2011,EG.FEC.RNEW.ZS,5.9
NCL,New Caledonia,2010,EG.FEC.RNEW.ZS,4.8
NCL,New Caledonia,2009,EG.FEC.RNEW.ZS,7.0
NCL,New Caledonia,2008,EG.FEC.RNEW.ZS,7.8
NCL,New Caledonia,2007,EG.FEC.RNEW.ZS,5.8
NCL,New Caledonia,2006,EG.FEC.RNEW.ZS,4.5
NCL,New Caledonia,2005,EG.FEC.RNEW.ZS,5.1
NZL,New Zealand,2021,EG.FEC.RNEW.ZS,28.9
NZL,New Zealand,2020,EG.FEC.RNEW.ZS,28.7
NZL,New Zealand,2019,EG.FEC.RNEW.ZS,28.0
NZL,New Zealand,2018,EG.FEC.RNEW.ZS,28.9
NZL,New Zealand,2017,EG.FEC.RNEW.ZS,28.4
NZL,New Zealand,2016,EG.FEC.RNEW.ZS,30.1
NZL,New Zealand,2015,EG.FEC.RNEW.ZS,29.3
NZL,New Zealand,2014,EG.FEC.RNEW.ZS,29.0
NZL,New Zealand,2013,EG.FEC.RNEW.ZS,28.3
NZL,New Zealand,2012,EG.FEC.RNEW.ZS,28.8
NZL,New Zealand,2011,EG.FEC.RNEW.ZS,30.3
NZL,New Zealand,2010,EG.FEC.RNEW.ZS,29.4
NZL,New Zealand,2009,EG.FEC.RNEW.ZS,28.5
NZL,New Zealand,2008,EG.FEC.RNEW.ZS,26.1
NZL,New Zealand,2007,EG.FEC.RNEW.ZS,27.0
NZL,New Zealand,2006,EG.FEC.RNEW.ZS,27.0
NZL,New Zealand,2005,EG.FEC.RNEW.ZS,26.8
NIC,Nicaragua,2021,EG.FEC.RNEW.ZS,50.4
NIC,Nicaragua,2020,EG.FEC.RNEW.ZS,52.2
NIC,Nicaragua,2019,EG.FEC.RNEW.ZS,50.5
NIC,Nicaragua,2018,EG.FEC.RNEW.ZS,51.3
NIC,Nicaragua,2017,EG.FEC.RNEW.ZS,48.9
NIC,Nicaragua,2016,EG.FEC.RNEW.ZS,49.5
NIC,Nicaragua,2015,EG.FEC.RNEW.ZS,50.0
NIC,Nicaragua,2014,EG.FEC.RNEW.ZS,53.0
NIC,Nicaragua,2013,EG.FEC.RNEW.ZS,54.3
NIC,Nicaragua,2012,EG.FEC.RNEW.ZS,53.3
NIC,Nicaragua,2011,EG.FEC.RNEW.ZS,53.3
NIC,Nicaragua,2010,EG.FEC.RNEW.ZS,54.4
NIC,Nicaragua,2009,EG.FEC.RNEW.ZS,54.6
NIC,Nicaragua,2008,EG.FEC.RNEW.ZS,53.8
NIC,Nicaragua,2007,EG.FEC.RNEW.ZS,52.6
NIC,Nicaragua,2006,EG.FEC.RNEW.ZS,53.3
NIC,Nicaragua,2005,EG.FEC.RNEW.ZS,52.8
NER,Niger,2021,EG.FEC.RNEW.ZS,79.6
NER,Niger,2020,EG.FEC.RNEW.ZS,81.9
NER,Niger,2019,EG.FEC.RNEW.ZS,80.7
NER,Niger,2018,EG.FEC.RNEW.ZS,82.0
NER,Niger,2017,EG.FEC.RNEW.ZS,82.0
NER,Niger,2016,EG.FEC.RNEW.ZS,80.2
NER,Niger,2015,EG.FEC.RNEW.ZS,78.9
NER,Niger,2014,EG.FEC.RNEW.ZS,78.1
NER,Niger,2013,EG.FEC.RNEW.ZS,78.7
NER,Niger,2012,EG.FEC.RNEW.ZS,72.7
NER,Niger,2011,EG.FEC.RNEW.ZS,77.2
NER,Niger,2010,EG.FEC.RNEW.ZS,80.7
NER,Niger,2009,EG.FEC.RNEW.ZS,83.2
NER,Niger,2008,EG.FEC.RNEW.ZS,86.1
NER,Niger,2007,EG.FEC.RNEW.ZS,86.2
NER,Niger,2006,EG.FEC.RNEW.ZS,87.4
NER,Niger,2005,EG.FEC.RNEW.ZS,87.5
NGA,Nigeria,2021,EG.FEC.RNEW.ZS,80.3
NGA,Nigeria,2020,EG.FEC.RNEW.ZS,81.8
NGA,Nigeria,2019,EG.FEC.RNEW.ZS,80.1
NGA,Nigeria,2018,EG.FEC.RNEW.ZS,80.8
NGA,Nigeria,2017,EG.FEC.RNEW.ZS,81.6
NGA,Nigeria,2016,EG.FEC.RNEW.ZS,81.1
NGA,Nigeria,2015,EG.FEC.RNEW.ZS,81.3
NGA,Nigeria,2014,EG.FEC.RNEW.ZS,79.9
NGA,Nigeria,2013,EG.FEC.RNEW.ZS,81.4
NGA,Nigeria,2012,EG.FEC.RNEW.ZS,83.9
NGA,Nigeria,2011,EG.FEC.RNEW.ZS,84.1
NGA,Nigeria,2010,EG.FEC.RNEW.ZS,86.0
NGA,Nigeria,2009,EG.FEC.RNEW.ZS,88.1
NGA,Nigeria,2008,EG.FEC.RNEW.ZS,85.7
NGA,Nigeria,2007,EG.FEC.RNEW.ZS,87.1
NGA,Nigeria,2006,EG.FEC.RNEW.ZS,85.8
NGA,Nigeria,2005,EG.FEC.RNEW.ZS,83.9
MKD,North Macedonia,2021,EG.FEC.RNEW.ZS,19.5
MKD,North Macedonia,2020,EG.FEC.RNEW.ZS,20.0
MKD,North Macedonia,2019,EG.FEC.RNEW.ZS,17.0
MKD,North Macedonia,2018,EG.FEC.RNEW.ZS,20.9
MKD,North Macedonia,2017,EG.FEC.RNEW.ZS,19.0
MKD,North Macedonia,2016,EG.FEC.RNEW.ZS,21.4
MKD,North Macedonia,2015,EG.FEC.RNEW.ZS,23.9
MKD,North Macedonia,2014,EG.FEC.RNEW.ZS,21.2
MKD,North Macedonia,2013,EG.FEC.RNEW.ZS,21.2
MKD,North Macedonia,2012,EG.FEC.RNEW.ZS,18.3
MKD,North Macedonia,2011,EG.FEC.RNEW.ZS,18.6
MKD,North Macedonia,2010,EG.FEC.RNEW.ZS,22.3
MKD,North Macedonia,2009,EG.FEC.RNEW.ZS,18.4
MKD,North Macedonia,2008,EG.FEC.RNEW.ZS,15.6
MKD,North Macedonia,2007,EG.FEC.RNEW.ZS,15.7
MKD,North Macedonia,2006,EG.FEC.RNEW.ZS,19.8
MKD,North Macedonia,2005,EG.FEC.RNEW.ZS,19.0
MNP,Northern Mariana Islands,2022,EG.FEC.RNEW.ZS,0.5
MNP,Northern Mariana Islands,2021,EG.FEC.RNEW.ZS,0.5
MNP,Northern Mariana Islands,2020,EG.FEC.RNEW.ZS,0.3
MNP,Northern Mariana Islands,2019,EG.FEC.RNEW.ZS,0.0
MNP,Northern Mariana Islands,2018,EG.FEC.RNEW.ZS,0.0
MNP,Northern Mariana Islands,2017,EG.FEC.RNEW.ZS,0.0
MNP,Northern Mariana Islands,2016,EG.FEC.RNEW.ZS,0.0
MNP,Northern Mariana Islands,2015,EG.FEC.RNEW.ZS,0.0
MNP,Northern Mariana Islands,2014,EG.FEC.RNEW.ZS,0.0
MNP,Northern Mariana Islands,2013,EG.FEC.RNEW.ZS,0.0
MNP,Northern Mariana Islands,2012,EG.FEC.RNEW.ZS,0.0
MNP,Northern Mariana Islands,2011,EG.FEC.RNEW.ZS,0.0
MNP,Northern Mariana Islands,2010,EG.FEC.RNEW.ZS,0.0
MNP,Northern Mariana Islands,2009,EG.FEC.RNEW.ZS,0.0
MNP,Northern Mariana Islands,2008,EG.FEC.RNEW.ZS,0.0
MNP,Northern Mariana Islands,2007,EG.FEC.RNEW.ZS,0.0
MNP,Northern Mariana Islands,2006,EG.FEC.RNEW.ZS,0.0
MNP,Northern Mariana Islands,2005,EG.FEC.RNEW.ZS,0.0
NOR,Norway,2021,EG.FEC.RNEW.ZS,61.4
NOR,Norway,2020,EG.FEC.RNEW.ZS,60.9
NOR,Norway,2019,EG.FEC.RNEW.ZS,59.8
NOR,Norway,2018,EG.FEC.RNEW.ZS,58.9
NOR,Norway,2017,EG.FEC.RNEW.ZS,58.9
NOR,Norway,2016,EG.FEC.RNEW.ZS,57.7
NOR,Norway,2015,EG.FEC.RNEW.ZS,56.5
NOR,Norway,2014,EG.FEC.RNEW.ZS,55.8
NOR,Norway,2013,EG.FEC.RNEW.ZS,56.6
NOR,Norway,2012,EG.FEC.RNEW.ZS,56.9
NOR,Norway,2011,EG.FEC.RNEW.ZS,56.0
NOR,Norway,2010,EG.FEC.RNEW.ZS,56.0
NOR,Norway,2009,EG.FEC.RNEW.ZS,56.7
NOR,Norway,2008,EG.FEC.RNEW.ZS,58.5
NOR,Norway,2007,EG.FEC.RNEW.ZS,57.4
NOR,Norway,2006,EG.FEC.RNEW.ZS,57.0
NOR,Norway,2005,EG.FEC.RNEW.ZS,58.6
OMN,Oman,2021,EG.FEC.RNEW.ZS,0.1
OMN,Oman,2020,EG.FEC.RNEW.ZS,0.1
OMN,Oman,2019,EG.FEC.RNEW.ZS,0.0
OMN,Oman,2018,EG.FEC.RNEW.ZS,0.0
OMN,Oman,2017,EG.FEC.RNEW.ZS,0.0
OMN,Oman,2016,EG.FEC.RNEW.ZS,0.0
OMN,Oman,2015,EG.FEC.RNEW.ZS,0.0
OMN,Oman,2014,EG.FEC.RNEW.ZS,0.0
OMN,Oman,2013,EG.FEC.RNEW.ZS,0.0
OMN,Oman,2012,EG.FEC.RNEW.ZS,0.0
OMN,Oman,2011,EG.FEC.RNEW.ZS,0.0
OMN,Oman,2010,EG.FEC.RNEW.ZS,0.0
OMN,Oman,2009,EG.FEC.RNEW.ZS,0.0
OMN,Oman,2008,EG.FEC.RNEW.ZS,0.0
OMN,Oman,2007,EG.FEC.RNEW.ZS,0.0
OMN,Oman,2006,EG.FEC.RNEW.ZS,0.0
OMN,Oman,2005,EG.FEC.RNEW.ZS,0.0
PAK,Pakistan,2021,EG.FEC.RNEW.ZS,41.6
PAK,Pakistan,2020,EG.FEC.RNEW.ZS,42.7
PAK,Pakistan,2019,EG.FEC.RNEW.ZS,45.9
PAK,Pakistan,2018,EG.FEC.RNEW.ZS,43.4
PAK,Pakistan,2017,EG.FEC.RNEW.ZS,42.1
PAK,Pakistan,2016,EG.FEC.RNEW.ZS,43.7
PAK,Pakistan,2015,EG.FEC.RNEW.ZS,45.9
PAK,Pakistan,2014,EG.FEC.RNEW.ZS,47.2
PAK,Pakistan,2013,EG.FEC.RNEW.ZS,48.1
PAK,Pakistan,2012,EG.FEC.RNEW.ZS,47.2
PAK,Pakistan,2011,EG.FEC.RNEW.ZS,46.8
PAK,Pakistan,2010,EG.FEC.RNEW.ZS,47.4
PAK,Pakistan,2009,EG.FEC.RNEW.ZS,46.4
PAK,Pakistan,2008,EG.FEC.RNEW.ZS,46.6
PAK,Pakistan,2007,EG.FEC.RNEW.ZS,44.9
PAK,Pakistan,2006,EG.FEC.RNEW.ZS,47.0
PAK,Pakistan,2005,EG.FEC.RNEW.ZS,48.0
PLW,Palau,2022,EG.FEC.RNEW.ZS,0.9
PLW,Palau,2021,EG.FEC.RNEW.ZS,0.9
PLW,Palau,2020,EG.FEC.RNEW.ZS,0.9
PLW,Palau,2019,EG.FEC.RNEW.ZS,0.9
PLW,Palau,2018,EG.FEC.RNEW.ZS,0.6
PLW,Palau,2017,EG.FEC.RNEW.ZS,0.6
PLW,Palau,2016,EG.FEC.RNEW.ZS,0.6
PLW,Palau,2015,EG.FEC.RNEW.ZS,0.4
PLW,Palau,2014,EG.FEC.RNEW.ZS,0.3
PLW,Palau,2013,EG.FEC.RNEW.ZS,0.0
PLW,Palau,2012,EG.FEC.RNEW.ZS,0.0
PLW,Palau,2011,EG.FEC.RNEW.ZS,0.0
PLW,Palau,2010,EG.FEC.RNEW.ZS,0.0
PLW,Palau,2009,EG.FEC.RNEW.ZS,0.0
PLW,Palau,2008,EG.FEC.RNEW.ZS,0.0
PLW,Palau,2007,EG.FEC.RNEW.ZS,0.0
PLW,Palau,2006,EG.FEC.RNEW.ZS,0.0
PLW,Palau,2005,EG.FEC.RNEW.ZS,0.0
PAN,Panama,2021,EG.FEC.RNEW.ZS,28.0
PAN,Panama,2020,EG.FEC.RNEW.ZS,28.5
PAN,Panama,2019,EG.FEC.RNEW.ZS,19.0
PAN,Panama,2018,EG.FEC.RNEW.ZS,24.5
PAN,Panama,2017,EG.FEC.RNEW.ZS,23.6
PAN,Panama,2016,EG.FEC.RNEW.ZS,22.1
PAN,Panama,2015,EG.FEC.RNEW.ZS,22.0
PAN,Panama,2014,EG.FEC.RNEW.ZS,19.8
PAN,Panama,2013,EG.FEC.RNEW.ZS,20.7
PAN,Panama,2012,EG.FEC.RNEW.ZS,21.2
PAN,Panama,2011,EG.FEC.RNEW.ZS,19.7
PAN,Panama,2010,EG.FEC.RNEW.ZS,20.6
PAN,Panama,2009,EG.FEC.RNEW.ZS,20.4
PAN,Panama,2008,EG.FEC.RNEW.ZS,23.4
PAN,Panama,2007,EG.FEC.RNEW.ZS,22.8
PAN,Panama,2006,EG.FEC.RNEW.ZS,22.1
PAN,Panama,2005,EG.FEC.RNEW.ZS,22.8
PNG,Papua New Guinea,2022,EG.FEC.RNEW.ZS,54.6
PNG,Papua New Guinea,2021,EG.FEC.RNEW.ZS,54.5
PNG,Papua New Guinea,2020,EG.FEC.RNEW.ZS,53.6
PNG,Papua New Guinea,2019,EG.FEC.RNEW.ZS,53.2
PNG,Papua New Guinea,2018,EG.FEC.RNEW.ZS,53.4
PNG,Papua New Guinea,2017,EG.FEC.RNEW.ZS,54.7
PNG,Papua New Guinea,2016,EG.FEC.RNEW.ZS,54.8
PNG,Papua New Guinea,2015,EG.FEC.RNEW.ZS,55.3
PNG,Papua New Guinea,2014,EG.FEC.RNEW.ZS,56.9
PNG,Papua New Guinea,2013,EG.FEC.RNEW.ZS,58.3
PNG,Papua New Guinea,2012,EG.FEC.RNEW.ZS,55.5
PNG,Papua New Guinea,2011,EG.FEC.RNEW.ZS,54.7
PNG,Papua New Guinea,2010,EG.FEC.RNEW.ZS,55.2
PNG,Papua New Guinea,2009,EG.FEC.RNEW.ZS,56.0
PNG,Papua New Guinea,2008,EG.FEC.RNEW.ZS,56.9
PNG,Papua New Guinea,2007,EG.FEC.RNEW.ZS,57.1
PNG,Papua New Guinea,2006,EG.FEC.RNEW.ZS,58.9
PNG,Papua New Guinea,2005,EG.FEC.RNEW.ZS,58.6
PRY,Paraguay,2021,EG.FEC.RNEW.ZS,58.8
PRY,Paraguay,2020,EG.FEC.RNEW.ZS,61.5
PRY,Paraguay,2019,EG.FEC.RNEW.ZS,60.1
PRY,Paraguay,2018,EG.FEC.RNEW.ZS,59.2
PRY,Paraguay,2017,EG.FEC.RNEW.ZS,60.1
PRY,Paraguay,2016,EG.FEC.RNEW.ZS,62.5
PRY,Paraguay,2015,EG.FEC.RNEW.ZS,60.5
PRY,Paraguay,2014,EG.FEC.RNEW.ZS,62.5
PRY,Paraguay,2013,EG.FEC.RNEW.ZS,62.5
PRY,Paraguay,2012,EG.FEC.RNEW.ZS,63.4
PRY,Paraguay,2011,EG.FEC.RNEW.ZS,62.5
PRY,Paraguay,2010,EG.FEC.RNEW.ZS,63.6
PRY,Paraguay,2009,EG.FEC.RNEW.ZS,65.4
PRY,Paraguay,2008,EG.FEC.RNEW.ZS,65.8
PRY,Paraguay,2007,EG.FEC.RNEW.ZS,68.4
PRY,Paraguay,2006,EG.FEC.RNEW.ZS,66.5
PRY,Paraguay,2005,EG.FEC.RNEW.ZS,68.8
PER,Peru,2021,EG.FEC.RNEW.ZS,30.6
PER,Peru,2020,EG.FEC.RNEW.ZS,31.6
PER,Peru,2019,EG.FEC.RNEW.ZS,27.1
PER,Peru,2018,EG.FEC.RNEW.ZS,27.9
PER,Peru,2017,EG.FEC.RNEW.ZS,27.6
PER,Peru,2016,EG.FEC.RNEW.ZS,27.2
PER,Peru,2015,EG.FEC.RNEW.ZS,27.4
PER,Peru,2014,EG.FEC.RNEW.ZS,28.6
PER,Peru,2013,EG.FEC.RNEW.ZS,28.4
PER,Peru,2012,EG.FEC.RNEW.ZS,30.8
PER,Peru,2011,EG.FEC.RNEW.ZS,30.6
PER,Peru,2010,EG.FEC.RNEW.ZS,32.2
PER,Peru,2009,EG.FEC.RNEW.ZS,32.9
PER,Peru,2008,EG.FEC.RNEW.ZS,33.7
PER,Peru,2007,EG.FEC.RNEW.ZS,36.0
PER,Peru,2006,EG.FEC.RNEW.ZS,38.7
PER,Peru,2005,EG.FEC.RNEW.ZS,38.4
PHL,Philippines,2021,EG.FEC.RNEW.ZS,28.0
PHL,Philippines,2020,EG.FEC.RNEW.ZS,29.1
PHL,Philippines,2019,EG.FEC.RNEW.ZS,26.9
PHL,Philippines,2018,EG.FEC.RNEW.ZS,27.6
PHL,Philippines,2017,EG.FEC.RNEW.ZS,27.8
PHL,Philippines,2016,EG.FEC.RNEW.ZS,28.6
PHL,Philippines,2015,EG.FEC.RNEW.ZS,30.8
PHL,Philippines,2014,EG.FEC.RNEW.ZS,32.4
PHL,Philippines,2013,EG.FEC.RNEW.ZS,33.1
PHL,Philippines,2012,EG.FEC.RNEW.ZS,34.1
PHL,Philippines,2011,EG.FEC.RNEW.ZS,33.8
PHL,Philippines,2010,EG.FEC.RNEW.ZS,32.7
PHL,Philippines,2009,EG.FEC.RNEW.ZS,34.1
PHL,Philippines,2008,EG.FEC.RNEW.ZS,33.9
PHL,Philippines,2007,EG.FEC.RNEW.ZS,32.4
PHL,Philippines,2006,EG.FEC.RNEW.ZS,33.3
PHL,Philippines,2005,EG.FEC.RNEW.ZS,31.3
POL,Poland,2021,EG.FEC.RNEW.ZS,15.2
POL,Poland,2020,EG.FEC.RNEW.ZS,16.1
POL,Poland,2019,EG.FEC.RNEW.ZS,15.6
POL,Poland,2018,EG.FEC.RNEW.ZS,15.1
POL,Poland,2017,EG.FEC.RNEW.ZS,11.1
POL,Poland,2016,EG.FEC.RNEW.ZS,11.3
POL,Poland,2015,EG.FEC.RNEW.ZS,11.9
POL,Poland,2014,EG.FEC.RNEW.ZS,11.6
POL,Poland,2013,EG.FEC.RNEW.ZS,11.4
POL,Poland,2012,EG.FEC.RNEW.ZS,10.9
POL,Poland,2011,EG.FEC.RNEW.ZS,10.4
POL,Poland,2010,EG.FEC.RNEW.ZS,9.5
POL,Poland,2009,EG.FEC.RNEW.ZS,8.8
POL,Poland,2008,EG.FEC.RNEW.ZS,8.0
POL,Poland,2007,EG.FEC.RNEW.ZS,7.3
POL,Poland,2006,EG.FEC.RNEW.ZS,7.2
POL,Poland,2005,EG.FEC.RNEW.ZS,7.2
PRT,Portugal,2021,EG.FEC.RNEW.ZS,32.3
PRT,Portugal,2020,EG.FEC.RNEW.ZS,31.3
PRT,Portugal,2019,EG.FEC.RNEW.ZS,28.2
PRT,Portugal,2018,EG.FEC.RNEW.ZS,27.5
PRT,Portugal,2017,EG.FEC.RNEW.ZS,24.4
PRT,Portugal,2016,EG.FEC.RNEW.ZS,29.0
PRT,Portugal,2015,EG.FEC.RNEW.ZS,27.2
PRT,Portugal,2014,EG.FEC.RNEW.ZS,30.5
PRT,Portugal,2013,EG.FEC.RNEW.ZS,30.2
PRT,Portugal,2012,EG.FEC.RNEW.ZS,25.5
PRT,Portugal,2011,EG.FEC.RNEW.ZS,27.2
PRT,Portugal,2010,EG.FEC.RNEW.ZS,27.8
PRT,Portugal,2009,EG.FEC.RNEW.ZS,24.9
PRT,Portugal,2008,EG.FEC.RNEW.ZS,23.2
PRT,Portugal,2007,EG.FEC.RNEW.ZS,23.1
PRT,Portugal,2006,EG.FEC.RNEW.ZS,22.3
PRT,Portugal,2005,EG.FEC.RNEW.ZS,18.1
PRI,Puerto Rico (US),2022,EG.FEC.RNEW.ZS,2.5
PRI,Puerto Rico (US),2021,EG.FEC.RNEW.ZS,2.6
PRI,Puerto Rico (US),2020,EG.FEC.RNEW.ZS,2.5
PRI,Puerto Rico (US),2019,EG.FEC.RNEW.ZS,2.4
PRI,Puerto Rico (US),2018,EG.FEC.RNEW.ZS,1.4
PRI,Puerto Rico (US),2017,EG.FEC.RNEW.ZS,2.3
PRI,Puerto Rico (US),2016,EG.FEC.RNEW.ZS,1.9
PRI,Puerto Rico (US),2015,EG.FEC.RNEW.ZS,1.9
PRI,Puerto Rico (US),2014,EG.FEC.RNEW.ZS,1.6
PRI,Puerto Rico (US),2013,EG.FEC.RNEW.ZS,1.4
PRI,Puerto Rico (US),2012,EG.FEC.RNEW.ZS,0.5
PRI,Puerto Rico (US),2011,EG.FEC.RNEW.ZS,0.7
PRI,Puerto Rico (US),2010,EG.FEC.RNEW.ZS,0.4
PRI,Puerto Rico (US),2009,EG.FEC.RNEW.ZS,0.5
PRI,Puerto Rico (US),2008,EG.FEC.RNEW.ZS,0.5
PRI,Puerto Rico (US),2007,EG.FEC.RNEW.ZS,0.5
PRI,Puerto Rico (US),2006,EG.FEC.RNEW.ZS,0.5
PRI,Puerto Rico (US),2005,EG.FEC.RNEW.ZS,0.6
QAT,Qatar,2021,EG.FEC.RNEW.ZS,0.0
QAT,Qatar,2020,EG.FEC.RNEW.ZS,0.0
QAT,Qatar,2019,EG.FEC.RNEW.ZS,0.1
QAT,Qatar,2018,EG.FEC.RNEW.ZS,0.0
QAT,Qatar,2017,EG.FEC.RNEW.ZS,0.1
QAT,Qatar,2016,EG.FEC.RNEW.ZS,0.1
QAT,Qatar,2015,EG.FEC.RNEW.ZS,0.0
QAT,Qatar,2014,EG.FEC.RNEW.ZS,0.0
QAT,Qatar,2013,EG.FEC.RNEW.ZS,0.0
QAT,Qatar,2012,EG.FEC.RNEW.ZS,0.0
QAT,Qatar,2011,EG.FEC.RNEW.ZS,0.1
QAT,Qatar,2010,EG.FEC.RNEW.ZS,0.1
QAT,Qatar,2009,EG.FEC.RNEW.ZS,0.1
QAT,Qatar,2008,EG.FEC.RNEW.ZS,0.1
QAT,Qatar,2007,EG.FEC.RNEW.ZS,0.1
QAT,Qatar,2006,EG.FEC.RNEW.ZS,0.1
QAT,Qatar,2005,EG.FEC.RNEW.ZS,0.0
ROU,Romania,2021,EG.FEC.RNEW.ZS,23.6
ROU,Romania,2020,EG.FEC.RNEW.ZS,24.1
ROU,Romania,2019,EG.FEC.RNEW.ZS,23.5
ROU,Romania,2018,EG.FEC.RNEW.ZS,23.0
ROU,Romania,2017,EG.FEC.RNEW.ZS,23.4
ROU,Romania,2016,EG.FEC.RNEW.ZS,24.4
ROU,Romania,2015,EG.FEC.RNEW.ZS,23.7
ROU,Romania,2014,EG.FEC.RNEW.ZS,24.3
ROU,Romania,2013,EG.FEC.RNEW.ZS,23.1
ROU,Romania,2012,EG.FEC.RNEW.ZS,21.5
ROU,Romania,2011,EG.FEC.RNEW.ZS,21.1
ROU,Romania,2010,EG.FEC.RNEW.ZS,24.1
ROU,Romania,2009,EG.FEC.RNEW.ZS,22.1
ROU,Romania,2008,EG.FEC.RNEW.ZS,20.4
ROU,Romania,2007,EG.FEC.RNEW.ZS,18.2
ROU,Romania,2006,EG.FEC.RNEW.ZS,17.4
ROU,Romania,2005,EG.FEC.RNEW.ZS,18.5
RUS,Russian Federation,2021,EG.FEC.RNEW.ZS,3.5
RUS,Russian Federation,2020,EG.FEC.RNEW.ZS,3.7
RUS,Russian Federation,2019,EG.FEC.RNEW.ZS,3.2
RUS,Russian Federation,2018,EG.FEC.RNEW.ZS,3.2
RUS,Russian Federation,2017,EG.FEC.RNEW.ZS,3.2
RUS,Russian Federation,2016,EG.FEC.RNEW.ZS,3.4
RUS,Russian Federation,2015,EG.FEC.RNEW.ZS,3.2
RUS,Russian Federation,2014,EG.FEC.RNEW.ZS,3.3
RUS,Russian Federation,2013,EG.FEC.RNEW.ZS,3.6
RUS,Russian Federation,2012,EG.FEC.RNEW.ZS,3.2
RUS,Russian Federation,2011,EG.FEC.RNEW.ZS,3.2
RUS,Russian Federation,2010,EG.FEC.RNEW.ZS,3.3
RUS,Russian Federation,2009,EG.FEC.RNEW.ZS,3.6
RUS,Russian Federation,2008,EG.FEC.RNEW.ZS,3.3
RUS,Russian Federation,2007,EG.FEC.RNEW.ZS,3.7
RUS,Russian Federation,2006,EG.FEC.RNEW.ZS,3.5
RUS,Russian Federation,2005,EG.FEC.RNEW.ZS,3.6
RWA,Rwanda,2022,EG.FEC.RNEW.ZS,79.9
RWA,Rwanda,2021,EG.FEC.RNEW.ZS,79.4
RWA,Rwanda,2020,EG.FEC.RNEW.ZS,81.7
RWA,Rwanda,2019,EG.FEC.RNEW.ZS,81.8
RWA,Rwanda,2018,EG.FEC.RNEW.ZS,82.8
RWA,Rwanda,2017,EG.FEC.RNEW.ZS,84.5
RWA,Rwanda,2016,EG.FEC.RNEW.ZS,85.5
RWA,Rwanda,2015,EG.FEC.RNEW.ZS,86.3
RWA,Rwanda,2014,EG.FEC.RNEW.ZS,88.0
RWA,Rwanda,2013,EG.FEC.RNEW.ZS,88.5
RWA,Rwanda,2012,EG.FEC.RNEW.ZS,88.8
RWA,Rwanda,2011,EG.FEC.RNEW.ZS,89.7
RWA,Rwanda,2010,EG.FEC.RNEW.ZS,90.5
RWA,Rwanda,2009,EG.FEC.RNEW.ZS,90.5
RWA,Rwanda,2008,EG.FEC.RNEW.ZS,90.6
RWA,Rwanda,2007,EG.FEC.RNEW.ZS,90.3
RWA,Rwanda,2006,EG.FEC.RNEW.ZS,90.6
RWA,Rwanda,2005,EG.FEC.RNEW.ZS,89.2
WSM,Samoa,2022,EG.FEC.RNEW.ZS,35.9
WSM,Samoa,2021,EG.FEC.RNEW.ZS,36.0
WSM,Samoa,2020,EG.FEC.RNEW.ZS,35.6
WSM,Samoa,2019,EG.FEC.RNEW.ZS,34.2
WSM,Samoa,2018,EG.FEC.RNEW.ZS,36.6
WSM,Samoa,2017,EG.FEC.RNEW.ZS,35.8
WSM,Samoa,2016,EG.FEC.RNEW.ZS,36.8
WSM,Samoa,2015,EG.FEC.RNEW.ZS,37.1
WSM,Samoa,2014,EG.FEC.RNEW.ZS,41.4
WSM,Samoa,2013,EG.FEC.RNEW.ZS,42.6
WSM,Samoa,2012,EG.FEC.RNEW.ZS,40.2
WSM,Samoa,2011,EG.FEC.RNEW.ZS,40.6
WSM,Samoa,2010,EG.FEC.RNEW.ZS,41.9
WSM,Samoa,2009,EG.FEC.RNEW.ZS,43.2
WSM,Samoa,2008,EG.FEC.RNEW.ZS,45.0
WSM,Samoa,2007,EG.FEC.RNEW.ZS,43.2
WSM,Samoa,2006,EG.FEC.RNEW.ZS,46.0
WSM,Samoa,2005,EG.FEC.RNEW.ZS,48.9
STP,Sao Tome and Principe,2022,EG.FEC.RNEW.ZS,42.5
STP,Sao Tome and Principe,2021,EG.FEC.RNEW.ZS,40.8
STP,Sao Tome and Principe,2020,EG.FEC.RNEW.ZS,41.6
STP,Sao Tome and Principe,2019,EG.FEC.RNEW.ZS,38.6
STP,Sao Tome and Principe,2018,EG.FEC.RNEW.ZS,40.6
STP,Sao Tome and Principe,2017,EG.FEC.RNEW.ZS,39.2
STP,Sao Tome and Principe,2016,EG.FEC.RNEW.ZS,38.1
STP,Sao Tome and Principe,2015,EG.FEC.RNEW.ZS,39.2
STP,Sao Tome and Principe,2014,EG.FEC.RNEW.ZS,38.4
STP,Sao Tome and Principe,2013,EG.FEC.RNEW.ZS,42.8
STP,Sao Tome and Principe,2012,EG.FEC.RNEW.ZS,40.1
STP,Sao Tome and Principe,2011,EG.FEC.RNEW.ZS,42.4
STP,Sao Tome and Principe,2010,EG.FEC.RNEW.ZS,38.2
STP,Sao Tome and Principe,2009,EG.FEC.RNEW.ZS,45.4
STP,Sao Tome and Principe,2008,EG.FEC.RNEW.ZS,46.0
STP,Sao Tome and Principe,2007,EG.FEC.RNEW.ZS,47.7
STP,Sao Tome and Principe,2006,EG.FEC.RNEW.ZS,47.3
STP,Sao Tome and Principe,2005,EG.FEC.RNEW.ZS,47.9
SAU,Saudi Arabia,2021,EG.FEC.RNEW.ZS,0.1
SAU,Saudi Arabia,2020,EG.FEC.RNEW.ZS,0.1
SAU,Saudi Arabia,2019,EG.FEC.RNEW.ZS,0.0
SAU,Saudi Arabia,2018,EG.FEC.RNEW.ZS,0.0
SAU,Saudi Arabia,2017,EG.FEC.RNEW.ZS,0.0
SAU,Saudi Arabia,2016,EG.FEC.RNEW.ZS,0.0
SAU,Saudi Arabia,2015,EG.FEC.RNEW.ZS,0.0
SAU,Saudi Arabia,2014,EG.FEC.RNEW.ZS,0.0
SAU,Saudi Arabia,2013,EG.FEC.RNEW.ZS,0.0
SAU,Saudi Arabia,2012,EG.FEC.RNEW.ZS,0.0
SAU,Saudi Arabia,2011,EG.FEC.RNEW.ZS,0.0
SAU,Saudi Arabia,2010,EG.FEC.RNEW.ZS,0.0
SAU,Saudi Arabia,2009,EG.FEC.RNEW.ZS,0.0
SAU,Saudi Arabia,2008,EG.FEC.RNEW.ZS,0.0
SAU,Saudi Arabia,2007,EG.FEC.RNEW.ZS,0.0
SAU,Saudi Arabia,2006,EG.FEC.RNEW.ZS,0.0
SAU,Saudi Arabia,2005,EG.FEC.RNEW.ZS,0.0
SEN,Senegal,2021,EG.FEC.RNEW.ZS,35.4
SEN,Senegal,2020,EG.FEC.RNEW.ZS,38.7
SEN,Senegal,2019,EG.FEC.RNEW.ZS,36.2
SEN,Senegal,2018,EG.FEC.RNEW.ZS,34.2
SEN,Senegal,2017,EG.FEC.RNEW.ZS,36.8
SEN,Senegal,2016,EG.FEC.RNEW.ZS,36.7
SEN,Senegal,2015,EG.FEC.RNEW.ZS,39.1
SEN,Senegal,2014,EG.FEC.RNEW.ZS,42.5
SEN,Senegal,2013,EG.FEC.RNEW.ZS,42.7
SEN,Senegal,2012,EG.FEC.RNEW.ZS,49.6
SEN,Senegal,2011,EG.FEC.RNEW.ZS,48.0
SEN,Senegal,2010,EG.FEC.RNEW.ZS,49.5
SEN,Senegal,2009,EG.FEC.RNEW.ZS,51.3
SEN,Senegal,2008,EG.FEC.RNEW.ZS,39.8
SEN,Senegal,2007,EG.FEC.RNEW.ZS,40.0
SEN,Senegal,2006,EG.FEC.RNEW.ZS,43.4
SEN,Senegal,2005,EG.FEC.RNEW.ZS,40.3
SRB,Serbia,2021,EG.FEC.RNEW.ZS,27.2
SRB,Serbia,2020,EG.FEC.RNEW.ZS,26.0
SRB,Serbia,2019,EG.FEC.RNEW.ZS,21.4
SRB,Serbia,2018,EG.FEC.RNEW.ZS,21.0
SRB,Serbia,2017,EG.FEC.RNEW.ZS,20.0
SRB,Serbia,2016,EG.FEC.RNEW.ZS,20.9
SRB,Serbia,2015,EG.FEC.RNEW.ZS,21.2
SRB,Serbia,2014,EG.FEC.RNEW.ZS,23.2
SRB,Serbia,2013,EG.FEC.RNEW.ZS,20.0
SRB,Serbia,2012,EG.FEC.RNEW.ZS,19.5
SRB,Serbia,2011,EG.FEC.RNEW.ZS,17.4
SRB,Serbia,2010,EG.FEC.RNEW.ZS,20.5
SRB,Serbia,2009,EG.FEC.RNEW.ZS,20.7
SRB,Serbia,2008,EG.FEC.RNEW.ZS,15.5
SRB,Serbia,2007,EG.FEC.RNEW.ZS,14.0
SRB,Serbia,2006,EG.FEC.RNEW.ZS,15.3
SRB,Serbia,2005,EG.FEC.RNEW.ZS,16.1
SYC,Seychelles,2022,EG.FEC.RNEW.ZS,1.9
SYC,Seychelles,2021,EG.FEC.RNEW.ZS,1.7
SYC,Seychelles,2020,EG.FEC.RNEW.ZS,1.3
SYC,Seychelles,2019,EG.FEC.RNEW.ZS,1.2
SYC,Seychelles,2018,EG.FEC.RNEW.ZS,1.2
SYC,Seychelles,2017,EG.FEC.RNEW.ZS,1.2
SYC,Seychelles,2016,EG.FEC.RNEW.ZS,1.2
SYC,Seychelles,2015,EG.FEC.RNEW.ZS,1.4
SYC,Seychelles,2014,EG.FEC.RNEW.ZS,1.4
SYC,Seychelles,2013,EG.FEC.RNEW.ZS,1.5
SYC,Seychelles,2012,EG.FEC.RNEW.ZS,0.8
SYC,Seychelles,2011,EG.FEC.RNEW.ZS,0.8
SYC,Seychelles,2010,EG.FEC.RNEW.ZS,0.7
SYC,Seychelles,2009,EG.FEC.RNEW.ZS,0.8
SYC,Seychelles,2008,EG.FEC.RNEW.ZS,0.9
SYC,Seychelles,2007,EG.FEC.RNEW.ZS,1.0
SYC,Seychelles,2006,EG.FEC.RNEW.ZS,0.9
SYC,Seychelles,2005,EG.FEC.RNEW.ZS,0.9
SLE,Sierra Leone,2022,EG.FEC.RNEW.ZS,71.6
SLE,Sierra Leone,2021,EG.FEC.RNEW.ZS,71.1
SLE,Sierra Leone,2020,EG.FEC.RNEW.ZS,75.1
SLE,Sierra Leone,2019,EG.FEC.RNEW.ZS,75.4
SLE,Sierra Leone,2018,EG.FEC.RNEW.ZS,75.9
SLE,Sierra Leone,2017,EG.FEC.RNEW.ZS,74.6
SLE,Sierra Leone,2016,EG.FEC.RNEW.ZS,73.6
SLE,Sierra Leone,2015,EG.FEC.RNEW.ZS,74.0
SLE,Sierra Leone,2014,EG.FEC.RNEW.ZS,73.0
SLE,Sierra Leone,2013,EG.FEC.RNEW.ZS,74.6
SLE,Sierra Leone,2012,EG.FEC.RNEW.ZS,79.1
SLE,Sierra Leone,2011,EG.FEC.RNEW.ZS,81.0
SLE,Sierra Leone,2010,EG.FEC.RNEW.ZS,84.9
SLE,Sierra Leone,2009,EG.FEC.RNEW.ZS,86.1
SLE,Sierra Leone,2008,EG.FEC.RNEW.ZS,86.0
SLE,Sierra Leone,2007,EG.FEC.RNEW.ZS,86.3
SLE,Sierra Leone,2006,EG.FEC.RNEW.ZS,84.4
SLE,Sierra Leone,2005,EG.FEC.RNEW.ZS,88.1
SGP,Singapore,2021,EG.FEC.RNEW.ZS,1.1
SGP,Singapore,2020,EG.FEC.RNEW.ZS,0.9
SGP,Singapore,2019,EG.FEC.RNEW.ZS,0.9
SGP,Singapore,2018,EG.FEC.RNEW.ZS,0.8
SGP,Singapore,2017,EG.FEC.RNEW.ZS,0.7
SGP,Singapore,2016,EG.FEC.RNEW.ZS,0.7
SGP,Singapore,2015,EG.FEC.RNEW.ZS,0.7
SGP,Singapore,2014,EG.FEC.RNEW.ZS,0.6
SGP,Singapore,2013,EG.FEC.RNEW.ZS,0.6
SGP,Singapore,2012,EG.FEC.RNEW.ZS,0.5
SGP,Singapore,2011,EG.FEC.RNEW.ZS,0.5
SGP,Singapore,2010,EG.FEC.RNEW.ZS,0.5
SGP,Singapore,2009,EG.FEC.RNEW.ZS,0.5
SGP,Singapore,2008,EG.FEC.RNEW.ZS,0.5
SGP,Singapore,2007,EG.FEC.RNEW.ZS,0.5
SGP,Singapore,2006,EG.FEC.RNEW.ZS,0.5
SGP,Singapore,2005,EG.FEC.RNEW.ZS,0.5
SXM,Sint Maarten (Dutch part),2022,EG.FEC.RNEW.ZS,0.0
SXM,Sint Maarten (Dutch part),2021,EG.FEC.RNEW.ZS,0.0
SXM,Sint Maarten (Dutch part),2020,EG.FEC.RNEW.ZS,0.0
SXM,Sint Maarten (Dutch part),2019,EG.FEC.RNEW.ZS,0.0
SXM,Sint Maarten (Dutch part),2018,EG.FEC.RNEW.ZS,0.0
SXM,Sint Maarten (Dutch part),2017,EG.FEC.RNEW.ZS,0.0
SXM,Sint Maarten (Dutch part),2016,EG.FEC.RNEW.ZS,0.0
SXM,Sint Maarten (Dutch part),2015,EG.FEC.RNEW.ZS,0.0
SXM,Sint Maarten (Dutch part),2014,EG.FEC.RNEW.ZS,0.0
SXM,Sint Maarten (Dutch part),2013,EG.FEC.RNEW.ZS,0.0
SXM,Sint Maarten (Dutch part),2012,EG.FEC.RNEW.ZS,0.0
SVK,Slovak Republic,2021,EG.FEC.RNEW.ZS,17.9
SVK,Slovak Republic,2020,EG.FEC.RNEW.ZS,17.6
SVK,Slovak Republic,2019,EG.FEC.RNEW.ZS,17.6
SVK,Slovak Republic,2018,EG.FEC.RNEW.ZS,12.4
SVK,Slovak Republic,2017,EG.FEC.RNEW.ZS,12.4
SVK,Slovak Republic,2016,EG.FEC.RNEW.ZS,13.1
SVK,Slovak Republic,2015,EG.FEC.RNEW.ZS,13.4
SVK,Slovak Republic,2014,EG.FEC.RNEW.ZS,12.2
SVK,Slovak Republic,2013,EG.FEC.RNEW.ZS,10.7
SVK,Slovak Republic,2012,EG.FEC.RNEW.ZS,10.5
SVK,Slovak Republic,2011,EG.FEC.RNEW.ZS,10.4
SVK,Slovak Republic,2010,EG.FEC.RNEW.ZS,10.3
SVK,Slovak Republic,2009,EG.FEC.RNEW.ZS,10.0
SVK,Slovak Republic,2008,EG.FEC.RNEW.ZS,7.6
SVK,Slovak Republic,2007,EG.FEC.RNEW.ZS,8.2
SVK,Slovak Republic,2006,EG.FEC.RNEW.ZS,6.6
SVK,Slovak Republic,2005,EG.FEC.RNEW.ZS,6.3
SVN,Slovenia,2021,EG.FEC.RNEW.ZS,23.4
SVN,Slovenia,2020,EG.FEC.RNEW.ZS,22.7
SVN,Slovenia,2019,EG.FEC.RNEW.ZS,20.9
SVN,Slovenia,2018,EG.FEC.RNEW.ZS,20.6
SVN,Slovenia,2017,EG.FEC.RNEW.ZS,19.7
SVN,Slovenia,2016,EG.FEC.RNEW.ZS,21.0
SVN,Slovenia,2015,EG.FEC.RNEW.ZS,21.4
SVN,Slovenia,2014,EG.FEC.RNEW.ZS,22.9
SVN,Slovenia,2013,EG.FEC.RNEW.ZS,22.5
SVN,Slovenia,2012,EG.FEC.RNEW.ZS,20.2
SVN,Slovenia,2011,EG.FEC.RNEW.ZS,19.1
SVN,Slovenia,2010,EG.FEC.RNEW.ZS,20.1
SVN,Slovenia,2009,EG.FEC.RNEW.ZS,19.6
SVN,Slovenia,2008,EG.FEC.RNEW.ZS,17.6
SVN,Slovenia,2007,EG.FEC.RNEW.ZS,18.4
SVN,Slovenia,2006,EG.FEC.RNEW.ZS,17.4
SVN,Slovenia,2005,EG.FEC.RNEW.ZS,18.6
SLB,Solomon Islands,2022,EG.FEC.RNEW.ZS,50.1
SLB,Solomon Islands,2021,EG.FEC.RNEW.ZS,49.1
SLB,Solomon Islands,2020,EG.FEC.RNEW.ZS,49.0
SLB,Solomon Islands,2019,EG.FEC.RNEW.ZS,48.4
SLB,Solomon Islands,2018,EG.FEC.RNEW.ZS,48.6
SLB,Solomon Islands,2017,EG.FEC.RNEW.ZS,49.0
SLB,Solomon Islands,2016,EG.FEC.RNEW.ZS,48.7
SLB,Solomon Islands,2015,EG.FEC.RNEW.ZS,48.6
SLB,Solomon Islands,2014,EG.FEC.RNEW.ZS,45.9
SLB,Solomon Islands,2013,EG.FEC.RNEW.ZS,41.8
SLB,Solomon Islands,2012,EG.FEC.RNEW.ZS,43.8
SLB,Solomon Islands,2011,EG.FEC.RNEW.ZS,43.6
SLB,Solomon Islands,2010,EG.FEC.RNEW.ZS,45.1
SLB,Solomon Islands,2009,EG.FEC.RNEW.ZS,45.8
SLB,Solomon Islands,2008,EG.FEC.RNEW.ZS,46.7
SLB,Solomon Islands,2007,EG.FEC.RNEW.ZS,47.4
SLB,Solomon Islands,2006,EG.FEC.RNEW.ZS,48.9
SLB,Solomon Islands,2005,EG.FEC.RNEW.ZS,49.7
SOM,"Somalia, Fed. Rep.",2022,EG.FEC.RNEW.ZS,95.4
SOM,"Somalia, Fed. Rep.",2021,EG.FEC.RNEW.ZS,95.4
SOM,"Somalia, Fed. Rep.",2020,EG.FEC.RNEW.ZS,95.5
SOM,"Somalia, Fed. Rep.",2019,EG.FEC.RNEW.ZS,95.0
SOM,"Somalia, Fed. Rep.",2018,EG.FEC.RNEW.ZS,94.9
SOM,"Somalia, Fed. Rep.",2017,EG.FEC.RNEW.ZS,94.9
SOM,"Somalia, Fed. Rep.",2016,EG.FEC.RNEW.ZS,94.8
SOM,"Somalia, Fed. Rep.",2015,EG.FEC.RNEW.ZS,94.5
SOM,"Somalia, Fed. Rep.",2014,EG.FEC.RNEW.ZS,94.6
SOM,"Somalia, Fed. Rep.",2013,EG.FEC.RNEW.ZS,94.4
SOM,"Somalia, Fed. Rep.",2012,EG.FEC.RNEW.ZS,93.9
SOM,"Somalia, Fed. Rep.",2011,EG.FEC.RNEW.ZS,93.7
SOM,"Somalia, Fed. Rep.",2010,EG.FEC.RNEW.ZS,93.6
SOM,"Somalia, Fed. Rep.",2009,EG.FEC.RNEW.ZS,93.6
SOM,"Somalia, Fed. Rep.",2008,EG.FEC.RNEW.ZS,93.4
SOM,"Somalia, Fed. Rep.",2007,EG.FEC.RNEW.ZS,93.0
SOM,"Somalia, Fed. Rep.",2006,EG.FEC.RNEW.ZS,93.5
SOM,"Somalia, Fed. Rep.",2005,EG.FEC.RNEW.ZS,93.3
ZAF,South Africa,2021,EG.FEC.RNEW.ZS,9.7
ZAF,South Africa,2020,EG.FEC.RNEW.ZS,9.8
ZAF,South Africa,2019,EG.FEC.RNEW.ZS,8.7
ZAF,South Africa,2018,EG.FEC.RNEW.ZS,8.0
ZAF,South Africa,2017,EG.FEC.RNEW.ZS,7.9
ZAF,South Africa,2016,EG.FEC.RNEW.ZS,7.8
ZAF,South Africa,2015,EG.FEC.RNEW.ZS,7.6
ZAF,South Africa,2014,EG.FEC.RNEW.ZS,7.6
ZAF,South Africa,2013,EG.FEC.RNEW.ZS,7.8
ZAF,South Africa,2012,EG.FEC.RNEW.ZS,8.3
ZAF,South Africa,2011,EG.FEC.RNEW.ZS,9.0
ZAF,South Africa,2010,EG.FEC.RNEW.ZS,9.4
ZAF,South Africa,2009,EG.FEC.RNEW.ZS,9.2
ZAF,South Africa,2008,EG.FEC.RNEW.ZS,9.7
ZAF,South Africa,2007,EG.FEC.RNEW.ZS,8.7
ZAF,South Africa,2006,EG.FEC.RNEW.ZS,9.3
ZAF,South Africa,2005,EG.FEC.RNEW.ZS,9.7
SSD,South Sudan,2021,EG.FEC.RNEW.ZS,32.4
SSD,South Sudan,2020,EG.FEC.RNEW.ZS,32.8
SSD,South Sudan,2019,EG.FEC.RNEW.ZS,31.4
SSD,South Sudan,2018,EG.FEC.RNEW.ZS,31.5
SSD,South Sudan,2017,EG.FEC.RNEW.ZS,35.1
SSD,South Sudan,2016,EG.FEC.RNEW.ZS,28.7
SSD,South Sudan,2015,EG.FEC.RNEW.ZS,27.5
SSD,South Sudan,2014,EG.FEC.RNEW.ZS,29.4
SSD,South Sudan,2013,EG.FEC.RNEW.ZS,30.1
SSD,South Sudan,2012,EG.FEC.RNEW.ZS,30.6
ESP,Spain,2021,EG.FEC.RNEW.ZS,19.0
ESP,Spain,2020,EG.FEC.RNEW.ZS,19.3
ESP,Spain,2019,EG.FEC.RNEW.ZS,16.7
ESP,Spain,2018,EG.FEC.RNEW.ZS,16.9
ESP,Spain,2017,EG.FEC.RNEW.ZS,15.2
ESP,Spain,2016,EG.FEC.RNEW.ZS,16.7
ESP,Spain,2015,EG.FEC.RNEW.ZS,16.3
ESP,Spain,2014,EG.FEC.RNEW.ZS,17.3
ESP,Spain,2013,EG.FEC.RNEW.ZS,16.9
ESP,Spain,2012,EG.FEC.RNEW.ZS,15.8
ESP,Spain,2011,EG.FEC.RNEW.ZS,14.7
ESP,Spain,2010,EG.FEC.RNEW.ZS,14.4
ESP,Spain,2009,EG.FEC.RNEW.ZS,12.2
ESP,Spain,2008,EG.FEC.RNEW.ZS,9.7
ESP,Spain,2007,EG.FEC.RNEW.ZS,9.0
ESP,Spain,2006,EG.FEC.RNEW.ZS,8.5
ESP,Spain,2005,EG.FEC.RNEW.ZS,7.3
LKA,Sri Lanka,2021,EG.FEC.RNEW.ZS,48.8
LKA,Sri Lanka,2020,EG.FEC.RNEW.ZS,49.3
LKA,Sri Lanka,2019,EG.FEC.RNEW.ZS,46.1
LKA,Sri Lanka,2018,EG.FEC.RNEW.ZS,47.9
LKA,Sri Lanka,2017,EG.FEC.RNEW.ZS,45.8
LKA,Sri Lanka,2016,EG.FEC.RNEW.ZS,45.1
LKA,Sri Lanka,2015,EG.FEC.RNEW.ZS,51.3
LKA,Sri Lanka,2014,EG.FEC.RNEW.ZS,54.2
LKA,Sri Lanka,2013,EG.FEC.RNEW.ZS,56.9
LKA,Sri Lanka,2012,EG.FEC.RNEW.ZS,52.9
LKA,Sri Lanka,2011,EG.FEC.RNEW.ZS,56.4
LKA,Sri Lanka,2010,EG.FEC.RNEW.ZS,61.9
LKA,Sri Lanka,2009,EG.FEC.RNEW.ZS,63.5
LKA,Sri Lanka,2008,EG.FEC.RNEW.ZS,61.6
LKA,Sri Lanka,2007,EG.FEC.RNEW.ZS,60.2
LKA,Sri Lanka,2006,EG.FEC.RNEW.ZS,62.2
LKA,Sri Lanka,2005,EG.FEC.RNEW.ZS,60.1
KNA,St. Kitts and Nevis,2022,EG.FEC.RNEW.ZS,1.5
KNA,St. Kitts and Nevis,2021,EG.FEC.RNEW.ZS,1.6
KNA,St. Kitts and Nevis,2020,EG.FEC.RNEW.ZS,1.6
KNA,St. Kitts and Nevis,2019,EG.FEC.RNEW.ZS,1.3
KNA,St. Kitts and Nevis,2018,EG.FEC.RNEW.ZS,1.3
KNA,St. Kitts and Nevis,2017,EG.FEC.RNEW.ZS,1.3
KNA,St. Kitts and Nevis,2016,EG.FEC.RNEW.ZS,1.7
KNA,St. Kitts and Nevis,2015,EG.FEC.RNEW.ZS,1.6
KNA,St. Kitts and Nevis,2014,EG.FEC.RNEW.ZS,1.6
KNA,St. Kitts and Nevis,2013,EG.FEC.RNEW.ZS,1.4
KNA,St. Kitts and Nevis,2012,EG.FEC.RNEW.ZS,1.3
KNA,St. Kitts and Nevis,2011,EG.FEC.RNEW.ZS,0.9
KNA,St. Kitts and Nevis,2010,EG.FEC.RNEW.ZS,1.0
KNA,St. Kitts and Nevis,2009,EG.FEC.RNEW.ZS,0.0
KNA,St. Kitts and Nevis,2008,EG.FEC.RNEW.ZS,0.0
KNA,St. Kitts and Nevis,2007,EG.FEC.RNEW.ZS,0.0
KNA,St. Kitts and Nevis,2006,EG.FEC.RNEW.ZS,0.0
KNA,St. Kitts and Nevis,2005,EG.FEC.RNEW.ZS,25.3
LCA,St. Lucia,2022,EG.FEC.RNEW.ZS,9.7
LCA,St. Lucia,2021,EG.FEC.RNEW.ZS,9.7
LCA,St. Lucia,2020,EG.FEC.RNEW.ZS,10.0
LCA,St. Lucia,2019,EG.FEC.RNEW.ZS,10.0
LCA,St. Lucia,2018,EG.FEC.RNEW.ZS,10.2
LCA,St. Lucia,2017,EG.FEC.RNEW.ZS,10.2
LCA,St. Lucia,2016,EG.FEC.RNEW.ZS,11.2
LCA,St. Lucia,2015,EG.FEC.RNEW.ZS,11.5
LCA,St. Lucia,2014,EG.FEC.RNEW.ZS,11.7
LCA,St. Lucia,2013,EG.FEC.RNEW.ZS,12.1
LCA,St. Lucia,2012,EG.FEC.RNEW.ZS,12.4
LCA,St. Lucia,2011,EG.FEC.RNEW.ZS,12.9
LCA,St. Lucia,2010,EG.FEC.RNEW.ZS,13.2
LCA,St. Lucia,2009,EG.FEC.RNEW.ZS,15.1
LCA,St. Lucia,2008,EG.FEC.RNEW.ZS,15.5
LCA,St. Lucia,2007,EG.FEC.RNEW.ZS,16.3
LCA,St. Lucia,2006,EG.FEC.RNEW.ZS,16.9
LCA,St. Lucia,2005,EG.FEC.RNEW.ZS,18.4
VCT,St. Vincent and the Grenadines,2022,EG.FEC.RNEW.ZS,5.1
VCT,St. Vincent and the Grenadines,2021,EG.FEC.RNEW.ZS,5.0
VCT,St. Vincent and the Grenadines,2020,EG.FEC.RNEW.ZS,5.2
VCT,St. Vincent and the Grenadines,2019,EG.FEC.RNEW.ZS,5.4
VCT,St. Vincent and the Grenadines,2018,EG.FEC.RNEW.ZS,4.9
VCT,St. Vincent and the Grenadines,2017,EG.FEC.RNEW.ZS,5.3
VCT,St. Vincent and the Grenadines,2016,EG.FEC.RNEW.ZS,4.1
VCT,St. Vincent and the Grenadines,2015,EG.FEC.RNEW.ZS,4.3
VCT,St. Vincent and the Grenadines,2014,EG.FEC.RNEW.ZS,3.3
VCT,St. Vincent and the Grenadines,2013,EG.FEC.RNEW.ZS,5.4
VCT,St. Vincent and the Grenadines,2012,EG.FEC.RNEW.ZS,5.0
VCT,St. Vincent and the Grenadines,2011,EG.FEC.RNEW.ZS,6.1
VCT,St. Vincent and the Grenadines,2010,EG.FEC.RNEW.ZS,5.1
VCT,St. Vincent and the Grenadines,2009,EG.FEC.RNEW.ZS,4.1
VCT,St. Vincent and the Grenadines,2008,EG.FEC.RNEW.ZS,5.3
VCT,St. Vincent and the Grenadines,2007,EG.FEC.RNEW.ZS,4.7
VCT,St. Vincent and the Grenadines,2006,EG.FEC.RNEW.ZS,5.3
VCT,St. Vincent and the Grenadines,2005,EG.FEC.RNEW.ZS,5.8
SDN,Sudan,2021,EG.FEC.RNEW.ZS,61.0
SDN,Sudan,2020,EG.FEC.RNEW.ZS,62.6
SDN,Sudan,2019,EG.FEC.RNEW.ZS,59.4
SDN,Sudan,2018,EG.FEC.RNEW.ZS,59.8
SDN,Sudan,2017,EG.FEC.RNEW.ZS,59.4
SDN,Sudan,2016,EG.FEC.RNEW.ZS,58.9
SDN,Sudan,2015,EG.FEC.RNEW.ZS,61.9
SDN,Sudan,2014,EG.FEC.RNEW.ZS,63.7
SDN,Sudan,2013,EG.FEC.RNEW.ZS,64.3
SDN,Sudan,2012,EG.FEC.RNEW.ZS,63.7
SDN,Sudan,2011,EG.FEC.RNEW.ZS,63.7
SDN,Sudan,2010,EG.FEC.RNEW.ZS,61.3
SDN,Sudan,2009,EG.FEC.RNEW.ZS,63.1
SDN,Sudan,2008,EG.FEC.RNEW.ZS,63.5
SDN,Sudan,2007,EG.FEC.RNEW.ZS,65.6
SDN,Sudan,2006,EG.FEC.RNEW.ZS,69.2
SDN,Sudan,2005,EG.FEC.RNEW.ZS,72.3
SUR,Suriname,2021,EG.FEC.RNEW.ZS,14.5
SUR,Suriname,2020,EG.FEC.RNEW.ZS,14.6
SUR,Suriname,2019,EG.FEC.RNEW.ZS,14.9
SUR,Suriname,2018,EG.FEC.RNEW.ZS,18.3
SUR,Suriname,2017,EG.FEC.RNEW.ZS,15.5
SUR,Suriname,2016,EG.FEC.RNEW.ZS,11.1
SUR,Suriname,2015,EG.FEC.RNEW.ZS,11.6
SUR,Suriname,2014,EG.FEC.RNEW.ZS,12.8
SUR,Suriname,2013,EG.FEC.RNEW.ZS,17.6
SUR,Suriname,2012,EG.FEC.RNEW.ZS,15.8
SUR,Suriname,2011,EG.FEC.RNEW.ZS,21.2
SUR,Suriname,2010,EG.FEC.RNEW.ZS,22.1
SUR,Suriname,2009,EG.FEC.RNEW.ZS,26.5
SUR,Suriname,2008,EG.FEC.RNEW.ZS,26.2
SUR,Suriname,2007,EG.FEC.RNEW.ZS,24.6
SUR,Suriname,2006,EG.FEC.RNEW.ZS,22.1
SUR,Suriname,2005,EG.FEC.RNEW.ZS,18.9
SWE,Sweden,2021,EG.FEC.RNEW.ZS,57.9
SWE,Sweden,2020,EG.FEC.RNEW.ZS,57.8
SWE,Sweden,2019,EG.FEC.RNEW.ZS,52.9
SWE,Sweden,2018,EG.FEC.RNEW.ZS,51.6
SWE,Sweden,2017,EG.FEC.RNEW.ZS,51.8
SWE,Sweden,2016,EG.FEC.RNEW.ZS,50.9
SWE,Sweden,2015,EG.FEC.RNEW.ZS,51.9
SWE,Sweden,2014,EG.FEC.RNEW.ZS,48.6
SWE,Sweden,2013,EG.FEC.RNEW.ZS,47.3
SWE,Sweden,2012,EG.FEC.RNEW.ZS,48.3
SWE,Sweden,2011,EG.FEC.RNEW.ZS,45.4
SWE,Sweden,2010,EG.FEC.RNEW.ZS,44.7
SWE,Sweden,2009,EG.FEC.RNEW.ZS,45.7
SWE,Sweden,2008,EG.FEC.RNEW.ZS,43.2
SWE,Sweden,2007,EG.FEC.RNEW.ZS,41.8
SWE,Sweden,2006,EG.FEC.RNEW.ZS,40.1
SWE,Sweden,2005,EG.FEC.RNEW.ZS,39.3
CHE,Switzerland,2021,EG.FEC.RNEW.ZS,27.7
CHE,Switzerland,2020,EG.FEC.RNEW.ZS,26.4
CHE,Switzerland,2019,EG.FEC.RNEW.ZS,24.8
CHE,Switzerland,2018,EG.FEC.RNEW.ZS,24.2
CHE,Switzerland,2017,EG.FEC.RNEW.ZS,25.0
CHE,Switzerland,2016,EG.FEC.RNEW.ZS,24.1
CHE,Switzerland,2015,EG.FEC.RNEW.ZS,23.9
CHE,Switzerland,2014,EG.FEC.RNEW.ZS,22.2
CHE,Switzerland,2013,EG.FEC.RNEW.ZS,21.8
CHE,Switzerland,2012,EG.FEC.RNEW.ZS,21.9
CHE,Switzerland,2011,EG.FEC.RNEW.ZS,20.6
CHE,Switzerland,2010,EG.FEC.RNEW.ZS,20.6
CHE,Switzerland,2009,EG.FEC.RNEW.ZS,20.0
CHE,Switzerland,2008,EG.FEC.RNEW.ZS,19.6
CHE,Switzerland,2007,EG.FEC.RNEW.ZS,19.3
CHE,Switzerland,2006,EG.FEC.RNEW.ZS,18.1
CHE,Switzerland,2005,EG.FEC.RNEW.ZS,18.7
SYR,Syrian Arab Republic,2021,EG.FEC.RNEW.ZS,1.1
SYR,Syrian Arab Republic,2020,EG.FEC.RNEW.ZS,1.1
SYR,Syrian Arab Republic,2019,EG.FEC.RNEW.ZS,1.0
SYR,Syrian Arab Republic,2018,EG.FEC.RNEW.ZS,0.9
SYR,Syrian Arab Republic,2017,EG.FEC.RNEW.ZS,1.1
SYR,Syrian Arab Republic,2016,EG.FEC.RNEW.ZS,1.3
SYR,Syrian Arab Republic,2015,EG.FEC.RNEW.ZS,0.6
SYR,Syrian Arab Republic,2014,EG.FEC.RNEW.ZS,2.7
SYR,Syrian Arab Republic,2013,EG.FEC.RNEW.ZS,3.1
SYR,Syrian Arab Republic,2012,EG.FEC.RNEW.ZS,2.0
SYR,Syrian Arab Republic,2011,EG.FEC.RNEW.ZS,1.6
SYR,Syrian Arab Republic,2010,EG.FEC.RNEW.ZS,1.4
SYR,Syrian Arab Republic,2009,EG.FEC.RNEW.ZS,0.9
SYR,Syrian Arab Republic,2008,EG.FEC.RNEW.ZS,1.2
SYR,Syrian Arab Republic,2007,EG.FEC.RNEW.ZS,1.5
SYR,Syrian Arab Republic,2006,EG.FEC.RNEW.ZS,1.8
SYR,Syrian Arab Republic,2005,EG.FEC.RNEW.ZS,2.1
TJK,Tajikistan,2021,EG.FEC.RNEW.ZS,34.9
TJK,Tajikistan,2020,EG.FEC.RNEW.ZS,38.8
TJK,Tajikistan,2019,EG.FEC.RNEW.ZS,40.1
TJK,Tajikistan,2018,EG.FEC.RNEW.ZS,41.6
TJK,Tajikistan,2017,EG.FEC.RNEW.ZS,44.2
TJK,Tajikistan,2016,EG.FEC.RNEW.ZS,43.7
TJK,Tajikistan,2015,EG.FEC.RNEW.ZS,48.1
TJK,Tajikistan,2014,EG.FEC.RNEW.ZS,45.9
TJK,Tajikistan,2013,EG.FEC.RNEW.ZS,55.1
TJK,Tajikistan,2012,EG.FEC.RNEW.ZS,55.8
TJK,Tajikistan,2011,EG.FEC.RNEW.ZS,60.0
TJK,Tajikistan,2010,EG.FEC.RNEW.ZS,61.8
TJK,Tajikistan,2009,EG.FEC.RNEW.ZS,60.6
TJK,Tajikistan,2008,EG.FEC.RNEW.ZS,54.6
TJK,Tajikistan,2007,EG.FEC.RNEW.ZS,53.8
TJK,Tajikistan,2006,EG.FEC.RNEW.ZS,61.6
TJK,Tajikistan,2005,EG.FEC.RNEW.ZS,63.7
TZA,Tanzania,2021,EG.FEC.RNEW.ZS,78.3
TZA,Tanzania,2020,EG.FEC.RNEW.ZS,80.8
TZA,Tanzania,2019,EG.FEC.RNEW.ZS,80.4
TZA,Tanzania,2018,EG.FEC.RNEW.ZS,81.3
TZA,Tanzania,2017,EG.FEC.RNEW.ZS,82.0
TZA,Tanzania,2016,EG.FEC.RNEW.ZS,81.7
TZA,Tanzania,2015,EG.FEC.RNEW.ZS,82.8
TZA,Tanzania,2014,EG.FEC.RNEW.ZS,84.7
TZA,Tanzania,2013,EG.FEC.RNEW.ZS,84.5
TZA,Tanzania,2012,EG.FEC.RNEW.ZS,85.2
TZA,Tanzania,2011,EG.FEC.RNEW.ZS,87.6
TZA,Tanzania,2010,EG.FEC.RNEW.ZS,89.4
TZA,Tanzania,2009,EG.FEC.RNEW.ZS,91.0
TZA,Tanzania,2008,EG.FEC.RNEW.ZS,90.3
TZA,Tanzania,2007,EG.FEC.RNEW.ZS,90.6
TZA,Tanzania,2006,EG.FEC.RNEW.ZS,89.9
TZA,Tanzania,2005,EG.FEC.RNEW.ZS,90.3
THA,Thailand,2021,EG.FEC.RNEW.ZS,19.0
THA,Thailand,2020,EG.FEC.RNEW.ZS,20.9
THA,Thailand,2019,EG.FEC.RNEW.ZS,23.9
THA,Thailand,2018,EG.FEC.RNEW.ZS,23.7
THA,Thailand,2017,EG.FEC.RNEW.ZS,22.2
THA,Thailand,2016,EG.FEC.RNEW.ZS,22.4
THA,Thailand,2015,EG.FEC.RNEW.ZS,22.6
THA,Thailand,2014,EG.FEC.RNEW.ZS,24.4
THA,Thailand,2013,EG.FEC.RNEW.ZS,23.2
THA,Thailand,2012,EG.FEC.RNEW.ZS,23.6
THA,Thailand,2011,EG.FEC.RNEW.ZS,23.0
THA,Thailand,2010,EG.FEC.RNEW.ZS,22.8
THA,Thailand,2009,EG.FEC.RNEW.ZS,22.8
THA,Thailand,2008,EG.FEC.RNEW.ZS,22.6
THA,Thailand,2007,EG.FEC.RNEW.ZS,21.6
THA,Thailand,2006,EG.FEC.RNEW.ZS,20.5
THA,Thailand,2005,EG.FEC.RNEW.ZS,20.1
TLS,Timor-Leste,2022,EG.FEC.RNEW.ZS,11.4
TLS,Timor-Leste,2021,EG.FEC.RNEW.ZS,12.1
TLS,Timor-Leste,2020,EG.FEC.RNEW.ZS,11.4
TLS,Timor-Leste,2019,EG.FEC.RNEW.ZS,11.7
TLS,Timor-Leste,2018,EG.FEC.RNEW.ZS,12.7
TLS,Timor-Leste,2017,EG.FEC.RNEW.ZS,13.2
TLS,Timor-Leste,2016,EG.FEC.RNEW.ZS,12.7
TLS,Timor-Leste,2015,EG.FEC.RNEW.ZS,18.0
TLS,Timor-Leste,2014,EG.FEC.RNEW.ZS,18.1
TLS,Timor-Leste,2013,EG.FEC.RNEW.ZS,22.6
TLS,Timor-Leste,2012,EG.FEC.RNEW.ZS,25.6
TLS,Timor-Leste,2011,EG.FEC.RNEW.ZS,32.8
TLS,Timor-Leste,2010,EG.FEC.RNEW.ZS,34.8
TLS,Timor-Leste,2009,EG.FEC.RNEW.ZS,36.9
TLS,Timor-Leste,2008,EG.FEC.RNEW.ZS,39.7
TLS,Timor-Leste,2007,EG.FEC.RNEW.ZS,41.9
TLS,Timor-Leste,2006,EG.FEC.RNEW.ZS,41.9
TLS,Timor-Leste,2005,EG.FEC.RNEW.ZS,43.6
TGO,Togo,2021,EG.FEC.RNEW.ZS,75.1
TGO,Togo,2020,EG.FEC.RNEW.ZS,76.2
TGO,Togo,2019,EG.FEC.RNEW.ZS,78.6
TGO,Togo,2018,EG.FEC.RNEW.ZS,76.7
TGO,Togo,2017,EG.FEC.RNEW.ZS,78.4
TGO,Togo,2016,EG.FEC.RNEW.ZS,80.7
TGO,Togo,2015,EG.FEC.RNEW.ZS,81.0
TGO,Togo,2014,EG.FEC.RNEW.ZS,81.4
TGO,Togo,2013,EG.FEC.RNEW.ZS,76.2
TGO,Togo,2012,EG.FEC.RNEW.ZS,72.7
TGO,Togo,2011,EG.FEC.RNEW.ZS,69.1
TGO,Togo,2010,EG.FEC.RNEW.ZS,65.8
TGO,Togo,2009,EG.FEC.RNEW.ZS,63.4
TGO,Togo,2008,EG.FEC.RNEW.ZS,76.5
TGO,Togo,2007,EG.FEC.RNEW.ZS,79.9
TGO,Togo,2006,EG.FEC.RNEW.ZS,79.7
TGO,Togo,2005,EG.FEC.RNEW.ZS,77.2
TON,Tonga,2022,EG.FEC.RNEW.ZS,2.3
TON,Tonga,2021,EG.FEC.RNEW.ZS,1.8
TON,Tonga,2020,EG.FEC.RNEW.ZS,1.9
TON,Tonga,2019,EG.FEC.RNEW.ZS,1.8
TON,Tonga,2018,EG.FEC.RNEW.ZS,1.8
TON,Tonga,2017,EG.FEC.RNEW.ZS,2.0
TON,Tonga,2016,EG.FEC.RNEW.ZS,2.0
TON,Tonga,2015,EG.FEC.RNEW.ZS,1.9
TON,Tonga,2014,EG.FEC.RNEW.ZS,1.7
TON,Tonga,2013,EG.FEC.RNEW.ZS,1.6
TON,Tonga,2012,EG.FEC.RNEW.ZS,1.1
TON,Tonga,2011,EG.FEC.RNEW.ZS,1.1
TON,Tonga,2010,EG.FEC.RNEW.ZS,1.0
TON,Tonga,2009,EG.FEC.RNEW.ZS,1.8
TON,Tonga,2008,EG.FEC.RNEW.ZS,2.0
TON,Tonga,2007,EG.FEC.RNEW.ZS,2.2
TON,Tonga,2006,EG.FEC.RNEW.ZS,1.9
TON,Tonga,2005,EG.FEC.RNEW.ZS,2.1
TTO,Trinidad and Tobago,2021,EG.FEC.RNEW.ZS,0.5
TTO,Trinidad and Tobago,2020,EG.FEC.RNEW.ZS,0.5
TTO,Trinidad and Tobago,2019,EG.FEC.RNEW.ZS,0.4
TTO,Trinidad and Tobago,2018,EG.FEC.RNEW.ZS,0.5
TTO,Trinidad and Tobago,2017,EG.FEC.RNEW.ZS,0.4
TTO,Trinidad and Tobago,2016,EG.FEC.RNEW.ZS,0.4
TTO,Trinidad and Tobago,2015,EG.FEC.RNEW.ZS,0.4
TTO,Trinidad and Tobago,2014,EG.FEC.RNEW.ZS,0.3
TTO,Trinidad and Tobago,2013,EG.FEC.RNEW.ZS,0.4
TTO,Trinidad and Tobago,2012,EG.FEC.RNEW.ZS,0.4
TTO,Trinidad and Tobago,2011,EG.FEC.RNEW.ZS,0.4
TTO,Trinidad and Tobago,2010,EG.FEC.RNEW.ZS,0.4
TTO,Trinidad and Tobago,2009,EG.FEC.RNEW.ZS,0.5
TTO,Trinidad and Tobago,2008,EG.FEC.RNEW.ZS,0.5
TTO,Trinidad and Tobago,2007,EG.FEC.RNEW.ZS,0.4
TTO,Trinidad and Tobago,2006,EG.FEC.RNEW.ZS,0.6
TTO,Trinidad and Tobago,2005,EG.FEC.RNEW.ZS,0.5
TUN,Tunisia,2021,EG.FEC.RNEW.ZS,11.6
TUN,Tunisia,2020,EG.FEC.RNEW.ZS,12.9
TUN,Tunisia,2019,EG.FEC.RNEW.ZS,12.2
TUN,Tunisia,2018,EG.FEC.RNEW.ZS,11.9
TUN,Tunisia,2017,EG.FEC.RNEW.ZS,11.8
TUN,Tunisia,2016,EG.FEC.RNEW.ZS,12.4
TUN,Tunisia,2015,EG.FEC.RNEW.ZS,12.5
TUN,Tunisia,2014,EG.FEC.RNEW.ZS,12.9
TUN,Tunisia,2013,EG.FEC.RNEW.ZS,13.2
TUN,Tunisia,2012,EG.FEC.RNEW.ZS,13.0
TUN,Tunisia,2011,EG.FEC.RNEW.ZS,13.2
TUN,Tunisia,2010,EG.FEC.RNEW.ZS,12.6
TUN,Tunisia,2009,EG.FEC.RNEW.ZS,16.1
TUN,Tunisia,2008,EG.FEC.RNEW.ZS,14.6
TUN,Tunisia,2007,EG.FEC.RNEW.ZS,14.3
TUN,Tunisia,2006,EG.FEC.RNEW.ZS,14.3
TUN,Tunisia,2005,EG.FEC.RNEW.ZS,14.2
TUR,Turkiye,2021,EG.FEC.RNEW.ZS,12.0
TUR,Turkiye,2020,EG.FEC.RNEW.ZS,13.7
TUR,Turkiye,2019,EG.FEC.RNEW.ZS,14.1
TUR,Turkiye,2018,EG.FEC.RNEW.ZS,11.8
TUR,Turkiye,2017,EG.FEC.RNEW.ZS,11.4
TUR,Turkiye,2016,EG.FEC.RNEW.ZS,13.2
TUR,Turkiye,2015,EG.FEC.RNEW.ZS,13.3
TUR,Turkiye,2014,EG.FEC.RNEW.ZS,11.5
TUR,Turkiye,2013,EG.FEC.RNEW.ZS,13.8
TUR,Turkiye,2012,EG.FEC.RNEW.ZS,13.0
TUR,Turkiye,2011,EG.FEC.RNEW.ZS,12.7
TUR,Turkiye,2010,EG.FEC.RNEW.ZS,14.2
TUR,Turkiye,2009,EG.FEC.RNEW.ZS,13.1
TUR,Turkiye,2008,EG.FEC.RNEW.ZS,12.5
TUR,Turkiye,2007,EG.FEC.RNEW.ZS,12.5
TUR,Turkiye,2006,EG.FEC.RNEW.ZS,14.2
TUR,Turkiye,2005,EG.FEC.RNEW.ZS,15.3
TKM,Turkmenistan,2021,EG.FEC.RNEW.ZS,0.1
TKM,Turkmenistan,2020,EG.FEC.RNEW.ZS,0.1
TKM,Turkmenistan,2019,EG.FEC.RNEW.ZS,0.1
TKM,Turkmenistan,2018,EG.FEC.RNEW.ZS,0.1
TKM,Turkmenistan,2017,EG.FEC.RNEW.ZS,0.1
TKM,Turkmenistan,2016,EG.FEC.RNEW.ZS,0.1
TKM,Turkmenistan,2015,EG.FEC.RNEW.ZS,0.1
TKM,Turkmenistan,2014,EG.FEC.RNEW.ZS,0.1
TKM,Turkmenistan,2013,EG.FEC.RNEW.ZS,0.1
TKM,Turkmenistan,2012,EG.FEC.RNEW.ZS,0.0
TKM,Turkmenistan,2011,EG.FEC.RNEW.ZS,0.1
TKM,Turkmenistan,2010,EG.FEC.RNEW.ZS,0.1
TKM,Turkmenistan,2009,EG.FEC.RNEW.ZS,0.1
TKM,Turkmenistan,2008,EG.FEC.RNEW.ZS,0.1
TKM,Turkmenistan,2007,EG.FEC.RNEW.ZS,0.1
TKM,Turkmenistan,2006,EG.FEC.RNEW.ZS,0.1
TKM,Turkmenistan,2005,EG.FEC.RNEW.ZS,0.1
TCA,Turks and Caicos Islands,2022,EG.FEC.RNEW.ZS,0.8
TCA,Turks and Caicos Islands,2021,EG.FEC.RNEW.ZS,0.8
TCA,Turks and Caicos Islands,2020,EG.FEC.RNEW.ZS,0.5
TCA,Turks and Caicos Islands,2019,EG.FEC.RNEW.ZS,0.5
TCA,Turks and Caicos Islands,2018,EG.FEC.RNEW.ZS,0.4
TCA,Turks and Caicos Islands,2017,EG.FEC.RNEW.ZS,0.3
TCA,Turks and Caicos Islands,2016,EG.FEC.RNEW.ZS,0.4
TCA,Turks and Caicos Islands,2015,EG.FEC.RNEW.ZS,0.4
TCA,Turks and Caicos Islands,2014,EG.FEC.RNEW.ZS,0.4
TCA,Turks and Caicos Islands,2013,EG.FEC.RNEW.ZS,0.4
TCA,Turks and Caicos Islands,2012,EG.FEC.RNEW.ZS,0.4
TCA,Turks and Caicos Islands,2011,EG.FEC.RNEW.ZS,0.4
TCA,Turks and Caicos Islands,2010,EG.FEC.RNEW.ZS,0.3
TCA,Turks and Caicos Islands,2009,EG.FEC.RNEW.ZS,0.3
TCA,Turks and Caicos Islands,2008,EG.FEC.RNEW.ZS,0.3
TCA,Turks and Caicos Islands,2007,EG.FEC.RNEW.ZS,0.3
TCA,Turks and Caicos Islands,2006,EG.FEC.RNEW.ZS,0.3
TCA,Turks and Caicos Islands,2005,EG.FEC.RNEW.ZS,0.4
TUV,Tuvalu,2022,EG.FEC.RNEW.ZS,5.2
TUV,Tuvalu,2021,EG.FEC.RNEW.ZS,5.0
TUV,Tuvalu,2020,EG.FEC.RNEW.ZS,5.0
TUV,Tuvalu,2019,EG.FEC.RNEW.ZS,6.3
TUV,Tuvalu,2018,EG.FEC.RNEW.ZS,6.4
TUV,Tuvalu,2017,EG.FEC.RNEW.ZS,7.0
TUV,Tuvalu,2016,EG.FEC.RNEW.ZS,7.3
TUV,Tuvalu,2015,EG.FEC.RNEW.ZS,3.0
TUV,Tuvalu,2014,EG.FEC.RNEW.ZS,0.7
TUV,Tuvalu,2013,EG.FEC.RNEW.ZS,0.7
TUV,Tuvalu,2012,EG.FEC.RNEW.ZS,0.3
TUV,Tuvalu,2011,EG.FEC.RNEW.ZS,0.2
TUV,Tuvalu,2010,EG.FEC.RNEW.ZS,0.4
TUV,Tuvalu,2009,EG.FEC.RNEW.ZS,0.2
TUV,Tuvalu,2008,EG.FEC.RNEW.ZS,0.2
TUV,Tuvalu,2007,EG.FEC.RNEW.ZS,0.0
TUV,Tuvalu,2006,EG.FEC.RNEW.ZS,0.0
TUV,Tuvalu,2005,EG.FEC.RNEW.ZS,0.0
UGA,Uganda,2022,EG.FEC.RNEW.ZS,90.9
UGA,Uganda,2021,EG.FEC.RNEW.ZS,91.0
UGA,Uganda,2020,EG.FEC.RNEW.ZS,91.6
UGA,Uganda,2019,EG.FEC.RNEW.ZS,90.5
UGA,Uganda,2018,EG.FEC.RNEW.ZS,90.5
UGA,Uganda,2017,EG.FEC.RNEW.ZS,91.3
UGA,Uganda,2016,EG.FEC.RNEW.ZS,91.4
UGA,Uganda,2015,EG.FEC.RNEW.ZS,91.7
UGA,Uganda,2014,EG.FEC.RNEW.ZS,92.4
UGA,Uganda,2013,EG.FEC.RNEW.ZS,93.1
UGA,Uganda,2012,EG.FEC.RNEW.ZS,93.4
UGA,Uganda,2011,EG.FEC.RNEW.ZS,93.3
UGA,Uganda,2010,EG.FEC.RNEW.ZS,93.6
UGA,Uganda,2009,EG.FEC.RNEW.ZS,94.3
UGA,Uganda,2008,EG.FEC.RNEW.ZS,94.1
UGA,Uganda,2007,EG.FEC.RNEW.ZS,94.1
UGA,Uganda,2006,EG.FEC.RNEW.ZS,94.2
UGA,Uganda,2005,EG.FEC.RNEW.ZS,94.5
UKR,Ukraine,2021,EG.FEC.RNEW.ZS,8.9
UKR,Ukraine,2020,EG.FEC.RNEW.ZS,8.7
UKR,Ukraine,2019,EG.FEC.RNEW.ZS,7.4
UKR,Ukraine,2018,EG.FEC.RNEW.ZS,6.9
UKR,Ukraine,2017,EG.FEC.RNEW.ZS,6.5
UKR,Ukraine,2016,EG.FEC.RNEW.ZS,5.5
UKR,Ukraine,2015,EG.FEC.RNEW.ZS,4.2
UKR,Ukraine,2014,EG.FEC.RNEW.ZS,3.5
UKR,Ukraine,2013,EG.FEC.RNEW.ZS,3.5
UKR,Ukraine,2012,EG.FEC.RNEW.ZS,2.9
UKR,Ukraine,2011,EG.FEC.RNEW.ZS,2.7
UKR,Ukraine,2010,EG.FEC.RNEW.ZS,2.9
UKR,Ukraine,2009,EG.FEC.RNEW.ZS,3.0
UKR,Ukraine,2008,EG.FEC.RNEW.ZS,2.7
UKR,Ukraine,2007,EG.FEC.RNEW.ZS,2.4
UKR,Ukraine,2006,EG.FEC.RNEW.ZS,1.8
UKR,Ukraine,2005,EG.FEC.RNEW.ZS,1.3
ARE,United Arab Emirates,2021,EG.FEC.RNEW.ZS,1.0
ARE,United Arab Emirates,2020,EG.FEC.RNEW.ZS,0.9
ARE,United Arab Emirates,2019,EG.FEC.RNEW.ZS,0.7
ARE,United Arab Emirates,2018,EG.FEC.RNEW.ZS,0.3
ARE,United Arab Emirates,2017,EG.FEC.RNEW.ZS,0.2
ARE,United Arab Emirates,2016,EG.FEC.RNEW.ZS,0.1
ARE,United Arab Emirates,2015,EG.FEC.RNEW.ZS,0.1
ARE,United Arab Emirates,2014,EG.FEC.RNEW.ZS,0.1
ARE,United Arab Emirates,2013,EG.FEC.RNEW.ZS,0.1
ARE,United Arab Emirates,2012,EG.FEC.RNEW.ZS,0.1
ARE,United Arab Emirates,2011,EG.FEC.RNEW.ZS,0.1
ARE,United Arab Emirates,2010,EG.FEC.RNEW.ZS,0.1
ARE,United Arab Emirates,2009,EG.FEC.RNEW.ZS,0.1
ARE,United Arab Emirates,2008,EG.FEC.RNEW.ZS,0.1
ARE,United Arab Emirates,2007,EG.FEC.RNEW.ZS,0.1
ARE,United Arab Emirates,2006,EG.FEC.RNEW.ZS,0.1
ARE,United Arab Emirates,2005,EG.FEC.RNEW.ZS,0.1
GBR,United Kingdom,2021,EG.FEC.RNEW.ZS,12.2
GBR,United Kingdom,2020,EG.FEC.RNEW.ZS,13.6
GBR,United Kingdom,2019,EG.FEC.RNEW.ZS,11.4
GBR,United Kingdom,2018,EG.FEC.RNEW.ZS,10.2
GBR,United Kingdom,2017,EG.FEC.RNEW.ZS,8.8
GBR,United Kingdom,2016,EG.FEC.RNEW.ZS,7.7
GBR,United Kingdom,2015,EG.FEC.RNEW.ZS,7.7
GBR,United Kingdom,2014,EG.FEC.RNEW.ZS,6.6
GBR,United Kingdom,2013,EG.FEC.RNEW.ZS,5.2
GBR,United Kingdom,2012,EG.FEC.RNEW.ZS,4.2
GBR,United Kingdom,2011,EG.FEC.RNEW.ZS,4.0
GBR,United Kingdom,2010,EG.FEC.RNEW.ZS,3.2
GBR,United Kingdom,2009,EG.FEC.RNEW.ZS,3.0
GBR,United Kingdom,2008,EG.FEC.RNEW.ZS,2.4
GBR,United Kingdom,2007,EG.FEC.RNEW.ZS,1.8
GBR,United Kingdom,2006,EG.FEC.RNEW.ZS,1.6
GBR,United Kingdom,2005,EG.FEC.RNEW.ZS,1.4
USA,United States,2021,EG.FEC.RNEW.ZS,10.9
USA,United States,2020,EG.FEC.RNEW.ZS,11.0
USA,United States,2019,EG.FEC.RNEW.ZS,10.2
USA,United States,2018,EG.FEC.RNEW.ZS,9.9
USA,United States,2017,EG.FEC.RNEW.ZS,9.7
USA,United States,2016,EG.FEC.RNEW.ZS,9.3
USA,United States,2015,EG.FEC.RNEW.ZS,8.9
USA,United States,2014,EG.FEC.RNEW.ZS,9.0
USA,United States,2013,EG.FEC.RNEW.ZS,8.9
USA,United States,2012,EG.FEC.RNEW.ZS,8.5
USA,United States,2011,EG.FEC.RNEW.ZS,8.4
USA,United States,2010,EG.FEC.RNEW.ZS,7.4
USA,United States,2009,EG.FEC.RNEW.ZS,7.3
USA,United States,2008,EG.FEC.RNEW.ZS,6.8
USA,United States,2007,EG.FEC.RNEW.ZS,6.3
USA,United States,2006,EG.FEC.RNEW.ZS,6.4
USA,United States,2005,EG.FEC.RNEW.ZS,5.8
URY,Uruguay,2021,EG.FEC.RNEW.ZS,57.8
URY,Uruguay,2020,EG.FEC.RNEW.ZS,61.2
URY,Uruguay,2019,EG.FEC.RNEW.ZS,59.3
URY,Uruguay,2018,EG.FEC.RNEW.ZS,60.8
URY,Uruguay,2017,EG.FEC.RNEW.ZS,60.8
URY,Uruguay,2016,EG.FEC.RNEW.ZS,60.3
URY,Uruguay,2015,EG.FEC.RNEW.ZS,59.4
URY,Uruguay,2014,EG.FEC.RNEW.ZS,56.7
URY,Uruguay,2013,EG.FEC.RNEW.ZS,51.9
URY,Uruguay,2012,EG.FEC.RNEW.ZS,47.9
URY,Uruguay,2011,EG.FEC.RNEW.ZS,49.7
URY,Uruguay,2010,EG.FEC.RNEW.ZS,53.3
URY,Uruguay,2009,EG.FEC.RNEW.ZS,44.6
URY,Uruguay,2008,EG.FEC.RNEW.ZS,44.1
URY,Uruguay,2007,EG.FEC.RNEW.ZS,43.2
URY,Uruguay,2006,EG.FEC.RNEW.ZS,37.6
URY,Uruguay,2005,EG.FEC.RNEW.ZS,41.3
UZB,Uzbekistan,2021,EG.FEC.RNEW.ZS,1.0
UZB,Uzbekistan,2020,EG.FEC.RNEW.ZS,1.0
UZB,Uzbekistan,2019,EG.FEC.RNEW.ZS,1.6
UZB,Uzbekistan,2018,EG.FEC.RNEW.ZS,1.5
UZB,Uzbekistan,2017,EG.FEC.RNEW.ZS,1.7
UZB,Uzbekistan,2016,EG.FEC.RNEW.ZS,1.6
UZB,Uzbekistan,2015,EG.FEC.RNEW.ZS,1.7
UZB,Uzbekistan,2014,EG.FEC.RNEW.ZS,1.4
UZB,Uzbekistan,2013,EG.FEC.RNEW.ZS,1.2
UZB,Uzbekistan,2012,EG.FEC.RNEW.ZS,1.3
UZB,Uzbekistan,2011,EG.FEC.RNEW.ZS,0.9
UZB,Uzbekistan,2010,EG.FEC.RNEW.ZS,1.3
UZB,Uzbekistan,2009,EG.FEC.RNEW.ZS,1.2
UZB,Uzbekistan,2008,EG.FEC.RNEW.ZS,0.8
UZB,Uzbekistan,2007,EG.FEC.RNEW.ZS,0.9
UZB,Uzbekistan,2006,EG.FEC.RNEW.ZS,0.8
UZB,Uzbekistan,2005,EG.FEC.RNEW.ZS,1.6
VUT,Vanuatu,2022,EG.FEC.RNEW.ZS,25.0
VUT,Vanuatu,2021,EG.FEC.RNEW.ZS,24.6
VUT,Vanuatu,2020,EG.FEC.RNEW.ZS,26.0
VUT,Vanuatu,2019,EG.FEC.RNEW.ZS,31.6
VUT,Vanuatu,2018,EG.FEC.RNEW.ZS,29.7
VUT,Vanuatu,2017,EG.FEC.RNEW.ZS,35.7
VUT,Vanuatu,2016,EG.FEC.RNEW.ZS,33.1
VUT,Vanuatu,2015,EG.FEC.RNEW.ZS,35.6
VUT,Vanuatu,2014,EG.FEC.RNEW.ZS,31.5
VUT,Vanuatu,2013,EG.FEC.RNEW.ZS,40.9
VUT,Vanuatu,2012,EG.FEC.RNEW.ZS,39.0
VUT,Vanuatu,2011,EG.FEC.RNEW.ZS,35.8
VUT,Vanuatu,2010,EG.FEC.RNEW.ZS,38.1
VUT,Vanuatu,2009,EG.FEC.RNEW.ZS,38.7
VUT,Vanuatu,2008,EG.FEC.RNEW.ZS,52.1
VUT,Vanuatu,2007,EG.FEC.RNEW.ZS,51.6
VUT,Vanuatu,2006,EG.FEC.RNEW.ZS,55.3
VUT,Vanuatu,2005,EG.FEC.RNEW.ZS,54.9
VEN,"Venezuela, RB",2021,EG.FEC.RNEW.ZS,33.7
VEN,"Venezuela, RB",2020,EG.FEC.RNEW.ZS,31.2
VEN,"Venezuela, RB",2019,EG.FEC.RNEW.ZS,15.8
VEN,"Venezuela, RB",2018,EG.FEC.RNEW.ZS,14.6
VEN,"Venezuela, RB",2017,EG.FEC.RNEW.ZS,14.3
VEN,"Venezuela, RB",2016,EG.FEC.RNEW.ZS,14.6
VEN,"Venezuela, RB",2015,EG.FEC.RNEW.ZS,15.4
VEN,"Venezuela, RB",2014,EG.FEC.RNEW.ZS,12.1
VEN,"Venezuela, RB",2013,EG.FEC.RNEW.ZS,15.4
VEN,"Venezuela, RB",2012,EG.FEC.RNEW.ZS,13.8
VEN,"Venezuela, RB",2011,EG.FEC.RNEW.ZS,14.8
VEN,"Venezuela, RB",2010,EG.FEC.RNEW.ZS,13.8
VEN,"Venezuela, RB",2009,EG.FEC.RNEW.ZS,16.2
VEN,"Venezuela, RB",2008,EG.FEC.RNEW.ZS,16.4
VEN,"Venezuela, RB",2007,EG.FEC.RNEW.ZS,16.6
VEN,"Venezuela, RB",2006,EG.FEC.RNEW.ZS,15.6
VEN,"Venezuela, RB",2005,EG.FEC.RNEW.ZS,14.2
VNM,Viet Nam,2021,EG.FEC.RNEW.ZS,24.2
VNM,Viet Nam,2020,EG.FEC.RNEW.ZS,18.9
VNM,Viet Nam,2019,EG.FEC.RNEW.ZS,20.4
VNM,Viet Nam,2018,EG.FEC.RNEW.ZS,24.3
VNM,Viet Nam,2017,EG.FEC.RNEW.ZS,28.3
VNM,Viet Nam,2016,EG.FEC.RNEW.ZS,26.8
VNM,Viet Nam,2015,EG.FEC.RNEW.ZS,27.8
VNM,Viet Nam,2014,EG.FEC.RNEW.ZS,36.7
VNM,Viet Nam,2013,EG.FEC.RNEW.ZS,37.4
VNM,Viet Nam,2012,EG.FEC.RNEW.ZS,37.9
VNM,Viet Nam,2011,EG.FEC.RNEW.ZS,36.3
VNM,Viet Nam,2010,EG.FEC.RNEW.ZS,34.6
VNM,Viet Nam,2009,EG.FEC.RNEW.ZS,37.0
VNM,Viet Nam,2008,EG.FEC.RNEW.ZS,39.3
VNM,Viet Nam,2007,EG.FEC.RNEW.ZS,41.9
VNM,Viet Nam,2006,EG.FEC.RNEW.ZS,44.2
VNM,Viet Nam,2005,EG.FEC.RNEW.ZS,44.1
VIR,Virgin Islands (U.S.),2022,EG.FEC.RNEW.ZS,5.9
VIR,Virgin Islands (U.S.),2021,EG.FEC.RNEW.ZS,5.9
VIR,Virgin Islands (U.S.),2020,EG.FEC.RNEW.ZS,5.9
VIR,Virgin Islands (U.S.),2019,EG.FEC.RNEW.ZS,6.2
VIR,Virgin Islands (U.S.),2018,EG.FEC.RNEW.ZS,5.8
VIR,Virgin Islands (U.S.),2017,EG.FEC.RNEW.ZS,5.3
VIR,Virgin Islands (U.S.),2016,EG.FEC.RNEW.ZS,5.7
VIR,Virgin Islands (U.S.),2015,EG.FEC.RNEW.ZS,5.6
VIR,Virgin Islands (U.S.),2014,EG.FEC.RNEW.ZS,4.2
VIR,Virgin Islands (U.S.),2013,EG.FEC.RNEW.ZS,2.9
VIR,Virgin Islands (U.S.),2012,EG.FEC.RNEW.ZS,2.0
VIR,Virgin Islands (U.S.),2011,EG.FEC.RNEW.ZS,1.2
VIR,Virgin Islands (U.S.),2010,EG.FEC.RNEW.ZS,0.7
VIR,Virgin Islands (U.S.),2009,EG.FEC.RNEW.ZS,0.8
VIR,Virgin Islands (U.S.),2008,EG.FEC.RNEW.ZS,0.7
VIR,Virgin Islands (U.S.),2007,EG.FEC.RNEW.ZS,0.7
VIR,Virgin Islands (U.S.),2006,EG.FEC.RNEW.ZS,0.7
VIR,Virgin Islands (U.S.),2005,EG.FEC.RNEW.ZS,0.7
PSE,West Bank and Gaza,2022,EG.FEC.RNEW.ZS,15.4
PSE,West Bank and Gaza,2021,EG.FEC.RNEW.ZS,15.4
PSE,West Bank and Gaza,2020,EG.FEC.RNEW.ZS,15.0
PSE,West Bank and Gaza,2019,EG.FEC.RNEW.ZS,13.9
PSE,West Bank and Gaza,2018,EG.FEC.RNEW.ZS,12.7
PSE,West Bank and Gaza,2017,EG.FEC.RNEW.ZS,10.5
PSE,West Bank and Gaza,2016,EG.FEC.RNEW.ZS,12.3
PSE,West Bank and Gaza,2015,EG.FEC.RNEW.ZS,11.0
PSE,West Bank and Gaza,2014,EG.FEC.RNEW.ZS,10.8
PSE,West Bank and Gaza,2013,EG.FEC.RNEW.ZS,11.7
PSE,West Bank and Gaza,2012,EG.FEC.RNEW.ZS,12.2
PSE,West Bank and Gaza,2011,EG.FEC.RNEW.ZS,15.4
PSE,West Bank and Gaza,2010,EG.FEC.RNEW.ZS,14.1
PSE,West Bank and Gaza,2009,EG.FEC.RNEW.ZS,16.5
PSE,West Bank and Gaza,2008,EG.FEC.RNEW.ZS,20.1
PSE,West Bank and Gaza,2007,EG.FEC.RNEW.ZS,20.5
PSE,West Bank and Gaza,2006,EG.FEC.RNEW.ZS,18.1
PSE,West Bank and Gaza,2005,EG.FEC.RNEW.ZS,22.8
YEM,"Yemen, Rep.",2021,EG.FEC.RNEW.ZS,3.7
YEM,"Yemen, Rep.",2020,EG.FEC.RNEW.ZS,3.5
YEM,"Yemen, Rep.",2019,EG.FEC.RNEW.ZS,3.0
YEM,"Yemen, Rep.",2018,EG.FEC.RNEW.ZS,2.9
YEM,"Yemen, Rep.",2017,EG.FEC.RNEW.ZS,3.0
YEM,"Yemen, Rep.",2016,EG.FEC.RNEW.ZS,2.6
YEM,"Yemen, Rep.",2015,EG.FEC.RNEW.ZS,2.0
YEM,"Yemen, Rep.",2014,EG.FEC.RNEW.ZS,0.8
YEM,"Yemen, Rep.",2013,EG.FEC.RNEW.ZS,0.8
YEM,"Yemen, Rep.",2012,EG.FEC.RNEW.ZS,1.1
YEM,"Yemen, Rep.",2011,EG.FEC.RNEW.ZS,0.9
YEM,"Yemen, Rep.",2010,EG.FEC.RNEW.ZS,0.8
YEM,"Yemen, Rep.",2009,EG.FEC.RNEW.ZS,0.7
YEM,"Yemen, Rep.",2008,EG.FEC.RNEW.ZS,0.7
YEM,"Yemen, Rep.",2007,EG.FEC.RNEW.ZS,0.8
YEM,"Yemen, Rep.",2006,EG.FEC.RNEW.ZS,0.8
YEM,"Yemen, Rep.",2005,EG.FEC.RNEW.ZS,0.7
ZMB,Zambia,2021,EG.FEC.RNEW.ZS,83.0
ZMB,Zambia,2020,EG.FEC.RNEW.ZS,85.4
ZMB,Zambia,2019,EG.FEC.RNEW.ZS,86.1
ZMB,Zambia,2018,EG.FEC.RNEW.ZS,83.8
ZMB,Zambia,2017,EG.FEC.RNEW.ZS,83.5
ZMB,Zambia,2016,EG.FEC.RNEW.ZS,84.0
ZMB,Zambia,2015,EG.FEC.RNEW.ZS,84.0
ZMB,Zambia,2014,EG.FEC.RNEW.ZS,84.6
ZMB,Zambia,2013,EG.FEC.RNEW.ZS,85.3
ZMB,Zambia,2012,EG.FEC.RNEW.ZS,85.4
ZMB,Zambia,2011,EG.FEC.RNEW.ZS,87.9
ZMB,Zambia,2010,EG.FEC.RNEW.ZS,89.2
ZMB,Zambia,2009,EG.FEC.RNEW.ZS,89.2
ZMB,Zambia,2008,EG.FEC.RNEW.ZS,89.8
ZMB,Zambia,2007,EG.FEC.RNEW.ZS,90.7
ZMB,Zambia,2006,EG.FEC.RNEW.ZS,89.7
ZMB,Zambia,2005,EG.FEC.RNEW.ZS,88.9
ZWE,Zimbabwe,2021,EG.FEC.RNEW.ZS,82.4
ZWE,Zimbabwe,2020,EG.FEC.RNEW.ZS,84.1
ZWE,Zimbabwe,2019,EG.FEC.RNEW.ZS,81.0
ZWE,Zimbabwe,2018,EG.FEC.RNEW.ZS,79.7
ZWE,Zimbabwe,2017,EG.FEC.RNEW.ZS,82.0
ZWE,Zimbabwe,2016,EG.FEC.RNEW.ZS,81.7
ZWE,Zimbabwe,2015,EG.FEC.RNEW.ZS,80.8
ZWE,Zimbabwe,2014,EG.FEC.RNEW.ZS,80.8
ZWE,Zimbabwe,2013,EG.FEC.RNEW.ZS,79.3
ZWE,Zimbabwe,2012,EG.FEC.RNEW.ZS,77.0
ZWE,Zimbabwe,2011,EG.FEC.RNEW.ZS,77.2
ZWE,Zimbabwe,2010,EG.FEC.RNEW.ZS,81.2
ZWE,Zimbabwe,2009,EG.FEC.RNEW.ZS,82.6
ZWE,Zimbabwe,2008,EG.FEC.RNEW.ZS,81.6
ZWE,Zimbabwe,2007,EG.FEC.RNEW.ZS,78.0
ZWE,Zimbabwe,2006,EG.FEC.RNEW.ZS,78.7
ZWE,Zimbabwe,2005,EG.FEC.RNEW.ZS,80.3
