country_code,country_name,year,indicator_code,value
AFE,Africa Eastern and Southern,2023,EN.POP.DNST,50.5146975127966
AFE,Africa Eastern and Southern,2022,EN.POP.DNST,49.2580431681559
AFE,Africa Eastern and Southern,2021,EN.POP.DNST,47.9972954785225
AFE,Africa Eastern and Southern,2020,EN.POP.DNST,46.7425596337459
AFE,Africa Eastern and Southern,2019,EN.POP.DNST,45.5034869166531
AFE,Africa Eastern and Southern,2018,EN.POP.DNST,44.2875973919034
AFE,Africa Eastern and Southern,2017,EN.POP.DNST,43.0987829827225
AFE,Africa Eastern and Southern,2016,EN.POP.DNST,41.9804907421639
AFE,Africa Eastern and Southern,2015,EN.POP.DNST,40.8918114438629
AFE,Africa Eastern and Southern,2014,EN.POP.DNST,39.809154639038
AFE,Africa Eastern and Southern,2013,EN.POP.DNST,38.7469753050245
AFE,Africa Eastern and Southern,2012,EN.POP.DNST,37.6965165566856
AFE,Africa Eastern and Southern,2011,EN.POP.DNST,44.1254633537399
AFE,Africa Eastern and Southern,2010,EN.POP.DNST,42.9574912715677
AFE,Africa Eastern and Southern,2009,EN.POP.DNST,41.8010527779488
AFE,Africa Eastern and Southern,2008,EN.POP.DNST,40.6724831497104
AFE,Africa Eastern and Southern,2007,EN.POP.DNST,39.5795390720338
AFE,Africa Eastern and Southern,2006,EN.POP.DNST,38.5286306361067
AFE,Africa Eastern and Southern,2005,EN.POP.DNST,37.5135919528181
AFW,Africa Western and Central,2023,EN.POP.DNST,56.1939927079753
AFW,Africa Western and Central,2022,EN.POP.DNST,54.8727077276867
AFW,Africa Western and Central,2021,EN.POP.DNST,53.6138585392315
AFW,Africa Western and Central,2020,EN.POP.DNST,52.3656565444401
AFW,Africa Western and Central,2019,EN.POP.DNST,51.1313169145412
AFW,Africa Western and Central,2018,EN.POP.DNST,49.901207303295
AFW,Africa Western and Central,2017,EN.POP.DNST,48.6580650867034
AFW,Africa Western and Central,2016,EN.POP.DNST,47.4030252780855
AFW,Africa Western and Central,2015,EN.POP.DNST,46.1581148336572
AFW,Africa Western and Central,2014,EN.POP.DNST,44.9333546692491
AFW,Africa Western and Central,2013,EN.POP.DNST,43.7268663398845
AFW,Africa Western and Central,2012,EN.POP.DNST,42.5517015669185
AFW,Africa Western and Central,2011,EN.POP.DNST,41.3866190643593
AFW,Africa Western and Central,2010,EN.POP.DNST,40.2343930539987
AFW,Africa Western and Central,2009,EN.POP.DNST,39.125749797143
AFW,Africa Western and Central,2008,EN.POP.DNST,38.0457445350208
AFW,Africa Western and Central,2007,EN.POP.DNST,36.9834635598036
AFW,Africa Western and Central,2006,EN.POP.DNST,35.9529143976528
AFW,Africa Western and Central,2005,EN.POP.DNST,34.9507725149186
ARB,Arab World,2023,EN.POP.DNST,36.8003818154477
ARB,Arab World,2022,EN.POP.DNST,35.9795356839708
ARB,Arab World,2021,EN.POP.DNST,35.162359700654
ARB,Arab World,2020,EN.POP.DNST,34.6339076603654
ARB,Arab World,2019,EN.POP.DNST,33.91319330608
ARB,Arab World,2018,EN.POP.DNST,33.2809532562352
ARB,Arab World,2017,EN.POP.DNST,32.6945464038478
ARB,Arab World,2016,EN.POP.DNST,32.0451442075354
ARB,Arab World,2015,EN.POP.DNST,31.3110035717644
ARB,Arab World,2014,EN.POP.DNST,30.550772641086
ARB,Arab World,2013,EN.POP.DNST,29.8423825738577
ARB,Arab World,2012,EN.POP.DNST,29.0844280794096
ARB,Arab World,2011,EN.POP.DNST,33.1221072734311
ARB,Arab World,2010,EN.POP.DNST,32.3666218189319
ARB,Arab World,2009,EN.POP.DNST,31.7272353692493
ARB,Arab World,2008,EN.POP.DNST,30.9456223002043
ARB,Arab World,2007,EN.POP.DNST,30.1680454274111
ARB,Arab World,2006,EN.POP.DNST,29.4185278894372
ARB,Arab World,2005,EN.POP.DNST,28.7157314954512
CSS,Caribbean small states,2023,EN.POP.DNST,10.9489127656158
CSS,Caribbean small states,2022,EN.POP.DNST,10.8941815733103
CSS,Caribbean small states,2021,EN.POP.DNST,10.8502323822862
CSS,Caribbean small states,2020,EN.POP.DNST,10.8021118575828
CSS,Caribbean small states,2019,EN.POP.DNST,11.1488737254616
CSS,Caribbean small states,2018,EN.POP.DNST,11.059856053637
CSS,Caribbean small states,2017,EN.POP.DNST,10.9556775752626
CSS,Caribbean small states,2016,EN.POP.DNST,10.8934309469801
CSS,Caribbean small states,2015,EN.POP.DNST,10.8253252516181
CSS,Caribbean small states,2014,EN.POP.DNST,10.7559574103285
CSS,Caribbean small states,2013,EN.POP.DNST,10.6835308098227
CSS,Caribbean small states,2012,EN.POP.DNST,10.610168264126
CSS,Caribbean small states,2011,EN.POP.DNST,10.5415707584225
CSS,Caribbean small states,2010,EN.POP.DNST,10.4718842441054
CSS,Caribbean small states,2009,EN.POP.DNST,10.4055500696677
CSS,Caribbean small states,2008,EN.POP.DNST,10.3505149869039
CSS,Caribbean small states,2007,EN.POP.DNST,10.2849963143081
CSS,Caribbean small states,2006,EN.POP.DNST,10.219941850453
CSS,Caribbean small states,2005,EN.POP.DNST,10.1610726544141
CEB,Central Europe and the Baltics,2023,EN.POP.DNST,90.6580966896622
CEB,Central Europe and the Baltics,2022,EN.POP.DNST,90.5708010536644
CEB,Central Europe and the Baltics,2021,EN.POP.DNST,90.6877587931935
CEB,Central Europe and the Baltics,2020,EN.POP.DNST,91.5975668995431
CEB,Central Europe and the Baltics,2019,EN.POP.DNST,92.1854556712536
CEB,Central Europe and the Baltics,2018,EN.POP.DNST,92.3692084301826
CEB,Central Europe and the Baltics,2017,EN.POP.DNST,92.6047341774741
CEB,Central Europe and the Baltics,2016,EN.POP.DNST,92.8247588904212
CEB,Central Europe and the Baltics,2015,EN.POP.DNST,93.1179707001656
CEB,Central Europe and the Baltics,2014,EN.POP.DNST,93.3954139880869
CEB,Central Europe and the Baltics,2013,EN.POP.DNST,93.7188941593356
CEB,Central Europe and the Baltics,2012,EN.POP.DNST,94.1348819123649
CEB,Central Europe and the Baltics,2011,EN.POP.DNST,94.3426815032299
CEB,Central Europe and the Baltics,2010,EN.POP.DNST,94.5723770250091
CEB,Central Europe and the Baltics,2009,EN.POP.DNST,94.9140560740283
CEB,Central Europe and the Baltics,2008,EN.POP.DNST,95.1826331612885
CEB,Central Europe and the Baltics,2007,EN.POP.DNST,95.5226277464895
CEB,Central Europe and the Baltics,2006,EN.POP.DNST,95.8699753736775
CEB,Central Europe and the Baltics,2005,EN.POP.DNST,96.1115677123883
EAR,Early-demographic dividend,2023,EN.POP.DNST,105.363343039189
EAR,Early-demographic dividend,2022,EN.POP.DNST,104.133426123073
EAR,Early-demographic dividend,2021,EN.POP.DNST,102.970981932789
EAR,Early-demographic dividend,2020,EN.POP.DNST,101.93746350761
EAR,Early-demographic dividend,2019,EN.POP.DNST,100.705899920804
EAR,Early-demographic dividend,2018,EN.POP.DNST,99.4817619661395
EAR,Early-demographic dividend,2017,EN.POP.DNST,98.2755925064534
EAR,Early-demographic dividend,2016,EN.POP.DNST,97.0256299345761
EAR,Early-demographic dividend,2015,EN.POP.DNST,95.7429697331358
EAR,Early-demographic dividend,2014,EN.POP.DNST,94.4506290925745
EAR,Early-demographic dividend,2013,EN.POP.DNST,93.1523170525683
EAR,Early-demographic dividend,2012,EN.POP.DNST,91.8072245321802
EAR,Early-demographic dividend,2011,EN.POP.DNST,90.4444620157787
EAR,Early-demographic dividend,2010,EN.POP.DNST,89.0525525332427
EAR,Early-demographic dividend,2009,EN.POP.DNST,87.6854105545023
EAR,Early-demographic dividend,2008,EN.POP.DNST,86.317587643204
EAR,Early-demographic dividend,2007,EN.POP.DNST,84.9538936563716
EAR,Early-demographic dividend,2006,EN.POP.DNST,83.5796772703463
EAR,Early-demographic dividend,2005,EN.POP.DNST,82.2031159963338
EAS,East Asia & Pacific,2023,EN.POP.DNST,97.5227482132709
EAS,East Asia & Pacific,2022,EN.POP.DNST,97.3296492736389
EAS,East Asia & Pacific,2021,EN.POP.DNST,97.005135071124
EAS,East Asia & Pacific,2020,EN.POP.DNST,96.83193149878
EAS,East Asia & Pacific,2019,EN.POP.DNST,96.4380766594786
EAS,East Asia & Pacific,2018,EN.POP.DNST,95.9404015370252
EAS,East Asia & Pacific,2017,EN.POP.DNST,95.3640917843833
EAS,East Asia & Pacific,2016,EN.POP.DNST,94.6937276463779
EAS,East Asia & Pacific,2015,EN.POP.DNST,94.0667650140412
EAS,East Asia & Pacific,2014,EN.POP.DNST,93.3939861708619
EAS,East Asia & Pacific,2013,EN.POP.DNST,92.6875501269335
EAS,East Asia & Pacific,2012,EN.POP.DNST,91.9505053157009
EAS,East Asia & Pacific,2011,EN.POP.DNST,91.2047609541949
EAS,East Asia & Pacific,2010,EN.POP.DNST,90.541816346644
EAS,East Asia & Pacific,2009,EN.POP.DNST,89.9112402589462
EAS,East Asia & Pacific,2008,EN.POP.DNST,89.2704344580735
EAS,East Asia & Pacific,2007,EN.POP.DNST,88.5992481515687
EAS,East Asia & Pacific,2006,EN.POP.DNST,87.9299461993076
EAS,East Asia & Pacific,2005,EN.POP.DNST,87.2821829617991
EAP,East Asia & Pacific (excluding high income),2023,EN.POP.DNST,133.577916991669
EAP,East Asia & Pacific (excluding high income),2022,EN.POP.DNST,133.338237908375
EAP,East Asia & Pacific (excluding high income),2021,EN.POP.DNST,133.025368143379
EAP,East Asia & Pacific (excluding high income),2020,EN.POP.DNST,132.732163470285
EAP,East Asia & Pacific (excluding high income),2019,EN.POP.DNST,132.134925461608
EAP,East Asia & Pacific (excluding high income),2018,EN.POP.DNST,131.409868337961
EAP,East Asia & Pacific (excluding high income),2017,EN.POP.DNST,130.567654797603
EAP,East Asia & Pacific (excluding high income),2016,EN.POP.DNST,129.581742367703
EAP,East Asia & Pacific (excluding high income),2015,EN.POP.DNST,128.613801730869
EAP,East Asia & Pacific (excluding high income),2014,EN.POP.DNST,127.633880213556
EAP,East Asia & Pacific (excluding high income),2013,EN.POP.DNST,126.602516818691
EAP,East Asia & Pacific (excluding high income),2012,EN.POP.DNST,125.517256762924
EAP,East Asia & Pacific (excluding high income),2011,EN.POP.DNST,124.425348644058
EAP,East Asia & Pacific (excluding high income),2010,EN.POP.DNST,123.455331524104
EAP,East Asia & Pacific (excluding high income),2009,EN.POP.DNST,122.545457709395
EAP,East Asia & Pacific (excluding high income),2008,EN.POP.DNST,121.624879230522
EAP,East Asia & Pacific (excluding high income),2007,EN.POP.DNST,120.679234154656
EAP,East Asia & Pacific (excluding high income),2006,EN.POP.DNST,119.728065264991
EAP,East Asia & Pacific (excluding high income),2005,EN.POP.DNST,118.803384208304
TEA,East Asia & Pacific (IDA & IBRD countries),2023,EN.POP.DNST,132.925071716956
TEA,East Asia & Pacific (IDA & IBRD countries),2022,EN.POP.DNST,132.689166036745
TEA,East Asia & Pacific (IDA & IBRD countries),2021,EN.POP.DNST,132.37999364036
TEA,East Asia & Pacific (IDA & IBRD countries),2020,EN.POP.DNST,132.090022057767
TEA,East Asia & Pacific (IDA & IBRD countries),2019,EN.POP.DNST,131.494477158156
TEA,East Asia & Pacific (IDA & IBRD countries),2018,EN.POP.DNST,130.770644859426
TEA,East Asia & Pacific (IDA & IBRD countries),2017,EN.POP.DNST,129.92920605548
TEA,East Asia & Pacific (IDA & IBRD countries),2016,EN.POP.DNST,128.943356299366
TEA,East Asia & Pacific (IDA & IBRD countries),2015,EN.POP.DNST,127.975847866414
TEA,East Asia & Pacific (IDA & IBRD countries),2014,EN.POP.DNST,126.996322772836
TEA,East Asia & Pacific (IDA & IBRD countries),2013,EN.POP.DNST,125.964807846466
TEA,East Asia & Pacific (IDA & IBRD countries),2012,EN.POP.DNST,124.878776695313
TEA,East Asia & Pacific (IDA & IBRD countries),2011,EN.POP.DNST,123.785798668121
TEA,East Asia & Pacific (IDA & IBRD countries),2010,EN.POP.DNST,122.815438556154
TEA,East Asia & Pacific (IDA & IBRD countries),2009,EN.POP.DNST,121.905557589463
TEA,East Asia & Pacific (IDA & IBRD countries),2008,EN.POP.DNST,120.985207739425
TEA,East Asia & Pacific (IDA & IBRD countries),2007,EN.POP.DNST,120.039884645085
TEA,East Asia & Pacific (IDA & IBRD countries),2006,EN.POP.DNST,119.089234291532
TEA,East Asia & Pacific (IDA & IBRD countries),2005,EN.POP.DNST,118.165527105702
EMU,Euro area,2023,EN.POP.DNST,125.590943523505
EMU,Euro area,2022,EN.POP.DNST,125.04951857618
EMU,Euro area,2021,EN.POP.DNST,124.711105405293
EMU,Euro area,2020,EN.POP.DNST,124.655804198697
EMU,Euro area,2019,EN.POP.DNST,124.506282992356
EMU,Euro area,2018,EN.POP.DNST,124.219887712354
EMU,Euro area,2017,EN.POP.DNST,123.985807688106
EMU,Euro area,2016,EN.POP.DNST,123.747500061746
EMU,Euro area,2015,EN.POP.DNST,123.460553864326
EMU,Euro area,2014,EN.POP.DNST,123.13105873458
EMU,Euro area,2013,EN.POP.DNST,122.953343169661
EMU,Euro area,2012,EN.POP.DNST,122.875474648741
EMU,Euro area,2011,EN.POP.DNST,122.645221913038
EMU,Euro area,2010,EN.POP.DNST,122.878907931343
EMU,Euro area,2009,EN.POP.DNST,122.647441611999
EMU,Euro area,2008,EN.POP.DNST,122.250053655147
EMU,Euro area,2007,EN.POP.DNST,121.647306425273
EMU,Euro area,2006,EN.POP.DNST,121.039558205345
EMU,Euro area,2005,EN.POP.DNST,120.467664501856
ECS,Europe & Central Asia,2023,EN.POP.DNST,33.7126283069936
ECS,Europe & Central Asia,2022,EN.POP.DNST,33.6933566120441
ECS,Europe & Central Asia,2021,EN.POP.DNST,33.6969892911406
ECS,Europe & Central Asia,2020,EN.POP.DNST,33.6710333283628
ECS,Europe & Central Asia,2019,EN.POP.DNST,33.6025648388096
ECS,Europe & Central Asia,2018,EN.POP.DNST,33.4742917946453
ECS,Europe & Central Asia,2017,EN.POP.DNST,33.3531359178214
ECS,Europe & Central Asia,2016,EN.POP.DNST,33.2251913568757
ECS,Europe & Central Asia,2015,EN.POP.DNST,33.0779490017044
ECS,Europe & Central Asia,2014,EN.POP.DNST,32.9385160145052
ECS,Europe & Central Asia,2013,EN.POP.DNST,32.8048340987227
ECS,Europe & Central Asia,2012,EN.POP.DNST,32.6827301153425
ECS,Europe & Central Asia,2011,EN.POP.DNST,32.5551223781581
ECS,Europe & Central Asia,2010,EN.POP.DNST,32.4813118378398
ECS,Europe & Central Asia,2009,EN.POP.DNST,32.3643178042915
ECS,Europe & Central Asia,2008,EN.POP.DNST,32.2371623206761
ECS,Europe & Central Asia,2007,EN.POP.DNST,32.1053619689612
ECS,Europe & Central Asia,2006,EN.POP.DNST,32.0144228245903
ECS,Europe & Central Asia,2005,EN.POP.DNST,32.0323665345552
ECA,Europe & Central Asia (excluding high income),2023,EN.POP.DNST,42.1021454505816
ECA,Europe & Central Asia (excluding high income),2022,EN.POP.DNST,42.4063657420119
ECA,Europe & Central Asia (excluding high income),2021,EN.POP.DNST,42.6356802883802
ECA,Europe & Central Asia (excluding high income),2020,EN.POP.DNST,42.3788437558442
ECA,Europe & Central Asia (excluding high income),2019,EN.POP.DNST,42.0532363737648
ECA,Europe & Central Asia (excluding high income),2018,EN.POP.DNST,41.6847494495179
ECA,Europe & Central Asia (excluding high income),2017,EN.POP.DNST,41.3314112003313
ECA,Europe & Central Asia (excluding high income),2016,EN.POP.DNST,40.9788296619889
ECA,Europe & Central Asia (excluding high income),2015,EN.POP.DNST,40.616709392448
ECA,Europe & Central Asia (excluding high income),2014,EN.POP.DNST,40.2969932431231
ECA,Europe & Central Asia (excluding high income),2013,EN.POP.DNST,39.9347430774236
ECA,Europe & Central Asia (excluding high income),2012,EN.POP.DNST,39.5912341231034
ECA,Europe & Central Asia (excluding high income),2011,EN.POP.DNST,39.271769960237
ECA,Europe & Central Asia (excluding high income),2010,EN.POP.DNST,38.9526977500834
ECA,Europe & Central Asia (excluding high income),2009,EN.POP.DNST,38.6382318064592
ECA,Europe & Central Asia (excluding high income),2008,EN.POP.DNST,38.3457160529815
ECA,Europe & Central Asia (excluding high income),2007,EN.POP.DNST,38.0901945237322
ECA,Europe & Central Asia (excluding high income),2006,EN.POP.DNST,37.9881837868454
ECA,Europe & Central Asia (excluding high income),2005,EN.POP.DNST,38.4664500289497
TEC,Europe & Central Asia (IDA & IBRD countries),2023,EN.POP.DNST,19.9519137845936
TEC,Europe & Central Asia (IDA & IBRD countries),2022,EN.POP.DNST,20.054020489976
TEC,Europe & Central Asia (IDA & IBRD countries),2021,EN.POP.DNST,20.1481046641559
TEC,Europe & Central Asia (IDA & IBRD countries),2020,EN.POP.DNST,20.1366595550306
TEC,Europe & Central Asia (IDA & IBRD countries),2019,EN.POP.DNST,20.094026148344
TEC,Europe & Central Asia (IDA & IBRD countries),2018,EN.POP.DNST,20.0075287890585
TEC,Europe & Central Asia (IDA & IBRD countries),2017,EN.POP.DNST,19.9233397185183
TEC,Europe & Central Asia (IDA & IBRD countries),2016,EN.POP.DNST,19.8321144333003
TEC,Europe & Central Asia (IDA & IBRD countries),2015,EN.POP.DNST,19.7342063886841
TEC,Europe & Central Asia (IDA & IBRD countries),2014,EN.POP.DNST,19.6413354713615
TEC,Europe & Central Asia (IDA & IBRD countries),2013,EN.POP.DNST,19.5401591479624
TEC,Europe & Central Asia (IDA & IBRD countries),2012,EN.POP.DNST,19.4450039136596
TEC,Europe & Central Asia (IDA & IBRD countries),2011,EN.POP.DNST,19.3537254278879
TEC,Europe & Central Asia (IDA & IBRD countries),2010,EN.POP.DNST,19.2706355617002
TEC,Europe & Central Asia (IDA & IBRD countries),2009,EN.POP.DNST,19.1995948770159
TEC,Europe & Central Asia (IDA & IBRD countries),2008,EN.POP.DNST,19.1312337095341
TEC,Europe & Central Asia (IDA & IBRD countries),2007,EN.POP.DNST,19.0846908058469
TEC,Europe & Central Asia (IDA & IBRD countries),2006,EN.POP.DNST,19.0859930493063
TEC,Europe & Central Asia (IDA & IBRD countries),2005,EN.POP.DNST,19.1504483871371
EUU,European Union,2023,EN.POP.DNST,112.553231055493
EUU,European Union,2022,EN.POP.DNST,112.13484860561
EUU,European Union,2021,EN.POP.DNST,111.887551559999
EUU,European Union,2020,EN.POP.DNST,112.052422547828
EUU,European Union,2019,EN.POP.DNST,112.062568378947
EUU,European Union,2018,EN.POP.DNST,111.845604125759
EUU,European Union,2017,EN.POP.DNST,111.666124598782
EUU,European Union,2016,EN.POP.DNST,111.484365533783
EUU,European Union,2015,EN.POP.DNST,111.273827737509
EUU,European Union,2014,EN.POP.DNST,111.037730406625
EUU,European Union,2013,EN.POP.DNST,110.934402827864
EUU,European Union,2012,EN.POP.DNST,110.883823784719
EUU,European Union,2011,EN.POP.DNST,110.723497638419
EUU,European Union,2010,EN.POP.DNST,110.890000541697
EUU,European Union,2009,EN.POP.DNST,110.750358726035
EUU,European Union,2008,EN.POP.DNST,110.495647070407
EUU,European Union,2007,EN.POP.DNST,110.11009237548
EUU,European Union,2006,EN.POP.DNST,109.724230221686
EUU,European Union,2005,EN.POP.DNST,109.336079475171
HPC,Heavily indebted poor countries (HIPC),2023,EN.POP.DNST,47.205835184396
HPC,Heavily indebted poor countries (HIPC),2022,EN.POP.DNST,46.0033801633778
HPC,Heavily indebted poor countries (HIPC),2021,EN.POP.DNST,44.8236439042871
HPC,Heavily indebted poor countries (HIPC),2020,EN.POP.DNST,43.6323004532062
HPC,Heavily indebted poor countries (HIPC),2019,EN.POP.DNST,42.4755954522814
HPC,Heavily indebted poor countries (HIPC),2018,EN.POP.DNST,41.3110780874532
HPC,Heavily indebted poor countries (HIPC),2017,EN.POP.DNST,40.147761817165
HPC,Heavily indebted poor countries (HIPC),2016,EN.POP.DNST,38.9917786506692
HPC,Heavily indebted poor countries (HIPC),2015,EN.POP.DNST,37.8884098388247
HPC,Heavily indebted poor countries (HIPC),2014,EN.POP.DNST,36.8262117084501
HPC,Heavily indebted poor countries (HIPC),2013,EN.POP.DNST,35.7898493765713
HPC,Heavily indebted poor countries (HIPC),2012,EN.POP.DNST,34.8005566096451
HPC,Heavily indebted poor countries (HIPC),2011,EN.POP.DNST,37.4493259853761
HPC,Heavily indebted poor countries (HIPC),2010,EN.POP.DNST,36.4241716574307
HPC,Heavily indebted poor countries (HIPC),2009,EN.POP.DNST,35.4286247244116
HPC,Heavily indebted poor countries (HIPC),2008,EN.POP.DNST,34.4391953364841
HPC,Heavily indebted poor countries (HIPC),2007,EN.POP.DNST,33.4929445380914
HPC,Heavily indebted poor countries (HIPC),2006,EN.POP.DNST,32.5812983044046
HPC,Heavily indebted poor countries (HIPC),2005,EN.POP.DNST,31.6634299943813
,High income,2023,EN.POP.DNST,27.1982249860451
,High income,2022,EN.POP.DNST,27.0030940724314
,High income,2021,EN.POP.DNST,26.8644658703963
,High income,2020,EN.POP.DNST,26.805040676527
,High income,2019,EN.POP.DNST,26.7407562332035
,High income,2018,EN.POP.DNST,26.6460082284745
,High income,2017,EN.POP.DNST,26.559616576169
,High income,2016,EN.POP.DNST,26.4431373577626
,High income,2015,EN.POP.DNST,26.2894161660926
,High income,2014,EN.POP.DNST,26.1252355290003
,High income,2013,EN.POP.DNST,25.9831278025369
,High income,2012,EN.POP.DNST,25.8352392053992
,High income,2011,EN.POP.DNST,25.6839011579019
,High income,2010,EN.POP.DNST,25.5705677162573
,High income,2009,EN.POP.DNST,25.4576515994462
,High income,2008,EN.POP.DNST,25.3025730470269
,High income,2007,EN.POP.DNST,25.1199074291294
,High income,2006,EN.POP.DNST,24.9527732277616
,High income,2005,EN.POP.DNST,24.8013186146303
IBD,IBRD only,2023,EN.POP.DNST,69.9619999801745
IBD,IBRD only,2022,EN.POP.DNST,69.6239455828173
IBD,IBRD only,2021,EN.POP.DNST,69.298000984857
IBD,IBRD only,2020,EN.POP.DNST,68.9323439726578
IBD,IBRD only,2019,EN.POP.DNST,68.4596455803991
IBD,IBRD only,2018,EN.POP.DNST,67.9217598831189
IBD,IBRD only,2017,EN.POP.DNST,67.3396305931346
IBD,IBRD only,2016,EN.POP.DNST,66.7091262996798
IBD,IBRD only,2015,EN.POP.DNST,66.0768405951305
IBD,IBRD only,2014,EN.POP.DNST,65.4245974940335
IBD,IBRD only,2013,EN.POP.DNST,64.7357474909755
IBD,IBRD only,2012,EN.POP.DNST,64.0307817392054
IBD,IBRD only,2011,EN.POP.DNST,63.3392420682377
IBD,IBRD only,2010,EN.POP.DNST,62.6831543816806
IBD,IBRD only,2009,EN.POP.DNST,62.0430885387988
IBD,IBRD only,2008,EN.POP.DNST,61.4029739441699
IBD,IBRD only,2007,EN.POP.DNST,60.778437444582
IBD,IBRD only,2006,EN.POP.DNST,60.1670471962571
IBD,IBRD only,2005,EN.POP.DNST,59.6193390938655
IBT,IDA & IBRD total,2023,EN.POP.DNST,71.3577355202345
IBT,IDA & IBRD total,2022,EN.POP.DNST,70.6951970242841
IBT,IDA & IBRD total,2021,EN.POP.DNST,70.0492223929812
IBT,IDA & IBRD total,2020,EN.POP.DNST,69.372059230954
IBT,IDA & IBRD total,2019,EN.POP.DNST,68.6296867653256
IBT,IDA & IBRD total,2018,EN.POP.DNST,67.8390373233957
IBT,IDA & IBRD total,2017,EN.POP.DNST,67.0287638694328
IBT,IDA & IBRD total,2016,EN.POP.DNST,66.1952642396838
IBT,IDA & IBRD total,2015,EN.POP.DNST,65.3732186114169
IBT,IDA & IBRD total,2014,EN.POP.DNST,64.5518542758325
IBT,IDA & IBRD total,2013,EN.POP.DNST,63.7056975713582
IBT,IDA & IBRD total,2012,EN.POP.DNST,62.857277009197
IBT,IDA & IBRD total,2011,EN.POP.DNST,63.6580035539893
IBT,IDA & IBRD total,2010,EN.POP.DNST,62.8024679701498
IBT,IDA & IBRD total,2009,EN.POP.DNST,61.9623477403817
IBT,IDA & IBRD total,2008,EN.POP.DNST,61.127738182212
IBT,IDA & IBRD total,2007,EN.POP.DNST,60.3088469742152
IBT,IDA & IBRD total,2006,EN.POP.DNST,59.5041893870548
IBT,IDA & IBRD total,2005,EN.POP.DNST,58.7577273006878
IDB,IDA blend,2023,EN.POP.DNST,135.180658581738
IDB,IDA blend,2022,EN.POP.DNST,132.637309860383
IDB,IDA blend,2021,EN.POP.DNST,130.053372791385
IDB,IDA blend,2020,EN.POP.DNST,127.458062906847
IDB,IDA blend,2019,EN.POP.DNST,124.982588727003
IDB,IDA blend,2018,EN.POP.DNST,122.574692798445
IDB,IDA blend,2017,EN.POP.DNST,120.193691931806
IDB,IDA blend,2016,EN.POP.DNST,117.885625668935
IDB,IDA blend,2015,EN.POP.DNST,115.643018761631
IDB,IDA blend,2014,EN.POP.DNST,113.482474604471
IDB,IDA blend,2013,EN.POP.DNST,111.149837248575
IDB,IDA blend,2012,EN.POP.DNST,108.809489445231
IDB,IDA blend,2011,EN.POP.DNST,106.36032982086
IDB,IDA blend,2010,EN.POP.DNST,103.794019345103
IDB,IDA blend,2009,EN.POP.DNST,101.177378451268
IDB,IDA blend,2008,EN.POP.DNST,98.5976026018541
IDB,IDA blend,2007,EN.POP.DNST,96.0455757341829
IDB,IDA blend,2006,EN.POP.DNST,93.581637179149
IDB,IDA blend,2005,EN.POP.DNST,91.2826088936342
IDX,IDA only,2023,EN.POP.DNST,60.8242825383503
IDX,IDA only,2022,EN.POP.DNST,59.4890725852722
IDX,IDA only,2021,EN.POP.DNST,58.1995885902297
IDX,IDA only,2020,EN.POP.DNST,56.9033400436126
IDX,IDA only,2019,EN.POP.DNST,55.6396469510615
IDX,IDA only,2018,EN.POP.DNST,54.3664032041601
IDX,IDA only,2017,EN.POP.DNST,53.1476334526716
IDX,IDA only,2016,EN.POP.DNST,51.9693525448809
IDX,IDA only,2015,EN.POP.DNST,50.8354289204993
IDX,IDA only,2014,EN.POP.DNST,49.7659149138026
IDX,IDA only,2013,EN.POP.DNST,48.731601106062
IDX,IDA only,2012,EN.POP.DNST,47.743623737219
IDX,IDA only,2011,EN.POP.DNST,53.22658863378
IDX,IDA only,2010,EN.POP.DNST,52.0499710116481
IDX,IDA only,2009,EN.POP.DNST,50.9042436253728
IDX,IDA only,2008,EN.POP.DNST,49.7778474851127
IDX,IDA only,2007,EN.POP.DNST,48.6646138101008
IDX,IDA only,2006,EN.POP.DNST,47.5497426927482
IDX,IDA only,2005,EN.POP.DNST,46.4466700324973
IDA,IDA total,2023,EN.POP.DNST,75.2603821185522
IDA,IDA total,2022,EN.POP.DNST,73.6904615838757
IDA,IDA total,2021,EN.POP.DNST,72.1497136985154
IDA,IDA total,2020,EN.POP.DNST,70.6012911955697
IDA,IDA total,2019,EN.POP.DNST,69.1053682381174
IDA,IDA total,2018,EN.POP.DNST,67.6076087927644
IDA,IDA total,2017,EN.POP.DNST,66.159005374177
IDA,IDA total,2016,EN.POP.DNST,64.7573228228482
IDA,IDA total,2015,EN.POP.DNST,63.4041579812955
IDA,IDA total,2014,EN.POP.DNST,62.1089344175443
IDA,IDA total,2013,EN.POP.DNST,60.8225286796942
IDA,IDA total,2012,EN.POP.DNST,59.5725569656392
IDA,IDA total,2011,EN.POP.DNST,64.6481177321231
IDA,IDA total,2010,EN.POP.DNST,63.1730750822782
IDA,IDA total,2009,EN.POP.DNST,61.7115486838832
IDA,IDA total,2008,EN.POP.DNST,60.2727642451345
IDA,IDA total,2007,EN.POP.DNST,58.8501461367265
IDA,IDA total,2006,EN.POP.DNST,57.4450984313673
IDA,IDA total,2005,EN.POP.DNST,56.0850013475858
LTE,Late-demographic dividend,2023,EN.POP.DNST,52.2339399382844
LTE,Late-demographic dividend,2022,EN.POP.DNST,52.1793552830029
LTE,Late-demographic dividend,2021,EN.POP.DNST,52.0968624093197
LTE,Late-demographic dividend,2020,EN.POP.DNST,52.0075777068734
LTE,Late-demographic dividend,2019,EN.POP.DNST,51.8569344666989
LTE,Late-demographic dividend,2018,EN.POP.DNST,51.6220327311281
LTE,Late-demographic dividend,2017,EN.POP.DNST,51.3413723858099
LTE,Late-demographic dividend,2016,EN.POP.DNST,51.0030271729307
LTE,Late-demographic dividend,2015,EN.POP.DNST,50.6732232074435
LTE,Late-demographic dividend,2014,EN.POP.DNST,50.3353116598204
LTE,Late-demographic dividend,2013,EN.POP.DNST,49.9715537391357
LTE,Late-demographic dividend,2012,EN.POP.DNST,49.6199977803342
LTE,Late-demographic dividend,2011,EN.POP.DNST,49.2573421756937
LTE,Late-demographic dividend,2010,EN.POP.DNST,48.9508454672571
LTE,Late-demographic dividend,2009,EN.POP.DNST,48.6767234859002
LTE,Late-demographic dividend,2008,EN.POP.DNST,48.3767096734734
LTE,Late-demographic dividend,2007,EN.POP.DNST,48.0619705322459
LTE,Late-demographic dividend,2006,EN.POP.DNST,47.750641833215
LTE,Late-demographic dividend,2005,EN.POP.DNST,47.5540348054057
LCN,Latin America & Caribbean,2023,EN.POP.DNST,32.7895442852982
LCN,Latin America & Caribbean,2022,EN.POP.DNST,32.5647506608627
LCN,Latin America & Caribbean,2021,EN.POP.DNST,32.3696074286516
LCN,Latin America & Caribbean,2020,EN.POP.DNST,32.1832429936695
LCN,Latin America & Caribbean,2019,EN.POP.DNST,31.9798810969809
LCN,Latin America & Caribbean,2018,EN.POP.DNST,31.7219036304868
LCN,Latin America & Caribbean,2017,EN.POP.DNST,31.4544082257046
LCN,Latin America & Caribbean,2016,EN.POP.DNST,31.1707723980073
LCN,Latin America & Caribbean,2015,EN.POP.DNST,30.8787654817007
LCN,Latin America & Caribbean,2014,EN.POP.DNST,30.5785633447624
LCN,Latin America & Caribbean,2013,EN.POP.DNST,30.2674745867114
LCN,Latin America & Caribbean,2012,EN.POP.DNST,29.9513839091708
LCN,Latin America & Caribbean,2011,EN.POP.DNST,29.6351277053727
LCN,Latin America & Caribbean,2010,EN.POP.DNST,29.3205404252576
LCN,Latin America & Caribbean,2009,EN.POP.DNST,29.0030480416402
LCN,Latin America & Caribbean,2008,EN.POP.DNST,28.6798177861617
LCN,Latin America & Caribbean,2007,EN.POP.DNST,28.3523925287658
LCN,Latin America & Caribbean,2006,EN.POP.DNST,28.0234967476479
LCN,Latin America & Caribbean,2005,EN.POP.DNST,27.6926786911619
LAC,Latin America & Caribbean (excluding high income),2023,EN.POP.DNST,32.9281686154836
LAC,Latin America & Caribbean (excluding high income),2022,EN.POP.DNST,32.6976061523693
LAC,Latin America & Caribbean (excluding high income),2021,EN.POP.DNST,32.4961757535626
LAC,Latin America & Caribbean (excluding high income),2020,EN.POP.DNST,32.305153775913
LAC,Latin America & Caribbean (excluding high income),2019,EN.POP.DNST,32.0768842502868
LAC,Latin America & Caribbean (excluding high income),2018,EN.POP.DNST,31.824711659145
LAC,Latin America & Caribbean (excluding high income),2017,EN.POP.DNST,31.5586042214517
LAC,Latin America & Caribbean (excluding high income),2016,EN.POP.DNST,31.2750399720565
LAC,Latin America & Caribbean (excluding high income),2015,EN.POP.DNST,30.9789770366851
LAC,Latin America & Caribbean (excluding high income),2014,EN.POP.DNST,30.6737409974707
LAC,Latin America & Caribbean (excluding high income),2013,EN.POP.DNST,30.3599904003933
LAC,Latin America & Caribbean (excluding high income),2012,EN.POP.DNST,30.0379370411482
LAC,Latin America & Caribbean (excluding high income),2011,EN.POP.DNST,29.7154598547994
LAC,Latin America & Caribbean (excluding high income),2010,EN.POP.DNST,29.3940846179621
LAC,Latin America & Caribbean (excluding high income),2009,EN.POP.DNST,29.0712412420028
LAC,Latin America & Caribbean (excluding high income),2008,EN.POP.DNST,28.7418557240293
LAC,Latin America & Caribbean (excluding high income),2007,EN.POP.DNST,28.4079343535883
LAC,Latin America & Caribbean (excluding high income),2006,EN.POP.DNST,28.0720558321207
LAC,Latin America & Caribbean (excluding high income),2005,EN.POP.DNST,27.7342543400567
TLA,Latin America & the Caribbean (IDA & IBRD countries),2023,EN.POP.DNST,32.231742223627
TLA,Latin America & the Caribbean (IDA & IBRD countries),2022,EN.POP.DNST,32.0029420598489
TLA,Latin America & the Caribbean (IDA & IBRD countries),2021,EN.POP.DNST,31.8014346265164
TLA,Latin America & the Caribbean (IDA & IBRD countries),2020,EN.POP.DNST,31.6102039142227
TLA,Latin America & the Caribbean (IDA & IBRD countries),2019,EN.POP.DNST,31.4027489621995
TLA,Latin America & the Caribbean (IDA & IBRD countries),2018,EN.POP.DNST,31.1427077909886
TLA,Latin America & the Caribbean (IDA & IBRD countries),2017,EN.POP.DNST,30.866769214003
TLA,Latin America & the Caribbean (IDA & IBRD countries),2016,EN.POP.DNST,30.5775905817578
TLA,Latin America & the Caribbean (IDA & IBRD countries),2015,EN.POP.DNST,30.2810076969361
TLA,Latin America & the Caribbean (IDA & IBRD countries),2014,EN.POP.DNST,29.9763215378586
TLA,Latin America & the Caribbean (IDA & IBRD countries),2013,EN.POP.DNST,29.6612633119693
TLA,Latin America & the Caribbean (IDA & IBRD countries),2012,EN.POP.DNST,29.3456982827995
TLA,Latin America & the Caribbean (IDA & IBRD countries),2011,EN.POP.DNST,29.0267758338296
TLA,Latin America & the Caribbean (IDA & IBRD countries),2010,EN.POP.DNST,28.7079897400323
TLA,Latin America & the Caribbean (IDA & IBRD countries),2009,EN.POP.DNST,28.3883302401452
TLA,Latin America & the Caribbean (IDA & IBRD countries),2008,EN.POP.DNST,28.0626989258994
TLA,Latin America & the Caribbean (IDA & IBRD countries),2007,EN.POP.DNST,27.7328975330975
TLA,Latin America & the Caribbean (IDA & IBRD countries),2006,EN.POP.DNST,27.4018628690075
TLA,Latin America & the Caribbean (IDA & IBRD countries),2005,EN.POP.DNST,27.0696545262619
LDC,Least developed countries: UN classification,2023,EN.POP.DNST,56.9649505268161
LDC,Least developed countries: UN classification,2022,EN.POP.DNST,55.6782756758275
LDC,Least developed countries: UN classification,2021,EN.POP.DNST,54.4342728173392
LDC,Least developed countries: UN classification,2020,EN.POP.DNST,53.1830000875333
LDC,Least developed countries: UN classification,2019,EN.POP.DNST,51.9261776791985
LDC,Least developed countries: UN classification,2018,EN.POP.DNST,50.7051020561144
LDC,Least developed countries: UN classification,2017,EN.POP.DNST,49.5237743451998
LDC,Least developed countries: UN classification,2016,EN.POP.DNST,48.369244968772
LDC,Least developed countries: UN classification,2015,EN.POP.DNST,47.2466657749518
LDC,Least developed countries: UN classification,2014,EN.POP.DNST,46.1579947750621
LDC,Least developed countries: UN classification,2013,EN.POP.DNST,45.0789648935615
LDC,Least developed countries: UN classification,2012,EN.POP.DNST,44.0204956941845
LDC,Least developed countries: UN classification,2011,EN.POP.DNST,49.0078641347733
LDC,Least developed countries: UN classification,2010,EN.POP.DNST,47.8705097847789
LDC,Least developed countries: UN classification,2009,EN.POP.DNST,46.7705422024535
LDC,Least developed countries: UN classification,2008,EN.POP.DNST,45.6825799204958
LDC,Least developed countries: UN classification,2007,EN.POP.DNST,44.6315328716539
LDC,Least developed countries: UN classification,2006,EN.POP.DNST,43.6078010868618
LDC,Least developed countries: UN classification,2005,EN.POP.DNST,42.5733305706912
LMY,Low & middle income,2023,EN.POP.DNST,85.3281404707501
LMY,Low & middle income,2022,EN.POP.DNST,84.5049753599971
LMY,Low & middle income,2021,EN.POP.DNST,83.6989426440246
LMY,Low & middle income,2020,EN.POP.DNST,82.8512369560038
LMY,Low & middle income,2019,EN.POP.DNST,81.9135808879743
LMY,Low & middle income,2018,EN.POP.DNST,80.9399909090512
LMY,Low & middle income,2017,EN.POP.DNST,79.943524717515
LMY,Low & middle income,2016,EN.POP.DNST,78.9188617661408
LMY,Low & middle income,2015,EN.POP.DNST,77.9091147515093
LMY,Low & middle income,2014,EN.POP.DNST,76.9015603221378
LMY,Low & middle income,2013,EN.POP.DNST,75.8645196878609
LMY,Low & middle income,2012,EN.POP.DNST,74.820053373175
LMY,Low & middle income,2011,EN.POP.DNST,76.2128815618833
LMY,Low & middle income,2010,EN.POP.DNST,75.154241027733
LMY,Low & middle income,2009,EN.POP.DNST,74.1112567782416
LMY,Low & middle income,2008,EN.POP.DNST,73.0752431434163
LMY,Low & middle income,2007,EN.POP.DNST,72.0558293616596
LMY,Low & middle income,2006,EN.POP.DNST,71.0509634034925
LMY,Low & middle income,2005,EN.POP.DNST,70.1359477381372
,Low income,2023,EN.POP.DNST,49.4971885123774
,Low income,2022,EN.POP.DNST,48.1776021431386
,Low income,2021,EN.POP.DNST,46.9224414364952
,Low income,2020,EN.POP.DNST,45.6670772748648
,Low income,2019,EN.POP.DNST,44.3984380724091
,Low income,2018,EN.POP.DNST,43.150911734151
,Low income,2017,EN.POP.DNST,41.9646755108913
,Low income,2016,EN.POP.DNST,40.8421348152716
,Low income,2015,EN.POP.DNST,39.7872891377062
,Low income,2014,EN.POP.DNST,38.8073512970321
,Low income,2013,EN.POP.DNST,37.8629206901198
,Low income,2012,EN.POP.DNST,36.9173252663892
,Low income,2011,EN.POP.DNST,43.3016971861972
,Low income,2010,EN.POP.DNST,42.1074736249062
,Low income,2009,EN.POP.DNST,40.9376837881433
,Low income,2008,EN.POP.DNST,39.7896754526954
,Low income,2007,EN.POP.DNST,38.6677904909807
,Low income,2006,EN.POP.DNST,37.5498913845629
,Low income,2005,EN.POP.DNST,36.4489177292499
,Lower middle income,2023,EN.POP.DNST,151.987919406264
,Lower middle income,2022,EN.POP.DNST,150.012819258497
,Lower middle income,2021,EN.POP.DNST,148.138724399144
,Lower middle income,2020,EN.POP.DNST,146.260142750133
,Lower middle income,2019,EN.POP.DNST,144.317874619868
,Lower middle income,2018,EN.POP.DNST,142.386868567619
,Lower middle income,2017,EN.POP.DNST,140.432757761275
,Lower middle income,2016,EN.POP.DNST,138.421426921382
,Lower middle income,2015,EN.POP.DNST,136.388369358499
,Lower middle income,2014,EN.POP.DNST,134.382276265007
,Lower middle income,2013,EN.POP.DNST,132.257116645527
,Lower middle income,2012,EN.POP.DNST,130.113349840361
,Lower middle income,2011,EN.POP.DNST,127.961852137897
,Lower middle income,2010,EN.POP.DNST,125.795791166464
,Lower middle income,2009,EN.POP.DNST,123.631923192532
,Lower middle income,2008,EN.POP.DNST,121.506757723357
,Lower middle income,2007,EN.POP.DNST,119.405378488484
,Lower middle income,2006,EN.POP.DNST,117.297293779011
,Lower middle income,2005,EN.POP.DNST,115.211660499761
MEA,"Middle East, North Africa, Afghanistan & Pakistan",2023,EN.POP.DNST,63.1160102273383
MEA,"Middle East, North Africa, Afghanistan & Pakistan",2022,EN.POP.DNST,61.8936069908227
MEA,"Middle East, North Africa, Afghanistan & Pakistan",2021,EN.POP.DNST,60.7250431143297
MEA,"Middle East, North Africa, Afghanistan & Pakistan",2020,EN.POP.DNST,59.8411531477421
MEA,"Middle East, North Africa, Afghanistan & Pakistan",2019,EN.POP.DNST,58.7580608208057
MEA,"Middle East, North Africa, Afghanistan & Pakistan",2018,EN.POP.DNST,57.7809296801308
MEA,"Middle East, North Africa, Afghanistan & Pakistan",2017,EN.POP.DNST,56.8731349878273
MEA,"Middle East, North Africa, Afghanistan & Pakistan",2016,EN.POP.DNST,55.9068416627011
MEA,"Middle East, North Africa, Afghanistan & Pakistan",2015,EN.POP.DNST,54.8954519831127
MEA,"Middle East, North Africa, Afghanistan & Pakistan",2014,EN.POP.DNST,53.8266969644997
MEA,"Middle East, North Africa, Afghanistan & Pakistan",2013,EN.POP.DNST,52.7782720181475
MEA,"Middle East, North Africa, Afghanistan & Pakistan",2012,EN.POP.DNST,51.6553996438614
MEA,"Middle East, North Africa, Afghanistan & Pakistan",2011,EN.POP.DNST,50.5310468130288
MEA,"Middle East, North Africa, Afghanistan & Pakistan",2010,EN.POP.DNST,49.4062557722331
MEA,"Middle East, North Africa, Afghanistan & Pakistan",2009,EN.POP.DNST,48.402001856602
MEA,"Middle East, North Africa, Afghanistan & Pakistan",2008,EN.POP.DNST,47.2595728449152
MEA,"Middle East, North Africa, Afghanistan & Pakistan",2007,EN.POP.DNST,46.1484567476675
MEA,"Middle East, North Africa, Afghanistan & Pakistan",2006,EN.POP.DNST,45.0539715429544
MEA,"Middle East, North Africa, Afghanistan & Pakistan",2005,EN.POP.DNST,43.972037001608
MNA,"Middle East, North Africa, Afghanistan & Pakistan (excluding high income)",2023,EN.POP.DNST,72.4876135406796
MNA,"Middle East, North Africa, Afghanistan & Pakistan (excluding high income)",2022,EN.POP.DNST,71.237977506172
MNA,"Middle East, North Africa, Afghanistan & Pakistan (excluding high income)",2021,EN.POP.DNST,70.039935736465
MNA,"Middle East, North Africa, Afghanistan & Pakistan (excluding high income)",2020,EN.POP.DNST,68.8541652705908
MNA,"Middle East, North Africa, Afghanistan & Pakistan (excluding high income)",2019,EN.POP.DNST,67.6570003203435
MNA,"Middle East, North Africa, Afghanistan & Pakistan (excluding high income)",2018,EN.POP.DNST,66.4596824458768
MNA,"Middle East, North Africa, Afghanistan & Pakistan (excluding high income)",2017,EN.POP.DNST,65.2984288331834
MNA,"Middle East, North Africa, Afghanistan & Pakistan (excluding high income)",2016,EN.POP.DNST,64.1718148657434
MNA,"Middle East, North Africa, Afghanistan & Pakistan (excluding high income)",2015,EN.POP.DNST,63.1299804385823
MNA,"Middle East, North Africa, Afghanistan & Pakistan (excluding high income)",2014,EN.POP.DNST,62.058006211722
MNA,"Middle East, North Africa, Afghanistan & Pakistan (excluding high income)",2013,EN.POP.DNST,60.9240087486355
MNA,"Middle East, North Africa, Afghanistan & Pakistan (excluding high income)",2012,EN.POP.DNST,59.7718279995111
MNA,"Middle East, North Africa, Afghanistan & Pakistan (excluding high income)",2011,EN.POP.DNST,58.5873598896704
MNA,"Middle East, North Africa, Afghanistan & Pakistan (excluding high income)",2010,EN.POP.DNST,57.3701971008675
MNA,"Middle East, North Africa, Afghanistan & Pakistan (excluding high income)",2009,EN.POP.DNST,56.142268888359
MNA,"Middle East, North Africa, Afghanistan & Pakistan (excluding high income)",2008,EN.POP.DNST,54.9008576613877
MNA,"Middle East, North Africa, Afghanistan & Pakistan (excluding high income)",2007,EN.POP.DNST,53.7243409348052
MNA,"Middle East, North Africa, Afghanistan & Pakistan (excluding high income)",2006,EN.POP.DNST,52.5641919558156
MNA,"Middle East, North Africa, Afghanistan & Pakistan (excluding high income)",2005,EN.POP.DNST,51.3806494391487
TMN,"Middle East, North Africa, Afghanistan & Pakistan (IDA & IBRD)",2023,EN.POP.DNST,72.0171531170022
TMN,"Middle East, North Africa, Afghanistan & Pakistan (IDA & IBRD)",2022,EN.POP.DNST,70.7789212503783
TMN,"Middle East, North Africa, Afghanistan & Pakistan (IDA & IBRD)",2021,EN.POP.DNST,69.5921852451478
TMN,"Middle East, North Africa, Afghanistan & Pakistan (IDA & IBRD)",2020,EN.POP.DNST,68.4175560643355
TMN,"Middle East, North Africa, Afghanistan & Pakistan (IDA & IBRD)",2019,EN.POP.DNST,67.2314094979135
TMN,"Middle East, North Africa, Afghanistan & Pakistan (IDA & IBRD)",2018,EN.POP.DNST,66.0449357978312
TMN,"Middle East, North Africa, Afghanistan & Pakistan (IDA & IBRD)",2017,EN.POP.DNST,64.8943558936358
TMN,"Middle East, North Africa, Afghanistan & Pakistan (IDA & IBRD)",2016,EN.POP.DNST,63.7760400764393
TMN,"Middle East, North Africa, Afghanistan & Pakistan (IDA & IBRD)",2015,EN.POP.DNST,62.7432255878524
TMN,"Middle East, North Africa, Afghanistan & Pakistan (IDA & IBRD)",2014,EN.POP.DNST,61.6802231974817
TMN,"Middle East, North Africa, Afghanistan & Pakistan (IDA & IBRD)",2013,EN.POP.DNST,60.5551600896305
TMN,"Middle East, North Africa, Afghanistan & Pakistan (IDA & IBRD)",2012,EN.POP.DNST,59.411911671573
TMN,"Middle East, North Africa, Afghanistan & Pakistan (IDA & IBRD)",2011,EN.POP.DNST,58.2363795525518
TMN,"Middle East, North Africa, Afghanistan & Pakistan (IDA & IBRD)",2010,EN.POP.DNST,57.0281145951084
TMN,"Middle East, North Africa, Afghanistan & Pakistan (IDA & IBRD)",2009,EN.POP.DNST,55.8091016644827
TMN,"Middle East, North Africa, Afghanistan & Pakistan (IDA & IBRD)",2008,EN.POP.DNST,54.5766841700883
TMN,"Middle East, North Africa, Afghanistan & Pakistan (IDA & IBRD)",2007,EN.POP.DNST,53.4091525700013
TMN,"Middle East, North Africa, Afghanistan & Pakistan (IDA & IBRD)",2006,EN.POP.DNST,52.2570719459928
TMN,"Middle East, North Africa, Afghanistan & Pakistan (IDA & IBRD)",2005,EN.POP.DNST,51.0813612608117
MIC,Middle income,2023,EN.POP.DNST,93.6440268965279
MIC,Middle income,2022,EN.POP.DNST,92.9361744263473
MIC,Middle income,2021,EN.POP.DNST,92.234226463762
MIC,Middle income,2020,EN.POP.DNST,91.4831393791852
MIC,Middle income,2019,EN.POP.DNST,90.6221515864228
MIC,Middle income,2018,EN.POP.DNST,89.7123951829397
MIC,Middle income,2017,EN.POP.DNST,88.7602488207185
MIC,Middle income,2016,EN.POP.DNST,87.7576728482734
MIC,Middle income,2015,EN.POP.DNST,86.7586184600428
MIC,Middle income,2014,EN.POP.DNST,85.7454669653497
MIC,Middle income,2013,EN.POP.DNST,84.686818817856
MIC,Middle income,2012,EN.POP.DNST,83.6189877944695
MIC,Middle income,2011,EN.POP.DNST,82.5529219708055
MIC,Middle income,2010,EN.POP.DNST,81.5202823280176
MIC,Middle income,2009,EN.POP.DNST,80.5013968904064
MIC,Middle income,2008,EN.POP.DNST,79.4866769881374
MIC,Middle income,2007,EN.POP.DNST,78.4870213627798
MIC,Middle income,2006,EN.POP.DNST,77.5038688410477
MIC,Middle income,2005,EN.POP.DNST,76.6353261093512
NAC,North America,2023,EN.POP.DNST,21.0116626879289
NAC,North America,2022,EN.POP.DNST,20.7965859943152
NAC,North America,2021,EN.POP.DNST,20.6512647569097
NAC,North America,2020,EN.POP.DNST,20.4090883795254
NAC,North America,2019,EN.POP.DNST,20.3117942386777
NAC,North America,2018,EN.POP.DNST,20.1879719521777
NAC,North America,2017,EN.POP.DNST,20.052778591187
NAC,North America,2016,EN.POP.DNST,19.9042852164603
NAC,North America,2015,EN.POP.DNST,19.7417224937758
NAC,North America,2014,EN.POP.DNST,19.5855960648071
NAC,North America,2013,EN.POP.DNST,19.4263570205461
NAC,North America,2012,EN.POP.DNST,19.27427297778
NAC,North America,2011,EN.POP.DNST,19.1156181527322
NAC,North America,2010,EN.POP.DNST,18.961333874821
NAC,North America,2009,EN.POP.DNST,18.7966631708473
NAC,North America,2008,EN.POP.DNST,18.6276912619533
NAC,North America,2007,EN.POP.DNST,18.4350805767394
NAC,North America,2006,EN.POP.DNST,18.2602548803579
NAC,North America,2005,EN.POP.DNST,18.0841751268952
OED,OECD members,2023,EN.POP.DNST,39.2902393489606
OED,OECD members,2022,EN.POP.DNST,39.0285725109969
OED,OECD members,2021,EN.POP.DNST,38.8356318373288
OED,OECD members,2020,EN.POP.DNST,38.5725607751364
OED,OECD members,2019,EN.POP.DNST,38.4262499446446
OED,OECD members,2018,EN.POP.DNST,38.2029595821783
OED,OECD members,2017,EN.POP.DNST,37.9763921883832
OED,OECD members,2016,EN.POP.DNST,37.7507097877999
OED,OECD members,2015,EN.POP.DNST,37.5235307803379
OED,OECD members,2014,EN.POP.DNST,37.2914841818809
OED,OECD members,2013,EN.POP.DNST,37.0639566204541
OED,OECD members,2012,EN.POP.DNST,36.8486121142863
OED,OECD members,2011,EN.POP.DNST,36.6211200858081
OED,OECD members,2010,EN.POP.DNST,36.4252522859225
OED,OECD members,2009,EN.POP.DNST,36.1807722579171
OED,OECD members,2008,EN.POP.DNST,35.9206759845273
OED,OECD members,2007,EN.POP.DNST,35.6243084290218
OED,OECD members,2006,EN.POP.DNST,35.3714168348672
OED,OECD members,2005,EN.POP.DNST,35.1147541586383
OSS,Other small states,2023,EN.POP.DNST,46.6435815726675
OSS,Other small states,2022,EN.POP.DNST,46.1953342694381
OSS,Other small states,2021,EN.POP.DNST,45.6204722862817
OSS,Other small states,2020,EN.POP.DNST,45.1674062811457
OSS,Other small states,2019,EN.POP.DNST,44.6748012134527
OSS,Other small states,2018,EN.POP.DNST,44.1414058010025
OSS,Other small states,2017,EN.POP.DNST,43.702265785042
OSS,Other small states,2016,EN.POP.DNST,43.0881692127593
OSS,Other small states,2015,EN.POP.DNST,42.6214772665297
OSS,Other small states,2014,EN.POP.DNST,42.1444543421746
OSS,Other small states,2013,EN.POP.DNST,41.6913810969513
OSS,Other small states,2012,EN.POP.DNST,41.4158602690223
OSS,Other small states,2011,EN.POP.DNST,40.9783139566717
OSS,Other small states,2010,EN.POP.DNST,40.5582215279501
OSS,Other small states,2009,EN.POP.DNST,40.1096653868053
OSS,Other small states,2008,EN.POP.DNST,39.6464078718776
OSS,Other small states,2007,EN.POP.DNST,39.1636312539235
OSS,Other small states,2006,EN.POP.DNST,38.692760266873
OSS,Other small states,2005,EN.POP.DNST,40.2238598592144
PSS,Pacific island small states,2023,EN.POP.DNST,41.920872954014
PSS,Pacific island small states,2022,EN.POP.DNST,41.4037256430242
PSS,Pacific island small states,2021,EN.POP.DNST,40.9274045206547
PSS,Pacific island small states,2020,EN.POP.DNST,40.460202650039
PSS,Pacific island small states,2019,EN.POP.DNST,40.0414029618083
PSS,Pacific island small states,2018,EN.POP.DNST,39.626017147311
PSS,Pacific island small states,2017,EN.POP.DNST,39.1270303975058
PSS,Pacific island small states,2016,EN.POP.DNST,38.5949221183801
PSS,Pacific island small states,2015,EN.POP.DNST,38.0995171339564
PSS,Pacific island small states,2014,EN.POP.DNST,37.6065109034268
PSS,Pacific island small states,2013,EN.POP.DNST,37.1173052959502
PSS,Pacific island small states,2012,EN.POP.DNST,36.6343302180685
PSS,Pacific island small states,2011,EN.POP.DNST,36.1510747663551
PSS,Pacific island small states,2010,EN.POP.DNST,35.6604205607477
PSS,Pacific island small states,2009,EN.POP.DNST,35.2407476635514
PSS,Pacific island small states,2008,EN.POP.DNST,34.902476635514
PSS,Pacific island small states,2007,EN.POP.DNST,34.5518691588785
PSS,Pacific island small states,2006,EN.POP.DNST,34.1785825545171
PSS,Pacific island small states,2005,EN.POP.DNST,33.8010747663551
PST,Post-demographic dividend,2023,EN.POP.DNST,35.9838778151555
PST,Post-demographic dividend,2022,EN.POP.DNST,35.8606671138203
PST,Post-demographic dividend,2021,EN.POP.DNST,35.8335900785854
PST,Post-demographic dividend,2020,EN.POP.DNST,35.645038110336
PST,Post-demographic dividend,2019,EN.POP.DNST,35.5768522669097
PST,Post-demographic dividend,2018,EN.POP.DNST,35.4558483313159
PST,Post-demographic dividend,2017,EN.POP.DNST,35.3303216529276
PST,Post-demographic dividend,2016,EN.POP.DNST,35.1962412344563
PST,Post-demographic dividend,2015,EN.POP.DNST,35.0454918206267
PST,Post-demographic dividend,2014,EN.POP.DNST,34.889714259728
PST,Post-demographic dividend,2013,EN.POP.DNST,34.7434498015019
PST,Post-demographic dividend,2012,EN.POP.DNST,34.6060929359849
PST,Post-demographic dividend,2011,EN.POP.DNST,34.455496268116
PST,Post-demographic dividend,2010,EN.POP.DNST,34.3517461686716
PST,Post-demographic dividend,2009,EN.POP.DNST,34.190839694404
PST,Post-demographic dividend,2008,EN.POP.DNST,34.0157543089276
PST,Post-demographic dividend,2007,EN.POP.DNST,33.7934923154577
PST,Post-demographic dividend,2006,EN.POP.DNST,33.5931517819595
PST,Post-demographic dividend,2005,EN.POP.DNST,33.4098355655734
PRE,Pre-demographic dividend,2023,EN.POP.DNST,53.0075842168783
PRE,Pre-demographic dividend,2022,EN.POP.DNST,51.6806949002944
PRE,Pre-demographic dividend,2021,EN.POP.DNST,50.3932143981005
PRE,Pre-demographic dividend,2020,EN.POP.DNST,49.1004953080215
PRE,Pre-demographic dividend,2019,EN.POP.DNST,47.8115645412028
PRE,Pre-demographic dividend,2018,EN.POP.DNST,46.5392513913848
PRE,Pre-demographic dividend,2017,EN.POP.DNST,45.279598210601
PRE,Pre-demographic dividend,2016,EN.POP.DNST,44.0407042545773
PRE,Pre-demographic dividend,2015,EN.POP.DNST,42.8344074722457
PRE,Pre-demographic dividend,2014,EN.POP.DNST,41.6514579259592
PRE,Pre-demographic dividend,2013,EN.POP.DNST,40.458143517328
PRE,Pre-demographic dividend,2012,EN.POP.DNST,39.2712253306506
PRE,Pre-demographic dividend,2011,EN.POP.DNST,43.4697162964743
PRE,Pre-demographic dividend,2010,EN.POP.DNST,42.2063155881595
PRE,Pre-demographic dividend,2009,EN.POP.DNST,40.9856817012846
PRE,Pre-demographic dividend,2008,EN.POP.DNST,39.7710440207418
PRE,Pre-demographic dividend,2007,EN.POP.DNST,38.6436566848805
PRE,Pre-demographic dividend,2006,EN.POP.DNST,37.6053433784956
PRE,Pre-demographic dividend,2005,EN.POP.DNST,36.5442092988227
SST,Small states,2023,EN.POP.DNST,26.6421485673445
SST,Small states,2022,EN.POP.DNST,26.4041388992376
SST,Small states,2021,EN.POP.DNST,26.129704756552
SST,Small states,2020,EN.POP.DNST,25.8977652198983
SST,Small states,2019,EN.POP.DNST,26.157554001711
SST,Small states,2018,EN.POP.DNST,25.8745222195669
SST,Small states,2017,EN.POP.DNST,25.5970204103524
SST,Small states,2016,EN.POP.DNST,25.30673344668
SST,Small states,2015,EN.POP.DNST,25.0522020897752
SST,Small states,2014,EN.POP.DNST,24.7939970826117
SST,Small states,2013,EN.POP.DNST,24.5433988583401
SST,Small states,2012,EN.POP.DNST,24.3340222188766
SST,Small states,2011,EN.POP.DNST,24.0920849210761
SST,Small states,2010,EN.POP.DNST,23.8561525796908
SST,Small states,2009,EN.POP.DNST,23.6168770741806
SST,Small states,2008,EN.POP.DNST,23.3853399685667
SST,Small states,2007,EN.POP.DNST,23.139797458615
SST,Small states,2006,EN.POP.DNST,22.8969574840419
SST,Small states,2005,EN.POP.DNST,23.0888082733534
SAS,South Asia,2023,EN.POP.DNST,496.764562339512
SAS,South Asia,2022,EN.POP.DNST,492.36938394431
SAS,South Asia,2021,EN.POP.DNST,488.431572059838
SAS,South Asia,2020,EN.POP.DNST,484.334799417988
SAS,South Asia,2019,EN.POP.DNST,479.655227185199
SAS,South Asia,2018,EN.POP.DNST,474.800737015142
SAS,South Asia,2017,EN.POP.DNST,469.82322835622
SAS,South Asia,2016,EN.POP.DNST,464.622057592857
SAS,South Asia,2015,EN.POP.DNST,459.325034807082
SAS,South Asia,2014,EN.POP.DNST,453.976476752004
SAS,South Asia,2013,EN.POP.DNST,448.546924775609
SAS,South Asia,2012,EN.POP.DNST,443.137785083324
SAS,South Asia,2011,EN.POP.DNST,437.408578434374
SAS,South Asia,2010,EN.POP.DNST,431.612115524143
SAS,South Asia,2009,EN.POP.DNST,425.75854200787
SAS,South Asia,2008,EN.POP.DNST,419.986744874377
SAS,South Asia,2007,EN.POP.DNST,414.28225328772
SAS,South Asia,2006,EN.POP.DNST,408.379305503822
SAS,South Asia,2005,EN.POP.DNST,402.315400660187
TSA,South Asia (IDA & IBRD),2023,EN.POP.DNST,496.764562339512
TSA,South Asia (IDA & IBRD),2022,EN.POP.DNST,492.36938394431
TSA,South Asia (IDA & IBRD),2021,EN.POP.DNST,488.431572059838
TSA,South Asia (IDA & IBRD),2020,EN.POP.DNST,484.334799417988
TSA,South Asia (IDA & IBRD),2019,EN.POP.DNST,479.655227185199
TSA,South Asia (IDA & IBRD),2018,EN.POP.DNST,474.800737015142
TSA,South Asia (IDA & IBRD),2017,EN.POP.DNST,469.82322835622
TSA,South Asia (IDA & IBRD),2016,EN.POP.DNST,464.622057592857
TSA,South Asia (IDA & IBRD),2015,EN.POP.DNST,459.325034807082
TSA,South Asia (IDA & IBRD),2014,EN.POP.DNST,453.976476752004
TSA,South Asia (IDA & IBRD),2013,EN.POP.DNST,448.546924775609
TSA,South Asia (IDA & IBRD),2012,EN.POP.DNST,443.137785083324
TSA,South Asia (IDA & IBRD),2011,EN.POP.DNST,437.408578434374
TSA,South Asia (IDA & IBRD),2010,EN.POP.DNST,431.612115524143
TSA,South Asia (IDA & IBRD),2009,EN.POP.DNST,425.75854200787
TSA,South Asia (IDA & IBRD),2008,EN.POP.DNST,419.986744874377
TSA,South Asia (IDA & IBRD),2007,EN.POP.DNST,414.28225328772
TSA,South Asia (IDA & IBRD),2006,EN.POP.DNST,408.379305503822
TSA,South Asia (IDA & IBRD),2005,EN.POP.DNST,402.315400660187
SSF,Sub-Saharan Africa,2023,EN.POP.DNST,52.6639815629256
SSF,Sub-Saharan Africa,2022,EN.POP.DNST,51.3828682687896
SSF,Sub-Saharan Africa,2021,EN.POP.DNST,50.1228384471223
SSF,Sub-Saharan Africa,2020,EN.POP.DNST,48.8705812183523
SSF,Sub-Saharan Africa,2019,EN.POP.DNST,47.6334709548081
SSF,Sub-Saharan Africa,2018,EN.POP.DNST,46.4123755169373
SSF,Sub-Saharan Africa,2017,EN.POP.DNST,45.203171340363
SSF,Sub-Saharan Africa,2016,EN.POP.DNST,44.0332822288675
SSF,Sub-Saharan Africa,2015,EN.POP.DNST,42.8856228719352
SSF,Sub-Saharan Africa,2014,EN.POP.DNST,41.7493292302074
SSF,Sub-Saharan Africa,2013,EN.POP.DNST,40.6325065160186
SSF,Sub-Saharan Africa,2012,EN.POP.DNST,39.5348275372744
SSF,Sub-Saharan Africa,2011,EN.POP.DNST,42.967266081547
SSF,Sub-Saharan Africa,2010,EN.POP.DNST,41.8059392106961
SSF,Sub-Saharan Africa,2009,EN.POP.DNST,40.6696761279706
SSF,Sub-Saharan Africa,2008,EN.POP.DNST,39.5616425246272
SSF,Sub-Saharan Africa,2007,EN.POP.DNST,38.4816677407068
SSF,Sub-Saharan Africa,2006,EN.POP.DNST,37.4393667992787
SSF,Sub-Saharan Africa,2005,EN.POP.DNST,36.4297825401275
SSA,Sub-Saharan Africa (excluding high income),2023,EN.POP.DNST,52.6599841253972
SSA,Sub-Saharan Africa (excluding high income),2022,EN.POP.DNST,51.3788417832242
SSA,Sub-Saharan Africa (excluding high income),2021,EN.POP.DNST,50.1196503950214
SSA,Sub-Saharan Africa (excluding high income),2020,EN.POP.DNST,48.8674023588998
SSA,Sub-Saharan Africa (excluding high income),2019,EN.POP.DNST,47.630303051131
SSA,Sub-Saharan Africa (excluding high income),2018,EN.POP.DNST,46.409219960712
SSA,Sub-Saharan Africa (excluding high income),2017,EN.POP.DNST,45.2000307046991
SSA,Sub-Saharan Africa (excluding high income),2016,EN.POP.DNST,44.0301676138037
SSA,Sub-Saharan Africa (excluding high income),2015,EN.POP.DNST,42.8825385577474
SSA,Sub-Saharan Africa (excluding high income),2014,EN.POP.DNST,41.7463090048594
SSA,Sub-Saharan Africa (excluding high income),2013,EN.POP.DNST,40.6295238121207
SSA,Sub-Saharan Africa (excluding high income),2012,EN.POP.DNST,39.5318926005887
SSA,Sub-Saharan Africa (excluding high income),2011,EN.POP.DNST,42.9641022484483
SSA,Sub-Saharan Africa (excluding high income),2010,EN.POP.DNST,41.8026414849292
SSA,Sub-Saharan Africa (excluding high income),2009,EN.POP.DNST,40.666469430153
SSA,Sub-Saharan Africa (excluding high income),2008,EN.POP.DNST,39.5584279818902
SSA,Sub-Saharan Africa (excluding high income),2007,EN.POP.DNST,38.4785198815047
SSA,Sub-Saharan Africa (excluding high income),2006,EN.POP.DNST,37.4362167612066
SSA,Sub-Saharan Africa (excluding high income),2005,EN.POP.DNST,36.4266922328933
TSS,Sub-Saharan Africa (IDA & IBRD countries),2023,EN.POP.DNST,52.6639815629256
TSS,Sub-Saharan Africa (IDA & IBRD countries),2022,EN.POP.DNST,51.3828682687896
TSS,Sub-Saharan Africa (IDA & IBRD countries),2021,EN.POP.DNST,50.1228384471223
TSS,Sub-Saharan Africa (IDA & IBRD countries),2020,EN.POP.DNST,48.8705812183523
TSS,Sub-Saharan Africa (IDA & IBRD countries),2019,EN.POP.DNST,47.6334709548081
TSS,Sub-Saharan Africa (IDA & IBRD countries),2018,EN.POP.DNST,46.4123755169373
TSS,Sub-Saharan Africa (IDA & IBRD countries),2017,EN.POP.DNST,45.203171340363
TSS,Sub-Saharan Africa (IDA & IBRD countries),2016,EN.POP.DNST,44.0332822288675
TSS,Sub-Saharan Africa (IDA & IBRD countries),2015,EN.POP.DNST,42.8856228719352
TSS,Sub-Saharan Africa (IDA & IBRD countries),2014,EN.POP.DNST,41.7493292302074
TSS,Sub-Saharan Africa (IDA & IBRD countries),2013,EN.POP.DNST,40.6325065160186
TSS,Sub-Saharan Africa (IDA & IBRD countries),2012,EN.POP.DNST,39.5348275372744
TSS,Sub-Saharan Africa (IDA & IBRD countries),2011,EN.POP.DNST,42.967266081547
TSS,Sub-Saharan Africa (IDA & IBRD countries),2010,EN.POP.DNST,41.8059392106961
TSS,Sub-Saharan Africa (IDA & IBRD countries),2009,EN.POP.DNST,40.6696761279706
TSS,Sub-Saharan Africa (IDA & IBRD countries),2008,EN.POP.DNST,39.5616425246272
TSS,Sub-Saharan Africa (IDA & IBRD countries),2007,EN.POP.DNST,38.4816677407068
TSS,Sub-Saharan Africa (IDA & IBRD countries),2006,EN.POP.DNST,37.4393667992787
TSS,Sub-Saharan Africa (IDA & IBRD countries),2005,EN.POP.DNST,36.4297825401275
,Upper middle income,2023,EN.POP.DNST,68.8436265101729
,Upper middle income,2022,EN.POP.DNST,68.6735205151338
,Upper middle income,2021,EN.POP.DNST,68.4706220748499
,Upper middle income,2020,EN.POP.DNST,68.1909443722062
,Upper middle income,2019,EN.POP.DNST,67.7939214699503
,Upper middle income,2018,EN.POP.DNST,67.3206680872828
,Upper middle income,2017,EN.POP.DNST,66.7966277031843
,Upper middle income,2016,EN.POP.DNST,66.2281833035066
,Upper middle income,2015,EN.POP.DNST,65.6704167305539
,Upper middle income,2014,EN.POP.DNST,65.0869247077971
,Upper middle income,2013,EN.POP.DNST,64.4799290012771
,Upper middle income,2012,EN.POP.DNST,63.870400234472
,Upper middle income,2011,EN.POP.DNST,63.2652400170749
,Upper middle income,2010,EN.POP.DNST,62.7138262227806
,Upper middle income,2009,EN.POP.DNST,62.1810456605484
,Upper middle income,2008,EN.POP.DNST,61.6390024074876
,Upper middle income,2007,EN.POP.DNST,61.1069958759679
,Upper middle income,2006,EN.POP.DNST,60.6020001641626
,Upper middle income,2005,EN.POP.DNST,60.2120857996769
WLD,World,2023,EN.POP.DNST,62.1354378370613
WLD,World,2022,EN.POP.DNST,61.5627947638419
WLD,World,2021,EN.POP.DNST,61.013852243906
WLD,World,2020,EN.POP.DNST,60.4323812223882
WLD,World,2019,EN.POP.DNST,59.8477502782866
WLD,World,2018,EN.POP.DNST,59.2254645935261
WLD,World,2017,EN.POP.DNST,58.5928542498149
WLD,World,2016,EN.POP.DNST,57.9319860400358
WLD,World,2015,EN.POP.DNST,57.2668873357048
WLD,World,2014,EN.POP.DNST,56.5955137439097
WLD,World,2013,EN.POP.DNST,55.9161894646313
WLD,World,2012,EN.POP.DNST,55.2310680568682
WLD,World,2011,EN.POP.DNST,55.6100860131458
WLD,World,2010,EN.POP.DNST,54.9368942767572
WLD,World,2009,EN.POP.DNST,54.2733156908108
WLD,World,2008,EN.POP.DNST,53.5971060080677
WLD,World,2007,EN.POP.DNST,52.9154052869962
WLD,World,2006,EN.POP.DNST,52.2521992519545
WLD,World,2005,EN.POP.DNST,51.6325542243181
AFG,Afghanistan,2023,EN.POP.DNST,63.5585008355948
AFG,Afghanistan,2022,EN.POP.DNST,62.2155405301811
AFG,Afghanistan,2021,EN.POP.DNST,61.3286907992579
AFG,Afghanistan,2020,EN.POP.DNST,59.9006163469942
AFG,Afghanistan,2019,EN.POP.DNST,58.0410606687825
AFG,Afghanistan,2018,EN.POP.DNST,56.3344817012404
AFG,Afghanistan,2017,EN.POP.DNST,54.7183278904681
AFG,Afghanistan,2016,EN.POP.DNST,53.2030296061205
AFG,Afghanistan,2015,EN.POP.DNST,51.8709105683578
AFG,Afghanistan,2014,EN.POP.DNST,50.2775447311531
AFG,Afghanistan,2013,EN.POP.DNST,48.4839765113534
AFG,Afghanistan,2012,EN.POP.DNST,46.8546892967205
AFG,Afghanistan,2011,EN.POP.DNST,44.9959492816951
AFG,Afghanistan,2010,EN.POP.DNST,43.3652070588596
AFG,Afghanistan,2009,EN.POP.DNST,42.1110666482682
AFG,Afghanistan,2008,EN.POP.DNST,40.6031951918802
AFG,Afghanistan,2007,EN.POP.DNST,39.7250233813225
AFG,Afghanistan,2006,EN.POP.DNST,38.9802584977692
AFG,Afghanistan,2005,EN.POP.DNST,37.4171181945019
ALB,Albania,2023,EN.POP.DNST,88.0167153284672
ALB,Albania,2022,EN.POP.DNST,89.4757664233577
ALB,Albania,2021,EN.POP.DNST,90.8672262773723
ALB,Albania,2020,EN.POP.DNST,92.2802919708029
ALB,Albania,2019,EN.POP.DNST,93.7153649635036
ALB,Albania,2018,EN.POP.DNST,95.1727372262774
ALB,Albania,2017,EN.POP.DNST,96.6527372262774
ALB,Albania,2016,EN.POP.DNST,98.155802919708
ALB,Albania,2015,EN.POP.DNST,99.6822262773723
ALB,Albania,2014,EN.POP.DNST,101.232372262774
ALB,Albania,2013,EN.POP.DNST,102.806642335766
ALB,Albania,2012,EN.POP.DNST,104.405401459854
ALB,Albania,2011,EN.POP.DNST,106.02901459854
ALB,Albania,2010,EN.POP.DNST,106.314635036496
ALB,Albania,2009,EN.POP.DNST,106.843759124088
ALB,Albania,2008,EN.POP.DNST,107.566204379562
ALB,Albania,2007,EN.POP.DNST,108.394781021898
ALB,Albania,2006,EN.POP.DNST,109.21704379562
ALB,Albania,2005,EN.POP.DNST,109.908284671533
DZA,Algeria,2023,EN.POP.DNST,19.3825602290762
DZA,Algeria,2022,EN.POP.DNST,19.0941870229328
DZA,Algeria,2021,EN.POP.DNST,18.7934447084904
DZA,Algeria,2020,EN.POP.DNST,18.4915612115512
DZA,Algeria,2019,EN.POP.DNST,18.1776961381175
DZA,Algeria,2018,EN.POP.DNST,17.846203680417
DZA,Algeria,2017,EN.POP.DNST,17.5037080018356
DZA,Algeria,2016,EN.POP.DNST,17.1516218598076
DZA,Algeria,2015,EN.POP.DNST,16.8026368106356
DZA,Algeria,2014,EN.POP.DNST,16.4606678310815
DZA,Algeria,2013,EN.POP.DNST,16.1286164736705
DZA,Algeria,2012,EN.POP.DNST,15.8061610419273
DZA,Algeria,2011,EN.POP.DNST,15.4942924080714
DZA,Algeria,2010,EN.POP.DNST,15.1940329339055
DZA,Algeria,2009,EN.POP.DNST,14.901057630136
DZA,Algeria,2008,EN.POP.DNST,14.6182878903659
DZA,Algeria,2007,EN.POP.DNST,14.3548061501255
DZA,Algeria,2006,EN.POP.DNST,14.1172025493967
DZA,Algeria,2005,EN.POP.DNST,13.9012860345798
ASM,American Samoa,2023,EN.POP.DNST,237.605
ASM,American Samoa,2022,EN.POP.DNST,241.71
ASM,American Samoa,2021,EN.POP.DNST,246.125
ASM,American Samoa,2020,EN.POP.DNST,248.805
ASM,American Samoa,2019,EN.POP.DNST,251.045
ASM,American Samoa,2018,EN.POP.DNST,254.54
ASM,American Samoa,2017,EN.POP.DNST,257.93
ASM,American Samoa,2016,EN.POP.DNST,261.225
ASM,American Samoa,2015,EN.POP.DNST,264.39
ASM,American Samoa,2014,EN.POP.DNST,267.33
ASM,American Samoa,2013,EN.POP.DNST,270.03
ASM,American Samoa,2012,EN.POP.DNST,272.445
ASM,American Samoa,2011,EN.POP.DNST,274.475
ASM,American Samoa,2010,EN.POP.DNST,276.14
ASM,American Samoa,2009,EN.POP.DNST,277.64
ASM,American Samoa,2008,EN.POP.DNST,279.14
ASM,American Samoa,2007,EN.POP.DNST,280.565
ASM,American Samoa,2006,EN.POP.DNST,281.87
ASM,American Samoa,2005,EN.POP.DNST,283.085
AND,Andorra,2023,EN.POP.DNST,172.034042553191
AND,Andorra,2022,EN.POP.DNST,169.585106382979
AND,Andorra,2021,EN.POP.DNST,166.731914893617
AND,Andorra,2020,EN.POP.DNST,164.63829787234
AND,Andorra,2019,EN.POP.DNST,162.710638297872
AND,Andorra,2018,EN.POP.DNST,159.91914893617
AND,Andorra,2017,EN.POP.DNST,156.942553191489
AND,Andorra,2016,EN.POP.DNST,153.576595744681
AND,Andorra,2015,EN.POP.DNST,153.56170212766
AND,Andorra,2014,EN.POP.DNST,156.887234042553
AND,Andorra,2013,EN.POP.DNST,159.987234042553
AND,Andorra,2012,EN.POP.DNST,163.476595744681
AND,Andorra,2011,EN.POP.DNST,165.495744680851
AND,Andorra,2010,EN.POP.DNST,171.714893617021
AND,Andorra,2009,EN.POP.DNST,178.485106382979
AND,Andorra,2008,EN.POP.DNST,177.648936170213
AND,Andorra,2007,EN.POP.DNST,174.206382978723
AND,Andorra,2006,EN.POP.DNST,169.329787234043
AND,Andorra,2005,EN.POP.DNST,164.725531914894
AGO,Angola,2023,EN.POP.DNST,29.4777460495709
AGO,Angola,2022,EN.POP.DNST,28.5834835966953
AGO,Angola,2021,EN.POP.DNST,27.6990687414775
AGO,Angola,2020,EN.POP.DNST,26.8317413972888
AGO,Angola,2019,EN.POP.DNST,25.969063928772
AGO,Angola,2018,EN.POP.DNST,25.1039985561883
AGO,Angola,2017,EN.POP.DNST,24.2518962059838
AGO,Angola,2016,EN.POP.DNST,23.4082537900056
AGO,Angola,2015,EN.POP.DNST,22.5858650838213
AGO,Angola,2014,EN.POP.DNST,21.7861305847437
AGO,Angola,2013,EN.POP.DNST,20.9879040667362
AGO,Angola,2012,EN.POP.DNST,20.1952306088073
AGO,Angola,2011,EN.POP.DNST,19.4259661506377
AGO,Angola,2010,EN.POP.DNST,18.6851888986925
AGO,Angola,2009,EN.POP.DNST,17.9792837089917
AGO,Angola,2008,EN.POP.DNST,17.3086187535093
AGO,Angola,2007,EN.POP.DNST,16.6668492821048
AGO,Angola,2006,EN.POP.DNST,16.0546073634395
AGO,Angola,2005,EN.POP.DNST,15.4737795780861
ATG,Antigua and Barbuda,2023,EN.POP.DNST,212.081818181818
ATG,Antigua and Barbuda,2022,EN.POP.DNST,211.0
ATG,Antigua and Barbuda,2021,EN.POP.DNST,209.884090909091
ATG,Antigua and Barbuda,2020,EN.POP.DNST,208.740909090909
ATG,Antigua and Barbuda,2019,EN.POP.DNST,207.645454545455
ATG,Antigua and Barbuda,2018,EN.POP.DNST,206.65
ATG,Antigua and Barbuda,2017,EN.POP.DNST,205.609090909091
ATG,Antigua and Barbuda,2016,EN.POP.DNST,204.475
ATG,Antigua and Barbuda,2015,EN.POP.DNST,203.202272727273
ATG,Antigua and Barbuda,2014,EN.POP.DNST,201.738636363636
ATG,Antigua and Barbuda,2013,EN.POP.DNST,200.145454545455
ATG,Antigua and Barbuda,2012,EN.POP.DNST,198.318181818182
ATG,Antigua and Barbuda,2011,EN.POP.DNST,196.209090909091
ATG,Antigua and Barbuda,2010,EN.POP.DNST,193.909090909091
ATG,Antigua and Barbuda,2009,EN.POP.DNST,191.302272727273
ATG,Antigua and Barbuda,2008,EN.POP.DNST,188.436363636364
ATG,Antigua and Barbuda,2007,EN.POP.DNST,185.690909090909
ATG,Antigua and Barbuda,2006,EN.POP.DNST,183.190909090909
ATG,Antigua and Barbuda,2005,EN.POP.DNST,180.934090909091
ARG,Argentina,2023,EN.POP.DNST,16.6399559321662
ARG,Argentina,2022,EN.POP.DNST,16.5922716858687
ARG,Argentina,2021,EN.POP.DNST,16.5573305708721
ARG,Argentina,2020,EN.POP.DNST,16.5133665121004
ARG,Argentina,2019,EN.POP.DNST,16.4335255363231
ARG,Argentina,2018,EN.POP.DNST,16.3171137395905
ARG,Argentina,2017,EN.POP.DNST,16.1833799224611
ARG,Argentina,2016,EN.POP.DNST,16.0413905118958
ARG,Argentina,2015,EN.POP.DNST,15.8867142423877
ARG,Argentina,2014,EN.POP.DNST,15.7212073709481
ARG,Argentina,2013,EN.POP.DNST,15.5598387102668
ARG,Argentina,2012,EN.POP.DNST,15.4061004351973
ARG,Argentina,2011,EN.POP.DNST,15.2485886234831
ARG,Argentina,2010,EN.POP.DNST,15.0870920710786
ARG,Argentina,2009,EN.POP.DNST,14.9285563947689
ARG,Argentina,2008,EN.POP.DNST,14.7711827061158
ARG,Argentina,2007,EN.POP.DNST,14.6223222213696
ARG,Argentina,2006,EN.POP.DNST,14.4781158991336
ARG,Argentina,2005,EN.POP.DNST,14.3300077831249
ARM,Armenia,2023,EN.POP.DNST,105.119108748259
ARM,Armenia,2022,EN.POP.DNST,105.297053157777
ARM,Armenia,2021,EN.POP.DNST,105.056940272915
ARM,Armenia,2020,EN.POP.DNST,105.027376627853
ARM,Armenia,2019,EN.POP.DNST,104.056902002107
ARM,Armenia,2018,EN.POP.DNST,104.285212504391
ARM,Armenia,2017,EN.POP.DNST,104.650509308044
ARM,Armenia,2016,EN.POP.DNST,105.103617843344
ARM,Armenia,2015,EN.POP.DNST,105.535651563049
ARM,Armenia,2014,EN.POP.DNST,105.858798735511
ARM,Armenia,2013,EN.POP.DNST,106.146821215314
ARM,Armenia,2012,EN.POP.DNST,106.220583069898
ARM,Armenia,2011,EN.POP.DNST,106.354056902002
ARM,Armenia,2010,EN.POP.DNST,106.947664207938
ARM,Armenia,2009,EN.POP.DNST,107.692307692308
ARM,Armenia,2008,EN.POP.DNST,108.433438707411
ARM,Armenia,2007,EN.POP.DNST,109.146469968388
ARM,Armenia,2006,EN.POP.DNST,109.838426413769
ARM,Armenia,2005,EN.POP.DNST,110.516332982086
ABW,Aruba,2023,EN.POP.DNST,596.438888888889
ABW,Aruba,2022,EN.POP.DNST,596.166666666667
ABW,Aruba,2021,EN.POP.DNST,598.333333333333
ABW,Aruba,2020,EN.POP.DNST,603.261111111111
ABW,Aruba,2019,EN.POP.DNST,606.683333333333
ABW,Aruba,2018,EN.POP.DNST,605.044444444444
ABW,Aruba,2017,EN.POP.DNST,604.083333333333
ABW,Aruba,2016,EN.POP.DNST,604.038888888889
ABW,Aruba,2015,EN.POP.DNST,599.477777777778
ABW,Aruba,2014,EN.POP.DNST,593.372222222222
ABW,Aruba,2013,EN.POP.DNST,587.083333333333
ABW,Aruba,2012,EN.POP.DNST,578.388888888889
ABW,Aruba,2011,EN.POP.DNST,569.95
ABW,Aruba,2010,EN.POP.DNST,565.766666666667
ABW,Aruba,2009,EN.POP.DNST,564.466666666667
ABW,Aruba,2008,EN.POP.DNST,560.65
ABW,Aruba,2007,EN.POP.DNST,556.388888888889
ABW,Aruba,2006,EN.POP.DNST,552.25
ABW,Aruba,2005,EN.POP.DNST,542.416666666667
AUS,Australia,2023,EN.POP.DNST,3.46591948538875
AUS,Australia,2022,EN.POP.DNST,3.38256023775289
AUS,Australia,2021,EN.POP.DNST,3.33922844714392
AUS,Australia,2020,EN.POP.DNST,3.33452695130798
AUS,Australia,2019,EN.POP.DNST,3.29365056253104
AUS,Australia,2018,EN.POP.DNST,3.24534491589985
AUS,Australia,2017,EN.POP.DNST,3.19715601363491
AUS,Australia,2016,EN.POP.DNST,3.14493553058884
AUS,Australia,2015,EN.POP.DNST,3.10011259648803
AUS,Australia,2014,EN.POP.DNST,3.05581479504836
AUS,Australia,2013,EN.POP.DNST,3.01057352615753
AUS,Australia,2012,EN.POP.DNST,2.95920036968095
AUS,Australia,2011,EN.POP.DNST,2.90798641031983
AUS,Australia,2010,EN.POP.DNST,2.86785858401781
AUS,Australia,2009,EN.POP.DNST,2.8235883784804
AUS,Australia,2008,EN.POP.DNST,2.76599442875181
AUS,Australia,2007,EN.POP.DNST,2.71111802454994
AUS,Australia,2006,EN.POP.DNST,2.66208895773401
AUS,Australia,2005,EN.POP.DNST,2.62640667508428
AUT,Austria,2023,EN.POP.DNST,110.661185167232
AUT,Austria,2022,EN.POP.DNST,109.571631119729
AUT,Austria,2021,EN.POP.DNST,108.528805138148
AUT,Austria,2020,EN.POP.DNST,108.057004362579
AUT,Austria,2019,EN.POP.DNST,107.609306834707
AUT,Austria,2018,EN.POP.DNST,107.131858943286
AUT,Austria,2017,EN.POP.DNST,106.61131846825
AUT,Austria,2016,EN.POP.DNST,105.873339796413
AUT,Austria,2015,EN.POP.DNST,104.734597673291
AUT,Austria,2014,EN.POP.DNST,103.567086766844
AUT,Austria,2013,EN.POP.DNST,102.760821619001
AUT,Austria,2012,EN.POP.DNST,102.156943771207
AUT,Austria,2011,EN.POP.DNST,101.692232186137
AUT,Austria,2010,EN.POP.DNST,101.350024236549
AUT,Austria,2009,EN.POP.DNST,101.106677169171
AUT,Austria,2008,EN.POP.DNST,100.842171594765
AUT,Austria,2007,EN.POP.DNST,100.526987396995
AUT,Austria,2006,EN.POP.DNST,100.201660203587
AUT,Austria,2005,EN.POP.DNST,99.7070891904993
AZE,Azerbaijan,2023,EN.POP.DNST,122.854906231095
AZE,Azerbaijan,2022,EN.POP.DNST,122.707271627344
AZE,Azerbaijan,2021,EN.POP.DNST,122.658802177858
AZE,Azerbaijan,2020,EN.POP.DNST,122.124736829369
AZE,Azerbaijan,2019,EN.POP.DNST,121.280071139933
AZE,Azerbaijan,2018,EN.POP.DNST,120.25759188908
AZE,Azerbaijan,2017,EN.POP.DNST,119.208741622511
AZE,Azerbaijan,2016,EN.POP.DNST,118.033288980283
AZE,Azerbaijan,2015,EN.POP.DNST,116.731076781631
AZE,Azerbaijan,2014,EN.POP.DNST,115.348813858679
AZE,Azerbaijan,2013,EN.POP.DNST,113.923480806688
AZE,Azerbaijan,2012,EN.POP.DNST,112.460790244138
AZE,Azerbaijan,2011,EN.POP.DNST,110.976336228798
AZE,Azerbaijan,2010,EN.POP.DNST,109.542344173442
AZE,Azerbaijan,2009,EN.POP.DNST,108.291290455327
AZE,Azerbaijan,2008,EN.POP.DNST,106.059762547351
AZE,Azerbaijan,2007,EN.POP.DNST,103.853368672016
AZE,Azerbaijan,2006,EN.POP.DNST,102.672531674674
AZE,Azerbaijan,2005,EN.POP.DNST,101.522501814662
BHS,"Bahamas, The",2023,EN.POP.DNST,39.9040959040959
BHS,"Bahamas, The",2022,EN.POP.DNST,39.7140859140859
BHS,"Bahamas, The",2021,EN.POP.DNST,39.5977022977023
BHS,"Bahamas, The",2020,EN.POP.DNST,39.5467532467532
BHS,"Bahamas, The",2019,EN.POP.DNST,39.4280719280719
BHS,"Bahamas, The",2018,EN.POP.DNST,39.2324675324675
BHS,"Bahamas, The",2017,EN.POP.DNST,39.0094905094905
BHS,"Bahamas, The",2016,EN.POP.DNST,38.7667332667333
BHS,"Bahamas, The",2015,EN.POP.DNST,38.4961038961039
BHS,"Bahamas, The",2014,EN.POP.DNST,38.1916083916084
BHS,"Bahamas, The",2013,EN.POP.DNST,37.8574425574426
BHS,"Bahamas, The",2012,EN.POP.DNST,37.5093906093906
BHS,"Bahamas, The",2011,EN.POP.DNST,37.1357642357642
BHS,"Bahamas, The",2010,EN.POP.DNST,36.7110889110889
BHS,"Bahamas, The",2009,EN.POP.DNST,36.2447552447552
BHS,"Bahamas, The",2008,EN.POP.DNST,35.7762237762238
BHS,"Bahamas, The",2007,EN.POP.DNST,35.2981018981019
BHS,"Bahamas, The",2006,EN.POP.DNST,34.8026973026973
BHS,"Bahamas, The",2005,EN.POP.DNST,34.355044955045
BHR,Bahrain,2023,EN.POP.DNST,1971.32375
BHR,Bahrain,2022,EN.POP.DNST,1929.99113924051
BHR,Bahrain,2021,EN.POP.DNST,1904.25949367089
BHR,Bahrain,2020,EN.POP.DNST,1875.41910828025
BHR,Bahrain,2019,EN.POP.DNST,1902.25128205128
BHR,Bahrain,2018,EN.POP.DNST,1931.99357326478
BHR,Bahrain,2017,EN.POP.DNST,1924.50769230769
BHR,Bahrain,2016,EN.POP.DNST,1827.63286264442
BHR,Bahrain,2015,EN.POP.DNST,1761.33933161954
BHR,Bahrain,2014,EN.POP.DNST,1705.00907911803
BHR,Bahrain,2013,EN.POP.DNST,1627.52077922078
BHR,Bahrain,2012,EN.POP.DNST,1570.08311688312
BHR,Bahrain,2011,EN.POP.DNST,1558.0443285528
BHR,Bahrain,2010,EN.POP.DNST,1612.26115485564
BHR,Bahrain,2009,EN.POP.DNST,1550.54605263158
BHR,Bahrain,2008,EN.POP.DNST,1451.96842105263
BHR,Bahrain,2007,EN.POP.DNST,1385.72666666667
BHR,Bahrain,2006,EN.POP.DNST,1297.87027027027
BHR,Bahrain,2005,EN.POP.DNST,1201.11081081081
BGD,Bangladesh,2023,EN.POP.DNST,1319.17979689183
BGD,Bangladesh,2022,EN.POP.DNST,1300.36002610164
BGD,Bangladesh,2021,EN.POP.DNST,1287.99918568026
BGD,Bangladesh,2020,EN.POP.DNST,1277.54493354844
BGD,Bangladesh,2019,EN.POP.DNST,1266.90523930245
BGD,Bangladesh,2018,EN.POP.DNST,1256.22726434662
BGD,Bangladesh,2017,EN.POP.DNST,1245.95641852962
BGD,Bangladesh,2016,EN.POP.DNST,1235.3993393255
BGD,Bangladesh,2015,EN.POP.DNST,1224.42328493508
BGD,Bangladesh,2014,EN.POP.DNST,1213.52791733886
BGD,Bangladesh,2013,EN.POP.DNST,1202.52086502266
BGD,Bangladesh,2012,EN.POP.DNST,1191.28909118845
BGD,Bangladesh,2011,EN.POP.DNST,1179.92683413997
BGD,Bangladesh,2010,EN.POP.DNST,1169.25544288238
BGD,Bangladesh,2009,EN.POP.DNST,1159.05134823692
BGD,Bangladesh,2008,EN.POP.DNST,1148.30040715987
BGD,Bangladesh,2007,EN.POP.DNST,1136.89235614965
BGD,Bangladesh,2006,EN.POP.DNST,1124.7289928555
BGD,Bangladesh,2005,EN.POP.DNST,1111.74453407083
BRB,Barbados,2023,EN.POP.DNST,656.595348837209
BRB,Barbados,2022,EN.POP.DNST,656.553488372093
BRB,Barbados,2021,EN.POP.DNST,656.155813953488
BRB,Barbados,2020,EN.POP.DNST,655.111627906977
BRB,Barbados,2019,EN.POP.DNST,653.96976744186
BRB,Barbados,2018,EN.POP.DNST,652.816279069767
BRB,Barbados,2017,EN.POP.DNST,651.560465116279
BRB,Barbados,2016,EN.POP.DNST,650.227906976744
BRB,Barbados,2015,EN.POP.DNST,648.813953488372
BRB,Barbados,2014,EN.POP.DNST,647.320930232558
BRB,Barbados,2013,EN.POP.DNST,645.732558139535
BRB,Barbados,2012,EN.POP.DNST,644.041860465116
BRB,Barbados,2011,EN.POP.DNST,642.183720930233
BRB,Barbados,2010,EN.POP.DNST,640.1
BRB,Barbados,2009,EN.POP.DNST,637.495348837209
BRB,Barbados,2008,EN.POP.DNST,634.218604651163
BRB,Barbados,2007,EN.POP.DNST,630.902325581395
BRB,Barbados,2006,EN.POP.DNST,627.911627906977
BRB,Barbados,2005,EN.POP.DNST,624.897674418605
BLR,Belarus,2023,EN.POP.DNST,45.217077292187
BLR,Belarus,2022,EN.POP.DNST,45.4607172767131
BLR,Belarus,2021,EN.POP.DNST,45.8368317319537
BLR,Belarus,2020,EN.POP.DNST,46.211212927382
BLR,Belarus,2019,EN.POP.DNST,46.4107506220284
BLR,Belarus,2018,EN.POP.DNST,46.5010592176569
BLR,Belarus,2017,EN.POP.DNST,46.5987595325832
BLR,Belarus,2016,EN.POP.DNST,46.6499448243246
BLR,Belarus,2015,EN.POP.DNST,46.611337189252
BLR,Belarus,2014,EN.POP.DNST,46.5506003261518
BLR,Belarus,2013,EN.POP.DNST,46.5393725235082
BLR,Belarus,2012,EN.POP.DNST,46.5593029044007
BLR,Belarus,2011,EN.POP.DNST,46.6297521068454
BLR,Belarus,2010,EN.POP.DNST,46.7409685463919
BLR,Belarus,2009,EN.POP.DNST,46.8441433626748
BLR,Belarus,2008,EN.POP.DNST,46.9585563473992
BLR,Belarus,2007,EN.POP.DNST,47.1212709646576
BLR,Belarus,2006,EN.POP.DNST,47.3372826558372
BLR,Belarus,2005,EN.POP.DNST,47.6446879945571
BEL,Belgium,2023,EN.POP.DNST,386.303731881682
BEL,Belgium,2022,EN.POP.DNST,383.033055683085
BEL,Belgium,2021,EN.POP.DNST,379.949990161999
BEL,Belgium,2020,EN.POP.DNST,378.38932248967
BEL,Belgium,2019,EN.POP.DNST,376.761985964452
BEL,Belgium,2018,EN.POP.DNST,374.74351490506
BEL,Belgium,2017,EN.POP.DNST,375.009329772855
BEL,Belgium,2016,EN.POP.DNST,373.567467774371
BEL,Belgium,2015,EN.POP.DNST,371.680875614018
BEL,Belgium,2014,EN.POP.DNST,369.533412455082
BEL,Belgium,2013,EN.POP.DNST,367.896581281113
BEL,Belgium,2012,EN.POP.DNST,366.166617215574
BEL,Belgium,2011,EN.POP.DNST,363.902812118814
BEL,Belgium,2010,EN.POP.DNST,359.199090099891
BEL,Belgium,2009,EN.POP.DNST,355.932252002769
BEL,Belgium,2008,EN.POP.DNST,353.079912966077
BEL,Belgium,2007,EN.POP.DNST,350.301651666502
BEL,Belgium,2006,EN.POP.DNST,347.738700425279
BEL,Belgium,2005,EN.POP.DNST,345.452708271519
BLZ,Belize,2023,EN.POP.DNST,18.0230600613766
BLZ,Belize,2022,EN.POP.DNST,17.6559842174485
BLZ,Belize,2021,EN.POP.DNST,17.3321350284963
BLZ,Belize,2020,EN.POP.DNST,17.1333625602806
BLZ,Belize,2019,EN.POP.DNST,16.9149057430951
BLZ,Belize,2018,EN.POP.DNST,16.6692678649715
BLZ,Belize,2017,EN.POP.DNST,16.3613327487944
BLZ,Belize,2016,EN.POP.DNST,15.9888206926786
BLZ,Belize,2015,EN.POP.DNST,15.6217886891714
BLZ,Belize,2014,EN.POP.DNST,15.2969311705392
BLZ,Belize,2013,EN.POP.DNST,14.977071459886
BLZ,Belize,2012,EN.POP.DNST,14.6608505041648
BLZ,Belize,2011,EN.POP.DNST,14.3488820692679
BLZ,Belize,2010,EN.POP.DNST,14.0396755808856
BLZ,Belize,2009,EN.POP.DNST,13.7051293292416
BLZ,Belize,2008,EN.POP.DNST,13.3433143358176
BLZ,Belize,2007,EN.POP.DNST,12.9811486190267
BLZ,Belize,2006,EN.POP.DNST,12.6206926786497
BLZ,Belize,2005,EN.POP.DNST,12.2635247698378
BEN,Benin,2023,EN.POP.DNST,125.142195814118
BEN,Benin,2022,EN.POP.DNST,122.024663001064
BEN,Benin,2021,EN.POP.DNST,118.955454061724
BEN,Benin,2020,EN.POP.DNST,115.911395885066
BEN,Benin,2019,EN.POP.DNST,112.865865555161
BEN,Benin,2018,EN.POP.DNST,109.820388435615
BEN,Benin,2017,EN.POP.DNST,106.773501241575
BEN,Benin,2016,EN.POP.DNST,103.741060659808
BEN,Benin,2015,EN.POP.DNST,100.750984391628
BEN,Benin,2014,EN.POP.DNST,97.8184107839659
BEN,Benin,2013,EN.POP.DNST,94.9701489890032
BEN,Benin,2012,EN.POP.DNST,92.2105090457609
BEN,Benin,2011,EN.POP.DNST,89.5142160340546
BEN,Benin,2010,EN.POP.DNST,86.8879389854558
BEN,Benin,2009,EN.POP.DNST,84.3333008158922
BEN,Benin,2008,EN.POP.DNST,81.8416637105357
BEN,Benin,2007,EN.POP.DNST,79.4073164242639
BEN,Benin,2006,EN.POP.DNST,77.0950869102519
BEN,Benin,2005,EN.POP.DNST,74.7263568641362
BMU,Bermuda,2023,EN.POP.DNST,1198.11111111111
BMU,Bermuda,2022,EN.POP.DNST,1199.05555555556
BMU,Bermuda,2021,EN.POP.DNST,1197.18518518519
BMU,Bermuda,2020,EN.POP.DNST,1192.25925925926
BMU,Bermuda,2019,EN.POP.DNST,1187.16666666667
BMU,Bermuda,2018,EN.POP.DNST,1182.05555555556
BMU,Bermuda,2017,EN.POP.DNST,1177.37037037037
BMU,Bermuda,2016,EN.POP.DNST,1174.98148148148
BMU,Bermuda,2015,EN.POP.DNST,1175.25925925926
BMU,Bermuda,2014,EN.POP.DNST,1176.46296296296
BMU,Bermuda,2013,EN.POP.DNST,1177.2962962963
BMU,Bermuda,2012,EN.POP.DNST,1178.62962962963
BMU,Bermuda,2011,EN.POP.DNST,1180.24074074074
BMU,Bermuda,2010,EN.POP.DNST,1180.09259259259
BMU,Bermuda,2009,EN.POP.DNST,1177.12962962963
BMU,Bermuda,2008,EN.POP.DNST,1172.22222222222
BMU,Bermuda,2007,EN.POP.DNST,1166.85185185185
BMU,Bermuda,2006,EN.POP.DNST,1163.59259259259
BMU,Bermuda,2005,EN.POP.DNST,1161.31481481481
BTN,Bhutan,2023,EN.POP.DNST,20.6183796539067
BTN,Bhutan,2022,EN.POP.DNST,20.4749344520189
BTN,Bhutan,2021,EN.POP.DNST,20.3314630309386
BTN,Bhutan,2020,EN.POP.DNST,20.1889355007866
BTN,Bhutan,2019,EN.POP.DNST,20.0530676455165
BTN,Bhutan,2018,EN.POP.DNST,19.920267435763
BTN,Bhutan,2017,EN.POP.DNST,19.7759804949664
BTN,Bhutan,2016,EN.POP.DNST,19.6063863255034
BTN,Bhutan,2015,EN.POP.DNST,19.4301230422121
BTN,Bhutan,2014,EN.POP.DNST,19.2339113781252
BTN,Bhutan,2013,EN.POP.DNST,19.0275467639111
BTN,Bhutan,2012,EN.POP.DNST,18.8178240680012
BTN,Bhutan,2011,EN.POP.DNST,18.6105149933101
BTN,Bhutan,2010,EN.POP.DNST,18.407324815699
BTN,Bhutan,2009,EN.POP.DNST,18.2067843744261
BTN,Bhutan,2008,EN.POP.DNST,18.0064275782459
BTN,Bhutan,2007,EN.POP.DNST,17.8041556260986
BTN,Bhutan,2006,EN.POP.DNST,17.5984206522024
BTN,Bhutan,2005,EN.POP.DNST,17.3640370438387
BOL,Bolivia,2023,EN.POP.DNST,11.3026483891812
BOL,Bolivia,2022,EN.POP.DNST,11.1484851841595
BOL,Bolivia,2021,EN.POP.DNST,11.0194405981723
BOL,Bolivia,2020,EN.POP.DNST,10.9076885442629
BOL,Bolivia,2019,EN.POP.DNST,10.7739185821102
BOL,Bolivia,2018,EN.POP.DNST,10.6234357980246
BOL,Bolivia,2017,EN.POP.DNST,10.4722486845749
BOL,Bolivia,2016,EN.POP.DNST,10.3203360103388
BOL,Bolivia,2015,EN.POP.DNST,10.1677328533186
BOL,Bolivia,2014,EN.POP.DNST,10.0146662974245
BOL,Bolivia,2013,EN.POP.DNST,9.86117234376442
BOL,Bolivia,2012,EN.POP.DNST,9.7071974522293
BOL,Bolivia,2011,EN.POP.DNST,9.55315148158405
BOL,Bolivia,2010,EN.POP.DNST,9.39937690390474
BOL,Bolivia,2009,EN.POP.DNST,9.24607680236315
BOL,Bolivia,2008,EN.POP.DNST,9.09337948859965
BOL,Bolivia,2007,EN.POP.DNST,8.94116126650051
BOL,Bolivia,2006,EN.POP.DNST,8.78952183144097
BOL,Bolivia,2005,EN.POP.DNST,8.64096187575002
BIH,Bosnia and Herzegovina,2023,EN.POP.DNST,62.20845703125
BIH,Bosnia and Herzegovina,2022,EN.POP.DNST,62.5937890625
BIH,Bosnia and Herzegovina,2021,EN.POP.DNST,63.37708984375
BIH,Bosnia and Herzegovina,2020,EN.POP.DNST,64.44041015625
BIH,Bosnia and Herzegovina,2019,EN.POP.DNST,65.34244140625
BIH,Bosnia and Herzegovina,2018,EN.POP.DNST,66.15234375
BIH,Bosnia and Herzegovina,2017,EN.POP.DNST,66.9664453125
BIH,Bosnia and Herzegovina,2016,EN.POP.DNST,67.83208984375
BIH,Bosnia and Herzegovina,2015,EN.POP.DNST,68.72150390625
BIH,Bosnia and Herzegovina,2014,EN.POP.DNST,69.62556640625
BIH,Bosnia and Herzegovina,2013,EN.POP.DNST,70.52458984375
BIH,Bosnia and Herzegovina,2012,EN.POP.DNST,71.68189453125
BIH,Bosnia and Herzegovina,2011,EN.POP.DNST,73.0819921875
BIH,Bosnia and Herzegovina,2010,EN.POP.DNST,74.4428125
BIH,Bosnia and Herzegovina,2009,EN.POP.DNST,75.7772265625
BIH,Bosnia and Herzegovina,2008,EN.POP.DNST,77.10046875
BIH,Bosnia and Herzegovina,2007,EN.POP.DNST,78.3871875
BIH,Bosnia and Herzegovina,2006,EN.POP.DNST,79.36078125
BIH,Bosnia and Herzegovina,2005,EN.POP.DNST,80.00962890625
BWA,Botswana,2023,EN.POP.DNST,4.37641204806522
BWA,Botswana,2022,EN.POP.DNST,4.30521059411007
BWA,Botswana,2021,EN.POP.DNST,4.23736347114146
BWA,Botswana,2020,EN.POP.DNST,4.17464048135797
BWA,Botswana,2019,EN.POP.DNST,4.11498067863004
BWA,Botswana,2018,EN.POP.DNST,4.05685423393856
BWA,Botswana,2017,EN.POP.DNST,3.99969473999965
BWA,Botswana,2016,EN.POP.DNST,3.94328163322923
BWA,Botswana,2015,EN.POP.DNST,3.88769431651757
BWA,Botswana,2014,EN.POP.DNST,3.83259047518219
BWA,Botswana,2013,EN.POP.DNST,3.77725195419335
BWA,Botswana,2012,EN.POP.DNST,3.72067298360771
BWA,Botswana,2011,EN.POP.DNST,3.65877049035696
BWA,Botswana,2010,EN.POP.DNST,3.58744199177739
BWA,Botswana,2009,EN.POP.DNST,3.51255977273128
BWA,Botswana,2008,EN.POP.DNST,3.44073897623207
BWA,Botswana,2007,EN.POP.DNST,3.37233073950558
BWA,Botswana,2006,EN.POP.DNST,3.30759973885272
BWA,Botswana,2005,EN.POP.DNST,3.24647892294391
BRA,Brazil,2023,EN.POP.DNST,25.2616884857157
BRA,Brazil,2022,EN.POP.DNST,25.161867951482
BRA,Brazil,2021,EN.POP.DNST,25.0714027283582
BRA,Brazil,2020,EN.POP.DNST,24.9649852718428
BRA,Brazil,2019,EN.POP.DNST,24.8207686159839
BRA,Brazil,2018,EN.POP.DNST,24.659465024515
BRA,Brazil,2017,EN.POP.DNST,24.4915070817191
BRA,Brazil,2016,EN.POP.DNST,24.3137963709629
BRA,Brazil,2015,EN.POP.DNST,24.1292359304821
BRA,Brazil,2014,EN.POP.DNST,23.93895376244
BRA,Brazil,2013,EN.POP.DNST,23.7467066835444
BRA,Brazil,2012,EN.POP.DNST,23.555014752086
BRA,Brazil,2011,EN.POP.DNST,23.3646162902273
BRA,Brazil,2010,EN.POP.DNST,23.175243415401
BRA,Brazil,2009,EN.POP.DNST,22.9811837322658
BRA,Brazil,2008,EN.POP.DNST,22.7762758221327
BRA,Brazil,2007,EN.POP.DNST,22.5591243984906
BRA,Brazil,2006,EN.POP.DNST,22.3318951345634
BRA,Brazil,2005,EN.POP.DNST,22.0967943824822
VGB,British Virgin Islands,2023,EN.POP.DNST,259.9
VGB,British Virgin Islands,2022,EN.POP.DNST,255.46
VGB,British Virgin Islands,2021,EN.POP.DNST,252.06
VGB,British Virgin Islands,2020,EN.POP.DNST,247.566666666667
VGB,British Virgin Islands,2019,EN.POP.DNST,242.633333333333
VGB,British Virgin Islands,2018,EN.POP.DNST,231.046666666667
VGB,British Virgin Islands,2017,EN.POP.DNST,217.993333333333
VGB,British Virgin Islands,2016,EN.POP.DNST,225.853333333333
VGB,British Virgin Islands,2015,EN.POP.DNST,229.986666666667
VGB,British Virgin Islands,2014,EN.POP.DNST,219.746666666667
VGB,British Virgin Islands,2013,EN.POP.DNST,211.353333333333
VGB,British Virgin Islands,2012,EN.POP.DNST,202.3
VGB,British Virgin Islands,2011,EN.POP.DNST,191.4
VGB,British Virgin Islands,2010,EN.POP.DNST,184.5
VGB,British Virgin Islands,2009,EN.POP.DNST,181.453333333333
VGB,British Virgin Islands,2008,EN.POP.DNST,175.253333333333
VGB,British Virgin Islands,2007,EN.POP.DNST,169.106666666667
VGB,British Virgin Islands,2006,EN.POP.DNST,163.286666666667
VGB,British Virgin Islands,2005,EN.POP.DNST,157.766666666667
BRN,Brunei Darussalam,2023,EN.POP.DNST,87.0870967741936
BRN,Brunei Darussalam,2022,EN.POP.DNST,86.4079696394687
BRN,Brunei Darussalam,2021,EN.POP.DNST,85.715559772296
BRN,Brunei Darussalam,2020,EN.POP.DNST,84.896394686907
BRN,Brunei Darussalam,2019,EN.POP.DNST,84.0
BRN,Brunei Darussalam,2018,EN.POP.DNST,83.0759013282732
BRN,Brunei Darussalam,2017,EN.POP.DNST,82.1199240986717
BRN,Brunei Darussalam,2016,EN.POP.DNST,81.1316888045541
BRN,Brunei Darussalam,2015,EN.POP.DNST,80.1161290322581
BRN,Brunei Darussalam,2014,EN.POP.DNST,79.0796963946869
BRN,Brunei Darussalam,2013,EN.POP.DNST,78.026944971537
BRN,Brunei Darussalam,2012,EN.POP.DNST,76.9557874762808
BRN,Brunei Darussalam,2011,EN.POP.DNST,75.7853889943074
BRN,Brunei Darussalam,2010,EN.POP.DNST,74.4462998102467
BRN,Brunei Darussalam,2009,EN.POP.DNST,73.0459203036053
BRN,Brunei Darussalam,2008,EN.POP.DNST,71.6874762808349
BRN,Brunei Darussalam,2007,EN.POP.DNST,70.3743833017078
BRN,Brunei Darussalam,2006,EN.POP.DNST,69.1960151802657
BRN,Brunei Darussalam,2005,EN.POP.DNST,68.1055028462998
BGR,Bulgaria,2023,EN.POP.DNST,59.3827929255711
BGR,Bulgaria,2022,EN.POP.DNST,59.5532148120855
BGR,Bulgaria,2021,EN.POP.DNST,59.9419767870302
BGR,Bulgaria,2020,EN.POP.DNST,60.3417096536478
BGR,Bulgaria,2019,EN.POP.DNST,60.9499447310243
BGR,Bulgaria,2018,EN.POP.DNST,61.816488577745
BGR,Bulgaria,2017,EN.POP.DNST,62.6701179071481
BGR,Bulgaria,2016,EN.POP.DNST,63.5053334561533
BGR,Bulgaria,2015,EN.POP.DNST,64.3351602800295
BGR,Bulgaria,2014,EN.POP.DNST,65.1581798084009
BGR,Bulgaria,2013,EN.POP.DNST,65.9543570375829
BGR,Bulgaria,2012,EN.POP.DNST,67.2981577008106
BGR,Bulgaria,2011,EN.POP.DNST,67.6890935887988
BGR,Bulgaria,2010,EN.POP.DNST,68.1245302137067
BGR,Bulgaria,2009,EN.POP.DNST,68.5744565217391
BGR,Bulgaria,2008,EN.POP.DNST,68.98592210662
BGR,Bulgaria,2007,EN.POP.DNST,69.4718534204953
BGR,Bulgaria,2006,EN.POP.DNST,69.9716652858326
BGR,Bulgaria,2005,EN.POP.DNST,70.4986377025037
BFA,Burkina Faso,2023,EN.POP.DNST,84.1585380116959
BFA,Burkina Faso,2022,EN.POP.DNST,82.2698757309942
BFA,Burkina Faso,2021,EN.POP.DNST,80.3919700292398
BFA,Burkina Faso,2020,EN.POP.DNST,78.5039839181287
BFA,Burkina Faso,2019,EN.POP.DNST,76.6153216374269
BFA,Burkina Faso,2018,EN.POP.DNST,74.7013450292398
BFA,Burkina Faso,2017,EN.POP.DNST,72.713475877193
BFA,Burkina Faso,2016,EN.POP.DNST,70.6683333333333
BFA,Burkina Faso,2015,EN.POP.DNST,68.6311659356725
BFA,Burkina Faso,2014,EN.POP.DNST,66.6281469298246
BFA,Burkina Faso,2013,EN.POP.DNST,64.6762024853801
BFA,Burkina Faso,2012,EN.POP.DNST,62.764206871345
BFA,Burkina Faso,2011,EN.POP.DNST,60.8987865497076
BFA,Burkina Faso,2010,EN.POP.DNST,59.1246271929825
BFA,Burkina Faso,2009,EN.POP.DNST,57.419831871345
BFA,Burkina Faso,2008,EN.POP.DNST,55.7678837719298
BFA,Burkina Faso,2007,EN.POP.DNST,54.1531688596491
BFA,Burkina Faso,2006,EN.POP.DNST,52.5354788011696
BFA,Burkina Faso,2005,EN.POP.DNST,50.9215021929825
BDI,Burundi,2023,EN.POP.DNST,533.078271028037
BDI,Burundi,2022,EN.POP.DNST,518.734306853583
BDI,Burundi,2021,EN.POP.DNST,504.886331775701
BDI,Burundi,2020,EN.POP.DNST,491.317601246106
BDI,Burundi,2019,EN.POP.DNST,477.232710280374
BDI,Burundi,2018,EN.POP.DNST,461.816433021807
BDI,Burundi,2017,EN.POP.DNST,448.082632398754
BDI,Burundi,2016,EN.POP.DNST,437.673325545171
BDI,Burundi,2015,EN.POP.DNST,430.201713395639
BDI,Burundi,2014,EN.POP.DNST,420.552375389408
BDI,Burundi,2013,EN.POP.DNST,406.516394080997
BDI,Burundi,2012,EN.POP.DNST,392.173987538941
BDI,Burundi,2011,EN.POP.DNST,378.425934579439
BDI,Burundi,2010,EN.POP.DNST,365.126323987539
BDI,Burundi,2009,EN.POP.DNST,348.428582554517
BDI,Burundi,2008,EN.POP.DNST,331.216394080997
BDI,Burundi,2007,EN.POP.DNST,317.829984423676
BDI,Burundi,2006,EN.POP.DNST,306.290771028037
BDI,Burundi,2005,EN.POP.DNST,295.455568535826
CPV,Cabo Verde,2023,EN.POP.DNST,129.610669975186
CPV,Cabo Verde,2022,EN.POP.DNST,128.967990074442
CPV,Cabo Verde,2021,EN.POP.DNST,128.200744416873
CPV,Cabo Verde,2020,EN.POP.DNST,127.711910669975
CPV,Cabo Verde,2019,EN.POP.DNST,127.569230769231
CPV,Cabo Verde,2018,EN.POP.DNST,127.398263027295
CPV,Cabo Verde,2017,EN.POP.DNST,127.268734491315
CPV,Cabo Verde,2016,EN.POP.DNST,127.184615384615
CPV,Cabo Verde,2015,EN.POP.DNST,127.144913151365
CPV,Cabo Verde,2014,EN.POP.DNST,127.128039702233
CPV,Cabo Verde,2013,EN.POP.DNST,127.102977667494
CPV,Cabo Verde,2012,EN.POP.DNST,127.035980148883
CPV,Cabo Verde,2011,EN.POP.DNST,126.909925558313
CPV,Cabo Verde,2010,EN.POP.DNST,126.497270471464
CPV,Cabo Verde,2009,EN.POP.DNST,125.593300248139
CPV,Cabo Verde,2008,EN.POP.DNST,124.40570719603
CPV,Cabo Verde,2007,EN.POP.DNST,123.124069478908
CPV,Cabo Verde,2006,EN.POP.DNST,121.768734491315
CPV,Cabo Verde,2005,EN.POP.DNST,120.375930521092
KHM,Cambodia,2023,EN.POP.DNST,98.7076818490823
KHM,Cambodia,2022,EN.POP.DNST,97.4491502379334
KHM,Cambodia,2021,EN.POP.DNST,96.160803308407
KHM,Cambodia,2020,EN.POP.DNST,94.7511556764106
KHM,Cambodia,2019,EN.POP.DNST,93.3679129843644
KHM,Cambodia,2018,EN.POP.DNST,92.1964763199638
KHM,Cambodia,2017,EN.POP.DNST,91.0569453886245
KHM,Cambodia,2016,EN.POP.DNST,89.8074042601405
KHM,Cambodia,2015,EN.POP.DNST,88.5069737140267
KHM,Cambodia,2014,EN.POP.DNST,87.2239519601178
KHM,Cambodia,2013,EN.POP.DNST,85.9404486743712
KHM,Cambodia,2012,EN.POP.DNST,84.6651087695445
KHM,Cambodia,2011,EN.POP.DNST,83.4046227056424
KHM,Cambodia,2010,EN.POP.DNST,82.1477792884659
KHM,Cambodia,2009,EN.POP.DNST,80.8792771357353
KHM,Cambodia,2008,EN.POP.DNST,79.6140890550646
KHM,Cambodia,2007,EN.POP.DNST,78.4147405393157
KHM,Cambodia,2006,EN.POP.DNST,77.2661907999094
KHM,Cambodia,2005,EN.POP.DNST,76.1341604350782
CMR,Cameroon,2023,EN.POP.DNST,60.0213386642973
CMR,Cameroon,2022,EN.POP.DNST,58.4560745488777
CMR,Cameroon,2021,EN.POP.DNST,56.9392608576083
CMR,Cameroon,2020,EN.POP.DNST,55.4474371178947
CMR,Cameroon,2019,EN.POP.DNST,53.9571724736096
CMR,Cameroon,2018,EN.POP.DNST,52.4769583888642
CMR,Cameroon,2017,EN.POP.DNST,51.0431363838294
CMR,Cameroon,2016,EN.POP.DNST,49.6163842525015
CMR,Cameroon,2015,EN.POP.DNST,48.1551352837892
CMR,Cameroon,2014,EN.POP.DNST,46.6668634046244
CMR,Cameroon,2013,EN.POP.DNST,45.2759112352182
CMR,Cameroon,2012,EN.POP.DNST,44.0217659876034
CMR,Cameroon,2011,EN.POP.DNST,42.8006684859639
CMR,Cameroon,2010,EN.POP.DNST,41.607044488164
CMR,Cameroon,2009,EN.POP.DNST,40.4348839669142
CMR,Cameroon,2008,EN.POP.DNST,39.2927080027924
CMR,Cameroon,2007,EN.POP.DNST,38.1838674874659
CMR,Cameroon,2006,EN.POP.DNST,37.1272175329483
CMR,Cameroon,2005,EN.POP.DNST,36.1206532546381
CAN,Canada,2023,EN.POP.DNST,4.5568841808231
CAN,Canada,2022,EN.POP.DNST,4.43184225198266
CAN,Canada,2021,EN.POP.DNST,4.351026204103
CAN,Canada,2020,EN.POP.DNST,4.24162135453439
CAN,Canada,2019,EN.POP.DNST,4.19587500655283
CAN,Canada,2018,EN.POP.DNST,4.13498944297029
CAN,Canada,2017,EN.POP.DNST,4.07614836279598
CAN,Canada,2016,EN.POP.DNST,4.02771072511681
CAN,Canada,2015,EN.POP.DNST,3.98239245827659
CAN,Canada,2014,EN.POP.DNST,3.9522291338328
CAN,Canada,2013,EN.POP.DNST,3.91284812265562
CAN,Canada,2012,EN.POP.DNST,3.8718472515473
CAN,Canada,2011,EN.POP.DNST,3.83011279793076
CAN,Canada,2010,EN.POP.DNST,3.79293521117963
CAN,Canada,2009,EN.POP.DNST,3.75101571675707
CAN,Canada,2008,EN.POP.DNST,3.70832237476842
CAN,Canada,2007,EN.POP.DNST,3.66834597611535
CAN,Canada,2006,EN.POP.DNST,3.63291127522004
CAN,Canada,2005,EN.POP.DNST,3.59627553791775
CYM,Cayman Islands,2023,EN.POP.DNST,304.325
CYM,Cayman Islands,2022,EN.POP.DNST,298.295833333333
CYM,Cayman Islands,2021,EN.POP.DNST,292.116666666667
CYM,Cayman Islands,2020,EN.POP.DNST,286.183333333333
CYM,Cayman Islands,2019,EN.POP.DNST,280.529166666667
CYM,Cayman Islands,2018,EN.POP.DNST,274.754166666667
CYM,Cayman Islands,2017,EN.POP.DNST,268.895833333333
CYM,Cayman Islands,2016,EN.POP.DNST,262.916666666667
CYM,Cayman Islands,2015,EN.POP.DNST,256.841666666667
CYM,Cayman Islands,2014,EN.POP.DNST,250.666666666667
CYM,Cayman Islands,2013,EN.POP.DNST,244.395833333333
CYM,Cayman Islands,2012,EN.POP.DNST,238.066666666667
CYM,Cayman Islands,2011,EN.POP.DNST,231.691666666667
CYM,Cayman Islands,2010,EN.POP.DNST,225.4125
CYM,Cayman Islands,2009,EN.POP.DNST,219.241666666667
CYM,Cayman Islands,2008,EN.POP.DNST,213.129166666667
CYM,Cayman Islands,2007,EN.POP.DNST,207.029166666667
CYM,Cayman Islands,2006,EN.POP.DNST,200.966666666667
CYM,Cayman Islands,2005,EN.POP.DNST,194.95
CAF,Central African Republic,2023,EN.POP.DNST,8.27060419275097
CAF,Central African Republic,2022,EN.POP.DNST,8.18331086070179
CAF,Central African Republic,2021,EN.POP.DNST,8.20588140871296
CAF,Central African Republic,2020,EN.POP.DNST,8.06868278275386
CAF,Central African Republic,2019,EN.POP.DNST,7.93717775851552
CAF,Central African Republic,2018,EN.POP.DNST,7.83116151401329
CAF,Central African Republic,2017,EN.POP.DNST,7.6944861793316
CAF,Central African Republic,2016,EN.POP.DNST,7.56631513050178
CAF,Central African Republic,2015,EN.POP.DNST,7.430928761758
CAF,Central African Republic,2014,EN.POP.DNST,7.42107611801342
CAF,Central African Republic,2013,EN.POP.DNST,7.45195511894443
CAF,Central African Republic,2012,EN.POP.DNST,7.40127772962214
CAF,Central African Republic,2011,EN.POP.DNST,7.32771678063501
CAF,Central African Republic,2010,EN.POP.DNST,7.21210151208707
CAF,Central African Republic,2009,EN.POP.DNST,7.26997174869177
CAF,Central African Republic,2008,EN.POP.DNST,7.31802626087515
CAF,Central African Republic,2007,EN.POP.DNST,7.16358470576905
CAF,Central African Republic,2006,EN.POP.DNST,7.02683713762882
CAF,Central African Republic,2005,EN.POP.DNST,6.88434620694083
TCD,Chad,2023,EN.POP.DNST,15.342331639136
TCD,Chad,2022,EN.POP.DNST,14.6563818297332
TCD,Chad,2021,EN.POP.DNST,14.1584124841169
TCD,Chad,2020,EN.POP.DNST,13.6790652795426
TCD,Chad,2019,EN.POP.DNST,13.2506535895807
TCD,Chad,2018,EN.POP.DNST,12.830790184244
TCD,Chad,2017,EN.POP.DNST,12.4068924714104
TCD,Chad,2016,EN.POP.DNST,12.0033791296061
TCD,Chad,2015,EN.POP.DNST,11.6324817344346
TCD,Chad,2014,EN.POP.DNST,11.2680098475222
TCD,Chad,2013,EN.POP.DNST,10.8728391041931
TCD,Chad,2012,EN.POP.DNST,10.4915803684879
TCD,Chad,2011,EN.POP.DNST,10.1294448856417
TCD,Chad,2010,EN.POP.DNST,9.77809323379924
TCD,Chad,2009,EN.POP.DNST,9.44548443456163
TCD,Chad,2008,EN.POP.DNST,9.11395806861499
TCD,Chad,2007,EN.POP.DNST,8.80055590851334
TCD,Chad,2006,EN.POP.DNST,8.50256035578145
TCD,Chad,2005,EN.POP.DNST,8.20210609911055
CHI,Channel Islands,2021,EN.POP.DNST,842.126262626263
CHI,Channel Islands,2020,EN.POP.DNST,839.570707070707
CHI,Channel Islands,2019,EN.POP.DNST,836.560606060606
CHI,Channel Islands,2018,EN.POP.DNST,833.075757575758
CHI,Channel Islands,2017,EN.POP.DNST,829.893939393939
CHI,Channel Islands,2016,EN.POP.DNST,827.691919191919
CHI,Channel Islands,2015,EN.POP.DNST,825.525252525253
CHI,Channel Islands,2014,EN.POP.DNST,821.848484848485
CHI,Channel Islands,2013,EN.POP.DNST,817.055555555556
CHI,Channel Islands,2012,EN.POP.DNST,811.954545454545
CHI,Channel Islands,2011,EN.POP.DNST,806.59595959596
CHI,Channel Islands,2010,EN.POP.DNST,801.116161616162
CHI,Channel Islands,2009,EN.POP.DNST,795.510101010101
CHI,Channel Islands,2008,EN.POP.DNST,789.939393939394
CHI,Channel Islands,2007,EN.POP.DNST,784.388888888889
CHI,Channel Islands,2006,EN.POP.DNST,778.858585858586
CHI,Channel Islands,2005,EN.POP.DNST,773.363636363636
CHL,Chile,2023,EN.POP.DNST,26.4647249005172
CHL,Chile,2022,EN.POP.DNST,26.3222982801325
CHL,Chile,2021,EN.POP.DNST,26.192118041714
CHL,Chile,2020,EN.POP.DNST,26.0767352343796
CHL,Chile,2019,EN.POP.DNST,25.84400416762
CHL,Chile,2018,EN.POP.DNST,25.4526848895971
CHL,Chile,2017,EN.POP.DNST,25.002288872834
CHL,Chile,2016,EN.POP.DNST,24.6093854617587
CHL,Chile,2015,EN.POP.DNST,24.333348398175
CHL,Chile,2014,EN.POP.DNST,24.0860324163393
CHL,Chile,2013,EN.POP.DNST,23.7878208335351
CHL,Chile,2012,EN.POP.DNST,23.5620242302954
CHL,Chile,2011,EN.POP.DNST,23.3370130673596
CHL,Chile,2010,EN.POP.DNST,23.107901206673
CHL,Chile,2009,EN.POP.DNST,22.876931994857
CHL,Chile,2008,EN.POP.DNST,22.6472942657478
CHL,Chile,2007,EN.POP.DNST,22.4221432298812
CHL,Chile,2006,EN.POP.DNST,22.2037450977228
CHL,Chile,2005,EN.POP.DNST,21.9879951367258
CHN,China,2023,EN.POP.DNST,150.264001337848
CHN,China,2022,EN.POP.DNST,150.42004812419
CHN,China,2021,EN.POP.DNST,150.439753691066
CHN,China,2020,EN.POP.DNST,150.305542803154
CHN,China,2019,EN.POP.DNST,149.948179684945
CHN,China,2018,EN.POP.DNST,149.417194545073
CHN,China,2017,EN.POP.DNST,148.720043543977
CHN,China,2016,EN.POP.DNST,147.822641376791
CHN,China,2015,EN.POP.DNST,146.977949259981
CHN,China,2014,EN.POP.DNST,146.125816729087
CHN,China,2013,EN.POP.DNST,145.207643927049
CHN,China,2012,EN.POP.DNST,144.243669001474
CHN,China,2011,EN.POP.DNST,143.268509836432
CHN,China,2010,EN.POP.DNST,142.487743405
CHN,China,2009,EN.POP.DNST,141.801244134798
CHN,China,2008,EN.POP.DNST,141.097705219827
CHN,China,2007,EN.POP.DNST,140.376588050196
CHN,China,2006,EN.POP.DNST,139.645342881819
CHN,China,2005,EN.POP.DNST,138.867766063821
COL,Colombia,2023,EN.POP.DNST,47.1574150518251
COL,Colombia,2022,EN.POP.DNST,46.6317656602073
COL,Colombia,2021,EN.POP.DNST,46.1362532672375
COL,Colombia,2020,EN.POP.DNST,45.6331653898152
COL,Colombia,2019,EN.POP.DNST,44.9824109959441
COL,Colombia,2018,EN.POP.DNST,44.1860883280757
COL,Colombia,2017,EN.POP.DNST,43.3808724650744
COL,Colombia,2016,EN.POP.DNST,42.7557566471383
COL,Colombia,2015,EN.POP.DNST,42.3343307796305
COL,Colombia,2014,EN.POP.DNST,41.969742226228
COL,Colombia,2013,EN.POP.DNST,41.5967408742677
COL,Colombia,2012,EN.POP.DNST,41.2039747634069
COL,Colombia,2011,EN.POP.DNST,40.7928021631365
COL,Colombia,2010,EN.POP.DNST,40.3581063542136
COL,Colombia,2009,EN.POP.DNST,39.9022451554754
COL,Colombia,2008,EN.POP.DNST,39.4401153672826
COL,Colombia,2007,EN.POP.DNST,38.9683406940063
COL,Colombia,2006,EN.POP.DNST,38.477768364128
COL,Colombia,2005,EN.POP.DNST,37.9711374493015
COM,Comoros,2023,EN.POP.DNST,456.951638903815
COM,Comoros,2022,EN.POP.DNST,448.247178936056
COM,Comoros,2021,EN.POP.DNST,439.642127888232
COM,Comoros,2020,EN.POP.DNST,431.038688876948
COM,Comoros,2019,EN.POP.DNST,422.664159054272
COM,Comoros,2018,EN.POP.DNST,414.610424502955
COM,Comoros,2017,EN.POP.DNST,406.592692101021
COM,Comoros,2016,EN.POP.DNST,398.571198280494
COM,Comoros,2015,EN.POP.DNST,390.479312197743
COM,Comoros,2014,EN.POP.DNST,382.322944653412
COM,Comoros,2013,EN.POP.DNST,374.095647501343
COM,Comoros,2012,EN.POP.DNST,366.270822138635
COM,Comoros,2011,EN.POP.DNST,358.976894142934
COM,Comoros,2010,EN.POP.DNST,351.873186458893
COM,Comoros,2009,EN.POP.DNST,344.94734013971
COM,Comoros,2008,EN.POP.DNST,338.155292853305
COM,Comoros,2007,EN.POP.DNST,331.502955400322
COM,Comoros,2006,EN.POP.DNST,324.961311123052
COM,Comoros,2005,EN.POP.DNST,318.472326706072
COD,"Congo, Dem. Rep.",2023,EN.POP.DNST,46.6640484329856
COD,"Congo, Dem. Rep.",2022,EN.POP.DNST,45.1674943208134
COD,"Congo, Dem. Rep.",2021,EN.POP.DNST,43.7347795593392
COD,"Congo, Dem. Rep.",2020,EN.POP.DNST,42.3413678569066
COD,"Congo, Dem. Rep.",2019,EN.POP.DNST,40.9992907081891
COD,"Congo, Dem. Rep.",2018,EN.POP.DNST,39.7201843805827
COD,"Congo, Dem. Rep.",2017,EN.POP.DNST,38.4126499194989
COD,"Congo, Dem. Rep.",2016,EN.POP.DNST,37.0333318629938
COD,"Congo, Dem. Rep.",2015,EN.POP.DNST,35.7449244613043
COD,"Congo, Dem. Rep.",2014,EN.POP.DNST,34.5838168545025
COD,"Congo, Dem. Rep.",2013,EN.POP.DNST,33.430844048433
COD,"Congo, Dem. Rep.",2012,EN.POP.DNST,32.3127491674202
COD,"Congo, Dem. Rep.",2011,EN.POP.DNST,31.2517637458371
COD,"Congo, Dem. Rep.",2010,EN.POP.DNST,30.2432844445425
COD,"Congo, Dem. Rep.",2009,EN.POP.DNST,29.2944769634547
COD,"Congo, Dem. Rep.",2008,EN.POP.DNST,28.4028424604662
COD,"Congo, Dem. Rep.",2007,EN.POP.DNST,27.5590533953817
COD,"Congo, Dem. Rep.",2006,EN.POP.DNST,26.7377905207208
COD,"Congo, Dem. Rep.",2005,EN.POP.DNST,25.9260819126177
COG,"Congo, Rep.",2023,EN.POP.DNST,18.1050805270864
COG,"Congo, Rep.",2022,EN.POP.DNST,17.6723396778917
COG,"Congo, Rep.",2021,EN.POP.DNST,17.2538301610542
COG,"Congo, Rep.",2020,EN.POP.DNST,16.845654465593
COG,"Congo, Rep.",2019,EN.POP.DNST,16.4470307467057
COG,"Congo, Rep.",2018,EN.POP.DNST,16.0559824304539
COG,"Congo, Rep.",2017,EN.POP.DNST,15.6691390922401
COG,"Congo, Rep.",2016,EN.POP.DNST,15.2929311859444
COG,"Congo, Rep.",2015,EN.POP.DNST,14.9270307467057
COG,"Congo, Rep.",2014,EN.POP.DNST,14.5706588579795
COG,"Congo, Rep.",2013,EN.POP.DNST,14.2228374816984
COG,"Congo, Rep.",2012,EN.POP.DNST,13.8812591508053
COG,"Congo, Rep.",2011,EN.POP.DNST,13.4984597364568
COG,"Congo, Rep.",2010,EN.POP.DNST,13.0667349926794
COG,"Congo, Rep.",2009,EN.POP.DNST,12.5365124450952
COG,"Congo, Rep.",2008,EN.POP.DNST,12.0454377745242
COG,"Congo, Rep.",2007,EN.POP.DNST,11.6557247437775
COG,"Congo, Rep.",2006,EN.POP.DNST,11.2369224011713
COG,"Congo, Rep.",2005,EN.POP.DNST,10.8239912152269
CRI,Costa Rica,2023,EN.POP.DNST,99.9906972189581
CRI,Costa Rica,2022,EN.POP.DNST,99.5253623188406
CRI,Costa Rica,2021,EN.POP.DNST,99.0988640814728
CRI,Costa Rica,2020,EN.POP.DNST,98.5961613787701
CRI,Costa Rica,2019,EN.POP.DNST,97.9152565609087
CRI,Costa Rica,2018,EN.POP.DNST,97.0978848413631
CRI,Costa Rica,2017,EN.POP.DNST,96.2235996866432
CRI,Costa Rica,2016,EN.POP.DNST,95.3191931061496
CRI,Costa Rica,2015,EN.POP.DNST,94.360321190756
CRI,Costa Rica,2014,EN.POP.DNST,93.3630826478653
CRI,Costa Rica,2013,EN.POP.DNST,92.3648061104583
CRI,Costa Rica,2012,EN.POP.DNST,91.3422248335292
CRI,Costa Rica,2011,EN.POP.DNST,90.2826674500588
CRI,Costa Rica,2010,EN.POP.DNST,89.2276145710928
CRI,Costa Rica,2009,EN.POP.DNST,88.1275166470819
CRI,Costa Rica,2008,EN.POP.DNST,86.9576184880533
CRI,Costa Rica,2007,EN.POP.DNST,85.7862906384645
CRI,Costa Rica,2006,EN.POP.DNST,84.63258911085
CRI,Costa Rica,2005,EN.POP.DNST,83.4555424990208
CIV,Cote d'Ivoire,2023,EN.POP.DNST,98.0052012578616
CIV,Cote d'Ivoire,2022,EN.POP.DNST,95.5817672955975
CIV,Cote d'Ivoire,2021,EN.POP.DNST,93.2067169811321
CIV,Cote d'Ivoire,2020,EN.POP.DNST,90.9290849056604
CIV,Cote d'Ivoire,2019,EN.POP.DNST,88.6572610062893
CIV,Cote d'Ivoire,2018,EN.POP.DNST,86.3653238993711
CIV,Cote d'Ivoire,2017,EN.POP.DNST,84.0672075471698
CIV,Cote d'Ivoire,2016,EN.POP.DNST,81.7276886792453
CIV,Cote d'Ivoire,2015,EN.POP.DNST,79.3910125786164
CIV,Cote d'Ivoire,2014,EN.POP.DNST,77.1301729559748
CIV,Cote d'Ivoire,2013,EN.POP.DNST,75.2823113207547
CIV,Cote d'Ivoire,2012,EN.POP.DNST,73.7958427672956
CIV,Cote d'Ivoire,2011,EN.POP.DNST,72.2704402515723
CIV,Cote d'Ivoire,2010,EN.POP.DNST,70.7171855345912
CIV,Cote d'Ivoire,2009,EN.POP.DNST,69.1759119496855
CIV,Cote d'Ivoire,2008,EN.POP.DNST,67.6554685534591
CIV,Cote d'Ivoire,2007,EN.POP.DNST,66.1338301886792
CIV,Cote d'Ivoire,2006,EN.POP.DNST,64.6125849056604
CIV,Cote d'Ivoire,2005,EN.POP.DNST,63.108358490566
HRV,Croatia,2023,EN.POP.DNST,68.9722301644031
HRV,Croatia,2022,EN.POP.DNST,68.8999463902788
HRV,Croatia,2021,EN.POP.DNST,69.3170300214439
HRV,Croatia,2020,EN.POP.DNST,69.946497498213
HRV,Croatia,2019,EN.POP.DNST,70.5701879779859
HRV,Croatia,2018,EN.POP.DNST,71.2739439639768
HRV,Croatia,2017,EN.POP.DNST,72.2144056893717
HRV,Croatia,2016,EN.POP.DNST,73.3840861982703
HRV,Croatia,2015,EN.POP.DNST,74.1856371953399
HRV,Croatia,2014,EN.POP.DNST,75.0767993710242
HRV,Croatia,2013,EN.POP.DNST,75.6543849617611
HRV,Croatia,2012,EN.POP.DNST,76.1269387463369
HRV,Croatia,2011,EN.POP.DNST,76.4888499749839
HRV,Croatia,2010,EN.POP.DNST,76.7533950396684
HRV,Croatia,2009,EN.POP.DNST,76.927685655064
HRV,Croatia,2008,EN.POP.DNST,77.0085233364306
HRV,Croatia,2007,EN.POP.DNST,77.0176720749053
HRV,Croatia,2006,EN.POP.DNST,77.0345043242084
HRV,Croatia,2005,EN.POP.DNST,77.0163855335573
CUB,Cuba,2023,EN.POP.DNST,106.165038535645
CUB,Cuba,2022,EN.POP.DNST,106.549325626204
CUB,Cuba,2021,EN.POP.DNST,107.149980732177
CUB,Cuba,2020,EN.POP.DNST,107.672003853565
CUB,Cuba,2019,EN.POP.DNST,107.927225433526
CUB,Cuba,2018,EN.POP.DNST,108.16105973025
CUB,Cuba,2017,EN.POP.DNST,108.360587668593
CUB,Cuba,2016,EN.POP.DNST,108.2815455594
CUB,Cuba,2015,EN.POP.DNST,108.309942363112
CUB,Cuba,2014,EN.POP.DNST,108.496202653336
CUB,Cuba,2013,EN.POP.DNST,108.40689886778
CUB,Cuba,2012,EN.POP.DNST,105.984819360707
CUB,Cuba,2011,EN.POP.DNST,105.757568101214
CUB,Cuba,2010,EN.POP.DNST,106.138754227734
CUB,Cuba,2009,EN.POP.DNST,106.113481773769
CUB,Cuba,2008,EN.POP.DNST,106.085700864337
CUB,Cuba,2007,EN.POP.DNST,106.043517474634
CUB,Cuba,2006,EN.POP.DNST,105.971530583482
CUB,Cuba,2005,EN.POP.DNST,105.811292747088
CUW,Curacao,2023,EN.POP.DNST,348.31981981982
CUW,Curacao,2022,EN.POP.DNST,345.317567567568
CUW,Curacao,2021,EN.POP.DNST,346.72972972973
CUW,Curacao,2020,EN.POP.DNST,350.184684684685
CUW,Curacao,2019,EN.POP.DNST,354.596846846847
CUW,Curacao,2018,EN.POP.DNST,358.864864864865
CUW,Curacao,2017,EN.POP.DNST,360.754504504504
CUW,Curacao,2016,EN.POP.DNST,359.603603603604
CUW,Curacao,2015,EN.POP.DNST,355.810810810811
CUW,Curacao,2014,EN.POP.DNST,351.146396396396
CUW,Curacao,2013,EN.POP.DNST,346.445945945946
CUW,Curacao,2012,EN.POP.DNST,342.540540540541
CUW,Curacao,2011,EN.POP.DNST,339.709459459459
CYP,Cyprus,2023,EN.POP.DNST,145.560173160173
CYP,Cyprus,2022,EN.POP.DNST,144.087662337662
CYP,Cyprus,2021,EN.POP.DNST,142.565909090909
CYP,Cyprus,2020,EN.POP.DNST,140.935822510823
CYP,Cyprus,2019,EN.POP.DNST,139.250108225108
CYP,Cyprus,2018,EN.POP.DNST,137.525649350649
CYP,Cyprus,2017,EN.POP.DNST,135.744047619048
CYP,Cyprus,2016,EN.POP.DNST,133.88658008658
CYP,Cyprus,2015,EN.POP.DNST,131.980735930736
CYP,Cyprus,2014,EN.POP.DNST,130.065043290043
CYP,Cyprus,2013,EN.POP.DNST,128.127164502165
CYP,Cyprus,2012,EN.POP.DNST,126.125216450216
CYP,Cyprus,2011,EN.POP.DNST,124.079329004329
CYP,Cyprus,2010,EN.POP.DNST,122.058008658009
CYP,Cyprus,2009,EN.POP.DNST,120.061796536797
CYP,Cyprus,2008,EN.POP.DNST,118.076406926407
CYP,Cyprus,2007,EN.POP.DNST,116.094588744589
CYP,Cyprus,2006,EN.POP.DNST,114.114502164502
CYP,Cyprus,2005,EN.POP.DNST,112.137554112554
CZE,Czechia,2023,EN.POP.DNST,140.785547662605
CZE,Czechia,2022,EN.POP.DNST,138.290511305111
CZE,Czechia,2021,EN.POP.DNST,136.108349053848
CZE,Czechia,2020,EN.POP.DNST,138.575928842168
CZE,Czechia,2019,EN.POP.DNST,138.226810266108
CZE,Czechia,2018,EN.POP.DNST,137.675534257221
CZE,Czechia,2017,EN.POP.DNST,137.21587877218
CZE,Czechia,2016,EN.POP.DNST,136.851858567543
CZE,Czechia,2015,EN.POP.DNST,136.589288952208
CZE,Czechia,2014,EN.POP.DNST,136.30337995338
CZE,Czechia,2013,EN.POP.DNST,136.159958559959
CZE,Czechia,2012,EN.POP.DNST,136.097177262722
CZE,Czechia,2011,EN.POP.DNST,135.90687556649
CZE,Czechia,2010,EN.POP.DNST,135.626181535673
CZE,Czechia,2009,EN.POP.DNST,135.214085965821
CZE,Czechia,2008,EN.POP.DNST,134.445921802175
CZE,Czechia,2007,EN.POP.DNST,133.318161812298
CZE,Czechia,2006,EN.POP.DNST,132.542459546926
CZE,Czechia,2005,EN.POP.DNST,132.166916903961
DNK,Denmark,2023,EN.POP.DNST,148.6738
DNK,Denmark,2022,EN.POP.DNST,147.575925
DNK,Denmark,2021,EN.POP.DNST,146.418325
DNK,Denmark,2020,EN.POP.DNST,145.7851
DNK,Denmark,2019,EN.POP.DNST,145.36055
DNK,Denmark,2018,EN.POP.DNST,144.8409
DNK,Denmark,2017,EN.POP.DNST,144.1245
DNK,Denmark,2016,EN.POP.DNST,143.20025
DNK,Denmark,2015,EN.POP.DNST,142.087075
DNK,Denmark,2014,EN.POP.DNST,141.086875
DNK,Denmark,2013,EN.POP.DNST,140.3733
DNK,Denmark,2012,EN.POP.DNST,139.7893
DNK,Denmark,2011,EN.POP.DNST,139.2643
DNK,Denmark,2010,EN.POP.DNST,138.692075
DNK,Denmark,2009,EN.POP.DNST,138.077375
DNK,Denmark,2008,EN.POP.DNST,137.340525
DNK,Denmark,2007,EN.POP.DNST,136.53595
DNK,Denmark,2006,EN.POP.DNST,135.9318
DNK,Denmark,2005,EN.POP.DNST,135.4858
DJI,Djibouti,2023,EN.POP.DNST,49.7387402933563
DJI,Djibouti,2022,EN.POP.DNST,49.0550474547023
DJI,Djibouti,2021,EN.POP.DNST,48.3713546160483
DJI,Djibouti,2020,EN.POP.DNST,47.6785159620362
DJI,Djibouti,2019,EN.POP.DNST,46.9676013805004
DJI,Djibouti,2018,EN.POP.DNST,46.2416738567731
DJI,Djibouti,2017,EN.POP.DNST,45.5065142364107
DJI,Djibouti,2016,EN.POP.DNST,44.7650129421915
DJI,Djibouti,2015,EN.POP.DNST,44.0169542709232
DJI,Djibouti,2014,EN.POP.DNST,43.2578515962036
DJI,Djibouti,2013,EN.POP.DNST,42.4859361518551
DJI,Djibouti,2012,EN.POP.DNST,41.7060828300259
DJI,Djibouti,2011,EN.POP.DNST,40.9213977566868
DJI,Djibouti,2010,EN.POP.DNST,40.1316220880069
DJI,Djibouti,2009,EN.POP.DNST,39.3238567730802
DJI,Djibouti,2008,EN.POP.DNST,38.5131147540984
DJI,Djibouti,2007,EN.POP.DNST,37.7276962899051
DJI,Djibouti,2006,EN.POP.DNST,36.9182053494392
DJI,Djibouti,2005,EN.POP.DNST,36.2022001725626
DMA,Dominica,2023,EN.POP.DNST,88.68
DMA,Dominica,2022,EN.POP.DNST,89.1013333333333
DMA,Dominica,2021,EN.POP.DNST,89.6026666666667
DMA,Dominica,2020,EN.POP.DNST,90.0973333333333
DMA,Dominica,2019,EN.POP.DNST,90.5066666666667
DMA,Dominica,2018,EN.POP.DNST,90.8986666666667
DMA,Dominica,2017,EN.POP.DNST,91.328
DMA,Dominica,2016,EN.POP.DNST,92.808
DMA,Dominica,2015,EN.POP.DNST,93.88
DMA,Dominica,2014,EN.POP.DNST,93.8306666666667
DMA,Dominica,2013,EN.POP.DNST,92.9533333333333
DMA,Dominica,2012,EN.POP.DNST,92.1573333333333
DMA,Dominica,2011,EN.POP.DNST,92.0706666666667
DMA,Dominica,2010,EN.POP.DNST,91.812
DMA,Dominica,2009,EN.POP.DNST,91.8186666666667
DMA,Dominica,2008,EN.POP.DNST,91.8053333333333
DMA,Dominica,2007,EN.POP.DNST,91.796
DMA,Dominica,2006,EN.POP.DNST,91.7413333333333
DMA,Dominica,2005,EN.POP.DNST,91.6453333333333
DOM,Dominican Republic,2023,EN.POP.DNST,235.098143035751
DOM,Dominican Republic,2022,EN.POP.DNST,233.012351959686
DOM,Dominican Republic,2021,EN.POP.DNST,230.786990834893
DOM,Dominican Republic,2020,EN.POP.DNST,228.397349102723
DOM,Dominican Republic,2019,EN.POP.DNST,226.026774543851
DOM,Dominican Republic,2018,EN.POP.DNST,223.18470296005
DOM,Dominican Republic,2017,EN.POP.DNST,220.799896501759
DOM,Dominican Republic,2016,EN.POP.DNST,218.410888014904
DOM,Dominican Republic,2015,EN.POP.DNST,215.997288346098
DOM,Dominican Republic,2014,EN.POP.DNST,213.527799627406
DOM,Dominican Republic,2013,EN.POP.DNST,211.008755951149
DOM,Dominican Republic,2012,EN.POP.DNST,208.453963982612
DOM,Dominican Republic,2011,EN.POP.DNST,205.870854895467
DOM,Dominican Republic,2010,EN.POP.DNST,203.274166839164
DOM,Dominican Republic,2009,EN.POP.DNST,200.688573794245
DOM,Dominican Republic,2008,EN.POP.DNST,198.160422272821
DOM,Dominican Republic,2007,EN.POP.DNST,195.728793210515
DOM,Dominican Republic,2006,EN.POP.DNST,193.359200993583
DOM,Dominican Republic,2005,EN.POP.DNST,190.954957565721
ECU,Ecuador,2023,EN.POP.DNST,72.3952448059269
ECU,Ecuador,2022,EN.POP.DNST,71.7663754227734
ECU,Ecuador,2021,EN.POP.DNST,71.1968674504751
ECU,Ecuador,2020,EN.POP.DNST,70.6477089708488
ECU,Ecuador,2019,EN.POP.DNST,69.8180906748269
ECU,Ecuador,2018,EN.POP.DNST,68.6485223063295
ECU,Ecuador,2017,EN.POP.DNST,67.4807497181511
ECU,Ecuador,2016,EN.POP.DNST,66.4565107102593
ECU,Ecuador,2015,EN.POP.DNST,65.4945442100177
ECU,Ecuador,2014,EN.POP.DNST,64.5640360766629
ECU,Ecuador,2013,EN.POP.DNST,63.6460299565147
ECU,Ecuador,2012,EN.POP.DNST,62.700088581092
ECU,Ecuador,2011,EN.POP.DNST,61.7097237880496
ECU,Ecuador,2010,EN.POP.DNST,60.7050048316959
ECU,Ecuador,2009,EN.POP.DNST,59.6954179416975
ECU,Ecuador,2008,EN.POP.DNST,58.6857867611532
ECU,Ecuador,2007,EN.POP.DNST,57.6935617651796
ECU,Ecuador,2006,EN.POP.DNST,56.7165847962635
ECU,Ecuador,2005,EN.POP.DNST,55.7503744564342
EGY,"Egypt, Arab Rep.",2023,EN.POP.DNST,115.059291777588
EGY,"Egypt, Arab Rep.",2022,EN.POP.DNST,113.13300517354
EGY,"Egypt, Arab Rep.",2021,EN.POP.DNST,111.464169973379
EGY,"Egypt, Arab Rep.",2020,EN.POP.DNST,109.814781254709
EGY,"Egypt, Arab Rep.",2019,EN.POP.DNST,108.044761665578
EGY,"Egypt, Arab Rep.",2018,EN.POP.DNST,106.165145411623
EGY,"Egypt, Arab Rep.",2017,EN.POP.DNST,104.170030639409
EGY,"Egypt, Arab Rep.",2016,EN.POP.DNST,102.109185795369
EGY,"Egypt, Arab Rep.",2015,EN.POP.DNST,100.052581244663
EGY,"Egypt, Arab Rep.",2014,EN.POP.DNST,97.9744376914963
EGY,"Egypt, Arab Rep.",2013,EN.POP.DNST,95.7693033301522
EGY,"Egypt, Arab Rep.",2012,EN.POP.DNST,93.5868210357125
EGY,"Egypt, Arab Rep.",2011,EN.POP.DNST,91.5094268923602
EGY,"Egypt, Arab Rep.",2010,EN.POP.DNST,89.6037691496308
EGY,"Egypt, Arab Rep.",2009,EN.POP.DNST,87.9015882264303
EGY,"Egypt, Arab Rep.",2008,EN.POP.DNST,86.2572595308654
EGY,"Egypt, Arab Rep.",2007,EN.POP.DNST,84.6614345270983
EGY,"Egypt, Arab Rep.",2006,EN.POP.DNST,83.0784097644281
EGY,"Egypt, Arab Rep.",2005,EN.POP.DNST,81.4717002360741
SLV,El Salvador,2023,EN.POP.DNST,304.518532818533
SLV,El Salvador,2022,EN.POP.DNST,303.104198841699
SLV,El Salvador,2021,EN.POP.DNST,301.919980694981
SLV,El Salvador,2020,EN.POP.DNST,300.901206563707
SLV,El Salvador,2019,EN.POP.DNST,300.304922779923
SLV,El Salvador,2018,EN.POP.DNST,300.183735521236
SLV,El Salvador,2017,EN.POP.DNST,299.880936293436
SLV,El Salvador,2016,EN.POP.DNST,299.266409266409
SLV,El Salvador,2015,EN.POP.DNST,298.439961389961
SLV,El Salvador,2014,EN.POP.DNST,297.439913127413
SLV,El Salvador,2013,EN.POP.DNST,296.276013513514
SLV,El Salvador,2012,EN.POP.DNST,295.076013513513
SLV,El Salvador,2011,EN.POP.DNST,293.925048262548
SLV,El Salvador,2010,EN.POP.DNST,292.86916023166
SLV,El Salvador,2009,EN.POP.DNST,291.905357142857
SLV,El Salvador,2008,EN.POP.DNST,290.989237451737
SLV,El Salvador,2007,EN.POP.DNST,290.049420849421
SLV,El Salvador,2006,EN.POP.DNST,289.68721042471
SLV,El Salvador,2005,EN.POP.DNST,289.844498069498
GNQ,Equatorial Guinea,2023,EN.POP.DNST,65.8662745098039
GNQ,Equatorial Guinea,2022,EN.POP.DNST,64.297504456328
GNQ,Equatorial Guinea,2021,EN.POP.DNST,62.7018181818182
GNQ,Equatorial Guinea,2020,EN.POP.DNST,61.1931550802139
GNQ,Equatorial Guinea,2019,EN.POP.DNST,59.5428520499109
GNQ,Equatorial Guinea,2018,EN.POP.DNST,57.6264527629233
GNQ,Equatorial Guinea,2017,EN.POP.DNST,55.7003921568627
GNQ,Equatorial Guinea,2016,EN.POP.DNST,53.7677718360071
GNQ,Equatorial Guinea,2015,EN.POP.DNST,51.8332620320856
GNQ,Equatorial Guinea,2014,EN.POP.DNST,49.9047415329768
GNQ,Equatorial Guinea,2013,EN.POP.DNST,47.9935115864528
GNQ,Equatorial Guinea,2012,EN.POP.DNST,46.1134759358289
GNQ,Equatorial Guinea,2011,EN.POP.DNST,44.272192513369
GNQ,Equatorial Guinea,2010,EN.POP.DNST,42.3916221033868
GNQ,Equatorial Guinea,2009,EN.POP.DNST,40.4874509803922
GNQ,Equatorial Guinea,2008,EN.POP.DNST,38.6641711229947
GNQ,Equatorial Guinea,2007,EN.POP.DNST,36.935614973262
GNQ,Equatorial Guinea,2006,EN.POP.DNST,35.3063458110517
GNQ,Equatorial Guinea,2005,EN.POP.DNST,33.7742245989305
ERI,Eritrea,2023,EN.POP.DNST,28.638732049164
ERI,Eritrea,2022,EN.POP.DNST,28.1358115568642
ERI,Eritrea,2021,EN.POP.DNST,27.6467466920618
ERI,Eritrea,2020,EN.POP.DNST,27.1914115855899
ERI,Eritrea,2019,EN.POP.DNST,26.7606490641362
ERI,Eritrea,2018,EN.POP.DNST,26.3695100817645
ERI,Eritrea,2017,EN.POP.DNST,26.0206072238481
ERI,Eritrea,2016,EN.POP.DNST,25.8074296058691
ERI,Eritrea,2015,EN.POP.DNST,25.6468528978016
ERI,Eritrea,2014,EN.POP.DNST,25.572294764578
ERI,Eritrea,2013,EN.POP.DNST,25.3975905581196
ERI,Eritrea,2012,EN.POP.DNST,25.0820517513238
ERI,Eritrea,2011,EN.POP.DNST,24.7626561652109
ERI,Eritrea,2010,EN.POP.DNST,24.3272910774296
ERI,Eritrea,2009,EN.POP.DNST,23.8530992984597
ERI,Eritrea,2008,EN.POP.DNST,23.2643755206101
ERI,Eritrea,2007,EN.POP.DNST,22.6651485964038
ERI,Eritrea,2006,EN.POP.DNST,22.3422474247986
ERI,Eritrea,2005,EN.POP.DNST,21.9889099906246
EST,Estonia,2023,EN.POP.DNST,32.0684764802247
EST,Estonia,2022,EN.POP.DNST,31.5665808565411
EST,Estonia,2021,EN.POP.DNST,31.1329122807018
EST,Estonia,2020,EN.POP.DNST,31.0999298245614
EST,Estonia,2019,EN.POP.DNST,31.0385497076023
EST,Estonia,2018,EN.POP.DNST,30.9234385964912
EST,Estonia,2017,EN.POP.DNST,30.816
EST,Estonia,2016,EN.POP.DNST,30.2689210950081
EST,Estonia,2015,EN.POP.DNST,30.26011042098
EST,Estonia,2014,EN.POP.DNST,30.2402806533241
EST,Estonia,2013,EN.POP.DNST,30.3196917414309
EST,Estonia,2012,EN.POP.DNST,31.2030195800896
EST,Estonia,2011,EN.POP.DNST,31.3149091766926
EST,Estonia,2010,EN.POP.DNST,31.4101203113942
EST,Estonia,2009,EN.POP.DNST,31.4818353385232
EST,Estonia,2008,EN.POP.DNST,31.5425807973579
EST,Estonia,2007,EN.POP.DNST,31.6272705826846
EST,Estonia,2006,EN.POP.DNST,31.7718801604152
EST,Estonia,2005,EN.POP.DNST,31.9597782495872
SWZ,Eswatini,2023,EN.POP.DNST,71.5410465116279
SWZ,Eswatini,2022,EN.POP.DNST,70.8672674418605
SWZ,Eswatini,2021,EN.POP.DNST,70.1507558139535
SWZ,Eswatini,2020,EN.POP.DNST,69.3447093023256
SWZ,Eswatini,2019,EN.POP.DNST,68.5973255813954
SWZ,Eswatini,2018,EN.POP.DNST,67.960988372093
SWZ,Eswatini,2017,EN.POP.DNST,67.3369186046512
SWZ,Eswatini,2016,EN.POP.DNST,66.8318023255814
SWZ,Eswatini,2015,EN.POP.DNST,66.4426162790698
SWZ,Eswatini,2014,EN.POP.DNST,66.0638953488372
SWZ,Eswatini,2013,EN.POP.DNST,65.6970930232558
SWZ,Eswatini,2012,EN.POP.DNST,65.3408720930233
SWZ,Eswatini,2011,EN.POP.DNST,64.9902906976744
SWZ,Eswatini,2010,EN.POP.DNST,64.6308139534884
SWZ,Eswatini,2009,EN.POP.DNST,64.2530813953488
SWZ,Eswatini,2008,EN.POP.DNST,63.8425
SWZ,Eswatini,2007,EN.POP.DNST,63.4130813953488
SWZ,Eswatini,2006,EN.POP.DNST,63.0486046511628
SWZ,Eswatini,2005,EN.POP.DNST,62.7338372093023
ETH,Ethiopia,2023,EN.POP.DNST,114.037952012
ETH,Ethiopia,2022,EN.POP.DNST,111.107151376678
ETH,Ethiopia,2021,EN.POP.DNST,108.230378298522
ETH,Ethiopia,2020,EN.POP.DNST,105.370090895445
ETH,Ethiopia,2019,EN.POP.DNST,102.552159549746
ETH,Ethiopia,2018,EN.POP.DNST,99.8298825389562
ETH,Ethiopia,2017,EN.POP.DNST,97.1744352590326
ETH,Ethiopia,2016,EN.POP.DNST,94.5614799764478
ETH,Ethiopia,2015,EN.POP.DNST,92.0367822337439
ETH,Ethiopia,2014,EN.POP.DNST,89.598740246565
ETH,Ethiopia,2013,EN.POP.DNST,87.224157853982
ETH,Ethiopia,2012,EN.POP.DNST,84.8841807786957
ETH,Ethiopia,2011,EN.POP.DNST,82.537679592612
ETH,Ethiopia,2010,EN.POP.DNST,80.224030211657
ETH,Ethiopia,2009,EN.POP.DNST,77.9802631357432
ETH,Ethiopia,2008,EN.POP.DNST,75.7983969601131
ETH,Ethiopia,2007,EN.POP.DNST,73.6318622061839
ETH,Ethiopia,2006,EN.POP.DNST,71.5067748631684
ETH,Ethiopia,2005,EN.POP.DNST,69.4377847665754
FRO,Faroe Islands,2023,EN.POP.DNST,39.7065693430657
FRO,Faroe Islands,2022,EN.POP.DNST,39.3452554744526
FRO,Faroe Islands,2021,EN.POP.DNST,38.8985401459854
FRO,Faroe Islands,2020,EN.POP.DNST,38.4780380673499
FRO,Faroe Islands,2019,EN.POP.DNST,37.0988538681948
FRO,Faroe Islands,2018,EN.POP.DNST,36.5308022922636
FRO,Faroe Islands,2017,EN.POP.DNST,35.9448424068768
FRO,Faroe Islands,2016,EN.POP.DNST,35.4319484240688
FRO,Faroe Islands,2015,EN.POP.DNST,35.0272206303725
FRO,Faroe Islands,2014,EN.POP.DNST,34.6898280802292
FRO,Faroe Islands,2013,EN.POP.DNST,34.5594555873925
FRO,Faroe Islands,2012,EN.POP.DNST,34.5916905444126
FRO,Faroe Islands,2011,EN.POP.DNST,34.7722063037249
FRO,Faroe Islands,2010,EN.POP.DNST,34.8538681948424
FRO,Faroe Islands,2009,EN.POP.DNST,34.9498567335244
FRO,Faroe Islands,2008,EN.POP.DNST,34.775787965616
FRO,Faroe Islands,2007,EN.POP.DNST,34.6547277936963
FRO,Faroe Islands,2006,EN.POP.DNST,34.6239255014327
FRO,Faroe Islands,2005,EN.POP.DNST,34.64111747851
FJI,Fiji,2023,EN.POP.DNST,50.5826491516147
FJI,Fiji,2022,EN.POP.DNST,50.3241379310345
FJI,Fiji,2021,EN.POP.DNST,50.1757525998905
FJI,Fiji,2020,EN.POP.DNST,50.0800766283525
FJI,Fiji,2019,EN.POP.DNST,50.0765736179529
FJI,Fiji,2018,EN.POP.DNST,50.2014230979748
FJI,Fiji,2017,EN.POP.DNST,50.2878489326765
FJI,Fiji,2016,EN.POP.DNST,50.3101258894362
FJI,Fiji,2015,EN.POP.DNST,50.2779419813903
FJI,Fiji,2014,EN.POP.DNST,50.2235905856596
FJI,Fiji,2013,EN.POP.DNST,50.1561029009305
FJI,Fiji,2012,EN.POP.DNST,50.0776135741653
FJI,Fiji,2011,EN.POP.DNST,49.972030651341
FJI,Fiji,2010,EN.POP.DNST,49.8313628899836
FJI,Fiji,2009,EN.POP.DNST,49.6573070607553
FJI,Fiji,2008,EN.POP.DNST,49.4471264367816
FJI,Fiji,2007,EN.POP.DNST,49.1424192665572
FJI,Fiji,2006,EN.POP.DNST,48.7337164750958
FJI,Fiji,2005,EN.POP.DNST,48.2966064586754
FIN,Finland,2023,EN.POP.DNST,18.3705454665088
FIN,Finland,2022,EN.POP.DNST,18.2798093224591
FIN,Finland,2021,EN.POP.DNST,18.2301659134121
FIN,Finland,2020,EN.POP.DNST,18.1928768835954
FIN,Finland,2019,EN.POP.DNST,18.1673609054717
FIN,Finland,2018,EN.POP.DNST,18.1479501184522
FIN,Finland,2017,EN.POP.DNST,18.1238944459068
FIN,Finland,2016,EN.POP.DNST,18.0820078312658
FIN,Finland,2015,EN.POP.DNST,18.0301108880919
FIN,Finland,2014,EN.POP.DNST,17.9720030274112
FIN,Finland,2013,EN.POP.DNST,17.8978314521702
FIN,Finland,2012,EN.POP.DNST,17.8155615518773
FIN,Finland,2011,EN.POP.DNST,17.7309947678436
FIN,Finland,2010,EN.POP.DNST,17.6484106614018
FIN,Finland,2009,EN.POP.DNST,17.5678545574202
FIN,Finland,2008,EN.POP.DNST,17.4840375123396
FIN,Finland,2007,EN.POP.DNST,17.3919563287185
FIN,Finland,2006,EN.POP.DNST,17.3169839860577
FIN,Finland,2005,EN.POP.DNST,17.2234676122
FRA,France,2023,EN.POP.DNST,126.862020595603
FRA,France,2022,EN.POP.DNST,126.513511457464
FRA,France,2021,EN.POP.DNST,125.879601076167
FRA,France,2020,EN.POP.DNST,125.431134613601
FRA,France,2019,EN.POP.DNST,125.024698023935
FRA,France,2018,EN.POP.DNST,124.609607570276
FRA,France,2017,EN.POP.DNST,124.163688653864
FRA,France,2016,EN.POP.DNST,123.803885332591
FRA,France,2015,EN.POP.DNST,123.477636144355
FRA,France,2014,EN.POP.DNST,123.039367288246
FRA,France,2013,EN.POP.DNST,122.456502458484
FRA,France,2012,EN.POP.DNST,121.825139623342
FRA,France,2011,EN.POP.DNST,121.237276185175
FRA,France,2010,EN.POP.DNST,120.653513312923
FRA,France,2009,EN.POP.DNST,120.060183690509
FRA,France,2008,EN.POP.DNST,119.445432785973
FRA,France,2007,EN.POP.DNST,118.780758883013
FRA,France,2006,EN.POP.DNST,118.048690973189
FRA,France,2005,EN.POP.DNST,117.229527785509
PYF,French Polynesia,2023,EN.POP.DNST,80.990492653414
PYF,French Polynesia,2022,EN.POP.DNST,80.7772976087583
PYF,French Polynesia,2021,EN.POP.DNST,80.6084701815039
PYF,French Polynesia,2020,EN.POP.DNST,80.4405070584846
PYF,French Polynesia,2019,EN.POP.DNST,80.3900893114376
PYF,French Polynesia,2018,EN.POP.DNST,80.6150965139729
PYF,French Polynesia,2017,EN.POP.DNST,80.6934600979545
PYF,French Polynesia,2016,EN.POP.DNST,80.431575914722
PYF,French Polynesia,2015,EN.POP.DNST,80.0535868625756
PYF,French Polynesia,2014,EN.POP.DNST,79.6274848746759
PYF,French Polynesia,2013,EN.POP.DNST,79.1495246326707
PYF,French Polynesia,2012,EN.POP.DNST,78.675885911841
PYF,French Polynesia,2011,EN.POP.DNST,78.2849322961683
PYF,French Polynesia,2010,EN.POP.DNST,77.9544799769519
PYF,French Polynesia,2009,EN.POP.DNST,77.637856525497
PYF,French Polynesia,2008,EN.POP.DNST,77.320368769807
PYF,French Polynesia,2007,EN.POP.DNST,76.7611639297033
PYF,French Polynesia,2006,EN.POP.DNST,75.8349178910977
PYF,French Polynesia,2005,EN.POP.DNST,74.7643330452319
GAB,Gabon,2023,EN.POP.DNST,9.64329956921644
GAB,Gabon,2022,EN.POP.DNST,9.43356618931191
GAB,Gabon,2021,EN.POP.DNST,9.22389878526798
GAB,Gabon,2020,EN.POP.DNST,9.01361819381379
GAB,Gabon,2019,EN.POP.DNST,8.80081499592502
GAB,Gabon,2018,EN.POP.DNST,8.58585788023441
GAB,Gabon,2017,EN.POP.DNST,8.37078433655451
GAB,Gabon,2016,EN.POP.DNST,8.15114681569449
GAB,Gabon,2015,EN.POP.DNST,7.92094151434005
GAB,Gabon,2014,EN.POP.DNST,7.67803391935421
GAB,Gabon,2013,EN.POP.DNST,7.42445375868359
GAB,Gabon,2012,EN.POP.DNST,7.16765242364264
GAB,Gabon,2011,EN.POP.DNST,6.91576434974968
GAB,Gabon,2010,EN.POP.DNST,6.67473512632437
GAB,Gabon,2009,EN.POP.DNST,6.44838747234835
GAB,Gabon,2008,EN.POP.DNST,6.23733845616486
GAB,Gabon,2007,EN.POP.DNST,6.03965149221873
GAB,Gabon,2006,EN.POP.DNST,5.85375480265456
GAB,Gabon,2005,EN.POP.DNST,5.67972600613187
GMB,"Gambia, The",2023,EN.POP.DNST,266.5854743083
GMB,"Gambia, The",2022,EN.POP.DNST,260.520750988142
GMB,"Gambia, The",2021,EN.POP.DNST,254.546442687747
GMB,"Gambia, The",2020,EN.POP.DNST,248.590217391304
GMB,"Gambia, The",2019,EN.POP.DNST,242.771146245059
GMB,"Gambia, The",2018,EN.POP.DNST,237.117786561265
GMB,"Gambia, The",2017,EN.POP.DNST,231.441600790514
GMB,"Gambia, The",2016,EN.POP.DNST,225.668873517787
GMB,"Gambia, The",2015,EN.POP.DNST,219.815118577075
GMB,"Gambia, The",2014,EN.POP.DNST,213.886166007905
GMB,"Gambia, The",2013,EN.POP.DNST,207.887351778656
GMB,"Gambia, The",2012,EN.POP.DNST,201.886758893281
GMB,"Gambia, The",2011,EN.POP.DNST,196.026086956522
GMB,"Gambia, The",2010,EN.POP.DNST,190.378458498024
GMB,"Gambia, The",2009,EN.POP.DNST,184.923122529644
GMB,"Gambia, The",2008,EN.POP.DNST,179.629644268775
GMB,"Gambia, The",2007,EN.POP.DNST,174.483596837945
GMB,"Gambia, The",2006,EN.POP.DNST,169.493577075099
GMB,"Gambia, The",2005,EN.POP.DNST,164.726976284585
GEO,Georgia,2023,EN.POP.DNST,65.0037265124742
GEO,Georgia,2022,EN.POP.DNST,64.9515728331992
GEO,Georgia,2021,EN.POP.DNST,64.8834808775675
GEO,Georgia,2020,EN.POP.DNST,65.1302704783232
GEO,Georgia,2019,EN.POP.DNST,65.0855698239966
GEO,Georgia,2018,EN.POP.DNST,65.197330207495
GEO,Georgia,2017,EN.POP.DNST,65.2227859617201
GEO,Georgia,2016,EN.POP.DNST,65.2140557752196
GEO,Georgia,2015,EN.POP.DNST,65.1750586094685
GEO,Georgia,2014,EN.POP.DNST,65.0725007872914
GEO,Georgia,2013,EN.POP.DNST,65.0419538822212
GEO,Georgia,2012,EN.POP.DNST,65.238006928164
GEO,Georgia,2011,EN.POP.DNST,65.7203016200707
GEO,Georgia,2010,EN.POP.DNST,66.2496063543161
GEO,Georgia,2009,EN.POP.DNST,66.7346478183281
GEO,Georgia,2008,EN.POP.DNST,67.3300150460128
GEO,Georgia,2007,EN.POP.DNST,67.5348682599111
GEO,Georgia,2006,EN.POP.DNST,67.8880821582281
GEO,Georgia,2005,EN.POP.DNST,68.2751145946324
DEU,Germany,2023,EN.POP.DNST,238.351810090719
DEU,Germany,2022,EN.POP.DNST,238.086252003664
DEU,Germany,2021,EN.POP.DNST,238.118085806692
DEU,Germany,2020,EN.POP.DNST,238.017318755545
DEU,Germany,2019,EN.POP.DNST,237.822954291766
DEU,Germany,2018,EN.POP.DNST,237.294012250272
DEU,Germany,2017,EN.POP.DNST,236.588722557747
DEU,Germany,2016,EN.POP.DNST,235.712929356538
DEU,Germany,2015,EN.POP.DNST,234.152986871524
DEU,Germany,2014,EN.POP.DNST,232.108053883634
DEU,Germany,2013,EN.POP.DNST,231.155712565925
DEU,Germany,2012,EN.POP.DNST,230.750625466231
DEU,Germany,2011,EN.POP.DNST,230.304633348634
DEU,Germany,2010,EN.POP.DNST,234.606908225034
DEU,Germany,2009,EN.POP.DNST,234.939637417171
DEU,Germany,2008,EN.POP.DNST,235.522178240542
DEU,Germany,2007,EN.POP.DNST,235.943361918146
DEU,Germany,2006,EN.POP.DNST,236.225197866483
DEU,Germany,2005,EN.POP.DNST,236.464680582636
GHA,Ghana,2023,EN.POP.DNST,148.49676310689
GHA,Ghana,2022,EN.POP.DNST,145.689425270181
GHA,Ghana,2021,EN.POP.DNST,142.918455784436
GHA,Ghana,2020,EN.POP.DNST,140.147712389575
GHA,Ghana,2019,EN.POP.DNST,137.382028101418
GHA,Ghana,2018,EN.POP.DNST,134.647029093786
GHA,Ghana,2017,EN.POP.DNST,131.88166476224
GHA,Ghana,2016,EN.POP.DNST,129.017939702909
GHA,Ghana,2015,EN.POP.DNST,126.114388678914
GHA,Ghana,2014,EN.POP.DNST,123.238076821658
GHA,Ghana,2013,EN.POP.DNST,120.357708534763
GHA,Ghana,2012,EN.POP.DNST,117.492607893118
GHA,Ghana,2011,EN.POP.DNST,114.683519381208
GHA,Ghana,2010,EN.POP.DNST,111.958315021535
GHA,Ghana,2009,EN.POP.DNST,109.267223345346
GHA,Ghana,2008,EN.POP.DNST,106.574430869298
GHA,Ghana,2007,EN.POP.DNST,103.903836688055
GHA,Ghana,2006,EN.POP.DNST,101.260007031731
GHA,Ghana,2005,EN.POP.DNST,98.6615012745012
GIB,Gibraltar,2023,EN.POP.DNST,3847.1
GIB,Gibraltar,2022,EN.POP.DNST,3760.9
GIB,Gibraltar,2021,EN.POP.DNST,3685.8
GIB,Gibraltar,2020,EN.POP.DNST,3617.3
GIB,Gibraltar,2019,EN.POP.DNST,3549.4
GIB,Gibraltar,2018,EN.POP.DNST,3485.4
GIB,Gibraltar,2017,EN.POP.DNST,3424.5
GIB,Gibraltar,2016,EN.POP.DNST,3365.8
GIB,Gibraltar,2015,EN.POP.DNST,3319.3
GIB,Gibraltar,2014,EN.POP.DNST,3281.3
GIB,Gibraltar,2013,EN.POP.DNST,3240.7
GIB,Gibraltar,2012,EN.POP.DNST,3202.9
GIB,Gibraltar,2011,EN.POP.DNST,3166.0
GIB,Gibraltar,2010,EN.POP.DNST,3124.8
GIB,Gibraltar,2009,EN.POP.DNST,3082.3
GIB,Gibraltar,2008,EN.POP.DNST,3041.3
GIB,Gibraltar,2007,EN.POP.DNST,3000.6
GIB,Gibraltar,2006,EN.POP.DNST,2959.4
GIB,Gibraltar,2005,EN.POP.DNST,2916.3
GRC,Greece,2023,EN.POP.DNST,80.7397284716835
GRC,Greece,2022,EN.POP.DNST,80.9759891388673
GRC,Greece,2021,EN.POP.DNST,82.0025601241272
GRC,Greece,2020,EN.POP.DNST,82.999216446858
GRC,Greece,2019,EN.POP.DNST,83.1775174553918
GRC,Greece,2018,EN.POP.DNST,83.2651823118697
GRC,Greece,2017,EN.POP.DNST,83.4342823894492
GRC,Greece,2016,EN.POP.DNST,83.5994647013189
GRC,Greece,2015,EN.POP.DNST,83.947889837083
GRC,Greece,2014,EN.POP.DNST,84.5028161365399
GRC,Greece,2013,EN.POP.DNST,85.067579519007
GRC,Greece,2012,EN.POP.DNST,85.6866640806827
GRC,Greece,2011,EN.POP.DNST,86.1512723041117
GRC,Greece,2010,EN.POP.DNST,86.278828549263
GRC,Greece,2009,EN.POP.DNST,86.1677036462374
GRC,Greece,2008,EN.POP.DNST,85.9413576415826
GRC,Greece,2007,EN.POP.DNST,85.7135221101629
GRC,Greece,2006,EN.POP.DNST,85.4954383242824
GRC,Greece,2005,EN.POP.DNST,85.2390535298681
GRL,Greenland,2023,EN.POP.DNST,0.138543062492386
GRL,Greenland,2022,EN.POP.DNST,0.138046047021562
GRL,Greenland,2021,EN.POP.DNST,0.138026556218784
GRL,Greenland,2020,EN.POP.DNST,0.137329760019491
GRL,Greenland,2019,EN.POP.DNST,0.136983798270191
GRL,Greenland,2018,EN.POP.DNST,0.136491655500061
GRL,Greenland,2017,EN.POP.DNST,0.136854671701791
GRL,Greenland,2016,EN.POP.DNST,0.136888780606651
GRL,Greenland,2015,EN.POP.DNST,0.136713363381654
GRL,Greenland,2014,EN.POP.DNST,0.137154342794494
GRL,Greenland,2013,EN.POP.DNST,0.137612376659764
GRL,Greenland,2012,EN.POP.DNST,0.138409063223292
GRL,Greenland,2011,EN.POP.DNST,0.138603971251066
GRL,Greenland,2010,EN.POP.DNST,0.13773663052747
GRL,Greenland,2009,EN.POP.DNST,0.137222560604215
GRL,Greenland,2008,EN.POP.DNST,0.137234742355951
GRL,Greenland,2007,EN.POP.DNST,0.137787793884761
GRL,Greenland,2006,EN.POP.DNST,0.13832379096114
GRL,Greenland,2005,EN.POP.DNST,0.138713607016689
GRD,Grenada,2023,EN.POP.DNST,344.355882352941
GRD,Grenada,2022,EN.POP.DNST,343.861764705882
GRD,Grenada,2021,EN.POP.DNST,343.2
GRD,Grenada,2020,EN.POP.DNST,342.179411764706
GRD,Grenada,2019,EN.POP.DNST,341.120588235294
GRD,Grenada,2018,EN.POP.DNST,340.267647058824
GRD,Grenada,2017,EN.POP.DNST,339.523529411765
GRD,Grenada,2016,EN.POP.DNST,338.617647058824
GRD,Grenada,2015,EN.POP.DNST,337.282352941176
GRD,Grenada,2014,EN.POP.DNST,335.682352941176
GRD,Grenada,2013,EN.POP.DNST,333.785294117647
GRD,Grenada,2012,EN.POP.DNST,331.691176470588
GRD,Grenada,2011,EN.POP.DNST,329.644117647059
GRD,Grenada,2010,EN.POP.DNST,328.194117647059
GRD,Grenada,2009,EN.POP.DNST,327.217647058824
GRD,Grenada,2008,EN.POP.DNST,326.164705882353
GRD,Grenada,2007,EN.POP.DNST,325.064705882353
GRD,Grenada,2006,EN.POP.DNST,323.926470588235
GRD,Grenada,2005,EN.POP.DNST,322.747058823529
GUM,Guam,2023,EN.POP.DNST,308.344444444444
GUM,Guam,2022,EN.POP.DNST,305.888888888889
GUM,Guam,2021,EN.POP.DNST,303.203703703704
GUM,Guam,2020,EN.POP.DNST,300.292592592593
GUM,Guam,2019,EN.POP.DNST,299.644444444444
GUM,Guam,2018,EN.POP.DNST,301.257407407407
GUM,Guam,2017,EN.POP.DNST,302.759259259259
GUM,Guam,2016,EN.POP.DNST,304.135185185185
GUM,Guam,2015,EN.POP.DNST,305.37962962963
GUM,Guam,2014,EN.POP.DNST,306.455555555556
GUM,Guam,2013,EN.POP.DNST,307.344444444444
GUM,Guam,2012,EN.POP.DNST,308.02037037037
GUM,Guam,2011,EN.POP.DNST,308.412962962963
GUM,Guam,2010,EN.POP.DNST,308.374074074074
GUM,Guam,2009,EN.POP.DNST,307.727777777778
GUM,Guam,2008,EN.POP.DNST,306.838888888889
GUM,Guam,2007,EN.POP.DNST,306.05
GUM,Guam,2006,EN.POP.DNST,305.257407407407
GUM,Guam,2005,EN.POP.DNST,304.37962962963
GTM,Guatemala,2023,EN.POP.DNST,169.138092571855
GTM,Guatemala,2022,EN.POP.DNST,166.553536767451
GTM,Guatemala,2021,EN.POP.DNST,164.227790220231
GTM,Guatemala,2020,EN.POP.DNST,161.97578387458
GTM,Guatemala,2019,EN.POP.DNST,159.609957073535
GTM,Guatemala,2018,EN.POP.DNST,157.201241134752
GTM,Guatemala,2017,EN.POP.DNST,154.603928704741
GTM,Guatemala,2016,EN.POP.DNST,151.817469204927
GTM,Guatemala,2015,EN.POP.DNST,149.045754012691
GTM,Guatemala,2014,EN.POP.DNST,146.339352370287
GTM,Guatemala,2013,EN.POP.DNST,143.59217058604
GTM,Guatemala,2012,EN.POP.DNST,140.814175065323
GTM,Guatemala,2011,EN.POP.DNST,138.037756625607
GTM,Guatemala,2010,EN.POP.DNST,135.312728630086
GTM,Guatemala,2009,EN.POP.DNST,132.65781075028
GTM,Guatemala,2008,EN.POP.DNST,130.040817469205
GTM,Guatemala,2007,EN.POP.DNST,127.398656215006
GTM,Guatemala,2006,EN.POP.DNST,124.742991787981
GTM,Guatemala,2005,EN.POP.DNST,122.131662933931
GIN,Guinea,2023,EN.POP.DNST,58.6255412664822
GIN,Guinea,2022,EN.POP.DNST,57.1998087253785
GIN,Guinea,2021,EN.POP.DNST,55.7973018069347
GIN,Guinea,2020,EN.POP.DNST,54.4163397362852
GIN,Guinea,2019,EN.POP.DNST,53.0455233599219
GIN,Guinea,2018,EN.POP.DNST,51.7042731564382
GIN,Guinea,2017,EN.POP.DNST,50.4055795214065
GIN,Guinea,2016,EN.POP.DNST,49.1332817841446
GIN,Guinea,2015,EN.POP.DNST,47.8881246947745
GIN,Guinea,2014,EN.POP.DNST,46.6910467198437
GIN,Guinea,2013,EN.POP.DNST,45.5472611102067
GIN,Guinea,2012,EN.POP.DNST,44.4472611102067
GIN,Guinea,2011,EN.POP.DNST,43.3697297737262
GIN,Guinea,2010,EN.POP.DNST,42.3086684030604
GIN,Guinea,2009,EN.POP.DNST,41.2808643985024
GIN,Guinea,2008,EN.POP.DNST,40.2851619729774
GIN,Guinea,2007,EN.POP.DNST,39.3223221552987
GIN,Guinea,2006,EN.POP.DNST,38.422476802865
GIN,Guinea,2005,EN.POP.DNST,37.6275598241901
GNB,Guinea-Bissau,2023,EN.POP.DNST,76.5767780938834
GNB,Guinea-Bissau,2022,EN.POP.DNST,74.8765647226174
GNB,Guinea-Bissau,2021,EN.POP.DNST,73.2162517780939
GNB,Guinea-Bissau,2020,EN.POP.DNST,71.5951280227596
GNB,Guinea-Bissau,2019,EN.POP.DNST,69.9749644381223
GNB,Guinea-Bissau,2018,EN.POP.DNST,68.3559032716927
GNB,Guinea-Bissau,2017,EN.POP.DNST,66.7522048364154
GNB,Guinea-Bissau,2016,EN.POP.DNST,65.1455547652916
GNB,Guinea-Bissau,2015,EN.POP.DNST,63.5297652916074
GNB,Guinea-Bissau,2014,EN.POP.DNST,61.9175675675676
GNB,Guinea-Bissau,2013,EN.POP.DNST,60.3119843527738
GNB,Guinea-Bissau,2012,EN.POP.DNST,58.7274893314367
GNB,Guinea-Bissau,2011,EN.POP.DNST,57.1862019914651
GNB,Guinea-Bissau,2010,EN.POP.DNST,55.702240398293
GNB,Guinea-Bissau,2009,EN.POP.DNST,54.2808321479374
GNB,Guinea-Bissau,2008,EN.POP.DNST,52.9179943100996
GNB,Guinea-Bissau,2007,EN.POP.DNST,51.599786628734
GNB,Guinea-Bissau,2006,EN.POP.DNST,50.3308321479374
GNB,Guinea-Bissau,2005,EN.POP.DNST,49.1317567567568
GUY,Guyana,2023,EN.POP.DNST,3.91376811594203
GUY,Guyana,2022,EN.POP.DNST,3.89143222506394
GUY,Guyana,2021,EN.POP.DNST,3.86228095102775
GUY,Guyana,2020,EN.POP.DNST,3.82438666287771
GUY,Guyana,2019,EN.POP.DNST,4.10294640589281
GUY,Guyana,2018,EN.POP.DNST,4.02111252222504
GUY,Guyana,2017,EN.POP.DNST,3.90388112776226
GUY,Guyana,2016,EN.POP.DNST,3.8788315976632
GUY,Guyana,2015,EN.POP.DNST,3.85461518923038
GUY,Guyana,2014,EN.POP.DNST,3.83149098298197
GUY,Guyana,2013,EN.POP.DNST,3.8101143002286
GUY,Guyana,2012,EN.POP.DNST,3.79115062230124
GUY,Guyana,2011,EN.POP.DNST,3.79046482092964
GUY,Guyana,2010,EN.POP.DNST,3.80622809245618
GUY,Guyana,2009,EN.POP.DNST,3.82064516129032
GUY,Guyana,2008,EN.POP.DNST,3.83340614681229
GUY,Guyana,2007,EN.POP.DNST,3.84486156972314
GUY,Guyana,2006,EN.POP.DNST,3.85555499110998
GUY,Guyana,2005,EN.POP.DNST,3.8654508509017
HTI,Haiti,2023,EN.POP.DNST,422.256821480406
HTI,Haiti,2022,EN.POP.DNST,417.402249637155
HTI,Haiti,2021,EN.POP.DNST,412.720827285922
HTI,Haiti,2020,EN.POP.DNST,407.977068214804
HTI,Haiti,2019,EN.POP.DNST,402.944956458636
HTI,Haiti,2018,EN.POP.DNST,397.763497822932
HTI,Haiti,2017,EN.POP.DNST,392.516473149492
HTI,Haiti,2016,EN.POP.DNST,387.208164005806
HTI,Haiti,2015,EN.POP.DNST,381.830261248186
HTI,Haiti,2014,EN.POP.DNST,376.387336719884
HTI,Haiti,2013,EN.POP.DNST,370.912989840348
HTI,Haiti,2012,EN.POP.DNST,365.376306240929
HTI,Haiti,2011,EN.POP.DNST,359.757039187228
HTI,Haiti,2010,EN.POP.DNST,355.70732946299
HTI,Haiti,2009,EN.POP.DNST,351.581313497823
HTI,Haiti,2008,EN.POP.DNST,345.81908563135
HTI,Haiti,2007,EN.POP.DNST,340.105079825835
HTI,Haiti,2006,EN.POP.DNST,334.418069666183
HTI,Haiti,2005,EN.POP.DNST,328.783490566038
HND,Honduras,2023,EN.POP.DNST,95.1367503798373
HND,Honduras,2022,EN.POP.DNST,93.5192778621861
HND,Honduras,2021,EN.POP.DNST,91.9642237912235
HND,Honduras,2020,EN.POP.DNST,90.4427562784878
HND,Honduras,2019,EN.POP.DNST,88.8697202609706
HND,Honduras,2018,EN.POP.DNST,87.2750916078291
HND,Honduras,2017,EN.POP.DNST,85.6925283760837
HND,Honduras,2016,EN.POP.DNST,84.121726695862
HND,Honduras,2015,EN.POP.DNST,82.5570202877826
HND,Honduras,2014,EN.POP.DNST,81.0002859951738
HND,Honduras,2013,EN.POP.DNST,79.4465814639378
HND,Honduras,2012,EN.POP.DNST,77.8896773616945
HND,Honduras,2011,EN.POP.DNST,76.3301724908392
HND,Honduras,2010,EN.POP.DNST,74.7687729019573
HND,Honduras,2009,EN.POP.DNST,73.1959871302172
HND,Honduras,2008,EN.POP.DNST,71.6112878720172
HND,Honduras,2007,EN.POP.DNST,70.0223254982572
HND,Honduras,2006,EN.POP.DNST,68.431781213692
HND,Honduras,2005,EN.POP.DNST,66.8366699436947
HKG,"Hong Kong SAR, China",2023,EN.POP.DNST,7177.2380952381
HKG,"Hong Kong SAR, China",2022,EN.POP.DNST,6996.28571428571
HKG,"Hong Kong SAR, China",2021,EN.POP.DNST,7060.09523809524
HKG,"Hong Kong SAR, China",2020,EN.POP.DNST,7124.7619047619
HKG,"Hong Kong SAR, China",2019,EN.POP.DNST,7150.38095238095
HKG,"Hong Kong SAR, China",2018,EN.POP.DNST,7097.71428571429
HKG,"Hong Kong SAR, China",2017,EN.POP.DNST,7041.14285714286
HKG,"Hong Kong SAR, China",2016,EN.POP.DNST,6987.2380952381
HKG,"Hong Kong SAR, China",2015,EN.POP.DNST,6944.09523809524
HKG,"Hong Kong SAR, China",2014,EN.POP.DNST,6885.2380952381
HKG,"Hong Kong SAR, China",2013,EN.POP.DNST,6837.04761904762
HKG,"Hong Kong SAR, China",2012,EN.POP.DNST,6809.61904761905
HKG,"Hong Kong SAR, China",2011,EN.POP.DNST,6734.85714285714
HKG,"Hong Kong SAR, China",2010,EN.POP.DNST,6689.71428571429
HKG,"Hong Kong SAR, China",2009,EN.POP.DNST,6640.7619047619
HKG,"Hong Kong SAR, China",2008,EN.POP.DNST,6626.47619047619
HKG,"Hong Kong SAR, China",2007,EN.POP.DNST,6586.95238095238
HKG,"Hong Kong SAR, China",2006,EN.POP.DNST,6530.57142857143
HKG,"Hong Kong SAR, China",2005,EN.POP.DNST,6488.7619047619
HUN,Hungary,2023,EN.POP.DNST,105.108327854482
HUN,Hungary,2022,EN.POP.DNST,105.249550734166
HUN,Hungary,2021,EN.POP.DNST,105.532895025203
HUN,Hungary,2020,EN.POP.DNST,105.965581854043
HUN,Hungary,2019,EN.POP.DNST,106.233004602235
HUN,Hungary,2018,EN.POP.DNST,106.366031119877
HUN,Hungary,2017,EN.POP.DNST,106.582905982906
HUN,Hungary,2016,EN.POP.DNST,106.944499232961
HUN,Hungary,2015,EN.POP.DNST,107.360891957046
HUN,Hungary,2014,EN.POP.DNST,107.747512601359
HUN,Hungary,2013,EN.POP.DNST,109.05483265216
HUN,Hungary,2012,EN.POP.DNST,109.580934496852
HUN,Hungary,2011,EN.POP.DNST,110.148315475533
HUN,Hungary,2010,EN.POP.DNST,110.460874848117
HUN,Hungary,2009,EN.POP.DNST,110.710814094775
HUN,Hungary,2008,EN.POP.DNST,112.020845887736
HUN,Hungary,2007,EN.POP.DNST,112.217163263029
HUN,Hungary,2006,EN.POP.DNST,112.391139381765
HUN,Hungary,2005,EN.POP.DNST,112.566287244727
ISL,Iceland,2023,EN.POP.DNST,3.82488346722206
ISL,Iceland,2022,EN.POP.DNST,3.78858474660319
ISL,Iceland,2021,EN.POP.DNST,3.69453535654071
ISL,Iceland,2020,EN.POP.DNST,3.63446394922146
ISL,Iceland,2019,EN.POP.DNST,3.5759496181692
ISL,Iceland,2018,EN.POP.DNST,3.49817514628583
ISL,Iceland,2017,EN.POP.DNST,3.42543640897756
ISL,Iceland,2016,EN.POP.DNST,3.34602493765586
ISL,Iceland,2015,EN.POP.DNST,3.29990024937656
ISL,Iceland,2014,EN.POP.DNST,3.2656957605985
ISL,Iceland,2013,EN.POP.DNST,3.22956608478803
ISL,Iceland,2012,EN.POP.DNST,3.19916209476309
ISL,Iceland,2011,EN.POP.DNST,3.18218453865337
ISL,Iceland,2010,EN.POP.DNST,3.17247880299252
ISL,Iceland,2009,EN.POP.DNST,3.17704738154613
ISL,Iceland,2008,EN.POP.DNST,3.16622443890274
ISL,Iceland,2007,EN.POP.DNST,3.10789027431421
ISL,Iceland,2006,EN.POP.DNST,3.03024438902743
ISL,Iceland,2005,EN.POP.DNST,2.95994014962594
IND,India,2023,EN.POP.DNST,483.679010086809
IND,India,2022,EN.POP.DNST,479.425536881262
IND,India,2021,EN.POP.DNST,475.652042419085
IND,India,2020,EN.POP.DNST,471.755150192218
IND,India,2019,EN.POP.DNST,467.185182245332
IND,India,2018,EN.POP.DNST,462.351569862673
IND,India,2017,EN.POP.DNST,457.30592394028
IND,India,2016,EN.POP.DNST,452.020992940243
IND,India,2015,EN.POP.DNST,446.666542669658
IND,India,2014,EN.POP.DNST,441.370107863944
IND,India,2013,EN.POP.DNST,435.838110245225
IND,India,2012,EN.POP.DNST,430.068210238834
IND,India,2011,EN.POP.DNST,424.199245255096
IND,India,2010,EN.POP.DNST,418.231449722352
IND,India,2009,EN.POP.DNST,412.191872366045
IND,India,2008,EN.POP.DNST,406.274393496547
IND,India,2007,EN.POP.DNST,400.470881780175
IND,India,2006,EN.POP.DNST,394.485011048739
IND,India,2005,EN.POP.DNST,388.36277600826
IDN,Indonesia,2023,EN.POP.DNST,148.57692229227
IDN,Indonesia,2022,EN.POP.DNST,147.330175215419
IDN,Indonesia,2021,EN.POP.DNST,146.235107708626
IDN,Indonesia,2020,EN.POP.DNST,146.371283592869
IDN,Indonesia,2019,EN.POP.DNST,145.132688936836
IDN,Indonesia,2018,EN.POP.DNST,143.781152680745
IDN,Indonesia,2017,EN.POP.DNST,142.393583234045
IDN,Indonesia,2016,EN.POP.DNST,140.945267664402
IDN,Indonesia,2015,EN.POP.DNST,139.438934572699
IDN,Indonesia,2014,EN.POP.DNST,137.882705314833
IDN,Indonesia,2013,EN.POP.DNST,136.271572751061
IDN,Indonesia,2012,EN.POP.DNST,134.591727167608
IDN,Indonesia,2011,EN.POP.DNST,132.872174396105
IDN,Indonesia,2010,EN.POP.DNST,131.186593584406
IDN,Indonesia,2009,EN.POP.DNST,129.543311146252
IDN,Indonesia,2008,EN.POP.DNST,127.912368929422
IDN,Indonesia,2007,EN.POP.DNST,126.263615441442
IDN,Indonesia,2006,EN.POP.DNST,124.606809305259
IDN,Indonesia,2005,EN.POP.DNST,122.966345480392
IRN,"Iran, Islamic Rep.",2023,EN.POP.DNST,55.8451198767334
IRN,"Iran, Islamic Rep.",2022,EN.POP.DNST,55.1767309707242
IRN,"Iran, Islamic Rep.",2021,EN.POP.DNST,54.518020338983
IRN,"Iran, Islamic Rep.",2020,EN.POP.DNST,54.0668369799692
IRN,"Iran, Islamic Rep.",2019,EN.POP.DNST,53.6527876733436
IRN,"Iran, Islamic Rep.",2018,EN.POP.DNST,53.0773485362096
IRN,"Iran, Islamic Rep.",2017,EN.POP.DNST,52.4047790446841
IRN,"Iran, Islamic Rep.",2016,EN.POP.DNST,51.4576905130283
IRN,"Iran, Islamic Rep.",2015,EN.POP.DNST,50.7253137356025
IRN,"Iran, Islamic Rep.",2014,EN.POP.DNST,50.0393213241976
IRN,"Iran, Islamic Rep.",2013,EN.POP.DNST,49.3717220462192
IRN,"Iran, Islamic Rep.",2012,EN.POP.DNST,48.7306785530097
IRN,"Iran, Islamic Rep.",2011,EN.POP.DNST,48.1247071391734
IRN,"Iran, Islamic Rep.",2010,EN.POP.DNST,47.5336096171321
IRN,"Iran, Islamic Rep.",2009,EN.POP.DNST,46.9423518504875
IRN,"Iran, Islamic Rep.",2008,EN.POP.DNST,46.3630025295317
IRN,"Iran, Islamic Rep.",2007,EN.POP.DNST,45.8033399641445
IRN,"Iran, Islamic Rep.",2006,EN.POP.DNST,45.0605043100273
IRN,"Iran, Islamic Rep.",2005,EN.POP.DNST,44.1000853409956
IRQ,Iraq,2023,EN.POP.DNST,103.826155759795
IRQ,Iraq,2022,EN.POP.DNST,101.514640775804
IRQ,Iraq,2021,EN.POP.DNST,99.2127035680556
IRQ,Iraq,2020,EN.POP.DNST,97.0138092276507
IRQ,Iraq,2019,EN.POP.DNST,94.8844148066247
IRQ,Iraq,2018,EN.POP.DNST,92.7505804739616
IRQ,Iraq,2017,EN.POP.DNST,90.6123378358457
IRQ,Iraq,2016,EN.POP.DNST,88.6135586739395
IRQ,Iraq,2015,EN.POP.DNST,86.5194942505436
IRQ,Iraq,2014,EN.POP.DNST,84.1918950171378
IRQ,Iraq,2013,EN.POP.DNST,81.2709362215752
IRQ,Iraq,2012,EN.POP.DNST,77.4885844538589
IRQ,Iraq,2011,EN.POP.DNST,74.0500644685946
IRQ,Iraq,2010,EN.POP.DNST,71.4803969423467
IRQ,Iraq,2009,EN.POP.DNST,69.2075105912691
IRQ,Iraq,2008,EN.POP.DNST,66.2391933603128
IRQ,Iraq,2007,EN.POP.DNST,64.9143905617669
IRQ,Iraq,2006,EN.POP.DNST,65.4286187895832
IRQ,Iraq,2005,EN.POP.DNST,64.9506093239134
IRL,Ireland,2023,EN.POP.DNST,77.1017273914937
IRL,Ireland,2022,EN.POP.DNST,75.6689795325882
IRL,Ireland,2021,EN.POP.DNST,74.1847147626651
IRL,Ireland,2020,EN.POP.DNST,73.1564377993903
IRL,Ireland,2019,EN.POP.DNST,72.237712294963
IRL,Ireland,2018,EN.POP.DNST,71.0991725939904
IRL,Ireland,2017,EN.POP.DNST,70.0746842792858
IRL,Ireland,2016,EN.POP.DNST,69.1351720133546
IRL,Ireland,2015,EN.POP.DNST,68.2531136594571
IRL,Ireland,2014,EN.POP.DNST,67.6112643344462
IRL,Ireland,2013,EN.POP.DNST,67.1188271156917
IRL,Ireland,2012,EN.POP.DNST,66.7663376397155
IRL,Ireland,2011,EN.POP.DNST,66.4840179997097
IRL,Ireland,2010,EN.POP.DNST,66.1947307301495
IRL,Ireland,2009,EN.POP.DNST,65.8350268544056
IRL,Ireland,2008,EN.POP.DNST,65.1697488750181
IRL,Ireland,2007,EN.POP.DNST,63.8545797648425
IRL,Ireland,2006,EN.POP.DNST,62.0349978226158
IRL,Ireland,2005,EN.POP.DNST,60.3848744375091
IMN,Isle of Man,2023,EN.POP.DNST,147.657894736842
IMN,Isle of Man,2022,EN.POP.DNST,147.6
IMN,Isle of Man,2021,EN.POP.DNST,147.554385964912
IMN,Isle of Man,2020,EN.POP.DNST,147.480701754386
IMN,Isle of Man,2019,EN.POP.DNST,147.29298245614
IMN,Isle of Man,2018,EN.POP.DNST,147.026315789474
IMN,Isle of Man,2017,EN.POP.DNST,146.682456140351
IMN,Isle of Man,2016,EN.POP.DNST,146.431578947368
IMN,Isle of Man,2015,EN.POP.DNST,146.654385964912
IMN,Isle of Man,2014,EN.POP.DNST,147.178947368421
IMN,Isle of Man,2013,EN.POP.DNST,147.615789473684
IMN,Isle of Man,2012,EN.POP.DNST,147.956140350877
IMN,Isle of Man,2011,EN.POP.DNST,148.038596491228
IMN,Isle of Man,2010,EN.POP.DNST,147.145614035088
IMN,Isle of Man,2009,EN.POP.DNST,145.50701754386
IMN,Isle of Man,2008,EN.POP.DNST,143.910526315789
IMN,Isle of Man,2007,EN.POP.DNST,142.363157894737
IMN,Isle of Man,2006,EN.POP.DNST,140.866666666667
IMN,Isle of Man,2005,EN.POP.DNST,139.501754385965
ISR,Israel,2023,EN.POP.DNST,455.129390018484
ISR,Israel,2022,EN.POP.DNST,441.658964879852
ISR,Israel,2021,EN.POP.DNST,433.059149722736
ISR,Israel,2020,EN.POP.DNST,425.836414048059
ISR,Israel,2019,EN.POP.DNST,418.391866913124
ISR,Israel,2018,EN.POP.DNST,410.480591497227
ISR,Israel,2017,EN.POP.DNST,402.647874306839
ISR,Israel,2016,EN.POP.DNST,394.916820702403
ISR,Israel,2015,EN.POP.DNST,387.250462107209
ISR,Israel,2014,EN.POP.DNST,379.653419593346
ISR,Israel,2013,EN.POP.DNST,372.435304990758
ISR,Israel,2012,EN.POP.DNST,365.549907578558
ISR,Israel,2011,EN.POP.DNST,358.863216266174
ISR,Israel,2010,EN.POP.DNST,352.292051756007
ISR,Israel,2009,EN.POP.DNST,345.914972273567
ISR,Israel,2008,EN.POP.DNST,337.744916820702
ISR,Israel,2007,EN.POP.DNST,331.797597042514
ISR,Israel,2006,EN.POP.DNST,325.956561922366
ISR,Israel,2005,EN.POP.DNST,320.244916820702
ITA,Italy,2023,EN.POP.DNST,199.459678073854
ITA,Italy,2022,EN.POP.DNST,199.559268903016
ITA,Italy,2021,EN.POP.DNST,199.965416259464
ITA,Italy,2020,EN.POP.DNST,200.999100491348
ITA,Italy,2019,EN.POP.DNST,201.980545589195
ITA,Italy,2018,EN.POP.DNST,202.480812801385
ITA,Italy,2017,EN.POP.DNST,202.903617635721
ITA,Italy,2016,EN.POP.DNST,203.285640373599
ITA,Italy,2015,EN.POP.DNST,203.672434549131
ITA,Italy,2014,EN.POP.DNST,203.980505075782
ITA,Italy,2013,EN.POP.DNST,203.949752805037
ITA,Italy,2012,EN.POP.DNST,203.542723134878
ITA,Italy,2011,EN.POP.DNST,202.986767799052
ITA,Italy,2010,EN.POP.DNST,202.285308976795
ITA,Italy,2009,EN.POP.DNST,201.392725501999
ITA,Italy,2008,EN.POP.DNST,200.22853191216
ITA,Italy,2007,EN.POP.DNST,198.690127080529
ITA,Italy,2006,EN.POP.DNST,197.484972169432
ITA,Italy,2005,EN.POP.DNST,196.6964540542
JAM,Jamaica,2023,EN.POP.DNST,262.214773776547
JAM,Jamaica,2022,EN.POP.DNST,262.155493998153
JAM,Jamaica,2021,EN.POP.DNST,262.020498614958
JAM,Jamaica,2020,EN.POP.DNST,261.379409048938
JAM,Jamaica,2019,EN.POP.DNST,260.689843028624
JAM,Jamaica,2018,EN.POP.DNST,260.39676823638
JAM,Jamaica,2017,EN.POP.DNST,259.996675900277
JAM,Jamaica,2016,EN.POP.DNST,259.456602031394
JAM,Jamaica,2015,EN.POP.DNST,258.775069252078
JAM,Jamaica,2014,EN.POP.DNST,257.963896583564
JAM,Jamaica,2013,EN.POP.DNST,257.034810710988
JAM,Jamaica,2012,EN.POP.DNST,255.995383194829
JAM,Jamaica,2011,EN.POP.DNST,254.893259464451
JAM,Jamaica,2010,EN.POP.DNST,253.792059095106
JAM,Jamaica,2009,EN.POP.DNST,252.723453370268
JAM,Jamaica,2008,EN.POP.DNST,251.674515235457
JAM,Jamaica,2007,EN.POP.DNST,250.581717451524
JAM,Jamaica,2006,EN.POP.DNST,249.396860572484
JAM,Jamaica,2005,EN.POP.DNST,248.113204062789
JPN,Japan,2023,EN.POP.DNST,341.54455749932
JPN,Japan,2022,EN.POP.DNST,343.278433470508
JPN,Japan,2021,EN.POP.DNST,344.80546776406
JPN,Japan,2020,EN.POP.DNST,346.395061728395
JPN,Japan,2019,EN.POP.DNST,347.415637860082
JPN,Japan,2018,EN.POP.DNST,347.903978052126
JPN,Japan,2017,EN.POP.DNST,348.345679012346
JPN,Japan,2016,EN.POP.DNST,348.631001371742
JPN,Japan,2015,EN.POP.DNST,348.809327846365
JPN,Japan,2014,EN.POP.DNST,349.179698216735
JPN,Japan,2013,EN.POP.DNST,349.643347050754
JPN,Japan,2012,EN.POP.DNST,350.148148148148
JPN,Japan,2011,EN.POP.DNST,350.707818930041
JPN,Japan,2010,EN.POP.DNST,351.358024691358
JPN,Japan,2009,EN.POP.DNST,351.294924554184
JPN,Japan,2008,EN.POP.DNST,351.338820301783
JPN,Japan,2007,EN.POP.DNST,351.168724279835
JPN,Japan,2006,EN.POP.DNST,350.765432098765
JPN,Japan,2005,EN.POP.DNST,350.543209876543
JOR,Jordan,2023,EN.POP.DNST,128.828670856139
JOR,Jordan,2022,EN.POP.DNST,126.768283893056
JOR,Jordan,2021,EN.POP.DNST,124.629547041467
JOR,Jordan,2020,EN.POP.DNST,122.364439038674
JOR,Jordan,2019,EN.POP.DNST,120.187073450909
JOR,Jordan,2018,EN.POP.DNST,117.84530299617
JOR,Jordan,2017,EN.POP.DNST,115.276255913494
JOR,Jordan,2016,EN.POP.DNST,112.70969813021
JOR,Jordan,2015,EN.POP.DNST,107.509900878576
JOR,Jordan,2014,EN.POP.DNST,99.0280468574003
JOR,Jordan,2013,EN.POP.DNST,90.0181234512278
JOR,Jordan,2012,EN.POP.DNST,85.4598670871818
JOR,Jordan,2011,EN.POP.DNST,84.2579860328903
JOR,Jordan,2010,EN.POP.DNST,82.1924194638432
JOR,Jordan,2009,EN.POP.DNST,80.4432642487047
JOR,Jordan,2008,EN.POP.DNST,79.2142565729828
JOR,Jordan,2007,EN.POP.DNST,77.3711128739801
JOR,Jordan,2006,EN.POP.DNST,72.839653218495
JOR,Jordan,2005,EN.POP.DNST,68.3316749773345
KAZ,Kazakhstan,2023,EN.POP.DNST,7.53050487091158
KAZ,Kazakhstan,2022,EN.POP.DNST,7.42105011667963
KAZ,Kazakhstan,2021,EN.POP.DNST,7.31325813979331
KAZ,Kazakhstan,2020,EN.POP.DNST,7.21640071119013
KAZ,Kazakhstan,2019,EN.POP.DNST,7.11544060451161
KAZ,Kazakhstan,2018,EN.POP.DNST,7.01290032225803
KAZ,Kazakhstan,2017,EN.POP.DNST,6.90889024706449
KAZ,Kazakhstan,2016,EN.POP.DNST,6.80208912101345
KAZ,Kazakhstan,2015,EN.POP.DNST,6.69858465755454
KAZ,Kazakhstan,2014,EN.POP.DNST,6.5993573360003
KAZ,Kazakhstan,2013,EN.POP.DNST,6.50313071822795
KAZ,Kazakhstan,2012,EN.POP.DNST,6.4103811534615
KAZ,Kazakhstan,2011,EN.POP.DNST,6.32144386413305
KAZ,Kazakhstan,2010,EN.POP.DNST,6.23654850538949
KAZ,Kazakhstan,2009,EN.POP.DNST,6.15618253880061
KAZ,Kazakhstan,2008,EN.POP.DNST,6.08457421194948
KAZ,Kazakhstan,2007,EN.POP.DNST,6.02185946586658
KAZ,Kazakhstan,2006,EN.POP.DNST,5.9650020372634
KAZ,Kazakhstan,2005,EN.POP.DNST,5.91477460458569
KEN,Kenya,2023,EN.POP.DNST,95.2681371231706
KEN,Kenya,2022,EN.POP.DNST,93.3976149483117
KEN,Kenya,2021,EN.POP.DNST,91.6187594501618
KEN,Kenya,2020,EN.POP.DNST,89.8940686683206
KEN,Kenya,2019,EN.POP.DNST,88.4453894988127
KEN,Kenya,2018,EN.POP.DNST,87.019449386981
KEN,Kenya,2017,EN.POP.DNST,85.5601194522199
KEN,Kenya,2016,EN.POP.DNST,84.0057771361452
KEN,Kenya,2015,EN.POP.DNST,82.4529008736797
KEN,Kenya,2014,EN.POP.DNST,80.9140808939804
KEN,Kenya,2013,EN.POP.DNST,79.043453280388
KEN,Kenya,2012,EN.POP.DNST,77.1133692940226
KEN,Kenya,2011,EN.POP.DNST,75.1281951716625
KEN,Kenya,2010,EN.POP.DNST,73.0902185753945
KEN,Kenya,2009,EN.POP.DNST,70.9999139051903
KEN,Kenya,2008,EN.POP.DNST,68.8870067118811
KEN,Kenya,2007,EN.POP.DNST,66.8312699862951
KEN,Kenya,2006,EN.POP.DNST,64.8417050286397
KEN,Kenya,2005,EN.POP.DNST,62.8957444565485
KIR,Kiribati,2023,EN.POP.DNST,163.617283950617
KIR,Kiribati,2022,EN.POP.DNST,161.072839506173
KIR,Kiribati,2021,EN.POP.DNST,158.49012345679
KIR,Kiribati,2020,EN.POP.DNST,155.677777777778
KIR,Kiribati,2019,EN.POP.DNST,152.988888888889
KIR,Kiribati,2018,EN.POP.DNST,150.720987654321
KIR,Kiribati,2017,EN.POP.DNST,148.487654320988
KIR,Kiribati,2016,EN.POP.DNST,146.269135802469
KIR,Kiribati,2015,EN.POP.DNST,144.216049382716
KIR,Kiribati,2014,EN.POP.DNST,142.377777777778
KIR,Kiribati,2013,EN.POP.DNST,140.540740740741
KIR,Kiribati,2012,EN.POP.DNST,138.622222222222
KIR,Kiribati,2011,EN.POP.DNST,136.601234567901
KIR,Kiribati,2010,EN.POP.DNST,134.202469135802
KIR,Kiribati,2009,EN.POP.DNST,131.440740740741
KIR,Kiribati,2008,EN.POP.DNST,128.669135802469
KIR,Kiribati,2007,EN.POP.DNST,126.00987654321
KIR,Kiribati,2006,EN.POP.DNST,123.477777777778
KIR,Kiribati,2005,EN.POP.DNST,121.030864197531
PRK,"Korea, Dem. People's Rep.",2023,EN.POP.DNST,219.402076239515
PRK,"Korea, Dem. People's Rep.",2022,EN.POP.DNST,218.659953492235
PRK,"Korea, Dem. People's Rep.",2021,EN.POP.DNST,217.860094676522
PRK,"Korea, Dem. People's Rep.",2020,EN.POP.DNST,217.060975002076
PRK,"Korea, Dem. People's Rep.",2019,EN.POP.DNST,216.241441740719
PRK,"Korea, Dem. People's Rep.",2018,EN.POP.DNST,215.357088281704
PRK,"Korea, Dem. People's Rep.",2017,EN.POP.DNST,214.414990449298
PRK,"Korea, Dem. People's Rep.",2016,EN.POP.DNST,213.423519641226
PRK,"Korea, Dem. People's Rep.",2015,EN.POP.DNST,212.402209118844
PRK,"Korea, Dem. People's Rep.",2014,EN.POP.DNST,211.371663483099
PRK,"Korea, Dem. People's Rep.",2013,EN.POP.DNST,210.360028236857
PRK,"Korea, Dem. People's Rep.",2012,EN.POP.DNST,209.382343659165
PRK,"Korea, Dem. People's Rep.",2011,EN.POP.DNST,208.436790964206
PRK,"Korea, Dem. People's Rep.",2010,EN.POP.DNST,207.518129723445
PRK,"Korea, Dem. People's Rep.",2009,EN.POP.DNST,206.613503861805
PRK,"Korea, Dem. People's Rep.",2008,EN.POP.DNST,205.669113860975
PRK,"Korea, Dem. People's Rep.",2007,EN.POP.DNST,204.687177144755
PRK,"Korea, Dem. People's Rep.",2006,EN.POP.DNST,203.67500207624
PRK,"Korea, Dem. People's Rep.",2005,EN.POP.DNST,202.611352877668
KOR,"Korea, Rep.",2023,EN.POP.DNST,529.842407786885
KOR,"Korea, Rep.",2022,EN.POP.DNST,529.43205942623
KOR,"Korea, Rep.",2021,EN.POP.DNST,530.425604508197
KOR,"Korea, Rep.",2020,EN.POP.DNST,531.109006147541
KOR,"Korea, Rep.",2019,EN.POP.DNST,530.377274590164
KOR,"Korea, Rep.",2018,EN.POP.DNST,528.969011484824
KOR,"Korea, Rep.",2017,EN.POP.DNST,526.734806686494
KOR,"Korea, Rep.",2016,EN.POP.DNST,525.370072521002
KOR,"Korea, Rep.",2015,EN.POP.DNST,523.525547744882
KOR,"Korea, Rep.",2014,EN.POP.DNST,520.852499230217
KOR,"Korea, Rep.",2013,EN.POP.DNST,517.612269825303
KOR,"Korea, Rep.",2012,EN.POP.DNST,515.875583187751
KOR,"Korea, Rep.",2011,EN.POP.DNST,513.804280275749
KOR,"Korea, Rep.",2010,EN.POP.DNST,509.815967078189
KOR,"Korea, Rep.",2009,EN.POP.DNST,508.013960436843
KOR,"Korea, Rep.",2008,EN.POP.DNST,505.770780492834
KOR,"Korea, Rep.",2007,EN.POP.DNST,502.307449442839
KOR,"Korea, Rep.",2006,EN.POP.DNST,499.982369942197
KOR,"Korea, Rep.",2005,EN.POP.DNST,497.517408363449
KWT,Kuwait,2023,EN.POP.DNST,272.358024691358
KWT,Kuwait,2022,EN.POP.DNST,257.555723905724
KWT,Kuwait,2021,EN.POP.DNST,244.717452300786
KWT,Kuwait,2020,EN.POP.DNST,246.928563411897
KWT,Kuwait,2019,EN.POP.DNST,249.288215488215
KWT,Kuwait,2018,EN.POP.DNST,242.621492704826
KWT,Kuwait,2017,EN.POP.DNST,233.1544332211
KWT,Kuwait,2016,EN.POP.DNST,224.696745230079
KWT,Kuwait,2015,EN.POP.DNST,215.183726150393
KWT,Kuwait,2014,EN.POP.DNST,205.716947250281
KWT,Kuwait,2013,EN.POP.DNST,196.848709315376
KWT,Kuwait,2012,EN.POP.DNST,187.267620650954
KWT,Kuwait,2011,EN.POP.DNST,175.803254769921
KWT,Kuwait,2010,EN.POP.DNST,165.172390572391
KWT,Kuwait,2009,EN.POP.DNST,156.873400673401
KWT,Kuwait,2008,EN.POP.DNST,148.789057239057
KWT,Kuwait,2007,EN.POP.DNST,140.734399551066
KWT,Kuwait,2006,EN.POP.DNST,132.701066217733
KWT,Kuwait,2005,EN.POP.DNST,125.521212121212
KGZ,Kyrgyz Republic,2023,EN.POP.DNST,37.0164233576642
KGZ,Kyrgyz Republic,2022,EN.POP.DNST,36.3671532846715
KGZ,Kyrgyz Republic,2021,EN.POP.DNST,35.7206673618352
KGZ,Kyrgyz Republic,2020,EN.POP.DNST,35.0708863399374
KGZ,Kyrgyz Republic,2019,EN.POP.DNST,34.3598070907195
KGZ,Kyrgyz Republic,2018,EN.POP.DNST,33.5979092805005
KGZ,Kyrgyz Republic,2017,EN.POP.DNST,32.8816266944734
KGZ,Kyrgyz Republic,2016,EN.POP.DNST,32.1967570385819
KGZ,Kyrgyz Republic,2015,EN.POP.DNST,31.4913242961418
KGZ,Kyrgyz Republic,2014,EN.POP.DNST,30.7916996871741
KGZ,Kyrgyz Republic,2013,EN.POP.DNST,30.1206986444213
KGZ,Kyrgyz Republic,2012,EN.POP.DNST,29.4685922836288
KGZ,Kyrgyz Republic,2011,EN.POP.DNST,28.9185974973931
KGZ,Kyrgyz Republic,2010,EN.POP.DNST,28.5039572471324
KGZ,Kyrgyz Republic,2009,EN.POP.DNST,28.1003284671533
KGZ,Kyrgyz Republic,2008,EN.POP.DNST,27.7305995828989
KGZ,Kyrgyz Republic,2007,EN.POP.DNST,27.468117831074
KGZ,Kyrgyz Republic,2006,EN.POP.DNST,27.2073670490094
KGZ,Kyrgyz Republic,2005,EN.POP.DNST,26.9167883211679
LAO,Lao PDR,2023,EN.POP.DNST,33.2105415944541
LAO,Lao PDR,2022,EN.POP.DNST,32.7513301559792
LAO,Lao PDR,2021,EN.POP.DNST,32.2928682842288
LAO,Lao PDR,2020,EN.POP.DNST,31.8307322357019
LAO,Lao PDR,2019,EN.POP.DNST,31.3589081455806
LAO,Lao PDR,2018,EN.POP.DNST,30.8840771230503
LAO,Lao PDR,2017,EN.POP.DNST,30.4079159445407
LAO,Lao PDR,2016,EN.POP.DNST,29.934150779896
LAO,Lao PDR,2015,EN.POP.DNST,29.4698656845754
LAO,Lao PDR,2014,EN.POP.DNST,29.0432062391681
LAO,Lao PDR,2013,EN.POP.DNST,28.6455155979203
LAO,Lao PDR,2012,EN.POP.DNST,28.2451386481802
LAO,Lao PDR,2011,EN.POP.DNST,27.8448440207972
LAO,Lao PDR,2010,EN.POP.DNST,27.4445147313691
LAO,Lao PDR,2009,EN.POP.DNST,27.0435095320624
LAO,Lao PDR,2008,EN.POP.DNST,26.6419800693241
LAO,Lao PDR,2007,EN.POP.DNST,26.2401906412478
LAO,Lao PDR,2006,EN.POP.DNST,25.8370883882149
LAO,Lao PDR,2005,EN.POP.DNST,25.4312088388215
LVA,Latvia,2023,EN.POP.DNST,30.2701269484172
LVA,Latvia,2022,EN.POP.DNST,30.2005945685361
LVA,Latvia,2021,EN.POP.DNST,30.2826610959344
LVA,Latvia,2020,EN.POP.DNST,30.5391129680219
LVA,Latvia,2019,EN.POP.DNST,30.755491989008
LVA,Latvia,2018,EN.POP.DNST,30.9700612274415
LVA,Latvia,2017,EN.POP.DNST,31.2123033409935
LVA,Latvia,2016,EN.POP.DNST,31.4901409356067
LVA,Latvia,2015,EN.POP.DNST,31.7792437366417
LVA,Latvia,2014,EN.POP.DNST,32.0404647500281
LVA,Latvia,2013,EN.POP.DNST,32.3436289713468
LVA,Latvia,2012,EN.POP.DNST,32.691902228936
LVA,Latvia,2011,EN.POP.DNST,33.0999244700853
LVA,Latvia,2010,EN.POP.DNST,33.7081170552975
LVA,Latvia,2009,EN.POP.DNST,34.4170376203256
LVA,Latvia,2008,EN.POP.DNST,34.9899882687579
LVA,Latvia,2007,EN.POP.DNST,35.3596509553731
LVA,Latvia,2006,EN.POP.DNST,35.6494287045816
LVA,Latvia,2005,EN.POP.DNST,35.9779356228004
LBN,Lebanon,2023,EN.POP.DNST,564.368817204301
LBN,Lebanon,2022,EN.POP.DNST,561.533626588465
LBN,Lebanon,2021,EN.POP.DNST,558.956207233627
LBN,Lebanon,2020,EN.POP.DNST,557.419159335288
LBN,Lebanon,2019,EN.POP.DNST,566.431476050831
LBN,Lebanon,2018,EN.POP.DNST,584.957869012708
LBN,Lebanon,2017,EN.POP.DNST,602.163049853372
LBN,Lebanon,2016,EN.POP.DNST,618.089931573803
LBN,Lebanon,2015,EN.POP.DNST,632.694916911046
LBN,Lebanon,2014,EN.POP.DNST,620.429130009775
LBN,Lebanon,2013,EN.POP.DNST,561.430694037146
LBN,Lebanon,2012,EN.POP.DNST,511.802737047898
LBN,Lebanon,2011,EN.POP.DNST,498.144672531769
LBN,Lebanon,2010,EN.POP.DNST,492.794525904203
LBN,Lebanon,2009,EN.POP.DNST,488.004594330401
LBN,Lebanon,2008,EN.POP.DNST,481.461779081134
LBN,Lebanon,2007,EN.POP.DNST,473.520821114369
LBN,Lebanon,2006,EN.POP.DNST,464.431671554252
LBN,Lebanon,2005,EN.POP.DNST,456.608211143695
LSO,Lesotho,2023,EN.POP.DNST,76.135441370224
LSO,Lesotho,2022,EN.POP.DNST,75.3000658761528
LSO,Lesotho,2021,EN.POP.DNST,74.4908432147563
LSO,Lesotho,2020,EN.POP.DNST,73.6405467720685
LSO,Lesotho,2019,EN.POP.DNST,72.7735507246377
LSO,Lesotho,2018,EN.POP.DNST,71.9236824769433
LSO,Lesotho,2017,EN.POP.DNST,71.0510540184453
LSO,Lesotho,2016,EN.POP.DNST,70.1720026350461
LSO,Lesotho,2015,EN.POP.DNST,69.321837944664
LSO,Lesotho,2014,EN.POP.DNST,68.5141304347826
LSO,Lesotho,2013,EN.POP.DNST,67.7372859025033
LSO,Lesotho,2012,EN.POP.DNST,67.0077075098814
LSO,Lesotho,2011,EN.POP.DNST,66.337582345191
LSO,Lesotho,2010,EN.POP.DNST,65.7526679841897
LSO,Lesotho,2009,EN.POP.DNST,65.2464756258235
LSO,Lesotho,2008,EN.POP.DNST,64.7740777338603
LSO,Lesotho,2007,EN.POP.DNST,64.3368906455863
LSO,Lesotho,2006,EN.POP.DNST,64.0666337285902
LSO,Lesotho,2005,EN.POP.DNST,64.3305665349144
LBR,Liberia,2023,EN.POP.DNST,57.0289763289037
LBR,Liberia,2022,EN.POP.DNST,55.7858596345515
LBR,Liberia,2021,EN.POP.DNST,54.60260589701
LBR,Liberia,2020,EN.POP.DNST,53.462032807309
LBR,Liberia,2019,EN.POP.DNST,52.3642130398671
LBR,Liberia,2018,EN.POP.DNST,51.3364410299003
LBR,Liberia,2017,EN.POP.DNST,50.3418293189369
LBR,Liberia,2016,EN.POP.DNST,49.3730066445183
LBR,Liberia,2015,EN.POP.DNST,48.3744912790698
LBR,Liberia,2014,EN.POP.DNST,47.3867628737542
LBR,Liberia,2013,EN.POP.DNST,46.4102886212625
LBR,Liberia,2012,EN.POP.DNST,45.4011939368771
LBR,Liberia,2011,EN.POP.DNST,43.8245224252492
LBR,Liberia,2010,EN.POP.DNST,42.1396387043189
LBR,Liberia,2009,EN.POP.DNST,40.9367524916943
LBR,Liberia,2008,EN.POP.DNST,39.6698816445183
LBR,Liberia,2007,EN.POP.DNST,38.0922965116279
LBR,Liberia,2006,EN.POP.DNST,36.2415593853821
LBR,Liberia,2005,EN.POP.DNST,34.2713351328904
LBY,Libya,2023,EN.POP.DNST,4.15202780272117
LBY,Libya,2022,EN.POP.DNST,4.10550768950976
LBY,Libya,2021,EN.POP.DNST,4.05513656978528
LBY,Libya,2020,EN.POP.DNST,4.00411414346932
LBY,Libya,2019,EN.POP.DNST,3.95048308080521
LBY,Libya,2018,EN.POP.DNST,3.89252588744786
LBY,Libya,2017,EN.POP.DNST,3.8298475737977
LBY,Libya,2016,EN.POP.DNST,3.76923855098492
LBY,Libya,2015,EN.POP.DNST,3.71223103765757
LBY,Libya,2014,EN.POP.DNST,3.65280243700058
LBY,Libya,2013,EN.POP.DNST,3.58311149504984
LBY,Libya,2012,EN.POP.DNST,3.51189970105823
LBY,Libya,2011,EN.POP.DNST,3.60503483865101
LBY,Libya,2010,EN.POP.DNST,3.69291917205633
LBY,Libya,2009,EN.POP.DNST,3.61838094047308
LBY,Libya,2008,EN.POP.DNST,3.54378417086284
LBY,Libya,2007,EN.POP.DNST,3.46930447730657
LBY,Libya,2006,EN.POP.DNST,3.39873546495107
LBY,Libya,2005,EN.POP.DNST,3.32973277106516
LIE,Liechtenstein,2023,EN.POP.DNST,249.0375
LIE,Liechtenstein,2022,EN.POP.DNST,246.83125
LIE,Liechtenstein,2021,EN.POP.DNST,244.8875
LIE,Liechtenstein,2020,EN.POP.DNST,243.13125
LIE,Liechtenstein,2019,EN.POP.DNST,241.01875
LIE,Liechtenstein,2018,EN.POP.DNST,239.0375
LIE,Liechtenstein,2017,EN.POP.DNST,237.2625
LIE,Liechtenstein,2016,EN.POP.DNST,235.725
LIE,Liechtenstein,2015,EN.POP.DNST,234.3375
LIE,Liechtenstein,2014,EN.POP.DNST,232.8
LIE,Liechtenstein,2013,EN.POP.DNST,231.15
LIE,Liechtenstein,2012,EN.POP.DNST,229.10625
LIE,Liechtenstein,2011,EN.POP.DNST,226.95
LIE,Liechtenstein,2010,EN.POP.DNST,225.1375
LIE,Liechtenstein,2009,EN.POP.DNST,223.3875
LIE,Liechtenstein,2008,EN.POP.DNST,221.70625
LIE,Liechtenstein,2007,EN.POP.DNST,220.3875
LIE,Liechtenstein,2006,EN.POP.DNST,218.98125
LIE,Liechtenstein,2005,EN.POP.DNST,217.20625
LTU,Lithuania,2023,EN.POP.DNST,45.87196485623
LTU,Lithuania,2022,EN.POP.DNST,45.2309596830873
LTU,Lithuania,2021,EN.POP.DNST,44.8551349624661
LTU,Lithuania,2020,EN.POP.DNST,44.8797349089748
LTU,Lithuania,2019,EN.POP.DNST,44.8912328329607
LTU,Lithuania,2018,EN.POP.DNST,45.0135717707169
LTU,Lithuania,2017,EN.POP.DNST,45.3798470650213
LTU,Lithuania,2016,EN.POP.DNST,45.9328405861882
LTU,Lithuania,2015,EN.POP.DNST,46.4662250598563
LTU,Lithuania,2014,EN.POP.DNST,46.8835275339186
LTU,Lithuania,2013,EN.POP.DNST,47.2477064220183
LTU,Lithuania,2012,EN.POP.DNST,47.6934454478731
LTU,Lithuania,2011,EN.POP.DNST,48.3153301209433
LTU,Lithuania,2010,EN.POP.DNST,49.418141204627
LTU,Lithuania,2009,EN.POP.DNST,50.4653530115676
LTU,Lithuania,2008,EN.POP.DNST,51.0288153171121
LTU,Lithuania,2007,EN.POP.DNST,51.5522335673261
LTU,Lithuania,2006,EN.POP.DNST,52.1682992980217
LTU,Lithuania,2005,EN.POP.DNST,53.0077855775367
LUX,Luxembourg,2023,EN.POP.DNST,258.862052624628
LUX,Luxembourg,2022,EN.POP.DNST,253.685433061691
LUX,Luxembourg,2021,EN.POP.DNST,248.62068161867
LUX,Luxembourg,2020,EN.POP.DNST,244.874264894386
LUX,Luxembourg,2019,EN.POP.DNST,240.827591028798
LUX,Luxembourg,2018,EN.POP.DNST,236.146609386046
LUX,Luxembourg,2017,EN.POP.DNST,231.635372078028
LUX,Luxembourg,2016,EN.POP.DNST,226.072263698018
LUX,Luxembourg,2015,EN.POP.DNST,221.251835336342
LUX,Luxembourg,2014,EN.POP.DNST,216.091529874226
LUX,Luxembourg,2013,EN.POP.DNST,211.05785290896
LUX,Luxembourg,2012,EN.POP.DNST,206.235870823396
LUX,Luxembourg,2011,EN.POP.DNST,201.342029008025
LUX,Luxembourg,2010,EN.POP.DNST,196.916246513832
LUX,Luxembourg,2009,EN.POP.DNST,193.354334501216
LUX,Luxembourg,2008,EN.POP.DNST,189.806794434561
LUX,Luxembourg,2007,EN.POP.DNST,186.444147510546
LUX,Luxembourg,2006,EN.POP.DNST,183.586849281014
LUX,Luxembourg,2005,EN.POP.DNST,180.681774041935
MAC,"Macao SAR, China",2023,EN.POP.DNST,20569.696969697
MAC,"Macao SAR, China",2022,EN.POP.DNST,20524.2424242424
MAC,"Macao SAR, China",2021,EN.POP.DNST,20681.8181818182
MAC,"Macao SAR, China",2020,EN.POP.DNST,20832.8267477204
MAC,"Macao SAR, China",2019,EN.POP.DNST,20425.5319148936
MAC,"Macao SAR, China",2018,EN.POP.DNST,20027.3556231003
MAC,"Macao SAR, China",2017,EN.POP.DNST,21051.9480519481
MAC,"Macao SAR, China",2016,EN.POP.DNST,21393.4426229508
MAC,"Macao SAR, China",2015,EN.POP.DNST,21148.0263157895
MAC,"Macao SAR, China",2014,EN.POP.DNST,20518.1518151815
MAC,"Macao SAR, China",2013,EN.POP.DNST,19534.6534653465
MAC,"Macao SAR, China",2012,EN.POP.DNST,18993.3110367893
MAC,"Macao SAR, China",2011,EN.POP.DNST,18381.27090301
MAC,"Macao SAR, China",2010,EN.POP.DNST,18080.8080808081
MAC,"Macao SAR, China",2009,EN.POP.DNST,18135.593220339
MAC,"Macao SAR, China",2008,EN.POP.DNST,18517.1232876712
MAC,"Macao SAR, China",2007,EN.POP.DNST,17839.0410958904
MAC,"Macao SAR, China",2006,EN.POP.DNST,17444.0559440559
MAC,"Macao SAR, China",2005,EN.POP.DNST,16910.7142857143
MDG,Madagascar,2023,EN.POP.DNST,53.6196837401169
MDG,Madagascar,2022,EN.POP.DNST,52.3156772086628
MDG,Madagascar,2021,EN.POP.DNST,51.0331436919904
MDG,Madagascar,2020,EN.POP.DNST,49.7654795462358
MDG,Madagascar,2019,EN.POP.DNST,48.5038741835682
MDG,Madagascar,2018,EN.POP.DNST,47.2583808869027
MDG,Madagascar,2017,EN.POP.DNST,46.0439584049502
MDG,Madagascar,2016,EN.POP.DNST,44.8606943966999
MDG,Madagascar,2015,EN.POP.DNST,43.7035097971812
MDG,Madagascar,2014,EN.POP.DNST,42.5650532829151
MDG,Madagascar,2013,EN.POP.DNST,41.4391371605363
MDG,Madagascar,2012,EN.POP.DNST,40.327672118186
MDG,Madagascar,2011,EN.POP.DNST,39.2273910913638
MDG,Madagascar,2010,EN.POP.DNST,38.1458541114971
MDG,Madagascar,2009,EN.POP.DNST,37.0521030367644
MDG,Madagascar,2008,EN.POP.DNST,35.9800529628229
MDG,Madagascar,2007,EN.POP.DNST,34.9392698696564
MDG,Madagascar,2006,EN.POP.DNST,33.9287220139629
MDG,Madagascar,2005,EN.POP.DNST,32.946498951061
MWI,Malawi,2023,EN.POP.DNST,223.84898175647
MWI,Malawi,2022,EN.POP.DNST,218.166397963513
MWI,Malawi,2021,EN.POP.DNST,212.635320322444
MWI,Malawi,2020,EN.POP.DNST,207.190156979211
MWI,Malawi,2019,EN.POP.DNST,201.800509121765
MWI,Malawi,2018,EN.POP.DNST,196.521860415783
MWI,Malawi,2017,EN.POP.DNST,191.341907085278
MWI,Malawi,2016,EN.POP.DNST,186.229730589733
MWI,Malawi,2015,EN.POP.DNST,181.221754348748
MWI,Malawi,2014,EN.POP.DNST,176.299724225711
MWI,Malawi,2013,EN.POP.DNST,171.423589308443
MWI,Malawi,2012,EN.POP.DNST,166.626824352991
MWI,Malawi,2011,EN.POP.DNST,161.911561306746
MWI,Malawi,2010,EN.POP.DNST,157.259896054306
MWI,Malawi,2009,EN.POP.DNST,152.691854051761
MWI,Malawi,2008,EN.POP.DNST,148.243710224862
MWI,Malawi,2007,EN.POP.DNST,144.000243954179
MWI,Malawi,2006,EN.POP.DNST,139.994707254985
MWI,Malawi,2005,EN.POP.DNST,136.19040093339
MYS,Malaysia,2023,EN.POP.DNST,106.913096941105
MYS,Malaysia,2022,EN.POP.DNST,105.601865773855
MYS,Malaysia,2021,EN.POP.DNST,104.344541165728
MYS,Malaysia,2020,EN.POP.DNST,103.148860143053
MYS,Malaysia,2019,EN.POP.DNST,101.782364936844
MYS,Malaysia,2018,EN.POP.DNST,100.170345457312
MYS,Malaysia,2017,EN.POP.DNST,98.4801217470705
MYS,Malaysia,2016,EN.POP.DNST,96.7575254907929
MYS,Malaysia,2015,EN.POP.DNST,95.0625414700959
MYS,Malaysia,2014,EN.POP.DNST,93.4291188555775
MYS,Malaysia,2013,EN.POP.DNST,91.8407091766854
MYS,Malaysia,2012,EN.POP.DNST,90.2840693958302
MYS,Malaysia,2011,EN.POP.DNST,88.7598204230711
MYS,Malaysia,2010,EN.POP.DNST,87.2189194947497
MYS,Malaysia,2009,EN.POP.DNST,85.6027332217319
MYS,Malaysia,2008,EN.POP.DNST,83.9143478922538
MYS,Malaysia,2007,EN.POP.DNST,82.1743691979912
MYS,Malaysia,2006,EN.POP.DNST,80.4075757114594
MYS,Malaysia,2005,EN.POP.DNST,78.6366489118856
MDV,Maldives,2023,EN.POP.DNST,1765.08053691275
MDV,Maldives,2022,EN.POP.DNST,1747.02
MDV,Maldives,2021,EN.POP.DNST,1720.51333333333
MDV,Maldives,2020,EN.POP.DNST,1673.72666666667
MDV,Maldives,2019,EN.POP.DNST,1625.77
MDV,Maldives,2018,EN.POP.DNST,1576.99666666667
MDV,Maldives,2017,EN.POP.DNST,1527.62333333333
MDV,Maldives,2016,EN.POP.DNST,1477.69333333333
MDV,Maldives,2015,EN.POP.DNST,1427.18
MDV,Maldives,2014,EN.POP.DNST,1378.72333333333
MDV,Maldives,2013,EN.POP.DNST,1333.56666666667
MDV,Maldives,2012,EN.POP.DNST,1289.39333333333
MDV,Maldives,2011,EN.POP.DNST,1245.58
MDV,Maldives,2010,EN.POP.DNST,1202.64
MDV,Maldives,2009,EN.POP.DNST,1160.91666666667
MDV,Maldives,2008,EN.POP.DNST,1120.56666666667
MDV,Maldives,2007,EN.POP.DNST,1081.59666666667
MDV,Maldives,2006,EN.POP.DNST,1046.17
MDV,Maldives,2005,EN.POP.DNST,1021.43
MLI,Mali,2023,EN.POP.DNST,19.4798572353486
MLI,Mali,2022,EN.POP.DNST,18.9090551471492
MLI,Mali,2021,EN.POP.DNST,18.348478515641
MLI,Mali,2020,EN.POP.DNST,17.7954548062187
MLI,Mali,2019,EN.POP.DNST,17.2664953818668
MLI,Mali,2018,EN.POP.DNST,16.7531531974529
MLI,Mali,2017,EN.POP.DNST,16.2376441373884
MLI,Mali,2016,EN.POP.DNST,15.7281152935199
MLI,Mali,2015,EN.POP.DNST,15.2378088658324
MLI,Mali,2014,EN.POP.DNST,14.7684106573566
MLI,Mali,2013,EN.POP.DNST,14.3089313959301
MLI,Mali,2012,EN.POP.DNST,13.8970430834542
MLI,Mali,2011,EN.POP.DNST,13.497118481548
MLI,Mali,2010,EN.POP.DNST,13.0677992771618
MLI,Mali,2009,EN.POP.DNST,12.6501110482794
MLI,Mali,2008,EN.POP.DNST,12.2446356714938
MLI,Mali,2007,EN.POP.DNST,11.8487899425499
MLI,Mali,2006,EN.POP.DNST,11.4655414320721
MLI,Mali,2005,EN.POP.DNST,11.0955236479565
MLT,Malta,2023,EN.POP.DNST,1727.334375
MLT,Malta,2022,EN.POP.DNST,1659.728125
MLT,Malta,2021,EN.POP.DNST,1619.21875
MLT,Malta,2020,EN.POP.DNST,1610.90625
MLT,Malta,2019,EN.POP.DNST,1574.725
MLT,Malta,2018,EN.POP.DNST,1512.196875
MLT,Malta,2017,EN.POP.DNST,1459.70625
MLT,Malta,2016,EN.POP.DNST,1420.328125
MLT,Malta,2015,EN.POP.DNST,1388.1875
MLT,Malta,2014,EN.POP.DNST,1354.628125
MLT,Malta,2013,EN.POP.DNST,1327.53125
MLT,Malta,2012,EN.POP.DNST,1312.5875
MLT,Malta,2011,EN.POP.DNST,1300.8375
MLT,Malta,2010,EN.POP.DNST,1295.3375
MLT,Malta,2009,EN.POP.DNST,1288.990625
MLT,Malta,2008,EN.POP.DNST,1279.309375
MLT,Malta,2007,EN.POP.DNST,1271.0125
MLT,Malta,2006,EN.POP.DNST,1266.5875
MLT,Malta,2005,EN.POP.DNST,1261.98125
MHL,Marshall Islands,2023,EN.POP.DNST,215.705555555556
MHL,Marshall Islands,2022,EN.POP.DNST,222.65
MHL,Marshall Islands,2021,EN.POP.DNST,229.816666666667
MHL,Marshall Islands,2020,EN.POP.DNST,237.255555555556
MHL,Marshall Islands,2019,EN.POP.DNST,244.483333333333
MHL,Marshall Islands,2018,EN.POP.DNST,251.583333333333
MHL,Marshall Islands,2017,EN.POP.DNST,258.494444444444
MHL,Marshall Islands,2016,EN.POP.DNST,265.05
MHL,Marshall Islands,2015,EN.POP.DNST,271.111111111111
MHL,Marshall Islands,2014,EN.POP.DNST,276.644444444444
MHL,Marshall Islands,2013,EN.POP.DNST,281.561111111111
MHL,Marshall Islands,2012,EN.POP.DNST,285.661111111111
MHL,Marshall Islands,2011,EN.POP.DNST,288.372222222222
MHL,Marshall Islands,2010,EN.POP.DNST,289.133333333333
MHL,Marshall Islands,2009,EN.POP.DNST,288.994444444444
MHL,Marshall Islands,2008,EN.POP.DNST,289.055555555556
MHL,Marshall Islands,2007,EN.POP.DNST,289.083333333333
MHL,Marshall Islands,2006,EN.POP.DNST,288.844444444444
MHL,Marshall Islands,2005,EN.POP.DNST,288.366666666667
MRT,Mauritania,2023,EN.POP.DNST,4.87284466867178
MRT,Mauritania,2022,EN.POP.DNST,4.73041331134181
MRT,Mauritania,2021,EN.POP.DNST,4.59384301930727
MRT,Mauritania,2020,EN.POP.DNST,4.46311341806539
MRT,Mauritania,2019,EN.POP.DNST,4.33463471427185
MRT,Mauritania,2018,EN.POP.DNST,4.20848452508004
MRT,Mauritania,2017,EN.POP.DNST,4.08518482584651
MRT,Mauritania,2016,EN.POP.DNST,3.96493354031241
MRT,Mauritania,2015,EN.POP.DNST,3.84783060056272
MRT,Mauritania,2014,EN.POP.DNST,3.7338837683128
MRT,Mauritania,2013,EN.POP.DNST,3.62308916270496
MRT,Mauritania,2012,EN.POP.DNST,3.511238963811
MRT,Mauritania,2011,EN.POP.DNST,3.39847773357912
MRT,Mauritania,2010,EN.POP.DNST,3.28996313185214
MRT,Mauritania,2009,EN.POP.DNST,3.18661880275541
MRT,Mauritania,2008,EN.POP.DNST,3.08845347821869
MRT,Mauritania,2007,EN.POP.DNST,3.00093043562627
MRT,Mauritania,2006,EN.POP.DNST,2.92389638110022
MRT,Mauritania,2005,EN.POP.DNST,2.85151741534879
MUS,Mauritius,2023,EN.POP.DNST,625.261392088132
MUS,Mauritius,2022,EN.POP.DNST,632.209814722083
MUS,Mauritius,2021,EN.POP.DNST,634.118177265899
MUS,Mauritius,2020,EN.POP.DNST,633.957936905358
MUS,Mauritius,2019,EN.POP.DNST,633.943415122684
MUS,Mauritius,2018,EN.POP.DNST,633.739108662994
MUS,Mauritius,2017,EN.POP.DNST,633.393590385578
MUS,Mauritius,2016,EN.POP.DNST,632.822734101152
MUS,Mauritius,2015,EN.POP.DNST,632.388082123185
MUS,Mauritius,2014,EN.POP.DNST,631.551326990486
MUS,Mauritius,2013,EN.POP.DNST,630.409113670506
MUS,Mauritius,2012,EN.POP.DNST,628.884326489735
MUS,Mauritius,2011,EN.POP.DNST,627.142714071107
MUS,Mauritius,2010,EN.POP.DNST,615.960591133005
MUS,Mauritius,2009,EN.POP.DNST,614.497044334975
MUS,Mauritius,2008,EN.POP.DNST,612.867487684729
MUS,Mauritius,2007,EN.POP.DNST,610.655172413793
MUS,Mauritius,2006,EN.POP.DNST,607.879802955665
MUS,Mauritius,2005,EN.POP.DNST,605.051231527094
MEX,Mexico,2023,EN.POP.DNST,66.7402757272564
MEX,Mexico,2022,EN.POP.DNST,66.1607124668844
MEX,Mexico,2021,EN.POP.DNST,65.664316469045
MEX,Mexico,2020,EN.POP.DNST,65.227528485815
MEX,Mexico,2019,EN.POP.DNST,64.6945559299365
MEX,Mexico,2018,EN.POP.DNST,64.0827752771419
MEX,Mexico,2017,EN.POP.DNST,63.4790282671879
MEX,Mexico,2016,EN.POP.DNST,62.8881149206513
MEX,Mexico,2015,EN.POP.DNST,62.2815946912215
MEX,Mexico,2014,EN.POP.DNST,61.6190030607783
MEX,Mexico,2013,EN.POP.DNST,60.8778893490059
MEX,Mexico,2012,EN.POP.DNST,60.0932163893104
MEX,Mexico,2011,EN.POP.DNST,59.2831626327838
MEX,Mexico,2010,EN.POP.DNST,58.4500090022892
MEX,Mexico,2009,EN.POP.DNST,57.6145070603668
MEX,Mexico,2008,EN.POP.DNST,56.7783574680419
MEX,Mexico,2007,EN.POP.DNST,55.9553280691376
MEX,Mexico,2006,EN.POP.DNST,55.1730579490213
MEX,Mexico,2005,EN.POP.DNST,54.4311859872939
FSM,"Micronesia, Fed. Sts.",2023,EN.POP.DNST,160.9
FSM,"Micronesia, Fed. Sts.",2022,EN.POP.DNST,160.162857142857
FSM,"Micronesia, Fed. Sts.",2021,EN.POP.DNST,159.462857142857
FSM,"Micronesia, Fed. Sts.",2020,EN.POP.DNST,158.451428571429
FSM,"Micronesia, Fed. Sts.",2019,EN.POP.DNST,157.545714285714
FSM,"Micronesia, Fed. Sts.",2018,EN.POP.DNST,157.012857142857
FSM,"Micronesia, Fed. Sts.",2017,EN.POP.DNST,156.401428571429
FSM,"Micronesia, Fed. Sts.",2016,EN.POP.DNST,155.821428571429
FSM,"Micronesia, Fed. Sts.",2015,EN.POP.DNST,155.308571428571
FSM,"Micronesia, Fed. Sts.",2014,EN.POP.DNST,154.851428571429
FSM,"Micronesia, Fed. Sts.",2013,EN.POP.DNST,154.458571428571
FSM,"Micronesia, Fed. Sts.",2012,EN.POP.DNST,154.128571428571
FSM,"Micronesia, Fed. Sts.",2011,EN.POP.DNST,153.854285714286
FSM,"Micronesia, Fed. Sts.",2010,EN.POP.DNST,153.628571428571
FSM,"Micronesia, Fed. Sts.",2009,EN.POP.DNST,154.224285714286
FSM,"Micronesia, Fed. Sts.",2008,EN.POP.DNST,155.622857142857
FSM,"Micronesia, Fed. Sts.",2007,EN.POP.DNST,156.971428571429
FSM,"Micronesia, Fed. Sts.",2006,EN.POP.DNST,158.184285714286
FSM,"Micronesia, Fed. Sts.",2005,EN.POP.DNST,159.16
MDA,Moldova,2023,EN.POP.DNST,85.437584732506
MDA,Moldova,2022,EN.POP.DNST,88.05425357802
MDA,Moldova,2021,EN.POP.DNST,90.3612977338393
MDA,Moldova,2020,EN.POP.DNST,91.7473260542588
MDA,Moldova,2019,EN.POP.DNST,92.756093569939
MDA,Moldova,2018,EN.POP.DNST,94.2543946689506
MDA,Moldova,2017,EN.POP.DNST,95.9093883802694
MDA,Moldova,2016,EN.POP.DNST,97.614165825121
MDA,Moldova,2015,EN.POP.DNST,98.7560678343838
MDA,Moldova,2014,EN.POP.DNST,99.5164884911377
MDA,Moldova,2013,EN.POP.DNST,99.5771842462653
MDA,Moldova,2012,EN.POP.DNST,99.6732759521901
MDA,Moldova,2011,EN.POP.DNST,99.7210931780946
MDA,Moldova,2010,EN.POP.DNST,99.7787848154216
MDA,Moldova,2009,EN.POP.DNST,99.739374107982
MDA,Moldova,2008,EN.POP.DNST,99.8653879625439
MDA,Moldova,2007,EN.POP.DNST,100.055661920841
MDA,Moldova,2006,EN.POP.DNST,100.287778048526
MDA,Moldova,2005,EN.POP.DNST,100.566888293243
MCO,Monaco,2023,EN.POP.DNST,18692.8982725528
MCO,Monaco,2022,EN.POP.DNST,18680.9021113244
MCO,Monaco,2021,EN.POP.DNST,18487.0441458733
MCO,Monaco,2020,EN.POP.DNST,18771.583621115
MCO,Monaco,2019,EN.POP.DNST,18800.6906758757
MCO,Monaco,2018,EN.POP.DNST,18822.8909718796
MCO,Monaco,2017,EN.POP.DNST,18588.061174149
MCO,Monaco,2016,EN.POP.DNST,18389.7385298471
MCO,Monaco,2015,EN.POP.DNST,18133.6951159349
MCO,Monaco,2014,EN.POP.DNST,17823.3843117908
MCO,Monaco,2013,EN.POP.DNST,17487.4198322644
MCO,Monaco,2012,EN.POP.DNST,17124.3216576221
MCO,Monaco,2011,EN.POP.DNST,16746.916625555
MCO,Monaco,2010,EN.POP.DNST,16360.6314750863
MCO,Monaco,2009,EN.POP.DNST,15966.4528860385
MCO,Monaco,2008,EN.POP.DNST,15705.9694129255
MCO,Monaco,2007,EN.POP.DNST,15706.4627528367
MCO,Monaco,2006,EN.POP.DNST,15814.9975333004
MCO,Monaco,2005,EN.POP.DNST,15890.4785397139
MNG,Mongolia,2023,EN.POP.DNST,2.23365125312889
MNG,Mongolia,2022,EN.POP.DNST,2.2046394565685
MNG,Mongolia,2021,EN.POP.DNST,2.17253662423347
MNG,Mongolia,2020,EN.POP.DNST,2.13623721809195
MNG,Mongolia,2019,EN.POP.DNST,2.09835043390369
MNG,Mongolia,2018,EN.POP.DNST,2.06015649331677
MNG,Mongolia,2017,EN.POP.DNST,2.02209412791248
MNG,Mongolia,2016,EN.POP.DNST,1.98352563105577
MNG,Mongolia,2015,EN.POP.DNST,1.94371713207737
MNG,Mongolia,2014,EN.POP.DNST,1.90278211075515
MNG,Mongolia,2013,EN.POP.DNST,1.8616184405066
MNG,Mongolia,2012,EN.POP.DNST,1.82353600871754
MNG,Mongolia,2011,EN.POP.DNST,1.78925253897917
MNG,Mongolia,2010,EN.POP.DNST,1.75857916493112
MNG,Mongolia,2009,EN.POP.DNST,1.72788137676538
MNG,Mongolia,2008,EN.POP.DNST,1.69711733640935
MNG,Mongolia,2007,EN.POP.DNST,1.6705735718479
MNG,Mongolia,2006,EN.POP.DNST,1.64830525022335
MNG,Mongolia,2005,EN.POP.DNST,1.63171323734666
MNE,Montenegro,2023,EN.POP.DNST,46.3590334572491
MNE,Montenegro,2022,EN.POP.DNST,46.3636431226766
MNE,Montenegro,2021,EN.POP.DNST,46.4723420074349
MNE,Montenegro,2020,EN.POP.DNST,46.5866171003717
MNE,Montenegro,2019,EN.POP.DNST,46.5987360594796
MNE,Montenegro,2018,EN.POP.DNST,46.5753159851301
MNE,Montenegro,2017,EN.POP.DNST,46.5414126394052
MNE,Montenegro,2016,EN.POP.DNST,46.4946468401487
MNE,Montenegro,2015,EN.POP.DNST,46.4424535315985
MNE,Montenegro,2014,EN.POP.DNST,46.3750185873606
MNE,Montenegro,2013,EN.POP.DNST,46.2889962825279
MNE,Montenegro,2012,EN.POP.DNST,46.2020817843866
MNE,Montenegro,2011,EN.POP.DNST,46.1223048327138
MNE,Montenegro,2010,EN.POP.DNST,46.054126394052
MNE,Montenegro,2009,EN.POP.DNST,45.969814126394
MNE,Montenegro,2008,EN.POP.DNST,45.8713011152416
MNE,Montenegro,2007,EN.POP.DNST,45.7899628252788
MNE,Montenegro,2006,EN.POP.DNST,45.7267657992565
MAR,Morocco,2023,EN.POP.DNST,84.5003473000224
MAR,Morocco,2022,EN.POP.DNST,83.6411920233027
MAR,Morocco,2021,EN.POP.DNST,82.8017969975353
MAR,Morocco,2020,EN.POP.DNST,81.9722339233699
MAR,Morocco,2019,EN.POP.DNST,81.1357786242438
MAR,Morocco,2018,EN.POP.DNST,80.3041900067219
MAR,Morocco,2017,EN.POP.DNST,79.4227918440511
MAR,Morocco,2016,EN.POP.DNST,78.4751445216222
MAR,Morocco,2015,EN.POP.DNST,77.5433295989245
MAR,Morocco,2014,EN.POP.DNST,76.6407797445664
MAR,Morocco,2013,EN.POP.DNST,75.7059623571589
MAR,Morocco,2012,EN.POP.DNST,74.7372641720816
MAR,Morocco,2011,EN.POP.DNST,73.745435805512
MAR,Morocco,2010,EN.POP.DNST,72.7470669952946
MAR,Morocco,2009,EN.POP.DNST,71.7696123683621
MAR,Morocco,2008,EN.POP.DNST,70.8195541115841
MAR,Morocco,2007,EN.POP.DNST,69.8778131301815
MAR,Morocco,2006,EN.POP.DNST,68.9472955411158
MAR,Morocco,2005,EN.POP.DNST,68.0218328478602
MOZ,Mozambique,2023,EN.POP.DNST,42.7721457819375
MOZ,Mozambique,2022,EN.POP.DNST,41.5273099519316
MOZ,Mozambique,2021,EN.POP.DNST,40.3212187492052
MOZ,Mozambique,2020,EN.POP.DNST,39.1460718736489
MOZ,Mozambique,2019,EN.POP.DNST,38.0024670006867
MOZ,Mozambique,2018,EN.POP.DNST,36.9015539561026
MOZ,Mozambique,2017,EN.POP.DNST,35.8177891095908
MOZ,Mozambique,2016,EN.POP.DNST,34.7632251583204
MOZ,Mozambique,2015,EN.POP.DNST,33.7592156463796
MOZ,Mozambique,2014,EN.POP.DNST,32.7939100689234
MOZ,Mozambique,2013,EN.POP.DNST,31.8568770823266
MOZ,Mozambique,2012,EN.POP.DNST,30.9492179353493
MOZ,Mozambique,2011,EN.POP.DNST,30.0732966250413
MOZ,Mozambique,2010,EN.POP.DNST,29.2469734733844
MOZ,Mozambique,2009,EN.POP.DNST,28.4744589129937
MOZ,Mozambique,2008,EN.POP.DNST,27.746173605636
MOZ,Mozambique,2007,EN.POP.DNST,27.070417609807
MOZ,Mozambique,2006,EN.POP.DNST,26.4338958264452
MOZ,Mozambique,2005,EN.POP.DNST,25.8203018896717
MMR,Myanmar,2023,EN.POP.DNST,82.9420656687147
MMR,Myanmar,2022,EN.POP.DNST,82.3644215300228
MMR,Myanmar,2021,EN.POP.DNST,81.7980020531049
MMR,Myanmar,2020,EN.POP.DNST,81.2302112859485
MMR,Myanmar,2019,EN.POP.DNST,80.6507017006282
MMR,Myanmar,2018,EN.POP.DNST,80.0861758847863
MMR,Myanmar,2017,EN.POP.DNST,79.5020114898506
MMR,Myanmar,2016,EN.POP.DNST,78.8867551089188
MMR,Myanmar,2015,EN.POP.DNST,78.2278679487965
MMR,Myanmar,2014,EN.POP.DNST,77.6040209468978
MMR,Myanmar,2013,EN.POP.DNST,76.9624823911313
MMR,Myanmar,2012,EN.POP.DNST,76.3032167189773
MMR,Myanmar,2011,EN.POP.DNST,75.6475990754489
MMR,Myanmar,2010,EN.POP.DNST,75.045742889508
MMR,Myanmar,2009,EN.POP.DNST,74.4840945966631
MMR,Myanmar,2008,EN.POP.DNST,74.0701856698964
MMR,Myanmar,2007,EN.POP.DNST,73.6397401762762
MMR,Myanmar,2006,EN.POP.DNST,73.1252161537638
MMR,Myanmar,2005,EN.POP.DNST,72.6067788049467
NAM,Namibia,2023,EN.POP.DNST,3.59909023551847
NAM,Namibia,2022,EN.POP.DNST,3.50989566252475
NAM,Namibia,2021,EN.POP.DNST,3.41380072635402
NAM,Namibia,2020,EN.POP.DNST,3.31446027523716
NAM,Namibia,2019,EN.POP.DNST,3.21939292351419
NAM,Namibia,2018,EN.POP.DNST,3.13052144444849
NAM,Namibia,2017,EN.POP.DNST,3.04492098774429
NAM,Namibia,2016,EN.POP.DNST,2.96276281747622
NAM,Namibia,2015,EN.POP.DNST,2.88391696728978
NAM,Namibia,2014,EN.POP.DNST,2.80841380315563
NAM,Namibia,2013,EN.POP.DNST,2.73598367525416
NAM,Namibia,2012,EN.POP.DNST,2.66571196054853
NAM,Namibia,2011,EN.POP.DNST,2.60700968067145
NAM,Namibia,2010,EN.POP.DNST,2.56265835853709
NAM,Namibia,2009,EN.POP.DNST,2.52328341167754
NAM,Namibia,2008,EN.POP.DNST,2.48643369893962
NAM,Namibia,2007,EN.POP.DNST,2.45186993647439
NAM,Namibia,2006,EN.POP.DNST,2.4194245041237
NAM,Namibia,2005,EN.POP.DNST,2.38868685396397
NRU,Naoero,2023,EN.POP.DNST,593.75
NRU,Naoero,2022,EN.POP.DNST,590.05
NRU,Naoero,2021,EN.POP.DNST,585.45
NRU,Naoero,2020,EN.POP.DNST,582.15
NRU,Naoero,2019,EN.POP.DNST,579.35
NRU,Naoero,2018,EN.POP.DNST,573.85
NRU,Naoero,2017,EN.POP.DNST,566.2
NRU,Naoero,2016,EN.POP.DNST,557.5
NRU,Naoero,2015,EN.POP.DNST,547.7
NRU,Naoero,2014,EN.POP.DNST,537.1
NRU,Naoero,2013,EN.POP.DNST,525.85
NRU,Naoero,2012,EN.POP.DNST,513.35
NRU,Naoero,2011,EN.POP.DNST,504.9
NRU,Naoero,2010,EN.POP.DNST,502.15
NRU,Naoero,2009,EN.POP.DNST,500.8
NRU,Naoero,2008,EN.POP.DNST,500.45
NRU,Naoero,2007,EN.POP.DNST,501.0
NRU,Naoero,2006,EN.POP.DNST,501.7
NRU,Naoero,2005,EN.POP.DNST,502.45
NPL,Nepal,2023,EN.POP.DNST,207.147638646669
NPL,Nepal,2022,EN.POP.DNST,207.292891524241
NPL,Nepal,2021,EN.POP.DNST,205.61569584932
NPL,Nepal,2020,EN.POP.DNST,202.068880362749
NPL,Nepal,2019,EN.POP.DNST,198.214607603767
NPL,Nepal,2018,EN.POP.DNST,195.882029996512
NPL,Nepal,2017,EN.POP.DNST,195.404659923265
NPL,Nepal,2016,EN.POP.DNST,195.015430763865
NPL,Nepal,2015,EN.POP.DNST,194.095772584583
NPL,Nepal,2014,EN.POP.DNST,193.040599930241
NPL,Nepal,2013,EN.POP.DNST,192.465964422742
NPL,Nepal,2012,EN.POP.DNST,192.081723055459
NPL,Nepal,2011,EN.POP.DNST,191.59047087548
NPL,Nepal,2010,EN.POP.DNST,190.73562608999
NPL,Nepal,2009,EN.POP.DNST,189.557272410185
NPL,Nepal,2008,EN.POP.DNST,188.28069061737
NPL,Nepal,2007,EN.POP.DNST,186.874726194629
NPL,Nepal,2006,EN.POP.DNST,185.318625741193
NPL,Nepal,2005,EN.POP.DNST,183.533017091036
NLD,Netherlands,2023,EN.POP.DNST,530.950905850906
NLD,Netherlands,2022,EN.POP.DNST,525.719691119691
NLD,Netherlands,2021,EN.POP.DNST,520.731927531928
NLD,Netherlands,2020,EN.POP.DNST,518.013068013068
NLD,Netherlands,2019,EN.POP.DNST,515.143272943273
NLD,Netherlands,2018,EN.POP.DNST,511.779744579745
NLD,Netherlands,2017,EN.POP.DNST,508.8
NLD,Netherlands,2016,EN.POP.DNST,505.800831600832
NLD,Netherlands,2015,EN.POP.DNST,503.116216216216
NLD,Netherlands,2014,EN.POP.DNST,500.593885425942
NLD,Netherlands,2013,EN.POP.DNST,498.795844464233
NLD,Netherlands,2012,EN.POP.DNST,496.884994068802
NLD,Netherlands,2011,EN.POP.DNST,495.049644128114
NLD,Netherlands,2010,EN.POP.DNST,492.599881411207
NLD,Netherlands,2009,EN.POP.DNST,490.079691669137
NLD,Netherlands,2008,EN.POP.DNST,487.132494075829
NLD,Netherlands,2007,EN.POP.DNST,485.23981042654
NLD,Netherlands,2006,EN.POP.DNST,484.185456161137
NLD,Netherlands,2005,EN.POP.DNST,483.408412322275
NCL,New Caledonia,2023,EN.POP.DNST,15.8572210065646
NCL,New Caledonia,2022,EN.POP.DNST,15.7069474835886
NCL,New Caledonia,2021,EN.POP.DNST,15.6025164113786
NCL,New Caledonia,2020,EN.POP.DNST,15.5457330415755
NCL,New Caledonia,2019,EN.POP.DNST,15.5145514223195
NCL,New Caledonia,2018,EN.POP.DNST,15.5109956236324
NCL,New Caledonia,2017,EN.POP.DNST,15.5112691466083
NCL,New Caledonia,2016,EN.POP.DNST,15.5045404814004
NCL,New Caledonia,2015,EN.POP.DNST,15.490590809628
NCL,New Caledonia,2014,EN.POP.DNST,15.3842450765864
NCL,New Caledonia,2013,EN.POP.DNST,15.1434354485777
NCL,New Caledonia,2012,EN.POP.DNST,14.8595733041575
NCL,New Caledonia,2011,EN.POP.DNST,14.5811269146608
NCL,New Caledonia,2010,EN.POP.DNST,14.3097374179431
NCL,New Caledonia,2009,EN.POP.DNST,14.0727571115974
NCL,New Caledonia,2008,EN.POP.DNST,13.8853938730853
NCL,New Caledonia,2007,EN.POP.DNST,13.7158096280088
NCL,New Caledonia,2006,EN.POP.DNST,13.5419584245077
NCL,New Caledonia,2005,EN.POP.DNST,13.3687636761488
NZL,New Zealand,2023,EN.POP.DNST,19.7485853176864
NZL,New Zealand,2022,EN.POP.DNST,19.299305001709
NZL,New Zealand,2021,EN.POP.DNST,19.3103186358285
NZL,New Zealand,2020,EN.POP.DNST,19.2639854164293
NZL,New Zealand,2019,EN.POP.DNST,18.8762295393263
NZL,New Zealand,2018,EN.POP.DNST,18.6115225399719
NZL,New Zealand,2017,EN.POP.DNST,18.2811135163875
NZL,New Zealand,2016,EN.POP.DNST,17.9032319319433
NZL,New Zealand,2015,EN.POP.DNST,17.5056017621815
NZL,New Zealand,2014,EN.POP.DNST,17.1527856898713
NZL,New Zealand,2013,EN.POP.DNST,16.8702290076336
NZL,New Zealand,2012,EN.POP.DNST,16.7411036420949
NZL,New Zealand,2011,EN.POP.DNST,16.6495765447571
NZL,New Zealand,2010,EN.POP.DNST,16.5231096426266
NZL,New Zealand,2009,EN.POP.DNST,16.340435228438
NZL,New Zealand,2008,EN.POP.DNST,16.1778891800539
NZL,New Zealand,2007,EN.POP.DNST,16.0411682047776
NZL,New Zealand,2006,EN.POP.DNST,15.8922942539212
NZL,New Zealand,2005,EN.POP.DNST,15.6997455470738
NIC,Nicaragua,2023,EN.POP.DNST,56.702783779292
NIC,Nicaragua,2022,EN.POP.DNST,55.9303141100216
NIC,Nicaragua,2021,EN.POP.DNST,55.2163952135616
NIC,Nicaragua,2020,EN.POP.DNST,54.5559830480306
NIC,Nicaragua,2019,EN.POP.DNST,53.8778211733422
NIC,Nicaragua,2018,EN.POP.DNST,53.1833139438258
NIC,Nicaragua,2017,EN.POP.DNST,52.4865464517201
NIC,Nicaragua,2016,EN.POP.DNST,51.7921389396709
NIC,Nicaragua,2015,EN.POP.DNST,51.100357320924
NIC,Nicaragua,2014,EN.POP.DNST,50.4112680737909
NIC,Nicaragua,2013,EN.POP.DNST,49.7244889479807
NIC,Nicaragua,2012,EN.POP.DNST,49.0384493933854
NIC,Nicaragua,2011,EN.POP.DNST,48.355085590826
NIC,Nicaragua,2010,EN.POP.DNST,47.676998504238
NIC,Nicaragua,2009,EN.POP.DNST,47.0051603789264
NIC,Nicaragua,2008,EN.POP.DNST,46.340310786106
NIC,Nicaragua,2007,EN.POP.DNST,45.6809290344025
NIC,Nicaragua,2006,EN.POP.DNST,45.029541299651
NIC,Nicaragua,2005,EN.POP.DNST,44.391764999169
NER,Niger,2023,EN.POP.DNST,20.6519831057077
NER,Niger,2022,EN.POP.DNST,19.9826107207705
NER,Niger,2021,EN.POP.DNST,19.3432857030078
NER,Niger,2020,EN.POP.DNST,18.7239385805637
NER,Niger,2019,EN.POP.DNST,18.1161735217494
NER,Niger,2018,EN.POP.DNST,17.5164356201153
NER,Niger,2017,EN.POP.DNST,16.9222752032841
NER,Niger,2016,EN.POP.DNST,16.3304278834768
NER,Niger,2015,EN.POP.DNST,15.741294702771
NER,Niger,2014,EN.POP.DNST,15.1700552617036
NER,Niger,2013,EN.POP.DNST,14.6205873529644
NER,Niger,2012,EN.POP.DNST,14.0812891766006
NER,Niger,2011,EN.POP.DNST,13.5598665824584
NER,Niger,2010,EN.POP.DNST,13.0645259335281
NER,Niger,2009,EN.POP.DNST,12.5867806110366
NER,Niger,2008,EN.POP.DNST,12.1275084866188
NER,Niger,2007,EN.POP.DNST,11.6867529801847
NER,Niger,2006,EN.POP.DNST,11.2643727796637
NER,Niger,2005,EN.POP.DNST,10.8598657930054
NGA,Nigeria,2023,EN.POP.DNST,250.20910328623
NGA,Nigeria,2022,EN.POP.DNST,245.013445765671
NGA,Nigeria,2021,EN.POP.DNST,239.939047179859
NGA,Nigeria,2020,EN.POP.DNST,234.961824609945
NGA,Nigeria,2019,EN.POP.DNST,230.009377779242
NGA,Nigeria,2018,EN.POP.DNST,225.017024056568
NGA,Nigeria,2017,EN.POP.DNST,219.873929751749
NGA,Nigeria,2016,EN.POP.DNST,214.591719094832
NGA,Nigeria,2015,EN.POP.DNST,209.352391932101
NGA,Nigeria,2014,EN.POP.DNST,204.109616039176
NGA,Nigeria,2013,EN.POP.DNST,198.787227291193
NGA,Nigeria,2012,EN.POP.DNST,193.463360672837
NGA,Nigeria,2011,EN.POP.DNST,188.170007795602
NGA,Nigeria,2010,EN.POP.DNST,182.969230431393
NGA,Nigeria,2009,EN.POP.DNST,177.925781481603
NGA,Nigeria,2008,EN.POP.DNST,173.034919902939
NGA,Nigeria,2007,EN.POP.DNST,168.28316808854
NGA,Nigeria,2006,EN.POP.DNST,163.682745369303
NGA,Nigeria,2005,EN.POP.DNST,159.224889928302
MKD,North Macedonia,2023,EN.POP.DNST,72.474861221253
MKD,North Macedonia,2022,EN.POP.DNST,72.6293417922284
MKD,North Macedonia,2021,EN.POP.DNST,72.8435368754956
MKD,North Macedonia,2020,EN.POP.DNST,73.5973037272006
MKD,North Macedonia,2019,EN.POP.DNST,74.3957969865186
MKD,North Macedonia,2018,EN.POP.DNST,74.9028945281523
MKD,North Macedonia,2017,EN.POP.DNST,75.2837827121332
MKD,North Macedonia,2016,EN.POP.DNST,75.5873513084853
MKD,North Macedonia,2015,EN.POP.DNST,75.8298969072165
MKD,North Macedonia,2014,EN.POP.DNST,76.0331879460745
MKD,North Macedonia,2013,EN.POP.DNST,76.2377478191911
MKD,North Macedonia,2012,EN.POP.DNST,76.5194686756542
MKD,North Macedonia,2011,EN.POP.DNST,76.8199048374306
MKD,North Macedonia,2010,EN.POP.DNST,77.1727993655829
MKD,North Macedonia,2009,EN.POP.DNST,77.6678033306899
MKD,North Macedonia,2008,EN.POP.DNST,78.1408244153785
MKD,North Macedonia,2007,EN.POP.DNST,78.5942528735632
MKD,North Macedonia,2006,EN.POP.DNST,78.4226110892646
MKD,North Macedonia,2005,EN.POP.DNST,78.8568619740464
MNP,Northern Mariana Islands,2023,EN.POP.DNST,98.1369565217391
MNP,Northern Mariana Islands,2022,EN.POP.DNST,100.169565217391
MNP,Northern Mariana Islands,2021,EN.POP.DNST,102.128260869565
MNP,Northern Mariana Islands,2020,EN.POP.DNST,103.321739130435
MNP,Northern Mariana Islands,2019,EN.POP.DNST,104.628260869565
MNP,Northern Mariana Islands,2018,EN.POP.DNST,106.689130434783
MNP,Northern Mariana Islands,2017,EN.POP.DNST,108.60652173913
MNP,Northern Mariana Islands,2016,EN.POP.DNST,110.376086956522
MNP,Northern Mariana Islands,2015,EN.POP.DNST,111.986956521739
MNP,Northern Mariana Islands,2014,EN.POP.DNST,113.430434782609
MNP,Northern Mariana Islands,2013,EN.POP.DNST,114.691304347826
MNP,Northern Mariana Islands,2012,EN.POP.DNST,115.726086956522
MNP,Northern Mariana Islands,2011,EN.POP.DNST,116.539130434783
MNP,Northern Mariana Islands,2010,EN.POP.DNST,117.589130434783
MNP,Northern Mariana Islands,2009,EN.POP.DNST,120.271739130435
MNP,Northern Mariana Islands,2008,EN.POP.DNST,124.239130434783
MNP,Northern Mariana Islands,2007,EN.POP.DNST,128.132608695652
MNP,Northern Mariana Islands,2006,EN.POP.DNST,131.917391304348
MNP,Northern Mariana Islands,2005,EN.POP.DNST,135.552173913043
NOR,Norway,2023,EN.POP.DNST,15.1524995195871
NOR,Norway,2022,EN.POP.DNST,14.9809948664452
NOR,Norway,2021,EN.POP.DNST,14.8470090866665
NOR,Norway,2020,EN.POP.DNST,14.7672152298338
NOR,Norway,2019,EN.POP.DNST,14.6479975020132
NOR,Norway,2018,EN.POP.DNST,14.5488896436123
NOR,Norway,2017,EN.POP.DNST,14.452576255125
NOR,Norway,2016,EN.POP.DNST,14.3354243797401
NOR,Norway,2015,EN.POP.DNST,14.2079384825517
NOR,Norway,2014,EN.POP.DNST,14.0704449094514
NOR,Norway,2013,EN.POP.DNST,13.9120886837683
NOR,Norway,2012,EN.POP.DNST,13.7403297521657
NOR,Norway,2011,EN.POP.DNST,13.5610386481366
NOR,Norway,2010,EN.POP.DNST,13.3862623342204
NOR,Norway,2009,EN.POP.DNST,13.2205484552792
NOR,Norway,2008,EN.POP.DNST,13.0548674310872
NOR,Norway,2007,EN.POP.DNST,12.89317004523
NOR,Norway,2006,EN.POP.DNST,12.760447810231
NOR,Norway,2005,EN.POP.DNST,12.6580888392417
OMN,Oman,2023,EN.POP.DNST,16.3142778675283
OMN,Oman,2022,EN.POP.DNST,15.2834442649435
OMN,Oman,2021,EN.POP.DNST,14.5409499192246
OMN,Oman,2020,EN.POP.DNST,14.612268174475
OMN,Oman,2019,EN.POP.DNST,14.8343812600969
OMN,Oman,2018,EN.POP.DNST,14.8558222940226
OMN,Oman,2017,EN.POP.DNST,14.6604071082391
OMN,Oman,2016,EN.POP.DNST,14.1870016155089
OMN,Oman,2015,EN.POP.DNST,13.5214701130856
OMN,Oman,2014,EN.POP.DNST,12.9319515347334
OMN,Oman,2013,EN.POP.DNST,12.3874410339257
OMN,Oman,2012,EN.POP.DNST,11.4607625201939
OMN,Oman,2011,EN.POP.DNST,9.94107592891761
OMN,Oman,2010,EN.POP.DNST,8.90935702746365
OMN,Oman,2009,EN.POP.DNST,8.67418093699515
OMN,Oman,2008,EN.POP.DNST,8.48636187399031
OMN,Oman,2007,EN.POP.DNST,8.30427786752827
OMN,Oman,2006,EN.POP.DNST,8.12534733441034
OMN,Oman,2005,EN.POP.DNST,7.94766397415186
PAK,Pakistan,2023,EN.POP.DNST,321.067474833956
PAK,Pakistan,2022,EN.POP.DNST,316.133077781237
PAK,Pakistan,2021,EN.POP.DNST,310.65509677252
PAK,Pakistan,2020,EN.POP.DNST,304.848674242424
PAK,Pakistan,2019,EN.POP.DNST,299.399256693649
PAK,Pakistan,2018,EN.POP.DNST,294.376416562889
PAK,Pakistan,2017,EN.POP.DNST,289.635179275633
PAK,Pakistan,2016,EN.POP.DNST,285.568271326276
PAK,Pakistan,2015,EN.POP.DNST,281.873810450394
PAK,Pakistan,2014,EN.POP.DNST,277.948120330012
PAK,Pakistan,2013,EN.POP.DNST,273.809124636779
PAK,Pakistan,2012,EN.POP.DNST,269.389691002491
PAK,Pakistan,2011,EN.POP.DNST,264.303218399751
PAK,Pakistan,2010,EN.POP.DNST,258.456630085098
PAK,Pakistan,2009,EN.POP.DNST,252.148886986301
PAK,Pakistan,2008,EN.POP.DNST,245.821804950187
PAK,Pakistan,2007,EN.POP.DNST,239.328080894562
PAK,Pakistan,2006,EN.POP.DNST,233.087756849315
PAK,Pakistan,2005,EN.POP.DNST,227.601198630137
PLW,Palau,2023,EN.POP.DNST,38.5369565217391
PLW,Palau,2022,EN.POP.DNST,38.6065217391304
PLW,Palau,2021,EN.POP.DNST,38.6586956521739
PLW,Palau,2020,EN.POP.DNST,38.6782608695652
PLW,Palau,2019,EN.POP.DNST,38.6913043478261
PLW,Palau,2018,EN.POP.DNST,38.7260869565217
PLW,Palau,2017,EN.POP.DNST,38.7217391304348
PLW,Palau,2016,EN.POP.DNST,38.6891304347826
PLW,Palau,2015,EN.POP.DNST,38.6304347826087
PLW,Palau,2014,EN.POP.DNST,38.5108695652174
PLW,Palau,2013,EN.POP.DNST,38.3652173913043
PLW,Palau,2012,EN.POP.DNST,38.6195652173913
PLW,Palau,2011,EN.POP.DNST,39.3
PLW,Palau,2010,EN.POP.DNST,39.9913043478261
PLW,Palau,2009,EN.POP.DNST,40.6717391304348
PLW,Palau,2008,EN.POP.DNST,41.3239130434783
PLW,Palau,2007,EN.POP.DNST,41.9608695652174
PLW,Palau,2006,EN.POP.DNST,42.5934782608696
PLW,Palau,2005,EN.POP.DNST,43.0847826086957
PAN,Panama,2023,EN.POP.DNST,60.1072930709086
PAN,Panama,2022,EN.POP.DNST,59.3255998921542
PAN,Panama,2021,EN.POP.DNST,58.5791992450795
PAN,Panama,2020,EN.POP.DNST,57.87626044756
PAN,Panama,2019,EN.POP.DNST,57.0868158533297
PAN,Panama,2018,EN.POP.DNST,56.1857643569695
PAN,Panama,2017,EN.POP.DNST,55.298259579061
PAN,Panama,2016,EN.POP.DNST,54.3589584457636
PAN,Panama,2015,EN.POP.DNST,53.4273475445224
PAN,Panama,2014,EN.POP.DNST,52.5108067997841
PAN,Panama,2013,EN.POP.DNST,51.4572101156847
PAN,Panama,2012,EN.POP.DNST,50.5684153887544
PAN,Panama,2011,EN.POP.DNST,49.6839521119182
PAN,Panama,2010,EN.POP.DNST,48.8099946193167
PAN,Panama,2009,EN.POP.DNST,47.9470137207425
PAN,Panama,2008,EN.POP.DNST,47.0896959913909
PAN,Panama,2007,EN.POP.DNST,46.2401129943503
PAN,Panama,2006,EN.POP.DNST,45.3998385794996
PAN,Panama,2005,EN.POP.DNST,44.5658595641646
PNG,Papua New Guinea,2023,EN.POP.DNST,22.9422669257607
PNG,Papua New Guinea,2022,EN.POP.DNST,22.5305149494325
PNG,Papua New Guinea,2021,EN.POP.DNST,22.1103564015369
PNG,Papua New Guinea,2020,EN.POP.DNST,21.6750121450338
PNG,Papua New Guinea,2019,EN.POP.DNST,21.2185001987369
PNG,Papua New Guinea,2018,EN.POP.DNST,20.744850505675
PNG,Papua New Guinea,2017,EN.POP.DNST,20.268325751888
PNG,Papua New Guinea,2016,EN.POP.DNST,19.7891577971117
PNG,Papua New Guinea,2015,EN.POP.DNST,19.306730556905
PNG,Papua New Guinea,2014,EN.POP.DNST,18.8213598021464
PNG,Papua New Guinea,2013,EN.POP.DNST,18.3339177670803
PNG,Papua New Guinea,2012,EN.POP.DNST,17.8452281058164
PNG,Papua New Guinea,2011,EN.POP.DNST,17.3549132182131
PNG,Papua New Guinea,2010,EN.POP.DNST,16.8562535883054
PNG,Papua New Guinea,2009,EN.POP.DNST,16.354807225191
PNG,Papua New Guinea,2008,EN.POP.DNST,15.8614185399461
PNG,Papua New Guinea,2007,EN.POP.DNST,15.3763745970057
PNG,Papua New Guinea,2006,EN.POP.DNST,14.9002340679239
PNG,Papua New Guinea,2005,EN.POP.DNST,14.4325067349733
PRY,Paraguay,2023,EN.POP.DNST,17.282671943072
PRY,Paraguay,2022,EN.POP.DNST,17.0713596633508
PRY,Paraguay,2021,EN.POP.DNST,16.8240171155298
PRY,Paraguay,2020,EN.POP.DNST,16.621542914674
PRY,Paraguay,2019,EN.POP.DNST,16.3983337528316
PRY,Paraguay,2018,EN.POP.DNST,16.1776541656179
PRY,Paraguay,2017,EN.POP.DNST,15.9543418071986
PRY,Paraguay,2016,EN.POP.DNST,15.7289856531588
PRY,Paraguay,2015,EN.POP.DNST,15.5023986911654
PRY,Paraguay,2014,EN.POP.DNST,15.2776516486282
PRY,Paraguay,2013,EN.POP.DNST,15.0577523282155
PRY,Paraguay,2012,EN.POP.DNST,14.842708280896
PRY,Paraguay,2011,EN.POP.DNST,14.6353536370501
PRY,Paraguay,2010,EN.POP.DNST,14.4424137931034
PRY,Paraguay,2009,EN.POP.DNST,14.2744424867858
PRY,Paraguay,2008,EN.POP.DNST,14.1293078278379
PRY,Paraguay,2007,EN.POP.DNST,13.9929171910395
PRY,Paraguay,2006,EN.POP.DNST,13.8564007047571
PRY,Paraguay,2005,EN.POP.DNST,13.7128039265039
PER,Peru,2023,EN.POP.DNST,26.44188828125
PER,Peru,2022,EN.POP.DNST,26.1526859375
PER,Peru,2021,EN.POP.DNST,25.9030328125
PER,Peru,2020,EN.POP.DNST,25.65513984375
PER,Peru,2019,EN.POP.DNST,25.35101796875
PER,Peru,2018,EN.POP.DNST,24.9199875
PER,Peru,2017,EN.POP.DNST,24.47237265625
PER,Peru,2016,EN.POP.DNST,24.1144484375
PER,Peru,2015,EN.POP.DNST,23.795
PER,Peru,2014,EN.POP.DNST,23.5279890625
PER,Peru,2013,EN.POP.DNST,23.29524921875
PER,Peru,2012,EN.POP.DNST,23.0862234375
PER,Peru,2011,EN.POP.DNST,22.8938171875
PER,Peru,2010,EN.POP.DNST,22.72345234375
PER,Peru,2009,EN.POP.DNST,22.57563359375
PER,Peru,2008,EN.POP.DNST,22.43675078125
PER,Peru,2007,EN.POP.DNST,22.28960859375
PER,Peru,2006,EN.POP.DNST,22.12850859375
PER,Peru,2005,EN.POP.DNST,21.954046875
PHL,Philippines,2023,EN.POP.DNST,385.321122178623
PHL,Philippines,2022,EN.POP.DNST,382.21262367106
PHL,Philippines,2021,EN.POP.DNST,379.317000368917
PHL,Philippines,2020,EN.POP.DNST,375.897186168964
PHL,Philippines,2019,EN.POP.DNST,371.615799711574
PHL,Philippines,2018,EN.POP.DNST,367.123744843546
PHL,Philippines,2017,EN.POP.DNST,362.61090317604
PHL,Philippines,2016,EN.POP.DNST,357.969342992253
PHL,Philippines,2015,EN.POP.DNST,353.197813327967
PHL,Philippines,2014,EN.POP.DNST,348.013314552101
PHL,Philippines,2013,EN.POP.DNST,342.342744072174
PHL,Philippines,2012,EN.POP.DNST,335.96777677164
PHL,Philippines,2011,EN.POP.DNST,329.505362712547
PHL,Philippines,2010,EN.POP.DNST,323.094627226079
PHL,Philippines,2009,EN.POP.DNST,316.545091726196
PHL,Philippines,2008,EN.POP.DNST,310.893433276319
PHL,Philippines,2007,EN.POP.DNST,305.447174430694
PHL,Philippines,2006,EN.POP.DNST,300.194472951672
PHL,Philippines,2005,EN.POP.DNST,295.187181809035
POL,Poland,2023,EN.POP.DNST,119.787615502661
POL,Poland,2022,EN.POP.DNST,120.297131562612
POL,Poland,2021,EN.POP.DNST,120.815285854296
POL,Poland,2020,EN.POP.DNST,122.548420605625
POL,Poland,2019,EN.POP.DNST,124.025595374212
POL,Poland,2018,EN.POP.DNST,124.031583760656
POL,Poland,2017,EN.POP.DNST,124.0237303635
POL,Poland,2016,EN.POP.DNST,124.008253045495
POL,Poland,2015,EN.POP.DNST,124.061569613639
POL,Poland,2014,EN.POP.DNST,124.144273163722
POL,Poland,2013,EN.POP.DNST,124.229110740995
POL,Poland,2012,EN.POP.DNST,124.300058781268
POL,Poland,2011,EN.POP.DNST,124.296296901022
POL,Poland,2010,EN.POP.DNST,124.209200731357
POL,Poland,2009,EN.POP.DNST,124.564460624265
POL,Poland,2008,EN.POP.DNST,124.471952334313
POL,Poland,2007,EN.POP.DNST,124.44685296422
POL,Poland,2006,EN.POP.DNST,124.514452206843
POL,Poland,2005,EN.POP.DNST,124.589315444129
PRT,Portugal,2023,EN.POP.DNST,115.475189289738
PRT,Portugal,2022,EN.POP.DNST,113.904957775507
PRT,Portugal,2021,EN.POP.DNST,113.113510527741
PRT,Portugal,2020,EN.POP.DNST,112.406676011074
PRT,Portugal,2019,EN.POP.DNST,112.288582794065
PRT,Portugal,2018,EN.POP.DNST,112.261935951514
PRT,Portugal,2017,EN.POP.DNST,112.441815784188
PRT,Portugal,2016,EN.POP.DNST,112.716384151187
PRT,Portugal,2015,EN.POP.DNST,113.072519583956
PRT,Portugal,2014,EN.POP.DNST,113.541770372117
PRT,Portugal,2013,EN.POP.DNST,114.156128691384
PRT,Portugal,2012,EN.POP.DNST,114.803406485424
PRT,Portugal,2011,EN.POP.DNST,115.269789278305
PRT,Portugal,2010,EN.POP.DNST,115.439458456163
PRT,Portugal,2009,EN.POP.DNST,115.386472322306
PRT,Portugal,2008,EN.POP.DNST,115.427757734776
PRT,Portugal,2007,EN.POP.DNST,115.261440909588
PRT,Portugal,2006,EN.POP.DNST,115.035399584563
PRT,Portugal,2005,EN.POP.DNST,114.828140373893
PRI,Puerto Rico (US),2023,EN.POP.DNST,361.194363021421
PRI,Puerto Rico (US),2022,EN.POP.DNST,363.038105975197
PRI,Puerto Rico (US),2021,EN.POP.DNST,367.838895152198
PRI,Puerto Rico (US),2020,EN.POP.DNST,369.965163472379
PRI,Puerto Rico (US),2019,EN.POP.DNST,372.34396843292
PRI,Puerto Rico (US),2018,EN.POP.DNST,370.990980834273
PRI,Puerto Rico (US),2017,EN.POP.DNST,384.536302142052
PRI,Puerto Rico (US),2016,EN.POP.DNST,392.382412626832
PRI,Puerto Rico (US),2015,EN.POP.DNST,398.55321307779
PRI,Puerto Rico (US),2014,EN.POP.DNST,404.173280721533
PRI,Puerto Rico (US),2013,EN.POP.DNST,409.405524239008
PRI,Puerto Rico (US),2012,EN.POP.DNST,412.744644870349
PRI,Puerto Rico (US),2011,EN.POP.DNST,416.399549041714
PRI,Puerto Rico (US),2010,EN.POP.DNST,419.894588500564
PRI,Puerto Rico (US),2009,EN.POP.DNST,421.69222096956
PRI,Puerto Rico (US),2008,EN.POP.DNST,423.998421645998
PRI,Puerto Rico (US),2007,EN.POP.DNST,426.493235625705
PRI,Puerto Rico (US),2006,EN.POP.DNST,428.998196166855
PRI,Puerto Rico (US),2005,EN.POP.DNST,430.818714768884
QAT,Qatar,2023,EN.POP.DNST,231.160313315927
QAT,Qatar,2022,EN.POP.DNST,231.273542210618
QAT,Qatar,2021,EN.POP.DNST,218.007832898172
QAT,Qatar,2020,EN.POP.DNST,243.180852915579
QAT,Qatar,2019,EN.POP.DNST,229.648128807659
QAT,Qatar,2018,EN.POP.DNST,224.606962576153
QAT,Qatar,2017,EN.POP.DNST,221.568320278503
QAT,Qatar,2016,EN.POP.DNST,215.588598781549
QAT,Qatar,2015,EN.POP.DNST,204.051958224543
QAT,Qatar,2014,EN.POP.DNST,187.271105308964
QAT,Qatar,2013,EN.POP.DNST,165.066838931955
QAT,Qatar,2012,EN.POP.DNST,148.358139534884
QAT,Qatar,2011,EN.POP.DNST,139.94496124031
QAT,Qatar,2010,EN.POP.DNST,139.262015503876
QAT,Qatar,2009,EN.POP.DNST,138.579069767442
QAT,Qatar,2008,EN.POP.DNST,122.905943152455
QAT,Qatar,2007,EN.POP.DNST,104.099483204134
QAT,Qatar,2006,EN.POP.DNST,83.7925064599483
QAT,Qatar,2005,EN.POP.DNST,71.0945736434109
ROU,Romania,2023,EN.POP.DNST,82.8453668289291
ROU,Romania,2022,EN.POP.DNST,82.7907771210014
ROU,Romania,2021,EN.POP.DNST,83.1104789638387
ROU,Romania,2020,EN.POP.DNST,83.7328320584145
ROU,Romania,2019,EN.POP.DNST,84.1952712100139
ROU,Romania,2018,EN.POP.DNST,84.6399947844228
ROU,Romania,2017,EN.POP.DNST,85.1387126216968
ROU,Romania,2016,EN.POP.DNST,85.6322453059805
ROU,Romania,2015,EN.POP.DNST,86.1248956884562
ROU,Romania,2014,EN.POP.DNST,86.5306806328234
ROU,Romania,2013,EN.POP.DNST,86.8742903099596
ROU,Romania,2012,EN.POP.DNST,87.201265107382
ROU,Romania,2011,EN.POP.DNST,87.5332493374462
ROU,Romania,2010,EN.POP.DNST,88.0107411432297
ROU,Romania,2009,EN.POP.DNST,88.5311962096844
ROU,Romania,2008,EN.POP.DNST,89.3339495432797
ROU,Romania,2007,EN.POP.DNST,90.8390186610988
ROU,Romania,2006,EN.POP.DNST,92.1547960692234
ROU,Romania,2005,EN.POP.DNST,92.7023436820593
RUS,Russian Federation,2023,EN.POP.DNST,8.78227219242749
RUS,Russian Federation,2022,EN.POP.DNST,8.80735653394086
RUS,Russian Federation,2021,EN.POP.DNST,8.83848757424343
RUS,Russian Federation,2020,EN.POP.DNST,8.86891988517952
RUS,Russian Federation,2019,EN.POP.DNST,8.88162945666663
RUS,Russian Federation,2018,EN.POP.DNST,8.87825976514438
RUS,Russian Federation,2017,EN.POP.DNST,8.87185768709161
RUS,Russian Federation,2016,EN.POP.DNST,8.85489473873823
RUS,Russian Federation,2015,EN.POP.DNST,8.8320122221157
RUS,Russian Federation,2014,EN.POP.DNST,8.80737424184231
RUS,Russian Federation,2013,EN.POP.DNST,8.78102091547408
RUS,Russian Federation,2012,EN.POP.DNST,8.75493589434367
RUS,Russian Federation,2011,EN.POP.DNST,8.73293828429975
RUS,Russian Federation,2010,EN.POP.DNST,8.72263552192818
RUS,Russian Federation,2009,EN.POP.DNST,8.71872024385612
RUS,Russian Federation,2008,EN.POP.DNST,8.71609568861449
RUS,Russian Federation,2007,EN.POP.DNST,8.71946397976766
RUS,Russian Federation,2006,EN.POP.DNST,8.73439418381291
RUS,Russian Federation,2005,EN.POP.DNST,8.76108889416588
RWA,Rwanda,2023,EN.POP.DNST,565.645358735306
RWA,Rwanda,2022,EN.POP.DNST,553.345358735306
RWA,Rwanda,2021,EN.POP.DNST,541.35630320227
RWA,Rwanda,2020,EN.POP.DNST,529.624523713012
RWA,Rwanda,2019,EN.POP.DNST,517.880137819214
RWA,Rwanda,2018,EN.POP.DNST,506.201702472639
RWA,Rwanda,2017,EN.POP.DNST,494.611268747467
RWA,Rwanda,2016,EN.POP.DNST,483.144831779489
RWA,Rwanda,2015,EN.POP.DNST,471.829023104986
RWA,Rwanda,2014,EN.POP.DNST,460.671139035266
RWA,Rwanda,2013,EN.POP.DNST,449.669233887313
RWA,Rwanda,2012,EN.POP.DNST,438.990717470612
RWA,Rwanda,2011,EN.POP.DNST,428.606931495744
RWA,Rwanda,2010,EN.POP.DNST,418.222659100122
RWA,Rwanda,2009,EN.POP.DNST,407.800243210377
RWA,Rwanda,2008,EN.POP.DNST,397.416659910823
RWA,Rwanda,2007,EN.POP.DNST,387.107134171058
RWA,Rwanda,2006,EN.POP.DNST,376.945520875557
RWA,Rwanda,2005,EN.POP.DNST,367.025861370085
WSM,Samoa,2023,EN.POP.DNST,77.9363309352518
WSM,Samoa,2022,EN.POP.DNST,77.4320143884892
WSM,Samoa,2021,EN.POP.DNST,76.8989208633094
WSM,Samoa,2020,EN.POP.DNST,76.2388489208633
WSM,Samoa,2019,EN.POP.DNST,75.4604316546763
WSM,Samoa,2018,EN.POP.DNST,74.6697841726619
WSM,Samoa,2017,EN.POP.DNST,73.8902877697842
WSM,Samoa,2016,EN.POP.DNST,71.9077738515901
WSM,Samoa,2015,EN.POP.DNST,71.3010600706714
WSM,Samoa,2014,EN.POP.DNST,70.6844522968198
WSM,Samoa,2013,EN.POP.DNST,70.0593639575972
WSM,Samoa,2012,EN.POP.DNST,69.4339222614841
WSM,Samoa,2011,EN.POP.DNST,68.8031802120141
WSM,Samoa,2010,EN.POP.DNST,68.2060070671378
WSM,Samoa,2009,EN.POP.DNST,67.6724381625442
WSM,Samoa,2008,EN.POP.DNST,67.1756183745583
WSM,Samoa,2007,EN.POP.DNST,66.6971731448763
WSM,Samoa,2006,EN.POP.DNST,66.3282685512367
WSM,Samoa,2005,EN.POP.DNST,66.069964664311
SMR,San Marino,2023,EN.POP.DNST,564.333333333333
SMR,San Marino,2022,EN.POP.DNST,562.583333333333
SMR,San Marino,2021,EN.POP.DNST,570.866666666667
SMR,San Marino,2020,EN.POP.DNST,579.5
SMR,San Marino,2019,EN.POP.DNST,577.716666666667
SMR,San Marino,2018,EN.POP.DNST,575.366666666667
SMR,San Marino,2017,EN.POP.DNST,563.75
SMR,San Marino,2016,EN.POP.DNST,551.683333333333
SMR,San Marino,2015,EN.POP.DNST,548.283333333333
SMR,San Marino,2014,EN.POP.DNST,544.25
SMR,San Marino,2013,EN.POP.DNST,550.683333333333
SMR,San Marino,2012,EN.POP.DNST,557.816666666667
SMR,San Marino,2011,EN.POP.DNST,543.666666666667
SMR,San Marino,2010,EN.POP.DNST,554.5
SMR,San Marino,2009,EN.POP.DNST,551.1
SMR,San Marino,2008,EN.POP.DNST,527.7
SMR,San Marino,2007,EN.POP.DNST,520.183333333333
SMR,San Marino,2006,EN.POP.DNST,503.066666666667
SMR,San Marino,2005,EN.POP.DNST,497.266666666667
STP,Sao Tome and Principe,2023,EN.POP.DNST,240.490625
STP,Sao Tome and Principe,2022,EN.POP.DNST,235.734375
STP,Sao Tome and Principe,2021,EN.POP.DNST,231.209375
STP,Sao Tome and Principe,2020,EN.POP.DNST,226.494791666667
STP,Sao Tome and Principe,2019,EN.POP.DNST,222.283333333333
STP,Sao Tome and Principe,2018,EN.POP.DNST,218.944791666667
STP,Sao Tome and Principe,2017,EN.POP.DNST,215.59375
STP,Sao Tome and Principe,2016,EN.POP.DNST,212.176041666667
STP,Sao Tome and Principe,2015,EN.POP.DNST,208.636458333333
STP,Sao Tome and Principe,2014,EN.POP.DNST,204.965625
STP,Sao Tome and Principe,2013,EN.POP.DNST,201.195833333333
STP,Sao Tome and Principe,2012,EN.POP.DNST,197.332291666667
STP,Sao Tome and Principe,2011,EN.POP.DNST,193.384375
STP,Sao Tome and Principe,2010,EN.POP.DNST,189.377083333333
STP,Sao Tome and Principe,2009,EN.POP.DNST,185.263541666667
STP,Sao Tome and Principe,2008,EN.POP.DNST,181.034375
STP,Sao Tome and Principe,2007,EN.POP.DNST,176.770833333333
STP,Sao Tome and Principe,2006,EN.POP.DNST,172.539583333333
STP,Sao Tome and Principe,2005,EN.POP.DNST,168.373958333333
SAU,Saudi Arabia,2023,EN.POP.DNST,15.6779493787476
SAU,Saudi Arabia,2022,EN.POP.DNST,14.9673785522564
SAU,Saudi Arabia,2021,EN.POP.DNST,14.320382473752
SAU,Saudi Arabia,2020,EN.POP.DNST,14.6777023663877
SAU,Saudi Arabia,2019,EN.POP.DNST,13.9851787932213
SAU,Saudi Arabia,2018,EN.POP.DNST,14.0468072140634
SAU,Saudi Arabia,2017,EN.POP.DNST,14.4101498355577
SAU,Saudi Arabia,2016,EN.POP.DNST,14.399377584675
SAU,Saudi Arabia,2015,EN.POP.DNST,13.8700845238151
SAU,Saudi Arabia,2014,EN.POP.DNST,13.1690025073383
SAU,Saudi Arabia,2013,EN.POP.DNST,12.8502267768841
SAU,Saudi Arabia,2012,EN.POP.DNST,12.1733184784783
SAU,Saudi Arabia,2011,EN.POP.DNST,11.6723187994548
SAU,Saudi Arabia,2010,EN.POP.DNST,11.1543929589848
SAU,Saudi Arabia,2009,EN.POP.DNST,11.2656494657369
SAU,Saudi Arabia,2008,EN.POP.DNST,10.8331326842475
SAU,Saudi Arabia,2007,EN.POP.DNST,10.4053668203322
SAU,Saudi Arabia,2006,EN.POP.DNST,9.9824365373612
SAU,Saudi Arabia,2005,EN.POP.DNST,9.56411854732543
SEN,Senegal,2023,EN.POP.DNST,93.8948371682335
SEN,Senegal,2022,EN.POP.DNST,91.6797538046019
SEN,Senegal,2021,EN.POP.DNST,89.4451098530099
SEN,Senegal,2020,EN.POP.DNST,87.2031319794318
SEN,Senegal,2019,EN.POP.DNST,84.9370072196541
SEN,Senegal,2018,EN.POP.DNST,82.6598348309354
SEN,Senegal,2017,EN.POP.DNST,80.3770944787825
SEN,Senegal,2016,EN.POP.DNST,78.0892380408248
SEN,Senegal,2015,EN.POP.DNST,75.7976990598868
SEN,Senegal,2014,EN.POP.DNST,73.5059575131148
SEN,Senegal,2013,EN.POP.DNST,71.2140913104451
SEN,Senegal,2012,EN.POP.DNST,69.1346543395834
SEN,Senegal,2011,EN.POP.DNST,67.3084558250662
SEN,Senegal,2010,EN.POP.DNST,65.6282813068093
SEN,Senegal,2009,EN.POP.DNST,64.0803459201163
SEN,Senegal,2008,EN.POP.DNST,62.5822417285618
SEN,Senegal,2007,EN.POP.DNST,61.1351166052044
SEN,Senegal,2006,EN.POP.DNST,59.7314392562198
SEN,Senegal,2005,EN.POP.DNST,58.3569937152652
SRB,Serbia,2023,EN.POP.DNST,78.7630277084077
SRB,Serbia,2022,EN.POP.DNST,79.2537638244738
SRB,Serbia,2021,EN.POP.DNST,81.2739445831847
SRB,Serbia,2020,EN.POP.DNST,82.0445475086217
SRB,Serbia,2019,EN.POP.DNST,79.4104161902584
SRB,Serbia,2018,EN.POP.DNST,79.8376857992225
SRB,Serbia,2017,EN.POP.DNST,80.275074319689
SRB,Serbia,2016,EN.POP.DNST,80.7034301394923
SRB,Serbia,2015,EN.POP.DNST,81.1271781385776
SRB,Serbia,2014,EN.POP.DNST,81.5434141321747
SRB,Serbia,2013,EN.POP.DNST,81.9409215641436
SRB,Serbia,2012,EN.POP.DNST,82.3404642122113
SRB,Serbia,2011,EN.POP.DNST,82.740898696547
SRB,Serbia,2010,EN.POP.DNST,83.3688085982163
SRB,Serbia,2009,EN.POP.DNST,83.7046306883147
SRB,Serbia,2008,EN.POP.DNST,84.0409558655385
SRB,Serbia,2007,EN.POP.DNST,84.3994854790761
SRB,Serbia,2006,EN.POP.DNST,84.742385090327
SYC,Seychelles,2023,EN.POP.DNST,260.376086956522
SYC,Seychelles,2022,EN.POP.DNST,260.604347826087
SYC,Seychelles,2021,EN.POP.DNST,215.778260869565
SYC,Seychelles,2020,EN.POP.DNST,214.047826086957
SYC,Seychelles,2019,EN.POP.DNST,212.228260869565
SYC,Seychelles,2018,EN.POP.DNST,210.352173913043
SYC,Seychelles,2017,EN.POP.DNST,208.354347826087
SYC,Seychelles,2016,EN.POP.DNST,205.819565217391
SYC,Seychelles,2015,EN.POP.DNST,203.084782608696
SYC,Seychelles,2014,EN.POP.DNST,198.60652173913
SYC,Seychelles,2013,EN.POP.DNST,195.541304347826
SYC,Seychelles,2012,EN.POP.DNST,191.963043478261
SYC,Seychelles,2011,EN.POP.DNST,190.089130434783
SYC,Seychelles,2010,EN.POP.DNST,195.152173913043
SYC,Seychelles,2009,EN.POP.DNST,189.778260869565
SYC,Seychelles,2008,EN.POP.DNST,189.034782608696
SYC,Seychelles,2007,EN.POP.DNST,184.854347826087
SYC,Seychelles,2006,EN.POP.DNST,183.913043478261
SYC,Seychelles,2005,EN.POP.DNST,180.126086956522
SLE,Sierra Leone,2023,EN.POP.DNST,117.214075921308
SLE,Sierra Leone,2022,EN.POP.DNST,114.66898032696
SLE,Sierra Leone,2021,EN.POP.DNST,112.144666112497
SLE,Sierra Leone,2020,EN.POP.DNST,109.622582432807
SLE,Sierra Leone,2019,EN.POP.DNST,107.120961485176
SLE,Sierra Leone,2018,EN.POP.DNST,104.662829038515
SLE,Sierra Leone,2017,EN.POP.DNST,102.234677195899
SLE,Sierra Leone,2016,EN.POP.DNST,99.8244389027431
SLE,Sierra Leone,2015,EN.POP.DNST,97.5014546965918
SLE,Sierra Leone,2014,EN.POP.DNST,95.2671792740371
SLE,Sierra Leone,2013,EN.POP.DNST,93.0181629260183
SLE,Sierra Leone,2012,EN.POP.DNST,90.7603214186755
SLE,Sierra Leone,2011,EN.POP.DNST,88.4905929620393
SLE,Sierra Leone,2010,EN.POP.DNST,86.2110556940981
SLE,Sierra Leone,2009,EN.POP.DNST,83.8964533111665
SLE,Sierra Leone,2008,EN.POP.DNST,81.6669714602383
SLE,Sierra Leone,2007,EN.POP.DNST,79.65297866445
SLE,Sierra Leone,2006,EN.POP.DNST,77.9227763923524
SLE,Sierra Leone,2005,EN.POP.DNST,76.2221113881962
SGP,Singapore,2023,EN.POP.DNST,8241.8495821727
SGP,Singapore,2022,EN.POP.DNST,7851.00557103064
SGP,Singapore,2021,EN.POP.DNST,7595.49582172702
SGP,Singapore,2020,EN.POP.DNST,7918.95125348189
SGP,Singapore,2019,EN.POP.DNST,7965.87849162011
SGP,Singapore,2018,EN.POP.DNST,7897.30532212885
SGP,Singapore,2017,EN.POP.DNST,7882.37780898876
SGP,Singapore,2016,EN.POP.DNST,7908.72073342736
SGP,Singapore,2015,EN.POP.DNST,7806.77291960508
SGP,Singapore,2014,EN.POP.DNST,7714.7023977433
SGP,Singapore,2013,EN.POP.DNST,7636.72135785007
SGP,Singapore,2012,EN.POP.DNST,7524.69830028329
SGP,Singapore,2011,EN.POP.DNST,7363.19318181818
SGP,Singapore,2010,EN.POP.DNST,7231.81196581197
SGP,Singapore,2009,EN.POP.DNST,7125.10428571429
SGP,Singapore,2008,EN.POP.DNST,6913.42285714286
SGP,Singapore,2007,EN.POP.DNST,6602.30071942446
SGP,Singapore,2006,EN.POP.DNST,6342.02449567723
SGP,Singapore,2005,EN.POP.DNST,6191.23657474601
SXM,Sint Maarten (Dutch part),2023,EN.POP.DNST,1257.32352941176
SXM,Sint Maarten (Dutch part),2022,EN.POP.DNST,1239.38235294118
SXM,Sint Maarten (Dutch part),2021,EN.POP.DNST,1222.67647058824
SXM,Sint Maarten (Dutch part),2020,EN.POP.DNST,1206.11764705882
SXM,Sint Maarten (Dutch part),2019,EN.POP.DNST,1187.79411764706
SXM,Sint Maarten (Dutch part),2018,EN.POP.DNST,1168.0
SXM,Sint Maarten (Dutch part),2017,EN.POP.DNST,1146.94117647059
SXM,Sint Maarten (Dutch part),2016,EN.POP.DNST,1124.97058823529
SXM,Sint Maarten (Dutch part),2015,EN.POP.DNST,1102.08823529412
SXM,Sint Maarten (Dutch part),2014,EN.POP.DNST,1078.58823529412
SXM,Sint Maarten (Dutch part),2013,EN.POP.DNST,1054.52941176471
SXM,Sint Maarten (Dutch part),2012,EN.POP.DNST,1030.08823529412
SXM,Sint Maarten (Dutch part),2011,EN.POP.DNST,1007.85294117647
SVK,Slovak Republic,2023,EN.POP.DNST,112.868968386023
SVK,Slovak Republic,2022,EN.POP.DNST,112.973211314476
SVK,Slovak Republic,2021,EN.POP.DNST,113.295486688852
SVK,Slovak Republic,2020,EN.POP.DNST,113.536335274542
SVK,Slovak Republic,2019,EN.POP.DNST,113.43899750416
SVK,Slovak Republic,2018,EN.POP.DNST,113.285586522463
SVK,Slovak Republic,2017,EN.POP.DNST,113.128785357737
SVK,Slovak Republic,2016,EN.POP.DNST,112.953369384359
SVK,Slovak Republic,2015,EN.POP.DNST,112.803148787488
SVK,Slovak Republic,2014,EN.POP.DNST,112.700686356073
SVK,Slovak Republic,2013,EN.POP.DNST,112.572637664282
SVK,Slovak Republic,2012,EN.POP.DNST,112.451734320413
SVK,Slovak Republic,2011,EN.POP.DNST,112.260522375645
SVK,Slovak Republic,2010,EN.POP.DNST,112.108876920838
SVK,Slovak Republic,2009,EN.POP.DNST,112.006778956124
SVK,Slovak Republic,2008,EN.POP.DNST,111.834365904366
SVK,Slovak Republic,2007,EN.POP.DNST,111.738503118503
SVK,Slovak Republic,2006,EN.POP.DNST,111.705904365904
SVK,Slovak Republic,2005,EN.POP.DNST,111.700769230769
SVN,Slovenia,2023,EN.POP.DNST,105.31480791676
SVN,Slovenia,2022,EN.POP.DNST,104.888460698039
SVN,Slovenia,2021,EN.POP.DNST,104.689964442502
SVN,Slovenia,2020,EN.POP.DNST,104.408881428657
SVN,Slovenia,2019,EN.POP.DNST,103.711934605987
SVN,Slovenia,2018,EN.POP.DNST,102.992292564709
SVN,Slovenia,2017,EN.POP.DNST,102.610871929328
SVN,Slovenia,2016,EN.POP.DNST,102.52417833383
SVN,Slovenia,2015,EN.POP.DNST,102.446109241111
SVN,Slovenia,2014,EN.POP.DNST,102.382323733863
SVN,Slovenia,2013,EN.POP.DNST,102.281678252234
SVN,Slovenia,2012,EN.POP.DNST,102.114049151928
SVN,Slovenia,2011,EN.POP.DNST,101.898292465005
SVN,Slovenia,2010,EN.POP.DNST,101.685826607499
SVN,Slovenia,2009,EN.POP.DNST,101.245371243634
SVN,Slovenia,2008,EN.POP.DNST,100.332370372576
SVN,Slovenia,2007,EN.POP.DNST,100.204667328699
SVN,Slovenia,2006,EN.POP.DNST,99.6458788480636
SVN,Slovenia,2005,EN.POP.DNST,99.3284011916584
SLB,Solomon Islands,2023,EN.POP.DNST,28.581814933905
SLB,Solomon Islands,2022,EN.POP.DNST,27.9051804215791
SLB,Solomon Islands,2021,EN.POP.DNST,27.2451232583065
SLB,Solomon Islands,2020,EN.POP.DNST,26.5987138263666
SLB,Solomon Islands,2019,EN.POP.DNST,26.014540907467
SLB,Solomon Islands,2018,EN.POP.DNST,25.3340836012862
SLB,Solomon Islands,2017,EN.POP.DNST,24.497034655234
SLB,Solomon Islands,2016,EN.POP.DNST,23.6648445873526
SLB,Solomon Islands,2015,EN.POP.DNST,22.8444087173991
SLB,Solomon Islands,2014,EN.POP.DNST,22.0403001071811
SLB,Solomon Islands,2013,EN.POP.DNST,21.2556270096463
SLB,Solomon Islands,2012,EN.POP.DNST,20.4932475884244
SLB,Solomon Islands,2011,EN.POP.DNST,19.7550911039657
SLB,Solomon Islands,2010,EN.POP.DNST,19.0413719185423
SLB,Solomon Islands,2009,EN.POP.DNST,18.5116470167917
SLB,Solomon Islands,2008,EN.POP.DNST,18.1775634155055
SLB,Solomon Islands,2007,EN.POP.DNST,17.8690961057521
SLB,Solomon Islands,2006,EN.POP.DNST,17.5632011432655
SLB,Solomon Islands,2005,EN.POP.DNST,17.2590210789568
SOM,"Somalia, Fed. Rep.",2023,EN.POP.DNST,29.2642187649441
SOM,"Somalia, Fed. Rep.",2022,EN.POP.DNST,28.3767924889215
SOM,"Somalia, Fed. Rep.",2021,EN.POP.DNST,27.5312127395033
SOM,"Somalia, Fed. Rep.",2020,EN.POP.DNST,26.5425303663085
SOM,"Somalia, Fed. Rep.",2019,EN.POP.DNST,25.5538798737527
SOM,"Somalia, Fed. Rep.",2018,EN.POP.DNST,24.6317578984283
SOM,"Somalia, Fed. Rep.",2017,EN.POP.DNST,23.7775831287659
SOM,"Somalia, Fed. Rep.",2016,EN.POP.DNST,22.8723499218924
SOM,"Somalia, Fed. Rep.",2015,EN.POP.DNST,22.0087400771511
SOM,"Somalia, Fed. Rep.",2014,EN.POP.DNST,21.2635747760385
SOM,"Somalia, Fed. Rep.",2013,EN.POP.DNST,20.5145439474607
SOM,"Somalia, Fed. Rep.",2012,EN.POP.DNST,19.8634871042816
SOM,"Somalia, Fed. Rep.",2011,EN.POP.DNST,19.6844294959671
SOM,"Somalia, Fed. Rep.",2010,EN.POP.DNST,19.5456307584404
SOM,"Somalia, Fed. Rep.",2009,EN.POP.DNST,19.0665364873912
SOM,"Somalia, Fed. Rep.",2008,EN.POP.DNST,18.5913284662225
SOM,"Somalia, Fed. Rep.",2007,EN.POP.DNST,18.0485574010903
SOM,"Somalia, Fed. Rep.",2006,EN.POP.DNST,17.4953007938279
SOM,"Somalia, Fed. Rep.",2005,EN.POP.DNST,16.9672394554787
ZAF,South Africa,2023,EN.POP.DNST,52.1085690262058
ZAF,South Africa,2022,EN.POP.DNST,51.4210899438624
ZAF,South Africa,2021,EN.POP.DNST,50.6991261983859
ZAF,South Africa,2020,EN.POP.DNST,49.9240625180325
ZAF,South Africa,2019,EN.POP.DNST,49.1207453692636
ZAF,South Africa,2018,EN.POP.DNST,48.3171083761304
ZAF,South Africa,2017,EN.POP.DNST,47.5110354549127
ZAF,South Africa,2016,EN.POP.DNST,47.2014038529705
ZAF,South Africa,2015,EN.POP.DNST,46.7595454582925
ZAF,South Africa,2014,EN.POP.DNST,45.8291124318888
ZAF,South Africa,2013,EN.POP.DNST,45.0739771987239
ZAF,South Africa,2012,EN.POP.DNST,44.3351828800831
ZAF,South Africa,2011,EN.POP.DNST,43.6861279872062
ZAF,South Africa,2010,EN.POP.DNST,43.1493549530538
ZAF,South Africa,2009,EN.POP.DNST,42.6419441261572
ZAF,South Africa,2008,EN.POP.DNST,42.1358670832337
ZAF,South Africa,2007,EN.POP.DNST,41.6527908069476
ZAF,South Africa,2006,EN.POP.DNST,41.2156369271859
ZAF,South Africa,2005,EN.POP.DNST,40.796670486114
SSD,South Sudan,2023,EN.POP.DNST,18.1719082809805
SSD,South Sudan,2022,EN.POP.DNST,17.4405029038026
SSD,South Sudan,2021,EN.POP.DNST,17.1945943379805
SSD,South Sudan,2020,EN.POP.DNST,16.9298292532401
SSD,South Sudan,2019,EN.POP.DNST,16.4945231275616
SSD,South Sudan,2018,EN.POP.DNST,16.0191429430475
SSD,South Sudan,2017,EN.POP.DNST,16.234636747741
SSD,South Sudan,2016,EN.POP.DNST,17.1381355529885
SSD,South Sudan,2015,EN.POP.DNST,17.5772015887836
SSD,South Sudan,2014,EN.POP.DNST,17.7789834317092
SSD,South Sudan,2013,EN.POP.DNST,17.6701137784248
SSD,South Sudan,2012,EN.POP.DNST,17.0212523539
ESP,Spain,2023,EN.POP.DNST,96.7636173412149
ESP,Spain,2022,EN.POP.DNST,95.626963633201
ESP,Spain,2021,EN.POP.DNST,94.9382927184248
ESP,Spain,2020,EN.POP.DNST,94.802910688937
ESP,Spain,2019,EN.POP.DNST,94.3181087826492
ESP,Spain,2018,EN.POP.DNST,93.638281089712
ESP,Spain,2017,EN.POP.DNST,93.2268622784207
ESP,Spain,2016,EN.POP.DNST,92.9973717081295
ESP,Spain,2015,EN.POP.DNST,92.907597351004
ESP,Spain,2014,EN.POP.DNST,92.8824553687451
ESP,Spain,2013,EN.POP.DNST,93.169262909578
ESP,Spain,2012,EN.POP.DNST,93.5068371284061
ESP,Spain,2011,EN.POP.DNST,93.5078358806114
ESP,Spain,2010,EN.POP.DNST,93.1519309613808
ESP,Spain,2009,EN.POP.DNST,92.9750651746681
ESP,Spain,2008,EN.POP.DNST,92.1293223736969
ESP,Spain,2007,EN.POP.DNST,90.6149005229308
ESP,Spain,2006,EN.POP.DNST,88.9761493446631
ESP,Spain,2005,EN.POP.DNST,87.4654972049129
LKA,Sri Lanka,2023,EN.POP.DNST,356.239896540576
LKA,Sri Lanka,2022,EN.POP.DNST,358.567733591982
LKA,Sri Lanka,2021,EN.POP.DNST,358.163595215002
LKA,Sri Lanka,2020,EN.POP.DNST,354.332363401229
LKA,Sri Lanka,2019,EN.POP.DNST,352.431694638296
LKA,Sri Lanka,2018,EN.POP.DNST,350.284495021337
LKA,Sri Lanka,2017,EN.POP.DNST,346.614318258931
LKA,Sri Lanka,2016,EN.POP.DNST,342.672030762768
LKA,Sri Lanka,2015,EN.POP.DNST,338.810527846445
LKA,Sri Lanka,2014,EN.POP.DNST,331.334715356403
LKA,Sri Lanka,2013,EN.POP.DNST,328.257056290863
LKA,Sri Lanka,2012,EN.POP.DNST,337.577069047999
LKA,Sri Lanka,2011,EN.POP.DNST,335.019103811194
LKA,Sri Lanka,2010,EN.POP.DNST,332.946723010684
LKA,Sri Lanka,2009,EN.POP.DNST,330.990830808484
LKA,Sri Lanka,2008,EN.POP.DNST,328.964726518896
LKA,Sri Lanka,2007,EN.POP.DNST,326.782730027109
LKA,Sri Lanka,2006,EN.POP.DNST,324.548094402807
LKA,Sri Lanka,2005,EN.POP.DNST,322.381183224366
KNA,St. Kitts and Nevis,2023,EN.POP.DNST,179.838461538462
KNA,St. Kitts and Nevis,2022,EN.POP.DNST,179.65
KNA,St. Kitts and Nevis,2021,EN.POP.DNST,179.857692307692
KNA,St. Kitts and Nevis,2020,EN.POP.DNST,180.269230769231
KNA,St. Kitts and Nevis,2019,EN.POP.DNST,180.584615384615
KNA,St. Kitts and Nevis,2018,EN.POP.DNST,180.8
KNA,St. Kitts and Nevis,2017,EN.POP.DNST,180.961538461538
KNA,St. Kitts and Nevis,2016,EN.POP.DNST,181.057692307692
KNA,St. Kitts and Nevis,2015,EN.POP.DNST,181.103846153846
KNA,St. Kitts and Nevis,2014,EN.POP.DNST,181.111538461538
KNA,St. Kitts and Nevis,2013,EN.POP.DNST,181.034615384615
KNA,St. Kitts and Nevis,2012,EN.POP.DNST,180.896153846154
KNA,St. Kitts and Nevis,2011,EN.POP.DNST,180.330769230769
KNA,St. Kitts and Nevis,2010,EN.POP.DNST,180.176923076923
KNA,St. Kitts and Nevis,2009,EN.POP.DNST,180.446153846154
KNA,St. Kitts and Nevis,2008,EN.POP.DNST,180.134615384615
KNA,St. Kitts and Nevis,2007,EN.POP.DNST,179.638461538462
KNA,St. Kitts and Nevis,2006,EN.POP.DNST,179.111538461538
KNA,St. Kitts and Nevis,2005,EN.POP.DNST,178.603846153846
LCA,St. Lucia,2023,EN.POP.DNST,293.909836065574
LCA,St. Lucia,2022,EN.POP.DNST,293.083606557377
LCA,St. Lucia,2021,EN.POP.DNST,292.659016393443
LCA,St. Lucia,2020,EN.POP.DNST,292.213114754098
LCA,St. Lucia,2019,EN.POP.DNST,291.247540983607
LCA,St. Lucia,2018,EN.POP.DNST,290.191803278688
LCA,St. Lucia,2017,EN.POP.DNST,289.085245901639
LCA,St. Lucia,2016,EN.POP.DNST,287.944262295082
LCA,St. Lucia,2015,EN.POP.DNST,286.729508196721
LCA,St. Lucia,2014,EN.POP.DNST,285.472131147541
LCA,St. Lucia,2013,EN.POP.DNST,284.211475409836
LCA,St. Lucia,2012,EN.POP.DNST,282.929508196721
LCA,St. Lucia,2011,EN.POP.DNST,281.640983606557
LCA,St. Lucia,2010,EN.POP.DNST,280.173770491803
LCA,St. Lucia,2009,EN.POP.DNST,278.473770491803
LCA,St. Lucia,2008,EN.POP.DNST,276.734426229508
LCA,St. Lucia,2007,EN.POP.DNST,275.013114754098
LCA,St. Lucia,2006,EN.POP.DNST,273.17868852459
LCA,St. Lucia,2005,EN.POP.DNST,271.229508196721
MAF,St. Martin (French part),2023,EN.POP.DNST,550.3
MAF,St. Martin (French part),2022,EN.POP.DNST,577.4
MAF,St. Martin (French part),2021,EN.POP.DNST,599.22
MAF,St. Martin (French part),2020,EN.POP.DNST,635.72
MAF,St. Martin (French part),2019,EN.POP.DNST,685.34
MAF,St. Martin (French part),2018,EN.POP.DNST,720.24
MAF,St. Martin (French part),2017,EN.POP.DNST,736.74
MAF,St. Martin (French part),2016,EN.POP.DNST,743.5
MAF,St. Martin (French part),2015,EN.POP.DNST,747.38
MAF,St. Martin (French part),2014,EN.POP.DNST,749.0
MAF,St. Martin (French part),2013,EN.POP.DNST,748.38
MAF,St. Martin (French part),2012,EN.POP.DNST,745.52
MAF,St. Martin (French part),2011,EN.POP.DNST,741.38
VCT,St. Vincent and the Grenadines,2023,EN.POP.DNST,259.802564102564
VCT,St. Vincent and the Grenadines,2022,EN.POP.DNST,261.65641025641
VCT,St. Vincent and the Grenadines,2021,EN.POP.DNST,263.694871794872
VCT,St. Vincent and the Grenadines,2020,EN.POP.DNST,265.451282051282
VCT,St. Vincent and the Grenadines,2019,EN.POP.DNST,267.094871794872
VCT,St. Vincent and the Grenadines,2018,EN.POP.DNST,269.041025641026
VCT,St. Vincent and the Grenadines,2017,EN.POP.DNST,270.930769230769
VCT,St. Vincent and the Grenadines,2016,EN.POP.DNST,272.689743589744
VCT,St. Vincent and the Grenadines,2015,EN.POP.DNST,274.25641025641
VCT,St. Vincent and the Grenadines,2014,EN.POP.DNST,275.730769230769
VCT,St. Vincent and the Grenadines,2013,EN.POP.DNST,277.269230769231
VCT,St. Vincent and the Grenadines,2012,EN.POP.DNST,278.810256410256
VCT,St. Vincent and the Grenadines,2011,EN.POP.DNST,280.382051282051
VCT,St. Vincent and the Grenadines,2010,EN.POP.DNST,281.946153846154
VCT,St. Vincent and the Grenadines,2009,EN.POP.DNST,283.353846153846
VCT,St. Vincent and the Grenadines,2008,EN.POP.DNST,284.687179487179
VCT,St. Vincent and the Grenadines,2007,EN.POP.DNST,285.976923076923
VCT,St. Vincent and the Grenadines,2006,EN.POP.DNST,287.215384615385
VCT,St. Vincent and the Grenadines,2005,EN.POP.DNST,288.333333333333
SDN,Sudan,2023,EN.POP.DNST,26.7895026766595
SDN,Sudan,2022,EN.POP.DNST,26.4364807280514
SDN,Sudan,2021,EN.POP.DNST,25.7317580299786
SDN,Sudan,2020,EN.POP.DNST,25.0477682012848
SDN,Sudan,2019,EN.POP.DNST,24.3833913276231
SDN,Sudan,2018,EN.POP.DNST,23.6780492505353
SDN,Sudan,2017,EN.POP.DNST,22.8663308351178
SDN,Sudan,2016,EN.POP.DNST,22.0877366167024
SDN,Sudan,2015,EN.POP.DNST,21.4263549250535
SDN,Sudan,2014,EN.POP.DNST,20.7833608137045
SDN,Sudan,2013,EN.POP.DNST,20.2279705567452
SDN,Sudan,2012,EN.POP.DNST,19.7661552462527
SUR,Suriname,2023,EN.POP.DNST,3.91810706046897
SUR,Suriname,2022,EN.POP.DNST,3.88245766041872
SUR,Suriname,2021,EN.POP.DNST,3.84963678669192
SUR,Suriname,2020,EN.POP.DNST,3.81487831013121
SUR,Suriname,2019,EN.POP.DNST,3.77407650640365
SUR,Suriname,2018,EN.POP.DNST,3.73510639152873
SUR,Suriname,2017,EN.POP.DNST,3.69897103321145
SUR,Suriname,2016,EN.POP.DNST,3.66186375836012
SUR,Suriname,2015,EN.POP.DNST,3.62367242275927
SUR,Suriname,2014,EN.POP.DNST,3.58470853811854
SUR,Suriname,2013,EN.POP.DNST,3.54512786029273
SUR,Suriname,2012,EN.POP.DNST,3.50533535450438
SUR,Suriname,2011,EN.POP.DNST,3.46568614410245
SUR,Suriname,2010,EN.POP.DNST,3.42614907791599
SUR,Suriname,2009,EN.POP.DNST,3.3865559396218
SUR,Suriname,2008,EN.POP.DNST,3.34716216882178
SUR,Suriname,2007,EN.POP.DNST,3.30835404003586
SUR,Suriname,2006,EN.POP.DNST,3.27085426043039
SUR,Suriname,2005,EN.POP.DNST,3.23544160927946
SWE,Sweden,2023,EN.POP.DNST,25.8713678886243
SWE,Sweden,2022,EN.POP.DNST,25.7487256923983
SWE,Sweden,2021,EN.POP.DNST,25.5740792575133
SWE,Sweden,2020,EN.POP.DNST,25.4209438224317
SWE,Sweden,2019,EN.POP.DNST,25.2378879395011
SWE,Sweden,2018,EN.POP.DNST,24.9814588688378
SWE,Sweden,2017,EN.POP.DNST,24.6929419766692
SWE,Sweden,2016,EN.POP.DNST,24.362449750883
SWE,Sweden,2015,EN.POP.DNST,24.0582617728817
SWE,Sweden,2014,EN.POP.DNST,23.8034986523533
SWE,Sweden,2013,EN.POP.DNST,23.5684835040631
SWE,Sweden,2012,EN.POP.DNST,23.3696200002111
SWE,Sweden,2011,EN.POP.DNST,23.1973780115221
SWE,Sweden,2010,EN.POP.DNST,23.0228627359425
SWE,Sweden,2009,EN.POP.DNST,22.8274214371936
SWE,Sweden,2008,EN.POP.DNST,22.6337796193202
SWE,Sweden,2007,EN.POP.DNST,22.4581399750626
SWE,Sweden,2006,EN.POP.DNST,22.2922170365422
SWE,Sweden,2005,EN.POP.DNST,22.1671788927031
CHE,Switzerland,2023,EN.POP.DNST,224.978619136651
CHE,Switzerland,2022,EN.POP.DNST,222.150599739861
CHE,Switzerland,2021,EN.POP.DNST,220.31454103721
CHE,Switzerland,2020,EN.POP.DNST,218.63446962171
CHE,Switzerland,2019,EN.POP.DNST,217.042781721823
CHE,Switzerland,2018,EN.POP.DNST,215.500094533915
CHE,Switzerland,2017,EN.POP.DNST,213.918480127503
CHE,Switzerland,2016,EN.POP.DNST,211.931572125581
CHE,Switzerland,2015,EN.POP.DNST,209.626620751132
CHE,Switzerland,2014,EN.POP.DNST,207.250751433234
CHE,Switzerland,2013,EN.POP.DNST,204.734336607627
CHE,Switzerland,2012,EN.POP.DNST,202.390548012367
CHE,Switzerland,2011,EN.POP.DNST,200.249864435738
CHE,Switzerland,2010,EN.POP.DNST,198.032658685794
CHE,Switzerland,2009,EN.POP.DNST,195.977767173332
CHE,Switzerland,2008,EN.POP.DNST,193.541360670795
CHE,Switzerland,2007,EN.POP.DNST,191.094854564163
CHE,Switzerland,2006,EN.POP.DNST,189.388794405946
CHE,Switzerland,2005,EN.POP.DNST,188.198156410317
SYR,Syrian Arab Republic,2023,EN.POP.DNST,128.490023416653
SYR,Syrian Arab Republic,2022,EN.POP.DNST,122.323002777324
SYR,Syrian Arab Republic,2021,EN.POP.DNST,117.784888090181
SYR,Syrian Arab Republic,2020,EN.POP.DNST,114.629575777378
SYR,Syrian Arab Republic,2019,EN.POP.DNST,110.839917224854
SYR,Syrian Arab Republic,2018,EN.POP.DNST,106.615721831945
SYR,Syrian Arab Republic,2017,EN.POP.DNST,104.692414093558
SYR,Syrian Arab Republic,2016,EN.POP.DNST,104.524500353973
SYR,Syrian Arab Republic,2015,EN.POP.DNST,105.781288460491
SYR,Syrian Arab Republic,2014,EN.POP.DNST,110.404939280074
SYR,Syrian Arab Republic,2013,EN.POP.DNST,117.99225072156
SYR,Syrian Arab Republic,2012,EN.POP.DNST,123.943598540543
SYR,Syrian Arab Republic,2011,EN.POP.DNST,124.58801938681
SYR,Syrian Arab Republic,2010,EN.POP.DNST,122.433267984534
SYR,Syrian Arab Republic,2009,EN.POP.DNST,119.674194075365
SYR,Syrian Arab Republic,2008,EN.POP.DNST,117.820540187323
SYR,Syrian Arab Republic,2007,EN.POP.DNST,113.723181224134
SYR,Syrian Arab Republic,2006,EN.POP.DNST,106.937983989544
SYR,Syrian Arab Republic,2005,EN.POP.DNST,102.490009260772
TJK,Tajikistan,2023,EN.POP.DNST,74.8598530153469
TJK,Tajikistan,2022,EN.POP.DNST,73.3642337344189
TJK,Tajikistan,2021,EN.POP.DNST,71.8128683622739
TJK,Tajikistan,2020,EN.POP.DNST,70.2450464730888
TJK,Tajikistan,2019,EN.POP.DNST,68.6646444268319
TJK,Tajikistan,2018,EN.POP.DNST,67.060544707832
TJK,Tajikistan,2017,EN.POP.DNST,65.4654225808776
TJK,Tajikistan,2016,EN.POP.DNST,63.8780243533396
TJK,Tajikistan,2015,EN.POP.DNST,62.2799913538439
TJK,Tajikistan,2014,EN.POP.DNST,60.7089475883735
TJK,Tajikistan,2013,EN.POP.DNST,58.7076593312375
TJK,Tajikistan,2012,EN.POP.DNST,57.2598170905973
TJK,Tajikistan,2011,EN.POP.DNST,55.9072949414118
TJK,Tajikistan,2010,EN.POP.DNST,54.6737710774507
TJK,Tajikistan,2009,EN.POP.DNST,53.5169334095456
TJK,Tajikistan,2008,EN.POP.DNST,52.4321448985424
TJK,Tajikistan,2007,EN.POP.DNST,51.4038082309231
TJK,Tajikistan,2006,EN.POP.DNST,50.425593026579
TJK,Tajikistan,2005,EN.POP.DNST,49.4764218348099
TZA,Tanzania,2023,EN.POP.DNST,75.2061481146986
TZA,Tanzania,2022,EN.POP.DNST,73.0546635809438
TZA,Tanzania,2021,EN.POP.DNST,70.9306976744186
TZA,Tanzania,2020,EN.POP.DNST,68.8335944908557
TZA,Tanzania,2019,EN.POP.DNST,66.8038959132987
TZA,Tanzania,2018,EN.POP.DNST,64.842114472793
TZA,Tanzania,2017,EN.POP.DNST,62.8278279521337
TZA,Tanzania,2016,EN.POP.DNST,60.7631666290359
TZA,Tanzania,2015,EN.POP.DNST,58.7276608715286
TZA,Tanzania,2014,EN.POP.DNST,56.8429803567397
TZA,Tanzania,2013,EN.POP.DNST,55.1186814179273
TZA,Tanzania,2012,EN.POP.DNST,53.4818920749605
TZA,Tanzania,2011,EN.POP.DNST,51.9636114247008
TZA,Tanzania,2010,EN.POP.DNST,50.5288868819147
TZA,Tanzania,2009,EN.POP.DNST,49.2594061864981
TZA,Tanzania,2008,EN.POP.DNST,48.0590742831339
TZA,Tanzania,2007,EN.POP.DNST,46.7775028223075
TZA,Tanzania,2006,EN.POP.DNST,45.489841950779
TZA,Tanzania,2005,EN.POP.DNST,44.2335470760894
THA,Thailand,2023,EN.POP.DNST,140.348088629646
THA,Thailand,2022,EN.POP.DNST,140.412474309538
THA,Thailand,2021,EN.POP.DNST,140.396821233534
THA,Thailand,2020,EN.POP.DNST,140.228785061364
THA,Thailand,2019,EN.POP.DNST,139.995441288731
THA,Thailand,2018,EN.POP.DNST,139.709289670966
THA,Thailand,2017,EN.POP.DNST,139.286709467791
THA,Thailand,2016,EN.POP.DNST,138.698821664155
THA,Thailand,2015,EN.POP.DNST,138.07433106931
THA,Thailand,2014,EN.POP.DNST,137.439305917125
THA,Thailand,2013,EN.POP.DNST,136.712626984282
THA,Thailand,2012,EN.POP.DNST,135.912031944254
THA,Thailand,2011,EN.POP.DNST,135.072536162383
THA,Thailand,2010,EN.POP.DNST,134.235250249564
THA,Thailand,2009,EN.POP.DNST,133.338057116013
THA,Thailand,2008,EN.POP.DNST,132.356926148486
THA,Thailand,2007,EN.POP.DNST,131.344113214195
THA,Thailand,2006,EN.POP.DNST,130.297494568302
THA,Thailand,2005,EN.POP.DNST,129.220419268336
TLS,Timor-Leste,2023,EN.POP.DNST,93.0925353059852
TLS,Timor-Leste,2022,EN.POP.DNST,92.0843981170141
TLS,Timor-Leste,2021,EN.POP.DNST,90.7961667787492
TLS,Timor-Leste,2020,EN.POP.DNST,89.1763954270343
TLS,Timor-Leste,2019,EN.POP.DNST,87.4878950907868
TLS,Timor-Leste,2018,EN.POP.DNST,85.8075991930061
TLS,Timor-Leste,2017,EN.POP.DNST,84.1763954270343
TLS,Timor-Leste,2016,EN.POP.DNST,82.6033624747814
TLS,Timor-Leste,2015,EN.POP.DNST,81.0444519166106
TLS,Timor-Leste,2014,EN.POP.DNST,79.4823806321453
TLS,Timor-Leste,2013,EN.POP.DNST,77.9216543375925
TLS,Timor-Leste,2012,EN.POP.DNST,76.3204438466712
TLS,Timor-Leste,2011,EN.POP.DNST,74.660860793544
TLS,Timor-Leste,2010,EN.POP.DNST,72.9441156691325
TLS,Timor-Leste,2009,EN.POP.DNST,71.2025554808339
TLS,Timor-Leste,2008,EN.POP.DNST,69.4303295225286
TLS,Timor-Leste,2007,EN.POP.DNST,67.5782784129119
TLS,Timor-Leste,2006,EN.POP.DNST,65.6756556825824
TLS,Timor-Leste,2005,EN.POP.DNST,63.7734364492266
TGO,Togo,2023,EN.POP.DNST,151.201507630079
TGO,Togo,2022,EN.POP.DNST,148.34741680456
TGO,Togo,2021,EN.POP.DNST,145.912410369553
TGO,Togo,2020,EN.POP.DNST,143.189078874793
TGO,Togo,2019,EN.POP.DNST,140.097904026475
TGO,Togo,2018,EN.POP.DNST,137.124581724582
TGO,Togo,2017,EN.POP.DNST,134.664202978489
TGO,Togo,2016,EN.POP.DNST,132.3935282221
TGO,Togo,2015,EN.POP.DNST,130.014745357602
TGO,Togo,2014,EN.POP.DNST,127.553667953668
TGO,Togo,2013,EN.POP.DNST,125.001801801802
TGO,Togo,2012,EN.POP.DNST,122.333480419195
TGO,Togo,2011,EN.POP.DNST,119.51796286082
TGO,Togo,2010,EN.POP.DNST,116.304247104247
TGO,Togo,2009,EN.POP.DNST,112.721934179077
TGO,Togo,2008,EN.POP.DNST,109.140246368818
TGO,Togo,2007,EN.POP.DNST,105.689336275051
TGO,Togo,2006,EN.POP.DNST,102.402353373782
TGO,Togo,2005,EN.POP.DNST,99.5248023533738
TON,Tonga,2023,EN.POP.DNST,145.273611111111
TON,Tonga,2022,EN.POP.DNST,145.891666666667
TON,Tonga,2021,EN.POP.DNST,146.513888888889
TON,Tonga,2020,EN.POP.DNST,146.811111111111
TON,Tonga,2019,EN.POP.DNST,146.7625
TON,Tonga,2018,EN.POP.DNST,146.620833333333
TON,Tonga,2017,EN.POP.DNST,146.327777777778
TON,Tonga,2016,EN.POP.DNST,146.561111111111
TON,Tonga,2015,EN.POP.DNST,147.354166666667
TON,Tonga,2014,EN.POP.DNST,148.068055555556
TON,Tonga,2013,EN.POP.DNST,148.719444444444
TON,Tonga,2012,EN.POP.DNST,149.25
TON,Tonga,2011,EN.POP.DNST,149.402777777778
TON,Tonga,2010,EN.POP.DNST,149.166666666667
TON,Tonga,2009,EN.POP.DNST,148.893055555556
TON,Tonga,2008,EN.POP.DNST,148.638888888889
TON,Tonga,2007,EN.POP.DNST,148.230555555556
TON,Tonga,2006,EN.POP.DNST,147.573611111111
TON,Tonga,2005,EN.POP.DNST,146.765277777778
TTO,Trinidad and Tobago,2023,EN.POP.DNST,266.571150097466
TTO,Trinidad and Tobago,2022,EN.POP.DNST,266.238791423002
TTO,Trinidad and Tobago,2021,EN.POP.DNST,266.580506822612
TTO,Trinidad and Tobago,2020,EN.POP.DNST,266.418128654971
TTO,Trinidad and Tobago,2019,EN.POP.DNST,265.884015594542
TTO,Trinidad and Tobago,2018,EN.POP.DNST,264.949902534113
TTO,Trinidad and Tobago,2017,EN.POP.DNST,264.450877192982
TTO,Trinidad and Tobago,2016,EN.POP.DNST,263.917153996101
TTO,Trinidad and Tobago,2015,EN.POP.DNST,263.09298245614
TTO,Trinidad and Tobago,2014,EN.POP.DNST,262.250097465887
TTO,Trinidad and Tobago,2013,EN.POP.DNST,261.317153996101
TTO,Trinidad and Tobago,2012,EN.POP.DNST,260.271734892788
TTO,Trinidad and Tobago,2011,EN.POP.DNST,258.873099415205
TTO,Trinidad and Tobago,2010,EN.POP.DNST,256.86432748538
TTO,Trinidad and Tobago,2009,EN.POP.DNST,255.381286549708
TTO,Trinidad and Tobago,2008,EN.POP.DNST,255.085185185185
TTO,Trinidad and Tobago,2007,EN.POP.DNST,254.032748538012
TTO,Trinidad and Tobago,2006,EN.POP.DNST,253.010526315789
TTO,Trinidad and Tobago,2005,EN.POP.DNST,252.338011695906
TUN,Tunisia,2023,EN.POP.DNST,78.530065653965
TUN,Tunisia,2022,EN.POP.DNST,78.0080715756952
TUN,Tunisia,2021,EN.POP.DNST,77.5529222451081
TUN,Tunisia,2020,EN.POP.DNST,77.0729724510814
TUN,Tunisia,2019,EN.POP.DNST,76.4358972708548
TUN,Tunisia,2018,EN.POP.DNST,75.7306513903193
TUN,Tunisia,2017,EN.POP.DNST,74.9903321318229
TUN,Tunisia,2016,EN.POP.DNST,74.2061920700309
TUN,Tunisia,2015,EN.POP.DNST,73.3925334706488
TUN,Tunisia,2014,EN.POP.DNST,72.5687950566426
TUN,Tunisia,2013,EN.POP.DNST,71.713188722966
TUN,Tunisia,2012,EN.POP.DNST,70.865390061792
TUN,Tunisia,2011,EN.POP.DNST,70.069741246138
TUN,Tunisia,2010,EN.POP.DNST,69.2969876416066
TUN,Tunisia,2009,EN.POP.DNST,68.554846807415
TUN,Tunisia,2008,EN.POP.DNST,67.8593910916581
TUN,Tunisia,2007,EN.POP.DNST,67.209719361483
TUN,Tunisia,2006,EN.POP.DNST,66.5963568486097
TUN,Tunisia,2005,EN.POP.DNST,66.0110195674562
TUR,Turkiye,2023,EN.POP.DNST,110.866214934449
TUR,Turkiye,2022,EN.POP.DNST,110.416580694619
TUR,Turkiye,2021,EN.POP.DNST,109.334768655068
TUR,Turkiye,2020,EN.POP.DNST,108.343853540013
TUR,Turkiye,2019,EN.POP.DNST,107.297584553617
TUR,Turkiye,2018,EN.POP.DNST,105.774468250978
TUR,Turkiye,2017,EN.POP.DNST,104.352348531112
TUR,Turkiye,2016,EN.POP.DNST,103.007889505347
TUR,Turkiye,2015,EN.POP.DNST,101.631276067721
TUR,Turkiye,2014,EN.POP.DNST,100.284401595572
TUR,Turkiye,2013,EN.POP.DNST,98.9405610488157
TUR,Turkiye,2012,EN.POP.DNST,97.6778802801346
TUR,Turkiye,2011,EN.POP.DNST,96.4406649948677
TUR,Turkiye,2010,EN.POP.DNST,95.0354715902447
TUR,Turkiye,2009,EN.POP.DNST,93.6023881605447
TUR,Turkiye,2008,EN.POP.DNST,92.3192677000637
TUR,Turkiye,2007,EN.POP.DNST,91.1582344763068
TUR,Turkiye,2006,EN.POP.DNST,91.0117186180372
TUR,Turkiye,2005,EN.POP.DNST,90.0816717123813
TKM,Turkmenistan,2023,EN.POP.DNST,15.6713510522844
TKM,Turkmenistan,2022,EN.POP.DNST,15.3856808460835
TKM,Turkmenistan,2021,EN.POP.DNST,15.0917008916222
TKM,Turkmenistan,2020,EN.POP.DNST,14.7892494626859
TKM,Turkmenistan,2019,EN.POP.DNST,14.4786329878918
TKM,Turkmenistan,2018,EN.POP.DNST,14.1627987147022
TKM,Turkmenistan,2017,EN.POP.DNST,13.8468729385228
TKM,Turkmenistan,2016,EN.POP.DNST,13.5340178324431
TKM,Turkmenistan,2015,EN.POP.DNST,13.2270125337816
TKM,Turkmenistan,2014,EN.POP.DNST,12.9280594982231
TKM,Turkmenistan,2013,EN.POP.DNST,12.6387781158896
TKM,Turkmenistan,2012,EN.POP.DNST,12.3604494286383
TKM,Turkmenistan,2011,EN.POP.DNST,12.0941778562765
TKM,Turkmenistan,2010,EN.POP.DNST,11.8408188453599
TKM,Turkmenistan,2009,EN.POP.DNST,11.6008597025089
TKM,Turkmenistan,2008,EN.POP.DNST,11.3740961419786
TKM,Turkmenistan,2007,EN.POP.DNST,11.1592066903581
TKM,Turkmenistan,2006,EN.POP.DNST,10.9529185197795
TKM,Turkmenistan,2005,EN.POP.DNST,10.7510842040304
TCA,Turks and Caicos Islands,2023,EN.POP.DNST,48.6294736842105
TCA,Turks and Caicos Islands,2022,EN.POP.DNST,48.26
TCA,Turks and Caicos Islands,2021,EN.POP.DNST,47.6242105263158
TCA,Turks and Caicos Islands,2020,EN.POP.DNST,46.7221052631579
TCA,Turks and Caicos Islands,2019,EN.POP.DNST,45.4378947368421
TCA,Turks and Caicos Islands,2018,EN.POP.DNST,43.7463157894737
TCA,Turks and Caicos Islands,2017,EN.POP.DNST,42.0136842105263
TCA,Turks and Caicos Islands,2016,EN.POP.DNST,40.3315789473684
TCA,Turks and Caicos Islands,2015,EN.POP.DNST,38.5315789473684
TCA,Turks and Caicos Islands,2014,EN.POP.DNST,36.8947368421053
TCA,Turks and Caicos Islands,2013,EN.POP.DNST,35.4242105263158
TCA,Turks and Caicos Islands,2012,EN.POP.DNST,33.8178947368421
TCA,Turks and Caicos Islands,2011,EN.POP.DNST,32.4694736842105
TCA,Turks and Caicos Islands,2010,EN.POP.DNST,31.3042105263158
TCA,Turks and Caicos Islands,2009,EN.POP.DNST,30.0926315789474
TCA,Turks and Caicos Islands,2008,EN.POP.DNST,28.8705263157895
TCA,Turks and Caicos Islands,2007,EN.POP.DNST,27.6526315789474
TCA,Turks and Caicos Islands,2006,EN.POP.DNST,26.4452631578947
TCA,Turks and Caicos Islands,2005,EN.POP.DNST,25.2505263157895
TUV,Tuvalu,2023,EN.POP.DNST,327.2
TUV,Tuvalu,2022,EN.POP.DNST,333.066666666667
TUV,Tuvalu,2021,EN.POP.DNST,339.8
TUV,Tuvalu,2020,EN.POP.DNST,346.633333333333
TUV,Tuvalu,2019,EN.POP.DNST,352.7
TUV,Tuvalu,2018,EN.POP.DNST,358.366666666667
TUV,Tuvalu,2017,EN.POP.DNST,362.3
TUV,Tuvalu,2016,EN.POP.DNST,364.333333333333
TUV,Tuvalu,2015,EN.POP.DNST,365.433333333333
TUV,Tuvalu,2014,EN.POP.DNST,366.133333333333
TUV,Tuvalu,2013,EN.POP.DNST,366.7
TUV,Tuvalu,2012,EN.POP.DNST,364.466666666667
TUV,Tuvalu,2011,EN.POP.DNST,359.333333333333
TUV,Tuvalu,2010,EN.POP.DNST,353.8
TUV,Tuvalu,2009,EN.POP.DNST,348.7
TUV,Tuvalu,2008,EN.POP.DNST,344.033333333333
TUV,Tuvalu,2007,EN.POP.DNST,339.4
TUV,Tuvalu,2006,EN.POP.DNST,335.2
TUV,Tuvalu,2005,EN.POP.DNST,331.333333333333
UGA,Uganda,2023,EN.POP.DNST,242.65210951526
UGA,Uganda,2022,EN.POP.DNST,235.950124675843
UGA,Uganda,2021,EN.POP.DNST,228.959355675244
UGA,Uganda,2020,EN.POP.DNST,221.709315778975
UGA,Uganda,2019,EN.POP.DNST,214.440639337722
UGA,Uganda,2018,EN.POP.DNST,207.290200478755
UGA,Uganda,2017,EN.POP.DNST,200.365988430082
UGA,Uganda,2016,EN.POP.DNST,193.49267903451
UGA,Uganda,2015,EN.POP.DNST,187.170586475165
UGA,Uganda,2014,EN.POP.DNST,181.505779972073
UGA,Uganda,2013,EN.POP.DNST,176.227019748654
UGA,Uganda,2012,EN.POP.DNST,171.241960901656
UGA,Uganda,2011,EN.POP.DNST,166.340230400958
UGA,Uganda,2010,EN.POP.DNST,161.534021543986
UGA,Uganda,2009,EN.POP.DNST,157.405290025524
UGA,Uganda,2008,EN.POP.DNST,152.842965817527
UGA,Uganda,2007,EN.POP.DNST,148.408137730844
UGA,Uganda,2006,EN.POP.DNST,144.106916570742
UGA,Uganda,2005,EN.POP.DNST,139.949396927081
UKR,Ukraine,2023,EN.POP.DNST,65.1239834311357
UKR,Ukraine,2022,EN.POP.DNST,70.8470245081118
UKR,Ukraine,2021,EN.POP.DNST,76.4560579910252
UKR,Ukraine,2020,EN.POP.DNST,77.1142802899551
UKR,Ukraine,2019,EN.POP.DNST,77.5931273731446
UKR,Ukraine,2018,EN.POP.DNST,78.0271090783569
UKR,Ukraine,2017,EN.POP.DNST,78.432661833247
UKR,Ukraine,2016,EN.POP.DNST,78.7461064406429
UKR,Ukraine,2015,EN.POP.DNST,79.0362271055948
UKR,Ukraine,2014,EN.POP.DNST,79.3598715669181
UKR,Ukraine,2013,EN.POP.DNST,79.6222640336947
UKR,Ukraine,2012,EN.POP.DNST,79.7660291376096
UKR,Ukraine,2011,EN.POP.DNST,79.9348425740523
UKR,Ukraine,2010,EN.POP.DNST,80.190573430919
UKR,Ukraine,2009,EN.POP.DNST,80.480099081682
UKR,Ukraine,2008,EN.POP.DNST,80.8174670303114
UKR,Ukraine,2007,EN.POP.DNST,81.236597448777
UKR,Ukraine,2006,EN.POP.DNST,81.6050365921016
UKR,Ukraine,2005,EN.POP.DNST,82.131858193241
ARE,United Arab Emirates,2023,EN.POP.DNST,147.616882568291
ARE,United Arab Emirates,2022,EN.POP.DNST,141.861123627147
ARE,United Arab Emirates,2021,EN.POP.DNST,134.823317375387
ARE,United Arab Emirates,2020,EN.POP.DNST,132.371698113208
ARE,United Arab Emirates,2019,EN.POP.DNST,133.001760067587
ARE,United Arab Emirates,2018,EN.POP.DNST,131.606603773585
ARE,United Arab Emirates,2017,EN.POP.DNST,129.867994931005
ARE,United Arab Emirates,2016,EN.POP.DNST,125.8109687412
ARE,United Arab Emirates,2015,EN.POP.DNST,119.75833568009
ARE,United Arab Emirates,2014,EN.POP.DNST,113.481272880879
ARE,United Arab Emirates,2013,EN.POP.DNST,108.322036046184
ARE,United Arab Emirates,2012,EN.POP.DNST,104.075584342439
ARE,United Arab Emirates,2011,EN.POP.DNST,100.035736412278
ARE,United Arab Emirates,2010,EN.POP.DNST,96.7310335116868
ARE,United Arab Emirates,2009,EN.POP.DNST,94.439003097719
ARE,United Arab Emirates,2008,EN.POP.DNST,88.7449169248099
ARE,United Arab Emirates,2007,EN.POP.DNST,79.1979019994368
ARE,United Arab Emirates,2006,EN.POP.DNST,70.5308363841172
ARE,United Arab Emirates,2005,EN.POP.DNST,65.6827654181921
GBR,United Kingdom,2023,EN.POP.DNST,283.247220270326
GBR,United Kingdom,2022,EN.POP.DNST,279.568470218658
GBR,United Kingdom,2021,EN.POP.DNST,276.848675236639
GBR,United Kingdom,2020,EN.POP.DNST,275.864919604844
GBR,United Kingdom,2019,EN.POP.DNST,275.401975778118
GBR,United Kingdom,2018,EN.POP.DNST,273.992477162816
GBR,United Kingdom,2017,EN.POP.DNST,272.657380233952
GBR,United Kingdom,2016,EN.POP.DNST,271.177613359236
GBR,United Kingdom,2015,EN.POP.DNST,269.032364733601
GBR,United Kingdom,2014,EN.POP.DNST,267.097920886207
GBR,United Kingdom,2013,EN.POP.DNST,265.109742487496
GBR,United Kingdom,2012,EN.POP.DNST,263.344769148101
GBR,United Kingdom,2011,EN.POP.DNST,261.475674781962
GBR,United Kingdom,2010,EN.POP.DNST,259.440189310958
GBR,United Kingdom,2009,EN.POP.DNST,257.414417393461
GBR,United Kingdom,2008,EN.POP.DNST,255.474703426611
GBR,United Kingdom,2007,EN.POP.DNST,253.471925763651
GBR,United Kingdom,2006,EN.POP.DNST,251.50589013351
GBR,United Kingdom,2005,EN.POP.DNST,249.663977183483
USA,United States,2023,EN.POP.DNST,36.8142112202129
USA,United States,2022,EN.POP.DNST,36.5126236687503
USA,United States,2021,EN.POP.DNST,36.3053370239915
USA,United States,2020,EN.POP.DNST,36.2482649752608
USA,United States,2019,EN.POP.DNST,36.1004771837305
USA,United States,2018,EN.POP.DNST,35.9149986553586
USA,United States,2017,EN.POP.DNST,35.7049975840182
USA,United States,2016,EN.POP.DNST,35.4584505795077
USA,United States,2015,EN.POP.DNST,35.1809713558577
USA,United States,2014,EN.POP.DNST,34.9013776562134
USA,United States,2013,EN.POP.DNST,34.6246572257533
USA,United States,2012,EN.POP.DNST,34.3636893244215
USA,United States,2011,EN.POP.DNST,34.0904277927547
USA,United States,2010,EN.POP.DNST,33.8213646033526
USA,United States,2009,EN.POP.DNST,33.5363992251367
USA,United States,2008,EN.POP.DNST,33.2436868537795
USA,United States,2007,EN.POP.DNST,32.8786113609374
USA,United States,2006,EN.POP.DNST,32.5673998463204
USA,United States,2005,EN.POP.DNST,32.2548765979183
URY,Uruguay,2023,EN.POP.DNST,19.3582504856588
URY,Uruguay,2022,EN.POP.DNST,19.3744314935436
URY,Uruguay,2021,EN.POP.DNST,19.4074677179751
URY,Uruguay,2020,EN.POP.DNST,19.4204548051651
URY,Uruguay,2019,EN.POP.DNST,19.4103873842989
URY,Uruguay,2018,EN.POP.DNST,19.3951205576506
URY,Uruguay,2017,EN.POP.DNST,19.3602902525426
URY,Uruguay,2016,EN.POP.DNST,19.3079819449206
URY,Uruguay,2015,EN.POP.DNST,19.2436121586104
URY,Uruguay,2014,EN.POP.DNST,19.1768597874529
URY,Uruguay,2013,EN.POP.DNST,19.1140269683465
URY,Uruguay,2012,EN.POP.DNST,19.0572563135642
URY,Uruguay,2011,EN.POP.DNST,19.0082561992915
URY,Uruguay,2010,EN.POP.DNST,18.9611472974517
URY,Uruguay,2009,EN.POP.DNST,18.9126442692264
URY,Uruguay,2008,EN.POP.DNST,18.8674265798194
URY,Uruguay,2007,EN.POP.DNST,18.8272940235402
URY,Uruguay,2006,EN.POP.DNST,18.7950291395269
URY,Uruguay,2005,EN.POP.DNST,18.773688721289
UZB,Uzbekistan,2023,EN.POP.DNST,80.9084466129581
UZB,Uzbekistan,2022,EN.POP.DNST,79.2892236957962
UZB,Uzbekistan,2021,EN.POP.DNST,77.7112512566577
UZB,Uzbekistan,2020,EN.POP.DNST,76.2200658118688
UZB,Uzbekistan,2019,EN.POP.DNST,74.8253929702307
UZB,Uzbekistan,2018,EN.POP.DNST,73.4780871882284
UZB,Uzbekistan,2017,EN.POP.DNST,72.2198017195203
UZB,Uzbekistan,2016,EN.POP.DNST,71.0059170523229
UZB,Uzbekistan,2015,EN.POP.DNST,69.7897094870631
UZB,Uzbekistan,2014,EN.POP.DNST,69.3523563008704
UZB,Uzbekistan,2013,EN.POP.DNST,68.207469669955
UZB,Uzbekistan,2012,EN.POP.DNST,67.1452569986232
UZB,Uzbekistan,2011,EN.POP.DNST,66.1372206631804
UZB,Uzbekistan,2010,EN.POP.DNST,65.1205023262643
UZB,Uzbekistan,2009,EN.POP.DNST,64.0891121586439
UZB,Uzbekistan,2008,EN.POP.DNST,63.0661816146635
UZB,Uzbekistan,2007,EN.POP.DNST,62.1032147968733
UZB,Uzbekistan,2006,EN.POP.DNST,61.2574119536538
UZB,Uzbekistan,2005,EN.POP.DNST,60.4727210570633
VUT,Vanuatu,2023,EN.POP.DNST,26.2845775225595
VUT,Vanuatu,2022,EN.POP.DNST,25.6805578342904
VUT,Vanuatu,2021,EN.POP.DNST,25.0917145200984
VUT,Vanuatu,2020,EN.POP.DNST,24.5166529942576
VUT,Vanuatu,2019,EN.POP.DNST,23.9528301886792
VUT,Vanuatu,2018,EN.POP.DNST,23.4010664479081
VUT,Vanuatu,2017,EN.POP.DNST,22.8471698113208
VUT,Vanuatu,2016,EN.POP.DNST,22.3205086136177
VUT,Vanuatu,2015,EN.POP.DNST,21.829450369155
VUT,Vanuatu,2014,EN.POP.DNST,21.3486464315012
VUT,Vanuatu,2013,EN.POP.DNST,20.8762920426579
VUT,Vanuatu,2012,EN.POP.DNST,20.4169811320755
VUT,Vanuatu,2011,EN.POP.DNST,19.9732567678425
VUT,Vanuatu,2010,EN.POP.DNST,19.5445447087777
VUT,Vanuatu,2009,EN.POP.DNST,19.0919606234619
VUT,Vanuatu,2008,EN.POP.DNST,18.6132895816243
VUT,Vanuatu,2007,EN.POP.DNST,18.1522559474979
VUT,Vanuatu,2006,EN.POP.DNST,17.7131255127153
VUT,Vanuatu,2005,EN.POP.DNST,17.2895816242822
VEN,"Venezuela, RB",2023,EN.POP.DNST,32.0853171588912
VEN,"Venezuela, RB",2022,EN.POP.DNST,31.9857343688
VEN,"Venezuela, RB",2021,EN.POP.DNST,32.0138608922397
VEN,"Venezuela, RB",2020,EN.POP.DNST,32.2476923076923
VEN,"Venezuela, RB",2019,EN.POP.DNST,32.8077750694405
VEN,"Venezuela, RB",2018,EN.POP.DNST,33.7935400487501
VEN,"Venezuela, RB",2017,EN.POP.DNST,34.6525967915651
VEN,"Venezuela, RB",2016,EN.POP.DNST,34.8797913950456
VEN,"Venezuela, RB",2015,EN.POP.DNST,34.662402358143
VEN,"Venezuela, RB",2014,EN.POP.DNST,34.2997324414716
VEN,"Venezuela, RB",2013,EN.POP.DNST,33.9121342327532
VEN,"Venezuela, RB",2012,EN.POP.DNST,33.5058398049997
VEN,"Venezuela, RB",2011,EN.POP.DNST,33.0879337906014
VEN,"Venezuela, RB",2010,EN.POP.DNST,32.6660631483476
VEN,"Venezuela, RB",2009,EN.POP.DNST,32.2411405249136
VEN,"Venezuela, RB",2008,EN.POP.DNST,31.8051085539369
VEN,"Venezuela, RB",2007,EN.POP.DNST,31.346707102772
VEN,"Venezuela, RB",2006,EN.POP.DNST,30.8652411994785
VEN,"Venezuela, RB",2005,EN.POP.DNST,30.3676707669633
VNM,Viet Nam,2023,EN.POP.DNST,320.175197572656
VNM,Viet Nam,2022,EN.POP.DNST,318.032648542413
VNM,Viet Nam,2021,EN.POP.DNST,315.653937574379
VNM,Viet Nam,2020,EN.POP.DNST,312.923153250018
VNM,Viet Nam,2019,EN.POP.DNST,310.034412897339
VNM,Viet Nam,2018,EN.POP.DNST,307.046632570694
VNM,Viet Nam,2017,EN.POP.DNST,303.688787280275
VNM,Viet Nam,2016,EN.POP.DNST,299.948999160782
VNM,Viet Nam,2015,EN.POP.DNST,296.1974772084
VNM,Viet Nam,2014,EN.POP.DNST,292.559228518274
VNM,Viet Nam,2013,EN.POP.DNST,289.364162813695
VNM,Viet Nam,2012,EN.POP.DNST,285.558644407367
VNM,Viet Nam,2011,EN.POP.DNST,282.390144405715
VNM,Viet Nam,2010,EN.POP.DNST,279.147229120251
VNM,Viet Nam,2009,EN.POP.DNST,276.440290060813
VNM,Viet Nam,2008,EN.POP.DNST,272.308076932914
VNM,Viet Nam,2007,EN.POP.DNST,267.577137683246
VNM,Viet Nam,2006,EN.POP.DNST,262.689291708627
VNM,Viet Nam,2005,EN.POP.DNST,259.203077001761
VIR,Virgin Islands (U.S.),2023,EN.POP.DNST,299.762857142857
VIR,Virgin Islands (U.S.),2022,EN.POP.DNST,301.18
VIR,Virgin Islands (U.S.),2021,EN.POP.DNST,302.485714285714
VIR,Virgin Islands (U.S.),2020,EN.POP.DNST,303.685714285714
VIR,Virgin Islands (U.S.),2019,EN.POP.DNST,304.768571428571
VIR,Virgin Islands (U.S.),2018,EN.POP.DNST,305.717142857143
VIR,Virgin Islands (U.S.),2017,EN.POP.DNST,306.517142857143
VIR,Virgin Islands (U.S.),2016,EN.POP.DNST,307.188571428571
VIR,Virgin Islands (U.S.),2015,EN.POP.DNST,307.748571428571
VIR,Virgin Islands (U.S.),2014,EN.POP.DNST,308.234285714286
VIR,Virgin Islands (U.S.),2013,EN.POP.DNST,308.688571428571
VIR,Virgin Islands (U.S.),2012,EN.POP.DNST,309.108571428571
VIR,Virgin Islands (U.S.),2011,EN.POP.DNST,309.4
VIR,Virgin Islands (U.S.),2010,EN.POP.DNST,309.591428571429
VIR,Virgin Islands (U.S.),2009,EN.POP.DNST,309.725714285714
VIR,Virgin Islands (U.S.),2008,EN.POP.DNST,309.705714285714
VIR,Virgin Islands (U.S.),2007,EN.POP.DNST,309.534285714286
VIR,Virgin Islands (U.S.),2006,EN.POP.DNST,309.625714285714
VIR,Virgin Islands (U.S.),2005,EN.POP.DNST,309.865714285714
PSE,West Bank and Gaza,2023,EN.POP.DNST,857.390041493776
PSE,West Bank and Gaza,2022,EN.POP.DNST,837.114024896266
PSE,West Bank and Gaza,2021,EN.POP.DNST,817.05377593361
PSE,West Bank and Gaza,2020,EN.POP.DNST,797.885215946844
PSE,West Bank and Gaza,2019,EN.POP.DNST,778.290033222591
PSE,West Bank and Gaza,2018,EN.POP.DNST,758.984551495017
PSE,West Bank and Gaza,2017,EN.POP.DNST,740.000830564784
PSE,West Bank and Gaza,2016,EN.POP.DNST,725.429900332226
PSE,West Bank and Gaza,2015,EN.POP.DNST,709.317607973422
PSE,West Bank and Gaza,2014,EN.POP.DNST,693.255481727575
PSE,West Bank and Gaza,2013,EN.POP.DNST,677.194019933555
PSE,West Bank and Gaza,2012,EN.POP.DNST,661.129235880399
PSE,West Bank and Gaza,2011,EN.POP.DNST,645.014285714286
PSE,West Bank and Gaza,2010,EN.POP.DNST,628.930398671096
PSE,West Bank and Gaza,2009,EN.POP.DNST,612.807142857143
PSE,West Bank and Gaza,2008,EN.POP.DNST,596.673920265781
PSE,West Bank and Gaza,2007,EN.POP.DNST,580.481063122924
PSE,West Bank and Gaza,2006,EN.POP.DNST,565.836212624585
PSE,West Bank and Gaza,2005,EN.POP.DNST,551.560797342193
YEM,"Yemen, Rep.",2023,EN.POP.DNST,74.6080250771824
YEM,"Yemen, Rep.",2022,EN.POP.DNST,72.395924010834
YEM,"Yemen, Rep.",2021,EN.POP.DNST,70.3453415913783
YEM,"Yemen, Rep.",2020,EN.POP.DNST,68.4411292308275
YEM,"Yemen, Rep.",2019,EN.POP.DNST,66.5026573479554
YEM,"Yemen, Rep.",2018,EN.POP.DNST,64.5589370608179
YEM,"Yemen, Rep.",2017,EN.POP.DNST,62.6757599863629
YEM,"Yemen, Rep.",2016,EN.POP.DNST,60.8159743924844
YEM,"Yemen, Rep.",2015,EN.POP.DNST,59.0173286360967
YEM,"Yemen, Rep.",2014,EN.POP.DNST,57.2500501922458
YEM,"Yemen, Rep.",2013,EN.POP.DNST,55.5201090971078
YEM,"Yemen, Rep.",2012,EN.POP.DNST,53.8546640907627
YEM,"Yemen, Rep.",2011,EN.POP.DNST,52.2433035967953
YEM,"Yemen, Rep.",2010,EN.POP.DNST,50.6740667083357
YEM,"Yemen, Rep.",2009,EN.POP.DNST,49.1083281247041
YEM,"Yemen, Rep.",2008,EN.POP.DNST,47.5631967725439
YEM,"Yemen, Rep.",2007,EN.POP.DNST,46.0595905070364
YEM,"Yemen, Rep.",2006,EN.POP.DNST,44.5917059681421
YEM,"Yemen, Rep.",2005,EN.POP.DNST,43.1654923575203
ZMB,Zambia,2023,EN.POP.DNST,27.8776483407095
ZMB,Zambia,2022,EN.POP.DNST,27.1095091405588
ZMB,Zambia,2021,EN.POP.DNST,26.3705551594721
ZMB,Zambia,2020,EN.POP.DNST,25.6384872005273
ZMB,Zambia,2019,EN.POP.DNST,24.9046113076582
ZMB,Zambia,2018,EN.POP.DNST,24.1778460834824
ZMB,Zambia,2017,EN.POP.DNST,23.4618706197285
ZMB,Zambia,2016,EN.POP.DNST,22.7530946071376
ZMB,Zambia,2015,EN.POP.DNST,22.0598730141648
ZMB,Zambia,2014,EN.POP.DNST,21.3822018052435
ZMB,Zambia,2013,EN.POP.DNST,20.7145603249976
ZMB,Zambia,2012,EN.POP.DNST,20.0616486635548
ZMB,Zambia,2011,EN.POP.DNST,19.4215633785765
ZMB,Zambia,2010,EN.POP.DNST,18.7863624746096
ZMB,Zambia,2009,EN.POP.DNST,18.1471219682804
ZMB,Zambia,2008,EN.POP.DNST,17.5161409219925
ZMB,Zambia,2007,EN.POP.DNST,16.9024132689436
ZMB,Zambia,2006,EN.POP.DNST,16.3165404431052
ZMB,Zambia,2005,EN.POP.DNST,15.7640256123973
ZWE,Zimbabwe,2023,EN.POP.DNST,42.24071862479
ZWE,Zimbabwe,2022,EN.POP.DNST,41.5382086079876
ZWE,Zimbabwe,2021,EN.POP.DNST,40.8354917926845
ZWE,Zimbabwe,2020,EN.POP.DNST,40.13671448882
ZWE,Zimbabwe,2019,EN.POP.DNST,39.4762000775494
ZWE,Zimbabwe,2018,EN.POP.DNST,38.8637766576192
ZWE,Zimbabwe,2017,EN.POP.DNST,38.2899883675843
ZWE,Zimbabwe,2016,EN.POP.DNST,37.7414863642239
ZWE,Zimbabwe,2015,EN.POP.DNST,37.2211787514541
ZWE,Zimbabwe,2014,EN.POP.DNST,36.7257567532635
ZWE,Zimbabwe,2013,EN.POP.DNST,36.2254310456249
ZWE,Zimbabwe,2012,EN.POP.DNST,35.7189789324027
ZWE,Zimbabwe,2011,EN.POP.DNST,35.1439162466072
ZWE,Zimbabwe,2010,EN.POP.DNST,34.5264262634096
ZWE,Zimbabwe,2009,EN.POP.DNST,33.9738658394727
ZWE,Zimbabwe,2008,EN.POP.DNST,33.4991572961096
ZWE,Zimbabwe,2007,EN.POP.DNST,33.0982499676877
ZWE,Zimbabwe,2006,EN.POP.DNST,32.6649735039421
ZWE,Zimbabwe,2005,EN.POP.DNST,32.2694377665762
