country_code,country_name,year,indicator_code,value
AFE,Africa Eastern and Southern,2024,FM.LBL.BMNY.GD.ZS,50.7085603196814
AFE,Africa Eastern and Southern,2023,FM.LBL.BMNY.GD.ZS,48.0066693900545
AFE,Africa Eastern and Southern,2022,FM.LBL.BMNY.GD.ZS,46.5324321093267
AFE,Africa Eastern and Southern,2021,FM.LBL.BMNY.GD.ZS,48.3717437060937
AFE,Africa Eastern and Southern,2020,FM.LBL.BMNY.GD.ZS,50.3187409165365
AFE,Africa Eastern and Southern,2019,FM.LBL.BMNY.GD.ZS,46.3067573500335
AFE,Africa Eastern and Southern,2018,FM.LBL.BMNY.GD.ZS,45.868677325771
AFE,Africa Eastern and Southern,2017,FM.LBL.BMNY.GD.ZS,44.8067967268994
AFE,Africa Eastern and Southern,2016,FM.LBL.BMNY.GD.ZS,46.1564475525607
AFE,Africa Eastern and Southern,2015,FM.LBL.BMNY.GD.ZS,46.5516840650715
AFE,Africa Eastern and Southern,2014,FM.LBL.BMNY.GD.ZS,44.5674601741985
AFE,Africa Eastern and Southern,2013,FM.LBL.BMNY.GD.ZS,44.5539209493121
AFE,Africa Eastern and Southern,2012,FM.LBL.BMNY.GD.ZS,46.9215182310782
AFE,Africa Eastern and Southern,2011,FM.LBL.BMNY.GD.ZS,48.2016437551545
AFE,Africa Eastern and Southern,2010,FM.LBL.BMNY.GD.ZS,49.0678914528427
AFE,Africa Eastern and Southern,2009,FM.LBL.BMNY.GD.ZS,49.35622112986
AFE,Africa Eastern and Southern,2008,FM.LBL.BMNY.GD.ZS,48.2013532601409
AFE,Africa Eastern and Southern,2007,FM.LBL.BMNY.GD.ZS,48.7214231472266
AFE,Africa Eastern and Southern,2006,FM.LBL.BMNY.GD.ZS,46.4849339480451
AFE,Africa Eastern and Southern,2005,FM.LBL.BMNY.GD.ZS,44.7836757153691
AFW,Africa Western and Central,2023,FM.LBL.BMNY.GD.ZS,28.6596664175777
AFW,Africa Western and Central,2022,FM.LBL.BMNY.GD.ZS,24.2596639475212
AFW,Africa Western and Central,2021,FM.LBL.BMNY.GD.ZS,23.9286012044314
AFW,Africa Western and Central,2020,FM.LBL.BMNY.GD.ZS,22.9560461852018
AFW,Africa Western and Central,2019,FM.LBL.BMNY.GD.ZS,20.4802729075823
AFW,Africa Western and Central,2018,FM.LBL.BMNY.GD.ZS,25.7744241268079
AFW,Africa Western and Central,2017,FM.LBL.BMNY.GD.ZS,25.1996063028258
AFW,Africa Western and Central,2016,FM.LBL.BMNY.GD.ZS,26.7749967175031
AFW,Africa Western and Central,2015,FM.LBL.BMNY.GD.ZS,23.446723243254
AFW,Africa Western and Central,2014,FM.LBL.BMNY.GD.ZS,136.029494125486
AFW,Africa Western and Central,2013,FM.LBL.BMNY.GD.ZS,126.29574660676
AFW,Africa Western and Central,2012,FM.LBL.BMNY.GD.ZS,127.799358552326
AFW,Africa Western and Central,2011,FM.LBL.BMNY.GD.ZS,114.47166668042
AFW,Africa Western and Central,2010,FM.LBL.BMNY.GD.ZS,110.024481828438
AFW,Africa Western and Central,2009,FM.LBL.BMNY.GD.ZS,121.649090072328
AFW,Africa Western and Central,2008,FM.LBL.BMNY.GD.ZS,96.0744611630637
AFW,Africa Western and Central,2007,FM.LBL.BMNY.GD.ZS,90.5609862903622
AFW,Africa Western and Central,2006,FM.LBL.BMNY.GD.ZS,86.0969978855092
AFW,Africa Western and Central,2005,FM.LBL.BMNY.GD.ZS,90.8693899598651
ARB,Arab World,2017,FM.LBL.BMNY.GD.ZS,80.732474244373
ARB,Arab World,2016,FM.LBL.BMNY.GD.ZS,83.7093790420747
ARB,Arab World,2015,FM.LBL.BMNY.GD.ZS,78.6525220828887
ARB,Arab World,2014,FM.LBL.BMNY.GD.ZS,68.3349919706058
ARB,Arab World,2013,FM.LBL.BMNY.GD.ZS,63.9858989407333
ARB,Arab World,2012,FM.LBL.BMNY.GD.ZS,59.5122976848853
ARB,Arab World,2011,FM.LBL.BMNY.GD.ZS,60.678512427578
ARB,Arab World,2010,FM.LBL.BMNY.GD.ZS,65.7441095905454
ARB,Arab World,2009,FM.LBL.BMNY.GD.ZS,71.5869873440151
ARB,Arab World,2008,FM.LBL.BMNY.GD.ZS,56.959231668525
ARB,Arab World,2007,FM.LBL.BMNY.GD.ZS,59.7973273932895
ARB,Arab World,2006,FM.LBL.BMNY.GD.ZS,55.3565969834422
ARB,Arab World,2005,FM.LBL.BMNY.GD.ZS,54.9587866227731
CSS,Caribbean small states,2024,FM.LBL.BMNY.GD.ZS,53.5138367856317
CSS,Caribbean small states,2023,FM.LBL.BMNY.GD.ZS,64.6487192764741
CSS,Caribbean small states,2022,FM.LBL.BMNY.GD.ZS,63.8101858869754
CSS,Caribbean small states,2021,FM.LBL.BMNY.GD.ZS,75.4021197401632
CSS,Caribbean small states,2020,FM.LBL.BMNY.GD.ZS,84.5012074173127
CSS,Caribbean small states,2019,FM.LBL.BMNY.GD.ZS,69.986861949908
CSS,Caribbean small states,2018,FM.LBL.BMNY.GD.ZS,68.6487713731639
CSS,Caribbean small states,2017,FM.LBL.BMNY.GD.ZS,68.7623518985692
CSS,Caribbean small states,2016,FM.LBL.BMNY.GD.ZS,71.1397580473675
CSS,Caribbean small states,2015,FM.LBL.BMNY.GD.ZS,65.6457042799791
CSS,Caribbean small states,2014,FM.LBL.BMNY.GD.ZS,62.0606581435911
CSS,Caribbean small states,2013,FM.LBL.BMNY.GD.ZS,60.8966070489653
CSS,Caribbean small states,2012,FM.LBL.BMNY.GD.ZS,60.7008093252897
CSS,Caribbean small states,2011,FM.LBL.BMNY.GD.ZS,55.0809117042779
CSS,Caribbean small states,2010,FM.LBL.BMNY.GD.ZS,58.1404618295516
CSS,Caribbean small states,2009,FM.LBL.BMNY.GD.ZS,67.0766564089765
CSS,Caribbean small states,2008,FM.LBL.BMNY.GD.ZS,52.1816093663826
CSS,Caribbean small states,2007,FM.LBL.BMNY.GD.ZS,54.9836483875395
CSS,Caribbean small states,2006,FM.LBL.BMNY.GD.ZS,54.3161100624313
CSS,Caribbean small states,2005,FM.LBL.BMNY.GD.ZS,55.861215808238
CEB,Central Europe and the Baltics,2024,FM.LBL.BMNY.GD.ZS,66.1556730551128
CEB,Central Europe and the Baltics,2023,FM.LBL.BMNY.GD.ZS,65.4366156364992
CEB,Central Europe and the Baltics,2022,FM.LBL.BMNY.GD.ZS,66.9403776007307
CEB,Central Europe and the Baltics,2021,FM.LBL.BMNY.GD.ZS,72.7852245615276
CEB,Central Europe and the Baltics,2020,FM.LBL.BMNY.GD.ZS,73.5997792140471
CEB,Central Europe and the Baltics,2019,FM.LBL.BMNY.GD.ZS,64.7678847444401
CEB,Central Europe and the Baltics,2018,FM.LBL.BMNY.GD.ZS,64.9775586322174
CEB,Central Europe and the Baltics,2017,FM.LBL.BMNY.GD.ZS,64.5573345776985
CEB,Central Europe and the Baltics,2016,FM.LBL.BMNY.GD.ZS,64.9873337849056
CEB,Central Europe and the Baltics,2015,FM.LBL.BMNY.GD.ZS,62.2589809892982
CEB,Central Europe and the Baltics,2014,FM.LBL.BMNY.GD.ZS,60.9135829540172
CEB,Central Europe and the Baltics,2013,FM.LBL.BMNY.GD.ZS,60.2666872502521
CEB,Central Europe and the Baltics,2012,FM.LBL.BMNY.GD.ZS,57.4311609769207
CEB,Central Europe and the Baltics,2011,FM.LBL.BMNY.GD.ZS,57.1206296353488
CEB,Central Europe and the Baltics,2010,FM.LBL.BMNY.GD.ZS,55.9376696883909
CEB,Central Europe and the Baltics,2009,FM.LBL.BMNY.GD.ZS,54.5632999061446
CEB,Central Europe and the Baltics,2008,FM.LBL.BMNY.GD.ZS,52.3721445197541
CEB,Central Europe and the Baltics,2007,FM.LBL.BMNY.GD.ZS,49.8302196578916
CEB,Central Europe and the Baltics,2006,FM.LBL.BMNY.GD.ZS,47.9420712183862
CEB,Central Europe and the Baltics,2005,FM.LBL.BMNY.GD.ZS,45.7138311896836
EAR,Early-demographic dividend,2021,FM.LBL.BMNY.GD.ZS,66.5932012347866
EAR,Early-demographic dividend,2020,FM.LBL.BMNY.GD.ZS,68.9290131753531
EAR,Early-demographic dividend,2019,FM.LBL.BMNY.GD.ZS,58.8366599404277
EAR,Early-demographic dividend,2018,FM.LBL.BMNY.GD.ZS,57.2406579519677
EAR,Early-demographic dividend,2017,FM.LBL.BMNY.GD.ZS,57.8498873577929
EAR,Early-demographic dividend,2016,FM.LBL.BMNY.GD.ZS,59.7810762113442
EAR,Early-demographic dividend,2015,FM.LBL.BMNY.GD.ZS,58.4499015469817
EAR,Early-demographic dividend,2014,FM.LBL.BMNY.GD.ZS,55.6732589723066
EAR,Early-demographic dividend,2013,FM.LBL.BMNY.GD.ZS,53.5129000990726
EAR,Early-demographic dividend,2012,FM.LBL.BMNY.GD.ZS,52.1590404072842
EAR,Early-demographic dividend,2011,FM.LBL.BMNY.GD.ZS,51.7706259206863
EAR,Early-demographic dividend,2010,FM.LBL.BMNY.GD.ZS,52.6626174667003
EAR,Early-demographic dividend,2009,FM.LBL.BMNY.GD.ZS,54.0211821138769
EAR,Early-demographic dividend,2008,FM.LBL.BMNY.GD.ZS,48.8617084876709
EAR,Early-demographic dividend,2007,FM.LBL.BMNY.GD.ZS,49.011710684388
EAR,Early-demographic dividend,2006,FM.LBL.BMNY.GD.ZS,47.1425876270132
EAR,Early-demographic dividend,2005,FM.LBL.BMNY.GD.ZS,45.5999009517138
EAS,East Asia & Pacific,2024,FM.LBL.BMNY.GD.ZS,211.545515329558
EAS,East Asia & Pacific,2023,FM.LBL.BMNY.GD.ZS,209.161705569498
EAS,East Asia & Pacific,2022,FM.LBL.BMNY.GD.ZS,202.783789864693
EAS,East Asia & Pacific,2021,FM.LBL.BMNY.GD.ZS,198.694383040604
EAS,East Asia & Pacific,2020,FM.LBL.BMNY.GD.ZS,203.466129129331
EAS,East Asia & Pacific,2019,FM.LBL.BMNY.GD.ZS,186.0444007635
EAS,East Asia & Pacific,2018,FM.LBL.BMNY.GD.ZS,182.71297000252
EAS,East Asia & Pacific,2017,FM.LBL.BMNY.GD.ZS,185.397461117712
EAS,East Asia & Pacific,2016,FM.LBL.BMNY.GD.ZS,188.458604086213
EAS,East Asia & Pacific,2015,FM.LBL.BMNY.GD.ZS,182.554433263207
EAS,East Asia & Pacific,2014,FM.LBL.BMNY.GD.ZS,176.608770571127
EAS,East Asia & Pacific,2013,FM.LBL.BMNY.GD.ZS,174.002662098245
EAS,East Asia & Pacific,2012,FM.LBL.BMNY.GD.ZS,173.315046143715
EAS,East Asia & Pacific,2011,FM.LBL.BMNY.GD.ZS,170.107239021369
EAS,East Asia & Pacific,2010,FM.LBL.BMNY.GD.ZS,167.512395195554
EAS,East Asia & Pacific,2009,FM.LBL.BMNY.GD.ZS,170.786935244069
EAS,East Asia & Pacific,2008,FM.LBL.BMNY.GD.ZS,152.741767237524
EAS,East Asia & Pacific,2007,FM.LBL.BMNY.GD.ZS,150.221573634695
EAS,East Asia & Pacific,2006,FM.LBL.BMNY.GD.ZS,154.159273169798
EAS,East Asia & Pacific,2005,FM.LBL.BMNY.GD.ZS,155.411942347646
EAP,East Asia & Pacific (excluding high income),2024,FM.LBL.BMNY.GD.ZS,210.61369576287
EAP,East Asia & Pacific (excluding high income),2023,FM.LBL.BMNY.GD.ZS,205.669835248591
EAP,East Asia & Pacific (excluding high income),2022,FM.LBL.BMNY.GD.ZS,194.006930946376
EAP,East Asia & Pacific (excluding high income),2021,FM.LBL.BMNY.GD.ZS,185.236849263732
EAP,East Asia & Pacific (excluding high income),2020,FM.LBL.BMNY.GD.ZS,190.033940932392
EAP,East Asia & Pacific (excluding high income),2019,FM.LBL.BMNY.GD.ZS,175.381095577612
EAP,East Asia & Pacific (excluding high income),2018,FM.LBL.BMNY.GD.ZS,173.791028700473
EAP,East Asia & Pacific (excluding high income),2017,FM.LBL.BMNY.GD.ZS,177.905283744292
EAP,East Asia & Pacific (excluding high income),2016,FM.LBL.BMNY.GD.ZS,182.637430475487
EAP,East Asia & Pacific (excluding high income),2015,FM.LBL.BMNY.GD.ZS,178.676170804499
EAP,East Asia & Pacific (excluding high income),2014,FM.LBL.BMNY.GD.ZS,168.215655149404
EAP,East Asia & Pacific (excluding high income),2013,FM.LBL.BMNY.GD.ZS,163.327327989796
EAP,East Asia & Pacific (excluding high income),2012,FM.LBL.BMNY.GD.ZS,156.735223781692
EAP,East Asia & Pacific (excluding high income),2011,FM.LBL.BMNY.GD.ZS,150.291789792679
EAP,East Asia & Pacific (excluding high income),2010,FM.LBL.BMNY.GD.ZS,149.809624584012
EAP,East Asia & Pacific (excluding high income),2009,FM.LBL.BMNY.GD.ZS,151.672741949959
EAP,East Asia & Pacific (excluding high income),2008,FM.LBL.BMNY.GD.ZS,129.230167692451
EAP,East Asia & Pacific (excluding high income),2007,FM.LBL.BMNY.GD.ZS,129.155042243833
EAP,East Asia & Pacific (excluding high income),2006,FM.LBL.BMNY.GD.ZS,133.948859754845
EAP,East Asia & Pacific (excluding high income),2005,FM.LBL.BMNY.GD.ZS,129.489755794341
TEA,East Asia & Pacific (IDA & IBRD countries),2024,FM.LBL.BMNY.GD.ZS,210.61369576287
TEA,East Asia & Pacific (IDA & IBRD countries),2023,FM.LBL.BMNY.GD.ZS,205.669835248591
TEA,East Asia & Pacific (IDA & IBRD countries),2022,FM.LBL.BMNY.GD.ZS,194.006930946376
TEA,East Asia & Pacific (IDA & IBRD countries),2021,FM.LBL.BMNY.GD.ZS,185.236849263732
TEA,East Asia & Pacific (IDA & IBRD countries),2020,FM.LBL.BMNY.GD.ZS,190.033940932392
TEA,East Asia & Pacific (IDA & IBRD countries),2019,FM.LBL.BMNY.GD.ZS,175.381095577612
TEA,East Asia & Pacific (IDA & IBRD countries),2018,FM.LBL.BMNY.GD.ZS,173.791028700472
TEA,East Asia & Pacific (IDA & IBRD countries),2017,FM.LBL.BMNY.GD.ZS,177.905283744292
TEA,East Asia & Pacific (IDA & IBRD countries),2016,FM.LBL.BMNY.GD.ZS,182.637430475487
TEA,East Asia & Pacific (IDA & IBRD countries),2015,FM.LBL.BMNY.GD.ZS,178.676170804499
TEA,East Asia & Pacific (IDA & IBRD countries),2014,FM.LBL.BMNY.GD.ZS,168.215655149404
TEA,East Asia & Pacific (IDA & IBRD countries),2013,FM.LBL.BMNY.GD.ZS,163.327327989796
TEA,East Asia & Pacific (IDA & IBRD countries),2012,FM.LBL.BMNY.GD.ZS,156.735223781692
TEA,East Asia & Pacific (IDA & IBRD countries),2011,FM.LBL.BMNY.GD.ZS,150.291789792678
TEA,East Asia & Pacific (IDA & IBRD countries),2010,FM.LBL.BMNY.GD.ZS,149.809624584012
TEA,East Asia & Pacific (IDA & IBRD countries),2009,FM.LBL.BMNY.GD.ZS,151.672741949959
TEA,East Asia & Pacific (IDA & IBRD countries),2008,FM.LBL.BMNY.GD.ZS,129.230167692451
TEA,East Asia & Pacific (IDA & IBRD countries),2007,FM.LBL.BMNY.GD.ZS,129.155042243833
TEA,East Asia & Pacific (IDA & IBRD countries),2006,FM.LBL.BMNY.GD.ZS,133.948859754845
TEA,East Asia & Pacific (IDA & IBRD countries),2005,FM.LBL.BMNY.GD.ZS,129.489755794341
ECA,Europe & Central Asia (excluding high income),2025,FM.LBL.BMNY.GD.ZS,40.6027826708932
ECA,Europe & Central Asia (excluding high income),2024,FM.LBL.BMNY.GD.ZS,42.5047251668215
ECA,Europe & Central Asia (excluding high income),2023,FM.LBL.BMNY.GD.ZS,47.0945332641484
ECA,Europe & Central Asia (excluding high income),2022,FM.LBL.BMNY.GD.ZS,48.0603825513918
ECA,Europe & Central Asia (excluding high income),2021,FM.LBL.BMNY.GD.ZS,55.3811452384963
ECA,Europe & Central Asia (excluding high income),2020,FM.LBL.BMNY.GD.ZS,54.7367492046137
ECA,Europe & Central Asia (excluding high income),2019,FM.LBL.BMNY.GD.ZS,47.8161938765475
ECA,Europe & Central Asia (excluding high income),2018,FM.LBL.BMNY.GD.ZS,45.6410191290419
ECA,Europe & Central Asia (excluding high income),2017,FM.LBL.BMNY.GD.ZS,47.417431851253
ECA,Europe & Central Asia (excluding high income),2016,FM.LBL.BMNY.GD.ZS,49.1404300078135
ECA,Europe & Central Asia (excluding high income),2015,FM.LBL.BMNY.GD.ZS,47.0802797893674
ECA,Europe & Central Asia (excluding high income),2014,FM.LBL.BMNY.GD.ZS,45.5784551103125
ECA,Europe & Central Asia (excluding high income),2013,FM.LBL.BMNY.GD.ZS,46.215969868258
ECA,Europe & Central Asia (excluding high income),2012,FM.LBL.BMNY.GD.ZS,45.6267086472168
ECA,Europe & Central Asia (excluding high income),2011,FM.LBL.BMNY.GD.ZS,45.9721064264407
ECA,Europe & Central Asia (excluding high income),2010,FM.LBL.BMNY.GD.ZS,48.0332645582177
ECA,Europe & Central Asia (excluding high income),2009,FM.LBL.BMNY.GD.ZS,47.3700240824823
ECA,Europe & Central Asia (excluding high income),2008,FM.LBL.BMNY.GD.ZS,43.3235228156253
ECA,Europe & Central Asia (excluding high income),2007,FM.LBL.BMNY.GD.ZS,41.1674216075817
ECA,Europe & Central Asia (excluding high income),2006,FM.LBL.BMNY.GD.ZS,38.9439110929366
ECA,Europe & Central Asia (excluding high income),2005,FM.LBL.BMNY.GD.ZS,36.3931993349134
TEC,Europe & Central Asia (IDA & IBRD countries),2020,FM.LBL.BMNY.GD.ZS,64.3428068286198
TEC,Europe & Central Asia (IDA & IBRD countries),2019,FM.LBL.BMNY.GD.ZS,55.4740235711277
TEC,Europe & Central Asia (IDA & IBRD countries),2018,FM.LBL.BMNY.GD.ZS,54.7605337403961
TEC,Europe & Central Asia (IDA & IBRD countries),2017,FM.LBL.BMNY.GD.ZS,55.1987280896002
TEC,Europe & Central Asia (IDA & IBRD countries),2016,FM.LBL.BMNY.GD.ZS,55.7240193092706
TEC,Europe & Central Asia (IDA & IBRD countries),2015,FM.LBL.BMNY.GD.ZS,55.1514433923647
TEC,Europe & Central Asia (IDA & IBRD countries),2014,FM.LBL.BMNY.GD.ZS,51.6160026424173
TEC,Europe & Central Asia (IDA & IBRD countries),2013,FM.LBL.BMNY.GD.ZS,50.1287533783555
TEC,Europe & Central Asia (IDA & IBRD countries),2012,FM.LBL.BMNY.GD.ZS,47.6380778188303
TEC,Europe & Central Asia (IDA & IBRD countries),2011,FM.LBL.BMNY.GD.ZS,47.8287402888478
TEC,Europe & Central Asia (IDA & IBRD countries),2010,FM.LBL.BMNY.GD.ZS,50.1338032295918
TEC,Europe & Central Asia (IDA & IBRD countries),2009,FM.LBL.BMNY.GD.ZS,48.5220192929968
TEC,Europe & Central Asia (IDA & IBRD countries),2008,FM.LBL.BMNY.GD.ZS,42.4867012171107
TEC,Europe & Central Asia (IDA & IBRD countries),2007,FM.LBL.BMNY.GD.ZS,42.7766126096943
TEC,Europe & Central Asia (IDA & IBRD countries),2006,FM.LBL.BMNY.GD.ZS,39.3993024224429
TEC,Europe & Central Asia (IDA & IBRD countries),2005,FM.LBL.BMNY.GD.ZS,36.3883872231681
HPC,Heavily indebted poor countries (HIPC),2021,FM.LBL.BMNY.GD.ZS,34.2886449054223
HPC,Heavily indebted poor countries (HIPC),2020,FM.LBL.BMNY.GD.ZS,33.7185029640237
HPC,Heavily indebted poor countries (HIPC),2019,FM.LBL.BMNY.GD.ZS,31.6895531032767
HPC,Heavily indebted poor countries (HIPC),2018,FM.LBL.BMNY.GD.ZS,30.3037434304358
HPC,Heavily indebted poor countries (HIPC),2017,FM.LBL.BMNY.GD.ZS,30.0538674019378
HPC,Heavily indebted poor countries (HIPC),2016,FM.LBL.BMNY.GD.ZS,29.8655151431647
HPC,Heavily indebted poor countries (HIPC),2015,FM.LBL.BMNY.GD.ZS,29.517993026844
HPC,Heavily indebted poor countries (HIPC),2014,FM.LBL.BMNY.GD.ZS,186.741164830884
HPC,Heavily indebted poor countries (HIPC),2013,FM.LBL.BMNY.GD.ZS,167.03460978756
HPC,Heavily indebted poor countries (HIPC),2012,FM.LBL.BMNY.GD.ZS,169.188806458046
HPC,Heavily indebted poor countries (HIPC),2011,FM.LBL.BMNY.GD.ZS,144.391272002979
HPC,Heavily indebted poor countries (HIPC),2010,FM.LBL.BMNY.GD.ZS,135.815644500957
HPC,Heavily indebted poor countries (HIPC),2009,FM.LBL.BMNY.GD.ZS,139.582419543509
HPC,Heavily indebted poor countries (HIPC),2008,FM.LBL.BMNY.GD.ZS,112.997509195388
HPC,Heavily indebted poor countries (HIPC),2007,FM.LBL.BMNY.GD.ZS,107.328285243508
HPC,Heavily indebted poor countries (HIPC),2006,FM.LBL.BMNY.GD.ZS,108.902629944016
HPC,Heavily indebted poor countries (HIPC),2005,FM.LBL.BMNY.GD.ZS,109.217721020426
,High income,2020,FM.LBL.BMNY.GD.ZS,138.402735754087
,High income,2019,FM.LBL.BMNY.GD.ZS,119.025041451962
,High income,2018,FM.LBL.BMNY.GD.ZS,116.41494908243
,High income,2017,FM.LBL.BMNY.GD.ZS,115.984279111346
,High income,2016,FM.LBL.BMNY.GD.ZS,117.597480890886
,High income,2015,FM.LBL.BMNY.GD.ZS,113.735705059525
,High income,2014,FM.LBL.BMNY.GD.ZS,113.131873329475
,High income,2013,FM.LBL.BMNY.GD.ZS,113.169347183859
,High income,2012,FM.LBL.BMNY.GD.ZS,115.644534665442
,High income,2011,FM.LBL.BMNY.GD.ZS,115.218243401454
,High income,2010,FM.LBL.BMNY.GD.ZS,114.011127264674
,High income,2009,FM.LBL.BMNY.GD.ZS,117.259537090523
,High income,2008,FM.LBL.BMNY.GD.ZS,107.691616802394
,High income,2007,FM.LBL.BMNY.GD.ZS,102.782375890639
,High income,2006,FM.LBL.BMNY.GD.ZS,102.003274432204
,High income,2005,FM.LBL.BMNY.GD.ZS,101.466330101266
IBD,IBRD only,2024,FM.LBL.BMNY.GD.ZS,159.667131377665
IBD,IBRD only,2023,FM.LBL.BMNY.GD.ZS,157.478538899564
IBD,IBRD only,2022,FM.LBL.BMNY.GD.ZS,152.881056760259
IBD,IBRD only,2021,FM.LBL.BMNY.GD.ZS,143.334118765505
IBD,IBRD only,2020,FM.LBL.BMNY.GD.ZS,143.615980205185
IBD,IBRD only,2019,FM.LBL.BMNY.GD.ZS,127.505625147998
IBD,IBRD only,2018,FM.LBL.BMNY.GD.ZS,125.317793831263
IBD,IBRD only,2017,FM.LBL.BMNY.GD.ZS,125.628636176129
IBD,IBRD only,2016,FM.LBL.BMNY.GD.ZS,128.531557783101
IBD,IBRD only,2015,FM.LBL.BMNY.GD.ZS,124.601271073791
IBD,IBRD only,2014,FM.LBL.BMNY.GD.ZS,112.110575613807
IBD,IBRD only,2013,FM.LBL.BMNY.GD.ZS,105.800005343656
IBD,IBRD only,2012,FM.LBL.BMNY.GD.ZS,99.8393472228622
IBD,IBRD only,2011,FM.LBL.BMNY.GD.ZS,95.1999322273808
IBD,IBRD only,2010,FM.LBL.BMNY.GD.ZS,94.0647987370168
IBD,IBRD only,2009,FM.LBL.BMNY.GD.ZS,94.8796075113351
IBD,IBRD only,2008,FM.LBL.BMNY.GD.ZS,78.8424826028963
IBD,IBRD only,2007,FM.LBL.BMNY.GD.ZS,77.3471626732126
IBD,IBRD only,2006,FM.LBL.BMNY.GD.ZS,76.1964813194064
IBD,IBRD only,2005,FM.LBL.BMNY.GD.ZS,72.8253061007473
IBT,IDA & IBRD total,2024,FM.LBL.BMNY.GD.ZS,153.502087061595
IBT,IDA & IBRD total,2023,FM.LBL.BMNY.GD.ZS,149.415061331043
IBT,IDA & IBRD total,2022,FM.LBL.BMNY.GD.ZS,144.395663049352
IBT,IDA & IBRD total,2021,FM.LBL.BMNY.GD.ZS,136.281609104818
IBT,IDA & IBRD total,2020,FM.LBL.BMNY.GD.ZS,136.108481348854
IBT,IDA & IBRD total,2019,FM.LBL.BMNY.GD.ZS,120.629710594659
IBT,IDA & IBRD total,2018,FM.LBL.BMNY.GD.ZS,119.275431461557
IBT,IDA & IBRD total,2017,FM.LBL.BMNY.GD.ZS,119.495921993272
IBT,IDA & IBRD total,2016,FM.LBL.BMNY.GD.ZS,121.967479382444
IBT,IDA & IBRD total,2015,FM.LBL.BMNY.GD.ZS,118.075290065198
IBT,IDA & IBRD total,2014,FM.LBL.BMNY.GD.ZS,109.941808483567
IBT,IDA & IBRD total,2013,FM.LBL.BMNY.GD.ZS,103.742263382925
IBT,IDA & IBRD total,2012,FM.LBL.BMNY.GD.ZS,98.4617467384379
IBT,IDA & IBRD total,2011,FM.LBL.BMNY.GD.ZS,93.5504311729385
IBT,IDA & IBRD total,2010,FM.LBL.BMNY.GD.ZS,92.3147720109884
IBT,IDA & IBRD total,2009,FM.LBL.BMNY.GD.ZS,93.2490444726147
IBT,IDA & IBRD total,2008,FM.LBL.BMNY.GD.ZS,77.6673063991067
IBT,IDA & IBRD total,2007,FM.LBL.BMNY.GD.ZS,76.1184117016277
IBT,IDA & IBRD total,2006,FM.LBL.BMNY.GD.ZS,74.850149661234
IBT,IDA & IBRD total,2005,FM.LBL.BMNY.GD.ZS,71.6900108915972
IDB,IDA blend,2024,FM.LBL.BMNY.GD.ZS,33.4329618702483
IDB,IDA blend,2023,FM.LBL.BMNY.GD.ZS,31.637365078392
IDB,IDA blend,2022,FM.LBL.BMNY.GD.ZS,29.2286207663314
IDB,IDA blend,2021,FM.LBL.BMNY.GD.ZS,30.7264125334703
IDB,IDA blend,2020,FM.LBL.BMNY.GD.ZS,30.955261107728
IDB,IDA blend,2019,FM.LBL.BMNY.GD.ZS,28.4014386093869
IDB,IDA blend,2018,FM.LBL.BMNY.GD.ZS,34.7865100152928
IDB,IDA blend,2017,FM.LBL.BMNY.GD.ZS,34.4308065735693
IDB,IDA blend,2016,FM.LBL.BMNY.GD.ZS,35.1805627205661
IDB,IDA blend,2015,FM.LBL.BMNY.GD.ZS,31.3319740451971
IDB,IDA blend,2014,FM.LBL.BMNY.GD.ZS,29.8658337792114
IDB,IDA blend,2013,FM.LBL.BMNY.GD.ZS,31.1873823885785
IDB,IDA blend,2012,FM.LBL.BMNY.GD.ZS,32.2057655358199
IDB,IDA blend,2011,FM.LBL.BMNY.GD.ZS,30.5571144710812
IDB,IDA blend,2010,FM.LBL.BMNY.GD.ZS,30.2599594971503
IDB,IDA blend,2009,FM.LBL.BMNY.GD.ZS,32.1388543347459
IDB,IDA blend,2008,FM.LBL.BMNY.GD.ZS,31.2500077410478
IDB,IDA blend,2007,FM.LBL.BMNY.GD.ZS,30.5236166561132
IDB,IDA blend,2006,FM.LBL.BMNY.GD.ZS,26.2599273065005
IDB,IDA blend,2005,FM.LBL.BMNY.GD.ZS,24.0287441208523
IDX,IDA only,2023,FM.LBL.BMNY.GD.ZS,47.0861176968013
IDX,IDA only,2022,FM.LBL.BMNY.GD.ZS,48.3107922481389
IDX,IDA only,2021,FM.LBL.BMNY.GD.ZS,47.5422199093457
IDX,IDA only,2020,FM.LBL.BMNY.GD.ZS,48.5288849605127
IDX,IDA only,2019,FM.LBL.BMNY.GD.ZS,44.4943781055028
IDX,IDA only,2018,FM.LBL.BMNY.GD.ZS,43.1896052072447
IDX,IDA only,2017,FM.LBL.BMNY.GD.ZS,42.5197217889355
IDX,IDA only,2016,FM.LBL.BMNY.GD.ZS,41.2465635282145
IDX,IDA only,2015,FM.LBL.BMNY.GD.ZS,40.7507995522198
IDX,IDA only,2014,FM.LBL.BMNY.GD.ZS,147.911294656389
IDX,IDA only,2013,FM.LBL.BMNY.GD.ZS,129.594356272959
IDX,IDA only,2012,FM.LBL.BMNY.GD.ZS,129.901427361271
IDX,IDA only,2011,FM.LBL.BMNY.GD.ZS,108.339118938171
IDX,IDA only,2010,FM.LBL.BMNY.GD.ZS,105.480723599535
IDX,IDA only,2009,FM.LBL.BMNY.GD.ZS,111.057905546828
IDX,IDA only,2008,FM.LBL.BMNY.GD.ZS,94.5616431064552
IDX,IDA only,2007,FM.LBL.BMNY.GD.ZS,92.3685108702863
IDX,IDA only,2006,FM.LBL.BMNY.GD.ZS,94.1976757854671
IDX,IDA only,2005,FM.LBL.BMNY.GD.ZS,93.7416093168703
IDA,IDA total,2023,FM.LBL.BMNY.GD.ZS,39.0679818094532
IDA,IDA total,2022,FM.LBL.BMNY.GD.ZS,37.7437722476514
IDA,IDA total,2021,FM.LBL.BMNY.GD.ZS,38.4393565213299
IDA,IDA total,2020,FM.LBL.BMNY.GD.ZS,39.3946299259689
IDA,IDA total,2019,FM.LBL.BMNY.GD.ZS,36.0035654234731
IDA,IDA total,2018,FM.LBL.BMNY.GD.ZS,38.9923764539912
IDA,IDA total,2017,FM.LBL.BMNY.GD.ZS,38.4554026129755
IDA,IDA total,2016,FM.LBL.BMNY.GD.ZS,38.1094450163867
IDA,IDA total,2015,FM.LBL.BMNY.GD.ZS,35.5735271392821
IDA,IDA total,2014,FM.LBL.BMNY.GD.ZS,81.8751328796279
IDA,IDA total,2013,FM.LBL.BMNY.GD.ZS,76.2542814530333
IDA,IDA total,2012,FM.LBL.BMNY.GD.ZS,78.3480353939568
IDA,IDA total,2011,FM.LBL.BMNY.GD.ZS,70.4374612903599
IDA,IDA total,2010,FM.LBL.BMNY.GD.ZS,68.848903115234
IDA,IDA total,2009,FM.LBL.BMNY.GD.ZS,72.5401997273296
IDA,IDA total,2008,FM.LBL.BMNY.GD.ZS,62.9765945937645
IDA,IDA total,2007,FM.LBL.BMNY.GD.ZS,60.8095590299546
IDA,IDA total,2006,FM.LBL.BMNY.GD.ZS,59.0216453346876
IDA,IDA total,2005,FM.LBL.BMNY.GD.ZS,58.2180661764316
LTE,Late-demographic dividend,2024,FM.LBL.BMNY.GD.ZS,189.671265988012
LTE,Late-demographic dividend,2023,FM.LBL.BMNY.GD.ZS,185.821368684109
LTE,Late-demographic dividend,2022,FM.LBL.BMNY.GD.ZS,179.146884581995
LTE,Late-demographic dividend,2021,FM.LBL.BMNY.GD.ZS,173.426540154952
LTE,Late-demographic dividend,2020,FM.LBL.BMNY.GD.ZS,171.759848432967
LTE,Late-demographic dividend,2019,FM.LBL.BMNY.GD.ZS,154.249718601346
LTE,Late-demographic dividend,2018,FM.LBL.BMNY.GD.ZS,151.417573464769
LTE,Late-demographic dividend,2017,FM.LBL.BMNY.GD.ZS,153.670643541947
LTE,Late-demographic dividend,2016,FM.LBL.BMNY.GD.ZS,158.855687759849
LTE,Late-demographic dividend,2015,FM.LBL.BMNY.GD.ZS,153.421624438488
LTE,Late-demographic dividend,2014,FM.LBL.BMNY.GD.ZS,135.843334906707
LTE,Late-demographic dividend,2013,FM.LBL.BMNY.GD.ZS,128.969698742683
LTE,Late-demographic dividend,2012,FM.LBL.BMNY.GD.ZS,122.726841619402
LTE,Late-demographic dividend,2011,FM.LBL.BMNY.GD.ZS,116.636217123976
LTE,Late-demographic dividend,2010,FM.LBL.BMNY.GD.ZS,117.106482496318
LTE,Late-demographic dividend,2009,FM.LBL.BMNY.GD.ZS,118.089826820933
LTE,Late-demographic dividend,2008,FM.LBL.BMNY.GD.ZS,95.7206208785268
LTE,Late-demographic dividend,2007,FM.LBL.BMNY.GD.ZS,95.5958921801116
LTE,Late-demographic dividend,2006,FM.LBL.BMNY.GD.ZS,96.1953864461019
LTE,Late-demographic dividend,2005,FM.LBL.BMNY.GD.ZS,92.8073430797501
LCN,Latin America & Caribbean,2025,FM.LBL.BMNY.GD.ZS,72.6587280615993
LCN,Latin America & Caribbean,2024,FM.LBL.BMNY.GD.ZS,71.1785101134321
LCN,Latin America & Caribbean,2023,FM.LBL.BMNY.GD.ZS,69.5460739175172
LCN,Latin America & Caribbean,2022,FM.LBL.BMNY.GD.ZS,66.7952633856046
LCN,Latin America & Caribbean,2021,FM.LBL.BMNY.GD.ZS,67.8311417397279
LCN,Latin America & Caribbean,2020,FM.LBL.BMNY.GD.ZS,71.7922706834113
LCN,Latin America & Caribbean,2019,FM.LBL.BMNY.GD.ZS,62.4158581549475
LCN,Latin America & Caribbean,2018,FM.LBL.BMNY.GD.ZS,61.2942239269212
LCN,Latin America & Caribbean,2017,FM.LBL.BMNY.GD.ZS,62.4201404612504
LCN,Latin America & Caribbean,2016,FM.LBL.BMNY.GD.ZS,62.5149288086885
LCN,Latin America & Caribbean,2015,FM.LBL.BMNY.GD.ZS,59.1548419917695
LCN,Latin America & Caribbean,2014,FM.LBL.BMNY.GD.ZS,58.2672197940807
LCN,Latin America & Caribbean,2013,FM.LBL.BMNY.GD.ZS,56.2284488515696
LCN,Latin America & Caribbean,2012,FM.LBL.BMNY.GD.ZS,55.3477597526705
LCN,Latin America & Caribbean,2011,FM.LBL.BMNY.GD.ZS,54.1739560271623
LCN,Latin America & Caribbean,2010,FM.LBL.BMNY.GD.ZS,51.8097332100935
LCN,Latin America & Caribbean,2009,FM.LBL.BMNY.GD.ZS,51.9931737952128
LCN,Latin America & Caribbean,2008,FM.LBL.BMNY.GD.ZS,47.3600285222099
LCN,Latin America & Caribbean,2007,FM.LBL.BMNY.GD.ZS,46.4247580844495
LCN,Latin America & Caribbean,2006,FM.LBL.BMNY.GD.ZS,43.0688224393674
LCN,Latin America & Caribbean,2005,FM.LBL.BMNY.GD.ZS,41.2158234683568
LAC,Latin America & Caribbean (excluding high income),2025,FM.LBL.BMNY.GD.ZS,73.5576564712938
LAC,Latin America & Caribbean (excluding high income),2024,FM.LBL.BMNY.GD.ZS,71.7400342864496
LAC,Latin America & Caribbean (excluding high income),2023,FM.LBL.BMNY.GD.ZS,69.3081928841145
LAC,Latin America & Caribbean (excluding high income),2022,FM.LBL.BMNY.GD.ZS,66.0569786248939
LAC,Latin America & Caribbean (excluding high income),2021,FM.LBL.BMNY.GD.ZS,66.2535806314607
LAC,Latin America & Caribbean (excluding high income),2020,FM.LBL.BMNY.GD.ZS,70.6593183737675
LAC,Latin America & Caribbean (excluding high income),2019,FM.LBL.BMNY.GD.ZS,61.4346836304723
LAC,Latin America & Caribbean (excluding high income),2018,FM.LBL.BMNY.GD.ZS,60.612319858885
LAC,Latin America & Caribbean (excluding high income),2017,FM.LBL.BMNY.GD.ZS,61.8658943087415
LAC,Latin America & Caribbean (excluding high income),2016,FM.LBL.BMNY.GD.ZS,61.6232821735527
LAC,Latin America & Caribbean (excluding high income),2015,FM.LBL.BMNY.GD.ZS,57.9508608604334
LAC,Latin America & Caribbean (excluding high income),2014,FM.LBL.BMNY.GD.ZS,57.2514986723506
LAC,Latin America & Caribbean (excluding high income),2013,FM.LBL.BMNY.GD.ZS,55.1050245398158
LAC,Latin America & Caribbean (excluding high income),2012,FM.LBL.BMNY.GD.ZS,54.4216849108663
LAC,Latin America & Caribbean (excluding high income),2011,FM.LBL.BMNY.GD.ZS,53.3646014239033
LAC,Latin America & Caribbean (excluding high income),2010,FM.LBL.BMNY.GD.ZS,51.1695642921516
LAC,Latin America & Caribbean (excluding high income),2009,FM.LBL.BMNY.GD.ZS,51.019741230204
LAC,Latin America & Caribbean (excluding high income),2008,FM.LBL.BMNY.GD.ZS,45.7960993252189
LAC,Latin America & Caribbean (excluding high income),2007,FM.LBL.BMNY.GD.ZS,44.4727236528923
LAC,Latin America & Caribbean (excluding high income),2006,FM.LBL.BMNY.GD.ZS,40.9789164309918
LAC,Latin America & Caribbean (excluding high income),2005,FM.LBL.BMNY.GD.ZS,39.0957920692946
TLA,Latin America & the Caribbean (IDA & IBRD countries),2025,FM.LBL.BMNY.GD.ZS,72.6587280615993
TLA,Latin America & the Caribbean (IDA & IBRD countries),2024,FM.LBL.BMNY.GD.ZS,71.1785101134321
TLA,Latin America & the Caribbean (IDA & IBRD countries),2023,FM.LBL.BMNY.GD.ZS,69.5376421542068
TLA,Latin America & the Caribbean (IDA & IBRD countries),2022,FM.LBL.BMNY.GD.ZS,66.7750835695707
TLA,Latin America & the Caribbean (IDA & IBRD countries),2021,FM.LBL.BMNY.GD.ZS,67.7989107609141
TLA,Latin America & the Caribbean (IDA & IBRD countries),2020,FM.LBL.BMNY.GD.ZS,71.7491951492306
TLA,Latin America & the Caribbean (IDA & IBRD countries),2019,FM.LBL.BMNY.GD.ZS,62.4045994737863
TLA,Latin America & the Caribbean (IDA & IBRD countries),2018,FM.LBL.BMNY.GD.ZS,61.2909043751884
TLA,Latin America & the Caribbean (IDA & IBRD countries),2017,FM.LBL.BMNY.GD.ZS,62.4167049444864
TLA,Latin America & the Caribbean (IDA & IBRD countries),2016,FM.LBL.BMNY.GD.ZS,62.5061937740889
TLA,Latin America & the Caribbean (IDA & IBRD countries),2015,FM.LBL.BMNY.GD.ZS,59.151700873661
TLA,Latin America & the Caribbean (IDA & IBRD countries),2014,FM.LBL.BMNY.GD.ZS,58.2561706490617
TLA,Latin America & the Caribbean (IDA & IBRD countries),2013,FM.LBL.BMNY.GD.ZS,56.2097822786757
TLA,Latin America & the Caribbean (IDA & IBRD countries),2012,FM.LBL.BMNY.GD.ZS,55.3276619971304
TLA,Latin America & the Caribbean (IDA & IBRD countries),2011,FM.LBL.BMNY.GD.ZS,54.1509771496675
TLA,Latin America & the Caribbean (IDA & IBRD countries),2010,FM.LBL.BMNY.GD.ZS,51.7791736077362
TLA,Latin America & the Caribbean (IDA & IBRD countries),2009,FM.LBL.BMNY.GD.ZS,51.9632826671036
TLA,Latin America & the Caribbean (IDA & IBRD countries),2008,FM.LBL.BMNY.GD.ZS,47.3324376936025
TLA,Latin America & the Caribbean (IDA & IBRD countries),2007,FM.LBL.BMNY.GD.ZS,46.4023012043062
TLA,Latin America & the Caribbean (IDA & IBRD countries),2006,FM.LBL.BMNY.GD.ZS,43.0375910805965
TLA,Latin America & the Caribbean (IDA & IBRD countries),2005,FM.LBL.BMNY.GD.ZS,41.1784258900035
LDC,Least developed countries: UN classification,2023,FM.LBL.BMNY.GD.ZS,44.9859130978811
LDC,Least developed countries: UN classification,2022,FM.LBL.BMNY.GD.ZS,45.4880960967983
LDC,Least developed countries: UN classification,2021,FM.LBL.BMNY.GD.ZS,46.0143294388591
LDC,Least developed countries: UN classification,2020,FM.LBL.BMNY.GD.ZS,48.043109427706
LDC,Least developed countries: UN classification,2019,FM.LBL.BMNY.GD.ZS,42.8983773495643
LDC,Least developed countries: UN classification,2018,FM.LBL.BMNY.GD.ZS,41.3487444490335
LDC,Least developed countries: UN classification,2017,FM.LBL.BMNY.GD.ZS,40.6198833525188
LDC,Least developed countries: UN classification,2016,FM.LBL.BMNY.GD.ZS,40.144056112253
LDC,Least developed countries: UN classification,2015,FM.LBL.BMNY.GD.ZS,39.9337451723446
LDC,Least developed countries: UN classification,2014,FM.LBL.BMNY.GD.ZS,152.931761310365
LDC,Least developed countries: UN classification,2013,FM.LBL.BMNY.GD.ZS,134.245815550062
LDC,Least developed countries: UN classification,2012,FM.LBL.BMNY.GD.ZS,131.257368457831
LDC,Least developed countries: UN classification,2011,FM.LBL.BMNY.GD.ZS,114.966795657433
LDC,Least developed countries: UN classification,2010,FM.LBL.BMNY.GD.ZS,112.718342572439
LDC,Least developed countries: UN classification,2009,FM.LBL.BMNY.GD.ZS,119.262048214535
LDC,Least developed countries: UN classification,2008,FM.LBL.BMNY.GD.ZS,97.4841736305515
LDC,Least developed countries: UN classification,2007,FM.LBL.BMNY.GD.ZS,93.8862672365856
LDC,Least developed countries: UN classification,2006,FM.LBL.BMNY.GD.ZS,96.0024597426939
LDC,Least developed countries: UN classification,2005,FM.LBL.BMNY.GD.ZS,94.9684016711765
LMY,Low & middle income,2024,FM.LBL.BMNY.GD.ZS,159.001692442858
LMY,Low & middle income,2023,FM.LBL.BMNY.GD.ZS,154.221863559374
LMY,Low & middle income,2022,FM.LBL.BMNY.GD.ZS,148.177902259958
LMY,Low & middle income,2021,FM.LBL.BMNY.GD.ZS,139.111211737752
LMY,Low & middle income,2020,FM.LBL.BMNY.GD.ZS,142.323533291943
LMY,Low & middle income,2019,FM.LBL.BMNY.GD.ZS,126.579555762363
LMY,Low & middle income,2018,FM.LBL.BMNY.GD.ZS,125.252330510232
LMY,Low & middle income,2017,FM.LBL.BMNY.GD.ZS,125.435533051775
LMY,Low & middle income,2016,FM.LBL.BMNY.GD.ZS,127.51669393934
LMY,Low & middle income,2015,FM.LBL.BMNY.GD.ZS,123.44745147417
LMY,Low & middle income,2014,FM.LBL.BMNY.GD.ZS,116.54504540629
LMY,Low & middle income,2013,FM.LBL.BMNY.GD.ZS,110.52284851274
LMY,Low & middle income,2012,FM.LBL.BMNY.GD.ZS,105.136157111576
LMY,Low & middle income,2011,FM.LBL.BMNY.GD.ZS,99.6602788424837
LMY,Low & middle income,2010,FM.LBL.BMNY.GD.ZS,97.6061862903509
LMY,Low & middle income,2009,FM.LBL.BMNY.GD.ZS,99.0044618345825
LMY,Low & middle income,2008,FM.LBL.BMNY.GD.ZS,83.4599398408579
LMY,Low & middle income,2007,FM.LBL.BMNY.GD.ZS,81.0306853698594
LMY,Low & middle income,2006,FM.LBL.BMNY.GD.ZS,79.904173635914
LMY,Low & middle income,2005,FM.LBL.BMNY.GD.ZS,76.4429951483677
,Low income,2015,FM.LBL.BMNY.GD.ZS,22.5519246104127
,Low income,2014,FM.LBL.BMNY.GD.ZS,383.810472249539
,Low income,2013,FM.LBL.BMNY.GD.ZS,302.228209740816
,Low income,2012,FM.LBL.BMNY.GD.ZS,300.672155854799
,Low income,2011,FM.LBL.BMNY.GD.ZS,206.695366532774
,Low income,2010,FM.LBL.BMNY.GD.ZS,202.053390027943
,Low income,2009,FM.LBL.BMNY.GD.ZS,213.533658084234
,Low income,2008,FM.LBL.BMNY.GD.ZS,166.831961260679
,Low income,2007,FM.LBL.BMNY.GD.ZS,159.627665822647
,Low income,2006,FM.LBL.BMNY.GD.ZS,167.062802497313
,Low income,2005,FM.LBL.BMNY.GD.ZS,169.933247020925
,Lower middle income,2021,FM.LBL.BMNY.GD.ZS,67.369729467601
,Lower middle income,2020,FM.LBL.BMNY.GD.ZS,69.4353498240524
,Lower middle income,2019,FM.LBL.BMNY.GD.ZS,61.2869274462216
,Lower middle income,2018,FM.LBL.BMNY.GD.ZS,61.8753907593879
,Lower middle income,2017,FM.LBL.BMNY.GD.ZS,64.6503695290293
,Lower middle income,2016,FM.LBL.BMNY.GD.ZS,65.8236154664087
,Lower middle income,2015,FM.LBL.BMNY.GD.ZS,64.1823272962766
,Lower middle income,2014,FM.LBL.BMNY.GD.ZS,61.8115853496021
,Lower middle income,2013,FM.LBL.BMNY.GD.ZS,60.8624640677538
,Lower middle income,2012,FM.LBL.BMNY.GD.ZS,60.487527504078
,Lower middle income,2011,FM.LBL.BMNY.GD.ZS,61.6835543736211
,Lower middle income,2010,FM.LBL.BMNY.GD.ZS,60.692178639088
,Lower middle income,2009,FM.LBL.BMNY.GD.ZS,62.0893423811373
,Lower middle income,2008,FM.LBL.BMNY.GD.ZS,58.2572668576327
,Lower middle income,2007,FM.LBL.BMNY.GD.ZS,57.9059363870471
,Lower middle income,2006,FM.LBL.BMNY.GD.ZS,53.9266686334904
,Lower middle income,2005,FM.LBL.BMNY.GD.ZS,52.0909720079762
MEA,"Middle East, North Africa, Afghanistan & Pakistan",2017,FM.LBL.BMNY.GD.ZS,78.6618559567763
MEA,"Middle East, North Africa, Afghanistan & Pakistan",2016,FM.LBL.BMNY.GD.ZS,80.8516289894238
MEA,"Middle East, North Africa, Afghanistan & Pakistan",2015,FM.LBL.BMNY.GD.ZS,76.9428558377111
MEA,"Middle East, North Africa, Afghanistan & Pakistan",2014,FM.LBL.BMNY.GD.ZS,67.7131928383779
MEA,"Middle East, North Africa, Afghanistan & Pakistan",2013,FM.LBL.BMNY.GD.ZS,62.7609466499559
MEA,"Middle East, North Africa, Afghanistan & Pakistan",2012,FM.LBL.BMNY.GD.ZS,59.3932309727782
MEA,"Middle East, North Africa, Afghanistan & Pakistan",2011,FM.LBL.BMNY.GD.ZS,59.0864122252873
MEA,"Middle East, North Africa, Afghanistan & Pakistan",2010,FM.LBL.BMNY.GD.ZS,64.0525607092963
MEA,"Middle East, North Africa, Afghanistan & Pakistan",2009,FM.LBL.BMNY.GD.ZS,68.0878398548534
MEA,"Middle East, North Africa, Afghanistan & Pakistan",2008,FM.LBL.BMNY.GD.ZS,56.6892499399507
MEA,"Middle East, North Africa, Afghanistan & Pakistan",2007,FM.LBL.BMNY.GD.ZS,58.9224047356953
MEA,"Middle East, North Africa, Afghanistan & Pakistan",2006,FM.LBL.BMNY.GD.ZS,57.5863211311086
MEA,"Middle East, North Africa, Afghanistan & Pakistan",2005,FM.LBL.BMNY.GD.ZS,56.0145796614367
MNA,"Middle East, North Africa, Afghanistan & Pakistan (excluding high income)",2024,FM.LBL.BMNY.GD.ZS,69.6183128817277
MNA,"Middle East, North Africa, Afghanistan & Pakistan (excluding high income)",2023,FM.LBL.BMNY.GD.ZS,71.9455178378006
MNA,"Middle East, North Africa, Afghanistan & Pakistan (excluding high income)",2022,FM.LBL.BMNY.GD.ZS,72.7709470150018
MNA,"Middle East, North Africa, Afghanistan & Pakistan (excluding high income)",2021,FM.LBL.BMNY.GD.ZS,74.9973508992493
MNA,"Middle East, North Africa, Afghanistan & Pakistan (excluding high income)",2020,FM.LBL.BMNY.GD.ZS,80.4387996048599
MNA,"Middle East, North Africa, Afghanistan & Pakistan (excluding high income)",2019,FM.LBL.BMNY.GD.ZS,67.6845443312805
MNA,"Middle East, North Africa, Afghanistan & Pakistan (excluding high income)",2018,FM.LBL.BMNY.GD.ZS,67.6123855022481
MNA,"Middle East, North Africa, Afghanistan & Pakistan (excluding high income)",2017,FM.LBL.BMNY.GD.ZS,79.081951505159
MNA,"Middle East, North Africa, Afghanistan & Pakistan (excluding high income)",2016,FM.LBL.BMNY.GD.ZS,81.8709325644213
MNA,"Middle East, North Africa, Afghanistan & Pakistan (excluding high income)",2015,FM.LBL.BMNY.GD.ZS,75.8650297523404
MNA,"Middle East, North Africa, Afghanistan & Pakistan (excluding high income)",2014,FM.LBL.BMNY.GD.ZS,68.68932695025
MNA,"Middle East, North Africa, Afghanistan & Pakistan (excluding high income)",2013,FM.LBL.BMNY.GD.ZS,63.3545032314981
MNA,"Middle East, North Africa, Afghanistan & Pakistan (excluding high income)",2012,FM.LBL.BMNY.GD.ZS,61.5789798680315
MNA,"Middle East, North Africa, Afghanistan & Pakistan (excluding high income)",2011,FM.LBL.BMNY.GD.ZS,61.4046991320014
MNA,"Middle East, North Africa, Afghanistan & Pakistan (excluding high income)",2010,FM.LBL.BMNY.GD.ZS,65.2319471539935
MNA,"Middle East, North Africa, Afghanistan & Pakistan (excluding high income)",2009,FM.LBL.BMNY.GD.ZS,66.7417222015143
MNA,"Middle East, North Africa, Afghanistan & Pakistan (excluding high income)",2008,FM.LBL.BMNY.GD.ZS,58.8728556028787
MNA,"Middle East, North Africa, Afghanistan & Pakistan (excluding high income)",2007,FM.LBL.BMNY.GD.ZS,61.3250033609897
MNA,"Middle East, North Africa, Afghanistan & Pakistan (excluding high income)",2006,FM.LBL.BMNY.GD.ZS,59.9905440607587
MNA,"Middle East, North Africa, Afghanistan & Pakistan (excluding high income)",2005,FM.LBL.BMNY.GD.ZS,57.0651917871255
TMN,"Middle East, North Africa, Afghanistan & Pakistan (IDA & IBRD)",2024,FM.LBL.BMNY.GD.ZS,69.2064459702921
TMN,"Middle East, North Africa, Afghanistan & Pakistan (IDA & IBRD)",2023,FM.LBL.BMNY.GD.ZS,71.7394499486033
TMN,"Middle East, North Africa, Afghanistan & Pakistan (IDA & IBRD)",2022,FM.LBL.BMNY.GD.ZS,72.6765384778929
TMN,"Middle East, North Africa, Afghanistan & Pakistan (IDA & IBRD)",2021,FM.LBL.BMNY.GD.ZS,74.8665433779764
TMN,"Middle East, North Africa, Afghanistan & Pakistan (IDA & IBRD)",2020,FM.LBL.BMNY.GD.ZS,80.3015111008004
TMN,"Middle East, North Africa, Afghanistan & Pakistan (IDA & IBRD)",2019,FM.LBL.BMNY.GD.ZS,67.6152216015649
TMN,"Middle East, North Africa, Afghanistan & Pakistan (IDA & IBRD)",2018,FM.LBL.BMNY.GD.ZS,67.5823747218974
TMN,"Middle East, North Africa, Afghanistan & Pakistan (IDA & IBRD)",2017,FM.LBL.BMNY.GD.ZS,79.2162376833611
TMN,"Middle East, North Africa, Afghanistan & Pakistan (IDA & IBRD)",2016,FM.LBL.BMNY.GD.ZS,82.0301376230436
TMN,"Middle East, North Africa, Afghanistan & Pakistan (IDA & IBRD)",2015,FM.LBL.BMNY.GD.ZS,75.9662629381947
TMN,"Middle East, North Africa, Afghanistan & Pakistan (IDA & IBRD)",2014,FM.LBL.BMNY.GD.ZS,68.7746440858611
TMN,"Middle East, North Africa, Afghanistan & Pakistan (IDA & IBRD)",2013,FM.LBL.BMNY.GD.ZS,63.4106109589571
TMN,"Middle East, North Africa, Afghanistan & Pakistan (IDA & IBRD)",2012,FM.LBL.BMNY.GD.ZS,61.6163275551195
TMN,"Middle East, North Africa, Afghanistan & Pakistan (IDA & IBRD)",2011,FM.LBL.BMNY.GD.ZS,61.4324715976502
TMN,"Middle East, North Africa, Afghanistan & Pakistan (IDA & IBRD)",2010,FM.LBL.BMNY.GD.ZS,65.2452564303918
TMN,"Middle East, North Africa, Afghanistan & Pakistan (IDA & IBRD)",2009,FM.LBL.BMNY.GD.ZS,66.7296471312246
TMN,"Middle East, North Africa, Afghanistan & Pakistan (IDA & IBRD)",2008,FM.LBL.BMNY.GD.ZS,58.8080812072182
TMN,"Middle East, North Africa, Afghanistan & Pakistan (IDA & IBRD)",2007,FM.LBL.BMNY.GD.ZS,61.235839689473
TMN,"Middle East, North Africa, Afghanistan & Pakistan (IDA & IBRD)",2006,FM.LBL.BMNY.GD.ZS,59.9254536336637
TMN,"Middle East, North Africa, Afghanistan & Pakistan (IDA & IBRD)",2005,FM.LBL.BMNY.GD.ZS,56.9816055015756
MIC,Middle income,2024,FM.LBL.BMNY.GD.ZS,159.873439532325
MIC,Middle income,2023,FM.LBL.BMNY.GD.ZS,155.013508177894
MIC,Middle income,2022,FM.LBL.BMNY.GD.ZS,148.866671764318
MIC,Middle income,2021,FM.LBL.BMNY.GD.ZS,139.937837068502
MIC,Middle income,2020,FM.LBL.BMNY.GD.ZS,143.394708242221
MIC,Middle income,2019,FM.LBL.BMNY.GD.ZS,127.49530358494
MIC,Middle income,2018,FM.LBL.BMNY.GD.ZS,126.172974138096
MIC,Middle income,2017,FM.LBL.BMNY.GD.ZS,126.375701932712
MIC,Middle income,2016,FM.LBL.BMNY.GD.ZS,128.513149483141
MIC,Middle income,2015,FM.LBL.BMNY.GD.ZS,124.529726583912
MIC,Middle income,2014,FM.LBL.BMNY.GD.ZS,113.608437531595
MIC,Middle income,2013,FM.LBL.BMNY.GD.ZS,108.141552947245
MIC,Middle income,2012,FM.LBL.BMNY.GD.ZS,102.797629089731
MIC,Middle income,2011,FM.LBL.BMNY.GD.ZS,97.9242434317809
MIC,Middle income,2010,FM.LBL.BMNY.GD.ZS,95.854537066986
MIC,Middle income,2009,FM.LBL.BMNY.GD.ZS,96.9346724381512
MIC,Middle income,2008,FM.LBL.BMNY.GD.ZS,81.7754252004352
MIC,Middle income,2007,FM.LBL.BMNY.GD.ZS,79.4659035833861
MIC,Middle income,2006,FM.LBL.BMNY.GD.ZS,78.1564542487116
MIC,Middle income,2005,FM.LBL.BMNY.GD.ZS,74.6194744574812
NAC,North America,2025,FM.LBL.BMNY.GD.ZS,99.7158460103202
NAC,North America,2024,FM.LBL.BMNY.GD.ZS,98.7562585226237
NAC,North America,2023,FM.LBL.BMNY.GD.ZS,98.8152626539929
NAC,North America,2022,FM.LBL.BMNY.GD.ZS,103.593363094519
NAC,North America,2021,FM.LBL.BMNY.GD.ZS,114.755152590099
NAC,North America,2020,FM.LBL.BMNY.GD.ZS,111.204684153729
NAC,North America,2019,FM.LBL.BMNY.GD.ZS,92.3005594054721
NAC,North America,2018,FM.LBL.BMNY.GD.ZS,88.7964841162556
NAC,North America,2017,FM.LBL.BMNY.GD.ZS,89.9017920480885
NAC,North America,2016,FM.LBL.BMNY.GD.ZS,89.4647151888467
NAC,North America,2015,FM.LBL.BMNY.GD.ZS,88.549501953734
NAC,North America,2014,FM.LBL.BMNY.GD.ZS,89.2001588850565
NAC,North America,2013,FM.LBL.BMNY.GD.ZS,88.4631681340767
NAC,North America,2012,FM.LBL.BMNY.GD.ZS,87.9168524173423
NAC,North America,2011,FM.LBL.BMNY.GD.ZS,87.3236637727481
NAC,North America,2010,FM.LBL.BMNY.GD.ZS,84.8487824908965
NAC,North America,2009,FM.LBL.BMNY.GD.ZS,90.6906840737303
NAC,North America,2008,FM.LBL.BMNY.GD.ZS,87.9067659057214
NAC,North America,2007,FM.LBL.BMNY.GD.ZS,82.4822627537505
NAC,North America,2006,FM.LBL.BMNY.GD.ZS,81.8735570836432
NAC,North America,2005,FM.LBL.BMNY.GD.ZS,78.732716921422
OED,OECD members,2024,FM.LBL.BMNY.GD.ZS,113.128493924681
OED,OECD members,2023,FM.LBL.BMNY.GD.ZS,115.56400378937
OED,OECD members,2022,FM.LBL.BMNY.GD.ZS,122.255985861123
OED,OECD members,2021,FM.LBL.BMNY.GD.ZS,134.451427193323
OED,OECD members,2020,FM.LBL.BMNY.GD.ZS,134.453669944358
OED,OECD members,2019,FM.LBL.BMNY.GD.ZS,115.545044829767
OED,OECD members,2018,FM.LBL.BMNY.GD.ZS,112.990026968516
OED,OECD members,2017,FM.LBL.BMNY.GD.ZS,113.350384349447
OED,OECD members,2016,FM.LBL.BMNY.GD.ZS,114.776304839447
OED,OECD members,2015,FM.LBL.BMNY.GD.ZS,110.755916719263
OED,OECD members,2014,FM.LBL.BMNY.GD.ZS,111.989461593765
OED,OECD members,2013,FM.LBL.BMNY.GD.ZS,112.951385641671
OED,OECD members,2012,FM.LBL.BMNY.GD.ZS,116.260372322558
OED,OECD members,2011,FM.LBL.BMNY.GD.ZS,115.700352339152
OED,OECD members,2010,FM.LBL.BMNY.GD.ZS,112.972007110995
OED,OECD members,2009,FM.LBL.BMNY.GD.ZS,115.932571848439
OED,OECD members,2008,FM.LBL.BMNY.GD.ZS,107.782794079801
OED,OECD members,2007,FM.LBL.BMNY.GD.ZS,101.4428984661
OED,OECD members,2006,FM.LBL.BMNY.GD.ZS,100.670979828975
OED,OECD members,2005,FM.LBL.BMNY.GD.ZS,100.009616588174
PSS,Pacific island small states,2023,FM.LBL.BMNY.GD.ZS,77.8399081872066
PSS,Pacific island small states,2022,FM.LBL.BMNY.GD.ZS,80.1518212185763
PSS,Pacific island small states,2021,FM.LBL.BMNY.GD.ZS,87.9534642620177
PSS,Pacific island small states,2020,FM.LBL.BMNY.GD.ZS,77.2993337462126
PSS,Pacific island small states,2019,FM.LBL.BMNY.GD.ZS,65.5512633428723
PSS,Pacific island small states,2018,FM.LBL.BMNY.GD.ZS,64.7658437582999
PSS,Pacific island small states,2017,FM.LBL.BMNY.GD.ZS,65.516868195536
PSS,Pacific island small states,2016,FM.LBL.BMNY.GD.ZS,64.600280756097
PSS,Pacific island small states,2015,FM.LBL.BMNY.GD.ZS,63.2459574961157
PSS,Pacific island small states,2014,FM.LBL.BMNY.GD.ZS,60.3161918205494
PSS,Pacific island small states,2013,FM.LBL.BMNY.GD.ZS,61.0684040944448
PSS,Pacific island small states,2012,FM.LBL.BMNY.GD.ZS,58.3648184358074
PSS,Pacific island small states,2011,FM.LBL.BMNY.GD.ZS,57.8147725211884
PSS,Pacific island small states,2010,FM.LBL.BMNY.GD.ZS,58.5216069937159
PSS,Pacific island small states,2009,FM.LBL.BMNY.GD.ZS,60.5088920969801
PSS,Pacific island small states,2008,FM.LBL.BMNY.GD.ZS,58.721904065965
PSS,Pacific island small states,2007,FM.LBL.BMNY.GD.ZS,63.3296950777644
PSS,Pacific island small states,2006,FM.LBL.BMNY.GD.ZS,59.5673681195466
PSS,Pacific island small states,2005,FM.LBL.BMNY.GD.ZS,54.3982307212141
PST,Post-demographic dividend,2024,FM.LBL.BMNY.GD.ZS,123.116970287803
PST,Post-demographic dividend,2023,FM.LBL.BMNY.GD.ZS,125.274773066482
PST,Post-demographic dividend,2022,FM.LBL.BMNY.GD.ZS,131.841059423752
PST,Post-demographic dividend,2021,FM.LBL.BMNY.GD.ZS,143.782248698867
PST,Post-demographic dividend,2020,FM.LBL.BMNY.GD.ZS,143.947280093382
PST,Post-demographic dividend,2019,FM.LBL.BMNY.GD.ZS,124.398634219909
PST,Post-demographic dividend,2018,FM.LBL.BMNY.GD.ZS,121.78990102013
PST,Post-demographic dividend,2017,FM.LBL.BMNY.GD.ZS,122.322115684132
PST,Post-demographic dividend,2016,FM.LBL.BMNY.GD.ZS,123.283806234995
PST,Post-demographic dividend,2015,FM.LBL.BMNY.GD.ZS,119.305862424245
PST,Post-demographic dividend,2014,FM.LBL.BMNY.GD.ZS,121.224346774712
PST,Post-demographic dividend,2013,FM.LBL.BMNY.GD.ZS,122.243916585574
PST,Post-demographic dividend,2012,FM.LBL.BMNY.GD.ZS,125.428743531976
PST,Post-demographic dividend,2010,FM.LBL.BMNY.GD.ZS,121.423833704045
PST,Post-demographic dividend,2008,FM.LBL.BMNY.GD.ZS,115.479486089389
PST,Post-demographic dividend,2007,FM.LBL.BMNY.GD.ZS,108.530555712983
PST,Post-demographic dividend,2006,FM.LBL.BMNY.GD.ZS,107.127896133151
PST,Post-demographic dividend,2005,FM.LBL.BMNY.GD.ZS,105.985204514843
PRE,Pre-demographic dividend,2023,FM.LBL.BMNY.GD.ZS,32.6437148677488
PRE,Pre-demographic dividend,2022,FM.LBL.BMNY.GD.ZS,27.4328098431559
PRE,Pre-demographic dividend,2021,FM.LBL.BMNY.GD.ZS,27.6419275230848
PRE,Pre-demographic dividend,2020,FM.LBL.BMNY.GD.ZS,28.9942004626896
PRE,Pre-demographic dividend,2019,FM.LBL.BMNY.GD.ZS,24.9139493821767
PRE,Pre-demographic dividend,2018,FM.LBL.BMNY.GD.ZS,27.9432418518946
PRE,Pre-demographic dividend,2017,FM.LBL.BMNY.GD.ZS,28.3964419538491
PRE,Pre-demographic dividend,2016,FM.LBL.BMNY.GD.ZS,29.855193642928
PRE,Pre-demographic dividend,2015,FM.LBL.BMNY.GD.ZS,27.7875381474254
PRE,Pre-demographic dividend,2014,FM.LBL.BMNY.GD.ZS,91.902332185741
PRE,Pre-demographic dividend,2013,FM.LBL.BMNY.GD.ZS,84.9322121619567
PRE,Pre-demographic dividend,2012,FM.LBL.BMNY.GD.ZS,83.5791969211956
PRE,Pre-demographic dividend,2011,FM.LBL.BMNY.GD.ZS,76.6957460125874
PRE,Pre-demographic dividend,2010,FM.LBL.BMNY.GD.ZS,75.8968012853569
PRE,Pre-demographic dividend,2009,FM.LBL.BMNY.GD.ZS,82.3988867227786
PRE,Pre-demographic dividend,2008,FM.LBL.BMNY.GD.ZS,65.7358212281745
PRE,Pre-demographic dividend,2007,FM.LBL.BMNY.GD.ZS,62.4560966763745
PRE,Pre-demographic dividend,2006,FM.LBL.BMNY.GD.ZS,60.3622648569629
PRE,Pre-demographic dividend,2005,FM.LBL.BMNY.GD.ZS,62.8741509149996
SST,Small states,2019,FM.LBL.BMNY.GD.ZS,70.9539090501759
SST,Small states,2018,FM.LBL.BMNY.GD.ZS,69.7890435964349
SST,Small states,2017,FM.LBL.BMNY.GD.ZS,70.6431583266155
SST,Small states,2016,FM.LBL.BMNY.GD.ZS,71.5184925256219
SST,Small states,2015,FM.LBL.BMNY.GD.ZS,68.9079784607286
SST,Small states,2014,FM.LBL.BMNY.GD.ZS,65.8645337306651
SST,Small states,2013,FM.LBL.BMNY.GD.ZS,63.9948969264723
SST,Small states,2012,FM.LBL.BMNY.GD.ZS,63.3865416363906
SST,Small states,2007,FM.LBL.BMNY.GD.ZS,62.480688952071
SST,Small states,2006,FM.LBL.BMNY.GD.ZS,61.6540772040914
SST,Small states,2005,FM.LBL.BMNY.GD.ZS,58.3103742025628
SAS,South Asia,2021,FM.LBL.BMNY.GD.ZS,79.5517045355871
SAS,South Asia,2020,FM.LBL.BMNY.GD.ZS,84.3675576025885
SAS,South Asia,2019,FM.LBL.BMNY.GD.ZS,74.3122337852595
SAS,South Asia,2018,FM.LBL.BMNY.GD.ZS,71.7830968380265
SAS,South Asia,2017,FM.LBL.BMNY.GD.ZS,71.8821622098585
SAS,South Asia,2016,FM.LBL.BMNY.GD.ZS,71.9931319904683
SAS,South Asia,2015,FM.LBL.BMNY.GD.ZS,75.9348894468673
SAS,South Asia,2014,FM.LBL.BMNY.GD.ZS,75.577281914924
SAS,South Asia,2013,FM.LBL.BMNY.GD.ZS,75.5989130122903
SAS,South Asia,2012,FM.LBL.BMNY.GD.ZS,74.4747104222087
SAS,South Asia,2011,FM.LBL.BMNY.GD.ZS,76.2242893021765
SAS,South Asia,2010,FM.LBL.BMNY.GD.ZS,74.9765907603507
SAS,South Asia,2009,FM.LBL.BMNY.GD.ZS,76.2112823355399
SAS,South Asia,2008,FM.LBL.BMNY.GD.ZS,74.2034359730974
SAS,South Asia,2007,FM.LBL.BMNY.GD.ZS,70.0312869874641
SAS,South Asia,2006,FM.LBL.BMNY.GD.ZS,65.9903371383037
SAS,South Asia,2005,FM.LBL.BMNY.GD.ZS,63.4210621355449
TSA,South Asia (IDA & IBRD),2021,FM.LBL.BMNY.GD.ZS,79.5517045355871
TSA,South Asia (IDA & IBRD),2020,FM.LBL.BMNY.GD.ZS,84.3675576025885
TSA,South Asia (IDA & IBRD),2019,FM.LBL.BMNY.GD.ZS,74.3122337852595
TSA,South Asia (IDA & IBRD),2018,FM.LBL.BMNY.GD.ZS,71.7830968380265
TSA,South Asia (IDA & IBRD),2017,FM.LBL.BMNY.GD.ZS,71.8821622098586
TSA,South Asia (IDA & IBRD),2016,FM.LBL.BMNY.GD.ZS,71.9931319904683
TSA,South Asia (IDA & IBRD),2015,FM.LBL.BMNY.GD.ZS,75.9348894468673
TSA,South Asia (IDA & IBRD),2014,FM.LBL.BMNY.GD.ZS,75.577281914924
TSA,South Asia (IDA & IBRD),2013,FM.LBL.BMNY.GD.ZS,75.5989130122904
TSA,South Asia (IDA & IBRD),2012,FM.LBL.BMNY.GD.ZS,74.4747104222087
TSA,South Asia (IDA & IBRD),2011,FM.LBL.BMNY.GD.ZS,76.2242893021765
TSA,South Asia (IDA & IBRD),2010,FM.LBL.BMNY.GD.ZS,74.9765907603507
TSA,South Asia (IDA & IBRD),2009,FM.LBL.BMNY.GD.ZS,76.2112823355399
TSA,South Asia (IDA & IBRD),2008,FM.LBL.BMNY.GD.ZS,74.2034359730974
TSA,South Asia (IDA & IBRD),2007,FM.LBL.BMNY.GD.ZS,70.0312869874641
TSA,South Asia (IDA & IBRD),2006,FM.LBL.BMNY.GD.ZS,65.9903371383037
TSA,South Asia (IDA & IBRD),2005,FM.LBL.BMNY.GD.ZS,63.4210621355449
SSF,Sub-Saharan Africa,2023,FM.LBL.BMNY.GD.ZS,38.6737235690696
SSF,Sub-Saharan Africa,2022,FM.LBL.BMNY.GD.ZS,35.2890645579045
SSF,Sub-Saharan Africa,2021,FM.LBL.BMNY.GD.ZS,36.1634096834859
SSF,Sub-Saharan Africa,2020,FM.LBL.BMNY.GD.ZS,36.0780546897528
SSF,Sub-Saharan Africa,2019,FM.LBL.BMNY.GD.ZS,32.9144593928044
SSF,Sub-Saharan Africa,2018,FM.LBL.BMNY.GD.ZS,36.7077305315309
SSF,Sub-Saharan Africa,2017,FM.LBL.BMNY.GD.ZS,36.2277135060379
SSF,Sub-Saharan Africa,2016,FM.LBL.BMNY.GD.ZS,36.8421455410176
SSF,Sub-Saharan Africa,2015,FM.LBL.BMNY.GD.ZS,35.4399150682583
SSF,Sub-Saharan Africa,2014,FM.LBL.BMNY.GD.ZS,89.471717437509
SSF,Sub-Saharan Africa,2013,FM.LBL.BMNY.GD.ZS,83.4811191642301
SSF,Sub-Saharan Africa,2012,FM.LBL.BMNY.GD.ZS,83.1587844321853
SSF,Sub-Saharan Africa,2011,FM.LBL.BMNY.GD.ZS,76.5438495910331
SSF,Sub-Saharan Africa,2010,FM.LBL.BMNY.GD.ZS,75.0305081192885
SSF,Sub-Saharan Africa,2009,FM.LBL.BMNY.GD.ZS,80.5330050232064
SSF,Sub-Saharan Africa,2008,FM.LBL.BMNY.GD.ZS,69.7455991312908
SSF,Sub-Saharan Africa,2007,FM.LBL.BMNY.GD.ZS,66.2890492484911
SSF,Sub-Saharan Africa,2006,FM.LBL.BMNY.GD.ZS,62.9510219514453
SSF,Sub-Saharan Africa,2005,FM.LBL.BMNY.GD.ZS,62.5092534131295
SSA,Sub-Saharan Africa (excluding high income),2023,FM.LBL.BMNY.GD.ZS,38.6194294435024
SSA,Sub-Saharan Africa (excluding high income),2022,FM.LBL.BMNY.GD.ZS,35.2396443395532
SSA,Sub-Saharan Africa (excluding high income),2021,FM.LBL.BMNY.GD.ZS,36.1187959851389
SSA,Sub-Saharan Africa (excluding high income),2020,FM.LBL.BMNY.GD.ZS,36.0255635342422
SSA,Sub-Saharan Africa (excluding high income),2019,FM.LBL.BMNY.GD.ZS,32.8738817984247
SSA,Sub-Saharan Africa (excluding high income),2018,FM.LBL.BMNY.GD.ZS,36.6739750880451
SSA,Sub-Saharan Africa (excluding high income),2017,FM.LBL.BMNY.GD.ZS,36.1925585251474
SSA,Sub-Saharan Africa (excluding high income),2016,FM.LBL.BMNY.GD.ZS,36.8113713554203
SSA,Sub-Saharan Africa (excluding high income),2015,FM.LBL.BMNY.GD.ZS,35.4147132734777
SSA,Sub-Saharan Africa (excluding high income),2014,FM.LBL.BMNY.GD.ZS,89.4887701888753
SSA,Sub-Saharan Africa (excluding high income),2013,FM.LBL.BMNY.GD.ZS,83.499928377489
SSA,Sub-Saharan Africa (excluding high income),2012,FM.LBL.BMNY.GD.ZS,83.180622788496
SSA,Sub-Saharan Africa (excluding high income),2011,FM.LBL.BMNY.GD.ZS,76.5560507512498
SSA,Sub-Saharan Africa (excluding high income),2010,FM.LBL.BMNY.GD.ZS,75.0399117520219
SSA,Sub-Saharan Africa (excluding high income),2009,FM.LBL.BMNY.GD.ZS,80.5510157718209
SSA,Sub-Saharan Africa (excluding high income),2008,FM.LBL.BMNY.GD.ZS,69.74995446822
SSA,Sub-Saharan Africa (excluding high income),2007,FM.LBL.BMNY.GD.ZS,66.2910120747572
SSA,Sub-Saharan Africa (excluding high income),2006,FM.LBL.BMNY.GD.ZS,62.9269788369382
SSA,Sub-Saharan Africa (excluding high income),2005,FM.LBL.BMNY.GD.ZS,62.4754168708421
TSS,Sub-Saharan Africa (IDA & IBRD countries),2023,FM.LBL.BMNY.GD.ZS,38.6737235690696
TSS,Sub-Saharan Africa (IDA & IBRD countries),2022,FM.LBL.BMNY.GD.ZS,35.2890645579045
TSS,Sub-Saharan Africa (IDA & IBRD countries),2021,FM.LBL.BMNY.GD.ZS,36.1634096834859
TSS,Sub-Saharan Africa (IDA & IBRD countries),2020,FM.LBL.BMNY.GD.ZS,36.0780546897528
TSS,Sub-Saharan Africa (IDA & IBRD countries),2019,FM.LBL.BMNY.GD.ZS,32.9144593928044
TSS,Sub-Saharan Africa (IDA & IBRD countries),2018,FM.LBL.BMNY.GD.ZS,36.7077305315309
TSS,Sub-Saharan Africa (IDA & IBRD countries),2017,FM.LBL.BMNY.GD.ZS,36.2277135060379
TSS,Sub-Saharan Africa (IDA & IBRD countries),2016,FM.LBL.BMNY.GD.ZS,36.8421455410176
TSS,Sub-Saharan Africa (IDA & IBRD countries),2015,FM.LBL.BMNY.GD.ZS,35.4399150682583
TSS,Sub-Saharan Africa (IDA & IBRD countries),2014,FM.LBL.BMNY.GD.ZS,89.471717437509
TSS,Sub-Saharan Africa (IDA & IBRD countries),2013,FM.LBL.BMNY.GD.ZS,83.4811191642301
TSS,Sub-Saharan Africa (IDA & IBRD countries),2012,FM.LBL.BMNY.GD.ZS,83.1587844321853
TSS,Sub-Saharan Africa (IDA & IBRD countries),2011,FM.LBL.BMNY.GD.ZS,76.5438495910331
TSS,Sub-Saharan Africa (IDA & IBRD countries),2010,FM.LBL.BMNY.GD.ZS,75.0305081192884
TSS,Sub-Saharan Africa (IDA & IBRD countries),2009,FM.LBL.BMNY.GD.ZS,80.5330050232063
TSS,Sub-Saharan Africa (IDA & IBRD countries),2008,FM.LBL.BMNY.GD.ZS,69.7455991312908
TSS,Sub-Saharan Africa (IDA & IBRD countries),2007,FM.LBL.BMNY.GD.ZS,66.2890492484911
TSS,Sub-Saharan Africa (IDA & IBRD countries),2006,FM.LBL.BMNY.GD.ZS,62.9510219514453
TSS,Sub-Saharan Africa (IDA & IBRD countries),2005,FM.LBL.BMNY.GD.ZS,62.5092534131294
,Upper middle income,2024,FM.LBL.BMNY.GD.ZS,167.853930841196
,Upper middle income,2023,FM.LBL.BMNY.GD.ZS,165.107111873436
,Upper middle income,2022,FM.LBL.BMNY.GD.ZS,159.386023590541
,Upper middle income,2021,FM.LBL.BMNY.GD.ZS,155.642970263871
,Upper middle income,2020,FM.LBL.BMNY.GD.ZS,160.187790740374
,Upper middle income,2019,FM.LBL.BMNY.GD.ZS,142.68182420703
,Upper middle income,2018,FM.LBL.BMNY.GD.ZS,140.112234251913
,Upper middle income,2017,FM.LBL.BMNY.GD.ZS,140.370438437108
,Upper middle income,2016,FM.LBL.BMNY.GD.ZS,142.522032432887
,Upper middle income,2015,FM.LBL.BMNY.GD.ZS,137.586679222513
,Upper middle income,2014,FM.LBL.BMNY.GD.ZS,124.509733375563
,Upper middle income,2013,FM.LBL.BMNY.GD.ZS,118.300909141109
,Upper middle income,2012,FM.LBL.BMNY.GD.ZS,112.099466307326
,Upper middle income,2011,FM.LBL.BMNY.GD.ZS,105.970784112965
,Upper middle income,2010,FM.LBL.BMNY.GD.ZS,104.516239458028
,Upper middle income,2009,FM.LBL.BMNY.GD.ZS,105.753162577083
,Upper middle income,2008,FM.LBL.BMNY.GD.ZS,87.424081653617
,Upper middle income,2007,FM.LBL.BMNY.GD.ZS,85.0842636674608
,Upper middle income,2006,FM.LBL.BMNY.GD.ZS,84.4706856942893
,Upper middle income,2005,FM.LBL.BMNY.GD.ZS,80.5151035769751
WLD,World,2024,FM.LBL.BMNY.GD.ZS,136.105562243112
WLD,World,2023,FM.LBL.BMNY.GD.ZS,135.565364056146
WLD,World,2022,FM.LBL.BMNY.GD.ZS,136.903837155398
WLD,World,2021,FM.LBL.BMNY.GD.ZS,139.915617241863
WLD,World,2020,FM.LBL.BMNY.GD.ZS,140.083320061964
WLD,World,2019,FM.LBL.BMNY.GD.ZS,122.283532575008
WLD,World,2018,FM.LBL.BMNY.GD.ZS,120.20486970318
WLD,World,2017,FM.LBL.BMNY.GD.ZS,119.96134435303
WLD,World,2016,FM.LBL.BMNY.GD.ZS,121.66686513426
WLD,World,2015,FM.LBL.BMNY.GD.ZS,117.738076356988
WLD,World,2014,FM.LBL.BMNY.GD.ZS,114.531044624554
WLD,World,2013,FM.LBL.BMNY.GD.ZS,112.095353992326
WLD,World,2012,FM.LBL.BMNY.GD.ZS,111.506052254716
WLD,World,2011,FM.LBL.BMNY.GD.ZS,109.194922339607
WLD,World,2010,FM.LBL.BMNY.GD.ZS,107.948090516925
WLD,World,2009,FM.LBL.BMNY.GD.ZS,111.008771465878
WLD,World,2008,FM.LBL.BMNY.GD.ZS,100.002513372558
WLD,World,2007,FM.LBL.BMNY.GD.ZS,96.4154320290888
WLD,World,2006,FM.LBL.BMNY.GD.ZS,96.1056211585175
WLD,World,2005,FM.LBL.BMNY.GD.ZS,95.2921251882827
AFG,Afghanistan,2020,FM.LBL.BMNY.GD.ZS,37.5081887366299
AFG,Afghanistan,2019,FM.LBL.BMNY.GD.ZS,34.9592143142587
AFG,Afghanistan,2018,FM.LBL.BMNY.GD.ZS,36.6074938854128
AFG,Afghanistan,2017,FM.LBL.BMNY.GD.ZS,36.8612612972957
AFG,Afghanistan,2016,FM.LBL.BMNY.GD.ZS,37.2228186582708
AFG,Afghanistan,2015,FM.LBL.BMNY.GD.ZS,33.9280526549766
AFG,Afghanistan,2014,FM.LBL.BMNY.GD.ZS,34.2095967895183
AFG,Afghanistan,2013,FM.LBL.BMNY.GD.ZS,32.6820168994225
AFG,Afghanistan,2012,FM.LBL.BMNY.GD.ZS,32.9136922701029
AFG,Afghanistan,2011,FM.LBL.BMNY.GD.ZS,36.6242278045429
AFG,Afghanistan,2010,FM.LBL.BMNY.GD.ZS,35.3505617153186
AFG,Afghanistan,2009,FM.LBL.BMNY.GD.ZS,33.0609569578245
AFG,Afghanistan,2008,FM.LBL.BMNY.GD.ZS,29.5122807993009
AFG,Afghanistan,2007,FM.LBL.BMNY.GD.ZS,23.833664421484
AFG,Afghanistan,2006,FM.LBL.BMNY.GD.ZS,23.3438645266527
ALB,Albania,2024,FM.LBL.BMNY.GD.ZS,70.9045999725641
ALB,Albania,2023,FM.LBL.BMNY.GD.ZS,71.8287505653681
ALB,Albania,2022,FM.LBL.BMNY.GD.ZS,77.1857276233038
ALB,Albania,2021,FM.LBL.BMNY.GD.ZS,84.7663849065875
ALB,Albania,2020,FM.LBL.BMNY.GD.ZS,87.9833118311654
ALB,Albania,2019,FM.LBL.BMNY.GD.ZS,77.0228458919593
ALB,Albania,2018,FM.LBL.BMNY.GD.ZS,76.1147973097136
ALB,Albania,2017,FM.LBL.BMNY.GD.ZS,80.2333904511715
ALB,Albania,2016,FM.LBL.BMNY.GD.ZS,84.8926416816837
ALB,Albania,2015,FM.LBL.BMNY.GD.ZS,84.1762421576985
ALB,Albania,2014,FM.LBL.BMNY.GD.ZS,85.2116447508147
ALB,Albania,2013,FM.LBL.BMNY.GD.ZS,84.968214908499
ALB,Albania,2012,FM.LBL.BMNY.GD.ZS,84.7935078469227
ALB,Albania,2011,FM.LBL.BMNY.GD.ZS,81.7533775274234
ALB,Albania,2010,FM.LBL.BMNY.GD.ZS,78.0331538048733
ALB,Albania,2009,FM.LBL.BMNY.GD.ZS,74.3824850094564
ALB,Albania,2008,FM.LBL.BMNY.GD.ZS,73.3334018869234
ALB,Albania,2007,FM.LBL.BMNY.GD.ZS,75.3629870166826
ALB,Albania,2006,FM.LBL.BMNY.GD.ZS,74.2421409522518
ALB,Albania,2005,FM.LBL.BMNY.GD.ZS,69.6480677719623
DZA,Algeria,2024,FM.LBL.BMNY.GD.ZS,73.4801999906217
DZA,Algeria,2023,FM.LBL.BMNY.GD.ZS,72.2439133266621
DZA,Algeria,2022,FM.LBL.BMNY.GD.ZS,71.6650029155711
DZA,Algeria,2021,FM.LBL.BMNY.GD.ZS,79.8260317736638
DZA,Algeria,2020,FM.LBL.BMNY.GD.ZS,84.871788930535
DZA,Algeria,2019,FM.LBL.BMNY.GD.ZS,71.5054716604823
DZA,Algeria,2018,FM.LBL.BMNY.GD.ZS,73.341677611896
DZA,Algeria,2017,FM.LBL.BMNY.GD.ZS,71.0633951979821
DZA,Algeria,2016,FM.LBL.BMNY.GD.ZS,69.8380710329262
DZA,Algeria,2015,FM.LBL.BMNY.GD.ZS,72.5912032929841
DZA,Algeria,2014,FM.LBL.BMNY.GD.ZS,70.9674793280753
DZA,Algeria,2013,FM.LBL.BMNY.GD.ZS,65.5009854719817
DZA,Algeria,2012,FM.LBL.BMNY.GD.ZS,62.5440245522635
DZA,Algeria,2011,FM.LBL.BMNY.GD.ZS,62.3509795811349
DZA,Algeria,2010,FM.LBL.BMNY.GD.ZS,62.615639276869
DZA,Algeria,2009,FM.LBL.BMNY.GD.ZS,66.7819216878756
DZA,Algeria,2008,FM.LBL.BMNY.GD.ZS,59.7094462183175
DZA,Algeria,2007,FM.LBL.BMNY.GD.ZS,60.7173627576789
DZA,Algeria,2006,FM.LBL.BMNY.GD.ZS,54.4649954975876
DZA,Algeria,2005,FM.LBL.BMNY.GD.ZS,51.8925610676587
AGO,Angola,2025,FM.LBL.BMNY.GD.ZS,13.7866286716613
AGO,Angola,2024,FM.LBL.BMNY.GD.ZS,15.7871833328375
AGO,Angola,2023,FM.LBL.BMNY.GD.ZS,20.1857751728113
AGO,Angola,2022,FM.LBL.BMNY.GD.ZS,17.7160480535397
AGO,Angola,2021,FM.LBL.BMNY.GD.ZS,21.9715556561169
AGO,Angola,2020,FM.LBL.BMNY.GD.ZS,33.2146215095229
AGO,Angola,2019,FM.LBL.BMNY.GD.ZS,29.4202979601408
AGO,Angola,2018,FM.LBL.BMNY.GD.ZS,26.9029581202108
AGO,Angola,2017,FM.LBL.BMNY.GD.ZS,27.6987135885932
AGO,Angola,2016,FM.LBL.BMNY.GD.ZS,34.0013989774292
AGO,Angola,2015,FM.LBL.BMNY.GD.ZS,36.134526100078
AGO,Angola,2014,FM.LBL.BMNY.GD.ZS,31.6109176216168
AGO,Angola,2013,FM.LBL.BMNY.GD.ZS,29.6352671501228
AGO,Angola,2012,FM.LBL.BMNY.GD.ZS,28.1107170441561
AGO,Angola,2011,FM.LBL.BMNY.GD.ZS,31.1447894560388
AGO,Angola,2010,FM.LBL.BMNY.GD.ZS,30.4992141556588
AGO,Angola,2009,FM.LBL.BMNY.GD.ZS,39.245768788511
AGO,Angola,2008,FM.LBL.BMNY.GD.ZS,28.2495306190464
AGO,Angola,2007,FM.LBL.BMNY.GD.ZS,18.2712730929709
AGO,Angola,2006,FM.LBL.BMNY.GD.ZS,14.5329973412599
AGO,Angola,2005,FM.LBL.BMNY.GD.ZS,11.8779284744988
ATG,Antigua and Barbuda,2025,FM.LBL.BMNY.GD.ZS,76.1591695417329
ATG,Antigua and Barbuda,2024,FM.LBL.BMNY.GD.ZS,77.7359825402208
ATG,Antigua and Barbuda,2023,FM.LBL.BMNY.GD.ZS,78.2258286185148
ATG,Antigua and Barbuda,2022,FM.LBL.BMNY.GD.ZS,83.7262861471697
ATG,Antigua and Barbuda,2021,FM.LBL.BMNY.GD.ZS,92.7871357235987
ATG,Antigua and Barbuda,2020,FM.LBL.BMNY.GD.ZS,92.484771087941
ATG,Antigua and Barbuda,2019,FM.LBL.BMNY.GD.ZS,82.8441548801757
ATG,Antigua and Barbuda,2018,FM.LBL.BMNY.GD.ZS,86.4690377755437
ATG,Antigua and Barbuda,2017,FM.LBL.BMNY.GD.ZS,87.3116302414753
ATG,Antigua and Barbuda,2016,FM.LBL.BMNY.GD.ZS,83.8848513027328
ATG,Antigua and Barbuda,2015,FM.LBL.BMNY.GD.ZS,88.0222147216976
ATG,Antigua and Barbuda,2014,FM.LBL.BMNY.GD.ZS,86.729975998039
ATG,Antigua and Barbuda,2013,FM.LBL.BMNY.GD.ZS,88.9738498602757
ATG,Antigua and Barbuda,2012,FM.LBL.BMNY.GD.ZS,85.2703284690255
ATG,Antigua and Barbuda,2011,FM.LBL.BMNY.GD.ZS,88.1159728736866
ATG,Antigua and Barbuda,2010,FM.LBL.BMNY.GD.ZS,86.1083234011622
ATG,Antigua and Barbuda,2009,FM.LBL.BMNY.GD.ZS,80.4349789774548
ATG,Antigua and Barbuda,2008,FM.LBL.BMNY.GD.ZS,79.3711878363051
ATG,Antigua and Barbuda,2007,FM.LBL.BMNY.GD.ZS,80.4628457169323
ATG,Antigua and Barbuda,2006,FM.LBL.BMNY.GD.ZS,82.4320285120116
ATG,Antigua and Barbuda,2005,FM.LBL.BMNY.GD.ZS,84.187928587155
ARG,Argentina,2025,FM.LBL.BMNY.GD.ZS,26.2775901088466
ARG,Argentina,2024,FM.LBL.BMNY.GD.ZS,26.3339310387921
ARG,Argentina,2023,FM.LBL.BMNY.GD.ZS,35.8218519913698
ARG,Argentina,2022,FM.LBL.BMNY.GD.ZS,32.1918357210048
ARG,Argentina,2021,FM.LBL.BMNY.GD.ZS,30.730954428888
ARG,Argentina,2020,FM.LBL.BMNY.GD.ZS,34.5052631692152
ARG,Argentina,2019,FM.LBL.BMNY.GD.ZS,26.1830389518599
ARG,Argentina,2018,FM.LBL.BMNY.GD.ZS,30.4107564833182
ARG,Argentina,2017,FM.LBL.BMNY.GD.ZS,28.4952801666658
ARG,Argentina,2016,FM.LBL.BMNY.GD.ZS,28.3723031009504
ARG,Argentina,2015,FM.LBL.BMNY.GD.ZS,27.6908850429799
ARG,Argentina,2014,FM.LBL.BMNY.GD.ZS,25.8217018451822
ARG,Argentina,2013,FM.LBL.BMNY.GD.ZS,27.1962424074471
ARG,Argentina,2012,FM.LBL.BMNY.GD.ZS,27.1756452732208
ARG,Argentina,2011,FM.LBL.BMNY.GD.ZS,24.3871239938128
ARG,Argentina,2010,FM.LBL.BMNY.GD.ZS,25.4406025952303
ARG,Argentina,2009,FM.LBL.BMNY.GD.ZS,25.3227384656624
ARG,Argentina,2008,FM.LBL.BMNY.GD.ZS,23.4936731580619
ARG,Argentina,2007,FM.LBL.BMNY.GD.ZS,27.8643164271472
ARG,Argentina,2006,FM.LBL.BMNY.GD.ZS,28.0496119297007
ARG,Argentina,2005,FM.LBL.BMNY.GD.ZS,28.6633102803828
ARM,Armenia,2025,FM.LBL.BMNY.GD.ZS,61.2981648315411
ARM,Armenia,2024,FM.LBL.BMNY.GD.ZS,57.7915838897018
ARM,Armenia,2023,FM.LBL.BMNY.GD.ZS,54.6009389937435
ARM,Armenia,2022,FM.LBL.BMNY.GD.ZS,51.9319992167941
ARM,Armenia,2021,FM.LBL.BMNY.GD.ZS,54.3868263075766
ARM,Armenia,2020,FM.LBL.BMNY.GD.ZS,54.3851665436419
ARM,Armenia,2019,FM.LBL.BMNY.GD.ZS,47.1544016835076
ARM,Armenia,2018,FM.LBL.BMNY.GD.ZS,46.1206403041553
ARM,Armenia,2017,FM.LBL.BMNY.GD.ZS,46.4154242411359
ARM,Armenia,2016,FM.LBL.BMNY.GD.ZS,43.0229257525026
ARM,Armenia,2015,FM.LBL.BMNY.GD.ZS,36.79245528668
ARM,Armenia,2014,FM.LBL.BMNY.GD.ZS,34.6722961325568
ARM,Armenia,2013,FM.LBL.BMNY.GD.ZS,33.9221954954342
ARM,Armenia,2012,FM.LBL.BMNY.GD.ZS,31.5569524364009
ARM,Armenia,2011,FM.LBL.BMNY.GD.ZS,29.8304506454222
ARM,Armenia,2010,FM.LBL.BMNY.GD.ZS,26.3390937683362
ARM,Armenia,2009,FM.LBL.BMNY.GD.ZS,25.9414625160401
ARM,Armenia,2008,FM.LBL.BMNY.GD.ZS,19.8358366931835
ARM,Armenia,2007,FM.LBL.BMNY.GD.ZS,21.9523992829099
ARM,Armenia,2006,FM.LBL.BMNY.GD.ZS,18.2869798220067
ARM,Armenia,2005,FM.LBL.BMNY.GD.ZS,16.29839156809
ABW,Aruba,2023,FM.LBL.BMNY.GD.ZS,83.3163543251044
ABW,Aruba,2022,FM.LBL.BMNY.GD.ZS,93.0989171762303
ABW,Aruba,2021,FM.LBL.BMNY.GD.ZS,103.744187571172
ABW,Aruba,2020,FM.LBL.BMNY.GD.ZS,108.900881324028
ABW,Aruba,2019,FM.LBL.BMNY.GD.ZS,76.2566198695834
ABW,Aruba,2018,FM.LBL.BMNY.GD.ZS,74.635391727952
ABW,Aruba,2017,FM.LBL.BMNY.GD.ZS,76.5954540971044
ABW,Aruba,2016,FM.LBL.BMNY.GD.ZS,78.012084907796
ABW,Aruba,2015,FM.LBL.BMNY.GD.ZS,71.7417951532194
ABW,Aruba,2014,FM.LBL.BMNY.GD.ZS,69.5869442457704
ABW,Aruba,2013,FM.LBL.BMNY.GD.ZS,67.4196422171478
ABW,Aruba,2012,FM.LBL.BMNY.GD.ZS,73.0407417036104
ABW,Aruba,2011,FM.LBL.BMNY.GD.ZS,66.8944344576015
ABW,Aruba,2010,FM.LBL.BMNY.GD.ZS,71.8270449566809
ABW,Aruba,2009,FM.LBL.BMNY.GD.ZS,69.2036602359509
ABW,Aruba,2008,FM.LBL.BMNY.GD.ZS,58.7834892967479
ABW,Aruba,2007,FM.LBL.BMNY.GD.ZS,53.5449985374437
ABW,Aruba,2006,FM.LBL.BMNY.GD.ZS,56.1965622017724
ABW,Aruba,2005,FM.LBL.BMNY.GD.ZS,57.4467898753702
AUS,Australia,2025,FM.LBL.BMNY.GD.ZS,133.123867607559
AUS,Australia,2024,FM.LBL.BMNY.GD.ZS,129.414944065889
AUS,Australia,2023,FM.LBL.BMNY.GD.ZS,126.285990818007
AUS,Australia,2022,FM.LBL.BMNY.GD.ZS,133.991410055661
AUS,Australia,2021,FM.LBL.BMNY.GD.ZS,138.859204445364
AUS,Australia,2020,FM.LBL.BMNY.GD.ZS,136.815007631975
AUS,Australia,2019,FM.LBL.BMNY.GD.ZS,122.445511150224
AUS,Australia,2018,FM.LBL.BMNY.GD.ZS,113.521703923993
AUS,Australia,2017,FM.LBL.BMNY.GD.ZS,116.182589947675
AUS,Australia,2016,FM.LBL.BMNY.GD.ZS,117.851238639698
AUS,Australia,2015,FM.LBL.BMNY.GD.ZS,112.766094787245
AUS,Australia,2014,FM.LBL.BMNY.GD.ZS,108.019927516658
AUS,Australia,2013,FM.LBL.BMNY.GD.ZS,105.014649157053
AUS,Australia,2012,FM.LBL.BMNY.GD.ZS,100.855823350662
AUS,Australia,2011,FM.LBL.BMNY.GD.ZS,99.4210573700299
AUS,Australia,2010,FM.LBL.BMNY.GD.ZS,100.134071257084
AUS,Australia,2009,FM.LBL.BMNY.GD.ZS,94.0151526734737
AUS,Australia,2008,FM.LBL.BMNY.GD.ZS,97.5099400060563
AUS,Australia,2007,FM.LBL.BMNY.GD.ZS,90.3032314777128
AUS,Australia,2006,FM.LBL.BMNY.GD.ZS,83.2230363450933
AUS,Australia,2005,FM.LBL.BMNY.GD.ZS,78.131886450499
AZE,Azerbaijan,2025,FM.LBL.BMNY.GD.ZS,38.6232568535021
AZE,Azerbaijan,2024,FM.LBL.BMNY.GD.ZS,36.7477907970412
AZE,Azerbaijan,2023,FM.LBL.BMNY.GD.ZS,36.6068709050715
AZE,Azerbaijan,2022,FM.LBL.BMNY.GD.ZS,31.9654153381323
AZE,Azerbaijan,2021,FM.LBL.BMNY.GD.ZS,37.1732316986005
AZE,Azerbaijan,2020,FM.LBL.BMNY.GD.ZS,40.212967234331
AZE,Azerbaijan,2019,FM.LBL.BMNY.GD.ZS,35.247430493515
AZE,Azerbaijan,2018,FM.LBL.BMNY.GD.ZS,30.04094438261
AZE,Azerbaijan,2017,FM.LBL.BMNY.GD.ZS,32.375295290754
AZE,Azerbaijan,2016,FM.LBL.BMNY.GD.ZS,34.571996388808
AZE,Azerbaijan,2015,FM.LBL.BMNY.GD.ZS,39.2035490126885
AZE,Azerbaijan,2014,FM.LBL.BMNY.GD.ZS,36.544870094774
AZE,Azerbaijan,2013,FM.LBL.BMNY.GD.ZS,33.1542970168781
AZE,Azerbaijan,2012,FM.LBL.BMNY.GD.ZS,30.6433467346745
AZE,Azerbaijan,2011,FM.LBL.BMNY.GD.ZS,26.6947809784571
AZE,Azerbaijan,2010,FM.LBL.BMNY.GD.ZS,24.790979277664
AZE,Azerbaijan,2009,FM.LBL.BMNY.GD.ZS,23.7888372455655
AZE,Azerbaijan,2008,FM.LBL.BMNY.GD.ZS,21.1629793146757
AZE,Azerbaijan,2007,FM.LBL.BMNY.GD.ZS,20.7939232417976
AZE,Azerbaijan,2006,FM.LBL.BMNY.GD.ZS,18.3235363268822
AZE,Azerbaijan,2005,FM.LBL.BMNY.GD.ZS,14.6833526495037
BHS,"Bahamas, The",2022,FM.LBL.BMNY.GD.ZS,68.758904994747
BHS,"Bahamas, The",2021,FM.LBL.BMNY.GD.ZS,72.5873043974412
BHS,"Bahamas, The",2020,FM.LBL.BMNY.GD.ZS,80.8052358384476
BHS,"Bahamas, The",2019,FM.LBL.BMNY.GD.ZS,63.2407973748588
BHS,"Bahamas, The",2018,FM.LBL.BMNY.GD.ZS,59.2254539138168
BHS,"Bahamas, The",2017,FM.LBL.BMNY.GD.ZS,60.3619123301384
BHS,"Bahamas, The",2016,FM.LBL.BMNY.GD.ZS,62.1149963950542
BHS,"Bahamas, The",2015,FM.LBL.BMNY.GD.ZS,57.3012497794316
BHS,"Bahamas, The",2014,FM.LBL.BMNY.GD.ZS,61.1239748792093
BHS,"Bahamas, The",2013,FM.LBL.BMNY.GD.ZS,64.0010400705469
BHS,"Bahamas, The",2012,FM.LBL.BMNY.GD.ZS,62.1986452614641
BHS,"Bahamas, The",2011,FM.LBL.BMNY.GD.ZS,64.3066306474884
BHS,"Bahamas, The",2010,FM.LBL.BMNY.GD.ZS,62.6146504888191
BHS,"Bahamas, The",2009,FM.LBL.BMNY.GD.ZS,60.0142657353866
BHS,"Bahamas, The",2008,FM.LBL.BMNY.GD.ZS,55.9804294128824
BHS,"Bahamas, The",2007,FM.LBL.BMNY.GD.ZS,52.7229303262092
BHS,"Bahamas, The",2006,FM.LBL.BMNY.GD.ZS,49.8168137893727
BHS,"Bahamas, The",2005,FM.LBL.BMNY.GD.ZS,47.784713608914
BHR,Bahrain,2015,FM.LBL.BMNY.GD.ZS,82.1252522741472
BHR,Bahrain,2014,FM.LBL.BMNY.GD.ZS,74.614879226462
BHR,Bahrain,2013,FM.LBL.BMNY.GD.ZS,72.0192615413165
BHR,Bahrain,2012,FM.LBL.BMNY.GD.ZS,70.432941928269
BHR,Bahrain,2011,FM.LBL.BMNY.GD.ZS,72.3253721576967
BHR,Bahrain,2010,FM.LBL.BMNY.GD.ZS,78.0579518903071
BHR,Bahrain,2009,FM.LBL.BMNY.GD.ZS,82.5448098905826
BHR,Bahrain,2008,FM.LBL.BMNY.GD.ZS,69.5995779586855
BHR,Bahrain,2007,FM.LBL.BMNY.GD.ZS,68.8086868825332
BHR,Bahrain,2006,FM.LBL.BMNY.GD.ZS,58.005487374583
BHR,Bahrain,2005,FM.LBL.BMNY.GD.ZS,58.5041409673617
BGD,Bangladesh,2025,FM.LBL.BMNY.GD.ZS,47.8544979532464
BGD,Bangladesh,2024,FM.LBL.BMNY.GD.ZS,48.7974312513377
BGD,Bangladesh,2023,FM.LBL.BMNY.GD.ZS,51.2185633263359
BGD,Bangladesh,2022,FM.LBL.BMNY.GD.ZS,54.117700850947
BGD,Bangladesh,2021,FM.LBL.BMNY.GD.ZS,56.6372785923275
BGD,Bangladesh,2020,FM.LBL.BMNY.GD.ZS,57.7630649896826
BGD,Bangladesh,2019,FM.LBL.BMNY.GD.ZS,54.8702535060565
BGD,Bangladesh,2018,FM.LBL.BMNY.GD.ZS,54.8325562875275
BGD,Bangladesh,2017,FM.LBL.BMNY.GD.ZS,55.8375416123996
BGD,Bangladesh,2016,FM.LBL.BMNY.GD.ZS,54.9691444990129
BGD,Bangladesh,2015,FM.LBL.BMNY.GD.ZS,64.5065520747659
BGD,Bangladesh,2014,FM.LBL.BMNY.GD.ZS,63.3375540979273
BGD,Bangladesh,2013,FM.LBL.BMNY.GD.ZS,61.399914294208
BGD,Bangladesh,2012,FM.LBL.BMNY.GD.ZS,60.7424608294873
BGD,Bangladesh,2011,FM.LBL.BMNY.GD.ZS,59.8117683130297
BGD,Bangladesh,2010,FM.LBL.BMNY.GD.ZS,58.7459016095395
BGD,Bangladesh,2009,FM.LBL.BMNY.GD.ZS,54.8817155926531
BGD,Bangladesh,2008,FM.LBL.BMNY.GD.ZS,51.1876270713566
BGD,Bangladesh,2007,FM.LBL.BMNY.GD.ZS,50.2819117580457
BGD,Bangladesh,2006,FM.LBL.BMNY.GD.ZS,50.4759985553139
BGD,Bangladesh,2005,FM.LBL.BMNY.GD.ZS,47.4210681471904
BRB,Barbados,2023,FM.LBL.BMNY.GD.ZS,97.5264630464489
BRB,Barbados,2022,FM.LBL.BMNY.GD.ZS,101.342968424255
BRB,Barbados,2021,FM.LBL.BMNY.GD.ZS,111.364940152989
BRB,Barbados,2020,FM.LBL.BMNY.GD.ZS,115.703128248197
BRB,Barbados,2019,FM.LBL.BMNY.GD.ZS,94.5186455772233
BRB,Barbados,2018,FM.LBL.BMNY.GD.ZS,94.3319339391399
BRB,Barbados,2017,FM.LBL.BMNY.GD.ZS,96.9365231767651
BRB,Barbados,2016,FM.LBL.BMNY.GD.ZS,98.6119714024471
BRB,Barbados,2015,FM.LBL.BMNY.GD.ZS,94.3379942953109
BRB,Barbados,2014,FM.LBL.BMNY.GD.ZS,89.1262415720115
BRB,Barbados,2013,FM.LBL.BMNY.GD.ZS,86.7683812494578
BRB,Barbados,2012,FM.LBL.BMNY.GD.ZS,86.2705368690813
BRB,Barbados,2009,FM.LBL.BMNY.GD.ZS,122.546014587235
BRB,Barbados,2008,FM.LBL.BMNY.GD.ZS,113.616764035499
BRB,Barbados,2007,FM.LBL.BMNY.GD.ZS,115.074499601718
BRB,Barbados,2006,FM.LBL.BMNY.GD.ZS,105.517530431624
BRB,Barbados,2005,FM.LBL.BMNY.GD.ZS,110.596216782301
BLR,Belarus,2021,FM.LBL.BMNY.GD.ZS,30.7280369065859
BLR,Belarus,2020,FM.LBL.BMNY.GD.ZS,33.9302611928336
BLR,Belarus,2019,FM.LBL.BMNY.GD.ZS,36.0045556596649
BLR,Belarus,2018,FM.LBL.BMNY.GD.ZS,35.3441913281344
BLR,Belarus,2017,FM.LBL.BMNY.GD.ZS,37.6824804445939
BLR,Belarus,2016,FM.LBL.BMNY.GD.ZS,35.7402034226534
BLR,Belarus,2015,FM.LBL.BMNY.GD.ZS,36.3629729392154
BLR,Belarus,2014,FM.LBL.BMNY.GD.ZS,29.7151774519675
BLR,Belarus,2013,FM.LBL.BMNY.GD.ZS,28.8221408448184
BLR,Belarus,2012,FM.LBL.BMNY.GD.ZS,29.4537701826843
BLR,Belarus,2011,FM.LBL.BMNY.GD.ZS,36.1910930690491
BLR,Belarus,2010,FM.LBL.BMNY.GD.ZS,29.4840203724149
BLR,Belarus,2009,FM.LBL.BMNY.GD.ZS,26.8187235249449
BLR,Belarus,2008,FM.LBL.BMNY.GD.ZS,23.8546185862172
BLR,Belarus,2007,FM.LBL.BMNY.GD.ZS,25.2209559379737
BLR,Belarus,2006,FM.LBL.BMNY.GD.ZS,22.0846831594484
BLR,Belarus,2005,FM.LBL.BMNY.GD.ZS,19.3194242558835
BLZ,Belize,2025,FM.LBL.BMNY.GD.ZS,77.4550695744777
BLZ,Belize,2024,FM.LBL.BMNY.GD.ZS,75.911327251465
BLZ,Belize,2023,FM.LBL.BMNY.GD.ZS,72.8543535166111
BLZ,Belize,2022,FM.LBL.BMNY.GD.ZS,72.1903705376197
BLZ,Belize,2021,FM.LBL.BMNY.GD.ZS,81.7689753194862
BLZ,Belize,2020,FM.LBL.BMNY.GD.ZS,86.3046097948473
BLZ,Belize,2019,FM.LBL.BMNY.GD.ZS,66.2980328276074
BLZ,Belize,2018,FM.LBL.BMNY.GD.ZS,65.9980677306884
BLZ,Belize,2017,FM.LBL.BMNY.GD.ZS,64.8573233460351
BLZ,Belize,2016,FM.LBL.BMNY.GD.ZS,65.8652276415981
BLZ,Belize,2015,FM.LBL.BMNY.GD.ZS,65.5262151735642
BLZ,Belize,2014,FM.LBL.BMNY.GD.ZS,62.4825588534825
BLZ,Belize,2013,FM.LBL.BMNY.GD.ZS,60.8437391816382
BLZ,Belize,2012,FM.LBL.BMNY.GD.ZS,63.7299723736603
BLZ,Belize,2011,FM.LBL.BMNY.GD.ZS,60.0899626275547
BLZ,Belize,2010,FM.LBL.BMNY.GD.ZS,59.7710241371527
BLZ,Belize,2009,FM.LBL.BMNY.GD.ZS,62.0010478463507
BLZ,Belize,2008,FM.LBL.BMNY.GD.ZS,56.5627646901246
BLZ,Belize,2007,FM.LBL.BMNY.GD.ZS,50.8765052723159
BLZ,Belize,2006,FM.LBL.BMNY.GD.ZS,47.3068611066802
BLZ,Belize,2005,FM.LBL.BMNY.GD.ZS,43.8156549583178
BEN,Benin,2025,FM.LBL.BMNY.GD.ZS,29.5589533314866
BEN,Benin,2024,FM.LBL.BMNY.GD.ZS,28.1253915565527
BEN,Benin,2023,FM.LBL.BMNY.GD.ZS,30.268491621815
BEN,Benin,2022,FM.LBL.BMNY.GD.ZS,33.4262920130361
BEN,Benin,2021,FM.LBL.BMNY.GD.ZS,32.7281612646488
BEN,Benin,2020,FM.LBL.BMNY.GD.ZS,30.5466451421651
BEN,Benin,2019,FM.LBL.BMNY.GD.ZS,27.8216327591835
BEN,Benin,2018,FM.LBL.BMNY.GD.ZS,27.9343009114216
BEN,Benin,2017,FM.LBL.BMNY.GD.ZS,28.6309908502176
BEN,Benin,2016,FM.LBL.BMNY.GD.ZS,29.8320946092057
BEN,Benin,2015,FM.LBL.BMNY.GD.ZS,30.9847606493043
BEN,Benin,2014,FM.LBL.BMNY.GD.ZS,29.9654302622445
BEN,Benin,2013,FM.LBL.BMNY.GD.ZS,26.8619707362547
BEN,Benin,2012,FM.LBL.BMNY.GD.ZS,24.8831507282871
BEN,Benin,2011,FM.LBL.BMNY.GD.ZS,26.1382333435945
BEN,Benin,2010,FM.LBL.BMNY.GD.ZS,25.5234386493141
BEN,Benin,2009,FM.LBL.BMNY.GD.ZS,23.9524195587132
BEN,Benin,2008,FM.LBL.BMNY.GD.ZS,23.2666022946797
BEN,Benin,2007,FM.LBL.BMNY.GD.ZS,20.7109819579844
BEN,Benin,2006,FM.LBL.BMNY.GD.ZS,18.5348372060989
BEN,Benin,2005,FM.LBL.BMNY.GD.ZS,15.4599715800366
BTN,Bhutan,2024,FM.LBL.BMNY.GD.ZS,83.3465068383857
BTN,Bhutan,2023,FM.LBL.BMNY.GD.ZS,84.0958750262152
BTN,Bhutan,2022,FM.LBL.BMNY.GD.ZS,86.6684640262381
BTN,Bhutan,2021,FM.LBL.BMNY.GD.ZS,87.2733152826067
BTN,Bhutan,2020,FM.LBL.BMNY.GD.ZS,95.0386160900432
BTN,Bhutan,2019,FM.LBL.BMNY.GD.ZS,70.1856322709485
BTN,Bhutan,2018,FM.LBL.BMNY.GD.ZS,68.0727888928965
BTN,Bhutan,2017,FM.LBL.BMNY.GD.ZS,66.8861845021585
BTN,Bhutan,2016,FM.LBL.BMNY.GD.ZS,60.7292405134645
BTN,Bhutan,2015,FM.LBL.BMNY.GD.ZS,55.4856673223175
BTN,Bhutan,2014,FM.LBL.BMNY.GD.ZS,58.7955047901205
BTN,Bhutan,2013,FM.LBL.BMNY.GD.ZS,52.269871161227
BTN,Bhutan,2012,FM.LBL.BMNY.GD.ZS,54.4166415523476
BTN,Bhutan,2011,FM.LBL.BMNY.GD.ZS,58.7670397074705
BTN,Bhutan,2010,FM.LBL.BMNY.GD.ZS,66.4991290563516
BTN,Bhutan,2009,FM.LBL.BMNY.GD.ZS,69.1265171494716
BTN,Bhutan,2008,FM.LBL.BMNY.GD.ZS,61.7583180578183
BTN,Bhutan,2007,FM.LBL.BMNY.GD.ZS,54.0336410211856
BTN,Bhutan,2006,FM.LBL.BMNY.GD.ZS,58.7576532430025
BTN,Bhutan,2005,FM.LBL.BMNY.GD.ZS,55.7488991800477
BOL,Bolivia,2025,FM.LBL.BMNY.GD.ZS,57.5882395481443
BOL,Bolivia,2024,FM.LBL.BMNY.GD.ZS,59.7738180893108
BOL,Bolivia,2023,FM.LBL.BMNY.GD.ZS,56.0619441577511
BOL,Bolivia,2022,FM.LBL.BMNY.GD.ZS,56.9392153032838
BOL,Bolivia,2021,FM.LBL.BMNY.GD.ZS,57.6609059427394
BOL,Bolivia,2020,FM.LBL.BMNY.GD.ZS,58.8974671798177
BOL,Bolivia,2019,FM.LBL.BMNY.GD.ZS,72.5212477557551
BOL,Bolivia,2018,FM.LBL.BMNY.GD.ZS,74.6494677895611
BOL,Bolivia,2017,FM.LBL.BMNY.GD.ZS,75.5697135966742
BOL,Bolivia,2016,FM.LBL.BMNY.GD.ZS,92.9693808824292
BOL,Bolivia,2015,FM.LBL.BMNY.GD.ZS,95.6178161105184
BOL,Bolivia,2014,FM.LBL.BMNY.GD.ZS,84.5230679036935
BOL,Bolivia,2013,FM.LBL.BMNY.GD.ZS,78.6599622330564
BOL,Bolivia,2012,FM.LBL.BMNY.GD.ZS,75.3900148041806
BOL,Bolivia,2011,FM.LBL.BMNY.GD.ZS,71.1065192908019
BOL,Bolivia,2010,FM.LBL.BMNY.GD.ZS,69.7187384776906
BOL,Bolivia,2009,FM.LBL.BMNY.GD.ZS,70.1103985691524
BOL,Bolivia,2008,FM.LBL.BMNY.GD.ZS,64.207384597071
BOL,Bolivia,2007,FM.LBL.BMNY.GD.ZS,60.333265491656
BOL,Bolivia,2006,FM.LBL.BMNY.GD.ZS,53.36272918429
BOL,Bolivia,2005,FM.LBL.BMNY.GD.ZS,51.5273082664293
BIH,Bosnia and Herzegovina,2024,FM.LBL.BMNY.GD.ZS,72.8015517086402
BIH,Bosnia and Herzegovina,2023,FM.LBL.BMNY.GD.ZS,71.6960598657418
BIH,Bosnia and Herzegovina,2022,FM.LBL.BMNY.GD.ZS,72.866041517703
BIH,Bosnia and Herzegovina,2021,FM.LBL.BMNY.GD.ZS,80.5091564949746
BIH,Bosnia and Herzegovina,2020,FM.LBL.BMNY.GD.ZS,81.3447237207056
BIH,Bosnia and Herzegovina,2019,FM.LBL.BMNY.GD.ZS,73.5860907463056
BIH,Bosnia and Herzegovina,2018,FM.LBL.BMNY.GD.ZS,71.2722751822106
BIH,Bosnia and Herzegovina,2017,FM.LBL.BMNY.GD.ZS,69.5421267426485
BIH,Bosnia and Herzegovina,2016,FM.LBL.BMNY.GD.ZS,66.7354653207651
BIH,Bosnia and Herzegovina,2015,FM.LBL.BMNY.GD.ZS,64.4586707516122
BIH,Bosnia and Herzegovina,2014,FM.LBL.BMNY.GD.ZS,63.120450052242
BIH,Bosnia and Herzegovina,2013,FM.LBL.BMNY.GD.ZS,60.0983407320841
BIH,Bosnia and Herzegovina,2012,FM.LBL.BMNY.GD.ZS,56.8579492253314
BIH,Bosnia and Herzegovina,2011,FM.LBL.BMNY.GD.ZS,54.9625473876933
BIH,Bosnia and Herzegovina,2010,FM.LBL.BMNY.GD.ZS,53.7242906558004
BIH,Bosnia and Herzegovina,2009,FM.LBL.BMNY.GD.ZS,51.2493933046102
BIH,Bosnia and Herzegovina,2008,FM.LBL.BMNY.GD.ZS,48.7445903658457
BIH,Bosnia and Herzegovina,2007,FM.LBL.BMNY.GD.ZS,53.012614165276
BIH,Bosnia and Herzegovina,2006,FM.LBL.BMNY.GD.ZS,49.36778305615
BIH,Bosnia and Herzegovina,2005,FM.LBL.BMNY.GD.ZS,45.7503518048637
BWA,Botswana,2024,FM.LBL.BMNY.GD.ZS,44.0998695996348
BWA,Botswana,2023,FM.LBL.BMNY.GD.ZS,41.7024582351234
BWA,Botswana,2022,FM.LBL.BMNY.GD.ZS,40.0500790413335
BWA,Botswana,2021,FM.LBL.BMNY.GD.ZS,45.345713708527
BWA,Botswana,2020,FM.LBL.BMNY.GD.ZS,52.3734519585463
BWA,Botswana,2019,FM.LBL.BMNY.GD.ZS,47.1185707035898
BWA,Botswana,2018,FM.LBL.BMNY.GD.ZS,45.1835202596699
BWA,Botswana,2017,FM.LBL.BMNY.GD.ZS,43.4852588305467
BWA,Botswana,2016,FM.LBL.BMNY.GD.ZS,42.9088545386839
BWA,Botswana,2015,FM.LBL.BMNY.GD.ZS,48.8432930350265
BWA,Botswana,2014,FM.LBL.BMNY.GD.ZS,40.2145223107546
BWA,Botswana,2013,FM.LBL.BMNY.GD.ZS,44.5408963251605
BWA,Botswana,2012,FM.LBL.BMNY.GD.ZS,46.3360841335406
BWA,Botswana,2011,FM.LBL.BMNY.GD.ZS,43.3206056577116
BWA,Botswana,2010,FM.LBL.BMNY.GD.ZS,49.9227194246318
BWA,Botswana,2009,FM.LBL.BMNY.GD.ZS,53.4769363816476
BWA,Botswana,2008,FM.LBL.BMNY.GD.ZS,53.5475302533667
BWA,Botswana,2007,FM.LBL.BMNY.GD.ZS,49.7863917216888
BWA,Botswana,2006,FM.LBL.BMNY.GD.ZS,42.4813576164307
BWA,Botswana,2005,FM.LBL.BMNY.GD.ZS,44.4258385493897
BRA,Brazil,2025,FM.LBL.BMNY.GD.ZS,118.229901320866
BRA,Brazil,2024,FM.LBL.BMNY.GD.ZS,116.396554863568
BRA,Brazil,2023,FM.LBL.BMNY.GD.ZS,110.184539262781
BRA,Brazil,2022,FM.LBL.BMNY.GD.ZS,104.302214318332
BRA,Brazil,2021,FM.LBL.BMNY.GD.ZS,103.465634483918
BRA,Brazil,2020,FM.LBL.BMNY.GD.ZS,109.154217103393
BRA,Brazil,2019,FM.LBL.BMNY.GD.ZS,96.0578504265864
BRA,Brazil,2018,FM.LBL.BMNY.GD.ZS,93.7130340304617
BRA,Brazil,2017,FM.LBL.BMNY.GD.ZS,93.05959919945
BRA,Brazil,2016,FM.LBL.BMNY.GD.ZS,93.8211379334009
BRA,Brazil,2015,FM.LBL.BMNY.GD.ZS,88.0696276488211
BRA,Brazil,2014,FM.LBL.BMNY.GD.ZS,81.9065640141112
BRA,Brazil,2013,FM.LBL.BMNY.GD.ZS,78.6265278077097
BRA,Brazil,2012,FM.LBL.BMNY.GD.ZS,79.0528620285005
BRA,Brazil,2011,FM.LBL.BMNY.GD.ZS,76.8252751388075
BRA,Brazil,2010,FM.LBL.BMNY.GD.ZS,74.2193801456555
BRA,Brazil,2009,FM.LBL.BMNY.GD.ZS,76.0904194419747
BRA,Brazil,2008,FM.LBL.BMNY.GD.ZS,70.4894529717055
BRA,Brazil,2007,FM.LBL.BMNY.GD.ZS,68.3591986263751
BRA,Brazil,2006,FM.LBL.BMNY.GD.ZS,63.249779480805
BRA,Brazil,2005,FM.LBL.BMNY.GD.ZS,60.1330444575852
BRN,Brunei Darussalam,2025,FM.LBL.BMNY.GD.ZS,89.148618919973
BRN,Brunei Darussalam,2024,FM.LBL.BMNY.GD.ZS,83.6932053811935
BRN,Brunei Darussalam,2023,FM.LBL.BMNY.GD.ZS,81.6432218882984
BRN,Brunei Darussalam,2022,FM.LBL.BMNY.GD.ZS,70.0722004512652
BRN,Brunei Darussalam,2021,FM.LBL.BMNY.GD.ZS,84.5793431319198
BRN,Brunei Darussalam,2020,FM.LBL.BMNY.GD.ZS,93.5750183604324
BRN,Brunei Darussalam,2019,FM.LBL.BMNY.GD.ZS,84.7187705401513
BRN,Brunei Darussalam,2018,FM.LBL.BMNY.GD.ZS,81.5802203969611
BRN,Brunei Darussalam,2017,FM.LBL.BMNY.GD.ZS,86.6853002899154
BRN,Brunei Darussalam,2016,FM.LBL.BMNY.GD.ZS,92.5985772561352
BRN,Brunei Darussalam,2015,FM.LBL.BMNY.GD.ZS,80.8040830507332
BRN,Brunei Darussalam,2014,FM.LBL.BMNY.GD.ZS,67.4985955289652
BRN,Brunei Darussalam,2013,FM.LBL.BMNY.GD.ZS,62.5753893821443
BRN,Brunei Darussalam,2012,FM.LBL.BMNY.GD.ZS,58.6564677483239
BRN,Brunei Darussalam,2011,FM.LBL.BMNY.GD.ZS,59.38049569813
BRN,Brunei Darussalam,2010,FM.LBL.BMNY.GD.ZS,67.2719682671391
BRN,Brunei Darussalam,2009,FM.LBL.BMNY.GD.ZS,69.230253814581
BRN,Brunei Darussalam,2008,FM.LBL.BMNY.GD.ZS,48.4704309592234
BRN,Brunei Darussalam,2007,FM.LBL.BMNY.GD.ZS,49.3181069823192
BRN,Brunei Darussalam,2006,FM.LBL.BMNY.GD.ZS,46.5682553370729
BRN,Brunei Darussalam,2005,FM.LBL.BMNY.GD.ZS,52.192656257295
BGR,Bulgaria,2024,FM.LBL.BMNY.GD.ZS,82.1247551305945
BGR,Bulgaria,2023,FM.LBL.BMNY.GD.ZS,83.7092079153999
BGR,Bulgaria,2022,FM.LBL.BMNY.GD.ZS,84.5677338124984
BGR,Bulgaria,2021,FM.LBL.BMNY.GD.ZS,90.1390734277953
BGR,Bulgaria,2020,FM.LBL.BMNY.GD.ZS,93.9180177290983
BGR,Bulgaria,2019,FM.LBL.BMNY.GD.ZS,85.6142884503885
BGR,Bulgaria,2018,FM.LBL.BMNY.GD.ZS,85.1420949178667
BGR,Bulgaria,2017,FM.LBL.BMNY.GD.ZS,83.4873053752186
BGR,Bulgaria,2016,FM.LBL.BMNY.GD.ZS,83.4760268764866
BGR,Bulgaria,2015,FM.LBL.BMNY.GD.ZS,82.5791981613025
BGR,Bulgaria,2014,FM.LBL.BMNY.GD.ZS,80.8176903666788
BGR,Bulgaria,2013,FM.LBL.BMNY.GD.ZS,81.7437234293929
BGR,Bulgaria,2012,FM.LBL.BMNY.GD.ZS,74.6848872534216
BGR,Bulgaria,2011,FM.LBL.BMNY.GD.ZS,70.1645052468802
BGR,Bulgaria,2010,FM.LBL.BMNY.GD.ZS,67.7561552497202
BGR,Bulgaria,2009,FM.LBL.BMNY.GD.ZS,65.2237692745482
BGR,Bulgaria,2008,FM.LBL.BMNY.GD.ZS,62.8989714872061
BGR,Bulgaria,2007,FM.LBL.BMNY.GD.ZS,66.2925209535526
BGR,Bulgaria,2006,FM.LBL.BMNY.GD.ZS,59.8066299417092
BGR,Bulgaria,2005,FM.LBL.BMNY.GD.ZS,53.7242343324338
BFA,Burkina Faso,2025,FM.LBL.BMNY.GD.ZS,43.3101950311629
BFA,Burkina Faso,2024,FM.LBL.BMNY.GD.ZS,42.2860592781264
BFA,Burkina Faso,2023,FM.LBL.BMNY.GD.ZS,45.5242016122461
BFA,Burkina Faso,2022,FM.LBL.BMNY.GD.ZS,49.2158648743744
BFA,Burkina Faso,2021,FM.LBL.BMNY.GD.ZS,51.1321303038172
BFA,Burkina Faso,2020,FM.LBL.BMNY.GD.ZS,46.8446169956733
BFA,Burkina Faso,2019,FM.LBL.BMNY.GD.ZS,43.1817672363833
BFA,Burkina Faso,2018,FM.LBL.BMNY.GD.ZS,42.1281649957099
BFA,Burkina Faso,2017,FM.LBL.BMNY.GD.ZS,41.1011430661806
BFA,Burkina Faso,2016,FM.LBL.BMNY.GD.ZS,36.5625742997606
BFA,Burkina Faso,2015,FM.LBL.BMNY.GD.ZS,35.5971028843395
BFA,Burkina Faso,2014,FM.LBL.BMNY.GD.ZS,30.2894261109739
BFA,Burkina Faso,2013,FM.LBL.BMNY.GD.ZS,28.2873353776802
BFA,Burkina Faso,2012,FM.LBL.BMNY.GD.ZS,26.4211963324223
BFA,Burkina Faso,2011,FM.LBL.BMNY.GD.ZS,25.7564537101449
BFA,Burkina Faso,2010,FM.LBL.BMNY.GD.ZS,25.6262389906549
BFA,Burkina Faso,2009,FM.LBL.BMNY.GD.ZS,24.450580568313
BFA,Burkina Faso,2008,FM.LBL.BMNY.GD.ZS,20.8826596935394
BFA,Burkina Faso,2007,FM.LBL.BMNY.GD.ZS,18.9952949594834
BFA,Burkina Faso,2006,FM.LBL.BMNY.GD.ZS,18.7747960550847
BFA,Burkina Faso,2005,FM.LBL.BMNY.GD.ZS,17.9641579126181
BDI,Burundi,2025,FM.LBL.BMNY.GD.ZS,44.595968474829
BDI,Burundi,2024,FM.LBL.BMNY.GD.ZS,45.8712035303075
BDI,Burundi,2023,FM.LBL.BMNY.GD.ZS,44.9056437604334
BDI,Burundi,2022,FM.LBL.BMNY.GD.ZS,47.016417489061
BDI,Burundi,2021,FM.LBL.BMNY.GD.ZS,40.319482214093
BDI,Burundi,2020,FM.LBL.BMNY.GD.ZS,38.4389301991211
BDI,Burundi,2019,FM.LBL.BMNY.GD.ZS,35.5510470669746
BDI,Burundi,2018,FM.LBL.BMNY.GD.ZS,30.3917072741844
BDI,Burundi,2017,FM.LBL.BMNY.GD.ZS,26.2974722725836
BDI,Burundi,2016,FM.LBL.BMNY.GD.ZS,24.4852969840702
BDI,Burundi,2015,FM.LBL.BMNY.GD.ZS,25.0432787550205
BDI,Burundi,2014,FM.LBL.BMNY.GD.ZS,26.4533319187798
BDI,Burundi,2013,FM.LBL.BMNY.GD.ZS,25.8819425264112
BDI,Burundi,2012,FM.LBL.BMNY.GD.ZS,26.1297784433938
BDI,Burundi,2011,FM.LBL.BMNY.GD.ZS,26.805998695761
BDI,Burundi,2010,FM.LBL.BMNY.GD.ZS,28.2427285653968
BDI,Burundi,2009,FM.LBL.BMNY.GD.ZS,25.8770374379
BDI,Burundi,2008,FM.LBL.BMNY.GD.ZS,25.2588848848776
BDI,Burundi,2007,FM.LBL.BMNY.GD.ZS,24.619613407841
BDI,Burundi,2006,FM.LBL.BMNY.GD.ZS,26.2748698373922
BDI,Burundi,2005,FM.LBL.BMNY.GD.ZS,23.2228639248364
CPV,Cabo Verde,2025,FM.LBL.BMNY.GD.ZS,94.1811778899116
CPV,Cabo Verde,2024,FM.LBL.BMNY.GD.ZS,93.2607076570017
CPV,Cabo Verde,2023,FM.LBL.BMNY.GD.ZS,93.8990862064933
CPV,Cabo Verde,2022,FM.LBL.BMNY.GD.ZS,95.6128458272429
CPV,Cabo Verde,2021,FM.LBL.BMNY.GD.ZS,111.328335497979
CPV,Cabo Verde,2020,FM.LBL.BMNY.GD.ZS,117.207977472991
CPV,Cabo Verde,2019,FM.LBL.BMNY.GD.ZS,89.7736167899788
CPV,Cabo Verde,2018,FM.LBL.BMNY.GD.ZS,89.146825081916
CPV,Cabo Verde,2017,FM.LBL.BMNY.GD.ZS,92.733881656721
CPV,Cabo Verde,2016,FM.LBL.BMNY.GD.ZS,92.2130330102213
CPV,Cabo Verde,2015,FM.LBL.BMNY.GD.ZS,90.2355435905366
CPV,Cabo Verde,2014,FM.LBL.BMNY.GD.ZS,87.1221741798431
CPV,Cabo Verde,2013,FM.LBL.BMNY.GD.ZS,81.5743854193041
CPV,Cabo Verde,2012,FM.LBL.BMNY.GD.ZS,74.7307784158382
CPV,Cabo Verde,2011,FM.LBL.BMNY.GD.ZS,71.5421051455497
CPV,Cabo Verde,2010,FM.LBL.BMNY.GD.ZS,73.0436006292437
CPV,Cabo Verde,2009,FM.LBL.BMNY.GD.ZS,71.0321628337926
CPV,Cabo Verde,2008,FM.LBL.BMNY.GD.ZS,68.9449933497726
CPV,Cabo Verde,2007,FM.LBL.BMNY.GD.ZS,71.1488112717832
CPV,Cabo Verde,2006,FM.LBL.BMNY.GD.ZS,87.7357029893905
CPV,Cabo Verde,2005,FM.LBL.BMNY.GD.ZS,83.9926726482993
KHM,Cambodia,2025,FM.LBL.BMNY.GD.ZS,124.798030179941
KHM,Cambodia,2024,FM.LBL.BMNY.GD.ZS,120.490423515616
KHM,Cambodia,2023,FM.LBL.BMNY.GD.ZS,111.207073943439
KHM,Cambodia,2022,FM.LBL.BMNY.GD.ZS,104.817190133219
KHM,Cambodia,2021,FM.LBL.BMNY.GD.ZS,105.402323382202
KHM,Cambodia,2020,FM.LBL.BMNY.GD.ZS,95.8171140933626
KHM,Cambodia,2019,FM.LBL.BMNY.GD.ZS,79.4957002219874
KHM,Cambodia,2018,FM.LBL.BMNY.GD.ZS,74.6505901845183
KHM,Cambodia,2017,FM.LBL.BMNY.GD.ZS,66.6143048461621
KHM,Cambodia,2016,FM.LBL.BMNY.GD.ZS,59.6772873985936
KHM,Cambodia,2015,FM.LBL.BMNY.GD.ZS,54.0599818698712
KHM,Cambodia,2014,FM.LBL.BMNY.GD.ZS,51.0567705606563
KHM,Cambodia,2013,FM.LBL.BMNY.GD.ZS,43.3172830099668
KHM,Cambodia,2012,FM.LBL.BMNY.GD.ZS,39.4519266838103
KHM,Cambodia,2011,FM.LBL.BMNY.GD.ZS,31.2678877991878
KHM,Cambodia,2010,FM.LBL.BMNY.GD.ZS,33.8731484201671
KHM,Cambodia,2009,FM.LBL.BMNY.GD.ZS,31.1811886246228
KHM,Cambodia,2008,FM.LBL.BMNY.GD.ZS,24.1147968902835
KHM,Cambodia,2007,FM.LBL.BMNY.GD.ZS,27.4766104246117
KHM,Cambodia,2006,FM.LBL.BMNY.GD.ZS,20.3554410879328
KHM,Cambodia,2005,FM.LBL.BMNY.GD.ZS,17.1602588319069
CMR,Cameroon,2018,FM.LBL.BMNY.GD.ZS,21.401849245219
CMR,Cameroon,2017,FM.LBL.BMNY.GD.ZS,19.8972084405868
CMR,Cameroon,2016,FM.LBL.BMNY.GD.ZS,19.7406341351971
CMR,Cameroon,2015,FM.LBL.BMNY.GD.ZS,19.7832423088138
CMR,Cameroon,2014,FM.LBL.BMNY.GD.ZS,19.2725607454566
CMR,Cameroon,2013,FM.LBL.BMNY.GD.ZS,18.3545710209579
CMR,Cameroon,2012,FM.LBL.BMNY.GD.ZS,17.8203382055767
CMR,Cameroon,2011,FM.LBL.BMNY.GD.ZS,19.0180387164544
CMR,Cameroon,2010,FM.LBL.BMNY.GD.ZS,18.314405045246
CMR,Cameroon,2009,FM.LBL.BMNY.GD.ZS,16.6728729156932
CMR,Cameroon,2008,FM.LBL.BMNY.GD.ZS,16.3715836247368
CMR,Cameroon,2007,FM.LBL.BMNY.GD.ZS,15.5063350261574
CMR,Cameroon,2006,FM.LBL.BMNY.GD.ZS,14.1520910010792
CMR,Cameroon,2005,FM.LBL.BMNY.GD.ZS,13.8993501294851
CAN,Canada,2008,FM.LBL.BMNY.GD.ZS,122.643049128448
CAN,Canada,2007,FM.LBL.BMNY.GD.ZS,112.088553744153
CAN,Canada,2006,FM.LBL.BMNY.GD.ZS,158.711018612806
CAN,Canada,2005,FM.LBL.BMNY.GD.ZS,148.548339564641
CAF,Central African Republic,2022,FM.LBL.BMNY.GD.ZS,32.898674102562
CAF,Central African Republic,2021,FM.LBL.BMNY.GD.ZS,34.1857652363234
CAF,Central African Republic,2020,FM.LBL.BMNY.GD.ZS,31.0917934655786
CAF,Central African Republic,2019,FM.LBL.BMNY.GD.ZS,28.7013697066065
CAF,Central African Republic,2018,FM.LBL.BMNY.GD.ZS,27.8010918950905
CAF,Central African Republic,2017,FM.LBL.BMNY.GD.ZS,24.9906093454464
CAF,Central African Republic,2016,FM.LBL.BMNY.GD.ZS,25.208041304983
CAF,Central African Republic,2015,FM.LBL.BMNY.GD.ZS,25.7138497015735
CAF,Central African Republic,2014,FM.LBL.BMNY.GD.ZS,26.1656430570193
CAF,Central African Republic,2013,FM.LBL.BMNY.GD.ZS,25.5729526376708
CAF,Central African Republic,2012,FM.LBL.BMNY.GD.ZS,15.7845783384482
CAF,Central African Republic,2011,FM.LBL.BMNY.GD.ZS,17.3376006183327
CAF,Central African Republic,2010,FM.LBL.BMNY.GD.ZS,16.5114673317348
CAF,Central African Republic,2009,FM.LBL.BMNY.GD.ZS,15.5031081709309
CAF,Central African Republic,2008,FM.LBL.BMNY.GD.ZS,15.1768159629271
CAF,Central African Republic,2007,FM.LBL.BMNY.GD.ZS,14.0040339877604
CAF,Central African Republic,2006,FM.LBL.BMNY.GD.ZS,15.9233900693061
CAF,Central African Republic,2005,FM.LBL.BMNY.GD.ZS,18.0693378091793
TCD,Chad,2021,FM.LBL.BMNY.GD.ZS,15.984500652896
TCD,Chad,2020,FM.LBL.BMNY.GD.ZS,15.3120934124957
TCD,Chad,2019,FM.LBL.BMNY.GD.ZS,12.8212485831541
TCD,Chad,2018,FM.LBL.BMNY.GD.ZS,10.7191805601758
TCD,Chad,2017,FM.LBL.BMNY.GD.ZS,11.6969722537549
TCD,Chad,2016,FM.LBL.BMNY.GD.ZS,12.2811689052555
TCD,Chad,2015,FM.LBL.BMNY.GD.ZS,11.9315892413338
TCD,Chad,2014,FM.LBL.BMNY.GD.ZS,12.0294799460796
TCD,Chad,2013,FM.LBL.BMNY.GD.ZS,9.65711185947141
TCD,Chad,2012,FM.LBL.BMNY.GD.ZS,8.58548219684348
TCD,Chad,2011,FM.LBL.BMNY.GD.ZS,8.79224929996722
TCD,Chad,2010,FM.LBL.BMNY.GD.ZS,8.70140951220497
TCD,Chad,2009,FM.LBL.BMNY.GD.ZS,8.33574882696176
TCD,Chad,2008,FM.LBL.BMNY.GD.ZS,8.48248041674512
TCD,Chad,2007,FM.LBL.BMNY.GD.ZS,7.70608483788778
TCD,Chad,2006,FM.LBL.BMNY.GD.ZS,7.47697747794766
TCD,Chad,2005,FM.LBL.BMNY.GD.ZS,5.5448073534234
CHL,Chile,2024,FM.LBL.BMNY.GD.ZS,75.3010962079218
CHL,Chile,2023,FM.LBL.BMNY.GD.ZS,84.7276076965397
CHL,Chile,2022,FM.LBL.BMNY.GD.ZS,88.5814938100926
CHL,Chile,2021,FM.LBL.BMNY.GD.ZS,93.6812290850655
CHL,Chile,2020,FM.LBL.BMNY.GD.ZS,93.4578056657497
CHL,Chile,2019,FM.LBL.BMNY.GD.ZS,84.3460726576943
CHL,Chile,2018,FM.LBL.BMNY.GD.ZS,77.6283662494242
CHL,Chile,2017,FM.LBL.BMNY.GD.ZS,78.7199595324282
CHL,Chile,2016,FM.LBL.BMNY.GD.ZS,83.1785995260205
CHL,Chile,2015,FM.LBL.BMNY.GD.ZS,84.3614971842408
CHL,Chile,2014,FM.LBL.BMNY.GD.ZS,82.8631981458662
CHL,Chile,2013,FM.LBL.BMNY.GD.ZS,82.1072382772303
CHL,Chile,2012,FM.LBL.BMNY.GD.ZS,77.62592392464
CHL,Chile,2011,FM.LBL.BMNY.GD.ZS,75.2788829672037
CHL,Chile,2010,FM.LBL.BMNY.GD.ZS,67.1985883057264
CHL,Chile,2009,FM.LBL.BMNY.GD.ZS,71.8856024938326
CHL,Chile,2008,FM.LBL.BMNY.GD.ZS,77.2544346704345
CHL,Chile,2007,FM.LBL.BMNY.GD.ZS,80.2415976468579
CHL,Chile,2006,FM.LBL.BMNY.GD.ZS,74.6775425841278
CHL,Chile,2005,FM.LBL.BMNY.GD.ZS,74.652895386403
CHN,China,2024,FM.LBL.BMNY.GD.ZS,227.669028630796
CHN,China,2023,FM.LBL.BMNY.GD.ZS,222.011222933801
CHN,China,2022,FM.LBL.BMNY.GD.ZS,211.972452276011
CHN,China,2021,FM.LBL.BMNY.GD.ZS,199.568437256614
CHN,China,2020,FM.LBL.BMNY.GD.ZS,207.530288794204
CHN,China,2019,FM.LBL.BMNY.GD.ZS,194.078381206535
CHN,China,2018,FM.LBL.BMNY.GD.ZS,191.550070069751
CHN,China,2017,FM.LBL.BMNY.GD.ZS,197.758726760426
CHN,China,2016,FM.LBL.BMNY.GD.ZS,203.636484929709
CHN,China,2015,FM.LBL.BMNY.GD.ZS,198.185813599802
CHN,China,2014,FM.LBL.BMNY.GD.ZS,187.314251294572
CHN,China,2013,FM.LBL.BMNY.GD.ZS,183.302565918285
CHN,China,2012,FM.LBL.BMNY.GD.ZS,177.923288760071
CHN,China,2011,FM.LBL.BMNY.GD.ZS,171.792982609304
CHN,China,2010,FM.LBL.BMNY.GD.ZS,173.1296534949
CHN,China,2009,FM.LBL.BMNY.GD.ZS,172.126190075826
CHN,China,2008,FM.LBL.BMNY.GD.ZS,146.512649012789
CHN,China,2007,FM.LBL.BMNY.GD.ZS,147.145178873564
CHN,China,2006,FM.LBL.BMNY.GD.ZS,155.272748838162
CHN,China,2005,FM.LBL.BMNY.GD.ZS,149.026378631702
COL,Colombia,2025,FM.LBL.BMNY.GD.ZS,43.0573709241956
COL,Colombia,2024,FM.LBL.BMNY.GD.ZS,41.6326257654751
COL,Colombia,2023,FM.LBL.BMNY.GD.ZS,40.3630114624654
COL,Colombia,2022,FM.LBL.BMNY.GD.ZS,41.7580320066953
COL,Colombia,2021,FM.LBL.BMNY.GD.ZS,45.8298287956533
COL,Colombia,2020,FM.LBL.BMNY.GD.ZS,46.9413813299507
COL,Colombia,2019,FM.LBL.BMNY.GD.ZS,36.86598903815
COL,Colombia,2018,FM.LBL.BMNY.GD.ZS,36.9100913802191
COL,Colombia,2017,FM.LBL.BMNY.GD.ZS,49.0241162749341
COL,Colombia,2016,FM.LBL.BMNY.GD.ZS,48.9199583628706
COL,Colombia,2015,FM.LBL.BMNY.GD.ZS,48.9914370832794
COL,Colombia,2014,FM.LBL.BMNY.GD.ZS,46.3781588471125
COL,Colombia,2013,FM.LBL.BMNY.GD.ZS,45.3776099797769
COL,Colombia,2012,FM.LBL.BMNY.GD.ZS,42.7462807925581
COL,Colombia,2011,FM.LBL.BMNY.GD.ZS,39.6524715556766
COL,Colombia,2010,FM.LBL.BMNY.GD.ZS,37.9368625133083
COL,Colombia,2009,FM.LBL.BMNY.GD.ZS,36.920133331889
COL,Colombia,2008,FM.LBL.BMNY.GD.ZS,35.9614943047243
COL,Colombia,2007,FM.LBL.BMNY.GD.ZS,33.7551965296607
COL,Colombia,2006,FM.LBL.BMNY.GD.ZS,32.2883014174959
COL,Colombia,2005,FM.LBL.BMNY.GD.ZS,30.90999647801
COM,Comoros,2025,FM.LBL.BMNY.GD.ZS,36.1007918562692
COM,Comoros,2024,FM.LBL.BMNY.GD.ZS,33.0969873575422
COM,Comoros,2023,FM.LBL.BMNY.GD.ZS,34.5659806941107
COM,Comoros,2022,FM.LBL.BMNY.GD.ZS,35.2686373967433
COM,Comoros,2021,FM.LBL.BMNY.GD.ZS,36.3366922789323
COM,Comoros,2020,FM.LBL.BMNY.GD.ZS,31.3905069607846
COM,Comoros,2019,FM.LBL.BMNY.GD.ZS,27.9360082090592
COM,Comoros,2018,FM.LBL.BMNY.GD.ZS,27.9722249595445
COM,Comoros,2017,FM.LBL.BMNY.GD.ZS,27.2175455164757
COM,Comoros,2016,FM.LBL.BMNY.GD.ZS,27.8636077791238
COM,Comoros,2015,FM.LBL.BMNY.GD.ZS,26.5577926363641
COM,Comoros,2014,FM.LBL.BMNY.GD.ZS,22.8178454882691
COM,Comoros,2013,FM.LBL.BMNY.GD.ZS,21.733373095665
COM,Comoros,2012,FM.LBL.BMNY.GD.ZS,22.4617647750446
COM,Comoros,2011,FM.LBL.BMNY.GD.ZS,20.8317778090046
COM,Comoros,2010,FM.LBL.BMNY.GD.ZS,20.4028005983264
COM,Comoros,2009,FM.LBL.BMNY.GD.ZS,18.0285610620514
COM,Comoros,2008,FM.LBL.BMNY.GD.ZS,16.5833465307162
COM,Comoros,2007,FM.LBL.BMNY.GD.ZS,15.9442378815728
COM,Comoros,2006,FM.LBL.BMNY.GD.ZS,15.4088043393002
COM,Comoros,2005,FM.LBL.BMNY.GD.ZS,14.2565481779877
COD,"Congo, Dem. Rep.",2021,FM.LBL.BMNY.GD.ZS,21.5564385603114
COD,"Congo, Dem. Rep.",2020,FM.LBL.BMNY.GD.ZS,21.7477739808735
COD,"Congo, Dem. Rep.",2019,FM.LBL.BMNY.GD.ZS,16.7186874641726
COD,"Congo, Dem. Rep.",2018,FM.LBL.BMNY.GD.ZS,12.6564111724281
COD,"Congo, Dem. Rep.",2017,FM.LBL.BMNY.GD.ZS,13.6541513915048
COD,"Congo, Dem. Rep.",2016,FM.LBL.BMNY.GD.ZS,13.5668003866896
COD,"Congo, Dem. Rep.",2015,FM.LBL.BMNY.GD.ZS,11.5984767365493
COD,"Congo, Dem. Rep.",2014,FM.LBL.BMNY.GD.ZS,11.1174080264245
COD,"Congo, Dem. Rep.",2013,FM.LBL.BMNY.GD.ZS,10.7235574589915
COD,"Congo, Dem. Rep.",2012,FM.LBL.BMNY.GD.ZS,10.4910922620386
COD,"Congo, Dem. Rep.",2011,FM.LBL.BMNY.GD.ZS,9.89490017567858
COD,"Congo, Dem. Rep.",2010,FM.LBL.BMNY.GD.ZS,9.02941039225899
COD,"Congo, Dem. Rep.",2009,FM.LBL.BMNY.GD.ZS,9.73296477064675
COD,"Congo, Dem. Rep.",2008,FM.LBL.BMNY.GD.ZS,7.38692429885377
COD,"Congo, Dem. Rep.",2007,FM.LBL.BMNY.GD.ZS,6.3767881694153
COD,"Congo, Dem. Rep.",2006,FM.LBL.BMNY.GD.ZS,5.54535538315526
COD,"Congo, Dem. Rep.",2005,FM.LBL.BMNY.GD.ZS,4.2985310260745
COG,"Congo, Rep.",2023,FM.LBL.BMNY.GD.ZS,28.4001283076422
COG,"Congo, Rep.",2022,FM.LBL.BMNY.GD.ZS,24.3993579583107
COG,"Congo, Rep.",2021,FM.LBL.BMNY.GD.ZS,26.8786444966125
COG,"Congo, Rep.",2020,FM.LBL.BMNY.GD.ZS,31.1889506418211
COG,"Congo, Rep.",2019,FM.LBL.BMNY.GD.ZS,22.0323782956445
COG,"Congo, Rep.",2018,FM.LBL.BMNY.GD.ZS,19.2866399178296
COG,"Congo, Rep.",2017,FM.LBL.BMNY.GD.ZS,24.5043390590813
COG,"Congo, Rep.",2016,FM.LBL.BMNY.GD.ZS,29.3906277095463
COG,"Congo, Rep.",2015,FM.LBL.BMNY.GD.ZS,30.479655342254
COG,"Congo, Rep.",2014,FM.LBL.BMNY.GD.ZS,28.6204605365655
COG,"Congo, Rep.",2013,FM.LBL.BMNY.GD.ZS,25.0861986194118
COG,"Congo, Rep.",2012,FM.LBL.BMNY.GD.ZS,24.3752178069678
COG,"Congo, Rep.",2011,FM.LBL.BMNY.GD.ZS,24.9001094939288
COG,"Congo, Rep.",2010,FM.LBL.BMNY.GD.ZS,20.4565775726738
COG,"Congo, Rep.",2009,FM.LBL.BMNY.GD.ZS,22.0572760170784
COG,"Congo, Rep.",2008,FM.LBL.BMNY.GD.ZS,18.5039484494991
COG,"Congo, Rep.",2007,FM.LBL.BMNY.GD.ZS,17.2004506508317
COG,"Congo, Rep.",2006,FM.LBL.BMNY.GD.ZS,14.7089559157911
COG,"Congo, Rep.",2005,FM.LBL.BMNY.GD.ZS,12.0267440975008
CRI,Costa Rica,2025,FM.LBL.BMNY.GD.ZS,50.5871359126222
CRI,Costa Rica,2024,FM.LBL.BMNY.GD.ZS,49.8002379687513
CRI,Costa Rica,2023,FM.LBL.BMNY.GD.ZS,46.887832713794
CRI,Costa Rica,2022,FM.LBL.BMNY.GD.ZS,46.2839771722406
CRI,Costa Rica,2021,FM.LBL.BMNY.GD.ZS,53.4897886191532
CRI,Costa Rica,2020,FM.LBL.BMNY.GD.ZS,54.5067732611526
CRI,Costa Rica,2019,FM.LBL.BMNY.GD.ZS,44.705227826361
CRI,Costa Rica,2018,FM.LBL.BMNY.GD.ZS,45.2663166999581
CRI,Costa Rica,2017,FM.LBL.BMNY.GD.ZS,46.5754635814795
CRI,Costa Rica,2016,FM.LBL.BMNY.GD.ZS,49.1383907427008
CRI,Costa Rica,2015,FM.LBL.BMNY.GD.ZS,50.644373928866
CRI,Costa Rica,2014,FM.LBL.BMNY.GD.ZS,52.4568066938848
CRI,Costa Rica,2013,FM.LBL.BMNY.GD.ZS,50.4829611511945
CRI,Costa Rica,2012,FM.LBL.BMNY.GD.ZS,49.3686257676734
CRI,Costa Rica,2011,FM.LBL.BMNY.GD.ZS,49.3301996164381
CRI,Costa Rica,2010,FM.LBL.BMNY.GD.ZS,51.0918426599666
CRI,Costa Rica,2009,FM.LBL.BMNY.GD.ZS,56.8636348055571
CRI,Costa Rica,2008,FM.LBL.BMNY.GD.ZS,56.6043766022821
CRI,Costa Rica,2007,FM.LBL.BMNY.GD.ZS,53.9245551546492
CRI,Costa Rica,2006,FM.LBL.BMNY.GD.ZS,53.5370932346972
CRI,Costa Rica,2005,FM.LBL.BMNY.GD.ZS,52.8860360888001
CIV,Cote d'Ivoire,2025,FM.LBL.BMNY.GD.ZS,42.2475251652017
CIV,Cote d'Ivoire,2024,FM.LBL.BMNY.GD.ZS,37.5228109766256
CIV,Cote d'Ivoire,2023,FM.LBL.BMNY.GD.ZS,35.5927908616631
CIV,Cote d'Ivoire,2022,FM.LBL.BMNY.GD.ZS,38.1534401302454
CIV,Cote d'Ivoire,2021,FM.LBL.BMNY.GD.ZS,38.3666069267738
CIV,Cote d'Ivoire,2020,FM.LBL.BMNY.GD.ZS,35.9517770758951
CIV,Cote d'Ivoire,2019,FM.LBL.BMNY.GD.ZS,30.4418281948488
CIV,Cote d'Ivoire,2018,FM.LBL.BMNY.GD.ZS,29.9133201080609
CIV,Cote d'Ivoire,2017,FM.LBL.BMNY.GD.ZS,28.1221296447834
CIV,Cote d'Ivoire,2016,FM.LBL.BMNY.GD.ZS,27.3748610620111
CIV,Cote d'Ivoire,2015,FM.LBL.BMNY.GD.ZS,26.1100955291875
CIV,Cote d'Ivoire,2014,FM.LBL.BMNY.GD.ZS,24.8194590556386
CIV,Cote d'Ivoire,2013,FM.LBL.BMNY.GD.ZS,24.8226316343292
CIV,Cote d'Ivoire,2012,FM.LBL.BMNY.GD.ZS,25.4036956022817
CIV,Cote d'Ivoire,2011,FM.LBL.BMNY.GD.ZS,25.968099902503
CIV,Cote d'Ivoire,2010,FM.LBL.BMNY.GD.ZS,23.3989011667238
CIV,Cote d'Ivoire,2009,FM.LBL.BMNY.GD.ZS,21.3064601936745
CIV,Cote d'Ivoire,2008,FM.LBL.BMNY.GD.ZS,18.4376064652673
CIV,Cote d'Ivoire,2007,FM.LBL.BMNY.GD.ZS,18.8465266467747
CIV,Cote d'Ivoire,2006,FM.LBL.BMNY.GD.ZS,14.8635624822961
CIV,Cote d'Ivoire,2005,FM.LBL.BMNY.GD.ZS,13.6877356540705
CZE,Czechia,2024,FM.LBL.BMNY.GD.ZS,87.0285864337731
CZE,Czechia,2023,FM.LBL.BMNY.GD.ZS,85.2896116078335
CZE,Czechia,2022,FM.LBL.BMNY.GD.ZS,84.4496325607046
CZE,Czechia,2021,FM.LBL.BMNY.GD.ZS,88.9538671048574
CZE,Czechia,2020,FM.LBL.BMNY.GD.ZS,90.167403357195
CZE,Czechia,2019,FM.LBL.BMNY.GD.ZS,81.1597778792498
CZE,Czechia,2018,FM.LBL.BMNY.GD.ZS,82.0645231276023
CZE,Czechia,2017,FM.LBL.BMNY.GD.ZS,81.6105668980473
CZE,Czechia,2016,FM.LBL.BMNY.GD.ZS,79.0867494110092
CZE,Czechia,2015,FM.LBL.BMNY.GD.ZS,77.2922084357217
CZE,Czechia,2014,FM.LBL.BMNY.GD.ZS,76.07758901286
CZE,Czechia,2013,FM.LBL.BMNY.GD.ZS,75.4259463455481
CZE,Czechia,2012,FM.LBL.BMNY.GD.ZS,72.1604288670368
CZE,Czechia,2011,FM.LBL.BMNY.GD.ZS,69.2489906247444
CZE,Czechia,2010,FM.LBL.BMNY.GD.ZS,68.4354785278873
CZE,Czechia,2009,FM.LBL.BMNY.GD.ZS,68.6638085618951
CZE,Czechia,2008,FM.LBL.BMNY.GD.ZS,66.9553968680125
CZE,Czechia,2007,FM.LBL.BMNY.GD.ZS,61.7122621854474
CZE,Czechia,2006,FM.LBL.BMNY.GD.ZS,58.059917535632
CZE,Czechia,2005,FM.LBL.BMNY.GD.ZS,55.1819024702196
DNK,Denmark,2024,FM.LBL.BMNY.GD.ZS,62.5604145694354
DNK,Denmark,2023,FM.LBL.BMNY.GD.ZS,64.7369188197947
DNK,Denmark,2022,FM.LBL.BMNY.GD.ZS,60.8182542435766
DNK,Denmark,2021,FM.LBL.BMNY.GD.ZS,61.4071424367812
DNK,Denmark,2020,FM.LBL.BMNY.GD.ZS,68.1024405396096
DNK,Denmark,2019,FM.LBL.BMNY.GD.ZS,62.6195940268246
DNK,Denmark,2018,FM.LBL.BMNY.GD.ZS,60.7676551769995
DNK,Denmark,2017,FM.LBL.BMNY.GD.ZS,61.3442860692224
DNK,Denmark,2016,FM.LBL.BMNY.GD.ZS,60.778191262306
DNK,Denmark,2015,FM.LBL.BMNY.GD.ZS,67.7979011798909
DNK,Denmark,2014,FM.LBL.BMNY.GD.ZS,63.2399396916332
DNK,Denmark,2013,FM.LBL.BMNY.GD.ZS,56.7035750498727
DNK,Denmark,2012,FM.LBL.BMNY.GD.ZS,63.9771088708753
DNK,Denmark,2011,FM.LBL.BMNY.GD.ZS,64.1990278045134
DNK,Denmark,2010,FM.LBL.BMNY.GD.ZS,69.5920858820326
DNK,Denmark,2009,FM.LBL.BMNY.GD.ZS,67.6193340041992
DNK,Denmark,2008,FM.LBL.BMNY.GD.ZS,61.8232365766759
DNK,Denmark,2007,FM.LBL.BMNY.GD.ZS,59.9853357183154
DNK,Denmark,2006,FM.LBL.BMNY.GD.ZS,52.956112740985
DNK,Denmark,2005,FM.LBL.BMNY.GD.ZS,50.3461916684505
DJI,Djibouti,2024,FM.LBL.BMNY.GD.ZS,71.0651573620701
DJI,Djibouti,2023,FM.LBL.BMNY.GD.ZS,73.096834266443
DJI,Djibouti,2022,FM.LBL.BMNY.GD.ZS,74.2811224652688
DJI,Djibouti,2021,FM.LBL.BMNY.GD.ZS,79.3436309398751
DJI,Djibouti,2020,FM.LBL.BMNY.GD.ZS,81.3127120774606
DJI,Djibouti,2019,FM.LBL.BMNY.GD.ZS,69.3320390113449
DJI,Djibouti,2018,FM.LBL.BMNY.GD.ZS,67.5724322631324
DJI,Djibouti,2017,FM.LBL.BMNY.GD.ZS,75.4763016344219
DJI,Djibouti,2016,FM.LBL.BMNY.GD.ZS,65.6530204985804
DJI,Djibouti,2015,FM.LBL.BMNY.GD.ZS,64.8574020514867
DJI,Djibouti,2014,FM.LBL.BMNY.GD.ZS,59.4903174114541
DJI,Djibouti,2013,FM.LBL.BMNY.GD.ZS,60.6806525568338
DJI,Djibouti,2012,FM.LBL.BMNY.GD.ZS,85.7035473731029
DJI,Djibouti,2011,FM.LBL.BMNY.GD.ZS,81.379142401454
DJI,Djibouti,2010,FM.LBL.BMNY.GD.ZS,93.5269233579306
DJI,Djibouti,2009,FM.LBL.BMNY.GD.ZS,89.6739655348111
DJI,Djibouti,2008,FM.LBL.BMNY.GD.ZS,80.4738941721765
DJI,Djibouti,2007,FM.LBL.BMNY.GD.ZS,78.3291818465357
DJI,Djibouti,2006,FM.LBL.BMNY.GD.ZS,79.8159317940649
DJI,Djibouti,2005,FM.LBL.BMNY.GD.ZS,77.592867975766
DMA,Dominica,2025,FM.LBL.BMNY.GD.ZS,80.8288984046418
DMA,Dominica,2024,FM.LBL.BMNY.GD.ZS,77.2359709986129
DMA,Dominica,2023,FM.LBL.BMNY.GD.ZS,78.1113124804791
DMA,Dominica,2022,FM.LBL.BMNY.GD.ZS,83.0288940717007
DMA,Dominica,2021,FM.LBL.BMNY.GD.ZS,93.0707309423236
DMA,Dominica,2020,FM.LBL.BMNY.GD.ZS,97.2665216118755
DMA,Dominica,2019,FM.LBL.BMNY.GD.ZS,90.4997809715435
DMA,Dominica,2018,FM.LBL.BMNY.GD.ZS,105.204178249207
DMA,Dominica,2017,FM.LBL.BMNY.GD.ZS,115.512866027639
DMA,Dominica,2016,FM.LBL.BMNY.GD.ZS,90.6160839499009
DMA,Dominica,2015,FM.LBL.BMNY.GD.ZS,89.7175754804456
DMA,Dominica,2014,FM.LBL.BMNY.GD.ZS,88.3203280527251
DMA,Dominica,2013,FM.LBL.BMNY.GD.ZS,88.2939750915626
DMA,Dominica,2012,FM.LBL.BMNY.GD.ZS,89.7985862992007
DMA,Dominica,2011,FM.LBL.BMNY.GD.ZS,78.9022130169585
DMA,Dominica,2010,FM.LBL.BMNY.GD.ZS,78.6756046616684
DMA,Dominica,2009,FM.LBL.BMNY.GD.ZS,77.2843305774439
DMA,Dominica,2008,FM.LBL.BMNY.GD.ZS,75.4106788527866
DMA,Dominica,2007,FM.LBL.BMNY.GD.ZS,77.0831762795153
DMA,Dominica,2006,FM.LBL.BMNY.GD.ZS,74.673249720005
DMA,Dominica,2005,FM.LBL.BMNY.GD.ZS,71.4849117727759
DOM,Dominican Republic,2025,FM.LBL.BMNY.GD.ZS,41.3056824433638
DOM,Dominican Republic,2024,FM.LBL.BMNY.GD.ZS,39.3604222903992
DOM,Dominican Republic,2023,FM.LBL.BMNY.GD.ZS,38.7078413510242
DOM,Dominican Republic,2022,FM.LBL.BMNY.GD.ZS,36.5519570748025
DOM,Dominican Republic,2021,FM.LBL.BMNY.GD.ZS,39.9178527918161
DOM,Dominican Republic,2020,FM.LBL.BMNY.GD.ZS,42.9163536621918
DOM,Dominican Republic,2019,FM.LBL.BMNY.GD.ZS,34.2246729187713
DOM,Dominican Republic,2018,FM.LBL.BMNY.GD.ZS,33.304176107071
DOM,Dominican Republic,2017,FM.LBL.BMNY.GD.ZS,34.9667293791438
DOM,Dominican Republic,2016,FM.LBL.BMNY.GD.ZS,34.4200197218543
DOM,Dominican Republic,2015,FM.LBL.BMNY.GD.ZS,34.1435139864913
DOM,Dominican Republic,2014,FM.LBL.BMNY.GD.ZS,33.3589761623396
DOM,Dominican Republic,2013,FM.LBL.BMNY.GD.ZS,34.079255291321
DOM,Dominican Republic,2012,FM.LBL.BMNY.GD.ZS,33.422076654772
DOM,Dominican Republic,2011,FM.LBL.BMNY.GD.ZS,32.7955097605702
DOM,Dominican Republic,2010,FM.LBL.BMNY.GD.ZS,32.4586772089038
DOM,Dominican Republic,2009,FM.LBL.BMNY.GD.ZS,32.9966527807618
DOM,Dominican Republic,2008,FM.LBL.BMNY.GD.ZS,30.3614114002226
DOM,Dominican Republic,2007,FM.LBL.BMNY.GD.ZS,32.794952585776
DOM,Dominican Republic,2006,FM.LBL.BMNY.GD.ZS,32.3700770175984
DOM,Dominican Republic,2005,FM.LBL.BMNY.GD.ZS,35.5662519266632
ECU,Ecuador,2025,FM.LBL.BMNY.GD.ZS,62.1052999635735
ECU,Ecuador,2024,FM.LBL.BMNY.GD.ZS,57.5249071502619
ECU,Ecuador,2023,FM.LBL.BMNY.GD.ZS,52.4334521669963
ECU,Ecuador,2022,FM.LBL.BMNY.GD.ZS,51.8338318107803
ECU,Ecuador,2021,FM.LBL.BMNY.GD.ZS,51.002508212564
ECU,Ecuador,2020,FM.LBL.BMNY.GD.ZS,50.6387503454972
ECU,Ecuador,2019,FM.LBL.BMNY.GD.ZS,41.0318926476983
ECU,Ecuador,2018,FM.LBL.BMNY.GD.ZS,37.7350788960455
ECU,Ecuador,2017,FM.LBL.BMNY.GD.ZS,37.0884180365937
ECU,Ecuador,2016,FM.LBL.BMNY.GD.ZS,49.5926738926826
ECU,Ecuador,2015,FM.LBL.BMNY.GD.ZS,42.2870573611702
ECU,Ecuador,2014,FM.LBL.BMNY.GD.ZS,42.0489528162959
ECU,Ecuador,2013,FM.LBL.BMNY.GD.ZS,38.911990511496
ECU,Ecuador,2012,FM.LBL.BMNY.GD.ZS,37.5849613554665
ECU,Ecuador,2011,FM.LBL.BMNY.GD.ZS,35.6943376986956
ECU,Ecuador,2010,FM.LBL.BMNY.GD.ZS,35.4739834890087
ECU,Ecuador,2009,FM.LBL.BMNY.GD.ZS,34.5502787587342
ECU,Ecuador,2008,FM.LBL.BMNY.GD.ZS,31.7120206715018
ECU,Ecuador,2007,FM.LBL.BMNY.GD.ZS,31.3915215103295
ECU,Ecuador,2006,FM.LBL.BMNY.GD.ZS,29.497177002651
ECU,Ecuador,2005,FM.LBL.BMNY.GD.ZS,29.6186201100235
EGY,"Egypt, Arab Rep.",2025,FM.LBL.BMNY.GD.ZS,77.3467530741677
EGY,"Egypt, Arab Rep.",2024,FM.LBL.BMNY.GD.ZS,83.6993696393462
EGY,"Egypt, Arab Rep.",2023,FM.LBL.BMNY.GD.ZS,87.4174690822081
EGY,"Egypt, Arab Rep.",2022,FM.LBL.BMNY.GD.ZS,94.3926097523093
EGY,"Egypt, Arab Rep.",2021,FM.LBL.BMNY.GD.ZS,87.3864940734796
EGY,"Egypt, Arab Rep.",2020,FM.LBL.BMNY.GD.ZS,79.9747249270848
EGY,"Egypt, Arab Rep.",2019,FM.LBL.BMNY.GD.ZS,73.4545303449416
EGY,"Egypt, Arab Rep.",2018,FM.LBL.BMNY.GD.ZS,77.765221186773
EGY,"Egypt, Arab Rep.",2017,FM.LBL.BMNY.GD.ZS,87.6024678721874
EGY,"Egypt, Arab Rep.",2016,FM.LBL.BMNY.GD.ZS,98.136132366497
EGY,"Egypt, Arab Rep.",2015,FM.LBL.BMNY.GD.ZS,77.9858778916977
EGY,"Egypt, Arab Rep.",2014,FM.LBL.BMNY.GD.ZS,75.4426483751864
EGY,"Egypt, Arab Rep.",2013,FM.LBL.BMNY.GD.ZS,74.6118357615808
EGY,"Egypt, Arab Rep.",2012,FM.LBL.BMNY.GD.ZS,69.7154590593826
EGY,"Egypt, Arab Rep.",2011,FM.LBL.BMNY.GD.ZS,75.7939119305135
EGY,"Egypt, Arab Rep.",2010,FM.LBL.BMNY.GD.ZS,80.7455617272054
EGY,"Egypt, Arab Rep.",2009,FM.LBL.BMNY.GD.ZS,83.1559011993859
EGY,"Egypt, Arab Rep.",2008,FM.LBL.BMNY.GD.ZS,88.4042515689559
EGY,"Egypt, Arab Rep.",2007,FM.LBL.BMNY.GD.ZS,96.2064140574651
EGY,"Egypt, Arab Rep.",2006,FM.LBL.BMNY.GD.ZS,97.3873117113486
EGY,"Egypt, Arab Rep.",2005,FM.LBL.BMNY.GD.ZS,97.137842448468
SLV,El Salvador,2025,FM.LBL.BMNY.GD.ZS,64.2206790300563
SLV,El Salvador,2024,FM.LBL.BMNY.GD.ZS,59.6619179737056
SLV,El Salvador,2023,FM.LBL.BMNY.GD.ZS,60.0091149602731
SLV,El Salvador,2022,FM.LBL.BMNY.GD.ZS,58.0448144470477
SLV,El Salvador,2021,FM.LBL.BMNY.GD.ZS,60.8647450608991
SLV,El Salvador,2020,FM.LBL.BMNY.GD.ZS,69.3654716759111
SLV,El Salvador,2019,FM.LBL.BMNY.GD.ZS,59.0672598582873
SLV,El Salvador,2018,FM.LBL.BMNY.GD.ZS,54.8223554701326
SLV,El Salvador,2017,FM.LBL.BMNY.GD.ZS,53.8410714047973
SLV,El Salvador,2016,FM.LBL.BMNY.GD.ZS,50.0303916835425
SLV,El Salvador,2015,FM.LBL.BMNY.GD.ZS,50.1110096479514
SLV,El Salvador,2014,FM.LBL.BMNY.GD.ZS,48.618049979283
SLV,El Salvador,2013,FM.LBL.BMNY.GD.ZS,49.7941160550517
SLV,El Salvador,2012,FM.LBL.BMNY.GD.ZS,49.9970883395562
SLV,El Salvador,2011,FM.LBL.BMNY.GD.ZS,52.043318478755
SLV,El Salvador,2010,FM.LBL.BMNY.GD.ZS,58.4320795168941
SLV,El Salvador,2009,FM.LBL.BMNY.GD.ZS,61.1531119466845
SLV,El Salvador,2008,FM.LBL.BMNY.GD.ZS,58.5581867908332
SLV,El Salvador,2007,FM.LBL.BMNY.GD.ZS,62.6383686717004
SLV,El Salvador,2006,FM.LBL.BMNY.GD.ZS,56.7473533433474
SLV,El Salvador,2005,FM.LBL.BMNY.GD.ZS,55.9072224232325
GNQ,Equatorial Guinea,2023,FM.LBL.BMNY.GD.ZS,13.6507266172319
GNQ,Equatorial Guinea,2022,FM.LBL.BMNY.GD.ZS,11.1871437354686
GNQ,Equatorial Guinea,2021,FM.LBL.BMNY.GD.ZS,11.5587667261986
GNQ,Equatorial Guinea,2020,FM.LBL.BMNY.GD.ZS,13.8373256564558
GNQ,Equatorial Guinea,2019,FM.LBL.BMNY.GD.ZS,12.4655114591842
GNQ,Equatorial Guinea,2018,FM.LBL.BMNY.GD.ZS,12.3029314380312
GNQ,Equatorial Guinea,2017,FM.LBL.BMNY.GD.ZS,12.7319433307131
GNQ,Equatorial Guinea,2016,FM.LBL.BMNY.GD.ZS,14.2763501829348
GNQ,Equatorial Guinea,2015,FM.LBL.BMNY.GD.ZS,15.4449664033497
GNQ,Equatorial Guinea,2014,FM.LBL.BMNY.GD.ZS,12.0500403280886
GNQ,Equatorial Guinea,2013,FM.LBL.BMNY.GD.ZS,14.1967346403369
GNQ,Equatorial Guinea,2012,FM.LBL.BMNY.GD.ZS,12.6765986227562
GNQ,Equatorial Guinea,2011,FM.LBL.BMNY.GD.ZS,9.02170278597333
GNQ,Equatorial Guinea,2010,FM.LBL.BMNY.GD.ZS,11.2483528533962
GNQ,Equatorial Guinea,2009,FM.LBL.BMNY.GD.ZS,10.0057511930449
GNQ,Equatorial Guinea,2008,FM.LBL.BMNY.GD.ZS,6.4761202007167
GNQ,Equatorial Guinea,2007,FM.LBL.BMNY.GD.ZS,6.99603968549037
GNQ,Equatorial Guinea,2006,FM.LBL.BMNY.GD.ZS,5.92029022328923
GNQ,Equatorial Guinea,2005,FM.LBL.BMNY.GD.ZS,6.38958093436903
ERI,Eritrea,2014,FM.LBL.BMNY.GD.ZS,176.788918643984
ERI,Eritrea,2013,FM.LBL.BMNY.GD.ZS,135.962499560852
ERI,Eritrea,2012,FM.LBL.BMNY.GD.ZS,127.475596989338
ERI,Eritrea,2011,FM.LBL.BMNY.GD.ZS,144.760470956931
ERI,Eritrea,2010,FM.LBL.BMNY.GD.ZS,164.070122155875
ERI,Eritrea,2009,FM.LBL.BMNY.GD.ZS,121.515288314383
ERI,Eritrea,2008,FM.LBL.BMNY.GD.ZS,141.260074580253
ERI,Eritrea,2007,FM.LBL.BMNY.GD.ZS,127.661026774527
ERI,Eritrea,2006,FM.LBL.BMNY.GD.ZS,123.909474670668
ERI,Eritrea,2005,FM.LBL.BMNY.GD.ZS,129.242450467253
SWZ,Eswatini,2022,FM.LBL.BMNY.GD.ZS,28.3698463022628
SWZ,Eswatini,2021,FM.LBL.BMNY.GD.ZS,29.9215697418133
SWZ,Eswatini,2020,FM.LBL.BMNY.GD.ZS,31.1395515324834
SWZ,Eswatini,2019,FM.LBL.BMNY.GD.ZS,27.5291637806366
SWZ,Eswatini,2018,FM.LBL.BMNY.GD.ZS,29.3535273530224
SWZ,Eswatini,2017,FM.LBL.BMNY.GD.ZS,29.1556462236588
SWZ,Eswatini,2016,FM.LBL.BMNY.GD.ZS,30.5149924225903
SWZ,Eswatini,2015,FM.LBL.BMNY.GD.ZS,26.5361759372489
SWZ,Eswatini,2014,FM.LBL.BMNY.GD.ZS,25.02701511267
SWZ,Eswatini,2013,FM.LBL.BMNY.GD.ZS,25.98237427577
SWZ,Eswatini,2012,FM.LBL.BMNY.GD.ZS,24.7767767399158
SWZ,Eswatini,2011,FM.LBL.BMNY.GD.ZS,25.5977388584321
SWZ,Eswatini,2010,FM.LBL.BMNY.GD.ZS,26.0690235530477
SWZ,Eswatini,2009,FM.LBL.BMNY.GD.ZS,25.8213598843848
SWZ,Eswatini,2008,FM.LBL.BMNY.GD.ZS,22.7547915693139
SWZ,Eswatini,2007,FM.LBL.BMNY.GD.ZS,22.066084451342
SWZ,Eswatini,2006,FM.LBL.BMNY.GD.ZS,19.9346681907525
SWZ,Eswatini,2005,FM.LBL.BMNY.GD.ZS,17.6130038764151
ETH,Ethiopia,2008,FM.LBL.BMNY.GD.ZS,33.9671207502096
ETH,Ethiopia,2007,FM.LBL.BMNY.GD.ZS,39.7427532885857
ETH,Ethiopia,2006,FM.LBL.BMNY.GD.ZS,42.4864001741599
ETH,Ethiopia,2005,FM.LBL.BMNY.GD.ZS,43.777021964339
FJI,Fiji,2023,FM.LBL.BMNY.GD.ZS,90.4077625172453
FJI,Fiji,2022,FM.LBL.BMNY.GD.ZS,93.4824022023745
FJI,Fiji,2021,FM.LBL.BMNY.GD.ZS,113.206509948276
FJI,Fiji,2020,FM.LBL.BMNY.GD.ZS,95.4235967455233
FJI,Fiji,2019,FM.LBL.BMNY.GD.ZS,75.0323713552766
FJI,Fiji,2018,FM.LBL.BMNY.GD.ZS,72.0751921139216
FJI,Fiji,2017,FM.LBL.BMNY.GD.ZS,74.0676395921425
FJI,Fiji,2016,FM.LBL.BMNY.GD.ZS,73.4274552967453
FJI,Fiji,2015,FM.LBL.BMNY.GD.ZS,73.2870308257235
FJI,Fiji,2014,FM.LBL.BMNY.GD.ZS,68.9197297147807
FJI,Fiji,2013,FM.LBL.BMNY.GD.ZS,74.1727541985572
FJI,Fiji,2012,FM.LBL.BMNY.GD.ZS,67.6528843396108
FJI,Fiji,2011,FM.LBL.BMNY.GD.ZS,66.8566291310969
FJI,Fiji,2010,FM.LBL.BMNY.GD.ZS,67.6410823586535
FJI,Fiji,2009,FM.LBL.BMNY.GD.ZS,70.1263571777472
FJI,Fiji,2008,FM.LBL.BMNY.GD.ZS,65.4790014641185
FJI,Fiji,2007,FM.LBL.BMNY.GD.ZS,72.2557771542802
FJI,Fiji,2006,FM.LBL.BMNY.GD.ZS,68.1585877604822
FJI,Fiji,2005,FM.LBL.BMNY.GD.ZS,58.9053852775794
GAB,Gabon,2019,FM.LBL.BMNY.GD.ZS,22.9275910548301
GAB,Gabon,2018,FM.LBL.BMNY.GD.ZS,23.8697156154116
GAB,Gabon,2017,FM.LBL.BMNY.GD.ZS,19.3624163679485
GAB,Gabon,2016,FM.LBL.BMNY.GD.ZS,24.4547104671564
GAB,Gabon,2015,FM.LBL.BMNY.GD.ZS,24.8968844551111
GAB,Gabon,2014,FM.LBL.BMNY.GD.ZS,23.4701903743794
GAB,Gabon,2013,FM.LBL.BMNY.GD.ZS,24.9315584459845
GAB,Gabon,2012,FM.LBL.BMNY.GD.ZS,22.2869719996744
GAB,Gabon,2011,FM.LBL.BMNY.GD.ZS,20.7023005295064
GAB,Gabon,2010,FM.LBL.BMNY.GD.ZS,19.6607552438889
GAB,Gabon,2009,FM.LBL.BMNY.GD.ZS,20.3295668434207
GAB,Gabon,2008,FM.LBL.BMNY.GD.ZS,16.1294990713945
GAB,Gabon,2007,FM.LBL.BMNY.GD.ZS,16.9536460055297
GAB,Gabon,2006,FM.LBL.BMNY.GD.ZS,17.4254300235645
GAB,Gabon,2005,FM.LBL.BMNY.GD.ZS,16.276362896511
GMB,"Gambia, The",2024,FM.LBL.BMNY.GD.ZS,46.876208650979
GMB,"Gambia, The",2023,FM.LBL.BMNY.GD.ZS,48.5476563208235
GMB,"Gambia, The",2022,FM.LBL.BMNY.GD.ZS,53.5153549031355
GMB,"Gambia, The",2021,FM.LBL.BMNY.GD.ZS,57.0207937608353
GMB,"Gambia, The",2020,FM.LBL.BMNY.GD.ZS,52.9393661119146
GMB,"Gambia, The",2019,FM.LBL.BMNY.GD.ZS,44.4200035932423
GMB,"Gambia, The",2018,FM.LBL.BMNY.GD.ZS,39.4720955129567
GMB,"Gambia, The",2017,FM.LBL.BMNY.GD.ZS,38.2839721428451
GMB,"Gambia, The",2014,FM.LBL.BMNY.GD.ZS,37.9790482812269
GMB,"Gambia, The",2013,FM.LBL.BMNY.GD.ZS,36.1417430773726
GMB,"Gambia, The",2012,FM.LBL.BMNY.GD.ZS,34.3647140810726
GMB,"Gambia, The",2011,FM.LBL.BMNY.GD.ZS,35.0121722998102
GMB,"Gambia, The",2010,FM.LBL.BMNY.GD.ZS,30.2487862417886
GMB,"Gambia, The",2009,FM.LBL.BMNY.GD.ZS,28.7203048605845
GMB,"Gambia, The",2008,FM.LBL.BMNY.GD.ZS,27.8833287099057
GMB,"Gambia, The",2007,FM.LBL.BMNY.GD.ZS,25.6959111443614
GMB,"Gambia, The",2006,FM.LBL.BMNY.GD.ZS,25.8918162855536
GMB,"Gambia, The",2005,FM.LBL.BMNY.GD.ZS,20.5956797970838
GEO,Georgia,2025,FM.LBL.BMNY.GD.ZS,55.1250080117343
GEO,Georgia,2024,FM.LBL.BMNY.GD.ZS,53.1782337515023
GEO,Georgia,2023,FM.LBL.BMNY.GD.ZS,53.6199618910886
GEO,Georgia,2022,FM.LBL.BMNY.GD.ZS,51.5809868240461
GEO,Georgia,2021,FM.LBL.BMNY.GD.ZS,55.7378219484882
GEO,Georgia,2020,FM.LBL.BMNY.GD.ZS,61.0166703488722
GEO,Georgia,2019,FM.LBL.BMNY.GD.ZS,48.4927020069983
GEO,Georgia,2018,FM.LBL.BMNY.GD.ZS,45.7059549521753
GEO,Georgia,2017,FM.LBL.BMNY.GD.ZS,44.0357692307692
GEO,Georgia,2016,FM.LBL.BMNY.GD.ZS,43.4618553880666
GEO,Georgia,2015,FM.LBL.BMNY.GD.ZS,37.9772432557601
GEO,Georgia,2014,FM.LBL.BMNY.GD.ZS,35.2746860423388
GEO,Georgia,2013,FM.LBL.BMNY.GD.ZS,33.75872949764
GEO,Georgia,2012,FM.LBL.BMNY.GD.ZS,28.3318599540836
GEO,Georgia,2011,FM.LBL.BMNY.GD.ZS,27.1955909160269
GEO,Georgia,2010,FM.LBL.BMNY.GD.ZS,27.9877592941675
GEO,Georgia,2009,FM.LBL.BMNY.GD.ZS,26.4850823519605
GEO,Georgia,2008,FM.LBL.BMNY.GD.ZS,23.1807163672451
GEO,Georgia,2007,FM.LBL.BMNY.GD.ZS,24.1197213823188
GEO,Georgia,2006,FM.LBL.BMNY.GD.ZS,20.3031179639833
GEO,Georgia,2005,FM.LBL.BMNY.GD.ZS,16.8791113508153
GHA,Ghana,2024,FM.LBL.BMNY.GD.ZS,29.8836925222627
GHA,Ghana,2023,FM.LBL.BMNY.GD.ZS,29.9421010533777
GHA,Ghana,2022,FM.LBL.BMNY.GD.ZS,31.488016942791
GHA,Ghana,2021,FM.LBL.BMNY.GD.ZS,31.7346169321872
GHA,Ghana,2020,FM.LBL.BMNY.GD.ZS,30.8173156252875
GHA,Ghana,2019,FM.LBL.BMNY.GD.ZS,26.3917474285807
GHA,Ghana,2018,FM.LBL.BMNY.GD.ZS,25.1273803325435
GHA,Ghana,2017,FM.LBL.BMNY.GD.ZS,25.4883349966688
GHA,Ghana,2016,FM.LBL.BMNY.GD.ZS,26.2807758335841
GHA,Ghana,2015,FM.LBL.BMNY.GD.ZS,25.6702732096289
GHA,Ghana,2014,FM.LBL.BMNY.GD.ZS,23.642550556526
GHA,Ghana,2013,FM.LBL.BMNY.GD.ZS,21.9527563428547
GHA,Ghana,2012,FM.LBL.BMNY.GD.ZS,30.3617418407418
GHA,Ghana,2011,FM.LBL.BMNY.GD.ZS,30.5490058881024
GHA,Ghana,2010,FM.LBL.BMNY.GD.ZS,29.619193066523
GHA,Ghana,2009,FM.LBL.BMNY.GD.ZS,28.247021571746
GHA,Ghana,2008,FM.LBL.BMNY.GD.ZS,27.461460329864
GHA,Ghana,2007,FM.LBL.BMNY.GD.ZS,25.7168116882847
GHA,Ghana,2006,FM.LBL.BMNY.GD.ZS,22.7692547025883
GHA,Ghana,2005,FM.LBL.BMNY.GD.ZS,32.1100295243883
GRD,Grenada,2025,FM.LBL.BMNY.GD.ZS,92.0403395432564
GRD,Grenada,2024,FM.LBL.BMNY.GD.ZS,7.62174291626809
GRD,Grenada,2023,FM.LBL.BMNY.GD.ZS,89.0438903187901
GRD,Grenada,2022,FM.LBL.BMNY.GD.ZS,95.9158722003014
GRD,Grenada,2021,FM.LBL.BMNY.GD.ZS,95.2033236749175
GRD,Grenada,2020,FM.LBL.BMNY.GD.ZS,94.3763313760777
GRD,Grenada,2019,FM.LBL.BMNY.GD.ZS,82.1403261496577
GRD,Grenada,2018,FM.LBL.BMNY.GD.ZS,87.2179276023228
GRD,Grenada,2017,FM.LBL.BMNY.GD.ZS,82.7318341092668
GRD,Grenada,2016,FM.LBL.BMNY.GD.ZS,85.0922576166172
GRD,Grenada,2015,FM.LBL.BMNY.GD.ZS,86.7217079259413
GRD,Grenada,2014,FM.LBL.BMNY.GD.ZS,88.3850844158283
GRD,Grenada,2013,FM.LBL.BMNY.GD.ZS,90.0571055821276
GRD,Grenada,2012,FM.LBL.BMNY.GD.ZS,91.4250651426762
GRD,Grenada,2011,FM.LBL.BMNY.GD.ZS,98.852961610179
GRD,Grenada,2010,FM.LBL.BMNY.GD.ZS,99.472541575558
GRD,Grenada,2009,FM.LBL.BMNY.GD.ZS,96.3978312982246
GRD,Grenada,2008,FM.LBL.BMNY.GD.ZS,87.1066983245366
GRD,Grenada,2007,FM.LBL.BMNY.GD.ZS,90.2366289719078
GRD,Grenada,2006,FM.LBL.BMNY.GD.ZS,87.349443713458
GRD,Grenada,2005,FM.LBL.BMNY.GD.ZS,85.7807415867945
GTM,Guatemala,2025,FM.LBL.BMNY.GD.ZS,60.4033806527181
GTM,Guatemala,2024,FM.LBL.BMNY.GD.ZS,56.8787123396962
GTM,Guatemala,2023,FM.LBL.BMNY.GD.ZS,56.5211991897533
GTM,Guatemala,2022,FM.LBL.BMNY.GD.ZS,58.763061416778
GTM,Guatemala,2021,FM.LBL.BMNY.GD.ZS,60.8377744570691
GTM,Guatemala,2020,FM.LBL.BMNY.GD.ZS,62.7524305318698
GTM,Guatemala,2019,FM.LBL.BMNY.GD.ZS,53.7007219082713
GTM,Guatemala,2018,FM.LBL.BMNY.GD.ZS,53.1955053282223
GTM,Guatemala,2017,FM.LBL.BMNY.GD.ZS,50.8043228509746
GTM,Guatemala,2016,FM.LBL.BMNY.GD.ZS,49.6577511534571
GTM,Guatemala,2015,FM.LBL.BMNY.GD.ZS,49.2412052101998
GTM,Guatemala,2014,FM.LBL.BMNY.GD.ZS,48.0337930012964
GTM,Guatemala,2013,FM.LBL.BMNY.GD.ZS,47.8364253905363
GTM,Guatemala,2012,FM.LBL.BMNY.GD.ZS,46.8018188069586
GTM,Guatemala,2011,FM.LBL.BMNY.GD.ZS,45.5574249270072
GTM,Guatemala,2010,FM.LBL.BMNY.GD.ZS,47.3037841394878
GTM,Guatemala,2009,FM.LBL.BMNY.GD.ZS,46.9158515674456
GTM,Guatemala,2008,FM.LBL.BMNY.GD.ZS,43.8604398640306
GTM,Guatemala,2007,FM.LBL.BMNY.GD.ZS,45.6766463041048
GTM,Guatemala,2006,FM.LBL.BMNY.GD.ZS,47.1752127318754
GTM,Guatemala,2005,FM.LBL.BMNY.GD.ZS,46.175454092022
GIN,Guinea,2024,FM.LBL.BMNY.GD.ZS,30.0959694840242
GIN,Guinea,2023,FM.LBL.BMNY.GD.ZS,24.9403210566884
GIN,Guinea,2022,FM.LBL.BMNY.GD.ZS,26.5657063478931
GIN,Guinea,2021,FM.LBL.BMNY.GD.ZS,24.5235403924317
GIN,Guinea,2020,FM.LBL.BMNY.GD.ZS,26.6768170490297
GIN,Guinea,2019,FM.LBL.BMNY.GD.ZS,23.713594411458
GIN,Guinea,2018,FM.LBL.BMNY.GD.ZS,22.2176757893061
GIN,Guinea,2017,FM.LBL.BMNY.GD.ZS,23.0186757313632
GIN,Guinea,2016,FM.LBL.BMNY.GD.ZS,23.9685925724389
GIN,Guinea,2015,FM.LBL.BMNY.GD.ZS,24.8647922800347
GIN,Guinea,2014,FM.LBL.BMNY.GD.ZS,23.3999037487349
GIN,Guinea,2013,FM.LBL.BMNY.GD.ZS,21.8122160196576
GIN,Guinea,2012,FM.LBL.BMNY.GD.ZS,20.8562594908191
GIN,Guinea,2011,FM.LBL.BMNY.GD.ZS,27.1582272469189
GIN,Guinea,2010,FM.LBL.BMNY.GD.ZS,26.4414189306179
GIN,Guinea,2009,FM.LBL.BMNY.GD.ZS,17.3685682276753
GIN,Guinea,2008,FM.LBL.BMNY.GD.ZS,14.7319989040666
GIN,Guinea,2007,FM.LBL.BMNY.GD.ZS,12.9341619843047
GIN,Guinea,2006,FM.LBL.BMNY.GD.ZS,17.896869072834
GIN,Guinea,2005,FM.LBL.BMNY.GD.ZS,12.8183630257453
GNB,Guinea-Bissau,2025,FM.LBL.BMNY.GD.ZS,37.2138841232862
GNB,Guinea-Bissau,2024,FM.LBL.BMNY.GD.ZS,39.3878739302904
GNB,Guinea-Bissau,2023,FM.LBL.BMNY.GD.ZS,39.2232526383088
GNB,Guinea-Bissau,2022,FM.LBL.BMNY.GD.ZS,43.1461214312032
GNB,Guinea-Bissau,2021,FM.LBL.BMNY.GD.ZS,45.6258942666155
GNB,Guinea-Bissau,2020,FM.LBL.BMNY.GD.ZS,40.6792901883202
GNB,Guinea-Bissau,2019,FM.LBL.BMNY.GD.ZS,39.1295341247114
GNB,Guinea-Bissau,2018,FM.LBL.BMNY.GD.ZS,42.2862285544659
GNB,Guinea-Bissau,2017,FM.LBL.BMNY.GD.ZS,40.3241926894459
GNB,Guinea-Bissau,2016,FM.LBL.BMNY.GD.ZS,45.3705593034327
GNB,Guinea-Bissau,2015,FM.LBL.BMNY.GD.ZS,44.9387451635836
GNB,Guinea-Bissau,2014,FM.LBL.BMNY.GD.ZS,42.9431625298517
GNB,Guinea-Bissau,2013,FM.LBL.BMNY.GD.ZS,29.5202357738202
GNB,Guinea-Bissau,2012,FM.LBL.BMNY.GD.ZS,28.7606814774351
GNB,Guinea-Bissau,2011,FM.LBL.BMNY.GD.ZS,29.8702392273268
GNB,Guinea-Bissau,2010,FM.LBL.BMNY.GD.ZS,24.0611595441454
GNB,Guinea-Bissau,2009,FM.LBL.BMNY.GD.ZS,22.3638014224458
GNB,Guinea-Bissau,2008,FM.LBL.BMNY.GD.ZS,20.5487991421485
GNB,Guinea-Bissau,2007,FM.LBL.BMNY.GD.ZS,18.6695106273411
GNB,Guinea-Bissau,2006,FM.LBL.BMNY.GD.ZS,16.0297457248346
GNB,Guinea-Bissau,2005,FM.LBL.BMNY.GD.ZS,15.1067439123063
GUY,Guyana,2025,FM.LBL.BMNY.GD.ZS,28.7520886737789
GUY,Guyana,2024,FM.LBL.BMNY.GD.ZS,24.6113455229584
GUY,Guyana,2023,FM.LBL.BMNY.GD.ZS,29.2713449066738
GUY,Guyana,2022,FM.LBL.BMNY.GD.ZS,27.5599870081342
GUY,Guyana,2021,FM.LBL.BMNY.GD.ZS,43.6754080180744
GUY,Guyana,2020,FM.LBL.BMNY.GD.ZS,56.4220471635668
GUY,Guyana,2019,FM.LBL.BMNY.GD.ZS,52.109233208703
GUY,Guyana,2018,FM.LBL.BMNY.GD.ZS,49.4180280406718
GUY,Guyana,2017,FM.LBL.BMNY.GD.ZS,47.2930903816724
GUY,Guyana,2016,FM.LBL.BMNY.GD.ZS,50.4427615200745
GUY,Guyana,2015,FM.LBL.BMNY.GD.ZS,50.1129633092668
GUY,Guyana,2014,FM.LBL.BMNY.GD.ZS,50.1324045308501
GUY,Guyana,2013,FM.LBL.BMNY.GD.ZS,48.1676369460622
GUY,Guyana,2012,FM.LBL.BMNY.GD.ZS,46.9970153501998
GUY,Guyana,2011,FM.LBL.BMNY.GD.ZS,45.8977994753388
GUY,Guyana,2010,FM.LBL.BMNY.GD.ZS,43.6326470076416
GUY,Guyana,2009,FM.LBL.BMNY.GD.ZS,40.7936922236489
GUY,Guyana,2008,FM.LBL.BMNY.GD.ZS,38.7070968402575
GUY,Guyana,2007,FM.LBL.BMNY.GD.ZS,38.4448661786129
GUY,Guyana,2006,FM.LBL.BMNY.GD.ZS,39.448281115862
GUY,Guyana,2005,FM.LBL.BMNY.GD.ZS,97.4352638327682
HTI,Haiti,2023,FM.LBL.BMNY.GD.ZS,23.0102646428152
HTI,Haiti,2022,FM.LBL.BMNY.GD.ZS,32.6315630364054
HTI,Haiti,2021,FM.LBL.BMNY.GD.ZS,31.7260886322478
HTI,Haiti,2020,FM.LBL.BMNY.GD.ZS,27.1935440352802
HTI,Haiti,2019,FM.LBL.BMNY.GD.ZS,29.9432304218837
HTI,Haiti,2018,FM.LBL.BMNY.GD.ZS,30.9975300427674
HTI,Haiti,2017,FM.LBL.BMNY.GD.ZS,28.1765962079789
HTI,Haiti,2016,FM.LBL.BMNY.GD.ZS,30.2899610946836
HTI,Haiti,2015,FM.LBL.BMNY.GD.ZS,29.9547613794764
HTI,Haiti,2014,FM.LBL.BMNY.GD.ZS,25.8191820722627
HTI,Haiti,2013,FM.LBL.BMNY.GD.ZS,25.2039044903606
HTI,Haiti,2012,FM.LBL.BMNY.GD.ZS,26.4188378578155
HTI,Haiti,2011,FM.LBL.BMNY.GD.ZS,26.8098396060004
HTI,Haiti,2010,FM.LBL.BMNY.GD.ZS,27.5114657776297
HTI,Haiti,2009,FM.LBL.BMNY.GD.ZS,22.1033380328828
HTI,Haiti,2008,FM.LBL.BMNY.GD.ZS,22.9951623340376
HTI,Haiti,2007,FM.LBL.BMNY.GD.ZS,23.5708047230825
HTI,Haiti,2006,FM.LBL.BMNY.GD.ZS,23.0517100179952
HTI,Haiti,2005,FM.LBL.BMNY.GD.ZS,25.9957517855092
HND,Honduras,2025,FM.LBL.BMNY.GD.ZS,74.1792652224748
HND,Honduras,2024,FM.LBL.BMNY.GD.ZS,75.1052585140351
HND,Honduras,2023,FM.LBL.BMNY.GD.ZS,74.2908720405811
HND,Honduras,2022,FM.LBL.BMNY.GD.ZS,73.5533282932285
HND,Honduras,2021,FM.LBL.BMNY.GD.ZS,74.4969941800527
HND,Honduras,2020,FM.LBL.BMNY.GD.ZS,80.0834579703572
HND,Honduras,2019,FM.LBL.BMNY.GD.ZS,63.3903949361544
HND,Honduras,2018,FM.LBL.BMNY.GD.ZS,60.9373757810527
HND,Honduras,2017,FM.LBL.BMNY.GD.ZS,59.6174831103871
HND,Honduras,2016,FM.LBL.BMNY.GD.ZS,58.0997498242596
HND,Honduras,2015,FM.LBL.BMNY.GD.ZS,53.1055498675525
HND,Honduras,2014,FM.LBL.BMNY.GD.ZS,54.6746373814689
HND,Honduras,2013,FM.LBL.BMNY.GD.ZS,53.1502477716167
HND,Honduras,2012,FM.LBL.BMNY.GD.ZS,51.1504410333274
HND,Honduras,2011,FM.LBL.BMNY.GD.ZS,51.5591823486487
HND,Honduras,2010,FM.LBL.BMNY.GD.ZS,51.3496270054707
HND,Honduras,2009,FM.LBL.BMNY.GD.ZS,50.7444750641409
HND,Honduras,2008,FM.LBL.BMNY.GD.ZS,52.9996944844307
HND,Honduras,2007,FM.LBL.BMNY.GD.ZS,56.7870372674305
HND,Honduras,2006,FM.LBL.BMNY.GD.ZS,55.1309689475738
HND,Honduras,2005,FM.LBL.BMNY.GD.ZS,50.9055919065266
HKG,"Hong Kong SAR, China",2025,FM.LBL.BMNY.GD.ZS,481.004849848759
HKG,"Hong Kong SAR, China",2024,FM.LBL.BMNY.GD.ZS,452.198225264455
HKG,"Hong Kong SAR, China",2023,FM.LBL.BMNY.GD.ZS,451.781532230202
HKG,"Hong Kong SAR, China",2022,FM.LBL.BMNY.GD.ZS,461.617056400997
HKG,"Hong Kong SAR, China",2021,FM.LBL.BMNY.GD.ZS,437.798213895319
HKG,"Hong Kong SAR, China",2020,FM.LBL.BMNY.GD.ZS,454.703219307323
HKG,"Hong Kong SAR, China",2019,FM.LBL.BMNY.GD.ZS,403.314068678555
HKG,"Hong Kong SAR, China",2018,FM.LBL.BMNY.GD.ZS,386.098765724693
HKG,"Hong Kong SAR, China",2017,FM.LBL.BMNY.GD.ZS,396.15178949102
HKG,"Hong Kong SAR, China",2016,FM.LBL.BMNY.GD.ZS,375.038760169244
HKG,"Hong Kong SAR, China",2015,FM.LBL.BMNY.GD.ZS,365.587623171606
HKG,"Hong Kong SAR, China",2014,FM.LBL.BMNY.GD.ZS,363.365683969726
HKG,"Hong Kong SAR, China",2013,FM.LBL.BMNY.GD.ZS,353.915337054349
HKG,"Hong Kong SAR, China",2012,FM.LBL.BMNY.GD.ZS,336.252603827381
HKG,"Hong Kong SAR, China",2011,FM.LBL.BMNY.GD.ZS,323.843597959089
HKG,"Hong Kong SAR, China",2010,FM.LBL.BMNY.GD.ZS,315.264425681686
HKG,"Hong Kong SAR, China",2009,FM.LBL.BMNY.GD.ZS,315.700700680129
HKG,"Hong Kong SAR, China",2008,FM.LBL.BMNY.GD.ZS,289.017219457601
HKG,"Hong Kong SAR, China",2007,FM.LBL.BMNY.GD.ZS,290.577753041637
HKG,"Hong Kong SAR, China",2006,FM.LBL.BMNY.GD.ZS,276.872062745161
HKG,"Hong Kong SAR, China",2005,FM.LBL.BMNY.GD.ZS,257.688533947066
HUN,Hungary,2024,FM.LBL.BMNY.GD.ZS,59.9618506731355
HUN,Hungary,2023,FM.LBL.BMNY.GD.ZS,59.3268658723513
HUN,Hungary,2022,FM.LBL.BMNY.GD.ZS,65.4101558012728
HUN,Hungary,2021,FM.LBL.BMNY.GD.ZS,71.5870700220549
HUN,Hungary,2020,FM.LBL.BMNY.GD.ZS,68.7696753012625
HUN,Hungary,2019,FM.LBL.BMNY.GD.ZS,57.8195336151716
HUN,Hungary,2018,FM.LBL.BMNY.GD.ZS,58.8467968854468
HUN,Hungary,2017,FM.LBL.BMNY.GD.ZS,58.2717853187095
HUN,Hungary,2016,FM.LBL.BMNY.GD.ZS,58.5640523947506
HUN,Hungary,2015,FM.LBL.BMNY.GD.ZS,56.6827399534454
HUN,Hungary,2014,FM.LBL.BMNY.GD.ZS,57.1612811738712
HUN,Hungary,2013,FM.LBL.BMNY.GD.ZS,60.3340416270534
HUN,Hungary,2012,FM.LBL.BMNY.GD.ZS,58.7197291432026
HUN,Hungary,2011,FM.LBL.BMNY.GD.ZS,62.497964345726
HUN,Hungary,2010,FM.LBL.BMNY.GD.ZS,60.8659096450131
HUN,Hungary,2009,FM.LBL.BMNY.GD.ZS,60.4917208079251
HUN,Hungary,2008,FM.LBL.BMNY.GD.ZS,56.7221480378225
HUN,Hungary,2007,FM.LBL.BMNY.GD.ZS,55.2253907053711
HUN,Hungary,2006,FM.LBL.BMNY.GD.ZS,52.6279427688957
HUN,Hungary,2005,FM.LBL.BMNY.GD.ZS,49.8292487707016
ISL,Iceland,2024,FM.LBL.BMNY.GD.ZS,67.3721438784847
ISL,Iceland,2023,FM.LBL.BMNY.GD.ZS,63.1721076577856
ISL,Iceland,2022,FM.LBL.BMNY.GD.ZS,64.6157643086815
ISL,Iceland,2021,FM.LBL.BMNY.GD.ZS,70.3164960682478
ISL,Iceland,2020,FM.LBL.BMNY.GD.ZS,70.8115235056047
ISL,Iceland,2019,FM.LBL.BMNY.GD.ZS,64.2434310908028
ISL,Iceland,2018,FM.LBL.BMNY.GD.ZS,63.9035480561348
ISL,Iceland,2017,FM.LBL.BMNY.GD.ZS,64.4520250420919
ISL,Iceland,2016,FM.LBL.BMNY.GD.ZS,64.5007891814892
ISL,Iceland,2015,FM.LBL.BMNY.GD.ZS,73.780427867324
ISL,Iceland,2014,FM.LBL.BMNY.GD.ZS,77.4159537964544
ISL,Iceland,2013,FM.LBL.BMNY.GD.ZS,77.723269928581
ISL,Iceland,2012,FM.LBL.BMNY.GD.ZS,78.8562697394313
ISL,Iceland,2011,FM.LBL.BMNY.GD.ZS,86.5294744849245
ISL,Iceland,2010,FM.LBL.BMNY.GD.ZS,85.8643495422076
ISL,Iceland,2009,FM.LBL.BMNY.GD.ZS,99.4205732541453
ISL,Iceland,2008,FM.LBL.BMNY.GD.ZS,98.7589218053852
ISL,Iceland,2007,FM.LBL.BMNY.GD.ZS,85.3012862112149
ISL,Iceland,2006,FM.LBL.BMNY.GD.ZS,91.399426638871
ISL,Iceland,2005,FM.LBL.BMNY.GD.ZS,65.5545661789476
IND,India,2021,FM.LBL.BMNY.GD.ZS,82.1020348312414
IND,India,2020,FM.LBL.BMNY.GD.ZS,87.6766726830318
IND,India,2019,FM.LBL.BMNY.GD.ZS,76.98188096813
IND,India,2018,FM.LBL.BMNY.GD.ZS,74.097824604711
IND,India,2017,FM.LBL.BMNY.GD.ZS,74.1441893624702
IND,India,2016,FM.LBL.BMNY.GD.ZS,74.5492653519617
IND,India,2015,FM.LBL.BMNY.GD.ZS,78.0119105841633
IND,India,2014,FM.LBL.BMNY.GD.ZS,77.8993537588766
IND,India,2013,FM.LBL.BMNY.GD.ZS,78.1821717320597
IND,India,2012,FM.LBL.BMNY.GD.ZS,76.9131885205749
IND,India,2011,FM.LBL.BMNY.GD.ZS,78.8373112865613
IND,India,2010,FM.LBL.BMNY.GD.ZS,77.67995244357
IND,India,2009,FM.LBL.BMNY.GD.ZS,79.0751963448471
IND,India,2008,FM.LBL.BMNY.GD.ZS,77.3729561105341
IND,India,2007,FM.LBL.BMNY.GD.ZS,72.2804239219053
IND,India,2006,FM.LBL.BMNY.GD.ZS,68.0630217874844
IND,India,2005,FM.LBL.BMNY.GD.ZS,65.5481218951747
IDN,Indonesia,2025,FM.LBL.BMNY.GD.ZS,42.5448558580342
IDN,Indonesia,2024,FM.LBL.BMNY.GD.ZS,41.7662674642836
IDN,Indonesia,2023,FM.LBL.BMNY.GD.ZS,42.2477459271709
IDN,Indonesia,2022,FM.LBL.BMNY.GD.ZS,43.5359510135993
IDN,Indonesia,2021,FM.LBL.BMNY.GD.ZS,46.3601820363569
IDN,Indonesia,2020,FM.LBL.BMNY.GD.ZS,44.7178744674807
IDN,Indonesia,2019,FM.LBL.BMNY.GD.ZS,38.760243844744
IDN,Indonesia,2018,FM.LBL.BMNY.GD.ZS,38.8175814421371
IDN,Indonesia,2017,FM.LBL.BMNY.GD.ZS,39.8766339278733
IDN,Indonesia,2016,FM.LBL.BMNY.GD.ZS,40.3570904370193
IDN,Indonesia,2015,FM.LBL.BMNY.GD.ZS,39.4644200518208
IDN,Indonesia,2014,FM.LBL.BMNY.GD.ZS,39.4838502418518
IDN,Indonesia,2013,FM.LBL.BMNY.GD.ZS,39.0754741372861
IDN,Indonesia,2012,FM.LBL.BMNY.GD.ZS,38.3892882677716
IDN,Indonesia,2011,FM.LBL.BMNY.GD.ZS,36.7380019918479
IDN,Indonesia,2010,FM.LBL.BMNY.GD.ZS,36.0017184238458
IDN,Indonesia,2009,FM.LBL.BMNY.GD.ZS,38.1966839102142
IDN,Indonesia,2008,FM.LBL.BMNY.GD.ZS,38.3099210918693
IDN,Indonesia,2007,FM.LBL.BMNY.GD.ZS,41.7541476720251
IDN,Indonesia,2006,FM.LBL.BMNY.GD.ZS,41.4017227442561
IDN,Indonesia,2005,FM.LBL.BMNY.GD.ZS,43.3540151492028
IRN,"Iran, Islamic Rep.",2016,FM.LBL.BMNY.GD.ZS,79.1355189357989
IRN,"Iran, Islamic Rep.",2015,FM.LBL.BMNY.GD.ZS,76.7612720666369
IRN,"Iran, Islamic Rep.",2014,FM.LBL.BMNY.GD.ZS,60.9614203205843
IRN,"Iran, Islamic Rep.",2013,FM.LBL.BMNY.GD.ZS,51.996003252761
IRN,"Iran, Islamic Rep.",2012,FM.LBL.BMNY.GD.ZS,55.5663119204692
IRN,"Iran, Islamic Rep.",2011,FM.LBL.BMNY.GD.ZS,47.4861795158596
IRN,"Iran, Islamic Rep.",2010,FM.LBL.BMNY.GD.ZS,54.1146898175522
IRN,"Iran, Islamic Rep.",2009,FM.LBL.BMNY.GD.ZS,53.2547045266019
IRN,"Iran, Islamic Rep.",2008,FM.LBL.BMNY.GD.ZS,44.2912620049814
IRN,"Iran, Islamic Rep.",2007,FM.LBL.BMNY.GD.ZS,47.3968984443766
IRN,"Iran, Islamic Rep.",2006,FM.LBL.BMNY.GD.ZS,47.0675292206663
IRN,"Iran, Islamic Rep.",2005,FM.LBL.BMNY.GD.ZS,41.5308792818645
IRQ,Iraq,2024,FM.LBL.BMNY.GD.ZS,47.869879775119
IRQ,Iraq,2023,FM.LBL.BMNY.GD.ZS,51.1548145806622
IRQ,Iraq,2022,FM.LBL.BMNY.GD.ZS,40.3876930700724
IRQ,Iraq,2021,FM.LBL.BMNY.GD.ZS,46.0070547829474
IRQ,Iraq,2020,FM.LBL.BMNY.GD.ZS,55.5992844084916
IRQ,Iraq,2019,FM.LBL.BMNY.GD.ZS,37.4572458230051
IRQ,Iraq,2018,FM.LBL.BMNY.GD.ZS,35.4719338243209
IRQ,Iraq,2017,FM.LBL.BMNY.GD.ZS,41.8905778293773
IRQ,Iraq,2016,FM.LBL.BMNY.GD.ZS,45.9397049158774
IRQ,Iraq,2015,FM.LBL.BMNY.GD.ZS,43.4183533850378
IRQ,Iraq,2014,FM.LBL.BMNY.GD.ZS,34.9145604974323
IRQ,Iraq,2013,FM.LBL.BMNY.GD.ZS,32.7178933527608
IRQ,Iraq,2012,FM.LBL.BMNY.GD.ZS,30.3618243387
IRQ,Iraq,2011,FM.LBL.BMNY.GD.ZS,34.0951641451793
IRQ,Iraq,2010,FM.LBL.BMNY.GD.ZS,37.8818477750462
IRQ,Iraq,2009,FM.LBL.BMNY.GD.ZS,35.8160599684758
IRQ,Iraq,2008,FM.LBL.BMNY.GD.ZS,23.518118982104
IRQ,Iraq,2007,FM.LBL.BMNY.GD.ZS,24.504536970164
IRQ,Iraq,2006,FM.LBL.BMNY.GD.ZS,20.8397209059232
IRQ,Iraq,2005,FM.LBL.BMNY.GD.ZS,20.2465658168836
ISR,Israel,2025,FM.LBL.BMNY.GD.ZS,103.733009564675
ISR,Israel,2024,FM.LBL.BMNY.GD.ZS,102.485754608667
ISR,Israel,2023,FM.LBL.BMNY.GD.ZS,101.016103361532
ISR,Israel,2022,FM.LBL.BMNY.GD.ZS,103.011721122754
ISR,Israel,2021,FM.LBL.BMNY.GD.ZS,108.650552294779
ISR,Israel,2020,FM.LBL.BMNY.GD.ZS,105.200109279588
ISR,Israel,2019,FM.LBL.BMNY.GD.ZS,85.6611010422318
ISR,Israel,2018,FM.LBL.BMNY.GD.ZS,84.09577843749
ISR,Israel,2017,FM.LBL.BMNY.GD.ZS,84.5783078612597
ISR,Israel,2016,FM.LBL.BMNY.GD.ZS,83.8607897457809
ISR,Israel,2015,FM.LBL.BMNY.GD.ZS,83.071270508688
ISR,Israel,2014,FM.LBL.BMNY.GD.ZS,83.4152838512601
ISR,Israel,2013,FM.LBL.BMNY.GD.ZS,77.9661088560345
ISR,Israel,2012,FM.LBL.BMNY.GD.ZS,76.187159761575
ISR,Israel,2011,FM.LBL.BMNY.GD.ZS,75.9182114124342
ISR,Israel,2010,FM.LBL.BMNY.GD.ZS,72.843804441363
ISR,Israel,2009,FM.LBL.BMNY.GD.ZS,75.4341534589858
ISR,Israel,2008,FM.LBL.BMNY.GD.ZS,75.3757989255513
ISR,Israel,2007,FM.LBL.BMNY.GD.ZS,70.0875549361876
ISR,Israel,2006,FM.LBL.BMNY.GD.ZS,94.3813444149392
ISR,Israel,2005,FM.LBL.BMNY.GD.ZS,94.3809280902641
JAM,Jamaica,2025,FM.LBL.BMNY.GD.ZS,65.7668261308917
JAM,Jamaica,2024,FM.LBL.BMNY.GD.ZS,61.1374122902506
JAM,Jamaica,2023,FM.LBL.BMNY.GD.ZS,58.9408143618242
JAM,Jamaica,2022,FM.LBL.BMNY.GD.ZS,60.2294889163807
JAM,Jamaica,2021,FM.LBL.BMNY.GD.ZS,66.5510393044567
JAM,Jamaica,2020,FM.LBL.BMNY.GD.ZS,66.0936092956467
JAM,Jamaica,2019,FM.LBL.BMNY.GD.ZS,52.4991436033074
JAM,Jamaica,2018,FM.LBL.BMNY.GD.ZS,50.0208233759234
JAM,Jamaica,2017,FM.LBL.BMNY.GD.ZS,48.9542257434782
JAM,Jamaica,2016,FM.LBL.BMNY.GD.ZS,47.6846560669555
JAM,Jamaica,2015,FM.LBL.BMNY.GD.ZS,44.7645729731336
JAM,Jamaica,2014,FM.LBL.BMNY.GD.ZS,44.8110852628213
JAM,Jamaica,2013,FM.LBL.BMNY.GD.ZS,45.1974396269524
JAM,Jamaica,2012,FM.LBL.BMNY.GD.ZS,43.6592957600717
JAM,Jamaica,2011,FM.LBL.BMNY.GD.ZS,42.5420365244837
JAM,Jamaica,2010,FM.LBL.BMNY.GD.ZS,43.675982862313
JAM,Jamaica,2009,FM.LBL.BMNY.GD.ZS,44.7619429709654
JAM,Jamaica,2008,FM.LBL.BMNY.GD.ZS,43.4984046222144
JAM,Jamaica,2007,FM.LBL.BMNY.GD.ZS,46.5888217679578
JAM,Jamaica,2006,FM.LBL.BMNY.GD.ZS,45.8972390659105
JAM,Jamaica,2005,FM.LBL.BMNY.GD.ZS,44.5168816295289
JPN,Japan,2025,FM.LBL.BMNY.GD.ZS,246.778137129339
JPN,Japan,2024,FM.LBL.BMNY.GD.ZS,256.724826796757
JPN,Japan,2023,FM.LBL.BMNY.GD.ZS,264.113886756067
JPN,Japan,2022,FM.LBL.BMNY.GD.ZS,272.358226337945
JPN,Japan,2021,FM.LBL.BMNY.GD.ZS,271.574168608892
JPN,Japan,2020,FM.LBL.BMNY.GD.ZS,273.088126793081
JPN,Japan,2019,FM.LBL.BMNY.GD.ZS,246.472200168579
JPN,Japan,2018,FM.LBL.BMNY.GD.ZS,242.620523285897
JPN,Japan,2017,FM.LBL.BMNY.GD.ZS,238.806145254362
JPN,Japan,2016,FM.LBL.BMNY.GD.ZS,234.557133057036
JPN,Japan,2015,FM.LBL.BMNY.GD.ZS,228.77893667078
JPN,Japan,2014,FM.LBL.BMNY.GD.ZS,230.810828002808
JPN,Japan,2013,FM.LBL.BMNY.GD.ZS,230.344281146385
JPN,Japan,2012,FM.LBL.BMNY.GD.ZS,226.47929635118
JPN,Japan,2011,FM.LBL.BMNY.GD.ZS,223.520020273695
JPN,Japan,2010,FM.LBL.BMNY.GD.ZS,213.350580899816
JPN,Japan,2009,FM.LBL.BMNY.GD.ZS,214.095334103517
JPN,Japan,2008,FM.LBL.BMNY.GD.ZS,196.316583651351
JPN,Japan,2007,FM.LBL.BMNY.GD.ZS,190.634225723693
JPN,Japan,2006,FM.LBL.BMNY.GD.ZS,190.763107557634
JPN,Japan,2005,FM.LBL.BMNY.GD.ZS,193.271046541661
JOR,Jordan,2024,FM.LBL.BMNY.GD.ZS,104.282081630604
JOR,Jordan,2023,FM.LBL.BMNY.GD.ZS,102.661089349792
JOR,Jordan,2022,FM.LBL.BMNY.GD.ZS,105.460770636858
JOR,Jordan,2021,FM.LBL.BMNY.GD.ZS,105.632428300457
JOR,Jordan,2020,FM.LBL.BMNY.GD.ZS,104.394667166211
JOR,Jordan,2019,FM.LBL.BMNY.GD.ZS,97.2939590950256
JOR,Jordan,2018,FM.LBL.BMNY.GD.ZS,94.8957454153577
JOR,Jordan,2017,FM.LBL.BMNY.GD.ZS,98.7013978402363
JOR,Jordan,2016,FM.LBL.BMNY.GD.ZS,102.920294116377
JOR,Jordan,2015,FM.LBL.BMNY.GD.ZS,101.647858541876
JOR,Jordan,2014,FM.LBL.BMNY.GD.ZS,98.8556670290119
JOR,Jordan,2013,FM.LBL.BMNY.GD.ZS,110.39733425637
JOR,Jordan,2012,FM.LBL.BMNY.GD.ZS,105.085546606632
JOR,Jordan,2011,FM.LBL.BMNY.GD.ZS,114.551888625339
JOR,Jordan,2010,FM.LBL.BMNY.GD.ZS,120.544754373178
JOR,Jordan,2009,FM.LBL.BMNY.GD.ZS,121.377875218846
JOR,Jordan,2008,FM.LBL.BMNY.GD.ZS,104.600451520044
JOR,Jordan,2007,FM.LBL.BMNY.GD.ZS,129.620073693668
JOR,Jordan,2006,FM.LBL.BMNY.GD.ZS,131.018388069768
JOR,Jordan,2005,FM.LBL.BMNY.GD.ZS,138.877386394192
KAZ,Kazakhstan,2025,FM.LBL.BMNY.GD.ZS,33.0604756156695
KAZ,Kazakhstan,2024,FM.LBL.BMNY.GD.ZS,33.4032443248784
KAZ,Kazakhstan,2023,FM.LBL.BMNY.GD.ZS,32.0670107072072
KAZ,Kazakhstan,2022,FM.LBL.BMNY.GD.ZS,33.051398183262
KAZ,Kazakhstan,2021,FM.LBL.BMNY.GD.ZS,35.853152223875
KAZ,Kazakhstan,2020,FM.LBL.BMNY.GD.ZS,35.2698169004441
KAZ,Kazakhstan,2019,FM.LBL.BMNY.GD.ZS,30.664842365347
KAZ,Kazakhstan,2018,FM.LBL.BMNY.GD.ZS,33.6679512588144
KAZ,Kazakhstan,2017,FM.LBL.BMNY.GD.ZS,35.7792185112831
KAZ,Kazakhstan,2016,FM.LBL.BMNY.GD.ZS,42.1505362245327
KAZ,Kazakhstan,2015,FM.LBL.BMNY.GD.ZS,41.8888040751794
KAZ,Kazakhstan,2014,FM.LBL.BMNY.GD.ZS,32.2652212789942
KAZ,Kazakhstan,2013,FM.LBL.BMNY.GD.ZS,32.2178669241273
KAZ,Kazakhstan,2012,FM.LBL.BMNY.GD.ZS,33.9279351024337
KAZ,Kazakhstan,2011,FM.LBL.BMNY.GD.ZS,34.5296795917064
KAZ,Kazakhstan,2010,FM.LBL.BMNY.GD.ZS,38.884379747538
KAZ,Kazakhstan,2009,FM.LBL.BMNY.GD.ZS,44.0231721156941
KAZ,Kazakhstan,2008,FM.LBL.BMNY.GD.ZS,39.0408803844671
KAZ,Kazakhstan,2007,FM.LBL.BMNY.GD.ZS,36.0303789108957
KAZ,Kazakhstan,2006,FM.LBL.BMNY.GD.ZS,36.0060480592774
KAZ,Kazakhstan,2005,FM.LBL.BMNY.GD.ZS,27.2093138096755
KEN,Kenya,2024,FM.LBL.BMNY.GD.ZS,37.6135399839107
KEN,Kenya,2023,FM.LBL.BMNY.GD.ZS,40.2067953496579
KEN,Kenya,2022,FM.LBL.BMNY.GD.ZS,37.3799304186568
KEN,Kenya,2021,FM.LBL.BMNY.GD.ZS,38.9887824596899
KEN,Kenya,2020,FM.LBL.BMNY.GD.ZS,41.2025809064046
KEN,Kenya,2019,FM.LBL.BMNY.GD.ZS,38.0704837589513
KEN,Kenya,2018,FM.LBL.BMNY.GD.ZS,39.3598323408541
KEN,Kenya,2017,FM.LBL.BMNY.GD.ZS,39.351989294104
KEN,Kenya,2016,FM.LBL.BMNY.GD.ZS,40.3276116242301
KEN,Kenya,2015,FM.LBL.BMNY.GD.ZS,42.8193857794093
KEN,Kenya,2014,FM.LBL.BMNY.GD.ZS,42.3012569025283
KEN,Kenya,2013,FM.LBL.BMNY.GD.ZS,37.7933919281896
KEN,Kenya,2012,FM.LBL.BMNY.GD.ZS,36.5265195457312
KEN,Kenya,2011,FM.LBL.BMNY.GD.ZS,36.5694357157819
KEN,Kenya,2010,FM.LBL.BMNY.GD.ZS,35.5104303989891
KEN,Kenya,2009,FM.LBL.BMNY.GD.ZS,31.8735611625184
KEN,Kenya,2008,FM.LBL.BMNY.GD.ZS,36.1054991412913
KEN,Kenya,2007,FM.LBL.BMNY.GD.ZS,36.0648196834475
KEN,Kenya,2006,FM.LBL.BMNY.GD.ZS,34.601568789648
KEN,Kenya,2005,FM.LBL.BMNY.GD.ZS,38.9067146493246
KOR,"Korea, Rep.",2024,FM.LBL.BMNY.GD.ZS,162.713643122999
KOR,"Korea, Rep.",2023,FM.LBL.BMNY.GD.ZS,162.102920744302
KOR,"Korea, Rep.",2022,FM.LBL.BMNY.GD.ZS,161.729295899876
KOR,"Korea, Rep.",2021,FM.LBL.BMNY.GD.ZS,162.638580522216
KOR,"Korea, Rep.",2020,FM.LBL.BMNY.GD.ZS,155.447545782261
KOR,"Korea, Rep.",2019,FM.LBL.BMNY.GD.ZS,142.78240309698
KOR,"Korea, Rep.",2018,FM.LBL.BMNY.GD.ZS,134.548912255736
KOR,"Korea, Rep.",2017,FM.LBL.BMNY.GD.ZS,130.819422718214
KOR,"Korea, Rep.",2016,FM.LBL.BMNY.GD.ZS,131.337923519495
KOR,"Korea, Rep.",2015,FM.LBL.BMNY.GD.ZS,129.101908769422
KOR,"Korea, Rep.",2014,FM.LBL.BMNY.GD.ZS,126.777742118816
KOR,"Korea, Rep.",2013,FM.LBL.BMNY.GD.ZS,122.270565283854
KOR,"Korea, Rep.",2012,FM.LBL.BMNY.GD.ZS,121.995959018634
KOR,"Korea, Rep.",2011,FM.LBL.BMNY.GD.ZS,120.90900585375
KOR,"Korea, Rep.",2010,FM.LBL.BMNY.GD.ZS,120.375348632748
KOR,"Korea, Rep.",2009,FM.LBL.BMNY.GD.ZS,124.818221460832
KOR,"Korea, Rep.",2008,FM.LBL.BMNY.GD.ZS,118.530308953759
KOR,"Korea, Rep.",2007,FM.LBL.BMNY.GD.ZS,112.257867210299
KOR,"Korea, Rep.",2006,FM.LBL.BMNY.GD.ZS,109.907483881999
KOR,"Korea, Rep.",2005,FM.LBL.BMNY.GD.ZS,102.640051325377
XKX,Kosovo,2024,FM.LBL.BMNY.GD.ZS,59.5915433436876
XKX,Kosovo,2023,FM.LBL.BMNY.GD.ZS,56.6917660256162
XKX,Kosovo,2022,FM.LBL.BMNY.GD.ZS,55.4390379898124
XKX,Kosovo,2021,FM.LBL.BMNY.GD.ZS,55.4921815937043
XKX,Kosovo,2020,FM.LBL.BMNY.GD.ZS,58.2354873038285
XKX,Kosovo,2019,FM.LBL.BMNY.GD.ZS,48.464187111652
XKX,Kosovo,2018,FM.LBL.BMNY.GD.ZS,45.5343238374616
XKX,Kosovo,2017,FM.LBL.BMNY.GD.ZS,44.2324938724319
XKX,Kosovo,2016,FM.LBL.BMNY.GD.ZS,43.7877587815462
XKX,Kosovo,2015,FM.LBL.BMNY.GD.ZS,42.7864581826205
XKX,Kosovo,2014,FM.LBL.BMNY.GD.ZS,43.023002800889
XKX,Kosovo,2013,FM.LBL.BMNY.GD.ZS,47.0166474606671
XKX,Kosovo,2012,FM.LBL.BMNY.GD.ZS,42.4182258299192
XKX,Kosovo,2011,FM.LBL.BMNY.GD.ZS,41.6953859870621
XKX,Kosovo,2010,FM.LBL.BMNY.GD.ZS,43.3132135778059
XKX,Kosovo,2009,FM.LBL.BMNY.GD.ZS,42.6020106685028
XKX,Kosovo,2008,FM.LBL.BMNY.GD.ZS,39.2261599746042
KWT,Kuwait,2025,FM.LBL.BMNY.GD.ZS,87.4291173082492
KWT,Kuwait,2024,FM.LBL.BMNY.GD.ZS,82.3856832262046
KWT,Kuwait,2023,FM.LBL.BMNY.GD.ZS,76.6773245004203
KWT,Kuwait,2022,FM.LBL.BMNY.GD.ZS,68.6583948825996
KWT,Kuwait,2021,FM.LBL.BMNY.GD.ZS,80.9973822933948
KWT,Kuwait,2020,FM.LBL.BMNY.GD.ZS,102.691320991489
KWT,Kuwait,2019,FM.LBL.BMNY.GD.ZS,88.1343235543354
KWT,Kuwait,2018,FM.LBL.BMNY.GD.ZS,91.3712194331013
KWT,Kuwait,2017,FM.LBL.BMNY.GD.ZS,100.411239758735
KWT,Kuwait,2016,FM.LBL.BMNY.GD.ZS,107.142253380294
KWT,Kuwait,2015,FM.LBL.BMNY.GD.ZS,99.3213738068822
KWT,Kuwait,2014,FM.LBL.BMNY.GD.ZS,72.63792489545
KWT,Kuwait,2013,FM.LBL.BMNY.GD.ZS,65.6454773127769
KWT,Kuwait,2012,FM.LBL.BMNY.GD.ZS,60.630840682472
KWT,Kuwait,2011,FM.LBL.BMNY.GD.ZS,65.2684029036503
KWT,Kuwait,2010,FM.LBL.BMNY.GD.ZS,77.4935855426652
KWT,Kuwait,2009,FM.LBL.BMNY.GD.ZS,81.6356054196916
KWT,Kuwait,2008,FM.LBL.BMNY.GD.ZS,55.4021057652992
KWT,Kuwait,2007,FM.LBL.BMNY.GD.ZS,58.1939749421435
KWT,Kuwait,2006,FM.LBL.BMNY.GD.ZS,54.0239199850693
KWT,Kuwait,2005,FM.LBL.BMNY.GD.ZS,55.4661872912534
KGZ,Kyrgyz Republic,2022,FM.LBL.BMNY.GD.ZS,43.4704498170032
KGZ,Kyrgyz Republic,2021,FM.LBL.BMNY.GD.ZS,43.4024949918804
KGZ,Kyrgyz Republic,2020,FM.LBL.BMNY.GD.ZS,44.5917217195836
KGZ,Kyrgyz Republic,2019,FM.LBL.BMNY.GD.ZS,35.2072203874818
KGZ,Kyrgyz Republic,2018,FM.LBL.BMNY.GD.ZS,35.8405813769544
KGZ,Kyrgyz Republic,2017,FM.LBL.BMNY.GD.ZS,36.4560773289653
KGZ,Kyrgyz Republic,2016,FM.LBL.BMNY.GD.ZS,34.4334649606946
KGZ,Kyrgyz Republic,2015,FM.LBL.BMNY.GD.ZS,33.2512000930336
KGZ,Kyrgyz Republic,2014,FM.LBL.BMNY.GD.ZS,31.0903545833404
KGZ,Kyrgyz Republic,2013,FM.LBL.BMNY.GD.ZS,34.0344773190151
KGZ,Kyrgyz Republic,2012,FM.LBL.BMNY.GD.ZS,31.7259312904188
KGZ,Kyrgyz Republic,2011,FM.LBL.BMNY.GD.ZS,27.8139495276393
KGZ,Kyrgyz Republic,2010,FM.LBL.BMNY.GD.ZS,31.4130510876697
KGZ,Kyrgyz Republic,2009,FM.LBL.BMNY.GD.ZS,28.3973532233806
KGZ,Kyrgyz Republic,2008,FM.LBL.BMNY.GD.ZS,24.8692419159336
KGZ,Kyrgyz Republic,2007,FM.LBL.BMNY.GD.ZS,30.5782720540925
KGZ,Kyrgyz Republic,2006,FM.LBL.BMNY.GD.ZS,28.1595123378626
KGZ,Kyrgyz Republic,2005,FM.LBL.BMNY.GD.ZS,21.1482066260188
LAO,Lao PDR,2010,FM.LBL.BMNY.GD.ZS,36.1878338307889
LAO,Lao PDR,2009,FM.LBL.BMNY.GD.ZS,30.8241747256511
LAO,Lao PDR,2008,FM.LBL.BMNY.GD.ZS,24.2925765896944
LAO,Lao PDR,2007,FM.LBL.BMNY.GD.ZS,24.1018900504253
LAO,Lao PDR,2006,FM.LBL.BMNY.GD.ZS,20.0852445867198
LAO,Lao PDR,2005,FM.LBL.BMNY.GD.ZS,19.0763401255551
LBN,Lebanon,2017,FM.LBL.BMNY.GD.ZS,260.618310540712
LBN,Lebanon,2016,FM.LBL.BMNY.GD.ZS,259.293191038484
LBN,Lebanon,2015,FM.LBL.BMNY.GD.ZS,247.241629881364
LBN,Lebanon,2014,FM.LBL.BMNY.GD.ZS,244.296910042665
LBN,Lebanon,2013,FM.LBL.BMNY.GD.ZS,236.65496359554
LBN,Lebanon,2012,FM.LBL.BMNY.GD.ZS,235.819514655813
LBN,Lebanon,2011,FM.LBL.BMNY.GD.ZS,243.034254777896
LBN,Lebanon,2010,FM.LBL.BMNY.GD.ZS,239.317784133789
LBN,Lebanon,2009,FM.LBL.BMNY.GD.ZS,231.835194327813
LBN,Lebanon,2008,FM.LBL.BMNY.GD.ZS,235.607326816909
LBN,Lebanon,2007,FM.LBL.BMNY.GD.ZS,240.75984917293
LBN,Lebanon,2006,FM.LBL.BMNY.GD.ZS,241.436414893744
LBN,Lebanon,2005,FM.LBL.BMNY.GD.ZS,229.447901134241
LSO,Lesotho,2020,FM.LBL.BMNY.GD.ZS,42.25452205414
LSO,Lesotho,2019,FM.LBL.BMNY.GD.ZS,35.3056002303545
LSO,Lesotho,2018,FM.LBL.BMNY.GD.ZS,39.6125291662961
LSO,Lesotho,2017,FM.LBL.BMNY.GD.ZS,39.388791319184
LSO,Lesotho,2016,FM.LBL.BMNY.GD.ZS,31.0078773481475
LSO,Lesotho,2015,FM.LBL.BMNY.GD.ZS,33.6617216014764
LSO,Lesotho,2014,FM.LBL.BMNY.GD.ZS,33.9869822662388
LSO,Lesotho,2013,FM.LBL.BMNY.GD.ZS,37.921760394771
LSO,Lesotho,2012,FM.LBL.BMNY.GD.ZS,35.1340198361316
LSO,Lesotho,2011,FM.LBL.BMNY.GD.ZS,35.5631378898331
LSO,Lesotho,2010,FM.LBL.BMNY.GD.ZS,39.4502317143071
LSO,Lesotho,2009,FM.LBL.BMNY.GD.ZS,35.7497316275754
LSO,Lesotho,2008,FM.LBL.BMNY.GD.ZS,33.4564054765705
LSO,Lesotho,2007,FM.LBL.BMNY.GD.ZS,34.4391018777085
LSO,Lesotho,2006,FM.LBL.BMNY.GD.ZS,28.778280171772
LSO,Lesotho,2005,FM.LBL.BMNY.GD.ZS,24.2328456792603
LBR,Liberia,2024,FM.LBL.BMNY.GD.ZS,27.0351429436564
LBR,Liberia,2023,FM.LBL.BMNY.GD.ZS,28.9052660982452
LBR,Liberia,2022,FM.LBL.BMNY.GD.ZS,25.1190110245401
LBR,Liberia,2021,FM.LBL.BMNY.GD.ZS,21.4440372625386
LBR,Liberia,2020,FM.LBL.BMNY.GD.ZS,20.9271669358774
LBR,Liberia,2019,FM.LBL.BMNY.GD.ZS,19.5527400200518
LBR,Liberia,2018,FM.LBL.BMNY.GD.ZS,20.4788329989017
LBR,Liberia,2017,FM.LBL.BMNY.GD.ZS,20.0639671965974
LBR,Liberia,2016,FM.LBL.BMNY.GD.ZS,18.0934974615231
LBR,Liberia,2015,FM.LBL.BMNY.GD.ZS,20.7402934643913
LBR,Liberia,2014,FM.LBL.BMNY.GD.ZS,19.0869214108779
LBR,Liberia,2013,FM.LBL.BMNY.GD.ZS,21.0523385730968
LBR,Liberia,2012,FM.LBL.BMNY.GD.ZS,19.5361688132934
LBR,Liberia,2011,FM.LBL.BMNY.GD.ZS,22.2528392533013
LBR,Liberia,2010,FM.LBL.BMNY.GD.ZS,20.5224558062603
LBR,Liberia,2009,FM.LBL.BMNY.GD.ZS,18.05911133277
LBR,Liberia,2008,FM.LBL.BMNY.GD.ZS,14.7209281266767
LBR,Liberia,2007,FM.LBL.BMNY.GD.ZS,13.4398815964005
LBR,Liberia,2006,FM.LBL.BMNY.GD.ZS,13.2211341024366
LBR,Liberia,2005,FM.LBL.BMNY.GD.ZS,11.771716432981
LBY,Libya,2021,FM.LBL.BMNY.GD.ZS,64.4124684090201
LBY,Libya,2020,FM.LBL.BMNY.GD.ZS,197.393967870597
LBY,Libya,2019,FM.LBL.BMNY.GD.ZS,115.150714616884
LBY,Libya,2018,FM.LBL.BMNY.GD.ZS,108.54037238781
LBY,Libya,2017,FM.LBL.BMNY.GD.ZS,122.142809910825
LBY,Libya,2016,FM.LBL.BMNY.GD.ZS,132.06861470801
LBY,Libya,2015,FM.LBL.BMNY.GD.ZS,111.575426034826
LBY,Libya,2014,FM.LBL.BMNY.GD.ZS,91.4126988327276
LBY,Libya,2013,FM.LBL.BMNY.GD.ZS,69.877190748815
LBY,Libya,2012,FM.LBL.BMNY.GD.ZS,53.9535712328016
LBY,Libya,2011,FM.LBL.BMNY.GD.ZS,94.8898259248896
LBY,Libya,2010,FM.LBL.BMNY.GD.ZS,47.2537898621449
LBY,Libya,2009,FM.LBL.BMNY.GD.ZS,59.5385277387125
LBY,Libya,2008,FM.LBL.BMNY.GD.ZS,36.4320992308852
LBY,Libya,2007,FM.LBL.BMNY.GD.ZS,30.1603580845503
LBY,Libya,2006,FM.LBL.BMNY.GD.ZS,23.7758446174914
LBY,Libya,2005,FM.LBL.BMNY.GD.ZS,26.5646192598334
MAC,"Macao SAR, China",2025,FM.LBL.BMNY.GD.ZS,201.212632283992
MAC,"Macao SAR, China",2024,FM.LBL.BMNY.GD.ZS,196.809695894959
MAC,"Macao SAR, China",2023,FM.LBL.BMNY.GD.ZS,197.219805438375
MAC,"Macao SAR, China",2022,FM.LBL.BMNY.GD.ZS,356.963445737591
MAC,"Macao SAR, China",2021,FM.LBL.BMNY.GD.ZS,280.352824364605
MAC,"Macao SAR, China",2020,FM.LBL.BMNY.GD.ZS,342.812776534432
MAC,"Macao SAR, China",2019,FM.LBL.BMNY.GD.ZS,154.819429876216
MAC,"Macao SAR, China",2018,FM.LBL.BMNY.GD.ZS,146.524109994512
MAC,"Macao SAR, China",2017,FM.LBL.BMNY.GD.ZS,146.516986058402
MAC,"Macao SAR, China",2016,FM.LBL.BMNY.GD.ZS,148.116753686401
MAC,"Macao SAR, China",2015,FM.LBL.BMNY.GD.ZS,131.762665912403
MAC,"Macao SAR, China",2014,FM.LBL.BMNY.GD.ZS,111.107974481295
MAC,"Macao SAR, China",2013,FM.LBL.BMNY.GD.ZS,107.159546415679
MAC,"Macao SAR, China",2012,FM.LBL.BMNY.GD.ZS,108.641328391899
MAC,"Macao SAR, China",2011,FM.LBL.BMNY.GD.ZS,100.846773866013
MAC,"Macao SAR, China",2010,FM.LBL.BMNY.GD.ZS,107.538334896644
MAC,"Macao SAR, China",2009,FM.LBL.BMNY.GD.ZS,123.121596268644
MAC,"Macao SAR, China",2008,FM.LBL.BMNY.GD.ZS,112.542379876541
MAC,"Macao SAR, China",2007,FM.LBL.BMNY.GD.ZS,125.212115588368
MAC,"Macao SAR, China",2006,FM.LBL.BMNY.GD.ZS,141.926043994824
MAC,"Macao SAR, China",2005,FM.LBL.BMNY.GD.ZS,139.259655083919
MDG,Madagascar,2024,FM.LBL.BMNY.GD.ZS,27.2856491367619
MDG,Madagascar,2023,FM.LBL.BMNY.GD.ZS,26.8373682953215
MDG,Madagascar,2022,FM.LBL.BMNY.GD.ZS,28.0299633101283
MDG,Madagascar,2021,FM.LBL.BMNY.GD.ZS,28.1683421140093
MDG,Madagascar,2020,FM.LBL.BMNY.GD.ZS,28.237522818239
MDG,Madagascar,2019,FM.LBL.BMNY.GD.ZS,24.6311464688038
MDG,Madagascar,2018,FM.LBL.BMNY.GD.ZS,25.6080339040708
MDG,Madagascar,2017,FM.LBL.BMNY.GD.ZS,25.5623978283926
MDG,Madagascar,2016,FM.LBL.BMNY.GD.ZS,23.6124260925828
MDG,Madagascar,2015,FM.LBL.BMNY.GD.ZS,22.5824212828002
MDG,Madagascar,2014,FM.LBL.BMNY.GD.ZS,21.2864128149787
MDG,Madagascar,2013,FM.LBL.BMNY.GD.ZS,21.1936861069535
MDG,Madagascar,2012,FM.LBL.BMNY.GD.ZS,22.0587116419643
MDG,Madagascar,2011,FM.LBL.BMNY.GD.ZS,22.2783183197371
MDG,Madagascar,2010,FM.LBL.BMNY.GD.ZS,21.3619688868951
MDG,Madagascar,2009,FM.LBL.BMNY.GD.ZS,21.1984002551658
MDG,Madagascar,2008,FM.LBL.BMNY.GD.ZS,19.7663952945683
MDG,Madagascar,2007,FM.LBL.BMNY.GD.ZS,20.2004514501872
MDG,Madagascar,2006,FM.LBL.BMNY.GD.ZS,19.4141162042008
MDG,Madagascar,2005,FM.LBL.BMNY.GD.ZS,17.3127222071987
MWI,Malawi,2024,FM.LBL.BMNY.GD.ZS,27.1510285739537
MWI,Malawi,2023,FM.LBL.BMNY.GD.ZS,23.7094428695983
MWI,Malawi,2022,FM.LBL.BMNY.GD.ZS,23.5857024217969
MWI,Malawi,2021,FM.LBL.BMNY.GD.ZS,20.0931498965197
MWI,Malawi,2020,FM.LBL.BMNY.GD.ZS,17.4728148502422
MWI,Malawi,2019,FM.LBL.BMNY.GD.ZS,16.0258829511851
MWI,Malawi,2018,FM.LBL.BMNY.GD.ZS,16.5630671572946
MWI,Malawi,2017,FM.LBL.BMNY.GD.ZS,16.4940747318282
MWI,Malawi,2016,FM.LBL.BMNY.GD.ZS,16.166131397105
MWI,Malawi,2015,FM.LBL.BMNY.GD.ZS,17.1246202923525
MWI,Malawi,2014,FM.LBL.BMNY.GD.ZS,16.4762427693326
MWI,Malawi,2013,FM.LBL.BMNY.GD.ZS,17.8341200997595
MWI,Malawi,2012,FM.LBL.BMNY.GD.ZS,17.682137714717
MWI,Malawi,2011,FM.LBL.BMNY.GD.ZS,17.2414095700595
MWI,Malawi,2010,FM.LBL.BMNY.GD.ZS,15.2023392638353
MWI,Malawi,2009,FM.LBL.BMNY.GD.ZS,13.6828765896372
MWI,Malawi,2008,FM.LBL.BMNY.GD.ZS,12.8330454715885
MWI,Malawi,2007,FM.LBL.BMNY.GD.ZS,9.50945013082068
MWI,Malawi,2006,FM.LBL.BMNY.GD.ZS,7.94312171216044
MWI,Malawi,2005,FM.LBL.BMNY.GD.ZS,8.5700282579519
MYS,Malaysia,2025,FM.LBL.BMNY.GD.ZS,120.639624438145
MYS,Malaysia,2024,FM.LBL.BMNY.GD.ZS,120.754081937444
MYS,Malaysia,2023,FM.LBL.BMNY.GD.ZS,123.863931854246
MYS,Malaysia,2022,FM.LBL.BMNY.GD.ZS,118.938315320065
MYS,Malaysia,2021,FM.LBL.BMNY.GD.ZS,132.547636040633
MYS,Malaysia,2020,FM.LBL.BMNY.GD.ZS,137.093713910382
MYS,Malaysia,2019,FM.LBL.BMNY.GD.ZS,122.907052812222
MYS,Malaysia,2018,FM.LBL.BMNY.GD.ZS,125.07786465746
MYS,Malaysia,2017,FM.LBL.BMNY.GD.ZS,122.534205616143
MYS,Malaysia,2016,FM.LBL.BMNY.GD.ZS,128.584186484846
MYS,Malaysia,2015,FM.LBL.BMNY.GD.ZS,132.812779305956
MYS,Malaysia,2014,FM.LBL.BMNY.GD.ZS,137.102328593906
MYS,Malaysia,2013,FM.LBL.BMNY.GD.ZS,140.092353976818
MYS,Malaysia,2012,FM.LBL.BMNY.GD.ZS,136.80386813555
MYS,Malaysia,2011,FM.LBL.BMNY.GD.ZS,133.890596574756
MYS,Malaysia,2010,FM.LBL.BMNY.GD.ZS,129.644648612903
MYS,Malaysia,2009,FM.LBL.BMNY.GD.ZS,139.16562087384
MYS,Malaysia,2008,FM.LBL.BMNY.GD.ZS,119.590240517141
MYS,Malaysia,2007,FM.LBL.BMNY.GD.ZS,125.202378366958
MYS,Malaysia,2006,FM.LBL.BMNY.GD.ZS,129.338226236628
MYS,Malaysia,2005,FM.LBL.BMNY.GD.ZS,124.964121884925
MDV,Maldives,2025,FM.LBL.BMNY.GD.ZS,60.2301059160156
MDV,Maldives,2024,FM.LBL.BMNY.GD.ZS,54.4751704970989
MDV,Maldives,2023,FM.LBL.BMNY.GD.ZS,58.1506998952365
MDV,Maldives,2022,FM.LBL.BMNY.GD.ZS,58.2615028653151
MDV,Maldives,2021,FM.LBL.BMNY.GD.ZS,64.6752385975961
MDV,Maldives,2020,FM.LBL.BMNY.GD.ZS,72.4722361354647
MDV,Maldives,2019,FM.LBL.BMNY.GD.ZS,41.1465021497222
MDV,Maldives,2018,FM.LBL.BMNY.GD.ZS,39.7804381273004
MDV,Maldives,2017,FM.LBL.BMNY.GD.ZS,43.1868685299419
MDV,Maldives,2016,FM.LBL.BMNY.GD.ZS,44.9086280122786
MDV,Maldives,2015,FM.LBL.BMNY.GD.ZS,48.0525698746175
MDV,Maldives,2014,FM.LBL.BMNY.GD.ZS,47.8259394605774
MDV,Maldives,2013,FM.LBL.BMNY.GD.ZS,46.7610399769232
MDV,Maldives,2012,FM.LBL.BMNY.GD.ZS,45.1041063121999
MDV,Maldives,2011,FM.LBL.BMNY.GD.ZS,47.0543787205311
MDV,Maldives,2010,FM.LBL.BMNY.GD.ZS,47.9463196785526
MDV,Maldives,2009,FM.LBL.BMNY.GD.ZS,46.1538291596222
MDV,Maldives,2008,FM.LBL.BMNY.GD.ZS,41.6488727183431
MDV,Maldives,2007,FM.LBL.BMNY.GD.ZS,41.5584009621151
MDV,Maldives,2006,FM.LBL.BMNY.GD.ZS,39.7204023396458
MDV,Maldives,2005,FM.LBL.BMNY.GD.ZS,45.2433849297208
MLI,Mali,2025,FM.LBL.BMNY.GD.ZS,30.8145205582815
MLI,Mali,2024,FM.LBL.BMNY.GD.ZS,29.6693845780078
MLI,Mali,2023,FM.LBL.BMNY.GD.ZS,31.465224266016
MLI,Mali,2022,FM.LBL.BMNY.GD.ZS,34.0202429842706
MLI,Mali,2021,FM.LBL.BMNY.GD.ZS,33.8720249942233
MLI,Mali,2020,FM.LBL.BMNY.GD.ZS,26.5812701285786
MLI,Mali,2019,FM.LBL.BMNY.GD.ZS,23.5120808091334
MLI,Mali,2018,FM.LBL.BMNY.GD.ZS,23.8918149330587
MLI,Mali,2017,FM.LBL.BMNY.GD.ZS,22.5991378938498
MLI,Mali,2016,FM.LBL.BMNY.GD.ZS,23.2084651743195
MLI,Mali,2015,FM.LBL.BMNY.GD.ZS,22.5706862873155
MLI,Mali,2014,FM.LBL.BMNY.GD.ZS,22.3335812570908
MLI,Mali,2013,FM.LBL.BMNY.GD.ZS,22.8931854314104
MLI,Mali,2012,FM.LBL.BMNY.GD.ZS,21.7856085758475
MLI,Mali,2011,FM.LBL.BMNY.GD.ZS,19.5679593031941
MLI,Mali,2010,FM.LBL.BMNY.GD.ZS,20.065109533357
MLI,Mali,2009,FM.LBL.BMNY.GD.ZS,18.9761159069086
MLI,Mali,2008,FM.LBL.BMNY.GD.ZS,14.9292811873247
MLI,Mali,2007,FM.LBL.BMNY.GD.ZS,18.9081406498478
MLI,Mali,2006,FM.LBL.BMNY.GD.ZS,20.7191061746959
MLI,Mali,2005,FM.LBL.BMNY.GD.ZS,20.6607967264513
MRT,Mauritania,2019,FM.LBL.BMNY.GD.ZS,28.4143225430919
MRT,Mauritania,2018,FM.LBL.BMNY.GD.ZS,28.0750026580535
MRT,Mauritania,2017,FM.LBL.BMNY.GD.ZS,27.7289441287182
MRT,Mauritania,2016,FM.LBL.BMNY.GD.ZS,25.6596693724621
MRT,Mauritania,2015,FM.LBL.BMNY.GD.ZS,27.0867795677256
MRT,Mauritania,2014,FM.LBL.BMNY.GD.ZS,27.2528616886181
MRT,Mauritania,2013,FM.LBL.BMNY.GD.ZS,24.6843683299957
MRT,Mauritania,2012,FM.LBL.BMNY.GD.ZS,21.9431750264624
MRT,Mauritania,2011,FM.LBL.BMNY.GD.ZS,19.7485480371572
MRT,Mauritania,2010,FM.LBL.BMNY.GD.ZS,19.8830644201774
MRT,Mauritania,2009,FM.LBL.BMNY.GD.ZS,22.4774629456975
MRT,Mauritania,2008,FM.LBL.BMNY.GD.ZS,19.4028682479444
MRT,Mauritania,2007,FM.LBL.BMNY.GD.ZS,18.8240200681825
MRT,Mauritania,2006,FM.LBL.BMNY.GD.ZS,16.8995308151377
MRT,Mauritania,2005,FM.LBL.BMNY.GD.ZS,19.7239883983261
MUS,Mauritius,2025,FM.LBL.BMNY.GD.ZS,142.321612279524
MUS,Mauritius,2024,FM.LBL.BMNY.GD.ZS,140.502745539795
MUS,Mauritius,2023,FM.LBL.BMNY.GD.ZS,135.739458740707
MUS,Mauritius,2022,FM.LBL.BMNY.GD.ZS,141.033980084023
MUS,Mauritius,2021,FM.LBL.BMNY.GD.ZS,158.053971904445
MUS,Mauritius,2020,FM.LBL.BMNY.GD.ZS,154.604842928887
MUS,Mauritius,2019,FM.LBL.BMNY.GD.ZS,115.871487529481
MUS,Mauritius,2018,FM.LBL.BMNY.GD.ZS,109.322306324944
MUS,Mauritius,2017,FM.LBL.BMNY.GD.ZS,108.952032938582
MUS,Mauritius,2016,FM.LBL.BMNY.GD.ZS,105.37167918581
MUS,Mauritius,2015,FM.LBL.BMNY.GD.ZS,102.728068560553
MUS,Mauritius,2014,FM.LBL.BMNY.GD.ZS,98.1284318296049
MUS,Mauritius,2013,FM.LBL.BMNY.GD.ZS,95.7695136798409
MUS,Mauritius,2012,FM.LBL.BMNY.GD.ZS,97.2033478118829
MUS,Mauritius,2011,FM.LBL.BMNY.GD.ZS,95.3214813996781
MUS,Mauritius,2010,FM.LBL.BMNY.GD.ZS,96.1358785707249
MUS,Mauritius,2009,FM.LBL.BMNY.GD.ZS,94.8446760071036
MUS,Mauritius,2008,FM.LBL.BMNY.GD.ZS,95.1939285685841
MUS,Mauritius,2007,FM.LBL.BMNY.GD.ZS,92.3303495892387
MUS,Mauritius,2006,FM.LBL.BMNY.GD.ZS,91.6924260404926
MUS,Mauritius,2005,FM.LBL.BMNY.GD.ZS,97.664202064291
MEX,Mexico,2025,FM.LBL.BMNY.GD.ZS,48.0031481488499
MEX,Mexico,2024,FM.LBL.BMNY.GD.ZS,46.4398747552442
MEX,Mexico,2023,FM.LBL.BMNY.GD.ZS,42.9025414350217
MEX,Mexico,2022,FM.LBL.BMNY.GD.ZS,41.7086953787746
MEX,Mexico,2021,FM.LBL.BMNY.GD.ZS,42.9909358627557
MEX,Mexico,2020,FM.LBL.BMNY.GD.ZS,43.5013812372151
MEX,Mexico,2019,FM.LBL.BMNY.GD.ZS,36.7674887290444
MEX,Mexico,2018,FM.LBL.BMNY.GD.ZS,36.4898208631379
MEX,Mexico,2017,FM.LBL.BMNY.GD.ZS,37.4499047698027
MEX,Mexico,2016,FM.LBL.BMNY.GD.ZS,36.5534434925137
MEX,Mexico,2015,FM.LBL.BMNY.GD.ZS,35.1292026153339
MEX,Mexico,2014,FM.LBL.BMNY.GD.ZS,33.1959688429354
MEX,Mexico,2013,FM.LBL.BMNY.GD.ZS,31.6540798715063
MEX,Mexico,2012,FM.LBL.BMNY.GD.ZS,29.9851073569966
MEX,Mexico,2011,FM.LBL.BMNY.GD.ZS,29.4874262388032
MEX,Mexico,2010,FM.LBL.BMNY.GD.ZS,29.3078846387324
MEX,Mexico,2009,FM.LBL.BMNY.GD.ZS,28.47563995802
MEX,Mexico,2008,FM.LBL.BMNY.GD.ZS,25.1802636055075
MEX,Mexico,2007,FM.LBL.BMNY.GD.ZS,24.8136087370689
MEX,Mexico,2006,FM.LBL.BMNY.GD.ZS,24.4047783192837
MEX,Mexico,2005,FM.LBL.BMNY.GD.ZS,25.4370831845297
FSM,"Micronesia, Fed. Sts.",2021,FM.LBL.BMNY.GD.ZS,84.8734390716695
FSM,"Micronesia, Fed. Sts.",2020,FM.LBL.BMNY.GD.ZS,77.2209479845547
FSM,"Micronesia, Fed. Sts.",2019,FM.LBL.BMNY.GD.ZS,63.0478481012658
FSM,"Micronesia, Fed. Sts.",2018,FM.LBL.BMNY.GD.ZS,62.5746192893401
FSM,"Micronesia, Fed. Sts.",2017,FM.LBL.BMNY.GD.ZS,66.7393351800554
FSM,"Micronesia, Fed. Sts.",2016,FM.LBL.BMNY.GD.ZS,66.5330275229358
FSM,"Micronesia, Fed. Sts.",2015,FM.LBL.BMNY.GD.ZS,57.1387820512821
FSM,"Micronesia, Fed. Sts.",2014,FM.LBL.BMNY.GD.ZS,61.5145569620253
FSM,"Micronesia, Fed. Sts.",2013,FM.LBL.BMNY.GD.ZS,46.4251592356688
FSM,"Micronesia, Fed. Sts.",2012,FM.LBL.BMNY.GD.ZS,41.6070987654321
FSM,"Micronesia, Fed. Sts.",2011,FM.LBL.BMNY.GD.ZS,38.436038961039
FSM,"Micronesia, Fed. Sts.",2010,FM.LBL.BMNY.GD.ZS,39.0030821917808
FSM,"Micronesia, Fed. Sts.",2009,FM.LBL.BMNY.GD.ZS,41.1415162454874
FSM,"Micronesia, Fed. Sts.",2008,FM.LBL.BMNY.GD.ZS,37.5494252873563
FSM,"Micronesia, Fed. Sts.",2007,FM.LBL.BMNY.GD.ZS,37.5260869565217
FSM,"Micronesia, Fed. Sts.",2006,FM.LBL.BMNY.GD.ZS,36.318
FSM,"Micronesia, Fed. Sts.",2005,FM.LBL.BMNY.GD.ZS,40.1546558704453
MDA,Moldova,2025,FM.LBL.BMNY.GD.ZS,53.8801593259822
MDA,Moldova,2024,FM.LBL.BMNY.GD.ZS,52.3778665396192
MDA,Moldova,2023,FM.LBL.BMNY.GD.ZS,49.1446696805562
MDA,Moldova,2022,FM.LBL.BMNY.GD.ZS,45.9352990980668
MDA,Moldova,2021,FM.LBL.BMNY.GD.ZS,49.4770399070337
MDA,Moldova,2020,FM.LBL.BMNY.GD.ZS,53.8872346808522
MDA,Moldova,2019,FM.LBL.BMNY.GD.ZS,43.6111445253192
MDA,Moldova,2018,FM.LBL.BMNY.GD.ZS,44.003410448745
MDA,Moldova,2017,FM.LBL.BMNY.GD.ZS,43.7799358937814
MDA,Moldova,2016,FM.LBL.BMNY.GD.ZS,44.3673612853793
MDA,Moldova,2015,FM.LBL.BMNY.GD.ZS,43.6181609166427
MDA,Moldova,2014,FM.LBL.BMNY.GD.ZS,49.9930732636657
MDA,Moldova,2013,FM.LBL.BMNY.GD.ZS,52.5232099788009
MDA,Moldova,2012,FM.LBL.BMNY.GD.ZS,47.0478806280052
MDA,Moldova,2011,FM.LBL.BMNY.GD.ZS,41.5844272333961
MDA,Moldova,2010,FM.LBL.BMNY.GD.ZS,43.0444202551816
MDA,Moldova,2009,FM.LBL.BMNY.GD.ZS,54.0866637338368
MDA,Moldova,2008,FM.LBL.BMNY.GD.ZS,50.3492766552239
MDA,Moldova,2007,FM.LBL.BMNY.GD.ZS,51.1776850795433
MDA,Moldova,2006,FM.LBL.BMNY.GD.ZS,43.7013460651562
MDA,Moldova,2005,FM.LBL.BMNY.GD.ZS,42.0344646180814
MNG,Mongolia,2024,FM.LBL.BMNY.GD.ZS,53.650723883731
MNG,Mongolia,2023,FM.LBL.BMNY.GD.ZS,53.4117995745171
MNG,Mongolia,2022,FM.LBL.BMNY.GD.ZS,55.0862715020112
MNG,Mongolia,2021,FM.LBL.BMNY.GD.ZS,63.9723720646896
MNG,Mongolia,2020,FM.LBL.BMNY.GD.ZS,65.3634360877361
MNG,Mongolia,2019,FM.LBL.BMNY.GD.ZS,55.0583206047196
MNG,Mongolia,2018,FM.LBL.BMNY.GD.ZS,59.7701847762913
MNG,Mongolia,2017,FM.LBL.BMNY.GD.ZS,56.6254772716504
MNG,Mongolia,2016,FM.LBL.BMNY.GD.ZS,50.8058829710044
MNG,Mongolia,2015,FM.LBL.BMNY.GD.ZS,43.8920812329547
MNG,Mongolia,2014,FM.LBL.BMNY.GD.ZS,47.8440847873295
MNG,Mongolia,2013,FM.LBL.BMNY.GD.ZS,49.2981755665432
MNG,Mongolia,2012,FM.LBL.BMNY.GD.ZS,45.6117307064968
MNG,Mongolia,2011,FM.LBL.BMNY.GD.ZS,48.6662884450169
MNG,Mongolia,2010,FM.LBL.BMNY.GD.ZS,47.954095016752
MNG,Mongolia,2009,FM.LBL.BMNY.GD.ZS,43.6897019915392
MNG,Mongolia,2008,FM.LBL.BMNY.GD.ZS,34.5876176377218
MNG,Mongolia,2007,FM.LBL.BMNY.GD.ZS,48.4450400461868
MNG,Mongolia,2006,FM.LBL.BMNY.GD.ZS,38.1519068728688
MNG,Mongolia,2005,FM.LBL.BMNY.GD.ZS,37.4878970198332
MNE,Montenegro,2025,FM.LBL.BMNY.GD.ZS,58.4153122996241
MNE,Montenegro,2024,FM.LBL.BMNY.GD.ZS,56.8464270029402
MNE,Montenegro,2023,FM.LBL.BMNY.GD.ZS,55.9366664748861
MNE,Montenegro,2022,FM.LBL.BMNY.GD.ZS,59.4073382087503
MNE,Montenegro,2021,FM.LBL.BMNY.GD.ZS,58.3408702017377
MNE,Montenegro,2020,FM.LBL.BMNY.GD.ZS,59.9402886574528
MNE,Montenegro,2019,FM.LBL.BMNY.GD.ZS,52.6941556173387
MNE,Montenegro,2018,FM.LBL.BMNY.GD.ZS,57.0532093814939
MNE,Montenegro,2017,FM.LBL.BMNY.GD.ZS,59.8451808439091
MNE,Montenegro,2016,FM.LBL.BMNY.GD.ZS,57.2303387893292
MNE,Montenegro,2015,FM.LBL.BMNY.GD.ZS,57.0911602055599
MNE,Montenegro,2014,FM.LBL.BMNY.GD.ZS,53.8806211707568
MNE,Montenegro,2013,FM.LBL.BMNY.GD.ZS,51.0793464782747
MNE,Montenegro,2012,FM.LBL.BMNY.GD.ZS,52.1628152739523
MNE,Montenegro,2011,FM.LBL.BMNY.GD.ZS,47.3127034233131
MNE,Montenegro,2010,FM.LBL.BMNY.GD.ZS,48.1973861925042
MNE,Montenegro,2009,FM.LBL.BMNY.GD.ZS,48.8589638322899
MNE,Montenegro,2008,FM.LBL.BMNY.GD.ZS,51.6363895726332
MNE,Montenegro,2007,FM.LBL.BMNY.GD.ZS,66.2735705095978
MNE,Montenegro,2006,FM.LBL.BMNY.GD.ZS,41.3421112034865
MNE,Montenegro,2005,FM.LBL.BMNY.GD.ZS,22.5152975712316
MAR,Morocco,2025,FM.LBL.BMNY.GD.ZS,121.291000326129
MAR,Morocco,2024,FM.LBL.BMNY.GD.ZS,118.489504587189
MAR,Morocco,2023,FM.LBL.BMNY.GD.ZS,118.385354715175
MAR,Morocco,2022,FM.LBL.BMNY.GD.ZS,126.418718204052
MAR,Morocco,2021,FM.LBL.BMNY.GD.ZS,122.263389135823
MAR,Morocco,2020,FM.LBL.BMNY.GD.ZS,128.863147204193
MAR,Morocco,2019,FM.LBL.BMNY.GD.ZS,110.540285582407
MAR,Morocco,2018,FM.LBL.BMNY.GD.ZS,110.490577950363
MAR,Morocco,2017,FM.LBL.BMNY.GD.ZS,110.46242491734
MAR,Morocco,2016,FM.LBL.BMNY.GD.ZS,109.884822811299
MAR,Morocco,2015,FM.LBL.BMNY.GD.ZS,106.485346779473
MAR,Morocco,2014,FM.LBL.BMNY.GD.ZS,108.464990610886
MAR,Morocco,2013,FM.LBL.BMNY.GD.ZS,105.136360478507
MAR,Morocco,2012,FM.LBL.BMNY.GD.ZS,107.529240054408
MAR,Morocco,2011,FM.LBL.BMNY.GD.ZS,106.596965427501
MAR,Morocco,2010,FM.LBL.BMNY.GD.ZS,105.049032453636
MAR,Morocco,2009,FM.LBL.BMNY.GD.ZS,105.023134070947
MAR,Morocco,2008,FM.LBL.BMNY.GD.ZS,101.361583924074
MAR,Morocco,2007,FM.LBL.BMNY.GD.ZS,99.1055847307515
MAR,Morocco,2006,FM.LBL.BMNY.GD.ZS,89.9785545114664
MAR,Morocco,2005,FM.LBL.BMNY.GD.ZS,83.3191816194684
MOZ,Mozambique,2025,FM.LBL.BMNY.GD.ZS,59.4195548637144
MOZ,Mozambique,2024,FM.LBL.BMNY.GD.ZS,53.5151651580958
MOZ,Mozambique,2023,FM.LBL.BMNY.GD.ZS,50.0776018490636
MOZ,Mozambique,2022,FM.LBL.BMNY.GD.ZS,53.6250090619893
MOZ,Mozambique,2021,FM.LBL.BMNY.GD.ZS,56.181411167201
MOZ,Mozambique,2020,FM.LBL.BMNY.GD.ZS,59.025269247681
MOZ,Mozambique,2019,FM.LBL.BMNY.GD.ZS,48.7961164212245
MOZ,Mozambique,2018,FM.LBL.BMNY.GD.ZS,46.0926241650212
MOZ,Mozambique,2017,FM.LBL.BMNY.GD.ZS,45.7476189413129
MOZ,Mozambique,2016,FM.LBL.BMNY.GD.ZS,48.2460545611896
MOZ,Mozambique,2015,FM.LBL.BMNY.GD.ZS,51.4546042456824
MOZ,Mozambique,2014,FM.LBL.BMNY.GD.ZS,46.9195708349212
MOZ,Mozambique,2013,FM.LBL.BMNY.GD.ZS,41.8024405933975
MOZ,Mozambique,2012,FM.LBL.BMNY.GD.ZS,39.2853833266881
MOZ,Mozambique,2011,FM.LBL.BMNY.GD.ZS,33.8398892077674
MOZ,Mozambique,2010,FM.LBL.BMNY.GD.ZS,34.4244903094133
MOZ,Mozambique,2009,FM.LBL.BMNY.GD.ZS,31.7276619014597
MOZ,Mozambique,2008,FM.LBL.BMNY.GD.ZS,25.7104251141459
MOZ,Mozambique,2007,FM.LBL.BMNY.GD.ZS,24.0179829757093
MOZ,Mozambique,2006,FM.LBL.BMNY.GD.ZS,22.3569186276126
MOZ,Mozambique,2005,FM.LBL.BMNY.GD.ZS,21.4089202422681
MMR,Myanmar,2020,FM.LBL.BMNY.GD.ZS,69.2046429443978
MMR,Myanmar,2019,FM.LBL.BMNY.GD.ZS,56.1076061197146
MMR,Myanmar,2018,FM.LBL.BMNY.GD.ZS,54.5606988044504
MMR,Myanmar,2017,FM.LBL.BMNY.GD.ZS,53.3103676262255
MMR,Myanmar,2016,FM.LBL.BMNY.GD.ZS,49.6960440247963
MMR,Myanmar,2015,FM.LBL.BMNY.GD.ZS,46.4130886736128
MMR,Myanmar,2014,FM.LBL.BMNY.GD.ZS,39.5743142064512
MMR,Myanmar,2013,FM.LBL.BMNY.GD.ZS,36.7745637917475
MMR,Myanmar,2012,FM.LBL.BMNY.GD.ZS,31.667352962177
MMR,Myanmar,2011,FM.LBL.BMNY.GD.ZS,26.4435555327651
MMR,Myanmar,2010,FM.LBL.BMNY.GD.ZS,23.572070336972
MMR,Myanmar,2009,FM.LBL.BMNY.GD.ZS,19.4128736931799
MMR,Myanmar,2008,FM.LBL.BMNY.GD.ZS,17.229314061422
MMR,Myanmar,2007,FM.LBL.BMNY.GD.ZS,18.7856651892155
MMR,Myanmar,2006,FM.LBL.BMNY.GD.ZS,20.0218744020637
MMR,Myanmar,2005,FM.LBL.BMNY.GD.ZS,21.5710719112452
NAM,Namibia,2021,FM.LBL.BMNY.GD.ZS,72.6054018222941
NAM,Namibia,2020,FM.LBL.BMNY.GD.ZS,71.5392604705897
NAM,Namibia,2019,FM.LBL.BMNY.GD.ZS,63.6476591460782
NAM,Namibia,2018,FM.LBL.BMNY.GD.ZS,57.6278828122794
NAM,Namibia,2017,FM.LBL.BMNY.GD.ZS,57.1647372130286
NAM,Namibia,2016,FM.LBL.BMNY.GD.ZS,54.561739337797
NAM,Namibia,2015,FM.LBL.BMNY.GD.ZS,55.5661801091961
NAM,Namibia,2014,FM.LBL.BMNY.GD.ZS,55.1529908746271
NAM,Namibia,2013,FM.LBL.BMNY.GD.ZS,58.7259349591585
NAM,Namibia,2012,FM.LBL.BMNY.GD.ZS,57.2146680961639
NAM,Namibia,2011,FM.LBL.BMNY.GD.ZS,64.21826144368
NAM,Namibia,2010,FM.LBL.BMNY.GD.ZS,62.7315869712217
NAM,Namibia,2009,FM.LBL.BMNY.GD.ZS,62.4297629721557
NAM,Namibia,2008,FM.LBL.BMNY.GD.ZS,41.9584643495958
NAM,Namibia,2007,FM.LBL.BMNY.GD.ZS,42.1802996007121
NAM,Namibia,2006,FM.LBL.BMNY.GD.ZS,41.8252844724341
NAM,Namibia,2005,FM.LBL.BMNY.GD.ZS,37.7825799802536
NPL,Nepal,2025,FM.LBL.BMNY.GD.ZS,131.205603031948
NPL,Nepal,2024,FM.LBL.BMNY.GD.ZS,125.046982565959
NPL,Nepal,2023,FM.LBL.BMNY.GD.ZS,120.665233128211
NPL,Nepal,2022,FM.LBL.BMNY.GD.ZS,113.593052415379
NPL,Nepal,2021,FM.LBL.BMNY.GD.ZS,120.656769593231
NPL,Nepal,2020,FM.LBL.BMNY.GD.ZS,117.749455480118
NPL,Nepal,2019,FM.LBL.BMNY.GD.ZS,97.1698777767366
NPL,Nepal,2018,FM.LBL.BMNY.GD.ZS,95.3317829444518
NPL,Nepal,2017,FM.LBL.BMNY.GD.ZS,89.4049710263657
NPL,Nepal,2016,FM.LBL.BMNY.GD.ZS,94.205860248073
NPL,Nepal,2015,FM.LBL.BMNY.GD.ZS,86.3803963337898
NPL,Nepal,2014,FM.LBL.BMNY.GD.ZS,75.3605188425074
NPL,Nepal,2013,FM.LBL.BMNY.GD.ZS,74.3155496306317
NPL,Nepal,2012,FM.LBL.BMNY.GD.ZS,67.7179781082074
NPL,Nepal,2011,FM.LBL.BMNY.GD.ZS,66.4894638932494
NPL,Nepal,2010,FM.LBL.BMNY.GD.ZS,73.2421606232785
NPL,Nepal,2009,FM.LBL.BMNY.GD.ZS,80.6631121175555
NPL,Nepal,2008,FM.LBL.BMNY.GD.ZS,75.4000957899399
NPL,Nepal,2007,FM.LBL.BMNY.GD.ZS,60.8601858820846
NPL,Nepal,2006,FM.LBL.BMNY.GD.ZS,57.1353356643795
NPL,Nepal,2005,FM.LBL.BMNY.GD.ZS,54.1987263230134
NZL,New Zealand,2025,FM.LBL.BMNY.GD.ZS,99.5727420064829
NZL,New Zealand,2024,FM.LBL.BMNY.GD.ZS,99.534945171429
NZL,New Zealand,2023,FM.LBL.BMNY.GD.ZS,98.9229009425488
NZL,New Zealand,2022,FM.LBL.BMNY.GD.ZS,101.248980472707
NZL,New Zealand,2021,FM.LBL.BMNY.GD.ZS,109.164333880639
NZL,New Zealand,2020,FM.LBL.BMNY.GD.ZS,111.196552049102
NZL,New Zealand,2019,FM.LBL.BMNY.GD.ZS,100.81318818579
NZL,New Zealand,2018,FM.LBL.BMNY.GD.ZS,101.764625047794
NZL,New Zealand,2017,FM.LBL.BMNY.GD.ZS,100.647660783511
NZL,New Zealand,2016,FM.LBL.BMNY.GD.ZS,100.447023482825
NZL,New Zealand,2015,FM.LBL.BMNY.GD.ZS,99.1481999068344
NZL,New Zealand,2014,FM.LBL.BMNY.GD.ZS,94.9566957832442
NZL,New Zealand,2013,FM.LBL.BMNY.GD.ZS,92.8001443063417
NZL,New Zealand,2010,FM.LBL.BMNY.GD.ZS,92.4644459297494
NZL,New Zealand,2009,FM.LBL.BMNY.GD.ZS,89.3116792446052
NZL,New Zealand,2008,FM.LBL.BMNY.GD.ZS,92.2146532786437
NZL,New Zealand,2007,FM.LBL.BMNY.GD.ZS,84.9831479623245
NZL,New Zealand,2006,FM.LBL.BMNY.GD.ZS,82.9846791491244
NZL,New Zealand,2005,FM.LBL.BMNY.GD.ZS,78.7316341732571
NIC,Nicaragua,2022,FM.LBL.BMNY.GD.ZS,39.2949746080474
NIC,Nicaragua,2021,FM.LBL.BMNY.GD.ZS,39.613142851271
NIC,Nicaragua,2020,FM.LBL.BMNY.GD.ZS,39.7946325624431
NIC,Nicaragua,2019,FM.LBL.BMNY.GD.ZS,35.7612077764532
NIC,Nicaragua,2018,FM.LBL.BMNY.GD.ZS,34.4519059851484
NIC,Nicaragua,2017,FM.LBL.BMNY.GD.ZS,42.0155428519817
NIC,Nicaragua,2016,FM.LBL.BMNY.GD.ZS,39.4542729191957
NIC,Nicaragua,2015,FM.LBL.BMNY.GD.ZS,38.8567118384216
NIC,Nicaragua,2014,FM.LBL.BMNY.GD.ZS,36.8258624565269
NIC,Nicaragua,2013,FM.LBL.BMNY.GD.ZS,36.2353636593033
NIC,Nicaragua,2012,FM.LBL.BMNY.GD.ZS,33.5315493907637
NIC,Nicaragua,2011,FM.LBL.BMNY.GD.ZS,32.8780989427692
NIC,Nicaragua,2010,FM.LBL.BMNY.GD.ZS,34.2078937736439
NIC,Nicaragua,2009,FM.LBL.BMNY.GD.ZS,31.1562030830581
NIC,Nicaragua,2008,FM.LBL.BMNY.GD.ZS,27.9424396738007
NIC,Nicaragua,2007,FM.LBL.BMNY.GD.ZS,31.2908195480807
NIC,Nicaragua,2006,FM.LBL.BMNY.GD.ZS,30.4357176029613
NIC,Nicaragua,2005,FM.LBL.BMNY.GD.ZS,31.5382349789498
NER,Niger,2025,FM.LBL.BMNY.GD.ZS,17.3205829188075
NER,Niger,2024,FM.LBL.BMNY.GD.ZS,16.4883765732823
NER,Niger,2023,FM.LBL.BMNY.GD.ZS,17.9444055543922
NER,Niger,2022,FM.LBL.BMNY.GD.ZS,19.2207103613195
NER,Niger,2021,FM.LBL.BMNY.GD.ZS,20.0875002848094
NER,Niger,2020,FM.LBL.BMNY.GD.ZS,19.3010107434842
NER,Niger,2019,FM.LBL.BMNY.GD.ZS,17.8052304584992
NER,Niger,2018,FM.LBL.BMNY.GD.ZS,15.8392267620589
NER,Niger,2017,FM.LBL.BMNY.GD.ZS,17.4414278552751
NER,Niger,2016,FM.LBL.BMNY.GD.ZS,19.7441401923302
NER,Niger,2015,FM.LBL.BMNY.GD.ZS,19.4475087953013
NER,Niger,2014,FM.LBL.BMNY.GD.ZS,19.8483487928947
NER,Niger,2013,FM.LBL.BMNY.GD.ZS,16.8763642171311
NER,Niger,2012,FM.LBL.BMNY.GD.ZS,16.1356657877984
NER,Niger,2011,FM.LBL.BMNY.GD.ZS,14.2614748664628
NER,Niger,2010,FM.LBL.BMNY.GD.ZS,14.205804307023
NER,Niger,2009,FM.LBL.BMNY.GD.ZS,13.0168749118406
NER,Niger,2008,FM.LBL.BMNY.GD.ZS,11.4575177298271
NER,Niger,2007,FM.LBL.BMNY.GD.ZS,12.4275915436328
NER,Niger,2006,FM.LBL.BMNY.GD.ZS,9.38447095955683
NER,Niger,2005,FM.LBL.BMNY.GD.ZS,9.03431721674152
NGA,Nigeria,2023,FM.LBL.BMNY.GD.ZS,25.0815758490172
NGA,Nigeria,2022,FM.LBL.BMNY.GD.ZS,19.0302179611658
NGA,Nigeria,2021,FM.LBL.BMNY.GD.ZS,18.26695085637
NGA,Nigeria,2020,FM.LBL.BMNY.GD.ZS,18.2108129283282
NGA,Nigeria,2019,FM.LBL.BMNY.GD.ZS,16.992933393786
NGA,Nigeria,2018,FM.LBL.BMNY.GD.ZS,25.3624627316228
NGA,Nigeria,2017,FM.LBL.BMNY.GD.ZS,24.7814178638797
NGA,Nigeria,2016,FM.LBL.BMNY.GD.ZS,27.3787883574183
NGA,Nigeria,2015,FM.LBL.BMNY.GD.ZS,22.366826541931
NGA,Nigeria,2014,FM.LBL.BMNY.GD.ZS,22.6896110241531
NGA,Nigeria,2013,FM.LBL.BMNY.GD.ZS,25.4480451128873
NGA,Nigeria,2012,FM.LBL.BMNY.GD.ZS,24.9282309403592
NGA,Nigeria,2011,FM.LBL.BMNY.GD.ZS,22.4790459818829
NGA,Nigeria,2010,FM.LBL.BMNY.GD.ZS,21.3558473864794
NGA,Nigeria,2009,FM.LBL.BMNY.GD.ZS,25.1441564158627
NGA,Nigeria,2008,FM.LBL.BMNY.GD.ZS,23.8118714049568
NGA,Nigeria,2007,FM.LBL.BMNY.GD.ZS,19.2910852561516
NGA,Nigeria,2006,FM.LBL.BMNY.GD.ZS,11.728970990403
NGA,Nigeria,2005,FM.LBL.BMNY.GD.ZS,11.3005138135141
MKD,North Macedonia,2024,FM.LBL.BMNY.GD.ZS,60.4995836425422
MKD,North Macedonia,2023,FM.LBL.BMNY.GD.ZS,58.6178892010549
MKD,North Macedonia,2022,FM.LBL.BMNY.GD.ZS,61.2440025609343
MKD,North Macedonia,2021,FM.LBL.BMNY.GD.ZS,65.0841492183269
MKD,North Macedonia,2020,FM.LBL.BMNY.GD.ZS,65.1791278967697
MKD,North Macedonia,2019,FM.LBL.BMNY.GD.ZS,58.3279942048031
MKD,North Macedonia,2018,FM.LBL.BMNY.GD.ZS,56.5059695563137
MKD,North Macedonia,2017,FM.LBL.BMNY.GD.ZS,54.5195352503758
MKD,North Macedonia,2016,FM.LBL.BMNY.GD.ZS,54.1697419285478
MKD,North Macedonia,2015,FM.LBL.BMNY.GD.ZS,54.4005213990523
MKD,North Macedonia,2014,FM.LBL.BMNY.GD.ZS,53.523749232048
MKD,North Macedonia,2013,FM.LBL.BMNY.GD.ZS,51.6598782486667
MKD,North Macedonia,2012,FM.LBL.BMNY.GD.ZS,54.1444824284663
MKD,North Macedonia,2011,FM.LBL.BMNY.GD.ZS,52.8195883282443
MKD,North Macedonia,2010,FM.LBL.BMNY.GD.ZS,51.4721968438211
MKD,North Macedonia,2009,FM.LBL.BMNY.GD.ZS,48.6373065453669
MKD,North Macedonia,2008,FM.LBL.BMNY.GD.ZS,47.8074213361373
MKD,North Macedonia,2007,FM.LBL.BMNY.GD.ZS,47.5703321680178
MKD,North Macedonia,2006,FM.LBL.BMNY.GD.ZS,40.7783121165333
MKD,North Macedonia,2005,FM.LBL.BMNY.GD.ZS,35.4689454878796
NOR,Norway,2024,FM.LBL.BMNY.GD.ZS,59.3198141883952
NOR,Norway,2023,FM.LBL.BMNY.GD.ZS,58.1805887822931
NOR,Norway,2022,FM.LBL.BMNY.GD.ZS,51.779003830643
NOR,Norway,2021,FM.LBL.BMNY.GD.ZS,64.9842416332011
NOR,Norway,2020,FM.LBL.BMNY.GD.ZS,73.2071284214995
NOR,Norway,2019,FM.LBL.BMNY.GD.ZS,62.9259740903289
NOR,Norway,2018,FM.LBL.BMNY.GD.ZS,61.1172362902982
NOR,Norway,2017,FM.LBL.BMNY.GD.ZS,62.4764491857919
NOR,Norway,2016,FM.LBL.BMNY.GD.ZS,62.8955399855758
NOR,Norway,2015,FM.LBL.BMNY.GD.ZS,56.3403127701317
NOR,Norway,2014,FM.LBL.BMNY.GD.ZS,59.1526573977738
NOR,Norway,2013,FM.LBL.BMNY.GD.ZS,57.1030200010904
NOR,Norway,2012,FM.LBL.BMNY.GD.ZS,55.5697996837629
NOR,Norway,2011,FM.LBL.BMNY.GD.ZS,56.5137329979158
NOR,Norway,2010,FM.LBL.BMNY.GD.ZS,57.3795443404936
NOR,Norway,2009,FM.LBL.BMNY.GD.ZS,57.6226750432165
NOR,Norway,2008,FM.LBL.BMNY.GD.ZS,53.369340675025
NOR,Norway,2007,FM.LBL.BMNY.GD.ZS,57.6607144500565
NOR,Norway,2006,FM.LBL.BMNY.GD.ZS,52.0278833684543
NOR,Norway,2005,FM.LBL.BMNY.GD.ZS,54.4791858667048
OMN,Oman,2017,FM.LBL.BMNY.GD.ZS,51.685783578969
OMN,Oman,2016,FM.LBL.BMNY.GD.ZS,53.393632969848
OMN,Oman,2015,FM.LBL.BMNY.GD.ZS,50.0474329721818
OMN,Oman,2014,FM.LBL.BMNY.GD.ZS,37.2079869286364
OMN,Oman,2013,FM.LBL.BMNY.GD.ZS,34.2330919567154
OMN,Oman,2012,FM.LBL.BMNY.GD.ZS,32.4678482089459
OMN,Oman,2011,FM.LBL.BMNY.GD.ZS,33.0725305190316
OMN,Oman,2010,FM.LBL.BMNY.GD.ZS,35.1532511364546
OMN,Oman,2009,FM.LBL.BMNY.GD.ZS,37.0034649635824
OMN,Oman,2008,FM.LBL.BMNY.GD.ZS,28.0672357199542
OMN,Oman,2007,FM.LBL.BMNY.GD.ZS,32.9070955873247
OMN,Oman,2006,FM.LBL.BMNY.GD.ZS,27.7196156641887
OMN,Oman,2005,FM.LBL.BMNY.GD.ZS,26.709252585626
PAK,Pakistan,2025,FM.LBL.BMNY.GD.ZS,40.8819364127869
PAK,Pakistan,2024,FM.LBL.BMNY.GD.ZS,38.2115117448442
PAK,Pakistan,2023,FM.LBL.BMNY.GD.ZS,42.7267519662831
PAK,Pakistan,2022,FM.LBL.BMNY.GD.ZS,46.1226561682612
PAK,Pakistan,2021,FM.LBL.BMNY.GD.ZS,51.2623868410964
PAK,Pakistan,2020,FM.LBL.BMNY.GD.ZS,54.5263893717141
PAK,Pakistan,2019,FM.LBL.BMNY.GD.ZS,51.1835848516191
PAK,Pakistan,2018,FM.LBL.BMNY.GD.ZS,51.2232935528021
PAK,Pakistan,2017,FM.LBL.BMNY.GD.ZS,51.4077109638096
PAK,Pakistan,2016,FM.LBL.BMNY.GD.ZS,50.8043096148012
PAK,Pakistan,2015,FM.LBL.BMNY.GD.ZS,48.0947897059567
PAK,Pakistan,2014,FM.LBL.BMNY.GD.ZS,46.6655502926414
PAK,Pakistan,2013,FM.LBL.BMNY.GD.ZS,46.6987110926231
PAK,Pakistan,2012,FM.LBL.BMNY.GD.ZS,46.1863468466881
PAK,Pakistan,2011,FM.LBL.BMNY.GD.ZS,44.5540838769731
PAK,Pakistan,2010,FM.LBL.BMNY.GD.ZS,47.2954352374351
PAK,Pakistan,2009,FM.LBL.BMNY.GD.ZS,46.339153856902
PAK,Pakistan,2008,FM.LBL.BMNY.GD.ZS,45.8138779202502
PAK,Pakistan,2007,FM.LBL.BMNY.GD.ZS,48.7159412383176
PAK,Pakistan,2006,FM.LBL.BMNY.GD.ZS,47.8020865795712
PAK,Pakistan,2005,FM.LBL.BMNY.GD.ZS,37.6011583909744
PAN,Panama,2008,FM.LBL.BMNY.GD.ZS,76.204388822476
PAN,Panama,2007,FM.LBL.BMNY.GD.ZS,78.7669449750486
PAN,Panama,2006,FM.LBL.BMNY.GD.ZS,79.0291125691774
PAN,Panama,2005,FM.LBL.BMNY.GD.ZS,72.5461337213833
PNG,Papua New Guinea,2019,FM.LBL.BMNY.GD.ZS,26.6114158137646
PNG,Papua New Guinea,2018,FM.LBL.BMNY.GD.ZS,26.9103498558933
PNG,Papua New Guinea,2017,FM.LBL.BMNY.GD.ZS,30.6219991872882
PNG,Papua New Guinea,2016,FM.LBL.BMNY.GD.ZS,34.4676058499715
PNG,Papua New Guinea,2015,FM.LBL.BMNY.GD.ZS,33.6195497913626
PNG,Papua New Guinea,2014,FM.LBL.BMNY.GD.ZS,32.7604123325023
PNG,Papua New Guinea,2013,FM.LBL.BMNY.GD.ZS,37.9366603048306
PNG,Papua New Guinea,2012,FM.LBL.BMNY.GD.ZS,38.2380053852015
PNG,Papua New Guinea,2011,FM.LBL.BMNY.GD.ZS,35.8644236623894
PNG,Papua New Guinea,2010,FM.LBL.BMNY.GD.ZS,33.63410694841
PNG,Papua New Guinea,2009,FM.LBL.BMNY.GD.ZS,36.9302095200758
PNG,Papua New Guinea,2008,FM.LBL.BMNY.GD.ZS,30.7827249968755
PNG,Papua New Guinea,2007,FM.LBL.BMNY.GD.ZS,31.7792628674398
PNG,Papua New Guinea,2006,FM.LBL.BMNY.GD.ZS,27.5667258439715
PNG,Papua New Guinea,2005,FM.LBL.BMNY.GD.ZS,33.584743087399
PRY,Paraguay,2024,FM.LBL.BMNY.GD.ZS,52.2630595583964
PRY,Paraguay,2023,FM.LBL.BMNY.GD.ZS,50.6749864735155
PRY,Paraguay,2022,FM.LBL.BMNY.GD.ZS,50.1710465324411
PRY,Paraguay,2021,FM.LBL.BMNY.GD.ZS,52.0360821391254
PRY,Paraguay,2020,FM.LBL.BMNY.GD.ZS,54.1778133101201
PRY,Paraguay,2019,FM.LBL.BMNY.GD.ZS,46.0634404518155
PRY,Paraguay,2018,FM.LBL.BMNY.GD.ZS,43.0641234323904
PRY,Paraguay,2017,FM.LBL.BMNY.GD.ZS,41.9355839968181
PRY,Paraguay,2016,FM.LBL.BMNY.GD.ZS,41.422020571172
PRY,Paraguay,2015,FM.LBL.BMNY.GD.ZS,41.8961488527467
PRY,Paraguay,2014,FM.LBL.BMNY.GD.ZS,38.715483190618
PRY,Paraguay,2013,FM.LBL.BMNY.GD.ZS,36.4633066629732
PRY,Paraguay,2012,FM.LBL.BMNY.GD.ZS,34.0673273674392
PRY,Paraguay,2011,FM.LBL.BMNY.GD.ZS,31.7195000185548
PRY,Paraguay,2010,FM.LBL.BMNY.GD.ZS,29.9451985399867
PRY,Paraguay,2009,FM.LBL.BMNY.GD.ZS,29.25346432646
PRY,Paraguay,2008,FM.LBL.BMNY.GD.ZS,24.9607301432909
PRY,Paraguay,2007,FM.LBL.BMNY.GD.ZS,22.0031148065728
PRY,Paraguay,2006,FM.LBL.BMNY.GD.ZS,20.1035070330638
PRY,Paraguay,2005,FM.LBL.BMNY.GD.ZS,20.8837257687982
PER,Peru,2022,FM.LBL.BMNY.GD.ZS,61.5777651977728
PER,Peru,2021,FM.LBL.BMNY.GD.ZS,60.5333282697957
PER,Peru,2020,FM.LBL.BMNY.GD.ZS,73.4386346756037
PER,Peru,2019,FM.LBL.BMNY.GD.ZS,49.0594819675143
PER,Peru,2018,FM.LBL.BMNY.GD.ZS,47.1737169901896
PER,Peru,2017,FM.LBL.BMNY.GD.ZS,47.578142358665
PER,Peru,2016,FM.LBL.BMNY.GD.ZS,46.2267708709908
PER,Peru,2015,FM.LBL.BMNY.GD.ZS,48.2061308469096
PER,Peru,2014,FM.LBL.BMNY.GD.ZS,45.0784122840792
PER,Peru,2013,FM.LBL.BMNY.GD.ZS,44.4876585250752
PER,Peru,2012,FM.LBL.BMNY.GD.ZS,40.8564449485581
PER,Peru,2011,FM.LBL.BMNY.GD.ZS,38.1571181507799
PER,Peru,2010,FM.LBL.BMNY.GD.ZS,38.7594373564866
PER,Peru,2009,FM.LBL.BMNY.GD.ZS,36.6668529193717
PER,Peru,2008,FM.LBL.BMNY.GD.ZS,36.1800409316858
PER,Peru,2007,FM.LBL.BMNY.GD.ZS,32.5157292830662
PER,Peru,2006,FM.LBL.BMNY.GD.ZS,27.6742470982913
PER,Peru,2005,FM.LBL.BMNY.GD.ZS,29.6506987620287
PHL,Philippines,2022,FM.LBL.BMNY.GD.ZS,85.8559195403392
PHL,Philippines,2021,FM.LBL.BMNY.GD.ZS,90.3671908068556
PHL,Philippines,2020,FM.LBL.BMNY.GD.ZS,90.490531684255
PHL,Philippines,2019,FM.LBL.BMNY.GD.ZS,76.597175965451
PHL,Philippines,2018,FM.LBL.BMNY.GD.ZS,74.5151872516091
PHL,Philippines,2017,FM.LBL.BMNY.GD.ZS,75.417721370487
PHL,Philippines,2016,FM.LBL.BMNY.GD.ZS,74.0565179179427
PHL,Philippines,2015,FM.LBL.BMNY.GD.ZS,70.9165638847882
PHL,Philippines,2014,FM.LBL.BMNY.GD.ZS,68.5701974632999
PHL,Philippines,2013,FM.LBL.BMNY.GD.ZS,66.8366025320504
PHL,Philippines,2012,FM.LBL.BMNY.GD.ZS,56.3049908825962
PHL,Philippines,2011,FM.LBL.BMNY.GD.ZS,57.3844126029505
PHL,Philippines,2010,FM.LBL.BMNY.GD.ZS,58.8129288699865
PHL,Philippines,2009,FM.LBL.BMNY.GD.ZS,59.4116189042727
PHL,Philippines,2008,FM.LBL.BMNY.GD.ZS,56.9987238589589
PHL,Philippines,2007,FM.LBL.BMNY.GD.ZS,57.9283385499564
PHL,Philippines,2006,FM.LBL.BMNY.GD.ZS,58.0785237559028
PHL,Philippines,2005,FM.LBL.BMNY.GD.ZS,52.0784952024138
POL,Poland,2024,FM.LBL.BMNY.GD.ZS,67.7937347677472
POL,Poland,2023,FM.LBL.BMNY.GD.ZS,66.3863280076503
POL,Poland,2022,FM.LBL.BMNY.GD.ZS,67.3674637599368
POL,Poland,2021,FM.LBL.BMNY.GD.ZS,74.5745848797566
POL,Poland,2020,FM.LBL.BMNY.GD.ZS,77.1242565837279
POL,Poland,2019,FM.LBL.BMNY.GD.ZS,67.6434324475816
POL,Poland,2018,FM.LBL.BMNY.GD.ZS,67.319461330321
POL,Poland,2017,FM.LBL.BMNY.GD.ZS,66.3233735769988
POL,Poland,2016,FM.LBL.BMNY.GD.ZS,67.818977898776
POL,Poland,2015,FM.LBL.BMNY.GD.ZS,63.8268113202959
POL,Poland,2014,FM.LBL.BMNY.GD.ZS,61.9241777936305
POL,Poland,2013,FM.LBL.BMNY.GD.ZS,59.7705535826808
POL,Poland,2012,FM.LBL.BMNY.GD.ZS,56.798677385988
POL,Poland,2011,FM.LBL.BMNY.GD.ZS,56.3641072039439
POL,Poland,2010,FM.LBL.BMNY.GD.ZS,54.3577151180939
POL,Poland,2009,FM.LBL.BMNY.GD.ZS,52.3558420637898
POL,Poland,2008,FM.LBL.BMNY.GD.ZS,51.628967025439
POL,Poland,2007,FM.LBL.BMNY.GD.ZS,47.2179111002749
POL,Poland,2006,FM.LBL.BMNY.GD.ZS,46.1449167345988
POL,Poland,2005,FM.LBL.BMNY.GD.ZS,43.0005043828961
QAT,Qatar,2025,FM.LBL.BMNY.GD.ZS,94.7442830251441
QAT,Qatar,2024,FM.LBL.BMNY.GD.ZS,91.2227554006544
QAT,Qatar,2023,FM.LBL.BMNY.GD.ZS,93.2061560050672
QAT,Qatar,2022,FM.LBL.BMNY.GD.ZS,83.2746893642793
QAT,Qatar,2021,FM.LBL.BMNY.GD.ZS,93.01092915878
QAT,Qatar,2020,FM.LBL.BMNY.GD.ZS,114.121316028533
QAT,Qatar,2019,FM.LBL.BMNY.GD.ZS,90.0329079229506
QAT,Qatar,2018,FM.LBL.BMNY.GD.ZS,84.5159362793938
QAT,Qatar,2017,FM.LBL.BMNY.GD.ZS,102.887325351282
QAT,Qatar,2016,FM.LBL.BMNY.GD.ZS,90.0856778552317
QAT,Qatar,2015,FM.LBL.BMNY.GD.ZS,88.5601234924794
QAT,Qatar,2014,FM.LBL.BMNY.GD.ZS,67.1444589507132
QAT,Qatar,2013,FM.LBL.BMNY.GD.ZS,62.9989915443117
QAT,Qatar,2012,FM.LBL.BMNY.GD.ZS,56.0311455518089
QAT,Qatar,2011,FM.LBL.BMNY.GD.ZS,50.755633680584
QAT,Qatar,2010,FM.LBL.BMNY.GD.ZS,58.1224611094644
QAT,Qatar,2009,FM.LBL.BMNY.GD.ZS,60.4185928660116
QAT,Qatar,2008,FM.LBL.BMNY.GD.ZS,43.8543743535233
QAT,Qatar,2007,FM.LBL.BMNY.GD.ZS,52.9846100823364
QAT,Qatar,2006,FM.LBL.BMNY.GD.ZS,49.714650897293
QAT,Qatar,2005,FM.LBL.BMNY.GD.ZS,48.6771455540406
ROU,Romania,2025,FM.LBL.BMNY.GD.ZS,41.5055705028723
ROU,Romania,2024,FM.LBL.BMNY.GD.ZS,42.1654967355022
ROU,Romania,2023,FM.LBL.BMNY.GD.ZS,41.8913938759933
ROU,Romania,2022,FM.LBL.BMNY.GD.ZS,43.5535874321048
ROU,Romania,2021,FM.LBL.BMNY.GD.ZS,47.5898542295488
ROU,Romania,2020,FM.LBL.BMNY.GD.ZS,45.8186066977627
ROU,Romania,2019,FM.LBL.BMNY.GD.ZS,39.8776360674117
ROU,Romania,2018,FM.LBL.BMNY.GD.ZS,39.9848530149335
ROU,Romania,2017,FM.LBL.BMNY.GD.ZS,41.0945970396912
ROU,Romania,2016,FM.LBL.BMNY.GD.ZS,41.7660482492966
ROU,Romania,2015,FM.LBL.BMNY.GD.ZS,40.1729405256006
ROU,Romania,2014,FM.LBL.BMNY.GD.ZS,39.1194090495661
ROU,Romania,2013,FM.LBL.BMNY.GD.ZS,38.2421049451106
ROU,Romania,2012,FM.LBL.BMNY.GD.ZS,35.7367632464267
ROU,Romania,2011,FM.LBL.BMNY.GD.ZS,36.7597528818957
ROU,Romania,2010,FM.LBL.BMNY.GD.ZS,37.5159483070974
ROU,Romania,2009,FM.LBL.BMNY.GD.ZS,35.7518730485746
ROU,Romania,2008,FM.LBL.BMNY.GD.ZS,32.2485484479043
ROU,Romania,2007,FM.LBL.BMNY.GD.ZS,34.8063992040238
ROU,Romania,2006,FM.LBL.BMNY.GD.ZS,32.2993789287396
ROU,Romania,2005,FM.LBL.BMNY.GD.ZS,33.816395275915
RUS,Russian Federation,2020,FM.LBL.BMNY.GD.ZS,69.9295269004376
RUS,Russian Federation,2019,FM.LBL.BMNY.GD.ZS,58.8782966253468
RUS,Russian Federation,2018,FM.LBL.BMNY.GD.ZS,59.1186163908351
RUS,Russian Federation,2017,FM.LBL.BMNY.GD.ZS,59.5222074143758
RUS,Russian Federation,2016,FM.LBL.BMNY.GD.ZS,59.4458285299143
RUS,Russian Federation,2015,FM.LBL.BMNY.GD.ZS,61.8265826106004
RUS,Russian Federation,2014,FM.LBL.BMNY.GD.ZS,54.2953308870049
RUS,Russian Federation,2013,FM.LBL.BMNY.GD.ZS,51.2000295948384
RUS,Russian Federation,2012,FM.LBL.BMNY.GD.ZS,47.2894158000922
RUS,Russian Federation,2011,FM.LBL.BMNY.GD.ZS,47.3864657151412
RUS,Russian Federation,2010,FM.LBL.BMNY.GD.ZS,51.4391068858457
RUS,Russian Federation,2009,FM.LBL.BMNY.GD.ZS,49.2988178553067
RUS,Russian Federation,2008,FM.LBL.BMNY.GD.ZS,39.507860510671
RUS,Russian Federation,2007,FM.LBL.BMNY.GD.ZS,42.9767480700985
RUS,Russian Federation,2006,FM.LBL.BMNY.GD.ZS,37.6220390036741
RUS,Russian Federation,2005,FM.LBL.BMNY.GD.ZS,33.380278946904
RWA,Rwanda,2024,FM.LBL.BMNY.GD.ZS,26.1002219533684
RWA,Rwanda,2023,FM.LBL.BMNY.GD.ZS,25.4838780148859
RWA,Rwanda,2022,FM.LBL.BMNY.GD.ZS,24.7708778646024
RWA,Rwanda,2021,FM.LBL.BMNY.GD.ZS,25.6585138039511
RWA,Rwanda,2020,FM.LBL.BMNY.GD.ZS,24.3977630527131
RWA,Rwanda,2019,FM.LBL.BMNY.GD.ZS,21.0094004760543
RWA,Rwanda,2018,FM.LBL.BMNY.GD.ZS,21.7031880868002
RWA,Rwanda,2017,FM.LBL.BMNY.GD.ZS,19.8984382164812
RWA,Rwanda,2016,FM.LBL.BMNY.GD.ZS,20.520409439247
RWA,Rwanda,2015,FM.LBL.BMNY.GD.ZS,21.0545455087553
RWA,Rwanda,2014,FM.LBL.BMNY.GD.ZS,19.202904242165
RWA,Rwanda,2013,FM.LBL.BMNY.GD.ZS,18.2286789260866
RWA,Rwanda,2012,FM.LBL.BMNY.GD.ZS,17.4697471486061
RWA,Rwanda,2011,FM.LBL.BMNY.GD.ZS,17.5438274890855
RWA,Rwanda,2010,FM.LBL.BMNY.GD.ZS,15.7405612073497
RWA,Rwanda,2009,FM.LBL.BMNY.GD.ZS,14.5165648742083
RWA,Rwanda,2008,FM.LBL.BMNY.GD.ZS,15.8810248660405
RWA,Rwanda,2007,FM.LBL.BMNY.GD.ZS,17.2734572064713
RWA,Rwanda,2006,FM.LBL.BMNY.GD.ZS,15.7516026762153
RWA,Rwanda,2005,FM.LBL.BMNY.GD.ZS,13.7624375262056
WSM,Samoa,2025,FM.LBL.BMNY.GD.ZS,50.6561600045479
WSM,Samoa,2024,FM.LBL.BMNY.GD.ZS,54.6098204010004
WSM,Samoa,2023,FM.LBL.BMNY.GD.ZS,56.9641571396511
WSM,Samoa,2022,FM.LBL.BMNY.GD.ZS,61.6878251638734
WSM,Samoa,2021,FM.LBL.BMNY.GD.ZS,60.2711900880758
WSM,Samoa,2020,FM.LBL.BMNY.GD.ZS,55.8809453988667
WSM,Samoa,2019,FM.LBL.BMNY.GD.ZS,52.0007875858002
WSM,Samoa,2018,FM.LBL.BMNY.GD.ZS,52.6851790162223
WSM,Samoa,2017,FM.LBL.BMNY.GD.ZS,48.675298407461
WSM,Samoa,2016,FM.LBL.BMNY.GD.ZS,42.9752954840578
WSM,Samoa,2015,FM.LBL.BMNY.GD.ZS,43.4674579320742
WSM,Samoa,2014,FM.LBL.BMNY.GD.ZS,44.2561043452283
WSM,Samoa,2013,FM.LBL.BMNY.GD.ZS,40.9868119812795
WSM,Samoa,2012,FM.LBL.BMNY.GD.ZS,39.4702117490305
WSM,Samoa,2011,FM.LBL.BMNY.GD.ZS,40.1876546706882
WSM,Samoa,2010,FM.LBL.BMNY.GD.ZS,44.057148431282
WSM,Samoa,2009,FM.LBL.BMNY.GD.ZS,41.6765624323052
WSM,Samoa,2008,FM.LBL.BMNY.GD.ZS,38.6950454746052
WSM,Samoa,2007,FM.LBL.BMNY.GD.ZS,40.724055468647
WSM,Samoa,2006,FM.LBL.BMNY.GD.ZS,39.6250110026492
WSM,Samoa,2005,FM.LBL.BMNY.GD.ZS,37.4540761767669
STP,Sao Tome and Principe,2024,FM.LBL.BMNY.GD.ZS,20.2245190825061
STP,Sao Tome and Principe,2023,FM.LBL.BMNY.GD.ZS,24.0288286416771
STP,Sao Tome and Principe,2022,FM.LBL.BMNY.GD.ZS,28.1574039870191
STP,Sao Tome and Principe,2021,FM.LBL.BMNY.GD.ZS,29.9494366507115
STP,Sao Tome and Principe,2020,FM.LBL.BMNY.GD.ZS,32.9497682152999
STP,Sao Tome and Principe,2019,FM.LBL.BMNY.GD.ZS,33.4061132286314
STP,Sao Tome and Principe,2018,FM.LBL.BMNY.GD.ZS,38.7227078092734
STP,Sao Tome and Principe,2017,FM.LBL.BMNY.GD.ZS,38.2257805044395
STP,Sao Tome and Principe,2016,FM.LBL.BMNY.GD.ZS,41.5126120840159
STP,Sao Tome and Principe,2015,FM.LBL.BMNY.GD.ZS,49.1047473580721
STP,Sao Tome and Principe,2014,FM.LBL.BMNY.GD.ZS,45.5739060207801
STP,Sao Tome and Principe,2013,FM.LBL.BMNY.GD.ZS,42.470839095543
STP,Sao Tome and Principe,2012,FM.LBL.BMNY.GD.ZS,40.6363066855418
STP,Sao Tome and Principe,2011,FM.LBL.BMNY.GD.ZS,37.6879576464353
STP,Sao Tome and Principe,2010,FM.LBL.BMNY.GD.ZS,38.9204012764304
STP,Sao Tome and Principe,2009,FM.LBL.BMNY.GD.ZS,34.843260389528
STP,Sao Tome and Principe,2008,FM.LBL.BMNY.GD.ZS,37.9044582267528
STP,Sao Tome and Principe,2007,FM.LBL.BMNY.GD.ZS,37.9005828623502
STP,Sao Tome and Principe,2006,FM.LBL.BMNY.GD.ZS,32.0617916148797
STP,Sao Tome and Principe,2005,FM.LBL.BMNY.GD.ZS,30.0913279635052
SAU,Saudi Arabia,2017,FM.LBL.BMNY.GD.ZS,65.120221951219
SAU,Saudi Arabia,2016,FM.LBL.BMNY.GD.ZS,69.9262174826106
SAU,Saudi Arabia,2015,FM.LBL.BMNY.GD.ZS,69.1306037093694
SAU,Saudi Arabia,2014,FM.LBL.BMNY.GD.ZS,59.1791006509873
SAU,Saudi Arabia,2013,FM.LBL.BMNY.GD.ZS,54.1180905527087
SAU,Saudi Arabia,2012,FM.LBL.BMNY.GD.ZS,51.1312146483409
SAU,Saudi Arabia,2011,FM.LBL.BMNY.GD.ZS,48.488759863944
SAU,Saudi Arabia,2010,FM.LBL.BMNY.GD.ZS,55.1682243037837
SAU,Saudi Arabia,2009,FM.LBL.BMNY.GD.ZS,64.5707260565888
SAU,Saudi Arabia,2008,FM.LBL.BMNY.GD.ZS,48.1037043193289
SAU,Saudi Arabia,2007,FM.LBL.BMNY.GD.ZS,50.9931597925876
SAU,Saudi Arabia,2006,FM.LBL.BMNY.GD.ZS,46.8747682415262
SAU,Saudi Arabia,2005,FM.LBL.BMNY.GD.ZS,44.6460704712737
SEN,Senegal,2025,FM.LBL.BMNY.GD.ZS,53.7185305978626
SEN,Senegal,2024,FM.LBL.BMNY.GD.ZS,52.3243887079392
SEN,Senegal,2023,FM.LBL.BMNY.GD.ZS,52.7813402201519
SEN,Senegal,2022,FM.LBL.BMNY.GD.ZS,51.73675957722
SEN,Senegal,2021,FM.LBL.BMNY.GD.ZS,48.3267949687929
SEN,Senegal,2020,FM.LBL.BMNY.GD.ZS,45.2871838642949
SEN,Senegal,2019,FM.LBL.BMNY.GD.ZS,41.5089482482083
SEN,Senegal,2018,FM.LBL.BMNY.GD.ZS,40.962835245707
SEN,Senegal,2017,FM.LBL.BMNY.GD.ZS,37.8501898174281
SEN,Senegal,2016,FM.LBL.BMNY.GD.ZS,37.3774839589517
SEN,Senegal,2015,FM.LBL.BMNY.GD.ZS,35.2898272065166
SEN,Senegal,2014,FM.LBL.BMNY.GD.ZS,31.7289742482633
SEN,Senegal,2013,FM.LBL.BMNY.GD.ZS,29.8712969116485
SEN,Senegal,2012,FM.LBL.BMNY.GD.ZS,28.6514378487428
SEN,Senegal,2011,FM.LBL.BMNY.GD.ZS,28.9785549517304
SEN,Senegal,2010,FM.LBL.BMNY.GD.ZS,28.3706697951764
SEN,Senegal,2009,FM.LBL.BMNY.GD.ZS,26.7483586125725
SEN,Senegal,2008,FM.LBL.BMNY.GD.ZS,23.8672279723791
SEN,Senegal,2007,FM.LBL.BMNY.GD.ZS,24.4766407245979
SEN,Senegal,2006,FM.LBL.BMNY.GD.ZS,23.7553734685048
SEN,Senegal,2005,FM.LBL.BMNY.GD.ZS,22.2803429082051
SRB,Serbia,2024,FM.LBL.BMNY.GD.ZS,52.9657343521259
SRB,Serbia,2023,FM.LBL.BMNY.GD.ZS,51.5794268901747
SRB,Serbia,2022,FM.LBL.BMNY.GD.ZS,54.1166208462502
SRB,Serbia,2021,FM.LBL.BMNY.GD.ZS,57.4518774870651
SRB,Serbia,2020,FM.LBL.BMNY.GD.ZS,57.853292583972
SRB,Serbia,2019,FM.LBL.BMNY.GD.ZS,49.8047005176289
SRB,Serbia,2018,FM.LBL.BMNY.GD.ZS,49.2786680271826
SRB,Serbia,2017,FM.LBL.BMNY.GD.ZS,45.9312582582593
SRB,Serbia,2016,FM.LBL.BMNY.GD.ZS,46.7580910241386
SRB,Serbia,2015,FM.LBL.BMNY.GD.ZS,43.8288914123127
SRB,Serbia,2014,FM.LBL.BMNY.GD.ZS,42.5657385396346
SRB,Serbia,2013,FM.LBL.BMNY.GD.ZS,39.9578084525249
SRB,Serbia,2012,FM.LBL.BMNY.GD.ZS,41.3773211839511
SRB,Serbia,2011,FM.LBL.BMNY.GD.ZS,39.9222300301779
SRB,Serbia,2010,FM.LBL.BMNY.GD.ZS,40.211429231499
SRB,Serbia,2009,FM.LBL.BMNY.GD.ZS,37.9908717499588
SRB,Serbia,2008,FM.LBL.BMNY.GD.ZS,32.8378087790087
SRB,Serbia,2007,FM.LBL.BMNY.GD.ZS,34.4793728512593
SRB,Serbia,2006,FM.LBL.BMNY.GD.ZS,28.4734442731579
SRB,Serbia,2005,FM.LBL.BMNY.GD.ZS,24.2833954376954
SYC,Seychelles,2025,FM.LBL.BMNY.GD.ZS,84.7010446717923
SYC,Seychelles,2024,FM.LBL.BMNY.GD.ZS,82.8789946625799
SYC,Seychelles,2023,FM.LBL.BMNY.GD.ZS,82.0880251304162
SYC,Seychelles,2022,FM.LBL.BMNY.GD.ZS,82.8005879568386
SYC,Seychelles,2021,FM.LBL.BMNY.GD.ZS,93.3583859352663
SYC,Seychelles,2020,FM.LBL.BMNY.GD.ZS,101.631501164292
SYC,Seychelles,2019,FM.LBL.BMNY.GD.ZS,74.199061774098
SYC,Seychelles,2018,FM.LBL.BMNY.GD.ZS,68.9496449474224
SYC,Seychelles,2017,FM.LBL.BMNY.GD.ZS,69.4844935979069
SYC,Seychelles,2016,FM.LBL.BMNY.GD.ZS,65.327959368448
SYC,Seychelles,2015,FM.LBL.BMNY.GD.ZS,63.8278206702383
SYC,Seychelles,2014,FM.LBL.BMNY.GD.ZS,66.8577341460556
SYC,Seychelles,2013,FM.LBL.BMNY.GD.ZS,58.4896473197805
SYC,Seychelles,2012,FM.LBL.BMNY.GD.ZS,49.7131754399586
SYC,Seychelles,2011,FM.LBL.BMNY.GD.ZS,57.9358712365421
SYC,Seychelles,2010,FM.LBL.BMNY.GD.ZS,61.4144510501468
SYC,Seychelles,2009,FM.LBL.BMNY.GD.ZS,55.2722957164609
SYC,Seychelles,2008,FM.LBL.BMNY.GD.ZS,64.0765612624457
SYC,Seychelles,2007,FM.LBL.BMNY.GD.ZS,64.247447747652
SYC,Seychelles,2006,FM.LBL.BMNY.GD.ZS,84.431731181319
SYC,Seychelles,2005,FM.LBL.BMNY.GD.ZS,90.9497094036408
SLE,Sierra Leone,2025,FM.LBL.BMNY.GD.ZS,22.5553316689919
SLE,Sierra Leone,2024,FM.LBL.BMNY.GD.ZS,20.3349076401429
SLE,Sierra Leone,2023,FM.LBL.BMNY.GD.ZS,19.8219750240117
SLE,Sierra Leone,2022,FM.LBL.BMNY.GD.ZS,20.3913406112839
SLE,Sierra Leone,2021,FM.LBL.BMNY.GD.ZS,19.2345897755052
SLE,Sierra Leone,2020,FM.LBL.BMNY.GD.ZS,17.9341687929113
SLE,Sierra Leone,2019,FM.LBL.BMNY.GD.ZS,14.5171549458104
SLE,Sierra Leone,2018,FM.LBL.BMNY.GD.ZS,14.7272954355909
SLE,Sierra Leone,2017,FM.LBL.BMNY.GD.ZS,15.3613003899222
SLE,Sierra Leone,2016,FM.LBL.BMNY.GD.ZS,15.929320895517
SLE,Sierra Leone,2015,FM.LBL.BMNY.GD.ZS,15.0104850210133
SLE,Sierra Leone,2014,FM.LBL.BMNY.GD.ZS,13309.4898388962
SLE,Sierra Leone,2013,FM.LBL.BMNY.GD.ZS,11490.0583792702
SLE,Sierra Leone,2012,FM.LBL.BMNY.GD.ZS,12648.7434875713
SLE,Sierra Leone,2011,FM.LBL.BMNY.GD.ZS,13083.8078512768
SLE,Sierra Leone,2010,FM.LBL.BMNY.GD.ZS,12585.0013670717
SLE,Sierra Leone,2009,FM.LBL.BMNY.GD.ZS,12842.3975409208
SLE,Sierra Leone,2008,FM.LBL.BMNY.GD.ZS,10306.9646730888
SLE,Sierra Leone,2007,FM.LBL.BMNY.GD.ZS,9310.7619457923
SLE,Sierra Leone,2006,FM.LBL.BMNY.GD.ZS,8919.56842085172
SLE,Sierra Leone,2005,FM.LBL.BMNY.GD.ZS,9636.18189062132
SGP,Singapore,2020,FM.LBL.BMNY.GD.ZS,147.746150449235
SGP,Singapore,2019,FM.LBL.BMNY.GD.ZS,123.050173319008
SGP,Singapore,2018,FM.LBL.BMNY.GD.ZS,118.215822359749
SGP,Singapore,2017,FM.LBL.BMNY.GD.ZS,121.827892943238
SGP,Singapore,2016,FM.LBL.BMNY.GD.ZS,126.841051072384
SGP,Singapore,2015,FM.LBL.BMNY.GD.ZS,122.859262887356
SGP,Singapore,2014,FM.LBL.BMNY.GD.ZS,128.445568957751
SGP,Singapore,2013,FM.LBL.BMNY.GD.ZS,128.850836242755
SGP,Singapore,2012,FM.LBL.BMNY.GD.ZS,128.91277908618
SGP,Singapore,2011,FM.LBL.BMNY.GD.ZS,126.18064996831
SGP,Singapore,2010,FM.LBL.BMNY.GD.ZS,123.278603193283
SGP,Singapore,2009,FM.LBL.BMNY.GD.ZS,131.450329237999
SGP,Singapore,2008,FM.LBL.BMNY.GD.ZS,121.708568541616
SGP,Singapore,2007,FM.LBL.BMNY.GD.ZS,109.116655225422
SGP,Singapore,2006,FM.LBL.BMNY.GD.ZS,111.098845353211
SGP,Singapore,2005,FM.LBL.BMNY.GD.ZS,103.325686456095
SLB,Solomon Islands,2024,FM.LBL.BMNY.GD.ZS,47.8425473553493
SLB,Solomon Islands,2023,FM.LBL.BMNY.GD.ZS,48.9165901172509
SLB,Solomon Islands,2022,FM.LBL.BMNY.GD.ZS,48.6091286741814
SLB,Solomon Islands,2021,FM.LBL.BMNY.GD.ZS,44.1414300964101
SLB,Solomon Islands,2020,FM.LBL.BMNY.GD.ZS,42.9451600867193
SLB,Solomon Islands,2019,FM.LBL.BMNY.GD.ZS,38.4030675030722
SLB,Solomon Islands,2018,FM.LBL.BMNY.GD.ZS,40.8100520795456
SLB,Solomon Islands,2017,FM.LBL.BMNY.GD.ZS,42.3350723943048
SLB,Solomon Islands,2016,FM.LBL.BMNY.GD.ZS,43.2488267349397
SLB,Solomon Islands,2015,FM.LBL.BMNY.GD.ZS,40.3814541039984
SLB,Solomon Islands,2014,FM.LBL.BMNY.GD.ZS,36.8981027496372
SLB,Solomon Islands,2013,FM.LBL.BMNY.GD.ZS,36.6688559486235
SLB,Solomon Islands,2012,FM.LBL.BMNY.GD.ZS,35.143919246701
SLB,Solomon Islands,2011,FM.LBL.BMNY.GD.ZS,32.1040074507949
SLB,Solomon Islands,2010,FM.LBL.BMNY.GD.ZS,28.6432562917038
SLB,Solomon Islands,2009,FM.LBL.BMNY.GD.ZS,28.2140039577131
SLB,Solomon Islands,2008,FM.LBL.BMNY.GD.ZS,26.0542812309102
SLB,Solomon Islands,2007,FM.LBL.BMNY.GD.ZS,27.2726099023519
SLB,Solomon Islands,2006,FM.LBL.BMNY.GD.ZS,25.3838081094705
SLB,Solomon Islands,2005,FM.LBL.BMNY.GD.ZS,22.6531711840409
ZAF,South Africa,2025,FM.LBL.BMNY.GD.ZS,76.8715951477266
ZAF,South Africa,2024,FM.LBL.BMNY.GD.ZS,73.8589564375963
ZAF,South Africa,2023,FM.LBL.BMNY.GD.ZS,72.3110041403205
ZAF,South Africa,2022,FM.LBL.BMNY.GD.ZS,70.948528401606
ZAF,South Africa,2021,FM.LBL.BMNY.GD.ZS,70.1447527990355
ZAF,South Africa,2020,FM.LBL.BMNY.GD.ZS,74.03882567267
ZAF,South Africa,2019,FM.LBL.BMNY.GD.ZS,66.90916485575
ZAF,South Africa,2018,FM.LBL.BMNY.GD.ZS,66.136856193442
ZAF,South Africa,2017,FM.LBL.BMNY.GD.ZS,66.1447664923871
ZAF,South Africa,2016,FM.LBL.BMNY.GD.ZS,66.3120220770983
ZAF,South Africa,2015,FM.LBL.BMNY.GD.ZS,67.3018792759517
ZAF,South Africa,2014,FM.LBL.BMNY.GD.ZS,65.2381425601434
ZAF,South Africa,2013,FM.LBL.BMNY.GD.ZS,64.9807634284201
ZAF,South Africa,2012,FM.LBL.BMNY.GD.ZS,66.550267601772
ZAF,South Africa,2011,FM.LBL.BMNY.GD.ZS,67.8297284104177
ZAF,South Africa,2010,FM.LBL.BMNY.GD.ZS,68.1689583631844
ZAF,South Africa,2009,FM.LBL.BMNY.GD.ZS,69.7119446561274
ZAF,South Africa,2008,FM.LBL.BMNY.GD.ZS,73.2952082257562
ZAF,South Africa,2007,FM.LBL.BMNY.GD.ZS,71.0936792582327
ZAF,South Africa,2006,FM.LBL.BMNY.GD.ZS,65.4243148230338
ZAF,South Africa,2005,FM.LBL.BMNY.GD.ZS,59.760936349771
SSD,South Sudan,2025,FM.LBL.BMNY.GD.ZS,21.0220974529365
SSD,South Sudan,2024,FM.LBL.BMNY.GD.ZS,34.4534494632613
SSD,South Sudan,2023,FM.LBL.BMNY.GD.ZS,18.405750024081
SSD,South Sudan,2022,FM.LBL.BMNY.GD.ZS,27.4909043444282
SSD,South Sudan,2021,FM.LBL.BMNY.GD.ZS,34.2016543786263
SSD,South Sudan,2020,FM.LBL.BMNY.GD.ZS,26.4226263065641
SSD,South Sudan,2019,FM.LBL.BMNY.GD.ZS,18.7345628062583
SSD,South Sudan,2018,FM.LBL.BMNY.GD.ZS,23.5459425116248
SSD,South Sudan,2017,FM.LBL.BMNY.GD.ZS,23.9961979256385
SSD,South Sudan,2016,FM.LBL.BMNY.GD.ZS,65.4594429358673
SSD,South Sudan,2015,FM.LBL.BMNY.GD.ZS,39.4658052012196
SSD,South Sudan,2014,FM.LBL.BMNY.GD.ZS,19.1329719574173
SSD,South Sudan,2013,FM.LBL.BMNY.GD.ZS,11.9081574637594
SSD,South Sudan,2012,FM.LBL.BMNY.GD.ZS,18.6836800867419
SSD,South Sudan,2011,FM.LBL.BMNY.GD.ZS,11.0260636833344
LKA,Sri Lanka,2019,FM.LBL.BMNY.GD.ZS,59.4620662096002
LKA,Sri Lanka,2018,FM.LBL.BMNY.GD.ZS,56.8919560259693
LKA,Sri Lanka,2017,FM.LBL.BMNY.GD.ZS,54.4889133716301
LKA,Sri Lanka,2016,FM.LBL.BMNY.GD.ZS,52.113865611954
LKA,Sri Lanka,2015,FM.LBL.BMNY.GD.ZS,49.6853900403902
LKA,Sri Lanka,2014,FM.LBL.BMNY.GD.ZS,45.5725928060913
LKA,Sri Lanka,2013,FM.LBL.BMNY.GD.ZS,43.1505837836518
LKA,Sri Lanka,2012,FM.LBL.BMNY.GD.ZS,41.0453555050186
LKA,Sri Lanka,2011,FM.LBL.BMNY.GD.ZS,41.8727394926069
LKA,Sri Lanka,2010,FM.LBL.BMNY.GD.ZS,31.5461108558666
LKA,Sri Lanka,2009,FM.LBL.BMNY.GD.ZS,37.353420524259
LKA,Sri Lanka,2008,FM.LBL.BMNY.GD.ZS,34.5243803776736
LKA,Sri Lanka,2007,FM.LBL.BMNY.GD.ZS,39.2326973771293
LKA,Sri Lanka,2006,FM.LBL.BMNY.GD.ZS,40.9892214399826
LKA,Sri Lanka,2005,FM.LBL.BMNY.GD.ZS,41.6778034206558
KNA,St. Kitts and Nevis,2025,FM.LBL.BMNY.GD.ZS,103.721683271423
KNA,St. Kitts and Nevis,2024,FM.LBL.BMNY.GD.ZS,103.892151689353
KNA,St. Kitts and Nevis,2023,FM.LBL.BMNY.GD.ZS,107.776454867275
KNA,St. Kitts and Nevis,2022,FM.LBL.BMNY.GD.ZS,118.117140727435
KNA,St. Kitts and Nevis,2021,FM.LBL.BMNY.GD.ZS,130.144275127681
KNA,St. Kitts and Nevis,2020,FM.LBL.BMNY.GD.ZS,116.130004738979
KNA,St. Kitts and Nevis,2019,FM.LBL.BMNY.GD.ZS,100.84856663357
KNA,St. Kitts and Nevis,2018,FM.LBL.BMNY.GD.ZS,122.264871606782
KNA,St. Kitts and Nevis,2017,FM.LBL.BMNY.GD.ZS,127.818658369075
KNA,St. Kitts and Nevis,2016,FM.LBL.BMNY.GD.ZS,137.579320264419
KNA,St. Kitts and Nevis,2015,FM.LBL.BMNY.GD.ZS,145.345830915071
KNA,St. Kitts and Nevis,2014,FM.LBL.BMNY.GD.ZS,139.357759263704
KNA,St. Kitts and Nevis,2013,FM.LBL.BMNY.GD.ZS,137.062981856527
KNA,St. Kitts and Nevis,2012,FM.LBL.BMNY.GD.ZS,130.919741173068
KNA,St. Kitts and Nevis,2011,FM.LBL.BMNY.GD.ZS,115.310811303013
KNA,St. Kitts and Nevis,2010,FM.LBL.BMNY.GD.ZS,112.897460097412
KNA,St. Kitts and Nevis,2009,FM.LBL.BMNY.GD.ZS,106.700737751968
KNA,St. Kitts and Nevis,2008,FM.LBL.BMNY.GD.ZS,101.297637931773
KNA,St. Kitts and Nevis,2007,FM.LBL.BMNY.GD.ZS,114.024685691565
KNA,St. Kitts and Nevis,2006,FM.LBL.BMNY.GD.ZS,109.694291404202
KNA,St. Kitts and Nevis,2005,FM.LBL.BMNY.GD.ZS,112.810620528613
LCA,St. Lucia,2025,FM.LBL.BMNY.GD.ZS,66.6716159305114
LCA,St. Lucia,2024,FM.LBL.BMNY.GD.ZS,65.2615051848903
LCA,St. Lucia,2023,FM.LBL.BMNY.GD.ZS,62.83380927724
LCA,St. Lucia,2022,FM.LBL.BMNY.GD.ZS,59.5800930025384
LCA,St. Lucia,2021,FM.LBL.BMNY.GD.ZS,70.9914910629454
LCA,St. Lucia,2020,FM.LBL.BMNY.GD.ZS,75.9940809501789
LCA,St. Lucia,2019,FM.LBL.BMNY.GD.ZS,63.3713722710519
LCA,St. Lucia,2018,FM.LBL.BMNY.GD.ZS,70.1155281404886
LCA,St. Lucia,2017,FM.LBL.BMNY.GD.ZS,68.8896878405325
LCA,St. Lucia,2016,FM.LBL.BMNY.GD.ZS,71.6219992983249
LCA,St. Lucia,2015,FM.LBL.BMNY.GD.ZS,73.2997789219834
LCA,St. Lucia,2014,FM.LBL.BMNY.GD.ZS,71.8560592058194
LCA,St. Lucia,2013,FM.LBL.BMNY.GD.ZS,73.6143237849424
LCA,St. Lucia,2012,FM.LBL.BMNY.GD.ZS,74.2579792969772
LCA,St. Lucia,2011,FM.LBL.BMNY.GD.ZS,73.2680704817539
LCA,St. Lucia,2010,FM.LBL.BMNY.GD.ZS,75.1123377802653
LCA,St. Lucia,2009,FM.LBL.BMNY.GD.ZS,78.0258814890724
LCA,St. Lucia,2008,FM.LBL.BMNY.GD.ZS,73.8247503654163
LCA,St. Lucia,2007,FM.LBL.BMNY.GD.ZS,73.7687537294455
LCA,St. Lucia,2006,FM.LBL.BMNY.GD.ZS,72.6638226479852
LCA,St. Lucia,2005,FM.LBL.BMNY.GD.ZS,69.1118255055447
VCT,St. Vincent and the Grenadines,2025,FM.LBL.BMNY.GD.ZS,69.4091190699596
VCT,St. Vincent and the Grenadines,2024,FM.LBL.BMNY.GD.ZS,71.4154481798455
VCT,St. Vincent and the Grenadines,2023,FM.LBL.BMNY.GD.ZS,66.5582880512877
VCT,St. Vincent and the Grenadines,2022,FM.LBL.BMNY.GD.ZS,69.5257893522939
VCT,St. Vincent and the Grenadines,2021,FM.LBL.BMNY.GD.ZS,77.2487181051333
VCT,St. Vincent and the Grenadines,2020,FM.LBL.BMNY.GD.ZS,70.4042407757258
VCT,St. Vincent and the Grenadines,2019,FM.LBL.BMNY.GD.ZS,71.545919537892
VCT,St. Vincent and the Grenadines,2018,FM.LBL.BMNY.GD.ZS,69.8868955002534
VCT,St. Vincent and the Grenadines,2017,FM.LBL.BMNY.GD.ZS,72.3266824929462
VCT,St. Vincent and the Grenadines,2016,FM.LBL.BMNY.GD.ZS,73.9363782736444
VCT,St. Vincent and the Grenadines,2015,FM.LBL.BMNY.GD.ZS,75.1321278900033
VCT,St. Vincent and the Grenadines,2014,FM.LBL.BMNY.GD.ZS,73.5925621293865
VCT,St. Vincent and the Grenadines,2013,FM.LBL.BMNY.GD.ZS,68.2445363440386
VCT,St. Vincent and the Grenadines,2012,FM.LBL.BMNY.GD.ZS,66.974752198668
VCT,St. Vincent and the Grenadines,2011,FM.LBL.BMNY.GD.ZS,65.3039694918973
VCT,St. Vincent and the Grenadines,2010,FM.LBL.BMNY.GD.ZS,63.3322187076414
VCT,St. Vincent and the Grenadines,2009,FM.LBL.BMNY.GD.ZS,62.2123964157204
VCT,St. Vincent and the Grenadines,2008,FM.LBL.BMNY.GD.ZS,61.898836401423
VCT,St. Vincent and the Grenadines,2007,FM.LBL.BMNY.GD.ZS,61.066309425752
VCT,St. Vincent and the Grenadines,2006,FM.LBL.BMNY.GD.ZS,62.7161164235167
VCT,St. Vincent and the Grenadines,2005,FM.LBL.BMNY.GD.ZS,66.4253488860865
SDN,Sudan,2020,FM.LBL.BMNY.GD.ZS,31.8835001101765
SDN,Sudan,2019,FM.LBL.BMNY.GD.ZS,35.2473229496873
SDN,Sudan,2018,FM.LBL.BMNY.GD.ZS,32.7348735102294
SDN,Sudan,2017,FM.LBL.BMNY.GD.ZS,23.4576541992276
SDN,Sudan,2016,FM.LBL.BMNY.GD.ZS,18.842490520131
SDN,Sudan,2015,FM.LBL.BMNY.GD.ZS,18.3447077708095
SDN,Sudan,2014,FM.LBL.BMNY.GD.ZS,17.635008647988
SDN,Sudan,2013,FM.LBL.BMNY.GD.ZS,21.1511862526727
SDN,Sudan,2012,FM.LBL.BMNY.GD.ZS,26.0188577322584
SDN,Sudan,2011,FM.LBL.BMNY.GD.ZS,20.1957804339291
SDN,Sudan,2010,FM.LBL.BMNY.GD.ZS,20.9761366289608
SDN,Sudan,2009,FM.LBL.BMNY.GD.ZS,21.1638143926285
SDN,Sudan,2008,FM.LBL.BMNY.GD.ZS,16.9333100567917
SDN,Sudan,2007,FM.LBL.BMNY.GD.ZS,16.4585485560035
SDN,Sudan,2006,FM.LBL.BMNY.GD.ZS,18.1154974937188
SDN,Sudan,2005,FM.LBL.BMNY.GD.ZS,15.716519719316
SUR,Suriname,2025,FM.LBL.BMNY.GD.ZS,65.4078973536143
SUR,Suriname,2024,FM.LBL.BMNY.GD.ZS,62.2666073124963
SUR,Suriname,2023,FM.LBL.BMNY.GD.ZS,65.0800514242716
SUR,Suriname,2022,FM.LBL.BMNY.GD.ZS,74.1666534227837
SUR,Suriname,2021,FM.LBL.BMNY.GD.ZS,77.2796228692392
SUR,Suriname,2020,FM.LBL.BMNY.GD.ZS,84.916232318718
SUR,Suriname,2019,FM.LBL.BMNY.GD.ZS,63.9377591426993
SUR,Suriname,2018,FM.LBL.BMNY.GD.ZS,64.3687736284689
SUR,Suriname,2017,FM.LBL.BMNY.GD.ZS,65.4455191625141
SUR,Suriname,2016,FM.LBL.BMNY.GD.ZS,78.3646427867353
SUR,Suriname,2015,FM.LBL.BMNY.GD.ZS,60.7401404832635
SUR,Suriname,2014,FM.LBL.BMNY.GD.ZS,55.0448541955235
SUR,Suriname,2013,FM.LBL.BMNY.GD.ZS,53.1617097089983
SUR,Suriname,2012,FM.LBL.BMNY.GD.ZS,49.4573696290769
SUR,Suriname,2011,FM.LBL.BMNY.GD.ZS,46.4261001939743
SUR,Suriname,2010,FM.LBL.BMNY.GD.ZS,46.0620697940465
SUR,Suriname,2009,FM.LBL.BMNY.GD.ZS,46.9185229595789
SUR,Suriname,2008,FM.LBL.BMNY.GD.ZS,44.7968786250779
SUR,Suriname,2007,FM.LBL.BMNY.GD.ZS,44.5890158445339
SUR,Suriname,2006,FM.LBL.BMNY.GD.ZS,38.7307061847072
SUR,Suriname,2005,FM.LBL.BMNY.GD.ZS,44.8081617009594
SWE,Sweden,2024,FM.LBL.BMNY.GD.ZS,77.7950765348749
SWE,Sweden,2023,FM.LBL.BMNY.GD.ZS,80.6931320827447
SWE,Sweden,2022,FM.LBL.BMNY.GD.ZS,86.3329215676667
SWE,Sweden,2021,FM.LBL.BMNY.GD.ZS,90.0988231298544
SWE,Sweden,2020,FM.LBL.BMNY.GD.ZS,88.165306995714
SWE,Sweden,2019,FM.LBL.BMNY.GD.ZS,74.5050864483124
SWE,Sweden,2018,FM.LBL.BMNY.GD.ZS,73.1416538488023
SWE,Sweden,2017,FM.LBL.BMNY.GD.ZS,73.5733579534849
SWE,Sweden,2016,FM.LBL.BMNY.GD.ZS,69.6203174238942
SWE,Sweden,2015,FM.LBL.BMNY.GD.ZS,66.4087331975714
SWE,Sweden,2014,FM.LBL.BMNY.GD.ZS,66.4676842095172
SWE,Sweden,2013,FM.LBL.BMNY.GD.ZS,66.4633364310314
SWE,Sweden,2012,FM.LBL.BMNY.GD.ZS,65.4037124496073
SWE,Sweden,2011,FM.LBL.BMNY.GD.ZS,63.6081890144641
SWE,Sweden,2010,FM.LBL.BMNY.GD.ZS,62.2172684663498
SWE,Sweden,2009,FM.LBL.BMNY.GD.ZS,64.2233543463187
SWE,Sweden,2008,FM.LBL.BMNY.GD.ZS,62.6244555736609
SWE,Sweden,2007,FM.LBL.BMNY.GD.ZS,62.434472024842
SWE,Sweden,2006,FM.LBL.BMNY.GD.ZS,55.9343884312393
SWE,Sweden,2005,FM.LBL.BMNY.GD.ZS,51.7922181032801
CHE,Switzerland,2016,FM.LBL.BMNY.GD.ZS,181.877973322694
CHE,Switzerland,2015,FM.LBL.BMNY.GD.ZS,178.327344222199
CHE,Switzerland,2014,FM.LBL.BMNY.GD.ZS,178.346119787014
CHE,Switzerland,2013,FM.LBL.BMNY.GD.ZS,173.831757399075
CHE,Switzerland,2012,FM.LBL.BMNY.GD.ZS,170.040436126763
CHE,Switzerland,2011,FM.LBL.BMNY.GD.ZS,152.471052478327
CHE,Switzerland,2010,FM.LBL.BMNY.GD.ZS,139.155875527803
CHE,Switzerland,2009,FM.LBL.BMNY.GD.ZS,136.814802729325
CHE,Switzerland,2008,FM.LBL.BMNY.GD.ZS,125.276765821504
CHE,Switzerland,2007,FM.LBL.BMNY.GD.ZS,125.15538525638
CHE,Switzerland,2006,FM.LBL.BMNY.GD.ZS,129.059137437475
CHE,Switzerland,2005,FM.LBL.BMNY.GD.ZS,131.208941940939
SYR,Syrian Arab Republic,2011,FM.LBL.BMNY.GD.ZS,57.8481071375175
SYR,Syrian Arab Republic,2010,FM.LBL.BMNY.GD.ZS,72.0066174315488
SYR,Syrian Arab Republic,2009,FM.LBL.BMNY.GD.ZS,71.3584072976752
SYR,Syrian Arab Republic,2008,FM.LBL.BMNY.GD.ZS,67.6489603906139
SYR,Syrian Arab Republic,2007,FM.LBL.BMNY.GD.ZS,65.4651769040883
SYR,Syrian Arab Republic,2006,FM.LBL.BMNY.GD.ZS,68.1560532615041
SYR,Syrian Arab Republic,2005,FM.LBL.BMNY.GD.ZS,72.8043090252755
TJK,Tajikistan,2023,FM.LBL.BMNY.GD.ZS,29.7845660174938
TJK,Tajikistan,2022,FM.LBL.BMNY.GD.ZS,22.2140171020729
TJK,Tajikistan,2021,FM.LBL.BMNY.GD.ZS,28.0977015468809
TJK,Tajikistan,2020,FM.LBL.BMNY.GD.ZS,31.2689788258225
TJK,Tajikistan,2019,FM.LBL.BMNY.GD.ZS,28.005051862993
TJK,Tajikistan,2018,FM.LBL.BMNY.GD.ZS,26.660403562227
TJK,Tajikistan,2017,FM.LBL.BMNY.GD.ZS,27.9628803758112
TJK,Tajikistan,2016,FM.LBL.BMNY.GD.ZS,26.9905773833324
TJK,Tajikistan,2015,FM.LBL.BMNY.GD.ZS,21.1654479722036
TJK,Tajikistan,2014,FM.LBL.BMNY.GD.ZS,20.2070552238097
TJK,Tajikistan,2013,FM.LBL.BMNY.GD.ZS,21.0976794752076
TJK,Tajikistan,2012,FM.LBL.BMNY.GD.ZS,19.6130523672922
TJK,Tajikistan,2011,FM.LBL.BMNY.GD.ZS,19.7292831438719
TJK,Tajikistan,2010,FM.LBL.BMNY.GD.ZS,18.0444894537962
TJK,Tajikistan,2009,FM.LBL.BMNY.GD.ZS,18.2243976796289
TJK,Tajikistan,2008,FM.LBL.BMNY.GD.ZS,15.0855801381567
TJK,Tajikistan,2007,FM.LBL.BMNY.GD.ZS,21.3004154899878
TJK,Tajikistan,2006,FM.LBL.BMNY.GD.ZS,16.2111941254606
TJK,Tajikistan,2005,FM.LBL.BMNY.GD.ZS,14.4470561984847
TZA,Tanzania,2023,FM.LBL.BMNY.GD.ZS,23.3641015373226
TZA,Tanzania,2022,FM.LBL.BMNY.GD.ZS,22.1148740432464
TZA,Tanzania,2021,FM.LBL.BMNY.GD.ZS,21.2861397578073
TZA,Tanzania,2020,FM.LBL.BMNY.GD.ZS,19.7402519793829
TZA,Tanzania,2019,FM.LBL.BMNY.GD.ZS,20.2755446721769
TZA,Tanzania,2018,FM.LBL.BMNY.GD.ZS,20.0113705355786
TZA,Tanzania,2017,FM.LBL.BMNY.GD.ZS,20.8134417062715
TZA,Tanzania,2016,FM.LBL.BMNY.GD.ZS,21.1123804468145
TZA,Tanzania,2015,FM.LBL.BMNY.GD.ZS,23.4398257876872
TZA,Tanzania,2014,FM.LBL.BMNY.GD.ZS,22.534367991041
TZA,Tanzania,2013,FM.LBL.BMNY.GD.ZS,22.0709597355983
TZA,Tanzania,2012,FM.LBL.BMNY.GD.ZS,23.5035624756431
TZA,Tanzania,2011,FM.LBL.BMNY.GD.ZS,24.1241978132895
TZA,Tanzania,2010,FM.LBL.BMNY.GD.ZS,24.6479235326913
TZA,Tanzania,2009,FM.LBL.BMNY.GD.ZS,22.8666913151105
TZA,Tanzania,2008,FM.LBL.BMNY.GD.ZS,22.2978434928101
TZA,Tanzania,2007,FM.LBL.BMNY.GD.ZS,22.8842319180522
TZA,Tanzania,2006,FM.LBL.BMNY.GD.ZS,22.1200250388312
TZA,Tanzania,2005,FM.LBL.BMNY.GD.ZS,20.4644028128005
THA,Thailand,2024,FM.LBL.BMNY.GD.ZS,140.981260172154
THA,Thailand,2023,FM.LBL.BMNY.GD.ZS,141.618510356858
THA,Thailand,2022,FM.LBL.BMNY.GD.ZS,143.813175710939
THA,Thailand,2021,FM.LBL.BMNY.GD.ZS,148.693707524601
THA,Thailand,2020,FM.LBL.BMNY.GD.ZS,146.648316102399
THA,Thailand,2019,FM.LBL.BMNY.GD.ZS,123.398633941482
THA,Thailand,2018,FM.LBL.BMNY.GD.ZS,122.819408351734
THA,Thailand,2017,FM.LBL.BMNY.GD.ZS,124.04474007571
THA,Thailand,2016,FM.LBL.BMNY.GD.ZS,125.396342798662
THA,Thailand,2015,FM.LBL.BMNY.GD.ZS,127.730603893628
THA,Thailand,2014,FM.LBL.BMNY.GD.ZS,127.049552300537
THA,Thailand,2013,FM.LBL.BMNY.GD.ZS,124.369225680398
THA,Thailand,2012,FM.LBL.BMNY.GD.ZS,121.116547555291
THA,Thailand,2011,FM.LBL.BMNY.GD.ZS,119.925707350888
THA,Thailand,2010,FM.LBL.BMNY.GD.ZS,108.980921332939
THA,Thailand,2009,FM.LBL.BMNY.GD.ZS,109.922073097665
THA,Thailand,2008,FM.LBL.BMNY.GD.ZS,102.445696265008
THA,Thailand,2007,FM.LBL.BMNY.GD.ZS,100.365424196487
THA,Thailand,2006,FM.LBL.BMNY.GD.ZS,102.056187597046
THA,Thailand,2005,FM.LBL.BMNY.GD.ZS,104.104191381316
TLS,Timor-Leste,2024,FM.LBL.BMNY.GD.ZS,71.7655367646388
TLS,Timor-Leste,2023,FM.LBL.BMNY.GD.ZS,59.9942423761943
TLS,Timor-Leste,2022,FM.LBL.BMNY.GD.ZS,37.8616835365226
TLS,Timor-Leste,2021,FM.LBL.BMNY.GD.ZS,30.8570468608933
TLS,Timor-Leste,2020,FM.LBL.BMNY.GD.ZS,40.3181146305448
TLS,Timor-Leste,2019,FM.LBL.BMNY.GD.ZS,38.781999689503
TLS,Timor-Leste,2018,FM.LBL.BMNY.GD.ZS,54.5368123217612
TLS,Timor-Leste,2017,FM.LBL.BMNY.GD.ZS,51.9217121010672
TLS,Timor-Leste,2016,FM.LBL.BMNY.GD.ZS,44.7359851593262
TLS,Timor-Leste,2015,FM.LBL.BMNY.GD.ZS,40.3863698730553
TLS,Timor-Leste,2014,FM.LBL.BMNY.GD.ZS,41.4374758251129
TLS,Timor-Leste,2013,FM.LBL.BMNY.GD.ZS,35.8346714250935
TLS,Timor-Leste,2012,FM.LBL.BMNY.GD.ZS,35.0648622805468
TLS,Timor-Leste,2011,FM.LBL.BMNY.GD.ZS,30.9272602990826
TLS,Timor-Leste,2010,FM.LBL.BMNY.GD.ZS,33.4530072604972
TLS,Timor-Leste,2009,FM.LBL.BMNY.GD.ZS,36.9158819365288
TLS,Timor-Leste,2008,FM.LBL.BMNY.GD.ZS,29.7071920250859
TLS,Timor-Leste,2007,FM.LBL.BMNY.GD.ZS,26.4767080008416
TLS,Timor-Leste,2006,FM.LBL.BMNY.GD.ZS,22.0131394091219
TLS,Timor-Leste,2005,FM.LBL.BMNY.GD.ZS,16.8611488162711
TGO,Togo,2025,FM.LBL.BMNY.GD.ZS,45.6090746420488
TGO,Togo,2024,FM.LBL.BMNY.GD.ZS,46.8369551275567
TGO,Togo,2023,FM.LBL.BMNY.GD.ZS,47.1677580210449
TGO,Togo,2022,FM.LBL.BMNY.GD.ZS,48.3521712094931
TGO,Togo,2021,FM.LBL.BMNY.GD.ZS,47.7241810691259
TGO,Togo,2020,FM.LBL.BMNY.GD.ZS,46.7243573405819
TGO,Togo,2019,FM.LBL.BMNY.GD.ZS,44.035955186595
TGO,Togo,2018,FM.LBL.BMNY.GD.ZS,44.2081189839648
TGO,Togo,2017,FM.LBL.BMNY.GD.ZS,42.5644347918769
TGO,Togo,2016,FM.LBL.BMNY.GD.ZS,39.905362783897
TGO,Togo,2015,FM.LBL.BMNY.GD.ZS,37.542869029837
TGO,Togo,2014,FM.LBL.BMNY.GD.ZS,33.5058710075629
TGO,Togo,2013,FM.LBL.BMNY.GD.ZS,34.3200096510378
TGO,Togo,2012,FM.LBL.BMNY.GD.ZS,31.5797942911627
TGO,Togo,2011,FM.LBL.BMNY.GD.ZS,31.016051110591
TGO,Togo,2010,FM.LBL.BMNY.GD.ZS,28.777086477994
TGO,Togo,2009,FM.LBL.BMNY.GD.ZS,26.5245076810789
TGO,Togo,2008,FM.LBL.BMNY.GD.ZS,25.2118931519205
TGO,Togo,2007,FM.LBL.BMNY.GD.ZS,22.9092040747066
TGO,Togo,2006,FM.LBL.BMNY.GD.ZS,21.4853785656598
TGO,Togo,2005,FM.LBL.BMNY.GD.ZS,17.7126352177805
TON,Tonga,2025,FM.LBL.BMNY.GD.ZS,59.7012627559926
TON,Tonga,2024,FM.LBL.BMNY.GD.ZS,60.9853526862684
TON,Tonga,2023,FM.LBL.BMNY.GD.ZS,62.1851643896924
TON,Tonga,2022,FM.LBL.BMNY.GD.ZS,67.3268357939906
TON,Tonga,2021,FM.LBL.BMNY.GD.ZS,69.449046849292
TON,Tonga,2020,FM.LBL.BMNY.GD.ZS,60.45662310663
TON,Tonga,2019,FM.LBL.BMNY.GD.ZS,52.3827580805307
TON,Tonga,2018,FM.LBL.BMNY.GD.ZS,55.9019280559645
TON,Tonga,2017,FM.LBL.BMNY.GD.ZS,55.1313690052237
TON,Tonga,2016,FM.LBL.BMNY.GD.ZS,54.8806288285871
TON,Tonga,2015,FM.LBL.BMNY.GD.ZS,52.9541199700763
TON,Tonga,2014,FM.LBL.BMNY.GD.ZS,48.481512227385
TON,Tonga,2013,FM.LBL.BMNY.GD.ZS,45.4271878301343
TON,Tonga,2012,FM.LBL.BMNY.GD.ZS,43.2088709607532
TON,Tonga,2011,FM.LBL.BMNY.GD.ZS,40.3361398464365
TON,Tonga,2010,FM.LBL.BMNY.GD.ZS,43.9219840608526
TON,Tonga,2009,FM.LBL.BMNY.GD.ZS,44.8577674702127
TON,Tonga,2008,FM.LBL.BMNY.GD.ZS,45.7449455028012
TON,Tonga,2007,FM.LBL.BMNY.GD.ZS,48.4170088039327
TON,Tonga,2006,FM.LBL.BMNY.GD.ZS,44.0087132828634
TON,Tonga,2005,FM.LBL.BMNY.GD.ZS,47.690107990186
TTO,Trinidad and Tobago,2024,FM.LBL.BMNY.GD.ZS,72.544795775342
TTO,Trinidad and Tobago,2023,FM.LBL.BMNY.GD.ZS,73.5152820472153
TTO,Trinidad and Tobago,2022,FM.LBL.BMNY.GD.ZS,64.0140607406515
TTO,Trinidad and Tobago,2021,FM.LBL.BMNY.GD.ZS,73.4766602664125
TTO,Trinidad and Tobago,2020,FM.LBL.BMNY.GD.ZS,83.8926582082088
TTO,Trinidad and Tobago,2019,FM.LBL.BMNY.GD.ZS,69.6424851361668
TTO,Trinidad and Tobago,2018,FM.LBL.BMNY.GD.ZS,66.3806772666435
TTO,Trinidad and Tobago,2017,FM.LBL.BMNY.GD.ZS,65.669667683946
TTO,Trinidad and Tobago,2016,FM.LBL.BMNY.GD.ZS,67.585286468179
TTO,Trinidad and Tobago,2015,FM.LBL.BMNY.GD.ZS,60.5164445331631
TTO,Trinidad and Tobago,2014,FM.LBL.BMNY.GD.ZS,54.2238459865986
TTO,Trinidad and Tobago,2013,FM.LBL.BMNY.GD.ZS,51.930759773372
TTO,Trinidad and Tobago,2012,FM.LBL.BMNY.GD.ZS,53.0434368186726
TTO,Trinidad and Tobago,2011,FM.LBL.BMNY.GD.ZS,47.005790972751
TTO,Trinidad and Tobago,2010,FM.LBL.BMNY.GD.ZS,53.8147039113387
TTO,Trinidad and Tobago,2009,FM.LBL.BMNY.GD.ZS,62.0520208322147
TTO,Trinidad and Tobago,2008,FM.LBL.BMNY.GD.ZS,36.6162227398635
TTO,Trinidad and Tobago,2007,FM.LBL.BMNY.GD.ZS,40.2494458765703
TTO,Trinidad and Tobago,2006,FM.LBL.BMNY.GD.ZS,42.5953437685886
TTO,Trinidad and Tobago,2005,FM.LBL.BMNY.GD.ZS,40.9700541397144
TUN,Tunisia,2025,FM.LBL.BMNY.GD.ZS,85.2818249348569
TUN,Tunisia,2024,FM.LBL.BMNY.GD.ZS,83.2115540377289
TUN,Tunisia,2023,FM.LBL.BMNY.GD.ZS,80.4083159580535
TUN,Tunisia,2022,FM.LBL.BMNY.GD.ZS,79.2460863679528
TUN,Tunisia,2021,FM.LBL.BMNY.GD.ZS,76.9744508569641
TUN,Tunisia,2020,FM.LBL.BMNY.GD.ZS,77.9617029890554
TUN,Tunisia,2019,FM.LBL.BMNY.GD.ZS,68.6809915970897
TUN,Tunisia,2018,FM.LBL.BMNY.GD.ZS,67.3740579985927
TUN,Tunisia,2017,FM.LBL.BMNY.GD.ZS,69.665911392343
TUN,Tunisia,2016,FM.LBL.BMNY.GD.ZS,66.6125821333258
TUN,Tunisia,2015,FM.LBL.BMNY.GD.ZS,65.4210131890978
TUN,Tunisia,2014,FM.LBL.BMNY.GD.ZS,65.3029596183499
TUN,Tunisia,2013,FM.LBL.BMNY.GD.ZS,65.2741104776149
TUN,Tunisia,2012,FM.LBL.BMNY.GD.ZS,65.7638481241703
TUN,Tunisia,2011,FM.LBL.BMNY.GD.ZS,66.3781219898579
TUN,Tunisia,2010,FM.LBL.BMNY.GD.ZS,62.047134742382
TUN,Tunisia,2009,FM.LBL.BMNY.GD.ZS,62.5817426630804
TUN,Tunisia,2008,FM.LBL.BMNY.GD.ZS,58.8689381757723
TUN,Tunisia,2007,FM.LBL.BMNY.GD.ZS,57.5782977249506
TUN,Tunisia,2006,FM.LBL.BMNY.GD.ZS,55.3457485687972
TUN,Tunisia,2005,FM.LBL.BMNY.GD.ZS,54.113544833436
TUR,Turkiye,2025,FM.LBL.BMNY.GD.ZS,42.405460458804
TUR,Turkiye,2024,FM.LBL.BMNY.GD.ZS,43.4651622053406
TUR,Turkiye,2023,FM.LBL.BMNY.GD.ZS,52.2571521372537
TUR,Turkiye,2022,FM.LBL.BMNY.GD.ZS,54.3584694901504
TUR,Turkiye,2021,FM.LBL.BMNY.GD.ZS,69.89419042803
TUR,Turkiye,2020,FM.LBL.BMNY.GD.ZS,66.2557194643874
TUR,Turkiye,2019,FM.LBL.BMNY.GD.ZS,57.648063536615
TUR,Turkiye,2018,FM.LBL.BMNY.GD.ZS,52.4848065363097
TUR,Turkiye,2017,FM.LBL.BMNY.GD.ZS,53.5497317634405
TUR,Turkiye,2016,FM.LBL.BMNY.GD.ZS,55.1507347989139
TUR,Turkiye,2015,FM.LBL.BMNY.GD.ZS,52.3721303504702
TUR,Turkiye,2014,FM.LBL.BMNY.GD.ZS,51.3065670777795
TUR,Turkiye,2013,FM.LBL.BMNY.GD.ZS,51.9555839485783
TUR,Turkiye,2012,FM.LBL.BMNY.GD.ZS,49.4029495346267
TUR,Turkiye,2011,FM.LBL.BMNY.GD.ZS,50.3109063460313
TUR,Turkiye,2010,FM.LBL.BMNY.GD.ZS,52.5066224847327
TUR,Turkiye,2009,FM.LBL.BMNY.GD.ZS,51.3950065544163
TUR,Turkiye,2008,FM.LBL.BMNY.GD.ZS,45.8136833548705
TUR,Turkiye,2007,FM.LBL.BMNY.GD.ZS,41.4884884910048
TUR,Turkiye,2006,FM.LBL.BMNY.GD.ZS,40.2104267814276
TUR,Turkiye,2005,FM.LBL.BMNY.GD.ZS,38.5264224535963
UGA,Uganda,2025,FM.LBL.BMNY.GD.ZS,22.2968316033994
UGA,Uganda,2024,FM.LBL.BMNY.GD.ZS,20.7786118229538
UGA,Uganda,2023,FM.LBL.BMNY.GD.ZS,21.6816047396201
UGA,Uganda,2022,FM.LBL.BMNY.GD.ZS,22.0303983664876
UGA,Uganda,2021,FM.LBL.BMNY.GD.ZS,22.4880935076946
UGA,Uganda,2020,FM.LBL.BMNY.GD.ZS,22.731371239225
UGA,Uganda,2019,FM.LBL.BMNY.GD.ZS,20.5230556458778
UGA,Uganda,2018,FM.LBL.BMNY.GD.ZS,19.4171293137567
UGA,Uganda,2017,FM.LBL.BMNY.GD.ZS,19.9186068571647
UGA,Uganda,2016,FM.LBL.BMNY.GD.ZS,19.0748437204022
UGA,Uganda,2015,FM.LBL.BMNY.GD.ZS,18.8439221029839
UGA,Uganda,2014,FM.LBL.BMNY.GD.ZS,18.6599683055423
UGA,Uganda,2013,FM.LBL.BMNY.GD.ZS,17.9866884362961
UGA,Uganda,2012,FM.LBL.BMNY.GD.ZS,17.5610483784277
UGA,Uganda,2011,FM.LBL.BMNY.GD.ZS,16.3928799610343
UGA,Uganda,2010,FM.LBL.BMNY.GD.ZS,17.3447697728192
UGA,Uganda,2009,FM.LBL.BMNY.GD.ZS,14.0172749693774
UGA,Uganda,2008,FM.LBL.BMNY.GD.ZS,23.6176766205558
UGA,Uganda,2007,FM.LBL.BMNY.GD.ZS,20.8754529821104
UGA,Uganda,2006,FM.LBL.BMNY.GD.ZS,19.9141480378524
UGA,Uganda,2005,FM.LBL.BMNY.GD.ZS,19.3229389303276
UKR,Ukraine,2025,FM.LBL.BMNY.GD.ZS,45.0254637430274
UKR,Ukraine,2024,FM.LBL.BMNY.GD.ZS,45.5260457476306
UKR,Ukraine,2023,FM.LBL.BMNY.GD.ZS,46.4273287678757
UKR,Ukraine,2022,FM.LBL.BMNY.GD.ZS,47.7489401528741
UKR,Ukraine,2021,FM.LBL.BMNY.GD.ZS,38.0006497745364
UKR,Ukraine,2020,FM.LBL.BMNY.GD.ZS,43.817999983272
UKR,Ukraine,2019,FM.LBL.BMNY.GD.ZS,36.1639245488527
UKR,Ukraine,2018,FM.LBL.BMNY.GD.ZS,35.8855896368319
UKR,Ukraine,2017,FM.LBL.BMNY.GD.ZS,40.5490528877838
UKR,Ukraine,2016,FM.LBL.BMNY.GD.ZS,46.2276957642421
UKR,Ukraine,2015,FM.LBL.BMNY.GD.ZS,49.9894390459341
UKR,Ukraine,2014,FM.LBL.BMNY.GD.ZS,60.2885298737885
UKR,Ukraine,2013,FM.LBL.BMNY.GD.ZS,59.6979022372268
UKR,Ukraine,2012,FM.LBL.BMNY.GD.ZS,52.9916215827074
UKR,Ukraine,2011,FM.LBL.BMNY.GD.ZS,50.8097949022938
UKR,Ukraine,2010,FM.LBL.BMNY.GD.ZS,53.3535207200525
UKR,Ukraine,2009,FM.LBL.BMNY.GD.ZS,51.4547649146859
UKR,Ukraine,2008,FM.LBL.BMNY.GD.ZS,52.0505883486641
UKR,Ukraine,2007,FM.LBL.BMNY.GD.ZS,52.7430734756066
UKR,Ukraine,2006,FM.LBL.BMNY.GD.ZS,46.2044318038983
UKR,Ukraine,2005,FM.LBL.BMNY.GD.ZS,42.4360215156158
ARE,United Arab Emirates,2024,FM.LBL.BMNY.GD.ZS,114.139371079628
ARE,United Arab Emirates,2023,FM.LBL.BMNY.GD.ZS,105.395409030849
ARE,United Arab Emirates,2022,FM.LBL.BMNY.GD.ZS,90.7086252744787
ARE,United Arab Emirates,2021,FM.LBL.BMNY.GD.ZS,100.748309491021
ARE,United Arab Emirates,2020,FM.LBL.BMNY.GD.ZS,112.726488653613
ARE,United Arab Emirates,2019,FM.LBL.BMNY.GD.ZS,88.6779170975658
ARE,United Arab Emirates,2018,FM.LBL.BMNY.GD.ZS,80.869412109778
ARE,United Arab Emirates,2017,FM.LBL.BMNY.GD.ZS,86.1465530200337
ARE,United Arab Emirates,2016,FM.LBL.BMNY.GD.ZS,87.4165825731268
ARE,United Arab Emirates,2015,FM.LBL.BMNY.GD.ZS,84.6036567114732
ARE,United Arab Emirates,2014,FM.LBL.BMNY.GD.ZS,72.1161536813021
ARE,United Arab Emirates,2013,FM.LBL.BMNY.GD.ZS,69.3247071269706
ARE,United Arab Emirates,2012,FM.LBL.BMNY.GD.ZS,58.9002267144185
ARE,United Arab Emirates,2011,FM.LBL.BMNY.GD.ZS,60.0250710676227
ARE,United Arab Emirates,2010,FM.LBL.BMNY.GD.ZS,68.473650508011
ARE,United Arab Emirates,2009,FM.LBL.BMNY.GD.ZS,78.1994209490777
ARE,United Arab Emirates,2008,FM.LBL.BMNY.GD.ZS,58.1507270923991
ARE,United Arab Emirates,2007,FM.LBL.BMNY.GD.ZS,58.6521037282078
ARE,United Arab Emirates,2006,FM.LBL.BMNY.GD.ZS,48.1623070265079
ARE,United Arab Emirates,2005,FM.LBL.BMNY.GD.ZS,48.0353567389483
GBR,United Kingdom,2024,FM.LBL.BMNY.GD.ZS,141.905739831033
GBR,United Kingdom,2023,FM.LBL.BMNY.GD.ZS,145.360559908494
GBR,United Kingdom,2022,FM.LBL.BMNY.GD.ZS,159.190979752021
GBR,United Kingdom,2021,FM.LBL.BMNY.GD.ZS,162.874808623935
GBR,United Kingdom,2020,FM.LBL.BMNY.GD.ZS,162.255779585075
GBR,United Kingdom,2019,FM.LBL.BMNY.GD.ZS,139.481331456692
GBR,United Kingdom,2018,FM.LBL.BMNY.GD.ZS,146.711233726553
GBR,United Kingdom,2017,FM.LBL.BMNY.GD.ZS,144.265652372519
GBR,United Kingdom,2016,FM.LBL.BMNY.GD.ZS,139.358126055304
GBR,United Kingdom,2015,FM.LBL.BMNY.GD.ZS,133.286497622426
GBR,United Kingdom,2014,FM.LBL.BMNY.GD.ZS,134.397088665789
GBR,United Kingdom,2013,FM.LBL.BMNY.GD.ZS,144.519765569044
GBR,United Kingdom,2012,FM.LBL.BMNY.GD.ZS,147.082166986044
GBR,United Kingdom,2011,FM.LBL.BMNY.GD.ZS,150.482621483146
GBR,United Kingdom,2010,FM.LBL.BMNY.GD.ZS,162.71011110175
GBR,United Kingdom,2009,FM.LBL.BMNY.GD.ZS,162.129475382348
GBR,United Kingdom,2008,FM.LBL.BMNY.GD.ZS,157.900147108663
GBR,United Kingdom,2007,FM.LBL.BMNY.GD.ZS,138.398070797156
GBR,United Kingdom,2006,FM.LBL.BMNY.GD.ZS,125.457350075774
GBR,United Kingdom,2005,FM.LBL.BMNY.GD.ZS,115.819929321168
USA,United States,2025,FM.LBL.BMNY.GD.ZS,99.7158460103202
USA,United States,2024,FM.LBL.BMNY.GD.ZS,98.7562585226237
USA,United States,2023,FM.LBL.BMNY.GD.ZS,98.8152626539929
USA,United States,2022,FM.LBL.BMNY.GD.ZS,103.593363094519
USA,United States,2021,FM.LBL.BMNY.GD.ZS,114.755152590099
USA,United States,2020,FM.LBL.BMNY.GD.ZS,111.204684153729
USA,United States,2019,FM.LBL.BMNY.GD.ZS,92.3005594054721
USA,United States,2018,FM.LBL.BMNY.GD.ZS,88.7964841162556
USA,United States,2017,FM.LBL.BMNY.GD.ZS,89.9017920480885
USA,United States,2016,FM.LBL.BMNY.GD.ZS,89.4647151888467
USA,United States,2015,FM.LBL.BMNY.GD.ZS,88.549501953734
USA,United States,2014,FM.LBL.BMNY.GD.ZS,89.2001588850565
USA,United States,2013,FM.LBL.BMNY.GD.ZS,88.4631681340767
USA,United States,2012,FM.LBL.BMNY.GD.ZS,87.9168524173424
USA,United States,2011,FM.LBL.BMNY.GD.ZS,87.3236637727481
USA,United States,2010,FM.LBL.BMNY.GD.ZS,84.8487824908965
USA,United States,2009,FM.LBL.BMNY.GD.ZS,90.6906840737303
USA,United States,2008,FM.LBL.BMNY.GD.ZS,84.2543810723865
USA,United States,2007,FM.LBL.BMNY.GD.ZS,79.4778659454736
USA,United States,2006,FM.LBL.BMNY.GD.ZS,74.5361185496312
USA,United States,2005,FM.LBL.BMNY.GD.ZS,72.4515020115068
URY,Uruguay,2025,FM.LBL.BMNY.GD.ZS,51.4712892281113
URY,Uruguay,2024,FM.LBL.BMNY.GD.ZS,54.2191443548738
URY,Uruguay,2023,FM.LBL.BMNY.GD.ZS,50.3379203456629
URY,Uruguay,2022,FM.LBL.BMNY.GD.ZS,52.0804450305836
URY,Uruguay,2021,FM.LBL.BMNY.GD.ZS,58.7506418166004
URY,Uruguay,2020,FM.LBL.BMNY.GD.ZS,59.1269014734157
URY,Uruguay,2019,FM.LBL.BMNY.GD.ZS,48.7833858466473
URY,Uruguay,2018,FM.LBL.BMNY.GD.ZS,45.9760388636594
URY,Uruguay,2017,FM.LBL.BMNY.GD.ZS,44.2751877696741
URY,Uruguay,2016,FM.LBL.BMNY.GD.ZS,46.7119318269101
URY,Uruguay,2015,FM.LBL.BMNY.GD.ZS,49.4299106783621
URY,Uruguay,2014,FM.LBL.BMNY.GD.ZS,44.0185948416883
URY,Uruguay,2013,FM.LBL.BMNY.GD.ZS,41.9729294398281
URY,Uruguay,2012,FM.LBL.BMNY.GD.ZS,40.1644994630431
URY,Uruguay,2011,FM.LBL.BMNY.GD.ZS,41.3809099906607
URY,Uruguay,2010,FM.LBL.BMNY.GD.ZS,40.5239203286405
URY,Uruguay,2009,FM.LBL.BMNY.GD.ZS,37.819784182276
URY,Uruguay,2008,FM.LBL.BMNY.GD.ZS,43.9874495938505
URY,Uruguay,2007,FM.LBL.BMNY.GD.ZS,39.9337858279257
URY,Uruguay,2006,FM.LBL.BMNY.GD.ZS,45.2097772208777
URY,Uruguay,2005,FM.LBL.BMNY.GD.ZS,45.2847553505243
UZB,Uzbekistan,2025,FM.LBL.BMNY.GD.ZS,20.4676413235026
UZB,Uzbekistan,2024,FM.LBL.BMNY.GD.ZS,18.0447332150793
UZB,Uzbekistan,2023,FM.LBL.BMNY.GD.ZS,16.808140869538
UZB,Uzbekistan,2022,FM.LBL.BMNY.GD.ZS,18.1484870013626
UZB,Uzbekistan,2021,FM.LBL.BMNY.GD.ZS,16.8671051210193
UZB,Uzbekistan,2020,FM.LBL.BMNY.GD.ZS,15.8865135233588
UZB,Uzbekistan,2019,FM.LBL.BMNY.GD.ZS,15.3474410338105
UZB,Uzbekistan,2018,FM.LBL.BMNY.GD.ZS,16.8882474186944
UZB,Uzbekistan,2017,FM.LBL.BMNY.GD.ZS,19.81079200408
UZB,Uzbekistan,2016,FM.LBL.BMNY.GD.ZS,17.9955408083311
UZB,Uzbekistan,2015,FM.LBL.BMNY.GD.ZS,16.878814186501
UZB,Uzbekistan,2014,FM.LBL.BMNY.GD.ZS,16.1252961233432
UZB,Uzbekistan,2013,FM.LBL.BMNY.GD.ZS,16.9727965043018
VUT,Vanuatu,2024,FM.LBL.BMNY.GD.ZS,82.9309982091019
VUT,Vanuatu,2023,FM.LBL.BMNY.GD.ZS,82.7210753183251
VUT,Vanuatu,2022,FM.LBL.BMNY.GD.ZS,83.1617126655729
VUT,Vanuatu,2021,FM.LBL.BMNY.GD.ZS,86.0000967892284
VUT,Vanuatu,2020,FM.LBL.BMNY.GD.ZS,80.5625554375234
VUT,Vanuatu,2019,FM.LBL.BMNY.GD.ZS,78.0846749248731
VUT,Vanuatu,2018,FM.LBL.BMNY.GD.ZS,78.0619749208021
VUT,Vanuatu,2017,FM.LBL.BMNY.GD.ZS,73.0619528389512
VUT,Vanuatu,2016,FM.LBL.BMNY.GD.ZS,73.010233928825
VUT,Vanuatu,2015,FM.LBL.BMNY.GD.ZS,69.7887005921158
VUT,Vanuatu,2014,FM.LBL.BMNY.GD.ZS,68.4186472827615
VUT,Vanuatu,2013,FM.LBL.BMNY.GD.ZS,65.8787898276221
VUT,Vanuatu,2012,FM.LBL.BMNY.GD.ZS,82.1765848263518
VUT,Vanuatu,2011,FM.LBL.BMNY.GD.ZS,83.1400341121834
VUT,Vanuatu,2010,FM.LBL.BMNY.GD.ZS,86.9888645378177
VUT,Vanuatu,2009,FM.LBL.BMNY.GD.ZS,95.0814647975718
VUT,Vanuatu,2008,FM.LBL.BMNY.GD.ZS,100.016065015118
VUT,Vanuatu,2007,FM.LBL.BMNY.GD.ZS,99.8533044727589
VUT,Vanuatu,2006,FM.LBL.BMNY.GD.ZS,93.7071115591121
VUT,Vanuatu,2005,FM.LBL.BMNY.GD.ZS,98.6343955687401
VEN,"Venezuela, RB",2013,FM.LBL.BMNY.GD.ZS,48.6096787197016
VEN,"Venezuela, RB",2012,FM.LBL.BMNY.GD.ZS,43.1450051289048
VEN,"Venezuela, RB",2011,FM.LBL.BMNY.GD.ZS,35.9416209632808
VEN,"Venezuela, RB",2010,FM.LBL.BMNY.GD.ZS,32.1588748715106
VEN,"Venezuela, RB",2009,FM.LBL.BMNY.GD.ZS,37.423228482187
VEN,"Venezuela, RB",2008,FM.LBL.BMNY.GD.ZS,31.6722097636557
VEN,"Venezuela, RB",2007,FM.LBL.BMNY.GD.ZS,33.6885323434814
VEN,"Venezuela, RB",2006,FM.LBL.BMNY.GD.ZS,31.5903329449224
VEN,"Venezuela, RB",2005,FM.LBL.BMNY.GD.ZS,23.6912663876934
VNM,Viet Nam,2022,FM.LBL.BMNY.GD.ZS,136.255601802475
VNM,Viet Nam,2021,FM.LBL.BMNY.GD.ZS,146.157951321812
VNM,Viet Nam,2020,FM.LBL.BMNY.GD.ZS,140.60368022862
VNM,Viet Nam,2019,FM.LBL.BMNY.GD.ZS,129.147672762315
VNM,Viet Nam,2018,FM.LBL.BMNY.GD.ZS,124.986986384995
VNM,Viet Nam,2017,FM.LBL.BMNY.GD.ZS,123.505308979579
VNM,Viet Nam,2016,FM.LBL.BMNY.GD.ZS,120.640293793796
VNM,Viet Nam,2015,FM.LBL.BMNY.GD.ZS,111.174659759175
VNM,Viet Nam,2014,FM.LBL.BMNY.GD.ZS,101.733990237778
VNM,Viet Nam,2013,FM.LBL.BMNY.GD.ZS,93.7627042859535
VNM,Viet Nam,2012,FM.LBL.BMNY.GD.ZS,84.8164706968756
VNM,Viet Nam,2011,FM.LBL.BMNY.GD.ZS,78.372150336306
VNM,Viet Nam,2010,FM.LBL.BMNY.GD.ZS,90.4544561577953
VNM,Viet Nam,2009,FM.LBL.BMNY.GD.ZS,105.606938068672
VNM,Viet Nam,2008,FM.LBL.BMNY.GD.ZS,93.6571699337952
VNM,Viet Nam,2007,FM.LBL.BMNY.GD.ZS,100.579772836829
VNM,Viet Nam,2006,FM.LBL.BMNY.GD.ZS,79.2236673213605
VNM,Viet Nam,2005,FM.LBL.BMNY.GD.ZS,70.9598496062915
PSE,West Bank and Gaza,2024,FM.LBL.BMNY.GD.ZS,110.364621784254
PSE,West Bank and Gaza,2023,FM.LBL.BMNY.GD.ZS,88.5732959488278
PSE,West Bank and Gaza,2022,FM.LBL.BMNY.GD.ZS,80.6418810160966
PSE,West Bank and Gaza,2021,FM.LBL.BMNY.GD.ZS,85.4532888530013
PSE,West Bank and Gaza,2020,FM.LBL.BMNY.GD.ZS,92.0336547990883
PSE,West Bank and Gaza,2019,FM.LBL.BMNY.GD.ZS,73.2571192275951
PSE,West Bank and Gaza,2018,FM.LBL.BMNY.GD.ZS,70.11212529183
PSE,West Bank and Gaza,2017,FM.LBL.BMNY.GD.ZS,68.1528171690848
PSE,West Bank and Gaza,2016,FM.LBL.BMNY.GD.ZS,63.3352158138705
PSE,West Bank and Gaza,2015,FM.LBL.BMNY.GD.ZS,63.4642279636999
PSE,West Bank and Gaza,2014,FM.LBL.BMNY.GD.ZS,57.4389810596367
PSE,West Bank and Gaza,2013,FM.LBL.BMNY.GD.ZS,55.4712100503866
PSE,West Bank and Gaza,2012,FM.LBL.BMNY.GD.ZS,55.458442676354
PSE,West Bank and Gaza,2011,FM.LBL.BMNY.GD.ZS,56.6924324955972
PSE,West Bank and Gaza,2010,FM.LBL.BMNY.GD.ZS,63.0056743570728
PSE,West Bank and Gaza,2009,FM.LBL.BMNY.GD.ZS,68.8526341380462
PSE,West Bank and Gaza,2008,FM.LBL.BMNY.GD.ZS,71.8255371799081
PSE,West Bank and Gaza,2007,FM.LBL.BMNY.GD.ZS,79.7869564191757
PSE,West Bank and Gaza,2006,FM.LBL.BMNY.GD.ZS,72.0527857500514
PSE,West Bank and Gaza,2005,FM.LBL.BMNY.GD.ZS,70.8578340519344
YEM,"Yemen, Rep.",2013,FM.LBL.BMNY.GD.ZS,34.7409366655838
YEM,"Yemen, Rep.",2012,FM.LBL.BMNY.GD.ZS,34.9687113200826
YEM,"Yemen, Rep.",2011,FM.LBL.BMNY.GD.ZS,31.0764955080311
YEM,"Yemen, Rep.",2010,FM.LBL.BMNY.GD.ZS,31.909760083714
YEM,"Yemen, Rep.",2009,FM.LBL.BMNY.GD.ZS,38.0089240195966
YEM,"Yemen, Rep.",2008,FM.LBL.BMNY.GD.ZS,31.949362486555
YEM,"Yemen, Rep.",2007,FM.LBL.BMNY.GD.ZS,35.2069791411138
YEM,"Yemen, Rep.",2006,FM.LBL.BMNY.GD.ZS,34.4819866888826
YEM,"Yemen, Rep.",2005,FM.LBL.BMNY.GD.ZS,32.0461206027363
ZMB,Zambia,2025,FM.LBL.BMNY.GD.ZS,30.7509957072337
ZMB,Zambia,2024,FM.LBL.BMNY.GD.ZS,31.0025100607176
ZMB,Zambia,2023,FM.LBL.BMNY.GD.ZS,29.9485428239886
ZMB,Zambia,2022,FM.LBL.BMNY.GD.ZS,27.1271206443926
ZMB,Zambia,2021,FM.LBL.BMNY.GD.ZS,24.3311828486537
ZMB,Zambia,2020,FM.LBL.BMNY.GD.ZS,31.2059620192927
ZMB,Zambia,2019,FM.LBL.BMNY.GD.ZS,23.5980964890188
ZMB,Zambia,2018,FM.LBL.BMNY.GD.ZS,22.8934937900932
ZMB,Zambia,2017,FM.LBL.BMNY.GD.ZS,21.9632481696508
ZMB,Zambia,2016,FM.LBL.BMNY.GD.ZS,20.6235684850474
ZMB,Zambia,2015,FM.LBL.BMNY.GD.ZS,25.7726453305593
ZMB,Zambia,2014,FM.LBL.BMNY.GD.ZS,20.9269794142477
ZMB,Zambia,2013,FM.LBL.BMNY.GD.ZS,20.5127924174127
ZMB,Zambia,2012,FM.LBL.BMNY.GD.ZS,19.57691458578
ZMB,Zambia,2011,FM.LBL.BMNY.GD.ZS,19.1220235564735
ZMB,Zambia,2010,FM.LBL.BMNY.GD.ZS,18.4296329419961
ZMB,Zambia,2009,FM.LBL.BMNY.GD.ZS,17.8373653191483
ZMB,Zambia,2008,FM.LBL.BMNY.GD.ZS,19.101743578019
ZMB,Zambia,2007,FM.LBL.BMNY.GD.ZS,18.483666323897
ZMB,Zambia,2006,FM.LBL.BMNY.GD.ZS,18.0615885624267
ZMB,Zambia,2005,FM.LBL.BMNY.GD.ZS,15.4971016315143
ZWE,Zimbabwe,2023,FM.LBL.BMNY.GD.ZS,11.2046130179352
ZWE,Zimbabwe,2022,FM.LBL.BMNY.GD.ZS,12.673109962064
ZWE,Zimbabwe,2021,FM.LBL.BMNY.GD.ZS,10.239997334924
ZWE,Zimbabwe,2020,FM.LBL.BMNY.GD.ZS,10.0024603123836
ZWE,Zimbabwe,2019,FM.LBL.BMNY.GD.ZS,10.8019715034598
ZWE,Zimbabwe,2018,FM.LBL.BMNY.GD.ZS,14.3792676598691
ZWE,Zimbabwe,2017,FM.LBL.BMNY.GD.ZS,12.2112420364409
ZWE,Zimbabwe,2016,FM.LBL.BMNY.GD.ZS,27.4385486588705
ZWE,Zimbabwe,2015,FM.LBL.BMNY.GD.ZS,23.7245173359041
ZWE,Zimbabwe,2014,FM.LBL.BMNY.GD.ZS,22.4519553497211
ZWE,Zimbabwe,2013,FM.LBL.BMNY.GD.ZS,20.3655015757228
ZWE,Zimbabwe,2012,FM.LBL.BMNY.GD.ZS,21.7281860099589
ZWE,Zimbabwe,2011,FM.LBL.BMNY.GD.ZS,20.6861113773816
ZWE,Zimbabwe,2010,FM.LBL.BMNY.GD.ZS,18.4654183061145
ZWE,Zimbabwe,2009,FM.LBL.BMNY.GD.ZS,14.2817761831645
ZWE,Zimbabwe,2005,FM.LBL.BMNY.GD.ZS,45.3999505935368
