country_code,country_name,year,indicator_code,value
AFE,Africa Eastern and Southern,2024,FS.AST.PRVT.GD.ZS,50.6779107676432
AFE,Africa Eastern and Southern,2023,FS.AST.PRVT.GD.ZS,45.5239031126802
AFE,Africa Eastern and Southern,2022,FS.AST.PRVT.GD.ZS,44.3322595178806
AFE,Africa Eastern and Southern,2021,FS.AST.PRVT.GD.ZS,49.4891673351348
AFE,Africa Eastern and Southern,2020,FS.AST.PRVT.GD.ZS,55.669133369572
AFE,Africa Eastern and Southern,2019,FS.AST.PRVT.GD.ZS,60.3896221577994
AFE,Africa Eastern and Southern,2018,FS.AST.PRVT.GD.ZS,61.8806581397901
AFE,Africa Eastern and Southern,2017,FS.AST.PRVT.GD.ZS,65.6577763714266
AFE,Africa Eastern and Southern,2016,FS.AST.PRVT.GD.ZS,65.9699902623343
AFE,Africa Eastern and Southern,2015,FS.AST.PRVT.GD.ZS,65.8045197360371
AFE,Africa Eastern and Southern,2014,FS.AST.PRVT.GD.ZS,73.9962043255603
AFE,Africa Eastern and Southern,2013,FS.AST.PRVT.GD.ZS,75.4741644532939
AFE,Africa Eastern and Southern,2012,FS.AST.PRVT.GD.ZS,79.2820756623366
AFE,Africa Eastern and Southern,2011,FS.AST.PRVT.GD.ZS,76.3954545157975
AFE,Africa Eastern and Southern,2010,FS.AST.PRVT.GD.ZS,84.6197279722071
AFE,Africa Eastern and Southern,2009,FS.AST.PRVT.GD.ZS,79.6051048821993
AFE,Africa Eastern and Southern,2008,FS.AST.PRVT.GD.ZS,78.1540625762645
AFE,Africa Eastern and Southern,2007,FS.AST.PRVT.GD.ZS,93.3592481495273
AFE,Africa Eastern and Southern,2006,FS.AST.PRVT.GD.ZS,94.3941900068467
AFE,Africa Eastern and Southern,2005,FS.AST.PRVT.GD.ZS,85.31112801404
AFW,Africa Western and Central,2022,FS.AST.PRVT.GD.ZS,12.581429539355
AFW,Africa Western and Central,2021,FS.AST.PRVT.GD.ZS,12.6487514010984
AFW,Africa Western and Central,2020,FS.AST.PRVT.GD.ZS,11.7343035725063
AFW,Africa Western and Central,2019,FS.AST.PRVT.GD.ZS,11.0788598480847
AFW,Africa Western and Central,2018,FS.AST.PRVT.GD.ZS,13.2934455331616
AFW,Africa Western and Central,2017,FS.AST.PRVT.GD.ZS,14.9291314044794
AFW,Africa Western and Central,2016,FS.AST.PRVT.GD.ZS,15.8606673213416
AFW,Africa Western and Central,2015,FS.AST.PRVT.GD.ZS,14.4415885159469
AFW,Africa Western and Central,2014,FS.AST.PRVT.GD.ZS,13.9759404415839
AFW,Africa Western and Central,2013,FS.AST.PRVT.GD.ZS,12.5774935988022
AFW,Africa Western and Central,2012,FS.AST.PRVT.GD.ZS,11.6122299734627
AFW,Africa Western and Central,2011,FS.AST.PRVT.GD.ZS,11.8575114366347
AFW,Africa Western and Central,2010,FS.AST.PRVT.GD.ZS,13.012713803504
AFW,Africa Western and Central,2009,FS.AST.PRVT.GD.ZS,16.3629930498085
AFW,Africa Western and Central,2008,FS.AST.PRVT.GD.ZS,15.2125494475029
AFW,Africa Western and Central,2007,FS.AST.PRVT.GD.ZS,12.3284324576682
AFW,Africa Western and Central,2006,FS.AST.PRVT.GD.ZS,8.50044255887853
AFW,Africa Western and Central,2005,FS.AST.PRVT.GD.ZS,8.67513975958374
ARB,Arab World,2017,FS.AST.PRVT.GD.ZS,53.305350222913
ARB,Arab World,2016,FS.AST.PRVT.GD.ZS,55.3690829226553
ARB,Arab World,2015,FS.AST.PRVT.GD.ZS,47.3765648733131
ARB,Arab World,2014,FS.AST.PRVT.GD.ZS,39.0413658178598
ARB,Arab World,2013,FS.AST.PRVT.GD.ZS,35.9415948568226
ARB,Arab World,2012,FS.AST.PRVT.GD.ZS,34.0279514740478
ARB,Arab World,2011,FS.AST.PRVT.GD.ZS,34.5051404027958
ARB,Arab World,2010,FS.AST.PRVT.GD.ZS,37.0223548049196
ARB,Arab World,2009,FS.AST.PRVT.GD.ZS,37.7885491601369
ARB,Arab World,2008,FS.AST.PRVT.GD.ZS,32.2958854456081
ARB,Arab World,2007,FS.AST.PRVT.GD.ZS,32.7844505419627
ARB,Arab World,2006,FS.AST.PRVT.GD.ZS,30.9298657561855
ARB,Arab World,2005,FS.AST.PRVT.GD.ZS,31.7948381980254
CSS,Caribbean small states,2025,FS.AST.PRVT.GD.ZS,34.3653410716962
CSS,Caribbean small states,2024,FS.AST.PRVT.GD.ZS,33.5445530325227
CSS,Caribbean small states,2023,FS.AST.PRVT.GD.ZS,38.8219511929479
CSS,Caribbean small states,2022,FS.AST.PRVT.GD.ZS,36.4209578235568
CSS,Caribbean small states,2021,FS.AST.PRVT.GD.ZS,43.3792030784827
CSS,Caribbean small states,2020,FS.AST.PRVT.GD.ZS,50.1754374175039
CSS,Caribbean small states,2019,FS.AST.PRVT.GD.ZS,43.8813297738414
CSS,Caribbean small states,2018,FS.AST.PRVT.GD.ZS,42.9264646483456
CSS,Caribbean small states,2017,FS.AST.PRVT.GD.ZS,42.786916902025
CSS,Caribbean small states,2016,FS.AST.PRVT.GD.ZS,45.1531013591098
CSS,Caribbean small states,2015,FS.AST.PRVT.GD.ZS,43.3104812272032
CSS,Caribbean small states,2014,FS.AST.PRVT.GD.ZS,41.1904265259106
CSS,Caribbean small states,2013,FS.AST.PRVT.GD.ZS,41.5251565210636
CSS,Caribbean small states,2012,FS.AST.PRVT.GD.ZS,42.0663980777005
CSS,Caribbean small states,2011,FS.AST.PRVT.GD.ZS,40.528421222807
CSS,Caribbean small states,2010,FS.AST.PRVT.GD.ZS,42.5577712878868
CSS,Caribbean small states,2009,FS.AST.PRVT.GD.ZS,49.3400822879548
CSS,Caribbean small states,2008,FS.AST.PRVT.GD.ZS,41.4070400526303
CSS,Caribbean small states,2007,FS.AST.PRVT.GD.ZS,44.0900689619018
CSS,Caribbean small states,2006,FS.AST.PRVT.GD.ZS,43.8482529110468
CSS,Caribbean small states,2005,FS.AST.PRVT.GD.ZS,44.3467229410636
CEB,Central Europe and the Baltics,2024,FS.AST.PRVT.GD.ZS,36.959552092698
CEB,Central Europe and the Baltics,2023,FS.AST.PRVT.GD.ZS,37.5850845236719
CEB,Central Europe and the Baltics,2022,FS.AST.PRVT.GD.ZS,40.7359698336697
CEB,Central Europe and the Baltics,2021,FS.AST.PRVT.GD.ZS,44.2661495895077
CEB,Central Europe and the Baltics,2020,FS.AST.PRVT.GD.ZS,45.9179183818848
CEB,Central Europe and the Baltics,2019,FS.AST.PRVT.GD.ZS,44.7509511527692
CEB,Central Europe and the Baltics,2018,FS.AST.PRVT.GD.ZS,45.8614552848946
CEB,Central Europe and the Baltics,2017,FS.AST.PRVT.GD.ZS,46.3322344239181
CEB,Central Europe and the Baltics,2016,FS.AST.PRVT.GD.ZS,47.8822178115779
CEB,Central Europe and the Baltics,2015,FS.AST.PRVT.GD.ZS,47.8463114741077
CEB,Central Europe and the Baltics,2014,FS.AST.PRVT.GD.ZS,48.7902828019317
CEB,Central Europe and the Baltics,2013,FS.AST.PRVT.GD.ZS,50.2581623381478
CEB,Central Europe and the Baltics,2012,FS.AST.PRVT.GD.ZS,50.9771076966541
CEB,Central Europe and the Baltics,2011,FS.AST.PRVT.GD.ZS,51.9653173097988
CEB,Central Europe and the Baltics,2010,FS.AST.PRVT.GD.ZS,51.8652604306019
CEB,Central Europe and the Baltics,2009,FS.AST.PRVT.GD.ZS,49.9121246818794
CEB,Central Europe and the Baltics,2008,FS.AST.PRVT.GD.ZS,48.3993881812112
CEB,Central Europe and the Baltics,2007,FS.AST.PRVT.GD.ZS,42.1241169157004
CEB,Central Europe and the Baltics,2006,FS.AST.PRVT.GD.ZS,35.7604951888487
CEB,Central Europe and the Baltics,2005,FS.AST.PRVT.GD.ZS,31.3078731228554
EAR,Early-demographic dividend,2025,FS.AST.PRVT.GD.ZS,40.1910027960555
EAR,Early-demographic dividend,2024,FS.AST.PRVT.GD.ZS,40.1400830824835
EAR,Early-demographic dividend,2023,FS.AST.PRVT.GD.ZS,40.1524921800479
EAR,Early-demographic dividend,2022,FS.AST.PRVT.GD.ZS,40.0472108675977
EAR,Early-demographic dividend,2021,FS.AST.PRVT.GD.ZS,41.8838014368774
EAR,Early-demographic dividend,2020,FS.AST.PRVT.GD.ZS,44.8161115436836
EAR,Early-demographic dividend,2019,FS.AST.PRVT.GD.ZS,42.2668029117298
EAR,Early-demographic dividend,2018,FS.AST.PRVT.GD.ZS,43.8086137254414
EAR,Early-demographic dividend,2017,FS.AST.PRVT.GD.ZS,42.885783359021
EAR,Early-demographic dividend,2016,FS.AST.PRVT.GD.ZS,43.5018234438356
EAR,Early-demographic dividend,2015,FS.AST.PRVT.GD.ZS,45.614212486865
EAR,Early-demographic dividend,2014,FS.AST.PRVT.GD.ZS,43.6319598771206
EAR,Early-demographic dividend,2013,FS.AST.PRVT.GD.ZS,42.0523620616785
EAR,Early-demographic dividend,2012,FS.AST.PRVT.GD.ZS,40.7147991443245
EAR,Early-demographic dividend,2011,FS.AST.PRVT.GD.ZS,39.8206907042302
EAR,Early-demographic dividend,2010,FS.AST.PRVT.GD.ZS,39.4696631366248
EAR,Early-demographic dividend,2009,FS.AST.PRVT.GD.ZS,38.2926830941509
EAR,Early-demographic dividend,2008,FS.AST.PRVT.GD.ZS,36.9443970865998
EAR,Early-demographic dividend,2007,FS.AST.PRVT.GD.ZS,39.0494487595988
EAR,Early-demographic dividend,2006,FS.AST.PRVT.GD.ZS,37.3166703919084
EAR,Early-demographic dividend,2005,FS.AST.PRVT.GD.ZS,34.9314308075306
EAS,East Asia & Pacific,2024,FS.AST.PRVT.GD.ZS,175.369046333667
EAS,East Asia & Pacific,2023,FS.AST.PRVT.GD.ZS,172.855368328695
EAS,East Asia & Pacific,2022,FS.AST.PRVT.GD.ZS,168.646107771494
EAS,East Asia & Pacific,2021,FS.AST.PRVT.GD.ZS,165.770479063642
EAS,East Asia & Pacific,2020,FS.AST.PRVT.GD.ZS,168.289138886855
EAS,East Asia & Pacific,2019,FS.AST.PRVT.GD.ZS,152.662380116418
EAS,East Asia & Pacific,2018,FS.AST.PRVT.GD.ZS,146.738413097194
EAS,East Asia & Pacific,2017,FS.AST.PRVT.GD.ZS,144.911108947653
EAS,East Asia & Pacific,2016,FS.AST.PRVT.GD.ZS,144.620405942988
EAS,East Asia & Pacific,2015,FS.AST.PRVT.GD.ZS,141.780204544616
EAS,East Asia & Pacific,2014,FS.AST.PRVT.GD.ZS,135.424977175606
EAS,East Asia & Pacific,2013,FS.AST.PRVT.GD.ZS,132.114959457664
EAS,East Asia & Pacific,2012,FS.AST.PRVT.GD.ZS,129.749593131258
EAS,East Asia & Pacific,2011,FS.AST.PRVT.GD.ZS,127.751907405948
EAS,East Asia & Pacific,2010,FS.AST.PRVT.GD.ZS,129.482489741457
EAS,East Asia & Pacific,2009,FS.AST.PRVT.GD.ZS,133.561159605013
EAS,East Asia & Pacific,2008,FS.AST.PRVT.GD.ZS,126.798080740446
EAS,East Asia & Pacific,2007,FS.AST.PRVT.GD.ZS,129.088906811051
EAS,East Asia & Pacific,2006,FS.AST.PRVT.GD.ZS,135.060645366703
EAS,East Asia & Pacific,2005,FS.AST.PRVT.GD.ZS,138.552576097189
EAP,East Asia & Pacific (excluding high income),2024,FS.AST.PRVT.GD.ZS,177.715552190024
EAP,East Asia & Pacific (excluding high income),2023,FS.AST.PRVT.GD.ZS,173.8654065448
EAP,East Asia & Pacific (excluding high income),2022,FS.AST.PRVT.GD.ZS,166.774196886689
EAP,East Asia & Pacific (excluding high income),2021,FS.AST.PRVT.GD.ZS,161.240005501591
EAP,East Asia & Pacific (excluding high income),2020,FS.AST.PRVT.GD.ZS,164.315921082298
EAP,East Asia & Pacific (excluding high income),2019,FS.AST.PRVT.GD.ZS,148.206369279385
EAP,East Asia & Pacific (excluding high income),2018,FS.AST.PRVT.GD.ZS,142.607429997821
EAP,East Asia & Pacific (excluding high income),2017,FS.AST.PRVT.GD.ZS,139.203182964412
EAP,East Asia & Pacific (excluding high income),2016,FS.AST.PRVT.GD.ZS,139.945222608886
EAP,East Asia & Pacific (excluding high income),2015,FS.AST.PRVT.GD.ZS,137.352922231185
EAP,East Asia & Pacific (excluding high income),2014,FS.AST.PRVT.GD.ZS,126.036678120542
EAP,East Asia & Pacific (excluding high income),2013,FS.AST.PRVT.GD.ZS,120.355002209005
EAP,East Asia & Pacific (excluding high income),2012,FS.AST.PRVT.GD.ZS,114.553116827469
EAP,East Asia & Pacific (excluding high income),2011,FS.AST.PRVT.GD.ZS,108.703210835975
EAP,East Asia & Pacific (excluding high income),2010,FS.AST.PRVT.GD.ZS,109.866865792713
EAP,East Asia & Pacific (excluding high income),2009,FS.AST.PRVT.GD.ZS,109.551507946828
EAP,East Asia & Pacific (excluding high income),2008,FS.AST.PRVT.GD.ZS,96.9070232624438
EAP,East Asia & Pacific (excluding high income),2007,FS.AST.PRVT.GD.ZS,100.242729859988
EAP,East Asia & Pacific (excluding high income),2006,FS.AST.PRVT.GD.ZS,102.321855847317
EAP,East Asia & Pacific (excluding high income),2005,FS.AST.PRVT.GD.ZS,104.657866295583
TEA,East Asia & Pacific (IDA & IBRD countries),2024,FS.AST.PRVT.GD.ZS,177.715552190024
TEA,East Asia & Pacific (IDA & IBRD countries),2023,FS.AST.PRVT.GD.ZS,173.8654065448
TEA,East Asia & Pacific (IDA & IBRD countries),2022,FS.AST.PRVT.GD.ZS,166.774196886689
TEA,East Asia & Pacific (IDA & IBRD countries),2021,FS.AST.PRVT.GD.ZS,161.240005501591
TEA,East Asia & Pacific (IDA & IBRD countries),2020,FS.AST.PRVT.GD.ZS,164.315921082298
TEA,East Asia & Pacific (IDA & IBRD countries),2019,FS.AST.PRVT.GD.ZS,148.206369279385
TEA,East Asia & Pacific (IDA & IBRD countries),2018,FS.AST.PRVT.GD.ZS,142.607429997821
TEA,East Asia & Pacific (IDA & IBRD countries),2017,FS.AST.PRVT.GD.ZS,139.203182964412
TEA,East Asia & Pacific (IDA & IBRD countries),2016,FS.AST.PRVT.GD.ZS,139.945222608886
TEA,East Asia & Pacific (IDA & IBRD countries),2015,FS.AST.PRVT.GD.ZS,137.352922231185
TEA,East Asia & Pacific (IDA & IBRD countries),2014,FS.AST.PRVT.GD.ZS,126.036678120542
TEA,East Asia & Pacific (IDA & IBRD countries),2013,FS.AST.PRVT.GD.ZS,120.355002209005
TEA,East Asia & Pacific (IDA & IBRD countries),2012,FS.AST.PRVT.GD.ZS,114.553116827469
TEA,East Asia & Pacific (IDA & IBRD countries),2011,FS.AST.PRVT.GD.ZS,108.703210835975
TEA,East Asia & Pacific (IDA & IBRD countries),2010,FS.AST.PRVT.GD.ZS,109.866865792713
TEA,East Asia & Pacific (IDA & IBRD countries),2009,FS.AST.PRVT.GD.ZS,109.551507946828
TEA,East Asia & Pacific (IDA & IBRD countries),2008,FS.AST.PRVT.GD.ZS,96.9070232624438
TEA,East Asia & Pacific (IDA & IBRD countries),2007,FS.AST.PRVT.GD.ZS,100.242729859988
TEA,East Asia & Pacific (IDA & IBRD countries),2006,FS.AST.PRVT.GD.ZS,102.321855847317
TEA,East Asia & Pacific (IDA & IBRD countries),2005,FS.AST.PRVT.GD.ZS,104.657866295583
EMU,Euro area,2024,FS.AST.PRVT.GD.ZS,77.1302223099816
EMU,Euro area,2023,FS.AST.PRVT.GD.ZS,79.5888488482869
EMU,Euro area,2022,FS.AST.PRVT.GD.ZS,84.8517966596561
EMU,Euro area,2021,FS.AST.PRVT.GD.ZS,88.8957461983539
EMU,Euro area,2020,FS.AST.PRVT.GD.ZS,93.5602639819493
EMU,Euro area,2019,FS.AST.PRVT.GD.ZS,84.8853966524643
EMU,Euro area,2018,FS.AST.PRVT.GD.ZS,85.6101672676237
EMU,Euro area,2017,FS.AST.PRVT.GD.ZS,86.8224525516456
EMU,Euro area,2016,FS.AST.PRVT.GD.ZS,87.8934383182707
EMU,Euro area,2015,FS.AST.PRVT.GD.ZS,88.8686889093578
EMU,Euro area,2014,FS.AST.PRVT.GD.ZS,91.577745130222
EMU,Euro area,2013,FS.AST.PRVT.GD.ZS,95.7440651519646
EMU,Euro area,2012,FS.AST.PRVT.GD.ZS,98.7410339180255
EMU,Euro area,2011,FS.AST.PRVT.GD.ZS,100.723754055718
EMU,Euro area,2010,FS.AST.PRVT.GD.ZS,102.693270621391
EMU,Euro area,2009,FS.AST.PRVT.GD.ZS,105.463025757601
EMU,Euro area,2008,FS.AST.PRVT.GD.ZS,102.999029061465
EMU,Euro area,2007,FS.AST.PRVT.GD.ZS,101.186873641067
EMU,Euro area,2006,FS.AST.PRVT.GD.ZS,98.218513978989
EMU,Euro area,2005,FS.AST.PRVT.GD.ZS,94.5536793778255
ECS,Europe & Central Asia,2024,FS.AST.PRVT.GD.ZS,79.029808195632
ECS,Europe & Central Asia,2023,FS.AST.PRVT.GD.ZS,81.7403534862547
ECS,Europe & Central Asia,2022,FS.AST.PRVT.GD.ZS,87.3747860520439
ECS,Europe & Central Asia,2021,FS.AST.PRVT.GD.ZS,90.5080458555484
ECS,Europe & Central Asia,2020,FS.AST.PRVT.GD.ZS,95.7822400765614
ECS,Europe & Central Asia,2019,FS.AST.PRVT.GD.ZS,87.082040760799
ECS,Europe & Central Asia,2018,FS.AST.PRVT.GD.ZS,88.045035321663
ECS,Europe & Central Asia,2017,FS.AST.PRVT.GD.ZS,88.9893733567219
ECS,Europe & Central Asia,2016,FS.AST.PRVT.GD.ZS,93.1355209392967
ECS,Europe & Central Asia,2015,FS.AST.PRVT.GD.ZS,93.7477395525377
ECS,Europe & Central Asia,2014,FS.AST.PRVT.GD.ZS,94.9157654846715
ECS,Europe & Central Asia,2013,FS.AST.PRVT.GD.ZS,97.3366767972801
ECS,Europe & Central Asia,2012,FS.AST.PRVT.GD.ZS,100.098861039874
ECS,Europe & Central Asia,2011,FS.AST.PRVT.GD.ZS,102.417317571963
ECS,Europe & Central Asia,2010,FS.AST.PRVT.GD.ZS,106.328931281431
ECS,Europe & Central Asia,2009,FS.AST.PRVT.GD.ZS,110.107910624352
ECS,Europe & Central Asia,2008,FS.AST.PRVT.GD.ZS,106.97306796636
ECS,Europe & Central Asia,2007,FS.AST.PRVT.GD.ZS,107.438713408527
ECS,Europe & Central Asia,2006,FS.AST.PRVT.GD.ZS,102.819993140467
ECS,Europe & Central Asia,2005,FS.AST.PRVT.GD.ZS,98.9979217177243
ECA,Europe & Central Asia (excluding high income),2025,FS.AST.PRVT.GD.ZS,42.2251671701619
ECA,Europe & Central Asia (excluding high income),2024,FS.AST.PRVT.GD.ZS,37.8932088281015
ECA,Europe & Central Asia (excluding high income),2023,FS.AST.PRVT.GD.ZS,40.3169550462509
ECA,Europe & Central Asia (excluding high income),2022,FS.AST.PRVT.GD.ZS,42.485106650713
ECA,Europe & Central Asia (excluding high income),2021,FS.AST.PRVT.GD.ZS,51.3281676151991
ECA,Europe & Central Asia (excluding high income),2020,FS.AST.PRVT.GD.ZS,55.1313291062776
ECA,Europe & Central Asia (excluding high income),2019,FS.AST.PRVT.GD.ZS,48.4842763188516
ECA,Europe & Central Asia (excluding high income),2018,FS.AST.PRVT.GD.ZS,50.6561438192024
ECA,Europe & Central Asia (excluding high income),2017,FS.AST.PRVT.GD.ZS,54.2241087218593
ECA,Europe & Central Asia (excluding high income),2016,FS.AST.PRVT.GD.ZS,55.1805596765705
ECA,Europe & Central Asia (excluding high income),2015,FS.AST.PRVT.GD.ZS,54.2620415939895
ECA,Europe & Central Asia (excluding high income),2014,FS.AST.PRVT.GD.ZS,56.1780071760008
ECA,Europe & Central Asia (excluding high income),2013,FS.AST.PRVT.GD.ZS,54.4696636967027
ECA,Europe & Central Asia (excluding high income),2012,FS.AST.PRVT.GD.ZS,51.0998122996319
ECA,Europe & Central Asia (excluding high income),2011,FS.AST.PRVT.GD.ZS,49.9677876923845
ECA,Europe & Central Asia (excluding high income),2010,FS.AST.PRVT.GD.ZS,47.7239494872215
ECA,Europe & Central Asia (excluding high income),2009,FS.AST.PRVT.GD.ZS,43.7406961606754
ECA,Europe & Central Asia (excluding high income),2008,FS.AST.PRVT.GD.ZS,42.2568903323321
TEC,Europe & Central Asia (IDA & IBRD countries),2021,FS.AST.PRVT.GD.ZS,50.2328511584845
TEC,Europe & Central Asia (IDA & IBRD countries),2020,FS.AST.PRVT.GD.ZS,54.0299240127302
TEC,Europe & Central Asia (IDA & IBRD countries),2019,FS.AST.PRVT.GD.ZS,49.0570523833228
TEC,Europe & Central Asia (IDA & IBRD countries),2018,FS.AST.PRVT.GD.ZS,49.644094137427
TEC,Europe & Central Asia (IDA & IBRD countries),2017,FS.AST.PRVT.GD.ZS,51.5613580419111
TEC,Europe & Central Asia (IDA & IBRD countries),2016,FS.AST.PRVT.GD.ZS,52.8876597862366
TEC,Europe & Central Asia (IDA & IBRD countries),2015,FS.AST.PRVT.GD.ZS,53.6991917323225
TEC,Europe & Central Asia (IDA & IBRD countries),2014,FS.AST.PRVT.GD.ZS,54.1180866170247
TEC,Europe & Central Asia (IDA & IBRD countries),2013,FS.AST.PRVT.GD.ZS,50.4073843430475
TEC,Europe & Central Asia (IDA & IBRD countries),2012,FS.AST.PRVT.GD.ZS,47.0948939948277
TEC,Europe & Central Asia (IDA & IBRD countries),2011,FS.AST.PRVT.GD.ZS,45.5989863583548
TEC,Europe & Central Asia (IDA & IBRD countries),2010,FS.AST.PRVT.GD.ZS,45.4794329027599
TEC,Europe & Central Asia (IDA & IBRD countries),2009,FS.AST.PRVT.GD.ZS,44.9409449330755
TEC,Europe & Central Asia (IDA & IBRD countries),2008,FS.AST.PRVT.GD.ZS,42.6502020357437
EUU,European Union,2024,FS.AST.PRVT.GD.ZS,75.5566984222121
EUU,European Union,2023,FS.AST.PRVT.GD.ZS,78.4721492246157
EUU,European Union,2022,FS.AST.PRVT.GD.ZS,83.9137580735347
EUU,European Union,2021,FS.AST.PRVT.GD.ZS,88.3058672753835
EUU,European Union,2020,FS.AST.PRVT.GD.ZS,92.6709590864774
EUU,European Union,2019,FS.AST.PRVT.GD.ZS,84.7558915773914
EUU,European Union,2018,FS.AST.PRVT.GD.ZS,85.6969203421039
EUU,European Union,2017,FS.AST.PRVT.GD.ZS,87.004363397515
EUU,European Union,2016,FS.AST.PRVT.GD.ZS,88.2213503836383
EUU,European Union,2015,FS.AST.PRVT.GD.ZS,89.0321720177161
EUU,European Union,2014,FS.AST.PRVT.GD.ZS,91.7154480433352
EUU,European Union,2013,FS.AST.PRVT.GD.ZS,95.5807622172709
EUU,European Union,2012,FS.AST.PRVT.GD.ZS,98.1826139711723
EUU,European Union,2011,FS.AST.PRVT.GD.ZS,99.9052221769718
EUU,European Union,2010,FS.AST.PRVT.GD.ZS,101.659542758363
EUU,European Union,2009,FS.AST.PRVT.GD.ZS,104.290008593545
EUU,European Union,2008,FS.AST.PRVT.GD.ZS,101.369674938683
EUU,European Union,2007,FS.AST.PRVT.GD.ZS,99.3834698026714
EUU,European Union,2006,FS.AST.PRVT.GD.ZS,96.1572937523068
EUU,European Union,2005,FS.AST.PRVT.GD.ZS,92.4873345303528
HPC,Heavily indebted poor countries (HIPC),2023,FS.AST.PRVT.GD.ZS,22.167022815747
HPC,Heavily indebted poor countries (HIPC),2022,FS.AST.PRVT.GD.ZS,20.9220356510029
HPC,Heavily indebted poor countries (HIPC),2021,FS.AST.PRVT.GD.ZS,20.3725897916563
HPC,Heavily indebted poor countries (HIPC),2020,FS.AST.PRVT.GD.ZS,20.4176707655089
HPC,Heavily indebted poor countries (HIPC),2019,FS.AST.PRVT.GD.ZS,19.3158992015372
HPC,Heavily indebted poor countries (HIPC),2018,FS.AST.PRVT.GD.ZS,19.1537053067816
HPC,Heavily indebted poor countries (HIPC),2017,FS.AST.PRVT.GD.ZS,19.2427621227029
HPC,Heavily indebted poor countries (HIPC),2016,FS.AST.PRVT.GD.ZS,19.489790567538
HPC,Heavily indebted poor countries (HIPC),2015,FS.AST.PRVT.GD.ZS,18.6466939090095
HPC,Heavily indebted poor countries (HIPC),2014,FS.AST.PRVT.GD.ZS,17.1657791238218
HPC,Heavily indebted poor countries (HIPC),2013,FS.AST.PRVT.GD.ZS,16.3267086308459
HPC,Heavily indebted poor countries (HIPC),2012,FS.AST.PRVT.GD.ZS,15.8231612928336
HPC,Heavily indebted poor countries (HIPC),2011,FS.AST.PRVT.GD.ZS,14.6245234243312
HPC,Heavily indebted poor countries (HIPC),2010,FS.AST.PRVT.GD.ZS,14.4638656461388
HPC,Heavily indebted poor countries (HIPC),2009,FS.AST.PRVT.GD.ZS,14.4370113032733
HPC,Heavily indebted poor countries (HIPC),2008,FS.AST.PRVT.GD.ZS,13.1782375843213
HPC,Heavily indebted poor countries (HIPC),2007,FS.AST.PRVT.GD.ZS,12.9707995505204
HPC,Heavily indebted poor countries (HIPC),2006,FS.AST.PRVT.GD.ZS,12.2924443184053
HPC,Heavily indebted poor countries (HIPC),2005,FS.AST.PRVT.GD.ZS,11.6535346254425
,High income,2024,FS.AST.PRVT.GD.ZS,152.227777786713
,High income,2023,FS.AST.PRVT.GD.ZS,145.698958974937
,High income,2022,FS.AST.PRVT.GD.ZS,146.003112461933
,High income,2021,FS.AST.PRVT.GD.ZS,157.590877535728
,High income,2020,FS.AST.PRVT.GD.ZS,160.301945208572
,High income,2019,FS.AST.PRVT.GD.ZS,144.238289673073
,High income,2018,FS.AST.PRVT.GD.ZS,137.529809585629
,High income,2017,FS.AST.PRVT.GD.ZS,141.506177538707
,High income,2016,FS.AST.PRVT.GD.ZS,139.70011107983
,High income,2015,FS.AST.PRVT.GD.ZS,138.134616906876
,High income,2014,FS.AST.PRVT.GD.ZS,135.117222009641
,High income,2013,FS.AST.PRVT.GD.ZS,135.45862284493
,High income,2012,FS.AST.PRVT.GD.ZS,133.835721936312
,High income,2011,FS.AST.PRVT.GD.ZS,133.726473099224
,High income,2010,FS.AST.PRVT.GD.ZS,139.487825142471
,High income,2009,FS.AST.PRVT.GD.ZS,144.317279148059
,High income,2008,FS.AST.PRVT.GD.ZS,138.61797956481
,High income,2007,FS.AST.PRVT.GD.ZS,145.458243243548
,High income,2006,FS.AST.PRVT.GD.ZS,143.533937429245
,High income,2005,FS.AST.PRVT.GD.ZS,139.146882756304
IBD,IBRD only,2024,FS.AST.PRVT.GD.ZS,122.043053266463
IBD,IBRD only,2023,FS.AST.PRVT.GD.ZS,120.748565939879
IBD,IBRD only,2022,FS.AST.PRVT.GD.ZS,119.884671896753
IBD,IBRD only,2021,FS.AST.PRVT.GD.ZS,115.633286255102
IBD,IBRD only,2020,FS.AST.PRVT.GD.ZS,118.748957165358
IBD,IBRD only,2019,FS.AST.PRVT.GD.ZS,104.723935225544
IBD,IBRD only,2018,FS.AST.PRVT.GD.ZS,102.386452894544
IBD,IBRD only,2017,FS.AST.PRVT.GD.ZS,97.1186635429014
IBD,IBRD only,2016,FS.AST.PRVT.GD.ZS,97.5941765409482
IBD,IBRD only,2015,FS.AST.PRVT.GD.ZS,97.0013441495326
IBD,IBRD only,2014,FS.AST.PRVT.GD.ZS,87.9630609624798
IBD,IBRD only,2013,FS.AST.PRVT.GD.ZS,82.2491153473169
IBD,IBRD only,2012,FS.AST.PRVT.GD.ZS,77.1267395206499
IBD,IBRD only,2011,FS.AST.PRVT.GD.ZS,72.7216919895134
IBD,IBRD only,2010,FS.AST.PRVT.GD.ZS,71.619260400227
IBD,IBRD only,2009,FS.AST.PRVT.GD.ZS,70.3490044343766
IBD,IBRD only,2008,FS.AST.PRVT.GD.ZS,60.5326389557418
IBD,IBRD only,2007,FS.AST.PRVT.GD.ZS,60.8526993261542
IBD,IBRD only,2006,FS.AST.PRVT.GD.ZS,57.8080547611286
IBD,IBRD only,2005,FS.AST.PRVT.GD.ZS,55.9593346833639
IBT,IDA & IBRD total,2024,FS.AST.PRVT.GD.ZS,117.499216380884
IBT,IDA & IBRD total,2023,FS.AST.PRVT.GD.ZS,115.931644178261
IBT,IDA & IBRD total,2022,FS.AST.PRVT.GD.ZS,113.010206415937
IBT,IDA & IBRD total,2021,FS.AST.PRVT.GD.ZS,109.557212126525
IBT,IDA & IBRD total,2020,FS.AST.PRVT.GD.ZS,111.746230771663
IBT,IDA & IBRD total,2019,FS.AST.PRVT.GD.ZS,98.3922381067848
IBT,IDA & IBRD total,2018,FS.AST.PRVT.GD.ZS,96.746020878654
IBT,IDA & IBRD total,2017,FS.AST.PRVT.GD.ZS,91.915877219263
IBT,IDA & IBRD total,2016,FS.AST.PRVT.GD.ZS,92.1570604583126
IBT,IDA & IBRD total,2015,FS.AST.PRVT.GD.ZS,91.4339350381244
IBT,IDA & IBRD total,2014,FS.AST.PRVT.GD.ZS,82.9953809327837
IBT,IDA & IBRD total,2013,FS.AST.PRVT.GD.ZS,77.7071735438719
IBT,IDA & IBRD total,2012,FS.AST.PRVT.GD.ZS,73.2802499121427
IBT,IDA & IBRD total,2011,FS.AST.PRVT.GD.ZS,69.0102483002845
IBT,IDA & IBRD total,2010,FS.AST.PRVT.GD.ZS,67.9908011327677
IBT,IDA & IBRD total,2009,FS.AST.PRVT.GD.ZS,66.6866760084652
IBT,IDA & IBRD total,2008,FS.AST.PRVT.GD.ZS,57.4081858479636
IBT,IDA & IBRD total,2007,FS.AST.PRVT.GD.ZS,57.3663711913607
IBT,IDA & IBRD total,2006,FS.AST.PRVT.GD.ZS,54.1498842816465
IBT,IDA & IBRD total,2005,FS.AST.PRVT.GD.ZS,52.4636998714156
IDB,IDA blend,2022,FS.AST.PRVT.GD.ZS,15.3461601271107
IDB,IDA blend,2021,FS.AST.PRVT.GD.ZS,15.5314359884687
IDB,IDA blend,2020,FS.AST.PRVT.GD.ZS,14.9655769367996
IDB,IDA blend,2019,FS.AST.PRVT.GD.ZS,13.7984026311225
IDB,IDA blend,2018,FS.AST.PRVT.GD.ZS,15.8506788560183
IDB,IDA blend,2017,FS.AST.PRVT.GD.ZS,16.2085733461627
IDB,IDA blend,2016,FS.AST.PRVT.GD.ZS,16.8216680905663
IDB,IDA blend,2015,FS.AST.PRVT.GD.ZS,15.6232039453675
IDB,IDA blend,2014,FS.AST.PRVT.GD.ZS,15.342415308191
IDB,IDA blend,2013,FS.AST.PRVT.GD.ZS,14.1662879377576
IDB,IDA blend,2012,FS.AST.PRVT.GD.ZS,14.2689409209395
IDB,IDA blend,2011,FS.AST.PRVT.GD.ZS,14.8923672702066
IDB,IDA blend,2010,FS.AST.PRVT.GD.ZS,16.480079401112
IDB,IDA blend,2009,FS.AST.PRVT.GD.ZS,19.6405015296892
IDB,IDA blend,2008,FS.AST.PRVT.GD.ZS,20.4931627226402
IDB,IDA blend,2007,FS.AST.PRVT.GD.ZS,17.7493571928549
IDB,IDA blend,2006,FS.AST.PRVT.GD.ZS,14.7679092246379
IDB,IDA blend,2005,FS.AST.PRVT.GD.ZS,15.0206324298423
IDX,IDA only,2024,FS.AST.PRVT.GD.ZS,33.200442045222
IDX,IDA only,2023,FS.AST.PRVT.GD.ZS,32.6435379780162
IDX,IDA only,2022,FS.AST.PRVT.GD.ZS,32.2982571874196
IDX,IDA only,2021,FS.AST.PRVT.GD.ZS,31.7763223267217
IDX,IDA only,2020,FS.AST.PRVT.GD.ZS,30.6446128434018
IDX,IDA only,2019,FS.AST.PRVT.GD.ZS,30.5567908292952
IDX,IDA only,2018,FS.AST.PRVT.GD.ZS,30.191635535126
IDX,IDA only,2017,FS.AST.PRVT.GD.ZS,29.6027683714311
IDX,IDA only,2016,FS.AST.PRVT.GD.ZS,28.3636393579944
IDX,IDA only,2015,FS.AST.PRVT.GD.ZS,27.3482005095742
IDX,IDA only,2014,FS.AST.PRVT.GD.ZS,24.8661209006464
IDX,IDA only,2013,FS.AST.PRVT.GD.ZS,22.2436845902222
IDX,IDA only,2012,FS.AST.PRVT.GD.ZS,21.8776591601731
IDX,IDA only,2011,FS.AST.PRVT.GD.ZS,20.5946810109505
IDX,IDA only,2010,FS.AST.PRVT.GD.ZS,20.5076973534972
IDX,IDA only,2009,FS.AST.PRVT.GD.ZS,19.8513655462138
IDX,IDA only,2008,FS.AST.PRVT.GD.ZS,18.1533046447741
IDX,IDA only,2007,FS.AST.PRVT.GD.ZS,17.3696057382779
IDX,IDA only,2006,FS.AST.PRVT.GD.ZS,16.8838641413741
IDX,IDA only,2005,FS.AST.PRVT.GD.ZS,16.3035680423898
IDA,IDA total,2023,FS.AST.PRVT.GD.ZS,27.8661588357018
IDA,IDA total,2022,FS.AST.PRVT.GD.ZS,23.2948889788599
IDA,IDA total,2021,FS.AST.PRVT.GD.ZS,23.0676940130319
IDA,IDA total,2020,FS.AST.PRVT.GD.ZS,22.4483485572425
IDA,IDA total,2019,FS.AST.PRVT.GD.ZS,21.6215886780203
IDA,IDA total,2018,FS.AST.PRVT.GD.ZS,23.0534154371716
IDA,IDA total,2017,FS.AST.PRVT.GD.ZS,22.8727826763984
IDA,IDA total,2016,FS.AST.PRVT.GD.ZS,22.3945449127086
IDA,IDA total,2015,FS.AST.PRVT.GD.ZS,20.9032885395631
IDA,IDA total,2014,FS.AST.PRVT.GD.ZS,19.5384364768295
IDA,IDA total,2013,FS.AST.PRVT.GD.ZS,17.8654487316652
IDA,IDA total,2012,FS.AST.PRVT.GD.ZS,17.8625859580806
IDA,IDA total,2011,FS.AST.PRVT.GD.ZS,17.8160544548102
IDA,IDA total,2010,FS.AST.PRVT.GD.ZS,18.4829533075467
IDA,IDA total,2009,FS.AST.PRVT.GD.ZS,19.7451496487374
IDA,IDA total,2008,FS.AST.PRVT.GD.ZS,19.338851397506
IDA,IDA total,2007,FS.AST.PRVT.GD.ZS,17.5669988690396
IDA,IDA total,2006,FS.AST.PRVT.GD.ZS,15.7669513185042
IDA,IDA total,2005,FS.AST.PRVT.GD.ZS,15.6368050509837
LTE,Late-demographic dividend,2024,FS.AST.PRVT.GD.ZS,156.440756219203
LTE,Late-demographic dividend,2023,FS.AST.PRVT.GD.ZS,153.912037291267
LTE,Late-demographic dividend,2022,FS.AST.PRVT.GD.ZS,148.580281398333
LTE,Late-demographic dividend,2021,FS.AST.PRVT.GD.ZS,139.612048100286
LTE,Late-demographic dividend,2020,FS.AST.PRVT.GD.ZS,143.721416539974
LTE,Late-demographic dividend,2019,FS.AST.PRVT.GD.ZS,127.424847890768
LTE,Late-demographic dividend,2018,FS.AST.PRVT.GD.ZS,121.824633707436
LTE,Late-demographic dividend,2017,FS.AST.PRVT.GD.ZS,118.601072450883
LTE,Late-demographic dividend,2016,FS.AST.PRVT.GD.ZS,120.803719043356
LTE,Late-demographic dividend,2015,FS.AST.PRVT.GD.ZS,119.223275953706
LTE,Late-demographic dividend,2014,FS.AST.PRVT.GD.ZS,106.530372383669
LTE,Late-demographic dividend,2013,FS.AST.PRVT.GD.ZS,100.341806373883
LTE,Late-demographic dividend,2012,FS.AST.PRVT.GD.ZS,95.244218062668
LTE,Late-demographic dividend,2011,FS.AST.PRVT.GD.ZS,89.8177097880946
LTE,Late-demographic dividend,2010,FS.AST.PRVT.GD.ZS,90.6873925612624
LTE,Late-demographic dividend,2009,FS.AST.PRVT.GD.ZS,90.795960282121
LTE,Late-demographic dividend,2008,FS.AST.PRVT.GD.ZS,75.5487290136663
LTE,Late-demographic dividend,2007,FS.AST.PRVT.GD.ZS,75.2439371320872
LTE,Late-demographic dividend,2006,FS.AST.PRVT.GD.ZS,72.5124116561595
LTE,Late-demographic dividend,2005,FS.AST.PRVT.GD.ZS,72.0806666692205
LCN,Latin America & Caribbean,2025,FS.AST.PRVT.GD.ZS,52.5698802412142
LCN,Latin America & Caribbean,2024,FS.AST.PRVT.GD.ZS,51.8604798179062
LCN,Latin America & Caribbean,2023,FS.AST.PRVT.GD.ZS,50.5783652498004
LCN,Latin America & Caribbean,2022,FS.AST.PRVT.GD.ZS,50.6949710913738
LCN,Latin America & Caribbean,2021,FS.AST.PRVT.GD.ZS,51.362906289512
LCN,Latin America & Caribbean,2020,FS.AST.PRVT.GD.ZS,54.7220777639645
LCN,Latin America & Caribbean,2019,FS.AST.PRVT.GD.ZS,50.7631093685134
LCN,Latin America & Caribbean,2018,FS.AST.PRVT.GD.ZS,52.5317083710413
LCN,Latin America & Caribbean,2017,FS.AST.PRVT.GD.ZS,48.088701989227
LCN,Latin America & Caribbean,2016,FS.AST.PRVT.GD.ZS,48.1277930532965
LCN,Latin America & Caribbean,2015,FS.AST.PRVT.GD.ZS,48.56201533606
LCN,Latin America & Caribbean,2014,FS.AST.PRVT.GD.ZS,48.9769439890818
LCN,Latin America & Caribbean,2013,FS.AST.PRVT.GD.ZS,46.9922164579604
LCN,Latin America & Caribbean,2012,FS.AST.PRVT.GD.ZS,45.0609025895458
LCN,Latin America & Caribbean,2011,FS.AST.PRVT.GD.ZS,42.8557051313557
LCN,Latin America & Caribbean,2010,FS.AST.PRVT.GD.ZS,39.1601736186413
LCN,Latin America & Caribbean,2009,FS.AST.PRVT.GD.ZS,36.3559080231532
LCN,Latin America & Caribbean,2008,FS.AST.PRVT.GD.ZS,34.3182333792298
LCN,Latin America & Caribbean,2007,FS.AST.PRVT.GD.ZS,31.9121391981414
LCN,Latin America & Caribbean,2006,FS.AST.PRVT.GD.ZS,28.0306907491902
LCN,Latin America & Caribbean,2005,FS.AST.PRVT.GD.ZS,24.7542633658758
LAC,Latin America & Caribbean (excluding high income),2025,FS.AST.PRVT.GD.ZS,50.0764413850886
LAC,Latin America & Caribbean (excluding high income),2024,FS.AST.PRVT.GD.ZS,49.4307602430231
LAC,Latin America & Caribbean (excluding high income),2023,FS.AST.PRVT.GD.ZS,47.5971905395339
LAC,Latin America & Caribbean (excluding high income),2022,FS.AST.PRVT.GD.ZS,47.5681990732022
LAC,Latin America & Caribbean (excluding high income),2021,FS.AST.PRVT.GD.ZS,47.6378820398491
LAC,Latin America & Caribbean (excluding high income),2020,FS.AST.PRVT.GD.ZS,49.8597900579994
LAC,Latin America & Caribbean (excluding high income),2019,FS.AST.PRVT.GD.ZS,46.2389790474626
LAC,Latin America & Caribbean (excluding high income),2018,FS.AST.PRVT.GD.ZS,47.932050001113
LAC,Latin America & Caribbean (excluding high income),2017,FS.AST.PRVT.GD.ZS,44.2002996535214
LAC,Latin America & Caribbean (excluding high income),2016,FS.AST.PRVT.GD.ZS,44.2878902712067
LAC,Latin America & Caribbean (excluding high income),2015,FS.AST.PRVT.GD.ZS,45.1345093490699
LAC,Latin America & Caribbean (excluding high income),2014,FS.AST.PRVT.GD.ZS,46.1407641432417
LAC,Latin America & Caribbean (excluding high income),2013,FS.AST.PRVT.GD.ZS,44.2669022145109
LAC,Latin America & Caribbean (excluding high income),2012,FS.AST.PRVT.GD.ZS,42.1853091963341
LAC,Latin America & Caribbean (excluding high income),2011,FS.AST.PRVT.GD.ZS,40.1167922359511
LAC,Latin America & Caribbean (excluding high income),2010,FS.AST.PRVT.GD.ZS,36.281095763014
LAC,Latin America & Caribbean (excluding high income),2009,FS.AST.PRVT.GD.ZS,33.3273282010226
LAC,Latin America & Caribbean (excluding high income),2008,FS.AST.PRVT.GD.ZS,31.3307173446575
LAC,Latin America & Caribbean (excluding high income),2007,FS.AST.PRVT.GD.ZS,29.1930432645571
LAC,Latin America & Caribbean (excluding high income),2006,FS.AST.PRVT.GD.ZS,25.1852343323595
LAC,Latin America & Caribbean (excluding high income),2005,FS.AST.PRVT.GD.ZS,21.8677309750554
TLA,Latin America & the Caribbean (IDA & IBRD countries),2025,FS.AST.PRVT.GD.ZS,52.5698802412142
TLA,Latin America & the Caribbean (IDA & IBRD countries),2024,FS.AST.PRVT.GD.ZS,51.8604798179062
TLA,Latin America & the Caribbean (IDA & IBRD countries),2023,FS.AST.PRVT.GD.ZS,50.5739965627987
TLA,Latin America & the Caribbean (IDA & IBRD countries),2022,FS.AST.PRVT.GD.ZS,50.6892465633076
TLA,Latin America & the Caribbean (IDA & IBRD countries),2021,FS.AST.PRVT.GD.ZS,51.3530257603183
TLA,Latin America & the Caribbean (IDA & IBRD countries),2020,FS.AST.PRVT.GD.ZS,54.7063802548981
TLA,Latin America & the Caribbean (IDA & IBRD countries),2019,FS.AST.PRVT.GD.ZS,50.7573529031033
TLA,Latin America & the Caribbean (IDA & IBRD countries),2018,FS.AST.PRVT.GD.ZS,52.5293254096253
TLA,Latin America & the Caribbean (IDA & IBRD countries),2017,FS.AST.PRVT.GD.ZS,48.0834253548949
TLA,Latin America & the Caribbean (IDA & IBRD countries),2016,FS.AST.PRVT.GD.ZS,48.1127276741012
TLA,Latin America & the Caribbean (IDA & IBRD countries),2015,FS.AST.PRVT.GD.ZS,48.5439585293658
TLA,Latin America & the Caribbean (IDA & IBRD countries),2014,FS.AST.PRVT.GD.ZS,48.9540283772593
TLA,Latin America & the Caribbean (IDA & IBRD countries),2013,FS.AST.PRVT.GD.ZS,46.9603819111127
TLA,Latin America & the Caribbean (IDA & IBRD countries),2012,FS.AST.PRVT.GD.ZS,45.024970128077
TLA,Latin America & the Caribbean (IDA & IBRD countries),2011,FS.AST.PRVT.GD.ZS,42.8104689732759
TLA,Latin America & the Caribbean (IDA & IBRD countries),2010,FS.AST.PRVT.GD.ZS,39.1005305424179
TLA,Latin America & the Caribbean (IDA & IBRD countries),2009,FS.AST.PRVT.GD.ZS,36.2723720601507
TLA,Latin America & the Caribbean (IDA & IBRD countries),2008,FS.AST.PRVT.GD.ZS,34.2419057145826
TLA,Latin America & the Caribbean (IDA & IBRD countries),2007,FS.AST.PRVT.GD.ZS,31.8238284488286
TLA,Latin America & the Caribbean (IDA & IBRD countries),2006,FS.AST.PRVT.GD.ZS,27.9204924251192
TLA,Latin America & the Caribbean (IDA & IBRD countries),2005,FS.AST.PRVT.GD.ZS,24.6368881482122
LDC,Least developed countries: UN classification,2024,FS.AST.PRVT.GD.ZS,31.2178552291746
LDC,Least developed countries: UN classification,2023,FS.AST.PRVT.GD.ZS,30.8702118623002
LDC,Least developed countries: UN classification,2022,FS.AST.PRVT.GD.ZS,29.9114424804055
LDC,Least developed countries: UN classification,2021,FS.AST.PRVT.GD.ZS,30.4025205137449
LDC,Least developed countries: UN classification,2020,FS.AST.PRVT.GD.ZS,29.5321760617606
LDC,Least developed countries: UN classification,2019,FS.AST.PRVT.GD.ZS,27.9357916149574
LDC,Least developed countries: UN classification,2018,FS.AST.PRVT.GD.ZS,27.154225933408
LDC,Least developed countries: UN classification,2017,FS.AST.PRVT.GD.ZS,26.6347254418816
LDC,Least developed countries: UN classification,2016,FS.AST.PRVT.GD.ZS,25.7749924456878
LDC,Least developed countries: UN classification,2015,FS.AST.PRVT.GD.ZS,24.9853006890926
LDC,Least developed countries: UN classification,2014,FS.AST.PRVT.GD.ZS,23.1251120909065
LDC,Least developed countries: UN classification,2013,FS.AST.PRVT.GD.ZS,20.3333648172437
LDC,Least developed countries: UN classification,2012,FS.AST.PRVT.GD.ZS,19.5651200017092
LDC,Least developed countries: UN classification,2011,FS.AST.PRVT.GD.ZS,18.1978479869291
LDC,Least developed countries: UN classification,2010,FS.AST.PRVT.GD.ZS,18.7587024176761
LDC,Least developed countries: UN classification,2009,FS.AST.PRVT.GD.ZS,17.7788939642249
LDC,Least developed countries: UN classification,2008,FS.AST.PRVT.GD.ZS,15.8009715211775
LDC,Least developed countries: UN classification,2007,FS.AST.PRVT.GD.ZS,14.8047085515261
LDC,Least developed countries: UN classification,2006,FS.AST.PRVT.GD.ZS,14.6971455760472
LDC,Least developed countries: UN classification,2005,FS.AST.PRVT.GD.ZS,13.9905198654415
LMY,Low & middle income,2024,FS.AST.PRVT.GD.ZS,121.526336860557
LMY,Low & middle income,2023,FS.AST.PRVT.GD.ZS,119.528528457571
LMY,Low & middle income,2022,FS.AST.PRVT.GD.ZS,115.835277864648
LMY,Low & middle income,2021,FS.AST.PRVT.GD.ZS,115.017152499195
LMY,Low & middle income,2020,FS.AST.PRVT.GD.ZS,116.921684417771
LMY,Low & middle income,2019,FS.AST.PRVT.GD.ZS,102.813114093946
LMY,Low & middle income,2018,FS.AST.PRVT.GD.ZS,101.20661658989
LMY,Low & middle income,2017,FS.AST.PRVT.GD.ZS,95.7204363138329
LMY,Low & middle income,2016,FS.AST.PRVT.GD.ZS,95.5425465349914
LMY,Low & middle income,2015,FS.AST.PRVT.GD.ZS,94.7778904635253
LMY,Low & middle income,2014,FS.AST.PRVT.GD.ZS,86.4124744133934
LMY,Low & middle income,2013,FS.AST.PRVT.GD.ZS,81.3550235932635
LMY,Low & middle income,2012,FS.AST.PRVT.GD.ZS,76.7146506583743
LMY,Low & middle income,2011,FS.AST.PRVT.GD.ZS,72.0595320431907
LMY,Low & middle income,2010,FS.AST.PRVT.GD.ZS,70.591781222209
LMY,Low & middle income,2009,FS.AST.PRVT.GD.ZS,69.0560394728469
LMY,Low & middle income,2008,FS.AST.PRVT.GD.ZS,59.4559848210458
LMY,Low & middle income,2007,FS.AST.PRVT.GD.ZS,60.4324416209882
LMY,Low & middle income,2006,FS.AST.PRVT.GD.ZS,57.7124873986936
LMY,Low & middle income,2005,FS.AST.PRVT.GD.ZS,56.3010199109323
,Low income,2020,FS.AST.PRVT.GD.ZS,12.6015637577813
,Low income,2019,FS.AST.PRVT.GD.ZS,11.9295729836498
,Low income,2018,FS.AST.PRVT.GD.ZS,11.8114200113899
,Low income,2015,FS.AST.PRVT.GD.ZS,11.5661288952486
,Low income,2014,FS.AST.PRVT.GD.ZS,11.3370350404238
,Low income,2013,FS.AST.PRVT.GD.ZS,10.0383349094481
,Low income,2012,FS.AST.PRVT.GD.ZS,9.6343072233502
,Low income,2011,FS.AST.PRVT.GD.ZS,11.1629125128594
,Low income,2010,FS.AST.PRVT.GD.ZS,12.3624236076032
,Low income,2009,FS.AST.PRVT.GD.ZS,12.2224463430602
,Low income,2008,FS.AST.PRVT.GD.ZS,11.0699096518544
,Low income,2007,FS.AST.PRVT.GD.ZS,10.1519778149203
,Low income,2006,FS.AST.PRVT.GD.ZS,10.167969736698
,Low income,2005,FS.AST.PRVT.GD.ZS,9.25477654897123
,Lower middle income,2025,FS.AST.PRVT.GD.ZS,38.7668514853024
,Lower middle income,2024,FS.AST.PRVT.GD.ZS,38.1196509146846
,Lower middle income,2023,FS.AST.PRVT.GD.ZS,37.7669437932594
,Lower middle income,2022,FS.AST.PRVT.GD.ZS,33.4780107642234
,Lower middle income,2021,FS.AST.PRVT.GD.ZS,32.9916309039761
,Lower middle income,2020,FS.AST.PRVT.GD.ZS,34.4236887542667
,Lower middle income,2019,FS.AST.PRVT.GD.ZS,32.2139344194072
,Lower middle income,2018,FS.AST.PRVT.GD.ZS,33.371489097089
,Lower middle income,2017,FS.AST.PRVT.GD.ZS,33.9838110358994
,Lower middle income,2016,FS.AST.PRVT.GD.ZS,34.095887965349
,Lower middle income,2015,FS.AST.PRVT.GD.ZS,39.1139513100961
,Lower middle income,2014,FS.AST.PRVT.GD.ZS,38.6409686868519
,Lower middle income,2013,FS.AST.PRVT.GD.ZS,37.5077366107408
,Lower middle income,2012,FS.AST.PRVT.GD.ZS,37.6665424676364
,Lower middle income,2011,FS.AST.PRVT.GD.ZS,38.1447106612633
,Lower middle income,2010,FS.AST.PRVT.GD.ZS,37.6385146903574
,Lower middle income,2009,FS.AST.PRVT.GD.ZS,35.8428221265706
,Lower middle income,2008,FS.AST.PRVT.GD.ZS,35.8570512928692
,Lower middle income,2007,FS.AST.PRVT.GD.ZS,34.8698203183253
,Lower middle income,2006,FS.AST.PRVT.GD.ZS,32.1665151678576
,Lower middle income,2005,FS.AST.PRVT.GD.ZS,30.6340361963804
MEA,"Middle East, North Africa, Afghanistan & Pakistan",2020,FS.AST.PRVT.GD.ZS,52.4093802795019
MEA,"Middle East, North Africa, Afghanistan & Pakistan",2017,FS.AST.PRVT.GD.ZS,51.0203900732572
MEA,"Middle East, North Africa, Afghanistan & Pakistan",2016,FS.AST.PRVT.GD.ZS,53.4273898767203
MEA,"Middle East, North Africa, Afghanistan & Pakistan",2015,FS.AST.PRVT.GD.ZS,47.7064938121322
MEA,"Middle East, North Africa, Afghanistan & Pakistan",2014,FS.AST.PRVT.GD.ZS,41.2388027587163
MEA,"Middle East, North Africa, Afghanistan & Pakistan",2013,FS.AST.PRVT.GD.ZS,38.4223699210777
MEA,"Middle East, North Africa, Afghanistan & Pakistan",2012,FS.AST.PRVT.GD.ZS,38.274817556428
MEA,"Middle East, North Africa, Afghanistan & Pakistan",2011,FS.AST.PRVT.GD.ZS,39.3062638979748
MEA,"Middle East, North Africa, Afghanistan & Pakistan",2010,FS.AST.PRVT.GD.ZS,41.7691393092858
MEA,"Middle East, North Africa, Afghanistan & Pakistan",2009,FS.AST.PRVT.GD.ZS,41.8562657802463
MEA,"Middle East, North Africa, Afghanistan & Pakistan",2008,FS.AST.PRVT.GD.ZS,37.9008194750963
MEA,"Middle East, North Africa, Afghanistan & Pakistan",2007,FS.AST.PRVT.GD.ZS,38.3432612316841
MEA,"Middle East, North Africa, Afghanistan & Pakistan",2006,FS.AST.PRVT.GD.ZS,37.0392929689831
MEA,"Middle East, North Africa, Afghanistan & Pakistan",2005,FS.AST.PRVT.GD.ZS,37.0932285036373
MNA,"Middle East, North Africa, Afghanistan & Pakistan (excluding high income)",2024,FS.AST.PRVT.GD.ZS,27.6369045784357
MNA,"Middle East, North Africa, Afghanistan & Pakistan (excluding high income)",2023,FS.AST.PRVT.GD.ZS,28.2470648266342
MNA,"Middle East, North Africa, Afghanistan & Pakistan (excluding high income)",2022,FS.AST.PRVT.GD.ZS,28.3907975911599
MNA,"Middle East, North Africa, Afghanistan & Pakistan (excluding high income)",2021,FS.AST.PRVT.GD.ZS,30.2072416762467
MNA,"Middle East, North Africa, Afghanistan & Pakistan (excluding high income)",2020,FS.AST.PRVT.GD.ZS,30.6152913646897
MNA,"Middle East, North Africa, Afghanistan & Pakistan (excluding high income)",2019,FS.AST.PRVT.GD.ZS,26.6273662546117
MNA,"Middle East, North Africa, Afghanistan & Pakistan (excluding high income)",2018,FS.AST.PRVT.GD.ZS,26.6002936940107
MNA,"Middle East, North Africa, Afghanistan & Pakistan (excluding high income)",2017,FS.AST.PRVT.GD.ZS,30.5858402173548
MNA,"Middle East, North Africa, Afghanistan & Pakistan (excluding high income)",2016,FS.AST.PRVT.GD.ZS,38.9519954274054
MNA,"Middle East, North Africa, Afghanistan & Pakistan (excluding high income)",2015,FS.AST.PRVT.GD.ZS,35.8058915813759
MNA,"Middle East, North Africa, Afghanistan & Pakistan (excluding high income)",2014,FS.AST.PRVT.GD.ZS,33.0956200220419
MNA,"Middle East, North Africa, Afghanistan & Pakistan (excluding high income)",2013,FS.AST.PRVT.GD.ZS,31.1492679141858
MNA,"Middle East, North Africa, Afghanistan & Pakistan (excluding high income)",2012,FS.AST.PRVT.GD.ZS,33.4873358693387
MNA,"Middle East, North Africa, Afghanistan & Pakistan (excluding high income)",2011,FS.AST.PRVT.GD.ZS,34.9071979829576
MNA,"Middle East, North Africa, Afghanistan & Pakistan (excluding high income)",2010,FS.AST.PRVT.GD.ZS,35.701201829826
MNA,"Middle East, North Africa, Afghanistan & Pakistan (excluding high income)",2009,FS.AST.PRVT.GD.ZS,32.1532801363552
MNA,"Middle East, North Africa, Afghanistan & Pakistan (excluding high income)",2008,FS.AST.PRVT.GD.ZS,29.9721383663235
MNA,"Middle East, North Africa, Afghanistan & Pakistan (excluding high income)",2007,FS.AST.PRVT.GD.ZS,31.4397967333327
MNA,"Middle East, North Africa, Afghanistan & Pakistan (excluding high income)",2006,FS.AST.PRVT.GD.ZS,30.6936574368426
MNA,"Middle East, North Africa, Afghanistan & Pakistan (excluding high income)",2005,FS.AST.PRVT.GD.ZS,29.3124685208771
TMN,"Middle East, North Africa, Afghanistan & Pakistan (IDA & IBRD)",2024,FS.AST.PRVT.GD.ZS,27.332971950154
TMN,"Middle East, North Africa, Afghanistan & Pakistan (IDA & IBRD)",2023,FS.AST.PRVT.GD.ZS,27.9522483809751
TMN,"Middle East, North Africa, Afghanistan & Pakistan (IDA & IBRD)",2022,FS.AST.PRVT.GD.ZS,28.1651711519385
TMN,"Middle East, North Africa, Afghanistan & Pakistan (IDA & IBRD)",2021,FS.AST.PRVT.GD.ZS,29.9930359035845
TMN,"Middle East, North Africa, Afghanistan & Pakistan (IDA & IBRD)",2020,FS.AST.PRVT.GD.ZS,30.3591994644003
TMN,"Middle East, North Africa, Afghanistan & Pakistan (IDA & IBRD)",2019,FS.AST.PRVT.GD.ZS,26.399722437889
TMN,"Middle East, North Africa, Afghanistan & Pakistan (IDA & IBRD)",2018,FS.AST.PRVT.GD.ZS,26.381312318627
TMN,"Middle East, North Africa, Afghanistan & Pakistan (IDA & IBRD)",2017,FS.AST.PRVT.GD.ZS,30.4487599362167
TMN,"Middle East, North Africa, Afghanistan & Pakistan (IDA & IBRD)",2016,FS.AST.PRVT.GD.ZS,38.9728159407305
TMN,"Middle East, North Africa, Afghanistan & Pakistan (IDA & IBRD)",2015,FS.AST.PRVT.GD.ZS,35.8320541332371
TMN,"Middle East, North Africa, Afghanistan & Pakistan (IDA & IBRD)",2014,FS.AST.PRVT.GD.ZS,33.1393840192537
TMN,"Middle East, North Africa, Afghanistan & Pakistan (IDA & IBRD)",2013,FS.AST.PRVT.GD.ZS,31.1992975151215
TMN,"Middle East, North Africa, Afghanistan & Pakistan (IDA & IBRD)",2012,FS.AST.PRVT.GD.ZS,33.5449375639854
TMN,"Middle East, North Africa, Afghanistan & Pakistan (IDA & IBRD)",2011,FS.AST.PRVT.GD.ZS,34.9776240784285
TMN,"Middle East, North Africa, Afghanistan & Pakistan (IDA & IBRD)",2010,FS.AST.PRVT.GD.ZS,35.7869403200734
TMN,"Middle East, North Africa, Afghanistan & Pakistan (IDA & IBRD)",2009,FS.AST.PRVT.GD.ZS,32.2310326418437
TMN,"Middle East, North Africa, Afghanistan & Pakistan (IDA & IBRD)",2008,FS.AST.PRVT.GD.ZS,30.0387873670055
TMN,"Middle East, North Africa, Afghanistan & Pakistan (IDA & IBRD)",2007,FS.AST.PRVT.GD.ZS,31.4844197712803
TMN,"Middle East, North Africa, Afghanistan & Pakistan (IDA & IBRD)",2006,FS.AST.PRVT.GD.ZS,30.7198152576207
TMN,"Middle East, North Africa, Afghanistan & Pakistan (IDA & IBRD)",2005,FS.AST.PRVT.GD.ZS,29.331377876733
MIC,Middle income,2024,FS.AST.PRVT.GD.ZS,122.169237455919
MIC,Middle income,2023,FS.AST.PRVT.GD.ZS,120.342380896758
MIC,Middle income,2022,FS.AST.PRVT.GD.ZS,116.761678362747
MIC,Middle income,2021,FS.AST.PRVT.GD.ZS,115.905485580228
MIC,Middle income,2020,FS.AST.PRVT.GD.ZS,117.932406890715
MIC,Middle income,2019,FS.AST.PRVT.GD.ZS,103.662563541637
MIC,Middle income,2018,FS.AST.PRVT.GD.ZS,102.061466712062
MIC,Middle income,2017,FS.AST.PRVT.GD.ZS,96.492919227289
MIC,Middle income,2016,FS.AST.PRVT.GD.ZS,96.3356045815415
MIC,Middle income,2015,FS.AST.PRVT.GD.ZS,95.6723778231226
MIC,Middle income,2014,FS.AST.PRVT.GD.ZS,87.2524680973676
MIC,Middle income,2013,FS.AST.PRVT.GD.ZS,82.2580326994683
MIC,Middle income,2012,FS.AST.PRVT.GD.ZS,77.5320442623005
MIC,Middle income,2011,FS.AST.PRVT.GD.ZS,73.0658776159584
MIC,Middle income,2010,FS.AST.PRVT.GD.ZS,71.5019451290936
MIC,Middle income,2009,FS.AST.PRVT.GD.ZS,70.0142097919082
MIC,Middle income,2008,FS.AST.PRVT.GD.ZS,60.4511256700268
MIC,Middle income,2007,FS.AST.PRVT.GD.ZS,61.5266213748087
MIC,Middle income,2006,FS.AST.PRVT.GD.ZS,58.7839709386346
MIC,Middle income,2005,FS.AST.PRVT.GD.ZS,57.3249198287901
NAC,North America,2025,FS.AST.PRVT.GD.ZS,201.266130729677
NAC,North America,2024,FS.AST.PRVT.GD.ZS,195.875075677875
NAC,North America,2023,FS.AST.PRVT.GD.ZS,191.075390105862
NAC,North America,2022,FS.AST.PRVT.GD.ZS,187.087355429321
NAC,North America,2021,FS.AST.PRVT.GD.ZS,219.125940110191
NAC,North America,2020,FS.AST.PRVT.GD.ZS,217.264343389463
NAC,North America,2019,FS.AST.PRVT.GD.ZS,194.735258917444
NAC,North America,2018,FS.AST.PRVT.GD.ZS,183.054001756212
NAC,North America,2017,FS.AST.PRVT.GD.ZS,194.090996653847
NAC,North America,2016,FS.AST.PRVT.GD.ZS,186.327051044306
NAC,North America,2015,FS.AST.PRVT.GD.ZS,183.632163440252
NAC,North America,2014,FS.AST.PRVT.GD.ZS,184.794021331949
NAC,North America,2013,FS.AST.PRVT.GD.ZS,184.162921715823
NAC,North America,2012,FS.AST.PRVT.GD.ZS,175.443843579456
NAC,North America,2011,FS.AST.PRVT.GD.ZS,174.474559125537
NAC,North America,2010,FS.AST.PRVT.GD.ZS,181.920666527452
NAC,North America,2009,FS.AST.PRVT.GD.ZS,187.479963222695
NAC,North America,2008,FS.AST.PRVT.GD.ZS,179.31923957508
NAC,North America,2007,FS.AST.PRVT.GD.ZS,198.721409280483
NAC,North America,2006,FS.AST.PRVT.GD.ZS,192.690638072893
NAC,North America,2005,FS.AST.PRVT.GD.ZS,183.104961631594
OED,OECD members,2024,FS.AST.PRVT.GD.ZS,147.161877813414
OED,OECD members,2023,FS.AST.PRVT.GD.ZS,141.388076595359
OED,OECD members,2022,FS.AST.PRVT.GD.ZS,143.064994505067
OED,OECD members,2021,FS.AST.PRVT.GD.ZS,157.993307276198
OED,OECD members,2020,FS.AST.PRVT.GD.ZS,160.554336977659
OED,OECD members,2019,FS.AST.PRVT.GD.ZS,144.433609659413
OED,OECD members,2018,FS.AST.PRVT.GD.ZS,137.768090667124
OED,OECD members,2017,FS.AST.PRVT.GD.ZS,142.920346015929
OED,OECD members,2016,FS.AST.PRVT.GD.ZS,140.347043610574
OED,OECD members,2015,FS.AST.PRVT.GD.ZS,138.188506815694
OED,OECD members,2014,FS.AST.PRVT.GD.ZS,136.143677481231
OED,OECD members,2013,FS.AST.PRVT.GD.ZS,137.394193766837
OED,OECD members,2012,FS.AST.PRVT.GD.ZS,135.958173372796
OED,OECD members,2011,FS.AST.PRVT.GD.ZS,135.42997049336
OED,OECD members,2010,FS.AST.PRVT.GD.ZS,140.095872744696
OED,OECD members,2009,FS.AST.PRVT.GD.ZS,144.62647100339
OED,OECD members,2008,FS.AST.PRVT.GD.ZS,139.576336151763
OED,OECD members,2007,FS.AST.PRVT.GD.ZS,147.692001368551
OED,OECD members,2006,FS.AST.PRVT.GD.ZS,145.226982502757
OED,OECD members,2005,FS.AST.PRVT.GD.ZS,140.068935191927
OSS,Other small states,2024,FS.AST.PRVT.GD.ZS,60.1940257620301
OSS,Other small states,2023,FS.AST.PRVT.GD.ZS,59.6629651683219
OSS,Other small states,2022,FS.AST.PRVT.GD.ZS,61.5414602379023
OSS,Other small states,2021,FS.AST.PRVT.GD.ZS,67.4349072111701
OSS,Other small states,2020,FS.AST.PRVT.GD.ZS,74.1284800045033
OSS,Other small states,2019,FS.AST.PRVT.GD.ZS,67.940267597116
OSS,Other small states,2018,FS.AST.PRVT.GD.ZS,73.6224073436667
OSS,Other small states,2017,FS.AST.PRVT.GD.ZS,85.2495810592295
OSS,Other small states,2016,FS.AST.PRVT.GD.ZS,89.92261365457
OSS,Other small states,2015,FS.AST.PRVT.GD.ZS,94.7191003351502
OSS,Other small states,2014,FS.AST.PRVT.GD.ZS,97.5809626639519
OSS,Other small states,2013,FS.AST.PRVT.GD.ZS,102.581093812284
OSS,Other small states,2012,FS.AST.PRVT.GD.ZS,105.545833079861
OSS,Other small states,2011,FS.AST.PRVT.GD.ZS,110.79846192494
OSS,Other small states,2010,FS.AST.PRVT.GD.ZS,118.998136792574
OSS,Other small states,2009,FS.AST.PRVT.GD.ZS,124.418815224314
OSS,Other small states,2008,FS.AST.PRVT.GD.ZS,120.230358039215
OSS,Other small states,2007,FS.AST.PRVT.GD.ZS,124.361916218569
OSS,Other small states,2006,FS.AST.PRVT.GD.ZS,126.031837359601
OSS,Other small states,2005,FS.AST.PRVT.GD.ZS,122.631516075998
PSS,Pacific island small states,2024,FS.AST.PRVT.GD.ZS,85.2146585738157
PSS,Pacific island small states,2023,FS.AST.PRVT.GD.ZS,84.9245185220213
PSS,Pacific island small states,2022,FS.AST.PRVT.GD.ZS,88.206788511782
PSS,Pacific island small states,2021,FS.AST.PRVT.GD.ZS,92.9305888248577
PSS,Pacific island small states,2020,FS.AST.PRVT.GD.ZS,88.9112628542246
PSS,Pacific island small states,2019,FS.AST.PRVT.GD.ZS,77.8425572912832
PSS,Pacific island small states,2018,FS.AST.PRVT.GD.ZS,72.2976725797762
PSS,Pacific island small states,2017,FS.AST.PRVT.GD.ZS,69.4436953953883
PSS,Pacific island small states,2016,FS.AST.PRVT.GD.ZS,68.6174300285914
PSS,Pacific island small states,2015,FS.AST.PRVT.GD.ZS,64.9153466809702
PSS,Pacific island small states,2014,FS.AST.PRVT.GD.ZS,61.6766880083579
PSS,Pacific island small states,2013,FS.AST.PRVT.GD.ZS,60.8275474271574
PSS,Pacific island small states,2012,FS.AST.PRVT.GD.ZS,60.8352606012144
PSS,Pacific island small states,2011,FS.AST.PRVT.GD.ZS,60.0890395221285
PSS,Pacific island small states,2010,FS.AST.PRVT.GD.ZS,64.281658019807
PSS,Pacific island small states,2009,FS.AST.PRVT.GD.ZS,67.7195546217964
PSS,Pacific island small states,2008,FS.AST.PRVT.GD.ZS,67.5764591967844
PSS,Pacific island small states,2007,FS.AST.PRVT.GD.ZS,63.1172780785771
PSS,Pacific island small states,2006,FS.AST.PRVT.GD.ZS,62.5982582956119
PSS,Pacific island small states,2005,FS.AST.PRVT.GD.ZS,56.5081693801713
PST,Post-demographic dividend,2024,FS.AST.PRVT.GD.ZS,158.864463527752
PST,Post-demographic dividend,2023,FS.AST.PRVT.GD.ZS,151.18298624844
PST,Post-demographic dividend,2022,FS.AST.PRVT.GD.ZS,152.214555004888
PST,Post-demographic dividend,2021,FS.AST.PRVT.GD.ZS,167.185326352162
PST,Post-demographic dividend,2020,FS.AST.PRVT.GD.ZS,169.016692272942
PST,Post-demographic dividend,2019,FS.AST.PRVT.GD.ZS,152.185227922217
PST,Post-demographic dividend,2018,FS.AST.PRVT.GD.ZS,144.956850144041
PST,Post-demographic dividend,2017,FS.AST.PRVT.GD.ZS,150.531260402209
PST,Post-demographic dividend,2016,FS.AST.PRVT.GD.ZS,147.504779386863
PST,Post-demographic dividend,2015,FS.AST.PRVT.GD.ZS,145.659278524635
PST,Post-demographic dividend,2014,FS.AST.PRVT.GD.ZS,143.925820235113
PST,Post-demographic dividend,2013,FS.AST.PRVT.GD.ZS,145.081326761417
PST,Post-demographic dividend,2012,FS.AST.PRVT.GD.ZS,143.205505118058
PST,Post-demographic dividend,2011,FS.AST.PRVT.GD.ZS,142.652773380876
PST,Post-demographic dividend,2010,FS.AST.PRVT.GD.ZS,147.382473693997
PST,Post-demographic dividend,2009,FS.AST.PRVT.GD.ZS,151.204525491881
PST,Post-demographic dividend,2008,FS.AST.PRVT.GD.ZS,146.32119432026
PST,Post-demographic dividend,2007,FS.AST.PRVT.GD.ZS,153.053697392266
PST,Post-demographic dividend,2006,FS.AST.PRVT.GD.ZS,150.564137340371
PST,Post-demographic dividend,2005,FS.AST.PRVT.GD.ZS,145.070143309207
PRE,Pre-demographic dividend,2022,FS.AST.PRVT.GD.ZS,12.7107129041481
PRE,Pre-demographic dividend,2021,FS.AST.PRVT.GD.ZS,13.2255795088647
PRE,Pre-demographic dividend,2020,FS.AST.PRVT.GD.ZS,13.0926242693813
PRE,Pre-demographic dividend,2019,FS.AST.PRVT.GD.ZS,11.8551512661897
PRE,Pre-demographic dividend,2018,FS.AST.PRVT.GD.ZS,13.1301657467788
PRE,Pre-demographic dividend,2017,FS.AST.PRVT.GD.ZS,14.4346544031321
PRE,Pre-demographic dividend,2016,FS.AST.PRVT.GD.ZS,15.429719972175
PRE,Pre-demographic dividend,2015,FS.AST.PRVT.GD.ZS,14.9451179148079
PRE,Pre-demographic dividend,2014,FS.AST.PRVT.GD.ZS,13.1731207672763
PRE,Pre-demographic dividend,2013,FS.AST.PRVT.GD.ZS,11.6783443417025
PRE,Pre-demographic dividend,2012,FS.AST.PRVT.GD.ZS,10.8884006514754
PRE,Pre-demographic dividend,2011,FS.AST.PRVT.GD.ZS,10.7714500264951
PRE,Pre-demographic dividend,2010,FS.AST.PRVT.GD.ZS,11.8376527465482
PRE,Pre-demographic dividend,2009,FS.AST.PRVT.GD.ZS,13.8073557599971
PRE,Pre-demographic dividend,2008,FS.AST.PRVT.GD.ZS,12.771482092747
PRE,Pre-demographic dividend,2007,FS.AST.PRVT.GD.ZS,10.7280728167973
PRE,Pre-demographic dividend,2006,FS.AST.PRVT.GD.ZS,8.3233099347414
PRE,Pre-demographic dividend,2005,FS.AST.PRVT.GD.ZS,8.08254684002019
SST,Small states,2024,FS.AST.PRVT.GD.ZS,54.7866653935173
SST,Small states,2023,FS.AST.PRVT.GD.ZS,55.565550808035
SST,Small states,2022,FS.AST.PRVT.GD.ZS,56.0546495840515
SST,Small states,2021,FS.AST.PRVT.GD.ZS,63.0490208117934
SST,Small states,2020,FS.AST.PRVT.GD.ZS,69.4902710539111
SST,Small states,2019,FS.AST.PRVT.GD.ZS,62.8923661169171
SST,Small states,2018,FS.AST.PRVT.GD.ZS,66.5830125818036
SST,Small states,2017,FS.AST.PRVT.GD.ZS,74.2675203706517
SST,Small states,2016,FS.AST.PRVT.GD.ZS,75.5211964458978
SST,Small states,2015,FS.AST.PRVT.GD.ZS,76.568718845371
SST,Small states,2014,FS.AST.PRVT.GD.ZS,78.5668115988917
SST,Small states,2013,FS.AST.PRVT.GD.ZS,81.9088333252434
SST,Small states,2012,FS.AST.PRVT.GD.ZS,83.8936988186838
SST,Small states,2011,FS.AST.PRVT.GD.ZS,89.4459735018428
SST,Small states,2010,FS.AST.PRVT.GD.ZS,94.9470538725814
SST,Small states,2009,FS.AST.PRVT.GD.ZS,99.8670142643853
SST,Small states,2008,FS.AST.PRVT.GD.ZS,94.2516400085498
SST,Small states,2007,FS.AST.PRVT.GD.ZS,98.6216846784752
SST,Small states,2006,FS.AST.PRVT.GD.ZS,98.4833578991917
SST,Small states,2005,FS.AST.PRVT.GD.ZS,94.4546745614643
SAS,South Asia,2025,FS.AST.PRVT.GD.ZS,43.5359475018476
SAS,South Asia,2024,FS.AST.PRVT.GD.ZS,41.5118785770447
SAS,South Asia,2023,FS.AST.PRVT.GD.ZS,41.0734353179942
SAS,South Asia,2022,FS.AST.PRVT.GD.ZS,38.9145368186969
SAS,South Asia,2021,FS.AST.PRVT.GD.ZS,37.8475531358467
SAS,South Asia,2020,FS.AST.PRVT.GD.ZS,41.1421997214324
SAS,South Asia,2019,FS.AST.PRVT.GD.ZS,39.4099403727697
SAS,South Asia,2018,FS.AST.PRVT.GD.ZS,39.6371300627299
SAS,South Asia,2017,FS.AST.PRVT.GD.ZS,38.8532956425947
SAS,South Asia,2016,FS.AST.PRVT.GD.ZS,38.5857327622262
SAS,South Asia,2015,FS.AST.PRVT.GD.ZS,50.8279903711443
SAS,South Asia,2014,FS.AST.PRVT.GD.ZS,50.6372743600575
SAS,South Asia,2013,FS.AST.PRVT.GD.ZS,50.8834179442512
SAS,South Asia,2012,FS.AST.PRVT.GD.ZS,50.6352215218388
SAS,South Asia,2011,FS.AST.PRVT.GD.ZS,50.0823103354201
SAS,South Asia,2010,FS.AST.PRVT.GD.ZS,49.1721042714857
SAS,South Asia,2009,FS.AST.PRVT.GD.ZS,46.7723142876329
SAS,South Asia,2008,FS.AST.PRVT.GD.ZS,47.9119532463636
SAS,South Asia,2007,FS.AST.PRVT.GD.ZS,44.4739603484425
SAS,South Asia,2006,FS.AST.PRVT.GD.ZS,42.4240630844613
SAS,South Asia,2005,FS.AST.PRVT.GD.ZS,38.9548190507306
TSA,South Asia (IDA & IBRD),2025,FS.AST.PRVT.GD.ZS,43.5359475018476
TSA,South Asia (IDA & IBRD),2024,FS.AST.PRVT.GD.ZS,41.5118785770447
TSA,South Asia (IDA & IBRD),2023,FS.AST.PRVT.GD.ZS,41.0734353179942
TSA,South Asia (IDA & IBRD),2022,FS.AST.PRVT.GD.ZS,38.9145368186969
TSA,South Asia (IDA & IBRD),2021,FS.AST.PRVT.GD.ZS,37.8475531358467
TSA,South Asia (IDA & IBRD),2020,FS.AST.PRVT.GD.ZS,41.1421997214324
TSA,South Asia (IDA & IBRD),2019,FS.AST.PRVT.GD.ZS,39.4099403727697
TSA,South Asia (IDA & IBRD),2018,FS.AST.PRVT.GD.ZS,39.6371300627299
TSA,South Asia (IDA & IBRD),2017,FS.AST.PRVT.GD.ZS,38.8532956425947
TSA,South Asia (IDA & IBRD),2016,FS.AST.PRVT.GD.ZS,38.5857327622262
TSA,South Asia (IDA & IBRD),2015,FS.AST.PRVT.GD.ZS,50.8279903711442
TSA,South Asia (IDA & IBRD),2014,FS.AST.PRVT.GD.ZS,50.6372743600575
TSA,South Asia (IDA & IBRD),2013,FS.AST.PRVT.GD.ZS,50.8834179442512
TSA,South Asia (IDA & IBRD),2012,FS.AST.PRVT.GD.ZS,50.6352215218388
TSA,South Asia (IDA & IBRD),2011,FS.AST.PRVT.GD.ZS,50.0823103354201
TSA,South Asia (IDA & IBRD),2010,FS.AST.PRVT.GD.ZS,49.1721042714857
TSA,South Asia (IDA & IBRD),2009,FS.AST.PRVT.GD.ZS,46.7723142876329
TSA,South Asia (IDA & IBRD),2008,FS.AST.PRVT.GD.ZS,47.9119532463636
TSA,South Asia (IDA & IBRD),2007,FS.AST.PRVT.GD.ZS,44.4739603484425
TSA,South Asia (IDA & IBRD),2006,FS.AST.PRVT.GD.ZS,42.4240630844613
TSA,South Asia (IDA & IBRD),2005,FS.AST.PRVT.GD.ZS,38.9548190507306
SSF,Sub-Saharan Africa,2022,FS.AST.PRVT.GD.ZS,29.4288149619762
SSF,Sub-Saharan Africa,2021,FS.AST.PRVT.GD.ZS,31.509530891902
SSF,Sub-Saharan Africa,2020,FS.AST.PRVT.GD.ZS,32.8990929007304
SSF,Sub-Saharan Africa,2019,FS.AST.PRVT.GD.ZS,34.4255457678831
SSF,Sub-Saharan Africa,2018,FS.AST.PRVT.GD.ZS,39.8085747124212
SSF,Sub-Saharan Africa,2017,FS.AST.PRVT.GD.ZS,43.438105783511
SSF,Sub-Saharan Africa,2016,FS.AST.PRVT.GD.ZS,41.8885439640977
SSF,Sub-Saharan Africa,2015,FS.AST.PRVT.GD.ZS,41.1027671073151
SSF,Sub-Saharan Africa,2014,FS.AST.PRVT.GD.ZS,41.6113046609591
SSF,Sub-Saharan Africa,2013,FS.AST.PRVT.GD.ZS,42.5315580452636
SSF,Sub-Saharan Africa,2012,FS.AST.PRVT.GD.ZS,45.8240070856446
SSF,Sub-Saharan Africa,2011,FS.AST.PRVT.GD.ZS,46.2153852429968
SSF,Sub-Saharan Africa,2010,FS.AST.PRVT.GD.ZS,50.419931670233
SSF,Sub-Saharan Africa,2009,FS.AST.PRVT.GD.ZS,48.9683982532601
SSF,Sub-Saharan Africa,2008,FS.AST.PRVT.GD.ZS,46.3449850106218
SSF,Sub-Saharan Africa,2007,FS.AST.PRVT.GD.ZS,55.716897103099
SSF,Sub-Saharan Africa,2006,FS.AST.PRVT.GD.ZS,55.0539363666772
SSF,Sub-Saharan Africa,2005,FS.AST.PRVT.GD.ZS,53.255951204015
SSA,Sub-Saharan Africa (excluding high income),2022,FS.AST.PRVT.GD.ZS,29.4288149619761
SSA,Sub-Saharan Africa (excluding high income),2021,FS.AST.PRVT.GD.ZS,31.509530891902
SSA,Sub-Saharan Africa (excluding high income),2020,FS.AST.PRVT.GD.ZS,32.8990929007304
SSA,Sub-Saharan Africa (excluding high income),2019,FS.AST.PRVT.GD.ZS,34.4255457678831
SSA,Sub-Saharan Africa (excluding high income),2018,FS.AST.PRVT.GD.ZS,39.8085747124213
SSA,Sub-Saharan Africa (excluding high income),2017,FS.AST.PRVT.GD.ZS,43.438105783511
SSA,Sub-Saharan Africa (excluding high income),2016,FS.AST.PRVT.GD.ZS,41.9073114496663
SSA,Sub-Saharan Africa (excluding high income),2015,FS.AST.PRVT.GD.ZS,41.1176398673569
SSA,Sub-Saharan Africa (excluding high income),2014,FS.AST.PRVT.GD.ZS,41.6256103987673
SSA,Sub-Saharan Africa (excluding high income),2013,FS.AST.PRVT.GD.ZS,42.5490781936273
SSA,Sub-Saharan Africa (excluding high income),2012,FS.AST.PRVT.GD.ZS,45.8419959088399
SSA,Sub-Saharan Africa (excluding high income),2011,FS.AST.PRVT.GD.ZS,46.2324675214705
SSA,Sub-Saharan Africa (excluding high income),2010,FS.AST.PRVT.GD.ZS,50.4402736351241
SSA,Sub-Saharan Africa (excluding high income),2009,FS.AST.PRVT.GD.ZS,48.9916078536319
SSA,Sub-Saharan Africa (excluding high income),2008,FS.AST.PRVT.GD.ZS,46.3612247510677
SSA,Sub-Saharan Africa (excluding high income),2007,FS.AST.PRVT.GD.ZS,55.7508615666358
SSA,Sub-Saharan Africa (excluding high income),2006,FS.AST.PRVT.GD.ZS,55.0954501549941
SSA,Sub-Saharan Africa (excluding high income),2005,FS.AST.PRVT.GD.ZS,53.2946100057085
TSS,Sub-Saharan Africa (IDA & IBRD countries),2022,FS.AST.PRVT.GD.ZS,29.4288149619761
TSS,Sub-Saharan Africa (IDA & IBRD countries),2021,FS.AST.PRVT.GD.ZS,31.509530891902
TSS,Sub-Saharan Africa (IDA & IBRD countries),2020,FS.AST.PRVT.GD.ZS,32.8990929007304
TSS,Sub-Saharan Africa (IDA & IBRD countries),2019,FS.AST.PRVT.GD.ZS,34.4255457678831
TSS,Sub-Saharan Africa (IDA & IBRD countries),2018,FS.AST.PRVT.GD.ZS,39.8085747124212
TSS,Sub-Saharan Africa (IDA & IBRD countries),2017,FS.AST.PRVT.GD.ZS,43.438105783511
TSS,Sub-Saharan Africa (IDA & IBRD countries),2016,FS.AST.PRVT.GD.ZS,41.8885439640977
TSS,Sub-Saharan Africa (IDA & IBRD countries),2015,FS.AST.PRVT.GD.ZS,41.1027671073151
TSS,Sub-Saharan Africa (IDA & IBRD countries),2014,FS.AST.PRVT.GD.ZS,41.6113046609591
TSS,Sub-Saharan Africa (IDA & IBRD countries),2013,FS.AST.PRVT.GD.ZS,42.5315580452636
TSS,Sub-Saharan Africa (IDA & IBRD countries),2012,FS.AST.PRVT.GD.ZS,45.8240070856446
TSS,Sub-Saharan Africa (IDA & IBRD countries),2011,FS.AST.PRVT.GD.ZS,46.2153852429968
TSS,Sub-Saharan Africa (IDA & IBRD countries),2010,FS.AST.PRVT.GD.ZS,50.419931670233
TSS,Sub-Saharan Africa (IDA & IBRD countries),2009,FS.AST.PRVT.GD.ZS,48.9683982532601
TSS,Sub-Saharan Africa (IDA & IBRD countries),2008,FS.AST.PRVT.GD.ZS,46.3449850106218
TSS,Sub-Saharan Africa (IDA & IBRD countries),2007,FS.AST.PRVT.GD.ZS,55.716897103099
TSS,Sub-Saharan Africa (IDA & IBRD countries),2006,FS.AST.PRVT.GD.ZS,55.0539363666772
TSS,Sub-Saharan Africa (IDA & IBRD countries),2005,FS.AST.PRVT.GD.ZS,53.255951204015
,Upper middle income,2024,FS.AST.PRVT.GD.ZS,138.980777090742
,Upper middle income,2023,FS.AST.PRVT.GD.ZS,136.762737612378
,Upper middle income,2022,FS.AST.PRVT.GD.ZS,135.091182261302
,Upper middle income,2021,FS.AST.PRVT.GD.ZS,133.934263000578
,Upper middle income,2020,FS.AST.PRVT.GD.ZS,136.978302363768
,Upper middle income,2019,FS.AST.PRVT.GD.ZS,120.167515573585
,Upper middle income,2018,FS.AST.PRVT.GD.ZS,117.288385149071
,Upper middle income,2017,FS.AST.PRVT.GD.ZS,110.665358065562
,Upper middle income,2016,FS.AST.PRVT.GD.ZS,110.243969328181
,Upper middle income,2015,FS.AST.PRVT.GD.ZS,107.941244388734
,Upper middle income,2014,FS.AST.PRVT.GD.ZS,97.2435348569845
,Upper middle income,2013,FS.AST.PRVT.GD.ZS,91.6649634448655
,Upper middle income,2012,FS.AST.PRVT.GD.ZS,86.0953095928031
,Upper middle income,2011,FS.AST.PRVT.GD.ZS,80.6650232204956
,Upper middle income,2010,FS.AST.PRVT.GD.ZS,79.6716692975669
,Upper middle income,2009,FS.AST.PRVT.GD.ZS,78.2028461236515
,Upper middle income,2008,FS.AST.PRVT.GD.ZS,66.2258621538772
,Upper middle income,2007,FS.AST.PRVT.GD.ZS,69.0233587023123
,Upper middle income,2006,FS.AST.PRVT.GD.ZS,66.5191679712864
,Upper middle income,2005,FS.AST.PRVT.GD.ZS,65.1552363704037
WLD,World,2024,FS.AST.PRVT.GD.ZS,140.320450889154
WLD,World,2023,FS.AST.PRVT.GD.ZS,135.970794209535
WLD,World,2022,FS.AST.PRVT.GD.ZS,134.425544469509
WLD,World,2021,FS.AST.PRVT.GD.ZS,141.763457285887
WLD,World,2020,FS.AST.PRVT.GD.ZS,144.753092059914
WLD,World,2019,FS.AST.PRVT.GD.ZS,129.285560145866
WLD,World,2018,FS.AST.PRVT.GD.ZS,124.755658006436
WLD,World,2017,FS.AST.PRVT.GD.ZS,125.424111815096
WLD,World,2016,FS.AST.PRVT.GD.ZS,124.550892984595
WLD,World,2015,FS.AST.PRVT.GD.ZS,123.111922153077
WLD,World,2014,FS.AST.PRVT.GD.ZS,118.80691859096
WLD,World,2013,FS.AST.PRVT.GD.ZS,117.488369489944
WLD,World,2012,FS.AST.PRVT.GD.ZS,115.419758237044
WLD,World,2011,FS.AST.PRVT.GD.ZS,114.599475207013
WLD,World,2010,FS.AST.PRVT.GD.ZS,119.200846639961
WLD,World,2009,FS.AST.PRVT.GD.ZS,124.484291757973
WLD,World,2008,FS.AST.PRVT.GD.ZS,119.892572344397
WLD,World,2007,FS.AST.PRVT.GD.ZS,127.922562175159
WLD,World,2006,FS.AST.PRVT.GD.ZS,127.716648833991
WLD,World,2005,FS.AST.PRVT.GD.ZS,125.120374721334
AFG,Afghanistan,2020,FS.AST.PRVT.GD.ZS,3.09659808966059
AFG,Afghanistan,2019,FS.AST.PRVT.GD.ZS,3.22995723026215
AFG,Afghanistan,2018,FS.AST.PRVT.GD.ZS,3.51231703339133
AFG,Afghanistan,2017,FS.AST.PRVT.GD.ZS,3.84188120492596
AFG,Afghanistan,2016,FS.AST.PRVT.GD.ZS,3.88832174612488
AFG,Afghanistan,2015,FS.AST.PRVT.GD.ZS,3.98149379462535
AFG,Afghanistan,2014,FS.AST.PRVT.GD.ZS,3.94105709996345
AFG,Afghanistan,2013,FS.AST.PRVT.GD.ZS,4.3216854169302
AFG,Afghanistan,2012,FS.AST.PRVT.GD.ZS,4.47210362973721
AFG,Afghanistan,2011,FS.AST.PRVT.GD.ZS,4.95918037606027
AFG,Afghanistan,2010,FS.AST.PRVT.GD.ZS,11.5750442390122
AFG,Afghanistan,2009,FS.AST.PRVT.GD.ZS,10.58413068423
AFG,Afghanistan,2008,FS.AST.PRVT.GD.ZS,9.38832772083979
AFG,Afghanistan,2007,FS.AST.PRVT.GD.ZS,6.83998223656721
AFG,Afghanistan,2006,FS.AST.PRVT.GD.ZS,4.84285686566253
ALB,Albania,2024,FS.AST.PRVT.GD.ZS,34.126089863133
ALB,Albania,2023,FS.AST.PRVT.GD.ZS,32.4665672054877
ALB,Albania,2022,FS.AST.PRVT.GD.ZS,33.7912381516025
ALB,Albania,2021,FS.AST.PRVT.GD.ZS,36.4341686860283
ALB,Albania,2020,FS.AST.PRVT.GD.ZS,37.719333429721
ALB,Albania,2019,FS.AST.PRVT.GD.ZS,33.725595513728
ALB,Albania,2018,FS.AST.PRVT.GD.ZS,32.507358683887
ALB,Albania,2017,FS.AST.PRVT.GD.ZS,34.1324652358472
ALB,Albania,2016,FS.AST.PRVT.GD.ZS,36.2098635348358
ALB,Albania,2015,FS.AST.PRVT.GD.ZS,36.8808802178051
ALB,Albania,2014,FS.AST.PRVT.GD.ZS,39.0603696115194
ALB,Albania,2013,FS.AST.PRVT.GD.ZS,39.7219957616213
ALB,Albania,2012,FS.AST.PRVT.GD.ZS,41.048928970868
ALB,Albania,2011,FS.AST.PRVT.GD.ZS,40.8904191085198
ALB,Albania,2010,FS.AST.PRVT.GD.ZS,38.5667222073844
ALB,Albania,2009,FS.AST.PRVT.GD.ZS,37.3109373018231
DZA,Algeria,2025,FS.AST.PRVT.GD.ZS,19.5912759166229
DZA,Algeria,2024,FS.AST.PRVT.GD.ZS,19.0341413218985
DZA,Algeria,2023,FS.AST.PRVT.GD.ZS,18.846702518083
DZA,Algeria,2022,FS.AST.PRVT.GD.ZS,18.2397846012834
DZA,Algeria,2021,FS.AST.PRVT.GD.ZS,22.659990400839
DZA,Algeria,2020,FS.AST.PRVT.GD.ZS,26.1172134194462
DZA,Algeria,2019,FS.AST.PRVT.GD.ZS,22.9128695368994
DZA,Algeria,2018,FS.AST.PRVT.GD.ZS,22.387148870126
DZA,Algeria,2017,FS.AST.PRVT.GD.ZS,21.8603855833638
DZA,Algeria,2016,FS.AST.PRVT.GD.ZS,20.2524548230485
DZA,Algeria,2015,FS.AST.PRVT.GD.ZS,19.2203451351034
DZA,Algeria,2014,FS.AST.PRVT.GD.ZS,16.4216636360139
DZA,Algeria,2013,FS.AST.PRVT.GD.ZS,15.0652748989807
DZA,Algeria,2012,FS.AST.PRVT.GD.ZS,12.9086438651722
DZA,Algeria,2011,FS.AST.PRVT.GD.ZS,12.5651064123385
DZA,Algeria,2010,FS.AST.PRVT.GD.ZS,13.7901331989861
DZA,Algeria,2009,FS.AST.PRVT.GD.ZS,14.8475768615458
DZA,Algeria,2008,FS.AST.PRVT.GD.ZS,12.1301917581652
DZA,Algeria,2007,FS.AST.PRVT.GD.ZS,12.3058156265958
DZA,Algeria,2006,FS.AST.PRVT.GD.ZS,11.5208153731445
DZA,Algeria,2005,FS.AST.PRVT.GD.ZS,11.5002886298427
AGO,Angola,2025,FS.AST.PRVT.GD.ZS,6.5808829663827
AGO,Angola,2024,FS.AST.PRVT.GD.ZS,7.16892640926562
AGO,Angola,2023,FS.AST.PRVT.GD.ZS,7.64573374416092
AGO,Angola,2022,FS.AST.PRVT.GD.ZS,7.02506194435415
AGO,Angola,2021,FS.AST.PRVT.GD.ZS,8.84430174641055
AGO,Angola,2020,FS.AST.PRVT.GD.ZS,11.3765590843673
AGO,Angola,2019,FS.AST.PRVT.GD.ZS,13.3956028675861
AGO,Angola,2018,FS.AST.PRVT.GD.ZS,13.1109176010975
AGO,Angola,2017,FS.AST.PRVT.GD.ZS,14.6302579552929
AGO,Angola,2016,FS.AST.PRVT.GD.ZS,18.3180075029506
AGO,Angola,2015,FS.AST.PRVT.GD.ZS,22.2749280174857
ATG,Antigua and Barbuda,2025,FS.AST.PRVT.GD.ZS,37.4183804230231
ATG,Antigua and Barbuda,2024,FS.AST.PRVT.GD.ZS,39.3590698805664
ATG,Antigua and Barbuda,2023,FS.AST.PRVT.GD.ZS,37.1178277912608
ATG,Antigua and Barbuda,2022,FS.AST.PRVT.GD.ZS,38.3642089182543
ATG,Antigua and Barbuda,2021,FS.AST.PRVT.GD.ZS,45.4347464248891
ATG,Antigua and Barbuda,2020,FS.AST.PRVT.GD.ZS,53.7704057805227
ATG,Antigua and Barbuda,2019,FS.AST.PRVT.GD.ZS,41.9491312714393
ATG,Antigua and Barbuda,2018,FS.AST.PRVT.GD.ZS,41.6541874622447
ATG,Antigua and Barbuda,2017,FS.AST.PRVT.GD.ZS,44.2266252584994
ATG,Antigua and Barbuda,2016,FS.AST.PRVT.GD.ZS,47.0134239034493
ATG,Antigua and Barbuda,2015,FS.AST.PRVT.GD.ZS,48.6317411322758
ATG,Antigua and Barbuda,2014,FS.AST.PRVT.GD.ZS,56.0332947393022
ATG,Antigua and Barbuda,2013,FS.AST.PRVT.GD.ZS,61.2782354058857
ATG,Antigua and Barbuda,2012,FS.AST.PRVT.GD.ZS,61.878190497643
ATG,Antigua and Barbuda,2011,FS.AST.PRVT.GD.ZS,67.7158524340669
ATG,Antigua and Barbuda,2010,FS.AST.PRVT.GD.ZS,69.9672803619414
ATG,Antigua and Barbuda,2009,FS.AST.PRVT.GD.ZS,65.7920450902874
ATG,Antigua and Barbuda,2008,FS.AST.PRVT.GD.ZS,58.6556354220414
ATG,Antigua and Barbuda,2007,FS.AST.PRVT.GD.ZS,56.8669025605526
ATG,Antigua and Barbuda,2006,FS.AST.PRVT.GD.ZS,56.9746755608082
ATG,Antigua and Barbuda,2005,FS.AST.PRVT.GD.ZS,53.9303290896611
ARG,Argentina,2025,FS.AST.PRVT.GD.ZS,17.59829273545
ARG,Argentina,2024,FS.AST.PRVT.GD.ZS,15.1176778381075
ARG,Argentina,2023,FS.AST.PRVT.GD.ZS,15.3570823376105
ARG,Argentina,2022,FS.AST.PRVT.GD.ZS,12.8891009335255
ARG,Argentina,2021,FS.AST.PRVT.GD.ZS,13.2644289814535
ARG,Argentina,2020,FS.AST.PRVT.GD.ZS,15.746489768328
ARG,Argentina,2019,FS.AST.PRVT.GD.ZS,14.4776292447323
ARG,Argentina,2017,FS.AST.PRVT.GD.ZS,15.9584973420583
ARG,Argentina,2016,FS.AST.PRVT.GD.ZS,13.6676334273514
ARG,Argentina,2015,FS.AST.PRVT.GD.ZS,14.4142330417064
ARG,Argentina,2014,FS.AST.PRVT.GD.ZS,13.8237692455151
ARG,Argentina,2013,FS.AST.PRVT.GD.ZS,15.7290920133564
ARG,Argentina,2012,FS.AST.PRVT.GD.ZS,15.2128150156924
ARG,Argentina,2011,FS.AST.PRVT.GD.ZS,14.0087151168124
ARG,Argentina,2010,FS.AST.PRVT.GD.ZS,12.6901062454749
ARG,Argentina,2009,FS.AST.PRVT.GD.ZS,12.4162075416805
ARG,Argentina,2008,FS.AST.PRVT.GD.ZS,12.313946714342
ARG,Argentina,2007,FS.AST.PRVT.GD.ZS,13.0985413493544
ARG,Argentina,2006,FS.AST.PRVT.GD.ZS,11.9102616607561
ARG,Argentina,2005,FS.AST.PRVT.GD.ZS,10.6534929189359
ARM,Armenia,2025,FS.AST.PRVT.GD.ZS,70.5396772541144
ARM,Armenia,2024,FS.AST.PRVT.GD.ZS,64.3799433173924
ARM,Armenia,2023,FS.AST.PRVT.GD.ZS,55.4049602573759
ARM,Armenia,2022,FS.AST.PRVT.GD.ZS,52.5538426755395
ARM,Armenia,2021,FS.AST.PRVT.GD.ZS,61.6738125458808
ARM,Armenia,2020,FS.AST.PRVT.GD.ZS,72.1929140858517
ARM,Armenia,2019,FS.AST.PRVT.GD.ZS,60.1552379151791
ARM,Armenia,2018,FS.AST.PRVT.GD.ZS,55.5020027333594
ARM,Armenia,2017,FS.AST.PRVT.GD.ZS,51.5425858055792
ARM,Armenia,2016,FS.AST.PRVT.GD.ZS,48.8756443742772
ARM,Armenia,2015,FS.AST.PRVT.GD.ZS,45.630782609944
ARM,Armenia,2014,FS.AST.PRVT.GD.ZS,48.9171731063841
ARM,Armenia,2013,FS.AST.PRVT.GD.ZS,42.380240486921
ARM,Armenia,2012,FS.AST.PRVT.GD.ZS,40.0600551046666
ARM,Armenia,2011,FS.AST.PRVT.GD.ZS,35.3678878720351
ARM,Armenia,2010,FS.AST.PRVT.GD.ZS,28.4451645997959
ARM,Armenia,2009,FS.AST.PRVT.GD.ZS,24.8549219693588
ABW,Aruba,2023,FS.AST.PRVT.GD.ZS,58.0463512184556
ABW,Aruba,2022,FS.AST.PRVT.GD.ZS,60.483648319417
ABW,Aruba,2021,FS.AST.PRVT.GD.ZS,68.4463757905501
ABW,Aruba,2020,FS.AST.PRVT.GD.ZS,82.4396515007629
ABW,Aruba,2019,FS.AST.PRVT.GD.ZS,59.632630010099
ABW,Aruba,2018,FS.AST.PRVT.GD.ZS,55.9651018283957
ABW,Aruba,2017,FS.AST.PRVT.GD.ZS,57.246534425591
ABW,Aruba,2016,FS.AST.PRVT.GD.ZS,57.2219316866237
ABW,Aruba,2015,FS.AST.PRVT.GD.ZS,56.6268817632089
ABW,Aruba,2014,FS.AST.PRVT.GD.ZS,60.2405386637617
ABW,Aruba,2013,FS.AST.PRVT.GD.ZS,59.1636851428981
ABW,Aruba,2012,FS.AST.PRVT.GD.ZS,58.6859032351161
ABW,Aruba,2011,FS.AST.PRVT.GD.ZS,56.2504341594081
ABW,Aruba,2010,FS.AST.PRVT.GD.ZS,58.8006572951036
ABW,Aruba,2009,FS.AST.PRVT.GD.ZS,55.8930411328093
ABW,Aruba,2008,FS.AST.PRVT.GD.ZS,50.6584576108456
ABW,Aruba,2007,FS.AST.PRVT.GD.ZS,51.7272559982541
ABW,Aruba,2006,FS.AST.PRVT.GD.ZS,53.8841202639004
ABW,Aruba,2005,FS.AST.PRVT.GD.ZS,54.0607007192211
AUS,Australia,2025,FS.AST.PRVT.GD.ZS,133.792637955073
AUS,Australia,2024,FS.AST.PRVT.GD.ZS,129.317349651589
AUS,Australia,2023,FS.AST.PRVT.GD.ZS,126.962120898014
AUS,Australia,2022,FS.AST.PRVT.GD.ZS,133.643883130746
AUS,Australia,2021,FS.AST.PRVT.GD.ZS,138.339567139855
AUS,Australia,2020,FS.AST.PRVT.GD.ZS,141.704749324425
AUS,Australia,2019,FS.AST.PRVT.GD.ZS,135.666714386567
AUS,Australia,2018,FS.AST.PRVT.GD.ZS,139.498062822532
AUS,Australia,2017,FS.AST.PRVT.GD.ZS,140.108067004121
AUS,Australia,2016,FS.AST.PRVT.GD.ZS,142.104255731186
AUS,Australia,2015,FS.AST.PRVT.GD.ZS,135.800292705604
AUS,Australia,2014,FS.AST.PRVT.GD.ZS,127.883848731619
AUS,Australia,2013,FS.AST.PRVT.GD.ZS,124.183275636084
AUS,Australia,2012,FS.AST.PRVT.GD.ZS,120.774756172135
AUS,Australia,2011,FS.AST.PRVT.GD.ZS,121.790806241677
AUS,Australia,2010,FS.AST.PRVT.GD.ZS,124.791339290254
AUS,Australia,2009,FS.AST.PRVT.GD.ZS,122.113074120131
AUS,Australia,2008,FS.AST.PRVT.GD.ZS,121.444819283971
AUS,Australia,2007,FS.AST.PRVT.GD.ZS,120.28724964726
AUS,Australia,2006,FS.AST.PRVT.GD.ZS,113.405916759874
AUS,Australia,2005,FS.AST.PRVT.GD.ZS,108.259010705054
AUT,Austria,2024,FS.AST.PRVT.GD.ZS,81.7652651021229
AUT,Austria,2023,FS.AST.PRVT.GD.ZS,84.1024713084051
AUT,Austria,2022,FS.AST.PRVT.GD.ZS,89.1835529946886
AUT,Austria,2021,FS.AST.PRVT.GD.ZS,93.0624546800894
AUT,Austria,2020,FS.AST.PRVT.GD.ZS,93.0516337886918
AUT,Austria,2019,FS.AST.PRVT.GD.ZS,86.3027943646251
AUT,Austria,2018,FS.AST.PRVT.GD.ZS,84.8629638770058
AUT,Austria,2017,FS.AST.PRVT.GD.ZS,84.7370865911526
AUT,Austria,2016,FS.AST.PRVT.GD.ZS,83.5897539711459
AUT,Austria,2015,FS.AST.PRVT.GD.ZS,86.4399964991008
AUT,Austria,2014,FS.AST.PRVT.GD.ZS,88.3599171258328
AUT,Austria,2013,FS.AST.PRVT.GD.ZS,93.3411391388064
AUT,Austria,2012,FS.AST.PRVT.GD.ZS,94.8379795773965
AUT,Austria,2011,FS.AST.PRVT.GD.ZS,96.672569255418
AUT,Austria,2010,FS.AST.PRVT.GD.ZS,99.1468795000545
AUT,Austria,2009,FS.AST.PRVT.GD.ZS,98.3438510262014
AUT,Austria,2008,FS.AST.PRVT.GD.ZS,96.4418920331131
AUT,Austria,2007,FS.AST.PRVT.GD.ZS,93.5025894904191
AUT,Austria,2006,FS.AST.PRVT.GD.ZS,95.1090616207875
AUT,Austria,2005,FS.AST.PRVT.GD.ZS,94.9670359723065
AZE,Azerbaijan,2025,FS.AST.PRVT.GD.ZS,24.8605928252359
AZE,Azerbaijan,2024,FS.AST.PRVT.GD.ZS,26.3556394312275
AZE,Azerbaijan,2023,FS.AST.PRVT.GD.ZS,23.1277980537513
AZE,Azerbaijan,2022,FS.AST.PRVT.GD.ZS,18.2984687873762
AZE,Azerbaijan,2021,FS.AST.PRVT.GD.ZS,22.9250440750459
AZE,Azerbaijan,2020,FS.AST.PRVT.GD.ZS,26.0320151044626
AZE,Azerbaijan,2019,FS.AST.PRVT.GD.ZS,23.0018690122863
AZE,Azerbaijan,2018,FS.AST.PRVT.GD.ZS,20.766485823452
AZE,Azerbaijan,2017,FS.AST.PRVT.GD.ZS,22.099603808676
AZE,Azerbaijan,2016,FS.AST.PRVT.GD.ZS,32.8688540294339
BHS,"Bahamas, The",2016,FS.AST.PRVT.GD.ZS,51.9421929315119
BHS,"Bahamas, The",2015,FS.AST.PRVT.GD.ZS,54.083598026627
BHS,"Bahamas, The",2014,FS.AST.PRVT.GD.ZS,58.0675278972269
BHS,"Bahamas, The",2013,FS.AST.PRVT.GD.ZS,62.191058967285
BHS,"Bahamas, The",2012,FS.AST.PRVT.GD.ZS,61.8419088839969
BHS,"Bahamas, The",2011,FS.AST.PRVT.GD.ZS,66.0139318501159
BHS,"Bahamas, The",2010,FS.AST.PRVT.GD.ZS,65.148141397973
BHS,"Bahamas, The",2009,FS.AST.PRVT.GD.ZS,66.0792068892282
BHS,"Bahamas, The",2008,FS.AST.PRVT.GD.ZS,62.1014630438913
BHS,"Bahamas, The",2007,FS.AST.PRVT.GD.ZS,58.5628262044726
BHS,"Bahamas, The",2006,FS.AST.PRVT.GD.ZS,56.6101944970371
BHS,"Bahamas, The",2005,FS.AST.PRVT.GD.ZS,50.3639616925235
BHR,Bahrain,2015,FS.AST.PRVT.GD.ZS,70.5500803025
BHR,Bahrain,2014,FS.AST.PRVT.GD.ZS,61.3347998045045
BHR,Bahrain,2013,FS.AST.PRVT.GD.ZS,66.9876399343585
BHR,Bahrain,2012,FS.AST.PRVT.GD.ZS,66.5172271480683
BHR,Bahrain,2011,FS.AST.PRVT.GD.ZS,66.9065925077703
BHR,Bahrain,2010,FS.AST.PRVT.GD.ZS,64.9376677365426
BHR,Bahrain,2009,FS.AST.PRVT.GD.ZS,71.4372673126356
BHR,Bahrain,2008,FS.AST.PRVT.GD.ZS,64.2133791234367
BHR,Bahrain,2007,FS.AST.PRVT.GD.ZS,53.1180542636418
BHR,Bahrain,2006,FS.AST.PRVT.GD.ZS,44.8777557241595
BHR,Bahrain,2005,FS.AST.PRVT.GD.ZS,43.6843509050045
BGD,Bangladesh,2025,FS.AST.PRVT.GD.ZS,34.504343787161
BGD,Bangladesh,2024,FS.AST.PRVT.GD.ZS,35.8111715787963
BGD,Bangladesh,2023,FS.AST.PRVT.GD.ZS,37.6413802339103
BGD,Bangladesh,2022,FS.AST.PRVT.GD.ZS,38.9555684288032
BGD,Bangladesh,2021,FS.AST.PRVT.GD.ZS,39.0820163295701
BGD,Bangladesh,2020,FS.AST.PRVT.GD.ZS,39.161059242521
BGD,Bangladesh,2019,FS.AST.PRVT.GD.ZS,39.0344709350066
BGD,Bangladesh,2018,FS.AST.PRVT.GD.ZS,40.0247365906979
BGD,Bangladesh,2017,FS.AST.PRVT.GD.ZS,40.4489561448676
BGD,Bangladesh,2016,FS.AST.PRVT.GD.ZS,37.7986426672318
BGD,Bangladesh,2015,FS.AST.PRVT.GD.ZS,44.4069718062837
BGD,Bangladesh,2014,FS.AST.PRVT.GD.ZS,43.7361238704853
BGD,Bangladesh,2013,FS.AST.PRVT.GD.ZS,41.7947548053392
BGD,Bangladesh,2012,FS.AST.PRVT.GD.ZS,43.0006693750914
BGD,Bangladesh,2011,FS.AST.PRVT.GD.ZS,42.4702411629772
BGD,Bangladesh,2010,FS.AST.PRVT.GD.ZS,40.9613226292342
BGD,Bangladesh,2009,FS.AST.PRVT.GD.ZS,36.1910375652522
BGD,Bangladesh,2008,FS.AST.PRVT.GD.ZS,34.0421917464818
BGD,Bangladesh,2007,FS.AST.PRVT.GD.ZS,32.0428330535648
BGD,Bangladesh,2006,FS.AST.PRVT.GD.ZS,31.1657016961389
BGD,Bangladesh,2005,FS.AST.PRVT.GD.ZS,29.3438304968623
BRB,Barbados,2023,FS.AST.PRVT.GD.ZS,59.7307883078148
BRB,Barbados,2022,FS.AST.PRVT.GD.ZS,61.0582409837027
BRB,Barbados,2021,FS.AST.PRVT.GD.ZS,68.490259704605
BRB,Barbados,2020,FS.AST.PRVT.GD.ZS,75.9375954537997
BRB,Barbados,2019,FS.AST.PRVT.GD.ZS,67.3212139592485
BRB,Barbados,2018,FS.AST.PRVT.GD.ZS,68.5626199243041
BRB,Barbados,2017,FS.AST.PRVT.GD.ZS,70.1136669090852
BRB,Barbados,2016,FS.AST.PRVT.GD.ZS,69.9356245538057
BRB,Barbados,2015,FS.AST.PRVT.GD.ZS,68.650157381139
BRB,Barbados,2014,FS.AST.PRVT.GD.ZS,67.739664416666
BRB,Barbados,2013,FS.AST.PRVT.GD.ZS,68.861020043666
BRB,Barbados,2012,FS.AST.PRVT.GD.ZS,71.899876532912
BRB,Barbados,2009,FS.AST.PRVT.GD.ZS,82.7716199646164
BRB,Barbados,2008,FS.AST.PRVT.GD.ZS,75.5321427392734
BRB,Barbados,2007,FS.AST.PRVT.GD.ZS,71.2823043246832
BRB,Barbados,2006,FS.AST.PRVT.GD.ZS,73.6824583951755
BRB,Barbados,2005,FS.AST.PRVT.GD.ZS,72.7644717895012
BLR,Belarus,2021,FS.AST.PRVT.GD.ZS,29.1729868961267
BLR,Belarus,2020,FS.AST.PRVT.GD.ZS,32.5082968438587
BLR,Belarus,2019,FS.AST.PRVT.GD.ZS,28.7688813037131
BLR,Belarus,2018,FS.AST.PRVT.GD.ZS,27.6140940559861
BLR,Belarus,2017,FS.AST.PRVT.GD.ZS,26.2361143981647
BLR,Belarus,2016,FS.AST.PRVT.GD.ZS,25.7170291419604
BLR,Belarus,2015,FS.AST.PRVT.GD.ZS,27.8828200949374
BLR,Belarus,2014,FS.AST.PRVT.GD.ZS,23.6326621102425
BLR,Belarus,2013,FS.AST.PRVT.GD.ZS,22.926202521737
BLR,Belarus,2012,FS.AST.PRVT.GD.ZS,21.7775564368289
BLR,Belarus,2011,FS.AST.PRVT.GD.ZS,37.9586183664502
BLR,Belarus,2010,FS.AST.PRVT.GD.ZS,42.8113733077251
BLR,Belarus,2009,FS.AST.PRVT.GD.ZS,35.9356304010168
BLR,Belarus,2008,FS.AST.PRVT.GD.ZS,28.6341928703729
BLR,Belarus,2007,FS.AST.PRVT.GD.ZS,24.8038771042749
BEL,Belgium,2024,FS.AST.PRVT.GD.ZS,68.1376441872691
BEL,Belgium,2023,FS.AST.PRVT.GD.ZS,69.3369709063389
BEL,Belgium,2022,FS.AST.PRVT.GD.ZS,72.554533895031
BEL,Belgium,2021,FS.AST.PRVT.GD.ZS,74.7536988644538
BEL,Belgium,2020,FS.AST.PRVT.GD.ZS,76.125350915761
BEL,Belgium,2019,FS.AST.PRVT.GD.ZS,69.360003620854
BEL,Belgium,2018,FS.AST.PRVT.GD.ZS,68.168572322727
BEL,Belgium,2017,FS.AST.PRVT.GD.ZS,65.3372340367951
BEL,Belgium,2016,FS.AST.PRVT.GD.ZS,63.6160862759358
BEL,Belgium,2015,FS.AST.PRVT.GD.ZS,60.8026221428606
BEL,Belgium,2014,FS.AST.PRVT.GD.ZS,57.6106231184791
BEL,Belgium,2013,FS.AST.PRVT.GD.ZS,56.159869726618
BEL,Belgium,2012,FS.AST.PRVT.GD.ZS,54.4903281452635
BEL,Belgium,2011,FS.AST.PRVT.GD.ZS,55.0145295494018
BEL,Belgium,2010,FS.AST.PRVT.GD.ZS,56.7854964068071
BEL,Belgium,2009,FS.AST.PRVT.GD.ZS,58.4658025409586
BEL,Belgium,2008,FS.AST.PRVT.GD.ZS,62.7583028636525
BEL,Belgium,2007,FS.AST.PRVT.GD.ZS,68.4438486940037
BEL,Belgium,2006,FS.AST.PRVT.GD.ZS,65.8336190975591
BEL,Belgium,2005,FS.AST.PRVT.GD.ZS,63.5977700769197
BLZ,Belize,2025,FS.AST.PRVT.GD.ZS,43.1059119475425
BLZ,Belize,2024,FS.AST.PRVT.GD.ZS,41.2775860732497
BLZ,Belize,2023,FS.AST.PRVT.GD.ZS,42.0392582524557
BLZ,Belize,2022,FS.AST.PRVT.GD.ZS,42.4867905443199
BLZ,Belize,2021,FS.AST.PRVT.GD.ZS,47.6178389837793
BLZ,Belize,2020,FS.AST.PRVT.GD.ZS,55.0782426439392
BLZ,Belize,2019,FS.AST.PRVT.GD.ZS,45.9626481720037
BLZ,Belize,2018,FS.AST.PRVT.GD.ZS,45.3308497476754
BLZ,Belize,2017,FS.AST.PRVT.GD.ZS,44.3763660186055
BLZ,Belize,2016,FS.AST.PRVT.GD.ZS,44.7352890566705
BLZ,Belize,2015,FS.AST.PRVT.GD.ZS,45.8912140120779
BLZ,Belize,2014,FS.AST.PRVT.GD.ZS,44.6944711868936
BLZ,Belize,2013,FS.AST.PRVT.GD.ZS,44.870328091001
BLZ,Belize,2012,FS.AST.PRVT.GD.ZS,46.4799548634684
BLZ,Belize,2011,FS.AST.PRVT.GD.ZS,47.621805118508
BLZ,Belize,2010,FS.AST.PRVT.GD.ZS,49.834593380951
BLZ,Belize,2009,FS.AST.PRVT.GD.ZS,52.875376389189
BLZ,Belize,2008,FS.AST.PRVT.GD.ZS,49.4066264782678
BLZ,Belize,2007,FS.AST.PRVT.GD.ZS,45.5500218829615
BLZ,Belize,2006,FS.AST.PRVT.GD.ZS,42.2243890062586
BLZ,Belize,2005,FS.AST.PRVT.GD.ZS,40.1065008277836
BEN,Benin,2025,FS.AST.PRVT.GD.ZS,19.7665000988535
BEN,Benin,2024,FS.AST.PRVT.GD.ZS,18.9801611697157
BEN,Benin,2023,FS.AST.PRVT.GD.ZS,18.6083305389739
BEN,Benin,2022,FS.AST.PRVT.GD.ZS,17.1000410708093
BEN,Benin,2021,FS.AST.PRVT.GD.ZS,15.5860792794621
BEN,Benin,2020,FS.AST.PRVT.GD.ZS,15.5371207615124
BEN,Benin,2019,FS.AST.PRVT.GD.ZS,17.6107025365193
BEN,Benin,2018,FS.AST.PRVT.GD.ZS,16.7464154376754
BEN,Benin,2017,FS.AST.PRVT.GD.ZS,16.5779195095065
BEN,Benin,2016,FS.AST.PRVT.GD.ZS,17.4823722798533
BEN,Benin,2015,FS.AST.PRVT.GD.ZS,16.7357064364676
BEN,Benin,2014,FS.AST.PRVT.GD.ZS,16.7371091356356
BEN,Benin,2013,FS.AST.PRVT.GD.ZS,16.4539498482644
BEN,Benin,2012,FS.AST.PRVT.GD.ZS,15.6475924079483
BEN,Benin,2011,FS.AST.PRVT.GD.ZS,16.5743404440371
BEN,Benin,2010,FS.AST.PRVT.GD.ZS,15.8348376803157
BEN,Benin,2009,FS.AST.PRVT.GD.ZS,15.1297116490958
BEN,Benin,2008,FS.AST.PRVT.GD.ZS,12.78056590883
BEN,Benin,2007,FS.AST.PRVT.GD.ZS,12.3091832074478
BEN,Benin,2006,FS.AST.PRVT.GD.ZS,10.3350666644978
BEN,Benin,2005,FS.AST.PRVT.GD.ZS,9.03431033571311
BTN,Bhutan,2025,FS.AST.PRVT.GD.ZS,72.2606802194578
BTN,Bhutan,2024,FS.AST.PRVT.GD.ZS,68.3942712583345
BTN,Bhutan,2023,FS.AST.PRVT.GD.ZS,71.443668276291
BTN,Bhutan,2022,FS.AST.PRVT.GD.ZS,67.8714365442651
BTN,Bhutan,2021,FS.AST.PRVT.GD.ZS,64.8888785590366
BTN,Bhutan,2020,FS.AST.PRVT.GD.ZS,67.5524988399458
BTN,Bhutan,2019,FS.AST.PRVT.GD.ZS,59.3734191159055
BTN,Bhutan,2018,FS.AST.PRVT.GD.ZS,54.8478285365288
BTN,Bhutan,2017,FS.AST.PRVT.GD.ZS,48.3130245523484
BTN,Bhutan,2016,FS.AST.PRVT.GD.ZS,44.1289341391622
BTN,Bhutan,2015,FS.AST.PRVT.GD.ZS,42.5291421509687
BTN,Bhutan,2014,FS.AST.PRVT.GD.ZS,41.0852999502378
BTN,Bhutan,2013,FS.AST.PRVT.GD.ZS,42.2246322971743
BTN,Bhutan,2012,FS.AST.PRVT.GD.ZS,42.2500390351052
BTN,Bhutan,2011,FS.AST.PRVT.GD.ZS,43.0834159551712
BTN,Bhutan,2010,FS.AST.PRVT.GD.ZS,38.4589220348196
BTN,Bhutan,2009,FS.AST.PRVT.GD.ZS,30.8009857742806
BTN,Bhutan,2008,FS.AST.PRVT.GD.ZS,28.6154679169836
BTN,Bhutan,2007,FS.AST.PRVT.GD.ZS,22.3078367126537
BTN,Bhutan,2006,FS.AST.PRVT.GD.ZS,20.3845618384093
BTN,Bhutan,2005,FS.AST.PRVT.GD.ZS,17.1978616159467
BOL,Bolivia,2025,FS.AST.PRVT.GD.ZS,51.752427209762
BOL,Bolivia,2024,FS.AST.PRVT.GD.ZS,59.2427794669511
BOL,Bolivia,2023,FS.AST.PRVT.GD.ZS,60.2219708371781
BOL,Bolivia,2022,FS.AST.PRVT.GD.ZS,62.9475276019569
BOL,Bolivia,2021,FS.AST.PRVT.GD.ZS,62.8488382346261
BOL,Bolivia,2020,FS.AST.PRVT.GD.ZS,67.9175707789288
BOL,Bolivia,2019,FS.AST.PRVT.GD.ZS,54.8862654855189
BOL,Bolivia,2018,FS.AST.PRVT.GD.ZS,52.1161124499522
BOL,Bolivia,2017,FS.AST.PRVT.GD.ZS,47.873300738401
BOL,Bolivia,2016,FS.AST.PRVT.GD.ZS,57.4086457676424
BOL,Bolivia,2015,FS.AST.PRVT.GD.ZS,51.4488724591572
BOL,Bolivia,2014,FS.AST.PRVT.GD.ZS,43.7497193000006
BOL,Bolivia,2013,FS.AST.PRVT.GD.ZS,40.9310950343345
BOL,Bolivia,2012,FS.AST.PRVT.GD.ZS,38.9658038429773
BOL,Bolivia,2011,FS.AST.PRVT.GD.ZS,36.7535059221777
BOL,Bolivia,2010,FS.AST.PRVT.GD.ZS,36.029022193555
BOL,Bolivia,2009,FS.AST.PRVT.GD.ZS,34.0214297799199
BOL,Bolivia,2008,FS.AST.PRVT.GD.ZS,31.4948343659664
BOL,Bolivia,2007,FS.AST.PRVT.GD.ZS,34.3464279647996
BOL,Bolivia,2006,FS.AST.PRVT.GD.ZS,35.1778876648113
BOL,Bolivia,2005,FS.AST.PRVT.GD.ZS,39.7951588996808
BIH,Bosnia and Herzegovina,2024,FS.AST.PRVT.GD.ZS,48.066449098491
BIH,Bosnia and Herzegovina,2023,FS.AST.PRVT.GD.ZS,47.3447518824995
BIH,Bosnia and Herzegovina,2022,FS.AST.PRVT.GD.ZS,48.0992917361806
BIH,Bosnia and Herzegovina,2021,FS.AST.PRVT.GD.ZS,53.2893802522595
BIH,Bosnia and Herzegovina,2020,FS.AST.PRVT.GD.ZS,57.6585618063258
BIH,Bosnia and Herzegovina,2019,FS.AST.PRVT.GD.ZS,57.1691026496548
BIH,Bosnia and Herzegovina,2018,FS.AST.PRVT.GD.ZS,56.6595114683875
BIH,Bosnia and Herzegovina,2017,FS.AST.PRVT.GD.ZS,57.5236535627645
BIH,Bosnia and Herzegovina,2016,FS.AST.PRVT.GD.ZS,57.1711781131323
BIH,Bosnia and Herzegovina,2015,FS.AST.PRVT.GD.ZS,57.968273884057
BIH,Bosnia and Herzegovina,2014,FS.AST.PRVT.GD.ZS,60.2166706701921
BIH,Bosnia and Herzegovina,2013,FS.AST.PRVT.GD.ZS,60.8344455049437
BIH,Bosnia and Herzegovina,2012,FS.AST.PRVT.GD.ZS,61.7159271649018
BIH,Bosnia and Herzegovina,2011,FS.AST.PRVT.GD.ZS,60.5488434520335
BIH,Bosnia and Herzegovina,2010,FS.AST.PRVT.GD.ZS,61.84531111917
BIH,Bosnia and Herzegovina,2009,FS.AST.PRVT.GD.ZS,64.0683205924253
BIH,Bosnia and Herzegovina,2008,FS.AST.PRVT.GD.ZS,65.6137184813918
BIH,Bosnia and Herzegovina,2007,FS.AST.PRVT.GD.ZS,60.223763080251
BIH,Bosnia and Herzegovina,2006,FS.AST.PRVT.GD.ZS,47.7751637938284
BWA,Botswana,2025,FS.AST.PRVT.GD.ZS,33.2275051888702
BWA,Botswana,2024,FS.AST.PRVT.GD.ZS,33.1256504356331
BWA,Botswana,2023,FS.AST.PRVT.GD.ZS,30.0559684945784
BWA,Botswana,2022,FS.AST.PRVT.GD.ZS,29.8892158357415
BWA,Botswana,2021,FS.AST.PRVT.GD.ZS,34.5320284610526
BWA,Botswana,2020,FS.AST.PRVT.GD.ZS,39.7285319568677
BWA,Botswana,2019,FS.AST.PRVT.GD.ZS,35.9371549010473
BWA,Botswana,2018,FS.AST.PRVT.GD.ZS,34.7396633171423
BWA,Botswana,2017,FS.AST.PRVT.GD.ZS,33.9522213058754
BWA,Botswana,2016,FS.AST.PRVT.GD.ZS,32.6906447797128
BWA,Botswana,2015,FS.AST.PRVT.GD.ZS,35.9943679768934
BWA,Botswana,2014,FS.AST.PRVT.GD.ZS,32.5836928214003
BWA,Botswana,2013,FS.AST.PRVT.GD.ZS,33.1944622770528
BWA,Botswana,2012,FS.AST.PRVT.GD.ZS,32.9104608560684
BWA,Botswana,2011,FS.AST.PRVT.GD.ZS,27.8535285319926
BWA,Botswana,2010,FS.AST.PRVT.GD.ZS,27.5149277438416
BWA,Botswana,2009,FS.AST.PRVT.GD.ZS,29.3564386244731
BWA,Botswana,2008,FS.AST.PRVT.GD.ZS,26.3022588108671
BWA,Botswana,2007,FS.AST.PRVT.GD.ZS,23.461755821797
BWA,Botswana,2006,FS.AST.PRVT.GD.ZS,20.936231035363
BWA,Botswana,2005,FS.AST.PRVT.GD.ZS,19.763428572926
BRA,Brazil,2025,FS.AST.PRVT.GD.ZS,75.1029927271417
BRA,Brazil,2024,FS.AST.PRVT.GD.ZS,75.6308730941359
BRA,Brazil,2023,FS.AST.PRVT.GD.ZS,71.0755405509113
BRA,Brazil,2022,FS.AST.PRVT.GD.ZS,70.6060973782971
BRA,Brazil,2021,FS.AST.PRVT.GD.ZS,68.8052246830253
BRA,Brazil,2020,FS.AST.PRVT.GD.ZS,68.6961548470609
BRA,Brazil,2019,FS.AST.PRVT.GD.ZS,62.790505078946
BRA,Brazil,2018,FS.AST.PRVT.GD.ZS,60.2183479381776
BRA,Brazil,2017,FS.AST.PRVT.GD.ZS,59.4843092973742
BRA,Brazil,2016,FS.AST.PRVT.GD.ZS,62.1940069633522
BRA,Brazil,2015,FS.AST.PRVT.GD.ZS,66.8297006475728
BRA,Brazil,2014,FS.AST.PRVT.GD.ZS,66.028510394056
BRA,Brazil,2013,FS.AST.PRVT.GD.ZS,64.2305738283777
BRA,Brazil,2012,FS.AST.PRVT.GD.ZS,62.5192932018235
BRA,Brazil,2011,FS.AST.PRVT.GD.ZS,58.0784911062018
BRA,Brazil,2010,FS.AST.PRVT.GD.ZS,52.764657630443
BRA,Brazil,2009,FS.AST.PRVT.GD.ZS,47.4942898466145
BRA,Brazil,2008,FS.AST.PRVT.GD.ZS,45.782255995169
BRA,Brazil,2007,FS.AST.PRVT.GD.ZS,40.6909379433524
BRA,Brazil,2006,FS.AST.PRVT.GD.ZS,35.4251666765934
BRA,Brazil,2005,FS.AST.PRVT.GD.ZS,31.8397841549909
BRN,Brunei Darussalam,2025,FS.AST.PRVT.GD.ZS,40.1476670566578
BRN,Brunei Darussalam,2024,FS.AST.PRVT.GD.ZS,37.7096497547376
BRN,Brunei Darussalam,2023,FS.AST.PRVT.GD.ZS,37.0838497885739
BRN,Brunei Darussalam,2022,FS.AST.PRVT.GD.ZS,31.5556345664422
BRN,Brunei Darussalam,2021,FS.AST.PRVT.GD.ZS,36.2693770865455
BRN,Brunei Darussalam,2020,FS.AST.PRVT.GD.ZS,39.6898831720749
BRN,Brunei Darussalam,2019,FS.AST.PRVT.GD.ZS,35.7055507452154
BRN,Brunei Darussalam,2018,FS.AST.PRVT.GD.ZS,35.0404687970572
BRN,Brunei Darussalam,2017,FS.AST.PRVT.GD.ZS,39.4618611204976
BRN,Brunei Darussalam,2016,FS.AST.PRVT.GD.ZS,44.3021638754597
BRN,Brunei Darussalam,2015,FS.AST.PRVT.GD.ZS,41.4362678166928
BRN,Brunei Darussalam,2014,FS.AST.PRVT.GD.ZS,33.2079784899882
BRN,Brunei Darussalam,2013,FS.AST.PRVT.GD.ZS,31.1924155479326
BRN,Brunei Darussalam,2012,FS.AST.PRVT.GD.ZS,27.9921423332786
BRN,Brunei Darussalam,2011,FS.AST.PRVT.GD.ZS,28.1209484005362
BRN,Brunei Darussalam,2010,FS.AST.PRVT.GD.ZS,36.9082710710888
BRN,Brunei Darussalam,2009,FS.AST.PRVT.GD.ZS,40.1017864313274
BRN,Brunei Darussalam,2008,FS.AST.PRVT.GD.ZS,31.7685275176143
BRN,Brunei Darussalam,2007,FS.AST.PRVT.GD.ZS,34.2003517323403
BRN,Brunei Darussalam,2006,FS.AST.PRVT.GD.ZS,31.7045594567715
BGR,Bulgaria,2024,FS.AST.PRVT.GD.ZS,47.0679032225989
BGR,Bulgaria,2023,FS.AST.PRVT.GD.ZS,45.3249399571121
BGR,Bulgaria,2022,FS.AST.PRVT.GD.ZS,44.7288118186282
BGR,Bulgaria,2021,FS.AST.PRVT.GD.ZS,48.1534654169725
BGR,Bulgaria,2020,FS.AST.PRVT.GD.ZS,51.3032068254938
BGR,Bulgaria,2019,FS.AST.PRVT.GD.ZS,49.8324838490204
BGR,Bulgaria,2018,FS.AST.PRVT.GD.ZS,50.5406112544307
BGR,Bulgaria,2017,FS.AST.PRVT.GD.ZS,49.8038894112568
BGR,Bulgaria,2016,FS.AST.PRVT.GD.ZS,52.0197523897334
BGR,Bulgaria,2015,FS.AST.PRVT.GD.ZS,54.79459874964
BGR,Bulgaria,2014,FS.AST.PRVT.GD.ZS,59.2265452252125
BGR,Bulgaria,2013,FS.AST.PRVT.GD.ZS,66.1868509624893
BGR,Bulgaria,2012,FS.AST.PRVT.GD.ZS,65.7832916456141
BGR,Bulgaria,2011,FS.AST.PRVT.GD.ZS,65.2789513682864
BGR,Bulgaria,2010,FS.AST.PRVT.GD.ZS,68.2016629042061
BGR,Bulgaria,2009,FS.AST.PRVT.GD.ZS,68.9585674141038
BGR,Bulgaria,2008,FS.AST.PRVT.GD.ZS,66.9203015657929
BGR,Bulgaria,2007,FS.AST.PRVT.GD.ZS,58.4585168443168
BGR,Bulgaria,2006,FS.AST.PRVT.GD.ZS,42.4504442636964
BGR,Bulgaria,2005,FS.AST.PRVT.GD.ZS,39.0634490571049
BFA,Burkina Faso,2025,FS.AST.PRVT.GD.ZS,22.7194616435475
BFA,Burkina Faso,2024,FS.AST.PRVT.GD.ZS,27.143359333582
BFA,Burkina Faso,2023,FS.AST.PRVT.GD.ZS,31.9206411572312
BFA,Burkina Faso,2022,FS.AST.PRVT.GD.ZS,31.6493056662127
BFA,Burkina Faso,2021,FS.AST.PRVT.GD.ZS,29.4819696538483
BFA,Burkina Faso,2020,FS.AST.PRVT.GD.ZS,28.6738905255504
BFA,Burkina Faso,2019,FS.AST.PRVT.GD.ZS,28.3478578876958
BFA,Burkina Faso,2018,FS.AST.PRVT.GD.ZS,27.1497137139349
BFA,Burkina Faso,2017,FS.AST.PRVT.GD.ZS,27.4216018903543
BFA,Burkina Faso,2016,FS.AST.PRVT.GD.ZS,25.8099456026525
BFA,Burkina Faso,2015,FS.AST.PRVT.GD.ZS,25.0377705622704
BFA,Burkina Faso,2014,FS.AST.PRVT.GD.ZS,23.4056081561128
BFA,Burkina Faso,2013,FS.AST.PRVT.GD.ZS,20.8210379838201
BFA,Burkina Faso,2012,FS.AST.PRVT.GD.ZS,16.6424591713294
BFA,Burkina Faso,2011,FS.AST.PRVT.GD.ZS,15.3703421373421
BFA,Burkina Faso,2010,FS.AST.PRVT.GD.ZS,15.6345262986983
BFA,Burkina Faso,2009,FS.AST.PRVT.GD.ZS,16.0831017980888
BFA,Burkina Faso,2008,FS.AST.PRVT.GD.ZS,15.090956904862
BFA,Burkina Faso,2007,FS.AST.PRVT.GD.ZS,12.7845581771528
BFA,Burkina Faso,2006,FS.AST.PRVT.GD.ZS,14.6778844337033
BFA,Burkina Faso,2005,FS.AST.PRVT.GD.ZS,13.2962037127745
BDI,Burundi,2025,FS.AST.PRVT.GD.ZS,38.5431725234643
BDI,Burundi,2024,FS.AST.PRVT.GD.ZS,38.2575729210921
BDI,Burundi,2023,FS.AST.PRVT.GD.ZS,37.1799733333755
BDI,Burundi,2022,FS.AST.PRVT.GD.ZS,35.069541056776
BDI,Burundi,2021,FS.AST.PRVT.GD.ZS,28.4642939494306
BDI,Burundi,2020,FS.AST.PRVT.GD.ZS,19.6440914154442
BDI,Burundi,2019,FS.AST.PRVT.GD.ZS,18.5772261218263
BDI,Burundi,2018,FS.AST.PRVT.GD.ZS,16.5086011287819
BDI,Burundi,2017,FS.AST.PRVT.GD.ZS,14.8751095645513
BDI,Burundi,2016,FS.AST.PRVT.GD.ZS,17.3430079433227
BDI,Burundi,2015,FS.AST.PRVT.GD.ZS,18.0993066345064
BDI,Burundi,2014,FS.AST.PRVT.GD.ZS,19.2931031434152
BDI,Burundi,2013,FS.AST.PRVT.GD.ZS,19.3896785284403
BDI,Burundi,2012,FS.AST.PRVT.GD.ZS,20.2564835755971
BDI,Burundi,2011,FS.AST.PRVT.GD.ZS,21.5599867211629
BDI,Burundi,2010,FS.AST.PRVT.GD.ZS,18.3619180287296
BDI,Burundi,2009,FS.AST.PRVT.GD.ZS,14.6793826690786
BDI,Burundi,2008,FS.AST.PRVT.GD.ZS,13.6629151516452
BDI,Burundi,2007,FS.AST.PRVT.GD.ZS,14.7745242569166
BDI,Burundi,2006,FS.AST.PRVT.GD.ZS,15.8308802198641
BDI,Burundi,2005,FS.AST.PRVT.GD.ZS,14.5436683318932
CPV,Cabo Verde,2025,FS.AST.PRVT.GD.ZS,54.042686639781
CPV,Cabo Verde,2024,FS.AST.PRVT.GD.ZS,54.6131421681783
CPV,Cabo Verde,2023,FS.AST.PRVT.GD.ZS,56.3288782962361
CPV,Cabo Verde,2022,FS.AST.PRVT.GD.ZS,57.9177809708986
CPV,Cabo Verde,2021,FS.AST.PRVT.GD.ZS,67.5616449738552
CPV,Cabo Verde,2020,FS.AST.PRVT.GD.ZS,68.4560324470727
CPV,Cabo Verde,2019,FS.AST.PRVT.GD.ZS,51.6385591168306
CPV,Cabo Verde,2018,FS.AST.PRVT.GD.ZS,53.6607055362925
CPV,Cabo Verde,2017,FS.AST.PRVT.GD.ZS,55.424059542591
CPV,Cabo Verde,2016,FS.AST.PRVT.GD.ZS,55.1042370057682
CPV,Cabo Verde,2015,FS.AST.PRVT.GD.ZS,56.4111670298392
CPV,Cabo Verde,2014,FS.AST.PRVT.GD.ZS,57.6507481205977
CPV,Cabo Verde,2013,FS.AST.PRVT.GD.ZS,58.5403296940705
CPV,Cabo Verde,2012,FS.AST.PRVT.GD.ZS,58.5656233941807
CPV,Cabo Verde,2011,FS.AST.PRVT.GD.ZS,59.9314092638016
CPV,Cabo Verde,2010,FS.AST.PRVT.GD.ZS,56.4707434059343
CPV,Cabo Verde,2009,FS.AST.PRVT.GD.ZS,53.1262342898702
CPV,Cabo Verde,2008,FS.AST.PRVT.GD.ZS,47.7156988322521
CPV,Cabo Verde,2007,FS.AST.PRVT.GD.ZS,41.7784504486587
CPV,Cabo Verde,2006,FS.AST.PRVT.GD.ZS,44.8559642439518
CPV,Cabo Verde,2005,FS.AST.PRVT.GD.ZS,39.1008095002529
KHM,Cambodia,2025,FS.AST.PRVT.GD.ZS,121.482151366024
KHM,Cambodia,2024,FS.AST.PRVT.GD.ZS,124.659765749466
KHM,Cambodia,2023,FS.AST.PRVT.GD.ZS,130.129720395297
KHM,Cambodia,2022,FS.AST.PRVT.GD.ZS,132.817046084495
KHM,Cambodia,2021,FS.AST.PRVT.GD.ZS,121.842231182128
KHM,Cambodia,2020,FS.AST.PRVT.GD.ZS,103.732769960088
KHM,Cambodia,2019,FS.AST.PRVT.GD.ZS,84.3236738579751
KHM,Cambodia,2018,FS.AST.PRVT.GD.ZS,73.8164269734727
KHM,Cambodia,2017,FS.AST.PRVT.GD.ZS,65.4627205323548
KHM,Cambodia,2016,FS.AST.PRVT.GD.ZS,61.5608886370159
KHM,Cambodia,2015,FS.AST.PRVT.GD.ZS,55.4895476723685
KHM,Cambodia,2014,FS.AST.PRVT.GD.ZS,47.4846013792973
KHM,Cambodia,2013,FS.AST.PRVT.GD.ZS,39.9894575353834
KHM,Cambodia,2012,FS.AST.PRVT.GD.ZS,30.5425881520531
KHM,Cambodia,2011,FS.AST.PRVT.GD.ZS,22.6086429598106
KHM,Cambodia,2010,FS.AST.PRVT.GD.ZS,22.4361253557847
KHM,Cambodia,2009,FS.AST.PRVT.GD.ZS,20.4608476270489
KHM,Cambodia,2008,FS.AST.PRVT.GD.ZS,19.9475689912403
KHM,Cambodia,2007,FS.AST.PRVT.GD.ZS,15.5303740236918
KHM,Cambodia,2006,FS.AST.PRVT.GD.ZS,10.4471373960597
KHM,Cambodia,2005,FS.AST.PRVT.GD.ZS,7.99396282488354
CMR,Cameroon,2019,FS.AST.PRVT.GD.ZS,14.0910928751244
CMR,Cameroon,2018,FS.AST.PRVT.GD.ZS,14.6820776289898
CMR,Cameroon,2017,FS.AST.PRVT.GD.ZS,14.0633461453046
CMR,Cameroon,2016,FS.AST.PRVT.GD.ZS,14.3706640485152
CMR,Cameroon,2015,FS.AST.PRVT.GD.ZS,14.1903930856487
CMR,Cameroon,2014,FS.AST.PRVT.GD.ZS,13.7278364272632
CMR,Cameroon,2013,FS.AST.PRVT.GD.ZS,12.9611374928781
CMR,Cameroon,2012,FS.AST.PRVT.GD.ZS,12.4120200108143
CMR,Cameroon,2011,FS.AST.PRVT.GD.ZS,12.3263650704915
CMR,Cameroon,2010,FS.AST.PRVT.GD.ZS,10.7779374242217
CMR,Cameroon,2009,FS.AST.PRVT.GD.ZS,9.64395738517045
CMR,Cameroon,2008,FS.AST.PRVT.GD.ZS,9.23971527903247
CMR,Cameroon,2007,FS.AST.PRVT.GD.ZS,8.28508670414223
CMR,Cameroon,2006,FS.AST.PRVT.GD.ZS,8.12353298418805
CMR,Cameroon,2005,FS.AST.PRVT.GD.ZS,8.40286242580155
CAN,Canada,2008,FS.AST.PRVT.GD.ZS,124.097472125061
CAN,Canada,2007,FS.AST.PRVT.GD.ZS,123.533648061052
CAN,Canada,2006,FS.AST.PRVT.GD.ZS,134.118118620557
CAN,Canada,2005,FS.AST.PRVT.GD.ZS,121.660065982688
CAF,Central African Republic,2022,FS.AST.PRVT.GD.ZS,13.0385826544527
CAF,Central African Republic,2021,FS.AST.PRVT.GD.ZS,11.7946888020579
CAF,Central African Republic,2020,FS.AST.PRVT.GD.ZS,11.7039071336529
CAF,Central African Republic,2019,FS.AST.PRVT.GD.ZS,11.7050145625006
CAF,Central African Republic,2018,FS.AST.PRVT.GD.ZS,12.3443319944716
CAF,Central African Republic,2017,FS.AST.PRVT.GD.ZS,11.2150177342096
CAF,Central African Republic,2016,FS.AST.PRVT.GD.ZS,12.3148432385651
CAF,Central African Republic,2015,FS.AST.PRVT.GD.ZS,11.7154335961189
CAF,Central African Republic,2014,FS.AST.PRVT.GD.ZS,12.7910233032414
CAF,Central African Republic,2013,FS.AST.PRVT.GD.ZS,13.5768259854235
CAF,Central African Republic,2012,FS.AST.PRVT.GD.ZS,10.7719414058324
CAF,Central African Republic,2011,FS.AST.PRVT.GD.ZS,9.18046542071693
CAF,Central African Republic,2010,FS.AST.PRVT.GD.ZS,8.30898124968165
CAF,Central African Republic,2009,FS.AST.PRVT.GD.ZS,6.96252915838712
CAF,Central African Republic,2008,FS.AST.PRVT.GD.ZS,7.02011112860774
CAF,Central African Republic,2007,FS.AST.PRVT.GD.ZS,6.78526082643897
CAF,Central African Republic,2006,FS.AST.PRVT.GD.ZS,6.70566037241739
CAF,Central African Republic,2005,FS.AST.PRVT.GD.ZS,6.89890787847171
TCD,Chad,2021,FS.AST.PRVT.GD.ZS,8.32290954891334
TCD,Chad,2020,FS.AST.PRVT.GD.ZS,7.22915564060594
TCD,Chad,2019,FS.AST.PRVT.GD.ZS,7.54147312123575
TCD,Chad,2018,FS.AST.PRVT.GD.ZS,8.24873656929464
TCD,Chad,2017,FS.AST.PRVT.GD.ZS,9.10617708639334
TCD,Chad,2016,FS.AST.PRVT.GD.ZS,9.66896292279385
TCD,Chad,2015,FS.AST.PRVT.GD.ZS,6.28199600168377
TCD,Chad,2014,FS.AST.PRVT.GD.ZS,5.99411802017464
TCD,Chad,2013,FS.AST.PRVT.GD.ZS,4.41495267416436
TCD,Chad,2012,FS.AST.PRVT.GD.ZS,4.02102215723731
TCD,Chad,2011,FS.AST.PRVT.GD.ZS,3.53708298939375
TCD,Chad,2010,FS.AST.PRVT.GD.ZS,3.21497699838003
TCD,Chad,2009,FS.AST.PRVT.GD.ZS,2.96502979878641
TCD,Chad,2008,FS.AST.PRVT.GD.ZS,2.37779871540522
TCD,Chad,2007,FS.AST.PRVT.GD.ZS,1.90885958094899
TCD,Chad,2006,FS.AST.PRVT.GD.ZS,1.69490431367969
TCD,Chad,2005,FS.AST.PRVT.GD.ZS,1.95252225003226
CHL,Chile,2025,FS.AST.PRVT.GD.ZS,102.08420900719
CHL,Chile,2024,FS.AST.PRVT.GD.ZS,104.567816282613
CHL,Chile,2023,FS.AST.PRVT.GD.ZS,109.505087480448
CHL,Chile,2022,FS.AST.PRVT.GD.ZS,112.669584808771
CHL,Chile,2021,FS.AST.PRVT.GD.ZS,109.258846092778
CHL,Chile,2020,FS.AST.PRVT.GD.ZS,123.532570614359
CHL,Chile,2019,FS.AST.PRVT.GD.ZS,123.238729784071
CHL,Chile,2018,FS.AST.PRVT.GD.ZS,116.098274611163
CHL,Chile,2017,FS.AST.PRVT.GD.ZS,111.859731058874
CHL,Chile,2016,FS.AST.PRVT.GD.ZS,109.658986217723
CHL,Chile,2015,FS.AST.PRVT.GD.ZS,108.683157928885
CHL,Chile,2014,FS.AST.PRVT.GD.ZS,107.29402770779
CHL,Chile,2013,FS.AST.PRVT.GD.ZS,104.149344550832
CHL,Chile,2012,FS.AST.PRVT.GD.ZS,104.266686517932
CHL,Chile,2011,FS.AST.PRVT.GD.ZS,101.863485350982
CHL,Chile,2010,FS.AST.PRVT.GD.ZS,99.4755906592451
CHL,Chile,2009,FS.AST.PRVT.GD.ZS,102.687075908392
CHL,Chile,2008,FS.AST.PRVT.GD.ZS,100.172568090545
CHL,Chile,2007,FS.AST.PRVT.GD.ZS,84.0752473162029
CHL,Chile,2006,FS.AST.PRVT.GD.ZS,78.1133233692663
CHL,Chile,2005,FS.AST.PRVT.GD.ZS,77.634565408211
CHN,China,2024,FS.AST.PRVT.GD.ZS,194.312528264561
CHN,China,2023,FS.AST.PRVT.GD.ZS,189.606708989308
CHN,China,2022,FS.AST.PRVT.GD.ZS,181.785162429715
CHN,China,2021,FS.AST.PRVT.GD.ZS,173.554518720488
CHN,China,2020,FS.AST.PRVT.GD.ZS,179.104100221958
CHN,China,2019,FS.AST.PRVT.GD.ZS,162.207566232758
CHN,China,2018,FS.AST.PRVT.GD.ZS,154.991560224764
CHN,China,2017,FS.AST.PRVT.GD.ZS,152.089747458443
CHN,China,2016,FS.AST.PRVT.GD.ZS,153.192761827313
CHN,China,2015,FS.AST.PRVT.GD.ZS,149.628832038708
CHN,China,2014,FS.AST.PRVT.GD.ZS,137.623726308462
CHN,China,2013,FS.AST.PRVT.GD.ZS,131.939045697462
CHN,China,2012,FS.AST.PRVT.GD.ZS,126.819734509975
CHN,China,2011,FS.AST.PRVT.GD.ZS,121.167093127879
CHN,China,2010,FS.AST.PRVT.GD.ZS,124.425608463989
CHN,China,2009,FS.AST.PRVT.GD.ZS,122.30114770831
CHN,China,2008,FS.AST.PRVT.GD.ZS,100.407960956815
CHN,China,2007,FS.AST.PRVT.GD.ZS,104.210464888538
CHN,China,2006,FS.AST.PRVT.GD.ZS,107.618484093695
CHN,China,2005,FS.AST.PRVT.GD.ZS,110.318412911549
COL,Colombia,2025,FS.AST.PRVT.GD.ZS,39.8565281134651
COL,Colombia,2024,FS.AST.PRVT.GD.ZS,39.3740826684054
COL,Colombia,2023,FS.AST.PRVT.GD.ZS,41.5886837999716
COL,Colombia,2022,FS.AST.PRVT.GD.ZS,44.1883129591759
COL,Colombia,2021,FS.AST.PRVT.GD.ZS,47.9124060650503
COL,Colombia,2020,FS.AST.PRVT.GD.ZS,51.9987790610817
COL,Colombia,2019,FS.AST.PRVT.GD.ZS,46.0415781067709
COL,Colombia,2018,FS.AST.PRVT.GD.ZS,45.8707074728715
COL,Colombia,2017,FS.AST.PRVT.GD.ZS,49.8054213986162
COL,Colombia,2016,FS.AST.PRVT.GD.ZS,47.0541978052353
COL,Colombia,2015,FS.AST.PRVT.GD.ZS,46.9053935998568
COL,Colombia,2014,FS.AST.PRVT.GD.ZS,42.3846056970013
COL,Colombia,2013,FS.AST.PRVT.GD.ZS,39.4836916913459
COL,Colombia,2012,FS.AST.PRVT.GD.ZS,37.7448515262877
COL,Colombia,2011,FS.AST.PRVT.GD.ZS,34.9599738877776
COL,Colombia,2010,FS.AST.PRVT.GD.ZS,32.352958637797
COL,Colombia,2009,FS.AST.PRVT.GD.ZS,30.0588498093341
COL,Colombia,2008,FS.AST.PRVT.GD.ZS,31.3428821283831
COL,Colombia,2007,FS.AST.PRVT.GD.ZS,30.566568223407
COL,Colombia,2006,FS.AST.PRVT.GD.ZS,27.3293271996088
COL,Colombia,2005,FS.AST.PRVT.GD.ZS,22.7527186089507
COM,Comoros,2024,FS.AST.PRVT.GD.ZS,15.3194009591458
COM,Comoros,2023,FS.AST.PRVT.GD.ZS,16.5944611248562
COM,Comoros,2022,FS.AST.PRVT.GD.ZS,16.3013699146177
COM,Comoros,2021,FS.AST.PRVT.GD.ZS,16.0506210630525
COM,Comoros,2020,FS.AST.PRVT.GD.ZS,14.9857749486743
COM,Comoros,2019,FS.AST.PRVT.GD.ZS,15.4876028117551
COM,Comoros,2018,FS.AST.PRVT.GD.ZS,15.7748496415702
COM,Comoros,2017,FS.AST.PRVT.GD.ZS,16.4592204557401
COM,Comoros,2016,FS.AST.PRVT.GD.ZS,16.1429576955409
COM,Comoros,2015,FS.AST.PRVT.GD.ZS,15.8220261992571
COM,Comoros,2014,FS.AST.PRVT.GD.ZS,13.6288665081147
COM,Comoros,2013,FS.AST.PRVT.GD.ZS,12.8050866853768
COM,Comoros,2012,FS.AST.PRVT.GD.ZS,12.0894266472375
COM,Comoros,2011,FS.AST.PRVT.GD.ZS,10.6281810991574
COM,Comoros,2010,FS.AST.PRVT.GD.ZS,10.4775902098787
COM,Comoros,2009,FS.AST.PRVT.GD.ZS,8.78333732412975
COM,Comoros,2008,FS.AST.PRVT.GD.ZS,6.35343539152692
COM,Comoros,2007,FS.AST.PRVT.GD.ZS,5.35040930549283
COM,Comoros,2006,FS.AST.PRVT.GD.ZS,4.98534469634907
COM,Comoros,2005,FS.AST.PRVT.GD.ZS,5.16315796175395
COD,"Congo, Dem. Rep.",2023,FS.AST.PRVT.GD.ZS,11.2863136949009
COD,"Congo, Dem. Rep.",2022,FS.AST.PRVT.GD.ZS,8.54046311411877
COD,"Congo, Dem. Rep.",2021,FS.AST.PRVT.GD.ZS,6.76403632346417
COD,"Congo, Dem. Rep.",2020,FS.AST.PRVT.GD.ZS,7.77351785936603
COD,"Congo, Dem. Rep.",2019,FS.AST.PRVT.GD.ZS,6.63540522970596
COD,"Congo, Dem. Rep.",2018,FS.AST.PRVT.GD.ZS,5.91738564865962
COD,"Congo, Dem. Rep.",2017,FS.AST.PRVT.GD.ZS,5.53598634132898
COD,"Congo, Dem. Rep.",2016,FS.AST.PRVT.GD.ZS,7.1121281512558
COD,"Congo, Dem. Rep.",2015,FS.AST.PRVT.GD.ZS,5.93167471593023
COD,"Congo, Dem. Rep.",2014,FS.AST.PRVT.GD.ZS,5.35361763264241
COD,"Congo, Dem. Rep.",2013,FS.AST.PRVT.GD.ZS,4.91397198759442
COD,"Congo, Dem. Rep.",2012,FS.AST.PRVT.GD.ZS,4.69547419556911
COD,"Congo, Dem. Rep.",2011,FS.AST.PRVT.GD.ZS,3.93873705237114
COD,"Congo, Dem. Rep.",2010,FS.AST.PRVT.GD.ZS,3.32382163504594
COD,"Congo, Dem. Rep.",2009,FS.AST.PRVT.GD.ZS,5.31192894200943
COD,"Congo, Dem. Rep.",2008,FS.AST.PRVT.GD.ZS,4.34458641170506
COD,"Congo, Dem. Rep.",2007,FS.AST.PRVT.GD.ZS,2.41095421355526
COD,"Congo, Dem. Rep.",2006,FS.AST.PRVT.GD.ZS,1.94439729755035
COD,"Congo, Dem. Rep.",2005,FS.AST.PRVT.GD.ZS,1.13960704796909
COG,"Congo, Rep.",2023,FS.AST.PRVT.GD.ZS,13.7900478506587
COG,"Congo, Rep.",2022,FS.AST.PRVT.GD.ZS,12.7664269281269
COG,"Congo, Rep.",2021,FS.AST.PRVT.GD.ZS,13.902630970771
COG,"Congo, Rep.",2020,FS.AST.PRVT.GD.ZS,15.5564368746607
COG,"Congo, Rep.",2019,FS.AST.PRVT.GD.ZS,12.6399762805673
COG,"Congo, Rep.",2018,FS.AST.PRVT.GD.ZS,13.0035781117488
COG,"Congo, Rep.",2017,FS.AST.PRVT.GD.ZS,15.7845144454442
COG,"Congo, Rep.",2016,FS.AST.PRVT.GD.ZS,17.9395649927598
COG,"Congo, Rep.",2015,FS.AST.PRVT.GD.ZS,15.2272521698246
COG,"Congo, Rep.",2014,FS.AST.PRVT.GD.ZS,11.1598525258918
COG,"Congo, Rep.",2013,FS.AST.PRVT.GD.ZS,8.87867280525648
COG,"Congo, Rep.",2012,FS.AST.PRVT.GD.ZS,7.41275433322396
COG,"Congo, Rep.",2011,FS.AST.PRVT.GD.ZS,7.16938539992393
COG,"Congo, Rep.",2010,FS.AST.PRVT.GD.ZS,5.97974007920069
COG,"Congo, Rep.",2009,FS.AST.PRVT.GD.ZS,4.87224031469532
COG,"Congo, Rep.",2008,FS.AST.PRVT.GD.ZS,3.2133016767847
COG,"Congo, Rep.",2007,FS.AST.PRVT.GD.ZS,2.17001792231507
COG,"Congo, Rep.",2006,FS.AST.PRVT.GD.ZS,2.01041976164635
COG,"Congo, Rep.",2005,FS.AST.PRVT.GD.ZS,2.21035522374353
CRI,Costa Rica,2025,FS.AST.PRVT.GD.ZS,51.0306836568544
CRI,Costa Rica,2024,FS.AST.PRVT.GD.ZS,51.2276495671225
CRI,Costa Rica,2023,FS.AST.PRVT.GD.ZS,50.5269682662904
CRI,Costa Rica,2022,FS.AST.PRVT.GD.ZS,51.3585723021287
CRI,Costa Rica,2021,FS.AST.PRVT.GD.ZS,56.0475527880024
CRI,Costa Rica,2020,FS.AST.PRVT.GD.ZS,59.7420306125444
CRI,Costa Rica,2019,FS.AST.PRVT.GD.ZS,55.8867472957005
CRI,Costa Rica,2018,FS.AST.PRVT.GD.ZS,60.1621977806261
CRI,Costa Rica,2017,FS.AST.PRVT.GD.ZS,59.6859060092739
CRI,Costa Rica,2016,FS.AST.PRVT.GD.ZS,58.6380537945029
CRI,Costa Rica,2015,FS.AST.PRVT.GD.ZS,55.1272483638858
CRI,Costa Rica,2014,FS.AST.PRVT.GD.ZS,53.0984453508421
CRI,Costa Rica,2013,FS.AST.PRVT.GD.ZS,49.7299244380898
CRI,Costa Rica,2012,FS.AST.PRVT.GD.ZS,47.4513205210572
CRI,Costa Rica,2011,FS.AST.PRVT.GD.ZS,46.0200426615857
CRI,Costa Rica,2010,FS.AST.PRVT.GD.ZS,44.3141331487755
CRI,Costa Rica,2009,FS.AST.PRVT.GD.ZS,47.6533512000771
CRI,Costa Rica,2008,FS.AST.PRVT.GD.ZS,49.380606237469
CRI,Costa Rica,2007,FS.AST.PRVT.GD.ZS,43.7723776789672
CRI,Costa Rica,2006,FS.AST.PRVT.GD.ZS,37.8629840625737
CRI,Costa Rica,2005,FS.AST.PRVT.GD.ZS,35.8602192345414
CIV,Cote d'Ivoire,2025,FS.AST.PRVT.GD.ZS,22.6767007239408
CIV,Cote d'Ivoire,2024,FS.AST.PRVT.GD.ZS,22.5184329531641
CIV,Cote d'Ivoire,2023,FS.AST.PRVT.GD.ZS,21.9036293631015
CIV,Cote d'Ivoire,2022,FS.AST.PRVT.GD.ZS,20.8539472820397
CIV,Cote d'Ivoire,2021,FS.AST.PRVT.GD.ZS,20.9963038205128
CIV,Cote d'Ivoire,2020,FS.AST.PRVT.GD.ZS,20.5738024943085
CIV,Cote d'Ivoire,2019,FS.AST.PRVT.GD.ZS,19.0476721988887
CIV,Cote d'Ivoire,2018,FS.AST.PRVT.GD.ZS,19.2748278273806
CIV,Cote d'Ivoire,2017,FS.AST.PRVT.GD.ZS,19.2505134817876
CIV,Cote d'Ivoire,2016,FS.AST.PRVT.GD.ZS,17.6694307998743
CIV,Cote d'Ivoire,2015,FS.AST.PRVT.GD.ZS,16.7417116291801
CIV,Cote d'Ivoire,2014,FS.AST.PRVT.GD.ZS,14.6906998099912
CIV,Cote d'Ivoire,2013,FS.AST.PRVT.GD.ZS,14.3175686042922
CIV,Cote d'Ivoire,2012,FS.AST.PRVT.GD.ZS,13.6834555407143
CIV,Cote d'Ivoire,2011,FS.AST.PRVT.GD.ZS,13.168148828706
CIV,Cote d'Ivoire,2010,FS.AST.PRVT.GD.ZS,13.0878719593805
CIV,Cote d'Ivoire,2009,FS.AST.PRVT.GD.ZS,12.6992828688009
CIV,Cote d'Ivoire,2008,FS.AST.PRVT.GD.ZS,12.0323122094594
CIV,Cote d'Ivoire,2007,FS.AST.PRVT.GD.ZS,12.1552083745954
CIV,Cote d'Ivoire,2006,FS.AST.PRVT.GD.ZS,10.149368807964
CIV,Cote d'Ivoire,2005,FS.AST.PRVT.GD.ZS,8.85463546639548
HRV,Croatia,2024,FS.AST.PRVT.GD.ZS,46.8610674582388
HRV,Croatia,2023,FS.AST.PRVT.GD.ZS,46.4400272775491
HRV,Croatia,2022,FS.AST.PRVT.GD.ZS,50.5435345273838
HRV,Croatia,2021,FS.AST.PRVT.GD.ZS,52.8752378177331
HRV,Croatia,2020,FS.AST.PRVT.GD.ZS,59.1478795522623
HRV,Croatia,2019,FS.AST.PRVT.GD.ZS,52.9249990893527
HRV,Croatia,2018,FS.AST.PRVT.GD.ZS,54.2735124576287
HRV,Croatia,2017,FS.AST.PRVT.GD.ZS,55.9840746400708
HRV,Croatia,2016,FS.AST.PRVT.GD.ZS,58.9917167724846
HRV,Croatia,2015,FS.AST.PRVT.GD.ZS,63.1793064438933
HRV,Croatia,2014,FS.AST.PRVT.GD.ZS,66.746902023714
HRV,Croatia,2013,FS.AST.PRVT.GD.ZS,67.9130975100972
HRV,Croatia,2012,FS.AST.PRVT.GD.ZS,69.2348909379116
CYP,Cyprus,2024,FS.AST.PRVT.GD.ZS,56.6577631532363
CYP,Cyprus,2023,FS.AST.PRVT.GD.ZS,60.571861381716
CYP,Cyprus,2022,FS.AST.PRVT.GD.ZS,70.8069403957086
CYP,Cyprus,2021,FS.AST.PRVT.GD.ZS,87.3952443793853
CYP,Cyprus,2020,FS.AST.PRVT.GD.ZS,106.473520309929
CYP,Cyprus,2019,FS.AST.PRVT.GD.ZS,106.68413611383
CYP,Cyprus,2018,FS.AST.PRVT.GD.ZS,135.318599181494
CYP,Cyprus,2017,FS.AST.PRVT.GD.ZS,191.783932232274
CYP,Cyprus,2016,FS.AST.PRVT.GD.ZS,216.242757371797
CYP,Cyprus,2015,FS.AST.PRVT.GD.ZS,243.416337343981
CYP,Cyprus,2014,FS.AST.PRVT.GD.ZS,251.830384825679
CYP,Cyprus,2013,FS.AST.PRVT.GD.ZS,254.66806457038
CYP,Cyprus,2012,FS.AST.PRVT.GD.ZS,249.218122126626
CYP,Cyprus,2011,FS.AST.PRVT.GD.ZS,242.541120297858
CYP,Cyprus,2010,FS.AST.PRVT.GD.ZS,234.2515929319
CYP,Cyprus,2009,FS.AST.PRVT.GD.ZS,226.355979301383
CYP,Cyprus,2008,FS.AST.PRVT.GD.ZS,212.209238098344
CYP,Cyprus,2007,FS.AST.PRVT.GD.ZS,180.680730068928
CYP,Cyprus,2006,FS.AST.PRVT.GD.ZS,162.937571285187
CYP,Cyprus,2005,FS.AST.PRVT.GD.ZS,156.676015413795
CZE,Czechia,2024,FS.AST.PRVT.GD.ZS,48.0206642758804
CZE,Czechia,2023,FS.AST.PRVT.GD.ZS,47.7195252266584
CZE,Czechia,2022,FS.AST.PRVT.GD.ZS,48.6347695390782
CZE,Czechia,2021,FS.AST.PRVT.GD.ZS,52.0361206166061
CZE,Czechia,2020,FS.AST.PRVT.GD.ZS,51.9829906329751
CZE,Czechia,2019,FS.AST.PRVT.GD.ZS,49.4401047128065
CZE,Czechia,2018,FS.AST.PRVT.GD.ZS,50.7185195587911
CZE,Czechia,2017,FS.AST.PRVT.GD.ZS,50.2324425641548
CZE,Czechia,2016,FS.AST.PRVT.GD.ZS,50.5721831167678
CZE,Czechia,2015,FS.AST.PRVT.GD.ZS,49.2604496354432
CZE,Czechia,2014,FS.AST.PRVT.GD.ZS,49.0926941934326
CZE,Czechia,2013,FS.AST.PRVT.GD.ZS,50.2898649104068
CZE,Czechia,2012,FS.AST.PRVT.GD.ZS,49.0549453111
CZE,Czechia,2011,FS.AST.PRVT.GD.ZS,47.9331340018142
CZE,Czechia,2010,FS.AST.PRVT.GD.ZS,45.8702955056247
CZE,Czechia,2009,FS.AST.PRVT.GD.ZS,45.0769166431167
CZE,Czechia,2008,FS.AST.PRVT.GD.ZS,43.2837473288349
CZE,Czechia,2007,FS.AST.PRVT.GD.ZS,38.7111386653992
CZE,Czechia,2006,FS.AST.PRVT.GD.ZS,33.8468188673217
CZE,Czechia,2005,FS.AST.PRVT.GD.ZS,29.198511293775
DNK,Denmark,2024,FS.AST.PRVT.GD.ZS,144.062236896793
DNK,Denmark,2023,FS.AST.PRVT.GD.ZS,147.482098497207
DNK,Denmark,2022,FS.AST.PRVT.GD.ZS,143.406000566119
DNK,Denmark,2021,FS.AST.PRVT.GD.ZS,155.229321090433
DNK,Denmark,2020,FS.AST.PRVT.GD.ZS,163.53675512979
DNK,Denmark,2019,FS.AST.PRVT.GD.ZS,161.898678914292
DNK,Denmark,2018,FS.AST.PRVT.GD.ZS,161.960223775062
DNK,Denmark,2017,FS.AST.PRVT.GD.ZS,162.056089653455
DNK,Denmark,2016,FS.AST.PRVT.GD.ZS,167.059346282627
DNK,Denmark,2015,FS.AST.PRVT.GD.ZS,170.482608410684
DNK,Denmark,2014,FS.AST.PRVT.GD.ZS,173.406264223471
DNK,Denmark,2013,FS.AST.PRVT.GD.ZS,176.47778714251
DNK,Denmark,2012,FS.AST.PRVT.GD.ZS,182.294825006608
DNK,Denmark,2011,FS.AST.PRVT.GD.ZS,187.071128261478
DNK,Denmark,2010,FS.AST.PRVT.GD.ZS,192.829946750657
DNK,Denmark,2009,FS.AST.PRVT.GD.ZS,200.399182317735
DNK,Denmark,2008,FS.AST.PRVT.GD.ZS,190.31686614058
DNK,Denmark,2007,FS.AST.PRVT.GD.ZS,184.0374247006
DNK,Denmark,2006,FS.AST.PRVT.GD.ZS,168.745502563994
DNK,Denmark,2005,FS.AST.PRVT.GD.ZS,157.138147842747
DJI,Djibouti,2025,FS.AST.PRVT.GD.ZS,25.1647278808558
DJI,Djibouti,2024,FS.AST.PRVT.GD.ZS,23.1025276600186
DJI,Djibouti,2023,FS.AST.PRVT.GD.ZS,21.8231301046989
DJI,Djibouti,2022,FS.AST.PRVT.GD.ZS,19.8343292529775
DJI,Djibouti,2021,FS.AST.PRVT.GD.ZS,18.5968581486669
DJI,Djibouti,2020,FS.AST.PRVT.GD.ZS,21.153639250123
DJI,Djibouti,2019,FS.AST.PRVT.GD.ZS,22.3514833157846
DJI,Djibouti,2018,FS.AST.PRVT.GD.ZS,21.6332373941692
DJI,Djibouti,2017,FS.AST.PRVT.GD.ZS,21.1727542584921
DJI,Djibouti,2016,FS.AST.PRVT.GD.ZS,20.4371265619881
DJI,Djibouti,2015,FS.AST.PRVT.GD.ZS,21.7028460975101
DJI,Djibouti,2014,FS.AST.PRVT.GD.ZS,22.1377018857024
DJI,Djibouti,2013,FS.AST.PRVT.GD.ZS,22.1463874057357
DJI,Djibouti,2012,FS.AST.PRVT.GD.ZS,28.9308988431593
DJI,Djibouti,2011,FS.AST.PRVT.GD.ZS,30.9088339588642
DJI,Djibouti,2010,FS.AST.PRVT.GD.ZS,33.1101651364158
DJI,Djibouti,2009,FS.AST.PRVT.GD.ZS,29.3471303326915
DJI,Djibouti,2008,FS.AST.PRVT.GD.ZS,24.3356079532783
DJI,Djibouti,2007,FS.AST.PRVT.GD.ZS,22.5217826972719
DJI,Djibouti,2006,FS.AST.PRVT.GD.ZS,20.1829119250613
DJI,Djibouti,2005,FS.AST.PRVT.GD.ZS,20.0751157306315
DMA,Dominica,2025,FS.AST.PRVT.GD.ZS,38.0930403904995
DMA,Dominica,2024,FS.AST.PRVT.GD.ZS,39.3862299594619
DMA,Dominica,2023,FS.AST.PRVT.GD.ZS,41.7730066174571
DMA,Dominica,2022,FS.AST.PRVT.GD.ZS,45.8489422030946
DMA,Dominica,2021,FS.AST.PRVT.GD.ZS,49.3802060716119
DMA,Dominica,2020,FS.AST.PRVT.GD.ZS,50.7542625074397
DMA,Dominica,2019,FS.AST.PRVT.GD.ZS,38.3560218453579
DMA,Dominica,2018,FS.AST.PRVT.GD.ZS,41.653873816514
DMA,Dominica,2017,FS.AST.PRVT.GD.ZS,47.2243698473433
DMA,Dominica,2016,FS.AST.PRVT.GD.ZS,44.1506480003869
DMA,Dominica,2015,FS.AST.PRVT.GD.ZS,47.5724320136163
DMA,Dominica,2014,FS.AST.PRVT.GD.ZS,48.813726061265
DMA,Dominica,2013,FS.AST.PRVT.GD.ZS,52.6516931770331
DMA,Dominica,2012,FS.AST.PRVT.GD.ZS,55.2126750939529
DMA,Dominica,2011,FS.AST.PRVT.GD.ZS,52.3689632609876
DMA,Dominica,2010,FS.AST.PRVT.GD.ZS,50.4433536142261
DMA,Dominica,2009,FS.AST.PRVT.GD.ZS,46.398284692243
DMA,Dominica,2008,FS.AST.PRVT.GD.ZS,46.7316610211341
DMA,Dominica,2007,FS.AST.PRVT.GD.ZS,46.5457044101112
DMA,Dominica,2006,FS.AST.PRVT.GD.ZS,47.2177383513182
DMA,Dominica,2005,FS.AST.PRVT.GD.ZS,45.2101842127672
DOM,Dominican Republic,2025,FS.AST.PRVT.GD.ZS,32.8494013968757
DOM,Dominican Republic,2024,FS.AST.PRVT.GD.ZS,31.9220864876323
DOM,Dominican Republic,2023,FS.AST.PRVT.GD.ZS,30.842195690075
DOM,Dominican Republic,2022,FS.AST.PRVT.GD.ZS,27.965795472561
DOM,Dominican Republic,2021,FS.AST.PRVT.GD.ZS,27.7700298032382
DOM,Dominican Republic,2020,FS.AST.PRVT.GD.ZS,30.6276284346111
DOM,Dominican Republic,2019,FS.AST.PRVT.GD.ZS,28.0978072005075
DOM,Dominican Republic,2018,FS.AST.PRVT.GD.ZS,27.3911536580126
DOM,Dominican Republic,2017,FS.AST.PRVT.GD.ZS,27.5827678514226
DOM,Dominican Republic,2016,FS.AST.PRVT.GD.ZS,26.9063969746819
DOM,Dominican Republic,2015,FS.AST.PRVT.GD.ZS,26.0392720542651
DOM,Dominican Republic,2014,FS.AST.PRVT.GD.ZS,25.2661648516991
DOM,Dominican Republic,2013,FS.AST.PRVT.GD.ZS,23.4371404845689
DOM,Dominican Republic,2012,FS.AST.PRVT.GD.ZS,22.5374088267045
DOM,Dominican Republic,2011,FS.AST.PRVT.GD.ZS,22.9374372388722
DOM,Dominican Republic,2010,FS.AST.PRVT.GD.ZS,22.7350961859087
DOM,Dominican Republic,2009,FS.AST.PRVT.GD.ZS,21.5664624818529
DOM,Dominican Republic,2008,FS.AST.PRVT.GD.ZS,20.7401125439887
DOM,Dominican Republic,2007,FS.AST.PRVT.GD.ZS,20.7082666024064
DOM,Dominican Republic,2006,FS.AST.PRVT.GD.ZS,18.6926214053015
DOM,Dominican Republic,2005,FS.AST.PRVT.GD.ZS,19.6494366342449
ECU,Ecuador,2025,FS.AST.PRVT.GD.ZS,58.8742627097159
ECU,Ecuador,2024,FS.AST.PRVT.GD.ZS,56.5769942262981
ECU,Ecuador,2023,FS.AST.PRVT.GD.ZS,54.654544984531
ECU,Ecuador,2022,FS.AST.PRVT.GD.ZS,52.3799487703168
ECU,Ecuador,2021,FS.AST.PRVT.GD.ZS,49.7533981232754
ECU,Ecuador,2020,FS.AST.PRVT.GD.ZS,49.0557050652741
ECU,Ecuador,2019,FS.AST.PRVT.GD.ZS,42.6915820194147
ECU,Ecuador,2018,FS.AST.PRVT.GD.ZS,38.3374947486699
ECU,Ecuador,2017,FS.AST.PRVT.GD.ZS,34.2208461040213
ECU,Ecuador,2016,FS.AST.PRVT.GD.ZS,31.5046558000332
ECU,Ecuador,2015,FS.AST.PRVT.GD.ZS,29.9362613682185
ECU,Ecuador,2014,FS.AST.PRVT.GD.ZS,29.208430980274
ECU,Ecuador,2013,FS.AST.PRVT.GD.ZS,28.5522332055412
ECU,Ecuador,2012,FS.AST.PRVT.GD.ZS,28.44437278344
ECU,Ecuador,2011,FS.AST.PRVT.GD.ZS,27.5915486903939
ECU,Ecuador,2010,FS.AST.PRVT.GD.ZS,27.0843336858919
ECU,Ecuador,2009,FS.AST.PRVT.GD.ZS,24.8896332211154
ECU,Ecuador,2008,FS.AST.PRVT.GD.ZS,23.9648755618427
ECU,Ecuador,2007,FS.AST.PRVT.GD.ZS,23.3804598593846
ECU,Ecuador,2006,FS.AST.PRVT.GD.ZS,22.3312165490477
ECU,Ecuador,2005,FS.AST.PRVT.GD.ZS,21.9843010481258
EGY,"Egypt, Arab Rep.",2025,FS.AST.PRVT.GD.ZS,25.8412480093151
EGY,"Egypt, Arab Rep.",2024,FS.AST.PRVT.GD.ZS,27.5692279729149
EGY,"Egypt, Arab Rep.",2023,FS.AST.PRVT.GD.ZS,29.2578215393463
EGY,"Egypt, Arab Rep.",2022,FS.AST.PRVT.GD.ZS,30.847002116672
EGY,"Egypt, Arab Rep.",2021,FS.AST.PRVT.GD.ZS,28.2307543894278
EGY,"Egypt, Arab Rep.",2020,FS.AST.PRVT.GD.ZS,25.7894742547866
EGY,"Egypt, Arab Rep.",2019,FS.AST.PRVT.GD.ZS,22.8487308972762
EGY,"Egypt, Arab Rep.",2018,FS.AST.PRVT.GD.ZS,24.2952790707642
EGY,"Egypt, Arab Rep.",2017,FS.AST.PRVT.GD.ZS,27.0698246737254
EGY,"Egypt, Arab Rep.",2016,FS.AST.PRVT.GD.ZS,34.1348626252639
EGY,"Egypt, Arab Rep.",2015,FS.AST.PRVT.GD.ZS,26.316393760305
EGY,"Egypt, Arab Rep.",2014,FS.AST.PRVT.GD.ZS,25.6066805392918
EGY,"Egypt, Arab Rep.",2013,FS.AST.PRVT.GD.ZS,26.2224394958043
EGY,"Egypt, Arab Rep.",2012,FS.AST.PRVT.GD.ZS,27.388449729504
EGY,"Egypt, Arab Rep.",2011,FS.AST.PRVT.GD.ZS,31.1549232899382
EGY,"Egypt, Arab Rep.",2010,FS.AST.PRVT.GD.ZS,33.0722952214189
EGY,"Egypt, Arab Rep.",2009,FS.AST.PRVT.GD.ZS,36.0927133507004
EGY,"Egypt, Arab Rep.",2008,FS.AST.PRVT.GD.ZS,42.7975137803462
EGY,"Egypt, Arab Rep.",2007,FS.AST.PRVT.GD.ZS,45.5152215665951
EGY,"Egypt, Arab Rep.",2006,FS.AST.PRVT.GD.ZS,49.2909797353084
EGY,"Egypt, Arab Rep.",2005,FS.AST.PRVT.GD.ZS,51.1654340531105
SLV,El Salvador,2025,FS.AST.PRVT.GD.ZS,64.3701394379061
SLV,El Salvador,2024,FS.AST.PRVT.GD.ZS,63.3568626329389
SLV,El Salvador,2023,FS.AST.PRVT.GD.ZS,62.4327826178303
SLV,El Salvador,2022,FS.AST.PRVT.GD.ZS,62.6134246432786
SLV,El Salvador,2021,FS.AST.PRVT.GD.ZS,61.139568580911
SLV,El Salvador,2020,FS.AST.PRVT.GD.ZS,65.3332227111145
SLV,El Salvador,2019,FS.AST.PRVT.GD.ZS,59.0743132128325
SLV,El Salvador,2018,FS.AST.PRVT.GD.ZS,57.2770156356153
SLV,El Salvador,2017,FS.AST.PRVT.GD.ZS,56.0486779897987
SLV,El Salvador,2016,FS.AST.PRVT.GD.ZS,55.0597980078069
SLV,El Salvador,2015,FS.AST.PRVT.GD.ZS,54.0918954267897
SLV,El Salvador,2014,FS.AST.PRVT.GD.ZS,53.2701980017235
SLV,El Salvador,2013,FS.AST.PRVT.GD.ZS,51.504185703808
SLV,El Salvador,2012,FS.AST.PRVT.GD.ZS,49.2960792034564
SLV,El Salvador,2011,FS.AST.PRVT.GD.ZS,49.9977176790519
SLV,El Salvador,2010,FS.AST.PRVT.GD.ZS,52.3104277458922
SLV,El Salvador,2009,FS.AST.PRVT.GD.ZS,54.5525792579328
SLV,El Salvador,2008,FS.AST.PRVT.GD.ZS,51.0548677298855
SLV,El Salvador,2007,FS.AST.PRVT.GD.ZS,51.5342970603847
SLV,El Salvador,2006,FS.AST.PRVT.GD.ZS,50.2764169762417
SLV,El Salvador,2005,FS.AST.PRVT.GD.ZS,49.9239191050969
GNQ,Equatorial Guinea,2023,FS.AST.PRVT.GD.ZS,5.81219669046931
GNQ,Equatorial Guinea,2022,FS.AST.PRVT.GD.ZS,8.08192941445443
GNQ,Equatorial Guinea,2021,FS.AST.PRVT.GD.ZS,10.4542771122938
GNQ,Equatorial Guinea,2020,FS.AST.PRVT.GD.ZS,12.8708903076884
GNQ,Equatorial Guinea,2019,FS.AST.PRVT.GD.ZS,15.2395082821309
GNQ,Equatorial Guinea,2018,FS.AST.PRVT.GD.ZS,14.1882491471457
GNQ,Equatorial Guinea,2017,FS.AST.PRVT.GD.ZS,14.1214330973783
GNQ,Equatorial Guinea,2016,FS.AST.PRVT.GD.ZS,14.9468582596128
GNQ,Equatorial Guinea,2015,FS.AST.PRVT.GD.ZS,12.5262525944721
GNQ,Equatorial Guinea,2014,FS.AST.PRVT.GD.ZS,8.10847678929606
GNQ,Equatorial Guinea,2013,FS.AST.PRVT.GD.ZS,6.863157222794
GNQ,Equatorial Guinea,2012,FS.AST.PRVT.GD.ZS,4.83204994072443
GNQ,Equatorial Guinea,2011,FS.AST.PRVT.GD.ZS,6.4064820440112
GNQ,Equatorial Guinea,2010,FS.AST.PRVT.GD.ZS,6.07828531496565
GNQ,Equatorial Guinea,2009,FS.AST.PRVT.GD.ZS,5.31752124002543
GNQ,Equatorial Guinea,2008,FS.AST.PRVT.GD.ZS,4.10405482430278
GNQ,Equatorial Guinea,2007,FS.AST.PRVT.GD.ZS,2.80267296559979
GNQ,Equatorial Guinea,2006,FS.AST.PRVT.GD.ZS,2.37293393091507
GNQ,Equatorial Guinea,2005,FS.AST.PRVT.GD.ZS,2.14853263799982
ERI,Eritrea,2014,FS.AST.PRVT.GD.ZS,53.241077381173
ERI,Eritrea,2013,FS.AST.PRVT.GD.ZS,33.9868058928029
ERI,Eritrea,2012,FS.AST.PRVT.GD.ZS,16.1597177482946
ERI,Eritrea,2011,FS.AST.PRVT.GD.ZS,17.5647022127032
ERI,Eritrea,2010,FS.AST.PRVT.GD.ZS,21.2805376775865
ERI,Eritrea,2009,FS.AST.PRVT.GD.ZS,16.7680727471697
ERI,Eritrea,2008,FS.AST.PRVT.GD.ZS,22.060976369261
ERI,Eritrea,2007,FS.AST.PRVT.GD.ZS,20.7357490413301
ERI,Eritrea,2006,FS.AST.PRVT.GD.ZS,25.9882692375015
ERI,Eritrea,2005,FS.AST.PRVT.GD.ZS,27.5632390071943
EST,Estonia,2024,FS.AST.PRVT.GD.ZS,60.5354220304166
EST,Estonia,2023,FS.AST.PRVT.GD.ZS,57.661097453773
EST,Estonia,2022,FS.AST.PRVT.GD.ZS,57.2271887161449
EST,Estonia,2021,FS.AST.PRVT.GD.ZS,59.2942307857999
EST,Estonia,2020,FS.AST.PRVT.GD.ZS,62.4674951324135
EST,Estonia,2019,FS.AST.PRVT.GD.ZS,58.2395451990957
EST,Estonia,2018,FS.AST.PRVT.GD.ZS,60.7637234103393
EST,Estonia,2017,FS.AST.PRVT.GD.ZS,62.8595377411996
EST,Estonia,2016,FS.AST.PRVT.GD.ZS,68.4124027630138
EST,Estonia,2015,FS.AST.PRVT.GD.ZS,67.7220402662715
EST,Estonia,2014,FS.AST.PRVT.GD.ZS,66.2244826810727
EST,Estonia,2013,FS.AST.PRVT.GD.ZS,68.5688128478961
EST,Estonia,2012,FS.AST.PRVT.GD.ZS,72.2359626283806
EST,Estonia,2011,FS.AST.PRVT.GD.ZS,77.7273393268142
EST,Estonia,2010,FS.AST.PRVT.GD.ZS,92.8043492211177
EST,Estonia,2009,FS.AST.PRVT.GD.ZS,101.383034984081
EST,Estonia,2008,FS.AST.PRVT.GD.ZS,89.6688726260344
EST,Estonia,2007,FS.AST.PRVT.GD.ZS,83.7476130434748
EST,Estonia,2006,FS.AST.PRVT.GD.ZS,76.2245652785985
EST,Estonia,2005,FS.AST.PRVT.GD.ZS,56.5739087115337
SWZ,Eswatini,2025,FS.AST.PRVT.GD.ZS,23.0750811152126
SWZ,Eswatini,2024,FS.AST.PRVT.GD.ZS,21.6231408755943
SWZ,Eswatini,2023,FS.AST.PRVT.GD.ZS,21.3095273182131
SWZ,Eswatini,2022,FS.AST.PRVT.GD.ZS,21.3428907072988
SWZ,Eswatini,2021,FS.AST.PRVT.GD.ZS,20.823247149558
SWZ,Eswatini,2020,FS.AST.PRVT.GD.ZS,20.9643539991261
SWZ,Eswatini,2019,FS.AST.PRVT.GD.ZS,20.2233785743064
SWZ,Eswatini,2018,FS.AST.PRVT.GD.ZS,20.9890102465224
SWZ,Eswatini,2017,FS.AST.PRVT.GD.ZS,20.6352761067432
SWZ,Eswatini,2016,FS.AST.PRVT.GD.ZS,21.5801659225305
SWZ,Eswatini,2015,FS.AST.PRVT.GD.ZS,21.25805436914
SWZ,Eswatini,2014,FS.AST.PRVT.GD.ZS,21.8445673382862
SWZ,Eswatini,2013,FS.AST.PRVT.GD.ZS,21.4745583840623
SWZ,Eswatini,2012,FS.AST.PRVT.GD.ZS,19.7488163303886
SWZ,Eswatini,2011,FS.AST.PRVT.GD.ZS,22.8407822139502
SWZ,Eswatini,2010,FS.AST.PRVT.GD.ZS,19.468556789438
SWZ,Eswatini,2009,FS.AST.PRVT.GD.ZS,20.9217751980064
SWZ,Eswatini,2008,FS.AST.PRVT.GD.ZS,20.6739096803303
SWZ,Eswatini,2007,FS.AST.PRVT.GD.ZS,21.6983255351644
SWZ,Eswatini,2006,FS.AST.PRVT.GD.ZS,19.5207280679882
SWZ,Eswatini,2005,FS.AST.PRVT.GD.ZS,17.6107810983513
ETH,Ethiopia,2008,FS.AST.PRVT.GD.ZS,17.7101483486321
ETH,Ethiopia,2007,FS.AST.PRVT.GD.ZS,18.5250760306452
ETH,Ethiopia,2006,FS.AST.PRVT.GD.ZS,20.4493250657558
ETH,Ethiopia,2005,FS.AST.PRVT.GD.ZS,18.8657892604975
FJI,Fiji,2025,FS.AST.PRVT.GD.ZS,118.958850834707
FJI,Fiji,2024,FS.AST.PRVT.GD.ZS,115.346328808797
FJI,Fiji,2023,FS.AST.PRVT.GD.ZS,113.600553281903
FJI,Fiji,2022,FS.AST.PRVT.GD.ZS,118.38185167337
FJI,Fiji,2021,FS.AST.PRVT.GD.ZS,139.163957696995
FJI,Fiji,2020,FS.AST.PRVT.GD.ZS,130.050824259718
FJI,Fiji,2019,FS.AST.PRVT.GD.ZS,104.113881166689
FJI,Fiji,2018,FS.AST.PRVT.GD.ZS,92.7963247404047
FJI,Fiji,2017,FS.AST.PRVT.GD.ZS,86.2066812169131
FJI,Fiji,2016,FS.AST.PRVT.GD.ZS,84.4251449377182
FJI,Fiji,2015,FS.AST.PRVT.GD.ZS,78.765928937683
FJI,Fiji,2014,FS.AST.PRVT.GD.ZS,72.596975982596
FJI,Fiji,2013,FS.AST.PRVT.GD.ZS,74.8887465351047
FJI,Fiji,2012,FS.AST.PRVT.GD.ZS,76.8012555942269
FJI,Fiji,2011,FS.AST.PRVT.GD.ZS,75.3880732634199
FJI,Fiji,2010,FS.AST.PRVT.GD.ZS,83.4615495494888
FJI,Fiji,2009,FS.AST.PRVT.GD.ZS,89.605567220233
FJI,Fiji,2008,FS.AST.PRVT.GD.ZS,85.9113508881267
FJI,Fiji,2007,FS.AST.PRVT.GD.ZS,78.7496782773846
FJI,Fiji,2006,FS.AST.PRVT.GD.ZS,79.0666889707575
FJI,Fiji,2005,FS.AST.PRVT.GD.ZS,69.1915847943942
FIN,Finland,2024,FS.AST.PRVT.GD.ZS,92.0244354023472
FIN,Finland,2023,FS.AST.PRVT.GD.ZS,93.2129448178605
FIN,Finland,2022,FS.AST.PRVT.GD.ZS,96.1977943524903
FIN,Finland,2021,FS.AST.PRVT.GD.ZS,100.140293611616
FIN,Finland,2020,FS.AST.PRVT.GD.ZS,101.738251257472
FIN,Finland,2019,FS.AST.PRVT.GD.ZS,95.9193855390369
FIN,Finland,2018,FS.AST.PRVT.GD.ZS,94.8815247622949
FIN,Finland,2017,FS.AST.PRVT.GD.ZS,94.0317570514361
FIN,Finland,2016,FS.AST.PRVT.GD.ZS,94.7843702628907
FIN,Finland,2015,FS.AST.PRVT.GD.ZS,94.9850612773084
FIN,Finland,2014,FS.AST.PRVT.GD.ZS,93.3662043671516
FIN,Finland,2013,FS.AST.PRVT.GD.ZS,93.313414939778
FIN,Finland,2012,FS.AST.PRVT.GD.ZS,92.0754773478126
FIN,Finland,2011,FS.AST.PRVT.GD.ZS,89.5337836128608
FIN,Finland,2010,FS.AST.PRVT.GD.ZS,88.1332149861544
FIN,Finland,2009,FS.AST.PRVT.GD.ZS,86.308636201062
FIN,Finland,2008,FS.AST.PRVT.GD.ZS,80.1053265586632
FIN,Finland,2007,FS.AST.PRVT.GD.ZS,76.2828840098579
FIN,Finland,2006,FS.AST.PRVT.GD.ZS,73.4138990286994
FIN,Finland,2005,FS.AST.PRVT.GD.ZS,69.2547338248333
FRA,France,2024,FS.AST.PRVT.GD.ZS,107.58266062477
FRA,France,2023,FS.AST.PRVT.GD.ZS,112.567354839828
FRA,France,2022,FS.AST.PRVT.GD.ZS,119.290366998126
FRA,France,2021,FS.AST.PRVT.GD.ZS,120.721909947613
FRA,France,2020,FS.AST.PRVT.GD.ZS,125.397439701102
FRA,France,2019,FS.AST.PRVT.GD.ZS,106.913030586051
FRA,France,2018,FS.AST.PRVT.GD.ZS,104.624051971951
FRA,France,2017,FS.AST.PRVT.GD.ZS,101.617830234188
FRA,France,2016,FS.AST.PRVT.GD.ZS,97.4904687619857
FRA,France,2015,FS.AST.PRVT.GD.ZS,94.9454202268228
FRA,France,2014,FS.AST.PRVT.GD.ZS,93.9159081503646
FRA,France,2013,FS.AST.PRVT.GD.ZS,95.8769626871841
FRA,France,2012,FS.AST.PRVT.GD.ZS,96.5785492959372
FRA,France,2011,FS.AST.PRVT.GD.ZS,96.6491919516285
FRA,France,2010,FS.AST.PRVT.GD.ZS,95.8471452301569
FRA,France,2009,FS.AST.PRVT.GD.ZS,95.0966407247871
FRA,France,2008,FS.AST.PRVT.GD.ZS,92.6357426084034
FRA,France,2007,FS.AST.PRVT.GD.ZS,88.974306564356
FRA,France,2006,FS.AST.PRVT.GD.ZS,84.3572835148986
FRA,France,2005,FS.AST.PRVT.GD.ZS,80.324329471898
GAB,Gabon,2019,FS.AST.PRVT.GD.ZS,13.3764779657931
GAB,Gabon,2018,FS.AST.PRVT.GD.ZS,13.0826930691649
GAB,Gabon,2017,FS.AST.PRVT.GD.ZS,10.2903622081637
GAB,Gabon,2016,FS.AST.PRVT.GD.ZS,13.8289895507558
GAB,Gabon,2015,FS.AST.PRVT.GD.ZS,14.5161472286238
GAB,Gabon,2014,FS.AST.PRVT.GD.ZS,14.5417251249117
GAB,Gabon,2013,FS.AST.PRVT.GD.ZS,15.012821298493
GAB,Gabon,2012,FS.AST.PRVT.GD.ZS,11.3020956739669
GAB,Gabon,2011,FS.AST.PRVT.GD.ZS,9.52767161179321
GAB,Gabon,2010,FS.AST.PRVT.GD.ZS,8.20999683204116
GAB,Gabon,2009,FS.AST.PRVT.GD.ZS,10.091112978373
GAB,Gabon,2008,FS.AST.PRVT.GD.ZS,8.66117230938388
GAB,Gabon,2007,FS.AST.PRVT.GD.ZS,9.95222909903567
GAB,Gabon,2006,FS.AST.PRVT.GD.ZS,9.55302311116021
GAB,Gabon,2005,FS.AST.PRVT.GD.ZS,8.46361766400408
GMB,"Gambia, The",2024,FS.AST.PRVT.GD.ZS,9.40397496213459
GMB,"Gambia, The",2023,FS.AST.PRVT.GD.ZS,8.72531335926186
GMB,"Gambia, The",2022,FS.AST.PRVT.GD.ZS,9.62022046623071
GMB,"Gambia, The",2021,FS.AST.PRVT.GD.ZS,8.87544997363302
GMB,"Gambia, The",2020,FS.AST.PRVT.GD.ZS,8.15222243350758
GMB,"Gambia, The",2019,FS.AST.PRVT.GD.ZS,8.2021724578564
GMB,"Gambia, The",2018,FS.AST.PRVT.GD.ZS,7.05226804537001
GMB,"Gambia, The",2017,FS.AST.PRVT.GD.ZS,6.09221630485146
GMB,"Gambia, The",2014,FS.AST.PRVT.GD.ZS,8.8311855558866
GMB,"Gambia, The",2013,FS.AST.PRVT.GD.ZS,9.98100085589005
GMB,"Gambia, The",2012,FS.AST.PRVT.GD.ZS,10.0796538891506
GMB,"Gambia, The",2011,FS.AST.PRVT.GD.ZS,10.4075521213533
GMB,"Gambia, The",2010,FS.AST.PRVT.GD.ZS,9.49108014230579
GMB,"Gambia, The",2009,FS.AST.PRVT.GD.ZS,9.16645259698903
GMB,"Gambia, The",2008,FS.AST.PRVT.GD.ZS,8.73270872952293
GMB,"Gambia, The",2007,FS.AST.PRVT.GD.ZS,7.54851230375493
GMB,"Gambia, The",2006,FS.AST.PRVT.GD.ZS,7.21291896424901
GMB,"Gambia, The",2005,FS.AST.PRVT.GD.ZS,5.85223886598166
GEO,Georgia,2025,FS.AST.PRVT.GD.ZS,68.4219664417332
GEO,Georgia,2024,FS.AST.PRVT.GD.ZS,68.2889275931946
GEO,Georgia,2023,FS.AST.PRVT.GD.ZS,66.4033160272702
GEO,Georgia,2022,FS.AST.PRVT.GD.ZS,63.0726082732066
GEO,Georgia,2021,FS.AST.PRVT.GD.ZS,72.9083897422509
GEO,Georgia,2020,FS.AST.PRVT.GD.ZS,79.0645249082047
GEO,Georgia,2019,FS.AST.PRVT.GD.ZS,65.0283258328935
GEO,Georgia,2018,FS.AST.PRVT.GD.ZS,59.5296426505116
GEO,Georgia,2017,FS.AST.PRVT.GD.ZS,55.071079573885
GEO,Georgia,2016,FS.AST.PRVT.GD.ZS,54.014570070671
GEO,Georgia,2015,FS.AST.PRVT.GD.ZS,48.2300744379273
GEO,Georgia,2014,FS.AST.PRVT.GD.ZS,44.9483510774207
GEO,Georgia,2013,FS.AST.PRVT.GD.ZS,39.9045930084725
GEO,Georgia,2012,FS.AST.PRVT.GD.ZS,35.5362693389369
GEO,Georgia,2011,FS.AST.PRVT.GD.ZS,32.879102622471
GEO,Georgia,2010,FS.AST.PRVT.GD.ZS,31.8520769230266
GEO,Georgia,2009,FS.AST.PRVT.GD.ZS,32.7152366113766
GEO,Georgia,2008,FS.AST.PRVT.GD.ZS,34.4363345628058
DEU,Germany,2023,FS.AST.PRVT.GD.ZS,77.253484574492
DEU,Germany,2022,FS.AST.PRVT.GD.ZS,81.079187544963
DEU,Germany,2021,FS.AST.PRVT.GD.ZS,82.7038241987432
DEU,Germany,2020,FS.AST.PRVT.GD.ZS,83.809378912227
DEU,Germany,2019,FS.AST.PRVT.GD.ZS,77.9656968065859
DEU,Germany,2018,FS.AST.PRVT.GD.ZS,76.6188414195566
DEU,Germany,2017,FS.AST.PRVT.GD.ZS,76.0590859587592
DEU,Germany,2016,FS.AST.PRVT.GD.ZS,75.9886830599554
DEU,Germany,2015,FS.AST.PRVT.GD.ZS,76.5815039050479
DEU,Germany,2014,FS.AST.PRVT.GD.ZS,77.7920367770492
DEU,Germany,2013,FS.AST.PRVT.GD.ZS,80.6847771482794
DEU,Germany,2012,FS.AST.PRVT.GD.ZS,82.1912777571376
DEU,Germany,2011,FS.AST.PRVT.GD.ZS,83.2493965947192
DEU,Germany,2010,FS.AST.PRVT.GD.ZS,86.7703784709742
DEU,Germany,2009,FS.AST.PRVT.GD.ZS,96.8593447395117
DEU,Germany,2008,FS.AST.PRVT.GD.ZS,95.4017333003769
DEU,Germany,2007,FS.AST.PRVT.GD.ZS,95.4983439670839
DEU,Germany,2006,FS.AST.PRVT.GD.ZS,100.341277234171
DEU,Germany,2005,FS.AST.PRVT.GD.ZS,103.75352043032
GHA,Ghana,2024,FS.AST.PRVT.GD.ZS,8.92435396216065
GHA,Ghana,2023,FS.AST.PRVT.GD.ZS,9.44619497401401
GHA,Ghana,2022,FS.AST.PRVT.GD.ZS,13.2885237876886
GHA,Ghana,2021,FS.AST.PRVT.GD.ZS,13.0544311231372
GHA,Ghana,2020,FS.AST.PRVT.GD.ZS,13.058528858537
GHA,Ghana,2019,FS.AST.PRVT.GD.ZS,13.9372113856401
GHA,Ghana,2018,FS.AST.PRVT.GD.ZS,13.7141432192203
GHA,Ghana,2017,FS.AST.PRVT.GD.ZS,16.0995201444141
GHA,Ghana,2016,FS.AST.PRVT.GD.ZS,17.4356386560413
GHA,Ghana,2015,FS.AST.PRVT.GD.ZS,17.9335670472186
GHA,Ghana,2014,FS.AST.PRVT.GD.ZS,16.5048906269026
GHA,Ghana,2013,FS.AST.PRVT.GD.ZS,15.2923716479322
GHA,Ghana,2012,FS.AST.PRVT.GD.ZS,18.0717128637123
GHA,Ghana,2011,FS.AST.PRVT.GD.ZS,17.1952826473503
GHA,Ghana,2010,FS.AST.PRVT.GD.ZS,16.6607748086712
GHA,Ghana,2009,FS.AST.PRVT.GD.ZS,17.7369732584538
GHA,Ghana,2008,FS.AST.PRVT.GD.ZS,12.6134904703492
GHA,Ghana,2007,FS.AST.PRVT.GD.ZS,14.4884302260337
GHA,Ghana,2006,FS.AST.PRVT.GD.ZS,10.8575870160572
GHA,Ghana,2005,FS.AST.PRVT.GD.ZS,15.5440688136274
GRC,Greece,2024,FS.AST.PRVT.GD.ZS,48.5410004453358
GRC,Greece,2023,FS.AST.PRVT.GD.ZS,49.2157408211615
GRC,Greece,2022,FS.AST.PRVT.GD.ZS,52.4567421241532
GRC,Greece,2021,FS.AST.PRVT.GD.ZS,56.1973361608804
GRC,Greece,2020,FS.AST.PRVT.GD.ZS,81.2709751259998
GRC,Greece,2019,FS.AST.PRVT.GD.ZS,80.2122396702063
GRC,Greece,2018,FS.AST.PRVT.GD.ZS,91.2069328032117
GRC,Greece,2017,FS.AST.PRVT.GD.ZS,100.647509860794
GRC,Greece,2016,FS.AST.PRVT.GD.ZS,108.627097496027
GRC,Greece,2015,FS.AST.PRVT.GD.ZS,113.433357315224
GRC,Greece,2014,FS.AST.PRVT.GD.ZS,117.895057189809
GRC,Greece,2013,FS.AST.PRVT.GD.ZS,119.790203680738
GRC,Greece,2012,FS.AST.PRVT.GD.ZS,120.147931380692
GRC,Greece,2011,FS.AST.PRVT.GD.ZS,119.201382534538
GRC,Greece,2010,FS.AST.PRVT.GD.ZS,112.814277336853
GRC,Greece,2009,FS.AST.PRVT.GD.ZS,89.22442515662
GRC,Greece,2008,FS.AST.PRVT.GD.ZS,90.5073136555285
GRC,Greece,2007,FS.AST.PRVT.GD.ZS,85.7984237428537
GRC,Greece,2006,FS.AST.PRVT.GD.ZS,77.5454374177186
GRC,Greece,2005,FS.AST.PRVT.GD.ZS,73.6573957197981
GRD,Grenada,2025,FS.AST.PRVT.GD.ZS,57.5350521309613
GRD,Grenada,2024,FS.AST.PRVT.GD.ZS,55.6895157643151
GRD,Grenada,2023,FS.AST.PRVT.GD.ZS,50.9869662697148
GRD,Grenada,2022,FS.AST.PRVT.GD.ZS,53.6300615464685
GRD,Grenada,2021,FS.AST.PRVT.GD.ZS,57.3161056105611
GRD,Grenada,2020,FS.AST.PRVT.GD.ZS,59.3971695400769
GRD,Grenada,2019,FS.AST.PRVT.GD.ZS,49.5470652329837
GRD,Grenada,2018,FS.AST.PRVT.GD.ZS,50.6457030915135
GRD,Grenada,2017,FS.AST.PRVT.GD.ZS,51.0669057528748
GRD,Grenada,2016,FS.AST.PRVT.GD.ZS,53.7227840903144
GRD,Grenada,2015,FS.AST.PRVT.GD.ZS,57.3214285714286
GRD,Grenada,2014,FS.AST.PRVT.GD.ZS,65.2063355329454
GRD,Grenada,2013,FS.AST.PRVT.GD.ZS,74.2566602346301
GRD,Grenada,2012,FS.AST.PRVT.GD.ZS,82.8048136761002
GRD,Grenada,2011,FS.AST.PRVT.GD.ZS,84.8760208716829
GRD,Grenada,2010,FS.AST.PRVT.GD.ZS,83.9799398580034
GRD,Grenada,2009,FS.AST.PRVT.GD.ZS,79.377116503493
GRD,Grenada,2008,FS.AST.PRVT.GD.ZS,70.0770486884809
GRD,Grenada,2007,FS.AST.PRVT.GD.ZS,68.7935247685599
GRD,Grenada,2006,FS.AST.PRVT.GD.ZS,64.8766668373539
GRD,Grenada,2005,FS.AST.PRVT.GD.ZS,57.9510649627263
GTM,Guatemala,2025,FS.AST.PRVT.GD.ZS,37.2348814336408
GTM,Guatemala,2024,FS.AST.PRVT.GD.ZS,36.7782896823167
GTM,Guatemala,2023,FS.AST.PRVT.GD.ZS,37.1572608143257
GTM,Guatemala,2022,FS.AST.PRVT.GD.ZS,36.6069814585529
GTM,Guatemala,2021,FS.AST.PRVT.GD.ZS,35.6614893229197
GTM,Guatemala,2020,FS.AST.PRVT.GD.ZS,35.850727668634
GTM,Guatemala,2019,FS.AST.PRVT.GD.ZS,34.0772266375074
GTM,Guatemala,2018,FS.AST.PRVT.GD.ZS,35.0489070448464
GTM,Guatemala,2017,FS.AST.PRVT.GD.ZS,35.1676232731098
GTM,Guatemala,2016,FS.AST.PRVT.GD.ZS,35.7028467505685
GTM,Guatemala,2015,FS.AST.PRVT.GD.ZS,35.2622053205775
GTM,Guatemala,2014,FS.AST.PRVT.GD.ZS,33.4961486193578
GTM,Guatemala,2013,FS.AST.PRVT.GD.ZS,33.1309585321585
GTM,Guatemala,2012,FS.AST.PRVT.GD.ZS,32.1720830379679
GTM,Guatemala,2011,FS.AST.PRVT.GD.ZS,23.9639376614018
GTM,Guatemala,2010,FS.AST.PRVT.GD.ZS,24.2180601037473
GTM,Guatemala,2009,FS.AST.PRVT.GD.ZS,25.7563600648175
GTM,Guatemala,2008,FS.AST.PRVT.GD.ZS,27.7613592965688
GTM,Guatemala,2007,FS.AST.PRVT.GD.ZS,28.6410259515017
GTM,Guatemala,2006,FS.AST.PRVT.GD.ZS,28.8284931279669
GTM,Guatemala,2005,FS.AST.PRVT.GD.ZS,25.7664440515198
GIN,Guinea,2025,FS.AST.PRVT.GD.ZS,10.5740083117121
GIN,Guinea,2024,FS.AST.PRVT.GD.ZS,10.6668743226753
GIN,Guinea,2023,FS.AST.PRVT.GD.ZS,10.2490766052461
GIN,Guinea,2022,FS.AST.PRVT.GD.ZS,10.4563455290297
GIN,Guinea,2021,FS.AST.PRVT.GD.ZS,9.00671851271095
GIN,Guinea,2020,FS.AST.PRVT.GD.ZS,10.019831655421
GIN,Guinea,2019,FS.AST.PRVT.GD.ZS,10.2885469655835
GIN,Guinea,2018,FS.AST.PRVT.GD.ZS,9.6479967391794
GIN,Guinea,2017,FS.AST.PRVT.GD.ZS,9.11146864248885
GIN,Guinea,2016,FS.AST.PRVT.GD.ZS,10.7669946764946
GIN,Guinea,2015,FS.AST.PRVT.GD.ZS,11.815500678211
GIN,Guinea,2014,FS.AST.PRVT.GD.ZS,9.93053864137195
GIN,Guinea,2013,FS.AST.PRVT.GD.ZS,7.33649327524321
GIN,Guinea,2012,FS.AST.PRVT.GD.ZS,5.91283320690499
GIN,Guinea,2011,FS.AST.PRVT.GD.ZS,6.8178937916267
GIN,Guinea,2010,FS.AST.PRVT.GD.ZS,3.94270199195746
GIN,Guinea,2009,FS.AST.PRVT.GD.ZS,2.65986866597769
GIN,Guinea,2008,FS.AST.PRVT.GD.ZS,3.23943146683863
GIN,Guinea,2007,FS.AST.PRVT.GD.ZS,3.26263943860801
GIN,Guinea,2006,FS.AST.PRVT.GD.ZS,4.60476073585137
GIN,Guinea,2005,FS.AST.PRVT.GD.ZS,3.87915654280266
GNB,Guinea-Bissau,2025,FS.AST.PRVT.GD.ZS,9.9872244553091
GNB,Guinea-Bissau,2024,FS.AST.PRVT.GD.ZS,10.7253688584545
GNB,Guinea-Bissau,2023,FS.AST.PRVT.GD.ZS,12.5831948252192
GNB,Guinea-Bissau,2022,FS.AST.PRVT.GD.ZS,14.5846321020116
GNB,Guinea-Bissau,2021,FS.AST.PRVT.GD.ZS,13.2906544264519
GNB,Guinea-Bissau,2020,FS.AST.PRVT.GD.ZS,13.6099811917675
GNB,Guinea-Bissau,2019,FS.AST.PRVT.GD.ZS,13.3473119187432
GNB,Guinea-Bissau,2018,FS.AST.PRVT.GD.ZS,13.8535174051652
GNB,Guinea-Bissau,2017,FS.AST.PRVT.GD.ZS,11.7090574410238
GNB,Guinea-Bissau,2016,FS.AST.PRVT.GD.ZS,7.00586280603824
GNB,Guinea-Bissau,2015,FS.AST.PRVT.GD.ZS,7.77995634782975
GNB,Guinea-Bissau,2014,FS.AST.PRVT.GD.ZS,13.4338996126926
GNB,Guinea-Bissau,2013,FS.AST.PRVT.GD.ZS,11.9864956964581
GNB,Guinea-Bissau,2012,FS.AST.PRVT.GD.ZS,12.2237244144012
GNB,Guinea-Bissau,2011,FS.AST.PRVT.GD.ZS,8.68660543992672
GNB,Guinea-Bissau,2010,FS.AST.PRVT.GD.ZS,6.3595348790892
GNB,Guinea-Bissau,2009,FS.AST.PRVT.GD.ZS,4.43143825383553
GNB,Guinea-Bissau,2008,FS.AST.PRVT.GD.ZS,5.1219328734522
GNB,Guinea-Bissau,2007,FS.AST.PRVT.GD.ZS,3.21439572960089
GNB,Guinea-Bissau,2006,FS.AST.PRVT.GD.ZS,2.17916798609808
GNB,Guinea-Bissau,2005,FS.AST.PRVT.GD.ZS,1.46468772744116
GUY,Guyana,2025,FS.AST.PRVT.GD.ZS,15.6083103980058
GUY,Guyana,2024,FS.AST.PRVT.GD.ZS,14.9511065098031
GUY,Guyana,2023,FS.AST.PRVT.GD.ZS,19.9285784055441
GUY,Guyana,2022,FS.AST.PRVT.GD.ZS,20.187564075104
GUY,Guyana,2021,FS.AST.PRVT.GD.ZS,30.828624719599
GUY,Guyana,2020,FS.AST.PRVT.GD.ZS,39.1757180392318
GUY,Guyana,2019,FS.AST.PRVT.GD.ZS,37.0927471310292
GUY,Guyana,2018,FS.AST.PRVT.GD.ZS,36.5704424077752
GUY,Guyana,2017,FS.AST.PRVT.GD.ZS,34.0693866275831
GUY,Guyana,2016,FS.AST.PRVT.GD.ZS,34.9527284059029
GUY,Guyana,2015,FS.AST.PRVT.GD.ZS,36.502241062669
GUY,Guyana,2014,FS.AST.PRVT.GD.ZS,36.6598740543025
GUY,Guyana,2013,FS.AST.PRVT.GD.ZS,31.9733407856098
GUY,Guyana,2012,FS.AST.PRVT.GD.ZS,28.7678132325111
GUY,Guyana,2011,FS.AST.PRVT.GD.ZS,26.4371988905893
GUY,Guyana,2010,FS.AST.PRVT.GD.ZS,24.51380230878
GUY,Guyana,2009,FS.AST.PRVT.GD.ZS,23.3480398713209
GUY,Guyana,2008,FS.AST.PRVT.GD.ZS,21.8393974995755
GUY,Guyana,2007,FS.AST.PRVT.GD.ZS,22.3572794646428
GUY,Guyana,2006,FS.AST.PRVT.GD.ZS,22.6581605785108
GUY,Guyana,2005,FS.AST.PRVT.GD.ZS,57.122427428263
HTI,Haiti,2025,FS.AST.PRVT.GD.ZS,3.2083317013116
HTI,Haiti,2024,FS.AST.PRVT.GD.ZS,4.28122614544525
HTI,Haiti,2023,FS.AST.PRVT.GD.ZS,5.241596890693
HTI,Haiti,2022,FS.AST.PRVT.GD.ZS,8.29662296755948
HTI,Haiti,2021,FS.AST.PRVT.GD.ZS,8.38813682861213
HTI,Haiti,2020,FS.AST.PRVT.GD.ZS,8.60933596942957
HTI,Haiti,2019,FS.AST.PRVT.GD.ZS,10.3687008659048
HTI,Haiti,2018,FS.AST.PRVT.GD.ZS,11.2063306533874
HTI,Haiti,2017,FS.AST.PRVT.GD.ZS,9.82631897315958
HTI,Haiti,2016,FS.AST.PRVT.GD.ZS,10.4552757071217
HTI,Haiti,2015,FS.AST.PRVT.GD.ZS,10.7679267730686
HTI,Haiti,2014,FS.AST.PRVT.GD.ZS,11.4152315549394
HTI,Haiti,2013,FS.AST.PRVT.GD.ZS,10.7615276089025
HTI,Haiti,2012,FS.AST.PRVT.GD.ZS,10.814964045335
HTI,Haiti,2011,FS.AST.PRVT.GD.ZS,8.51878003547406
HTI,Haiti,2010,FS.AST.PRVT.GD.ZS,7.79703967463653
HTI,Haiti,2009,FS.AST.PRVT.GD.ZS,8.21108523727506
HTI,Haiti,2008,FS.AST.PRVT.GD.ZS,8.68209202650164
HTI,Haiti,2007,FS.AST.PRVT.GD.ZS,8.0621651109807
HTI,Haiti,2006,FS.AST.PRVT.GD.ZS,8.47020352088079
HTI,Haiti,2005,FS.AST.PRVT.GD.ZS,8.86270292207163
HND,Honduras,2024,FS.AST.PRVT.GD.ZS,78.4633014261956
HND,Honduras,2023,FS.AST.PRVT.GD.ZS,75.6308247756834
HND,Honduras,2022,FS.AST.PRVT.GD.ZS,70.0841626239484
HND,Honduras,2021,FS.AST.PRVT.GD.ZS,67.7270471861986
HND,Honduras,2020,FS.AST.PRVT.GD.ZS,71.2304636812084
HND,Honduras,2019,FS.AST.PRVT.GD.ZS,64.4630328325205
HND,Honduras,2018,FS.AST.PRVT.GD.ZS,62.8149597149301
HND,Honduras,2017,FS.AST.PRVT.GD.ZS,57.7901974979755
HND,Honduras,2016,FS.AST.PRVT.GD.ZS,57.8354023642267
HND,Honduras,2015,FS.AST.PRVT.GD.ZS,54.5936002238152
HND,Honduras,2014,FS.AST.PRVT.GD.ZS,55.0869372049161
HND,Honduras,2013,FS.AST.PRVT.GD.ZS,54.7226868179144
HND,Honduras,2012,FS.AST.PRVT.GD.ZS,51.2756482307446
HND,Honduras,2011,FS.AST.PRVT.GD.ZS,47.3092310306697
HND,Honduras,2010,FS.AST.PRVT.GD.ZS,47.4622470777193
HND,Honduras,2009,FS.AST.PRVT.GD.ZS,50.3382201748979
HND,Honduras,2008,FS.AST.PRVT.GD.ZS,51.291832674053
HND,Honduras,2007,FS.AST.PRVT.GD.ZS,52.270420067944
HND,Honduras,2006,FS.AST.PRVT.GD.ZS,44.7293531580234
HND,Honduras,2005,FS.AST.PRVT.GD.ZS,38.8417580655353
HKG,"Hong Kong SAR, China",2025,FS.AST.PRVT.GD.ZS,222.646910714832
HKG,"Hong Kong SAR, China",2024,FS.AST.PRVT.GD.ZS,230.186144398167
HKG,"Hong Kong SAR, China",2023,FS.AST.PRVT.GD.ZS,248.791238456868
HKG,"Hong Kong SAR, China",2022,FS.AST.PRVT.GD.ZS,264.446535396853
HKG,"Hong Kong SAR, China",2021,FS.AST.PRVT.GD.ZS,259.183988203515
HKG,"Hong Kong SAR, China",2020,FS.AST.PRVT.GD.ZS,258.902841699638
HKG,"Hong Kong SAR, China",2019,FS.AST.PRVT.GD.ZS,236.740071570624
HKG,"Hong Kong SAR, China",2018,FS.AST.PRVT.GD.ZS,219.908123250485
HKG,"Hong Kong SAR, China",2017,FS.AST.PRVT.GD.ZS,223.371866412043
HKG,"Hong Kong SAR, China",2016,FS.AST.PRVT.GD.ZS,214.300178832553
HKG,"Hong Kong SAR, China",2015,FS.AST.PRVT.GD.ZS,207.899328185199
HKG,"Hong Kong SAR, China",2014,FS.AST.PRVT.GD.ZS,233.211001170351
HKG,"Hong Kong SAR, China",2013,FS.AST.PRVT.GD.ZS,218.160392086255
HKG,"Hong Kong SAR, China",2012,FS.AST.PRVT.GD.ZS,198.531505076682
HKG,"Hong Kong SAR, China",2011,FS.AST.PRVT.GD.ZS,202.292745511598
HKG,"Hong Kong SAR, China",2010,FS.AST.PRVT.GD.ZS,185.58191267173
HKG,"Hong Kong SAR, China",2009,FS.AST.PRVT.GD.ZS,155.426161115447
HKG,"Hong Kong SAR, China",2008,FS.AST.PRVT.GD.ZS,140.285752688015
HKG,"Hong Kong SAR, China",2007,FS.AST.PRVT.GD.ZS,136.679742857212
HKG,"Hong Kong SAR, China",2006,FS.AST.PRVT.GD.ZS,136.800320417521
HKG,"Hong Kong SAR, China",2005,FS.AST.PRVT.GD.ZS,143.12769981411
HUN,Hungary,2024,FS.AST.PRVT.GD.ZS,32.3662527124233
HUN,Hungary,2023,FS.AST.PRVT.GD.ZS,32.9059997220089
HUN,Hungary,2022,FS.AST.PRVT.GD.ZS,36.0420465985177
HUN,Hungary,2021,FS.AST.PRVT.GD.ZS,38.4125853084098
HUN,Hungary,2020,FS.AST.PRVT.GD.ZS,37.6296063212563
HUN,Hungary,2019,FS.AST.PRVT.GD.ZS,33.1721052698328
HUN,Hungary,2018,FS.AST.PRVT.GD.ZS,32.2649787904592
HUN,Hungary,2017,FS.AST.PRVT.GD.ZS,32.3908602743309
HUN,Hungary,2016,FS.AST.PRVT.GD.ZS,33.3191543197899
HUN,Hungary,2015,FS.AST.PRVT.GD.ZS,35.0976712570947
HUN,Hungary,2014,FS.AST.PRVT.GD.ZS,42.5320276713183
HUN,Hungary,2013,FS.AST.PRVT.GD.ZS,46.096882400305
HUN,Hungary,2012,FS.AST.PRVT.GD.ZS,50.4166616959194
HUN,Hungary,2011,FS.AST.PRVT.GD.ZS,58.4470053209195
HUN,Hungary,2010,FS.AST.PRVT.GD.ZS,60.3209175671504
HUN,Hungary,2009,FS.AST.PRVT.GD.ZS,59.902839903581
HUN,Hungary,2008,FS.AST.PRVT.GD.ZS,59.3602856793598
HUN,Hungary,2007,FS.AST.PRVT.GD.ZS,53.1980228492073
HUN,Hungary,2006,FS.AST.PRVT.GD.ZS,47.2791787368685
HUN,Hungary,2005,FS.AST.PRVT.GD.ZS,43.2545318007203
ISL,Iceland,2025,FS.AST.PRVT.GD.ZS,89.24179373685
ISL,Iceland,2024,FS.AST.PRVT.GD.ZS,91.0796731043812
ISL,Iceland,2023,FS.AST.PRVT.GD.ZS,88.2870435093308
ISL,Iceland,2022,FS.AST.PRVT.GD.ZS,93.0314826719705
ISL,Iceland,2021,FS.AST.PRVT.GD.ZS,99.5228207903758
ISL,Iceland,2020,FS.AST.PRVT.GD.ZS,98.409254247691
ISL,Iceland,2019,FS.AST.PRVT.GD.ZS,87.7115547810861
ISL,Iceland,2018,FS.AST.PRVT.GD.ZS,89.4921756721559
ISL,Iceland,2017,FS.AST.PRVT.GD.ZS,85.6751270718392
ISL,Iceland,2016,FS.AST.PRVT.GD.ZS,83.0289019358564
ISL,Iceland,2015,FS.AST.PRVT.GD.ZS,86.3304492544149
ISL,Iceland,2014,FS.AST.PRVT.GD.ZS,93.2716453077666
ISL,Iceland,2013,FS.AST.PRVT.GD.ZS,106.388456955791
ISL,Iceland,2012,FS.AST.PRVT.GD.ZS,116.320244870751
ISL,Iceland,2011,FS.AST.PRVT.GD.ZS,134.860191549767
ISL,Iceland,2010,FS.AST.PRVT.GD.ZS,157.617941924993
ISL,Iceland,2009,FS.AST.PRVT.GD.ZS,171.82627024193
ISL,Iceland,2008,FS.AST.PRVT.GD.ZS,190.991584963168
ISL,Iceland,2007,FS.AST.PRVT.GD.ZS,243.15494776409
ISL,Iceland,2006,FS.AST.PRVT.GD.ZS,301.018943583666
ISL,Iceland,2005,FS.AST.PRVT.GD.ZS,235.46190863153
IND,India,2025,FS.AST.PRVT.GD.ZS,44.0250903358104
IND,India,2024,FS.AST.PRVT.GD.ZS,41.6079694330613
IND,India,2023,FS.AST.PRVT.GD.ZS,40.8940758962907
IND,India,2022,FS.AST.PRVT.GD.ZS,38.1859763563586
IND,India,2021,FS.AST.PRVT.GD.ZS,36.8920885102897
IND,India,2020,FS.AST.PRVT.GD.ZS,40.7867848551821
IND,India,2019,FS.AST.PRVT.GD.ZS,38.73794497616
IND,India,2018,FS.AST.PRVT.GD.ZS,38.8975254010362
IND,India,2017,FS.AST.PRVT.GD.ZS,38.1707138624147
IND,India,2016,FS.AST.PRVT.GD.ZS,38.2036507912231
IND,India,2015,FS.AST.PRVT.GD.ZS,51.8675240772049
IND,India,2014,FS.AST.PRVT.GD.ZS,51.8821873589628
IND,India,2013,FS.AST.PRVT.GD.ZS,52.385709516972
IND,India,2012,FS.AST.PRVT.GD.ZS,51.8885076473464
IND,India,2011,FS.AST.PRVT.GD.ZS,51.2892331325447
IND,India,2010,FS.AST.PRVT.GD.ZS,50.5553749785224
IND,India,2009,FS.AST.PRVT.GD.ZS,48.1244479112046
IND,India,2008,FS.AST.PRVT.GD.ZS,49.559366687116
IND,India,2007,FS.AST.PRVT.GD.ZS,45.6277647457138
IND,India,2006,FS.AST.PRVT.GD.ZS,43.6277524334268
IND,India,2005,FS.AST.PRVT.GD.ZS,40.0679804780573
IDN,Indonesia,2025,FS.AST.PRVT.GD.ZS,36.2832983305564
IDN,Indonesia,2024,FS.AST.PRVT.GD.ZS,36.3924067095141
IDN,Indonesia,2023,FS.AST.PRVT.GD.ZS,36.0129512588691
IDN,Indonesia,2022,FS.AST.PRVT.GD.ZS,35.2884329632689
IDN,Indonesia,2021,FS.AST.PRVT.GD.ZS,36.9908270556254
IDN,Indonesia,2020,FS.AST.PRVT.GD.ZS,38.6795390891453
IDN,Indonesia,2019,FS.AST.PRVT.GD.ZS,38.3726939516609
IDN,Indonesia,2018,FS.AST.PRVT.GD.ZS,38.8054496665639
IDN,Indonesia,2017,FS.AST.PRVT.GD.ZS,38.7323495613041
IDN,Indonesia,2016,FS.AST.PRVT.GD.ZS,39.4024246939414
IDN,Indonesia,2015,FS.AST.PRVT.GD.ZS,39.1187982955119
IDN,Indonesia,2014,FS.AST.PRVT.GD.ZS,36.4235451552096
IDN,Indonesia,2013,FS.AST.PRVT.GD.ZS,36.0581396070456
IDN,Indonesia,2012,FS.AST.PRVT.GD.ZS,33.4341714348422
IDN,Indonesia,2011,FS.AST.PRVT.GD.ZS,30.0821993577662
IDN,Indonesia,2010,FS.AST.PRVT.GD.ZS,27.2530411349395
IDN,Indonesia,2009,FS.AST.PRVT.GD.ZS,27.6587104878441
IRN,"Iran, Islamic Rep.",2016,FS.AST.PRVT.GD.ZS,57.8313383703997
IRN,"Iran, Islamic Rep.",2015,FS.AST.PRVT.GD.ZS,56.3719593551977
IRN,"Iran, Islamic Rep.",2014,FS.AST.PRVT.GD.ZS,48.9844792976358
IRN,"Iran, Islamic Rep.",2013,FS.AST.PRVT.GD.ZS,44.5964991335657
IRN,"Iran, Islamic Rep.",2012,FS.AST.PRVT.GD.ZS,49.6173234830957
IRN,"Iran, Islamic Rep.",2011,FS.AST.PRVT.GD.ZS,49.2475078971103
IRN,"Iran, Islamic Rep.",2010,FS.AST.PRVT.GD.ZS,52.0229498170448
IRN,"Iran, Islamic Rep.",2009,FS.AST.PRVT.GD.ZS,49.2122294086103
IRN,"Iran, Islamic Rep.",2008,FS.AST.PRVT.GD.ZS,45.3150694425274
IRN,"Iran, Islamic Rep.",2007,FS.AST.PRVT.GD.ZS,47.0472761389845
IRN,"Iran, Islamic Rep.",2006,FS.AST.PRVT.GD.ZS,44.7948027977428
IRN,"Iran, Islamic Rep.",2005,FS.AST.PRVT.GD.ZS,38.348153226962
IRQ,Iraq,2024,FS.AST.PRVT.GD.ZS,13.9914475902598
IRQ,Iraq,2023,FS.AST.PRVT.GD.ZS,12.5518993190744
IRQ,Iraq,2022,FS.AST.PRVT.GD.ZS,9.54125684121782
IRQ,Iraq,2021,FS.AST.PRVT.GD.ZS,11.1956027502836
IRQ,Iraq,2020,FS.AST.PRVT.GD.ZS,13.3148576834755
IRQ,Iraq,2019,FS.AST.PRVT.GD.ZS,8.80896032816847
IRQ,Iraq,2018,FS.AST.PRVT.GD.ZS,8.58001733266219
IRQ,Iraq,2017,FS.AST.PRVT.GD.ZS,9.54983973287939
IRQ,Iraq,2016,FS.AST.PRVT.GD.ZS,10.0766837568499
IRQ,Iraq,2015,FS.AST.PRVT.GD.ZS,9.8758223889244
IRQ,Iraq,2014,FS.AST.PRVT.GD.ZS,6.81429545062197
IRQ,Iraq,2013,FS.AST.PRVT.GD.ZS,6.33564916159929
IRQ,Iraq,2012,FS.AST.PRVT.GD.ZS,5.90755944993835
IRQ,Iraq,2011,FS.AST.PRVT.GD.ZS,5.41445203995753
IRQ,Iraq,2010,FS.AST.PRVT.GD.ZS,5.39309563014871
IRQ,Iraq,2009,FS.AST.PRVT.GD.ZS,3.77873014813253
IRQ,Iraq,2008,FS.AST.PRVT.GD.ZS,2.68222036334891
IRQ,Iraq,2007,FS.AST.PRVT.GD.ZS,2.47580446081963
IRQ,Iraq,2006,FS.AST.PRVT.GD.ZS,2.26399132037921
IRQ,Iraq,2005,FS.AST.PRVT.GD.ZS,1.55617716768862
IRL,Ireland,2024,FS.AST.PRVT.GD.ZS,23.7845375555383
IRL,Ireland,2023,FS.AST.PRVT.GD.ZS,25.2225553670442
IRL,Ireland,2022,FS.AST.PRVT.GD.ZS,25.4419666716094
IRL,Ireland,2021,FS.AST.PRVT.GD.ZS,26.4830620089049
IRL,Ireland,2020,FS.AST.PRVT.GD.ZS,32.3402464273232
IRL,Ireland,2019,FS.AST.PRVT.GD.ZS,36.0552722551197
IRL,Ireland,2018,FS.AST.PRVT.GD.ZS,39.7179106627463
IRL,Ireland,2017,FS.AST.PRVT.GD.ZS,42.6227340344542
IRL,Ireland,2016,FS.AST.PRVT.GD.ZS,47.386841437796
IRL,Ireland,2015,FS.AST.PRVT.GD.ZS,51.2657972598874
IRL,Ireland,2014,FS.AST.PRVT.GD.ZS,78.3674079003117
IRL,Ireland,2013,FS.AST.PRVT.GD.ZS,102.404683746299
IRL,Ireland,2012,FS.AST.PRVT.GD.ZS,110.636331079402
IRL,Ireland,2011,FS.AST.PRVT.GD.ZS,114.741522540828
IRL,Ireland,2010,FS.AST.PRVT.GD.ZS,133.426753126152
IRL,Ireland,2009,FS.AST.PRVT.GD.ZS,169.252292209815
IRL,Ireland,2008,FS.AST.PRVT.GD.ZS,166.322639147626
IRL,Ireland,2007,FS.AST.PRVT.GD.ZS,158.099129709618
IRL,Ireland,2006,FS.AST.PRVT.GD.ZS,144.570858494026
IRL,Ireland,2005,FS.AST.PRVT.GD.ZS,124.640380550943
ISR,Israel,2025,FS.AST.PRVT.GD.ZS,72.4743806692902
ISR,Israel,2024,FS.AST.PRVT.GD.ZS,69.5099804468565
ISR,Israel,2023,FS.AST.PRVT.GD.ZS,69.3907873036217
ISR,Israel,2022,FS.AST.PRVT.GD.ZS,70.1452401316966
ISR,Israel,2021,FS.AST.PRVT.GD.ZS,69.2009240511496
ISR,Israel,2020,FS.AST.PRVT.GD.ZS,67.9389454861554
ISR,Israel,2019,FS.AST.PRVT.GD.ZS,64.6830724126458
ISR,Israel,2018,FS.AST.PRVT.GD.ZS,65.6306954870958
ISR,Israel,2017,FS.AST.PRVT.GD.ZS,64.8424704014193
ISR,Israel,2016,FS.AST.PRVT.GD.ZS,64.9008451275146
ISR,Israel,2015,FS.AST.PRVT.GD.ZS,65.8537521095593
ISR,Israel,2014,FS.AST.PRVT.GD.ZS,65.0728810341114
ISR,Israel,2013,FS.AST.PRVT.GD.ZS,64.7680421108357
ISR,Israel,2012,FS.AST.PRVT.GD.ZS,66.3710636674816
ISR,Israel,2011,FS.AST.PRVT.GD.ZS,67.4637001049575
ISR,Israel,2010,FS.AST.PRVT.GD.ZS,67.0209708441445
ISR,Israel,2009,FS.AST.PRVT.GD.ZS,65.1635225549607
ISR,Israel,2008,FS.AST.PRVT.GD.ZS,69.0993725533633
ISR,Israel,2007,FS.AST.PRVT.GD.ZS,65.8227995645504
ISR,Israel,2006,FS.AST.PRVT.GD.ZS,72.700765431812
ISR,Israel,2005,FS.AST.PRVT.GD.ZS,74.6806623304965
ITA,Italy,2024,FS.AST.PRVT.GD.ZS,60.3040047752275
ITA,Italy,2023,FS.AST.PRVT.GD.ZS,63.1228344360625
ITA,Italy,2022,FS.AST.PRVT.GD.ZS,69.5868608578087
ITA,Italy,2021,FS.AST.PRVT.GD.ZS,76.0051221503914
ITA,Italy,2020,FS.AST.PRVT.GD.ZS,82.6528242104143
ITA,Italy,2019,FS.AST.PRVT.GD.ZS,73.4404069738438
ITA,Italy,2018,FS.AST.PRVT.GD.ZS,76.4482228153834
ITA,Italy,2017,FS.AST.PRVT.GD.ZS,80.4167170633531
ITA,Italy,2016,FS.AST.PRVT.GD.ZS,84.4917347012215
ITA,Italy,2015,FS.AST.PRVT.GD.ZS,86.9158529570859
ITA,Italy,2014,FS.AST.PRVT.GD.ZS,88.187471051349
ITA,Italy,2013,FS.AST.PRVT.GD.ZS,90.3656642019387
ITA,Italy,2012,FS.AST.PRVT.GD.ZS,93.2686875516145
ITA,Italy,2011,FS.AST.PRVT.GD.ZS,93.5718818734975
ITA,Italy,2010,FS.AST.PRVT.GD.ZS,92.6676294931465
ITA,Italy,2009,FS.AST.PRVT.GD.ZS,87.1861669932861
ITA,Italy,2008,FS.AST.PRVT.GD.ZS,83.3822670885069
ITA,Italy,2007,FS.AST.PRVT.GD.ZS,81.4531164394226
ITA,Italy,2006,FS.AST.PRVT.GD.ZS,75.4232323557397
ITA,Italy,2005,FS.AST.PRVT.GD.ZS,70.5936221522486
JAM,Jamaica,2025,FS.AST.PRVT.GD.ZS,45.8808167081061
JAM,Jamaica,2024,FS.AST.PRVT.GD.ZS,45.1288088227477
JAM,Jamaica,2023,FS.AST.PRVT.GD.ZS,44.5663594942298
JAM,Jamaica,2022,FS.AST.PRVT.GD.ZS,46.1904521881868
JAM,Jamaica,2021,FS.AST.PRVT.GD.ZS,50.0226967195616
JAM,Jamaica,2020,FS.AST.PRVT.GD.ZS,52.3597017235396
JAM,Jamaica,2019,FS.AST.PRVT.GD.ZS,44.9080839791819
JAM,Jamaica,2018,FS.AST.PRVT.GD.ZS,40.2619240422802
JAM,Jamaica,2017,FS.AST.PRVT.GD.ZS,38.2460519475779
JAM,Jamaica,2016,FS.AST.PRVT.GD.ZS,30.2517787133858
JAM,Jamaica,2015,FS.AST.PRVT.GD.ZS,28.4748645365791
JAM,Jamaica,2014,FS.AST.PRVT.GD.ZS,29.3229510546383
JAM,Jamaica,2013,FS.AST.PRVT.GD.ZS,29.7697687864501
JAM,Jamaica,2012,FS.AST.PRVT.GD.ZS,28.9883287447322
JAM,Jamaica,2011,FS.AST.PRVT.GD.ZS,26.795738299769
JAM,Jamaica,2010,FS.AST.PRVT.GD.ZS,26.40566482272
JAM,Jamaica,2009,FS.AST.PRVT.GD.ZS,28.6034758668077
JAM,Jamaica,2008,FS.AST.PRVT.GD.ZS,30.1913240242059
JAM,Jamaica,2007,FS.AST.PRVT.GD.ZS,27.3066857340295
JAM,Jamaica,2006,FS.AST.PRVT.GD.ZS,23.4390781501805
JAM,Jamaica,2005,FS.AST.PRVT.GD.ZS,20.9780756444602
JPN,Japan,2025,FS.AST.PRVT.GD.ZS,187.406646977743
JPN,Japan,2024,FS.AST.PRVT.GD.ZS,187.06798522924
JPN,Japan,2023,FS.AST.PRVT.GD.ZS,186.110890163352
JPN,Japan,2022,FS.AST.PRVT.GD.ZS,186.792764445788
JPN,Japan,2021,FS.AST.PRVT.GD.ZS,188.29266863888
JPN,Japan,2020,FS.AST.PRVT.GD.ZS,190.118294582821
JPN,Japan,2019,FS.AST.PRVT.GD.ZS,172.484602282465
JPN,Japan,2018,FS.AST.PRVT.GD.ZS,164.337775310176
JPN,Japan,2017,FS.AST.PRVT.GD.ZS,165.066755851422
JPN,Japan,2016,FS.AST.PRVT.GD.ZS,160.034919112629
JPN,Japan,2015,FS.AST.PRVT.GD.ZS,159.181728459752
JPN,Japan,2014,FS.AST.PRVT.GD.ZS,160.379549562716
JPN,Japan,2013,FS.AST.PRVT.GD.ZS,160.852179939377
JPN,Japan,2012,FS.AST.PRVT.GD.ZS,157.756791908458
JPN,Japan,2011,FS.AST.PRVT.GD.ZS,157.598125880489
JPN,Japan,2010,FS.AST.PRVT.GD.ZS,158.187641186844
JPN,Japan,2009,FS.AST.PRVT.GD.ZS,166.282155800094
JPN,Japan,2008,FS.AST.PRVT.GD.ZS,159.059175176627
JPN,Japan,2007,FS.AST.PRVT.GD.ZS,161.085063089099
JPN,Japan,2006,FS.AST.PRVT.GD.ZS,167.236285670945
JPN,Japan,2005,FS.AST.PRVT.GD.ZS,169.163944224739
JOR,Jordan,2025,FS.AST.PRVT.GD.ZS,71.3096159349229
JOR,Jordan,2024,FS.AST.PRVT.GD.ZS,72.9559938224227
JOR,Jordan,2023,FS.AST.PRVT.GD.ZS,74.475322197422
JOR,Jordan,2022,FS.AST.PRVT.GD.ZS,76.7539131295227
JOR,Jordan,2021,FS.AST.PRVT.GD.ZS,74.8391598670023
JOR,Jordan,2020,FS.AST.PRVT.GD.ZS,75.7972888196971
JOR,Jordan,2019,FS.AST.PRVT.GD.ZS,70.3588331315482
JOR,Jordan,2018,FS.AST.PRVT.GD.ZS,69.1408952155216
JOR,Jordan,2017,FS.AST.PRVT.GD.ZS,68.0683900951146
JOR,Jordan,2016,FS.AST.PRVT.GD.ZS,64.7882043978307
JOR,Jordan,2015,FS.AST.PRVT.GD.ZS,60.720435831105
JOR,Jordan,2014,FS.AST.PRVT.GD.ZS,60.5995603657342
JOR,Jordan,2013,FS.AST.PRVT.GD.ZS,64.1605568285298
JOR,Jordan,2012,FS.AST.PRVT.GD.ZS,64.7040806138676
JOR,Jordan,2011,FS.AST.PRVT.GD.ZS,64.9687824263859
JOR,Jordan,2010,FS.AST.PRVT.GD.ZS,64.0144083027316
JOR,Jordan,2009,FS.AST.PRVT.GD.ZS,65.5115709325132
JOR,Jordan,2008,FS.AST.PRVT.GD.ZS,69.2832048993247
JOR,Jordan,2007,FS.AST.PRVT.GD.ZS,91.6320592187152
JOR,Jordan,2006,FS.AST.PRVT.GD.ZS,91.7685988347041
JOR,Jordan,2005,FS.AST.PRVT.GD.ZS,88.0918929819844
KAZ,Kazakhstan,2025,FS.AST.PRVT.GD.ZS,27.707917493475
KAZ,Kazakhstan,2024,FS.AST.PRVT.GD.ZS,27.2796795779653
KAZ,Kazakhstan,2023,FS.AST.PRVT.GD.ZS,26.0459503517965
KAZ,Kazakhstan,2022,FS.AST.PRVT.GD.ZS,25.0218936908866
KAZ,Kazakhstan,2021,FS.AST.PRVT.GD.ZS,26.0102223624021
KAZ,Kazakhstan,2020,FS.AST.PRVT.GD.ZS,25.6352310952022
KAZ,Kazakhstan,2019,FS.AST.PRVT.GD.ZS,24.2664786023711
KAZ,Kazakhstan,2018,FS.AST.PRVT.GD.ZS,25.9325339763811
KAZ,Kazakhstan,2017,FS.AST.PRVT.GD.ZS,29.1875977429896
KAZ,Kazakhstan,2016,FS.AST.PRVT.GD.ZS,33.0302298204433
KAZ,Kazakhstan,2015,FS.AST.PRVT.GD.ZS,37.7291069327005
KEN,Kenya,2023,FS.AST.PRVT.GD.ZS,31.7980848696513
KEN,Kenya,2022,FS.AST.PRVT.GD.ZS,31.2584163915549
KEN,Kenya,2021,FS.AST.PRVT.GD.ZS,31.1231240199267
KEN,Kenya,2020,FS.AST.PRVT.GD.ZS,32.1498074208935
KEN,Kenya,2019,FS.AST.PRVT.GD.ZS,30.8320287701597
KEN,Kenya,2018,FS.AST.PRVT.GD.ZS,31.1986897673001
KEN,Kenya,2017,FS.AST.PRVT.GD.ZS,33.1505993031106
KEN,Kenya,2016,FS.AST.PRVT.GD.ZS,35.5710732134397
KEN,Kenya,2015,FS.AST.PRVT.GD.ZS,36.6993293508397
KEN,Kenya,2014,FS.AST.PRVT.GD.ZS,34.5220651778387
KEN,Kenya,2013,FS.AST.PRVT.GD.ZS,28.3321722043471
KEN,Kenya,2012,FS.AST.PRVT.GD.ZS,26.4022341140294
KEN,Kenya,2011,FS.AST.PRVT.GD.ZS,27.3659528452877
KEN,Kenya,2010,FS.AST.PRVT.GD.ZS,23.9866365463318
KEN,Kenya,2009,FS.AST.PRVT.GD.ZS,21.8748215770177
KEN,Kenya,2008,FS.AST.PRVT.GD.ZS,25.380611749054
KEN,Kenya,2007,FS.AST.PRVT.GD.ZS,23.0449642815856
KEN,Kenya,2006,FS.AST.PRVT.GD.ZS,22.8883109960388
KEN,Kenya,2005,FS.AST.PRVT.GD.ZS,26.2768754700489
KOR,"Korea, Rep.",2024,FS.AST.PRVT.GD.ZS,160.347182678236
KOR,"Korea, Rep.",2023,FS.AST.PRVT.GD.ZS,163.515631501207
KOR,"Korea, Rep.",2022,FS.AST.PRVT.GD.ZS,162.769501736717
KOR,"Korea, Rep.",2021,FS.AST.PRVT.GD.ZS,159.926120236306
KOR,"Korea, Rep.",2020,FS.AST.PRVT.GD.ZS,154.747902042613
KOR,"Korea, Rep.",2019,FS.AST.PRVT.GD.ZS,142.652478447088
KOR,"Korea, Rep.",2018,FS.AST.PRVT.GD.ZS,133.504139589217
KOR,"Korea, Rep.",2017,FS.AST.PRVT.GD.ZS,129.53913562367
KOR,"Korea, Rep.",2016,FS.AST.PRVT.GD.ZS,128.040688171137
KOR,"Korea, Rep.",2015,FS.AST.PRVT.GD.ZS,125.858810840683
KOR,"Korea, Rep.",2014,FS.AST.PRVT.GD.ZS,125.488630227146
KOR,"Korea, Rep.",2013,FS.AST.PRVT.GD.ZS,122.756788077341
KOR,"Korea, Rep.",2012,FS.AST.PRVT.GD.ZS,125.135860183943
KOR,"Korea, Rep.",2011,FS.AST.PRVT.GD.ZS,127.08181388669
KOR,"Korea, Rep.",2010,FS.AST.PRVT.GD.ZS,124.679568065827
KOR,"Korea, Rep.",2009,FS.AST.PRVT.GD.ZS,132.599106034348
KOR,"Korea, Rep.",2008,FS.AST.PRVT.GD.ZS,136.196660706156
KOR,"Korea, Rep.",2007,FS.AST.PRVT.GD.ZS,124.027715958864
KOR,"Korea, Rep.",2006,FS.AST.PRVT.GD.ZS,117.535674488688
KOR,"Korea, Rep.",2005,FS.AST.PRVT.GD.ZS,106.121988835135
XKX,Kosovo,2025,FS.AST.PRVT.GD.ZS,65.6185284091421
XKX,Kosovo,2024,FS.AST.PRVT.GD.ZS,60.7128307120946
XKX,Kosovo,2023,FS.AST.PRVT.GD.ZS,55.0457348171058
XKX,Kosovo,2022,FS.AST.PRVT.GD.ZS,52.7823854236435
XKX,Kosovo,2021,FS.AST.PRVT.GD.ZS,50.7890550974276
XKX,Kosovo,2020,FS.AST.PRVT.GD.ZS,51.6243424179382
XKX,Kosovo,2019,FS.AST.PRVT.GD.ZS,46.6721823532646
XKX,Kosovo,2018,FS.AST.PRVT.GD.ZS,44.460620500851
XKX,Kosovo,2017,FS.AST.PRVT.GD.ZS,41.6607425829676
XKX,Kosovo,2016,FS.AST.PRVT.GD.ZS,38.953865364003
XKX,Kosovo,2015,FS.AST.PRVT.GD.ZS,37.2957521848477
XKX,Kosovo,2014,FS.AST.PRVT.GD.ZS,37.0118627742791
XKX,Kosovo,2013,FS.AST.PRVT.GD.ZS,36.6983135002796
XKX,Kosovo,2012,FS.AST.PRVT.GD.ZS,37.8965812042422
XKX,Kosovo,2011,FS.AST.PRVT.GD.ZS,38.4763346418186
XKX,Kosovo,2010,FS.AST.PRVT.GD.ZS,38.6898568093694
XKX,Kosovo,2009,FS.AST.PRVT.GD.ZS,38.709896491869
XKX,Kosovo,2008,FS.AST.PRVT.GD.ZS,36.0884257938788
KWT,Kuwait,2025,FS.AST.PRVT.GD.ZS,4.92218063765765
KWT,Kuwait,2019,FS.AST.PRVT.GD.ZS,91.9570581282983
KWT,Kuwait,2018,FS.AST.PRVT.GD.ZS,90.6280713315415
KWT,Kuwait,2017,FS.AST.PRVT.GD.ZS,98.699107218372
KWT,Kuwait,2016,FS.AST.PRVT.GD.ZS,105.186812834562
KWT,Kuwait,2015,FS.AST.PRVT.GD.ZS,98.5107903934076
KWT,Kuwait,2014,FS.AST.PRVT.GD.ZS,67.6407157377814
KWT,Kuwait,2013,FS.AST.PRVT.GD.ZS,59.751887354111
KWT,Kuwait,2012,FS.AST.PRVT.GD.ZS,55.7433682729455
KWT,Kuwait,2011,FS.AST.PRVT.GD.ZS,60.8062581893838
KWT,Kuwait,2010,FS.AST.PRVT.GD.ZS,74.6393830657528
KWT,Kuwait,2009,FS.AST.PRVT.GD.ZS,79.0719269941829
KWT,Kuwait,2008,FS.AST.PRVT.GD.ZS,57.2649281419896
KWT,Kuwait,2007,FS.AST.PRVT.GD.ZS,59.5793877338048
KWT,Kuwait,2006,FS.AST.PRVT.GD.ZS,49.9541424184326
KWT,Kuwait,2005,FS.AST.PRVT.GD.ZS,50.9326670396555
KGZ,Kyrgyz Republic,2024,FS.AST.PRVT.GD.ZS,22.2913984931237
KGZ,Kyrgyz Republic,2023,FS.AST.PRVT.GD.ZS,19.9450057285295
KGZ,Kyrgyz Republic,2022,FS.AST.PRVT.GD.ZS,20.7968569789079
KGZ,Kyrgyz Republic,2021,FS.AST.PRVT.GD.ZS,24.1631715005894
KGZ,Kyrgyz Republic,2020,FS.AST.PRVT.GD.ZS,26.6168221726631
KGZ,Kyrgyz Republic,2019,FS.AST.PRVT.GD.ZS,23.30019174134
KGZ,Kyrgyz Republic,2018,FS.AST.PRVT.GD.ZS,23.3748120920843
KGZ,Kyrgyz Republic,2017,FS.AST.PRVT.GD.ZS,21.4014706830143
KGZ,Kyrgyz Republic,2016,FS.AST.PRVT.GD.ZS,20.6133934551959
KGZ,Kyrgyz Republic,2015,FS.AST.PRVT.GD.ZS,22.8152642735408
KGZ,Kyrgyz Republic,2014,FS.AST.PRVT.GD.ZS,20.0519633598482
KGZ,Kyrgyz Republic,2013,FS.AST.PRVT.GD.ZS,15.6624944687285
KGZ,Kyrgyz Republic,2012,FS.AST.PRVT.GD.ZS,13.3711059406232
KGZ,Kyrgyz Republic,2011,FS.AST.PRVT.GD.ZS,11.4882726388139
KGZ,Kyrgyz Republic,2010,FS.AST.PRVT.GD.ZS,13.6444808173144
KGZ,Kyrgyz Republic,2009,FS.AST.PRVT.GD.ZS,13.7282828488358
KGZ,Kyrgyz Republic,2008,FS.AST.PRVT.GD.ZS,13.7738524922404
KGZ,Kyrgyz Republic,2007,FS.AST.PRVT.GD.ZS,6.3510543411204
KGZ,Kyrgyz Republic,2006,FS.AST.PRVT.GD.ZS,10.5575505645426
KGZ,Kyrgyz Republic,2005,FS.AST.PRVT.GD.ZS,7.94670492927595
LAO,Lao PDR,2010,FS.AST.PRVT.GD.ZS,20.9192615607493
LAO,Lao PDR,2009,FS.AST.PRVT.GD.ZS,17.2418186461681
LAO,Lao PDR,2008,FS.AST.PRVT.GD.ZS,9.56628324453861
LAO,Lao PDR,2007,FS.AST.PRVT.GD.ZS,6.54326011608132
LAO,Lao PDR,2006,FS.AST.PRVT.GD.ZS,5.87385055148659
LAO,Lao PDR,2005,FS.AST.PRVT.GD.ZS,7.3547831441171
LVA,Latvia,2024,FS.AST.PRVT.GD.ZS,29.3267409745245
LVA,Latvia,2023,FS.AST.PRVT.GD.ZS,28.5636863670335
LVA,Latvia,2022,FS.AST.PRVT.GD.ZS,30.9985884793983
LVA,Latvia,2021,FS.AST.PRVT.GD.ZS,32.452830258812
LVA,Latvia,2020,FS.AST.PRVT.GD.ZS,34.7313232736821
LVA,Latvia,2019,FS.AST.PRVT.GD.ZS,35.718874565601
LVA,Latvia,2018,FS.AST.PRVT.GD.ZS,37.9065537383829
LVA,Latvia,2017,FS.AST.PRVT.GD.ZS,43.6866052240662
LVA,Latvia,2016,FS.AST.PRVT.GD.ZS,48.3668701185648
LVA,Latvia,2015,FS.AST.PRVT.GD.ZS,49.9910230947156
LVA,Latvia,2014,FS.AST.PRVT.GD.ZS,53.2195315549173
LVA,Latvia,2013,FS.AST.PRVT.GD.ZS,60.3337746211285
LVA,Latvia,2012,FS.AST.PRVT.GD.ZS,67.2042310187968
LVA,Latvia,2011,FS.AST.PRVT.GD.ZS,82.8884474030274
LVA,Latvia,2010,FS.AST.PRVT.GD.ZS,96.644175615306
LBN,Lebanon,2017,FS.AST.PRVT.GD.ZS,106.567725062094
LBN,Lebanon,2016,FS.AST.PRVT.GD.ZS,103.999348177296
LBN,Lebanon,2015,FS.AST.PRVT.GD.ZS,100.566123866429
LBN,Lebanon,2014,FS.AST.PRVT.GD.ZS,98.2255475847967
LBN,Lebanon,2013,FS.AST.PRVT.GD.ZS,93.3172929302942
LBN,Lebanon,2012,FS.AST.PRVT.GD.ZS,89.9553302724696
LBN,Lebanon,2011,FS.AST.PRVT.GD.ZS,89.987856569182
LBN,Lebanon,2010,FS.AST.PRVT.GD.ZS,82.528480012555
LBN,Lebanon,2009,FS.AST.PRVT.GD.ZS,72.0446936132977
LBN,Lebanon,2008,FS.AST.PRVT.GD.ZS,76.2752727111609
LBN,Lebanon,2007,FS.AST.PRVT.GD.ZS,74.1064201249241
LBN,Lebanon,2006,FS.AST.PRVT.GD.ZS,71.8110942239205
LBN,Lebanon,2005,FS.AST.PRVT.GD.ZS,69.6695264463214
LSO,Lesotho,2024,FS.AST.PRVT.GD.ZS,24.30197856093
LSO,Lesotho,2023,FS.AST.PRVT.GD.ZS,24.7276903033486
LSO,Lesotho,2022,FS.AST.PRVT.GD.ZS,21.6960639454113
LSO,Lesotho,2021,FS.AST.PRVT.GD.ZS,22.3287794465889
LSO,Lesotho,2020,FS.AST.PRVT.GD.ZS,21.9341136983369
LSO,Lesotho,2019,FS.AST.PRVT.GD.ZS,21.3224677858948
LSO,Lesotho,2018,FS.AST.PRVT.GD.ZS,20.1314045454092
LSO,Lesotho,2017,FS.AST.PRVT.GD.ZS,20.0038403177699
LSO,Lesotho,2016,FS.AST.PRVT.GD.ZS,18.2128934613148
LSO,Lesotho,2015,FS.AST.PRVT.GD.ZS,18.2736366996778
LSO,Lesotho,2014,FS.AST.PRVT.GD.ZS,19.3315018437025
LSO,Lesotho,2013,FS.AST.PRVT.GD.ZS,19.9473003777666
LSO,Lesotho,2012,FS.AST.PRVT.GD.ZS,18.5687326980566
LSO,Lesotho,2011,FS.AST.PRVT.GD.ZS,14.3488582863768
LSO,Lesotho,2010,FS.AST.PRVT.GD.ZS,13.4113788716402
LSO,Lesotho,2009,FS.AST.PRVT.GD.ZS,12.6072342040108
LSO,Lesotho,2008,FS.AST.PRVT.GD.ZS,10.0237879220093
LSO,Lesotho,2007,FS.AST.PRVT.GD.ZS,9.9923700762125
LSO,Lesotho,2006,FS.AST.PRVT.GD.ZS,7.36080443565175
LSO,Lesotho,2005,FS.AST.PRVT.GD.ZS,7.23312264139718
LBR,Liberia,2022,FS.AST.PRVT.GD.ZS,14.787430409394
LBR,Liberia,2021,FS.AST.PRVT.GD.ZS,12.8996951357409
LBR,Liberia,2020,FS.AST.PRVT.GD.ZS,13.418605423168
LBR,Liberia,2019,FS.AST.PRVT.GD.ZS,14.3078715677321
LBR,Liberia,2018,FS.AST.PRVT.GD.ZS,16.9764079051885
LBR,Liberia,2017,FS.AST.PRVT.GD.ZS,16.7523537949631
LBR,Liberia,2016,FS.AST.PRVT.GD.ZS,13.0206645953549
LBR,Liberia,2015,FS.AST.PRVT.GD.ZS,12.7449494275786
LBR,Liberia,2014,FS.AST.PRVT.GD.ZS,11.4404481833926
LBR,Liberia,2013,FS.AST.PRVT.GD.ZS,11.8207741493068
LBR,Liberia,2012,FS.AST.PRVT.GD.ZS,10.0467756206278
LBR,Liberia,2011,FS.AST.PRVT.GD.ZS,10.3742636363462
LBR,Liberia,2010,FS.AST.PRVT.GD.ZS,9.36698515953382
LBR,Liberia,2009,FS.AST.PRVT.GD.ZS,7.9469631760414
LBR,Liberia,2008,FS.AST.PRVT.GD.ZS,6.12664985588776
LBR,Liberia,2007,FS.AST.PRVT.GD.ZS,5.25937488093712
LBR,Liberia,2006,FS.AST.PRVT.GD.ZS,4.74413233794056
LBR,Liberia,2005,FS.AST.PRVT.GD.ZS,3.80967005163199
LBY,Libya,2025,FS.AST.PRVT.GD.ZS,12.5355481490495
LBY,Libya,2024,FS.AST.PRVT.GD.ZS,13.041851907924
LBY,Libya,2023,FS.AST.PRVT.GD.ZS,12.2180075415622
LBY,Libya,2022,FS.AST.PRVT.GD.ZS,10.7185706773584
LBY,Libya,2021,FS.AST.PRVT.GD.ZS,11.0391738497626
LBY,Libya,2020,FS.AST.PRVT.GD.ZS,21.8337391546377
LBY,Libya,2019,FS.AST.PRVT.GD.ZS,14.6289531807933
LBY,Libya,2018,FS.AST.PRVT.GD.ZS,12.8465423346937
LBY,Libya,2017,FS.AST.PRVT.GD.ZS,14.7896283143846
LBY,Libya,2016,FS.AST.PRVT.GD.ZS,18.8829258302328
LBY,Libya,2015,FS.AST.PRVT.GD.ZS,21.5199787186929
LBY,Libya,2014,FS.AST.PRVT.GD.ZS,19.3187188616
LBY,Libya,2013,FS.AST.PRVT.GD.ZS,13.7369369068516
LBY,Libya,2012,FS.AST.PRVT.GD.ZS,9.33808515595023
LBY,Libya,2011,FS.AST.PRVT.GD.ZS,14.1819194729211
LBY,Libya,2010,FS.AST.PRVT.GD.ZS,9.26018623627628
LBY,Libya,2009,FS.AST.PRVT.GD.ZS,11.1782655695724
LBY,Libya,2008,FS.AST.PRVT.GD.ZS,7.29914417131654
LBY,Libya,2007,FS.AST.PRVT.GD.ZS,6.15367601264239
LBY,Libya,2006,FS.AST.PRVT.GD.ZS,6.00761862776023
LBY,Libya,2005,FS.AST.PRVT.GD.ZS,7.38438933023316
LTU,Lithuania,2024,FS.AST.PRVT.GD.ZS,35.7017195575053
LTU,Lithuania,2023,FS.AST.PRVT.GD.ZS,34.144285339924
LTU,Lithuania,2022,FS.AST.PRVT.GD.ZS,35.8983246032323
LTU,Lithuania,2021,FS.AST.PRVT.GD.ZS,37.1827298404879
LTU,Lithuania,2020,FS.AST.PRVT.GD.ZS,37.0340108299265
LTU,Lithuania,2019,FS.AST.PRVT.GD.ZS,38.7394336544601
LTU,Lithuania,2018,FS.AST.PRVT.GD.ZS,39.993553498832
LTU,Lithuania,2017,FS.AST.PRVT.GD.ZS,40.9797374311557
LTU,Lithuania,2016,FS.AST.PRVT.GD.ZS,42.7658484020997
LTU,Lithuania,2015,FS.AST.PRVT.GD.ZS,41.452200938262
LTU,Lithuania,2014,FS.AST.PRVT.GD.ZS,41.0078195548277
LTU,Lithuania,2013,FS.AST.PRVT.GD.ZS,43.2212775427398
LTU,Lithuania,2012,FS.AST.PRVT.GD.ZS,46.7563131176007
LTU,Lithuania,2011,FS.AST.PRVT.GD.ZS,49.8995105232055
LTU,Lithuania,2010,FS.AST.PRVT.GD.ZS,59.4105561876374
LUX,Luxembourg,2024,FS.AST.PRVT.GD.ZS,85.1436082593373
LUX,Luxembourg,2023,FS.AST.PRVT.GD.ZS,93.2053363391819
LUX,Luxembourg,2022,FS.AST.PRVT.GD.ZS,102.548904653446
LUX,Luxembourg,2021,FS.AST.PRVT.GD.ZS,102.997694439279
LUX,Luxembourg,2020,FS.AST.PRVT.GD.ZS,110.212149628241
LUX,Luxembourg,2019,FS.AST.PRVT.GD.ZS,109.012204271952
LUX,Luxembourg,2018,FS.AST.PRVT.GD.ZS,105.495019442592
LUX,Luxembourg,2017,FS.AST.PRVT.GD.ZS,100.473133493731
LUX,Luxembourg,2016,FS.AST.PRVT.GD.ZS,96.2530859448861
LUX,Luxembourg,2015,FS.AST.PRVT.GD.ZS,91.7840511552667
LUX,Luxembourg,2014,FS.AST.PRVT.GD.ZS,86.3059612069388
LUX,Luxembourg,2013,FS.AST.PRVT.GD.ZS,86.66145807119
LUX,Luxembourg,2012,FS.AST.PRVT.GD.ZS,83.5829451760101
LUX,Luxembourg,2011,FS.AST.PRVT.GD.ZS,84.1766300496446
LUX,Luxembourg,2010,FS.AST.PRVT.GD.ZS,86.1171271698051
LUX,Luxembourg,2009,FS.AST.PRVT.GD.ZS,100.973750998797
LUX,Luxembourg,2008,FS.AST.PRVT.GD.ZS,101.153326883708
LUX,Luxembourg,2007,FS.AST.PRVT.GD.ZS,85.3118398397658
LUX,Luxembourg,2006,FS.AST.PRVT.GD.ZS,74.7241020942441
LUX,Luxembourg,2005,FS.AST.PRVT.GD.ZS,71.2723891550385
MAC,"Macao SAR, China",2025,FS.AST.PRVT.GD.ZS,117.042836331452
MAC,"Macao SAR, China",2024,FS.AST.PRVT.GD.ZS,129.630265117215
MAC,"Macao SAR, China",2023,FS.AST.PRVT.GD.ZS,146.669253120379
MAC,"Macao SAR, China",2022,FS.AST.PRVT.GD.ZS,287.359828906794
MAC,"Macao SAR, China",2021,FS.AST.PRVT.GD.ZS,232.523915658475
MAC,"Macao SAR, China",2020,FS.AST.PRVT.GD.ZS,269.837324968806
MAC,"Macao SAR, China",2019,FS.AST.PRVT.GD.ZS,119.791555781742
MAC,"Macao SAR, China",2018,FS.AST.PRVT.GD.ZS,113.85829727128
MAC,"Macao SAR, China",2017,FS.AST.PRVT.GD.ZS,113.628459884464
MAC,"Macao SAR, China",2016,FS.AST.PRVT.GD.ZS,117.673690461951
MAC,"Macao SAR, China",2015,FS.AST.PRVT.GD.ZS,108.511704087234
MAC,"Macao SAR, China",2014,FS.AST.PRVT.GD.ZS,77.347359124031
MAC,"Macao SAR, China",2013,FS.AST.PRVT.GD.ZS,62.51508476181
MAC,"Macao SAR, China",2012,FS.AST.PRVT.GD.ZS,57.5709317925641
MAC,"Macao SAR, China",2011,FS.AST.PRVT.GD.ZS,56.1253216995756
MAC,"Macao SAR, China",2010,FS.AST.PRVT.GD.ZS,56.8660267414696
MAC,"Macao SAR, China",2009,FS.AST.PRVT.GD.ZS,57.4558050087889
MAC,"Macao SAR, China",2008,FS.AST.PRVT.GD.ZS,53.2820474504711
MAC,"Macao SAR, China",2007,FS.AST.PRVT.GD.ZS,47.3115190206572
MAC,"Macao SAR, China",2006,FS.AST.PRVT.GD.ZS,40.9151570403482
MAC,"Macao SAR, China",2005,FS.AST.PRVT.GD.ZS,43.901689678181
MDG,Madagascar,2024,FS.AST.PRVT.GD.ZS,16.4779381826938
MDG,Madagascar,2023,FS.AST.PRVT.GD.ZS,16.9316263532811
MDG,Madagascar,2022,FS.AST.PRVT.GD.ZS,18.6192064556124
MDG,Madagascar,2021,FS.AST.PRVT.GD.ZS,17.8524446782585
MDG,Madagascar,2020,FS.AST.PRVT.GD.ZS,16.4151092014314
MDG,Madagascar,2019,FS.AST.PRVT.GD.ZS,14.2116915537463
MDG,Madagascar,2018,FS.AST.PRVT.GD.ZS,12.9668768989013
MDG,Madagascar,2017,FS.AST.PRVT.GD.ZS,12.706122619847
MDG,Madagascar,2016,FS.AST.PRVT.GD.ZS,11.8878140256576
MDG,Madagascar,2015,FS.AST.PRVT.GD.ZS,12.3105923900588
MDG,Madagascar,2014,FS.AST.PRVT.GD.ZS,11.6677588601475
MDG,Madagascar,2013,FS.AST.PRVT.GD.ZS,11.0832879408739
MDG,Madagascar,2012,FS.AST.PRVT.GD.ZS,10.1166938504563
MDG,Madagascar,2011,FS.AST.PRVT.GD.ZS,10.1802537806207
MDG,Madagascar,2010,FS.AST.PRVT.GD.ZS,10.8686616139204
MDG,Madagascar,2009,FS.AST.PRVT.GD.ZS,10.1415792882143
MDG,Madagascar,2008,FS.AST.PRVT.GD.ZS,9.70217947833008
MDG,Madagascar,2007,FS.AST.PRVT.GD.ZS,8.77598082046617
MDG,Madagascar,2006,FS.AST.PRVT.GD.ZS,8.781580280411
MDG,Madagascar,2005,FS.AST.PRVT.GD.ZS,8.4956383039294
MWI,Malawi,2024,FS.AST.PRVT.GD.ZS,7.91033846538175
MWI,Malawi,2023,FS.AST.PRVT.GD.ZS,7.74778352972302
MWI,Malawi,2022,FS.AST.PRVT.GD.ZS,8.6470490751732
MWI,Malawi,2021,FS.AST.PRVT.GD.ZS,8.23959919600957
MWI,Malawi,2020,FS.AST.PRVT.GD.ZS,7.85314893803138
MWI,Malawi,2019,FS.AST.PRVT.GD.ZS,7.22074169557393
MWI,Malawi,2018,FS.AST.PRVT.GD.ZS,6.81764864429292
MWI,Malawi,2017,FS.AST.PRVT.GD.ZS,7.47835094183135
MWI,Malawi,2016,FS.AST.PRVT.GD.ZS,8.00930921941906
MWI,Malawi,2015,FS.AST.PRVT.GD.ZS,9.1724038585019
MWI,Malawi,2014,FS.AST.PRVT.GD.ZS,7.83598581016284
MWI,Malawi,2013,FS.AST.PRVT.GD.ZS,8.55708608442318
MWI,Malawi,2012,FS.AST.PRVT.GD.ZS,10.0146736585562
MWI,Malawi,2011,FS.AST.PRVT.GD.ZS,9.57361410198919
MWI,Malawi,2010,FS.AST.PRVT.GD.ZS,9.50299344202592
MWI,Malawi,2009,FS.AST.PRVT.GD.ZS,7.47258448999146
MWI,Malawi,2008,FS.AST.PRVT.GD.ZS,6.26229916413705
MWI,Malawi,2007,FS.AST.PRVT.GD.ZS,3.76433782428077
MWI,Malawi,2006,FS.AST.PRVT.GD.ZS,3.50616786561297
MWI,Malawi,2005,FS.AST.PRVT.GD.ZS,2.7779338413945
MYS,Malaysia,2025,FS.AST.PRVT.GD.ZS,117.938077066737
MYS,Malaysia,2024,FS.AST.PRVT.GD.ZS,116.107410807392
MYS,Malaysia,2023,FS.AST.PRVT.GD.ZS,117.099430029325
MYS,Malaysia,2022,FS.AST.PRVT.GD.ZS,113.070470558095
MYS,Malaysia,2021,FS.AST.PRVT.GD.ZS,127.260894609567
MYS,Malaysia,2020,FS.AST.PRVT.GD.ZS,133.816995520751
MYS,Malaysia,2019,FS.AST.PRVT.GD.ZS,120.706946299114
MYS,Malaysia,2018,FS.AST.PRVT.GD.ZS,120.276311883907
MYS,Malaysia,2017,FS.AST.PRVT.GD.ZS,117.167568374282
MYS,Malaysia,2016,FS.AST.PRVT.GD.ZS,121.979820601963
MYS,Malaysia,2015,FS.AST.PRVT.GD.ZS,123.10362963114
MYS,Malaysia,2014,FS.AST.PRVT.GD.ZS,120.578651022847
MYS,Malaysia,2013,FS.AST.PRVT.GD.ZS,119.899693910412
MYS,Malaysia,2012,FS.AST.PRVT.GD.ZS,114.124529817132
MYS,Malaysia,2011,FS.AST.PRVT.GD.ZS,108.425936705379
MYS,Malaysia,2010,FS.AST.PRVT.GD.ZS,107.122752573885
MYS,Malaysia,2009,FS.AST.PRVT.GD.ZS,111.606889987937
MYS,Malaysia,2008,FS.AST.PRVT.GD.ZS,96.7482535065206
MYS,Malaysia,2007,FS.AST.PRVT.GD.ZS,101.580075160148
MYS,Malaysia,2006,FS.AST.PRVT.GD.ZS,103.663830374316
MYS,Malaysia,2005,FS.AST.PRVT.GD.ZS,106.524431907379
MDV,Maldives,2025,FS.AST.PRVT.GD.ZS,36.4278157508477
MDV,Maldives,2024,FS.AST.PRVT.GD.ZS,35.7299049882319
MDV,Maldives,2023,FS.AST.PRVT.GD.ZS,35.8362090976748
MDV,Maldives,2022,FS.AST.PRVT.GD.ZS,35.2169697593796
MDV,Maldives,2021,FS.AST.PRVT.GD.ZS,39.3089828252313
MDV,Maldives,2020,FS.AST.PRVT.GD.ZS,53.3551626912335
MDV,Maldives,2019,FS.AST.PRVT.GD.ZS,31.539334008471
MDV,Maldives,2018,FS.AST.PRVT.GD.ZS,31.0378663786162
MDV,Maldives,2017,FS.AST.PRVT.GD.ZS,31.1989633144231
MDV,Maldives,2016,FS.AST.PRVT.GD.ZS,30.3476225372342
MDV,Maldives,2015,FS.AST.PRVT.GD.ZS,29.1014786368811
MDV,Maldives,2014,FS.AST.PRVT.GD.ZS,28.954899775636
MDV,Maldives,2013,FS.AST.PRVT.GD.ZS,31.2161620904851
MDV,Maldives,2012,FS.AST.PRVT.GD.ZS,35.1187463614201
MDV,Maldives,2011,FS.AST.PRVT.GD.ZS,42.428163613364
MDV,Maldives,2010,FS.AST.PRVT.GD.ZS,47.6844927907076
MDV,Maldives,2009,FS.AST.PRVT.GD.ZS,53.7810073138324
MDV,Maldives,2008,FS.AST.PRVT.GD.ZS,57.7343406855571
MDV,Maldives,2007,FS.AST.PRVT.GD.ZS,54.630228766986
MDV,Maldives,2006,FS.AST.PRVT.GD.ZS,42.6367076619964
MDV,Maldives,2005,FS.AST.PRVT.GD.ZS,38.8425780859539
MLI,Mali,2025,FS.AST.PRVT.GD.ZS,20.413132297147
MLI,Mali,2024,FS.AST.PRVT.GD.ZS,22.3956105371061
MLI,Mali,2023,FS.AST.PRVT.GD.ZS,23.2297872891936
MLI,Mali,2022,FS.AST.PRVT.GD.ZS,24.7511049833223
MLI,Mali,2021,FS.AST.PRVT.GD.ZS,23.7454169625775
MLI,Mali,2020,FS.AST.PRVT.GD.ZS,21.9275348579908
MLI,Mali,2019,FS.AST.PRVT.GD.ZS,20.6750806962891
MLI,Mali,2018,FS.AST.PRVT.GD.ZS,21.4473604453662
MLI,Mali,2017,FS.AST.PRVT.GD.ZS,21.7776424964418
MLI,Mali,2016,FS.AST.PRVT.GD.ZS,22.1370457826586
MLI,Mali,2015,FS.AST.PRVT.GD.ZS,21.0168582324221
MLI,Mali,2014,FS.AST.PRVT.GD.ZS,18.5594792554442
MLI,Mali,2013,FS.AST.PRVT.GD.ZS,17.5824705336812
MLI,Mali,2012,FS.AST.PRVT.GD.ZS,16.4474522498028
MLI,Mali,2011,FS.AST.PRVT.GD.ZS,15.483210171708
MLI,Mali,2010,FS.AST.PRVT.GD.ZS,15.1441549131727
MLI,Mali,2009,FS.AST.PRVT.GD.ZS,13.8659811805124
MLI,Mali,2008,FS.AST.PRVT.GD.ZS,10.2485311516035
MLI,Mali,2007,FS.AST.PRVT.GD.ZS,13.6593665961313
MLI,Mali,2006,FS.AST.PRVT.GD.ZS,13.0338404026459
MLI,Mali,2005,FS.AST.PRVT.GD.ZS,12.4831174133627
MLT,Malta,2024,FS.AST.PRVT.GD.ZS,61.7437231757338
MLT,Malta,2023,FS.AST.PRVT.GD.ZS,64.1608044043432
MLT,Malta,2022,FS.AST.PRVT.GD.ZS,68.9216449446199
MLT,Malta,2021,FS.AST.PRVT.GD.ZS,68.4435039594286
MLT,Malta,2020,FS.AST.PRVT.GD.ZS,75.1280022781181
MLT,Malta,2019,FS.AST.PRVT.GD.ZS,69.5293238173527
MLT,Malta,2018,FS.AST.PRVT.GD.ZS,69.0893866845562
MLT,Malta,2017,FS.AST.PRVT.GD.ZS,70.8847611452413
MLT,Malta,2016,FS.AST.PRVT.GD.ZS,79.3205679554647
MLT,Malta,2015,FS.AST.PRVT.GD.ZS,83.4139060144834
MLT,Malta,2014,FS.AST.PRVT.GD.ZS,94.4910580767058
MLT,Malta,2013,FS.AST.PRVT.GD.ZS,99.8746091877693
MLT,Malta,2012,FS.AST.PRVT.GD.ZS,108.605777098466
MLT,Malta,2011,FS.AST.PRVT.GD.ZS,116.944503512783
MLT,Malta,2010,FS.AST.PRVT.GD.ZS,115.005397201331
MLT,Malta,2009,FS.AST.PRVT.GD.ZS,121.567127154354
MLT,Malta,2008,FS.AST.PRVT.GD.ZS,114.421618778734
MLT,Malta,2007,FS.AST.PRVT.GD.ZS,108.640485926848
MLT,Malta,2006,FS.AST.PRVT.GD.ZS,106.891025906106
MLT,Malta,2005,FS.AST.PRVT.GD.ZS,97.7455802192604
MRT,Mauritania,2019,FS.AST.PRVT.GD.ZS,22.7235411550392
MRT,Mauritania,2018,FS.AST.PRVT.GD.ZS,22.0411208947414
MRT,Mauritania,2017,FS.AST.PRVT.GD.ZS,21.0665741212812
MRT,Mauritania,2016,FS.AST.PRVT.GD.ZS,20.2989097590812
MRT,Mauritania,2015,FS.AST.PRVT.GD.ZS,21.115578390201
MRT,Mauritania,2014,FS.AST.PRVT.GD.ZS,19.5202997737568
MRT,Mauritania,2013,FS.AST.PRVT.GD.ZS,18.345839833704
MRT,Mauritania,2012,FS.AST.PRVT.GD.ZS,16.7663811866788
MRT,Mauritania,2011,FS.AST.PRVT.GD.ZS,16.5934473771108
MRT,Mauritania,2010,FS.AST.PRVT.GD.ZS,18.2754030717281
MRT,Mauritania,2009,FS.AST.PRVT.GD.ZS,19.977723344228
MRT,Mauritania,2008,FS.AST.PRVT.GD.ZS,19.2083942062677
MRT,Mauritania,2007,FS.AST.PRVT.GD.ZS,16.2991786844733
MRT,Mauritania,2006,FS.AST.PRVT.GD.ZS,14.617422611558
MRT,Mauritania,2005,FS.AST.PRVT.GD.ZS,18.4014813125773
MUS,Mauritius,2025,FS.AST.PRVT.GD.ZS,72.0328373814832
MUS,Mauritius,2024,FS.AST.PRVT.GD.ZS,69.8649496913996
MUS,Mauritius,2023,FS.AST.PRVT.GD.ZS,69.8939504735845
MUS,Mauritius,2022,FS.AST.PRVT.GD.ZS,72.3686561202455
MUS,Mauritius,2021,FS.AST.PRVT.GD.ZS,85.4118917320828
MUS,Mauritius,2020,FS.AST.PRVT.GD.ZS,90.5603073567218
MUS,Mauritius,2019,FS.AST.PRVT.GD.ZS,76.9690468712456
MUS,Mauritius,2018,FS.AST.PRVT.GD.ZS,74.1953036771568
MUS,Mauritius,2017,FS.AST.PRVT.GD.ZS,97.6771763770364
MUS,Mauritius,2016,FS.AST.PRVT.GD.ZS,92.3062681730232
MUS,Mauritius,2015,FS.AST.PRVT.GD.ZS,98.7466842871377
MUS,Mauritius,2014,FS.AST.PRVT.GD.ZS,95.5827424187746
MUS,Mauritius,2013,FS.AST.PRVT.GD.ZS,103.699492267184
MUS,Mauritius,2012,FS.AST.PRVT.GD.ZS,97.4805970130776
MUS,Mauritius,2011,FS.AST.PRVT.GD.ZS,88.0871510697159
MUS,Mauritius,2010,FS.AST.PRVT.GD.ZS,84.1683992828525
MUS,Mauritius,2009,FS.AST.PRVT.GD.ZS,78.9046235737407
MUS,Mauritius,2008,FS.AST.PRVT.GD.ZS,80.6884454073722
MUS,Mauritius,2007,FS.AST.PRVT.GD.ZS,70.6431233275209
MUS,Mauritius,2006,FS.AST.PRVT.GD.ZS,67.6399087092862
MUS,Mauritius,2005,FS.AST.PRVT.GD.ZS,71.9303142550398
MEX,Mexico,2025,FS.AST.PRVT.GD.ZS,35.5021122487568
MEX,Mexico,2024,FS.AST.PRVT.GD.ZS,35.0748199517549
MEX,Mexico,2023,FS.AST.PRVT.GD.ZS,33.2256099210698
MEX,Mexico,2022,FS.AST.PRVT.GD.ZS,34.2487696122269
MEX,Mexico,2021,FS.AST.PRVT.GD.ZS,35.0570605465604
MEX,Mexico,2020,FS.AST.PRVT.GD.ZS,36.9325897654775
MEX,Mexico,2019,FS.AST.PRVT.GD.ZS,35.5851864842603
MEX,Mexico,2018,FS.AST.PRVT.GD.ZS,33.6152178109833
MEX,Mexico,2017,FS.AST.PRVT.GD.ZS,34.3431256738601
MEX,Mexico,2016,FS.AST.PRVT.GD.ZS,32.9508423866166
MEX,Mexico,2015,FS.AST.PRVT.GD.ZS,30.8304978690131
MEX,Mexico,2014,FS.AST.PRVT.GD.ZS,28.1836821060935
MEX,Mexico,2013,FS.AST.PRVT.GD.ZS,27.8590593255176
MEX,Mexico,2012,FS.AST.PRVT.GD.ZS,24.9270563825252
MEX,Mexico,2011,FS.AST.PRVT.GD.ZS,23.5848328387345
MEX,Mexico,2010,FS.AST.PRVT.GD.ZS,22.3237750273616
MEX,Mexico,2009,FS.AST.PRVT.GD.ZS,21.6119225665134
MEX,Mexico,2008,FS.AST.PRVT.GD.ZS,19.7553753175775
MEX,Mexico,2007,FS.AST.PRVT.GD.ZS,20.4394698066311
MEX,Mexico,2006,FS.AST.PRVT.GD.ZS,18.3518916727969
MEX,Mexico,2005,FS.AST.PRVT.GD.ZS,15.3135908147147
FSM,"Micronesia, Fed. Sts.",2021,FS.AST.PRVT.GD.ZS,23.4273633503821
FSM,"Micronesia, Fed. Sts.",2020,FS.AST.PRVT.GD.ZS,24.1698437688974
FSM,"Micronesia, Fed. Sts.",2019,FS.AST.PRVT.GD.ZS,22.8093670886076
FSM,"Micronesia, Fed. Sts.",2018,FS.AST.PRVT.GD.ZS,20.2195431472081
FSM,"Micronesia, Fed. Sts.",2017,FS.AST.PRVT.GD.ZS,23.1199445983379
FSM,"Micronesia, Fed. Sts.",2016,FS.AST.PRVT.GD.ZS,22.9960244648318
FSM,"Micronesia, Fed. Sts.",2015,FS.AST.PRVT.GD.ZS,23.1586538461538
FSM,"Micronesia, Fed. Sts.",2014,FS.AST.PRVT.GD.ZS,21.3867088607595
FSM,"Micronesia, Fed. Sts.",2013,FS.AST.PRVT.GD.ZS,19.8528662420382
FSM,"Micronesia, Fed. Sts.",2012,FS.AST.PRVT.GD.ZS,19.529012345679
FSM,"Micronesia, Fed. Sts.",2011,FS.AST.PRVT.GD.ZS,19.7074675324675
FSM,"Micronesia, Fed. Sts.",2010,FS.AST.PRVT.GD.ZS,20.9373287671233
FSM,"Micronesia, Fed. Sts.",2009,FS.AST.PRVT.GD.ZS,21.3371841155235
FSM,"Micronesia, Fed. Sts.",2008,FS.AST.PRVT.GD.ZS,20.0306513409962
FSM,"Micronesia, Fed. Sts.",2007,FS.AST.PRVT.GD.ZS,21.3114624505929
FSM,"Micronesia, Fed. Sts.",2006,FS.AST.PRVT.GD.ZS,20.9688
FSM,"Micronesia, Fed. Sts.",2005,FS.AST.PRVT.GD.ZS,20.0267206477733
MDA,Moldova,2024,FS.AST.PRVT.GD.ZS,29.3332103367705
MDA,Moldova,2023,FS.AST.PRVT.GD.ZS,25.5773164144673
MDA,Moldova,2022,FS.AST.PRVT.GD.ZS,27.5106411671297
MDA,Moldova,2021,FS.AST.PRVT.GD.ZS,28.5309349890981
MDA,Moldova,2020,FS.AST.PRVT.GD.ZS,28.6748195514405
MDA,Moldova,2019,FS.AST.PRVT.GD.ZS,25.3242252682604
MDA,Moldova,2018,FS.AST.PRVT.GD.ZS,23.6435926979314
MDA,Moldova,2017,FS.AST.PRVT.GD.ZS,23.1336799067392
MDA,Moldova,2016,FS.AST.PRVT.GD.ZS,25.8421130047347
MDA,Moldova,2015,FS.AST.PRVT.GD.ZS,28.9371352908719
MDA,Moldova,2014,FS.AST.PRVT.GD.ZS,31.4038447347649
MDA,Moldova,2013,FS.AST.PRVT.GD.ZS,35.7350883426668
MDA,Moldova,2012,FS.AST.PRVT.GD.ZS,33.702487805818
MDA,Moldova,2011,FS.AST.PRVT.GD.ZS,29.9278323999166
MDA,Moldova,2010,FS.AST.PRVT.GD.ZS,29.497046030424
MNG,Mongolia,2024,FS.AST.PRVT.GD.ZS,44.9058835509055
MNG,Mongolia,2023,FS.AST.PRVT.GD.ZS,38.6134823960349
MNG,Mongolia,2022,FS.AST.PRVT.GD.ZS,40.9774857798216
MNG,Mongolia,2021,FS.AST.PRVT.GD.ZS,47.4863808095992
MNG,Mongolia,2020,FS.AST.PRVT.GD.ZS,45.785164527552
MNG,Mongolia,2019,FS.AST.PRVT.GD.ZS,48.9010221466082
MNG,Mongolia,2018,FS.AST.PRVT.GD.ZS,55.4068400252493
MNG,Mongolia,2017,FS.AST.PRVT.GD.ZS,52.8177229331459
MNG,Mongolia,2016,FS.AST.PRVT.GD.ZS,56.9431593815466
MNG,Mongolia,2015,FS.AST.PRVT.GD.ZS,54.4604207032131
MNG,Mongolia,2014,FS.AST.PRVT.GD.ZS,59.2943187125602
MNG,Mongolia,2013,FS.AST.PRVT.GD.ZS,59.8748579259903
MNG,Mongolia,2012,FS.AST.PRVT.GD.ZS,43.7217609870053
MNG,Mongolia,2011,FS.AST.PRVT.GD.ZS,43.4934673304814
MNG,Mongolia,2010,FS.AST.PRVT.GD.ZS,34.191265820963
MNG,Mongolia,2009,FS.AST.PRVT.GD.ZS,40.2997280197734
MNG,Mongolia,2008,FS.AST.PRVT.GD.ZS,39.9020112482358
MNG,Mongolia,2007,FS.AST.PRVT.GD.ZS,41.5764911231768
MNG,Mongolia,2006,FS.AST.PRVT.GD.ZS,30.1190332267899
MNG,Mongolia,2005,FS.AST.PRVT.GD.ZS,27.550665048247
MNE,Montenegro,2024,FS.AST.PRVT.GD.ZS,45.2736633073804
MNE,Montenegro,2023,FS.AST.PRVT.GD.ZS,42.3835125156477
MNE,Montenegro,2022,FS.AST.PRVT.GD.ZS,47.1553948607428
MNE,Montenegro,2021,FS.AST.PRVT.GD.ZS,52.6094666497158
MNE,Montenegro,2020,FS.AST.PRVT.GD.ZS,60.5589962890752
MNE,Montenegro,2019,FS.AST.PRVT.GD.ZS,49.5434613539033
MNE,Montenegro,2018,FS.AST.PRVT.GD.ZS,50.2326678244513
MNE,Montenegro,2017,FS.AST.PRVT.GD.ZS,49.451205781969
MNE,Montenegro,2016,FS.AST.PRVT.GD.ZS,49.4949222460444
MNE,Montenegro,2015,FS.AST.PRVT.GD.ZS,50.9166352865446
MNE,Montenegro,2014,FS.AST.PRVT.GD.ZS,52.1519574183341
MNE,Montenegro,2013,FS.AST.PRVT.GD.ZS,54.259281142303
MNE,Montenegro,2012,FS.AST.PRVT.GD.ZS,55.2723355290933
MNE,Montenegro,2011,FS.AST.PRVT.GD.ZS,55.7517216411661
MNE,Montenegro,2010,FS.AST.PRVT.GD.ZS,66.5686782705569
MNE,Montenegro,2009,FS.AST.PRVT.GD.ZS,76.5142973517479
MNE,Montenegro,2008,FS.AST.PRVT.GD.ZS,86.6143101507871
MNE,Montenegro,2007,FS.AST.PRVT.GD.ZS,80.0628159947649
MNE,Montenegro,2006,FS.AST.PRVT.GD.ZS,36.0129318403291
MNE,Montenegro,2005,FS.AST.PRVT.GD.ZS,17.9524670604972
MAR,Morocco,2024,FS.AST.PRVT.GD.ZS,77.7635533817471
MAR,Morocco,2023,FS.AST.PRVT.GD.ZS,80.504808579487
MAR,Morocco,2022,FS.AST.PRVT.GD.ZS,87.5362177555406
MAR,Morocco,2021,FS.AST.PRVT.GD.ZS,86.0589211866219
MAR,Morocco,2020,FS.AST.PRVT.GD.ZS,90.9314449752962
MAR,Morocco,2019,FS.AST.PRVT.GD.ZS,81.4748595489142
MAR,Morocco,2018,FS.AST.PRVT.GD.ZS,78.9568101792168
MAR,Morocco,2017,FS.AST.PRVT.GD.ZS,80.1940481650889
MAR,Morocco,2016,FS.AST.PRVT.GD.ZS,80.2299496773881
MAR,Morocco,2015,FS.AST.PRVT.GD.ZS,78.3933979966934
MAR,Morocco,2014,FS.AST.PRVT.GD.ZS,83.5103076143461
MAR,Morocco,2013,FS.AST.PRVT.GD.ZS,83.5655425605352
MAR,Morocco,2012,FS.AST.PRVT.GD.ZS,87.7618401933056
MAR,Morocco,2011,FS.AST.PRVT.GD.ZS,86.804176959607
MAR,Morocco,2010,FS.AST.PRVT.GD.ZS,83.2922890768629
MOZ,Mozambique,2025,FS.AST.PRVT.GD.ZS,18.2672664919169
MOZ,Mozambique,2024,FS.AST.PRVT.GD.ZS,17.6069907113773
MOZ,Mozambique,2023,FS.AST.PRVT.GD.ZS,18.511862786144
MOZ,Mozambique,2022,FS.AST.PRVT.GD.ZS,20.7200636005415
MOZ,Mozambique,2021,FS.AST.PRVT.GD.ZS,23.0205800775002
MOZ,Mozambique,2020,FS.AST.PRVT.GD.ZS,23.8696192694382
MOZ,Mozambique,2019,FS.AST.PRVT.GD.ZS,21.2791585156391
MOZ,Mozambique,2018,FS.AST.PRVT.GD.ZS,22.1292035071032
MOZ,Mozambique,2017,FS.AST.PRVT.GD.ZS,24.4582064524123
MOZ,Mozambique,2016,FS.AST.PRVT.GD.ZS,31.2078879056345
MOZ,Mozambique,2015,FS.AST.PRVT.GD.ZS,32.0531316730483
MOZ,Mozambique,2014,FS.AST.PRVT.GD.ZS,30.188781793048
MOZ,Mozambique,2013,FS.AST.PRVT.GD.ZS,26.2611547587696
MOZ,Mozambique,2012,FS.AST.PRVT.GD.ZS,22.4314517976522
MOZ,Mozambique,2011,FS.AST.PRVT.GD.ZS,20.9197341288749
MOZ,Mozambique,2010,FS.AST.PRVT.GD.ZS,21.6491864986519
MOZ,Mozambique,2009,FS.AST.PRVT.GD.ZS,19.5511262342972
MOZ,Mozambique,2008,FS.AST.PRVT.GD.ZS,14.0124195660244
MOZ,Mozambique,2007,FS.AST.PRVT.GD.ZS,10.0421356502336
MOZ,Mozambique,2006,FS.AST.PRVT.GD.ZS,9.89325283447363
MOZ,Mozambique,2005,FS.AST.PRVT.GD.ZS,8.78413449461729
MMR,Myanmar,2020,FS.AST.PRVT.GD.ZS,28.9828999467009
MMR,Myanmar,2019,FS.AST.PRVT.GD.ZS,26.6379014764853
MMR,Myanmar,2018,FS.AST.PRVT.GD.ZS,26.2093085820638
MMR,Myanmar,2017,FS.AST.PRVT.GD.ZS,24.50054608091
MMR,Myanmar,2016,FS.AST.PRVT.GD.ZS,22.0063669806599
MMR,Myanmar,2015,FS.AST.PRVT.GD.ZS,18.1305513861133
MMR,Myanmar,2014,FS.AST.PRVT.GD.ZS,15.5752436663979
MMR,Myanmar,2013,FS.AST.PRVT.GD.ZS,12.8385297285065
MMR,Myanmar,2012,FS.AST.PRVT.GD.ZS,9.31026614508286
MMR,Myanmar,2011,FS.AST.PRVT.GD.ZS,6.74676206403601
MMR,Myanmar,2010,FS.AST.PRVT.GD.ZS,4.76695378512293
MMR,Myanmar,2009,FS.AST.PRVT.GD.ZS,3.4721769114853
MMR,Myanmar,2008,FS.AST.PRVT.GD.ZS,3.12110290159629
MMR,Myanmar,2007,FS.AST.PRVT.GD.ZS,3.42373646489974
MMR,Myanmar,2006,FS.AST.PRVT.GD.ZS,3.87713991831058
MMR,Myanmar,2005,FS.AST.PRVT.GD.ZS,4.65705970100153
NAM,Namibia,2024,FS.AST.PRVT.GD.ZS,55.0557660417046
NAM,Namibia,2023,FS.AST.PRVT.GD.ZS,56.0667902333982
NAM,Namibia,2022,FS.AST.PRVT.GD.ZS,61.3968417469613
NAM,Namibia,2021,FS.AST.PRVT.GD.ZS,68.8473248696811
NAM,Namibia,2020,FS.AST.PRVT.GD.ZS,72.7676677166465
NAM,Namibia,2019,FS.AST.PRVT.GD.ZS,70.950579352357
NAM,Namibia,2018,FS.AST.PRVT.GD.ZS,65.8415486800749
NAM,Namibia,2017,FS.AST.PRVT.GD.ZS,65.0850898640541
NAM,Namibia,2016,FS.AST.PRVT.GD.ZS,68.5718638970193
NAM,Namibia,2015,FS.AST.PRVT.GD.ZS,65.6259688357891
NPL,Nepal,2025,FS.AST.PRVT.GD.ZS,90.5447624655163
NPL,Nepal,2024,FS.AST.PRVT.GD.ZS,91.2933728348585
NPL,Nepal,2023,FS.AST.PRVT.GD.ZS,91.5572641444323
NPL,Nepal,2022,FS.AST.PRVT.GD.ZS,94.4669915631767
NPL,Nepal,2021,FS.AST.PRVT.GD.ZS,103.651351375401
NPL,Nepal,2020,FS.AST.PRVT.GD.ZS,88.4400394663268
NPL,Nepal,2019,FS.AST.PRVT.GD.ZS,78.9459108984055
NPL,Nepal,2018,FS.AST.PRVT.GD.ZS,76.3246080076578
NPL,Nepal,2017,FS.AST.PRVT.GD.ZS,69.1891243413533
NPL,Nepal,2016,FS.AST.PRVT.GD.ZS,69.840800112116
NPL,Nepal,2015,FS.AST.PRVT.GD.ZS,56.9082740653704
NPL,Nepal,2014,FS.AST.PRVT.GD.ZS,54.4670476035098
NPL,Nepal,2013,FS.AST.PRVT.GD.ZS,50.4622708384351
NPL,Nepal,2012,FS.AST.PRVT.GD.ZS,48.7543496534141
NPL,Nepal,2011,FS.AST.PRVT.GD.ZS,46.4246531230953
NPL,Nepal,2010,FS.AST.PRVT.GD.ZS,54.589987785603
NPL,Nepal,2009,FS.AST.PRVT.GD.ZS,59.1784546318173
NPL,Nepal,2008,FS.AST.PRVT.GD.ZS,51.6526455292715
NPL,Nepal,2007,FS.AST.PRVT.GD.ZS,37.2815056472404
NPL,Nepal,2006,FS.AST.PRVT.GD.ZS,33.1513862786737
NPL,Nepal,2005,FS.AST.PRVT.GD.ZS,28.7261508079238
NLD,Netherlands,2024,FS.AST.PRVT.GD.ZS,82.3320940898509
NLD,Netherlands,2023,FS.AST.PRVT.GD.ZS,85.4757445009347
NLD,Netherlands,2022,FS.AST.PRVT.GD.ZS,88.8195045380451
NLD,Netherlands,2021,FS.AST.PRVT.GD.ZS,93.8807694464696
NLD,Netherlands,2020,FS.AST.PRVT.GD.ZS,100.352006153371
NLD,Netherlands,2019,FS.AST.PRVT.GD.ZS,98.6368462471995
NLD,Netherlands,2018,FS.AST.PRVT.GD.ZS,103.705449062777
NLD,Netherlands,2017,FS.AST.PRVT.GD.ZS,109.26176749092
NLD,Netherlands,2016,FS.AST.PRVT.GD.ZS,112.688166070747
NLD,Netherlands,2015,FS.AST.PRVT.GD.ZS,110.135230807738
NLD,Netherlands,2014,FS.AST.PRVT.GD.ZS,115.205849457802
NLD,Netherlands,2013,FS.AST.PRVT.GD.ZS,112.969994005111
NLD,Netherlands,2012,FS.AST.PRVT.GD.ZS,116.013958604261
NLD,Netherlands,2011,FS.AST.PRVT.GD.ZS,113.516935353618
NLD,Netherlands,2010,FS.AST.PRVT.GD.ZS,112.995200786287
NLD,Netherlands,2009,FS.AST.PRVT.GD.ZS,116.241095699118
NLD,Netherlands,2008,FS.AST.PRVT.GD.ZS,110.218655333418
NLD,Netherlands,2007,FS.AST.PRVT.GD.ZS,112.717594636907
NLD,Netherlands,2006,FS.AST.PRVT.GD.ZS,112.9576606451
NLD,Netherlands,2005,FS.AST.PRVT.GD.ZS,115.890888447757
NZL,New Zealand,2025,FS.AST.PRVT.GD.ZS,143.378735977163
NZL,New Zealand,2024,FS.AST.PRVT.GD.ZS,141.898489610576
NZL,New Zealand,2023,FS.AST.PRVT.GD.ZS,140.574368180893
NZL,New Zealand,2022,FS.AST.PRVT.GD.ZS,145.993959609911
NZL,New Zealand,2021,FS.AST.PRVT.GD.ZS,155.696811699705
NZL,New Zealand,2020,FS.AST.PRVT.GD.ZS,159.302765545419
NZL,New Zealand,2019,FS.AST.PRVT.GD.ZS,155.331008762031
NZL,New Zealand,2018,FS.AST.PRVT.GD.ZS,153.340048561597
NZL,New Zealand,2017,FS.AST.PRVT.GD.ZS,153.218887969056
NZL,New Zealand,2016,FS.AST.PRVT.GD.ZS,154.878394126531
NZL,New Zealand,2015,FS.AST.PRVT.GD.ZS,152.203582210633
NZL,New Zealand,2014,FS.AST.PRVT.GD.ZS,148.887536239515
NIC,Nicaragua,2024,FS.AST.PRVT.GD.ZS,32.3334560247707
NIC,Nicaragua,2023,FS.AST.PRVT.GD.ZS,30.0090036209487
NIC,Nicaragua,2022,FS.AST.PRVT.GD.ZS,29.6997604197174
NIC,Nicaragua,2021,FS.AST.PRVT.GD.ZS,28.0130773437883
NIC,Nicaragua,2020,FS.AST.PRVT.GD.ZS,29.7928204469316
NIC,Nicaragua,2019,FS.AST.PRVT.GD.ZS,32.2173134465347
NIC,Nicaragua,2018,FS.AST.PRVT.GD.ZS,39.8570584770867
NIC,Nicaragua,2017,FS.AST.PRVT.GD.ZS,42.7141595154233
NIC,Nicaragua,2016,FS.AST.PRVT.GD.ZS,38.5800324214676
NIC,Nicaragua,2015,FS.AST.PRVT.GD.ZS,36.851216246511
NIC,Nicaragua,2014,FS.AST.PRVT.GD.ZS,33.8611044766836
NIC,Nicaragua,2013,FS.AST.PRVT.GD.ZS,31.8719462281179
NIC,Nicaragua,2012,FS.AST.PRVT.GD.ZS,28.7256849089243
NIC,Nicaragua,2011,FS.AST.PRVT.GD.ZS,26.2021452617968
NIC,Nicaragua,2010,FS.AST.PRVT.GD.ZS,26.7902771944027
NIC,Nicaragua,2009,FS.AST.PRVT.GD.ZS,28.4639816565811
NIC,Nicaragua,2008,FS.AST.PRVT.GD.ZS,31.3902939082916
NIC,Nicaragua,2007,FS.AST.PRVT.GD.ZS,32.9626730870453
NIC,Nicaragua,2006,FS.AST.PRVT.GD.ZS,26.4617300643449
NIC,Nicaragua,2005,FS.AST.PRVT.GD.ZS,22.6195637092088
NER,Niger,2025,FS.AST.PRVT.GD.ZS,9.56587453130963
NER,Niger,2024,FS.AST.PRVT.GD.ZS,10.2781507372819
NER,Niger,2023,FS.AST.PRVT.GD.ZS,10.8999517922152
NER,Niger,2022,FS.AST.PRVT.GD.ZS,12.4104068252131
NER,Niger,2021,FS.AST.PRVT.GD.ZS,13.0064656794279
NER,Niger,2020,FS.AST.PRVT.GD.ZS,11.7828048902408
NER,Niger,2019,FS.AST.PRVT.GD.ZS,11.6440386322928
NER,Niger,2018,FS.AST.PRVT.GD.ZS,10.2316234445943
NER,Niger,2017,FS.AST.PRVT.GD.ZS,11.2398360219906
NER,Niger,2016,FS.AST.PRVT.GD.ZS,11.5430257623173
NER,Niger,2015,FS.AST.PRVT.GD.ZS,11.2731547376931
NER,Niger,2014,FS.AST.PRVT.GD.ZS,10.6800359863882
NER,Niger,2013,FS.AST.PRVT.GD.ZS,10.460630408421
NER,Niger,2012,FS.AST.PRVT.GD.ZS,9.97081356735436
NER,Niger,2011,FS.AST.PRVT.GD.ZS,9.92230818231259
NER,Niger,2010,FS.AST.PRVT.GD.ZS,9.0342729600052
NER,Niger,2009,FS.AST.PRVT.GD.ZS,8.89140221192257
NER,Niger,2008,FS.AST.PRVT.GD.ZS,8.05448229866597
NER,Niger,2007,FS.AST.PRVT.GD.ZS,7.07832627658033
NER,Niger,2006,FS.AST.PRVT.GD.ZS,3.87400308731938
NER,Niger,2005,FS.AST.PRVT.GD.ZS,3.95336505243563
NGA,Nigeria,2022,FS.AST.PRVT.GD.ZS,9.5616917667191
NGA,Nigeria,2021,FS.AST.PRVT.GD.ZS,9.7332213692771
NGA,Nigeria,2020,FS.AST.PRVT.GD.ZS,8.75958559535191
NGA,Nigeria,2019,FS.AST.PRVT.GD.ZS,7.9232226593751
NGA,Nigeria,2018,FS.AST.PRVT.GD.ZS,10.2465813012399
NGA,Nigeria,2017,FS.AST.PRVT.GD.ZS,12.8520298076198
NGA,Nigeria,2016,FS.AST.PRVT.GD.ZS,14.6080388563102
NGA,Nigeria,2015,FS.AST.PRVT.GD.ZS,13.0786844773698
NGA,Nigeria,2014,FS.AST.PRVT.GD.ZS,13.2970053767392
NGA,Nigeria,2013,FS.AST.PRVT.GD.ZS,11.5332149415284
NGA,Nigeria,2012,FS.AST.PRVT.GD.ZS,10.6047037712344
NGA,Nigeria,2011,FS.AST.PRVT.GD.ZS,11.0436296114106
NGA,Nigeria,2010,FS.AST.PRVT.GD.ZS,13.490742840586
NGA,Nigeria,2009,FS.AST.PRVT.GD.ZS,19.6256016608172
NGA,Nigeria,2008,FS.AST.PRVT.GD.ZS,18.6330147009187
NGA,Nigeria,2007,FS.AST.PRVT.GD.ZS,13.7970169332616
NGA,Nigeria,2006,FS.AST.PRVT.GD.ZS,8.12036045279147
NGA,Nigeria,2005,FS.AST.PRVT.GD.ZS,8.43509526303227
MKD,North Macedonia,2025,FS.AST.PRVT.GD.ZS,56.3082893858424
MKD,North Macedonia,2024,FS.AST.PRVT.GD.ZS,53.9235256635379
MKD,North Macedonia,2023,FS.AST.PRVT.GD.ZS,52.0359306568315
MKD,North Macedonia,2022,FS.AST.PRVT.GD.ZS,54.2953220350027
MKD,North Macedonia,2021,FS.AST.PRVT.GD.ZS,55.501013341123
MKD,North Macedonia,2020,FS.AST.PRVT.GD.ZS,55.7466286882264
MKD,North Macedonia,2019,FS.AST.PRVT.GD.ZS,51.2679656532734
MKD,North Macedonia,2018,FS.AST.PRVT.GD.ZS,50.2444525582772
MKD,North Macedonia,2017,FS.AST.PRVT.GD.ZS,49.8844792422858
MKD,North Macedonia,2016,FS.AST.PRVT.GD.ZS,48.9780058468049
MKD,North Macedonia,2015,FS.AST.PRVT.GD.ZS,52.0320364694667
MKD,North Macedonia,2014,FS.AST.PRVT.GD.ZS,50.513553958547
MKD,North Macedonia,2013,FS.AST.PRVT.GD.ZS,47.6490949146214
MKD,North Macedonia,2012,FS.AST.PRVT.GD.ZS,48.1121966084921
NOR,Norway,2024,FS.AST.PRVT.GD.ZS,124.389621734823
NOR,Norway,2023,FS.AST.PRVT.GD.ZS,122.547913892885
NOR,Norway,2022,FS.AST.PRVT.GD.ZS,106.520483872462
NOR,Norway,2021,FS.AST.PRVT.GD.ZS,132.758587980699
NOR,Norway,2020,FS.AST.PRVT.GD.ZS,157.281621104093
NOR,Norway,2019,FS.AST.PRVT.GD.ZS,143.92944148092
NOR,Norway,2018,FS.AST.PRVT.GD.ZS,137.85248031888
NOR,Norway,2017,FS.AST.PRVT.GD.ZS,140.397520875081
NOR,Norway,2016,FS.AST.PRVT.GD.ZS,140.308909282125
NOR,Norway,2015,FS.AST.PRVT.GD.ZS,133.532555694519
NOR,Norway,2014,FS.AST.PRVT.GD.ZS,124.741169746009
NOR,Norway,2013,FS.AST.PRVT.GD.ZS,120.963533911474
NOR,Norway,2012,FS.AST.PRVT.GD.ZS,119.808653635254
NOR,Norway,2011,FS.AST.PRVT.GD.ZS,122.173845430759
NOR,Norway,2010,FS.AST.PRVT.GD.ZS,125.004285340527
NOR,Norway,2009,FS.AST.PRVT.GD.ZS,125.05621856734
NOR,Norway,2008,FS.AST.PRVT.GD.ZS,117.443378580389
NOR,Norway,2007,FS.AST.PRVT.GD.ZS,105.706589717053
NOR,Norway,2006,FS.AST.PRVT.GD.ZS,96.360780866271
NOR,Norway,2005,FS.AST.PRVT.GD.ZS,106.084835761946
OMN,Oman,2024,FS.AST.PRVT.GD.ZS,63.2077225919943
OMN,Oman,2023,FS.AST.PRVT.GD.ZS,59.7528169989934
OMN,Oman,2022,FS.AST.PRVT.GD.ZS,55.7897704553203
OMN,Oman,2021,FS.AST.PRVT.GD.ZS,68.18634950316
OMN,Oman,2020,FS.AST.PRVT.GD.ZS,76.5893899420196
OMN,Oman,2019,FS.AST.PRVT.GD.ZS,65.1353364973981
OMN,Oman,2018,FS.AST.PRVT.GD.ZS,61.0721758896089
OMN,Oman,2017,FS.AST.PRVT.GD.ZS,65.9487621150617
OMN,Oman,2016,FS.AST.PRVT.GD.ZS,66.6702330425451
OMN,Oman,2015,FS.AST.PRVT.GD.ZS,58.1721127566142
OMN,Oman,2014,FS.AST.PRVT.GD.ZS,40.9964363798579
OMN,Oman,2013,FS.AST.PRVT.GD.ZS,37.8101763629108
OMN,Oman,2012,FS.AST.PRVT.GD.ZS,36.8201690395642
OMN,Oman,2011,FS.AST.PRVT.GD.ZS,36.1030456409534
OMN,Oman,2010,FS.AST.PRVT.GD.ZS,38.2119108803521
OMN,Oman,2009,FS.AST.PRVT.GD.ZS,40.7469449022376
OMN,Oman,2008,FS.AST.PRVT.GD.ZS,30.6458183525274
OMN,Oman,2007,FS.AST.PRVT.GD.ZS,30.9764844412137
OMN,Oman,2006,FS.AST.PRVT.GD.ZS,26.8602293065219
OMN,Oman,2005,FS.AST.PRVT.GD.ZS,26.830213002842
PAK,Pakistan,2025,FS.AST.PRVT.GD.ZS,10.7268246496695
PAK,Pakistan,2024,FS.AST.PRVT.GD.ZS,11.46061956354
PAK,Pakistan,2023,FS.AST.PRVT.GD.ZS,12.0203955111754
PAK,Pakistan,2022,FS.AST.PRVT.GD.ZS,14.8383242381905
PAK,Pakistan,2021,FS.AST.PRVT.GD.ZS,15.3401397751102
PAK,Pakistan,2020,FS.AST.PRVT.GD.ZS,15.0331201291201
PAK,Pakistan,2019,FS.AST.PRVT.GD.ZS,15.6879858068791
PAK,Pakistan,2018,FS.AST.PRVT.GD.ZS,16.6323511145142
PAK,Pakistan,2017,FS.AST.PRVT.GD.ZS,15.3138129313571
PAK,Pakistan,2016,FS.AST.PRVT.GD.ZS,14.6822491291274
PAK,Pakistan,2015,FS.AST.PRVT.GD.ZS,13.8776720604833
PAK,Pakistan,2014,FS.AST.PRVT.GD.ZS,14.0363434269816
PAK,Pakistan,2013,FS.AST.PRVT.GD.ZS,14.4059591371388
PAK,Pakistan,2012,FS.AST.PRVT.GD.ZS,15.1977662090047
PAK,Pakistan,2011,FS.AST.PRVT.GD.ZS,16.7900431014259
PAK,Pakistan,2010,FS.AST.PRVT.GD.ZS,19.2854383363833
PAK,Pakistan,2009,FS.AST.PRVT.GD.ZS,20.3957768107606
PAK,Pakistan,2008,FS.AST.PRVT.GD.ZS,24.1685851810671
PAK,Pakistan,2007,FS.AST.PRVT.GD.ZS,23.0416390892532
PAK,Pakistan,2006,FS.AST.PRVT.GD.ZS,22.7683134071852
PAK,Pakistan,2005,FS.AST.PRVT.GD.ZS,21.6016814942981
PAN,Panama,2020,FS.AST.PRVT.GD.ZS,100.153891550374
PAN,Panama,2019,FS.AST.PRVT.GD.ZS,83.3265567451258
PAN,Panama,2018,FS.AST.PRVT.GD.ZS,83.9514799369508
PAN,Panama,2017,FS.AST.PRVT.GD.ZS,84.4380104348195
PAN,Panama,2016,FS.AST.PRVT.GD.ZS,84.1908718597278
PAN,Panama,2015,FS.AST.PRVT.GD.ZS,82.9324277346101
PAN,Panama,2014,FS.AST.PRVT.GD.ZS,80.8728229135061
PAN,Panama,2013,FS.AST.PRVT.GD.ZS,65.4374135780348
PAN,Panama,2012,FS.AST.PRVT.GD.ZS,79.5923009811289
PAN,Panama,2011,FS.AST.PRVT.GD.ZS,80.3174014231941
PAN,Panama,2010,FS.AST.PRVT.GD.ZS,82.0699638901572
PNG,Papua New Guinea,2024,FS.AST.PRVT.GD.ZS,16.2934964633047
PNG,Papua New Guinea,2023,FS.AST.PRVT.GD.ZS,16.5136999779875
PNG,Papua New Guinea,2022,FS.AST.PRVT.GD.ZS,15.0426686602989
PNG,Papua New Guinea,2021,FS.AST.PRVT.GD.ZS,17.4069077488704
PNG,Papua New Guinea,2020,FS.AST.PRVT.GD.ZS,18.8149812506172
PNG,Papua New Guinea,2019,FS.AST.PRVT.GD.ZS,18.054669417934
PNG,Papua New Guinea,2018,FS.AST.PRVT.GD.ZS,18.7432134166838
PNG,Papua New Guinea,2017,FS.AST.PRVT.GD.ZS,19.3527551663392
PNG,Papua New Guinea,2016,FS.AST.PRVT.GD.ZS,22.1193452819282
PNG,Papua New Guinea,2015,FS.AST.PRVT.GD.ZS,22.5534509061815
PNG,Papua New Guinea,2014,FS.AST.PRVT.GD.ZS,22.6256429101556
PNG,Papua New Guinea,2013,FS.AST.PRVT.GD.ZS,25.0996039083892
PNG,Papua New Guinea,2012,FS.AST.PRVT.GD.ZS,22.8565539094754
PNG,Papua New Guinea,2011,FS.AST.PRVT.GD.ZS,20.9325128845535
PNG,Papua New Guinea,2010,FS.AST.PRVT.GD.ZS,21.091519972966
PNG,Papua New Guinea,2009,FS.AST.PRVT.GD.ZS,21.7870346979082
PRY,Paraguay,2025,FS.AST.PRVT.GD.ZS,55.7026066319307
PRY,Paraguay,2024,FS.AST.PRVT.GD.ZS,57.0291394487225
PRY,Paraguay,2023,FS.AST.PRVT.GD.ZS,52.2060179155522
PRY,Paraguay,2022,FS.AST.PRVT.GD.ZS,51.0944019230025
PRY,Paraguay,2021,FS.AST.PRVT.GD.ZS,49.4295844129684
PRY,Paraguay,2020,FS.AST.PRVT.GD.ZS,50.6445339195394
PRY,Paraguay,2019,FS.AST.PRVT.GD.ZS,47.6522798387839
PRY,Paraguay,2018,FS.AST.PRVT.GD.ZS,44.5121924181179
PRY,Paraguay,2017,FS.AST.PRVT.GD.ZS,41.075344119837
PRY,Paraguay,2016,FS.AST.PRVT.GD.ZS,41.3557191308076
PRY,Paraguay,2015,FS.AST.PRVT.GD.ZS,43.3496464702998
PRY,Paraguay,2014,FS.AST.PRVT.GD.ZS,38.1381490369685
PRY,Paraguay,2013,FS.AST.PRVT.GD.ZS,34.3778942787922
PRY,Paraguay,2012,FS.AST.PRVT.GD.ZS,31.5463020861537
PRY,Paraguay,2011,FS.AST.PRVT.GD.ZS,28.9522503181962
PRY,Paraguay,2010,FS.AST.PRVT.GD.ZS,25.4241390581724
PRY,Paraguay,2009,FS.AST.PRVT.GD.ZS,21.5814306496874
PRY,Paraguay,2008,FS.AST.PRVT.GD.ZS,18.759698013852
PRY,Paraguay,2007,FS.AST.PRVT.GD.ZS,13.7176649664943
PRY,Paraguay,2006,FS.AST.PRVT.GD.ZS,11.6682860592129
PRY,Paraguay,2005,FS.AST.PRVT.GD.ZS,12.2808884618236
PER,Peru,2024,FS.AST.PRVT.GD.ZS,39.6187196270943
PER,Peru,2023,FS.AST.PRVT.GD.ZS,42.9491111931795
PER,Peru,2022,FS.AST.PRVT.GD.ZS,45.6488442298176
PER,Peru,2021,FS.AST.PRVT.GD.ZS,47.1153342938622
PER,Peru,2020,FS.AST.PRVT.GD.ZS,55.3124099083207
PER,Peru,2019,FS.AST.PRVT.GD.ZS,44.7242368945336
PER,Peru,2018,FS.AST.PRVT.GD.ZS,43.9039424432995
PER,Peru,2017,FS.AST.PRVT.GD.ZS,42.4146143080756
PER,Peru,2016,FS.AST.PRVT.GD.ZS,42.8090253456419
PER,Peru,2015,FS.AST.PRVT.GD.ZS,43.8679314540478
PER,Peru,2014,FS.AST.PRVT.GD.ZS,40.8996268175973
PER,Peru,2013,FS.AST.PRVT.GD.ZS,37.7199291764532
PER,Peru,2012,FS.AST.PRVT.GD.ZS,34.0437468209084
PER,Peru,2011,FS.AST.PRVT.GD.ZS,32.3092275000503
PER,Peru,2010,FS.AST.PRVT.GD.ZS,30.261687153432
PER,Peru,2009,FS.AST.PRVT.GD.ZS,30.0145290325562
PER,Peru,2008,FS.AST.PRVT.GD.ZS,29.7639607500021
PER,Peru,2007,FS.AST.PRVT.GD.ZS,24.6070736917389
PER,Peru,2006,FS.AST.PRVT.GD.ZS,20.8131640208248
PER,Peru,2005,FS.AST.PRVT.GD.ZS,19.066421608863
PHL,Philippines,2025,FS.AST.PRVT.GD.ZS,52.1093952249199
PHL,Philippines,2024,FS.AST.PRVT.GD.ZS,49.8449977717705
PHL,Philippines,2023,FS.AST.PRVT.GD.ZS,48.3110407107995
PHL,Philippines,2022,FS.AST.PRVT.GD.ZS,48.8730299164324
PHL,Philippines,2021,FS.AST.PRVT.GD.ZS,49.9413249106511
PHL,Philippines,2020,FS.AST.PRVT.GD.ZS,52.0356914003601
PHL,Philippines,2019,FS.AST.PRVT.GD.ZS,47.9736686643137
PHL,Philippines,2018,FS.AST.PRVT.GD.ZS,47.5627907969006
PHL,Philippines,2017,FS.AST.PRVT.GD.ZS,45.6051977878358
PHL,Philippines,2016,FS.AST.PRVT.GD.ZS,42.8645179928199
PHL,Philippines,2015,FS.AST.PRVT.GD.ZS,39.9037835751424
PHL,Philippines,2014,FS.AST.PRVT.GD.ZS,37.5782838049623
PHL,Philippines,2013,FS.AST.PRVT.GD.ZS,34.3357279070115
PHL,Philippines,2012,FS.AST.PRVT.GD.ZS,31.9053759841345
PHL,Philippines,2011,FS.AST.PRVT.GD.ZS,30.497639750655
PHL,Philippines,2010,FS.AST.PRVT.GD.ZS,28.3324788107778
PHL,Philippines,2009,FS.AST.PRVT.GD.ZS,27.8966684153138
PHL,Philippines,2008,FS.AST.PRVT.GD.ZS,27.8760610609157
PHL,Philippines,2007,FS.AST.PRVT.GD.ZS,27.6390233179632
PHL,Philippines,2006,FS.AST.PRVT.GD.ZS,27.4706949162292
PHL,Philippines,2005,FS.AST.PRVT.GD.ZS,27.8965736381251
POL,Poland,2024,FS.AST.PRVT.GD.ZS,33.5857900188097
POL,Poland,2023,FS.AST.PRVT.GD.ZS,34.7075227346327
POL,Poland,2022,FS.AST.PRVT.GD.ZS,39.3159295032007
POL,Poland,2021,FS.AST.PRVT.GD.ZS,45.7278891219221
POL,Poland,2020,FS.AST.PRVT.GD.ZS,49.2665185159479
POL,Poland,2019,FS.AST.PRVT.GD.ZS,50.2277295457207
POL,Poland,2018,FS.AST.PRVT.GD.ZS,51.8969895049653
POL,Poland,2017,FS.AST.PRVT.GD.ZS,52.27429793934
POL,Poland,2016,FS.AST.PRVT.GD.ZS,54.3456987288045
POL,Poland,2015,FS.AST.PRVT.GD.ZS,53.314886900933
POL,Poland,2014,FS.AST.PRVT.GD.ZS,52.623549823882
POL,Poland,2013,FS.AST.PRVT.GD.ZS,51.6642772358478
POL,Poland,2012,FS.AST.PRVT.GD.ZS,50.3251056254246
POL,Poland,2011,FS.AST.PRVT.GD.ZS,51.483789287918
POL,Poland,2010,FS.AST.PRVT.GD.ZS,48.8721256893143
POL,Poland,2009,FS.AST.PRVT.GD.ZS,46.9151175740235
POL,Poland,2008,FS.AST.PRVT.GD.ZS,47.1055525375866
POL,Poland,2007,FS.AST.PRVT.GD.ZS,37.0571618338196
POL,Poland,2006,FS.AST.PRVT.GD.ZS,31.0991032956795
POL,Poland,2005,FS.AST.PRVT.GD.ZS,27.0410644190586
PRT,Portugal,2024,FS.AST.PRVT.GD.ZS,77.118172685653
PRT,Portugal,2023,FS.AST.PRVT.GD.ZS,80.2271063662543
PRT,Portugal,2022,FS.AST.PRVT.GD.ZS,89.4563111808935
PRT,Portugal,2021,FS.AST.PRVT.GD.ZS,98.848509456936
PRT,Portugal,2020,FS.AST.PRVT.GD.ZS,104.074185342131
PRT,Portugal,2019,FS.AST.PRVT.GD.ZS,93.35554945374
PRT,Portugal,2018,FS.AST.PRVT.GD.ZS,97.0963051936704
PRT,Portugal,2017,FS.AST.PRVT.GD.ZS,102.855290609028
PRT,Portugal,2016,FS.AST.PRVT.GD.ZS,111.328568595891
PRT,Portugal,2015,FS.AST.PRVT.GD.ZS,120.048513231382
PRT,Portugal,2014,FS.AST.PRVT.GD.ZS,129.651173714521
PRT,Portugal,2013,FS.AST.PRVT.GD.ZS,142.933688214656
PRT,Portugal,2012,FS.AST.PRVT.GD.ZS,152.728675156307
PRT,Portugal,2011,FS.AST.PRVT.GD.ZS,156.062341019849
PRT,Portugal,2010,FS.AST.PRVT.GD.ZS,155.388888349273
PRT,Portugal,2009,FS.AST.PRVT.GD.ZS,159.861301937173
PRT,Portugal,2008,FS.AST.PRVT.GD.ZS,151.481176609982
PRT,Portugal,2007,FS.AST.PRVT.GD.ZS,142.235675042564
PRT,Portugal,2006,FS.AST.PRVT.GD.ZS,133.41295217927
PRT,Portugal,2005,FS.AST.PRVT.GD.ZS,124.773021846414
QAT,Qatar,2025,FS.AST.PRVT.GD.ZS,126.754580015982
QAT,Qatar,2024,FS.AST.PRVT.GD.ZS,120.965896493385
QAT,Qatar,2023,FS.AST.PRVT.GD.ZS,118.075783234072
QAT,Qatar,2022,FS.AST.PRVT.GD.ZS,101.083984278189
QAT,Qatar,2021,FS.AST.PRVT.GD.ZS,123.316618339598
QAT,Qatar,2020,FS.AST.PRVT.GD.ZS,138.857842947295
QAT,Qatar,2019,FS.AST.PRVT.GD.ZS,100.636146762775
QAT,Qatar,2018,FS.AST.PRVT.GD.ZS,80.4368398170897
QAT,Qatar,2017,FS.AST.PRVT.GD.ZS,80.0817007882657
QAT,Qatar,2016,FS.AST.PRVT.GD.ZS,79.7605885769573
QAT,Qatar,2015,FS.AST.PRVT.GD.ZS,70.8424801221283
QAT,Qatar,2014,FS.AST.PRVT.GD.ZS,46.096808613041
QAT,Qatar,2013,FS.AST.PRVT.GD.ZS,40.0053399938718
QAT,Qatar,2012,FS.AST.PRVT.GD.ZS,37.1284423583344
QAT,Qatar,2011,FS.AST.PRVT.GD.ZS,39.7530248795648
QAT,Qatar,2010,FS.AST.PRVT.GD.ZS,44.7018151478225
QAT,Qatar,2009,FS.AST.PRVT.GD.ZS,51.7351086840494
QAT,Qatar,2008,FS.AST.PRVT.GD.ZS,40.8012827051685
QAT,Qatar,2007,FS.AST.PRVT.GD.ZS,41.576984053131
QAT,Qatar,2006,FS.AST.PRVT.GD.ZS,35.9974581586654
QAT,Qatar,2005,FS.AST.PRVT.GD.ZS,33.7215866396037
ROU,Romania,2025,FS.AST.PRVT.GD.ZS,22.0718036114915
ROU,Romania,2024,FS.AST.PRVT.GD.ZS,22.7281195412098
ROU,Romania,2023,FS.AST.PRVT.GD.ZS,23.2502304421426
ROU,Romania,2022,FS.AST.PRVT.GD.ZS,25.2220369814974
ROU,Romania,2021,FS.AST.PRVT.GD.ZS,26.4890320985714
ROU,Romania,2020,FS.AST.PRVT.GD.ZS,25.8547218167581
ROU,Romania,2019,FS.AST.PRVT.GD.ZS,24.71556311196
ROU,Romania,2018,FS.AST.PRVT.GD.ZS,25.6917391714929
ROU,Romania,2017,FS.AST.PRVT.GD.ZS,26.6684604630278
ROU,Romania,2016,FS.AST.PRVT.GD.ZS,28.5586243050561
ROU,Romania,2015,FS.AST.PRVT.GD.ZS,29.9038145680168
ROU,Romania,2014,FS.AST.PRVT.GD.ZS,31.085760270442
ROU,Romania,2013,FS.AST.PRVT.GD.ZS,34.1696505303704
ROU,Romania,2012,FS.AST.PRVT.GD.ZS,35.9605697947908
ROU,Romania,2011,FS.AST.PRVT.GD.ZS,37.4326073949952
ROU,Romania,2010,FS.AST.PRVT.GD.ZS,38.2860073711137
ROU,Romania,2009,FS.AST.PRVT.GD.ZS,37.0085626096682
ROU,Romania,2008,FS.AST.PRVT.GD.ZS,35.9149171389437
ROU,Romania,2007,FS.AST.PRVT.GD.ZS,33.9999546690076
ROU,Romania,2006,FS.AST.PRVT.GD.ZS,26.005425621115
ROU,Romania,2005,FS.AST.PRVT.GD.ZS,20.0582548606141
RUS,Russian Federation,2021,FS.AST.PRVT.GD.ZS,54.6422447762479
RUS,Russian Federation,2020,FS.AST.PRVT.GD.ZS,59.5836264990744
RUS,Russian Federation,2019,FS.AST.PRVT.GD.ZS,52.5614289246344
RUS,Russian Federation,2018,FS.AST.PRVT.GD.ZS,51.2433106717876
RUS,Russian Federation,2017,FS.AST.PRVT.GD.ZS,52.0765975053134
RUS,Russian Federation,2016,FS.AST.PRVT.GD.ZS,53.1024738337766
RUS,Russian Federation,2015,FS.AST.PRVT.GD.ZS,55.9520226893608
RUS,Russian Federation,2014,FS.AST.PRVT.GD.ZS,54.8322798937112
RUS,Russian Federation,2013,FS.AST.PRVT.GD.ZS,48.0247500537777
RUS,Russian Federation,2012,FS.AST.PRVT.GD.ZS,43.9139602428073
RUS,Russian Federation,2011,FS.AST.PRVT.GD.ZS,41.6986059819676
RUS,Russian Federation,2010,FS.AST.PRVT.GD.ZS,42.8400452491127
RUS,Russian Federation,2009,FS.AST.PRVT.GD.ZS,45.260909297208
RUS,Russian Federation,2008,FS.AST.PRVT.GD.ZS,41.5540438231948
RUS,Russian Federation,2007,FS.AST.PRVT.GD.ZS,37.783577717454
RUS,Russian Federation,2006,FS.AST.PRVT.GD.ZS,30.9419240283111
RUS,Russian Federation,2005,FS.AST.PRVT.GD.ZS,25.9225395243251
RWA,Rwanda,2025,FS.AST.PRVT.GD.ZS,22.0867382294523
RWA,Rwanda,2024,FS.AST.PRVT.GD.ZS,21.3238078981665
RWA,Rwanda,2023,FS.AST.PRVT.GD.ZS,21.6378024625462
RWA,Rwanda,2022,FS.AST.PRVT.GD.ZS,22.1299532676551
RWA,Rwanda,2021,FS.AST.PRVT.GD.ZS,24.951035475528
RWA,Rwanda,2020,FS.AST.PRVT.GD.ZS,24.3039679316864
RWA,Rwanda,2019,FS.AST.PRVT.GD.ZS,21.1137845177269
RWA,Rwanda,2018,FS.AST.PRVT.GD.ZS,21.3727050105642
RWA,Rwanda,2017,FS.AST.PRVT.GD.ZS,20.7932652815292
RWA,Rwanda,2016,FS.AST.PRVT.GD.ZS,20.7096758259056
RWA,Rwanda,2015,FS.AST.PRVT.GD.ZS,21.2400979698114
RWA,Rwanda,2014,FS.AST.PRVT.GD.ZS,17.8667298740274
RWA,Rwanda,2013,FS.AST.PRVT.GD.ZS,16.4386483211969
RWA,Rwanda,2012,FS.AST.PRVT.GD.ZS,15.9559795125482
RWA,Rwanda,2011,FS.AST.PRVT.GD.ZS,13.4264051800974
RWA,Rwanda,2010,FS.AST.PRVT.GD.ZS,11.6289209517341
RWA,Rwanda,2009,FS.AST.PRVT.GD.ZS,11.3018498266274
RWA,Rwanda,2008,FS.AST.PRVT.GD.ZS,13.5187847164106
RWA,Rwanda,2007,FS.AST.PRVT.GD.ZS,12.1907655923558
RWA,Rwanda,2006,FS.AST.PRVT.GD.ZS,11.9327005011458
RWA,Rwanda,2005,FS.AST.PRVT.GD.ZS,10.3108984751212
WSM,Samoa,2025,FS.AST.PRVT.GD.ZS,65.4823099177082
WSM,Samoa,2024,FS.AST.PRVT.GD.ZS,69.9439291757097
WSM,Samoa,2023,FS.AST.PRVT.GD.ZS,74.148912316548
WSM,Samoa,2022,FS.AST.PRVT.GD.ZS,88.9388105226728
WSM,Samoa,2021,FS.AST.PRVT.GD.ZS,94.8929662698081
WSM,Samoa,2020,FS.AST.PRVT.GD.ZS,87.0117425741679
WSM,Samoa,2019,FS.AST.PRVT.GD.ZS,83.2552204336508
WSM,Samoa,2018,FS.AST.PRVT.GD.ZS,81.5490928958181
WSM,Samoa,2017,FS.AST.PRVT.GD.ZS,77.6480471167447
WSM,Samoa,2016,FS.AST.PRVT.GD.ZS,75.6587264027233
WSM,Samoa,2015,FS.AST.PRVT.GD.ZS,72.1232757494908
WSM,Samoa,2014,FS.AST.PRVT.GD.ZS,72.8579015455698
WSM,Samoa,2013,FS.AST.PRVT.GD.ZS,67.8150583119762
WSM,Samoa,2012,FS.AST.PRVT.GD.ZS,65.1250035342188
WSM,Samoa,2011,FS.AST.PRVT.GD.ZS,63.5581420496614
WSM,Samoa,2010,FS.AST.PRVT.GD.ZS,61.9859405414786
WSM,Samoa,2009,FS.AST.PRVT.GD.ZS,57.0443221065739
WSM,Samoa,2008,FS.AST.PRVT.GD.ZS,57.1993974576489
WSM,Samoa,2007,FS.AST.PRVT.GD.ZS,59.3708905878799
STP,Sao Tome and Principe,2023,FS.AST.PRVT.GD.ZS,7.81631512865351
STP,Sao Tome and Principe,2022,FS.AST.PRVT.GD.ZS,12.8517556324548
STP,Sao Tome and Principe,2021,FS.AST.PRVT.GD.ZS,17.688068697072
STP,Sao Tome and Principe,2020,FS.AST.PRVT.GD.ZS,19.8916048546394
STP,Sao Tome and Principe,2019,FS.AST.PRVT.GD.ZS,22.4900353352698
STP,Sao Tome and Principe,2018,FS.AST.PRVT.GD.ZS,24.7710907623132
STP,Sao Tome and Principe,2017,FS.AST.PRVT.GD.ZS,29.4387086522031
STP,Sao Tome and Principe,2016,FS.AST.PRVT.GD.ZS,31.4994056021872
STP,Sao Tome and Principe,2015,FS.AST.PRVT.GD.ZS,33.2568293234458
STP,Sao Tome and Principe,2014,FS.AST.PRVT.GD.ZS,32.7441700381867
STP,Sao Tome and Principe,2013,FS.AST.PRVT.GD.ZS,36.3258991131174
STP,Sao Tome and Principe,2012,FS.AST.PRVT.GD.ZS,41.003161256906
STP,Sao Tome and Principe,2011,FS.AST.PRVT.GD.ZS,39.7466623532112
STP,Sao Tome and Principe,2010,FS.AST.PRVT.GD.ZS,39.1859416288133
STP,Sao Tome and Principe,2009,FS.AST.PRVT.GD.ZS,32.6962257784767
STP,Sao Tome and Principe,2008,FS.AST.PRVT.GD.ZS,27.6258018632268
STP,Sao Tome and Principe,2007,FS.AST.PRVT.GD.ZS,30.7928682115687
STP,Sao Tome and Principe,2006,FS.AST.PRVT.GD.ZS,26.1198803251185
STP,Sao Tome and Principe,2005,FS.AST.PRVT.GD.ZS,22.229377388692
SAU,Saudi Arabia,2017,FS.AST.PRVT.GD.ZS,50.1375935809361
SAU,Saudi Arabia,2016,FS.AST.PRVT.GD.ZS,54.375771847036
SAU,Saudi Arabia,2015,FS.AST.PRVT.GD.ZS,52.7601798097453
SAU,Saudi Arabia,2014,FS.AST.PRVT.GD.ZS,42.5570781320296
SAU,Saudi Arabia,2013,FS.AST.PRVT.GD.ZS,39.0113411908332
SAU,Saudi Arabia,2012,FS.AST.PRVT.GD.ZS,35.5685109967177
SAU,Saudi Arabia,2011,FS.AST.PRVT.GD.ZS,33.6286944686693
SAU,Saudi Arabia,2010,FS.AST.PRVT.GD.ZS,39.1641936148322
SAU,Saudi Arabia,2009,FS.AST.PRVT.GD.ZS,45.6298013133911
SAU,Saudi Arabia,2008,FS.AST.PRVT.GD.ZS,37.6843188466467
SAU,Saudi Arabia,2007,FS.AST.PRVT.GD.ZS,37.071588765142
SAU,Saudi Arabia,2006,FS.AST.PRVT.GD.ZS,33.7245867667594
SAU,Saudi Arabia,2005,FS.AST.PRVT.GD.ZS,35.4189179790554
SEN,Senegal,2025,FS.AST.PRVT.GD.ZS,30.8840419671112
SEN,Senegal,2024,FS.AST.PRVT.GD.ZS,29.8119196212555
SEN,Senegal,2023,FS.AST.PRVT.GD.ZS,31.4479822503341
SEN,Senegal,2022,FS.AST.PRVT.GD.ZS,32.1820145714257
SEN,Senegal,2021,FS.AST.PRVT.GD.ZS,29.9015680025233
SEN,Senegal,2020,FS.AST.PRVT.GD.ZS,29.306753974363
SEN,Senegal,2019,FS.AST.PRVT.GD.ZS,29.516665832367
SEN,Senegal,2018,FS.AST.PRVT.GD.ZS,29.5516165860052
SEN,Senegal,2017,FS.AST.PRVT.GD.ZS,29.7093467378683
SEN,Senegal,2016,FS.AST.PRVT.GD.ZS,27.7982798735302
SEN,Senegal,2015,FS.AST.PRVT.GD.ZS,27.3046862692017
SEN,Senegal,2014,FS.AST.PRVT.GD.ZS,27.3169375684194
SEN,Senegal,2013,FS.AST.PRVT.GD.ZS,26.3165131362676
SEN,Senegal,2012,FS.AST.PRVT.GD.ZS,24.4324813772449
SEN,Senegal,2011,FS.AST.PRVT.GD.ZS,23.8744426736655
SEN,Senegal,2010,FS.AST.PRVT.GD.ZS,21.3137479203656
SEN,Senegal,2009,FS.AST.PRVT.GD.ZS,19.4173530538773
SEN,Senegal,2008,FS.AST.PRVT.GD.ZS,18.8654140228838
SEN,Senegal,2007,FS.AST.PRVT.GD.ZS,16.1945509457157
SEN,Senegal,2006,FS.AST.PRVT.GD.ZS,15.7726987789924
SEN,Senegal,2005,FS.AST.PRVT.GD.ZS,15.6269414988724
SRB,Serbia,2025,FS.AST.PRVT.GD.ZS,35.3619044689385
SRB,Serbia,2024,FS.AST.PRVT.GD.ZS,32.6365244902661
SRB,Serbia,2023,FS.AST.PRVT.GD.ZS,33.044281917872
SRB,Serbia,2022,FS.AST.PRVT.GD.ZS,38.3866557415795
SRB,Serbia,2021,FS.AST.PRVT.GD.ZS,41.4324145562729
SRB,Serbia,2020,FS.AST.PRVT.GD.ZS,43.4490578103864
SRB,Serbia,2019,FS.AST.PRVT.GD.ZS,40.1665718331813
SRB,Serbia,2018,FS.AST.PRVT.GD.ZS,39.7209777742175
SRB,Serbia,2017,FS.AST.PRVT.GD.ZS,38.7133440067721
SRB,Serbia,2016,FS.AST.PRVT.GD.ZS,39.4038438717395
SRB,Serbia,2015,FS.AST.PRVT.GD.ZS,39.02912480491
SRB,Serbia,2014,FS.AST.PRVT.GD.ZS,39.0904356774546
SRB,Serbia,2013,FS.AST.PRVT.GD.ZS,39.3038448195601
SRB,Serbia,2012,FS.AST.PRVT.GD.ZS,44.7225076038649
SRB,Serbia,2011,FS.AST.PRVT.GD.ZS,43.1230214909877
SRB,Serbia,2010,FS.AST.PRVT.GD.ZS,45.3256409035753
SRB,Serbia,2009,FS.AST.PRVT.GD.ZS,38.6174659825616
SRB,Serbia,2008,FS.AST.PRVT.GD.ZS,35.4409708807337
SRB,Serbia,2007,FS.AST.PRVT.GD.ZS,30.5858150183485
SRB,Serbia,2006,FS.AST.PRVT.GD.ZS,25.6120705706489
SRB,Serbia,2005,FS.AST.PRVT.GD.ZS,25.8089636070395
SYC,Seychelles,2016,FS.AST.PRVT.GD.ZS,24.5166106524244
SYC,Seychelles,2015,FS.AST.PRVT.GD.ZS,24.3497337704834
SYC,Seychelles,2014,FS.AST.PRVT.GD.ZS,24.3504437974192
SYC,Seychelles,2013,FS.AST.PRVT.GD.ZS,21.3672112428035
SYC,Seychelles,2012,FS.AST.PRVT.GD.ZS,20.8600885056372
SYC,Seychelles,2011,FS.AST.PRVT.GD.ZS,22.3906178455983
SYC,Seychelles,2010,FS.AST.PRVT.GD.ZS,24.1552557359059
SYC,Seychelles,2009,FS.AST.PRVT.GD.ZS,19.9920673192168
SYC,Seychelles,2008,FS.AST.PRVT.GD.ZS,27.5236066293084
SYC,Seychelles,2007,FS.AST.PRVT.GD.ZS,23.7891064426077
SYC,Seychelles,2006,FS.AST.PRVT.GD.ZS,21.3959512451102
SYC,Seychelles,2005,FS.AST.PRVT.GD.ZS,23.3799538731127
SLE,Sierra Leone,2025,FS.AST.PRVT.GD.ZS,5.50423771694193
SLE,Sierra Leone,2024,FS.AST.PRVT.GD.ZS,3.96782641222454
SLE,Sierra Leone,2023,FS.AST.PRVT.GD.ZS,3.23642146039244
SLE,Sierra Leone,2022,FS.AST.PRVT.GD.ZS,3.53787339542719
SLE,Sierra Leone,2021,FS.AST.PRVT.GD.ZS,4.22614923192413
SLE,Sierra Leone,2020,FS.AST.PRVT.GD.ZS,3.61989140511963
SLE,Sierra Leone,2019,FS.AST.PRVT.GD.ZS,3.85964994703396
SLE,Sierra Leone,2018,FS.AST.PRVT.GD.ZS,3.64060322537035
SLE,Sierra Leone,2017,FS.AST.PRVT.GD.ZS,3.32767662198057
SLE,Sierra Leone,2016,FS.AST.PRVT.GD.ZS,3.51808121980782
SLE,Sierra Leone,2015,FS.AST.PRVT.GD.ZS,3.34736817264329
SLE,Sierra Leone,2014,FS.AST.PRVT.GD.ZS,3.19014735484619
SLE,Sierra Leone,2013,FS.AST.PRVT.GD.ZS,3.12773073712043
SLE,Sierra Leone,2012,FS.AST.PRVT.GD.ZS,3.41408221065244
SLE,Sierra Leone,2011,FS.AST.PRVT.GD.ZS,4.64030943290693
SLE,Sierra Leone,2010,FS.AST.PRVT.GD.ZS,4.73162828499164
SLE,Sierra Leone,2009,FS.AST.PRVT.GD.ZS,5.10499215021143
SLE,Sierra Leone,2008,FS.AST.PRVT.GD.ZS,3.35926777488606
SLE,Sierra Leone,2007,FS.AST.PRVT.GD.ZS,2.57102263810254
SLE,Sierra Leone,2006,FS.AST.PRVT.GD.ZS,1.95445378938047
SLE,Sierra Leone,2005,FS.AST.PRVT.GD.ZS,2.16953030664871
SGP,Singapore,2020,FS.AST.PRVT.GD.ZS,128.43285830434
SGP,Singapore,2019,FS.AST.PRVT.GD.ZS,119.256588972207
SGP,Singapore,2018,FS.AST.PRVT.GD.ZS,117.439858431353
SGP,Singapore,2017,FS.AST.PRVT.GD.ZS,120.442638051885
SGP,Singapore,2016,FS.AST.PRVT.GD.ZS,123.054693783234
SGP,Singapore,2015,FS.AST.PRVT.GD.ZS,122.421353845761
SGP,Singapore,2014,FS.AST.PRVT.GD.ZS,128.129763309946
SGP,Singapore,2013,FS.AST.PRVT.GD.ZS,124.065951568619
SGP,Singapore,2012,FS.AST.PRVT.GD.ZS,112.973543165736
SGP,Singapore,2011,FS.AST.PRVT.GD.ZS,104.703673841577
SGP,Singapore,2010,FS.AST.PRVT.GD.ZS,94.8584026979012
SGP,Singapore,2009,FS.AST.PRVT.GD.ZS,96.8613765494725
SGP,Singapore,2008,FS.AST.PRVT.GD.ZS,97.8643623312414
SGP,Singapore,2007,FS.AST.PRVT.GD.ZS,85.3517596047783
SGP,Singapore,2006,FS.AST.PRVT.GD.ZS,84.2870559979133
SGP,Singapore,2005,FS.AST.PRVT.GD.ZS,89.2233561956159
SVK,Slovak Republic,2024,FS.AST.PRVT.GD.ZS,59.6509018833935
SVK,Slovak Republic,2023,FS.AST.PRVT.GD.ZS,61.4622634277722
SVK,Slovak Republic,2022,FS.AST.PRVT.GD.ZS,66.7389252233433
SVK,Slovak Republic,2021,FS.AST.PRVT.GD.ZS,65.1124824665326
SVK,Slovak Republic,2020,FS.AST.PRVT.GD.ZS,65.647590409826
SVK,Slovak Republic,2019,FS.AST.PRVT.GD.ZS,62.4645072522501
SVK,Slovak Republic,2018,FS.AST.PRVT.GD.ZS,61.4419464182066
SVK,Slovak Republic,2017,FS.AST.PRVT.GD.ZS,59.8779995896911
SVK,Slovak Republic,2016,FS.AST.PRVT.GD.ZS,56.6716350835336
SVK,Slovak Republic,2015,FS.AST.PRVT.GD.ZS,52.3332827421394
SVK,Slovak Republic,2014,FS.AST.PRVT.GD.ZS,49.5007725734467
SVK,Slovak Republic,2013,FS.AST.PRVT.GD.ZS,47.6850567150792
SVK,Slovak Republic,2012,FS.AST.PRVT.GD.ZS,46.1588560713764
SVK,Slovak Republic,2011,FS.AST.PRVT.GD.ZS,46.0061634074872
SVK,Slovak Republic,2010,FS.AST.PRVT.GD.ZS,44.343508773778
SVK,Slovak Republic,2009,FS.AST.PRVT.GD.ZS,44.9194546305034
SVK,Slovak Republic,2008,FS.AST.PRVT.GD.ZS,40.6976887506674
SVK,Slovak Republic,2007,FS.AST.PRVT.GD.ZS,37.3662896469429
SVK,Slovak Republic,2006,FS.AST.PRVT.GD.ZS,33.7617521924944
SVN,Slovenia,2024,FS.AST.PRVT.GD.ZS,35.4165073993057
SVN,Slovenia,2023,FS.AST.PRVT.GD.ZS,36.341915835514
SVN,Slovenia,2022,FS.AST.PRVT.GD.ZS,41.1837741977308
SVN,Slovenia,2021,FS.AST.PRVT.GD.ZS,41.1011816349725
SVN,Slovenia,2020,FS.AST.PRVT.GD.ZS,43.5705752100631
SVN,Slovenia,2019,FS.AST.PRVT.GD.ZS,42.7155413062598
SVN,Slovenia,2018,FS.AST.PRVT.GD.ZS,43.7031144504248
SVN,Slovenia,2017,FS.AST.PRVT.GD.ZS,45.4705282131968
SVN,Slovenia,2016,FS.AST.PRVT.GD.ZS,47.1423210691584
SVN,Slovenia,2015,FS.AST.PRVT.GD.ZS,50.3438324798083
SVN,Slovenia,2014,FS.AST.PRVT.GD.ZS,55.0323999116201
SVN,Slovenia,2013,FS.AST.PRVT.GD.ZS,66.0950404435005
SVN,Slovenia,2012,FS.AST.PRVT.GD.ZS,79.9774795596475
SVN,Slovenia,2011,FS.AST.PRVT.GD.ZS,82.4615147544276
SVN,Slovenia,2010,FS.AST.PRVT.GD.ZS,85.7952635585285
SVN,Slovenia,2009,FS.AST.PRVT.GD.ZS,84.0579308898163
SVN,Slovenia,2008,FS.AST.PRVT.GD.ZS,76.7749948108283
SVN,Slovenia,2007,FS.AST.PRVT.GD.ZS,71.3390529196501
SVN,Slovenia,2006,FS.AST.PRVT.GD.ZS,60.347620855334
SVN,Slovenia,2005,FS.AST.PRVT.GD.ZS,52.6644953790486
SLB,Solomon Islands,2024,FS.AST.PRVT.GD.ZS,33.6944114849329
SLB,Solomon Islands,2023,FS.AST.PRVT.GD.ZS,34.7843621325241
SLB,Solomon Islands,2022,FS.AST.PRVT.GD.ZS,34.7058484961552
SLB,Solomon Islands,2021,FS.AST.PRVT.GD.ZS,32.8265544242241
SLB,Solomon Islands,2020,FS.AST.PRVT.GD.ZS,32.5671298012795
SLB,Solomon Islands,2019,FS.AST.PRVT.GD.ZS,30.7380689311402
SLB,Solomon Islands,2018,FS.AST.PRVT.GD.ZS,30.6970656700723
SLB,Solomon Islands,2017,FS.AST.PRVT.GD.ZS,33.2262826138865
SLB,Solomon Islands,2016,FS.AST.PRVT.GD.ZS,34.2209105536141
SLB,Solomon Islands,2015,FS.AST.PRVT.GD.ZS,33.0139037072347
SLB,Solomon Islands,2014,FS.AST.PRVT.GD.ZS,31.6209576595909
SLB,Solomon Islands,2013,FS.AST.PRVT.GD.ZS,29.3146308858805
SLB,Solomon Islands,2012,FS.AST.PRVT.GD.ZS,19.7202924015181
SLB,Solomon Islands,2011,FS.AST.PRVT.GD.ZS,18.8403653532196
SLB,Solomon Islands,2010,FS.AST.PRVT.GD.ZS,20.5357764962235
SLB,Solomon Islands,2009,FS.AST.PRVT.GD.ZS,23.7690927080514
SLB,Solomon Islands,2008,FS.AST.PRVT.GD.ZS,25.2436264854406
SLB,Solomon Islands,2007,FS.AST.PRVT.GD.ZS,23.2678785730327
SLB,Solomon Islands,2006,FS.AST.PRVT.GD.ZS,18.533202473488
SLB,Solomon Islands,2005,FS.AST.PRVT.GD.ZS,15.397419232815
SOM,"Somalia, Fed. Rep.",2024,FS.AST.PRVT.GD.ZS,5.43098050942767
SOM,"Somalia, Fed. Rep.",2023,FS.AST.PRVT.GD.ZS,5.07180182048566
SOM,"Somalia, Fed. Rep.",2022,FS.AST.PRVT.GD.ZS,3.91177494692927
SOM,"Somalia, Fed. Rep.",2021,FS.AST.PRVT.GD.ZS,3.40272937477728
SOM,"Somalia, Fed. Rep.",2020,FS.AST.PRVT.GD.ZS,2.61476555249078
SOM,"Somalia, Fed. Rep.",2019,FS.AST.PRVT.GD.ZS,2.40775888915885
SOM,"Somalia, Fed. Rep.",2018,FS.AST.PRVT.GD.ZS,2.34877290879434
ZAF,South Africa,2024,FS.AST.PRVT.GD.ZS,89.4476360173443
ZAF,South Africa,2023,FS.AST.PRVT.GD.ZS,89.7117995863871
ZAF,South Africa,2022,FS.AST.PRVT.GD.ZS,91.5697287634873
ZAF,South Africa,2021,FS.AST.PRVT.GD.ZS,93.1963897397387
ZAF,South Africa,2020,FS.AST.PRVT.GD.ZS,109.054691372725
ZAF,South Africa,2019,FS.AST.PRVT.GD.ZS,117.185556861489
ZAF,South Africa,2018,FS.AST.PRVT.GD.ZS,118.380857963487
ZAF,South Africa,2017,FS.AST.PRVT.GD.ZS,127.030283858454
ZAF,South Africa,2016,FS.AST.PRVT.GD.ZS,124.360496111764
ZAF,South Africa,2015,FS.AST.PRVT.GD.ZS,127.203244242731
ZAF,South Africa,2014,FS.AST.PRVT.GD.ZS,128.838374779653
ZAF,South Africa,2013,FS.AST.PRVT.GD.ZS,127.029272479725
ZAF,South Africa,2012,FS.AST.PRVT.GD.ZS,125.167785450237
ZAF,South Africa,2011,FS.AST.PRVT.GD.ZS,118.970675992703
ZAF,South Africa,2010,FS.AST.PRVT.GD.ZS,124.093899905646
ZAF,South Africa,2009,FS.AST.PRVT.GD.ZS,121.094546324717
ZAF,South Africa,2008,FS.AST.PRVT.GD.ZS,125.955880255506
ZAF,South Africa,2007,FS.AST.PRVT.GD.ZS,142.422045511185
ZAF,South Africa,2006,FS.AST.PRVT.GD.ZS,139.007367744321
ZAF,South Africa,2005,FS.AST.PRVT.GD.ZS,122.283168033262
SSD,South Sudan,2025,FS.AST.PRVT.GD.ZS,3.24249880212429
SSD,South Sudan,2024,FS.AST.PRVT.GD.ZS,5.76315463209053
SSD,South Sudan,2023,FS.AST.PRVT.GD.ZS,3.04769880153433
SSD,South Sudan,2022,FS.AST.PRVT.GD.ZS,3.01716131679904
SSD,South Sudan,2021,FS.AST.PRVT.GD.ZS,2.75015423943811
SSD,South Sudan,2020,FS.AST.PRVT.GD.ZS,1.92500455443695
SSD,South Sudan,2019,FS.AST.PRVT.GD.ZS,1.70350480610621
SSD,South Sudan,2018,FS.AST.PRVT.GD.ZS,1.52680961002147
SSD,South Sudan,2017,FS.AST.PRVT.GD.ZS,1.7050712207929
SSD,South Sudan,2016,FS.AST.PRVT.GD.ZS,4.42474874705564
SSD,South Sudan,2015,FS.AST.PRVT.GD.ZS,2.3046060068698
SSD,South Sudan,2014,FS.AST.PRVT.GD.ZS,1.81010943088354
SSD,South Sudan,2013,FS.AST.PRVT.GD.ZS,1.13382804534706
SSD,South Sudan,2012,FS.AST.PRVT.GD.ZS,1.12348529534462
SSD,South Sudan,2011,FS.AST.PRVT.GD.ZS,0.497601393833536
ESP,Spain,2024,FS.AST.PRVT.GD.ZS,74.2192017963659
ESP,Spain,2023,FS.AST.PRVT.GD.ZS,78.3496832939301
ESP,Spain,2022,FS.AST.PRVT.GD.ZS,88.1124065404768
ESP,Spain,2021,FS.AST.PRVT.GD.ZS,98.4256244971566
ESP,Spain,2020,FS.AST.PRVT.GD.ZS,107.572523897153
ESP,Spain,2019,FS.AST.PRVT.GD.ZS,94.4116262931619
ESP,Spain,2018,FS.AST.PRVT.GD.ZS,98.8298869234399
ESP,Spain,2017,FS.AST.PRVT.GD.ZS,105.15698823272
ESP,Spain,2016,FS.AST.PRVT.GD.ZS,110.901834158974
ESP,Spain,2015,FS.AST.PRVT.GD.ZS,118.216890256018
ESP,Spain,2014,FS.AST.PRVT.GD.ZS,129.358996447371
ESP,Spain,2013,FS.AST.PRVT.GD.ZS,145.759575372544
ESP,Spain,2012,FS.AST.PRVT.GD.ZS,157.434331694924
ESP,Spain,2011,FS.AST.PRVT.GD.ZS,167.027107954599
ESP,Spain,2010,FS.AST.PRVT.GD.ZS,171.325123358508
ESP,Spain,2009,FS.AST.PRVT.GD.ZS,173.382324159591
ESP,Spain,2008,FS.AST.PRVT.GD.ZS,170.743020696995
ESP,Spain,2007,FS.AST.PRVT.GD.ZS,167.635941463016
ESP,Spain,2006,FS.AST.PRVT.GD.ZS,156.580256642945
ESP,Spain,2005,FS.AST.PRVT.GD.ZS,135.871253994626
LKA,Sri Lanka,2019,FS.AST.PRVT.GD.ZS,47.0084929449139
LKA,Sri Lanka,2018,FS.AST.PRVT.GD.ZS,46.6984073264081
LKA,Sri Lanka,2017,FS.AST.PRVT.GD.ZS,43.8827525642367
LKA,Sri Lanka,2016,FS.AST.PRVT.GD.ZS,42.4756652877165
LKA,Sri Lanka,2015,FS.AST.PRVT.GD.ZS,39.3818504426548
LKA,Sri Lanka,2014,FS.AST.PRVT.GD.ZS,34.4936288810274
LKA,Sri Lanka,2013,FS.AST.PRVT.GD.ZS,33.539360763445
LKA,Sri Lanka,2012,FS.AST.PRVT.GD.ZS,34.0180437825091
LKA,Sri Lanka,2011,FS.AST.PRVT.GD.ZS,33.7387969525402
LKA,Sri Lanka,2010,FS.AST.PRVT.GD.ZS,24.6842616568486
LKA,Sri Lanka,2009,FS.AST.PRVT.GD.ZS,25.7400301594433
LKA,Sri Lanka,2008,FS.AST.PRVT.GD.ZS,29.5420065164895
LKA,Sri Lanka,2007,FS.AST.PRVT.GD.ZS,34.2395036816845
LKA,Sri Lanka,2006,FS.AST.PRVT.GD.ZS,34.6704920581445
LKA,Sri Lanka,2005,FS.AST.PRVT.GD.ZS,33.0761025922139
KNA,St. Kitts and Nevis,2025,FS.AST.PRVT.GD.ZS,65.0317791637589
KNA,St. Kitts and Nevis,2024,FS.AST.PRVT.GD.ZS,64.3325248725437
KNA,St. Kitts and Nevis,2023,FS.AST.PRVT.GD.ZS,61.7075986050395
KNA,St. Kitts and Nevis,2022,FS.AST.PRVT.GD.ZS,63.0959748816919
KNA,St. Kitts and Nevis,2021,FS.AST.PRVT.GD.ZS,68.1809358662457
KNA,St. Kitts and Nevis,2020,FS.AST.PRVT.GD.ZS,61.5059980977042
KNA,St. Kitts and Nevis,2019,FS.AST.PRVT.GD.ZS,48.5172889900743
KNA,St. Kitts and Nevis,2018,FS.AST.PRVT.GD.ZS,49.170118485695
KNA,St. Kitts and Nevis,2017,FS.AST.PRVT.GD.ZS,49.2745914276904
KNA,St. Kitts and Nevis,2016,FS.AST.PRVT.GD.ZS,51.4686526315015
KNA,St. Kitts and Nevis,2015,FS.AST.PRVT.GD.ZS,53.8785064809441
KNA,St. Kitts and Nevis,2014,FS.AST.PRVT.GD.ZS,52.3613412689151
KNA,St. Kitts and Nevis,2013,FS.AST.PRVT.GD.ZS,55.3580261553056
KNA,St. Kitts and Nevis,2012,FS.AST.PRVT.GD.ZS,59.1834278065739
KNA,St. Kitts and Nevis,2011,FS.AST.PRVT.GD.ZS,58.4331878889898
KNA,St. Kitts and Nevis,2010,FS.AST.PRVT.GD.ZS,60.2166427273679
KNA,St. Kitts and Nevis,2009,FS.AST.PRVT.GD.ZS,58.8446525778029
KNA,St. Kitts and Nevis,2008,FS.AST.PRVT.GD.ZS,55.0816994242226
KNA,St. Kitts and Nevis,2007,FS.AST.PRVT.GD.ZS,54.7394240947412
KNA,St. Kitts and Nevis,2006,FS.AST.PRVT.GD.ZS,51.6980665777737
KNA,St. Kitts and Nevis,2005,FS.AST.PRVT.GD.ZS,54.4590341466716
LCA,St. Lucia,2025,FS.AST.PRVT.GD.ZS,51.7439908538286
LCA,St. Lucia,2024,FS.AST.PRVT.GD.ZS,49.6239781628968
LCA,St. Lucia,2023,FS.AST.PRVT.GD.ZS,50.3883393512759
LCA,St. Lucia,2022,FS.AST.PRVT.GD.ZS,51.5737503392563
LCA,St. Lucia,2021,FS.AST.PRVT.GD.ZS,62.9137173396675
LCA,St. Lucia,2020,FS.AST.PRVT.GD.ZS,77.4424757222479
LCA,St. Lucia,2019,FS.AST.PRVT.GD.ZS,54.096097958605
LCA,St. Lucia,2018,FS.AST.PRVT.GD.ZS,55.9031409378605
LCA,St. Lucia,2017,FS.AST.PRVT.GD.ZS,58.8737129259668
LCA,St. Lucia,2016,FS.AST.PRVT.GD.ZS,64.0454146325026
LCA,St. Lucia,2015,FS.AST.PRVT.GD.ZS,70.9051905184372
LCA,St. Lucia,2014,FS.AST.PRVT.GD.ZS,79.3569492673838
LCA,St. Lucia,2013,FS.AST.PRVT.GD.ZS,89.3881857481274
LCA,St. Lucia,2012,FS.AST.PRVT.GD.ZS,92.844575867407
LCA,St. Lucia,2011,FS.AST.PRVT.GD.ZS,88.1706182402116
LCA,St. Lucia,2010,FS.AST.PRVT.GD.ZS,90.8805128871388
LCA,St. Lucia,2009,FS.AST.PRVT.GD.ZS,93.513750652637
LCA,St. Lucia,2008,FS.AST.PRVT.GD.ZS,88.8712771202775
LCA,St. Lucia,2007,FS.AST.PRVT.GD.ZS,85.6786023151377
LCA,St. Lucia,2006,FS.AST.PRVT.GD.ZS,69.6993904268402
LCA,St. Lucia,2005,FS.AST.PRVT.GD.ZS,62.5332028701892
VCT,St. Vincent and the Grenadines,2025,FS.AST.PRVT.GD.ZS,36.5669056681715
VCT,St. Vincent and the Grenadines,2024,FS.AST.PRVT.GD.ZS,36.6622712404704
VCT,St. Vincent and the Grenadines,2023,FS.AST.PRVT.GD.ZS,39.7035964960761
VCT,St. Vincent and the Grenadines,2022,FS.AST.PRVT.GD.ZS,41.1896765400759
VCT,St. Vincent and the Grenadines,2021,FS.AST.PRVT.GD.ZS,46.2241449010807
VCT,St. Vincent and the Grenadines,2020,FS.AST.PRVT.GD.ZS,47.5178316690442
VCT,St. Vincent and the Grenadines,2019,FS.AST.PRVT.GD.ZS,43.6128218687711
VCT,St. Vincent and the Grenadines,2018,FS.AST.PRVT.GD.ZS,44.4315216799501
VCT,St. Vincent and the Grenadines,2017,FS.AST.PRVT.GD.ZS,46.7070222167615
VCT,St. Vincent and the Grenadines,2016,FS.AST.PRVT.GD.ZS,48.0592826409293
VCT,St. Vincent and the Grenadines,2015,FS.AST.PRVT.GD.ZS,49.4607995479588
VCT,St. Vincent and the Grenadines,2014,FS.AST.PRVT.GD.ZS,49.2545029138621
VCT,St. Vincent and the Grenadines,2013,FS.AST.PRVT.GD.ZS,49.7557907383249
VCT,St. Vincent and the Grenadines,2012,FS.AST.PRVT.GD.ZS,51.4966860941774
VCT,St. Vincent and the Grenadines,2011,FS.AST.PRVT.GD.ZS,50.1952470935014
VCT,St. Vincent and the Grenadines,2010,FS.AST.PRVT.GD.ZS,49.0096361352992
VCT,St. Vincent and the Grenadines,2009,FS.AST.PRVT.GD.ZS,48.5520483734742
VCT,St. Vincent and the Grenadines,2008,FS.AST.PRVT.GD.ZS,46.4055843349388
VCT,St. Vincent and the Grenadines,2007,FS.AST.PRVT.GD.ZS,46.2682260079483
VCT,St. Vincent and the Grenadines,2006,FS.AST.PRVT.GD.ZS,44.611276125957
VCT,St. Vincent and the Grenadines,2005,FS.AST.PRVT.GD.ZS,43.3134565297928
SDN,Sudan,2022,FS.AST.PRVT.GD.ZS,5.63980468495649
SDN,Sudan,2021,FS.AST.PRVT.GD.ZS,6.61986449215035
SDN,Sudan,2020,FS.AST.PRVT.GD.ZS,7.89088716237967
SDN,Sudan,2019,FS.AST.PRVT.GD.ZS,9.17361614121809
SDN,Sudan,2018,FS.AST.PRVT.GD.ZS,9.35475603325025
SDN,Sudan,2017,FS.AST.PRVT.GD.ZS,8.38975613758766
SDN,Sudan,2016,FS.AST.PRVT.GD.ZS,8.21971643252736
SDN,Sudan,2015,FS.AST.PRVT.GD.ZS,8.12473335981359
SDN,Sudan,2014,FS.AST.PRVT.GD.ZS,8.15064686274859
SDN,Sudan,2013,FS.AST.PRVT.GD.ZS,10.5177916679111
SDN,Sudan,2012,FS.AST.PRVT.GD.ZS,11.9423641232484
SDN,Sudan,2011,FS.AST.PRVT.GD.ZS,9.29192166764101
SDN,Sudan,2010,FS.AST.PRVT.GD.ZS,10.5026912651794
SDN,Sudan,2009,FS.AST.PRVT.GD.ZS,11.5585100746323
SDN,Sudan,2008,FS.AST.PRVT.GD.ZS,9.37979082509826
SDN,Sudan,2007,FS.AST.PRVT.GD.ZS,9.81285601767293
SDN,Sudan,2006,FS.AST.PRVT.GD.ZS,11.048116510493
SDN,Sudan,2005,FS.AST.PRVT.GD.ZS,7.8135798471469
SUR,Suriname,2025,FS.AST.PRVT.GD.ZS,20.2666248935701
SUR,Suriname,2024,FS.AST.PRVT.GD.ZS,17.0207142258694
SUR,Suriname,2023,FS.AST.PRVT.GD.ZS,16.5984067841251
SUR,Suriname,2022,FS.AST.PRVT.GD.ZS,19.3784779706784
SUR,Suriname,2021,FS.AST.PRVT.GD.ZS,18.1047543764174
SUR,Suriname,2020,FS.AST.PRVT.GD.ZS,24.2209075589576
SUR,Suriname,2019,FS.AST.PRVT.GD.ZS,23.0940833809237
SUR,Suriname,2018,FS.AST.PRVT.GD.ZS,24.2780778063315
SUR,Suriname,2017,FS.AST.PRVT.GD.ZS,28.2868866474438
SUR,Suriname,2016,FS.AST.PRVT.GD.ZS,36.3293876411773
SUR,Suriname,2015,FS.AST.PRVT.GD.ZS,33.7330206067527
SUR,Suriname,2014,FS.AST.PRVT.GD.ZS,29.730243552903
SUR,Suriname,2013,FS.AST.PRVT.GD.ZS,27.8152813950886
SUR,Suriname,2012,FS.AST.PRVT.GD.ZS,24.1947896158436
SUR,Suriname,2011,FS.AST.PRVT.GD.ZS,23.6572660681081
SUR,Suriname,2010,FS.AST.PRVT.GD.ZS,24.0185392688126
SUR,Suriname,2009,FS.AST.PRVT.GD.ZS,24.4076977224826
SUR,Suriname,2008,FS.AST.PRVT.GD.ZS,23.8646397246909
SUR,Suriname,2007,FS.AST.PRVT.GD.ZS,21.3584594965176
SUR,Suriname,2006,FS.AST.PRVT.GD.ZS,17.4884111348182
SUR,Suriname,2005,FS.AST.PRVT.GD.ZS,19.319818720147
SWE,Sweden,2024,FS.AST.PRVT.GD.ZS,125.28961467527
SWE,Sweden,2023,FS.AST.PRVT.GD.ZS,129.136765656002
SWE,Sweden,2022,FS.AST.PRVT.GD.ZS,136.077652643424
SWE,Sweden,2021,FS.AST.PRVT.GD.ZS,136.797864800213
SWE,Sweden,2020,FS.AST.PRVT.GD.ZS,138.459181444506
SWE,Sweden,2019,FS.AST.PRVT.GD.ZS,131.822474370602
SWE,Sweden,2018,FS.AST.PRVT.GD.ZS,133.266789972115
SWE,Sweden,2017,FS.AST.PRVT.GD.ZS,132.715906095455
SWE,Sweden,2016,FS.AST.PRVT.GD.ZS,129.172366333007
SWE,Sweden,2015,FS.AST.PRVT.GD.ZS,127.51740985919
SWE,Sweden,2014,FS.AST.PRVT.GD.ZS,130.317892577225
SWE,Sweden,2013,FS.AST.PRVT.GD.ZS,131.023007766672
SWE,Sweden,2012,FS.AST.PRVT.GD.ZS,128.741480388616
SWE,Sweden,2011,FS.AST.PRVT.GD.ZS,124.767458149755
SWE,Sweden,2010,FS.AST.PRVT.GD.ZS,123.280099698326
SWE,Sweden,2009,FS.AST.PRVT.GD.ZS,124.563322488407
SWE,Sweden,2008,FS.AST.PRVT.GD.ZS,118.417228475241
SWE,Sweden,2007,FS.AST.PRVT.GD.ZS,111.25228893146
SWE,Sweden,2006,FS.AST.PRVT.GD.ZS,102.724459574807
SWE,Sweden,2005,FS.AST.PRVT.GD.ZS,99.2700350890139
CHE,Switzerland,2016,FS.AST.PRVT.GD.ZS,167.772890998961
CHE,Switzerland,2015,FS.AST.PRVT.GD.ZS,163.923941772786
CHE,Switzerland,2014,FS.AST.PRVT.GD.ZS,161.86455636843
CHE,Switzerland,2013,FS.AST.PRVT.GD.ZS,161.204723861096
CHE,Switzerland,2012,FS.AST.PRVT.GD.ZS,159.565695854112
CHE,Switzerland,2011,FS.AST.PRVT.GD.ZS,153.882471661955
CHE,Switzerland,2010,FS.AST.PRVT.GD.ZS,151.124117500095
CHE,Switzerland,2009,FS.AST.PRVT.GD.ZS,152.589138144841
CHE,Switzerland,2008,FS.AST.PRVT.GD.ZS,143.978771187878
CHE,Switzerland,2007,FS.AST.PRVT.GD.ZS,151.063646993445
CHE,Switzerland,2006,FS.AST.PRVT.GD.ZS,147.92858367262
CHE,Switzerland,2005,FS.AST.PRVT.GD.ZS,144.228510209127
SYR,Syrian Arab Republic,2011,FS.AST.PRVT.GD.ZS,20.7425231347911
SYR,Syrian Arab Republic,2010,FS.AST.PRVT.GD.ZS,21.9364546932851
SYR,Syrian Arab Republic,2009,FS.AST.PRVT.GD.ZS,19.6374605263729
SYR,Syrian Arab Republic,2008,FS.AST.PRVT.GD.ZS,17.5381740227376
SYR,Syrian Arab Republic,2007,FS.AST.PRVT.GD.ZS,15.0849833633184
SYR,Syrian Arab Republic,2006,FS.AST.PRVT.GD.ZS,14.6985478944237
SYR,Syrian Arab Republic,2005,FS.AST.PRVT.GD.ZS,14.7646416207772
TJK,Tajikistan,2023,FS.AST.PRVT.GD.ZS,12.2229106929242
TJK,Tajikistan,2022,FS.AST.PRVT.GD.ZS,10.4170792945354
TJK,Tajikistan,2021,FS.AST.PRVT.GD.ZS,10.3441984160481
TJK,Tajikistan,2020,FS.AST.PRVT.GD.ZS,13.0320029655913
TJK,Tajikistan,2019,FS.AST.PRVT.GD.ZS,11.582367305732
TJK,Tajikistan,2018,FS.AST.PRVT.GD.ZS,11.9422524363348
TJK,Tajikistan,2017,FS.AST.PRVT.GD.ZS,13.0145857124699
TJK,Tajikistan,2016,FS.AST.PRVT.GD.ZS,19.0962287293006
TJK,Tajikistan,2015,FS.AST.PRVT.GD.ZS,21.5739077641444
TJK,Tajikistan,2014,FS.AST.PRVT.GD.ZS,21.7753617742993
TJK,Tajikistan,2013,FS.AST.PRVT.GD.ZS,18.5414239918311
TJK,Tajikistan,2012,FS.AST.PRVT.GD.ZS,14.6483062804471
TJK,Tajikistan,2011,FS.AST.PRVT.GD.ZS,16.0370433930496
TJK,Tajikistan,2010,FS.AST.PRVT.GD.ZS,14.1705394515504
TJK,Tajikistan,2009,FS.AST.PRVT.GD.ZS,22.8399014199433
TJK,Tajikistan,2008,FS.AST.PRVT.GD.ZS,26.8259020008471
TZA,Tanzania,2024,FS.AST.PRVT.GD.ZS,16.6720456471052
TZA,Tanzania,2023,FS.AST.PRVT.GD.ZS,16.386679568119
TZA,Tanzania,2022,FS.AST.PRVT.GD.ZS,15.1576772705188
TZA,Tanzania,2021,FS.AST.PRVT.GD.ZS,12.9776126678886
TZA,Tanzania,2020,FS.AST.PRVT.GD.ZS,12.4351808144123
TZA,Tanzania,2019,FS.AST.PRVT.GD.ZS,12.6383081530206
TZA,Tanzania,2018,FS.AST.PRVT.GD.ZS,12.7000393990914
TZA,Tanzania,2017,FS.AST.PRVT.GD.ZS,13.0765127755534
TZA,Tanzania,2016,FS.AST.PRVT.GD.ZS,13.670306797678
TZA,Tanzania,2015,FS.AST.PRVT.GD.ZS,14.6135380844234
TZA,Tanzania,2014,FS.AST.PRVT.GD.ZS,13.3037348078978
TZA,Tanzania,2013,FS.AST.PRVT.GD.ZS,12.5373332966711
TZA,Tanzania,2012,FS.AST.PRVT.GD.ZS,12.8184488909643
TZA,Tanzania,2011,FS.AST.PRVT.GD.ZS,12.3549632083654
TZA,Tanzania,2010,FS.AST.PRVT.GD.ZS,11.7182622747407
TZA,Tanzania,2009,FS.AST.PRVT.GD.ZS,11.2673883570686
TZA,Tanzania,2008,FS.AST.PRVT.GD.ZS,11.9110255361168
TZA,Tanzania,2007,FS.AST.PRVT.GD.ZS,11.4689486745392
TZA,Tanzania,2006,FS.AST.PRVT.GD.ZS,9.79002002817653
TZA,Tanzania,2005,FS.AST.PRVT.GD.ZS,7.82538446283459
THA,Thailand,2025,FS.AST.PRVT.GD.ZS,143.08365214331
THA,Thailand,2024,FS.AST.PRVT.GD.ZS,146.295079842162
THA,Thailand,2023,FS.AST.PRVT.GD.ZS,153.81071706352
THA,Thailand,2022,FS.AST.PRVT.GD.ZS,156.437761251145
THA,Thailand,2021,FS.AST.PRVT.GD.ZS,164.142023585507
THA,Thailand,2020,FS.AST.PRVT.GD.ZS,160.17075930508
THA,Thailand,2019,FS.AST.PRVT.GD.ZS,143.369163383068
THA,Thailand,2018,FS.AST.PRVT.GD.ZS,144.088791675771
THA,Thailand,2017,FS.AST.PRVT.GD.ZS,144.640307265206
THA,Thailand,2016,FS.AST.PRVT.GD.ZS,146.223949449025
THA,Thailand,2015,FS.AST.PRVT.GD.ZS,149.373253475137
THA,Thailand,2014,FS.AST.PRVT.GD.ZS,145.564225761056
THA,Thailand,2013,FS.AST.PRVT.GD.ZS,142.363202683937
THA,Thailand,2012,FS.AST.PRVT.GD.ZS,136.230998631992
THA,Thailand,2011,FS.AST.PRVT.GD.ZS,130.672937960862
THA,Thailand,2010,FS.AST.PRVT.GD.ZS,115.747568600026
THA,Thailand,2009,FS.AST.PRVT.GD.ZS,108.983352741424
THA,Thailand,2008,FS.AST.PRVT.GD.ZS,105.75976393767
THA,Thailand,2007,FS.AST.PRVT.GD.ZS,106.362551068585
TLS,Timor-Leste,2025,FS.AST.PRVT.GD.ZS,39.1472446818212
TLS,Timor-Leste,2024,FS.AST.PRVT.GD.ZS,34.793207276323
TLS,Timor-Leste,2023,FS.AST.PRVT.GD.ZS,23.6829884169298
TLS,Timor-Leste,2022,FS.AST.PRVT.GD.ZS,12.7236023678188
TLS,Timor-Leste,2021,FS.AST.PRVT.GD.ZS,8.37597694896471
TLS,Timor-Leste,2020,FS.AST.PRVT.GD.ZS,13.4246473595536
TLS,Timor-Leste,2019,FS.AST.PRVT.GD.ZS,12.9706037510804
TLS,Timor-Leste,2018,FS.AST.PRVT.GD.ZS,16.0577020840641
TLS,Timor-Leste,2017,FS.AST.PRVT.GD.ZS,16.3807808315136
TLS,Timor-Leste,2016,FS.AST.PRVT.GD.ZS,12.6765307828038
TLS,Timor-Leste,2015,FS.AST.PRVT.GD.ZS,13.3223360284941
TLS,Timor-Leste,2014,FS.AST.PRVT.GD.ZS,13.2474807762879
TLS,Timor-Leste,2013,FS.AST.PRVT.GD.ZS,13.0233995012207
TLS,Timor-Leste,2012,FS.AST.PRVT.GD.ZS,13.7916518295126
TLS,Timor-Leste,2011,FS.AST.PRVT.GD.ZS,12.7364753822079
TLS,Timor-Leste,2010,FS.AST.PRVT.GD.ZS,12.4341579491224
TLS,Timor-Leste,2009,FS.AST.PRVT.GD.ZS,14.2433506690669
TLS,Timor-Leste,2008,FS.AST.PRVT.GD.ZS,15.7972671125615
TLS,Timor-Leste,2007,FS.AST.PRVT.GD.ZS,18.5156592649827
TLS,Timor-Leste,2006,FS.AST.PRVT.GD.ZS,24.5618750093655
TLS,Timor-Leste,2005,FS.AST.PRVT.GD.ZS,22.9108889843121
TGO,Togo,2025,FS.AST.PRVT.GD.ZS,22.9996367206573
TGO,Togo,2024,FS.AST.PRVT.GD.ZS,25.3652125489184
TGO,Togo,2023,FS.AST.PRVT.GD.ZS,26.2933878174457
TGO,Togo,2022,FS.AST.PRVT.GD.ZS,26.5747677066157
TGO,Togo,2021,FS.AST.PRVT.GD.ZS,26.2154849445079
TGO,Togo,2020,FS.AST.PRVT.GD.ZS,26.8935131331641
TGO,Togo,2019,FS.AST.PRVT.GD.ZS,27.5921731762732
TGO,Togo,2018,FS.AST.PRVT.GD.ZS,27.8062312207682
TGO,Togo,2017,FS.AST.PRVT.GD.ZS,29.6398768907266
TGO,Togo,2016,FS.AST.PRVT.GD.ZS,30.4171056281322
TGO,Togo,2015,FS.AST.PRVT.GD.ZS,29.1751266271894
TGO,Togo,2014,FS.AST.PRVT.GD.ZS,25.4754223409385
TGO,Togo,2013,FS.AST.PRVT.GD.ZS,27.247557452577
TGO,Togo,2012,FS.AST.PRVT.GD.ZS,21.8767906182223
TGO,Togo,2011,FS.AST.PRVT.GD.ZS,20.0861035551256
TGO,Togo,2010,FS.AST.PRVT.GD.ZS,15.7145169061165
TGO,Togo,2009,FS.AST.PRVT.GD.ZS,14.1762368872065
TGO,Togo,2008,FS.AST.PRVT.GD.ZS,13.6233156636954
TGO,Togo,2007,FS.AST.PRVT.GD.ZS,16.1657346509353
TGO,Togo,2006,FS.AST.PRVT.GD.ZS,11.2450790183166
TGO,Togo,2005,FS.AST.PRVT.GD.ZS,10.1595456202613
TON,Tonga,2025,FS.AST.PRVT.GD.ZS,34.1086238020897
TON,Tonga,2024,FS.AST.PRVT.GD.ZS,34.7987340574789
TON,Tonga,2023,FS.AST.PRVT.GD.ZS,35.6521961008377
TON,Tonga,2022,FS.AST.PRVT.GD.ZS,35.9655059103628
TON,Tonga,2021,FS.AST.PRVT.GD.ZS,36.3990643515112
TON,Tonga,2020,FS.AST.PRVT.GD.ZS,37.8225155718251
TON,Tonga,2019,FS.AST.PRVT.GD.ZS,38.2103371509788
TON,Tonga,2018,FS.AST.PRVT.GD.ZS,39.3003547760557
TON,Tonga,2017,FS.AST.PRVT.GD.ZS,38.0234937564259
TON,Tonga,2016,FS.AST.PRVT.GD.ZS,37.3893358647755
TON,Tonga,2015,FS.AST.PRVT.GD.ZS,34.0432314911746
TON,Tonga,2014,FS.AST.PRVT.GD.ZS,31.4960596293347
TON,Tonga,2013,FS.AST.PRVT.GD.ZS,30.6048722313723
TON,Tonga,2012,FS.AST.PRVT.GD.ZS,30.5928191254486
TON,Tonga,2011,FS.AST.PRVT.GD.ZS,33.0058540853059
TON,Tonga,2010,FS.AST.PRVT.GD.ZS,39.9212043564535
TON,Tonga,2009,FS.AST.PRVT.GD.ZS,48.0063486470451
TON,Tonga,2008,FS.AST.PRVT.GD.ZS,52.2729543044676
TON,Tonga,2007,FS.AST.PRVT.GD.ZS,55.0752205750382
TON,Tonga,2006,FS.AST.PRVT.GD.ZS,48.2297487246819
TON,Tonga,2005,FS.AST.PRVT.GD.ZS,52.8295328320472
TTO,Trinidad and Tobago,2025,FS.AST.PRVT.GD.ZS,50.3623144692795
TTO,Trinidad and Tobago,2024,FS.AST.PRVT.GD.ZS,48.3766326687665
TTO,Trinidad and Tobago,2023,FS.AST.PRVT.GD.ZS,45.529190336265
TTO,Trinidad and Tobago,2022,FS.AST.PRVT.GD.ZS,37.1271998467827
TTO,Trinidad and Tobago,2021,FS.AST.PRVT.GD.ZS,40.7829583273103
TTO,Trinidad and Tobago,2020,FS.AST.PRVT.GD.ZS,46.4559824126942
TTO,Trinidad and Tobago,2019,FS.AST.PRVT.GD.ZS,41.4484338507219
TTO,Trinidad and Tobago,2018,FS.AST.PRVT.GD.ZS,38.9371724667601
TTO,Trinidad and Tobago,2017,FS.AST.PRVT.GD.ZS,37.4884810643255
TTO,Trinidad and Tobago,2016,FS.AST.PRVT.GD.ZS,36.6555281398849
TTO,Trinidad and Tobago,2015,FS.AST.PRVT.GD.ZS,32.5688299021442
TTO,Trinidad and Tobago,2014,FS.AST.PRVT.GD.ZS,27.6874607290947
TTO,Trinidad and Tobago,2013,FS.AST.PRVT.GD.ZS,26.6322849931321
TTO,Trinidad and Tobago,2012,FS.AST.PRVT.GD.ZS,26.9736796419355
TTO,Trinidad and Tobago,2011,FS.AST.PRVT.GD.ZS,28.1256397873844
TTO,Trinidad and Tobago,2010,FS.AST.PRVT.GD.ZS,30.8454608441119
TTO,Trinidad and Tobago,2009,FS.AST.PRVT.GD.ZS,35.953442069315
TTO,Trinidad and Tobago,2008,FS.AST.PRVT.GD.ZS,26.7082524124637
TTO,Trinidad and Tobago,2007,FS.AST.PRVT.GD.ZS,32.0528227672441
TTO,Trinidad and Tobago,2006,FS.AST.PRVT.GD.ZS,32.6949924188848
TTO,Trinidad and Tobago,2005,FS.AST.PRVT.GD.ZS,33.4922025534705
TUN,Tunisia,2025,FS.AST.PRVT.GD.ZS,57.6858342508575
TUN,Tunisia,2024,FS.AST.PRVT.GD.ZS,60.6117249735149
TUN,Tunisia,2023,FS.AST.PRVT.GD.ZS,62.7305652264979
TUN,Tunisia,2022,FS.AST.PRVT.GD.ZS,66.0067667517737
TUN,Tunisia,2021,FS.AST.PRVT.GD.ZS,64.667534646183
TUN,Tunisia,2020,FS.AST.PRVT.GD.ZS,67.6567184648519
TUN,Tunisia,2019,FS.AST.PRVT.GD.ZS,59.2903583224447
TUN,Tunisia,2018,FS.AST.PRVT.GD.ZS,63.5224389825305
TUN,Tunisia,2017,FS.AST.PRVT.GD.ZS,64.7537285373031
TUN,Tunisia,2016,FS.AST.PRVT.GD.ZS,62.2469554675417
TUN,Tunisia,2015,FS.AST.PRVT.GD.ZS,60.1365541399108
TUN,Tunisia,2014,FS.AST.PRVT.GD.ZS,59.8085555890782
TUN,Tunisia,2013,FS.AST.PRVT.GD.ZS,57.9598823065191
TUN,Tunisia,2012,FS.AST.PRVT.GD.ZS,57.8520427359494
TUN,Tunisia,2011,FS.AST.PRVT.GD.ZS,57.9347986271264
TUN,Tunisia,2010,FS.AST.PRVT.GD.ZS,52.247103865602
TUN,Tunisia,2009,FS.AST.PRVT.GD.ZS,49.9770695318279
TUN,Tunisia,2008,FS.AST.PRVT.GD.ZS,48.5083070989921
TUN,Tunisia,2007,FS.AST.PRVT.GD.ZS,48.0115559813836
TUN,Tunisia,2006,FS.AST.PRVT.GD.ZS,48.5995857004839
TUN,Tunisia,2005,FS.AST.PRVT.GD.ZS,50.065558636163
TUR,Turkiye,2025,FS.AST.PRVT.GD.ZS,45.7827602523781
TUR,Turkiye,2024,FS.AST.PRVT.GD.ZS,42.9671022144841
TUR,Turkiye,2023,FS.AST.PRVT.GD.ZS,48.7952169007544
TUR,Turkiye,2022,FS.AST.PRVT.GD.ZS,53.4262221477913
TUR,Turkiye,2021,FS.AST.PRVT.GD.ZS,70.9983608541485
TUR,Turkiye,2020,FS.AST.PRVT.GD.ZS,75.2676019236764
TUR,Turkiye,2019,FS.AST.PRVT.GD.ZS,64.2557519386267
TUR,Turkiye,2018,FS.AST.PRVT.GD.ZS,66.6976668187438
TUR,Turkiye,2017,FS.AST.PRVT.GD.ZS,70.0844027288208
TUR,Turkiye,2016,FS.AST.PRVT.GD.ZS,69.2826364676667
TUR,Turkiye,2015,FS.AST.PRVT.GD.ZS,66.3898521051604
TUR,Turkiye,2014,FS.AST.PRVT.GD.ZS,63.2376327204216
TUR,Turkiye,2013,FS.AST.PRVT.GD.ZS,59.9792914244143
TUR,Turkiye,2012,FS.AST.PRVT.GD.ZS,51.5586765950105
TUR,Turkiye,2011,FS.AST.PRVT.GD.ZS,48.7422084050823
TUR,Turkiye,2010,FS.AST.PRVT.GD.ZS,44.0459707563417
TUR,Turkiye,2009,FS.AST.PRVT.GD.ZS,36.8190783164554
TUR,Turkiye,2008,FS.AST.PRVT.GD.ZS,33.1628558443028
UGA,Uganda,2024,FS.AST.PRVT.GD.ZS,14.3001761811715
UGA,Uganda,2023,FS.AST.PRVT.GD.ZS,14.8125509462498
UGA,Uganda,2022,FS.AST.PRVT.GD.ZS,15.0891724993298
UGA,Uganda,2021,FS.AST.PRVT.GD.ZS,14.7869665338727
UGA,Uganda,2020,FS.AST.PRVT.GD.ZS,14.2204016385665
UGA,Uganda,2019,FS.AST.PRVT.GD.ZS,13.8050637116228
UGA,Uganda,2018,FS.AST.PRVT.GD.ZS,13.6392294214659
UGA,Uganda,2017,FS.AST.PRVT.GD.ZS,13.4819167027351
UGA,Uganda,2016,FS.AST.PRVT.GD.ZS,13.6400887820262
UGA,Uganda,2015,FS.AST.PRVT.GD.ZS,13.7686115419745
UGA,Uganda,2014,FS.AST.PRVT.GD.ZS,12.9035596137235
UGA,Uganda,2013,FS.AST.PRVT.GD.ZS,12.2262302358289
UGA,Uganda,2012,FS.AST.PRVT.GD.ZS,12.1676494161807
UGA,Uganda,2011,FS.AST.PRVT.GD.ZS,11.6564025152961
UKR,Ukraine,2024,FS.AST.PRVT.GD.ZS,18.1641435001026
UKR,Ukraine,2023,FS.AST.PRVT.GD.ZS,18.6466208363539
UKR,Ukraine,2022,FS.AST.PRVT.GD.ZS,23.3160378131569
UKR,Ukraine,2021,FS.AST.PRVT.GD.ZS,23.5556488725733
UKR,Ukraine,2020,FS.AST.PRVT.GD.ZS,28.1751542458628
UKR,Ukraine,2019,FS.AST.PRVT.GD.ZS,30.0270685880178
UKR,Ukraine,2018,FS.AST.PRVT.GD.ZS,34.5118586409828
UKR,Ukraine,2017,FS.AST.PRVT.GD.ZS,38.3051472985389
UKR,Ukraine,2016,FS.AST.PRVT.GD.ZS,47.3071300933367
UKR,Ukraine,2015,FS.AST.PRVT.GD.ZS,56.6577541315206
UKR,Ukraine,2014,FS.AST.PRVT.GD.ZS,75.2288456319954
UKR,Ukraine,2013,FS.AST.PRVT.GD.ZS,70.6911717468942
UKR,Ukraine,2012,FS.AST.PRVT.GD.ZS,66.9838104671062
UKR,Ukraine,2011,FS.AST.PRVT.GD.ZS,68.4838585766984
UKR,Ukraine,2010,FS.AST.PRVT.GD.ZS,75.751902571565
UKR,Ukraine,2009,FS.AST.PRVT.GD.ZS,87.3499751359183
UKR,Ukraine,2008,FS.AST.PRVT.GD.ZS,84.5638428852733
ARE,United Arab Emirates,2022,FS.AST.PRVT.GD.ZS,65.4574311816346
ARE,United Arab Emirates,2021,FS.AST.PRVT.GD.ZS,76.167662138751
ARE,United Arab Emirates,2020,FS.AST.PRVT.GD.ZS,88.835691606539
ARE,United Arab Emirates,2019,FS.AST.PRVT.GD.ZS,75.2884970259968
ARE,United Arab Emirates,2018,FS.AST.PRVT.GD.ZS,73.9843078244922
ARE,United Arab Emirates,2017,FS.AST.PRVT.GD.ZS,78.1488923243763
ARE,United Arab Emirates,2016,FS.AST.PRVT.GD.ZS,81.9398449176157
GBR,United Kingdom,2024,FS.AST.PRVT.GD.ZS,112.372018963535
GBR,United Kingdom,2023,FS.AST.PRVT.GD.ZS,117.978361754605
GBR,United Kingdom,2022,FS.AST.PRVT.GD.ZS,126.126397693252
GBR,United Kingdom,2021,FS.AST.PRVT.GD.ZS,136.161594591011
GBR,United Kingdom,2020,FS.AST.PRVT.GD.ZS,145.572075379344
GBR,United Kingdom,2019,FS.AST.PRVT.GD.ZS,131.443065370417
GBR,United Kingdom,2018,FS.AST.PRVT.GD.ZS,132.783359788981
GBR,United Kingdom,2017,FS.AST.PRVT.GD.ZS,132.333248459152
GBR,United Kingdom,2016,FS.AST.PRVT.GD.ZS,131.480106047871
GBR,United Kingdom,2015,FS.AST.PRVT.GD.ZS,130.08273790259
GBR,United Kingdom,2014,FS.AST.PRVT.GD.ZS,134.605055432715
GBR,United Kingdom,2013,FS.AST.PRVT.GD.ZS,148.906248602627
GBR,United Kingdom,2012,FS.AST.PRVT.GD.ZS,160.010705514872
GBR,United Kingdom,2011,FS.AST.PRVT.GD.ZS,169.61587364494
GBR,United Kingdom,2010,FS.AST.PRVT.GD.ZS,183.762819228277
GBR,United Kingdom,2009,FS.AST.PRVT.GD.ZS,191.129828943179
GBR,United Kingdom,2008,FS.AST.PRVT.GD.ZS,190.146653043876
GBR,United Kingdom,2007,FS.AST.PRVT.GD.ZS,169.583348638841
GBR,United Kingdom,2006,FS.AST.PRVT.GD.ZS,153.471395323663
GBR,United Kingdom,2005,FS.AST.PRVT.GD.ZS,142.664487913407
USA,United States,2025,FS.AST.PRVT.GD.ZS,201.266130729677
USA,United States,2024,FS.AST.PRVT.GD.ZS,195.875075677875
USA,United States,2023,FS.AST.PRVT.GD.ZS,191.075390105862
USA,United States,2022,FS.AST.PRVT.GD.ZS,187.087355429321
USA,United States,2021,FS.AST.PRVT.GD.ZS,219.125940110191
USA,United States,2020,FS.AST.PRVT.GD.ZS,217.264343389463
USA,United States,2019,FS.AST.PRVT.GD.ZS,194.735258917444
USA,United States,2018,FS.AST.PRVT.GD.ZS,183.054001756212
USA,United States,2017,FS.AST.PRVT.GD.ZS,194.090996653847
USA,United States,2016,FS.AST.PRVT.GD.ZS,186.327051044306
USA,United States,2015,FS.AST.PRVT.GD.ZS,183.632163440252
USA,United States,2014,FS.AST.PRVT.GD.ZS,184.794021331949
USA,United States,2013,FS.AST.PRVT.GD.ZS,184.162921715823
USA,United States,2012,FS.AST.PRVT.GD.ZS,175.443843579456
USA,United States,2011,FS.AST.PRVT.GD.ZS,174.474559125537
USA,United States,2010,FS.AST.PRVT.GD.ZS,181.920666527452
USA,United States,2009,FS.AST.PRVT.GD.ZS,187.479963222695
USA,United States,2008,FS.AST.PRVT.GD.ZS,185.125593254636
USA,United States,2007,FS.AST.PRVT.GD.ZS,206.35133732187
USA,United States,2006,FS.AST.PRVT.GD.ZS,198.283902773609
USA,United States,2005,FS.AST.PRVT.GD.ZS,188.633073823051
URY,Uruguay,2025,FS.AST.PRVT.GD.ZS,30.7576062622997
URY,Uruguay,2024,FS.AST.PRVT.GD.ZS,30.5652567144236
URY,Uruguay,2023,FS.AST.PRVT.GD.ZS,28.1380109126325
URY,Uruguay,2022,FS.AST.PRVT.GD.ZS,26.3822044655368
URY,Uruguay,2021,FS.AST.PRVT.GD.ZS,26.7129871976438
URY,Uruguay,2020,FS.AST.PRVT.GD.ZS,27.884639778996
URY,Uruguay,2019,FS.AST.PRVT.GD.ZS,25.3082496990691
URY,Uruguay,2018,FS.AST.PRVT.GD.ZS,24.944851219691
URY,Uruguay,2017,FS.AST.PRVT.GD.ZS,23.9263002730204
URY,Uruguay,2016,FS.AST.PRVT.GD.ZS,25.6815822953668
URY,Uruguay,2015,FS.AST.PRVT.GD.ZS,27.8140085275854
URY,Uruguay,2014,FS.AST.PRVT.GD.ZS,25.1667931664776
URY,Uruguay,2013,FS.AST.PRVT.GD.ZS,24.3768815230441
URY,Uruguay,2012,FS.AST.PRVT.GD.ZS,22.1705291861539
URY,Uruguay,2011,FS.AST.PRVT.GD.ZS,21.9739905078767
URY,Uruguay,2010,FS.AST.PRVT.GD.ZS,21.4040361151246
URY,Uruguay,2009,FS.AST.PRVT.GD.ZS,19.8647260994371
URY,Uruguay,2008,FS.AST.PRVT.GD.ZS,27.1685339479512
URY,Uruguay,2007,FS.AST.PRVT.GD.ZS,23.0299725881958
URY,Uruguay,2006,FS.AST.PRVT.GD.ZS,23.7519352815852
URY,Uruguay,2005,FS.AST.PRVT.GD.ZS,22.4749430738691
UZB,Uzbekistan,2025,FS.AST.PRVT.GD.ZS,31.2090160739317
UZB,Uzbekistan,2024,FS.AST.PRVT.GD.ZS,31.4511091127797
UZB,Uzbekistan,2023,FS.AST.PRVT.GD.ZS,32.7949630932238
UZB,Uzbekistan,2022,FS.AST.PRVT.GD.ZS,31.2555332746155
UZB,Uzbekistan,2021,FS.AST.PRVT.GD.ZS,30.5429238565957
UZB,Uzbekistan,2020,FS.AST.PRVT.GD.ZS,30.4841373867845
UZB,Uzbekistan,2019,FS.AST.PRVT.GD.ZS,24.7978693544642
UZB,Uzbekistan,2018,FS.AST.PRVT.GD.ZS,19.5520797822691
UZB,Uzbekistan,2017,FS.AST.PRVT.GD.ZS,13.5626448855059
UZB,Uzbekistan,2016,FS.AST.PRVT.GD.ZS,10.3447002844036
UZB,Uzbekistan,2015,FS.AST.PRVT.GD.ZS,9.10833974051315
UZB,Uzbekistan,2014,FS.AST.PRVT.GD.ZS,8.88087715154549
UZB,Uzbekistan,2013,FS.AST.PRVT.GD.ZS,8.25654883409208
VUT,Vanuatu,2024,FS.AST.PRVT.GD.ZS,48.5223122227179
VUT,Vanuatu,2023,FS.AST.PRVT.GD.ZS,50.2941780429898
VUT,Vanuatu,2022,FS.AST.PRVT.GD.ZS,50.6006382179842
VUT,Vanuatu,2021,FS.AST.PRVT.GD.ZS,52.9514701082508
VUT,Vanuatu,2020,FS.AST.PRVT.GD.ZS,53.8208986736293
VUT,Vanuatu,2019,FS.AST.PRVT.GD.ZS,52.1284285309621
VUT,Vanuatu,2018,FS.AST.PRVT.GD.ZS,54.384005593436
VUT,Vanuatu,2017,FS.AST.PRVT.GD.ZS,56.8329823681302
VUT,Vanuatu,2016,FS.AST.PRVT.GD.ZS,59.4085488191612
VUT,Vanuatu,2015,FS.AST.PRVT.GD.ZS,61.9506474540091
VUT,Vanuatu,2014,FS.AST.PRVT.GD.ZS,66.4926067889951
VUT,Vanuatu,2013,FS.AST.PRVT.GD.ZS,63.7843978535462
VUT,Vanuatu,2012,FS.AST.PRVT.GD.ZS,73.7088201261584
VUT,Vanuatu,2011,FS.AST.PRVT.GD.ZS,69.3541400957841
VUT,Vanuatu,2010,FS.AST.PRVT.GD.ZS,67.5873077127823
VUT,Vanuatu,2009,FS.AST.PRVT.GD.ZS,64.8320794489148
VUT,Vanuatu,2008,FS.AST.PRVT.GD.ZS,55.055251156808
VUT,Vanuatu,2007,FS.AST.PRVT.GD.ZS,43.7949563310522
VUT,Vanuatu,2006,FS.AST.PRVT.GD.ZS,42.4413157515789
VUT,Vanuatu,2005,FS.AST.PRVT.GD.ZS,43.5999536479095
VEN,"Venezuela, RB",2013,FS.AST.PRVT.GD.ZS,27.472799415793
VEN,"Venezuela, RB",2012,FS.AST.PRVT.GD.ZS,23.8729758931757
VEN,"Venezuela, RB",2011,FS.AST.PRVT.GD.ZS,20.4742256485102
VEN,"Venezuela, RB",2010,FS.AST.PRVT.GD.ZS,18.8543354200342
VEN,"Venezuela, RB",2009,FS.AST.PRVT.GD.ZS,23.6136286787977
VEN,"Venezuela, RB",2008,FS.AST.PRVT.GD.ZS,21.4696738075916
VEN,"Venezuela, RB",2007,FS.AST.PRVT.GD.ZS,23.4811724669825
VEN,"Venezuela, RB",2006,FS.AST.PRVT.GD.ZS,17.0371328682102
VEN,"Venezuela, RB",2005,FS.AST.PRVT.GD.ZS,13.214871769626
VNM,Viet Nam,2022,FS.AST.PRVT.GD.ZS,124.961478822546
VNM,Viet Nam,2021,FS.AST.PRVT.GD.ZS,124.282898747665
VNM,Viet Nam,2020,FS.AST.PRVT.GD.ZS,115.525349937741
VNM,Viet Nam,2019,FS.AST.PRVT.GD.ZS,108.031900933361
VNM,Viet Nam,2018,FS.AST.PRVT.GD.ZS,105.275984683547
VNM,Viet Nam,2017,FS.AST.PRVT.GD.ZS,103.972032257471
VNM,Viet Nam,2016,FS.AST.PRVT.GD.ZS,98.8589607655139
VNM,Viet Nam,2015,FS.AST.PRVT.GD.ZS,90.399227327709
VNM,Viet Nam,2014,FS.AST.PRVT.GD.ZS,80.0010314902415
VNM,Viet Nam,2013,FS.AST.PRVT.GD.ZS,77.5581108210475
VNM,Viet Nam,2012,FS.AST.PRVT.GD.ZS,75.5493913710905
VNM,Viet Nam,2011,FS.AST.PRVT.GD.ZS,79.9430818204467
VNM,Viet Nam,2010,FS.AST.PRVT.GD.ZS,90.3531701049882
VNM,Viet Nam,2009,FS.AST.PRVT.GD.ZS,103.322353769645
VNM,Viet Nam,2008,FS.AST.PRVT.GD.ZS,82.8727709652009
VNM,Viet Nam,2007,FS.AST.PRVT.GD.ZS,85.63968738395
VNM,Viet Nam,2006,FS.AST.PRVT.GD.ZS,65.3595423737595
VNM,Viet Nam,2005,FS.AST.PRVT.GD.ZS,60.4667877825079
PSE,West Bank and Gaza,2025,FS.AST.PRVT.GD.ZS,56.4537277980556
PSE,West Bank and Gaza,2024,FS.AST.PRVT.GD.ZS,58.6252720787942
PSE,West Bank and Gaza,2023,FS.AST.PRVT.GD.ZS,52.7325722326952
PSE,West Bank and Gaza,2022,FS.AST.PRVT.GD.ZS,47.7106174807336
PSE,West Bank and Gaza,2021,FS.AST.PRVT.GD.ZS,47.3295160416368
PSE,West Bank and Gaza,2020,FS.AST.PRVT.GD.ZS,52.2438211575681
PSE,West Bank and Gaza,2019,FS.AST.PRVT.GD.ZS,44.9267353587416
PSE,West Bank and Gaza,2018,FS.AST.PRVT.GD.ZS,44.8402878170502
PSE,West Bank and Gaza,2017,FS.AST.PRVT.GD.ZS,41.7423779001116
PSE,West Bank and Gaza,2016,FS.AST.PRVT.GD.ZS,36.5279321411323
PSE,West Bank and Gaza,2015,FS.AST.PRVT.GD.ZS,32.6010470713693
PSE,West Bank and Gaza,2014,FS.AST.PRVT.GD.ZS,27.3246796047092
PSE,West Bank and Gaza,2013,FS.AST.PRVT.GD.ZS,24.1199685686064
PSE,West Bank and Gaza,2012,FS.AST.PRVT.GD.ZS,24.0475728779365
PSE,West Bank and Gaza,2011,FS.AST.PRVT.GD.ZS,22.9577173636924
PSE,West Bank and Gaza,2010,FS.AST.PRVT.GD.ZS,21.3595304440428
PSE,West Bank and Gaza,2009,FS.AST.PRVT.GD.ZS,19.53363220723
PSE,West Bank and Gaza,2008,FS.AST.PRVT.GD.ZS,17.5729199943916
PSE,West Bank and Gaza,2007,FS.AST.PRVT.GD.ZS,22.8674279641316
PSE,West Bank and Gaza,2006,FS.AST.PRVT.GD.ZS,26.2173548271413
PSE,West Bank and Gaza,2005,FS.AST.PRVT.GD.ZS,26.4462262043374
YEM,"Yemen, Rep.",2013,FS.AST.PRVT.GD.ZS,5.63671954137487
YEM,"Yemen, Rep.",2012,FS.AST.PRVT.GD.ZS,4.6454040882474
YEM,"Yemen, Rep.",2011,FS.AST.PRVT.GD.ZS,5.0687258112031
YEM,"Yemen, Rep.",2010,FS.AST.PRVT.GD.ZS,6.28934064963713
YEM,"Yemen, Rep.",2009,FS.AST.PRVT.GD.ZS,7.73547602505911
YEM,"Yemen, Rep.",2008,FS.AST.PRVT.GD.ZS,7.70492200932659
YEM,"Yemen, Rep.",2007,FS.AST.PRVT.GD.ZS,8.18408496562538
YEM,"Yemen, Rep.",2006,FS.AST.PRVT.GD.ZS,6.91321960823707
YEM,"Yemen, Rep.",2005,FS.AST.PRVT.GD.ZS,6.93931215854382
ZMB,Zambia,2024,FS.AST.PRVT.GD.ZS,17.0073799722572
ZMB,Zambia,2023,FS.AST.PRVT.GD.ZS,15.6263060649433
ZMB,Zambia,2022,FS.AST.PRVT.GD.ZS,12.9750888260207
ZMB,Zambia,2021,FS.AST.PRVT.GD.ZS,11.3595044648168
ZMB,Zambia,2020,FS.AST.PRVT.GD.ZS,15.1635545633961
ZMB,Zambia,2019,FS.AST.PRVT.GD.ZS,15.6261899079478
ZMB,Zambia,2018,FS.AST.PRVT.GD.ZS,14.973719234617
ZMB,Zambia,2017,FS.AST.PRVT.GD.ZS,14.9060105438137
ZMB,Zambia,2016,FS.AST.PRVT.GD.ZS,15.4421205069545
ZMB,Zambia,2015,FS.AST.PRVT.GD.ZS,19.7648340604039
ZMB,Zambia,2014,FS.AST.PRVT.GD.ZS,17.0881246939801
ZMB,Zambia,2013,FS.AST.PRVT.GD.ZS,15.8169736426664
ZMB,Zambia,2012,FS.AST.PRVT.GD.ZS,15.8590190469567
ZMB,Zambia,2011,FS.AST.PRVT.GD.ZS,13.6929591153621
ZWE,Zimbabwe,2023,FS.AST.PRVT.GD.ZS,6.47769726494533
ZWE,Zimbabwe,2022,FS.AST.PRVT.GD.ZS,5.82632307387219
ZWE,Zimbabwe,2021,FS.AST.PRVT.GD.ZS,4.75952182207041
ZWE,Zimbabwe,2020,FS.AST.PRVT.GD.ZS,3.64213203545347
ZWE,Zimbabwe,2019,FS.AST.PRVT.GD.ZS,3.42802176448637
ZWE,Zimbabwe,2018,FS.AST.PRVT.GD.ZS,5.83026742967083
ZWE,Zimbabwe,2017,FS.AST.PRVT.GD.ZS,5.81005418078355
ZWE,Zimbabwe,2016,FS.AST.PRVT.GD.ZS,17.0984957033978
ZWE,Zimbabwe,2015,FS.AST.PRVT.GD.ZS,18.3157437835024
ZWE,Zimbabwe,2014,FS.AST.PRVT.GD.ZS,19.2103454143462
ZWE,Zimbabwe,2013,FS.AST.PRVT.GD.ZS,18.7319297666254
ZWE,Zimbabwe,2012,FS.AST.PRVT.GD.ZS,20.1407242084605
ZWE,Zimbabwe,2011,FS.AST.PRVT.GD.ZS,18.9833979710852
ZWE,Zimbabwe,2010,FS.AST.PRVT.GD.ZS,13.5436890225327
ZWE,Zimbabwe,2009,FS.AST.PRVT.GD.ZS,7.15909146090231
ZWE,Zimbabwe,2005,FS.AST.PRVT.GD.ZS,14.9485488159473
