country_code,country_name,year,indicator_code,value
AFE,Africa Eastern and Southern,2010,GB.XPD.RSDV.GD.ZS,0.586779084367876
AFE,Africa Eastern and Southern,2007,GB.XPD.RSDV.GD.ZS,0.659864661576848
AFE,Africa Eastern and Southern,2005,GB.XPD.RSDV.GD.ZS,0.626592924758238
AFW,Africa Western and Central,2019,GB.XPD.RSDV.GD.ZS,0.277536756220093
AFW,Africa Western and Central,2007,GB.XPD.RSDV.GD.ZS,0.15068925314209
ARB,Arab World,2021,GB.XPD.RSDV.GD.ZS,0.677204938802721
ARB,Arab World,2020,GB.XPD.RSDV.GD.ZS,0.692556590528382
ARB,Arab World,2011,GB.XPD.RSDV.GD.ZS,0.551613162717483
CEB,Central Europe and the Baltics,2023,GB.XPD.RSDV.GD.ZS,1.34182612383603
CEB,Central Europe and the Baltics,2022,GB.XPD.RSDV.GD.ZS,1.29826358701501
CEB,Central Europe and the Baltics,2021,GB.XPD.RSDV.GD.ZS,1.31378375201668
CEB,Central Europe and the Baltics,2020,GB.XPD.RSDV.GD.ZS,1.29475897248932
CEB,Central Europe and the Baltics,2019,GB.XPD.RSDV.GD.ZS,1.23739742864273
CEB,Central Europe and the Baltics,2018,GB.XPD.RSDV.GD.ZS,1.18518867780574
CEB,Central Europe and the Baltics,2017,GB.XPD.RSDV.GD.ZS,1.08031757970669
CEB,Central Europe and the Baltics,2016,GB.XPD.RSDV.GD.ZS,1.02183730554662
CEB,Central Europe and the Baltics,2015,GB.XPD.RSDV.GD.ZS,1.13751441268097
CEB,Central Europe and the Baltics,2014,GB.XPD.RSDV.GD.ZS,1.08777424091793
CEB,Central Europe and the Baltics,2013,GB.XPD.RSDV.GD.ZS,1.06327266005125
CEB,Central Europe and the Baltics,2012,GB.XPD.RSDV.GD.ZS,1.05003947334427
CEB,Central Europe and the Baltics,2011,GB.XPD.RSDV.GD.ZS,0.951042144001125
CEB,Central Europe and the Baltics,2010,GB.XPD.RSDV.GD.ZS,0.870040912431831
CEB,Central Europe and the Baltics,2009,GB.XPD.RSDV.GD.ZS,0.825519576662909
CEB,Central Europe and the Baltics,2008,GB.XPD.RSDV.GD.ZS,0.782204517299257
CEB,Central Europe and the Baltics,2007,GB.XPD.RSDV.GD.ZS,0.758683049851377
CEB,Central Europe and the Baltics,2006,GB.XPD.RSDV.GD.ZS,0.755666475373099
CEB,Central Europe and the Baltics,2005,GB.XPD.RSDV.GD.ZS,0.739197862631459
EAR,Early-demographic dividend,2020,GB.XPD.RSDV.GD.ZS,0.801477422530873
EAR,Early-demographic dividend,2019,GB.XPD.RSDV.GD.ZS,0.740377199040134
EAR,Early-demographic dividend,2018,GB.XPD.RSDV.GD.ZS,0.737266646290267
EAR,Early-demographic dividend,2017,GB.XPD.RSDV.GD.ZS,0.717102657020471
EAR,Early-demographic dividend,2016,GB.XPD.RSDV.GD.ZS,0.752969757195789
EAR,Early-demographic dividend,2015,GB.XPD.RSDV.GD.ZS,0.719887001483297
EAR,Early-demographic dividend,2013,GB.XPD.RSDV.GD.ZS,0.619151819759789
EAR,Early-demographic dividend,2012,GB.XPD.RSDV.GD.ZS,0.697876421480953
EAR,Early-demographic dividend,2011,GB.XPD.RSDV.GD.ZS,0.708976587514646
EAR,Early-demographic dividend,2010,GB.XPD.RSDV.GD.ZS,0.719085485176379
EAR,Early-demographic dividend,2009,GB.XPD.RSDV.GD.ZS,0.613493910834371
EAR,Early-demographic dividend,2008,GB.XPD.RSDV.GD.ZS,0.679625468396612
EAR,Early-demographic dividend,2007,GB.XPD.RSDV.GD.ZS,0.642853753531894
EAR,Early-demographic dividend,2006,GB.XPD.RSDV.GD.ZS,0.628433125149844
EAR,Early-demographic dividend,2005,GB.XPD.RSDV.GD.ZS,0.601700859027945
EAS,East Asia & Pacific,2023,GB.XPD.RSDV.GD.ZS,2.77833006240947
EAS,East Asia & Pacific,2022,GB.XPD.RSDV.GD.ZS,2.71717559947169
EAS,East Asia & Pacific,2021,GB.XPD.RSDV.GD.ZS,2.57649455499986
EAS,East Asia & Pacific,2020,GB.XPD.RSDV.GD.ZS,2.50733914272744
EAS,East Asia & Pacific,2019,GB.XPD.RSDV.GD.ZS,2.33385397245774
EAS,East Asia & Pacific,2018,GB.XPD.RSDV.GD.ZS,2.32503653024289
EAS,East Asia & Pacific,2017,GB.XPD.RSDV.GD.ZS,2.28803085567583
EAS,East Asia & Pacific,2016,GB.XPD.RSDV.GD.ZS,2.30888797558082
EAS,East Asia & Pacific,2015,GB.XPD.RSDV.GD.ZS,2.29342659835787
EAS,East Asia & Pacific,2014,GB.XPD.RSDV.GD.ZS,2.44333254109597
EAS,East Asia & Pacific,2013,GB.XPD.RSDV.GD.ZS,2.25354328549626
EAS,East Asia & Pacific,2012,GB.XPD.RSDV.GD.ZS,2.45755028395847
EAS,East Asia & Pacific,2011,GB.XPD.RSDV.GD.ZS,2.30902266684276
EAS,East Asia & Pacific,2010,GB.XPD.RSDV.GD.ZS,2.37627226598219
EAS,East Asia & Pacific,2009,GB.XPD.RSDV.GD.ZS,2.23046444171605
EAS,East Asia & Pacific,2008,GB.XPD.RSDV.GD.ZS,2.33452097387501
EAS,East Asia & Pacific,2007,GB.XPD.RSDV.GD.ZS,2.33005073451218
EAS,East Asia & Pacific,2006,GB.XPD.RSDV.GD.ZS,2.381653806604
EAS,East Asia & Pacific,2005,GB.XPD.RSDV.GD.ZS,2.38211083258047
EAP,East Asia & Pacific (excluding high income),2023,GB.XPD.RSDV.GD.ZS,2.47582029067574
EAP,East Asia & Pacific (excluding high income),2022,GB.XPD.RSDV.GD.ZS,2.41879972397241
EAP,East Asia & Pacific (excluding high income),2021,GB.XPD.RSDV.GD.ZS,2.30357679372756
EAP,East Asia & Pacific (excluding high income),2020,GB.XPD.RSDV.GD.ZS,2.11819098023791
EAP,East Asia & Pacific (excluding high income),2019,GB.XPD.RSDV.GD.ZS,1.95159268838599
EAP,East Asia & Pacific (excluding high income),2018,GB.XPD.RSDV.GD.ZS,1.88271981025066
EAP,East Asia & Pacific (excluding high income),2017,GB.XPD.RSDV.GD.ZS,1.87006122731623
EAP,East Asia & Pacific (excluding high income),2016,GB.XPD.RSDV.GD.ZS,1.87088501634354
EAP,East Asia & Pacific (excluding high income),2015,GB.XPD.RSDV.GD.ZS,1.87217417493176
EAP,East Asia & Pacific (excluding high income),2014,GB.XPD.RSDV.GD.ZS,1.90789568520804
EAP,East Asia & Pacific (excluding high income),2013,GB.XPD.RSDV.GD.ZS,1.6819873872822
EAP,East Asia & Pacific (excluding high income),2012,GB.XPD.RSDV.GD.ZS,1.85116850389039
EAP,East Asia & Pacific (excluding high income),2011,GB.XPD.RSDV.GD.ZS,1.5918170884932
EAP,East Asia & Pacific (excluding high income),2010,GB.XPD.RSDV.GD.ZS,1.6573354928432
EAP,East Asia & Pacific (excluding high income),2009,GB.XPD.RSDV.GD.ZS,1.38091860941462
EAP,East Asia & Pacific (excluding high income),2008,GB.XPD.RSDV.GD.ZS,1.32549350236945
EAP,East Asia & Pacific (excluding high income),2007,GB.XPD.RSDV.GD.ZS,1.22844908069114
EAP,East Asia & Pacific (excluding high income),2006,GB.XPD.RSDV.GD.ZS,1.2323368827159
EAP,East Asia & Pacific (excluding high income),2005,GB.XPD.RSDV.GD.ZS,1.16299926803795
TEA,East Asia & Pacific (IDA & IBRD countries),2023,GB.XPD.RSDV.GD.ZS,2.47582029067574
TEA,East Asia & Pacific (IDA & IBRD countries),2022,GB.XPD.RSDV.GD.ZS,2.41879972397241
TEA,East Asia & Pacific (IDA & IBRD countries),2021,GB.XPD.RSDV.GD.ZS,2.30357679372756
TEA,East Asia & Pacific (IDA & IBRD countries),2020,GB.XPD.RSDV.GD.ZS,2.11819098023791
TEA,East Asia & Pacific (IDA & IBRD countries),2019,GB.XPD.RSDV.GD.ZS,1.95159268838599
TEA,East Asia & Pacific (IDA & IBRD countries),2018,GB.XPD.RSDV.GD.ZS,1.88271981025066
TEA,East Asia & Pacific (IDA & IBRD countries),2017,GB.XPD.RSDV.GD.ZS,1.87006122731623
TEA,East Asia & Pacific (IDA & IBRD countries),2016,GB.XPD.RSDV.GD.ZS,1.87088501634354
TEA,East Asia & Pacific (IDA & IBRD countries),2015,GB.XPD.RSDV.GD.ZS,1.87217417493176
TEA,East Asia & Pacific (IDA & IBRD countries),2014,GB.XPD.RSDV.GD.ZS,1.90789568520804
TEA,East Asia & Pacific (IDA & IBRD countries),2013,GB.XPD.RSDV.GD.ZS,1.6819873872822
TEA,East Asia & Pacific (IDA & IBRD countries),2012,GB.XPD.RSDV.GD.ZS,1.85116850389039
TEA,East Asia & Pacific (IDA & IBRD countries),2011,GB.XPD.RSDV.GD.ZS,1.5918170884932
TEA,East Asia & Pacific (IDA & IBRD countries),2010,GB.XPD.RSDV.GD.ZS,1.6573354928432
TEA,East Asia & Pacific (IDA & IBRD countries),2009,GB.XPD.RSDV.GD.ZS,1.38091860941462
TEA,East Asia & Pacific (IDA & IBRD countries),2008,GB.XPD.RSDV.GD.ZS,1.32549350236945
TEA,East Asia & Pacific (IDA & IBRD countries),2007,GB.XPD.RSDV.GD.ZS,1.22844908069114
TEA,East Asia & Pacific (IDA & IBRD countries),2006,GB.XPD.RSDV.GD.ZS,1.2323368827159
TEA,East Asia & Pacific (IDA & IBRD countries),2005,GB.XPD.RSDV.GD.ZS,1.16299926803795
EMU,Euro area,2023,GB.XPD.RSDV.GD.ZS,2.2895144565081
EMU,Euro area,2022,GB.XPD.RSDV.GD.ZS,2.25107966461214
EMU,Euro area,2021,GB.XPD.RSDV.GD.ZS,2.25891301253763
EMU,Euro area,2020,GB.XPD.RSDV.GD.ZS,2.30052592343969
EMU,Euro area,2019,GB.XPD.RSDV.GD.ZS,2.2280734958391
EMU,Euro area,2018,GB.XPD.RSDV.GD.ZS,2.18550599898237
EMU,Euro area,2017,GB.XPD.RSDV.GD.ZS,2.15252636077938
EMU,Euro area,2016,GB.XPD.RSDV.GD.ZS,2.1135197397057
EMU,Euro area,2015,GB.XPD.RSDV.GD.ZS,2.10986340300616
EMU,Euro area,2014,GB.XPD.RSDV.GD.ZS,2.11978262819395
EMU,Euro area,2013,GB.XPD.RSDV.GD.ZS,2.08893968692216
EMU,Euro area,2012,GB.XPD.RSDV.GD.ZS,2.07087787429662
EMU,Euro area,2011,GB.XPD.RSDV.GD.ZS,2.01377486367364
EMU,Euro area,2010,GB.XPD.RSDV.GD.ZS,1.97132865623614
EMU,Euro area,2009,GB.XPD.RSDV.GD.ZS,1.9647320858225
EMU,Euro area,2008,GB.XPD.RSDV.GD.ZS,1.87295473397562
EMU,Euro area,2007,GB.XPD.RSDV.GD.ZS,1.7914003144944
EMU,Euro area,2006,GB.XPD.RSDV.GD.ZS,1.78689275193435
EMU,Euro area,2005,GB.XPD.RSDV.GD.ZS,1.76781970292522
ECS,Europe & Central Asia,2023,GB.XPD.RSDV.GD.ZS,2.14079503057383
ECS,Europe & Central Asia,2022,GB.XPD.RSDV.GD.ZS,2.05658823763358
ECS,Europe & Central Asia,2021,GB.XPD.RSDV.GD.ZS,2.16876429997001
ECS,Europe & Central Asia,2020,GB.XPD.RSDV.GD.ZS,2.18817615139881
ECS,Europe & Central Asia,2019,GB.XPD.RSDV.GD.ZS,2.12147731454218
ECS,Europe & Central Asia,2018,GB.XPD.RSDV.GD.ZS,2.06483077448666
ECS,Europe & Central Asia,2017,GB.XPD.RSDV.GD.ZS,2.02586405984117
ECS,Europe & Central Asia,2016,GB.XPD.RSDV.GD.ZS,1.972025181027
ECS,Europe & Central Asia,2015,GB.XPD.RSDV.GD.ZS,1.98733152641102
ECS,Europe & Central Asia,2014,GB.XPD.RSDV.GD.ZS,1.91701217907982
ECS,Europe & Central Asia,2013,GB.XPD.RSDV.GD.ZS,1.79695018835986
ECS,Europe & Central Asia,2012,GB.XPD.RSDV.GD.ZS,1.81708507923017
ECS,Europe & Central Asia,2011,GB.XPD.RSDV.GD.ZS,1.77099378986903
ECS,Europe & Central Asia,2010,GB.XPD.RSDV.GD.ZS,1.76596555293738
ECS,Europe & Central Asia,2009,GB.XPD.RSDV.GD.ZS,1.80358454021379
ECS,Europe & Central Asia,2008,GB.XPD.RSDV.GD.ZS,1.71573282570199
ECS,Europe & Central Asia,2007,GB.XPD.RSDV.GD.ZS,1.6539722189084
ECS,Europe & Central Asia,2006,GB.XPD.RSDV.GD.ZS,1.65296648149153
ECS,Europe & Central Asia,2005,GB.XPD.RSDV.GD.ZS,1.64565066283489
ECA,Europe & Central Asia (excluding high income),2023,GB.XPD.RSDV.GD.ZS,0.904770346010955
ECA,Europe & Central Asia (excluding high income),2022,GB.XPD.RSDV.GD.ZS,0.813950450351486
ECA,Europe & Central Asia (excluding high income),2021,GB.XPD.RSDV.GD.ZS,0.864415852216202
ECA,Europe & Central Asia (excluding high income),2020,GB.XPD.RSDV.GD.ZS,0.860491599868224
ECA,Europe & Central Asia (excluding high income),2019,GB.XPD.RSDV.GD.ZS,0.837734371196345
ECA,Europe & Central Asia (excluding high income),2018,GB.XPD.RSDV.GD.ZS,0.837659801285922
ECA,Europe & Central Asia (excluding high income),2017,GB.XPD.RSDV.GD.ZS,0.811464458952922
ECA,Europe & Central Asia (excluding high income),2016,GB.XPD.RSDV.GD.ZS,0.797000746678989
ECA,Europe & Central Asia (excluding high income),2015,GB.XPD.RSDV.GD.ZS,0.689650529447458
ECA,Europe & Central Asia (excluding high income),2014,GB.XPD.RSDV.GD.ZS,0.628876635177222
ECA,Europe & Central Asia (excluding high income),2013,GB.XPD.RSDV.GD.ZS,0.621323272451192
ECA,Europe & Central Asia (excluding high income),2012,GB.XPD.RSDV.GD.ZS,0.639997990659133
ECA,Europe & Central Asia (excluding high income),2011,GB.XPD.RSDV.GD.ZS,0.620974440773465
ECA,Europe & Central Asia (excluding high income),2010,GB.XPD.RSDV.GD.ZS,0.647663932088636
ECA,Europe & Central Asia (excluding high income),2009,GB.XPD.RSDV.GD.ZS,0.669033844035275
ECA,Europe & Central Asia (excluding high income),2008,GB.XPD.RSDV.GD.ZS,0.602528837018532
ECA,Europe & Central Asia (excluding high income),2007,GB.XPD.RSDV.GD.ZS,0.616326286779816
ECA,Europe & Central Asia (excluding high income),2006,GB.XPD.RSDV.GD.ZS,0.541003073495873
ECA,Europe & Central Asia (excluding high income),2005,GB.XPD.RSDV.GD.ZS,0.561153829973122
TEC,Europe & Central Asia (IDA & IBRD countries),2023,GB.XPD.RSDV.GD.ZS,0.993324007184082
TEC,Europe & Central Asia (IDA & IBRD countries),2022,GB.XPD.RSDV.GD.ZS,0.928838565644767
TEC,Europe & Central Asia (IDA & IBRD countries),2021,GB.XPD.RSDV.GD.ZS,0.966865197619736
TEC,Europe & Central Asia (IDA & IBRD countries),2020,GB.XPD.RSDV.GD.ZS,1.00845409233774
TEC,Europe & Central Asia (IDA & IBRD countries),2019,GB.XPD.RSDV.GD.ZS,0.968313707742464
TEC,Europe & Central Asia (IDA & IBRD countries),2018,GB.XPD.RSDV.GD.ZS,0.93200573035798
TEC,Europe & Central Asia (IDA & IBRD countries),2017,GB.XPD.RSDV.GD.ZS,0.944309610200855
TEC,Europe & Central Asia (IDA & IBRD countries),2016,GB.XPD.RSDV.GD.ZS,0.915249173262369
TEC,Europe & Central Asia (IDA & IBRD countries),2015,GB.XPD.RSDV.GD.ZS,0.880670374935927
TEC,Europe & Central Asia (IDA & IBRD countries),2014,GB.XPD.RSDV.GD.ZS,0.857834097660022
TEC,Europe & Central Asia (IDA & IBRD countries),2013,GB.XPD.RSDV.GD.ZS,0.833029484110431
TEC,Europe & Central Asia (IDA & IBRD countries),2012,GB.XPD.RSDV.GD.ZS,0.84688472495892
TEC,Europe & Central Asia (IDA & IBRD countries),2011,GB.XPD.RSDV.GD.ZS,0.814193621082567
TEC,Europe & Central Asia (IDA & IBRD countries),2010,GB.XPD.RSDV.GD.ZS,0.852646127041152
TEC,Europe & Central Asia (IDA & IBRD countries),2009,GB.XPD.RSDV.GD.ZS,0.887348395541812
TEC,Europe & Central Asia (IDA & IBRD countries),2008,GB.XPD.RSDV.GD.ZS,0.790089119097277
TEC,Europe & Central Asia (IDA & IBRD countries),2007,GB.XPD.RSDV.GD.ZS,0.809569692825588
TEC,Europe & Central Asia (IDA & IBRD countries),2006,GB.XPD.RSDV.GD.ZS,0.756156434581896
TEC,Europe & Central Asia (IDA & IBRD countries),2005,GB.XPD.RSDV.GD.ZS,0.749885726257765
EUU,European Union,2023,GB.XPD.RSDV.GD.ZS,2.26277335792334
EUU,European Union,2022,GB.XPD.RSDV.GD.ZS,2.22738255907949
EUU,European Union,2021,GB.XPD.RSDV.GD.ZS,2.23759475780294
EUU,European Union,2020,GB.XPD.RSDV.GD.ZS,2.27883471874776
EUU,European Union,2019,GB.XPD.RSDV.GD.ZS,2.20604524104576
EUU,European Union,2018,GB.XPD.RSDV.GD.ZS,2.16898015703787
EUU,European Union,2017,GB.XPD.RSDV.GD.ZS,2.13740034854764
EUU,European Union,2016,GB.XPD.RSDV.GD.ZS,2.10185669802771
EUU,European Union,2015,GB.XPD.RSDV.GD.ZS,2.10239096009599
EUU,European Union,2014,GB.XPD.RSDV.GD.ZS,2.10270987842797
EUU,European Union,2013,GB.XPD.RSDV.GD.ZS,2.08261388828457
EUU,European Union,2012,GB.XPD.RSDV.GD.ZS,2.06377077141031
EUU,European Union,2011,GB.XPD.RSDV.GD.ZS,2.00154542952096
EUU,European Union,2010,GB.XPD.RSDV.GD.ZS,1.95746478625747
EUU,European Union,2009,GB.XPD.RSDV.GD.ZS,1.95713168877559
EUU,European Union,2008,GB.XPD.RSDV.GD.ZS,1.8661672832882
EUU,European Union,2007,GB.XPD.RSDV.GD.ZS,1.7898576785882
EUU,European Union,2006,GB.XPD.RSDV.GD.ZS,1.79606382481232
EUU,European Union,2005,GB.XPD.RSDV.GD.ZS,1.77672615610278
,High income,2023,GB.XPD.RSDV.GD.ZS,2.87543396727734
,High income,2022,GB.XPD.RSDV.GD.ZS,2.84261638625838
,High income,2021,GB.XPD.RSDV.GD.ZS,2.81076375254701
,High income,2020,GB.XPD.RSDV.GD.ZS,2.86059219799692
,High income,2019,GB.XPD.RSDV.GD.ZS,2.68552170916288
,High income,2018,GB.XPD.RSDV.GD.ZS,2.60560777709804
,High income,2017,GB.XPD.RSDV.GD.ZS,2.53253279810324
,High income,2016,GB.XPD.RSDV.GD.ZS,2.50278193883138
,High income,2015,GB.XPD.RSDV.GD.ZS,2.44759233839061
,High income,2014,GB.XPD.RSDV.GD.ZS,2.41424030271251
,High income,2013,GB.XPD.RSDV.GD.ZS,2.31919481093035
,High income,2012,GB.XPD.RSDV.GD.ZS,2.32503064520049
,High income,2011,GB.XPD.RSDV.GD.ZS,2.30585675825837
,High income,2010,GB.XPD.RSDV.GD.ZS,2.31509136979629
,High income,2009,GB.XPD.RSDV.GD.ZS,2.34329864591813
,High income,2008,GB.XPD.RSDV.GD.ZS,2.26522733558959
,High income,2007,GB.XPD.RSDV.GD.ZS,2.20056788092079
,High income,2006,GB.XPD.RSDV.GD.ZS,2.20543482485767
,High income,2005,GB.XPD.RSDV.GD.ZS,2.18546504052235
IBD,IBRD only,2023,GB.XPD.RSDV.GD.ZS,1.8752807844862
IBD,IBRD only,2022,GB.XPD.RSDV.GD.ZS,1.83450349802395
IBD,IBRD only,2021,GB.XPD.RSDV.GD.ZS,1.77054384540358
IBD,IBRD only,2020,GB.XPD.RSDV.GD.ZS,1.58734956120548
IBD,IBRD only,2019,GB.XPD.RSDV.GD.ZS,1.43141463649453
IBD,IBRD only,2018,GB.XPD.RSDV.GD.ZS,1.38963654884501
IBD,IBRD only,2017,GB.XPD.RSDV.GD.ZS,1.33446805150401
IBD,IBRD only,2016,GB.XPD.RSDV.GD.ZS,1.35801073355302
IBD,IBRD only,2015,GB.XPD.RSDV.GD.ZS,1.34020427008938
IBD,IBRD only,2014,GB.XPD.RSDV.GD.ZS,1.2963753622998
IBD,IBRD only,2013,GB.XPD.RSDV.GD.ZS,1.1716062297587
IBD,IBRD only,2012,GB.XPD.RSDV.GD.ZS,1.17518591669319
IBD,IBRD only,2011,GB.XPD.RSDV.GD.ZS,1.08697002159114
IBD,IBRD only,2010,GB.XPD.RSDV.GD.ZS,1.07214548766582
IBD,IBRD only,2009,GB.XPD.RSDV.GD.ZS,1.00674702346533
IBD,IBRD only,2008,GB.XPD.RSDV.GD.ZS,0.926059579315417
IBD,IBRD only,2007,GB.XPD.RSDV.GD.ZS,0.879039992116509
IBD,IBRD only,2006,GB.XPD.RSDV.GD.ZS,0.851756786017962
IBD,IBRD only,2005,GB.XPD.RSDV.GD.ZS,0.820702993603394
IBT,IDA & IBRD total,2023,GB.XPD.RSDV.GD.ZS,1.83676717753263
IBT,IDA & IBRD total,2022,GB.XPD.RSDV.GD.ZS,1.81332330587806
IBT,IDA & IBRD total,2021,GB.XPD.RSDV.GD.ZS,1.74106452597515
IBT,IDA & IBRD total,2020,GB.XPD.RSDV.GD.ZS,1.5739543653088
IBT,IDA & IBRD total,2019,GB.XPD.RSDV.GD.ZS,1.38371472102598
IBT,IDA & IBRD total,2018,GB.XPD.RSDV.GD.ZS,1.37742122178945
IBT,IDA & IBRD total,2017,GB.XPD.RSDV.GD.ZS,1.30445207761074
IBT,IDA & IBRD total,2016,GB.XPD.RSDV.GD.ZS,1.34300113319404
IBT,IDA & IBRD total,2015,GB.XPD.RSDV.GD.ZS,1.30949018439984
IBT,IDA & IBRD total,2014,GB.XPD.RSDV.GD.ZS,1.28385612898363
IBT,IDA & IBRD total,2013,GB.XPD.RSDV.GD.ZS,1.1527806798398
IBT,IDA & IBRD total,2012,GB.XPD.RSDV.GD.ZS,1.17030194642158
IBT,IDA & IBRD total,2011,GB.XPD.RSDV.GD.ZS,1.07405881316922
IBT,IDA & IBRD total,2010,GB.XPD.RSDV.GD.ZS,1.05709931860512
IBT,IDA & IBRD total,2009,GB.XPD.RSDV.GD.ZS,0.993350210659469
IBT,IDA & IBRD total,2008,GB.XPD.RSDV.GD.ZS,0.916378319952868
IBT,IDA & IBRD total,2007,GB.XPD.RSDV.GD.ZS,0.849371845962723
IBT,IDA & IBRD total,2006,GB.XPD.RSDV.GD.ZS,0.845868501332795
IBT,IDA & IBRD total,2005,GB.XPD.RSDV.GD.ZS,0.804681362613175
IDB,IDA blend,2019,GB.XPD.RSDV.GD.ZS,0.239077012351723
IDB,IDA blend,2007,GB.XPD.RSDV.GD.ZS,0.289114982839005
LTE,Late-demographic dividend,2023,GB.XPD.RSDV.GD.ZS,2.09034358877655
LTE,Late-demographic dividend,2022,GB.XPD.RSDV.GD.ZS,2.02080468716553
LTE,Late-demographic dividend,2021,GB.XPD.RSDV.GD.ZS,1.96116789365958
LTE,Late-demographic dividend,2020,GB.XPD.RSDV.GD.ZS,1.9287748714655
LTE,Late-demographic dividend,2019,GB.XPD.RSDV.GD.ZS,1.76617643616171
LTE,Late-demographic dividend,2018,GB.XPD.RSDV.GD.ZS,1.6710773045223
LTE,Late-demographic dividend,2017,GB.XPD.RSDV.GD.ZS,1.64865821073684
LTE,Late-demographic dividend,2016,GB.XPD.RSDV.GD.ZS,1.64436355816066
LTE,Late-demographic dividend,2015,GB.XPD.RSDV.GD.ZS,1.58029436811179
LTE,Late-demographic dividend,2014,GB.XPD.RSDV.GD.ZS,1.5185508624373
LTE,Late-demographic dividend,2013,GB.XPD.RSDV.GD.ZS,1.45865029570522
LTE,Late-demographic dividend,2012,GB.XPD.RSDV.GD.ZS,1.41694330377263
LTE,Late-demographic dividend,2011,GB.XPD.RSDV.GD.ZS,1.27965214501074
LTE,Late-demographic dividend,2010,GB.XPD.RSDV.GD.ZS,1.30584151297195
LTE,Late-demographic dividend,2009,GB.XPD.RSDV.GD.ZS,1.26336412549039
LTE,Late-demographic dividend,2008,GB.XPD.RSDV.GD.ZS,1.0897775068919
LTE,Late-demographic dividend,2007,GB.XPD.RSDV.GD.ZS,1.05433130799235
LTE,Late-demographic dividend,2006,GB.XPD.RSDV.GD.ZS,1.02256832302327
LTE,Late-demographic dividend,2005,GB.XPD.RSDV.GD.ZS,1.0155841204369
LCN,Latin America & Caribbean,2023,GB.XPD.RSDV.GD.ZS,0.682681546543488
LCN,Latin America & Caribbean,2022,GB.XPD.RSDV.GD.ZS,0.657401382768952
LCN,Latin America & Caribbean,2021,GB.XPD.RSDV.GD.ZS,0.617603270264567
LCN,Latin America & Caribbean,2020,GB.XPD.RSDV.GD.ZS,0.644615222117082
LCN,Latin America & Caribbean,2019,GB.XPD.RSDV.GD.ZS,0.626038248103588
LCN,Latin America & Caribbean,2018,GB.XPD.RSDV.GD.ZS,0.638182174027151
LCN,Latin America & Caribbean,2017,GB.XPD.RSDV.GD.ZS,0.647229574033165
LCN,Latin America & Caribbean,2016,GB.XPD.RSDV.GD.ZS,0.687370788747671
LCN,Latin America & Caribbean,2015,GB.XPD.RSDV.GD.ZS,0.728873328202675
LCN,Latin America & Caribbean,2014,GB.XPD.RSDV.GD.ZS,0.753258371465564
LCN,Latin America & Caribbean,2013,GB.XPD.RSDV.GD.ZS,0.712916414074282
LCN,Latin America & Caribbean,2012,GB.XPD.RSDV.GD.ZS,0.680454956322769
LCN,Latin America & Caribbean,2011,GB.XPD.RSDV.GD.ZS,0.707866275754934
LCN,Latin America & Caribbean,2010,GB.XPD.RSDV.GD.ZS,0.732677520135218
LCN,Latin America & Caribbean,2009,GB.XPD.RSDV.GD.ZS,0.692091567954177
LCN,Latin America & Caribbean,2008,GB.XPD.RSDV.GD.ZS,0.666022153469657
LCN,Latin America & Caribbean,2007,GB.XPD.RSDV.GD.ZS,0.619133423938285
LCN,Latin America & Caribbean,2006,GB.XPD.RSDV.GD.ZS,0.582094975874306
LCN,Latin America & Caribbean,2005,GB.XPD.RSDV.GD.ZS,0.582452907203088
LAC,Latin America & Caribbean (excluding high income),2023,GB.XPD.RSDV.GD.ZS,0.696974020068996
LAC,Latin America & Caribbean (excluding high income),2022,GB.XPD.RSDV.GD.ZS,0.692892011042687
LAC,Latin America & Caribbean (excluding high income),2021,GB.XPD.RSDV.GD.ZS,0.65529864902249
LAC,Latin America & Caribbean (excluding high income),2020,GB.XPD.RSDV.GD.ZS,0.68037634277728
LAC,Latin America & Caribbean (excluding high income),2019,GB.XPD.RSDV.GD.ZS,0.654956262674072
LAC,Latin America & Caribbean (excluding high income),2018,GB.XPD.RSDV.GD.ZS,0.6718672554356
LAC,Latin America & Caribbean (excluding high income),2017,GB.XPD.RSDV.GD.ZS,0.679763769120232
LAC,Latin America & Caribbean (excluding high income),2016,GB.XPD.RSDV.GD.ZS,0.725578487221862
LAC,Latin America & Caribbean (excluding high income),2015,GB.XPD.RSDV.GD.ZS,0.776243138884855
LAC,Latin America & Caribbean (excluding high income),2014,GB.XPD.RSDV.GD.ZS,0.787574646118715
LAC,Latin America & Caribbean (excluding high income),2013,GB.XPD.RSDV.GD.ZS,0.749622792342875
LAC,Latin America & Caribbean (excluding high income),2012,GB.XPD.RSDV.GD.ZS,0.708589003230844
LAC,Latin America & Caribbean (excluding high income),2011,GB.XPD.RSDV.GD.ZS,0.736272397999331
LAC,Latin America & Caribbean (excluding high income),2010,GB.XPD.RSDV.GD.ZS,0.764511449354682
LAC,Latin America & Caribbean (excluding high income),2009,GB.XPD.RSDV.GD.ZS,0.725638857108893
LAC,Latin America & Caribbean (excluding high income),2008,GB.XPD.RSDV.GD.ZS,0.691201264416505
LAC,Latin America & Caribbean (excluding high income),2007,GB.XPD.RSDV.GD.ZS,0.645585302967232
LAC,Latin America & Caribbean (excluding high income),2006,GB.XPD.RSDV.GD.ZS,0.591373785826759
LAC,Latin America & Caribbean (excluding high income),2005,GB.XPD.RSDV.GD.ZS,0.589992541830815
TLA,Latin America & the Caribbean (IDA & IBRD countries),2023,GB.XPD.RSDV.GD.ZS,0.682681546543488
TLA,Latin America & the Caribbean (IDA & IBRD countries),2022,GB.XPD.RSDV.GD.ZS,0.657401382768952
TLA,Latin America & the Caribbean (IDA & IBRD countries),2021,GB.XPD.RSDV.GD.ZS,0.617603270264567
TLA,Latin America & the Caribbean (IDA & IBRD countries),2020,GB.XPD.RSDV.GD.ZS,0.647968615418545
TLA,Latin America & the Caribbean (IDA & IBRD countries),2019,GB.XPD.RSDV.GD.ZS,0.627601765260088
TLA,Latin America & the Caribbean (IDA & IBRD countries),2018,GB.XPD.RSDV.GD.ZS,0.640235962347604
TLA,Latin America & the Caribbean (IDA & IBRD countries),2017,GB.XPD.RSDV.GD.ZS,0.651330024451738
TLA,Latin America & the Caribbean (IDA & IBRD countries),2016,GB.XPD.RSDV.GD.ZS,0.694354703019606
TLA,Latin America & the Caribbean (IDA & IBRD countries),2015,GB.XPD.RSDV.GD.ZS,0.741071136453956
TLA,Latin America & the Caribbean (IDA & IBRD countries),2014,GB.XPD.RSDV.GD.ZS,0.757922274757321
TLA,Latin America & the Caribbean (IDA & IBRD countries),2013,GB.XPD.RSDV.GD.ZS,0.720821623162584
TLA,Latin America & the Caribbean (IDA & IBRD countries),2012,GB.XPD.RSDV.GD.ZS,0.683877003969143
TLA,Latin America & the Caribbean (IDA & IBRD countries),2011,GB.XPD.RSDV.GD.ZS,0.713057309586719
TLA,Latin America & the Caribbean (IDA & IBRD countries),2010,GB.XPD.RSDV.GD.ZS,0.734198967308324
TLA,Latin America & the Caribbean (IDA & IBRD countries),2009,GB.XPD.RSDV.GD.ZS,0.699144542842875
TLA,Latin America & the Caribbean (IDA & IBRD countries),2008,GB.XPD.RSDV.GD.ZS,0.668231615752068
TLA,Latin America & the Caribbean (IDA & IBRD countries),2007,GB.XPD.RSDV.GD.ZS,0.622687514800935
TLA,Latin America & the Caribbean (IDA & IBRD countries),2006,GB.XPD.RSDV.GD.ZS,0.58536053179378
TLA,Latin America & the Caribbean (IDA & IBRD countries),2005,GB.XPD.RSDV.GD.ZS,0.584073293124665
LMY,Low & middle income,2023,GB.XPD.RSDV.GD.ZS,1.94660854100118
LMY,Low & middle income,2022,GB.XPD.RSDV.GD.ZS,1.94940550009888
LMY,Low & middle income,2021,GB.XPD.RSDV.GD.ZS,1.84896536423247
LMY,Low & middle income,2020,GB.XPD.RSDV.GD.ZS,1.63624813052416
LMY,Low & middle income,2019,GB.XPD.RSDV.GD.ZS,1.42946991299371
LMY,Low & middle income,2018,GB.XPD.RSDV.GD.ZS,1.43391120594534
LMY,Low & middle income,2017,GB.XPD.RSDV.GD.ZS,1.3466308945359
LMY,Low & middle income,2016,GB.XPD.RSDV.GD.ZS,1.39111979423271
LMY,Low & middle income,2015,GB.XPD.RSDV.GD.ZS,1.35323895626264
LMY,Low & middle income,2014,GB.XPD.RSDV.GD.ZS,1.3398030879602
LMY,Low & middle income,2013,GB.XPD.RSDV.GD.ZS,1.19477569666069
LMY,Low & middle income,2012,GB.XPD.RSDV.GD.ZS,1.2195605341089
LMY,Low & middle income,2011,GB.XPD.RSDV.GD.ZS,1.11193797777656
LMY,Low & middle income,2010,GB.XPD.RSDV.GD.ZS,1.08390858589689
LMY,Low & middle income,2009,GB.XPD.RSDV.GD.ZS,1.00210102110607
LMY,Low & middle income,2008,GB.XPD.RSDV.GD.ZS,0.932516592047564
LMY,Low & middle income,2007,GB.XPD.RSDV.GD.ZS,0.847593553498541
LMY,Low & middle income,2006,GB.XPD.RSDV.GD.ZS,0.842409965995132
LMY,Low & middle income,2005,GB.XPD.RSDV.GD.ZS,0.796415662279293
,Lower middle income,2019,GB.XPD.RSDV.GD.ZS,0.547403081220086
,Lower middle income,2017,GB.XPD.RSDV.GD.ZS,0.583738806545404
,Lower middle income,2011,GB.XPD.RSDV.GD.ZS,0.60643255047049
,Lower middle income,2010,GB.XPD.RSDV.GD.ZS,0.625909837904731
,Lower middle income,2009,GB.XPD.RSDV.GD.ZS,0.644667994788059
,Lower middle income,2007,GB.XPD.RSDV.GD.ZS,0.569858148228751
,Lower middle income,2005,GB.XPD.RSDV.GD.ZS,0.634990975469287
MEA,"Middle East, North Africa, Afghanistan & Pakistan",2021,GB.XPD.RSDV.GD.ZS,1.32887737497567
MEA,"Middle East, North Africa, Afghanistan & Pakistan",2005,GB.XPD.RSDV.GD.ZS,0.723768521489148
MNA,"Middle East, North Africa, Afghanistan & Pakistan (excluding high income)",2021,GB.XPD.RSDV.GD.ZS,0.538755837378145
MNA,"Middle East, North Africa, Afghanistan & Pakistan (excluding high income)",2019,GB.XPD.RSDV.GD.ZS,0.493250414559265
MNA,"Middle East, North Africa, Afghanistan & Pakistan (excluding high income)",2017,GB.XPD.RSDV.GD.ZS,0.493582619748358
MNA,"Middle East, North Africa, Afghanistan & Pakistan (excluding high income)",2015,GB.XPD.RSDV.GD.ZS,0.39337321029174
MNA,"Middle East, North Africa, Afghanistan & Pakistan (excluding high income)",2009,GB.XPD.RSDV.GD.ZS,0.323783283861287
MNA,"Middle East, North Africa, Afghanistan & Pakistan (excluding high income)",2005,GB.XPD.RSDV.GD.ZS,0.399556830861665
TMN,"Middle East, North Africa, Afghanistan & Pakistan (IDA & IBRD)",2021,GB.XPD.RSDV.GD.ZS,0.538755837378145
TMN,"Middle East, North Africa, Afghanistan & Pakistan (IDA & IBRD)",2019,GB.XPD.RSDV.GD.ZS,0.493250414559265
TMN,"Middle East, North Africa, Afghanistan & Pakistan (IDA & IBRD)",2017,GB.XPD.RSDV.GD.ZS,0.493582619748358
TMN,"Middle East, North Africa, Afghanistan & Pakistan (IDA & IBRD)",2015,GB.XPD.RSDV.GD.ZS,0.39337321029174
TMN,"Middle East, North Africa, Afghanistan & Pakistan (IDA & IBRD)",2009,GB.XPD.RSDV.GD.ZS,0.323503886504332
TMN,"Middle East, North Africa, Afghanistan & Pakistan (IDA & IBRD)",2005,GB.XPD.RSDV.GD.ZS,0.399556830861665
MIC,Middle income,2023,GB.XPD.RSDV.GD.ZS,1.95286788905516
MIC,Middle income,2022,GB.XPD.RSDV.GD.ZS,1.95110266746545
MIC,Middle income,2021,GB.XPD.RSDV.GD.ZS,1.85162871790729
MIC,Middle income,2020,GB.XPD.RSDV.GD.ZS,1.63718773615774
MIC,Middle income,2019,GB.XPD.RSDV.GD.ZS,1.43186858175855
MIC,Middle income,2018,GB.XPD.RSDV.GD.ZS,1.43413395493281
MIC,Middle income,2017,GB.XPD.RSDV.GD.ZS,1.35178304718127
MIC,Middle income,2016,GB.XPD.RSDV.GD.ZS,1.39282727750303
MIC,Middle income,2015,GB.XPD.RSDV.GD.ZS,1.35746626069656
MIC,Middle income,2014,GB.XPD.RSDV.GD.ZS,1.34310508196159
MIC,Middle income,2013,GB.XPD.RSDV.GD.ZS,1.19603404780204
MIC,Middle income,2012,GB.XPD.RSDV.GD.ZS,1.2196944641189
MIC,Middle income,2011,GB.XPD.RSDV.GD.ZS,1.11264628762222
MIC,Middle income,2010,GB.XPD.RSDV.GD.ZS,1.0885069817118
MIC,Middle income,2009,GB.XPD.RSDV.GD.ZS,1.00607620070576
MIC,Middle income,2008,GB.XPD.RSDV.GD.ZS,0.936928270016734
MIC,Middle income,2007,GB.XPD.RSDV.GD.ZS,0.852283745800425
MIC,Middle income,2006,GB.XPD.RSDV.GD.ZS,0.845437491030121
MIC,Middle income,2005,GB.XPD.RSDV.GD.ZS,0.803099127284449
NAC,North America,2023,GB.XPD.RSDV.GD.ZS,3.32735501728451
NAC,North America,2022,GB.XPD.RSDV.GD.ZS,3.3569508936103
NAC,North America,2021,GB.XPD.RSDV.GD.ZS,3.34336470006787
NAC,North America,2020,GB.XPD.RSDV.GD.ZS,3.31029130044039
NAC,North America,2019,GB.XPD.RSDV.GD.ZS,3.03819831011577
NAC,North America,2018,GB.XPD.RSDV.GD.ZS,2.89216041080928
NAC,North America,2017,GB.XPD.RSDV.GD.ZS,2.79036479453057
NAC,North America,2016,GB.XPD.RSDV.GD.ZS,2.75352453100094
NAC,North America,2015,GB.XPD.RSDV.GD.ZS,2.68778930567554
NAC,North America,2014,GB.XPD.RSDV.GD.ZS,2.61556360368098
NAC,North America,2013,GB.XPD.RSDV.GD.ZS,2.59749552332333
NAC,North America,2012,GB.XPD.RSDV.GD.ZS,2.58092161099971
NAC,North America,2011,GB.XPD.RSDV.GD.ZS,2.63912442423792
NAC,North America,2010,GB.XPD.RSDV.GD.ZS,2.62714699305689
NAC,North America,2009,GB.XPD.RSDV.GD.ZS,2.71491693311385
NAC,North America,2008,GB.XPD.RSDV.GD.ZS,2.65916060407432
NAC,North America,2007,GB.XPD.RSDV.GD.ZS,2.54858897664181
NAC,North America,2006,GB.XPD.RSDV.GD.ZS,2.49293854653873
NAC,North America,2005,GB.XPD.RSDV.GD.ZS,2.45811888028042
OED,OECD members,2023,GB.XPD.RSDV.GD.ZS,2.93439075279869
OED,OECD members,2022,GB.XPD.RSDV.GD.ZS,2.94231137326631
OED,OECD members,2021,GB.XPD.RSDV.GD.ZS,2.89422761827735
OED,OECD members,2020,GB.XPD.RSDV.GD.ZS,2.91948235220053
OED,OECD members,2019,GB.XPD.RSDV.GD.ZS,2.70936776686714
OED,OECD members,2018,GB.XPD.RSDV.GD.ZS,2.64055443669157
OED,OECD members,2017,GB.XPD.RSDV.GD.ZS,2.53598811696777
OED,OECD members,2016,GB.XPD.RSDV.GD.ZS,2.51043341868186
OED,OECD members,2015,GB.XPD.RSDV.GD.ZS,2.46125133944572
OED,OECD members,2014,GB.XPD.RSDV.GD.ZS,2.43142281914764
OED,OECD members,2013,GB.XPD.RSDV.GD.ZS,2.35398351785893
OED,OECD members,2012,GB.XPD.RSDV.GD.ZS,2.36455974451767
OED,OECD members,2011,GB.XPD.RSDV.GD.ZS,2.34614072315896
OED,OECD members,2010,GB.XPD.RSDV.GD.ZS,2.32126537291714
OED,OECD members,2009,GB.XPD.RSDV.GD.ZS,2.35854567860961
OED,OECD members,2008,GB.XPD.RSDV.GD.ZS,2.28201361754262
OED,OECD members,2007,GB.XPD.RSDV.GD.ZS,2.2025381386414
OED,OECD members,2006,GB.XPD.RSDV.GD.ZS,2.20140113013815
OED,OECD members,2005,GB.XPD.RSDV.GD.ZS,2.17710413315693
OSS,Other small states,2023,GB.XPD.RSDV.GD.ZS,1.36659113608658
OSS,Other small states,2022,GB.XPD.RSDV.GD.ZS,1.37990760466746
OSS,Other small states,2021,GB.XPD.RSDV.GD.ZS,1.42042860813961
OSS,Other small states,2020,GB.XPD.RSDV.GD.ZS,1.35332602739128
OSS,Other small states,2019,GB.XPD.RSDV.GD.ZS,1.20286540759596
OSS,Other small states,2018,GB.XPD.RSDV.GD.ZS,0.99117898805138
OSS,Other small states,2017,GB.XPD.RSDV.GD.ZS,1.04388247617076
OSS,Other small states,2007,GB.XPD.RSDV.GD.ZS,1.21945925192866
OSS,Other small states,2006,GB.XPD.RSDV.GD.ZS,1.31252855578349
OSS,Other small states,2005,GB.XPD.RSDV.GD.ZS,1.11916677655522
PST,Post-demographic dividend,2023,GB.XPD.RSDV.GD.ZS,3.02512839178151
PST,Post-demographic dividend,2022,GB.XPD.RSDV.GD.ZS,3.02511266035915
PST,Post-demographic dividend,2021,GB.XPD.RSDV.GD.ZS,2.97151446683273
PST,Post-demographic dividend,2020,GB.XPD.RSDV.GD.ZS,3.00978778780676
PST,Post-demographic dividend,2019,GB.XPD.RSDV.GD.ZS,2.79305741904112
PST,Post-demographic dividend,2018,GB.XPD.RSDV.GD.ZS,2.73396900584431
PST,Post-demographic dividend,2017,GB.XPD.RSDV.GD.ZS,2.62454254829446
PST,Post-demographic dividend,2016,GB.XPD.RSDV.GD.ZS,2.60341427284485
PST,Post-demographic dividend,2015,GB.XPD.RSDV.GD.ZS,2.55813343457579
PST,Post-demographic dividend,2014,GB.XPD.RSDV.GD.ZS,2.53974740010783
PST,Post-demographic dividend,2013,GB.XPD.RSDV.GD.ZS,2.45544899036706
PST,Post-demographic dividend,2012,GB.XPD.RSDV.GD.ZS,2.46521683370531
PST,Post-demographic dividend,2011,GB.XPD.RSDV.GD.ZS,2.444440037067
PST,Post-demographic dividend,2010,GB.XPD.RSDV.GD.ZS,2.4160634204027
PST,Post-demographic dividend,2009,GB.XPD.RSDV.GD.ZS,2.4458723833045
PST,Post-demographic dividend,2008,GB.XPD.RSDV.GD.ZS,2.37889719617595
PST,Post-demographic dividend,2007,GB.XPD.RSDV.GD.ZS,2.29611504229614
PST,Post-demographic dividend,2006,GB.XPD.RSDV.GD.ZS,2.28354220943801
PST,Post-demographic dividend,2005,GB.XPD.RSDV.GD.ZS,2.25414106105663
SST,Small states,2018,GB.XPD.RSDV.GD.ZS,0.853701889474843
SAS,South Asia,2020,GB.XPD.RSDV.GD.ZS,0.629398082170943
SAS,South Asia,2019,GB.XPD.RSDV.GD.ZS,0.65942
SAS,South Asia,2018,GB.XPD.RSDV.GD.ZS,0.64176002005904
SAS,South Asia,2017,GB.XPD.RSDV.GD.ZS,0.647201451866441
SAS,South Asia,2016,GB.XPD.RSDV.GD.ZS,0.649546154608078
SAS,South Asia,2015,GB.XPD.RSDV.GD.ZS,0.670154902767671
SAS,South Asia,2014,GB.XPD.RSDV.GD.ZS,0.678025269824795
SAS,South Asia,2013,GB.XPD.RSDV.GD.ZS,0.682172287887328
SAS,South Asia,2012,GB.XPD.RSDV.GD.ZS,0.74399
SAS,South Asia,2011,GB.XPD.RSDV.GD.ZS,0.75502
SAS,South Asia,2010,GB.XPD.RSDV.GD.ZS,0.762064289662439
SAS,South Asia,2009,GB.XPD.RSDV.GD.ZS,0.827694335291312
SAS,South Asia,2008,GB.XPD.RSDV.GD.ZS,0.826499370275791
SAS,South Asia,2007,GB.XPD.RSDV.GD.ZS,0.80507
SAS,South Asia,2006,GB.XPD.RSDV.GD.ZS,0.78632736913797
SAS,South Asia,2005,GB.XPD.RSDV.GD.ZS,0.82411
TSA,South Asia (IDA & IBRD),2020,GB.XPD.RSDV.GD.ZS,0.629398082170943
TSA,South Asia (IDA & IBRD),2019,GB.XPD.RSDV.GD.ZS,0.65942
TSA,South Asia (IDA & IBRD),2018,GB.XPD.RSDV.GD.ZS,0.64176002005904
TSA,South Asia (IDA & IBRD),2017,GB.XPD.RSDV.GD.ZS,0.647201451866441
TSA,South Asia (IDA & IBRD),2016,GB.XPD.RSDV.GD.ZS,0.649546154608078
TSA,South Asia (IDA & IBRD),2015,GB.XPD.RSDV.GD.ZS,0.670154902767671
TSA,South Asia (IDA & IBRD),2014,GB.XPD.RSDV.GD.ZS,0.678025269824795
TSA,South Asia (IDA & IBRD),2013,GB.XPD.RSDV.GD.ZS,0.682172287887328
TSA,South Asia (IDA & IBRD),2012,GB.XPD.RSDV.GD.ZS,0.74399
TSA,South Asia (IDA & IBRD),2011,GB.XPD.RSDV.GD.ZS,0.75502
TSA,South Asia (IDA & IBRD),2010,GB.XPD.RSDV.GD.ZS,0.762064289662439
TSA,South Asia (IDA & IBRD),2009,GB.XPD.RSDV.GD.ZS,0.827694335291312
TSA,South Asia (IDA & IBRD),2008,GB.XPD.RSDV.GD.ZS,0.826499370275792
TSA,South Asia (IDA & IBRD),2007,GB.XPD.RSDV.GD.ZS,0.80507
TSA,South Asia (IDA & IBRD),2006,GB.XPD.RSDV.GD.ZS,0.78632736913797
TSA,South Asia (IDA & IBRD),2005,GB.XPD.RSDV.GD.ZS,0.82411
SSF,Sub-Saharan Africa,2007,GB.XPD.RSDV.GD.ZS,0.442468713514599
SSA,Sub-Saharan Africa (excluding high income),2007,GB.XPD.RSDV.GD.ZS,0.442468713514599
TSS,Sub-Saharan Africa (IDA & IBRD countries),2007,GB.XPD.RSDV.GD.ZS,0.442468713514599
,Upper middle income,2023,GB.XPD.RSDV.GD.ZS,2.00770643673343
,Upper middle income,2022,GB.XPD.RSDV.GD.ZS,1.98875081975164
,Upper middle income,2021,GB.XPD.RSDV.GD.ZS,1.90425559778497
,Upper middle income,2020,GB.XPD.RSDV.GD.ZS,1.77593057997441
,Upper middle income,2019,GB.XPD.RSDV.GD.ZS,1.59658562157875
,Upper middle income,2018,GB.XPD.RSDV.GD.ZS,1.54528453023653
,Upper middle income,2017,GB.XPD.RSDV.GD.ZS,1.47566979445011
,Upper middle income,2016,GB.XPD.RSDV.GD.ZS,1.50912401852283
,Upper middle income,2015,GB.XPD.RSDV.GD.ZS,1.47254913257101
,Upper middle income,2014,GB.XPD.RSDV.GD.ZS,1.44558537731462
,Upper middle income,2013,GB.XPD.RSDV.GD.ZS,1.28448424004828
,Upper middle income,2012,GB.XPD.RSDV.GD.ZS,1.31359741622615
,Upper middle income,2011,GB.XPD.RSDV.GD.ZS,1.19980175988041
,Upper middle income,2010,GB.XPD.RSDV.GD.ZS,1.18332547430808
,Upper middle income,2009,GB.XPD.RSDV.GD.ZS,1.07335622778343
,Upper middle income,2008,GB.XPD.RSDV.GD.ZS,0.982482310738092
,Upper middle income,2007,GB.XPD.RSDV.GD.ZS,0.923283072508603
,Upper middle income,2006,GB.XPD.RSDV.GD.ZS,0.878447790171953
,Upper middle income,2005,GB.XPD.RSDV.GD.ZS,0.837010491445823
WLD,World,2023,GB.XPD.RSDV.GD.ZS,2.59737836465431
WLD,World,2022,GB.XPD.RSDV.GD.ZS,2.5711591602204
WLD,World,2021,GB.XPD.RSDV.GD.ZS,2.5227995854217
WLD,World,2020,GB.XPD.RSDV.GD.ZS,2.45606936077903
WLD,World,2019,GB.XPD.RSDV.GD.ZS,2.26339308318271
WLD,World,2018,GB.XPD.RSDV.GD.ZS,2.21817463707231
WLD,World,2017,GB.XPD.RSDV.GD.ZS,2.14199917077902
WLD,World,2016,GB.XPD.RSDV.GD.ZS,2.14865606825884
WLD,World,2015,GB.XPD.RSDV.GD.ZS,2.10431830423067
WLD,World,2014,GB.XPD.RSDV.GD.ZS,2.08659703677765
WLD,World,2013,GB.XPD.RSDV.GD.ZS,1.975191691907
WLD,World,2012,GB.XPD.RSDV.GD.ZS,2.01288483345794
WLD,World,2011,GB.XPD.RSDV.GD.ZS,1.98165761122278
WLD,World,2010,GB.XPD.RSDV.GD.ZS,1.99889242984883
WLD,World,2009,GB.XPD.RSDV.GD.ZS,2.01385351337703
WLD,World,2008,GB.XPD.RSDV.GD.ZS,1.97782056990498
WLD,World,2007,GB.XPD.RSDV.GD.ZS,1.92478790620051
WLD,World,2006,GB.XPD.RSDV.GD.ZS,1.95948046250741
WLD,World,2005,GB.XPD.RSDV.GD.ZS,1.94742294314691
ALB,Albania,2022,GB.XPD.RSDV.GD.ZS,0.19997
ALB,Albania,2021,GB.XPD.RSDV.GD.ZS,0.18998
ALB,Albania,2008,GB.XPD.RSDV.GD.ZS,0.14973
ALB,Albania,2007,GB.XPD.RSDV.GD.ZS,0.08411
DZA,Algeria,2024,GB.XPD.RSDV.GD.ZS,0.44395
DZA,Algeria,2023,GB.XPD.RSDV.GD.ZS,0.37787
DZA,Algeria,2017,GB.XPD.RSDV.GD.ZS,0.47865
DZA,Algeria,2005,GB.XPD.RSDV.GD.ZS,0.06367
ASM,American Samoa,2006,GB.XPD.RSDV.GD.ZS,0.39552
ASM,American Samoa,2005,GB.XPD.RSDV.GD.ZS,0.36692
AND,Andorra,2022,GB.XPD.RSDV.GD.ZS,0.15818
AGO,Angola,2016,GB.XPD.RSDV.GD.ZS,0.03229
ARG,Argentina,2023,GB.XPD.RSDV.GD.ZS,0.60111
ARG,Argentina,2022,GB.XPD.RSDV.GD.ZS,0.54951
ARG,Argentina,2021,GB.XPD.RSDV.GD.ZS,0.5236
ARG,Argentina,2020,GB.XPD.RSDV.GD.ZS,0.54126
ARG,Argentina,2019,GB.XPD.RSDV.GD.ZS,0.47813
ARG,Argentina,2018,GB.XPD.RSDV.GD.ZS,0.4883
ARG,Argentina,2017,GB.XPD.RSDV.GD.ZS,0.55632
ARG,Argentina,2016,GB.XPD.RSDV.GD.ZS,0.55815
ARG,Argentina,2015,GB.XPD.RSDV.GD.ZS,0.62262
ARG,Argentina,2014,GB.XPD.RSDV.GD.ZS,0.59396
ARG,Argentina,2013,GB.XPD.RSDV.GD.ZS,0.61849
ARG,Argentina,2012,GB.XPD.RSDV.GD.ZS,0.63491
ARG,Argentina,2011,GB.XPD.RSDV.GD.ZS,0.56597
ARG,Argentina,2010,GB.XPD.RSDV.GD.ZS,0.56104
ARG,Argentina,2009,GB.XPD.RSDV.GD.ZS,0.58398
ARG,Argentina,2008,GB.XPD.RSDV.GD.ZS,0.47055
ARG,Argentina,2007,GB.XPD.RSDV.GD.ZS,0.46007
ARG,Argentina,2006,GB.XPD.RSDV.GD.ZS,0.45216
ARG,Argentina,2005,GB.XPD.RSDV.GD.ZS,0.42075
ARM,Armenia,2024,GB.XPD.RSDV.GD.ZS,0.2861
ARM,Armenia,2023,GB.XPD.RSDV.GD.ZS,0.1821
ARM,Armenia,2022,GB.XPD.RSDV.GD.ZS,0.20955
ARM,Armenia,2021,GB.XPD.RSDV.GD.ZS,0.20557
ARM,Armenia,2020,GB.XPD.RSDV.GD.ZS,0.2092
ARM,Armenia,2019,GB.XPD.RSDV.GD.ZS,0.17854
ARM,Armenia,2018,GB.XPD.RSDV.GD.ZS,0.18876
ARM,Armenia,2017,GB.XPD.RSDV.GD.ZS,0.22788
ARM,Armenia,2016,GB.XPD.RSDV.GD.ZS,0.23305
ARM,Armenia,2015,GB.XPD.RSDV.GD.ZS,0.25002
ARM,Armenia,2014,GB.XPD.RSDV.GD.ZS,0.24151
ARM,Armenia,2013,GB.XPD.RSDV.GD.ZS,0.22216
ARM,Armenia,2012,GB.XPD.RSDV.GD.ZS,0.23853
ARM,Armenia,2011,GB.XPD.RSDV.GD.ZS,0.27014
ARM,Armenia,2010,GB.XPD.RSDV.GD.ZS,0.24139
ARM,Armenia,2009,GB.XPD.RSDV.GD.ZS,0.29093
ARM,Armenia,2008,GB.XPD.RSDV.GD.ZS,0.22438
ARM,Armenia,2007,GB.XPD.RSDV.GD.ZS,0.21107
ARM,Armenia,2006,GB.XPD.RSDV.GD.ZS,0.24057
ARM,Armenia,2005,GB.XPD.RSDV.GD.ZS,0.25761
AUS,Australia,2021,GB.XPD.RSDV.GD.ZS,1.85783
AUS,Australia,2019,GB.XPD.RSDV.GD.ZS,1.82826
AUS,Australia,2017,GB.XPD.RSDV.GD.ZS,1.88102
AUS,Australia,2015,GB.XPD.RSDV.GD.ZS,1.91969
AUS,Australia,2013,GB.XPD.RSDV.GD.ZS,2.17733
AUS,Australia,2011,GB.XPD.RSDV.GD.ZS,2.23459
AUS,Australia,2010,GB.XPD.RSDV.GD.ZS,2.3702
AUS,Australia,2008,GB.XPD.RSDV.GD.ZS,2.39898
AUS,Australia,2006,GB.XPD.RSDV.GD.ZS,2.17862
AUT,Austria,2023,GB.XPD.RSDV.GD.ZS,3.25517
AUT,Austria,2022,GB.XPD.RSDV.GD.ZS,3.17775
AUT,Austria,2021,GB.XPD.RSDV.GD.ZS,3.25565
AUT,Austria,2020,GB.XPD.RSDV.GD.ZS,3.20758
AUT,Austria,2019,GB.XPD.RSDV.GD.ZS,3.14405
AUT,Austria,2018,GB.XPD.RSDV.GD.ZS,3.10828
AUT,Austria,2017,GB.XPD.RSDV.GD.ZS,3.07376
AUT,Austria,2016,GB.XPD.RSDV.GD.ZS,3.13356
AUT,Austria,2015,GB.XPD.RSDV.GD.ZS,3.06917
AUT,Austria,2014,GB.XPD.RSDV.GD.ZS,3.11263
AUT,Austria,2013,GB.XPD.RSDV.GD.ZS,2.97993
AUT,Austria,2012,GB.XPD.RSDV.GD.ZS,2.93372
AUT,Austria,2011,GB.XPD.RSDV.GD.ZS,2.68567
AUT,Austria,2010,GB.XPD.RSDV.GD.ZS,2.74321
AUT,Austria,2009,GB.XPD.RSDV.GD.ZS,2.61279
AUT,Austria,2008,GB.XPD.RSDV.GD.ZS,2.58632
AUT,Austria,2007,GB.XPD.RSDV.GD.ZS,2.4336
AUT,Austria,2006,GB.XPD.RSDV.GD.ZS,2.376
AUT,Austria,2005,GB.XPD.RSDV.GD.ZS,2.38942
AZE,Azerbaijan,2024,GB.XPD.RSDV.GD.ZS,0.20778
AZE,Azerbaijan,2023,GB.XPD.RSDV.GD.ZS,0.1816
AZE,Azerbaijan,2022,GB.XPD.RSDV.GD.ZS,0.1513
AZE,Azerbaijan,2021,GB.XPD.RSDV.GD.ZS,0.20836
AZE,Azerbaijan,2020,GB.XPD.RSDV.GD.ZS,0.2239
AZE,Azerbaijan,2019,GB.XPD.RSDV.GD.ZS,0.20013
AZE,Azerbaijan,2018,GB.XPD.RSDV.GD.ZS,0.18416
AZE,Azerbaijan,2017,GB.XPD.RSDV.GD.ZS,0.18468
AZE,Azerbaijan,2016,GB.XPD.RSDV.GD.ZS,0.20637
AZE,Azerbaijan,2015,GB.XPD.RSDV.GD.ZS,0.22232
AZE,Azerbaijan,2014,GB.XPD.RSDV.GD.ZS,0.20978
AZE,Azerbaijan,2013,GB.XPD.RSDV.GD.ZS,0.20969
AZE,Azerbaijan,2012,GB.XPD.RSDV.GD.ZS,0.21427
AZE,Azerbaijan,2011,GB.XPD.RSDV.GD.ZS,0.21084
AZE,Azerbaijan,2010,GB.XPD.RSDV.GD.ZS,0.21848
AZE,Azerbaijan,2009,GB.XPD.RSDV.GD.ZS,0.24976
AZE,Azerbaijan,2008,GB.XPD.RSDV.GD.ZS,0.16554
AZE,Azerbaijan,2007,GB.XPD.RSDV.GD.ZS,0.17006
AZE,Azerbaijan,2006,GB.XPD.RSDV.GD.ZS,0.17165
AZE,Azerbaijan,2005,GB.XPD.RSDV.GD.ZS,0.21994
BHR,Bahrain,2024,GB.XPD.RSDV.GD.ZS,0.19327
BHR,Bahrain,2014,GB.XPD.RSDV.GD.ZS,0.09713
BLR,Belarus,2024,GB.XPD.RSDV.GD.ZS,0.5872
BLR,Belarus,2023,GB.XPD.RSDV.GD.ZS,0.57348
BLR,Belarus,2022,GB.XPD.RSDV.GD.ZS,0.47477
BLR,Belarus,2021,GB.XPD.RSDV.GD.ZS,0.45981
BLR,Belarus,2020,GB.XPD.RSDV.GD.ZS,0.53901
BLR,Belarus,2019,GB.XPD.RSDV.GD.ZS,0.57733
BLR,Belarus,2018,GB.XPD.RSDV.GD.ZS,0.60443
BLR,Belarus,2017,GB.XPD.RSDV.GD.ZS,0.58411
BLR,Belarus,2016,GB.XPD.RSDV.GD.ZS,0.50063
BLR,Belarus,2015,GB.XPD.RSDV.GD.ZS,0.49999
BLR,Belarus,2014,GB.XPD.RSDV.GD.ZS,0.50548
BLR,Belarus,2013,GB.XPD.RSDV.GD.ZS,0.65191
BLR,Belarus,2012,GB.XPD.RSDV.GD.ZS,0.64603
BLR,Belarus,2011,GB.XPD.RSDV.GD.ZS,0.6776
BLR,Belarus,2010,GB.XPD.RSDV.GD.ZS,0.66913
BLR,Belarus,2009,GB.XPD.RSDV.GD.ZS,0.62167
BLR,Belarus,2008,GB.XPD.RSDV.GD.ZS,0.74147
BLR,Belarus,2007,GB.XPD.RSDV.GD.ZS,0.96203
BLR,Belarus,2006,GB.XPD.RSDV.GD.ZS,0.66065
BLR,Belarus,2005,GB.XPD.RSDV.GD.ZS,0.67852
BEL,Belgium,2023,GB.XPD.RSDV.GD.ZS,3.27235
BEL,Belgium,2022,GB.XPD.RSDV.GD.ZS,3.19592
BEL,Belgium,2021,GB.XPD.RSDV.GD.ZS,3.40589
BEL,Belgium,2020,GB.XPD.RSDV.GD.ZS,3.36823
BEL,Belgium,2019,GB.XPD.RSDV.GD.ZS,3.15154
BEL,Belgium,2018,GB.XPD.RSDV.GD.ZS,2.86365
BEL,Belgium,2017,GB.XPD.RSDV.GD.ZS,2.67654
BEL,Belgium,2016,GB.XPD.RSDV.GD.ZS,2.53291
BEL,Belgium,2015,GB.XPD.RSDV.GD.ZS,2.43496
BEL,Belgium,2014,GB.XPD.RSDV.GD.ZS,2.35858
BEL,Belgium,2013,GB.XPD.RSDV.GD.ZS,2.32047
BEL,Belgium,2012,GB.XPD.RSDV.GD.ZS,2.27079
BEL,Belgium,2011,GB.XPD.RSDV.GD.ZS,2.15739
BEL,Belgium,2010,GB.XPD.RSDV.GD.ZS,2.0613
BEL,Belgium,2009,GB.XPD.RSDV.GD.ZS,1.99134
BEL,Belgium,2008,GB.XPD.RSDV.GD.ZS,1.93684
BEL,Belgium,2007,GB.XPD.RSDV.GD.ZS,1.84999
BEL,Belgium,2006,GB.XPD.RSDV.GD.ZS,1.82269
BEL,Belgium,2005,GB.XPD.RSDV.GD.ZS,1.7906
BMU,Bermuda,2020,GB.XPD.RSDV.GD.ZS,0.22546
BMU,Bermuda,2019,GB.XPD.RSDV.GD.ZS,0.26451
BMU,Bermuda,2018,GB.XPD.RSDV.GD.ZS,0.22851
BMU,Bermuda,2015,GB.XPD.RSDV.GD.ZS,0.19507
BMU,Bermuda,2014,GB.XPD.RSDV.GD.ZS,0.19083
BMU,Bermuda,2013,GB.XPD.RSDV.GD.ZS,0.1963
BMU,Bermuda,2012,GB.XPD.RSDV.GD.ZS,0.23355
BMU,Bermuda,2011,GB.XPD.RSDV.GD.ZS,0.26195
BMU,Bermuda,2010,GB.XPD.RSDV.GD.ZS,0.1805
BMU,Bermuda,2009,GB.XPD.RSDV.GD.ZS,0.18235
BMU,Bermuda,2008,GB.XPD.RSDV.GD.ZS,0.16848
BMU,Bermuda,2007,GB.XPD.RSDV.GD.ZS,0.16026
BTN,Bhutan,2024,GB.XPD.RSDV.GD.ZS,0.09979
BTN,Bhutan,2023,GB.XPD.RSDV.GD.ZS,0.10787
BOL,Bolivia,2021,GB.XPD.RSDV.GD.ZS,0.06308
BOL,Bolivia,2019,GB.XPD.RSDV.GD.ZS,0.06643
BOL,Bolivia,2017,GB.XPD.RSDV.GD.ZS,0.07627
BOL,Bolivia,2009,GB.XPD.RSDV.GD.ZS,0.157
BIH,Bosnia and Herzegovina,2024,GB.XPD.RSDV.GD.ZS,0.21437
BIH,Bosnia and Herzegovina,2023,GB.XPD.RSDV.GD.ZS,0.18853
BIH,Bosnia and Herzegovina,2022,GB.XPD.RSDV.GD.ZS,0.18743
BIH,Bosnia and Herzegovina,2021,GB.XPD.RSDV.GD.ZS,0.19035
BIH,Bosnia and Herzegovina,2020,GB.XPD.RSDV.GD.ZS,0.20325
BIH,Bosnia and Herzegovina,2019,GB.XPD.RSDV.GD.ZS,0.19001
BIH,Bosnia and Herzegovina,2018,GB.XPD.RSDV.GD.ZS,0.19199
BIH,Bosnia and Herzegovina,2017,GB.XPD.RSDV.GD.ZS,0.1978
BIH,Bosnia and Herzegovina,2016,GB.XPD.RSDV.GD.ZS,0.21337
BIH,Bosnia and Herzegovina,2015,GB.XPD.RSDV.GD.ZS,0.21603
BIH,Bosnia and Herzegovina,2014,GB.XPD.RSDV.GD.ZS,0.25725
BIH,Bosnia and Herzegovina,2013,GB.XPD.RSDV.GD.ZS,0.32132
BIH,Bosnia and Herzegovina,2012,GB.XPD.RSDV.GD.ZS,0.26533
BIH,Bosnia and Herzegovina,2009,GB.XPD.RSDV.GD.ZS,0.02106
BIH,Bosnia and Herzegovina,2008,GB.XPD.RSDV.GD.ZS,0.01842
BIH,Bosnia and Herzegovina,2007,GB.XPD.RSDV.GD.ZS,0.02521
BIH,Bosnia and Herzegovina,2006,GB.XPD.RSDV.GD.ZS,0.01969
BIH,Bosnia and Herzegovina,2005,GB.XPD.RSDV.GD.ZS,0.02697
BWA,Botswana,2013,GB.XPD.RSDV.GD.ZS,0.561
BWA,Botswana,2012,GB.XPD.RSDV.GD.ZS,0.26759
BWA,Botswana,2005,GB.XPD.RSDV.GD.ZS,0.53286
BRA,Brazil,2023,GB.XPD.RSDV.GD.ZS,1.1938
BRA,Brazil,2022,GB.XPD.RSDV.GD.ZS,1.18873
BRA,Brazil,2021,GB.XPD.RSDV.GD.ZS,1.13371
BRA,Brazil,2020,GB.XPD.RSDV.GD.ZS,1.21907
BRA,Brazil,2019,GB.XPD.RSDV.GD.ZS,1.15115
BRA,Brazil,2018,GB.XPD.RSDV.GD.ZS,1.15016
BRA,Brazil,2017,GB.XPD.RSDV.GD.ZS,1.1175
BRA,Brazil,2016,GB.XPD.RSDV.GD.ZS,1.19584
BRA,Brazil,2015,GB.XPD.RSDV.GD.ZS,1.28464
BRA,Brazil,2014,GB.XPD.RSDV.GD.ZS,1.26971
BRA,Brazil,2013,GB.XPD.RSDV.GD.ZS,1.19567
BRA,Brazil,2012,GB.XPD.RSDV.GD.ZS,1.12684
BRA,Brazil,2011,GB.XPD.RSDV.GD.ZS,1.13966
BRA,Brazil,2010,GB.XPD.RSDV.GD.ZS,1.15992
BRA,Brazil,2009,GB.XPD.RSDV.GD.ZS,1.11866
BRA,Brazil,2008,GB.XPD.RSDV.GD.ZS,1.12904
BRA,Brazil,2007,GB.XPD.RSDV.GD.ZS,1.08138
BRA,Brazil,2006,GB.XPD.RSDV.GD.ZS,0.98807
BRA,Brazil,2005,GB.XPD.RSDV.GD.ZS,1.00247
BRN,Brunei Darussalam,2018,GB.XPD.RSDV.GD.ZS,0.27764
BGR,Bulgaria,2023,GB.XPD.RSDV.GD.ZS,0.79224
BGR,Bulgaria,2022,GB.XPD.RSDV.GD.ZS,0.75174
BGR,Bulgaria,2021,GB.XPD.RSDV.GD.ZS,0.76933
BGR,Bulgaria,2020,GB.XPD.RSDV.GD.ZS,0.84549
BGR,Bulgaria,2019,GB.XPD.RSDV.GD.ZS,0.83576
BGR,Bulgaria,2018,GB.XPD.RSDV.GD.ZS,0.75505
BGR,Bulgaria,2017,GB.XPD.RSDV.GD.ZS,0.74037
BGR,Bulgaria,2016,GB.XPD.RSDV.GD.ZS,0.77009
BGR,Bulgaria,2015,GB.XPD.RSDV.GD.ZS,0.94947
BGR,Bulgaria,2014,GB.XPD.RSDV.GD.ZS,0.79007
BGR,Bulgaria,2013,GB.XPD.RSDV.GD.ZS,0.63424
BGR,Bulgaria,2012,GB.XPD.RSDV.GD.ZS,0.60039
BGR,Bulgaria,2011,GB.XPD.RSDV.GD.ZS,0.5295
BGR,Bulgaria,2010,GB.XPD.RSDV.GD.ZS,0.56299
BGR,Bulgaria,2009,GB.XPD.RSDV.GD.ZS,0.49338
BGR,Bulgaria,2008,GB.XPD.RSDV.GD.ZS,0.44731
BGR,Bulgaria,2007,GB.XPD.RSDV.GD.ZS,0.43003
BGR,Bulgaria,2006,GB.XPD.RSDV.GD.ZS,0.44216
BGR,Bulgaria,2005,GB.XPD.RSDV.GD.ZS,0.44269
BFA,Burkina Faso,2024,GB.XPD.RSDV.GD.ZS,0.10477
BFA,Burkina Faso,2023,GB.XPD.RSDV.GD.ZS,0.09845
BFA,Burkina Faso,2021,GB.XPD.RSDV.GD.ZS,0.25057
BFA,Burkina Faso,2020,GB.XPD.RSDV.GD.ZS,0.25116
BFA,Burkina Faso,2019,GB.XPD.RSDV.GD.ZS,0.17435
BFA,Burkina Faso,2017,GB.XPD.RSDV.GD.ZS,0.61361
BFA,Burkina Faso,2014,GB.XPD.RSDV.GD.ZS,0.19719
BFA,Burkina Faso,2009,GB.XPD.RSDV.GD.ZS,0.17787
BFA,Burkina Faso,2008,GB.XPD.RSDV.GD.ZS,0.16568
BFA,Burkina Faso,2007,GB.XPD.RSDV.GD.ZS,0.09836
BFA,Burkina Faso,2005,GB.XPD.RSDV.GD.ZS,0.15166
BDI,Burundi,2018,GB.XPD.RSDV.GD.ZS,0.21312
BDI,Burundi,2012,GB.XPD.RSDV.GD.ZS,0.10702
BDI,Burundi,2010,GB.XPD.RSDV.GD.ZS,0.13719
BDI,Burundi,2009,GB.XPD.RSDV.GD.ZS,0.14096
BDI,Burundi,2008,GB.XPD.RSDV.GD.ZS,0.15417
BDI,Burundi,2007,GB.XPD.RSDV.GD.ZS,0.20068
CPV,Cabo Verde,2011,GB.XPD.RSDV.GD.ZS,0.06622
KHM,Cambodia,2015,GB.XPD.RSDV.GD.ZS,0.08828
CAN,Canada,2024,GB.XPD.RSDV.GD.ZS,1.7908
CAN,Canada,2023,GB.XPD.RSDV.GD.ZS,1.81048
CAN,Canada,2022,GB.XPD.RSDV.GD.ZS,1.81291
CAN,Canada,2021,GB.XPD.RSDV.GD.ZS,1.87064
CAN,Canada,2020,GB.XPD.RSDV.GD.ZS,1.93413
CAN,Canada,2019,GB.XPD.RSDV.GD.ZS,1.75578
CAN,Canada,2018,GB.XPD.RSDV.GD.ZS,1.7372
CAN,Canada,2017,GB.XPD.RSDV.GD.ZS,1.68702
CAN,Canada,2016,GB.XPD.RSDV.GD.ZS,1.72903
CAN,Canada,2015,GB.XPD.RSDV.GD.ZS,1.6936
CAN,Canada,2014,GB.XPD.RSDV.GD.ZS,1.71482
CAN,Canada,2013,GB.XPD.RSDV.GD.ZS,1.70624
CAN,Canada,2012,GB.XPD.RSDV.GD.ZS,1.77303
CAN,Canada,2011,GB.XPD.RSDV.GD.ZS,1.78714
CAN,Canada,2010,GB.XPD.RSDV.GD.ZS,1.82504
CAN,Canada,2009,GB.XPD.RSDV.GD.ZS,1.91742
CAN,Canada,2008,GB.XPD.RSDV.GD.ZS,1.85578
CAN,Canada,2007,GB.XPD.RSDV.GD.ZS,1.90358
CAN,Canada,2006,GB.XPD.RSDV.GD.ZS,1.94304
CAN,Canada,2005,GB.XPD.RSDV.GD.ZS,1.97127
TCD,Chad,2016,GB.XPD.RSDV.GD.ZS,0.23294
CHL,Chile,2022,GB.XPD.RSDV.GD.ZS,0.39205
CHL,Chile,2021,GB.XPD.RSDV.GD.ZS,0.36063
CHL,Chile,2020,GB.XPD.RSDV.GD.ZS,0.33525
CHL,Chile,2019,GB.XPD.RSDV.GD.ZS,0.34243
CHL,Chile,2018,GB.XPD.RSDV.GD.ZS,0.36916
CHL,Chile,2017,GB.XPD.RSDV.GD.ZS,0.35679
CHL,Chile,2016,GB.XPD.RSDV.GD.ZS,0.37103
CHL,Chile,2015,GB.XPD.RSDV.GD.ZS,0.38296
CHL,Chile,2014,GB.XPD.RSDV.GD.ZS,0.37668
CHL,Chile,2013,GB.XPD.RSDV.GD.ZS,0.39031
CHL,Chile,2012,GB.XPD.RSDV.GD.ZS,0.36213
CHL,Chile,2011,GB.XPD.RSDV.GD.ZS,0.35288
CHL,Chile,2010,GB.XPD.RSDV.GD.ZS,0.33165
CHL,Chile,2009,GB.XPD.RSDV.GD.ZS,0.35403
CHL,Chile,2008,GB.XPD.RSDV.GD.ZS,0.37492
CHL,Chile,2007,GB.XPD.RSDV.GD.ZS,0.31143
CHN,China,2023,GB.XPD.RSDV.GD.ZS,2.57729
CHN,China,2022,GB.XPD.RSDV.GD.ZS,2.4945
CHN,China,2021,GB.XPD.RSDV.GD.ZS,2.38165
CHN,China,2020,GB.XPD.RSDV.GD.ZS,2.35712
CHN,China,2019,GB.XPD.RSDV.GD.ZS,2.20144
CHN,China,2018,GB.XPD.RSDV.GD.ZS,2.10232
CHN,China,2017,GB.XPD.RSDV.GD.ZS,2.07771
CHN,China,2016,GB.XPD.RSDV.GD.ZS,2.0595
CHN,China,2015,GB.XPD.RSDV.GD.ZS,2.01703
CHN,China,2014,GB.XPD.RSDV.GD.ZS,1.98475
CHN,China,2013,GB.XPD.RSDV.GD.ZS,1.96246
CHN,China,2012,GB.XPD.RSDV.GD.ZS,1.88095
CHN,China,2011,GB.XPD.RSDV.GD.ZS,1.75244
CHN,China,2010,GB.XPD.RSDV.GD.ZS,1.68456
CHN,China,2009,GB.XPD.RSDV.GD.ZS,1.6366
CHN,China,2008,GB.XPD.RSDV.GD.ZS,1.4233
CHN,China,2007,GB.XPD.RSDV.GD.ZS,1.35321
CHN,China,2006,GB.XPD.RSDV.GD.ZS,1.34923
CHN,China,2005,GB.XPD.RSDV.GD.ZS,1.29008
COL,Colombia,2020,GB.XPD.RSDV.GD.ZS,0.2894
COL,Colombia,2019,GB.XPD.RSDV.GD.ZS,0.32201
COL,Colombia,2018,GB.XPD.RSDV.GD.ZS,0.31233
COL,Colombia,2017,GB.XPD.RSDV.GD.ZS,0.26109
COL,Colombia,2016,GB.XPD.RSDV.GD.ZS,0.27051
COL,Colombia,2015,GB.XPD.RSDV.GD.ZS,0.36542
COL,Colombia,2014,GB.XPD.RSDV.GD.ZS,0.30317
COL,Colombia,2013,GB.XPD.RSDV.GD.ZS,0.25761
COL,Colombia,2012,GB.XPD.RSDV.GD.ZS,0.22116
COL,Colombia,2011,GB.XPD.RSDV.GD.ZS,0.19842
COL,Colombia,2010,GB.XPD.RSDV.GD.ZS,0.19358
COL,Colombia,2009,GB.XPD.RSDV.GD.ZS,0.19351
COL,Colombia,2008,GB.XPD.RSDV.GD.ZS,0.19541
COL,Colombia,2007,GB.XPD.RSDV.GD.ZS,0.18307
COL,Colombia,2006,GB.XPD.RSDV.GD.ZS,0.16427
COL,Colombia,2005,GB.XPD.RSDV.GD.ZS,0.16557
COD,"Congo, Dem. Rep.",2015,GB.XPD.RSDV.GD.ZS,0.40638
COD,"Congo, Dem. Rep.",2009,GB.XPD.RSDV.GD.ZS,0.07822
COD,"Congo, Dem. Rep.",2008,GB.XPD.RSDV.GD.ZS,0.08253
COD,"Congo, Dem. Rep.",2007,GB.XPD.RSDV.GD.ZS,0.13609
COD,"Congo, Dem. Rep.",2006,GB.XPD.RSDV.GD.ZS,0.06044
COD,"Congo, Dem. Rep.",2005,GB.XPD.RSDV.GD.ZS,0.05799
COG,"Congo, Rep.",2022,GB.XPD.RSDV.GD.ZS,0.38339
CRI,Costa Rica,2023,GB.XPD.RSDV.GD.ZS,0.33738
CRI,Costa Rica,2022,GB.XPD.RSDV.GD.ZS,0.33789
CRI,Costa Rica,2021,GB.XPD.RSDV.GD.ZS,0.27385
CRI,Costa Rica,2020,GB.XPD.RSDV.GD.ZS,0.33002
CRI,Costa Rica,2018,GB.XPD.RSDV.GD.ZS,0.37144
CRI,Costa Rica,2017,GB.XPD.RSDV.GD.ZS,0.42587
CRI,Costa Rica,2016,GB.XPD.RSDV.GD.ZS,0.44335
CRI,Costa Rica,2015,GB.XPD.RSDV.GD.ZS,0.43665
CRI,Costa Rica,2014,GB.XPD.RSDV.GD.ZS,0.55627
CRI,Costa Rica,2013,GB.XPD.RSDV.GD.ZS,0.54253
CRI,Costa Rica,2012,GB.XPD.RSDV.GD.ZS,0.54713
CRI,Costa Rica,2011,GB.XPD.RSDV.GD.ZS,0.46235
CRI,Costa Rica,2010,GB.XPD.RSDV.GD.ZS,0.4799
CRI,Costa Rica,2009,GB.XPD.RSDV.GD.ZS,0.51718
CRI,Costa Rica,2008,GB.XPD.RSDV.GD.ZS,0.38593
CRI,Costa Rica,2007,GB.XPD.RSDV.GD.ZS,0.35655
CRI,Costa Rica,2006,GB.XPD.RSDV.GD.ZS,0.42693
CIV,Cote d'Ivoire,2016,GB.XPD.RSDV.GD.ZS,0.06975
HRV,Croatia,2023,GB.XPD.RSDV.GD.ZS,1.38621
HRV,Croatia,2022,GB.XPD.RSDV.GD.ZS,1.41896
HRV,Croatia,2021,GB.XPD.RSDV.GD.ZS,1.24187
HRV,Croatia,2020,GB.XPD.RSDV.GD.ZS,1.23536
HRV,Croatia,2019,GB.XPD.RSDV.GD.ZS,1.07723
HRV,Croatia,2018,GB.XPD.RSDV.GD.ZS,0.94608
HRV,Croatia,2017,GB.XPD.RSDV.GD.ZS,0.84354
HRV,Croatia,2016,GB.XPD.RSDV.GD.ZS,0.84569
HRV,Croatia,2015,GB.XPD.RSDV.GD.ZS,0.82388
HRV,Croatia,2014,GB.XPD.RSDV.GD.ZS,0.76744
HRV,Croatia,2013,GB.XPD.RSDV.GD.ZS,0.79163
HRV,Croatia,2012,GB.XPD.RSDV.GD.ZS,0.73545
HRV,Croatia,2011,GB.XPD.RSDV.GD.ZS,0.73493
HRV,Croatia,2010,GB.XPD.RSDV.GD.ZS,0.72875
HRV,Croatia,2009,GB.XPD.RSDV.GD.ZS,0.82999
HRV,Croatia,2008,GB.XPD.RSDV.GD.ZS,0.87629
HRV,Croatia,2007,GB.XPD.RSDV.GD.ZS,0.78328
HRV,Croatia,2006,GB.XPD.RSDV.GD.ZS,0.73228
HRV,Croatia,2005,GB.XPD.RSDV.GD.ZS,0.84799
CUB,Cuba,2024,GB.XPD.RSDV.GD.ZS,0.43839
CUB,Cuba,2023,GB.XPD.RSDV.GD.ZS,0.39213
CUB,Cuba,2022,GB.XPD.RSDV.GD.ZS,0.36032
CUB,Cuba,2021,GB.XPD.RSDV.GD.ZS,0.32282
CUB,Cuba,2020,GB.XPD.RSDV.GD.ZS,0.51838
CUB,Cuba,2019,GB.XPD.RSDV.GD.ZS,0.55308
CUB,Cuba,2018,GB.XPD.RSDV.GD.ZS,0.53691
CUB,Cuba,2017,GB.XPD.RSDV.GD.ZS,0.43066
CUB,Cuba,2016,GB.XPD.RSDV.GD.ZS,0.34223
CUB,Cuba,2015,GB.XPD.RSDV.GD.ZS,0.42854
CUB,Cuba,2014,GB.XPD.RSDV.GD.ZS,0.41596
CUB,Cuba,2013,GB.XPD.RSDV.GD.ZS,0.47467
CUB,Cuba,2012,GB.XPD.RSDV.GD.ZS,0.40716
CUB,Cuba,2011,GB.XPD.RSDV.GD.ZS,0.27192
CUB,Cuba,2010,GB.XPD.RSDV.GD.ZS,0.60767
CUB,Cuba,2009,GB.XPD.RSDV.GD.ZS,0.61485
CUB,Cuba,2008,GB.XPD.RSDV.GD.ZS,0.50061
CUB,Cuba,2007,GB.XPD.RSDV.GD.ZS,0.43615
CUB,Cuba,2006,GB.XPD.RSDV.GD.ZS,0.44139
CUB,Cuba,2005,GB.XPD.RSDV.GD.ZS,0.5492
CYP,Cyprus,2023,GB.XPD.RSDV.GD.ZS,0.68145
CYP,Cyprus,2022,GB.XPD.RSDV.GD.ZS,0.70468
CYP,Cyprus,2021,GB.XPD.RSDV.GD.ZS,0.77686
CYP,Cyprus,2020,GB.XPD.RSDV.GD.ZS,0.82581
CYP,Cyprus,2019,GB.XPD.RSDV.GD.ZS,0.70269
CYP,Cyprus,2018,GB.XPD.RSDV.GD.ZS,0.61032
CYP,Cyprus,2017,GB.XPD.RSDV.GD.ZS,0.54259
CYP,Cyprus,2016,GB.XPD.RSDV.GD.ZS,0.5197
CYP,Cyprus,2015,GB.XPD.RSDV.GD.ZS,0.47529
CYP,Cyprus,2014,GB.XPD.RSDV.GD.ZS,0.51205
CYP,Cyprus,2013,GB.XPD.RSDV.GD.ZS,0.48485
CYP,Cyprus,2012,GB.XPD.RSDV.GD.ZS,0.43765
CYP,Cyprus,2011,GB.XPD.RSDV.GD.ZS,0.45263
CYP,Cyprus,2010,GB.XPD.RSDV.GD.ZS,0.44292
CYP,Cyprus,2009,GB.XPD.RSDV.GD.ZS,0.44437
CYP,Cyprus,2008,GB.XPD.RSDV.GD.ZS,0.38594
CYP,Cyprus,2007,GB.XPD.RSDV.GD.ZS,0.40007
CYP,Cyprus,2006,GB.XPD.RSDV.GD.ZS,0.38346
CYP,Cyprus,2005,GB.XPD.RSDV.GD.ZS,0.36727
CZE,Czechia,2023,GB.XPD.RSDV.GD.ZS,1.83369
CZE,Czechia,2022,GB.XPD.RSDV.GD.ZS,1.89089
CZE,Czechia,2021,GB.XPD.RSDV.GD.ZS,1.93302
CZE,Czechia,2020,GB.XPD.RSDV.GD.ZS,1.94537
CZE,Czechia,2019,GB.XPD.RSDV.GD.ZS,1.89547
CZE,Czechia,2018,GB.XPD.RSDV.GD.ZS,1.87652
CZE,Czechia,2017,GB.XPD.RSDV.GD.ZS,1.74513
CZE,Czechia,2016,GB.XPD.RSDV.GD.ZS,1.65411
CZE,Czechia,2015,GB.XPD.RSDV.GD.ZS,1.906
CZE,Czechia,2014,GB.XPD.RSDV.GD.ZS,1.94392
CZE,Czechia,2013,GB.XPD.RSDV.GD.ZS,1.86743
CZE,Czechia,2012,GB.XPD.RSDV.GD.ZS,1.757
CZE,Czechia,2011,GB.XPD.RSDV.GD.ZS,1.5323
CZE,Czechia,2010,GB.XPD.RSDV.GD.ZS,1.31352
CZE,Czechia,2009,GB.XPD.RSDV.GD.ZS,1.28943
CZE,Czechia,2008,GB.XPD.RSDV.GD.ZS,1.2352
CZE,Czechia,2007,GB.XPD.RSDV.GD.ZS,1.2967
CZE,Czechia,2006,GB.XPD.RSDV.GD.ZS,1.22564
CZE,Czechia,2005,GB.XPD.RSDV.GD.ZS,1.15998
DNK,Denmark,2023,GB.XPD.RSDV.GD.ZS,3.04841
DNK,Denmark,2022,GB.XPD.RSDV.GD.ZS,2.86709
DNK,Denmark,2021,GB.XPD.RSDV.GD.ZS,2.74323
DNK,Denmark,2020,GB.XPD.RSDV.GD.ZS,2.96533
DNK,Denmark,2019,GB.XPD.RSDV.GD.ZS,2.90605
DNK,Denmark,2018,GB.XPD.RSDV.GD.ZS,2.97895
DNK,Denmark,2017,GB.XPD.RSDV.GD.ZS,2.93576
DNK,Denmark,2016,GB.XPD.RSDV.GD.ZS,3.10209
DNK,Denmark,2015,GB.XPD.RSDV.GD.ZS,3.06422
DNK,Denmark,2014,GB.XPD.RSDV.GD.ZS,2.91543
DNK,Denmark,2013,GB.XPD.RSDV.GD.ZS,2.96145
DNK,Denmark,2012,GB.XPD.RSDV.GD.ZS,2.9845
DNK,Denmark,2011,GB.XPD.RSDV.GD.ZS,2.94198
DNK,Denmark,2010,GB.XPD.RSDV.GD.ZS,2.91389
DNK,Denmark,2009,GB.XPD.RSDV.GD.ZS,3.04209
DNK,Denmark,2008,GB.XPD.RSDV.GD.ZS,2.76081
DNK,Denmark,2007,GB.XPD.RSDV.GD.ZS,2.50921
DNK,Denmark,2006,GB.XPD.RSDV.GD.ZS,2.39875
DNK,Denmark,2005,GB.XPD.RSDV.GD.ZS,2.38721
ECU,Ecuador,2014,GB.XPD.RSDV.GD.ZS,0.43839
ECU,Ecuador,2013,GB.XPD.RSDV.GD.ZS,0.37423
ECU,Ecuador,2012,GB.XPD.RSDV.GD.ZS,0.33308
ECU,Ecuador,2011,GB.XPD.RSDV.GD.ZS,0.34115
ECU,Ecuador,2010,GB.XPD.RSDV.GD.ZS,0.41127
ECU,Ecuador,2009,GB.XPD.RSDV.GD.ZS,0.41055
ECU,Ecuador,2008,GB.XPD.RSDV.GD.ZS,0.23011
ECU,Ecuador,2007,GB.XPD.RSDV.GD.ZS,0.13501
ECU,Ecuador,2006,GB.XPD.RSDV.GD.ZS,0.13176
EGY,"Egypt, Arab Rep.",2024,GB.XPD.RSDV.GD.ZS,1.01757
EGY,"Egypt, Arab Rep.",2023,GB.XPD.RSDV.GD.ZS,1.03356
EGY,"Egypt, Arab Rep.",2022,GB.XPD.RSDV.GD.ZS,1.01968
EGY,"Egypt, Arab Rep.",2021,GB.XPD.RSDV.GD.ZS,0.91175
EGY,"Egypt, Arab Rep.",2020,GB.XPD.RSDV.GD.ZS,0.91564
EGY,"Egypt, Arab Rep.",2019,GB.XPD.RSDV.GD.ZS,0.79617
EGY,"Egypt, Arab Rep.",2018,GB.XPD.RSDV.GD.ZS,0.68839
EGY,"Egypt, Arab Rep.",2017,GB.XPD.RSDV.GD.ZS,0.64486
EGY,"Egypt, Arab Rep.",2016,GB.XPD.RSDV.GD.ZS,0.70848
EGY,"Egypt, Arab Rep.",2015,GB.XPD.RSDV.GD.ZS,0.71858
EGY,"Egypt, Arab Rep.",2014,GB.XPD.RSDV.GD.ZS,0.63649
EGY,"Egypt, Arab Rep.",2013,GB.XPD.RSDV.GD.ZS,0.63895
EGY,"Egypt, Arab Rep.",2012,GB.XPD.RSDV.GD.ZS,0.50899
EGY,"Egypt, Arab Rep.",2011,GB.XPD.RSDV.GD.ZS,0.53154
EGY,"Egypt, Arab Rep.",2010,GB.XPD.RSDV.GD.ZS,0.43345
EGY,"Egypt, Arab Rep.",2009,GB.XPD.RSDV.GD.ZS,0.43312
EGY,"Egypt, Arab Rep.",2008,GB.XPD.RSDV.GD.ZS,0.27024
EGY,"Egypt, Arab Rep.",2007,GB.XPD.RSDV.GD.ZS,0.2551
EGY,"Egypt, Arab Rep.",2006,GB.XPD.RSDV.GD.ZS,0.25903
EGY,"Egypt, Arab Rep.",2005,GB.XPD.RSDV.GD.ZS,0.24141
SLV,El Salvador,2023,GB.XPD.RSDV.GD.ZS,0.10152
SLV,El Salvador,2022,GB.XPD.RSDV.GD.ZS,0.14333
SLV,El Salvador,2021,GB.XPD.RSDV.GD.ZS,0.16252
SLV,El Salvador,2020,GB.XPD.RSDV.GD.ZS,0.16299
SLV,El Salvador,2019,GB.XPD.RSDV.GD.ZS,0.17477
SLV,El Salvador,2018,GB.XPD.RSDV.GD.ZS,0.16531
SLV,El Salvador,2017,GB.XPD.RSDV.GD.ZS,0.18078
SLV,El Salvador,2016,GB.XPD.RSDV.GD.ZS,0.14493
SLV,El Salvador,2015,GB.XPD.RSDV.GD.ZS,0.14348
SLV,El Salvador,2014,GB.XPD.RSDV.GD.ZS,0.09377
SLV,El Salvador,2013,GB.XPD.RSDV.GD.ZS,0.06387
SLV,El Salvador,2012,GB.XPD.RSDV.GD.ZS,0.03397
SLV,El Salvador,2011,GB.XPD.RSDV.GD.ZS,0.0355
SLV,El Salvador,2010,GB.XPD.RSDV.GD.ZS,0.07806
SLV,El Salvador,2009,GB.XPD.RSDV.GD.ZS,0.0909
SLV,El Salvador,2008,GB.XPD.RSDV.GD.ZS,0.13399
SLV,El Salvador,2007,GB.XPD.RSDV.GD.ZS,0.1056
EST,Estonia,2023,GB.XPD.RSDV.GD.ZS,1.83878
EST,Estonia,2022,GB.XPD.RSDV.GD.ZS,1.76094
EST,Estonia,2021,GB.XPD.RSDV.GD.ZS,1.75152
EST,Estonia,2020,GB.XPD.RSDV.GD.ZS,1.72614
EST,Estonia,2019,GB.XPD.RSDV.GD.ZS,1.59093
EST,Estonia,2018,GB.XPD.RSDV.GD.ZS,1.38298
EST,Estonia,2017,GB.XPD.RSDV.GD.ZS,1.25152
EST,Estonia,2016,GB.XPD.RSDV.GD.ZS,1.21835
EST,Estonia,2015,GB.XPD.RSDV.GD.ZS,1.44125
EST,Estonia,2014,GB.XPD.RSDV.GD.ZS,1.40794
EST,Estonia,2013,GB.XPD.RSDV.GD.ZS,1.70141
EST,Estonia,2012,GB.XPD.RSDV.GD.ZS,2.10485
EST,Estonia,2011,GB.XPD.RSDV.GD.ZS,2.29632
EST,Estonia,2010,GB.XPD.RSDV.GD.ZS,1.57892
EST,Estonia,2009,GB.XPD.RSDV.GD.ZS,1.39673
EST,Estonia,2008,GB.XPD.RSDV.GD.ZS,1.25182
EST,Estonia,2007,GB.XPD.RSDV.GD.ZS,1.05869
EST,Estonia,2006,GB.XPD.RSDV.GD.ZS,1.11259
EST,Estonia,2005,GB.XPD.RSDV.GD.ZS,0.91687
SWZ,Eswatini,2015,GB.XPD.RSDV.GD.ZS,0.27807
ETH,Ethiopia,2017,GB.XPD.RSDV.GD.ZS,0.27437
ETH,Ethiopia,2013,GB.XPD.RSDV.GD.ZS,0.60474
ETH,Ethiopia,2010,GB.XPD.RSDV.GD.ZS,0.24137
ETH,Ethiopia,2007,GB.XPD.RSDV.GD.ZS,0.17089
ETH,Ethiopia,2005,GB.XPD.RSDV.GD.ZS,0.17917
FIN,Finland,2023,GB.XPD.RSDV.GD.ZS,3.0938
FIN,Finland,2022,GB.XPD.RSDV.GD.ZS,2.982
FIN,Finland,2021,GB.XPD.RSDV.GD.ZS,3.01133
FIN,Finland,2020,GB.XPD.RSDV.GD.ZS,2.93278
FIN,Finland,2019,GB.XPD.RSDV.GD.ZS,2.81534
FIN,Finland,2018,GB.XPD.RSDV.GD.ZS,2.77601
FIN,Finland,2017,GB.XPD.RSDV.GD.ZS,2.74723
FIN,Finland,2016,GB.XPD.RSDV.GD.ZS,2.74716
FIN,Finland,2015,GB.XPD.RSDV.GD.ZS,2.88826
FIN,Finland,2014,GB.XPD.RSDV.GD.ZS,3.16344
FIN,Finland,2013,GB.XPD.RSDV.GD.ZS,3.28462
FIN,Finland,2012,GB.XPD.RSDV.GD.ZS,3.4095
FIN,Finland,2011,GB.XPD.RSDV.GD.ZS,3.62434
FIN,Finland,2010,GB.XPD.RSDV.GD.ZS,3.70524
FIN,Finland,2009,GB.XPD.RSDV.GD.ZS,3.73427
FIN,Finland,2008,GB.XPD.RSDV.GD.ZS,3.53719
FIN,Finland,2007,GB.XPD.RSDV.GD.ZS,3.33727
FIN,Finland,2006,GB.XPD.RSDV.GD.ZS,3.33285
FIN,Finland,2005,GB.XPD.RSDV.GD.ZS,3.32412
FRA,France,2023,GB.XPD.RSDV.GD.ZS,2.17832
FRA,France,2022,GB.XPD.RSDV.GD.ZS,2.21937
FRA,France,2021,GB.XPD.RSDV.GD.ZS,2.21278
FRA,France,2020,GB.XPD.RSDV.GD.ZS,2.2742
FRA,France,2019,GB.XPD.RSDV.GD.ZS,2.19668
FRA,France,2018,GB.XPD.RSDV.GD.ZS,2.20407
FRA,France,2017,GB.XPD.RSDV.GD.ZS,2.20422
FRA,France,2016,GB.XPD.RSDV.GD.ZS,2.22468
FRA,France,2015,GB.XPD.RSDV.GD.ZS,2.22401
FRA,France,2014,GB.XPD.RSDV.GD.ZS,2.27173
FRA,France,2013,GB.XPD.RSDV.GD.ZS,2.23369
FRA,France,2012,GB.XPD.RSDV.GD.ZS,2.22761
FRA,France,2011,GB.XPD.RSDV.GD.ZS,2.18761
FRA,France,2010,GB.XPD.RSDV.GD.ZS,2.17771
FRA,France,2009,GB.XPD.RSDV.GD.ZS,2.21273
FRA,France,2008,GB.XPD.RSDV.GD.ZS,2.06363
FRA,France,2007,GB.XPD.RSDV.GD.ZS,2.02815
FRA,France,2006,GB.XPD.RSDV.GD.ZS,2.05331
FRA,France,2005,GB.XPD.RSDV.GD.ZS,2.05599
GAB,Gabon,2009,GB.XPD.RSDV.GD.ZS,0.57924
GAB,Gabon,2008,GB.XPD.RSDV.GD.ZS,0.5109
GAB,Gabon,2007,GB.XPD.RSDV.GD.ZS,0.41633
GMB,"Gambia, The",2018,GB.XPD.RSDV.GD.ZS,0.06933
GMB,"Gambia, The",2011,GB.XPD.RSDV.GD.ZS,0.0848
GMB,"Gambia, The",2009,GB.XPD.RSDV.GD.ZS,0.01086
GMB,"Gambia, The",2008,GB.XPD.RSDV.GD.ZS,0.01261
GEO,Georgia,2024,GB.XPD.RSDV.GD.ZS,0.26435
GEO,Georgia,2023,GB.XPD.RSDV.GD.ZS,0.25084
GEO,Georgia,2022,GB.XPD.RSDV.GD.ZS,0.2347
GEO,Georgia,2021,GB.XPD.RSDV.GD.ZS,0.24875
GEO,Georgia,2020,GB.XPD.RSDV.GD.ZS,0.29765
GEO,Georgia,2019,GB.XPD.RSDV.GD.ZS,0.28197
GEO,Georgia,2018,GB.XPD.RSDV.GD.ZS,0.27573
GEO,Georgia,2017,GB.XPD.RSDV.GD.ZS,0.26645
GEO,Georgia,2016,GB.XPD.RSDV.GD.ZS,0.28025
GEO,Georgia,2015,GB.XPD.RSDV.GD.ZS,0.29397
GEO,Georgia,2014,GB.XPD.RSDV.GD.ZS,0.16991
GEO,Georgia,2013,GB.XPD.RSDV.GD.ZS,0.0771
GEO,Georgia,2005,GB.XPD.RSDV.GD.ZS,0.17658
DEU,Germany,2023,GB.XPD.RSDV.GD.ZS,3.1539
DEU,Germany,2022,GB.XPD.RSDV.GD.ZS,3.07096
DEU,Germany,2021,GB.XPD.RSDV.GD.ZS,3.0786
DEU,Germany,2020,GB.XPD.RSDV.GD.ZS,3.0897
DEU,Germany,2019,GB.XPD.RSDV.GD.ZS,3.11256
DEU,Germany,2018,GB.XPD.RSDV.GD.ZS,3.05057
DEU,Germany,2017,GB.XPD.RSDV.GD.ZS,2.9886
DEU,Germany,2016,GB.XPD.RSDV.GD.ZS,2.88393
DEU,Germany,2015,GB.XPD.RSDV.GD.ZS,2.87725
DEU,Germany,2014,GB.XPD.RSDV.GD.ZS,2.82218
DEU,Germany,2013,GB.XPD.RSDV.GD.ZS,2.78067
DEU,Germany,2012,GB.XPD.RSDV.GD.ZS,2.82499
DEU,Germany,2011,GB.XPD.RSDV.GD.ZS,2.75016
DEU,Germany,2010,GB.XPD.RSDV.GD.ZS,2.67632
DEU,Germany,2009,GB.XPD.RSDV.GD.ZS,2.68864
DEU,Germany,2008,GB.XPD.RSDV.GD.ZS,2.57152
DEU,Germany,2007,GB.XPD.RSDV.GD.ZS,2.41918
DEU,Germany,2006,GB.XPD.RSDV.GD.ZS,2.43043
DEU,Germany,2005,GB.XPD.RSDV.GD.ZS,2.40266
GHA,Ghana,2010,GB.XPD.RSDV.GD.ZS,0.37655
GHA,Ghana,2007,GB.XPD.RSDV.GD.ZS,0.23157
GRC,Greece,2023,GB.XPD.RSDV.GD.ZS,1.4943
GRC,Greece,2022,GB.XPD.RSDV.GD.ZS,1.47714
GRC,Greece,2021,GB.XPD.RSDV.GD.ZS,1.43353
GRC,Greece,2020,GB.XPD.RSDV.GD.ZS,1.48872
GRC,Greece,2019,GB.XPD.RSDV.GD.ZS,1.26236
GRC,Greece,2018,GB.XPD.RSDV.GD.ZS,1.2066
GRC,Greece,2017,GB.XPD.RSDV.GD.ZS,1.1492
GRC,Greece,2016,GB.XPD.RSDV.GD.ZS,1.00556
GRC,Greece,2015,GB.XPD.RSDV.GD.ZS,0.9716
GRC,Greece,2014,GB.XPD.RSDV.GD.ZS,0.84553
GRC,Greece,2013,GB.XPD.RSDV.GD.ZS,0.82288
GRC,Greece,2012,GB.XPD.RSDV.GD.ZS,0.71953
GRC,Greece,2011,GB.XPD.RSDV.GD.ZS,0.6837
GRC,Greece,2010,GB.XPD.RSDV.GD.ZS,0.60491
GRC,Greece,2009,GB.XPD.RSDV.GD.ZS,0.63414
GRC,Greece,2008,GB.XPD.RSDV.GD.ZS,0.67086
GRC,Greece,2007,GB.XPD.RSDV.GD.ZS,0.58513
GRC,Greece,2006,GB.XPD.RSDV.GD.ZS,0.57051
GRC,Greece,2005,GB.XPD.RSDV.GD.ZS,0.59224
GUM,Guam,2005,GB.XPD.RSDV.GD.ZS,0.2561
GTM,Guatemala,2023,GB.XPD.RSDV.GD.ZS,0.00609
GTM,Guatemala,2022,GB.XPD.RSDV.GD.ZS,0.00549
GTM,Guatemala,2021,GB.XPD.RSDV.GD.ZS,0.05835
GTM,Guatemala,2020,GB.XPD.RSDV.GD.ZS,0.04887
GTM,Guatemala,2019,GB.XPD.RSDV.GD.ZS,0.02642
GTM,Guatemala,2018,GB.XPD.RSDV.GD.ZS,0.02938
GTM,Guatemala,2017,GB.XPD.RSDV.GD.ZS,0.02955
GTM,Guatemala,2016,GB.XPD.RSDV.GD.ZS,0.02311
GTM,Guatemala,2015,GB.XPD.RSDV.GD.ZS,0.03064
GTM,Guatemala,2014,GB.XPD.RSDV.GD.ZS,0.02949
GTM,Guatemala,2013,GB.XPD.RSDV.GD.ZS,0.03916
GTM,Guatemala,2012,GB.XPD.RSDV.GD.ZS,0.04543
GTM,Guatemala,2011,GB.XPD.RSDV.GD.ZS,0.04894
GTM,Guatemala,2010,GB.XPD.RSDV.GD.ZS,0.04421
GTM,Guatemala,2009,GB.XPD.RSDV.GD.ZS,0.0562
GTM,Guatemala,2008,GB.XPD.RSDV.GD.ZS,0.0629
GTM,Guatemala,2007,GB.XPD.RSDV.GD.ZS,0.06782
GTM,Guatemala,2006,GB.XPD.RSDV.GD.ZS,0.0501
GTM,Guatemala,2005,GB.XPD.RSDV.GD.ZS,0.03556
HND,Honduras,2019,GB.XPD.RSDV.GD.ZS,0.05997
HND,Honduras,2018,GB.XPD.RSDV.GD.ZS,0.06394
HND,Honduras,2017,GB.XPD.RSDV.GD.ZS,0.03994
HND,Honduras,2015,GB.XPD.RSDV.GD.ZS,0.01497
HKG,"Hong Kong SAR, China",2024,GB.XPD.RSDV.GD.ZS,1.12597
HKG,"Hong Kong SAR, China",2023,GB.XPD.RSDV.GD.ZS,1.10625
HKG,"Hong Kong SAR, China",2022,GB.XPD.RSDV.GD.ZS,1.07293
HKG,"Hong Kong SAR, China",2021,GB.XPD.RSDV.GD.ZS,0.97026
HKG,"Hong Kong SAR, China",2020,GB.XPD.RSDV.GD.ZS,0.99236
HKG,"Hong Kong SAR, China",2019,GB.XPD.RSDV.GD.ZS,0.92557
HKG,"Hong Kong SAR, China",2018,GB.XPD.RSDV.GD.ZS,0.8633
HKG,"Hong Kong SAR, China",2017,GB.XPD.RSDV.GD.ZS,0.83519
HKG,"Hong Kong SAR, China",2016,GB.XPD.RSDV.GD.ZS,0.7915
HKG,"Hong Kong SAR, China",2015,GB.XPD.RSDV.GD.ZS,0.76183
HKG,"Hong Kong SAR, China",2014,GB.XPD.RSDV.GD.ZS,0.74014
HKG,"Hong Kong SAR, China",2013,GB.XPD.RSDV.GD.ZS,0.73017
HKG,"Hong Kong SAR, China",2012,GB.XPD.RSDV.GD.ZS,0.72733
HKG,"Hong Kong SAR, China",2011,GB.XPD.RSDV.GD.ZS,0.72086
HKG,"Hong Kong SAR, China",2010,GB.XPD.RSDV.GD.ZS,0.74946
HKG,"Hong Kong SAR, China",2009,GB.XPD.RSDV.GD.ZS,0.77342
HKG,"Hong Kong SAR, China",2008,GB.XPD.RSDV.GD.ZS,0.71996
HKG,"Hong Kong SAR, China",2007,GB.XPD.RSDV.GD.ZS,0.75161
HKG,"Hong Kong SAR, China",2006,GB.XPD.RSDV.GD.ZS,0.79469
HKG,"Hong Kong SAR, China",2005,GB.XPD.RSDV.GD.ZS,0.77343
HUN,Hungary,2023,GB.XPD.RSDV.GD.ZS,1.37748
HUN,Hungary,2022,GB.XPD.RSDV.GD.ZS,1.39056
HUN,Hungary,2021,GB.XPD.RSDV.GD.ZS,1.63327
HUN,Hungary,2020,GB.XPD.RSDV.GD.ZS,1.58067
HUN,Hungary,2019,GB.XPD.RSDV.GD.ZS,1.46473
HUN,Hungary,2018,GB.XPD.RSDV.GD.ZS,1.50196
HUN,Hungary,2017,GB.XPD.RSDV.GD.ZS,1.31498
HUN,Hungary,2016,GB.XPD.RSDV.GD.ZS,1.17645
HUN,Hungary,2015,GB.XPD.RSDV.GD.ZS,1.33884
HUN,Hungary,2014,GB.XPD.RSDV.GD.ZS,1.3437
HUN,Hungary,2013,GB.XPD.RSDV.GD.ZS,1.38449
HUN,Hungary,2012,GB.XPD.RSDV.GD.ZS,1.25758
HUN,Hungary,2011,GB.XPD.RSDV.GD.ZS,1.18116
HUN,Hungary,2010,GB.XPD.RSDV.GD.ZS,1.13102
HUN,Hungary,2009,GB.XPD.RSDV.GD.ZS,1.13027
HUN,Hungary,2008,GB.XPD.RSDV.GD.ZS,0.97817
HUN,Hungary,2007,GB.XPD.RSDV.GD.ZS,0.95488
HUN,Hungary,2006,GB.XPD.RSDV.GD.ZS,0.97835
HUN,Hungary,2005,GB.XPD.RSDV.GD.ZS,0.92043
ISL,Iceland,2023,GB.XPD.RSDV.GD.ZS,2.64005
ISL,Iceland,2022,GB.XPD.RSDV.GD.ZS,2.60089
ISL,Iceland,2021,GB.XPD.RSDV.GD.ZS,2.78171
ISL,Iceland,2020,GB.XPD.RSDV.GD.ZS,2.4864
ISL,Iceland,2019,GB.XPD.RSDV.GD.ZS,2.34018
ISL,Iceland,2018,GB.XPD.RSDV.GD.ZS,2.00081
ISL,Iceland,2017,GB.XPD.RSDV.GD.ZS,2.08365
ISL,Iceland,2016,GB.XPD.RSDV.GD.ZS,2.11011
ISL,Iceland,2015,GB.XPD.RSDV.GD.ZS,2.18137
ISL,Iceland,2014,GB.XPD.RSDV.GD.ZS,1.93616
ISL,Iceland,2013,GB.XPD.RSDV.GD.ZS,1.69237
ISL,Iceland,2011,GB.XPD.RSDV.GD.ZS,2.40366
ISL,Iceland,2009,GB.XPD.RSDV.GD.ZS,2.59713
ISL,Iceland,2008,GB.XPD.RSDV.GD.ZS,2.46413
ISL,Iceland,2007,GB.XPD.RSDV.GD.ZS,2.53294
ISL,Iceland,2006,GB.XPD.RSDV.GD.ZS,2.85265
ISL,Iceland,2005,GB.XPD.RSDV.GD.ZS,2.67969
IND,India,2020,GB.XPD.RSDV.GD.ZS,0.64558
IND,India,2019,GB.XPD.RSDV.GD.ZS,0.65942
IND,India,2018,GB.XPD.RSDV.GD.ZS,0.66001
IND,India,2017,GB.XPD.RSDV.GD.ZS,0.66603
IND,India,2016,GB.XPD.RSDV.GD.ZS,0.66984
IND,India,2015,GB.XPD.RSDV.GD.ZS,0.6931
IND,India,2014,GB.XPD.RSDV.GD.ZS,0.70158
IND,India,2013,GB.XPD.RSDV.GD.ZS,0.70642
IND,India,2012,GB.XPD.RSDV.GD.ZS,0.74399
IND,India,2011,GB.XPD.RSDV.GD.ZS,0.75502
IND,India,2010,GB.XPD.RSDV.GD.ZS,0.78849
IND,India,2009,GB.XPD.RSDV.GD.ZS,0.83314
IND,India,2008,GB.XPD.RSDV.GD.ZS,0.85876
IND,India,2007,GB.XPD.RSDV.GD.ZS,0.80507
IND,India,2006,GB.XPD.RSDV.GD.ZS,0.80473
IND,India,2005,GB.XPD.RSDV.GD.ZS,0.82411
IDN,Indonesia,2020,GB.XPD.RSDV.GD.ZS,0.28068
IDN,Indonesia,2019,GB.XPD.RSDV.GD.ZS,0.27129
IDN,Indonesia,2018,GB.XPD.RSDV.GD.ZS,0.22632
IDN,Indonesia,2017,GB.XPD.RSDV.GD.ZS,0.23805
IDN,Indonesia,2016,GB.XPD.RSDV.GD.ZS,0.24535
IDN,Indonesia,2013,GB.XPD.RSDV.GD.ZS,0.0847
IDN,Indonesia,2009,GB.XPD.RSDV.GD.ZS,0.08332
IRN,"Iran, Islamic Rep.",2021,GB.XPD.RSDV.GD.ZS,0.72665
IRN,"Iran, Islamic Rep.",2019,GB.XPD.RSDV.GD.ZS,0.78829
IRN,"Iran, Islamic Rep.",2017,GB.XPD.RSDV.GD.ZS,0.75983
IRN,"Iran, Islamic Rep.",2015,GB.XPD.RSDV.GD.ZS,0.39383
IRN,"Iran, Islamic Rep.",2013,GB.XPD.RSDV.GD.ZS,0.23601
IRN,"Iran, Islamic Rep.",2012,GB.XPD.RSDV.GD.ZS,0.29435
IRN,"Iran, Islamic Rep.",2010,GB.XPD.RSDV.GD.ZS,0.26442
IRN,"Iran, Islamic Rep.",2009,GB.XPD.RSDV.GD.ZS,0.27258
IRN,"Iran, Islamic Rep.",2008,GB.XPD.RSDV.GD.ZS,0.64647
IRN,"Iran, Islamic Rep.",2006,GB.XPD.RSDV.GD.ZS,0.55921
IRN,"Iran, Islamic Rep.",2005,GB.XPD.RSDV.GD.ZS,0.62284
IRQ,Iraq,2021,GB.XPD.RSDV.GD.ZS,0.0407
IRQ,Iraq,2020,GB.XPD.RSDV.GD.ZS,0.04053
IRQ,Iraq,2019,GB.XPD.RSDV.GD.ZS,0.03266
IRQ,Iraq,2018,GB.XPD.RSDV.GD.ZS,0.04279
IRQ,Iraq,2017,GB.XPD.RSDV.GD.ZS,0.04596
IRQ,Iraq,2016,GB.XPD.RSDV.GD.ZS,0.03737
IRQ,Iraq,2015,GB.XPD.RSDV.GD.ZS,0.04017
IRQ,Iraq,2014,GB.XPD.RSDV.GD.ZS,0.03835
IRQ,Iraq,2011,GB.XPD.RSDV.GD.ZS,0.03476
IRQ,Iraq,2010,GB.XPD.RSDV.GD.ZS,0.03684
IRQ,Iraq,2009,GB.XPD.RSDV.GD.ZS,0.04562
IRQ,Iraq,2008,GB.XPD.RSDV.GD.ZS,0.03435
IRQ,Iraq,2007,GB.XPD.RSDV.GD.ZS,0.04554
IRL,Ireland,2023,GB.XPD.RSDV.GD.ZS,1.58829
IRL,Ireland,2022,GB.XPD.RSDV.GD.ZS,1.53215
IRL,Ireland,2021,GB.XPD.RSDV.GD.ZS,1.0732
IRL,Ireland,2020,GB.XPD.RSDV.GD.ZS,1.12466
IRL,Ireland,2019,GB.XPD.RSDV.GD.ZS,1.13733
IRL,Ireland,2018,GB.XPD.RSDV.GD.ZS,1.08244
IRL,Ireland,2017,GB.XPD.RSDV.GD.ZS,1.20821
IRL,Ireland,2016,GB.XPD.RSDV.GD.ZS,1.14954
IRL,Ireland,2015,GB.XPD.RSDV.GD.ZS,1.14062
IRL,Ireland,2014,GB.XPD.RSDV.GD.ZS,1.47756
IRL,Ireland,2013,GB.XPD.RSDV.GD.ZS,1.53562
IRL,Ireland,2012,GB.XPD.RSDV.GD.ZS,1.5455
IRL,Ireland,2011,GB.XPD.RSDV.GD.ZS,1.53761
IRL,Ireland,2010,GB.XPD.RSDV.GD.ZS,1.59425
IRL,Ireland,2009,GB.XPD.RSDV.GD.ZS,1.61371
IRL,Ireland,2008,GB.XPD.RSDV.GD.ZS,1.39126
IRL,Ireland,2007,GB.XPD.RSDV.GD.ZS,1.23409
IRL,Ireland,2006,GB.XPD.RSDV.GD.ZS,1.19887
IRL,Ireland,2005,GB.XPD.RSDV.GD.ZS,1.19197
ISR,Israel,2023,GB.XPD.RSDV.GD.ZS,6.34589
ISR,Israel,2022,GB.XPD.RSDV.GD.ZS,6.17831
ISR,Israel,2021,GB.XPD.RSDV.GD.ZS,5.75725
ISR,Israel,2020,GB.XPD.RSDV.GD.ZS,5.83209
ISR,Israel,2019,GB.XPD.RSDV.GD.ZS,5.35528
ISR,Israel,2018,GB.XPD.RSDV.GD.ZS,4.91965
ISR,Israel,2017,GB.XPD.RSDV.GD.ZS,4.74032
ISR,Israel,2016,GB.XPD.RSDV.GD.ZS,4.59051
ISR,Israel,2015,GB.XPD.RSDV.GD.ZS,4.29761
ISR,Israel,2014,GB.XPD.RSDV.GD.ZS,4.19613
ISR,Israel,2013,GB.XPD.RSDV.GD.ZS,4.10651
ISR,Israel,2012,GB.XPD.RSDV.GD.ZS,4.06028
ISR,Israel,2011,GB.XPD.RSDV.GD.ZS,3.91608
ISR,Israel,2010,GB.XPD.RSDV.GD.ZS,3.8421
ISR,Israel,2009,GB.XPD.RSDV.GD.ZS,4.01799
ISR,Israel,2008,GB.XPD.RSDV.GD.ZS,4.24165
ISR,Israel,2007,GB.XPD.RSDV.GD.ZS,4.28533
ISR,Israel,2006,GB.XPD.RSDV.GD.ZS,4.01416
ISR,Israel,2005,GB.XPD.RSDV.GD.ZS,3.91123
ITA,Italy,2023,GB.XPD.RSDV.GD.ZS,1.37935
ITA,Italy,2022,GB.XPD.RSDV.GD.ZS,1.36563
ITA,Italy,2021,GB.XPD.RSDV.GD.ZS,1.41065
ITA,Italy,2020,GB.XPD.RSDV.GD.ZS,1.49869
ITA,Italy,2019,GB.XPD.RSDV.GD.ZS,1.45558
ITA,Italy,2018,GB.XPD.RSDV.GD.ZS,1.41934
ITA,Italy,2017,GB.XPD.RSDV.GD.ZS,1.36393
ITA,Italy,2016,GB.XPD.RSDV.GD.ZS,1.35915
ITA,Italy,2015,GB.XPD.RSDV.GD.ZS,1.33213
ITA,Italy,2014,GB.XPD.RSDV.GD.ZS,1.33148
ITA,Italy,2013,GB.XPD.RSDV.GD.ZS,1.29425
ITA,Italy,2012,GB.XPD.RSDV.GD.ZS,1.25559
ITA,Italy,2011,GB.XPD.RSDV.GD.ZS,1.19531
ITA,Italy,2010,GB.XPD.RSDV.GD.ZS,1.21296
ITA,Italy,2009,GB.XPD.RSDV.GD.ZS,1.21261
ITA,Italy,2008,GB.XPD.RSDV.GD.ZS,1.15548
ITA,Italy,2007,GB.XPD.RSDV.GD.ZS,1.12421
ITA,Italy,2006,GB.XPD.RSDV.GD.ZS,1.07903
ITA,Italy,2005,GB.XPD.RSDV.GD.ZS,1.04057
JPN,Japan,2023,GB.XPD.RSDV.GD.ZS,3.44125
JPN,Japan,2022,GB.XPD.RSDV.GD.ZS,3.40053
JPN,Japan,2021,GB.XPD.RSDV.GD.ZS,3.27383
JPN,Japan,2020,GB.XPD.RSDV.GD.ZS,3.26556
JPN,Japan,2019,GB.XPD.RSDV.GD.ZS,3.21824
JPN,Japan,2018,GB.XPD.RSDV.GD.ZS,3.2192
JPN,Japan,2017,GB.XPD.RSDV.GD.ZS,3.16636
JPN,Japan,2016,GB.XPD.RSDV.GD.ZS,3.10665
JPN,Japan,2015,GB.XPD.RSDV.GD.ZS,3.24071
JPN,Japan,2014,GB.XPD.RSDV.GD.ZS,3.36788
JPN,Japan,2013,GB.XPD.RSDV.GD.ZS,3.27895
JPN,Japan,2012,GB.XPD.RSDV.GD.ZS,3.1737
JPN,Japan,2011,GB.XPD.RSDV.GD.ZS,3.20537
JPN,Japan,2010,GB.XPD.RSDV.GD.ZS,3.10495
JPN,Japan,2009,GB.XPD.RSDV.GD.ZS,3.1959
JPN,Japan,2008,GB.XPD.RSDV.GD.ZS,3.29224
JPN,Japan,2007,GB.XPD.RSDV.GD.ZS,3.29257
JPN,Japan,2006,GB.XPD.RSDV.GD.ZS,3.22766
JPN,Japan,2005,GB.XPD.RSDV.GD.ZS,3.13092
JOR,Jordan,2016,GB.XPD.RSDV.GD.ZS,0.69547
JOR,Jordan,2008,GB.XPD.RSDV.GD.ZS,0.42154
KAZ,Kazakhstan,2024,GB.XPD.RSDV.GD.ZS,0.16242
KAZ,Kazakhstan,2023,GB.XPD.RSDV.GD.ZS,0.14449
KAZ,Kazakhstan,2022,GB.XPD.RSDV.GD.ZS,0.11715
KAZ,Kazakhstan,2021,GB.XPD.RSDV.GD.ZS,0.13023
KAZ,Kazakhstan,2020,GB.XPD.RSDV.GD.ZS,0.12602
KAZ,Kazakhstan,2019,GB.XPD.RSDV.GD.ZS,0.11841
KAZ,Kazakhstan,2018,GB.XPD.RSDV.GD.ZS,0.11683
KAZ,Kazakhstan,2017,GB.XPD.RSDV.GD.ZS,0.12667
KAZ,Kazakhstan,2016,GB.XPD.RSDV.GD.ZS,0.14179
KAZ,Kazakhstan,2015,GB.XPD.RSDV.GD.ZS,0.16951
KAZ,Kazakhstan,2014,GB.XPD.RSDV.GD.ZS,0.16722
KAZ,Kazakhstan,2013,GB.XPD.RSDV.GD.ZS,0.17132
KAZ,Kazakhstan,2012,GB.XPD.RSDV.GD.ZS,0.16525
KAZ,Kazakhstan,2011,GB.XPD.RSDV.GD.ZS,0.15349
KAZ,Kazakhstan,2010,GB.XPD.RSDV.GD.ZS,0.15341
KAZ,Kazakhstan,2009,GB.XPD.RSDV.GD.ZS,0.22924
KAZ,Kazakhstan,2008,GB.XPD.RSDV.GD.ZS,0.21654
KAZ,Kazakhstan,2007,GB.XPD.RSDV.GD.ZS,0.20884
KAZ,Kazakhstan,2006,GB.XPD.RSDV.GD.ZS,0.24281
KAZ,Kazakhstan,2005,GB.XPD.RSDV.GD.ZS,0.28361
KEN,Kenya,2024,GB.XPD.RSDV.GD.ZS,0.81069
KEN,Kenya,2023,GB.XPD.RSDV.GD.ZS,0.80427
KEN,Kenya,2022,GB.XPD.RSDV.GD.ZS,0.40651
KEN,Kenya,2010,GB.XPD.RSDV.GD.ZS,0.69222
KEN,Kenya,2007,GB.XPD.RSDV.GD.ZS,0.35521
KOR,"Korea, Rep.",2023,GB.XPD.RSDV.GD.ZS,4.94352
KOR,"Korea, Rep.",2022,GB.XPD.RSDV.GD.ZS,4.84753
KOR,"Korea, Rep.",2021,GB.XPD.RSDV.GD.ZS,4.59673
KOR,"Korea, Rep.",2020,GB.XPD.RSDV.GD.ZS,4.5214
KOR,"Korea, Rep.",2019,GB.XPD.RSDV.GD.ZS,4.36379
KOR,"Korea, Rep.",2018,GB.XPD.RSDV.GD.ZS,4.27155
KOR,"Korea, Rep.",2017,GB.XPD.RSDV.GD.ZS,4.07341
KOR,"Korea, Rep.",2016,GB.XPD.RSDV.GD.ZS,3.78638
KOR,"Korea, Rep.",2015,GB.XPD.RSDV.GD.ZS,3.78907
KOR,"Korea, Rep.",2014,GB.XPD.RSDV.GD.ZS,3.88983
KOR,"Korea, Rep.",2013,GB.XPD.RSDV.GD.ZS,3.77487
KOR,"Korea, Rep.",2012,GB.XPD.RSDV.GD.ZS,3.6852
KOR,"Korea, Rep.",2011,GB.XPD.RSDV.GD.ZS,3.44409
KOR,"Korea, Rep.",2010,GB.XPD.RSDV.GD.ZS,3.17913
KOR,"Korea, Rep.",2009,GB.XPD.RSDV.GD.ZS,3.02145
KOR,"Korea, Rep.",2008,GB.XPD.RSDV.GD.ZS,2.86774
KOR,"Korea, Rep.",2007,GB.XPD.RSDV.GD.ZS,2.75895
KOR,"Korea, Rep.",2006,GB.XPD.RSDV.GD.ZS,2.61516
KOR,"Korea, Rep.",2005,GB.XPD.RSDV.GD.ZS,2.42725
KWT,Kuwait,2024,GB.XPD.RSDV.GD.ZS,0.08954
KWT,Kuwait,2023,GB.XPD.RSDV.GD.ZS,0.09547
KWT,Kuwait,2022,GB.XPD.RSDV.GD.ZS,0.0801
KWT,Kuwait,2020,GB.XPD.RSDV.GD.ZS,0.17805
KWT,Kuwait,2019,GB.XPD.RSDV.GD.ZS,0.18512
KWT,Kuwait,2018,GB.XPD.RSDV.GD.ZS,0.06329
KWT,Kuwait,2017,GB.XPD.RSDV.GD.ZS,0.0804
KWT,Kuwait,2016,GB.XPD.RSDV.GD.ZS,0.07985
KWT,Kuwait,2015,GB.XPD.RSDV.GD.ZS,0.0966
KWT,Kuwait,2014,GB.XPD.RSDV.GD.ZS,0.42705
KWT,Kuwait,2013,GB.XPD.RSDV.GD.ZS,0.30153
KWT,Kuwait,2012,GB.XPD.RSDV.GD.ZS,0.09721
KWT,Kuwait,2011,GB.XPD.RSDV.GD.ZS,0.09898
KWT,Kuwait,2010,GB.XPD.RSDV.GD.ZS,0.1014
KWT,Kuwait,2009,GB.XPD.RSDV.GD.ZS,0.11213
KWT,Kuwait,2008,GB.XPD.RSDV.GD.ZS,0.08551
KWT,Kuwait,2007,GB.XPD.RSDV.GD.ZS,0.08585
KWT,Kuwait,2006,GB.XPD.RSDV.GD.ZS,0.08479
KWT,Kuwait,2005,GB.XPD.RSDV.GD.ZS,0.10083
KGZ,Kyrgyz Republic,2024,GB.XPD.RSDV.GD.ZS,0.05269
KGZ,Kyrgyz Republic,2023,GB.XPD.RSDV.GD.ZS,0.05414
KGZ,Kyrgyz Republic,2022,GB.XPD.RSDV.GD.ZS,0.06922
KGZ,Kyrgyz Republic,2021,GB.XPD.RSDV.GD.ZS,0.07102
KGZ,Kyrgyz Republic,2020,GB.XPD.RSDV.GD.ZS,0.08356
KGZ,Kyrgyz Republic,2019,GB.XPD.RSDV.GD.ZS,0.08535
KGZ,Kyrgyz Republic,2018,GB.XPD.RSDV.GD.ZS,0.10107
KGZ,Kyrgyz Republic,2017,GB.XPD.RSDV.GD.ZS,0.10707
KGZ,Kyrgyz Republic,2016,GB.XPD.RSDV.GD.ZS,0.11121
KGZ,Kyrgyz Republic,2015,GB.XPD.RSDV.GD.ZS,0.11903
KGZ,Kyrgyz Republic,2014,GB.XPD.RSDV.GD.ZS,0.12536
KGZ,Kyrgyz Republic,2013,GB.XPD.RSDV.GD.ZS,0.14914
KGZ,Kyrgyz Republic,2012,GB.XPD.RSDV.GD.ZS,0.1661
KGZ,Kyrgyz Republic,2011,GB.XPD.RSDV.GD.ZS,0.15633
KGZ,Kyrgyz Republic,2010,GB.XPD.RSDV.GD.ZS,0.15547
KGZ,Kyrgyz Republic,2009,GB.XPD.RSDV.GD.ZS,0.15997
KGZ,Kyrgyz Republic,2008,GB.XPD.RSDV.GD.ZS,0.19017
KGZ,Kyrgyz Republic,2007,GB.XPD.RSDV.GD.ZS,0.23425
KGZ,Kyrgyz Republic,2006,GB.XPD.RSDV.GD.ZS,0.23014
KGZ,Kyrgyz Republic,2005,GB.XPD.RSDV.GD.ZS,0.19861
LVA,Latvia,2023,GB.XPD.RSDV.GD.ZS,0.8236
LVA,Latvia,2022,GB.XPD.RSDV.GD.ZS,0.8122
LVA,Latvia,2021,GB.XPD.RSDV.GD.ZS,0.77085
LVA,Latvia,2020,GB.XPD.RSDV.GD.ZS,0.75663
LVA,Latvia,2019,GB.XPD.RSDV.GD.ZS,0.6602
LVA,Latvia,2018,GB.XPD.RSDV.GD.ZS,0.66138
LVA,Latvia,2017,GB.XPD.RSDV.GD.ZS,0.53004
LVA,Latvia,2016,GB.XPD.RSDV.GD.ZS,0.45065
LVA,Latvia,2015,GB.XPD.RSDV.GD.ZS,0.641
LVA,Latvia,2014,GB.XPD.RSDV.GD.ZS,0.71433
LVA,Latvia,2013,GB.XPD.RSDV.GD.ZS,0.63536
LVA,Latvia,2012,GB.XPD.RSDV.GD.ZS,0.68884
LVA,Latvia,2011,GB.XPD.RSDV.GD.ZS,0.73982
LVA,Latvia,2010,GB.XPD.RSDV.GD.ZS,0.6183
LVA,Latvia,2009,GB.XPD.RSDV.GD.ZS,0.46114
LVA,Latvia,2008,GB.XPD.RSDV.GD.ZS,0.60627
LVA,Latvia,2007,GB.XPD.RSDV.GD.ZS,0.58167
LVA,Latvia,2006,GB.XPD.RSDV.GD.ZS,0.68285
LVA,Latvia,2005,GB.XPD.RSDV.GD.ZS,0.54958
LSO,Lesotho,2023,GB.XPD.RSDV.GD.ZS,0.09453
LSO,Lesotho,2015,GB.XPD.RSDV.GD.ZS,0.05101
LSO,Lesotho,2011,GB.XPD.RSDV.GD.ZS,0.01255
LSO,Lesotho,2009,GB.XPD.RSDV.GD.ZS,0.0291
LIE,Liechtenstein,2023,GB.XPD.RSDV.GD.ZS,6.00984
LIE,Liechtenstein,2019,GB.XPD.RSDV.GD.ZS,5.86833
LTU,Lithuania,2023,GB.XPD.RSDV.GD.ZS,1.04977
LTU,Lithuania,2022,GB.XPD.RSDV.GD.ZS,1.05289
LTU,Lithuania,2021,GB.XPD.RSDV.GD.ZS,1.10044
LTU,Lithuania,2020,GB.XPD.RSDV.GD.ZS,1.12379
LTU,Lithuania,2019,GB.XPD.RSDV.GD.ZS,0.98701
LTU,Lithuania,2018,GB.XPD.RSDV.GD.ZS,0.92781
LTU,Lithuania,2017,GB.XPD.RSDV.GD.ZS,0.8963
LTU,Lithuania,2016,GB.XPD.RSDV.GD.ZS,0.84391
LTU,Lithuania,2015,GB.XPD.RSDV.GD.ZS,1.04077
LTU,Lithuania,2014,GB.XPD.RSDV.GD.ZS,1.03495
LTU,Lithuania,2013,GB.XPD.RSDV.GD.ZS,0.95322
LTU,Lithuania,2012,GB.XPD.RSDV.GD.ZS,0.8976
LTU,Lithuania,2011,GB.XPD.RSDV.GD.ZS,0.90998
LTU,Lithuania,2010,GB.XPD.RSDV.GD.ZS,0.79379
LTU,Lithuania,2009,GB.XPD.RSDV.GD.ZS,0.82848
LTU,Lithuania,2008,GB.XPD.RSDV.GD.ZS,0.78876
LTU,Lithuania,2007,GB.XPD.RSDV.GD.ZS,0.80111
LTU,Lithuania,2006,GB.XPD.RSDV.GD.ZS,0.79381
LTU,Lithuania,2005,GB.XPD.RSDV.GD.ZS,0.74799
LUX,Luxembourg,2023,GB.XPD.RSDV.GD.ZS,1.07045
LUX,Luxembourg,2022,GB.XPD.RSDV.GD.ZS,1.0653
LUX,Luxembourg,2021,GB.XPD.RSDV.GD.ZS,1.03153
LUX,Luxembourg,2020,GB.XPD.RSDV.GD.ZS,1.09627
LUX,Luxembourg,2019,GB.XPD.RSDV.GD.ZS,1.18209
LUX,Luxembourg,2018,GB.XPD.RSDV.GD.ZS,1.17039
LUX,Luxembourg,2017,GB.XPD.RSDV.GD.ZS,1.23898
LUX,Luxembourg,2016,GB.XPD.RSDV.GD.ZS,1.2669
LUX,Luxembourg,2015,GB.XPD.RSDV.GD.ZS,1.25226
LUX,Luxembourg,2014,GB.XPD.RSDV.GD.ZS,1.217
LUX,Luxembourg,2013,GB.XPD.RSDV.GD.ZS,1.23381
LUX,Luxembourg,2012,GB.XPD.RSDV.GD.ZS,1.20664
LUX,Luxembourg,2011,GB.XPD.RSDV.GD.ZS,1.42453
LUX,Luxembourg,2010,GB.XPD.RSDV.GD.ZS,1.42373
LUX,Luxembourg,2009,GB.XPD.RSDV.GD.ZS,1.58839
LUX,Luxembourg,2008,GB.XPD.RSDV.GD.ZS,1.54663
LUX,Luxembourg,2007,GB.XPD.RSDV.GD.ZS,1.57165
LUX,Luxembourg,2006,GB.XPD.RSDV.GD.ZS,1.64886
LUX,Luxembourg,2005,GB.XPD.RSDV.GD.ZS,1.55873
MAC,"Macao SAR, China",2024,GB.XPD.RSDV.GD.ZS,0.31097
MAC,"Macao SAR, China",2023,GB.XPD.RSDV.GD.ZS,0.27103
MAC,"Macao SAR, China",2022,GB.XPD.RSDV.GD.ZS,0.42754
MAC,"Macao SAR, China",2021,GB.XPD.RSDV.GD.ZS,0.37318
MAC,"Macao SAR, China",2020,GB.XPD.RSDV.GD.ZS,0.45327
MAC,"Macao SAR, China",2019,GB.XPD.RSDV.GD.ZS,0.24721
MAC,"Macao SAR, China",2018,GB.XPD.RSDV.GD.ZS,0.20113
MAC,"Macao SAR, China",2017,GB.XPD.RSDV.GD.ZS,0.1721
MAC,"Macao SAR, China",2016,GB.XPD.RSDV.GD.ZS,0.23492
MAC,"Macao SAR, China",2015,GB.XPD.RSDV.GD.ZS,0.13649
MAC,"Macao SAR, China",2014,GB.XPD.RSDV.GD.ZS,0.08776
MAC,"Macao SAR, China",2013,GB.XPD.RSDV.GD.ZS,0.05117
MAC,"Macao SAR, China",2012,GB.XPD.RSDV.GD.ZS,0.04789
MAC,"Macao SAR, China",2011,GB.XPD.RSDV.GD.ZS,0.04427
MAC,"Macao SAR, China",2010,GB.XPD.RSDV.GD.ZS,0.05012
MAC,"Macao SAR, China",2009,GB.XPD.RSDV.GD.ZS,0.05407
MAC,"Macao SAR, China",2008,GB.XPD.RSDV.GD.ZS,0.10106
MAC,"Macao SAR, China",2007,GB.XPD.RSDV.GD.ZS,0.05684
MAC,"Macao SAR, China",2006,GB.XPD.RSDV.GD.ZS,0.0829
MAC,"Macao SAR, China",2005,GB.XPD.RSDV.GD.ZS,0.0876
MDG,Madagascar,2017,GB.XPD.RSDV.GD.ZS,0.01275
MDG,Madagascar,2016,GB.XPD.RSDV.GD.ZS,0.01264
MDG,Madagascar,2014,GB.XPD.RSDV.GD.ZS,0.01321
MDG,Madagascar,2011,GB.XPD.RSDV.GD.ZS,0.09067
MDG,Madagascar,2010,GB.XPD.RSDV.GD.ZS,0.09903
MDG,Madagascar,2009,GB.XPD.RSDV.GD.ZS,0.13054
MDG,Madagascar,2008,GB.XPD.RSDV.GD.ZS,0.11764
MDG,Madagascar,2007,GB.XPD.RSDV.GD.ZS,0.12091
MDG,Madagascar,2006,GB.XPD.RSDV.GD.ZS,0.14119
MDG,Madagascar,2005,GB.XPD.RSDV.GD.ZS,0.15096
MWI,Malawi,2019,GB.XPD.RSDV.GD.ZS,0.17752
MYS,Malaysia,2022,GB.XPD.RSDV.GD.ZS,1.0121
MYS,Malaysia,2020,GB.XPD.RSDV.GD.ZS,0.95055
MYS,Malaysia,2018,GB.XPD.RSDV.GD.ZS,1.04026
MYS,Malaysia,2016,GB.XPD.RSDV.GD.ZS,1.41517
MYS,Malaysia,2015,GB.XPD.RSDV.GD.ZS,1.27945
MYS,Malaysia,2014,GB.XPD.RSDV.GD.ZS,1.26275
MYS,Malaysia,2012,GB.XPD.RSDV.GD.ZS,1.09269
MYS,Malaysia,2011,GB.XPD.RSDV.GD.ZS,1.03342
MYS,Malaysia,2010,GB.XPD.RSDV.GD.ZS,1.03608
MYS,Malaysia,2009,GB.XPD.RSDV.GD.ZS,1.01001
MYS,Malaysia,2008,GB.XPD.RSDV.GD.ZS,0.78847
MYS,Malaysia,2006,GB.XPD.RSDV.GD.ZS,0.61106
MLI,Mali,2023,GB.XPD.RSDV.GD.ZS,0.14743
MLI,Mali,2021,GB.XPD.RSDV.GD.ZS,0.14596
MLI,Mali,2019,GB.XPD.RSDV.GD.ZS,0.13306
MLI,Mali,2017,GB.XPD.RSDV.GD.ZS,0.24505
MLI,Mali,2015,GB.XPD.RSDV.GD.ZS,0.26458
MLI,Mali,2010,GB.XPD.RSDV.GD.ZS,0.47271
MLI,Mali,2007,GB.XPD.RSDV.GD.ZS,0.17325
MLT,Malta,2023,GB.XPD.RSDV.GD.ZS,0.64792
MLT,Malta,2022,GB.XPD.RSDV.GD.ZS,0.5745
MLT,Malta,2021,GB.XPD.RSDV.GD.ZS,0.59682
MLT,Malta,2020,GB.XPD.RSDV.GD.ZS,0.60002
MLT,Malta,2019,GB.XPD.RSDV.GD.ZS,0.54851
MLT,Malta,2018,GB.XPD.RSDV.GD.ZS,0.54557
MLT,Malta,2017,GB.XPD.RSDV.GD.ZS,0.52592
MLT,Malta,2016,GB.XPD.RSDV.GD.ZS,0.54032
MLT,Malta,2015,GB.XPD.RSDV.GD.ZS,0.69942
MLT,Malta,2014,GB.XPD.RSDV.GD.ZS,0.67653
MLT,Malta,2013,GB.XPD.RSDV.GD.ZS,0.72644
MLT,Malta,2012,GB.XPD.RSDV.GD.ZS,0.79196
MLT,Malta,2011,GB.XPD.RSDV.GD.ZS,0.65483
MLT,Malta,2010,GB.XPD.RSDV.GD.ZS,0.58346
MLT,Malta,2009,GB.XPD.RSDV.GD.ZS,0.50513
MLT,Malta,2008,GB.XPD.RSDV.GD.ZS,0.52409
MLT,Malta,2007,GB.XPD.RSDV.GD.ZS,0.54654
MLT,Malta,2006,GB.XPD.RSDV.GD.ZS,0.58085
MLT,Malta,2005,GB.XPD.RSDV.GD.ZS,0.53008
MRT,Mauritania,2018,GB.XPD.RSDV.GD.ZS,0.01019
MUS,Mauritius,2024,GB.XPD.RSDV.GD.ZS,0.26181
MUS,Mauritius,2023,GB.XPD.RSDV.GD.ZS,0.23892
MUS,Mauritius,2022,GB.XPD.RSDV.GD.ZS,0.30879
MUS,Mauritius,2021,GB.XPD.RSDV.GD.ZS,0.36784
MUS,Mauritius,2020,GB.XPD.RSDV.GD.ZS,0.40299
MUS,Mauritius,2019,GB.XPD.RSDV.GD.ZS,0.35699
MUS,Mauritius,2018,GB.XPD.RSDV.GD.ZS,0.33387
MUS,Mauritius,2017,GB.XPD.RSDV.GD.ZS,0.35423
MUS,Mauritius,2012,GB.XPD.RSDV.GD.ZS,0.17773
MUS,Mauritius,2005,GB.XPD.RSDV.GD.ZS,0.35574
MEX,Mexico,2024,GB.XPD.RSDV.GD.ZS,0.25372
MEX,Mexico,2023,GB.XPD.RSDV.GD.ZS,0.26746
MEX,Mexico,2022,GB.XPD.RSDV.GD.ZS,0.25727
MEX,Mexico,2021,GB.XPD.RSDV.GD.ZS,0.27305
MEX,Mexico,2020,GB.XPD.RSDV.GD.ZS,0.29185
MEX,Mexico,2019,GB.XPD.RSDV.GD.ZS,0.27629
MEX,Mexico,2018,GB.XPD.RSDV.GD.ZS,0.29816
MEX,Mexico,2017,GB.XPD.RSDV.GD.ZS,0.31955
MEX,Mexico,2016,GB.XPD.RSDV.GD.ZS,0.37601
MEX,Mexico,2015,GB.XPD.RSDV.GD.ZS,0.41477
MEX,Mexico,2014,GB.XPD.RSDV.GD.ZS,0.41962
MEX,Mexico,2013,GB.XPD.RSDV.GD.ZS,0.40806
MEX,Mexico,2012,GB.XPD.RSDV.GD.ZS,0.40284
MEX,Mexico,2011,GB.XPD.RSDV.GD.ZS,0.45268
MEX,Mexico,2010,GB.XPD.RSDV.GD.ZS,0.47353
MEX,Mexico,2009,GB.XPD.RSDV.GD.ZS,0.45748
MEX,Mexico,2008,GB.XPD.RSDV.GD.ZS,0.42416
MEX,Mexico,2007,GB.XPD.RSDV.GD.ZS,0.38039
MEX,Mexico,2006,GB.XPD.RSDV.GD.ZS,0.35298
MEX,Mexico,2005,GB.XPD.RSDV.GD.ZS,0.38103
MDA,Moldova,2024,GB.XPD.RSDV.GD.ZS,0.21589
MDA,Moldova,2023,GB.XPD.RSDV.GD.ZS,0.22111
MDA,Moldova,2022,GB.XPD.RSDV.GD.ZS,0.22959
MDA,Moldova,2021,GB.XPD.RSDV.GD.ZS,0.23154
MDA,Moldova,2020,GB.XPD.RSDV.GD.ZS,0.23511
MDA,Moldova,2019,GB.XPD.RSDV.GD.ZS,0.24145
MDA,Moldova,2018,GB.XPD.RSDV.GD.ZS,0.25626
MDA,Moldova,2017,GB.XPD.RSDV.GD.ZS,0.25789
MDA,Moldova,2016,GB.XPD.RSDV.GD.ZS,0.28005
MDA,Moldova,2015,GB.XPD.RSDV.GD.ZS,0.30735
MDA,Moldova,2014,GB.XPD.RSDV.GD.ZS,0.31463
MDA,Moldova,2013,GB.XPD.RSDV.GD.ZS,0.29783
MDA,Moldova,2012,GB.XPD.RSDV.GD.ZS,0.34907
MDA,Moldova,2011,GB.XPD.RSDV.GD.ZS,0.33764
MDA,Moldova,2010,GB.XPD.RSDV.GD.ZS,0.3665
MDA,Moldova,2009,GB.XPD.RSDV.GD.ZS,0.52557
MDA,Moldova,2008,GB.XPD.RSDV.GD.ZS,0.53463
MDA,Moldova,2007,GB.XPD.RSDV.GD.ZS,0.54557
MDA,Moldova,2006,GB.XPD.RSDV.GD.ZS,0.40622
MDA,Moldova,2005,GB.XPD.RSDV.GD.ZS,0.39865
MCO,Monaco,2005,GB.XPD.RSDV.GD.ZS,0.03821
MNG,Mongolia,2022,GB.XPD.RSDV.GD.ZS,0.08365
MNG,Mongolia,2021,GB.XPD.RSDV.GD.ZS,0.10008
MNG,Mongolia,2020,GB.XPD.RSDV.GD.ZS,0.13301
MNG,Mongolia,2019,GB.XPD.RSDV.GD.ZS,0.0927
MNG,Mongolia,2018,GB.XPD.RSDV.GD.ZS,0.10161
MNG,Mongolia,2017,GB.XPD.RSDV.GD.ZS,0.1342
MNG,Mongolia,2016,GB.XPD.RSDV.GD.ZS,0.18346
MNG,Mongolia,2015,GB.XPD.RSDV.GD.ZS,0.1564
MNG,Mongolia,2014,GB.XPD.RSDV.GD.ZS,0.2234
MNG,Mongolia,2013,GB.XPD.RSDV.GD.ZS,0.23246
MNG,Mongolia,2012,GB.XPD.RSDV.GD.ZS,0.23913
MNG,Mongolia,2011,GB.XPD.RSDV.GD.ZS,0.23054
MNG,Mongolia,2010,GB.XPD.RSDV.GD.ZS,0.24438
MNG,Mongolia,2009,GB.XPD.RSDV.GD.ZS,0.30478
MNG,Mongolia,2008,GB.XPD.RSDV.GD.ZS,0.33667
MNG,Mongolia,2007,GB.XPD.RSDV.GD.ZS,0.23827
MNG,Mongolia,2006,GB.XPD.RSDV.GD.ZS,0.19121
MNG,Mongolia,2005,GB.XPD.RSDV.GD.ZS,0.23775
MNE,Montenegro,2019,GB.XPD.RSDV.GD.ZS,0.36328
MNE,Montenegro,2018,GB.XPD.RSDV.GD.ZS,0.50374
MNE,Montenegro,2017,GB.XPD.RSDV.GD.ZS,0.34898
MNE,Montenegro,2016,GB.XPD.RSDV.GD.ZS,0.32454
MNE,Montenegro,2015,GB.XPD.RSDV.GD.ZS,0.374
MNE,Montenegro,2014,GB.XPD.RSDV.GD.ZS,0.3632
MNE,Montenegro,2013,GB.XPD.RSDV.GD.ZS,0.37431
MNE,Montenegro,2011,GB.XPD.RSDV.GD.ZS,0.31485
MNE,Montenegro,2007,GB.XPD.RSDV.GD.ZS,1.14521
MNE,Montenegro,2006,GB.XPD.RSDV.GD.ZS,1.22991
MNE,Montenegro,2005,GB.XPD.RSDV.GD.ZS,0.92443
MAR,Morocco,2010,GB.XPD.RSDV.GD.ZS,0.66036
MAR,Morocco,2006,GB.XPD.RSDV.GD.ZS,0.54987
MOZ,Mozambique,2015,GB.XPD.RSDV.GD.ZS,0.30814
MOZ,Mozambique,2010,GB.XPD.RSDV.GD.ZS,0.37595
MOZ,Mozambique,2008,GB.XPD.RSDV.GD.ZS,0.13607
MOZ,Mozambique,2006,GB.XPD.RSDV.GD.ZS,0.3977
MMR,Myanmar,2023,GB.XPD.RSDV.GD.ZS,0.02307
MMR,Myanmar,2022,GB.XPD.RSDV.GD.ZS,0.03519
MMR,Myanmar,2021,GB.XPD.RSDV.GD.ZS,0.12402
MMR,Myanmar,2020,GB.XPD.RSDV.GD.ZS,0.15568
MMR,Myanmar,2019,GB.XPD.RSDV.GD.ZS,0.08341
MMR,Myanmar,2018,GB.XPD.RSDV.GD.ZS,0.05881
MMR,Myanmar,2017,GB.XPD.RSDV.GD.ZS,0.03218
NAM,Namibia,2022,GB.XPD.RSDV.GD.ZS,0.64636
NAM,Namibia,2014,GB.XPD.RSDV.GD.ZS,0.34986
NAM,Namibia,2010,GB.XPD.RSDV.GD.ZS,0.13963
NPL,Nepal,2010,GB.XPD.RSDV.GD.ZS,0.30221
NPL,Nepal,2009,GB.XPD.RSDV.GD.ZS,0.25924
NPL,Nepal,2008,GB.XPD.RSDV.GD.ZS,0.05439
NLD,Netherlands,2023,GB.XPD.RSDV.GD.ZS,2.26719
NLD,Netherlands,2022,GB.XPD.RSDV.GD.ZS,2.17529
NLD,Netherlands,2021,GB.XPD.RSDV.GD.ZS,2.21542
NLD,Netherlands,2020,GB.XPD.RSDV.GD.ZS,2.26514
NLD,Netherlands,2019,GB.XPD.RSDV.GD.ZS,2.14036
NLD,Netherlands,2018,GB.XPD.RSDV.GD.ZS,2.1027
NLD,Netherlands,2017,GB.XPD.RSDV.GD.ZS,2.14167
NLD,Netherlands,2016,GB.XPD.RSDV.GD.ZS,2.11546
NLD,Netherlands,2015,GB.XPD.RSDV.GD.ZS,2.11792
NLD,Netherlands,2014,GB.XPD.RSDV.GD.ZS,2.15067
NLD,Netherlands,2013,GB.XPD.RSDV.GD.ZS,2.13953
NLD,Netherlands,2012,GB.XPD.RSDV.GD.ZS,1.90094
NLD,Netherlands,2011,GB.XPD.RSDV.GD.ZS,1.8651
NLD,Netherlands,2010,GB.XPD.RSDV.GD.ZS,1.69388
NLD,Netherlands,2009,GB.XPD.RSDV.GD.ZS,1.65161
NLD,Netherlands,2008,GB.XPD.RSDV.GD.ZS,1.61247
NLD,Netherlands,2007,GB.XPD.RSDV.GD.ZS,1.66063
NLD,Netherlands,2006,GB.XPD.RSDV.GD.ZS,1.73208
NLD,Netherlands,2005,GB.XPD.RSDV.GD.ZS,1.7667
NZL,New Zealand,2023,GB.XPD.RSDV.GD.ZS,1.54848
NZL,New Zealand,2021,GB.XPD.RSDV.GD.ZS,1.48604
NZL,New Zealand,2019,GB.XPD.RSDV.GD.ZS,1.4642
NZL,New Zealand,2017,GB.XPD.RSDV.GD.ZS,1.34788
NZL,New Zealand,2015,GB.XPD.RSDV.GD.ZS,1.22707
NZL,New Zealand,2013,GB.XPD.RSDV.GD.ZS,1.15275
NZL,New Zealand,2011,GB.XPD.RSDV.GD.ZS,1.23083
NZL,New Zealand,2009,GB.XPD.RSDV.GD.ZS,1.24916
NZL,New Zealand,2007,GB.XPD.RSDV.GD.ZS,1.15764
NZL,New Zealand,2005,GB.XPD.RSDV.GD.ZS,1.12043
NIC,Nicaragua,2015,GB.XPD.RSDV.GD.ZS,0.10742
NIC,Nicaragua,2014,GB.XPD.RSDV.GD.ZS,0.08935
NIC,Nicaragua,2013,GB.XPD.RSDV.GD.ZS,0.10284
NIC,Nicaragua,2012,GB.XPD.RSDV.GD.ZS,0.10449
NIC,Nicaragua,2011,GB.XPD.RSDV.GD.ZS,0.08344
NGA,Nigeria,2019,GB.XPD.RSDV.GD.ZS,0.28444
NGA,Nigeria,2007,GB.XPD.RSDV.GD.ZS,0.13223
MKD,North Macedonia,2024,GB.XPD.RSDV.GD.ZS,0.37363
MKD,North Macedonia,2023,GB.XPD.RSDV.GD.ZS,0.3699
MKD,North Macedonia,2022,GB.XPD.RSDV.GD.ZS,0.37372
MKD,North Macedonia,2021,GB.XPD.RSDV.GD.ZS,0.37252
MKD,North Macedonia,2020,GB.XPD.RSDV.GD.ZS,0.37264
MKD,North Macedonia,2019,GB.XPD.RSDV.GD.ZS,0.36783
MKD,North Macedonia,2018,GB.XPD.RSDV.GD.ZS,0.36367
MKD,North Macedonia,2017,GB.XPD.RSDV.GD.ZS,0.35439
MKD,North Macedonia,2016,GB.XPD.RSDV.GD.ZS,0.43585
MKD,North Macedonia,2015,GB.XPD.RSDV.GD.ZS,0.44412
MKD,North Macedonia,2014,GB.XPD.RSDV.GD.ZS,0.51646
MKD,North Macedonia,2013,GB.XPD.RSDV.GD.ZS,0.43894
MKD,North Macedonia,2012,GB.XPD.RSDV.GD.ZS,0.32676
MKD,North Macedonia,2011,GB.XPD.RSDV.GD.ZS,0.22276
MKD,North Macedonia,2010,GB.XPD.RSDV.GD.ZS,0.21634
MKD,North Macedonia,2009,GB.XPD.RSDV.GD.ZS,0.19679
MKD,North Macedonia,2008,GB.XPD.RSDV.GD.ZS,0.22358
MKD,North Macedonia,2007,GB.XPD.RSDV.GD.ZS,0.17093
MKD,North Macedonia,2006,GB.XPD.RSDV.GD.ZS,0.19373
MKD,North Macedonia,2005,GB.XPD.RSDV.GD.ZS,0.22825
NOR,Norway,2023,GB.XPD.RSDV.GD.ZS,1.85142
NOR,Norway,2022,GB.XPD.RSDV.GD.ZS,1.55081
NOR,Norway,2021,GB.XPD.RSDV.GD.ZS,1.88764
NOR,Norway,2020,GB.XPD.RSDV.GD.ZS,2.24436
NOR,Norway,2019,GB.XPD.RSDV.GD.ZS,2.13599
NOR,Norway,2018,GB.XPD.RSDV.GD.ZS,2.03482
NOR,Norway,2017,GB.XPD.RSDV.GD.ZS,2.08168
NOR,Norway,2016,GB.XPD.RSDV.GD.ZS,2.03286
NOR,Norway,2015,GB.XPD.RSDV.GD.ZS,1.92351
NOR,Norway,2014,GB.XPD.RSDV.GD.ZS,1.70369
NOR,Norway,2013,GB.XPD.RSDV.GD.ZS,1.64216
NOR,Norway,2012,GB.XPD.RSDV.GD.ZS,1.61053
NOR,Norway,2011,GB.XPD.RSDV.GD.ZS,1.61714
NOR,Norway,2010,GB.XPD.RSDV.GD.ZS,1.6412
NOR,Norway,2009,GB.XPD.RSDV.GD.ZS,1.71678
NOR,Norway,2008,GB.XPD.RSDV.GD.ZS,1.54556
NOR,Norway,2007,GB.XPD.RSDV.GD.ZS,1.55795
NOR,Norway,2006,GB.XPD.RSDV.GD.ZS,1.44972
NOR,Norway,2005,GB.XPD.RSDV.GD.ZS,1.47715
OMN,Oman,2024,GB.XPD.RSDV.GD.ZS,0.38979
OMN,Oman,2023,GB.XPD.RSDV.GD.ZS,0.37526
OMN,Oman,2022,GB.XPD.RSDV.GD.ZS,0.28711
OMN,Oman,2021,GB.XPD.RSDV.GD.ZS,0.29266
OMN,Oman,2020,GB.XPD.RSDV.GD.ZS,0.31599
OMN,Oman,2019,GB.XPD.RSDV.GD.ZS,0.27255
OMN,Oman,2018,GB.XPD.RSDV.GD.ZS,0.19031
OMN,Oman,2017,GB.XPD.RSDV.GD.ZS,0.19925
OMN,Oman,2016,GB.XPD.RSDV.GD.ZS,0.22691
OMN,Oman,2015,GB.XPD.RSDV.GD.ZS,0.21866
OMN,Oman,2014,GB.XPD.RSDV.GD.ZS,0.18588
OMN,Oman,2013,GB.XPD.RSDV.GD.ZS,0.14854
OMN,Oman,2012,GB.XPD.RSDV.GD.ZS,0.18281
OMN,Oman,2011,GB.XPD.RSDV.GD.ZS,0.11962
PAK,Pakistan,2023,GB.XPD.RSDV.GD.ZS,0.16399
PAK,Pakistan,2021,GB.XPD.RSDV.GD.ZS,0.16431
PAK,Pakistan,2019,GB.XPD.RSDV.GD.ZS,0.17475
PAK,Pakistan,2017,GB.XPD.RSDV.GD.ZS,0.21214
PAK,Pakistan,2015,GB.XPD.RSDV.GD.ZS,0.22193
PAK,Pakistan,2013,GB.XPD.RSDV.GD.ZS,0.26179
PAK,Pakistan,2011,GB.XPD.RSDV.GD.ZS,0.30491
PAK,Pakistan,2009,GB.XPD.RSDV.GD.ZS,0.40218
PAK,Pakistan,2007,GB.XPD.RSDV.GD.ZS,0.52343
PAK,Pakistan,2005,GB.XPD.RSDV.GD.ZS,0.32946
PAN,Panama,2024,GB.XPD.RSDV.GD.ZS,0.19708
PAN,Panama,2023,GB.XPD.RSDV.GD.ZS,0.15803
PAN,Panama,2022,GB.XPD.RSDV.GD.ZS,0.18302
PAN,Panama,2021,GB.XPD.RSDV.GD.ZS,0.17691
PAN,Panama,2020,GB.XPD.RSDV.GD.ZS,0.23246
PAN,Panama,2019,GB.XPD.RSDV.GD.ZS,0.13613
PAN,Panama,2018,GB.XPD.RSDV.GD.ZS,0.13355
PAN,Panama,2017,GB.XPD.RSDV.GD.ZS,0.13083
PAN,Panama,2016,GB.XPD.RSDV.GD.ZS,0.12829
PAN,Panama,2015,GB.XPD.RSDV.GD.ZS,0.10422
PAN,Panama,2014,GB.XPD.RSDV.GD.ZS,0.11935
PAN,Panama,2013,GB.XPD.RSDV.GD.ZS,0.06028
PAN,Panama,2012,GB.XPD.RSDV.GD.ZS,0.07323
PAN,Panama,2011,GB.XPD.RSDV.GD.ZS,0.16818
PAN,Panama,2010,GB.XPD.RSDV.GD.ZS,0.14075
PAN,Panama,2009,GB.XPD.RSDV.GD.ZS,0.12889
PAN,Panama,2008,GB.XPD.RSDV.GD.ZS,0.18646
PAN,Panama,2007,GB.XPD.RSDV.GD.ZS,0.1782
PAN,Panama,2006,GB.XPD.RSDV.GD.ZS,0.22884
PAN,Panama,2005,GB.XPD.RSDV.GD.ZS,0.22835
PNG,Papua New Guinea,2016,GB.XPD.RSDV.GD.ZS,0.03158
PRY,Paraguay,2023,GB.XPD.RSDV.GD.ZS,0.14117
PRY,Paraguay,2022,GB.XPD.RSDV.GD.ZS,0.11944
PRY,Paraguay,2021,GB.XPD.RSDV.GD.ZS,0.14398
PRY,Paraguay,2020,GB.XPD.RSDV.GD.ZS,0.15697
PRY,Paraguay,2019,GB.XPD.RSDV.GD.ZS,0.13751
PRY,Paraguay,2018,GB.XPD.RSDV.GD.ZS,0.14684
PRY,Paraguay,2017,GB.XPD.RSDV.GD.ZS,0.14888
PRY,Paraguay,2016,GB.XPD.RSDV.GD.ZS,0.11676
PRY,Paraguay,2015,GB.XPD.RSDV.GD.ZS,0.09674
PRY,Paraguay,2014,GB.XPD.RSDV.GD.ZS,0.07901
PRY,Paraguay,2013,GB.XPD.RSDV.GD.ZS,0.07163
PRY,Paraguay,2012,GB.XPD.RSDV.GD.ZS,0.06517
PRY,Paraguay,2011,GB.XPD.RSDV.GD.ZS,0.04216
PRY,Paraguay,2008,GB.XPD.RSDV.GD.ZS,0.04113
PRY,Paraguay,2005,GB.XPD.RSDV.GD.ZS,0.06091
PER,Peru,2023,GB.XPD.RSDV.GD.ZS,0.17611
PER,Peru,2022,GB.XPD.RSDV.GD.ZS,0.16206
PER,Peru,2021,GB.XPD.RSDV.GD.ZS,0.13754
PER,Peru,2020,GB.XPD.RSDV.GD.ZS,0.17229
PER,Peru,2019,GB.XPD.RSDV.GD.ZS,0.15696
PER,Peru,2018,GB.XPD.RSDV.GD.ZS,0.12683
PER,Peru,2017,GB.XPD.RSDV.GD.ZS,0.12085
PER,Peru,2016,GB.XPD.RSDV.GD.ZS,0.12008
PER,Peru,2015,GB.XPD.RSDV.GD.ZS,0.11702
PER,Peru,2014,GB.XPD.RSDV.GD.ZS,0.10805
PER,Peru,2013,GB.XPD.RSDV.GD.ZS,0.08174
PER,Peru,2012,GB.XPD.RSDV.GD.ZS,0.0553
PER,Peru,2011,GB.XPD.RSDV.GD.ZS,0.08282
PHL,Philippines,2020,GB.XPD.RSDV.GD.ZS,0.27625
PHL,Philippines,2019,GB.XPD.RSDV.GD.ZS,0.25926
PHL,Philippines,2018,GB.XPD.RSDV.GD.ZS,0.32222
PHL,Philippines,2015,GB.XPD.RSDV.GD.ZS,0.15683
PHL,Philippines,2013,GB.XPD.RSDV.GD.ZS,0.13207
PHL,Philippines,2011,GB.XPD.RSDV.GD.ZS,0.11222
PHL,Philippines,2009,GB.XPD.RSDV.GD.ZS,0.10901
PHL,Philippines,2007,GB.XPD.RSDV.GD.ZS,0.10498
PHL,Philippines,2005,GB.XPD.RSDV.GD.ZS,0.10692
POL,Poland,2023,GB.XPD.RSDV.GD.ZS,1.55525
POL,Poland,2022,GB.XPD.RSDV.GD.ZS,1.44162
POL,Poland,2021,GB.XPD.RSDV.GD.ZS,1.41558
POL,Poland,2020,GB.XPD.RSDV.GD.ZS,1.37128
POL,Poland,2019,GB.XPD.RSDV.GD.ZS,1.3088
POL,Poland,2018,GB.XPD.RSDV.GD.ZS,1.19426
POL,Poland,2017,GB.XPD.RSDV.GD.ZS,1.03055
POL,Poland,2016,GB.XPD.RSDV.GD.ZS,0.9616
POL,Poland,2015,GB.XPD.RSDV.GD.ZS,0.99807
POL,Poland,2014,GB.XPD.RSDV.GD.ZS,0.9454
POL,Poland,2013,GB.XPD.RSDV.GD.ZS,0.8807
POL,Poland,2012,GB.XPD.RSDV.GD.ZS,0.88476
POL,Poland,2011,GB.XPD.RSDV.GD.ZS,0.74726
POL,Poland,2010,GB.XPD.RSDV.GD.ZS,0.72252
POL,Poland,2009,GB.XPD.RSDV.GD.ZS,0.65932
POL,Poland,2008,GB.XPD.RSDV.GD.ZS,0.59719
POL,Poland,2007,GB.XPD.RSDV.GD.ZS,0.56103
POL,Poland,2006,GB.XPD.RSDV.GD.ZS,0.54899
POL,Poland,2005,GB.XPD.RSDV.GD.ZS,0.56121
PRT,Portugal,2023,GB.XPD.RSDV.GD.ZS,1.69491
PRT,Portugal,2022,GB.XPD.RSDV.GD.ZS,1.69051
PRT,Portugal,2021,GB.XPD.RSDV.GD.ZS,1.66711
PRT,Portugal,2020,GB.XPD.RSDV.GD.ZS,1.60979
PRT,Portugal,2019,GB.XPD.RSDV.GD.ZS,1.39487
PRT,Portugal,2018,GB.XPD.RSDV.GD.ZS,1.35078
PRT,Portugal,2017,GB.XPD.RSDV.GD.ZS,1.32224
PRT,Portugal,2016,GB.XPD.RSDV.GD.ZS,1.2815
PRT,Portugal,2015,GB.XPD.RSDV.GD.ZS,1.24552
PRT,Portugal,2014,GB.XPD.RSDV.GD.ZS,1.28892
PRT,Portugal,2013,GB.XPD.RSDV.GD.ZS,1.32325
PRT,Portugal,2012,GB.XPD.RSDV.GD.ZS,1.37661
PRT,Portugal,2011,GB.XPD.RSDV.GD.ZS,1.45558
PRT,Portugal,2010,GB.XPD.RSDV.GD.ZS,1.53317
PRT,Portugal,2009,GB.XPD.RSDV.GD.ZS,1.58002
PRT,Portugal,2008,GB.XPD.RSDV.GD.ZS,1.44335
PRT,Portugal,2007,GB.XPD.RSDV.GD.ZS,1.12417
PRT,Portugal,2006,GB.XPD.RSDV.GD.ZS,0.95448
PRT,Portugal,2005,GB.XPD.RSDV.GD.ZS,0.75755
PRI,Puerto Rico (US),2015,GB.XPD.RSDV.GD.ZS,0.42882
PRI,Puerto Rico (US),2013,GB.XPD.RSDV.GD.ZS,0.43859
PRI,Puerto Rico (US),2009,GB.XPD.RSDV.GD.ZS,0.45131
QAT,Qatar,2021,GB.XPD.RSDV.GD.ZS,0.68058
QAT,Qatar,2018,GB.XPD.RSDV.GD.ZS,0.53129
QAT,Qatar,2015,GB.XPD.RSDV.GD.ZS,0.51883
QAT,Qatar,2012,GB.XPD.RSDV.GD.ZS,0.4786
ROU,Romania,2023,GB.XPD.RSDV.GD.ZS,0.51656
ROU,Romania,2022,GB.XPD.RSDV.GD.ZS,0.46274
ROU,Romania,2021,GB.XPD.RSDV.GD.ZS,0.47108
ROU,Romania,2020,GB.XPD.RSDV.GD.ZS,0.46414
ROU,Romania,2019,GB.XPD.RSDV.GD.ZS,0.47491
ROU,Romania,2018,GB.XPD.RSDV.GD.ZS,0.49698
ROU,Romania,2017,GB.XPD.RSDV.GD.ZS,0.50693
ROU,Romania,2016,GB.XPD.RSDV.GD.ZS,0.48863
ROU,Romania,2015,GB.XPD.RSDV.GD.ZS,0.48796
ROU,Romania,2014,GB.XPD.RSDV.GD.ZS,0.38207
ROU,Romania,2013,GB.XPD.RSDV.GD.ZS,0.39022
ROU,Romania,2012,GB.XPD.RSDV.GD.ZS,0.46244
ROU,Romania,2011,GB.XPD.RSDV.GD.ZS,0.47457
ROU,Romania,2010,GB.XPD.RSDV.GD.ZS,0.44657
ROU,Romania,2009,GB.XPD.RSDV.GD.ZS,0.44393
ROU,Romania,2008,GB.XPD.RSDV.GD.ZS,0.55215
ROU,Romania,2007,GB.XPD.RSDV.GD.ZS,0.51148
ROU,Romania,2006,GB.XPD.RSDV.GD.ZS,0.45682
ROU,Romania,2005,GB.XPD.RSDV.GD.ZS,0.41262
RUS,Russian Federation,2024,GB.XPD.RSDV.GD.ZS,0.93706
RUS,Russian Federation,2023,GB.XPD.RSDV.GD.ZS,0.93518
RUS,Russian Federation,2022,GB.XPD.RSDV.GD.ZS,0.91494
RUS,Russian Federation,2021,GB.XPD.RSDV.GD.ZS,0.96602
RUS,Russian Federation,2020,GB.XPD.RSDV.GD.ZS,1.09099
RUS,Russian Federation,2019,GB.XPD.RSDV.GD.ZS,1.03531
RUS,Russian Federation,2018,GB.XPD.RSDV.GD.ZS,0.99001
RUS,Russian Federation,2017,GB.XPD.RSDV.GD.ZS,1.10967
RUS,Russian Federation,2016,GB.XPD.RSDV.GD.ZS,1.10238
RUS,Russian Federation,2015,GB.XPD.RSDV.GD.ZS,1.10085
RUS,Russian Federation,2014,GB.XPD.RSDV.GD.ZS,1.07241
RUS,Russian Federation,2013,GB.XPD.RSDV.GD.ZS,1.02732
RUS,Russian Federation,2012,GB.XPD.RSDV.GD.ZS,1.02766
RUS,Russian Federation,2011,GB.XPD.RSDV.GD.ZS,1.01545
RUS,Russian Federation,2010,GB.XPD.RSDV.GD.ZS,1.1302
RUS,Russian Federation,2009,GB.XPD.RSDV.GD.ZS,1.25192
RUS,Russian Federation,2008,GB.XPD.RSDV.GD.ZS,1.04435
RUS,Russian Federation,2007,GB.XPD.RSDV.GD.ZS,1.11611
RUS,Russian Federation,2006,GB.XPD.RSDV.GD.ZS,1.07294
RUS,Russian Federation,2005,GB.XPD.RSDV.GD.ZS,1.06797
RWA,Rwanda,2023,GB.XPD.RSDV.GD.ZS,0.78149
RWA,Rwanda,2019,GB.XPD.RSDV.GD.ZS,0.75853
RWA,Rwanda,2016,GB.XPD.RSDV.GD.ZS,0.64945
SAU,Saudi Arabia,2024,GB.XPD.RSDV.GD.ZS,0.63522
SAU,Saudi Arabia,2023,GB.XPD.RSDV.GD.ZS,0.49487
SAU,Saudi Arabia,2022,GB.XPD.RSDV.GD.ZS,0.41439
SAU,Saudi Arabia,2021,GB.XPD.RSDV.GD.ZS,0.39379
SAU,Saudi Arabia,2020,GB.XPD.RSDV.GD.ZS,0.47618
SAU,Saudi Arabia,2013,GB.XPD.RSDV.GD.ZS,0.79069
SAU,Saudi Arabia,2012,GB.XPD.RSDV.GD.ZS,0.85824
SAU,Saudi Arabia,2011,GB.XPD.RSDV.GD.ZS,0.88541
SAU,Saudi Arabia,2010,GB.XPD.RSDV.GD.ZS,0.884
SAU,Saudi Arabia,2009,GB.XPD.RSDV.GD.ZS,0.07338
SAU,Saudi Arabia,2008,GB.XPD.RSDV.GD.ZS,0.04902
SAU,Saudi Arabia,2007,GB.XPD.RSDV.GD.ZS,0.04521
SAU,Saudi Arabia,2006,GB.XPD.RSDV.GD.ZS,0.04245
SAU,Saudi Arabia,2005,GB.XPD.RSDV.GD.ZS,0.0423
SEN,Senegal,2015,GB.XPD.RSDV.GD.ZS,0.5772
SEN,Senegal,2010,GB.XPD.RSDV.GD.ZS,0.4343
SEN,Senegal,2008,GB.XPD.RSDV.GD.ZS,0.29374
SRB,Serbia,2024,GB.XPD.RSDV.GD.ZS,0.93978
SRB,Serbia,2023,GB.XPD.RSDV.GD.ZS,0.87816
SRB,Serbia,2022,GB.XPD.RSDV.GD.ZS,0.91938
SRB,Serbia,2021,GB.XPD.RSDV.GD.ZS,0.94784
SRB,Serbia,2020,GB.XPD.RSDV.GD.ZS,0.86478
SRB,Serbia,2019,GB.XPD.RSDV.GD.ZS,0.84798
SRB,Serbia,2018,GB.XPD.RSDV.GD.ZS,0.88154
SRB,Serbia,2017,GB.XPD.RSDV.GD.ZS,0.83834
SRB,Serbia,2016,GB.XPD.RSDV.GD.ZS,0.80779
SRB,Serbia,2015,GB.XPD.RSDV.GD.ZS,0.77867
SRB,Serbia,2014,GB.XPD.RSDV.GD.ZS,0.69287
SRB,Serbia,2013,GB.XPD.RSDV.GD.ZS,0.65574
SRB,Serbia,2012,GB.XPD.RSDV.GD.ZS,0.81922
SRB,Serbia,2011,GB.XPD.RSDV.GD.ZS,0.65677
SRB,Serbia,2010,GB.XPD.RSDV.GD.ZS,0.67458
SRB,Serbia,2009,GB.XPD.RSDV.GD.ZS,0.78609
SRB,Serbia,2008,GB.XPD.RSDV.GD.ZS,0.64463
SRB,Serbia,2007,GB.XPD.RSDV.GD.ZS,0.55664
SRB,Serbia,2006,GB.XPD.RSDV.GD.ZS,0.42907
SRB,Serbia,2005,GB.XPD.RSDV.GD.ZS,0.38621
SYC,Seychelles,2016,GB.XPD.RSDV.GD.ZS,0.2017
SYC,Seychelles,2005,GB.XPD.RSDV.GD.ZS,0.28393
SGP,Singapore,2022,GB.XPD.RSDV.GD.ZS,1.80821
SGP,Singapore,2021,GB.XPD.RSDV.GD.ZS,1.93761
SGP,Singapore,2020,GB.XPD.RSDV.GD.ZS,2.15983
SGP,Singapore,2019,GB.XPD.RSDV.GD.ZS,1.88845
SGP,Singapore,2018,GB.XPD.RSDV.GD.ZS,1.80836
SGP,Singapore,2017,GB.XPD.RSDV.GD.ZS,1.89683
SGP,Singapore,2016,GB.XPD.RSDV.GD.ZS,2.06892
SGP,Singapore,2015,GB.XPD.RSDV.GD.ZS,2.17445
SGP,Singapore,2014,GB.XPD.RSDV.GD.ZS,2.08228
SGP,Singapore,2013,GB.XPD.RSDV.GD.ZS,1.92104
SGP,Singapore,2012,GB.XPD.RSDV.GD.ZS,1.91833
SGP,Singapore,2011,GB.XPD.RSDV.GD.ZS,2.06955
SGP,Singapore,2010,GB.XPD.RSDV.GD.ZS,1.92918
SGP,Singapore,2009,GB.XPD.RSDV.GD.ZS,2.1279
SGP,Singapore,2008,GB.XPD.RSDV.GD.ZS,2.59673
SGP,Singapore,2007,GB.XPD.RSDV.GD.ZS,2.31986
SGP,Singapore,2006,GB.XPD.RSDV.GD.ZS,2.11656
SGP,Singapore,2005,GB.XPD.RSDV.GD.ZS,2.14806
SVK,Slovak Republic,2023,GB.XPD.RSDV.GD.ZS,1.03359
SVK,Slovak Republic,2022,GB.XPD.RSDV.GD.ZS,0.97686
SVK,Slovak Republic,2021,GB.XPD.RSDV.GD.ZS,0.90093
SVK,Slovak Republic,2020,GB.XPD.RSDV.GD.ZS,0.88944
SVK,Slovak Republic,2019,GB.XPD.RSDV.GD.ZS,0.82138
SVK,Slovak Republic,2018,GB.XPD.RSDV.GD.ZS,0.83184
SVK,Slovak Republic,2017,GB.XPD.RSDV.GD.ZS,0.88153
SVK,Slovak Republic,2016,GB.XPD.RSDV.GD.ZS,0.78513
SVK,Slovak Republic,2015,GB.XPD.RSDV.GD.ZS,1.15366
SVK,Slovak Republic,2014,GB.XPD.RSDV.GD.ZS,0.87462
SVK,Slovak Republic,2013,GB.XPD.RSDV.GD.ZS,0.8184
SVK,Slovak Republic,2012,GB.XPD.RSDV.GD.ZS,0.79377
SVK,Slovak Republic,2011,GB.XPD.RSDV.GD.ZS,0.65398
SVK,Slovak Republic,2010,GB.XPD.RSDV.GD.ZS,0.60583
SVK,Slovak Republic,2009,GB.XPD.RSDV.GD.ZS,0.47302
SVK,Slovak Republic,2008,GB.XPD.RSDV.GD.ZS,0.4616
SVK,Slovak Republic,2007,GB.XPD.RSDV.GD.ZS,0.44734
SVK,Slovak Republic,2006,GB.XPD.RSDV.GD.ZS,0.47498
SVK,Slovak Republic,2005,GB.XPD.RSDV.GD.ZS,0.49537
SVN,Slovenia,2023,GB.XPD.RSDV.GD.ZS,2.13385
SVN,Slovenia,2022,GB.XPD.RSDV.GD.ZS,2.1
SVN,Slovenia,2021,GB.XPD.RSDV.GD.ZS,2.13847
SVN,Slovenia,2020,GB.XPD.RSDV.GD.ZS,2.15559
SVN,Slovenia,2019,GB.XPD.RSDV.GD.ZS,2.05725
SVN,Slovenia,2018,GB.XPD.RSDV.GD.ZS,1.96365
SVN,Slovenia,2017,GB.XPD.RSDV.GD.ZS,1.88219
SVN,Slovenia,2016,GB.XPD.RSDV.GD.ZS,2.02922
SVN,Slovenia,2015,GB.XPD.RSDV.GD.ZS,2.21611
SVN,Slovenia,2014,GB.XPD.RSDV.GD.ZS,2.38854
SVN,Slovenia,2013,GB.XPD.RSDV.GD.ZS,2.59426
SVN,Slovenia,2012,GB.XPD.RSDV.GD.ZS,2.58339
SVN,Slovenia,2011,GB.XPD.RSDV.GD.ZS,2.4311
SVN,Slovenia,2010,GB.XPD.RSDV.GD.ZS,2.06914
SVN,Slovenia,2009,GB.XPD.RSDV.GD.ZS,1.83331
SVN,Slovenia,2008,GB.XPD.RSDV.GD.ZS,1.63465
SVN,Slovenia,2007,GB.XPD.RSDV.GD.ZS,1.43261
SVN,Slovenia,2006,GB.XPD.RSDV.GD.ZS,1.54569
SVN,Slovenia,2005,GB.XPD.RSDV.GD.ZS,1.42797
ZAF,South Africa,2022,GB.XPD.RSDV.GD.ZS,0.61479
ZAF,South Africa,2021,GB.XPD.RSDV.GD.ZS,0.6139
ZAF,South Africa,2020,GB.XPD.RSDV.GD.ZS,0.60296
ZAF,South Africa,2019,GB.XPD.RSDV.GD.ZS,0.61304
ZAF,South Africa,2018,GB.XPD.RSDV.GD.ZS,0.68586
ZAF,South Africa,2017,GB.XPD.RSDV.GD.ZS,0.76257
ZAF,South Africa,2016,GB.XPD.RSDV.GD.ZS,0.74992
ZAF,South Africa,2015,GB.XPD.RSDV.GD.ZS,0.73147
ZAF,South Africa,2014,GB.XPD.RSDV.GD.ZS,0.70987
ZAF,South Africa,2013,GB.XPD.RSDV.GD.ZS,0.6633
ZAF,South Africa,2012,GB.XPD.RSDV.GD.ZS,0.66934
ZAF,South Africa,2011,GB.XPD.RSDV.GD.ZS,0.66753
ZAF,South Africa,2010,GB.XPD.RSDV.GD.ZS,0.66284
ZAF,South Africa,2009,GB.XPD.RSDV.GD.ZS,0.74993
ZAF,South Africa,2008,GB.XPD.RSDV.GD.ZS,0.80567
ZAF,South Africa,2007,GB.XPD.RSDV.GD.ZS,0.79364
ZAF,South Africa,2006,GB.XPD.RSDV.GD.ZS,0.80291
ZAF,South Africa,2005,GB.XPD.RSDV.GD.ZS,0.77024
ESP,Spain,2023,GB.XPD.RSDV.GD.ZS,1.49362
ESP,Spain,2022,GB.XPD.RSDV.GD.ZS,1.40684
ESP,Spain,2021,GB.XPD.RSDV.GD.ZS,1.39617
ESP,Spain,2020,GB.XPD.RSDV.GD.ZS,1.39637
ESP,Spain,2019,GB.XPD.RSDV.GD.ZS,1.24207
ESP,Spain,2018,GB.XPD.RSDV.GD.ZS,1.23288
ESP,Spain,2017,GB.XPD.RSDV.GD.ZS,1.20198
ESP,Spain,2016,GB.XPD.RSDV.GD.ZS,1.1808
ESP,Spain,2015,GB.XPD.RSDV.GD.ZS,1.21165
ESP,Spain,2014,GB.XPD.RSDV.GD.ZS,1.23401
ESP,Spain,2013,GB.XPD.RSDV.GD.ZS,1.26864
ESP,Spain,2012,GB.XPD.RSDV.GD.ZS,1.29268
ESP,Spain,2011,GB.XPD.RSDV.GD.ZS,1.32726
ESP,Spain,2010,GB.XPD.RSDV.GD.ZS,1.35436
ESP,Spain,2009,GB.XPD.RSDV.GD.ZS,1.35898
ESP,Spain,2008,GB.XPD.RSDV.GD.ZS,1.32156
ESP,Spain,2007,GB.XPD.RSDV.GD.ZS,1.23823
ESP,Spain,2006,GB.XPD.RSDV.GD.ZS,1.17567
ESP,Spain,2005,GB.XPD.RSDV.GD.ZS,1.09866
LKA,Sri Lanka,2022,GB.XPD.RSDV.GD.ZS,0.10506
LKA,Sri Lanka,2020,GB.XPD.RSDV.GD.ZS,0.11616
LKA,Sri Lanka,2018,GB.XPD.RSDV.GD.ZS,0.11949
LKA,Sri Lanka,2017,GB.XPD.RSDV.GD.ZS,0.11818
LKA,Sri Lanka,2016,GB.XPD.RSDV.GD.ZS,0.12034
LKA,Sri Lanka,2015,GB.XPD.RSDV.GD.ZS,0.10291
LKA,Sri Lanka,2014,GB.XPD.RSDV.GD.ZS,0.09605
LKA,Sri Lanka,2013,GB.XPD.RSDV.GD.ZS,0.0973
LKA,Sri Lanka,2010,GB.XPD.RSDV.GD.ZS,0.13241
LKA,Sri Lanka,2008,GB.XPD.RSDV.GD.ZS,0.11444
LKA,Sri Lanka,2006,GB.XPD.RSDV.GD.ZS,0.1742
SDN,Sudan,2005,GB.XPD.RSDV.GD.ZS,0.225
SWE,Sweden,2023,GB.XPD.RSDV.GD.ZS,3.59978
SWE,Sweden,2022,GB.XPD.RSDV.GD.ZS,3.47239
SWE,Sweden,2021,GB.XPD.RSDV.GD.ZS,3.41565
SWE,Sweden,2020,GB.XPD.RSDV.GD.ZS,3.50181
SWE,Sweden,2019,GB.XPD.RSDV.GD.ZS,3.39847
SWE,Sweden,2018,GB.XPD.RSDV.GD.ZS,3.34602
SWE,Sweden,2017,GB.XPD.RSDV.GD.ZS,3.39374
SWE,Sweden,2016,GB.XPD.RSDV.GD.ZS,3.25643
SWE,Sweden,2015,GB.XPD.RSDV.GD.ZS,3.24088
SWE,Sweden,2014,GB.XPD.RSDV.GD.ZS,3.12457
SWE,Sweden,2013,GB.XPD.RSDV.GD.ZS,3.27557
SWE,Sweden,2012,GB.XPD.RSDV.GD.ZS,3.24636
SWE,Sweden,2011,GB.XPD.RSDV.GD.ZS,3.20686
SWE,Sweden,2010,GB.XPD.RSDV.GD.ZS,3.18756
SWE,Sweden,2009,GB.XPD.RSDV.GD.ZS,3.41266
SWE,Sweden,2008,GB.XPD.RSDV.GD.ZS,3.49083
SWE,Sweden,2007,GB.XPD.RSDV.GD.ZS,3.24176
SWE,Sweden,2006,GB.XPD.RSDV.GD.ZS,3.47963
SWE,Sweden,2005,GB.XPD.RSDV.GD.ZS,3.3641
CHE,Switzerland,2023,GB.XPD.RSDV.GD.ZS,3.22178
CHE,Switzerland,2021,GB.XPD.RSDV.GD.ZS,3.24862
CHE,Switzerland,2019,GB.XPD.RSDV.GD.ZS,3.14983
CHE,Switzerland,2017,GB.XPD.RSDV.GD.ZS,3.04671
CHE,Switzerland,2015,GB.XPD.RSDV.GD.ZS,3.04577
CHE,Switzerland,2012,GB.XPD.RSDV.GD.ZS,2.87456
CHE,Switzerland,2008,GB.XPD.RSDV.GD.ZS,2.65296
SYR,Syrian Arab Republic,2022,GB.XPD.RSDV.GD.ZS,0.04217
SYR,Syrian Arab Republic,2015,GB.XPD.RSDV.GD.ZS,0.01942
TJK,Tajikistan,2020,GB.XPD.RSDV.GD.ZS,0.08969
TJK,Tajikistan,2019,GB.XPD.RSDV.GD.ZS,0.09367
TJK,Tajikistan,2018,GB.XPD.RSDV.GD.ZS,0.09401
TJK,Tajikistan,2017,GB.XPD.RSDV.GD.ZS,0.10957
TJK,Tajikistan,2016,GB.XPD.RSDV.GD.ZS,0.10622
TJK,Tajikistan,2015,GB.XPD.RSDV.GD.ZS,0.1034
TJK,Tajikistan,2014,GB.XPD.RSDV.GD.ZS,0.11624
TJK,Tajikistan,2013,GB.XPD.RSDV.GD.ZS,0.11851
TJK,Tajikistan,2012,GB.XPD.RSDV.GD.ZS,0.11432
TJK,Tajikistan,2011,GB.XPD.RSDV.GD.ZS,0.12148
TJK,Tajikistan,2010,GB.XPD.RSDV.GD.ZS,0.08914
TJK,Tajikistan,2009,GB.XPD.RSDV.GD.ZS,0.08577
TJK,Tajikistan,2008,GB.XPD.RSDV.GD.ZS,0.06983
TJK,Tajikistan,2007,GB.XPD.RSDV.GD.ZS,0.06778
TJK,Tajikistan,2006,GB.XPD.RSDV.GD.ZS,0.10732
TJK,Tajikistan,2005,GB.XPD.RSDV.GD.ZS,0.0957
TZA,Tanzania,2013,GB.XPD.RSDV.GD.ZS,0.51456
TZA,Tanzania,2010,GB.XPD.RSDV.GD.ZS,0.37307
TZA,Tanzania,2007,GB.XPD.RSDV.GD.ZS,0.33462
THA,Thailand,2023,GB.XPD.RSDV.GD.ZS,0.93628
THA,Thailand,2022,GB.XPD.RSDV.GD.ZS,1.15902
THA,Thailand,2021,GB.XPD.RSDV.GD.ZS,1.20822
THA,Thailand,2020,GB.XPD.RSDV.GD.ZS,1.32818
THA,Thailand,2019,GB.XPD.RSDV.GD.ZS,1.14317
THA,Thailand,2018,GB.XPD.RSDV.GD.ZS,1.11375
THA,Thailand,2017,GB.XPD.RSDV.GD.ZS,1.00165
THA,Thailand,2016,GB.XPD.RSDV.GD.ZS,0.77829
THA,Thailand,2015,GB.XPD.RSDV.GD.ZS,0.61609
THA,Thailand,2014,GB.XPD.RSDV.GD.ZS,0.47988
THA,Thailand,2013,GB.XPD.RSDV.GD.ZS,0.44163
THA,Thailand,2011,GB.XPD.RSDV.GD.ZS,0.36146
THA,Thailand,2009,GB.XPD.RSDV.GD.ZS,0.23455
THA,Thailand,2008,GB.XPD.RSDV.GD.ZS,0.20331
THA,Thailand,2007,GB.XPD.RSDV.GD.ZS,0.2008
THA,Thailand,2006,GB.XPD.RSDV.GD.ZS,0.23271
THA,Thailand,2005,GB.XPD.RSDV.GD.ZS,0.21889
TGO,Togo,2024,GB.XPD.RSDV.GD.ZS,0.22229
TGO,Togo,2014,GB.XPD.RSDV.GD.ZS,0.19074
TGO,Togo,2012,GB.XPD.RSDV.GD.ZS,0.15973
TGO,Togo,2010,GB.XPD.RSDV.GD.ZS,0.16962
TTO,Trinidad and Tobago,2022,GB.XPD.RSDV.GD.ZS,0.05039
TTO,Trinidad and Tobago,2021,GB.XPD.RSDV.GD.ZS,0.05445
TTO,Trinidad and Tobago,2020,GB.XPD.RSDV.GD.ZS,0.06455
TTO,Trinidad and Tobago,2019,GB.XPD.RSDV.GD.ZS,0.06007
TTO,Trinidad and Tobago,2018,GB.XPD.RSDV.GD.ZS,0.08371
TTO,Trinidad and Tobago,2017,GB.XPD.RSDV.GD.ZS,0.08587
TTO,Trinidad and Tobago,2016,GB.XPD.RSDV.GD.ZS,0.08662
TTO,Trinidad and Tobago,2015,GB.XPD.RSDV.GD.ZS,0.08051
TTO,Trinidad and Tobago,2014,GB.XPD.RSDV.GD.ZS,0.07657
TTO,Trinidad and Tobago,2013,GB.XPD.RSDV.GD.ZS,0.0541
TTO,Trinidad and Tobago,2012,GB.XPD.RSDV.GD.ZS,0.04155
TTO,Trinidad and Tobago,2011,GB.XPD.RSDV.GD.ZS,0.04024
TTO,Trinidad and Tobago,2010,GB.XPD.RSDV.GD.ZS,0.04771
TTO,Trinidad and Tobago,2009,GB.XPD.RSDV.GD.ZS,0.05665
TTO,Trinidad and Tobago,2008,GB.XPD.RSDV.GD.ZS,0.03072
TTO,Trinidad and Tobago,2007,GB.XPD.RSDV.GD.ZS,0.05922
TTO,Trinidad and Tobago,2006,GB.XPD.RSDV.GD.ZS,0.07233
TTO,Trinidad and Tobago,2005,GB.XPD.RSDV.GD.ZS,0.11431
TUN,Tunisia,2019,GB.XPD.RSDV.GD.ZS,0.74658
TUN,Tunisia,2018,GB.XPD.RSDV.GD.ZS,0.71645
TUN,Tunisia,2017,GB.XPD.RSDV.GD.ZS,0.69953
TUN,Tunisia,2016,GB.XPD.RSDV.GD.ZS,0.56539
TUN,Tunisia,2015,GB.XPD.RSDV.GD.ZS,0.59413
TUN,Tunisia,2014,GB.XPD.RSDV.GD.ZS,0.61988
TUN,Tunisia,2013,GB.XPD.RSDV.GD.ZS,0.637
TUN,Tunisia,2012,GB.XPD.RSDV.GD.ZS,0.64937
TUN,Tunisia,2011,GB.XPD.RSDV.GD.ZS,0.67458
TUN,Tunisia,2010,GB.XPD.RSDV.GD.ZS,0.65806
TUN,Tunisia,2009,GB.XPD.RSDV.GD.ZS,0.70644
TUN,Tunisia,2008,GB.XPD.RSDV.GD.ZS,0.63933
TUN,Tunisia,2007,GB.XPD.RSDV.GD.ZS,0.6654
TUN,Tunisia,2006,GB.XPD.RSDV.GD.ZS,0.67729
TUN,Tunisia,2005,GB.XPD.RSDV.GD.ZS,0.71195
TUR,Turkiye,2023,GB.XPD.RSDV.GD.ZS,1.42224
TUR,Turkiye,2022,GB.XPD.RSDV.GD.ZS,1.32342
TUR,Turkiye,2021,GB.XPD.RSDV.GD.ZS,1.40209
TUR,Turkiye,2020,GB.XPD.RSDV.GD.ZS,1.36748
TUR,Turkiye,2019,GB.XPD.RSDV.GD.ZS,1.3196
TUR,Turkiye,2018,GB.XPD.RSDV.GD.ZS,1.27093
TUR,Turkiye,2017,GB.XPD.RSDV.GD.ZS,1.17632
TUR,Turkiye,2016,GB.XPD.RSDV.GD.ZS,1.11979
TUR,Turkiye,2015,GB.XPD.RSDV.GD.ZS,0.96732
TUR,Turkiye,2014,GB.XPD.RSDV.GD.ZS,0.8564
TUR,Turkiye,2013,GB.XPD.RSDV.GD.ZS,0.81206
TUR,Turkiye,2012,GB.XPD.RSDV.GD.ZS,0.82595
TUR,Turkiye,2011,GB.XPD.RSDV.GD.ZS,0.79393
TUR,Turkiye,2010,GB.XPD.RSDV.GD.ZS,0.79369
TUR,Turkiye,2009,GB.XPD.RSDV.GD.ZS,0.80363
TUR,Turkiye,2008,GB.XPD.RSDV.GD.ZS,0.68741
TUR,Turkiye,2007,GB.XPD.RSDV.GD.ZS,0.68616
TUR,Turkiye,2006,GB.XPD.RSDV.GD.ZS,0.55292
TUR,Turkiye,2005,GB.XPD.RSDV.GD.ZS,0.56381
TKM,Turkmenistan,2023,GB.XPD.RSDV.GD.ZS,0.09
TKM,Turkmenistan,2022,GB.XPD.RSDV.GD.ZS,0.14
TKM,Turkmenistan,2021,GB.XPD.RSDV.GD.ZS,0.1
TKM,Turkmenistan,2020,GB.XPD.RSDV.GD.ZS,0.13
TKM,Turkmenistan,2019,GB.XPD.RSDV.GD.ZS,0.11
TKM,Turkmenistan,2018,GB.XPD.RSDV.GD.ZS,0.08
TKM,Turkmenistan,2017,GB.XPD.RSDV.GD.ZS,0.09
TKM,Turkmenistan,2016,GB.XPD.RSDV.GD.ZS,0.16
TKM,Turkmenistan,2015,GB.XPD.RSDV.GD.ZS,0.11
UGA,Uganda,2023,GB.XPD.RSDV.GD.ZS,0.4383
UGA,Uganda,2014,GB.XPD.RSDV.GD.ZS,0.14265
UGA,Uganda,2010,GB.XPD.RSDV.GD.ZS,0.3599
UGA,Uganda,2009,GB.XPD.RSDV.GD.ZS,0.25547
UGA,Uganda,2008,GB.XPD.RSDV.GD.ZS,0.32632
UGA,Uganda,2007,GB.XPD.RSDV.GD.ZS,0.38821
UGA,Uganda,2006,GB.XPD.RSDV.GD.ZS,0.30033
UGA,Uganda,2005,GB.XPD.RSDV.GD.ZS,0.21514
UKR,Ukraine,2024,GB.XPD.RSDV.GD.ZS,0.36988
UKR,Ukraine,2023,GB.XPD.RSDV.GD.ZS,0.32209
UKR,Ukraine,2022,GB.XPD.RSDV.GD.ZS,0.32673
UKR,Ukraine,2021,GB.XPD.RSDV.GD.ZS,0.38478
UKR,Ukraine,2020,GB.XPD.RSDV.GD.ZS,0.40318
UKR,Ukraine,2019,GB.XPD.RSDV.GD.ZS,0.43384
UKR,Ukraine,2018,GB.XPD.RSDV.GD.ZS,0.47113
UKR,Ukraine,2017,GB.XPD.RSDV.GD.ZS,0.44878
UKR,Ukraine,2016,GB.XPD.RSDV.GD.ZS,0.48339
UKR,Ukraine,2015,GB.XPD.RSDV.GD.ZS,0.61477
UKR,Ukraine,2014,GB.XPD.RSDV.GD.ZS,0.65034
UKR,Ukraine,2013,GB.XPD.RSDV.GD.ZS,0.733
UKR,Ukraine,2012,GB.XPD.RSDV.GD.ZS,0.72363
UKR,Ukraine,2011,GB.XPD.RSDV.GD.ZS,0.7109
UKR,Ukraine,2010,GB.XPD.RSDV.GD.ZS,0.80278
UKR,Ukraine,2009,GB.XPD.RSDV.GD.ZS,0.82596
UKR,Ukraine,2008,GB.XPD.RSDV.GD.ZS,0.80991
UKR,Ukraine,2007,GB.XPD.RSDV.GD.ZS,0.81869
UKR,Ukraine,2006,GB.XPD.RSDV.GD.ZS,0.91403
UKR,Ukraine,2005,GB.XPD.RSDV.GD.ZS,0.99518
ARE,United Arab Emirates,2021,GB.XPD.RSDV.GD.ZS,1.49469
ARE,United Arab Emirates,2020,GB.XPD.RSDV.GD.ZS,1.48831
ARE,United Arab Emirates,2019,GB.XPD.RSDV.GD.ZS,1.31065
ARE,United Arab Emirates,2018,GB.XPD.RSDV.GD.ZS,1.26389
ARE,United Arab Emirates,2016,GB.XPD.RSDV.GD.ZS,0.9318
ARE,United Arab Emirates,2015,GB.XPD.RSDV.GD.ZS,0.86569
ARE,United Arab Emirates,2014,GB.XPD.RSDV.GD.ZS,0.67523
ARE,United Arab Emirates,2011,GB.XPD.RSDV.GD.ZS,0.47252
GBR,United Kingdom,2023,GB.XPD.RSDV.GD.ZS,2.67614
GBR,United Kingdom,2022,GB.XPD.RSDV.GD.ZS,2.75224
GBR,United Kingdom,2021,GB.XPD.RSDV.GD.ZS,2.89968
GBR,United Kingdom,2020,GB.XPD.RSDV.GD.ZS,2.93993
GBR,United Kingdom,2019,GB.XPD.RSDV.GD.ZS,2.6707
GBR,United Kingdom,2018,GB.XPD.RSDV.GD.ZS,2.70889
GBR,United Kingdom,2017,GB.XPD.RSDV.GD.ZS,2.32602
GBR,United Kingdom,2016,GB.XPD.RSDV.GD.ZS,2.32051
GBR,United Kingdom,2015,GB.XPD.RSDV.GD.ZS,2.27566
GBR,United Kingdom,2014,GB.XPD.RSDV.GD.ZS,2.26488
GBR,United Kingdom,2013,GB.XPD.RSDV.GD.ZS,1.62096
GBR,United Kingdom,2012,GB.XPD.RSDV.GD.ZS,1.57587
GBR,United Kingdom,2011,GB.XPD.RSDV.GD.ZS,1.64681
GBR,United Kingdom,2010,GB.XPD.RSDV.GD.ZS,1.63887
GBR,United Kingdom,2009,GB.XPD.RSDV.GD.ZS,1.66991
GBR,United Kingdom,2008,GB.XPD.RSDV.GD.ZS,1.60901
GBR,United Kingdom,2007,GB.XPD.RSDV.GD.ZS,1.6183
GBR,United Kingdom,2006,GB.XPD.RSDV.GD.ZS,1.57625
GBR,United Kingdom,2005,GB.XPD.RSDV.GD.ZS,1.55004
USA,United States,2023,GB.XPD.RSDV.GD.ZS,3.44716
USA,United States,2022,GB.XPD.RSDV.GD.ZS,3.48736
USA,United States,2021,GB.XPD.RSDV.GD.ZS,3.4689
USA,United States,2020,GB.XPD.RSDV.GD.ZS,3.41788
USA,United States,2019,GB.XPD.RSDV.GD.ZS,3.14297
USA,United States,2018,GB.XPD.RSDV.GD.ZS,2.98956
USA,United States,2017,GB.XPD.RSDV.GD.ZS,2.88315
USA,United States,2016,GB.XPD.RSDV.GD.ZS,2.83677
USA,United States,2015,GB.XPD.RSDV.GD.ZS,2.77328
USA,United States,2014,GB.XPD.RSDV.GD.ZS,2.70882
USA,United States,2013,GB.XPD.RSDV.GD.ZS,2.69591
USA,United States,2012,GB.XPD.RSDV.GD.ZS,2.67272
USA,United States,2011,GB.XPD.RSDV.GD.ZS,2.73803
USA,United States,2010,GB.XPD.RSDV.GD.ZS,2.71443
USA,United States,2009,GB.XPD.RSDV.GD.ZS,2.7918
USA,United States,2008,GB.XPD.RSDV.GD.ZS,2.74481
USA,United States,2007,GB.XPD.RSDV.GD.ZS,2.61516
USA,United States,2006,GB.XPD.RSDV.GD.ZS,2.54545
USA,United States,2005,GB.XPD.RSDV.GD.ZS,2.50192
URY,Uruguay,2023,GB.XPD.RSDV.GD.ZS,0.70196
URY,Uruguay,2022,GB.XPD.RSDV.GD.ZS,0.62206
URY,Uruguay,2021,GB.XPD.RSDV.GD.ZS,0.61467
URY,Uruguay,2020,GB.XPD.RSDV.GD.ZS,0.67606
URY,Uruguay,2019,GB.XPD.RSDV.GD.ZS,0.56805
URY,Uruguay,2018,GB.XPD.RSDV.GD.ZS,0.50484
URY,Uruguay,2017,GB.XPD.RSDV.GD.ZS,0.44052
URY,Uruguay,2016,GB.XPD.RSDV.GD.ZS,0.37391
URY,Uruguay,2015,GB.XPD.RSDV.GD.ZS,0.35109
URY,Uruguay,2014,GB.XPD.RSDV.GD.ZS,0.31707
URY,Uruguay,2013,GB.XPD.RSDV.GD.ZS,0.29118
URY,Uruguay,2012,GB.XPD.RSDV.GD.ZS,0.30808
URY,Uruguay,2011,GB.XPD.RSDV.GD.ZS,0.32962
URY,Uruguay,2010,GB.XPD.RSDV.GD.ZS,0.32882
URY,Uruguay,2009,GB.XPD.RSDV.GD.ZS,0.40239
URY,Uruguay,2008,GB.XPD.RSDV.GD.ZS,0.37442
URY,Uruguay,2007,GB.XPD.RSDV.GD.ZS,0.42159
URY,Uruguay,2006,GB.XPD.RSDV.GD.ZS,0.36385
URY,Uruguay,2005,GB.XPD.RSDV.GD.ZS,0.46031
UZB,Uzbekistan,2024,GB.XPD.RSDV.GD.ZS,0.10416
UZB,Uzbekistan,2023,GB.XPD.RSDV.GD.ZS,0.11093
UZB,Uzbekistan,2022,GB.XPD.RSDV.GD.ZS,0.14297
UZB,Uzbekistan,2021,GB.XPD.RSDV.GD.ZS,0.11843
UZB,Uzbekistan,2020,GB.XPD.RSDV.GD.ZS,0.12554
UZB,Uzbekistan,2019,GB.XPD.RSDV.GD.ZS,0.10128
UZB,Uzbekistan,2018,GB.XPD.RSDV.GD.ZS,0.11164
UZB,Uzbekistan,2017,GB.XPD.RSDV.GD.ZS,0.13212
UZB,Uzbekistan,2016,GB.XPD.RSDV.GD.ZS,0.17238
UZB,Uzbekistan,2015,GB.XPD.RSDV.GD.ZS,0.16497
UZB,Uzbekistan,2014,GB.XPD.RSDV.GD.ZS,0.15335
UZB,Uzbekistan,2013,GB.XPD.RSDV.GD.ZS,0.155
UZB,Uzbekistan,2012,GB.XPD.RSDV.GD.ZS,0.15512
UZB,Uzbekistan,2011,GB.XPD.RSDV.GD.ZS,0.14877
UZB,Uzbekistan,2010,GB.XPD.RSDV.GD.ZS,0.1543
UZB,Uzbekistan,2009,GB.XPD.RSDV.GD.ZS,0.20315
UZB,Uzbekistan,2008,GB.XPD.RSDV.GD.ZS,0.19354
UZB,Uzbekistan,2007,GB.XPD.RSDV.GD.ZS,0.21721
UZB,Uzbekistan,2006,GB.XPD.RSDV.GD.ZS,0.22395
UZB,Uzbekistan,2005,GB.XPD.RSDV.GD.ZS,0.23741
VEN,"Venezuela, RB",2014,GB.XPD.RSDV.GD.ZS,0.33713
VEN,"Venezuela, RB",2013,GB.XPD.RSDV.GD.ZS,0.31853
VEN,"Venezuela, RB",2012,GB.XPD.RSDV.GD.ZS,0.2501
VEN,"Venezuela, RB",2011,GB.XPD.RSDV.GD.ZS,0.15296
VEN,"Venezuela, RB",2010,GB.XPD.RSDV.GD.ZS,0.18823
VEN,"Venezuela, RB",2009,GB.XPD.RSDV.GD.ZS,0.24014
VEN,"Venezuela, RB",2008,GB.XPD.RSDV.GD.ZS,0.23803
VEN,"Venezuela, RB",2007,GB.XPD.RSDV.GD.ZS,0.2011
VEN,"Venezuela, RB",2006,GB.XPD.RSDV.GD.ZS,0.31742
VEN,"Venezuela, RB",2005,GB.XPD.RSDV.GD.ZS,0.18907
VNM,Viet Nam,2023,GB.XPD.RSDV.GD.ZS,0.41456
VNM,Viet Nam,2021,GB.XPD.RSDV.GD.ZS,0.42494
VNM,Viet Nam,2019,GB.XPD.RSDV.GD.ZS,0.41652
VNM,Viet Nam,2017,GB.XPD.RSDV.GD.ZS,0.41895
VNM,Viet Nam,2015,GB.XPD.RSDV.GD.ZS,0.35629
VNM,Viet Nam,2013,GB.XPD.RSDV.GD.ZS,0.29932
VNM,Viet Nam,2011,GB.XPD.RSDV.GD.ZS,0.14955
VIR,Virgin Islands (U.S.),2007,GB.XPD.RSDV.GD.ZS,0.02717
VIR,Virgin Islands (U.S.),2006,GB.XPD.RSDV.GD.ZS,0.03122
VIR,Virgin Islands (U.S.),2005,GB.XPD.RSDV.GD.ZS,0.02936
PSE,West Bank and Gaza,2013,GB.XPD.RSDV.GD.ZS,0.45434
PSE,West Bank and Gaza,2010,GB.XPD.RSDV.GD.ZS,0.36156
PSE,West Bank and Gaza,2009,GB.XPD.RSDV.GD.ZS,0.35646
PSE,West Bank and Gaza,2008,GB.XPD.RSDV.GD.ZS,0.14914
PSE,West Bank and Gaza,2007,GB.XPD.RSDV.GD.ZS,0.19723
ZMB,Zambia,2008,GB.XPD.RSDV.GD.ZS,0.27819
ZMB,Zambia,2005,GB.XPD.RSDV.GD.ZS,0.02493
