country_code,country_name,year,indicator_code,value
AFG,Afghanistan,2024,GOV_WGI_CC.EST,-1.3087183
AFG,Afghanistan,2023,GOV_WGI_CC.EST,-1.1987543
AFG,Afghanistan,2022,GOV_WGI_CC.EST,-1.1719937
AFG,Afghanistan,2021,GOV_WGI_CC.EST,-1.22202489999999
AFG,Afghanistan,2020,GOV_WGI_CC.EST,-1.40089
AFG,Afghanistan,2019,GOV_WGI_CC.EST,-1.5013636
AFG,Afghanistan,2018,GOV_WGI_CC.EST,-1.5398439
AFG,Afghanistan,2017,GOV_WGI_CC.EST,-1.54351939999999
AFG,Afghanistan,2016,GOV_WGI_CC.EST,-1.56501159999999
AFG,Afghanistan,2015,GOV_WGI_CC.EST,-1.5195275
AFG,Afghanistan,2014,GOV_WGI_CC.EST,-1.5607981
AFG,Afghanistan,2013,GOV_WGI_CC.EST,-1.5860489
AFG,Afghanistan,2012,GOV_WGI_CC.EST,-1.635471
AFG,Afghanistan,2011,GOV_WGI_CC.EST,-1.5926582
AFG,Afghanistan,2010,GOV_WGI_CC.EST,-1.65416719999999
AFG,Afghanistan,2009,GOV_WGI_CC.EST,-1.5631034
AFG,Afghanistan,2008,GOV_WGI_CC.EST,-1.6125664
AFG,Afghanistan,2007,GOV_WGI_CC.EST,-1.5697208
AFG,Afghanistan,2006,GOV_WGI_CC.EST,-1.52211379999999
AFG,Afghanistan,2005,GOV_WGI_CC.EST,-1.57150029999999
ALB,Albania,2024,GOV_WGI_CC.EST,-0.420760099999999
ALB,Albania,2023,GOV_WGI_CC.EST,-0.464044399999999
ALB,Albania,2022,GOV_WGI_CC.EST,-0.500456
ALB,Albania,2021,GOV_WGI_CC.EST,-0.60203
ALB,Albania,2020,GOV_WGI_CC.EST,-0.6594306
ALB,Albania,2019,GOV_WGI_CC.EST,-0.5384935
ALB,Albania,2018,GOV_WGI_CC.EST,-0.587108899999999
ALB,Albania,2017,GOV_WGI_CC.EST,-0.5663593
ALB,Albania,2016,GOV_WGI_CC.EST,-0.5061985
ALB,Albania,2015,GOV_WGI_CC.EST,-0.5865235
ALB,Albania,2014,GOV_WGI_CC.EST,-0.6758626
ALB,Albania,2013,GOV_WGI_CC.EST,-0.815531999999999
ALB,Albania,2012,GOV_WGI_CC.EST,-0.8226266
ALB,Albania,2011,GOV_WGI_CC.EST,-0.6894267
ALB,Albania,2010,GOV_WGI_CC.EST,-0.503922299999999
ALB,Albania,2009,GOV_WGI_CC.EST,-0.574472099999999
ALB,Albania,2008,GOV_WGI_CC.EST,-0.6438129
ALB,Albania,2007,GOV_WGI_CC.EST,-0.6751999
ALB,Albania,2006,GOV_WGI_CC.EST,-0.6947376
ALB,Albania,2005,GOV_WGI_CC.EST,-0.883028399999999
DZA,Algeria,2024,GOV_WGI_CC.EST,-0.5933952
DZA,Algeria,2023,GOV_WGI_CC.EST,-0.6397452
DZA,Algeria,2022,GOV_WGI_CC.EST,-0.6430769
DZA,Algeria,2021,GOV_WGI_CC.EST,-0.6509952
DZA,Algeria,2020,GOV_WGI_CC.EST,-0.635634599999999
DZA,Algeria,2019,GOV_WGI_CC.EST,-0.620545999999999
DZA,Algeria,2018,GOV_WGI_CC.EST,-0.538513599999999
DZA,Algeria,2017,GOV_WGI_CC.EST,-0.5404682
DZA,Algeria,2016,GOV_WGI_CC.EST,-0.6412808
DZA,Algeria,2015,GOV_WGI_CC.EST,-0.6299526
DZA,Algeria,2014,GOV_WGI_CC.EST,-0.6220502
DZA,Algeria,2013,GOV_WGI_CC.EST,-0.4058013
DZA,Algeria,2012,GOV_WGI_CC.EST,-0.453743099999999
DZA,Algeria,2011,GOV_WGI_CC.EST,-0.4094732
DZA,Algeria,2010,GOV_WGI_CC.EST,-0.3918564
DZA,Algeria,2009,GOV_WGI_CC.EST,-0.6151584
DZA,Algeria,2008,GOV_WGI_CC.EST,-0.5819677
DZA,Algeria,2007,GOV_WGI_CC.EST,-0.479348
DZA,Algeria,2006,GOV_WGI_CC.EST,-0.4436557
DZA,Algeria,2005,GOV_WGI_CC.EST,-0.6215313
,American Samoa,2024,GOV_WGI_CC.EST,1.1762344
,American Samoa,2023,GOV_WGI_CC.EST,1.1733125
,American Samoa,2022,GOV_WGI_CC.EST,1.1763452
,American Samoa,2021,GOV_WGI_CC.EST,1.1772281
,American Samoa,2020,GOV_WGI_CC.EST,1.1797991
,American Samoa,2019,GOV_WGI_CC.EST,1.8025255
,American Samoa,2018,GOV_WGI_CC.EST,1.7972711
,American Samoa,2017,GOV_WGI_CC.EST,1.7934572
,American Samoa,2016,GOV_WGI_CC.EST,1.1716528
,American Samoa,2015,GOV_WGI_CC.EST,1.1685187
,American Samoa,2014,GOV_WGI_CC.EST,1.1646295
,American Samoa,2013,GOV_WGI_CC.EST,0.3889352
,American Samoa,2012,GOV_WGI_CC.EST,0.3885632
,American Samoa,2011,GOV_WGI_CC.EST,0.3934592
,American Samoa,2010,GOV_WGI_CC.EST,0.3958154
,American Samoa,2009,GOV_WGI_CC.EST,0.3948747
,American Samoa,2008,GOV_WGI_CC.EST,0.3949296
,American Samoa,2007,GOV_WGI_CC.EST,0.3933714
,American Samoa,2006,GOV_WGI_CC.EST,0.3992334
,American Samoa,2005,GOV_WGI_CC.EST,0.8590847
AND,Andorra,2024,GOV_WGI_CC.EST,1.1762344
AND,Andorra,2023,GOV_WGI_CC.EST,1.1733125
AND,Andorra,2022,GOV_WGI_CC.EST,1.1763452
AND,Andorra,2021,GOV_WGI_CC.EST,1.1772281
AND,Andorra,2020,GOV_WGI_CC.EST,1.1797991
AND,Andorra,2019,GOV_WGI_CC.EST,1.1784788
AND,Andorra,2018,GOV_WGI_CC.EST,1.1732244
AND,Andorra,2017,GOV_WGI_CC.EST,1.1694105
AND,Andorra,2016,GOV_WGI_CC.EST,1.1716528
AND,Andorra,2015,GOV_WGI_CC.EST,1.1685187
AND,Andorra,2014,GOV_WGI_CC.EST,1.1646295
AND,Andorra,2013,GOV_WGI_CC.EST,1.3250051
AND,Andorra,2012,GOV_WGI_CC.EST,1.3246331
AND,Andorra,2011,GOV_WGI_CC.EST,1.3295291
AND,Andorra,2010,GOV_WGI_CC.EST,1.3318853
AND,Andorra,2009,GOV_WGI_CC.EST,1.3309446
AND,Andorra,2008,GOV_WGI_CC.EST,1.3309995
AND,Andorra,2007,GOV_WGI_CC.EST,1.3294413
AND,Andorra,2006,GOV_WGI_CC.EST,1.3353033
AND,Andorra,2005,GOV_WGI_CC.EST,1.3271197
AGO,Angola,2024,GOV_WGI_CC.EST,-0.6225793
AGO,Angola,2023,GOV_WGI_CC.EST,-0.6242518
AGO,Angola,2022,GOV_WGI_CC.EST,-0.6031537
AGO,Angola,2021,GOV_WGI_CC.EST,-0.6416506
AGO,Angola,2020,GOV_WGI_CC.EST,-0.891832299999999
AGO,Angola,2019,GOV_WGI_CC.EST,-0.9647988
AGO,Angola,2018,GOV_WGI_CC.EST,-1.18178199999999
AGO,Angola,2017,GOV_WGI_CC.EST,-1.4208093
AGO,Angola,2016,GOV_WGI_CC.EST,-1.4881942
AGO,Angola,2015,GOV_WGI_CC.EST,-1.4857649
AGO,Angola,2014,GOV_WGI_CC.EST,-1.48643939999999
AGO,Angola,2013,GOV_WGI_CC.EST,-1.46090079999999
AGO,Angola,2012,GOV_WGI_CC.EST,-1.4394482
AGO,Angola,2011,GOV_WGI_CC.EST,-1.3687643
AGO,Angola,2010,GOV_WGI_CC.EST,-1.32703029999999
AGO,Angola,2009,GOV_WGI_CC.EST,-1.27248349999999
AGO,Angola,2008,GOV_WGI_CC.EST,-1.2699259
AGO,Angola,2007,GOV_WGI_CC.EST,-1.2804167
AGO,Angola,2006,GOV_WGI_CC.EST,-1.2967958
AGO,Angola,2005,GOV_WGI_CC.EST,-1.2940835
ATG,Antigua and Barbuda,2024,GOV_WGI_CC.EST,0.2843876
ATG,Antigua and Barbuda,2023,GOV_WGI_CC.EST,0.2686527
ATG,Antigua and Barbuda,2022,GOV_WGI_CC.EST,0.2369304
ATG,Antigua and Barbuda,2021,GOV_WGI_CC.EST,0.181489
ATG,Antigua and Barbuda,2020,GOV_WGI_CC.EST,0.2199155
ATG,Antigua and Barbuda,2019,GOV_WGI_CC.EST,0.2193663
ATG,Antigua and Barbuda,2018,GOV_WGI_CC.EST,0.2262187
ATG,Antigua and Barbuda,2017,GOV_WGI_CC.EST,0.1957295
ATG,Antigua and Barbuda,2016,GOV_WGI_CC.EST,0.6379406
ATG,Antigua and Barbuda,2015,GOV_WGI_CC.EST,0.6366369
ATG,Antigua and Barbuda,2014,GOV_WGI_CC.EST,0.5405831
ATG,Antigua and Barbuda,2013,GOV_WGI_CC.EST,1.3250051
ATG,Antigua and Barbuda,2012,GOV_WGI_CC.EST,1.3246331
ATG,Antigua and Barbuda,2011,GOV_WGI_CC.EST,1.3295291
ATG,Antigua and Barbuda,2010,GOV_WGI_CC.EST,1.3318853
ATG,Antigua and Barbuda,2009,GOV_WGI_CC.EST,1.0478893
ATG,Antigua and Barbuda,2008,GOV_WGI_CC.EST,1.0479318
ATG,Antigua and Barbuda,2007,GOV_WGI_CC.EST,1.0467254
ATG,Antigua and Barbuda,2006,GOV_WGI_CC.EST,1.0512639
ATG,Antigua and Barbuda,2005,GOV_WGI_CC.EST,0.6825636
ARG,Argentina,2024,GOV_WGI_CC.EST,-0.3257079
ARG,Argentina,2023,GOV_WGI_CC.EST,-0.354078399999999
ARG,Argentina,2022,GOV_WGI_CC.EST,-0.3402325
ARG,Argentina,2021,GOV_WGI_CC.EST,-0.3273298
ARG,Argentina,2020,GOV_WGI_CC.EST,-0.1344697
ARG,Argentina,2019,GOV_WGI_CC.EST,-0.0847054
ARG,Argentina,2018,GOV_WGI_CC.EST,-0.0057354
ARG,Argentina,2017,GOV_WGI_CC.EST,-0.178141599999999
ARG,Argentina,2016,GOV_WGI_CC.EST,-0.2193628
ARG,Argentina,2015,GOV_WGI_CC.EST,-0.645135999999999
ARG,Argentina,2014,GOV_WGI_CC.EST,-0.6660539
ARG,Argentina,2013,GOV_WGI_CC.EST,-0.517294
ARG,Argentina,2012,GOV_WGI_CC.EST,-0.5168142
ARG,Argentina,2011,GOV_WGI_CC.EST,-0.3396354
ARG,Argentina,2010,GOV_WGI_CC.EST,-0.3672971
ARG,Argentina,2009,GOV_WGI_CC.EST,-0.3970066
ARG,Argentina,2008,GOV_WGI_CC.EST,-0.4137763
ARG,Argentina,2007,GOV_WGI_CC.EST,-0.4042866
ARG,Argentina,2006,GOV_WGI_CC.EST,-0.320851799999999
ARG,Argentina,2005,GOV_WGI_CC.EST,-0.3890799
ARM,Armenia,2024,GOV_WGI_CC.EST,0.1446809
ARM,Armenia,2023,GOV_WGI_CC.EST,0.1046118
ARM,Armenia,2022,GOV_WGI_CC.EST,0.0574942
ARM,Armenia,2021,GOV_WGI_CC.EST,0.0558398
ARM,Armenia,2020,GOV_WGI_CC.EST,0.1056079
ARM,Armenia,2019,GOV_WGI_CC.EST,-0.0523489
ARM,Armenia,2018,GOV_WGI_CC.EST,-0.1642391
ARM,Armenia,2017,GOV_WGI_CC.EST,-0.5641041
ARM,Armenia,2016,GOV_WGI_CC.EST,-0.580676299999999
ARM,Armenia,2015,GOV_WGI_CC.EST,-0.6231951
ARM,Armenia,2014,GOV_WGI_CC.EST,-0.6390245
ARM,Armenia,2013,GOV_WGI_CC.EST,-0.5341199
ARM,Armenia,2012,GOV_WGI_CC.EST,-0.6183619
ARM,Armenia,2011,GOV_WGI_CC.EST,-0.677393
ARM,Armenia,2010,GOV_WGI_CC.EST,-0.671372099999999
ARM,Armenia,2009,GOV_WGI_CC.EST,-0.735393699999999
ARM,Armenia,2008,GOV_WGI_CC.EST,-0.759616299999999
ARM,Armenia,2007,GOV_WGI_CC.EST,-0.7056118
ARM,Armenia,2006,GOV_WGI_CC.EST,-0.6287834
ARM,Armenia,2005,GOV_WGI_CC.EST,-0.598776299999999
,Aruba,2024,GOV_WGI_CC.EST,0.8687982
,Aruba,2023,GOV_WGI_CC.EST,0.8675607
,Aruba,2022,GOV_WGI_CC.EST,0.8688452
,Aruba,2021,GOV_WGI_CC.EST,0.8692192
,Aruba,2020,GOV_WGI_CC.EST,1.165722
,Aruba,2019,GOV_WGI_CC.EST,1.1651628
,Aruba,2018,GOV_WGI_CC.EST,1.1629372
,Aruba,2017,GOV_WGI_CC.EST,1.1613218
,Aruba,2016,GOV_WGI_CC.EST,1.1622716
,Aruba,2015,GOV_WGI_CC.EST,1.1609441
,Aruba,2014,GOV_WGI_CC.EST,0.8949794
,Aruba,2013,GOV_WGI_CC.EST,1.0289865
,Aruba,2012,GOV_WGI_CC.EST,1.0288289
,Aruba,2011,GOV_WGI_CC.EST,1.0309026
,Aruba,2010,GOV_WGI_CC.EST,1.0319006
,Aruba,2009,GOV_WGI_CC.EST,1.0315021
,Aruba,2008,GOV_WGI_CC.EST,1.3309995
,Aruba,2007,GOV_WGI_CC.EST,1.3294413
,Aruba,2006,GOV_WGI_CC.EST,1.3353033
,Aruba,2005,GOV_WGI_CC.EST,1.3271197
AUS,Australia,2024,GOV_WGI_CC.EST,1.8520196
AUS,Australia,2023,GOV_WGI_CC.EST,1.8057703
AUS,Australia,2022,GOV_WGI_CC.EST,1.7288156
AUS,Australia,2021,GOV_WGI_CC.EST,1.6770561
AUS,Australia,2020,GOV_WGI_CC.EST,1.6038237
AUS,Australia,2019,GOV_WGI_CC.EST,1.7864413
AUS,Australia,2018,GOV_WGI_CC.EST,1.7686469
AUS,Australia,2017,GOV_WGI_CC.EST,1.7942938
AUS,Australia,2016,GOV_WGI_CC.EST,1.7943998
AUS,Australia,2015,GOV_WGI_CC.EST,1.8544442
AUS,Australia,2014,GOV_WGI_CC.EST,1.8631086
AUS,Australia,2013,GOV_WGI_CC.EST,1.7300796
AUS,Australia,2012,GOV_WGI_CC.EST,1.9635732
AUS,Australia,2011,GOV_WGI_CC.EST,1.9689203
AUS,Australia,2010,GOV_WGI_CC.EST,1.9936736
AUS,Australia,2009,GOV_WGI_CC.EST,1.9724107
AUS,Australia,2008,GOV_WGI_CC.EST,1.9874065
AUS,Australia,2007,GOV_WGI_CC.EST,1.8662259
AUS,Australia,2006,GOV_WGI_CC.EST,1.7469891
AUS,Australia,2005,GOV_WGI_CC.EST,1.7797873
AUT,Austria,2024,GOV_WGI_CC.EST,1.2944469
AUT,Austria,2023,GOV_WGI_CC.EST,1.3200882
AUT,Austria,2022,GOV_WGI_CC.EST,1.3678343
AUT,Austria,2021,GOV_WGI_CC.EST,1.3601171
AUT,Austria,2020,GOV_WGI_CC.EST,1.6059221
AUT,Austria,2019,GOV_WGI_CC.EST,1.607711
AUT,Austria,2018,GOV_WGI_CC.EST,1.6348091
AUT,Austria,2017,GOV_WGI_CC.EST,1.5672466
AUT,Austria,2016,GOV_WGI_CC.EST,1.5179793
AUT,Austria,2015,GOV_WGI_CC.EST,1.4914799
AUT,Austria,2014,GOV_WGI_CC.EST,1.4211309
AUT,Austria,2013,GOV_WGI_CC.EST,1.4466859
AUT,Austria,2012,GOV_WGI_CC.EST,1.3720899
AUT,Austria,2011,GOV_WGI_CC.EST,1.5778123
AUT,Austria,2010,GOV_WGI_CC.EST,1.6674975
AUT,Austria,2009,GOV_WGI_CC.EST,1.8047422
AUT,Austria,2008,GOV_WGI_CC.EST,1.8526056
AUT,Austria,2007,GOV_WGI_CC.EST,1.9654354
AUT,Austria,2006,GOV_WGI_CC.EST,1.9434385
AUT,Austria,2005,GOV_WGI_CC.EST,1.9511557
AZE,Azerbaijan,2024,GOV_WGI_CC.EST,-0.775077799999999
AZE,Azerbaijan,2023,GOV_WGI_CC.EST,-0.881959199999999
AZE,Azerbaijan,2022,GOV_WGI_CC.EST,-0.8302212
AZE,Azerbaijan,2021,GOV_WGI_CC.EST,-0.775813299999999
AZE,Azerbaijan,2020,GOV_WGI_CC.EST,-0.7598072
AZE,Azerbaijan,2019,GOV_WGI_CC.EST,-0.7550887
AZE,Azerbaijan,2018,GOV_WGI_CC.EST,-0.9065044
AZE,Azerbaijan,2017,GOV_WGI_CC.EST,-0.8585937
AZE,Azerbaijan,2016,GOV_WGI_CC.EST,-0.752306599999999
AZE,Azerbaijan,2015,GOV_WGI_CC.EST,-0.9367808
AZE,Azerbaijan,2014,GOV_WGI_CC.EST,-1.1217641
AZE,Azerbaijan,2013,GOV_WGI_CC.EST,-1.0027032
AZE,Azerbaijan,2012,GOV_WGI_CC.EST,-1.1735441
AZE,Azerbaijan,2011,GOV_WGI_CC.EST,-1.1630943
AZE,Azerbaijan,2010,GOV_WGI_CC.EST,-1.2337448
AZE,Azerbaijan,2009,GOV_WGI_CC.EST,-1.1418298
AZE,Azerbaijan,2008,GOV_WGI_CC.EST,-1.1747872
AZE,Azerbaijan,2007,GOV_WGI_CC.EST,-1.16611739999999
AZE,Azerbaijan,2006,GOV_WGI_CC.EST,-1.1420573
AZE,Azerbaijan,2005,GOV_WGI_CC.EST,-1.15758989999999
BHS,"Bahamas, The",2024,GOV_WGI_CC.EST,1.2320893
BHS,"Bahamas, The",2023,GOV_WGI_CC.EST,1.2199692
BHS,"Bahamas, The",2022,GOV_WGI_CC.EST,1.2330855
BHS,"Bahamas, The",2021,GOV_WGI_CC.EST,1.2282597
BHS,"Bahamas, The",2020,GOV_WGI_CC.EST,1.2128533
BHS,"Bahamas, The",2019,GOV_WGI_CC.EST,1.2125503
BHS,"Bahamas, The",2018,GOV_WGI_CC.EST,1.1027809
BHS,"Bahamas, The",2017,GOV_WGI_CC.EST,1.0769219
BHS,"Bahamas, The",2016,GOV_WGI_CC.EST,1.0895206
BHS,"Bahamas, The",2015,GOV_WGI_CC.EST,1.0887958
BHS,"Bahamas, The",2014,GOV_WGI_CC.EST,1.3095259
BHS,"Bahamas, The",2013,GOV_WGI_CC.EST,1.4818436
BHS,"Bahamas, The",2012,GOV_WGI_CC.EST,1.4817162
BHS,"Bahamas, The",2011,GOV_WGI_CC.EST,1.483393
BHS,"Bahamas, The",2010,GOV_WGI_CC.EST,1.4842
BHS,"Bahamas, The",2009,GOV_WGI_CC.EST,1.4838778
BHS,"Bahamas, The",2008,GOV_WGI_CC.EST,1.3232893
BHS,"Bahamas, The",2007,GOV_WGI_CC.EST,1.3222897
BHS,"Bahamas, The",2006,GOV_WGI_CC.EST,1.3260502
BHS,"Bahamas, The",2005,GOV_WGI_CC.EST,1.3208004
BHR,Bahrain,2024,GOV_WGI_CC.EST,0.2540662
BHR,Bahrain,2023,GOV_WGI_CC.EST,0.2380412
BHR,Bahrain,2022,GOV_WGI_CC.EST,0.144834
BHR,Bahrain,2021,GOV_WGI_CC.EST,0.210097
BHR,Bahrain,2020,GOV_WGI_CC.EST,-0.0925165999999999
BHR,Bahrain,2019,GOV_WGI_CC.EST,-0.0835445
BHR,Bahrain,2018,GOV_WGI_CC.EST,-0.140961
BHR,Bahrain,2017,GOV_WGI_CC.EST,-0.143222
BHR,Bahrain,2016,GOV_WGI_CC.EST,-0.0877355
BHR,Bahrain,2015,GOV_WGI_CC.EST,0.0385922
BHR,Bahrain,2014,GOV_WGI_CC.EST,-0.0204446
BHR,Bahrain,2013,GOV_WGI_CC.EST,0.197016
BHR,Bahrain,2012,GOV_WGI_CC.EST,0.1663109
BHR,Bahrain,2011,GOV_WGI_CC.EST,0.1964302
BHR,Bahrain,2010,GOV_WGI_CC.EST,0.15202
BHR,Bahrain,2009,GOV_WGI_CC.EST,0.078316
BHR,Bahrain,2008,GOV_WGI_CC.EST,0.0224366
BHR,Bahrain,2007,GOV_WGI_CC.EST,0.1042366
BHR,Bahrain,2006,GOV_WGI_CC.EST,0.10779
BHR,Bahrain,2005,GOV_WGI_CC.EST,0.1496686
BGD,Bangladesh,2024,GOV_WGI_CC.EST,-1.1021569
BGD,Bangladesh,2023,GOV_WGI_CC.EST,-1.1987203
BGD,Bangladesh,2022,GOV_WGI_CC.EST,-1.17834859999999
BGD,Bangladesh,2021,GOV_WGI_CC.EST,-1.0928915
BGD,Bangladesh,2020,GOV_WGI_CC.EST,-1.07605779999999
BGD,Bangladesh,2019,GOV_WGI_CC.EST,-1.1006451
BGD,Bangladesh,2018,GOV_WGI_CC.EST,-1.0964787
BGD,Bangladesh,2017,GOV_WGI_CC.EST,-1.062185
BGD,Bangladesh,2016,GOV_WGI_CC.EST,-1.0667924
BGD,Bangladesh,2015,GOV_WGI_CC.EST,-1.0798121
BGD,Bangladesh,2014,GOV_WGI_CC.EST,-1.1845563
BGD,Bangladesh,2013,GOV_WGI_CC.EST,-1.1326018
BGD,Bangladesh,2012,GOV_WGI_CC.EST,-1.12133289999999
BGD,Bangladesh,2011,GOV_WGI_CC.EST,-1.0523775
BGD,Bangladesh,2010,GOV_WGI_CC.EST,-1.0218466
BGD,Bangladesh,2009,GOV_WGI_CC.EST,-0.9111494
BGD,Bangladesh,2008,GOV_WGI_CC.EST,-0.948405699999999
BGD,Bangladesh,2007,GOV_WGI_CC.EST,-1.1475412
BGD,Bangladesh,2006,GOV_WGI_CC.EST,-1.42990779999999
BGD,Bangladesh,2005,GOV_WGI_CC.EST,-1.4632376
BRB,Barbados,2024,GOV_WGI_CC.EST,1.2257724
BRB,Barbados,2023,GOV_WGI_CC.EST,1.2089543
BRB,Barbados,2022,GOV_WGI_CC.EST,1.1926841
BRB,Barbados,2021,GOV_WGI_CC.EST,1.1946829
BRB,Barbados,2020,GOV_WGI_CC.EST,1.1695313
BRB,Barbados,2019,GOV_WGI_CC.EST,1.1451261
BRB,Barbados,2018,GOV_WGI_CC.EST,1.1350977
BRB,Barbados,2017,GOV_WGI_CC.EST,1.1097987
BRB,Barbados,2016,GOV_WGI_CC.EST,1.1460171
BRB,Barbados,2015,GOV_WGI_CC.EST,1.207238
BRB,Barbados,2014,GOV_WGI_CC.EST,0.9707469
BRB,Barbados,2013,GOV_WGI_CC.EST,1.422247
BRB,Barbados,2012,GOV_WGI_CC.EST,1.4452466
BRB,Barbados,2011,GOV_WGI_CC.EST,1.514105
BRB,Barbados,2010,GOV_WGI_CC.EST,1.3402327
BRB,Barbados,2009,GOV_WGI_CC.EST,1.2533661
BRB,Barbados,2008,GOV_WGI_CC.EST,1.3355369
BRB,Barbados,2007,GOV_WGI_CC.EST,1.3397259
BRB,Barbados,2006,GOV_WGI_CC.EST,1.3885303
BRB,Barbados,2005,GOV_WGI_CC.EST,1.3508259
BLR,Belarus,2024,GOV_WGI_CC.EST,-0.5781294
BLR,Belarus,2023,GOV_WGI_CC.EST,-0.534353699999999
BLR,Belarus,2022,GOV_WGI_CC.EST,-0.415013199999999
BLR,Belarus,2021,GOV_WGI_CC.EST,-0.2062736
BLR,Belarus,2020,GOV_WGI_CC.EST,-0.1014181
BLR,Belarus,2019,GOV_WGI_CC.EST,0.0170374
BLR,Belarus,2018,GOV_WGI_CC.EST,-0.1272022
BLR,Belarus,2017,GOV_WGI_CC.EST,-0.1120128
BLR,Belarus,2016,GOV_WGI_CC.EST,-0.1462308
BLR,Belarus,2015,GOV_WGI_CC.EST,-0.2405698
BLR,Belarus,2014,GOV_WGI_CC.EST,-0.1522547
BLR,Belarus,2013,GOV_WGI_CC.EST,-0.2788276
BLR,Belarus,2012,GOV_WGI_CC.EST,-0.3105829
BLR,Belarus,2011,GOV_WGI_CC.EST,-0.459480599999999
BLR,Belarus,2010,GOV_WGI_CC.EST,-0.5605517
BLR,Belarus,2009,GOV_WGI_CC.EST,-0.472615699999999
BLR,Belarus,2008,GOV_WGI_CC.EST,-0.474179099999999
BLR,Belarus,2007,GOV_WGI_CC.EST,-0.500873999999999
BLR,Belarus,2006,GOV_WGI_CC.EST,-0.4982309
BLR,Belarus,2005,GOV_WGI_CC.EST,-0.2910817
BEL,Belgium,2024,GOV_WGI_CC.EST,1.4687812
BEL,Belgium,2023,GOV_WGI_CC.EST,1.467016
BEL,Belgium,2022,GOV_WGI_CC.EST,1.5774306
BEL,Belgium,2021,GOV_WGI_CC.EST,1.5502151
BEL,Belgium,2020,GOV_WGI_CC.EST,1.5662608
BEL,Belgium,2019,GOV_WGI_CC.EST,1.4973857
BEL,Belgium,2018,GOV_WGI_CC.EST,1.4543603
BEL,Belgium,2017,GOV_WGI_CC.EST,1.4425342
BEL,Belgium,2016,GOV_WGI_CC.EST,1.5450402
BEL,Belgium,2015,GOV_WGI_CC.EST,1.5244457
BEL,Belgium,2014,GOV_WGI_CC.EST,1.5150458
BEL,Belgium,2013,GOV_WGI_CC.EST,1.5003188
BEL,Belgium,2012,GOV_WGI_CC.EST,1.4862037
BEL,Belgium,2011,GOV_WGI_CC.EST,1.5664836
BEL,Belgium,2010,GOV_WGI_CC.EST,1.4956315
BEL,Belgium,2009,GOV_WGI_CC.EST,1.5580741
BEL,Belgium,2008,GOV_WGI_CC.EST,1.404707
BEL,Belgium,2007,GOV_WGI_CC.EST,1.3866548
BEL,Belgium,2006,GOV_WGI_CC.EST,1.4069022
BEL,Belgium,2005,GOV_WGI_CC.EST,1.471559
BLZ,Belize,2024,GOV_WGI_CC.EST,-0.1604129
BLZ,Belize,2023,GOV_WGI_CC.EST,-0.115986499999999
BLZ,Belize,2022,GOV_WGI_CC.EST,-0.0459141999999999
BLZ,Belize,2021,GOV_WGI_CC.EST,-0.0899104999999999
BLZ,Belize,2020,GOV_WGI_CC.EST,-0.0753264999999999
BLZ,Belize,2019,GOV_WGI_CC.EST,-0.075652
BLZ,Belize,2018,GOV_WGI_CC.EST,-0.1082321
BLZ,Belize,2017,GOV_WGI_CC.EST,-0.1991297
BLZ,Belize,2016,GOV_WGI_CC.EST,-0.1234777
BLZ,Belize,2015,GOV_WGI_CC.EST,-0.2669244
BLZ,Belize,2014,GOV_WGI_CC.EST,-0.287196399999999
BLZ,Belize,2013,GOV_WGI_CC.EST,-0.0751853
BLZ,Belize,2012,GOV_WGI_CC.EST,-0.0752991
BLZ,Belize,2011,GOV_WGI_CC.EST,-0.0679632999999999
BLZ,Belize,2010,GOV_WGI_CC.EST,0.1822509
BLZ,Belize,2009,GOV_WGI_CC.EST,0.2493633
BLZ,Belize,2008,GOV_WGI_CC.EST,0.0149957
BLZ,Belize,2007,GOV_WGI_CC.EST,-0.2776753
BLZ,Belize,2006,GOV_WGI_CC.EST,-0.2711009
BLZ,Belize,2005,GOV_WGI_CC.EST,-0.1470838
BEN,Benin,2024,GOV_WGI_CC.EST,-0.2407154
BEN,Benin,2023,GOV_WGI_CC.EST,-0.1047671
BEN,Benin,2022,GOV_WGI_CC.EST,-0.1108108
BEN,Benin,2021,GOV_WGI_CC.EST,-0.1642663
BEN,Benin,2020,GOV_WGI_CC.EST,-0.0352655
BEN,Benin,2019,GOV_WGI_CC.EST,-0.2398967
BEN,Benin,2018,GOV_WGI_CC.EST,-0.292142199999999
BEN,Benin,2017,GOV_WGI_CC.EST,-0.402134
BEN,Benin,2016,GOV_WGI_CC.EST,-0.433568399999999
BEN,Benin,2015,GOV_WGI_CC.EST,-0.5072447
BEN,Benin,2014,GOV_WGI_CC.EST,-0.6075837
BEN,Benin,2013,GOV_WGI_CC.EST,-0.573860199999999
BEN,Benin,2012,GOV_WGI_CC.EST,-0.677392
BEN,Benin,2011,GOV_WGI_CC.EST,-0.4955475
BEN,Benin,2010,GOV_WGI_CC.EST,-0.4991988
BEN,Benin,2009,GOV_WGI_CC.EST,-0.447944599999999
BEN,Benin,2008,GOV_WGI_CC.EST,-0.3572345
BEN,Benin,2007,GOV_WGI_CC.EST,-0.3382158
BEN,Benin,2006,GOV_WGI_CC.EST,-0.4278956
BEN,Benin,2005,GOV_WGI_CC.EST,-0.7047019
,Bermuda,2024,GOV_WGI_CC.EST,1.1762344
,Bermuda,2023,GOV_WGI_CC.EST,1.1733125
,Bermuda,2022,GOV_WGI_CC.EST,1.1763452
,Bermuda,2021,GOV_WGI_CC.EST,1.1772281
,Bermuda,2020,GOV_WGI_CC.EST,1.1797991
,Bermuda,2019,GOV_WGI_CC.EST,1.1784788
,Bermuda,2018,GOV_WGI_CC.EST,1.1732244
,Bermuda,2017,GOV_WGI_CC.EST,1.1694105
,Bermuda,2016,GOV_WGI_CC.EST,1.1716528
,Bermuda,2015,GOV_WGI_CC.EST,1.1685187
,Bermuda,2014,GOV_WGI_CC.EST,1.1646295
,Bermuda,2013,GOV_WGI_CC.EST,1.3250051
,Bermuda,2012,GOV_WGI_CC.EST,1.3246331
,Bermuda,2011,GOV_WGI_CC.EST,1.3295291
,Bermuda,2010,GOV_WGI_CC.EST,1.3318853
,Bermuda,2009,GOV_WGI_CC.EST,1.3309446
,Bermuda,2008,GOV_WGI_CC.EST,1.3309995
,Bermuda,2007,GOV_WGI_CC.EST,1.3294413
,Bermuda,2006,GOV_WGI_CC.EST,1.3353033
,Bermuda,2005,GOV_WGI_CC.EST,1.3271197
BTN,Bhutan,2024,GOV_WGI_CC.EST,1.4722389
BTN,Bhutan,2023,GOV_WGI_CC.EST,1.3563935
BTN,Bhutan,2022,GOV_WGI_CC.EST,1.357056
BTN,Bhutan,2021,GOV_WGI_CC.EST,1.3198694
BTN,Bhutan,2020,GOV_WGI_CC.EST,1.3421241
BTN,Bhutan,2019,GOV_WGI_CC.EST,1.4640293
BTN,Bhutan,2018,GOV_WGI_CC.EST,1.4519306
BTN,Bhutan,2017,GOV_WGI_CC.EST,1.4511886
BTN,Bhutan,2016,GOV_WGI_CC.EST,1.169102
BTN,Bhutan,2015,GOV_WGI_CC.EST,1.0788548
BTN,Bhutan,2014,GOV_WGI_CC.EST,1.0904024
BTN,Bhutan,2013,GOV_WGI_CC.EST,0.785208
BTN,Bhutan,2012,GOV_WGI_CC.EST,0.8135637
BTN,Bhutan,2011,GOV_WGI_CC.EST,0.7141101
BTN,Bhutan,2010,GOV_WGI_CC.EST,0.7720446
BTN,Bhutan,2009,GOV_WGI_CC.EST,0.7718472
BTN,Bhutan,2008,GOV_WGI_CC.EST,0.8707561
BTN,Bhutan,2007,GOV_WGI_CC.EST,0.8441927
BTN,Bhutan,2006,GOV_WGI_CC.EST,0.8146492
BTN,Bhutan,2005,GOV_WGI_CC.EST,0.9887151
BOL,Bolivia,2024,GOV_WGI_CC.EST,-0.997582699999999
BOL,Bolivia,2023,GOV_WGI_CC.EST,-0.9556498
BOL,Bolivia,2022,GOV_WGI_CC.EST,-0.9824356
BOL,Bolivia,2021,GOV_WGI_CC.EST,-0.9489015
BOL,Bolivia,2020,GOV_WGI_CC.EST,-0.8045643
BOL,Bolivia,2019,GOV_WGI_CC.EST,-0.8232153
BOL,Bolivia,2018,GOV_WGI_CC.EST,-0.8237458
BOL,Bolivia,2017,GOV_WGI_CC.EST,-0.8143488
BOL,Bolivia,2016,GOV_WGI_CC.EST,-0.7783732
BOL,Bolivia,2015,GOV_WGI_CC.EST,-0.754699
BOL,Bolivia,2014,GOV_WGI_CC.EST,-0.6409494
BOL,Bolivia,2013,GOV_WGI_CC.EST,-0.5857827
BOL,Bolivia,2012,GOV_WGI_CC.EST,-0.698911
BOL,Bolivia,2011,GOV_WGI_CC.EST,-0.5781748
BOL,Bolivia,2010,GOV_WGI_CC.EST,-0.4112377
BOL,Bolivia,2009,GOV_WGI_CC.EST,-0.5487867
BOL,Bolivia,2008,GOV_WGI_CC.EST,-0.5457949
BOL,Bolivia,2007,GOV_WGI_CC.EST,-0.480008799999999
BOL,Bolivia,2006,GOV_WGI_CC.EST,-0.452390299999999
BOL,Bolivia,2005,GOV_WGI_CC.EST,-0.7617554
BIH,Bosnia and Herzegovina,2024,GOV_WGI_CC.EST,-0.5128682
BIH,Bosnia and Herzegovina,2023,GOV_WGI_CC.EST,-0.5984163
BIH,Bosnia and Herzegovina,2022,GOV_WGI_CC.EST,-0.680061199999999
BIH,Bosnia and Herzegovina,2021,GOV_WGI_CC.EST,-0.6690056
BIH,Bosnia and Herzegovina,2020,GOV_WGI_CC.EST,-0.624659499999999
BIH,Bosnia and Herzegovina,2019,GOV_WGI_CC.EST,-0.6387532
BIH,Bosnia and Herzegovina,2018,GOV_WGI_CC.EST,-0.6404386
BIH,Bosnia and Herzegovina,2017,GOV_WGI_CC.EST,-0.5769795
BIH,Bosnia and Herzegovina,2016,GOV_WGI_CC.EST,-0.468403399999999
BIH,Bosnia and Herzegovina,2015,GOV_WGI_CC.EST,-0.4923931
BIH,Bosnia and Herzegovina,2014,GOV_WGI_CC.EST,-0.3542824
BIH,Bosnia and Herzegovina,2013,GOV_WGI_CC.EST,-0.3230858
BIH,Bosnia and Herzegovina,2012,GOV_WGI_CC.EST,-0.405939
BIH,Bosnia and Herzegovina,2011,GOV_WGI_CC.EST,-0.501397099999999
BIH,Bosnia and Herzegovina,2010,GOV_WGI_CC.EST,-0.463675
BIH,Bosnia and Herzegovina,2009,GOV_WGI_CC.EST,-0.4251292
BIH,Bosnia and Herzegovina,2008,GOV_WGI_CC.EST,-0.4488607
BIH,Bosnia and Herzegovina,2007,GOV_WGI_CC.EST,-0.4313474
BIH,Bosnia and Herzegovina,2006,GOV_WGI_CC.EST,-0.3444413
BIH,Bosnia and Herzegovina,2005,GOV_WGI_CC.EST,-0.4170295
BWA,Botswana,2024,GOV_WGI_CC.EST,0.6311414
BWA,Botswana,2023,GOV_WGI_CC.EST,0.6066871
BWA,Botswana,2022,GOV_WGI_CC.EST,0.6506622
BWA,Botswana,2021,GOV_WGI_CC.EST,0.7018975
BWA,Botswana,2020,GOV_WGI_CC.EST,0.7218389
BWA,Botswana,2019,GOV_WGI_CC.EST,0.8223154
BWA,Botswana,2018,GOV_WGI_CC.EST,0.851239
BWA,Botswana,2017,GOV_WGI_CC.EST,0.7790808
BWA,Botswana,2016,GOV_WGI_CC.EST,0.8579361
BWA,Botswana,2015,GOV_WGI_CC.EST,0.7957375
BWA,Botswana,2014,GOV_WGI_CC.EST,0.8215662
BWA,Botswana,2013,GOV_WGI_CC.EST,0.9806396
BWA,Botswana,2012,GOV_WGI_CC.EST,1.0357782
BWA,Botswana,2011,GOV_WGI_CC.EST,1.0051672
BWA,Botswana,2010,GOV_WGI_CC.EST,1.0119522
BWA,Botswana,2009,GOV_WGI_CC.EST,0.9356014
BWA,Botswana,2008,GOV_WGI_CC.EST,1.0295129
BWA,Botswana,2007,GOV_WGI_CC.EST,0.9258834
BWA,Botswana,2006,GOV_WGI_CC.EST,0.9295641
BWA,Botswana,2005,GOV_WGI_CC.EST,1.170669
BRA,Brazil,2024,GOV_WGI_CC.EST,-0.4088904
BRA,Brazil,2023,GOV_WGI_CC.EST,-0.451506099999999
BRA,Brazil,2022,GOV_WGI_CC.EST,-0.4562788
BRA,Brazil,2021,GOV_WGI_CC.EST,-0.404589
BRA,Brazil,2020,GOV_WGI_CC.EST,-0.337231599999999
BRA,Brazil,2019,GOV_WGI_CC.EST,-0.372764
BRA,Brazil,2018,GOV_WGI_CC.EST,-0.407628
BRA,Brazil,2017,GOV_WGI_CC.EST,-0.4693688
BRA,Brazil,2016,GOV_WGI_CC.EST,-0.366817699999999
BRA,Brazil,2015,GOV_WGI_CC.EST,-0.3512683
BRA,Brazil,2014,GOV_WGI_CC.EST,-0.2351787
BRA,Brazil,2013,GOV_WGI_CC.EST,-0.0608636
BRA,Brazil,2012,GOV_WGI_CC.EST,-0.0113872
BRA,Brazil,2011,GOV_WGI_CC.EST,0.2097513
BRA,Brazil,2010,GOV_WGI_CC.EST,-0.0150966
BRA,Brazil,2009,GOV_WGI_CC.EST,-0.0402027
BRA,Brazil,2008,GOV_WGI_CC.EST,-0.0919325
BRA,Brazil,2007,GOV_WGI_CC.EST,-0.2877377
BRA,Brazil,2006,GOV_WGI_CC.EST,-0.213272599999999
BRA,Brazil,2005,GOV_WGI_CC.EST,-0.247161599999999
BRN,Brunei Darussalam,2024,GOV_WGI_CC.EST,1.1861774
BRN,Brunei Darussalam,2023,GOV_WGI_CC.EST,1.1816499
BRN,Brunei Darussalam,2022,GOV_WGI_CC.EST,1.1825406
BRN,Brunei Darussalam,2021,GOV_WGI_CC.EST,1.1827999
BRN,Brunei Darussalam,2020,GOV_WGI_CC.EST,1.183555
BRN,Brunei Darussalam,2019,GOV_WGI_CC.EST,1.1831673
BRN,Brunei Darussalam,2018,GOV_WGI_CC.EST,1.2159731
BRN,Brunei Darussalam,2017,GOV_WGI_CC.EST,1.2166994
BRN,Brunei Darussalam,2016,GOV_WGI_CC.EST,1.0855421
BRN,Brunei Darussalam,2015,GOV_WGI_CC.EST,1.2048251
BRN,Brunei Darussalam,2014,GOV_WGI_CC.EST,1.2036828
BRN,Brunei Darussalam,2013,GOV_WGI_CC.EST,0.9963226
BRN,Brunei Darussalam,2012,GOV_WGI_CC.EST,0.9671207
BRN,Brunei Darussalam,2011,GOV_WGI_CC.EST,0.945319
BRN,Brunei Darussalam,2010,GOV_WGI_CC.EST,0.9284875
BRN,Brunei Darussalam,2009,GOV_WGI_CC.EST,0.9266343
BRN,Brunei Darussalam,2008,GOV_WGI_CC.EST,0.2792377
BRN,Brunei Darussalam,2007,GOV_WGI_CC.EST,0.1804524
BRN,Brunei Darussalam,2006,GOV_WGI_CC.EST,0.1842129
BRN,Brunei Darussalam,2005,GOV_WGI_CC.EST,0.1789631
BGR,Bulgaria,2024,GOV_WGI_CC.EST,-0.240017999999999
BGR,Bulgaria,2023,GOV_WGI_CC.EST,-0.1501295
BGR,Bulgaria,2022,GOV_WGI_CC.EST,-0.1369351
BGR,Bulgaria,2021,GOV_WGI_CC.EST,-0.2260611
BGR,Bulgaria,2020,GOV_WGI_CC.EST,-0.258415699999999
BGR,Bulgaria,2019,GOV_WGI_CC.EST,-0.1252922
BGR,Bulgaria,2018,GOV_WGI_CC.EST,-0.1893944
BGR,Bulgaria,2017,GOV_WGI_CC.EST,-0.308377299999999
BGR,Bulgaria,2016,GOV_WGI_CC.EST,-0.3444028
BGR,Bulgaria,2015,GOV_WGI_CC.EST,-0.4387083
BGR,Bulgaria,2014,GOV_WGI_CC.EST,-0.3904198
BGR,Bulgaria,2013,GOV_WGI_CC.EST,-0.3480638
BGR,Bulgaria,2012,GOV_WGI_CC.EST,-0.3572623
BGR,Bulgaria,2011,GOV_WGI_CC.EST,-0.355813899999999
BGR,Bulgaria,2010,GOV_WGI_CC.EST,-0.3206264
BGR,Bulgaria,2009,GOV_WGI_CC.EST,-0.248644199999999
BGR,Bulgaria,2008,GOV_WGI_CC.EST,-0.1116766
BGR,Bulgaria,2007,GOV_WGI_CC.EST,-0.061456
BGR,Bulgaria,2006,GOV_WGI_CC.EST,0.1068729
BGR,Bulgaria,2005,GOV_WGI_CC.EST,0.0235431
BFA,Burkina Faso,2024,GOV_WGI_CC.EST,-0.2525569
BFA,Burkina Faso,2023,GOV_WGI_CC.EST,-0.2479719
BFA,Burkina Faso,2022,GOV_WGI_CC.EST,-0.2342071
BFA,Burkina Faso,2021,GOV_WGI_CC.EST,-0.2024751
BFA,Burkina Faso,2020,GOV_WGI_CC.EST,-0.2018274
BFA,Burkina Faso,2019,GOV_WGI_CC.EST,-0.2008751
BFA,Burkina Faso,2018,GOV_WGI_CC.EST,-0.1575363
BFA,Burkina Faso,2017,GOV_WGI_CC.EST,-0.1525315
BFA,Burkina Faso,2016,GOV_WGI_CC.EST,-0.2212838
BFA,Burkina Faso,2015,GOV_WGI_CC.EST,-0.3288238
BFA,Burkina Faso,2014,GOV_WGI_CC.EST,-0.4450109
BFA,Burkina Faso,2013,GOV_WGI_CC.EST,-0.4520066
BFA,Burkina Faso,2012,GOV_WGI_CC.EST,-0.375203
BFA,Burkina Faso,2011,GOV_WGI_CC.EST,-0.347665399999999
BFA,Burkina Faso,2010,GOV_WGI_CC.EST,-0.381726199999999
BFA,Burkina Faso,2009,GOV_WGI_CC.EST,-0.388786099999999
BFA,Burkina Faso,2008,GOV_WGI_CC.EST,-0.3391636
BFA,Burkina Faso,2007,GOV_WGI_CC.EST,-0.363213299999999
BFA,Burkina Faso,2006,GOV_WGI_CC.EST,-0.329758899999999
BFA,Burkina Faso,2005,GOV_WGI_CC.EST,-0.3014107
BDI,Burundi,2024,GOV_WGI_CC.EST,-1.46248849999999
BDI,Burundi,2023,GOV_WGI_CC.EST,-1.29205449999999
BDI,Burundi,2022,GOV_WGI_CC.EST,-1.3235206
BDI,Burundi,2021,GOV_WGI_CC.EST,-1.390618
BDI,Burundi,2020,GOV_WGI_CC.EST,-1.3529714
BDI,Burundi,2019,GOV_WGI_CC.EST,-1.4706435
BDI,Burundi,2018,GOV_WGI_CC.EST,-1.46464249999999
BDI,Burundi,2017,GOV_WGI_CC.EST,-1.31264049999999
BDI,Burundi,2016,GOV_WGI_CC.EST,-1.2905502
BDI,Burundi,2015,GOV_WGI_CC.EST,-1.2586575
BDI,Burundi,2014,GOV_WGI_CC.EST,-1.2665737
BDI,Burundi,2013,GOV_WGI_CC.EST,-1.3468046
BDI,Burundi,2012,GOV_WGI_CC.EST,-1.3979996
BDI,Burundi,2011,GOV_WGI_CC.EST,-1.2549651
BDI,Burundi,2010,GOV_WGI_CC.EST,-1.2408811
BDI,Burundi,2009,GOV_WGI_CC.EST,-1.1815653
BDI,Burundi,2008,GOV_WGI_CC.EST,-1.1482657
BDI,Burundi,2007,GOV_WGI_CC.EST,-1.1378989
BDI,Burundi,2006,GOV_WGI_CC.EST,-1.0671328
BDI,Burundi,2005,GOV_WGI_CC.EST,-1.0594009
CPV,Cabo Verde,2024,GOV_WGI_CC.EST,0.9407675
CPV,Cabo Verde,2023,GOV_WGI_CC.EST,0.8619303
CPV,Cabo Verde,2022,GOV_WGI_CC.EST,0.856269
CPV,Cabo Verde,2021,GOV_WGI_CC.EST,0.8975963
CPV,Cabo Verde,2020,GOV_WGI_CC.EST,0.8002643
CPV,Cabo Verde,2019,GOV_WGI_CC.EST,0.8894292
CPV,Cabo Verde,2018,GOV_WGI_CC.EST,0.8724586
CPV,Cabo Verde,2017,GOV_WGI_CC.EST,0.8080692
CPV,Cabo Verde,2016,GOV_WGI_CC.EST,0.8563504
CPV,Cabo Verde,2015,GOV_WGI_CC.EST,0.888954
CPV,Cabo Verde,2014,GOV_WGI_CC.EST,0.8877993
CPV,Cabo Verde,2013,GOV_WGI_CC.EST,0.8253651
CPV,Cabo Verde,2012,GOV_WGI_CC.EST,0.8821601
CPV,Cabo Verde,2011,GOV_WGI_CC.EST,0.9223281
CPV,Cabo Verde,2010,GOV_WGI_CC.EST,0.8461885
CPV,Cabo Verde,2009,GOV_WGI_CC.EST,0.88572
CPV,Cabo Verde,2008,GOV_WGI_CC.EST,0.8879289
CPV,Cabo Verde,2007,GOV_WGI_CC.EST,0.7952378
CPV,Cabo Verde,2006,GOV_WGI_CC.EST,0.7083824
CPV,Cabo Verde,2005,GOV_WGI_CC.EST,0.5718588
KHM,Cambodia,2024,GOV_WGI_CC.EST,-1.2328592
KHM,Cambodia,2023,GOV_WGI_CC.EST,-1.1216382
KHM,Cambodia,2022,GOV_WGI_CC.EST,-1.1129555
KHM,Cambodia,2021,GOV_WGI_CC.EST,-1.0917539
KHM,Cambodia,2020,GOV_WGI_CC.EST,-1.1175106
KHM,Cambodia,2019,GOV_WGI_CC.EST,-1.33890439999999
KHM,Cambodia,2018,GOV_WGI_CC.EST,-1.4286146
KHM,Cambodia,2017,GOV_WGI_CC.EST,-1.33048529999999
KHM,Cambodia,2016,GOV_WGI_CC.EST,-1.3323199
KHM,Cambodia,2015,GOV_WGI_CC.EST,-1.27990079999999
KHM,Cambodia,2014,GOV_WGI_CC.EST,-1.2606479
KHM,Cambodia,2013,GOV_WGI_CC.EST,-1.1373777
KHM,Cambodia,2012,GOV_WGI_CC.EST,-1.1374421
KHM,Cambodia,2011,GOV_WGI_CC.EST,-1.3007746
KHM,Cambodia,2010,GOV_WGI_CC.EST,-1.19379
KHM,Cambodia,2009,GOV_WGI_CC.EST,-1.19312589999999
KHM,Cambodia,2008,GOV_WGI_CC.EST,-1.1588469
KHM,Cambodia,2007,GOV_WGI_CC.EST,-1.0513221
KHM,Cambodia,2006,GOV_WGI_CC.EST,-1.1364746
KHM,Cambodia,2005,GOV_WGI_CC.EST,-1.16668899999999
CMR,Cameroon,2024,GOV_WGI_CC.EST,-1.22428539999999
CMR,Cameroon,2023,GOV_WGI_CC.EST,-1.1264261
CMR,Cameroon,2022,GOV_WGI_CC.EST,-1.1102965
CMR,Cameroon,2021,GOV_WGI_CC.EST,-1.115647
CMR,Cameroon,2020,GOV_WGI_CC.EST,-1.057706
CMR,Cameroon,2019,GOV_WGI_CC.EST,-1.1336941
CMR,Cameroon,2018,GOV_WGI_CC.EST,-1.1162626
CMR,Cameroon,2017,GOV_WGI_CC.EST,-1.1579943
CMR,Cameroon,2016,GOV_WGI_CC.EST,-1.1306679
CMR,Cameroon,2015,GOV_WGI_CC.EST,-1.0952851
CMR,Cameroon,2014,GOV_WGI_CC.EST,-1.1800614
CMR,Cameroon,2013,GOV_WGI_CC.EST,-1.1694764
CMR,Cameroon,2012,GOV_WGI_CC.EST,-1.2340704
CMR,Cameroon,2011,GOV_WGI_CC.EST,-1.0477201
CMR,Cameroon,2010,GOV_WGI_CC.EST,-0.9239071
CMR,Cameroon,2009,GOV_WGI_CC.EST,-0.7867759
CMR,Cameroon,2008,GOV_WGI_CC.EST,-0.7677497
CMR,Cameroon,2007,GOV_WGI_CC.EST,-0.8274568
CMR,Cameroon,2006,GOV_WGI_CC.EST,-0.851887899999999
CMR,Cameroon,2005,GOV_WGI_CC.EST,-1.2320786
CAN,Canada,2024,GOV_WGI_CC.EST,1.6319089
CAN,Canada,2023,GOV_WGI_CC.EST,1.6263584
CAN,Canada,2022,GOV_WGI_CC.EST,1.651994
CAN,Canada,2021,GOV_WGI_CC.EST,1.6156132
CAN,Canada,2020,GOV_WGI_CC.EST,1.6422133
CAN,Canada,2019,GOV_WGI_CC.EST,1.7955073
CAN,Canada,2018,GOV_WGI_CC.EST,1.8073526
CAN,Canada,2017,GOV_WGI_CC.EST,1.8841224
CAN,Canada,2016,GOV_WGI_CC.EST,1.9407326
CAN,Canada,2015,GOV_WGI_CC.EST,1.8679741
CAN,Canada,2014,GOV_WGI_CC.EST,1.8178559
CAN,Canada,2013,GOV_WGI_CC.EST,1.8292063
CAN,Canada,2012,GOV_WGI_CC.EST,1.8407404
CAN,Canada,2011,GOV_WGI_CC.EST,1.8892441
CAN,Canada,2010,GOV_WGI_CC.EST,1.941867
CAN,Canada,2009,GOV_WGI_CC.EST,1.9677562
CAN,Canada,2008,GOV_WGI_CC.EST,1.9424897
CAN,Canada,2007,GOV_WGI_CC.EST,1.9344584
CAN,Canada,2006,GOV_WGI_CC.EST,1.9761934
CAN,Canada,2005,GOV_WGI_CC.EST,1.9162476
,Cayman Islands,2024,GOV_WGI_CC.EST,0.6044808
,Cayman Islands,2023,GOV_WGI_CC.EST,0.6032433
,Cayman Islands,2022,GOV_WGI_CC.EST,0.6045278
,Cayman Islands,2021,GOV_WGI_CC.EST,0.6049017
,Cayman Islands,2020,GOV_WGI_CC.EST,0.6059907
,Cayman Islands,2019,GOV_WGI_CC.EST,0.6054315
,Cayman Islands,2018,GOV_WGI_CC.EST,0.6032059
,Cayman Islands,2017,GOV_WGI_CC.EST,0.6015906
,Cayman Islands,2016,GOV_WGI_CC.EST,0.6025403
,Cayman Islands,2015,GOV_WGI_CC.EST,0.8966267
,Cayman Islands,2014,GOV_WGI_CC.EST,0.8949794
,Cayman Islands,2013,GOV_WGI_CC.EST,1.2272246
,Cayman Islands,2012,GOV_WGI_CC.EST,1.227067
,Cayman Islands,2011,GOV_WGI_CC.EST,1.2291407
,Cayman Islands,2010,GOV_WGI_CC.EST,1.0319006
,Cayman Islands,2009,GOV_WGI_CC.EST,1.0315021
,Cayman Islands,2008,GOV_WGI_CC.EST,0.8629646
,Cayman Islands,2007,GOV_WGI_CC.EST,1.3294413
,Cayman Islands,2006,GOV_WGI_CC.EST,1.3353033
,Cayman Islands,2005,GOV_WGI_CC.EST,1.3271197
CAF,Central African Republic,2024,GOV_WGI_CC.EST,-1.30997079999999
CAF,Central African Republic,2023,GOV_WGI_CC.EST,-1.3816342
CAF,Central African Republic,2022,GOV_WGI_CC.EST,-1.3173981
CAF,Central African Republic,2021,GOV_WGI_CC.EST,-1.316273
CAF,Central African Republic,2020,GOV_WGI_CC.EST,-1.25240479999999
CAF,Central African Republic,2019,GOV_WGI_CC.EST,-1.20142479999999
CAF,Central African Republic,2018,GOV_WGI_CC.EST,-1.22089
CAF,Central African Republic,2017,GOV_WGI_CC.EST,-1.18078179999999
CAF,Central African Republic,2016,GOV_WGI_CC.EST,-1.30818529999999
CAF,Central African Republic,2015,GOV_WGI_CC.EST,-1.3662253
CAF,Central African Republic,2014,GOV_WGI_CC.EST,-1.25103109999999
CAF,Central African Republic,2013,GOV_WGI_CC.EST,-1.1350883
CAF,Central African Republic,2012,GOV_WGI_CC.EST,-0.9511
CAF,Central African Republic,2011,GOV_WGI_CC.EST,-0.980304699999999
CAF,Central African Republic,2010,GOV_WGI_CC.EST,-0.979839599999999
CAF,Central African Republic,2009,GOV_WGI_CC.EST,-1.0963308
CAF,Central African Republic,2008,GOV_WGI_CC.EST,-1.1470045
CAF,Central African Republic,2007,GOV_WGI_CC.EST,-1.0493179
CAF,Central African Republic,2006,GOV_WGI_CC.EST,-1.1206776
CAF,Central African Republic,2005,GOV_WGI_CC.EST,-1.2806541
TCD,Chad,2024,GOV_WGI_CC.EST,-1.3909131
TCD,Chad,2023,GOV_WGI_CC.EST,-1.48878199999999
TCD,Chad,2022,GOV_WGI_CC.EST,-1.4663578
TCD,Chad,2021,GOV_WGI_CC.EST,-1.4920803
TCD,Chad,2020,GOV_WGI_CC.EST,-1.48219979999999
TCD,Chad,2019,GOV_WGI_CC.EST,-1.4780052
TCD,Chad,2018,GOV_WGI_CC.EST,-1.46041809999999
TCD,Chad,2017,GOV_WGI_CC.EST,-1.4572612
TCD,Chad,2016,GOV_WGI_CC.EST,-1.50292809999999
TCD,Chad,2015,GOV_WGI_CC.EST,-1.5175651
TCD,Chad,2014,GOV_WGI_CC.EST,-1.47772829999999
TCD,Chad,2013,GOV_WGI_CC.EST,-1.4313551
TCD,Chad,2012,GOV_WGI_CC.EST,-1.37646699999999
TCD,Chad,2011,GOV_WGI_CC.EST,-1.3655434
TCD,Chad,2010,GOV_WGI_CC.EST,-1.3954646
TCD,Chad,2009,GOV_WGI_CC.EST,-1.4957
TCD,Chad,2008,GOV_WGI_CC.EST,-1.53912579999999
TCD,Chad,2007,GOV_WGI_CC.EST,-1.3736274
TCD,Chad,2006,GOV_WGI_CC.EST,-1.2943601
TCD,Chad,2005,GOV_WGI_CC.EST,-1.4441465
CHL,Chile,2024,GOV_WGI_CC.EST,1.1057968
CHL,Chile,2023,GOV_WGI_CC.EST,1.0318341
CHL,Chile,2022,GOV_WGI_CC.EST,1.1452971
CHL,Chile,2021,GOV_WGI_CC.EST,1.1463006
CHL,Chile,2020,GOV_WGI_CC.EST,1.2156268
CHL,Chile,2019,GOV_WGI_CC.EST,1.1570367
CHL,Chile,2018,GOV_WGI_CC.EST,1.1121229
CHL,Chile,2017,GOV_WGI_CC.EST,1.1123641
CHL,Chile,2016,GOV_WGI_CC.EST,1.1036472
CHL,Chile,2015,GOV_WGI_CC.EST,1.1438485
CHL,Chile,2014,GOV_WGI_CC.EST,1.3860663
CHL,Chile,2013,GOV_WGI_CC.EST,1.4311564
CHL,Chile,2012,GOV_WGI_CC.EST,1.4796889
CHL,Chile,2011,GOV_WGI_CC.EST,1.5441989
CHL,Chile,2010,GOV_WGI_CC.EST,1.5074067
CHL,Chile,2009,GOV_WGI_CC.EST,1.4205225
CHL,Chile,2008,GOV_WGI_CC.EST,1.3947927
CHL,Chile,2007,GOV_WGI_CC.EST,1.3963517
CHL,Chile,2006,GOV_WGI_CC.EST,1.4713301
CHL,Chile,2005,GOV_WGI_CC.EST,1.5020745
CHN,China,2024,GOV_WGI_CC.EST,0.0886811
CHN,China,2023,GOV_WGI_CC.EST,0.1138225
CHN,China,2022,GOV_WGI_CC.EST,0.0432332
CHN,China,2021,GOV_WGI_CC.EST,0.0556852
CHN,China,2020,GOV_WGI_CC.EST,0.0531167
CHN,China,2019,GOV_WGI_CC.EST,-0.0496157999999999
CHN,China,2018,GOV_WGI_CC.EST,-0.0701512
CHN,China,2017,GOV_WGI_CC.EST,-0.0492492
CHN,China,2016,GOV_WGI_CC.EST,-0.092968
CHN,China,2015,GOV_WGI_CC.EST,-0.1750814
CHN,China,2014,GOV_WGI_CC.EST,-0.3014404
CHN,China,2013,GOV_WGI_CC.EST,-0.4580204
CHN,China,2012,GOV_WGI_CC.EST,-0.5068203
CHN,China,2011,GOV_WGI_CC.EST,-0.440116499999999
CHN,China,2010,GOV_WGI_CC.EST,-0.5891592
CHN,China,2009,GOV_WGI_CC.EST,-0.5795465
CHN,China,2008,GOV_WGI_CC.EST,-0.506852299999999
CHN,China,2007,GOV_WGI_CC.EST,-0.614178
CHN,China,2006,GOV_WGI_CC.EST,-0.6865856
CHN,China,2005,GOV_WGI_CC.EST,-0.667396
COL,Colombia,2024,GOV_WGI_CC.EST,-0.2937197
COL,Colombia,2023,GOV_WGI_CC.EST,-0.309004899999999
COL,Colombia,2022,GOV_WGI_CC.EST,-0.256400299999999
COL,Colombia,2021,GOV_WGI_CC.EST,-0.269745299999999
COL,Colombia,2020,GOV_WGI_CC.EST,-0.256463899999999
COL,Colombia,2019,GOV_WGI_CC.EST,-0.272275
COL,Colombia,2018,GOV_WGI_CC.EST,-0.3185939
COL,Colombia,2017,GOV_WGI_CC.EST,-0.410863
COL,Colombia,2016,GOV_WGI_CC.EST,-0.3694889
COL,Colombia,2015,GOV_WGI_CC.EST,-0.3173369
COL,Colombia,2014,GOV_WGI_CC.EST,-0.3713217
COL,Colombia,2013,GOV_WGI_CC.EST,-0.441234099999999
COL,Colombia,2012,GOV_WGI_CC.EST,-0.4099866
COL,Colombia,2011,GOV_WGI_CC.EST,-0.2066749
COL,Colombia,2010,GOV_WGI_CC.EST,-0.376108499999999
COL,Colombia,2009,GOV_WGI_CC.EST,-0.2895662
COL,Colombia,2008,GOV_WGI_CC.EST,-0.2301046
COL,Colombia,2007,GOV_WGI_CC.EST,-0.2642695
COL,Colombia,2006,GOV_WGI_CC.EST,-0.2025515
COL,Colombia,2005,GOV_WGI_CC.EST,-0.100181499999999
COM,Comoros,2024,GOV_WGI_CC.EST,-1.14078259999999
COM,Comoros,2023,GOV_WGI_CC.EST,-1.15283659999999
COM,Comoros,2022,GOV_WGI_CC.EST,-1.33720709999999
COM,Comoros,2021,GOV_WGI_CC.EST,-1.4088014
COM,Comoros,2020,GOV_WGI_CC.EST,-1.32241109999999
COM,Comoros,2019,GOV_WGI_CC.EST,-1.2697513
COM,Comoros,2018,GOV_WGI_CC.EST,-1.02353499999999
COM,Comoros,2017,GOV_WGI_CC.EST,-0.9443349
COM,Comoros,2016,GOV_WGI_CC.EST,-0.8635472
COM,Comoros,2015,GOV_WGI_CC.EST,-0.8467167
COM,Comoros,2014,GOV_WGI_CC.EST,-0.8060681
COM,Comoros,2013,GOV_WGI_CC.EST,-0.8220641
COM,Comoros,2012,GOV_WGI_CC.EST,-0.7798117
COM,Comoros,2011,GOV_WGI_CC.EST,-0.7945742
COM,Comoros,2010,GOV_WGI_CC.EST,-0.795079099999999
COM,Comoros,2009,GOV_WGI_CC.EST,-0.8052283
COM,Comoros,2008,GOV_WGI_CC.EST,-0.7797098
COM,Comoros,2007,GOV_WGI_CC.EST,-0.634343
COM,Comoros,2006,GOV_WGI_CC.EST,-0.632225399999999
COM,Comoros,2005,GOV_WGI_CC.EST,-0.839056199999999
COD,"Congo, Dem. Rep.",2024,GOV_WGI_CC.EST,-1.5153396
COD,"Congo, Dem. Rep.",2023,GOV_WGI_CC.EST,-1.4890974
COD,"Congo, Dem. Rep.",2022,GOV_WGI_CC.EST,-1.5102589
COD,"Congo, Dem. Rep.",2021,GOV_WGI_CC.EST,-1.50417239999999
COD,"Congo, Dem. Rep.",2020,GOV_WGI_CC.EST,-1.4573026
COD,"Congo, Dem. Rep.",2019,GOV_WGI_CC.EST,-1.5570273
COD,"Congo, Dem. Rep.",2018,GOV_WGI_CC.EST,-1.5315596
COD,"Congo, Dem. Rep.",2017,GOV_WGI_CC.EST,-1.4338617
COD,"Congo, Dem. Rep.",2016,GOV_WGI_CC.EST,-1.4189706
COD,"Congo, Dem. Rep.",2015,GOV_WGI_CC.EST,-1.3932852
COD,"Congo, Dem. Rep.",2014,GOV_WGI_CC.EST,-1.4371692
COD,"Congo, Dem. Rep.",2013,GOV_WGI_CC.EST,-1.3705987
COD,"Congo, Dem. Rep.",2012,GOV_WGI_CC.EST,-1.3730997
COD,"Congo, Dem. Rep.",2011,GOV_WGI_CC.EST,-1.39535909999999
COD,"Congo, Dem. Rep.",2010,GOV_WGI_CC.EST,-1.41909129999999
COD,"Congo, Dem. Rep.",2009,GOV_WGI_CC.EST,-1.3936551
COD,"Congo, Dem. Rep.",2008,GOV_WGI_CC.EST,-1.3199679
COD,"Congo, Dem. Rep.",2007,GOV_WGI_CC.EST,-1.3983526
COD,"Congo, Dem. Rep.",2006,GOV_WGI_CC.EST,-1.5096436
COD,"Congo, Dem. Rep.",2005,GOV_WGI_CC.EST,-1.5329034
COG,"Congo, Rep.",2024,GOV_WGI_CC.EST,-1.42356899999999
COG,"Congo, Rep.",2023,GOV_WGI_CC.EST,-1.4043963
COG,"Congo, Rep.",2022,GOV_WGI_CC.EST,-1.36385159999999
COG,"Congo, Rep.",2021,GOV_WGI_CC.EST,-1.34316449999999
COG,"Congo, Rep.",2020,GOV_WGI_CC.EST,-1.3702576
COG,"Congo, Rep.",2019,GOV_WGI_CC.EST,-1.4947169
COG,"Congo, Rep.",2018,GOV_WGI_CC.EST,-1.36936939999999
COG,"Congo, Rep.",2017,GOV_WGI_CC.EST,-1.3044744
COG,"Congo, Rep.",2016,GOV_WGI_CC.EST,-1.2697622
COG,"Congo, Rep.",2015,GOV_WGI_CC.EST,-1.2818737
COG,"Congo, Rep.",2014,GOV_WGI_CC.EST,-1.2753339
COG,"Congo, Rep.",2013,GOV_WGI_CC.EST,-1.1924841
COG,"Congo, Rep.",2012,GOV_WGI_CC.EST,-1.2236744
COG,"Congo, Rep.",2011,GOV_WGI_CC.EST,-1.1227079
COG,"Congo, Rep.",2010,GOV_WGI_CC.EST,-1.1727804
COG,"Congo, Rep.",2009,GOV_WGI_CC.EST,-1.20843909999999
COG,"Congo, Rep.",2008,GOV_WGI_CC.EST,-1.20842919999999
COG,"Congo, Rep.",2007,GOV_WGI_CC.EST,-1.1032439
COG,"Congo, Rep.",2006,GOV_WGI_CC.EST,-1.1397101
COG,"Congo, Rep.",2005,GOV_WGI_CC.EST,-1.1076439
CRI,Costa Rica,2024,GOV_WGI_CC.EST,0.6792372
CRI,Costa Rica,2023,GOV_WGI_CC.EST,0.6775627
CRI,Costa Rica,2022,GOV_WGI_CC.EST,0.5669805
CRI,Costa Rica,2021,GOV_WGI_CC.EST,0.590956
CRI,Costa Rica,2020,GOV_WGI_CC.EST,0.756375
CRI,Costa Rica,2019,GOV_WGI_CC.EST,0.7249661
CRI,Costa Rica,2018,GOV_WGI_CC.EST,0.6496945
CRI,Costa Rica,2017,GOV_WGI_CC.EST,0.5853521
CRI,Costa Rica,2016,GOV_WGI_CC.EST,0.8034365
CRI,Costa Rica,2015,GOV_WGI_CC.EST,0.7699694
CRI,Costa Rica,2014,GOV_WGI_CC.EST,0.7809898
CRI,Costa Rica,2013,GOV_WGI_CC.EST,0.6633217
CRI,Costa Rica,2012,GOV_WGI_CC.EST,0.670503
CRI,Costa Rica,2011,GOV_WGI_CC.EST,0.6579069
CRI,Costa Rica,2010,GOV_WGI_CC.EST,0.6993258
CRI,Costa Rica,2009,GOV_WGI_CC.EST,0.6186572
CRI,Costa Rica,2008,GOV_WGI_CC.EST,0.4877144
CRI,Costa Rica,2007,GOV_WGI_CC.EST,0.4565309
CRI,Costa Rica,2006,GOV_WGI_CC.EST,0.39918
CRI,Costa Rica,2005,GOV_WGI_CC.EST,0.3850864
CIV,Cote d'Ivoire,2024,GOV_WGI_CC.EST,-0.2850472
CIV,Cote d'Ivoire,2023,GOV_WGI_CC.EST,-0.3616761
CIV,Cote d'Ivoire,2022,GOV_WGI_CC.EST,-0.370305999999999
CIV,Cote d'Ivoire,2021,GOV_WGI_CC.EST,-0.446876999999999
CIV,Cote d'Ivoire,2020,GOV_WGI_CC.EST,-0.4863208
CIV,Cote d'Ivoire,2019,GOV_WGI_CC.EST,-0.5301004
CIV,Cote d'Ivoire,2018,GOV_WGI_CC.EST,-0.483168999999999
CIV,Cote d'Ivoire,2017,GOV_WGI_CC.EST,-0.4649251
CIV,Cote d'Ivoire,2016,GOV_WGI_CC.EST,-0.471418699999999
CIV,Cote d'Ivoire,2015,GOV_WGI_CC.EST,-0.4307488
CIV,Cote d'Ivoire,2014,GOV_WGI_CC.EST,-0.4250952
CIV,Cote d'Ivoire,2013,GOV_WGI_CC.EST,-0.7559365
CIV,Cote d'Ivoire,2012,GOV_WGI_CC.EST,-0.835052
CIV,Cote d'Ivoire,2011,GOV_WGI_CC.EST,-0.9073893
CIV,Cote d'Ivoire,2010,GOV_WGI_CC.EST,-1.00570309999999
CIV,Cote d'Ivoire,2009,GOV_WGI_CC.EST,-0.9153277
CIV,Cote d'Ivoire,2008,GOV_WGI_CC.EST,-0.9172218
CIV,Cote d'Ivoire,2007,GOV_WGI_CC.EST,-1.0556439
CIV,Cote d'Ivoire,2006,GOV_WGI_CC.EST,-1.143042
CIV,Cote d'Ivoire,2005,GOV_WGI_CC.EST,-1.2702551
HRV,Croatia,2024,GOV_WGI_CC.EST,0.1486813
HRV,Croatia,2023,GOV_WGI_CC.EST,0.113708
HRV,Croatia,2022,GOV_WGI_CC.EST,0.1067785
HRV,Croatia,2021,GOV_WGI_CC.EST,0.0954983
HRV,Croatia,2020,GOV_WGI_CC.EST,0.1356925
HRV,Croatia,2019,GOV_WGI_CC.EST,0.0249751
HRV,Croatia,2018,GOV_WGI_CC.EST,0.0249186
HRV,Croatia,2017,GOV_WGI_CC.EST,0.0456235
HRV,Croatia,2016,GOV_WGI_CC.EST,0.1085585
HRV,Croatia,2015,GOV_WGI_CC.EST,0.1722605
HRV,Croatia,2014,GOV_WGI_CC.EST,0.1153811
HRV,Croatia,2013,GOV_WGI_CC.EST,0.1136039
HRV,Croatia,2012,GOV_WGI_CC.EST,0.0944764999999999
HRV,Croatia,2011,GOV_WGI_CC.EST,0.1086579
HRV,Croatia,2010,GOV_WGI_CC.EST,0.1141188
HRV,Croatia,2009,GOV_WGI_CC.EST,0.050097
HRV,Croatia,2008,GOV_WGI_CC.EST,0.0657437
HRV,Croatia,2007,GOV_WGI_CC.EST,0.1000877
HRV,Croatia,2006,GOV_WGI_CC.EST,0.1368044
HRV,Croatia,2005,GOV_WGI_CC.EST,0.1969274
CUB,Cuba,2024,GOV_WGI_CC.EST,-0.226276999999999
CUB,Cuba,2023,GOV_WGI_CC.EST,-0.1628482
CUB,Cuba,2022,GOV_WGI_CC.EST,-0.2238752
CUB,Cuba,2021,GOV_WGI_CC.EST,-0.2211207
CUB,Cuba,2020,GOV_WGI_CC.EST,-0.1430736
CUB,Cuba,2019,GOV_WGI_CC.EST,-0.1433557
CUB,Cuba,2018,GOV_WGI_CC.EST,-0.0111422
CUB,Cuba,2017,GOV_WGI_CC.EST,0.0402953
CUB,Cuba,2016,GOV_WGI_CC.EST,0.00530579999999999
CUB,Cuba,2015,GOV_WGI_CC.EST,0.2903657
CUB,Cuba,2014,GOV_WGI_CC.EST,0.2926138
CUB,Cuba,2013,GOV_WGI_CC.EST,0.3160506
CUB,Cuba,2012,GOV_WGI_CC.EST,0.4572964
CUB,Cuba,2011,GOV_WGI_CC.EST,0.4883787
CUB,Cuba,2010,GOV_WGI_CC.EST,0.4889156
CUB,Cuba,2009,GOV_WGI_CC.EST,0.5302033
CUB,Cuba,2008,GOV_WGI_CC.EST,0.530215
CUB,Cuba,2007,GOV_WGI_CC.EST,0.4523843
CUB,Cuba,2006,GOV_WGI_CC.EST,0.4536368
CUB,Cuba,2005,GOV_WGI_CC.EST,-0.1442033
CYP,Cyprus,2024,GOV_WGI_CC.EST,0.5324784
CYP,Cyprus,2023,GOV_WGI_CC.EST,0.4826822
CYP,Cyprus,2022,GOV_WGI_CC.EST,0.5652889
CYP,Cyprus,2021,GOV_WGI_CC.EST,0.4905518
CYP,Cyprus,2020,GOV_WGI_CC.EST,0.4663521
CYP,Cyprus,2019,GOV_WGI_CC.EST,0.6807343
CYP,Cyprus,2018,GOV_WGI_CC.EST,0.6608595
CYP,Cyprus,2017,GOV_WGI_CC.EST,0.8179827
CYP,Cyprus,2016,GOV_WGI_CC.EST,0.7247771
CYP,Cyprus,2015,GOV_WGI_CC.EST,0.6824205
CYP,Cyprus,2014,GOV_WGI_CC.EST,0.7530793
CYP,Cyprus,2013,GOV_WGI_CC.EST,0.9856079
CYP,Cyprus,2012,GOV_WGI_CC.EST,1.0052242
CYP,Cyprus,2011,GOV_WGI_CC.EST,1.0124344
CYP,Cyprus,2010,GOV_WGI_CC.EST,1.1061312
CYP,Cyprus,2009,GOV_WGI_CC.EST,1.0785963
CYP,Cyprus,2008,GOV_WGI_CC.EST,1.1824327
CYP,Cyprus,2007,GOV_WGI_CC.EST,1.0857157
CYP,Cyprus,2006,GOV_WGI_CC.EST,1.1392607
CYP,Cyprus,2005,GOV_WGI_CC.EST,0.9555973
CZE,Czechia,2024,GOV_WGI_CC.EST,0.9310659
CZE,Czechia,2023,GOV_WGI_CC.EST,0.8499213
CZE,Czechia,2022,GOV_WGI_CC.EST,0.8031753
CZE,Czechia,2021,GOV_WGI_CC.EST,0.7300087
CZE,Czechia,2020,GOV_WGI_CC.EST,0.6341668
CZE,Czechia,2019,GOV_WGI_CC.EST,0.6034081
CZE,Czechia,2018,GOV_WGI_CC.EST,0.6140583
CZE,Czechia,2017,GOV_WGI_CC.EST,0.7473855
CZE,Czechia,2016,GOV_WGI_CC.EST,0.6247694
CZE,Czechia,2015,GOV_WGI_CC.EST,0.5929256
CZE,Czechia,2014,GOV_WGI_CC.EST,0.5091331
CZE,Czechia,2013,GOV_WGI_CC.EST,0.3827776
CZE,Czechia,2012,GOV_WGI_CC.EST,0.4104378
CZE,Czechia,2011,GOV_WGI_CC.EST,0.4745101
CZE,Czechia,2010,GOV_WGI_CC.EST,0.3937065
CZE,Czechia,2009,GOV_WGI_CC.EST,0.3950891
CZE,Czechia,2008,GOV_WGI_CC.EST,0.4165926
CZE,Czechia,2007,GOV_WGI_CC.EST,0.4278636
CZE,Czechia,2006,GOV_WGI_CC.EST,0.538493
CZE,Czechia,2005,GOV_WGI_CC.EST,0.5643395
DNK,Denmark,2024,GOV_WGI_CC.EST,2.2874751
DNK,Denmark,2023,GOV_WGI_CC.EST,2.3171626
DNK,Denmark,2022,GOV_WGI_CC.EST,2.3022376
DNK,Denmark,2021,GOV_WGI_CC.EST,2.2948313
DNK,Denmark,2020,GOV_WGI_CC.EST,2.2645808
DNK,Denmark,2019,GOV_WGI_CC.EST,2.1562325
DNK,Denmark,2018,GOV_WGI_CC.EST,2.1580954
DNK,Denmark,2017,GOV_WGI_CC.EST,2.1877812
DNK,Denmark,2016,GOV_WGI_CC.EST,2.1677475
DNK,Denmark,2015,GOV_WGI_CC.EST,2.1589365
DNK,Denmark,2014,GOV_WGI_CC.EST,2.1516341
DNK,Denmark,2013,GOV_WGI_CC.EST,2.2419071
DNK,Denmark,2012,GOV_WGI_CC.EST,2.258271
DNK,Denmark,2011,GOV_WGI_CC.EST,2.3322647
DNK,Denmark,2010,GOV_WGI_CC.EST,2.2632106
DNK,Denmark,2009,GOV_WGI_CC.EST,2.3099939
DNK,Denmark,2008,GOV_WGI_CC.EST,2.3017254
DNK,Denmark,2007,GOV_WGI_CC.EST,2.3189895
DNK,Denmark,2006,GOV_WGI_CC.EST,2.3453032
DNK,Denmark,2005,GOV_WGI_CC.EST,2.2532203
DJI,Djibouti,2024,GOV_WGI_CC.EST,-0.8908098
DJI,Djibouti,2023,GOV_WGI_CC.EST,-0.905052699999999
DJI,Djibouti,2022,GOV_WGI_CC.EST,-0.9087909
DJI,Djibouti,2021,GOV_WGI_CC.EST,-0.9086172
DJI,Djibouti,2020,GOV_WGI_CC.EST,-0.814078299999999
DJI,Djibouti,2019,GOV_WGI_CC.EST,-0.9286163
DJI,Djibouti,2018,GOV_WGI_CC.EST,-0.821555599999999
DJI,Djibouti,2017,GOV_WGI_CC.EST,-0.7643067
DJI,Djibouti,2016,GOV_WGI_CC.EST,-0.7112911
DJI,Djibouti,2015,GOV_WGI_CC.EST,-0.729731599999999
DJI,Djibouti,2014,GOV_WGI_CC.EST,-0.7346191
DJI,Djibouti,2013,GOV_WGI_CC.EST,-0.620851399999999
DJI,Djibouti,2012,GOV_WGI_CC.EST,-0.5478799
DJI,Djibouti,2011,GOV_WGI_CC.EST,-0.5260663
DJI,Djibouti,2010,GOV_WGI_CC.EST,-0.5264958
DJI,Djibouti,2009,GOV_WGI_CC.EST,-0.488670899999999
DJI,Djibouti,2008,GOV_WGI_CC.EST,-0.283894
DJI,Djibouti,2007,GOV_WGI_CC.EST,-0.4894592
DJI,Djibouti,2006,GOV_WGI_CC.EST,-0.6564207
DJI,Djibouti,2005,GOV_WGI_CC.EST,-0.659377099999999
DMA,Dominica,2024,GOV_WGI_CC.EST,0.5329662
DMA,Dominica,2023,GOV_WGI_CC.EST,0.4140289
DMA,Dominica,2022,GOV_WGI_CC.EST,0.3990364
DMA,Dominica,2021,GOV_WGI_CC.EST,0.3994373
DMA,Dominica,2020,GOV_WGI_CC.EST,0.4019084
DMA,Dominica,2019,GOV_WGI_CC.EST,0.4981335
DMA,Dominica,2018,GOV_WGI_CC.EST,0.5097888
DMA,Dominica,2017,GOV_WGI_CC.EST,0.62126
DMA,Dominica,2016,GOV_WGI_CC.EST,0.6205238
DMA,Dominica,2015,GOV_WGI_CC.EST,0.6194167
DMA,Dominica,2014,GOV_WGI_CC.EST,0.6052154
DMA,Dominica,2013,GOV_WGI_CC.EST,0.8269725
DMA,Dominica,2012,GOV_WGI_CC.EST,0.8267117
DMA,Dominica,2011,GOV_WGI_CC.EST,0.8301434
DMA,Dominica,2010,GOV_WGI_CC.EST,0.8317948
DMA,Dominica,2009,GOV_WGI_CC.EST,0.7031943
DMA,Dominica,2008,GOV_WGI_CC.EST,0.7032262
DMA,Dominica,2007,GOV_WGI_CC.EST,0.7023194
DMA,Dominica,2006,GOV_WGI_CC.EST,0.7057308
DMA,Dominica,2005,GOV_WGI_CC.EST,0.7009683
DOM,Dominican Republic,2024,GOV_WGI_CC.EST,-0.2654917
DOM,Dominican Republic,2023,GOV_WGI_CC.EST,-0.429853
DOM,Dominican Republic,2022,GOV_WGI_CC.EST,-0.422172599999999
DOM,Dominican Republic,2021,GOV_WGI_CC.EST,-0.545258
DOM,Dominican Republic,2020,GOV_WGI_CC.EST,-0.706555199999999
DOM,Dominican Republic,2019,GOV_WGI_CC.EST,-0.802128499999999
DOM,Dominican Republic,2018,GOV_WGI_CC.EST,-0.8443735
DOM,Dominican Republic,2017,GOV_WGI_CC.EST,-0.801055499999999
DOM,Dominican Republic,2016,GOV_WGI_CC.EST,-0.794053
DOM,Dominican Republic,2015,GOV_WGI_CC.EST,-0.7903907
DOM,Dominican Republic,2014,GOV_WGI_CC.EST,-0.755538199999999
DOM,Dominican Republic,2013,GOV_WGI_CC.EST,-0.770886899999999
DOM,Dominican Republic,2012,GOV_WGI_CC.EST,-0.7816871
DOM,Dominican Republic,2011,GOV_WGI_CC.EST,-0.7070725
DOM,Dominican Republic,2010,GOV_WGI_CC.EST,-0.7609997
DOM,Dominican Republic,2009,GOV_WGI_CC.EST,-0.7202043
DOM,Dominican Republic,2008,GOV_WGI_CC.EST,-0.744264399999999
DOM,Dominican Republic,2007,GOV_WGI_CC.EST,-0.7510177
DOM,Dominican Republic,2006,GOV_WGI_CC.EST,-0.6553867
DOM,Dominican Republic,2005,GOV_WGI_CC.EST,-0.8517184
ECU,Ecuador,2024,GOV_WGI_CC.EST,-0.775680199999999
ECU,Ecuador,2023,GOV_WGI_CC.EST,-0.719996
ECU,Ecuador,2022,GOV_WGI_CC.EST,-0.655353
ECU,Ecuador,2021,GOV_WGI_CC.EST,-0.6326965
ECU,Ecuador,2020,GOV_WGI_CC.EST,-0.5183859
ECU,Ecuador,2019,GOV_WGI_CC.EST,-0.5273627
ECU,Ecuador,2018,GOV_WGI_CC.EST,-0.618424299999999
ECU,Ecuador,2017,GOV_WGI_CC.EST,-0.775722799999999
ECU,Ecuador,2016,GOV_WGI_CC.EST,-0.766105399999999
ECU,Ecuador,2015,GOV_WGI_CC.EST,-0.7228483
ECU,Ecuador,2014,GOV_WGI_CC.EST,-0.7552215
ECU,Ecuador,2013,GOV_WGI_CC.EST,-0.584110999999999
ECU,Ecuador,2012,GOV_WGI_CC.EST,-0.6136706
ECU,Ecuador,2011,GOV_WGI_CC.EST,-0.669629799999999
ECU,Ecuador,2010,GOV_WGI_CC.EST,-0.711728799999999
ECU,Ecuador,2009,GOV_WGI_CC.EST,-0.7037348
ECU,Ecuador,2008,GOV_WGI_CC.EST,-0.716222599999999
ECU,Ecuador,2007,GOV_WGI_CC.EST,-0.7886171
ECU,Ecuador,2006,GOV_WGI_CC.EST,-0.8151132
ECU,Ecuador,2005,GOV_WGI_CC.EST,-0.839729899999999
EGY,"Egypt, Arab Rep.",2024,GOV_WGI_CC.EST,-0.8269898
EGY,"Egypt, Arab Rep.",2023,GOV_WGI_CC.EST,-0.816904499999999
EGY,"Egypt, Arab Rep.",2022,GOV_WGI_CC.EST,-0.7776624
EGY,"Egypt, Arab Rep.",2021,GOV_WGI_CC.EST,-0.7873199
EGY,"Egypt, Arab Rep.",2020,GOV_WGI_CC.EST,-0.7914606
EGY,"Egypt, Arab Rep.",2019,GOV_WGI_CC.EST,-0.652109199999999
EGY,"Egypt, Arab Rep.",2018,GOV_WGI_CC.EST,-0.4749757
EGY,"Egypt, Arab Rep.",2017,GOV_WGI_CC.EST,-0.4059653
EGY,"Egypt, Arab Rep.",2016,GOV_WGI_CC.EST,-0.4472655
EGY,"Egypt, Arab Rep.",2015,GOV_WGI_CC.EST,-0.5639736
EGY,"Egypt, Arab Rep.",2014,GOV_WGI_CC.EST,-0.576257999999999
EGY,"Egypt, Arab Rep.",2013,GOV_WGI_CC.EST,-0.5658677
EGY,"Egypt, Arab Rep.",2012,GOV_WGI_CC.EST,-0.5175138
EGY,"Egypt, Arab Rep.",2011,GOV_WGI_CC.EST,-0.5611174
EGY,"Egypt, Arab Rep.",2010,GOV_WGI_CC.EST,-0.608266
EGY,"Egypt, Arab Rep.",2009,GOV_WGI_CC.EST,-0.4952858
EGY,"Egypt, Arab Rep.",2008,GOV_WGI_CC.EST,-0.571537899999999
EGY,"Egypt, Arab Rep.",2007,GOV_WGI_CC.EST,-0.536828699999999
EGY,"Egypt, Arab Rep.",2006,GOV_WGI_CC.EST,-0.5725119
EGY,"Egypt, Arab Rep.",2005,GOV_WGI_CC.EST,-0.6190665
SLV,El Salvador,2024,GOV_WGI_CC.EST,-0.5765882
SLV,El Salvador,2023,GOV_WGI_CC.EST,-0.6099566
SLV,El Salvador,2022,GOV_WGI_CC.EST,-0.680151
SLV,El Salvador,2021,GOV_WGI_CC.EST,-0.5616664
SLV,El Salvador,2020,GOV_WGI_CC.EST,-0.5107438
SLV,El Salvador,2019,GOV_WGI_CC.EST,-0.5208324
SLV,El Salvador,2018,GOV_WGI_CC.EST,-0.579658
SLV,El Salvador,2017,GOV_WGI_CC.EST,-0.5282498
SLV,El Salvador,2016,GOV_WGI_CC.EST,-0.5627985
SLV,El Salvador,2015,GOV_WGI_CC.EST,-0.523622599999999
SLV,El Salvador,2014,GOV_WGI_CC.EST,-0.4848632
SLV,El Salvador,2013,GOV_WGI_CC.EST,-0.3454095
SLV,El Salvador,2012,GOV_WGI_CC.EST,-0.412827599999999
SLV,El Salvador,2011,GOV_WGI_CC.EST,-0.168123
SLV,El Salvador,2010,GOV_WGI_CC.EST,-0.2559994
SLV,El Salvador,2009,GOV_WGI_CC.EST,-0.2532086
SLV,El Salvador,2008,GOV_WGI_CC.EST,-0.410105999999999
SLV,El Salvador,2007,GOV_WGI_CC.EST,-0.4139309
SLV,El Salvador,2006,GOV_WGI_CC.EST,-0.376432799999999
SLV,El Salvador,2005,GOV_WGI_CC.EST,-0.4242744
GNQ,Equatorial Guinea,2024,GOV_WGI_CC.EST,-1.47309619999999
GNQ,Equatorial Guinea,2023,GOV_WGI_CC.EST,-1.52463899999999
GNQ,Equatorial Guinea,2022,GOV_WGI_CC.EST,-1.5183607
GNQ,Equatorial Guinea,2021,GOV_WGI_CC.EST,-1.51813589999999
GNQ,Equatorial Guinea,2020,GOV_WGI_CC.EST,-1.51748099999999
GNQ,Equatorial Guinea,2019,GOV_WGI_CC.EST,-1.5178173
GNQ,Equatorial Guinea,2018,GOV_WGI_CC.EST,-1.5191557
GNQ,Equatorial Guinea,2017,GOV_WGI_CC.EST,-1.63363519999999
GNQ,Equatorial Guinea,2016,GOV_WGI_CC.EST,-1.6329041
GNQ,Equatorial Guinea,2015,GOV_WGI_CC.EST,-1.5888102
GNQ,Equatorial Guinea,2014,GOV_WGI_CC.EST,-1.58996809999999
GNQ,Equatorial Guinea,2013,GOV_WGI_CC.EST,-1.30996279999999
GNQ,Equatorial Guinea,2012,GOV_WGI_CC.EST,-1.26321779999999
GNQ,Equatorial Guinea,2011,GOV_WGI_CC.EST,-1.261717
GNQ,Equatorial Guinea,2010,GOV_WGI_CC.EST,-1.2609948
GNQ,Equatorial Guinea,2009,GOV_WGI_CC.EST,-1.2684339
GNQ,Equatorial Guinea,2008,GOV_WGI_CC.EST,-1.3611491
GNQ,Equatorial Guinea,2007,GOV_WGI_CC.EST,-1.3616268
GNQ,Equatorial Guinea,2006,GOV_WGI_CC.EST,-1.3598299
GNQ,Equatorial Guinea,2005,GOV_WGI_CC.EST,-1.5058021
ERI,Eritrea,2024,GOV_WGI_CC.EST,-1.6331361
ERI,Eritrea,2023,GOV_WGI_CC.EST,-1.4131414
ERI,Eritrea,2022,GOV_WGI_CC.EST,-1.3644356
ERI,Eritrea,2021,GOV_WGI_CC.EST,-1.36851339999999
ERI,Eritrea,2020,GOV_WGI_CC.EST,-1.3612091
ERI,Eritrea,2019,GOV_WGI_CC.EST,-1.4238042
ERI,Eritrea,2018,GOV_WGI_CC.EST,-1.4338129
ERI,Eritrea,2017,GOV_WGI_CC.EST,-1.320663
ERI,Eritrea,2016,GOV_WGI_CC.EST,-1.35281649999999
ERI,Eritrea,2015,GOV_WGI_CC.EST,-1.3519275
ERI,Eritrea,2014,GOV_WGI_CC.EST,-1.124763
ERI,Eritrea,2013,GOV_WGI_CC.EST,-0.9908114
ERI,Eritrea,2012,GOV_WGI_CC.EST,-0.872825699999999
ERI,Eritrea,2011,GOV_WGI_CC.EST,-0.7517438
ERI,Eritrea,2010,GOV_WGI_CC.EST,-0.720041399999999
ERI,Eritrea,2009,GOV_WGI_CC.EST,-0.686655799999999
ERI,Eritrea,2008,GOV_WGI_CC.EST,-0.6362941
ERI,Eritrea,2007,GOV_WGI_CC.EST,-0.5423481
ERI,Eritrea,2006,GOV_WGI_CC.EST,-0.4748534
ERI,Eritrea,2005,GOV_WGI_CC.EST,-0.4150293
EST,Estonia,2024,GOV_WGI_CC.EST,1.669321
EST,Estonia,2023,GOV_WGI_CC.EST,1.6727855
EST,Estonia,2022,GOV_WGI_CC.EST,1.5957125
EST,Estonia,2021,GOV_WGI_CC.EST,1.5368104
EST,Estonia,2020,GOV_WGI_CC.EST,1.5899428
EST,Estonia,2019,GOV_WGI_CC.EST,1.52358
EST,Estonia,2018,GOV_WGI_CC.EST,1.4976464
EST,Estonia,2017,GOV_WGI_CC.EST,1.280741
EST,Estonia,2016,GOV_WGI_CC.EST,1.2763152
EST,Estonia,2015,GOV_WGI_CC.EST,1.2999987
EST,Estonia,2014,GOV_WGI_CC.EST,1.2696404
EST,Estonia,2013,GOV_WGI_CC.EST,1.173543
EST,Estonia,2012,GOV_WGI_CC.EST,1.1139136
EST,Estonia,2011,GOV_WGI_CC.EST,1.1623156
EST,Estonia,2010,GOV_WGI_CC.EST,0.9912376
EST,Estonia,2009,GOV_WGI_CC.EST,0.9924429
EST,Estonia,2008,GOV_WGI_CC.EST,1.0058476
EST,Estonia,2007,GOV_WGI_CC.EST,0.9936845
EST,Estonia,2006,GOV_WGI_CC.EST,1.0518977
EST,Estonia,2005,GOV_WGI_CC.EST,0.965003
SWZ,Eswatini,2024,GOV_WGI_CC.EST,-0.785159899999999
SWZ,Eswatini,2023,GOV_WGI_CC.EST,-0.6292553
SWZ,Eswatini,2022,GOV_WGI_CC.EST,-0.6085804
SWZ,Eswatini,2021,GOV_WGI_CC.EST,-0.5806756
SWZ,Eswatini,2020,GOV_WGI_CC.EST,-0.3014253
SWZ,Eswatini,2019,GOV_WGI_CC.EST,-0.2969784
SWZ,Eswatini,2018,GOV_WGI_CC.EST,-0.272451599999999
SWZ,Eswatini,2017,GOV_WGI_CC.EST,-0.0881199
SWZ,Eswatini,2016,GOV_WGI_CC.EST,-0.2738615
SWZ,Eswatini,2015,GOV_WGI_CC.EST,-0.2787246
SWZ,Eswatini,2014,GOV_WGI_CC.EST,-0.2843032
SWZ,Eswatini,2013,GOV_WGI_CC.EST,-0.134462
SWZ,Eswatini,2012,GOV_WGI_CC.EST,-0.111456099999999
SWZ,Eswatini,2011,GOV_WGI_CC.EST,-0.132006899999999
SWZ,Eswatini,2010,GOV_WGI_CC.EST,-0.0920035999999999
SWZ,Eswatini,2009,GOV_WGI_CC.EST,0.1378584
SWZ,Eswatini,2008,GOV_WGI_CC.EST,0.1882327
SWZ,Eswatini,2007,GOV_WGI_CC.EST,0.0810212999999999
SWZ,Eswatini,2006,GOV_WGI_CC.EST,0.0827945
SWZ,Eswatini,2005,GOV_WGI_CC.EST,-0.3043228
ETH,Ethiopia,2024,GOV_WGI_CC.EST,-0.437863299999999
ETH,Ethiopia,2023,GOV_WGI_CC.EST,-0.4629488
ETH,Ethiopia,2022,GOV_WGI_CC.EST,-0.406565399999999
ETH,Ethiopia,2021,GOV_WGI_CC.EST,-0.4003096
ETH,Ethiopia,2020,GOV_WGI_CC.EST,-0.368558799999999
ETH,Ethiopia,2019,GOV_WGI_CC.EST,-0.4268519
ETH,Ethiopia,2018,GOV_WGI_CC.EST,-0.4565279
ETH,Ethiopia,2017,GOV_WGI_CC.EST,-0.5649481
ETH,Ethiopia,2016,GOV_WGI_CC.EST,-0.435890499999999
ETH,Ethiopia,2015,GOV_WGI_CC.EST,-0.5196265
ETH,Ethiopia,2014,GOV_WGI_CC.EST,-0.5429668
ETH,Ethiopia,2013,GOV_WGI_CC.EST,-0.5672534
ETH,Ethiopia,2012,GOV_WGI_CC.EST,-0.6106685
ETH,Ethiopia,2011,GOV_WGI_CC.EST,-0.6055573
ETH,Ethiopia,2010,GOV_WGI_CC.EST,-0.6997533
ETH,Ethiopia,2009,GOV_WGI_CC.EST,-0.7219618
ETH,Ethiopia,2008,GOV_WGI_CC.EST,-0.631941299999999
ETH,Ethiopia,2007,GOV_WGI_CC.EST,-0.5338238
ETH,Ethiopia,2006,GOV_WGI_CC.EST,-0.531347999999999
ETH,Ethiopia,2005,GOV_WGI_CC.EST,-0.825205899999999
FJI,Fiji,2024,GOV_WGI_CC.EST,0.5626875
FJI,Fiji,2023,GOV_WGI_CC.EST,0.5323283
FJI,Fiji,2022,GOV_WGI_CC.EST,0.4582725
FJI,Fiji,2021,GOV_WGI_CC.EST,0.4839702
FJI,Fiji,2020,GOV_WGI_CC.EST,0.5418111
FJI,Fiji,2019,GOV_WGI_CC.EST,0.6824056
FJI,Fiji,2018,GOV_WGI_CC.EST,0.340503
FJI,Fiji,2017,GOV_WGI_CC.EST,0.344813
FJI,Fiji,2016,GOV_WGI_CC.EST,0.3150779
FJI,Fiji,2015,GOV_WGI_CC.EST,0.3146995
FJI,Fiji,2014,GOV_WGI_CC.EST,0.3474414
FJI,Fiji,2013,GOV_WGI_CC.EST,0.0896913
FJI,Fiji,2012,GOV_WGI_CC.EST,0.0857756
FJI,Fiji,2011,GOV_WGI_CC.EST,0.0901135
FJI,Fiji,2010,GOV_WGI_CC.EST,-0.1720755
FJI,Fiji,2009,GOV_WGI_CC.EST,-0.0369825
FJI,Fiji,2008,GOV_WGI_CC.EST,0.0484933
FJI,Fiji,2007,GOV_WGI_CC.EST,0.0387772
FJI,Fiji,2006,GOV_WGI_CC.EST,-0.0789479999999999
FJI,Fiji,2005,GOV_WGI_CC.EST,-0.0647222
FIN,Finland,2024,GOV_WGI_CC.EST,2.1920863
FIN,Finland,2023,GOV_WGI_CC.EST,2.193956
FIN,Finland,2022,GOV_WGI_CC.EST,2.1894699
FIN,Finland,2021,GOV_WGI_CC.EST,2.2264683
FIN,Finland,2020,GOV_WGI_CC.EST,2.2354321
FIN,Finland,2019,GOV_WGI_CC.EST,2.1845876
FIN,Finland,2018,GOV_WGI_CC.EST,2.1834702
FIN,Finland,2017,GOV_WGI_CC.EST,2.1795948
FIN,Finland,2016,GOV_WGI_CC.EST,2.1900901
FIN,Finland,2015,GOV_WGI_CC.EST,2.1750212
FIN,Finland,2014,GOV_WGI_CC.EST,2.0450303
FIN,Finland,2013,GOV_WGI_CC.EST,2.0358514
FIN,Finland,2012,GOV_WGI_CC.EST,2.0890617
FIN,Finland,2011,GOV_WGI_CC.EST,2.1357305
FIN,Finland,2010,GOV_WGI_CC.EST,2.0755526
FIN,Finland,2009,GOV_WGI_CC.EST,2.1761067
FIN,Finland,2008,GOV_WGI_CC.EST,2.2985114
FIN,Finland,2007,GOV_WGI_CC.EST,2.3313967
FIN,Finland,2006,GOV_WGI_CC.EST,2.3969617
FIN,Finland,2005,GOV_WGI_CC.EST,2.3168752
FRA,France,2024,GOV_WGI_CC.EST,1.2182239
FRA,France,2023,GOV_WGI_CC.EST,1.2672713
FRA,France,2022,GOV_WGI_CC.EST,1.3856444
FRA,France,2021,GOV_WGI_CC.EST,1.422803
FRA,France,2020,GOV_WGI_CC.EST,1.2939757
FRA,France,2019,GOV_WGI_CC.EST,1.3620502
FRA,France,2018,GOV_WGI_CC.EST,1.4123369
FRA,France,2017,GOV_WGI_CC.EST,1.3564923
FRA,France,2016,GOV_WGI_CC.EST,1.3423858
FRA,France,2015,GOV_WGI_CC.EST,1.2963551
FRA,France,2014,GOV_WGI_CC.EST,1.311456
FRA,France,2013,GOV_WGI_CC.EST,1.3296179
FRA,France,2012,GOV_WGI_CC.EST,1.4686276
FRA,France,2011,GOV_WGI_CC.EST,1.503435
FRA,France,2010,GOV_WGI_CC.EST,1.3817944
FRA,France,2009,GOV_WGI_CC.EST,1.4333546
FRA,France,2008,GOV_WGI_CC.EST,1.4496473
FRA,France,2007,GOV_WGI_CC.EST,1.4835556
FRA,France,2006,GOV_WGI_CC.EST,1.4758857
FRA,France,2005,GOV_WGI_CC.EST,1.4277596
,French Polynesia,2024,GOV_WGI_CC.EST,-0.2085367
,French Polynesia,2023,GOV_WGI_CC.EST,-0.2230586
,French Polynesia,2022,GOV_WGI_CC.EST,-0.2079857
,French Polynesia,2021,GOV_WGI_CC.EST,-0.2035976
GAB,Gabon,2024,GOV_WGI_CC.EST,-0.936776899999999
GAB,Gabon,2023,GOV_WGI_CC.EST,-0.9748427
GAB,Gabon,2022,GOV_WGI_CC.EST,-1.0035399
GAB,Gabon,2021,GOV_WGI_CC.EST,-0.8653289
GAB,Gabon,2020,GOV_WGI_CC.EST,-0.8043948
GAB,Gabon,2019,GOV_WGI_CC.EST,-0.8194499
GAB,Gabon,2018,GOV_WGI_CC.EST,-0.820118999999999
GAB,Gabon,2017,GOV_WGI_CC.EST,-0.870111499999999
GAB,Gabon,2016,GOV_WGI_CC.EST,-0.689372299999999
GAB,Gabon,2015,GOV_WGI_CC.EST,-0.741064899999999
GAB,Gabon,2014,GOV_WGI_CC.EST,-0.830800499999999
GAB,Gabon,2013,GOV_WGI_CC.EST,-0.6819546
GAB,Gabon,2012,GOV_WGI_CC.EST,-0.6847821
GAB,Gabon,2011,GOV_WGI_CC.EST,-0.7302265
GAB,Gabon,2010,GOV_WGI_CC.EST,-0.790127399999999
GAB,Gabon,2009,GOV_WGI_CC.EST,-0.939809799999999
GAB,Gabon,2008,GOV_WGI_CC.EST,-0.9397956
GAB,Gabon,2007,GOV_WGI_CC.EST,-0.964724199999999
GAB,Gabon,2006,GOV_WGI_CC.EST,-0.841792299999999
GAB,Gabon,2005,GOV_WGI_CC.EST,-0.8227409
GMB,"Gambia, The",2024,GOV_WGI_CC.EST,-0.3342284
GMB,"Gambia, The",2023,GOV_WGI_CC.EST,-0.296167199999999
GMB,"Gambia, The",2022,GOV_WGI_CC.EST,-0.3002052
GMB,"Gambia, The",2021,GOV_WGI_CC.EST,-0.3139401
GMB,"Gambia, The",2020,GOV_WGI_CC.EST,-0.222816799999999
GMB,"Gambia, The",2019,GOV_WGI_CC.EST,-0.3416671
GMB,"Gambia, The",2018,GOV_WGI_CC.EST,-0.417942
GMB,"Gambia, The",2017,GOV_WGI_CC.EST,-0.503196099999999
GMB,"Gambia, The",2016,GOV_WGI_CC.EST,-0.9137354
GMB,"Gambia, The",2015,GOV_WGI_CC.EST,-0.9231417
GMB,"Gambia, The",2014,GOV_WGI_CC.EST,-0.891646899999999
GMB,"Gambia, The",2013,GOV_WGI_CC.EST,-0.8714738
GMB,"Gambia, The",2012,GOV_WGI_CC.EST,-0.7701443
GMB,"Gambia, The",2011,GOV_WGI_CC.EST,-0.6556196
GMB,"Gambia, The",2010,GOV_WGI_CC.EST,-0.696732999999999
GMB,"Gambia, The",2009,GOV_WGI_CC.EST,-0.7074094
GMB,"Gambia, The",2008,GOV_WGI_CC.EST,-0.6917675
GMB,"Gambia, The",2007,GOV_WGI_CC.EST,-0.6385879
GMB,"Gambia, The",2006,GOV_WGI_CC.EST,-0.615959599999999
GMB,"Gambia, The",2005,GOV_WGI_CC.EST,-0.6333333
GEO,Georgia,2024,GOV_WGI_CC.EST,0.3810861
GEO,Georgia,2023,GOV_WGI_CC.EST,0.6584135
GEO,Georgia,2022,GOV_WGI_CC.EST,0.6512819
GEO,Georgia,2021,GOV_WGI_CC.EST,0.7226795
GEO,Georgia,2020,GOV_WGI_CC.EST,0.8203237
GEO,Georgia,2019,GOV_WGI_CC.EST,0.8436252
GEO,Georgia,2018,GOV_WGI_CC.EST,0.8416678
GEO,Georgia,2017,GOV_WGI_CC.EST,0.8616872
GEO,Georgia,2016,GOV_WGI_CC.EST,0.799381
GEO,Georgia,2015,GOV_WGI_CC.EST,0.7754032
GEO,Georgia,2014,GOV_WGI_CC.EST,0.8080156
GEO,Georgia,2013,GOV_WGI_CC.EST,0.5383892
GEO,Georgia,2012,GOV_WGI_CC.EST,0.5201487
GEO,Georgia,2011,GOV_WGI_CC.EST,0.317603
GEO,Georgia,2010,GOV_WGI_CC.EST,0.2516678
GEO,Georgia,2009,GOV_WGI_CC.EST,0.1388093
GEO,Georgia,2008,GOV_WGI_CC.EST,0.1189863
GEO,Georgia,2007,GOV_WGI_CC.EST,0.0623596
GEO,Georgia,2006,GOV_WGI_CC.EST,0.2742286
GEO,Georgia,2005,GOV_WGI_CC.EST,0.1294227
DEU,Germany,2024,GOV_WGI_CC.EST,1.7734211
DEU,Germany,2023,GOV_WGI_CC.EST,1.699403
DEU,Germany,2022,GOV_WGI_CC.EST,1.8224098
DEU,Germany,2021,GOV_WGI_CC.EST,1.8243293
DEU,Germany,2020,GOV_WGI_CC.EST,1.8713077
DEU,Germany,2019,GOV_WGI_CC.EST,1.8768449
DEU,Germany,2018,GOV_WGI_CC.EST,1.9178103
DEU,Germany,2017,GOV_WGI_CC.EST,1.8222612
DEU,Germany,2016,GOV_WGI_CC.EST,1.763112
DEU,Germany,2015,GOV_WGI_CC.EST,1.7233648
DEU,Germany,2014,GOV_WGI_CC.EST,1.7082916
DEU,Germany,2013,GOV_WGI_CC.EST,1.6261055
DEU,Germany,2012,GOV_WGI_CC.EST,1.6570716
DEU,Germany,2011,GOV_WGI_CC.EST,1.6649059
DEU,Germany,2010,GOV_WGI_CC.EST,1.6517124
DEU,Germany,2009,GOV_WGI_CC.EST,1.6821928
DEU,Germany,2008,GOV_WGI_CC.EST,1.688208
DEU,Germany,2007,GOV_WGI_CC.EST,1.6554474
DEU,Germany,2006,GOV_WGI_CC.EST,1.7295898
DEU,Germany,2005,GOV_WGI_CC.EST,1.9288145
GHA,Ghana,2024,GOV_WGI_CC.EST,-0.1934794
GHA,Ghana,2023,GOV_WGI_CC.EST,-0.1303327
GHA,Ghana,2022,GOV_WGI_CC.EST,-0.0967234999999999
GHA,Ghana,2021,GOV_WGI_CC.EST,-0.1554389
GHA,Ghana,2020,GOV_WGI_CC.EST,-0.0922532
GHA,Ghana,2019,GOV_WGI_CC.EST,-0.0994456
GHA,Ghana,2018,GOV_WGI_CC.EST,-0.140224799999999
GHA,Ghana,2017,GOV_WGI_CC.EST,-0.2759026
GHA,Ghana,2016,GOV_WGI_CC.EST,-0.246555599999999
GHA,Ghana,2015,GOV_WGI_CC.EST,-0.2762732
GHA,Ghana,2014,GOV_WGI_CC.EST,-0.1952286
GHA,Ghana,2013,GOV_WGI_CC.EST,-0.0209075
GHA,Ghana,2012,GOV_WGI_CC.EST,-0.0180774
GHA,Ghana,2011,GOV_WGI_CC.EST,0.0550802
GHA,Ghana,2010,GOV_WGI_CC.EST,0.0661022
GHA,Ghana,2009,GOV_WGI_CC.EST,-0.0172755
GHA,Ghana,2008,GOV_WGI_CC.EST,-0.0856728
GHA,Ghana,2007,GOV_WGI_CC.EST,-0.0943405
GHA,Ghana,2006,GOV_WGI_CC.EST,-0.1130597
GHA,Ghana,2005,GOV_WGI_CC.EST,-0.4199254
GRC,Greece,2024,GOV_WGI_CC.EST,0.2996813
GRC,Greece,2023,GOV_WGI_CC.EST,0.3292978
GRC,Greece,2022,GOV_WGI_CC.EST,0.3224993
GRC,Greece,2021,GOV_WGI_CC.EST,0.3910516
GRC,Greece,2020,GOV_WGI_CC.EST,0.2809798
GRC,Greece,2019,GOV_WGI_CC.EST,0.3040548
GRC,Greece,2018,GOV_WGI_CC.EST,0.2408155
GRC,Greece,2017,GOV_WGI_CC.EST,0.1466842
GRC,Greece,2016,GOV_WGI_CC.EST,0.0885981
GRC,Greece,2015,GOV_WGI_CC.EST,0.0220321
GRC,Greece,2014,GOV_WGI_CC.EST,0.0019795
GRC,Greece,2013,GOV_WGI_CC.EST,0.1098246
GRC,Greece,2012,GOV_WGI_CC.EST,-0.0229614
GRC,Greece,2011,GOV_WGI_CC.EST,-0.0756332
GRC,Greece,2010,GOV_WGI_CC.EST,-0.0313709
GRC,Greece,2009,GOV_WGI_CC.EST,0.0966569999999999
GRC,Greece,2008,GOV_WGI_CC.EST,0.1748439
GRC,Greece,2007,GOV_WGI_CC.EST,0.2848043
GRC,Greece,2006,GOV_WGI_CC.EST,0.4749268
GRC,Greece,2005,GOV_WGI_CC.EST,0.3973065
,Greenland,2024,GOV_WGI_CC.EST,1.482751
,Greenland,2023,GOV_WGI_CC.EST,1.0245164
,Greenland,2022,GOV_WGI_CC.EST,1.0265006
,Greenland,2021,GOV_WGI_CC.EST,1.0270782
,Greenland,2020,GOV_WGI_CC.EST,1.1145942
,Greenland,2019,GOV_WGI_CC.EST,1.1137491
,Greenland,2018,GOV_WGI_CC.EST,1.1103855
,Greenland,2017,GOV_WGI_CC.EST,1.1079441
,Greenland,2016,GOV_WGI_CC.EST,1.1093795
,Greenland,2015,GOV_WGI_CC.EST,1.02138
,Greenland,2014,GOV_WGI_CC.EST,1.0188354
,Greenland,2013,GOV_WGI_CC.EST,1.0216906
,Greenland,2012,GOV_WGI_CC.EST,1.0214471
,Greenland,2011,GOV_WGI_CC.EST,1.0246504
,Greenland,2010,GOV_WGI_CC.EST,1.0261919
,Greenland,2009,GOV_WGI_CC.EST,1.0255765
GRD,Grenada,2024,GOV_WGI_CC.EST,0.4790005
GRD,Grenada,2023,GOV_WGI_CC.EST,0.3935799
GRD,Grenada,2022,GOV_WGI_CC.EST,0.2886861
GRD,Grenada,2021,GOV_WGI_CC.EST,0.3144044
GRD,Grenada,2020,GOV_WGI_CC.EST,0.3784368
GRD,Grenada,2019,GOV_WGI_CC.EST,0.3780139
GRD,Grenada,2018,GOV_WGI_CC.EST,0.4166836
GRD,Grenada,2017,GOV_WGI_CC.EST,0.4508706
GRD,Grenada,2016,GOV_WGI_CC.EST,0.5371119
GRD,Grenada,2015,GOV_WGI_CC.EST,0.5361081
GRD,Grenada,2014,GOV_WGI_CC.EST,0.2414206
GRD,Grenada,2013,GOV_WGI_CC.EST,0.516336
GRD,Grenada,2012,GOV_WGI_CC.EST,0.5161195
GRD,Grenada,2011,GOV_WGI_CC.EST,0.5189688
GRD,Grenada,2010,GOV_WGI_CC.EST,0.52034
GRD,Grenada,2009,GOV_WGI_CC.EST,0.4813719
GRD,Grenada,2008,GOV_WGI_CC.EST,0.4530939
GRD,Grenada,2007,GOV_WGI_CC.EST,0.4521871
GRD,Grenada,2006,GOV_WGI_CC.EST,0.7279744
GRD,Grenada,2005,GOV_WGI_CC.EST,0.7009683
,Guam,2024,GOV_WGI_CC.EST,1.1762344
,Guam,2023,GOV_WGI_CC.EST,1.1733125
,Guam,2022,GOV_WGI_CC.EST,1.1763452
,Guam,2021,GOV_WGI_CC.EST,1.1772281
,Guam,2020,GOV_WGI_CC.EST,1.1797991
,Guam,2019,GOV_WGI_CC.EST,1.1784788
,Guam,2018,GOV_WGI_CC.EST,1.1732244
,Guam,2017,GOV_WGI_CC.EST,1.1694105
,Guam,2016,GOV_WGI_CC.EST,1.1716528
,Guam,2015,GOV_WGI_CC.EST,1.1685187
,Guam,2014,GOV_WGI_CC.EST,1.1646295
,Guam,2013,GOV_WGI_CC.EST,0.8569702
,Guam,2012,GOV_WGI_CC.EST,0.8565981
,Guam,2011,GOV_WGI_CC.EST,0.8614942
,Guam,2010,GOV_WGI_CC.EST,0.8638503
,Guam,2009,GOV_WGI_CC.EST,0.8629097
,Guam,2008,GOV_WGI_CC.EST,0.8629646
,Guam,2007,GOV_WGI_CC.EST,0.8614064
,Guam,2006,GOV_WGI_CC.EST,0.8672683
,Guam,2005,GOV_WGI_CC.EST,0.8590847
GTM,Guatemala,2024,GOV_WGI_CC.EST,-0.9482653
GTM,Guatemala,2023,GOV_WGI_CC.EST,-1.0869128
GTM,Guatemala,2022,GOV_WGI_CC.EST,-1.2166625
GTM,Guatemala,2021,GOV_WGI_CC.EST,-1.21790929999999
GTM,Guatemala,2020,GOV_WGI_CC.EST,-1.0998808
GTM,Guatemala,2019,GOV_WGI_CC.EST,-1.0038569
GTM,Guatemala,2018,GOV_WGI_CC.EST,-0.972041399999999
GTM,Guatemala,2017,GOV_WGI_CC.EST,-0.8839206
GTM,Guatemala,2016,GOV_WGI_CC.EST,-0.873697899999999
GTM,Guatemala,2015,GOV_WGI_CC.EST,-0.9067476
GTM,Guatemala,2014,GOV_WGI_CC.EST,-0.8707969
GTM,Guatemala,2013,GOV_WGI_CC.EST,-0.720212
GTM,Guatemala,2012,GOV_WGI_CC.EST,-0.7692412
GTM,Guatemala,2011,GOV_WGI_CC.EST,-0.5518373
GTM,Guatemala,2010,GOV_WGI_CC.EST,-0.6209412
GTM,Guatemala,2009,GOV_WGI_CC.EST,-0.5122531
GTM,Guatemala,2008,GOV_WGI_CC.EST,-0.4600475
GTM,Guatemala,2007,GOV_WGI_CC.EST,-0.6123079
GTM,Guatemala,2006,GOV_WGI_CC.EST,-0.646603399999999
GTM,Guatemala,2005,GOV_WGI_CC.EST,-0.6394656
GIN,Guinea,2024,GOV_WGI_CC.EST,-1.17445279999999
GIN,Guinea,2023,GOV_WGI_CC.EST,-1.0078531
GIN,Guinea,2022,GOV_WGI_CC.EST,-0.9739553
GIN,Guinea,2021,GOV_WGI_CC.EST,-1.0113603
GIN,Guinea,2020,GOV_WGI_CC.EST,-0.8663898
GIN,Guinea,2019,GOV_WGI_CC.EST,-0.9231457
GIN,Guinea,2018,GOV_WGI_CC.EST,-1.1175524
GIN,Guinea,2017,GOV_WGI_CC.EST,-1.09129299999999
GIN,Guinea,2016,GOV_WGI_CC.EST,-1.0088286
GIN,Guinea,2015,GOV_WGI_CC.EST,-1.097256
GIN,Guinea,2014,GOV_WGI_CC.EST,-1.1775585
GIN,Guinea,2013,GOV_WGI_CC.EST,-1.1447747
GIN,Guinea,2012,GOV_WGI_CC.EST,-1.1535446
GIN,Guinea,2011,GOV_WGI_CC.EST,-1.1443626
GIN,Guinea,2010,GOV_WGI_CC.EST,-1.2031714
GIN,Guinea,2009,GOV_WGI_CC.EST,-1.2871445
GIN,Guinea,2008,GOV_WGI_CC.EST,-1.3149643
GIN,Guinea,2007,GOV_WGI_CC.EST,-1.3699881
GIN,Guinea,2006,GOV_WGI_CC.EST,-1.1793284
GIN,Guinea,2005,GOV_WGI_CC.EST,-0.888743
GNB,Guinea-Bissau,2024,GOV_WGI_CC.EST,-1.3460193
GNB,Guinea-Bissau,2023,GOV_WGI_CC.EST,-1.1549527
GNB,Guinea-Bissau,2022,GOV_WGI_CC.EST,-1.1609749
GNB,Guinea-Bissau,2021,GOV_WGI_CC.EST,-1.21682239999999
GNB,Guinea-Bissau,2020,GOV_WGI_CC.EST,-1.2993067
GNB,Guinea-Bissau,2019,GOV_WGI_CC.EST,-1.52807229999999
GNB,Guinea-Bissau,2018,GOV_WGI_CC.EST,-1.59620689999999
GNB,Guinea-Bissau,2017,GOV_WGI_CC.EST,-1.664347
GNB,Guinea-Bissau,2016,GOV_WGI_CC.EST,-1.57810309999999
GNB,Guinea-Bissau,2015,GOV_WGI_CC.EST,-1.5509685
GNB,Guinea-Bissau,2014,GOV_WGI_CC.EST,-1.58751319999999
GNB,Guinea-Bissau,2013,GOV_WGI_CC.EST,-1.42845
GNB,Guinea-Bissau,2012,GOV_WGI_CC.EST,-1.3434781
GNB,Guinea-Bissau,2011,GOV_WGI_CC.EST,-1.1238522
GNB,Guinea-Bissau,2010,GOV_WGI_CC.EST,-1.12242209999999
GNB,Guinea-Bissau,2009,GOV_WGI_CC.EST,-1.1227048
GNB,Guinea-Bissau,2008,GOV_WGI_CC.EST,-1.12268829999999
GNB,Guinea-Bissau,2007,GOV_WGI_CC.EST,-1.13439959999999
GNB,Guinea-Bissau,2006,GOV_WGI_CC.EST,-1.0742275
GNB,Guinea-Bissau,2005,GOV_WGI_CC.EST,-1.1489973
GUY,Guyana,2024,GOV_WGI_CC.EST,-0.346885599999999
GUY,Guyana,2023,GOV_WGI_CC.EST,-0.309865699999999
GUY,Guyana,2022,GOV_WGI_CC.EST,-0.2293385
GUY,Guyana,2021,GOV_WGI_CC.EST,-0.1042454
GUY,Guyana,2020,GOV_WGI_CC.EST,-0.1158874
GUY,Guyana,2019,GOV_WGI_CC.EST,-0.2410317
GUY,Guyana,2018,GOV_WGI_CC.EST,-0.36789
GUY,Guyana,2017,GOV_WGI_CC.EST,-0.479041499999999
GUY,Guyana,2016,GOV_WGI_CC.EST,-0.4101323
GUY,Guyana,2015,GOV_WGI_CC.EST,-0.5095919
GUY,Guyana,2014,GOV_WGI_CC.EST,-0.600799099999999
GUY,Guyana,2013,GOV_WGI_CC.EST,-0.5714367
GUY,Guyana,2012,GOV_WGI_CC.EST,-0.6766898
GUY,Guyana,2011,GOV_WGI_CC.EST,-0.5678004
GUY,Guyana,2010,GOV_WGI_CC.EST,-0.4763999
GUY,Guyana,2009,GOV_WGI_CC.EST,-0.451976
GUY,Guyana,2008,GOV_WGI_CC.EST,-0.4734188
GUY,Guyana,2007,GOV_WGI_CC.EST,-0.4973068
GUY,Guyana,2006,GOV_WGI_CC.EST,-0.407797199999999
GUY,Guyana,2005,GOV_WGI_CC.EST,-0.370647599999999
HTI,Haiti,2024,GOV_WGI_CC.EST,-1.5403494
HTI,Haiti,2023,GOV_WGI_CC.EST,-1.50126609999999
HTI,Haiti,2022,GOV_WGI_CC.EST,-1.508626
HTI,Haiti,2021,GOV_WGI_CC.EST,-1.4853353
HTI,Haiti,2020,GOV_WGI_CC.EST,-1.44666959999999
HTI,Haiti,2019,GOV_WGI_CC.EST,-1.46242959999999
HTI,Haiti,2018,GOV_WGI_CC.EST,-1.4376012
HTI,Haiti,2017,GOV_WGI_CC.EST,-1.4223857
HTI,Haiti,2016,GOV_WGI_CC.EST,-1.4729127
HTI,Haiti,2015,GOV_WGI_CC.EST,-1.4465713
HTI,Haiti,2014,GOV_WGI_CC.EST,-1.4306803
HTI,Haiti,2013,GOV_WGI_CC.EST,-1.27546269999999
HTI,Haiti,2012,GOV_WGI_CC.EST,-1.35379609999999
HTI,Haiti,2011,GOV_WGI_CC.EST,-1.29792589999999
HTI,Haiti,2010,GOV_WGI_CC.EST,-1.2638364
HTI,Haiti,2009,GOV_WGI_CC.EST,-1.0913138
HTI,Haiti,2008,GOV_WGI_CC.EST,-1.1699245
HTI,Haiti,2007,GOV_WGI_CC.EST,-1.287096
HTI,Haiti,2006,GOV_WGI_CC.EST,-1.26822299999999
HTI,Haiti,2005,GOV_WGI_CC.EST,-1.55927819999999
HND,Honduras,2024,GOV_WGI_CC.EST,-1.2446903
HND,Honduras,2023,GOV_WGI_CC.EST,-1.09932339999999
HND,Honduras,2022,GOV_WGI_CC.EST,-1.03140529999999
HND,Honduras,2021,GOV_WGI_CC.EST,-1.1204199
HND,Honduras,2020,GOV_WGI_CC.EST,-0.972603599999999
HND,Honduras,2019,GOV_WGI_CC.EST,-1.0582406
HND,Honduras,2018,GOV_WGI_CC.EST,-0.969578899999999
HND,Honduras,2017,GOV_WGI_CC.EST,-0.946983999999999
HND,Honduras,2016,GOV_WGI_CC.EST,-0.924298699999999
HND,Honduras,2015,GOV_WGI_CC.EST,-0.8111784
HND,Honduras,2014,GOV_WGI_CC.EST,-0.9656425
HND,Honduras,2013,GOV_WGI_CC.EST,-1.1060767
HND,Honduras,2012,GOV_WGI_CC.EST,-1.0955287
HND,Honduras,2011,GOV_WGI_CC.EST,-0.9697948
HND,Honduras,2010,GOV_WGI_CC.EST,-1.0019392
HND,Honduras,2009,GOV_WGI_CC.EST,-1.00073869999999
HND,Honduras,2008,GOV_WGI_CC.EST,-0.9424127
HND,Honduras,2007,GOV_WGI_CC.EST,-0.927026799999999
HND,Honduras,2006,GOV_WGI_CC.EST,-0.9356122
HND,Honduras,2005,GOV_WGI_CC.EST,-0.947566199999999
HUN,Hungary,2024,GOV_WGI_CC.EST,0.0394373
HUN,Hungary,2023,GOV_WGI_CC.EST,0.083173
HUN,Hungary,2022,GOV_WGI_CC.EST,0.0402617
HUN,Hungary,2021,GOV_WGI_CC.EST,0.1312695
HUN,Hungary,2020,GOV_WGI_CC.EST,0.1418393
HUN,Hungary,2019,GOV_WGI_CC.EST,0.084756
HUN,Hungary,2018,GOV_WGI_CC.EST,0.1391573
HUN,Hungary,2017,GOV_WGI_CC.EST,0.160723
HUN,Hungary,2016,GOV_WGI_CC.EST,0.1568851
HUN,Hungary,2015,GOV_WGI_CC.EST,0.1723755
HUN,Hungary,2014,GOV_WGI_CC.EST,0.172662
HUN,Hungary,2013,GOV_WGI_CC.EST,0.3541563
HUN,Hungary,2012,GOV_WGI_CC.EST,0.3833893
HUN,Hungary,2011,GOV_WGI_CC.EST,0.2982138
HUN,Hungary,2010,GOV_WGI_CC.EST,0.2469328
HUN,Hungary,2009,GOV_WGI_CC.EST,0.3846322
HUN,Hungary,2008,GOV_WGI_CC.EST,0.4265714
HUN,Hungary,2007,GOV_WGI_CC.EST,0.5332085
HUN,Hungary,2006,GOV_WGI_CC.EST,0.6056166
HUN,Hungary,2005,GOV_WGI_CC.EST,0.6054084
ISL,Iceland,2024,GOV_WGI_CC.EST,1.828818
ISL,Iceland,2023,GOV_WGI_CC.EST,1.6623764
ISL,Iceland,2022,GOV_WGI_CC.EST,1.6495728
ISL,Iceland,2021,GOV_WGI_CC.EST,1.8584301
ISL,Iceland,2020,GOV_WGI_CC.EST,1.8422993
ISL,Iceland,2019,GOV_WGI_CC.EST,1.8260874
ISL,Iceland,2018,GOV_WGI_CC.EST,1.8868085
ISL,Iceland,2017,GOV_WGI_CC.EST,1.8691325
ISL,Iceland,2016,GOV_WGI_CC.EST,1.9714103
ISL,Iceland,2015,GOV_WGI_CC.EST,1.9854027
ISL,Iceland,2014,GOV_WGI_CC.EST,1.842095
ISL,Iceland,2013,GOV_WGI_CC.EST,1.8605171
ISL,Iceland,2012,GOV_WGI_CC.EST,1.8243195
ISL,Iceland,2011,GOV_WGI_CC.EST,1.881645
ISL,Iceland,2010,GOV_WGI_CC.EST,1.8327409
ISL,Iceland,2009,GOV_WGI_CC.EST,2.1468511
ISL,Iceland,2008,GOV_WGI_CC.EST,2.1085545
ISL,Iceland,2007,GOV_WGI_CC.EST,1.9939428
ISL,Iceland,2006,GOV_WGI_CC.EST,1.9648349
ISL,Iceland,2005,GOV_WGI_CC.EST,2.2910864
IND,India,2024,GOV_WGI_CC.EST,-0.2953362
IND,India,2023,GOV_WGI_CC.EST,-0.3353176
IND,India,2022,GOV_WGI_CC.EST,-0.2924866
IND,India,2021,GOV_WGI_CC.EST,-0.300757
IND,India,2020,GOV_WGI_CC.EST,-0.254487099999999
IND,India,2019,GOV_WGI_CC.EST,-0.2183329
IND,India,2018,GOV_WGI_CC.EST,-0.2079644
IND,India,2017,GOV_WGI_CC.EST,-0.2244224
IND,India,2016,GOV_WGI_CC.EST,-0.2852229
IND,India,2015,GOV_WGI_CC.EST,-0.3449931
IND,India,2014,GOV_WGI_CC.EST,-0.4139641
IND,India,2013,GOV_WGI_CC.EST,-0.4708017
IND,India,2012,GOV_WGI_CC.EST,-0.5029878
IND,India,2011,GOV_WGI_CC.EST,-0.4906967
IND,India,2010,GOV_WGI_CC.EST,-0.3618247
IND,India,2009,GOV_WGI_CC.EST,-0.3452533
IND,India,2008,GOV_WGI_CC.EST,-0.2950408
IND,India,2007,GOV_WGI_CC.EST,-0.327370999999999
IND,India,2006,GOV_WGI_CC.EST,-0.2300042
IND,India,2005,GOV_WGI_CC.EST,-0.4094793
IDN,Indonesia,2024,GOV_WGI_CC.EST,-0.5446152
IDN,Indonesia,2023,GOV_WGI_CC.EST,-0.4431661
IDN,Indonesia,2022,GOV_WGI_CC.EST,-0.3702139
IDN,Indonesia,2021,GOV_WGI_CC.EST,-0.416213499999999
IDN,Indonesia,2020,GOV_WGI_CC.EST,-0.3456603
IDN,Indonesia,2019,GOV_WGI_CC.EST,-0.427850399999999
IDN,Indonesia,2018,GOV_WGI_CC.EST,-0.338129499999999
IDN,Indonesia,2017,GOV_WGI_CC.EST,-0.3767695
IDN,Indonesia,2016,GOV_WGI_CC.EST,-0.482257599999999
IDN,Indonesia,2015,GOV_WGI_CC.EST,-0.5229666
IDN,Indonesia,2014,GOV_WGI_CC.EST,-0.7150247
IDN,Indonesia,2013,GOV_WGI_CC.EST,-0.727894399999999
IDN,Indonesia,2012,GOV_WGI_CC.EST,-0.772433599999999
IDN,Indonesia,2011,GOV_WGI_CC.EST,-0.6451671
IDN,Indonesia,2010,GOV_WGI_CC.EST,-0.663338299999999
IDN,Indonesia,2009,GOV_WGI_CC.EST,-0.6204124
IDN,Indonesia,2008,GOV_WGI_CC.EST,-0.5325944
IDN,Indonesia,2007,GOV_WGI_CC.EST,-0.703207999999999
IDN,Indonesia,2006,GOV_WGI_CC.EST,-0.896932499999999
IDN,Indonesia,2005,GOV_WGI_CC.EST,-1.1351666
IRN,"Iran, Islamic Rep.",2024,GOV_WGI_CC.EST,-1.14723819999999
IRN,"Iran, Islamic Rep.",2023,GOV_WGI_CC.EST,-1.17112979999999
IRN,"Iran, Islamic Rep.",2022,GOV_WGI_CC.EST,-1.13191439999999
IRN,"Iran, Islamic Rep.",2021,GOV_WGI_CC.EST,-1.1267612
IRN,"Iran, Islamic Rep.",2020,GOV_WGI_CC.EST,-1.1044169
IRN,"Iran, Islamic Rep.",2019,GOV_WGI_CC.EST,-0.9919553
IRN,"Iran, Islamic Rep.",2018,GOV_WGI_CC.EST,-0.9420795
IRN,"Iran, Islamic Rep.",2017,GOV_WGI_CC.EST,-0.7011486
IRN,"Iran, Islamic Rep.",2016,GOV_WGI_CC.EST,-0.656176099999999
IRN,"Iran, Islamic Rep.",2015,GOV_WGI_CC.EST,-0.7596233
IRN,"Iran, Islamic Rep.",2014,GOV_WGI_CC.EST,-0.816847099999999
IRN,"Iran, Islamic Rep.",2013,GOV_WGI_CC.EST,-0.9147814
IRN,"Iran, Islamic Rep.",2012,GOV_WGI_CC.EST,-0.98264
IRN,"Iran, Islamic Rep.",2011,GOV_WGI_CC.EST,-0.9423621
IRN,"Iran, Islamic Rep.",2010,GOV_WGI_CC.EST,-1.15665139999999
IRN,"Iran, Islamic Rep.",2009,GOV_WGI_CC.EST,-1.0476081
IRN,"Iran, Islamic Rep.",2008,GOV_WGI_CC.EST,-1.04128359999999
IRN,"Iran, Islamic Rep.",2007,GOV_WGI_CC.EST,-0.7763675
IRN,"Iran, Islamic Rep.",2006,GOV_WGI_CC.EST,-0.7495746
IRN,"Iran, Islamic Rep.",2005,GOV_WGI_CC.EST,-0.769732699999999
IRQ,Iraq,2024,GOV_WGI_CC.EST,-1.2050155
IRQ,Iraq,2023,GOV_WGI_CC.EST,-1.4169702
IRQ,Iraq,2022,GOV_WGI_CC.EST,-1.37334849999999
IRQ,Iraq,2021,GOV_WGI_CC.EST,-1.37400869999999
IRQ,Iraq,2020,GOV_WGI_CC.EST,-1.3692381
IRQ,Iraq,2019,GOV_WGI_CC.EST,-1.4433306
IRQ,Iraq,2018,GOV_WGI_CC.EST,-1.4767763
IRQ,Iraq,2017,GOV_WGI_CC.EST,-1.4065197
IRQ,Iraq,2016,GOV_WGI_CC.EST,-1.4012064
IRQ,Iraq,2015,GOV_WGI_CC.EST,-1.393567
IRQ,Iraq,2014,GOV_WGI_CC.EST,-1.357674
IRQ,Iraq,2013,GOV_WGI_CC.EST,-1.26454969999999
IRQ,Iraq,2012,GOV_WGI_CC.EST,-1.26788219999999
IRQ,Iraq,2011,GOV_WGI_CC.EST,-1.2387175
IRQ,Iraq,2010,GOV_WGI_CC.EST,-1.3062258
IRQ,Iraq,2009,GOV_WGI_CC.EST,-1.40441749999999
IRQ,Iraq,2008,GOV_WGI_CC.EST,-1.53992629999999
IRQ,Iraq,2007,GOV_WGI_CC.EST,-1.54003309999999
IRQ,Iraq,2006,GOV_WGI_CC.EST,-1.5173537
IRQ,Iraq,2005,GOV_WGI_CC.EST,-1.2432218
IRL,Ireland,2024,GOV_WGI_CC.EST,1.572589
IRL,Ireland,2023,GOV_WGI_CC.EST,1.5859129
IRL,Ireland,2022,GOV_WGI_CC.EST,1.6463639
IRL,Ireland,2021,GOV_WGI_CC.EST,1.6117468
IRL,Ireland,2020,GOV_WGI_CC.EST,1.5958903
IRL,Ireland,2019,GOV_WGI_CC.EST,1.5189367
IRL,Ireland,2018,GOV_WGI_CC.EST,1.5533781
IRL,Ireland,2017,GOV_WGI_CC.EST,1.5580627
IRL,Ireland,2016,GOV_WGI_CC.EST,1.636332
IRL,Ireland,2015,GOV_WGI_CC.EST,1.6308016
IRL,Ireland,2014,GOV_WGI_CC.EST,1.5913084
IRL,Ireland,2013,GOV_WGI_CC.EST,1.5469722
IRL,Ireland,2012,GOV_WGI_CC.EST,1.4035742
IRL,Ireland,2011,GOV_WGI_CC.EST,1.3802239
IRL,Ireland,2010,GOV_WGI_CC.EST,1.4080005
IRL,Ireland,2009,GOV_WGI_CC.EST,1.4425076
IRL,Ireland,2008,GOV_WGI_CC.EST,1.4694605
IRL,Ireland,2007,GOV_WGI_CC.EST,1.4613994
IRL,Ireland,2006,GOV_WGI_CC.EST,1.5061161
IRL,Ireland,2005,GOV_WGI_CC.EST,1.6445923
ISR,Israel,2024,GOV_WGI_CC.EST,0.853319
ISR,Israel,2023,GOV_WGI_CC.EST,0.8712956
ISR,Israel,2022,GOV_WGI_CC.EST,0.8878345
ISR,Israel,2021,GOV_WGI_CC.EST,0.9249105
ISR,Israel,2020,GOV_WGI_CC.EST,0.6932777
ISR,Israel,2019,GOV_WGI_CC.EST,0.8011548
ISR,Israel,2018,GOV_WGI_CC.EST,0.7398512
ISR,Israel,2017,GOV_WGI_CC.EST,0.8089617
ISR,Israel,2016,GOV_WGI_CC.EST,1.1108815
ISR,Israel,2015,GOV_WGI_CC.EST,0.8495585
ISR,Israel,2014,GOV_WGI_CC.EST,0.7470115
ISR,Israel,2013,GOV_WGI_CC.EST,0.7521332
ISR,Israel,2012,GOV_WGI_CC.EST,0.7558579
ISR,Israel,2011,GOV_WGI_CC.EST,0.722372
ISR,Israel,2010,GOV_WGI_CC.EST,0.6767019
ISR,Israel,2009,GOV_WGI_CC.EST,0.6872948
ISR,Israel,2008,GOV_WGI_CC.EST,0.6899302
ISR,Israel,2007,GOV_WGI_CC.EST,0.6742053
ISR,Israel,2006,GOV_WGI_CC.EST,0.8416144
ISR,Israel,2005,GOV_WGI_CC.EST,0.8088567
ITA,Italy,2024,GOV_WGI_CC.EST,0.5531621
ITA,Italy,2023,GOV_WGI_CC.EST,0.571449
ITA,Italy,2022,GOV_WGI_CC.EST,0.5738577
ITA,Italy,2021,GOV_WGI_CC.EST,0.5394316
ITA,Italy,2020,GOV_WGI_CC.EST,0.5299614
ITA,Italy,2019,GOV_WGI_CC.EST,0.2828802
ITA,Italy,2018,GOV_WGI_CC.EST,0.2476928
ITA,Italy,2017,GOV_WGI_CC.EST,0.1948577
ITA,Italy,2016,GOV_WGI_CC.EST,0.1252339
ITA,Italy,2015,GOV_WGI_CC.EST,0.0677760999999999
ITA,Italy,2014,GOV_WGI_CC.EST,0.0131434
ITA,Italy,2013,GOV_WGI_CC.EST,0.0420703
ITA,Italy,2012,GOV_WGI_CC.EST,0.1585745
ITA,Italy,2011,GOV_WGI_CC.EST,0.2491583
ITA,Italy,2010,GOV_WGI_CC.EST,0.2007651
ITA,Italy,2009,GOV_WGI_CC.EST,0.2877974
ITA,Italy,2008,GOV_WGI_CC.EST,0.3135748
ITA,Italy,2007,GOV_WGI_CC.EST,0.3863064
ITA,Italy,2006,GOV_WGI_CC.EST,0.5465797
ITA,Italy,2005,GOV_WGI_CC.EST,0.5477158
JAM,Jamaica,2024,GOV_WGI_CC.EST,-0.0962722999999999
JAM,Jamaica,2023,GOV_WGI_CC.EST,-0.1364542
JAM,Jamaica,2022,GOV_WGI_CC.EST,-0.0788141
JAM,Jamaica,2021,GOV_WGI_CC.EST,-0.0851526
JAM,Jamaica,2020,GOV_WGI_CC.EST,-0.0800814
JAM,Jamaica,2019,GOV_WGI_CC.EST,-0.0636837
JAM,Jamaica,2018,GOV_WGI_CC.EST,-0.174784399999999
JAM,Jamaica,2017,GOV_WGI_CC.EST,-0.1631899
JAM,Jamaica,2016,GOV_WGI_CC.EST,-0.166887999999999
JAM,Jamaica,2015,GOV_WGI_CC.EST,-0.2392146
JAM,Jamaica,2014,GOV_WGI_CC.EST,-0.2893901
JAM,Jamaica,2013,GOV_WGI_CC.EST,-0.2538053
JAM,Jamaica,2012,GOV_WGI_CC.EST,-0.2406003
JAM,Jamaica,2011,GOV_WGI_CC.EST,-0.0495086999999999
JAM,Jamaica,2010,GOV_WGI_CC.EST,-0.2207188
JAM,Jamaica,2009,GOV_WGI_CC.EST,-0.2773341
JAM,Jamaica,2008,GOV_WGI_CC.EST,-0.289931999999999
JAM,Jamaica,2007,GOV_WGI_CC.EST,-0.2881667
JAM,Jamaica,2006,GOV_WGI_CC.EST,-0.211233999999999
JAM,Jamaica,2005,GOV_WGI_CC.EST,-0.3142249
JPN,Japan,2024,GOV_WGI_CC.EST,1.3570132
JPN,Japan,2023,GOV_WGI_CC.EST,1.3377896
JPN,Japan,2022,GOV_WGI_CC.EST,1.4419346
JPN,Japan,2021,GOV_WGI_CC.EST,1.4554011
JPN,Japan,2020,GOV_WGI_CC.EST,1.4301233
JPN,Japan,2019,GOV_WGI_CC.EST,1.4335295
JPN,Japan,2018,GOV_WGI_CC.EST,1.3909549
JPN,Japan,2017,GOV_WGI_CC.EST,1.4760635
JPN,Japan,2016,GOV_WGI_CC.EST,1.4452816
JPN,Japan,2015,GOV_WGI_CC.EST,1.4505851
JPN,Japan,2014,GOV_WGI_CC.EST,1.5393479
JPN,Japan,2013,GOV_WGI_CC.EST,1.4979614
JPN,Japan,2012,GOV_WGI_CC.EST,1.4904141
JPN,Japan,2011,GOV_WGI_CC.EST,1.5406092
JPN,Japan,2010,GOV_WGI_CC.EST,1.3876183
JPN,Japan,2009,GOV_WGI_CC.EST,1.1663245
JPN,Japan,2008,GOV_WGI_CC.EST,0.9586641
JPN,Japan,2007,GOV_WGI_CC.EST,0.8591032
JPN,Japan,2006,GOV_WGI_CC.EST,0.9794703
JPN,Japan,2005,GOV_WGI_CC.EST,0.9277728
JOR,Jordan,2024,GOV_WGI_CC.EST,0.2721934
JOR,Jordan,2023,GOV_WGI_CC.EST,0.1060315
JOR,Jordan,2022,GOV_WGI_CC.EST,0.0226578
JOR,Jordan,2021,GOV_WGI_CC.EST,0.0177108
JOR,Jordan,2020,GOV_WGI_CC.EST,0.1409154
JOR,Jordan,2019,GOV_WGI_CC.EST,0.0894230999999999
JOR,Jordan,2018,GOV_WGI_CC.EST,0.0742478
JOR,Jordan,2017,GOV_WGI_CC.EST,0.1776447
JOR,Jordan,2016,GOV_WGI_CC.EST,0.2009082
JOR,Jordan,2015,GOV_WGI_CC.EST,0.2644497
JOR,Jordan,2014,GOV_WGI_CC.EST,0.0942006
JOR,Jordan,2013,GOV_WGI_CC.EST,0.0969314999999999
JOR,Jordan,2012,GOV_WGI_CC.EST,0.0948384999999999
JOR,Jordan,2011,GOV_WGI_CC.EST,0.150624
JOR,Jordan,2010,GOV_WGI_CC.EST,0.0263631
JOR,Jordan,2009,GOV_WGI_CC.EST,0.0885625
JOR,Jordan,2008,GOV_WGI_CC.EST,0.2408529
JOR,Jordan,2007,GOV_WGI_CC.EST,0.1029529
JOR,Jordan,2006,GOV_WGI_CC.EST,0.0883568
JOR,Jordan,2005,GOV_WGI_CC.EST,0.063524
KAZ,Kazakhstan,2024,GOV_WGI_CC.EST,-0.0670902999999999
KAZ,Kazakhstan,2023,GOV_WGI_CC.EST,-0.2223164
KAZ,Kazakhstan,2022,GOV_WGI_CC.EST,-0.1920096
KAZ,Kazakhstan,2021,GOV_WGI_CC.EST,-0.2698189
KAZ,Kazakhstan,2020,GOV_WGI_CC.EST,-0.2881195
KAZ,Kazakhstan,2019,GOV_WGI_CC.EST,-0.207193
KAZ,Kazakhstan,2018,GOV_WGI_CC.EST,-0.5048657
KAZ,Kazakhstan,2017,GOV_WGI_CC.EST,-0.7427939
KAZ,Kazakhstan,2016,GOV_WGI_CC.EST,-0.7865395
KAZ,Kazakhstan,2015,GOV_WGI_CC.EST,-0.8337886
KAZ,Kazakhstan,2014,GOV_WGI_CC.EST,-0.842471
KAZ,Kazakhstan,2013,GOV_WGI_CC.EST,-0.9287508
KAZ,Kazakhstan,2012,GOV_WGI_CC.EST,-0.912828
KAZ,Kazakhstan,2011,GOV_WGI_CC.EST,-0.8894339
KAZ,Kazakhstan,2010,GOV_WGI_CC.EST,-0.9891057
KAZ,Kazakhstan,2009,GOV_WGI_CC.EST,-0.9908614
KAZ,Kazakhstan,2008,GOV_WGI_CC.EST,-1.0246822
KAZ,Kazakhstan,2007,GOV_WGI_CC.EST,-1.2166727
KAZ,Kazakhstan,2006,GOV_WGI_CC.EST,-1.2051616
KAZ,Kazakhstan,2005,GOV_WGI_CC.EST,-1.087526
KEN,Kenya,2024,GOV_WGI_CC.EST,-0.8018297
KEN,Kenya,2023,GOV_WGI_CC.EST,-0.7594497
KEN,Kenya,2022,GOV_WGI_CC.EST,-0.751285
KEN,Kenya,2021,GOV_WGI_CC.EST,-0.710787899999999
KEN,Kenya,2020,GOV_WGI_CC.EST,-0.7505394
KEN,Kenya,2019,GOV_WGI_CC.EST,-0.809611299999999
KEN,Kenya,2018,GOV_WGI_CC.EST,-0.8341484
KEN,Kenya,2017,GOV_WGI_CC.EST,-0.8985955
KEN,Kenya,2016,GOV_WGI_CC.EST,-0.900809099999999
KEN,Kenya,2015,GOV_WGI_CC.EST,-0.9711807
KEN,Kenya,2014,GOV_WGI_CC.EST,-0.834178699999999
KEN,Kenya,2013,GOV_WGI_CC.EST,-0.9346291
KEN,Kenya,2012,GOV_WGI_CC.EST,-0.974947799999999
KEN,Kenya,2011,GOV_WGI_CC.EST,-0.9218464
KEN,Kenya,2010,GOV_WGI_CC.EST,-0.854366499999999
KEN,Kenya,2009,GOV_WGI_CC.EST,-1.1084859
KEN,Kenya,2008,GOV_WGI_CC.EST,-1.0513432
KEN,Kenya,2007,GOV_WGI_CC.EST,-0.961026199999999
KEN,Kenya,2006,GOV_WGI_CC.EST,-0.946384999999999
KEN,Kenya,2005,GOV_WGI_CC.EST,-1.0460424
KIR,Kiribati,2024,GOV_WGI_CC.EST,0.3745658
KIR,Kiribati,2023,GOV_WGI_CC.EST,0.3317797
KIR,Kiribati,2022,GOV_WGI_CC.EST,0.3338154
KIR,Kiribati,2021,GOV_WGI_CC.EST,0.3344081
KIR,Kiribati,2020,GOV_WGI_CC.EST,0.3514103
KIR,Kiribati,2019,GOV_WGI_CC.EST,0.3505035
KIR,Kiribati,2018,GOV_WGI_CC.EST,0.2521934
KIR,Kiribati,2017,GOV_WGI_CC.EST,0.2500111
KIR,Kiribati,2016,GOV_WGI_CC.EST,0.2512942
KIR,Kiribati,2015,GOV_WGI_CC.EST,0.2843015
KIR,Kiribati,2014,GOV_WGI_CC.EST,0.2820761
KIR,Kiribati,2013,GOV_WGI_CC.EST,0.1455969
KIR,Kiribati,2012,GOV_WGI_CC.EST,0.145384
KIR,Kiribati,2011,GOV_WGI_CC.EST,0.2356682
KIR,Kiribati,2010,GOV_WGI_CC.EST,0.0684729
KIR,Kiribati,2009,GOV_WGI_CC.EST,-0.0076186
KIR,Kiribati,2008,GOV_WGI_CC.EST,0.0947462
KIR,Kiribati,2007,GOV_WGI_CC.EST,0.281657
KIR,Kiribati,2006,GOV_WGI_CC.EST,0.2439124
KIR,Kiribati,2005,GOV_WGI_CC.EST,0.3218331
PRK,"Korea, Dem. People's Rep.",2024,GOV_WGI_CC.EST,-1.55738279999999
PRK,"Korea, Dem. People's Rep.",2023,GOV_WGI_CC.EST,-1.5580486
PRK,"Korea, Dem. People's Rep.",2022,GOV_WGI_CC.EST,-1.6517597
PRK,"Korea, Dem. People's Rep.",2021,GOV_WGI_CC.EST,-1.651571
PRK,"Korea, Dem. People's Rep.",2020,GOV_WGI_CC.EST,-1.57352389999999
PRK,"Korea, Dem. People's Rep.",2019,GOV_WGI_CC.EST,-1.5773982
PRK,"Korea, Dem. People's Rep.",2018,GOV_WGI_CC.EST,-1.5872449
PRK,"Korea, Dem. People's Rep.",2017,GOV_WGI_CC.EST,-1.4202074
PRK,"Korea, Dem. People's Rep.",2016,GOV_WGI_CC.EST,-1.41972829999999
PRK,"Korea, Dem. People's Rep.",2015,GOV_WGI_CC.EST,-1.2713751
PRK,"Korea, Dem. People's Rep.",2014,GOV_WGI_CC.EST,-1.2722061
PRK,"Korea, Dem. People's Rep.",2013,GOV_WGI_CC.EST,-1.27127369999999
PRK,"Korea, Dem. People's Rep.",2012,GOV_WGI_CC.EST,-1.27135319999999
PRK,"Korea, Dem. People's Rep.",2011,GOV_WGI_CC.EST,-0.967500399999999
PRK,"Korea, Dem. People's Rep.",2010,GOV_WGI_CC.EST,-0.966997
PRK,"Korea, Dem. People's Rep.",2009,GOV_WGI_CC.EST,-1.2182519
PRK,"Korea, Dem. People's Rep.",2008,GOV_WGI_CC.EST,-1.36949029999999
PRK,"Korea, Dem. People's Rep.",2007,GOV_WGI_CC.EST,-1.2923254
PRK,"Korea, Dem. People's Rep.",2006,GOV_WGI_CC.EST,-1.2900466
PRK,"Korea, Dem. People's Rep.",2005,GOV_WGI_CC.EST,-1.19179299999999
KOR,"Korea, Rep.",2024,GOV_WGI_CC.EST,0.8495586
KOR,"Korea, Rep.",2023,GOV_WGI_CC.EST,0.8788564
KOR,"Korea, Rep.",2022,GOV_WGI_CC.EST,0.8217095
KOR,"Korea, Rep.",2021,GOV_WGI_CC.EST,0.7614152
KOR,"Korea, Rep.",2020,GOV_WGI_CC.EST,0.7558651
KOR,"Korea, Rep.",2019,GOV_WGI_CC.EST,0.6133176
KOR,"Korea, Rep.",2018,GOV_WGI_CC.EST,0.5413024
KOR,"Korea, Rep.",2017,GOV_WGI_CC.EST,0.427734
KOR,"Korea, Rep.",2016,GOV_WGI_CC.EST,0.3532288
KOR,"Korea, Rep.",2015,GOV_WGI_CC.EST,0.3449721
KOR,"Korea, Rep.",2014,GOV_WGI_CC.EST,0.5041579
KOR,"Korea, Rep.",2013,GOV_WGI_CC.EST,0.584669
KOR,"Korea, Rep.",2012,GOV_WGI_CC.EST,0.5254345
KOR,"Korea, Rep.",2011,GOV_WGI_CC.EST,0.582102
KOR,"Korea, Rep.",2010,GOV_WGI_CC.EST,0.4243376
KOR,"Korea, Rep.",2009,GOV_WGI_CC.EST,0.4369534
KOR,"Korea, Rep.",2008,GOV_WGI_CC.EST,0.414593
KOR,"Korea, Rep.",2007,GOV_WGI_CC.EST,0.5124785
KOR,"Korea, Rep.",2006,GOV_WGI_CC.EST,0.3855479
KOR,"Korea, Rep.",2005,GOV_WGI_CC.EST,0.5818218
,Kosovo,2024,GOV_WGI_CC.EST,-0.254728299999999
,Kosovo,2023,GOV_WGI_CC.EST,-0.1480311
,Kosovo,2022,GOV_WGI_CC.EST,-0.2951205
,Kosovo,2021,GOV_WGI_CC.EST,-0.3919167
,Kosovo,2020,GOV_WGI_CC.EST,-0.423589999999999
,Kosovo,2019,GOV_WGI_CC.EST,-0.344486299999999
,Kosovo,2018,GOV_WGI_CC.EST,-0.3876501
,Kosovo,2017,GOV_WGI_CC.EST,-0.4089401
,Kosovo,2016,GOV_WGI_CC.EST,-0.2981032
,Kosovo,2015,GOV_WGI_CC.EST,-0.370412299999999
,Kosovo,2014,GOV_WGI_CC.EST,-0.349694499999999
,Kosovo,2013,GOV_WGI_CC.EST,-0.451741399999999
,Kosovo,2012,GOV_WGI_CC.EST,-0.4549896
,Kosovo,2011,GOV_WGI_CC.EST,-0.449542599999999
,Kosovo,2010,GOV_WGI_CC.EST,-0.4550304
,Kosovo,2009,GOV_WGI_CC.EST,-0.4181452
,Kosovo,2008,GOV_WGI_CC.EST,-0.5570823
,Kosovo,2007,GOV_WGI_CC.EST,-0.3895304
,Kosovo,2006,GOV_WGI_CC.EST,-0.380614099999999
,Kosovo,2005,GOV_WGI_CC.EST,-0.2488485
KWT,Kuwait,2024,GOV_WGI_CC.EST,0.2183455
KWT,Kuwait,2023,GOV_WGI_CC.EST,0.1660086
KWT,Kuwait,2022,GOV_WGI_CC.EST,0.0771437
KWT,Kuwait,2021,GOV_WGI_CC.EST,-0.0606404
KWT,Kuwait,2020,GOV_WGI_CC.EST,-0.1551226
KWT,Kuwait,2019,GOV_WGI_CC.EST,-0.1345999
KWT,Kuwait,2018,GOV_WGI_CC.EST,-0.2747578
KWT,Kuwait,2017,GOV_WGI_CC.EST,-0.3931383
KWT,Kuwait,2016,GOV_WGI_CC.EST,-0.338747099999999
KWT,Kuwait,2015,GOV_WGI_CC.EST,-0.241923499999999
KWT,Kuwait,2014,GOV_WGI_CC.EST,-0.2717863
KWT,Kuwait,2013,GOV_WGI_CC.EST,-0.123960599999999
KWT,Kuwait,2012,GOV_WGI_CC.EST,-0.1357484
KWT,Kuwait,2011,GOV_WGI_CC.EST,-0.0793826
KWT,Kuwait,2010,GOV_WGI_CC.EST,0.1131822
KWT,Kuwait,2009,GOV_WGI_CC.EST,0.0933994
KWT,Kuwait,2008,GOV_WGI_CC.EST,0.0880729
KWT,Kuwait,2007,GOV_WGI_CC.EST,0.0700515
KWT,Kuwait,2006,GOV_WGI_CC.EST,0.15691
KWT,Kuwait,2005,GOV_WGI_CC.EST,0.4603332
KGZ,Kyrgyz Republic,2024,GOV_WGI_CC.EST,-1.1364649
KGZ,Kyrgyz Republic,2023,GOV_WGI_CC.EST,-1.1965583
KGZ,Kyrgyz Republic,2022,GOV_WGI_CC.EST,-1.2024196
KGZ,Kyrgyz Republic,2021,GOV_WGI_CC.EST,-1.1583724
KGZ,Kyrgyz Republic,2020,GOV_WGI_CC.EST,-1.048438
KGZ,Kyrgyz Republic,2019,GOV_WGI_CC.EST,-0.9826685
KGZ,Kyrgyz Republic,2018,GOV_WGI_CC.EST,-1.0445924
KGZ,Kyrgyz Republic,2017,GOV_WGI_CC.EST,-1.1583682
KGZ,Kyrgyz Republic,2016,GOV_WGI_CC.EST,-1.19001389999999
KGZ,Kyrgyz Republic,2015,GOV_WGI_CC.EST,-1.2076555
KGZ,Kyrgyz Republic,2014,GOV_WGI_CC.EST,-1.17187739999999
KGZ,Kyrgyz Republic,2013,GOV_WGI_CC.EST,-1.1747911
KGZ,Kyrgyz Republic,2012,GOV_WGI_CC.EST,-1.1598391
KGZ,Kyrgyz Republic,2011,GOV_WGI_CC.EST,-1.21088169999999
KGZ,Kyrgyz Republic,2010,GOV_WGI_CC.EST,-1.1425793
KGZ,Kyrgyz Republic,2009,GOV_WGI_CC.EST,-1.34281039999999
KGZ,Kyrgyz Republic,2008,GOV_WGI_CC.EST,-1.30882489999999
KGZ,Kyrgyz Republic,2007,GOV_WGI_CC.EST,-1.3303239
KGZ,Kyrgyz Republic,2006,GOV_WGI_CC.EST,-1.3607877
KGZ,Kyrgyz Republic,2005,GOV_WGI_CC.EST,-1.3417191
LAO,Lao PDR,2024,GOV_WGI_CC.EST,-0.979896099999999
LAO,Lao PDR,2023,GOV_WGI_CC.EST,-0.9646387
LAO,Lao PDR,2022,GOV_WGI_CC.EST,-0.9974286
LAO,Lao PDR,2021,GOV_WGI_CC.EST,-1.0773186
LAO,Lao PDR,2020,GOV_WGI_CC.EST,-1.0608703
LAO,Lao PDR,2019,GOV_WGI_CC.EST,-1.1050142
LAO,Lao PDR,2018,GOV_WGI_CC.EST,-1.1101203
LAO,Lao PDR,2017,GOV_WGI_CC.EST,-1.00885769999999
LAO,Lao PDR,2016,GOV_WGI_CC.EST,-0.947724799999999
LAO,Lao PDR,2015,GOV_WGI_CC.EST,-0.9998267
LAO,Lao PDR,2014,GOV_WGI_CC.EST,-1.02596969999999
LAO,Lao PDR,2013,GOV_WGI_CC.EST,-1.076746
LAO,Lao PDR,2012,GOV_WGI_CC.EST,-1.14478789999999
LAO,Lao PDR,2011,GOV_WGI_CC.EST,-1.1502894
LAO,Lao PDR,2010,GOV_WGI_CC.EST,-1.1900658
LAO,Lao PDR,2009,GOV_WGI_CC.EST,-1.24429939999999
LAO,Lao PDR,2008,GOV_WGI_CC.EST,-1.2442881
LAO,Lao PDR,2007,GOV_WGI_CC.EST,-1.27719959999999
LAO,Lao PDR,2006,GOV_WGI_CC.EST,-1.3010882
LAO,Lao PDR,2005,GOV_WGI_CC.EST,-1.2611503
LVA,Latvia,2024,GOV_WGI_CC.EST,0.8251336
LVA,Latvia,2023,GOV_WGI_CC.EST,0.7759204
LVA,Latvia,2022,GOV_WGI_CC.EST,0.8238921
LVA,Latvia,2021,GOV_WGI_CC.EST,0.8423495
LVA,Latvia,2020,GOV_WGI_CC.EST,0.7605048
LVA,Latvia,2019,GOV_WGI_CC.EST,0.6990995
LVA,Latvia,2018,GOV_WGI_CC.EST,0.5446798
LVA,Latvia,2017,GOV_WGI_CC.EST,0.6379966
LVA,Latvia,2016,GOV_WGI_CC.EST,0.590799
LVA,Latvia,2015,GOV_WGI_CC.EST,0.6009075
LVA,Latvia,2014,GOV_WGI_CC.EST,0.5065843
LVA,Latvia,2013,GOV_WGI_CC.EST,0.4288743
LVA,Latvia,2012,GOV_WGI_CC.EST,0.3863394
LVA,Latvia,2011,GOV_WGI_CC.EST,0.3903534
LVA,Latvia,2010,GOV_WGI_CC.EST,0.3436554
LVA,Latvia,2009,GOV_WGI_CC.EST,0.259018
LVA,Latvia,2008,GOV_WGI_CC.EST,0.2777419
LVA,Latvia,2007,GOV_WGI_CC.EST,0.3061482
LVA,Latvia,2006,GOV_WGI_CC.EST,0.3988244
LVA,Latvia,2005,GOV_WGI_CC.EST,0.3168036
LBN,Lebanon,2024,GOV_WGI_CC.EST,-1.3041344
LBN,Lebanon,2023,GOV_WGI_CC.EST,-1.2554109
LBN,Lebanon,2022,GOV_WGI_CC.EST,-1.21762979999999
LBN,Lebanon,2021,GOV_WGI_CC.EST,-1.2586741
LBN,Lebanon,2020,GOV_WGI_CC.EST,-1.23052269999999
LBN,Lebanon,2019,GOV_WGI_CC.EST,-1.2286796
LBN,Lebanon,2018,GOV_WGI_CC.EST,-1.2208803
LBN,Lebanon,2017,GOV_WGI_CC.EST,-1.0714014
LBN,Lebanon,2016,GOV_WGI_CC.EST,-1.069034
LBN,Lebanon,2015,GOV_WGI_CC.EST,-1.0047914
LBN,Lebanon,2014,GOV_WGI_CC.EST,-1.1059903
LBN,Lebanon,2013,GOV_WGI_CC.EST,-0.970074999999999
LBN,Lebanon,2012,GOV_WGI_CC.EST,-0.938608999999999
LBN,Lebanon,2011,GOV_WGI_CC.EST,-0.8636085
LBN,Lebanon,2010,GOV_WGI_CC.EST,-0.9593813
LBN,Lebanon,2009,GOV_WGI_CC.EST,-0.979342199999999
LBN,Lebanon,2008,GOV_WGI_CC.EST,-0.988152399999999
LBN,Lebanon,2007,GOV_WGI_CC.EST,-1.0164881
LBN,Lebanon,2006,GOV_WGI_CC.EST,-0.962901399999999
LBN,Lebanon,2005,GOV_WGI_CC.EST,-0.6804753
LSO,Lesotho,2024,GOV_WGI_CC.EST,-0.302427
LSO,Lesotho,2023,GOV_WGI_CC.EST,-0.3006103
LSO,Lesotho,2022,GOV_WGI_CC.EST,-0.1463735
LSO,Lesotho,2021,GOV_WGI_CC.EST,-0.1543581
LSO,Lesotho,2020,GOV_WGI_CC.EST,-0.009674
LSO,Lesotho,2019,GOV_WGI_CC.EST,-0.0282232
LSO,Lesotho,2018,GOV_WGI_CC.EST,0.0206214
LSO,Lesotho,2017,GOV_WGI_CC.EST,0.0469636
LSO,Lesotho,2016,GOV_WGI_CC.EST,0.0206204
LSO,Lesotho,2015,GOV_WGI_CC.EST,0.0497097
LSO,Lesotho,2014,GOV_WGI_CC.EST,0.1248333
LSO,Lesotho,2013,GOV_WGI_CC.EST,0.2476871
LSO,Lesotho,2012,GOV_WGI_CC.EST,0.1451542
LSO,Lesotho,2011,GOV_WGI_CC.EST,0.2006484
LSO,Lesotho,2010,GOV_WGI_CC.EST,0.1788739
LSO,Lesotho,2009,GOV_WGI_CC.EST,0.1974813
LSO,Lesotho,2008,GOV_WGI_CC.EST,0.1069533
LSO,Lesotho,2007,GOV_WGI_CC.EST,0.0238937
LSO,Lesotho,2006,GOV_WGI_CC.EST,0.075208
LSO,Lesotho,2005,GOV_WGI_CC.EST,-0.1245853
LBR,Liberia,2024,GOV_WGI_CC.EST,-1.0473848
LBR,Liberia,2023,GOV_WGI_CC.EST,-1.01213
LBR,Liberia,2022,GOV_WGI_CC.EST,-1.0479173
LBR,Liberia,2021,GOV_WGI_CC.EST,-0.9896145
LBR,Liberia,2020,GOV_WGI_CC.EST,-0.9167423
LBR,Liberia,2019,GOV_WGI_CC.EST,-0.9910994
LBR,Liberia,2018,GOV_WGI_CC.EST,-0.9857106
LBR,Liberia,2017,GOV_WGI_CC.EST,-0.852785
LBR,Liberia,2016,GOV_WGI_CC.EST,-0.8475684
LBR,Liberia,2015,GOV_WGI_CC.EST,-0.734354699999999
LBR,Liberia,2014,GOV_WGI_CC.EST,-0.7936808
LBR,Liberia,2013,GOV_WGI_CC.EST,-0.664203
LBR,Liberia,2012,GOV_WGI_CC.EST,-0.4732171
LBR,Liberia,2011,GOV_WGI_CC.EST,-0.5668276
LBR,Liberia,2010,GOV_WGI_CC.EST,-0.412423
LBR,Liberia,2009,GOV_WGI_CC.EST,-0.438770799999999
LBR,Liberia,2008,GOV_WGI_CC.EST,-0.6268627
LBR,Liberia,2007,GOV_WGI_CC.EST,-0.7198737
LBR,Liberia,2006,GOV_WGI_CC.EST,-0.783521799999999
LBR,Liberia,2005,GOV_WGI_CC.EST,-1.3670714
LBY,Libya,2024,GOV_WGI_CC.EST,-1.5315957
LBY,Libya,2023,GOV_WGI_CC.EST,-1.5426693
LBY,Libya,2022,GOV_WGI_CC.EST,-1.5332986
LBY,Libya,2021,GOV_WGI_CC.EST,-1.5502152
LBY,Libya,2020,GOV_WGI_CC.EST,-1.5214215
LBY,Libya,2019,GOV_WGI_CC.EST,-1.5465395
LBY,Libya,2018,GOV_WGI_CC.EST,-1.51601339999999
LBY,Libya,2017,GOV_WGI_CC.EST,-1.6097899
LBY,Libya,2016,GOV_WGI_CC.EST,-1.59775319999999
LBY,Libya,2015,GOV_WGI_CC.EST,-1.59599119999999
LBY,Libya,2014,GOV_WGI_CC.EST,-1.475239
LBY,Libya,2013,GOV_WGI_CC.EST,-1.2916518
LBY,Libya,2012,GOV_WGI_CC.EST,-1.1136811
LBY,Libya,2011,GOV_WGI_CC.EST,-1.250864
LBY,Libya,2010,GOV_WGI_CC.EST,-1.2258396
LBY,Libya,2009,GOV_WGI_CC.EST,-1.2049286
LBY,Libya,2008,GOV_WGI_CC.EST,-1.1162314
LBY,Libya,2007,GOV_WGI_CC.EST,-1.1569251
LBY,Libya,2006,GOV_WGI_CC.EST,-1.1939274
LBY,Libya,2005,GOV_WGI_CC.EST,-1.1957157
LIE,Liechtenstein,2024,GOV_WGI_CC.EST,1.7550399
LIE,Liechtenstein,2023,GOV_WGI_CC.EST,1.7538023
LIE,Liechtenstein,2022,GOV_WGI_CC.EST,1.7550868
LIE,Liechtenstein,2021,GOV_WGI_CC.EST,1.7554608
LIE,Liechtenstein,2020,GOV_WGI_CC.EST,2.0208673
LIE,Liechtenstein,2019,GOV_WGI_CC.EST,2.0203081
LIE,Liechtenstein,2018,GOV_WGI_CC.EST,2.0180825
LIE,Liechtenstein,2017,GOV_WGI_CC.EST,2.0164671
LIE,Liechtenstein,2016,GOV_WGI_CC.EST,2.0174169
LIE,Liechtenstein,2015,GOV_WGI_CC.EST,2.0160894
LIE,Liechtenstein,2014,GOV_WGI_CC.EST,2.0144421
LIE,Liechtenstein,2013,GOV_WGI_CC.EST,1.8180523
LIE,Liechtenstein,2012,GOV_WGI_CC.EST,1.7604274
LIE,Liechtenstein,2011,GOV_WGI_CC.EST,1.762472
LIE,Liechtenstein,2010,GOV_WGI_CC.EST,1.7634559
LIE,Liechtenstein,2009,GOV_WGI_CC.EST,1.7630631
LIE,Liechtenstein,2008,GOV_WGI_CC.EST,1.2137618
LIE,Liechtenstein,2007,GOV_WGI_CC.EST,1.2571172
LIE,Liechtenstein,2006,GOV_WGI_CC.EST,1.3353033
LIE,Liechtenstein,2005,GOV_WGI_CC.EST,1.3271197
LTU,Lithuania,2024,GOV_WGI_CC.EST,0.9927892
LTU,Lithuania,2023,GOV_WGI_CC.EST,0.8884764
LTU,Lithuania,2022,GOV_WGI_CC.EST,0.855068
LTU,Lithuania,2021,GOV_WGI_CC.EST,0.9249581
LTU,Lithuania,2020,GOV_WGI_CC.EST,0.8813828
LTU,Lithuania,2019,GOV_WGI_CC.EST,0.7581204
LTU,Lithuania,2018,GOV_WGI_CC.EST,0.4531588
LTU,Lithuania,2017,GOV_WGI_CC.EST,0.6761875
LTU,Lithuania,2016,GOV_WGI_CC.EST,0.7346677
LTU,Lithuania,2015,GOV_WGI_CC.EST,0.6814439
LTU,Lithuania,2014,GOV_WGI_CC.EST,0.5991275
LTU,Lithuania,2013,GOV_WGI_CC.EST,0.5798078
LTU,Lithuania,2012,GOV_WGI_CC.EST,0.5599732
LTU,Lithuania,2011,GOV_WGI_CC.EST,0.4310611
LTU,Lithuania,2010,GOV_WGI_CC.EST,0.48572
LTU,Lithuania,2009,GOV_WGI_CC.EST,0.2168575
LTU,Lithuania,2008,GOV_WGI_CC.EST,0.1757147
LTU,Lithuania,2007,GOV_WGI_CC.EST,0.1802647
LTU,Lithuania,2006,GOV_WGI_CC.EST,0.3034082
LTU,Lithuania,2005,GOV_WGI_CC.EST,0.5123846
LUX,Luxembourg,2024,GOV_WGI_CC.EST,2.0157595
LUX,Luxembourg,2023,GOV_WGI_CC.EST,2.0124074
LUX,Luxembourg,2022,GOV_WGI_CC.EST,1.9674109
LUX,Luxembourg,2021,GOV_WGI_CC.EST,1.9638476
LUX,Luxembourg,2020,GOV_WGI_CC.EST,2.2067723
LUX,Luxembourg,2019,GOV_WGI_CC.EST,2.2590117
LUX,Luxembourg,2018,GOV_WGI_CC.EST,2.2100505
LUX,Luxembourg,2017,GOV_WGI_CC.EST,2.1475168
LUX,Luxembourg,2016,GOV_WGI_CC.EST,2.1912929
LUX,Luxembourg,2015,GOV_WGI_CC.EST,2.2241466
LUX,Luxembourg,2014,GOV_WGI_CC.EST,2.1721389
LUX,Luxembourg,2013,GOV_WGI_CC.EST,2.1532216
LUX,Luxembourg,2012,GOV_WGI_CC.EST,2.169911
LUX,Luxembourg,2011,GOV_WGI_CC.EST,2.2289765
LUX,Luxembourg,2010,GOV_WGI_CC.EST,2.0803607
LUX,Luxembourg,2009,GOV_WGI_CC.EST,2.0505925
LUX,Luxembourg,2008,GOV_WGI_CC.EST,2.0727676
LUX,Luxembourg,2007,GOV_WGI_CC.EST,2.0689964
LUX,Luxembourg,2006,GOV_WGI_CC.EST,2.0357708
LUX,Luxembourg,2005,GOV_WGI_CC.EST,1.7188585
MDG,Madagascar,2024,GOV_WGI_CC.EST,-1.00991649999999
MDG,Madagascar,2023,GOV_WGI_CC.EST,-0.9853603
MDG,Madagascar,2022,GOV_WGI_CC.EST,-0.9659728
MDG,Madagascar,2021,GOV_WGI_CC.EST,-0.9473613
MDG,Madagascar,2020,GOV_WGI_CC.EST,-0.8463989
MDG,Madagascar,2019,GOV_WGI_CC.EST,-0.925669499999999
MDG,Madagascar,2018,GOV_WGI_CC.EST,-0.9185574
MDG,Madagascar,2017,GOV_WGI_CC.EST,-0.922522
MDG,Madagascar,2016,GOV_WGI_CC.EST,-0.794875999999999
MDG,Madagascar,2015,GOV_WGI_CC.EST,-0.784991
MDG,Madagascar,2014,GOV_WGI_CC.EST,-0.783836699999999
MDG,Madagascar,2013,GOV_WGI_CC.EST,-0.7119532
MDG,Madagascar,2012,GOV_WGI_CC.EST,-0.612370899999999
MDG,Madagascar,2011,GOV_WGI_CC.EST,-0.4045495
MDG,Madagascar,2010,GOV_WGI_CC.EST,-0.3902245
MDG,Madagascar,2009,GOV_WGI_CC.EST,-0.211703299999999
MDG,Madagascar,2008,GOV_WGI_CC.EST,-0.1853766
MDG,Madagascar,2007,GOV_WGI_CC.EST,-0.1559895
MDG,Madagascar,2006,GOV_WGI_CC.EST,-0.1926405
MDG,Madagascar,2005,GOV_WGI_CC.EST,-0.3115825
MWI,Malawi,2024,GOV_WGI_CC.EST,-0.6486607
MWI,Malawi,2023,GOV_WGI_CC.EST,-0.627533999999999
MWI,Malawi,2022,GOV_WGI_CC.EST,-0.6548107
MWI,Malawi,2021,GOV_WGI_CC.EST,-0.4316195
MWI,Malawi,2020,GOV_WGI_CC.EST,-0.4785598
MWI,Malawi,2019,GOV_WGI_CC.EST,-0.802321
MWI,Malawi,2018,GOV_WGI_CC.EST,-0.8171813
MWI,Malawi,2017,GOV_WGI_CC.EST,-0.715168199999999
MWI,Malawi,2016,GOV_WGI_CC.EST,-0.8277565
MWI,Malawi,2015,GOV_WGI_CC.EST,-0.829149999999999
MWI,Malawi,2014,GOV_WGI_CC.EST,-0.819742899999999
MWI,Malawi,2013,GOV_WGI_CC.EST,-0.643145499999999
MWI,Malawi,2012,GOV_WGI_CC.EST,-0.4934439
MWI,Malawi,2011,GOV_WGI_CC.EST,-0.3507495
MWI,Malawi,2010,GOV_WGI_CC.EST,-0.4404681
MWI,Malawi,2009,GOV_WGI_CC.EST,-0.5351013
MWI,Malawi,2008,GOV_WGI_CC.EST,-0.5696725
MWI,Malawi,2007,GOV_WGI_CC.EST,-0.663681899999999
MWI,Malawi,2006,GOV_WGI_CC.EST,-0.6539942
MWI,Malawi,2005,GOV_WGI_CC.EST,-0.782758899999999
MYS,Malaysia,2024,GOV_WGI_CC.EST,0.4983973
MYS,Malaysia,2023,GOV_WGI_CC.EST,0.380697
MYS,Malaysia,2022,GOV_WGI_CC.EST,0.3710292
MYS,Malaysia,2021,GOV_WGI_CC.EST,0.3015023
MYS,Malaysia,2020,GOV_WGI_CC.EST,0.420523
MYS,Malaysia,2019,GOV_WGI_CC.EST,0.4609033
MYS,Malaysia,2018,GOV_WGI_CC.EST,0.4935415
MYS,Malaysia,2017,GOV_WGI_CC.EST,0.0731841
MYS,Malaysia,2016,GOV_WGI_CC.EST,0.1034428
MYS,Malaysia,2015,GOV_WGI_CC.EST,0.2439907
MYS,Malaysia,2014,GOV_WGI_CC.EST,0.2951748
MYS,Malaysia,2013,GOV_WGI_CC.EST,0.215957
MYS,Malaysia,2012,GOV_WGI_CC.EST,0.1532346
MYS,Malaysia,2011,GOV_WGI_CC.EST,0.0660407
MYS,Malaysia,2010,GOV_WGI_CC.EST,-0.0491702
MYS,Malaysia,2009,GOV_WGI_CC.EST,-0.1462104
MYS,Malaysia,2008,GOV_WGI_CC.EST,-0.0949358
MYS,Malaysia,2007,GOV_WGI_CC.EST,0.05892
MYS,Malaysia,2006,GOV_WGI_CC.EST,0.1145548
MYS,Malaysia,2005,GOV_WGI_CC.EST,0.0332139
MDV,Maldives,2024,GOV_WGI_CC.EST,-0.335953799999999
MDV,Maldives,2023,GOV_WGI_CC.EST,-0.2664677
MDV,Maldives,2022,GOV_WGI_CC.EST,-0.265023299999999
MDV,Maldives,2021,GOV_WGI_CC.EST,-0.1632074
MDV,Maldives,2020,GOV_WGI_CC.EST,-0.1711344
MDV,Maldives,2019,GOV_WGI_CC.EST,-0.520747899999999
MDV,Maldives,2018,GOV_WGI_CC.EST,-0.892958399999999
MDV,Maldives,2017,GOV_WGI_CC.EST,-0.8676893
MDV,Maldives,2016,GOV_WGI_CC.EST,-0.764795
MDV,Maldives,2015,GOV_WGI_CC.EST,-0.587453
MDV,Maldives,2014,GOV_WGI_CC.EST,-0.5760219
MDV,Maldives,2013,GOV_WGI_CC.EST,-0.763904599999999
MDV,Maldives,2012,GOV_WGI_CC.EST,-0.7108251
MDV,Maldives,2011,GOV_WGI_CC.EST,-0.542532799999999
MDV,Maldives,2010,GOV_WGI_CC.EST,-0.555744799999999
MDV,Maldives,2009,GOV_WGI_CC.EST,-0.5420702
MDV,Maldives,2008,GOV_WGI_CC.EST,-0.7361177
MDV,Maldives,2007,GOV_WGI_CC.EST,-0.759346699999999
MDV,Maldives,2006,GOV_WGI_CC.EST,-0.5325262
MDV,Maldives,2005,GOV_WGI_CC.EST,-0.453515799999999
MLI,Mali,2024,GOV_WGI_CC.EST,-0.9808589
MLI,Mali,2023,GOV_WGI_CC.EST,-0.849355899999999
MLI,Mali,2022,GOV_WGI_CC.EST,-0.8528176
MLI,Mali,2021,GOV_WGI_CC.EST,-0.896400299999999
MLI,Mali,2020,GOV_WGI_CC.EST,-0.7753949
MLI,Mali,2019,GOV_WGI_CC.EST,-0.7719638
MLI,Mali,2018,GOV_WGI_CC.EST,-0.744831199999999
MLI,Mali,2017,GOV_WGI_CC.EST,-0.706974099999999
MLI,Mali,2016,GOV_WGI_CC.EST,-0.6456428
MLI,Mali,2015,GOV_WGI_CC.EST,-0.6307364
MLI,Mali,2014,GOV_WGI_CC.EST,-0.6426253
MLI,Mali,2013,GOV_WGI_CC.EST,-0.599550199999999
MLI,Mali,2012,GOV_WGI_CC.EST,-0.666150799999999
MLI,Mali,2011,GOV_WGI_CC.EST,-0.5360999
MLI,Mali,2010,GOV_WGI_CC.EST,-0.5808838
MLI,Mali,2009,GOV_WGI_CC.EST,-0.5124794
MLI,Mali,2008,GOV_WGI_CC.EST,-0.5653538
MLI,Mali,2007,GOV_WGI_CC.EST,-0.506626
MLI,Mali,2006,GOV_WGI_CC.EST,-0.4876272
MLI,Mali,2005,GOV_WGI_CC.EST,-0.5198863
MLT,Malta,2024,GOV_WGI_CC.EST,0.2667936
MLT,Malta,2023,GOV_WGI_CC.EST,0.3219728
MLT,Malta,2022,GOV_WGI_CC.EST,0.4469911
MLT,Malta,2021,GOV_WGI_CC.EST,0.4667226
MLT,Malta,2020,GOV_WGI_CC.EST,0.611326
MLT,Malta,2019,GOV_WGI_CC.EST,0.4163584
MLT,Malta,2018,GOV_WGI_CC.EST,0.7416132
MLT,Malta,2017,GOV_WGI_CC.EST,0.7943079
MLT,Malta,2016,GOV_WGI_CC.EST,0.7852018
MLT,Malta,2015,GOV_WGI_CC.EST,0.8513513
MLT,Malta,2014,GOV_WGI_CC.EST,0.8102062
MLT,Malta,2013,GOV_WGI_CC.EST,0.9129264
MLT,Malta,2012,GOV_WGI_CC.EST,0.9075464
MLT,Malta,2011,GOV_WGI_CC.EST,0.9455787
MLT,Malta,2010,GOV_WGI_CC.EST,0.9659229
MLT,Malta,2009,GOV_WGI_CC.EST,0.964889
MLT,Malta,2008,GOV_WGI_CC.EST,0.9990969
MLT,Malta,2007,GOV_WGI_CC.EST,1.0046746
MLT,Malta,2006,GOV_WGI_CC.EST,1.0538865
MLT,Malta,2005,GOV_WGI_CC.EST,0.9299871
MHL,Marshall Islands,2024,GOV_WGI_CC.EST,0.3907327
MHL,Marshall Islands,2023,GOV_WGI_CC.EST,-0.0290067
MHL,Marshall Islands,2022,GOV_WGI_CC.EST,-0.0269237999999999
MHL,Marshall Islands,2021,GOV_WGI_CC.EST,-0.0263173999999999
MHL,Marshall Islands,2020,GOV_WGI_CC.EST,-0.0245517
MHL,Marshall Islands,2019,GOV_WGI_CC.EST,0.3505035
MHL,Marshall Islands,2018,GOV_WGI_CC.EST,0.3468948
MHL,Marshall Islands,2017,GOV_WGI_CC.EST,0.7728719
MHL,Marshall Islands,2016,GOV_WGI_CC.EST,0.7744119
MHL,Marshall Islands,2015,GOV_WGI_CC.EST,0.81403
MHL,Marshall Islands,2014,GOV_WGI_CC.EST,-0.114215299999999
MHL,Marshall Islands,2013,GOV_WGI_CC.EST,-0.0429856
MHL,Marshall Islands,2012,GOV_WGI_CC.EST,-0.1763141
MHL,Marshall Islands,2011,GOV_WGI_CC.EST,-0.1709639
MHL,Marshall Islands,2010,GOV_WGI_CC.EST,-0.4162416
MHL,Marshall Islands,2009,GOV_WGI_CC.EST,-0.3327901
MHL,Marshall Islands,2008,GOV_WGI_CC.EST,-0.498709299999999
MHL,Marshall Islands,2007,GOV_WGI_CC.EST,-0.5066283
MHL,Marshall Islands,2006,GOV_WGI_CC.EST,-0.4768368
MHL,Marshall Islands,2005,GOV_WGI_CC.EST,-0.209334599999999
MRT,Mauritania,2024,GOV_WGI_CC.EST,-0.933744999999999
MRT,Mauritania,2023,GOV_WGI_CC.EST,-0.7965253
MRT,Mauritania,2022,GOV_WGI_CC.EST,-0.8477941
MRT,Mauritania,2021,GOV_WGI_CC.EST,-0.879153
MRT,Mauritania,2020,GOV_WGI_CC.EST,-0.7915263
MRT,Mauritania,2019,GOV_WGI_CC.EST,-0.981007499999999
MRT,Mauritania,2018,GOV_WGI_CC.EST,-0.8944903
MRT,Mauritania,2017,GOV_WGI_CC.EST,-0.8700694
MRT,Mauritania,2016,GOV_WGI_CC.EST,-0.8308534
MRT,Mauritania,2015,GOV_WGI_CC.EST,-0.9528354
MRT,Mauritania,2014,GOV_WGI_CC.EST,-0.9214158
MRT,Mauritania,2013,GOV_WGI_CC.EST,-0.7989219
MRT,Mauritania,2012,GOV_WGI_CC.EST,-0.734616199999999
MRT,Mauritania,2011,GOV_WGI_CC.EST,-0.5421054
MRT,Mauritania,2010,GOV_WGI_CC.EST,-0.6166503
MRT,Mauritania,2009,GOV_WGI_CC.EST,-0.7090306
MRT,Mauritania,2008,GOV_WGI_CC.EST,-0.7988269
MRT,Mauritania,2007,GOV_WGI_CC.EST,-0.5401178
MRT,Mauritania,2006,GOV_WGI_CC.EST,-0.6238901
MRT,Mauritania,2005,GOV_WGI_CC.EST,-0.674049799999999
MUS,Mauritius,2024,GOV_WGI_CC.EST,0.3404819
MUS,Mauritius,2023,GOV_WGI_CC.EST,0.3417899
MUS,Mauritius,2022,GOV_WGI_CC.EST,0.3948817
MUS,Mauritius,2021,GOV_WGI_CC.EST,0.416008
MUS,Mauritius,2020,GOV_WGI_CC.EST,0.3426669
MUS,Mauritius,2019,GOV_WGI_CC.EST,0.3198001
MUS,Mauritius,2018,GOV_WGI_CC.EST,0.3016043
MUS,Mauritius,2017,GOV_WGI_CC.EST,0.2855506
MUS,Mauritius,2016,GOV_WGI_CC.EST,0.3223687
MUS,Mauritius,2015,GOV_WGI_CC.EST,0.2903886
MUS,Mauritius,2014,GOV_WGI_CC.EST,0.4563263
MUS,Mauritius,2013,GOV_WGI_CC.EST,0.4205264
MUS,Mauritius,2012,GOV_WGI_CC.EST,0.4410037
MUS,Mauritius,2011,GOV_WGI_CC.EST,0.343491
MUS,Mauritius,2010,GOV_WGI_CC.EST,0.3259093
MUS,Mauritius,2009,GOV_WGI_CC.EST,0.5303188
MUS,Mauritius,2008,GOV_WGI_CC.EST,0.5643594
MUS,Mauritius,2007,GOV_WGI_CC.EST,0.3592469
MUS,Mauritius,2006,GOV_WGI_CC.EST,0.4004471
MUS,Mauritius,2005,GOV_WGI_CC.EST,0.2458762
MEX,Mexico,2024,GOV_WGI_CC.EST,-0.9408772
MEX,Mexico,2023,GOV_WGI_CC.EST,-0.9321625
MEX,Mexico,2022,GOV_WGI_CC.EST,-0.8757541
MEX,Mexico,2021,GOV_WGI_CC.EST,-0.8733867
MEX,Mexico,2020,GOV_WGI_CC.EST,-0.853792
MEX,Mexico,2019,GOV_WGI_CC.EST,-0.8896518
MEX,Mexico,2018,GOV_WGI_CC.EST,-0.9427494
MEX,Mexico,2017,GOV_WGI_CC.EST,-0.9481326
MEX,Mexico,2016,GOV_WGI_CC.EST,-0.8211672
MEX,Mexico,2015,GOV_WGI_CC.EST,-0.840903899999999
MEX,Mexico,2014,GOV_WGI_CC.EST,-0.7528978
MEX,Mexico,2013,GOV_WGI_CC.EST,-0.5312775
MEX,Mexico,2012,GOV_WGI_CC.EST,-0.4579567
MEX,Mexico,2011,GOV_WGI_CC.EST,-0.4247504
MEX,Mexico,2010,GOV_WGI_CC.EST,-0.383217
MEX,Mexico,2009,GOV_WGI_CC.EST,-0.316011999999999
MEX,Mexico,2008,GOV_WGI_CC.EST,-0.3871309
MEX,Mexico,2007,GOV_WGI_CC.EST,-0.402557699999999
MEX,Mexico,2006,GOV_WGI_CC.EST,-0.337978799999999
MEX,Mexico,2005,GOV_WGI_CC.EST,-0.432437399999999
FSM,"Micronesia, Fed. Sts.",2024,GOV_WGI_CC.EST,0.7080176
FSM,"Micronesia, Fed. Sts.",2023,GOV_WGI_CC.EST,0.2977827
FSM,"Micronesia, Fed. Sts.",2022,GOV_WGI_CC.EST,0.2998184
FSM,"Micronesia, Fed. Sts.",2021,GOV_WGI_CC.EST,0.3004111
FSM,"Micronesia, Fed. Sts.",2020,GOV_WGI_CC.EST,0.4040448
FSM,"Micronesia, Fed. Sts.",2019,GOV_WGI_CC.EST,0.7791
FSM,"Micronesia, Fed. Sts.",2018,GOV_WGI_CC.EST,0.7754912
FSM,"Micronesia, Fed. Sts.",2017,GOV_WGI_CC.EST,0.7728719
FSM,"Micronesia, Fed. Sts.",2016,GOV_WGI_CC.EST,0.7744119
FSM,"Micronesia, Fed. Sts.",2015,GOV_WGI_CC.EST,0.8558006
FSM,"Micronesia, Fed. Sts.",2014,GOV_WGI_CC.EST,0.8531295
FSM,"Micronesia, Fed. Sts.",2013,GOV_WGI_CC.EST,-0.0428372
FSM,"Micronesia, Fed. Sts.",2012,GOV_WGI_CC.EST,-0.0430928
FSM,"Micronesia, Fed. Sts.",2011,GOV_WGI_CC.EST,-0.2277112
FSM,"Micronesia, Fed. Sts.",2010,GOV_WGI_CC.EST,-0.1017024
FSM,"Micronesia, Fed. Sts.",2009,GOV_WGI_CC.EST,-0.1026163
FSM,"Micronesia, Fed. Sts.",2008,GOV_WGI_CC.EST,-0.102563
FSM,"Micronesia, Fed. Sts.",2007,GOV_WGI_CC.EST,-0.1040768
FSM,"Micronesia, Fed. Sts.",2006,GOV_WGI_CC.EST,-0.0392937
FSM,"Micronesia, Fed. Sts.",2005,GOV_WGI_CC.EST,-0.0472444
MDA,Moldova,2024,GOV_WGI_CC.EST,-0.2915803
MDA,Moldova,2023,GOV_WGI_CC.EST,-0.266050299999999
MDA,Moldova,2022,GOV_WGI_CC.EST,-0.421512599999999
MDA,Moldova,2021,GOV_WGI_CC.EST,-0.550342
MDA,Moldova,2020,GOV_WGI_CC.EST,-0.7308378
MDA,Moldova,2019,GOV_WGI_CC.EST,-0.7732817
MDA,Moldova,2018,GOV_WGI_CC.EST,-0.871319899999999
MDA,Moldova,2017,GOV_WGI_CC.EST,-0.937231199999999
MDA,Moldova,2016,GOV_WGI_CC.EST,-1.099628
MDA,Moldova,2015,GOV_WGI_CC.EST,-1.03857019999999
MDA,Moldova,2014,GOV_WGI_CC.EST,-0.969687699999999
MDA,Moldova,2013,GOV_WGI_CC.EST,-0.8114962
MDA,Moldova,2012,GOV_WGI_CC.EST,-0.7197195
MDA,Moldova,2011,GOV_WGI_CC.EST,-0.6534376
MDA,Moldova,2010,GOV_WGI_CC.EST,-0.6878966
MDA,Moldova,2009,GOV_WGI_CC.EST,-0.7723296
MDA,Moldova,2008,GOV_WGI_CC.EST,-0.8023372
MDA,Moldova,2007,GOV_WGI_CC.EST,-0.831110399999999
MDA,Moldova,2006,GOV_WGI_CC.EST,-0.845778399999999
MDA,Moldova,2005,GOV_WGI_CC.EST,-0.931449
MCO,Monaco,2024,GOV_WGI_CC.EST,1.8002811
MCO,Monaco,2023,GOV_WGI_CC.EST,1.1733125
MCO,Monaco,2022,GOV_WGI_CC.EST,1.1763452
MCO,Monaco,2021,GOV_WGI_CC.EST,1.1772281
MCO,Monaco,2020,GOV_WGI_CC.EST,1.1797991
MCO,Monaco,2019,GOV_WGI_CC.EST,1.8025255
MCO,Monaco,2018,GOV_WGI_CC.EST,1.7972711
MCO,Monaco,2017,GOV_WGI_CC.EST,1.7934572
MCO,Monaco,2016,GOV_WGI_CC.EST,1.7956995
MCO,Monaco,2015,GOV_WGI_CC.EST,1.7925654
MNG,Mongolia,2024,GOV_WGI_CC.EST,-0.4859579
MNG,Mongolia,2023,GOV_WGI_CC.EST,-0.6187813
MNG,Mongolia,2022,GOV_WGI_CC.EST,-0.662165
MNG,Mongolia,2021,GOV_WGI_CC.EST,-0.6644684
MNG,Mongolia,2020,GOV_WGI_CC.EST,-0.6207183
MNG,Mongolia,2019,GOV_WGI_CC.EST,-0.6152153
MNG,Mongolia,2018,GOV_WGI_CC.EST,-0.573848799999999
MNG,Mongolia,2017,GOV_WGI_CC.EST,-0.5320484
MNG,Mongolia,2016,GOV_WGI_CC.EST,-0.6103892
MNG,Mongolia,2015,GOV_WGI_CC.EST,-0.586661299999999
MNG,Mongolia,2014,GOV_WGI_CC.EST,-0.5593028
MNG,Mongolia,2013,GOV_WGI_CC.EST,-0.5605354
MNG,Mongolia,2012,GOV_WGI_CC.EST,-0.6058663
MNG,Mongolia,2011,GOV_WGI_CC.EST,-0.5822872
MNG,Mongolia,2010,GOV_WGI_CC.EST,-0.6280549
MNG,Mongolia,2009,GOV_WGI_CC.EST,-0.575945199999999
MNG,Mongolia,2008,GOV_WGI_CC.EST,-0.6709369
MNG,Mongolia,2007,GOV_WGI_CC.EST,-0.642802499999999
MNG,Mongolia,2006,GOV_WGI_CC.EST,-0.5684421
MNG,Mongolia,2005,GOV_WGI_CC.EST,-0.5181569
MNE,Montenegro,2024,GOV_WGI_CC.EST,-0.0594344
MNE,Montenegro,2023,GOV_WGI_CC.EST,-0.0680776999999999
MNE,Montenegro,2022,GOV_WGI_CC.EST,-0.0127453999999999
MNE,Montenegro,2021,GOV_WGI_CC.EST,0.0383454
MNE,Montenegro,2020,GOV_WGI_CC.EST,-0.0359882
MNE,Montenegro,2019,GOV_WGI_CC.EST,-0.0626438
MNE,Montenegro,2018,GOV_WGI_CC.EST,-0.0848879999999999
MNE,Montenegro,2017,GOV_WGI_CC.EST,-0.1096413
MNE,Montenegro,2016,GOV_WGI_CC.EST,-0.1624556
MNE,Montenegro,2015,GOV_WGI_CC.EST,-0.1544911
MNE,Montenegro,2014,GOV_WGI_CC.EST,-0.156991599999999
MNE,Montenegro,2013,GOV_WGI_CC.EST,-0.342360799999999
MNE,Montenegro,2012,GOV_WGI_CC.EST,-0.337634999999999
MNE,Montenegro,2011,GOV_WGI_CC.EST,-0.559879
MNE,Montenegro,2010,GOV_WGI_CC.EST,-0.560026599999999
MNE,Montenegro,2009,GOV_WGI_CC.EST,-0.2631765
MNE,Montenegro,2008,GOV_WGI_CC.EST,-0.2592603
MNE,Montenegro,2007,GOV_WGI_CC.EST,-0.0957006
MNE,Montenegro,2006,GOV_WGI_CC.EST,-0.0452344
MNE,Montenegro,2005,GOV_WGI_CC.EST,-0.2683332
MAR,Morocco,2024,GOV_WGI_CC.EST,-0.5186913
MAR,Morocco,2023,GOV_WGI_CC.EST,-0.5521901
MAR,Morocco,2022,GOV_WGI_CC.EST,-0.4879114
MAR,Morocco,2021,GOV_WGI_CC.EST,-0.4783966
MAR,Morocco,2020,GOV_WGI_CC.EST,-0.408551999999999
MAR,Morocco,2019,GOV_WGI_CC.EST,-0.425659399999999
MAR,Morocco,2018,GOV_WGI_CC.EST,-0.475142299999999
MAR,Morocco,2017,GOV_WGI_CC.EST,-0.3911459
MAR,Morocco,2016,GOV_WGI_CC.EST,-0.3146541
MAR,Morocco,2015,GOV_WGI_CC.EST,-0.352055199999999
MAR,Morocco,2014,GOV_WGI_CC.EST,-0.4165717
MAR,Morocco,2013,GOV_WGI_CC.EST,-0.4173212
MAR,Morocco,2012,GOV_WGI_CC.EST,-0.5029325
MAR,Morocco,2011,GOV_WGI_CC.EST,-0.5058263
MAR,Morocco,2010,GOV_WGI_CC.EST,-0.3011276
MAR,Morocco,2009,GOV_WGI_CC.EST,-0.3848958
MAR,Morocco,2008,GOV_WGI_CC.EST,-0.3770822
MAR,Morocco,2007,GOV_WGI_CC.EST,-0.3077874
MAR,Morocco,2006,GOV_WGI_CC.EST,-0.3493154
MAR,Morocco,2005,GOV_WGI_CC.EST,-0.5205989
MOZ,Mozambique,2024,GOV_WGI_CC.EST,-1.0618104
MOZ,Mozambique,2023,GOV_WGI_CC.EST,-0.904286399999999
MOZ,Mozambique,2022,GOV_WGI_CC.EST,-0.9013357
MOZ,Mozambique,2021,GOV_WGI_CC.EST,-0.809070699999999
MOZ,Mozambique,2020,GOV_WGI_CC.EST,-0.7627176
MOZ,Mozambique,2019,GOV_WGI_CC.EST,-0.8757647
MOZ,Mozambique,2018,GOV_WGI_CC.EST,-0.8725989
MOZ,Mozambique,2017,GOV_WGI_CC.EST,-0.9645689
MOZ,Mozambique,2016,GOV_WGI_CC.EST,-0.991651899999999
MOZ,Mozambique,2015,GOV_WGI_CC.EST,-0.8687712
MOZ,Mozambique,2014,GOV_WGI_CC.EST,-0.861341399999999
MOZ,Mozambique,2013,GOV_WGI_CC.EST,-0.7525881
MOZ,Mozambique,2012,GOV_WGI_CC.EST,-0.5844214
MOZ,Mozambique,2011,GOV_WGI_CC.EST,-0.648115
MOZ,Mozambique,2010,GOV_WGI_CC.EST,-0.6420833
MOZ,Mozambique,2009,GOV_WGI_CC.EST,-0.5409016
MOZ,Mozambique,2008,GOV_WGI_CC.EST,-0.4411018
MOZ,Mozambique,2007,GOV_WGI_CC.EST,-0.5146029
MOZ,Mozambique,2006,GOV_WGI_CC.EST,-0.6055707
MOZ,Mozambique,2005,GOV_WGI_CC.EST,-0.663562499999999
MMR,Myanmar,2024,GOV_WGI_CC.EST,-1.2527062
MMR,Myanmar,2023,GOV_WGI_CC.EST,-1.11163979999999
MMR,Myanmar,2022,GOV_WGI_CC.EST,-1.136637
MMR,Myanmar,2021,GOV_WGI_CC.EST,-0.9391159
MMR,Myanmar,2020,GOV_WGI_CC.EST,-0.6277817
MMR,Myanmar,2019,GOV_WGI_CC.EST,-0.7649935
MMR,Myanmar,2018,GOV_WGI_CC.EST,-0.7679218
MMR,Myanmar,2017,GOV_WGI_CC.EST,-0.7617201
MMR,Myanmar,2016,GOV_WGI_CC.EST,-0.854276199999999
MMR,Myanmar,2015,GOV_WGI_CC.EST,-1.0035195
MMR,Myanmar,2014,GOV_WGI_CC.EST,-1.0510924
MMR,Myanmar,2013,GOV_WGI_CC.EST,-1.149632
MMR,Myanmar,2012,GOV_WGI_CC.EST,-1.3191853
MMR,Myanmar,2011,GOV_WGI_CC.EST,-1.1856058
MMR,Myanmar,2010,GOV_WGI_CC.EST,-1.1870224
MMR,Myanmar,2009,GOV_WGI_CC.EST,-1.5504204
MMR,Myanmar,2008,GOV_WGI_CC.EST,-1.5318481
MMR,Myanmar,2007,GOV_WGI_CC.EST,-1.532181
MMR,Myanmar,2006,GOV_WGI_CC.EST,-1.59102949999999
MMR,Myanmar,2005,GOV_WGI_CC.EST,-1.59277809999999
NAM,Namibia,2024,GOV_WGI_CC.EST,0.1265202
NAM,Namibia,2023,GOV_WGI_CC.EST,0.1649292
NAM,Namibia,2022,GOV_WGI_CC.EST,0.3167748
NAM,Namibia,2021,GOV_WGI_CC.EST,0.3260821
NAM,Namibia,2020,GOV_WGI_CC.EST,0.3917523
NAM,Namibia,2019,GOV_WGI_CC.EST,0.4318792
NAM,Namibia,2018,GOV_WGI_CC.EST,0.4425861
NAM,Namibia,2017,GOV_WGI_CC.EST,0.3675534
NAM,Namibia,2016,GOV_WGI_CC.EST,0.4077914
NAM,Namibia,2015,GOV_WGI_CC.EST,0.4537303
NAM,Namibia,2014,GOV_WGI_CC.EST,0.4361437
NAM,Namibia,2013,GOV_WGI_CC.EST,0.4707981
NAM,Namibia,2012,GOV_WGI_CC.EST,0.4912085
NAM,Namibia,2011,GOV_WGI_CC.EST,0.3080152
NAM,Namibia,2010,GOV_WGI_CC.EST,0.3382449
NAM,Namibia,2009,GOV_WGI_CC.EST,0.4769442
NAM,Namibia,2008,GOV_WGI_CC.EST,0.5812992
NAM,Namibia,2007,GOV_WGI_CC.EST,0.2818941
NAM,Namibia,2006,GOV_WGI_CC.EST,0.3198085
NAM,Namibia,2005,GOV_WGI_CC.EST,-0.0218681999999999
NRU,Nauru,2024,GOV_WGI_CC.EST,0.5049337
NRU,Nauru,2023,GOV_WGI_CC.EST,0.443007
NRU,Nauru,2022,GOV_WGI_CC.EST,0.4459534
NRU,Nauru,2021,GOV_WGI_CC.EST,0.4468112
NRU,Nauru,2020,GOV_WGI_CC.EST,0.449309
NRU,Nauru,2019,GOV_WGI_CC.EST,0.4480263
NRU,Nauru,2018,GOV_WGI_CC.EST,0.4429214
NRU,Nauru,2017,GOV_WGI_CC.EST,0.4392161
NRU,Nauru,2016,GOV_WGI_CC.EST,0.4413946
NRU,Nauru,2015,GOV_WGI_CC.EST,0.4974376
NRU,Nauru,2014,GOV_WGI_CC.EST,-0.242259199999999
NRU,Nauru,2013,GOV_WGI_CC.EST,-0.2200811
NRU,Nauru,2012,GOV_WGI_CC.EST,0.0871205999999999
NRU,Nauru,2011,GOV_WGI_CC.EST,0.1120032
NRU,Nauru,2010,GOV_WGI_CC.EST,0.1239776
NRU,Nauru,2009,GOV_WGI_CC.EST,-0.1898956
NRU,Nauru,2008,GOV_WGI_CC.EST,-0.1896166
NRU,Nauru,2007,GOV_WGI_CC.EST,-0.197535599999999
NPL,Nepal,2024,GOV_WGI_CC.EST,-0.632602
NPL,Nepal,2023,GOV_WGI_CC.EST,-0.629219899999999
NPL,Nepal,2022,GOV_WGI_CC.EST,-0.652050399999999
NPL,Nepal,2021,GOV_WGI_CC.EST,-0.624520499999999
NPL,Nepal,2020,GOV_WGI_CC.EST,-0.701156999999999
NPL,Nepal,2019,GOV_WGI_CC.EST,-0.7367895
NPL,Nepal,2018,GOV_WGI_CC.EST,-0.7384128
NPL,Nepal,2017,GOV_WGI_CC.EST,-0.781145
NPL,Nepal,2016,GOV_WGI_CC.EST,-0.846169499999999
NPL,Nepal,2015,GOV_WGI_CC.EST,-0.830829399999999
NPL,Nepal,2014,GOV_WGI_CC.EST,-0.8428983
NPL,Nepal,2013,GOV_WGI_CC.EST,-0.9181893
NPL,Nepal,2012,GOV_WGI_CC.EST,-0.9736551
NPL,Nepal,2011,GOV_WGI_CC.EST,-0.8315433
NPL,Nepal,2010,GOV_WGI_CC.EST,-0.727675499999999
NPL,Nepal,2009,GOV_WGI_CC.EST,-0.757598099999999
NPL,Nepal,2008,GOV_WGI_CC.EST,-0.8631829
NPL,Nepal,2007,GOV_WGI_CC.EST,-0.783480899999999
NPL,Nepal,2006,GOV_WGI_CC.EST,-0.735571
NPL,Nepal,2005,GOV_WGI_CC.EST,-0.872854399999999
NLD,Netherlands,2024,GOV_WGI_CC.EST,1.9100133
NLD,Netherlands,2023,GOV_WGI_CC.EST,1.8837073
NLD,Netherlands,2022,GOV_WGI_CC.EST,1.9175777
NLD,Netherlands,2021,GOV_WGI_CC.EST,2.0280226
NLD,Netherlands,2020,GOV_WGI_CC.EST,2.0646075
NLD,Netherlands,2019,GOV_WGI_CC.EST,1.9497836
NLD,Netherlands,2018,GOV_WGI_CC.EST,1.9465556
NLD,Netherlands,2017,GOV_WGI_CC.EST,1.8270031
NLD,Netherlands,2016,GOV_WGI_CC.EST,1.9077694
NLD,Netherlands,2015,GOV_WGI_CC.EST,1.8631148
NLD,Netherlands,2014,GOV_WGI_CC.EST,1.9485
NLD,Netherlands,2013,GOV_WGI_CC.EST,1.9281622
NLD,Netherlands,2012,GOV_WGI_CC.EST,2.0604599
NLD,Netherlands,2011,GOV_WGI_CC.EST,2.0151382
NLD,Netherlands,2010,GOV_WGI_CC.EST,1.9892792
NLD,Netherlands,2009,GOV_WGI_CC.EST,2.0386844
NLD,Netherlands,2008,GOV_WGI_CC.EST,2.0721003
NLD,Netherlands,2007,GOV_WGI_CC.EST,2.0981723
NLD,Netherlands,2006,GOV_WGI_CC.EST,2.0600723
NLD,Netherlands,2005,GOV_WGI_CC.EST,1.9826747
,New Caledonia,2024,GOV_WGI_CC.EST,0.1263751
,New Caledonia,2023,GOV_WGI_CC.EST,0.1118532
,New Caledonia,2022,GOV_WGI_CC.EST,0.1269261
,New Caledonia,2021,GOV_WGI_CC.EST,0.1313142
NZL,New Zealand,2024,GOV_WGI_CC.EST,1.9285412
NZL,New Zealand,2023,GOV_WGI_CC.EST,2.0156067
NZL,New Zealand,2022,GOV_WGI_CC.EST,2.0822927
NZL,New Zealand,2021,GOV_WGI_CC.EST,2.1244607
NZL,New Zealand,2020,GOV_WGI_CC.EST,2.154305
NZL,New Zealand,2019,GOV_WGI_CC.EST,2.1526849
NZL,New Zealand,2018,GOV_WGI_CC.EST,2.0940331
NZL,New Zealand,2017,GOV_WGI_CC.EST,2.169806
NZL,New Zealand,2016,GOV_WGI_CC.EST,2.2087113
NZL,New Zealand,2015,GOV_WGI_CC.EST,2.1997554
NZL,New Zealand,2014,GOV_WGI_CC.EST,2.1663289
NZL,New Zealand,2013,GOV_WGI_CC.EST,2.1951607
NZL,New Zealand,2012,GOV_WGI_CC.EST,2.1842584
NZL,New Zealand,2011,GOV_WGI_CC.EST,2.2483581
NZL,New Zealand,2010,GOV_WGI_CC.EST,2.2287548
NZL,New Zealand,2009,GOV_WGI_CC.EST,2.2791384
NZL,New Zealand,2008,GOV_WGI_CC.EST,2.2557956
NZL,New Zealand,2007,GOV_WGI_CC.EST,2.2640781
NZL,New Zealand,2006,GOV_WGI_CC.EST,2.2946774
NZL,New Zealand,2005,GOV_WGI_CC.EST,2.2001559
NIC,Nicaragua,2024,GOV_WGI_CC.EST,-1.4326926
NIC,Nicaragua,2023,GOV_WGI_CC.EST,-1.25988029999999
NIC,Nicaragua,2022,GOV_WGI_CC.EST,-1.2447097
NIC,Nicaragua,2021,GOV_WGI_CC.EST,-1.237514
NIC,Nicaragua,2020,GOV_WGI_CC.EST,-1.1373893
NIC,Nicaragua,2019,GOV_WGI_CC.EST,-1.2048569
NIC,Nicaragua,2018,GOV_WGI_CC.EST,-1.2181897
NIC,Nicaragua,2017,GOV_WGI_CC.EST,-1.0961543
NIC,Nicaragua,2016,GOV_WGI_CC.EST,-1.094141
NIC,Nicaragua,2015,GOV_WGI_CC.EST,-1.01658009999999
NIC,Nicaragua,2014,GOV_WGI_CC.EST,-0.9953873
NIC,Nicaragua,2013,GOV_WGI_CC.EST,-0.815753
NIC,Nicaragua,2012,GOV_WGI_CC.EST,-0.843244
NIC,Nicaragua,2011,GOV_WGI_CC.EST,-0.8486233
NIC,Nicaragua,2010,GOV_WGI_CC.EST,-0.8482531
NIC,Nicaragua,2009,GOV_WGI_CC.EST,-0.8179046
NIC,Nicaragua,2008,GOV_WGI_CC.EST,-0.825777
NIC,Nicaragua,2007,GOV_WGI_CC.EST,-0.8209443
NIC,Nicaragua,2006,GOV_WGI_CC.EST,-0.7299823
NIC,Nicaragua,2005,GOV_WGI_CC.EST,-0.7076327
NER,Niger,2024,GOV_WGI_CC.EST,-0.6169138
NER,Niger,2023,GOV_WGI_CC.EST,-0.517433
NER,Niger,2022,GOV_WGI_CC.EST,-0.5631731
NER,Niger,2021,GOV_WGI_CC.EST,-0.5632509
NER,Niger,2020,GOV_WGI_CC.EST,-0.529990899999999
NER,Niger,2019,GOV_WGI_CC.EST,-0.438836799999999
NER,Niger,2018,GOV_WGI_CC.EST,-0.4471908
NER,Niger,2017,GOV_WGI_CC.EST,-0.4352048
NER,Niger,2016,GOV_WGI_CC.EST,-0.4203841
NER,Niger,2015,GOV_WGI_CC.EST,-0.4307116
NER,Niger,2014,GOV_WGI_CC.EST,-0.4434815
NER,Niger,2013,GOV_WGI_CC.EST,-0.374697
NER,Niger,2012,GOV_WGI_CC.EST,-0.435072099999999
NER,Niger,2011,GOV_WGI_CC.EST,-0.511074399999999
NER,Niger,2010,GOV_WGI_CC.EST,-0.6019841
NER,Niger,2009,GOV_WGI_CC.EST,-0.632288699999999
NER,Niger,2008,GOV_WGI_CC.EST,-0.5497619
NER,Niger,2007,GOV_WGI_CC.EST,-0.6805262
NER,Niger,2006,GOV_WGI_CC.EST,-0.772062999999999
NER,Niger,2005,GOV_WGI_CC.EST,-0.7805882
NGA,Nigeria,2024,GOV_WGI_CC.EST,-1.1145909
NGA,Nigeria,2023,GOV_WGI_CC.EST,-1.098731
NGA,Nigeria,2022,GOV_WGI_CC.EST,-1.225087
NGA,Nigeria,2021,GOV_WGI_CC.EST,-1.1909306
NGA,Nigeria,2020,GOV_WGI_CC.EST,-1.1178348
NGA,Nigeria,2019,GOV_WGI_CC.EST,-1.1258494
NGA,Nigeria,2018,GOV_WGI_CC.EST,-1.1452871
NGA,Nigeria,2017,GOV_WGI_CC.EST,-1.14439619999999
NGA,Nigeria,2016,GOV_WGI_CC.EST,-1.0910815
NGA,Nigeria,2015,GOV_WGI_CC.EST,-1.1613946
NGA,Nigeria,2014,GOV_WGI_CC.EST,-1.29811949999999
NGA,Nigeria,2013,GOV_WGI_CC.EST,-1.1851958
NGA,Nigeria,2012,GOV_WGI_CC.EST,-1.1466737
NGA,Nigeria,2011,GOV_WGI_CC.EST,-1.1407268
NGA,Nigeria,2010,GOV_WGI_CC.EST,-1.1312205
NGA,Nigeria,2009,GOV_WGI_CC.EST,-1.0705308
NGA,Nigeria,2008,GOV_WGI_CC.EST,-1.0428079
NGA,Nigeria,2007,GOV_WGI_CC.EST,-1.1576585
NGA,Nigeria,2006,GOV_WGI_CC.EST,-1.18877529999999
NGA,Nigeria,2005,GOV_WGI_CC.EST,-1.2796302
MKD,North Macedonia,2024,GOV_WGI_CC.EST,-0.3292214
MKD,North Macedonia,2023,GOV_WGI_CC.EST,-0.3541776
MKD,North Macedonia,2022,GOV_WGI_CC.EST,-0.332673
MKD,North Macedonia,2021,GOV_WGI_CC.EST,-0.3856405
MKD,North Macedonia,2020,GOV_WGI_CC.EST,-0.456976999999999
MKD,North Macedonia,2019,GOV_WGI_CC.EST,-0.460025199999999
MKD,North Macedonia,2018,GOV_WGI_CC.EST,-0.340857199999999
MKD,North Macedonia,2017,GOV_WGI_CC.EST,-0.2620741
MKD,North Macedonia,2016,GOV_WGI_CC.EST,-0.295904899999999
MKD,North Macedonia,2015,GOV_WGI_CC.EST,-0.3062159
MKD,North Macedonia,2014,GOV_WGI_CC.EST,-0.145443799999999
MKD,North Macedonia,2013,GOV_WGI_CC.EST,-0.0923630999999999
MKD,North Macedonia,2012,GOV_WGI_CC.EST,-0.127850599999999
MKD,North Macedonia,2011,GOV_WGI_CC.EST,-0.3397578
MKD,North Macedonia,2010,GOV_WGI_CC.EST,-0.3133081
MKD,North Macedonia,2009,GOV_WGI_CC.EST,-0.2499787
MKD,North Macedonia,2008,GOV_WGI_CC.EST,-0.2650308
MKD,North Macedonia,2007,GOV_WGI_CC.EST,-0.2757399
MKD,North Macedonia,2006,GOV_WGI_CC.EST,-0.2936871
MKD,North Macedonia,2005,GOV_WGI_CC.EST,-0.516346
NOR,Norway,2024,GOV_WGI_CC.EST,1.9610085
NOR,Norway,2023,GOV_WGI_CC.EST,2.0745237
NOR,Norway,2022,GOV_WGI_CC.EST,2.0332101
NOR,Norway,2021,GOV_WGI_CC.EST,2.070812
NOR,Norway,2020,GOV_WGI_CC.EST,2.0836375
NOR,Norway,2019,GOV_WGI_CC.EST,2.0603725
NOR,Norway,2018,GOV_WGI_CC.EST,2.0857026
NOR,Norway,2017,GOV_WGI_CC.EST,2.1682749
NOR,Norway,2016,GOV_WGI_CC.EST,2.1206565
NOR,Norway,2015,GOV_WGI_CC.EST,2.1755199
NOR,Norway,2014,GOV_WGI_CC.EST,2.1311201
NOR,Norway,2013,GOV_WGI_CC.EST,2.1405464
NOR,Norway,2012,GOV_WGI_CC.EST,2.1281645
NOR,Norway,2011,GOV_WGI_CC.EST,2.0777923
NOR,Norway,2010,GOV_WGI_CC.EST,1.9314806
NOR,Norway,2009,GOV_WGI_CC.EST,1.8987615
NOR,Norway,2008,GOV_WGI_CC.EST,1.8541704
NOR,Norway,2007,GOV_WGI_CC.EST,1.912833
NOR,Norway,2006,GOV_WGI_CC.EST,2.0946634
NOR,Norway,2005,GOV_WGI_CC.EST,2.0172526
OMN,Oman,2024,GOV_WGI_CC.EST,0.5072492
OMN,Oman,2023,GOV_WGI_CC.EST,0.227724
OMN,Oman,2022,GOV_WGI_CC.EST,0.0212395
OMN,Oman,2021,GOV_WGI_CC.EST,0.0233919
OMN,Oman,2020,GOV_WGI_CC.EST,0.0239194
OMN,Oman,2019,GOV_WGI_CC.EST,0.1612579
OMN,Oman,2018,GOV_WGI_CC.EST,-0.0203366
OMN,Oman,2017,GOV_WGI_CC.EST,-0.0211191
OMN,Oman,2016,GOV_WGI_CC.EST,-0.020659
OMN,Oman,2015,GOV_WGI_CC.EST,-0.0016798
OMN,Oman,2014,GOV_WGI_CC.EST,0.0116479
OMN,Oman,2013,GOV_WGI_CC.EST,-0.0651045
OMN,Oman,2012,GOV_WGI_CC.EST,-0.0252944999999999
OMN,Oman,2011,GOV_WGI_CC.EST,-0.0352342
OMN,Oman,2010,GOV_WGI_CC.EST,0.276183
OMN,Oman,2009,GOV_WGI_CC.EST,0.3084555
OMN,Oman,2008,GOV_WGI_CC.EST,0.3348495
OMN,Oman,2007,GOV_WGI_CC.EST,0.3274633
OMN,Oman,2006,GOV_WGI_CC.EST,0.5045908
OMN,Oman,2005,GOV_WGI_CC.EST,0.5527816
PAK,Pakistan,2024,GOV_WGI_CC.EST,-1.0656237
PAK,Pakistan,2023,GOV_WGI_CC.EST,-1.0461855
PAK,Pakistan,2022,GOV_WGI_CC.EST,-0.9459689
PAK,Pakistan,2021,GOV_WGI_CC.EST,-0.906181199999999
PAK,Pakistan,2020,GOV_WGI_CC.EST,-0.9370003
PAK,Pakistan,2019,GOV_WGI_CC.EST,-0.9714617
PAK,Pakistan,2018,GOV_WGI_CC.EST,-0.9640896
PAK,Pakistan,2017,GOV_WGI_CC.EST,-0.935033999999999
PAK,Pakistan,2016,GOV_WGI_CC.EST,-0.9729255
PAK,Pakistan,2015,GOV_WGI_CC.EST,-0.981116999999999
PAK,Pakistan,2014,GOV_WGI_CC.EST,-1.0043761
PAK,Pakistan,2013,GOV_WGI_CC.EST,-1.1290617
PAK,Pakistan,2012,GOV_WGI_CC.EST,-1.24519539999999
PAK,Pakistan,2011,GOV_WGI_CC.EST,-1.2203431
PAK,Pakistan,2010,GOV_WGI_CC.EST,-1.2022076
PAK,Pakistan,2009,GOV_WGI_CC.EST,-1.1784502
PAK,Pakistan,2008,GOV_WGI_CC.EST,-1.0382107
PAK,Pakistan,2007,GOV_WGI_CC.EST,-0.846103199999999
PAK,Pakistan,2006,GOV_WGI_CC.EST,-0.8810819
PAK,Pakistan,2005,GOV_WGI_CC.EST,-1.07430729999999
PLW,Palau,2024,GOV_WGI_CC.EST,0.5049337
PLW,Palau,2023,GOV_WGI_CC.EST,0.443007
PLW,Palau,2022,GOV_WGI_CC.EST,0.4459534
PLW,Palau,2021,GOV_WGI_CC.EST,0.4468112
PLW,Palau,2020,GOV_WGI_CC.EST,0.449309
PLW,Palau,2019,GOV_WGI_CC.EST,0.4480263
PLW,Palau,2018,GOV_WGI_CC.EST,0.4429214
PLW,Palau,2017,GOV_WGI_CC.EST,0.4392161
PLW,Palau,2016,GOV_WGI_CC.EST,0.4413946
PLW,Palau,2015,GOV_WGI_CC.EST,0.4974376
PLW,Palau,2014,GOV_WGI_CC.EST,-0.242259199999999
PLW,Palau,2013,GOV_WGI_CC.EST,-0.2200811
PLW,Palau,2012,GOV_WGI_CC.EST,-0.221972099999999
PLW,Palau,2011,GOV_WGI_CC.EST,-0.1970895
PLW,Palau,2010,GOV_WGI_CC.EST,-0.1851151
PLW,Palau,2009,GOV_WGI_CC.EST,-0.1898956
PLW,Palau,2008,GOV_WGI_CC.EST,-0.1896166
PAN,Panama,2024,GOV_WGI_CC.EST,-0.5541186
PAN,Panama,2023,GOV_WGI_CC.EST,-0.566951499999999
PAN,Panama,2022,GOV_WGI_CC.EST,-0.562926599999999
PAN,Panama,2021,GOV_WGI_CC.EST,-0.5235702
PAN,Panama,2020,GOV_WGI_CC.EST,-0.5190072
PAN,Panama,2019,GOV_WGI_CC.EST,-0.543706599999999
PAN,Panama,2018,GOV_WGI_CC.EST,-0.5480745
PAN,Panama,2017,GOV_WGI_CC.EST,-0.558947899999999
PAN,Panama,2016,GOV_WGI_CC.EST,-0.5035567
PAN,Panama,2015,GOV_WGI_CC.EST,-0.424039399999999
PAN,Panama,2014,GOV_WGI_CC.EST,-0.3942406
PAN,Panama,2013,GOV_WGI_CC.EST,-0.4300887
PAN,Panama,2012,GOV_WGI_CC.EST,-0.459041
PAN,Panama,2011,GOV_WGI_CC.EST,-0.3472258
PAN,Panama,2010,GOV_WGI_CC.EST,-0.3394637
PAN,Panama,2009,GOV_WGI_CC.EST,-0.2986068
PAN,Panama,2008,GOV_WGI_CC.EST,-0.217408599999999
PAN,Panama,2007,GOV_WGI_CC.EST,-0.4810331
PAN,Panama,2006,GOV_WGI_CC.EST,-0.4315926
PAN,Panama,2005,GOV_WGI_CC.EST,-0.4800212
PNG,Papua New Guinea,2024,GOV_WGI_CC.EST,-0.7973513
PNG,Papua New Guinea,2023,GOV_WGI_CC.EST,-0.6018212
PNG,Papua New Guinea,2022,GOV_WGI_CC.EST,-0.588226999999999
PNG,Papua New Guinea,2021,GOV_WGI_CC.EST,-0.6567906
PNG,Papua New Guinea,2020,GOV_WGI_CC.EST,-0.5484433
PNG,Papua New Guinea,2019,GOV_WGI_CC.EST,-0.987122899999999
PNG,Papua New Guinea,2018,GOV_WGI_CC.EST,-0.940001
PNG,Papua New Guinea,2017,GOV_WGI_CC.EST,-0.9946183
PNG,Papua New Guinea,2016,GOV_WGI_CC.EST,-0.984655
PNG,Papua New Guinea,2015,GOV_WGI_CC.EST,-0.9734974
PNG,Papua New Guinea,2014,GOV_WGI_CC.EST,-0.9742497
PNG,Papua New Guinea,2013,GOV_WGI_CC.EST,-1.0035819
PNG,Papua New Guinea,2012,GOV_WGI_CC.EST,-1.0036539
PNG,Papua New Guinea,2011,GOV_WGI_CC.EST,-0.9769416
PNG,Papua New Guinea,2010,GOV_WGI_CC.EST,-0.9715433
PNG,Papua New Guinea,2009,GOV_WGI_CC.EST,-1.0987722
PNG,Papua New Guinea,2008,GOV_WGI_CC.EST,-1.0818488
PNG,Papua New Guinea,2007,GOV_WGI_CC.EST,-1.0483268
PNG,Papua New Guinea,2006,GOV_WGI_CC.EST,-1.0546271
PNG,Papua New Guinea,2005,GOV_WGI_CC.EST,-1.1920123
PRY,Paraguay,2024,GOV_WGI_CC.EST,-1.0248859
PRY,Paraguay,2023,GOV_WGI_CC.EST,-1.0149203
PRY,Paraguay,2022,GOV_WGI_CC.EST,-0.953862099999999
PRY,Paraguay,2021,GOV_WGI_CC.EST,-0.905500299999999
PRY,Paraguay,2020,GOV_WGI_CC.EST,-0.8101421
PRY,Paraguay,2019,GOV_WGI_CC.EST,-0.8760395
PRY,Paraguay,2018,GOV_WGI_CC.EST,-0.8709501
PRY,Paraguay,2017,GOV_WGI_CC.EST,-0.8291544
PRY,Paraguay,2016,GOV_WGI_CC.EST,-0.8070807
PRY,Paraguay,2015,GOV_WGI_CC.EST,-0.951100899999999
PRY,Paraguay,2014,GOV_WGI_CC.EST,-0.9760553
PRY,Paraguay,2013,GOV_WGI_CC.EST,-0.947690799999999
PRY,Paraguay,2012,GOV_WGI_CC.EST,-0.7579324
PRY,Paraguay,2011,GOV_WGI_CC.EST,-0.6726051
PRY,Paraguay,2010,GOV_WGI_CC.EST,-0.7003918
PRY,Paraguay,2009,GOV_WGI_CC.EST,-0.856383999999999
PRY,Paraguay,2008,GOV_WGI_CC.EST,-0.897985399999999
PRY,Paraguay,2007,GOV_WGI_CC.EST,-1.05614719999999
PRY,Paraguay,2006,GOV_WGI_CC.EST,-0.984501099999999
PRY,Paraguay,2005,GOV_WGI_CC.EST,-1.26163999999999
PER,Peru,2024,GOV_WGI_CC.EST,-0.7203896
PER,Peru,2023,GOV_WGI_CC.EST,-0.6654876
PER,Peru,2022,GOV_WGI_CC.EST,-0.641561199999999
PER,Peru,2021,GOV_WGI_CC.EST,-0.509709
PER,Peru,2020,GOV_WGI_CC.EST,-0.4980887
PER,Peru,2019,GOV_WGI_CC.EST,-0.490189
PER,Peru,2018,GOV_WGI_CC.EST,-0.5877892
PER,Peru,2017,GOV_WGI_CC.EST,-0.593187599999999
PER,Peru,2016,GOV_WGI_CC.EST,-0.5112656
PER,Peru,2015,GOV_WGI_CC.EST,-0.5919962
PER,Peru,2014,GOV_WGI_CC.EST,-0.5816106
PER,Peru,2013,GOV_WGI_CC.EST,-0.399042199999999
PER,Peru,2012,GOV_WGI_CC.EST,-0.3605037
PER,Peru,2011,GOV_WGI_CC.EST,-0.2482217
PER,Peru,2010,GOV_WGI_CC.EST,-0.2613416
PER,Peru,2009,GOV_WGI_CC.EST,-0.3848159
PER,Peru,2008,GOV_WGI_CC.EST,-0.302610999999999
PER,Peru,2007,GOV_WGI_CC.EST,-0.355667199999999
PER,Peru,2006,GOV_WGI_CC.EST,-0.260941
PER,Peru,2005,GOV_WGI_CC.EST,-0.4001666
PHL,Philippines,2024,GOV_WGI_CC.EST,-0.5766165
PHL,Philippines,2023,GOV_WGI_CC.EST,-0.5690313
PHL,Philippines,2022,GOV_WGI_CC.EST,-0.5774689
PHL,Philippines,2021,GOV_WGI_CC.EST,-0.5743865
PHL,Philippines,2020,GOV_WGI_CC.EST,-0.5392618
PHL,Philippines,2019,GOV_WGI_CC.EST,-0.6111557
PHL,Philippines,2018,GOV_WGI_CC.EST,-0.6388345
PHL,Philippines,2017,GOV_WGI_CC.EST,-0.636865
PHL,Philippines,2016,GOV_WGI_CC.EST,-0.613111
PHL,Philippines,2015,GOV_WGI_CC.EST,-0.590425299999999
PHL,Philippines,2014,GOV_WGI_CC.EST,-0.5826913
PHL,Philippines,2013,GOV_WGI_CC.EST,-0.498170899999999
PHL,Philippines,2012,GOV_WGI_CC.EST,-0.633583
PHL,Philippines,2011,GOV_WGI_CC.EST,-0.565533899999999
PHL,Philippines,2010,GOV_WGI_CC.EST,-0.7820844
PHL,Philippines,2009,GOV_WGI_CC.EST,-0.8274589
PHL,Philippines,2008,GOV_WGI_CC.EST,-0.6874488
PHL,Philippines,2007,GOV_WGI_CC.EST,-0.6865834
PHL,Philippines,2006,GOV_WGI_CC.EST,-0.661034799999999
PHL,Philippines,2005,GOV_WGI_CC.EST,-0.739631199999999
POL,Poland,2024,GOV_WGI_CC.EST,0.794073
POL,Poland,2023,GOV_WGI_CC.EST,0.7534838
POL,Poland,2022,GOV_WGI_CC.EST,0.6673922
POL,Poland,2021,GOV_WGI_CC.EST,0.6869719
POL,Poland,2020,GOV_WGI_CC.EST,0.7442004
POL,Poland,2019,GOV_WGI_CC.EST,0.7162582
POL,Poland,2018,GOV_WGI_CC.EST,0.776821
POL,Poland,2017,GOV_WGI_CC.EST,0.8294474
POL,Poland,2016,GOV_WGI_CC.EST,0.8706559
POL,Poland,2015,GOV_WGI_CC.EST,0.8356935
POL,Poland,2014,GOV_WGI_CC.EST,0.773833
POL,Poland,2013,GOV_WGI_CC.EST,0.8071492
POL,Poland,2012,GOV_WGI_CC.EST,0.8135218
POL,Poland,2011,GOV_WGI_CC.EST,0.7618911
POL,Poland,2010,GOV_WGI_CC.EST,0.6391266
POL,Poland,2009,GOV_WGI_CC.EST,0.5739409
POL,Poland,2008,GOV_WGI_CC.EST,0.4272964
POL,Poland,2007,GOV_WGI_CC.EST,0.3179195
POL,Poland,2006,GOV_WGI_CC.EST,0.3249713
POL,Poland,2005,GOV_WGI_CC.EST,0.2504764
PRT,Portugal,2024,GOV_WGI_CC.EST,0.8241683
PRT,Portugal,2023,GOV_WGI_CC.EST,0.7848198
PRT,Portugal,2022,GOV_WGI_CC.EST,0.7860609
PRT,Portugal,2021,GOV_WGI_CC.EST,0.8188182
PRT,Portugal,2020,GOV_WGI_CC.EST,0.795911
PRT,Portugal,2019,GOV_WGI_CC.EST,0.7971215
PRT,Portugal,2018,GOV_WGI_CC.EST,0.803067
PRT,Portugal,2017,GOV_WGI_CC.EST,0.8191801
PRT,Portugal,2016,GOV_WGI_CC.EST,0.7134054
PRT,Portugal,2015,GOV_WGI_CC.EST,0.7238455
PRT,Portugal,2014,GOV_WGI_CC.EST,0.6840178
PRT,Portugal,2013,GOV_WGI_CC.EST,0.7363017
PRT,Portugal,2012,GOV_WGI_CC.EST,0.7983905
PRT,Portugal,2011,GOV_WGI_CC.EST,0.7934673
PRT,Portugal,2010,GOV_WGI_CC.EST,0.741273
PRT,Portugal,2009,GOV_WGI_CC.EST,0.8871941
PRT,Portugal,2008,GOV_WGI_CC.EST,0.92888
PRT,Portugal,2007,GOV_WGI_CC.EST,0.9121206
PRT,Portugal,2006,GOV_WGI_CC.EST,0.8841299
PRT,Portugal,2005,GOV_WGI_CC.EST,1.1939157
,Puerto Rico,2024,GOV_WGI_CC.EST,0.3976986
,Puerto Rico,2023,GOV_WGI_CC.EST,0.3527223
,Puerto Rico,2022,GOV_WGI_CC.EST,0.4768446
,Puerto Rico,2021,GOV_WGI_CC.EST,0.5017099
,Puerto Rico,2020,GOV_WGI_CC.EST,0.2833466
,Puerto Rico,2019,GOV_WGI_CC.EST,0.2828827
,Puerto Rico,2018,GOV_WGI_CC.EST,0.2420261
,Puerto Rico,2017,GOV_WGI_CC.EST,0.2407217
,Puerto Rico,2016,GOV_WGI_CC.EST,0.2525954
,Puerto Rico,2015,GOV_WGI_CC.EST,0.2515234
,Puerto Rico,2014,GOV_WGI_CC.EST,0.4739515
,Puerto Rico,2013,GOV_WGI_CC.EST,0.5242394
,Puerto Rico,2012,GOV_WGI_CC.EST,0.5734808
,Puerto Rico,2011,GOV_WGI_CC.EST,0.5095491
,Puerto Rico,2010,GOV_WGI_CC.EST,0.5568988
,Puerto Rico,2009,GOV_WGI_CC.EST,0.5692707
,Puerto Rico,2008,GOV_WGI_CC.EST,0.4780849
,Puerto Rico,2007,GOV_WGI_CC.EST,0.4928521
,Puerto Rico,2006,GOV_WGI_CC.EST,0.6400965
,Puerto Rico,2005,GOV_WGI_CC.EST,1.3271197
QAT,Qatar,2024,GOV_WGI_CC.EST,0.7548293
QAT,Qatar,2023,GOV_WGI_CC.EST,0.7757739
QAT,Qatar,2022,GOV_WGI_CC.EST,0.8197673
QAT,Qatar,2021,GOV_WGI_CC.EST,0.8394432
QAT,Qatar,2020,GOV_WGI_CC.EST,0.8746817
QAT,Qatar,2019,GOV_WGI_CC.EST,0.8776184
QAT,Qatar,2018,GOV_WGI_CC.EST,0.7493739
QAT,Qatar,2017,GOV_WGI_CC.EST,0.7457912
QAT,Qatar,2016,GOV_WGI_CC.EST,0.8601436
QAT,Qatar,2015,GOV_WGI_CC.EST,0.8450167
QAT,Qatar,2014,GOV_WGI_CC.EST,0.8617689
QAT,Qatar,2013,GOV_WGI_CC.EST,1.1766023
QAT,Qatar,2012,GOV_WGI_CC.EST,1.1558661
QAT,Qatar,2011,GOV_WGI_CC.EST,1.1504795
QAT,Qatar,2010,GOV_WGI_CC.EST,1.3446901
QAT,Qatar,2009,GOV_WGI_CC.EST,1.3734502
QAT,Qatar,2008,GOV_WGI_CC.EST,1.0956962
QAT,Qatar,2007,GOV_WGI_CC.EST,0.9099992
QAT,Qatar,2006,GOV_WGI_CC.EST,0.8261586
QAT,Qatar,2005,GOV_WGI_CC.EST,0.666323
ROU,Romania,2024,GOV_WGI_CC.EST,0.0259732
ROU,Romania,2023,GOV_WGI_CC.EST,0.0314923
ROU,Romania,2022,GOV_WGI_CC.EST,0.0662149
ROU,Romania,2021,GOV_WGI_CC.EST,0.0096051
ROU,Romania,2020,GOV_WGI_CC.EST,-0.0497221
ROU,Romania,2019,GOV_WGI_CC.EST,-0.1199219
ROU,Romania,2018,GOV_WGI_CC.EST,-0.168955
ROU,Romania,2017,GOV_WGI_CC.EST,-0.0489883999999999
ROU,Romania,2016,GOV_WGI_CC.EST,-0.0698652
ROU,Romania,2015,GOV_WGI_CC.EST,-0.0980376999999999
ROU,Romania,2014,GOV_WGI_CC.EST,-0.2306942
ROU,Romania,2013,GOV_WGI_CC.EST,-0.282036
ROU,Romania,2012,GOV_WGI_CC.EST,-0.3587285
ROU,Romania,2011,GOV_WGI_CC.EST,-0.1779463
ROU,Romania,2010,GOV_WGI_CC.EST,-0.2925809
ROU,Romania,2009,GOV_WGI_CC.EST,-0.3246557
ROU,Romania,2008,GOV_WGI_CC.EST,-0.294165499999999
ROU,Romania,2007,GOV_WGI_CC.EST,-0.3353236
ROU,Romania,2006,GOV_WGI_CC.EST,-0.2549146
ROU,Romania,2005,GOV_WGI_CC.EST,-0.353771499999999
RUS,Russian Federation,2024,GOV_WGI_CC.EST,-0.8911386
RUS,Russian Federation,2023,GOV_WGI_CC.EST,-0.8877345
RUS,Russian Federation,2022,GOV_WGI_CC.EST,-0.772806099999999
RUS,Russian Federation,2021,GOV_WGI_CC.EST,-0.7788442
RUS,Russian Federation,2020,GOV_WGI_CC.EST,-0.7746533
RUS,Russian Federation,2019,GOV_WGI_CC.EST,-0.7696119
RUS,Russian Federation,2018,GOV_WGI_CC.EST,-0.888736499999999
RUS,Russian Federation,2017,GOV_WGI_CC.EST,-0.9134357
RUS,Russian Federation,2016,GOV_WGI_CC.EST,-0.8264543
RUS,Russian Federation,2015,GOV_WGI_CC.EST,-0.913436199999999
RUS,Russian Federation,2014,GOV_WGI_CC.EST,-0.887628899999999
RUS,Russian Federation,2013,GOV_WGI_CC.EST,-1.002184
RUS,Russian Federation,2012,GOV_WGI_CC.EST,-1.06889979999999
RUS,Russian Federation,2011,GOV_WGI_CC.EST,-0.9445528
RUS,Russian Federation,2010,GOV_WGI_CC.EST,-1.07554859999999
RUS,Russian Federation,2009,GOV_WGI_CC.EST,-1.16184779999999
RUS,Russian Federation,2008,GOV_WGI_CC.EST,-1.14019499999999
RUS,Russian Federation,2007,GOV_WGI_CC.EST,-1.0809178
RUS,Russian Federation,2006,GOV_WGI_CC.EST,-0.9771356
RUS,Russian Federation,2005,GOV_WGI_CC.EST,-0.9104202
RWA,Rwanda,2024,GOV_WGI_CC.EST,0.6254936
RWA,Rwanda,2023,GOV_WGI_CC.EST,0.6808504
RWA,Rwanda,2022,GOV_WGI_CC.EST,0.5279544
RWA,Rwanda,2021,GOV_WGI_CC.EST,0.4694992
RWA,Rwanda,2020,GOV_WGI_CC.EST,0.5134655
RWA,Rwanda,2019,GOV_WGI_CC.EST,0.4520132
RWA,Rwanda,2018,GOV_WGI_CC.EST,0.4362084
RWA,Rwanda,2017,GOV_WGI_CC.EST,0.5061897
RWA,Rwanda,2016,GOV_WGI_CC.EST,0.5807531
RWA,Rwanda,2015,GOV_WGI_CC.EST,0.5000821
RWA,Rwanda,2014,GOV_WGI_CC.EST,0.4896227
RWA,Rwanda,2013,GOV_WGI_CC.EST,0.4277974
RWA,Rwanda,2012,GOV_WGI_CC.EST,0.4271324
RWA,Rwanda,2011,GOV_WGI_CC.EST,0.2939461
RWA,Rwanda,2010,GOV_WGI_CC.EST,0.2778291
RWA,Rwanda,2009,GOV_WGI_CC.EST,0.0325468
RWA,Rwanda,2008,GOV_WGI_CC.EST,0.0459088
RWA,Rwanda,2007,GOV_WGI_CC.EST,-0.1290585
RWA,Rwanda,2006,GOV_WGI_CC.EST,-0.224057199999999
RWA,Rwanda,2005,GOV_WGI_CC.EST,-0.3597549
WSM,Samoa,2024,GOV_WGI_CC.EST,0.6881137
WSM,Samoa,2023,GOV_WGI_CC.EST,0.8188682
WSM,Samoa,2022,GOV_WGI_CC.EST,0.7661609
WSM,Samoa,2021,GOV_WGI_CC.EST,0.7667536
WSM,Samoa,2020,GOV_WGI_CC.EST,0.8109135
WSM,Samoa,2019,GOV_WGI_CC.EST,0.6220257
WSM,Samoa,2018,GOV_WGI_CC.EST,0.618417
WSM,Samoa,2017,GOV_WGI_CC.EST,0.6157976
WSM,Samoa,2016,GOV_WGI_CC.EST,0.1887409
WSM,Samoa,2015,GOV_WGI_CC.EST,0.1792839
WSM,Samoa,2014,GOV_WGI_CC.EST,0.1770585
WSM,Samoa,2013,GOV_WGI_CC.EST,0.1795555
WSM,Samoa,2012,GOV_WGI_CC.EST,0.1793426
WSM,Samoa,2011,GOV_WGI_CC.EST,0.1821441
WSM,Samoa,2010,GOV_WGI_CC.EST,0.1834923
WSM,Samoa,2009,GOV_WGI_CC.EST,0.206813
WSM,Samoa,2008,GOV_WGI_CC.EST,0.2745725
WSM,Samoa,2007,GOV_WGI_CC.EST,0.2735024
WSM,Samoa,2006,GOV_WGI_CC.EST,0.2775284
WSM,Samoa,2005,GOV_WGI_CC.EST,0.2719079
SMR,San Marino,2024,GOV_WGI_CC.EST,1.1762344
SMR,San Marino,2023,GOV_WGI_CC.EST,1.1733125
SMR,San Marino,2022,GOV_WGI_CC.EST,1.1763452
SMR,San Marino,2021,GOV_WGI_CC.EST,1.1772281
SMR,San Marino,2020,GOV_WGI_CC.EST,1.1797991
SMR,San Marino,2019,GOV_WGI_CC.EST,1.1784788
SMR,San Marino,2018,GOV_WGI_CC.EST,1.1732244
SMR,San Marino,2017,GOV_WGI_CC.EST,1.1694105
SMR,San Marino,2016,GOV_WGI_CC.EST,1.1716528
SMR,San Marino,2015,GOV_WGI_CC.EST,1.1685187
STP,Sao Tome and Principe,2024,GOV_WGI_CC.EST,0.1841644
STP,Sao Tome and Principe,2023,GOV_WGI_CC.EST,0.1218554
STP,Sao Tome and Principe,2022,GOV_WGI_CC.EST,0.1448531
STP,Sao Tome and Principe,2021,GOV_WGI_CC.EST,0.1620477
STP,Sao Tome and Principe,2020,GOV_WGI_CC.EST,0.0892524
STP,Sao Tome and Principe,2019,GOV_WGI_CC.EST,0.1759771
STP,Sao Tome and Principe,2018,GOV_WGI_CC.EST,0.1565474
STP,Sao Tome and Principe,2017,GOV_WGI_CC.EST,0.0961283999999999
STP,Sao Tome and Principe,2016,GOV_WGI_CC.EST,-0.1169146
STP,Sao Tome and Principe,2015,GOV_WGI_CC.EST,-0.0797689999999999
STP,Sao Tome and Principe,2014,GOV_WGI_CC.EST,-0.0806894
STP,Sao Tome and Principe,2013,GOV_WGI_CC.EST,-0.1937576
STP,Sao Tome and Principe,2012,GOV_WGI_CC.EST,-0.1592074
STP,Sao Tome and Principe,2011,GOV_WGI_CC.EST,-0.158021599999999
STP,Sao Tome and Principe,2010,GOV_WGI_CC.EST,-0.2249869
STP,Sao Tome and Principe,2009,GOV_WGI_CC.EST,-0.24061
STP,Sao Tome and Principe,2008,GOV_WGI_CC.EST,-0.2913022
STP,Sao Tome and Principe,2007,GOV_WGI_CC.EST,-0.3761365
STP,Sao Tome and Principe,2006,GOV_WGI_CC.EST,-0.459173699999999
STP,Sao Tome and Principe,2005,GOV_WGI_CC.EST,-0.4171686
SAU,Saudi Arabia,2024,GOV_WGI_CC.EST,0.7528275
SAU,Saudi Arabia,2023,GOV_WGI_CC.EST,0.476953
SAU,Saudi Arabia,2022,GOV_WGI_CC.EST,0.2767396
SAU,Saudi Arabia,2021,GOV_WGI_CC.EST,0.2365231
SAU,Saudi Arabia,2020,GOV_WGI_CC.EST,0.32153
SAU,Saudi Arabia,2019,GOV_WGI_CC.EST,0.2130276
SAU,Saudi Arabia,2018,GOV_WGI_CC.EST,0.1556309
SAU,Saudi Arabia,2017,GOV_WGI_CC.EST,0.1100011
SAU,Saudi Arabia,2016,GOV_WGI_CC.EST,0.1203849
SAU,Saudi Arabia,2015,GOV_WGI_CC.EST,-0.140992099999999
SAU,Saudi Arabia,2014,GOV_WGI_CC.EST,-0.2508778
SAU,Saudi Arabia,2013,GOV_WGI_CC.EST,-0.1775677
SAU,Saudi Arabia,2012,GOV_WGI_CC.EST,-0.1950621
SAU,Saudi Arabia,2011,GOV_WGI_CC.EST,-0.2131986
SAU,Saudi Arabia,2010,GOV_WGI_CC.EST,-0.121664399999999
SAU,Saudi Arabia,2009,GOV_WGI_CC.EST,-0.2616499
SAU,Saudi Arabia,2008,GOV_WGI_CC.EST,-0.201515399999999
SAU,Saudi Arabia,2007,GOV_WGI_CC.EST,-0.3219808
SAU,Saudi Arabia,2006,GOV_WGI_CC.EST,-0.326085099999999
SAU,Saudi Arabia,2005,GOV_WGI_CC.EST,-0.4021855
SEN,Senegal,2024,GOV_WGI_CC.EST,0.1130413
SEN,Senegal,2023,GOV_WGI_CC.EST,0.0381077
SEN,Senegal,2022,GOV_WGI_CC.EST,0.0169424
SEN,Senegal,2021,GOV_WGI_CC.EST,0.0360917
SEN,Senegal,2020,GOV_WGI_CC.EST,-0.0155587
SEN,Senegal,2019,GOV_WGI_CC.EST,-0.000328699999999999
SEN,Senegal,2018,GOV_WGI_CC.EST,0.0271111
SEN,Senegal,2017,GOV_WGI_CC.EST,-0.0177432
SEN,Senegal,2016,GOV_WGI_CC.EST,0.0315258
SEN,Senegal,2015,GOV_WGI_CC.EST,0.0806390999999999
SEN,Senegal,2014,GOV_WGI_CC.EST,0.03561
SEN,Senegal,2013,GOV_WGI_CC.EST,-0.221789899999999
SEN,Senegal,2012,GOV_WGI_CC.EST,-0.2609003
SEN,Senegal,2011,GOV_WGI_CC.EST,-0.3719629
SEN,Senegal,2010,GOV_WGI_CC.EST,-0.5598176
SEN,Senegal,2009,GOV_WGI_CC.EST,-0.4445787
SEN,Senegal,2008,GOV_WGI_CC.EST,-0.373044899999999
SEN,Senegal,2007,GOV_WGI_CC.EST,-0.366259699999999
SEN,Senegal,2006,GOV_WGI_CC.EST,-0.2938212
SEN,Senegal,2005,GOV_WGI_CC.EST,-0.184227299999999
SRB,Serbia,2024,GOV_WGI_CC.EST,-0.5608287
SRB,Serbia,2023,GOV_WGI_CC.EST,-0.501692
SRB,Serbia,2022,GOV_WGI_CC.EST,-0.484904899999999
SRB,Serbia,2021,GOV_WGI_CC.EST,-0.4707878
SRB,Serbia,2020,GOV_WGI_CC.EST,-0.3682278
SRB,Serbia,2019,GOV_WGI_CC.EST,-0.3635548
SRB,Serbia,2018,GOV_WGI_CC.EST,-0.386952199999999
SRB,Serbia,2017,GOV_WGI_CC.EST,-0.408215599999999
SRB,Serbia,2016,GOV_WGI_CC.EST,-0.3507415
SRB,Serbia,2015,GOV_WGI_CC.EST,-0.3238735
SRB,Serbia,2014,GOV_WGI_CC.EST,-0.2208569
SRB,Serbia,2013,GOV_WGI_CC.EST,-0.368659099999999
SRB,Serbia,2012,GOV_WGI_CC.EST,-0.392706
SRB,Serbia,2011,GOV_WGI_CC.EST,-0.3321697
SRB,Serbia,2010,GOV_WGI_CC.EST,-0.365913799999999
SRB,Serbia,2009,GOV_WGI_CC.EST,-0.334054099999999
SRB,Serbia,2008,GOV_WGI_CC.EST,-0.310971
SRB,Serbia,2007,GOV_WGI_CC.EST,-0.3109326
SRB,Serbia,2006,GOV_WGI_CC.EST,-0.2366528
SRB,Serbia,2005,GOV_WGI_CC.EST,-0.624759699999999
SYC,Seychelles,2024,GOV_WGI_CC.EST,1.2307957
SYC,Seychelles,2023,GOV_WGI_CC.EST,1.151735
SYC,Seychelles,2022,GOV_WGI_CC.EST,1.1495314
SYC,Seychelles,2021,GOV_WGI_CC.EST,1.1441374
SYC,Seychelles,2020,GOV_WGI_CC.EST,1.1448063
SYC,Seychelles,2019,GOV_WGI_CC.EST,1.0734136
SYC,Seychelles,2018,GOV_WGI_CC.EST,0.8163729
SYC,Seychelles,2017,GOV_WGI_CC.EST,0.7220791
SYC,Seychelles,2016,GOV_WGI_CC.EST,0.9114965
SYC,Seychelles,2015,GOV_WGI_CC.EST,0.9238577
SYC,Seychelles,2014,GOV_WGI_CC.EST,0.4713108
SYC,Seychelles,2013,GOV_WGI_CC.EST,0.4170086
SYC,Seychelles,2012,GOV_WGI_CC.EST,0.4106607
SYC,Seychelles,2011,GOV_WGI_CC.EST,0.4403622
SYC,Seychelles,2010,GOV_WGI_CC.EST,0.4410844
SYC,Seychelles,2009,GOV_WGI_CC.EST,0.4120842
SYC,Seychelles,2008,GOV_WGI_CC.EST,0.1133127
SYC,Seychelles,2007,GOV_WGI_CC.EST,0.112835
SYC,Seychelles,2006,GOV_WGI_CC.EST,0.1146319
SYC,Seychelles,2005,GOV_WGI_CC.EST,0.1121234
SLE,Sierra Leone,2024,GOV_WGI_CC.EST,-0.702284199999999
SLE,Sierra Leone,2023,GOV_WGI_CC.EST,-0.568678999999999
SLE,Sierra Leone,2022,GOV_WGI_CC.EST,-0.5533309
SLE,Sierra Leone,2021,GOV_WGI_CC.EST,-0.478002999999999
SLE,Sierra Leone,2020,GOV_WGI_CC.EST,-0.4611415
SLE,Sierra Leone,2019,GOV_WGI_CC.EST,-0.512898499999999
SLE,Sierra Leone,2018,GOV_WGI_CC.EST,-0.5315771
SLE,Sierra Leone,2017,GOV_WGI_CC.EST,-0.6651075
SLE,Sierra Leone,2016,GOV_WGI_CC.EST,-0.826636199999999
SLE,Sierra Leone,2015,GOV_WGI_CC.EST,-0.7988086
SLE,Sierra Leone,2014,GOV_WGI_CC.EST,-0.8422333
SLE,Sierra Leone,2013,GOV_WGI_CC.EST,-0.801596699999999
SLE,Sierra Leone,2012,GOV_WGI_CC.EST,-0.7690941
SLE,Sierra Leone,2011,GOV_WGI_CC.EST,-0.6666656
SLE,Sierra Leone,2010,GOV_WGI_CC.EST,-0.6318848
SLE,Sierra Leone,2009,GOV_WGI_CC.EST,-0.7565101
SLE,Sierra Leone,2008,GOV_WGI_CC.EST,-0.890809299999999
SLE,Sierra Leone,2007,GOV_WGI_CC.EST,-0.956930899999999
SLE,Sierra Leone,2006,GOV_WGI_CC.EST,-1.0120347
SLE,Sierra Leone,2005,GOV_WGI_CC.EST,-1.0388939
SGP,Singapore,2024,GOV_WGI_CC.EST,1.9681221
SGP,Singapore,2023,GOV_WGI_CC.EST,1.9240956
SGP,Singapore,2022,GOV_WGI_CC.EST,2.0329943
SGP,Singapore,2021,GOV_WGI_CC.EST,2.0800635
SGP,Singapore,2020,GOV_WGI_CC.EST,2.1272918
SGP,Singapore,2019,GOV_WGI_CC.EST,2.1188705
SGP,Singapore,2018,GOV_WGI_CC.EST,2.1254362
SGP,Singapore,2017,GOV_WGI_CC.EST,2.1125052
SGP,Singapore,2016,GOV_WGI_CC.EST,2.1044197
SGP,Singapore,2015,GOV_WGI_CC.EST,2.0799858
SGP,Singapore,2014,GOV_WGI_CC.EST,2.0560463
SGP,Singapore,2013,GOV_WGI_CC.EST,2.0543133
SGP,Singapore,2012,GOV_WGI_CC.EST,2.0881784
SGP,Singapore,2011,GOV_WGI_CC.EST,2.0725464
SGP,Singapore,2010,GOV_WGI_CC.EST,2.07204
SGP,Singapore,2009,GOV_WGI_CC.EST,2.1408814
SGP,Singapore,2008,GOV_WGI_CC.EST,2.1684032
SGP,Singapore,2007,GOV_WGI_CC.EST,2.1699161
SGP,Singapore,2006,GOV_WGI_CC.EST,2.1499328
SGP,Singapore,2005,GOV_WGI_CC.EST,2.0030373
SVK,Slovak Republic,2024,GOV_WGI_CC.EST,0.1108201
SVK,Slovak Republic,2023,GOV_WGI_CC.EST,0.3846188
SVK,Slovak Republic,2022,GOV_WGI_CC.EST,0.3774853
SVK,Slovak Republic,2021,GOV_WGI_CC.EST,0.3575001
SVK,Slovak Republic,2020,GOV_WGI_CC.EST,0.4197316
SVK,Slovak Republic,2019,GOV_WGI_CC.EST,0.2499712
SVK,Slovak Republic,2018,GOV_WGI_CC.EST,0.26406
SVK,Slovak Republic,2017,GOV_WGI_CC.EST,0.2266169
SVK,Slovak Republic,2016,GOV_WGI_CC.EST,0.2841166
SVK,Slovak Republic,2015,GOV_WGI_CC.EST,0.192681
SVK,Slovak Republic,2014,GOV_WGI_CC.EST,0.1860971
SVK,Slovak Republic,2013,GOV_WGI_CC.EST,0.1495037
SVK,Slovak Republic,2012,GOV_WGI_CC.EST,0.1773254
SVK,Slovak Republic,2011,GOV_WGI_CC.EST,0.2279303
SVK,Slovak Republic,2010,GOV_WGI_CC.EST,0.2279608
SVK,Slovak Republic,2009,GOV_WGI_CC.EST,0.1802111
SVK,Slovak Republic,2008,GOV_WGI_CC.EST,0.3196223
SVK,Slovak Republic,2007,GOV_WGI_CC.EST,0.3825594
SVK,Slovak Republic,2006,GOV_WGI_CC.EST,0.4786729
SVK,Slovak Republic,2005,GOV_WGI_CC.EST,0.4467467
SVN,Slovenia,2024,GOV_WGI_CC.EST,0.6743495
SVN,Slovenia,2023,GOV_WGI_CC.EST,0.6814999
SVN,Slovenia,2022,GOV_WGI_CC.EST,0.7480799
SVN,Slovenia,2021,GOV_WGI_CC.EST,0.6986582
SVN,Slovenia,2020,GOV_WGI_CC.EST,0.7760206
SVN,Slovenia,2019,GOV_WGI_CC.EST,0.848482
SVN,Slovenia,2018,GOV_WGI_CC.EST,0.819582
SVN,Slovenia,2017,GOV_WGI_CC.EST,0.7942102
SVN,Slovenia,2016,GOV_WGI_CC.EST,0.7620923
SVN,Slovenia,2015,GOV_WGI_CC.EST,0.6575394
SVN,Slovenia,2014,GOV_WGI_CC.EST,0.6036712
SVN,Slovenia,2013,GOV_WGI_CC.EST,0.6001872
SVN,Slovenia,2012,GOV_WGI_CC.EST,0.6842766
SVN,Slovenia,2011,GOV_WGI_CC.EST,0.6998632
SVN,Slovenia,2010,GOV_WGI_CC.EST,0.7280642
SVN,Slovenia,2009,GOV_WGI_CC.EST,0.9078798
SVN,Slovenia,2008,GOV_WGI_CC.EST,0.8826006
SVN,Slovenia,2007,GOV_WGI_CC.EST,0.9858268
SVN,Slovenia,2006,GOV_WGI_CC.EST,0.9608579
SVN,Slovenia,2005,GOV_WGI_CC.EST,0.8361885
SLB,Solomon Islands,2024,GOV_WGI_CC.EST,-0.1401036
SLB,Solomon Islands,2023,GOV_WGI_CC.EST,-0.1764808
SLB,Solomon Islands,2022,GOV_WGI_CC.EST,-0.1752124
SLB,Solomon Islands,2021,GOV_WGI_CC.EST,-0.1748432
SLB,Solomon Islands,2020,GOV_WGI_CC.EST,-0.0256466
SLB,Solomon Islands,2019,GOV_WGI_CC.EST,0.0004546
SLB,Solomon Islands,2018,GOV_WGI_CC.EST,-0.1478206
SLB,Solomon Islands,2017,GOV_WGI_CC.EST,-0.1494384
SLB,Solomon Islands,2016,GOV_WGI_CC.EST,-0.4109498
SLB,Solomon Islands,2015,GOV_WGI_CC.EST,-0.4012117
SLB,Solomon Islands,2014,GOV_WGI_CC.EST,-0.3998249
SLB,Solomon Islands,2013,GOV_WGI_CC.EST,-0.405030899999999
SLB,Solomon Islands,2012,GOV_WGI_CC.EST,-0.4011688
SLB,Solomon Islands,2011,GOV_WGI_CC.EST,-0.427587899999999
SLB,Solomon Islands,2010,GOV_WGI_CC.EST,-0.411535999999999
SLB,Solomon Islands,2009,GOV_WGI_CC.EST,-0.317736299999999
SLB,Solomon Islands,2008,GOV_WGI_CC.EST,-0.4231645
SLB,Solomon Islands,2007,GOV_WGI_CC.EST,-0.4805075
SLB,Solomon Islands,2006,GOV_WGI_CC.EST,-0.2837935
SLB,Solomon Islands,2005,GOV_WGI_CC.EST,-0.0437549
SOM,Somalia,2024,GOV_WGI_CC.EST,-1.7861136
SOM,Somalia,2023,GOV_WGI_CC.EST,-1.61685259999999
SOM,Somalia,2022,GOV_WGI_CC.EST,-1.59878449999999
SOM,Somalia,2021,GOV_WGI_CC.EST,-1.6031075
SOM,Somalia,2020,GOV_WGI_CC.EST,-1.5494727
SOM,Somalia,2019,GOV_WGI_CC.EST,-1.6343465
SOM,Somalia,2018,GOV_WGI_CC.EST,-1.80642059999999
SOM,Somalia,2017,GOV_WGI_CC.EST,-1.721871
SOM,Somalia,2016,GOV_WGI_CC.EST,-1.7350014
SOM,Somalia,2015,GOV_WGI_CC.EST,-1.7297878
SOM,Somalia,2014,GOV_WGI_CC.EST,-1.73994569999999
SOM,Somalia,2013,GOV_WGI_CC.EST,-1.64551309999999
SOM,Somalia,2012,GOV_WGI_CC.EST,-1.649052
SOM,Somalia,2011,GOV_WGI_CC.EST,-1.6615444
SOM,Somalia,2010,GOV_WGI_CC.EST,-1.684578
SOM,Somalia,2009,GOV_WGI_CC.EST,-1.5862218
SOM,Somalia,2008,GOV_WGI_CC.EST,-1.6858822
SOM,Somalia,2007,GOV_WGI_CC.EST,-1.6552547
SOM,Somalia,2006,GOV_WGI_CC.EST,-1.6536954
SOM,Somalia,2005,GOV_WGI_CC.EST,-1.657789
ZAF,South Africa,2024,GOV_WGI_CC.EST,-0.191792799999999
ZAF,South Africa,2023,GOV_WGI_CC.EST,-0.2095917
ZAF,South Africa,2022,GOV_WGI_CC.EST,-0.1634734
ZAF,South Africa,2021,GOV_WGI_CC.EST,0.0645613
ZAF,South Africa,2020,GOV_WGI_CC.EST,0.0256677
ZAF,South Africa,2019,GOV_WGI_CC.EST,0.0349803
ZAF,South Africa,2018,GOV_WGI_CC.EST,-0.0473417999999999
ZAF,South Africa,2017,GOV_WGI_CC.EST,-0.0798663999999999
ZAF,South Africa,2016,GOV_WGI_CC.EST,0.0306383
ZAF,South Africa,2015,GOV_WGI_CC.EST,0.0114254
ZAF,South Africa,2014,GOV_WGI_CC.EST,-0.0143828
ZAF,South Africa,2013,GOV_WGI_CC.EST,-0.0335595
ZAF,South Africa,2012,GOV_WGI_CC.EST,-0.0291711999999999
ZAF,South Africa,2011,GOV_WGI_CC.EST,0.1087565
ZAF,South Africa,2010,GOV_WGI_CC.EST,0.093303
ZAF,South Africa,2009,GOV_WGI_CC.EST,0.1056357
ZAF,South Africa,2008,GOV_WGI_CC.EST,0.1596049
ZAF,South Africa,2007,GOV_WGI_CC.EST,0.3081368
ZAF,South Africa,2006,GOV_WGI_CC.EST,0.4594323
ZAF,South Africa,2005,GOV_WGI_CC.EST,0.3388716
SSD,South Sudan,2024,GOV_WGI_CC.EST,-2.0647211
SSD,South Sudan,2023,GOV_WGI_CC.EST,-1.87741769999999
SSD,South Sudan,2022,GOV_WGI_CC.EST,-1.861122
SSD,South Sudan,2021,GOV_WGI_CC.EST,-1.82343179999999
SSD,South Sudan,2020,GOV_WGI_CC.EST,-1.80683669999999
SSD,South Sudan,2019,GOV_WGI_CC.EST,-1.8861426
SSD,South Sudan,2018,GOV_WGI_CC.EST,-1.8304337
SSD,South Sudan,2017,GOV_WGI_CC.EST,-1.7562035
SSD,South Sudan,2016,GOV_WGI_CC.EST,-1.7919554
SSD,South Sudan,2015,GOV_WGI_CC.EST,-1.77074769999999
SSD,South Sudan,2014,GOV_WGI_CC.EST,-1.71827969999999
SSD,South Sudan,2013,GOV_WGI_CC.EST,-1.4236144
SSD,South Sudan,2012,GOV_WGI_CC.EST,-1.34178249999999
SSD,South Sudan,2011,GOV_WGI_CC.EST,-1.2275676
SSD,South Sudan,2010,GOV_WGI_CC.EST,-0.214174099999999
ESP,Spain,2024,GOV_WGI_CC.EST,0.7145938
ESP,Spain,2023,GOV_WGI_CC.EST,0.7395223
ESP,Spain,2022,GOV_WGI_CC.EST,0.7816745
ESP,Spain,2021,GOV_WGI_CC.EST,0.8120886
ESP,Spain,2020,GOV_WGI_CC.EST,0.8309019
ESP,Spain,2019,GOV_WGI_CC.EST,0.8202611
ESP,Spain,2018,GOV_WGI_CC.EST,0.7455087
ESP,Spain,2017,GOV_WGI_CC.EST,0.5939905
ESP,Spain,2016,GOV_WGI_CC.EST,0.6246332
ESP,Spain,2015,GOV_WGI_CC.EST,0.5903482
ESP,Spain,2014,GOV_WGI_CC.EST,0.5991782
ESP,Spain,2013,GOV_WGI_CC.EST,0.7866619
ESP,Spain,2012,GOV_WGI_CC.EST,1.1056885
ESP,Spain,2011,GOV_WGI_CC.EST,1.1180861
ESP,Spain,2010,GOV_WGI_CC.EST,1.0363797
ESP,Spain,2009,GOV_WGI_CC.EST,1.0216805
ESP,Spain,2008,GOV_WGI_CC.EST,1.1454928
ESP,Spain,2007,GOV_WGI_CC.EST,1.0458322
ESP,Spain,2006,GOV_WGI_CC.EST,1.1783348
ESP,Spain,2005,GOV_WGI_CC.EST,1.2563014
LKA,Sri Lanka,2024,GOV_WGI_CC.EST,-0.384770899999999
LKA,Sri Lanka,2023,GOV_WGI_CC.EST,-0.3868314
LKA,Sri Lanka,2022,GOV_WGI_CC.EST,-0.3533578
LKA,Sri Lanka,2021,GOV_WGI_CC.EST,-0.3367364
LKA,Sri Lanka,2020,GOV_WGI_CC.EST,-0.2760375
LKA,Sri Lanka,2019,GOV_WGI_CC.EST,-0.1639347
LKA,Sri Lanka,2018,GOV_WGI_CC.EST,-0.2047049
LKA,Sri Lanka,2017,GOV_WGI_CC.EST,-0.307832799999999
LKA,Sri Lanka,2016,GOV_WGI_CC.EST,-0.2510246
LKA,Sri Lanka,2015,GOV_WGI_CC.EST,-0.3413605
LKA,Sri Lanka,2014,GOV_WGI_CC.EST,-0.4501459
LKA,Sri Lanka,2013,GOV_WGI_CC.EST,-0.3103438
LKA,Sri Lanka,2012,GOV_WGI_CC.EST,-0.3066483
LKA,Sri Lanka,2011,GOV_WGI_CC.EST,-0.2480769
LKA,Sri Lanka,2010,GOV_WGI_CC.EST,-0.2614436
LKA,Sri Lanka,2009,GOV_WGI_CC.EST,-0.1917813
LKA,Sri Lanka,2008,GOV_WGI_CC.EST,-0.267343699999999
LKA,Sri Lanka,2007,GOV_WGI_CC.EST,-0.1378825
LKA,Sri Lanka,2006,GOV_WGI_CC.EST,-0.226476099999999
LKA,Sri Lanka,2005,GOV_WGI_CC.EST,-0.242344299999999
KNA,St. Kitts and Nevis,2024,GOV_WGI_CC.EST,0.3480989
KNA,St. Kitts and Nevis,2023,GOV_WGI_CC.EST,0.3519798
KNA,St. Kitts and Nevis,2022,GOV_WGI_CC.EST,0.3109783
KNA,St. Kitts and Nevis,2021,GOV_WGI_CC.EST,0.352033
KNA,St. Kitts and Nevis,2020,GOV_WGI_CC.EST,0.3247512
KNA,St. Kitts and Nevis,2019,GOV_WGI_CC.EST,0.324202
KNA,St. Kitts and Nevis,2018,GOV_WGI_CC.EST,0.4031973
KNA,St. Kitts and Nevis,2017,GOV_WGI_CC.EST,0.4660328
KNA,St. Kitts and Nevis,2016,GOV_WGI_CC.EST,0.4304457
KNA,St. Kitts and Nevis,2015,GOV_WGI_CC.EST,0.429142
KNA,St. Kitts and Nevis,2014,GOV_WGI_CC.EST,-0.0834636
KNA,St. Kitts and Nevis,2013,GOV_WGI_CC.EST,1.3250051
KNA,St. Kitts and Nevis,2012,GOV_WGI_CC.EST,1.3246331
KNA,St. Kitts and Nevis,2011,GOV_WGI_CC.EST,1.3295291
KNA,St. Kitts and Nevis,2010,GOV_WGI_CC.EST,1.3318853
KNA,St. Kitts and Nevis,2009,GOV_WGI_CC.EST,1.0478893
KNA,St. Kitts and Nevis,2008,GOV_WGI_CC.EST,1.0479318
KNA,St. Kitts and Nevis,2007,GOV_WGI_CC.EST,1.0467254
KNA,St. Kitts and Nevis,2006,GOV_WGI_CC.EST,1.0512639
KNA,St. Kitts and Nevis,2005,GOV_WGI_CC.EST,1.0449279
LCA,St. Lucia,2024,GOV_WGI_CC.EST,0.4492828
LCA,St. Lucia,2023,GOV_WGI_CC.EST,0.3771938
LCA,St. Lucia,2022,GOV_WGI_CC.EST,0.3713679
LCA,St. Lucia,2021,GOV_WGI_CC.EST,0.370132
LCA,St. Lucia,2020,GOV_WGI_CC.EST,0.37834
LCA,St. Lucia,2019,GOV_WGI_CC.EST,0.4745651
LCA,St. Lucia,2018,GOV_WGI_CC.EST,0.4535507
LCA,St. Lucia,2017,GOV_WGI_CC.EST,0.5017334
LCA,St. Lucia,2016,GOV_WGI_CC.EST,0.5712704
LCA,St. Lucia,2015,GOV_WGI_CC.EST,0.5702666
LCA,St. Lucia,2014,GOV_WGI_CC.EST,0.3501512
LCA,St. Lucia,2013,GOV_WGI_CC.EST,1.1698184
LCA,St. Lucia,2012,GOV_WGI_CC.EST,1.1696019
LCA,St. Lucia,2011,GOV_WGI_CC.EST,1.350032
LCA,St. Lucia,2010,GOV_WGI_CC.EST,1.3516835
LCA,St. Lucia,2009,GOV_WGI_CC.EST,1.1348543
LCA,St. Lucia,2008,GOV_WGI_CC.EST,1.1348862
LCA,St. Lucia,2007,GOV_WGI_CC.EST,1.1339794
LCA,St. Lucia,2006,GOV_WGI_CC.EST,1.1373909
LCA,St. Lucia,2005,GOV_WGI_CC.EST,1.1326284
VCT,St. Vincent and the Grenadines,2024,GOV_WGI_CC.EST,0.7050204
VCT,St. Vincent and the Grenadines,2023,GOV_WGI_CC.EST,0.7112575
VCT,St. Vincent and the Grenadines,2022,GOV_WGI_CC.EST,0.7243711
VCT,St. Vincent and the Grenadines,2021,GOV_WGI_CC.EST,0.7401119
VCT,St. Vincent and the Grenadines,2020,GOV_WGI_CC.EST,0.7606733
VCT,St. Vincent and the Grenadines,2019,GOV_WGI_CC.EST,0.7602069
VCT,St. Vincent and the Grenadines,2018,GOV_WGI_CC.EST,0.7531367
VCT,St. Vincent and the Grenadines,2017,GOV_WGI_CC.EST,0.7018791
VCT,St. Vincent and the Grenadines,2016,GOV_WGI_CC.EST,0.6777104
VCT,St. Vincent and the Grenadines,2015,GOV_WGI_CC.EST,0.6766032
VCT,St. Vincent and the Grenadines,2014,GOV_WGI_CC.EST,0.6052154
VCT,St. Vincent and the Grenadines,2013,GOV_WGI_CC.EST,1.1550203
VCT,St. Vincent and the Grenadines,2012,GOV_WGI_CC.EST,1.1547595
VCT,St. Vincent and the Grenadines,2011,GOV_WGI_CC.EST,1.1581912
VCT,St. Vincent and the Grenadines,2010,GOV_WGI_CC.EST,1.1598426
VCT,St. Vincent and the Grenadines,2009,GOV_WGI_CC.EST,0.9755701
VCT,St. Vincent and the Grenadines,2008,GOV_WGI_CC.EST,0.9756021
VCT,St. Vincent and the Grenadines,2007,GOV_WGI_CC.EST,0.9746953
VCT,St. Vincent and the Grenadines,2006,GOV_WGI_CC.EST,0.9781067
VCT,St. Vincent and the Grenadines,2005,GOV_WGI_CC.EST,0.9733442
SDN,Sudan,2024,GOV_WGI_CC.EST,-1.557432
SDN,Sudan,2023,GOV_WGI_CC.EST,-1.4513517
SDN,Sudan,2022,GOV_WGI_CC.EST,-1.4462818
SDN,Sudan,2021,GOV_WGI_CC.EST,-1.292527
SDN,Sudan,2020,GOV_WGI_CC.EST,-1.3828975
SDN,Sudan,2019,GOV_WGI_CC.EST,-1.47108899999999
SDN,Sudan,2018,GOV_WGI_CC.EST,-1.5184609
SDN,Sudan,2017,GOV_WGI_CC.EST,-1.480461
SDN,Sudan,2016,GOV_WGI_CC.EST,-1.4810828
SDN,Sudan,2015,GOV_WGI_CC.EST,-1.4808042
SDN,Sudan,2014,GOV_WGI_CC.EST,-1.5461064
SDN,Sudan,2013,GOV_WGI_CC.EST,-1.5693861
SDN,Sudan,2012,GOV_WGI_CC.EST,-1.57216549999999
SDN,Sudan,2011,GOV_WGI_CC.EST,-1.46601389999999
SDN,Sudan,2010,GOV_WGI_CC.EST,-1.4777406
SDN,Sudan,2009,GOV_WGI_CC.EST,-1.42912899999999
SDN,Sudan,2008,GOV_WGI_CC.EST,-1.4268295
SDN,Sudan,2007,GOV_WGI_CC.EST,-1.31310249999999
SDN,Sudan,2006,GOV_WGI_CC.EST,-1.2022545
SDN,Sudan,2005,GOV_WGI_CC.EST,-1.41500919999999
SUR,Suriname,2024,GOV_WGI_CC.EST,-0.3768745
SUR,Suriname,2023,GOV_WGI_CC.EST,-0.3292402
SUR,Suriname,2022,GOV_WGI_CC.EST,-0.308943099999999
SUR,Suriname,2021,GOV_WGI_CC.EST,-0.311597299999999
SUR,Suriname,2020,GOV_WGI_CC.EST,-0.3026185
SUR,Suriname,2019,GOV_WGI_CC.EST,-0.281896
SUR,Suriname,2018,GOV_WGI_CC.EST,-0.2886333
SUR,Suriname,2017,GOV_WGI_CC.EST,-0.195415199999999
SUR,Suriname,2016,GOV_WGI_CC.EST,-0.1787366
SUR,Suriname,2015,GOV_WGI_CC.EST,-0.202065
SUR,Suriname,2014,GOV_WGI_CC.EST,-0.3215014
SUR,Suriname,2013,GOV_WGI_CC.EST,-0.1615538
SUR,Suriname,2012,GOV_WGI_CC.EST,-0.1383846
SUR,Suriname,2011,GOV_WGI_CC.EST,-0.1481547
SUR,Suriname,2010,GOV_WGI_CC.EST,-0.1624579
SUR,Suriname,2009,GOV_WGI_CC.EST,-0.1101563
SUR,Suriname,2008,GOV_WGI_CC.EST,0.1073481
SUR,Suriname,2007,GOV_WGI_CC.EST,0.0924045999999999
SUR,Suriname,2006,GOV_WGI_CC.EST,0.139396
SUR,Suriname,2005,GOV_WGI_CC.EST,0.2853308
SWE,Sweden,2024,GOV_WGI_CC.EST,1.9676051
SWE,Sweden,2023,GOV_WGI_CC.EST,1.9804259
SWE,Sweden,2022,GOV_WGI_CC.EST,2.0255279
SWE,Sweden,2021,GOV_WGI_CC.EST,2.0899139
SWE,Sweden,2020,GOV_WGI_CC.EST,2.1337232
SWE,Sweden,2019,GOV_WGI_CC.EST,2.1292113
SWE,Sweden,2018,GOV_WGI_CC.EST,2.1157895
SWE,Sweden,2017,GOV_WGI_CC.EST,2.1093078
SWE,Sweden,2016,GOV_WGI_CC.EST,2.1058509
SWE,Sweden,2015,GOV_WGI_CC.EST,2.0948719
SWE,Sweden,2014,GOV_WGI_CC.EST,2.0070816
SWE,Sweden,2013,GOV_WGI_CC.EST,2.07534
SWE,Sweden,2012,GOV_WGI_CC.EST,2.1691497
SWE,Sweden,2011,GOV_WGI_CC.EST,2.1230571
SWE,Sweden,2010,GOV_WGI_CC.EST,2.1306982
SWE,Sweden,2009,GOV_WGI_CC.EST,2.1435016
SWE,Sweden,2008,GOV_WGI_CC.EST,2.1588003
SWE,Sweden,2007,GOV_WGI_CC.EST,2.1579783
SWE,Sweden,2006,GOV_WGI_CC.EST,2.1381523
SWE,Sweden,2005,GOV_WGI_CC.EST,2.0329723
CHE,Switzerland,2024,GOV_WGI_CC.EST,2.0072184
CHE,Switzerland,2023,GOV_WGI_CC.EST,2.0972439
CHE,Switzerland,2022,GOV_WGI_CC.EST,2.0949429
CHE,Switzerland,2021,GOV_WGI_CC.EST,2.1059546
CHE,Switzerland,2020,GOV_WGI_CC.EST,2.2868791
CHE,Switzerland,2019,GOV_WGI_CC.EST,2.3009699
CHE,Switzerland,2018,GOV_WGI_CC.EST,2.2937762
CHE,Switzerland,2017,GOV_WGI_CC.EST,2.3027582
CHE,Switzerland,2016,GOV_WGI_CC.EST,2.2830399
CHE,Switzerland,2015,GOV_WGI_CC.EST,2.2702247
CHE,Switzerland,2014,GOV_WGI_CC.EST,2.2607465
CHE,Switzerland,2013,GOV_WGI_CC.EST,2.1291279
CHE,Switzerland,2012,GOV_WGI_CC.EST,2.1649502
CHE,Switzerland,2011,GOV_WGI_CC.EST,2.0892423
CHE,Switzerland,2010,GOV_WGI_CC.EST,2.0649103
CHE,Switzerland,2009,GOV_WGI_CC.EST,2.0499015
CHE,Switzerland,2008,GOV_WGI_CC.EST,2.176294
CHE,Switzerland,2007,GOV_WGI_CC.EST,2.1803588
CHE,Switzerland,2006,GOV_WGI_CC.EST,2.1927741
CHE,Switzerland,2005,GOV_WGI_CC.EST,1.9821243
SYR,Syrian Arab Republic,2024,GOV_WGI_CC.EST,-1.70162709999999
SYR,Syrian Arab Republic,2023,GOV_WGI_CC.EST,-1.7817933
SYR,Syrian Arab Republic,2022,GOV_WGI_CC.EST,-1.79243509999999
SYR,Syrian Arab Republic,2021,GOV_WGI_CC.EST,-1.79070699999999
SYR,Syrian Arab Republic,2020,GOV_WGI_CC.EST,-1.6873687
SYR,Syrian Arab Republic,2019,GOV_WGI_CC.EST,-1.6558161
SYR,Syrian Arab Republic,2018,GOV_WGI_CC.EST,-1.5912541
SYR,Syrian Arab Republic,2017,GOV_WGI_CC.EST,-1.5920556
SYR,Syrian Arab Republic,2016,GOV_WGI_CC.EST,-1.5915844
SYR,Syrian Arab Republic,2015,GOV_WGI_CC.EST,-1.5307718
SYR,Syrian Arab Republic,2014,GOV_WGI_CC.EST,-1.5306381
SYR,Syrian Arab Republic,2013,GOV_WGI_CC.EST,-1.20834819999999
SYR,Syrian Arab Republic,2012,GOV_WGI_CC.EST,-1.19016529999999
SYR,Syrian Arab Republic,2011,GOV_WGI_CC.EST,-1.106722
SYR,Syrian Arab Republic,2010,GOV_WGI_CC.EST,-1.0905246
SYR,Syrian Arab Republic,2009,GOV_WGI_CC.EST,-1.0457825
SYR,Syrian Arab Republic,2008,GOV_WGI_CC.EST,-1.09826089999999
SYR,Syrian Arab Republic,2007,GOV_WGI_CC.EST,-1.0765041
SYR,Syrian Arab Republic,2006,GOV_WGI_CC.EST,-0.9608346
SYR,Syrian Arab Republic,2005,GOV_WGI_CC.EST,-0.956773299999999
TJK,Tajikistan,2024,GOV_WGI_CC.EST,-1.21775639999999
TJK,Tajikistan,2023,GOV_WGI_CC.EST,-1.1236074
TJK,Tajikistan,2022,GOV_WGI_CC.EST,-1.1230133
TJK,Tajikistan,2021,GOV_WGI_CC.EST,-1.0874541
TJK,Tajikistan,2020,GOV_WGI_CC.EST,-1.083847
TJK,Tajikistan,2019,GOV_WGI_CC.EST,-1.27219939999999
TJK,Tajikistan,2018,GOV_WGI_CC.EST,-1.3482752
TJK,Tajikistan,2017,GOV_WGI_CC.EST,-1.2132801
TJK,Tajikistan,2016,GOV_WGI_CC.EST,-1.1861023
TJK,Tajikistan,2015,GOV_WGI_CC.EST,-1.2043521
TJK,Tajikistan,2014,GOV_WGI_CC.EST,-1.2400034
TJK,Tajikistan,2013,GOV_WGI_CC.EST,-1.3323463
TJK,Tajikistan,2012,GOV_WGI_CC.EST,-1.3105533
TJK,Tajikistan,2011,GOV_WGI_CC.EST,-1.2406842
TJK,Tajikistan,2010,GOV_WGI_CC.EST,-1.3765192
TJK,Tajikistan,2009,GOV_WGI_CC.EST,-1.2681926
TJK,Tajikistan,2008,GOV_WGI_CC.EST,-1.2558509
TJK,Tajikistan,2007,GOV_WGI_CC.EST,-1.0629799
TJK,Tajikistan,2006,GOV_WGI_CC.EST,-1.0710889
TJK,Tajikistan,2005,GOV_WGI_CC.EST,-1.3079375
TZA,Tanzania,2024,GOV_WGI_CC.EST,-0.2941052
TZA,Tanzania,2023,GOV_WGI_CC.EST,-0.346236
TZA,Tanzania,2022,GOV_WGI_CC.EST,-0.3590925
TZA,Tanzania,2021,GOV_WGI_CC.EST,-0.351543
TZA,Tanzania,2020,GOV_WGI_CC.EST,-0.2540505
TZA,Tanzania,2019,GOV_WGI_CC.EST,-0.2829332
TZA,Tanzania,2018,GOV_WGI_CC.EST,-0.3396123
TZA,Tanzania,2017,GOV_WGI_CC.EST,-0.3504596
TZA,Tanzania,2016,GOV_WGI_CC.EST,-0.4354617
TZA,Tanzania,2015,GOV_WGI_CC.EST,-0.5825641
TZA,Tanzania,2014,GOV_WGI_CC.EST,-0.6311616
TZA,Tanzania,2013,GOV_WGI_CC.EST,-0.6530961
TZA,Tanzania,2012,GOV_WGI_CC.EST,-0.6184419
TZA,Tanzania,2011,GOV_WGI_CC.EST,-0.5267179
TZA,Tanzania,2010,GOV_WGI_CC.EST,-0.493373299999999
TZA,Tanzania,2009,GOV_WGI_CC.EST,-0.3744225
TZA,Tanzania,2008,GOV_WGI_CC.EST,-0.347588299999999
TZA,Tanzania,2007,GOV_WGI_CC.EST,-0.3125541
TZA,Tanzania,2006,GOV_WGI_CC.EST,-0.2154179
TZA,Tanzania,2005,GOV_WGI_CC.EST,-0.669065599999999
THA,Thailand,2024,GOV_WGI_CC.EST,-0.5273456
THA,Thailand,2023,GOV_WGI_CC.EST,-0.439334199999999
THA,Thailand,2022,GOV_WGI_CC.EST,-0.403978499999999
THA,Thailand,2021,GOV_WGI_CC.EST,-0.3893452
THA,Thailand,2020,GOV_WGI_CC.EST,-0.3820186
THA,Thailand,2019,GOV_WGI_CC.EST,-0.3854632
THA,Thailand,2018,GOV_WGI_CC.EST,-0.3729339
THA,Thailand,2017,GOV_WGI_CC.EST,-0.3709316
THA,Thailand,2016,GOV_WGI_CC.EST,-0.408719499999999
THA,Thailand,2015,GOV_WGI_CC.EST,-0.5473428
THA,Thailand,2014,GOV_WGI_CC.EST,-0.446293599999999
THA,Thailand,2013,GOV_WGI_CC.EST,-0.2742545
THA,Thailand,2012,GOV_WGI_CC.EST,-0.3712467
THA,Thailand,2011,GOV_WGI_CC.EST,-0.147218899999999
THA,Thailand,2010,GOV_WGI_CC.EST,-0.2171947
THA,Thailand,2009,GOV_WGI_CC.EST,-0.169330999999999
THA,Thailand,2008,GOV_WGI_CC.EST,-0.300508999999999
THA,Thailand,2007,GOV_WGI_CC.EST,-0.2413121
THA,Thailand,2006,GOV_WGI_CC.EST,-0.4581751
THA,Thailand,2005,GOV_WGI_CC.EST,-0.3525114
TLS,Timor-Leste,2024,GOV_WGI_CC.EST,-0.3775174
TLS,Timor-Leste,2023,GOV_WGI_CC.EST,-0.4265439
TLS,Timor-Leste,2022,GOV_WGI_CC.EST,-0.4506594
TLS,Timor-Leste,2021,GOV_WGI_CC.EST,-0.3019067
TLS,Timor-Leste,2020,GOV_WGI_CC.EST,-0.424278699999999
TLS,Timor-Leste,2019,GOV_WGI_CC.EST,-0.438596799999999
TLS,Timor-Leste,2018,GOV_WGI_CC.EST,-0.5893993
TLS,Timor-Leste,2017,GOV_WGI_CC.EST,-0.6807561
TLS,Timor-Leste,2016,GOV_WGI_CC.EST,-0.6402264
TLS,Timor-Leste,2015,GOV_WGI_CC.EST,-0.646685699999999
TLS,Timor-Leste,2014,GOV_WGI_CC.EST,-0.6498965
TLS,Timor-Leste,2013,GOV_WGI_CC.EST,-0.7354721
TLS,Timor-Leste,2012,GOV_WGI_CC.EST,-0.807659599999999
TLS,Timor-Leste,2011,GOV_WGI_CC.EST,-0.8197424
TLS,Timor-Leste,2010,GOV_WGI_CC.EST,-0.72329
TLS,Timor-Leste,2009,GOV_WGI_CC.EST,-0.739824199999999
TLS,Timor-Leste,2008,GOV_WGI_CC.EST,-0.4884552
TLS,Timor-Leste,2007,GOV_WGI_CC.EST,-0.4973819
TLS,Timor-Leste,2006,GOV_WGI_CC.EST,-0.417402899999999
TLS,Timor-Leste,2005,GOV_WGI_CC.EST,-0.322873099999999
TGO,Togo,2024,GOV_WGI_CC.EST,-0.6633762
TGO,Togo,2023,GOV_WGI_CC.EST,-0.5879504
TGO,Togo,2022,GOV_WGI_CC.EST,-0.630985799999999
TGO,Togo,2021,GOV_WGI_CC.EST,-0.6519768
TGO,Togo,2020,GOV_WGI_CC.EST,-0.644805899999999
TGO,Togo,2019,GOV_WGI_CC.EST,-0.7066703
TGO,Togo,2018,GOV_WGI_CC.EST,-0.7549576
TGO,Togo,2017,GOV_WGI_CC.EST,-0.7306167
TGO,Togo,2016,GOV_WGI_CC.EST,-0.6534352
TGO,Togo,2015,GOV_WGI_CC.EST,-0.6308001
TGO,Togo,2014,GOV_WGI_CC.EST,-0.791632799999999
TGO,Togo,2013,GOV_WGI_CC.EST,-0.8443157
TGO,Togo,2012,GOV_WGI_CC.EST,-0.818918399999999
TGO,Togo,2011,GOV_WGI_CC.EST,-0.8497363
TGO,Togo,2010,GOV_WGI_CC.EST,-0.786170199999999
TGO,Togo,2009,GOV_WGI_CC.EST,-1.0333147
TGO,Togo,2008,GOV_WGI_CC.EST,-1.0401869
TGO,Togo,2007,GOV_WGI_CC.EST,-1.0360718
TGO,Togo,2006,GOV_WGI_CC.EST,-1.0720376
TGO,Togo,2005,GOV_WGI_CC.EST,-0.9351421
TON,Tonga,2024,GOV_WGI_CC.EST,-0.3992192
TON,Tonga,2023,GOV_WGI_CC.EST,-0.4947162
TON,Tonga,2022,GOV_WGI_CC.EST,-0.496913
TON,Tonga,2021,GOV_WGI_CC.EST,-0.3427691
TON,Tonga,2020,GOV_WGI_CC.EST,-0.2816956
TON,Tonga,2019,GOV_WGI_CC.EST,-0.4390652
TON,Tonga,2018,GOV_WGI_CC.EST,-0.0849916
TON,Tonga,2017,GOV_WGI_CC.EST,-0.236292099999999
TON,Tonga,2016,GOV_WGI_CC.EST,-0.592089299999999
TON,Tonga,2015,GOV_WGI_CC.EST,-0.593882599999999
TON,Tonga,2014,GOV_WGI_CC.EST,-0.5841786
TON,Tonga,2013,GOV_WGI_CC.EST,-0.224601299999999
TON,Tonga,2012,GOV_WGI_CC.EST,-0.2248143
TON,Tonga,2011,GOV_WGI_CC.EST,-0.222012699999999
TON,Tonga,2010,GOV_WGI_CC.EST,-0.232594
TON,Tonga,2009,GOV_WGI_CC.EST,-0.6196342
TON,Tonga,2008,GOV_WGI_CC.EST,-0.6398446
TON,Tonga,2007,GOV_WGI_CC.EST,-1.0586474
TON,Tonga,2006,GOV_WGI_CC.EST,-1.3261436
TON,Tonga,2005,GOV_WGI_CC.EST,-1.3317641
TTO,Trinidad and Tobago,2024,GOV_WGI_CC.EST,-0.339819
TTO,Trinidad and Tobago,2023,GOV_WGI_CC.EST,-0.3161967
TTO,Trinidad and Tobago,2022,GOV_WGI_CC.EST,-0.2989622
TTO,Trinidad and Tobago,2021,GOV_WGI_CC.EST,-0.2305843
TTO,Trinidad and Tobago,2020,GOV_WGI_CC.EST,-0.1941792
TTO,Trinidad and Tobago,2019,GOV_WGI_CC.EST,-0.2006209
TTO,Trinidad and Tobago,2018,GOV_WGI_CC.EST,-0.2775407
TTO,Trinidad and Tobago,2017,GOV_WGI_CC.EST,-0.259017
TTO,Trinidad and Tobago,2016,GOV_WGI_CC.EST,-0.256357599999999
TTO,Trinidad and Tobago,2015,GOV_WGI_CC.EST,-0.2917364
TTO,Trinidad and Tobago,2014,GOV_WGI_CC.EST,-0.4187145
TTO,Trinidad and Tobago,2013,GOV_WGI_CC.EST,-0.1579496
TTO,Trinidad and Tobago,2012,GOV_WGI_CC.EST,-0.1055709
TTO,Trinidad and Tobago,2011,GOV_WGI_CC.EST,-0.0897853
TTO,Trinidad and Tobago,2010,GOV_WGI_CC.EST,-0.1175861
TTO,Trinidad and Tobago,2009,GOV_WGI_CC.EST,-0.0252713
TTO,Trinidad and Tobago,2008,GOV_WGI_CC.EST,-0.0630559
TTO,Trinidad and Tobago,2007,GOV_WGI_CC.EST,-0.0413561999999999
TTO,Trinidad and Tobago,2006,GOV_WGI_CC.EST,-0.00104149999999999
TTO,Trinidad and Tobago,2005,GOV_WGI_CC.EST,0.176292
TUN,Tunisia,2024,GOV_WGI_CC.EST,-0.220154599999999
TUN,Tunisia,2023,GOV_WGI_CC.EST,-0.192361099999999
TUN,Tunisia,2022,GOV_WGI_CC.EST,-0.1992466
TUN,Tunisia,2021,GOV_WGI_CC.EST,-0.1415165
TUN,Tunisia,2020,GOV_WGI_CC.EST,-0.019263
TUN,Tunisia,2019,GOV_WGI_CC.EST,-0.0286669999999999
TUN,Tunisia,2018,GOV_WGI_CC.EST,0.00133739999999999
TUN,Tunisia,2017,GOV_WGI_CC.EST,-0.0490023999999999
TUN,Tunisia,2016,GOV_WGI_CC.EST,-0.0577612999999999
TUN,Tunisia,2015,GOV_WGI_CC.EST,-0.0143711
TUN,Tunisia,2014,GOV_WGI_CC.EST,0.012509
TUN,Tunisia,2013,GOV_WGI_CC.EST,-0.0117731
TUN,Tunisia,2012,GOV_WGI_CC.EST,0.0016466
TUN,Tunisia,2011,GOV_WGI_CC.EST,0.0507
TUN,Tunisia,2010,GOV_WGI_CC.EST,-0.1941292
TUN,Tunisia,2009,GOV_WGI_CC.EST,-0.2882811
TUN,Tunisia,2008,GOV_WGI_CC.EST,-0.298259899999999
TUN,Tunisia,2007,GOV_WGI_CC.EST,-0.114220499999999
TUN,Tunisia,2006,GOV_WGI_CC.EST,-0.0584308999999999
TUN,Tunisia,2005,GOV_WGI_CC.EST,-0.2831211
TUR,Turkiye,2024,GOV_WGI_CC.EST,-0.5632153
TUR,Turkiye,2023,GOV_WGI_CC.EST,-0.4374572
TUR,Turkiye,2022,GOV_WGI_CC.EST,-0.4324578
TUR,Turkiye,2021,GOV_WGI_CC.EST,-0.3992138
TUR,Turkiye,2020,GOV_WGI_CC.EST,-0.3242268
TUR,Turkiye,2019,GOV_WGI_CC.EST,-0.1801871
TUR,Turkiye,2018,GOV_WGI_CC.EST,-0.2317166
TUR,Turkiye,2017,GOV_WGI_CC.EST,-0.0665516
TUR,Turkiye,2016,GOV_WGI_CC.EST,-0.0845918
TUR,Turkiye,2015,GOV_WGI_CC.EST,-0.1063785
TUR,Turkiye,2014,GOV_WGI_CC.EST,-0.1089047
TUR,Turkiye,2013,GOV_WGI_CC.EST,0.1399698
TUR,Turkiye,2012,GOV_WGI_CC.EST,0.1585192
TUR,Turkiye,2011,GOV_WGI_CC.EST,0.0464784
TUR,Turkiye,2010,GOV_WGI_CC.EST,0.0487911
TUR,Turkiye,2009,GOV_WGI_CC.EST,0.0307792
TUR,Turkiye,2008,GOV_WGI_CC.EST,0.0490015
TUR,Turkiye,2007,GOV_WGI_CC.EST,0.074927
TUR,Turkiye,2006,GOV_WGI_CC.EST,0.0500441
TUR,Turkiye,2005,GOV_WGI_CC.EST,-0.0714981
TKM,Turkmenistan,2024,GOV_WGI_CC.EST,-1.297223
TKM,Turkmenistan,2023,GOV_WGI_CC.EST,-1.350058
TKM,Turkmenistan,2022,GOV_WGI_CC.EST,-1.360439
TKM,Turkmenistan,2021,GOV_WGI_CC.EST,-1.36021099999999
TKM,Turkmenistan,2020,GOV_WGI_CC.EST,-1.3595471
TKM,Turkmenistan,2019,GOV_WGI_CC.EST,-1.362369
TKM,Turkmenistan,2018,GOV_WGI_CC.EST,-1.4516946
TKM,Turkmenistan,2017,GOV_WGI_CC.EST,-1.4526795
TKM,Turkmenistan,2016,GOV_WGI_CC.EST,-1.464505
TKM,Turkmenistan,2015,GOV_WGI_CC.EST,-1.4615973
TKM,Turkmenistan,2014,GOV_WGI_CC.EST,-1.4626017
TKM,Turkmenistan,2013,GOV_WGI_CC.EST,-1.5017629
TKM,Turkmenistan,2012,GOV_WGI_CC.EST,-1.4981376
TKM,Turkmenistan,2011,GOV_WGI_CC.EST,-1.49687329999999
TKM,Turkmenistan,2010,GOV_WGI_CC.EST,-1.49626479999999
TKM,Turkmenistan,2009,GOV_WGI_CC.EST,-1.4965077
TKM,Turkmenistan,2008,GOV_WGI_CC.EST,-1.4890508
TKM,Turkmenistan,2007,GOV_WGI_CC.EST,-1.4844913
TKM,Turkmenistan,2006,GOV_WGI_CC.EST,-1.48297749999999
TKM,Turkmenistan,2005,GOV_WGI_CC.EST,-1.48509089999999
TUV,Tuvalu,2024,GOV_WGI_CC.EST,0.5787137
TUV,Tuvalu,2023,GOV_WGI_CC.EST,0.2425155
TUV,Tuvalu,2022,GOV_WGI_CC.EST,0.2445984
TUV,Tuvalu,2021,GOV_WGI_CC.EST,0.2034342
TUV,Tuvalu,2020,GOV_WGI_CC.EST,0.2051999
TUV,Tuvalu,2019,GOV_WGI_CC.EST,0.3922741
TUV,Tuvalu,2018,GOV_WGI_CC.EST,-0.0399314
TUV,Tuvalu,2017,GOV_WGI_CC.EST,-0.0425507
TUV,Tuvalu,2016,GOV_WGI_CC.EST,-0.0410107
TUV,Tuvalu,2015,GOV_WGI_CC.EST,-0.0431632
TUV,Tuvalu,2014,GOV_WGI_CC.EST,-0.0458344
TUV,Tuvalu,2013,GOV_WGI_CC.EST,-0.2308182
TUV,Tuvalu,2012,GOV_WGI_CC.EST,-0.2310738
TUV,Tuvalu,2011,GOV_WGI_CC.EST,-0.1039915
TUV,Tuvalu,2010,GOV_WGI_CC.EST,-0.1017024
TUV,Tuvalu,2009,GOV_WGI_CC.EST,-0.1026163
TUV,Tuvalu,2008,GOV_WGI_CC.EST,-0.102563
TUV,Tuvalu,2007,GOV_WGI_CC.EST,-0.1040768
TUV,Tuvalu,2006,GOV_WGI_CC.EST,-0.0392937
TUV,Tuvalu,2005,GOV_WGI_CC.EST,-0.0472444
UGA,Uganda,2024,GOV_WGI_CC.EST,-1.11616729999999
UGA,Uganda,2023,GOV_WGI_CC.EST,-0.996690299999999
UGA,Uganda,2022,GOV_WGI_CC.EST,-0.9890036
UGA,Uganda,2021,GOV_WGI_CC.EST,-0.9322359
UGA,Uganda,2020,GOV_WGI_CC.EST,-0.936142199999999
UGA,Uganda,2019,GOV_WGI_CC.EST,-1.1024791
UGA,Uganda,2018,GOV_WGI_CC.EST,-1.0296281
UGA,Uganda,2017,GOV_WGI_CC.EST,-1.0168329
UGA,Uganda,2016,GOV_WGI_CC.EST,-0.9946961
UGA,Uganda,2015,GOV_WGI_CC.EST,-1.0129557
UGA,Uganda,2014,GOV_WGI_CC.EST,-0.988474499999999
UGA,Uganda,2013,GOV_WGI_CC.EST,-0.9342784
UGA,Uganda,2012,GOV_WGI_CC.EST,-0.8567334
UGA,Uganda,2011,GOV_WGI_CC.EST,-0.7939237
UGA,Uganda,2010,GOV_WGI_CC.EST,-0.7605074
UGA,Uganda,2009,GOV_WGI_CC.EST,-0.7593312
UGA,Uganda,2008,GOV_WGI_CC.EST,-0.707299999999999
UGA,Uganda,2007,GOV_WGI_CC.EST,-0.7161406
UGA,Uganda,2006,GOV_WGI_CC.EST,-0.643684199999999
UGA,Uganda,2005,GOV_WGI_CC.EST,-0.8971513
UKR,Ukraine,2024,GOV_WGI_CC.EST,-0.6723809
UKR,Ukraine,2023,GOV_WGI_CC.EST,-0.7242773
UKR,Ukraine,2022,GOV_WGI_CC.EST,-0.683771799999999
UKR,Ukraine,2021,GOV_WGI_CC.EST,-0.8040912
UKR,Ukraine,2020,GOV_WGI_CC.EST,-0.830952599999999
UKR,Ukraine,2019,GOV_WGI_CC.EST,-0.782195
UKR,Ukraine,2018,GOV_WGI_CC.EST,-0.9896988
UKR,Ukraine,2017,GOV_WGI_CC.EST,-0.953207199999999
UKR,Ukraine,2016,GOV_WGI_CC.EST,-1.0150766
UKR,Ukraine,2015,GOV_WGI_CC.EST,-1.0636259
UKR,Ukraine,2014,GOV_WGI_CC.EST,-1.0708377
UKR,Ukraine,2013,GOV_WGI_CC.EST,-1.209471
UKR,Ukraine,2012,GOV_WGI_CC.EST,-1.2152257
UKR,Ukraine,2011,GOV_WGI_CC.EST,-1.12750519999999
UKR,Ukraine,2010,GOV_WGI_CC.EST,-1.1211122
UKR,Ukraine,2009,GOV_WGI_CC.EST,-1.0904026
UKR,Ukraine,2008,GOV_WGI_CC.EST,-0.976162099999999
UKR,Ukraine,2007,GOV_WGI_CC.EST,-0.954175
UKR,Ukraine,2006,GOV_WGI_CC.EST,-0.911187899999999
UKR,Ukraine,2005,GOV_WGI_CC.EST,-0.9260936
ARE,United Arab Emirates,2024,GOV_WGI_CC.EST,1.1702182
ARE,United Arab Emirates,2023,GOV_WGI_CC.EST,0.9918577
ARE,United Arab Emirates,2022,GOV_WGI_CC.EST,1.0223468
ARE,United Arab Emirates,2021,GOV_WGI_CC.EST,1.0349829
ARE,United Arab Emirates,2020,GOV_WGI_CC.EST,1.0614313
ARE,United Arab Emirates,2019,GOV_WGI_CC.EST,1.0878297
ARE,United Arab Emirates,2018,GOV_WGI_CC.EST,1.0948106
ARE,United Arab Emirates,2017,GOV_WGI_CC.EST,1.0762151
ARE,United Arab Emirates,2016,GOV_WGI_CC.EST,1.1064348
ARE,United Arab Emirates,2015,GOV_WGI_CC.EST,0.9199437
ARE,United Arab Emirates,2014,GOV_WGI_CC.EST,0.9856797
ARE,United Arab Emirates,2013,GOV_WGI_CC.EST,1.1513193
ARE,United Arab Emirates,2012,GOV_WGI_CC.EST,1.0894763
ARE,United Arab Emirates,2011,GOV_WGI_CC.EST,1.1319379
ARE,United Arab Emirates,2010,GOV_WGI_CC.EST,0.9100894
ARE,United Arab Emirates,2009,GOV_WGI_CC.EST,0.8451488
ARE,United Arab Emirates,2008,GOV_WGI_CC.EST,0.9123012
ARE,United Arab Emirates,2007,GOV_WGI_CC.EST,0.7779631
ARE,United Arab Emirates,2006,GOV_WGI_CC.EST,0.7816632
ARE,United Arab Emirates,2005,GOV_WGI_CC.EST,0.7573962
GBR,United Kingdom,2024,GOV_WGI_CC.EST,1.5097548
GBR,United Kingdom,2023,GOV_WGI_CC.EST,1.4745753
GBR,United Kingdom,2022,GOV_WGI_CC.EST,1.6352771
GBR,United Kingdom,2021,GOV_WGI_CC.EST,1.6641761
GBR,United Kingdom,2020,GOV_WGI_CC.EST,1.7210258
GBR,United Kingdom,2019,GOV_WGI_CC.EST,1.7674285
GBR,United Kingdom,2018,GOV_WGI_CC.EST,1.8043714
GBR,United Kingdom,2017,GOV_WGI_CC.EST,1.8161165
GBR,United Kingdom,2016,GOV_WGI_CC.EST,1.7599161
GBR,United Kingdom,2015,GOV_WGI_CC.EST,1.6542704
GBR,United Kingdom,2014,GOV_WGI_CC.EST,1.5201669
GBR,United Kingdom,2013,GOV_WGI_CC.EST,1.504608
GBR,United Kingdom,2012,GOV_WGI_CC.EST,1.4826832
GBR,United Kingdom,2011,GOV_WGI_CC.EST,1.4486391
GBR,United Kingdom,2010,GOV_WGI_CC.EST,1.3760491
GBR,United Kingdom,2009,GOV_WGI_CC.EST,1.3683606
GBR,United Kingdom,2008,GOV_WGI_CC.EST,1.573173
GBR,United Kingdom,2007,GOV_WGI_CC.EST,1.6278157
GBR,United Kingdom,2006,GOV_WGI_CC.EST,1.7309828
GBR,United Kingdom,2005,GOV_WGI_CC.EST,1.9020685
USA,United States,2024,GOV_WGI_CC.EST,1.0868914
USA,United States,2023,GOV_WGI_CC.EST,1.1951066
USA,United States,2022,GOV_WGI_CC.EST,1.2023562
USA,United States,2021,GOV_WGI_CC.EST,1.1247591
USA,United States,2020,GOV_WGI_CC.EST,1.124297
USA,United States,2019,GOV_WGI_CC.EST,1.1719722
USA,United States,2018,GOV_WGI_CC.EST,1.2504255
USA,United States,2017,GOV_WGI_CC.EST,1.3058193
USA,United States,2016,GOV_WGI_CC.EST,1.2420313
USA,United States,2015,GOV_WGI_CC.EST,1.2367604
USA,United States,2014,GOV_WGI_CC.EST,1.2391968
USA,United States,2013,GOV_WGI_CC.EST,1.180704
USA,United States,2012,GOV_WGI_CC.EST,1.263101
USA,United States,2011,GOV_WGI_CC.EST,1.2705574
USA,United States,2010,GOV_WGI_CC.EST,1.1573891
USA,United States,2009,GOV_WGI_CC.EST,1.1486487
USA,United States,2008,GOV_WGI_CC.EST,1.3233739
USA,United States,2007,GOV_WGI_CC.EST,1.2346554
USA,United States,2006,GOV_WGI_CC.EST,1.2941505
USA,United States,2005,GOV_WGI_CC.EST,1.4877645
URY,Uruguay,2024,GOV_WGI_CC.EST,1.5279256
URY,Uruguay,2023,GOV_WGI_CC.EST,1.5493831
URY,Uruguay,2022,GOV_WGI_CC.EST,1.6139339
URY,Uruguay,2021,GOV_WGI_CC.EST,1.6220519
URY,Uruguay,2020,GOV_WGI_CC.EST,1.5144744
URY,Uruguay,2019,GOV_WGI_CC.EST,1.3889225
URY,Uruguay,2018,GOV_WGI_CC.EST,1.3627449
URY,Uruguay,2017,GOV_WGI_CC.EST,1.3464781
URY,Uruguay,2016,GOV_WGI_CC.EST,1.3854382
URY,Uruguay,2015,GOV_WGI_CC.EST,1.2570517
URY,Uruguay,2014,GOV_WGI_CC.EST,1.288067
URY,Uruguay,2013,GOV_WGI_CC.EST,1.3468082
URY,Uruguay,2012,GOV_WGI_CC.EST,1.3317592
URY,Uruguay,2011,GOV_WGI_CC.EST,1.3457663
URY,Uruguay,2010,GOV_WGI_CC.EST,1.3461634
URY,Uruguay,2009,GOV_WGI_CC.EST,1.196035
URY,Uruguay,2008,GOV_WGI_CC.EST,1.1793592
URY,Uruguay,2007,GOV_WGI_CC.EST,1.0493699
URY,Uruguay,2006,GOV_WGI_CC.EST,1.0023353
URY,Uruguay,2005,GOV_WGI_CC.EST,0.9349505
UZB,Uzbekistan,2024,GOV_WGI_CC.EST,-0.754316299999999
UZB,Uzbekistan,2023,GOV_WGI_CC.EST,-0.701745899999999
UZB,Uzbekistan,2022,GOV_WGI_CC.EST,-0.699129999999999
UZB,Uzbekistan,2021,GOV_WGI_CC.EST,-0.7419446
UZB,Uzbekistan,2020,GOV_WGI_CC.EST,-0.835694199999999
UZB,Uzbekistan,2019,GOV_WGI_CC.EST,-1.1224344
UZB,Uzbekistan,2018,GOV_WGI_CC.EST,-1.2111454
UZB,Uzbekistan,2017,GOV_WGI_CC.EST,-1.24484559999999
UZB,Uzbekistan,2016,GOV_WGI_CC.EST,-1.2283125
UZB,Uzbekistan,2015,GOV_WGI_CC.EST,-1.25906189999999
UZB,Uzbekistan,2014,GOV_WGI_CC.EST,-1.2360262
UZB,Uzbekistan,2013,GOV_WGI_CC.EST,-1.2602046
UZB,Uzbekistan,2012,GOV_WGI_CC.EST,-1.3688011
UZB,Uzbekistan,2011,GOV_WGI_CC.EST,-1.4422773
UZB,Uzbekistan,2010,GOV_WGI_CC.EST,-1.3718693
UZB,Uzbekistan,2009,GOV_WGI_CC.EST,-1.3731472
UZB,Uzbekistan,2008,GOV_WGI_CC.EST,-1.221967
UZB,Uzbekistan,2007,GOV_WGI_CC.EST,-1.2191216
UZB,Uzbekistan,2006,GOV_WGI_CC.EST,-1.2178175
UZB,Uzbekistan,2005,GOV_WGI_CC.EST,-1.4380121
VUT,Vanuatu,2024,GOV_WGI_CC.EST,-0.1506043
VUT,Vanuatu,2023,GOV_WGI_CC.EST,-0.1852979
VUT,Vanuatu,2022,GOV_WGI_CC.EST,-0.135775999999999
VUT,Vanuatu,2021,GOV_WGI_CC.EST,-0.0360087
VUT,Vanuatu,2020,GOV_WGI_CC.EST,-0.0267151
VUT,Vanuatu,2019,GOV_WGI_CC.EST,-0.1851487
VUT,Vanuatu,2018,GOV_WGI_CC.EST,-0.1863588
VUT,Vanuatu,2017,GOV_WGI_CC.EST,-0.0663812
VUT,Vanuatu,2016,GOV_WGI_CC.EST,-0.117948199999999
VUT,Vanuatu,2015,GOV_WGI_CC.EST,-0.0938241
VUT,Vanuatu,2014,GOV_WGI_CC.EST,0.4750184
VUT,Vanuatu,2013,GOV_WGI_CC.EST,0.4393991
VUT,Vanuatu,2012,GOV_WGI_CC.EST,0.4102544
VUT,Vanuatu,2011,GOV_WGI_CC.EST,0.4019909
VUT,Vanuatu,2010,GOV_WGI_CC.EST,0.4030639
VUT,Vanuatu,2009,GOV_WGI_CC.EST,0.4125641
VUT,Vanuatu,2008,GOV_WGI_CC.EST,0.4125895
VUT,Vanuatu,2007,GOV_WGI_CC.EST,0.4118688
VUT,Vanuatu,2006,GOV_WGI_CC.EST,0.3154434
VUT,Vanuatu,2005,GOV_WGI_CC.EST,0.311482
VEN,"Venezuela, RB",2024,GOV_WGI_CC.EST,-1.58714009999999
VEN,"Venezuela, RB",2023,GOV_WGI_CC.EST,-1.5592697
VEN,"Venezuela, RB",2022,GOV_WGI_CC.EST,-1.603038
VEN,"Venezuela, RB",2021,GOV_WGI_CC.EST,-1.58437079999999
VEN,"Venezuela, RB",2020,GOV_WGI_CC.EST,-1.57832329999999
VEN,"Venezuela, RB",2019,GOV_WGI_CC.EST,-1.5948486
VEN,"Venezuela, RB",2018,GOV_WGI_CC.EST,-1.59491649999999
VEN,"Venezuela, RB",2017,GOV_WGI_CC.EST,-1.4525617
VEN,"Venezuela, RB",2016,GOV_WGI_CC.EST,-1.4158486
VEN,"Venezuela, RB",2015,GOV_WGI_CC.EST,-1.4246938
VEN,"Venezuela, RB",2014,GOV_WGI_CC.EST,-1.4287488
VEN,"Venezuela, RB",2013,GOV_WGI_CC.EST,-1.30248719999999
VEN,"Venezuela, RB",2012,GOV_WGI_CC.EST,-1.2642649
VEN,"Venezuela, RB",2011,GOV_WGI_CC.EST,-1.1254851
VEN,"Venezuela, RB",2010,GOV_WGI_CC.EST,-1.2608652
VEN,"Venezuela, RB",2009,GOV_WGI_CC.EST,-1.26444999999999
VEN,"Venezuela, RB",2008,GOV_WGI_CC.EST,-1.3074351
VEN,"Venezuela, RB",2007,GOV_WGI_CC.EST,-1.2819329
VEN,"Venezuela, RB",2006,GOV_WGI_CC.EST,-1.086031
VEN,"Venezuela, RB",2005,GOV_WGI_CC.EST,-1.08006889999999
VNM,Viet Nam,2024,GOV_WGI_CC.EST,-0.2516989
VNM,Viet Nam,2023,GOV_WGI_CC.EST,-0.3083958
VNM,Viet Nam,2022,GOV_WGI_CC.EST,-0.2459866
VNM,Viet Nam,2021,GOV_WGI_CC.EST,-0.310677
VNM,Viet Nam,2020,GOV_WGI_CC.EST,-0.3131812
VNM,Viet Nam,2019,GOV_WGI_CC.EST,-0.3621433
VNM,Viet Nam,2018,GOV_WGI_CC.EST,-0.3951053
VNM,Viet Nam,2017,GOV_WGI_CC.EST,-0.4238211
VNM,Viet Nam,2016,GOV_WGI_CC.EST,-0.356688499999999
VNM,Viet Nam,2015,GOV_WGI_CC.EST,-0.3774131
VNM,Viet Nam,2014,GOV_WGI_CC.EST,-0.361941399999999
VNM,Viet Nam,2013,GOV_WGI_CC.EST,-0.4169478
VNM,Viet Nam,2012,GOV_WGI_CC.EST,-0.4625662
VNM,Viet Nam,2011,GOV_WGI_CC.EST,-0.358809799999999
VNM,Viet Nam,2010,GOV_WGI_CC.EST,-0.4115989
VNM,Viet Nam,2009,GOV_WGI_CC.EST,-0.316417399999999
VNM,Viet Nam,2008,GOV_WGI_CC.EST,-0.3559755
VNM,Viet Nam,2007,GOV_WGI_CC.EST,-0.4258129
VNM,Viet Nam,2006,GOV_WGI_CC.EST,-0.5812801
VNM,Viet Nam,2005,GOV_WGI_CC.EST,-0.791206499999999
,Virgin Islands (U.S.),2024,GOV_WGI_CC.EST,-0.0718587
,Virgin Islands (U.S.),2023,GOV_WGI_CC.EST,-0.0747806
,Virgin Islands (U.S.),2022,GOV_WGI_CC.EST,-0.0717478
,Virgin Islands (U.S.),2021,GOV_WGI_CC.EST,-0.0708649
,Virgin Islands (U.S.),2020,GOV_WGI_CC.EST,-0.0682938999999999
,Virgin Islands (U.S.),2019,GOV_WGI_CC.EST,0.5544325
,Virgin Islands (U.S.),2018,GOV_WGI_CC.EST,0.549178
,Virgin Islands (U.S.),2017,GOV_WGI_CC.EST,0.5453642
,Virgin Islands (U.S.),2016,GOV_WGI_CC.EST,0.5476065
,Virgin Islands (U.S.),2015,GOV_WGI_CC.EST,0.5444724
,Virgin Islands (U.S.),2014,GOV_WGI_CC.EST,0.5405831
,Virgin Islands (U.S.),2013,GOV_WGI_CC.EST,0.8569702
,Virgin Islands (U.S.),2012,GOV_WGI_CC.EST,0.8565981
,Virgin Islands (U.S.),2011,GOV_WGI_CC.EST,0.8614942
,Virgin Islands (U.S.),2010,GOV_WGI_CC.EST,0.8638503
,Virgin Islands (U.S.),2009,GOV_WGI_CC.EST,0.8629097
,Virgin Islands (U.S.),2008,GOV_WGI_CC.EST,0.8629646
,Virgin Islands (U.S.),2007,GOV_WGI_CC.EST,0.8614064
,Virgin Islands (U.S.),2006,GOV_WGI_CC.EST,0.8672683
,Virgin Islands (U.S.),2005,GOV_WGI_CC.EST,0.8590847
YEM,"Yemen, Rep.",2024,GOV_WGI_CC.EST,-1.63587859999999
YEM,"Yemen, Rep.",2023,GOV_WGI_CC.EST,-1.6020865
YEM,"Yemen, Rep.",2022,GOV_WGI_CC.EST,-1.66627979999999
YEM,"Yemen, Rep.",2021,GOV_WGI_CC.EST,-1.5920705
YEM,"Yemen, Rep.",2020,GOV_WGI_CC.EST,-1.59971739999999
YEM,"Yemen, Rep.",2019,GOV_WGI_CC.EST,-1.7416979
YEM,"Yemen, Rep.",2018,GOV_WGI_CC.EST,-1.7530313
YEM,"Yemen, Rep.",2017,GOV_WGI_CC.EST,-1.59097469999999
YEM,"Yemen, Rep.",2016,GOV_WGI_CC.EST,-1.6101168
YEM,"Yemen, Rep.",2015,GOV_WGI_CC.EST,-1.4855019
YEM,"Yemen, Rep.",2014,GOV_WGI_CC.EST,-1.50166699999999
YEM,"Yemen, Rep.",2013,GOV_WGI_CC.EST,-1.2149396
YEM,"Yemen, Rep.",2012,GOV_WGI_CC.EST,-1.2532021
YEM,"Yemen, Rep.",2011,GOV_WGI_CC.EST,-1.1246744
YEM,"Yemen, Rep.",2010,GOV_WGI_CC.EST,-1.0527598
YEM,"Yemen, Rep.",2009,GOV_WGI_CC.EST,-0.942782399999999
YEM,"Yemen, Rep.",2008,GOV_WGI_CC.EST,-0.7667813
YEM,"Yemen, Rep.",2007,GOV_WGI_CC.EST,-0.8370202
YEM,"Yemen, Rep.",2006,GOV_WGI_CC.EST,-0.807354599999999
YEM,"Yemen, Rep.",2005,GOV_WGI_CC.EST,-1.076701
ZMB,Zambia,2024,GOV_WGI_CC.EST,-0.4568294
ZMB,Zambia,2023,GOV_WGI_CC.EST,-0.39812
ZMB,Zambia,2022,GOV_WGI_CC.EST,-0.4180775
ZMB,Zambia,2021,GOV_WGI_CC.EST,-0.6928953
ZMB,Zambia,2020,GOV_WGI_CC.EST,-0.6050749
ZMB,Zambia,2019,GOV_WGI_CC.EST,-0.6455711
ZMB,Zambia,2018,GOV_WGI_CC.EST,-0.6165275
ZMB,Zambia,2017,GOV_WGI_CC.EST,-0.464061199999999
ZMB,Zambia,2016,GOV_WGI_CC.EST,-0.423830999999999
ZMB,Zambia,2015,GOV_WGI_CC.EST,-0.395175899999999
ZMB,Zambia,2014,GOV_WGI_CC.EST,-0.390403499999999
ZMB,Zambia,2013,GOV_WGI_CC.EST,-0.305174
ZMB,Zambia,2012,GOV_WGI_CC.EST,-0.269322599999999
ZMB,Zambia,2011,GOV_WGI_CC.EST,-0.273636999999999
ZMB,Zambia,2010,GOV_WGI_CC.EST,-0.369043
ZMB,Zambia,2009,GOV_WGI_CC.EST,-0.3090289
ZMB,Zambia,2008,GOV_WGI_CC.EST,-0.345906899999999
ZMB,Zambia,2007,GOV_WGI_CC.EST,-0.3472209
ZMB,Zambia,2006,GOV_WGI_CC.EST,-0.392071
ZMB,Zambia,2005,GOV_WGI_CC.EST,-0.603934499999999
ZWE,Zimbabwe,2024,GOV_WGI_CC.EST,-1.2516542
ZWE,Zimbabwe,2023,GOV_WGI_CC.EST,-1.1914608
ZWE,Zimbabwe,2022,GOV_WGI_CC.EST,-1.1984753
ZWE,Zimbabwe,2021,GOV_WGI_CC.EST,-1.1867823
ZWE,Zimbabwe,2020,GOV_WGI_CC.EST,-1.1729479
ZWE,Zimbabwe,2019,GOV_WGI_CC.EST,-1.28338019999999
ZWE,Zimbabwe,2018,GOV_WGI_CC.EST,-1.3111277
ZWE,Zimbabwe,2017,GOV_WGI_CC.EST,-1.2922875
ZWE,Zimbabwe,2016,GOV_WGI_CC.EST,-1.3004061
ZWE,Zimbabwe,2015,GOV_WGI_CC.EST,-1.3029239
ZWE,Zimbabwe,2014,GOV_WGI_CC.EST,-1.4973623
ZWE,Zimbabwe,2013,GOV_WGI_CC.EST,-1.3977252
ZWE,Zimbabwe,2012,GOV_WGI_CC.EST,-1.3288997
ZWE,Zimbabwe,2011,GOV_WGI_CC.EST,-1.4551794
ZWE,Zimbabwe,2010,GOV_WGI_CC.EST,-1.4687145
ZWE,Zimbabwe,2009,GOV_WGI_CC.EST,-1.5461452
ZWE,Zimbabwe,2008,GOV_WGI_CC.EST,-1.5353415
ZWE,Zimbabwe,2007,GOV_WGI_CC.EST,-1.402998
ZWE,Zimbabwe,2006,GOV_WGI_CC.EST,-1.3723553
ZWE,Zimbabwe,2005,GOV_WGI_CC.EST,-1.498948
