country_code,country_name,year,indicator_code,value
AFG,Afghanistan,2024,GOV_WGI_VA.EST,-2.1483748
AFG,Afghanistan,2023,GOV_WGI_VA.EST,-2.0370816
AFG,Afghanistan,2022,GOV_WGI_VA.EST,-1.8416443
AFG,Afghanistan,2021,GOV_WGI_VA.EST,-1.42797209999999
AFG,Afghanistan,2020,GOV_WGI_VA.EST,-1.081484
AFG,Afghanistan,2019,GOV_WGI_VA.EST,-1.1404758
AFG,Afghanistan,2018,GOV_WGI_VA.EST,-1.1858104
AFG,Afghanistan,2017,GOV_WGI_VA.EST,-1.2397194
AFG,Afghanistan,2016,GOV_WGI_VA.EST,-1.2164992
AFG,Afghanistan,2015,GOV_WGI_VA.EST,-1.20990209999999
AFG,Afghanistan,2014,GOV_WGI_VA.EST,-1.2039387
AFG,Afghanistan,2013,GOV_WGI_VA.EST,-1.2481171
AFG,Afghanistan,2012,GOV_WGI_VA.EST,-1.2510408
AFG,Afghanistan,2011,GOV_WGI_VA.EST,-1.2883533
AFG,Afghanistan,2010,GOV_WGI_VA.EST,-1.3979576
AFG,Afghanistan,2009,GOV_WGI_VA.EST,-1.33515229999999
AFG,Afghanistan,2008,GOV_WGI_VA.EST,-1.1039311
AFG,Afghanistan,2007,GOV_WGI_VA.EST,-0.990981399999999
AFG,Afghanistan,2006,GOV_WGI_VA.EST,-1.0452799
AFG,Afghanistan,2005,GOV_WGI_VA.EST,-1.1629637
ALB,Albania,2024,GOV_WGI_VA.EST,-0.0124167999999999
ALB,Albania,2023,GOV_WGI_VA.EST,-0.0363936
ALB,Albania,2022,GOV_WGI_VA.EST,0.024176
ALB,Albania,2021,GOV_WGI_VA.EST,-0.000404299999999999
ALB,Albania,2020,GOV_WGI_VA.EST,0.0554688
ALB,Albania,2019,GOV_WGI_VA.EST,0.0967645999999999
ALB,Albania,2018,GOV_WGI_VA.EST,0.1354782
ALB,Albania,2017,GOV_WGI_VA.EST,0.1067553
ALB,Albania,2016,GOV_WGI_VA.EST,0.0737892
ALB,Albania,2015,GOV_WGI_VA.EST,0.0763576
ALB,Albania,2014,GOV_WGI_VA.EST,0.0984136999999999
ALB,Albania,2013,GOV_WGI_VA.EST,-0.0615944
ALB,Albania,2012,GOV_WGI_VA.EST,-0.0572675
ALB,Albania,2011,GOV_WGI_VA.EST,-0.0048785
ALB,Albania,2010,GOV_WGI_VA.EST,0.1270914
ALB,Albania,2009,GOV_WGI_VA.EST,0.1550401
ALB,Albania,2008,GOV_WGI_VA.EST,0.1726
ALB,Albania,2007,GOV_WGI_VA.EST,0.0980996
ALB,Albania,2006,GOV_WGI_VA.EST,0.1202026
ALB,Albania,2005,GOV_WGI_VA.EST,0.1006314
DZA,Algeria,2024,GOV_WGI_VA.EST,-1.0484061
DZA,Algeria,2023,GOV_WGI_VA.EST,-1.04937369999999
DZA,Algeria,2022,GOV_WGI_VA.EST,-1.073884
DZA,Algeria,2021,GOV_WGI_VA.EST,-1.0429601
DZA,Algeria,2020,GOV_WGI_VA.EST,-1.067081
DZA,Algeria,2019,GOV_WGI_VA.EST,-1.0557838
DZA,Algeria,2018,GOV_WGI_VA.EST,-0.8950813
DZA,Algeria,2017,GOV_WGI_VA.EST,-0.789930999999999
DZA,Algeria,2016,GOV_WGI_VA.EST,-0.776438
DZA,Algeria,2015,GOV_WGI_VA.EST,-0.725713899999999
DZA,Algeria,2014,GOV_WGI_VA.EST,-0.7248832
DZA,Algeria,2013,GOV_WGI_VA.EST,-0.8264644
DZA,Algeria,2012,GOV_WGI_VA.EST,-0.838695
DZA,Algeria,2011,GOV_WGI_VA.EST,-0.888241699999999
DZA,Algeria,2010,GOV_WGI_VA.EST,-0.8855445
DZA,Algeria,2009,GOV_WGI_VA.EST,-0.858173499999999
DZA,Algeria,2008,GOV_WGI_VA.EST,-0.7790961
DZA,Algeria,2007,GOV_WGI_VA.EST,-0.7409331
DZA,Algeria,2006,GOV_WGI_VA.EST,-0.7064358
DZA,Algeria,2005,GOV_WGI_VA.EST,-0.704542799999999
,American Samoa,2024,GOV_WGI_VA.EST,0.9305775
,American Samoa,2023,GOV_WGI_VA.EST,0.9329508
,American Samoa,2022,GOV_WGI_VA.EST,0.937291
,American Samoa,2021,GOV_WGI_VA.EST,0.941677
,American Samoa,2020,GOV_WGI_VA.EST,0.9550312
,American Samoa,2019,GOV_WGI_VA.EST,1.3288373
,American Samoa,2017,GOV_WGI_VA.EST,1.0557605
,American Samoa,2016,GOV_WGI_VA.EST,1.0576599
,American Samoa,2015,GOV_WGI_VA.EST,1.0598446
,American Samoa,2014,GOV_WGI_VA.EST,1.0580907
,American Samoa,2013,GOV_WGI_VA.EST,1.0511693
,American Samoa,2012,GOV_WGI_VA.EST,1.0575993
,American Samoa,2011,GOV_WGI_VA.EST,1.0619652
,American Samoa,2010,GOV_WGI_VA.EST,1.056728
,American Samoa,2009,GOV_WGI_VA.EST,1.0596387
,American Samoa,2008,GOV_WGI_VA.EST,1.0591373
,American Samoa,2007,GOV_WGI_VA.EST,1.0616691
,American Samoa,2006,GOV_WGI_VA.EST,0.6195371
,American Samoa,2005,GOV_WGI_VA.EST,0.6088416
AND,Andorra,2024,GOV_WGI_VA.EST,0.7892366
AND,Andorra,2023,GOV_WGI_VA.EST,0.7696602
AND,Andorra,2022,GOV_WGI_VA.EST,0.9489464
AND,Andorra,2021,GOV_WGI_VA.EST,0.8695156
AND,Andorra,2020,GOV_WGI_VA.EST,0.9786021
AND,Andorra,2019,GOV_WGI_VA.EST,1.0039275
AND,Andorra,2018,GOV_WGI_VA.EST,0.9863455
AND,Andorra,2017,GOV_WGI_VA.EST,1.3522661
AND,Andorra,2016,GOV_WGI_VA.EST,1.3368503
AND,Andorra,2015,GOV_WGI_VA.EST,1.3792269
AND,Andorra,2014,GOV_WGI_VA.EST,1.3785606
AND,Andorra,2013,GOV_WGI_VA.EST,1.5070081
AND,Andorra,2012,GOV_WGI_VA.EST,1.5094509
AND,Andorra,2011,GOV_WGI_VA.EST,1.4590846
AND,Andorra,2010,GOV_WGI_VA.EST,1.4568311
AND,Andorra,2009,GOV_WGI_VA.EST,1.4580835
AND,Andorra,2008,GOV_WGI_VA.EST,1.4578678
AND,Andorra,2007,GOV_WGI_VA.EST,1.4589572
AND,Andorra,2006,GOV_WGI_VA.EST,1.4602898
AND,Andorra,2005,GOV_WGI_VA.EST,1.4511701
AGO,Angola,2024,GOV_WGI_VA.EST,-1.0588932
AGO,Angola,2023,GOV_WGI_VA.EST,-1.02093599999999
AGO,Angola,2022,GOV_WGI_VA.EST,-1.0480912
AGO,Angola,2021,GOV_WGI_VA.EST,-0.998508499999999
AGO,Angola,2020,GOV_WGI_VA.EST,-0.937689799999999
AGO,Angola,2019,GOV_WGI_VA.EST,-0.9382176
AGO,Angola,2018,GOV_WGI_VA.EST,-1.005668
AGO,Angola,2017,GOV_WGI_VA.EST,-1.131561
AGO,Angola,2016,GOV_WGI_VA.EST,-1.19498
AGO,Angola,2015,GOV_WGI_VA.EST,-1.1542998
AGO,Angola,2014,GOV_WGI_VA.EST,-1.1303739
AGO,Angola,2013,GOV_WGI_VA.EST,-1.0947921
AGO,Angola,2012,GOV_WGI_VA.EST,-1.0591925
AGO,Angola,2011,GOV_WGI_VA.EST,-1.108214
AGO,Angola,2010,GOV_WGI_VA.EST,-1.1285907
AGO,Angola,2009,GOV_WGI_VA.EST,-1.0942699
AGO,Angola,2008,GOV_WGI_VA.EST,-1.0776636
AGO,Angola,2007,GOV_WGI_VA.EST,-1.2351851
AGO,Angola,2006,GOV_WGI_VA.EST,-1.2631594
AGO,Angola,2005,GOV_WGI_VA.EST,-1.20880569999999
ATG,Antigua and Barbuda,2024,GOV_WGI_VA.EST,0.5117735
ATG,Antigua and Barbuda,2023,GOV_WGI_VA.EST,0.5184164
ATG,Antigua and Barbuda,2022,GOV_WGI_VA.EST,0.5083016
ATG,Antigua and Barbuda,2021,GOV_WGI_VA.EST,0.5304723
ATG,Antigua and Barbuda,2020,GOV_WGI_VA.EST,0.5086709
ATG,Antigua and Barbuda,2019,GOV_WGI_VA.EST,0.5090714
ATG,Antigua and Barbuda,2018,GOV_WGI_VA.EST,0.5037134
ATG,Antigua and Barbuda,2017,GOV_WGI_VA.EST,0.5341477
ATG,Antigua and Barbuda,2016,GOV_WGI_VA.EST,0.612667
ATG,Antigua and Barbuda,2015,GOV_WGI_VA.EST,0.5959673
ATG,Antigua and Barbuda,2014,GOV_WGI_VA.EST,0.6982468
ATG,Antigua and Barbuda,2013,GOV_WGI_VA.EST,0.6907511
ATG,Antigua and Barbuda,2012,GOV_WGI_VA.EST,0.6980354
ATG,Antigua and Barbuda,2011,GOV_WGI_VA.EST,0.6490922
ATG,Antigua and Barbuda,2010,GOV_WGI_VA.EST,0.6468387
ATG,Antigua and Barbuda,2009,GOV_WGI_VA.EST,0.7244294
ATG,Antigua and Barbuda,2008,GOV_WGI_VA.EST,0.5836024
ATG,Antigua and Barbuda,2007,GOV_WGI_VA.EST,0.5802615
ATG,Antigua and Barbuda,2006,GOV_WGI_VA.EST,0.6442309
ATG,Antigua and Barbuda,2005,GOV_WGI_VA.EST,0.5814776
ARG,Argentina,2024,GOV_WGI_VA.EST,0.385552
ARG,Argentina,2023,GOV_WGI_VA.EST,0.49616
ARG,Argentina,2022,GOV_WGI_VA.EST,0.4969087
ARG,Argentina,2021,GOV_WGI_VA.EST,0.5235454
ARG,Argentina,2020,GOV_WGI_VA.EST,0.5903064
ARG,Argentina,2019,GOV_WGI_VA.EST,0.5979723
ARG,Argentina,2018,GOV_WGI_VA.EST,0.6297742
ARG,Argentina,2017,GOV_WGI_VA.EST,0.5819915
ARG,Argentina,2016,GOV_WGI_VA.EST,0.4495506
ARG,Argentina,2015,GOV_WGI_VA.EST,0.3678175
ARG,Argentina,2014,GOV_WGI_VA.EST,0.3052787
ARG,Argentina,2013,GOV_WGI_VA.EST,0.2479511
ARG,Argentina,2012,GOV_WGI_VA.EST,0.3112012
ARG,Argentina,2011,GOV_WGI_VA.EST,0.3421553
ARG,Argentina,2010,GOV_WGI_VA.EST,0.4439987
ARG,Argentina,2009,GOV_WGI_VA.EST,0.3882056
ARG,Argentina,2008,GOV_WGI_VA.EST,0.4084075
ARG,Argentina,2007,GOV_WGI_VA.EST,0.5040718
ARG,Argentina,2006,GOV_WGI_VA.EST,0.5096456
ARG,Argentina,2005,GOV_WGI_VA.EST,0.510876
ARM,Armenia,2024,GOV_WGI_VA.EST,0.1201848
ARM,Armenia,2023,GOV_WGI_VA.EST,0.0614401
ARM,Armenia,2022,GOV_WGI_VA.EST,0.0567692
ARM,Armenia,2021,GOV_WGI_VA.EST,0.1047104
ARM,Armenia,2020,GOV_WGI_VA.EST,0.2108734
ARM,Armenia,2019,GOV_WGI_VA.EST,0.2006866
ARM,Armenia,2018,GOV_WGI_VA.EST,0.2320021
ARM,Armenia,2017,GOV_WGI_VA.EST,-0.3415409
ARM,Armenia,2016,GOV_WGI_VA.EST,-0.3894293
ARM,Armenia,2015,GOV_WGI_VA.EST,-0.3535547
ARM,Armenia,2014,GOV_WGI_VA.EST,-0.3735727
ARM,Armenia,2013,GOV_WGI_VA.EST,-0.4439759
ARM,Armenia,2012,GOV_WGI_VA.EST,-0.4296658
ARM,Armenia,2011,GOV_WGI_VA.EST,-0.5426552
ARM,Armenia,2010,GOV_WGI_VA.EST,-0.727251299999999
ARM,Armenia,2009,GOV_WGI_VA.EST,-0.7647286
ARM,Armenia,2008,GOV_WGI_VA.EST,-0.6966135
ARM,Armenia,2007,GOV_WGI_VA.EST,-0.451021599999999
ARM,Armenia,2006,GOV_WGI_VA.EST,-0.5324667
ARM,Armenia,2005,GOV_WGI_VA.EST,-0.5677441
,Aruba,2024,GOV_WGI_VA.EST,0.9576687
,Aruba,2023,GOV_WGI_VA.EST,0.9587989
,Aruba,2022,GOV_WGI_VA.EST,0.9608656
,Aruba,2021,GOV_WGI_VA.EST,0.9629543
,Aruba,2020,GOV_WGI_VA.EST,1.4163396
,Aruba,2019,GOV_WGI_VA.EST,1.4172559
,Aruba,2018,GOV_WGI_VA.EST,1.4179056
,Aruba,2017,GOV_WGI_VA.EST,1.3881098
,Aruba,2016,GOV_WGI_VA.EST,1.3889356
,Aruba,2015,GOV_WGI_VA.EST,1.3898855
,Aruba,2014,GOV_WGI_VA.EST,1.3891229
,Aruba,2013,GOV_WGI_VA.EST,1.3861136
,Aruba,2012,GOV_WGI_VA.EST,1.3889093
,Aruba,2011,GOV_WGI_VA.EST,1.3908076
,Aruba,2010,GOV_WGI_VA.EST,1.3885304
,Aruba,2009,GOV_WGI_VA.EST,1.389796
,Aruba,2008,GOV_WGI_VA.EST,1.0591373
,Aruba,2007,GOV_WGI_VA.EST,1.0616691
,Aruba,2006,GOV_WGI_VA.EST,1.064766
,Aruba,2005,GOV_WGI_VA.EST,1.0540705
AUS,Australia,2024,GOV_WGI_VA.EST,1.5123302
AUS,Australia,2023,GOV_WGI_VA.EST,1.5142943
AUS,Australia,2022,GOV_WGI_VA.EST,1.4808101
AUS,Australia,2021,GOV_WGI_VA.EST,1.4353311
AUS,Australia,2020,GOV_WGI_VA.EST,1.4705869
AUS,Australia,2019,GOV_WGI_VA.EST,1.4944488
AUS,Australia,2018,GOV_WGI_VA.EST,1.5700131
AUS,Australia,2017,GOV_WGI_VA.EST,1.6211893
AUS,Australia,2016,GOV_WGI_VA.EST,1.5880705
AUS,Australia,2015,GOV_WGI_VA.EST,1.5545445
AUS,Australia,2014,GOV_WGI_VA.EST,1.5339542
AUS,Australia,2013,GOV_WGI_VA.EST,1.543246
AUS,Australia,2012,GOV_WGI_VA.EST,1.707013
AUS,Australia,2011,GOV_WGI_VA.EST,1.6451967
AUS,Australia,2010,GOV_WGI_VA.EST,1.6357193
AUS,Australia,2009,GOV_WGI_VA.EST,1.5932554
AUS,Australia,2008,GOV_WGI_VA.EST,1.5921015
AUS,Australia,2007,GOV_WGI_VA.EST,1.5924951
AUS,Australia,2006,GOV_WGI_VA.EST,1.5672518
AUS,Australia,2005,GOV_WGI_VA.EST,1.5657751
AUT,Austria,2024,GOV_WGI_VA.EST,1.4054571
AUT,Austria,2023,GOV_WGI_VA.EST,1.4328609
AUT,Austria,2022,GOV_WGI_VA.EST,1.4754309
AUT,Austria,2021,GOV_WGI_VA.EST,1.4910037
AUT,Austria,2020,GOV_WGI_VA.EST,1.5300268
AUT,Austria,2019,GOV_WGI_VA.EST,1.4551242
AUT,Austria,2018,GOV_WGI_VA.EST,1.4643983
AUT,Austria,2017,GOV_WGI_VA.EST,1.4702463
AUT,Austria,2016,GOV_WGI_VA.EST,1.5055302
AUT,Austria,2015,GOV_WGI_VA.EST,1.5465377
AUT,Austria,2014,GOV_WGI_VA.EST,1.5285745
AUT,Austria,2013,GOV_WGI_VA.EST,1.5862519
AUT,Austria,2012,GOV_WGI_VA.EST,1.5522565
AUT,Austria,2011,GOV_WGI_VA.EST,1.5482262
AUT,Austria,2010,GOV_WGI_VA.EST,1.6082815
AUT,Austria,2009,GOV_WGI_VA.EST,1.6092717
AUT,Austria,2008,GOV_WGI_VA.EST,1.5791589
AUT,Austria,2007,GOV_WGI_VA.EST,1.6046687
AUT,Austria,2006,GOV_WGI_VA.EST,1.5999476
AUT,Austria,2005,GOV_WGI_VA.EST,1.323997
AZE,Azerbaijan,2024,GOV_WGI_VA.EST,-1.5042391
AZE,Azerbaijan,2023,GOV_WGI_VA.EST,-1.5174941
AZE,Azerbaijan,2022,GOV_WGI_VA.EST,-1.4304325
AZE,Azerbaijan,2021,GOV_WGI_VA.EST,-1.433342
AZE,Azerbaijan,2020,GOV_WGI_VA.EST,-1.4537297
AZE,Azerbaijan,2019,GOV_WGI_VA.EST,-1.45978869999999
AZE,Azerbaijan,2018,GOV_WGI_VA.EST,-1.2691213
AZE,Azerbaijan,2017,GOV_WGI_VA.EST,-1.23463909999999
AZE,Azerbaijan,2016,GOV_WGI_VA.EST,-1.2208691
AZE,Azerbaijan,2015,GOV_WGI_VA.EST,-1.18726549999999
AZE,Azerbaijan,2014,GOV_WGI_VA.EST,-1.1592198
AZE,Azerbaijan,2013,GOV_WGI_VA.EST,-1.1753685
AZE,Azerbaijan,2012,GOV_WGI_VA.EST,-1.0260348
AZE,Azerbaijan,2011,GOV_WGI_VA.EST,-1.026788
AZE,Azerbaijan,2010,GOV_WGI_VA.EST,-1.0195147
AZE,Azerbaijan,2009,GOV_WGI_VA.EST,-0.9357633
AZE,Azerbaijan,2008,GOV_WGI_VA.EST,-0.976002199999999
AZE,Azerbaijan,2007,GOV_WGI_VA.EST,-0.9457875
AZE,Azerbaijan,2006,GOV_WGI_VA.EST,-0.9707928
AZE,Azerbaijan,2005,GOV_WGI_VA.EST,-1.03386699999999
BHS,"Bahamas, The",2024,GOV_WGI_VA.EST,0.5530661
BHS,"Bahamas, The",2023,GOV_WGI_VA.EST,0.5702299
BHS,"Bahamas, The",2022,GOV_WGI_VA.EST,0.608717
BHS,"Bahamas, The",2021,GOV_WGI_VA.EST,0.6714212
BHS,"Bahamas, The",2020,GOV_WGI_VA.EST,0.6238987
BHS,"Bahamas, The",2019,GOV_WGI_VA.EST,0.6241479
BHS,"Bahamas, The",2018,GOV_WGI_VA.EST,0.5155607
BHS,"Bahamas, The",2017,GOV_WGI_VA.EST,0.5292198
BHS,"Bahamas, The",2016,GOV_WGI_VA.EST,0.5087193
BHS,"Bahamas, The",2015,GOV_WGI_VA.EST,0.6214276
BHS,"Bahamas, The",2014,GOV_WGI_VA.EST,0.9374454
BHS,"Bahamas, The",2013,GOV_WGI_VA.EST,0.9324918
BHS,"Bahamas, The",2012,GOV_WGI_VA.EST,0.9363269
BHS,"Bahamas, The",2011,GOV_WGI_VA.EST,0.9349375
BHS,"Bahamas, The",2010,GOV_WGI_VA.EST,0.9652284
BHS,"Bahamas, The",2009,GOV_WGI_VA.EST,0.9658878
BHS,"Bahamas, The",2008,GOV_WGI_VA.EST,1.114197
BHS,"Bahamas, The",2007,GOV_WGI_VA.EST,1.11501
BHS,"Bahamas, The",2006,GOV_WGI_VA.EST,1.0326099
BHS,"Bahamas, The",2005,GOV_WGI_VA.EST,1.0325466
BHR,Bahrain,2024,GOV_WGI_VA.EST,-1.3214713
BHR,Bahrain,2023,GOV_WGI_VA.EST,-1.3369989
BHR,Bahrain,2022,GOV_WGI_VA.EST,-1.31704889999999
BHR,Bahrain,2021,GOV_WGI_VA.EST,-1.31637239999999
BHR,Bahrain,2020,GOV_WGI_VA.EST,-1.26990729999999
BHR,Bahrain,2019,GOV_WGI_VA.EST,-1.2689416
BHR,Bahrain,2018,GOV_WGI_VA.EST,-1.28231949999999
BHR,Bahrain,2017,GOV_WGI_VA.EST,-1.19495709999999
BHR,Bahrain,2016,GOV_WGI_VA.EST,-1.178604
BHR,Bahrain,2015,GOV_WGI_VA.EST,-1.0813101
BHR,Bahrain,2014,GOV_WGI_VA.EST,-1.1899239
BHR,Bahrain,2013,GOV_WGI_VA.EST,-1.2165799
BHR,Bahrain,2012,GOV_WGI_VA.EST,-1.16779569999999
BHR,Bahrain,2011,GOV_WGI_VA.EST,-1.1267284
BHR,Bahrain,2010,GOV_WGI_VA.EST,-0.826753899999999
BHR,Bahrain,2009,GOV_WGI_VA.EST,-0.6220273
BHR,Bahrain,2008,GOV_WGI_VA.EST,-0.607048199999999
BHR,Bahrain,2007,GOV_WGI_VA.EST,-0.5923242
BHR,Bahrain,2006,GOV_WGI_VA.EST,-0.649917
BHR,Bahrain,2005,GOV_WGI_VA.EST,-0.696543199999999
BGD,Bangladesh,2024,GOV_WGI_VA.EST,-1.1608036
BGD,Bangladesh,2023,GOV_WGI_VA.EST,-1.1354298
BGD,Bangladesh,2022,GOV_WGI_VA.EST,-1.07223619999999
BGD,Bangladesh,2021,GOV_WGI_VA.EST,-1.05678039999999
BGD,Bangladesh,2020,GOV_WGI_VA.EST,-1.0048373
BGD,Bangladesh,2019,GOV_WGI_VA.EST,-0.989835399999999
BGD,Bangladesh,2018,GOV_WGI_VA.EST,-0.962351699999999
BGD,Bangladesh,2017,GOV_WGI_VA.EST,-0.9168972
BGD,Bangladesh,2016,GOV_WGI_VA.EST,-0.933366799999999
BGD,Bangladesh,2015,GOV_WGI_VA.EST,-0.8770251
BGD,Bangladesh,2014,GOV_WGI_VA.EST,-0.788675999999999
BGD,Bangladesh,2013,GOV_WGI_VA.EST,-0.704802199999999
BGD,Bangladesh,2012,GOV_WGI_VA.EST,-0.612621099999999
BGD,Bangladesh,2011,GOV_WGI_VA.EST,-0.4084443
BGD,Bangladesh,2010,GOV_WGI_VA.EST,-0.3150938
BGD,Bangladesh,2009,GOV_WGI_VA.EST,-0.3228609
BGD,Bangladesh,2008,GOV_WGI_VA.EST,-0.4683266
BGD,Bangladesh,2007,GOV_WGI_VA.EST,-0.507764
BGD,Bangladesh,2006,GOV_WGI_VA.EST,-0.5125054
BGD,Bangladesh,2005,GOV_WGI_VA.EST,-0.5562359
BRB,Barbados,2024,GOV_WGI_VA.EST,0.99396
BRB,Barbados,2023,GOV_WGI_VA.EST,0.9846694
BRB,Barbados,2022,GOV_WGI_VA.EST,0.9892759
BRB,Barbados,2021,GOV_WGI_VA.EST,0.9713716
BRB,Barbados,2020,GOV_WGI_VA.EST,0.9404741
BRB,Barbados,2019,GOV_WGI_VA.EST,0.918711
BRB,Barbados,2018,GOV_WGI_VA.EST,0.9455467
BRB,Barbados,2017,GOV_WGI_VA.EST,0.9132342
BRB,Barbados,2016,GOV_WGI_VA.EST,0.963913
BRB,Barbados,2015,GOV_WGI_VA.EST,0.9763248
BRB,Barbados,2014,GOV_WGI_VA.EST,1.1254913
BRB,Barbados,2013,GOV_WGI_VA.EST,1.1449136
BRB,Barbados,2012,GOV_WGI_VA.EST,1.1635494
BRB,Barbados,2011,GOV_WGI_VA.EST,1.1889203
BRB,Barbados,2010,GOV_WGI_VA.EST,1.1997637
BRB,Barbados,2009,GOV_WGI_VA.EST,1.2214201
BRB,Barbados,2008,GOV_WGI_VA.EST,1.0140337
BRB,Barbados,2007,GOV_WGI_VA.EST,1.0542798
BRB,Barbados,2006,GOV_WGI_VA.EST,1.0344394
BRB,Barbados,2005,GOV_WGI_VA.EST,1.0123132
BLR,Belarus,2024,GOV_WGI_VA.EST,-1.6904177
BLR,Belarus,2023,GOV_WGI_VA.EST,-1.72586319999999
BLR,Belarus,2022,GOV_WGI_VA.EST,-1.64264869999999
BLR,Belarus,2021,GOV_WGI_VA.EST,-1.55548589999999
BLR,Belarus,2020,GOV_WGI_VA.EST,-1.3757237
BLR,Belarus,2019,GOV_WGI_VA.EST,-1.2640856
BLR,Belarus,2018,GOV_WGI_VA.EST,-1.10105529999999
BLR,Belarus,2017,GOV_WGI_VA.EST,-1.17853079999999
BLR,Belarus,2016,GOV_WGI_VA.EST,-1.1130495
BLR,Belarus,2015,GOV_WGI_VA.EST,-1.19594929999999
BLR,Belarus,2014,GOV_WGI_VA.EST,-1.18783519999999
BLR,Belarus,2013,GOV_WGI_VA.EST,-1.273777
BLR,Belarus,2012,GOV_WGI_VA.EST,-1.235427
BLR,Belarus,2011,GOV_WGI_VA.EST,-1.2790985
BLR,Belarus,2010,GOV_WGI_VA.EST,-1.2410381
BLR,Belarus,2009,GOV_WGI_VA.EST,-1.2220676
BLR,Belarus,2008,GOV_WGI_VA.EST,-1.24591799999999
BLR,Belarus,2007,GOV_WGI_VA.EST,-1.37189579999999
BLR,Belarus,2006,GOV_WGI_VA.EST,-1.4304426
BLR,Belarus,2005,GOV_WGI_VA.EST,-1.3441087
BEL,Belgium,2024,GOV_WGI_VA.EST,1.4972136
BEL,Belgium,2023,GOV_WGI_VA.EST,1.5152567
BEL,Belgium,2022,GOV_WGI_VA.EST,1.5409176
BEL,Belgium,2021,GOV_WGI_VA.EST,1.541916
BEL,Belgium,2020,GOV_WGI_VA.EST,1.5200949
BEL,Belgium,2019,GOV_WGI_VA.EST,1.4474148
BEL,Belgium,2018,GOV_WGI_VA.EST,1.4858461
BEL,Belgium,2017,GOV_WGI_VA.EST,1.4607612
BEL,Belgium,2016,GOV_WGI_VA.EST,1.5164105
BEL,Belgium,2015,GOV_WGI_VA.EST,1.5225951
BEL,Belgium,2014,GOV_WGI_VA.EST,1.4666488
BEL,Belgium,2013,GOV_WGI_VA.EST,1.4682398
BEL,Belgium,2012,GOV_WGI_VA.EST,1.4318518
BEL,Belgium,2011,GOV_WGI_VA.EST,1.4154858
BEL,Belgium,2010,GOV_WGI_VA.EST,1.5232196
BEL,Belgium,2009,GOV_WGI_VA.EST,1.5416049
BEL,Belgium,2008,GOV_WGI_VA.EST,1.5252467
BEL,Belgium,2007,GOV_WGI_VA.EST,1.5789576
BEL,Belgium,2006,GOV_WGI_VA.EST,1.5303257
BEL,Belgium,2005,GOV_WGI_VA.EST,1.532389
BLZ,Belize,2024,GOV_WGI_VA.EST,0.1039608
BLZ,Belize,2023,GOV_WGI_VA.EST,0.1210883
BLZ,Belize,2022,GOV_WGI_VA.EST,0.1097777
BLZ,Belize,2021,GOV_WGI_VA.EST,0.0776529
BLZ,Belize,2020,GOV_WGI_VA.EST,0.0837771
BLZ,Belize,2019,GOV_WGI_VA.EST,0.0770993
BLZ,Belize,2018,GOV_WGI_VA.EST,0.0799134
BLZ,Belize,2017,GOV_WGI_VA.EST,0.2557342
BLZ,Belize,2016,GOV_WGI_VA.EST,0.2287226
BLZ,Belize,2015,GOV_WGI_VA.EST,0.229675
BLZ,Belize,2014,GOV_WGI_VA.EST,0.3191867
BLZ,Belize,2013,GOV_WGI_VA.EST,0.7334776
BLZ,Belize,2012,GOV_WGI_VA.EST,0.7135194
BLZ,Belize,2011,GOV_WGI_VA.EST,0.7131289
BLZ,Belize,2010,GOV_WGI_VA.EST,0.691136
BLZ,Belize,2009,GOV_WGI_VA.EST,0.6984648
BLZ,Belize,2008,GOV_WGI_VA.EST,0.4732599
BLZ,Belize,2007,GOV_WGI_VA.EST,0.4951089
BLZ,Belize,2006,GOV_WGI_VA.EST,0.5309127
BLZ,Belize,2005,GOV_WGI_VA.EST,0.7826079
BEN,Benin,2024,GOV_WGI_VA.EST,-0.380475299999999
BEN,Benin,2023,GOV_WGI_VA.EST,-0.3371743
BEN,Benin,2022,GOV_WGI_VA.EST,-0.437646999999999
BEN,Benin,2021,GOV_WGI_VA.EST,-0.3316053
BEN,Benin,2020,GOV_WGI_VA.EST,-0.0674593
BEN,Benin,2019,GOV_WGI_VA.EST,-0.0206192
BEN,Benin,2018,GOV_WGI_VA.EST,0.2256013
BEN,Benin,2017,GOV_WGI_VA.EST,0.2055497
BEN,Benin,2016,GOV_WGI_VA.EST,0.2156686
BEN,Benin,2015,GOV_WGI_VA.EST,0.1082878
BEN,Benin,2014,GOV_WGI_VA.EST,0.0640877
BEN,Benin,2013,GOV_WGI_VA.EST,0.0518878
BEN,Benin,2012,GOV_WGI_VA.EST,0.0527832
BEN,Benin,2011,GOV_WGI_VA.EST,0.0746324
BEN,Benin,2010,GOV_WGI_VA.EST,0.2966194
BEN,Benin,2009,GOV_WGI_VA.EST,0.3364321
BEN,Benin,2008,GOV_WGI_VA.EST,0.2686634
BEN,Benin,2007,GOV_WGI_VA.EST,0.3699315
BEN,Benin,2006,GOV_WGI_VA.EST,0.4204185
BEN,Benin,2005,GOV_WGI_VA.EST,0.1422207
,Bermuda,2017,GOV_WGI_VA.EST,1.0557605
,Bermuda,2016,GOV_WGI_VA.EST,1.0576599
,Bermuda,2015,GOV_WGI_VA.EST,1.0598446
,Bermuda,2014,GOV_WGI_VA.EST,1.0580907
,Bermuda,2013,GOV_WGI_VA.EST,1.0511693
,Bermuda,2012,GOV_WGI_VA.EST,1.0575993
,Bermuda,2011,GOV_WGI_VA.EST,1.0619652
,Bermuda,2010,GOV_WGI_VA.EST,1.056728
,Bermuda,2009,GOV_WGI_VA.EST,1.0596387
,Bermuda,2008,GOV_WGI_VA.EST,1.0591373
,Bermuda,2007,GOV_WGI_VA.EST,1.0616691
,Bermuda,2006,GOV_WGI_VA.EST,1.064766
,Bermuda,2005,GOV_WGI_VA.EST,1.0540705
BTN,Bhutan,2024,GOV_WGI_VA.EST,0.4010656
BTN,Bhutan,2023,GOV_WGI_VA.EST,0.3084163
BTN,Bhutan,2022,GOV_WGI_VA.EST,0.2660367
BTN,Bhutan,2021,GOV_WGI_VA.EST,0.3423094
BTN,Bhutan,2020,GOV_WGI_VA.EST,0.337151
BTN,Bhutan,2019,GOV_WGI_VA.EST,0.4302343
BTN,Bhutan,2018,GOV_WGI_VA.EST,0.4090063
BTN,Bhutan,2017,GOV_WGI_VA.EST,0.2185623
BTN,Bhutan,2016,GOV_WGI_VA.EST,0.2162486
BTN,Bhutan,2015,GOV_WGI_VA.EST,0.2205872
BTN,Bhutan,2014,GOV_WGI_VA.EST,0.2050489
BTN,Bhutan,2013,GOV_WGI_VA.EST,0.1957274
BTN,Bhutan,2012,GOV_WGI_VA.EST,0.0959276999999999
BTN,Bhutan,2011,GOV_WGI_VA.EST,-0.1626838
BTN,Bhutan,2010,GOV_WGI_VA.EST,-0.149119299999999
BTN,Bhutan,2009,GOV_WGI_VA.EST,-0.156212599999999
BTN,Bhutan,2008,GOV_WGI_VA.EST,-0.1895219
BTN,Bhutan,2007,GOV_WGI_VA.EST,-0.4488027
BTN,Bhutan,2006,GOV_WGI_VA.EST,-0.618434199999999
BTN,Bhutan,2005,GOV_WGI_VA.EST,-0.5247472
BOL,Bolivia,2024,GOV_WGI_VA.EST,-0.4397641
BOL,Bolivia,2023,GOV_WGI_VA.EST,-0.4295062
BOL,Bolivia,2022,GOV_WGI_VA.EST,-0.395731899999999
BOL,Bolivia,2021,GOV_WGI_VA.EST,-0.3237121
BOL,Bolivia,2020,GOV_WGI_VA.EST,-0.3793012
BOL,Bolivia,2019,GOV_WGI_VA.EST,-0.4802862
BOL,Bolivia,2018,GOV_WGI_VA.EST,-0.322517799999999
BOL,Bolivia,2017,GOV_WGI_VA.EST,-0.227986599999999
BOL,Bolivia,2016,GOV_WGI_VA.EST,-0.1911694
BOL,Bolivia,2015,GOV_WGI_VA.EST,-0.1594334
BOL,Bolivia,2014,GOV_WGI_VA.EST,-0.0995359
BOL,Bolivia,2013,GOV_WGI_VA.EST,-0.1734942
BOL,Bolivia,2012,GOV_WGI_VA.EST,-0.162847699999999
BOL,Bolivia,2011,GOV_WGI_VA.EST,-0.0848776
BOL,Bolivia,2010,GOV_WGI_VA.EST,0.0367525
BOL,Bolivia,2009,GOV_WGI_VA.EST,0.0738735
BOL,Bolivia,2008,GOV_WGI_VA.EST,0.0220861
BOL,Bolivia,2007,GOV_WGI_VA.EST,0.0758027999999999
BOL,Bolivia,2006,GOV_WGI_VA.EST,0.1494004
BOL,Bolivia,2005,GOV_WGI_VA.EST,0.0909855
BIH,Bosnia and Herzegovina,2024,GOV_WGI_VA.EST,-0.3952516
BIH,Bosnia and Herzegovina,2023,GOV_WGI_VA.EST,-0.443716799999999
BIH,Bosnia and Herzegovina,2022,GOV_WGI_VA.EST,-0.4739062
BIH,Bosnia and Herzegovina,2021,GOV_WGI_VA.EST,-0.4759813
BIH,Bosnia and Herzegovina,2020,GOV_WGI_VA.EST,-0.4512199
BIH,Bosnia and Herzegovina,2019,GOV_WGI_VA.EST,-0.4515923
BIH,Bosnia and Herzegovina,2018,GOV_WGI_VA.EST,-0.4378719
BIH,Bosnia and Herzegovina,2017,GOV_WGI_VA.EST,-0.383017999999999
BIH,Bosnia and Herzegovina,2016,GOV_WGI_VA.EST,-0.256938599999999
BIH,Bosnia and Herzegovina,2015,GOV_WGI_VA.EST,-0.212129799999999
BIH,Bosnia and Herzegovina,2014,GOV_WGI_VA.EST,-0.1598354
BIH,Bosnia and Herzegovina,2013,GOV_WGI_VA.EST,-0.1978231
BIH,Bosnia and Herzegovina,2012,GOV_WGI_VA.EST,-0.142103999999999
BIH,Bosnia and Herzegovina,2011,GOV_WGI_VA.EST,-0.183315099999999
BIH,Bosnia and Herzegovina,2010,GOV_WGI_VA.EST,-0.061222
BIH,Bosnia and Herzegovina,2009,GOV_WGI_VA.EST,0.0543793
BIH,Bosnia and Herzegovina,2008,GOV_WGI_VA.EST,0.0995933
BIH,Bosnia and Herzegovina,2007,GOV_WGI_VA.EST,0.1929178
BIH,Bosnia and Herzegovina,2006,GOV_WGI_VA.EST,0.2329202
BIH,Bosnia and Herzegovina,2005,GOV_WGI_VA.EST,0.2921539
BWA,Botswana,2024,GOV_WGI_VA.EST,0.295265
BWA,Botswana,2023,GOV_WGI_VA.EST,0.1593032
BWA,Botswana,2022,GOV_WGI_VA.EST,0.1383421
BWA,Botswana,2021,GOV_WGI_VA.EST,0.1662642
BWA,Botswana,2020,GOV_WGI_VA.EST,0.2262539
BWA,Botswana,2019,GOV_WGI_VA.EST,0.2359357
BWA,Botswana,2018,GOV_WGI_VA.EST,0.2110871
BWA,Botswana,2017,GOV_WGI_VA.EST,0.2119983
BWA,Botswana,2016,GOV_WGI_VA.EST,0.2224214
BWA,Botswana,2015,GOV_WGI_VA.EST,0.2702248
BWA,Botswana,2014,GOV_WGI_VA.EST,0.3462974
BWA,Botswana,2013,GOV_WGI_VA.EST,0.4264996
BWA,Botswana,2012,GOV_WGI_VA.EST,0.5393273
BWA,Botswana,2011,GOV_WGI_VA.EST,0.5018226
BWA,Botswana,2010,GOV_WGI_VA.EST,0.5542748
BWA,Botswana,2009,GOV_WGI_VA.EST,0.5813266
BWA,Botswana,2008,GOV_WGI_VA.EST,0.5873398
BWA,Botswana,2007,GOV_WGI_VA.EST,0.5999034
BWA,Botswana,2006,GOV_WGI_VA.EST,0.6357818
BWA,Botswana,2005,GOV_WGI_VA.EST,0.6905469
BRA,Brazil,2024,GOV_WGI_VA.EST,0.3164771
BRA,Brazil,2023,GOV_WGI_VA.EST,0.2490433
BRA,Brazil,2022,GOV_WGI_VA.EST,0.0304374
BRA,Brazil,2021,GOV_WGI_VA.EST,0.0763533
BRA,Brazil,2020,GOV_WGI_VA.EST,0.166765
BRA,Brazil,2019,GOV_WGI_VA.EST,0.2046798
BRA,Brazil,2018,GOV_WGI_VA.EST,0.2933228
BRA,Brazil,2017,GOV_WGI_VA.EST,0.4292352
BRA,Brazil,2016,GOV_WGI_VA.EST,0.4599637
BRA,Brazil,2015,GOV_WGI_VA.EST,0.461258
BRA,Brazil,2014,GOV_WGI_VA.EST,0.4250488
BRA,Brazil,2013,GOV_WGI_VA.EST,0.4259615
BRA,Brazil,2012,GOV_WGI_VA.EST,0.5532977
BRA,Brazil,2011,GOV_WGI_VA.EST,0.5275116
BRA,Brazil,2010,GOV_WGI_VA.EST,0.6301767
BRA,Brazil,2009,GOV_WGI_VA.EST,0.5739753
BRA,Brazil,2008,GOV_WGI_VA.EST,0.6354814
BRA,Brazil,2007,GOV_WGI_VA.EST,0.5861992
BRA,Brazil,2006,GOV_WGI_VA.EST,0.6050008
BRA,Brazil,2005,GOV_WGI_VA.EST,0.5823979
BRN,Brunei Darussalam,2024,GOV_WGI_VA.EST,-0.7999315
BRN,Brunei Darussalam,2023,GOV_WGI_VA.EST,-0.7935612
BRN,Brunei Darussalam,2022,GOV_WGI_VA.EST,-0.809513599999999
BRN,Brunei Darussalam,2021,GOV_WGI_VA.EST,-0.817422
BRN,Brunei Darussalam,2020,GOV_WGI_VA.EST,-0.775273099999999
BRN,Brunei Darussalam,2019,GOV_WGI_VA.EST,-0.773543499999999
BRN,Brunei Darussalam,2018,GOV_WGI_VA.EST,-0.782867499999999
BRN,Brunei Darussalam,2017,GOV_WGI_VA.EST,-0.7580815
BRN,Brunei Darussalam,2016,GOV_WGI_VA.EST,-0.6163268
BRN,Brunei Darussalam,2015,GOV_WGI_VA.EST,-0.563829999999999
BRN,Brunei Darussalam,2014,GOV_WGI_VA.EST,-0.4797516
BRN,Brunei Darussalam,2013,GOV_WGI_VA.EST,-0.486417
BRN,Brunei Darussalam,2012,GOV_WGI_VA.EST,-0.4945562
BRN,Brunei Darussalam,2011,GOV_WGI_VA.EST,-0.5124769
BRN,Brunei Darussalam,2010,GOV_WGI_VA.EST,-0.578133
BRN,Brunei Darussalam,2009,GOV_WGI_VA.EST,-0.593932999999999
BRN,Brunei Darussalam,2008,GOV_WGI_VA.EST,-0.795314299999999
BRN,Brunei Darussalam,2007,GOV_WGI_VA.EST,-0.8301993
BRN,Brunei Darussalam,2006,GOV_WGI_VA.EST,-0.790858
BRN,Brunei Darussalam,2005,GOV_WGI_VA.EST,-0.7641212
BGR,Bulgaria,2024,GOV_WGI_VA.EST,0.2133864
BGR,Bulgaria,2023,GOV_WGI_VA.EST,0.2596074
BGR,Bulgaria,2022,GOV_WGI_VA.EST,0.1982152
BGR,Bulgaria,2021,GOV_WGI_VA.EST,0.1902884
BGR,Bulgaria,2020,GOV_WGI_VA.EST,0.193102
BGR,Bulgaria,2019,GOV_WGI_VA.EST,0.1389293
BGR,Bulgaria,2018,GOV_WGI_VA.EST,0.0730547
BGR,Bulgaria,2017,GOV_WGI_VA.EST,0.1264569
BGR,Bulgaria,2016,GOV_WGI_VA.EST,0.2331893
BGR,Bulgaria,2015,GOV_WGI_VA.EST,0.2421524
BGR,Bulgaria,2014,GOV_WGI_VA.EST,0.2195941
BGR,Bulgaria,2013,GOV_WGI_VA.EST,0.2012595
BGR,Bulgaria,2012,GOV_WGI_VA.EST,0.3526623
BGR,Bulgaria,2011,GOV_WGI_VA.EST,0.325433
BGR,Bulgaria,2010,GOV_WGI_VA.EST,0.5234556
BGR,Bulgaria,2009,GOV_WGI_VA.EST,0.5935034
BGR,Bulgaria,2008,GOV_WGI_VA.EST,0.6183183
BGR,Bulgaria,2007,GOV_WGI_VA.EST,0.7008671
BGR,Bulgaria,2006,GOV_WGI_VA.EST,0.6851175
BGR,Bulgaria,2005,GOV_WGI_VA.EST,0.5952839
BFA,Burkina Faso,2024,GOV_WGI_VA.EST,-0.964477599999999
BFA,Burkina Faso,2023,GOV_WGI_VA.EST,-0.695584299999999
BFA,Burkina Faso,2022,GOV_WGI_VA.EST,-0.593244099999999
BFA,Burkina Faso,2021,GOV_WGI_VA.EST,-0.172692999999999
BFA,Burkina Faso,2020,GOV_WGI_VA.EST,-0.2152963
BFA,Burkina Faso,2019,GOV_WGI_VA.EST,-0.1034561
BFA,Burkina Faso,2018,GOV_WGI_VA.EST,-0.0592664
BFA,Burkina Faso,2017,GOV_WGI_VA.EST,-0.0466125
BFA,Burkina Faso,2016,GOV_WGI_VA.EST,-0.1019967
BFA,Burkina Faso,2015,GOV_WGI_VA.EST,-0.209465799999999
BFA,Burkina Faso,2014,GOV_WGI_VA.EST,-0.391469399999999
BFA,Burkina Faso,2013,GOV_WGI_VA.EST,-0.333495
BFA,Burkina Faso,2012,GOV_WGI_VA.EST,-0.303128299999999
BFA,Burkina Faso,2011,GOV_WGI_VA.EST,-0.2511289
BFA,Burkina Faso,2010,GOV_WGI_VA.EST,-0.239026699999999
BFA,Burkina Faso,2009,GOV_WGI_VA.EST,-0.2654879
BFA,Burkina Faso,2008,GOV_WGI_VA.EST,-0.261762999999999
BFA,Burkina Faso,2007,GOV_WGI_VA.EST,-0.281789199999999
BFA,Burkina Faso,2006,GOV_WGI_VA.EST,-0.301668799999999
BFA,Burkina Faso,2005,GOV_WGI_VA.EST,-0.3559619
BDI,Burundi,2024,GOV_WGI_VA.EST,-1.4920981
BDI,Burundi,2023,GOV_WGI_VA.EST,-1.3170799
BDI,Burundi,2022,GOV_WGI_VA.EST,-1.3992831
BDI,Burundi,2021,GOV_WGI_VA.EST,-1.43815269999999
BDI,Burundi,2020,GOV_WGI_VA.EST,-1.4624906
BDI,Burundi,2019,GOV_WGI_VA.EST,-1.6236321
BDI,Burundi,2018,GOV_WGI_VA.EST,-1.56641829999999
BDI,Burundi,2017,GOV_WGI_VA.EST,-1.4779632
BDI,Burundi,2016,GOV_WGI_VA.EST,-1.4549059
BDI,Burundi,2015,GOV_WGI_VA.EST,-1.2657593
BDI,Burundi,2014,GOV_WGI_VA.EST,-1.0633176
BDI,Burundi,2013,GOV_WGI_VA.EST,-1.1037371
BDI,Burundi,2012,GOV_WGI_VA.EST,-1.0645581
BDI,Burundi,2011,GOV_WGI_VA.EST,-0.9743506
BDI,Burundi,2010,GOV_WGI_VA.EST,-0.974247099999999
BDI,Burundi,2009,GOV_WGI_VA.EST,-0.663872
BDI,Burundi,2008,GOV_WGI_VA.EST,-0.708043
BDI,Burundi,2007,GOV_WGI_VA.EST,-0.675203999999999
BDI,Burundi,2006,GOV_WGI_VA.EST,-0.6608421
BDI,Burundi,2005,GOV_WGI_VA.EST,-0.6034823
CPV,Cabo Verde,2024,GOV_WGI_VA.EST,0.7910795
CPV,Cabo Verde,2023,GOV_WGI_VA.EST,0.7369363
CPV,Cabo Verde,2022,GOV_WGI_VA.EST,0.7456206
CPV,Cabo Verde,2021,GOV_WGI_VA.EST,0.7321187
CPV,Cabo Verde,2020,GOV_WGI_VA.EST,0.7194835
CPV,Cabo Verde,2019,GOV_WGI_VA.EST,0.8082604
CPV,Cabo Verde,2018,GOV_WGI_VA.EST,0.8471925
CPV,Cabo Verde,2017,GOV_WGI_VA.EST,0.7340745
CPV,Cabo Verde,2016,GOV_WGI_VA.EST,0.7230402
CPV,Cabo Verde,2015,GOV_WGI_VA.EST,0.7695004
CPV,Cabo Verde,2014,GOV_WGI_VA.EST,0.7736703
CPV,Cabo Verde,2013,GOV_WGI_VA.EST,0.8296579
CPV,Cabo Verde,2012,GOV_WGI_VA.EST,0.8977302
CPV,Cabo Verde,2011,GOV_WGI_VA.EST,0.9363257
CPV,Cabo Verde,2010,GOV_WGI_VA.EST,0.8673591
CPV,Cabo Verde,2009,GOV_WGI_VA.EST,0.9290999
CPV,Cabo Verde,2008,GOV_WGI_VA.EST,0.9688992
CPV,Cabo Verde,2007,GOV_WGI_VA.EST,0.9542277
CPV,Cabo Verde,2006,GOV_WGI_VA.EST,0.8898438
CPV,Cabo Verde,2005,GOV_WGI_VA.EST,0.8096272
KHM,Cambodia,2024,GOV_WGI_VA.EST,-1.67065629999999
KHM,Cambodia,2023,GOV_WGI_VA.EST,-1.5290134
KHM,Cambodia,2022,GOV_WGI_VA.EST,-1.50494479999999
KHM,Cambodia,2021,GOV_WGI_VA.EST,-1.4431473
KHM,Cambodia,2020,GOV_WGI_VA.EST,-1.3831133
KHM,Cambodia,2019,GOV_WGI_VA.EST,-1.4922674
KHM,Cambodia,2018,GOV_WGI_VA.EST,-1.5176701
KHM,Cambodia,2017,GOV_WGI_VA.EST,-1.2106905
KHM,Cambodia,2016,GOV_WGI_VA.EST,-1.21921259999999
KHM,Cambodia,2015,GOV_WGI_VA.EST,-1.2074577
KHM,Cambodia,2014,GOV_WGI_VA.EST,-1.0752484
KHM,Cambodia,2013,GOV_WGI_VA.EST,-1.0291663
KHM,Cambodia,2012,GOV_WGI_VA.EST,-1.022324
KHM,Cambodia,2011,GOV_WGI_VA.EST,-1.0464565
KHM,Cambodia,2010,GOV_WGI_VA.EST,-0.995362899999999
KHM,Cambodia,2009,GOV_WGI_VA.EST,-0.9479399
KHM,Cambodia,2008,GOV_WGI_VA.EST,-0.918540799999999
KHM,Cambodia,2007,GOV_WGI_VA.EST,-0.8769558
KHM,Cambodia,2006,GOV_WGI_VA.EST,-0.8682572
KHM,Cambodia,2005,GOV_WGI_VA.EST,-0.9591426
CMR,Cameroon,2024,GOV_WGI_VA.EST,-1.2417667
CMR,Cameroon,2023,GOV_WGI_VA.EST,-1.2426857
CMR,Cameroon,2022,GOV_WGI_VA.EST,-1.243908
CMR,Cameroon,2021,GOV_WGI_VA.EST,-1.24492729999999
CMR,Cameroon,2020,GOV_WGI_VA.EST,-1.2003042
CMR,Cameroon,2019,GOV_WGI_VA.EST,-1.25256069999999
CMR,Cameroon,2018,GOV_WGI_VA.EST,-1.22088669999999
CMR,Cameroon,2017,GOV_WGI_VA.EST,-1.1012762
CMR,Cameroon,2016,GOV_WGI_VA.EST,-1.0603877
CMR,Cameroon,2015,GOV_WGI_VA.EST,-0.9796946
CMR,Cameroon,2014,GOV_WGI_VA.EST,-0.9633286
CMR,Cameroon,2013,GOV_WGI_VA.EST,-1.0759872
CMR,Cameroon,2012,GOV_WGI_VA.EST,-1.0898972
CMR,Cameroon,2011,GOV_WGI_VA.EST,-1.0194629
CMR,Cameroon,2010,GOV_WGI_VA.EST,-1.0311765
CMR,Cameroon,2009,GOV_WGI_VA.EST,-0.9970658
CMR,Cameroon,2008,GOV_WGI_VA.EST,-0.944049599999999
CMR,Cameroon,2007,GOV_WGI_VA.EST,-0.92765
CMR,Cameroon,2006,GOV_WGI_VA.EST,-0.950101899999999
CMR,Cameroon,2005,GOV_WGI_VA.EST,-1.0611092
CAN,Canada,2024,GOV_WGI_VA.EST,1.5036042
CAN,Canada,2023,GOV_WGI_VA.EST,1.5113422
CAN,Canada,2022,GOV_WGI_VA.EST,1.4766713
CAN,Canada,2021,GOV_WGI_VA.EST,1.4726848
CAN,Canada,2020,GOV_WGI_VA.EST,1.5974088
CAN,Canada,2019,GOV_WGI_VA.EST,1.5957418
CAN,Canada,2018,GOV_WGI_VA.EST,1.6209737
CAN,Canada,2017,GOV_WGI_VA.EST,1.6335494
CAN,Canada,2016,GOV_WGI_VA.EST,1.5977174
CAN,Canada,2015,GOV_WGI_VA.EST,1.5823156
CAN,Canada,2014,GOV_WGI_VA.EST,1.4204969
CAN,Canada,2013,GOV_WGI_VA.EST,1.463503
CAN,Canada,2012,GOV_WGI_VA.EST,1.4470402
CAN,Canada,2011,GOV_WGI_VA.EST,1.4253065
CAN,Canada,2010,GOV_WGI_VA.EST,1.4115941
CAN,Canada,2009,GOV_WGI_VA.EST,1.4946238
CAN,Canada,2008,GOV_WGI_VA.EST,1.5424223
CAN,Canada,2007,GOV_WGI_VA.EST,1.5813123
CAN,Canada,2006,GOV_WGI_VA.EST,1.5633388
CAN,Canada,2005,GOV_WGI_VA.EST,1.5072614
,Cayman Islands,2024,GOV_WGI_VA.EST,0.9576687
,Cayman Islands,2023,GOV_WGI_VA.EST,0.9587989
,Cayman Islands,2022,GOV_WGI_VA.EST,0.9608656
,Cayman Islands,2021,GOV_WGI_VA.EST,0.9629543
,Cayman Islands,2020,GOV_WGI_VA.EST,0.5222875
,Cayman Islands,2019,GOV_WGI_VA.EST,0.5232038
,Cayman Islands,2018,GOV_WGI_VA.EST,0.5238535
,Cayman Islands,2017,GOV_WGI_VA.EST,0.707139
,Cayman Islands,2016,GOV_WGI_VA.EST,0.7079649
,Cayman Islands,2015,GOV_WGI_VA.EST,0.7089148
,Cayman Islands,2014,GOV_WGI_VA.EST,0.7081522
,Cayman Islands,2013,GOV_WGI_VA.EST,0.7051428
,Cayman Islands,2012,GOV_WGI_VA.EST,0.7079386
,Cayman Islands,2011,GOV_WGI_VA.EST,0.7098368
,Cayman Islands,2010,GOV_WGI_VA.EST,0.7075597
,Cayman Islands,2009,GOV_WGI_VA.EST,0.7088253
,Cayman Islands,2008,GOV_WGI_VA.EST,0.8365229
,Cayman Islands,2007,GOV_WGI_VA.EST,0.8390547
,Cayman Islands,2006,GOV_WGI_VA.EST,0.8421516
,Cayman Islands,2005,GOV_WGI_VA.EST,0.8314561
CAF,Central African Republic,2024,GOV_WGI_VA.EST,-1.311266
CAF,Central African Republic,2023,GOV_WGI_VA.EST,-1.32093669999999
CAF,Central African Republic,2022,GOV_WGI_VA.EST,-1.2634566
CAF,Central African Republic,2021,GOV_WGI_VA.EST,-1.2527095
CAF,Central African Republic,2020,GOV_WGI_VA.EST,-1.2261003
CAF,Central African Republic,2019,GOV_WGI_VA.EST,-1.0322464
CAF,Central African Republic,2018,GOV_WGI_VA.EST,-0.991607999999999
CAF,Central African Republic,2017,GOV_WGI_VA.EST,-1.0753709
CAF,Central African Republic,2016,GOV_WGI_VA.EST,-1.08091
CAF,Central African Republic,2015,GOV_WGI_VA.EST,-1.1507213
CAF,Central African Republic,2014,GOV_WGI_VA.EST,-1.183112
CAF,Central African Republic,2013,GOV_WGI_VA.EST,-1.3458993
CAF,Central African Republic,2012,GOV_WGI_VA.EST,-1.0844806
CAF,Central African Republic,2011,GOV_WGI_VA.EST,-1.0581363
CAF,Central African Republic,2010,GOV_WGI_VA.EST,-1.1109098
CAF,Central African Republic,2009,GOV_WGI_VA.EST,-1.0130057
CAF,Central African Republic,2008,GOV_WGI_VA.EST,-0.9345123
CAF,Central African Republic,2007,GOV_WGI_VA.EST,-0.9799673
CAF,Central African Republic,2006,GOV_WGI_VA.EST,-1.0171558
CAF,Central African Republic,2005,GOV_WGI_VA.EST,-1.08941399999999
TCD,Chad,2024,GOV_WGI_VA.EST,-1.5187583
TCD,Chad,2023,GOV_WGI_VA.EST,-1.378485
TCD,Chad,2022,GOV_WGI_VA.EST,-1.4100369
TCD,Chad,2021,GOV_WGI_VA.EST,-1.4563133
TCD,Chad,2020,GOV_WGI_VA.EST,-1.3268961
TCD,Chad,2019,GOV_WGI_VA.EST,-1.3019227
TCD,Chad,2018,GOV_WGI_VA.EST,-1.3206115
TCD,Chad,2017,GOV_WGI_VA.EST,-1.2692214
TCD,Chad,2016,GOV_WGI_VA.EST,-1.268907
TCD,Chad,2015,GOV_WGI_VA.EST,-1.1956684
TCD,Chad,2014,GOV_WGI_VA.EST,-1.1722919
TCD,Chad,2013,GOV_WGI_VA.EST,-1.2594363
TCD,Chad,2012,GOV_WGI_VA.EST,-1.2414207
TCD,Chad,2011,GOV_WGI_VA.EST,-1.2662324
TCD,Chad,2010,GOV_WGI_VA.EST,-1.3228554
TCD,Chad,2009,GOV_WGI_VA.EST,-1.36209619999999
TCD,Chad,2008,GOV_WGI_VA.EST,-1.3823234
TCD,Chad,2007,GOV_WGI_VA.EST,-1.4175753
TCD,Chad,2006,GOV_WGI_VA.EST,-1.38607749999999
TCD,Chad,2005,GOV_WGI_VA.EST,-1.2666674
CHL,Chile,2024,GOV_WGI_VA.EST,0.994188
CHL,Chile,2023,GOV_WGI_VA.EST,1.0282277
CHL,Chile,2022,GOV_WGI_VA.EST,1.0098662
CHL,Chile,2021,GOV_WGI_VA.EST,0.9953359
CHL,Chile,2020,GOV_WGI_VA.EST,1.0554867
CHL,Chile,2019,GOV_WGI_VA.EST,1.0810036
CHL,Chile,2018,GOV_WGI_VA.EST,1.117223
CHL,Chile,2017,GOV_WGI_VA.EST,1.1097074
CHL,Chile,2016,GOV_WGI_VA.EST,1.1140561
CHL,Chile,2015,GOV_WGI_VA.EST,1.126836
CHL,Chile,2014,GOV_WGI_VA.EST,1.1535631
CHL,Chile,2013,GOV_WGI_VA.EST,1.1428919
CHL,Chile,2012,GOV_WGI_VA.EST,1.1457118
CHL,Chile,2011,GOV_WGI_VA.EST,1.1506042
CHL,Chile,2010,GOV_WGI_VA.EST,1.259344
CHL,Chile,2009,GOV_WGI_VA.EST,1.2749544
CHL,Chile,2008,GOV_WGI_VA.EST,1.244017
CHL,Chile,2007,GOV_WGI_VA.EST,1.3140093
CHL,Chile,2006,GOV_WGI_VA.EST,1.3059517
CHL,Chile,2005,GOV_WGI_VA.EST,1.3084365
CHN,China,2024,GOV_WGI_VA.EST,-1.6531931
CHN,China,2023,GOV_WGI_VA.EST,-1.64670189999999
CHN,China,2022,GOV_WGI_VA.EST,-1.6167147
CHN,China,2021,GOV_WGI_VA.EST,-1.61369489999999
CHN,China,2020,GOV_WGI_VA.EST,-1.54226819999999
CHN,China,2019,GOV_WGI_VA.EST,-1.5025339
CHN,China,2018,GOV_WGI_VA.EST,-1.4520217
CHN,China,2017,GOV_WGI_VA.EST,-1.3804523
CHN,China,2016,GOV_WGI_VA.EST,-1.3897969
CHN,China,2015,GOV_WGI_VA.EST,-1.3924056
CHN,China,2014,GOV_WGI_VA.EST,-1.3647981
CHN,China,2013,GOV_WGI_VA.EST,-1.4723262
CHN,China,2012,GOV_WGI_VA.EST,-1.455172
CHN,China,2011,GOV_WGI_VA.EST,-1.3691389
CHN,China,2010,GOV_WGI_VA.EST,-1.49515209999999
CHN,China,2009,GOV_WGI_VA.EST,-1.48387119999999
CHN,China,2008,GOV_WGI_VA.EST,-1.4917954
CHN,China,2007,GOV_WGI_VA.EST,-1.46529209999999
CHN,China,2006,GOV_WGI_VA.EST,-1.4501031
CHN,China,2005,GOV_WGI_VA.EST,-1.4771405
COL,Colombia,2024,GOV_WGI_VA.EST,0.034564
COL,Colombia,2023,GOV_WGI_VA.EST,0.0303931
COL,Colombia,2022,GOV_WGI_VA.EST,0.0288542
COL,Colombia,2021,GOV_WGI_VA.EST,-0.0098546
COL,Colombia,2020,GOV_WGI_VA.EST,0.0627933
COL,Colombia,2019,GOV_WGI_VA.EST,0.0805217999999999
COL,Colombia,2018,GOV_WGI_VA.EST,0.0817099999999999
COL,Colombia,2017,GOV_WGI_VA.EST,0.020767
COL,Colombia,2016,GOV_WGI_VA.EST,0.0341417
COL,Colombia,2015,GOV_WGI_VA.EST,0.0168067
COL,Colombia,2014,GOV_WGI_VA.EST,-0.0568228999999999
COL,Colombia,2013,GOV_WGI_VA.EST,-0.112052
COL,Colombia,2012,GOV_WGI_VA.EST,-0.0525201
COL,Colombia,2011,GOV_WGI_VA.EST,-0.0089158
COL,Colombia,2010,GOV_WGI_VA.EST,-0.1461791
COL,Colombia,2009,GOV_WGI_VA.EST,-0.1398022
COL,Colombia,2008,GOV_WGI_VA.EST,-0.1170257
COL,Colombia,2007,GOV_WGI_VA.EST,-0.1246963
COL,Colombia,2006,GOV_WGI_VA.EST,-0.172663999999999
COL,Colombia,2005,GOV_WGI_VA.EST,-0.2388351
COM,Comoros,2024,GOV_WGI_VA.EST,-1.2379665
COM,Comoros,2023,GOV_WGI_VA.EST,-1.2811985
COM,Comoros,2022,GOV_WGI_VA.EST,-1.288717
COM,Comoros,2021,GOV_WGI_VA.EST,-1.28283139999999
COM,Comoros,2020,GOV_WGI_VA.EST,-1.2150822
COM,Comoros,2019,GOV_WGI_VA.EST,-1.1947881
COM,Comoros,2018,GOV_WGI_VA.EST,-0.8163125
COM,Comoros,2017,GOV_WGI_VA.EST,-0.706106999999999
COM,Comoros,2016,GOV_WGI_VA.EST,-0.708650799999999
COM,Comoros,2015,GOV_WGI_VA.EST,-0.677090699999999
COM,Comoros,2014,GOV_WGI_VA.EST,-0.596658599999999
COM,Comoros,2013,GOV_WGI_VA.EST,-0.621803099999999
COM,Comoros,2012,GOV_WGI_VA.EST,-0.5483186
COM,Comoros,2011,GOV_WGI_VA.EST,-0.5184542
COM,Comoros,2010,GOV_WGI_VA.EST,-0.5873859
COM,Comoros,2009,GOV_WGI_VA.EST,-0.5694667
COM,Comoros,2008,GOV_WGI_VA.EST,-0.519996999999999
COM,Comoros,2007,GOV_WGI_VA.EST,-0.5213913
COM,Comoros,2006,GOV_WGI_VA.EST,-0.40496
COM,Comoros,2005,GOV_WGI_VA.EST,-0.6491414
COD,"Congo, Dem. Rep.",2024,GOV_WGI_VA.EST,-1.213613
COD,"Congo, Dem. Rep.",2023,GOV_WGI_VA.EST,-1.12555959999999
COD,"Congo, Dem. Rep.",2022,GOV_WGI_VA.EST,-1.14413529999999
COD,"Congo, Dem. Rep.",2021,GOV_WGI_VA.EST,-1.1423478
COD,"Congo, Dem. Rep.",2020,GOV_WGI_VA.EST,-1.1257361
COD,"Congo, Dem. Rep.",2019,GOV_WGI_VA.EST,-1.17874029999999
COD,"Congo, Dem. Rep.",2018,GOV_WGI_VA.EST,-1.3529201
COD,"Congo, Dem. Rep.",2017,GOV_WGI_VA.EST,-1.471641
COD,"Congo, Dem. Rep.",2016,GOV_WGI_VA.EST,-1.40943209999999
COD,"Congo, Dem. Rep.",2015,GOV_WGI_VA.EST,-1.3123683
COD,"Congo, Dem. Rep.",2014,GOV_WGI_VA.EST,-1.34815289999999
COD,"Congo, Dem. Rep.",2013,GOV_WGI_VA.EST,-1.4381305
COD,"Congo, Dem. Rep.",2012,GOV_WGI_VA.EST,-1.44606639999999
COD,"Congo, Dem. Rep.",2011,GOV_WGI_VA.EST,-1.44055579999999
COD,"Congo, Dem. Rep.",2010,GOV_WGI_VA.EST,-1.3365794
COD,"Congo, Dem. Rep.",2009,GOV_WGI_VA.EST,-1.3198477
COD,"Congo, Dem. Rep.",2008,GOV_WGI_VA.EST,-1.2902976
COD,"Congo, Dem. Rep.",2007,GOV_WGI_VA.EST,-1.13855819999999
COD,"Congo, Dem. Rep.",2006,GOV_WGI_VA.EST,-1.1694025
COD,"Congo, Dem. Rep.",2005,GOV_WGI_VA.EST,-1.4809664
COG,"Congo, Rep.",2024,GOV_WGI_VA.EST,-1.31478079999999
COG,"Congo, Rep.",2023,GOV_WGI_VA.EST,-1.2822094
COG,"Congo, Rep.",2022,GOV_WGI_VA.EST,-1.26993509999999
COG,"Congo, Rep.",2021,GOV_WGI_VA.EST,-1.2723726
COG,"Congo, Rep.",2020,GOV_WGI_VA.EST,-1.2242845
COG,"Congo, Rep.",2019,GOV_WGI_VA.EST,-1.28469679999999
COG,"Congo, Rep.",2018,GOV_WGI_VA.EST,-1.2112094
COG,"Congo, Rep.",2017,GOV_WGI_VA.EST,-1.1395448
COG,"Congo, Rep.",2016,GOV_WGI_VA.EST,-1.13554169999999
COG,"Congo, Rep.",2015,GOV_WGI_VA.EST,-1.0367267
COG,"Congo, Rep.",2014,GOV_WGI_VA.EST,-1.1230949
COG,"Congo, Rep.",2013,GOV_WGI_VA.EST,-1.1074311
COG,"Congo, Rep.",2012,GOV_WGI_VA.EST,-1.1414271
COG,"Congo, Rep.",2011,GOV_WGI_VA.EST,-1.0979268
COG,"Congo, Rep.",2010,GOV_WGI_VA.EST,-1.0975082
COG,"Congo, Rep.",2009,GOV_WGI_VA.EST,-1.1381865
COG,"Congo, Rep.",2008,GOV_WGI_VA.EST,-1.1524466
COG,"Congo, Rep.",2007,GOV_WGI_VA.EST,-1.19781079999999
COG,"Congo, Rep.",2006,GOV_WGI_VA.EST,-1.183521
COG,"Congo, Rep.",2005,GOV_WGI_VA.EST,-1.1568319
CRI,Costa Rica,2024,GOV_WGI_VA.EST,1.0114744
CRI,Costa Rica,2023,GOV_WGI_VA.EST,1.0983992
CRI,Costa Rica,2022,GOV_WGI_VA.EST,1.1110038
CRI,Costa Rica,2021,GOV_WGI_VA.EST,1.126743
CRI,Costa Rica,2020,GOV_WGI_VA.EST,1.2021175
CRI,Costa Rica,2019,GOV_WGI_VA.EST,1.1972153
CRI,Costa Rica,2018,GOV_WGI_VA.EST,1.2067174
CRI,Costa Rica,2017,GOV_WGI_VA.EST,1.1764736
CRI,Costa Rica,2016,GOV_WGI_VA.EST,1.1385772
CRI,Costa Rica,2015,GOV_WGI_VA.EST,1.1586172
CRI,Costa Rica,2014,GOV_WGI_VA.EST,1.1415848
CRI,Costa Rica,2013,GOV_WGI_VA.EST,1.08912
CRI,Costa Rica,2012,GOV_WGI_VA.EST,1.0972617
CRI,Costa Rica,2011,GOV_WGI_VA.EST,1.110229
CRI,Costa Rica,2010,GOV_WGI_VA.EST,1.1191398
CRI,Costa Rica,2009,GOV_WGI_VA.EST,1.0597232
CRI,Costa Rica,2008,GOV_WGI_VA.EST,1.0271486
CRI,Costa Rica,2007,GOV_WGI_VA.EST,1.0639641
CRI,Costa Rica,2006,GOV_WGI_VA.EST,1.051927
CRI,Costa Rica,2005,GOV_WGI_VA.EST,1.0234028
CIV,Cote d'Ivoire,2024,GOV_WGI_VA.EST,-0.6166747
CIV,Cote d'Ivoire,2023,GOV_WGI_VA.EST,-0.6434413
CIV,Cote d'Ivoire,2022,GOV_WGI_VA.EST,-0.6597367
CIV,Cote d'Ivoire,2021,GOV_WGI_VA.EST,-0.7085168
CIV,Cote d'Ivoire,2020,GOV_WGI_VA.EST,-0.666806999999999
CIV,Cote d'Ivoire,2019,GOV_WGI_VA.EST,-0.464221999999999
CIV,Cote d'Ivoire,2018,GOV_WGI_VA.EST,-0.480761799999999
CIV,Cote d'Ivoire,2017,GOV_WGI_VA.EST,-0.5960906
CIV,Cote d'Ivoire,2016,GOV_WGI_VA.EST,-0.628304099999999
CIV,Cote d'Ivoire,2015,GOV_WGI_VA.EST,-0.602650599999999
CIV,Cote d'Ivoire,2014,GOV_WGI_VA.EST,-0.6838095
CIV,Cote d'Ivoire,2013,GOV_WGI_VA.EST,-0.8051769
CIV,Cote d'Ivoire,2012,GOV_WGI_VA.EST,-0.838305
CIV,Cote d'Ivoire,2011,GOV_WGI_VA.EST,-1.0268298
CIV,Cote d'Ivoire,2010,GOV_WGI_VA.EST,-1.0250035
CIV,Cote d'Ivoire,2009,GOV_WGI_VA.EST,-1.0596368
CIV,Cote d'Ivoire,2008,GOV_WGI_VA.EST,-1.1206325
CIV,Cote d'Ivoire,2007,GOV_WGI_VA.EST,-1.1765373
CIV,Cote d'Ivoire,2006,GOV_WGI_VA.EST,-1.214029
CIV,Cote d'Ivoire,2005,GOV_WGI_VA.EST,-1.4000496
HRV,Croatia,2024,GOV_WGI_VA.EST,0.6486643
HRV,Croatia,2023,GOV_WGI_VA.EST,0.6291782
HRV,Croatia,2022,GOV_WGI_VA.EST,0.5940068
HRV,Croatia,2021,GOV_WGI_VA.EST,0.5908861
HRV,Croatia,2020,GOV_WGI_VA.EST,0.5711056
HRV,Croatia,2019,GOV_WGI_VA.EST,0.4375104
HRV,Croatia,2018,GOV_WGI_VA.EST,0.3876269
HRV,Croatia,2017,GOV_WGI_VA.EST,0.4559302
HRV,Croatia,2016,GOV_WGI_VA.EST,0.5260745
HRV,Croatia,2015,GOV_WGI_VA.EST,0.5836676
HRV,Croatia,2014,GOV_WGI_VA.EST,0.5360017
HRV,Croatia,2013,GOV_WGI_VA.EST,0.513264
HRV,Croatia,2012,GOV_WGI_VA.EST,0.574486
HRV,Croatia,2011,GOV_WGI_VA.EST,0.5073076
HRV,Croatia,2010,GOV_WGI_VA.EST,0.5866916
HRV,Croatia,2009,GOV_WGI_VA.EST,0.6129851
HRV,Croatia,2008,GOV_WGI_VA.EST,0.576001
HRV,Croatia,2007,GOV_WGI_VA.EST,0.657198
HRV,Croatia,2006,GOV_WGI_VA.EST,0.6467006
HRV,Croatia,2005,GOV_WGI_VA.EST,0.6485609
CUB,Cuba,2024,GOV_WGI_VA.EST,-1.26857129999999
CUB,Cuba,2023,GOV_WGI_VA.EST,-1.2493934
CUB,Cuba,2022,GOV_WGI_VA.EST,-1.2297456
CUB,Cuba,2021,GOV_WGI_VA.EST,-1.2291961
CUB,Cuba,2020,GOV_WGI_VA.EST,-1.1899555
CUB,Cuba,2019,GOV_WGI_VA.EST,-1.1895935
CUB,Cuba,2018,GOV_WGI_VA.EST,-1.2856792
CUB,Cuba,2017,GOV_WGI_VA.EST,-1.4159595
CUB,Cuba,2016,GOV_WGI_VA.EST,-1.41036119999999
CUB,Cuba,2015,GOV_WGI_VA.EST,-1.39812809999999
CUB,Cuba,2014,GOV_WGI_VA.EST,-1.4282708
CUB,Cuba,2013,GOV_WGI_VA.EST,-1.46986589999999
CUB,Cuba,2012,GOV_WGI_VA.EST,-1.49915399999999
CUB,Cuba,2011,GOV_WGI_VA.EST,-1.50057899999999
CUB,Cuba,2010,GOV_WGI_VA.EST,-1.5192541
CUB,Cuba,2009,GOV_WGI_VA.EST,-1.5419817
CUB,Cuba,2008,GOV_WGI_VA.EST,-1.5412803
CUB,Cuba,2007,GOV_WGI_VA.EST,-1.5387505
CUB,Cuba,2006,GOV_WGI_VA.EST,-1.58201519999999
CUB,Cuba,2005,GOV_WGI_VA.EST,-1.6912789
CYP,Cyprus,2024,GOV_WGI_VA.EST,0.8873328
CYP,Cyprus,2023,GOV_WGI_VA.EST,0.8987685
CYP,Cyprus,2022,GOV_WGI_VA.EST,0.8916138
CYP,Cyprus,2021,GOV_WGI_VA.EST,0.9075915
CYP,Cyprus,2020,GOV_WGI_VA.EST,1.0583368
CYP,Cyprus,2019,GOV_WGI_VA.EST,1.0941113
CYP,Cyprus,2018,GOV_WGI_VA.EST,1.0535864
CYP,Cyprus,2017,GOV_WGI_VA.EST,1.0417544
CYP,Cyprus,2016,GOV_WGI_VA.EST,1.0198642
CYP,Cyprus,2015,GOV_WGI_VA.EST,1.0108417
CYP,Cyprus,2014,GOV_WGI_VA.EST,1.0347024
CYP,Cyprus,2013,GOV_WGI_VA.EST,1.0462418
CYP,Cyprus,2012,GOV_WGI_VA.EST,1.1030943
CYP,Cyprus,2011,GOV_WGI_VA.EST,1.1525291
CYP,Cyprus,2010,GOV_WGI_VA.EST,1.1474284
CYP,Cyprus,2009,GOV_WGI_VA.EST,1.2066633
CYP,Cyprus,2008,GOV_WGI_VA.EST,1.2417074
CYP,Cyprus,2007,GOV_WGI_VA.EST,1.2178939
CYP,Cyprus,2006,GOV_WGI_VA.EST,1.2038865
CYP,Cyprus,2005,GOV_WGI_VA.EST,1.0520447
CZE,Czechia,2024,GOV_WGI_VA.EST,1.2546961
CZE,Czechia,2023,GOV_WGI_VA.EST,1.139348
CZE,Czechia,2022,GOV_WGI_VA.EST,1.0848262
CZE,Czechia,2021,GOV_WGI_VA.EST,1.0405404
CZE,Czechia,2020,GOV_WGI_VA.EST,1.0021327
CZE,Czechia,2019,GOV_WGI_VA.EST,0.888522
CZE,Czechia,2018,GOV_WGI_VA.EST,0.7634218
CZE,Czechia,2017,GOV_WGI_VA.EST,0.8284651
CZE,Czechia,2016,GOV_WGI_VA.EST,0.9821893
CZE,Czechia,2015,GOV_WGI_VA.EST,0.9870659
CZE,Czechia,2014,GOV_WGI_VA.EST,0.9617226
CZE,Czechia,2013,GOV_WGI_VA.EST,0.9119659
CZE,Czechia,2012,GOV_WGI_VA.EST,0.8854643
CZE,Czechia,2011,GOV_WGI_VA.EST,0.9199571
CZE,Czechia,2010,GOV_WGI_VA.EST,0.960342
CZE,Czechia,2009,GOV_WGI_VA.EST,1.0008507
CZE,Czechia,2008,GOV_WGI_VA.EST,1.0133712
CZE,Czechia,2007,GOV_WGI_VA.EST,0.9560787
CZE,Czechia,2006,GOV_WGI_VA.EST,1.0001102
CZE,Czechia,2005,GOV_WGI_VA.EST,0.9652086
DNK,Denmark,2024,GOV_WGI_VA.EST,1.8949405
DNK,Denmark,2023,GOV_WGI_VA.EST,1.9213047
DNK,Denmark,2022,GOV_WGI_VA.EST,1.9129484
DNK,Denmark,2021,GOV_WGI_VA.EST,1.9120246
DNK,Denmark,2020,GOV_WGI_VA.EST,1.8719672
DNK,Denmark,2019,GOV_WGI_VA.EST,1.7878967
DNK,Denmark,2018,GOV_WGI_VA.EST,1.7815998
DNK,Denmark,2017,GOV_WGI_VA.EST,1.6950847
DNK,Denmark,2016,GOV_WGI_VA.EST,1.8008604
DNK,Denmark,2015,GOV_WGI_VA.EST,1.8029116
DNK,Denmark,2014,GOV_WGI_VA.EST,1.6861879
DNK,Denmark,2013,GOV_WGI_VA.EST,1.8219441
DNK,Denmark,2012,GOV_WGI_VA.EST,1.8432156
DNK,Denmark,2011,GOV_WGI_VA.EST,1.7539873
DNK,Denmark,2010,GOV_WGI_VA.EST,1.7535682
DNK,Denmark,2009,GOV_WGI_VA.EST,1.8171371
DNK,Denmark,2008,GOV_WGI_VA.EST,1.7950252
DNK,Denmark,2007,GOV_WGI_VA.EST,1.7382375
DNK,Denmark,2006,GOV_WGI_VA.EST,1.8013603
DNK,Denmark,2005,GOV_WGI_VA.EST,1.71092
DJI,Djibouti,2024,GOV_WGI_VA.EST,-1.2450001
DJI,Djibouti,2023,GOV_WGI_VA.EST,-1.22451509999999
DJI,Djibouti,2022,GOV_WGI_VA.EST,-1.2068256
DJI,Djibouti,2021,GOV_WGI_VA.EST,-1.1996692
DJI,Djibouti,2020,GOV_WGI_VA.EST,-1.1935356
DJI,Djibouti,2019,GOV_WGI_VA.EST,-1.26267139999999
DJI,Djibouti,2018,GOV_WGI_VA.EST,-1.2354091
DJI,Djibouti,2017,GOV_WGI_VA.EST,-1.2859353
DJI,Djibouti,2016,GOV_WGI_VA.EST,-1.2586587
DJI,Djibouti,2015,GOV_WGI_VA.EST,-1.3363074
DJI,Djibouti,2014,GOV_WGI_VA.EST,-1.3474302
DJI,Djibouti,2013,GOV_WGI_VA.EST,-1.3687557
DJI,Djibouti,2012,GOV_WGI_VA.EST,-1.257943
DJI,Djibouti,2011,GOV_WGI_VA.EST,-1.2197109
DJI,Djibouti,2010,GOV_WGI_VA.EST,-1.075547
DJI,Djibouti,2009,GOV_WGI_VA.EST,-1.0543523
DJI,Djibouti,2008,GOV_WGI_VA.EST,-1.076732
DJI,Djibouti,2007,GOV_WGI_VA.EST,-1.0597085
DJI,Djibouti,2006,GOV_WGI_VA.EST,-0.9707541
DJI,Djibouti,2005,GOV_WGI_VA.EST,-1.00238459999999
DMA,Dominica,2024,GOV_WGI_VA.EST,0.379823
DMA,Dominica,2023,GOV_WGI_VA.EST,0.3029358
DMA,Dominica,2022,GOV_WGI_VA.EST,0.3185418
DMA,Dominica,2021,GOV_WGI_VA.EST,0.3267128
DMA,Dominica,2020,GOV_WGI_VA.EST,0.3358446
DMA,Dominica,2019,GOV_WGI_VA.EST,0.4072504
DMA,Dominica,2018,GOV_WGI_VA.EST,0.4330706
DMA,Dominica,2017,GOV_WGI_VA.EST,0.528835
DMA,Dominica,2016,GOV_WGI_VA.EST,0.5435555
DMA,Dominica,2015,GOV_WGI_VA.EST,0.5437182
DMA,Dominica,2014,GOV_WGI_VA.EST,0.9141033
DMA,Dominica,2013,GOV_WGI_VA.EST,0.9115175
DMA,Dominica,2012,GOV_WGI_VA.EST,0.917842
DMA,Dominica,2011,GOV_WGI_VA.EST,0.9479093
DMA,Dominica,2010,GOV_WGI_VA.EST,0.9459527
DMA,Dominica,2009,GOV_WGI_VA.EST,0.9561635
DMA,Dominica,2008,GOV_WGI_VA.EST,0.9694043
DMA,Dominica,2007,GOV_WGI_VA.EST,0.9703292
DMA,Dominica,2006,GOV_WGI_VA.EST,0.9216003
DMA,Dominica,2005,GOV_WGI_VA.EST,1.002855
DOM,Dominican Republic,2024,GOV_WGI_VA.EST,0.2011502
DOM,Dominican Republic,2023,GOV_WGI_VA.EST,0.1485631
DOM,Dominican Republic,2022,GOV_WGI_VA.EST,0.1170494
DOM,Dominican Republic,2021,GOV_WGI_VA.EST,0.0897951999999999
DOM,Dominican Republic,2020,GOV_WGI_VA.EST,0.0633816
DOM,Dominican Republic,2019,GOV_WGI_VA.EST,0.00338979999999999
DOM,Dominican Republic,2018,GOV_WGI_VA.EST,-0.0353179
DOM,Dominican Republic,2017,GOV_WGI_VA.EST,-0.0263768
DOM,Dominican Republic,2016,GOV_WGI_VA.EST,-0.0169925
DOM,Dominican Republic,2015,GOV_WGI_VA.EST,-0.0123257
DOM,Dominican Republic,2014,GOV_WGI_VA.EST,0.0457756
DOM,Dominican Republic,2013,GOV_WGI_VA.EST,-0.0140626
DOM,Dominican Republic,2012,GOV_WGI_VA.EST,0.0500891
DOM,Dominican Republic,2011,GOV_WGI_VA.EST,-0.0206158
DOM,Dominican Republic,2010,GOV_WGI_VA.EST,0.0337112
DOM,Dominican Republic,2009,GOV_WGI_VA.EST,0.0383822
DOM,Dominican Republic,2008,GOV_WGI_VA.EST,0.0414292
DOM,Dominican Republic,2007,GOV_WGI_VA.EST,0.0577381
DOM,Dominican Republic,2006,GOV_WGI_VA.EST,0.0893593
DOM,Dominican Republic,2005,GOV_WGI_VA.EST,-0.0183932999999999
ECU,Ecuador,2024,GOV_WGI_VA.EST,-0.1051406
ECU,Ecuador,2023,GOV_WGI_VA.EST,-0.1241577
ECU,Ecuador,2022,GOV_WGI_VA.EST,-0.0898423
ECU,Ecuador,2021,GOV_WGI_VA.EST,-0.0753616999999999
ECU,Ecuador,2020,GOV_WGI_VA.EST,-0.1590886
ECU,Ecuador,2019,GOV_WGI_VA.EST,-0.1418141
ECU,Ecuador,2018,GOV_WGI_VA.EST,-0.1611409
ECU,Ecuador,2017,GOV_WGI_VA.EST,-0.326162599999999
ECU,Ecuador,2016,GOV_WGI_VA.EST,-0.3716661
ECU,Ecuador,2015,GOV_WGI_VA.EST,-0.4061724
ECU,Ecuador,2014,GOV_WGI_VA.EST,-0.317060499999999
ECU,Ecuador,2013,GOV_WGI_VA.EST,-0.3577029
ECU,Ecuador,2012,GOV_WGI_VA.EST,-0.339713999999999
ECU,Ecuador,2011,GOV_WGI_VA.EST,-0.183273
ECU,Ecuador,2010,GOV_WGI_VA.EST,-0.1711153
ECU,Ecuador,2009,GOV_WGI_VA.EST,-0.133163199999999
ECU,Ecuador,2008,GOV_WGI_VA.EST,-0.1418374
ECU,Ecuador,2007,GOV_WGI_VA.EST,-0.0516943999999999
ECU,Ecuador,2006,GOV_WGI_VA.EST,-0.1342305
ECU,Ecuador,2005,GOV_WGI_VA.EST,-0.1617977
EGY,"Egypt, Arab Rep.",2024,GOV_WGI_VA.EST,-1.6006344
EGY,"Egypt, Arab Rep.",2023,GOV_WGI_VA.EST,-1.6026342
EGY,"Egypt, Arab Rep.",2022,GOV_WGI_VA.EST,-1.6315045
EGY,"Egypt, Arab Rep.",2021,GOV_WGI_VA.EST,-1.65797359999999
EGY,"Egypt, Arab Rep.",2020,GOV_WGI_VA.EST,-1.587094
EGY,"Egypt, Arab Rep.",2019,GOV_WGI_VA.EST,-1.5713115
EGY,"Egypt, Arab Rep.",2018,GOV_WGI_VA.EST,-1.5263923
EGY,"Egypt, Arab Rep.",2017,GOV_WGI_VA.EST,-1.33211219999999
EGY,"Egypt, Arab Rep.",2016,GOV_WGI_VA.EST,-1.341413
EGY,"Egypt, Arab Rep.",2015,GOV_WGI_VA.EST,-1.27674619999999
EGY,"Egypt, Arab Rep.",2014,GOV_WGI_VA.EST,-1.2061889
EGY,"Egypt, Arab Rep.",2013,GOV_WGI_VA.EST,-1.0853614
EGY,"Egypt, Arab Rep.",2012,GOV_WGI_VA.EST,-0.7796626
EGY,"Egypt, Arab Rep.",2011,GOV_WGI_VA.EST,-1.0149758
EGY,"Egypt, Arab Rep.",2010,GOV_WGI_VA.EST,-1.0903918
EGY,"Egypt, Arab Rep.",2009,GOV_WGI_VA.EST,-1.0111207
EGY,"Egypt, Arab Rep.",2008,GOV_WGI_VA.EST,-1.0898866
EGY,"Egypt, Arab Rep.",2007,GOV_WGI_VA.EST,-1.0421615
EGY,"Egypt, Arab Rep.",2006,GOV_WGI_VA.EST,-1.0415775
EGY,"Egypt, Arab Rep.",2005,GOV_WGI_VA.EST,-1.0742112
SLV,El Salvador,2024,GOV_WGI_VA.EST,-0.7884205
SLV,El Salvador,2023,GOV_WGI_VA.EST,-0.6318902
SLV,El Salvador,2022,GOV_WGI_VA.EST,-0.577896899999999
SLV,El Salvador,2021,GOV_WGI_VA.EST,-0.334136999999999
SLV,El Salvador,2020,GOV_WGI_VA.EST,-0.093384
SLV,El Salvador,2019,GOV_WGI_VA.EST,-0.0355093
SLV,El Salvador,2018,GOV_WGI_VA.EST,-0.129725199999999
SLV,El Salvador,2017,GOV_WGI_VA.EST,-0.0652348
SLV,El Salvador,2016,GOV_WGI_VA.EST,-0.0424607
SLV,El Salvador,2015,GOV_WGI_VA.EST,-0.0514586999999999
SLV,El Salvador,2014,GOV_WGI_VA.EST,0.0477758
SLV,El Salvador,2013,GOV_WGI_VA.EST,-0.0962094999999999
SLV,El Salvador,2012,GOV_WGI_VA.EST,-0.116027499999999
SLV,El Salvador,2011,GOV_WGI_VA.EST,-0.0157832
SLV,El Salvador,2010,GOV_WGI_VA.EST,0.032629
SLV,El Salvador,2009,GOV_WGI_VA.EST,0.0191931
SLV,El Salvador,2008,GOV_WGI_VA.EST,0.0481141
SLV,El Salvador,2007,GOV_WGI_VA.EST,0.0332669
SLV,El Salvador,2006,GOV_WGI_VA.EST,0.0675239
SLV,El Salvador,2005,GOV_WGI_VA.EST,-0.0607406
GNQ,Equatorial Guinea,2024,GOV_WGI_VA.EST,-1.7254261
GNQ,Equatorial Guinea,2023,GOV_WGI_VA.EST,-1.72688659999999
GNQ,Equatorial Guinea,2022,GOV_WGI_VA.EST,-1.73885699999999
GNQ,Equatorial Guinea,2021,GOV_WGI_VA.EST,-1.7265335
GNQ,Equatorial Guinea,2020,GOV_WGI_VA.EST,-1.7200521
GNQ,Equatorial Guinea,2019,GOV_WGI_VA.EST,-1.707428
GNQ,Equatorial Guinea,2018,GOV_WGI_VA.EST,-1.7287651
GNQ,Equatorial Guinea,2017,GOV_WGI_VA.EST,-1.69954079999999
GNQ,Equatorial Guinea,2016,GOV_WGI_VA.EST,-1.70734529999999
GNQ,Equatorial Guinea,2015,GOV_WGI_VA.EST,-1.7571359
GNQ,Equatorial Guinea,2014,GOV_WGI_VA.EST,-1.75267969999999
GNQ,Equatorial Guinea,2013,GOV_WGI_VA.EST,-1.79428829999999
GNQ,Equatorial Guinea,2012,GOV_WGI_VA.EST,-1.7678557
GNQ,Equatorial Guinea,2011,GOV_WGI_VA.EST,-1.759199
GNQ,Equatorial Guinea,2010,GOV_WGI_VA.EST,-1.7646289
GNQ,Equatorial Guinea,2009,GOV_WGI_VA.EST,-1.7124453
GNQ,Equatorial Guinea,2008,GOV_WGI_VA.EST,-1.8293464
GNQ,Equatorial Guinea,2007,GOV_WGI_VA.EST,-1.80947939999999
GNQ,Equatorial Guinea,2006,GOV_WGI_VA.EST,-1.70446949999999
GNQ,Equatorial Guinea,2005,GOV_WGI_VA.EST,-1.72995449999999
ERI,Eritrea,2024,GOV_WGI_VA.EST,-2.28978119999999
ERI,Eritrea,2023,GOV_WGI_VA.EST,-2.1972027
ERI,Eritrea,2022,GOV_WGI_VA.EST,-2.1228333
ERI,Eritrea,2021,GOV_WGI_VA.EST,-2.1460385
ERI,Eritrea,2020,GOV_WGI_VA.EST,-2.13194839999999
ERI,Eritrea,2019,GOV_WGI_VA.EST,-2.1503856
ERI,Eritrea,2018,GOV_WGI_VA.EST,-2.1458016
ERI,Eritrea,2017,GOV_WGI_VA.EST,-2.256531
ERI,Eritrea,2016,GOV_WGI_VA.EST,-2.2514852
ERI,Eritrea,2015,GOV_WGI_VA.EST,-2.31266839999999
ERI,Eritrea,2014,GOV_WGI_VA.EST,-2.31982369999999
ERI,Eritrea,2013,GOV_WGI_VA.EST,-2.3429253
ERI,Eritrea,2012,GOV_WGI_VA.EST,-2.361104
ERI,Eritrea,2011,GOV_WGI_VA.EST,-2.2744375
ERI,Eritrea,2010,GOV_WGI_VA.EST,-2.2680878
ERI,Eritrea,2009,GOV_WGI_VA.EST,-2.252429
ERI,Eritrea,2008,GOV_WGI_VA.EST,-2.2386542
ERI,Eritrea,2007,GOV_WGI_VA.EST,-2.11958669999999
ERI,Eritrea,2006,GOV_WGI_VA.EST,-2.0453604
ERI,Eritrea,2005,GOV_WGI_VA.EST,-2.1474598
EST,Estonia,2024,GOV_WGI_VA.EST,1.4144994
EST,Estonia,2023,GOV_WGI_VA.EST,1.3973248
EST,Estonia,2022,GOV_WGI_VA.EST,1.4173259
EST,Estonia,2021,GOV_WGI_VA.EST,1.4062889
EST,Estonia,2020,GOV_WGI_VA.EST,1.4142436
EST,Estonia,2019,GOV_WGI_VA.EST,1.4094654
EST,Estonia,2018,GOV_WGI_VA.EST,1.2712932
EST,Estonia,2017,GOV_WGI_VA.EST,1.29647
EST,Estonia,2016,GOV_WGI_VA.EST,1.2674888
EST,Estonia,2015,GOV_WGI_VA.EST,1.2588335
EST,Estonia,2014,GOV_WGI_VA.EST,1.2176114
EST,Estonia,2013,GOV_WGI_VA.EST,1.1434192
EST,Estonia,2012,GOV_WGI_VA.EST,1.1530285
EST,Estonia,2011,GOV_WGI_VA.EST,1.193398
EST,Estonia,2010,GOV_WGI_VA.EST,1.1185454
EST,Estonia,2009,GOV_WGI_VA.EST,1.0772386
EST,Estonia,2008,GOV_WGI_VA.EST,1.0417351
EST,Estonia,2007,GOV_WGI_VA.EST,1.0412227
EST,Estonia,2006,GOV_WGI_VA.EST,1.0298223
EST,Estonia,2005,GOV_WGI_VA.EST,1.0529428
SWZ,Eswatini,2024,GOV_WGI_VA.EST,-1.3474097
SWZ,Eswatini,2023,GOV_WGI_VA.EST,-1.2823788
SWZ,Eswatini,2022,GOV_WGI_VA.EST,-1.31343679999999
SWZ,Eswatini,2021,GOV_WGI_VA.EST,-1.30526869999999
SWZ,Eswatini,2020,GOV_WGI_VA.EST,-1.26470629999999
SWZ,Eswatini,2019,GOV_WGI_VA.EST,-1.2554067
SWZ,Eswatini,2018,GOV_WGI_VA.EST,-1.32322949999999
SWZ,Eswatini,2017,GOV_WGI_VA.EST,-1.3337719
SWZ,Eswatini,2016,GOV_WGI_VA.EST,-1.32648949999999
SWZ,Eswatini,2015,GOV_WGI_VA.EST,-1.2650606
SWZ,Eswatini,2014,GOV_WGI_VA.EST,-1.2606556
SWZ,Eswatini,2013,GOV_WGI_VA.EST,-1.21542249999999
SWZ,Eswatini,2012,GOV_WGI_VA.EST,-1.2510617
SWZ,Eswatini,2011,GOV_WGI_VA.EST,-1.2315025
SWZ,Eswatini,2010,GOV_WGI_VA.EST,-1.2327546
SWZ,Eswatini,2009,GOV_WGI_VA.EST,-1.15212159999999
SWZ,Eswatini,2008,GOV_WGI_VA.EST,-1.1667241
SWZ,Eswatini,2007,GOV_WGI_VA.EST,-1.1658594
SWZ,Eswatini,2006,GOV_WGI_VA.EST,-1.0727285
SWZ,Eswatini,2005,GOV_WGI_VA.EST,-1.2398525
ETH,Ethiopia,2024,GOV_WGI_VA.EST,-1.2423966
ETH,Ethiopia,2023,GOV_WGI_VA.EST,-1.1791506
ETH,Ethiopia,2022,GOV_WGI_VA.EST,-1.1043087
ETH,Ethiopia,2021,GOV_WGI_VA.EST,-1.0719325
ETH,Ethiopia,2020,GOV_WGI_VA.EST,-1.0380249
ETH,Ethiopia,2019,GOV_WGI_VA.EST,-1.01667779999999
ETH,Ethiopia,2018,GOV_WGI_VA.EST,-1.1704682
ETH,Ethiopia,2017,GOV_WGI_VA.EST,-1.369723
ETH,Ethiopia,2016,GOV_WGI_VA.EST,-1.3385295
ETH,Ethiopia,2015,GOV_WGI_VA.EST,-1.3145088
ETH,Ethiopia,2014,GOV_WGI_VA.EST,-1.3018621
ETH,Ethiopia,2013,GOV_WGI_VA.EST,-1.3228999
ETH,Ethiopia,2012,GOV_WGI_VA.EST,-1.2547209
ETH,Ethiopia,2011,GOV_WGI_VA.EST,-1.2689659
ETH,Ethiopia,2010,GOV_WGI_VA.EST,-1.2490008
ETH,Ethiopia,2009,GOV_WGI_VA.EST,-1.226642
ETH,Ethiopia,2008,GOV_WGI_VA.EST,-1.19221399999999
ETH,Ethiopia,2007,GOV_WGI_VA.EST,-1.0711576
ETH,Ethiopia,2006,GOV_WGI_VA.EST,-1.0751369
ETH,Ethiopia,2005,GOV_WGI_VA.EST,-1.14671639999999
FJI,Fiji,2024,GOV_WGI_VA.EST,0.33163
FJI,Fiji,2023,GOV_WGI_VA.EST,0.1761541
FJI,Fiji,2022,GOV_WGI_VA.EST,0.0180241
FJI,Fiji,2021,GOV_WGI_VA.EST,0.00329959999999999
FJI,Fiji,2020,GOV_WGI_VA.EST,0.0852339999999999
FJI,Fiji,2019,GOV_WGI_VA.EST,0.0019276
FJI,Fiji,2018,GOV_WGI_VA.EST,-0.018233
FJI,Fiji,2017,GOV_WGI_VA.EST,-0.2429692
FJI,Fiji,2016,GOV_WGI_VA.EST,-0.2015064
FJI,Fiji,2015,GOV_WGI_VA.EST,-0.2660296
FJI,Fiji,2014,GOV_WGI_VA.EST,-0.308363899999999
FJI,Fiji,2013,GOV_WGI_VA.EST,-0.841415799999999
FJI,Fiji,2012,GOV_WGI_VA.EST,-0.966952599999999
FJI,Fiji,2011,GOV_WGI_VA.EST,-1.0977742
FJI,Fiji,2010,GOV_WGI_VA.EST,-1.1410748
FJI,Fiji,2009,GOV_WGI_VA.EST,-0.9552295
FJI,Fiji,2008,GOV_WGI_VA.EST,-0.7330511
FJI,Fiji,2007,GOV_WGI_VA.EST,-0.6237587
FJI,Fiji,2006,GOV_WGI_VA.EST,-0.2255018
FJI,Fiji,2005,GOV_WGI_VA.EST,0.2410448
FIN,Finland,2024,GOV_WGI_VA.EST,1.8535581
FIN,Finland,2023,GOV_WGI_VA.EST,1.8446784
FIN,Finland,2022,GOV_WGI_VA.EST,1.9074802
FIN,Finland,2021,GOV_WGI_VA.EST,1.913997
FIN,Finland,2020,GOV_WGI_VA.EST,1.9151339
FIN,Finland,2019,GOV_WGI_VA.EST,1.8337714
FIN,Finland,2018,GOV_WGI_VA.EST,1.8561275
FIN,Finland,2017,GOV_WGI_VA.EST,1.7957995
FIN,Finland,2016,GOV_WGI_VA.EST,1.8122181
FIN,Finland,2015,GOV_WGI_VA.EST,1.8318798
FIN,Finland,2014,GOV_WGI_VA.EST,1.7486535
FIN,Finland,2013,GOV_WGI_VA.EST,1.7599456
FIN,Finland,2012,GOV_WGI_VA.EST,1.8195476
FIN,Finland,2011,GOV_WGI_VA.EST,1.6936311
FIN,Finland,2010,GOV_WGI_VA.EST,1.6635712
FIN,Finland,2009,GOV_WGI_VA.EST,1.6738832
FIN,Finland,2008,GOV_WGI_VA.EST,1.6908803
FIN,Finland,2007,GOV_WGI_VA.EST,1.6854044
FIN,Finland,2006,GOV_WGI_VA.EST,1.713509
FIN,Finland,2005,GOV_WGI_VA.EST,1.6976044
FRA,France,2024,GOV_WGI_VA.EST,1.1486677
FRA,France,2023,GOV_WGI_VA.EST,1.1742965
FRA,France,2022,GOV_WGI_VA.EST,1.1796995
FRA,France,2021,GOV_WGI_VA.EST,1.1650934
FRA,France,2020,GOV_WGI_VA.EST,1.1823864
FRA,France,2019,GOV_WGI_VA.EST,1.1253167
FRA,France,2018,GOV_WGI_VA.EST,1.152628
FRA,France,2017,GOV_WGI_VA.EST,1.162837
FRA,France,2016,GOV_WGI_VA.EST,1.1836318
FRA,France,2015,GOV_WGI_VA.EST,1.2297173
FRA,France,2014,GOV_WGI_VA.EST,1.2106791
FRA,France,2013,GOV_WGI_VA.EST,1.2297224
FRA,France,2012,GOV_WGI_VA.EST,1.3133921
FRA,France,2011,GOV_WGI_VA.EST,1.2227445
FRA,France,2010,GOV_WGI_VA.EST,1.3338995
FRA,France,2009,GOV_WGI_VA.EST,1.3921021
FRA,France,2008,GOV_WGI_VA.EST,1.4025096
FRA,France,2007,GOV_WGI_VA.EST,1.4100223
FRA,France,2006,GOV_WGI_VA.EST,1.357341
FRA,France,2005,GOV_WGI_VA.EST,1.5048671
,French Polynesia,2024,GOV_WGI_VA.EST,0.8765563
,French Polynesia,2023,GOV_WGI_VA.EST,0.8789296
,French Polynesia,2022,GOV_WGI_VA.EST,0.8832697
,French Polynesia,2021,GOV_WGI_VA.EST,0.8876558
,French Polynesia,2020,GOV_WGI_VA.EST,0.4862757
,French Polynesia,2019,GOV_WGI_VA.EST,0.4985194
GAB,Gabon,2024,GOV_WGI_VA.EST,-1.0208367
GAB,Gabon,2023,GOV_WGI_VA.EST,-1.1549558
GAB,Gabon,2022,GOV_WGI_VA.EST,-1.06249099999999
GAB,Gabon,2021,GOV_WGI_VA.EST,-0.952399799999999
GAB,Gabon,2020,GOV_WGI_VA.EST,-0.9268989
GAB,Gabon,2019,GOV_WGI_VA.EST,-0.918410699999999
GAB,Gabon,2018,GOV_WGI_VA.EST,-0.920816099999999
GAB,Gabon,2017,GOV_WGI_VA.EST,-0.984201799999999
GAB,Gabon,2016,GOV_WGI_VA.EST,-0.922775399999999
GAB,Gabon,2015,GOV_WGI_VA.EST,-0.888459999999999
GAB,Gabon,2014,GOV_WGI_VA.EST,-0.8845052
GAB,Gabon,2013,GOV_WGI_VA.EST,-0.873231499999999
GAB,Gabon,2012,GOV_WGI_VA.EST,-0.8329362
GAB,Gabon,2011,GOV_WGI_VA.EST,-0.8986902
GAB,Gabon,2010,GOV_WGI_VA.EST,-0.8611472
GAB,Gabon,2009,GOV_WGI_VA.EST,-0.9535197
GAB,Gabon,2008,GOV_WGI_VA.EST,-0.8324612
GAB,Gabon,2007,GOV_WGI_VA.EST,-0.9148736
GAB,Gabon,2006,GOV_WGI_VA.EST,-1.0174017
GAB,Gabon,2005,GOV_WGI_VA.EST,-1.0653616
GMB,"Gambia, The",2024,GOV_WGI_VA.EST,-0.1820029
GMB,"Gambia, The",2023,GOV_WGI_VA.EST,-0.1684255
GMB,"Gambia, The",2022,GOV_WGI_VA.EST,-0.210048799999999
GMB,"Gambia, The",2021,GOV_WGI_VA.EST,-0.201333999999999
GMB,"Gambia, The",2020,GOV_WGI_VA.EST,-0.2585693
GMB,"Gambia, The",2019,GOV_WGI_VA.EST,-0.3337986
GMB,"Gambia, The",2018,GOV_WGI_VA.EST,-0.291369999999999
GMB,"Gambia, The",2017,GOV_WGI_VA.EST,-0.654595399999999
GMB,"Gambia, The",2016,GOV_WGI_VA.EST,-1.2057754
GMB,"Gambia, The",2015,GOV_WGI_VA.EST,-1.3095822
GMB,"Gambia, The",2014,GOV_WGI_VA.EST,-1.2094307
GMB,"Gambia, The",2013,GOV_WGI_VA.EST,-1.2195775
GMB,"Gambia, The",2012,GOV_WGI_VA.EST,-1.2368014
GMB,"Gambia, The",2011,GOV_WGI_VA.EST,-1.1982281
GMB,"Gambia, The",2010,GOV_WGI_VA.EST,-1.08244759999999
GMB,"Gambia, The",2009,GOV_WGI_VA.EST,-1.0528254
GMB,"Gambia, The",2008,GOV_WGI_VA.EST,-1.01368869999999
GMB,"Gambia, The",2007,GOV_WGI_VA.EST,-0.973108
GMB,"Gambia, The",2006,GOV_WGI_VA.EST,-0.981779899999999
GMB,"Gambia, The",2005,GOV_WGI_VA.EST,-0.996508699999999
GEO,Georgia,2024,GOV_WGI_VA.EST,-0.253538
GEO,Georgia,2023,GOV_WGI_VA.EST,-0.105257599999999
GEO,Georgia,2022,GOV_WGI_VA.EST,-0.020937
GEO,Georgia,2021,GOV_WGI_VA.EST,0.0300981
GEO,Georgia,2020,GOV_WGI_VA.EST,0.0930661
GEO,Georgia,2019,GOV_WGI_VA.EST,0.1539206
GEO,Georgia,2018,GOV_WGI_VA.EST,0.1902669
GEO,Georgia,2017,GOV_WGI_VA.EST,0.1845367
GEO,Georgia,2016,GOV_WGI_VA.EST,0.2793397
GEO,Georgia,2015,GOV_WGI_VA.EST,0.257919
GEO,Georgia,2014,GOV_WGI_VA.EST,0.2364329
GEO,Georgia,2013,GOV_WGI_VA.EST,0.0696
GEO,Georgia,2012,GOV_WGI_VA.EST,-0.0325473
GEO,Georgia,2011,GOV_WGI_VA.EST,-0.037764
GEO,Georgia,2010,GOV_WGI_VA.EST,-0.0429631
GEO,Georgia,2009,GOV_WGI_VA.EST,-0.0781289
GEO,Georgia,2008,GOV_WGI_VA.EST,-0.151049799999999
GEO,Georgia,2007,GOV_WGI_VA.EST,-0.0115994
GEO,Georgia,2006,GOV_WGI_VA.EST,0.0465445
GEO,Georgia,2005,GOV_WGI_VA.EST,0.0089829
DEU,Germany,2024,GOV_WGI_VA.EST,1.5981515
DEU,Germany,2023,GOV_WGI_VA.EST,1.5915479
DEU,Germany,2022,GOV_WGI_VA.EST,1.5586754
DEU,Germany,2021,GOV_WGI_VA.EST,1.5769284
DEU,Germany,2020,GOV_WGI_VA.EST,1.6004463
DEU,Germany,2019,GOV_WGI_VA.EST,1.5336755
DEU,Germany,2018,GOV_WGI_VA.EST,1.5425213
DEU,Germany,2017,GOV_WGI_VA.EST,1.5233606
DEU,Germany,2016,GOV_WGI_VA.EST,1.5145689
DEU,Germany,2015,GOV_WGI_VA.EST,1.5917252
DEU,Germany,2014,GOV_WGI_VA.EST,1.5532686
DEU,Germany,2013,GOV_WGI_VA.EST,1.528676
DEU,Germany,2012,GOV_WGI_VA.EST,1.5272685
DEU,Germany,2011,GOV_WGI_VA.EST,1.518923
DEU,Germany,2010,GOV_WGI_VA.EST,1.5107482
DEU,Germany,2009,GOV_WGI_VA.EST,1.5905728
DEU,Germany,2008,GOV_WGI_VA.EST,1.5465795
DEU,Germany,2007,GOV_WGI_VA.EST,1.57531
DEU,Germany,2006,GOV_WGI_VA.EST,1.5816214
DEU,Germany,2005,GOV_WGI_VA.EST,1.568364
GHA,Ghana,2024,GOV_WGI_VA.EST,0.2043162
GHA,Ghana,2023,GOV_WGI_VA.EST,0.17051
GHA,Ghana,2022,GOV_WGI_VA.EST,0.1697154
GHA,Ghana,2021,GOV_WGI_VA.EST,0.2068363
GHA,Ghana,2020,GOV_WGI_VA.EST,0.2829497
GHA,Ghana,2019,GOV_WGI_VA.EST,0.3201061
GHA,Ghana,2018,GOV_WGI_VA.EST,0.37686
GHA,Ghana,2017,GOV_WGI_VA.EST,0.4517344
GHA,Ghana,2016,GOV_WGI_VA.EST,0.37094
GHA,Ghana,2015,GOV_WGI_VA.EST,0.3876992
GHA,Ghana,2014,GOV_WGI_VA.EST,0.4460775
GHA,Ghana,2013,GOV_WGI_VA.EST,0.4680727
GHA,Ghana,2012,GOV_WGI_VA.EST,0.5280831
GHA,Ghana,2011,GOV_WGI_VA.EST,0.5108169
GHA,Ghana,2010,GOV_WGI_VA.EST,0.5375983
GHA,Ghana,2009,GOV_WGI_VA.EST,0.5417809
GHA,Ghana,2008,GOV_WGI_VA.EST,0.49634
GHA,Ghana,2007,GOV_WGI_VA.EST,0.5927153
GHA,Ghana,2006,GOV_WGI_VA.EST,0.539261
GHA,Ghana,2005,GOV_WGI_VA.EST,0.2985231
GRC,Greece,2024,GOV_WGI_VA.EST,0.7818531
GRC,Greece,2023,GOV_WGI_VA.EST,0.830097
GRC,Greece,2022,GOV_WGI_VA.EST,0.7920598
GRC,Greece,2021,GOV_WGI_VA.EST,0.7984164
GRC,Greece,2020,GOV_WGI_VA.EST,0.855378
GRC,Greece,2019,GOV_WGI_VA.EST,0.7342913
GRC,Greece,2018,GOV_WGI_VA.EST,0.6995366
GRC,Greece,2017,GOV_WGI_VA.EST,0.6628897
GRC,Greece,2016,GOV_WGI_VA.EST,0.678085
GRC,Greece,2015,GOV_WGI_VA.EST,0.6672394
GRC,Greece,2014,GOV_WGI_VA.EST,0.6896289
GRC,Greece,2013,GOV_WGI_VA.EST,0.6757818
GRC,Greece,2012,GOV_WGI_VA.EST,0.7074172
GRC,Greece,2011,GOV_WGI_VA.EST,0.9376314
GRC,Greece,2010,GOV_WGI_VA.EST,1.0095167
GRC,Greece,2009,GOV_WGI_VA.EST,1.1483869
GRC,Greece,2008,GOV_WGI_VA.EST,1.0989539
GRC,Greece,2007,GOV_WGI_VA.EST,1.224304
GRC,Greece,2006,GOV_WGI_VA.EST,1.1910714
GRC,Greece,2005,GOV_WGI_VA.EST,1.1541321
,Greenland,2024,GOV_WGI_VA.EST,1.4046947
,Greenland,2023,GOV_WGI_VA.EST,1.4058249
,Greenland,2022,GOV_WGI_VA.EST,1.4078917
,Greenland,2021,GOV_WGI_VA.EST,1.4099803
,Greenland,2020,GOV_WGI_VA.EST,1.4163396
,Greenland,2019,GOV_WGI_VA.EST,1.4172559
,Greenland,2018,GOV_WGI_VA.EST,1.4179056
,Greenland,2017,GOV_WGI_VA.EST,1.4186607
,Greenland,2016,GOV_WGI_VA.EST,1.4199247
,Greenland,2015,GOV_WGI_VA.EST,1.4213785
,Greenland,2014,GOV_WGI_VA.EST,1.4202113
,Greenland,2013,GOV_WGI_VA.EST,1.4156057
,Greenland,2012,GOV_WGI_VA.EST,1.4198844
,Greenland,2011,GOV_WGI_VA.EST,1.4227895
,Greenland,2010,GOV_WGI_VA.EST,1.4193045
,Greenland,2009,GOV_WGI_VA.EST,1.4212414
GRD,Grenada,2024,GOV_WGI_VA.EST,0.3787385
GRD,Grenada,2023,GOV_WGI_VA.EST,0.2943878
GRD,Grenada,2022,GOV_WGI_VA.EST,0.2406624
GRD,Grenada,2021,GOV_WGI_VA.EST,0.2559813
GRD,Grenada,2020,GOV_WGI_VA.EST,0.3626019
GRD,Grenada,2019,GOV_WGI_VA.EST,0.3676888
GRD,Grenada,2018,GOV_WGI_VA.EST,0.4067725
GRD,Grenada,2017,GOV_WGI_VA.EST,0.461201
GRD,Grenada,2016,GOV_WGI_VA.EST,0.5979174
GRD,Grenada,2015,GOV_WGI_VA.EST,0.604135
GRD,Grenada,2014,GOV_WGI_VA.EST,0.7869506
GRD,Grenada,2013,GOV_WGI_VA.EST,0.7805866
GRD,Grenada,2012,GOV_WGI_VA.EST,0.7867711
GRD,Grenada,2011,GOV_WGI_VA.EST,0.8085019
GRD,Grenada,2010,GOV_WGI_VA.EST,0.8065886
GRD,Grenada,2009,GOV_WGI_VA.EST,0.8316233
GRD,Grenada,2008,GOV_WGI_VA.EST,0.8688553
GRD,Grenada,2007,GOV_WGI_VA.EST,0.8610686
GRD,Grenada,2006,GOV_WGI_VA.EST,0.7983647
GRD,Grenada,2005,GOV_WGI_VA.EST,0.822548
,Guam,2024,GOV_WGI_VA.EST,1.1757976
,Guam,2023,GOV_WGI_VA.EST,1.1781709
,Guam,2022,GOV_WGI_VA.EST,1.182511
,Guam,2021,GOV_WGI_VA.EST,1.186897
,Guam,2020,GOV_WGI_VA.EST,1.2002513
,Guam,2019,GOV_WGI_VA.EST,1.1536426
,Guam,2018,GOV_WGI_VA.EST,1.0667354
,Guam,2017,GOV_WGI_VA.EST,0.833146
,Guam,2016,GOV_WGI_VA.EST,0.8350454
,Guam,2015,GOV_WGI_VA.EST,0.8372302
,Guam,2014,GOV_WGI_VA.EST,0.8354763
,Guam,2013,GOV_WGI_VA.EST,0.8285549
,Guam,2012,GOV_WGI_VA.EST,0.8349849
,Guam,2011,GOV_WGI_VA.EST,0.8393508
,Guam,2010,GOV_WGI_VA.EST,0.8341135
,Guam,2009,GOV_WGI_VA.EST,1.0596387
,Guam,2008,GOV_WGI_VA.EST,1.0591373
,Guam,2007,GOV_WGI_VA.EST,1.0616691
,Guam,2006,GOV_WGI_VA.EST,0.6195371
,Guam,2005,GOV_WGI_VA.EST,0.6088416
GTM,Guatemala,2024,GOV_WGI_VA.EST,-0.4707611
GTM,Guatemala,2023,GOV_WGI_VA.EST,-0.489678799999999
GTM,Guatemala,2022,GOV_WGI_VA.EST,-0.4749828
GTM,Guatemala,2021,GOV_WGI_VA.EST,-0.435668599999999
GTM,Guatemala,2020,GOV_WGI_VA.EST,-0.357609399999999
GTM,Guatemala,2019,GOV_WGI_VA.EST,-0.339720199999999
GTM,Guatemala,2018,GOV_WGI_VA.EST,-0.307068299999999
GTM,Guatemala,2017,GOV_WGI_VA.EST,-0.2370381
GTM,Guatemala,2016,GOV_WGI_VA.EST,-0.2657024
GTM,Guatemala,2015,GOV_WGI_VA.EST,-0.293462799999999
GTM,Guatemala,2014,GOV_WGI_VA.EST,-0.3165549
GTM,Guatemala,2013,GOV_WGI_VA.EST,-0.328015499999999
GTM,Guatemala,2012,GOV_WGI_VA.EST,-0.2917547
GTM,Guatemala,2011,GOV_WGI_VA.EST,-0.3393179
GTM,Guatemala,2010,GOV_WGI_VA.EST,-0.2765199
GTM,Guatemala,2009,GOV_WGI_VA.EST,-0.1793457
GTM,Guatemala,2008,GOV_WGI_VA.EST,-0.1529893
GTM,Guatemala,2007,GOV_WGI_VA.EST,-0.122533999999999
GTM,Guatemala,2006,GOV_WGI_VA.EST,-0.0758399
GTM,Guatemala,2005,GOV_WGI_VA.EST,-0.2898653
GIN,Guinea,2024,GOV_WGI_VA.EST,-1.209414
GIN,Guinea,2023,GOV_WGI_VA.EST,-1.073023
GIN,Guinea,2022,GOV_WGI_VA.EST,-1.0215934
GIN,Guinea,2021,GOV_WGI_VA.EST,-1.0322931
GIN,Guinea,2020,GOV_WGI_VA.EST,-0.855399599999999
GIN,Guinea,2019,GOV_WGI_VA.EST,-0.8204037
GIN,Guinea,2018,GOV_WGI_VA.EST,-0.7865896
GIN,Guinea,2017,GOV_WGI_VA.EST,-0.865076699999999
GIN,Guinea,2016,GOV_WGI_VA.EST,-0.884008399999999
GIN,Guinea,2015,GOV_WGI_VA.EST,-0.869675499999999
GIN,Guinea,2014,GOV_WGI_VA.EST,-0.930808
GIN,Guinea,2013,GOV_WGI_VA.EST,-0.9781818
GIN,Guinea,2012,GOV_WGI_VA.EST,-0.9857594
GIN,Guinea,2011,GOV_WGI_VA.EST,-0.908715899999999
GIN,Guinea,2010,GOV_WGI_VA.EST,-0.9521156
GIN,Guinea,2009,GOV_WGI_VA.EST,-1.3225569
GIN,Guinea,2008,GOV_WGI_VA.EST,-1.4331516
GIN,Guinea,2007,GOV_WGI_VA.EST,-1.331929
GIN,Guinea,2006,GOV_WGI_VA.EST,-1.1945005
GIN,Guinea,2005,GOV_WGI_VA.EST,-1.0896578
GNB,Guinea-Bissau,2024,GOV_WGI_VA.EST,-0.778828
GNB,Guinea-Bissau,2023,GOV_WGI_VA.EST,-0.6325175
GNB,Guinea-Bissau,2022,GOV_WGI_VA.EST,-0.5873721
GNB,Guinea-Bissau,2021,GOV_WGI_VA.EST,-0.5278763
GNB,Guinea-Bissau,2020,GOV_WGI_VA.EST,-0.5137328
GNB,Guinea-Bissau,2019,GOV_WGI_VA.EST,-0.6333624
GNB,Guinea-Bissau,2018,GOV_WGI_VA.EST,-0.808816699999999
GNB,Guinea-Bissau,2017,GOV_WGI_VA.EST,-0.940245799999999
GNB,Guinea-Bissau,2016,GOV_WGI_VA.EST,-0.900523099999999
GNB,Guinea-Bissau,2015,GOV_WGI_VA.EST,-0.874814
GNB,Guinea-Bissau,2014,GOV_WGI_VA.EST,-0.9246413
GNB,Guinea-Bissau,2013,GOV_WGI_VA.EST,-1.1743736
GNB,Guinea-Bissau,2012,GOV_WGI_VA.EST,-1.1860564
GNB,Guinea-Bissau,2011,GOV_WGI_VA.EST,-0.854057699999999
GNB,Guinea-Bissau,2010,GOV_WGI_VA.EST,-0.8150278
GNB,Guinea-Bissau,2009,GOV_WGI_VA.EST,-0.7761127
GNB,Guinea-Bissau,2008,GOV_WGI_VA.EST,-0.803226999999999
GNB,Guinea-Bissau,2007,GOV_WGI_VA.EST,-0.7366456
GNB,Guinea-Bissau,2006,GOV_WGI_VA.EST,-0.624363999999999
GNB,Guinea-Bissau,2005,GOV_WGI_VA.EST,-0.465908999999999
GUY,Guyana,2024,GOV_WGI_VA.EST,-0.1074386
GUY,Guyana,2023,GOV_WGI_VA.EST,-0.0639646
GUY,Guyana,2022,GOV_WGI_VA.EST,-0.0386204
GUY,Guyana,2021,GOV_WGI_VA.EST,-0.012718
GUY,Guyana,2020,GOV_WGI_VA.EST,0.0164415
GUY,Guyana,2019,GOV_WGI_VA.EST,0.0413674
GUY,Guyana,2018,GOV_WGI_VA.EST,0.061393
GUY,Guyana,2017,GOV_WGI_VA.EST,-0.0364931
GUY,Guyana,2016,GOV_WGI_VA.EST,-0.067868
GUY,Guyana,2015,GOV_WGI_VA.EST,-0.0799546999999999
GUY,Guyana,2014,GOV_WGI_VA.EST,-0.0122943999999999
GUY,Guyana,2013,GOV_WGI_VA.EST,0.0091792
GUY,Guyana,2012,GOV_WGI_VA.EST,-0.0377718
GUY,Guyana,2011,GOV_WGI_VA.EST,-0.0207601
GUY,Guyana,2010,GOV_WGI_VA.EST,0.0274536
GUY,Guyana,2009,GOV_WGI_VA.EST,0.0834140999999999
GUY,Guyana,2008,GOV_WGI_VA.EST,0.0514798
GUY,Guyana,2007,GOV_WGI_VA.EST,0.019307
GUY,Guyana,2006,GOV_WGI_VA.EST,0.0186256
GUY,Guyana,2005,GOV_WGI_VA.EST,0.0269638
HTI,Haiti,2024,GOV_WGI_VA.EST,-1.2648667
HTI,Haiti,2023,GOV_WGI_VA.EST,-1.2231222
HTI,Haiti,2022,GOV_WGI_VA.EST,-1.2193892
HTI,Haiti,2021,GOV_WGI_VA.EST,-1.0935313
HTI,Haiti,2020,GOV_WGI_VA.EST,-0.8710311
HTI,Haiti,2019,GOV_WGI_VA.EST,-0.8359679
HTI,Haiti,2018,GOV_WGI_VA.EST,-0.7805673
HTI,Haiti,2017,GOV_WGI_VA.EST,-0.7824757
HTI,Haiti,2016,GOV_WGI_VA.EST,-0.8411095
HTI,Haiti,2015,GOV_WGI_VA.EST,-0.8820112
HTI,Haiti,2014,GOV_WGI_VA.EST,-0.7323394
HTI,Haiti,2013,GOV_WGI_VA.EST,-0.7334972
HTI,Haiti,2012,GOV_WGI_VA.EST,-0.710594
HTI,Haiti,2011,GOV_WGI_VA.EST,-0.7594984
HTI,Haiti,2010,GOV_WGI_VA.EST,-0.7490678
HTI,Haiti,2009,GOV_WGI_VA.EST,-0.6608973
HTI,Haiti,2008,GOV_WGI_VA.EST,-0.5888618
HTI,Haiti,2007,GOV_WGI_VA.EST,-0.696655999999999
HTI,Haiti,2006,GOV_WGI_VA.EST,-0.781307
HTI,Haiti,2005,GOV_WGI_VA.EST,-0.9480812
HND,Honduras,2024,GOV_WGI_VA.EST,-0.653545199999999
HND,Honduras,2023,GOV_WGI_VA.EST,-0.6088292
HND,Honduras,2022,GOV_WGI_VA.EST,-0.6394536
HND,Honduras,2021,GOV_WGI_VA.EST,-0.745449199999999
HND,Honduras,2020,GOV_WGI_VA.EST,-0.7831642
HND,Honduras,2019,GOV_WGI_VA.EST,-0.8093716
HND,Honduras,2018,GOV_WGI_VA.EST,-0.768458299999999
HND,Honduras,2017,GOV_WGI_VA.EST,-0.710326399999999
HND,Honduras,2016,GOV_WGI_VA.EST,-0.6577893
HND,Honduras,2015,GOV_WGI_VA.EST,-0.603179399999999
HND,Honduras,2014,GOV_WGI_VA.EST,-0.5608808
HND,Honduras,2013,GOV_WGI_VA.EST,-0.5024379
HND,Honduras,2012,GOV_WGI_VA.EST,-0.5092177
HND,Honduras,2011,GOV_WGI_VA.EST,-0.520129899999999
HND,Honduras,2010,GOV_WGI_VA.EST,-0.5697808
HND,Honduras,2009,GOV_WGI_VA.EST,-0.5572387
HND,Honduras,2008,GOV_WGI_VA.EST,-0.3633673
HND,Honduras,2007,GOV_WGI_VA.EST,-0.2510481
HND,Honduras,2006,GOV_WGI_VA.EST,-0.179669
HND,Honduras,2005,GOV_WGI_VA.EST,-0.2859005
HUN,Hungary,2024,GOV_WGI_VA.EST,-0.027728
HUN,Hungary,2023,GOV_WGI_VA.EST,-0.0468028
HUN,Hungary,2022,GOV_WGI_VA.EST,0.0447248
HUN,Hungary,2021,GOV_WGI_VA.EST,0.080264
HUN,Hungary,2020,GOV_WGI_VA.EST,0.1668036
HUN,Hungary,2019,GOV_WGI_VA.EST,0.1344536
HUN,Hungary,2018,GOV_WGI_VA.EST,0.1357955
HUN,Hungary,2017,GOV_WGI_VA.EST,0.3339126
HUN,Hungary,2016,GOV_WGI_VA.EST,0.3729857
HUN,Hungary,2015,GOV_WGI_VA.EST,0.4598701
HUN,Hungary,2014,GOV_WGI_VA.EST,0.5132176
HUN,Hungary,2013,GOV_WGI_VA.EST,0.6721209
HUN,Hungary,2012,GOV_WGI_VA.EST,0.7239314
HUN,Hungary,2011,GOV_WGI_VA.EST,0.8857405
HUN,Hungary,2010,GOV_WGI_VA.EST,0.9488392
HUN,Hungary,2009,GOV_WGI_VA.EST,0.9738578
HUN,Hungary,2008,GOV_WGI_VA.EST,0.9708038
HUN,Hungary,2007,GOV_WGI_VA.EST,1.0577711
HUN,Hungary,2006,GOV_WGI_VA.EST,1.0837429
HUN,Hungary,2005,GOV_WGI_VA.EST,1.1467009
ISL,Iceland,2024,GOV_WGI_VA.EST,1.4247807
ISL,Iceland,2023,GOV_WGI_VA.EST,1.4096588
ISL,Iceland,2022,GOV_WGI_VA.EST,1.4313945
ISL,Iceland,2021,GOV_WGI_VA.EST,1.4547451
ISL,Iceland,2020,GOV_WGI_VA.EST,1.4534576
ISL,Iceland,2019,GOV_WGI_VA.EST,1.4945189
ISL,Iceland,2018,GOV_WGI_VA.EST,1.4963063
ISL,Iceland,2017,GOV_WGI_VA.EST,1.5010156
ISL,Iceland,2016,GOV_WGI_VA.EST,1.5312554
ISL,Iceland,2015,GOV_WGI_VA.EST,1.5172337
ISL,Iceland,2014,GOV_WGI_VA.EST,1.4889413
ISL,Iceland,2013,GOV_WGI_VA.EST,1.54359
ISL,Iceland,2012,GOV_WGI_VA.EST,1.5094717
ISL,Iceland,2011,GOV_WGI_VA.EST,1.498124
ISL,Iceland,2010,GOV_WGI_VA.EST,1.5492553
ISL,Iceland,2009,GOV_WGI_VA.EST,1.5897904
ISL,Iceland,2008,GOV_WGI_VA.EST,1.6444258
ISL,Iceland,2007,GOV_WGI_VA.EST,1.6463564
ISL,Iceland,2006,GOV_WGI_VA.EST,1.6228172
ISL,Iceland,2005,GOV_WGI_VA.EST,1.578088
IND,India,2024,GOV_WGI_VA.EST,-0.0789293
IND,India,2023,GOV_WGI_VA.EST,-0.142948
IND,India,2022,GOV_WGI_VA.EST,-0.0982654999999999
IND,India,2021,GOV_WGI_VA.EST,-0.0956843999999999
IND,India,2020,GOV_WGI_VA.EST,0.056762
IND,India,2019,GOV_WGI_VA.EST,0.1106301
IND,India,2018,GOV_WGI_VA.EST,0.2032286
IND,India,2017,GOV_WGI_VA.EST,0.2554492
IND,India,2016,GOV_WGI_VA.EST,0.304626
IND,India,2015,GOV_WGI_VA.EST,0.2973847
IND,India,2014,GOV_WGI_VA.EST,0.2647595
IND,India,2013,GOV_WGI_VA.EST,0.3021831
IND,India,2012,GOV_WGI_VA.EST,0.2744517
IND,India,2011,GOV_WGI_VA.EST,0.3687833
IND,India,2010,GOV_WGI_VA.EST,0.3954553
IND,India,2009,GOV_WGI_VA.EST,0.4657167
IND,India,2008,GOV_WGI_VA.EST,0.5070476
IND,India,2007,GOV_WGI_VA.EST,0.5529108
IND,India,2006,GOV_WGI_VA.EST,0.5500503
IND,India,2005,GOV_WGI_VA.EST,0.4298512
IDN,Indonesia,2024,GOV_WGI_VA.EST,-0.1754316
IDN,Indonesia,2023,GOV_WGI_VA.EST,-0.0200561
IDN,Indonesia,2022,GOV_WGI_VA.EST,0.0259014
IDN,Indonesia,2021,GOV_WGI_VA.EST,0.0239606
IDN,Indonesia,2020,GOV_WGI_VA.EST,0.1051795
IDN,Indonesia,2019,GOV_WGI_VA.EST,0.1137857
IDN,Indonesia,2018,GOV_WGI_VA.EST,0.1218045
IDN,Indonesia,2017,GOV_WGI_VA.EST,0.0621222
IDN,Indonesia,2016,GOV_WGI_VA.EST,0.102893
IDN,Indonesia,2015,GOV_WGI_VA.EST,0.0861197
IDN,Indonesia,2014,GOV_WGI_VA.EST,-0.0006737
IDN,Indonesia,2013,GOV_WGI_VA.EST,-0.0085749
IDN,Indonesia,2012,GOV_WGI_VA.EST,0.0318185
IDN,Indonesia,2011,GOV_WGI_VA.EST,0.060052
IDN,Indonesia,2010,GOV_WGI_VA.EST,-0.0204782999999999
IDN,Indonesia,2009,GOV_WGI_VA.EST,0.0446885
IDN,Indonesia,2008,GOV_WGI_VA.EST,0.0556929
IDN,Indonesia,2007,GOV_WGI_VA.EST,0.0678583
IDN,Indonesia,2006,GOV_WGI_VA.EST,0.0351727
IDN,Indonesia,2005,GOV_WGI_VA.EST,-0.0945227999999999
IRN,"Iran, Islamic Rep.",2024,GOV_WGI_VA.EST,-1.5484136
IRN,"Iran, Islamic Rep.",2023,GOV_WGI_VA.EST,-1.5488133
IRN,"Iran, Islamic Rep.",2022,GOV_WGI_VA.EST,-1.5314025
IRN,"Iran, Islamic Rep.",2021,GOV_WGI_VA.EST,-1.4876262
IRN,"Iran, Islamic Rep.",2020,GOV_WGI_VA.EST,-1.4381547
IRN,"Iran, Islamic Rep.",2019,GOV_WGI_VA.EST,-1.38442779999999
IRN,"Iran, Islamic Rep.",2018,GOV_WGI_VA.EST,-1.3384928
IRN,"Iran, Islamic Rep.",2017,GOV_WGI_VA.EST,-1.2639669
IRN,"Iran, Islamic Rep.",2016,GOV_WGI_VA.EST,-1.29808979999999
IRN,"Iran, Islamic Rep.",2015,GOV_WGI_VA.EST,-1.3080192
IRN,"Iran, Islamic Rep.",2014,GOV_WGI_VA.EST,-1.385483
IRN,"Iran, Islamic Rep.",2013,GOV_WGI_VA.EST,-1.43577849999999
IRN,"Iran, Islamic Rep.",2012,GOV_WGI_VA.EST,-1.47932129999999
IRN,"Iran, Islamic Rep.",2011,GOV_WGI_VA.EST,-1.49553089999999
IRN,"Iran, Islamic Rep.",2010,GOV_WGI_VA.EST,-1.49803699999999
IRN,"Iran, Islamic Rep.",2009,GOV_WGI_VA.EST,-1.45218389999999
IRN,"Iran, Islamic Rep.",2008,GOV_WGI_VA.EST,-1.37376149999999
IRN,"Iran, Islamic Rep.",2007,GOV_WGI_VA.EST,-1.29336919999999
IRN,"Iran, Islamic Rep.",2006,GOV_WGI_VA.EST,-1.2174322
IRN,"Iran, Islamic Rep.",2005,GOV_WGI_VA.EST,-1.2429559
IRQ,Iraq,2024,GOV_WGI_VA.EST,-1.0216043
IRQ,Iraq,2023,GOV_WGI_VA.EST,-1.0426819
IRQ,Iraq,2022,GOV_WGI_VA.EST,-1.0157691
IRQ,Iraq,2021,GOV_WGI_VA.EST,-1.0273564
IRQ,Iraq,2020,GOV_WGI_VA.EST,-1.0174959
IRQ,Iraq,2019,GOV_WGI_VA.EST,-0.934025099999999
IRQ,Iraq,2018,GOV_WGI_VA.EST,-0.971495
IRQ,Iraq,2017,GOV_WGI_VA.EST,-1.1032692
IRQ,Iraq,2016,GOV_WGI_VA.EST,-1.1001688
IRQ,Iraq,2015,GOV_WGI_VA.EST,-1.0662816
IRQ,Iraq,2014,GOV_WGI_VA.EST,-1.043163
IRQ,Iraq,2013,GOV_WGI_VA.EST,-0.993534599999999
IRQ,Iraq,2012,GOV_WGI_VA.EST,-0.955669
IRQ,Iraq,2011,GOV_WGI_VA.EST,-1.01313649999999
IRQ,Iraq,2010,GOV_WGI_VA.EST,-0.938281799999999
IRQ,Iraq,2009,GOV_WGI_VA.EST,-0.9541168
IRQ,Iraq,2008,GOV_WGI_VA.EST,-0.9791694
IRQ,Iraq,2007,GOV_WGI_VA.EST,-1.0855932
IRQ,Iraq,2006,GOV_WGI_VA.EST,-1.23538479999999
IRQ,Iraq,2005,GOV_WGI_VA.EST,-1.32060469999999
IRL,Ireland,2024,GOV_WGI_VA.EST,1.6376655
IRL,Ireland,2023,GOV_WGI_VA.EST,1.6268782
IRL,Ireland,2022,GOV_WGI_VA.EST,1.6017718
IRL,Ireland,2021,GOV_WGI_VA.EST,1.5787476
IRL,Ireland,2020,GOV_WGI_VA.EST,1.5010975
IRL,Ireland,2019,GOV_WGI_VA.EST,1.4455034
IRL,Ireland,2018,GOV_WGI_VA.EST,1.4323389
IRL,Ireland,2017,GOV_WGI_VA.EST,1.3987146
IRL,Ireland,2016,GOV_WGI_VA.EST,1.3765917
IRL,Ireland,2015,GOV_WGI_VA.EST,1.3918301
IRL,Ireland,2014,GOV_WGI_VA.EST,1.3604983
IRL,Ireland,2013,GOV_WGI_VA.EST,1.3539292
IRL,Ireland,2012,GOV_WGI_VA.EST,1.3639946
IRL,Ireland,2011,GOV_WGI_VA.EST,1.3622234
IRL,Ireland,2010,GOV_WGI_VA.EST,1.3749061
IRL,Ireland,2009,GOV_WGI_VA.EST,1.4497435
IRL,Ireland,2008,GOV_WGI_VA.EST,1.5689025
IRL,Ireland,2007,GOV_WGI_VA.EST,1.5525635
IRL,Ireland,2006,GOV_WGI_VA.EST,1.5321064
IRL,Ireland,2005,GOV_WGI_VA.EST,1.6051153
ISR,Israel,2024,GOV_WGI_VA.EST,0.2951561
ISR,Israel,2023,GOV_WGI_VA.EST,0.4202063
ISR,Israel,2022,GOV_WGI_VA.EST,0.512879
ISR,Israel,2021,GOV_WGI_VA.EST,0.5273842
ISR,Israel,2020,GOV_WGI_VA.EST,0.5590953
ISR,Israel,2019,GOV_WGI_VA.EST,0.5086626
ISR,Israel,2018,GOV_WGI_VA.EST,0.5497977
ISR,Israel,2017,GOV_WGI_VA.EST,0.5103599
ISR,Israel,2016,GOV_WGI_VA.EST,0.5106974
ISR,Israel,2015,GOV_WGI_VA.EST,0.4834851
ISR,Israel,2014,GOV_WGI_VA.EST,0.4773612
ISR,Israel,2013,GOV_WGI_VA.EST,0.4818055
ISR,Israel,2012,GOV_WGI_VA.EST,0.4956908
ISR,Israel,2011,GOV_WGI_VA.EST,0.5395263
ISR,Israel,2010,GOV_WGI_VA.EST,0.6136436
ISR,Israel,2009,GOV_WGI_VA.EST,0.6760572
ISR,Israel,2008,GOV_WGI_VA.EST,0.6901173
ISR,Israel,2007,GOV_WGI_VA.EST,0.7136276
ISR,Israel,2006,GOV_WGI_VA.EST,0.7786949
ISR,Israel,2005,GOV_WGI_VA.EST,0.575603
ITA,Italy,2024,GOV_WGI_VA.EST,1.0673476
ITA,Italy,2023,GOV_WGI_VA.EST,1.0865677
ITA,Italy,2022,GOV_WGI_VA.EST,1.0393532
ITA,Italy,2021,GOV_WGI_VA.EST,1.0203423
ITA,Italy,2020,GOV_WGI_VA.EST,1.0198604
ITA,Italy,2019,GOV_WGI_VA.EST,0.8941527
ITA,Italy,2018,GOV_WGI_VA.EST,0.9076833
ITA,Italy,2017,GOV_WGI_VA.EST,0.9884646
ITA,Italy,2016,GOV_WGI_VA.EST,1.0351199
ITA,Italy,2015,GOV_WGI_VA.EST,1.0210974
ITA,Italy,2014,GOV_WGI_VA.EST,0.975257
ITA,Italy,2013,GOV_WGI_VA.EST,0.9061148
ITA,Italy,2012,GOV_WGI_VA.EST,0.8871353
ITA,Italy,2011,GOV_WGI_VA.EST,0.8456621
ITA,Italy,2010,GOV_WGI_VA.EST,1.0280408
ITA,Italy,2009,GOV_WGI_VA.EST,1.1394476
ITA,Italy,2008,GOV_WGI_VA.EST,1.15397
ITA,Italy,2007,GOV_WGI_VA.EST,1.2209287
ITA,Italy,2006,GOV_WGI_VA.EST,1.1904231
ITA,Italy,2005,GOV_WGI_VA.EST,1.0077536
JAM,Jamaica,2024,GOV_WGI_VA.EST,0.485209
JAM,Jamaica,2023,GOV_WGI_VA.EST,0.4932042
JAM,Jamaica,2022,GOV_WGI_VA.EST,0.5015442
JAM,Jamaica,2021,GOV_WGI_VA.EST,0.5026751
JAM,Jamaica,2020,GOV_WGI_VA.EST,0.5120442
JAM,Jamaica,2019,GOV_WGI_VA.EST,0.5043883
JAM,Jamaica,2018,GOV_WGI_VA.EST,0.4724016
JAM,Jamaica,2017,GOV_WGI_VA.EST,0.6039973
JAM,Jamaica,2016,GOV_WGI_VA.EST,0.5942121
JAM,Jamaica,2015,GOV_WGI_VA.EST,0.5896512
JAM,Jamaica,2014,GOV_WGI_VA.EST,0.5392399
JAM,Jamaica,2013,GOV_WGI_VA.EST,0.4953676
JAM,Jamaica,2012,GOV_WGI_VA.EST,0.4039313
JAM,Jamaica,2011,GOV_WGI_VA.EST,0.3526706
JAM,Jamaica,2010,GOV_WGI_VA.EST,0.4838631
JAM,Jamaica,2009,GOV_WGI_VA.EST,0.6063139
JAM,Jamaica,2008,GOV_WGI_VA.EST,0.6133589
JAM,Jamaica,2007,GOV_WGI_VA.EST,0.725045
JAM,Jamaica,2006,GOV_WGI_VA.EST,0.6834416
JAM,Jamaica,2005,GOV_WGI_VA.EST,0.549332
JPN,Japan,2024,GOV_WGI_VA.EST,1.1161265
JPN,Japan,2023,GOV_WGI_VA.EST,1.1289319
JPN,Japan,2022,GOV_WGI_VA.EST,1.0997002
JPN,Japan,2021,GOV_WGI_VA.EST,1.0951218
JPN,Japan,2020,GOV_WGI_VA.EST,1.0813117
JPN,Japan,2019,GOV_WGI_VA.EST,1.0775489
JPN,Japan,2018,GOV_WGI_VA.EST,1.120314
JPN,Japan,2017,GOV_WGI_VA.EST,1.1976783
JPN,Japan,2016,GOV_WGI_VA.EST,1.165848
JPN,Japan,2015,GOV_WGI_VA.EST,1.1764466
JPN,Japan,2014,GOV_WGI_VA.EST,1.2343567
JPN,Japan,2013,GOV_WGI_VA.EST,1.225573
JPN,Japan,2012,GOV_WGI_VA.EST,1.2947394
JPN,Japan,2011,GOV_WGI_VA.EST,1.3005589
JPN,Japan,2010,GOV_WGI_VA.EST,1.258734
JPN,Japan,2009,GOV_WGI_VA.EST,1.2506424
JPN,Japan,2008,GOV_WGI_VA.EST,1.1266166
JPN,Japan,2007,GOV_WGI_VA.EST,1.1567556
JPN,Japan,2006,GOV_WGI_VA.EST,1.0881164
JPN,Japan,2005,GOV_WGI_VA.EST,1.0603132
JOR,Jordan,2024,GOV_WGI_VA.EST,-0.7137403
JOR,Jordan,2023,GOV_WGI_VA.EST,-0.752776799999999
JOR,Jordan,2022,GOV_WGI_VA.EST,-0.7613575
JOR,Jordan,2021,GOV_WGI_VA.EST,-0.715912
JOR,Jordan,2020,GOV_WGI_VA.EST,-0.672090299999999
JOR,Jordan,2019,GOV_WGI_VA.EST,-0.6407531
JOR,Jordan,2018,GOV_WGI_VA.EST,-0.6399465
JOR,Jordan,2017,GOV_WGI_VA.EST,-0.578742499999999
JOR,Jordan,2016,GOV_WGI_VA.EST,-0.587962099999999
JOR,Jordan,2015,GOV_WGI_VA.EST,-0.6098713
JOR,Jordan,2014,GOV_WGI_VA.EST,-0.6717732
JOR,Jordan,2013,GOV_WGI_VA.EST,-0.7089293
JOR,Jordan,2012,GOV_WGI_VA.EST,-0.673437699999999
JOR,Jordan,2011,GOV_WGI_VA.EST,-0.6597253
JOR,Jordan,2010,GOV_WGI_VA.EST,-0.665550699999999
JOR,Jordan,2009,GOV_WGI_VA.EST,-0.626833299999999
JOR,Jordan,2008,GOV_WGI_VA.EST,-0.5653303
JOR,Jordan,2007,GOV_WGI_VA.EST,-0.5532783
JOR,Jordan,2006,GOV_WGI_VA.EST,-0.5633207
JOR,Jordan,2005,GOV_WGI_VA.EST,-0.582016499999999
KAZ,Kazakhstan,2024,GOV_WGI_VA.EST,-0.8157128
KAZ,Kazakhstan,2023,GOV_WGI_VA.EST,-0.8634651
KAZ,Kazakhstan,2022,GOV_WGI_VA.EST,-0.8774668
KAZ,Kazakhstan,2021,GOV_WGI_VA.EST,-0.8581561
KAZ,Kazakhstan,2020,GOV_WGI_VA.EST,-0.8846303
KAZ,Kazakhstan,2019,GOV_WGI_VA.EST,-0.9427464
KAZ,Kazakhstan,2018,GOV_WGI_VA.EST,-0.8029
KAZ,Kazakhstan,2017,GOV_WGI_VA.EST,-0.9065213
KAZ,Kazakhstan,2016,GOV_WGI_VA.EST,-0.8250537
KAZ,Kazakhstan,2015,GOV_WGI_VA.EST,-0.790997699999999
KAZ,Kazakhstan,2014,GOV_WGI_VA.EST,-0.908048499999999
KAZ,Kazakhstan,2013,GOV_WGI_VA.EST,-0.9945294
KAZ,Kazakhstan,2012,GOV_WGI_VA.EST,-0.888636299999999
KAZ,Kazakhstan,2011,GOV_WGI_VA.EST,-0.7953408
KAZ,Kazakhstan,2010,GOV_WGI_VA.EST,-0.771833299999999
KAZ,Kazakhstan,2009,GOV_WGI_VA.EST,-0.7305086
KAZ,Kazakhstan,2008,GOV_WGI_VA.EST,-0.6883351
KAZ,Kazakhstan,2007,GOV_WGI_VA.EST,-0.796978899999999
KAZ,Kazakhstan,2006,GOV_WGI_VA.EST,-0.8520724
KAZ,Kazakhstan,2005,GOV_WGI_VA.EST,-0.8989204
KEN,Kenya,2024,GOV_WGI_VA.EST,-0.3542285
KEN,Kenya,2023,GOV_WGI_VA.EST,-0.2708269
KEN,Kenya,2022,GOV_WGI_VA.EST,-0.250971899999999
KEN,Kenya,2021,GOV_WGI_VA.EST,-0.437757499999999
KEN,Kenya,2020,GOV_WGI_VA.EST,-0.435817599999999
KEN,Kenya,2019,GOV_WGI_VA.EST,-0.500132799999999
KEN,Kenya,2018,GOV_WGI_VA.EST,-0.5310028
KEN,Kenya,2017,GOV_WGI_VA.EST,-0.4085002
KEN,Kenya,2016,GOV_WGI_VA.EST,-0.2881147
KEN,Kenya,2015,GOV_WGI_VA.EST,-0.2660841
KEN,Kenya,2014,GOV_WGI_VA.EST,-0.195759
KEN,Kenya,2013,GOV_WGI_VA.EST,-0.2687045
KEN,Kenya,2012,GOV_WGI_VA.EST,-0.3543765
KEN,Kenya,2011,GOV_WGI_VA.EST,-0.4458657
KEN,Kenya,2010,GOV_WGI_VA.EST,-0.3201097
KEN,Kenya,2009,GOV_WGI_VA.EST,-0.4131881
KEN,Kenya,2008,GOV_WGI_VA.EST,-0.370726499999999
KEN,Kenya,2007,GOV_WGI_VA.EST,-0.2710923
KEN,Kenya,2006,GOV_WGI_VA.EST,-0.1460813
KEN,Kenya,2005,GOV_WGI_VA.EST,-0.2057987
KIR,Kiribati,2024,GOV_WGI_VA.EST,0.9729224
KIR,Kiribati,2023,GOV_WGI_VA.EST,0.9846412
KIR,Kiribati,2022,GOV_WGI_VA.EST,0.9861458
KIR,Kiribati,2021,GOV_WGI_VA.EST,0.9876663
KIR,Kiribati,2020,GOV_WGI_VA.EST,0.8858057
KIR,Kiribati,2019,GOV_WGI_VA.EST,0.8833992
KIR,Kiribati,2018,GOV_WGI_VA.EST,0.8235364
KIR,Kiribati,2017,GOV_WGI_VA.EST,0.6237279
KIR,Kiribati,2016,GOV_WGI_VA.EST,0.614837
KIR,Kiribati,2015,GOV_WGI_VA.EST,0.6106159
KIR,Kiribati,2014,GOV_WGI_VA.EST,0.6138092
KIR,Kiribati,2013,GOV_WGI_VA.EST,0.6112817
KIR,Kiribati,2012,GOV_WGI_VA.EST,0.6212974
KIR,Kiribati,2011,GOV_WGI_VA.EST,0.6074912
KIR,Kiribati,2010,GOV_WGI_VA.EST,0.1820493
KIR,Kiribati,2009,GOV_WGI_VA.EST,0.1477736
KIR,Kiribati,2008,GOV_WGI_VA.EST,0.1674197
KIR,Kiribati,2007,GOV_WGI_VA.EST,0.2209827
KIR,Kiribati,2006,GOV_WGI_VA.EST,0.3212451
KIR,Kiribati,2005,GOV_WGI_VA.EST,0.2864632
PRK,"Korea, Dem. People's Rep.",2024,GOV_WGI_VA.EST,-1.9874253
PRK,"Korea, Dem. People's Rep.",2023,GOV_WGI_VA.EST,-1.96101899999999
PRK,"Korea, Dem. People's Rep.",2022,GOV_WGI_VA.EST,-1.9570503
PRK,"Korea, Dem. People's Rep.",2021,GOV_WGI_VA.EST,-1.98428719999999
PRK,"Korea, Dem. People's Rep.",2020,GOV_WGI_VA.EST,-1.96706429999999
PRK,"Korea, Dem. People's Rep.",2019,GOV_WGI_VA.EST,-1.96656559999999
PRK,"Korea, Dem. People's Rep.",2018,GOV_WGI_VA.EST,-1.95203549999999
PRK,"Korea, Dem. People's Rep.",2017,GOV_WGI_VA.EST,-2.0496319
PRK,"Korea, Dem. People's Rep.",2016,GOV_WGI_VA.EST,-2.03878399999999
PRK,"Korea, Dem. People's Rep.",2015,GOV_WGI_VA.EST,-2.0337046
PRK,"Korea, Dem. People's Rep.",2014,GOV_WGI_VA.EST,-2.0325603
PRK,"Korea, Dem. People's Rep.",2013,GOV_WGI_VA.EST,-2.0610925
PRK,"Korea, Dem. People's Rep.",2012,GOV_WGI_VA.EST,-2.0344525
PRK,"Korea, Dem. People's Rep.",2011,GOV_WGI_VA.EST,-1.6645428
PRK,"Korea, Dem. People's Rep.",2010,GOV_WGI_VA.EST,-1.6755164
PRK,"Korea, Dem. People's Rep.",2009,GOV_WGI_VA.EST,-2.0764472
PRK,"Korea, Dem. People's Rep.",2008,GOV_WGI_VA.EST,-2.0347539
PRK,"Korea, Dem. People's Rep.",2007,GOV_WGI_VA.EST,-2.016461
PRK,"Korea, Dem. People's Rep.",2006,GOV_WGI_VA.EST,-2.120562
PRK,"Korea, Dem. People's Rep.",2005,GOV_WGI_VA.EST,-2.12586469999999
KOR,"Korea, Rep.",2024,GOV_WGI_VA.EST,0.8078028
KOR,"Korea, Rep.",2023,GOV_WGI_VA.EST,0.9190605
KOR,"Korea, Rep.",2022,GOV_WGI_VA.EST,0.9475108
KOR,"Korea, Rep.",2021,GOV_WGI_VA.EST,0.991734
KOR,"Korea, Rep.",2020,GOV_WGI_VA.EST,0.9454893
KOR,"Korea, Rep.",2019,GOV_WGI_VA.EST,0.8843808
KOR,"Korea, Rep.",2018,GOV_WGI_VA.EST,0.9068002
KOR,"Korea, Rep.",2017,GOV_WGI_VA.EST,0.8748979
KOR,"Korea, Rep.",2016,GOV_WGI_VA.EST,0.6918169
KOR,"Korea, Rep.",2015,GOV_WGI_VA.EST,0.6911672
KOR,"Korea, Rep.",2014,GOV_WGI_VA.EST,0.7891756
KOR,"Korea, Rep.",2013,GOV_WGI_VA.EST,0.812211
KOR,"Korea, Rep.",2012,GOV_WGI_VA.EST,0.8603854
KOR,"Korea, Rep.",2011,GOV_WGI_VA.EST,0.8457093
KOR,"Korea, Rep.",2010,GOV_WGI_VA.EST,0.8758842
KOR,"Korea, Rep.",2009,GOV_WGI_VA.EST,0.8568314
KOR,"Korea, Rep.",2008,GOV_WGI_VA.EST,0.760196
KOR,"Korea, Rep.",2007,GOV_WGI_VA.EST,0.8657822
KOR,"Korea, Rep.",2006,GOV_WGI_VA.EST,0.8353471
KOR,"Korea, Rep.",2005,GOV_WGI_VA.EST,0.7281596
,Kosovo,2024,GOV_WGI_VA.EST,0.1595881
,Kosovo,2023,GOV_WGI_VA.EST,0.1685562
,Kosovo,2022,GOV_WGI_VA.EST,0.150453
,Kosovo,2021,GOV_WGI_VA.EST,0.098677
,Kosovo,2020,GOV_WGI_VA.EST,0.1273328
,Kosovo,2019,GOV_WGI_VA.EST,0.0665373
,Kosovo,2018,GOV_WGI_VA.EST,0.1234846
,Kosovo,2017,GOV_WGI_VA.EST,0.1314551
,Kosovo,2016,GOV_WGI_VA.EST,0.0979613
,Kosovo,2015,GOV_WGI_VA.EST,0.117828
,Kosovo,2014,GOV_WGI_VA.EST,0.1004976
,Kosovo,2013,GOV_WGI_VA.EST,-0.0023793
,Kosovo,2012,GOV_WGI_VA.EST,0.0145784
,Kosovo,2011,GOV_WGI_VA.EST,0.012208
,Kosovo,2010,GOV_WGI_VA.EST,0.0556424
,Kosovo,2009,GOV_WGI_VA.EST,0.0894842
,Kosovo,2008,GOV_WGI_VA.EST,0.0142488
,Kosovo,2007,GOV_WGI_VA.EST,-0.1335345
,Kosovo,2006,GOV_WGI_VA.EST,0.0239885
,Kosovo,2005,GOV_WGI_VA.EST,-0.0774089999999999
KWT,Kuwait,2024,GOV_WGI_VA.EST,-0.718342199999999
KWT,Kuwait,2023,GOV_WGI_VA.EST,-0.5355103
KWT,Kuwait,2022,GOV_WGI_VA.EST,-0.5541874
KWT,Kuwait,2021,GOV_WGI_VA.EST,-0.5604317
KWT,Kuwait,2020,GOV_WGI_VA.EST,-0.4688158
KWT,Kuwait,2019,GOV_WGI_VA.EST,-0.417902899999999
KWT,Kuwait,2018,GOV_WGI_VA.EST,-0.4146491
KWT,Kuwait,2017,GOV_WGI_VA.EST,-0.418240499999999
KWT,Kuwait,2016,GOV_WGI_VA.EST,-0.4168537
KWT,Kuwait,2015,GOV_WGI_VA.EST,-0.426707
KWT,Kuwait,2014,GOV_WGI_VA.EST,-0.4284675
KWT,Kuwait,2013,GOV_WGI_VA.EST,-0.430052799999999
KWT,Kuwait,2012,GOV_WGI_VA.EST,-0.3894103
KWT,Kuwait,2011,GOV_WGI_VA.EST,-0.292831
KWT,Kuwait,2010,GOV_WGI_VA.EST,-0.2837021
KWT,Kuwait,2009,GOV_WGI_VA.EST,-0.2825129
KWT,Kuwait,2008,GOV_WGI_VA.EST,-0.298794799999999
KWT,Kuwait,2007,GOV_WGI_VA.EST,-0.3335274
KWT,Kuwait,2006,GOV_WGI_VA.EST,-0.3259149
KWT,Kuwait,2005,GOV_WGI_VA.EST,-0.2173167
KGZ,Kyrgyz Republic,2024,GOV_WGI_VA.EST,-0.8013292
KGZ,Kyrgyz Republic,2023,GOV_WGI_VA.EST,-0.730617
KGZ,Kyrgyz Republic,2022,GOV_WGI_VA.EST,-0.639873
KGZ,Kyrgyz Republic,2021,GOV_WGI_VA.EST,-0.5153924
KGZ,Kyrgyz Republic,2020,GOV_WGI_VA.EST,-0.4870232
KGZ,Kyrgyz Republic,2019,GOV_WGI_VA.EST,-0.3956981
KGZ,Kyrgyz Republic,2018,GOV_WGI_VA.EST,-0.271814599999999
KGZ,Kyrgyz Republic,2017,GOV_WGI_VA.EST,-0.283291199999999
KGZ,Kyrgyz Republic,2016,GOV_WGI_VA.EST,-0.251539199999999
KGZ,Kyrgyz Republic,2015,GOV_WGI_VA.EST,-0.2483693
KGZ,Kyrgyz Republic,2014,GOV_WGI_VA.EST,-0.3187974
KGZ,Kyrgyz Republic,2013,GOV_WGI_VA.EST,-0.4503839
KGZ,Kyrgyz Republic,2012,GOV_WGI_VA.EST,-0.5682541
KGZ,Kyrgyz Republic,2011,GOV_WGI_VA.EST,-0.6321637
KGZ,Kyrgyz Republic,2010,GOV_WGI_VA.EST,-0.8101431
KGZ,Kyrgyz Republic,2009,GOV_WGI_VA.EST,-0.9471269
KGZ,Kyrgyz Republic,2008,GOV_WGI_VA.EST,-0.925928099999999
KGZ,Kyrgyz Republic,2007,GOV_WGI_VA.EST,-0.6744406
KGZ,Kyrgyz Republic,2006,GOV_WGI_VA.EST,-0.5997653
KGZ,Kyrgyz Republic,2005,GOV_WGI_VA.EST,-0.8332988
LAO,Lao PDR,2024,GOV_WGI_VA.EST,-1.47118289999999
LAO,Lao PDR,2023,GOV_WGI_VA.EST,-1.43183399999999
LAO,Lao PDR,2022,GOV_WGI_VA.EST,-1.39861109999999
LAO,Lao PDR,2021,GOV_WGI_VA.EST,-1.3981687
LAO,Lao PDR,2020,GOV_WGI_VA.EST,-1.46743509999999
LAO,Lao PDR,2019,GOV_WGI_VA.EST,-1.4478452
LAO,Lao PDR,2018,GOV_WGI_VA.EST,-1.3641332
LAO,Lao PDR,2017,GOV_WGI_VA.EST,-1.39085139999999
LAO,Lao PDR,2016,GOV_WGI_VA.EST,-1.3451544
LAO,Lao PDR,2015,GOV_WGI_VA.EST,-1.3817502
LAO,Lao PDR,2014,GOV_WGI_VA.EST,-1.3776916
LAO,Lao PDR,2013,GOV_WGI_VA.EST,-1.39854339999999
LAO,Lao PDR,2012,GOV_WGI_VA.EST,-1.4072113
LAO,Lao PDR,2011,GOV_WGI_VA.EST,-1.4025949
LAO,Lao PDR,2010,GOV_WGI_VA.EST,-1.40629689999999
LAO,Lao PDR,2009,GOV_WGI_VA.EST,-1.4518589
LAO,Lao PDR,2008,GOV_WGI_VA.EST,-1.4338476
LAO,Lao PDR,2007,GOV_WGI_VA.EST,-1.4394943
LAO,Lao PDR,2006,GOV_WGI_VA.EST,-1.4378612
LAO,Lao PDR,2005,GOV_WGI_VA.EST,-1.5078162
LVA,Latvia,2024,GOV_WGI_VA.EST,1.1279498
LVA,Latvia,2023,GOV_WGI_VA.EST,1.1124815
LVA,Latvia,2022,GOV_WGI_VA.EST,1.06675
LVA,Latvia,2021,GOV_WGI_VA.EST,0.9910654
LVA,Latvia,2020,GOV_WGI_VA.EST,0.9256747
LVA,Latvia,2019,GOV_WGI_VA.EST,0.9135978
LVA,Latvia,2018,GOV_WGI_VA.EST,0.7056906
LVA,Latvia,2017,GOV_WGI_VA.EST,0.7287864
LVA,Latvia,2016,GOV_WGI_VA.EST,0.7206221
LVA,Latvia,2015,GOV_WGI_VA.EST,0.7531513
LVA,Latvia,2014,GOV_WGI_VA.EST,0.7659565
LVA,Latvia,2013,GOV_WGI_VA.EST,0.7047938
LVA,Latvia,2012,GOV_WGI_VA.EST,0.6957507
LVA,Latvia,2011,GOV_WGI_VA.EST,0.7607673
LVA,Latvia,2010,GOV_WGI_VA.EST,0.8505226
LVA,Latvia,2009,GOV_WGI_VA.EST,0.8501599
LVA,Latvia,2008,GOV_WGI_VA.EST,0.7285188
LVA,Latvia,2007,GOV_WGI_VA.EST,0.778136
LVA,Latvia,2006,GOV_WGI_VA.EST,0.7767941
LVA,Latvia,2005,GOV_WGI_VA.EST,0.6963988
LBN,Lebanon,2024,GOV_WGI_VA.EST,-0.773254099999999
LBN,Lebanon,2023,GOV_WGI_VA.EST,-0.7573308
LBN,Lebanon,2022,GOV_WGI_VA.EST,-0.7786234
LBN,Lebanon,2021,GOV_WGI_VA.EST,-0.7622156
LBN,Lebanon,2020,GOV_WGI_VA.EST,-0.6889046
LBN,Lebanon,2019,GOV_WGI_VA.EST,-0.6164535
LBN,Lebanon,2018,GOV_WGI_VA.EST,-0.5658194
LBN,Lebanon,2017,GOV_WGI_VA.EST,-0.6151856
LBN,Lebanon,2016,GOV_WGI_VA.EST,-0.616314599999999
LBN,Lebanon,2015,GOV_WGI_VA.EST,-0.5520082
LBN,Lebanon,2014,GOV_WGI_VA.EST,-0.4595043
LBN,Lebanon,2013,GOV_WGI_VA.EST,-0.379118299999999
LBN,Lebanon,2012,GOV_WGI_VA.EST,-0.3211237
LBN,Lebanon,2011,GOV_WGI_VA.EST,-0.355798599999999
LBN,Lebanon,2010,GOV_WGI_VA.EST,-0.3436634
LBN,Lebanon,2009,GOV_WGI_VA.EST,-0.3689515
LBN,Lebanon,2008,GOV_WGI_VA.EST,-0.2848364
LBN,Lebanon,2007,GOV_WGI_VA.EST,-0.3162046
LBN,Lebanon,2006,GOV_WGI_VA.EST,-0.1938986
LBN,Lebanon,2005,GOV_WGI_VA.EST,-0.357783099999999
LSO,Lesotho,2024,GOV_WGI_VA.EST,-0.1551378
LSO,Lesotho,2023,GOV_WGI_VA.EST,-0.1778783
LSO,Lesotho,2022,GOV_WGI_VA.EST,-0.1459999
LSO,Lesotho,2021,GOV_WGI_VA.EST,-0.2217516
LSO,Lesotho,2020,GOV_WGI_VA.EST,-0.136977899999999
LSO,Lesotho,2019,GOV_WGI_VA.EST,-0.162956699999999
LSO,Lesotho,2018,GOV_WGI_VA.EST,-0.148633699999999
LSO,Lesotho,2017,GOV_WGI_VA.EST,-0.1860106
LSO,Lesotho,2016,GOV_WGI_VA.EST,-0.211975
LSO,Lesotho,2015,GOV_WGI_VA.EST,-0.0763691
LSO,Lesotho,2014,GOV_WGI_VA.EST,-0.0778208
LSO,Lesotho,2013,GOV_WGI_VA.EST,0.030405
LSO,Lesotho,2012,GOV_WGI_VA.EST,-0.0145537999999999
LSO,Lesotho,2011,GOV_WGI_VA.EST,-0.1378447
LSO,Lesotho,2010,GOV_WGI_VA.EST,-0.149152999999999
LSO,Lesotho,2009,GOV_WGI_VA.EST,-0.1114535
LSO,Lesotho,2008,GOV_WGI_VA.EST,-0.1259968
LSO,Lesotho,2007,GOV_WGI_VA.EST,0.0356755
LSO,Lesotho,2006,GOV_WGI_VA.EST,0.1811499
LSO,Lesotho,2005,GOV_WGI_VA.EST,0.1159666
LBR,Liberia,2024,GOV_WGI_VA.EST,-0.1117659
LBR,Liberia,2023,GOV_WGI_VA.EST,-0.111354
LBR,Liberia,2022,GOV_WGI_VA.EST,-0.1659338
LBR,Liberia,2021,GOV_WGI_VA.EST,-0.187357599999999
LBR,Liberia,2020,GOV_WGI_VA.EST,-0.1946272
LBR,Liberia,2019,GOV_WGI_VA.EST,-0.236170699999999
LBR,Liberia,2018,GOV_WGI_VA.EST,-0.135108099999999
LBR,Liberia,2017,GOV_WGI_VA.EST,-0.0459297
LBR,Liberia,2016,GOV_WGI_VA.EST,-0.2242728
LBR,Liberia,2015,GOV_WGI_VA.EST,-0.238272899999999
LBR,Liberia,2014,GOV_WGI_VA.EST,-0.2481803
LBR,Liberia,2013,GOV_WGI_VA.EST,-0.3267253
LBR,Liberia,2012,GOV_WGI_VA.EST,-0.1965545
LBR,Liberia,2011,GOV_WGI_VA.EST,-0.2723024
LBR,Liberia,2010,GOV_WGI_VA.EST,-0.1748594
LBR,Liberia,2009,GOV_WGI_VA.EST,-0.153470499999999
LBR,Liberia,2008,GOV_WGI_VA.EST,-0.0882136999999999
LBR,Liberia,2007,GOV_WGI_VA.EST,-0.102976
LBR,Liberia,2006,GOV_WGI_VA.EST,-0.0434438
LBR,Liberia,2005,GOV_WGI_VA.EST,-0.4633306
LBY,Libya,2024,GOV_WGI_VA.EST,-1.33599959999999
LBY,Libya,2023,GOV_WGI_VA.EST,-1.3571083
LBY,Libya,2022,GOV_WGI_VA.EST,-1.3168916
LBY,Libya,2021,GOV_WGI_VA.EST,-1.26873449999999
LBY,Libya,2020,GOV_WGI_VA.EST,-1.1145078
LBY,Libya,2019,GOV_WGI_VA.EST,-1.108952
LBY,Libya,2018,GOV_WGI_VA.EST,-1.1886225
LBY,Libya,2017,GOV_WGI_VA.EST,-1.2324321
LBY,Libya,2016,GOV_WGI_VA.EST,-1.1997746
LBY,Libya,2015,GOV_WGI_VA.EST,-1.165613
LBY,Libya,2014,GOV_WGI_VA.EST,-1.0752096
LBY,Libya,2013,GOV_WGI_VA.EST,-0.811560899999999
LBY,Libya,2012,GOV_WGI_VA.EST,-0.8508505
LBY,Libya,2011,GOV_WGI_VA.EST,-1.5248663
LBY,Libya,2010,GOV_WGI_VA.EST,-1.82689709999999
LBY,Libya,2009,GOV_WGI_VA.EST,-1.7649978
LBY,Libya,2008,GOV_WGI_VA.EST,-1.7716811
LBY,Libya,2007,GOV_WGI_VA.EST,-1.7682143
LBY,Libya,2006,GOV_WGI_VA.EST,-1.7668746
LBY,Libya,2005,GOV_WGI_VA.EST,-1.85801179999999
LIE,Liechtenstein,2024,GOV_WGI_VA.EST,1.3276421
LIE,Liechtenstein,2023,GOV_WGI_VA.EST,1.3149688
LIE,Liechtenstein,2022,GOV_WGI_VA.EST,1.3366925
LIE,Liechtenstein,2021,GOV_WGI_VA.EST,1.3347361
LIE,Liechtenstein,2020,GOV_WGI_VA.EST,1.3135419
LIE,Liechtenstein,2019,GOV_WGI_VA.EST,1.313823
LIE,Liechtenstein,2018,GOV_WGI_VA.EST,1.3073919
LIE,Liechtenstein,2017,GOV_WGI_VA.EST,1.3818292
LIE,Liechtenstein,2016,GOV_WGI_VA.EST,1.3998969
LIE,Liechtenstein,2015,GOV_WGI_VA.EST,1.4528958
LIE,Liechtenstein,2014,GOV_WGI_VA.EST,1.4558907
LIE,Liechtenstein,2013,GOV_WGI_VA.EST,1.5296566
LIE,Liechtenstein,2012,GOV_WGI_VA.EST,1.5292348
LIE,Liechtenstein,2011,GOV_WGI_VA.EST,1.6875788
LIE,Liechtenstein,2010,GOV_WGI_VA.EST,1.7317172
LIE,Liechtenstein,2009,GOV_WGI_VA.EST,1.7325204
LIE,Liechtenstein,2008,GOV_WGI_VA.EST,1.4928783
LIE,Liechtenstein,2007,GOV_WGI_VA.EST,1.4939677
LIE,Liechtenstein,2006,GOV_WGI_VA.EST,1.4355128
LIE,Liechtenstein,2005,GOV_WGI_VA.EST,1.4669813
LTU,Lithuania,2024,GOV_WGI_VA.EST,1.2226462
LTU,Lithuania,2023,GOV_WGI_VA.EST,1.1887714
LTU,Lithuania,2022,GOV_WGI_VA.EST,1.1824494
LTU,Lithuania,2021,GOV_WGI_VA.EST,1.134426
LTU,Lithuania,2020,GOV_WGI_VA.EST,1.086472
LTU,Lithuania,2019,GOV_WGI_VA.EST,1.0715599
LTU,Lithuania,2018,GOV_WGI_VA.EST,0.813513
LTU,Lithuania,2017,GOV_WGI_VA.EST,0.8829716
LTU,Lithuania,2016,GOV_WGI_VA.EST,0.8522699
LTU,Lithuania,2015,GOV_WGI_VA.EST,0.9019303
LTU,Lithuania,2014,GOV_WGI_VA.EST,0.889013
LTU,Lithuania,2013,GOV_WGI_VA.EST,0.8688475
LTU,Lithuania,2012,GOV_WGI_VA.EST,0.8717718
LTU,Lithuania,2011,GOV_WGI_VA.EST,0.884775
LTU,Lithuania,2010,GOV_WGI_VA.EST,0.9490259
LTU,Lithuania,2009,GOV_WGI_VA.EST,0.9515418
LTU,Lithuania,2008,GOV_WGI_VA.EST,0.8569481
LTU,Lithuania,2007,GOV_WGI_VA.EST,0.8577283
LTU,Lithuania,2006,GOV_WGI_VA.EST,0.8639506
LTU,Lithuania,2005,GOV_WGI_VA.EST,0.8192979
LUX,Luxembourg,2024,GOV_WGI_VA.EST,1.6653277
LUX,Luxembourg,2023,GOV_WGI_VA.EST,1.6677685
LUX,Luxembourg,2022,GOV_WGI_VA.EST,1.6940035
LUX,Luxembourg,2021,GOV_WGI_VA.EST,1.6761181
LUX,Luxembourg,2020,GOV_WGI_VA.EST,1.653888
LUX,Luxembourg,2019,GOV_WGI_VA.EST,1.6112736
LUX,Luxembourg,2018,GOV_WGI_VA.EST,1.6101762
LUX,Luxembourg,2017,GOV_WGI_VA.EST,1.6256817
LUX,Luxembourg,2016,GOV_WGI_VA.EST,1.598235
LUX,Luxembourg,2015,GOV_WGI_VA.EST,1.6105936
LUX,Luxembourg,2014,GOV_WGI_VA.EST,1.5878417
LUX,Luxembourg,2013,GOV_WGI_VA.EST,1.6170351
LUX,Luxembourg,2012,GOV_WGI_VA.EST,1.6519812
LUX,Luxembourg,2011,GOV_WGI_VA.EST,1.6599762
LUX,Luxembourg,2010,GOV_WGI_VA.EST,1.64731
LUX,Luxembourg,2009,GOV_WGI_VA.EST,1.6592487
LUX,Luxembourg,2008,GOV_WGI_VA.EST,1.6216169
LUX,Luxembourg,2007,GOV_WGI_VA.EST,1.593974
LUX,Luxembourg,2006,GOV_WGI_VA.EST,1.5923957
LUX,Luxembourg,2005,GOV_WGI_VA.EST,1.4493037
MDG,Madagascar,2024,GOV_WGI_VA.EST,-0.725368399999999
MDG,Madagascar,2023,GOV_WGI_VA.EST,-0.6052114
MDG,Madagascar,2022,GOV_WGI_VA.EST,-0.533853399999999
MDG,Madagascar,2021,GOV_WGI_VA.EST,-0.556467199999999
MDG,Madagascar,2020,GOV_WGI_VA.EST,-0.4743286
MDG,Madagascar,2019,GOV_WGI_VA.EST,-0.534724
MDG,Madagascar,2018,GOV_WGI_VA.EST,-0.579241999999999
MDG,Madagascar,2017,GOV_WGI_VA.EST,-0.6761349
MDG,Madagascar,2016,GOV_WGI_VA.EST,-0.6621363
MDG,Madagascar,2015,GOV_WGI_VA.EST,-0.6761863
MDG,Madagascar,2014,GOV_WGI_VA.EST,-0.7331899
MDG,Madagascar,2013,GOV_WGI_VA.EST,-0.8737117
MDG,Madagascar,2012,GOV_WGI_VA.EST,-0.8368405
MDG,Madagascar,2011,GOV_WGI_VA.EST,-0.7694481
MDG,Madagascar,2010,GOV_WGI_VA.EST,-0.779294199999999
MDG,Madagascar,2009,GOV_WGI_VA.EST,-0.774946999999999
MDG,Madagascar,2008,GOV_WGI_VA.EST,-0.3168072
MDG,Madagascar,2007,GOV_WGI_VA.EST,0.0013637
MDG,Madagascar,2006,GOV_WGI_VA.EST,-0.0736595
MDG,Madagascar,2005,GOV_WGI_VA.EST,-0.1220433
MWI,Malawi,2024,GOV_WGI_VA.EST,-0.109433999999999
MWI,Malawi,2023,GOV_WGI_VA.EST,-0.0714795
MWI,Malawi,2022,GOV_WGI_VA.EST,-0.0793215999999999
MWI,Malawi,2021,GOV_WGI_VA.EST,-0.0757201
MWI,Malawi,2020,GOV_WGI_VA.EST,-0.0851979
MWI,Malawi,2019,GOV_WGI_VA.EST,-0.2728638
MWI,Malawi,2018,GOV_WGI_VA.EST,-0.224112899999999
MWI,Malawi,2017,GOV_WGI_VA.EST,-0.2175942
MWI,Malawi,2016,GOV_WGI_VA.EST,-0.193207599999999
MWI,Malawi,2015,GOV_WGI_VA.EST,-0.142356099999999
MWI,Malawi,2014,GOV_WGI_VA.EST,-0.1612398
MWI,Malawi,2013,GOV_WGI_VA.EST,-0.2411969
MWI,Malawi,2012,GOV_WGI_VA.EST,-0.231948
MWI,Malawi,2011,GOV_WGI_VA.EST,-0.325003
MWI,Malawi,2010,GOV_WGI_VA.EST,-0.2711499
MWI,Malawi,2009,GOV_WGI_VA.EST,-0.0990168
MWI,Malawi,2008,GOV_WGI_VA.EST,-0.1891998
MWI,Malawi,2007,GOV_WGI_VA.EST,-0.1570662
MWI,Malawi,2006,GOV_WGI_VA.EST,-0.210188899999999
MWI,Malawi,2005,GOV_WGI_VA.EST,-0.3466788
MYS,Malaysia,2024,GOV_WGI_VA.EST,-0.126719499999999
MYS,Malaysia,2023,GOV_WGI_VA.EST,-0.1658995
MYS,Malaysia,2022,GOV_WGI_VA.EST,-0.1529312
MYS,Malaysia,2021,GOV_WGI_VA.EST,-0.2516963
MYS,Malaysia,2020,GOV_WGI_VA.EST,-0.1578862
MYS,Malaysia,2019,GOV_WGI_VA.EST,-0.0505939
MYS,Malaysia,2018,GOV_WGI_VA.EST,-0.177320099999999
MYS,Malaysia,2017,GOV_WGI_VA.EST,-0.4206464
MYS,Malaysia,2016,GOV_WGI_VA.EST,-0.4559705
MYS,Malaysia,2015,GOV_WGI_VA.EST,-0.4440462
MYS,Malaysia,2014,GOV_WGI_VA.EST,-0.409815999999999
MYS,Malaysia,2013,GOV_WGI_VA.EST,-0.397625
MYS,Malaysia,2012,GOV_WGI_VA.EST,-0.3845057
MYS,Malaysia,2011,GOV_WGI_VA.EST,-0.2990577
MYS,Malaysia,2010,GOV_WGI_VA.EST,-0.2505399
MYS,Malaysia,2009,GOV_WGI_VA.EST,-0.3870416
MYS,Malaysia,2008,GOV_WGI_VA.EST,-0.4031884
MYS,Malaysia,2007,GOV_WGI_VA.EST,-0.380934599999999
MYS,Malaysia,2006,GOV_WGI_VA.EST,-0.355645799999999
MYS,Malaysia,2005,GOV_WGI_VA.EST,-0.380641499999999
MDV,Maldives,2024,GOV_WGI_VA.EST,-0.4118749
MDV,Maldives,2023,GOV_WGI_VA.EST,-0.201441999999999
MDV,Maldives,2022,GOV_WGI_VA.EST,-0.2241225
MDV,Maldives,2021,GOV_WGI_VA.EST,-0.1371966
MDV,Maldives,2020,GOV_WGI_VA.EST,-0.124150199999999
MDV,Maldives,2019,GOV_WGI_VA.EST,-0.3286885
MDV,Maldives,2018,GOV_WGI_VA.EST,-0.7287193
MDV,Maldives,2017,GOV_WGI_VA.EST,-0.7497602
MDV,Maldives,2016,GOV_WGI_VA.EST,-0.639416099999999
MDV,Maldives,2015,GOV_WGI_VA.EST,-0.5793588
MDV,Maldives,2014,GOV_WGI_VA.EST,-0.5291201
MDV,Maldives,2013,GOV_WGI_VA.EST,-0.515197799999999
MDV,Maldives,2012,GOV_WGI_VA.EST,-0.3456379
MDV,Maldives,2011,GOV_WGI_VA.EST,-0.0873877
MDV,Maldives,2010,GOV_WGI_VA.EST,-0.0276323999999999
MDV,Maldives,2009,GOV_WGI_VA.EST,-0.00422049999999999
MDV,Maldives,2008,GOV_WGI_VA.EST,-0.242225599999999
MDV,Maldives,2007,GOV_WGI_VA.EST,-0.681773699999999
MDV,Maldives,2006,GOV_WGI_VA.EST,-0.792597999999999
MDV,Maldives,2005,GOV_WGI_VA.EST,-0.823501199999999
MLI,Mali,2024,GOV_WGI_VA.EST,-1.2210359
MLI,Mali,2023,GOV_WGI_VA.EST,-1.10441
MLI,Mali,2022,GOV_WGI_VA.EST,-0.978497899999999
MLI,Mali,2021,GOV_WGI_VA.EST,-0.811539599999999
MLI,Mali,2020,GOV_WGI_VA.EST,-0.6560614
MLI,Mali,2019,GOV_WGI_VA.EST,-0.5066704
MLI,Mali,2018,GOV_WGI_VA.EST,-0.4790175
MLI,Mali,2017,GOV_WGI_VA.EST,-0.3671838
MLI,Mali,2016,GOV_WGI_VA.EST,-0.3368327
MLI,Mali,2015,GOV_WGI_VA.EST,-0.338542099999999
MLI,Mali,2014,GOV_WGI_VA.EST,-0.231560599999999
MLI,Mali,2013,GOV_WGI_VA.EST,-0.3652117
MLI,Mali,2012,GOV_WGI_VA.EST,-0.4575998
MLI,Mali,2011,GOV_WGI_VA.EST,0.0305249
MLI,Mali,2010,GOV_WGI_VA.EST,0.0289389
MLI,Mali,2009,GOV_WGI_VA.EST,0.0807908
MLI,Mali,2008,GOV_WGI_VA.EST,0.178788
MLI,Mali,2007,GOV_WGI_VA.EST,0.2288994
MLI,Mali,2006,GOV_WGI_VA.EST,0.2594193
MLI,Mali,2005,GOV_WGI_VA.EST,0.2051429
MLT,Malta,2024,GOV_WGI_VA.EST,0.9216359
MLT,Malta,2023,GOV_WGI_VA.EST,0.9614657
MLT,Malta,2022,GOV_WGI_VA.EST,1.0201012
MLT,Malta,2021,GOV_WGI_VA.EST,1.0102414
MLT,Malta,2020,GOV_WGI_VA.EST,1.1610836
MLT,Malta,2019,GOV_WGI_VA.EST,1.112703
MLT,Malta,2018,GOV_WGI_VA.EST,1.1635326
MLT,Malta,2017,GOV_WGI_VA.EST,1.1266584
MLT,Malta,2016,GOV_WGI_VA.EST,1.163645
MLT,Malta,2015,GOV_WGI_VA.EST,1.1871536
MLT,Malta,2014,GOV_WGI_VA.EST,1.1728082
MLT,Malta,2013,GOV_WGI_VA.EST,1.2117495
MLT,Malta,2012,GOV_WGI_VA.EST,1.1636111
MLT,Malta,2011,GOV_WGI_VA.EST,1.164284
MLT,Malta,2010,GOV_WGI_VA.EST,1.2332963
MLT,Malta,2009,GOV_WGI_VA.EST,1.2521793
MLT,Malta,2008,GOV_WGI_VA.EST,1.3120517
MLT,Malta,2007,GOV_WGI_VA.EST,1.2236387
MLT,Malta,2006,GOV_WGI_VA.EST,1.181549
MLT,Malta,2005,GOV_WGI_VA.EST,1.2584071
MHL,Marshall Islands,2024,GOV_WGI_VA.EST,0.9544108
MHL,Marshall Islands,2023,GOV_WGI_VA.EST,0.6882165
MHL,Marshall Islands,2022,GOV_WGI_VA.EST,0.6897211
MHL,Marshall Islands,2021,GOV_WGI_VA.EST,0.6912417
MHL,Marshall Islands,2020,GOV_WGI_VA.EST,0.6958712
MHL,Marshall Islands,2019,GOV_WGI_VA.EST,0.9369232
MHL,Marshall Islands,2018,GOV_WGI_VA.EST,0.9067185
MHL,Marshall Islands,2017,GOV_WGI_VA.EST,0.9347059
MHL,Marshall Islands,2016,GOV_WGI_VA.EST,0.9357159
MHL,Marshall Islands,2015,GOV_WGI_VA.EST,0.9435256
MHL,Marshall Islands,2014,GOV_WGI_VA.EST,0.8769027
MHL,Marshall Islands,2013,GOV_WGI_VA.EST,0.8797777
MHL,Marshall Islands,2012,GOV_WGI_VA.EST,0.8702091
MHL,Marshall Islands,2011,GOV_WGI_VA.EST,0.872458
MHL,Marshall Islands,2010,GOV_WGI_VA.EST,0.9864973
MHL,Marshall Islands,2009,GOV_WGI_VA.EST,0.9883295
MHL,Marshall Islands,2008,GOV_WGI_VA.EST,1.0560967
MHL,Marshall Islands,2007,GOV_WGI_VA.EST,1.0749308
MHL,Marshall Islands,2006,GOV_WGI_VA.EST,1.0769576
MHL,Marshall Islands,2005,GOV_WGI_VA.EST,1.0918821
MRT,Mauritania,2024,GOV_WGI_VA.EST,-0.925315
MRT,Mauritania,2023,GOV_WGI_VA.EST,-0.838849299999999
MRT,Mauritania,2022,GOV_WGI_VA.EST,-0.8832882
MRT,Mauritania,2021,GOV_WGI_VA.EST,-0.894332599999999
MRT,Mauritania,2020,GOV_WGI_VA.EST,-0.798863299999999
MRT,Mauritania,2019,GOV_WGI_VA.EST,-0.8727345
MRT,Mauritania,2018,GOV_WGI_VA.EST,-0.938720599999999
MRT,Mauritania,2017,GOV_WGI_VA.EST,-0.971436699999999
MRT,Mauritania,2016,GOV_WGI_VA.EST,-0.9229242
MRT,Mauritania,2015,GOV_WGI_VA.EST,-0.922540199999999
MRT,Mauritania,2014,GOV_WGI_VA.EST,-0.917447599999999
MRT,Mauritania,2013,GOV_WGI_VA.EST,-0.943839
MRT,Mauritania,2012,GOV_WGI_VA.EST,-0.8761489
MRT,Mauritania,2011,GOV_WGI_VA.EST,-0.6639976
MRT,Mauritania,2010,GOV_WGI_VA.EST,-0.6984326
MRT,Mauritania,2009,GOV_WGI_VA.EST,-0.912845399999999
MRT,Mauritania,2008,GOV_WGI_VA.EST,-0.825060799999999
MRT,Mauritania,2007,GOV_WGI_VA.EST,-0.4779401
MRT,Mauritania,2006,GOV_WGI_VA.EST,-0.7122584
MRT,Mauritania,2005,GOV_WGI_VA.EST,-0.931584899999999
MUS,Mauritius,2024,GOV_WGI_VA.EST,0.3689046
MUS,Mauritius,2023,GOV_WGI_VA.EST,0.2964923
MUS,Mauritius,2022,GOV_WGI_VA.EST,0.3427296
MUS,Mauritius,2021,GOV_WGI_VA.EST,0.3693402
MUS,Mauritius,2020,GOV_WGI_VA.EST,0.490144
MUS,Mauritius,2019,GOV_WGI_VA.EST,0.5288847
MUS,Mauritius,2018,GOV_WGI_VA.EST,0.7783716
MUS,Mauritius,2017,GOV_WGI_VA.EST,0.7837644
MUS,Mauritius,2016,GOV_WGI_VA.EST,0.8176716
MUS,Mauritius,2015,GOV_WGI_VA.EST,0.8000559
MUS,Mauritius,2014,GOV_WGI_VA.EST,0.8373596
MUS,Mauritius,2013,GOV_WGI_VA.EST,0.8106968
MUS,Mauritius,2012,GOV_WGI_VA.EST,0.8183553
MUS,Mauritius,2011,GOV_WGI_VA.EST,0.7228476
MUS,Mauritius,2010,GOV_WGI_VA.EST,0.7170552
MUS,Mauritius,2009,GOV_WGI_VA.EST,0.8758305
MUS,Mauritius,2008,GOV_WGI_VA.EST,0.9083394
MUS,Mauritius,2007,GOV_WGI_VA.EST,0.9543621
MUS,Mauritius,2006,GOV_WGI_VA.EST,0.9349098
MUS,Mauritius,2005,GOV_WGI_VA.EST,0.887861
MEX,Mexico,2024,GOV_WGI_VA.EST,-0.338295
MEX,Mexico,2023,GOV_WGI_VA.EST,-0.2517507
MEX,Mexico,2022,GOV_WGI_VA.EST,-0.240528499999999
MEX,Mexico,2021,GOV_WGI_VA.EST,-0.17373
MEX,Mexico,2020,GOV_WGI_VA.EST,-0.0915771
MEX,Mexico,2019,GOV_WGI_VA.EST,-0.0639434
MEX,Mexico,2018,GOV_WGI_VA.EST,-0.0473499999999999
MEX,Mexico,2017,GOV_WGI_VA.EST,-0.1417561
MEX,Mexico,2016,GOV_WGI_VA.EST,-0.09985
MEX,Mexico,2015,GOV_WGI_VA.EST,-0.0649057
MEX,Mexico,2014,GOV_WGI_VA.EST,0.0591695
MEX,Mexico,2013,GOV_WGI_VA.EST,0.140441
MEX,Mexico,2012,GOV_WGI_VA.EST,0.1613289
MEX,Mexico,2011,GOV_WGI_VA.EST,0.1509914
MEX,Mexico,2010,GOV_WGI_VA.EST,0.302969
MEX,Mexico,2009,GOV_WGI_VA.EST,0.3465963
MEX,Mexico,2008,GOV_WGI_VA.EST,0.2666715
MEX,Mexico,2007,GOV_WGI_VA.EST,0.2914444
MEX,Mexico,2006,GOV_WGI_VA.EST,0.3267985
MEX,Mexico,2005,GOV_WGI_VA.EST,0.4327973
FSM,"Micronesia, Fed. Sts.",2024,GOV_WGI_VA.EST,0.9031951
FSM,"Micronesia, Fed. Sts.",2023,GOV_WGI_VA.EST,0.6370009
FSM,"Micronesia, Fed. Sts.",2022,GOV_WGI_VA.EST,0.6385055
FSM,"Micronesia, Fed. Sts.",2021,GOV_WGI_VA.EST,0.640026
FSM,"Micronesia, Fed. Sts.",2020,GOV_WGI_VA.EST,0.6446556
FSM,"Micronesia, Fed. Sts.",2019,GOV_WGI_VA.EST,1.0303454
FSM,"Micronesia, Fed. Sts.",2018,GOV_WGI_VA.EST,0.8841628
FSM,"Micronesia, Fed. Sts.",2017,GOV_WGI_VA.EST,0.8432005
FSM,"Micronesia, Fed. Sts.",2016,GOV_WGI_VA.EST,0.8439099
FSM,"Micronesia, Fed. Sts.",2015,GOV_WGI_VA.EST,0.8540637
FSM,"Micronesia, Fed. Sts.",2014,GOV_WGI_VA.EST,0.8534087
FSM,"Micronesia, Fed. Sts.",2013,GOV_WGI_VA.EST,0.846155
FSM,"Micronesia, Fed. Sts.",2012,GOV_WGI_VA.EST,0.8485562
FSM,"Micronesia, Fed. Sts.",2011,GOV_WGI_VA.EST,0.7496022
FSM,"Micronesia, Fed. Sts.",2010,GOV_WGI_VA.EST,0.9844809
FSM,"Micronesia, Fed. Sts.",2009,GOV_WGI_VA.EST,0.9857327
FSM,"Micronesia, Fed. Sts.",2008,GOV_WGI_VA.EST,0.9855171
FSM,"Micronesia, Fed. Sts.",2007,GOV_WGI_VA.EST,0.9866059
FSM,"Micronesia, Fed. Sts.",2006,GOV_WGI_VA.EST,0.9978304
FSM,"Micronesia, Fed. Sts.",2005,GOV_WGI_VA.EST,0.9932304
MDA,Moldova,2024,GOV_WGI_VA.EST,0.2837193
MDA,Moldova,2023,GOV_WGI_VA.EST,0.2629208
MDA,Moldova,2022,GOV_WGI_VA.EST,0.0872112999999999
MDA,Moldova,2021,GOV_WGI_VA.EST,0.0252853
MDA,Moldova,2020,GOV_WGI_VA.EST,-0.0883867
MDA,Moldova,2019,GOV_WGI_VA.EST,-0.1508752
MDA,Moldova,2018,GOV_WGI_VA.EST,-0.1677532
MDA,Moldova,2017,GOV_WGI_VA.EST,-0.110529999999999
MDA,Moldova,2016,GOV_WGI_VA.EST,-0.103968499999999
MDA,Moldova,2015,GOV_WGI_VA.EST,-0.0642348
MDA,Moldova,2014,GOV_WGI_VA.EST,-0.0337182
MDA,Moldova,2013,GOV_WGI_VA.EST,-0.0685532
MDA,Moldova,2012,GOV_WGI_VA.EST,0.0215492
MDA,Moldova,2011,GOV_WGI_VA.EST,0.2324501
MDA,Moldova,2010,GOV_WGI_VA.EST,0.083603
MDA,Moldova,2009,GOV_WGI_VA.EST,-0.191359199999999
MDA,Moldova,2008,GOV_WGI_VA.EST,-0.119398399999999
MDA,Moldova,2007,GOV_WGI_VA.EST,-0.0949819
MDA,Moldova,2006,GOV_WGI_VA.EST,-0.0987538999999999
MDA,Moldova,2005,GOV_WGI_VA.EST,-0.4207992
MCO,Monaco,2024,GOV_WGI_VA.EST,0.836801
MCO,Monaco,2023,GOV_WGI_VA.EST,0.8382191
MCO,Monaco,2022,GOV_WGI_VA.EST,0.8992514
MCO,Monaco,2021,GOV_WGI_VA.EST,0.9018722
MCO,Monaco,2020,GOV_WGI_VA.EST,0.8806321
MCO,Monaco,2019,GOV_WGI_VA.EST,0.8817819
MCO,Monaco,2018,GOV_WGI_VA.EST,0.8095481
MCO,Monaco,2017,GOV_WGI_VA.EST,0.6532767
MCO,Monaco,2016,GOV_WGI_VA.EST,0.6889007
MCO,Monaco,2015,GOV_WGI_VA.EST,0.7659677
MCO,Monaco,2014,GOV_WGI_VA.EST,0.764819
MCO,Monaco,2013,GOV_WGI_VA.EST,0.7602859
MCO,Monaco,2012,GOV_WGI_VA.EST,0.7146461
MCO,Monaco,2011,GOV_WGI_VA.EST,0.7175055
MCO,Monaco,2010,GOV_WGI_VA.EST,0.9870805
MCO,Monaco,2009,GOV_WGI_VA.EST,0.8979852
MCO,Monaco,2008,GOV_WGI_VA.EST,0.8976568
MCO,Monaco,2007,GOV_WGI_VA.EST,0.899315
MCO,Monaco,2006,GOV_WGI_VA.EST,0.9013433
MCO,Monaco,2005,GOV_WGI_VA.EST,0.8943383
MNG,Mongolia,2024,GOV_WGI_VA.EST,0.1269074
MNG,Mongolia,2023,GOV_WGI_VA.EST,0.1629614
MNG,Mongolia,2022,GOV_WGI_VA.EST,0.1368044
MNG,Mongolia,2021,GOV_WGI_VA.EST,0.1480496
MNG,Mongolia,2020,GOV_WGI_VA.EST,0.1817007
MNG,Mongolia,2019,GOV_WGI_VA.EST,0.1580404
MNG,Mongolia,2018,GOV_WGI_VA.EST,0.1650009
MNG,Mongolia,2017,GOV_WGI_VA.EST,0.1974465
MNG,Mongolia,2016,GOV_WGI_VA.EST,0.2098394
MNG,Mongolia,2015,GOV_WGI_VA.EST,0.1742773
MNG,Mongolia,2014,GOV_WGI_VA.EST,0.1797307
MNG,Mongolia,2013,GOV_WGI_VA.EST,0.086139
MNG,Mongolia,2012,GOV_WGI_VA.EST,0.0473849
MNG,Mongolia,2011,GOV_WGI_VA.EST,0.2045318
MNG,Mongolia,2010,GOV_WGI_VA.EST,0.2262623
MNG,Mongolia,2009,GOV_WGI_VA.EST,0.1937475
MNG,Mongolia,2008,GOV_WGI_VA.EST,0.2177941
MNG,Mongolia,2007,GOV_WGI_VA.EST,0.3072485
MNG,Mongolia,2006,GOV_WGI_VA.EST,0.2659395
MNG,Mongolia,2005,GOV_WGI_VA.EST,0.2214217
MNE,Montenegro,2024,GOV_WGI_VA.EST,0.3909571
MNE,Montenegro,2023,GOV_WGI_VA.EST,0.215248
MNE,Montenegro,2022,GOV_WGI_VA.EST,0.1804086
MNE,Montenegro,2021,GOV_WGI_VA.EST,0.0861181
MNE,Montenegro,2020,GOV_WGI_VA.EST,0.0979351
MNE,Montenegro,2019,GOV_WGI_VA.EST,0.0915887
MNE,Montenegro,2018,GOV_WGI_VA.EST,0.1124884
MNE,Montenegro,2017,GOV_WGI_VA.EST,0.1672645
MNE,Montenegro,2016,GOV_WGI_VA.EST,0.10191
MNE,Montenegro,2015,GOV_WGI_VA.EST,0.1963459
MNE,Montenegro,2014,GOV_WGI_VA.EST,0.1944069
MNE,Montenegro,2013,GOV_WGI_VA.EST,0.169083
MNE,Montenegro,2012,GOV_WGI_VA.EST,0.2010496
MNE,Montenegro,2011,GOV_WGI_VA.EST,-0.0294923
MNE,Montenegro,2010,GOV_WGI_VA.EST,-0.0387663
MNE,Montenegro,2009,GOV_WGI_VA.EST,0.2133588
MNE,Montenegro,2008,GOV_WGI_VA.EST,0.2307097
MNE,Montenegro,2007,GOV_WGI_VA.EST,0.2459826
MNE,Montenegro,2006,GOV_WGI_VA.EST,0.3034887
MNE,Montenegro,2005,GOV_WGI_VA.EST,-0.2501891
MAR,Morocco,2024,GOV_WGI_VA.EST,-0.726704999999999
MAR,Morocco,2023,GOV_WGI_VA.EST,-0.7258593
MAR,Morocco,2022,GOV_WGI_VA.EST,-0.6956057
MAR,Morocco,2021,GOV_WGI_VA.EST,-0.696885
MAR,Morocco,2020,GOV_WGI_VA.EST,-0.6956447
MAR,Morocco,2019,GOV_WGI_VA.EST,-0.6666584
MAR,Morocco,2018,GOV_WGI_VA.EST,-0.6930849
MAR,Morocco,2017,GOV_WGI_VA.EST,-0.622077099999999
MAR,Morocco,2016,GOV_WGI_VA.EST,-0.5720272
MAR,Morocco,2015,GOV_WGI_VA.EST,-0.6459636
MAR,Morocco,2014,GOV_WGI_VA.EST,-0.6694114
MAR,Morocco,2013,GOV_WGI_VA.EST,-0.7073083
MAR,Morocco,2012,GOV_WGI_VA.EST,-0.5882097
MAR,Morocco,2011,GOV_WGI_VA.EST,-0.546845999999999
MAR,Morocco,2010,GOV_WGI_VA.EST,-0.5290341
MAR,Morocco,2009,GOV_WGI_VA.EST,-0.7054983
MAR,Morocco,2008,GOV_WGI_VA.EST,-0.700719299999999
MAR,Morocco,2007,GOV_WGI_VA.EST,-0.645029
MAR,Morocco,2006,GOV_WGI_VA.EST,-0.631904
MAR,Morocco,2005,GOV_WGI_VA.EST,-0.719676499999999
MOZ,Mozambique,2024,GOV_WGI_VA.EST,-1.0056256
MOZ,Mozambique,2023,GOV_WGI_VA.EST,-0.8059008
MOZ,Mozambique,2022,GOV_WGI_VA.EST,-0.7774109
MOZ,Mozambique,2021,GOV_WGI_VA.EST,-0.7863927
MOZ,Mozambique,2020,GOV_WGI_VA.EST,-0.6308138
MOZ,Mozambique,2019,GOV_WGI_VA.EST,-0.71209
MOZ,Mozambique,2018,GOV_WGI_VA.EST,-0.652033699999999
MOZ,Mozambique,2017,GOV_WGI_VA.EST,-0.591888
MOZ,Mozambique,2016,GOV_WGI_VA.EST,-0.5790188
MOZ,Mozambique,2015,GOV_WGI_VA.EST,-0.405902899999999
MOZ,Mozambique,2014,GOV_WGI_VA.EST,-0.3834841
MOZ,Mozambique,2013,GOV_WGI_VA.EST,-0.3736809
MOZ,Mozambique,2012,GOV_WGI_VA.EST,-0.299031799999999
MOZ,Mozambique,2011,GOV_WGI_VA.EST,-0.3975939
MOZ,Mozambique,2010,GOV_WGI_VA.EST,-0.317116199999999
MOZ,Mozambique,2009,GOV_WGI_VA.EST,-0.1330873
MOZ,Mozambique,2008,GOV_WGI_VA.EST,-0.0880476999999999
MOZ,Mozambique,2007,GOV_WGI_VA.EST,-0.0606001
MOZ,Mozambique,2006,GOV_WGI_VA.EST,-0.0108417999999999
MOZ,Mozambique,2005,GOV_WGI_VA.EST,0.0146551
MMR,Myanmar,2024,GOV_WGI_VA.EST,-2.12458
MMR,Myanmar,2023,GOV_WGI_VA.EST,-1.9995543
MMR,Myanmar,2022,GOV_WGI_VA.EST,-1.8445657
MMR,Myanmar,2021,GOV_WGI_VA.EST,-1.4221985
MMR,Myanmar,2020,GOV_WGI_VA.EST,-0.9104823
MMR,Myanmar,2019,GOV_WGI_VA.EST,-0.970264199999999
MMR,Myanmar,2018,GOV_WGI_VA.EST,-1.0234249
MMR,Myanmar,2017,GOV_WGI_VA.EST,-1.067998
MMR,Myanmar,2016,GOV_WGI_VA.EST,-0.942400199999999
MMR,Myanmar,2015,GOV_WGI_VA.EST,-1.28193159999999
MMR,Myanmar,2014,GOV_WGI_VA.EST,-1.3409972
MMR,Myanmar,2013,GOV_WGI_VA.EST,-1.3997465
MMR,Myanmar,2012,GOV_WGI_VA.EST,-1.4471572
MMR,Myanmar,2011,GOV_WGI_VA.EST,-1.47297789999999
MMR,Myanmar,2010,GOV_WGI_VA.EST,-1.6038546
MMR,Myanmar,2009,GOV_WGI_VA.EST,-2.1377326
MMR,Myanmar,2008,GOV_WGI_VA.EST,-2.1473241
MMR,Myanmar,2007,GOV_WGI_VA.EST,-2.1143226
MMR,Myanmar,2006,GOV_WGI_VA.EST,-2.1180376
MMR,Myanmar,2005,GOV_WGI_VA.EST,-2.193193
NAM,Namibia,2024,GOV_WGI_VA.EST,0.3365397
NAM,Namibia,2023,GOV_WGI_VA.EST,0.4017843
NAM,Namibia,2022,GOV_WGI_VA.EST,0.3873027
NAM,Namibia,2021,GOV_WGI_VA.EST,0.4148382
NAM,Namibia,2020,GOV_WGI_VA.EST,0.4048963
NAM,Namibia,2019,GOV_WGI_VA.EST,0.3782961
NAM,Namibia,2018,GOV_WGI_VA.EST,0.4426181
NAM,Namibia,2017,GOV_WGI_VA.EST,0.4105668
NAM,Namibia,2016,GOV_WGI_VA.EST,0.4197917
NAM,Namibia,2015,GOV_WGI_VA.EST,0.4428483
NAM,Namibia,2014,GOV_WGI_VA.EST,0.4142267
NAM,Namibia,2013,GOV_WGI_VA.EST,0.3342281
NAM,Namibia,2012,GOV_WGI_VA.EST,0.3490938
NAM,Namibia,2011,GOV_WGI_VA.EST,0.2343006
NAM,Namibia,2010,GOV_WGI_VA.EST,0.2395443
NAM,Namibia,2009,GOV_WGI_VA.EST,0.3930598
NAM,Namibia,2008,GOV_WGI_VA.EST,0.4413538
NAM,Namibia,2007,GOV_WGI_VA.EST,0.4836832
NAM,Namibia,2006,GOV_WGI_VA.EST,0.5126142
NAM,Namibia,2005,GOV_WGI_VA.EST,0.4319039
NRU,Nauru,2024,GOV_WGI_VA.EST,0.5990843
NRU,Nauru,2023,GOV_WGI_VA.EST,0.4158201
NRU,Nauru,2022,GOV_WGI_VA.EST,0.4176347
NRU,Nauru,2021,GOV_WGI_VA.EST,0.4194686
NRU,Nauru,2020,GOV_WGI_VA.EST,0.4250521
NRU,Nauru,2019,GOV_WGI_VA.EST,0.4258567
NRU,Nauru,2018,GOV_WGI_VA.EST,0.4038603
NRU,Nauru,2017,GOV_WGI_VA.EST,0.7515682
NRU,Nauru,2016,GOV_WGI_VA.EST,0.7528113
NRU,Nauru,2015,GOV_WGI_VA.EST,0.796778
NRU,Nauru,2014,GOV_WGI_VA.EST,0.9347654
NRU,Nauru,2013,GOV_WGI_VA.EST,0.9972266
NRU,Nauru,2012,GOV_WGI_VA.EST,1.0302299
NRU,Nauru,2011,GOV_WGI_VA.EST,1.0330872
NRU,Nauru,2010,GOV_WGI_VA.EST,1.0296597
NRU,Nauru,2009,GOV_WGI_VA.EST,1.0233821
NRU,Nauru,2008,GOV_WGI_VA.EST,1.023054
NRU,Nauru,2007,GOV_WGI_VA.EST,1.0247109
NRU,Nauru,2006,GOV_WGI_VA.EST,1.0301631
NRU,Nauru,2005,GOV_WGI_VA.EST,1.0094061
NPL,Nepal,2024,GOV_WGI_VA.EST,-0.0597655
NPL,Nepal,2023,GOV_WGI_VA.EST,-0.0530459999999999
NPL,Nepal,2022,GOV_WGI_VA.EST,-0.0989531
NPL,Nepal,2021,GOV_WGI_VA.EST,-0.1442262
NPL,Nepal,2020,GOV_WGI_VA.EST,-0.1316182
NPL,Nepal,2019,GOV_WGI_VA.EST,-0.175210099999999
NPL,Nepal,2018,GOV_WGI_VA.EST,-0.122376599999999
NPL,Nepal,2017,GOV_WGI_VA.EST,-0.1836874
NPL,Nepal,2016,GOV_WGI_VA.EST,-0.2440407
NPL,Nepal,2015,GOV_WGI_VA.EST,-0.32513
NPL,Nepal,2014,GOV_WGI_VA.EST,-0.3204742
NPL,Nepal,2013,GOV_WGI_VA.EST,-0.373770699999999
NPL,Nepal,2012,GOV_WGI_VA.EST,-0.4868227
NPL,Nepal,2011,GOV_WGI_VA.EST,-0.4260539
NPL,Nepal,2010,GOV_WGI_VA.EST,-0.4811359
NPL,Nepal,2009,GOV_WGI_VA.EST,-0.4329802
NPL,Nepal,2008,GOV_WGI_VA.EST,-0.397239599999999
NPL,Nepal,2007,GOV_WGI_VA.EST,-0.3701383
NPL,Nepal,2006,GOV_WGI_VA.EST,-0.6445443
NPL,Nepal,2005,GOV_WGI_VA.EST,-1.0005929
NLD,Netherlands,2024,GOV_WGI_VA.EST,1.6536633
NLD,Netherlands,2023,GOV_WGI_VA.EST,1.7002227
NLD,Netherlands,2022,GOV_WGI_VA.EST,1.7314051
NLD,Netherlands,2021,GOV_WGI_VA.EST,1.7227024
NLD,Netherlands,2020,GOV_WGI_VA.EST,1.8102322
NLD,Netherlands,2019,GOV_WGI_VA.EST,1.7262785
NLD,Netherlands,2018,GOV_WGI_VA.EST,1.7339629
NLD,Netherlands,2017,GOV_WGI_VA.EST,1.7312327
NLD,Netherlands,2016,GOV_WGI_VA.EST,1.7861497
NLD,Netherlands,2015,GOV_WGI_VA.EST,1.7919882
NLD,Netherlands,2014,GOV_WGI_VA.EST,1.7156638
NLD,Netherlands,2013,GOV_WGI_VA.EST,1.7172917
NLD,Netherlands,2012,GOV_WGI_VA.EST,1.7986999
NLD,Netherlands,2011,GOV_WGI_VA.EST,1.7296106
NLD,Netherlands,2010,GOV_WGI_VA.EST,1.6472625
NLD,Netherlands,2009,GOV_WGI_VA.EST,1.6984632
NLD,Netherlands,2008,GOV_WGI_VA.EST,1.7322883
NLD,Netherlands,2007,GOV_WGI_VA.EST,1.7585718
NLD,Netherlands,2006,GOV_WGI_VA.EST,1.7641727
NLD,Netherlands,2005,GOV_WGI_VA.EST,1.6952913
,New Caledonia,2024,GOV_WGI_VA.EST,0.7309295
,New Caledonia,2023,GOV_WGI_VA.EST,0.7333028
,New Caledonia,2022,GOV_WGI_VA.EST,0.7376429
,New Caledonia,2021,GOV_WGI_VA.EST,1.0690156
,New Caledonia,2020,GOV_WGI_VA.EST,1.1809761
,New Caledonia,2019,GOV_WGI_VA.EST,1.0294099
,New Caledonia,2018,GOV_WGI_VA.EST,0.5184954
NZL,New Zealand,2024,GOV_WGI_VA.EST,1.6892342
NZL,New Zealand,2023,GOV_WGI_VA.EST,1.7161747
NZL,New Zealand,2022,GOV_WGI_VA.EST,1.7403015
NZL,New Zealand,2021,GOV_WGI_VA.EST,1.7410291
NZL,New Zealand,2020,GOV_WGI_VA.EST,1.7549282
NZL,New Zealand,2019,GOV_WGI_VA.EST,1.748734
NZL,New Zealand,2018,GOV_WGI_VA.EST,1.7394111
NZL,New Zealand,2017,GOV_WGI_VA.EST,1.7721206
NZL,New Zealand,2016,GOV_WGI_VA.EST,1.7849243
NZL,New Zealand,2015,GOV_WGI_VA.EST,1.7885444
NZL,New Zealand,2014,GOV_WGI_VA.EST,1.7121664
NZL,New Zealand,2013,GOV_WGI_VA.EST,1.7659546
NZL,New Zealand,2012,GOV_WGI_VA.EST,1.7896
NZL,New Zealand,2011,GOV_WGI_VA.EST,1.8099009
NZL,New Zealand,2010,GOV_WGI_VA.EST,1.6967611
NZL,New Zealand,2009,GOV_WGI_VA.EST,1.6872214
NZL,New Zealand,2008,GOV_WGI_VA.EST,1.6404095
NZL,New Zealand,2007,GOV_WGI_VA.EST,1.6153654
NZL,New Zealand,2006,GOV_WGI_VA.EST,1.6214594
NZL,New Zealand,2005,GOV_WGI_VA.EST,1.604046
NIC,Nicaragua,2024,GOV_WGI_VA.EST,-1.71577699999999
NIC,Nicaragua,2023,GOV_WGI_VA.EST,-1.53540609999999
NIC,Nicaragua,2022,GOV_WGI_VA.EST,-1.4677015
NIC,Nicaragua,2021,GOV_WGI_VA.EST,-1.3557067
NIC,Nicaragua,2020,GOV_WGI_VA.EST,-1.1904584
NIC,Nicaragua,2019,GOV_WGI_VA.EST,-1.189809
NIC,Nicaragua,2018,GOV_WGI_VA.EST,-1.165448
NIC,Nicaragua,2017,GOV_WGI_VA.EST,-0.8526969
NIC,Nicaragua,2016,GOV_WGI_VA.EST,-0.865717499999999
NIC,Nicaragua,2015,GOV_WGI_VA.EST,-0.7262708
NIC,Nicaragua,2014,GOV_WGI_VA.EST,-0.620472599999999
NIC,Nicaragua,2013,GOV_WGI_VA.EST,-0.5906235
NIC,Nicaragua,2012,GOV_WGI_VA.EST,-0.634507399999999
NIC,Nicaragua,2011,GOV_WGI_VA.EST,-0.5054961
NIC,Nicaragua,2010,GOV_WGI_VA.EST,-0.3933659
NIC,Nicaragua,2009,GOV_WGI_VA.EST,-0.386519399999999
NIC,Nicaragua,2008,GOV_WGI_VA.EST,-0.3531428
NIC,Nicaragua,2007,GOV_WGI_VA.EST,-0.1607003
NIC,Nicaragua,2006,GOV_WGI_VA.EST,-0.1445283
NIC,Nicaragua,2005,GOV_WGI_VA.EST,-0.0772921999999999
NER,Niger,2024,GOV_WGI_VA.EST,-0.970673599999999
NER,Niger,2023,GOV_WGI_VA.EST,-0.7681783
NER,Niger,2022,GOV_WGI_VA.EST,-0.552252899999999
NER,Niger,2021,GOV_WGI_VA.EST,-0.5571309
NER,Niger,2020,GOV_WGI_VA.EST,-0.429998999999999
NER,Niger,2019,GOV_WGI_VA.EST,-0.526837
NER,Niger,2018,GOV_WGI_VA.EST,-0.5145248
NER,Niger,2017,GOV_WGI_VA.EST,-0.4700356
NER,Niger,2016,GOV_WGI_VA.EST,-0.4534935
NER,Niger,2015,GOV_WGI_VA.EST,-0.282134
NER,Niger,2014,GOV_WGI_VA.EST,-0.273428799999999
NER,Niger,2013,GOV_WGI_VA.EST,-0.2991173
NER,Niger,2012,GOV_WGI_VA.EST,-0.2520333
NER,Niger,2011,GOV_WGI_VA.EST,-0.3188767
NER,Niger,2010,GOV_WGI_VA.EST,-0.608378
NER,Niger,2009,GOV_WGI_VA.EST,-0.882131799999999
NER,Niger,2008,GOV_WGI_VA.EST,-0.465009499999999
NER,Niger,2007,GOV_WGI_VA.EST,-0.25593
NER,Niger,2006,GOV_WGI_VA.EST,-0.2364413
NER,Niger,2005,GOV_WGI_VA.EST,-0.153017799999999
NGA,Nigeria,2024,GOV_WGI_VA.EST,-0.726544699999999
NGA,Nigeria,2023,GOV_WGI_VA.EST,-0.7370051
NGA,Nigeria,2022,GOV_WGI_VA.EST,-0.7666744
NGA,Nigeria,2021,GOV_WGI_VA.EST,-0.7594776
NGA,Nigeria,2020,GOV_WGI_VA.EST,-0.609245199999999
NGA,Nigeria,2019,GOV_WGI_VA.EST,-0.6028496
NGA,Nigeria,2018,GOV_WGI_VA.EST,-0.498116799999999
NGA,Nigeria,2017,GOV_WGI_VA.EST,-0.5449969
NGA,Nigeria,2016,GOV_WGI_VA.EST,-0.582595699999999
NGA,Nigeria,2015,GOV_WGI_VA.EST,-0.5168669
NGA,Nigeria,2014,GOV_WGI_VA.EST,-0.6329701
NGA,Nigeria,2013,GOV_WGI_VA.EST,-0.6666434
NGA,Nigeria,2012,GOV_WGI_VA.EST,-0.654116599999999
NGA,Nigeria,2011,GOV_WGI_VA.EST,-0.773901699999999
NGA,Nigeria,2010,GOV_WGI_VA.EST,-0.887400499999999
NGA,Nigeria,2009,GOV_WGI_VA.EST,-0.838162
NGA,Nigeria,2008,GOV_WGI_VA.EST,-0.7412127
NGA,Nigeria,2007,GOV_WGI_VA.EST,-0.6976321
NGA,Nigeria,2006,GOV_WGI_VA.EST,-0.6623487
NGA,Nigeria,2005,GOV_WGI_VA.EST,-0.7831209
MKD,North Macedonia,2024,GOV_WGI_VA.EST,0.0737386999999999
MKD,North Macedonia,2023,GOV_WGI_VA.EST,-0.0011212
MKD,North Macedonia,2022,GOV_WGI_VA.EST,-0.00466449999999999
MKD,North Macedonia,2021,GOV_WGI_VA.EST,-0.0157161
MKD,North Macedonia,2020,GOV_WGI_VA.EST,-0.0924122
MKD,North Macedonia,2019,GOV_WGI_VA.EST,-0.1170509
MKD,North Macedonia,2018,GOV_WGI_VA.EST,-0.1175171
MKD,North Macedonia,2017,GOV_WGI_VA.EST,-0.2727594
MKD,North Macedonia,2016,GOV_WGI_VA.EST,-0.3081163
MKD,North Macedonia,2015,GOV_WGI_VA.EST,-0.2537076
MKD,North Macedonia,2014,GOV_WGI_VA.EST,-0.1806253
MKD,North Macedonia,2013,GOV_WGI_VA.EST,-0.109379499999999
MKD,North Macedonia,2012,GOV_WGI_VA.EST,-0.0177664999999999
MKD,North Macedonia,2011,GOV_WGI_VA.EST,-0.2353209
MKD,North Macedonia,2010,GOV_WGI_VA.EST,-0.0793722999999999
MKD,North Macedonia,2009,GOV_WGI_VA.EST,0.1950685
MKD,North Macedonia,2008,GOV_WGI_VA.EST,0.2146704
MKD,North Macedonia,2007,GOV_WGI_VA.EST,0.2826517
MKD,North Macedonia,2006,GOV_WGI_VA.EST,0.245191
MKD,North Macedonia,2005,GOV_WGI_VA.EST,0.0501041
NOR,Norway,2024,GOV_WGI_VA.EST,1.9294246
NOR,Norway,2023,GOV_WGI_VA.EST,1.9331357
NOR,Norway,2022,GOV_WGI_VA.EST,1.9385647
NOR,Norway,2021,GOV_WGI_VA.EST,1.9844255
NOR,Norway,2020,GOV_WGI_VA.EST,1.9557738
NOR,Norway,2019,GOV_WGI_VA.EST,1.9498022
NOR,Norway,2018,GOV_WGI_VA.EST,1.9573175
NOR,Norway,2017,GOV_WGI_VA.EST,1.9306924
NOR,Norway,2016,GOV_WGI_VA.EST,1.9140808
NOR,Norway,2015,GOV_WGI_VA.EST,1.9139631
NOR,Norway,2014,GOV_WGI_VA.EST,1.8437744
NOR,Norway,2013,GOV_WGI_VA.EST,1.8850457
NOR,Norway,2012,GOV_WGI_VA.EST,1.8802205
NOR,Norway,2011,GOV_WGI_VA.EST,1.8109178
NOR,Norway,2010,GOV_WGI_VA.EST,1.7627122
NOR,Norway,2009,GOV_WGI_VA.EST,1.7524622
NOR,Norway,2008,GOV_WGI_VA.EST,1.744942
NOR,Norway,2007,GOV_WGI_VA.EST,1.7463082
NOR,Norway,2006,GOV_WGI_VA.EST,1.7340026
NOR,Norway,2005,GOV_WGI_VA.EST,1.7182903
OMN,Oman,2024,GOV_WGI_VA.EST,-0.8876853
OMN,Oman,2023,GOV_WGI_VA.EST,-0.7690296
OMN,Oman,2022,GOV_WGI_VA.EST,-0.800677299999999
OMN,Oman,2021,GOV_WGI_VA.EST,-0.7945707
OMN,Oman,2020,GOV_WGI_VA.EST,-0.687522099999999
OMN,Oman,2019,GOV_WGI_VA.EST,-0.710401
OMN,Oman,2018,GOV_WGI_VA.EST,-0.6904135
OMN,Oman,2017,GOV_WGI_VA.EST,-0.6296881
OMN,Oman,2016,GOV_WGI_VA.EST,-0.6219852
OMN,Oman,2015,GOV_WGI_VA.EST,-0.6424569
OMN,Oman,2014,GOV_WGI_VA.EST,-0.705259699999999
OMN,Oman,2013,GOV_WGI_VA.EST,-0.704047099999999
OMN,Oman,2012,GOV_WGI_VA.EST,-0.6724102
OMN,Oman,2011,GOV_WGI_VA.EST,-0.6450589
OMN,Oman,2010,GOV_WGI_VA.EST,-0.6771591
OMN,Oman,2009,GOV_WGI_VA.EST,-0.6852807
OMN,Oman,2008,GOV_WGI_VA.EST,-0.68292
OMN,Oman,2007,GOV_WGI_VA.EST,-0.7521766
OMN,Oman,2006,GOV_WGI_VA.EST,-0.7943028
OMN,Oman,2005,GOV_WGI_VA.EST,-0.694519999999999
PAK,Pakistan,2024,GOV_WGI_VA.EST,-1.1663298
PAK,Pakistan,2023,GOV_WGI_VA.EST,-1.0251755
PAK,Pakistan,2022,GOV_WGI_VA.EST,-0.9699194
PAK,Pakistan,2021,GOV_WGI_VA.EST,-0.9211047
PAK,Pakistan,2020,GOV_WGI_VA.EST,-0.8727743
PAK,Pakistan,2019,GOV_WGI_VA.EST,-0.9036869
PAK,Pakistan,2018,GOV_WGI_VA.EST,-0.8294349
PAK,Pakistan,2017,GOV_WGI_VA.EST,-0.8186114
PAK,Pakistan,2016,GOV_WGI_VA.EST,-0.823811499999999
PAK,Pakistan,2015,GOV_WGI_VA.EST,-0.8331014
PAK,Pakistan,2014,GOV_WGI_VA.EST,-0.8714681
PAK,Pakistan,2013,GOV_WGI_VA.EST,-0.932626
PAK,Pakistan,2012,GOV_WGI_VA.EST,-0.9572693
PAK,Pakistan,2011,GOV_WGI_VA.EST,-0.966249399999999
PAK,Pakistan,2010,GOV_WGI_VA.EST,-0.8759869
PAK,Pakistan,2009,GOV_WGI_VA.EST,-0.936044999999999
PAK,Pakistan,2008,GOV_WGI_VA.EST,-0.9642662
PAK,Pakistan,2007,GOV_WGI_VA.EST,-0.9927729
PAK,Pakistan,2006,GOV_WGI_VA.EST,-0.9079499
PAK,Pakistan,2005,GOV_WGI_VA.EST,-1.12481719999999
PLW,Palau,2024,GOV_WGI_VA.EST,1.0369618
PLW,Palau,2023,GOV_WGI_VA.EST,1.0279492
PLW,Palau,2022,GOV_WGI_VA.EST,1.0305401
PLW,Palau,2021,GOV_WGI_VA.EST,1.0331583
PLW,Palau,2020,GOV_WGI_VA.EST,1.0411302
PLW,Palau,2019,GOV_WGI_VA.EST,1.0422789
PLW,Palau,2018,GOV_WGI_VA.EST,1.0430933
PLW,Palau,2017,GOV_WGI_VA.EST,1.0848056
PLW,Palau,2016,GOV_WGI_VA.EST,1.0860487
PLW,Palau,2015,GOV_WGI_VA.EST,1.0956611
PLW,Palau,2014,GOV_WGI_VA.EST,1.0945132
PLW,Palau,2013,GOV_WGI_VA.EST,1.0899834
PLW,Palau,2012,GOV_WGI_VA.EST,1.0873207
PLW,Palau,2011,GOV_WGI_VA.EST,1.090178
PLW,Palau,2010,GOV_WGI_VA.EST,1.1004922
PLW,Palau,2009,GOV_WGI_VA.EST,1.1023971
PLW,Palau,2008,GOV_WGI_VA.EST,1.102069
PLW,Palau,2007,GOV_WGI_VA.EST,1.1072089
PLW,Palau,2006,GOV_WGI_VA.EST,1.1092372
PLW,Palau,2005,GOV_WGI_VA.EST,1.1022322
PAN,Panama,2024,GOV_WGI_VA.EST,0.4411062
PAN,Panama,2023,GOV_WGI_VA.EST,0.4467096
PAN,Panama,2022,GOV_WGI_VA.EST,0.4471573
PAN,Panama,2021,GOV_WGI_VA.EST,0.4667899
PAN,Panama,2020,GOV_WGI_VA.EST,0.5176533
PAN,Panama,2019,GOV_WGI_VA.EST,0.5255263
PAN,Panama,2018,GOV_WGI_VA.EST,0.4994086
PAN,Panama,2017,GOV_WGI_VA.EST,0.4645761
PAN,Panama,2016,GOV_WGI_VA.EST,0.4886932
PAN,Panama,2015,GOV_WGI_VA.EST,0.5022803
PAN,Panama,2014,GOV_WGI_VA.EST,0.4491062
PAN,Panama,2013,GOV_WGI_VA.EST,0.3682821
PAN,Panama,2012,GOV_WGI_VA.EST,0.4231413
PAN,Panama,2011,GOV_WGI_VA.EST,0.5966723
PAN,Panama,2010,GOV_WGI_VA.EST,0.6350225
PAN,Panama,2009,GOV_WGI_VA.EST,0.7159231
PAN,Panama,2008,GOV_WGI_VA.EST,0.6686945
PAN,Panama,2007,GOV_WGI_VA.EST,0.6696611
PAN,Panama,2006,GOV_WGI_VA.EST,0.6910502
PAN,Panama,2005,GOV_WGI_VA.EST,0.6092662
PNG,Papua New Guinea,2024,GOV_WGI_VA.EST,-0.3264396
PNG,Papua New Guinea,2023,GOV_WGI_VA.EST,-0.109847699999999
PNG,Papua New Guinea,2022,GOV_WGI_VA.EST,-0.0744077
PNG,Papua New Guinea,2021,GOV_WGI_VA.EST,-0.074268
PNG,Papua New Guinea,2020,GOV_WGI_VA.EST,-0.0509719
PNG,Papua New Guinea,2019,GOV_WGI_VA.EST,-0.0745731
PNG,Papua New Guinea,2018,GOV_WGI_VA.EST,-0.0378458
PNG,Papua New Guinea,2017,GOV_WGI_VA.EST,-0.0994270999999999
PNG,Papua New Guinea,2016,GOV_WGI_VA.EST,-0.104620399999999
PNG,Papua New Guinea,2015,GOV_WGI_VA.EST,-0.1841012
PNG,Papua New Guinea,2014,GOV_WGI_VA.EST,-0.18564
PNG,Papua New Guinea,2013,GOV_WGI_VA.EST,-0.2308578
PNG,Papua New Guinea,2012,GOV_WGI_VA.EST,-0.2314358
PNG,Papua New Guinea,2011,GOV_WGI_VA.EST,-0.1907682
PNG,Papua New Guinea,2010,GOV_WGI_VA.EST,-0.1996623
PNG,Papua New Guinea,2009,GOV_WGI_VA.EST,-0.1478507
PNG,Papua New Guinea,2008,GOV_WGI_VA.EST,-0.1571299
PNG,Papua New Guinea,2007,GOV_WGI_VA.EST,-0.13633
PNG,Papua New Guinea,2006,GOV_WGI_VA.EST,-0.114558799999999
PNG,Papua New Guinea,2005,GOV_WGI_VA.EST,-0.3321513
PRY,Paraguay,2024,GOV_WGI_VA.EST,-0.1497783
PRY,Paraguay,2023,GOV_WGI_VA.EST,-0.1564693
PRY,Paraguay,2022,GOV_WGI_VA.EST,-0.190507999999999
PRY,Paraguay,2021,GOV_WGI_VA.EST,-0.1702578
PRY,Paraguay,2020,GOV_WGI_VA.EST,-0.121548999999999
PRY,Paraguay,2019,GOV_WGI_VA.EST,-0.107033999999999
PRY,Paraguay,2018,GOV_WGI_VA.EST,-0.1065124
PRY,Paraguay,2017,GOV_WGI_VA.EST,-0.131242
PRY,Paraguay,2016,GOV_WGI_VA.EST,-0.163387099999999
PRY,Paraguay,2015,GOV_WGI_VA.EST,-0.145595399999999
PRY,Paraguay,2014,GOV_WGI_VA.EST,-0.189373699999999
PRY,Paraguay,2013,GOV_WGI_VA.EST,-0.211326699999999
PRY,Paraguay,2012,GOV_WGI_VA.EST,-0.195720099999999
PRY,Paraguay,2011,GOV_WGI_VA.EST,-0.0790865999999999
PRY,Paraguay,2010,GOV_WGI_VA.EST,-0.0814527999999999
PRY,Paraguay,2009,GOV_WGI_VA.EST,-0.0886642
PRY,Paraguay,2008,GOV_WGI_VA.EST,-0.0915827999999999
PRY,Paraguay,2007,GOV_WGI_VA.EST,-0.1722539
PRY,Paraguay,2006,GOV_WGI_VA.EST,-0.228459599999999
PRY,Paraguay,2005,GOV_WGI_VA.EST,-0.243754399999999
PER,Peru,2024,GOV_WGI_VA.EST,0.0455746
PER,Peru,2023,GOV_WGI_VA.EST,0.1478334
PER,Peru,2022,GOV_WGI_VA.EST,0.1421732
PER,Peru,2021,GOV_WGI_VA.EST,0.2154894
PER,Peru,2020,GOV_WGI_VA.EST,0.364213
PER,Peru,2019,GOV_WGI_VA.EST,0.3431757
PER,Peru,2018,GOV_WGI_VA.EST,0.3589581
PER,Peru,2017,GOV_WGI_VA.EST,0.313525
PER,Peru,2016,GOV_WGI_VA.EST,0.2653854
PER,Peru,2015,GOV_WGI_VA.EST,0.2727774
PER,Peru,2014,GOV_WGI_VA.EST,0.2195209
PER,Peru,2013,GOV_WGI_VA.EST,0.204162
PER,Peru,2012,GOV_WGI_VA.EST,0.3059787
PER,Peru,2011,GOV_WGI_VA.EST,0.3102027
PER,Peru,2010,GOV_WGI_VA.EST,0.2650259
PER,Peru,2009,GOV_WGI_VA.EST,0.2285462
PER,Peru,2008,GOV_WGI_VA.EST,0.293699
PER,Peru,2007,GOV_WGI_VA.EST,0.2290932
PER,Peru,2006,GOV_WGI_VA.EST,0.2212619
PER,Peru,2005,GOV_WGI_VA.EST,0.1622346
PHL,Philippines,2024,GOV_WGI_VA.EST,-0.3554363
PHL,Philippines,2023,GOV_WGI_VA.EST,-0.363659
PHL,Philippines,2022,GOV_WGI_VA.EST,-0.3442518
PHL,Philippines,2021,GOV_WGI_VA.EST,-0.374633899999999
PHL,Philippines,2020,GOV_WGI_VA.EST,-0.2661611
PHL,Philippines,2019,GOV_WGI_VA.EST,-0.186875699999999
PHL,Philippines,2018,GOV_WGI_VA.EST,-0.1655678
PHL,Philippines,2017,GOV_WGI_VA.EST,-0.0946328999999999
PHL,Philippines,2016,GOV_WGI_VA.EST,0.0246542
PHL,Philippines,2015,GOV_WGI_VA.EST,0.0294154
PHL,Philippines,2014,GOV_WGI_VA.EST,0.0760846999999999
PHL,Philippines,2013,GOV_WGI_VA.EST,-0.0599001
PHL,Philippines,2012,GOV_WGI_VA.EST,-0.1182307
PHL,Philippines,2011,GOV_WGI_VA.EST,-0.1258736
PHL,Philippines,2010,GOV_WGI_VA.EST,-0.1658965
PHL,Philippines,2009,GOV_WGI_VA.EST,-0.1299899
PHL,Philippines,2008,GOV_WGI_VA.EST,-0.1571072
PHL,Philippines,2007,GOV_WGI_VA.EST,-0.0878404
PHL,Philippines,2006,GOV_WGI_VA.EST,-0.0995708999999999
PHL,Philippines,2005,GOV_WGI_VA.EST,-0.0342663999999999
POL,Poland,2024,GOV_WGI_VA.EST,0.7521675
POL,Poland,2023,GOV_WGI_VA.EST,0.4100224
POL,Poland,2022,GOV_WGI_VA.EST,0.375328
POL,Poland,2021,GOV_WGI_VA.EST,0.369436
POL,Poland,2020,GOV_WGI_VA.EST,0.4872989
POL,Poland,2019,GOV_WGI_VA.EST,0.5057092
POL,Poland,2018,GOV_WGI_VA.EST,0.5419408
POL,Poland,2017,GOV_WGI_VA.EST,0.6803648
POL,Poland,2016,GOV_WGI_VA.EST,0.8683932
POL,Poland,2015,GOV_WGI_VA.EST,0.9924822
POL,Poland,2014,GOV_WGI_VA.EST,1.0672929
POL,Poland,2013,GOV_WGI_VA.EST,0.9472071
POL,Poland,2012,GOV_WGI_VA.EST,1.1085187
POL,Poland,2011,GOV_WGI_VA.EST,1.0662057
POL,Poland,2010,GOV_WGI_VA.EST,1.1169909
POL,Poland,2009,GOV_WGI_VA.EST,1.064793
POL,Poland,2008,GOV_WGI_VA.EST,1.0720367
POL,Poland,2007,GOV_WGI_VA.EST,0.9393901
POL,Poland,2006,GOV_WGI_VA.EST,0.9360213
POL,Poland,2005,GOV_WGI_VA.EST,1.0285355
PRT,Portugal,2024,GOV_WGI_VA.EST,1.2651386
PRT,Portugal,2023,GOV_WGI_VA.EST,1.3110945
PRT,Portugal,2022,GOV_WGI_VA.EST,1.3064618
PRT,Portugal,2021,GOV_WGI_VA.EST,1.3627614
PRT,Portugal,2020,GOV_WGI_VA.EST,1.3776424
PRT,Portugal,2019,GOV_WGI_VA.EST,1.2118026
PRT,Portugal,2018,GOV_WGI_VA.EST,1.2376429
PRT,Portugal,2017,GOV_WGI_VA.EST,1.3116648
PRT,Portugal,2016,GOV_WGI_VA.EST,1.3088566
PRT,Portugal,2015,GOV_WGI_VA.EST,1.3008189
PRT,Portugal,2014,GOV_WGI_VA.EST,1.2765908
PRT,Portugal,2013,GOV_WGI_VA.EST,1.1676299
PRT,Portugal,2012,GOV_WGI_VA.EST,1.1939179
PRT,Portugal,2011,GOV_WGI_VA.EST,1.3203477
PRT,Portugal,2010,GOV_WGI_VA.EST,1.3643414
PRT,Portugal,2009,GOV_WGI_VA.EST,1.4285286
PRT,Portugal,2008,GOV_WGI_VA.EST,1.4450384
PRT,Portugal,2007,GOV_WGI_VA.EST,1.4835004
PRT,Portugal,2006,GOV_WGI_VA.EST,1.4847642
PRT,Portugal,2005,GOV_WGI_VA.EST,1.4005254
,Puerto Rico,2024,GOV_WGI_VA.EST,0.3782154
,Puerto Rico,2023,GOV_WGI_VA.EST,0.3482392
,Puerto Rico,2022,GOV_WGI_VA.EST,0.424423
,Puerto Rico,2021,GOV_WGI_VA.EST,0.6433907
,Puerto Rico,2020,GOV_WGI_VA.EST,0.6491803
,Puerto Rico,2019,GOV_WGI_VA.EST,0.6500146
,Puerto Rico,2018,GOV_WGI_VA.EST,0.8595092
,Puerto Rico,2017,GOV_WGI_VA.EST,0.8397526
,Puerto Rico,2016,GOV_WGI_VA.EST,0.7744702
,Puerto Rico,2015,GOV_WGI_VA.EST,0.7750991
,Puerto Rico,2014,GOV_WGI_VA.EST,0.7815731
,Puerto Rico,2013,GOV_WGI_VA.EST,0.7771966
,Puerto Rico,2012,GOV_WGI_VA.EST,0.7968729
,Puerto Rico,2011,GOV_WGI_VA.EST,0.7625415
,Puerto Rico,2010,GOV_WGI_VA.EST,0.7659952
,Puerto Rico,2009,GOV_WGI_VA.EST,0.7639728
,Puerto Rico,2008,GOV_WGI_VA.EST,0.8551632
,Puerto Rico,2007,GOV_WGI_VA.EST,0.8509518
,Puerto Rico,2006,GOV_WGI_VA.EST,0.9201353
,Puerto Rico,2005,GOV_WGI_VA.EST,0.9872344
QAT,Qatar,2024,GOV_WGI_VA.EST,-0.9543765
QAT,Qatar,2023,GOV_WGI_VA.EST,-0.928950699999999
QAT,Qatar,2022,GOV_WGI_VA.EST,-0.8587247
QAT,Qatar,2021,GOV_WGI_VA.EST,-0.883610399999999
QAT,Qatar,2020,GOV_WGI_VA.EST,-1.1940237
QAT,Qatar,2019,GOV_WGI_VA.EST,-1.19130659999999
QAT,Qatar,2018,GOV_WGI_VA.EST,-1.1879488
QAT,Qatar,2017,GOV_WGI_VA.EST,-0.9534938
QAT,Qatar,2016,GOV_WGI_VA.EST,-0.854911099999999
QAT,Qatar,2015,GOV_WGI_VA.EST,-0.813898999999999
QAT,Qatar,2014,GOV_WGI_VA.EST,-0.808237299999999
QAT,Qatar,2013,GOV_WGI_VA.EST,-0.792261999999999
QAT,Qatar,2012,GOV_WGI_VA.EST,-0.7568592
QAT,Qatar,2011,GOV_WGI_VA.EST,-0.7804255
QAT,Qatar,2010,GOV_WGI_VA.EST,-0.7278157
QAT,Qatar,2009,GOV_WGI_VA.EST,-0.658055
QAT,Qatar,2008,GOV_WGI_VA.EST,-0.7083142
QAT,Qatar,2007,GOV_WGI_VA.EST,-0.6651884
QAT,Qatar,2006,GOV_WGI_VA.EST,-0.6066975
QAT,Qatar,2005,GOV_WGI_VA.EST,-0.635002
ROU,Romania,2024,GOV_WGI_VA.EST,0.3873603
ROU,Romania,2023,GOV_WGI_VA.EST,0.4976458
ROU,Romania,2022,GOV_WGI_VA.EST,0.5210735
ROU,Romania,2021,GOV_WGI_VA.EST,0.542915
ROU,Romania,2020,GOV_WGI_VA.EST,0.5461748
ROU,Romania,2019,GOV_WGI_VA.EST,0.491677
ROU,Romania,2018,GOV_WGI_VA.EST,0.4386647
ROU,Romania,2017,GOV_WGI_VA.EST,0.4982553
ROU,Romania,2016,GOV_WGI_VA.EST,0.5372858
ROU,Romania,2015,GOV_WGI_VA.EST,0.5325813
ROU,Romania,2014,GOV_WGI_VA.EST,0.4298763
ROU,Romania,2013,GOV_WGI_VA.EST,0.2833418
ROU,Romania,2012,GOV_WGI_VA.EST,0.3276737
ROU,Romania,2011,GOV_WGI_VA.EST,0.3229235
ROU,Romania,2010,GOV_WGI_VA.EST,0.4435891
ROU,Romania,2009,GOV_WGI_VA.EST,0.4793166
ROU,Romania,2008,GOV_WGI_VA.EST,0.5145563
ROU,Romania,2007,GOV_WGI_VA.EST,0.475909
ROU,Romania,2006,GOV_WGI_VA.EST,0.5347849
ROU,Romania,2005,GOV_WGI_VA.EST,0.4380227
RUS,Russian Federation,2024,GOV_WGI_VA.EST,-1.4221754
RUS,Russian Federation,2023,GOV_WGI_VA.EST,-1.3110562
RUS,Russian Federation,2022,GOV_WGI_VA.EST,-1.16496089999999
RUS,Russian Federation,2021,GOV_WGI_VA.EST,-0.9937267
RUS,Russian Federation,2020,GOV_WGI_VA.EST,-0.9044002
RUS,Russian Federation,2019,GOV_WGI_VA.EST,-0.921051699999999
RUS,Russian Federation,2018,GOV_WGI_VA.EST,-0.7832809
RUS,Russian Federation,2017,GOV_WGI_VA.EST,-0.7636404
RUS,Russian Federation,2016,GOV_WGI_VA.EST,-0.7853492
RUS,Russian Federation,2015,GOV_WGI_VA.EST,-0.809146599999999
RUS,Russian Federation,2014,GOV_WGI_VA.EST,-0.795428399999999
RUS,Russian Federation,2013,GOV_WGI_VA.EST,-0.8380923
RUS,Russian Federation,2012,GOV_WGI_VA.EST,-0.805564899999999
RUS,Russian Federation,2011,GOV_WGI_VA.EST,-0.6074539
RUS,Russian Federation,2010,GOV_WGI_VA.EST,-0.575656
RUS,Russian Federation,2009,GOV_WGI_VA.EST,-0.5727011
RUS,Russian Federation,2008,GOV_WGI_VA.EST,-0.4631299
RUS,Russian Federation,2007,GOV_WGI_VA.EST,-0.5325388
RUS,Russian Federation,2006,GOV_WGI_VA.EST,-0.5586627
RUS,Russian Federation,2005,GOV_WGI_VA.EST,-0.4140656
RWA,Rwanda,2024,GOV_WGI_VA.EST,-0.5889127
RWA,Rwanda,2023,GOV_WGI_VA.EST,-0.527114899999999
RWA,Rwanda,2022,GOV_WGI_VA.EST,-0.542473099999999
RWA,Rwanda,2021,GOV_WGI_VA.EST,-0.5382498
RWA,Rwanda,2020,GOV_WGI_VA.EST,-0.7112164
RWA,Rwanda,2019,GOV_WGI_VA.EST,-0.7025827
RWA,Rwanda,2018,GOV_WGI_VA.EST,-0.7281791
RWA,Rwanda,2017,GOV_WGI_VA.EST,-0.7978938
RWA,Rwanda,2016,GOV_WGI_VA.EST,-0.819612999999999
RWA,Rwanda,2015,GOV_WGI_VA.EST,-0.806716099999999
RWA,Rwanda,2014,GOV_WGI_VA.EST,-0.8046126
RWA,Rwanda,2013,GOV_WGI_VA.EST,-0.871129399999999
RWA,Rwanda,2012,GOV_WGI_VA.EST,-0.8921912
RWA,Rwanda,2011,GOV_WGI_VA.EST,-1.04850359999999
RWA,Rwanda,2010,GOV_WGI_VA.EST,-1.0672279
RWA,Rwanda,2009,GOV_WGI_VA.EST,-1.0240528
RWA,Rwanda,2008,GOV_WGI_VA.EST,-0.9961742
RWA,Rwanda,2007,GOV_WGI_VA.EST,-0.996323
RWA,Rwanda,2006,GOV_WGI_VA.EST,-0.939101
RWA,Rwanda,2005,GOV_WGI_VA.EST,-1.0368334
WSM,Samoa,2024,GOV_WGI_VA.EST,0.8878885
WSM,Samoa,2023,GOV_WGI_VA.EST,1.0723236
WSM,Samoa,2022,GOV_WGI_VA.EST,1.0897941
WSM,Samoa,2021,GOV_WGI_VA.EST,0.8153309
WSM,Samoa,2020,GOV_WGI_VA.EST,0.8745935
WSM,Samoa,2019,GOV_WGI_VA.EST,0.8423647
WSM,Samoa,2018,GOV_WGI_VA.EST,0.7779725
WSM,Samoa,2017,GOV_WGI_VA.EST,0.4622821
WSM,Samoa,2016,GOV_WGI_VA.EST,0.4647569
WSM,Samoa,2015,GOV_WGI_VA.EST,0.4252301
WSM,Samoa,2014,GOV_WGI_VA.EST,0.4071675
WSM,Samoa,2013,GOV_WGI_VA.EST,0.4150676
WSM,Samoa,2012,GOV_WGI_VA.EST,0.4025356
WSM,Samoa,2011,GOV_WGI_VA.EST,0.4412143
WSM,Samoa,2010,GOV_WGI_VA.EST,0.4667688
WSM,Samoa,2009,GOV_WGI_VA.EST,0.5341254
WSM,Samoa,2008,GOV_WGI_VA.EST,0.5671839
WSM,Samoa,2007,GOV_WGI_VA.EST,0.6200168
WSM,Samoa,2006,GOV_WGI_VA.EST,0.6691401
WSM,Samoa,2005,GOV_WGI_VA.EST,0.752199
SMR,San Marino,2024,GOV_WGI_VA.EST,1.2458759
SMR,San Marino,2023,GOV_WGI_VA.EST,1.2472939
SMR,San Marino,2022,GOV_WGI_VA.EST,1.2498873
SMR,San Marino,2021,GOV_WGI_VA.EST,1.1502395
SMR,San Marino,2020,GOV_WGI_VA.EST,1.158219
SMR,San Marino,2019,GOV_WGI_VA.EST,1.1593688
SMR,San Marino,2018,GOV_WGI_VA.EST,1.1601839
SMR,San Marino,2017,GOV_WGI_VA.EST,1.1858512
SMR,San Marino,2016,GOV_WGI_VA.EST,1.1870952
SMR,San Marino,2015,GOV_WGI_VA.EST,1.2727572
SMR,San Marino,2014,GOV_WGI_VA.EST,1.2716085
SMR,San Marino,2013,GOV_WGI_VA.EST,1.2670753
SMR,San Marino,2012,GOV_WGI_VA.EST,1.2712867
SMR,San Marino,2011,GOV_WGI_VA.EST,1.26727
SMR,San Marino,2010,GOV_WGI_VA.EST,1.2638399
SMR,San Marino,2009,GOV_WGI_VA.EST,1.2657463
SMR,San Marino,2008,GOV_WGI_VA.EST,1.2654179
SMR,San Marino,2007,GOV_WGI_VA.EST,1.2670761
SMR,San Marino,2006,GOV_WGI_VA.EST,1.2691044
SMR,San Marino,2005,GOV_WGI_VA.EST,1.2620995
STP,Sao Tome and Principe,2024,GOV_WGI_VA.EST,0.1647038
STP,Sao Tome and Principe,2023,GOV_WGI_VA.EST,0.1185496
STP,Sao Tome and Principe,2022,GOV_WGI_VA.EST,0.1308055
STP,Sao Tome and Principe,2021,GOV_WGI_VA.EST,0.137464
STP,Sao Tome and Principe,2020,GOV_WGI_VA.EST,0.1130392
STP,Sao Tome and Principe,2019,GOV_WGI_VA.EST,0.1673346
STP,Sao Tome and Principe,2018,GOV_WGI_VA.EST,0.1570563
STP,Sao Tome and Principe,2017,GOV_WGI_VA.EST,0.1151681
STP,Sao Tome and Principe,2016,GOV_WGI_VA.EST,0.1153477
STP,Sao Tome and Principe,2015,GOV_WGI_VA.EST,0.1862958
STP,Sao Tome and Principe,2014,GOV_WGI_VA.EST,0.2197118
STP,Sao Tome and Principe,2013,GOV_WGI_VA.EST,0.1651845
STP,Sao Tome and Principe,2012,GOV_WGI_VA.EST,0.2727971
STP,Sao Tome and Principe,2011,GOV_WGI_VA.EST,0.2620556
STP,Sao Tome and Principe,2010,GOV_WGI_VA.EST,0.146939
STP,Sao Tome and Principe,2009,GOV_WGI_VA.EST,0.1304204
STP,Sao Tome and Principe,2008,GOV_WGI_VA.EST,0.0966385
STP,Sao Tome and Principe,2007,GOV_WGI_VA.EST,0.1546887
STP,Sao Tome and Principe,2006,GOV_WGI_VA.EST,0.2759358
STP,Sao Tome and Principe,2005,GOV_WGI_VA.EST,0.187436
SAU,Saudi Arabia,2024,GOV_WGI_VA.EST,-1.5472609
SAU,Saudi Arabia,2023,GOV_WGI_VA.EST,-1.562289
SAU,Saudi Arabia,2022,GOV_WGI_VA.EST,-1.51087979999999
SAU,Saudi Arabia,2021,GOV_WGI_VA.EST,-1.5214302
SAU,Saudi Arabia,2020,GOV_WGI_VA.EST,-1.54441529999999
SAU,Saudi Arabia,2019,GOV_WGI_VA.EST,-1.52853169999999
SAU,Saudi Arabia,2018,GOV_WGI_VA.EST,-1.6111073
SAU,Saudi Arabia,2017,GOV_WGI_VA.EST,-1.62284839999999
SAU,Saudi Arabia,2016,GOV_WGI_VA.EST,-1.59435179999999
SAU,Saudi Arabia,2015,GOV_WGI_VA.EST,-1.585512
SAU,Saudi Arabia,2014,GOV_WGI_VA.EST,-1.75687969999999
SAU,Saudi Arabia,2013,GOV_WGI_VA.EST,-1.76048999999999
SAU,Saudi Arabia,2012,GOV_WGI_VA.EST,-1.70979399999999
SAU,Saudi Arabia,2011,GOV_WGI_VA.EST,-1.6870184
SAU,Saudi Arabia,2010,GOV_WGI_VA.EST,-1.6313921
SAU,Saudi Arabia,2009,GOV_WGI_VA.EST,-1.66220339999999
SAU,Saudi Arabia,2008,GOV_WGI_VA.EST,-1.5503509
SAU,Saudi Arabia,2007,GOV_WGI_VA.EST,-1.5254976
SAU,Saudi Arabia,2006,GOV_WGI_VA.EST,-1.569683
SAU,Saudi Arabia,2005,GOV_WGI_VA.EST,-1.6005764
SEN,Senegal,2024,GOV_WGI_VA.EST,0.0160801
SEN,Senegal,2023,GOV_WGI_VA.EST,-0.0061603
SEN,Senegal,2022,GOV_WGI_VA.EST,0.0142739
SEN,Senegal,2021,GOV_WGI_VA.EST,0.0312057
SEN,Senegal,2020,GOV_WGI_VA.EST,0.0435201
SEN,Senegal,2019,GOV_WGI_VA.EST,0.0547521
SEN,Senegal,2018,GOV_WGI_VA.EST,0.0870299
SEN,Senegal,2017,GOV_WGI_VA.EST,0.0625102
SEN,Senegal,2016,GOV_WGI_VA.EST,0.1721576
SEN,Senegal,2015,GOV_WGI_VA.EST,0.1225947
SEN,Senegal,2014,GOV_WGI_VA.EST,0.0533404
SEN,Senegal,2013,GOV_WGI_VA.EST,-0.0133834
SEN,Senegal,2012,GOV_WGI_VA.EST,-0.062545
SEN,Senegal,2011,GOV_WGI_VA.EST,-0.2735803
SEN,Senegal,2010,GOV_WGI_VA.EST,-0.253906099999999
SEN,Senegal,2009,GOV_WGI_VA.EST,-0.231078199999999
SEN,Senegal,2008,GOV_WGI_VA.EST,-0.2124075
SEN,Senegal,2007,GOV_WGI_VA.EST,-0.1565268
SEN,Senegal,2006,GOV_WGI_VA.EST,0.0745286
SEN,Senegal,2005,GOV_WGI_VA.EST,0.1689727
SRB,Serbia,2024,GOV_WGI_VA.EST,-0.4658584
SRB,Serbia,2023,GOV_WGI_VA.EST,-0.3760322
SRB,Serbia,2022,GOV_WGI_VA.EST,-0.2834019
SRB,Serbia,2021,GOV_WGI_VA.EST,-0.2621982
SRB,Serbia,2020,GOV_WGI_VA.EST,-0.1971568
SRB,Serbia,2019,GOV_WGI_VA.EST,-0.1847773
SRB,Serbia,2018,GOV_WGI_VA.EST,-0.179080699999999
SRB,Serbia,2017,GOV_WGI_VA.EST,-0.0274908
SRB,Serbia,2016,GOV_WGI_VA.EST,0.1008581
SRB,Serbia,2015,GOV_WGI_VA.EST,0.1127889
SRB,Serbia,2014,GOV_WGI_VA.EST,0.125625
SRB,Serbia,2013,GOV_WGI_VA.EST,0.1433921
SRB,Serbia,2012,GOV_WGI_VA.EST,0.0987383999999999
SRB,Serbia,2011,GOV_WGI_VA.EST,0.258274
SRB,Serbia,2010,GOV_WGI_VA.EST,0.2638233
SRB,Serbia,2009,GOV_WGI_VA.EST,0.3129287
SRB,Serbia,2008,GOV_WGI_VA.EST,0.280667
SRB,Serbia,2007,GOV_WGI_VA.EST,0.328277
SRB,Serbia,2006,GOV_WGI_VA.EST,0.2517474
SRB,Serbia,2005,GOV_WGI_VA.EST,-0.1912697
SYC,Seychelles,2024,GOV_WGI_VA.EST,0.6343652
SYC,Seychelles,2023,GOV_WGI_VA.EST,0.6358143
SYC,Seychelles,2022,GOV_WGI_VA.EST,0.6695352
SYC,Seychelles,2021,GOV_WGI_VA.EST,0.6802368
SYC,Seychelles,2020,GOV_WGI_VA.EST,0.6013803
SYC,Seychelles,2019,GOV_WGI_VA.EST,0.3516215
SYC,Seychelles,2018,GOV_WGI_VA.EST,0.3385322
SYC,Seychelles,2017,GOV_WGI_VA.EST,0.2947312
SYC,Seychelles,2016,GOV_WGI_VA.EST,0.3035302
SYC,Seychelles,2015,GOV_WGI_VA.EST,0.2346279
SYC,Seychelles,2014,GOV_WGI_VA.EST,0.072685
SYC,Seychelles,2013,GOV_WGI_VA.EST,0.0914345
SYC,Seychelles,2012,GOV_WGI_VA.EST,0.1537598
SYC,Seychelles,2011,GOV_WGI_VA.EST,0.1595657
SYC,Seychelles,2010,GOV_WGI_VA.EST,0.2527833
SYC,Seychelles,2009,GOV_WGI_VA.EST,0.2364707
SYC,Seychelles,2008,GOV_WGI_VA.EST,0.2340811
SYC,Seychelles,2007,GOV_WGI_VA.EST,0.2730565
SYC,Seychelles,2006,GOV_WGI_VA.EST,0.3340177
SYC,Seychelles,2005,GOV_WGI_VA.EST,0.2663674
SLE,Sierra Leone,2024,GOV_WGI_VA.EST,-0.5129398
SLE,Sierra Leone,2023,GOV_WGI_VA.EST,-0.465683399999999
SLE,Sierra Leone,2022,GOV_WGI_VA.EST,-0.306625
SLE,Sierra Leone,2021,GOV_WGI_VA.EST,-0.279553999999999
SLE,Sierra Leone,2020,GOV_WGI_VA.EST,-0.2710645
SLE,Sierra Leone,2019,GOV_WGI_VA.EST,-0.319340399999999
SLE,Sierra Leone,2018,GOV_WGI_VA.EST,-0.272627
SLE,Sierra Leone,2017,GOV_WGI_VA.EST,-0.374755
SLE,Sierra Leone,2016,GOV_WGI_VA.EST,-0.376579999999999
SLE,Sierra Leone,2015,GOV_WGI_VA.EST,-0.371987299999999
SLE,Sierra Leone,2014,GOV_WGI_VA.EST,-0.3024332
SLE,Sierra Leone,2013,GOV_WGI_VA.EST,-0.3239801
SLE,Sierra Leone,2012,GOV_WGI_VA.EST,-0.277773999999999
SLE,Sierra Leone,2011,GOV_WGI_VA.EST,-0.1979562
SLE,Sierra Leone,2010,GOV_WGI_VA.EST,-0.1624999
SLE,Sierra Leone,2009,GOV_WGI_VA.EST,-0.2436421
SLE,Sierra Leone,2008,GOV_WGI_VA.EST,-0.2080869
SLE,Sierra Leone,2007,GOV_WGI_VA.EST,-0.2574513
SLE,Sierra Leone,2006,GOV_WGI_VA.EST,-0.2681743
SLE,Sierra Leone,2005,GOV_WGI_VA.EST,-0.3148369
SGP,Singapore,2024,GOV_WGI_VA.EST,0.0382996
SGP,Singapore,2023,GOV_WGI_VA.EST,0.0695153999999999
SGP,Singapore,2022,GOV_WGI_VA.EST,0.1532996
SGP,Singapore,2021,GOV_WGI_VA.EST,0.1598961
SGP,Singapore,2020,GOV_WGI_VA.EST,0.1525296
SGP,Singapore,2019,GOV_WGI_VA.EST,0.1894806
SGP,Singapore,2018,GOV_WGI_VA.EST,0.2449759
SGP,Singapore,2017,GOV_WGI_VA.EST,0.2550722
SGP,Singapore,2016,GOV_WGI_VA.EST,0.3450853
SGP,Singapore,2015,GOV_WGI_VA.EST,0.3248838
SGP,Singapore,2014,GOV_WGI_VA.EST,0.3198239
SGP,Singapore,2013,GOV_WGI_VA.EST,0.3004291
SGP,Singapore,2012,GOV_WGI_VA.EST,0.3394907
SGP,Singapore,2011,GOV_WGI_VA.EST,0.2072893
SGP,Singapore,2010,GOV_WGI_VA.EST,0.1189072
SGP,Singapore,2009,GOV_WGI_VA.EST,0.1351534
SGP,Singapore,2008,GOV_WGI_VA.EST,0.0889982
SGP,Singapore,2007,GOV_WGI_VA.EST,0.0484648
SGP,Singapore,2006,GOV_WGI_VA.EST,0.0142309
SGP,Singapore,2005,GOV_WGI_VA.EST,0.0542111
SVK,Slovak Republic,2024,GOV_WGI_VA.EST,0.9301839
SVK,Slovak Republic,2023,GOV_WGI_VA.EST,0.972897
SVK,Slovak Republic,2022,GOV_WGI_VA.EST,0.9497804
SVK,Slovak Republic,2021,GOV_WGI_VA.EST,0.9886718
SVK,Slovak Republic,2020,GOV_WGI_VA.EST,0.9881907
SVK,Slovak Republic,2019,GOV_WGI_VA.EST,0.8762439
SVK,Slovak Republic,2018,GOV_WGI_VA.EST,0.7278694
SVK,Slovak Republic,2017,GOV_WGI_VA.EST,0.8412265
SVK,Slovak Republic,2016,GOV_WGI_VA.EST,0.9270088
SVK,Slovak Republic,2015,GOV_WGI_VA.EST,0.925632
SVK,Slovak Republic,2014,GOV_WGI_VA.EST,0.9282831
SVK,Slovak Republic,2013,GOV_WGI_VA.EST,0.9414705
SVK,Slovak Republic,2012,GOV_WGI_VA.EST,0.9373344
SVK,Slovak Republic,2011,GOV_WGI_VA.EST,0.9626315
SVK,Slovak Republic,2010,GOV_WGI_VA.EST,0.9032082
SVK,Slovak Republic,2009,GOV_WGI_VA.EST,0.9435077
SVK,Slovak Republic,2008,GOV_WGI_VA.EST,0.9733411
SVK,Slovak Republic,2007,GOV_WGI_VA.EST,0.972359
SVK,Slovak Republic,2006,GOV_WGI_VA.EST,0.974174
SVK,Slovak Republic,2005,GOV_WGI_VA.EST,0.927386
SVN,Slovenia,2024,GOV_WGI_VA.EST,1.0571494
SVN,Slovenia,2023,GOV_WGI_VA.EST,1.0261192
SVN,Slovenia,2022,GOV_WGI_VA.EST,0.9757445
SVN,Slovenia,2021,GOV_WGI_VA.EST,0.9366208
SVN,Slovenia,2020,GOV_WGI_VA.EST,1.0295399
SVN,Slovenia,2019,GOV_WGI_VA.EST,1.0296095
SVN,Slovenia,2018,GOV_WGI_VA.EST,0.873193
SVN,Slovenia,2017,GOV_WGI_VA.EST,0.9164126
SVN,Slovenia,2016,GOV_WGI_VA.EST,0.9044433
SVN,Slovenia,2015,GOV_WGI_VA.EST,0.8823261
SVN,Slovenia,2014,GOV_WGI_VA.EST,0.8383034
SVN,Slovenia,2013,GOV_WGI_VA.EST,0.8805083
SVN,Slovenia,2012,GOV_WGI_VA.EST,0.9151135
SVN,Slovenia,2011,GOV_WGI_VA.EST,1.0168339
SVN,Slovenia,2010,GOV_WGI_VA.EST,1.0182862
SVN,Slovenia,2009,GOV_WGI_VA.EST,1.0230593
SVN,Slovenia,2008,GOV_WGI_VA.EST,1.0062458
SVN,Slovenia,2007,GOV_WGI_VA.EST,1.0606952
SVN,Slovenia,2006,GOV_WGI_VA.EST,1.0892524
SVN,Slovenia,2005,GOV_WGI_VA.EST,1.0334785
SLB,Solomon Islands,2024,GOV_WGI_VA.EST,0.3267325
SLB,Solomon Islands,2023,GOV_WGI_VA.EST,0.2523343
SLB,Solomon Islands,2022,GOV_WGI_VA.EST,0.2604926
SLB,Solomon Islands,2021,GOV_WGI_VA.EST,0.3280919
SLB,Solomon Islands,2020,GOV_WGI_VA.EST,0.168919
SLB,Solomon Islands,2019,GOV_WGI_VA.EST,0.279918
SLB,Solomon Islands,2018,GOV_WGI_VA.EST,0.1438423
SLB,Solomon Islands,2017,GOV_WGI_VA.EST,0.0611211
SLB,Solomon Islands,2016,GOV_WGI_VA.EST,0.0486342
SLB,Solomon Islands,2015,GOV_WGI_VA.EST,0.0358826
SLB,Solomon Islands,2014,GOV_WGI_VA.EST,0.0214166
SLB,Solomon Islands,2013,GOV_WGI_VA.EST,-0.0115585999999999
SLB,Solomon Islands,2012,GOV_WGI_VA.EST,-0.0181884
SLB,Solomon Islands,2011,GOV_WGI_VA.EST,-0.0706630999999999
SLB,Solomon Islands,2010,GOV_WGI_VA.EST,-0.0392355999999999
SLB,Solomon Islands,2009,GOV_WGI_VA.EST,-0.0144193999999999
SLB,Solomon Islands,2008,GOV_WGI_VA.EST,-0.0951569999999999
SLB,Solomon Islands,2007,GOV_WGI_VA.EST,-0.0692069999999999
SLB,Solomon Islands,2006,GOV_WGI_VA.EST,-0.0332484
SLB,Solomon Islands,2005,GOV_WGI_VA.EST,-0.0408478
SOM,Somalia,2024,GOV_WGI_VA.EST,-1.5761592
SOM,Somalia,2023,GOV_WGI_VA.EST,-1.48544639999999
SOM,Somalia,2022,GOV_WGI_VA.EST,-1.4916009
SOM,Somalia,2021,GOV_WGI_VA.EST,-1.6566375
SOM,Somalia,2020,GOV_WGI_VA.EST,-1.6658247
SOM,Somalia,2019,GOV_WGI_VA.EST,-1.6191136
SOM,Somalia,2018,GOV_WGI_VA.EST,-1.6431326
SOM,Somalia,2017,GOV_WGI_VA.EST,-1.6676521
SOM,Somalia,2016,GOV_WGI_VA.EST,-1.8003303
SOM,Somalia,2015,GOV_WGI_VA.EST,-1.77230779999999
SOM,Somalia,2014,GOV_WGI_VA.EST,-1.78649869999999
SOM,Somalia,2013,GOV_WGI_VA.EST,-1.8076459
SOM,Somalia,2012,GOV_WGI_VA.EST,-1.8033103
SOM,Somalia,2011,GOV_WGI_VA.EST,-1.79384759999999
SOM,Somalia,2010,GOV_WGI_VA.EST,-1.8584735
SOM,Somalia,2009,GOV_WGI_VA.EST,-1.87612579999999
SOM,Somalia,2008,GOV_WGI_VA.EST,-1.828183
SOM,Somalia,2007,GOV_WGI_VA.EST,-1.8385949
SOM,Somalia,2006,GOV_WGI_VA.EST,-1.7088845
SOM,Somalia,2005,GOV_WGI_VA.EST,-1.7261388
ZAF,South Africa,2024,GOV_WGI_VA.EST,0.6072796
ZAF,South Africa,2023,GOV_WGI_VA.EST,0.5621695
ZAF,South Africa,2022,GOV_WGI_VA.EST,0.5646216
ZAF,South Africa,2021,GOV_WGI_VA.EST,0.6405127
ZAF,South Africa,2020,GOV_WGI_VA.EST,0.5077726
ZAF,South Africa,2019,GOV_WGI_VA.EST,0.4911743
ZAF,South Africa,2018,GOV_WGI_VA.EST,0.5306104
ZAF,South Africa,2017,GOV_WGI_VA.EST,0.539157
ZAF,South Africa,2016,GOV_WGI_VA.EST,0.5713649
ZAF,South Africa,2015,GOV_WGI_VA.EST,0.5906812
ZAF,South Africa,2014,GOV_WGI_VA.EST,0.557058
ZAF,South Africa,2013,GOV_WGI_VA.EST,0.5305201
ZAF,South Africa,2012,GOV_WGI_VA.EST,0.5381291
ZAF,South Africa,2011,GOV_WGI_VA.EST,0.5570985
ZAF,South Africa,2010,GOV_WGI_VA.EST,0.6248859
ZAF,South Africa,2009,GOV_WGI_VA.EST,0.6261158
ZAF,South Africa,2008,GOV_WGI_VA.EST,0.6061818
ZAF,South Africa,2007,GOV_WGI_VA.EST,0.6564638
ZAF,South Africa,2006,GOV_WGI_VA.EST,0.7125464
ZAF,South Africa,2005,GOV_WGI_VA.EST,0.679299
SSD,South Sudan,2024,GOV_WGI_VA.EST,-1.8916509
SSD,South Sudan,2023,GOV_WGI_VA.EST,-1.855538
SSD,South Sudan,2022,GOV_WGI_VA.EST,-1.9531527
SSD,South Sudan,2021,GOV_WGI_VA.EST,-1.94215499999999
SSD,South Sudan,2020,GOV_WGI_VA.EST,-1.93566519999999
SSD,South Sudan,2019,GOV_WGI_VA.EST,-2.035567
SSD,South Sudan,2018,GOV_WGI_VA.EST,-2.0437826
SSD,South Sudan,2017,GOV_WGI_VA.EST,-1.8670114
SSD,South Sudan,2016,GOV_WGI_VA.EST,-1.882177
SSD,South Sudan,2015,GOV_WGI_VA.EST,-1.573248
SSD,South Sudan,2014,GOV_WGI_VA.EST,-1.517404
SSD,South Sudan,2013,GOV_WGI_VA.EST,-1.4277138
SSD,South Sudan,2012,GOV_WGI_VA.EST,-1.26869719999999
SSD,South Sudan,2011,GOV_WGI_VA.EST,-1.2237753
ESP,Spain,2024,GOV_WGI_VA.EST,1.1484423
ESP,Spain,2023,GOV_WGI_VA.EST,1.1523041
ESP,Spain,2022,GOV_WGI_VA.EST,1.1455667
ESP,Spain,2021,GOV_WGI_VA.EST,1.1384344
ESP,Spain,2020,GOV_WGI_VA.EST,1.1589433
ESP,Spain,2019,GOV_WGI_VA.EST,1.093177
ESP,Spain,2018,GOV_WGI_VA.EST,1.0560459
ESP,Spain,2017,GOV_WGI_VA.EST,1.0725269
ESP,Spain,2016,GOV_WGI_VA.EST,1.0954166
ESP,Spain,2015,GOV_WGI_VA.EST,1.0971352
ESP,Spain,2014,GOV_WGI_VA.EST,1.0560853
ESP,Spain,2013,GOV_WGI_VA.EST,1.0172787
ESP,Spain,2012,GOV_WGI_VA.EST,1.190985
ESP,Spain,2011,GOV_WGI_VA.EST,1.1642575
ESP,Spain,2010,GOV_WGI_VA.EST,1.2668048
ESP,Spain,2009,GOV_WGI_VA.EST,1.3248479
ESP,Spain,2008,GOV_WGI_VA.EST,1.3709445
ESP,Spain,2007,GOV_WGI_VA.EST,1.3143609
ESP,Spain,2006,GOV_WGI_VA.EST,1.247337
ESP,Spain,2005,GOV_WGI_VA.EST,1.2141119
LKA,Sri Lanka,2024,GOV_WGI_VA.EST,-0.126025499999999
LKA,Sri Lanka,2023,GOV_WGI_VA.EST,-0.376177999999999
LKA,Sri Lanka,2022,GOV_WGI_VA.EST,-0.3638182
LKA,Sri Lanka,2021,GOV_WGI_VA.EST,-0.2581614
LKA,Sri Lanka,2020,GOV_WGI_VA.EST,-0.1576417
LKA,Sri Lanka,2019,GOV_WGI_VA.EST,-0.1819405
LKA,Sri Lanka,2018,GOV_WGI_VA.EST,-0.186496499999999
LKA,Sri Lanka,2017,GOV_WGI_VA.EST,-0.239022899999999
LKA,Sri Lanka,2016,GOV_WGI_VA.EST,-0.252305599999999
LKA,Sri Lanka,2015,GOV_WGI_VA.EST,-0.3869354
LKA,Sri Lanka,2014,GOV_WGI_VA.EST,-0.6947438
LKA,Sri Lanka,2013,GOV_WGI_VA.EST,-0.6563987
LKA,Sri Lanka,2012,GOV_WGI_VA.EST,-0.6157646
LKA,Sri Lanka,2011,GOV_WGI_VA.EST,-0.6857175
LKA,Sri Lanka,2010,GOV_WGI_VA.EST,-0.673063899999999
LKA,Sri Lanka,2009,GOV_WGI_VA.EST,-0.5220711
LKA,Sri Lanka,2008,GOV_WGI_VA.EST,-0.5534271
LKA,Sri Lanka,2007,GOV_WGI_VA.EST,-0.420543
LKA,Sri Lanka,2006,GOV_WGI_VA.EST,-0.3091773
LKA,Sri Lanka,2005,GOV_WGI_VA.EST,-0.235977599999999
KNA,St. Kitts and Nevis,2024,GOV_WGI_VA.EST,0.4598773
KNA,St. Kitts and Nevis,2023,GOV_WGI_VA.EST,0.431477
KNA,St. Kitts and Nevis,2022,GOV_WGI_VA.EST,0.4283376
KNA,St. Kitts and Nevis,2021,GOV_WGI_VA.EST,0.4311382
KNA,St. Kitts and Nevis,2020,GOV_WGI_VA.EST,0.439648
KNA,St. Kitts and Nevis,2019,GOV_WGI_VA.EST,0.4247829
KNA,St. Kitts and Nevis,2018,GOV_WGI_VA.EST,0.4519236
KNA,St. Kitts and Nevis,2017,GOV_WGI_VA.EST,0.7066057
KNA,St. Kitts and Nevis,2016,GOV_WGI_VA.EST,0.7220511
KNA,St. Kitts and Nevis,2015,GOV_WGI_VA.EST,0.7188113
KNA,St. Kitts and Nevis,2014,GOV_WGI_VA.EST,1.0671377
KNA,St. Kitts and Nevis,2013,GOV_WGI_VA.EST,1.0641595
KNA,St. Kitts and Nevis,2012,GOV_WGI_VA.EST,1.1019368
KNA,St. Kitts and Nevis,2011,GOV_WGI_VA.EST,1.1196267
KNA,St. Kitts and Nevis,2010,GOV_WGI_VA.EST,1.1771606
KNA,St. Kitts and Nevis,2009,GOV_WGI_VA.EST,1.1247378
KNA,St. Kitts and Nevis,2008,GOV_WGI_VA.EST,1.0706622
KNA,St. Kitts and Nevis,2007,GOV_WGI_VA.EST,1.18826
KNA,St. Kitts and Nevis,2006,GOV_WGI_VA.EST,1.1741494
KNA,St. Kitts and Nevis,2005,GOV_WGI_VA.EST,1.1652614
LCA,St. Lucia,2024,GOV_WGI_VA.EST,0.611256
LCA,St. Lucia,2023,GOV_WGI_VA.EST,0.5338659
LCA,St. Lucia,2022,GOV_WGI_VA.EST,0.5054951
LCA,St. Lucia,2021,GOV_WGI_VA.EST,0.5088919
LCA,St. Lucia,2020,GOV_WGI_VA.EST,0.5022546
LCA,St. Lucia,2019,GOV_WGI_VA.EST,0.5828907
LCA,St. Lucia,2018,GOV_WGI_VA.EST,0.5668733
LCA,St. Lucia,2017,GOV_WGI_VA.EST,0.7599752
LCA,St. Lucia,2016,GOV_WGI_VA.EST,0.8427357
LCA,St. Lucia,2015,GOV_WGI_VA.EST,0.8530795
LCA,St. Lucia,2014,GOV_WGI_VA.EST,1.18593
LCA,St. Lucia,2013,GOV_WGI_VA.EST,1.1834014
LCA,St. Lucia,2012,GOV_WGI_VA.EST,1.2097218
LCA,St. Lucia,2011,GOV_WGI_VA.EST,1.2382862
LCA,St. Lucia,2010,GOV_WGI_VA.EST,1.2882391
LCA,St. Lucia,2009,GOV_WGI_VA.EST,1.290872
LCA,St. Lucia,2008,GOV_WGI_VA.EST,1.2906889
LCA,St. Lucia,2007,GOV_WGI_VA.EST,1.2877784
LCA,St. Lucia,2006,GOV_WGI_VA.EST,1.2793213
LCA,St. Lucia,2005,GOV_WGI_VA.EST,1.2677431
VCT,St. Vincent and the Grenadines,2024,GOV_WGI_VA.EST,0.5028521
VCT,St. Vincent and the Grenadines,2023,GOV_WGI_VA.EST,0.5634282
VCT,St. Vincent and the Grenadines,2022,GOV_WGI_VA.EST,0.5755557
VCT,St. Vincent and the Grenadines,2021,GOV_WGI_VA.EST,0.6155269
VCT,St. Vincent and the Grenadines,2020,GOV_WGI_VA.EST,0.6244985
VCT,St. Vincent and the Grenadines,2019,GOV_WGI_VA.EST,0.6248617
VCT,St. Vincent and the Grenadines,2018,GOV_WGI_VA.EST,0.5176746
VCT,St. Vincent and the Grenadines,2017,GOV_WGI_VA.EST,0.5884863
VCT,St. Vincent and the Grenadines,2016,GOV_WGI_VA.EST,0.5979297
VCT,St. Vincent and the Grenadines,2015,GOV_WGI_VA.EST,0.6076881
VCT,St. Vincent and the Grenadines,2014,GOV_WGI_VA.EST,0.9638727
VCT,St. Vincent and the Grenadines,2013,GOV_WGI_VA.EST,0.9612869
VCT,St. Vincent and the Grenadines,2012,GOV_WGI_VA.EST,0.9636892
VCT,St. Vincent and the Grenadines,2011,GOV_WGI_VA.EST,0.9653202
VCT,St. Vincent and the Grenadines,2010,GOV_WGI_VA.EST,1.0671827
VCT,St. Vincent and the Grenadines,2009,GOV_WGI_VA.EST,1.0651211
VCT,St. Vincent and the Grenadines,2008,GOV_WGI_VA.EST,1.1462646
VCT,St. Vincent and the Grenadines,2007,GOV_WGI_VA.EST,1.1471895
VCT,St. Vincent and the Grenadines,2006,GOV_WGI_VA.EST,1.1387324
VCT,St. Vincent and the Grenadines,2005,GOV_WGI_VA.EST,1.0687231
SDN,Sudan,2024,GOV_WGI_VA.EST,-1.8835388
SDN,Sudan,2023,GOV_WGI_VA.EST,-1.7457756
SDN,Sudan,2022,GOV_WGI_VA.EST,-1.6342678
SDN,Sudan,2021,GOV_WGI_VA.EST,-1.4649309
SDN,Sudan,2020,GOV_WGI_VA.EST,-1.5628619
SDN,Sudan,2019,GOV_WGI_VA.EST,-1.68985609999999
SDN,Sudan,2018,GOV_WGI_VA.EST,-1.8588596
SDN,Sudan,2017,GOV_WGI_VA.EST,-1.8293207
SDN,Sudan,2016,GOV_WGI_VA.EST,-1.8311887
SDN,Sudan,2015,GOV_WGI_VA.EST,-1.77726499999999
SDN,Sudan,2014,GOV_WGI_VA.EST,-1.7761608
SDN,Sudan,2013,GOV_WGI_VA.EST,-1.8115431
SDN,Sudan,2012,GOV_WGI_VA.EST,-1.80500859999999
SDN,Sudan,2011,GOV_WGI_VA.EST,-1.7363712
SDN,Sudan,2010,GOV_WGI_VA.EST,-1.63549339999999
SDN,Sudan,2009,GOV_WGI_VA.EST,-1.56654459999999
SDN,Sudan,2008,GOV_WGI_VA.EST,-1.5622557
SDN,Sudan,2007,GOV_WGI_VA.EST,-1.6192115
SDN,Sudan,2006,GOV_WGI_VA.EST,-1.6250045
SDN,Sudan,2005,GOV_WGI_VA.EST,-1.802992
SUR,Suriname,2024,GOV_WGI_VA.EST,0.0554088
SUR,Suriname,2023,GOV_WGI_VA.EST,0.1081855
SUR,Suriname,2022,GOV_WGI_VA.EST,0.1083446
SUR,Suriname,2021,GOV_WGI_VA.EST,0.0873419
SUR,Suriname,2020,GOV_WGI_VA.EST,0.1599841
SUR,Suriname,2019,GOV_WGI_VA.EST,0.1343228
SUR,Suriname,2018,GOV_WGI_VA.EST,0.1093602
SUR,Suriname,2017,GOV_WGI_VA.EST,0.0483854
SUR,Suriname,2016,GOV_WGI_VA.EST,0.1627668
SUR,Suriname,2015,GOV_WGI_VA.EST,0.1592598
SUR,Suriname,2014,GOV_WGI_VA.EST,0.3487913
SUR,Suriname,2013,GOV_WGI_VA.EST,0.369062
SUR,Suriname,2012,GOV_WGI_VA.EST,0.3753234
SUR,Suriname,2011,GOV_WGI_VA.EST,0.3853072
SUR,Suriname,2010,GOV_WGI_VA.EST,0.3738756
SUR,Suriname,2009,GOV_WGI_VA.EST,0.4580609
SUR,Suriname,2008,GOV_WGI_VA.EST,0.5678925
SUR,Suriname,2007,GOV_WGI_VA.EST,0.4956352
SUR,Suriname,2006,GOV_WGI_VA.EST,0.4509207
SUR,Suriname,2005,GOV_WGI_VA.EST,0.3407079
SWE,Sweden,2024,GOV_WGI_VA.EST,1.7277944
SWE,Sweden,2023,GOV_WGI_VA.EST,1.7304193
SWE,Sweden,2022,GOV_WGI_VA.EST,1.7517742
SWE,Sweden,2021,GOV_WGI_VA.EST,1.7654718
SWE,Sweden,2020,GOV_WGI_VA.EST,1.7982035
SWE,Sweden,2019,GOV_WGI_VA.EST,1.725429
SWE,Sweden,2018,GOV_WGI_VA.EST,1.7414565
SWE,Sweden,2017,GOV_WGI_VA.EST,1.7375825
SWE,Sweden,2016,GOV_WGI_VA.EST,1.7750567
SWE,Sweden,2015,GOV_WGI_VA.EST,1.7750119
SWE,Sweden,2014,GOV_WGI_VA.EST,1.7547337
SWE,Sweden,2013,GOV_WGI_VA.EST,1.825244
SWE,Sweden,2012,GOV_WGI_VA.EST,1.9104843
SWE,Sweden,2011,GOV_WGI_VA.EST,1.8800915
SWE,Sweden,2010,GOV_WGI_VA.EST,1.7253329
SWE,Sweden,2009,GOV_WGI_VA.EST,1.7421707
SWE,Sweden,2008,GOV_WGI_VA.EST,1.7665251
SWE,Sweden,2007,GOV_WGI_VA.EST,1.7485024
SWE,Sweden,2006,GOV_WGI_VA.EST,1.7030181
SWE,Sweden,2005,GOV_WGI_VA.EST,1.6653555
CHE,Switzerland,2024,GOV_WGI_VA.EST,1.6422377
CHE,Switzerland,2023,GOV_WGI_VA.EST,1.625069
CHE,Switzerland,2022,GOV_WGI_VA.EST,1.6844928
CHE,Switzerland,2021,GOV_WGI_VA.EST,1.678298
CHE,Switzerland,2020,GOV_WGI_VA.EST,1.6390344
CHE,Switzerland,2019,GOV_WGI_VA.EST,1.6494367
CHE,Switzerland,2018,GOV_WGI_VA.EST,1.6741105
CHE,Switzerland,2017,GOV_WGI_VA.EST,1.6652384
CHE,Switzerland,2016,GOV_WGI_VA.EST,1.639262
CHE,Switzerland,2015,GOV_WGI_VA.EST,1.6319543
CHE,Switzerland,2014,GOV_WGI_VA.EST,1.6312583
CHE,Switzerland,2013,GOV_WGI_VA.EST,1.6481092
CHE,Switzerland,2012,GOV_WGI_VA.EST,1.6596375
CHE,Switzerland,2011,GOV_WGI_VA.EST,1.6609244
CHE,Switzerland,2010,GOV_WGI_VA.EST,1.6558672
CHE,Switzerland,2009,GOV_WGI_VA.EST,1.6603946
CHE,Switzerland,2008,GOV_WGI_VA.EST,1.6448935
CHE,Switzerland,2007,GOV_WGI_VA.EST,1.647309
CHE,Switzerland,2006,GOV_WGI_VA.EST,1.6475483
CHE,Switzerland,2005,GOV_WGI_VA.EST,1.6121744
SYR,Syrian Arab Republic,2024,GOV_WGI_VA.EST,-1.84729179999999
SYR,Syrian Arab Republic,2023,GOV_WGI_VA.EST,-1.9152968
SYR,Syrian Arab Republic,2022,GOV_WGI_VA.EST,-1.8967024
SYR,Syrian Arab Republic,2021,GOV_WGI_VA.EST,-1.89419689999999
SYR,Syrian Arab Republic,2020,GOV_WGI_VA.EST,-1.909584
SYR,Syrian Arab Republic,2019,GOV_WGI_VA.EST,-1.94567879999999
SYR,Syrian Arab Republic,2018,GOV_WGI_VA.EST,-1.986877
SYR,Syrian Arab Republic,2017,GOV_WGI_VA.EST,-1.98639489999999
SYR,Syrian Arab Republic,2016,GOV_WGI_VA.EST,-1.9798097
SYR,Syrian Arab Republic,2015,GOV_WGI_VA.EST,-1.94200509999999
SYR,Syrian Arab Republic,2014,GOV_WGI_VA.EST,-1.92535409999999
SYR,Syrian Arab Republic,2013,GOV_WGI_VA.EST,-2.00666239999999
SYR,Syrian Arab Republic,2012,GOV_WGI_VA.EST,-1.9150146
SYR,Syrian Arab Republic,2011,GOV_WGI_VA.EST,-1.7258778
SYR,Syrian Arab Republic,2010,GOV_WGI_VA.EST,-1.6395091
SYR,Syrian Arab Republic,2009,GOV_WGI_VA.EST,-1.59179499999999
SYR,Syrian Arab Republic,2008,GOV_WGI_VA.EST,-1.6280857
SYR,Syrian Arab Republic,2007,GOV_WGI_VA.EST,-1.6775784
SYR,Syrian Arab Republic,2006,GOV_WGI_VA.EST,-1.5577482
SYR,Syrian Arab Republic,2005,GOV_WGI_VA.EST,-1.4895155
TJK,Tajikistan,2024,GOV_WGI_VA.EST,-1.64258439999999
TJK,Tajikistan,2023,GOV_WGI_VA.EST,-1.5256279
TJK,Tajikistan,2022,GOV_WGI_VA.EST,-1.56259249999999
TJK,Tajikistan,2021,GOV_WGI_VA.EST,-1.53082269999999
TJK,Tajikistan,2020,GOV_WGI_VA.EST,-1.5091031
TJK,Tajikistan,2019,GOV_WGI_VA.EST,-1.6188156
TJK,Tajikistan,2018,GOV_WGI_VA.EST,-1.36883969999999
TJK,Tajikistan,2017,GOV_WGI_VA.EST,-1.31921279999999
TJK,Tajikistan,2016,GOV_WGI_VA.EST,-1.3522043
TJK,Tajikistan,2015,GOV_WGI_VA.EST,-1.26214579999999
TJK,Tajikistan,2014,GOV_WGI_VA.EST,-1.2113114
TJK,Tajikistan,2013,GOV_WGI_VA.EST,-1.1764275
TJK,Tajikistan,2012,GOV_WGI_VA.EST,-1.05953529999999
TJK,Tajikistan,2011,GOV_WGI_VA.EST,-1.0667398
TJK,Tajikistan,2010,GOV_WGI_VA.EST,-1.1665534
TJK,Tajikistan,2009,GOV_WGI_VA.EST,-1.06551629999999
TJK,Tajikistan,2008,GOV_WGI_VA.EST,-1.0767289
TJK,Tajikistan,2007,GOV_WGI_VA.EST,-1.00219749999999
TJK,Tajikistan,2006,GOV_WGI_VA.EST,-1.07291849999999
TJK,Tajikistan,2005,GOV_WGI_VA.EST,-1.1134363
TZA,Tanzania,2024,GOV_WGI_VA.EST,-0.6449938
TZA,Tanzania,2023,GOV_WGI_VA.EST,-0.6271363
TZA,Tanzania,2022,GOV_WGI_VA.EST,-0.685317
TZA,Tanzania,2021,GOV_WGI_VA.EST,-0.709892
TZA,Tanzania,2020,GOV_WGI_VA.EST,-0.5969078
TZA,Tanzania,2019,GOV_WGI_VA.EST,-0.483773099999999
TZA,Tanzania,2018,GOV_WGI_VA.EST,-0.4280458
TZA,Tanzania,2017,GOV_WGI_VA.EST,-0.3177506
TZA,Tanzania,2016,GOV_WGI_VA.EST,-0.280171499999999
TZA,Tanzania,2015,GOV_WGI_VA.EST,-0.1943605
TZA,Tanzania,2014,GOV_WGI_VA.EST,-0.167283799999999
TZA,Tanzania,2013,GOV_WGI_VA.EST,-0.1810193
TZA,Tanzania,2012,GOV_WGI_VA.EST,-0.1452958
TZA,Tanzania,2011,GOV_WGI_VA.EST,-0.0643784999999999
TZA,Tanzania,2010,GOV_WGI_VA.EST,-0.0955584
TZA,Tanzania,2009,GOV_WGI_VA.EST,-0.0593649999999999
TZA,Tanzania,2008,GOV_WGI_VA.EST,-0.0612763999999999
TZA,Tanzania,2007,GOV_WGI_VA.EST,0.0102162
TZA,Tanzania,2006,GOV_WGI_VA.EST,-0.0625256
TZA,Tanzania,2005,GOV_WGI_VA.EST,-0.3132774
THA,Thailand,2024,GOV_WGI_VA.EST,-0.5598404
THA,Thailand,2023,GOV_WGI_VA.EST,-0.654
THA,Thailand,2022,GOV_WGI_VA.EST,-0.7947755
THA,Thailand,2021,GOV_WGI_VA.EST,-0.8289886
THA,Thailand,2020,GOV_WGI_VA.EST,-0.874035599999999
THA,Thailand,2019,GOV_WGI_VA.EST,-0.8092395
THA,Thailand,2018,GOV_WGI_VA.EST,-0.933130199999999
THA,Thailand,2017,GOV_WGI_VA.EST,-0.883774
THA,Thailand,2016,GOV_WGI_VA.EST,-0.855380799999999
THA,Thailand,2015,GOV_WGI_VA.EST,-0.849158299999999
THA,Thailand,2014,GOV_WGI_VA.EST,-0.869785599999999
THA,Thailand,2013,GOV_WGI_VA.EST,-0.4401542
THA,Thailand,2012,GOV_WGI_VA.EST,-0.3357868
THA,Thailand,2011,GOV_WGI_VA.EST,-0.4634779
THA,Thailand,2010,GOV_WGI_VA.EST,-0.5764726
THA,Thailand,2009,GOV_WGI_VA.EST,-0.4569898
THA,Thailand,2008,GOV_WGI_VA.EST,-0.464092
THA,Thailand,2007,GOV_WGI_VA.EST,-0.5186765
THA,Thailand,2006,GOV_WGI_VA.EST,-0.6296179
THA,Thailand,2005,GOV_WGI_VA.EST,-0.0764132
TLS,Timor-Leste,2024,GOV_WGI_VA.EST,0.3455435
TLS,Timor-Leste,2023,GOV_WGI_VA.EST,0.3383264
TLS,Timor-Leste,2022,GOV_WGI_VA.EST,0.3856814
TLS,Timor-Leste,2021,GOV_WGI_VA.EST,0.3299057
TLS,Timor-Leste,2020,GOV_WGI_VA.EST,0.2887546
TLS,Timor-Leste,2019,GOV_WGI_VA.EST,0.2983421
TLS,Timor-Leste,2018,GOV_WGI_VA.EST,0.1950605
TLS,Timor-Leste,2017,GOV_WGI_VA.EST,0.1179468
TLS,Timor-Leste,2016,GOV_WGI_VA.EST,0.0296517
TLS,Timor-Leste,2015,GOV_WGI_VA.EST,0.0471521
TLS,Timor-Leste,2014,GOV_WGI_VA.EST,0.0359693
TLS,Timor-Leste,2013,GOV_WGI_VA.EST,0.0134842
TLS,Timor-Leste,2012,GOV_WGI_VA.EST,0.0762033
TLS,Timor-Leste,2011,GOV_WGI_VA.EST,0.0665198999999999
TLS,Timor-Leste,2010,GOV_WGI_VA.EST,0.0509536
TLS,Timor-Leste,2009,GOV_WGI_VA.EST,0.077633
TLS,Timor-Leste,2008,GOV_WGI_VA.EST,0.2474221
TLS,Timor-Leste,2007,GOV_WGI_VA.EST,0.1981364
TLS,Timor-Leste,2006,GOV_WGI_VA.EST,0.0305891
TLS,Timor-Leste,2005,GOV_WGI_VA.EST,-0.0347641999999999
TGO,Togo,2024,GOV_WGI_VA.EST,-0.971799499999999
TGO,Togo,2023,GOV_WGI_VA.EST,-0.8614839
TGO,Togo,2022,GOV_WGI_VA.EST,-0.8529812
TGO,Togo,2021,GOV_WGI_VA.EST,-0.8905537
TGO,Togo,2020,GOV_WGI_VA.EST,-0.734111899999999
TGO,Togo,2019,GOV_WGI_VA.EST,-0.7303841
TGO,Togo,2018,GOV_WGI_VA.EST,-0.7700019
TGO,Togo,2017,GOV_WGI_VA.EST,-0.7509005
TGO,Togo,2016,GOV_WGI_VA.EST,-0.752920599999999
TGO,Togo,2015,GOV_WGI_VA.EST,-0.802990099999999
TGO,Togo,2014,GOV_WGI_VA.EST,-0.883812399999999
TGO,Togo,2013,GOV_WGI_VA.EST,-0.9091344
TGO,Togo,2012,GOV_WGI_VA.EST,-0.9668627
TGO,Togo,2011,GOV_WGI_VA.EST,-0.8351675
TGO,Togo,2010,GOV_WGI_VA.EST,-0.8905617
TGO,Togo,2009,GOV_WGI_VA.EST,-0.968209999999999
TGO,Togo,2008,GOV_WGI_VA.EST,-0.904913499999999
TGO,Togo,2007,GOV_WGI_VA.EST,-1.0195676
TGO,Togo,2006,GOV_WGI_VA.EST,-1.1637743
TGO,Togo,2005,GOV_WGI_VA.EST,-1.301957
TON,Tonga,2024,GOV_WGI_VA.EST,0.8207346
TON,Tonga,2023,GOV_WGI_VA.EST,0.8451469
TON,Tonga,2022,GOV_WGI_VA.EST,0.8562089
TON,Tonga,2021,GOV_WGI_VA.EST,0.9152911
TON,Tonga,2020,GOV_WGI_VA.EST,0.9677672
TON,Tonga,2019,GOV_WGI_VA.EST,0.679044
TON,Tonga,2018,GOV_WGI_VA.EST,0.6395253
TON,Tonga,2017,GOV_WGI_VA.EST,0.3229509
TON,Tonga,2016,GOV_WGI_VA.EST,0.3281441
TON,Tonga,2015,GOV_WGI_VA.EST,0.3864664
TON,Tonga,2014,GOV_WGI_VA.EST,0.3998663
TON,Tonga,2013,GOV_WGI_VA.EST,0.3734262
TON,Tonga,2012,GOV_WGI_VA.EST,0.3583071
TON,Tonga,2011,GOV_WGI_VA.EST,0.4545891
TON,Tonga,2010,GOV_WGI_VA.EST,0.4041995
TON,Tonga,2009,GOV_WGI_VA.EST,0.2198419
TON,Tonga,2008,GOV_WGI_VA.EST,0.2247992
TON,Tonga,2007,GOV_WGI_VA.EST,-0.1021753
TON,Tonga,2006,GOV_WGI_VA.EST,-0.0876333
TON,Tonga,2005,GOV_WGI_VA.EST,-0.0792108
TTO,Trinidad and Tobago,2024,GOV_WGI_VA.EST,0.4063023
TTO,Trinidad and Tobago,2023,GOV_WGI_VA.EST,0.455102
TTO,Trinidad and Tobago,2022,GOV_WGI_VA.EST,0.4449205
TTO,Trinidad and Tobago,2021,GOV_WGI_VA.EST,0.4704869
TTO,Trinidad and Tobago,2020,GOV_WGI_VA.EST,0.4631339
TTO,Trinidad and Tobago,2019,GOV_WGI_VA.EST,0.4398828
TTO,Trinidad and Tobago,2018,GOV_WGI_VA.EST,0.4436728
TTO,Trinidad and Tobago,2017,GOV_WGI_VA.EST,0.4826796
TTO,Trinidad and Tobago,2016,GOV_WGI_VA.EST,0.4748117
TTO,Trinidad and Tobago,2015,GOV_WGI_VA.EST,0.4703636
TTO,Trinidad and Tobago,2014,GOV_WGI_VA.EST,0.5721733
TTO,Trinidad and Tobago,2013,GOV_WGI_VA.EST,0.5845337
TTO,Trinidad and Tobago,2012,GOV_WGI_VA.EST,0.6136294
TTO,Trinidad and Tobago,2011,GOV_WGI_VA.EST,0.6247641
TTO,Trinidad and Tobago,2010,GOV_WGI_VA.EST,0.6284581
TTO,Trinidad and Tobago,2009,GOV_WGI_VA.EST,0.6150786
TTO,Trinidad and Tobago,2008,GOV_WGI_VA.EST,0.5893069
TTO,Trinidad and Tobago,2007,GOV_WGI_VA.EST,0.608901
TTO,Trinidad and Tobago,2006,GOV_WGI_VA.EST,0.6456967
TTO,Trinidad and Tobago,2005,GOV_WGI_VA.EST,0.6273622
TUN,Tunisia,2024,GOV_WGI_VA.EST,-0.6837111
TUN,Tunisia,2023,GOV_WGI_VA.EST,-0.5053628
TUN,Tunisia,2022,GOV_WGI_VA.EST,-0.415250199999999
TUN,Tunisia,2021,GOV_WGI_VA.EST,-0.0624493999999999
TUN,Tunisia,2020,GOV_WGI_VA.EST,0.1060573
TUN,Tunisia,2019,GOV_WGI_VA.EST,0.1076117
TUN,Tunisia,2018,GOV_WGI_VA.EST,0.0853087
TUN,Tunisia,2017,GOV_WGI_VA.EST,0.1035864
TUN,Tunisia,2016,GOV_WGI_VA.EST,0.2143651
TUN,Tunisia,2015,GOV_WGI_VA.EST,0.1947392
TUN,Tunisia,2014,GOV_WGI_VA.EST,0.1393127
TUN,Tunisia,2013,GOV_WGI_VA.EST,-0.1185523
TUN,Tunisia,2012,GOV_WGI_VA.EST,-0.141958399999999
TUN,Tunisia,2011,GOV_WGI_VA.EST,-0.2588911
TUN,Tunisia,2010,GOV_WGI_VA.EST,-1.3079675
TUN,Tunisia,2009,GOV_WGI_VA.EST,-1.2131109
TUN,Tunisia,2008,GOV_WGI_VA.EST,-1.145074
TUN,Tunisia,2007,GOV_WGI_VA.EST,-1.1760633
TUN,Tunisia,2006,GOV_WGI_VA.EST,-1.1313758
TUN,Tunisia,2005,GOV_WGI_VA.EST,-1.1830123
TUR,Turkiye,2024,GOV_WGI_VA.EST,-1.09467
TUR,Turkiye,2023,GOV_WGI_VA.EST,-1.08267849999999
TUR,Turkiye,2022,GOV_WGI_VA.EST,-1.0955858
TUR,Turkiye,2021,GOV_WGI_VA.EST,-1.0031695
TUR,Turkiye,2020,GOV_WGI_VA.EST,-0.9536477
TUR,Turkiye,2019,GOV_WGI_VA.EST,-0.9058771
TUR,Turkiye,2018,GOV_WGI_VA.EST,-0.9511579
TUR,Turkiye,2017,GOV_WGI_VA.EST,-0.784376499999999
TUR,Turkiye,2016,GOV_WGI_VA.EST,-0.719495
TUR,Turkiye,2015,GOV_WGI_VA.EST,-0.5858025
TUR,Turkiye,2014,GOV_WGI_VA.EST,-0.4843587
TUR,Turkiye,2013,GOV_WGI_VA.EST,-0.3049498
TUR,Turkiye,2012,GOV_WGI_VA.EST,-0.1955663
TUR,Turkiye,2011,GOV_WGI_VA.EST,-0.1932915
TUR,Turkiye,2010,GOV_WGI_VA.EST,-0.0271714999999999
TUR,Turkiye,2009,GOV_WGI_VA.EST,0.0543002
TUR,Turkiye,2008,GOV_WGI_VA.EST,0.00352539999999999
TUR,Turkiye,2007,GOV_WGI_VA.EST,-0.0470796999999999
TUR,Turkiye,2006,GOV_WGI_VA.EST,0.0920966999999999
TUR,Turkiye,2005,GOV_WGI_VA.EST,0.1100507
TKM,Turkmenistan,2024,GOV_WGI_VA.EST,-2.0430083
TKM,Turkmenistan,2023,GOV_WGI_VA.EST,-2.068122
TKM,Turkmenistan,2022,GOV_WGI_VA.EST,-2.0346759
TKM,Turkmenistan,2021,GOV_WGI_VA.EST,-1.88003759999999
TKM,Turkmenistan,2020,GOV_WGI_VA.EST,-1.8950527
TKM,Turkmenistan,2019,GOV_WGI_VA.EST,-2.0289129
TKM,Turkmenistan,2018,GOV_WGI_VA.EST,-1.7481071
TKM,Turkmenistan,2017,GOV_WGI_VA.EST,-1.74199779999999
TKM,Turkmenistan,2016,GOV_WGI_VA.EST,-1.77195679999999
TKM,Turkmenistan,2015,GOV_WGI_VA.EST,-1.7648221
TKM,Turkmenistan,2014,GOV_WGI_VA.EST,-1.75135399999999
TKM,Turkmenistan,2013,GOV_WGI_VA.EST,-1.7834116
TKM,Turkmenistan,2012,GOV_WGI_VA.EST,-1.8089552
TKM,Turkmenistan,2011,GOV_WGI_VA.EST,-1.8089973
TKM,Turkmenistan,2010,GOV_WGI_VA.EST,-1.6483742
TKM,Turkmenistan,2009,GOV_WGI_VA.EST,-1.68081939999999
TKM,Turkmenistan,2008,GOV_WGI_VA.EST,-1.70454
TKM,Turkmenistan,2007,GOV_WGI_VA.EST,-1.7359901
TKM,Turkmenistan,2006,GOV_WGI_VA.EST,-1.6575001
TKM,Turkmenistan,2005,GOV_WGI_VA.EST,-1.79638839999999
TUV,Tuvalu,2024,GOV_WGI_VA.EST,1.1885856
TUV,Tuvalu,2023,GOV_WGI_VA.EST,0.9345048
TUV,Tuvalu,2022,GOV_WGI_VA.EST,0.9360094
TUV,Tuvalu,2021,GOV_WGI_VA.EST,0.9314732
TUV,Tuvalu,2020,GOV_WGI_VA.EST,0.8830669
TUV,Tuvalu,2019,GOV_WGI_VA.EST,1.142705
TUV,Tuvalu,2018,GOV_WGI_VA.EST,0.8922213
TUV,Tuvalu,2017,GOV_WGI_VA.EST,0.5230615
TUV,Tuvalu,2016,GOV_WGI_VA.EST,0.5237708
TUV,Tuvalu,2015,GOV_WGI_VA.EST,0.5245866
TUV,Tuvalu,2014,GOV_WGI_VA.EST,0.5239317
TUV,Tuvalu,2013,GOV_WGI_VA.EST,0.4207626
TUV,Tuvalu,2012,GOV_WGI_VA.EST,0.4270843
TUV,Tuvalu,2011,GOV_WGI_VA.EST,0.5574126
TUV,Tuvalu,2010,GOV_WGI_VA.EST,0.5551601
TUV,Tuvalu,2009,GOV_WGI_VA.EST,0.556412
TUV,Tuvalu,2008,GOV_WGI_VA.EST,0.5561964
TUV,Tuvalu,2007,GOV_WGI_VA.EST,0.5572852
TUV,Tuvalu,2006,GOV_WGI_VA.EST,0.6237525
TUV,Tuvalu,2005,GOV_WGI_VA.EST,0.7148953
UGA,Uganda,2024,GOV_WGI_VA.EST,-1.0129302
UGA,Uganda,2023,GOV_WGI_VA.EST,-0.9287886
UGA,Uganda,2022,GOV_WGI_VA.EST,-0.9718922
UGA,Uganda,2021,GOV_WGI_VA.EST,-0.9574486
UGA,Uganda,2020,GOV_WGI_VA.EST,-0.8633436
UGA,Uganda,2019,GOV_WGI_VA.EST,-0.8769482
UGA,Uganda,2018,GOV_WGI_VA.EST,-0.856554599999999
UGA,Uganda,2017,GOV_WGI_VA.EST,-0.8194545
UGA,Uganda,2016,GOV_WGI_VA.EST,-0.8428062
UGA,Uganda,2015,GOV_WGI_VA.EST,-0.6660292
UGA,Uganda,2014,GOV_WGI_VA.EST,-0.656610599999999
UGA,Uganda,2013,GOV_WGI_VA.EST,-0.687385
UGA,Uganda,2012,GOV_WGI_VA.EST,-0.6295199
UGA,Uganda,2011,GOV_WGI_VA.EST,-0.6316759
UGA,Uganda,2010,GOV_WGI_VA.EST,-0.570819899999999
UGA,Uganda,2009,GOV_WGI_VA.EST,-0.5232458
UGA,Uganda,2008,GOV_WGI_VA.EST,-0.513529
UGA,Uganda,2007,GOV_WGI_VA.EST,-0.466297199999999
UGA,Uganda,2006,GOV_WGI_VA.EST,-0.410070999999999
UGA,Uganda,2005,GOV_WGI_VA.EST,-0.6387746
UKR,Ukraine,2024,GOV_WGI_VA.EST,-0.1110085
UKR,Ukraine,2023,GOV_WGI_VA.EST,-0.0900654999999999
UKR,Ukraine,2022,GOV_WGI_VA.EST,-0.019284
UKR,Ukraine,2021,GOV_WGI_VA.EST,0.0995611999999999
UKR,Ukraine,2020,GOV_WGI_VA.EST,0.1275231
UKR,Ukraine,2019,GOV_WGI_VA.EST,0.0813478
UKR,Ukraine,2018,GOV_WGI_VA.EST,-0.0332900999999999
UKR,Ukraine,2017,GOV_WGI_VA.EST,-0.1305496
UKR,Ukraine,2016,GOV_WGI_VA.EST,-0.1297301
UKR,Ukraine,2015,GOV_WGI_VA.EST,-0.1573009
UKR,Ukraine,2014,GOV_WGI_VA.EST,-0.1882038
UKR,Ukraine,2013,GOV_WGI_VA.EST,-0.3473772
UKR,Ukraine,2012,GOV_WGI_VA.EST,-0.2682283
UKR,Ukraine,2011,GOV_WGI_VA.EST,-0.2705415
UKR,Ukraine,2010,GOV_WGI_VA.EST,-0.0569311999999999
UKR,Ukraine,2009,GOV_WGI_VA.EST,0.133882
UKR,Ukraine,2008,GOV_WGI_VA.EST,0.1216803
UKR,Ukraine,2007,GOV_WGI_VA.EST,0.1177616
UKR,Ukraine,2006,GOV_WGI_VA.EST,0.0925574
UKR,Ukraine,2005,GOV_WGI_VA.EST,-0.2256755
ARE,United Arab Emirates,2024,GOV_WGI_VA.EST,-0.853748699999999
ARE,United Arab Emirates,2023,GOV_WGI_VA.EST,-0.9077037
ARE,United Arab Emirates,2022,GOV_WGI_VA.EST,-0.8265908
ARE,United Arab Emirates,2021,GOV_WGI_VA.EST,-0.835888499999999
ARE,United Arab Emirates,2020,GOV_WGI_VA.EST,-0.814912
ARE,United Arab Emirates,2019,GOV_WGI_VA.EST,-0.8093064
ARE,United Arab Emirates,2018,GOV_WGI_VA.EST,-0.830863999999999
ARE,United Arab Emirates,2017,GOV_WGI_VA.EST,-0.6844466
ARE,United Arab Emirates,2016,GOV_WGI_VA.EST,-0.651368
ARE,United Arab Emirates,2015,GOV_WGI_VA.EST,-0.6721912
ARE,United Arab Emirates,2014,GOV_WGI_VA.EST,-0.6378608
ARE,United Arab Emirates,2013,GOV_WGI_VA.EST,-0.646031199999999
ARE,United Arab Emirates,2012,GOV_WGI_VA.EST,-0.564203799999999
ARE,United Arab Emirates,2011,GOV_WGI_VA.EST,-0.4408451
ARE,United Arab Emirates,2010,GOV_WGI_VA.EST,-0.584170699999999
ARE,United Arab Emirates,2009,GOV_WGI_VA.EST,-0.5201403
ARE,United Arab Emirates,2008,GOV_WGI_VA.EST,-0.5499529
ARE,United Arab Emirates,2007,GOV_WGI_VA.EST,-0.616451
ARE,United Arab Emirates,2006,GOV_WGI_VA.EST,-0.651509
ARE,United Arab Emirates,2005,GOV_WGI_VA.EST,-0.888207099999999
GBR,United Kingdom,2024,GOV_WGI_VA.EST,1.3006116
GBR,United Kingdom,2023,GOV_WGI_VA.EST,1.2519674
GBR,United Kingdom,2022,GOV_WGI_VA.EST,1.3180973
GBR,United Kingdom,2021,GOV_WGI_VA.EST,1.2930083
GBR,United Kingdom,2020,GOV_WGI_VA.EST,1.3173309
GBR,United Kingdom,2019,GOV_WGI_VA.EST,1.3077601
GBR,United Kingdom,2018,GOV_WGI_VA.EST,1.3755468
GBR,United Kingdom,2017,GOV_WGI_VA.EST,1.4237022
GBR,United Kingdom,2016,GOV_WGI_VA.EST,1.468304
GBR,United Kingdom,2015,GOV_WGI_VA.EST,1.4627829
GBR,United Kingdom,2014,GOV_WGI_VA.EST,1.3804751
GBR,United Kingdom,2013,GOV_WGI_VA.EST,1.4097356
GBR,United Kingdom,2012,GOV_WGI_VA.EST,1.4159606
GBR,United Kingdom,2011,GOV_WGI_VA.EST,1.4256415
GBR,United Kingdom,2010,GOV_WGI_VA.EST,1.372089
GBR,United Kingdom,2009,GOV_WGI_VA.EST,1.4046597
GBR,United Kingdom,2008,GOV_WGI_VA.EST,1.3927903
GBR,United Kingdom,2007,GOV_WGI_VA.EST,1.4133656
GBR,United Kingdom,2006,GOV_WGI_VA.EST,1.4565018
GBR,United Kingdom,2005,GOV_WGI_VA.EST,1.4461899
USA,United States,2024,GOV_WGI_VA.EST,0.8869557
USA,United States,2023,GOV_WGI_VA.EST,0.8636176
USA,United States,2022,GOV_WGI_VA.EST,0.922751
USA,United States,2021,GOV_WGI_VA.EST,0.8877304
USA,United States,2020,GOV_WGI_VA.EST,0.9561038
USA,United States,2019,GOV_WGI_VA.EST,1.0249835
USA,United States,2018,GOV_WGI_VA.EST,1.0530998
USA,United States,2017,GOV_WGI_VA.EST,1.1236482
USA,United States,2016,GOV_WGI_VA.EST,1.2417637
USA,United States,2015,GOV_WGI_VA.EST,1.2887597
USA,United States,2014,GOV_WGI_VA.EST,1.2001675
USA,United States,2013,GOV_WGI_VA.EST,1.1662268
USA,United States,2012,GOV_WGI_VA.EST,1.2638759
USA,United States,2011,GOV_WGI_VA.EST,1.2317531
USA,United States,2010,GOV_WGI_VA.EST,1.2938276
USA,United States,2009,GOV_WGI_VA.EST,1.3010715
USA,United States,2008,GOV_WGI_VA.EST,1.3259506
USA,United States,2007,GOV_WGI_VA.EST,1.292219
USA,United States,2006,GOV_WGI_VA.EST,1.2858301
USA,United States,2005,GOV_WGI_VA.EST,1.3300483
URY,Uruguay,2024,GOV_WGI_VA.EST,1.2278086
URY,Uruguay,2023,GOV_WGI_VA.EST,1.2182526
URY,Uruguay,2022,GOV_WGI_VA.EST,1.201455
URY,Uruguay,2021,GOV_WGI_VA.EST,1.2359324
URY,Uruguay,2020,GOV_WGI_VA.EST,1.2549779
URY,Uruguay,2019,GOV_WGI_VA.EST,1.2429696
URY,Uruguay,2018,GOV_WGI_VA.EST,1.2339937
URY,Uruguay,2017,GOV_WGI_VA.EST,1.2330619
URY,Uruguay,2016,GOV_WGI_VA.EST,1.2405464
URY,Uruguay,2015,GOV_WGI_VA.EST,1.2096941
URY,Uruguay,2014,GOV_WGI_VA.EST,1.150545
URY,Uruguay,2013,GOV_WGI_VA.EST,1.1539198
URY,Uruguay,2012,GOV_WGI_VA.EST,1.1088877
URY,Uruguay,2011,GOV_WGI_VA.EST,1.2041703
URY,Uruguay,2010,GOV_WGI_VA.EST,1.2316568
URY,Uruguay,2009,GOV_WGI_VA.EST,1.1880175
URY,Uruguay,2008,GOV_WGI_VA.EST,1.1383059
URY,Uruguay,2007,GOV_WGI_VA.EST,1.1244649
URY,Uruguay,2006,GOV_WGI_VA.EST,1.1101743
URY,Uruguay,2005,GOV_WGI_VA.EST,0.9946959
UZB,Uzbekistan,2024,GOV_WGI_VA.EST,-1.0401976
UZB,Uzbekistan,2023,GOV_WGI_VA.EST,-1.0006156
UZB,Uzbekistan,2022,GOV_WGI_VA.EST,-1.04255529999999
UZB,Uzbekistan,2021,GOV_WGI_VA.EST,-1.0392373
UZB,Uzbekistan,2020,GOV_WGI_VA.EST,-1.2394383
UZB,Uzbekistan,2019,GOV_WGI_VA.EST,-1.42495709999999
UZB,Uzbekistan,2018,GOV_WGI_VA.EST,-1.2977614
UZB,Uzbekistan,2017,GOV_WGI_VA.EST,-1.46913229999999
UZB,Uzbekistan,2016,GOV_WGI_VA.EST,-1.5770056
UZB,Uzbekistan,2015,GOV_WGI_VA.EST,-1.5932902
UZB,Uzbekistan,2014,GOV_WGI_VA.EST,-1.5349076
UZB,Uzbekistan,2013,GOV_WGI_VA.EST,-1.57680969999999
UZB,Uzbekistan,2012,GOV_WGI_VA.EST,-1.68172339999999
UZB,Uzbekistan,2011,GOV_WGI_VA.EST,-1.6342207
UZB,Uzbekistan,2010,GOV_WGI_VA.EST,-1.65467719999999
UZB,Uzbekistan,2009,GOV_WGI_VA.EST,-1.66045969999999
UZB,Uzbekistan,2008,GOV_WGI_VA.EST,-1.7076882
UZB,Uzbekistan,2007,GOV_WGI_VA.EST,-1.6765853
UZB,Uzbekistan,2006,GOV_WGI_VA.EST,-1.6782818
UZB,Uzbekistan,2005,GOV_WGI_VA.EST,-1.74198989999999
VUT,Vanuatu,2024,GOV_WGI_VA.EST,0.4864055
VUT,Vanuatu,2023,GOV_WGI_VA.EST,0.4996161
VUT,Vanuatu,2022,GOV_WGI_VA.EST,0.4867778
VUT,Vanuatu,2021,GOV_WGI_VA.EST,0.7174918
VUT,Vanuatu,2020,GOV_WGI_VA.EST,0.7070652
VUT,Vanuatu,2019,GOV_WGI_VA.EST,0.5766691
VUT,Vanuatu,2018,GOV_WGI_VA.EST,0.580569
VUT,Vanuatu,2017,GOV_WGI_VA.EST,0.4095904
VUT,Vanuatu,2016,GOV_WGI_VA.EST,0.3885373
VUT,Vanuatu,2015,GOV_WGI_VA.EST,0.3453974
VUT,Vanuatu,2014,GOV_WGI_VA.EST,0.3552714
VUT,Vanuatu,2013,GOV_WGI_VA.EST,0.4232604
VUT,Vanuatu,2012,GOV_WGI_VA.EST,0.4216871
VUT,Vanuatu,2011,GOV_WGI_VA.EST,0.3094446
VUT,Vanuatu,2010,GOV_WGI_VA.EST,0.3414691
VUT,Vanuatu,2009,GOV_WGI_VA.EST,0.3962151
VUT,Vanuatu,2008,GOV_WGI_VA.EST,0.3961037
VUT,Vanuatu,2007,GOV_WGI_VA.EST,0.2720843
VUT,Vanuatu,2006,GOV_WGI_VA.EST,0.206826
VUT,Vanuatu,2005,GOV_WGI_VA.EST,0.2013351
VEN,"Venezuela, RB",2024,GOV_WGI_VA.EST,-1.8174487
VEN,"Venezuela, RB",2023,GOV_WGI_VA.EST,-1.7578417
VEN,"Venezuela, RB",2022,GOV_WGI_VA.EST,-1.7782262
VEN,"Venezuela, RB",2021,GOV_WGI_VA.EST,-1.79431149999999
VEN,"Venezuela, RB",2020,GOV_WGI_VA.EST,-1.6883576
VEN,"Venezuela, RB",2019,GOV_WGI_VA.EST,-1.6869045
VEN,"Venezuela, RB",2018,GOV_WGI_VA.EST,-1.6549242
VEN,"Venezuela, RB",2017,GOV_WGI_VA.EST,-1.47669759999999
VEN,"Venezuela, RB",2016,GOV_WGI_VA.EST,-1.3494951
VEN,"Venezuela, RB",2015,GOV_WGI_VA.EST,-1.3294104
VEN,"Venezuela, RB",2014,GOV_WGI_VA.EST,-1.251376
VEN,"Venezuela, RB",2013,GOV_WGI_VA.EST,-1.2049828
VEN,"Venezuela, RB",2012,GOV_WGI_VA.EST,-1.02674699999999
VEN,"Venezuela, RB",2011,GOV_WGI_VA.EST,-0.996347299999999
VEN,"Venezuela, RB",2010,GOV_WGI_VA.EST,-0.8893276
VEN,"Venezuela, RB",2009,GOV_WGI_VA.EST,-0.895429199999999
VEN,"Venezuela, RB",2008,GOV_WGI_VA.EST,-0.86136
VEN,"Venezuela, RB",2007,GOV_WGI_VA.EST,-0.796257999999999
VEN,"Venezuela, RB",2006,GOV_WGI_VA.EST,-0.718353199999999
VEN,"Venezuela, RB",2005,GOV_WGI_VA.EST,-0.6518202
VNM,Viet Nam,2024,GOV_WGI_VA.EST,-1.09830919999999
VNM,Viet Nam,2023,GOV_WGI_VA.EST,-1.10491879999999
VNM,Viet Nam,2022,GOV_WGI_VA.EST,-1.0863991
VNM,Viet Nam,2021,GOV_WGI_VA.EST,-1.0661124
VNM,Viet Nam,2020,GOV_WGI_VA.EST,-1.09107209999999
VNM,Viet Nam,2019,GOV_WGI_VA.EST,-1.04117519999999
VNM,Viet Nam,2018,GOV_WGI_VA.EST,-1.0842098
VNM,Viet Nam,2017,GOV_WGI_VA.EST,-1.12200529999999
VNM,Viet Nam,2016,GOV_WGI_VA.EST,-1.02156389999999
VNM,Viet Nam,2015,GOV_WGI_VA.EST,-1.006907
VNM,Viet Nam,2014,GOV_WGI_VA.EST,-1.1673414
VNM,Viet Nam,2013,GOV_WGI_VA.EST,-1.2124165
VNM,Viet Nam,2012,GOV_WGI_VA.EST,-1.2561585
VNM,Viet Nam,2011,GOV_WGI_VA.EST,-1.16329249999999
VNM,Viet Nam,2010,GOV_WGI_VA.EST,-1.2627777
VNM,Viet Nam,2009,GOV_WGI_VA.EST,-1.2169231
VNM,Viet Nam,2008,GOV_WGI_VA.EST,-1.2173914
VNM,Viet Nam,2007,GOV_WGI_VA.EST,-1.2005715
VNM,Viet Nam,2006,GOV_WGI_VA.EST,-1.2156144
VNM,Viet Nam,2005,GOV_WGI_VA.EST,-1.2709354
,Virgin Islands (U.S.),2017,GOV_WGI_VA.EST,0.833146
,Virgin Islands (U.S.),2016,GOV_WGI_VA.EST,0.8350454
,Virgin Islands (U.S.),2015,GOV_WGI_VA.EST,0.8372302
,Virgin Islands (U.S.),2014,GOV_WGI_VA.EST,0.8354763
,Virgin Islands (U.S.),2013,GOV_WGI_VA.EST,0.8285549
,Virgin Islands (U.S.),2012,GOV_WGI_VA.EST,0.8349849
,Virgin Islands (U.S.),2011,GOV_WGI_VA.EST,0.8393508
,Virgin Islands (U.S.),2010,GOV_WGI_VA.EST,0.8341135
,Virgin Islands (U.S.),2009,GOV_WGI_VA.EST,0.8370242
,Virgin Islands (U.S.),2008,GOV_WGI_VA.EST,0.8365229
,Virgin Islands (U.S.),2007,GOV_WGI_VA.EST,0.8390547
,Virgin Islands (U.S.),2006,GOV_WGI_VA.EST,0.8421516
,Virgin Islands (U.S.),2005,GOV_WGI_VA.EST,1.0540705
YEM,"Yemen, Rep.",2024,GOV_WGI_VA.EST,-1.6971817
YEM,"Yemen, Rep.",2023,GOV_WGI_VA.EST,-1.6474592
YEM,"Yemen, Rep.",2022,GOV_WGI_VA.EST,-1.7097586
YEM,"Yemen, Rep.",2021,GOV_WGI_VA.EST,-1.72651
YEM,"Yemen, Rep.",2020,GOV_WGI_VA.EST,-1.6790319
YEM,"Yemen, Rep.",2019,GOV_WGI_VA.EST,-1.7135156
YEM,"Yemen, Rep.",2018,GOV_WGI_VA.EST,-1.7530252
YEM,"Yemen, Rep.",2017,GOV_WGI_VA.EST,-1.6996718
YEM,"Yemen, Rep.",2016,GOV_WGI_VA.EST,-1.6857535
YEM,"Yemen, Rep.",2015,GOV_WGI_VA.EST,-1.39805999999999
YEM,"Yemen, Rep.",2014,GOV_WGI_VA.EST,-1.2026847
YEM,"Yemen, Rep.",2013,GOV_WGI_VA.EST,-1.2067843
YEM,"Yemen, Rep.",2012,GOV_WGI_VA.EST,-1.2540065
YEM,"Yemen, Rep.",2011,GOV_WGI_VA.EST,-1.3235491
YEM,"Yemen, Rep.",2010,GOV_WGI_VA.EST,-1.2898269
YEM,"Yemen, Rep.",2009,GOV_WGI_VA.EST,-1.1578632
YEM,"Yemen, Rep.",2008,GOV_WGI_VA.EST,-1.12961619999999
YEM,"Yemen, Rep.",2007,GOV_WGI_VA.EST,-0.954718699999999
YEM,"Yemen, Rep.",2006,GOV_WGI_VA.EST,-0.969787899999999
YEM,"Yemen, Rep.",2005,GOV_WGI_VA.EST,-0.983563099999999
ZMB,Zambia,2024,GOV_WGI_VA.EST,-0.407568899999999
ZMB,Zambia,2023,GOV_WGI_VA.EST,-0.3736237
ZMB,Zambia,2022,GOV_WGI_VA.EST,-0.386004399999999
ZMB,Zambia,2021,GOV_WGI_VA.EST,-0.5563406
ZMB,Zambia,2020,GOV_WGI_VA.EST,-0.4695453
ZMB,Zambia,2019,GOV_WGI_VA.EST,-0.482359
ZMB,Zambia,2018,GOV_WGI_VA.EST,-0.4726786
ZMB,Zambia,2017,GOV_WGI_VA.EST,-0.3690594
ZMB,Zambia,2016,GOV_WGI_VA.EST,-0.315554499999999
ZMB,Zambia,2015,GOV_WGI_VA.EST,-0.193544499999999
ZMB,Zambia,2014,GOV_WGI_VA.EST,-0.1726245
ZMB,Zambia,2013,GOV_WGI_VA.EST,-0.1595829
ZMB,Zambia,2012,GOV_WGI_VA.EST,-0.200784699999999
ZMB,Zambia,2011,GOV_WGI_VA.EST,-0.0852077
ZMB,Zambia,2010,GOV_WGI_VA.EST,-0.130017
ZMB,Zambia,2009,GOV_WGI_VA.EST,-0.1238199
ZMB,Zambia,2008,GOV_WGI_VA.EST,-0.0959493999999999
ZMB,Zambia,2007,GOV_WGI_VA.EST,-0.1302971
ZMB,Zambia,2006,GOV_WGI_VA.EST,-0.1297308
ZMB,Zambia,2005,GOV_WGI_VA.EST,-0.267104599999999
ZWE,Zimbabwe,2024,GOV_WGI_VA.EST,-1.2595646
ZWE,Zimbabwe,2023,GOV_WGI_VA.EST,-1.2023997
ZWE,Zimbabwe,2022,GOV_WGI_VA.EST,-1.192092
ZWE,Zimbabwe,2021,GOV_WGI_VA.EST,-1.176409
ZWE,Zimbabwe,2020,GOV_WGI_VA.EST,-1.1693628
ZWE,Zimbabwe,2019,GOV_WGI_VA.EST,-1.2476642
ZWE,Zimbabwe,2018,GOV_WGI_VA.EST,-1.2034485
ZWE,Zimbabwe,2017,GOV_WGI_VA.EST,-1.3803793
ZWE,Zimbabwe,2016,GOV_WGI_VA.EST,-1.3946976
ZWE,Zimbabwe,2015,GOV_WGI_VA.EST,-1.32811939999999
ZWE,Zimbabwe,2014,GOV_WGI_VA.EST,-1.4046383
ZWE,Zimbabwe,2013,GOV_WGI_VA.EST,-1.44368299999999
ZWE,Zimbabwe,2012,GOV_WGI_VA.EST,-1.5400292
ZWE,Zimbabwe,2011,GOV_WGI_VA.EST,-1.4703559
ZWE,Zimbabwe,2010,GOV_WGI_VA.EST,-1.5138998
ZWE,Zimbabwe,2009,GOV_WGI_VA.EST,-1.5972762
ZWE,Zimbabwe,2008,GOV_WGI_VA.EST,-1.65489019999999
ZWE,Zimbabwe,2007,GOV_WGI_VA.EST,-1.6147653
ZWE,Zimbabwe,2006,GOV_WGI_VA.EST,-1.5728046
ZWE,Zimbabwe,2005,GOV_WGI_VA.EST,-1.67812989999999
