country_code,country_name,year,indicator_code,value
AFG,Afghanistan,2024,GOV_WGI_RQ.EST,-1.538435
AFG,Afghanistan,2023,GOV_WGI_RQ.EST,-1.43056079999999
AFG,Afghanistan,2022,GOV_WGI_RQ.EST,-1.4229756
AFG,Afghanistan,2021,GOV_WGI_RQ.EST,-1.40994469999999
AFG,Afghanistan,2020,GOV_WGI_RQ.EST,-1.3026506
AFG,Afghanistan,2019,GOV_WGI_RQ.EST,-1.2762178
AFG,Afghanistan,2018,GOV_WGI_RQ.EST,-1.3029823
AFG,Afghanistan,2017,GOV_WGI_RQ.EST,-1.4164481
AFG,Afghanistan,2016,GOV_WGI_RQ.EST,-1.36089939999999
AFG,Afghanistan,2015,GOV_WGI_RQ.EST,-1.06718849999999
AFG,Afghanistan,2014,GOV_WGI_RQ.EST,-1.1832846
AFG,Afghanistan,2013,GOV_WGI_RQ.EST,-1.282454
AFG,Afghanistan,2012,GOV_WGI_RQ.EST,-1.2540947
AFG,Afghanistan,2011,GOV_WGI_RQ.EST,-1.4373007
AFG,Afghanistan,2010,GOV_WGI_RQ.EST,-1.4285697
AFG,Afghanistan,2009,GOV_WGI_RQ.EST,-1.5140426
AFG,Afghanistan,2008,GOV_WGI_RQ.EST,-1.5659451
AFG,Afghanistan,2007,GOV_WGI_RQ.EST,-1.5097036
AFG,Afghanistan,2006,GOV_WGI_RQ.EST,-1.491989
AFG,Afghanistan,2005,GOV_WGI_RQ.EST,-1.6164082
ALB,Albania,2024,GOV_WGI_RQ.EST,0.1357347
ALB,Albania,2023,GOV_WGI_RQ.EST,0.0632513
ALB,Albania,2022,GOV_WGI_RQ.EST,0.0155769
ALB,Albania,2021,GOV_WGI_RQ.EST,-0.0049463
ALB,Albania,2020,GOV_WGI_RQ.EST,-0.0195592999999999
ALB,Albania,2019,GOV_WGI_RQ.EST,0.0917374
ALB,Albania,2018,GOV_WGI_RQ.EST,0.1139598
ALB,Albania,2017,GOV_WGI_RQ.EST,0.1105237
ALB,Albania,2016,GOV_WGI_RQ.EST,0.0642829999999999
ALB,Albania,2015,GOV_WGI_RQ.EST,0.0444083
ALB,Albania,2014,GOV_WGI_RQ.EST,0.056535
ALB,Albania,2013,GOV_WGI_RQ.EST,-0.0639441999999999
ALB,Albania,2012,GOV_WGI_RQ.EST,-0.0835796999999999
ALB,Albania,2011,GOV_WGI_RQ.EST,0.053824
ALB,Albania,2010,GOV_WGI_RQ.EST,0.1073455
ALB,Albania,2009,GOV_WGI_RQ.EST,0.1276639
ALB,Albania,2008,GOV_WGI_RQ.EST,0.0382242
ALB,Albania,2007,GOV_WGI_RQ.EST,-0.00691089999999999
ALB,Albania,2006,GOV_WGI_RQ.EST,-0.1313664
ALB,Albania,2005,GOV_WGI_RQ.EST,-0.355651799999999
DZA,Algeria,2024,GOV_WGI_RQ.EST,-0.7526468
DZA,Algeria,2023,GOV_WGI_RQ.EST,-0.7856434
DZA,Algeria,2022,GOV_WGI_RQ.EST,-0.8782506
DZA,Algeria,2021,GOV_WGI_RQ.EST,-0.9720042
DZA,Algeria,2020,GOV_WGI_RQ.EST,-1.08103289999999
DZA,Algeria,2019,GOV_WGI_RQ.EST,-1.1291834
DZA,Algeria,2018,GOV_WGI_RQ.EST,-1.0402376
DZA,Algeria,2017,GOV_WGI_RQ.EST,-0.945913999999999
DZA,Algeria,2016,GOV_WGI_RQ.EST,-0.9245888
DZA,Algeria,2015,GOV_WGI_RQ.EST,-0.910741399999999
DZA,Algeria,2014,GOV_WGI_RQ.EST,-1.0284052
DZA,Algeria,2013,GOV_WGI_RQ.EST,-0.799061399999999
DZA,Algeria,2012,GOV_WGI_RQ.EST,-1.088001
DZA,Algeria,2011,GOV_WGI_RQ.EST,-1.13479399999999
DZA,Algeria,2010,GOV_WGI_RQ.EST,-0.9696248
DZA,Algeria,2009,GOV_WGI_RQ.EST,-0.7719014
DZA,Algeria,2008,GOV_WGI_RQ.EST,-0.566299099999999
DZA,Algeria,2007,GOV_WGI_RQ.EST,-0.4402714
DZA,Algeria,2006,GOV_WGI_RQ.EST,-0.5132168
DZA,Algeria,2005,GOV_WGI_RQ.EST,-0.6243901
,American Samoa,2024,GOV_WGI_RQ.EST,0.3917487
,American Samoa,2023,GOV_WGI_RQ.EST,0.3904042
,American Samoa,2022,GOV_WGI_RQ.EST,0.3898105
,American Samoa,2021,GOV_WGI_RQ.EST,0.3953827
,American Samoa,2020,GOV_WGI_RQ.EST,0.3974735
,American Samoa,2019,GOV_WGI_RQ.EST,-0.0709177
,American Samoa,2018,GOV_WGI_RQ.EST,-0.0739706
,American Samoa,2017,GOV_WGI_RQ.EST,-0.0750966
,American Samoa,2016,GOV_WGI_RQ.EST,0.1589592
,American Samoa,2015,GOV_WGI_RQ.EST,0.1563708
,American Samoa,2014,GOV_WGI_RQ.EST,0.1453016
,American Samoa,2013,GOV_WGI_RQ.EST,0.5635653
,American Samoa,2012,GOV_WGI_RQ.EST,0.5653036
,American Samoa,2011,GOV_WGI_RQ.EST,0.5770316
,American Samoa,2010,GOV_WGI_RQ.EST,0.5759582
,American Samoa,2009,GOV_WGI_RQ.EST,0.5758069
,American Samoa,2008,GOV_WGI_RQ.EST,0.5797248
,American Samoa,2007,GOV_WGI_RQ.EST,0.5826494
,American Samoa,2006,GOV_WGI_RQ.EST,0.5760551
,American Samoa,2005,GOV_WGI_RQ.EST,0.5798426
AND,Andorra,2024,GOV_WGI_RQ.EST,1.1021324
AND,Andorra,2023,GOV_WGI_RQ.EST,1.100788
AND,Andorra,2022,GOV_WGI_RQ.EST,1.1001942
AND,Andorra,2021,GOV_WGI_RQ.EST,1.1057664
AND,Andorra,2020,GOV_WGI_RQ.EST,1.1078572
AND,Andorra,2019,GOV_WGI_RQ.EST,1.3498501
AND,Andorra,2018,GOV_WGI_RQ.EST,1.3467972
AND,Andorra,2017,GOV_WGI_RQ.EST,1.3456712
AND,Andorra,2016,GOV_WGI_RQ.EST,1.1061377
AND,Andorra,2015,GOV_WGI_RQ.EST,1.1035494
AND,Andorra,2014,GOV_WGI_RQ.EST,1.0924802
AND,Andorra,2013,GOV_WGI_RQ.EST,1.8067375
AND,Andorra,2012,GOV_WGI_RQ.EST,1.8084758
AND,Andorra,2011,GOV_WGI_RQ.EST,1.8202037
AND,Andorra,2010,GOV_WGI_RQ.EST,1.6415342
AND,Andorra,2009,GOV_WGI_RQ.EST,1.6413829
AND,Andorra,2008,GOV_WGI_RQ.EST,1.6453008
AND,Andorra,2007,GOV_WGI_RQ.EST,1.6482254
AND,Andorra,2006,GOV_WGI_RQ.EST,1.641631
AND,Andorra,2005,GOV_WGI_RQ.EST,1.6454186
AGO,Angola,2024,GOV_WGI_RQ.EST,-0.773019999999999
AGO,Angola,2023,GOV_WGI_RQ.EST,-0.904342
AGO,Angola,2022,GOV_WGI_RQ.EST,-0.8618821
AGO,Angola,2021,GOV_WGI_RQ.EST,-0.8486184
AGO,Angola,2020,GOV_WGI_RQ.EST,-1.0388818
AGO,Angola,2019,GOV_WGI_RQ.EST,-0.9960854
AGO,Angola,2018,GOV_WGI_RQ.EST,-1.06243929999999
AGO,Angola,2017,GOV_WGI_RQ.EST,-1.17998849999999
AGO,Angola,2016,GOV_WGI_RQ.EST,-1.18042349999999
AGO,Angola,2015,GOV_WGI_RQ.EST,-1.0904945
AGO,Angola,2014,GOV_WGI_RQ.EST,-1.02714519999999
AGO,Angola,2013,GOV_WGI_RQ.EST,-1.0979742
AGO,Angola,2012,GOV_WGI_RQ.EST,-1.0374151
AGO,Angola,2011,GOV_WGI_RQ.EST,-1.1090351
AGO,Angola,2010,GOV_WGI_RQ.EST,-1.08506299999999
AGO,Angola,2009,GOV_WGI_RQ.EST,-1.0724612
AGO,Angola,2008,GOV_WGI_RQ.EST,-1.0819619
AGO,Angola,2007,GOV_WGI_RQ.EST,-1.072509
AGO,Angola,2006,GOV_WGI_RQ.EST,-1.0973468
AGO,Angola,2005,GOV_WGI_RQ.EST,-1.4091843
ATG,Antigua and Barbuda,2024,GOV_WGI_RQ.EST,0.6346032
ATG,Antigua and Barbuda,2023,GOV_WGI_RQ.EST,0.6218901
ATG,Antigua and Barbuda,2022,GOV_WGI_RQ.EST,0.4644715
ATG,Antigua and Barbuda,2021,GOV_WGI_RQ.EST,0.5644068
ATG,Antigua and Barbuda,2020,GOV_WGI_RQ.EST,0.576116
ATG,Antigua and Barbuda,2019,GOV_WGI_RQ.EST,0.5787682
ATG,Antigua and Barbuda,2018,GOV_WGI_RQ.EST,0.484595
ATG,Antigua and Barbuda,2017,GOV_WGI_RQ.EST,0.218442
ATG,Antigua and Barbuda,2016,GOV_WGI_RQ.EST,0.2076412
ATG,Antigua and Barbuda,2015,GOV_WGI_RQ.EST,0.2063206
ATG,Antigua and Barbuda,2014,GOV_WGI_RQ.EST,0.3820965
ATG,Antigua and Barbuda,2013,GOV_WGI_RQ.EST,0.5635653
ATG,Antigua and Barbuda,2012,GOV_WGI_RQ.EST,0.5653036
ATG,Antigua and Barbuda,2011,GOV_WGI_RQ.EST,0.5770316
ATG,Antigua and Barbuda,2010,GOV_WGI_RQ.EST,0.5759582
ATG,Antigua and Barbuda,2009,GOV_WGI_RQ.EST,0.3448775
ATG,Antigua and Barbuda,2008,GOV_WGI_RQ.EST,0.3477063
ATG,Antigua and Barbuda,2007,GOV_WGI_RQ.EST,0.3498179
ATG,Antigua and Barbuda,2006,GOV_WGI_RQ.EST,0.3450567
ATG,Antigua and Barbuda,2005,GOV_WGI_RQ.EST,0.3477914
ARG,Argentina,2024,GOV_WGI_RQ.EST,-0.235025999999999
ARG,Argentina,2023,GOV_WGI_RQ.EST,-0.5065132
ARG,Argentina,2022,GOV_WGI_RQ.EST,-0.5792423
ARG,Argentina,2021,GOV_WGI_RQ.EST,-0.584024299999999
ARG,Argentina,2020,GOV_WGI_RQ.EST,-0.5471843
ARG,Argentina,2019,GOV_WGI_RQ.EST,-0.449108299999999
ARG,Argentina,2018,GOV_WGI_RQ.EST,-0.190133499999999
ARG,Argentina,2017,GOV_WGI_RQ.EST,-0.1203619
ARG,Argentina,2016,GOV_WGI_RQ.EST,-0.2527044
ARG,Argentina,2015,GOV_WGI_RQ.EST,-0.7973254
ARG,Argentina,2014,GOV_WGI_RQ.EST,-1.012746
ARG,Argentina,2013,GOV_WGI_RQ.EST,-0.835456
ARG,Argentina,2012,GOV_WGI_RQ.EST,-0.841032599999999
ARG,Argentina,2011,GOV_WGI_RQ.EST,-0.7069559
ARG,Argentina,2010,GOV_WGI_RQ.EST,-0.7577834
ARG,Argentina,2009,GOV_WGI_RQ.EST,-0.779930999999999
ARG,Argentina,2008,GOV_WGI_RQ.EST,-0.6633654
ARG,Argentina,2007,GOV_WGI_RQ.EST,-0.6471966
ARG,Argentina,2006,GOV_WGI_RQ.EST,-0.6421161
ARG,Argentina,2005,GOV_WGI_RQ.EST,-0.5984456
ARM,Armenia,2024,GOV_WGI_RQ.EST,0.137992
ARM,Armenia,2023,GOV_WGI_RQ.EST,0.0964411
ARM,Armenia,2022,GOV_WGI_RQ.EST,0.0783259999999999
ARM,Armenia,2021,GOV_WGI_RQ.EST,0.1972098
ARM,Armenia,2020,GOV_WGI_RQ.EST,0.2080999
ARM,Armenia,2019,GOV_WGI_RQ.EST,0.2583707
ARM,Armenia,2018,GOV_WGI_RQ.EST,0.2852478
ARM,Armenia,2017,GOV_WGI_RQ.EST,0.2658499
ARM,Armenia,2016,GOV_WGI_RQ.EST,0.2424884
ARM,Armenia,2015,GOV_WGI_RQ.EST,0.2129025
ARM,Armenia,2014,GOV_WGI_RQ.EST,0.1234003
ARM,Armenia,2013,GOV_WGI_RQ.EST,0.3441588
ARM,Armenia,2012,GOV_WGI_RQ.EST,0.4081354
ARM,Armenia,2011,GOV_WGI_RQ.EST,0.3710118
ARM,Armenia,2010,GOV_WGI_RQ.EST,0.3844424
ARM,Armenia,2009,GOV_WGI_RQ.EST,0.4085992
ARM,Armenia,2008,GOV_WGI_RQ.EST,0.3914686
ARM,Armenia,2007,GOV_WGI_RQ.EST,0.2437484
ARM,Armenia,2006,GOV_WGI_RQ.EST,0.2208144
ARM,Armenia,2005,GOV_WGI_RQ.EST,0.1206063
,Aruba,2024,GOV_WGI_RQ.EST,0.9808972
,Aruba,2023,GOV_WGI_RQ.EST,0.9802816
,Aruba,2022,GOV_WGI_RQ.EST,0.9800098
,Aruba,2021,GOV_WGI_RQ.EST,0.9825611
,Aruba,2020,GOV_WGI_RQ.EST,0.9835183
,Aruba,2019,GOV_WGI_RQ.EST,0.9858983
,Aruba,2018,GOV_WGI_RQ.EST,0.9845005
,Aruba,2017,GOV_WGI_RQ.EST,1.2660605
,Aruba,2016,GOV_WGI_RQ.EST,1.3588318
,Aruba,2015,GOV_WGI_RQ.EST,1.3576467
,Aruba,2014,GOV_WGI_RQ.EST,1.2441605
,Aruba,2013,GOV_WGI_RQ.EST,1.4627699
,Aruba,2012,GOV_WGI_RQ.EST,1.4635658
,Aruba,2011,GOV_WGI_RQ.EST,1.4689355
,Aruba,2010,GOV_WGI_RQ.EST,1.4684441
,Aruba,2009,GOV_WGI_RQ.EST,1.4683748
,Aruba,2008,GOV_WGI_RQ.EST,1.1125128
,Aruba,2007,GOV_WGI_RQ.EST,1.1154374
,Aruba,2006,GOV_WGI_RQ.EST,1.1088431
,Aruba,2005,GOV_WGI_RQ.EST,1.1126306
AUS,Australia,2024,GOV_WGI_RQ.EST,1.7223205
AUS,Australia,2023,GOV_WGI_RQ.EST,1.8131125
AUS,Australia,2022,GOV_WGI_RQ.EST,1.8002733
AUS,Australia,2021,GOV_WGI_RQ.EST,1.7860103
AUS,Australia,2020,GOV_WGI_RQ.EST,1.7684279
AUS,Australia,2019,GOV_WGI_RQ.EST,1.8466041
AUS,Australia,2018,GOV_WGI_RQ.EST,1.828177
AUS,Australia,2017,GOV_WGI_RQ.EST,1.8256736
AUS,Australia,2016,GOV_WGI_RQ.EST,1.8140649
AUS,Australia,2015,GOV_WGI_RQ.EST,1.7397648
AUS,Australia,2014,GOV_WGI_RQ.EST,1.7469317
AUS,Australia,2013,GOV_WGI_RQ.EST,1.8805423
AUS,Australia,2012,GOV_WGI_RQ.EST,1.9300031
AUS,Australia,2011,GOV_WGI_RQ.EST,1.8396635
AUS,Australia,2010,GOV_WGI_RQ.EST,1.6844562
AUS,Australia,2009,GOV_WGI_RQ.EST,1.7676719
AUS,Australia,2008,GOV_WGI_RQ.EST,1.8514548
AUS,Australia,2007,GOV_WGI_RQ.EST,1.8241496
AUS,Australia,2006,GOV_WGI_RQ.EST,1.8169421
AUS,Australia,2005,GOV_WGI_RQ.EST,1.8022988
AUT,Austria,2024,GOV_WGI_RQ.EST,1.3510615
AUT,Austria,2023,GOV_WGI_RQ.EST,1.4120974
AUT,Austria,2022,GOV_WGI_RQ.EST,1.4011869
AUT,Austria,2021,GOV_WGI_RQ.EST,1.4481822
AUT,Austria,2020,GOV_WGI_RQ.EST,1.4737069
AUT,Austria,2019,GOV_WGI_RQ.EST,1.5588698
AUT,Austria,2018,GOV_WGI_RQ.EST,1.530712
AUT,Austria,2017,GOV_WGI_RQ.EST,1.4202869
AUT,Austria,2016,GOV_WGI_RQ.EST,1.3915836
AUT,Austria,2015,GOV_WGI_RQ.EST,1.2822536
AUT,Austria,2014,GOV_WGI_RQ.EST,1.3187394
AUT,Austria,2013,GOV_WGI_RQ.EST,1.4173873
AUT,Austria,2012,GOV_WGI_RQ.EST,1.5292054
AUT,Austria,2011,GOV_WGI_RQ.EST,1.5512902
AUT,Austria,2010,GOV_WGI_RQ.EST,1.6301795
AUT,Austria,2009,GOV_WGI_RQ.EST,1.5818903
AUT,Austria,2008,GOV_WGI_RQ.EST,1.68265
AUT,Austria,2007,GOV_WGI_RQ.EST,1.8293257
AUT,Austria,2006,GOV_WGI_RQ.EST,1.8071966
AUT,Austria,2005,GOV_WGI_RQ.EST,1.7536506
AZE,Azerbaijan,2024,GOV_WGI_RQ.EST,0.1348932
AZE,Azerbaijan,2023,GOV_WGI_RQ.EST,0.0432245
AZE,Azerbaijan,2022,GOV_WGI_RQ.EST,-0.0606320999999999
AZE,Azerbaijan,2021,GOV_WGI_RQ.EST,-0.0594814
AZE,Azerbaijan,2020,GOV_WGI_RQ.EST,-0.1055885
AZE,Azerbaijan,2019,GOV_WGI_RQ.EST,-0.1045151
AZE,Azerbaijan,2018,GOV_WGI_RQ.EST,-0.2005079
AZE,Azerbaijan,2017,GOV_WGI_RQ.EST,-0.185369999999999
AZE,Azerbaijan,2016,GOV_WGI_RQ.EST,-0.216678799999999
AZE,Azerbaijan,2015,GOV_WGI_RQ.EST,-0.261817099999999
AZE,Azerbaijan,2014,GOV_WGI_RQ.EST,-0.2770165
AZE,Azerbaijan,2013,GOV_WGI_RQ.EST,-0.389969499999999
AZE,Azerbaijan,2012,GOV_WGI_RQ.EST,-0.489390799999999
AZE,Azerbaijan,2011,GOV_WGI_RQ.EST,-0.4419223
AZE,Azerbaijan,2010,GOV_WGI_RQ.EST,-0.4634625
AZE,Azerbaijan,2009,GOV_WGI_RQ.EST,-0.3326616
AZE,Azerbaijan,2008,GOV_WGI_RQ.EST,-0.3763567
AZE,Azerbaijan,2007,GOV_WGI_RQ.EST,-0.4496343
AZE,Azerbaijan,2006,GOV_WGI_RQ.EST,-0.488286
AZE,Azerbaijan,2005,GOV_WGI_RQ.EST,-0.542242
BHS,"Bahamas, The",2024,GOV_WGI_RQ.EST,-0.107257899999999
BHS,"Bahamas, The",2023,GOV_WGI_RQ.EST,-0.0942177999999999
BHS,"Bahamas, The",2022,GOV_WGI_RQ.EST,-0.0671185
BHS,"Bahamas, The",2021,GOV_WGI_RQ.EST,-0.020375
BHS,"Bahamas, The",2020,GOV_WGI_RQ.EST,-0.0114288999999999
BHS,"Bahamas, The",2019,GOV_WGI_RQ.EST,-0.00398039999999999
BHS,"Bahamas, The",2018,GOV_WGI_RQ.EST,0.1415783
BHS,"Bahamas, The",2017,GOV_WGI_RQ.EST,0.0716726
BHS,"Bahamas, The",2016,GOV_WGI_RQ.EST,0.2183789
BHS,"Bahamas, The",2015,GOV_WGI_RQ.EST,0.1858547
BHS,"Bahamas, The",2014,GOV_WGI_RQ.EST,0.3567767
BHS,"Bahamas, The",2013,GOV_WGI_RQ.EST,0.4393561
BHS,"Bahamas, The",2012,GOV_WGI_RQ.EST,0.5761701
BHS,"Bahamas, The",2011,GOV_WGI_RQ.EST,0.5800603
BHS,"Bahamas, The",2010,GOV_WGI_RQ.EST,0.6386137
BHS,"Bahamas, The",2009,GOV_WGI_RQ.EST,0.7563823
BHS,"Bahamas, The",2008,GOV_WGI_RQ.EST,1.1802739
BHS,"Bahamas, The",2007,GOV_WGI_RQ.EST,1.1818715
BHS,"Bahamas, The",2006,GOV_WGI_RQ.EST,1.1782693
BHS,"Bahamas, The",2005,GOV_WGI_RQ.EST,1.2495403
BHR,Bahrain,2024,GOV_WGI_RQ.EST,0.9502434
BHR,Bahrain,2023,GOV_WGI_RQ.EST,0.9096095
BHR,Bahrain,2022,GOV_WGI_RQ.EST,0.8697953
BHR,Bahrain,2021,GOV_WGI_RQ.EST,0.7964885
BHR,Bahrain,2020,GOV_WGI_RQ.EST,0.5553824
BHR,Bahrain,2019,GOV_WGI_RQ.EST,0.5202512
BHR,Bahrain,2018,GOV_WGI_RQ.EST,0.4964201
BHR,Bahrain,2017,GOV_WGI_RQ.EST,0.4961675
BHR,Bahrain,2016,GOV_WGI_RQ.EST,0.5338814
BHR,Bahrain,2015,GOV_WGI_RQ.EST,0.7369814
BHR,Bahrain,2014,GOV_WGI_RQ.EST,0.6266024
BHR,Bahrain,2013,GOV_WGI_RQ.EST,0.819964
BHR,Bahrain,2012,GOV_WGI_RQ.EST,0.8032498
BHR,Bahrain,2011,GOV_WGI_RQ.EST,0.9001858
BHR,Bahrain,2010,GOV_WGI_RQ.EST,0.8816129
BHR,Bahrain,2009,GOV_WGI_RQ.EST,0.8294237
BHR,Bahrain,2008,GOV_WGI_RQ.EST,0.807801
BHR,Bahrain,2007,GOV_WGI_RQ.EST,0.9343915
BHR,Bahrain,2006,GOV_WGI_RQ.EST,0.8170927
BHR,Bahrain,2005,GOV_WGI_RQ.EST,0.8246032
BGD,Bangladesh,2024,GOV_WGI_RQ.EST,-0.9500708
BGD,Bangladesh,2023,GOV_WGI_RQ.EST,-0.9009111
BGD,Bangladesh,2022,GOV_WGI_RQ.EST,-0.9240476
BGD,Bangladesh,2021,GOV_WGI_RQ.EST,-0.871176499999999
BGD,Bangladesh,2020,GOV_WGI_RQ.EST,-0.8942304
BGD,Bangladesh,2019,GOV_WGI_RQ.EST,-0.8895369
BGD,Bangladesh,2018,GOV_WGI_RQ.EST,-0.7854912
BGD,Bangladesh,2017,GOV_WGI_RQ.EST,-0.7430899
BGD,Bangladesh,2016,GOV_WGI_RQ.EST,-0.7592301
BGD,Bangladesh,2015,GOV_WGI_RQ.EST,-0.776809499999999
BGD,Bangladesh,2014,GOV_WGI_RQ.EST,-0.8964974
BGD,Bangladesh,2013,GOV_WGI_RQ.EST,-0.9494963
BGD,Bangladesh,2012,GOV_WGI_RQ.EST,-0.978781999999999
BGD,Bangladesh,2011,GOV_WGI_RQ.EST,-0.8270946
BGD,Bangladesh,2010,GOV_WGI_RQ.EST,-0.8368896
BGD,Bangladesh,2009,GOV_WGI_RQ.EST,-0.805300999999999
BGD,Bangladesh,2008,GOV_WGI_RQ.EST,-0.8632719
BGD,Bangladesh,2007,GOV_WGI_RQ.EST,-0.8672299
BGD,Bangladesh,2006,GOV_WGI_RQ.EST,-0.8740542
BGD,Bangladesh,2005,GOV_WGI_RQ.EST,-0.9816339
BRB,Barbados,2024,GOV_WGI_RQ.EST,0.4405032
BRB,Barbados,2023,GOV_WGI_RQ.EST,0.429255
BRB,Barbados,2022,GOV_WGI_RQ.EST,0.4039531
BRB,Barbados,2021,GOV_WGI_RQ.EST,0.4761062
BRB,Barbados,2020,GOV_WGI_RQ.EST,0.401461
BRB,Barbados,2019,GOV_WGI_RQ.EST,0.3609854
BRB,Barbados,2018,GOV_WGI_RQ.EST,0.4221577
BRB,Barbados,2017,GOV_WGI_RQ.EST,0.449052
BRB,Barbados,2016,GOV_WGI_RQ.EST,0.539714
BRB,Barbados,2015,GOV_WGI_RQ.EST,0.5798223
BRB,Barbados,2014,GOV_WGI_RQ.EST,0.364218
BRB,Barbados,2013,GOV_WGI_RQ.EST,0.6885383
BRB,Barbados,2012,GOV_WGI_RQ.EST,0.6839117
BRB,Barbados,2011,GOV_WGI_RQ.EST,0.7575873
BRB,Barbados,2010,GOV_WGI_RQ.EST,0.6270269
BRB,Barbados,2009,GOV_WGI_RQ.EST,0.7681543
BRB,Barbados,2008,GOV_WGI_RQ.EST,1.1039726
BRB,Barbados,2007,GOV_WGI_RQ.EST,1.1426371
BRB,Barbados,2006,GOV_WGI_RQ.EST,1.0234606
BRB,Barbados,2005,GOV_WGI_RQ.EST,1.2632409
BLR,Belarus,2024,GOV_WGI_RQ.EST,-1.23226899999999
BLR,Belarus,2023,GOV_WGI_RQ.EST,-1.175204
BLR,Belarus,2022,GOV_WGI_RQ.EST,-1.0760793
BLR,Belarus,2021,GOV_WGI_RQ.EST,-0.7942597
BLR,Belarus,2020,GOV_WGI_RQ.EST,-0.6830906
BLR,Belarus,2019,GOV_WGI_RQ.EST,-0.5076275
BLR,Belarus,2018,GOV_WGI_RQ.EST,-0.7883245
BLR,Belarus,2017,GOV_WGI_RQ.EST,-0.8816836
BLR,Belarus,2016,GOV_WGI_RQ.EST,-0.914265099999999
BLR,Belarus,2015,GOV_WGI_RQ.EST,-1.0025727
BLR,Belarus,2014,GOV_WGI_RQ.EST,-0.8946824
BLR,Belarus,2013,GOV_WGI_RQ.EST,-1.0356233
BLR,Belarus,2012,GOV_WGI_RQ.EST,-1.0299101
BLR,Belarus,2011,GOV_WGI_RQ.EST,-1.3322808
BLR,Belarus,2010,GOV_WGI_RQ.EST,-1.1710193
BLR,Belarus,2009,GOV_WGI_RQ.EST,-1.19544119999999
BLR,Belarus,2008,GOV_WGI_RQ.EST,-1.219009
BLR,Belarus,2007,GOV_WGI_RQ.EST,-1.5355625
BLR,Belarus,2006,GOV_WGI_RQ.EST,-1.6115017
BLR,Belarus,2005,GOV_WGI_RQ.EST,-1.2547914
BEL,Belgium,2024,GOV_WGI_RQ.EST,1.2435483
BEL,Belgium,2023,GOV_WGI_RQ.EST,1.2914096
BEL,Belgium,2022,GOV_WGI_RQ.EST,1.4079657
BEL,Belgium,2021,GOV_WGI_RQ.EST,1.3954035
BEL,Belgium,2020,GOV_WGI_RQ.EST,1.3238216
BEL,Belgium,2019,GOV_WGI_RQ.EST,1.2890183
BEL,Belgium,2018,GOV_WGI_RQ.EST,1.2683788
BEL,Belgium,2017,GOV_WGI_RQ.EST,1.2707575
BEL,Belgium,2016,GOV_WGI_RQ.EST,1.3239138
BEL,Belgium,2015,GOV_WGI_RQ.EST,1.1764063
BEL,Belgium,2014,GOV_WGI_RQ.EST,0.9346005
BEL,Belgium,2013,GOV_WGI_RQ.EST,1.1209955
BEL,Belgium,2012,GOV_WGI_RQ.EST,1.1007296
BEL,Belgium,2011,GOV_WGI_RQ.EST,1.0640569
BEL,Belgium,2010,GOV_WGI_RQ.EST,1.1312828
BEL,Belgium,2009,GOV_WGI_RQ.EST,1.1712766
BEL,Belgium,2008,GOV_WGI_RQ.EST,1.2424396
BEL,Belgium,2007,GOV_WGI_RQ.EST,1.4648803
BEL,Belgium,2006,GOV_WGI_RQ.EST,1.453742
BEL,Belgium,2005,GOV_WGI_RQ.EST,1.412689
BLZ,Belize,2024,GOV_WGI_RQ.EST,-0.450078
BLZ,Belize,2023,GOV_WGI_RQ.EST,-0.493012699999999
BLZ,Belize,2022,GOV_WGI_RQ.EST,-0.617476
BLZ,Belize,2021,GOV_WGI_RQ.EST,-0.6067267
BLZ,Belize,2020,GOV_WGI_RQ.EST,-0.5762528
BLZ,Belize,2019,GOV_WGI_RQ.EST,-0.574924099999999
BLZ,Belize,2018,GOV_WGI_RQ.EST,-0.663063499999999
BLZ,Belize,2017,GOV_WGI_RQ.EST,-0.5395473
BLZ,Belize,2016,GOV_WGI_RQ.EST,-0.4649404
BLZ,Belize,2015,GOV_WGI_RQ.EST,-0.5037448
BLZ,Belize,2014,GOV_WGI_RQ.EST,-0.5535223
BLZ,Belize,2013,GOV_WGI_RQ.EST,-0.328449799999999
BLZ,Belize,2012,GOV_WGI_RQ.EST,-0.3279258
BLZ,Belize,2011,GOV_WGI_RQ.EST,-0.2862027
BLZ,Belize,2010,GOV_WGI_RQ.EST,-0.1986764
BLZ,Belize,2009,GOV_WGI_RQ.EST,-0.2465423
BLZ,Belize,2008,GOV_WGI_RQ.EST,-0.242615399999999
BLZ,Belize,2007,GOV_WGI_RQ.EST,-0.2546231
BLZ,Belize,2006,GOV_WGI_RQ.EST,-0.256857
BLZ,Belize,2005,GOV_WGI_RQ.EST,0.0728263
BEN,Benin,2024,GOV_WGI_RQ.EST,-0.277262399999999
BEN,Benin,2023,GOV_WGI_RQ.EST,-0.2359682
BEN,Benin,2022,GOV_WGI_RQ.EST,-0.2859729
BEN,Benin,2021,GOV_WGI_RQ.EST,-0.3792796
BEN,Benin,2020,GOV_WGI_RQ.EST,-0.436359599999999
BEN,Benin,2019,GOV_WGI_RQ.EST,-0.4897407
BEN,Benin,2018,GOV_WGI_RQ.EST,-0.451924599999999
BEN,Benin,2017,GOV_WGI_RQ.EST,-0.457321
BEN,Benin,2016,GOV_WGI_RQ.EST,-0.4684046
BEN,Benin,2015,GOV_WGI_RQ.EST,-0.538424999999999
BEN,Benin,2014,GOV_WGI_RQ.EST,-0.5574079
BEN,Benin,2013,GOV_WGI_RQ.EST,-0.5705637
BEN,Benin,2012,GOV_WGI_RQ.EST,-0.5416802
BEN,Benin,2011,GOV_WGI_RQ.EST,-0.4622483
BEN,Benin,2010,GOV_WGI_RQ.EST,-0.4195411
BEN,Benin,2009,GOV_WGI_RQ.EST,-0.4130317
BEN,Benin,2008,GOV_WGI_RQ.EST,-0.5357423
BEN,Benin,2007,GOV_WGI_RQ.EST,-0.466746599999999
BEN,Benin,2006,GOV_WGI_RQ.EST,-0.4800831
BEN,Benin,2005,GOV_WGI_RQ.EST,-0.4866853
,Bermuda,2024,GOV_WGI_RQ.EST,0.6285431
,Bermuda,2023,GOV_WGI_RQ.EST,0.6271987
,Bermuda,2022,GOV_WGI_RQ.EST,0.8633998
,Bermuda,2021,GOV_WGI_RQ.EST,0.868972
,Bermuda,2020,GOV_WGI_RQ.EST,0.8710628
,Bermuda,2019,GOV_WGI_RQ.EST,0.8762608
,Bermuda,2018,GOV_WGI_RQ.EST,0.8732079
,Bermuda,2017,GOV_WGI_RQ.EST,0.8720819
,Bermuda,2016,GOV_WGI_RQ.EST,0.8693433
,Bermuda,2015,GOV_WGI_RQ.EST,0.6299601
,Bermuda,2014,GOV_WGI_RQ.EST,0.6188909
,Bermuda,2013,GOV_WGI_RQ.EST,1.4515456
,Bermuda,2012,GOV_WGI_RQ.EST,1.4532839
,Bermuda,2011,GOV_WGI_RQ.EST,1.4650118
,Bermuda,2010,GOV_WGI_RQ.EST,1.4639385
,Bermuda,2009,GOV_WGI_RQ.EST,1.4637871
,Bermuda,2008,GOV_WGI_RQ.EST,1.4677051
,Bermuda,2007,GOV_WGI_RQ.EST,1.4706297
,Bermuda,2006,GOV_WGI_RQ.EST,1.4640353
,Bermuda,2005,GOV_WGI_RQ.EST,1.4678229
BTN,Bhutan,2024,GOV_WGI_RQ.EST,-0.0912943
BTN,Bhutan,2023,GOV_WGI_RQ.EST,-0.109245
BTN,Bhutan,2022,GOV_WGI_RQ.EST,-0.109357799999999
BTN,Bhutan,2021,GOV_WGI_RQ.EST,-0.0451337
BTN,Bhutan,2020,GOV_WGI_RQ.EST,-0.0309429
BTN,Bhutan,2019,GOV_WGI_RQ.EST,-0.0695533
BTN,Bhutan,2018,GOV_WGI_RQ.EST,-0.0472384
BTN,Bhutan,2017,GOV_WGI_RQ.EST,-0.1285626
BTN,Bhutan,2016,GOV_WGI_RQ.EST,-0.344325999999999
BTN,Bhutan,2015,GOV_WGI_RQ.EST,-0.401577299999999
BTN,Bhutan,2014,GOV_WGI_RQ.EST,-0.727548099999999
BTN,Bhutan,2013,GOV_WGI_RQ.EST,-0.8405889
BTN,Bhutan,2012,GOV_WGI_RQ.EST,-0.8397388
BTN,Bhutan,2011,GOV_WGI_RQ.EST,-0.8648393
BTN,Bhutan,2010,GOV_WGI_RQ.EST,-0.867229399999999
BTN,Bhutan,2009,GOV_WGI_RQ.EST,-0.841758
BTN,Bhutan,2008,GOV_WGI_RQ.EST,-0.557140499999999
BTN,Bhutan,2007,GOV_WGI_RQ.EST,-0.4721196
BTN,Bhutan,2006,GOV_WGI_RQ.EST,-0.486986
BTN,Bhutan,2005,GOV_WGI_RQ.EST,-0.1572539
BOL,Bolivia,2024,GOV_WGI_RQ.EST,-1.2544304
BOL,Bolivia,2023,GOV_WGI_RQ.EST,-1.1594687
BOL,Bolivia,2022,GOV_WGI_RQ.EST,-1.13735149999999
BOL,Bolivia,2021,GOV_WGI_RQ.EST,-1.117001
BOL,Bolivia,2020,GOV_WGI_RQ.EST,-1.0510123
BOL,Bolivia,2019,GOV_WGI_RQ.EST,-0.9755809
BOL,Bolivia,2018,GOV_WGI_RQ.EST,-0.8485465
BOL,Bolivia,2017,GOV_WGI_RQ.EST,-0.829255299999999
BOL,Bolivia,2016,GOV_WGI_RQ.EST,-0.8393587
BOL,Bolivia,2015,GOV_WGI_RQ.EST,-0.8213682
BOL,Bolivia,2014,GOV_WGI_RQ.EST,-0.8423377
BOL,Bolivia,2013,GOV_WGI_RQ.EST,-0.856648299999999
BOL,Bolivia,2012,GOV_WGI_RQ.EST,-0.8690743
BOL,Bolivia,2011,GOV_WGI_RQ.EST,-0.799982699999999
BOL,Bolivia,2010,GOV_WGI_RQ.EST,-0.8393752
BOL,Bolivia,2009,GOV_WGI_RQ.EST,-0.8805278
BOL,Bolivia,2008,GOV_WGI_RQ.EST,-0.808172799999999
BOL,Bolivia,2007,GOV_WGI_RQ.EST,-0.7718798
BOL,Bolivia,2006,GOV_WGI_RQ.EST,-0.6627217
BOL,Bolivia,2005,GOV_WGI_RQ.EST,-0.3222565
BIH,Bosnia and Herzegovina,2024,GOV_WGI_RQ.EST,-0.349848899999999
BIH,Bosnia and Herzegovina,2023,GOV_WGI_RQ.EST,-0.3476707
BIH,Bosnia and Herzegovina,2022,GOV_WGI_RQ.EST,-0.3795221
BIH,Bosnia and Herzegovina,2021,GOV_WGI_RQ.EST,-0.3797619
BIH,Bosnia and Herzegovina,2020,GOV_WGI_RQ.EST,-0.3741576
BIH,Bosnia and Herzegovina,2019,GOV_WGI_RQ.EST,-0.3767077
BIH,Bosnia and Herzegovina,2018,GOV_WGI_RQ.EST,-0.3157976
BIH,Bosnia and Herzegovina,2017,GOV_WGI_RQ.EST,-0.1684447
BIH,Bosnia and Herzegovina,2016,GOV_WGI_RQ.EST,-0.2439076
BIH,Bosnia and Herzegovina,2015,GOV_WGI_RQ.EST,-0.2509226
BIH,Bosnia and Herzegovina,2014,GOV_WGI_RQ.EST,-0.1859247
BIH,Bosnia and Herzegovina,2013,GOV_WGI_RQ.EST,-0.2013766
BIH,Bosnia and Herzegovina,2012,GOV_WGI_RQ.EST,-0.205219999999999
BIH,Bosnia and Herzegovina,2011,GOV_WGI_RQ.EST,-0.2715825
BIH,Bosnia and Herzegovina,2010,GOV_WGI_RQ.EST,-0.2413666
BIH,Bosnia and Herzegovina,2009,GOV_WGI_RQ.EST,-0.208602999999999
BIH,Bosnia and Herzegovina,2008,GOV_WGI_RQ.EST,-0.207967799999999
BIH,Bosnia and Herzegovina,2007,GOV_WGI_RQ.EST,-0.2740336
BIH,Bosnia and Herzegovina,2006,GOV_WGI_RQ.EST,-0.302689999999999
BIH,Bosnia and Herzegovina,2005,GOV_WGI_RQ.EST,-0.384305199999999
BWA,Botswana,2024,GOV_WGI_RQ.EST,0.4019336
BWA,Botswana,2023,GOV_WGI_RQ.EST,0.446548
BWA,Botswana,2022,GOV_WGI_RQ.EST,0.4849039
BWA,Botswana,2021,GOV_WGI_RQ.EST,0.459995
BWA,Botswana,2020,GOV_WGI_RQ.EST,0.3891703
BWA,Botswana,2019,GOV_WGI_RQ.EST,0.4296886
BWA,Botswana,2018,GOV_WGI_RQ.EST,0.5568633
BWA,Botswana,2017,GOV_WGI_RQ.EST,0.5386963
BWA,Botswana,2016,GOV_WGI_RQ.EST,0.6279767
BWA,Botswana,2015,GOV_WGI_RQ.EST,0.6069256
BWA,Botswana,2014,GOV_WGI_RQ.EST,0.7233534
BWA,Botswana,2013,GOV_WGI_RQ.EST,0.7803101
BWA,Botswana,2012,GOV_WGI_RQ.EST,0.8758155
BWA,Botswana,2011,GOV_WGI_RQ.EST,0.7899782
BWA,Botswana,2010,GOV_WGI_RQ.EST,0.8006087
BWA,Botswana,2009,GOV_WGI_RQ.EST,0.7844959
BWA,Botswana,2008,GOV_WGI_RQ.EST,0.7587681
BWA,Botswana,2007,GOV_WGI_RQ.EST,0.6526476
BWA,Botswana,2006,GOV_WGI_RQ.EST,0.6285938
BWA,Botswana,2005,GOV_WGI_RQ.EST,0.8046831
BRA,Brazil,2024,GOV_WGI_RQ.EST,-0.2945386
BRA,Brazil,2023,GOV_WGI_RQ.EST,-0.2359869
BRA,Brazil,2022,GOV_WGI_RQ.EST,-0.1989311
BRA,Brazil,2021,GOV_WGI_RQ.EST,-0.1510718
BRA,Brazil,2020,GOV_WGI_RQ.EST,-0.1518853
BRA,Brazil,2019,GOV_WGI_RQ.EST,-0.099421
BRA,Brazil,2018,GOV_WGI_RQ.EST,-0.244291999999999
BRA,Brazil,2017,GOV_WGI_RQ.EST,-0.106341399999999
BRA,Brazil,2016,GOV_WGI_RQ.EST,-0.0962291
BRA,Brazil,2015,GOV_WGI_RQ.EST,-0.0963301999999999
BRA,Brazil,2014,GOV_WGI_RQ.EST,-0.0364999
BRA,Brazil,2013,GOV_WGI_RQ.EST,0.1300154
BRA,Brazil,2012,GOV_WGI_RQ.EST,0.1894102
BRA,Brazil,2011,GOV_WGI_RQ.EST,0.1885087
BRA,Brazil,2010,GOV_WGI_RQ.EST,0.1900322
BRA,Brazil,2009,GOV_WGI_RQ.EST,0.1497206
BRA,Brazil,2008,GOV_WGI_RQ.EST,0.1558475
BRA,Brazil,2007,GOV_WGI_RQ.EST,-0.0432525999999999
BRA,Brazil,2006,GOV_WGI_RQ.EST,0.0008242
BRA,Brazil,2005,GOV_WGI_RQ.EST,0.0948275
BRN,Brunei Darussalam,2024,GOV_WGI_RQ.EST,0.8869612
BRN,Brunei Darussalam,2023,GOV_WGI_RQ.EST,0.8078928
BRN,Brunei Darussalam,2022,GOV_WGI_RQ.EST,0.8654815
BRN,Brunei Darussalam,2021,GOV_WGI_RQ.EST,0.86713
BRN,Brunei Darussalam,2020,GOV_WGI_RQ.EST,0.8099842
BRN,Brunei Darussalam,2019,GOV_WGI_RQ.EST,0.8013123
BRN,Brunei Darussalam,2018,GOV_WGI_RQ.EST,0.8702446
BRN,Brunei Darussalam,2017,GOV_WGI_RQ.EST,0.8630799
BRN,Brunei Darussalam,2016,GOV_WGI_RQ.EST,0.7803651
BRN,Brunei Darussalam,2015,GOV_WGI_RQ.EST,0.9482167
BRN,Brunei Darussalam,2014,GOV_WGI_RQ.EST,1.0142248
BRN,Brunei Darussalam,2013,GOV_WGI_RQ.EST,1.0783592
BRN,Brunei Darussalam,2012,GOV_WGI_RQ.EST,0.9898506
BRN,Brunei Darussalam,2011,GOV_WGI_RQ.EST,1.0180884
BRN,Brunei Darussalam,2010,GOV_WGI_RQ.EST,1.0035146
BRN,Brunei Darussalam,2009,GOV_WGI_RQ.EST,1.0232638
BRN,Brunei Darussalam,2008,GOV_WGI_RQ.EST,0.949121
BRN,Brunei Darussalam,2007,GOV_WGI_RQ.EST,1.1739818
BRN,Brunei Darussalam,2006,GOV_WGI_RQ.EST,1.1694272
BRN,Brunei Darussalam,2005,GOV_WGI_RQ.EST,1.1720432
BGR,Bulgaria,2024,GOV_WGI_RQ.EST,0.2880342
BGR,Bulgaria,2023,GOV_WGI_RQ.EST,0.351784
BGR,Bulgaria,2022,GOV_WGI_RQ.EST,0.2475956
BGR,Bulgaria,2021,GOV_WGI_RQ.EST,0.3229289
BGR,Bulgaria,2020,GOV_WGI_RQ.EST,0.3077122
BGR,Bulgaria,2019,GOV_WGI_RQ.EST,0.4580563
BGR,Bulgaria,2018,GOV_WGI_RQ.EST,0.4816346
BGR,Bulgaria,2017,GOV_WGI_RQ.EST,0.5379574
BGR,Bulgaria,2016,GOV_WGI_RQ.EST,0.5564144
BGR,Bulgaria,2015,GOV_WGI_RQ.EST,0.4178283
BGR,Bulgaria,2014,GOV_WGI_RQ.EST,0.3082609
BGR,Bulgaria,2013,GOV_WGI_RQ.EST,0.2963471
BGR,Bulgaria,2012,GOV_WGI_RQ.EST,0.3314826
BGR,Bulgaria,2011,GOV_WGI_RQ.EST,0.3293894
BGR,Bulgaria,2010,GOV_WGI_RQ.EST,0.4826727
BGR,Bulgaria,2009,GOV_WGI_RQ.EST,0.5008737
BGR,Bulgaria,2008,GOV_WGI_RQ.EST,0.62931
BGR,Bulgaria,2007,GOV_WGI_RQ.EST,0.5972288
BGR,Bulgaria,2006,GOV_WGI_RQ.EST,0.5521691
BGR,Bulgaria,2005,GOV_WGI_RQ.EST,0.6353859
BFA,Burkina Faso,2024,GOV_WGI_RQ.EST,-0.5255615
BFA,Burkina Faso,2023,GOV_WGI_RQ.EST,-0.4822862
BFA,Burkina Faso,2022,GOV_WGI_RQ.EST,-0.497673999999999
BFA,Burkina Faso,2021,GOV_WGI_RQ.EST,-0.4590282
BFA,Burkina Faso,2020,GOV_WGI_RQ.EST,-0.4990944
BFA,Burkina Faso,2019,GOV_WGI_RQ.EST,-0.4675262
BFA,Burkina Faso,2018,GOV_WGI_RQ.EST,-0.423763899999999
BFA,Burkina Faso,2017,GOV_WGI_RQ.EST,-0.415901199999999
BFA,Burkina Faso,2016,GOV_WGI_RQ.EST,-0.425305
BFA,Burkina Faso,2015,GOV_WGI_RQ.EST,-0.4192478
BFA,Burkina Faso,2014,GOV_WGI_RQ.EST,-0.352730899999999
BFA,Burkina Faso,2013,GOV_WGI_RQ.EST,-0.2644979
BFA,Burkina Faso,2012,GOV_WGI_RQ.EST,-0.246521599999999
BFA,Burkina Faso,2011,GOV_WGI_RQ.EST,-0.192947099999999
BFA,Burkina Faso,2010,GOV_WGI_RQ.EST,-0.158146999999999
BFA,Burkina Faso,2009,GOV_WGI_RQ.EST,-0.1701373
BFA,Burkina Faso,2008,GOV_WGI_RQ.EST,-0.2003633
BFA,Burkina Faso,2007,GOV_WGI_RQ.EST,-0.4141766
BFA,Burkina Faso,2006,GOV_WGI_RQ.EST,-0.509289099999999
BFA,Burkina Faso,2005,GOV_WGI_RQ.EST,-0.645759299999999
BDI,Burundi,2024,GOV_WGI_RQ.EST,-0.8138576
BDI,Burundi,2023,GOV_WGI_RQ.EST,-0.882728
BDI,Burundi,2022,GOV_WGI_RQ.EST,-0.9203619
BDI,Burundi,2021,GOV_WGI_RQ.EST,-1.00004119999999
BDI,Burundi,2020,GOV_WGI_RQ.EST,-1.0171598
BDI,Burundi,2019,GOV_WGI_RQ.EST,-0.926177799999999
BDI,Burundi,2018,GOV_WGI_RQ.EST,-0.9758328
BDI,Burundi,2017,GOV_WGI_RQ.EST,-0.8542464
BDI,Burundi,2016,GOV_WGI_RQ.EST,-0.8927645
BDI,Burundi,2015,GOV_WGI_RQ.EST,-0.877409999999999
BDI,Burundi,2014,GOV_WGI_RQ.EST,-0.859611399999999
BDI,Burundi,2013,GOV_WGI_RQ.EST,-0.975190999999999
BDI,Burundi,2012,GOV_WGI_RQ.EST,-0.925571199999999
BDI,Burundi,2011,GOV_WGI_RQ.EST,-0.974507799999999
BDI,Burundi,2010,GOV_WGI_RQ.EST,-1.02492729999999
BDI,Burundi,2009,GOV_WGI_RQ.EST,-1.04555699999999
BDI,Burundi,2008,GOV_WGI_RQ.EST,-1.0984439
BDI,Burundi,2007,GOV_WGI_RQ.EST,-1.0994268
BDI,Burundi,2006,GOV_WGI_RQ.EST,-1.1055913
BDI,Burundi,2005,GOV_WGI_RQ.EST,-1.1965385
CPV,Cabo Verde,2024,GOV_WGI_RQ.EST,0.0451434
CPV,Cabo Verde,2023,GOV_WGI_RQ.EST,0.0966797
CPV,Cabo Verde,2022,GOV_WGI_RQ.EST,0.0965552
CPV,Cabo Verde,2021,GOV_WGI_RQ.EST,0.0657809
CPV,Cabo Verde,2020,GOV_WGI_RQ.EST,0.00220269999999999
CPV,Cabo Verde,2019,GOV_WGI_RQ.EST,-0.054116
CPV,Cabo Verde,2018,GOV_WGI_RQ.EST,-0.207029699999999
CPV,Cabo Verde,2017,GOV_WGI_RQ.EST,-0.1391468
CPV,Cabo Verde,2016,GOV_WGI_RQ.EST,-0.1817907
CPV,Cabo Verde,2015,GOV_WGI_RQ.EST,-0.213468
CPV,Cabo Verde,2014,GOV_WGI_RQ.EST,-0.1956659
CPV,Cabo Verde,2013,GOV_WGI_RQ.EST,-0.1824181
CPV,Cabo Verde,2012,GOV_WGI_RQ.EST,-0.0338918999999999
CPV,Cabo Verde,2011,GOV_WGI_RQ.EST,-0.0077972
CPV,Cabo Verde,2010,GOV_WGI_RQ.EST,-0.1195222
CPV,Cabo Verde,2009,GOV_WGI_RQ.EST,-0.0620019
CPV,Cabo Verde,2008,GOV_WGI_RQ.EST,-0.1384274
CPV,Cabo Verde,2007,GOV_WGI_RQ.EST,-0.199633999999999
CPV,Cabo Verde,2006,GOV_WGI_RQ.EST,-0.300431499999999
CPV,Cabo Verde,2005,GOV_WGI_RQ.EST,-0.3681731
KHM,Cambodia,2024,GOV_WGI_RQ.EST,-0.6313721
KHM,Cambodia,2023,GOV_WGI_RQ.EST,-0.676237299999999
KHM,Cambodia,2022,GOV_WGI_RQ.EST,-0.6946692
KHM,Cambodia,2021,GOV_WGI_RQ.EST,-0.6885401
KHM,Cambodia,2020,GOV_WGI_RQ.EST,-0.696444
KHM,Cambodia,2019,GOV_WGI_RQ.EST,-0.6492291
KHM,Cambodia,2018,GOV_WGI_RQ.EST,-0.5908086
KHM,Cambodia,2017,GOV_WGI_RQ.EST,-0.603996499999999
KHM,Cambodia,2016,GOV_WGI_RQ.EST,-0.567275899999999
KHM,Cambodia,2015,GOV_WGI_RQ.EST,-0.6326758
KHM,Cambodia,2014,GOV_WGI_RQ.EST,-0.6121749
KHM,Cambodia,2013,GOV_WGI_RQ.EST,-0.491139699999999
KHM,Cambodia,2012,GOV_WGI_RQ.EST,-0.516539899999999
KHM,Cambodia,2011,GOV_WGI_RQ.EST,-0.660577299999999
KHM,Cambodia,2010,GOV_WGI_RQ.EST,-0.411989799999999
KHM,Cambodia,2009,GOV_WGI_RQ.EST,-0.4303625
KHM,Cambodia,2008,GOV_WGI_RQ.EST,-0.4508525
KHM,Cambodia,2007,GOV_WGI_RQ.EST,-0.4484834
KHM,Cambodia,2006,GOV_WGI_RQ.EST,-0.525645599999999
KHM,Cambodia,2005,GOV_WGI_RQ.EST,-0.5046565
CMR,Cameroon,2024,GOV_WGI_RQ.EST,-0.728671499999999
CMR,Cameroon,2023,GOV_WGI_RQ.EST,-0.739391399999999
CMR,Cameroon,2022,GOV_WGI_RQ.EST,-0.754941299999999
CMR,Cameroon,2021,GOV_WGI_RQ.EST,-0.816719899999999
CMR,Cameroon,2020,GOV_WGI_RQ.EST,-0.7462458
CMR,Cameroon,2019,GOV_WGI_RQ.EST,-0.7732119
CMR,Cameroon,2018,GOV_WGI_RQ.EST,-0.774601499999999
CMR,Cameroon,2017,GOV_WGI_RQ.EST,-0.7908965
CMR,Cameroon,2016,GOV_WGI_RQ.EST,-0.7135794
CMR,Cameroon,2015,GOV_WGI_RQ.EST,-0.7586864
CMR,Cameroon,2014,GOV_WGI_RQ.EST,-0.8083541
CMR,Cameroon,2013,GOV_WGI_RQ.EST,-0.918762499999999
CMR,Cameroon,2012,GOV_WGI_RQ.EST,-0.9033095
CMR,Cameroon,2011,GOV_WGI_RQ.EST,-0.814931499999999
CMR,Cameroon,2010,GOV_WGI_RQ.EST,-0.7502651
CMR,Cameroon,2009,GOV_WGI_RQ.EST,-0.737478499999999
CMR,Cameroon,2008,GOV_WGI_RQ.EST,-0.708679899999999
CMR,Cameroon,2007,GOV_WGI_RQ.EST,-0.7119493
CMR,Cameroon,2006,GOV_WGI_RQ.EST,-0.79836
CMR,Cameroon,2005,GOV_WGI_RQ.EST,-0.798053399999999
CAN,Canada,2024,GOV_WGI_RQ.EST,1.3622118
CAN,Canada,2023,GOV_WGI_RQ.EST,1.572456
CAN,Canada,2022,GOV_WGI_RQ.EST,1.6322148
CAN,Canada,2021,GOV_WGI_RQ.EST,1.6316738
CAN,Canada,2020,GOV_WGI_RQ.EST,1.5928788
CAN,Canada,2019,GOV_WGI_RQ.EST,1.6826483
CAN,Canada,2018,GOV_WGI_RQ.EST,1.642282
CAN,Canada,2017,GOV_WGI_RQ.EST,1.8439556
CAN,Canada,2016,GOV_WGI_RQ.EST,1.7705123
CAN,Canada,2015,GOV_WGI_RQ.EST,1.6588804
CAN,Canada,2014,GOV_WGI_RQ.EST,1.6824307
CAN,Canada,2013,GOV_WGI_RQ.EST,1.7532264
CAN,Canada,2012,GOV_WGI_RQ.EST,1.7284567
CAN,Canada,2011,GOV_WGI_RQ.EST,1.5988621
CAN,Canada,2010,GOV_WGI_RQ.EST,1.6328448
CAN,Canada,2009,GOV_WGI_RQ.EST,1.6450966
CAN,Canada,2008,GOV_WGI_RQ.EST,1.6723661
CAN,Canada,2007,GOV_WGI_RQ.EST,1.6474877
CAN,Canada,2006,GOV_WGI_RQ.EST,1.7177452
CAN,Canada,2005,GOV_WGI_RQ.EST,1.7709616
,Cayman Islands,2024,GOV_WGI_RQ.EST,1.0749224
,Cayman Islands,2023,GOV_WGI_RQ.EST,1.0743068
,Cayman Islands,2022,GOV_WGI_RQ.EST,1.074035
,Cayman Islands,2021,GOV_WGI_RQ.EST,1.0765863
,Cayman Islands,2020,GOV_WGI_RQ.EST,1.0775435
,Cayman Islands,2019,GOV_WGI_RQ.EST,1.0799235
,Cayman Islands,2018,GOV_WGI_RQ.EST,1.0785257
,Cayman Islands,2017,GOV_WGI_RQ.EST,0.969592
,Cayman Islands,2016,GOV_WGI_RQ.EST,0.9683381
,Cayman Islands,2015,GOV_WGI_RQ.EST,0.967153
,Cayman Islands,2014,GOV_WGI_RQ.EST,0.9620849
,Cayman Islands,2013,GOV_WGI_RQ.EST,1.262008
,Cayman Islands,2012,GOV_WGI_RQ.EST,1.2628039
,Cayman Islands,2011,GOV_WGI_RQ.EST,1.2681736
,Cayman Islands,2010,GOV_WGI_RQ.EST,1.2676821
,Cayman Islands,2009,GOV_WGI_RQ.EST,1.2676128
,Cayman Islands,2008,GOV_WGI_RQ.EST,1.2901089
,Cayman Islands,2007,GOV_WGI_RQ.EST,1.4706297
,Cayman Islands,2006,GOV_WGI_RQ.EST,1.4640353
,Cayman Islands,2005,GOV_WGI_RQ.EST,1.4678229
CAF,Central African Republic,2024,GOV_WGI_RQ.EST,-1.268058
CAF,Central African Republic,2023,GOV_WGI_RQ.EST,-1.3283436
CAF,Central African Republic,2022,GOV_WGI_RQ.EST,-1.36948269999999
CAF,Central African Republic,2021,GOV_WGI_RQ.EST,-1.3937882
CAF,Central African Republic,2020,GOV_WGI_RQ.EST,-1.365152
CAF,Central African Republic,2019,GOV_WGI_RQ.EST,-1.36738239999999
CAF,Central African Republic,2018,GOV_WGI_RQ.EST,-1.36776269999999
CAF,Central African Republic,2017,GOV_WGI_RQ.EST,-1.4177784
CAF,Central African Republic,2016,GOV_WGI_RQ.EST,-1.4327731
CAF,Central African Republic,2015,GOV_WGI_RQ.EST,-1.51735929999999
CAF,Central African Republic,2014,GOV_WGI_RQ.EST,-1.51844619999999
CAF,Central African Republic,2013,GOV_WGI_RQ.EST,-1.4160967
CAF,Central African Republic,2012,GOV_WGI_RQ.EST,-1.1406329
CAF,Central African Republic,2011,GOV_WGI_RQ.EST,-1.1159256
CAF,Central African Republic,2010,GOV_WGI_RQ.EST,-1.1011777
CAF,Central African Republic,2009,GOV_WGI_RQ.EST,-1.1709528
CAF,Central African Republic,2008,GOV_WGI_RQ.EST,-1.29744709999999
CAF,Central African Republic,2007,GOV_WGI_RQ.EST,-1.29699649999999
CAF,Central African Republic,2006,GOV_WGI_RQ.EST,-1.3418318
CAF,Central African Republic,2005,GOV_WGI_RQ.EST,-1.3252678
TCD,Chad,2024,GOV_WGI_RQ.EST,-1.0878516
TCD,Chad,2023,GOV_WGI_RQ.EST,-1.083941
TCD,Chad,2022,GOV_WGI_RQ.EST,-1.0433507
TCD,Chad,2021,GOV_WGI_RQ.EST,-1.0888251
TCD,Chad,2020,GOV_WGI_RQ.EST,-1.1473695
TCD,Chad,2019,GOV_WGI_RQ.EST,-1.151166
TCD,Chad,2018,GOV_WGI_RQ.EST,-1.124001
TCD,Chad,2017,GOV_WGI_RQ.EST,-1.09164939999999
TCD,Chad,2016,GOV_WGI_RQ.EST,-1.14236
TCD,Chad,2015,GOV_WGI_RQ.EST,-1.150013
TCD,Chad,2014,GOV_WGI_RQ.EST,-1.1659712
TCD,Chad,2013,GOV_WGI_RQ.EST,-1.22437019999999
TCD,Chad,2012,GOV_WGI_RQ.EST,-1.2158533
TCD,Chad,2011,GOV_WGI_RQ.EST,-1.2004469
TCD,Chad,2010,GOV_WGI_RQ.EST,-1.2069765
TCD,Chad,2009,GOV_WGI_RQ.EST,-1.18069619999999
TCD,Chad,2008,GOV_WGI_RQ.EST,-1.2303822
TCD,Chad,2007,GOV_WGI_RQ.EST,-1.20383329999999
TCD,Chad,2006,GOV_WGI_RQ.EST,-1.2042054
TCD,Chad,2005,GOV_WGI_RQ.EST,-1.2715808
CHL,Chile,2024,GOV_WGI_RQ.EST,0.7807061
CHL,Chile,2023,GOV_WGI_RQ.EST,0.8474903
CHL,Chile,2022,GOV_WGI_RQ.EST,0.8278003
CHL,Chile,2021,GOV_WGI_RQ.EST,0.8736894
CHL,Chile,2020,GOV_WGI_RQ.EST,0.8902664
CHL,Chile,2019,GOV_WGI_RQ.EST,1.0772532
CHL,Chile,2018,GOV_WGI_RQ.EST,1.1753875
CHL,Chile,2017,GOV_WGI_RQ.EST,1.2402076
CHL,Chile,2016,GOV_WGI_RQ.EST,1.2761322
CHL,Chile,2015,GOV_WGI_RQ.EST,1.2230295
CHL,Chile,2014,GOV_WGI_RQ.EST,1.3238528
CHL,Chile,2013,GOV_WGI_RQ.EST,1.5014762
CHL,Chile,2012,GOV_WGI_RQ.EST,1.5473793
CHL,Chile,2011,GOV_WGI_RQ.EST,1.4886588
CHL,Chile,2010,GOV_WGI_RQ.EST,1.4678973
CHL,Chile,2009,GOV_WGI_RQ.EST,1.5580218
CHL,Chile,2008,GOV_WGI_RQ.EST,1.5972845
CHL,Chile,2007,GOV_WGI_RQ.EST,1.5927258
CHL,Chile,2006,GOV_WGI_RQ.EST,1.5971585
CHL,Chile,2005,GOV_WGI_RQ.EST,1.6182059
CHN,China,2024,GOV_WGI_RQ.EST,-0.0712903
CHN,China,2023,GOV_WGI_RQ.EST,-0.0818839
CHN,China,2022,GOV_WGI_RQ.EST,-0.0908271
CHN,China,2021,GOV_WGI_RQ.EST,-0.0246937
CHN,China,2020,GOV_WGI_RQ.EST,-0.0666201
CHN,China,2019,GOV_WGI_RQ.EST,-0.0619233999999999
CHN,China,2018,GOV_WGI_RQ.EST,-0.0905581
CHN,China,2017,GOV_WGI_RQ.EST,-0.0708427
CHN,China,2016,GOV_WGI_RQ.EST,-0.147913799999999
CHN,China,2015,GOV_WGI_RQ.EST,-0.1789518
CHN,China,2014,GOV_WGI_RQ.EST,-0.1691285
CHN,China,2013,GOV_WGI_RQ.EST,-0.262571999999999
CHN,China,2012,GOV_WGI_RQ.EST,-0.2489079
CHN,China,2011,GOV_WGI_RQ.EST,-0.0991737999999999
CHN,China,2010,GOV_WGI_RQ.EST,-0.1275767
CHN,China,2009,GOV_WGI_RQ.EST,-0.139326099999999
CHN,China,2008,GOV_WGI_RQ.EST,-0.0727936
CHN,China,2007,GOV_WGI_RQ.EST,-0.1438419
CHN,China,2006,GOV_WGI_RQ.EST,-0.1592207
CHN,China,2005,GOV_WGI_RQ.EST,-0.275588599999999
COL,Colombia,2024,GOV_WGI_RQ.EST,0.0133922
COL,Colombia,2023,GOV_WGI_RQ.EST,0.1365735
COL,Colombia,2022,GOV_WGI_RQ.EST,0.1864213
COL,Colombia,2021,GOV_WGI_RQ.EST,0.2365791
COL,Colombia,2020,GOV_WGI_RQ.EST,0.160839
COL,Colombia,2019,GOV_WGI_RQ.EST,0.2323351
COL,Colombia,2018,GOV_WGI_RQ.EST,0.108854
COL,Colombia,2017,GOV_WGI_RQ.EST,0.1683573
COL,Colombia,2016,GOV_WGI_RQ.EST,0.2729462
COL,Colombia,2015,GOV_WGI_RQ.EST,0.3094832
COL,Colombia,2014,GOV_WGI_RQ.EST,0.2562707
COL,Colombia,2013,GOV_WGI_RQ.EST,0.2360812
COL,Colombia,2012,GOV_WGI_RQ.EST,0.221908
COL,Colombia,2011,GOV_WGI_RQ.EST,0.2180915
COL,Colombia,2010,GOV_WGI_RQ.EST,0.056311
COL,Colombia,2009,GOV_WGI_RQ.EST,0.0558239
COL,Colombia,2008,GOV_WGI_RQ.EST,0.2356723
COL,Colombia,2007,GOV_WGI_RQ.EST,0.1335011
COL,Colombia,2006,GOV_WGI_RQ.EST,0.0977446
COL,Colombia,2005,GOV_WGI_RQ.EST,0.0559858
COM,Comoros,2024,GOV_WGI_RQ.EST,-1.2486088
COM,Comoros,2023,GOV_WGI_RQ.EST,-1.2848742
COM,Comoros,2022,GOV_WGI_RQ.EST,-1.2493257
COM,Comoros,2021,GOV_WGI_RQ.EST,-1.330504
COM,Comoros,2020,GOV_WGI_RQ.EST,-1.2775189
COM,Comoros,2019,GOV_WGI_RQ.EST,-1.2136277
COM,Comoros,2018,GOV_WGI_RQ.EST,-1.2410959
COM,Comoros,2017,GOV_WGI_RQ.EST,-1.222602
COM,Comoros,2016,GOV_WGI_RQ.EST,-1.223077
COM,Comoros,2015,GOV_WGI_RQ.EST,-1.2404562
COM,Comoros,2014,GOV_WGI_RQ.EST,-1.2510772
COM,Comoros,2013,GOV_WGI_RQ.EST,-1.3969175
COM,Comoros,2012,GOV_WGI_RQ.EST,-1.4250109
COM,Comoros,2011,GOV_WGI_RQ.EST,-1.46831129999999
COM,Comoros,2010,GOV_WGI_RQ.EST,-1.4802115
COM,Comoros,2009,GOV_WGI_RQ.EST,-1.5317309
COM,Comoros,2008,GOV_WGI_RQ.EST,-1.4944894
COM,Comoros,2007,GOV_WGI_RQ.EST,-1.3710517
COM,Comoros,2006,GOV_WGI_RQ.EST,-1.4136606
COM,Comoros,2005,GOV_WGI_RQ.EST,-1.52176539999999
COD,"Congo, Dem. Rep.",2024,GOV_WGI_RQ.EST,-1.2848458
COD,"Congo, Dem. Rep.",2023,GOV_WGI_RQ.EST,-1.2580246
COD,"Congo, Dem. Rep.",2022,GOV_WGI_RQ.EST,-1.3074062
COD,"Congo, Dem. Rep.",2021,GOV_WGI_RQ.EST,-1.3231263
COD,"Congo, Dem. Rep.",2020,GOV_WGI_RQ.EST,-1.36869589999999
COD,"Congo, Dem. Rep.",2019,GOV_WGI_RQ.EST,-1.3641956
COD,"Congo, Dem. Rep.",2018,GOV_WGI_RQ.EST,-1.2952622
COD,"Congo, Dem. Rep.",2017,GOV_WGI_RQ.EST,-1.281525
COD,"Congo, Dem. Rep.",2016,GOV_WGI_RQ.EST,-1.207594
COD,"Congo, Dem. Rep.",2015,GOV_WGI_RQ.EST,-1.265019
COD,"Congo, Dem. Rep.",2014,GOV_WGI_RQ.EST,-1.2192687
COD,"Congo, Dem. Rep.",2013,GOV_WGI_RQ.EST,-1.2472691
COD,"Congo, Dem. Rep.",2012,GOV_WGI_RQ.EST,-1.4086777
COD,"Congo, Dem. Rep.",2011,GOV_WGI_RQ.EST,-1.4304309
COD,"Congo, Dem. Rep.",2010,GOV_WGI_RQ.EST,-1.45614319999999
COD,"Congo, Dem. Rep.",2009,GOV_WGI_RQ.EST,-1.4234993
COD,"Congo, Dem. Rep.",2008,GOV_WGI_RQ.EST,-1.3709836
COD,"Congo, Dem. Rep.",2007,GOV_WGI_RQ.EST,-1.3241062
COD,"Congo, Dem. Rep.",2006,GOV_WGI_RQ.EST,-1.3213475
COD,"Congo, Dem. Rep.",2005,GOV_WGI_RQ.EST,-1.4232756
COG,"Congo, Rep.",2024,GOV_WGI_RQ.EST,-1.1515624
COG,"Congo, Rep.",2023,GOV_WGI_RQ.EST,-1.1865166
COG,"Congo, Rep.",2022,GOV_WGI_RQ.EST,-1.2181294
COG,"Congo, Rep.",2021,GOV_WGI_RQ.EST,-1.1613755
COG,"Congo, Rep.",2020,GOV_WGI_RQ.EST,-1.32058079999999
COG,"Congo, Rep.",2019,GOV_WGI_RQ.EST,-1.2153336
COG,"Congo, Rep.",2018,GOV_WGI_RQ.EST,-1.1717606
COG,"Congo, Rep.",2017,GOV_WGI_RQ.EST,-1.18652
COG,"Congo, Rep.",2016,GOV_WGI_RQ.EST,-1.06324589999999
COG,"Congo, Rep.",2015,GOV_WGI_RQ.EST,-0.9831998
COG,"Congo, Rep.",2014,GOV_WGI_RQ.EST,-1.0410129
COG,"Congo, Rep.",2013,GOV_WGI_RQ.EST,-1.0833788
COG,"Congo, Rep.",2012,GOV_WGI_RQ.EST,-1.1262868
COG,"Congo, Rep.",2011,GOV_WGI_RQ.EST,-1.1564755
COG,"Congo, Rep.",2010,GOV_WGI_RQ.EST,-1.1313015
COG,"Congo, Rep.",2009,GOV_WGI_RQ.EST,-1.1476222
COG,"Congo, Rep.",2008,GOV_WGI_RQ.EST,-1.1425067
COG,"Congo, Rep.",2007,GOV_WGI_RQ.EST,-1.08663819999999
COG,"Congo, Rep.",2006,GOV_WGI_RQ.EST,-1.1127562
COG,"Congo, Rep.",2005,GOV_WGI_RQ.EST,-1.197862
CRI,Costa Rica,2024,GOV_WGI_RQ.EST,0.5818279
CRI,Costa Rica,2023,GOV_WGI_RQ.EST,0.5745299
CRI,Costa Rica,2022,GOV_WGI_RQ.EST,0.5923863
CRI,Costa Rica,2021,GOV_WGI_RQ.EST,0.5605961
CRI,Costa Rica,2020,GOV_WGI_RQ.EST,0.5391413
CRI,Costa Rica,2019,GOV_WGI_RQ.EST,0.6689887
CRI,Costa Rica,2018,GOV_WGI_RQ.EST,0.6513804
CRI,Costa Rica,2017,GOV_WGI_RQ.EST,0.5457847
CRI,Costa Rica,2016,GOV_WGI_RQ.EST,0.6548876
CRI,Costa Rica,2015,GOV_WGI_RQ.EST,0.6166595
CRI,Costa Rica,2014,GOV_WGI_RQ.EST,0.524805
CRI,Costa Rica,2013,GOV_WGI_RQ.EST,0.7356994
CRI,Costa Rica,2012,GOV_WGI_RQ.EST,0.6859128
CRI,Costa Rica,2011,GOV_WGI_RQ.EST,0.5711371
CRI,Costa Rica,2010,GOV_WGI_RQ.EST,0.6253571
CRI,Costa Rica,2009,GOV_WGI_RQ.EST,0.7307018
CRI,Costa Rica,2008,GOV_WGI_RQ.EST,0.7521592
CRI,Costa Rica,2007,GOV_WGI_RQ.EST,0.6107519
CRI,Costa Rica,2006,GOV_WGI_RQ.EST,0.5506422
CRI,Costa Rica,2005,GOV_WGI_RQ.EST,0.6683094
CIV,Cote d'Ivoire,2024,GOV_WGI_RQ.EST,-0.1669572
CIV,Cote d'Ivoire,2023,GOV_WGI_RQ.EST,-0.1888771
CIV,Cote d'Ivoire,2022,GOV_WGI_RQ.EST,-0.2155259
CIV,Cote d'Ivoire,2021,GOV_WGI_RQ.EST,-0.289141
CIV,Cote d'Ivoire,2020,GOV_WGI_RQ.EST,-0.321199499999999
CIV,Cote d'Ivoire,2019,GOV_WGI_RQ.EST,-0.3160613
CIV,Cote d'Ivoire,2018,GOV_WGI_RQ.EST,-0.297267
CIV,Cote d'Ivoire,2017,GOV_WGI_RQ.EST,-0.4052154
CIV,Cote d'Ivoire,2016,GOV_WGI_RQ.EST,-0.4435669
CIV,Cote d'Ivoire,2015,GOV_WGI_RQ.EST,-0.4458059
CIV,Cote d'Ivoire,2014,GOV_WGI_RQ.EST,-0.5486818
CIV,Cote d'Ivoire,2013,GOV_WGI_RQ.EST,-0.7101269
CIV,Cote d'Ivoire,2012,GOV_WGI_RQ.EST,-0.797894
CIV,Cote d'Ivoire,2011,GOV_WGI_RQ.EST,-0.9415677
CIV,Cote d'Ivoire,2010,GOV_WGI_RQ.EST,-0.9544514
CIV,Cote d'Ivoire,2009,GOV_WGI_RQ.EST,-0.8970193
CIV,Cote d'Ivoire,2008,GOV_WGI_RQ.EST,-0.9337031
CIV,Cote d'Ivoire,2007,GOV_WGI_RQ.EST,-0.965976899999999
CIV,Cote d'Ivoire,2006,GOV_WGI_RQ.EST,-0.951191599999999
CIV,Cote d'Ivoire,2005,GOV_WGI_RQ.EST,-1.115689
HRV,Croatia,2024,GOV_WGI_RQ.EST,0.2858764
HRV,Croatia,2023,GOV_WGI_RQ.EST,0.4438308
HRV,Croatia,2022,GOV_WGI_RQ.EST,0.2993308
HRV,Croatia,2021,GOV_WGI_RQ.EST,0.3318001
HRV,Croatia,2020,GOV_WGI_RQ.EST,0.2017786
HRV,Croatia,2019,GOV_WGI_RQ.EST,0.38478
HRV,Croatia,2018,GOV_WGI_RQ.EST,0.3955931
HRV,Croatia,2017,GOV_WGI_RQ.EST,0.2956415
HRV,Croatia,2016,GOV_WGI_RQ.EST,0.180344
HRV,Croatia,2015,GOV_WGI_RQ.EST,0.1462806
HRV,Croatia,2014,GOV_WGI_RQ.EST,0.1190738
HRV,Croatia,2013,GOV_WGI_RQ.EST,0.2263801
HRV,Croatia,2012,GOV_WGI_RQ.EST,0.2064496
HRV,Croatia,2011,GOV_WGI_RQ.EST,0.2745086
HRV,Croatia,2010,GOV_WGI_RQ.EST,0.3131224
HRV,Croatia,2009,GOV_WGI_RQ.EST,0.3771578
HRV,Croatia,2008,GOV_WGI_RQ.EST,0.3535157
HRV,Croatia,2007,GOV_WGI_RQ.EST,0.3734092
HRV,Croatia,2006,GOV_WGI_RQ.EST,0.320862
HRV,Croatia,2005,GOV_WGI_RQ.EST,0.4102091
CUB,Cuba,2024,GOV_WGI_RQ.EST,-1.4371482
CUB,Cuba,2023,GOV_WGI_RQ.EST,-1.2309526
CUB,Cuba,2022,GOV_WGI_RQ.EST,-1.1673033
CUB,Cuba,2021,GOV_WGI_RQ.EST,-1.1730802
CUB,Cuba,2020,GOV_WGI_RQ.EST,-1.2255038
CUB,Cuba,2019,GOV_WGI_RQ.EST,-1.2243427
CUB,Cuba,2018,GOV_WGI_RQ.EST,-1.2250246
CUB,Cuba,2017,GOV_WGI_RQ.EST,-1.14007709999999
CUB,Cuba,2016,GOV_WGI_RQ.EST,-1.1406888
CUB,Cuba,2015,GOV_WGI_RQ.EST,-0.9848517
CUB,Cuba,2014,GOV_WGI_RQ.EST,-1.0973937
CUB,Cuba,2013,GOV_WGI_RQ.EST,-1.3468561
CUB,Cuba,2012,GOV_WGI_RQ.EST,-1.38237189999999
CUB,Cuba,2011,GOV_WGI_RQ.EST,-1.6239119
CUB,Cuba,2010,GOV_WGI_RQ.EST,-1.6241742
CUB,Cuba,2009,GOV_WGI_RQ.EST,-1.452883
CUB,Cuba,2008,GOV_WGI_RQ.EST,-1.42371159999999
CUB,Cuba,2007,GOV_WGI_RQ.EST,-1.4627264
CUB,Cuba,2006,GOV_WGI_RQ.EST,-1.4641993
CUB,Cuba,2005,GOV_WGI_RQ.EST,-1.4526301
CYP,Cyprus,2024,GOV_WGI_RQ.EST,0.7395817
CYP,Cyprus,2023,GOV_WGI_RQ.EST,0.7722603
CYP,Cyprus,2022,GOV_WGI_RQ.EST,0.7331313
CYP,Cyprus,2021,GOV_WGI_RQ.EST,0.8484873
CYP,Cyprus,2020,GOV_WGI_RQ.EST,0.8979194
CYP,Cyprus,2019,GOV_WGI_RQ.EST,1.0395499
CYP,Cyprus,2018,GOV_WGI_RQ.EST,0.9434584
CYP,Cyprus,2017,GOV_WGI_RQ.EST,0.9695105
CYP,Cyprus,2016,GOV_WGI_RQ.EST,0.98056
CYP,Cyprus,2015,GOV_WGI_RQ.EST,0.9934827
CYP,Cyprus,2014,GOV_WGI_RQ.EST,0.9876497
CYP,Cyprus,2013,GOV_WGI_RQ.EST,0.8202721
CYP,Cyprus,2012,GOV_WGI_RQ.EST,1.0369259
CYP,Cyprus,2011,GOV_WGI_RQ.EST,1.2151122
CYP,Cyprus,2010,GOV_WGI_RQ.EST,1.4438511
CYP,Cyprus,2009,GOV_WGI_RQ.EST,1.4052045
CYP,Cyprus,2008,GOV_WGI_RQ.EST,1.4877748
CYP,Cyprus,2007,GOV_WGI_RQ.EST,1.5150845
CYP,Cyprus,2006,GOV_WGI_RQ.EST,1.5065795
CYP,Cyprus,2005,GOV_WGI_RQ.EST,1.3793496
CZE,Czechia,2024,GOV_WGI_RQ.EST,1.2319075
CZE,Czechia,2023,GOV_WGI_RQ.EST,1.2275231
CZE,Czechia,2022,GOV_WGI_RQ.EST,1.3279348
CZE,Czechia,2021,GOV_WGI_RQ.EST,1.2403943
CZE,Czechia,2020,GOV_WGI_RQ.EST,1.0899444
CZE,Czechia,2019,GOV_WGI_RQ.EST,1.1215213
CZE,Czechia,2018,GOV_WGI_RQ.EST,1.1466245
CZE,Czechia,2017,GOV_WGI_RQ.EST,1.1404044
CZE,Czechia,2016,GOV_WGI_RQ.EST,0.9408369
CZE,Czechia,2015,GOV_WGI_RQ.EST,0.9885827
CZE,Czechia,2014,GOV_WGI_RQ.EST,0.812549
CZE,Czechia,2013,GOV_WGI_RQ.EST,0.947901
CZE,Czechia,2012,GOV_WGI_RQ.EST,0.9257526
CZE,Czechia,2011,GOV_WGI_RQ.EST,1.0263037
CZE,Czechia,2010,GOV_WGI_RQ.EST,1.1026865
CZE,Czechia,2009,GOV_WGI_RQ.EST,1.1533862
CZE,Czechia,2008,GOV_WGI_RQ.EST,1.1737593
CZE,Czechia,2007,GOV_WGI_RQ.EST,1.1204236
CZE,Czechia,2006,GOV_WGI_RQ.EST,1.1629233
CZE,Czechia,2005,GOV_WGI_RQ.EST,1.1663188
DNK,Denmark,2024,GOV_WGI_RQ.EST,1.9307059
DNK,Denmark,2023,GOV_WGI_RQ.EST,1.9894408
DNK,Denmark,2022,GOV_WGI_RQ.EST,2.020588
DNK,Denmark,2021,GOV_WGI_RQ.EST,1.9974993
DNK,Denmark,2020,GOV_WGI_RQ.EST,1.9761315
DNK,Denmark,2019,GOV_WGI_RQ.EST,1.9335346
DNK,Denmark,2018,GOV_WGI_RQ.EST,1.8428455
DNK,Denmark,2017,GOV_WGI_RQ.EST,1.7913698
DNK,Denmark,2016,GOV_WGI_RQ.EST,1.7589174
DNK,Denmark,2015,GOV_WGI_RQ.EST,1.7644765
DNK,Denmark,2014,GOV_WGI_RQ.EST,1.6614901
DNK,Denmark,2013,GOV_WGI_RQ.EST,1.8256852
DNK,Denmark,2012,GOV_WGI_RQ.EST,1.8221563
DNK,Denmark,2011,GOV_WGI_RQ.EST,1.9897696
DNK,Denmark,2010,GOV_WGI_RQ.EST,1.9388202
DNK,Denmark,2009,GOV_WGI_RQ.EST,2.0312873
DNK,Denmark,2008,GOV_WGI_RQ.EST,2.0346156
DNK,Denmark,2007,GOV_WGI_RQ.EST,2.1560402
DNK,Denmark,2006,GOV_WGI_RQ.EST,2.1622319
DNK,Denmark,2005,GOV_WGI_RQ.EST,2.0111821
DJI,Djibouti,2024,GOV_WGI_RQ.EST,-0.852795899999999
DJI,Djibouti,2023,GOV_WGI_RQ.EST,-0.788349299999999
DJI,Djibouti,2022,GOV_WGI_RQ.EST,-0.769363799999999
DJI,Djibouti,2021,GOV_WGI_RQ.EST,-0.7686696
DJI,Djibouti,2020,GOV_WGI_RQ.EST,-0.830967799999999
DJI,Djibouti,2019,GOV_WGI_RQ.EST,-0.772907799999999
DJI,Djibouti,2018,GOV_WGI_RQ.EST,-0.7398709
DJI,Djibouti,2017,GOV_WGI_RQ.EST,-0.6812526
DJI,Djibouti,2016,GOV_WGI_RQ.EST,-0.715720799999999
DJI,Djibouti,2015,GOV_WGI_RQ.EST,-0.7293921
DJI,Djibouti,2014,GOV_WGI_RQ.EST,-0.7204568
DJI,Djibouti,2013,GOV_WGI_RQ.EST,-0.753186199999999
DJI,Djibouti,2012,GOV_WGI_RQ.EST,-0.689775799999999
DJI,Djibouti,2011,GOV_WGI_RQ.EST,-0.7534194
DJI,Djibouti,2010,GOV_WGI_RQ.EST,-0.7631836
DJI,Djibouti,2009,GOV_WGI_RQ.EST,-0.709365599999999
DJI,Djibouti,2008,GOV_WGI_RQ.EST,-0.694494899999999
DJI,Djibouti,2007,GOV_WGI_RQ.EST,-0.6700554
DJI,Djibouti,2006,GOV_WGI_RQ.EST,-0.685702399999999
DJI,Djibouti,2005,GOV_WGI_RQ.EST,-0.6615989
DMA,Dominica,2024,GOV_WGI_RQ.EST,0.0598246
DMA,Dominica,2023,GOV_WGI_RQ.EST,0.1538033
DMA,Dominica,2022,GOV_WGI_RQ.EST,0.1471658
DMA,Dominica,2021,GOV_WGI_RQ.EST,0.1493075
DMA,Dominica,2020,GOV_WGI_RQ.EST,0.1541986
DMA,Dominica,2019,GOV_WGI_RQ.EST,0.1189288
DMA,Dominica,2018,GOV_WGI_RQ.EST,0.159295
DMA,Dominica,2017,GOV_WGI_RQ.EST,0.174223
DMA,Dominica,2016,GOV_WGI_RQ.EST,0.2337346
DMA,Dominica,2015,GOV_WGI_RQ.EST,0.2329832
DMA,Dominica,2014,GOV_WGI_RQ.EST,0.3779611
DMA,Dominica,2013,GOV_WGI_RQ.EST,0.5208123
DMA,Dominica,2012,GOV_WGI_RQ.EST,0.521512
DMA,Dominica,2011,GOV_WGI_RQ.EST,0.4752437
DMA,Dominica,2010,GOV_WGI_RQ.EST,0.5839169
DMA,Dominica,2009,GOV_WGI_RQ.EST,0.4713158
DMA,Dominica,2008,GOV_WGI_RQ.EST,0.4506076
DMA,Dominica,2007,GOV_WGI_RQ.EST,0.579344
DMA,Dominica,2006,GOV_WGI_RQ.EST,0.4931566
DMA,Dominica,2005,GOV_WGI_RQ.EST,0.3518486
DOM,Dominican Republic,2024,GOV_WGI_RQ.EST,0.207328
DOM,Dominican Republic,2023,GOV_WGI_RQ.EST,0.0485044
DOM,Dominican Republic,2022,GOV_WGI_RQ.EST,-0.0598314999999999
DOM,Dominican Republic,2021,GOV_WGI_RQ.EST,-0.0103431
DOM,Dominican Republic,2020,GOV_WGI_RQ.EST,-0.0974015999999999
DOM,Dominican Republic,2019,GOV_WGI_RQ.EST,-0.1017681
DOM,Dominican Republic,2018,GOV_WGI_RQ.EST,-0.1446846
DOM,Dominican Republic,2017,GOV_WGI_RQ.EST,-0.1071549
DOM,Dominican Republic,2016,GOV_WGI_RQ.EST,-0.065041
DOM,Dominican Republic,2015,GOV_WGI_RQ.EST,-0.0898717
DOM,Dominican Republic,2014,GOV_WGI_RQ.EST,-0.1490567
DOM,Dominican Republic,2013,GOV_WGI_RQ.EST,-0.1742221
DOM,Dominican Republic,2012,GOV_WGI_RQ.EST,-0.1849073
DOM,Dominican Republic,2011,GOV_WGI_RQ.EST,-0.1878076
DOM,Dominican Republic,2010,GOV_WGI_RQ.EST,-0.0661851
DOM,Dominican Republic,2009,GOV_WGI_RQ.EST,-0.1389206
DOM,Dominican Republic,2008,GOV_WGI_RQ.EST,-0.1349632
DOM,Dominican Republic,2007,GOV_WGI_RQ.EST,-0.1633439
DOM,Dominican Republic,2006,GOV_WGI_RQ.EST,-0.1685648
DOM,Dominican Republic,2005,GOV_WGI_RQ.EST,-0.3099229
ECU,Ecuador,2024,GOV_WGI_RQ.EST,-0.6464312
ECU,Ecuador,2023,GOV_WGI_RQ.EST,-0.5994798
ECU,Ecuador,2022,GOV_WGI_RQ.EST,-0.4783493
ECU,Ecuador,2021,GOV_WGI_RQ.EST,-0.5551263
ECU,Ecuador,2020,GOV_WGI_RQ.EST,-0.7359599
ECU,Ecuador,2019,GOV_WGI_RQ.EST,-0.731576999999999
ECU,Ecuador,2018,GOV_WGI_RQ.EST,-0.8243339
ECU,Ecuador,2017,GOV_WGI_RQ.EST,-0.937257
ECU,Ecuador,2016,GOV_WGI_RQ.EST,-0.8667598
ECU,Ecuador,2015,GOV_WGI_RQ.EST,-0.9664965
ECU,Ecuador,2014,GOV_WGI_RQ.EST,-0.760396899999999
ECU,Ecuador,2013,GOV_WGI_RQ.EST,-0.8297139
ECU,Ecuador,2012,GOV_WGI_RQ.EST,-0.9981981
ECU,Ecuador,2011,GOV_WGI_RQ.EST,-1.1368099
ECU,Ecuador,2010,GOV_WGI_RQ.EST,-1.2560471
ECU,Ecuador,2009,GOV_WGI_RQ.EST,-1.2985597
ECU,Ecuador,2008,GOV_WGI_RQ.EST,-1.1198786
ECU,Ecuador,2007,GOV_WGI_RQ.EST,-0.944539799999999
ECU,Ecuador,2006,GOV_WGI_RQ.EST,-0.9164806
ECU,Ecuador,2005,GOV_WGI_RQ.EST,-0.8610709
EGY,"Egypt, Arab Rep.",2024,GOV_WGI_RQ.EST,-0.499469399999999
EGY,"Egypt, Arab Rep.",2023,GOV_WGI_RQ.EST,-0.5731672
EGY,"Egypt, Arab Rep.",2022,GOV_WGI_RQ.EST,-0.6685017
EGY,"Egypt, Arab Rep.",2021,GOV_WGI_RQ.EST,-0.5701379
EGY,"Egypt, Arab Rep.",2020,GOV_WGI_RQ.EST,-0.6355909
EGY,"Egypt, Arab Rep.",2019,GOV_WGI_RQ.EST,-0.7028437
EGY,"Egypt, Arab Rep.",2018,GOV_WGI_RQ.EST,-0.742675299999999
EGY,"Egypt, Arab Rep.",2017,GOV_WGI_RQ.EST,-0.7082554
EGY,"Egypt, Arab Rep.",2016,GOV_WGI_RQ.EST,-0.7670926
EGY,"Egypt, Arab Rep.",2015,GOV_WGI_RQ.EST,-0.7363711
EGY,"Egypt, Arab Rep.",2014,GOV_WGI_RQ.EST,-0.7425351
EGY,"Egypt, Arab Rep.",2013,GOV_WGI_RQ.EST,-0.738630799999999
EGY,"Egypt, Arab Rep.",2012,GOV_WGI_RQ.EST,-0.5120719
EGY,"Egypt, Arab Rep.",2011,GOV_WGI_RQ.EST,-0.2206717
EGY,"Egypt, Arab Rep.",2010,GOV_WGI_RQ.EST,-0.0846898
EGY,"Egypt, Arab Rep.",2009,GOV_WGI_RQ.EST,-0.0191401
EGY,"Egypt, Arab Rep.",2008,GOV_WGI_RQ.EST,-0.109208599999999
EGY,"Egypt, Arab Rep.",2007,GOV_WGI_RQ.EST,-0.179064199999999
EGY,"Egypt, Arab Rep.",2006,GOV_WGI_RQ.EST,-0.3747774
EGY,"Egypt, Arab Rep.",2005,GOV_WGI_RQ.EST,-0.4997625
SLV,El Salvador,2024,GOV_WGI_RQ.EST,-0.1762422
SLV,El Salvador,2023,GOV_WGI_RQ.EST,-0.3189964
SLV,El Salvador,2022,GOV_WGI_RQ.EST,-0.3858311
SLV,El Salvador,2021,GOV_WGI_RQ.EST,-0.2893204
SLV,El Salvador,2020,GOV_WGI_RQ.EST,-0.0750467
SLV,El Salvador,2019,GOV_WGI_RQ.EST,-0.0559227999999999
SLV,El Salvador,2018,GOV_WGI_RQ.EST,-0.0241538
SLV,El Salvador,2017,GOV_WGI_RQ.EST,-0.063322
SLV,El Salvador,2016,GOV_WGI_RQ.EST,-0.0119876
SLV,El Salvador,2015,GOV_WGI_RQ.EST,0.1043314
SLV,El Salvador,2014,GOV_WGI_RQ.EST,0.1904279
SLV,El Salvador,2013,GOV_WGI_RQ.EST,0.2347388
SLV,El Salvador,2012,GOV_WGI_RQ.EST,0.2304693
SLV,El Salvador,2011,GOV_WGI_RQ.EST,0.4552317
SLV,El Salvador,2010,GOV_WGI_RQ.EST,0.4860596
SLV,El Salvador,2009,GOV_WGI_RQ.EST,0.5413163
SLV,El Salvador,2008,GOV_WGI_RQ.EST,0.3961521
SLV,El Salvador,2007,GOV_WGI_RQ.EST,0.2663139
SLV,El Salvador,2006,GOV_WGI_RQ.EST,0.2227931
SLV,El Salvador,2005,GOV_WGI_RQ.EST,0.4294159
GNQ,Equatorial Guinea,2024,GOV_WGI_RQ.EST,-1.3990487
GNQ,Equatorial Guinea,2023,GOV_WGI_RQ.EST,-1.2792354
GNQ,Equatorial Guinea,2022,GOV_WGI_RQ.EST,-1.2793839
GNQ,Equatorial Guinea,2021,GOV_WGI_RQ.EST,-1.4969104
GNQ,Equatorial Guinea,2020,GOV_WGI_RQ.EST,-1.4963872
GNQ,Equatorial Guinea,2019,GOV_WGI_RQ.EST,-1.443702
GNQ,Equatorial Guinea,2018,GOV_WGI_RQ.EST,-1.4958505
GNQ,Equatorial Guinea,2017,GOV_WGI_RQ.EST,-1.3973309
GNQ,Equatorial Guinea,2016,GOV_WGI_RQ.EST,-1.398269
GNQ,Equatorial Guinea,2015,GOV_WGI_RQ.EST,-1.5095134
GNQ,Equatorial Guinea,2014,GOV_WGI_RQ.EST,-1.5390838
GNQ,Equatorial Guinea,2013,GOV_WGI_RQ.EST,-1.6351215
GNQ,Equatorial Guinea,2012,GOV_WGI_RQ.EST,-1.6259788
GNQ,Equatorial Guinea,2011,GOV_WGI_RQ.EST,-1.57908989999999
GNQ,Equatorial Guinea,2010,GOV_WGI_RQ.EST,-1.59766189999999
GNQ,Equatorial Guinea,2009,GOV_WGI_RQ.EST,-1.5345535
GNQ,Equatorial Guinea,2008,GOV_WGI_RQ.EST,-1.58336639999999
GNQ,Equatorial Guinea,2007,GOV_WGI_RQ.EST,-1.574244
GNQ,Equatorial Guinea,2006,GOV_WGI_RQ.EST,-1.568346
GNQ,Equatorial Guinea,2005,GOV_WGI_RQ.EST,-1.6099789
ERI,Eritrea,2024,GOV_WGI_RQ.EST,-2.0353648
ERI,Eritrea,2023,GOV_WGI_RQ.EST,-2.0283618
ERI,Eritrea,2022,GOV_WGI_RQ.EST,-1.9894957
ERI,Eritrea,2021,GOV_WGI_RQ.EST,-1.98880149999999
ERI,Eritrea,2020,GOV_WGI_RQ.EST,-1.95704219999999
ERI,Eritrea,2019,GOV_WGI_RQ.EST,-1.9646637
ERI,Eritrea,2018,GOV_WGI_RQ.EST,-1.9132827
ERI,Eritrea,2017,GOV_WGI_RQ.EST,-1.9095327
ERI,Eritrea,2016,GOV_WGI_RQ.EST,-1.92438579999999
ERI,Eritrea,2015,GOV_WGI_RQ.EST,-1.8843157
ERI,Eritrea,2014,GOV_WGI_RQ.EST,-1.9053624
ERI,Eritrea,2013,GOV_WGI_RQ.EST,-1.9571541
ERI,Eritrea,2012,GOV_WGI_RQ.EST,-1.8952942
ERI,Eritrea,2011,GOV_WGI_RQ.EST,-1.87367889999999
ERI,Eritrea,2010,GOV_WGI_RQ.EST,-1.8738187
ERI,Eritrea,2009,GOV_WGI_RQ.EST,-1.7900528
ERI,Eritrea,2008,GOV_WGI_RQ.EST,-1.7256451
ERI,Eritrea,2007,GOV_WGI_RQ.EST,-1.724751
ERI,Eritrea,2006,GOV_WGI_RQ.EST,-1.6974664
ERI,Eritrea,2005,GOV_WGI_RQ.EST,-1.4663613
EST,Estonia,2024,GOV_WGI_RQ.EST,1.3977035
EST,Estonia,2023,GOV_WGI_RQ.EST,1.4519904
EST,Estonia,2022,GOV_WGI_RQ.EST,1.5410127
EST,Estonia,2021,GOV_WGI_RQ.EST,1.5595497
EST,Estonia,2020,GOV_WGI_RQ.EST,1.4919949
EST,Estonia,2019,GOV_WGI_RQ.EST,1.5431575
EST,Estonia,2018,GOV_WGI_RQ.EST,1.431181
EST,Estonia,2017,GOV_WGI_RQ.EST,1.5192028
EST,Estonia,2016,GOV_WGI_RQ.EST,1.6068172
EST,Estonia,2015,GOV_WGI_RQ.EST,1.5695561
EST,Estonia,2014,GOV_WGI_RQ.EST,1.5190269
EST,Estonia,2013,GOV_WGI_RQ.EST,1.46505
EST,Estonia,2012,GOV_WGI_RQ.EST,1.458717
EST,Estonia,2011,GOV_WGI_RQ.EST,1.4413017
EST,Estonia,2010,GOV_WGI_RQ.EST,1.4148898
EST,Estonia,2009,GOV_WGI_RQ.EST,1.4138316
EST,Estonia,2008,GOV_WGI_RQ.EST,1.5384652
EST,Estonia,2007,GOV_WGI_RQ.EST,1.5488484
EST,Estonia,2006,GOV_WGI_RQ.EST,1.5502801
EST,Estonia,2005,GOV_WGI_RQ.EST,1.470992
SWZ,Eswatini,2024,GOV_WGI_RQ.EST,-0.6380015
SWZ,Eswatini,2023,GOV_WGI_RQ.EST,-0.6218515
SWZ,Eswatini,2022,GOV_WGI_RQ.EST,-0.621976499999999
SWZ,Eswatini,2021,GOV_WGI_RQ.EST,-0.5237379
SWZ,Eswatini,2020,GOV_WGI_RQ.EST,-0.524157499999999
SWZ,Eswatini,2019,GOV_WGI_RQ.EST,-0.5229659
SWZ,Eswatini,2018,GOV_WGI_RQ.EST,-0.5010658
SWZ,Eswatini,2017,GOV_WGI_RQ.EST,-0.3867846
SWZ,Eswatini,2016,GOV_WGI_RQ.EST,-0.4170142
SWZ,Eswatini,2015,GOV_WGI_RQ.EST,-0.3859781
SWZ,Eswatini,2014,GOV_WGI_RQ.EST,-0.380591399999999
SWZ,Eswatini,2013,GOV_WGI_RQ.EST,-0.293597999999999
SWZ,Eswatini,2012,GOV_WGI_RQ.EST,-0.4144504
SWZ,Eswatini,2011,GOV_WGI_RQ.EST,-0.445625799999999
SWZ,Eswatini,2010,GOV_WGI_RQ.EST,-0.402933899999999
SWZ,Eswatini,2009,GOV_WGI_RQ.EST,-0.395206699999999
SWZ,Eswatini,2008,GOV_WGI_RQ.EST,-0.4101381
SWZ,Eswatini,2007,GOV_WGI_RQ.EST,-0.561879
SWZ,Eswatini,2006,GOV_WGI_RQ.EST,-0.435037099999999
SWZ,Eswatini,2005,GOV_WGI_RQ.EST,-0.633500899999999
ETH,Ethiopia,2024,GOV_WGI_RQ.EST,-0.8332379
ETH,Ethiopia,2023,GOV_WGI_RQ.EST,-0.8373693
ETH,Ethiopia,2022,GOV_WGI_RQ.EST,-0.7815691
ETH,Ethiopia,2021,GOV_WGI_RQ.EST,-0.7684521
ETH,Ethiopia,2020,GOV_WGI_RQ.EST,-0.8158694
ETH,Ethiopia,2019,GOV_WGI_RQ.EST,-0.828078099999999
ETH,Ethiopia,2018,GOV_WGI_RQ.EST,-0.846342199999999
ETH,Ethiopia,2017,GOV_WGI_RQ.EST,-0.898545399999999
ETH,Ethiopia,2016,GOV_WGI_RQ.EST,-0.9613611
ETH,Ethiopia,2015,GOV_WGI_RQ.EST,-0.902880599999999
ETH,Ethiopia,2014,GOV_WGI_RQ.EST,-0.9043825
ETH,Ethiopia,2013,GOV_WGI_RQ.EST,-1.06822369999999
ETH,Ethiopia,2012,GOV_WGI_RQ.EST,-0.917400999999999
ETH,Ethiopia,2011,GOV_WGI_RQ.EST,-0.861597699999999
ETH,Ethiopia,2010,GOV_WGI_RQ.EST,-0.7207448
ETH,Ethiopia,2009,GOV_WGI_RQ.EST,-0.7819149
ETH,Ethiopia,2008,GOV_WGI_RQ.EST,-0.719405299999999
ETH,Ethiopia,2007,GOV_WGI_RQ.EST,-0.7600859
ETH,Ethiopia,2006,GOV_WGI_RQ.EST,-0.821209299999999
ETH,Ethiopia,2005,GOV_WGI_RQ.EST,-0.932236
FJI,Fiji,2024,GOV_WGI_RQ.EST,0.0650821999999999
FJI,Fiji,2023,GOV_WGI_RQ.EST,-0.0997581999999999
FJI,Fiji,2022,GOV_WGI_RQ.EST,-0.0999849
FJI,Fiji,2021,GOV_WGI_RQ.EST,-0.0698337
FJI,Fiji,2020,GOV_WGI_RQ.EST,-0.1526032
FJI,Fiji,2019,GOV_WGI_RQ.EST,0.152716
FJI,Fiji,2018,GOV_WGI_RQ.EST,-0.2004155
FJI,Fiji,2017,GOV_WGI_RQ.EST,-0.2010525
FJI,Fiji,2016,GOV_WGI_RQ.EST,-0.2026016
FJI,Fiji,2015,GOV_WGI_RQ.EST,-0.239896299999999
FJI,Fiji,2014,GOV_WGI_RQ.EST,-0.246157799999999
FJI,Fiji,2013,GOV_WGI_RQ.EST,-0.7220821
FJI,Fiji,2012,GOV_WGI_RQ.EST,-0.7927599
FJI,Fiji,2011,GOV_WGI_RQ.EST,-0.7969782
FJI,Fiji,2010,GOV_WGI_RQ.EST,-0.8730854
FJI,Fiji,2009,GOV_WGI_RQ.EST,-1.07783189999999
FJI,Fiji,2008,GOV_WGI_RQ.EST,-0.841319399999999
FJI,Fiji,2007,GOV_WGI_RQ.EST,-0.453905
FJI,Fiji,2006,GOV_WGI_RQ.EST,-0.3302406
FJI,Fiji,2005,GOV_WGI_RQ.EST,-0.4191163
FIN,Finland,2024,GOV_WGI_RQ.EST,1.9635191
FIN,Finland,2023,GOV_WGI_RQ.EST,1.8669036
FIN,Finland,2022,GOV_WGI_RQ.EST,1.9092509
FIN,Finland,2021,GOV_WGI_RQ.EST,2.0110043
FIN,Finland,2020,GOV_WGI_RQ.EST,1.9717616
FIN,Finland,2019,GOV_WGI_RQ.EST,1.9937531
FIN,Finland,2018,GOV_WGI_RQ.EST,1.8525188
FIN,Finland,2017,GOV_WGI_RQ.EST,1.8324158
FIN,Finland,2016,GOV_WGI_RQ.EST,1.8147025
FIN,Finland,2015,GOV_WGI_RQ.EST,1.8686997
FIN,Finland,2014,GOV_WGI_RQ.EST,1.8789118
FIN,Finland,2013,GOV_WGI_RQ.EST,1.9418273
FIN,Finland,2012,GOV_WGI_RQ.EST,2.0005462
FIN,Finland,2011,GOV_WGI_RQ.EST,1.9132285
FIN,Finland,2010,GOV_WGI_RQ.EST,1.9607069
FIN,Finland,2009,GOV_WGI_RQ.EST,1.9463818
FIN,Finland,2008,GOV_WGI_RQ.EST,1.7666189
FIN,Finland,2007,GOV_WGI_RQ.EST,1.7544417
FIN,Finland,2006,GOV_WGI_RQ.EST,1.9145723
FIN,Finland,2005,GOV_WGI_RQ.EST,1.9787475
FRA,France,2024,GOV_WGI_RQ.EST,1.1461527
FRA,France,2023,GOV_WGI_RQ.EST,1.2327254
FRA,France,2022,GOV_WGI_RQ.EST,1.2688944
FRA,France,2021,GOV_WGI_RQ.EST,1.2843889
FRA,France,2020,GOV_WGI_RQ.EST,1.2588514
FRA,France,2019,GOV_WGI_RQ.EST,1.4571643
FRA,France,2018,GOV_WGI_RQ.EST,1.2678981
FRA,France,2017,GOV_WGI_RQ.EST,1.2328687
FRA,France,2016,GOV_WGI_RQ.EST,1.1025649
FRA,France,2015,GOV_WGI_RQ.EST,1.1137263
FRA,France,2014,GOV_WGI_RQ.EST,1.0322133
FRA,France,2013,GOV_WGI_RQ.EST,1.1440293
FRA,France,2012,GOV_WGI_RQ.EST,1.1365688
FRA,France,2011,GOV_WGI_RQ.EST,1.108929
FRA,France,2010,GOV_WGI_RQ.EST,1.2341536
FRA,France,2009,GOV_WGI_RQ.EST,1.1753528
FRA,France,2008,GOV_WGI_RQ.EST,1.3061458
FRA,France,2007,GOV_WGI_RQ.EST,1.3437547
FRA,France,2006,GOV_WGI_RQ.EST,1.3022689
FRA,France,2005,GOV_WGI_RQ.EST,1.3267578
GAB,Gabon,2024,GOV_WGI_RQ.EST,-0.723457799999999
GAB,Gabon,2023,GOV_WGI_RQ.EST,-0.7404782
GAB,Gabon,2022,GOV_WGI_RQ.EST,-0.760076299999999
GAB,Gabon,2021,GOV_WGI_RQ.EST,-0.832492799999999
GAB,Gabon,2020,GOV_WGI_RQ.EST,-0.8995732
GAB,Gabon,2019,GOV_WGI_RQ.EST,-0.8766721
GAB,Gabon,2018,GOV_WGI_RQ.EST,-0.756495599999999
GAB,Gabon,2017,GOV_WGI_RQ.EST,-0.622216
GAB,Gabon,2016,GOV_WGI_RQ.EST,-0.6099754
GAB,Gabon,2015,GOV_WGI_RQ.EST,-0.6567197
GAB,Gabon,2014,GOV_WGI_RQ.EST,-0.6875047
GAB,Gabon,2013,GOV_WGI_RQ.EST,-0.6584268
GAB,Gabon,2012,GOV_WGI_RQ.EST,-0.5270081
GAB,Gabon,2011,GOV_WGI_RQ.EST,-0.5188594
GAB,Gabon,2010,GOV_WGI_RQ.EST,-0.411489899999999
GAB,Gabon,2009,GOV_WGI_RQ.EST,-0.463772199999999
GAB,Gabon,2008,GOV_WGI_RQ.EST,-0.4264347
GAB,Gabon,2007,GOV_WGI_RQ.EST,-0.4859785
GAB,Gabon,2006,GOV_WGI_RQ.EST,-0.5483222
GAB,Gabon,2005,GOV_WGI_RQ.EST,-0.4182339
GMB,"Gambia, The",2024,GOV_WGI_RQ.EST,-0.6640332
GMB,"Gambia, The",2023,GOV_WGI_RQ.EST,-0.63169
GMB,"Gambia, The",2022,GOV_WGI_RQ.EST,-0.673555
GMB,"Gambia, The",2021,GOV_WGI_RQ.EST,-0.754535499999999
GMB,"Gambia, The",2020,GOV_WGI_RQ.EST,-0.70407
GMB,"Gambia, The",2019,GOV_WGI_RQ.EST,-0.6967552
GMB,"Gambia, The",2018,GOV_WGI_RQ.EST,-0.7118009
GMB,"Gambia, The",2017,GOV_WGI_RQ.EST,-0.560059499999999
GMB,"Gambia, The",2016,GOV_WGI_RQ.EST,-0.636904599999999
GMB,"Gambia, The",2015,GOV_WGI_RQ.EST,-0.6927682
GMB,"Gambia, The",2014,GOV_WGI_RQ.EST,-0.617325599999999
GMB,"Gambia, The",2013,GOV_WGI_RQ.EST,-0.62969
GMB,"Gambia, The",2012,GOV_WGI_RQ.EST,-0.4463311
GMB,"Gambia, The",2011,GOV_WGI_RQ.EST,-0.5046122
GMB,"Gambia, The",2010,GOV_WGI_RQ.EST,-0.539204799999999
GMB,"Gambia, The",2009,GOV_WGI_RQ.EST,-0.4801698
GMB,"Gambia, The",2008,GOV_WGI_RQ.EST,-0.481174599999999
GMB,"Gambia, The",2007,GOV_WGI_RQ.EST,-0.446266799999999
GMB,"Gambia, The",2006,GOV_WGI_RQ.EST,-0.492806099999999
GMB,"Gambia, The",2005,GOV_WGI_RQ.EST,-0.635504499999999
GEO,Georgia,2024,GOV_WGI_RQ.EST,0.6500428
GEO,Georgia,2023,GOV_WGI_RQ.EST,0.8085223
GEO,Georgia,2022,GOV_WGI_RQ.EST,0.7730594
GEO,Georgia,2021,GOV_WGI_RQ.EST,0.8431074
GEO,Georgia,2020,GOV_WGI_RQ.EST,0.8062149
GEO,Georgia,2019,GOV_WGI_RQ.EST,0.8781482
GEO,Georgia,2018,GOV_WGI_RQ.EST,0.8011622
GEO,Georgia,2017,GOV_WGI_RQ.EST,0.9415641
GEO,Georgia,2016,GOV_WGI_RQ.EST,0.9448319
GEO,Georgia,2015,GOV_WGI_RQ.EST,0.8099349
GEO,Georgia,2014,GOV_WGI_RQ.EST,0.819501
GEO,Georgia,2013,GOV_WGI_RQ.EST,0.7283063
GEO,Georgia,2012,GOV_WGI_RQ.EST,0.6933446
GEO,Georgia,2011,GOV_WGI_RQ.EST,0.715806
GEO,Georgia,2010,GOV_WGI_RQ.EST,0.64397
GEO,Georgia,2009,GOV_WGI_RQ.EST,0.5740788
GEO,Georgia,2008,GOV_WGI_RQ.EST,0.5765405
GEO,Georgia,2007,GOV_WGI_RQ.EST,0.4072045
GEO,Georgia,2006,GOV_WGI_RQ.EST,0.1418185
GEO,Georgia,2005,GOV_WGI_RQ.EST,-0.3366145
DEU,Germany,2024,GOV_WGI_RQ.EST,1.4980615
DEU,Germany,2023,GOV_WGI_RQ.EST,1.4741969
DEU,Germany,2022,GOV_WGI_RQ.EST,1.5636199
DEU,Germany,2021,GOV_WGI_RQ.EST,1.6129105
DEU,Germany,2020,GOV_WGI_RQ.EST,1.5622145
DEU,Germany,2019,GOV_WGI_RQ.EST,1.6651379
DEU,Germany,2018,GOV_WGI_RQ.EST,1.6795515
DEU,Germany,2017,GOV_WGI_RQ.EST,1.6946666
DEU,Germany,2016,GOV_WGI_RQ.EST,1.6895096
DEU,Germany,2015,GOV_WGI_RQ.EST,1.6412186
DEU,Germany,2014,GOV_WGI_RQ.EST,1.5568299
DEU,Germany,2013,GOV_WGI_RQ.EST,1.4776207
DEU,Germany,2012,GOV_WGI_RQ.EST,1.5033775
DEU,Germany,2011,GOV_WGI_RQ.EST,1.472517
DEU,Germany,2010,GOV_WGI_RQ.EST,1.4217684
DEU,Germany,2009,GOV_WGI_RQ.EST,1.4048295
DEU,Germany,2008,GOV_WGI_RQ.EST,1.3519451
DEU,Germany,2007,GOV_WGI_RQ.EST,1.5280349
DEU,Germany,2006,GOV_WGI_RQ.EST,1.5062382
DEU,Germany,2005,GOV_WGI_RQ.EST,1.5056287
GHA,Ghana,2024,GOV_WGI_RQ.EST,-0.0898549
GHA,Ghana,2023,GOV_WGI_RQ.EST,-0.159406
GHA,Ghana,2022,GOV_WGI_RQ.EST,-0.1621235
GHA,Ghana,2021,GOV_WGI_RQ.EST,-0.1880837
GHA,Ghana,2020,GOV_WGI_RQ.EST,-0.1601259
GHA,Ghana,2019,GOV_WGI_RQ.EST,-0.1935344
GHA,Ghana,2018,GOV_WGI_RQ.EST,-0.168820499999999
GHA,Ghana,2017,GOV_WGI_RQ.EST,-0.1635273
GHA,Ghana,2016,GOV_WGI_RQ.EST,-0.2411721
GHA,Ghana,2015,GOV_WGI_RQ.EST,-0.1261719
GHA,Ghana,2014,GOV_WGI_RQ.EST,-0.1382604
GHA,Ghana,2013,GOV_WGI_RQ.EST,-0.0348948
GHA,Ghana,2012,GOV_WGI_RQ.EST,-0.0164951
GHA,Ghana,2011,GOV_WGI_RQ.EST,-0.0260614999999999
GHA,Ghana,2010,GOV_WGI_RQ.EST,-0.00732509999999999
GHA,Ghana,2009,GOV_WGI_RQ.EST,0.005539
GHA,Ghana,2008,GOV_WGI_RQ.EST,-0.0288747
GHA,Ghana,2007,GOV_WGI_RQ.EST,-0.0650193999999999
GHA,Ghana,2006,GOV_WGI_RQ.EST,-0.085492
GHA,Ghana,2005,GOV_WGI_RQ.EST,-0.2995163
GRC,Greece,2024,GOV_WGI_RQ.EST,0.4796528
GRC,Greece,2023,GOV_WGI_RQ.EST,0.5145808
GRC,Greece,2022,GOV_WGI_RQ.EST,0.4212368
GRC,Greece,2021,GOV_WGI_RQ.EST,0.3962921
GRC,Greece,2020,GOV_WGI_RQ.EST,0.4420625
GRC,Greece,2019,GOV_WGI_RQ.EST,0.4186735
GRC,Greece,2018,GOV_WGI_RQ.EST,0.2867976
GRC,Greece,2017,GOV_WGI_RQ.EST,0.156796
GRC,Greece,2016,GOV_WGI_RQ.EST,0.1504686
GRC,Greece,2015,GOV_WGI_RQ.EST,0.2363589
GRC,Greece,2014,GOV_WGI_RQ.EST,0.1536974
GRC,Greece,2013,GOV_WGI_RQ.EST,0.2747397
GRC,Greece,2012,GOV_WGI_RQ.EST,0.144625
GRC,Greece,2011,GOV_WGI_RQ.EST,0.273721
GRC,Greece,2010,GOV_WGI_RQ.EST,0.434872
GRC,Greece,2009,GOV_WGI_RQ.EST,0.6473105
GRC,Greece,2008,GOV_WGI_RQ.EST,0.7646918
GRC,Greece,2007,GOV_WGI_RQ.EST,0.8309751
GRC,Greece,2006,GOV_WGI_RQ.EST,0.8213828
GRC,Greece,2005,GOV_WGI_RQ.EST,0.838431
,Greenland,2024,GOV_WGI_RQ.EST,1.5034927
,Greenland,2023,GOV_WGI_RQ.EST,1.3559072
,Greenland,2022,GOV_WGI_RQ.EST,1.3554833
,Greenland,2021,GOV_WGI_RQ.EST,1.5060874
,Greenland,2020,GOV_WGI_RQ.EST,1.5075802
,Greenland,2019,GOV_WGI_RQ.EST,1.5112916
,Greenland,2018,GOV_WGI_RQ.EST,1.5091118
,Greenland,2017,GOV_WGI_RQ.EST,1.5083079
,Greenland,2016,GOV_WGI_RQ.EST,1.5063525
,Greenland,2015,GOV_WGI_RQ.EST,1.5045044
,Greenland,2014,GOV_WGI_RQ.EST,1.4966011
,Greenland,2013,GOV_WGI_RQ.EST,1.4993665
,Greenland,2012,GOV_WGI_RQ.EST,1.5006076
,Greenland,2011,GOV_WGI_RQ.EST,1.5089813
,Greenland,2010,GOV_WGI_RQ.EST,1.5082149
,Greenland,2009,GOV_WGI_RQ.EST,1.5081069
GRD,Grenada,2024,GOV_WGI_RQ.EST,0.0498844
GRD,Grenada,2023,GOV_WGI_RQ.EST,0.053522
GRD,Grenada,2022,GOV_WGI_RQ.EST,-0.040791
GRD,Grenada,2021,GOV_WGI_RQ.EST,-0.0492583
GRD,Grenada,2020,GOV_WGI_RQ.EST,-0.1239178
GRD,Grenada,2019,GOV_WGI_RQ.EST,-0.1308406
GRD,Grenada,2018,GOV_WGI_RQ.EST,-0.1478545
GRD,Grenada,2017,GOV_WGI_RQ.EST,-0.0486777
GRD,Grenada,2016,GOV_WGI_RQ.EST,0.0762839
GRD,Grenada,2015,GOV_WGI_RQ.EST,0.075533
GRD,Grenada,2014,GOV_WGI_RQ.EST,0.0620513
GRD,Grenada,2013,GOV_WGI_RQ.EST,0.2302451
GRD,Grenada,2012,GOV_WGI_RQ.EST,0.2309441
GRD,Grenada,2011,GOV_WGI_RQ.EST,0.2356602
GRD,Grenada,2010,GOV_WGI_RQ.EST,0.3118208
GRD,Grenada,2009,GOV_WGI_RQ.EST,0.2174237
GRD,Grenada,2008,GOV_WGI_RQ.EST,0.20897
GRD,Grenada,2007,GOV_WGI_RQ.EST,0.210146
GRD,Grenada,2006,GOV_WGI_RQ.EST,0.2074943
GRD,Grenada,2005,GOV_WGI_RQ.EST,0.1376019
,Guam,2024,GOV_WGI_RQ.EST,0.3917487
,Guam,2023,GOV_WGI_RQ.EST,0.3904042
,Guam,2022,GOV_WGI_RQ.EST,0.3898105
,Guam,2021,GOV_WGI_RQ.EST,0.3953827
,Guam,2020,GOV_WGI_RQ.EST,0.3974735
,Guam,2019,GOV_WGI_RQ.EST,-0.0709177
,Guam,2018,GOV_WGI_RQ.EST,-0.0739706
,Guam,2017,GOV_WGI_RQ.EST,-0.0750966
,Guam,2016,GOV_WGI_RQ.EST,-0.0778353
,Guam,2015,GOV_WGI_RQ.EST,0.1563708
,Guam,2014,GOV_WGI_RQ.EST,0.1453016
,Guam,2013,GOV_WGI_RQ.EST,0.5635653
,Guam,2012,GOV_WGI_RQ.EST,0.5653036
,Guam,2011,GOV_WGI_RQ.EST,0.5770316
,Guam,2010,GOV_WGI_RQ.EST,0.5759582
,Guam,2009,GOV_WGI_RQ.EST,0.5758069
,Guam,2008,GOV_WGI_RQ.EST,0.7573209
,Guam,2007,GOV_WGI_RQ.EST,0.7602456
,Guam,2006,GOV_WGI_RQ.EST,0.7536512
,Guam,2005,GOV_WGI_RQ.EST,0.7574388
GTM,Guatemala,2024,GOV_WGI_RQ.EST,-0.3094252
GTM,Guatemala,2023,GOV_WGI_RQ.EST,-0.408294899999999
GTM,Guatemala,2022,GOV_WGI_RQ.EST,-0.3817018
GTM,Guatemala,2021,GOV_WGI_RQ.EST,-0.385992799999999
GTM,Guatemala,2020,GOV_WGI_RQ.EST,-0.3770766
GTM,Guatemala,2019,GOV_WGI_RQ.EST,-0.423147799999999
GTM,Guatemala,2018,GOV_WGI_RQ.EST,-0.3907315
GTM,Guatemala,2017,GOV_WGI_RQ.EST,-0.451575699999999
GTM,Guatemala,2016,GOV_WGI_RQ.EST,-0.356197899999999
GTM,Guatemala,2015,GOV_WGI_RQ.EST,-0.404694399999999
GTM,Guatemala,2014,GOV_WGI_RQ.EST,-0.4728187
GTM,Guatemala,2013,GOV_WGI_RQ.EST,-0.505690899999999
GTM,Guatemala,2012,GOV_WGI_RQ.EST,-0.465229699999999
GTM,Guatemala,2011,GOV_WGI_RQ.EST,-0.3920435
GTM,Guatemala,2010,GOV_WGI_RQ.EST,-0.363829399999999
GTM,Guatemala,2009,GOV_WGI_RQ.EST,-0.3833444
GTM,Guatemala,2008,GOV_WGI_RQ.EST,-0.3507392
GTM,Guatemala,2007,GOV_WGI_RQ.EST,-0.3840826
GTM,Guatemala,2006,GOV_WGI_RQ.EST,-0.3463887
GTM,Guatemala,2005,GOV_WGI_RQ.EST,-0.4528577
GIN,Guinea,2024,GOV_WGI_RQ.EST,-0.8917271
GIN,Guinea,2023,GOV_WGI_RQ.EST,-0.959765699999999
GIN,Guinea,2022,GOV_WGI_RQ.EST,-0.960537699999999
GIN,Guinea,2021,GOV_WGI_RQ.EST,-0.912789299999999
GIN,Guinea,2020,GOV_WGI_RQ.EST,-0.826735999999999
GIN,Guinea,2019,GOV_WGI_RQ.EST,-0.792774299999999
GIN,Guinea,2018,GOV_WGI_RQ.EST,-0.802823699999999
GIN,Guinea,2017,GOV_WGI_RQ.EST,-0.7873519
GIN,Guinea,2016,GOV_WGI_RQ.EST,-0.828718699999999
GIN,Guinea,2015,GOV_WGI_RQ.EST,-0.8658766
GIN,Guinea,2014,GOV_WGI_RQ.EST,-1.0866483
GIN,Guinea,2013,GOV_WGI_RQ.EST,-1.1032004
GIN,Guinea,2012,GOV_WGI_RQ.EST,-1.0451097
GIN,Guinea,2011,GOV_WGI_RQ.EST,-1.0667906
GIN,Guinea,2010,GOV_WGI_RQ.EST,-1.1130312
GIN,Guinea,2009,GOV_WGI_RQ.EST,-1.1598167
GIN,Guinea,2008,GOV_WGI_RQ.EST,-1.2030653
GIN,Guinea,2007,GOV_WGI_RQ.EST,-1.15321919999999
GIN,Guinea,2006,GOV_WGI_RQ.EST,-1.12845479999999
GIN,Guinea,2005,GOV_WGI_RQ.EST,-0.972591299999999
GNB,Guinea-Bissau,2024,GOV_WGI_RQ.EST,-1.1903185
GNB,Guinea-Bissau,2023,GOV_WGI_RQ.EST,-1.2474915
GNB,Guinea-Bissau,2022,GOV_WGI_RQ.EST,-1.31223539999999
GNB,Guinea-Bissau,2021,GOV_WGI_RQ.EST,-1.3114711
GNB,Guinea-Bissau,2020,GOV_WGI_RQ.EST,-1.2914875
GNB,Guinea-Bissau,2019,GOV_WGI_RQ.EST,-1.25198039999999
GNB,Guinea-Bissau,2018,GOV_WGI_RQ.EST,-1.2523992
GNB,Guinea-Bissau,2017,GOV_WGI_RQ.EST,-1.2299468
GNB,Guinea-Bissau,2016,GOV_WGI_RQ.EST,-1.2618137
GNB,Guinea-Bissau,2015,GOV_WGI_RQ.EST,-1.295315
GNB,Guinea-Bissau,2014,GOV_WGI_RQ.EST,-1.2728339
GNB,Guinea-Bissau,2013,GOV_WGI_RQ.EST,-1.3739272
GNB,Guinea-Bissau,2012,GOV_WGI_RQ.EST,-1.3284026
GNB,Guinea-Bissau,2011,GOV_WGI_RQ.EST,-1.13496929999999
GNB,Guinea-Bissau,2010,GOV_WGI_RQ.EST,-1.0805874
GNB,Guinea-Bissau,2009,GOV_WGI_RQ.EST,-1.1156837
GNB,Guinea-Bissau,2008,GOV_WGI_RQ.EST,-1.12093469999999
GNB,Guinea-Bissau,2007,GOV_WGI_RQ.EST,-1.087842
GNB,Guinea-Bissau,2006,GOV_WGI_RQ.EST,-1.0362433
GNB,Guinea-Bissau,2005,GOV_WGI_RQ.EST,-1.1307137
GUY,Guyana,2024,GOV_WGI_RQ.EST,-0.4474838
GUY,Guyana,2023,GOV_WGI_RQ.EST,-0.6656004
GUY,Guyana,2022,GOV_WGI_RQ.EST,-0.647654699999999
GUY,Guyana,2021,GOV_WGI_RQ.EST,-0.5733425
GUY,Guyana,2020,GOV_WGI_RQ.EST,-0.5877644
GUY,Guyana,2019,GOV_WGI_RQ.EST,-0.5433513
GUY,Guyana,2018,GOV_WGI_RQ.EST,-0.4646567
GUY,Guyana,2017,GOV_WGI_RQ.EST,-0.370790399999999
GUY,Guyana,2016,GOV_WGI_RQ.EST,-0.3884311
GUY,Guyana,2015,GOV_WGI_RQ.EST,-0.5358252
GUY,Guyana,2014,GOV_WGI_RQ.EST,-0.5788286
GUY,Guyana,2013,GOV_WGI_RQ.EST,-0.5773702
GUY,Guyana,2012,GOV_WGI_RQ.EST,-0.624864099999999
GUY,Guyana,2011,GOV_WGI_RQ.EST,-0.6387181
GUY,Guyana,2010,GOV_WGI_RQ.EST,-0.557920499999999
GUY,Guyana,2009,GOV_WGI_RQ.EST,-0.585365799999999
GUY,Guyana,2008,GOV_WGI_RQ.EST,-0.5363036
GUY,Guyana,2007,GOV_WGI_RQ.EST,-0.542173599999999
GUY,Guyana,2006,GOV_WGI_RQ.EST,-0.5011745
GUY,Guyana,2005,GOV_WGI_RQ.EST,-0.5511484
HTI,Haiti,2024,GOV_WGI_RQ.EST,-1.46341569999999
HTI,Haiti,2023,GOV_WGI_RQ.EST,-1.5446242
HTI,Haiti,2022,GOV_WGI_RQ.EST,-1.41718639999999
HTI,Haiti,2021,GOV_WGI_RQ.EST,-1.4160753
HTI,Haiti,2020,GOV_WGI_RQ.EST,-1.30768439999999
HTI,Haiti,2019,GOV_WGI_RQ.EST,-1.2718629
HTI,Haiti,2018,GOV_WGI_RQ.EST,-1.24179819999999
HTI,Haiti,2017,GOV_WGI_RQ.EST,-1.300095
HTI,Haiti,2016,GOV_WGI_RQ.EST,-1.3334701
HTI,Haiti,2015,GOV_WGI_RQ.EST,-1.3343055
HTI,Haiti,2014,GOV_WGI_RQ.EST,-1.31480169999999
HTI,Haiti,2013,GOV_WGI_RQ.EST,-1.2023346
HTI,Haiti,2012,GOV_WGI_RQ.EST,-1.2257236
HTI,Haiti,2011,GOV_WGI_RQ.EST,-1.20311449999999
HTI,Haiti,2010,GOV_WGI_RQ.EST,-1.1168745
HTI,Haiti,2009,GOV_WGI_RQ.EST,-0.872823199999999
HTI,Haiti,2008,GOV_WGI_RQ.EST,-0.8671247
HTI,Haiti,2007,GOV_WGI_RQ.EST,-0.951658
HTI,Haiti,2006,GOV_WGI_RQ.EST,-0.9314555
HTI,Haiti,2005,GOV_WGI_RQ.EST,-1.4080527
HND,Honduras,2024,GOV_WGI_RQ.EST,-0.6280335
HND,Honduras,2023,GOV_WGI_RQ.EST,-0.681674799999999
HND,Honduras,2022,GOV_WGI_RQ.EST,-0.6195218
HND,Honduras,2021,GOV_WGI_RQ.EST,-0.606984299999999
HND,Honduras,2020,GOV_WGI_RQ.EST,-0.5559791
HND,Honduras,2019,GOV_WGI_RQ.EST,-0.5191215
HND,Honduras,2018,GOV_WGI_RQ.EST,-0.4794427
HND,Honduras,2017,GOV_WGI_RQ.EST,-0.4499974
HND,Honduras,2016,GOV_WGI_RQ.EST,-0.5949609
HND,Honduras,2015,GOV_WGI_RQ.EST,-0.5300981
HND,Honduras,2014,GOV_WGI_RQ.EST,-0.5844085
HND,Honduras,2013,GOV_WGI_RQ.EST,-0.4431174
HND,Honduras,2012,GOV_WGI_RQ.EST,-0.3805097
HND,Honduras,2011,GOV_WGI_RQ.EST,-0.2784058
HND,Honduras,2010,GOV_WGI_RQ.EST,-0.3574873
HND,Honduras,2009,GOV_WGI_RQ.EST,-0.359063199999999
HND,Honduras,2008,GOV_WGI_RQ.EST,-0.3195845
HND,Honduras,2007,GOV_WGI_RQ.EST,-0.240922
HND,Honduras,2006,GOV_WGI_RQ.EST,-0.3831814
HND,Honduras,2005,GOV_WGI_RQ.EST,-0.415180999999999
HUN,Hungary,2024,GOV_WGI_RQ.EST,0.3350444
HUN,Hungary,2023,GOV_WGI_RQ.EST,0.2375182
HUN,Hungary,2022,GOV_WGI_RQ.EST,0.2882324
HUN,Hungary,2021,GOV_WGI_RQ.EST,0.4002885
HUN,Hungary,2020,GOV_WGI_RQ.EST,0.4381497
HUN,Hungary,2019,GOV_WGI_RQ.EST,0.4598348
HUN,Hungary,2018,GOV_WGI_RQ.EST,0.4420607
HUN,Hungary,2017,GOV_WGI_RQ.EST,0.5151311
HUN,Hungary,2016,GOV_WGI_RQ.EST,0.4961603
HUN,Hungary,2015,GOV_WGI_RQ.EST,0.5204327
HUN,Hungary,2014,GOV_WGI_RQ.EST,0.4352147
HUN,Hungary,2013,GOV_WGI_RQ.EST,0.6995175
HUN,Hungary,2012,GOV_WGI_RQ.EST,0.7676964
HUN,Hungary,2011,GOV_WGI_RQ.EST,0.8949521
HUN,Hungary,2010,GOV_WGI_RQ.EST,0.9304828
HUN,Hungary,2009,GOV_WGI_RQ.EST,1.1276896
HUN,Hungary,2008,GOV_WGI_RQ.EST,1.196409
HUN,Hungary,2007,GOV_WGI_RQ.EST,1.2913863
HUN,Hungary,2006,GOV_WGI_RQ.EST,1.2767385
HUN,Hungary,2005,GOV_WGI_RQ.EST,1.2519196
ISL,Iceland,2024,GOV_WGI_RQ.EST,1.3302839
ISL,Iceland,2023,GOV_WGI_RQ.EST,1.3949539
ISL,Iceland,2022,GOV_WGI_RQ.EST,1.4250509
ISL,Iceland,2021,GOV_WGI_RQ.EST,1.6297845
ISL,Iceland,2020,GOV_WGI_RQ.EST,1.4674124
ISL,Iceland,2019,GOV_WGI_RQ.EST,1.5164097
ISL,Iceland,2018,GOV_WGI_RQ.EST,1.4402955
ISL,Iceland,2017,GOV_WGI_RQ.EST,1.4266014
ISL,Iceland,2016,GOV_WGI_RQ.EST,1.2838536
ISL,Iceland,2015,GOV_WGI_RQ.EST,1.2962827
ISL,Iceland,2014,GOV_WGI_RQ.EST,1.1980632
ISL,Iceland,2013,GOV_WGI_RQ.EST,1.1472846
ISL,Iceland,2012,GOV_WGI_RQ.EST,1.1846502
ISL,Iceland,2011,GOV_WGI_RQ.EST,1.148601
ISL,Iceland,2010,GOV_WGI_RQ.EST,0.9751951
ISL,Iceland,2009,GOV_WGI_RQ.EST,1.4657913
ISL,Iceland,2008,GOV_WGI_RQ.EST,1.4200832
ISL,Iceland,2007,GOV_WGI_RQ.EST,1.7164203
ISL,Iceland,2006,GOV_WGI_RQ.EST,1.7906405
ISL,Iceland,2005,GOV_WGI_RQ.EST,1.8061763
IND,India,2024,GOV_WGI_RQ.EST,-0.0960695999999999
IND,India,2023,GOV_WGI_RQ.EST,-0.1271699
IND,India,2022,GOV_WGI_RQ.EST,-0.087658
IND,India,2021,GOV_WGI_RQ.EST,-0.169914899999999
IND,India,2020,GOV_WGI_RQ.EST,-0.1486534
IND,India,2019,GOV_WGI_RQ.EST,-0.0981205
IND,India,2018,GOV_WGI_RQ.EST,-0.1555625
IND,India,2017,GOV_WGI_RQ.EST,-0.215826699999999
IND,India,2016,GOV_WGI_RQ.EST,-0.2535746
IND,India,2015,GOV_WGI_RQ.EST,-0.3303195
IND,India,2014,GOV_WGI_RQ.EST,-0.380901899999999
IND,India,2013,GOV_WGI_RQ.EST,-0.3722425
IND,India,2012,GOV_WGI_RQ.EST,-0.3740965
IND,India,2011,GOV_WGI_RQ.EST,-0.3395793
IND,India,2010,GOV_WGI_RQ.EST,-0.277761
IND,India,2009,GOV_WGI_RQ.EST,-0.2438041
IND,India,2008,GOV_WGI_RQ.EST,-0.2663175
IND,India,2007,GOV_WGI_RQ.EST,-0.2088541
IND,India,2006,GOV_WGI_RQ.EST,-0.1925709
IND,India,2005,GOV_WGI_RQ.EST,-0.177473699999999
IDN,Indonesia,2024,GOV_WGI_RQ.EST,0.1247202
IDN,Indonesia,2023,GOV_WGI_RQ.EST,0.3408081
IDN,Indonesia,2022,GOV_WGI_RQ.EST,0.2811244
IDN,Indonesia,2021,GOV_WGI_RQ.EST,0.3421673
IDN,Indonesia,2020,GOV_WGI_RQ.EST,0.2247809
IDN,Indonesia,2019,GOV_WGI_RQ.EST,0.1109827
IDN,Indonesia,2018,GOV_WGI_RQ.EST,0.0734587999999999
IDN,Indonesia,2017,GOV_WGI_RQ.EST,0.1002062
IDN,Indonesia,2016,GOV_WGI_RQ.EST,0.0343509
IDN,Indonesia,2015,GOV_WGI_RQ.EST,-0.1393886
IDN,Indonesia,2014,GOV_WGI_RQ.EST,0.0028168
IDN,Indonesia,2013,GOV_WGI_RQ.EST,-0.0485665
IDN,Indonesia,2012,GOV_WGI_RQ.EST,-0.179268799999999
IDN,Indonesia,2011,GOV_WGI_RQ.EST,-0.151232199999999
IDN,Indonesia,2010,GOV_WGI_RQ.EST,-0.1461447
IDN,Indonesia,2009,GOV_WGI_RQ.EST,-0.1179653
IDN,Indonesia,2008,GOV_WGI_RQ.EST,-0.1516209
IDN,Indonesia,2007,GOV_WGI_RQ.EST,-0.2282939
IDN,Indonesia,2006,GOV_WGI_RQ.EST,-0.1787479
IDN,Indonesia,2005,GOV_WGI_RQ.EST,-0.4030391
IRN,"Iran, Islamic Rep.",2024,GOV_WGI_RQ.EST,-1.5113535
IRN,"Iran, Islamic Rep.",2023,GOV_WGI_RQ.EST,-1.4684049
IRN,"Iran, Islamic Rep.",2022,GOV_WGI_RQ.EST,-1.3976255
IRN,"Iran, Islamic Rep.",2021,GOV_WGI_RQ.EST,-1.39362039999999
IRN,"Iran, Islamic Rep.",2020,GOV_WGI_RQ.EST,-1.39295869999999
IRN,"Iran, Islamic Rep.",2019,GOV_WGI_RQ.EST,-1.36056169999999
IRN,"Iran, Islamic Rep.",2018,GOV_WGI_RQ.EST,-1.2929956
IRN,"Iran, Islamic Rep.",2017,GOV_WGI_RQ.EST,-1.08286669999999
IRN,"Iran, Islamic Rep.",2016,GOV_WGI_RQ.EST,-1.05587229999999
IRN,"Iran, Islamic Rep.",2015,GOV_WGI_RQ.EST,-1.0907749
IRN,"Iran, Islamic Rep.",2014,GOV_WGI_RQ.EST,-1.3019342
IRN,"Iran, Islamic Rep.",2013,GOV_WGI_RQ.EST,-1.3745965
IRN,"Iran, Islamic Rep.",2012,GOV_WGI_RQ.EST,-1.24873909999999
IRN,"Iran, Islamic Rep.",2011,GOV_WGI_RQ.EST,-1.1976073
IRN,"Iran, Islamic Rep.",2010,GOV_WGI_RQ.EST,-1.42150619999999
IRN,"Iran, Islamic Rep.",2009,GOV_WGI_RQ.EST,-1.4986655
IRN,"Iran, Islamic Rep.",2008,GOV_WGI_RQ.EST,-1.3877209
IRN,"Iran, Islamic Rep.",2007,GOV_WGI_RQ.EST,-1.3434552
IRN,"Iran, Islamic Rep.",2006,GOV_WGI_RQ.EST,-1.26559209999999
IRN,"Iran, Islamic Rep.",2005,GOV_WGI_RQ.EST,-1.2647461
IRQ,Iraq,2024,GOV_WGI_RQ.EST,-1.030546
IRQ,Iraq,2023,GOV_WGI_RQ.EST,-1.2810271
IRQ,Iraq,2022,GOV_WGI_RQ.EST,-1.2214123
IRQ,Iraq,2021,GOV_WGI_RQ.EST,-1.1622157
IRQ,Iraq,2020,GOV_WGI_RQ.EST,-1.2511236
IRQ,Iraq,2019,GOV_WGI_RQ.EST,-1.1604354
IRQ,Iraq,2018,GOV_WGI_RQ.EST,-1.16118109999999
IRQ,Iraq,2017,GOV_WGI_RQ.EST,-1.06927179999999
IRQ,Iraq,2016,GOV_WGI_RQ.EST,-0.9696252
IRQ,Iraq,2015,GOV_WGI_RQ.EST,-1.01794729999999
IRQ,Iraq,2014,GOV_WGI_RQ.EST,-1.07080859999999
IRQ,Iraq,2013,GOV_WGI_RQ.EST,-1.01449489999999
IRQ,Iraq,2012,GOV_WGI_RQ.EST,-1.0140703
IRQ,Iraq,2011,GOV_WGI_RQ.EST,-0.9193194
IRQ,Iraq,2010,GOV_WGI_RQ.EST,-0.9629582
IRQ,Iraq,2009,GOV_WGI_RQ.EST,-1.1212805
IRQ,Iraq,2008,GOV_WGI_RQ.EST,-1.17136669999999
IRQ,Iraq,2007,GOV_WGI_RQ.EST,-1.3291863
IRQ,Iraq,2006,GOV_WGI_RQ.EST,-1.3863282
IRQ,Iraq,2005,GOV_WGI_RQ.EST,-1.4331865
IRL,Ireland,2024,GOV_WGI_RQ.EST,1.7944361
IRL,Ireland,2023,GOV_WGI_RQ.EST,1.7973082
IRL,Ireland,2022,GOV_WGI_RQ.EST,1.766517
IRL,Ireland,2021,GOV_WGI_RQ.EST,1.621098
IRL,Ireland,2020,GOV_WGI_RQ.EST,1.4657053
IRL,Ireland,2019,GOV_WGI_RQ.EST,1.5832688
IRL,Ireland,2018,GOV_WGI_RQ.EST,1.6485933
IRL,Ireland,2017,GOV_WGI_RQ.EST,1.5978967
IRL,Ireland,2016,GOV_WGI_RQ.EST,1.7059099
IRL,Ireland,2015,GOV_WGI_RQ.EST,1.7242938
IRL,Ireland,2014,GOV_WGI_RQ.EST,1.655585
IRL,Ireland,2013,GOV_WGI_RQ.EST,1.5775092
IRL,Ireland,2012,GOV_WGI_RQ.EST,1.5219127
IRL,Ireland,2011,GOV_WGI_RQ.EST,1.441947
IRL,Ireland,2010,GOV_WGI_RQ.EST,1.5589282
IRL,Ireland,2009,GOV_WGI_RQ.EST,1.6231073
IRL,Ireland,2008,GOV_WGI_RQ.EST,1.8240052
IRL,Ireland,2007,GOV_WGI_RQ.EST,1.9168528
IRL,Ireland,2006,GOV_WGI_RQ.EST,1.9855895
IRL,Ireland,2005,GOV_WGI_RQ.EST,1.8845907
ISR,Israel,2024,GOV_WGI_RQ.EST,1.1138772
ISR,Israel,2023,GOV_WGI_RQ.EST,1.0540976
ISR,Israel,2022,GOV_WGI_RQ.EST,1.1223555
ISR,Israel,2021,GOV_WGI_RQ.EST,1.1753426
ISR,Israel,2020,GOV_WGI_RQ.EST,1.1520351
ISR,Israel,2019,GOV_WGI_RQ.EST,1.2416535
ISR,Israel,2018,GOV_WGI_RQ.EST,1.163545
ISR,Israel,2017,GOV_WGI_RQ.EST,1.21522
ISR,Israel,2016,GOV_WGI_RQ.EST,1.2410934
ISR,Israel,2015,GOV_WGI_RQ.EST,1.0998742
ISR,Israel,2014,GOV_WGI_RQ.EST,1.039203
ISR,Israel,2013,GOV_WGI_RQ.EST,1.0845921
ISR,Israel,2012,GOV_WGI_RQ.EST,1.1065081
ISR,Israel,2011,GOV_WGI_RQ.EST,1.1985341
ISR,Israel,2010,GOV_WGI_RQ.EST,1.0545829
ISR,Israel,2009,GOV_WGI_RQ.EST,0.9449838
ISR,Israel,2008,GOV_WGI_RQ.EST,1.048727
ISR,Israel,2007,GOV_WGI_RQ.EST,1.0188037
ISR,Israel,2006,GOV_WGI_RQ.EST,0.9173152
ISR,Israel,2005,GOV_WGI_RQ.EST,0.9163284
ITA,Italy,2024,GOV_WGI_RQ.EST,0.6401491
ITA,Italy,2023,GOV_WGI_RQ.EST,0.695748
ITA,Italy,2022,GOV_WGI_RQ.EST,0.6011866
ITA,Italy,2021,GOV_WGI_RQ.EST,0.5735641
ITA,Italy,2020,GOV_WGI_RQ.EST,0.4717415
ITA,Italy,2019,GOV_WGI_RQ.EST,0.7011105
ITA,Italy,2018,GOV_WGI_RQ.EST,0.5602677
ITA,Italy,2017,GOV_WGI_RQ.EST,0.6356778
ITA,Italy,2016,GOV_WGI_RQ.EST,0.6337422
ITA,Italy,2015,GOV_WGI_RQ.EST,0.5869675
ITA,Italy,2014,GOV_WGI_RQ.EST,0.3783433
ITA,Italy,2013,GOV_WGI_RQ.EST,0.4880841
ITA,Italy,2012,GOV_WGI_RQ.EST,0.4822093
ITA,Italy,2011,GOV_WGI_RQ.EST,0.4856351
ITA,Italy,2010,GOV_WGI_RQ.EST,0.7462046
ITA,Italy,2009,GOV_WGI_RQ.EST,0.7953389
ITA,Italy,2008,GOV_WGI_RQ.EST,0.8886584
ITA,Italy,2007,GOV_WGI_RQ.EST,0.9144553
ITA,Italy,2006,GOV_WGI_RQ.EST,0.9347533
ITA,Italy,2005,GOV_WGI_RQ.EST,0.9062855
JAM,Jamaica,2024,GOV_WGI_RQ.EST,0.0908785
JAM,Jamaica,2023,GOV_WGI_RQ.EST,0.1485571
JAM,Jamaica,2022,GOV_WGI_RQ.EST,0.1706852
JAM,Jamaica,2021,GOV_WGI_RQ.EST,0.1818115
JAM,Jamaica,2020,GOV_WGI_RQ.EST,0.0985113
JAM,Jamaica,2019,GOV_WGI_RQ.EST,0.1355129
JAM,Jamaica,2018,GOV_WGI_RQ.EST,0.1473187
JAM,Jamaica,2017,GOV_WGI_RQ.EST,0.1244681
JAM,Jamaica,2016,GOV_WGI_RQ.EST,0.1445195
JAM,Jamaica,2015,GOV_WGI_RQ.EST,0.1273892
JAM,Jamaica,2014,GOV_WGI_RQ.EST,0.0551423
JAM,Jamaica,2013,GOV_WGI_RQ.EST,0.0417636
JAM,Jamaica,2012,GOV_WGI_RQ.EST,-0.0021633
JAM,Jamaica,2011,GOV_WGI_RQ.EST,0.1950194
JAM,Jamaica,2010,GOV_WGI_RQ.EST,0.2536728
JAM,Jamaica,2009,GOV_WGI_RQ.EST,0.2533509
JAM,Jamaica,2008,GOV_WGI_RQ.EST,0.2836894
JAM,Jamaica,2007,GOV_WGI_RQ.EST,0.3057307
JAM,Jamaica,2006,GOV_WGI_RQ.EST,0.2887177
JAM,Jamaica,2005,GOV_WGI_RQ.EST,0.2253065
JPN,Japan,2024,GOV_WGI_RQ.EST,1.3296352
JPN,Japan,2023,GOV_WGI_RQ.EST,1.3978822
JPN,Japan,2022,GOV_WGI_RQ.EST,1.4106972
JPN,Japan,2021,GOV_WGI_RQ.EST,1.3955783
JPN,Japan,2020,GOV_WGI_RQ.EST,1.3671823
JPN,Japan,2019,GOV_WGI_RQ.EST,1.3886549
JPN,Japan,2018,GOV_WGI_RQ.EST,1.364542
JPN,Japan,2017,GOV_WGI_RQ.EST,1.3985802
JPN,Japan,2016,GOV_WGI_RQ.EST,1.5287918
JPN,Japan,2015,GOV_WGI_RQ.EST,1.4111482
JPN,Japan,2014,GOV_WGI_RQ.EST,1.2994963
JPN,Japan,2013,GOV_WGI_RQ.EST,1.3594273
JPN,Japan,2012,GOV_WGI_RQ.EST,1.4295254
JPN,Japan,2011,GOV_WGI_RQ.EST,1.3335982
JPN,Japan,2010,GOV_WGI_RQ.EST,1.197376
JPN,Japan,2009,GOV_WGI_RQ.EST,1.224319
JPN,Japan,2008,GOV_WGI_RQ.EST,1.2525058
JPN,Japan,2007,GOV_WGI_RQ.EST,1.2530414
JPN,Japan,2006,GOV_WGI_RQ.EST,1.3064725
JPN,Japan,2005,GOV_WGI_RQ.EST,1.2239846
JOR,Jordan,2024,GOV_WGI_RQ.EST,0.2760104
JOR,Jordan,2023,GOV_WGI_RQ.EST,0.3141122
JOR,Jordan,2022,GOV_WGI_RQ.EST,0.2117071
JOR,Jordan,2021,GOV_WGI_RQ.EST,0.1917529
JOR,Jordan,2020,GOV_WGI_RQ.EST,0.1930478
JOR,Jordan,2019,GOV_WGI_RQ.EST,0.159713
JOR,Jordan,2018,GOV_WGI_RQ.EST,0.0851019
JOR,Jordan,2017,GOV_WGI_RQ.EST,0.1335964
JOR,Jordan,2016,GOV_WGI_RQ.EST,0.1178125
JOR,Jordan,2015,GOV_WGI_RQ.EST,0.1682906
JOR,Jordan,2014,GOV_WGI_RQ.EST,0.104591
JOR,Jordan,2013,GOV_WGI_RQ.EST,0.0995895
JOR,Jordan,2012,GOV_WGI_RQ.EST,0.1819511
JOR,Jordan,2011,GOV_WGI_RQ.EST,0.1908722
JOR,Jordan,2010,GOV_WGI_RQ.EST,0.1073349
JOR,Jordan,2009,GOV_WGI_RQ.EST,0.2228716
JOR,Jordan,2008,GOV_WGI_RQ.EST,0.308494
JOR,Jordan,2007,GOV_WGI_RQ.EST,0.1566394
JOR,Jordan,2006,GOV_WGI_RQ.EST,0.1526239
JOR,Jordan,2005,GOV_WGI_RQ.EST,0.3211519
KAZ,Kazakhstan,2024,GOV_WGI_RQ.EST,0.0470549
KAZ,Kazakhstan,2023,GOV_WGI_RQ.EST,0.0054918
KAZ,Kazakhstan,2022,GOV_WGI_RQ.EST,-0.0640574
KAZ,Kazakhstan,2021,GOV_WGI_RQ.EST,0.0132367
KAZ,Kazakhstan,2020,GOV_WGI_RQ.EST,0.0538787
KAZ,Kazakhstan,2019,GOV_WGI_RQ.EST,0.112725
KAZ,Kazakhstan,2018,GOV_WGI_RQ.EST,0.0552752
KAZ,Kazakhstan,2017,GOV_WGI_RQ.EST,0.0833098999999999
KAZ,Kazakhstan,2016,GOV_WGI_RQ.EST,-0.135354299999999
KAZ,Kazakhstan,2015,GOV_WGI_RQ.EST,-0.0714085
KAZ,Kazakhstan,2014,GOV_WGI_RQ.EST,-0.1482337
KAZ,Kazakhstan,2013,GOV_WGI_RQ.EST,-0.3372732
KAZ,Kazakhstan,2012,GOV_WGI_RQ.EST,-0.3353459
KAZ,Kazakhstan,2011,GOV_WGI_RQ.EST,-0.311006699999999
KAZ,Kazakhstan,2010,GOV_WGI_RQ.EST,-0.3591992
KAZ,Kazakhstan,2009,GOV_WGI_RQ.EST,-0.397889899999999
KAZ,Kazakhstan,2008,GOV_WGI_RQ.EST,-0.2820625
KAZ,Kazakhstan,2007,GOV_WGI_RQ.EST,-0.427709099999999
KAZ,Kazakhstan,2006,GOV_WGI_RQ.EST,-0.427037
KAZ,Kazakhstan,2005,GOV_WGI_RQ.EST,-0.5786196
KEN,Kenya,2024,GOV_WGI_RQ.EST,-0.3335684
KEN,Kenya,2023,GOV_WGI_RQ.EST,-0.3986548
KEN,Kenya,2022,GOV_WGI_RQ.EST,-0.3909087
KEN,Kenya,2021,GOV_WGI_RQ.EST,-0.424813499999999
KEN,Kenya,2020,GOV_WGI_RQ.EST,-0.460141099999999
KEN,Kenya,2019,GOV_WGI_RQ.EST,-0.3436142
KEN,Kenya,2018,GOV_WGI_RQ.EST,-0.2993553
KEN,Kenya,2017,GOV_WGI_RQ.EST,-0.1985132
KEN,Kenya,2016,GOV_WGI_RQ.EST,-0.227071399999999
KEN,Kenya,2015,GOV_WGI_RQ.EST,-0.28953
KEN,Kenya,2014,GOV_WGI_RQ.EST,-0.3260229
KEN,Kenya,2013,GOV_WGI_RQ.EST,-0.5061369
KEN,Kenya,2012,GOV_WGI_RQ.EST,-0.512205399999999
KEN,Kenya,2011,GOV_WGI_RQ.EST,-0.5228608
KEN,Kenya,2010,GOV_WGI_RQ.EST,-0.352640099999999
KEN,Kenya,2009,GOV_WGI_RQ.EST,-0.3937815
KEN,Kenya,2008,GOV_WGI_RQ.EST,-0.3623643
KEN,Kenya,2007,GOV_WGI_RQ.EST,-0.3186137
KEN,Kenya,2006,GOV_WGI_RQ.EST,-0.334414899999999
KEN,Kenya,2005,GOV_WGI_RQ.EST,-0.3700978
KIR,Kiribati,2024,GOV_WGI_RQ.EST,-0.5014363
KIR,Kiribati,2023,GOV_WGI_RQ.EST,-0.5997507
KIR,Kiribati,2022,GOV_WGI_RQ.EST,-0.5337443
KIR,Kiribati,2021,GOV_WGI_RQ.EST,-0.5500931
KIR,Kiribati,2020,GOV_WGI_RQ.EST,-0.5492947
KIR,Kiribati,2019,GOV_WGI_RQ.EST,-0.5049386
KIR,Kiribati,2018,GOV_WGI_RQ.EST,-0.6772777
KIR,Kiribati,2017,GOV_WGI_RQ.EST,-0.6776525
KIR,Kiribati,2016,GOV_WGI_RQ.EST,-0.6785642
KIR,Kiribati,2015,GOV_WGI_RQ.EST,-0.6633176
KIR,Kiribati,2014,GOV_WGI_RQ.EST,-0.6670026
KIR,Kiribati,2013,GOV_WGI_RQ.EST,-1.180479
KIR,Kiribati,2012,GOV_WGI_RQ.EST,-1.1799003
KIR,Kiribati,2011,GOV_WGI_RQ.EST,-1.1695716
KIR,Kiribati,2010,GOV_WGI_RQ.EST,-1.1712064
KIR,Kiribati,2009,GOV_WGI_RQ.EST,-1.109943
KIR,Kiribati,2008,GOV_WGI_RQ.EST,-1.0760724
KIR,Kiribati,2007,GOV_WGI_RQ.EST,-1.0026464
KIR,Kiribati,2006,GOV_WGI_RQ.EST,-0.9623162
KIR,Kiribati,2005,GOV_WGI_RQ.EST,-0.9606224
PRK,"Korea, Dem. People's Rep.",2024,GOV_WGI_RQ.EST,-1.87415999999999
PRK,"Korea, Dem. People's Rep.",2023,GOV_WGI_RQ.EST,-1.8744885
PRK,"Korea, Dem. People's Rep.",2022,GOV_WGI_RQ.EST,-1.94723499999999
PRK,"Korea, Dem. People's Rep.",2021,GOV_WGI_RQ.EST,-1.9459904
PRK,"Korea, Dem. People's Rep.",2020,GOV_WGI_RQ.EST,-1.9455234
PRK,"Korea, Dem. People's Rep.",2019,GOV_WGI_RQ.EST,-2.0261356
PRK,"Korea, Dem. People's Rep.",2018,GOV_WGI_RQ.EST,-2.0268175
PRK,"Korea, Dem. People's Rep.",2017,GOV_WGI_RQ.EST,-2.1037448
PRK,"Korea, Dem. People's Rep.",2016,GOV_WGI_RQ.EST,-2.10435649999999
PRK,"Korea, Dem. People's Rep.",2015,GOV_WGI_RQ.EST,-2.1049346
PRK,"Korea, Dem. People's Rep.",2014,GOV_WGI_RQ.EST,-2.0615378
PRK,"Korea, Dem. People's Rep.",2013,GOV_WGI_RQ.EST,-2.4267817
PRK,"Korea, Dem. People's Rep.",2012,GOV_WGI_RQ.EST,-2.4263935
PRK,"Korea, Dem. People's Rep.",2011,GOV_WGI_RQ.EST,-1.8375062
PRK,"Korea, Dem. People's Rep.",2010,GOV_WGI_RQ.EST,-1.8343177
PRK,"Korea, Dem. People's Rep.",2009,GOV_WGI_RQ.EST,-2.2693429
PRK,"Korea, Dem. People's Rep.",2008,GOV_WGI_RQ.EST,-2.0349443
PRK,"Korea, Dem. People's Rep.",2007,GOV_WGI_RQ.EST,-2.034291
PRK,"Korea, Dem. People's Rep.",2006,GOV_WGI_RQ.EST,-1.99609599999999
PRK,"Korea, Dem. People's Rep.",2005,GOV_WGI_RQ.EST,-2.0646651
KOR,"Korea, Rep.",2024,GOV_WGI_RQ.EST,1.013674
KOR,"Korea, Rep.",2023,GOV_WGI_RQ.EST,0.9996554
KOR,"Korea, Rep.",2022,GOV_WGI_RQ.EST,1.01728
KOR,"Korea, Rep.",2021,GOV_WGI_RQ.EST,0.9879995
KOR,"Korea, Rep.",2020,GOV_WGI_RQ.EST,0.9083199
KOR,"Korea, Rep.",2019,GOV_WGI_RQ.EST,0.9120155
KOR,"Korea, Rep.",2018,GOV_WGI_RQ.EST,0.9569194
KOR,"Korea, Rep.",2017,GOV_WGI_RQ.EST,0.9593042
KOR,"Korea, Rep.",2016,GOV_WGI_RQ.EST,0.9758957
KOR,"Korea, Rep.",2015,GOV_WGI_RQ.EST,0.996129
KOR,"Korea, Rep.",2014,GOV_WGI_RQ.EST,0.9937598
KOR,"Korea, Rep.",2013,GOV_WGI_RQ.EST,1.0180914
KOR,"Korea, Rep.",2012,GOV_WGI_RQ.EST,0.9288607
KOR,"Korea, Rep.",2011,GOV_WGI_RQ.EST,0.9312521
KOR,"Korea, Rep.",2010,GOV_WGI_RQ.EST,0.8025338
KOR,"Korea, Rep.",2009,GOV_WGI_RQ.EST,0.7514494
KOR,"Korea, Rep.",2008,GOV_WGI_RQ.EST,0.6842496
KOR,"Korea, Rep.",2007,GOV_WGI_RQ.EST,0.9818245
KOR,"Korea, Rep.",2006,GOV_WGI_RQ.EST,0.785485
KOR,"Korea, Rep.",2005,GOV_WGI_RQ.EST,0.8756782
,Kosovo,2024,GOV_WGI_RQ.EST,-0.2229473
,Kosovo,2023,GOV_WGI_RQ.EST,-0.3899858
,Kosovo,2022,GOV_WGI_RQ.EST,-0.468636799999999
,Kosovo,2021,GOV_WGI_RQ.EST,-0.3739534
,Kosovo,2020,GOV_WGI_RQ.EST,-0.3899511
,Kosovo,2019,GOV_WGI_RQ.EST,-0.3751079
,Kosovo,2018,GOV_WGI_RQ.EST,-0.363327
,Kosovo,2017,GOV_WGI_RQ.EST,-0.2101322
,Kosovo,2016,GOV_WGI_RQ.EST,-0.254342199999999
,Kosovo,2015,GOV_WGI_RQ.EST,-0.3315025
,Kosovo,2014,GOV_WGI_RQ.EST,-0.213368199999999
,Kosovo,2013,GOV_WGI_RQ.EST,-0.178281499999999
,Kosovo,2012,GOV_WGI_RQ.EST,-0.2195981
,Kosovo,2011,GOV_WGI_RQ.EST,-0.398874
,Kosovo,2010,GOV_WGI_RQ.EST,-0.3411711
,Kosovo,2009,GOV_WGI_RQ.EST,-0.1858215
,Kosovo,2008,GOV_WGI_RQ.EST,-0.370205399999999
KWT,Kuwait,2024,GOV_WGI_RQ.EST,0.4035133
KWT,Kuwait,2023,GOV_WGI_RQ.EST,0.3224925
KWT,Kuwait,2022,GOV_WGI_RQ.EST,0.2464239
KWT,Kuwait,2021,GOV_WGI_RQ.EST,0.1641701
KWT,Kuwait,2020,GOV_WGI_RQ.EST,0.1356131
KWT,Kuwait,2019,GOV_WGI_RQ.EST,0.1059595
KWT,Kuwait,2018,GOV_WGI_RQ.EST,0.0185723
KWT,Kuwait,2017,GOV_WGI_RQ.EST,-0.0306017
KWT,Kuwait,2016,GOV_WGI_RQ.EST,-0.0488498
KWT,Kuwait,2015,GOV_WGI_RQ.EST,-0.0254842
KWT,Kuwait,2014,GOV_WGI_RQ.EST,-0.0650589
KWT,Kuwait,2013,GOV_WGI_RQ.EST,0.1194098
KWT,Kuwait,2012,GOV_WGI_RQ.EST,0.1507128
KWT,Kuwait,2011,GOV_WGI_RQ.EST,0.2857251
KWT,Kuwait,2010,GOV_WGI_RQ.EST,0.4485081
KWT,Kuwait,2009,GOV_WGI_RQ.EST,0.3831092
KWT,Kuwait,2008,GOV_WGI_RQ.EST,0.3732248
KWT,Kuwait,2007,GOV_WGI_RQ.EST,0.3255243
KWT,Kuwait,2006,GOV_WGI_RQ.EST,0.2859224
KWT,Kuwait,2005,GOV_WGI_RQ.EST,0.4106113
KGZ,Kyrgyz Republic,2024,GOV_WGI_RQ.EST,-0.516746399999999
KGZ,Kyrgyz Republic,2023,GOV_WGI_RQ.EST,-0.5342741
KGZ,Kyrgyz Republic,2022,GOV_WGI_RQ.EST,-0.5260208
KGZ,Kyrgyz Republic,2021,GOV_WGI_RQ.EST,-0.5122396
KGZ,Kyrgyz Republic,2020,GOV_WGI_RQ.EST,-0.4846177
KGZ,Kyrgyz Republic,2019,GOV_WGI_RQ.EST,-0.4211895
KGZ,Kyrgyz Republic,2018,GOV_WGI_RQ.EST,-0.3502337
KGZ,Kyrgyz Republic,2017,GOV_WGI_RQ.EST,-0.2937056
KGZ,Kyrgyz Republic,2016,GOV_WGI_RQ.EST,-0.3906415
KGZ,Kyrgyz Republic,2015,GOV_WGI_RQ.EST,-0.559684699999999
KGZ,Kyrgyz Republic,2014,GOV_WGI_RQ.EST,-0.5414534
KGZ,Kyrgyz Republic,2013,GOV_WGI_RQ.EST,-0.4370868
KGZ,Kyrgyz Republic,2012,GOV_WGI_RQ.EST,-0.499224
KGZ,Kyrgyz Republic,2011,GOV_WGI_RQ.EST,-0.415269699999999
KGZ,Kyrgyz Republic,2010,GOV_WGI_RQ.EST,-0.472578699999999
KGZ,Kyrgyz Republic,2009,GOV_WGI_RQ.EST,-0.5702782
KGZ,Kyrgyz Republic,2008,GOV_WGI_RQ.EST,-0.491284299999999
KGZ,Kyrgyz Republic,2007,GOV_WGI_RQ.EST,-0.481161099999999
KGZ,Kyrgyz Republic,2006,GOV_WGI_RQ.EST,-0.576399099999999
KGZ,Kyrgyz Republic,2005,GOV_WGI_RQ.EST,-0.527278999999999
LAO,Lao PDR,2024,GOV_WGI_RQ.EST,-0.636028199999999
LAO,Lao PDR,2023,GOV_WGI_RQ.EST,-0.7700083
LAO,Lao PDR,2022,GOV_WGI_RQ.EST,-0.818860399999999
LAO,Lao PDR,2021,GOV_WGI_RQ.EST,-0.742067799999999
LAO,Lao PDR,2020,GOV_WGI_RQ.EST,-0.775701299999999
LAO,Lao PDR,2019,GOV_WGI_RQ.EST,-0.720662799999999
LAO,Lao PDR,2018,GOV_WGI_RQ.EST,-0.792704499999999
LAO,Lao PDR,2017,GOV_WGI_RQ.EST,-0.6856629
LAO,Lao PDR,2016,GOV_WGI_RQ.EST,-0.665338
LAO,Lao PDR,2015,GOV_WGI_RQ.EST,-0.6993587
LAO,Lao PDR,2014,GOV_WGI_RQ.EST,-0.745683299999999
LAO,Lao PDR,2013,GOV_WGI_RQ.EST,-0.8088113
LAO,Lao PDR,2012,GOV_WGI_RQ.EST,-0.8473352
LAO,Lao PDR,2011,GOV_WGI_RQ.EST,-0.927360699999999
LAO,Lao PDR,2010,GOV_WGI_RQ.EST,-0.948435799999999
LAO,Lao PDR,2009,GOV_WGI_RQ.EST,-1.0216488
LAO,Lao PDR,2008,GOV_WGI_RQ.EST,-1.0242586
LAO,Lao PDR,2007,GOV_WGI_RQ.EST,-1.1761206
LAO,Lao PDR,2006,GOV_WGI_RQ.EST,-1.1865629
LAO,Lao PDR,2005,GOV_WGI_RQ.EST,-1.226348
LVA,Latvia,2024,GOV_WGI_RQ.EST,1.0998172
LVA,Latvia,2023,GOV_WGI_RQ.EST,0.9975052
LVA,Latvia,2022,GOV_WGI_RQ.EST,0.9590621
LVA,Latvia,2021,GOV_WGI_RQ.EST,1.1028018
LVA,Latvia,2020,GOV_WGI_RQ.EST,0.9806216
LVA,Latvia,2019,GOV_WGI_RQ.EST,1.0030074
LVA,Latvia,2018,GOV_WGI_RQ.EST,1.0176263
LVA,Latvia,2017,GOV_WGI_RQ.EST,0.9965005
LVA,Latvia,2016,GOV_WGI_RQ.EST,0.9858411
LVA,Latvia,2015,GOV_WGI_RQ.EST,1.0059047
LVA,Latvia,2014,GOV_WGI_RQ.EST,1.0179488
LVA,Latvia,2013,GOV_WGI_RQ.EST,0.9497473
LVA,Latvia,2012,GOV_WGI_RQ.EST,0.9299474
LVA,Latvia,2011,GOV_WGI_RQ.EST,1.027476
LVA,Latvia,2010,GOV_WGI_RQ.EST,0.9998903
LVA,Latvia,2009,GOV_WGI_RQ.EST,0.9947486
LVA,Latvia,2008,GOV_WGI_RQ.EST,1.0165052
LVA,Latvia,2007,GOV_WGI_RQ.EST,1.0284669
LVA,Latvia,2006,GOV_WGI_RQ.EST,1.0570369
LVA,Latvia,2005,GOV_WGI_RQ.EST,0.9713104
LBN,Lebanon,2024,GOV_WGI_RQ.EST,-0.958879399999999
LBN,Lebanon,2023,GOV_WGI_RQ.EST,-0.912561
LBN,Lebanon,2022,GOV_WGI_RQ.EST,-0.943323199999999
LBN,Lebanon,2021,GOV_WGI_RQ.EST,-0.821736999999999
LBN,Lebanon,2020,GOV_WGI_RQ.EST,-0.715552099999999
LBN,Lebanon,2019,GOV_WGI_RQ.EST,-0.5611682
LBN,Lebanon,2018,GOV_WGI_RQ.EST,-0.470461099999999
LBN,Lebanon,2017,GOV_WGI_RQ.EST,-0.357388
LBN,Lebanon,2016,GOV_WGI_RQ.EST,-0.4156822
LBN,Lebanon,2015,GOV_WGI_RQ.EST,-0.3625053
LBN,Lebanon,2014,GOV_WGI_RQ.EST,-0.441824599999999
LBN,Lebanon,2013,GOV_WGI_RQ.EST,-0.2888629
LBN,Lebanon,2012,GOV_WGI_RQ.EST,-0.3620584
LBN,Lebanon,2011,GOV_WGI_RQ.EST,-0.2805478
LBN,Lebanon,2010,GOV_WGI_RQ.EST,0.0121012
LBN,Lebanon,2009,GOV_WGI_RQ.EST,-0.134654599999999
LBN,Lebanon,2008,GOV_WGI_RQ.EST,-0.204520099999999
LBN,Lebanon,2007,GOV_WGI_RQ.EST,-0.2612833
LBN,Lebanon,2006,GOV_WGI_RQ.EST,-0.2330089
LBN,Lebanon,2005,GOV_WGI_RQ.EST,-0.2381711
LSO,Lesotho,2024,GOV_WGI_RQ.EST,-0.484852
LSO,Lesotho,2023,GOV_WGI_RQ.EST,-0.5644091
LSO,Lesotho,2022,GOV_WGI_RQ.EST,-0.5786676
LSO,Lesotho,2021,GOV_WGI_RQ.EST,-0.6526333
LSO,Lesotho,2020,GOV_WGI_RQ.EST,-0.7112968
LSO,Lesotho,2019,GOV_WGI_RQ.EST,-0.5508683
LSO,Lesotho,2018,GOV_WGI_RQ.EST,-0.5168768
LSO,Lesotho,2017,GOV_WGI_RQ.EST,-0.4168784
LSO,Lesotho,2016,GOV_WGI_RQ.EST,-0.441550499999999
LSO,Lesotho,2015,GOV_WGI_RQ.EST,-0.434587899999999
LSO,Lesotho,2014,GOV_WGI_RQ.EST,-0.4431457
LSO,Lesotho,2013,GOV_WGI_RQ.EST,-0.3929411
LSO,Lesotho,2012,GOV_WGI_RQ.EST,-0.5142951
LSO,Lesotho,2011,GOV_WGI_RQ.EST,-0.5974921
LSO,Lesotho,2010,GOV_WGI_RQ.EST,-0.5795946
LSO,Lesotho,2009,GOV_WGI_RQ.EST,-0.5280302
LSO,Lesotho,2008,GOV_WGI_RQ.EST,-0.529228399999999
LSO,Lesotho,2007,GOV_WGI_RQ.EST,-0.687828099999999
LSO,Lesotho,2006,GOV_WGI_RQ.EST,-0.6418986
LSO,Lesotho,2005,GOV_WGI_RQ.EST,-0.6306158
LBR,Liberia,2024,GOV_WGI_RQ.EST,-0.8418216
LBR,Liberia,2023,GOV_WGI_RQ.EST,-0.9050469
LBR,Liberia,2022,GOV_WGI_RQ.EST,-0.966968199999999
LBR,Liberia,2021,GOV_WGI_RQ.EST,-0.945724799999999
LBR,Liberia,2020,GOV_WGI_RQ.EST,-0.9601829
LBR,Liberia,2019,GOV_WGI_RQ.EST,-0.9351647
LBR,Liberia,2018,GOV_WGI_RQ.EST,-0.8639309
LBR,Liberia,2017,GOV_WGI_RQ.EST,-0.8601742
LBR,Liberia,2016,GOV_WGI_RQ.EST,-0.8651692
LBR,Liberia,2015,GOV_WGI_RQ.EST,-0.789986699999999
LBR,Liberia,2014,GOV_WGI_RQ.EST,-0.8265315
LBR,Liberia,2013,GOV_WGI_RQ.EST,-1.0524016
LBR,Liberia,2012,GOV_WGI_RQ.EST,-1.05962469999999
LBR,Liberia,2011,GOV_WGI_RQ.EST,-1.1772919
LBR,Liberia,2010,GOV_WGI_RQ.EST,-1.0577033
LBR,Liberia,2009,GOV_WGI_RQ.EST,-1.1266945
LBR,Liberia,2008,GOV_WGI_RQ.EST,-1.23936579999999
LBR,Liberia,2007,GOV_WGI_RQ.EST,-1.3277397
LBR,Liberia,2006,GOV_WGI_RQ.EST,-1.32894889999999
LBR,Liberia,2005,GOV_WGI_RQ.EST,-1.6674589
LBY,Libya,2024,GOV_WGI_RQ.EST,-1.7391073
LBY,Libya,2023,GOV_WGI_RQ.EST,-1.82178479999999
LBY,Libya,2022,GOV_WGI_RQ.EST,-1.90307039999999
LBY,Libya,2021,GOV_WGI_RQ.EST,-1.9018167
LBY,Libya,2020,GOV_WGI_RQ.EST,-1.9895714
LBY,Libya,2019,GOV_WGI_RQ.EST,-2.0416816
LBY,Libya,2018,GOV_WGI_RQ.EST,-2.0627355
LBY,Libya,2017,GOV_WGI_RQ.EST,-1.9779852
LBY,Libya,2016,GOV_WGI_RQ.EST,-2.1039014
LBY,Libya,2015,GOV_WGI_RQ.EST,-2.0211489
LBY,Libya,2014,GOV_WGI_RQ.EST,-1.94609029999999
LBY,Libya,2013,GOV_WGI_RQ.EST,-1.5750015
LBY,Libya,2012,GOV_WGI_RQ.EST,-1.34726909999999
LBY,Libya,2011,GOV_WGI_RQ.EST,-1.4491899
LBY,Libya,2010,GOV_WGI_RQ.EST,-1.2492866
LBY,Libya,2009,GOV_WGI_RQ.EST,-1.1573267
LBY,Libya,2008,GOV_WGI_RQ.EST,-0.975572799999999
LBY,Libya,2007,GOV_WGI_RQ.EST,-1.1435433
LBY,Libya,2006,GOV_WGI_RQ.EST,-1.2786635
LBY,Libya,2005,GOV_WGI_RQ.EST,-1.3536844
LIE,Liechtenstein,2024,GOV_WGI_RQ.EST,1.5359738
LIE,Liechtenstein,2023,GOV_WGI_RQ.EST,1.53545
LIE,Liechtenstein,2022,GOV_WGI_RQ.EST,1.5352187
LIE,Liechtenstein,2021,GOV_WGI_RQ.EST,1.5620662
LIE,Liechtenstein,2020,GOV_WGI_RQ.EST,1.6551308
LIE,Liechtenstein,2019,GOV_WGI_RQ.EST,1.6571558
LIE,Liechtenstein,2018,GOV_WGI_RQ.EST,1.6559665
LIE,Liechtenstein,2017,GOV_WGI_RQ.EST,1.6555279
LIE,Liechtenstein,2016,GOV_WGI_RQ.EST,1.5622108
LIE,Liechtenstein,2015,GOV_WGI_RQ.EST,1.5612025
LIE,Liechtenstein,2014,GOV_WGI_RQ.EST,1.5568901
LIE,Liechtenstein,2013,GOV_WGI_RQ.EST,1.7659616
LIE,Liechtenstein,2012,GOV_WGI_RQ.EST,1.7419622
LIE,Liechtenstein,2011,GOV_WGI_RQ.EST,1.7128762
LIE,Liechtenstein,2010,GOV_WGI_RQ.EST,1.7123847
LIE,Liechtenstein,2009,GOV_WGI_RQ.EST,1.7123155
LIE,Liechtenstein,2008,GOV_WGI_RQ.EST,1.6453008
LIE,Liechtenstein,2007,GOV_WGI_RQ.EST,1.6482254
LIE,Liechtenstein,2006,GOV_WGI_RQ.EST,1.641631
LIE,Liechtenstein,2005,GOV_WGI_RQ.EST,1.8230147
LTU,Lithuania,2024,GOV_WGI_RQ.EST,1.291591
LTU,Lithuania,2023,GOV_WGI_RQ.EST,1.2128759
LTU,Lithuania,2022,GOV_WGI_RQ.EST,1.1852774
LTU,Lithuania,2021,GOV_WGI_RQ.EST,1.1708848
LTU,Lithuania,2020,GOV_WGI_RQ.EST,0.8963652
LTU,Lithuania,2019,GOV_WGI_RQ.EST,0.9756202
LTU,Lithuania,2018,GOV_WGI_RQ.EST,1.0635821
LTU,Lithuania,2017,GOV_WGI_RQ.EST,1.0760082
LTU,Lithuania,2016,GOV_WGI_RQ.EST,1.0789062
LTU,Lithuania,2015,GOV_WGI_RQ.EST,1.1895249
LTU,Lithuania,2014,GOV_WGI_RQ.EST,1.0103786
LTU,Lithuania,2013,GOV_WGI_RQ.EST,1.0155294
LTU,Lithuania,2012,GOV_WGI_RQ.EST,1.0029205
LTU,Lithuania,2011,GOV_WGI_RQ.EST,0.9138081
LTU,Lithuania,2010,GOV_WGI_RQ.EST,0.9389202
LTU,Lithuania,2009,GOV_WGI_RQ.EST,0.9445431
LTU,Lithuania,2008,GOV_WGI_RQ.EST,1.0138857
LTU,Lithuania,2007,GOV_WGI_RQ.EST,1.0779591
LTU,Lithuania,2006,GOV_WGI_RQ.EST,1.120892
LTU,Lithuania,2005,GOV_WGI_RQ.EST,1.0774748
LUX,Luxembourg,2024,GOV_WGI_RQ.EST,1.8386524
LUX,Luxembourg,2023,GOV_WGI_RQ.EST,1.8374052
LUX,Luxembourg,2022,GOV_WGI_RQ.EST,1.8671503
LUX,Luxembourg,2021,GOV_WGI_RQ.EST,1.8555011
LUX,Luxembourg,2020,GOV_WGI_RQ.EST,1.8008159
LUX,Luxembourg,2019,GOV_WGI_RQ.EST,1.7336486
LUX,Luxembourg,2018,GOV_WGI_RQ.EST,1.7344219
LUX,Luxembourg,2017,GOV_WGI_RQ.EST,1.6392801
LUX,Luxembourg,2016,GOV_WGI_RQ.EST,1.7201424
LUX,Luxembourg,2015,GOV_WGI_RQ.EST,1.6718385
LUX,Luxembourg,2014,GOV_WGI_RQ.EST,1.5852947
LUX,Luxembourg,2013,GOV_WGI_RQ.EST,1.7748859
LUX,Luxembourg,2012,GOV_WGI_RQ.EST,1.7520668
LUX,Luxembourg,2011,GOV_WGI_RQ.EST,1.8390106
LUX,Luxembourg,2010,GOV_WGI_RQ.EST,1.7207932
LUX,Luxembourg,2009,GOV_WGI_RQ.EST,1.7052538
LUX,Luxembourg,2008,GOV_WGI_RQ.EST,1.6975144
LUX,Luxembourg,2007,GOV_WGI_RQ.EST,1.7793235
LUX,Luxembourg,2006,GOV_WGI_RQ.EST,1.7537989
LUX,Luxembourg,2005,GOV_WGI_RQ.EST,1.8854201
MDG,Madagascar,2024,GOV_WGI_RQ.EST,-0.748588599999999
MDG,Madagascar,2023,GOV_WGI_RQ.EST,-0.8500495
MDG,Madagascar,2022,GOV_WGI_RQ.EST,-0.831308199999999
MDG,Madagascar,2021,GOV_WGI_RQ.EST,-0.8689985
MDG,Madagascar,2020,GOV_WGI_RQ.EST,-0.8711152
MDG,Madagascar,2019,GOV_WGI_RQ.EST,-0.8495415
MDG,Madagascar,2018,GOV_WGI_RQ.EST,-0.8901794
MDG,Madagascar,2017,GOV_WGI_RQ.EST,-0.793997499999999
MDG,Madagascar,2016,GOV_WGI_RQ.EST,-0.7997983
MDG,Madagascar,2015,GOV_WGI_RQ.EST,-0.878050799999999
MDG,Madagascar,2014,GOV_WGI_RQ.EST,-0.8934656
MDG,Madagascar,2013,GOV_WGI_RQ.EST,-0.8753209
MDG,Madagascar,2012,GOV_WGI_RQ.EST,-0.7533594
MDG,Madagascar,2011,GOV_WGI_RQ.EST,-0.7428343
MDG,Madagascar,2010,GOV_WGI_RQ.EST,-0.7429887
MDG,Madagascar,2009,GOV_WGI_RQ.EST,-0.5707981
MDG,Madagascar,2008,GOV_WGI_RQ.EST,-0.4327952
MDG,Madagascar,2007,GOV_WGI_RQ.EST,-0.375112
MDG,Madagascar,2006,GOV_WGI_RQ.EST,-0.4229158
MDG,Madagascar,2005,GOV_WGI_RQ.EST,-0.455103
MWI,Malawi,2024,GOV_WGI_RQ.EST,-0.5849557
MWI,Malawi,2023,GOV_WGI_RQ.EST,-0.7064862
MWI,Malawi,2022,GOV_WGI_RQ.EST,-0.669774
MWI,Malawi,2021,GOV_WGI_RQ.EST,-0.6948634
MWI,Malawi,2020,GOV_WGI_RQ.EST,-0.733428499999999
MWI,Malawi,2019,GOV_WGI_RQ.EST,-0.6631094
MWI,Malawi,2018,GOV_WGI_RQ.EST,-0.6718156
MWI,Malawi,2017,GOV_WGI_RQ.EST,-0.6848017
MWI,Malawi,2016,GOV_WGI_RQ.EST,-0.7414888
MWI,Malawi,2015,GOV_WGI_RQ.EST,-0.749752899999999
MWI,Malawi,2014,GOV_WGI_RQ.EST,-0.722596599999999
MWI,Malawi,2013,GOV_WGI_RQ.EST,-0.7635909
MWI,Malawi,2012,GOV_WGI_RQ.EST,-0.7275328
MWI,Malawi,2011,GOV_WGI_RQ.EST,-0.4812109
MWI,Malawi,2010,GOV_WGI_RQ.EST,-0.3917746
MWI,Malawi,2009,GOV_WGI_RQ.EST,-0.566613599999999
MWI,Malawi,2008,GOV_WGI_RQ.EST,-0.528103
MWI,Malawi,2007,GOV_WGI_RQ.EST,-0.5110094
MWI,Malawi,2006,GOV_WGI_RQ.EST,-0.5598848
MWI,Malawi,2005,GOV_WGI_RQ.EST,-0.572481
MYS,Malaysia,2024,GOV_WGI_RQ.EST,0.6804759
MYS,Malaysia,2023,GOV_WGI_RQ.EST,0.588407
MYS,Malaysia,2022,GOV_WGI_RQ.EST,0.6557654
MYS,Malaysia,2021,GOV_WGI_RQ.EST,0.7295908
MYS,Malaysia,2020,GOV_WGI_RQ.EST,0.637551
MYS,Malaysia,2019,GOV_WGI_RQ.EST,0.755754
MYS,Malaysia,2018,GOV_WGI_RQ.EST,0.7479363
MYS,Malaysia,2017,GOV_WGI_RQ.EST,0.7662252
MYS,Malaysia,2016,GOV_WGI_RQ.EST,0.729094
MYS,Malaysia,2015,GOV_WGI_RQ.EST,0.7623928
MYS,Malaysia,2014,GOV_WGI_RQ.EST,0.8827965
MYS,Malaysia,2013,GOV_WGI_RQ.EST,0.844693
MYS,Malaysia,2012,GOV_WGI_RQ.EST,0.754922
MYS,Malaysia,2011,GOV_WGI_RQ.EST,0.5248523
MYS,Malaysia,2010,GOV_WGI_RQ.EST,0.6535173
MYS,Malaysia,2009,GOV_WGI_RQ.EST,0.5057859
MYS,Malaysia,2008,GOV_WGI_RQ.EST,0.6129115
MYS,Malaysia,2007,GOV_WGI_RQ.EST,0.7212038
MYS,Malaysia,2006,GOV_WGI_RQ.EST,0.6788802
MYS,Malaysia,2005,GOV_WGI_RQ.EST,0.5598434
MDV,Maldives,2024,GOV_WGI_RQ.EST,-0.2353508
MDV,Maldives,2023,GOV_WGI_RQ.EST,-0.3521418
MDV,Maldives,2022,GOV_WGI_RQ.EST,-0.3523685
MDV,Maldives,2021,GOV_WGI_RQ.EST,-0.2598203
MDV,Maldives,2020,GOV_WGI_RQ.EST,-0.3494424
MDV,Maldives,2019,GOV_WGI_RQ.EST,-0.225761599999999
MDV,Maldives,2018,GOV_WGI_RQ.EST,-0.2269273
MDV,Maldives,2017,GOV_WGI_RQ.EST,-0.227357299999999
MDV,Maldives,2016,GOV_WGI_RQ.EST,-0.228403
MDV,Maldives,2015,GOV_WGI_RQ.EST,-0.3073858
MDV,Maldives,2014,GOV_WGI_RQ.EST,-0.2630012
MDV,Maldives,2013,GOV_WGI_RQ.EST,-0.275600199999999
MDV,Maldives,2012,GOV_WGI_RQ.EST,-0.2539345
MDV,Maldives,2011,GOV_WGI_RQ.EST,-0.245051499999999
MDV,Maldives,2010,GOV_WGI_RQ.EST,-0.173058799999999
MDV,Maldives,2009,GOV_WGI_RQ.EST,-0.282926399999999
MDV,Maldives,2008,GOV_WGI_RQ.EST,-0.2754608
MDV,Maldives,2007,GOV_WGI_RQ.EST,0.0233535
MDV,Maldives,2006,GOV_WGI_RQ.EST,0.1070557
MDV,Maldives,2005,GOV_WGI_RQ.EST,0.1085007
MLI,Mali,2024,GOV_WGI_RQ.EST,-0.7622873
MLI,Mali,2023,GOV_WGI_RQ.EST,-0.7441068
MLI,Mali,2022,GOV_WGI_RQ.EST,-0.7107857
MLI,Mali,2021,GOV_WGI_RQ.EST,-0.6697155
MLI,Mali,2020,GOV_WGI_RQ.EST,-0.7294119
MLI,Mali,2019,GOV_WGI_RQ.EST,-0.6559592
MLI,Mali,2018,GOV_WGI_RQ.EST,-0.6149817
MLI,Mali,2017,GOV_WGI_RQ.EST,-0.5653398
MLI,Mali,2016,GOV_WGI_RQ.EST,-0.561468899999999
MLI,Mali,2015,GOV_WGI_RQ.EST,-0.5110576
MLI,Mali,2014,GOV_WGI_RQ.EST,-0.6481828
MLI,Mali,2013,GOV_WGI_RQ.EST,-0.6307686
MLI,Mali,2012,GOV_WGI_RQ.EST,-0.5259218
MLI,Mali,2011,GOV_WGI_RQ.EST,-0.4706606
MLI,Mali,2010,GOV_WGI_RQ.EST,-0.5175337
MLI,Mali,2009,GOV_WGI_RQ.EST,-0.391741
MLI,Mali,2008,GOV_WGI_RQ.EST,-0.351534299999999
MLI,Mali,2007,GOV_WGI_RQ.EST,-0.3268622
MLI,Mali,2006,GOV_WGI_RQ.EST,-0.4109408
MLI,Mali,2005,GOV_WGI_RQ.EST,-0.405335899999999
MLT,Malta,2024,GOV_WGI_RQ.EST,0.4916338
MLT,Malta,2023,GOV_WGI_RQ.EST,0.5286404
MLT,Malta,2022,GOV_WGI_RQ.EST,0.5640572
MLT,Malta,2021,GOV_WGI_RQ.EST,0.7210401
MLT,Malta,2020,GOV_WGI_RQ.EST,1.0901554
MLT,Malta,2019,GOV_WGI_RQ.EST,0.8271849
MLT,Malta,2018,GOV_WGI_RQ.EST,1.2462056
MLT,Malta,2017,GOV_WGI_RQ.EST,1.2566571
MLT,Malta,2016,GOV_WGI_RQ.EST,1.0656325
MLT,Malta,2015,GOV_WGI_RQ.EST,0.9916351
MLT,Malta,2014,GOV_WGI_RQ.EST,0.8732281
MLT,Malta,2013,GOV_WGI_RQ.EST,1.2084197
MLT,Malta,2012,GOV_WGI_RQ.EST,1.2325928
MLT,Malta,2011,GOV_WGI_RQ.EST,1.2161781
MLT,Malta,2010,GOV_WGI_RQ.EST,1.3373913
MLT,Malta,2009,GOV_WGI_RQ.EST,1.3200741
MLT,Malta,2008,GOV_WGI_RQ.EST,1.3577334
MLT,Malta,2007,GOV_WGI_RQ.EST,1.320609
MLT,Malta,2006,GOV_WGI_RQ.EST,1.293102
MLT,Malta,2005,GOV_WGI_RQ.EST,1.1386504
MHL,Marshall Islands,2024,GOV_WGI_RQ.EST,-0.6875722
MHL,Marshall Islands,2023,GOV_WGI_RQ.EST,-0.9172612
MHL,Marshall Islands,2022,GOV_WGI_RQ.EST,-0.9175268
MHL,Marshall Islands,2021,GOV_WGI_RQ.EST,-0.8933951
MHL,Marshall Islands,2020,GOV_WGI_RQ.EST,-0.892459999999999
MHL,Marshall Islands,2019,GOV_WGI_RQ.EST,-0.797231199999999
MHL,Marshall Islands,2018,GOV_WGI_RQ.EST,-0.7985966
MHL,Marshall Islands,2017,GOV_WGI_RQ.EST,-0.790455799999999
MHL,Marshall Islands,2016,GOV_WGI_RQ.EST,-0.7916806
MHL,Marshall Islands,2015,GOV_WGI_RQ.EST,-0.814477799999999
MHL,Marshall Islands,2014,GOV_WGI_RQ.EST,-1.0894464
MHL,Marshall Islands,2013,GOV_WGI_RQ.EST,-1.0873386
MHL,Marshall Islands,2012,GOV_WGI_RQ.EST,-1.0600603
MHL,Marshall Islands,2011,GOV_WGI_RQ.EST,-1.0536779
MHL,Marshall Islands,2010,GOV_WGI_RQ.EST,-1.05643629999999
MHL,Marshall Islands,2009,GOV_WGI_RQ.EST,-1.09836169999999
MHL,Marshall Islands,2008,GOV_WGI_RQ.EST,-0.8753922
MHL,Marshall Islands,2007,GOV_WGI_RQ.EST,-0.8670538
MHL,Marshall Islands,2006,GOV_WGI_RQ.EST,-0.885855
MHL,Marshall Islands,2005,GOV_WGI_RQ.EST,-0.599145399999999
MRT,Mauritania,2024,GOV_WGI_RQ.EST,-0.778151199999999
MRT,Mauritania,2023,GOV_WGI_RQ.EST,-0.8613964
MRT,Mauritania,2022,GOV_WGI_RQ.EST,-0.968165699999999
MRT,Mauritania,2021,GOV_WGI_RQ.EST,-0.969900299999999
MRT,Mauritania,2020,GOV_WGI_RQ.EST,-0.8732894
MRT,Mauritania,2019,GOV_WGI_RQ.EST,-0.7614288
MRT,Mauritania,2018,GOV_WGI_RQ.EST,-0.7617925
MRT,Mauritania,2017,GOV_WGI_RQ.EST,-0.707577
MRT,Mauritania,2016,GOV_WGI_RQ.EST,-0.6847164
MRT,Mauritania,2015,GOV_WGI_RQ.EST,-0.821841399999999
MRT,Mauritania,2014,GOV_WGI_RQ.EST,-0.832768899999999
MRT,Mauritania,2013,GOV_WGI_RQ.EST,-0.8388686
MRT,Mauritania,2012,GOV_WGI_RQ.EST,-0.678852999999999
MRT,Mauritania,2011,GOV_WGI_RQ.EST,-0.482121199999999
MRT,Mauritania,2010,GOV_WGI_RQ.EST,-0.5076316
MRT,Mauritania,2009,GOV_WGI_RQ.EST,-0.6482334
MRT,Mauritania,2008,GOV_WGI_RQ.EST,-0.678917
MRT,Mauritania,2007,GOV_WGI_RQ.EST,-0.4757283
MRT,Mauritania,2006,GOV_WGI_RQ.EST,-0.5720193
MRT,Mauritania,2005,GOV_WGI_RQ.EST,-0.3332112
MUS,Mauritius,2024,GOV_WGI_RQ.EST,0.9400045
MUS,Mauritius,2023,GOV_WGI_RQ.EST,0.9443204
MUS,Mauritius,2022,GOV_WGI_RQ.EST,0.896846
MUS,Mauritius,2021,GOV_WGI_RQ.EST,0.9383776
MUS,Mauritius,2020,GOV_WGI_RQ.EST,0.9972365
MUS,Mauritius,2019,GOV_WGI_RQ.EST,0.9600603
MUS,Mauritius,2018,GOV_WGI_RQ.EST,1.0408014
MUS,Mauritius,2017,GOV_WGI_RQ.EST,1.0666823
MUS,Mauritius,2016,GOV_WGI_RQ.EST,1.062971
MUS,Mauritius,2015,GOV_WGI_RQ.EST,1.0125431
MUS,Mauritius,2014,GOV_WGI_RQ.EST,1.1372839
MUS,Mauritius,2013,GOV_WGI_RQ.EST,0.9616397
MUS,Mauritius,2012,GOV_WGI_RQ.EST,0.9687685
MUS,Mauritius,2011,GOV_WGI_RQ.EST,0.7545106
MUS,Mauritius,2010,GOV_WGI_RQ.EST,0.8089043
MUS,Mauritius,2009,GOV_WGI_RQ.EST,0.8399871
MUS,Mauritius,2008,GOV_WGI_RQ.EST,0.8694135
MUS,Mauritius,2007,GOV_WGI_RQ.EST,0.6667863
MUS,Mauritius,2006,GOV_WGI_RQ.EST,0.5745073
MUS,Mauritius,2005,GOV_WGI_RQ.EST,0.4588987
MEX,Mexico,2024,GOV_WGI_RQ.EST,-0.1957883
MEX,Mexico,2023,GOV_WGI_RQ.EST,-0.1760497
MEX,Mexico,2022,GOV_WGI_RQ.EST,-0.156337
MEX,Mexico,2021,GOV_WGI_RQ.EST,-0.191282199999999
MEX,Mexico,2020,GOV_WGI_RQ.EST,-0.1196879
MEX,Mexico,2019,GOV_WGI_RQ.EST,-0.0417639999999999
MEX,Mexico,2018,GOV_WGI_RQ.EST,-0.00317669999999999
MEX,Mexico,2017,GOV_WGI_RQ.EST,0.1640815
MEX,Mexico,2016,GOV_WGI_RQ.EST,0.1610393
MEX,Mexico,2015,GOV_WGI_RQ.EST,0.1825598
MEX,Mexico,2014,GOV_WGI_RQ.EST,0.2083406
MEX,Mexico,2013,GOV_WGI_RQ.EST,0.2862275
MEX,Mexico,2012,GOV_WGI_RQ.EST,0.2864858
MEX,Mexico,2011,GOV_WGI_RQ.EST,0.1727169
MEX,Mexico,2010,GOV_WGI_RQ.EST,0.1160396
MEX,Mexico,2009,GOV_WGI_RQ.EST,0.3417056
MEX,Mexico,2008,GOV_WGI_RQ.EST,0.3449351
MEX,Mexico,2007,GOV_WGI_RQ.EST,0.359664
MEX,Mexico,2006,GOV_WGI_RQ.EST,0.3855941
MEX,Mexico,2005,GOV_WGI_RQ.EST,0.3326887
FSM,"Micronesia, Fed. Sts.",2024,GOV_WGI_RQ.EST,-0.7632717
FSM,"Micronesia, Fed. Sts.",2023,GOV_WGI_RQ.EST,-0.7637851
FSM,"Micronesia, Fed. Sts.",2022,GOV_WGI_RQ.EST,-0.7640118
FSM,"Micronesia, Fed. Sts.",2021,GOV_WGI_RQ.EST,-0.761884
FSM,"Micronesia, Fed. Sts.",2020,GOV_WGI_RQ.EST,-0.851506099999999
FSM,"Micronesia, Fed. Sts.",2019,GOV_WGI_RQ.EST,-0.8495212
FSM,"Micronesia, Fed. Sts.",2018,GOV_WGI_RQ.EST,-0.7713626
FSM,"Micronesia, Fed. Sts.",2017,GOV_WGI_RQ.EST,-0.681372099999999
FSM,"Micronesia, Fed. Sts.",2016,GOV_WGI_RQ.EST,-0.7728383
FSM,"Micronesia, Fed. Sts.",2015,GOV_WGI_RQ.EST,-0.779537399999999
FSM,"Micronesia, Fed. Sts.",2014,GOV_WGI_RQ.EST,-0.8079514
FSM,"Micronesia, Fed. Sts.",2013,GOV_WGI_RQ.EST,-0.7612623
FSM,"Micronesia, Fed. Sts.",2012,GOV_WGI_RQ.EST,-0.7847858
FSM,"Micronesia, Fed. Sts.",2011,GOV_WGI_RQ.EST,-0.780307499999999
FSM,"Micronesia, Fed. Sts.",2010,GOV_WGI_RQ.EST,-0.5512136
FSM,"Micronesia, Fed. Sts.",2009,GOV_WGI_RQ.EST,-0.5513133
FSM,"Micronesia, Fed. Sts.",2008,GOV_WGI_RQ.EST,-0.465223899999999
FSM,"Micronesia, Fed. Sts.",2007,GOV_WGI_RQ.EST,-0.156985799999999
FSM,"Micronesia, Fed. Sts.",2006,GOV_WGI_RQ.EST,0.4775605
FSM,"Micronesia, Fed. Sts.",2005,GOV_WGI_RQ.EST,0.4808997
MDA,Moldova,2024,GOV_WGI_RQ.EST,-0.0467374
MDA,Moldova,2023,GOV_WGI_RQ.EST,-0.0545226
MDA,Moldova,2022,GOV_WGI_RQ.EST,-0.0435626
MDA,Moldova,2021,GOV_WGI_RQ.EST,-0.0862631
MDA,Moldova,2020,GOV_WGI_RQ.EST,-0.1518578
MDA,Moldova,2019,GOV_WGI_RQ.EST,-0.113272799999999
MDA,Moldova,2018,GOV_WGI_RQ.EST,-0.1859583
MDA,Moldova,2017,GOV_WGI_RQ.EST,-0.122281199999999
MDA,Moldova,2016,GOV_WGI_RQ.EST,-0.231593599999999
MDA,Moldova,2015,GOV_WGI_RQ.EST,-0.199269199999999
MDA,Moldova,2014,GOV_WGI_RQ.EST,-0.1363385
MDA,Moldova,2013,GOV_WGI_RQ.EST,-0.2287158
MDA,Moldova,2012,GOV_WGI_RQ.EST,-0.286980199999999
MDA,Moldova,2011,GOV_WGI_RQ.EST,-0.1975832
MDA,Moldova,2010,GOV_WGI_RQ.EST,-0.201061599999999
MDA,Moldova,2009,GOV_WGI_RQ.EST,-0.2472868
MDA,Moldova,2008,GOV_WGI_RQ.EST,-0.2929637
MDA,Moldova,2007,GOV_WGI_RQ.EST,-0.3737606
MDA,Moldova,2006,GOV_WGI_RQ.EST,-0.4967545
MDA,Moldova,2005,GOV_WGI_RQ.EST,-0.588108
MCO,Monaco,2024,GOV_WGI_RQ.EST,1.1021324
MCO,Monaco,2023,GOV_WGI_RQ.EST,1.3375828
MCO,Monaco,2022,GOV_WGI_RQ.EST,1.3369891
MCO,Monaco,2021,GOV_WGI_RQ.EST,1.3425613
MCO,Monaco,2020,GOV_WGI_RQ.EST,1.3446521
MCO,Monaco,2019,GOV_WGI_RQ.EST,1.3498501
MCO,Monaco,2018,GOV_WGI_RQ.EST,1.3467972
MCO,Monaco,2017,GOV_WGI_RQ.EST,1.3456712
MCO,Monaco,2016,GOV_WGI_RQ.EST,1.3429326
MCO,Monaco,2015,GOV_WGI_RQ.EST,1.3403443
MNG,Mongolia,2024,GOV_WGI_RQ.EST,-0.0707494999999999
MNG,Mongolia,2023,GOV_WGI_RQ.EST,-0.0410209
MNG,Mongolia,2022,GOV_WGI_RQ.EST,-0.194625599999999
MNG,Mongolia,2021,GOV_WGI_RQ.EST,-0.1284159
MNG,Mongolia,2020,GOV_WGI_RQ.EST,-0.1342621
MNG,Mongolia,2019,GOV_WGI_RQ.EST,-0.0663774999999999
MNG,Mongolia,2018,GOV_WGI_RQ.EST,0.0263885
MNG,Mongolia,2017,GOV_WGI_RQ.EST,-0.0358613
MNG,Mongolia,2016,GOV_WGI_RQ.EST,-0.0277123
MNG,Mongolia,2015,GOV_WGI_RQ.EST,-0.3044292
MNG,Mongolia,2014,GOV_WGI_RQ.EST,-0.309591
MNG,Mongolia,2013,GOV_WGI_RQ.EST,-0.4706872
MNG,Mongolia,2012,GOV_WGI_RQ.EST,-0.3833453
MNG,Mongolia,2011,GOV_WGI_RQ.EST,-0.3091131
MNG,Mongolia,2010,GOV_WGI_RQ.EST,-0.2778251
MNG,Mongolia,2009,GOV_WGI_RQ.EST,-0.2964764
MNG,Mongolia,2008,GOV_WGI_RQ.EST,-0.260278299999999
MNG,Mongolia,2007,GOV_WGI_RQ.EST,-0.182848999999999
MNG,Mongolia,2006,GOV_WGI_RQ.EST,-0.174096299999999
MNG,Mongolia,2005,GOV_WGI_RQ.EST,-0.1506316
MNE,Montenegro,2024,GOV_WGI_RQ.EST,0.1273183
MNE,Montenegro,2023,GOV_WGI_RQ.EST,0.197225
MNE,Montenegro,2022,GOV_WGI_RQ.EST,0.2592331
MNE,Montenegro,2021,GOV_WGI_RQ.EST,0.2209769
MNE,Montenegro,2020,GOV_WGI_RQ.EST,0.2464903
MNE,Montenegro,2019,GOV_WGI_RQ.EST,0.2943513
MNE,Montenegro,2018,GOV_WGI_RQ.EST,0.2925708
MNE,Montenegro,2017,GOV_WGI_RQ.EST,0.3423045
MNE,Montenegro,2016,GOV_WGI_RQ.EST,0.2705951
MNE,Montenegro,2015,GOV_WGI_RQ.EST,0.2611715
MNE,Montenegro,2014,GOV_WGI_RQ.EST,0.2298046
MNE,Montenegro,2013,GOV_WGI_RQ.EST,0.0617532
MNE,Montenegro,2012,GOV_WGI_RQ.EST,0.0226967
MNE,Montenegro,2011,GOV_WGI_RQ.EST,-0.0547623
MNE,Montenegro,2010,GOV_WGI_RQ.EST,-0.0475861999999999
MNE,Montenegro,2009,GOV_WGI_RQ.EST,0.0424361
MNE,Montenegro,2008,GOV_WGI_RQ.EST,-0.0366577
MNE,Montenegro,2007,GOV_WGI_RQ.EST,-0.143074099999999
MNE,Montenegro,2006,GOV_WGI_RQ.EST,-0.3618655
MAR,Morocco,2024,GOV_WGI_RQ.EST,-0.0266854999999999
MAR,Morocco,2023,GOV_WGI_RQ.EST,-0.0473438
MAR,Morocco,2022,GOV_WGI_RQ.EST,-0.0811815999999999
MAR,Morocco,2021,GOV_WGI_RQ.EST,-0.0751135
MAR,Morocco,2020,GOV_WGI_RQ.EST,0.0648279
MAR,Morocco,2019,GOV_WGI_RQ.EST,0.0271992
MAR,Morocco,2018,GOV_WGI_RQ.EST,-0.1157961
MAR,Morocco,2017,GOV_WGI_RQ.EST,0.0044748
MAR,Morocco,2016,GOV_WGI_RQ.EST,0.0139184
MAR,Morocco,2015,GOV_WGI_RQ.EST,0.0585252
MAR,Morocco,2014,GOV_WGI_RQ.EST,0.0501017
MAR,Morocco,2013,GOV_WGI_RQ.EST,0.0197469
MAR,Morocco,2012,GOV_WGI_RQ.EST,-0.0055365
MAR,Morocco,2011,GOV_WGI_RQ.EST,-0.0756699
MAR,Morocco,2010,GOV_WGI_RQ.EST,0.0236412
MAR,Morocco,2009,GOV_WGI_RQ.EST,0.0292961
MAR,Morocco,2008,GOV_WGI_RQ.EST,-0.0413585999999999
MAR,Morocco,2007,GOV_WGI_RQ.EST,-0.0858921
MAR,Morocco,2006,GOV_WGI_RQ.EST,-0.1473941
MAR,Morocco,2005,GOV_WGI_RQ.EST,-0.4958568
MOZ,Mozambique,2024,GOV_WGI_RQ.EST,-0.7635095
MOZ,Mozambique,2023,GOV_WGI_RQ.EST,-0.752031799999999
MOZ,Mozambique,2022,GOV_WGI_RQ.EST,-0.7862195
MOZ,Mozambique,2021,GOV_WGI_RQ.EST,-0.8186743
MOZ,Mozambique,2020,GOV_WGI_RQ.EST,-0.7751237
MOZ,Mozambique,2019,GOV_WGI_RQ.EST,-0.7252116
MOZ,Mozambique,2018,GOV_WGI_RQ.EST,-0.731397499999999
MOZ,Mozambique,2017,GOV_WGI_RQ.EST,-0.6821754
MOZ,Mozambique,2016,GOV_WGI_RQ.EST,-0.6946758
MOZ,Mozambique,2015,GOV_WGI_RQ.EST,-0.6403998
MOZ,Mozambique,2014,GOV_WGI_RQ.EST,-0.5800794
MOZ,Mozambique,2013,GOV_WGI_RQ.EST,-0.5617285
MOZ,Mozambique,2012,GOV_WGI_RQ.EST,-0.505221199999999
MOZ,Mozambique,2011,GOV_WGI_RQ.EST,-0.5600061
MOZ,Mozambique,2010,GOV_WGI_RQ.EST,-0.5331532
MOZ,Mozambique,2009,GOV_WGI_RQ.EST,-0.404418399999999
MOZ,Mozambique,2008,GOV_WGI_RQ.EST,-0.4237415
MOZ,Mozambique,2007,GOV_WGI_RQ.EST,-0.502107699999999
MOZ,Mozambique,2006,GOV_WGI_RQ.EST,-0.5499364
MOZ,Mozambique,2005,GOV_WGI_RQ.EST,-0.5850255
MMR,Myanmar,2024,GOV_WGI_RQ.EST,-1.4197208
MMR,Myanmar,2023,GOV_WGI_RQ.EST,-1.4451128
MMR,Myanmar,2022,GOV_WGI_RQ.EST,-1.26034659999999
MMR,Myanmar,2021,GOV_WGI_RQ.EST,-1.13693469999999
MMR,Myanmar,2020,GOV_WGI_RQ.EST,-0.7286511
MMR,Myanmar,2019,GOV_WGI_RQ.EST,-0.8502984
MMR,Myanmar,2018,GOV_WGI_RQ.EST,-0.8166314
MMR,Myanmar,2017,GOV_WGI_RQ.EST,-0.843015899999999
MMR,Myanmar,2016,GOV_WGI_RQ.EST,-0.8822049
MMR,Myanmar,2015,GOV_WGI_RQ.EST,-1.110113
MMR,Myanmar,2014,GOV_WGI_RQ.EST,-1.3316118
MMR,Myanmar,2013,GOV_WGI_RQ.EST,-1.4584015
MMR,Myanmar,2012,GOV_WGI_RQ.EST,-1.76311659999999
MMR,Myanmar,2011,GOV_WGI_RQ.EST,-1.5954532
MMR,Myanmar,2010,GOV_WGI_RQ.EST,-1.67502889999999
MMR,Myanmar,2009,GOV_WGI_RQ.EST,-2.1529061
MMR,Myanmar,2008,GOV_WGI_RQ.EST,-2.1237348
MMR,Myanmar,2007,GOV_WGI_RQ.EST,-2.1230815
MMR,Myanmar,2006,GOV_WGI_RQ.EST,-2.1245544
MMR,Myanmar,2005,GOV_WGI_RQ.EST,-2.31315819999999
NAM,Namibia,2024,GOV_WGI_RQ.EST,0.1349052
NAM,Namibia,2023,GOV_WGI_RQ.EST,0.0866506
NAM,Namibia,2022,GOV_WGI_RQ.EST,0.0818334
NAM,Namibia,2021,GOV_WGI_RQ.EST,0.1492447
NAM,Namibia,2020,GOV_WGI_RQ.EST,0.0768145
NAM,Namibia,2019,GOV_WGI_RQ.EST,0.1209405
NAM,Namibia,2018,GOV_WGI_RQ.EST,0.0632488
NAM,Namibia,2017,GOV_WGI_RQ.EST,0.0957317999999999
NAM,Namibia,2016,GOV_WGI_RQ.EST,0.147564
NAM,Namibia,2015,GOV_WGI_RQ.EST,0.2438319
NAM,Namibia,2014,GOV_WGI_RQ.EST,0.1780391
NAM,Namibia,2013,GOV_WGI_RQ.EST,0.2217774
NAM,Namibia,2012,GOV_WGI_RQ.EST,0.1789728
NAM,Namibia,2011,GOV_WGI_RQ.EST,0.0071335
NAM,Namibia,2010,GOV_WGI_RQ.EST,0.1608353
NAM,Namibia,2009,GOV_WGI_RQ.EST,0.3241247
NAM,Namibia,2008,GOV_WGI_RQ.EST,0.291127
NAM,Namibia,2007,GOV_WGI_RQ.EST,0.1182005
NAM,Namibia,2006,GOV_WGI_RQ.EST,0.1809998
NAM,Namibia,2005,GOV_WGI_RQ.EST,0.0968554
NRU,Nauru,2024,GOV_WGI_RQ.EST,-0.524523699999999
NRU,Nauru,2023,GOV_WGI_RQ.EST,-0.5683682
NRU,Nauru,2022,GOV_WGI_RQ.EST,-0.3601258
NRU,Nauru,2021,GOV_WGI_RQ.EST,-0.3552132
NRU,Nauru,2020,GOV_WGI_RQ.EST,-0.353369899999999
NRU,Nauru,2019,GOV_WGI_RQ.EST,-0.348787099999999
NRU,Nauru,2018,GOV_WGI_RQ.EST,-0.3514786
NRU,Nauru,2017,GOV_WGI_RQ.EST,-0.5612372
NRU,Nauru,2016,GOV_WGI_RQ.EST,-0.5636517
NRU,Nauru,2015,GOV_WGI_RQ.EST,-0.5659337
NRU,Nauru,2014,GOV_WGI_RQ.EST,-0.932507099999999
NRU,Nauru,2013,GOV_WGI_RQ.EST,-0.921464499999999
NRU,Nauru,2012,GOV_WGI_RQ.EST,-0.778552999999999
NRU,Nauru,2011,GOV_WGI_RQ.EST,-0.7451154
NRU,Nauru,2010,GOV_WGI_RQ.EST,-0.7481757
NRU,Nauru,2009,GOV_WGI_RQ.EST,-0.748607199999999
NRU,Nauru,2008,GOV_WGI_RQ.EST,-0.7374368
NRU,Nauru,2007,GOV_WGI_RQ.EST,-0.729098399999999
NPL,Nepal,2024,GOV_WGI_RQ.EST,-0.552333499999999
NPL,Nepal,2023,GOV_WGI_RQ.EST,-0.607287799999999
NPL,Nepal,2022,GOV_WGI_RQ.EST,-0.5966637
NPL,Nepal,2021,GOV_WGI_RQ.EST,-0.6375284
NPL,Nepal,2020,GOV_WGI_RQ.EST,-0.663949999999999
NPL,Nepal,2019,GOV_WGI_RQ.EST,-0.5734193
NPL,Nepal,2018,GOV_WGI_RQ.EST,-0.5915737
NPL,Nepal,2017,GOV_WGI_RQ.EST,-0.656910099999999
NPL,Nepal,2016,GOV_WGI_RQ.EST,-0.6483257
NPL,Nepal,2015,GOV_WGI_RQ.EST,-0.6993283
NPL,Nepal,2014,GOV_WGI_RQ.EST,-0.716785799999999
NPL,Nepal,2013,GOV_WGI_RQ.EST,-0.813687899999999
NPL,Nepal,2012,GOV_WGI_RQ.EST,-0.7926961
NPL,Nepal,2011,GOV_WGI_RQ.EST,-0.8068972
NPL,Nepal,2010,GOV_WGI_RQ.EST,-0.835548499999999
NPL,Nepal,2009,GOV_WGI_RQ.EST,-0.7285532
NPL,Nepal,2008,GOV_WGI_RQ.EST,-0.6423609
NPL,Nepal,2007,GOV_WGI_RQ.EST,-0.503731199999999
NPL,Nepal,2006,GOV_WGI_RQ.EST,-0.5144183
NPL,Nepal,2005,GOV_WGI_RQ.EST,-0.493822999999999
NLD,Netherlands,2024,GOV_WGI_RQ.EST,1.7218271
NLD,Netherlands,2023,GOV_WGI_RQ.EST,1.7180996
NLD,Netherlands,2022,GOV_WGI_RQ.EST,1.7233662
NLD,Netherlands,2021,GOV_WGI_RQ.EST,1.8243489
NLD,Netherlands,2020,GOV_WGI_RQ.EST,1.7647356
NLD,Netherlands,2019,GOV_WGI_RQ.EST,1.8629208
NLD,Netherlands,2018,GOV_WGI_RQ.EST,1.9366985
NLD,Netherlands,2017,GOV_WGI_RQ.EST,1.9684193
NLD,Netherlands,2016,GOV_WGI_RQ.EST,1.9568543
NLD,Netherlands,2015,GOV_WGI_RQ.EST,1.7856938
NLD,Netherlands,2014,GOV_WGI_RQ.EST,1.663238
NLD,Netherlands,2013,GOV_WGI_RQ.EST,1.759796
NLD,Netherlands,2012,GOV_WGI_RQ.EST,1.7611187
NLD,Netherlands,2011,GOV_WGI_RQ.EST,1.7926864
NLD,Netherlands,2010,GOV_WGI_RQ.EST,1.646277
NLD,Netherlands,2009,GOV_WGI_RQ.EST,1.6683007
NLD,Netherlands,2008,GOV_WGI_RQ.EST,1.7453699
NLD,Netherlands,2007,GOV_WGI_RQ.EST,1.8554736
NLD,Netherlands,2006,GOV_WGI_RQ.EST,1.793438
NLD,Netherlands,2005,GOV_WGI_RQ.EST,1.9779286
NZL,New Zealand,2024,GOV_WGI_RQ.EST,1.8444942
NZL,New Zealand,2023,GOV_WGI_RQ.EST,1.8767831
NZL,New Zealand,2022,GOV_WGI_RQ.EST,1.8604747
NZL,New Zealand,2021,GOV_WGI_RQ.EST,1.8534819
NZL,New Zealand,2020,GOV_WGI_RQ.EST,1.9329931
NZL,New Zealand,2019,GOV_WGI_RQ.EST,1.970839
NZL,New Zealand,2018,GOV_WGI_RQ.EST,1.9706404
NZL,New Zealand,2017,GOV_WGI_RQ.EST,2.0795821
NZL,New Zealand,2016,GOV_WGI_RQ.EST,2.059195
NZL,New Zealand,2015,GOV_WGI_RQ.EST,2.0128965
NZL,New Zealand,2014,GOV_WGI_RQ.EST,2.0123173
NZL,New Zealand,2013,GOV_WGI_RQ.EST,1.9265097
NZL,New Zealand,2012,GOV_WGI_RQ.EST,1.9928169
NZL,New Zealand,2011,GOV_WGI_RQ.EST,1.9708492
NZL,New Zealand,2010,GOV_WGI_RQ.EST,1.7182417
NZL,New Zealand,2009,GOV_WGI_RQ.EST,1.828573
NZL,New Zealand,2008,GOV_WGI_RQ.EST,1.8177911
NZL,New Zealand,2007,GOV_WGI_RQ.EST,1.7955232
NZL,New Zealand,2006,GOV_WGI_RQ.EST,1.7941668
NZL,New Zealand,2005,GOV_WGI_RQ.EST,1.8626031
NIC,Nicaragua,2024,GOV_WGI_RQ.EST,-0.991034699999999
NIC,Nicaragua,2023,GOV_WGI_RQ.EST,-1.0126191
NIC,Nicaragua,2022,GOV_WGI_RQ.EST,-1.0016657
NIC,Nicaragua,2021,GOV_WGI_RQ.EST,-0.8867041
NIC,Nicaragua,2020,GOV_WGI_RQ.EST,-0.681071299999999
NIC,Nicaragua,2019,GOV_WGI_RQ.EST,-0.6516936
NIC,Nicaragua,2018,GOV_WGI_RQ.EST,-0.5539729
NIC,Nicaragua,2017,GOV_WGI_RQ.EST,-0.497278499999999
NIC,Nicaragua,2016,GOV_WGI_RQ.EST,-0.3988331
NIC,Nicaragua,2015,GOV_WGI_RQ.EST,-0.307566299999999
NIC,Nicaragua,2014,GOV_WGI_RQ.EST,-0.4022048
NIC,Nicaragua,2013,GOV_WGI_RQ.EST,-0.3734933
NIC,Nicaragua,2012,GOV_WGI_RQ.EST,-0.4036894
NIC,Nicaragua,2011,GOV_WGI_RQ.EST,-0.4514777
NIC,Nicaragua,2010,GOV_WGI_RQ.EST,-0.4466148
NIC,Nicaragua,2009,GOV_WGI_RQ.EST,-0.454907399999999
NIC,Nicaragua,2008,GOV_WGI_RQ.EST,-0.378896499999999
NIC,Nicaragua,2007,GOV_WGI_RQ.EST,-0.3207312
NIC,Nicaragua,2006,GOV_WGI_RQ.EST,-0.2778159
NIC,Nicaragua,2005,GOV_WGI_RQ.EST,-0.1918318
NER,Niger,2024,GOV_WGI_RQ.EST,-0.7624578
NER,Niger,2023,GOV_WGI_RQ.EST,-0.7280992
NER,Niger,2022,GOV_WGI_RQ.EST,-0.6740254
NER,Niger,2021,GOV_WGI_RQ.EST,-0.694466399999999
NER,Niger,2020,GOV_WGI_RQ.EST,-0.749712199999999
NER,Niger,2019,GOV_WGI_RQ.EST,-0.6452363
NER,Niger,2018,GOV_WGI_RQ.EST,-0.6639231
NER,Niger,2017,GOV_WGI_RQ.EST,-0.639687999999999
NER,Niger,2016,GOV_WGI_RQ.EST,-0.6537562
NER,Niger,2015,GOV_WGI_RQ.EST,-0.7183876
NER,Niger,2014,GOV_WGI_RQ.EST,-0.746923
NER,Niger,2013,GOV_WGI_RQ.EST,-0.724202
NER,Niger,2012,GOV_WGI_RQ.EST,-0.7242274
NER,Niger,2011,GOV_WGI_RQ.EST,-0.5324314
NER,Niger,2010,GOV_WGI_RQ.EST,-0.5069873
NER,Niger,2009,GOV_WGI_RQ.EST,-0.523589699999999
NER,Niger,2008,GOV_WGI_RQ.EST,-0.5745441
NER,Niger,2007,GOV_WGI_RQ.EST,-0.591423199999999
NER,Niger,2006,GOV_WGI_RQ.EST,-0.632773799999999
NER,Niger,2005,GOV_WGI_RQ.EST,-0.7243621
NGA,Nigeria,2024,GOV_WGI_RQ.EST,-0.6332954
NGA,Nigeria,2023,GOV_WGI_RQ.EST,-0.8274258
NGA,Nigeria,2022,GOV_WGI_RQ.EST,-0.9963194
NGA,Nigeria,2021,GOV_WGI_RQ.EST,-0.8726579
NGA,Nigeria,2020,GOV_WGI_RQ.EST,-0.8874002
NGA,Nigeria,2019,GOV_WGI_RQ.EST,-0.864609699999999
NGA,Nigeria,2018,GOV_WGI_RQ.EST,-0.830018399999999
NGA,Nigeria,2017,GOV_WGI_RQ.EST,-0.7780788
NGA,Nigeria,2016,GOV_WGI_RQ.EST,-0.8149879
NGA,Nigeria,2015,GOV_WGI_RQ.EST,-0.740200099999999
NGA,Nigeria,2014,GOV_WGI_RQ.EST,-0.7940186
NGA,Nigeria,2013,GOV_WGI_RQ.EST,-0.740966799999999
NGA,Nigeria,2012,GOV_WGI_RQ.EST,-0.752841499999999
NGA,Nigeria,2011,GOV_WGI_RQ.EST,-0.875506399999999
NGA,Nigeria,2010,GOV_WGI_RQ.EST,-0.911270199999999
NGA,Nigeria,2009,GOV_WGI_RQ.EST,-0.751041499999999
NGA,Nigeria,2008,GOV_WGI_RQ.EST,-0.7606817
NGA,Nigeria,2007,GOV_WGI_RQ.EST,-0.8413883
NGA,Nigeria,2006,GOV_WGI_RQ.EST,-0.8992521
NGA,Nigeria,2005,GOV_WGI_RQ.EST,-1.0189616
MKD,North Macedonia,2024,GOV_WGI_RQ.EST,0.2663032
MKD,North Macedonia,2023,GOV_WGI_RQ.EST,0.2015163
MKD,North Macedonia,2022,GOV_WGI_RQ.EST,0.2225911
MKD,North Macedonia,2021,GOV_WGI_RQ.EST,0.2238642
MKD,North Macedonia,2020,GOV_WGI_RQ.EST,0.30335
MKD,North Macedonia,2019,GOV_WGI_RQ.EST,0.192812
MKD,North Macedonia,2018,GOV_WGI_RQ.EST,0.3988409
MKD,North Macedonia,2017,GOV_WGI_RQ.EST,0.3426424
MKD,North Macedonia,2016,GOV_WGI_RQ.EST,0.2741
MKD,North Macedonia,2015,GOV_WGI_RQ.EST,0.2705038
MKD,North Macedonia,2014,GOV_WGI_RQ.EST,0.2802096
MKD,North Macedonia,2013,GOV_WGI_RQ.EST,0.1453678
MKD,North Macedonia,2012,GOV_WGI_RQ.EST,0.2094252
MKD,North Macedonia,2011,GOV_WGI_RQ.EST,-0.0874218
MKD,North Macedonia,2010,GOV_WGI_RQ.EST,-0.1118569
MKD,North Macedonia,2009,GOV_WGI_RQ.EST,0.1963624
MKD,North Macedonia,2008,GOV_WGI_RQ.EST,0.1611044
MKD,North Macedonia,2007,GOV_WGI_RQ.EST,0.1270314
MKD,North Macedonia,2006,GOV_WGI_RQ.EST,0.0721402999999999
MKD,North Macedonia,2005,GOV_WGI_RQ.EST,-0.186288099999999
NOR,Norway,2024,GOV_WGI_RQ.EST,1.6704537
NOR,Norway,2023,GOV_WGI_RQ.EST,1.6350956
NOR,Norway,2022,GOV_WGI_RQ.EST,1.5730046
NOR,Norway,2021,GOV_WGI_RQ.EST,1.6492378
NOR,Norway,2020,GOV_WGI_RQ.EST,1.6975606
NOR,Norway,2019,GOV_WGI_RQ.EST,1.7665668
NOR,Norway,2018,GOV_WGI_RQ.EST,1.8168864
NOR,Norway,2017,GOV_WGI_RQ.EST,1.8376808
NOR,Norway,2016,GOV_WGI_RQ.EST,1.8051537
NOR,Norway,2015,GOV_WGI_RQ.EST,1.7813823
NOR,Norway,2014,GOV_WGI_RQ.EST,1.7656125
NOR,Norway,2013,GOV_WGI_RQ.EST,1.91434
NOR,Norway,2012,GOV_WGI_RQ.EST,1.8217161
NOR,Norway,2011,GOV_WGI_RQ.EST,1.7953532
NOR,Norway,2010,GOV_WGI_RQ.EST,1.6371606
NOR,Norway,2009,GOV_WGI_RQ.EST,1.6011759
NOR,Norway,2008,GOV_WGI_RQ.EST,1.6201132
NOR,Norway,2007,GOV_WGI_RQ.EST,1.554125
NOR,Norway,2006,GOV_WGI_RQ.EST,1.4781227
NOR,Norway,2005,GOV_WGI_RQ.EST,1.6422973
OMN,Oman,2024,GOV_WGI_RQ.EST,0.6875152
OMN,Oman,2023,GOV_WGI_RQ.EST,0.4701815
OMN,Oman,2022,GOV_WGI_RQ.EST,0.4679554
OMN,Oman,2021,GOV_WGI_RQ.EST,0.4254017
OMN,Oman,2020,GOV_WGI_RQ.EST,0.4719412
OMN,Oman,2019,GOV_WGI_RQ.EST,0.5010361
OMN,Oman,2018,GOV_WGI_RQ.EST,0.527985
OMN,Oman,2017,GOV_WGI_RQ.EST,0.7080042
OMN,Oman,2016,GOV_WGI_RQ.EST,0.6980709
OMN,Oman,2015,GOV_WGI_RQ.EST,0.6495172
OMN,Oman,2014,GOV_WGI_RQ.EST,0.7762583
OMN,Oman,2013,GOV_WGI_RQ.EST,0.817822
OMN,Oman,2012,GOV_WGI_RQ.EST,0.8307365
OMN,Oman,2011,GOV_WGI_RQ.EST,0.7404489
OMN,Oman,2010,GOV_WGI_RQ.EST,0.8483843
OMN,Oman,2009,GOV_WGI_RQ.EST,0.8407639
OMN,Oman,2008,GOV_WGI_RQ.EST,0.8308676
OMN,Oman,2007,GOV_WGI_RQ.EST,0.7334568
OMN,Oman,2006,GOV_WGI_RQ.EST,0.7040891
OMN,Oman,2005,GOV_WGI_RQ.EST,0.7691608
PAK,Pakistan,2024,GOV_WGI_RQ.EST,-0.7928043
PAK,Pakistan,2023,GOV_WGI_RQ.EST,-0.821984199999999
PAK,Pakistan,2022,GOV_WGI_RQ.EST,-0.7653493
PAK,Pakistan,2021,GOV_WGI_RQ.EST,-0.6543467
PAK,Pakistan,2020,GOV_WGI_RQ.EST,-0.7006155
PAK,Pakistan,2019,GOV_WGI_RQ.EST,-0.620266299999999
PAK,Pakistan,2018,GOV_WGI_RQ.EST,-0.662304799999999
PAK,Pakistan,2017,GOV_WGI_RQ.EST,-0.664221899999999
PAK,Pakistan,2016,GOV_WGI_RQ.EST,-0.6596324
PAK,Pakistan,2015,GOV_WGI_RQ.EST,-0.6860082
PAK,Pakistan,2014,GOV_WGI_RQ.EST,-0.7484896
PAK,Pakistan,2013,GOV_WGI_RQ.EST,-0.8058791
PAK,Pakistan,2012,GOV_WGI_RQ.EST,-0.80848
PAK,Pakistan,2011,GOV_WGI_RQ.EST,-0.758093999999999
PAK,Pakistan,2010,GOV_WGI_RQ.EST,-0.687742299999999
PAK,Pakistan,2009,GOV_WGI_RQ.EST,-0.6691879
PAK,Pakistan,2008,GOV_WGI_RQ.EST,-0.6345983
PAK,Pakistan,2007,GOV_WGI_RQ.EST,-0.522979299999999
PAK,Pakistan,2006,GOV_WGI_RQ.EST,-0.470710099999999
PAK,Pakistan,2005,GOV_WGI_RQ.EST,-0.5838514
PLW,Palau,2024,GOV_WGI_RQ.EST,0.4811763
PLW,Palau,2023,GOV_WGI_RQ.EST,0.3946725
PLW,Palau,2022,GOV_WGI_RQ.EST,0.394149
PLW,Palau,2021,GOV_WGI_RQ.EST,0.3990617
PLW,Palau,2020,GOV_WGI_RQ.EST,0.400905
PLW,Palau,2019,GOV_WGI_RQ.EST,0.4054877
PLW,Palau,2018,GOV_WGI_RQ.EST,0.1940307
PLW,Palau,2017,GOV_WGI_RQ.EST,0.4018035
PLW,Palau,2016,GOV_WGI_RQ.EST,0.399389
PLW,Palau,2015,GOV_WGI_RQ.EST,0.3971071
PLW,Palau,2014,GOV_WGI_RQ.EST,-0.5186405
PLW,Palau,2013,GOV_WGI_RQ.EST,-0.5075978
PLW,Palau,2012,GOV_WGI_RQ.EST,-0.5026417
PLW,Palau,2011,GOV_WGI_RQ.EST,-0.469204199999999
PLW,Palau,2010,GOV_WGI_RQ.EST,-0.7481757
PLW,Palau,2009,GOV_WGI_RQ.EST,-0.748607199999999
PLW,Palau,2008,GOV_WGI_RQ.EST,-0.7374368
PAN,Panama,2024,GOV_WGI_RQ.EST,-0.0738011
PAN,Panama,2023,GOV_WGI_RQ.EST,0.0230493
PAN,Panama,2022,GOV_WGI_RQ.EST,0.0393931
PAN,Panama,2021,GOV_WGI_RQ.EST,0.2114141
PAN,Panama,2020,GOV_WGI_RQ.EST,0.2697187
PAN,Panama,2019,GOV_WGI_RQ.EST,0.3190176
PAN,Panama,2018,GOV_WGI_RQ.EST,0.3136844
PAN,Panama,2017,GOV_WGI_RQ.EST,0.3409116
PAN,Panama,2016,GOV_WGI_RQ.EST,0.4184474
PAN,Panama,2015,GOV_WGI_RQ.EST,0.4212846
PAN,Panama,2014,GOV_WGI_RQ.EST,0.3858888
PAN,Panama,2013,GOV_WGI_RQ.EST,0.4205556
PAN,Panama,2012,GOV_WGI_RQ.EST,0.4723529
PAN,Panama,2011,GOV_WGI_RQ.EST,0.5428985
PAN,Panama,2010,GOV_WGI_RQ.EST,0.5004366
PAN,Panama,2009,GOV_WGI_RQ.EST,0.417007
PAN,Panama,2008,GOV_WGI_RQ.EST,0.5432735
PAN,Panama,2007,GOV_WGI_RQ.EST,0.4048484
PAN,Panama,2006,GOV_WGI_RQ.EST,0.3177834
PAN,Panama,2005,GOV_WGI_RQ.EST,0.3128875
PNG,Papua New Guinea,2024,GOV_WGI_RQ.EST,-0.6004013
PNG,Papua New Guinea,2023,GOV_WGI_RQ.EST,-0.710919
PNG,Papua New Guinea,2022,GOV_WGI_RQ.EST,-0.7469684
PNG,Papua New Guinea,2021,GOV_WGI_RQ.EST,-0.751495399999999
PNG,Papua New Guinea,2020,GOV_WGI_RQ.EST,-0.5871307
PNG,Papua New Guinea,2019,GOV_WGI_RQ.EST,-0.5079956
PNG,Papua New Guinea,2018,GOV_WGI_RQ.EST,-0.4670821
PNG,Papua New Guinea,2017,GOV_WGI_RQ.EST,-0.5227809
PNG,Papua New Guinea,2016,GOV_WGI_RQ.EST,-0.4591785
PNG,Papua New Guinea,2015,GOV_WGI_RQ.EST,-0.3927754
PNG,Papua New Guinea,2014,GOV_WGI_RQ.EST,-0.2587839
PNG,Papua New Guinea,2013,GOV_WGI_RQ.EST,-0.4653449
PNG,Papua New Guinea,2012,GOV_WGI_RQ.EST,-0.5009861
PNG,Papua New Guinea,2011,GOV_WGI_RQ.EST,-0.428070599999999
PNG,Papua New Guinea,2010,GOV_WGI_RQ.EST,-0.4333699
PNG,Papua New Guinea,2009,GOV_WGI_RQ.EST,-0.440112499999999
PNG,Papua New Guinea,2008,GOV_WGI_RQ.EST,-0.4476401
PNG,Papua New Guinea,2007,GOV_WGI_RQ.EST,-0.3703479
PNG,Papua New Guinea,2006,GOV_WGI_RQ.EST,-0.502418399999999
PNG,Papua New Guinea,2005,GOV_WGI_RQ.EST,-0.8534659
PRY,Paraguay,2024,GOV_WGI_RQ.EST,-0.1411883
PRY,Paraguay,2023,GOV_WGI_RQ.EST,-0.1971096
PRY,Paraguay,2022,GOV_WGI_RQ.EST,-0.2027128
PRY,Paraguay,2021,GOV_WGI_RQ.EST,-0.1860035
PRY,Paraguay,2020,GOV_WGI_RQ.EST,-0.172904
PRY,Paraguay,2019,GOV_WGI_RQ.EST,-0.1606718
PRY,Paraguay,2018,GOV_WGI_RQ.EST,-0.1217096
PRY,Paraguay,2017,GOV_WGI_RQ.EST,-0.1580121
PRY,Paraguay,2016,GOV_WGI_RQ.EST,-0.1553139
PRY,Paraguay,2015,GOV_WGI_RQ.EST,-0.185690599999999
PRY,Paraguay,2014,GOV_WGI_RQ.EST,-0.2947838
PRY,Paraguay,2013,GOV_WGI_RQ.EST,-0.4312854
PRY,Paraguay,2012,GOV_WGI_RQ.EST,-0.4410038
PRY,Paraguay,2011,GOV_WGI_RQ.EST,-0.4404632
PRY,Paraguay,2010,GOV_WGI_RQ.EST,-0.5035793
PRY,Paraguay,2009,GOV_WGI_RQ.EST,-0.5287986
PRY,Paraguay,2008,GOV_WGI_RQ.EST,-0.5102337
PRY,Paraguay,2007,GOV_WGI_RQ.EST,-0.5705538
PRY,Paraguay,2006,GOV_WGI_RQ.EST,-0.653274999999999
PRY,Paraguay,2005,GOV_WGI_RQ.EST,-0.759452199999999
PER,Peru,2024,GOV_WGI_RQ.EST,0.0828146
PER,Peru,2023,GOV_WGI_RQ.EST,0.1292945
PER,Peru,2022,GOV_WGI_RQ.EST,0.0716412999999999
PER,Peru,2021,GOV_WGI_RQ.EST,0.0848324999999999
PER,Peru,2020,GOV_WGI_RQ.EST,0.2250935
PER,Peru,2019,GOV_WGI_RQ.EST,0.3449805
PER,Peru,2018,GOV_WGI_RQ.EST,0.2978144
PER,Peru,2017,GOV_WGI_RQ.EST,0.2708614
PER,Peru,2016,GOV_WGI_RQ.EST,0.3221782
PER,Peru,2015,GOV_WGI_RQ.EST,0.3176036
PER,Peru,2014,GOV_WGI_RQ.EST,0.2603805
PER,Peru,2013,GOV_WGI_RQ.EST,0.2335481
PER,Peru,2012,GOV_WGI_RQ.EST,0.2530528
PER,Peru,2011,GOV_WGI_RQ.EST,0.3419375
PER,Peru,2010,GOV_WGI_RQ.EST,0.3099239
PER,Peru,2009,GOV_WGI_RQ.EST,0.2839239
PER,Peru,2008,GOV_WGI_RQ.EST,0.2285396
PER,Peru,2007,GOV_WGI_RQ.EST,0.2283845
PER,Peru,2006,GOV_WGI_RQ.EST,0.1525912
PER,Peru,2005,GOV_WGI_RQ.EST,0.0032096
PHL,Philippines,2024,GOV_WGI_RQ.EST,0.0792961
PHL,Philippines,2023,GOV_WGI_RQ.EST,0.0633741
PHL,Philippines,2022,GOV_WGI_RQ.EST,0.00480089999999999
PHL,Philippines,2021,GOV_WGI_RQ.EST,0.0148496
PHL,Philippines,2020,GOV_WGI_RQ.EST,0.0141421
PHL,Philippines,2019,GOV_WGI_RQ.EST,0.0586419
PHL,Philippines,2018,GOV_WGI_RQ.EST,-0.0051077
PHL,Philippines,2017,GOV_WGI_RQ.EST,0.1368136
PHL,Philippines,2016,GOV_WGI_RQ.EST,0.1261455
PHL,Philippines,2015,GOV_WGI_RQ.EST,0.0878094
PHL,Philippines,2014,GOV_WGI_RQ.EST,0.0596485
PHL,Philippines,2013,GOV_WGI_RQ.EST,0.0316296
PHL,Philippines,2012,GOV_WGI_RQ.EST,0.1322559
PHL,Philippines,2011,GOV_WGI_RQ.EST,0.0117513
PHL,Philippines,2010,GOV_WGI_RQ.EST,-0.0305694
PHL,Philippines,2009,GOV_WGI_RQ.EST,0.0167422
PHL,Philippines,2008,GOV_WGI_RQ.EST,0.075357
PHL,Philippines,2007,GOV_WGI_RQ.EST,0.158648
PHL,Philippines,2006,GOV_WGI_RQ.EST,0.157936
PHL,Philippines,2005,GOV_WGI_RQ.EST,0.1743161
POL,Poland,2024,GOV_WGI_RQ.EST,0.6858353
POL,Poland,2023,GOV_WGI_RQ.EST,0.7253164
POL,Poland,2022,GOV_WGI_RQ.EST,0.6870197
POL,Poland,2021,GOV_WGI_RQ.EST,0.6736094
POL,Poland,2020,GOV_WGI_RQ.EST,0.6854992
POL,Poland,2019,GOV_WGI_RQ.EST,0.8277446
POL,Poland,2018,GOV_WGI_RQ.EST,0.7623048
POL,Poland,2017,GOV_WGI_RQ.EST,0.7219296
POL,Poland,2016,GOV_WGI_RQ.EST,0.811158
POL,Poland,2015,GOV_WGI_RQ.EST,0.8123641
POL,Poland,2014,GOV_WGI_RQ.EST,0.8657653
POL,Poland,2013,GOV_WGI_RQ.EST,0.902271
POL,Poland,2012,GOV_WGI_RQ.EST,0.8536768
POL,Poland,2011,GOV_WGI_RQ.EST,0.8434692
POL,Poland,2010,GOV_WGI_RQ.EST,0.9204541
POL,Poland,2009,GOV_WGI_RQ.EST,0.8694733
POL,Poland,2008,GOV_WGI_RQ.EST,0.7867103
POL,Poland,2007,GOV_WGI_RQ.EST,0.7734317
POL,Poland,2006,GOV_WGI_RQ.EST,0.6906126
POL,Poland,2005,GOV_WGI_RQ.EST,0.7800228
PRT,Portugal,2024,GOV_WGI_RQ.EST,0.7401575
PRT,Portugal,2023,GOV_WGI_RQ.EST,0.7804495
PRT,Portugal,2022,GOV_WGI_RQ.EST,0.8086012
PRT,Portugal,2021,GOV_WGI_RQ.EST,0.7505542
PRT,Portugal,2020,GOV_WGI_RQ.EST,0.8031995
PRT,Portugal,2019,GOV_WGI_RQ.EST,0.9999205
PRT,Portugal,2018,GOV_WGI_RQ.EST,0.9348161
PRT,Portugal,2017,GOV_WGI_RQ.EST,0.924473
PRT,Portugal,2016,GOV_WGI_RQ.EST,0.8398464
PRT,Portugal,2015,GOV_WGI_RQ.EST,0.8500702
PRT,Portugal,2014,GOV_WGI_RQ.EST,0.5980541
PRT,Portugal,2013,GOV_WGI_RQ.EST,0.7338698
PRT,Portugal,2012,GOV_WGI_RQ.EST,0.7084467
PRT,Portugal,2011,GOV_WGI_RQ.EST,0.7471259
PRT,Portugal,2010,GOV_WGI_RQ.EST,0.9446209
PRT,Portugal,2009,GOV_WGI_RQ.EST,1.1725096
PRT,Portugal,2008,GOV_WGI_RQ.EST,1.1807886
PRT,Portugal,2007,GOV_WGI_RQ.EST,1.1711639
PRT,Portugal,2006,GOV_WGI_RQ.EST,1.0892238
PRT,Portugal,2005,GOV_WGI_RQ.EST,1.2535744
,Puerto Rico,2024,GOV_WGI_RQ.EST,0.6528081
,Puerto Rico,2023,GOV_WGI_RQ.EST,0.6204573
,Puerto Rico,2022,GOV_WGI_RQ.EST,0.7775664
,Puerto Rico,2021,GOV_WGI_RQ.EST,0.7802388
,Puerto Rico,2020,GOV_WGI_RQ.EST,0.7810589
,Puerto Rico,2019,GOV_WGI_RQ.EST,0.7830977
,Puerto Rico,2018,GOV_WGI_RQ.EST,0.8747767
,Puerto Rico,2017,GOV_WGI_RQ.EST,0.9672113
,Puerto Rico,2016,GOV_WGI_RQ.EST,1.0222101
,Puerto Rico,2015,GOV_WGI_RQ.EST,1.0211949
,Puerto Rico,2014,GOV_WGI_RQ.EST,0.9312895
,Puerto Rico,2013,GOV_WGI_RQ.EST,1.0084959
,Puerto Rico,2012,GOV_WGI_RQ.EST,1.1179384
,Puerto Rico,2011,GOV_WGI_RQ.EST,0.9234158
,Puerto Rico,2010,GOV_WGI_RQ.EST,0.9228597
,Puerto Rico,2009,GOV_WGI_RQ.EST,0.9378809
,Puerto Rico,2008,GOV_WGI_RQ.EST,1.0134546
,Puerto Rico,2007,GOV_WGI_RQ.EST,1.0181389
,Puerto Rico,2006,GOV_WGI_RQ.EST,1.1088431
,Puerto Rico,2005,GOV_WGI_RQ.EST,1.1126306
QAT,Qatar,2024,GOV_WGI_RQ.EST,0.9663365
QAT,Qatar,2023,GOV_WGI_RQ.EST,0.9412093
QAT,Qatar,2022,GOV_WGI_RQ.EST,0.8839637
QAT,Qatar,2021,GOV_WGI_RQ.EST,0.8424347
QAT,Qatar,2020,GOV_WGI_RQ.EST,0.8435123
QAT,Qatar,2019,GOV_WGI_RQ.EST,0.7893471
QAT,Qatar,2018,GOV_WGI_RQ.EST,0.6770845
QAT,Qatar,2017,GOV_WGI_RQ.EST,0.560855
QAT,Qatar,2016,GOV_WGI_RQ.EST,0.7654833
QAT,Qatar,2015,GOV_WGI_RQ.EST,0.7674283
QAT,Qatar,2014,GOV_WGI_RQ.EST,0.7014796
QAT,Qatar,2013,GOV_WGI_RQ.EST,0.9455132
QAT,Qatar,2012,GOV_WGI_RQ.EST,0.9514299
QAT,Qatar,2011,GOV_WGI_RQ.EST,0.8503316
QAT,Qatar,2010,GOV_WGI_RQ.EST,0.8609387
QAT,Qatar,2009,GOV_WGI_RQ.EST,0.8928752
QAT,Qatar,2008,GOV_WGI_RQ.EST,0.7048315
QAT,Qatar,2007,GOV_WGI_RQ.EST,0.4319444
QAT,Qatar,2006,GOV_WGI_RQ.EST,0.3030822
QAT,Qatar,2005,GOV_WGI_RQ.EST,0.1714164
ROU,Romania,2024,GOV_WGI_RQ.EST,0.3834547
ROU,Romania,2023,GOV_WGI_RQ.EST,0.34486
ROU,Romania,2022,GOV_WGI_RQ.EST,0.3937269
ROU,Romania,2021,GOV_WGI_RQ.EST,0.3145916
ROU,Romania,2020,GOV_WGI_RQ.EST,0.3027167
ROU,Romania,2019,GOV_WGI_RQ.EST,0.3572005
ROU,Romania,2018,GOV_WGI_RQ.EST,0.3852803
ROU,Romania,2017,GOV_WGI_RQ.EST,0.4191612
ROU,Romania,2016,GOV_WGI_RQ.EST,0.4475166
ROU,Romania,2015,GOV_WGI_RQ.EST,0.4527497
ROU,Romania,2014,GOV_WGI_RQ.EST,0.3877013
ROU,Romania,2013,GOV_WGI_RQ.EST,0.3895279
ROU,Romania,2012,GOV_WGI_RQ.EST,0.3076837
ROU,Romania,2011,GOV_WGI_RQ.EST,0.3748876
ROU,Romania,2010,GOV_WGI_RQ.EST,0.4222283
ROU,Romania,2009,GOV_WGI_RQ.EST,0.3389556
ROU,Romania,2008,GOV_WGI_RQ.EST,0.398715
ROU,Romania,2007,GOV_WGI_RQ.EST,0.393314
ROU,Romania,2006,GOV_WGI_RQ.EST,0.3232718
ROU,Romania,2005,GOV_WGI_RQ.EST,-0.00977269999999999
RUS,Russian Federation,2024,GOV_WGI_RQ.EST,-1.0682839
RUS,Russian Federation,2023,GOV_WGI_RQ.EST,-0.888925299999999
RUS,Russian Federation,2022,GOV_WGI_RQ.EST,-0.8919419
RUS,Russian Federation,2021,GOV_WGI_RQ.EST,-0.3720054
RUS,Russian Federation,2020,GOV_WGI_RQ.EST,-0.4450265
RUS,Russian Federation,2019,GOV_WGI_RQ.EST,-0.3542324
RUS,Russian Federation,2018,GOV_WGI_RQ.EST,-0.357656
RUS,Russian Federation,2017,GOV_WGI_RQ.EST,-0.3965476
RUS,Russian Federation,2016,GOV_WGI_RQ.EST,-0.4243033
RUS,Russian Federation,2015,GOV_WGI_RQ.EST,-0.5155363
RUS,Russian Federation,2014,GOV_WGI_RQ.EST,-0.450162599999999
RUS,Russian Federation,2013,GOV_WGI_RQ.EST,-0.405733599999999
RUS,Russian Federation,2012,GOV_WGI_RQ.EST,-0.4318993
RUS,Russian Federation,2011,GOV_WGI_RQ.EST,-0.381015899999999
RUS,Russian Federation,2010,GOV_WGI_RQ.EST,-0.3620188
RUS,Russian Federation,2009,GOV_WGI_RQ.EST,-0.3406416
RUS,Russian Federation,2008,GOV_WGI_RQ.EST,-0.2972532
RUS,Russian Federation,2007,GOV_WGI_RQ.EST,-0.1586062
RUS,Russian Federation,2006,GOV_WGI_RQ.EST,-0.314386799999999
RUS,Russian Federation,2005,GOV_WGI_RQ.EST,-0.2338844
RWA,Rwanda,2024,GOV_WGI_RQ.EST,0.2696046
RWA,Rwanda,2023,GOV_WGI_RQ.EST,0.225197
RWA,Rwanda,2022,GOV_WGI_RQ.EST,0.1548275
RWA,Rwanda,2021,GOV_WGI_RQ.EST,0.1620438
RWA,Rwanda,2020,GOV_WGI_RQ.EST,0.1214715
RWA,Rwanda,2019,GOV_WGI_RQ.EST,0.109464
RWA,Rwanda,2018,GOV_WGI_RQ.EST,0.1225588
RWA,Rwanda,2017,GOV_WGI_RQ.EST,0.1740956
RWA,Rwanda,2016,GOV_WGI_RQ.EST,0.1543532
RWA,Rwanda,2015,GOV_WGI_RQ.EST,0.1710906
RWA,Rwanda,2014,GOV_WGI_RQ.EST,0.1192636
RWA,Rwanda,2013,GOV_WGI_RQ.EST,-0.0719828
RWA,Rwanda,2012,GOV_WGI_RQ.EST,-0.1555961
RWA,Rwanda,2011,GOV_WGI_RQ.EST,-0.1855541
RWA,Rwanda,2010,GOV_WGI_RQ.EST,-0.2827636
RWA,Rwanda,2009,GOV_WGI_RQ.EST,-0.397351
RWA,Rwanda,2008,GOV_WGI_RQ.EST,-0.4219929
RWA,Rwanda,2007,GOV_WGI_RQ.EST,-0.592604399999999
RWA,Rwanda,2006,GOV_WGI_RQ.EST,-0.562473
RWA,Rwanda,2005,GOV_WGI_RQ.EST,-0.7590182
WSM,Samoa,2024,GOV_WGI_RQ.EST,-0.101737899999999
WSM,Samoa,2023,GOV_WGI_RQ.EST,-0.169743199999999
WSM,Samoa,2022,GOV_WGI_RQ.EST,-0.195063899999999
WSM,Samoa,2021,GOV_WGI_RQ.EST,-0.168748899999999
WSM,Samoa,2020,GOV_WGI_RQ.EST,-0.07753
WSM,Samoa,2019,GOV_WGI_RQ.EST,0.00377929999999999
WSM,Samoa,2018,GOV_WGI_RQ.EST,0.0819379
WSM,Samoa,2017,GOV_WGI_RQ.EST,0.081508
WSM,Samoa,2016,GOV_WGI_RQ.EST,0.0804622
WSM,Samoa,2015,GOV_WGI_RQ.EST,0.0464779
WSM,Samoa,2014,GOV_WGI_RQ.EST,-0.0360375
WSM,Samoa,2013,GOV_WGI_RQ.EST,0.004667
WSM,Samoa,2012,GOV_WGI_RQ.EST,-0.100189099999999
WSM,Samoa,2011,GOV_WGI_RQ.EST,-0.0962847999999999
WSM,Samoa,2010,GOV_WGI_RQ.EST,-0.0255692
WSM,Samoa,2009,GOV_WGI_RQ.EST,-0.02129
WSM,Samoa,2008,GOV_WGI_RQ.EST,-0.144098
WSM,Samoa,2007,GOV_WGI_RQ.EST,0.067235
WSM,Samoa,2006,GOV_WGI_RQ.EST,0.0642858999999999
WSM,Samoa,2005,GOV_WGI_RQ.EST,0.2383088
SMR,San Marino,2024,GOV_WGI_RQ.EST,0.865338
SMR,San Marino,2023,GOV_WGI_RQ.EST,0.8639935
SMR,San Marino,2022,GOV_WGI_RQ.EST,0.8633998
SMR,San Marino,2021,GOV_WGI_RQ.EST,0.868972
SMR,San Marino,2020,GOV_WGI_RQ.EST,0.8710628
SMR,San Marino,2019,GOV_WGI_RQ.EST,0.8762608
SMR,San Marino,2018,GOV_WGI_RQ.EST,0.8732079
SMR,San Marino,2017,GOV_WGI_RQ.EST,0.8720819
SMR,San Marino,2016,GOV_WGI_RQ.EST,0.8693433
SMR,San Marino,2015,GOV_WGI_RQ.EST,0.866755
STP,Sao Tome and Principe,2024,GOV_WGI_RQ.EST,-0.8908801
STP,Sao Tome and Principe,2023,GOV_WGI_RQ.EST,-0.881126099999999
STP,Sao Tome and Principe,2022,GOV_WGI_RQ.EST,-0.818472
STP,Sao Tome and Principe,2021,GOV_WGI_RQ.EST,-0.8221936
STP,Sao Tome and Principe,2020,GOV_WGI_RQ.EST,-0.8307876
STP,Sao Tome and Principe,2019,GOV_WGI_RQ.EST,-0.8537092
STP,Sao Tome and Principe,2018,GOV_WGI_RQ.EST,-0.8284372
STP,Sao Tome and Principe,2017,GOV_WGI_RQ.EST,-0.7689334
STP,Sao Tome and Principe,2016,GOV_WGI_RQ.EST,-0.730661999999999
STP,Sao Tome and Principe,2015,GOV_WGI_RQ.EST,-0.7509954
STP,Sao Tome and Principe,2014,GOV_WGI_RQ.EST,-0.7964507
STP,Sao Tome and Principe,2013,GOV_WGI_RQ.EST,-0.8527615
STP,Sao Tome and Principe,2012,GOV_WGI_RQ.EST,-0.7369156
STP,Sao Tome and Principe,2011,GOV_WGI_RQ.EST,-0.7089091
STP,Sao Tome and Principe,2010,GOV_WGI_RQ.EST,-0.793528599999999
STP,Sao Tome and Principe,2009,GOV_WGI_RQ.EST,-0.7767238
STP,Sao Tome and Principe,2008,GOV_WGI_RQ.EST,-0.754242299999999
STP,Sao Tome and Principe,2007,GOV_WGI_RQ.EST,-0.7857692
STP,Sao Tome and Principe,2006,GOV_WGI_RQ.EST,-0.737201999999999
STP,Sao Tome and Principe,2005,GOV_WGI_RQ.EST,-0.7909816
SAU,Saudi Arabia,2024,GOV_WGI_RQ.EST,0.7102575
SAU,Saudi Arabia,2023,GOV_WGI_RQ.EST,0.6101083
SAU,Saudi Arabia,2022,GOV_WGI_RQ.EST,0.554186
SAU,Saudi Arabia,2021,GOV_WGI_RQ.EST,0.3876301
SAU,Saudi Arabia,2020,GOV_WGI_RQ.EST,0.1732095
SAU,Saudi Arabia,2019,GOV_WGI_RQ.EST,0.1793192
SAU,Saudi Arabia,2018,GOV_WGI_RQ.EST,0.0805221
SAU,Saudi Arabia,2017,GOV_WGI_RQ.EST,0.1004204
SAU,Saudi Arabia,2016,GOV_WGI_RQ.EST,0.1880057
SAU,Saudi Arabia,2015,GOV_WGI_RQ.EST,0.2373094
SAU,Saudi Arabia,2014,GOV_WGI_RQ.EST,0.1946553
SAU,Saudi Arabia,2013,GOV_WGI_RQ.EST,0.2721716
SAU,Saudi Arabia,2012,GOV_WGI_RQ.EST,0.2391932
SAU,Saudi Arabia,2011,GOV_WGI_RQ.EST,0.3943428
SAU,Saudi Arabia,2010,GOV_WGI_RQ.EST,0.3480315
SAU,Saudi Arabia,2009,GOV_WGI_RQ.EST,0.263414
SAU,Saudi Arabia,2008,GOV_WGI_RQ.EST,0.2717268
SAU,Saudi Arabia,2007,GOV_WGI_RQ.EST,0.0553877
SAU,Saudi Arabia,2006,GOV_WGI_RQ.EST,-0.0911401
SAU,Saudi Arabia,2005,GOV_WGI_RQ.EST,-0.0157996
SEN,Senegal,2024,GOV_WGI_RQ.EST,-0.241644499999999
SEN,Senegal,2023,GOV_WGI_RQ.EST,-0.2661232
SEN,Senegal,2022,GOV_WGI_RQ.EST,-0.251317299999999
SEN,Senegal,2021,GOV_WGI_RQ.EST,-0.2406738
SEN,Senegal,2020,GOV_WGI_RQ.EST,-0.2418203
SEN,Senegal,2019,GOV_WGI_RQ.EST,-0.2066424
SEN,Senegal,2018,GOV_WGI_RQ.EST,-0.2225558
SEN,Senegal,2017,GOV_WGI_RQ.EST,-0.187129699999999
SEN,Senegal,2016,GOV_WGI_RQ.EST,-0.1640727
SEN,Senegal,2015,GOV_WGI_RQ.EST,-0.1568485
SEN,Senegal,2014,GOV_WGI_RQ.EST,-0.2657641
SEN,Senegal,2013,GOV_WGI_RQ.EST,-0.2291162
SEN,Senegal,2012,GOV_WGI_RQ.EST,-0.246143
SEN,Senegal,2011,GOV_WGI_RQ.EST,-0.326021499999999
SEN,Senegal,2010,GOV_WGI_RQ.EST,-0.3780439
SEN,Senegal,2009,GOV_WGI_RQ.EST,-0.364481
SEN,Senegal,2008,GOV_WGI_RQ.EST,-0.3152857
SEN,Senegal,2007,GOV_WGI_RQ.EST,-0.4223972
SEN,Senegal,2006,GOV_WGI_RQ.EST,-0.4059009
SEN,Senegal,2005,GOV_WGI_RQ.EST,-0.3173221
SRB,Serbia,2024,GOV_WGI_RQ.EST,0.07835
SRB,Serbia,2023,GOV_WGI_RQ.EST,0.0850626999999999
SRB,Serbia,2022,GOV_WGI_RQ.EST,0.0892565999999999
SRB,Serbia,2021,GOV_WGI_RQ.EST,0.0556174
SRB,Serbia,2020,GOV_WGI_RQ.EST,0.0652905
SRB,Serbia,2019,GOV_WGI_RQ.EST,0.064278
SRB,Serbia,2018,GOV_WGI_RQ.EST,0.0896661
SRB,Serbia,2017,GOV_WGI_RQ.EST,0.0175701
SRB,Serbia,2016,GOV_WGI_RQ.EST,-0.0089099
SRB,Serbia,2015,GOV_WGI_RQ.EST,0.0774729
SRB,Serbia,2014,GOV_WGI_RQ.EST,0.0017785
SRB,Serbia,2013,GOV_WGI_RQ.EST,-0.248264699999999
SRB,Serbia,2012,GOV_WGI_RQ.EST,-0.276922499999999
SRB,Serbia,2011,GOV_WGI_RQ.EST,-0.2779936
SRB,Serbia,2010,GOV_WGI_RQ.EST,-0.2818969
SRB,Serbia,2009,GOV_WGI_RQ.EST,-0.3494237
SRB,Serbia,2008,GOV_WGI_RQ.EST,-0.4003176
SRB,Serbia,2007,GOV_WGI_RQ.EST,-0.420551299999999
SRB,Serbia,2006,GOV_WGI_RQ.EST,-0.5817702
SRB,Serbia,2005,GOV_WGI_RQ.EST,-0.717118199999999
SYC,Seychelles,2024,GOV_WGI_RQ.EST,0.3896741
SYC,Seychelles,2023,GOV_WGI_RQ.EST,0.4281497
SYC,Seychelles,2022,GOV_WGI_RQ.EST,0.3267766
SYC,Seychelles,2021,GOV_WGI_RQ.EST,0.2723347
SYC,Seychelles,2020,GOV_WGI_RQ.EST,0.2729044
SYC,Seychelles,2019,GOV_WGI_RQ.EST,0.2743209
SYC,Seychelles,2018,GOV_WGI_RQ.EST,0.2527705
SYC,Seychelles,2017,GOV_WGI_RQ.EST,0.1296569
SYC,Seychelles,2016,GOV_WGI_RQ.EST,0.2523062
SYC,Seychelles,2015,GOV_WGI_RQ.EST,0.2833423
SYC,Seychelles,2014,GOV_WGI_RQ.EST,-0.0884944
SYC,Seychelles,2013,GOV_WGI_RQ.EST,0.1191899
SYC,Seychelles,2012,GOV_WGI_RQ.EST,0.1804289
SYC,Seychelles,2011,GOV_WGI_RQ.EST,0.1472836
SYC,Seychelles,2010,GOV_WGI_RQ.EST,0.2164882
SYC,Seychelles,2009,GOV_WGI_RQ.EST,0.0987584
SYC,Seychelles,2008,GOV_WGI_RQ.EST,-0.1183679
SYC,Seychelles,2007,GOV_WGI_RQ.EST,-0.0292218
SYC,Seychelles,2006,GOV_WGI_RQ.EST,-0.1808495
SYC,Seychelles,2005,GOV_WGI_RQ.EST,-0.179375199999999
SLE,Sierra Leone,2024,GOV_WGI_RQ.EST,-1.0589263
SLE,Sierra Leone,2023,GOV_WGI_RQ.EST,-0.9992935
SLE,Sierra Leone,2022,GOV_WGI_RQ.EST,-1.00543499999999
SLE,Sierra Leone,2021,GOV_WGI_RQ.EST,-0.913476699999999
SLE,Sierra Leone,2020,GOV_WGI_RQ.EST,-0.9046862
SLE,Sierra Leone,2019,GOV_WGI_RQ.EST,-0.891239999999999
SLE,Sierra Leone,2018,GOV_WGI_RQ.EST,-0.9175513
SLE,Sierra Leone,2017,GOV_WGI_RQ.EST,-0.918733999999999
SLE,Sierra Leone,2016,GOV_WGI_RQ.EST,-0.9135743
SLE,Sierra Leone,2015,GOV_WGI_RQ.EST,-0.9245604
SLE,Sierra Leone,2014,GOV_WGI_RQ.EST,-0.889369699999999
SLE,Sierra Leone,2013,GOV_WGI_RQ.EST,-0.9327458
SLE,Sierra Leone,2012,GOV_WGI_RQ.EST,-0.947721599999999
SLE,Sierra Leone,2011,GOV_WGI_RQ.EST,-0.939481199999999
SLE,Sierra Leone,2010,GOV_WGI_RQ.EST,-0.9567519
SLE,Sierra Leone,2009,GOV_WGI_RQ.EST,-0.9901454
SLE,Sierra Leone,2008,GOV_WGI_RQ.EST,-1.1102816
SLE,Sierra Leone,2007,GOV_WGI_RQ.EST,-1.1248515
SLE,Sierra Leone,2006,GOV_WGI_RQ.EST,-1.1403425
SLE,Sierra Leone,2005,GOV_WGI_RQ.EST,-1.1531479
SGP,Singapore,2024,GOV_WGI_RQ.EST,2.1321197
SGP,Singapore,2023,GOV_WGI_RQ.EST,2.1295346
SGP,Singapore,2022,GOV_WGI_RQ.EST,2.049181
SGP,Singapore,2021,GOV_WGI_RQ.EST,2.1352444
SGP,Singapore,2020,GOV_WGI_RQ.EST,2.1222024
SGP,Singapore,2019,GOV_WGI_RQ.EST,2.1809946
SGP,Singapore,2018,GOV_WGI_RQ.EST,2.1367938
SGP,Singapore,2017,GOV_WGI_RQ.EST,2.1489543
SGP,Singapore,2016,GOV_WGI_RQ.EST,2.1984368
SGP,Singapore,2015,GOV_WGI_RQ.EST,2.2303413
SGP,Singapore,2014,GOV_WGI_RQ.EST,2.1611904
SGP,Singapore,2013,GOV_WGI_RQ.EST,2.0879315
SGP,Singapore,2012,GOV_WGI_RQ.EST,2.1253998
SGP,Singapore,2011,GOV_WGI_RQ.EST,1.9447456
SGP,Singapore,2010,GOV_WGI_RQ.EST,2.0047029
SGP,Singapore,2009,GOV_WGI_RQ.EST,1.9625852
SGP,Singapore,2008,GOV_WGI_RQ.EST,2.0882662
SGP,Singapore,2007,GOV_WGI_RQ.EST,2.0657181
SGP,Singapore,2006,GOV_WGI_RQ.EST,1.9733365
SGP,Singapore,2005,GOV_WGI_RQ.EST,1.9437505
SVK,Slovak Republic,2024,GOV_WGI_RQ.EST,0.4047054
SVK,Slovak Republic,2023,GOV_WGI_RQ.EST,0.5372918
SVK,Slovak Republic,2022,GOV_WGI_RQ.EST,0.7261799
SVK,Slovak Republic,2021,GOV_WGI_RQ.EST,0.7412158
SVK,Slovak Republic,2020,GOV_WGI_RQ.EST,0.6096002
SVK,Slovak Republic,2019,GOV_WGI_RQ.EST,0.7272442
SVK,Slovak Republic,2018,GOV_WGI_RQ.EST,0.6851503
SVK,Slovak Republic,2017,GOV_WGI_RQ.EST,0.7416212
SVK,Slovak Republic,2016,GOV_WGI_RQ.EST,0.8392119
SVK,Slovak Republic,2015,GOV_WGI_RQ.EST,0.7078663
SVK,Slovak Republic,2014,GOV_WGI_RQ.EST,0.7273531
SVK,Slovak Republic,2013,GOV_WGI_RQ.EST,0.8521623
SVK,Slovak Republic,2012,GOV_WGI_RQ.EST,0.9748175
SVK,Slovak Republic,2011,GOV_WGI_RQ.EST,0.968592
SVK,Slovak Republic,2010,GOV_WGI_RQ.EST,0.9984709
SVK,Slovak Republic,2009,GOV_WGI_RQ.EST,1.0313574
SVK,Slovak Republic,2008,GOV_WGI_RQ.EST,1.0827558
SVK,Slovak Republic,2007,GOV_WGI_RQ.EST,1.061458
SVK,Slovak Republic,2006,GOV_WGI_RQ.EST,1.1492357
SVK,Slovak Republic,2005,GOV_WGI_RQ.EST,1.2054326
SVN,Slovenia,2024,GOV_WGI_RQ.EST,0.798163
SVN,Slovenia,2023,GOV_WGI_RQ.EST,0.7953113
SVN,Slovenia,2022,GOV_WGI_RQ.EST,0.7372169
SVN,Slovenia,2021,GOV_WGI_RQ.EST,0.8294744
SVN,Slovenia,2020,GOV_WGI_RQ.EST,0.8216029
SVN,Slovenia,2019,GOV_WGI_RQ.EST,0.8847728
SVN,Slovenia,2018,GOV_WGI_RQ.EST,0.6514111
SVN,Slovenia,2017,GOV_WGI_RQ.EST,0.6069226
SVN,Slovenia,2016,GOV_WGI_RQ.EST,0.6430131
SVN,Slovenia,2015,GOV_WGI_RQ.EST,0.574156
SVN,Slovenia,2014,GOV_WGI_RQ.EST,0.5399771
SVN,Slovenia,2013,GOV_WGI_RQ.EST,0.6176146
SVN,Slovenia,2012,GOV_WGI_RQ.EST,0.6434133
SVN,Slovenia,2011,GOV_WGI_RQ.EST,0.7441693
SVN,Slovenia,2010,GOV_WGI_RQ.EST,0.8166176
SVN,Slovenia,2009,GOV_WGI_RQ.EST,0.9919833
SVN,Slovenia,2008,GOV_WGI_RQ.EST,0.9187388
SVN,Slovenia,2007,GOV_WGI_RQ.EST,0.9051826
SVN,Slovenia,2006,GOV_WGI_RQ.EST,0.8533908
SVN,Slovenia,2005,GOV_WGI_RQ.EST,0.7821715
SLB,Solomon Islands,2024,GOV_WGI_RQ.EST,-0.888466
SLB,Solomon Islands,2023,GOV_WGI_RQ.EST,-1.05944329999999
SLB,Solomon Islands,2022,GOV_WGI_RQ.EST,-1.059641
SLB,Solomon Islands,2021,GOV_WGI_RQ.EST,-1.057786
SLB,Solomon Islands,2020,GOV_WGI_RQ.EST,-0.9113021
SLB,Solomon Islands,2019,GOV_WGI_RQ.EST,-0.7506683
SLB,Solomon Islands,2018,GOV_WGI_RQ.EST,-0.911675599999999
SLB,Solomon Islands,2017,GOV_WGI_RQ.EST,-0.9120505
SLB,Solomon Islands,2016,GOV_WGI_RQ.EST,-0.9129622
SLB,Solomon Islands,2015,GOV_WGI_RQ.EST,-0.9138238
SLB,Solomon Islands,2014,GOV_WGI_RQ.EST,-0.9866655
SLB,Solomon Islands,2013,GOV_WGI_RQ.EST,-1.0482396
SLB,Solomon Islands,2012,GOV_WGI_RQ.EST,-1.0526396
SLB,Solomon Islands,2011,GOV_WGI_RQ.EST,-1.0565406
SLB,Solomon Islands,2010,GOV_WGI_RQ.EST,-1.19348039999999
SLB,Solomon Islands,2009,GOV_WGI_RQ.EST,-1.2631926
SLB,Solomon Islands,2008,GOV_WGI_RQ.EST,-1.2278383
SLB,Solomon Islands,2007,GOV_WGI_RQ.EST,-1.19136589999999
SLB,Solomon Islands,2006,GOV_WGI_RQ.EST,-1.24918929999999
SLB,Solomon Islands,2005,GOV_WGI_RQ.EST,-1.1680705
SOM,Somalia,2024,GOV_WGI_RQ.EST,-1.72760539999999
SOM,Somalia,2023,GOV_WGI_RQ.EST,-1.6997338
SOM,Somalia,2022,GOV_WGI_RQ.EST,-1.7887408
SOM,Somalia,2021,GOV_WGI_RQ.EST,-1.7880177
SOM,Somalia,2020,GOV_WGI_RQ.EST,-1.8686121
SOM,Somalia,2019,GOV_WGI_RQ.EST,-1.9736596
SOM,Somalia,2018,GOV_WGI_RQ.EST,-1.9778262
SOM,Somalia,2017,GOV_WGI_RQ.EST,-2.0883575
SOM,Somalia,2016,GOV_WGI_RQ.EST,-2.08945249999999
SOM,Somalia,2015,GOV_WGI_RQ.EST,-2.0369376
SOM,Somalia,2014,GOV_WGI_RQ.EST,-2.0809389
SOM,Somalia,2013,GOV_WGI_RQ.EST,-2.2176149
SOM,Somalia,2012,GOV_WGI_RQ.EST,-2.1097626
SOM,Somalia,2011,GOV_WGI_RQ.EST,-2.19839659999999
SOM,Somalia,2010,GOV_WGI_RQ.EST,-2.16569539999999
SOM,Somalia,2009,GOV_WGI_RQ.EST,-2.0563642
SOM,Somalia,2008,GOV_WGI_RQ.EST,-2.0962403
SOM,Somalia,2007,GOV_WGI_RQ.EST,-2.06313889999999
SOM,Somalia,2006,GOV_WGI_RQ.EST,-2.06434809999999
SOM,Somalia,2005,GOV_WGI_RQ.EST,-1.91830789999999
ZAF,South Africa,2024,GOV_WGI_RQ.EST,-0.0601163
ZAF,South Africa,2023,GOV_WGI_RQ.EST,-0.06209
ZAF,South Africa,2022,GOV_WGI_RQ.EST,-0.0622982
ZAF,South Africa,2021,GOV_WGI_RQ.EST,0.0177391
ZAF,South Africa,2020,GOV_WGI_RQ.EST,0.0899066999999999
ZAF,South Africa,2019,GOV_WGI_RQ.EST,0.1188
ZAF,South Africa,2018,GOV_WGI_RQ.EST,0.0685404999999999
ZAF,South Africa,2017,GOV_WGI_RQ.EST,0.2296787
ZAF,South Africa,2016,GOV_WGI_RQ.EST,0.2611304
ZAF,South Africa,2015,GOV_WGI_RQ.EST,0.2946623
ZAF,South Africa,2014,GOV_WGI_RQ.EST,0.401664
ZAF,South Africa,2013,GOV_WGI_RQ.EST,0.6247044
ZAF,South Africa,2012,GOV_WGI_RQ.EST,0.6421404
ZAF,South Africa,2011,GOV_WGI_RQ.EST,0.6548859
ZAF,South Africa,2010,GOV_WGI_RQ.EST,0.7034161
ZAF,South Africa,2009,GOV_WGI_RQ.EST,0.6774741
ZAF,South Africa,2008,GOV_WGI_RQ.EST,0.645614
ZAF,South Africa,2007,GOV_WGI_RQ.EST,0.6390174
ZAF,South Africa,2006,GOV_WGI_RQ.EST,0.7044307
ZAF,South Africa,2005,GOV_WGI_RQ.EST,0.6342862
SSD,South Sudan,2024,GOV_WGI_RQ.EST,-1.9295182
SSD,South Sudan,2023,GOV_WGI_RQ.EST,-2.0014186
SSD,South Sudan,2022,GOV_WGI_RQ.EST,-1.934717
SSD,South Sudan,2021,GOV_WGI_RQ.EST,-1.93385449999999
SSD,South Sudan,2020,GOV_WGI_RQ.EST,-1.9522498
SSD,South Sudan,2019,GOV_WGI_RQ.EST,-1.8807648
SSD,South Sudan,2018,GOV_WGI_RQ.EST,-1.8857358
SSD,South Sudan,2017,GOV_WGI_RQ.EST,-1.79473739999999
SSD,South Sudan,2016,GOV_WGI_RQ.EST,-1.75850469999999
SSD,South Sudan,2015,GOV_WGI_RQ.EST,-1.6736197
SSD,South Sudan,2014,GOV_WGI_RQ.EST,-1.66875929999999
SSD,South Sudan,2013,GOV_WGI_RQ.EST,-1.5704737
SSD,South Sudan,2012,GOV_WGI_RQ.EST,-1.4227969
SSD,South Sudan,2011,GOV_WGI_RQ.EST,-1.5768821
ESP,Spain,2024,GOV_WGI_RQ.EST,0.6208379
ESP,Spain,2023,GOV_WGI_RQ.EST,0.6947444
ESP,Spain,2022,GOV_WGI_RQ.EST,0.8379079
ESP,Spain,2021,GOV_WGI_RQ.EST,0.9211695
ESP,Spain,2020,GOV_WGI_RQ.EST,0.8370928
ESP,Spain,2019,GOV_WGI_RQ.EST,0.9446573
ESP,Spain,2018,GOV_WGI_RQ.EST,0.8836957
ESP,Spain,2017,GOV_WGI_RQ.EST,0.8867509
ESP,Spain,2016,GOV_WGI_RQ.EST,0.9625695
ESP,Spain,2015,GOV_WGI_RQ.EST,0.8044208
ESP,Spain,2014,GOV_WGI_RQ.EST,0.6968841
ESP,Spain,2013,GOV_WGI_RQ.EST,0.8741689
ESP,Spain,2012,GOV_WGI_RQ.EST,0.8728118
ESP,Spain,2011,GOV_WGI_RQ.EST,0.960889
ESP,Spain,2010,GOV_WGI_RQ.EST,1.1014722
ESP,Spain,2009,GOV_WGI_RQ.EST,1.1092913
ESP,Spain,2008,GOV_WGI_RQ.EST,1.2045792
ESP,Spain,2007,GOV_WGI_RQ.EST,1.243589
ESP,Spain,2006,GOV_WGI_RQ.EST,1.2180994
ESP,Spain,2005,GOV_WGI_RQ.EST,1.4363043
LKA,Sri Lanka,2024,GOV_WGI_RQ.EST,-0.299213499999999
LKA,Sri Lanka,2023,GOV_WGI_RQ.EST,-0.3799918
LKA,Sri Lanka,2022,GOV_WGI_RQ.EST,-0.456906
LKA,Sri Lanka,2021,GOV_WGI_RQ.EST,-0.1629445
LKA,Sri Lanka,2020,GOV_WGI_RQ.EST,-0.1122765
LKA,Sri Lanka,2019,GOV_WGI_RQ.EST,-0.186002
LKA,Sri Lanka,2018,GOV_WGI_RQ.EST,-0.1897983
LKA,Sri Lanka,2017,GOV_WGI_RQ.EST,-0.1170039
LKA,Sri Lanka,2016,GOV_WGI_RQ.EST,-0.0445476
LKA,Sri Lanka,2015,GOV_WGI_RQ.EST,0.0306457
LKA,Sri Lanka,2014,GOV_WGI_RQ.EST,-0.0063463
LKA,Sri Lanka,2013,GOV_WGI_RQ.EST,-0.0763977
LKA,Sri Lanka,2012,GOV_WGI_RQ.EST,0.00718909999999999
LKA,Sri Lanka,2011,GOV_WGI_RQ.EST,0.0210493
LKA,Sri Lanka,2010,GOV_WGI_RQ.EST,-0.0753803
LKA,Sri Lanka,2009,GOV_WGI_RQ.EST,-0.147503
LKA,Sri Lanka,2008,GOV_WGI_RQ.EST,-0.186027
LKA,Sri Lanka,2007,GOV_WGI_RQ.EST,-0.1170914
LKA,Sri Lanka,2006,GOV_WGI_RQ.EST,-0.180964699999999
LKA,Sri Lanka,2005,GOV_WGI_RQ.EST,-0.191553199999999
KNA,St. Kitts and Nevis,2024,GOV_WGI_RQ.EST,0.4799757
KNA,St. Kitts and Nevis,2023,GOV_WGI_RQ.EST,0.4958574
KNA,St. Kitts and Nevis,2022,GOV_WGI_RQ.EST,0.534217
KNA,St. Kitts and Nevis,2021,GOV_WGI_RQ.EST,0.489946
KNA,St. Kitts and Nevis,2020,GOV_WGI_RQ.EST,0.4753739
KNA,St. Kitts and Nevis,2019,GOV_WGI_RQ.EST,0.478026
KNA,St. Kitts and Nevis,2018,GOV_WGI_RQ.EST,0.4842925
KNA,St. Kitts and Nevis,2017,GOV_WGI_RQ.EST,0.488087
KNA,St. Kitts and Nevis,2016,GOV_WGI_RQ.EST,0.5598127
KNA,St. Kitts and Nevis,2015,GOV_WGI_RQ.EST,0.558492
KNA,St. Kitts and Nevis,2014,GOV_WGI_RQ.EST,0.1453016
KNA,St. Kitts and Nevis,2013,GOV_WGI_RQ.EST,1.2739495
KNA,St. Kitts and Nevis,2012,GOV_WGI_RQ.EST,1.2756878
KNA,St. Kitts and Nevis,2011,GOV_WGI_RQ.EST,1.2874157
KNA,St. Kitts and Nevis,2010,GOV_WGI_RQ.EST,1.2863424
KNA,St. Kitts and Nevis,2009,GOV_WGI_RQ.EST,0.996296
KNA,St. Kitts and Nevis,2008,GOV_WGI_RQ.EST,0.9991248
KNA,St. Kitts and Nevis,2007,GOV_WGI_RQ.EST,1.0012364
KNA,St. Kitts and Nevis,2006,GOV_WGI_RQ.EST,1.1247005
KNA,St. Kitts and Nevis,2005,GOV_WGI_RQ.EST,1.1274352
LCA,St. Lucia,2024,GOV_WGI_RQ.EST,0.1818488
LCA,St. Lucia,2023,GOV_WGI_RQ.EST,0.2145717
LCA,St. Lucia,2022,GOV_WGI_RQ.EST,0.2002621
LCA,St. Lucia,2021,GOV_WGI_RQ.EST,0.1996244
LCA,St. Lucia,2020,GOV_WGI_RQ.EST,0.284517
LCA,St. Lucia,2019,GOV_WGI_RQ.EST,0.3463362
LCA,St. Lucia,2018,GOV_WGI_RQ.EST,0.2940591
LCA,St. Lucia,2017,GOV_WGI_RQ.EST,0.2897439
LCA,St. Lucia,2016,GOV_WGI_RQ.EST,0.3217756
LCA,St. Lucia,2015,GOV_WGI_RQ.EST,0.3210997
LCA,St. Lucia,2014,GOV_WGI_RQ.EST,0.4244607
LCA,St. Lucia,2013,GOV_WGI_RQ.EST,0.5702182
LCA,St. Lucia,2012,GOV_WGI_RQ.EST,0.570824
LCA,St. Lucia,2011,GOV_WGI_RQ.EST,0.7189487
LCA,St. Lucia,2010,GOV_WGI_RQ.EST,0.6675281
LCA,St. Lucia,2009,GOV_WGI_RQ.EST,0.6105651
LCA,St. Lucia,2008,GOV_WGI_RQ.EST,0.4733172
LCA,St. Lucia,2007,GOV_WGI_RQ.EST,0.6564919
LCA,St. Lucia,2006,GOV_WGI_RQ.EST,0.6417202
LCA,St. Lucia,2005,GOV_WGI_RQ.EST,0.6432433
VCT,St. Vincent and the Grenadines,2024,GOV_WGI_RQ.EST,0.1062006
VCT,St. Vincent and the Grenadines,2023,GOV_WGI_RQ.EST,0.0957701
VCT,St. Vincent and the Grenadines,2022,GOV_WGI_RQ.EST,0.0866513999999999
VCT,St. Vincent and the Grenadines,2021,GOV_WGI_RQ.EST,0.141278
VCT,St. Vincent and the Grenadines,2020,GOV_WGI_RQ.EST,0.1719049
VCT,St. Vincent and the Grenadines,2019,GOV_WGI_RQ.EST,0.2337241
VCT,St. Vincent and the Grenadines,2018,GOV_WGI_RQ.EST,0.2393083
VCT,St. Vincent and the Grenadines,2017,GOV_WGI_RQ.EST,0.1936017
VCT,St. Vincent and the Grenadines,2016,GOV_WGI_RQ.EST,0.2551022
VCT,St. Vincent and the Grenadines,2015,GOV_WGI_RQ.EST,0.2175718
VCT,St. Vincent and the Grenadines,2014,GOV_WGI_RQ.EST,0.4360777
VCT,St. Vincent and the Grenadines,2013,GOV_WGI_RQ.EST,0.5534346
VCT,St. Vincent and the Grenadines,2012,GOV_WGI_RQ.EST,0.5541343
VCT,St. Vincent and the Grenadines,2011,GOV_WGI_RQ.EST,0.5588546
VCT,St. Vincent and the Grenadines,2010,GOV_WGI_RQ.EST,0.5584226
VCT,St. Vincent and the Grenadines,2009,GOV_WGI_RQ.EST,0.4713158
VCT,St. Vincent and the Grenadines,2008,GOV_WGI_RQ.EST,0.4064605
VCT,St. Vincent and the Grenadines,2007,GOV_WGI_RQ.EST,0.579344
VCT,St. Vincent and the Grenadines,2006,GOV_WGI_RQ.EST,0.4931566
VCT,St. Vincent and the Grenadines,2005,GOV_WGI_RQ.EST,0.5660953
SDN,Sudan,2024,GOV_WGI_RQ.EST,-1.6627093
SDN,Sudan,2023,GOV_WGI_RQ.EST,-1.6040918
SDN,Sudan,2022,GOV_WGI_RQ.EST,-1.5498089
SDN,Sudan,2021,GOV_WGI_RQ.EST,-1.48846139999999
SDN,Sudan,2020,GOV_WGI_RQ.EST,-1.50085769999999
SDN,Sudan,2019,GOV_WGI_RQ.EST,-1.5295444
SDN,Sudan,2018,GOV_WGI_RQ.EST,-1.50539159999999
SDN,Sudan,2017,GOV_WGI_RQ.EST,-1.4265577
SDN,Sudan,2016,GOV_WGI_RQ.EST,-1.4119321
SDN,Sudan,2015,GOV_WGI_RQ.EST,-1.4597243
SDN,Sudan,2014,GOV_WGI_RQ.EST,-1.431484
SDN,Sudan,2013,GOV_WGI_RQ.EST,-1.47720309999999
SDN,Sudan,2012,GOV_WGI_RQ.EST,-1.39933059999999
SDN,Sudan,2011,GOV_WGI_RQ.EST,-1.3131857
SDN,Sudan,2010,GOV_WGI_RQ.EST,-1.32794979999999
SDN,Sudan,2009,GOV_WGI_RQ.EST,-1.2320392
SDN,Sudan,2008,GOV_WGI_RQ.EST,-1.2923713
SDN,Sudan,2007,GOV_WGI_RQ.EST,-1.2108619
SDN,Sudan,2006,GOV_WGI_RQ.EST,-1.1506794
SDN,Sudan,2005,GOV_WGI_RQ.EST,-1.1657875
SUR,Suriname,2024,GOV_WGI_RQ.EST,-0.9187439
SUR,Suriname,2023,GOV_WGI_RQ.EST,-0.7306638
SUR,Suriname,2022,GOV_WGI_RQ.EST,-0.718359499999999
SUR,Suriname,2021,GOV_WGI_RQ.EST,-0.6285837
SUR,Suriname,2020,GOV_WGI_RQ.EST,-0.695630299999999
SUR,Suriname,2019,GOV_WGI_RQ.EST,-0.6022128
SUR,Suriname,2018,GOV_WGI_RQ.EST,-0.7248716
SUR,Suriname,2017,GOV_WGI_RQ.EST,-0.6673958
SUR,Suriname,2016,GOV_WGI_RQ.EST,-0.6416001
SUR,Suriname,2015,GOV_WGI_RQ.EST,-0.6175389
SUR,Suriname,2014,GOV_WGI_RQ.EST,-0.648578
SUR,Suriname,2013,GOV_WGI_RQ.EST,-0.3517802
SUR,Suriname,2012,GOV_WGI_RQ.EST,-0.386573499999999
SUR,Suriname,2011,GOV_WGI_RQ.EST,-0.4169159
SUR,Suriname,2010,GOV_WGI_RQ.EST,-0.470401399999999
SUR,Suriname,2009,GOV_WGI_RQ.EST,-0.4536055
SUR,Suriname,2008,GOV_WGI_RQ.EST,-0.464786
SUR,Suriname,2007,GOV_WGI_RQ.EST,-0.481864299999999
SUR,Suriname,2006,GOV_WGI_RQ.EST,-0.5428746
SUR,Suriname,2005,GOV_WGI_RQ.EST,-0.6536769
SWE,Sweden,2024,GOV_WGI_RQ.EST,1.6717941
SWE,Sweden,2023,GOV_WGI_RQ.EST,1.6722947
SWE,Sweden,2022,GOV_WGI_RQ.EST,1.6240804
SWE,Sweden,2021,GOV_WGI_RQ.EST,1.6807618
SWE,Sweden,2020,GOV_WGI_RQ.EST,1.715293
SWE,Sweden,2019,GOV_WGI_RQ.EST,1.7778065
SWE,Sweden,2018,GOV_WGI_RQ.EST,1.7593836
SWE,Sweden,2017,GOV_WGI_RQ.EST,1.7455157
SWE,Sweden,2016,GOV_WGI_RQ.EST,1.8059922
SWE,Sweden,2015,GOV_WGI_RQ.EST,1.7858201
SWE,Sweden,2014,GOV_WGI_RQ.EST,1.7257536
SWE,Sweden,2013,GOV_WGI_RQ.EST,1.9712278
SWE,Sweden,2012,GOV_WGI_RQ.EST,2.0214291
SWE,Sweden,2011,GOV_WGI_RQ.EST,2.0657526
SWE,Sweden,2010,GOV_WGI_RQ.EST,1.7481133
SWE,Sweden,2009,GOV_WGI_RQ.EST,1.760236
SWE,Sweden,2008,GOV_WGI_RQ.EST,1.7864323
SWE,Sweden,2007,GOV_WGI_RQ.EST,1.7696028
SWE,Sweden,2006,GOV_WGI_RQ.EST,1.6759915
SWE,Sweden,2005,GOV_WGI_RQ.EST,1.7023499
CHE,Switzerland,2024,GOV_WGI_RQ.EST,1.7710562
CHE,Switzerland,2023,GOV_WGI_RQ.EST,1.805449
CHE,Switzerland,2022,GOV_WGI_RQ.EST,1.7620014
CHE,Switzerland,2021,GOV_WGI_RQ.EST,1.7598954
CHE,Switzerland,2020,GOV_WGI_RQ.EST,1.6431817
CHE,Switzerland,2019,GOV_WGI_RQ.EST,1.767121
CHE,Switzerland,2018,GOV_WGI_RQ.EST,1.8048587
CHE,Switzerland,2017,GOV_WGI_RQ.EST,1.9074995
CHE,Switzerland,2016,GOV_WGI_RQ.EST,1.9192622
CHE,Switzerland,2015,GOV_WGI_RQ.EST,1.7962762
CHE,Switzerland,2014,GOV_WGI_RQ.EST,1.9141282
CHE,Switzerland,2013,GOV_WGI_RQ.EST,1.7970843
CHE,Switzerland,2012,GOV_WGI_RQ.EST,1.8492676
CHE,Switzerland,2011,GOV_WGI_RQ.EST,1.7457395
CHE,Switzerland,2010,GOV_WGI_RQ.EST,1.7404159
CHE,Switzerland,2009,GOV_WGI_RQ.EST,1.7374651
CHE,Switzerland,2008,GOV_WGI_RQ.EST,1.7778554
CHE,Switzerland,2007,GOV_WGI_RQ.EST,1.9041815
CHE,Switzerland,2006,GOV_WGI_RQ.EST,1.7904301
CHE,Switzerland,2005,GOV_WGI_RQ.EST,1.7444381
SYR,Syrian Arab Republic,2024,GOV_WGI_RQ.EST,-1.9974752
SYR,Syrian Arab Republic,2023,GOV_WGI_RQ.EST,-1.8919941
SYR,Syrian Arab Republic,2022,GOV_WGI_RQ.EST,-1.8921267
SYR,Syrian Arab Republic,2021,GOV_WGI_RQ.EST,-1.75501
SYR,Syrian Arab Republic,2020,GOV_WGI_RQ.EST,-1.6481019
SYR,Syrian Arab Republic,2019,GOV_WGI_RQ.EST,-1.5966464
SYR,Syrian Arab Republic,2018,GOV_WGI_RQ.EST,-1.547928
SYR,Syrian Arab Republic,2017,GOV_WGI_RQ.EST,-1.63923099999999
SYR,Syrian Arab Republic,2016,GOV_WGI_RQ.EST,-1.6361409
SYR,Syrian Arab Republic,2015,GOV_WGI_RQ.EST,-1.54984409999999
SYR,Syrian Arab Republic,2014,GOV_WGI_RQ.EST,-1.63694459999999
SYR,Syrian Arab Republic,2013,GOV_WGI_RQ.EST,-1.5261224
SYR,Syrian Arab Republic,2012,GOV_WGI_RQ.EST,-1.4240012
SYR,Syrian Arab Republic,2011,GOV_WGI_RQ.EST,-0.837656299999999
SYR,Syrian Arab Republic,2010,GOV_WGI_RQ.EST,-0.7452067
SYR,Syrian Arab Republic,2009,GOV_WGI_RQ.EST,-0.8409517
SYR,Syrian Arab Republic,2008,GOV_WGI_RQ.EST,-0.9100977
SYR,Syrian Arab Republic,2007,GOV_WGI_RQ.EST,-1.12380749999999
SYR,Syrian Arab Republic,2006,GOV_WGI_RQ.EST,-1.30723719999999
SYR,Syrian Arab Republic,2005,GOV_WGI_RQ.EST,-1.11618329999999
TJK,Tajikistan,2024,GOV_WGI_RQ.EST,-0.7588053
TJK,Tajikistan,2023,GOV_WGI_RQ.EST,-0.8421868
TJK,Tajikistan,2022,GOV_WGI_RQ.EST,-0.8422923
TJK,Tajikistan,2021,GOV_WGI_RQ.EST,-0.8413027
TJK,Tajikistan,2020,GOV_WGI_RQ.EST,-0.808196999999999
TJK,Tajikistan,2019,GOV_WGI_RQ.EST,-0.800882299999999
TJK,Tajikistan,2018,GOV_WGI_RQ.EST,-0.7695478
TJK,Tajikistan,2017,GOV_WGI_RQ.EST,-0.7906938
TJK,Tajikistan,2016,GOV_WGI_RQ.EST,-0.9547924
TJK,Tajikistan,2015,GOV_WGI_RQ.EST,-0.9220853
TJK,Tajikistan,2014,GOV_WGI_RQ.EST,-0.941091399999999
TJK,Tajikistan,2013,GOV_WGI_RQ.EST,-0.9620478
TJK,Tajikistan,2012,GOV_WGI_RQ.EST,-0.952059
TJK,Tajikistan,2011,GOV_WGI_RQ.EST,-0.993358299999999
TJK,Tajikistan,2010,GOV_WGI_RQ.EST,-0.9974173
TJK,Tajikistan,2009,GOV_WGI_RQ.EST,-1.0754814
TJK,Tajikistan,2008,GOV_WGI_RQ.EST,-1.0590911
TJK,Tajikistan,2007,GOV_WGI_RQ.EST,-1.04843439999999
TJK,Tajikistan,2006,GOV_WGI_RQ.EST,-1.0752426
TJK,Tajikistan,2005,GOV_WGI_RQ.EST,-0.973461599999999
TZA,Tanzania,2024,GOV_WGI_RQ.EST,-0.5353705
TZA,Tanzania,2023,GOV_WGI_RQ.EST,-0.5906321
TZA,Tanzania,2022,GOV_WGI_RQ.EST,-0.611127699999999
TZA,Tanzania,2021,GOV_WGI_RQ.EST,-0.675339199999999
TZA,Tanzania,2020,GOV_WGI_RQ.EST,-0.7243573
TZA,Tanzania,2019,GOV_WGI_RQ.EST,-0.6926103
TZA,Tanzania,2018,GOV_WGI_RQ.EST,-0.646506599999999
TZA,Tanzania,2017,GOV_WGI_RQ.EST,-0.5552419
TZA,Tanzania,2016,GOV_WGI_RQ.EST,-0.4133538
TZA,Tanzania,2015,GOV_WGI_RQ.EST,-0.434989099999999
TZA,Tanzania,2014,GOV_WGI_RQ.EST,-0.422747999999999
TZA,Tanzania,2013,GOV_WGI_RQ.EST,-0.435396599999999
TZA,Tanzania,2012,GOV_WGI_RQ.EST,-0.484885599999999
TZA,Tanzania,2011,GOV_WGI_RQ.EST,-0.4341536
TZA,Tanzania,2010,GOV_WGI_RQ.EST,-0.4198204
TZA,Tanzania,2009,GOV_WGI_RQ.EST,-0.419029899999999
TZA,Tanzania,2008,GOV_WGI_RQ.EST,-0.4547772
TZA,Tanzania,2007,GOV_WGI_RQ.EST,-0.3966297
TZA,Tanzania,2006,GOV_WGI_RQ.EST,-0.3995912
TZA,Tanzania,2005,GOV_WGI_RQ.EST,-0.4477914
THA,Thailand,2024,GOV_WGI_RQ.EST,0.106412
THA,Thailand,2023,GOV_WGI_RQ.EST,0.1189791
THA,Thailand,2022,GOV_WGI_RQ.EST,0.1135856
THA,Thailand,2021,GOV_WGI_RQ.EST,0.1032065
THA,Thailand,2020,GOV_WGI_RQ.EST,0.0858661
THA,Thailand,2019,GOV_WGI_RQ.EST,0.0906488
THA,Thailand,2018,GOV_WGI_RQ.EST,0.1451222
THA,Thailand,2017,GOV_WGI_RQ.EST,0.2103023
THA,Thailand,2016,GOV_WGI_RQ.EST,0.1702952
THA,Thailand,2015,GOV_WGI_RQ.EST,0.2068741
THA,Thailand,2014,GOV_WGI_RQ.EST,0.159735
THA,Thailand,2013,GOV_WGI_RQ.EST,0.1317821
THA,Thailand,2012,GOV_WGI_RQ.EST,0.0807324
THA,Thailand,2011,GOV_WGI_RQ.EST,0.1832602
THA,Thailand,2010,GOV_WGI_RQ.EST,0.1736167
THA,Thailand,2009,GOV_WGI_RQ.EST,0.2582863
THA,Thailand,2008,GOV_WGI_RQ.EST,0.1161174
THA,Thailand,2007,GOV_WGI_RQ.EST,0.1040205
THA,Thailand,2006,GOV_WGI_RQ.EST,0.2329061
THA,Thailand,2005,GOV_WGI_RQ.EST,0.3176707
TLS,Timor-Leste,2024,GOV_WGI_RQ.EST,-0.7342447
TLS,Timor-Leste,2023,GOV_WGI_RQ.EST,-0.806597399999999
TLS,Timor-Leste,2022,GOV_WGI_RQ.EST,-0.8181904
TLS,Timor-Leste,2021,GOV_WGI_RQ.EST,-0.86557
TLS,Timor-Leste,2020,GOV_WGI_RQ.EST,-0.8651416
TLS,Timor-Leste,2019,GOV_WGI_RQ.EST,-0.778942199999999
TLS,Timor-Leste,2018,GOV_WGI_RQ.EST,-0.9373986
TLS,Timor-Leste,2017,GOV_WGI_RQ.EST,-0.9406859
TLS,Timor-Leste,2016,GOV_WGI_RQ.EST,-0.947669099999999
TLS,Timor-Leste,2015,GOV_WGI_RQ.EST,-0.962148399999999
TLS,Timor-Leste,2014,GOV_WGI_RQ.EST,-0.912575599999999
TLS,Timor-Leste,2013,GOV_WGI_RQ.EST,-1.01528709999999
TLS,Timor-Leste,2012,GOV_WGI_RQ.EST,-1.0402101
TLS,Timor-Leste,2011,GOV_WGI_RQ.EST,-1.0106925
TLS,Timor-Leste,2010,GOV_WGI_RQ.EST,-1.05074999999999
TLS,Timor-Leste,2009,GOV_WGI_RQ.EST,-1.1156778
TLS,Timor-Leste,2008,GOV_WGI_RQ.EST,-1.25824009999999
TLS,Timor-Leste,2007,GOV_WGI_RQ.EST,-1.4267207
TLS,Timor-Leste,2006,GOV_WGI_RQ.EST,-1.379974
TLS,Timor-Leste,2005,GOV_WGI_RQ.EST,-1.09100169999999
TGO,Togo,2024,GOV_WGI_RQ.EST,-0.408113499999999
TGO,Togo,2023,GOV_WGI_RQ.EST,-0.4042671
TGO,Togo,2022,GOV_WGI_RQ.EST,-0.4208338
TGO,Togo,2021,GOV_WGI_RQ.EST,-0.4817275
TGO,Togo,2020,GOV_WGI_RQ.EST,-0.4899887
TGO,Togo,2019,GOV_WGI_RQ.EST,-0.6211637
TGO,Togo,2018,GOV_WGI_RQ.EST,-0.682690199999999
TGO,Togo,2017,GOV_WGI_RQ.EST,-0.7773372
TGO,Togo,2016,GOV_WGI_RQ.EST,-0.7851347
TGO,Togo,2015,GOV_WGI_RQ.EST,-0.8003889
TGO,Togo,2014,GOV_WGI_RQ.EST,-0.82983
TGO,Togo,2013,GOV_WGI_RQ.EST,-1.0187994
TGO,Togo,2012,GOV_WGI_RQ.EST,-0.8808248
TGO,Togo,2011,GOV_WGI_RQ.EST,-1.01272
TGO,Togo,2010,GOV_WGI_RQ.EST,-0.863848
TGO,Togo,2009,GOV_WGI_RQ.EST,-0.912534699999999
TGO,Togo,2008,GOV_WGI_RQ.EST,-0.9804423
TGO,Togo,2007,GOV_WGI_RQ.EST,-1.03394189999999
TGO,Togo,2006,GOV_WGI_RQ.EST,-0.958902799999999
TGO,Togo,2005,GOV_WGI_RQ.EST,-1.1648758
TON,Tonga,2024,GOV_WGI_RQ.EST,-0.1944853
TON,Tonga,2023,GOV_WGI_RQ.EST,-0.232441099999999
TON,Tonga,2022,GOV_WGI_RQ.EST,-0.2814238
TON,Tonga,2021,GOV_WGI_RQ.EST,-0.295677099999999
TON,Tonga,2020,GOV_WGI_RQ.EST,-0.3641377
TON,Tonga,2019,GOV_WGI_RQ.EST,-0.240202199999999
TON,Tonga,2018,GOV_WGI_RQ.EST,-0.2508922
TON,Tonga,2017,GOV_WGI_RQ.EST,-0.269227899999999
TON,Tonga,2016,GOV_WGI_RQ.EST,-0.2701397
TON,Tonga,2015,GOV_WGI_RQ.EST,-0.2710013
TON,Tonga,2014,GOV_WGI_RQ.EST,-0.28746
TON,Tonga,2013,GOV_WGI_RQ.EST,-0.4057956
TON,Tonga,2012,GOV_WGI_RQ.EST,-0.426303899999999
TON,Tonga,2011,GOV_WGI_RQ.EST,-0.4223996
TON,Tonga,2010,GOV_WGI_RQ.EST,-0.3384571
TON,Tonga,2009,GOV_WGI_RQ.EST,-0.4849553
TON,Tonga,2008,GOV_WGI_RQ.EST,-0.787210899999999
TON,Tonga,2007,GOV_WGI_RQ.EST,-0.7076133
TON,Tonga,2006,GOV_WGI_RQ.EST,-0.8467458
TON,Tonga,2005,GOV_WGI_RQ.EST,-0.8450519
TTO,Trinidad and Tobago,2024,GOV_WGI_RQ.EST,-0.206573899999999
TTO,Trinidad and Tobago,2023,GOV_WGI_RQ.EST,-0.165110999999999
TTO,Trinidad and Tobago,2022,GOV_WGI_RQ.EST,-0.0783239
TTO,Trinidad and Tobago,2021,GOV_WGI_RQ.EST,-0.0548088
TTO,Trinidad and Tobago,2020,GOV_WGI_RQ.EST,-0.1286426
TTO,Trinidad and Tobago,2019,GOV_WGI_RQ.EST,-0.106198199999999
TTO,Trinidad and Tobago,2018,GOV_WGI_RQ.EST,-0.0646447
TTO,Trinidad and Tobago,2017,GOV_WGI_RQ.EST,0.0118333
TTO,Trinidad and Tobago,2016,GOV_WGI_RQ.EST,0.0143627
TTO,Trinidad and Tobago,2015,GOV_WGI_RQ.EST,0.0459646
TTO,Trinidad and Tobago,2014,GOV_WGI_RQ.EST,0.1342879
TTO,Trinidad and Tobago,2013,GOV_WGI_RQ.EST,0.405446
TTO,Trinidad and Tobago,2012,GOV_WGI_RQ.EST,0.4267825
TTO,Trinidad and Tobago,2011,GOV_WGI_RQ.EST,0.5212438
TTO,Trinidad and Tobago,2010,GOV_WGI_RQ.EST,0.5390951
TTO,Trinidad and Tobago,2009,GOV_WGI_RQ.EST,0.528954
TTO,Trinidad and Tobago,2008,GOV_WGI_RQ.EST,0.5899607
TTO,Trinidad and Tobago,2007,GOV_WGI_RQ.EST,0.6166944
TTO,Trinidad and Tobago,2006,GOV_WGI_RQ.EST,0.5450022
TTO,Trinidad and Tobago,2005,GOV_WGI_RQ.EST,0.6578673
TUN,Tunisia,2024,GOV_WGI_RQ.EST,-0.3901173
TUN,Tunisia,2023,GOV_WGI_RQ.EST,-0.4344534
TUN,Tunisia,2022,GOV_WGI_RQ.EST,-0.3336702
TUN,Tunisia,2021,GOV_WGI_RQ.EST,-0.199470099999999
TUN,Tunisia,2020,GOV_WGI_RQ.EST,-0.1095893
TUN,Tunisia,2019,GOV_WGI_RQ.EST,-0.143639
TUN,Tunisia,2018,GOV_WGI_RQ.EST,-0.1170001
TUN,Tunisia,2017,GOV_WGI_RQ.EST,-0.120353499999999
TUN,Tunisia,2016,GOV_WGI_RQ.EST,-0.4256004
TUN,Tunisia,2015,GOV_WGI_RQ.EST,-0.376347899999999
TUN,Tunisia,2014,GOV_WGI_RQ.EST,-0.3534173
TUN,Tunisia,2013,GOV_WGI_RQ.EST,-0.231884899999999
TUN,Tunisia,2012,GOV_WGI_RQ.EST,-0.1699356
TUN,Tunisia,2011,GOV_WGI_RQ.EST,-0.2172419
TUN,Tunisia,2010,GOV_WGI_RQ.EST,0.0242836
TUN,Tunisia,2009,GOV_WGI_RQ.EST,0.2524283
TUN,Tunisia,2008,GOV_WGI_RQ.EST,0.271029
TUN,Tunisia,2007,GOV_WGI_RQ.EST,0.2365949
TUN,Tunisia,2006,GOV_WGI_RQ.EST,0.2702596
TUN,Tunisia,2005,GOV_WGI_RQ.EST,-0.1538909
TUR,Turkiye,2024,GOV_WGI_RQ.EST,-0.2112376
TUR,Turkiye,2023,GOV_WGI_RQ.EST,-0.2108777
TUR,Turkiye,2022,GOV_WGI_RQ.EST,-0.229146699999999
TUR,Turkiye,2021,GOV_WGI_RQ.EST,-0.123133799999999
TUR,Turkiye,2020,GOV_WGI_RQ.EST,-0.1651388
TUR,Turkiye,2019,GOV_WGI_RQ.EST,-0.0157501
TUR,Turkiye,2018,GOV_WGI_RQ.EST,0.0517731
TUR,Turkiye,2017,GOV_WGI_RQ.EST,0.1437151
TUR,Turkiye,2016,GOV_WGI_RQ.EST,0.1543103
TUR,Turkiye,2015,GOV_WGI_RQ.EST,0.2171826
TUR,Turkiye,2014,GOV_WGI_RQ.EST,0.368902
TUR,Turkiye,2013,GOV_WGI_RQ.EST,0.4789095
TUR,Turkiye,2012,GOV_WGI_RQ.EST,0.4714134
TUR,Turkiye,2011,GOV_WGI_RQ.EST,0.3816131
TUR,Turkiye,2010,GOV_WGI_RQ.EST,0.3744715
TUR,Turkiye,2009,GOV_WGI_RQ.EST,0.3810079
TUR,Turkiye,2008,GOV_WGI_RQ.EST,0.3175233
TUR,Turkiye,2007,GOV_WGI_RQ.EST,0.3245614
TUR,Turkiye,2006,GOV_WGI_RQ.EST,0.2843555
TUR,Turkiye,2005,GOV_WGI_RQ.EST,0.1284345
TKM,Turkmenistan,2024,GOV_WGI_RQ.EST,-1.6885626
TKM,Turkmenistan,2023,GOV_WGI_RQ.EST,-1.7125943
TKM,Turkmenistan,2022,GOV_WGI_RQ.EST,-1.7127572
TKM,Turkmenistan,2021,GOV_WGI_RQ.EST,-1.7112281
TKM,Turkmenistan,2020,GOV_WGI_RQ.EST,-1.7106544
TKM,Turkmenistan,2019,GOV_WGI_RQ.EST,-1.709228
TKM,Turkmenistan,2018,GOV_WGI_RQ.EST,-1.75874429999999
TKM,Turkmenistan,2017,GOV_WGI_RQ.EST,-1.788368
TKM,Turkmenistan,2016,GOV_WGI_RQ.EST,-1.7890027
TKM,Turkmenistan,2015,GOV_WGI_RQ.EST,-1.73471859999999
TKM,Turkmenistan,2014,GOV_WGI_RQ.EST,-1.7372842
TKM,Turkmenistan,2013,GOV_WGI_RQ.EST,-1.79964479999999
TKM,Turkmenistan,2012,GOV_WGI_RQ.EST,-1.7992419
TKM,Turkmenistan,2011,GOV_WGI_RQ.EST,-1.8503884
TKM,Turkmenistan,2010,GOV_WGI_RQ.EST,-1.80947409999999
TKM,Turkmenistan,2009,GOV_WGI_RQ.EST,-1.91090309999999
TKM,Turkmenistan,2008,GOV_WGI_RQ.EST,-1.88063229999999
TKM,Turkmenistan,2007,GOV_WGI_RQ.EST,-1.96156779999999
TKM,Turkmenistan,2006,GOV_WGI_RQ.EST,-2.08658539999999
TKM,Turkmenistan,2005,GOV_WGI_RQ.EST,-2.0857075
TUV,Tuvalu,2024,GOV_WGI_RQ.EST,-0.4022096
TUV,Tuvalu,2023,GOV_WGI_RQ.EST,-0.6665338
TUV,Tuvalu,2022,GOV_WGI_RQ.EST,-0.573895199999999
TUV,Tuvalu,2021,GOV_WGI_RQ.EST,-0.5930428
TUV,Tuvalu,2020,GOV_WGI_RQ.EST,-0.6850119
TUV,Tuvalu,2019,GOV_WGI_RQ.EST,-0.5897831
TUV,Tuvalu,2018,GOV_WGI_RQ.EST,-0.5911484
TUV,Tuvalu,2017,GOV_WGI_RQ.EST,-0.6975517
TUV,Tuvalu,2016,GOV_WGI_RQ.EST,-0.5928768
TUV,Tuvalu,2015,GOV_WGI_RQ.EST,-0.6156739
TUV,Tuvalu,2014,GOV_WGI_RQ.EST,-0.7135284
TUV,Tuvalu,2013,GOV_WGI_RQ.EST,-1.08244569999999
TUV,Tuvalu,2012,GOV_WGI_RQ.EST,-1.06002859999999
TUV,Tuvalu,2011,GOV_WGI_RQ.EST,-0.8735542
TUV,Tuvalu,2010,GOV_WGI_RQ.EST,-0.8745005
TUV,Tuvalu,2009,GOV_WGI_RQ.EST,-0.8319746
TUV,Tuvalu,2008,GOV_WGI_RQ.EST,-0.9564984
TUV,Tuvalu,2007,GOV_WGI_RQ.EST,-0.6407714
TUV,Tuvalu,2006,GOV_WGI_RQ.EST,-0.5612666
TUV,Tuvalu,2005,GOV_WGI_RQ.EST,-0.2447789
UGA,Uganda,2024,GOV_WGI_RQ.EST,-0.5242817
UGA,Uganda,2023,GOV_WGI_RQ.EST,-0.500208099999999
UGA,Uganda,2022,GOV_WGI_RQ.EST,-0.4763192
UGA,Uganda,2021,GOV_WGI_RQ.EST,-0.4789234
UGA,Uganda,2020,GOV_WGI_RQ.EST,-0.4951406
UGA,Uganda,2019,GOV_WGI_RQ.EST,-0.4755833
UGA,Uganda,2018,GOV_WGI_RQ.EST,-0.4010959
UGA,Uganda,2017,GOV_WGI_RQ.EST,-0.3744284
UGA,Uganda,2016,GOV_WGI_RQ.EST,-0.394003899999999
UGA,Uganda,2015,GOV_WGI_RQ.EST,-0.3835765
UGA,Uganda,2014,GOV_WGI_RQ.EST,-0.407845399999999
UGA,Uganda,2013,GOV_WGI_RQ.EST,-0.438637599999999
UGA,Uganda,2012,GOV_WGI_RQ.EST,-0.424255799999999
UGA,Uganda,2011,GOV_WGI_RQ.EST,-0.3369277
UGA,Uganda,2010,GOV_WGI_RQ.EST,-0.289138699999999
UGA,Uganda,2009,GOV_WGI_RQ.EST,-0.3237885
UGA,Uganda,2008,GOV_WGI_RQ.EST,-0.2909392
UGA,Uganda,2007,GOV_WGI_RQ.EST,-0.3227141
UGA,Uganda,2006,GOV_WGI_RQ.EST,-0.3562052
UGA,Uganda,2005,GOV_WGI_RQ.EST,-0.1906927
UKR,Ukraine,2024,GOV_WGI_RQ.EST,-0.300852399999999
UKR,Ukraine,2023,GOV_WGI_RQ.EST,-0.3782819
UKR,Ukraine,2022,GOV_WGI_RQ.EST,-0.412279199999999
UKR,Ukraine,2021,GOV_WGI_RQ.EST,-0.3585413
UKR,Ukraine,2020,GOV_WGI_RQ.EST,-0.349632599999999
UKR,Ukraine,2019,GOV_WGI_RQ.EST,-0.2900464
UKR,Ukraine,2018,GOV_WGI_RQ.EST,-0.3505756
UKR,Ukraine,2017,GOV_WGI_RQ.EST,-0.368446699999999
UKR,Ukraine,2016,GOV_WGI_RQ.EST,-0.522695
UKR,Ukraine,2015,GOV_WGI_RQ.EST,-0.6169589
UKR,Ukraine,2014,GOV_WGI_RQ.EST,-0.622940199999999
UKR,Ukraine,2013,GOV_WGI_RQ.EST,-0.6663049
UKR,Ukraine,2012,GOV_WGI_RQ.EST,-0.691518299999999
UKR,Ukraine,2011,GOV_WGI_RQ.EST,-0.7940784
UKR,Ukraine,2010,GOV_WGI_RQ.EST,-0.5820073
UKR,Ukraine,2009,GOV_WGI_RQ.EST,-0.6679509
UKR,Ukraine,2008,GOV_WGI_RQ.EST,-0.5991555
UKR,Ukraine,2007,GOV_WGI_RQ.EST,-0.3296088
UKR,Ukraine,2006,GOV_WGI_RQ.EST,-0.3384871
UKR,Ukraine,2005,GOV_WGI_RQ.EST,-0.423319499999999
ARE,United Arab Emirates,2024,GOV_WGI_RQ.EST,1.1257177
ARE,United Arab Emirates,2023,GOV_WGI_RQ.EST,1.105352
ARE,United Arab Emirates,2022,GOV_WGI_RQ.EST,1.0576162
ARE,United Arab Emirates,2021,GOV_WGI_RQ.EST,1.0613347
ARE,United Arab Emirates,2020,GOV_WGI_RQ.EST,1.0663206
ARE,United Arab Emirates,2019,GOV_WGI_RQ.EST,1.1457173
ARE,United Arab Emirates,2018,GOV_WGI_RQ.EST,1.079234
ARE,United Arab Emirates,2017,GOV_WGI_RQ.EST,1.1113817
ARE,United Arab Emirates,2016,GOV_WGI_RQ.EST,1.0781755
ARE,United Arab Emirates,2015,GOV_WGI_RQ.EST,1.1787876
ARE,United Arab Emirates,2014,GOV_WGI_RQ.EST,1.0740464
ARE,United Arab Emirates,2013,GOV_WGI_RQ.EST,0.9903687
ARE,United Arab Emirates,2012,GOV_WGI_RQ.EST,0.8455589
ARE,United Arab Emirates,2011,GOV_WGI_RQ.EST,0.8903942
ARE,United Arab Emirates,2010,GOV_WGI_RQ.EST,0.740264
ARE,United Arab Emirates,2009,GOV_WGI_RQ.EST,0.8210812
ARE,United Arab Emirates,2008,GOV_WGI_RQ.EST,0.8400373
ARE,United Arab Emirates,2007,GOV_WGI_RQ.EST,0.7403079
ARE,United Arab Emirates,2006,GOV_WGI_RQ.EST,0.7108516
ARE,United Arab Emirates,2005,GOV_WGI_RQ.EST,0.5730068
GBR,United Kingdom,2024,GOV_WGI_RQ.EST,1.5112377
GBR,United Kingdom,2023,GOV_WGI_RQ.EST,1.5889865
GBR,United Kingdom,2022,GOV_WGI_RQ.EST,1.6491931
GBR,United Kingdom,2021,GOV_WGI_RQ.EST,1.600758
GBR,United Kingdom,2020,GOV_WGI_RQ.EST,1.6013639
GBR,United Kingdom,2019,GOV_WGI_RQ.EST,1.7134917
GBR,United Kingdom,2018,GOV_WGI_RQ.EST,1.6748823
GBR,United Kingdom,2017,GOV_WGI_RQ.EST,1.6694233
GBR,United Kingdom,2016,GOV_WGI_RQ.EST,1.6810285
GBR,United Kingdom,2015,GOV_WGI_RQ.EST,1.8137278
GBR,United Kingdom,2014,GOV_WGI_RQ.EST,1.7334142
GBR,United Kingdom,2013,GOV_WGI_RQ.EST,1.7276964
GBR,United Kingdom,2012,GOV_WGI_RQ.EST,1.6452124
GBR,United Kingdom,2011,GOV_WGI_RQ.EST,1.5667449
GBR,United Kingdom,2010,GOV_WGI_RQ.EST,1.5460857
GBR,United Kingdom,2009,GOV_WGI_RQ.EST,1.5391758
GBR,United Kingdom,2008,GOV_WGI_RQ.EST,1.7274858
GBR,United Kingdom,2007,GOV_WGI_RQ.EST,1.892217
GBR,United Kingdom,2006,GOV_WGI_RQ.EST,2.0036658
GBR,United Kingdom,2005,GOV_WGI_RQ.EST,1.8447986
USA,United States,2024,GOV_WGI_RQ.EST,1.3524886
USA,United States,2023,GOV_WGI_RQ.EST,1.4306863
USA,United States,2022,GOV_WGI_RQ.EST,1.4588295
USA,United States,2021,GOV_WGI_RQ.EST,1.4642419
USA,United States,2020,GOV_WGI_RQ.EST,1.2778639
USA,United States,2019,GOV_WGI_RQ.EST,1.3675576
USA,United States,2018,GOV_WGI_RQ.EST,1.484217
USA,United States,2017,GOV_WGI_RQ.EST,1.509025
USA,United States,2016,GOV_WGI_RQ.EST,1.4076516
USA,United States,2015,GOV_WGI_RQ.EST,1.2919442
USA,United States,2014,GOV_WGI_RQ.EST,1.2856555
USA,United States,2013,GOV_WGI_RQ.EST,1.3908667
USA,United States,2012,GOV_WGI_RQ.EST,1.4422743
USA,United States,2011,GOV_WGI_RQ.EST,1.3974735
USA,United States,2010,GOV_WGI_RQ.EST,1.3517357
USA,United States,2009,GOV_WGI_RQ.EST,1.3091242
USA,United States,2008,GOV_WGI_RQ.EST,1.5266593
USA,United States,2007,GOV_WGI_RQ.EST,1.5170645
USA,United States,2006,GOV_WGI_RQ.EST,1.673324
USA,United States,2005,GOV_WGI_RQ.EST,1.7387257
URY,Uruguay,2024,GOV_WGI_RQ.EST,0.6468484
URY,Uruguay,2023,GOV_WGI_RQ.EST,0.737625
URY,Uruguay,2022,GOV_WGI_RQ.EST,0.7251419
URY,Uruguay,2021,GOV_WGI_RQ.EST,0.7331802
URY,Uruguay,2020,GOV_WGI_RQ.EST,0.6994509
URY,Uruguay,2019,GOV_WGI_RQ.EST,0.6290701
URY,Uruguay,2018,GOV_WGI_RQ.EST,0.5998986
URY,Uruguay,2017,GOV_WGI_RQ.EST,0.697186
URY,Uruguay,2016,GOV_WGI_RQ.EST,0.7356692
URY,Uruguay,2015,GOV_WGI_RQ.EST,0.6538176
URY,Uruguay,2014,GOV_WGI_RQ.EST,0.7213547
URY,Uruguay,2013,GOV_WGI_RQ.EST,0.7567232
URY,Uruguay,2012,GOV_WGI_RQ.EST,0.673071
URY,Uruguay,2011,GOV_WGI_RQ.EST,0.5344837
URY,Uruguay,2010,GOV_WGI_RQ.EST,0.5530161
URY,Uruguay,2009,GOV_WGI_RQ.EST,0.3817669
URY,Uruguay,2008,GOV_WGI_RQ.EST,0.4574726
URY,Uruguay,2007,GOV_WGI_RQ.EST,0.3975365
URY,Uruguay,2006,GOV_WGI_RQ.EST,0.3849319
URY,Uruguay,2005,GOV_WGI_RQ.EST,0.3255794
UZB,Uzbekistan,2024,GOV_WGI_RQ.EST,-0.526744299999999
UZB,Uzbekistan,2023,GOV_WGI_RQ.EST,-0.6716791
UZB,Uzbekistan,2022,GOV_WGI_RQ.EST,-0.648251799999999
UZB,Uzbekistan,2021,GOV_WGI_RQ.EST,-0.6939061
UZB,Uzbekistan,2020,GOV_WGI_RQ.EST,-1.0224974
UZB,Uzbekistan,2019,GOV_WGI_RQ.EST,-0.9215511
UZB,Uzbekistan,2018,GOV_WGI_RQ.EST,-1.1476921
UZB,Uzbekistan,2017,GOV_WGI_RQ.EST,-1.2927183
UZB,Uzbekistan,2016,GOV_WGI_RQ.EST,-1.4002382
UZB,Uzbekistan,2015,GOV_WGI_RQ.EST,-1.4349451
UZB,Uzbekistan,2014,GOV_WGI_RQ.EST,-1.46679539999999
UZB,Uzbekistan,2013,GOV_WGI_RQ.EST,-1.4471998
UZB,Uzbekistan,2012,GOV_WGI_RQ.EST,-1.4475479
UZB,Uzbekistan,2011,GOV_WGI_RQ.EST,-1.58081579999999
UZB,Uzbekistan,2010,GOV_WGI_RQ.EST,-1.5049808
UZB,Uzbekistan,2009,GOV_WGI_RQ.EST,-1.4821917
UZB,Uzbekistan,2008,GOV_WGI_RQ.EST,-1.4130371
UZB,Uzbekistan,2007,GOV_WGI_RQ.EST,-1.4473985
UZB,Uzbekistan,2006,GOV_WGI_RQ.EST,-1.5906725
UZB,Uzbekistan,2005,GOV_WGI_RQ.EST,-1.61280659999999
VUT,Vanuatu,2024,GOV_WGI_RQ.EST,-0.324751499999999
VUT,Vanuatu,2023,GOV_WGI_RQ.EST,-0.410014799999999
VUT,Vanuatu,2022,GOV_WGI_RQ.EST,-0.4178727
VUT,Vanuatu,2021,GOV_WGI_RQ.EST,-0.4321259
VUT,Vanuatu,2020,GOV_WGI_RQ.EST,-0.421942999999999
VUT,Vanuatu,2019,GOV_WGI_RQ.EST,-0.3671642
VUT,Vanuatu,2018,GOV_WGI_RQ.EST,-0.447011
VUT,Vanuatu,2017,GOV_WGI_RQ.EST,-0.3451962
VUT,Vanuatu,2016,GOV_WGI_RQ.EST,-0.346107899999999
VUT,Vanuatu,2015,GOV_WGI_RQ.EST,-0.2892261
VUT,Vanuatu,2014,GOV_WGI_RQ.EST,-0.2618719
VUT,Vanuatu,2013,GOV_WGI_RQ.EST,-0.3918952
VUT,Vanuatu,2012,GOV_WGI_RQ.EST,-0.5548316
VUT,Vanuatu,2011,GOV_WGI_RQ.EST,-0.5318767
VUT,Vanuatu,2010,GOV_WGI_RQ.EST,-0.611611
VUT,Vanuatu,2009,GOV_WGI_RQ.EST,-0.580719
VUT,Vanuatu,2008,GOV_WGI_RQ.EST,-0.6286493
VUT,Vanuatu,2007,GOV_WGI_RQ.EST,-0.464019399999999
VUT,Vanuatu,2006,GOV_WGI_RQ.EST,-0.4588083
VUT,Vanuatu,2005,GOV_WGI_RQ.EST,-0.3642103
VEN,"Venezuela, RB",2024,GOV_WGI_RQ.EST,-1.9030732
VEN,"Venezuela, RB",2023,GOV_WGI_RQ.EST,-1.88791999999999
VEN,"Venezuela, RB",2022,GOV_WGI_RQ.EST,-1.92474099999999
VEN,"Venezuela, RB",2021,GOV_WGI_RQ.EST,-2.0857455
VEN,"Venezuela, RB",2020,GOV_WGI_RQ.EST,-2.1686654
VEN,"Venezuela, RB",2019,GOV_WGI_RQ.EST,-2.1726804
VEN,"Venezuela, RB",2018,GOV_WGI_RQ.EST,-2.1462308
VEN,"Venezuela, RB",2017,GOV_WGI_RQ.EST,-1.83044379999999
VEN,"Venezuela, RB",2016,GOV_WGI_RQ.EST,-1.7645909
VEN,"Venezuela, RB",2015,GOV_WGI_RQ.EST,-1.699118
VEN,"Venezuela, RB",2014,GOV_WGI_RQ.EST,-1.7057535
VEN,"Venezuela, RB",2013,GOV_WGI_RQ.EST,-1.5140943
VEN,"Venezuela, RB",2012,GOV_WGI_RQ.EST,-1.4702376
VEN,"Venezuela, RB",2011,GOV_WGI_RQ.EST,-1.34751019999999
VEN,"Venezuela, RB",2010,GOV_WGI_RQ.EST,-1.54685569999999
VEN,"Venezuela, RB",2009,GOV_WGI_RQ.EST,-1.4445751
VEN,"Venezuela, RB",2008,GOV_WGI_RQ.EST,-1.4656249
VEN,"Venezuela, RB",2007,GOV_WGI_RQ.EST,-1.4169013
VEN,"Venezuela, RB",2006,GOV_WGI_RQ.EST,-1.2117558
VEN,"Venezuela, RB",2005,GOV_WGI_RQ.EST,-1.102026
VNM,Viet Nam,2024,GOV_WGI_RQ.EST,-0.2668063
VNM,Viet Nam,2023,GOV_WGI_RQ.EST,-0.2794316
VNM,Viet Nam,2022,GOV_WGI_RQ.EST,-0.347202499999999
VNM,Viet Nam,2021,GOV_WGI_RQ.EST,-0.3447202
VNM,Viet Nam,2020,GOV_WGI_RQ.EST,-0.235853099999999
VNM,Viet Nam,2019,GOV_WGI_RQ.EST,-0.278044299999999
VNM,Viet Nam,2018,GOV_WGI_RQ.EST,-0.2920712
VNM,Viet Nam,2017,GOV_WGI_RQ.EST,-0.2736109
VNM,Viet Nam,2016,GOV_WGI_RQ.EST,-0.3117465
VNM,Viet Nam,2015,GOV_WGI_RQ.EST,-0.328967399999999
VNM,Viet Nam,2014,GOV_WGI_RQ.EST,-0.4870771
VNM,Viet Nam,2013,GOV_WGI_RQ.EST,-0.600268599999999
VNM,Viet Nam,2012,GOV_WGI_RQ.EST,-0.633676999999999
VNM,Viet Nam,2011,GOV_WGI_RQ.EST,-0.4919809
VNM,Viet Nam,2010,GOV_WGI_RQ.EST,-0.542973399999999
VNM,Viet Nam,2009,GOV_WGI_RQ.EST,-0.493849
VNM,Viet Nam,2008,GOV_WGI_RQ.EST,-0.4332135
VNM,Viet Nam,2007,GOV_WGI_RQ.EST,-0.4322833
VNM,Viet Nam,2006,GOV_WGI_RQ.EST,-0.4928586
VNM,Viet Nam,2005,GOV_WGI_RQ.EST,-0.5216355
,Virgin Islands (U.S.),2024,GOV_WGI_RQ.EST,1.1021324
,Virgin Islands (U.S.),2023,GOV_WGI_RQ.EST,1.100788
,Virgin Islands (U.S.),2022,GOV_WGI_RQ.EST,1.1001942
,Virgin Islands (U.S.),2021,GOV_WGI_RQ.EST,1.1057664
,Virgin Islands (U.S.),2020,GOV_WGI_RQ.EST,1.1078572
,Virgin Islands (U.S.),2019,GOV_WGI_RQ.EST,1.1130552
,Virgin Islands (U.S.),2018,GOV_WGI_RQ.EST,0.8732079
,Virgin Islands (U.S.),2017,GOV_WGI_RQ.EST,0.8720819
,Virgin Islands (U.S.),2016,GOV_WGI_RQ.EST,0.8693433
,Virgin Islands (U.S.),2015,GOV_WGI_RQ.EST,0.6299601
,Virgin Islands (U.S.),2014,GOV_WGI_RQ.EST,0.6188909
,Virgin Islands (U.S.),2013,GOV_WGI_RQ.EST,0.9187576
,Virgin Islands (U.S.),2012,GOV_WGI_RQ.EST,0.9204959
,Virgin Islands (U.S.),2011,GOV_WGI_RQ.EST,0.9322238
,Virgin Islands (U.S.),2010,GOV_WGI_RQ.EST,0.9311505
,Virgin Islands (U.S.),2009,GOV_WGI_RQ.EST,0.9309992
,Virgin Islands (U.S.),2008,GOV_WGI_RQ.EST,0.9349171
,Virgin Islands (U.S.),2007,GOV_WGI_RQ.EST,0.9378417
,Virgin Islands (U.S.),2006,GOV_WGI_RQ.EST,0.9312473
,Virgin Islands (U.S.),2005,GOV_WGI_RQ.EST,1.2902267
YEM,"Yemen, Rep.",2024,GOV_WGI_RQ.EST,-1.5841279
YEM,"Yemen, Rep.",2023,GOV_WGI_RQ.EST,-1.54049179999999
YEM,"Yemen, Rep.",2022,GOV_WGI_RQ.EST,-1.5789729
YEM,"Yemen, Rep.",2021,GOV_WGI_RQ.EST,-1.6070255
YEM,"Yemen, Rep.",2020,GOV_WGI_RQ.EST,-1.6085384
YEM,"Yemen, Rep.",2019,GOV_WGI_RQ.EST,-1.5549794
YEM,"Yemen, Rep.",2018,GOV_WGI_RQ.EST,-1.4878274
YEM,"Yemen, Rep.",2017,GOV_WGI_RQ.EST,-1.28945319999999
YEM,"Yemen, Rep.",2016,GOV_WGI_RQ.EST,-1.3065688
YEM,"Yemen, Rep.",2015,GOV_WGI_RQ.EST,-1.1367041
YEM,"Yemen, Rep.",2014,GOV_WGI_RQ.EST,-0.949510699999999
YEM,"Yemen, Rep.",2013,GOV_WGI_RQ.EST,-0.8665183
YEM,"Yemen, Rep.",2012,GOV_WGI_RQ.EST,-0.837000099999999
YEM,"Yemen, Rep.",2011,GOV_WGI_RQ.EST,-0.698998
YEM,"Yemen, Rep.",2010,GOV_WGI_RQ.EST,-0.4133849
YEM,"Yemen, Rep.",2009,GOV_WGI_RQ.EST,-0.4588199
YEM,"Yemen, Rep.",2008,GOV_WGI_RQ.EST,-0.495348499999999
YEM,"Yemen, Rep.",2007,GOV_WGI_RQ.EST,-0.532367199999999
YEM,"Yemen, Rep.",2006,GOV_WGI_RQ.EST,-0.5518717
YEM,"Yemen, Rep.",2005,GOV_WGI_RQ.EST,-0.7156292
ZMB,Zambia,2024,GOV_WGI_RQ.EST,-0.420661199999999
ZMB,Zambia,2023,GOV_WGI_RQ.EST,-0.465492099999999
ZMB,Zambia,2022,GOV_WGI_RQ.EST,-0.45732
ZMB,Zambia,2021,GOV_WGI_RQ.EST,-0.5122202
ZMB,Zambia,2020,GOV_WGI_RQ.EST,-0.6127925
ZMB,Zambia,2019,GOV_WGI_RQ.EST,-0.5087837
ZMB,Zambia,2018,GOV_WGI_RQ.EST,-0.437350199999999
ZMB,Zambia,2017,GOV_WGI_RQ.EST,-0.4527959
ZMB,Zambia,2016,GOV_WGI_RQ.EST,-0.4540807
ZMB,Zambia,2015,GOV_WGI_RQ.EST,-0.3822742
ZMB,Zambia,2014,GOV_WGI_RQ.EST,-0.441859499999999
ZMB,Zambia,2013,GOV_WGI_RQ.EST,-0.5262063
ZMB,Zambia,2012,GOV_WGI_RQ.EST,-0.5087396
ZMB,Zambia,2011,GOV_WGI_RQ.EST,-0.491463899999999
ZMB,Zambia,2010,GOV_WGI_RQ.EST,-0.507259
ZMB,Zambia,2009,GOV_WGI_RQ.EST,-0.4296641
ZMB,Zambia,2008,GOV_WGI_RQ.EST,-0.434088
ZMB,Zambia,2007,GOV_WGI_RQ.EST,-0.502935599999999
ZMB,Zambia,2006,GOV_WGI_RQ.EST,-0.6561883
ZMB,Zambia,2005,GOV_WGI_RQ.EST,-0.602853099999999
ZWE,Zimbabwe,2024,GOV_WGI_RQ.EST,-1.1780738
ZWE,Zimbabwe,2023,GOV_WGI_RQ.EST,-1.2277201
ZWE,Zimbabwe,2022,GOV_WGI_RQ.EST,-1.3307719
ZWE,Zimbabwe,2021,GOV_WGI_RQ.EST,-1.32535009999999
ZWE,Zimbabwe,2020,GOV_WGI_RQ.EST,-1.3302143
ZWE,Zimbabwe,2019,GOV_WGI_RQ.EST,-1.3000713
ZWE,Zimbabwe,2018,GOV_WGI_RQ.EST,-1.3672585
ZWE,Zimbabwe,2017,GOV_WGI_RQ.EST,-1.3925184
ZWE,Zimbabwe,2016,GOV_WGI_RQ.EST,-1.4728001
ZWE,Zimbabwe,2015,GOV_WGI_RQ.EST,-1.4073894
ZWE,Zimbabwe,2014,GOV_WGI_RQ.EST,-1.7076045
ZWE,Zimbabwe,2013,GOV_WGI_RQ.EST,-1.6869983
ZWE,Zimbabwe,2012,GOV_WGI_RQ.EST,-1.6789486
ZWE,Zimbabwe,2011,GOV_WGI_RQ.EST,-1.71958569999999
ZWE,Zimbabwe,2010,GOV_WGI_RQ.EST,-1.766916
ZWE,Zimbabwe,2009,GOV_WGI_RQ.EST,-1.86598439999999
ZWE,Zimbabwe,2008,GOV_WGI_RQ.EST,-1.973331
ZWE,Zimbabwe,2007,GOV_WGI_RQ.EST,-1.9323331
ZWE,Zimbabwe,2006,GOV_WGI_RQ.EST,-1.90293269999999
ZWE,Zimbabwe,2005,GOV_WGI_RQ.EST,-1.98041309999999
