country_code,country_name,year,indicator_code,value
AFG,Afghanistan,2024,GOV_WGI_PV.EST,-2.2052112
AFG,Afghanistan,2023,GOV_WGI_PV.EST,-2.3922828
AFG,Afghanistan,2022,GOV_WGI_PV.EST,-2.4492487
AFG,Afghanistan,2021,GOV_WGI_PV.EST,-2.4506389
AFG,Afghanistan,2020,GOV_WGI_PV.EST,-2.5896897
AFG,Afghanistan,2019,GOV_WGI_PV.EST,-2.5893714
AFG,Afghanistan,2018,GOV_WGI_PV.EST,-2.5824048
AFG,Afghanistan,2017,GOV_WGI_PV.EST,-2.61393089999999
AFG,Afghanistan,2016,GOV_WGI_PV.EST,-2.4834928
AFG,Afghanistan,2015,GOV_WGI_PV.EST,-2.48125299999999
AFG,Afghanistan,2014,GOV_WGI_PV.EST,-2.3186705
AFG,Afghanistan,2013,GOV_WGI_PV.EST,-2.699732
AFG,Afghanistan,2012,GOV_WGI_PV.EST,-2.5040196
AFG,Afghanistan,2011,GOV_WGI_PV.EST,-2.5512555
AFG,Afghanistan,2010,GOV_WGI_PV.EST,-2.53097419999999
AFG,Afghanistan,2009,GOV_WGI_PV.EST,-2.4492355
AFG,Afghanistan,2008,GOV_WGI_PV.EST,-2.53508629999999
AFG,Afghanistan,2007,GOV_WGI_PV.EST,-2.3604939
AFG,Afghanistan,2006,GOV_WGI_PV.EST,-2.1468441
AFG,Afghanistan,2005,GOV_WGI_PV.EST,-2.133959
ALB,Albania,2024,GOV_WGI_PV.EST,0.0204668
ALB,Albania,2023,GOV_WGI_PV.EST,0.0246567
ALB,Albania,2022,GOV_WGI_PV.EST,0.0115425
ALB,Albania,2021,GOV_WGI_PV.EST,0.0239536
ALB,Albania,2020,GOV_WGI_PV.EST,-0.0049854
ALB,Albania,2019,GOV_WGI_PV.EST,0.00437499999999999
ALB,Albania,2018,GOV_WGI_PV.EST,0.1502032
ALB,Albania,2017,GOV_WGI_PV.EST,0.1638298
ALB,Albania,2016,GOV_WGI_PV.EST,0.1659701
ALB,Albania,2015,GOV_WGI_PV.EST,0.1252711
ALB,Albania,2014,GOV_WGI_PV.EST,0.2608816
ALB,Albania,2013,GOV_WGI_PV.EST,-0.1931708
ALB,Albania,2012,GOV_WGI_PV.EST,-0.3697641
ALB,Albania,2011,GOV_WGI_PV.EST,-0.348045
ALB,Albania,2010,GOV_WGI_PV.EST,-0.1725061
ALB,Albania,2009,GOV_WGI_PV.EST,-0.0272379
ALB,Albania,2008,GOV_WGI_PV.EST,-0.0276847
ALB,Albania,2007,GOV_WGI_PV.EST,-0.188559199999999
ALB,Albania,2006,GOV_WGI_PV.EST,-0.549163
ALB,Albania,2005,GOV_WGI_PV.EST,-0.6100173
DZA,Algeria,2024,GOV_WGI_PV.EST,-0.6935882
DZA,Algeria,2023,GOV_WGI_PV.EST,-0.7317401
DZA,Algeria,2022,GOV_WGI_PV.EST,-0.8074555
DZA,Algeria,2021,GOV_WGI_PV.EST,-0.9009933
DZA,Algeria,2020,GOV_WGI_PV.EST,-0.883733299999999
DZA,Algeria,2019,GOV_WGI_PV.EST,-1.06252749999999
DZA,Algeria,2018,GOV_WGI_PV.EST,-0.6370211
DZA,Algeria,2017,GOV_WGI_PV.EST,-0.929504599999999
DZA,Algeria,2016,GOV_WGI_PV.EST,-1.12458449999999
DZA,Algeria,2015,GOV_WGI_PV.EST,-1.049624
DZA,Algeria,2014,GOV_WGI_PV.EST,-1.1769102
DZA,Algeria,2013,GOV_WGI_PV.EST,-1.3382043
DZA,Algeria,2012,GOV_WGI_PV.EST,-1.2861441
DZA,Algeria,2011,GOV_WGI_PV.EST,-1.43622689999999
DZA,Algeria,2010,GOV_WGI_PV.EST,-1.31766989999999
DZA,Algeria,2009,GOV_WGI_PV.EST,-1.18034059999999
DZA,Algeria,2008,GOV_WGI_PV.EST,-0.9964923
DZA,Algeria,2007,GOV_WGI_PV.EST,-1.0604958
DZA,Algeria,2006,GOV_WGI_PV.EST,-1.055417
DZA,Algeria,2005,GOV_WGI_PV.EST,-0.8578446
,American Samoa,2024,GOV_WGI_PV.EST,1.2530285
,American Samoa,2023,GOV_WGI_PV.EST,1.2488142
,American Samoa,2022,GOV_WGI_PV.EST,1.2481785
,American Samoa,2021,GOV_WGI_PV.EST,1.2442687
,American Samoa,2020,GOV_WGI_PV.EST,1.2465402
,American Samoa,2019,GOV_WGI_PV.EST,1.2471192
,American Samoa,2018,GOV_WGI_PV.EST,1.2606571
,American Samoa,2017,GOV_WGI_PV.EST,1.2555945
,American Samoa,2016,GOV_WGI_PV.EST,1.2548748
,American Samoa,2015,GOV_WGI_PV.EST,1.2607488
,American Samoa,2014,GOV_WGI_PV.EST,1.2631079
,American Samoa,2013,GOV_WGI_PV.EST,0.9806728
,American Samoa,2012,GOV_WGI_PV.EST,0.9837485
,American Samoa,2011,GOV_WGI_PV.EST,0.9847551
,American Samoa,2010,GOV_WGI_PV.EST,0.9942908
,American Samoa,2009,GOV_WGI_PV.EST,1.0047762
,American Samoa,2008,GOV_WGI_PV.EST,0.9940271
,American Samoa,2007,GOV_WGI_PV.EST,0.99494
,American Samoa,2006,GOV_WGI_PV.EST,0.715717
,American Samoa,2005,GOV_WGI_PV.EST,0.7112288
AND,Andorra,2024,GOV_WGI_PV.EST,1.5437957
AND,Andorra,2023,GOV_WGI_PV.EST,1.5502246
AND,Andorra,2022,GOV_WGI_PV.EST,1.5497163
AND,Andorra,2021,GOV_WGI_PV.EST,1.5465903
AND,Andorra,2020,GOV_WGI_PV.EST,1.5484064
AND,Andorra,2019,GOV_WGI_PV.EST,1.5488694
AND,Andorra,2018,GOV_WGI_PV.EST,1.3290002
AND,Andorra,2017,GOV_WGI_PV.EST,1.3250909
AND,Andorra,2016,GOV_WGI_PV.EST,1.3245352
AND,Andorra,2015,GOV_WGI_PV.EST,1.3290711
AND,Andorra,2014,GOV_WGI_PV.EST,1.3308928
AND,Andorra,2013,GOV_WGI_PV.EST,1.3226889
AND,Andorra,2012,GOV_WGI_PV.EST,1.3250639
AND,Andorra,2011,GOV_WGI_PV.EST,1.3258412
AND,Andorra,2010,GOV_WGI_PV.EST,1.3332046
AND,Andorra,2009,GOV_WGI_PV.EST,1.3413014
AND,Andorra,2008,GOV_WGI_PV.EST,1.333001
AND,Andorra,2007,GOV_WGI_PV.EST,1.3337059
AND,Andorra,2006,GOV_WGI_PV.EST,1.3279824
AND,Andorra,2005,GOV_WGI_PV.EST,1.3245166
AGO,Angola,2024,GOV_WGI_PV.EST,-0.5735964
AGO,Angola,2023,GOV_WGI_PV.EST,-0.3131654
AGO,Angola,2022,GOV_WGI_PV.EST,-0.5414068
AGO,Angola,2021,GOV_WGI_PV.EST,-0.7936068
AGO,Angola,2020,GOV_WGI_PV.EST,-0.6427634
AGO,Angola,2019,GOV_WGI_PV.EST,-0.420703899999999
AGO,Angola,2018,GOV_WGI_PV.EST,-0.4058117
AGO,Angola,2017,GOV_WGI_PV.EST,-0.537214499999999
AGO,Angola,2016,GOV_WGI_PV.EST,-0.434627999999999
AGO,Angola,2015,GOV_WGI_PV.EST,-0.5591026
AGO,Angola,2014,GOV_WGI_PV.EST,-0.5090269
AGO,Angola,2013,GOV_WGI_PV.EST,-0.6100776
AGO,Angola,2012,GOV_WGI_PV.EST,-0.4414594
AGO,Angola,2011,GOV_WGI_PV.EST,-0.494662599999999
AGO,Angola,2010,GOV_WGI_PV.EST,-0.2720682
AGO,Angola,2009,GOV_WGI_PV.EST,-0.526828899999999
AGO,Angola,2008,GOV_WGI_PV.EST,-0.4713481
AGO,Angola,2007,GOV_WGI_PV.EST,-0.7470711
AGO,Angola,2006,GOV_WGI_PV.EST,-0.6714135
AGO,Angola,2005,GOV_WGI_PV.EST,-0.9717695
ATG,Antigua and Barbuda,2024,GOV_WGI_PV.EST,1.0731489
ATG,Antigua and Barbuda,2023,GOV_WGI_PV.EST,1.0791994
ATG,Antigua and Barbuda,2022,GOV_WGI_PV.EST,1.0787211
ATG,Antigua and Barbuda,2021,GOV_WGI_PV.EST,0.9147636
ATG,Antigua and Barbuda,2020,GOV_WGI_PV.EST,0.9164728
ATG,Antigua and Barbuda,2019,GOV_WGI_PV.EST,0.9169085
ATG,Antigua and Barbuda,2018,GOV_WGI_PV.EST,0.7900001
ATG,Antigua and Barbuda,2017,GOV_WGI_PV.EST,0.614623
ATG,Antigua and Barbuda,2016,GOV_WGI_PV.EST,0.7403626
ATG,Antigua and Barbuda,2015,GOV_WGI_PV.EST,0.9161633
ATG,Antigua and Barbuda,2014,GOV_WGI_PV.EST,0.93921
ATG,Antigua and Barbuda,2013,GOV_WGI_PV.EST,0.9282114
ATG,Antigua and Barbuda,2012,GOV_WGI_PV.EST,0.9299172
ATG,Antigua and Barbuda,2011,GOV_WGI_PV.EST,0.9304755
ATG,Antigua and Barbuda,2010,GOV_WGI_PV.EST,0.9357643
ATG,Antigua and Barbuda,2009,GOV_WGI_PV.EST,0.7908269
ATG,Antigua and Barbuda,2008,GOV_WGI_PV.EST,0.7848652
ATG,Antigua and Barbuda,2007,GOV_WGI_PV.EST,0.7853715
ATG,Antigua and Barbuda,2006,GOV_WGI_PV.EST,0.7812606
ATG,Antigua and Barbuda,2005,GOV_WGI_PV.EST,0.7787714
ARG,Argentina,2024,GOV_WGI_PV.EST,-0.169745999999999
ARG,Argentina,2023,GOV_WGI_PV.EST,-0.0207671
ARG,Argentina,2022,GOV_WGI_PV.EST,0.0576438
ARG,Argentina,2021,GOV_WGI_PV.EST,0.0921998
ARG,Argentina,2020,GOV_WGI_PV.EST,0.0552501
ARG,Argentina,2019,GOV_WGI_PV.EST,0.0571577
ARG,Argentina,2018,GOV_WGI_PV.EST,0.1204378
ARG,Argentina,2017,GOV_WGI_PV.EST,0.2394066
ARG,Argentina,2016,GOV_WGI_PV.EST,0.1932708
ARG,Argentina,2015,GOV_WGI_PV.EST,-0.0308863
ARG,Argentina,2014,GOV_WGI_PV.EST,-0.0132091
ARG,Argentina,2013,GOV_WGI_PV.EST,0.0324742
ARG,Argentina,2012,GOV_WGI_PV.EST,0.0804879
ARG,Argentina,2011,GOV_WGI_PV.EST,0.1203533
ARG,Argentina,2010,GOV_WGI_PV.EST,-0.0975562
ARG,Argentina,2009,GOV_WGI_PV.EST,-0.1847801
ARG,Argentina,2008,GOV_WGI_PV.EST,0.0112562
ARG,Argentina,2007,GOV_WGI_PV.EST,0.2041085
ARG,Argentina,2006,GOV_WGI_PV.EST,0.0814603
ARG,Argentina,2005,GOV_WGI_PV.EST,0.0832070999999999
ARM,Armenia,2024,GOV_WGI_PV.EST,-0.723297299999999
ARM,Armenia,2023,GOV_WGI_PV.EST,-0.5022441
ARM,Armenia,2022,GOV_WGI_PV.EST,-0.3556235
ARM,Armenia,2021,GOV_WGI_PV.EST,-0.5019
ARM,Armenia,2020,GOV_WGI_PV.EST,-0.2935835
ARM,Armenia,2019,GOV_WGI_PV.EST,0.0683699
ARM,Armenia,2018,GOV_WGI_PV.EST,-0.00389009999999999
ARM,Armenia,2017,GOV_WGI_PV.EST,-0.3015882
ARM,Armenia,2016,GOV_WGI_PV.EST,-0.3896011
ARM,Armenia,2015,GOV_WGI_PV.EST,-0.139264399999999
ARM,Armenia,2014,GOV_WGI_PV.EST,-0.2358315
ARM,Armenia,2013,GOV_WGI_PV.EST,-0.0281785
ARM,Armenia,2012,GOV_WGI_PV.EST,0.0562514
ARM,Armenia,2011,GOV_WGI_PV.EST,-0.142543
ARM,Armenia,2010,GOV_WGI_PV.EST,0.0171223
ARM,Armenia,2009,GOV_WGI_PV.EST,0.1499282
ARM,Armenia,2008,GOV_WGI_PV.EST,-0.141342
ARM,Armenia,2007,GOV_WGI_PV.EST,0.1764597
ARM,Armenia,2006,GOV_WGI_PV.EST,-0.1845154
ARM,Armenia,2005,GOV_WGI_PV.EST,-0.115940599999999
,Aruba,2024,GOV_WGI_PV.EST,1.3302095
,Aruba,2023,GOV_WGI_PV.EST,1.3362003
,Aruba,2022,GOV_WGI_PV.EST,1.3357267
,Aruba,2021,GOV_WGI_PV.EST,1.3328137
,Aruba,2020,GOV_WGI_PV.EST,1.3345061
,Aruba,2019,GOV_WGI_PV.EST,1.3349374
,Aruba,2018,GOV_WGI_PV.EST,1.3341522
,Aruba,2017,GOV_WGI_PV.EST,1.2066651
,Aruba,2016,GOV_WGI_PV.EST,1.2062931
,Aruba,2015,GOV_WGI_PV.EST,1.209329
,Aruba,2014,GOV_WGI_PV.EST,1.2105482
,Aruba,2013,GOV_WGI_PV.EST,1.3143193
,Aruba,2012,GOV_WGI_PV.EST,1.3159088
,Aruba,2011,GOV_WGI_PV.EST,1.251139
,Aruba,2010,GOV_WGI_PV.EST,1.2560673
,Aruba,2009,GOV_WGI_PV.EST,1.3267766
,Aruba,2008,GOV_WGI_PV.EST,1.3687458
,Aruba,2007,GOV_WGI_PV.EST,1.3693511
,Aruba,2006,GOV_WGI_PV.EST,1.3644361
,Aruba,2005,GOV_WGI_PV.EST,1.3614598
AUS,Australia,2024,GOV_WGI_PV.EST,0.7932693
AUS,Australia,2023,GOV_WGI_PV.EST,0.9254365
AUS,Australia,2022,GOV_WGI_PV.EST,0.9015353
AUS,Australia,2021,GOV_WGI_PV.EST,0.8536507
AUS,Australia,2020,GOV_WGI_PV.EST,0.8859397
AUS,Australia,2019,GOV_WGI_PV.EST,0.8454141
AUS,Australia,2018,GOV_WGI_PV.EST,0.8840942
AUS,Australia,2017,GOV_WGI_PV.EST,0.7831479
AUS,Australia,2016,GOV_WGI_PV.EST,0.9540785
AUS,Australia,2015,GOV_WGI_PV.EST,0.8032474
AUS,Australia,2014,GOV_WGI_PV.EST,1.0196126
AUS,Australia,2013,GOV_WGI_PV.EST,0.9563371
AUS,Australia,2012,GOV_WGI_PV.EST,0.9876022
AUS,Australia,2011,GOV_WGI_PV.EST,0.9549761
AUS,Australia,2010,GOV_WGI_PV.EST,1.0028093
AUS,Australia,2009,GOV_WGI_PV.EST,0.9940821
AUS,Australia,2008,GOV_WGI_PV.EST,1.108084
AUS,Australia,2007,GOV_WGI_PV.EST,1.0920694
AUS,Australia,2006,GOV_WGI_PV.EST,1.0119464
AUS,Australia,2005,GOV_WGI_PV.EST,0.9817812
AUT,Austria,2024,GOV_WGI_PV.EST,0.4915979
AUT,Austria,2023,GOV_WGI_PV.EST,0.7016405
AUT,Austria,2022,GOV_WGI_PV.EST,0.6005165
AUT,Austria,2021,GOV_WGI_PV.EST,0.7543747
AUT,Austria,2020,GOV_WGI_PV.EST,0.8186312
AUT,Austria,2019,GOV_WGI_PV.EST,0.7878108
AUT,Austria,2018,GOV_WGI_PV.EST,0.8440814
AUT,Austria,2017,GOV_WGI_PV.EST,0.9266955
AUT,Austria,2016,GOV_WGI_PV.EST,0.8951862
AUT,Austria,2015,GOV_WGI_PV.EST,1.1389655
AUT,Austria,2014,GOV_WGI_PV.EST,1.3377971
AUT,Austria,2013,GOV_WGI_PV.EST,1.287147
AUT,Austria,2012,GOV_WGI_PV.EST,1.3019271
AUT,Austria,2011,GOV_WGI_PV.EST,1.2207577
AUT,Austria,2010,GOV_WGI_PV.EST,1.2601717
AUT,Austria,2009,GOV_WGI_PV.EST,1.2902477
AUT,Austria,2008,GOV_WGI_PV.EST,1.3568437
AUT,Austria,2007,GOV_WGI_PV.EST,1.3179972
AUT,Austria,2006,GOV_WGI_PV.EST,1.0633138
AUT,Austria,2005,GOV_WGI_PV.EST,1.0677694
AZE,Azerbaijan,2024,GOV_WGI_PV.EST,-0.1404058
AZE,Azerbaijan,2023,GOV_WGI_PV.EST,-0.4004143
AZE,Azerbaijan,2022,GOV_WGI_PV.EST,-0.542048099999999
AZE,Azerbaijan,2021,GOV_WGI_PV.EST,-0.4888287
AZE,Azerbaijan,2020,GOV_WGI_PV.EST,-0.5087721
AZE,Azerbaijan,2019,GOV_WGI_PV.EST,-0.3373117
AZE,Azerbaijan,2018,GOV_WGI_PV.EST,-0.3567438
AZE,Azerbaijan,2017,GOV_WGI_PV.EST,-0.455635299999999
AZE,Azerbaijan,2016,GOV_WGI_PV.EST,-0.5043466
AZE,Azerbaijan,2015,GOV_WGI_PV.EST,-0.4941808
AZE,Azerbaijan,2014,GOV_WGI_PV.EST,-0.433564
AZE,Azerbaijan,2013,GOV_WGI_PV.EST,-0.483763999999999
AZE,Azerbaijan,2012,GOV_WGI_PV.EST,-0.683856599999999
AZE,Azerbaijan,2011,GOV_WGI_PV.EST,-0.6570897
AZE,Azerbaijan,2010,GOV_WGI_PV.EST,-0.3145012
AZE,Azerbaijan,2009,GOV_WGI_PV.EST,-0.351531
AZE,Azerbaijan,2008,GOV_WGI_PV.EST,-0.2808866
AZE,Azerbaijan,2007,GOV_WGI_PV.EST,-0.586898599999999
AZE,Azerbaijan,2006,GOV_WGI_PV.EST,-0.986625299999999
AZE,Azerbaijan,2005,GOV_WGI_PV.EST,-1.14968919999999
BHS,"Bahamas, The",2024,GOV_WGI_PV.EST,1.0493095
BHS,"Bahamas, The",2023,GOV_WGI_PV.EST,1.0539708
BHS,"Bahamas, The",2022,GOV_WGI_PV.EST,0.8592816
BHS,"Bahamas, The",2021,GOV_WGI_PV.EST,0.7434332
BHS,"Bahamas, The",2020,GOV_WGI_PV.EST,0.7133519
BHS,"Bahamas, The",2019,GOV_WGI_PV.EST,0.6927555
BHS,"Bahamas, The",2018,GOV_WGI_PV.EST,0.7130765
BHS,"Bahamas, The",2017,GOV_WGI_PV.EST,0.8186672
BHS,"Bahamas, The",2016,GOV_WGI_PV.EST,0.7974457
BHS,"Bahamas, The",2015,GOV_WGI_PV.EST,0.7437356
BHS,"Bahamas, The",2014,GOV_WGI_PV.EST,0.8227482
BHS,"Bahamas, The",2013,GOV_WGI_PV.EST,0.9869744
BHS,"Bahamas, The",2012,GOV_WGI_PV.EST,0.9992333
BHS,"Bahamas, The",2011,GOV_WGI_PV.EST,0.9777309
BHS,"Bahamas, The",2010,GOV_WGI_PV.EST,0.9175646
BHS,"Bahamas, The",2009,GOV_WGI_PV.EST,0.8432738
BHS,"Bahamas, The",2008,GOV_WGI_PV.EST,0.7048991
BHS,"Bahamas, The",2007,GOV_WGI_PV.EST,0.6841232
BHS,"Bahamas, The",2006,GOV_WGI_PV.EST,0.7762725
BHS,"Bahamas, The",2005,GOV_WGI_PV.EST,0.8589463
BHR,Bahrain,2024,GOV_WGI_PV.EST,-0.2758672
BHR,Bahrain,2023,GOV_WGI_PV.EST,-0.5007436
BHR,Bahrain,2022,GOV_WGI_PV.EST,-0.482549599999999
BHR,Bahrain,2021,GOV_WGI_PV.EST,-0.5041164
BHR,Bahrain,2020,GOV_WGI_PV.EST,-0.5964745
BHR,Bahrain,2019,GOV_WGI_PV.EST,-0.603362
BHR,Bahrain,2018,GOV_WGI_PV.EST,-0.8677102
BHR,Bahrain,2017,GOV_WGI_PV.EST,-1.0066263
BHR,Bahrain,2016,GOV_WGI_PV.EST,-0.909807199999999
BHR,Bahrain,2015,GOV_WGI_PV.EST,-0.9584379
BHR,Bahrain,2014,GOV_WGI_PV.EST,-1.0441426
BHR,Bahrain,2013,GOV_WGI_PV.EST,-1.2920542
BHR,Bahrain,2012,GOV_WGI_PV.EST,-1.0354447
BHR,Bahrain,2011,GOV_WGI_PV.EST,-1.1775267
BHR,Bahrain,2010,GOV_WGI_PV.EST,-0.7371495
BHR,Bahrain,2009,GOV_WGI_PV.EST,-0.2010092
BHR,Bahrain,2008,GOV_WGI_PV.EST,-0.215733899999999
BHR,Bahrain,2007,GOV_WGI_PV.EST,-0.1802755
BHR,Bahrain,2006,GOV_WGI_PV.EST,-0.2753885
BHR,Bahrain,2005,GOV_WGI_PV.EST,-0.0516002
BGD,Bangladesh,2024,GOV_WGI_PV.EST,-1.46295089999999
BGD,Bangladesh,2023,GOV_WGI_PV.EST,-1.0359445
BGD,Bangladesh,2022,GOV_WGI_PV.EST,-1.0954422
BGD,Bangladesh,2021,GOV_WGI_PV.EST,-1.0535518
BGD,Bangladesh,2020,GOV_WGI_PV.EST,-1.01518479999999
BGD,Bangladesh,2019,GOV_WGI_PV.EST,-0.996755
BGD,Bangladesh,2018,GOV_WGI_PV.EST,-1.02517179999999
BGD,Bangladesh,2017,GOV_WGI_PV.EST,-1.3289506
BGD,Bangladesh,2016,GOV_WGI_PV.EST,-1.3416192
BGD,Bangladesh,2015,GOV_WGI_PV.EST,-1.331635
BGD,Bangladesh,2014,GOV_WGI_PV.EST,-1.0510112
BGD,Bangladesh,2013,GOV_WGI_PV.EST,-1.771799
BGD,Bangladesh,2012,GOV_WGI_PV.EST,-1.4690337
BGD,Bangladesh,2011,GOV_WGI_PV.EST,-1.4544464
BGD,Bangladesh,2010,GOV_WGI_PV.EST,-1.4437712
BGD,Bangladesh,2009,GOV_WGI_PV.EST,-1.51053059999999
BGD,Bangladesh,2008,GOV_WGI_PV.EST,-1.476262
BGD,Bangladesh,2007,GOV_WGI_PV.EST,-1.5675758
BGD,Bangladesh,2006,GOV_WGI_PV.EST,-1.6643404
BGD,Bangladesh,2005,GOV_WGI_PV.EST,-1.7911255
BRB,Barbados,2024,GOV_WGI_PV.EST,1.2722219
BRB,Barbados,2023,GOV_WGI_PV.EST,1.2767666
BRB,Barbados,2022,GOV_WGI_PV.EST,1.2066625
BRB,Barbados,2021,GOV_WGI_PV.EST,1.0845669
BRB,Barbados,2020,GOV_WGI_PV.EST,1.0680614
BRB,Barbados,2019,GOV_WGI_PV.EST,0.9758945
BRB,Barbados,2018,GOV_WGI_PV.EST,0.8002803
BRB,Barbados,2017,GOV_WGI_PV.EST,0.8399905
BRB,Barbados,2016,GOV_WGI_PV.EST,0.839715
BRB,Barbados,2015,GOV_WGI_PV.EST,1.1290517
BRB,Barbados,2014,GOV_WGI_PV.EST,1.3382083
BRB,Barbados,2013,GOV_WGI_PV.EST,1.216274
BRB,Barbados,2012,GOV_WGI_PV.EST,1.2347483
BRB,Barbados,2011,GOV_WGI_PV.EST,1.173978
BRB,Barbados,2010,GOV_WGI_PV.EST,1.1818697
BRB,Barbados,2009,GOV_WGI_PV.EST,1.2798948
BRB,Barbados,2008,GOV_WGI_PV.EST,1.16109
BRB,Barbados,2007,GOV_WGI_PV.EST,1.0877484
BRB,Barbados,2006,GOV_WGI_PV.EST,0.9369694
BRB,Barbados,2005,GOV_WGI_PV.EST,1.0758617
BLR,Belarus,2024,GOV_WGI_PV.EST,-0.3773003
BLR,Belarus,2023,GOV_WGI_PV.EST,-0.392606499999999
BLR,Belarus,2022,GOV_WGI_PV.EST,-0.6168791
BLR,Belarus,2021,GOV_WGI_PV.EST,-0.616372399999999
BLR,Belarus,2020,GOV_WGI_PV.EST,-0.818298499999999
BLR,Belarus,2019,GOV_WGI_PV.EST,0.4258145
BLR,Belarus,2018,GOV_WGI_PV.EST,0.2676565
BLR,Belarus,2017,GOV_WGI_PV.EST,0.0265511
BLR,Belarus,2016,GOV_WGI_PV.EST,0.2027723
BLR,Belarus,2015,GOV_WGI_PV.EST,0.1165415
BLR,Belarus,2014,GOV_WGI_PV.EST,0.1349975
BLR,Belarus,2013,GOV_WGI_PV.EST,0.0177012
BLR,Belarus,2012,GOV_WGI_PV.EST,0.00362419999999999
BLR,Belarus,2011,GOV_WGI_PV.EST,-0.0818477
BLR,Belarus,2010,GOV_WGI_PV.EST,-0.0852672
BLR,Belarus,2009,GOV_WGI_PV.EST,0.3534137
BLR,Belarus,2008,GOV_WGI_PV.EST,0.443727
BLR,Belarus,2007,GOV_WGI_PV.EST,0.3235627
BLR,Belarus,2006,GOV_WGI_PV.EST,0.1789591
BLR,Belarus,2005,GOV_WGI_PV.EST,0.3382598
BEL,Belgium,2024,GOV_WGI_PV.EST,0.1214526
BEL,Belgium,2023,GOV_WGI_PV.EST,0.1994126
BEL,Belgium,2022,GOV_WGI_PV.EST,0.2465264
BEL,Belgium,2021,GOV_WGI_PV.EST,0.461917
BEL,Belgium,2020,GOV_WGI_PV.EST,0.3686413
BEL,Belgium,2019,GOV_WGI_PV.EST,0.3774033
BEL,Belgium,2018,GOV_WGI_PV.EST,0.4247021
BEL,Belgium,2017,GOV_WGI_PV.EST,0.3647602
BEL,Belgium,2016,GOV_WGI_PV.EST,0.4864269
BEL,Belgium,2015,GOV_WGI_PV.EST,0.6581707
BEL,Belgium,2014,GOV_WGI_PV.EST,0.786586
BEL,Belgium,2013,GOV_WGI_PV.EST,0.9488863
BEL,Belgium,2012,GOV_WGI_PV.EST,0.9449853
BEL,Belgium,2011,GOV_WGI_PV.EST,0.9302398
BEL,Belgium,2010,GOV_WGI_PV.EST,0.9164492
BEL,Belgium,2009,GOV_WGI_PV.EST,0.9641541
BEL,Belgium,2008,GOV_WGI_PV.EST,0.7115581
BEL,Belgium,2007,GOV_WGI_PV.EST,0.8536941
BEL,Belgium,2006,GOV_WGI_PV.EST,0.8276559
BEL,Belgium,2005,GOV_WGI_PV.EST,0.8170464
BLZ,Belize,2024,GOV_WGI_PV.EST,0.7847219
BLZ,Belize,2023,GOV_WGI_PV.EST,0.78967
BLZ,Belize,2022,GOV_WGI_PV.EST,0.7353533
BLZ,Belize,2021,GOV_WGI_PV.EST,0.3568757
BLZ,Belize,2020,GOV_WGI_PV.EST,0.6026689
BLZ,Belize,2019,GOV_WGI_PV.EST,0.1334022
BLZ,Belize,2018,GOV_WGI_PV.EST,0.0296183
BLZ,Belize,2017,GOV_WGI_PV.EST,0.0274572
BLZ,Belize,2016,GOV_WGI_PV.EST,0.02715
BLZ,Belize,2015,GOV_WGI_PV.EST,0.0315234
BLZ,Belize,2014,GOV_WGI_PV.EST,0.032488
BLZ,Belize,2013,GOV_WGI_PV.EST,0.0892671
BLZ,Belize,2012,GOV_WGI_PV.EST,0.0905854
BLZ,Belize,2011,GOV_WGI_PV.EST,0.0910169
BLZ,Belize,2010,GOV_WGI_PV.EST,0.0218801
BLZ,Belize,2009,GOV_WGI_PV.EST,-0.0105185
BLZ,Belize,2008,GOV_WGI_PV.EST,0.1436564
BLZ,Belize,2007,GOV_WGI_PV.EST,0.161615
BLZ,Belize,2006,GOV_WGI_PV.EST,0.0840894
BLZ,Belize,2005,GOV_WGI_PV.EST,0.0640729999999999
BEN,Benin,2024,GOV_WGI_PV.EST,-0.4030099
BEN,Benin,2023,GOV_WGI_PV.EST,-0.3096247
BEN,Benin,2022,GOV_WGI_PV.EST,-0.4373008
BEN,Benin,2021,GOV_WGI_PV.EST,-0.4106645
BEN,Benin,2020,GOV_WGI_PV.EST,-0.283192699999999
BEN,Benin,2019,GOV_WGI_PV.EST,-0.197976799999999
BEN,Benin,2018,GOV_WGI_PV.EST,0.1649971
BEN,Benin,2017,GOV_WGI_PV.EST,0.3155886
BEN,Benin,2016,GOV_WGI_PV.EST,0.2420032
BEN,Benin,2015,GOV_WGI_PV.EST,0.117506
BEN,Benin,2014,GOV_WGI_PV.EST,0.1371161
BEN,Benin,2013,GOV_WGI_PV.EST,0.3313874
BEN,Benin,2012,GOV_WGI_PV.EST,0.3524209
BEN,Benin,2011,GOV_WGI_PV.EST,0.3444706
BEN,Benin,2010,GOV_WGI_PV.EST,0.3130091
BEN,Benin,2009,GOV_WGI_PV.EST,0.4200295
BEN,Benin,2008,GOV_WGI_PV.EST,0.477051
BEN,Benin,2007,GOV_WGI_PV.EST,0.4554713
BEN,Benin,2006,GOV_WGI_PV.EST,0.6060891
BEN,Benin,2005,GOV_WGI_PV.EST,0.4644931
,Bermuda,2024,GOV_WGI_PV.EST,0.9711697
,Bermuda,2023,GOV_WGI_PV.EST,0.9788563
,Bermuda,2022,GOV_WGI_PV.EST,0.9782486
,Bermuda,2021,GOV_WGI_PV.EST,0.974511
,Bermuda,2020,GOV_WGI_PV.EST,0.9766825
,Bermuda,2019,GOV_WGI_PV.EST,0.977236
,Bermuda,2018,GOV_WGI_PV.EST,0.9762284
,Bermuda,2017,GOV_WGI_PV.EST,0.8126545
,Bermuda,2016,GOV_WGI_PV.EST,0.8121773
,Bermuda,2015,GOV_WGI_PV.EST,0.8160725
,Bermuda,2014,GOV_WGI_PV.EST,0.8176369
,Bermuda,2013,GOV_WGI_PV.EST,0.9507816
,Bermuda,2012,GOV_WGI_PV.EST,0.9528211
,Bermuda,2011,GOV_WGI_PV.EST,0.9534886
,Bermuda,2010,GOV_WGI_PV.EST,0.959812
,Bermuda,2009,GOV_WGI_PV.EST,0.786521
,Bermuda,2008,GOV_WGI_PV.EST,0.779393
,Bermuda,2007,GOV_WGI_PV.EST,0.7799984
,Bermuda,2006,GOV_WGI_PV.EST,0.7750833
,Bermuda,2005,GOV_WGI_PV.EST,0.7721071
BTN,Bhutan,2024,GOV_WGI_PV.EST,1.3541153
BTN,Bhutan,2023,GOV_WGI_PV.EST,1.3322654
BTN,Bhutan,2022,GOV_WGI_PV.EST,1.3224382
BTN,Bhutan,2021,GOV_WGI_PV.EST,0.9391838
BTN,Bhutan,2020,GOV_WGI_PV.EST,1.1154419
BTN,Bhutan,2019,GOV_WGI_PV.EST,1.1641113
BTN,Bhutan,2018,GOV_WGI_PV.EST,1.1151798
BTN,Bhutan,2017,GOV_WGI_PV.EST,1.1177867
BTN,Bhutan,2016,GOV_WGI_PV.EST,1.1113941
BTN,Bhutan,2015,GOV_WGI_PV.EST,0.9981818
BTN,Bhutan,2014,GOV_WGI_PV.EST,1.1573285
BTN,Bhutan,2013,GOV_WGI_PV.EST,0.7771733
BTN,Bhutan,2012,GOV_WGI_PV.EST,0.7756826
BTN,Bhutan,2011,GOV_WGI_PV.EST,0.7467369
BTN,Bhutan,2010,GOV_WGI_PV.EST,0.7505364
BTN,Bhutan,2009,GOV_WGI_PV.EST,0.8300522
BTN,Bhutan,2008,GOV_WGI_PV.EST,0.6582714
BTN,Bhutan,2007,GOV_WGI_PV.EST,0.4577684
BTN,Bhutan,2006,GOV_WGI_PV.EST,1.021296
BTN,Bhutan,2005,GOV_WGI_PV.EST,1.2026354
BOL,Bolivia,2024,GOV_WGI_PV.EST,-0.5460357
BOL,Bolivia,2023,GOV_WGI_PV.EST,-0.289823899999999
BOL,Bolivia,2022,GOV_WGI_PV.EST,-0.170608899999999
BOL,Bolivia,2021,GOV_WGI_PV.EST,-0.2859636
BOL,Bolivia,2020,GOV_WGI_PV.EST,-0.3855901
BOL,Bolivia,2019,GOV_WGI_PV.EST,-0.7539613
BOL,Bolivia,2018,GOV_WGI_PV.EST,-0.1913596
BOL,Bolivia,2017,GOV_WGI_PV.EST,-0.2207409
BOL,Bolivia,2016,GOV_WGI_PV.EST,-0.2594315
BOL,Bolivia,2015,GOV_WGI_PV.EST,-0.175327899999999
BOL,Bolivia,2014,GOV_WGI_PV.EST,-0.2978539
BOL,Bolivia,2013,GOV_WGI_PV.EST,-0.256508
BOL,Bolivia,2012,GOV_WGI_PV.EST,-0.381218399999999
BOL,Bolivia,2011,GOV_WGI_PV.EST,-0.2956719
BOL,Bolivia,2010,GOV_WGI_PV.EST,-0.2159855
BOL,Bolivia,2009,GOV_WGI_PV.EST,-0.2490392
BOL,Bolivia,2008,GOV_WGI_PV.EST,-0.5339009
BOL,Bolivia,2007,GOV_WGI_PV.EST,-0.632049499999999
BOL,Bolivia,2006,GOV_WGI_PV.EST,-0.622095699999999
BOL,Bolivia,2005,GOV_WGI_PV.EST,-0.879439099999999
BIH,Bosnia and Herzegovina,2024,GOV_WGI_PV.EST,-0.5010614
BIH,Bosnia and Herzegovina,2023,GOV_WGI_PV.EST,-0.1999229
BIH,Bosnia and Herzegovina,2022,GOV_WGI_PV.EST,-0.248056399999999
BIH,Bosnia and Herzegovina,2021,GOV_WGI_PV.EST,-0.310701599999999
BIH,Bosnia and Herzegovina,2020,GOV_WGI_PV.EST,-0.2690285
BIH,Bosnia and Herzegovina,2019,GOV_WGI_PV.EST,-0.309193899999999
BIH,Bosnia and Herzegovina,2018,GOV_WGI_PV.EST,-0.2895156
BIH,Bosnia and Herzegovina,2017,GOV_WGI_PV.EST,-0.3110983
BIH,Bosnia and Herzegovina,2016,GOV_WGI_PV.EST,-0.3709896
BIH,Bosnia and Herzegovina,2015,GOV_WGI_PV.EST,-0.2551002
BIH,Bosnia and Herzegovina,2014,GOV_WGI_PV.EST,-0.0605189
BIH,Bosnia and Herzegovina,2013,GOV_WGI_PV.EST,-0.4534621
BIH,Bosnia and Herzegovina,2012,GOV_WGI_PV.EST,-0.590616799999999
BIH,Bosnia and Herzegovina,2011,GOV_WGI_PV.EST,-0.6699284
BIH,Bosnia and Herzegovina,2010,GOV_WGI_PV.EST,-0.6337606
BIH,Bosnia and Herzegovina,2009,GOV_WGI_PV.EST,-0.5894529
BIH,Bosnia and Herzegovina,2008,GOV_WGI_PV.EST,-0.4343012
BIH,Bosnia and Herzegovina,2007,GOV_WGI_PV.EST,-0.4799679
BIH,Bosnia and Herzegovina,2006,GOV_WGI_PV.EST,-0.3864629
BIH,Bosnia and Herzegovina,2005,GOV_WGI_PV.EST,-0.5961126
BWA,Botswana,2024,GOV_WGI_PV.EST,1.0322942
BWA,Botswana,2023,GOV_WGI_PV.EST,1.0127245
BWA,Botswana,2022,GOV_WGI_PV.EST,1.0798421
BWA,Botswana,2021,GOV_WGI_PV.EST,1.0572186
BWA,Botswana,2020,GOV_WGI_PV.EST,1.0835182
BWA,Botswana,2019,GOV_WGI_PV.EST,1.1539103
BWA,Botswana,2018,GOV_WGI_PV.EST,0.9948159
BWA,Botswana,2017,GOV_WGI_PV.EST,1.0166207
BWA,Botswana,2016,GOV_WGI_PV.EST,0.9837653
BWA,Botswana,2015,GOV_WGI_PV.EST,1.1318799
BWA,Botswana,2014,GOV_WGI_PV.EST,1.1504977
BWA,Botswana,2013,GOV_WGI_PV.EST,1.187303
BWA,Botswana,2012,GOV_WGI_PV.EST,1.2248637
BWA,Botswana,2011,GOV_WGI_PV.EST,1.2314867
BWA,Botswana,2010,GOV_WGI_PV.EST,1.2771925
BWA,Botswana,2009,GOV_WGI_PV.EST,1.2494369
BWA,Botswana,2008,GOV_WGI_PV.EST,1.2464399
BWA,Botswana,2007,GOV_WGI_PV.EST,1.2840151
BWA,Botswana,2006,GOV_WGI_PV.EST,1.2166136
BWA,Botswana,2005,GOV_WGI_PV.EST,1.1343572
BRA,Brazil,2024,GOV_WGI_PV.EST,-0.5205702
BRA,Brazil,2023,GOV_WGI_PV.EST,-0.521574099999999
BRA,Brazil,2022,GOV_WGI_PV.EST,-0.415796899999999
BRA,Brazil,2021,GOV_WGI_PV.EST,-0.3922756
BRA,Brazil,2020,GOV_WGI_PV.EST,-0.427421599999999
BRA,Brazil,2019,GOV_WGI_PV.EST,-0.722116299999999
BRA,Brazil,2018,GOV_WGI_PV.EST,-0.645190399999999
BRA,Brazil,2017,GOV_WGI_PV.EST,-0.602133799999999
BRA,Brazil,2016,GOV_WGI_PV.EST,-0.5263958
BRA,Brazil,2015,GOV_WGI_PV.EST,-0.4959054
BRA,Brazil,2014,GOV_WGI_PV.EST,-0.2414052
BRA,Brazil,2013,GOV_WGI_PV.EST,-0.3656427
BRA,Brazil,2012,GOV_WGI_PV.EST,-0.0995934
BRA,Brazil,2011,GOV_WGI_PV.EST,-0.1721799
BRA,Brazil,2010,GOV_WGI_PV.EST,-0.1493446
BRA,Brazil,2009,GOV_WGI_PV.EST,0.1161689
BRA,Brazil,2008,GOV_WGI_PV.EST,-0.173844299999999
BRA,Brazil,2007,GOV_WGI_PV.EST,-0.2225111
BRA,Brazil,2006,GOV_WGI_PV.EST,-0.2563589
BRA,Brazil,2005,GOV_WGI_PV.EST,-0.1740759
BRN,Brunei Darussalam,2024,GOV_WGI_PV.EST,1.2027245
BRN,Brunei Darussalam,2023,GOV_WGI_PV.EST,1.3348873
BRN,Brunei Darussalam,2022,GOV_WGI_PV.EST,1.175984
BRN,Brunei Darussalam,2021,GOV_WGI_PV.EST,1.1632013
BRN,Brunei Darussalam,2020,GOV_WGI_PV.EST,1.1645233
BRN,Brunei Darussalam,2019,GOV_WGI_PV.EST,1.0980607
BRN,Brunei Darussalam,2018,GOV_WGI_PV.EST,1.1449838
BRN,Brunei Darussalam,2017,GOV_WGI_PV.EST,1.0788022
BRN,Brunei Darussalam,2016,GOV_WGI_PV.EST,1.0333017
BRN,Brunei Darussalam,2015,GOV_WGI_PV.EST,1.2031979
BRN,Brunei Darussalam,2014,GOV_WGI_PV.EST,1.2566861
BRN,Brunei Darussalam,2013,GOV_WGI_PV.EST,0.9634698
BRN,Brunei Darussalam,2012,GOV_WGI_PV.EST,0.901649
BRN,Brunei Darussalam,2011,GOV_WGI_PV.EST,0.9587232
BRN,Brunei Darussalam,2010,GOV_WGI_PV.EST,1.2633781
BRN,Brunei Darussalam,2009,GOV_WGI_PV.EST,1.3123741
BRN,Brunei Darussalam,2008,GOV_WGI_PV.EST,1.1203026
BRN,Brunei Darussalam,2007,GOV_WGI_PV.EST,1.1198586
BRN,Brunei Darussalam,2006,GOV_WGI_PV.EST,1.1147081
BRN,Brunei Darussalam,2005,GOV_WGI_PV.EST,1.1115893
BGR,Bulgaria,2024,GOV_WGI_PV.EST,0.0399268
BGR,Bulgaria,2023,GOV_WGI_PV.EST,0.3144686
BGR,Bulgaria,2022,GOV_WGI_PV.EST,0.3269733
BGR,Bulgaria,2021,GOV_WGI_PV.EST,0.4063981
BGR,Bulgaria,2020,GOV_WGI_PV.EST,0.4210468
BGR,Bulgaria,2019,GOV_WGI_PV.EST,0.5788167
BGR,Bulgaria,2018,GOV_WGI_PV.EST,0.592909
BGR,Bulgaria,2017,GOV_WGI_PV.EST,0.4061393
BGR,Bulgaria,2016,GOV_WGI_PV.EST,0.2073039
BGR,Bulgaria,2015,GOV_WGI_PV.EST,0.1823906
BGR,Bulgaria,2014,GOV_WGI_PV.EST,0.242071
BGR,Bulgaria,2013,GOV_WGI_PV.EST,0.1704694
BGR,Bulgaria,2012,GOV_WGI_PV.EST,0.3911291
BGR,Bulgaria,2011,GOV_WGI_PV.EST,0.3085567
BGR,Bulgaria,2010,GOV_WGI_PV.EST,0.3736482
BGR,Bulgaria,2009,GOV_WGI_PV.EST,0.3832438
BGR,Bulgaria,2008,GOV_WGI_PV.EST,0.4069274
BGR,Bulgaria,2007,GOV_WGI_PV.EST,0.3575005
BGR,Bulgaria,2006,GOV_WGI_PV.EST,0.3206462
BGR,Bulgaria,2005,GOV_WGI_PV.EST,0.3053882
BFA,Burkina Faso,2024,GOV_WGI_PV.EST,-1.9063314
BFA,Burkina Faso,2023,GOV_WGI_PV.EST,-2.0423169
BFA,Burkina Faso,2022,GOV_WGI_PV.EST,-1.82102069999999
BFA,Burkina Faso,2021,GOV_WGI_PV.EST,-1.5801637
BFA,Burkina Faso,2020,GOV_WGI_PV.EST,-1.4159765
BFA,Burkina Faso,2019,GOV_WGI_PV.EST,-1.19570659999999
BFA,Burkina Faso,2018,GOV_WGI_PV.EST,-0.961889999999999
BFA,Burkina Faso,2017,GOV_WGI_PV.EST,-0.855665599999999
BFA,Burkina Faso,2016,GOV_WGI_PV.EST,-0.9073878
BFA,Burkina Faso,2015,GOV_WGI_PV.EST,-0.6795154
BFA,Burkina Faso,2014,GOV_WGI_PV.EST,-0.699829399999999
BFA,Burkina Faso,2013,GOV_WGI_PV.EST,-0.7949543
BFA,Burkina Faso,2012,GOV_WGI_PV.EST,-0.6478491
BFA,Burkina Faso,2011,GOV_WGI_PV.EST,-0.6837156
BFA,Burkina Faso,2010,GOV_WGI_PV.EST,-0.3146407
BFA,Burkina Faso,2009,GOV_WGI_PV.EST,-0.0035975
BFA,Burkina Faso,2008,GOV_WGI_PV.EST,0.1570962
BFA,Burkina Faso,2007,GOV_WGI_PV.EST,0.3576735
BFA,Burkina Faso,2006,GOV_WGI_PV.EST,0.1098282
BFA,Burkina Faso,2005,GOV_WGI_PV.EST,0.0426849
BDI,Burundi,2024,GOV_WGI_PV.EST,-1.3763566
BDI,Burundi,2023,GOV_WGI_PV.EST,-1.2840156
BDI,Burundi,2022,GOV_WGI_PV.EST,-1.28089529999999
BDI,Burundi,2021,GOV_WGI_PV.EST,-1.37835589999999
BDI,Burundi,2020,GOV_WGI_PV.EST,-1.49526809999999
BDI,Burundi,2019,GOV_WGI_PV.EST,-1.66929629999999
BDI,Burundi,2018,GOV_WGI_PV.EST,-1.62367939999999
BDI,Burundi,2017,GOV_WGI_PV.EST,-2.0904201
BDI,Burundi,2016,GOV_WGI_PV.EST,-2.106715
BDI,Burundi,2015,GOV_WGI_PV.EST,-2.03645089999999
BDI,Burundi,2014,GOV_WGI_PV.EST,-1.06174299999999
BDI,Burundi,2013,GOV_WGI_PV.EST,-1.67571539999999
BDI,Burundi,2012,GOV_WGI_PV.EST,-1.9079102
BDI,Burundi,2011,GOV_WGI_PV.EST,-1.84318419999999
BDI,Burundi,2010,GOV_WGI_PV.EST,-1.6874837
BDI,Burundi,2009,GOV_WGI_PV.EST,-1.0572468
BDI,Burundi,2008,GOV_WGI_PV.EST,-1.4451741
BDI,Burundi,2007,GOV_WGI_PV.EST,-1.1429842
BDI,Burundi,2006,GOV_WGI_PV.EST,-1.2706416
BDI,Burundi,2005,GOV_WGI_PV.EST,-1.4998572
CPV,Cabo Verde,2024,GOV_WGI_PV.EST,0.7695825
CPV,Cabo Verde,2023,GOV_WGI_PV.EST,0.8691911
CPV,Cabo Verde,2022,GOV_WGI_PV.EST,0.8359641
CPV,Cabo Verde,2021,GOV_WGI_PV.EST,0.8339009
CPV,Cabo Verde,2020,GOV_WGI_PV.EST,0.839032
CPV,Cabo Verde,2019,GOV_WGI_PV.EST,0.8393375
CPV,Cabo Verde,2018,GOV_WGI_PV.EST,0.8387813
CPV,Cabo Verde,2017,GOV_WGI_PV.EST,0.7203252
CPV,Cabo Verde,2016,GOV_WGI_PV.EST,0.827822
CPV,Cabo Verde,2015,GOV_WGI_PV.EST,0.8435225
CPV,Cabo Verde,2014,GOV_WGI_PV.EST,0.6455106
CPV,Cabo Verde,2013,GOV_WGI_PV.EST,0.8049926
CPV,Cabo Verde,2012,GOV_WGI_PV.EST,0.8408258
CPV,Cabo Verde,2011,GOV_WGI_PV.EST,1.0171202
CPV,Cabo Verde,2010,GOV_WGI_PV.EST,1.0110449
CPV,Cabo Verde,2009,GOV_WGI_PV.EST,1.0097317
CPV,Cabo Verde,2008,GOV_WGI_PV.EST,0.8489607
CPV,Cabo Verde,2007,GOV_WGI_PV.EST,0.9138623
CPV,Cabo Verde,2006,GOV_WGI_PV.EST,0.9522799
CPV,Cabo Verde,2005,GOV_WGI_PV.EST,0.859853
KHM,Cambodia,2024,GOV_WGI_PV.EST,0.1284232
KHM,Cambodia,2023,GOV_WGI_PV.EST,0.1346422
KHM,Cambodia,2022,GOV_WGI_PV.EST,-0.0739156
KHM,Cambodia,2021,GOV_WGI_PV.EST,-0.1486895
KHM,Cambodia,2020,GOV_WGI_PV.EST,-0.2401873
KHM,Cambodia,2019,GOV_WGI_PV.EST,-0.1935314
KHM,Cambodia,2018,GOV_WGI_PV.EST,-0.1054427
KHM,Cambodia,2017,GOV_WGI_PV.EST,-0.153852799999999
KHM,Cambodia,2016,GOV_WGI_PV.EST,-0.0778582999999999
KHM,Cambodia,2015,GOV_WGI_PV.EST,-0.1585169
KHM,Cambodia,2014,GOV_WGI_PV.EST,-0.2628078
KHM,Cambodia,2013,GOV_WGI_PV.EST,-0.3707293
KHM,Cambodia,2012,GOV_WGI_PV.EST,-0.377158799999999
KHM,Cambodia,2011,GOV_WGI_PV.EST,-0.3236001
KHM,Cambodia,2010,GOV_WGI_PV.EST,-0.3874276
KHM,Cambodia,2009,GOV_WGI_PV.EST,-0.5824764
KHM,Cambodia,2008,GOV_WGI_PV.EST,-0.460177
KHM,Cambodia,2007,GOV_WGI_PV.EST,-0.5980652
KHM,Cambodia,2006,GOV_WGI_PV.EST,-0.5438366
KHM,Cambodia,2005,GOV_WGI_PV.EST,-0.659880799999999
CMR,Cameroon,2024,GOV_WGI_PV.EST,-1.55680399999999
CMR,Cameroon,2023,GOV_WGI_PV.EST,-1.6104201
CMR,Cameroon,2022,GOV_WGI_PV.EST,-1.6950827
CMR,Cameroon,2021,GOV_WGI_PV.EST,-1.57868299999999
CMR,Cameroon,2020,GOV_WGI_PV.EST,-1.6215792
CMR,Cameroon,2019,GOV_WGI_PV.EST,-1.6172731
CMR,Cameroon,2018,GOV_WGI_PV.EST,-1.4691248
CMR,Cameroon,2017,GOV_WGI_PV.EST,-1.1934513
CMR,Cameroon,2016,GOV_WGI_PV.EST,-1.1424059
CMR,Cameroon,2015,GOV_WGI_PV.EST,-1.0831153
CMR,Cameroon,2014,GOV_WGI_PV.EST,-0.9216987
CMR,Cameroon,2013,GOV_WGI_PV.EST,-0.831334199999999
CMR,Cameroon,2012,GOV_WGI_PV.EST,-0.7987418
CMR,Cameroon,2011,GOV_WGI_PV.EST,-0.743046299999999
CMR,Cameroon,2010,GOV_WGI_PV.EST,-0.6655279
CMR,Cameroon,2009,GOV_WGI_PV.EST,-0.4490608
CMR,Cameroon,2008,GOV_WGI_PV.EST,-0.5919129
CMR,Cameroon,2007,GOV_WGI_PV.EST,-0.3436526
CMR,Cameroon,2006,GOV_WGI_PV.EST,-0.2662983
CMR,Cameroon,2005,GOV_WGI_PV.EST,-0.3681294
CAN,Canada,2024,GOV_WGI_PV.EST,0.5984769
CAN,Canada,2023,GOV_WGI_PV.EST,0.6267803
CAN,Canada,2022,GOV_WGI_PV.EST,0.5074459
CAN,Canada,2021,GOV_WGI_PV.EST,0.7604154
CAN,Canada,2020,GOV_WGI_PV.EST,0.9455077
CAN,Canada,2019,GOV_WGI_PV.EST,0.9041813
CAN,Canada,2018,GOV_WGI_PV.EST,0.9371514
CAN,Canada,2017,GOV_WGI_PV.EST,1.0192144
CAN,Canada,2016,GOV_WGI_PV.EST,1.1623092
CAN,Canada,2015,GOV_WGI_PV.EST,1.1827978
CAN,Canada,2014,GOV_WGI_PV.EST,1.1626133
CAN,Canada,2013,GOV_WGI_PV.EST,1.0153332
CAN,Canada,2012,GOV_WGI_PV.EST,1.0932951
CAN,Canada,2011,GOV_WGI_PV.EST,1.0765359
CAN,Canada,2010,GOV_WGI_PV.EST,1.0176806
CAN,Canada,2009,GOV_WGI_PV.EST,1.3795675
CAN,Canada,2008,GOV_WGI_PV.EST,1.0954521
CAN,Canada,2007,GOV_WGI_PV.EST,1.0422531
CAN,Canada,2006,GOV_WGI_PV.EST,0.9917855
CAN,Canada,2005,GOV_WGI_PV.EST,0.9387293
,Cayman Islands,2024,GOV_WGI_PV.EST,1.4607897
,Cayman Islands,2023,GOV_WGI_PV.EST,1.4667806
,Cayman Islands,2022,GOV_WGI_PV.EST,1.4663069
,Cayman Islands,2021,GOV_WGI_PV.EST,1.4633939
,Cayman Islands,2020,GOV_WGI_PV.EST,1.2749256
,Cayman Islands,2019,GOV_WGI_PV.EST,1.275357
,Cayman Islands,2018,GOV_WGI_PV.EST,0.978425
,Cayman Islands,2017,GOV_WGI_PV.EST,0.974877
,Cayman Islands,2016,GOV_WGI_PV.EST,0.9743726
,Cayman Islands,2015,GOV_WGI_PV.EST,1.2746191
,Cayman Islands,2014,GOV_WGI_PV.EST,1.2758384
,Cayman Islands,2013,GOV_WGI_PV.EST,1.2391298
,Cayman Islands,2012,GOV_WGI_PV.EST,1.2407194
,Cayman Islands,2011,GOV_WGI_PV.EST,1.2412396
,Cayman Islands,2010,GOV_WGI_PV.EST,1.246168
,Cayman Islands,2009,GOV_WGI_PV.EST,1.3168772
,Cayman Islands,2008,GOV_WGI_PV.EST,1.1885017
,Cayman Islands,2007,GOV_WGI_PV.EST,1.1891071
,Cayman Islands,2006,GOV_WGI_PV.EST,1.184192
,Cayman Islands,2005,GOV_WGI_PV.EST,1.1812157
CAF,Central African Republic,2024,GOV_WGI_PV.EST,-1.83294689999999
CAF,Central African Republic,2023,GOV_WGI_PV.EST,-1.87417179999999
CAF,Central African Republic,2022,GOV_WGI_PV.EST,-1.9022515
CAF,Central African Republic,2021,GOV_WGI_PV.EST,-2.1689304
CAF,Central African Republic,2020,GOV_WGI_PV.EST,-2.3306101
CAF,Central African Republic,2019,GOV_WGI_PV.EST,-1.85285369999999
CAF,Central African Republic,2018,GOV_WGI_PV.EST,-1.89363629999999
CAF,Central African Republic,2017,GOV_WGI_PV.EST,-1.82651039999999
CAF,Central African Republic,2016,GOV_WGI_PV.EST,-1.698431
CAF,Central African Republic,2015,GOV_WGI_PV.EST,-1.8904664
CAF,Central African Republic,2014,GOV_WGI_PV.EST,-2.4862537
CAF,Central African Republic,2013,GOV_WGI_PV.EST,-2.14915889999999
CAF,Central African Republic,2012,GOV_WGI_PV.EST,-1.8710274
CAF,Central African Republic,2011,GOV_WGI_PV.EST,-1.5684755
CAF,Central African Republic,2010,GOV_WGI_PV.EST,-1.71672009999999
CAF,Central African Republic,2009,GOV_WGI_PV.EST,-1.3308075
CAF,Central African Republic,2008,GOV_WGI_PV.EST,-1.7034314
CAF,Central African Republic,2007,GOV_WGI_PV.EST,-1.7222041
CAF,Central African Republic,2006,GOV_WGI_PV.EST,-1.72564379999999
CAF,Central African Republic,2005,GOV_WGI_PV.EST,-1.4370565
TCD,Chad,2024,GOV_WGI_PV.EST,-1.77893219999999
TCD,Chad,2023,GOV_WGI_PV.EST,-1.6839155
TCD,Chad,2022,GOV_WGI_PV.EST,-1.6491593
TCD,Chad,2021,GOV_WGI_PV.EST,-1.689273
TCD,Chad,2020,GOV_WGI_PV.EST,-1.4524146
TCD,Chad,2019,GOV_WGI_PV.EST,-1.4521212
TCD,Chad,2018,GOV_WGI_PV.EST,-1.3603311
TCD,Chad,2017,GOV_WGI_PV.EST,-1.36771589999999
TCD,Chad,2016,GOV_WGI_PV.EST,-1.34170719999999
TCD,Chad,2015,GOV_WGI_PV.EST,-1.1227573
TCD,Chad,2014,GOV_WGI_PV.EST,-1.3290695
TCD,Chad,2013,GOV_WGI_PV.EST,-1.18913009999999
TCD,Chad,2012,GOV_WGI_PV.EST,-1.1726684
TCD,Chad,2011,GOV_WGI_PV.EST,-1.1533318
TCD,Chad,2010,GOV_WGI_PV.EST,-1.08974669999999
TCD,Chad,2009,GOV_WGI_PV.EST,-1.0699072
TCD,Chad,2008,GOV_WGI_PV.EST,-1.8243844
TCD,Chad,2007,GOV_WGI_PV.EST,-1.72178259999999
TCD,Chad,2006,GOV_WGI_PV.EST,-1.7693476
TCD,Chad,2005,GOV_WGI_PV.EST,-1.4912872
CHL,Chile,2024,GOV_WGI_PV.EST,0.1213566
CHL,Chile,2023,GOV_WGI_PV.EST,0.0876667
CHL,Chile,2022,GOV_WGI_PV.EST,-0.004406
CHL,Chile,2021,GOV_WGI_PV.EST,0.146317
CHL,Chile,2020,GOV_WGI_PV.EST,0.1362588
CHL,Chile,2019,GOV_WGI_PV.EST,0.1657239
CHL,Chile,2018,GOV_WGI_PV.EST,0.6742085
CHL,Chile,2017,GOV_WGI_PV.EST,0.5894191
CHL,Chile,2016,GOV_WGI_PV.EST,0.5937207
CHL,Chile,2015,GOV_WGI_PV.EST,0.6780588
CHL,Chile,2014,GOV_WGI_PV.EST,0.7184817
CHL,Chile,2013,GOV_WGI_PV.EST,0.574319
CHL,Chile,2012,GOV_WGI_PV.EST,0.592861
CHL,Chile,2011,GOV_WGI_PV.EST,0.5996883
CHL,Chile,2010,GOV_WGI_PV.EST,0.9018874
CHL,Chile,2009,GOV_WGI_PV.EST,0.8581561
CHL,Chile,2008,GOV_WGI_PV.EST,0.7488143
CHL,Chile,2007,GOV_WGI_PV.EST,0.7570082
CHL,Chile,2006,GOV_WGI_PV.EST,0.8696697
CHL,Chile,2005,GOV_WGI_PV.EST,0.9212744
CHN,China,2024,GOV_WGI_PV.EST,-0.153336399999999
CHN,China,2023,GOV_WGI_PV.EST,-0.174451499999999
CHN,China,2022,GOV_WGI_PV.EST,-0.249058199999999
CHN,China,2021,GOV_WGI_PV.EST,-0.259168
CHN,China,2020,GOV_WGI_PV.EST,-0.302661299999999
CHN,China,2019,GOV_WGI_PV.EST,-0.138588699999999
CHN,China,2018,GOV_WGI_PV.EST,-0.237003599999999
CHN,China,2017,GOV_WGI_PV.EST,-0.203288
CHN,China,2016,GOV_WGI_PV.EST,-0.501441799999999
CHN,China,2015,GOV_WGI_PV.EST,-0.5462433
CHN,China,2014,GOV_WGI_PV.EST,-0.523856099999999
CHN,China,2013,GOV_WGI_PV.EST,-0.5627312
CHN,China,2012,GOV_WGI_PV.EST,-0.6177714
CHN,China,2011,GOV_WGI_PV.EST,-0.6326472
CHN,China,2010,GOV_WGI_PV.EST,-0.6176124
CHN,China,2009,GOV_WGI_PV.EST,-0.310643499999999
CHN,China,2008,GOV_WGI_PV.EST,-0.553233499999999
CHN,China,2007,GOV_WGI_PV.EST,-0.5003284
CHN,China,2006,GOV_WGI_PV.EST,-0.5305461
CHN,China,2005,GOV_WGI_PV.EST,-0.5590294
COL,Colombia,2024,GOV_WGI_PV.EST,-0.9708732
COL,Colombia,2023,GOV_WGI_PV.EST,-0.7993485
COL,Colombia,2022,GOV_WGI_PV.EST,-0.809182
COL,Colombia,2021,GOV_WGI_PV.EST,-1.0147831
COL,Colombia,2020,GOV_WGI_PV.EST,-0.6819314
COL,Colombia,2019,GOV_WGI_PV.EST,-0.9052968
COL,Colombia,2018,GOV_WGI_PV.EST,-0.665561899999999
COL,Colombia,2017,GOV_WGI_PV.EST,-0.779948499999999
COL,Colombia,2016,GOV_WGI_PV.EST,-0.873548099999999
COL,Colombia,2015,GOV_WGI_PV.EST,-0.9555119
COL,Colombia,2014,GOV_WGI_PV.EST,-0.995331299999999
COL,Colombia,2013,GOV_WGI_PV.EST,-1.29909379999999
COL,Colombia,2012,GOV_WGI_PV.EST,-1.3314327
COL,Colombia,2011,GOV_WGI_PV.EST,-1.1659142
COL,Colombia,2010,GOV_WGI_PV.EST,-1.3306958
COL,Colombia,2009,GOV_WGI_PV.EST,-1.56419059999999
COL,Colombia,2008,GOV_WGI_PV.EST,-1.6443009
COL,Colombia,2007,GOV_WGI_PV.EST,-1.616164
COL,Colombia,2006,GOV_WGI_PV.EST,-1.833559
COL,Colombia,2005,GOV_WGI_PV.EST,-1.9999771
COM,Comoros,2024,GOV_WGI_PV.EST,-0.221274299999999
COM,Comoros,2023,GOV_WGI_PV.EST,-0.3743498
COM,Comoros,2022,GOV_WGI_PV.EST,-0.374766
COM,Comoros,2021,GOV_WGI_PV.EST,-0.3981267
COM,Comoros,2020,GOV_WGI_PV.EST,-0.4562829
COM,Comoros,2019,GOV_WGI_PV.EST,-0.4550338
COM,Comoros,2018,GOV_WGI_PV.EST,-0.407626
COM,Comoros,2017,GOV_WGI_PV.EST,-0.1999982
COM,Comoros,2016,GOV_WGI_PV.EST,-0.2599683
COM,Comoros,2015,GOV_WGI_PV.EST,-0.0966781999999999
COM,Comoros,2014,GOV_WGI_PV.EST,-0.0153216999999999
COM,Comoros,2013,GOV_WGI_PV.EST,-0.2395935
COM,Comoros,2012,GOV_WGI_PV.EST,-0.3950629
COM,Comoros,2011,GOV_WGI_PV.EST,-0.5277008
COM,Comoros,2010,GOV_WGI_PV.EST,-0.4825094
COM,Comoros,2009,GOV_WGI_PV.EST,-0.505995699999999
COM,Comoros,2008,GOV_WGI_PV.EST,-0.997106899999999
COM,Comoros,2007,GOV_WGI_PV.EST,-0.996511599999999
COM,Comoros,2006,GOV_WGI_PV.EST,-0.392569699999999
COM,Comoros,2005,GOV_WGI_PV.EST,-0.6919084
COD,"Congo, Dem. Rep.",2024,GOV_WGI_PV.EST,-2.1191762
COD,"Congo, Dem. Rep.",2023,GOV_WGI_PV.EST,-1.9812287
COD,"Congo, Dem. Rep.",2022,GOV_WGI_PV.EST,-1.8455557
COD,"Congo, Dem. Rep.",2021,GOV_WGI_PV.EST,-1.6314631
COD,"Congo, Dem. Rep.",2020,GOV_WGI_PV.EST,-1.80629289999999
COD,"Congo, Dem. Rep.",2019,GOV_WGI_PV.EST,-1.6467983
COD,"Congo, Dem. Rep.",2018,GOV_WGI_PV.EST,-1.8967124
COD,"Congo, Dem. Rep.",2017,GOV_WGI_PV.EST,-2.26337839999999
COD,"Congo, Dem. Rep.",2016,GOV_WGI_PV.EST,-2.2189353
COD,"Congo, Dem. Rep.",2015,GOV_WGI_PV.EST,-2.01074219999999
COD,"Congo, Dem. Rep.",2014,GOV_WGI_PV.EST,-2.2481931
COD,"Congo, Dem. Rep.",2013,GOV_WGI_PV.EST,-2.2257153
COD,"Congo, Dem. Rep.",2012,GOV_WGI_PV.EST,-2.21679669999999
COD,"Congo, Dem. Rep.",2011,GOV_WGI_PV.EST,-2.1644541
COD,"Congo, Dem. Rep.",2010,GOV_WGI_PV.EST,-2.0298993
COD,"Congo, Dem. Rep.",2009,GOV_WGI_PV.EST,-1.53122579999999
COD,"Congo, Dem. Rep.",2008,GOV_WGI_PV.EST,-1.94149549999999
COD,"Congo, Dem. Rep.",2007,GOV_WGI_PV.EST,-2.0273686
COD,"Congo, Dem. Rep.",2006,GOV_WGI_PV.EST,-2.05310459999999
COD,"Congo, Dem. Rep.",2005,GOV_WGI_PV.EST,-2.074788
COG,"Congo, Rep.",2024,GOV_WGI_PV.EST,-0.2584147
COG,"Congo, Rep.",2023,GOV_WGI_PV.EST,-0.199460399999999
COG,"Congo, Rep.",2022,GOV_WGI_PV.EST,-0.1445911
COG,"Congo, Rep.",2021,GOV_WGI_PV.EST,-0.517419899999999
COG,"Congo, Rep.",2020,GOV_WGI_PV.EST,-0.5758284
COG,"Congo, Rep.",2019,GOV_WGI_PV.EST,-0.5963817
COG,"Congo, Rep.",2018,GOV_WGI_PV.EST,-0.6896411
COG,"Congo, Rep.",2017,GOV_WGI_PV.EST,-0.7695685
COG,"Congo, Rep.",2016,GOV_WGI_PV.EST,-0.760806
COG,"Congo, Rep.",2015,GOV_WGI_PV.EST,-0.7582165
COG,"Congo, Rep.",2014,GOV_WGI_PV.EST,-0.474273699999999
COG,"Congo, Rep.",2013,GOV_WGI_PV.EST,-0.5775904
COG,"Congo, Rep.",2012,GOV_WGI_PV.EST,-0.668392299999999
COG,"Congo, Rep.",2011,GOV_WGI_PV.EST,-0.6251959
COG,"Congo, Rep.",2010,GOV_WGI_PV.EST,-0.532351
COG,"Congo, Rep.",2009,GOV_WGI_PV.EST,-0.381743699999999
COG,"Congo, Rep.",2008,GOV_WGI_PV.EST,-0.798681499999999
COG,"Congo, Rep.",2007,GOV_WGI_PV.EST,-0.8429129
COG,"Congo, Rep.",2006,GOV_WGI_PV.EST,-0.8804342
COG,"Congo, Rep.",2005,GOV_WGI_PV.EST,-1.26779059999999
CRI,Costa Rica,2024,GOV_WGI_PV.EST,1.1756544
CRI,Costa Rica,2023,GOV_WGI_PV.EST,1.1842629
CRI,Costa Rica,2022,GOV_WGI_PV.EST,1.1460641
CRI,Costa Rica,2021,GOV_WGI_PV.EST,1.0171458
CRI,Costa Rica,2020,GOV_WGI_PV.EST,0.9250217
CRI,Costa Rica,2019,GOV_WGI_PV.EST,0.6261254
CRI,Costa Rica,2018,GOV_WGI_PV.EST,0.6346654
CRI,Costa Rica,2017,GOV_WGI_PV.EST,0.7405908
CRI,Costa Rica,2016,GOV_WGI_PV.EST,0.7331119
CRI,Costa Rica,2015,GOV_WGI_PV.EST,0.7458992
CRI,Costa Rica,2014,GOV_WGI_PV.EST,0.6803966
CRI,Costa Rica,2013,GOV_WGI_PV.EST,0.6591343
CRI,Costa Rica,2012,GOV_WGI_PV.EST,0.655542
CRI,Costa Rica,2011,GOV_WGI_PV.EST,0.6316858
CRI,Costa Rica,2010,GOV_WGI_PV.EST,0.7938234
CRI,Costa Rica,2009,GOV_WGI_PV.EST,0.7203643
CRI,Costa Rica,2008,GOV_WGI_PV.EST,0.5795087
CRI,Costa Rica,2007,GOV_WGI_PV.EST,0.8132129
CRI,Costa Rica,2006,GOV_WGI_PV.EST,0.8662239
CRI,Costa Rica,2005,GOV_WGI_PV.EST,0.8271663
CIV,Cote d'Ivoire,2024,GOV_WGI_PV.EST,-0.8438331
CIV,Cote d'Ivoire,2023,GOV_WGI_PV.EST,-0.7874489
CIV,Cote d'Ivoire,2022,GOV_WGI_PV.EST,-0.716317499999999
CIV,Cote d'Ivoire,2021,GOV_WGI_PV.EST,-0.895587799999999
CIV,Cote d'Ivoire,2020,GOV_WGI_PV.EST,-1.16712789999999
CIV,Cote d'Ivoire,2019,GOV_WGI_PV.EST,-1.0134615
CIV,Cote d'Ivoire,2018,GOV_WGI_PV.EST,-0.9182691
CIV,Cote d'Ivoire,2017,GOV_WGI_PV.EST,-1.0411412
CIV,Cote d'Ivoire,2016,GOV_WGI_PV.EST,-0.8652379
CIV,Cote d'Ivoire,2015,GOV_WGI_PV.EST,-0.7838544
CIV,Cote d'Ivoire,2014,GOV_WGI_PV.EST,-1.0370019
CIV,Cote d'Ivoire,2013,GOV_WGI_PV.EST,-1.2086343
CIV,Cote d'Ivoire,2012,GOV_WGI_PV.EST,-1.5191192
CIV,Cote d'Ivoire,2011,GOV_WGI_PV.EST,-1.6395136
CIV,Cote d'Ivoire,2010,GOV_WGI_PV.EST,-1.84989379999999
CIV,Cote d'Ivoire,2009,GOV_WGI_PV.EST,-0.960599299999999
CIV,Cote d'Ivoire,2008,GOV_WGI_PV.EST,-1.8314441
CIV,Cote d'Ivoire,2007,GOV_WGI_PV.EST,-1.9248477
CIV,Cote d'Ivoire,2006,GOV_WGI_PV.EST,-1.90764699999999
CIV,Cote d'Ivoire,2005,GOV_WGI_PV.EST,-2.3486525
HRV,Croatia,2024,GOV_WGI_PV.EST,0.5814089
HRV,Croatia,2023,GOV_WGI_PV.EST,0.6832484
HRV,Croatia,2022,GOV_WGI_PV.EST,0.7321186
HRV,Croatia,2021,GOV_WGI_PV.EST,0.6364386
HRV,Croatia,2020,GOV_WGI_PV.EST,0.6477441
HRV,Croatia,2019,GOV_WGI_PV.EST,0.7476171
HRV,Croatia,2018,GOV_WGI_PV.EST,0.7689202
HRV,Croatia,2017,GOV_WGI_PV.EST,0.6251591
HRV,Croatia,2016,GOV_WGI_PV.EST,0.6354526
HRV,Croatia,2015,GOV_WGI_PV.EST,0.611397
HRV,Croatia,2014,GOV_WGI_PV.EST,0.6331008
HRV,Croatia,2013,GOV_WGI_PV.EST,0.6983074
HRV,Croatia,2012,GOV_WGI_PV.EST,0.6651026
HRV,Croatia,2011,GOV_WGI_PV.EST,0.6832234
HRV,Croatia,2010,GOV_WGI_PV.EST,0.6992294
HRV,Croatia,2009,GOV_WGI_PV.EST,0.7434322
HRV,Croatia,2008,GOV_WGI_PV.EST,0.7411695
HRV,Croatia,2007,GOV_WGI_PV.EST,0.777978
HRV,Croatia,2006,GOV_WGI_PV.EST,0.719055
HRV,Croatia,2005,GOV_WGI_PV.EST,0.5543108
CUB,Cuba,2024,GOV_WGI_PV.EST,0.3155266
CUB,Cuba,2023,GOV_WGI_PV.EST,0.4305507
CUB,Cuba,2022,GOV_WGI_PV.EST,0.4974928
CUB,Cuba,2021,GOV_WGI_PV.EST,0.4994388
CUB,Cuba,2020,GOV_WGI_PV.EST,0.6687382
CUB,Cuba,2019,GOV_WGI_PV.EST,0.6592457
CUB,Cuba,2018,GOV_WGI_PV.EST,0.5676311
CUB,Cuba,2017,GOV_WGI_PV.EST,0.5729674
CUB,Cuba,2016,GOV_WGI_PV.EST,0.6142617
CUB,Cuba,2015,GOV_WGI_PV.EST,0.5847166
CUB,Cuba,2014,GOV_WGI_PV.EST,0.5757986
CUB,Cuba,2013,GOV_WGI_PV.EST,0.3041157
CUB,Cuba,2012,GOV_WGI_PV.EST,0.2398598
CUB,Cuba,2011,GOV_WGI_PV.EST,0.2361692
CUB,Cuba,2010,GOV_WGI_PV.EST,0.4544143
CUB,Cuba,2009,GOV_WGI_PV.EST,0.4583653
CUB,Cuba,2008,GOV_WGI_PV.EST,0.4445079
CUB,Cuba,2007,GOV_WGI_PV.EST,0.4217554
CUB,Cuba,2006,GOV_WGI_PV.EST,0.4911177
CUB,Cuba,2005,GOV_WGI_PV.EST,0.4196157
CYP,Cyprus,2024,GOV_WGI_PV.EST,0.3858613
CYP,Cyprus,2023,GOV_WGI_PV.EST,0.3935929
CYP,Cyprus,2022,GOV_WGI_PV.EST,0.3811357
CYP,Cyprus,2021,GOV_WGI_PV.EST,0.4791734
CYP,Cyprus,2020,GOV_WGI_PV.EST,0.4538116
CYP,Cyprus,2019,GOV_WGI_PV.EST,0.7399069
CYP,Cyprus,2018,GOV_WGI_PV.EST,0.6561041
CYP,Cyprus,2017,GOV_WGI_PV.EST,0.6738103
CYP,Cyprus,2016,GOV_WGI_PV.EST,0.7672285
CYP,Cyprus,2015,GOV_WGI_PV.EST,0.6831374
CYP,Cyprus,2014,GOV_WGI_PV.EST,0.7031147
CYP,Cyprus,2013,GOV_WGI_PV.EST,0.7163623
CYP,Cyprus,2012,GOV_WGI_PV.EST,0.7933209
CYP,Cyprus,2011,GOV_WGI_PV.EST,0.7840771
CYP,Cyprus,2010,GOV_WGI_PV.EST,0.7665588
CYP,Cyprus,2009,GOV_WGI_PV.EST,0.7902511
CYP,Cyprus,2008,GOV_WGI_PV.EST,0.8007249
CYP,Cyprus,2007,GOV_WGI_PV.EST,0.6930853
CYP,Cyprus,2006,GOV_WGI_PV.EST,0.6425719
CYP,Cyprus,2005,GOV_WGI_PV.EST,0.5638796
CZE,Czechia,2024,GOV_WGI_PV.EST,0.9719006
CZE,Czechia,2023,GOV_WGI_PV.EST,1.0704669
CZE,Czechia,2022,GOV_WGI_PV.EST,0.9957469
CZE,Czechia,2021,GOV_WGI_PV.EST,0.9968819
CZE,Czechia,2020,GOV_WGI_PV.EST,0.9082209
CZE,Czechia,2019,GOV_WGI_PV.EST,1.0363667
CZE,Czechia,2018,GOV_WGI_PV.EST,1.0436452
CZE,Czechia,2017,GOV_WGI_PV.EST,1.0199948
CZE,Czechia,2016,GOV_WGI_PV.EST,1.0617374
CZE,Czechia,2015,GOV_WGI_PV.EST,1.100576
CZE,Czechia,2014,GOV_WGI_PV.EST,1.1241036
CZE,Czechia,2013,GOV_WGI_PV.EST,1.1188359
CZE,Czechia,2012,GOV_WGI_PV.EST,1.1228486
CZE,Czechia,2011,GOV_WGI_PV.EST,1.1297603
CZE,Czechia,2010,GOV_WGI_PV.EST,1.0992694
CZE,Czechia,2009,GOV_WGI_PV.EST,1.0713838
CZE,Czechia,2008,GOV_WGI_PV.EST,1.1254325
CZE,Czechia,2007,GOV_WGI_PV.EST,1.0971281
CZE,Czechia,2006,GOV_WGI_PV.EST,1.0736057
CZE,Czechia,2005,GOV_WGI_PV.EST,1.0432999
DNK,Denmark,2024,GOV_WGI_PV.EST,0.7688761
DNK,Denmark,2023,GOV_WGI_PV.EST,0.9005936
DNK,Denmark,2022,GOV_WGI_PV.EST,0.8416401
DNK,Denmark,2021,GOV_WGI_PV.EST,0.8409469
DNK,Denmark,2020,GOV_WGI_PV.EST,0.8682976
DNK,Denmark,2019,GOV_WGI_PV.EST,0.8984987
DNK,Denmark,2018,GOV_WGI_PV.EST,1.0018359
DNK,Denmark,2017,GOV_WGI_PV.EST,0.9149035
DNK,Denmark,2016,GOV_WGI_PV.EST,0.9320841
DNK,Denmark,2015,GOV_WGI_PV.EST,1.0198991
DNK,Denmark,2014,GOV_WGI_PV.EST,1.1307994
DNK,Denmark,2013,GOV_WGI_PV.EST,1.0203721
DNK,Denmark,2012,GOV_WGI_PV.EST,1.0433934
DNK,Denmark,2011,GOV_WGI_PV.EST,1.155094
DNK,Denmark,2010,GOV_WGI_PV.EST,1.1703202
DNK,Denmark,2009,GOV_WGI_PV.EST,1.2068064
DNK,Denmark,2008,GOV_WGI_PV.EST,1.2312618
DNK,Denmark,2007,GOV_WGI_PV.EST,1.2633404
DNK,Denmark,2006,GOV_WGI_PV.EST,1.0918283
DNK,Denmark,2005,GOV_WGI_PV.EST,1.1357606
DJI,Djibouti,2024,GOV_WGI_PV.EST,-0.5563593
DJI,Djibouti,2023,GOV_WGI_PV.EST,-0.4640183
DJI,Djibouti,2022,GOV_WGI_PV.EST,-0.4774121
DJI,Djibouti,2021,GOV_WGI_PV.EST,-0.5273642
DJI,Djibouti,2020,GOV_WGI_PV.EST,-0.4591955
DJI,Djibouti,2019,GOV_WGI_PV.EST,-0.3842768
DJI,Djibouti,2018,GOV_WGI_PV.EST,-0.296717499999999
DJI,Djibouti,2017,GOV_WGI_PV.EST,-0.7552217
DJI,Djibouti,2016,GOV_WGI_PV.EST,-0.7074408
DJI,Djibouti,2015,GOV_WGI_PV.EST,-0.493180099999999
DJI,Djibouti,2014,GOV_WGI_PV.EST,-0.3843552
DJI,Djibouti,2013,GOV_WGI_PV.EST,-0.2955231
DJI,Djibouti,2012,GOV_WGI_PV.EST,0.1173704
DJI,Djibouti,2011,GOV_WGI_PV.EST,0.1177782
DJI,Djibouti,2010,GOV_WGI_PV.EST,0.3584284
DJI,Djibouti,2009,GOV_WGI_PV.EST,0.5407182
DJI,Djibouti,2008,GOV_WGI_PV.EST,0.3064746
DJI,Djibouti,2007,GOV_WGI_PV.EST,-0.0004149
DJI,Djibouti,2006,GOV_WGI_PV.EST,-0.1371762
DJI,Djibouti,2005,GOV_WGI_PV.EST,-0.712164399999999
DMA,Dominica,2024,GOV_WGI_PV.EST,1.2341643
DMA,Dominica,2023,GOV_WGI_PV.EST,1.2402149
DMA,Dominica,2022,GOV_WGI_PV.EST,1.2397365
DMA,Dominica,2021,GOV_WGI_PV.EST,1.2367945
DMA,Dominica,2020,GOV_WGI_PV.EST,1.2385037
DMA,Dominica,2019,GOV_WGI_PV.EST,0.9867091
DMA,Dominica,2018,GOV_WGI_PV.EST,1.112031
DMA,Dominica,2017,GOV_WGI_PV.EST,1.1093885
DMA,Dominica,2016,GOV_WGI_PV.EST,0.9362782
DMA,Dominica,2015,GOV_WGI_PV.EST,1.1120789
DMA,Dominica,2014,GOV_WGI_PV.EST,1.1473784
DMA,Dominica,2013,GOV_WGI_PV.EST,1.0912351
DMA,Dominica,2012,GOV_WGI_PV.EST,1.092941
DMA,Dominica,2011,GOV_WGI_PV.EST,1.0934992
DMA,Dominica,2010,GOV_WGI_PV.EST,1.098788
DMA,Dominica,2009,GOV_WGI_PV.EST,0.982245
DMA,Dominica,2008,GOV_WGI_PV.EST,0.9762833
DMA,Dominica,2007,GOV_WGI_PV.EST,0.8544313
DMA,Dominica,2006,GOV_WGI_PV.EST,0.9726788
DMA,Dominica,2005,GOV_WGI_PV.EST,0.8478312
DOM,Dominican Republic,2024,GOV_WGI_PV.EST,0.5893402
DOM,Dominican Republic,2023,GOV_WGI_PV.EST,0.4655668
DOM,Dominican Republic,2022,GOV_WGI_PV.EST,0.4914554
DOM,Dominican Republic,2021,GOV_WGI_PV.EST,0.3502987
DOM,Dominican Republic,2020,GOV_WGI_PV.EST,0.2361204
DOM,Dominican Republic,2019,GOV_WGI_PV.EST,0.0515231
DOM,Dominican Republic,2018,GOV_WGI_PV.EST,0.0030759
DOM,Dominican Republic,2017,GOV_WGI_PV.EST,0.0918722
DOM,Dominican Republic,2016,GOV_WGI_PV.EST,0.1555826
DOM,Dominican Republic,2015,GOV_WGI_PV.EST,0.1170524
DOM,Dominican Republic,2014,GOV_WGI_PV.EST,0.0549569
DOM,Dominican Republic,2013,GOV_WGI_PV.EST,-0.0097174
DOM,Dominican Republic,2012,GOV_WGI_PV.EST,0.0313944
DOM,Dominican Republic,2011,GOV_WGI_PV.EST,-0.0597805999999999
DOM,Dominican Republic,2010,GOV_WGI_PV.EST,-0.0570436999999999
DOM,Dominican Republic,2009,GOV_WGI_PV.EST,-0.0590302
DOM,Dominican Republic,2008,GOV_WGI_PV.EST,-0.0283211
DOM,Dominican Republic,2007,GOV_WGI_PV.EST,-0.0800328
DOM,Dominican Republic,2006,GOV_WGI_PV.EST,-0.1540857
DOM,Dominican Republic,2005,GOV_WGI_PV.EST,-0.3912303
ECU,Ecuador,2024,GOV_WGI_PV.EST,-0.7210909
ECU,Ecuador,2023,GOV_WGI_PV.EST,-0.3543579
ECU,Ecuador,2022,GOV_WGI_PV.EST,-0.2336288
ECU,Ecuador,2021,GOV_WGI_PV.EST,-0.1983083
ECU,Ecuador,2020,GOV_WGI_PV.EST,-0.1513823
ECU,Ecuador,2019,GOV_WGI_PV.EST,-0.209832
ECU,Ecuador,2018,GOV_WGI_PV.EST,-0.0672488
ECU,Ecuador,2017,GOV_WGI_PV.EST,-0.1273984
ECU,Ecuador,2016,GOV_WGI_PV.EST,-0.1672879
ECU,Ecuador,2015,GOV_WGI_PV.EST,-0.1822625
ECU,Ecuador,2014,GOV_WGI_PV.EST,-0.0167487
ECU,Ecuador,2013,GOV_WGI_PV.EST,-0.2633528
ECU,Ecuador,2012,GOV_WGI_PV.EST,-0.660745199999999
ECU,Ecuador,2011,GOV_WGI_PV.EST,-0.7429017
ECU,Ecuador,2010,GOV_WGI_PV.EST,-0.6609602
ECU,Ecuador,2009,GOV_WGI_PV.EST,-0.5221507
ECU,Ecuador,2008,GOV_WGI_PV.EST,-0.559667999999999
ECU,Ecuador,2007,GOV_WGI_PV.EST,-0.673285599999999
ECU,Ecuador,2006,GOV_WGI_PV.EST,-0.7680718
ECU,Ecuador,2005,GOV_WGI_PV.EST,-0.8556619
EGY,"Egypt, Arab Rep.",2024,GOV_WGI_PV.EST,-0.9779235
EGY,"Egypt, Arab Rep.",2023,GOV_WGI_PV.EST,-0.899323299999999
EGY,"Egypt, Arab Rep.",2022,GOV_WGI_PV.EST,-0.9542974
EGY,"Egypt, Arab Rep.",2021,GOV_WGI_PV.EST,-1.066781
EGY,"Egypt, Arab Rep.",2020,GOV_WGI_PV.EST,-1.1172787
EGY,"Egypt, Arab Rep.",2019,GOV_WGI_PV.EST,-1.19692089999999
EGY,"Egypt, Arab Rep.",2018,GOV_WGI_PV.EST,-1.26200959999999
EGY,"Egypt, Arab Rep.",2017,GOV_WGI_PV.EST,-1.4711477
EGY,"Egypt, Arab Rep.",2016,GOV_WGI_PV.EST,-1.5399732
EGY,"Egypt, Arab Rep.",2015,GOV_WGI_PV.EST,-1.5178167
EGY,"Egypt, Arab Rep.",2014,GOV_WGI_PV.EST,-1.5091298
EGY,"Egypt, Arab Rep.",2013,GOV_WGI_PV.EST,-1.8070331
EGY,"Egypt, Arab Rep.",2012,GOV_WGI_PV.EST,-1.58945659999999
EGY,"Egypt, Arab Rep.",2011,GOV_WGI_PV.EST,-1.68884559999999
EGY,"Egypt, Arab Rep.",2010,GOV_WGI_PV.EST,-1.0007352
EGY,"Egypt, Arab Rep.",2009,GOV_WGI_PV.EST,-0.570860599999999
EGY,"Egypt, Arab Rep.",2008,GOV_WGI_PV.EST,-0.431604999999999
EGY,"Egypt, Arab Rep.",2007,GOV_WGI_PV.EST,-0.4507884
EGY,"Egypt, Arab Rep.",2006,GOV_WGI_PV.EST,-0.676554
EGY,"Egypt, Arab Rep.",2005,GOV_WGI_PV.EST,-0.6948124
SLV,El Salvador,2024,GOV_WGI_PV.EST,0.00613259999999999
SLV,El Salvador,2023,GOV_WGI_PV.EST,0.0822243
SLV,El Salvador,2022,GOV_WGI_PV.EST,-0.0998814
SLV,El Salvador,2021,GOV_WGI_PV.EST,-0.222007099999999
SLV,El Salvador,2020,GOV_WGI_PV.EST,-0.1497936
SLV,El Salvador,2019,GOV_WGI_PV.EST,-0.2138062
SLV,El Salvador,2018,GOV_WGI_PV.EST,-0.420064599999999
SLV,El Salvador,2017,GOV_WGI_PV.EST,-0.3360373
SLV,El Salvador,2016,GOV_WGI_PV.EST,-0.2511021
SLV,El Salvador,2015,GOV_WGI_PV.EST,-0.1411131
SLV,El Salvador,2014,GOV_WGI_PV.EST,-0.1004167
SLV,El Salvador,2013,GOV_WGI_PV.EST,-0.1174817
SLV,El Salvador,2012,GOV_WGI_PV.EST,0.1962335
SLV,El Salvador,2011,GOV_WGI_PV.EST,0.0229262
SLV,El Salvador,2010,GOV_WGI_PV.EST,0.0373531
SLV,El Salvador,2009,GOV_WGI_PV.EST,-0.1546506
SLV,El Salvador,2008,GOV_WGI_PV.EST,0.056355
SLV,El Salvador,2007,GOV_WGI_PV.EST,-0.00960999999999999
SLV,El Salvador,2006,GOV_WGI_PV.EST,-0.209795999999999
SLV,El Salvador,2005,GOV_WGI_PV.EST,-0.0697981
GNQ,Equatorial Guinea,2024,GOV_WGI_PV.EST,-0.1409375
GNQ,Equatorial Guinea,2023,GOV_WGI_PV.EST,-0.2874757
GNQ,Equatorial Guinea,2022,GOV_WGI_PV.EST,-0.3481526
GNQ,Equatorial Guinea,2021,GOV_WGI_PV.EST,-0.3214725
GNQ,Equatorial Guinea,2020,GOV_WGI_PV.EST,-0.380621
GNQ,Equatorial Guinea,2019,GOV_WGI_PV.EST,-0.3400881
GNQ,Equatorial Guinea,2018,GOV_WGI_PV.EST,-0.3808707
GNQ,Equatorial Guinea,2017,GOV_WGI_PV.EST,-0.3950453
GNQ,Equatorial Guinea,2016,GOV_WGI_PV.EST,-0.404997699999999
GNQ,Equatorial Guinea,2015,GOV_WGI_PV.EST,-0.5106021
GNQ,Equatorial Guinea,2014,GOV_WGI_PV.EST,-0.5596512
GNQ,Equatorial Guinea,2013,GOV_WGI_PV.EST,-0.1980612
GNQ,Equatorial Guinea,2012,GOV_WGI_PV.EST,-0.0777002
GNQ,Equatorial Guinea,2011,GOV_WGI_PV.EST,-0.0605353999999999
GNQ,Equatorial Guinea,2010,GOV_WGI_PV.EST,0.1280299
GNQ,Equatorial Guinea,2009,GOV_WGI_PV.EST,0.2160624
GNQ,Equatorial Guinea,2008,GOV_WGI_PV.EST,-0.0665767
GNQ,Equatorial Guinea,2007,GOV_WGI_PV.EST,0.1039401
GNQ,Equatorial Guinea,2006,GOV_WGI_PV.EST,0.1001595
GNQ,Equatorial Guinea,2005,GOV_WGI_PV.EST,-0.640655699999999
ERI,Eritrea,2024,GOV_WGI_PV.EST,-0.7086146
ERI,Eritrea,2023,GOV_WGI_PV.EST,-0.7897784
ERI,Eritrea,2022,GOV_WGI_PV.EST,-1.0696541
ERI,Eritrea,2021,GOV_WGI_PV.EST,-1.02707899999999
ERI,Eritrea,2020,GOV_WGI_PV.EST,-1.0705711
ERI,Eritrea,2019,GOV_WGI_PV.EST,-0.9764301
ERI,Eritrea,2018,GOV_WGI_PV.EST,-0.9260353
ERI,Eritrea,2017,GOV_WGI_PV.EST,-0.834184199999999
ERI,Eritrea,2016,GOV_WGI_PV.EST,-0.7487988
ERI,Eritrea,2015,GOV_WGI_PV.EST,-0.7893504
ERI,Eritrea,2014,GOV_WGI_PV.EST,-0.651784799999999
ERI,Eritrea,2013,GOV_WGI_PV.EST,-0.983509699999999
ERI,Eritrea,2012,GOV_WGI_PV.EST,-0.9125405
ERI,Eritrea,2011,GOV_WGI_PV.EST,-0.8949954
ERI,Eritrea,2010,GOV_WGI_PV.EST,-0.8910469
ERI,Eritrea,2009,GOV_WGI_PV.EST,-0.666870899999999
ERI,Eritrea,2008,GOV_WGI_PV.EST,-0.7912203
ERI,Eritrea,2007,GOV_WGI_PV.EST,-0.9933451
ERI,Eritrea,2006,GOV_WGI_PV.EST,-0.8838642
ERI,Eritrea,2005,GOV_WGI_PV.EST,-0.927151699999999
EST,Estonia,2024,GOV_WGI_PV.EST,0.6995763
EST,Estonia,2023,GOV_WGI_PV.EST,0.8473511
EST,Estonia,2022,GOV_WGI_PV.EST,0.8742633
EST,Estonia,2021,GOV_WGI_PV.EST,0.8879044
EST,Estonia,2020,GOV_WGI_PV.EST,0.9178902
EST,Estonia,2019,GOV_WGI_PV.EST,0.8235862
EST,Estonia,2018,GOV_WGI_PV.EST,0.7988248
EST,Estonia,2017,GOV_WGI_PV.EST,0.8425161
EST,Estonia,2016,GOV_WGI_PV.EST,0.8731492
EST,Estonia,2015,GOV_WGI_PV.EST,0.8918499
EST,Estonia,2014,GOV_WGI_PV.EST,1.024732
EST,Estonia,2013,GOV_WGI_PV.EST,0.8630858
EST,Estonia,2012,GOV_WGI_PV.EST,0.704313
EST,Estonia,2011,GOV_WGI_PV.EST,0.7183725
EST,Estonia,2010,GOV_WGI_PV.EST,0.7732081
EST,Estonia,2009,GOV_WGI_PV.EST,0.6666147
EST,Estonia,2008,GOV_WGI_PV.EST,0.6674362
EST,Estonia,2007,GOV_WGI_PV.EST,0.7383006
EST,Estonia,2006,GOV_WGI_PV.EST,0.7247609
EST,Estonia,2005,GOV_WGI_PV.EST,0.6875963
SWZ,Eswatini,2024,GOV_WGI_PV.EST,-0.7327829
SWZ,Eswatini,2023,GOV_WGI_PV.EST,-0.7261847
SWZ,Eswatini,2022,GOV_WGI_PV.EST,-0.400835
SWZ,Eswatini,2021,GOV_WGI_PV.EST,-0.428643699999999
SWZ,Eswatini,2020,GOV_WGI_PV.EST,-0.1948628
SWZ,Eswatini,2019,GOV_WGI_PV.EST,-0.3182636
SWZ,Eswatini,2018,GOV_WGI_PV.EST,-0.5468116
SWZ,Eswatini,2017,GOV_WGI_PV.EST,-0.380332699999999
SWZ,Eswatini,2016,GOV_WGI_PV.EST,-0.4484062
SWZ,Eswatini,2015,GOV_WGI_PV.EST,-0.4462561
SWZ,Eswatini,2014,GOV_WGI_PV.EST,-0.3976089
SWZ,Eswatini,2013,GOV_WGI_PV.EST,-0.547354999999999
SWZ,Eswatini,2012,GOV_WGI_PV.EST,-0.5257872
SWZ,Eswatini,2011,GOV_WGI_PV.EST,-0.539824699999999
SWZ,Eswatini,2010,GOV_WGI_PV.EST,-0.0016446
SWZ,Eswatini,2009,GOV_WGI_PV.EST,0.0509459
SWZ,Eswatini,2008,GOV_WGI_PV.EST,-0.1724578
SWZ,Eswatini,2007,GOV_WGI_PV.EST,-0.0991317999999999
SWZ,Eswatini,2006,GOV_WGI_PV.EST,-0.2415542
SWZ,Eswatini,2005,GOV_WGI_PV.EST,-0.479008599999999
ETH,Ethiopia,2024,GOV_WGI_PV.EST,-1.88497389999999
ETH,Ethiopia,2023,GOV_WGI_PV.EST,-1.86375129999999
ETH,Ethiopia,2022,GOV_WGI_PV.EST,-1.8659545
ETH,Ethiopia,2021,GOV_WGI_PV.EST,-2.0139565
ETH,Ethiopia,2020,GOV_WGI_PV.EST,-1.5934093
ETH,Ethiopia,2019,GOV_WGI_PV.EST,-1.1789771
ETH,Ethiopia,2018,GOV_WGI_PV.EST,-1.2054246
ETH,Ethiopia,2017,GOV_WGI_PV.EST,-1.5195725
ETH,Ethiopia,2016,GOV_WGI_PV.EST,-1.43965759999999
ETH,Ethiopia,2015,GOV_WGI_PV.EST,-1.26354339999999
ETH,Ethiopia,2014,GOV_WGI_PV.EST,-1.1765231
ETH,Ethiopia,2013,GOV_WGI_PV.EST,-1.3952471
ETH,Ethiopia,2012,GOV_WGI_PV.EST,-1.613535
ETH,Ethiopia,2011,GOV_WGI_PV.EST,-1.5281949
ETH,Ethiopia,2010,GOV_WGI_PV.EST,-1.5760665
ETH,Ethiopia,2009,GOV_WGI_PV.EST,-1.3102757
ETH,Ethiopia,2008,GOV_WGI_PV.EST,-1.66091829999999
ETH,Ethiopia,2007,GOV_WGI_PV.EST,-1.6868659
ETH,Ethiopia,2006,GOV_WGI_PV.EST,-1.68960159999999
ETH,Ethiopia,2005,GOV_WGI_PV.EST,-1.63723739999999
FJI,Fiji,2024,GOV_WGI_PV.EST,0.6984398
FJI,Fiji,2023,GOV_WGI_PV.EST,0.782933
FJI,Fiji,2022,GOV_WGI_PV.EST,0.782553
FJI,Fiji,2021,GOV_WGI_PV.EST,0.6663534
FJI,Fiji,2020,GOV_WGI_PV.EST,0.6004415
FJI,Fiji,2019,GOV_WGI_PV.EST,0.6881602
FJI,Fiji,2018,GOV_WGI_PV.EST,0.6984111
FJI,Fiji,2017,GOV_WGI_PV.EST,0.3819841
FJI,Fiji,2016,GOV_WGI_PV.EST,0.7205988
FJI,Fiji,2015,GOV_WGI_PV.EST,0.3263655
FJI,Fiji,2014,GOV_WGI_PV.EST,0.3275632
FJI,Fiji,2013,GOV_WGI_PV.EST,-0.124034399999999
FJI,Fiji,2012,GOV_WGI_PV.EST,-0.1223286
FJI,Fiji,2011,GOV_WGI_PV.EST,-0.1217703
FJI,Fiji,2010,GOV_WGI_PV.EST,-0.177588399999999
FJI,Fiji,2009,GOV_WGI_PV.EST,-0.172265199999999
FJI,Fiji,2008,GOV_WGI_PV.EST,-0.1027295
FJI,Fiji,2007,GOV_WGI_PV.EST,-0.0062727
FJI,Fiji,2006,GOV_WGI_PV.EST,-0.1642534
FJI,Fiji,2005,GOV_WGI_PV.EST,0.3524398
FIN,Finland,2024,GOV_WGI_PV.EST,0.8325695
FIN,Finland,2023,GOV_WGI_PV.EST,0.7648776
FIN,Finland,2022,GOV_WGI_PV.EST,1.0892287
FIN,Finland,2021,GOV_WGI_PV.EST,1.1287431
FIN,Finland,2020,GOV_WGI_PV.EST,1.1572607
FIN,Finland,2019,GOV_WGI_PV.EST,0.9978349
FIN,Finland,2018,GOV_WGI_PV.EST,1.041505
FIN,Finland,2017,GOV_WGI_PV.EST,1.1388152
FIN,Finland,2016,GOV_WGI_PV.EST,1.0609919
FIN,Finland,2015,GOV_WGI_PV.EST,1.1347824
FIN,Finland,2014,GOV_WGI_PV.EST,1.3181701
FIN,Finland,2013,GOV_WGI_PV.EST,1.3332335
FIN,Finland,2012,GOV_WGI_PV.EST,1.3727278
FIN,Finland,2011,GOV_WGI_PV.EST,1.4052403
FIN,Finland,2010,GOV_WGI_PV.EST,1.4608384
FIN,Finland,2009,GOV_WGI_PV.EST,1.4999268
FIN,Finland,2008,GOV_WGI_PV.EST,1.4575265
FIN,Finland,2007,GOV_WGI_PV.EST,1.5017361
FIN,Finland,2006,GOV_WGI_PV.EST,1.4689255
FIN,Finland,2005,GOV_WGI_PV.EST,1.5071144
FRA,France,2024,GOV_WGI_PV.EST,-0.241365399999999
FRA,France,2023,GOV_WGI_PV.EST,-0.0187716
FRA,France,2022,GOV_WGI_PV.EST,0.0198376
FRA,France,2021,GOV_WGI_PV.EST,0.1241525
FRA,France,2020,GOV_WGI_PV.EST,0.1270887
FRA,France,2019,GOV_WGI_PV.EST,0.2040672
FRA,France,2018,GOV_WGI_PV.EST,0.1043516
FRA,France,2017,GOV_WGI_PV.EST,0.229972
FRA,France,2016,GOV_WGI_PV.EST,-0.0415329
FRA,France,2015,GOV_WGI_PV.EST,0.1735665
FRA,France,2014,GOV_WGI_PV.EST,0.3877863
FRA,France,2013,GOV_WGI_PV.EST,0.4916417
FRA,France,2012,GOV_WGI_PV.EST,0.6152427
FRA,France,2011,GOV_WGI_PV.EST,0.5880869
FRA,France,2010,GOV_WGI_PV.EST,0.7401354
FRA,France,2009,GOV_WGI_PV.EST,0.5084249
FRA,France,2008,GOV_WGI_PV.EST,0.6388366
FRA,France,2007,GOV_WGI_PV.EST,0.6512556
FRA,France,2006,GOV_WGI_PV.EST,0.5971816
FRA,France,2005,GOV_WGI_PV.EST,0.4622453
,French Polynesia,2024,GOV_WGI_PV.EST,1.0303397
,French Polynesia,2023,GOV_WGI_PV.EST,1.049441
,French Polynesia,2022,GOV_WGI_PV.EST,1.0479309
,French Polynesia,2021,GOV_WGI_PV.EST,1.0386429
,French Polynesia,2020,GOV_WGI_PV.EST,0.9517964
,French Polynesia,2019,GOV_WGI_PV.EST,0.9033343
GAB,Gabon,2024,GOV_WGI_PV.EST,-0.276887
GAB,Gabon,2023,GOV_WGI_PV.EST,-0.2702052
GAB,Gabon,2022,GOV_WGI_PV.EST,-0.1324826
GAB,Gabon,2021,GOV_WGI_PV.EST,-0.28203
GAB,Gabon,2020,GOV_WGI_PV.EST,-0.2194997
GAB,Gabon,2019,GOV_WGI_PV.EST,-0.2805716
GAB,Gabon,2018,GOV_WGI_PV.EST,-0.393451
GAB,Gabon,2017,GOV_WGI_PV.EST,-0.4524644
GAB,Gabon,2016,GOV_WGI_PV.EST,-0.534579199999999
GAB,Gabon,2015,GOV_WGI_PV.EST,-0.1148078
GAB,Gabon,2014,GOV_WGI_PV.EST,-0.0865664999999999
GAB,Gabon,2013,GOV_WGI_PV.EST,-0.0012508
GAB,Gabon,2012,GOV_WGI_PV.EST,0.0644217
GAB,Gabon,2011,GOV_WGI_PV.EST,-0.0247919
GAB,Gabon,2010,GOV_WGI_PV.EST,-0.000929999999999999
GAB,Gabon,2009,GOV_WGI_PV.EST,-0.115327699999999
GAB,Gabon,2008,GOV_WGI_PV.EST,0.0709964
GAB,Gabon,2007,GOV_WGI_PV.EST,0.1412457
GAB,Gabon,2006,GOV_WGI_PV.EST,0.0509
GAB,Gabon,2005,GOV_WGI_PV.EST,0.0508535
GMB,"Gambia, The",2024,GOV_WGI_PV.EST,-0.0180453
GMB,"Gambia, The",2023,GOV_WGI_PV.EST,0.1359932
GMB,"Gambia, The",2022,GOV_WGI_PV.EST,0.1344853
GMB,"Gambia, The",2021,GOV_WGI_PV.EST,0.0231959
GMB,"Gambia, The",2020,GOV_WGI_PV.EST,0.1363877
GMB,"Gambia, The",2019,GOV_WGI_PV.EST,0.0678807
GMB,"Gambia, The",2018,GOV_WGI_PV.EST,-0.115459499999999
GMB,"Gambia, The",2017,GOV_WGI_PV.EST,-0.196953699999999
GMB,"Gambia, The",2016,GOV_WGI_PV.EST,-0.446274
GMB,"Gambia, The",2015,GOV_WGI_PV.EST,-0.210501599999999
GMB,"Gambia, The",2014,GOV_WGI_PV.EST,-0.3503537
GMB,"Gambia, The",2013,GOV_WGI_PV.EST,-0.2420331
GMB,"Gambia, The",2012,GOV_WGI_PV.EST,-0.221411399999999
GMB,"Gambia, The",2011,GOV_WGI_PV.EST,-0.0174454
GMB,"Gambia, The",2010,GOV_WGI_PV.EST,0.0735716999999999
GMB,"Gambia, The",2009,GOV_WGI_PV.EST,0.1514336
GMB,"Gambia, The",2008,GOV_WGI_PV.EST,-0.0120161
GMB,"Gambia, The",2007,GOV_WGI_PV.EST,-0.0203999999999999
GMB,"Gambia, The",2006,GOV_WGI_PV.EST,-0.1468782
GMB,"Gambia, The",2005,GOV_WGI_PV.EST,-0.0459223
GEO,Georgia,2024,GOV_WGI_PV.EST,-0.6127592
GEO,Georgia,2023,GOV_WGI_PV.EST,-0.120908599999999
GEO,Georgia,2022,GOV_WGI_PV.EST,-0.100034699999999
GEO,Georgia,2021,GOV_WGI_PV.EST,-0.2017684
GEO,Georgia,2020,GOV_WGI_PV.EST,-0.1271941
GEO,Georgia,2019,GOV_WGI_PV.EST,-0.134771
GEO,Georgia,2018,GOV_WGI_PV.EST,-0.0948569
GEO,Georgia,2017,GOV_WGI_PV.EST,-0.1125587
GEO,Georgia,2016,GOV_WGI_PV.EST,-0.0614684
GEO,Georgia,2015,GOV_WGI_PV.EST,-0.090598
GEO,Georgia,2014,GOV_WGI_PV.EST,-0.0248029
GEO,Georgia,2013,GOV_WGI_PV.EST,-0.225994399999999
GEO,Georgia,2012,GOV_WGI_PV.EST,-0.5006273
GEO,Georgia,2011,GOV_WGI_PV.EST,-0.622573199999999
GEO,Georgia,2010,GOV_WGI_PV.EST,-0.5609883
GEO,Georgia,2009,GOV_WGI_PV.EST,-0.7431732
GEO,Georgia,2008,GOV_WGI_PV.EST,-0.8166453
GEO,Georgia,2007,GOV_WGI_PV.EST,-0.4938217
GEO,Georgia,2006,GOV_WGI_PV.EST,-0.8124382
GEO,Georgia,2005,GOV_WGI_PV.EST,-0.7777854
DEU,Germany,2024,GOV_WGI_PV.EST,0.1242671
DEU,Germany,2023,GOV_WGI_PV.EST,0.50602
DEU,Germany,2022,GOV_WGI_PV.EST,0.5284799
DEU,Germany,2021,GOV_WGI_PV.EST,0.6603045
DEU,Germany,2020,GOV_WGI_PV.EST,0.6840532
DEU,Germany,2019,GOV_WGI_PV.EST,0.7271723
DEU,Germany,2018,GOV_WGI_PV.EST,0.8239013
DEU,Germany,2017,GOV_WGI_PV.EST,0.7022243
DEU,Germany,2016,GOV_WGI_PV.EST,0.7945337
DEU,Germany,2015,GOV_WGI_PV.EST,0.8311441
DEU,Germany,2014,GOV_WGI_PV.EST,1.067265
DEU,Germany,2013,GOV_WGI_PV.EST,0.9567087
DEU,Germany,2012,GOV_WGI_PV.EST,0.9668035
DEU,Germany,2011,GOV_WGI_PV.EST,0.895856
DEU,Germany,2010,GOV_WGI_PV.EST,0.9300893
DEU,Germany,2009,GOV_WGI_PV.EST,1.0301906
DEU,Germany,2008,GOV_WGI_PV.EST,1.008294
DEU,Germany,2007,GOV_WGI_PV.EST,1.0605417
DEU,Germany,2006,GOV_WGI_PV.EST,1.0364686
DEU,Germany,2005,GOV_WGI_PV.EST,0.993342
GHA,Ghana,2024,GOV_WGI_PV.EST,0.0114605
GHA,Ghana,2023,GOV_WGI_PV.EST,-0.0688107
GHA,Ghana,2022,GOV_WGI_PV.EST,-0.1877453
GHA,Ghana,2021,GOV_WGI_PV.EST,-0.1622488
GHA,Ghana,2020,GOV_WGI_PV.EST,0.0588855
GHA,Ghana,2019,GOV_WGI_PV.EST,0.0133997
GHA,Ghana,2018,GOV_WGI_PV.EST,-0.032042
GHA,Ghana,2017,GOV_WGI_PV.EST,0.0663948999999999
GHA,Ghana,2016,GOV_WGI_PV.EST,-0.128208
GHA,Ghana,2015,GOV_WGI_PV.EST,-0.0228697
GHA,Ghana,2014,GOV_WGI_PV.EST,-0.0929878
GHA,Ghana,2013,GOV_WGI_PV.EST,0.0303364
GHA,Ghana,2012,GOV_WGI_PV.EST,0.0333979
GHA,Ghana,2011,GOV_WGI_PV.EST,0.0898514
GHA,Ghana,2010,GOV_WGI_PV.EST,-0.0543989999999999
GHA,Ghana,2009,GOV_WGI_PV.EST,0.1366056
GHA,Ghana,2008,GOV_WGI_PV.EST,-0.145694
GHA,Ghana,2007,GOV_WGI_PV.EST,-0.116125499999999
GHA,Ghana,2006,GOV_WGI_PV.EST,-0.0780160999999999
GHA,Ghana,2005,GOV_WGI_PV.EST,0.0517114
GRC,Greece,2024,GOV_WGI_PV.EST,0.1394204
GRC,Greece,2023,GOV_WGI_PV.EST,0.3853039
GRC,Greece,2022,GOV_WGI_PV.EST,0.236947
GRC,Greece,2021,GOV_WGI_PV.EST,0.2270172
GRC,Greece,2020,GOV_WGI_PV.EST,0.2996221
GRC,Greece,2019,GOV_WGI_PV.EST,0.2789347
GRC,Greece,2018,GOV_WGI_PV.EST,0.351321
GRC,Greece,2017,GOV_WGI_PV.EST,0.00694
GRC,Greece,2016,GOV_WGI_PV.EST,-0.1537754
GRC,Greece,2015,GOV_WGI_PV.EST,-0.1201405
GRC,Greece,2014,GOV_WGI_PV.EST,-0.0700276
GRC,Greece,2013,GOV_WGI_PV.EST,-0.152352
GRC,Greece,2012,GOV_WGI_PV.EST,-0.1628976
GRC,Greece,2011,GOV_WGI_PV.EST,-0.0776492
GRC,Greece,2010,GOV_WGI_PV.EST,-0.0107333
GRC,Greece,2009,GOV_WGI_PV.EST,-0.0010877
GRC,Greece,2008,GOV_WGI_PV.EST,0.2917478
GRC,Greece,2007,GOV_WGI_PV.EST,0.525963
GRC,Greece,2006,GOV_WGI_PV.EST,0.5122129
GRC,Greece,2005,GOV_WGI_PV.EST,0.5607581
,Greenland,2024,GOV_WGI_PV.EST,1.2405187
,Greenland,2023,GOV_WGI_PV.EST,1.2510555
,Greenland,2022,GOV_WGI_PV.EST,1.2502225
,Greenland,2021,GOV_WGI_PV.EST,1.7551692
,Greenland,2020,GOV_WGI_PV.EST,1.7581458
,Greenland,2019,GOV_WGI_PV.EST,1.7589045
,Greenland,2018,GOV_WGI_PV.EST,1.7575234
,Greenland,2017,GOV_WGI_PV.EST,1.7529215
,Greenland,2016,GOV_WGI_PV.EST,1.7522673
,Greenland,2015,GOV_WGI_PV.EST,1.7576068
,Greenland,2014,GOV_WGI_PV.EST,1.7597512
,Greenland,2013,GOV_WGI_PV.EST,1.7500938
,Greenland,2012,GOV_WGI_PV.EST,1.7528896
,Greenland,2011,GOV_WGI_PV.EST,1.7538046
,Greenland,2010,GOV_WGI_PV.EST,1.467415
,Greenland,2009,GOV_WGI_PV.EST,1.4851242
GRD,Grenada,2024,GOV_WGI_PV.EST,1.1992639
GRD,Grenada,2023,GOV_WGI_PV.EST,1.2053145
GRD,Grenada,2022,GOV_WGI_PV.EST,1.2048361
GRD,Grenada,2021,GOV_WGI_PV.EST,1.0408786
GRD,Grenada,2020,GOV_WGI_PV.EST,1.0425879
GRD,Grenada,2019,GOV_WGI_PV.EST,0.9169085
GRD,Grenada,2018,GOV_WGI_PV.EST,0.9161154
GRD,Grenada,2017,GOV_WGI_PV.EST,0.9134729
GRD,Grenada,2016,GOV_WGI_PV.EST,0.9130972
GRD,Grenada,2015,GOV_WGI_PV.EST,0.5941324
GRD,Grenada,2014,GOV_WGI_PV.EST,0.5970391
GRD,Grenada,2013,GOV_WGI_PV.EST,0.3741085
GRD,Grenada,2012,GOV_WGI_PV.EST,0.3758143
GRD,Grenada,2011,GOV_WGI_PV.EST,0.3304882
GRD,Grenada,2010,GOV_WGI_PV.EST,0.4428405
GRD,Grenada,2009,GOV_WGI_PV.EST,0.3284927
GRD,Grenada,2008,GOV_WGI_PV.EST,0.322531
GRD,Grenada,2007,GOV_WGI_PV.EST,0.3230374
GRD,Grenada,2006,GOV_WGI_PV.EST,0.3189265
GRD,Grenada,2005,GOV_WGI_PV.EST,0.3164372
,Guam,2024,GOV_WGI_PV.EST,0.9927487
,Guam,2023,GOV_WGI_PV.EST,0.9986942
,Guam,2022,GOV_WGI_PV.EST,0.9982241
,Guam,2021,GOV_WGI_PV.EST,0.9953332
,Guam,2020,GOV_WGI_PV.EST,0.9970127
,Guam,2019,GOV_WGI_PV.EST,0.9450797
,Guam,2018,GOV_WGI_PV.EST,0.9368685
,Guam,2017,GOV_WGI_PV.EST,0.8126545
,Guam,2016,GOV_WGI_PV.EST,0.6519602
,Guam,2015,GOV_WGI_PV.EST,0.8160725
,Guam,2014,GOV_WGI_PV.EST,0.8176369
,Guam,2013,GOV_WGI_PV.EST,0.7705375
,Guam,2012,GOV_WGI_PV.EST,0.772577
,Guam,2011,GOV_WGI_PV.EST,0.7732445
,Guam,2010,GOV_WGI_PV.EST,0.4506688
,Guam,2009,GOV_WGI_PV.EST,0.4611542
,Guam,2008,GOV_WGI_PV.EST,0.4504051
,Guam,2007,GOV_WGI_PV.EST,0.451318
,Guam,2006,GOV_WGI_PV.EST,0.715717
,Guam,2005,GOV_WGI_PV.EST,0.7112288
GTM,Guatemala,2024,GOV_WGI_PV.EST,-0.209766899999999
GTM,Guatemala,2023,GOV_WGI_PV.EST,-0.2021326
GTM,Guatemala,2022,GOV_WGI_PV.EST,-0.3005447
GTM,Guatemala,2021,GOV_WGI_PV.EST,-0.5740791
GTM,Guatemala,2020,GOV_WGI_PV.EST,-0.563868399999999
GTM,Guatemala,2019,GOV_WGI_PV.EST,-0.6944184
GTM,Guatemala,2018,GOV_WGI_PV.EST,-0.6836211
GTM,Guatemala,2017,GOV_WGI_PV.EST,-0.700759599999999
GTM,Guatemala,2016,GOV_WGI_PV.EST,-0.6431273
GTM,Guatemala,2015,GOV_WGI_PV.EST,-0.690917999999999
GTM,Guatemala,2014,GOV_WGI_PV.EST,-0.730266499999999
GTM,Guatemala,2013,GOV_WGI_PV.EST,-0.733731999999999
GTM,Guatemala,2012,GOV_WGI_PV.EST,-0.7159854
GTM,Guatemala,2011,GOV_WGI_PV.EST,-0.7531567
GTM,Guatemala,2010,GOV_WGI_PV.EST,-0.811138399999999
GTM,Guatemala,2009,GOV_WGI_PV.EST,-0.8012209
GTM,Guatemala,2008,GOV_WGI_PV.EST,-0.7769927
GTM,Guatemala,2007,GOV_WGI_PV.EST,-0.8340833
GTM,Guatemala,2006,GOV_WGI_PV.EST,-0.877614999999999
GTM,Guatemala,2005,GOV_WGI_PV.EST,-0.903124399999999
GIN,Guinea,2024,GOV_WGI_PV.EST,-1.0377627
GIN,Guinea,2023,GOV_WGI_PV.EST,-0.8765719
GIN,Guinea,2022,GOV_WGI_PV.EST,-0.813667399999999
GIN,Guinea,2021,GOV_WGI_PV.EST,-1.0159308
GIN,Guinea,2020,GOV_WGI_PV.EST,-1.0877324
GIN,Guinea,2019,GOV_WGI_PV.EST,-0.857881799999999
GIN,Guinea,2018,GOV_WGI_PV.EST,-0.930512799999999
GIN,Guinea,2017,GOV_WGI_PV.EST,-0.800407099999999
GIN,Guinea,2016,GOV_WGI_PV.EST,-0.577628599999999
GIN,Guinea,2015,GOV_WGI_PV.EST,-0.7463171
GIN,Guinea,2014,GOV_WGI_PV.EST,-1.168846
GIN,Guinea,2013,GOV_WGI_PV.EST,-1.4036079
GIN,Guinea,2012,GOV_WGI_PV.EST,-1.48727869999999
GIN,Guinea,2011,GOV_WGI_PV.EST,-1.53866069999999
GIN,Guinea,2010,GOV_WGI_PV.EST,-1.6907747
GIN,Guinea,2009,GOV_WGI_PV.EST,-1.80330709999999
GIN,Guinea,2008,GOV_WGI_PV.EST,-2.0466453
GIN,Guinea,2007,GOV_WGI_PV.EST,-2.2418868
GIN,Guinea,2006,GOV_WGI_PV.EST,-1.83787
GIN,Guinea,2005,GOV_WGI_PV.EST,-1.2321228
GNB,Guinea-Bissau,2024,GOV_WGI_PV.EST,-0.618439499999999
GNB,Guinea-Bissau,2023,GOV_WGI_PV.EST,-0.3193937
GNB,Guinea-Bissau,2022,GOV_WGI_PV.EST,-0.360252199999999
GNB,Guinea-Bissau,2021,GOV_WGI_PV.EST,-0.3001867
GNB,Guinea-Bissau,2020,GOV_WGI_PV.EST,-0.2838803
GNB,Guinea-Bissau,2019,GOV_WGI_PV.EST,-0.4638332
GNB,Guinea-Bissau,2018,GOV_WGI_PV.EST,-0.649365499999999
GNB,Guinea-Bissau,2017,GOV_WGI_PV.EST,-0.582037399999999
GNB,Guinea-Bissau,2016,GOV_WGI_PV.EST,-0.5084519
GNB,Guinea-Bissau,2015,GOV_WGI_PV.EST,-0.5875693
GNB,Guinea-Bissau,2014,GOV_WGI_PV.EST,-0.881487399999999
GNB,Guinea-Bissau,2013,GOV_WGI_PV.EST,-0.960841
GNB,Guinea-Bissau,2012,GOV_WGI_PV.EST,-1.038788
GNB,Guinea-Bissau,2011,GOV_WGI_PV.EST,-0.6382914
GNB,Guinea-Bissau,2010,GOV_WGI_PV.EST,-0.5652463
GNB,Guinea-Bissau,2009,GOV_WGI_PV.EST,-0.5020146
GNB,Guinea-Bissau,2008,GOV_WGI_PV.EST,-0.6272958
GNB,Guinea-Bissau,2007,GOV_WGI_PV.EST,-0.3779434
GNB,Guinea-Bissau,2006,GOV_WGI_PV.EST,-0.431672399999999
GNB,Guinea-Bissau,2005,GOV_WGI_PV.EST,-0.5019447
GUY,Guyana,2024,GOV_WGI_PV.EST,0.2164983
GUY,Guyana,2023,GOV_WGI_PV.EST,0.2012498
GUY,Guyana,2022,GOV_WGI_PV.EST,0.210713
GUY,Guyana,2021,GOV_WGI_PV.EST,-0.0281476999999999
GUY,Guyana,2020,GOV_WGI_PV.EST,-0.00729659999999999
GUY,Guyana,2019,GOV_WGI_PV.EST,-0.0594026999999999
GUY,Guyana,2018,GOV_WGI_PV.EST,-0.0410701
GUY,Guyana,2017,GOV_WGI_PV.EST,-0.0051392
GUY,Guyana,2016,GOV_WGI_PV.EST,-0.00540029999999999
GUY,Guyana,2015,GOV_WGI_PV.EST,-0.150202
GUY,Guyana,2014,GOV_WGI_PV.EST,-0.218368099999999
GUY,Guyana,2013,GOV_WGI_PV.EST,-0.5088822
GUY,Guyana,2012,GOV_WGI_PV.EST,-0.4771909
GUY,Guyana,2011,GOV_WGI_PV.EST,-0.4609717
GUY,Guyana,2010,GOV_WGI_PV.EST,-0.3589398
GUY,Guyana,2009,GOV_WGI_PV.EST,-0.4000971
GUY,Guyana,2008,GOV_WGI_PV.EST,-0.4732925
GUY,Guyana,2007,GOV_WGI_PV.EST,-0.4443427
GUY,Guyana,2006,GOV_WGI_PV.EST,-0.6630496
GUY,Guyana,2005,GOV_WGI_PV.EST,-0.4411748
HTI,Haiti,2024,GOV_WGI_PV.EST,-1.2013046
HTI,Haiti,2023,GOV_WGI_PV.EST,-0.971741099999999
HTI,Haiti,2022,GOV_WGI_PV.EST,-0.947002399999999
HTI,Haiti,2021,GOV_WGI_PV.EST,-1.2132391
HTI,Haiti,2020,GOV_WGI_PV.EST,-1.0389171
HTI,Haiti,2019,GOV_WGI_PV.EST,-0.9509746
HTI,Haiti,2018,GOV_WGI_PV.EST,-0.7667849
HTI,Haiti,2017,GOV_WGI_PV.EST,-0.834199999999999
HTI,Haiti,2016,GOV_WGI_PV.EST,-0.894686099999999
HTI,Haiti,2015,GOV_WGI_PV.EST,-0.925938199999999
HTI,Haiti,2014,GOV_WGI_PV.EST,-0.9222469
HTI,Haiti,2013,GOV_WGI_PV.EST,-0.915407899999999
HTI,Haiti,2012,GOV_WGI_PV.EST,-1.12059439999999
HTI,Haiti,2011,GOV_WGI_PV.EST,-1.26130189999999
HTI,Haiti,2010,GOV_WGI_PV.EST,-1.30874809999999
HTI,Haiti,2009,GOV_WGI_PV.EST,-1.29033469999999
HTI,Haiti,2008,GOV_WGI_PV.EST,-1.3616015
HTI,Haiti,2007,GOV_WGI_PV.EST,-1.319971
HTI,Haiti,2006,GOV_WGI_PV.EST,-1.3887429
HTI,Haiti,2005,GOV_WGI_PV.EST,-1.7445724
HND,Honduras,2024,GOV_WGI_PV.EST,-0.5671583
HND,Honduras,2023,GOV_WGI_PV.EST,-0.3507671
HND,Honduras,2022,GOV_WGI_PV.EST,-0.4781621
HND,Honduras,2021,GOV_WGI_PV.EST,-0.806377
HND,Honduras,2020,GOV_WGI_PV.EST,-0.666353099999999
HND,Honduras,2019,GOV_WGI_PV.EST,-0.827137599999999
HND,Honduras,2018,GOV_WGI_PV.EST,-0.864353599999999
HND,Honduras,2017,GOV_WGI_PV.EST,-0.9065696
HND,Honduras,2016,GOV_WGI_PV.EST,-0.7047922
HND,Honduras,2015,GOV_WGI_PV.EST,-0.6604916
HND,Honduras,2014,GOV_WGI_PV.EST,-0.6895701
HND,Honduras,2013,GOV_WGI_PV.EST,-0.535936499999999
HND,Honduras,2012,GOV_WGI_PV.EST,-0.511655899999999
HND,Honduras,2011,GOV_WGI_PV.EST,-0.5252471
HND,Honduras,2010,GOV_WGI_PV.EST,-0.6306269
HND,Honduras,2009,GOV_WGI_PV.EST,-0.518668999999999
HND,Honduras,2008,GOV_WGI_PV.EST,-0.540532799999999
HND,Honduras,2007,GOV_WGI_PV.EST,-0.4582098
HND,Honduras,2006,GOV_WGI_PV.EST,-0.6520476
HND,Honduras,2005,GOV_WGI_PV.EST,-0.641384699999999
HUN,Hungary,2024,GOV_WGI_PV.EST,0.4363288
HUN,Hungary,2023,GOV_WGI_PV.EST,0.5841522
HUN,Hungary,2022,GOV_WGI_PV.EST,0.6701403
HUN,Hungary,2021,GOV_WGI_PV.EST,0.7337253
HUN,Hungary,2020,GOV_WGI_PV.EST,0.7938892
HUN,Hungary,2019,GOV_WGI_PV.EST,0.7326156
HUN,Hungary,2018,GOV_WGI_PV.EST,0.6616322
HUN,Hungary,2017,GOV_WGI_PV.EST,0.7324048
HUN,Hungary,2016,GOV_WGI_PV.EST,0.6277681
HUN,Hungary,2015,GOV_WGI_PV.EST,0.843542
HUN,Hungary,2014,GOV_WGI_PV.EST,0.805848
HUN,Hungary,2013,GOV_WGI_PV.EST,0.8127253
HUN,Hungary,2012,GOV_WGI_PV.EST,0.712188
HUN,Hungary,2011,GOV_WGI_PV.EST,0.7163601
HUN,Hungary,2010,GOV_WGI_PV.EST,0.7770358
HUN,Hungary,2009,GOV_WGI_PV.EST,0.739121
HUN,Hungary,2008,GOV_WGI_PV.EST,0.7661408
HUN,Hungary,2007,GOV_WGI_PV.EST,0.7828904
HUN,Hungary,2006,GOV_WGI_PV.EST,0.9668372
HUN,Hungary,2005,GOV_WGI_PV.EST,1.0590737
ISL,Iceland,2024,GOV_WGI_PV.EST,1.2056034
ISL,Iceland,2023,GOV_WGI_PV.EST,1.2058266
ISL,Iceland,2022,GOV_WGI_PV.EST,1.2672872
ISL,Iceland,2021,GOV_WGI_PV.EST,1.3382488
ISL,Iceland,2020,GOV_WGI_PV.EST,1.3289196
ISL,Iceland,2019,GOV_WGI_PV.EST,1.556416
ISL,Iceland,2018,GOV_WGI_PV.EST,1.2958486
ISL,Iceland,2017,GOV_WGI_PV.EST,1.2503574
ISL,Iceland,2016,GOV_WGI_PV.EST,1.2205951
ISL,Iceland,2015,GOV_WGI_PV.EST,1.2622879
ISL,Iceland,2014,GOV_WGI_PV.EST,1.2726864
ISL,Iceland,2013,GOV_WGI_PV.EST,1.2538154
ISL,Iceland,2012,GOV_WGI_PV.EST,1.2316756
ISL,Iceland,2011,GOV_WGI_PV.EST,1.2313176
ISL,Iceland,2010,GOV_WGI_PV.EST,1.0867054
ISL,Iceland,2009,GOV_WGI_PV.EST,1.3402776
ISL,Iceland,2008,GOV_WGI_PV.EST,1.3564162
ISL,Iceland,2007,GOV_WGI_PV.EST,1.482965
ISL,Iceland,2006,GOV_WGI_PV.EST,1.3790391
ISL,Iceland,2005,GOV_WGI_PV.EST,1.3669403
IND,India,2024,GOV_WGI_PV.EST,-0.785762499999999
IND,India,2023,GOV_WGI_PV.EST,-0.837974
IND,India,2022,GOV_WGI_PV.EST,-0.7535037
IND,India,2021,GOV_WGI_PV.EST,-0.6015988
IND,India,2020,GOV_WGI_PV.EST,-0.720631199999999
IND,India,2019,GOV_WGI_PV.EST,-0.590466199999999
IND,India,2018,GOV_WGI_PV.EST,-0.6785888
IND,India,2017,GOV_WGI_PV.EST,-0.572111399999999
IND,India,2016,GOV_WGI_PV.EST,-0.7362183
IND,India,2015,GOV_WGI_PV.EST,-0.7619187
IND,India,2014,GOV_WGI_PV.EST,-0.817516599999999
IND,India,2013,GOV_WGI_PV.EST,-1.17090389999999
IND,India,2012,GOV_WGI_PV.EST,-1.15725679999999
IND,India,2011,GOV_WGI_PV.EST,-1.1659038
IND,India,2010,GOV_WGI_PV.EST,-0.942319199999999
IND,India,2009,GOV_WGI_PV.EST,-0.913954899999999
IND,India,2008,GOV_WGI_PV.EST,-0.7693557
IND,India,2007,GOV_WGI_PV.EST,-0.8184973
IND,India,2006,GOV_WGI_PV.EST,-0.8196652
IND,India,2005,GOV_WGI_PV.EST,-0.8561375
IDN,Indonesia,2024,GOV_WGI_PV.EST,-0.609127499999999
IDN,Indonesia,2023,GOV_WGI_PV.EST,-0.613745
IDN,Indonesia,2022,GOV_WGI_PV.EST,-0.7624666
IDN,Indonesia,2021,GOV_WGI_PV.EST,-0.6496757
IDN,Indonesia,2020,GOV_WGI_PV.EST,-0.539945999999999
IDN,Indonesia,2019,GOV_WGI_PV.EST,-0.5802685
IDN,Indonesia,2018,GOV_WGI_PV.EST,-0.5428012
IDN,Indonesia,2017,GOV_WGI_PV.EST,-0.5816146
IDN,Indonesia,2016,GOV_WGI_PV.EST,-0.463383
IDN,Indonesia,2015,GOV_WGI_PV.EST,-0.5390218
IDN,Indonesia,2014,GOV_WGI_PV.EST,-0.385008199999999
IDN,Indonesia,2013,GOV_WGI_PV.EST,-0.6180612
IDN,Indonesia,2012,GOV_WGI_PV.EST,-0.5992727
IDN,Indonesia,2011,GOV_WGI_PV.EST,-0.7510901
IDN,Indonesia,2010,GOV_WGI_PV.EST,-0.778454699999999
IDN,Indonesia,2009,GOV_WGI_PV.EST,-0.637084499999999
IDN,Indonesia,2008,GOV_WGI_PV.EST,-0.711286
IDN,Indonesia,2007,GOV_WGI_PV.EST,-0.8635335
IDN,Indonesia,2006,GOV_WGI_PV.EST,-1.1230422
IDN,Indonesia,2005,GOV_WGI_PV.EST,-1.403589
IRN,"Iran, Islamic Rep.",2024,GOV_WGI_PV.EST,-1.58118839999999
IRN,"Iran, Islamic Rep.",2023,GOV_WGI_PV.EST,-1.2694112
IRN,"Iran, Islamic Rep.",2022,GOV_WGI_PV.EST,-1.1448403
IRN,"Iran, Islamic Rep.",2021,GOV_WGI_PV.EST,-1.1577773
IRN,"Iran, Islamic Rep.",2020,GOV_WGI_PV.EST,-1.2213247
IRN,"Iran, Islamic Rep.",2019,GOV_WGI_PV.EST,-1.2556127
IRN,"Iran, Islamic Rep.",2018,GOV_WGI_PV.EST,-0.9686014
IRN,"Iran, Islamic Rep.",2017,GOV_WGI_PV.EST,-0.699442999999999
IRN,"Iran, Islamic Rep.",2016,GOV_WGI_PV.EST,-0.6448832
IRN,"Iran, Islamic Rep.",2015,GOV_WGI_PV.EST,-0.7896962
IRN,"Iran, Islamic Rep.",2014,GOV_WGI_PV.EST,-0.726596199999999
IRN,"Iran, Islamic Rep.",2013,GOV_WGI_PV.EST,-1.1808701
IRN,"Iran, Islamic Rep.",2012,GOV_WGI_PV.EST,-1.2630067
IRN,"Iran, Islamic Rep.",2011,GOV_WGI_PV.EST,-1.35645059999999
IRN,"Iran, Islamic Rep.",2010,GOV_WGI_PV.EST,-1.52478809999999
IRN,"Iran, Islamic Rep.",2009,GOV_WGI_PV.EST,-1.2710065
IRN,"Iran, Islamic Rep.",2008,GOV_WGI_PV.EST,-0.748023999999999
IRN,"Iran, Islamic Rep.",2007,GOV_WGI_PV.EST,-0.7148896
IRN,"Iran, Islamic Rep.",2006,GOV_WGI_PV.EST,-0.787821
IRN,"Iran, Islamic Rep.",2005,GOV_WGI_PV.EST,-0.6425423
IRQ,Iraq,2024,GOV_WGI_PV.EST,-2.0642762
IRQ,Iraq,2023,GOV_WGI_PV.EST,-2.2246949
IRQ,Iraq,2022,GOV_WGI_PV.EST,-2.2294281
IRQ,Iraq,2021,GOV_WGI_PV.EST,-2.1722684
IRQ,Iraq,2020,GOV_WGI_PV.EST,-2.1814743
IRQ,Iraq,2019,GOV_WGI_PV.EST,-2.2227253
IRQ,Iraq,2018,GOV_WGI_PV.EST,-2.1719253
IRQ,Iraq,2017,GOV_WGI_PV.EST,-2.1677252
IRQ,Iraq,2016,GOV_WGI_PV.EST,-2.22917579999999
IRQ,Iraq,2015,GOV_WGI_PV.EST,-2.2449091
IRQ,Iraq,2014,GOV_WGI_PV.EST,-2.2538271
IRQ,Iraq,2013,GOV_WGI_PV.EST,-2.1039641
IRQ,Iraq,2012,GOV_WGI_PV.EST,-1.97642609999999
IRQ,Iraq,2011,GOV_WGI_PV.EST,-1.91313499999999
IRQ,Iraq,2010,GOV_WGI_PV.EST,-2.187694
IRQ,Iraq,2009,GOV_WGI_PV.EST,-2.1115271
IRQ,Iraq,2008,GOV_WGI_PV.EST,-2.28034329999999
IRQ,Iraq,2007,GOV_WGI_PV.EST,-2.59261
IRQ,Iraq,2006,GOV_WGI_PV.EST,-2.6684044
IRQ,Iraq,2005,GOV_WGI_PV.EST,-2.6075798
IRL,Ireland,2024,GOV_WGI_PV.EST,0.7099699
IRL,Ireland,2023,GOV_WGI_PV.EST,0.876648
IRL,Ireland,2022,GOV_WGI_PV.EST,0.8053599
IRL,Ireland,2021,GOV_WGI_PV.EST,0.7362963
IRL,Ireland,2020,GOV_WGI_PV.EST,0.8785787
IRL,Ireland,2019,GOV_WGI_PV.EST,0.9409046
IRL,Ireland,2018,GOV_WGI_PV.EST,0.9855531
IRL,Ireland,2017,GOV_WGI_PV.EST,0.9418026
IRL,Ireland,2016,GOV_WGI_PV.EST,0.8856802
IRL,Ireland,2015,GOV_WGI_PV.EST,0.951695
IRL,Ireland,2014,GOV_WGI_PV.EST,1.1679817
IRL,Ireland,2013,GOV_WGI_PV.EST,0.8948024
IRL,Ireland,2012,GOV_WGI_PV.EST,0.9454027
IRL,Ireland,2011,GOV_WGI_PV.EST,0.8737859
IRL,Ireland,2010,GOV_WGI_PV.EST,1.0812782
IRL,Ireland,2009,GOV_WGI_PV.EST,1.1107935
IRL,Ireland,2008,GOV_WGI_PV.EST,1.2978625
IRL,Ireland,2007,GOV_WGI_PV.EST,1.3616515
IRL,Ireland,2006,GOV_WGI_PV.EST,1.3008535
IRL,Ireland,2005,GOV_WGI_PV.EST,1.280701
ISR,Israel,2024,GOV_WGI_PV.EST,-1.03750149999999
ISR,Israel,2023,GOV_WGI_PV.EST,-1.0423159
ISR,Israel,2022,GOV_WGI_PV.EST,-0.904996799999999
ISR,Israel,2021,GOV_WGI_PV.EST,-0.699899199999999
ISR,Israel,2020,GOV_WGI_PV.EST,-0.567841399999999
ISR,Israel,2019,GOV_WGI_PV.EST,-0.4361137
ISR,Israel,2018,GOV_WGI_PV.EST,-0.3446955
ISR,Israel,2017,GOV_WGI_PV.EST,-0.4501475
ISR,Israel,2016,GOV_WGI_PV.EST,-0.354649699999999
ISR,Israel,2015,GOV_WGI_PV.EST,-0.6113908
ISR,Israel,2014,GOV_WGI_PV.EST,-0.592453
ISR,Israel,2013,GOV_WGI_PV.EST,-0.8855141
ISR,Israel,2012,GOV_WGI_PV.EST,-0.776944
ISR,Israel,2011,GOV_WGI_PV.EST,-0.8097795
ISR,Israel,2010,GOV_WGI_PV.EST,-0.756258099999999
ISR,Israel,2009,GOV_WGI_PV.EST,-1.0475605
ISR,Israel,2008,GOV_WGI_PV.EST,-0.8279647
ISR,Israel,2007,GOV_WGI_PV.EST,-0.8267956
ISR,Israel,2006,GOV_WGI_PV.EST,-0.984717099999999
ISR,Israel,2005,GOV_WGI_PV.EST,-0.923457
ITA,Italy,2024,GOV_WGI_PV.EST,0.3087035
ITA,Italy,2023,GOV_WGI_PV.EST,0.4737389
ITA,Italy,2022,GOV_WGI_PV.EST,0.4124684
ITA,Italy,2021,GOV_WGI_PV.EST,0.4392226
ITA,Italy,2020,GOV_WGI_PV.EST,0.3322841
ITA,Italy,2019,GOV_WGI_PV.EST,0.3223326
ITA,Italy,2018,GOV_WGI_PV.EST,0.3723628
ITA,Italy,2017,GOV_WGI_PV.EST,0.2543499
ITA,Italy,2016,GOV_WGI_PV.EST,0.3518422
ITA,Italy,2015,GOV_WGI_PV.EST,0.394629
ITA,Italy,2014,GOV_WGI_PV.EST,0.4893962
ITA,Italy,2013,GOV_WGI_PV.EST,0.3827968
ITA,Italy,2012,GOV_WGI_PV.EST,0.4718772
ITA,Italy,2011,GOV_WGI_PV.EST,0.4456142
ITA,Italy,2010,GOV_WGI_PV.EST,0.5591006
ITA,Italy,2009,GOV_WGI_PV.EST,0.4817721
ITA,Italy,2008,GOV_WGI_PV.EST,0.6011743
ITA,Italy,2007,GOV_WGI_PV.EST,0.5074765
ITA,Italy,2006,GOV_WGI_PV.EST,0.5813047
ITA,Italy,2005,GOV_WGI_PV.EST,0.5970244
JAM,Jamaica,2024,GOV_WGI_PV.EST,0.476823
JAM,Jamaica,2023,GOV_WGI_PV.EST,0.4762874
JAM,Jamaica,2022,GOV_WGI_PV.EST,0.4525342
JAM,Jamaica,2021,GOV_WGI_PV.EST,0.1423135
JAM,Jamaica,2020,GOV_WGI_PV.EST,0.1525241
JAM,Jamaica,2019,GOV_WGI_PV.EST,0.179033
JAM,Jamaica,2018,GOV_WGI_PV.EST,0.169434
JAM,Jamaica,2017,GOV_WGI_PV.EST,0.1291365
JAM,Jamaica,2016,GOV_WGI_PV.EST,0.0960441
JAM,Jamaica,2015,GOV_WGI_PV.EST,0.0607252
JAM,Jamaica,2014,GOV_WGI_PV.EST,0.0349026
JAM,Jamaica,2013,GOV_WGI_PV.EST,0.1274496
JAM,Jamaica,2012,GOV_WGI_PV.EST,0.0478137
JAM,Jamaica,2011,GOV_WGI_PV.EST,-0.120367599999999
JAM,Jamaica,2010,GOV_WGI_PV.EST,-0.412128599999999
JAM,Jamaica,2009,GOV_WGI_PV.EST,-0.3547882
JAM,Jamaica,2008,GOV_WGI_PV.EST,-0.2884524
JAM,Jamaica,2007,GOV_WGI_PV.EST,-0.2229834
JAM,Jamaica,2006,GOV_WGI_PV.EST,-0.349823
JAM,Jamaica,2005,GOV_WGI_PV.EST,-0.327141199999999
JPN,Japan,2024,GOV_WGI_PV.EST,1.1343228
JPN,Japan,2023,GOV_WGI_PV.EST,1.2674256
JPN,Japan,2022,GOV_WGI_PV.EST,1.2758787
JPN,Japan,2021,GOV_WGI_PV.EST,1.1600529
JPN,Japan,2020,GOV_WGI_PV.EST,1.1325471
JPN,Japan,2019,GOV_WGI_PV.EST,1.1161393
JPN,Japan,2018,GOV_WGI_PV.EST,1.1378638
JPN,Japan,2017,GOV_WGI_PV.EST,1.169376
JPN,Japan,2016,GOV_WGI_PV.EST,1.1198832
JPN,Japan,2015,GOV_WGI_PV.EST,1.2226375
JPN,Japan,2014,GOV_WGI_PV.EST,1.2105334
JPN,Japan,2013,GOV_WGI_PV.EST,1.0478848
JPN,Japan,2012,GOV_WGI_PV.EST,0.9655197
JPN,Japan,2011,GOV_WGI_PV.EST,0.9897212
JPN,Japan,2010,GOV_WGI_PV.EST,0.9967916
JPN,Japan,2009,GOV_WGI_PV.EST,1.1160327
JPN,Japan,2008,GOV_WGI_PV.EST,1.0592924
JPN,Japan,2007,GOV_WGI_PV.EST,1.1610812
JPN,Japan,2006,GOV_WGI_PV.EST,1.2340831
JPN,Japan,2005,GOV_WGI_PV.EST,1.1883301
JOR,Jordan,2024,GOV_WGI_PV.EST,-0.3501687
JOR,Jordan,2023,GOV_WGI_PV.EST,-0.3007473
JOR,Jordan,2022,GOV_WGI_PV.EST,-0.311462199999999
JOR,Jordan,2021,GOV_WGI_PV.EST,-0.390988399999999
JOR,Jordan,2020,GOV_WGI_PV.EST,-0.3260056
JOR,Jordan,2019,GOV_WGI_PV.EST,-0.2846298
JOR,Jordan,2018,GOV_WGI_PV.EST,-0.322432699999999
JOR,Jordan,2017,GOV_WGI_PV.EST,-0.444359699999999
JOR,Jordan,2016,GOV_WGI_PV.EST,-0.538077799999999
JOR,Jordan,2015,GOV_WGI_PV.EST,-0.6404285
JOR,Jordan,2014,GOV_WGI_PV.EST,-0.609596
JOR,Jordan,2013,GOV_WGI_PV.EST,-0.6862202
JOR,Jordan,2012,GOV_WGI_PV.EST,-0.5975891
JOR,Jordan,2011,GOV_WGI_PV.EST,-0.6339348
JOR,Jordan,2010,GOV_WGI_PV.EST,-0.407725
JOR,Jordan,2009,GOV_WGI_PV.EST,-0.4317435
JOR,Jordan,2008,GOV_WGI_PV.EST,-0.380681799999999
JOR,Jordan,2007,GOV_WGI_PV.EST,-0.2892704
JOR,Jordan,2006,GOV_WGI_PV.EST,-0.7383727
JOR,Jordan,2005,GOV_WGI_PV.EST,-0.2770266
KAZ,Kazakhstan,2024,GOV_WGI_PV.EST,-0.2827558
KAZ,Kazakhstan,2023,GOV_WGI_PV.EST,-0.2021045
KAZ,Kazakhstan,2022,GOV_WGI_PV.EST,-0.5795614
KAZ,Kazakhstan,2021,GOV_WGI_PV.EST,-0.2325504
KAZ,Kazakhstan,2020,GOV_WGI_PV.EST,-0.2842993
KAZ,Kazakhstan,2019,GOV_WGI_PV.EST,-0.221063999999999
KAZ,Kazakhstan,2018,GOV_WGI_PV.EST,-0.1086366
KAZ,Kazakhstan,2017,GOV_WGI_PV.EST,-0.0563947
KAZ,Kazakhstan,2016,GOV_WGI_PV.EST,-0.0865605
KAZ,Kazakhstan,2015,GOV_WGI_PV.EST,0.0342151
KAZ,Kazakhstan,2014,GOV_WGI_PV.EST,0.0295973
KAZ,Kazakhstan,2013,GOV_WGI_PV.EST,-0.4514259
KAZ,Kazakhstan,2012,GOV_WGI_PV.EST,-0.3923638
KAZ,Kazakhstan,2011,GOV_WGI_PV.EST,-0.4304921
KAZ,Kazakhstan,2010,GOV_WGI_PV.EST,0.4331905
KAZ,Kazakhstan,2009,GOV_WGI_PV.EST,0.6995969
KAZ,Kazakhstan,2008,GOV_WGI_PV.EST,0.4720785
KAZ,Kazakhstan,2007,GOV_WGI_PV.EST,0.5055201
KAZ,Kazakhstan,2006,GOV_WGI_PV.EST,0.0939860999999999
KAZ,Kazakhstan,2005,GOV_WGI_PV.EST,0.0846972
KEN,Kenya,2024,GOV_WGI_PV.EST,-1.3556816
KEN,Kenya,2023,GOV_WGI_PV.EST,-0.971652
KEN,Kenya,2022,GOV_WGI_PV.EST,-0.962236
KEN,Kenya,2021,GOV_WGI_PV.EST,-1.11021939999999
KEN,Kenya,2020,GOV_WGI_PV.EST,-1.0502651
KEN,Kenya,2019,GOV_WGI_PV.EST,-1.07516719999999
KEN,Kenya,2018,GOV_WGI_PV.EST,-1.1196296
KEN,Kenya,2017,GOV_WGI_PV.EST,-1.1322093
KEN,Kenya,2016,GOV_WGI_PV.EST,-1.17914689999999
KEN,Kenya,2015,GOV_WGI_PV.EST,-1.2308131
KEN,Kenya,2014,GOV_WGI_PV.EST,-1.26316649999999
KEN,Kenya,2013,GOV_WGI_PV.EST,-1.1667366
KEN,Kenya,2012,GOV_WGI_PV.EST,-1.4931583
KEN,Kenya,2011,GOV_WGI_PV.EST,-1.4963456
KEN,Kenya,2010,GOV_WGI_PV.EST,-1.3827355
KEN,Kenya,2009,GOV_WGI_PV.EST,-1.5514921
KEN,Kenya,2008,GOV_WGI_PV.EST,-1.62118419999999
KEN,Kenya,2007,GOV_WGI_PV.EST,-1.43977089999999
KEN,Kenya,2006,GOV_WGI_PV.EST,-1.03691319999999
KEN,Kenya,2005,GOV_WGI_PV.EST,-1.09707
KIR,Kiribati,2024,GOV_WGI_PV.EST,1.2381638
KIR,Kiribati,2023,GOV_WGI_PV.EST,1.2433279
KIR,Kiribati,2022,GOV_WGI_PV.EST,1.2429196
KIR,Kiribati,2021,GOV_WGI_PV.EST,1.1647191
KIR,Kiribati,2020,GOV_WGI_PV.EST,1.1749608
KIR,Kiribati,2019,GOV_WGI_PV.EST,1.0992501
KIR,Kiribati,2018,GOV_WGI_PV.EST,0.95586
KIR,Kiribati,2017,GOV_WGI_PV.EST,0.9519508
KIR,Kiribati,2016,GOV_WGI_PV.EST,0.951395
KIR,Kiribati,2015,GOV_WGI_PV.EST,0.9559309
KIR,Kiribati,2014,GOV_WGI_PV.EST,1.281381
KIR,Kiribati,2013,GOV_WGI_PV.EST,1.5434936
KIR,Kiribati,2012,GOV_WGI_PV.EST,1.5451994
KIR,Kiribati,2011,GOV_WGI_PV.EST,1.5457577
KIR,Kiribati,2010,GOV_WGI_PV.EST,1.5510465
KIR,Kiribati,2009,GOV_WGI_PV.EST,1.5568619
KIR,Kiribati,2008,GOV_WGI_PV.EST,1.333001
KIR,Kiribati,2007,GOV_WGI_PV.EST,1.3337059
KIR,Kiribati,2006,GOV_WGI_PV.EST,1.3279824
KIR,Kiribati,2005,GOV_WGI_PV.EST,1.3245166
PRK,"Korea, Dem. People's Rep.",2024,GOV_WGI_PV.EST,0.3220654
PRK,"Korea, Dem. People's Rep.",2023,GOV_WGI_PV.EST,0.3264333
PRK,"Korea, Dem. People's Rep.",2022,GOV_WGI_PV.EST,0.2686785
PRK,"Korea, Dem. People's Rep.",2021,GOV_WGI_PV.EST,-0.1983915
PRK,"Korea, Dem. People's Rep.",2020,GOV_WGI_PV.EST,-0.187350699999999
PRK,"Korea, Dem. People's Rep.",2019,GOV_WGI_PV.EST,-0.187036099999999
PRK,"Korea, Dem. People's Rep.",2018,GOV_WGI_PV.EST,-0.275313
PRK,"Korea, Dem. People's Rep.",2017,GOV_WGI_PV.EST,-0.3543859
PRK,"Korea, Dem. People's Rep.",2016,GOV_WGI_PV.EST,-0.4555063
PRK,"Korea, Dem. People's Rep.",2015,GOV_WGI_PV.EST,-1.0064947
PRK,"Korea, Dem. People's Rep.",2014,GOV_WGI_PV.EST,-1.00560579999999
PRK,"Korea, Dem. People's Rep.",2013,GOV_WGI_PV.EST,-0.5030753
PRK,"Korea, Dem. People's Rep.",2012,GOV_WGI_PV.EST,-0.269017499999999
PRK,"Korea, Dem. People's Rep.",2011,GOV_WGI_PV.EST,-0.0333117999999999
PRK,"Korea, Dem. People's Rep.",2010,GOV_WGI_PV.EST,-0.0471047999999999
PRK,"Korea, Dem. People's Rep.",2009,GOV_WGI_PV.EST,-0.2064539
PRK,"Korea, Dem. People's Rep.",2008,GOV_WGI_PV.EST,-0.113058899999999
PRK,"Korea, Dem. People's Rep.",2007,GOV_WGI_PV.EST,-0.0619502
PRK,"Korea, Dem. People's Rep.",2006,GOV_WGI_PV.EST,-0.0654043
PRK,"Korea, Dem. People's Rep.",2005,GOV_WGI_PV.EST,-0.126368199999999
KOR,"Korea, Rep.",2024,GOV_WGI_PV.EST,0.6393495
KOR,"Korea, Rep.",2023,GOV_WGI_PV.EST,0.932168
KOR,"Korea, Rep.",2022,GOV_WGI_PV.EST,0.855673
KOR,"Korea, Rep.",2021,GOV_WGI_PV.EST,0.9005342
KOR,"Korea, Rep.",2020,GOV_WGI_PV.EST,0.8679972
KOR,"Korea, Rep.",2019,GOV_WGI_PV.EST,0.8544821
KOR,"Korea, Rep.",2018,GOV_WGI_PV.EST,0.8705137
KOR,"Korea, Rep.",2017,GOV_WGI_PV.EST,0.6254761
KOR,"Korea, Rep.",2016,GOV_WGI_PV.EST,0.5156398
KOR,"Korea, Rep.",2015,GOV_WGI_PV.EST,0.667684
KOR,"Korea, Rep.",2014,GOV_WGI_PV.EST,0.5969209
KOR,"Korea, Rep.",2013,GOV_WGI_PV.EST,0.5061279
KOR,"Korea, Rep.",2012,GOV_WGI_PV.EST,0.4992315
KOR,"Korea, Rep.",2011,GOV_WGI_PV.EST,0.5406915
KOR,"Korea, Rep.",2010,GOV_WGI_PV.EST,0.5807388
KOR,"Korea, Rep.",2009,GOV_WGI_PV.EST,0.6309262
KOR,"Korea, Rep.",2008,GOV_WGI_PV.EST,0.5925856
KOR,"Korea, Rep.",2007,GOV_WGI_PV.EST,0.7506836
KOR,"Korea, Rep.",2006,GOV_WGI_PV.EST,0.6091619
KOR,"Korea, Rep.",2005,GOV_WGI_PV.EST,0.6581189
,Kosovo,2024,GOV_WGI_PV.EST,-0.321890499999999
,Kosovo,2023,GOV_WGI_PV.EST,-0.1409249
,Kosovo,2022,GOV_WGI_PV.EST,-0.0510421999999999
,Kosovo,2021,GOV_WGI_PV.EST,0.0010881
,Kosovo,2020,GOV_WGI_PV.EST,-0.0844029999999999
,Kosovo,2019,GOV_WGI_PV.EST,-0.106046099999999
,Kosovo,2018,GOV_WGI_PV.EST,-0.4135898
,Kosovo,2017,GOV_WGI_PV.EST,-0.1718171
,Kosovo,2016,GOV_WGI_PV.EST,-0.2852683
,Kosovo,2015,GOV_WGI_PV.EST,-0.2170007
,Kosovo,2014,GOV_WGI_PV.EST,-0.301981899999999
,Kosovo,2013,GOV_WGI_PV.EST,-0.7879954
,Kosovo,2012,GOV_WGI_PV.EST,-0.7614632
,Kosovo,2011,GOV_WGI_PV.EST,-0.810254199999999
,Kosovo,2010,GOV_WGI_PV.EST,-0.7551692
,Kosovo,2009,GOV_WGI_PV.EST,0.4121892
,Kosovo,2008,GOV_WGI_PV.EST,0.7330132
,Kosovo,2007,GOV_WGI_PV.EST,0.1237776
,Kosovo,2006,GOV_WGI_PV.EST,0.2110371
,Kosovo,2005,GOV_WGI_PV.EST,0.1975151
KWT,Kuwait,2024,GOV_WGI_PV.EST,0.2939367
KWT,Kuwait,2023,GOV_WGI_PV.EST,0.2906988
KWT,Kuwait,2022,GOV_WGI_PV.EST,0.1041664
KWT,Kuwait,2021,GOV_WGI_PV.EST,0.1542148
KWT,Kuwait,2020,GOV_WGI_PV.EST,0.1554026
KWT,Kuwait,2019,GOV_WGI_PV.EST,0.2460837
KWT,Kuwait,2018,GOV_WGI_PV.EST,0.2360921
KWT,Kuwait,2017,GOV_WGI_PV.EST,0.0018547
KWT,Kuwait,2016,GOV_WGI_PV.EST,-0.0213093
KWT,Kuwait,2015,GOV_WGI_PV.EST,-0.1466244
KWT,Kuwait,2014,GOV_WGI_PV.EST,0.0855674
KWT,Kuwait,2013,GOV_WGI_PV.EST,0.1094954
KWT,Kuwait,2012,GOV_WGI_PV.EST,0.0971713999999999
KWT,Kuwait,2011,GOV_WGI_PV.EST,0.326635
KWT,Kuwait,2010,GOV_WGI_PV.EST,0.576776
KWT,Kuwait,2009,GOV_WGI_PV.EST,0.5278524
KWT,Kuwait,2008,GOV_WGI_PV.EST,0.5819881
KWT,Kuwait,2007,GOV_WGI_PV.EST,0.6729088
KWT,Kuwait,2006,GOV_WGI_PV.EST,0.4019243
KWT,Kuwait,2005,GOV_WGI_PV.EST,0.2714609
KGZ,Kyrgyz Republic,2024,GOV_WGI_PV.EST,-0.5045251
KGZ,Kyrgyz Republic,2023,GOV_WGI_PV.EST,-0.509667299999999
KGZ,Kyrgyz Republic,2022,GOV_WGI_PV.EST,-0.422477
KGZ,Kyrgyz Republic,2021,GOV_WGI_PV.EST,-0.3876484
KGZ,Kyrgyz Republic,2020,GOV_WGI_PV.EST,-0.5068231
KGZ,Kyrgyz Republic,2019,GOV_WGI_PV.EST,-0.206819199999999
KGZ,Kyrgyz Republic,2018,GOV_WGI_PV.EST,-0.323764
KGZ,Kyrgyz Republic,2017,GOV_WGI_PV.EST,-0.2975366
KGZ,Kyrgyz Republic,2016,GOV_WGI_PV.EST,-0.5531495
KGZ,Kyrgyz Republic,2015,GOV_WGI_PV.EST,-0.7293545
KGZ,Kyrgyz Republic,2014,GOV_WGI_PV.EST,-0.7066273
KGZ,Kyrgyz Republic,2013,GOV_WGI_PV.EST,-0.816344899999999
KGZ,Kyrgyz Republic,2012,GOV_WGI_PV.EST,-0.8759479
KGZ,Kyrgyz Republic,2011,GOV_WGI_PV.EST,-0.997080699999999
KGZ,Kyrgyz Republic,2010,GOV_WGI_PV.EST,-0.9344437
KGZ,Kyrgyz Republic,2009,GOV_WGI_PV.EST,-0.5809063
KGZ,Kyrgyz Republic,2008,GOV_WGI_PV.EST,-0.5213825
KGZ,Kyrgyz Republic,2007,GOV_WGI_PV.EST,-0.865997799999999
KGZ,Kyrgyz Republic,2006,GOV_WGI_PV.EST,-1.27015979999999
KGZ,Kyrgyz Republic,2005,GOV_WGI_PV.EST,-1.2443254
LAO,Lao PDR,2024,GOV_WGI_PV.EST,0.5576599
LAO,Lao PDR,2023,GOV_WGI_PV.EST,0.7378068
LAO,Lao PDR,2022,GOV_WGI_PV.EST,0.7033051
LAO,Lao PDR,2021,GOV_WGI_PV.EST,0.583086
LAO,Lao PDR,2020,GOV_WGI_PV.EST,0.5456553
LAO,Lao PDR,2019,GOV_WGI_PV.EST,0.3582008
LAO,Lao PDR,2018,GOV_WGI_PV.EST,0.2651475
LAO,Lao PDR,2017,GOV_WGI_PV.EST,0.2776591
LAO,Lao PDR,2016,GOV_WGI_PV.EST,0.3452009
LAO,Lao PDR,2015,GOV_WGI_PV.EST,0.4046383
LAO,Lao PDR,2014,GOV_WGI_PV.EST,0.3772453
LAO,Lao PDR,2013,GOV_WGI_PV.EST,-0.0505462999999999
LAO,Lao PDR,2012,GOV_WGI_PV.EST,-0.0728091
LAO,Lao PDR,2011,GOV_WGI_PV.EST,-0.072408
LAO,Lao PDR,2010,GOV_WGI_PV.EST,-0.2200354
LAO,Lao PDR,2009,GOV_WGI_PV.EST,-0.0651815999999999
LAO,Lao PDR,2008,GOV_WGI_PV.EST,0.0129444
LAO,Lao PDR,2007,GOV_WGI_PV.EST,-0.153318099999999
LAO,Lao PDR,2006,GOV_WGI_PV.EST,-0.0903443
LAO,Lao PDR,2005,GOV_WGI_PV.EST,-0.3800286
LVA,Latvia,2024,GOV_WGI_PV.EST,0.6201402
LVA,Latvia,2023,GOV_WGI_PV.EST,0.8394628
LVA,Latvia,2022,GOV_WGI_PV.EST,0.7798656
LVA,Latvia,2021,GOV_WGI_PV.EST,0.8069842
LVA,Latvia,2020,GOV_WGI_PV.EST,0.726286
LVA,Latvia,2019,GOV_WGI_PV.EST,0.6780506
LVA,Latvia,2018,GOV_WGI_PV.EST,0.6632555
LVA,Latvia,2017,GOV_WGI_PV.EST,0.6631827
LVA,Latvia,2016,GOV_WGI_PV.EST,0.6434248
LVA,Latvia,2015,GOV_WGI_PV.EST,0.7167386
LVA,Latvia,2014,GOV_WGI_PV.EST,0.720197
LVA,Latvia,2013,GOV_WGI_PV.EST,0.6227437
LVA,Latvia,2012,GOV_WGI_PV.EST,0.4809516
LVA,Latvia,2011,GOV_WGI_PV.EST,0.3810125
LVA,Latvia,2010,GOV_WGI_PV.EST,0.5895207
LVA,Latvia,2009,GOV_WGI_PV.EST,0.6126227
LVA,Latvia,2008,GOV_WGI_PV.EST,0.4004351
LVA,Latvia,2007,GOV_WGI_PV.EST,0.7458786
LVA,Latvia,2006,GOV_WGI_PV.EST,0.9064264
LVA,Latvia,2005,GOV_WGI_PV.EST,0.8556287
LBN,Lebanon,2024,GOV_WGI_PV.EST,-1.3896806
LBN,Lebanon,2023,GOV_WGI_PV.EST,-1.2764099
LBN,Lebanon,2022,GOV_WGI_PV.EST,-1.34257539999999
LBN,Lebanon,2021,GOV_WGI_PV.EST,-1.3231817
LBN,Lebanon,2020,GOV_WGI_PV.EST,-1.3492491
LBN,Lebanon,2019,GOV_WGI_PV.EST,-1.3398887
LBN,Lebanon,2018,GOV_WGI_PV.EST,-1.2146005
LBN,Lebanon,2017,GOV_WGI_PV.EST,-1.3393518
LBN,Lebanon,2016,GOV_WGI_PV.EST,-1.3333648
LBN,Lebanon,2015,GOV_WGI_PV.EST,-1.3952938
LBN,Lebanon,2014,GOV_WGI_PV.EST,-1.49478389999999
LBN,Lebanon,2013,GOV_WGI_PV.EST,-1.6105378
LBN,Lebanon,2012,GOV_WGI_PV.EST,-1.5792359
LBN,Lebanon,2011,GOV_WGI_PV.EST,-1.4563703
LBN,Lebanon,2010,GOV_WGI_PV.EST,-1.43369559999999
LBN,Lebanon,2009,GOV_WGI_PV.EST,-1.3045394
LBN,Lebanon,2008,GOV_WGI_PV.EST,-1.5049397
LBN,Lebanon,2007,GOV_WGI_PV.EST,-1.82812929999999
LBN,Lebanon,2006,GOV_WGI_PV.EST,-1.50874889999999
LBN,Lebanon,2005,GOV_WGI_PV.EST,-0.994613099999999
LSO,Lesotho,2024,GOV_WGI_PV.EST,-0.2588663
LSO,Lesotho,2023,GOV_WGI_PV.EST,-0.1357263
LSO,Lesotho,2022,GOV_WGI_PV.EST,-0.128161
LSO,Lesotho,2021,GOV_WGI_PV.EST,-0.1334002
LSO,Lesotho,2020,GOV_WGI_PV.EST,-0.1451933
LSO,Lesotho,2019,GOV_WGI_PV.EST,-0.287980099999999
LSO,Lesotho,2018,GOV_WGI_PV.EST,-0.1397918
LSO,Lesotho,2017,GOV_WGI_PV.EST,-0.2021614
LSO,Lesotho,2016,GOV_WGI_PV.EST,-0.2746129
LSO,Lesotho,2015,GOV_WGI_PV.EST,-0.208938699999999
LSO,Lesotho,2014,GOV_WGI_PV.EST,-0.172191999999999
LSO,Lesotho,2013,GOV_WGI_PV.EST,0.3249377
LSO,Lesotho,2012,GOV_WGI_PV.EST,0.2654833
LSO,Lesotho,2011,GOV_WGI_PV.EST,0.6423581
LSO,Lesotho,2010,GOV_WGI_PV.EST,0.5816165
LSO,Lesotho,2009,GOV_WGI_PV.EST,0.534396
LSO,Lesotho,2008,GOV_WGI_PV.EST,-0.113854
LSO,Lesotho,2007,GOV_WGI_PV.EST,-0.2932114
LSO,Lesotho,2006,GOV_WGI_PV.EST,-0.1298961
LSO,Lesotho,2005,GOV_WGI_PV.EST,-0.0903744
LBR,Liberia,2024,GOV_WGI_PV.EST,-0.228549
LBR,Liberia,2023,GOV_WGI_PV.EST,-0.174047999999999
LBR,Liberia,2022,GOV_WGI_PV.EST,-0.2807974
LBR,Liberia,2021,GOV_WGI_PV.EST,-0.2103506
LBR,Liberia,2020,GOV_WGI_PV.EST,-0.220102599999999
LBR,Liberia,2019,GOV_WGI_PV.EST,-0.2571938
LBR,Liberia,2018,GOV_WGI_PV.EST,-0.0185577
LBR,Liberia,2017,GOV_WGI_PV.EST,-0.2701752
LBR,Liberia,2016,GOV_WGI_PV.EST,-0.453136899999999
LBR,Liberia,2015,GOV_WGI_PV.EST,-0.5851773
LBR,Liberia,2014,GOV_WGI_PV.EST,-0.510413
LBR,Liberia,2013,GOV_WGI_PV.EST,-0.364639999999999
LBR,Liberia,2012,GOV_WGI_PV.EST,-0.3877254
LBR,Liberia,2011,GOV_WGI_PV.EST,-0.473186999999999
LBR,Liberia,2010,GOV_WGI_PV.EST,-0.393152599999999
LBR,Liberia,2009,GOV_WGI_PV.EST,-1.0358291
LBR,Liberia,2008,GOV_WGI_PV.EST,-1.1609094
LBR,Liberia,2007,GOV_WGI_PV.EST,-1.16121229999999
LBR,Liberia,2006,GOV_WGI_PV.EST,-1.2364099
LBR,Liberia,2005,GOV_WGI_PV.EST,-1.3279822
LBY,Libya,2024,GOV_WGI_PV.EST,-1.8964767
LBY,Libya,2023,GOV_WGI_PV.EST,-2.0418754
LBY,Libya,2022,GOV_WGI_PV.EST,-2.00397249999999
LBY,Libya,2021,GOV_WGI_PV.EST,-2.2069296
LBY,Libya,2020,GOV_WGI_PV.EST,-2.2231779
LBY,Libya,2019,GOV_WGI_PV.EST,-2.25895969999999
LBY,Libya,2018,GOV_WGI_PV.EST,-2.28391459999999
LBY,Libya,2017,GOV_WGI_PV.EST,-2.29431519999999
LBY,Libya,2016,GOV_WGI_PV.EST,-2.2576529
LBY,Libya,2015,GOV_WGI_PV.EST,-2.2100778
LBY,Libya,2014,GOV_WGI_PV.EST,-2.26526939999999
LBY,Libya,2013,GOV_WGI_PV.EST,-1.9032456
LBY,Libya,2012,GOV_WGI_PV.EST,-1.5745603
LBY,Libya,2011,GOV_WGI_PV.EST,-1.6341249
LBY,Libya,2010,GOV_WGI_PV.EST,-0.4787846
LBY,Libya,2009,GOV_WGI_PV.EST,0.5227169
LBY,Libya,2008,GOV_WGI_PV.EST,0.5158276
LBY,Libya,2007,GOV_WGI_PV.EST,0.4998891
LBY,Libya,2006,GOV_WGI_PV.EST,0.1965753
LBY,Libya,2005,GOV_WGI_PV.EST,0.2379931
LIE,Liechtenstein,2024,GOV_WGI_PV.EST,1.5823538
LIE,Liechtenstein,2023,GOV_WGI_PV.EST,1.5875521
LIE,Liechtenstein,2022,GOV_WGI_PV.EST,1.5871411
LIE,Liechtenstein,2021,GOV_WGI_PV.EST,1.5846135
LIE,Liechtenstein,2020,GOV_WGI_PV.EST,1.6427344
LIE,Liechtenstein,2019,GOV_WGI_PV.EST,1.6431087
LIE,Liechtenstein,2018,GOV_WGI_PV.EST,1.5055506
LIE,Liechtenstein,2017,GOV_WGI_PV.EST,1.5026105
LIE,Liechtenstein,2016,GOV_WGI_PV.EST,1.5021925
LIE,Liechtenstein,2015,GOV_WGI_PV.EST,1.5056039
LIE,Liechtenstein,2014,GOV_WGI_PV.EST,1.6435264
LIE,Liechtenstein,2013,GOV_WGI_PV.EST,1.638762
LIE,Liechtenstein,2012,GOV_WGI_PV.EST,1.6401413
LIE,Liechtenstein,2011,GOV_WGI_PV.EST,1.6405927
LIE,Liechtenstein,2010,GOV_WGI_PV.EST,1.644869
LIE,Liechtenstein,2009,GOV_WGI_PV.EST,1.6495712
LIE,Liechtenstein,2008,GOV_WGI_PV.EST,1.333001
LIE,Liechtenstein,2007,GOV_WGI_PV.EST,1.3337059
LIE,Liechtenstein,2006,GOV_WGI_PV.EST,1.3279824
LIE,Liechtenstein,2005,GOV_WGI_PV.EST,1.3245166
LTU,Lithuania,2024,GOV_WGI_PV.EST,0.9394441
LTU,Lithuania,2023,GOV_WGI_PV.EST,0.9517926
LTU,Lithuania,2022,GOV_WGI_PV.EST,0.963939
LTU,Lithuania,2021,GOV_WGI_PV.EST,1.0111257
LTU,Lithuania,2020,GOV_WGI_PV.EST,1.1506312
LTU,Lithuania,2019,GOV_WGI_PV.EST,0.9825192
LTU,Lithuania,2018,GOV_WGI_PV.EST,0.9070273
LTU,Lithuania,2017,GOV_WGI_PV.EST,0.8922634
LTU,Lithuania,2016,GOV_WGI_PV.EST,0.9545715
LTU,Lithuania,2015,GOV_WGI_PV.EST,0.9444776
LTU,Lithuania,2014,GOV_WGI_PV.EST,0.936572
LTU,Lithuania,2013,GOV_WGI_PV.EST,0.9839797
LTU,Lithuania,2012,GOV_WGI_PV.EST,0.7176973
LTU,Lithuania,2011,GOV_WGI_PV.EST,0.6843003
LTU,Lithuania,2010,GOV_WGI_PV.EST,0.7159839
LTU,Lithuania,2009,GOV_WGI_PV.EST,0.6237603
LTU,Lithuania,2008,GOV_WGI_PV.EST,0.7510345
LTU,Lithuania,2007,GOV_WGI_PV.EST,0.8142957
LTU,Lithuania,2006,GOV_WGI_PV.EST,0.7891625
LTU,Lithuania,2005,GOV_WGI_PV.EST,0.8170275
LUX,Luxembourg,2024,GOV_WGI_PV.EST,1.0730532
LUX,Luxembourg,2023,GOV_WGI_PV.EST,1.0156548
LUX,Luxembourg,2022,GOV_WGI_PV.EST,1.0244114
LUX,Luxembourg,2021,GOV_WGI_PV.EST,1.1450494
LUX,Luxembourg,2020,GOV_WGI_PV.EST,1.2105167
LUX,Luxembourg,2019,GOV_WGI_PV.EST,1.3055593
LUX,Luxembourg,2018,GOV_WGI_PV.EST,1.3055181
LUX,Luxembourg,2017,GOV_WGI_PV.EST,1.2715421
LUX,Luxembourg,2016,GOV_WGI_PV.EST,1.3457296
LUX,Luxembourg,2015,GOV_WGI_PV.EST,1.4125194
LUX,Luxembourg,2014,GOV_WGI_PV.EST,1.4310289
LUX,Luxembourg,2013,GOV_WGI_PV.EST,1.316509
LUX,Luxembourg,2012,GOV_WGI_PV.EST,1.3639242
LUX,Luxembourg,2011,GOV_WGI_PV.EST,1.3788317
LUX,Luxembourg,2010,GOV_WGI_PV.EST,1.4878051
LUX,Luxembourg,2009,GOV_WGI_PV.EST,1.4891068
LUX,Luxembourg,2008,GOV_WGI_PV.EST,1.5178517
LUX,Luxembourg,2007,GOV_WGI_PV.EST,1.4946425
LUX,Luxembourg,2006,GOV_WGI_PV.EST,1.3608359
LUX,Luxembourg,2005,GOV_WGI_PV.EST,1.2513173
MDG,Madagascar,2024,GOV_WGI_PV.EST,-0.4805584
MDG,Madagascar,2023,GOV_WGI_PV.EST,-0.840940199999999
MDG,Madagascar,2022,GOV_WGI_PV.EST,-0.525026099999999
MDG,Madagascar,2021,GOV_WGI_PV.EST,-0.4612648
MDG,Madagascar,2020,GOV_WGI_PV.EST,-0.574674
MDG,Madagascar,2019,GOV_WGI_PV.EST,-0.529453
MDG,Madagascar,2018,GOV_WGI_PV.EST,-0.7625617
MDG,Madagascar,2017,GOV_WGI_PV.EST,-0.535016199999999
MDG,Madagascar,2016,GOV_WGI_PV.EST,-0.4661162
MDG,Madagascar,2015,GOV_WGI_PV.EST,-0.526357699999999
MDG,Madagascar,2014,GOV_WGI_PV.EST,-0.5624437
MDG,Madagascar,2013,GOV_WGI_PV.EST,-0.6021042
MDG,Madagascar,2012,GOV_WGI_PV.EST,-0.6903891
MDG,Madagascar,2011,GOV_WGI_PV.EST,-0.8035247
MDG,Madagascar,2010,GOV_WGI_PV.EST,-1.1657418
MDG,Madagascar,2009,GOV_WGI_PV.EST,-0.767109399999999
MDG,Madagascar,2008,GOV_WGI_PV.EST,-0.481514999999999
MDG,Madagascar,2007,GOV_WGI_PV.EST,0.1026496
MDG,Madagascar,2006,GOV_WGI_PV.EST,0.1406385
MDG,Madagascar,2005,GOV_WGI_PV.EST,-0.0435418
MWI,Malawi,2024,GOV_WGI_PV.EST,-0.3802084
MWI,Malawi,2023,GOV_WGI_PV.EST,-0.242439899999999
MWI,Malawi,2022,GOV_WGI_PV.EST,-0.166924
MWI,Malawi,2021,GOV_WGI_PV.EST,-0.102843499999999
MWI,Malawi,2020,GOV_WGI_PV.EST,-0.0766165999999999
MWI,Malawi,2019,GOV_WGI_PV.EST,-0.2824512
MWI,Malawi,2018,GOV_WGI_PV.EST,-0.3896791
MWI,Malawi,2017,GOV_WGI_PV.EST,-0.313000899999999
MWI,Malawi,2016,GOV_WGI_PV.EST,-0.2578002
MWI,Malawi,2015,GOV_WGI_PV.EST,-0.0522558
MWI,Malawi,2014,GOV_WGI_PV.EST,-0.0287147
MWI,Malawi,2013,GOV_WGI_PV.EST,-0.203203
MWI,Malawi,2012,GOV_WGI_PV.EST,-0.0861299
MWI,Malawi,2011,GOV_WGI_PV.EST,-0.1906666
MWI,Malawi,2010,GOV_WGI_PV.EST,-0.0357653
MWI,Malawi,2009,GOV_WGI_PV.EST,0.0040021
MWI,Malawi,2008,GOV_WGI_PV.EST,-0.210977499999999
MWI,Malawi,2007,GOV_WGI_PV.EST,-0.0623315
MWI,Malawi,2006,GOV_WGI_PV.EST,-0.0703742
MWI,Malawi,2005,GOV_WGI_PV.EST,-0.0355158
MYS,Malaysia,2024,GOV_WGI_PV.EST,0.3847799
MYS,Malaysia,2023,GOV_WGI_PV.EST,0.2281849
MYS,Malaysia,2022,GOV_WGI_PV.EST,0.2483001
MYS,Malaysia,2021,GOV_WGI_PV.EST,0.196108
MYS,Malaysia,2020,GOV_WGI_PV.EST,0.1400704
MYS,Malaysia,2019,GOV_WGI_PV.EST,0.1608892
MYS,Malaysia,2018,GOV_WGI_PV.EST,0.1769644
MYS,Malaysia,2017,GOV_WGI_PV.EST,-0.011848
MYS,Malaysia,2016,GOV_WGI_PV.EST,-0.0158376
MYS,Malaysia,2015,GOV_WGI_PV.EST,0.0447869
MYS,Malaysia,2014,GOV_WGI_PV.EST,0.0879800999999999
MYS,Malaysia,2013,GOV_WGI_PV.EST,-0.0428372
MYS,Malaysia,2012,GOV_WGI_PV.EST,-0.0196796999999999
MYS,Malaysia,2011,GOV_WGI_PV.EST,0.0582972
MYS,Malaysia,2010,GOV_WGI_PV.EST,0.1752999
MYS,Malaysia,2009,GOV_WGI_PV.EST,0.0283293
MYS,Malaysia,2008,GOV_WGI_PV.EST,0.1350346
MYS,Malaysia,2007,GOV_WGI_PV.EST,0.158114
MYS,Malaysia,2006,GOV_WGI_PV.EST,0.2101206
MYS,Malaysia,2005,GOV_WGI_PV.EST,0.4092882
MDV,Maldives,2024,GOV_WGI_PV.EST,-0.0544563
MDV,Maldives,2023,GOV_WGI_PV.EST,0.0832571999999999
MDV,Maldives,2022,GOV_WGI_PV.EST,0.2721525
MDV,Maldives,2021,GOV_WGI_PV.EST,0.4430279
MDV,Maldives,2020,GOV_WGI_PV.EST,0.2036825
MDV,Maldives,2019,GOV_WGI_PV.EST,-0.0811059
MDV,Maldives,2018,GOV_WGI_PV.EST,-0.135999999999999
MDV,Maldives,2017,GOV_WGI_PV.EST,-0.0431782999999999
MDV,Maldives,2016,GOV_WGI_PV.EST,0.079118
MDV,Maldives,2015,GOV_WGI_PV.EST,0.0821002
MDV,Maldives,2014,GOV_WGI_PV.EST,0.4805132
MDV,Maldives,2013,GOV_WGI_PV.EST,-0.0388545999999999
MDV,Maldives,2012,GOV_WGI_PV.EST,-0.3264349
MDV,Maldives,2011,GOV_WGI_PV.EST,-0.2839227
MDV,Maldives,2010,GOV_WGI_PV.EST,-0.1410869
MDV,Maldives,2009,GOV_WGI_PV.EST,-0.114763099999999
MDV,Maldives,2008,GOV_WGI_PV.EST,-0.1597836
MDV,Maldives,2007,GOV_WGI_PV.EST,0.0053508
MDV,Maldives,2006,GOV_WGI_PV.EST,0.6537918
MDV,Maldives,2005,GOV_WGI_PV.EST,0.6725138
MLI,Mali,2024,GOV_WGI_PV.EST,-2.49096199999999
MLI,Mali,2023,GOV_WGI_PV.EST,-2.5578431
MLI,Mali,2022,GOV_WGI_PV.EST,-2.4680844
MLI,Mali,2021,GOV_WGI_PV.EST,-2.3319481
MLI,Mali,2020,GOV_WGI_PV.EST,-2.0594968
MLI,Mali,2019,GOV_WGI_PV.EST,-2.05500729999999
MLI,Mali,2018,GOV_WGI_PV.EST,-1.87828559999999
MLI,Mali,2017,GOV_WGI_PV.EST,-1.71864139999999
MLI,Mali,2016,GOV_WGI_PV.EST,-1.5338819
MLI,Mali,2015,GOV_WGI_PV.EST,-1.5535933
MLI,Mali,2014,GOV_WGI_PV.EST,-1.59000419999999
MLI,Mali,2013,GOV_WGI_PV.EST,-1.6463052
MLI,Mali,2012,GOV_WGI_PV.EST,-1.9634653
MLI,Mali,2011,GOV_WGI_PV.EST,-0.7719954
MLI,Mali,2010,GOV_WGI_PV.EST,-0.130322
MLI,Mali,2009,GOV_WGI_PV.EST,0.1772718
MLI,Mali,2008,GOV_WGI_PV.EST,0.306278
MLI,Mali,2007,GOV_WGI_PV.EST,0.3542953
MLI,Mali,2006,GOV_WGI_PV.EST,0.4847829
MLI,Mali,2005,GOV_WGI_PV.EST,0.177881
MLT,Malta,2024,GOV_WGI_PV.EST,0.8049169
MLT,Malta,2023,GOV_WGI_PV.EST,0.9382841
MLT,Malta,2022,GOV_WGI_PV.EST,0.9316852
MLT,Malta,2021,GOV_WGI_PV.EST,0.9318346
MLT,Malta,2020,GOV_WGI_PV.EST,0.9914658
MLT,Malta,2019,GOV_WGI_PV.EST,0.9193493
MLT,Malta,2018,GOV_WGI_PV.EST,1.1121321
MLT,Malta,2017,GOV_WGI_PV.EST,1.082828
MLT,Malta,2016,GOV_WGI_PV.EST,0.9368787
MLT,Malta,2015,GOV_WGI_PV.EST,0.9507103
MLT,Malta,2014,GOV_WGI_PV.EST,1.0486158
MLT,Malta,2013,GOV_WGI_PV.EST,0.9719428
MLT,Malta,2012,GOV_WGI_PV.EST,1.0126603
MLT,Malta,2011,GOV_WGI_PV.EST,1.0020842
MLT,Malta,2010,GOV_WGI_PV.EST,1.2175773
MLT,Malta,2009,GOV_WGI_PV.EST,1.2004623
MLT,Malta,2008,GOV_WGI_PV.EST,1.1981438
MLT,Malta,2007,GOV_WGI_PV.EST,1.1249849
MLT,Malta,2006,GOV_WGI_PV.EST,1.0634984
MLT,Malta,2005,GOV_WGI_PV.EST,1.1222549
MHL,Marshall Islands,2024,GOV_WGI_PV.EST,1.2772187
MHL,Marshall Islands,2023,GOV_WGI_PV.EST,1.2823827
MHL,Marshall Islands,2022,GOV_WGI_PV.EST,1.2819745
MHL,Marshall Islands,2021,GOV_WGI_PV.EST,1.004613
MHL,Marshall Islands,2020,GOV_WGI_PV.EST,1.0394581
MHL,Marshall Islands,2019,GOV_WGI_PV.EST,1.1508696
MHL,Marshall Islands,2018,GOV_WGI_PV.EST,1.14243
MHL,Marshall Islands,2017,GOV_WGI_PV.EST,1.1385207
MHL,Marshall Islands,2016,GOV_WGI_PV.EST,0.8824277
MHL,Marshall Islands,2015,GOV_WGI_PV.EST,1.1425008
MHL,Marshall Islands,2014,GOV_WGI_PV.EST,1.5750282
MHL,Marshall Islands,2013,GOV_WGI_PV.EST,1.5640556
MHL,Marshall Islands,2012,GOV_WGI_PV.EST,1.5672321
MHL,Marshall Islands,2011,GOV_WGI_PV.EST,1.5682717
MHL,Marshall Islands,2010,GOV_WGI_PV.EST,1.3502698
MHL,Marshall Islands,2009,GOV_WGI_PV.EST,1.5889495
MHL,Marshall Islands,2008,GOV_WGI_PV.EST,0.9944616
MHL,Marshall Islands,2007,GOV_WGI_PV.EST,0.9964451
MHL,Marshall Islands,2006,GOV_WGI_PV.EST,0.9803401
MHL,Marshall Islands,2005,GOV_WGI_PV.EST,0.9705879
MRT,Mauritania,2024,GOV_WGI_PV.EST,-0.5595872
MRT,Mauritania,2023,GOV_WGI_PV.EST,-0.504269499999999
MRT,Mauritania,2022,GOV_WGI_PV.EST,-0.2992865
MRT,Mauritania,2021,GOV_WGI_PV.EST,-0.5222228
MRT,Mauritania,2020,GOV_WGI_PV.EST,-0.6263455
MRT,Mauritania,2019,GOV_WGI_PV.EST,-0.645438
MRT,Mauritania,2018,GOV_WGI_PV.EST,-0.748524899999999
MRT,Mauritania,2017,GOV_WGI_PV.EST,-0.7637873
MRT,Mauritania,2016,GOV_WGI_PV.EST,-0.9065538
MRT,Mauritania,2015,GOV_WGI_PV.EST,-0.776510199999999
MRT,Mauritania,2014,GOV_WGI_PV.EST,-0.7612141
MRT,Mauritania,2013,GOV_WGI_PV.EST,-1.1394547
MRT,Mauritania,2012,GOV_WGI_PV.EST,-1.0990669
MRT,Mauritania,2011,GOV_WGI_PV.EST,-1.0034248
MRT,Mauritania,2010,GOV_WGI_PV.EST,-0.815385999999999
MRT,Mauritania,2009,GOV_WGI_PV.EST,-0.5625221
MRT,Mauritania,2008,GOV_WGI_PV.EST,-0.6838597
MRT,Mauritania,2007,GOV_WGI_PV.EST,-0.158789899999999
MRT,Mauritania,2006,GOV_WGI_PV.EST,0.1309329
MRT,Mauritania,2005,GOV_WGI_PV.EST,-0.430211099999999
MUS,Mauritius,2024,GOV_WGI_PV.EST,0.7903521
MUS,Mauritius,2023,GOV_WGI_PV.EST,0.8348296
MUS,Mauritius,2022,GOV_WGI_PV.EST,0.8607357
MUS,Mauritius,2021,GOV_WGI_PV.EST,0.9264413
MUS,Mauritius,2020,GOV_WGI_PV.EST,0.928832
MUS,Mauritius,2019,GOV_WGI_PV.EST,0.9291254
MUS,Mauritius,2018,GOV_WGI_PV.EST,0.8991856
MUS,Mauritius,2017,GOV_WGI_PV.EST,1.0144918
MUS,Mauritius,2016,GOV_WGI_PV.EST,1.0313567
MUS,Mauritius,2015,GOV_WGI_PV.EST,1.0248107
MUS,Mauritius,2014,GOV_WGI_PV.EST,0.8096197
MUS,Mauritius,2013,GOV_WGI_PV.EST,1.0531756
MUS,Mauritius,2012,GOV_WGI_PV.EST,1.0701031
MUS,Mauritius,2011,GOV_WGI_PV.EST,0.4718019
MUS,Mauritius,2010,GOV_WGI_PV.EST,0.502475
MUS,Mauritius,2009,GOV_WGI_PV.EST,0.5736232
MUS,Mauritius,2008,GOV_WGI_PV.EST,1.0395312
MUS,Mauritius,2007,GOV_WGI_PV.EST,1.0260872
MUS,Mauritius,2006,GOV_WGI_PV.EST,0.8914789
MUS,Mauritius,2005,GOV_WGI_PV.EST,1.0395271
MEX,Mexico,2024,GOV_WGI_PV.EST,-0.7154541
MEX,Mexico,2023,GOV_WGI_PV.EST,-0.5984727
MEX,Mexico,2022,GOV_WGI_PV.EST,-0.5890439
MEX,Mexico,2021,GOV_WGI_PV.EST,-0.736204699999999
MEX,Mexico,2020,GOV_WGI_PV.EST,-0.7772933
MEX,Mexico,2019,GOV_WGI_PV.EST,-0.8974274
MEX,Mexico,2018,GOV_WGI_PV.EST,-0.927316799999999
MEX,Mexico,2017,GOV_WGI_PV.EST,-1.0455954
MEX,Mexico,2016,GOV_WGI_PV.EST,-0.833912099999999
MEX,Mexico,2015,GOV_WGI_PV.EST,-0.892263399999999
MEX,Mexico,2014,GOV_WGI_PV.EST,-0.959658599999999
MEX,Mexico,2013,GOV_WGI_PV.EST,-0.804453299999999
MEX,Mexico,2012,GOV_WGI_PV.EST,-0.8010179
MEX,Mexico,2011,GOV_WGI_PV.EST,-0.7251572
MEX,Mexico,2010,GOV_WGI_PV.EST,-0.8229063
MEX,Mexico,2009,GOV_WGI_PV.EST,-0.7909518
MEX,Mexico,2008,GOV_WGI_PV.EST,-0.74551
MEX,Mexico,2007,GOV_WGI_PV.EST,-0.6336248
MEX,Mexico,2006,GOV_WGI_PV.EST,-0.5961789
MEX,Mexico,2005,GOV_WGI_PV.EST,-0.3587092
FSM,"Micronesia, Fed. Sts.",2024,GOV_WGI_PV.EST,1.499468
FSM,"Micronesia, Fed. Sts.",2023,GOV_WGI_PV.EST,1.5046321
FSM,"Micronesia, Fed. Sts.",2022,GOV_WGI_PV.EST,1.5042238
FSM,"Micronesia, Fed. Sts.",2021,GOV_WGI_PV.EST,1.2268624
FSM,"Micronesia, Fed. Sts.",2020,GOV_WGI_PV.EST,1.1206831
FSM,"Micronesia, Fed. Sts.",2019,GOV_WGI_PV.EST,1.009383
FSM,"Micronesia, Fed. Sts.",2018,GOV_WGI_PV.EST,1.2058557
FSM,"Micronesia, Fed. Sts.",2017,GOV_WGI_PV.EST,1.0690453
FSM,"Micronesia, Fed. Sts.",2016,GOV_WGI_PV.EST,1.0686461
FSM,"Micronesia, Fed. Sts.",2015,GOV_WGI_PV.EST,1.071904
FSM,"Micronesia, Fed. Sts.",2014,GOV_WGI_PV.EST,1.0732124
FSM,"Micronesia, Fed. Sts.",2013,GOV_WGI_PV.EST,1.0789642
FSM,"Micronesia, Fed. Sts.",2012,GOV_WGI_PV.EST,1.08067
FSM,"Micronesia, Fed. Sts.",2011,GOV_WGI_PV.EST,1.0812283
FSM,"Micronesia, Fed. Sts.",2010,GOV_WGI_PV.EST,1.2088755
FSM,"Micronesia, Fed. Sts.",2009,GOV_WGI_PV.EST,1.4345035
FSM,"Micronesia, Fed. Sts.",2008,GOV_WGI_PV.EST,1.0863708
FSM,"Micronesia, Fed. Sts.",2007,GOV_WGI_PV.EST,1.0868771
FSM,"Micronesia, Fed. Sts.",2006,GOV_WGI_PV.EST,1.0827663
FSM,"Micronesia, Fed. Sts.",2005,GOV_WGI_PV.EST,1.080277
MDA,Moldova,2024,GOV_WGI_PV.EST,-0.3449915
MDA,Moldova,2023,GOV_WGI_PV.EST,-0.2678685
MDA,Moldova,2022,GOV_WGI_PV.EST,-0.2465629
MDA,Moldova,2021,GOV_WGI_PV.EST,-0.0451684
MDA,Moldova,2020,GOV_WGI_PV.EST,-0.149089399999999
MDA,Moldova,2019,GOV_WGI_PV.EST,-0.1474608
MDA,Moldova,2018,GOV_WGI_PV.EST,-0.2383059
MDA,Moldova,2017,GOV_WGI_PV.EST,-0.181840299999999
MDA,Moldova,2016,GOV_WGI_PV.EST,-0.1842961
MDA,Moldova,2015,GOV_WGI_PV.EST,-0.1714471
MDA,Moldova,2014,GOV_WGI_PV.EST,-0.0788413999999999
MDA,Moldova,2013,GOV_WGI_PV.EST,0.1501042
MDA,Moldova,2012,GOV_WGI_PV.EST,0.1385944
MDA,Moldova,2011,GOV_WGI_PV.EST,0.1492997
MDA,Moldova,2010,GOV_WGI_PV.EST,-0.0745102
MDA,Moldova,2009,GOV_WGI_PV.EST,-0.2909869
MDA,Moldova,2008,GOV_WGI_PV.EST,-0.2408166
MDA,Moldova,2007,GOV_WGI_PV.EST,0.0593732
MDA,Moldova,2006,GOV_WGI_PV.EST,-0.211308299999999
MDA,Moldova,2005,GOV_WGI_PV.EST,-0.3647959
MCO,Monaco,2024,GOV_WGI_PV.EST,1.2387076
MCO,Monaco,2023,GOV_WGI_PV.EST,1.3791391
MCO,Monaco,2022,GOV_WGI_PV.EST,1.3786309
MCO,Monaco,2021,GOV_WGI_PV.EST,1.2044193
MCO,Monaco,2020,GOV_WGI_PV.EST,1.2062355
MCO,Monaco,2019,GOV_WGI_PV.EST,1.5488694
MCO,Monaco,2018,GOV_WGI_PV.EST,1.5480267
MCO,Monaco,2017,GOV_WGI_PV.EST,1.5452189
MCO,Monaco,2016,GOV_WGI_PV.EST,1.2026488
MCO,Monaco,2015,GOV_WGI_PV.EST,1.2059066
MCO,Monaco,2014,GOV_WGI_PV.EST,0.9378524
MCO,Monaco,2013,GOV_WGI_PV.EST,0.9268798
MCO,Monaco,2012,GOV_WGI_PV.EST,0.9300563
MCO,Monaco,2011,GOV_WGI_PV.EST,0.9310959
MCO,Monaco,2010,GOV_WGI_PV.EST,0.9409444
MCO,Monaco,2009,GOV_WGI_PV.EST,0.9517737
MCO,Monaco,2008,GOV_WGI_PV.EST,0.9406721
MCO,Monaco,2007,GOV_WGI_PV.EST,0.9416149
MCO,Monaco,2006,GOV_WGI_PV.EST,0.9339598
MCO,Monaco,2005,GOV_WGI_PV.EST,0.9293244
MNG,Mongolia,2024,GOV_WGI_PV.EST,0.4203821
MNG,Mongolia,2023,GOV_WGI_PV.EST,0.6432601
MNG,Mongolia,2022,GOV_WGI_PV.EST,0.6315013
MNG,Mongolia,2021,GOV_WGI_PV.EST,0.7338327
MNG,Mongolia,2020,GOV_WGI_PV.EST,0.7498288
MNG,Mongolia,2019,GOV_WGI_PV.EST,0.7382926
MNG,Mongolia,2018,GOV_WGI_PV.EST,0.7490657
MNG,Mongolia,2017,GOV_WGI_PV.EST,0.716039
MNG,Mongolia,2016,GOV_WGI_PV.EST,0.7157785
MNG,Mongolia,2015,GOV_WGI_PV.EST,0.7608377
MNG,Mongolia,2014,GOV_WGI_PV.EST,0.887271
MNG,Mongolia,2013,GOV_WGI_PV.EST,0.643466
MNG,Mongolia,2012,GOV_WGI_PV.EST,0.604855
MNG,Mongolia,2011,GOV_WGI_PV.EST,0.5645353
MNG,Mongolia,2010,GOV_WGI_PV.EST,0.6671331
MNG,Mongolia,2009,GOV_WGI_PV.EST,0.677234
MNG,Mongolia,2008,GOV_WGI_PV.EST,0.4201759
MNG,Mongolia,2007,GOV_WGI_PV.EST,0.6918806
MNG,Mongolia,2006,GOV_WGI_PV.EST,0.6573716
MNG,Mongolia,2005,GOV_WGI_PV.EST,0.8633542
MNE,Montenegro,2024,GOV_WGI_PV.EST,0.3318563
MNE,Montenegro,2023,GOV_WGI_PV.EST,0.262079
MNE,Montenegro,2022,GOV_WGI_PV.EST,0.0236518
MNE,Montenegro,2021,GOV_WGI_PV.EST,-0.0332398999999999
MNE,Montenegro,2020,GOV_WGI_PV.EST,0.0295754
MNE,Montenegro,2019,GOV_WGI_PV.EST,0.1956009
MNE,Montenegro,2018,GOV_WGI_PV.EST,0.131692
MNE,Montenegro,2017,GOV_WGI_PV.EST,0.0506422
MNE,Montenegro,2016,GOV_WGI_PV.EST,0.2828464
MNE,Montenegro,2015,GOV_WGI_PV.EST,0.2272366
MNE,Montenegro,2014,GOV_WGI_PV.EST,0.3043294
MNE,Montenegro,2013,GOV_WGI_PV.EST,0.5891056
MNE,Montenegro,2012,GOV_WGI_PV.EST,0.6136633
MNE,Montenegro,2011,GOV_WGI_PV.EST,0.502446
MNE,Montenegro,2010,GOV_WGI_PV.EST,0.5091882
MNE,Montenegro,2009,GOV_WGI_PV.EST,0.7291378
MNE,Montenegro,2008,GOV_WGI_PV.EST,0.7371209
MNE,Montenegro,2007,GOV_WGI_PV.EST,0.1618388
MNE,Montenegro,2006,GOV_WGI_PV.EST,0.2036379
MNE,Montenegro,2005,GOV_WGI_PV.EST,0.7613657
MAR,Morocco,2024,GOV_WGI_PV.EST,-0.4408003
MAR,Morocco,2023,GOV_WGI_PV.EST,-0.534977199999999
MAR,Morocco,2022,GOV_WGI_PV.EST,-0.492008
MAR,Morocco,2021,GOV_WGI_PV.EST,-0.4686437
MAR,Morocco,2020,GOV_WGI_PV.EST,-0.409449199999999
MAR,Morocco,2019,GOV_WGI_PV.EST,-0.390399499999999
MAR,Morocco,2018,GOV_WGI_PV.EST,-0.426450799999999
MAR,Morocco,2017,GOV_WGI_PV.EST,-0.5065227
MAR,Morocco,2016,GOV_WGI_PV.EST,-0.4710854
MAR,Morocco,2015,GOV_WGI_PV.EST,-0.4546654
MAR,Morocco,2014,GOV_WGI_PV.EST,-0.4094598
MAR,Morocco,2013,GOV_WGI_PV.EST,-0.6954656
MAR,Morocco,2012,GOV_WGI_PV.EST,-0.5760215
MAR,Morocco,2011,GOV_WGI_PV.EST,-0.5060194
MAR,Morocco,2010,GOV_WGI_PV.EST,-0.440469399999999
MAR,Morocco,2009,GOV_WGI_PV.EST,-0.4275208
MAR,Morocco,2008,GOV_WGI_PV.EST,-0.5121647
MAR,Morocco,2007,GOV_WGI_PV.EST,-0.4138396
MAR,Morocco,2006,GOV_WGI_PV.EST,-0.3798256
MAR,Morocco,2005,GOV_WGI_PV.EST,-0.5634806
MOZ,Mozambique,2024,GOV_WGI_PV.EST,-1.7581974
MOZ,Mozambique,2023,GOV_WGI_PV.EST,-1.41840379999999
MOZ,Mozambique,2022,GOV_WGI_PV.EST,-1.3208653
MOZ,Mozambique,2021,GOV_WGI_PV.EST,-1.2675269
MOZ,Mozambique,2020,GOV_WGI_PV.EST,-1.34575129999999
MOZ,Mozambique,2019,GOV_WGI_PV.EST,-0.8295224
MOZ,Mozambique,2018,GOV_WGI_PV.EST,-0.798038799999999
MOZ,Mozambique,2017,GOV_WGI_PV.EST,-1.06530219999999
MOZ,Mozambique,2016,GOV_WGI_PV.EST,-1.2808563
MOZ,Mozambique,2015,GOV_WGI_PV.EST,-0.6842917
MOZ,Mozambique,2014,GOV_WGI_PV.EST,-0.6196453
MOZ,Mozambique,2013,GOV_WGI_PV.EST,-0.495572499999999
MOZ,Mozambique,2012,GOV_WGI_PV.EST,0.0409192
MOZ,Mozambique,2011,GOV_WGI_PV.EST,-0.0890489999999999
MOZ,Mozambique,2010,GOV_WGI_PV.EST,-0.0221082999999999
MOZ,Mozambique,2009,GOV_WGI_PV.EST,0.2678511
MOZ,Mozambique,2008,GOV_WGI_PV.EST,0.1823787
MOZ,Mozambique,2007,GOV_WGI_PV.EST,0.1182921
MOZ,Mozambique,2006,GOV_WGI_PV.EST,0.2636579
MOZ,Mozambique,2005,GOV_WGI_PV.EST,-0.0829699
MMR,Myanmar,2024,GOV_WGI_PV.EST,-2.0903985
MMR,Myanmar,2023,GOV_WGI_PV.EST,-2.2086828
MMR,Myanmar,2022,GOV_WGI_PV.EST,-2.2412758
MMR,Myanmar,2021,GOV_WGI_PV.EST,-2.09394989999999
MMR,Myanmar,2020,GOV_WGI_PV.EST,-1.5318775
MMR,Myanmar,2019,GOV_WGI_PV.EST,-1.3625611
MMR,Myanmar,2018,GOV_WGI_PV.EST,-1.29787299999999
MMR,Myanmar,2017,GOV_WGI_PV.EST,-1.24136
MMR,Myanmar,2016,GOV_WGI_PV.EST,-1.01961219999999
MMR,Myanmar,2015,GOV_WGI_PV.EST,-1.123947
MMR,Myanmar,2014,GOV_WGI_PV.EST,-1.1507422
MMR,Myanmar,2013,GOV_WGI_PV.EST,-1.2724274
MMR,Myanmar,2012,GOV_WGI_PV.EST,-1.05965779999999
MMR,Myanmar,2011,GOV_WGI_PV.EST,-1.084601
MMR,Myanmar,2010,GOV_WGI_PV.EST,-1.0884224
MMR,Myanmar,2009,GOV_WGI_PV.EST,-1.1579001
MMR,Myanmar,2008,GOV_WGI_PV.EST,-1.1194619
MMR,Myanmar,2007,GOV_WGI_PV.EST,-1.0447303
MMR,Myanmar,2006,GOV_WGI_PV.EST,-0.787107799999999
MMR,Myanmar,2005,GOV_WGI_PV.EST,-0.9344471
NAM,Namibia,2024,GOV_WGI_PV.EST,0.5467327
NAM,Namibia,2023,GOV_WGI_PV.EST,0.4150583
NAM,Namibia,2022,GOV_WGI_PV.EST,0.3736395
NAM,Namibia,2021,GOV_WGI_PV.EST,0.5136089
NAM,Namibia,2020,GOV_WGI_PV.EST,0.5126308
NAM,Namibia,2019,GOV_WGI_PV.EST,0.5859149
NAM,Namibia,2018,GOV_WGI_PV.EST,0.6942559
NAM,Namibia,2017,GOV_WGI_PV.EST,0.6294292
NAM,Namibia,2016,GOV_WGI_PV.EST,0.6657313
NAM,Namibia,2015,GOV_WGI_PV.EST,0.7175058
NAM,Namibia,2014,GOV_WGI_PV.EST,0.6369054
NAM,Namibia,2013,GOV_WGI_PV.EST,0.8788275
NAM,Namibia,2012,GOV_WGI_PV.EST,0.843349
NAM,Namibia,2011,GOV_WGI_PV.EST,0.7152049
NAM,Namibia,2010,GOV_WGI_PV.EST,0.7872857
NAM,Namibia,2009,GOV_WGI_PV.EST,0.9292612
NAM,Namibia,2008,GOV_WGI_PV.EST,1.0648169
NAM,Namibia,2007,GOV_WGI_PV.EST,0.9275704
NAM,Namibia,2006,GOV_WGI_PV.EST,0.703831
NAM,Namibia,2005,GOV_WGI_PV.EST,0.5812349
NRU,Nauru,2024,GOV_WGI_PV.EST,1.1047052
NRU,Nauru,2023,GOV_WGI_PV.EST,1.0356891
NRU,Nauru,2022,GOV_WGI_PV.EST,0.9276426
NRU,Nauru,2021,GOV_WGI_PV.EST,0.7572142
NRU,Nauru,2020,GOV_WGI_PV.EST,0.7590998
NRU,Nauru,2019,GOV_WGI_PV.EST,0.7595804
NRU,Nauru,2018,GOV_WGI_PV.EST,0.8079535
NRU,Nauru,2017,GOV_WGI_PV.EST,0.8241821
NRU,Nauru,2016,GOV_WGI_PV.EST,1.0101963
NRU,Nauru,2015,GOV_WGI_PV.EST,1.0147322
NRU,Nauru,2014,GOV_WGI_PV.EST,1.4041403
NRU,Nauru,2013,GOV_WGI_PV.EST,1.5640556
NRU,Nauru,2012,GOV_WGI_PV.EST,1.5672321
NRU,Nauru,2011,GOV_WGI_PV.EST,1.5682717
NRU,Nauru,2010,GOV_WGI_PV.EST,1.5781203
NRU,Nauru,2009,GOV_WGI_PV.EST,1.5889495
NRU,Nauru,2008,GOV_WGI_PV.EST,0.9944616
NRU,Nauru,2007,GOV_WGI_PV.EST,0.9964451
NRU,Nauru,2006,GOV_WGI_PV.EST,0.9803401
NRU,Nauru,2005,GOV_WGI_PV.EST,0.9705879
NPL,Nepal,2024,GOV_WGI_PV.EST,-0.414613399999999
NPL,Nepal,2023,GOV_WGI_PV.EST,-0.312959
NPL,Nepal,2022,GOV_WGI_PV.EST,-0.3755496
NPL,Nepal,2021,GOV_WGI_PV.EST,-0.2520173
NPL,Nepal,2020,GOV_WGI_PV.EST,-0.250305599999999
NPL,Nepal,2019,GOV_WGI_PV.EST,-0.4056357
NPL,Nepal,2018,GOV_WGI_PV.EST,-0.495786599999999
NPL,Nepal,2017,GOV_WGI_PV.EST,-0.5502541
NPL,Nepal,2016,GOV_WGI_PV.EST,-0.9210801
NPL,Nepal,2015,GOV_WGI_PV.EST,-1.0154123
NPL,Nepal,2014,GOV_WGI_PV.EST,-0.8435975
NPL,Nepal,2013,GOV_WGI_PV.EST,-1.2264145
NPL,Nepal,2012,GOV_WGI_PV.EST,-1.4781419
NPL,Nepal,2011,GOV_WGI_PV.EST,-1.5205463
NPL,Nepal,2010,GOV_WGI_PV.EST,-1.5990906
NPL,Nepal,2009,GOV_WGI_PV.EST,-1.6385607
NPL,Nepal,2008,GOV_WGI_PV.EST,-1.8469133
NPL,Nepal,2007,GOV_WGI_PV.EST,-1.8213249
NPL,Nepal,2006,GOV_WGI_PV.EST,-1.86698569999999
NPL,Nepal,2005,GOV_WGI_PV.EST,-2.1457885
NLD,Netherlands,2024,GOV_WGI_PV.EST,0.4281196
NLD,Netherlands,2023,GOV_WGI_PV.EST,0.6084395
NLD,Netherlands,2022,GOV_WGI_PV.EST,0.6252296
NLD,Netherlands,2021,GOV_WGI_PV.EST,0.732977
NLD,Netherlands,2020,GOV_WGI_PV.EST,0.7092891
NLD,Netherlands,2019,GOV_WGI_PV.EST,0.6985452
NLD,Netherlands,2018,GOV_WGI_PV.EST,0.7930988
NLD,Netherlands,2017,GOV_WGI_PV.EST,0.7820237
NLD,Netherlands,2016,GOV_WGI_PV.EST,0.880799
NLD,Netherlands,2015,GOV_WGI_PV.EST,0.9118761
NLD,Netherlands,2014,GOV_WGI_PV.EST,1.0691945
NLD,Netherlands,2013,GOV_WGI_PV.EST,1.0569335
NLD,Netherlands,2012,GOV_WGI_PV.EST,1.1275327
NLD,Netherlands,2011,GOV_WGI_PV.EST,1.0827056
NLD,Netherlands,2010,GOV_WGI_PV.EST,0.9924275
NLD,Netherlands,2009,GOV_WGI_PV.EST,1.0557331
NLD,Netherlands,2008,GOV_WGI_PV.EST,0.9775963
NLD,Netherlands,2007,GOV_WGI_PV.EST,0.9304457
NLD,Netherlands,2006,GOV_WGI_PV.EST,0.9634029
NLD,Netherlands,2005,GOV_WGI_PV.EST,1.0093119
,New Caledonia,2024,GOV_WGI_PV.EST,1.0976197
,New Caledonia,2023,GOV_WGI_PV.EST,1.1167211
,New Caledonia,2022,GOV_WGI_PV.EST,1.1152109
,New Caledonia,2021,GOV_WGI_PV.EST,1.1123709
,New Caledonia,2020,GOV_WGI_PV.EST,1.0443731
,New Caledonia,2019,GOV_WGI_PV.EST,1.0596771
,New Caledonia,2018,GOV_WGI_PV.EST,0.9953247
NZL,New Zealand,2024,GOV_WGI_PV.EST,1.1506563
NZL,New Zealand,2023,GOV_WGI_PV.EST,1.2849613
NZL,New Zealand,2022,GOV_WGI_PV.EST,1.2327589
NZL,New Zealand,2021,GOV_WGI_PV.EST,1.3569818
NZL,New Zealand,2020,GOV_WGI_PV.EST,1.4605501
NZL,New Zealand,2019,GOV_WGI_PV.EST,1.3883859
NZL,New Zealand,2018,GOV_WGI_PV.EST,1.4448939
NZL,New Zealand,2017,GOV_WGI_PV.EST,1.4924848
NZL,New Zealand,2016,GOV_WGI_PV.EST,1.4642557
NZL,New Zealand,2015,GOV_WGI_PV.EST,1.4661127
NZL,New Zealand,2014,GOV_WGI_PV.EST,1.4958227
NZL,New Zealand,2013,GOV_WGI_PV.EST,1.3788423
NZL,New Zealand,2012,GOV_WGI_PV.EST,1.4088511
NZL,New Zealand,2011,GOV_WGI_PV.EST,1.3902927
NZL,New Zealand,2010,GOV_WGI_PV.EST,1.4165428
NZL,New Zealand,2009,GOV_WGI_PV.EST,1.1995646
NZL,New Zealand,2008,GOV_WGI_PV.EST,1.2062542
NZL,New Zealand,2007,GOV_WGI_PV.EST,1.3369202
NZL,New Zealand,2006,GOV_WGI_PV.EST,1.2825155
NZL,New Zealand,2005,GOV_WGI_PV.EST,1.3418499
NIC,Nicaragua,2024,GOV_WGI_PV.EST,-0.0694255
NIC,Nicaragua,2023,GOV_WGI_PV.EST,-0.0652355999999999
NIC,Nicaragua,2022,GOV_WGI_PV.EST,-0.168460299999999
NIC,Nicaragua,2021,GOV_WGI_PV.EST,-0.4075357
NIC,Nicaragua,2020,GOV_WGI_PV.EST,-0.5232726
NIC,Nicaragua,2019,GOV_WGI_PV.EST,-0.944804499999999
NIC,Nicaragua,2018,GOV_WGI_PV.EST,-1.1119701
NIC,Nicaragua,2017,GOV_WGI_PV.EST,-0.181501599999999
NIC,Nicaragua,2016,GOV_WGI_PV.EST,-0.1674906
NIC,Nicaragua,2015,GOV_WGI_PV.EST,-0.176230399999999
NIC,Nicaragua,2014,GOV_WGI_PV.EST,-0.1441664
NIC,Nicaragua,2013,GOV_WGI_PV.EST,-0.3620672
NIC,Nicaragua,2012,GOV_WGI_PV.EST,-0.4628059
NIC,Nicaragua,2011,GOV_WGI_PV.EST,-0.457223
NIC,Nicaragua,2010,GOV_WGI_PV.EST,-0.5388003
NIC,Nicaragua,2009,GOV_WGI_PV.EST,-0.2757211
NIC,Nicaragua,2008,GOV_WGI_PV.EST,-0.2070926
NIC,Nicaragua,2007,GOV_WGI_PV.EST,-0.107965999999999
NIC,Nicaragua,2006,GOV_WGI_PV.EST,-0.2789194
NIC,Nicaragua,2005,GOV_WGI_PV.EST,-0.3908856
NER,Niger,2024,GOV_WGI_PV.EST,-1.7634214
NER,Niger,2023,GOV_WGI_PV.EST,-1.65337929999999
NER,Niger,2022,GOV_WGI_PV.EST,-1.299076
NER,Niger,2021,GOV_WGI_PV.EST,-1.4793091
NER,Niger,2020,GOV_WGI_PV.EST,-1.502479
NER,Niger,2019,GOV_WGI_PV.EST,-1.19014889999999
NER,Niger,2018,GOV_WGI_PV.EST,-1.1906754
NER,Niger,2017,GOV_WGI_PV.EST,-1.0412801
NER,Niger,2016,GOV_WGI_PV.EST,-0.944319999999999
NER,Niger,2015,GOV_WGI_PV.EST,-0.7994889
NER,Niger,2014,GOV_WGI_PV.EST,-0.9806619
NER,Niger,2013,GOV_WGI_PV.EST,-0.934017
NER,Niger,2012,GOV_WGI_PV.EST,-0.883146299999999
NER,Niger,2011,GOV_WGI_PV.EST,-0.758722799999999
NER,Niger,2010,GOV_WGI_PV.EST,-1.0817352
NER,Niger,2009,GOV_WGI_PV.EST,-0.9211855
NER,Niger,2008,GOV_WGI_PV.EST,-0.5913305
NER,Niger,2007,GOV_WGI_PV.EST,-0.3573665
NER,Niger,2006,GOV_WGI_PV.EST,-0.1317713
NER,Niger,2005,GOV_WGI_PV.EST,-0.4096853
NGA,Nigeria,2024,GOV_WGI_PV.EST,-2.0025617
NGA,Nigeria,2023,GOV_WGI_PV.EST,-1.9559706
NGA,Nigeria,2022,GOV_WGI_PV.EST,-1.9526169
NGA,Nigeria,2021,GOV_WGI_PV.EST,-2.0135756
NGA,Nigeria,2020,GOV_WGI_PV.EST,-2.0090379
NGA,Nigeria,2019,GOV_WGI_PV.EST,-1.97320729999999
NGA,Nigeria,2018,GOV_WGI_PV.EST,-1.8854786
NGA,Nigeria,2017,GOV_WGI_PV.EST,-1.90978539999999
NGA,Nigeria,2016,GOV_WGI_PV.EST,-1.7100665
NGA,Nigeria,2015,GOV_WGI_PV.EST,-1.66777129999999
NGA,Nigeria,2014,GOV_WGI_PV.EST,-2.18554969999999
NGA,Nigeria,2013,GOV_WGI_PV.EST,-1.98930569999999
NGA,Nigeria,2012,GOV_WGI_PV.EST,-2.08835269999999
NGA,Nigeria,2011,GOV_WGI_PV.EST,-1.9456535
NGA,Nigeria,2010,GOV_WGI_PV.EST,-2.0245506
NGA,Nigeria,2009,GOV_WGI_PV.EST,-1.48197129999999
NGA,Nigeria,2008,GOV_WGI_PV.EST,-1.5994258
NGA,Nigeria,2007,GOV_WGI_PV.EST,-1.70741109999999
NGA,Nigeria,2006,GOV_WGI_PV.EST,-1.8286711
NGA,Nigeria,2005,GOV_WGI_PV.EST,-1.7338852
MKD,North Macedonia,2024,GOV_WGI_PV.EST,0.1558087
MKD,North Macedonia,2023,GOV_WGI_PV.EST,0.2173102
MKD,North Macedonia,2022,GOV_WGI_PV.EST,0.3218511
MKD,North Macedonia,2021,GOV_WGI_PV.EST,0.0908151
MKD,North Macedonia,2020,GOV_WGI_PV.EST,0.0891281999999999
MKD,North Macedonia,2019,GOV_WGI_PV.EST,0.0391432
MKD,North Macedonia,2018,GOV_WGI_PV.EST,-0.1184433
MKD,North Macedonia,2017,GOV_WGI_PV.EST,-0.249481799999999
MKD,North Macedonia,2016,GOV_WGI_PV.EST,-0.3424451
MKD,North Macedonia,2015,GOV_WGI_PV.EST,-0.2204312
MKD,North Macedonia,2014,GOV_WGI_PV.EST,0.2261526
MKD,North Macedonia,2013,GOV_WGI_PV.EST,-0.4044213
MKD,North Macedonia,2012,GOV_WGI_PV.EST,-0.399539
MKD,North Macedonia,2011,GOV_WGI_PV.EST,-0.679646499999999
MKD,North Macedonia,2010,GOV_WGI_PV.EST,-0.453181499999999
MKD,North Macedonia,2009,GOV_WGI_PV.EST,-0.0911297
MKD,North Macedonia,2008,GOV_WGI_PV.EST,-0.183842099999999
MKD,North Macedonia,2007,GOV_WGI_PV.EST,-0.2627047
MKD,North Macedonia,2006,GOV_WGI_PV.EST,-0.6274535
MKD,North Macedonia,2005,GOV_WGI_PV.EST,-0.9533971
NOR,Norway,2024,GOV_WGI_PV.EST,0.9032646
NOR,Norway,2023,GOV_WGI_PV.EST,0.9361906
NOR,Norway,2022,GOV_WGI_PV.EST,0.9197731
NOR,Norway,2021,GOV_WGI_PV.EST,1.0721678
NOR,Norway,2020,GOV_WGI_PV.EST,1.2049763
NOR,Norway,2019,GOV_WGI_PV.EST,1.0766478
NOR,Norway,2018,GOV_WGI_PV.EST,1.1115481
NOR,Norway,2017,GOV_WGI_PV.EST,1.0956942
NOR,Norway,2016,GOV_WGI_PV.EST,1.1454306
NOR,Norway,2015,GOV_WGI_PV.EST,1.1710873
NOR,Norway,2014,GOV_WGI_PV.EST,1.1999067
NOR,Norway,2013,GOV_WGI_PV.EST,1.3123527
NOR,Norway,2012,GOV_WGI_PV.EST,1.3326311
NOR,Norway,2011,GOV_WGI_PV.EST,1.3466634
NOR,Norway,2010,GOV_WGI_PV.EST,1.4149557
NOR,Norway,2009,GOV_WGI_PV.EST,1.413466
NOR,Norway,2008,GOV_WGI_PV.EST,1.3383189
NOR,Norway,2007,GOV_WGI_PV.EST,1.2184257
NOR,Norway,2006,GOV_WGI_PV.EST,1.2311357
NOR,Norway,2005,GOV_WGI_PV.EST,1.267795
OMN,Oman,2024,GOV_WGI_PV.EST,0.6272361
OMN,Oman,2023,GOV_WGI_PV.EST,0.5521576
OMN,Oman,2022,GOV_WGI_PV.EST,0.4399615
OMN,Oman,2021,GOV_WGI_PV.EST,0.3902352
OMN,Oman,2020,GOV_WGI_PV.EST,0.468834
OMN,Oman,2019,GOV_WGI_PV.EST,0.5167644
OMN,Oman,2018,GOV_WGI_PV.EST,0.5392522
OMN,Oman,2017,GOV_WGI_PV.EST,0.5468563
OMN,Oman,2016,GOV_WGI_PV.EST,0.5065831
OMN,Oman,2015,GOV_WGI_PV.EST,0.6155394
OMN,Oman,2014,GOV_WGI_PV.EST,0.5698008
OMN,Oman,2013,GOV_WGI_PV.EST,0.3339536
OMN,Oman,2012,GOV_WGI_PV.EST,0.3876466
OMN,Oman,2011,GOV_WGI_PV.EST,0.3126716
OMN,Oman,2010,GOV_WGI_PV.EST,0.5865685
OMN,Oman,2009,GOV_WGI_PV.EST,0.8400494
OMN,Oman,2008,GOV_WGI_PV.EST,0.8521682
OMN,Oman,2007,GOV_WGI_PV.EST,0.8841773
OMN,Oman,2006,GOV_WGI_PV.EST,0.8435712
OMN,Oman,2005,GOV_WGI_PV.EST,0.9464385
PAK,Pakistan,2024,GOV_WGI_PV.EST,-2.0634311
PAK,Pakistan,2023,GOV_WGI_PV.EST,-1.9403838
PAK,Pakistan,2022,GOV_WGI_PV.EST,-1.7555938
PAK,Pakistan,2021,GOV_WGI_PV.EST,-1.6496402
PAK,Pakistan,2020,GOV_WGI_PV.EST,-1.5881564
PAK,Pakistan,2019,GOV_WGI_PV.EST,-1.9293422
PAK,Pakistan,2018,GOV_WGI_PV.EST,-1.9857782
PAK,Pakistan,2017,GOV_WGI_PV.EST,-2.2184098
PAK,Pakistan,2016,GOV_WGI_PV.EST,-2.3350493
PAK,Pakistan,2015,GOV_WGI_PV.EST,-2.4299435
PAK,Pakistan,2014,GOV_WGI_PV.EST,-2.46216149999999
PAK,Pakistan,2013,GOV_WGI_PV.EST,-2.6678365
PAK,Pakistan,2012,GOV_WGI_PV.EST,-2.6807174
PAK,Pakistan,2011,GOV_WGI_PV.EST,-2.7114561
PAK,Pakistan,2010,GOV_WGI_PV.EST,-2.45869169999999
PAK,Pakistan,2009,GOV_WGI_PV.EST,-2.19812549999999
PAK,Pakistan,2008,GOV_WGI_PV.EST,-2.4251193
PAK,Pakistan,2007,GOV_WGI_PV.EST,-2.30062119999999
PAK,Pakistan,2006,GOV_WGI_PV.EST,-1.87520239999999
PAK,Pakistan,2005,GOV_WGI_PV.EST,-1.7357942
PLW,Palau,2024,GOV_WGI_PV.EST,1.2387076
PLW,Palau,2023,GOV_WGI_PV.EST,1.2451365
PLW,Palau,2022,GOV_WGI_PV.EST,1.2446282
PLW,Palau,2021,GOV_WGI_PV.EST,1.1404301
PLW,Palau,2020,GOV_WGI_PV.EST,1.1429587
PLW,Palau,2019,GOV_WGI_PV.EST,1.1436032
PLW,Palau,2018,GOV_WGI_PV.EST,1.14243
PLW,Palau,2017,GOV_WGI_PV.EST,1.1385207
PLW,Palau,2016,GOV_WGI_PV.EST,0.951395
PLW,Palau,2015,GOV_WGI_PV.EST,0.9559309
PLW,Palau,2014,GOV_WGI_PV.EST,1.5750282
PLW,Palau,2013,GOV_WGI_PV.EST,1.5640556
PLW,Palau,2012,GOV_WGI_PV.EST,1.5672321
PLW,Palau,2011,GOV_WGI_PV.EST,1.5682717
PLW,Palau,2010,GOV_WGI_PV.EST,1.5781203
PLW,Palau,2009,GOV_WGI_PV.EST,1.5889495
PLW,Palau,2008,GOV_WGI_PV.EST,0.9944616
PLW,Palau,2007,GOV_WGI_PV.EST,0.9964451
PLW,Palau,2006,GOV_WGI_PV.EST,0.9803401
PLW,Palau,2005,GOV_WGI_PV.EST,0.9705879
PAN,Panama,2024,GOV_WGI_PV.EST,0.264681
PAN,Panama,2023,GOV_WGI_PV.EST,0.3693808
PAN,Panama,2022,GOV_WGI_PV.EST,0.428471
PAN,Panama,2021,GOV_WGI_PV.EST,0.3538332
PAN,Panama,2020,GOV_WGI_PV.EST,0.3368353
PAN,Panama,2019,GOV_WGI_PV.EST,0.399288
PAN,Panama,2018,GOV_WGI_PV.EST,0.364313
PAN,Panama,2017,GOV_WGI_PV.EST,0.457992
PAN,Panama,2016,GOV_WGI_PV.EST,0.4612991
PAN,Panama,2015,GOV_WGI_PV.EST,0.4833108
PAN,Panama,2014,GOV_WGI_PV.EST,0.2814967
PAN,Panama,2013,GOV_WGI_PV.EST,-0.0995914
PAN,Panama,2012,GOV_WGI_PV.EST,-0.0613991
PAN,Panama,2011,GOV_WGI_PV.EST,-0.0424882
PAN,Panama,2010,GOV_WGI_PV.EST,-0.0820154
PAN,Panama,2009,GOV_WGI_PV.EST,0.1158121
PAN,Panama,2008,GOV_WGI_PV.EST,0.0710551
PAN,Panama,2007,GOV_WGI_PV.EST,0.112752
PAN,Panama,2006,GOV_WGI_PV.EST,0.0855250999999999
PAN,Panama,2005,GOV_WGI_PV.EST,-0.0584832999999999
PNG,Papua New Guinea,2024,GOV_WGI_PV.EST,-0.653875
PNG,Papua New Guinea,2023,GOV_WGI_PV.EST,-0.530809
PNG,Papua New Guinea,2022,GOV_WGI_PV.EST,-0.6856785
PNG,Papua New Guinea,2021,GOV_WGI_PV.EST,-0.747625099999999
PNG,Papua New Guinea,2020,GOV_WGI_PV.EST,-0.768714799999999
PNG,Papua New Guinea,2019,GOV_WGI_PV.EST,-0.799196999999999
PNG,Papua New Guinea,2018,GOV_WGI_PV.EST,-0.7969145
PNG,Papua New Guinea,2017,GOV_WGI_PV.EST,-0.8689907
PNG,Papua New Guinea,2016,GOV_WGI_PV.EST,-0.757626799999999
PNG,Papua New Guinea,2015,GOV_WGI_PV.EST,-0.693792299999999
PNG,Papua New Guinea,2014,GOV_WGI_PV.EST,-0.669148299999999
PNG,Papua New Guinea,2013,GOV_WGI_PV.EST,-0.7908101
PNG,Papua New Guinea,2012,GOV_WGI_PV.EST,-0.879075899999999
PNG,Papua New Guinea,2011,GOV_WGI_PV.EST,-0.9018493
PNG,Papua New Guinea,2010,GOV_WGI_PV.EST,-0.9409904
PNG,Papua New Guinea,2009,GOV_WGI_PV.EST,-0.9272324
PNG,Papua New Guinea,2008,GOV_WGI_PV.EST,-0.7838524
PNG,Papua New Guinea,2007,GOV_WGI_PV.EST,-0.9276787
PNG,Papua New Guinea,2006,GOV_WGI_PV.EST,-1.0799066
PNG,Papua New Guinea,2005,GOV_WGI_PV.EST,-1.048107
PRY,Paraguay,2024,GOV_WGI_PV.EST,-0.0738359
PRY,Paraguay,2023,GOV_WGI_PV.EST,0.00238379999999999
PRY,Paraguay,2022,GOV_WGI_PV.EST,-0.0659073999999999
PRY,Paraguay,2021,GOV_WGI_PV.EST,-0.0550381999999999
PRY,Paraguay,2020,GOV_WGI_PV.EST,0.0082817
PRY,Paraguay,2019,GOV_WGI_PV.EST,0.0355269
PRY,Paraguay,2018,GOV_WGI_PV.EST,-0.0337829
PRY,Paraguay,2017,GOV_WGI_PV.EST,-0.0283019999999999
PRY,Paraguay,2016,GOV_WGI_PV.EST,0.0944783
PRY,Paraguay,2015,GOV_WGI_PV.EST,0.0826536
PRY,Paraguay,2014,GOV_WGI_PV.EST,0.0107526
PRY,Paraguay,2013,GOV_WGI_PV.EST,-0.6183216
PRY,Paraguay,2012,GOV_WGI_PV.EST,-0.5745262
PRY,Paraguay,2011,GOV_WGI_PV.EST,-0.5668194
PRY,Paraguay,2010,GOV_WGI_PV.EST,-0.5333587
PRY,Paraguay,2009,GOV_WGI_PV.EST,-0.4759748
PRY,Paraguay,2008,GOV_WGI_PV.EST,-0.462138699999999
PRY,Paraguay,2007,GOV_WGI_PV.EST,-0.430481
PRY,Paraguay,2006,GOV_WGI_PV.EST,-0.5411225
PRY,Paraguay,2005,GOV_WGI_PV.EST,-0.490811899999999
PER,Peru,2024,GOV_WGI_PV.EST,-0.6544223
PER,Peru,2023,GOV_WGI_PV.EST,-0.7239502
PER,Peru,2022,GOV_WGI_PV.EST,-0.6566212
PER,Peru,2021,GOV_WGI_PV.EST,-0.334168099999999
PER,Peru,2020,GOV_WGI_PV.EST,-0.2963963
PER,Peru,2019,GOV_WGI_PV.EST,-0.0888854999999999
PER,Peru,2018,GOV_WGI_PV.EST,-0.1689403
PER,Peru,2017,GOV_WGI_PV.EST,-0.2242779
PER,Peru,2016,GOV_WGI_PV.EST,-0.1794896
PER,Peru,2015,GOV_WGI_PV.EST,-0.321351999999999
PER,Peru,2014,GOV_WGI_PV.EST,-0.4040664
PER,Peru,2013,GOV_WGI_PV.EST,-0.7062488
PER,Peru,2012,GOV_WGI_PV.EST,-0.698579899999999
PER,Peru,2011,GOV_WGI_PV.EST,-0.675414699999999
PER,Peru,2010,GOV_WGI_PV.EST,-0.7755101
PER,Peru,2009,GOV_WGI_PV.EST,-0.9293423
PER,Peru,2008,GOV_WGI_PV.EST,-0.688819
PER,Peru,2007,GOV_WGI_PV.EST,-0.5612623
PER,Peru,2006,GOV_WGI_PV.EST,-0.714552699999999
PER,Peru,2005,GOV_WGI_PV.EST,-0.914410899999999
PHL,Philippines,2024,GOV_WGI_PV.EST,-0.7741477
PHL,Philippines,2023,GOV_WGI_PV.EST,-0.709066
PHL,Philippines,2022,GOV_WGI_PV.EST,-0.899042399999999
PHL,Philippines,2021,GOV_WGI_PV.EST,-1.0935816
PHL,Philippines,2020,GOV_WGI_PV.EST,-0.9415427
PHL,Philippines,2019,GOV_WGI_PV.EST,-1.0094929
PHL,Philippines,2018,GOV_WGI_PV.EST,-1.06677739999999
PHL,Philippines,2017,GOV_WGI_PV.EST,-1.2792545
PHL,Philippines,2016,GOV_WGI_PV.EST,-1.4376683
PHL,Philippines,2015,GOV_WGI_PV.EST,-0.926818599999999
PHL,Philippines,2014,GOV_WGI_PV.EST,-0.805762
PHL,Philippines,2013,GOV_WGI_PV.EST,-1.0944308
PHL,Philippines,2012,GOV_WGI_PV.EST,-1.1706826
PHL,Philippines,2011,GOV_WGI_PV.EST,-1.3804409
PHL,Philippines,2010,GOV_WGI_PV.EST,-1.5826192
PHL,Philippines,2009,GOV_WGI_PV.EST,-1.6270742
PHL,Philippines,2008,GOV_WGI_PV.EST,-1.6629672
PHL,Philippines,2007,GOV_WGI_PV.EST,-1.4430777
PHL,Philippines,2006,GOV_WGI_PV.EST,-1.4720731
PHL,Philippines,2005,GOV_WGI_PV.EST,-1.1762537
POL,Poland,2024,GOV_WGI_PV.EST,0.498655
POL,Poland,2023,GOV_WGI_PV.EST,0.5055901
POL,Poland,2022,GOV_WGI_PV.EST,0.537484
POL,Poland,2021,GOV_WGI_PV.EST,0.5651963
POL,Poland,2020,GOV_WGI_PV.EST,0.5545247
POL,Poland,2019,GOV_WGI_PV.EST,0.6735951
POL,Poland,2018,GOV_WGI_PV.EST,0.630199
POL,Poland,2017,GOV_WGI_PV.EST,0.6020499
POL,Poland,2016,GOV_WGI_PV.EST,0.5712287
POL,Poland,2015,GOV_WGI_PV.EST,1.0637346
POL,Poland,2014,GOV_WGI_PV.EST,1.0543362
POL,Poland,2013,GOV_WGI_PV.EST,0.9461127
POL,Poland,2012,GOV_WGI_PV.EST,1.0636907
POL,Poland,2011,GOV_WGI_PV.EST,1.0564513
POL,Poland,2010,GOV_WGI_PV.EST,1.1015819
POL,Poland,2009,GOV_WGI_PV.EST,0.9970056
POL,Poland,2008,GOV_WGI_PV.EST,0.9992473
POL,Poland,2007,GOV_WGI_PV.EST,0.7795685
POL,Poland,2006,GOV_WGI_PV.EST,0.3771151
POL,Poland,2005,GOV_WGI_PV.EST,0.5169171
PRT,Portugal,2024,GOV_WGI_PV.EST,0.536927
PRT,Portugal,2023,GOV_WGI_PV.EST,0.7890296
PRT,Portugal,2022,GOV_WGI_PV.EST,0.8869409
PRT,Portugal,2021,GOV_WGI_PV.EST,0.9584396
PRT,Portugal,2020,GOV_WGI_PV.EST,0.9830461
PRT,Portugal,2019,GOV_WGI_PV.EST,0.9941251
PRT,Portugal,2018,GOV_WGI_PV.EST,1.0917404
PRT,Portugal,2017,GOV_WGI_PV.EST,1.054818
PRT,Portugal,2016,GOV_WGI_PV.EST,0.9588082
PRT,Portugal,2015,GOV_WGI_PV.EST,1.0004341
PRT,Portugal,2014,GOV_WGI_PV.EST,0.9403714
PRT,Portugal,2013,GOV_WGI_PV.EST,0.7633997
PRT,Portugal,2012,GOV_WGI_PV.EST,0.8412014
PRT,Portugal,2011,GOV_WGI_PV.EST,0.7839002
PRT,Portugal,2010,GOV_WGI_PV.EST,0.773195
PRT,Portugal,2009,GOV_WGI_PV.EST,0.8872701
PRT,Portugal,2008,GOV_WGI_PV.EST,0.992239
PRT,Portugal,2007,GOV_WGI_PV.EST,0.874565
PRT,Portugal,2006,GOV_WGI_PV.EST,0.9679647
PRT,Portugal,2005,GOV_WGI_PV.EST,1.0744066
,Puerto Rico,2024,GOV_WGI_PV.EST,0.4382506
,Puerto Rico,2023,GOV_WGI_PV.EST,0.2902359
,Puerto Rico,2022,GOV_WGI_PV.EST,0.3070682
,Puerto Rico,2021,GOV_WGI_PV.EST,0.4249881
,Puerto Rico,2020,GOV_WGI_PV.EST,0.3722414
,Puerto Rico,2019,GOV_WGI_PV.EST,0.1081481
,Puerto Rico,2018,GOV_WGI_PV.EST,0.3034965
,Puerto Rico,2017,GOV_WGI_PV.EST,0.4048918
,Puerto Rico,2016,GOV_WGI_PV.EST,0.4983548
,Puerto Rico,2015,GOV_WGI_PV.EST,0.642722
,Puerto Rico,2014,GOV_WGI_PV.EST,0.6356965
,Puerto Rico,2013,GOV_WGI_PV.EST,0.0987437999999999
,Puerto Rico,2012,GOV_WGI_PV.EST,0.5744011
,Puerto Rico,2011,GOV_WGI_PV.EST,0.5022146
,Puerto Rico,2010,GOV_WGI_PV.EST,0.4065467
,Puerto Rico,2009,GOV_WGI_PV.EST,0.4099989
,Puerto Rico,2008,GOV_WGI_PV.EST,0.3528229
,Puerto Rico,2007,GOV_WGI_PV.EST,0.4890908
,Puerto Rico,2006,GOV_WGI_PV.EST,0.4145952
,Puerto Rico,2005,GOV_WGI_PV.EST,0.411619
QAT,Qatar,2024,GOV_WGI_PV.EST,0.9511752
QAT,Qatar,2023,GOV_WGI_PV.EST,1.0147153
QAT,Qatar,2022,GOV_WGI_PV.EST,0.9163182
QAT,Qatar,2021,GOV_WGI_PV.EST,0.9259515
QAT,Qatar,2020,GOV_WGI_PV.EST,0.8905079
QAT,Qatar,2019,GOV_WGI_PV.EST,0.882266
QAT,Qatar,2018,GOV_WGI_PV.EST,0.8707185
QAT,Qatar,2017,GOV_WGI_PV.EST,0.8357284
QAT,Qatar,2016,GOV_WGI_PV.EST,0.8292355
QAT,Qatar,2015,GOV_WGI_PV.EST,0.9673463
QAT,Qatar,2014,GOV_WGI_PV.EST,1.1056965
QAT,Qatar,2013,GOV_WGI_PV.EST,1.1121079
QAT,Qatar,2012,GOV_WGI_PV.EST,1.1565419
QAT,Qatar,2011,GOV_WGI_PV.EST,1.0908808
QAT,Qatar,2010,GOV_WGI_PV.EST,1.1765666
QAT,Qatar,2009,GOV_WGI_PV.EST,1.3252517
QAT,Qatar,2008,GOV_WGI_PV.EST,1.0670583
QAT,Qatar,2007,GOV_WGI_PV.EST,1.0230326
QAT,Qatar,2006,GOV_WGI_PV.EST,1.0296695
QAT,Qatar,2005,GOV_WGI_PV.EST,1.075569
ROU,Romania,2024,GOV_WGI_PV.EST,0.1588848
ROU,Romania,2023,GOV_WGI_PV.EST,0.4983587
ROU,Romania,2022,GOV_WGI_PV.EST,0.5499041
ROU,Romania,2021,GOV_WGI_PV.EST,0.6671952
ROU,Romania,2020,GOV_WGI_PV.EST,0.6180826
ROU,Romania,2019,GOV_WGI_PV.EST,0.64527
ROU,Romania,2018,GOV_WGI_PV.EST,0.1435505
ROU,Romania,2017,GOV_WGI_PV.EST,0.1382404
ROU,Romania,2016,GOV_WGI_PV.EST,0.3246759
ROU,Romania,2015,GOV_WGI_PV.EST,0.3468551
ROU,Romania,2014,GOV_WGI_PV.EST,0.2061238
ROU,Romania,2013,GOV_WGI_PV.EST,0.143861
ROU,Romania,2012,GOV_WGI_PV.EST,0.0478106
ROU,Romania,2011,GOV_WGI_PV.EST,0.1207194
ROU,Romania,2010,GOV_WGI_PV.EST,0.1933713
ROU,Romania,2009,GOV_WGI_PV.EST,0.3904071
ROU,Romania,2008,GOV_WGI_PV.EST,0.2423665
ROU,Romania,2007,GOV_WGI_PV.EST,0.199074
ROU,Romania,2006,GOV_WGI_PV.EST,0.1502319
ROU,Romania,2005,GOV_WGI_PV.EST,0.1428475
RUS,Russian Federation,2024,GOV_WGI_PV.EST,-0.903284699999999
RUS,Russian Federation,2023,GOV_WGI_PV.EST,-0.8184163
RUS,Russian Federation,2022,GOV_WGI_PV.EST,-0.740939599999999
RUS,Russian Federation,2021,GOV_WGI_PV.EST,-0.5061895
RUS,Russian Federation,2020,GOV_WGI_PV.EST,-0.5068977
RUS,Russian Federation,2019,GOV_WGI_PV.EST,-0.3986491
RUS,Russian Federation,2018,GOV_WGI_PV.EST,-0.3681038
RUS,Russian Federation,2017,GOV_WGI_PV.EST,-0.5386198
RUS,Russian Federation,2016,GOV_WGI_PV.EST,-0.7684605
RUS,Russian Federation,2015,GOV_WGI_PV.EST,-0.7905888
RUS,Russian Federation,2014,GOV_WGI_PV.EST,-0.6996599
RUS,Russian Federation,2013,GOV_WGI_PV.EST,-0.8279576
RUS,Russian Federation,2012,GOV_WGI_PV.EST,-0.9015976
RUS,Russian Federation,2011,GOV_WGI_PV.EST,-0.940576499999999
RUS,Russian Federation,2010,GOV_WGI_PV.EST,-0.712889099999999
RUS,Russian Federation,2009,GOV_WGI_PV.EST,-0.6949206
RUS,Russian Federation,2008,GOV_WGI_PV.EST,-0.4620681
RUS,Russian Federation,2007,GOV_WGI_PV.EST,-0.6218038
RUS,Russian Federation,2006,GOV_WGI_PV.EST,-0.6963636
RUS,Russian Federation,2005,GOV_WGI_PV.EST,-1.099717
RWA,Rwanda,2024,GOV_WGI_PV.EST,-0.0436888999999999
RWA,Rwanda,2023,GOV_WGI_PV.EST,0.0380223
RWA,Rwanda,2022,GOV_WGI_PV.EST,0.0294569
RWA,Rwanda,2021,GOV_WGI_PV.EST,0.115233
RWA,Rwanda,2020,GOV_WGI_PV.EST,0.1600853
RWA,Rwanda,2019,GOV_WGI_PV.EST,0.121607
RWA,Rwanda,2018,GOV_WGI_PV.EST,0.1598446
RWA,Rwanda,2017,GOV_WGI_PV.EST,0.094453
RWA,Rwanda,2016,GOV_WGI_PV.EST,-0.0457773
RWA,Rwanda,2015,GOV_WGI_PV.EST,0.0986635999999999
RWA,Rwanda,2014,GOV_WGI_PV.EST,-0.1267104
RWA,Rwanda,2013,GOV_WGI_PV.EST,-0.309006499999999
RWA,Rwanda,2012,GOV_WGI_PV.EST,-0.2583623
RWA,Rwanda,2011,GOV_WGI_PV.EST,-0.3008288
RWA,Rwanda,2010,GOV_WGI_PV.EST,-0.2188587
RWA,Rwanda,2009,GOV_WGI_PV.EST,-0.219369099999999
RWA,Rwanda,2008,GOV_WGI_PV.EST,-0.2487036
RWA,Rwanda,2007,GOV_WGI_PV.EST,-0.371473
RWA,Rwanda,2006,GOV_WGI_PV.EST,-0.625557799999999
RWA,Rwanda,2005,GOV_WGI_PV.EST,-1.1195935
WSM,Samoa,2024,GOV_WGI_PV.EST,1.2384523
WSM,Samoa,2023,GOV_WGI_PV.EST,1.2435234
WSM,Samoa,2022,GOV_WGI_PV.EST,1.2343417
WSM,Samoa,2021,GOV_WGI_PV.EST,1.1396511
WSM,Samoa,2020,GOV_WGI_PV.EST,1.1753028
WSM,Samoa,2019,GOV_WGI_PV.EST,1.1468478
WSM,Samoa,2018,GOV_WGI_PV.EST,0.9953036
WSM,Samoa,2017,GOV_WGI_PV.EST,1.0690453
WSM,Samoa,2016,GOV_WGI_PV.EST,1.0686461
WSM,Samoa,2015,GOV_WGI_PV.EST,1.071904
WSM,Samoa,2014,GOV_WGI_PV.EST,1.0732124
WSM,Samoa,2013,GOV_WGI_PV.EST,0.958801
WSM,Samoa,2012,GOV_WGI_PV.EST,0.9605068
WSM,Samoa,2011,GOV_WGI_PV.EST,0.9610651
WSM,Samoa,2010,GOV_WGI_PV.EST,0.8057585
WSM,Samoa,2009,GOV_WGI_PV.EST,0.9721693
WSM,Samoa,2008,GOV_WGI_PV.EST,1.0579764
WSM,Samoa,2007,GOV_WGI_PV.EST,0.9667139
WSM,Samoa,2006,GOV_WGI_PV.EST,1.0543719
WSM,Samoa,2005,GOV_WGI_PV.EST,1.0518826
SMR,San Marino,2024,GOV_WGI_PV.EST,1.3727102
SMR,San Marino,2023,GOV_WGI_PV.EST,1.3791391
SMR,San Marino,2022,GOV_WGI_PV.EST,1.3786309
SMR,San Marino,2021,GOV_WGI_PV.EST,1.2044193
SMR,San Marino,2020,GOV_WGI_PV.EST,1.2062355
SMR,San Marino,2019,GOV_WGI_PV.EST,1.2066984
SMR,San Marino,2018,GOV_WGI_PV.EST,1.3290002
SMR,San Marino,2017,GOV_WGI_PV.EST,1.3250909
SMR,San Marino,2016,GOV_WGI_PV.EST,1.3245352
SMR,San Marino,2015,GOV_WGI_PV.EST,1.3290711
SMR,San Marino,2014,GOV_WGI_PV.EST,1.5750282
SMR,San Marino,2013,GOV_WGI_PV.EST,1.5640556
SMR,San Marino,2012,GOV_WGI_PV.EST,1.5672321
SMR,San Marino,2011,GOV_WGI_PV.EST,1.5682717
SMR,San Marino,2010,GOV_WGI_PV.EST,1.5781203
SMR,San Marino,2009,GOV_WGI_PV.EST,1.5889495
SMR,San Marino,2008,GOV_WGI_PV.EST,0.9944616
SMR,San Marino,2007,GOV_WGI_PV.EST,0.9964451
SMR,San Marino,2006,GOV_WGI_PV.EST,0.9803401
SMR,San Marino,2005,GOV_WGI_PV.EST,0.9705879
STP,Sao Tome and Principe,2024,GOV_WGI_PV.EST,0.4890127
STP,Sao Tome and Principe,2023,GOV_WGI_PV.EST,0.6193032
STP,Sao Tome and Principe,2022,GOV_WGI_PV.EST,0.4930734
STP,Sao Tome and Principe,2021,GOV_WGI_PV.EST,0.6052679
STP,Sao Tome and Principe,2020,GOV_WGI_PV.EST,0.4748721
STP,Sao Tome and Principe,2019,GOV_WGI_PV.EST,0.5232443
STP,Sao Tome and Principe,2018,GOV_WGI_PV.EST,0.4666013
STP,Sao Tome and Principe,2017,GOV_WGI_PV.EST,0.2145007
STP,Sao Tome and Principe,2016,GOV_WGI_PV.EST,0.2641856
STP,Sao Tome and Principe,2015,GOV_WGI_PV.EST,0.3792166
STP,Sao Tome and Principe,2014,GOV_WGI_PV.EST,0.4791965
STP,Sao Tome and Principe,2013,GOV_WGI_PV.EST,0.393194
STP,Sao Tome and Principe,2012,GOV_WGI_PV.EST,0.2880403
STP,Sao Tome and Principe,2011,GOV_WGI_PV.EST,0.288448
STP,Sao Tome and Principe,2010,GOV_WGI_PV.EST,0.3709721
STP,Sao Tome and Principe,2009,GOV_WGI_PV.EST,0.4775703
STP,Sao Tome and Principe,2008,GOV_WGI_PV.EST,0.3647144
STP,Sao Tome and Principe,2007,GOV_WGI_PV.EST,0.4716039
STP,Sao Tome and Principe,2006,GOV_WGI_PV.EST,0.4054543
STP,Sao Tome and Principe,2005,GOV_WGI_PV.EST,0.4933406
SAU,Saudi Arabia,2024,GOV_WGI_PV.EST,-0.048171
SAU,Saudi Arabia,2023,GOV_WGI_PV.EST,-0.2452065
SAU,Saudi Arabia,2022,GOV_WGI_PV.EST,-0.3617761
SAU,Saudi Arabia,2021,GOV_WGI_PV.EST,-0.4672131
SAU,Saudi Arabia,2020,GOV_WGI_PV.EST,-0.5528267
SAU,Saudi Arabia,2019,GOV_WGI_PV.EST,-0.5528727
SAU,Saudi Arabia,2018,GOV_WGI_PV.EST,-0.5983975
SAU,Saudi Arabia,2017,GOV_WGI_PV.EST,-0.667506399999999
SAU,Saudi Arabia,2016,GOV_WGI_PV.EST,-0.5059085
SAU,Saudi Arabia,2015,GOV_WGI_PV.EST,-0.4683535
SAU,Saudi Arabia,2014,GOV_WGI_PV.EST,-0.308626499999999
SAU,Saudi Arabia,2013,GOV_WGI_PV.EST,-0.660277
SAU,Saudi Arabia,2012,GOV_WGI_PV.EST,-0.5972185
SAU,Saudi Arabia,2011,GOV_WGI_PV.EST,-0.512941299999999
SAU,Saudi Arabia,2010,GOV_WGI_PV.EST,-0.295186399999999
SAU,Saudi Arabia,2009,GOV_WGI_PV.EST,-0.7085467
SAU,Saudi Arabia,2008,GOV_WGI_PV.EST,-0.3527902
SAU,Saudi Arabia,2007,GOV_WGI_PV.EST,-0.5518748
SAU,Saudi Arabia,2006,GOV_WGI_PV.EST,-0.608264199999999
SAU,Saudi Arabia,2005,GOV_WGI_PV.EST,-0.4301624
SEN,Senegal,2024,GOV_WGI_PV.EST,-0.228555999999999
SEN,Senegal,2023,GOV_WGI_PV.EST,-0.1534325
SEN,Senegal,2022,GOV_WGI_PV.EST,-0.2028622
SEN,Senegal,2021,GOV_WGI_PV.EST,-0.1040585
SEN,Senegal,2020,GOV_WGI_PV.EST,-0.0271012
SEN,Senegal,2019,GOV_WGI_PV.EST,0.0630715999999999
SEN,Senegal,2018,GOV_WGI_PV.EST,-0.1420966
SEN,Senegal,2017,GOV_WGI_PV.EST,-0.1422197
SEN,Senegal,2016,GOV_WGI_PV.EST,-0.222101599999999
SEN,Senegal,2015,GOV_WGI_PV.EST,-0.0746024
SEN,Senegal,2014,GOV_WGI_PV.EST,-0.0890915999999999
SEN,Senegal,2013,GOV_WGI_PV.EST,-0.0972566
SEN,Senegal,2012,GOV_WGI_PV.EST,-0.1570391
SEN,Senegal,2011,GOV_WGI_PV.EST,-0.333963
SEN,Senegal,2010,GOV_WGI_PV.EST,-0.432497199999999
SEN,Senegal,2009,GOV_WGI_PV.EST,-0.0273215
SEN,Senegal,2008,GOV_WGI_PV.EST,-0.1839308
SEN,Senegal,2007,GOV_WGI_PV.EST,-0.213430999999999
SEN,Senegal,2006,GOV_WGI_PV.EST,-0.2918745
SEN,Senegal,2005,GOV_WGI_PV.EST,-0.2606176
SRB,Serbia,2024,GOV_WGI_PV.EST,-0.168638999999999
SRB,Serbia,2023,GOV_WGI_PV.EST,0.0879568999999999
SRB,Serbia,2022,GOV_WGI_PV.EST,-0.0525867
SRB,Serbia,2021,GOV_WGI_PV.EST,-0.0436914
SRB,Serbia,2020,GOV_WGI_PV.EST,-0.0681568
SRB,Serbia,2019,GOV_WGI_PV.EST,0.0620767
SRB,Serbia,2018,GOV_WGI_PV.EST,0.1163728
SRB,Serbia,2017,GOV_WGI_PV.EST,0.1168497
SRB,Serbia,2016,GOV_WGI_PV.EST,0.1629002
SRB,Serbia,2015,GOV_WGI_PV.EST,0.2787874
SRB,Serbia,2014,GOV_WGI_PV.EST,0.1732464
SRB,Serbia,2013,GOV_WGI_PV.EST,-0.0234258
SRB,Serbia,2012,GOV_WGI_PV.EST,-0.1119391
SRB,Serbia,2011,GOV_WGI_PV.EST,-0.196118699999999
SRB,Serbia,2010,GOV_WGI_PV.EST,-0.221943399999999
SRB,Serbia,2009,GOV_WGI_PV.EST,-0.2142355
SRB,Serbia,2008,GOV_WGI_PV.EST,-0.243904099999999
SRB,Serbia,2007,GOV_WGI_PV.EST,-0.3876119
SRB,Serbia,2006,GOV_WGI_PV.EST,-0.5940373
SRB,Serbia,2005,GOV_WGI_PV.EST,-0.738603599999999
SYC,Seychelles,2024,GOV_WGI_PV.EST,0.9164443
SYC,Seychelles,2023,GOV_WGI_PV.EST,0.9207856
SYC,Seychelles,2022,GOV_WGI_PV.EST,0.8411889
SYC,Seychelles,2021,GOV_WGI_PV.EST,0.7262104
SYC,Seychelles,2020,GOV_WGI_PV.EST,0.727409
SYC,Seychelles,2019,GOV_WGI_PV.EST,0.6921848
SYC,Seychelles,2018,GOV_WGI_PV.EST,0.7800693
SYC,Seychelles,2017,GOV_WGI_PV.EST,0.813523
SYC,Seychelles,2016,GOV_WGI_PV.EST,0.7625994
SYC,Seychelles,2015,GOV_WGI_PV.EST,0.7647495
SYC,Seychelles,2014,GOV_WGI_PV.EST,0.4579186
SYC,Seychelles,2013,GOV_WGI_PV.EST,0.7331354
SYC,Seychelles,2012,GOV_WGI_PV.EST,0.7257334
SYC,Seychelles,2011,GOV_WGI_PV.EST,0.7752841
SYC,Seychelles,2010,GOV_WGI_PV.EST,0.8564804
SYC,Seychelles,2009,GOV_WGI_PV.EST,0.6419829
SYC,Seychelles,2008,GOV_WGI_PV.EST,0.7046564
SYC,Seychelles,2007,GOV_WGI_PV.EST,0.7385402
SYC,Seychelles,2006,GOV_WGI_PV.EST,0.8025655
SYC,Seychelles,2005,GOV_WGI_PV.EST,0.7634168
SLE,Sierra Leone,2024,GOV_WGI_PV.EST,-0.4501536
SLE,Sierra Leone,2023,GOV_WGI_PV.EST,-0.5558929
SLE,Sierra Leone,2022,GOV_WGI_PV.EST,-0.265426899999999
SLE,Sierra Leone,2021,GOV_WGI_PV.EST,-0.2367225
SLE,Sierra Leone,2020,GOV_WGI_PV.EST,-0.366900299999999
SLE,Sierra Leone,2019,GOV_WGI_PV.EST,-0.1611098
SLE,Sierra Leone,2018,GOV_WGI_PV.EST,-0.2065515
SLE,Sierra Leone,2017,GOV_WGI_PV.EST,-0.1470976
SLE,Sierra Leone,2016,GOV_WGI_PV.EST,-0.2703676
SLE,Sierra Leone,2015,GOV_WGI_PV.EST,-0.0242965
SLE,Sierra Leone,2014,GOV_WGI_PV.EST,-0.1346918
SLE,Sierra Leone,2013,GOV_WGI_PV.EST,-0.10195
SLE,Sierra Leone,2012,GOV_WGI_PV.EST,-0.2587444
SLE,Sierra Leone,2011,GOV_WGI_PV.EST,-0.2639912
SLE,Sierra Leone,2010,GOV_WGI_PV.EST,-0.237476
SLE,Sierra Leone,2009,GOV_WGI_PV.EST,-0.274347599999999
SLE,Sierra Leone,2008,GOV_WGI_PV.EST,-0.278660099999999
SLE,Sierra Leone,2007,GOV_WGI_PV.EST,-0.1552927
SLE,Sierra Leone,2006,GOV_WGI_PV.EST,-0.2419056
SLE,Sierra Leone,2005,GOV_WGI_PV.EST,-0.432268999999999
SGP,Singapore,2024,GOV_WGI_PV.EST,1.2318778
SGP,Singapore,2023,GOV_WGI_PV.EST,1.2040374
SGP,Singapore,2022,GOV_WGI_PV.EST,1.164789
SGP,Singapore,2021,GOV_WGI_PV.EST,1.2816641
SGP,Singapore,2020,GOV_WGI_PV.EST,1.2855556
SGP,Singapore,2019,GOV_WGI_PV.EST,1.2580714
SGP,Singapore,2018,GOV_WGI_PV.EST,1.2994328
SGP,Singapore,2017,GOV_WGI_PV.EST,1.3859813
SGP,Singapore,2016,GOV_WGI_PV.EST,1.2788614
SGP,Singapore,2015,GOV_WGI_PV.EST,1.1123429
SGP,Singapore,2014,GOV_WGI_PV.EST,1.0665318
SGP,Singapore,2013,GOV_WGI_PV.EST,1.232658
SGP,Singapore,2012,GOV_WGI_PV.EST,1.256811
SGP,Singapore,2011,GOV_WGI_PV.EST,1.1188701
SGP,Singapore,2010,GOV_WGI_PV.EST,1.1901335
SGP,Singapore,2009,GOV_WGI_PV.EST,1.2287248
SGP,Singapore,2008,GOV_WGI_PV.EST,1.2892238
SGP,Singapore,2007,GOV_WGI_PV.EST,1.1413902
SGP,Singapore,2006,GOV_WGI_PV.EST,1.2280811
SGP,Singapore,2005,GOV_WGI_PV.EST,1.1381609
SVK,Slovak Republic,2024,GOV_WGI_PV.EST,0.6343713
SVK,Slovak Republic,2023,GOV_WGI_PV.EST,0.5856273
SVK,Slovak Republic,2022,GOV_WGI_PV.EST,0.5294743
SVK,Slovak Republic,2021,GOV_WGI_PV.EST,0.5857562
SVK,Slovak Republic,2020,GOV_WGI_PV.EST,0.6167177
SVK,Slovak Republic,2019,GOV_WGI_PV.EST,0.6744971
SVK,Slovak Republic,2018,GOV_WGI_PV.EST,0.7129564
SVK,Slovak Republic,2017,GOV_WGI_PV.EST,0.8542516
SVK,Slovak Republic,2016,GOV_WGI_PV.EST,0.7354497
SVK,Slovak Republic,2015,GOV_WGI_PV.EST,0.944233
SVK,Slovak Republic,2014,GOV_WGI_PV.EST,1.1421663
SVK,Slovak Republic,2013,GOV_WGI_PV.EST,1.0379263
SVK,Slovak Republic,2012,GOV_WGI_PV.EST,1.0152253
SVK,Slovak Republic,2011,GOV_WGI_PV.EST,0.9502652
SVK,Slovak Republic,2010,GOV_WGI_PV.EST,1.12655
SVK,Slovak Republic,2009,GOV_WGI_PV.EST,0.9286424
SVK,Slovak Republic,2008,GOV_WGI_PV.EST,1.1240183
SVK,Slovak Republic,2007,GOV_WGI_PV.EST,1.1269348
SVK,Slovak Republic,2006,GOV_WGI_PV.EST,0.8660439
SVK,Slovak Republic,2005,GOV_WGI_PV.EST,0.9433959
SVN,Slovenia,2024,GOV_WGI_PV.EST,0.7209146
SVN,Slovenia,2023,GOV_WGI_PV.EST,0.8589449
SVN,Slovenia,2022,GOV_WGI_PV.EST,0.7749516
SVN,Slovenia,2021,GOV_WGI_PV.EST,0.7356372
SVN,Slovenia,2020,GOV_WGI_PV.EST,0.7478672
SVN,Slovenia,2019,GOV_WGI_PV.EST,0.9481029
SVN,Slovenia,2018,GOV_WGI_PV.EST,0.9840178
SVN,Slovenia,2017,GOV_WGI_PV.EST,0.9455099
SVN,Slovenia,2016,GOV_WGI_PV.EST,1.0204175
SVN,Slovenia,2015,GOV_WGI_PV.EST,1.0294179
SVN,Slovenia,2014,GOV_WGI_PV.EST,1.054531
SVN,Slovenia,2013,GOV_WGI_PV.EST,0.8890197
SVN,Slovenia,2012,GOV_WGI_PV.EST,0.9825256
SVN,Slovenia,2011,GOV_WGI_PV.EST,1.1136359
SVN,Slovenia,2010,GOV_WGI_PV.EST,1.0753011
SVN,Slovenia,2009,GOV_WGI_PV.EST,1.1668873
SVN,Slovenia,2008,GOV_WGI_PV.EST,1.2184658
SVN,Slovenia,2007,GOV_WGI_PV.EST,1.1909245
SVN,Slovenia,2006,GOV_WGI_PV.EST,1.1268888
SVN,Slovenia,2005,GOV_WGI_PV.EST,1.1193612
SLB,Solomon Islands,2024,GOV_WGI_PV.EST,0.7499116
SLB,Solomon Islands,2023,GOV_WGI_PV.EST,0.7318958
SLB,Solomon Islands,2022,GOV_WGI_PV.EST,0.7315157
SLB,Solomon Islands,2021,GOV_WGI_PV.EST,0.4456005
SLB,Solomon Islands,2020,GOV_WGI_PV.EST,0.5368126
SLB,Solomon Islands,2019,GOV_WGI_PV.EST,0.4195676
SLB,Solomon Islands,2018,GOV_WGI_PV.EST,0.3816525
SLB,Solomon Islands,2017,GOV_WGI_PV.EST,0.1156377
SLB,Solomon Islands,2016,GOV_WGI_PV.EST,0.360596
SLB,Solomon Islands,2015,GOV_WGI_PV.EST,0.6020153
SLB,Solomon Islands,2014,GOV_WGI_PV.EST,0.5553271
SLB,Solomon Islands,2013,GOV_WGI_PV.EST,0.3503208
SLB,Solomon Islands,2012,GOV_WGI_PV.EST,0.3518822
SLB,Solomon Islands,2011,GOV_WGI_PV.EST,0.3523933
SLB,Solomon Islands,2010,GOV_WGI_PV.EST,0.3572344
SLB,Solomon Islands,2009,GOV_WGI_PV.EST,0.3268674
SLB,Solomon Islands,2008,GOV_WGI_PV.EST,0.1231216
SLB,Solomon Islands,2007,GOV_WGI_PV.EST,0.1237461
SLB,Solomon Islands,2006,GOV_WGI_PV.EST,-0.0672793
SLB,Solomon Islands,2005,GOV_WGI_PV.EST,-0.158465599999999
SOM,Somalia,2024,GOV_WGI_PV.EST,-2.2630781
SOM,Somalia,2023,GOV_WGI_PV.EST,-2.1717975
SOM,Somalia,2022,GOV_WGI_PV.EST,-2.092858
SOM,Somalia,2021,GOV_WGI_PV.EST,-2.60696149999999
SOM,Somalia,2020,GOV_WGI_PV.EST,-2.3507544
SOM,Somalia,2019,GOV_WGI_PV.EST,-2.0704895
SOM,Somalia,2018,GOV_WGI_PV.EST,-2.06147769999999
SOM,Somalia,2017,GOV_WGI_PV.EST,-2.022776
SOM,Somalia,2016,GOV_WGI_PV.EST,-2.2701767
SOM,Somalia,2015,GOV_WGI_PV.EST,-2.2815589
SOM,Somalia,2014,GOV_WGI_PV.EST,-2.4369844
SOM,Somalia,2013,GOV_WGI_PV.EST,-2.85136569999999
SOM,Somalia,2012,GOV_WGI_PV.EST,-2.90139839999999
SOM,Somalia,2011,GOV_WGI_PV.EST,-3.01651169999999
SOM,Somalia,2010,GOV_WGI_PV.EST,-2.9277889
SOM,Somalia,2009,GOV_WGI_PV.EST,-2.88051999999999
SOM,Somalia,2008,GOV_WGI_PV.EST,-3.0127129
SOM,Somalia,2007,GOV_WGI_PV.EST,-3.0518932
SOM,Somalia,2006,GOV_WGI_PV.EST,-2.62080069999999
SOM,Somalia,2005,GOV_WGI_PV.EST,-2.5984936
ZAF,South Africa,2024,GOV_WGI_PV.EST,-0.6171348
ZAF,South Africa,2023,GOV_WGI_PV.EST,-0.6397104
ZAF,South Africa,2022,GOV_WGI_PV.EST,-0.6842882
ZAF,South Africa,2021,GOV_WGI_PV.EST,-0.7738081
ZAF,South Africa,2020,GOV_WGI_PV.EST,-0.2489513
ZAF,South Africa,2019,GOV_WGI_PV.EST,-0.338256499999999
ZAF,South Africa,2018,GOV_WGI_PV.EST,-0.299383199999999
ZAF,South Africa,2017,GOV_WGI_PV.EST,-0.3828321
ZAF,South Africa,2016,GOV_WGI_PV.EST,-0.3379116
ZAF,South Africa,2015,GOV_WGI_PV.EST,-0.3104761
ZAF,South Africa,2014,GOV_WGI_PV.EST,-0.2307109
ZAF,South Africa,2013,GOV_WGI_PV.EST,-0.2582732
ZAF,South Africa,2012,GOV_WGI_PV.EST,-0.1220725
ZAF,South Africa,2011,GOV_WGI_PV.EST,-0.0426331999999999
ZAF,South Africa,2010,GOV_WGI_PV.EST,-0.0522329999999999
ZAF,South Africa,2009,GOV_WGI_PV.EST,-0.0633762
ZAF,South Africa,2008,GOV_WGI_PV.EST,-0.0131431999999999
ZAF,South Africa,2007,GOV_WGI_PV.EST,0.1867521
ZAF,South Africa,2006,GOV_WGI_PV.EST,-0.0093215
ZAF,South Africa,2005,GOV_WGI_PV.EST,-0.0157871999999999
SSD,South Sudan,2024,GOV_WGI_PV.EST,-1.4896464
SSD,South Sudan,2023,GOV_WGI_PV.EST,-1.52967079999999
SSD,South Sudan,2022,GOV_WGI_PV.EST,-1.6425543
SSD,South Sudan,2021,GOV_WGI_PV.EST,-2.21948739999999
SSD,South Sudan,2020,GOV_WGI_PV.EST,-2.1055063
SSD,South Sudan,2019,GOV_WGI_PV.EST,-2.39114589999999
SSD,South Sudan,2018,GOV_WGI_PV.EST,-2.3307387
SSD,South Sudan,2017,GOV_WGI_PV.EST,-2.44555199999999
SSD,South Sudan,2016,GOV_WGI_PV.EST,-2.33343
SSD,South Sudan,2015,GOV_WGI_PV.EST,-2.2792733
SSD,South Sudan,2014,GOV_WGI_PV.EST,-2.5030889
SSD,South Sudan,2013,GOV_WGI_PV.EST,-2.0671128
SSD,South Sudan,2012,GOV_WGI_PV.EST,-1.4983578
SSD,South Sudan,2011,GOV_WGI_PV.EST,-1.51136989999999
ESP,Spain,2024,GOV_WGI_PV.EST,-0.002992
ESP,Spain,2023,GOV_WGI_PV.EST,0.1484475
ESP,Spain,2022,GOV_WGI_PV.EST,0.1569762
ESP,Spain,2021,GOV_WGI_PV.EST,0.38323
ESP,Spain,2020,GOV_WGI_PV.EST,0.2956928
ESP,Spain,2019,GOV_WGI_PV.EST,0.267048
ESP,Spain,2018,GOV_WGI_PV.EST,0.3346558
ESP,Spain,2017,GOV_WGI_PV.EST,0.280621
ESP,Spain,2016,GOV_WGI_PV.EST,0.425985
ESP,Spain,2015,GOV_WGI_PV.EST,0.4353383
ESP,Spain,2014,GOV_WGI_PV.EST,0.4826214
ESP,Spain,2013,GOV_WGI_PV.EST,0.0980042
ESP,Spain,2012,GOV_WGI_PV.EST,0.1447381
ESP,Spain,2011,GOV_WGI_PV.EST,0.2026668
ESP,Spain,2010,GOV_WGI_PV.EST,0.0213027
ESP,Spain,2009,GOV_WGI_PV.EST,-0.0134364999999999
ESP,Spain,2008,GOV_WGI_PV.EST,0.0178462
ESP,Spain,2007,GOV_WGI_PV.EST,0.0389644
ESP,Spain,2006,GOV_WGI_PV.EST,0.1286074
ESP,Spain,2005,GOV_WGI_PV.EST,0.261734
LKA,Sri Lanka,2024,GOV_WGI_PV.EST,-0.350302399999999
LKA,Sri Lanka,2023,GOV_WGI_PV.EST,-0.670013
LKA,Sri Lanka,2022,GOV_WGI_PV.EST,-0.7621199
LKA,Sri Lanka,2021,GOV_WGI_PV.EST,-0.510938
LKA,Sri Lanka,2020,GOV_WGI_PV.EST,-0.1154138
LKA,Sri Lanka,2019,GOV_WGI_PV.EST,-0.173798099999999
LKA,Sri Lanka,2018,GOV_WGI_PV.EST,-0.2597255
LKA,Sri Lanka,2017,GOV_WGI_PV.EST,-0.179121299999999
LKA,Sri Lanka,2016,GOV_WGI_PV.EST,-0.1436337
LKA,Sri Lanka,2015,GOV_WGI_PV.EST,-0.0885947
LKA,Sri Lanka,2014,GOV_WGI_PV.EST,-0.553597999999999
LKA,Sri Lanka,2013,GOV_WGI_PV.EST,-0.8585581
LKA,Sri Lanka,2012,GOV_WGI_PV.EST,-0.9606693
LKA,Sri Lanka,2011,GOV_WGI_PV.EST,-0.7674257
LKA,Sri Lanka,2010,GOV_WGI_PV.EST,-0.779023999999999
LKA,Sri Lanka,2009,GOV_WGI_PV.EST,-1.1197381
LKA,Sri Lanka,2008,GOV_WGI_PV.EST,-1.6597233
LKA,Sri Lanka,2007,GOV_WGI_PV.EST,-1.6920216
LKA,Sri Lanka,2006,GOV_WGI_PV.EST,-1.4554966
LKA,Sri Lanka,2005,GOV_WGI_PV.EST,-1.1869001
KNA,St. Kitts and Nevis,2024,GOV_WGI_PV.EST,0.9121334
KNA,St. Kitts and Nevis,2023,GOV_WGI_PV.EST,0.918184
KNA,St. Kitts and Nevis,2022,GOV_WGI_PV.EST,0.9177056
KNA,St. Kitts and Nevis,2021,GOV_WGI_PV.EST,0.9147636
KNA,St. Kitts and Nevis,2020,GOV_WGI_PV.EST,0.9164728
KNA,St. Kitts and Nevis,2019,GOV_WGI_PV.EST,0.6646782
KNA,St. Kitts and Nevis,2018,GOV_WGI_PV.EST,0.6638851
KNA,St. Kitts and Nevis,2017,GOV_WGI_PV.EST,0.6612426
KNA,St. Kitts and Nevis,2016,GOV_WGI_PV.EST,0.6608669
KNA,St. Kitts and Nevis,2015,GOV_WGI_PV.EST,0.663933
KNA,St. Kitts and Nevis,2014,GOV_WGI_PV.EST,0.6712051
KNA,St. Kitts and Nevis,2013,GOV_WGI_PV.EST,0.9282114
KNA,St. Kitts and Nevis,2012,GOV_WGI_PV.EST,0.9299172
KNA,St. Kitts and Nevis,2011,GOV_WGI_PV.EST,0.9304755
KNA,St. Kitts and Nevis,2010,GOV_WGI_PV.EST,1.0581227
KNA,St. Kitts and Nevis,2009,GOV_WGI_PV.EST,1.3307327
KNA,St. Kitts and Nevis,2008,GOV_WGI_PV.EST,0.9072236
KNA,St. Kitts and Nevis,2007,GOV_WGI_PV.EST,0.7853715
KNA,St. Kitts and Nevis,2006,GOV_WGI_PV.EST,1.24579
KNA,St. Kitts and Nevis,2005,GOV_WGI_PV.EST,1.2433007
LCA,St. Lucia,2024,GOV_WGI_PV.EST,1.0382485
LCA,St. Lucia,2023,GOV_WGI_PV.EST,1.044299
LCA,St. Lucia,2022,GOV_WGI_PV.EST,1.0438207
LCA,St. Lucia,2021,GOV_WGI_PV.EST,0.868144
LCA,St. Lucia,2020,GOV_WGI_PV.EST,0.8698532
LCA,St. Lucia,2019,GOV_WGI_PV.EST,0.8702889
LCA,St. Lucia,2018,GOV_WGI_PV.EST,0.8694958
LCA,St. Lucia,2017,GOV_WGI_PV.EST,0.8668533
LCA,St. Lucia,2016,GOV_WGI_PV.EST,0.9130972
LCA,St. Lucia,2015,GOV_WGI_PV.EST,0.7434287
LCA,St. Lucia,2014,GOV_WGI_PV.EST,0.7556725
LCA,St. Lucia,2013,GOV_WGI_PV.EST,0.8211478
LCA,St. Lucia,2012,GOV_WGI_PV.EST,0.8228537
LCA,St. Lucia,2011,GOV_WGI_PV.EST,0.8234119
LCA,St. Lucia,2010,GOV_WGI_PV.EST,0.8287007
LCA,St. Lucia,2009,GOV_WGI_PV.EST,0.9341655
LCA,St. Lucia,2008,GOV_WGI_PV.EST,0.5860328
LCA,St. Lucia,2007,GOV_WGI_PV.EST,0.5865391
LCA,St. Lucia,2006,GOV_WGI_PV.EST,0.9245992
LCA,St. Lucia,2005,GOV_WGI_PV.EST,1.0138788
VCT,St. Vincent and the Grenadines,2024,GOV_WGI_PV.EST,1.0382485
VCT,St. Vincent and the Grenadines,2023,GOV_WGI_PV.EST,1.044299
VCT,St. Vincent and the Grenadines,2022,GOV_WGI_PV.EST,1.0438207
VCT,St. Vincent and the Grenadines,2021,GOV_WGI_PV.EST,1.0408786
VCT,St. Vincent and the Grenadines,2020,GOV_WGI_PV.EST,1.0425879
VCT,St. Vincent and the Grenadines,2019,GOV_WGI_PV.EST,0.9169085
VCT,St. Vincent and the Grenadines,2018,GOV_WGI_PV.EST,0.7900001
VCT,St. Vincent and the Grenadines,2017,GOV_WGI_PV.EST,0.7873576
VCT,St. Vincent and the Grenadines,2016,GOV_WGI_PV.EST,0.9130972
VCT,St. Vincent and the Grenadines,2015,GOV_WGI_PV.EST,0.9161633
VCT,St. Vincent and the Grenadines,2014,GOV_WGI_PV.EST,0.7556725
VCT,St. Vincent and the Grenadines,2013,GOV_WGI_PV.EST,0.8211478
VCT,St. Vincent and the Grenadines,2012,GOV_WGI_PV.EST,0.8687381
VCT,St. Vincent and the Grenadines,2011,GOV_WGI_PV.EST,0.8234119
VCT,St. Vincent and the Grenadines,2010,GOV_WGI_PV.EST,0.8287007
VCT,St. Vincent and the Grenadines,2009,GOV_WGI_PV.EST,0.9800499
VCT,St. Vincent and the Grenadines,2008,GOV_WGI_PV.EST,0.7695704
VCT,St. Vincent and the Grenadines,2007,GOV_WGI_PV.EST,0.7700767
VCT,St. Vincent and the Grenadines,2006,GOV_WGI_PV.EST,1.1081368
VCT,St. Vincent and the Grenadines,2005,GOV_WGI_PV.EST,1.1502148
SDN,Sudan,2024,GOV_WGI_PV.EST,-2.0243381
SDN,Sudan,2023,GOV_WGI_PV.EST,-2.0604154
SDN,Sudan,2022,GOV_WGI_PV.EST,-1.92571989999999
SDN,Sudan,2021,GOV_WGI_PV.EST,-1.7826483
SDN,Sudan,2020,GOV_WGI_PV.EST,-1.3881394
SDN,Sudan,2019,GOV_WGI_PV.EST,-1.65533209999999
SDN,Sudan,2018,GOV_WGI_PV.EST,-1.71645009999999
SDN,Sudan,2017,GOV_WGI_PV.EST,-1.9473364
SDN,Sudan,2016,GOV_WGI_PV.EST,-2.16225439999999
SDN,Sudan,2015,GOV_WGI_PV.EST,-2.0365601
SDN,Sudan,2014,GOV_WGI_PV.EST,-2.2236606
SDN,Sudan,2013,GOV_WGI_PV.EST,-2.2572174
SDN,Sudan,2012,GOV_WGI_PV.EST,-2.3155934
SDN,Sudan,2011,GOV_WGI_PV.EST,-2.3438684
SDN,Sudan,2010,GOV_WGI_PV.EST,-2.4305404
SDN,Sudan,2009,GOV_WGI_PV.EST,-2.43933719999999
SDN,Sudan,2008,GOV_WGI_PV.EST,-2.4098968
SDN,Sudan,2007,GOV_WGI_PV.EST,-2.3622558
SDN,Sudan,2006,GOV_WGI_PV.EST,-2.259785
SDN,Sudan,2005,GOV_WGI_PV.EST,-2.1100103
SUR,Suriname,2024,GOV_WGI_PV.EST,0.4782277
SUR,Suriname,2023,GOV_WGI_PV.EST,0.3004618
SUR,Suriname,2022,GOV_WGI_PV.EST,0.2466594
SUR,Suriname,2021,GOV_WGI_PV.EST,0.3607899
SUR,Suriname,2020,GOV_WGI_PV.EST,0.4628889
SUR,Suriname,2019,GOV_WGI_PV.EST,0.1321528
SUR,Suriname,2018,GOV_WGI_PV.EST,0.1496981
SUR,Suriname,2017,GOV_WGI_PV.EST,0.1667453
SUR,Suriname,2016,GOV_WGI_PV.EST,0.1759261
SUR,Suriname,2015,GOV_WGI_PV.EST,0.2981115
SUR,Suriname,2014,GOV_WGI_PV.EST,0.2245948
SUR,Suriname,2013,GOV_WGI_PV.EST,0.0569667
SUR,Suriname,2012,GOV_WGI_PV.EST,0.0654961999999999
SUR,Suriname,2011,GOV_WGI_PV.EST,0.079854
SUR,Suriname,2010,GOV_WGI_PV.EST,0.1307885
SUR,Suriname,2009,GOV_WGI_PV.EST,0.2538588
SUR,Suriname,2008,GOV_WGI_PV.EST,0.2012169
SUR,Suriname,2007,GOV_WGI_PV.EST,0.0767371999999999
SUR,Suriname,2006,GOV_WGI_PV.EST,0.0370164
SUR,Suriname,2005,GOV_WGI_PV.EST,0.36885
SWE,Sweden,2024,GOV_WGI_PV.EST,0.6035115
SWE,Sweden,2023,GOV_WGI_PV.EST,0.778803
SWE,Sweden,2022,GOV_WGI_PV.EST,0.9419053
SWE,Sweden,2021,GOV_WGI_PV.EST,0.9471541
SWE,Sweden,2020,GOV_WGI_PV.EST,0.955794
SWE,Sweden,2019,GOV_WGI_PV.EST,0.9427192
SWE,Sweden,2018,GOV_WGI_PV.EST,0.928959
SWE,Sweden,2017,GOV_WGI_PV.EST,0.8668924
SWE,Sweden,2016,GOV_WGI_PV.EST,0.9187513
SWE,Sweden,2015,GOV_WGI_PV.EST,0.9288589
SWE,Sweden,2014,GOV_WGI_PV.EST,1.0182733
SWE,Sweden,2013,GOV_WGI_PV.EST,1.0499372
SWE,Sweden,2012,GOV_WGI_PV.EST,1.1548415
SWE,Sweden,2011,GOV_WGI_PV.EST,1.1573733
SWE,Sweden,2010,GOV_WGI_PV.EST,1.0865676
SWE,Sweden,2009,GOV_WGI_PV.EST,1.1691057
SWE,Sweden,2008,GOV_WGI_PV.EST,1.173552
SWE,Sweden,2007,GOV_WGI_PV.EST,1.2872983
SWE,Sweden,2006,GOV_WGI_PV.EST,1.2225897
SWE,Sweden,2005,GOV_WGI_PV.EST,1.2767716
CHE,Switzerland,2024,GOV_WGI_PV.EST,0.9806678
CHE,Switzerland,2023,GOV_WGI_PV.EST,0.9907717
CHE,Switzerland,2022,GOV_WGI_PV.EST,1.0254452
CHE,Switzerland,2021,GOV_WGI_PV.EST,1.0255347
CHE,Switzerland,2020,GOV_WGI_PV.EST,1.1126481
CHE,Switzerland,2019,GOV_WGI_PV.EST,1.2001317
CHE,Switzerland,2018,GOV_WGI_PV.EST,1.2552678
CHE,Switzerland,2017,GOV_WGI_PV.EST,1.1641565
CHE,Switzerland,2016,GOV_WGI_PV.EST,1.2064894
CHE,Switzerland,2015,GOV_WGI_PV.EST,1.2751929
CHE,Switzerland,2014,GOV_WGI_PV.EST,1.422405
CHE,Switzerland,2013,GOV_WGI_PV.EST,1.3427758
CHE,Switzerland,2012,GOV_WGI_PV.EST,1.3809599
CHE,Switzerland,2011,GOV_WGI_PV.EST,1.3512353
CHE,Switzerland,2010,GOV_WGI_PV.EST,1.3107684
CHE,Switzerland,2009,GOV_WGI_PV.EST,1.3143325
CHE,Switzerland,2008,GOV_WGI_PV.EST,1.2047806
CHE,Switzerland,2007,GOV_WGI_PV.EST,1.2052735
CHE,Switzerland,2006,GOV_WGI_PV.EST,1.1903535
CHE,Switzerland,2005,GOV_WGI_PV.EST,1.218829
SYR,Syrian Arab Republic,2024,GOV_WGI_PV.EST,-2.3680716
SYR,Syrian Arab Republic,2023,GOV_WGI_PV.EST,-2.4379022
SYR,Syrian Arab Republic,2022,GOV_WGI_PV.EST,-2.43824749999999
SYR,Syrian Arab Republic,2021,GOV_WGI_PV.EST,-2.37452369999999
SYR,Syrian Arab Republic,2020,GOV_WGI_PV.EST,-2.35367569999999
SYR,Syrian Arab Republic,2019,GOV_WGI_PV.EST,-2.4527063
SYR,Syrian Arab Republic,2018,GOV_WGI_PV.EST,-2.4238579
SYR,Syrian Arab Republic,2017,GOV_WGI_PV.EST,-2.4453795
SYR,Syrian Arab Republic,2016,GOV_WGI_PV.EST,-2.5955347
SYR,Syrian Arab Republic,2015,GOV_WGI_PV.EST,-2.4382136
SYR,Syrian Arab Republic,2014,GOV_WGI_PV.EST,-2.34971829999999
SYR,Syrian Arab Republic,2013,GOV_WGI_PV.EST,-2.46599079999999
SYR,Syrian Arab Republic,2012,GOV_WGI_PV.EST,-2.4554347
SYR,Syrian Arab Republic,2011,GOV_WGI_PV.EST,-2.13376019999999
SYR,Syrian Arab Republic,2010,GOV_WGI_PV.EST,-1.1174939
SYR,Syrian Arab Republic,2009,GOV_WGI_PV.EST,-0.5265063
SYR,Syrian Arab Republic,2008,GOV_WGI_PV.EST,-0.5948264
SYR,Syrian Arab Republic,2007,GOV_WGI_PV.EST,-0.563163499999999
SYR,Syrian Arab Republic,2006,GOV_WGI_PV.EST,-0.5325263
SYR,Syrian Arab Republic,2005,GOV_WGI_PV.EST,-0.4639644
TJK,Tajikistan,2024,GOV_WGI_PV.EST,-0.2756522
TJK,Tajikistan,2023,GOV_WGI_PV.EST,-0.2876253
TJK,Tajikistan,2022,GOV_WGI_PV.EST,-0.4282098
TJK,Tajikistan,2021,GOV_WGI_PV.EST,-0.3984715
TJK,Tajikistan,2020,GOV_WGI_PV.EST,-0.3288928
TJK,Tajikistan,2019,GOV_WGI_PV.EST,-0.4236664
TJK,Tajikistan,2018,GOV_WGI_PV.EST,-0.672519099999999
TJK,Tajikistan,2017,GOV_WGI_PV.EST,-0.6533475
TJK,Tajikistan,2016,GOV_WGI_PV.EST,-0.7460947
TJK,Tajikistan,2015,GOV_WGI_PV.EST,-0.744602299999999
TJK,Tajikistan,2014,GOV_WGI_PV.EST,-0.6152413
TJK,Tajikistan,2013,GOV_WGI_PV.EST,-1.0538059
TJK,Tajikistan,2012,GOV_WGI_PV.EST,-1.0705181
TJK,Tajikistan,2011,GOV_WGI_PV.EST,-0.9993314
TJK,Tajikistan,2010,GOV_WGI_PV.EST,-0.8701472
TJK,Tajikistan,2009,GOV_WGI_PV.EST,-0.780627899999999
TJK,Tajikistan,2008,GOV_WGI_PV.EST,-0.7060293
TJK,Tajikistan,2007,GOV_WGI_PV.EST,-0.6060932
TJK,Tajikistan,2006,GOV_WGI_PV.EST,-1.2222534
TJK,Tajikistan,2005,GOV_WGI_PV.EST,-1.2068587
TZA,Tanzania,2024,GOV_WGI_PV.EST,-0.3895961
TZA,Tanzania,2023,GOV_WGI_PV.EST,-0.2367117
TZA,Tanzania,2022,GOV_WGI_PV.EST,-0.4815853
TZA,Tanzania,2021,GOV_WGI_PV.EST,-0.5751002
TZA,Tanzania,2020,GOV_WGI_PV.EST,-0.6629379
TZA,Tanzania,2019,GOV_WGI_PV.EST,-0.5522151
TZA,Tanzania,2018,GOV_WGI_PV.EST,-0.664168099999999
TZA,Tanzania,2017,GOV_WGI_PV.EST,-0.683829799999999
TZA,Tanzania,2016,GOV_WGI_PV.EST,-0.537573
TZA,Tanzania,2015,GOV_WGI_PV.EST,-0.476783499999999
TZA,Tanzania,2014,GOV_WGI_PV.EST,-0.5068917
TZA,Tanzania,2013,GOV_WGI_PV.EST,-0.4223495
TZA,Tanzania,2012,GOV_WGI_PV.EST,-0.1246002
TZA,Tanzania,2011,GOV_WGI_PV.EST,-0.159101
TZA,Tanzania,2010,GOV_WGI_PV.EST,-0.05765
TZA,Tanzania,2009,GOV_WGI_PV.EST,0.0190977
TZA,Tanzania,2008,GOV_WGI_PV.EST,-0.2456073
TZA,Tanzania,2007,GOV_WGI_PV.EST,-0.3502593
TZA,Tanzania,2006,GOV_WGI_PV.EST,-0.383899
TZA,Tanzania,2005,GOV_WGI_PV.EST,-0.575043299999999
THA,Thailand,2024,GOV_WGI_PV.EST,-0.6833311
THA,Thailand,2023,GOV_WGI_PV.EST,-0.4398775
THA,Thailand,2022,GOV_WGI_PV.EST,-0.5671596
THA,Thailand,2021,GOV_WGI_PV.EST,-0.6963747
THA,Thailand,2020,GOV_WGI_PV.EST,-0.7333386
THA,Thailand,2019,GOV_WGI_PV.EST,-0.588531399999999
THA,Thailand,2018,GOV_WGI_PV.EST,-0.979869
THA,Thailand,2017,GOV_WGI_PV.EST,-0.984692599999999
THA,Thailand,2016,GOV_WGI_PV.EST,-1.12638439999999
THA,Thailand,2015,GOV_WGI_PV.EST,-1.156024
THA,Thailand,2014,GOV_WGI_PV.EST,-1.1368246
THA,Thailand,2013,GOV_WGI_PV.EST,-1.3578088
THA,Thailand,2012,GOV_WGI_PV.EST,-1.22129129999999
THA,Thailand,2011,GOV_WGI_PV.EST,-1.1386768
THA,Thailand,2010,GOV_WGI_PV.EST,-1.2331956
THA,Thailand,2009,GOV_WGI_PV.EST,-1.1126951
THA,Thailand,2008,GOV_WGI_PV.EST,-1.1647166
THA,Thailand,2007,GOV_WGI_PV.EST,-1.0329101
THA,Thailand,2006,GOV_WGI_PV.EST,-1.0498077
THA,Thailand,2005,GOV_WGI_PV.EST,-0.8216996
TLS,Timor-Leste,2024,GOV_WGI_PV.EST,0.5260108
TLS,Timor-Leste,2023,GOV_WGI_PV.EST,0.4358404
TLS,Timor-Leste,2022,GOV_WGI_PV.EST,0.4239118
TLS,Timor-Leste,2021,GOV_WGI_PV.EST,0.2660158
TLS,Timor-Leste,2020,GOV_WGI_PV.EST,0.2673205
TLS,Timor-Leste,2019,GOV_WGI_PV.EST,0.2676531
TLS,Timor-Leste,2018,GOV_WGI_PV.EST,0.2487237
TLS,Timor-Leste,2017,GOV_WGI_PV.EST,0.0703179999999999
TLS,Timor-Leste,2016,GOV_WGI_PV.EST,-0.1166
TLS,Timor-Leste,2015,GOV_WGI_PV.EST,-0.427259699999999
TLS,Timor-Leste,2014,GOV_WGI_PV.EST,-0.3601212
TLS,Timor-Leste,2013,GOV_WGI_PV.EST,-0.5293114
TLS,Timor-Leste,2012,GOV_WGI_PV.EST,-0.4206058
TLS,Timor-Leste,2011,GOV_WGI_PV.EST,-0.5916549
TLS,Timor-Leste,2010,GOV_WGI_PV.EST,-0.591676099999999
TLS,Timor-Leste,2009,GOV_WGI_PV.EST,-0.6476333
TLS,Timor-Leste,2008,GOV_WGI_PV.EST,-0.783746899999999
TLS,Timor-Leste,2007,GOV_WGI_PV.EST,-1.0834494
TLS,Timor-Leste,2006,GOV_WGI_PV.EST,-1.1527962
TLS,Timor-Leste,2005,GOV_WGI_PV.EST,-0.8038797
TGO,Togo,2024,GOV_WGI_PV.EST,-0.8094466
TGO,Togo,2023,GOV_WGI_PV.EST,-0.9186036
TGO,Togo,2022,GOV_WGI_PV.EST,-0.760395399999999
TGO,Togo,2021,GOV_WGI_PV.EST,-0.6682329
TGO,Togo,2020,GOV_WGI_PV.EST,-0.8075061
TGO,Togo,2019,GOV_WGI_PV.EST,-0.8504632
TGO,Togo,2018,GOV_WGI_PV.EST,-0.8728328
TGO,Togo,2017,GOV_WGI_PV.EST,-0.835878399999999
TGO,Togo,2016,GOV_WGI_PV.EST,-0.280199
TGO,Togo,2015,GOV_WGI_PV.EST,-0.411126999999999
TGO,Togo,2014,GOV_WGI_PV.EST,-0.3001357
TGO,Togo,2013,GOV_WGI_PV.EST,-0.5059279
TGO,Togo,2012,GOV_WGI_PV.EST,-0.6511156
TGO,Togo,2011,GOV_WGI_PV.EST,-0.3850113
TGO,Togo,2010,GOV_WGI_PV.EST,-0.3792993
TGO,Togo,2009,GOV_WGI_PV.EST,-0.4185216
TGO,Togo,2008,GOV_WGI_PV.EST,-0.3522146
TGO,Togo,2007,GOV_WGI_PV.EST,-0.560980599999999
TGO,Togo,2006,GOV_WGI_PV.EST,-0.935167699999999
TGO,Togo,2005,GOV_WGI_PV.EST,-1.8551464
TON,Tonga,2024,GOV_WGI_PV.EST,1.254781
TON,Tonga,2023,GOV_WGI_PV.EST,1.2304624
TON,Tonga,2022,GOV_WGI_PV.EST,1.3674794
TON,Tonga,2021,GOV_WGI_PV.EST,1.111896
TON,Tonga,2020,GOV_WGI_PV.EST,1.1156731
TON,Tonga,2019,GOV_WGI_PV.EST,1.0102973
TON,Tonga,2018,GOV_WGI_PV.EST,0.8562319
TON,Tonga,2017,GOV_WGI_PV.EST,0.8010403
TON,Tonga,2016,GOV_WGI_PV.EST,0.9346438
TON,Tonga,2015,GOV_WGI_PV.EST,0.9379016
TON,Tonga,2014,GOV_WGI_PV.EST,0.93921
TON,Tonga,2013,GOV_WGI_PV.EST,0.899817
TON,Tonga,2012,GOV_WGI_PV.EST,0.9015228
TON,Tonga,2011,GOV_WGI_PV.EST,0.9020811
TON,Tonga,2010,GOV_WGI_PV.EST,0.7566171
TON,Tonga,2009,GOV_WGI_PV.EST,0.4609269
TON,Tonga,2008,GOV_WGI_PV.EST,0.3326067
TON,Tonga,2007,GOV_WGI_PV.EST,0.3331131
TON,Tonga,2006,GOV_WGI_PV.EST,0.479755
TON,Tonga,2005,GOV_WGI_PV.EST,0.5996241
TTO,Trinidad and Tobago,2024,GOV_WGI_PV.EST,0.3600136
TTO,Trinidad and Tobago,2023,GOV_WGI_PV.EST,0.3397269
TTO,Trinidad and Tobago,2022,GOV_WGI_PV.EST,0.3498483
TTO,Trinidad and Tobago,2021,GOV_WGI_PV.EST,0.1561926
TTO,Trinidad and Tobago,2020,GOV_WGI_PV.EST,0.059501
TTO,Trinidad and Tobago,2019,GOV_WGI_PV.EST,0.0986674999999999
TTO,Trinidad and Tobago,2018,GOV_WGI_PV.EST,0.1156046
TTO,Trinidad and Tobago,2017,GOV_WGI_PV.EST,0.0748617
TTO,Trinidad and Tobago,2016,GOV_WGI_PV.EST,0.0441046
TTO,Trinidad and Tobago,2015,GOV_WGI_PV.EST,0.0718896
TTO,Trinidad and Tobago,2014,GOV_WGI_PV.EST,0.1740197
TTO,Trinidad and Tobago,2013,GOV_WGI_PV.EST,0.0741233999999999
TTO,Trinidad and Tobago,2012,GOV_WGI_PV.EST,0.1326034
TTO,Trinidad and Tobago,2011,GOV_WGI_PV.EST,0.1409464
TTO,Trinidad and Tobago,2010,GOV_WGI_PV.EST,0.0412562
TTO,Trinidad and Tobago,2009,GOV_WGI_PV.EST,0.0338379
TTO,Trinidad and Tobago,2008,GOV_WGI_PV.EST,0.0274032
TTO,Trinidad and Tobago,2007,GOV_WGI_PV.EST,-0.0722563
TTO,Trinidad and Tobago,2006,GOV_WGI_PV.EST,-0.1894815
TTO,Trinidad and Tobago,2005,GOV_WGI_PV.EST,-0.0605903
TUN,Tunisia,2024,GOV_WGI_PV.EST,-0.9248175
TUN,Tunisia,2023,GOV_WGI_PV.EST,-0.776038
TUN,Tunisia,2022,GOV_WGI_PV.EST,-0.7395623
TUN,Tunisia,2021,GOV_WGI_PV.EST,-0.6668946
TUN,Tunisia,2020,GOV_WGI_PV.EST,-0.4326193
TUN,Tunisia,2019,GOV_WGI_PV.EST,-0.5613583
TUN,Tunisia,2018,GOV_WGI_PV.EST,-0.5600278
TUN,Tunisia,2017,GOV_WGI_PV.EST,-0.7432926
TUN,Tunisia,2016,GOV_WGI_PV.EST,-0.8275855
TUN,Tunisia,2015,GOV_WGI_PV.EST,-0.681206
TUN,Tunisia,2014,GOV_WGI_PV.EST,-0.6013407
TUN,Tunisia,2013,GOV_WGI_PV.EST,-0.8919899
TUN,Tunisia,2012,GOV_WGI_PV.EST,-0.673659999999999
TUN,Tunisia,2011,GOV_WGI_PV.EST,-0.3780941
TUN,Tunisia,2010,GOV_WGI_PV.EST,-0.255652
TUN,Tunisia,2009,GOV_WGI_PV.EST,-0.120559199999999
TUN,Tunisia,2008,GOV_WGI_PV.EST,-0.112096999999999
TUN,Tunisia,2007,GOV_WGI_PV.EST,0.00952819999999999
TUN,Tunisia,2006,GOV_WGI_PV.EST,-0.0234038
TUN,Tunisia,2005,GOV_WGI_PV.EST,-0.0900783
TUR,Turkiye,2024,GOV_WGI_PV.EST,-0.970710499999999
TUR,Turkiye,2023,GOV_WGI_PV.EST,-0.884477
TUR,Turkiye,2022,GOV_WGI_PV.EST,-0.935033599999999
TUR,Turkiye,2021,GOV_WGI_PV.EST,-0.9721057
TUR,Turkiye,2020,GOV_WGI_PV.EST,-1.0396051
TUR,Turkiye,2019,GOV_WGI_PV.EST,-1.1924541
TUR,Turkiye,2018,GOV_WGI_PV.EST,-1.1241116
TUR,Turkiye,2017,GOV_WGI_PV.EST,-1.70623179999999
TUR,Turkiye,2016,GOV_WGI_PV.EST,-1.7801696
TUR,Turkiye,2015,GOV_WGI_PV.EST,-1.10934889999999
TUR,Turkiye,2014,GOV_WGI_PV.EST,-0.7998074
TUR,Turkiye,2013,GOV_WGI_PV.EST,-1.0321782
TUR,Turkiye,2012,GOV_WGI_PV.EST,-0.9196869
TUR,Turkiye,2011,GOV_WGI_PV.EST,-0.6966163
TUR,Turkiye,2010,GOV_WGI_PV.EST,-0.5486911
TUR,Turkiye,2009,GOV_WGI_PV.EST,-0.552292999999999
TUR,Turkiye,2008,GOV_WGI_PV.EST,-0.604511399999999
TUR,Turkiye,2007,GOV_WGI_PV.EST,-0.5833298
TUR,Turkiye,2006,GOV_WGI_PV.EST,-0.3387985
TUR,Turkiye,2005,GOV_WGI_PV.EST,-0.3737719
TKM,Turkmenistan,2024,GOV_WGI_PV.EST,0.2455892
TKM,Turkmenistan,2023,GOV_WGI_PV.EST,0.2072195
TKM,Turkmenistan,2022,GOV_WGI_PV.EST,0.2106842
TKM,Turkmenistan,2021,GOV_WGI_PV.EST,-0.224582999999999
TKM,Turkmenistan,2020,GOV_WGI_PV.EST,-0.1270103
TKM,Turkmenistan,2019,GOV_WGI_PV.EST,-0.2189823
TKM,Turkmenistan,2018,GOV_WGI_PV.EST,-0.1316848
TKM,Turkmenistan,2017,GOV_WGI_PV.EST,-0.2289187
TKM,Turkmenistan,2016,GOV_WGI_PV.EST,-0.2753346
TKM,Turkmenistan,2015,GOV_WGI_PV.EST,-0.126391199999999
TKM,Turkmenistan,2014,GOV_WGI_PV.EST,0.0147681
TKM,Turkmenistan,2013,GOV_WGI_PV.EST,0.2343309
TKM,Turkmenistan,2012,GOV_WGI_PV.EST,0.232102
TKM,Turkmenistan,2011,GOV_WGI_PV.EST,0.2327283
TKM,Turkmenistan,2010,GOV_WGI_PV.EST,0.3024549
TKM,Turkmenistan,2009,GOV_WGI_PV.EST,0.3231146
TKM,Turkmenistan,2008,GOV_WGI_PV.EST,0.3188316
TKM,Turkmenistan,2007,GOV_WGI_PV.EST,0.1474449
TKM,Turkmenistan,2006,GOV_WGI_PV.EST,-0.2928338
TKM,Turkmenistan,2005,GOV_WGI_PV.EST,0.00244879999999999
TUV,Tuvalu,2024,GOV_WGI_PV.EST,1.4687654
TUV,Tuvalu,2023,GOV_WGI_PV.EST,1.4739295
TUV,Tuvalu,2022,GOV_WGI_PV.EST,1.4735212
TUV,Tuvalu,2021,GOV_WGI_PV.EST,1.2851524
TUV,Tuvalu,2020,GOV_WGI_PV.EST,1.234863
TUV,Tuvalu,2019,GOV_WGI_PV.EST,1.1436032
TUV,Tuvalu,2018,GOV_WGI_PV.EST,1.3290002
TUV,Tuvalu,2017,GOV_WGI_PV.EST,1.1385207
TUV,Tuvalu,2016,GOV_WGI_PV.EST,1.3245352
TUV,Tuvalu,2015,GOV_WGI_PV.EST,1.3290711
TUV,Tuvalu,2014,GOV_WGI_PV.EST,1.549386
TUV,Tuvalu,2013,GOV_WGI_PV.EST,1.5434936
TUV,Tuvalu,2012,GOV_WGI_PV.EST,1.5451994
TUV,Tuvalu,2011,GOV_WGI_PV.EST,1.5457577
TUV,Tuvalu,2010,GOV_WGI_PV.EST,1.5510465
TUV,Tuvalu,2009,GOV_WGI_PV.EST,1.5568619
TUV,Tuvalu,2008,GOV_WGI_PV.EST,1.333001
TUV,Tuvalu,2007,GOV_WGI_PV.EST,1.3337059
TUV,Tuvalu,2006,GOV_WGI_PV.EST,1.3279824
TUV,Tuvalu,2005,GOV_WGI_PV.EST,1.3245166
UGA,Uganda,2024,GOV_WGI_PV.EST,-1.0222248
UGA,Uganda,2023,GOV_WGI_PV.EST,-1.0298391
UGA,Uganda,2022,GOV_WGI_PV.EST,-1.0920608
UGA,Uganda,2021,GOV_WGI_PV.EST,-0.9440307
UGA,Uganda,2020,GOV_WGI_PV.EST,-0.842814499999999
UGA,Uganda,2019,GOV_WGI_PV.EST,-0.7746479
UGA,Uganda,2018,GOV_WGI_PV.EST,-0.7395762
UGA,Uganda,2017,GOV_WGI_PV.EST,-0.6855171
UGA,Uganda,2016,GOV_WGI_PV.EST,-0.8144743
UGA,Uganda,2015,GOV_WGI_PV.EST,-0.7914315
UGA,Uganda,2014,GOV_WGI_PV.EST,-0.9764218
UGA,Uganda,2013,GOV_WGI_PV.EST,-0.8925868
UGA,Uganda,2012,GOV_WGI_PV.EST,-0.860416499999999
UGA,Uganda,2011,GOV_WGI_PV.EST,-0.8769625
UGA,Uganda,2010,GOV_WGI_PV.EST,-0.7511675
UGA,Uganda,2009,GOV_WGI_PV.EST,-0.6855047
UGA,Uganda,2008,GOV_WGI_PV.EST,-0.6599792
UGA,Uganda,2007,GOV_WGI_PV.EST,-0.728621499999999
UGA,Uganda,2006,GOV_WGI_PV.EST,-0.991477699999999
UGA,Uganda,2005,GOV_WGI_PV.EST,-1.306617
UKR,Ukraine,2024,GOV_WGI_PV.EST,-0.432315
UKR,Ukraine,2023,GOV_WGI_PV.EST,-0.545978
UKR,Ukraine,2022,GOV_WGI_PV.EST,-1.05075649999999
UKR,Ukraine,2021,GOV_WGI_PV.EST,-0.990563099999999
UKR,Ukraine,2020,GOV_WGI_PV.EST,-0.9599236
UKR,Ukraine,2019,GOV_WGI_PV.EST,-1.0320239
UKR,Ukraine,2018,GOV_WGI_PV.EST,-1.4461552
UKR,Ukraine,2017,GOV_WGI_PV.EST,-1.590004
UKR,Ukraine,2016,GOV_WGI_PV.EST,-1.6309394
UKR,Ukraine,2015,GOV_WGI_PV.EST,-1.8064426
UKR,Ukraine,2014,GOV_WGI_PV.EST,-1.99283679999999
UKR,Ukraine,2013,GOV_WGI_PV.EST,-0.961241199999999
UKR,Ukraine,2012,GOV_WGI_PV.EST,-0.2458009
UKR,Ukraine,2011,GOV_WGI_PV.EST,-0.1696208
UKR,Ukraine,2010,GOV_WGI_PV.EST,-0.0505126
UKR,Ukraine,2009,GOV_WGI_PV.EST,-0.2283028
UKR,Ukraine,2008,GOV_WGI_PV.EST,-0.033573
UKR,Ukraine,2007,GOV_WGI_PV.EST,0.0450846
UKR,Ukraine,2006,GOV_WGI_PV.EST,-0.184901099999999
UKR,Ukraine,2005,GOV_WGI_PV.EST,-0.3902796
ARE,United Arab Emirates,2024,GOV_WGI_PV.EST,0.7886704
ARE,United Arab Emirates,2023,GOV_WGI_PV.EST,0.7829523
ARE,United Arab Emirates,2022,GOV_WGI_PV.EST,0.883216
ARE,United Arab Emirates,2021,GOV_WGI_PV.EST,0.839581
ARE,United Arab Emirates,2020,GOV_WGI_PV.EST,0.826942
ARE,United Arab Emirates,2019,GOV_WGI_PV.EST,0.8295526
ARE,United Arab Emirates,2018,GOV_WGI_PV.EST,0.8336611
ARE,United Arab Emirates,2017,GOV_WGI_PV.EST,0.7192871
ARE,United Arab Emirates,2016,GOV_WGI_PV.EST,0.6925969
ARE,United Arab Emirates,2015,GOV_WGI_PV.EST,0.8382509
ARE,United Arab Emirates,2014,GOV_WGI_PV.EST,0.8984847
ARE,United Arab Emirates,2013,GOV_WGI_PV.EST,0.7738837
ARE,United Arab Emirates,2012,GOV_WGI_PV.EST,0.8029803
ARE,United Arab Emirates,2011,GOV_WGI_PV.EST,0.8143482
ARE,United Arab Emirates,2010,GOV_WGI_PV.EST,0.8134966
ARE,United Arab Emirates,2009,GOV_WGI_PV.EST,1.0855231
ARE,United Arab Emirates,2008,GOV_WGI_PV.EST,0.7281536
ARE,United Arab Emirates,2007,GOV_WGI_PV.EST,1.0198691
ARE,United Arab Emirates,2006,GOV_WGI_PV.EST,0.9097486
ARE,United Arab Emirates,2005,GOV_WGI_PV.EST,0.7985672
GBR,United Kingdom,2024,GOV_WGI_PV.EST,0.2577085
GBR,United Kingdom,2023,GOV_WGI_PV.EST,0.3683427
GBR,United Kingdom,2022,GOV_WGI_PV.EST,0.3676912
GBR,United Kingdom,2021,GOV_WGI_PV.EST,0.4363658
GBR,United Kingdom,2020,GOV_WGI_PV.EST,0.5102213
GBR,United Kingdom,2019,GOV_WGI_PV.EST,0.5681497
GBR,United Kingdom,2018,GOV_WGI_PV.EST,0.2825929
GBR,United Kingdom,2017,GOV_WGI_PV.EST,0.4406625
GBR,United Kingdom,2016,GOV_WGI_PV.EST,0.4498582
GBR,United Kingdom,2015,GOV_WGI_PV.EST,0.537112
GBR,United Kingdom,2014,GOV_WGI_PV.EST,0.5436244
GBR,United Kingdom,2013,GOV_WGI_PV.EST,0.4599947
GBR,United Kingdom,2012,GOV_WGI_PV.EST,0.4684142
GBR,United Kingdom,2011,GOV_WGI_PV.EST,0.4317992
GBR,United Kingdom,2010,GOV_WGI_PV.EST,0.5937485
GBR,United Kingdom,2009,GOV_WGI_PV.EST,0.4928367
GBR,United Kingdom,2008,GOV_WGI_PV.EST,0.6464798
GBR,United Kingdom,2007,GOV_WGI_PV.EST,0.6958935
GBR,United Kingdom,2006,GOV_WGI_PV.EST,0.6600601
GBR,United Kingdom,2005,GOV_WGI_PV.EST,0.3958598
USA,United States,2024,GOV_WGI_PV.EST,-0.0951125
USA,United States,2023,GOV_WGI_PV.EST,-0.193136399999999
USA,United States,2022,GOV_WGI_PV.EST,-0.1626087
USA,United States,2021,GOV_WGI_PV.EST,-0.126399999999999
USA,United States,2020,GOV_WGI_PV.EST,-0.146807
USA,United States,2019,GOV_WGI_PV.EST,0.0546375
USA,United States,2018,GOV_WGI_PV.EST,0.2904961
USA,United States,2017,GOV_WGI_PV.EST,0.1101294
USA,United States,2016,GOV_WGI_PV.EST,0.3279152
USA,United States,2015,GOV_WGI_PV.EST,0.6658794
USA,United States,2014,GOV_WGI_PV.EST,0.6681229
USA,United States,2013,GOV_WGI_PV.EST,0.5795227
USA,United States,2012,GOV_WGI_PV.EST,0.6207484
USA,United States,2011,GOV_WGI_PV.EST,0.6245434
USA,United States,2010,GOV_WGI_PV.EST,0.6163511
USA,United States,2009,GOV_WGI_PV.EST,0.6411914
USA,United States,2008,GOV_WGI_PV.EST,0.629976
USA,United States,2007,GOV_WGI_PV.EST,0.4595604
USA,United States,2006,GOV_WGI_PV.EST,0.4194245
USA,United States,2005,GOV_WGI_PV.EST,0.1993466
URY,Uruguay,2024,GOV_WGI_PV.EST,1.2779376
URY,Uruguay,2023,GOV_WGI_PV.EST,1.181072
URY,Uruguay,2022,GOV_WGI_PV.EST,1.3035622
URY,Uruguay,2021,GOV_WGI_PV.EST,1.1500797
URY,Uruguay,2020,GOV_WGI_PV.EST,1.1512208
URY,Uruguay,2019,GOV_WGI_PV.EST,1.1553614
URY,Uruguay,2018,GOV_WGI_PV.EST,1.1130252
URY,Uruguay,2017,GOV_WGI_PV.EST,1.1129983
URY,Uruguay,2016,GOV_WGI_PV.EST,1.1217056
URY,Uruguay,2015,GOV_WGI_PV.EST,1.0884414
URY,Uruguay,2014,GOV_WGI_PV.EST,1.1017263
URY,Uruguay,2013,GOV_WGI_PV.EST,0.9211706
URY,Uruguay,2012,GOV_WGI_PV.EST,0.8849499
URY,Uruguay,2011,GOV_WGI_PV.EST,0.9289706
URY,Uruguay,2010,GOV_WGI_PV.EST,0.8893764
URY,Uruguay,2009,GOV_WGI_PV.EST,1.0283689
URY,Uruguay,2008,GOV_WGI_PV.EST,1.056881
URY,Uruguay,2007,GOV_WGI_PV.EST,1.0641961
URY,Uruguay,2006,GOV_WGI_PV.EST,1.0267236
URY,Uruguay,2005,GOV_WGI_PV.EST,0.8238091
UZB,Uzbekistan,2024,GOV_WGI_PV.EST,-0.0267335
UZB,Uzbekistan,2023,GOV_WGI_PV.EST,-0.2504784
UZB,Uzbekistan,2022,GOV_WGI_PV.EST,-0.2325524
UZB,Uzbekistan,2021,GOV_WGI_PV.EST,-0.221247
UZB,Uzbekistan,2020,GOV_WGI_PV.EST,-0.3614058
UZB,Uzbekistan,2019,GOV_WGI_PV.EST,-0.2167593
UZB,Uzbekistan,2018,GOV_WGI_PV.EST,-0.2119487
UZB,Uzbekistan,2017,GOV_WGI_PV.EST,-0.2138791
UZB,Uzbekistan,2016,GOV_WGI_PV.EST,-0.2080446
UZB,Uzbekistan,2015,GOV_WGI_PV.EST,-0.3053458
UZB,Uzbekistan,2014,GOV_WGI_PV.EST,-0.2604881
UZB,Uzbekistan,2013,GOV_WGI_PV.EST,-0.5624156
UZB,Uzbekistan,2012,GOV_WGI_PV.EST,-0.561242799999999
UZB,Uzbekistan,2011,GOV_WGI_PV.EST,-0.611603999999999
UZB,Uzbekistan,2010,GOV_WGI_PV.EST,-0.650179
UZB,Uzbekistan,2009,GOV_WGI_PV.EST,-0.862932799999999
UZB,Uzbekistan,2008,GOV_WGI_PV.EST,-0.995043799999999
UZB,Uzbekistan,2007,GOV_WGI_PV.EST,-1.12814899999999
UZB,Uzbekistan,2006,GOV_WGI_PV.EST,-1.5779657
UZB,Uzbekistan,2005,GOV_WGI_PV.EST,-1.8095801
VUT,Vanuatu,2024,GOV_WGI_PV.EST,0.960216
VUT,Vanuatu,2023,GOV_WGI_PV.EST,0.9649424
VUT,Vanuatu,2022,GOV_WGI_PV.EST,0.9784231
VUT,Vanuatu,2021,GOV_WGI_PV.EST,0.9586235
VUT,Vanuatu,2020,GOV_WGI_PV.EST,0.9435444
VUT,Vanuatu,2019,GOV_WGI_PV.EST,1.0281545
VUT,Vanuatu,2018,GOV_WGI_PV.EST,1.021257
VUT,Vanuatu,2017,GOV_WGI_PV.EST,0.8525004
VUT,Vanuatu,2016,GOV_WGI_PV.EST,0.6867152
VUT,Vanuatu,2015,GOV_WGI_PV.EST,0.6849315
VUT,Vanuatu,2014,GOV_WGI_PV.EST,1.1753946
VUT,Vanuatu,2013,GOV_WGI_PV.EST,1.4539841
VUT,Vanuatu,2012,GOV_WGI_PV.EST,1.4555456
VUT,Vanuatu,2011,GOV_WGI_PV.EST,1.3432489
VUT,Vanuatu,2010,GOV_WGI_PV.EST,1.34809
VUT,Vanuatu,2009,GOV_WGI_PV.EST,1.3114121
VUT,Vanuatu,2008,GOV_WGI_PV.EST,1.0843736
VUT,Vanuatu,2007,GOV_WGI_PV.EST,1.1581012
VUT,Vanuatu,2006,GOV_WGI_PV.EST,1.2662279
VUT,Vanuatu,2005,GOV_WGI_PV.EST,1.2631573
VEN,"Venezuela, RB",2024,GOV_WGI_PV.EST,-1.74042419999999
VEN,"Venezuela, RB",2023,GOV_WGI_PV.EST,-1.1035948
VEN,"Venezuela, RB",2022,GOV_WGI_PV.EST,-1.1268117
VEN,"Venezuela, RB",2021,GOV_WGI_PV.EST,-1.2895082
VEN,"Venezuela, RB",2020,GOV_WGI_PV.EST,-1.4257071
VEN,"Venezuela, RB",2019,GOV_WGI_PV.EST,-1.5120562
VEN,"Venezuela, RB",2018,GOV_WGI_PV.EST,-1.4649999
VEN,"Venezuela, RB",2017,GOV_WGI_PV.EST,-1.38006459999999
VEN,"Venezuela, RB",2016,GOV_WGI_PV.EST,-1.2150045
VEN,"Venezuela, RB",2015,GOV_WGI_PV.EST,-1.1927697
VEN,"Venezuela, RB",2014,GOV_WGI_PV.EST,-1.1741498
VEN,"Venezuela, RB",2013,GOV_WGI_PV.EST,-1.3240347
VEN,"Venezuela, RB",2012,GOV_WGI_PV.EST,-1.2182009
VEN,"Venezuela, RB",2011,GOV_WGI_PV.EST,-1.26001909999999
VEN,"Venezuela, RB",2010,GOV_WGI_PV.EST,-1.3612278
VEN,"Venezuela, RB",2009,GOV_WGI_PV.EST,-1.2678968
VEN,"Venezuela, RB",2008,GOV_WGI_PV.EST,-1.2866765
VEN,"Venezuela, RB",2007,GOV_WGI_PV.EST,-1.2199871
VEN,"Venezuela, RB",2006,GOV_WGI_PV.EST,-1.26288169999999
VEN,"Venezuela, RB",2005,GOV_WGI_PV.EST,-1.1780576
VNM,Viet Nam,2024,GOV_WGI_PV.EST,0.0056736
VNM,Viet Nam,2023,GOV_WGI_PV.EST,0.0907515
VNM,Viet Nam,2022,GOV_WGI_PV.EST,0.1227944
VNM,Viet Nam,2021,GOV_WGI_PV.EST,0.1345844
VNM,Viet Nam,2020,GOV_WGI_PV.EST,0.1302346
VNM,Viet Nam,2019,GOV_WGI_PV.EST,0.0916744999999999
VNM,Viet Nam,2018,GOV_WGI_PV.EST,-0.0542592999999999
VNM,Viet Nam,2017,GOV_WGI_PV.EST,0.1500179
VNM,Viet Nam,2016,GOV_WGI_PV.EST,0.1824971
VNM,Viet Nam,2015,GOV_WGI_PV.EST,0.0681785999999999
VNM,Viet Nam,2014,GOV_WGI_PV.EST,-0.0126942
VNM,Viet Nam,2013,GOV_WGI_PV.EST,0.1154209
VNM,Viet Nam,2012,GOV_WGI_PV.EST,0.1055642
VNM,Viet Nam,2011,GOV_WGI_PV.EST,0.125534
VNM,Viet Nam,2010,GOV_WGI_PV.EST,0.1198679
VNM,Viet Nam,2009,GOV_WGI_PV.EST,0.1922119
VNM,Viet Nam,2008,GOV_WGI_PV.EST,0.0487952
VNM,Viet Nam,2007,GOV_WGI_PV.EST,0.1530738
VNM,Viet Nam,2006,GOV_WGI_PV.EST,0.3001579
VNM,Viet Nam,2005,GOV_WGI_PV.EST,0.3438984
,Virgin Islands (U.S.),2024,GOV_WGI_PV.EST,0.9711697
,Virgin Islands (U.S.),2023,GOV_WGI_PV.EST,0.9788563
,Virgin Islands (U.S.),2022,GOV_WGI_PV.EST,0.9782486
,Virgin Islands (U.S.),2021,GOV_WGI_PV.EST,0.5654024
,Virgin Islands (U.S.),2020,GOV_WGI_PV.EST,0.9766825
,Virgin Islands (U.S.),2019,GOV_WGI_PV.EST,0.977236
,Virgin Islands (U.S.),2018,GOV_WGI_PV.EST,0.8160116
,Virgin Islands (U.S.),2017,GOV_WGI_PV.EST,0.8126545
,Virgin Islands (U.S.),2016,GOV_WGI_PV.EST,0.8121773
,Virgin Islands (U.S.),2015,GOV_WGI_PV.EST,1.2251811
,Virgin Islands (U.S.),2014,GOV_WGI_PV.EST,1.2267455
,Virgin Islands (U.S.),2013,GOV_WGI_PV.EST,0.819158
,Virgin Islands (U.S.),2012,GOV_WGI_PV.EST,0.8211976
,Virgin Islands (U.S.),2011,GOV_WGI_PV.EST,0.8218651
,Virgin Islands (U.S.),2010,GOV_WGI_PV.EST,0.6479444
,Virgin Islands (U.S.),2009,GOV_WGI_PV.EST,0.6548975
,Virgin Islands (U.S.),2008,GOV_WGI_PV.EST,0.6477695
,Virgin Islands (U.S.),2007,GOV_WGI_PV.EST,0.6483749
,Virgin Islands (U.S.),2006,GOV_WGI_PV.EST,0.6434598
,Virgin Islands (U.S.),2005,GOV_WGI_PV.EST,0.4602395
YEM,"Yemen, Rep.",2024,GOV_WGI_PV.EST,-2.7505641
YEM,"Yemen, Rep.",2023,GOV_WGI_PV.EST,-2.6264387
YEM,"Yemen, Rep.",2022,GOV_WGI_PV.EST,-2.61245769999999
YEM,"Yemen, Rep.",2021,GOV_WGI_PV.EST,-2.6676713
YEM,"Yemen, Rep.",2020,GOV_WGI_PV.EST,-2.65635899999999
YEM,"Yemen, Rep.",2019,GOV_WGI_PV.EST,-2.6172209
YEM,"Yemen, Rep.",2018,GOV_WGI_PV.EST,-2.7242925
YEM,"Yemen, Rep.",2017,GOV_WGI_PV.EST,-2.7305026
YEM,"Yemen, Rep.",2016,GOV_WGI_PV.EST,-2.6405037
YEM,"Yemen, Rep.",2015,GOV_WGI_PV.EST,-2.52514609999999
YEM,"Yemen, Rep.",2014,GOV_WGI_PV.EST,-2.52247629999999
YEM,"Yemen, Rep.",2013,GOV_WGI_PV.EST,-2.41980069999999
YEM,"Yemen, Rep.",2012,GOV_WGI_PV.EST,-2.36775559999999
YEM,"Yemen, Rep.",2011,GOV_WGI_PV.EST,-2.4714962
YEM,"Yemen, Rep.",2010,GOV_WGI_PV.EST,-2.41400459999999
YEM,"Yemen, Rep.",2009,GOV_WGI_PV.EST,-2.0874785
YEM,"Yemen, Rep.",2008,GOV_WGI_PV.EST,-2.1003894
YEM,"Yemen, Rep.",2007,GOV_WGI_PV.EST,-1.6075967
YEM,"Yemen, Rep.",2006,GOV_WGI_PV.EST,-1.3547567
YEM,"Yemen, Rep.",2005,GOV_WGI_PV.EST,-1.53964149999999
ZMB,Zambia,2024,GOV_WGI_PV.EST,-0.1007849
ZMB,Zambia,2023,GOV_WGI_PV.EST,-0.0111463999999999
ZMB,Zambia,2022,GOV_WGI_PV.EST,0.0456326
ZMB,Zambia,2021,GOV_WGI_PV.EST,-0.158277199999999
ZMB,Zambia,2020,GOV_WGI_PV.EST,-0.3679359
ZMB,Zambia,2019,GOV_WGI_PV.EST,-0.3690652
ZMB,Zambia,2018,GOV_WGI_PV.EST,-0.2916638
ZMB,Zambia,2017,GOV_WGI_PV.EST,-0.211101999999999
ZMB,Zambia,2016,GOV_WGI_PV.EST,-0.2072561
ZMB,Zambia,2015,GOV_WGI_PV.EST,0.0822748
ZMB,Zambia,2014,GOV_WGI_PV.EST,-0.0580544
ZMB,Zambia,2013,GOV_WGI_PV.EST,0.3124934
ZMB,Zambia,2012,GOV_WGI_PV.EST,0.4568964
ZMB,Zambia,2011,GOV_WGI_PV.EST,0.3931833
ZMB,Zambia,2010,GOV_WGI_PV.EST,0.3740582
ZMB,Zambia,2009,GOV_WGI_PV.EST,0.3834137
ZMB,Zambia,2008,GOV_WGI_PV.EST,0.2479511
ZMB,Zambia,2007,GOV_WGI_PV.EST,0.2841869
ZMB,Zambia,2006,GOV_WGI_PV.EST,0.2636446
ZMB,Zambia,2005,GOV_WGI_PV.EST,-0.0427972
ZWE,Zimbabwe,2024,GOV_WGI_PV.EST,-1.0172382
ZWE,Zimbabwe,2023,GOV_WGI_PV.EST,-0.998213999999999
ZWE,Zimbabwe,2022,GOV_WGI_PV.EST,-0.8261001
ZWE,Zimbabwe,2021,GOV_WGI_PV.EST,-1.0184197
ZWE,Zimbabwe,2020,GOV_WGI_PV.EST,-1.0459616
ZWE,Zimbabwe,2019,GOV_WGI_PV.EST,-0.984582
ZWE,Zimbabwe,2018,GOV_WGI_PV.EST,-0.824492
ZWE,Zimbabwe,2017,GOV_WGI_PV.EST,-0.8348774
ZWE,Zimbabwe,2016,GOV_WGI_PV.EST,-0.9112005
ZWE,Zimbabwe,2015,GOV_WGI_PV.EST,-0.856518799999999
ZWE,Zimbabwe,2014,GOV_WGI_PV.EST,-0.976551899999999
ZWE,Zimbabwe,2013,GOV_WGI_PV.EST,-1.0050314
ZWE,Zimbabwe,2012,GOV_WGI_PV.EST,-1.2758713
ZWE,Zimbabwe,2011,GOV_WGI_PV.EST,-1.2521569
ZWE,Zimbabwe,2010,GOV_WGI_PV.EST,-1.4606594
ZWE,Zimbabwe,2009,GOV_WGI_PV.EST,-1.56337369999999
ZWE,Zimbabwe,2008,GOV_WGI_PV.EST,-1.6376435
ZWE,Zimbabwe,2007,GOV_WGI_PV.EST,-1.4174911
ZWE,Zimbabwe,2006,GOV_WGI_PV.EST,-1.3010141
ZWE,Zimbabwe,2005,GOV_WGI_PV.EST,-1.551972
