country_code,country_name,year,indicator_code,value
AFE,Africa Eastern and Southern,2025,IT.CEL.SETS.P2,93.1
AFE,Africa Eastern and Southern,2024,IT.CEL.SETS.P2,87.3
AFE,Africa Eastern and Southern,2023,IT.CEL.SETS.P2,82.3
AFE,Africa Eastern and Southern,2022,IT.CEL.SETS.P2,77.7
AFE,Africa Eastern and Southern,2021,IT.CEL.SETS.P2,74.7
AFE,Africa Eastern and Southern,2020,IT.CEL.SETS.P2,69.9
AFE,Africa Eastern and Southern,2019,IT.CEL.SETS.P2,67.9
AFE,Africa Eastern and Southern,2018,IT.CEL.SETS.P2,65.2
AFE,Africa Eastern and Southern,2017,IT.CEL.SETS.P2,63.5
AFE,Africa Eastern and Southern,2016,IT.CEL.SETS.P2,63.6
AFE,Africa Eastern and Southern,2015,IT.CEL.SETS.P2,66.5
AFE,Africa Eastern and Southern,2014,IT.CEL.SETS.P2,61.9358160623131
AFE,Africa Eastern and Southern,2013,IT.CEL.SETS.P2,57.6880768277277
AFE,Africa Eastern and Southern,2012,IT.CEL.SETS.P2,52.7679765565158
AFE,Africa Eastern and Southern,2011,IT.CEL.SETS.P2,48.0159935090946
AFE,Africa Eastern and Southern,2010,IT.CEL.SETS.P2,38.5271319772483
AFE,Africa Eastern and Southern,2009,IT.CEL.SETS.P2,32.6088889551093
AFE,Africa Eastern and Southern,2008,IT.CEL.SETS.P2,28.1203044455646
AFE,Africa Eastern and Southern,2007,IT.CEL.SETS.P2,21.6849919782563
AFE,Africa Eastern and Southern,2006,IT.CEL.SETS.P2,16.9490525169552
AFE,Africa Eastern and Southern,2005,IT.CEL.SETS.P2,12.59131987433
AFW,Africa Western and Central,2025,IT.CEL.SETS.P2,86.5
AFW,Africa Western and Central,2024,IT.CEL.SETS.P2,91.8
AFW,Africa Western and Central,2023,IT.CEL.SETS.P2,101.4
AFW,Africa Western and Central,2022,IT.CEL.SETS.P2,102.1
AFW,Africa Western and Central,2021,IT.CEL.SETS.P2,95.2
AFW,Africa Western and Central,2020,IT.CEL.SETS.P2,96.7
AFW,Africa Western and Central,2019,IT.CEL.SETS.P2,91.3
AFW,Africa Western and Central,2018,IT.CEL.SETS.P2,87.8
AFW,Africa Western and Central,2017,IT.CEL.SETS.P2,81.4
AFW,Africa Western and Central,2016,IT.CEL.SETS.P2,82.9
AFW,Africa Western and Central,2015,IT.CEL.SETS.P2,83.3
AFW,Africa Western and Central,2014,IT.CEL.SETS.P2,80.2975320892204
AFW,Africa Western and Central,2013,IT.CEL.SETS.P2,75.0120031475166
AFW,Africa Western and Central,2012,IT.CEL.SETS.P2,67.1094646656648
AFW,Africa Western and Central,2011,IT.CEL.SETS.P2,58.249872484352
AFW,Africa Western and Central,2010,IT.CEL.SETS.P2,52.27223728058
AFW,Africa Western and Central,2009,IT.CEL.SETS.P2,44.3449799979514
AFW,Africa Western and Central,2008,IT.CEL.SETS.P2,36.8661001562175
AFW,Africa Western and Central,2007,IT.CEL.SETS.P2,25.0392998212097
AFW,Africa Western and Central,2006,IT.CEL.SETS.P2,18.7872335012222
AFW,Africa Western and Central,2005,IT.CEL.SETS.P2,11.1025063085919
ARB,Arab World,2022,IT.CEL.SETS.P2,102.925568544421
ARB,Arab World,2021,IT.CEL.SETS.P2,99.2339505781343
ARB,Arab World,2020,IT.CEL.SETS.P2,96.2300336647374
ARB,Arab World,2019,IT.CEL.SETS.P2,96.7326519819152
ARB,Arab World,2018,IT.CEL.SETS.P2,96.4014579839673
ARB,Arab World,2017,IT.CEL.SETS.P2,98.1963031894916
ARB,Arab World,2016,IT.CEL.SETS.P2,100.424978952655
ARB,Arab World,2015,IT.CEL.SETS.P2,102.997439000868
ARB,Arab World,2014,IT.CEL.SETS.P2,104.242109611802
ARB,Arab World,2013,IT.CEL.SETS.P2,104.741398824987
ARB,Arab World,2012,IT.CEL.SETS.P2,100.300841931146
ARB,Arab World,2011,IT.CEL.SETS.P2,94.4751848643954
ARB,Arab World,2010,IT.CEL.SETS.P2,85.6094564648384
ARB,Arab World,2009,IT.CEL.SETS.P2,74.4957914017246
ARB,Arab World,2008,IT.CEL.SETS.P2,61.7078304449257
ARB,Arab World,2007,IT.CEL.SETS.P2,51.6630400128938
ARB,Arab World,2006,IT.CEL.SETS.P2,38.2910994488433
ARB,Arab World,2005,IT.CEL.SETS.P2,26.4479394294001
CSS,Caribbean small states,2021,IT.CEL.SETS.P2,109.129045044123
CSS,Caribbean small states,2020,IT.CEL.SETS.P2,111.600729388143
CSS,Caribbean small states,2019,IT.CEL.SETS.P2,106.436957613453
CSS,Caribbean small states,2018,IT.CEL.SETS.P2,104.593014821527
CSS,Caribbean small states,2017,IT.CEL.SETS.P2,102.877295759944
CSS,Caribbean small states,2016,IT.CEL.SETS.P2,101.901814316053
CSS,Caribbean small states,2015,IT.CEL.SETS.P2,97.5801849175835
CSS,Caribbean small states,2014,IT.CEL.SETS.P2,100.709780576529
CSS,Caribbean small states,2013,IT.CEL.SETS.P2,100.900334843693
CSS,Caribbean small states,2012,IT.CEL.SETS.P2,93.9498454863244
CSS,Caribbean small states,2011,IT.CEL.SETS.P2,95.9818537379915
CSS,Caribbean small states,2010,IT.CEL.SETS.P2,99.9808407455144
CSS,Caribbean small states,2009,IT.CEL.SETS.P2,100.128632622832
CSS,Caribbean small states,2008,IT.CEL.SETS.P2,91.4576763576687
CSS,Caribbean small states,2007,IT.CEL.SETS.P2,80.1621082346752
CSS,Caribbean small states,2006,IT.CEL.SETS.P2,64.8116146135132
CSS,Caribbean small states,2005,IT.CEL.SETS.P2,52.8289319749782
CEB,Central Europe and the Baltics,2022,IT.CEL.SETS.P2,124.683360007648
CEB,Central Europe and the Baltics,2021,IT.CEL.SETS.P2,124.396200399213
CEB,Central Europe and the Baltics,2020,IT.CEL.SETS.P2,121.617426753818
CEB,Central Europe and the Baltics,2019,IT.CEL.SETS.P2,120.788794710806
CEB,Central Europe and the Baltics,2018,IT.CEL.SETS.P2,119.829218463391
CEB,Central Europe and the Baltics,2017,IT.CEL.SETS.P2,122.132128080483
CEB,Central Europe and the Baltics,2016,IT.CEL.SETS.P2,124.997371413113
CEB,Central Europe and the Baltics,2015,IT.CEL.SETS.P2,126.076137856759
CEB,Central Europe and the Baltics,2014,IT.CEL.SETS.P2,130.864424519989
CEB,Central Europe and the Baltics,2013,IT.CEL.SETS.P2,131.766589782834
CEB,Central Europe and the Baltics,2012,IT.CEL.SETS.P2,129.359970635373
CEB,Central Europe and the Baltics,2011,IT.CEL.SETS.P2,124.795725594432
CEB,Central Europe and the Baltics,2010,IT.CEL.SETS.P2,121.74442149351
CEB,Central Europe and the Baltics,2009,IT.CEL.SETS.P2,119.689348064331
CEB,Central Europe and the Baltics,2008,IT.CEL.SETS.P2,119.094672426691
CEB,Central Europe and the Baltics,2007,IT.CEL.SETS.P2,111.161228073277
CEB,Central Europe and the Baltics,2006,IT.CEL.SETS.P2,96.9548130511162
CEB,Central Europe and the Baltics,2005,IT.CEL.SETS.P2,82.057716489448
EAR,Early-demographic dividend,2022,IT.CEL.SETS.P2,96.3653995383414
EAR,Early-demographic dividend,2021,IT.CEL.SETS.P2,97.8329155295442
EAR,Early-demographic dividend,2020,IT.CEL.SETS.P2,95.6621086286102
EAR,Early-demographic dividend,2019,IT.CEL.SETS.P2,95.9977673901306
EAR,Early-demographic dividend,2018,IT.CEL.SETS.P2,95.6077352113338
EAR,Early-demographic dividend,2017,IT.CEL.SETS.P2,96.3611769859029
EAR,Early-demographic dividend,2016,IT.CEL.SETS.P2,93.9590434686905
EAR,Early-demographic dividend,2015,IT.CEL.SETS.P2,88.0498058781388
EAR,Early-demographic dividend,2014,IT.CEL.SETS.P2,85.1998067528163
EAR,Early-demographic dividend,2013,IT.CEL.SETS.P2,82.2483902385733
EAR,Early-demographic dividend,2012,IT.CEL.SETS.P2,78.608696214951
EAR,Early-demographic dividend,2011,IT.CEL.SETS.P2,76.4596068234491
EAR,Early-demographic dividend,2010,IT.CEL.SETS.P2,67.2044861265385
EAR,Early-demographic dividend,2009,IT.CEL.SETS.P2,54.9461722824844
EAR,Early-demographic dividend,2008,IT.CEL.SETS.P2,44.6062128063009
EAR,Early-demographic dividend,2007,IT.CEL.SETS.P2,34.2682424050269
EAR,Early-demographic dividend,2006,IT.CEL.SETS.P2,24.9702237619871
EAR,Early-demographic dividend,2005,IT.CEL.SETS.P2,17.0282128105078
EAS,East Asia & Pacific,2025,IT.CEL.SETS.P2,135.1
EAS,East Asia & Pacific,2024,IT.CEL.SETS.P2,132.9
EAS,East Asia & Pacific,2023,IT.CEL.SETS.P2,130.9
EAS,East Asia & Pacific,2022,IT.CEL.SETS.P2,128.7
EAS,East Asia & Pacific,2021,IT.CEL.SETS.P2,127.6
EAS,East Asia & Pacific,2020,IT.CEL.SETS.P2,126.1
EAS,East Asia & Pacific,2019,IT.CEL.SETS.P2,128.1
EAS,East Asia & Pacific,2018,IT.CEL.SETS.P2,120.7
EAS,East Asia & Pacific,2017,IT.CEL.SETS.P2,115.9
EAS,East Asia & Pacific,2016,IT.CEL.SETS.P2,109.8
EAS,East Asia & Pacific,2015,IT.CEL.SETS.P2,103.7
EAS,East Asia & Pacific,2014,IT.CEL.SETS.P2,103.473045520977
EAS,East Asia & Pacific,2013,IT.CEL.SETS.P2,98.425588404076
EAS,East Asia & Pacific,2012,IT.CEL.SETS.P2,91.8441602467353
EAS,East Asia & Pacific,2011,IT.CEL.SETS.P2,83.5200185131569
EAS,East Asia & Pacific,2010,IT.CEL.SETS.P2,73.9770106724883
EAS,East Asia & Pacific,2009,IT.CEL.SETS.P2,65.1814267902431
EAS,East Asia & Pacific,2008,IT.CEL.SETS.P2,57.3340585755902
EAS,East Asia & Pacific,2007,IT.CEL.SETS.P2,48.2513956231179
EAS,East Asia & Pacific,2006,IT.CEL.SETS.P2,39.6644119110779
EAS,East Asia & Pacific,2005,IT.CEL.SETS.P2,34.2366583597866
EAP,East Asia & Pacific (excluding high income),2025,IT.CEL.SETS.P2,129.8
EAP,East Asia & Pacific (excluding high income),2024,IT.CEL.SETS.P2,128.2
EAP,East Asia & Pacific (excluding high income),2023,IT.CEL.SETS.P2,126.9
EAP,East Asia & Pacific (excluding high income),2022,IT.CEL.SETS.P2,125.5
EAP,East Asia & Pacific (excluding high income),2021,IT.CEL.SETS.P2,124.9
EAP,East Asia & Pacific (excluding high income),2020,IT.CEL.SETS.P2,123.8
EAP,East Asia & Pacific (excluding high income),2019,IT.CEL.SETS.P2,126.854387586962
EAP,East Asia & Pacific (excluding high income),2018,IT.CEL.SETS.P2,120.388492509008
EAP,East Asia & Pacific (excluding high income),2017,IT.CEL.SETS.P2,114.29740003326
EAP,East Asia & Pacific (excluding high income),2016,IT.CEL.SETS.P2,107.879616292969
EAP,East Asia & Pacific (excluding high income),2015,IT.CEL.SETS.P2,101.512239575662
EAP,East Asia & Pacific (excluding high income),2014,IT.CEL.SETS.P2,100.976885094263
EAP,East Asia & Pacific (excluding high income),2013,IT.CEL.SETS.P2,95.9201242078633
EAP,East Asia & Pacific (excluding high income),2012,IT.CEL.SETS.P2,88.9548080985144
EAP,East Asia & Pacific (excluding high income),2011,IT.CEL.SETS.P2,80.1755198281435
EAP,East Asia & Pacific (excluding high income),2010,IT.CEL.SETS.P2,70.2080044607667
EAP,East Asia & Pacific (excluding high income),2009,IT.CEL.SETS.P2,60.9281923881329
EAP,East Asia & Pacific (excluding high income),2008,IT.CEL.SETS.P2,52.6461335994694
EAP,East Asia & Pacific (excluding high income),2007,IT.CEL.SETS.P2,42.8007115610981
EAP,East Asia & Pacific (excluding high income),2006,IT.CEL.SETS.P2,33.9906596928379
EAP,East Asia & Pacific (excluding high income),2005,IT.CEL.SETS.P2,28.3203006546767
TEA,East Asia & Pacific (IDA & IBRD countries),2025,IT.CEL.SETS.P2,131.0
TEA,East Asia & Pacific (IDA & IBRD countries),2024,IT.CEL.SETS.P2,129.5
TEA,East Asia & Pacific (IDA & IBRD countries),2023,IT.CEL.SETS.P2,128.1
TEA,East Asia & Pacific (IDA & IBRD countries),2022,IT.CEL.SETS.P2,126.8
TEA,East Asia & Pacific (IDA & IBRD countries),2021,IT.CEL.SETS.P2,126.2
TEA,East Asia & Pacific (IDA & IBRD countries),2020,IT.CEL.SETS.P2,125.0
TEA,East Asia & Pacific (IDA & IBRD countries),2019,IT.CEL.SETS.P2,127.8
TEA,East Asia & Pacific (IDA & IBRD countries),2018,IT.CEL.SETS.P2,119.9
TEA,East Asia & Pacific (IDA & IBRD countries),2017,IT.CEL.SETS.P2,115.1
TEA,East Asia & Pacific (IDA & IBRD countries),2016,IT.CEL.SETS.P2,108.6
TEA,East Asia & Pacific (IDA & IBRD countries),2015,IT.CEL.SETS.P2,102.2
TEA,East Asia & Pacific (IDA & IBRD countries),2014,IT.CEL.SETS.P2,102.093043213241
TEA,East Asia & Pacific (IDA & IBRD countries),2013,IT.CEL.SETS.P2,96.9950982616019
TEA,East Asia & Pacific (IDA & IBRD countries),2012,IT.CEL.SETS.P2,89.9824899417363
TEA,East Asia & Pacific (IDA & IBRD countries),2011,IT.CEL.SETS.P2,81.1327438033427
TEA,East Asia & Pacific (IDA & IBRD countries),2010,IT.CEL.SETS.P2,71.0725019935395
TEA,East Asia & Pacific (IDA & IBRD countries),2009,IT.CEL.SETS.P2,61.697463326788
TEA,East Asia & Pacific (IDA & IBRD countries),2008,IT.CEL.SETS.P2,53.3166122088424
TEA,East Asia & Pacific (IDA & IBRD countries),2007,IT.CEL.SETS.P2,43.3479184862917
TEA,East Asia & Pacific (IDA & IBRD countries),2006,IT.CEL.SETS.P2,34.4267316663862
TEA,East Asia & Pacific (IDA & IBRD countries),2005,IT.CEL.SETS.P2,28.6845714190938
EMU,Euro area,2022,IT.CEL.SETS.P2,123.504922574754
EMU,Euro area,2021,IT.CEL.SETS.P2,123.005707748284
EMU,Euro area,2020,IT.CEL.SETS.P2,121.425545157311
EMU,Euro area,2019,IT.CEL.SETS.P2,122.045744412398
EMU,Euro area,2018,IT.CEL.SETS.P2,122.501733240973
EMU,Euro area,2017,IT.CEL.SETS.P2,122.790373736647
EMU,Euro area,2016,IT.CEL.SETS.P2,121.39529734813
EMU,Euro area,2015,IT.CEL.SETS.P2,120.339522592896
EMU,Euro area,2014,IT.CEL.SETS.P2,120.998520694773
EMU,Euro area,2013,IT.CEL.SETS.P2,122.702629507747
EMU,Euro area,2012,IT.CEL.SETS.P2,121.72781302301
EMU,Euro area,2011,IT.CEL.SETS.P2,120.39652528329
EMU,Euro area,2010,IT.CEL.SETS.P2,117.39984685151
EMU,Euro area,2009,IT.CEL.SETS.P2,121.222626180633
EMU,Euro area,2008,IT.CEL.SETS.P2,122.034621135203
EMU,Euro area,2007,IT.CEL.SETS.P2,117.09678985936
EMU,Euro area,2006,IT.CEL.SETS.P2,107.060714820708
EMU,Euro area,2005,IT.CEL.SETS.P2,98.8279532529889
ECS,Europe & Central Asia,2025,IT.CEL.SETS.P2,134.6
ECS,Europe & Central Asia,2024,IT.CEL.SETS.P2,132.4
ECS,Europe & Central Asia,2023,IT.CEL.SETS.P2,130.2
ECS,Europe & Central Asia,2022,IT.CEL.SETS.P2,126.6
ECS,Europe & Central Asia,2021,IT.CEL.SETS.P2,126.0
ECS,Europe & Central Asia,2020,IT.CEL.SETS.P2,123.3
ECS,Europe & Central Asia,2019,IT.CEL.SETS.P2,125.0
ECS,Europe & Central Asia,2018,IT.CEL.SETS.P2,122.6
ECS,Europe & Central Asia,2017,IT.CEL.SETS.P2,122.7
ECS,Europe & Central Asia,2016,IT.CEL.SETS.P2,123.6
ECS,Europe & Central Asia,2015,IT.CEL.SETS.P2,124.0
ECS,Europe & Central Asia,2014,IT.CEL.SETS.P2,124.878330839041
ECS,Europe & Central Asia,2013,IT.CEL.SETS.P2,125.059373627102
ECS,Europe & Central Asia,2012,IT.CEL.SETS.P2,122.578365415616
ECS,Europe & Central Asia,2011,IT.CEL.SETS.P2,120.443939487647
ECS,Europe & Central Asia,2010,IT.CEL.SETS.P2,120.330730781447
ECS,Europe & Central Asia,2009,IT.CEL.SETS.P2,119.526196384206
ECS,Europe & Central Asia,2008,IT.CEL.SETS.P2,115.166753219299
ECS,Europe & Central Asia,2007,IT.CEL.SETS.P2,106.502951626028
ECS,Europe & Central Asia,2006,IT.CEL.SETS.P2,94.7728462804817
ECS,Europe & Central Asia,2005,IT.CEL.SETS.P2,81.2101936296506
ECA,Europe & Central Asia (excluding high income),2025,IT.CEL.SETS.P2,117.3
ECA,Europe & Central Asia (excluding high income),2024,IT.CEL.SETS.P2,115.4
ECA,Europe & Central Asia (excluding high income),2023,IT.CEL.SETS.P2,113.2
ECA,Europe & Central Asia (excluding high income),2022,IT.CEL.SETS.P2,110.0
ECA,Europe & Central Asia (excluding high income),2021,IT.CEL.SETS.P2,109.9
ECA,Europe & Central Asia (excluding high income),2020,IT.CEL.SETS.P2,106.3
ECA,Europe & Central Asia (excluding high income),2019,IT.CEL.SETS.P2,111.747265336464
ECA,Europe & Central Asia (excluding high income),2018,IT.CEL.SETS.P2,107.098654897689
ECA,Europe & Central Asia (excluding high income),2017,IT.CEL.SETS.P2,109.863407070652
ECA,Europe & Central Asia (excluding high income),2016,IT.CEL.SETS.P2,108.379627294018
ECA,Europe & Central Asia (excluding high income),2015,IT.CEL.SETS.P2,109.790593674442
ECA,Europe & Central Asia (excluding high income),2014,IT.CEL.SETS.P2,111.084522303861
ECA,Europe & Central Asia (excluding high income),2013,IT.CEL.SETS.P2,109.842620151994
ECA,Europe & Central Asia (excluding high income),2012,IT.CEL.SETS.P2,106.986623033569
ECA,Europe & Central Asia (excluding high income),2011,IT.CEL.SETS.P2,104.604414251313
ECA,Europe & Central Asia (excluding high income),2010,IT.CEL.SETS.P2,95.3951029216223
ECA,Europe & Central Asia (excluding high income),2009,IT.CEL.SETS.P2,90.3320142399412
ECA,Europe & Central Asia (excluding high income),2008,IT.CEL.SETS.P2,86.4803772581139
ECA,Europe & Central Asia (excluding high income),2007,IT.CEL.SETS.P2,77.0922990906071
ECA,Europe & Central Asia (excluding high income),2006,IT.CEL.SETS.P2,63.2756515044289
ECA,Europe & Central Asia (excluding high income),2005,IT.CEL.SETS.P2,44.9450243348987
TEC,Europe & Central Asia (IDA & IBRD countries),2025,IT.CEL.SETS.P2,142.4
TEC,Europe & Central Asia (IDA & IBRD countries),2024,IT.CEL.SETS.P2,139.6
TEC,Europe & Central Asia (IDA & IBRD countries),2023,IT.CEL.SETS.P2,136.8
TEC,Europe & Central Asia (IDA & IBRD countries),2022,IT.CEL.SETS.P2,131.1
TEC,Europe & Central Asia (IDA & IBRD countries),2021,IT.CEL.SETS.P2,130.9
TEC,Europe & Central Asia (IDA & IBRD countries),2020,IT.CEL.SETS.P2,126.7
TEC,Europe & Central Asia (IDA & IBRD countries),2019,IT.CEL.SETS.P2,129.0
TEC,Europe & Central Asia (IDA & IBRD countries),2018,IT.CEL.SETS.P2,124.5
TEC,Europe & Central Asia (IDA & IBRD countries),2017,IT.CEL.SETS.P2,124.1
TEC,Europe & Central Asia (IDA & IBRD countries),2016,IT.CEL.SETS.P2,126.8
TEC,Europe & Central Asia (IDA & IBRD countries),2015,IT.CEL.SETS.P2,127.9
TEC,Europe & Central Asia (IDA & IBRD countries),2014,IT.CEL.SETS.P2,128.02998454354
TEC,Europe & Central Asia (IDA & IBRD countries),2013,IT.CEL.SETS.P2,127.108381947864
TEC,Europe & Central Asia (IDA & IBRD countries),2012,IT.CEL.SETS.P2,122.918504822013
TEC,Europe & Central Asia (IDA & IBRD countries),2011,IT.CEL.SETS.P2,120.028710531338
TEC,Europe & Central Asia (IDA & IBRD countries),2010,IT.CEL.SETS.P2,122.284842739145
TEC,Europe & Central Asia (IDA & IBRD countries),2009,IT.CEL.SETS.P2,117.730406754684
TEC,Europe & Central Asia (IDA & IBRD countries),2008,IT.CEL.SETS.P2,108.538527350352
TEC,Europe & Central Asia (IDA & IBRD countries),2007,IT.CEL.SETS.P2,95.7997878406211
TEC,Europe & Central Asia (IDA & IBRD countries),2006,IT.CEL.SETS.P2,81.4649389328274
TEC,Europe & Central Asia (IDA & IBRD countries),2005,IT.CEL.SETS.P2,62.1449170147877
EUU,European Union,2022,IT.CEL.SETS.P2,123.687099666304
EUU,European Union,2021,IT.CEL.SETS.P2,123.265317671991
EUU,European Union,2020,IT.CEL.SETS.P2,121.476371720115
EUU,European Union,2019,IT.CEL.SETS.P2,121.799562736112
EUU,European Union,2018,IT.CEL.SETS.P2,121.955286915766
EUU,European Union,2017,IT.CEL.SETS.P2,122.55683721261
EUU,European Union,2016,IT.CEL.SETS.P2,122.1922182244
EUU,European Union,2015,IT.CEL.SETS.P2,121.827779366561
EUU,European Union,2014,IT.CEL.SETS.P2,123.561956130038
EUU,European Union,2013,IT.CEL.SETS.P2,124.928116565766
EUU,European Union,2012,IT.CEL.SETS.P2,123.536569078094
EUU,European Union,2011,IT.CEL.SETS.P2,121.505164700888
EUU,European Union,2010,IT.CEL.SETS.P2,118.362121389741
EUU,European Union,2009,IT.CEL.SETS.P2,120.982530176415
EUU,European Union,2008,IT.CEL.SETS.P2,121.351082181506
EUU,European Union,2007,IT.CEL.SETS.P2,115.471230001761
EUU,European Union,2006,IT.CEL.SETS.P2,104.625555699473
EUU,European Union,2005,IT.CEL.SETS.P2,94.962592506809
HPC,Heavily indebted poor countries (HIPC),2022,IT.CEL.SETS.P2,76.7140221946963
HPC,Heavily indebted poor countries (HIPC),2021,IT.CEL.SETS.P2,74.4847568397299
HPC,Heavily indebted poor countries (HIPC),2020,IT.CEL.SETS.P2,70.9316903394181
HPC,Heavily indebted poor countries (HIPC),2019,IT.CEL.SETS.P2,68.0968402043626
HPC,Heavily indebted poor countries (HIPC),2018,IT.CEL.SETS.P2,72.134817476378
HPC,Heavily indebted poor countries (HIPC),2017,IT.CEL.SETS.P2,65.1418315273652
HPC,Heavily indebted poor countries (HIPC),2016,IT.CEL.SETS.P2,65.09246540567
HPC,Heavily indebted poor countries (HIPC),2015,IT.CEL.SETS.P2,66.5572239977314
HPC,Heavily indebted poor countries (HIPC),2014,IT.CEL.SETS.P2,61.7538177854788
HPC,Heavily indebted poor countries (HIPC),2013,IT.CEL.SETS.P2,56.480357263253
HPC,Heavily indebted poor countries (HIPC),2012,IT.CEL.SETS.P2,50.4639096972381
HPC,Heavily indebted poor countries (HIPC),2011,IT.CEL.SETS.P2,44.5982205032201
HPC,Heavily indebted poor countries (HIPC),2010,IT.CEL.SETS.P2,36.8359881370093
HPC,Heavily indebted poor countries (HIPC),2009,IT.CEL.SETS.P2,30.8388736618464
HPC,Heavily indebted poor countries (HIPC),2008,IT.CEL.SETS.P2,24.7812280685377
HPC,Heavily indebted poor countries (HIPC),2007,IT.CEL.SETS.P2,16.7191532210902
HPC,Heavily indebted poor countries (HIPC),2006,IT.CEL.SETS.P2,10.7625195669399
HPC,Heavily indebted poor countries (HIPC),2005,IT.CEL.SETS.P2,6.39214217230166
,High income,2025,IT.CEL.SETS.P2,141.6
,High income,2024,IT.CEL.SETS.P2,138.5
,High income,2023,IT.CEL.SETS.P2,135.8
,High income,2022,IT.CEL.SETS.P2,131.3
,High income,2021,IT.CEL.SETS.P2,128.7
,High income,2020,IT.CEL.SETS.P2,125.9
,High income,2019,IT.CEL.SETS.P2,126.1
,High income,2018,IT.CEL.SETS.P2,124.2
,High income,2017,IT.CEL.SETS.P2,122.9
,High income,2016,IT.CEL.SETS.P2,123.3
,High income,2015,IT.CEL.SETS.P2,122.7
IBD,IBRD only,2025,IT.CEL.SETS.P2,115.9
IBD,IBRD only,2024,IT.CEL.SETS.P2,114.9
IBD,IBRD only,2023,IT.CEL.SETS.P2,113.9
IBD,IBRD only,2022,IT.CEL.SETS.P2,112.2
IBD,IBRD only,2021,IT.CEL.SETS.P2,111.6
IBD,IBRD only,2020,IT.CEL.SETS.P2,109.6
IBD,IBRD only,2019,IT.CEL.SETS.P2,111.0
IBD,IBRD only,2018,IT.CEL.SETS.P2,108.3
IBD,IBRD only,2017,IT.CEL.SETS.P2,106.8
IBD,IBRD only,2016,IT.CEL.SETS.P2,103.9
IBD,IBRD only,2015,IT.CEL.SETS.P2,99.4
IBD,IBRD only,2014,IT.CEL.SETS.P2,99.2665312728336
IBD,IBRD only,2013,IT.CEL.SETS.P2,96.5675975043589
IBD,IBRD only,2012,IT.CEL.SETS.P2,91.8022167500843
IBD,IBRD only,2011,IT.CEL.SETS.P2,87.5699733573061
IBD,IBRD only,2010,IT.CEL.SETS.P2,78.8034873857696
IBD,IBRD only,2009,IT.CEL.SETS.P2,67.6645385076574
IBD,IBRD only,2008,IT.CEL.SETS.P2,57.4657355033001
IBD,IBRD only,2007,IT.CEL.SETS.P2,47.111927368264
IBD,IBRD only,2006,IT.CEL.SETS.P2,37.7034124431668
IBD,IBRD only,2005,IT.CEL.SETS.P2,29.2124290748869
IBT,IDA & IBRD total,2025,IT.CEL.SETS.P2,107.8
IBT,IDA & IBRD total,2024,IT.CEL.SETS.P2,107.0
IBT,IDA & IBRD total,2023,IT.CEL.SETS.P2,106.7
IBT,IDA & IBRD total,2022,IT.CEL.SETS.P2,105.2
IBT,IDA & IBRD total,2021,IT.CEL.SETS.P2,104.2
IBT,IDA & IBRD total,2020,IT.CEL.SETS.P2,102.5
IBT,IDA & IBRD total,2019,IT.CEL.SETS.P2,102.9
IBT,IDA & IBRD total,2018,IT.CEL.SETS.P2,100.0
IBT,IDA & IBRD total,2017,IT.CEL.SETS.P2,98.0
IBT,IDA & IBRD total,2016,IT.CEL.SETS.P2,95.7
IBT,IDA & IBRD total,2015,IT.CEL.SETS.P2,92.1
IBT,IDA & IBRD total,2014,IT.CEL.SETS.P2,91.5568489284904
IBT,IDA & IBRD total,2013,IT.CEL.SETS.P2,88.1517876718314
IBT,IDA & IBRD total,2012,IT.CEL.SETS.P2,83.1338102350563
IBT,IDA & IBRD total,2011,IT.CEL.SETS.P2,78.5672470280886
IBT,IDA & IBRD total,2010,IT.CEL.SETS.P2,70.2868560097238
IBT,IDA & IBRD total,2009,IT.CEL.SETS.P2,60.3834424585558
IBT,IDA & IBRD total,2008,IT.CEL.SETS.P2,51.2337399589212
IBT,IDA & IBRD total,2007,IT.CEL.SETS.P2,41.1614313945032
IBT,IDA & IBRD total,2006,IT.CEL.SETS.P2,32.2505184683296
IBT,IDA & IBRD total,2005,IT.CEL.SETS.P2,24.2348780569147
IDB,IDA blend,2025,IT.CEL.SETS.P2,84.2
IDB,IDA blend,2024,IT.CEL.SETS.P2,88.2
IDB,IDA blend,2023,IT.CEL.SETS.P2,95.3
IDB,IDA blend,2022,IT.CEL.SETS.P2,95.5
IDB,IDA blend,2021,IT.CEL.SETS.P2,90.9
IDB,IDA blend,2020,IT.CEL.SETS.P2,90.4
IDB,IDA blend,2019,IT.CEL.SETS.P2,83.2
IDB,IDA blend,2018,IT.CEL.SETS.P2,77.5
IDB,IDA blend,2017,IT.CEL.SETS.P2,71.9
IDB,IDA blend,2016,IT.CEL.SETS.P2,72.2
IDB,IDA blend,2015,IT.CEL.SETS.P2,70.3
IDB,IDA blend,2014,IT.CEL.SETS.P2,71.72230796601
IDB,IDA blend,2013,IT.CEL.SETS.P2,68.7478976405231
IDB,IDA blend,2012,IT.CEL.SETS.P2,64.4032970929657
IDB,IDA blend,2011,IT.CEL.SETS.P2,59.015926057032
IDB,IDA blend,2010,IT.CEL.SETS.P2,54.2239442475053
IDB,IDA blend,2009,IT.CEL.SETS.P2,48.2784440451765
IDB,IDA blend,2008,IT.CEL.SETS.P2,42.5434369099523
IDB,IDA blend,2007,IT.CEL.SETS.P2,29.2929927368177
IDB,IDA blend,2006,IT.CEL.SETS.P2,19.2141195765538
IDB,IDA blend,2005,IT.CEL.SETS.P2,9.76353601605516
IDX,IDA only,2025,IT.CEL.SETS.P2,88.6
IDX,IDA only,2024,IT.CEL.SETS.P2,86.0
IDX,IDA only,2023,IT.CEL.SETS.P2,84.1
IDX,IDA only,2022,IT.CEL.SETS.P2,81.8
IDX,IDA only,2021,IT.CEL.SETS.P2,80.9
IDX,IDA only,2020,IT.CEL.SETS.P2,78.6
IDX,IDA only,2019,IT.CEL.SETS.P2,78.9
IDX,IDA only,2018,IT.CEL.SETS.P2,75.9
IDX,IDA only,2017,IT.CEL.SETS.P2,72.9
IDX,IDA only,2016,IT.CEL.SETS.P2,71.5
IDX,IDA only,2015,IT.CEL.SETS.P2,70.9
IDX,IDA only,2014,IT.CEL.SETS.P2,66.7509255936279
IDX,IDA only,2013,IT.CEL.SETS.P2,59.5214160305245
IDX,IDA only,2012,IT.CEL.SETS.P2,52.5864249659697
IDX,IDA only,2011,IT.CEL.SETS.P2,46.388230615276
IDX,IDA only,2010,IT.CEL.SETS.P2,38.1705993956417
IDX,IDA only,2009,IT.CEL.SETS.P2,31.3732022859772
IDX,IDA only,2008,IT.CEL.SETS.P2,25.1911243170351
IDX,IDA only,2007,IT.CEL.SETS.P2,17.7595098647056
IDX,IDA only,2006,IT.CEL.SETS.P2,11.175383830475
IDX,IDA only,2005,IT.CEL.SETS.P2,6.19644792548703
IDA,IDA total,2025,IT.CEL.SETS.P2,87.1
IDA,IDA total,2024,IT.CEL.SETS.P2,86.7
IDA,IDA total,2023,IT.CEL.SETS.P2,88.0
IDA,IDA total,2022,IT.CEL.SETS.P2,86.6
IDA,IDA total,2021,IT.CEL.SETS.P2,84.4
IDA,IDA total,2020,IT.CEL.SETS.P2,82.8
IDA,IDA total,2019,IT.CEL.SETS.P2,80.4
IDA,IDA total,2018,IT.CEL.SETS.P2,76.5
IDA,IDA total,2017,IT.CEL.SETS.P2,72.5
IDA,IDA total,2016,IT.CEL.SETS.P2,71.8
IDA,IDA total,2015,IT.CEL.SETS.P2,70.7
IDA,IDA total,2014,IT.CEL.SETS.P2,68.4201592373232
IDA,IDA total,2013,IT.CEL.SETS.P2,62.6214216477954
IDA,IDA total,2012,IT.CEL.SETS.P2,56.5582401749286
IDA,IDA total,2011,IT.CEL.SETS.P2,50.6339626108806
IDA,IDA total,2010,IT.CEL.SETS.P2,43.5583347473519
IDA,IDA total,2009,IT.CEL.SETS.P2,37.0796442317263
IDA,IDA total,2008,IT.CEL.SETS.P2,31.0400857878706
IDA,IDA total,2007,IT.CEL.SETS.P2,21.6422678475188
IDA,IDA total,2006,IT.CEL.SETS.P2,13.912991270452
IDA,IDA total,2005,IT.CEL.SETS.P2,7.40242836400794
LTE,Late-demographic dividend,2022,IT.CEL.SETS.P2,126.745828074436
LTE,Late-demographic dividend,2021,IT.CEL.SETS.P2,125.812134493348
LTE,Late-demographic dividend,2020,IT.CEL.SETS.P2,123.572144960936
LTE,Late-demographic dividend,2019,IT.CEL.SETS.P2,125.404898376046
LTE,Late-demographic dividend,2018,IT.CEL.SETS.P2,122.711163672734
LTE,Late-demographic dividend,2017,IT.CEL.SETS.P2,113.603401335573
LTE,Late-demographic dividend,2016,IT.CEL.SETS.P2,110.460057411029
LTE,Late-demographic dividend,2015,IT.CEL.SETS.P2,107.639948940905
LTE,Late-demographic dividend,2014,IT.CEL.SETS.P2,109.212583160761
LTE,Late-demographic dividend,2013,IT.CEL.SETS.P2,105.492296388357
LTE,Late-demographic dividend,2012,IT.CEL.SETS.P2,98.6995505578557
LTE,Late-demographic dividend,2011,IT.CEL.SETS.P2,91.0566056827835
LTE,Late-demographic dividend,2010,IT.CEL.SETS.P2,83.3696823012748
LTE,Late-demographic dividend,2009,IT.CEL.SETS.P2,74.7709324228179
LTE,Late-demographic dividend,2008,IT.CEL.SETS.P2,65.6164325396086
LTE,Late-demographic dividend,2007,IT.CEL.SETS.P2,55.4748933121573
LTE,Late-demographic dividend,2006,IT.CEL.SETS.P2,45.9252875612226
LTE,Late-demographic dividend,2005,IT.CEL.SETS.P2,38.1112955188625
LCN,Latin America & Caribbean,2025,IT.CEL.SETS.P2,116.8
LCN,Latin America & Caribbean,2024,IT.CEL.SETS.P2,114.6
LCN,Latin America & Caribbean,2023,IT.CEL.SETS.P2,112.6
LCN,Latin America & Caribbean,2022,IT.CEL.SETS.P2,109.9
LCN,Latin America & Caribbean,2021,IT.CEL.SETS.P2,108.7
LCN,Latin America & Caribbean,2020,IT.CEL.SETS.P2,102.8
LCN,Latin America & Caribbean,2019,IT.CEL.SETS.P2,103.3
LCN,Latin America & Caribbean,2018,IT.CEL.SETS.P2,105.7
LCN,Latin America & Caribbean,2017,IT.CEL.SETS.P2,107.3
LCN,Latin America & Caribbean,2016,IT.CEL.SETS.P2,110.6
LCN,Latin America & Caribbean,2015,IT.CEL.SETS.P2,112.2
LCN,Latin America & Caribbean,2014,IT.CEL.SETS.P2,115.733159375779
LCN,Latin America & Caribbean,2013,IT.CEL.SETS.P2,116.169353512972
LCN,Latin America & Caribbean,2012,IT.CEL.SETS.P2,110.522665838666
LCN,Latin America & Caribbean,2011,IT.CEL.SETS.P2,105.949680024152
LCN,Latin America & Caribbean,2010,IT.CEL.SETS.P2,97.2901114505863
LCN,Latin America & Caribbean,2009,IT.CEL.SETS.P2,88.246738255931
LCN,Latin America & Caribbean,2008,IT.CEL.SETS.P2,79.9377842650537
LCN,Latin America & Caribbean,2007,IT.CEL.SETS.P2,67.1288562830228
LCN,Latin America & Caribbean,2006,IT.CEL.SETS.P2,54.4247414285209
LCN,Latin America & Caribbean,2005,IT.CEL.SETS.P2,43.2504190012727
LAC,Latin America & Caribbean (excluding high income),2025,IT.CEL.SETS.P2,117.7
LAC,Latin America & Caribbean (excluding high income),2024,IT.CEL.SETS.P2,115.3
LAC,Latin America & Caribbean (excluding high income),2023,IT.CEL.SETS.P2,113.0
LAC,Latin America & Caribbean (excluding high income),2022,IT.CEL.SETS.P2,110.4
LAC,Latin America & Caribbean (excluding high income),2021,IT.CEL.SETS.P2,109.3
LAC,Latin America & Caribbean (excluding high income),2020,IT.CEL.SETS.P2,103.2
LAC,Latin America & Caribbean (excluding high income),2019,IT.CEL.SETS.P2,102.935203569244
LAC,Latin America & Caribbean (excluding high income),2018,IT.CEL.SETS.P2,105.416355456367
LAC,Latin America & Caribbean (excluding high income),2017,IT.CEL.SETS.P2,106.979795909807
LAC,Latin America & Caribbean (excluding high income),2016,IT.CEL.SETS.P2,110.176580106195
LAC,Latin America & Caribbean (excluding high income),2015,IT.CEL.SETS.P2,111.560790966133
LAC,Latin America & Caribbean (excluding high income),2014,IT.CEL.SETS.P2,115.408389845873
LAC,Latin America & Caribbean (excluding high income),2013,IT.CEL.SETS.P2,115.906380620695
LAC,Latin America & Caribbean (excluding high income),2012,IT.CEL.SETS.P2,109.554456601308
LAC,Latin America & Caribbean (excluding high income),2011,IT.CEL.SETS.P2,104.920564364021
LAC,Latin America & Caribbean (excluding high income),2010,IT.CEL.SETS.P2,95.8477361945935
LAC,Latin America & Caribbean (excluding high income),2009,IT.CEL.SETS.P2,86.5155792910076
LAC,Latin America & Caribbean (excluding high income),2008,IT.CEL.SETS.P2,78.2100193459782
LAC,Latin America & Caribbean (excluding high income),2007,IT.CEL.SETS.P2,65.0535400505168
LAC,Latin America & Caribbean (excluding high income),2006,IT.CEL.SETS.P2,52.5047297718977
LAC,Latin America & Caribbean (excluding high income),2005,IT.CEL.SETS.P2,42.1283908796484
TLA,Latin America & the Caribbean (IDA & IBRD countries),2025,IT.CEL.SETS.P2,117.5
TLA,Latin America & the Caribbean (IDA & IBRD countries),2024,IT.CEL.SETS.P2,115.3
TLA,Latin America & the Caribbean (IDA & IBRD countries),2023,IT.CEL.SETS.P2,113.2
TLA,Latin America & the Caribbean (IDA & IBRD countries),2022,IT.CEL.SETS.P2,110.6
TLA,Latin America & the Caribbean (IDA & IBRD countries),2021,IT.CEL.SETS.P2,109.5
TLA,Latin America & the Caribbean (IDA & IBRD countries),2020,IT.CEL.SETS.P2,103.6
TLA,Latin America & the Caribbean (IDA & IBRD countries),2019,IT.CEL.SETS.P2,104.1
TLA,Latin America & the Caribbean (IDA & IBRD countries),2018,IT.CEL.SETS.P2,106.8
TLA,Latin America & the Caribbean (IDA & IBRD countries),2017,IT.CEL.SETS.P2,108.5
TLA,Latin America & the Caribbean (IDA & IBRD countries),2016,IT.CEL.SETS.P2,112.1
TLA,Latin America & the Caribbean (IDA & IBRD countries),2015,IT.CEL.SETS.P2,113.9
TLA,Latin America & the Caribbean (IDA & IBRD countries),2014,IT.CEL.SETS.P2,117.662118244664
TLA,Latin America & the Caribbean (IDA & IBRD countries),2013,IT.CEL.SETS.P2,118.251030266306
TLA,Latin America & the Caribbean (IDA & IBRD countries),2012,IT.CEL.SETS.P2,112.534194535657
TLA,Latin America & the Caribbean (IDA & IBRD countries),2011,IT.CEL.SETS.P2,107.926713897609
TLA,Latin America & the Caribbean (IDA & IBRD countries),2010,IT.CEL.SETS.P2,99.1116952270899
TLA,Latin America & the Caribbean (IDA & IBRD countries),2009,IT.CEL.SETS.P2,89.9574030186632
TLA,Latin America & the Caribbean (IDA & IBRD countries),2008,IT.CEL.SETS.P2,81.538039521488
TLA,Latin America & the Caribbean (IDA & IBRD countries),2007,IT.CEL.SETS.P2,68.4306798386611
TLA,Latin America & the Caribbean (IDA & IBRD countries),2006,IT.CEL.SETS.P2,55.4574652974779
TLA,Latin America & the Caribbean (IDA & IBRD countries),2005,IT.CEL.SETS.P2,44.0167732097791
LDC,Least developed countries: UN classification,2025,IT.CEL.SETS.P2,86.3
LDC,Least developed countries: UN classification,2024,IT.CEL.SETS.P2,83.9
LDC,Least developed countries: UN classification,2023,IT.CEL.SETS.P2,82.2
LDC,Least developed countries: UN classification,2022,IT.CEL.SETS.P2,78.7
LDC,Least developed countries: UN classification,2021,IT.CEL.SETS.P2,77.4
LDC,Least developed countries: UN classification,2020,IT.CEL.SETS.P2,75.0
LDC,Least developed countries: UN classification,2019,IT.CEL.SETS.P2,73.8109656936553
LDC,Least developed countries: UN classification,2018,IT.CEL.SETS.P2,75.3630550960803
LDC,Least developed countries: UN classification,2017,IT.CEL.SETS.P2,67.4699596052071
LDC,Least developed countries: UN classification,2016,IT.CEL.SETS.P2,66.7254164006605
LDC,Least developed countries: UN classification,2015,IT.CEL.SETS.P2,66.729249904803
LDC,Least developed countries: UN classification,2014,IT.CEL.SETS.P2,62.2774141922594
LDC,Least developed countries: UN classification,2013,IT.CEL.SETS.P2,55.17906224701
LDC,Least developed countries: UN classification,2012,IT.CEL.SETS.P2,48.0521941787212
LDC,Least developed countries: UN classification,2011,IT.CEL.SETS.P2,41.7915222727001
LDC,Least developed countries: UN classification,2010,IT.CEL.SETS.P2,33.1545800353652
LDC,Least developed countries: UN classification,2009,IT.CEL.SETS.P2,26.5257668707917
LDC,Least developed countries: UN classification,2008,IT.CEL.SETS.P2,21.698199568607
LDC,Least developed countries: UN classification,2007,IT.CEL.SETS.P2,15.1148302667501
LDC,Least developed countries: UN classification,2006,IT.CEL.SETS.P2,9.15105115648205
LDC,Least developed countries: UN classification,2005,IT.CEL.SETS.P2,5.00410616536379
LMY,Low & middle income,2022,IT.CEL.SETS.P2,104.401559003568
LMY,Low & middle income,2021,IT.CEL.SETS.P2,103.023535265877
LMY,Low & middle income,2020,IT.CEL.SETS.P2,101.296663699881
LMY,Low & middle income,2019,IT.CEL.SETS.P2,101.585315512496
LMY,Low & middle income,2018,IT.CEL.SETS.P2,100.365686483195
LMY,Low & middle income,2017,IT.CEL.SETS.P2,96.6111318192515
LMY,Low & middle income,2016,IT.CEL.SETS.P2,93.8812825625047
LMY,Low & middle income,2015,IT.CEL.SETS.P2,90.0920125062044
LMY,Low & middle income,2014,IT.CEL.SETS.P2,88.8003798817614
LMY,Low & middle income,2013,IT.CEL.SETS.P2,85.2345860142252
LMY,Low & middle income,2012,IT.CEL.SETS.P2,80.1722559632734
LMY,Low & middle income,2011,IT.CEL.SETS.P2,75.5408547565946
LMY,Low & middle income,2010,IT.CEL.SETS.P2,66.3634019887003
LMY,Low & middle income,2009,IT.CEL.SETS.P2,56.193657931565
LMY,Low & middle income,2008,IT.CEL.SETS.P2,47.2679641379077
LMY,Low & middle income,2007,IT.CEL.SETS.P2,37.4662544034357
LMY,Low & middle income,2006,IT.CEL.SETS.P2,28.860015511121
LMY,Low & middle income,2005,IT.CEL.SETS.P2,21.4836481536106
,Low income,2025,IT.CEL.SETS.P2,69.3
,Low income,2024,IT.CEL.SETS.P2,67.0
,Low income,2023,IT.CEL.SETS.P2,65.2
,Low income,2022,IT.CEL.SETS.P2,62.5
,Low income,2021,IT.CEL.SETS.P2,60.2
,Low income,2020,IT.CEL.SETS.P2,58.0
,Low income,2019,IT.CEL.SETS.P2,52.3
,Low income,2018,IT.CEL.SETS.P2,50.6
,Low income,2017,IT.CEL.SETS.P2,50.7
,Low income,2016,IT.CEL.SETS.P2,50.8
,Low income,2015,IT.CEL.SETS.P2,52.7
,Lower middle income,2025,IT.CEL.SETS.P2,89.9
,Lower middle income,2024,IT.CEL.SETS.P2,90.9
,Lower middle income,2023,IT.CEL.SETS.P2,92.8
,Lower middle income,2022,IT.CEL.SETS.P2,93.6
,Lower middle income,2021,IT.CEL.SETS.P2,92.8
,Lower middle income,2020,IT.CEL.SETS.P2,92.9
,Lower middle income,2019,IT.CEL.SETS.P2,92.4
,Lower middle income,2018,IT.CEL.SETS.P2,90.7
,Lower middle income,2017,IT.CEL.SETS.P2,88.1
,Lower middle income,2016,IT.CEL.SETS.P2,86.6
,Lower middle income,2015,IT.CEL.SETS.P2,81.8
MEA,"Middle East, North Africa, Afghanistan & Pakistan",2025,IT.CEL.SETS.P2,107.1
MEA,"Middle East, North Africa, Afghanistan & Pakistan",2024,IT.CEL.SETS.P2,104.6
MEA,"Middle East, North Africa, Afghanistan & Pakistan",2023,IT.CEL.SETS.P2,102.4
MEA,"Middle East, North Africa, Afghanistan & Pakistan",2022,IT.CEL.SETS.P2,101.5
MEA,"Middle East, North Africa, Afghanistan & Pakistan",2021,IT.CEL.SETS.P2,98.3
MEA,"Middle East, North Africa, Afghanistan & Pakistan",2020,IT.CEL.SETS.P2,95.4
MEA,"Middle East, North Africa, Afghanistan & Pakistan",2019,IT.CEL.SETS.P2,107.8
MEA,"Middle East, North Africa, Afghanistan & Pakistan",2018,IT.CEL.SETS.P2,102.2
MEA,"Middle East, North Africa, Afghanistan & Pakistan",2017,IT.CEL.SETS.P2,103.1
MEA,"Middle East, North Africa, Afghanistan & Pakistan",2016,IT.CEL.SETS.P2,104.0
MEA,"Middle East, North Africa, Afghanistan & Pakistan",2015,IT.CEL.SETS.P2,105.2
MEA,"Middle East, North Africa, Afghanistan & Pakistan",2014,IT.CEL.SETS.P2,105.791394455761
MEA,"Middle East, North Africa, Afghanistan & Pakistan",2013,IT.CEL.SETS.P2,105.500544173396
MEA,"Middle East, North Africa, Afghanistan & Pakistan",2012,IT.CEL.SETS.P2,100.330061035009
MEA,"Middle East, North Africa, Afghanistan & Pakistan",2011,IT.CEL.SETS.P2,95.4179191054657
MEA,"Middle East, North Africa, Afghanistan & Pakistan",2010,IT.CEL.SETS.P2,88.9876337825002
MEA,"Middle East, North Africa, Afghanistan & Pakistan",2009,IT.CEL.SETS.P2,79.3522647067203
MEA,"Middle East, North Africa, Afghanistan & Pakistan",2008,IT.CEL.SETS.P2,66.1603833132913
MEA,"Middle East, North Africa, Afghanistan & Pakistan",2007,IT.CEL.SETS.P2,54.7290717240626
MEA,"Middle East, North Africa, Afghanistan & Pakistan",2006,IT.CEL.SETS.P2,39.6410396985552
MEA,"Middle East, North Africa, Afghanistan & Pakistan",2005,IT.CEL.SETS.P2,27.7429051333543
MNA,"Middle East, North Africa, Afghanistan & Pakistan (excluding high income)",2025,IT.CEL.SETS.P2,101.0
MNA,"Middle East, North Africa, Afghanistan & Pakistan (excluding high income)",2024,IT.CEL.SETS.P2,98.8
MNA,"Middle East, North Africa, Afghanistan & Pakistan (excluding high income)",2023,IT.CEL.SETS.P2,96.9
MNA,"Middle East, North Africa, Afghanistan & Pakistan (excluding high income)",2022,IT.CEL.SETS.P2,96.4
MNA,"Middle East, North Africa, Afghanistan & Pakistan (excluding high income)",2021,IT.CEL.SETS.P2,93.7
MNA,"Middle East, North Africa, Afghanistan & Pakistan (excluding high income)",2020,IT.CEL.SETS.P2,90.6
MNA,"Middle East, North Africa, Afghanistan & Pakistan (excluding high income)",2019,IT.CEL.SETS.P2,103.172035341985
MNA,"Middle East, North Africa, Afghanistan & Pakistan (excluding high income)",2018,IT.CEL.SETS.P2,95.8594616996784
MNA,"Middle East, North Africa, Afghanistan & Pakistan (excluding high income)",2017,IT.CEL.SETS.P2,97.6525656662388
MNA,"Middle East, North Africa, Afghanistan & Pakistan (excluding high income)",2016,IT.CEL.SETS.P2,96.0686374623559
MNA,"Middle East, North Africa, Afghanistan & Pakistan (excluding high income)",2015,IT.CEL.SETS.P2,96.2206990904959
MNA,"Middle East, North Africa, Afghanistan & Pakistan (excluding high income)",2014,IT.CEL.SETS.P2,96.3740334245713
MNA,"Middle East, North Africa, Afghanistan & Pakistan (excluding high income)",2013,IT.CEL.SETS.P2,96.0326262638413
MNA,"Middle East, North Africa, Afghanistan & Pakistan (excluding high income)",2012,IT.CEL.SETS.P2,90.8142555262051
MNA,"Middle East, North Africa, Afghanistan & Pakistan (excluding high income)",2011,IT.CEL.SETS.P2,85.2055262103891
MNA,"Middle East, North Africa, Afghanistan & Pakistan (excluding high income)",2010,IT.CEL.SETS.P2,78.5496557277396
MNA,"Middle East, North Africa, Afghanistan & Pakistan (excluding high income)",2009,IT.CEL.SETS.P2,69.4903241554121
MNA,"Middle East, North Africa, Afghanistan & Pakistan (excluding high income)",2008,IT.CEL.SETS.P2,57.2877757760399
MNA,"Middle East, North Africa, Afghanistan & Pakistan (excluding high income)",2007,IT.CEL.SETS.P2,46.7278196138014
MNA,"Middle East, North Africa, Afghanistan & Pakistan (excluding high income)",2006,IT.CEL.SETS.P2,32.9875617191202
MNA,"Middle East, North Africa, Afghanistan & Pakistan (excluding high income)",2005,IT.CEL.SETS.P2,21.579764144396
TMN,"Middle East, North Africa, Afghanistan & Pakistan (IDA & IBRD)",2025,IT.CEL.SETS.P2,101.1
TMN,"Middle East, North Africa, Afghanistan & Pakistan (IDA & IBRD)",2024,IT.CEL.SETS.P2,99.0
TMN,"Middle East, North Africa, Afghanistan & Pakistan (IDA & IBRD)",2023,IT.CEL.SETS.P2,97.0
TMN,"Middle East, North Africa, Afghanistan & Pakistan (IDA & IBRD)",2022,IT.CEL.SETS.P2,96.5
TMN,"Middle East, North Africa, Afghanistan & Pakistan (IDA & IBRD)",2021,IT.CEL.SETS.P2,93.8
TMN,"Middle East, North Africa, Afghanistan & Pakistan (IDA & IBRD)",2020,IT.CEL.SETS.P2,90.7
TMN,"Middle East, North Africa, Afghanistan & Pakistan (IDA & IBRD)",2019,IT.CEL.SETS.P2,101.8
TMN,"Middle East, North Africa, Afghanistan & Pakistan (IDA & IBRD)",2018,IT.CEL.SETS.P2,95.0
TMN,"Middle East, North Africa, Afghanistan & Pakistan (IDA & IBRD)",2017,IT.CEL.SETS.P2,96.3
TMN,"Middle East, North Africa, Afghanistan & Pakistan (IDA & IBRD)",2016,IT.CEL.SETS.P2,94.8
TMN,"Middle East, North Africa, Afghanistan & Pakistan (IDA & IBRD)",2015,IT.CEL.SETS.P2,94.9
TMN,"Middle East, North Africa, Afghanistan & Pakistan (IDA & IBRD)",2014,IT.CEL.SETS.P2,96.666101641677
TMN,"Middle East, North Africa, Afghanistan & Pakistan (IDA & IBRD)",2013,IT.CEL.SETS.P2,96.3030911371994
TMN,"Middle East, North Africa, Afghanistan & Pakistan (IDA & IBRD)",2012,IT.CEL.SETS.P2,91.0179340883458
TMN,"Middle East, North Africa, Afghanistan & Pakistan (IDA & IBRD)",2011,IT.CEL.SETS.P2,85.3937365970812
TMN,"Middle East, North Africa, Afghanistan & Pakistan (IDA & IBRD)",2010,IT.CEL.SETS.P2,78.7211620411818
TMN,"Middle East, North Africa, Afghanistan & Pakistan (IDA & IBRD)",2009,IT.CEL.SETS.P2,69.7757784126744
TMN,"Middle East, North Africa, Afghanistan & Pakistan (IDA & IBRD)",2008,IT.CEL.SETS.P2,57.5618085377433
TMN,"Middle East, North Africa, Afghanistan & Pakistan (IDA & IBRD)",2007,IT.CEL.SETS.P2,46.9567718993274
TMN,"Middle East, North Africa, Afghanistan & Pakistan (IDA & IBRD)",2006,IT.CEL.SETS.P2,33.1103866091259
TMN,"Middle East, North Africa, Afghanistan & Pakistan (IDA & IBRD)",2005,IT.CEL.SETS.P2,21.6460302476208
MIC,Middle income,2022,IT.CEL.SETS.P2,108.260864694504
MIC,Middle income,2021,IT.CEL.SETS.P2,108.170552432744
MIC,Middle income,2020,IT.CEL.SETS.P2,106.600308165132
MIC,Middle income,2019,IT.CEL.SETS.P2,107.095305221948
MIC,Middle income,2018,IT.CEL.SETS.P2,103.839322872039
MIC,Middle income,2017,IT.CEL.SETS.P2,101.573546820726
MIC,Middle income,2016,IT.CEL.SETS.P2,98.4606788890971
MIC,Middle income,2015,IT.CEL.SETS.P2,94.00161271887
MIC,Middle income,2014,IT.CEL.SETS.P2,92.8185660062634
MIC,Middle income,2013,IT.CEL.SETS.P2,89.4312868231915
MIC,Middle income,2012,IT.CEL.SETS.P2,84.432304165103
MIC,Middle income,2011,IT.CEL.SETS.P2,79.7622794036567
MIC,Middle income,2010,IT.CEL.SETS.P2,70.3029330421758
MIC,Middle income,2009,IT.CEL.SETS.P2,59.5126235816307
MIC,Middle income,2008,IT.CEL.SETS.P2,50.1013228653286
MIC,Middle income,2007,IT.CEL.SETS.P2,39.883402063001
MIC,Middle income,2006,IT.CEL.SETS.P2,30.8177145265412
MIC,Middle income,2005,IT.CEL.SETS.P2,23.0047769614903
NAC,North America,2025,IT.CEL.SETS.P2,112.0
NAC,North America,2024,IT.CEL.SETS.P2,111.2
NAC,North America,2023,IT.CEL.SETS.P2,110.5
NAC,North America,2022,IT.CEL.SETS.P2,107.0
NAC,North America,2021,IT.CEL.SETS.P2,104.4
NAC,North America,2020,IT.CEL.SETS.P2,101.9
NAC,North America,2019,IT.CEL.SETS.P2,103.9
NAC,North America,2018,IT.CEL.SETS.P2,102.4
NAC,North America,2017,IT.CEL.SETS.P2,100.8
NAC,North America,2016,IT.CEL.SETS.P2,100.9
NAC,North America,2015,IT.CEL.SETS.P2,99.9
NAC,North America,2014,IT.CEL.SETS.P2,98.3059011964548
NAC,North America,2013,IT.CEL.SETS.P2,95.6699687771596
NAC,North America,2012,IT.CEL.SETS.P2,94.6620949888782
NAC,North America,2011,IT.CEL.SETS.P2,93.1200087736564
NAC,North America,2010,IT.CEL.SETS.P2,90.0993211931461
NAC,North America,2009,IT.CEL.SETS.P2,87.1439649192966
NAC,North America,2008,IT.CEL.SETS.P2,83.6256570102379
NAC,North America,2007,IT.CEL.SETS.P2,80.331037287783
NAC,North America,2006,IT.CEL.SETS.P2,74.7436922653599
NAC,North America,2005,IT.CEL.SETS.P2,67.0783557060801
OED,OECD members,2022,IT.CEL.SETS.P2,122.304805090448
OED,OECD members,2021,IT.CEL.SETS.P2,119.661730921855
OED,OECD members,2020,IT.CEL.SETS.P2,116.846970739129
OED,OECD members,2019,IT.CEL.SETS.P2,116.859199303601
OED,OECD members,2018,IT.CEL.SETS.P2,115.711339697942
OED,OECD members,2017,IT.CEL.SETS.P2,114.135901730199
OED,OECD members,2016,IT.CEL.SETS.P2,113.057251683705
OED,OECD members,2015,IT.CEL.SETS.P2,111.741218539477
OED,OECD members,2014,IT.CEL.SETS.P2,111.134001241857
OED,OECD members,2013,IT.CEL.SETS.P2,109.860365426311
OED,OECD members,2012,IT.CEL.SETS.P2,108.02174226665
OED,OECD members,2011,IT.CEL.SETS.P2,105.327654279507
OED,OECD members,2010,IT.CEL.SETS.P2,101.847002441074
OED,OECD members,2009,IT.CEL.SETS.P2,100.336488554697
OED,OECD members,2008,IT.CEL.SETS.P2,98.5550259938278
OED,OECD members,2007,IT.CEL.SETS.P2,94.0661845604868
OED,OECD members,2006,IT.CEL.SETS.P2,86.1289645644289
OED,OECD members,2005,IT.CEL.SETS.P2,78.2699707143541
OSS,Other small states,2022,IT.CEL.SETS.P2,124.936732236042
OSS,Other small states,2021,IT.CEL.SETS.P2,122.10410369102
OSS,Other small states,2020,IT.CEL.SETS.P2,116.366309924558
OSS,Other small states,2019,IT.CEL.SETS.P2,117.370650821352
OSS,Other small states,2018,IT.CEL.SETS.P2,118.780029723513
OSS,Other small states,2017,IT.CEL.SETS.P2,121.103732971592
OSS,Other small states,2016,IT.CEL.SETS.P2,124.52921788017
OSS,Other small states,2015,IT.CEL.SETS.P2,118.172675066158
OSS,Other small states,2014,IT.CEL.SETS.P2,115.21881398748
OSS,Other small states,2013,IT.CEL.SETS.P2,106.16248209414
OSS,Other small states,2012,IT.CEL.SETS.P2,103.94594950375
OSS,Other small states,2011,IT.CEL.SETS.P2,96.8439407952832
OSS,Other small states,2010,IT.CEL.SETS.P2,90.0510637351942
OSS,Other small states,2009,IT.CEL.SETS.P2,84.4641371883346
OSS,Other small states,2008,IT.CEL.SETS.P2,79.9673526850011
OSS,Other small states,2007,IT.CEL.SETS.P2,69.3222469111689
OSS,Other small states,2006,IT.CEL.SETS.P2,59.4407603430946
OSS,Other small states,2005,IT.CEL.SETS.P2,51.3573094003636
PSS,Pacific island small states,2021,IT.CEL.SETS.P2,76.1797159429208
PSS,Pacific island small states,2020,IT.CEL.SETS.P2,77.0756422471147
PSS,Pacific island small states,2019,IT.CEL.SETS.P2,81.0742061939604
PSS,Pacific island small states,2018,IT.CEL.SETS.P2,86.8609752052671
PSS,Pacific island small states,2017,IT.CEL.SETS.P2,83.6290582383162
PSS,Pacific island small states,2016,IT.CEL.SETS.P2,83.781590361882
PSS,Pacific island small states,2015,IT.CEL.SETS.P2,77.2484130709622
PSS,Pacific island small states,2014,IT.CEL.SETS.P2,72.2805965843785
PSS,Pacific island small states,2013,IT.CEL.SETS.P2,69.5236648334447
PSS,Pacific island small states,2012,IT.CEL.SETS.P2,66.9014779275342
PSS,Pacific island small states,2011,IT.CEL.SETS.P2,60.6118982077145
PSS,Pacific island small states,2010,IT.CEL.SETS.P2,52.8508394409988
PSS,Pacific island small states,2009,IT.CEL.SETS.P2,45.8526566668153
PSS,Pacific island small states,2008,IT.CEL.SETS.P2,38.11040366351
PSS,Pacific island small states,2007,IT.CEL.SETS.P2,34.2380999316119
PSS,Pacific island small states,2006,IT.CEL.SETS.P2,19.272443863737
PSS,Pacific island small states,2005,IT.CEL.SETS.P2,13.8876801442142
PST,Post-demographic dividend,2022,IT.CEL.SETS.P2,124.353057874527
PST,Post-demographic dividend,2021,IT.CEL.SETS.P2,122.464288181858
PST,Post-demographic dividend,2020,IT.CEL.SETS.P2,120.082259897927
PST,Post-demographic dividend,2019,IT.CEL.SETS.P2,120.325840291568
PST,Post-demographic dividend,2018,IT.CEL.SETS.P2,118.571319766921
PST,Post-demographic dividend,2017,IT.CEL.SETS.P2,117.106881888307
PST,Post-demographic dividend,2016,IT.CEL.SETS.P2,115.999792347336
PST,Post-demographic dividend,2015,IT.CEL.SETS.P2,114.828386879561
PST,Post-demographic dividend,2014,IT.CEL.SETS.P2,114.286565073617
PST,Post-demographic dividend,2013,IT.CEL.SETS.P2,112.76243350235
PST,Post-demographic dividend,2012,IT.CEL.SETS.P2,111.020343445871
PST,Post-demographic dividend,2011,IT.CEL.SETS.P2,108.610353256758
PST,Post-demographic dividend,2010,IT.CEL.SETS.P2,105.077941509801
PST,Post-demographic dividend,2009,IT.CEL.SETS.P2,104.363507161515
PST,Post-demographic dividend,2008,IT.CEL.SETS.P2,102.401180455108
PST,Post-demographic dividend,2007,IT.CEL.SETS.P2,98.5898421898302
PST,Post-demographic dividend,2006,IT.CEL.SETS.P2,90.7729189218259
PST,Post-demographic dividend,2005,IT.CEL.SETS.P2,82.2579375580194
PRE,Pre-demographic dividend,2022,IT.CEL.SETS.P2,86.7805674982389
PRE,Pre-demographic dividend,2021,IT.CEL.SETS.P2,80.385516649546
PRE,Pre-demographic dividend,2020,IT.CEL.SETS.P2,79.9650119592337
PRE,Pre-demographic dividend,2019,IT.CEL.SETS.P2,75.7454289641895
PRE,Pre-demographic dividend,2018,IT.CEL.SETS.P2,73.3848389949006
PRE,Pre-demographic dividend,2017,IT.CEL.SETS.P2,68.6060228997526
PRE,Pre-demographic dividend,2016,IT.CEL.SETS.P2,68.1425805185222
PRE,Pre-demographic dividend,2015,IT.CEL.SETS.P2,70.6630939187647
PRE,Pre-demographic dividend,2014,IT.CEL.SETS.P2,67.2061877134112
PRE,Pre-demographic dividend,2013,IT.CEL.SETS.P2,62.2634245845749
PRE,Pre-demographic dividend,2012,IT.CEL.SETS.P2,56.3206961353067
PRE,Pre-demographic dividend,2011,IT.CEL.SETS.P2,50.8485010353161
PRE,Pre-demographic dividend,2010,IT.CEL.SETS.P2,44.1600641926314
PRE,Pre-demographic dividend,2009,IT.CEL.SETS.P2,37.7857805479012
PRE,Pre-demographic dividend,2008,IT.CEL.SETS.P2,31.7892111676059
PRE,Pre-demographic dividend,2007,IT.CEL.SETS.P2,21.7435890983913
PRE,Pre-demographic dividend,2006,IT.CEL.SETS.P2,15.1493450214786
PRE,Pre-demographic dividend,2005,IT.CEL.SETS.P2,8.29321970533369
SST,Small states,2025,IT.CEL.SETS.P2,161.6
SST,Small states,2024,IT.CEL.SETS.P2,143.1
SST,Small states,2023,IT.CEL.SETS.P2,131.0
SST,Small states,2022,IT.CEL.SETS.P2,117.2
SST,Small states,2021,IT.CEL.SETS.P2,114.0
SST,Small states,2020,IT.CEL.SETS.P2,111.5
SST,Small states,2019,IT.CEL.SETS.P2,111.0
SST,Small states,2018,IT.CEL.SETS.P2,111.8
SST,Small states,2017,IT.CEL.SETS.P2,113.3
SST,Small states,2016,IT.CEL.SETS.P2,115.4
SST,Small states,2015,IT.CEL.SETS.P2,109.5
SST,Small states,2014,IT.CEL.SETS.P2,107.332880489191
SST,Small states,2013,IT.CEL.SETS.P2,100.503608519213
SST,Small states,2012,IT.CEL.SETS.P2,97.4350187782237
SST,Small states,2011,IT.CEL.SETS.P2,92.3152995526394
SST,Small states,2010,IT.CEL.SETS.P2,86.8401357337238
SST,Small states,2009,IT.CEL.SETS.P2,82.4715996949295
SST,Small states,2008,IT.CEL.SETS.P2,76.9035454399225
SST,Small states,2007,IT.CEL.SETS.P2,66.5656625666859
SST,Small states,2006,IT.CEL.SETS.P2,55.0857191455198
SST,Small states,2005,IT.CEL.SETS.P2,46.5733758085214
SAS,South Asia,2025,IT.CEL.SETS.P2,81.7
SAS,South Asia,2024,IT.CEL.SETS.P2,83.4
SAS,South Asia,2023,IT.CEL.SETS.P2,85.3
SAS,South Asia,2022,IT.CEL.SETS.P2,85.0
SAS,South Asia,2021,IT.CEL.SETS.P2,86.2
SAS,South Asia,2020,IT.CEL.SETS.P2,86.3
SAS,South Asia,2019,IT.CEL.SETS.P2,83.9
SAS,South Asia,2018,IT.CEL.SETS.P2,85.5
SAS,South Asia,2017,IT.CEL.SETS.P2,84.8
SAS,South Asia,2016,IT.CEL.SETS.P2,81.8
SAS,South Asia,2015,IT.CEL.SETS.P2,74.4
SAS,South Asia,2014,IT.CEL.SETS.P2,72.4889791719549
SAS,South Asia,2013,IT.CEL.SETS.P2,68.7336008576658
SAS,South Asia,2012,IT.CEL.SETS.P2,66.3926203399348
SAS,South Asia,2011,IT.CEL.SETS.P2,67.2807573132345
SAS,South Asia,2010,IT.CEL.SETS.P2,57.6291791693912
SAS,South Asia,2009,IT.CEL.SETS.P2,43.0204317955014
SAS,South Asia,2008,IT.CEL.SETS.P2,31.2158073477115
SAS,South Asia,2007,IT.CEL.SETS.P2,21.8458687959642
SAS,South Asia,2006,IT.CEL.SETS.P2,14.6325867593635
SAS,South Asia,2005,IT.CEL.SETS.P2,7.58727388098178
TSA,South Asia (IDA & IBRD),2025,IT.CEL.SETS.P2,81.7
TSA,South Asia (IDA & IBRD),2024,IT.CEL.SETS.P2,83.4
TSA,South Asia (IDA & IBRD),2023,IT.CEL.SETS.P2,85.3
TSA,South Asia (IDA & IBRD),2022,IT.CEL.SETS.P2,85.0
TSA,South Asia (IDA & IBRD),2021,IT.CEL.SETS.P2,86.2
TSA,South Asia (IDA & IBRD),2020,IT.CEL.SETS.P2,86.3
TSA,South Asia (IDA & IBRD),2019,IT.CEL.SETS.P2,83.9
TSA,South Asia (IDA & IBRD),2018,IT.CEL.SETS.P2,85.5
TSA,South Asia (IDA & IBRD),2017,IT.CEL.SETS.P2,84.8
TSA,South Asia (IDA & IBRD),2016,IT.CEL.SETS.P2,81.8
TSA,South Asia (IDA & IBRD),2015,IT.CEL.SETS.P2,74.4
TSA,South Asia (IDA & IBRD),2014,IT.CEL.SETS.P2,72.4889791719549
TSA,South Asia (IDA & IBRD),2013,IT.CEL.SETS.P2,68.7336008576658
TSA,South Asia (IDA & IBRD),2012,IT.CEL.SETS.P2,66.3926203399348
TSA,South Asia (IDA & IBRD),2011,IT.CEL.SETS.P2,67.2807573132345
TSA,South Asia (IDA & IBRD),2010,IT.CEL.SETS.P2,57.6291791693912
TSA,South Asia (IDA & IBRD),2009,IT.CEL.SETS.P2,43.0204317955014
TSA,South Asia (IDA & IBRD),2008,IT.CEL.SETS.P2,31.2158073477115
TSA,South Asia (IDA & IBRD),2007,IT.CEL.SETS.P2,21.8458687959642
TSA,South Asia (IDA & IBRD),2006,IT.CEL.SETS.P2,14.6325867593635
TSA,South Asia (IDA & IBRD),2005,IT.CEL.SETS.P2,7.58727388098178
SSF,Sub-Saharan Africa,2025,IT.CEL.SETS.P2,90.4
SSF,Sub-Saharan Africa,2024,IT.CEL.SETS.P2,89.2
SSF,Sub-Saharan Africa,2023,IT.CEL.SETS.P2,90.0
SSF,Sub-Saharan Africa,2022,IT.CEL.SETS.P2,87.6
SSF,Sub-Saharan Africa,2021,IT.CEL.SETS.P2,83.0
SSF,Sub-Saharan Africa,2020,IT.CEL.SETS.P2,80.8
SSF,Sub-Saharan Africa,2019,IT.CEL.SETS.P2,77.4
SSF,Sub-Saharan Africa,2018,IT.CEL.SETS.P2,74.4
SSF,Sub-Saharan Africa,2017,IT.CEL.SETS.P2,70.8
SSF,Sub-Saharan Africa,2016,IT.CEL.SETS.P2,71.5
SSF,Sub-Saharan Africa,2015,IT.CEL.SETS.P2,73.3
SSF,Sub-Saharan Africa,2014,IT.CEL.SETS.P2,69.3784866915021
SSF,Sub-Saharan Africa,2013,IT.CEL.SETS.P2,64.7110646670392
SSF,Sub-Saharan Africa,2012,IT.CEL.SETS.P2,58.5825096571309
SSF,Sub-Saharan Africa,2011,IT.CEL.SETS.P2,52.1634151225671
SSF,Sub-Saharan Africa,2010,IT.CEL.SETS.P2,44.0939840180983
SSF,Sub-Saharan Africa,2009,IT.CEL.SETS.P2,37.4114164834
SSF,Sub-Saharan Africa,2008,IT.CEL.SETS.P2,31.6966758556946
SSF,Sub-Saharan Africa,2007,IT.CEL.SETS.P2,23.0558320274898
SSF,Sub-Saharan Africa,2006,IT.CEL.SETS.P2,17.6782496829208
SSF,Sub-Saharan Africa,2005,IT.CEL.SETS.P2,11.9905095836555
SSA,Sub-Saharan Africa (excluding high income),2025,IT.CEL.SETS.P2,92.7
SSA,Sub-Saharan Africa (excluding high income),2024,IT.CEL.SETS.P2,91.9
SSA,Sub-Saharan Africa (excluding high income),2023,IT.CEL.SETS.P2,93.4
SSA,Sub-Saharan Africa (excluding high income),2022,IT.CEL.SETS.P2,91.0
SSA,Sub-Saharan Africa (excluding high income),2021,IT.CEL.SETS.P2,86.4
SSA,Sub-Saharan Africa (excluding high income),2020,IT.CEL.SETS.P2,85.7
SSA,Sub-Saharan Africa (excluding high income),2019,IT.CEL.SETS.P2,78.6090423405444
SSA,Sub-Saharan Africa (excluding high income),2018,IT.CEL.SETS.P2,81.1598032629882
SSA,Sub-Saharan Africa (excluding high income),2017,IT.CEL.SETS.P2,71.9143725084297
SSA,Sub-Saharan Africa (excluding high income),2016,IT.CEL.SETS.P2,72.6041910215201
SSA,Sub-Saharan Africa (excluding high income),2015,IT.CEL.SETS.P2,74.5414315139413
SSA,Sub-Saharan Africa (excluding high income),2014,IT.CEL.SETS.P2,69.3699946933716
SSA,Sub-Saharan Africa (excluding high income),2013,IT.CEL.SETS.P2,64.7032947876451
SSA,Sub-Saharan Africa (excluding high income),2012,IT.CEL.SETS.P2,58.5738313056111
SSA,Sub-Saharan Africa (excluding high income),2011,IT.CEL.SETS.P2,52.1548276219036
SSA,Sub-Saharan Africa (excluding high income),2010,IT.CEL.SETS.P2,44.0852495533227
SSA,Sub-Saharan Africa (excluding high income),2009,IT.CEL.SETS.P2,37.4023670808913
SSA,Sub-Saharan Africa (excluding high income),2008,IT.CEL.SETS.P2,31.6887777349967
SSA,Sub-Saharan Africa (excluding high income),2007,IT.CEL.SETS.P2,23.048731490492
SSA,Sub-Saharan Africa (excluding high income),2006,IT.CEL.SETS.P2,17.6710664603926
SSA,Sub-Saharan Africa (excluding high income),2005,IT.CEL.SETS.P2,11.9840725477325
TSS,Sub-Saharan Africa (IDA & IBRD countries),2025,IT.CEL.SETS.P2,90.4
TSS,Sub-Saharan Africa (IDA & IBRD countries),2024,IT.CEL.SETS.P2,89.2
TSS,Sub-Saharan Africa (IDA & IBRD countries),2023,IT.CEL.SETS.P2,90.0
TSS,Sub-Saharan Africa (IDA & IBRD countries),2022,IT.CEL.SETS.P2,87.6
TSS,Sub-Saharan Africa (IDA & IBRD countries),2021,IT.CEL.SETS.P2,83.0
TSS,Sub-Saharan Africa (IDA & IBRD countries),2020,IT.CEL.SETS.P2,80.8
TSS,Sub-Saharan Africa (IDA & IBRD countries),2019,IT.CEL.SETS.P2,77.4
TSS,Sub-Saharan Africa (IDA & IBRD countries),2018,IT.CEL.SETS.P2,74.4
TSS,Sub-Saharan Africa (IDA & IBRD countries),2017,IT.CEL.SETS.P2,70.8
TSS,Sub-Saharan Africa (IDA & IBRD countries),2016,IT.CEL.SETS.P2,71.5
TSS,Sub-Saharan Africa (IDA & IBRD countries),2015,IT.CEL.SETS.P2,73.3
TSS,Sub-Saharan Africa (IDA & IBRD countries),2014,IT.CEL.SETS.P2,69.3784866915021
TSS,Sub-Saharan Africa (IDA & IBRD countries),2013,IT.CEL.SETS.P2,64.7110646670392
TSS,Sub-Saharan Africa (IDA & IBRD countries),2012,IT.CEL.SETS.P2,58.5825096571309
TSS,Sub-Saharan Africa (IDA & IBRD countries),2011,IT.CEL.SETS.P2,52.1634151225671
TSS,Sub-Saharan Africa (IDA & IBRD countries),2010,IT.CEL.SETS.P2,44.0939840180983
TSS,Sub-Saharan Africa (IDA & IBRD countries),2009,IT.CEL.SETS.P2,37.4114164834
TSS,Sub-Saharan Africa (IDA & IBRD countries),2008,IT.CEL.SETS.P2,31.6966758556946
TSS,Sub-Saharan Africa (IDA & IBRD countries),2007,IT.CEL.SETS.P2,23.0558320274898
TSS,Sub-Saharan Africa (IDA & IBRD countries),2006,IT.CEL.SETS.P2,17.6782496829208
TSS,Sub-Saharan Africa (IDA & IBRD countries),2005,IT.CEL.SETS.P2,11.9905095836555
,Upper middle income,2025,IT.CEL.SETS.P2,132.4
,Upper middle income,2024,IT.CEL.SETS.P2,129.9
,Upper middle income,2023,IT.CEL.SETS.P2,127.5
,Upper middle income,2022,IT.CEL.SETS.P2,124.1
,Upper middle income,2021,IT.CEL.SETS.P2,122.9
,Upper middle income,2020,IT.CEL.SETS.P2,119.7
,Upper middle income,2019,IT.CEL.SETS.P2,121.0
,Upper middle income,2018,IT.CEL.SETS.P2,116.0
,Upper middle income,2017,IT.CEL.SETS.P2,114.3
,Upper middle income,2016,IT.CEL.SETS.P2,109.5
,Upper middle income,2015,IT.CEL.SETS.P2,105.5
WLD,World,2025,IT.CEL.SETS.P2,111.5
WLD,World,2024,IT.CEL.SETS.P2,110.4
WLD,World,2023,IT.CEL.SETS.P2,109.8
WLD,World,2022,IT.CEL.SETS.P2,108.0
WLD,World,2021,IT.CEL.SETS.P2,106.7
WLD,World,2020,IT.CEL.SETS.P2,104.8
WLD,World,2019,IT.CEL.SETS.P2,105.9
WLD,World,2018,IT.CEL.SETS.P2,103.1
WLD,World,2017,IT.CEL.SETS.P2,101.4
WLD,World,2016,IT.CEL.SETS.P2,99.3
WLD,World,2015,IT.CEL.SETS.P2,96.1
WLD,World,2014,IT.CEL.SETS.P2,96.7
WLD,World,2013,IT.CEL.SETS.P2,93.1
WLD,World,2012,IT.CEL.SETS.P2,88.5
WLD,World,2011,IT.CEL.SETS.P2,84.2
WLD,World,2010,IT.CEL.SETS.P2,76.6
WLD,World,2009,IT.CEL.SETS.P2,68.0
WLD,World,2008,IT.CEL.SETS.P2,59.7
WLD,World,2007,IT.CEL.SETS.P2,50.6
WLD,World,2006,IT.CEL.SETS.P2,41.7
WLD,World,2005,IT.CEL.SETS.P2,33.9
AFG,Afghanistan,2024,IT.CEL.SETS.P2,60.0990815591219
AFG,Afghanistan,2023,IT.CEL.SETS.P2,55.5474967036959
AFG,Afghanistan,2022,IT.CEL.SETS.P2,56.2655188632539
AFG,Afghanistan,2021,IT.CEL.SETS.P2,56.6944760468967
AFG,Afghanistan,2020,IT.CEL.SETS.P2,58.0461137722591
AFG,Afghanistan,2019,IT.CEL.SETS.P2,59.6470805870469
AFG,Afghanistan,2018,IT.CEL.SETS.P2,59.8109345283062
AFG,Afghanistan,2017,IT.CEL.SETS.P2,67.0507903920361
AFG,Afghanistan,2016,IT.CEL.SETS.P2,62.2553342863232
AFG,Afghanistan,2015,IT.CEL.SETS.P2,58.256016446556
AFG,Afghanistan,2014,IT.CEL.SETS.P2,56.1322103822265
AFG,Afghanistan,2013,IT.CEL.SETS.P2,53.1490159728276
AFG,Afghanistan,2012,IT.CEL.SETS.P2,50.1966555403702
AFG,Afghanistan,2011,IT.CEL.SETS.P2,47.0151842862822
AFG,Afghanistan,2010,IT.CEL.SETS.P2,36.1186814254474
AFG,Afghanistan,2009,IT.CEL.SETS.P2,38.2289426518893
AFG,Afghanistan,2008,IT.CEL.SETS.P2,29.8267633771309
AFG,Afghanistan,2007,IT.CEL.SETS.P2,18.0166833836025
AFG,Afghanistan,2006,IT.CEL.SETS.P2,9.91329720539894
AFG,Afghanistan,2005,IT.CEL.SETS.P2,4.91711244047067
ALB,Albania,2024,IT.CEL.SETS.P2,89.1328603947682
ALB,Albania,2023,IT.CEL.SETS.P2,92.9973271969712
ALB,Albania,2022,IT.CEL.SETS.P2,98.3950391992101
ALB,Albania,2021,IT.CEL.SETS.P2,92.4843357131703
ALB,Albania,2020,IT.CEL.SETS.P2,91.1880900599383
ALB,Albania,2019,IT.CEL.SETS.P2,91.1634968336332
ALB,Albania,2018,IT.CEL.SETS.P2,93.8030862083918
ALB,Albania,2017,IT.CEL.SETS.P2,125.099939894598
ALB,Albania,2016,IT.CEL.SETS.P2,116.284011654089
ALB,Albania,2015,IT.CEL.SETS.P2,117.329657576402
ALB,Albania,2014,IT.CEL.SETS.P2,115.700565028176
ALB,Albania,2013,IT.CEL.SETS.P2,126.771812779937
ALB,Albania,2012,IT.CEL.SETS.P2,120.274748763232
ALB,Albania,2011,IT.CEL.SETS.P2,106.474179667965
ALB,Albania,2010,IT.CEL.SETS.P2,91.9299271149669
ALB,Albania,2009,IT.CEL.SETS.P2,83.1929248865178
ALB,Albania,2008,IT.CEL.SETS.P2,62.1341628437685
ALB,Albania,2007,IT.CEL.SETS.P2,76.8284093980357
ALB,Albania,2006,IT.CEL.SETS.P2,62.6025752513514
ALB,Albania,2005,IT.CEL.SETS.P2,49.7452829974003
DZA,Algeria,2024,IT.CEL.SETS.P2,115.457278573892
DZA,Algeria,2023,IT.CEL.SETS.P2,111.60623555659
DZA,Algeria,2022,IT.CEL.SETS.P2,107.787115922596
DZA,Algeria,2021,IT.CEL.SETS.P2,105.037092587919
DZA,Algeria,2020,IT.CEL.SETS.P2,103.436671524065
DZA,Algeria,2019,IT.CEL.SETS.P2,104.922068012909
DZA,Algeria,2018,IT.CEL.SETS.P2,110.938066513767
DZA,Algeria,2017,IT.CEL.SETS.P2,109.96986300969
DZA,Algeria,2016,IT.CEL.SETS.P2,115.154200093555
DZA,Algeria,2015,IT.CEL.SETS.P2,108.016371207167
DZA,Algeria,2014,IT.CEL.SETS.P2,110.440351392657
DZA,Algeria,2013,IT.CEL.SETS.P2,102.871008201635
DZA,Algeria,2012,IT.CEL.SETS.P2,99.6853251935403
DZA,Algeria,2011,IT.CEL.SETS.P2,96.5112947931918
DZA,Algeria,2010,IT.CEL.SETS.P2,90.5823787597715
DZA,Algeria,2009,IT.CEL.SETS.P2,92.2215091977573
DZA,Algeria,2008,IT.CEL.SETS.P2,77.6388036853647
DZA,Algeria,2007,IT.CEL.SETS.P2,80.6177005187804
DZA,Algeria,2006,IT.CEL.SETS.P2,62.4502215801053
DZA,Algeria,2005,IT.CEL.SETS.P2,41.2614463106668
AND,Andorra,2024,IT.CEL.SETS.P2,155.692108667529
AND,Andorra,2023,IT.CEL.SETS.P2,156.09725932522
AND,Andorra,2022,IT.CEL.SETS.P2,142.426447525249
AND,Andorra,2021,IT.CEL.SETS.P2,119.687611658415
AND,Andorra,2020,IT.CEL.SETS.P2,103.876970793487
AND,Andorra,2019,IT.CEL.SETS.P2,114.952794413788
AND,Andorra,2018,IT.CEL.SETS.P2,109.914584497485
AND,Andorra,2017,IT.CEL.SETS.P2,108.912327318574
AND,Andorra,2016,IT.CEL.SETS.P2,105.473739626772
AND,Andorra,2015,IT.CEL.SETS.P2,98.8389170615457
AND,Andorra,2014,IT.CEL.SETS.P2,89.8341402552314
AND,Andorra,2013,IT.CEL.SETS.P2,85.0214112828151
AND,Andorra,2012,IT.CEL.SETS.P2,83.1207538329385
AND,Andorra,2011,IT.CEL.SETS.P2,83.6223853541262
AND,Andorra,2010,IT.CEL.SETS.P2,81.1525784947835
AND,Andorra,2009,IT.CEL.SETS.P2,76.9466431432386
AND,Andorra,2008,IT.CEL.SETS.P2,76.8932271393497
AND,Andorra,2007,IT.CEL.SETS.P2,77.5590214590178
AND,Andorra,2006,IT.CEL.SETS.P2,86.7047810517057
AND,Andorra,2005,IT.CEL.SETS.P2,83.388228000155
AGO,Angola,2024,IT.CEL.SETS.P2,69.7039467163584
AGO,Angola,2023,IT.CEL.SETS.P2,70.0519587723571
AGO,Angola,2022,IT.CEL.SETS.P2,66.6008073123779
AGO,Angola,2021,IT.CEL.SETS.P2,44.3868689341257
AGO,Angola,2020,IT.CEL.SETS.P2,43.7804317055698
AGO,Angola,2019,IT.CEL.SETS.P2,45.8065312825399
AGO,Angola,2018,IT.CEL.SETS.P2,42.4588784507729
AGO,Angola,2017,IT.CEL.SETS.P2,44.0682088632918
AGO,Angola,2016,IT.CEL.SETS.P2,44.5502272379157
AGO,Angola,2015,IT.CEL.SETS.P2,49.3097223014385
AGO,Angola,2014,IT.CEL.SETS.P2,51.7384393645114
AGO,Angola,2013,IT.CEL.SETS.P2,50.7734882643713
AGO,Angola,2012,IT.CEL.SETS.P2,50.7801125088641
AGO,Angola,2011,IT.CEL.SETS.P2,49.8515258181069
AGO,Angola,2010,IT.CEL.SETS.P2,40.3667552771914
AGO,Angola,2009,IT.CEL.SETS.P2,36.1789120059347
AGO,Angola,2008,IT.CEL.SETS.P2,31.3891482115081
AGO,Angola,2007,IT.CEL.SETS.P2,23.8781501760396
AGO,Angola,2006,IT.CEL.SETS.P2,15.2614410221311
AGO,Angola,2005,IT.CEL.SETS.P2,8.35158651156351
ATG,Antigua and Barbuda,2022,IT.CEL.SETS.P2,200.540715208962
ATG,Antigua and Barbuda,2021,IT.CEL.SETS.P2,199.244171566557
ATG,Antigua and Barbuda,2020,IT.CEL.SETS.P2,200.3353439453
ATG,Antigua and Barbuda,2019,IT.CEL.SETS.P2,201.392233264743
ATG,Antigua and Barbuda,2017,IT.CEL.SETS.P2,203.386832913295
ATG,Antigua and Barbuda,2016,IT.CEL.SETS.P2,200.06891262546
ATG,Antigua and Barbuda,2015,IT.CEL.SETS.P2,196.848192016464
ATG,Antigua and Barbuda,2014,IT.CEL.SETS.P2,135.234608235228
ATG,Antigua and Barbuda,2013,IT.CEL.SETS.P2,129.857830668605
ATG,Antigua and Barbuda,2012,IT.CEL.SETS.P2,145.978684391474
ATG,Antigua and Barbuda,2011,IT.CEL.SETS.P2,203.8734188945
ATG,Antigua and Barbuda,2010,IT.CEL.SETS.P2,196.870604781997
ATG,Antigua and Barbuda,2009,IT.CEL.SETS.P2,160.294868900954
ATG,Antigua and Barbuda,2008,IT.CEL.SETS.P2,164.743342338865
ATG,Antigua and Barbuda,2007,IT.CEL.SETS.P2,137.546509350827
ATG,Antigua and Barbuda,2006,IT.CEL.SETS.P2,136.689246191256
ATG,Antigua and Barbuda,2005,IT.CEL.SETS.P2,108.025272889425
ARG,Argentina,2024,IT.CEL.SETS.P2,140.234979049333
ARG,Argentina,2023,IT.CEL.SETS.P2,137.706086781571
ARG,Argentina,2022,IT.CEL.SETS.P2,131.483556254876
ARG,Argentina,2021,IT.CEL.SETS.P2,130.352799939601
ARG,Argentina,2020,IT.CEL.SETS.P2,121.180612527028
ARG,Argentina,2019,IT.CEL.SETS.P2,125.302657911726
ARG,Argentina,2018,IT.CEL.SETS.P2,131.224265691711
ARG,Argentina,2017,IT.CEL.SETS.P2,139.758240519621
ARG,Argentina,2016,IT.CEL.SETS.P2,145.146584717972
ARG,Argentina,2015,IT.CEL.SETS.P2,142.240711022183
ARG,Argentina,2014,IT.CEL.SETS.P2,142.325481008062
ARG,Argentina,2013,IT.CEL.SETS.P2,158.190773641398
ARG,Argentina,2012,IT.CEL.SETS.P2,152.573579717014
ARG,Argentina,2011,IT.CEL.SETS.P2,145.511067881505
ARG,Argentina,2010,IT.CEL.SETS.P2,138.251643415992
ARG,Argentina,2009,IT.CEL.SETS.P2,128.461625505194
ARG,Argentina,2008,IT.CEL.SETS.P2,115.051958547154
ARG,Argentina,2007,IT.CEL.SETS.P2,100.962116800902
ARG,Argentina,2006,IT.CEL.SETS.P2,79.5272791470117
ARG,Argentina,2005,IT.CEL.SETS.P2,56.4972976242395
ARM,Armenia,2024,IT.CEL.SETS.P2,134.88694751567
ARM,Armenia,2023,IT.CEL.SETS.P2,134.519957069953
ARM,Armenia,2022,IT.CEL.SETS.P2,130.540072214196
ARM,Armenia,2021,IT.CEL.SETS.P2,125.395134877327
ARM,Armenia,2020,IT.CEL.SETS.P2,120.682370700808
ARM,Armenia,2019,IT.CEL.SETS.P2,124.613701509519
ARM,Armenia,2018,IT.CEL.SETS.P2,123.000001718234
ARM,Armenia,2017,IT.CEL.SETS.P2,119.676441862212
ARM,Armenia,2016,IT.CEL.SETS.P2,117.670797483754
ARM,Armenia,2015,IT.CEL.SETS.P2,118.599112617962
ARM,Armenia,2014,IT.CEL.SETS.P2,118.365417451689
ARM,Armenia,2013,IT.CEL.SETS.P2,114.499722499571
ARM,Armenia,2012,IT.CEL.SETS.P2,113.697353797808
ARM,Armenia,2011,IT.CEL.SETS.P2,109.850061797213
ARM,Armenia,2010,IT.CEL.SETS.P2,131.874825576119
ARM,Armenia,2009,IT.CEL.SETS.P2,74.4012001967736
ARM,Armenia,2008,IT.CEL.SETS.P2,48.7163807985838
ARM,Armenia,2007,IT.CEL.SETS.P2,63.0764762494794
ARM,Armenia,2006,IT.CEL.SETS.P2,42.1271966711889
ARM,Armenia,2005,IT.CEL.SETS.P2,10.5790707738385
ABW,Aruba,2022,IT.CEL.SETS.P2,130.647974615427
ABW,Aruba,2021,IT.CEL.SETS.P2,131.09206195727
ABW,Aruba,2020,IT.CEL.SETS.P2,131.284916201117
ABW,Aruba,2019,IT.CEL.SETS.P2,131.682169673877
ABW,Aruba,2015,IT.CEL.SETS.P2,135.337479843354
ABW,Aruba,2014,IT.CEL.SETS.P2,135.141671422905
ABW,Aruba,2013,IT.CEL.SETS.P2,135.338052614131
ABW,Aruba,2012,IT.CEL.SETS.P2,132.661183337755
ABW,Aruba,2010,IT.CEL.SETS.P2,131.649919092235
ABW,Aruba,2009,IT.CEL.SETS.P2,129.26028780611
ABW,Aruba,2008,IT.CEL.SETS.P2,123.517202597004
ABW,Aruba,2007,IT.CEL.SETS.P2,117.599676975162
ABW,Aruba,2006,IT.CEL.SETS.P2,114.296796377055
ABW,Aruba,2005,IT.CEL.SETS.P2,109.74954897591
AUS,Australia,2024,IT.CEL.SETS.P2,112.581025002429
AUS,Australia,2023,IT.CEL.SETS.P2,112.513177133796
AUS,Australia,2022,IT.CEL.SETS.P2,109.469171081514
AUS,Australia,2021,IT.CEL.SETS.P2,105.118514623956
AUS,Australia,2020,IT.CEL.SETS.P2,104.930155780087
AUS,Australia,2019,IT.CEL.SETS.P2,109.752830879788
AUS,Australia,2018,IT.CEL.SETS.P2,110.033134941946
AUS,Australia,2017,IT.CEL.SETS.P2,107.799761578952
AUS,Australia,2016,IT.CEL.SETS.P2,109.128813718295
AUS,Australia,2015,IT.CEL.SETS.P2,107.608142007003
AUS,Australia,2014,IT.CEL.SETS.P2,106.206237340596
AUS,Australia,2013,IT.CEL.SETS.P2,107.332200908321
AUS,Australia,2012,IT.CEL.SETS.P2,106.499711805776
AUS,Australia,2011,IT.CEL.SETS.P2,105.824012918279
AUS,Australia,2010,IT.CEL.SETS.P2,101.618759744392
AUS,Australia,2009,IT.CEL.SETS.P2,101.914285403427
AUS,Australia,2008,IT.CEL.SETS.P2,103.506740034166
AUS,Australia,2007,IT.CEL.SETS.P2,101.457683484383
AUS,Australia,2006,IT.CEL.SETS.P2,95.9663115508423
AUS,Australia,2005,IT.CEL.SETS.P2,90.7635520774358
AUT,Austria,2024,IT.CEL.SETS.P2,124.45929984531
AUT,Austria,2023,IT.CEL.SETS.P2,121.746207105931
AUT,Austria,2022,IT.CEL.SETS.P2,121.16645744796
AUT,Austria,2021,IT.CEL.SETS.P2,121.357731973824
AUT,Austria,2020,IT.CEL.SETS.P2,120.131806593244
AUT,Austria,2019,IT.CEL.SETS.P2,120.776373862218
AUT,Austria,2018,IT.CEL.SETS.P2,124.230205900482
AUT,Austria,2017,IT.CEL.SETS.P2,123.414865109678
AUT,Austria,2016,IT.CEL.SETS.P2,126.797525496643
AUT,Austria,2015,IT.CEL.SETS.P2,155.837138171172
AUT,Austria,2014,IT.CEL.SETS.P2,151.531145320495
AUT,Austria,2013,IT.CEL.SETS.P2,156.483488704585
AUT,Austria,2012,IT.CEL.SETS.P2,161.155633431895
AUT,Austria,2011,IT.CEL.SETS.P2,155.15499918387
AUT,Austria,2010,IT.CEL.SETS.P2,146.334314075685
AUT,Austria,2009,IT.CEL.SETS.P2,137.015093709265
AUT,Austria,2008,IT.CEL.SETS.P2,129.949191740297
AUT,Austria,2007,IT.CEL.SETS.P2,119.465557954295
AUT,Austria,2006,IT.CEL.SETS.P2,112.226293480282
AUT,Austria,2005,IT.CEL.SETS.P2,105.295724835598
AZE,Azerbaijan,2024,IT.CEL.SETS.P2,109.543149535867
AZE,Azerbaijan,2023,IT.CEL.SETS.P2,107.686732782159
AZE,Azerbaijan,2022,IT.CEL.SETS.P2,107.506296074404
AZE,Azerbaijan,2021,IT.CEL.SETS.P2,105.693559477177
AZE,Azerbaijan,2020,IT.CEL.SETS.P2,101.596683471276
AZE,Azerbaijan,2019,IT.CEL.SETS.P2,106.328337689377
AZE,Azerbaijan,2018,IT.CEL.SETS.P2,102.987275423455
AZE,Azerbaijan,2017,IT.CEL.SETS.P2,101.589906615934
AZE,Azerbaijan,2016,IT.CEL.SETS.P2,103.248460646417
AZE,Azerbaijan,2015,IT.CEL.SETS.P2,109.682113433509
AZE,Azerbaijan,2014,IT.CEL.SETS.P2,109.566699179266
AZE,Azerbaijan,2013,IT.CEL.SETS.P2,106.583186813615
AZE,Azerbaijan,2012,IT.CEL.SETS.P2,107.988529658291
AZE,Azerbaijan,2011,IT.CEL.SETS.P2,109.333848306261
AZE,Azerbaijan,2010,IT.CEL.SETS.P2,99.489026332669
AZE,Azerbaijan,2009,IT.CEL.SETS.P2,85.7487495489887
AZE,Azerbaijan,2008,IT.CEL.SETS.P2,73.2222415801691
AZE,Azerbaijan,2007,IT.CEL.SETS.P2,51.1875940935928
AZE,Azerbaijan,2006,IT.CEL.SETS.P2,38.1512458416462
AZE,Azerbaijan,2005,IT.CEL.SETS.P2,26.0781124378406
BHS,"Bahamas, The",2024,IT.CEL.SETS.P2,96.6798992232414
BHS,"Bahamas, The",2023,IT.CEL.SETS.P2,100.047566593231
BHS,"Bahamas, The",2022,IT.CEL.SETS.P2,101.623744145214
BHS,"Bahamas, The",2021,IT.CEL.SETS.P2,100.257333370336
BHS,"Bahamas, The",2020,IT.CEL.SETS.P2,117.717493173143
BHS,"Bahamas, The",2019,IT.CEL.SETS.P2,107.811997212897
BHS,"Bahamas, The",2018,IT.CEL.SETS.P2,98.9789084760782
BHS,"Bahamas, The",2017,IT.CEL.SETS.P2,90.5386890661613
BHS,"Bahamas, The",2016,IT.CEL.SETS.P2,92.8218938037134
BHS,"Bahamas, The",2015,IT.CEL.SETS.P2,80.7521033045627
BHS,"Bahamas, The",2014,IT.CEL.SETS.P2,82.3551261058127
BHS,"Bahamas, The",2013,IT.CEL.SETS.P2,75.734985605075
BHS,"Bahamas, The",2012,IT.CEL.SETS.P2,79.9000716437309
BHS,"Bahamas, The",2011,IT.CEL.SETS.P2,80.3784477401548
BHS,"Bahamas, The",2010,IT.CEL.SETS.P2,116.572148536783
BHS,"Bahamas, The",2009,IT.CEL.SETS.P2,98.8980458091012
BHS,"Bahamas, The",2008,IT.CEL.SETS.P2,99.9804534792807
BHS,"Bahamas, The",2007,IT.CEL.SETS.P2,105.848573870615
BHS,"Bahamas, The",2006,IT.CEL.SETS.P2,72.6191603875135
BHS,"Bahamas, The",2005,IT.CEL.SETS.P2,66.2329089777664
BHR,Bahrain,2024,IT.CEL.SETS.P2,159.536143577452
BHR,Bahrain,2023,IT.CEL.SETS.P2,153.899937948583
BHR,Bahrain,2022,IT.CEL.SETS.P2,139.636142863944
BHR,Bahrain,2021,IT.CEL.SETS.P2,128.078912532195
BHR,Bahrain,2020,IT.CEL.SETS.P2,119.41160169027
BHR,Bahrain,2019,IT.CEL.SETS.P2,129.142743677937
BHR,Bahrain,2018,IT.CEL.SETS.P2,139.735421260048
BHR,Bahrain,2017,IT.CEL.SETS.P2,159.546894557674
BHR,Bahrain,2016,IT.CEL.SETS.P2,209.489131255928
BHR,Bahrain,2015,IT.CEL.SETS.P2,183.919614500055
BHR,Bahrain,2014,IT.CEL.SETS.P2,177.400125528622
BHR,Bahrain,2013,IT.CEL.SETS.P2,175.802157646776
BHR,Bahrain,2012,IT.CEL.SETS.P2,174.619564368418
BHR,Bahrain,2011,IT.CEL.SETS.P2,140.350600963929
BHR,Bahrain,2010,IT.CEL.SETS.P2,129.157861073288
BHR,Bahrain,2009,IT.CEL.SETS.P2,118.449482724389
BHR,Bahrain,2008,IT.CEL.SETS.P2,128.559293450425
BHR,Bahrain,2007,IT.CEL.SETS.P2,105.539410159778
BHR,Bahrain,2006,IT.CEL.SETS.P2,91.2343231270699
BHR,Bahrain,2005,IT.CEL.SETS.P2,82.2538826768918
BGD,Bangladesh,2024,IT.CEL.SETS.P2,108.077037369691
BGD,Bangladesh,2023,IT.CEL.SETS.P2,111.280894357567
BGD,Bangladesh,2022,IT.CEL.SETS.P2,109.8665408168
BGD,Bangladesh,2021,IT.CEL.SETS.P2,110.012054001037
BGD,Bangladesh,2020,IT.CEL.SETS.P2,106.002140470412
BGD,Bangladesh,2019,IT.CEL.SETS.P2,100.399571155843
BGD,Bangladesh,2018,IT.CEL.SETS.P2,98.9289060885788
BGD,Bangladesh,2017,IT.CEL.SETS.P2,93.0689844922452
BGD,Bangladesh,2016,IT.CEL.SETS.P2,84.5595499717024
BGD,Bangladesh,2015,IT.CEL.SETS.P2,82.4275967039157
BGD,Bangladesh,2014,IT.CEL.SETS.P2,80.3128212085608
BGD,Bangladesh,2013,IT.CEL.SETS.P2,74.4595169116099
BGD,Bangladesh,2012,IT.CEL.SETS.P2,62.6684314857059
BGD,Bangladesh,2011,IT.CEL.SETS.P2,54.9307304807214
BGD,Bangladesh,2010,IT.CEL.SETS.P2,44.6274657883724
BGD,Bangladesh,2009,IT.CEL.SETS.P2,34.0412611569965
BGD,Bangladesh,2008,IT.CEL.SETS.P2,29.8646728911139
BGD,Bangladesh,2007,IT.CEL.SETS.P2,23.2246555051103
BGD,Bangladesh,2006,IT.CEL.SETS.P2,13.0670782127175
BGD,Bangladesh,2005,IT.CEL.SETS.P2,6.21908656184889
BRB,Barbados,2022,IT.CEL.SETS.P2,114.580721030894
BRB,Barbados,2021,IT.CEL.SETS.P2,112.222706603295
BRB,Barbados,2020,IT.CEL.SETS.P2,104.722078254017
BRB,Barbados,2019,IT.CEL.SETS.P2,117.111593950364
BRB,Barbados,2018,IT.CEL.SETS.P2,117.318523321138
BRB,Barbados,2017,IT.CEL.SETS.P2,117.629947424965
BRB,Barbados,2016,IT.CEL.SETS.P2,118.816300545784
BRB,Barbados,2015,IT.CEL.SETS.P2,120.001433743145
BRB,Barbados,2014,IT.CEL.SETS.P2,109.738888010692
BRB,Barbados,2013,IT.CEL.SETS.P2,110.819872868385
BRB,Barbados,2012,IT.CEL.SETS.P2,126.127869775907
BRB,Barbados,2011,IT.CEL.SETS.P2,125.993430844611
BRB,Barbados,2010,IT.CEL.SETS.P2,127.182525986129
BRB,Barbados,2009,IT.CEL.SETS.P2,122.959766236325
BRB,Barbados,2008,IT.CEL.SETS.P2,105.84788459705
BRB,Barbados,2007,IT.CEL.SETS.P2,94.9529651145646
BRB,Barbados,2006,IT.CEL.SETS.P2,87.8212013244346
BRB,Barbados,2005,IT.CEL.SETS.P2,76.7344234963119
BLR,Belarus,2024,IT.CEL.SETS.P2,131.123016605614
BLR,Belarus,2023,IT.CEL.SETS.P2,128.979176539764
BLR,Belarus,2022,IT.CEL.SETS.P2,128.314999383533
BLR,Belarus,2021,IT.CEL.SETS.P2,127.117317282369
BLR,Belarus,2020,IT.CEL.SETS.P2,125.164732031333
BLR,Belarus,2019,IT.CEL.SETS.P2,123.229810991965
BLR,Belarus,2018,IT.CEL.SETS.P2,122.56975741957
BLR,Belarus,2017,IT.CEL.SETS.P2,120.212652133209
BLR,Belarus,2016,IT.CEL.SETS.P2,120.431507778029
BLR,Belarus,2015,IT.CEL.SETS.P2,120.669626204229
BLR,Belarus,2014,IT.CEL.SETS.P2,120.366076944418
BLR,Belarus,2013,IT.CEL.SETS.P2,117.433516760028
BLR,Belarus,2012,IT.CEL.SETS.P2,112.822416305227
BLR,Belarus,2011,IT.CEL.SETS.P2,112.901923256589
BLR,Belarus,2010,IT.CEL.SETS.P2,108.873353765855
BLR,Belarus,2009,IT.CEL.SETS.P2,101.881315451425
BLR,Belarus,2008,IT.CEL.SETS.P2,85.2943083888757
BLR,Belarus,2007,IT.CEL.SETS.P2,72.7794960082642
BLR,Belarus,2006,IT.CEL.SETS.P2,62.0314078756574
BLR,Belarus,2005,IT.CEL.SETS.P2,42.4034825573205
BEL,Belgium,2024,IT.CEL.SETS.P2,103.90465332676
BEL,Belgium,2023,IT.CEL.SETS.P2,103.196426365374
BEL,Belgium,2022,IT.CEL.SETS.P2,101.680355820653
BEL,Belgium,2021,IT.CEL.SETS.P2,101.462935633736
BEL,Belgium,2020,IT.CEL.SETS.P2,99.9100614924974
BEL,Belgium,2019,IT.CEL.SETS.P2,100.164960666171
BEL,Belgium,2018,IT.CEL.SETS.P2,100.164027018171
BEL,Belgium,2017,IT.CEL.SETS.P2,99.8303971992992
BEL,Belgium,2016,IT.CEL.SETS.P2,110.74871736226
BEL,Belgium,2015,IT.CEL.SETS.P2,113.29233233425
BEL,Belgium,2014,IT.CEL.SETS.P2,113.600257053471
BEL,Belgium,2013,IT.CEL.SETS.P2,110.348677756715
BEL,Belgium,2012,IT.CEL.SETS.P2,110.856223685615
BEL,Belgium,2011,IT.CEL.SETS.P2,113.201845409997
BEL,Belgium,2010,IT.CEL.SETS.P2,111.131540934105
BEL,Belgium,2009,IT.CEL.SETS.P2,108.89957259523
BEL,Belgium,2008,IT.CEL.SETS.P2,105.901150619606
BEL,Belgium,2007,IT.CEL.SETS.P2,101.059979052266
BEL,Belgium,2006,IT.CEL.SETS.P2,93.3538336751532
BEL,Belgium,2005,IT.CEL.SETS.P2,91.6575960459919
BLZ,Belize,2022,IT.CEL.SETS.P2,67.1750266305468
BLZ,Belize,2021,IT.CEL.SETS.P2,66.7769498110516
BLZ,Belize,2020,IT.CEL.SETS.P2,67.551661668526
BLZ,Belize,2019,IT.CEL.SETS.P2,66.0704612665196
BLZ,Belize,2018,IT.CEL.SETS.P2,64.7801570644827
BLZ,Belize,2017,IT.CEL.SETS.P2,64.1585522049721
BLZ,Belize,2016,IT.CEL.SETS.P2,61.1255672392756
BLZ,Belize,2015,IT.CEL.SETS.P2,59.4797562953754
BLZ,Belize,2014,IT.CEL.SETS.P2,49.3805223502033
BLZ,Belize,2013,IT.CEL.SETS.P2,51.1127633354507
BLZ,Belize,2012,IT.CEL.SETS.P2,51.5597433121819
BLZ,Belize,2011,IT.CEL.SETS.P2,67.9524470054812
BLZ,Belize,2010,IT.CEL.SETS.P2,60.6413839404206
BLZ,Belize,2009,IT.CEL.SETS.P2,51.751680986776
BLZ,Belize,2008,IT.CEL.SETS.P2,52.5796669087038
BLZ,Belize,2007,IT.CEL.SETS.P2,39.9574468085106
BLZ,Belize,2006,IT.CEL.SETS.P2,40.989585866235
BLZ,Belize,2005,IT.CEL.SETS.P2,34.3186847364075
BEN,Benin,2024,IT.CEL.SETS.P2,125.940873932186
BEN,Benin,2023,IT.CEL.SETS.P2,116.036046685168
BEN,Benin,2022,IT.CEL.SETS.P2,105.745019386968
BEN,Benin,2021,IT.CEL.SETS.P2,94.9182598289459
BEN,Benin,2020,IT.CEL.SETS.P2,85.2390738023357
BEN,Benin,2019,IT.CEL.SETS.P2,81.3235345537806
BEN,Benin,2018,IT.CEL.SETS.P2,76.4080341122638
BEN,Benin,2017,IT.CEL.SETS.P2,72.867145412956
BEN,Benin,2016,IT.CEL.SETS.P2,76.0182091705462
BEN,Benin,2015,IT.CEL.SETS.P2,82.0193349324746
BEN,Benin,2014,IT.CEL.SETS.P2,78.5170340826712
BEN,Benin,2013,IT.CEL.SETS.P2,89.9019164924958
BEN,Benin,2012,IT.CEL.SETS.P2,80.8628905531314
BEN,Benin,2011,IT.CEL.SETS.P2,76.9318013957922
BEN,Benin,2010,IT.CEL.SETS.P2,72.2115392074128
BEN,Benin,2009,IT.CEL.SETS.P2,52.9301199452375
BEN,Benin,2008,IT.CEL.SETS.P2,39.2846004959004
BEN,Benin,2007,IT.CEL.SETS.P2,22.9147096667411
BEN,Benin,2006,IT.CEL.SETS.P2,12.1442265152632
BEN,Benin,2005,IT.CEL.SETS.P2,7.07639223825275
BMU,Bermuda,2024,IT.CEL.SETS.P2,96.6767745528807
BMU,Bermuda,2022,IT.CEL.SETS.P2,105.274212729154
BMU,Bermuda,2021,IT.CEL.SETS.P2,105.185001856206
BMU,Bermuda,2020,IT.CEL.SETS.P2,105.619583113293
BMU,Bermuda,2019,IT.CEL.SETS.P2,104.512767716474
BMU,Bermuda,2017,IT.CEL.SETS.P2,102.231904117777
BMU,Bermuda,2016,IT.CEL.SETS.P2,100.6966224842
BMU,Bermuda,2015,IT.CEL.SETS.P2,59.8764653977058
BMU,Bermuda,2014,IT.CEL.SETS.P2,93.6438476916054
BMU,Bermuda,2013,IT.CEL.SETS.P2,148.331078742882
BMU,Bermuda,2012,IT.CEL.SETS.P2,142.978348992867
BMU,Bermuda,2010,IT.CEL.SETS.P2,138.407218517066
BMU,Bermuda,2009,IT.CEL.SETS.P2,133.721387556045
BMU,Bermuda,2008,IT.CEL.SETS.P2,124.80252764613
BMU,Bermuda,2007,IT.CEL.SETS.P2,109.506427551182
BMU,Bermuda,2006,IT.CEL.SETS.P2,95.6488525320686
BMU,Bermuda,2005,IT.CEL.SETS.P2,84.0681858047233
BTN,Bhutan,2024,IT.CEL.SETS.P2,99.7576826476519
BTN,Bhutan,2023,IT.CEL.SETS.P2,95.6260610260877
BTN,Bhutan,2022,IT.CEL.SETS.P2,95.129809428439
BTN,Bhutan,2021,IT.CEL.SETS.P2,100.330908049861
BTN,Bhutan,2020,IT.CEL.SETS.P2,96.7702849068709
BTN,Bhutan,2019,IT.CEL.SETS.P2,95.3472955869586
BTN,Bhutan,2018,IT.CEL.SETS.P2,92.6022594006784
BTN,Bhutan,2017,IT.CEL.SETS.P2,96.8565690310008
BTN,Bhutan,2016,IT.CEL.SETS.P2,93.382103211003
BTN,Bhutan,2015,IT.CEL.SETS.P2,91.2409636276731
BTN,Bhutan,2014,IT.CEL.SETS.P2,85.1865744422272
BTN,Bhutan,2013,IT.CEL.SETS.P2,75.052704292039
BTN,Bhutan,2012,IT.CEL.SETS.P2,78.1969080371794
BTN,Bhutan,2011,IT.CEL.SETS.P2,68.2555256231877
BTN,Bhutan,2010,IT.CEL.SETS.P2,56.1998312505701
BTN,Bhutan,2009,IT.CEL.SETS.P2,48.8391730116371
BTN,Bhutan,2008,IT.CEL.SETS.P2,36.9241102584538
BTN,Bhutan,2007,IT.CEL.SETS.P2,22.0203318101912
BTN,Bhutan,2006,IT.CEL.SETS.P2,12.235856046297
BTN,Bhutan,2005,IT.CEL.SETS.P2,5.43917566271067
BOL,Bolivia,2024,IT.CEL.SETS.P2,98.0287940811943
BOL,Bolivia,2022,IT.CEL.SETS.P2,101.57150434614
BOL,Bolivia,2021,IT.CEL.SETS.P2,100.809064985893
BOL,Bolivia,2020,IT.CEL.SETS.P2,99.898817726261
BOL,Bolivia,2019,IT.CEL.SETS.P2,100.14945954148
BOL,Bolivia,2018,IT.CEL.SETS.P2,99.4565867202022
BOL,Bolivia,2017,IT.CEL.SETS.P2,96.6383703523099
BOL,Bolivia,2016,IT.CEL.SETS.P2,90.3953302409119
BOL,Bolivia,2015,IT.CEL.SETS.P2,92.2660116634989
BOL,Bolivia,2014,IT.CEL.SETS.P2,96.3263792565653
BOL,Bolivia,2013,IT.CEL.SETS.P2,97.5951190945133
BOL,Bolivia,2012,IT.CEL.SETS.P2,90.2755917829226
BOL,Bolivia,2011,IT.CEL.SETS.P2,80.7163040735906
BOL,Bolivia,2010,IT.CEL.SETS.P2,70.5072652714085
BOL,Bolivia,2009,IT.CEL.SETS.P2,64.5388630004667
BOL,Bolivia,2008,IT.CEL.SETS.P2,51.1488440905351
BOL,Bolivia,2007,IT.CEL.SETS.P2,33.5992508744616
BOL,Bolivia,2006,IT.CEL.SETS.P2,30.2062270674877
BOL,Bolivia,2005,IT.CEL.SETS.P2,25.8675957086363
BIH,Bosnia and Herzegovina,2024,IT.CEL.SETS.P2,121.232373011893
BIH,Bosnia and Herzegovina,2023,IT.CEL.SETS.P2,117.733690876159
BIH,Bosnia and Herzegovina,2022,IT.CEL.SETS.P2,118.944352880459
BIH,Bosnia and Herzegovina,2021,IT.CEL.SETS.P2,114.911613799718
BIH,Bosnia and Herzegovina,2020,IT.CEL.SETS.P2,106.374742411306
BIH,Bosnia and Herzegovina,2019,IT.CEL.SETS.P2,112.254788698841
BIH,Bosnia and Herzegovina,2018,IT.CEL.SETS.P2,102.186536758193
BIH,Bosnia and Herzegovina,2017,IT.CEL.SETS.P2,100.332576774399
BIH,Bosnia and Herzegovina,2016,IT.CEL.SETS.P2,98.0143984902979
BIH,Bosnia and Herzegovina,2015,IT.CEL.SETS.P2,97.8678378339204
BIH,Bosnia and Herzegovina,2014,IT.CEL.SETS.P2,97.9342347136426
BIH,Bosnia and Herzegovina,2013,IT.CEL.SETS.P2,96.6063476862431
BIH,Bosnia and Herzegovina,2012,IT.CEL.SETS.P2,91.4833140015035
BIH,Bosnia and Herzegovina,2011,IT.CEL.SETS.P2,84.7529182494619
BIH,Bosnia and Herzegovina,2010,IT.CEL.SETS.P2,81.6018850459875
BIH,Bosnia and Herzegovina,2009,IT.CEL.SETS.P2,83.953916109979
BIH,Bosnia and Herzegovina,2008,IT.CEL.SETS.P2,80.5319966034577
BIH,Bosnia and Herzegovina,2007,IT.CEL.SETS.P2,61.0557219969781
BIH,Bosnia and Herzegovina,2006,IT.CEL.SETS.P2,46.4605864436346
BIH,Bosnia and Herzegovina,2005,IT.CEL.SETS.P2,38.9202910880111
BWA,Botswana,2024,IT.CEL.SETS.P2,163.999922257361
BWA,Botswana,2023,IT.CEL.SETS.P2,179.027305378019
BWA,Botswana,2022,IT.CEL.SETS.P2,178.205018910673
BWA,Botswana,2021,IT.CEL.SETS.P2,173.25235140068
BWA,Botswana,2020,IT.CEL.SETS.P2,161.858815314634
BWA,Botswana,2019,IT.CEL.SETS.P2,160.661520194607
BWA,Botswana,2018,IT.CEL.SETS.P2,147.06483856362
BWA,Botswana,2017,IT.CEL.SETS.P2,142.962095019868
BWA,Botswana,2016,IT.CEL.SETS.P2,147.172960511479
BWA,Botswana,2015,IT.CEL.SETS.P2,157.734742812171
BWA,Botswana,2014,IT.CEL.SETS.P2,157.018320070864
BWA,Botswana,2013,IT.CEL.SETS.P2,151.670682520804
BWA,Botswana,2012,IT.CEL.SETS.P2,146.149158429435
BWA,Botswana,2011,IT.CEL.SETS.P2,139.870462760455
BWA,Botswana,2010,IT.CEL.SETS.P2,116.2460387062
BWA,Botswana,2009,IT.CEL.SETS.P2,94.1440909682303
BWA,Botswana,2008,IT.CEL.SETS.P2,76.195582496141
BWA,Botswana,2007,IT.CEL.SETS.P2,60.2637294559808
BWA,Botswana,2006,IT.CEL.SETS.P2,43.9084008885494
BWA,Botswana,2005,IT.CEL.SETS.P2,30.6423744630755
BRA,Brazil,2024,IT.CEL.SETS.P2,101.926846460424
BRA,Brazil,2023,IT.CEL.SETS.P2,101.020256020808
BRA,Brazil,2022,IT.CEL.SETS.P2,101.245468903076
BRA,Brazil,2021,IT.CEL.SETS.P2,104.824727184587
BRA,Brazil,2020,IT.CEL.SETS.P2,98.6456198619193
BRA,Brazil,2019,IT.CEL.SETS.P2,97.3747376780285
BRA,Brazil,2018,IT.CEL.SETS.P2,101.602460284017
BRA,Brazil,2017,IT.CEL.SETS.P2,108.092570205646
BRA,Brazil,2016,IT.CEL.SETS.P2,120.101181531485
BRA,Brazil,2015,IT.CEL.SETS.P2,127.83616904008
BRA,Brazil,2014,IT.CEL.SETS.P2,140.304679417776
BRA,Brazil,2013,IT.CEL.SETS.P2,136.589138644321
BRA,Brazil,2012,IT.CEL.SETS.P2,126.131962754994
BRA,Brazil,2011,IT.CEL.SETS.P2,120.008104166504
BRA,Brazil,2010,IT.CEL.SETS.P2,101.666503279892
BRA,Brazil,2009,IT.CEL.SETS.P2,88.1849371150662
BRA,Brazil,2008,IT.CEL.SETS.P2,79.1319735150735
BRA,Brazil,2007,IT.CEL.SETS.P2,64.1626170391327
BRA,Brazil,2006,IT.CEL.SETS.P2,53.5317215669585
BRA,Brazil,2005,IT.CEL.SETS.P2,46.6788794368512
VGB,British Virgin Islands,2024,IT.CEL.SETS.P2,93.1316662866408
VGB,British Virgin Islands,2023,IT.CEL.SETS.P2,90.8246761574965
VGB,British Virgin Islands,2022,IT.CEL.SETS.P2,92.8912549909966
VGB,British Virgin Islands,2021,IT.CEL.SETS.P2,99.5556613504721
VGB,British Virgin Islands,2020,IT.CEL.SETS.P2,94.6896458866299
VGB,British Virgin Islands,2019,IT.CEL.SETS.P2,108.624811100426
VGB,British Virgin Islands,2018,IT.CEL.SETS.P2,115.28406959633
VGB,British Virgin Islands,2017,IT.CEL.SETS.P2,134.692192421787
VGB,British Virgin Islands,2016,IT.CEL.SETS.P2,117.152724481965
VGB,British Virgin Islands,2015,IT.CEL.SETS.P2,165.792219838831
VGB,British Virgin Islands,2014,IT.CEL.SETS.P2,166.142831138887
VGB,British Virgin Islands,2013,IT.CEL.SETS.P2,168.457243793963
VGB,British Virgin Islands,2012,IT.CEL.SETS.P2,160.497610809029
VGB,British Virgin Islands,2011,IT.CEL.SETS.P2,162.302333681644
VGB,British Virgin Islands,2010,IT.CEL.SETS.P2,171.721770551039
VGB,British Virgin Islands,2009,IT.CEL.SETS.P2,172.793739437137
VGB,British Virgin Islands,2008,IT.CEL.SETS.P2,87.492391965916
VGB,British Virgin Islands,2007,IT.CEL.SETS.P2,81.6052984309706
BRN,Brunei Darussalam,2024,IT.CEL.SETS.P2,118.130579766209
BRN,Brunei Darussalam,2023,IT.CEL.SETS.P2,118.673752421293
BRN,Brunei Darussalam,2022,IT.CEL.SETS.P2,116.108439291126
BRN,Brunei Darussalam,2021,IT.CEL.SETS.P2,133.597065445264
BRN,Brunei Darussalam,2020,IT.CEL.SETS.P2,119.933885258067
BRN,Brunei Darussalam,2019,IT.CEL.SETS.P2,129.845260684919
BRN,Brunei Darussalam,2018,IT.CEL.SETS.P2,129.268175692652
BRN,Brunei Darussalam,2017,IT.CEL.SETS.P2,125.870435240727
BRN,Brunei Darussalam,2016,IT.CEL.SETS.P2,122.42681797345
BRN,Brunei Darussalam,2015,IT.CEL.SETS.P2,109.751499246824
BRN,Brunei Darussalam,2014,IT.CEL.SETS.P2,108.471265746851
BRN,Brunei Darussalam,2013,IT.CEL.SETS.P2,114.010632244007
BRN,Brunei Darussalam,2012,IT.CEL.SETS.P2,115.8258888393
BRN,Brunei Darussalam,2011,IT.CEL.SETS.P2,110.959741004384
BRN,Brunei Darussalam,2010,IT.CEL.SETS.P2,110.901991170743
BRN,Brunei Darussalam,2009,IT.CEL.SETS.P2,107.255450030134
BRN,Brunei Darussalam,2008,IT.CEL.SETS.P2,105.575540044416
BRN,Brunei Darussalam,2007,IT.CEL.SETS.P2,98.7232826331386
BRN,Brunei Darussalam,2006,IT.CEL.SETS.P2,82.6516537186389
BRN,Brunei Darussalam,2005,IT.CEL.SETS.P2,64.8898349474529
BGR,Bulgaria,2024,IT.CEL.SETS.P2,118.067152838789
BGR,Bulgaria,2023,IT.CEL.SETS.P2,117.932685806225
BGR,Bulgaria,2022,IT.CEL.SETS.P2,116.679163253179
BGR,Bulgaria,2021,IT.CEL.SETS.P2,114.911988483727
BGR,Bulgaria,2020,IT.CEL.SETS.P2,114.596737765322
BGR,Bulgaria,2019,IT.CEL.SETS.P2,116.616975862125
BGR,Bulgaria,2018,IT.CEL.SETS.P2,119.394511829255
BGR,Bulgaria,2017,IT.CEL.SETS.P2,120.595632675282
BGR,Bulgaria,2016,IT.CEL.SETS.P2,125.906027330453
BGR,Bulgaria,2015,IT.CEL.SETS.P2,128.103256321093
BGR,Bulgaria,2014,IT.CEL.SETS.P2,131.33514197996
BGR,Bulgaria,2013,IT.CEL.SETS.P2,144.355146876635
BGR,Bulgaria,2012,IT.CEL.SETS.P2,147.337862138845
BGR,Bulgaria,2011,IT.CEL.SETS.P2,141.938313217096
BGR,Bulgaria,2010,IT.CEL.SETS.P2,137.140251847404
BGR,Bulgaria,2009,IT.CEL.SETS.P2,139.620815193781
BGR,Bulgaria,2008,IT.CEL.SETS.P2,138.396717869014
BGR,Bulgaria,2007,IT.CEL.SETS.P2,130.455029782962
BGR,Bulgaria,2006,IT.CEL.SETS.P2,108.024848258457
BGR,Bulgaria,2005,IT.CEL.SETS.P2,81.1550542231694
BFA,Burkina Faso,2024,IT.CEL.SETS.P2,116.5895933212
BFA,Burkina Faso,2023,IT.CEL.SETS.P2,116.16313821519
BFA,Burkina Faso,2022,IT.CEL.SETS.P2,113.996146792235
BFA,Burkina Faso,2021,IT.CEL.SETS.P2,112.198419449151
BFA,Burkina Faso,2020,IT.CEL.SETS.P2,102.972844247019
BFA,Burkina Faso,2019,IT.CEL.SETS.P2,97.1498646690919
BFA,Burkina Faso,2018,IT.CEL.SETS.P2,94.6219614871852
BFA,Burkina Faso,2017,IT.CEL.SETS.P2,90.2081424191231
BFA,Burkina Faso,2016,IT.CEL.SETS.P2,79.6697942824089
BFA,Burkina Faso,2015,IT.CEL.SETS.P2,76.9373292602998
BFA,Burkina Faso,2014,IT.CEL.SETS.P2,68.5395525408019
BFA,Burkina Faso,2013,IT.CEL.SETS.P2,63.5243073500025
BFA,Burkina Faso,2012,IT.CEL.SETS.P2,58.0942130771516
BFA,Burkina Faso,2011,IT.CEL.SETS.P2,46.1057641177709
BFA,Burkina Faso,2010,IT.CEL.SETS.P2,35.2848311173407
BFA,Burkina Faso,2009,IT.CEL.SETS.P2,24.3386946942171
BFA,Burkina Faso,2008,IT.CEL.SETS.P2,19.819973570747
BFA,Burkina Faso,2007,IT.CEL.SETS.P2,12.5404933901545
BFA,Burkina Faso,2006,IT.CEL.SETS.P2,7.07267095398563
BFA,Burkina Faso,2005,IT.CEL.SETS.P2,4.54743329498311
BDI,Burundi,2023,IT.CEL.SETS.P2,63.1631365759764
BDI,Burundi,2022,IT.CEL.SETS.P2,56.2599912004244
BDI,Burundi,2021,IT.CEL.SETS.P2,59.700785493419
BDI,Burundi,2020,IT.CEL.SETS.P2,52.5571219738138
BDI,Burundi,2019,IT.CEL.SETS.P2,53.2995504978403
BDI,Burundi,2018,IT.CEL.SETS.P2,53.2736942349584
BDI,Burundi,2017,IT.CEL.SETS.P2,51.4533280518012
BDI,Burundi,2016,IT.CEL.SETS.P2,47.6697304877258
BDI,Burundi,2015,IT.CEL.SETS.P2,45.2379254099088
BDI,Burundi,2014,IT.CEL.SETS.P2,29.567783062348
BDI,Burundi,2013,IT.CEL.SETS.P2,24.3006814319026
BDI,Burundi,2012,IT.CEL.SETS.P2,22.3127768088819
BDI,Burundi,2011,IT.CEL.SETS.P2,19.7014852266593
BDI,Burundi,2010,IT.CEL.SETS.P2,17.8962195049637
BDI,Burundi,2009,IT.CEL.SETS.P2,10.2904048729688
BDI,Burundi,2008,IT.CEL.SETS.P2,5.65018234377978
BDI,Burundi,2007,IT.CEL.SETS.P2,3.30806380985543
BDI,Burundi,2006,IT.CEL.SETS.P2,2.54273479009152
BDI,Burundi,2005,IT.CEL.SETS.P2,2.01652788429717
CPV,Cabo Verde,2024,IT.CEL.SETS.P2,111.84067886381
CPV,Cabo Verde,2023,IT.CEL.SETS.P2,113.022968194497
CPV,Cabo Verde,2022,IT.CEL.SETS.P2,113.247367438782
CPV,Cabo Verde,2021,IT.CEL.SETS.P2,114.230551109167
CPV,Cabo Verde,2020,IT.CEL.SETS.P2,105.838590655535
CPV,Cabo Verde,2019,IT.CEL.SETS.P2,115.867801067488
CPV,Cabo Verde,2018,IT.CEL.SETS.P2,118.876152819844
CPV,Cabo Verde,2017,IT.CEL.SETS.P2,119.373631537182
CPV,Cabo Verde,2016,IT.CEL.SETS.P2,117.442454843782
CPV,Cabo Verde,2015,IT.CEL.SETS.P2,119.335511344785
CPV,Cabo Verde,2014,IT.CEL.SETS.P2,119.724160007495
CPV,Cabo Verde,2013,IT.CEL.SETS.P2,97.5075406315584
CPV,Cabo Verde,2012,IT.CEL.SETS.P2,83.0756609467629
CPV,Cabo Verde,2011,IT.CEL.SETS.P2,77.511257275925
CPV,Cabo Verde,2010,IT.CEL.SETS.P2,72.9467774586884
CPV,Cabo Verde,2009,IT.CEL.SETS.P2,57.4189800865767
CPV,Cabo Verde,2008,IT.CEL.SETS.P2,55.3839096049705
CPV,Cabo Verde,2007,IT.CEL.SETS.P2,30.6761522803765
CPV,Cabo Verde,2006,IT.CEL.SETS.P2,22.182960825549
CPV,Cabo Verde,2005,IT.CEL.SETS.P2,16.8456963812704
KHM,Cambodia,2024,IT.CEL.SETS.P2,116.091961125929
KHM,Cambodia,2023,IT.CEL.SETS.P2,120.80911943838
KHM,Cambodia,2022,IT.CEL.SETS.P2,113.391506572248
KHM,Cambodia,2021,IT.CEL.SETS.P2,117.234785164989
KHM,Cambodia,2020,IT.CEL.SETS.P2,126.075894769858
KHM,Cambodia,2019,IT.CEL.SETS.P2,129.957441474291
KHM,Cambodia,2018,IT.CEL.SETS.P2,119.309943480982
KHM,Cambodia,2017,IT.CEL.SETS.P2,115.551192369591
KHM,Cambodia,2016,IT.CEL.SETS.P2,125.627644524442
KHM,Cambodia,2015,IT.CEL.SETS.P2,133.45841400103
KHM,Cambodia,2014,IT.CEL.SETS.P2,132.832921082419
KHM,Cambodia,2013,IT.CEL.SETS.P2,133.580989792625
KHM,Cambodia,2012,IT.CEL.SETS.P2,127.835438875055
KHM,Cambodia,2011,IT.CEL.SETS.P2,93.4414773928272
KHM,Cambodia,2010,IT.CEL.SETS.P2,56.2093511731757
KHM,Cambodia,2009,IT.CEL.SETS.P2,43.9033649673842
KHM,Cambodia,2008,IT.CEL.SETS.P2,30.1491182361321
KHM,Cambodia,2007,IT.CEL.SETS.P2,18.6632056449428
KHM,Cambodia,2006,IT.CEL.SETS.P2,12.6229669738929
KHM,Cambodia,2005,IT.CEL.SETS.P2,7.90225491067104
CMR,Cameroon,2024,IT.CEL.SETS.P2,108.213130152497
CMR,Cameroon,2023,IT.CEL.SETS.P2,96.4817325902196
CMR,Cameroon,2022,IT.CEL.SETS.P2,89.8274190453067
CMR,Cameroon,2021,IT.CEL.SETS.P2,80.8081013360278
CMR,Cameroon,2020,IT.CEL.SETS.P2,85.2721639882676
CMR,Cameroon,2019,IT.CEL.SETS.P2,83.9044001051513
CMR,Cameroon,2018,IT.CEL.SETS.P2,74.3995446655806
CMR,Cameroon,2017,IT.CEL.SETS.P2,83.4502920413828
CMR,Cameroon,2016,IT.CEL.SETS.P2,79.8046154795305
CMR,Cameroon,2015,IT.CEL.SETS.P2,79.7800672605612
CMR,Cameroon,2014,IT.CEL.SETS.P2,77.2399893326772
CMR,Cameroon,2013,IT.CEL.SETS.P2,73.1912475512065
CMR,Cameroon,2012,IT.CEL.SETS.P2,62.9906520229266
CMR,Cameroon,2011,IT.CEL.SETS.P2,51.831042080032
CMR,Cameroon,2010,IT.CEL.SETS.P2,43.9120552066482
CMR,Cameroon,2009,IT.CEL.SETS.P2,41.8757501710529
CMR,Cameroon,2008,IT.CEL.SETS.P2,33.1693465336812
CMR,Cameroon,2007,IT.CEL.SETS.P2,25.1303387011205
CMR,Cameroon,2006,IT.CEL.SETS.P2,17.8682237967473
CMR,Cameroon,2005,IT.CEL.SETS.P2,13.1921614065904
CAN,Canada,2024,IT.CEL.SETS.P2,94.1059718794246
CAN,Canada,2023,IT.CEL.SETS.P2,94.1497268194785
CAN,Canada,2022,IT.CEL.SETS.P2,91.2386689983444
CAN,Canada,2021,IT.CEL.SETS.P2,87.4056019628826
CAN,Canada,2020,IT.CEL.SETS.P2,84.7747749116615
CAN,Canada,2019,IT.CEL.SETS.P2,90.9589210049458
CAN,Canada,2018,IT.CEL.SETS.P2,89.0494584998715
CAN,Canada,2017,IT.CEL.SETS.P2,86.1024018448784
CAN,Canada,2016,IT.CEL.SETS.P2,84.5919452304565
CAN,Canada,2015,IT.CEL.SETS.P2,82.767383138656
CAN,Canada,2014,IT.CEL.SETS.P2,80.790219211487
CAN,Canada,2013,IT.CEL.SETS.P2,80.3548920843149
CAN,Canada,2012,IT.CEL.SETS.P2,79.3757242462141
CAN,Canada,2011,IT.CEL.SETS.P2,77.6722584904981
CAN,Canada,2010,IT.CEL.SETS.P2,75.5197130593625
CAN,Canada,2009,IT.CEL.SETS.P2,70.3944880872526
CAN,Canada,2008,IT.CEL.SETS.P2,66.0481445157618
CAN,Canada,2007,IT.CEL.SETS.P2,61.2755204244533
CAN,Canada,2006,IT.CEL.SETS.P2,57.2331332804484
CAN,Canada,2005,IT.CEL.SETS.P2,52.4553306173799
CYM,Cayman Islands,2022,IT.CEL.SETS.P2,139.314997695241
CYM,Cayman Islands,2021,IT.CEL.SETS.P2,142.637074228333
CYM,Cayman Islands,2020,IT.CEL.SETS.P2,145.594315997903
CYM,Cayman Islands,2019,IT.CEL.SETS.P2,147.043533797733
CYM,Cayman Islands,2017,IT.CEL.SETS.P2,149.772991400015
CYM,Cayman Islands,2016,IT.CEL.SETS.P2,151.594294770206
CYM,Cayman Islands,2015,IT.CEL.SETS.P2,151.2669932838
CYM,Cayman Islands,2014,IT.CEL.SETS.P2,151.361369680851
CYM,Cayman Islands,2013,IT.CEL.SETS.P2,167.140056261188
CYM,Cayman Islands,2012,IT.CEL.SETS.P2,172.980257630916
CYM,Cayman Islands,2011,IT.CEL.SETS.P2,174.040571161385
CYM,Cayman Islands,2010,IT.CEL.SETS.P2,185.896227287011
CYM,Cayman Islands,2009,IT.CEL.SETS.P2,206.581398000684
CYM,Cayman Islands,2008,IT.CEL.SETS.P2,192.201520986882
CYM,Cayman Islands,2007,IT.CEL.SETS.P2,204.272747398716
CYM,Cayman Islands,2006,IT.CEL.SETS.P2,191.903715375684
CYM,Cayman Islands,2005,IT.CEL.SETS.P2,173.003761648286
CAF,Central African Republic,2022,IT.CEL.SETS.P2,38.8217901039988
CAF,Central African Republic,2021,IT.CEL.SETS.P2,35.8169832358522
CAF,Central African Republic,2020,IT.CEL.SETS.P2,36.426009643045
CAF,Central African Republic,2019,IT.CEL.SETS.P2,32.2626859489842
CAF,Central African Republic,2018,IT.CEL.SETS.P2,26.2215810621653
CAF,Central African Republic,2017,IT.CEL.SETS.P2,24.5204193752763
CAF,Central African Republic,2016,IT.CEL.SETS.P2,26.4835649048309
CAF,Central African Republic,2015,IT.CEL.SETS.P2,26.8396654368244
CAF,Central African Republic,2014,IT.CEL.SETS.P2,24.9962039132355
CAF,Central African Republic,2013,IT.CEL.SETS.P2,29.3015343940304
CAF,Central African Republic,2012,IT.CEL.SETS.P2,24.7918387246771
CAF,Central African Republic,2011,IT.CEL.SETS.P2,21.7401847658532
CAF,Central African Republic,2010,IT.CEL.SETS.P2,21.7946380977499
CAF,Central African Republic,2009,IT.CEL.SETS.P2,19.0689343696367
CAF,Central African Republic,2008,IT.CEL.SETS.P2,12.5027857083947
CAF,Central African Republic,2007,IT.CEL.SETS.P2,7.61858666254367
CAF,Central African Republic,2006,IT.CEL.SETS.P2,2.51280445195849
CAF,Central African Republic,2005,IT.CEL.SETS.P2,2.33164910546282
TCD,Chad,2024,IT.CEL.SETS.P2,72.9289782617702
TCD,Chad,2023,IT.CEL.SETS.P2,70.1873962423852
TCD,Chad,2022,IT.CEL.SETS.P2,65.4377795535985
TCD,Chad,2021,IT.CEL.SETS.P2,58.0323175441615
TCD,Chad,2020,IT.CEL.SETS.P2,50.434327397335
TCD,Chad,2019,IT.CEL.SETS.P2,45.9378876746208
TCD,Chad,2018,IT.CEL.SETS.P2,43.2279057924006
TCD,Chad,2017,IT.CEL.SETS.P2,40.7648866631048
TCD,Chad,2016,IT.CEL.SETS.P2,36.9555838356879
TCD,Chad,2015,IT.CEL.SETS.P2,37.3152541289811
TCD,Chad,2014,IT.CEL.SETS.P2,37.0123277165075
TCD,Chad,2013,IT.CEL.SETS.P2,33.3154384690936
TCD,Chad,2012,IT.CEL.SETS.P2,33.3228572133612
TCD,Chad,2011,IT.CEL.SETS.P2,28.7390189115685
TCD,Chad,2010,IT.CEL.SETS.P2,23.3525805934177
TCD,Chad,2009,IT.CEL.SETS.P2,19.1808238172742
TCD,Chad,2008,IT.CEL.SETS.P2,13.9417805187318
TCD,Chad,2007,IT.CEL.SETS.P2,8.28716997272972
TCD,Chad,2006,IT.CEL.SETS.P2,4.35334898001424
TCD,Chad,2005,IT.CEL.SETS.P2,2.03328940137249
CHL,Chile,2024,IT.CEL.SETS.P2,132.660408764665
CHL,Chile,2023,IT.CEL.SETS.P2,135.871118507277
CHL,Chile,2022,IT.CEL.SETS.P2,135.114280974065
CHL,Chile,2021,IT.CEL.SETS.P2,136.571581265001
CHL,Chile,2020,IT.CEL.SETS.P2,129.413740104604
CHL,Chile,2019,IT.CEL.SETS.P2,130.492770400522
CHL,Chile,2018,IT.CEL.SETS.P2,133.270134198082
CHL,Chile,2017,IT.CEL.SETS.P2,124.000811902967
CHL,Chile,2016,IT.CEL.SETS.P2,127.565123343064
CHL,Chile,2015,IT.CEL.SETS.P2,128.583971575207
CHL,Chile,2014,IT.CEL.SETS.P2,132.559670334991
CHL,Chile,2013,IT.CEL.SETS.P2,133.778091102587
CHL,Chile,2012,IT.CEL.SETS.P2,136.656261082535
CHL,Chile,2011,IT.CEL.SETS.P2,128.604683221629
CHL,Chile,2010,IT.CEL.SETS.P2,115.54453101319
CHL,Chile,2009,IT.CEL.SETS.P2,96.7106593278871
CHL,Chile,2008,IT.CEL.SETS.P2,87.8710347676476
CHL,Chile,2007,IT.CEL.SETS.P2,83.706530292478
CHL,Chile,2006,IT.CEL.SETS.P2,75.4173719554466
CHL,Chile,2005,IT.CEL.SETS.P2,64.650532290548
CHN,China,2024,IT.CEL.SETS.P2,131.753932036803
CHN,China,2023,IT.CEL.SETS.P2,128.247014127486
CHN,China,2022,IT.CEL.SETS.P2,124.195248970763
CHN,China,2021,IT.CEL.SETS.P2,121.491918368395
CHN,China,2020,IT.CEL.SETS.P2,120.496715387079
CHN,China,2019,IT.CEL.SETS.P2,122.670391850252
CHN,China,2018,IT.CEL.SETS.P2,116.229125477063
CHN,China,2017,IT.CEL.SETS.P2,104.073181609424
CHN,China,2016,IT.CEL.SETS.P2,97.2138770934621
CHN,China,2015,IT.CEL.SETS.P2,92.5401171363348
CHN,China,2014,IT.CEL.SETS.P2,92.6612034094217
CHN,China,2013,IT.CEL.SETS.P2,89.130227261039
CHN,China,2012,IT.CEL.SETS.P2,81.2075981633238
CHN,China,2011,IT.CEL.SETS.P2,72.5052393725573
CHN,China,2010,IT.CEL.SETS.P2,63.5563376954813
CHN,China,2009,IT.CEL.SETS.P2,55.6574567487616
CHN,China,2008,IT.CEL.SETS.P2,48.075790702641
CHN,China,2007,IT.CEL.SETS.P2,41.280765820364
CHN,China,2006,IT.CEL.SETS.P2,34.9802047114251
CHN,China,2005,IT.CEL.SETS.P2,30.030370302192
COL,Colombia,2024,IT.CEL.SETS.P2,174.094289675393
COL,Colombia,2023,IT.CEL.SETS.P2,166.980107777443
COL,Colombia,2022,IT.CEL.SETS.P2,156.195161137443
COL,Colombia,2021,IT.CEL.SETS.P2,146.627837254516
COL,Colombia,2020,IT.CEL.SETS.P2,133.661019178018
COL,Colombia,2019,IT.CEL.SETS.P2,132.810761644655
COL,Colombia,2018,IT.CEL.SETS.P2,131.595473810882
COL,Colombia,2017,IT.CEL.SETS.P2,129.272014227481
COL,Colombia,2016,IT.CEL.SETS.P2,123.709953422515
COL,Colombia,2015,IT.CEL.SETS.P2,122.051401385652
COL,Colombia,2014,IT.CEL.SETS.P2,118.822639860142
COL,Colombia,2013,IT.CEL.SETS.P2,108.978088379372
COL,Colombia,2012,IT.CEL.SETS.P2,107.329081558437
COL,Colombia,2011,IT.CEL.SETS.P2,102.07868984477
COL,Colombia,2010,IT.CEL.SETS.P2,99.3307638628387
COL,Colombia,2009,IT.CEL.SETS.P2,95.2296035956824
COL,Colombia,2008,IT.CEL.SETS.P2,94.5289757435806
COL,Colombia,2007,IT.CEL.SETS.P2,78.5031210785872
COL,Colombia,2006,IT.CEL.SETS.P2,69.7164658550249
COL,Colombia,2005,IT.CEL.SETS.P2,51.8645230811088
COM,Comoros,2023,IT.CEL.SETS.P2,109.855630436495
COM,Comoros,2022,IT.CEL.SETS.P2,100.549036907747
COM,Comoros,2021,IT.CEL.SETS.P2,104.311430086999
COM,Comoros,2020,IT.CEL.SETS.P2,97.4339379901591
COM,Comoros,2019,IT.CEL.SETS.P2,73.1291747290161
COM,Comoros,2018,IT.CEL.SETS.P2,64.6590805998004
COM,Comoros,2017,IT.CEL.SETS.P2,61.9708221164076
COM,Comoros,2016,IT.CEL.SETS.P2,61.2597928387402
COM,Comoros,2015,IT.CEL.SETS.P2,58.4555555249752
COM,Comoros,2014,IT.CEL.SETS.P2,53.8297097833741
COM,Comoros,2013,IT.CEL.SETS.P2,49.9143914322486
COM,Comoros,2012,IT.CEL.SETS.P2,41.5930930270088
COM,Comoros,2011,IT.CEL.SETS.P2,32.3981821883195
COM,Comoros,2010,IT.CEL.SETS.P2,25.2396019766781
COM,Comoros,2009,IT.CEL.SETS.P2,19.097526742862
COM,Comoros,2008,IT.CEL.SETS.P2,14.578099401405
COM,Comoros,2007,IT.CEL.SETS.P2,10.0666691521039
COM,Comoros,2006,IT.CEL.SETS.P2,6.09786144095193
COM,Comoros,2005,IT.CEL.SETS.P2,2.61913318721665
COD,"Congo, Dem. Rep.",2024,IT.CEL.SETS.P2,58.532153345468
COD,"Congo, Dem. Rep.",2023,IT.CEL.SETS.P2,53.1888827659463
COD,"Congo, Dem. Rep.",2022,IT.CEL.SETS.P2,48.6773534153863
COD,"Congo, Dem. Rep.",2021,IT.CEL.SETS.P2,47.2882541992485
COD,"Congo, Dem. Rep.",2020,IT.CEL.SETS.P2,42.5027574227056
COD,"Congo, Dem. Rep.",2019,IT.CEL.SETS.P2,39.9399996397964
COD,"Congo, Dem. Rep.",2018,IT.CEL.SETS.P2,40.5014483221793
COD,"Congo, Dem. Rep.",2017,IT.CEL.SETS.P2,40.6222618919854
COD,"Congo, Dem. Rep.",2016,IT.CEL.SETS.P2,34.4098982787676
COD,"Congo, Dem. Rep.",2015,IT.CEL.SETS.P2,46.5879368397055
COD,"Congo, Dem. Rep.",2014,IT.CEL.SETS.P2,47.3232446178692
COD,"Congo, Dem. Rep.",2013,IT.CEL.SETS.P2,37.2504622843341
COD,"Congo, Dem. Rep.",2012,IT.CEL.SETS.P2,27.4285479176207
COD,"Congo, Dem. Rep.",2011,IT.CEL.SETS.P2,22.081904226281
COD,"Congo, Dem. Rep.",2010,IT.CEL.SETS.P2,17.2401170438218
COD,"Congo, Dem. Rep.",2009,IT.CEL.SETS.P2,14.2422314241676
COD,"Congo, Dem. Rep.",2008,IT.CEL.SETS.P2,15.4333274152911
COD,"Congo, Dem. Rep.",2007,IT.CEL.SETS.P2,10.5509558026352
COD,"Congo, Dem. Rep.",2006,IT.CEL.SETS.P2,7.28434192555525
COD,"Congo, Dem. Rep.",2005,IT.CEL.SETS.P2,4.672156824474
COG,"Congo, Rep.",2024,IT.CEL.SETS.P2,95.5319320614796
COG,"Congo, Rep.",2023,IT.CEL.SETS.P2,94.8715365076336
COG,"Congo, Rep.",2022,IT.CEL.SETS.P2,93.6259259161068
COG,"Congo, Rep.",2021,IT.CEL.SETS.P2,95.8614998889206
COG,"Congo, Rep.",2020,IT.CEL.SETS.P2,97.6561289989503
COG,"Congo, Rep.",2019,IT.CEL.SETS.P2,91.0654212529473
COG,"Congo, Rep.",2018,IT.CEL.SETS.P2,91.1889913731567
COG,"Congo, Rep.",2017,IT.CEL.SETS.P2,94.4868175378447
COG,"Congo, Rep.",2016,IT.CEL.SETS.P2,103.857589492921
COG,"Congo, Rep.",2015,IT.CEL.SETS.P2,102.323043027664
COG,"Congo, Rep.",2014,IT.CEL.SETS.P2,99.0799617354116
COG,"Congo, Rep.",2013,IT.CEL.SETS.P2,95.9371427265534
COG,"Congo, Rep.",2012,IT.CEL.SETS.P2,90.3528989863831
COG,"Congo, Rep.",2011,IT.CEL.SETS.P2,84.2730931396327
COG,"Congo, Rep.",2010,IT.CEL.SETS.P2,83.3372102664775
COG,"Congo, Rep.",2009,IT.CEL.SETS.P2,68.8659935406248
COG,"Congo, Rep.",2008,IT.CEL.SETS.P2,43.9283464733463
COG,"Congo, Rep.",2007,IT.CEL.SETS.P2,32.3490426913675
COG,"Congo, Rep.",2006,IT.CEL.SETS.P2,23.9093357002081
COG,"Congo, Rep.",2005,IT.CEL.SETS.P2,15.1009916964998
CRI,Costa Rica,2024,IT.CEL.SETS.P2,136.024511151268
CRI,Costa Rica,2023,IT.CEL.SETS.P2,133.527658761832
CRI,Costa Rica,2022,IT.CEL.SETS.P2,136.518375013406
CRI,Costa Rica,2021,IT.CEL.SETS.P2,140.788061157457
CRI,Costa Rica,2020,IT.CEL.SETS.P2,142.481526800044
CRI,Costa Rica,2019,IT.CEL.SETS.P2,144.514079558713
CRI,Costa Rica,2018,IT.CEL.SETS.P2,171.357339055205
CRI,Costa Rica,2017,IT.CEL.SETS.P2,179.931274611112
CRI,Costa Rica,2016,IT.CEL.SETS.P2,171.166374015358
CRI,Costa Rica,2015,IT.CEL.SETS.P2,156.403893036958
CRI,Costa Rica,2014,IT.CEL.SETS.P2,147.26739567441
CRI,Costa Rica,2013,IT.CEL.SETS.P2,150.800664186252
CRI,Costa Rica,2012,IT.CEL.SETS.P2,115.312137778965
CRI,Costa Rica,2011,IT.CEL.SETS.P2,90.0914848759163
CRI,Costa Rica,2010,IT.CEL.SETS.P2,68.6654541894774
CRI,Costa Rica,2009,IT.CEL.SETS.P2,43.3424130142933
CRI,Costa Rica,2008,IT.CEL.SETS.P2,42.4897794081876
CRI,Costa Rica,2007,IT.CEL.SETS.P2,34.4322741543401
CRI,Costa Rica,2006,IT.CEL.SETS.P2,33.4090120194199
CRI,Costa Rica,2005,IT.CEL.SETS.P2,25.8447071744375
CIV,Cote d'Ivoire,2024,IT.CEL.SETS.P2,183.875985110648
CIV,Cote d'Ivoire,2023,IT.CEL.SETS.P2,171.988943341282
CIV,Cote d'Ivoire,2022,IT.CEL.SETS.P2,161.231833444196
CIV,Cote d'Ivoire,2021,IT.CEL.SETS.P2,150.343798608733
CIV,Cote d'Ivoire,2020,IT.CEL.SETS.P2,138.663750301785
CIV,Cote d'Ivoire,2019,IT.CEL.SETS.P2,132.574011521792
CIV,Cote d'Ivoire,2018,IT.CEL.SETS.P2,123.098008449044
CIV,Cote d'Ivoire,2017,IT.CEL.SETS.P2,118.755063895419
CIV,Cote d'Ivoire,2016,IT.CEL.SETS.P2,105.624772864173
CIV,Cote d'Ivoire,2015,IT.CEL.SETS.P2,100.638777689061
CIV,Cote d'Ivoire,2014,IT.CEL.SETS.P2,90.1219840101242
CIV,Cote d'Ivoire,2013,IT.CEL.SETS.P2,80.9986810652982
CIV,Cote d'Ivoire,2012,IT.CEL.SETS.P2,77.1273355805099
CIV,Cote d'Ivoire,2011,IT.CEL.SETS.P2,75.4688103733356
CIV,Cote d'Ivoire,2010,IT.CEL.SETS.P2,69.3658791896946
CIV,Cote d'Ivoire,2009,IT.CEL.SETS.P2,59.9342847557544
CIV,Cote d'Ivoire,2008,IT.CEL.SETS.P2,48.5675503786085
CIV,Cote d'Ivoire,2007,IT.CEL.SETS.P2,35.5088438452275
CIV,Cote d'Ivoire,2006,IT.CEL.SETS.P2,19.7861496888908
CIV,Cote d'Ivoire,2005,IT.CEL.SETS.P2,11.7071226897453
HRV,Croatia,2024,IT.CEL.SETS.P2,121.732525659138
HRV,Croatia,2023,IT.CEL.SETS.P2,117.112604314708
HRV,Croatia,2022,IT.CEL.SETS.P2,114.677195729643
HRV,Croatia,2021,IT.CEL.SETS.P2,112.169438491978
HRV,Croatia,2020,IT.CEL.SETS.P2,110.666299439701
HRV,Croatia,2019,IT.CEL.SETS.P2,110.493802074789
HRV,Croatia,2018,IT.CEL.SETS.P2,109.034035401906
HRV,Croatia,2017,IT.CEL.SETS.P2,105.794763679153
HRV,Croatia,2016,IT.CEL.SETS.P2,106.718403536951
HRV,Croatia,2015,IT.CEL.SETS.P2,105.543643003646
HRV,Croatia,2014,IT.CEL.SETS.P2,105.732295385283
HRV,Croatia,2013,IT.CEL.SETS.P2,111.281756214292
HRV,Croatia,2012,IT.CEL.SETS.P2,116.719313041118
HRV,Croatia,2011,IT.CEL.SETS.P2,119.489612280253
HRV,Croatia,2010,IT.CEL.SETS.P2,114.582326334034
HRV,Croatia,2009,IT.CEL.SETS.P2,108.455735141618
HRV,Croatia,2008,IT.CEL.SETS.P2,105.56585256074
HRV,Croatia,2007,IT.CEL.SETS.P2,116.650501835747
HRV,Croatia,2006,IT.CEL.SETS.P2,101.839751610362
HRV,Croatia,2005,IT.CEL.SETS.P2,84.6023570995094
CUB,Cuba,2024,IT.CEL.SETS.P2,72.930002350684
CUB,Cuba,2023,IT.CEL.SETS.P2,69.5767786567811
CUB,Cuba,2022,IT.CEL.SETS.P2,68.7180442358013
CUB,Cuba,2021,IT.CEL.SETS.P2,63.8661095570576
CUB,Cuba,2020,IT.CEL.SETS.P2,59.6058696780721
CUB,Cuba,2019,IT.CEL.SETS.P2,53.9383385257639
CUB,Cuba,2018,IT.CEL.SETS.P2,47.8601543156489
CUB,Cuba,2017,IT.CEL.SETS.P2,41.0193113711099
CUB,Cuba,2016,IT.CEL.SETS.P2,35.3988758000897
CUB,Cuba,2015,IT.CEL.SETS.P2,29.5816121680895
CUB,Cuba,2014,IT.CEL.SETS.P2,22.4242641732624
CUB,Cuba,2013,IT.CEL.SETS.P2,17.663909552762
CUB,Cuba,2012,IT.CEL.SETS.P2,14.8776339391366
CUB,Cuba,2011,IT.CEL.SETS.P2,11.6367981053254
CUB,Cuba,2010,IT.CEL.SETS.P2,8.87827465571973
CUB,Cuba,2009,IT.CEL.SETS.P2,5.49952592888765
CUB,Cuba,2008,IT.CEL.SETS.P2,2.93785859106843
CUB,Cuba,2007,IT.CEL.SETS.P2,1.75642086059413
CUB,Cuba,2006,IT.CEL.SETS.P2,1.35403043830989
CUB,Cuba,2005,IT.CEL.SETS.P2,1.20340377502297
CUW,Curacao,2023,IT.CEL.SETS.P2,93.7975591472655
CUW,Curacao,2022,IT.CEL.SETS.P2,92.7324718767703
CUW,Curacao,2021,IT.CEL.SETS.P2,90.6602271807463
CUW,Curacao,2020,IT.CEL.SETS.P2,91.8829519290015
CUW,Curacao,2019,IT.CEL.SETS.P2,97.200107627293
CUW,Curacao,2018,IT.CEL.SETS.P2,102.647274249241
CUW,Curacao,2017,IT.CEL.SETS.P2,111.077879845237
CUW,Curacao,2016,IT.CEL.SETS.P2,111.241968745157
CUW,Curacao,2015,IT.CEL.SETS.P2,114.330900535376
CUW,Curacao,2014,IT.CEL.SETS.P2,116.689390220994
CUW,Curacao,2013,IT.CEL.SETS.P2,124.764421337878
CUW,Curacao,2012,IT.CEL.SETS.P2,127.231027410032
CUW,Curacao,2011,IT.CEL.SETS.P2,130.099769181287
CUW,Curacao,2010,IT.CEL.SETS.P2,130.051823379802
CUW,Curacao,2009,IT.CEL.SETS.P2,129.053104444088
CYP,Cyprus,2024,IT.CEL.SETS.P2,156.218025662252
CYP,Cyprus,2023,IT.CEL.SETS.P2,148.333712748344
CYP,Cyprus,2022,IT.CEL.SETS.P2,146.71583605521
CYP,Cyprus,2021,IT.CEL.SETS.P2,142.051408905141
CYP,Cyprus,2020,IT.CEL.SETS.P2,135.588846364133
CYP,Cyprus,2019,IT.CEL.SETS.P2,137.76052748227
CYP,Cyprus,2018,IT.CEL.SETS.P2,134.843630644799
CYP,Cyprus,2017,IT.CEL.SETS.P2,133.940473480537
CYP,Cyprus,2016,IT.CEL.SETS.P2,130.334521209334
CYP,Cyprus,2015,IT.CEL.SETS.P2,128.631974994212
CYP,Cyprus,2014,IT.CEL.SETS.P2,129.042983271375
CYP,Cyprus,2013,IT.CEL.SETS.P2,127.862906976744
CYP,Cyprus,2012,IT.CEL.SETS.P2,128.74435044617
CYP,Cyprus,2011,IT.CEL.SETS.P2,126.559628770302
CYP,Cyprus,2010,IT.CEL.SETS.P2,123.133007859014
CYP,Cyprus,2009,IT.CEL.SETS.P2,119.340861921621
CYP,Cyprus,2008,IT.CEL.SETS.P2,127.586773748275
CYP,Cyprus,2007,IT.CEL.SETS.P2,127.29417825863
CYP,Cyprus,2006,IT.CEL.SETS.P2,114.498614592954
CYP,Cyprus,2005,IT.CEL.SETS.P2,105.175134408602
CZE,Czechia,2024,IT.CEL.SETS.P2,126.600163061009
CZE,Czechia,2023,IT.CEL.SETS.P2,126.004753501387
CZE,Czechia,2022,IT.CEL.SETS.P2,128.105295003482
CZE,Czechia,2021,IT.CEL.SETS.P2,126.173145654465
CZE,Czechia,2020,IT.CEL.SETS.P2,123.219460160155
CZE,Czechia,2019,IT.CEL.SETS.P2,124.126150238634
CZE,Czechia,2018,IT.CEL.SETS.P2,120.431679514249
CZE,Czechia,2017,IT.CEL.SETS.P2,119.874291148129
CZE,Czechia,2016,IT.CEL.SETS.P2,118.544499080322
CZE,Czechia,2015,IT.CEL.SETS.P2,118.339820565816
CZE,Czechia,2014,IT.CEL.SETS.P2,132.288685248373
CZE,Czechia,2013,IT.CEL.SETS.P2,130.521237278882
CZE,Czechia,2012,IT.CEL.SETS.P2,128.69010077246
CZE,Czechia,2011,IT.CEL.SETS.P2,125.460303933748
CZE,Czechia,2010,IT.CEL.SETS.P2,123.605282283555
CZE,Czechia,2009,IT.CEL.SETS.P2,125.349158452872
CZE,Czechia,2008,IT.CEL.SETS.P2,132.778736616777
CZE,Czechia,2007,IT.CEL.SETS.P2,127.966877622661
CZE,Czechia,2006,IT.CEL.SETS.P2,120.394905647853
CZE,Czechia,2005,IT.CEL.SETS.P2,114.549637539441
DNK,Denmark,2024,IT.CEL.SETS.P2,126.686532566268
DNK,Denmark,2023,IT.CEL.SETS.P2,126.717092547985
DNK,Denmark,2022,IT.CEL.SETS.P2,126.48354098254
DNK,Denmark,2021,IT.CEL.SETS.P2,125.604137839658
DNK,Denmark,2020,IT.CEL.SETS.P2,124.370019531752
DNK,Denmark,2019,IT.CEL.SETS.P2,124.573359763273
DNK,Denmark,2018,IT.CEL.SETS.P2,124.550124408336
DNK,Denmark,2017,IT.CEL.SETS.P2,123.86211468599
DNK,Denmark,2016,IT.CEL.SETS.P2,121.941164424922
DNK,Denmark,2015,IT.CEL.SETS.P2,124.553508356615
DNK,Denmark,2014,IT.CEL.SETS.P2,126.869141573913
DNK,Denmark,2013,IT.CEL.SETS.P2,125.21344682497
DNK,Denmark,2012,IT.CEL.SETS.P2,130.416027276514
DNK,Denmark,2011,IT.CEL.SETS.P2,128.762868998962
DNK,Denmark,2010,IT.CEL.SETS.P2,115.734472895239
DNK,Denmark,2009,IT.CEL.SETS.P2,123.727484183458
DNK,Denmark,2008,IT.CEL.SETS.P2,119.353288564998
DNK,Denmark,2007,IT.CEL.SETS.P2,115.497142141498
DNK,Denmark,2006,IT.CEL.SETS.P2,107.186073542231
DNK,Denmark,2005,IT.CEL.SETS.P2,100.547111340322
DJI,Djibouti,2023,IT.CEL.SETS.P2,48.4504884885996
DJI,Djibouti,2022,IT.CEL.SETS.P2,46.7770531248021
DJI,Djibouti,2021,IT.CEL.SETS.P2,43.6423520933817
DJI,Djibouti,2020,IT.CEL.SETS.P2,39.2725038635961
DJI,Djibouti,2019,IT.CEL.SETS.P2,38.0143821719119
DJI,Djibouti,2018,IT.CEL.SETS.P2,36.8545231657962
DJI,Djibouti,2017,IT.CEL.SETS.P2,35.3657091447905
DJI,Djibouti,2016,IT.CEL.SETS.P2,33.271816300825
DJI,Djibouti,2015,IT.CEL.SETS.P2,30.8091732634986
DJI,Djibouti,2014,IT.CEL.SETS.P2,28.6271201146485
DJI,Djibouti,2013,IT.CEL.SETS.P2,24.7884901261545
DJI,Djibouti,2012,IT.CEL.SETS.P2,21.9776218597006
DJI,Djibouti,2011,IT.CEL.SETS.P2,20.3518393182072
DJI,Djibouti,2010,IT.CEL.SETS.P2,17.8030445546417
DJI,Djibouti,2009,IT.CEL.SETS.P2,14.1275025314664
DJI,Djibouti,2008,IT.CEL.SETS.P2,12.6407194080208
DJI,Djibouti,2007,IT.CEL.SETS.P2,7.95160360788906
DJI,Djibouti,2006,IT.CEL.SETS.P2,5.23707470751282
DJI,Djibouti,2005,IT.CEL.SETS.P2,5.24961062577532
DMA,Dominica,2022,IT.CEL.SETS.P2,85.1898961482058
DMA,Dominica,2021,IT.CEL.SETS.P2,92.5136156662004
DMA,Dominica,2020,IT.CEL.SETS.P2,110.409483077561
DMA,Dominica,2019,IT.CEL.SETS.P2,115.103123158515
DMA,Dominica,2018,IT.CEL.SETS.P2,112.682254231819
DMA,Dominica,2017,IT.CEL.SETS.P2,109.83123102079
DMA,Dominica,2016,IT.CEL.SETS.P2,112.697181277476
DMA,Dominica,2015,IT.CEL.SETS.P2,109.720210197415
DMA,Dominica,2014,IT.CEL.SETS.P2,104.991971352649
DMA,Dominica,2013,IT.CEL.SETS.P2,134.225059169476
DMA,Dominica,2012,IT.CEL.SETS.P2,158.135362713041
DMA,Dominica,2011,IT.CEL.SETS.P2,157.73970718144
DMA,Dominica,2010,IT.CEL.SETS.P2,153.308935651113
DMA,Dominica,2009,IT.CEL.SETS.P2,143.035548327138
DMA,Dominica,2008,IT.CEL.SETS.P2,132.163708716995
DMA,Dominica,2007,IT.CEL.SETS.P2,129.272154196988
DMA,Dominica,2006,IT.CEL.SETS.P2,103.915356218934
DMA,Dominica,2005,IT.CEL.SETS.P2,75.6539703785608
DOM,Dominican Republic,2024,IT.CEL.SETS.P2,93.7095828968519
DOM,Dominican Republic,2023,IT.CEL.SETS.P2,91.8676246650308
DOM,Dominican Republic,2022,IT.CEL.SETS.P2,90.3760163850377
DOM,Dominican Republic,2021,IT.CEL.SETS.P2,87.5207623947766
DOM,Dominican Republic,2020,IT.CEL.SETS.P2,81.6619005659366
DOM,Dominican Republic,2019,IT.CEL.SETS.P2,82.1376141070859
DOM,Dominican Republic,2018,IT.CEL.SETS.P2,82.8937401810212
DOM,Dominican Republic,2017,IT.CEL.SETS.P2,82.2092066040533
DOM,Dominican Republic,2016,IT.CEL.SETS.P2,82.5303394895289
DOM,Dominican Republic,2015,IT.CEL.SETS.P2,84.3065756036826
DOM,Dominican Republic,2014,IT.CEL.SETS.P2,80.495501539039
DOM,Dominican Republic,2013,IT.CEL.SETS.P2,90.2546667185935
DOM,Dominican Republic,2012,IT.CEL.SETS.P2,88.7172926705772
DOM,Dominican Republic,2011,IT.CEL.SETS.P2,88.1873540123839
DOM,Dominican Republic,2010,IT.CEL.SETS.P2,90.5562579078275
DOM,Dominican Republic,2009,IT.CEL.SETS.P2,89.0106149754545
DOM,Dominican Republic,2008,IT.CEL.SETS.P2,75.320015501722
DOM,Dominican Republic,2007,IT.CEL.SETS.P2,58.3022249747188
DOM,Dominican Republic,2006,IT.CEL.SETS.P2,49.3048792642217
DOM,Dominican Republic,2005,IT.CEL.SETS.P2,39.2767007687993
ECU,Ecuador,2024,IT.CEL.SETS.P2,101.598265014024
ECU,Ecuador,2023,IT.CEL.SETS.P2,101.031752745524
ECU,Ecuador,2022,IT.CEL.SETS.P2,98.1309025742238
ECU,Ecuador,2021,IT.CEL.SETS.P2,94.950621672761
ECU,Ecuador,2020,IT.CEL.SETS.P2,88.2554920433727
ECU,Ecuador,2019,IT.CEL.SETS.P2,91.4249181128443
ECU,Ecuador,2018,IT.CEL.SETS.P2,92.5117717203865
ECU,Ecuador,2017,IT.CEL.SETS.P2,87.421387212843
ECU,Ecuador,2016,IT.CEL.SETS.P2,84.1088342242983
ECU,Ecuador,2015,IT.CEL.SETS.P2,79.5746462378333
ECU,Ecuador,2014,IT.CEL.SETS.P2,103.558519410265
ECU,Ecuador,2013,IT.CEL.SETS.P2,105.181656022524
ECU,Ecuador,2012,IT.CEL.SETS.P2,105.680291422005
ECU,Ecuador,2011,IT.CEL.SETS.P2,100.042332662827
ECU,Ecuador,2010,IT.CEL.SETS.P2,98.0369371404011
ECU,Ecuador,2009,IT.CEL.SETS.P2,89.3147112152108
ECU,Ecuador,2008,IT.CEL.SETS.P2,80.1668409123935
ECU,Ecuador,2007,IT.CEL.SETS.P2,69.3707479349418
ECU,Ecuador,2006,IT.CEL.SETS.P2,60.2369096240834
ECU,Ecuador,2005,IT.CEL.SETS.P2,45.1123679534901
EGY,"Egypt, Arab Rep.",2024,IT.CEL.SETS.P2,97.1295066037455
EGY,"Egypt, Arab Rep.",2023,IT.CEL.SETS.P2,92.8261626420085
EGY,"Egypt, Arab Rep.",2022,IT.CEL.SETS.P2,90.6794715776528
EGY,"Egypt, Arab Rep.",2021,IT.CEL.SETS.P2,84.0866220906029
EGY,"Egypt, Arab Rep.",2020,IT.CEL.SETS.P2,87.2316871725819
EGY,"Egypt, Arab Rep.",2019,IT.CEL.SETS.P2,88.6447815879102
EGY,"Egypt, Arab Rep.",2018,IT.CEL.SETS.P2,88.7420881346276
EGY,"Egypt, Arab Rep.",2017,IT.CEL.SETS.P2,99.2884367821237
EGY,"Egypt, Arab Rep.",2016,IT.CEL.SETS.P2,96.2091951594197
EGY,"Egypt, Arab Rep.",2015,IT.CEL.SETS.P2,94.3962460363651
EGY,"Egypt, Arab Rep.",2014,IT.CEL.SETS.P2,97.7313128919015
EGY,"Egypt, Arab Rep.",2013,IT.CEL.SETS.P2,104.585398175604
EGY,"Egypt, Arab Rep.",2012,IT.CEL.SETS.P2,103.904852847169
EGY,"Egypt, Arab Rep.",2011,IT.CEL.SETS.P2,91.5823290114783
EGY,"Egypt, Arab Rep.",2010,IT.CEL.SETS.P2,79.2198618342745
EGY,"Egypt, Arab Rep.",2009,IT.CEL.SETS.P2,63.2585121037051
EGY,"Egypt, Arab Rep.",2008,IT.CEL.SETS.P2,48.0833441516988
EGY,"Egypt, Arab Rep.",2007,IT.CEL.SETS.P2,35.7083780152706
EGY,"Egypt, Arab Rep.",2006,IT.CEL.SETS.P2,21.7666484648207
EGY,"Egypt, Arab Rep.",2005,IT.CEL.SETS.P2,16.8057130340828
SLV,El Salvador,2024,IT.CEL.SETS.P2,176.517423814642
SLV,El Salvador,2023,IT.CEL.SETS.P2,179.705636976149
SLV,El Salvador,2022,IT.CEL.SETS.P2,183.248955984561
SLV,El Salvador,2021,IT.CEL.SETS.P2,176.973446325336
SLV,El Salvador,2020,IT.CEL.SETS.P2,159.575329772708
SLV,El Salvador,2019,IT.CEL.SETS.P2,167.088631599992
SLV,El Salvador,2018,IT.CEL.SETS.P2,151.668612868534
SLV,El Salvador,2017,IT.CEL.SETS.P2,152.538724748062
SLV,El Salvador,2016,IT.CEL.SETS.P2,155.419607147465
SLV,El Salvador,2015,IT.CEL.SETS.P2,150.947947466847
SLV,El Salvador,2014,IT.CEL.SETS.P2,149.171006440904
SLV,El Salvador,2013,IT.CEL.SETS.P2,146.475563213174
SLV,El Salvador,2012,IT.CEL.SETS.P2,141.462796298644
SLV,El Salvador,2011,IT.CEL.SETS.P2,136.551339569766
SLV,El Salvador,2010,IT.CEL.SETS.P2,126.895517965726
SLV,El Salvador,2009,IT.CEL.SETS.P2,125.097486408944
SLV,El Salvador,2008,IT.CEL.SETS.P2,115.282146492369
SLV,El Salvador,2007,IT.CEL.SETS.P2,102.122474801259
SLV,El Salvador,2006,IT.CEL.SETS.P2,64.1687154581421
SLV,El Salvador,2005,IT.CEL.SETS.P2,40.1585492686965
GNQ,Equatorial Guinea,2022,IT.CEL.SETS.P2,49.5380486763568
GNQ,Equatorial Guinea,2021,IT.CEL.SETS.P2,46.434813558898
GNQ,Equatorial Guinea,2020,IT.CEL.SETS.P2,43.3495410342634
GNQ,Equatorial Guinea,2019,IT.CEL.SETS.P2,36.942192354463
GNQ,Equatorial Guinea,2018,IT.CEL.SETS.P2,36.5760302693232
GNQ,Equatorial Guinea,2017,IT.CEL.SETS.P2,36.2336437113254
GNQ,Equatorial Guinea,2016,IT.CEL.SETS.P2,38.1683691534068
GNQ,Equatorial Guinea,2015,IT.CEL.SETS.P2,36.6825478378153
GNQ,Equatorial Guinea,2014,IT.CEL.SETS.P2,36.9002477447229
GNQ,Equatorial Guinea,2013,IT.CEL.SETS.P2,37.9420717892644
GNQ,Equatorial Guinea,2012,IT.CEL.SETS.P2,38.7385841174565
GNQ,Equatorial Guinea,2011,IT.CEL.SETS.P2,38.5606783509887
GNQ,Equatorial Guinea,2010,IT.CEL.SETS.P2,33.579601121871
GNQ,Equatorial Guinea,2009,IT.CEL.SETS.P2,17.6107030809045
GNQ,Equatorial Guinea,2008,IT.CEL.SETS.P2,16.5970512572266
GNQ,Equatorial Guinea,2007,IT.CEL.SETS.P2,14.4781495766589
GNQ,Equatorial Guinea,2006,IT.CEL.SETS.P2,12.1170140042389
GNQ,Equatorial Guinea,2005,IT.CEL.SETS.P2,10.2283486758563
ERI,Eritrea,2022,IT.CEL.SETS.P2,59.1248082166991
ERI,Eritrea,2021,IT.CEL.SETS.P2,53.7582573847458
ERI,Eritrea,2020,IT.CEL.SETS.P2,54.7205015934574
ERI,Eritrea,2019,IT.CEL.SETS.P2,40.4605403256719
ERI,Eritrea,2017,IT.CEL.SETS.P2,22.0610618449333
ERI,Eritrea,2016,IT.CEL.SETS.P2,16.1935649461164
ERI,Eritrea,2015,IT.CEL.SETS.P2,15.2952170085389
ERI,Eritrea,2014,IT.CEL.SETS.P2,13.4855143799717
ERI,Eritrea,2013,IT.CEL.SETS.P2,11.5420445230877
ERI,Eritrea,2012,IT.CEL.SETS.P2,10.0521635251769
ERI,Eritrea,2011,IT.CEL.SETS.P2,8.06870803088893
ERI,Eritrea,2010,IT.CEL.SETS.P2,6.29077416502727
ERI,Eritrea,2009,IT.CEL.SETS.P2,4.88696745195879
ERI,Eritrea,2008,IT.CEL.SETS.P2,3.85718703829491
ERI,Eritrea,2007,IT.CEL.SETS.P2,3.07477849040289
ERI,Eritrea,2006,IT.CEL.SETS.P2,2.29317381677543
ERI,Eritrea,2005,IT.CEL.SETS.P2,1.51953149219435
EST,Estonia,2024,IT.CEL.SETS.P2,151.131825017309
EST,Estonia,2023,IT.CEL.SETS.P2,150.195729068839
EST,Estonia,2022,IT.CEL.SETS.P2,152.270772859015
EST,Estonia,2021,IT.CEL.SETS.P2,148.739589817601
EST,Estonia,2020,IT.CEL.SETS.P2,144.832210121466
EST,Estonia,2019,IT.CEL.SETS.P2,147.04692867619
EST,Estonia,2018,IT.CEL.SETS.P2,145.543490183174
EST,Estonia,2017,IT.CEL.SETS.P2,144.556616126155
EST,Estonia,2016,IT.CEL.SETS.P2,144.235470787302
EST,Estonia,2015,IT.CEL.SETS.P2,144.802963084675
EST,Estonia,2014,IT.CEL.SETS.P2,144.360615678625
EST,Estonia,2013,IT.CEL.SETS.P2,146.247455268495
EST,Estonia,2012,IT.CEL.SETS.P2,151.196568013694
EST,Estonia,2011,IT.CEL.SETS.P2,136.065402099509
EST,Estonia,2010,IT.CEL.SETS.P2,124.136203591879
EST,Estonia,2009,IT.CEL.SETS.P2,117.684904325724
EST,Estonia,2008,IT.CEL.SETS.P2,121.494023517023
EST,Estonia,2007,IT.CEL.SETS.P2,125.44512029119
EST,Estonia,2006,IT.CEL.SETS.P2,123.151282965075
EST,Estonia,2005,IT.CEL.SETS.P2,106.676173268145
SWZ,Eswatini,2024,IT.CEL.SETS.P2,139.833459658744
SWZ,Eswatini,2023,IT.CEL.SETS.P2,128.399211381334
SWZ,Eswatini,2022,IT.CEL.SETS.P2,121.491701239707
SWZ,Eswatini,2021,IT.CEL.SETS.P2,118.627490794327
SWZ,Eswatini,2020,IT.CEL.SETS.P2,104.747264466614
SWZ,Eswatini,2019,IT.CEL.SETS.P2,91.0519258836113
SWZ,Eswatini,2018,IT.CEL.SETS.P2,89.2003705956478
SWZ,Eswatini,2017,IT.CEL.SETS.P2,88.7130405501664
SWZ,Eswatini,2016,IT.CEL.SETS.P2,86.5588465316001
SWZ,Eswatini,2015,IT.CEL.SETS.P2,82.3406804087808
SWZ,Eswatini,2014,IT.CEL.SETS.P2,80.6829892484285
SWZ,Eswatini,2013,IT.CEL.SETS.P2,79.0272480287436
SWZ,Eswatini,2012,IT.CEL.SETS.P2,71.6279475345304
SWZ,Eswatini,2011,IT.CEL.SETS.P2,68.5737493883254
SWZ,Eswatini,2010,IT.CEL.SETS.P2,65.2905141006612
SWZ,Eswatini,2009,IT.CEL.SETS.P2,60.1212682768811
SWZ,Eswatini,2008,IT.CEL.SETS.P2,48.4152042043874
SWZ,Eswatini,2007,IT.CEL.SETS.P2,34.8398512888453
SWZ,Eswatini,2006,IT.CEL.SETS.P2,23.0534582031581
SWZ,Eswatini,2005,IT.CEL.SETS.P2,18.5353032653644
ETH,Ethiopia,2024,IT.CEL.SETS.P2,65.0825091944922
ETH,Ethiopia,2023,IT.CEL.SETS.P2,59.8748744402242
ETH,Ethiopia,2022,IT.CEL.SETS.P2,56.9642988837987
ETH,Ethiopia,2021,IT.CEL.SETS.P2,52.8088633217211
ETH,Ethiopia,2020,IT.CEL.SETS.P2,37.4208472347226
ETH,Ethiopia,2019,IT.CEL.SETS.P2,36.2199307720652
ETH,Ethiopia,2017,IT.CEL.SETS.P2,36.1094836260863
ETH,Ethiopia,2016,IT.CEL.SETS.P2,47.9993274246983
ETH,Ethiopia,2015,IT.CEL.SETS.P2,40.7363012371526
ETH,Ethiopia,2014,IT.CEL.SETS.P2,30.1536033852735
ETH,Ethiopia,2013,IT.CEL.SETS.P2,26.0536269908585
ETH,Ethiopia,2012,IT.CEL.SETS.P2,21.4239594545095
ETH,Ethiopia,2011,IT.CEL.SETS.P2,15.1655003216856
ETH,Ethiopia,2010,IT.CEL.SETS.P2,7.57025899497312
ETH,Ethiopia,2009,IT.CEL.SETS.P2,4.60380846952871
ETH,Ethiopia,2008,IT.CEL.SETS.P2,2.28482954460171
ETH,Ethiopia,2007,IT.CEL.SETS.P2,1.45421325867565
ETH,Ethiopia,2006,IT.CEL.SETS.P2,1.07393125130028
ETH,Ethiopia,2005,IT.CEL.SETS.P2,0.523980166770728
FRO,Faroe Islands,2022,IT.CEL.SETS.P2,105.80437318324
FRO,Faroe Islands,2021,IT.CEL.SETS.P2,111.093808630394
FRO,Faroe Islands,2020,IT.CEL.SETS.P2,112.600072261205
FRO,Faroe Islands,2019,IT.CEL.SETS.P2,106.012499517766
FRO,Faroe Islands,2018,IT.CEL.SETS.P2,111.282674295568
FRO,Faroe Islands,2017,IT.CEL.SETS.P2,112.690325020401
FRO,Faroe Islands,2016,IT.CEL.SETS.P2,110.023625386184
FRO,Faroe Islands,2015,IT.CEL.SETS.P2,108.833394690555
FRO,Faroe Islands,2014,IT.CEL.SETS.P2,120.19385440297
FRO,Faroe Islands,2013,IT.CEL.SETS.P2,119.61929617432
FRO,Faroe Islands,2012,IT.CEL.SETS.P2,122.106007361045
FRO,Faroe Islands,2011,IT.CEL.SETS.P2,121.990653815663
FRO,Faroe Islands,2010,IT.CEL.SETS.P2,123.41132263489
FRO,Faroe Islands,2009,IT.CEL.SETS.P2,117.537998308895
FRO,Faroe Islands,2008,IT.CEL.SETS.P2,113.118066724401
FRO,Faroe Islands,2007,IT.CEL.SETS.P2,107.622643066386
FRO,Faroe Islands,2006,IT.CEL.SETS.P2,103.17378376146
FRO,Faroe Islands,2005,IT.CEL.SETS.P2,86.9130084158723
FJI,Fiji,2024,IT.CEL.SETS.P2,574.152332512188
FJI,Fiji,2023,IT.CEL.SETS.P2,361.048644963723
FJI,Fiji,2022,IT.CEL.SETS.P2,111.749120643187
FJI,Fiji,2021,IT.CEL.SETS.P2,108.158405429846
FJI,Fiji,2020,IT.CEL.SETS.P2,108.365037711907
FJI,Fiji,2019,IT.CEL.SETS.P2,112.580732955222
FJI,Fiji,2018,IT.CEL.SETS.P2,110.665300159184
FJI,Fiji,2017,IT.CEL.SETS.P2,112.533863613853
FJI,Fiji,2016,IT.CEL.SETS.P2,113.655748798367
FJI,Fiji,2015,IT.CEL.SETS.P2,105.157101519958
FJI,Fiji,2014,IT.CEL.SETS.P2,95.4871755750148
FJI,Fiji,2013,IT.CEL.SETS.P2,101.533690110351
FJI,Fiji,2012,IT.CEL.SETS.P2,93.8673192570263
FJI,Fiji,2011,IT.CEL.SETS.P2,79.6285606945976
FJI,Fiji,2010,IT.CEL.SETS.P2,76.6592085622115
FJI,Fiji,2009,IT.CEL.SETS.P2,70.5437045806011
FJI,Fiji,2008,IT.CEL.SETS.P2,66.4158361919816
FJI,Fiji,2007,IT.CEL.SETS.P2,59.0364344331679
FJI,Fiji,2006,IT.CEL.SETS.P2,31.9712702094085
FJI,Fiji,2005,IT.CEL.SETS.P2,23.2326471958195
FIN,Finland,2024,IT.CEL.SETS.P2,125.860954798649
FIN,Finland,2023,IT.CEL.SETS.P2,127.47302579722
FIN,Finland,2022,IT.CEL.SETS.P2,128.023293416281
FIN,Finland,2021,IT.CEL.SETS.P2,129.036333202492
FIN,Finland,2020,IT.CEL.SETS.P2,128.761294644181
FIN,Finland,2019,IT.CEL.SETS.P2,129.487723024493
FIN,Finland,2018,IT.CEL.SETS.P2,129.629119305202
FIN,Finland,2017,IT.CEL.SETS.P2,129.983392624641
FIN,Finland,2016,IT.CEL.SETS.P2,131.382780978293
FIN,Finland,2015,IT.CEL.SETS.P2,134.974123663686
FIN,Finland,2014,IT.CEL.SETS.P2,139.198825856641
FIN,Finland,2013,IT.CEL.SETS.P2,136.259014207069
FIN,Finland,2012,IT.CEL.SETS.P2,172.147209506663
FIN,Finland,2011,IT.CEL.SETS.P2,165.916854869706
FIN,Finland,2010,IT.CEL.SETS.P2,156.432080695834
FIN,Finland,2009,IT.CEL.SETS.P2,144.225654334936
FIN,Finland,2008,IT.CEL.SETS.P2,128.543485621291
FIN,Finland,2007,IT.CEL.SETS.P2,114.961871609523
FIN,Finland,2006,IT.CEL.SETS.P2,107.666807120897
FIN,Finland,2005,IT.CEL.SETS.P2,100.455921199859
FRA,France,2023,IT.CEL.SETS.P2,116.687800394775
FRA,France,2022,IT.CEL.SETS.P2,115.950519429629
FRA,France,2021,IT.CEL.SETS.P2,113.952719366702
FRA,France,2020,IT.CEL.SETS.P2,110.387215275645
FRA,France,2019,IT.CEL.SETS.P2,109.600780374596
FRA,France,2018,IT.CEL.SETS.P2,107.482434668386
FRA,France,2017,IT.CEL.SETS.P2,105.718368398783
FRA,France,2016,IT.CEL.SETS.P2,103.816661597799
FRA,France,2015,IT.CEL.SETS.P2,102.718366606519
FRA,France,2014,IT.CEL.SETS.P2,101.132290573498
FRA,France,2013,IT.CEL.SETS.P2,98.347924466483
FRA,France,2012,IT.CEL.SETS.P2,97.1924631662654
FRA,France,2011,IT.CEL.SETS.P2,93.8529031474159
FRA,France,2010,IT.CEL.SETS.P2,91.1185789923179
FRA,France,2009,IT.CEL.SETS.P2,91.7782383081746
FRA,France,2008,IT.CEL.SETS.P2,92.3412305697068
FRA,France,2007,IT.CEL.SETS.P2,88.6688088543201
FRA,France,2006,IT.CEL.SETS.P2,83.2588797411526
FRA,France,2005,IT.CEL.SETS.P2,78.0332251997857
PYF,French Polynesia,2023,IT.CEL.SETS.P2,118.777524029055
PYF,French Polynesia,2022,IT.CEL.SETS.P2,116.866159256432
PYF,French Polynesia,2021,IT.CEL.SETS.P2,115.413592954766
PYF,French Polynesia,2020,IT.CEL.SETS.P2,119.981805744084
PYF,French Polynesia,2019,IT.CEL.SETS.P2,113.964606463728
PYF,French Polynesia,2018,IT.CEL.SETS.P2,108.168968782946
PYF,French Polynesia,2017,IT.CEL.SETS.P2,102.767711461082
PYF,French Polynesia,2016,IT.CEL.SETS.P2,100.334195387889
PYF,French Polynesia,2015,IT.CEL.SETS.P2,96.5695695047253
PYF,French Polynesia,2014,IT.CEL.SETS.P2,92.3064398832072
PYF,French Polynesia,2013,IT.CEL.SETS.P2,88.5949011385807
PYF,French Polynesia,2012,IT.CEL.SETS.P2,83.3446851518214
PYF,French Polynesia,2011,IT.CEL.SETS.P2,82.0039966584108
PYF,French Polynesia,2010,IT.CEL.SETS.P2,79.7878631088772
PYF,French Polynesia,2009,IT.CEL.SETS.P2,77.2822573762158
PYF,French Polynesia,2008,IT.CEL.SETS.P2,69.7319835009446
PYF,French Polynesia,2007,IT.CEL.SETS.P2,65.6238974920995
PYF,French Polynesia,2006,IT.CEL.SETS.P2,57.745713710428
PYF,French Polynesia,2005,IT.CEL.SETS.P2,46.2415272035051
GAB,Gabon,2024,IT.CEL.SETS.P2,125.337107593999
GAB,Gabon,2023,IT.CEL.SETS.P2,122.606627765979
GAB,Gabon,2022,IT.CEL.SETS.P2,123.233187164275
GAB,Gabon,2021,IT.CEL.SETS.P2,132.30865873249
GAB,Gabon,2020,IT.CEL.SETS.P2,131.301562643297
GAB,Gabon,2019,IT.CEL.SETS.P2,131.975264871196
GAB,Gabon,2018,IT.CEL.SETS.P2,132.465314660912
GAB,Gabon,2017,IT.CEL.SETS.P2,123.475497241411
GAB,Gabon,2016,IT.CEL.SETS.P2,141.050208874326
GAB,Gabon,2015,IT.CEL.SETS.P2,138.244498133013
GAB,Gabon,2014,IT.CEL.SETS.P2,148.237590091786
GAB,Gabon,2013,IT.CEL.SETS.P2,143.499442515887
GAB,Gabon,2012,IT.CEL.SETS.P2,138.488452744047
GAB,Gabon,2011,IT.CEL.SETS.P2,133.010491109633
GAB,Gabon,2010,IT.CEL.SETS.P2,93.6112366044355
GAB,Gabon,2009,IT.CEL.SETS.P2,87.2675973605464
GAB,Gabon,2008,IT.CEL.SETS.P2,80.887271143466
GAB,Gabon,2007,IT.CEL.SETS.P2,75.1170933476071
GAB,Gabon,2006,IT.CEL.SETS.P2,59.534904998021
GAB,Gabon,2005,IT.CEL.SETS.P2,50.3377189536008
GMB,"Gambia, The",2024,IT.CEL.SETS.P2,126.243773523653
GMB,"Gambia, The",2023,IT.CEL.SETS.P2,117.115660832998
GMB,"Gambia, The",2022,IT.CEL.SETS.P2,106.782250509204
GMB,"Gambia, The",2021,IT.CEL.SETS.P2,108.847403542688
GMB,"Gambia, The",2020,IT.CEL.SETS.P2,106.448259811355
GMB,"Gambia, The",2019,IT.CEL.SETS.P2,105.204644657943
GMB,"Gambia, The",2018,IT.CEL.SETS.P2,132.57837035012
GMB,"Gambia, The",2017,IT.CEL.SETS.P2,126.633674737607
GMB,"Gambia, The",2016,IT.CEL.SETS.P2,124.273821038818
GMB,"Gambia, The",2015,IT.CEL.SETS.P2,122.078516396055
GMB,"Gambia, The",2014,IT.CEL.SETS.P2,105.505264889158
GMB,"Gambia, The",2013,IT.CEL.SETS.P2,87.8808072933996
GMB,"Gambia, The",2012,IT.CEL.SETS.P2,74.6999893299085
GMB,"Gambia, The",2011,IT.CEL.SETS.P2,70.6308247268856
GMB,"Gambia, The",2010,IT.CEL.SETS.P2,76.7322734515709
GMB,"Gambia, The",2009,IT.CEL.SETS.P2,70.153818860738
GMB,"Gambia, The",2008,IT.CEL.SETS.P2,64.1491166497603
GMB,"Gambia, The",2007,IT.CEL.SETS.P2,45.3269217918035
GMB,"Gambia, The",2006,IT.CEL.SETS.P2,23.573187972774
GMB,"Gambia, The",2005,IT.CEL.SETS.P2,14.8453813562626
GEO,Georgia,2024,IT.CEL.SETS.P2,161.201784818537
GEO,Georgia,2023,IT.CEL.SETS.P2,155.249965068869
GEO,Georgia,2022,IT.CEL.SETS.P2,154.013561773213
GEO,Georgia,2021,IT.CEL.SETS.P2,146.566472682371
GEO,Georgia,2020,IT.CEL.SETS.P2,134.366007864735
GEO,Georgia,2019,IT.CEL.SETS.P2,141.755414275788
GEO,Georgia,2018,IT.CEL.SETS.P2,143.858127681082
GEO,Georgia,2017,IT.CEL.SETS.P2,145.072490171662
GEO,Georgia,2016,IT.CEL.SETS.P2,145.88058671059
GEO,Georgia,2015,IT.CEL.SETS.P2,146.396495596946
GEO,Georgia,2014,IT.CEL.SETS.P2,142.390867606876
GEO,Georgia,2013,IT.CEL.SETS.P2,131.083096511666
GEO,Georgia,2012,IT.CEL.SETS.P2,122.384147980521
GEO,Georgia,2011,IT.CEL.SETS.P2,114.516931163867
GEO,Georgia,2010,IT.CEL.SETS.P2,102.112900017326
GEO,Georgia,2009,IT.CEL.SETS.P2,72.3920059015943
GEO,Georgia,2008,IT.CEL.SETS.P2,69.9048638801176
GEO,Georgia,2007,IT.CEL.SETS.P2,65.5237562348932
GEO,Georgia,2006,IT.CEL.SETS.P2,42.6335344297177
GEO,Georgia,2005,IT.CEL.SETS.P2,29.1671582469622
DEU,Germany,2024,IT.CEL.SETS.P2,129.150921864378
DEU,Germany,2023,IT.CEL.SETS.P2,124.662572774586
DEU,Germany,2022,IT.CEL.SETS.P2,124.158264349285
DEU,Germany,2021,IT.CEL.SETS.P2,127.125099449404
DEU,Germany,2020,IT.CEL.SETS.P2,128.424798814302
DEU,Germany,2019,IT.CEL.SETS.P2,128.292298108313
DEU,Germany,2018,IT.CEL.SETS.P2,128.945577229674
DEU,Germany,2017,IT.CEL.SETS.P2,132.003261888443
DEU,Germany,2016,IT.CEL.SETS.P2,125.024012174369
DEU,Germany,2015,IT.CEL.SETS.P2,117.401165117624
DEU,Germany,2014,IT.CEL.SETS.P2,122.308668591557
DEU,Germany,2013,IT.CEL.SETS.P2,123.435398879553
DEU,Germany,2012,IT.CEL.SETS.P2,114.191945537857
DEU,Germany,2011,IT.CEL.SETS.P2,112.41947815744
DEU,Germany,2010,IT.CEL.SETS.P2,109.364084468464
DEU,Germany,2009,IT.CEL.SETS.P2,129.733283319711
DEU,Germany,2008,IT.CEL.SETS.P2,130.097465346683
DEU,Germany,2007,IT.CEL.SETS.P2,118.369804221089
DEU,Germany,2006,IT.CEL.SETS.P2,104.834680181706
DEU,Germany,2005,IT.CEL.SETS.P2,96.6168901963931
GHA,Ghana,2024,IT.CEL.SETS.P2,113.647966704673
GHA,Ghana,2023,IT.CEL.SETS.P2,98.8059221412722
GHA,Ghana,2022,IT.CEL.SETS.P2,120.803416027053
GHA,Ghana,2021,IT.CEL.SETS.P2,124.402625384529
GHA,Ghana,2020,IT.CEL.SETS.P2,126.887391353856
GHA,Ghana,2019,IT.CEL.SETS.P2,130.70523333401
GHA,Ghana,2018,IT.CEL.SETS.P2,133.609992432498
GHA,Ghana,2017,IT.CEL.SETS.P2,122.471765695646
GHA,Ghana,2016,IT.CEL.SETS.P2,130.481366086196
GHA,Ghana,2015,IT.CEL.SETS.P2,121.997156544235
GHA,Ghana,2014,IT.CEL.SETS.P2,108.270496910446
GHA,Ghana,2013,IT.CEL.SETS.P2,102.337999297675
GHA,Ghana,2012,IT.CEL.SETS.P2,95.8261770997433
GHA,Ghana,2011,IT.CEL.SETS.P2,81.1104488323626
GHA,Ghana,2010,IT.CEL.SETS.P2,68.4473107845556
GHA,Ghana,2009,IT.CEL.SETS.P2,60.7694975888344
GHA,Ghana,2008,IT.CEL.SETS.P2,47.7132196500561
GHA,Ghana,2007,IT.CEL.SETS.P2,32.1629441899404
GHA,Ghana,2006,IT.CEL.SETS.P2,22.6001881366288
GHA,Ghana,2005,IT.CEL.SETS.P2,12.8045967119533
GIB,Gibraltar,2022,IT.CEL.SETS.P2,97.6042968438406
GIB,Gibraltar,2021,IT.CEL.SETS.P2,92.6501709262575
GIB,Gibraltar,2020,IT.CEL.SETS.P2,97.9680977524673
GIB,Gibraltar,2019,IT.CEL.SETS.P2,114.208035160872
GIB,Gibraltar,2018,IT.CEL.SETS.P2,117.762667125724
GIB,Gibraltar,2017,IT.CEL.SETS.P2,119.827712074755
GIB,Gibraltar,2016,IT.CEL.SETS.P2,122.217600570444
GIB,Gibraltar,2015,IT.CEL.SETS.P2,124.848612659296
GIB,Gibraltar,2014,IT.CEL.SETS.P2,115.807759119861
GIB,Gibraltar,2012,IT.CEL.SETS.P2,108.495426020169
GIB,Gibraltar,2011,IT.CEL.SETS.P2,102.653190145294
GIB,Gibraltar,2010,IT.CEL.SETS.P2,96.0061443932412
GIB,Gibraltar,2009,IT.CEL.SETS.P2,92.7878532264867
GIB,Gibraltar,2008,IT.CEL.SETS.P2,85.4897576694177
GIB,Gibraltar,2007,IT.CEL.SETS.P2,79.9840031993601
GIB,Gibraltar,2006,IT.CEL.SETS.P2,74.3393931202271
GIB,Gibraltar,2005,IT.CEL.SETS.P2,68.5800500634365
GRC,Greece,2024,IT.CEL.SETS.P2,113.597610306796
GRC,Greece,2023,IT.CEL.SETS.P2,110.79216956747
GRC,Greece,2022,IT.CEL.SETS.P2,109.026956114201
GRC,Greece,2021,IT.CEL.SETS.P2,108.643525000707
GRC,Greece,2020,IT.CEL.SETS.P2,106.669795200072
GRC,Greece,2019,IT.CEL.SETS.P2,110.855033355177
GRC,Greece,2018,IT.CEL.SETS.P2,113.418450589721
GRC,Greece,2017,IT.CEL.SETS.P2,120.305633506681
GRC,Greece,2016,IT.CEL.SETS.P2,116.365109232942
GRC,Greece,2015,IT.CEL.SETS.P2,116.133089816996
GRC,Greece,2014,IT.CEL.SETS.P2,111.488230327161
GRC,Greece,2013,IT.CEL.SETS.P2,114.142688333026
GRC,Greece,2012,IT.CEL.SETS.P2,120.926137220412
GRC,Greece,2011,IT.CEL.SETS.P2,109.174140891708
GRC,Greece,2010,IT.CEL.SETS.P2,110.499601336489
GRC,Greece,2009,IT.CEL.SETS.P2,119.688606543586
GRC,Greece,2008,IT.CEL.SETS.P2,124.577949442767
GRC,Greece,2007,IT.CEL.SETS.P2,111.309114095329
GRC,Greece,2006,IT.CEL.SETS.P2,99.6706911691004
GRC,Greece,2005,IT.CEL.SETS.P2,93.4348777662167
GRL,Greenland,2022,IT.CEL.SETS.P2,118.637256652974
GRL,Greenland,2021,IT.CEL.SETS.P2,118.85048446673
GRL,Greenland,2020,IT.CEL.SETS.P2,117.614122681883
GRL,Greenland,2019,IT.CEL.SETS.P2,109.935097353969
GRL,Greenland,2018,IT.CEL.SETS.P2,109.487462995328
GRL,Greenland,2017,IT.CEL.SETS.P2,111.14479855897
GRL,Greenland,2015,IT.CEL.SETS.P2,108.887738526624
GRL,Greenland,2014,IT.CEL.SETS.P2,108.237053388639
GRL,Greenland,2013,IT.CEL.SETS.P2,106.878063454426
GRL,Greenland,2012,IT.CEL.SETS.P2,104.714854344993
GRL,Greenland,2011,IT.CEL.SETS.P2,103.357145370729
GRL,Greenland,2010,IT.CEL.SETS.P2,101.298265446709
GRL,Greenland,2009,IT.CEL.SETS.P2,94.5967941686423
GRL,Greenland,2008,IT.CEL.SETS.P2,98.5086743968514
GRL,Greenland,2007,IT.CEL.SETS.P2,116.938466415413
GRL,Greenland,2006,IT.CEL.SETS.P2,94.7559024664663
GRL,Greenland,2005,IT.CEL.SETS.P2,81.6154521510097
GRD,Grenada,2022,IT.CEL.SETS.P2,95.759239776586
GRD,Grenada,2021,IT.CEL.SETS.P2,86.5710270122035
GRD,Grenada,2020,IT.CEL.SETS.P2,102.079232600717
GRD,Grenada,2019,IT.CEL.SETS.P2,100.175028668489
GRD,Grenada,2018,IT.CEL.SETS.P2,102.61904556102
GRD,Grenada,2017,IT.CEL.SETS.P2,98.0413728581576
GRD,Grenada,2016,IT.CEL.SETS.P2,103.337965777816
GRD,Grenada,2015,IT.CEL.SETS.P2,104.439464229656
GRD,Grenada,2014,IT.CEL.SETS.P2,102.645182770827
GRD,Grenada,2013,IT.CEL.SETS.P2,117.194039845974
GRD,Grenada,2012,IT.CEL.SETS.P2,115.19574373753
GRD,Grenada,2011,IT.CEL.SETS.P2,107.830191204418
GRD,Grenada,2010,IT.CEL.SETS.P2,109.284318821358
GRD,Grenada,2009,IT.CEL.SETS.P2,102.84933575422
GRD,Grenada,2008,IT.CEL.SETS.P2,54.1245851969413
GRD,Grenada,2007,IT.CEL.SETS.P2,46.4893867284342
GRD,Grenada,2006,IT.CEL.SETS.P2,41.9421618922232
GRD,Grenada,2005,IT.CEL.SETS.P2,42.7014416680336
GTM,Guatemala,2024,IT.CEL.SETS.P2,112.520863034346
GTM,Guatemala,2023,IT.CEL.SETS.P2,113.709374947241
GTM,Guatemala,2022,IT.CEL.SETS.P2,115.156435692604
GTM,Guatemala,2021,IT.CEL.SETS.P2,125.718955715353
GTM,Guatemala,2020,IT.CEL.SETS.P2,117.475884100805
GTM,Guatemala,2019,IT.CEL.SETS.P2,122.043793418341
GTM,Guatemala,2018,IT.CEL.SETS.P2,121.500075538632
GTM,Guatemala,2017,IT.CEL.SETS.P2,120.637721514663
GTM,Guatemala,2016,IT.CEL.SETS.P2,112.267437714983
GTM,Guatemala,2015,IT.CEL.SETS.P2,113.459063296974
GTM,Guatemala,2014,IT.CEL.SETS.P2,107.844073276377
GTM,Guatemala,2013,IT.CEL.SETS.P2,141.131353657881
GTM,Guatemala,2012,IT.CEL.SETS.P2,137.757231829214
GTM,Guatemala,2011,IT.CEL.SETS.P2,131.685634641025
GTM,Guatemala,2010,IT.CEL.SETS.P2,124.605727183349
GTM,Guatemala,2009,IT.CEL.SETS.P2,121.749666616511
GTM,Guatemala,2008,IT.CEL.SETS.P2,107.272718661425
GTM,Guatemala,2007,IT.CEL.SETS.P2,87.1486092920912
GTM,Guatemala,2006,IT.CEL.SETS.P2,53.703138345141
GTM,Guatemala,2005,IT.CEL.SETS.P2,34.4605352122986
GIN,Guinea,2023,IT.CEL.SETS.P2,97.8794996455513
GIN,Guinea,2022,IT.CEL.SETS.P2,95.3174629318803
GIN,Guinea,2021,IT.CEL.SETS.P2,110.185519681138
GIN,Guinea,2020,IT.CEL.SETS.P2,107.776552007403
GIN,Guinea,2019,IT.CEL.SETS.P2,98.7621473298315
GIN,Guinea,2018,IT.CEL.SETS.P2,94.5550074326391
GIN,Guinea,2017,IT.CEL.SETS.P2,94.4640894763856
GIN,Guinea,2016,IT.CEL.SETS.P2,92.0232948978011
GIN,Guinea,2015,IT.CEL.SETS.P2,91.475617974568
GIN,Guinea,2014,IT.CEL.SETS.P2,75.686895511554
GIN,Guinea,2013,IT.CEL.SETS.P2,66.4452768540172
GIN,Guinea,2012,IT.CEL.SETS.P2,51.1345381222737
GIN,Guinea,2011,IT.CEL.SETS.P2,45.6101779050204
GIN,Guinea,2010,IT.CEL.SETS.P2,38.4760187632153
GIN,Guinea,2009,IT.CEL.SETS.P2,34.3962962020929
GIN,Guinea,2008,IT.CEL.SETS.P2,27.7809487345525
GIN,Guinea,2007,IT.CEL.SETS.P2,20.6990461155083
GIN,Guinea,2005,IT.CEL.SETS.P2,2.04416167956111
GNB,Guinea-Bissau,2024,IT.CEL.SETS.P2,147.197631273872
GNB,Guinea-Bissau,2023,IT.CEL.SETS.P2,128.110529740092
GNB,Guinea-Bissau,2022,IT.CEL.SETS.P2,125.934670099533
GNB,Guinea-Bissau,2021,IT.CEL.SETS.P2,108.62961248586
GNB,Guinea-Bissau,2020,IT.CEL.SETS.P2,95.0628708236165
GNB,Guinea-Bissau,2019,IT.CEL.SETS.P2,80.8245277725828
GNB,Guinea-Bissau,2018,IT.CEL.SETS.P2,77.0219356476645
GNB,Guinea-Bissau,2017,IT.CEL.SETS.P2,76.4393694008541
GNB,Guinea-Bissau,2016,IT.CEL.SETS.P2,70.1915996185367
GNB,Guinea-Bissau,2015,IT.CEL.SETS.P2,69.3267736083208
GNB,Guinea-Bissau,2014,IT.CEL.SETS.P2,63.654183911294
GNB,Guinea-Bissau,2013,IT.CEL.SETS.P2,55.420045012509
GNB,Guinea-Bissau,2012,IT.CEL.SETS.P2,63.5328932668127
GNB,Guinea-Bissau,2011,IT.CEL.SETS.P2,45.5596626030113
GNB,Guinea-Bissau,2010,IT.CEL.SETS.P2,43.2448876270711
GNB,Guinea-Bissau,2009,IT.CEL.SETS.P2,36.7107863915664
GNB,Guinea-Bissau,2008,IT.CEL.SETS.P2,33.6114146395225
GNB,Guinea-Bissau,2007,IT.CEL.SETS.P2,20.4152900165818
GNB,Guinea-Bissau,2006,IT.CEL.SETS.P2,11.1163475241697
GNB,Guinea-Bissau,2005,IT.CEL.SETS.P2,7.15301628202391
GUY,Guyana,2022,IT.CEL.SETS.P2,112.56503784518
GUY,Guyana,2021,IT.CEL.SETS.P2,104.968595260226
GUY,Guyana,2020,IT.CEL.SETS.P2,106.008686272494
GUY,Guyana,2019,IT.CEL.SETS.P2,96.327066296051
GUY,Guyana,2017,IT.CEL.SETS.P2,83.6990991295793
GUY,Guyana,2016,IT.CEL.SETS.P2,76.5713484941353
GUY,Guyana,2015,IT.CEL.SETS.P2,71.5091706302609
GUY,Guyana,2014,IT.CEL.SETS.P2,75.1635113473494
GUY,Guyana,2013,IT.CEL.SETS.P2,74.002594594018
GUY,Guyana,2012,IT.CEL.SETS.P2,73.3023980018438
GUY,Guyana,2011,IT.CEL.SETS.P2,70.8644205678996
GUY,Guyana,2010,IT.CEL.SETS.P2,74.7937954450815
GUY,Guyana,2009,IT.CEL.SETS.P2,64.9563751339593
GUY,Guyana,2008,IT.CEL.SETS.P2,59.3381181702769
GUY,Guyana,2007,IT.CEL.SETS.P2,71.1853299350872
GUY,Guyana,2006,IT.CEL.SETS.P2,52.7032831510239
GUY,Guyana,2005,IT.CEL.SETS.P2,36.9776347918424
HTI,Haiti,2022,IT.CEL.SETS.P2,65.1889329311174
HTI,Haiti,2021,IT.CEL.SETS.P2,64.3451990252656
HTI,Haiti,2020,IT.CEL.SETS.P2,65.0933737275708
HTI,Haiti,2019,IT.CEL.SETS.P2,61.6234088594647
HTI,Haiti,2018,IT.CEL.SETS.P2,60.232256515521
HTI,Haiti,2017,IT.CEL.SETS.P2,58.2917858919698
HTI,Haiti,2016,IT.CEL.SETS.P2,60.9477225087446
HTI,Haiti,2015,IT.CEL.SETS.P2,69.3702568086907
HTI,Haiti,2014,IT.CEL.SETS.P2,65.2574823572396
HTI,Haiti,2013,IT.CEL.SETS.P2,70.044477000521
HTI,Haiti,2012,IT.CEL.SETS.P2,60.5271659107243
HTI,Haiti,2011,IT.CEL.SETS.P2,42.360470661138
HTI,Haiti,2010,IT.CEL.SETS.P2,40.8026118567902
HTI,Haiti,2009,IT.CEL.SETS.P2,37.6486867698407
HTI,Haiti,2008,IT.CEL.SETS.P2,33.5754472826656
HTI,Haiti,2007,IT.CEL.SETS.P2,26.6715144811388
HTI,Haiti,2006,IT.CEL.SETS.P2,13.020039359579
HTI,Haiti,2005,IT.CEL.SETS.P2,5.52019567228578
HND,Honduras,2024,IT.CEL.SETS.P2,70.9397440517258
HND,Honduras,2023,IT.CEL.SETS.P2,74.4148227156961
HND,Honduras,2022,IT.CEL.SETS.P2,75.8551423411907
HND,Honduras,2021,IT.CEL.SETS.P2,73.4771659564055
HND,Honduras,2020,IT.CEL.SETS.P2,68.7836128557933
HND,Honduras,2019,IT.CEL.SETS.P2,76.0268304351136
HND,Honduras,2018,IT.CEL.SETS.P2,77.7100953282111
HND,Honduras,2017,IT.CEL.SETS.P2,85.8717287831828
HND,Honduras,2016,IT.CEL.SETS.P2,83.2180808679633
HND,Honduras,2015,IT.CEL.SETS.P2,87.1291789109486
HND,Honduras,2014,IT.CEL.SETS.P2,85.2365443166273
HND,Honduras,2013,IT.CEL.SETS.P2,87.3775687969259
HND,Honduras,2012,IT.CEL.SETS.P2,84.5664914453988
HND,Honduras,2011,IT.CEL.SETS.P2,94.399047465495
HND,Honduras,2010,IT.CEL.SETS.P2,113.617136181044
HND,Honduras,2009,IT.CEL.SETS.P2,102.452484456768
HND,Honduras,2008,IT.CEL.SETS.P2,77.5119321637319
HND,Honduras,2007,IT.CEL.SETS.P2,53.4134255918276
HND,Honduras,2006,IT.CEL.SETS.P2,29.2647925408315
HND,Honduras,2005,IT.CEL.SETS.P2,17.1356133802153
HKG,"Hong Kong SAR, China",2024,IT.CEL.SETS.P2,364.848981963231
HKG,"Hong Kong SAR, China",2023,IT.CEL.SETS.P2,319.493898344345
HKG,"Hong Kong SAR, China",2022,IT.CEL.SETS.P2,292.80765987826
HKG,"Hong Kong SAR, China",2021,IT.CEL.SETS.P2,319.852066930488
HKG,"Hong Kong SAR, China",2020,IT.CEL.SETS.P2,291.916274990037
HKG,"Hong Kong SAR, China",2019,IT.CEL.SETS.P2,286.618647834243
HKG,"Hong Kong SAR, China",2018,IT.CEL.SETS.P2,266.34009236007
HKG,"Hong Kong SAR, China",2017,IT.CEL.SETS.P2,247.078996858382
HKG,"Hong Kong SAR, China",2016,IT.CEL.SETS.P2,237.377770818344
HKG,"Hong Kong SAR, China",2015,IT.CEL.SETS.P2,227.03653842734
HKG,"Hong Kong SAR, China",2014,IT.CEL.SETS.P2,231.702338725003
HKG,"Hong Kong SAR, China",2013,IT.CEL.SETS.P2,233.650196473593
HKG,"Hong Kong SAR, China",2012,IT.CEL.SETS.P2,227.571131531867
HKG,"Hong Kong SAR, China",2011,IT.CEL.SETS.P2,214.097553258659
HKG,"Hong Kong SAR, China",2010,IT.CEL.SETS.P2,194.233637212483
HKG,"Hong Kong SAR, China",2009,IT.CEL.SETS.P2,178.317359257252
HKG,"Hong Kong SAR, China",2008,IT.CEL.SETS.P2,164.943198594896
HKG,"Hong Kong SAR, China",2007,IT.CEL.SETS.P2,154.225934880572
HKG,"Hong Kong SAR, China",2006,IT.CEL.SETS.P2,136.257644901451
HKG,"Hong Kong SAR, China",2005,IT.CEL.SETS.P2,123.677676990299
HUN,Hungary,2024,IT.CEL.SETS.P2,104.58063059269
HUN,Hungary,2023,IT.CEL.SETS.P2,105.054424922699
HUN,Hungary,2022,IT.CEL.SETS.P2,105.793848314995
HUN,Hungary,2021,IT.CEL.SETS.P2,105.137285804787
HUN,Hungary,2020,IT.CEL.SETS.P2,105.981902376717
HUN,Hungary,2019,IT.CEL.SETS.P2,105.141557934591
HUN,Hungary,2018,IT.CEL.SETS.P2,102.737202940663
HUN,Hungary,2017,IT.CEL.SETS.P2,101.629260697653
HUN,Hungary,2016,IT.CEL.SETS.P2,101.442011503556
HUN,Hungary,2015,IT.CEL.SETS.P2,100.623739037612
HUN,Hungary,2014,IT.CEL.SETS.P2,118.895659080821
HUN,Hungary,2013,IT.CEL.SETS.P2,117.200126277309
HUN,Hungary,2012,IT.CEL.SETS.P2,116.767825095297
HUN,Hungary,2011,IT.CEL.SETS.P2,117.526065994308
HUN,Hungary,2010,IT.CEL.SETS.P2,120.369453085535
HUN,Hungary,2009,IT.CEL.SETS.P2,117.908502208396
HUN,Hungary,2008,IT.CEL.SETS.P2,122.038350719207
HUN,Hungary,2007,IT.CEL.SETS.P2,109.924654791539
HUN,Hungary,2006,IT.CEL.SETS.P2,99.1619554459165
HUN,Hungary,2005,IT.CEL.SETS.P2,92.5916175179366
ISL,Iceland,2024,IT.CEL.SETS.P2,120.927513243653
ISL,Iceland,2023,IT.CEL.SETS.P2,121.475495280706
ISL,Iceland,2022,IT.CEL.SETS.P2,120.114839781678
ISL,Iceland,2021,IT.CEL.SETS.P2,117.34255750797
ISL,Iceland,2020,IT.CEL.SETS.P2,114.939418571031
ISL,Iceland,2019,IT.CEL.SETS.P2,114.623232603271
ISL,Iceland,2018,IT.CEL.SETS.P2,116.581078859812
ISL,Iceland,2017,IT.CEL.SETS.P2,116.796155223255
ISL,Iceland,2016,IT.CEL.SETS.P2,119.679414972554
ISL,Iceland,2015,IT.CEL.SETS.P2,116.004435688559
ISL,Iceland,2014,IT.CEL.SETS.P2,112.987310388627
ISL,Iceland,2013,IT.CEL.SETS.P2,109.997066860151
ISL,Iceland,2012,IT.CEL.SETS.P2,109.747195651429
ISL,Iceland,2011,IT.CEL.SETS.P2,107.817332368231
ISL,Iceland,2010,IT.CEL.SETS.P2,107.203653530636
ISL,Iceland,2009,IT.CEL.SETS.P2,106.62341656937
ISL,Iceland,2008,IT.CEL.SETS.P2,106.112486378553
ISL,Iceland,2007,IT.CEL.SETS.P2,104.635634090698
ISL,Iceland,2006,IT.CEL.SETS.P2,99.357628490756
ISL,Iceland,2005,IT.CEL.SETS.P2,95.3758666460042
IND,India,2024,IT.CEL.SETS.P2,79.3526921826412
IND,India,2023,IT.CEL.SETS.P2,80.5631998772888
IND,India,2022,IT.CEL.SETS.P2,80.1818007717416
IND,India,2021,IT.CEL.SETS.P2,81.603974311212
IND,India,2020,IT.CEL.SETS.P2,82.2540479927426
IND,India,2019,IT.CEL.SETS.P2,82.898144918237
IND,India,2018,IT.CEL.SETS.P2,85.5500756367908
IND,India,2017,IT.CEL.SETS.P2,85.9703537817688
IND,India,2016,IT.CEL.SETS.P2,83.917838213735
IND,India,2015,IT.CEL.SETS.P2,75.379332347226
IND,India,2014,IT.CEL.SETS.P2,71.9366825449914
IND,India,2013,IT.CEL.SETS.P2,68.3966708179098
IND,India,2012,IT.CEL.SETS.P2,67.6263517922249
IND,India,2011,IT.CEL.SETS.P2,70.8725652125021
IND,India,2010,IT.CEL.SETS.P2,60.4906435106584
IND,India,2009,IT.CEL.SETS.P2,42.8461358054675
IND,India,2008,IT.CEL.SETS.P2,28.7177007907217
IND,India,2007,IT.CEL.SETS.P2,19.620786501083
IND,India,2006,IT.CEL.SETS.P2,14.1574719620028
IND,India,2005,IT.CEL.SETS.P2,7.80651670797836
IDN,Indonesia,2024,IT.CEL.SETS.P2,122.514946500491
IDN,Indonesia,2023,IT.CEL.SETS.P2,125.238194847046
IDN,Indonesia,2022,IT.CEL.SETS.P2,122.873012230307
IDN,Indonesia,2021,IT.CEL.SETS.P2,132.199444256099
IDN,Indonesia,2020,IT.CEL.SETS.P2,129.40362112725
IDN,Indonesia,2019,IT.CEL.SETS.P2,125.244348145809
IDN,Indonesia,2018,IT.CEL.SETS.P2,118.330216938024
IDN,Indonesia,2017,IT.CEL.SETS.P2,162.782511760443
IDN,Indonesia,2016,IT.CEL.SETS.P2,145.704251250337
IDN,Indonesia,2015,IT.CEL.SETS.P2,129.468797674053
IDN,Indonesia,2014,IT.CEL.SETS.P2,125.767185647597
IDN,Indonesia,2013,IT.CEL.SETS.P2,122.424816798816
IDN,Indonesia,2012,IT.CEL.SETS.P2,111.581048999
IDN,Indonesia,2011,IT.CEL.SETS.P2,100.134519965107
IDN,Indonesia,2010,IT.CEL.SETS.P2,85.7838690956097
IDN,Indonesia,2009,IT.CEL.SETS.P2,67.2958400448831
IDN,Indonesia,2008,IT.CEL.SETS.P2,58.5357555358068
IDN,Indonesia,2007,IT.CEL.SETS.P2,39.3933857996178
IDN,Indonesia,2006,IT.CEL.SETS.P2,27.2718805165778
IDN,Indonesia,2005,IT.CEL.SETS.P2,20.3186367836848
IRN,"Iran, Islamic Rep.",2024,IT.CEL.SETS.P2,174.066388972063
IRN,"Iran, Islamic Rep.",2023,IT.CEL.SETS.P2,166.279821209677
IRN,"Iran, Islamic Rep.",2022,IT.CEL.SETS.P2,162.712943709127
IRN,"Iran, Islamic Rep.",2021,IT.CEL.SETS.P2,153.624638869213
IRN,"Iran, Islamic Rep.",2020,IT.CEL.SETS.P2,145.485569917724
IRN,"Iran, Islamic Rep.",2019,IT.CEL.SETS.P2,135.622267599115
IRN,"Iran, Islamic Rep.",2018,IT.CEL.SETS.P2,103.024273741245
IRN,"Iran, Islamic Rep.",2017,IT.CEL.SETS.P2,102.375956866471
IRN,"Iran, Islamic Rep.",2016,IT.CEL.SETS.P2,96.0721972454902
IRN,"Iran, Islamic Rep.",2015,IT.CEL.SETS.P2,89.8322296412795
IRN,"Iran, Islamic Rep.",2014,IT.CEL.SETS.P2,84.5268986808859
IRN,"Iran, Islamic Rep.",2013,IT.CEL.SETS.P2,81.1371930246672
IRN,"Iran, Islamic Rep.",2012,IT.CEL.SETS.P2,73.2734207057577
IRN,"Iran, Islamic Rep.",2011,IT.CEL.SETS.P2,71.4983841389879
IRN,"Iran, Islamic Rep.",2010,IT.CEL.SETS.P2,69.8155207353596
IRN,"Iran, Islamic Rep.",2009,IT.CEL.SETS.P2,68.7372417407898
IRN,"Iran, Islamic Rep.",2008,IT.CEL.SETS.P2,56.9429295712367
IRN,"Iran, Islamic Rep.",2007,IT.CEL.SETS.P2,39.9047497616975
IRN,"Iran, Islamic Rep.",2006,IT.CEL.SETS.P2,20.9629556446497
IRN,"Iran, Islamic Rep.",2005,IT.CEL.SETS.P2,11.8483865482002
IRQ,Iraq,2024,IT.CEL.SETS.P2,100.080276677726
IRQ,Iraq,2023,IT.CEL.SETS.P2,101.388721479182
IRQ,Iraq,2022,IT.CEL.SETS.P2,99.1323661916548
IRQ,Iraq,2021,IT.CEL.SETS.P2,94.6092832170426
IRQ,Iraq,2020,IT.CEL.SETS.P2,88.9799284628949
IRQ,Iraq,2019,IT.CEL.SETS.P2,90.3685290100393
IRQ,Iraq,2018,IT.CEL.SETS.P2,90.7159740030354
IRQ,Iraq,2017,IT.CEL.SETS.P2,84.9464629712121
IRQ,Iraq,2016,IT.CEL.SETS.P2,86.9439155206782
IRQ,Iraq,2015,IT.CEL.SETS.P2,89.3464376905175
IRQ,Iraq,2014,IT.CEL.SETS.P2,90.2871319578445
IRQ,Iraq,2013,IT.CEL.SETS.P2,91.9732728220056
IRQ,Iraq,2012,IT.CEL.SETS.P2,79.5011903487766
IRQ,Iraq,2011,IT.CEL.SETS.P2,79.346611020706
IRQ,Iraq,2010,IT.CEL.SETS.P2,74.9368134361824
IRQ,Iraq,2009,IT.CEL.SETS.P2,66.9264027267629
IRQ,Iraq,2008,IT.CEL.SETS.P2,60.5052577339657
IRQ,Iraq,2007,IT.CEL.SETS.P2,49.3851299082859
IRQ,Iraq,2006,IT.CEL.SETS.P2,32.6572645201556
IRQ,Iraq,2005,IT.CEL.SETS.P2,5.39647208013898
IRL,Ireland,2024,IT.CEL.SETS.P2,112.638817343502
IRL,Ireland,2023,IT.CEL.SETS.P2,110.798344311602
IRL,Ireland,2022,IT.CEL.SETS.P2,110.608851322579
IRL,Ireland,2021,IT.CEL.SETS.P2,106.86972424373
IRL,Ireland,2020,IT.CEL.SETS.P2,105.045612677382
IRL,Ireland,2019,IT.CEL.SETS.P2,104.597515228061
IRL,Ireland,2018,IT.CEL.SETS.P2,102.030494877842
IRL,Ireland,2017,IT.CEL.SETS.P2,101.842124574945
IRL,Ireland,2016,IT.CEL.SETS.P2,102.558386941167
IRL,Ireland,2015,IT.CEL.SETS.P2,104.242903808134
IRL,Ireland,2014,IT.CEL.SETS.P2,105.460883393918
IRL,Ireland,2013,IT.CEL.SETS.P2,105.53780299895
IRL,Ireland,2012,IT.CEL.SETS.P2,108.989828987516
IRL,Ireland,2011,IT.CEL.SETS.P2,107.134899495633
IRL,Ireland,2010,IT.CEL.SETS.P2,103.123305579196
IRL,Ireland,2009,IT.CEL.SETS.P2,103.766086014409
IRL,Ireland,2008,IT.CEL.SETS.P2,112.530720581971
IRL,Ireland,2007,IT.CEL.SETS.P2,113.137687313091
IRL,Ireland,2006,IT.CEL.SETS.P2,109.870670248019
IRL,Ireland,2005,IT.CEL.SETS.P2,102.760725861337
ISR,Israel,2024,IT.CEL.SETS.P2,177.393104798636
ISR,Israel,2023,IT.CEL.SETS.P2,153.336641345572
ISR,Israel,2022,IT.CEL.SETS.P2,151.1379631075
ISR,Israel,2021,IT.CEL.SETS.P2,139.775312861878
ISR,Israel,2020,IT.CEL.SETS.P2,139.425860895034
ISR,Israel,2019,IT.CEL.SETS.P2,135.143345507015
ISR,Israel,2018,IT.CEL.SETS.P2,125.733440171505
ISR,Israel,2017,IT.CEL.SETS.P2,126.049460421008
ISR,Israel,2016,IT.CEL.SETS.P2,128.745353991867
ISR,Israel,2015,IT.CEL.SETS.P2,131.256932278377
ISR,Israel,2014,IT.CEL.SETS.P2,120.296120931284
ISR,Israel,2013,IT.CEL.SETS.P2,122.590468216873
ISR,Israel,2012,IT.CEL.SETS.P2,121.257449610793
ISR,Israel,2011,IT.CEL.SETS.P2,123.142439797067
ISR,Israel,2010,IT.CEL.SETS.P2,124.183304971489
ISR,Israel,2009,IT.CEL.SETS.P2,125.199553267123
ISR,Israel,2008,IT.CEL.SETS.P2,126.817477148287
ISR,Israel,2007,IT.CEL.SETS.P2,127.857199795187
ISR,Israel,2006,IT.CEL.SETS.P2,122.789680118386
ISR,Israel,2005,IT.CEL.SETS.P2,115.290762500435
ITA,Italy,2024,IT.CEL.SETS.P2,132.575141676252
ITA,Italy,2023,IT.CEL.SETS.P2,131.871674517747
ITA,Italy,2022,IT.CEL.SETS.P2,131.673965640047
ITA,Italy,2021,IT.CEL.SETS.P2,130.781488497698
ITA,Italy,2020,IT.CEL.SETS.P2,129.49000571147
ITA,Italy,2019,IT.CEL.SETS.P2,132.181234381376
ITA,Italy,2018,IT.CEL.SETS.P2,138.264671531909
ITA,Italy,2017,IT.CEL.SETS.P2,138.882433107903
ITA,Italy,2016,IT.CEL.SETS.P2,142.127307324616
ITA,Italy,2015,IT.CEL.SETS.P2,144.763979440074
ITA,Italy,2014,IT.CEL.SETS.P2,148.21699121216
ITA,Italy,2013,IT.CEL.SETS.P2,159.698153133449
ITA,Italy,2012,IT.CEL.SETS.P2,160.558717223582
ITA,Italy,2011,IT.CEL.SETS.P2,159.092737727414
ITA,Italy,2010,IT.CEL.SETS.P2,155.684057564253
ITA,Italy,2009,IT.CEL.SETS.P2,150.295257362571
ITA,Italy,2008,IT.CEL.SETS.P2,151.676369660737
ITA,Italy,2007,IT.CEL.SETS.P2,151.925130505279
ITA,Italy,2006,IT.CEL.SETS.P2,136.871374454418
ITA,Italy,2005,IT.CEL.SETS.P2,122.181092098347
JAM,Jamaica,2024,IT.CEL.SETS.P2,117.693907561175
JAM,Jamaica,2023,IT.CEL.SETS.P2,115.092228780619
JAM,Jamaica,2022,IT.CEL.SETS.P2,105.762018411183
JAM,Jamaica,2021,IT.CEL.SETS.P2,102.38666630017
JAM,Jamaica,2020,IT.CEL.SETS.P2,101.50208125864
JAM,Jamaica,2019,IT.CEL.SETS.P2,107.105304450051
JAM,Jamaica,2018,IT.CEL.SETS.P2,105.137305560766
JAM,Jamaica,2017,IT.CEL.SETS.P2,109.782709062265
JAM,Jamaica,2016,IT.CEL.SETS.P2,116.279104528073
JAM,Jamaica,2015,IT.CEL.SETS.P2,111.942013905986
JAM,Jamaica,2014,IT.CEL.SETS.P2,107.579098909745
JAM,Jamaica,2013,IT.CEL.SETS.P2,102.24554700295
JAM,Jamaica,2012,IT.CEL.SETS.P2,97.9262957044903
JAM,Jamaica,2011,IT.CEL.SETS.P2,106.698112729098
JAM,Jamaica,2010,IT.CEL.SETS.P2,115.769193267185
JAM,Jamaica,2009,IT.CEL.SETS.P2,108.003887475132
JAM,Jamaica,2008,IT.CEL.SETS.P2,99.9151757296924
JAM,Jamaica,2007,IT.CEL.SETS.P2,98.9141056820694
JAM,Jamaica,2006,IT.CEL.SETS.P2,84.2161032637188
JAM,Jamaica,2005,IT.CEL.SETS.P2,73.7408013052154
JPN,Japan,2023,IT.CEL.SETS.P2,178.432441299977
JPN,Japan,2022,IT.CEL.SETS.P2,168.602943650636
JPN,Japan,2021,IT.CEL.SETS.P2,159.516123485628
JPN,Japan,2020,IT.CEL.SETS.P2,154.432206765516
JPN,Japan,2019,IT.CEL.SETS.P2,147.209910756974
JPN,Japan,2018,IT.CEL.SETS.P2,141.728728918149
JPN,Japan,2017,IT.CEL.SETS.P2,135.985843116605
JPN,Japan,2016,IT.CEL.SETS.P2,131.214861037498
JPN,Japan,2015,IT.CEL.SETS.P2,126.150959704287
JPN,Japan,2014,IT.CEL.SETS.P2,123.822099584501
JPN,Japan,2013,IT.CEL.SETS.P2,115.787169243408
JPN,Japan,2012,IT.CEL.SETS.P2,110.319058838317
JPN,Japan,2011,IT.CEL.SETS.P2,103.641547955059
JPN,Japan,2010,IT.CEL.SETS.P2,96.1788512760143
JPN,Japan,2009,IT.CEL.SETS.P2,90.7193519244929
JPN,Japan,2008,IT.CEL.SETS.P2,86.1411128734599
JPN,Japan,2007,IT.CEL.SETS.P2,83.8011886263973
JPN,Japan,2006,IT.CEL.SETS.P2,77.9907399102107
JPN,Japan,2005,IT.CEL.SETS.P2,75.4291988176682
JOR,Jordan,2024,IT.CEL.SETS.P2,69.6426153972396
JOR,Jordan,2023,IT.CEL.SETS.P2,67.545678186078
JOR,Jordan,2022,IT.CEL.SETS.P2,67.7457074341635
JOR,Jordan,2021,IT.CEL.SETS.P2,65.7448847660422
JOR,Jordan,2020,IT.CEL.SETS.P2,64.3142601333354
JOR,Jordan,2019,IT.CEL.SETS.P2,72.8902684631993
JOR,Jordan,2018,IT.CEL.SETS.P2,83.4592297338656
JOR,Jordan,2017,IT.CEL.SETS.P2,94.8121235548248
JOR,Jordan,2016,IT.CEL.SETS.P2,98.1219857316846
JOR,Jordan,2015,IT.CEL.SETS.P2,144.561128974956
JOR,Jordan,2014,IT.CEL.SETS.P2,126.168902295458
JOR,Jordan,2013,IT.CEL.SETS.P2,129.056838070079
JOR,Jordan,2012,IT.CEL.SETS.P2,118.414414309923
JOR,Jordan,2011,IT.CEL.SETS.P2,100.02856789936
JOR,Jordan,2010,IT.CEL.SETS.P2,90.7216800010634
JOR,Jordan,2009,IT.CEL.SETS.P2,84.2141418220428
JOR,Jordan,2008,IT.CEL.SETS.P2,76.0181096461649
JOR,Jordan,2007,IT.CEL.SETS.P2,69.8913482736109
JOR,Jordan,2006,IT.CEL.SETS.P2,67.5719512690336
JOR,Jordan,2005,IT.CEL.SETS.P2,52.0383900257182
KAZ,Kazakhstan,2024,IT.CEL.SETS.P2,127.085151242164
KAZ,Kazakhstan,2023,IT.CEL.SETS.P2,127.114775212168
KAZ,Kazakhstan,2022,IT.CEL.SETS.P2,125.641583521795
KAZ,Kazakhstan,2021,IT.CEL.SETS.P2,123.943942754522
KAZ,Kazakhstan,2020,IT.CEL.SETS.P2,124.698460644703
KAZ,Kazakhstan,2019,IT.CEL.SETS.P2,133.879728083238
KAZ,Kazakhstan,2018,IT.CEL.SETS.P2,137.674831523214
KAZ,Kazakhstan,2017,IT.CEL.SETS.P2,143.112796203246
KAZ,Kazakhstan,2016,IT.CEL.SETS.P2,139.051166437953
KAZ,Kazakhstan,2015,IT.CEL.SETS.P2,145.482493555551
KAZ,Kazakhstan,2014,IT.CEL.SETS.P2,160.502596360577
KAZ,Kazakhstan,2013,IT.CEL.SETS.P2,172.955295992334
KAZ,Kazakhstan,2012,IT.CEL.SETS.P2,174.709434924298
KAZ,Kazakhstan,2011,IT.CEL.SETS.P2,147.90107255349
KAZ,Kazakhstan,2010,IT.CEL.SETS.P2,115.239169415109
KAZ,Kazakhstan,2009,IT.CEL.SETS.P2,102.667617979132
KAZ,Kazakhstan,2008,IT.CEL.SETS.P2,90.7713165139918
KAZ,Kazakhstan,2007,IT.CEL.SETS.P2,75.7982025702559
KAZ,Kazakhstan,2006,IT.CEL.SETS.P2,48.2853584849609
KAZ,Kazakhstan,2005,IT.CEL.SETS.P2,33.8048625269968
KEN,Kenya,2024,IT.CEL.SETS.P2,126.477706000949
KEN,Kenya,2023,IT.CEL.SETS.P2,120.612416887959
KEN,Kenya,2022,IT.CEL.SETS.P2,121.168999135357
KEN,Kenya,2021,IT.CEL.SETS.P2,122.297519656734
KEN,Kenya,2020,IT.CEL.SETS.P2,117.602526394779
KEN,Kenya,2019,IT.CEL.SETS.P2,106.547822056778
KEN,Kenya,2018,IT.CEL.SETS.P2,98.5944679106884
KEN,Kenya,2017,IT.CEL.SETS.P2,87.026530838819
KEN,Kenya,2016,IT.CEL.SETS.P2,80.9772361004341
KEN,Kenya,2015,IT.CEL.SETS.P2,80.0958263165851
KEN,Kenya,2014,IT.CEL.SETS.P2,73.0327455558393
KEN,Kenya,2013,IT.CEL.SETS.P2,70.7541086893706
KEN,Kenya,2012,IT.CEL.SETS.P2,70.0226527327794
KEN,Kenya,2011,IT.CEL.SETS.P2,65.6730161546273
KEN,Kenya,2010,IT.CEL.SETS.P2,60.0234402305252
KEN,Kenya,2009,IT.CEL.SETS.P2,47.9215304374475
KEN,Kenya,2008,IT.CEL.SETS.P2,41.5840102028368
KEN,Kenya,2007,IT.CEL.SETS.P2,29.8383317494537
KEN,Kenya,2006,IT.CEL.SETS.P2,19.8902975525043
KEN,Kenya,2005,IT.CEL.SETS.P2,12.8838631190706
KIR,Kiribati,2024,IT.CEL.SETS.P2,53.5244353915461
KIR,Kiribati,2023,IT.CEL.SETS.P2,51.2540556855052
KIR,Kiribati,2022,IT.CEL.SETS.P2,49.1120496056535
KIR,Kiribati,2021,IT.CEL.SETS.P2,40.9979980837689
KIR,Kiribati,2020,IT.CEL.SETS.P2,43.3476871347116
KIR,Kiribati,2019,IT.CEL.SETS.P2,44.1071327700713
KIR,Kiribati,2018,IT.CEL.SETS.P2,43.6895907735657
KIR,Kiribati,2017,IT.CEL.SETS.P2,38.3479526086053
KIR,Kiribati,2016,IT.CEL.SETS.P2,43.8900048954236
KIR,Kiribati,2015,IT.CEL.SETS.P2,35.0982322475709
KIR,Kiribati,2014,IT.CEL.SETS.P2,26.0132147130742
KIR,Kiribati,2013,IT.CEL.SETS.P2,17.5688258753668
KIR,Kiribati,2012,IT.CEL.SETS.P2,16.0307790958641
KIR,Kiribati,2011,IT.CEL.SETS.P2,12.4612506439397
KIR,Kiribati,2010,IT.CEL.SETS.P2,9.74665145716809
KIR,Kiribati,2009,IT.CEL.SETS.P2,9.30523072877042
KIR,Kiribati,2008,IT.CEL.SETS.P2,0.959490318742684
KIR,Kiribati,2007,IT.CEL.SETS.P2,0.734804248148293
KIR,Kiribati,2006,IT.CEL.SETS.P2,0.699881020226562
KIR,Kiribati,2005,IT.CEL.SETS.P2,0.66302851022594
PRK,"Korea, Dem. People's Rep.",2022,IT.CEL.SETS.P2,24.1311041179361
PRK,"Korea, Dem. People's Rep.",2021,IT.CEL.SETS.P2,22.8723614729709
PRK,"Korea, Dem. People's Rep.",2020,IT.CEL.SETS.P2,22.9565670933221
PRK,"Korea, Dem. People's Rep.",2019,IT.CEL.SETS.P2,16.3340506540687
PRK,"Korea, Dem. People's Rep.",2017,IT.CEL.SETS.P2,14.7573125097971
PRK,"Korea, Dem. People's Rep.",2016,IT.CEL.SETS.P2,14.0320423984037
PRK,"Korea, Dem. People's Rep.",2015,IT.CEL.SETS.P2,12.6684483301304
PRK,"Korea, Dem. People's Rep.",2014,IT.CEL.SETS.P2,11.0014191044829
PRK,"Korea, Dem. People's Rep.",2013,IT.CEL.SETS.P2,9.55409574412015
PRK,"Korea, Dem. People's Rep.",2012,IT.CEL.SETS.P2,6.7428936247448
PRK,"Korea, Dem. People's Rep.",2011,IT.CEL.SETS.P2,3.98440122856621
PRK,"Korea, Dem. People's Rep.",2010,IT.CEL.SETS.P2,1.72855701093733
PRK,"Korea, Dem. People's Rep.",2009,IT.CEL.SETS.P2,0.278398889443231
PRK,"Korea, Dem. People's Rep.",2008,IT.CEL.SETS.P2,0.0
PRK,"Korea, Dem. People's Rep.",2007,IT.CEL.SETS.P2,0.0
PRK,"Korea, Dem. People's Rep.",2006,IT.CEL.SETS.P2,0.0
PRK,"Korea, Dem. People's Rep.",2005,IT.CEL.SETS.P2,0.0
KOR,"Korea, Rep.",2024,IT.CEL.SETS.P2,172.520241179065
KOR,"Korea, Rep.",2023,IT.CEL.SETS.P2,162.11365652794
KOR,"Korea, Rep.",2022,IT.CEL.SETS.P2,148.68360770138
KOR,"Korea, Rep.",2021,IT.CEL.SETS.P2,140.516382791931
KOR,"Korea, Rep.",2020,IT.CEL.SETS.P2,135.973274343048
KOR,"Korea, Rep.",2019,IT.CEL.SETS.P2,133.079790493891
KOR,"Korea, Rep.",2018,IT.CEL.SETS.P2,128.494634504197
KOR,"Korea, Rep.",2017,IT.CEL.SETS.P2,123.642066127533
KOR,"Korea, Rep.",2016,IT.CEL.SETS.P2,119.489512998783
KOR,"Korea, Rep.",2015,IT.CEL.SETS.P2,115.595447050042
KOR,"Korea, Rep.",2014,IT.CEL.SETS.P2,113.358579550833
KOR,"Korea, Rep.",2013,IT.CEL.SETS.P2,109.206248930023
KOR,"Korea, Rep.",2012,IT.CEL.SETS.P2,108.114681779859
KOR,"Korea, Rep.",2011,IT.CEL.SETS.P2,106.878306781378
KOR,"Korea, Rep.",2010,IT.CEL.SETS.P2,104.09665032935
KOR,"Korea, Rep.",2009,IT.CEL.SETS.P2,98.7589987345583
KOR,"Korea, Rep.",2008,IT.CEL.SETS.P2,94.314085183969
KOR,"Korea, Rep.",2007,IT.CEL.SETS.P2,92.0940186995266
KOR,"Korea, Rep.",2006,IT.CEL.SETS.P2,83.7326193913918
KOR,"Korea, Rep.",2005,IT.CEL.SETS.P2,80.1274936342835
XKX,Kosovo,2022,IT.CEL.SETS.P2,34.5402009143477
XKX,Kosovo,2010,IT.CEL.SETS.P2,31.41871135205
XKX,Kosovo,2009,IT.CEL.SETS.P2,31.3147573301328
XKX,Kosovo,2008,IT.CEL.SETS.P2,31.2073467202855
XKX,Kosovo,2007,IT.CEL.SETS.P2,31.0996550262466
XKX,Kosovo,2006,IT.CEL.SETS.P2,30.9969946152374
XKX,Kosovo,2005,IT.CEL.SETS.P2,30.9070731001774
KWT,Kuwait,2023,IT.CEL.SETS.P2,167.68428501222
KWT,Kuwait,2022,IT.CEL.SETS.P2,168.350157565806
KWT,Kuwait,2021,IT.CEL.SETS.P2,158.646854136291
KWT,Kuwait,2020,IT.CEL.SETS.P2,153.866464370257
KWT,Kuwait,2019,IT.CEL.SETS.P2,164.941648203568
KWT,Kuwait,2018,IT.CEL.SETS.P2,164.219580620472
KWT,Kuwait,2017,IT.CEL.SETS.P2,171.826095119125
KWT,Kuwait,2016,IT.CEL.SETS.P2,191.294217665413
KWT,Kuwait,2015,IT.CEL.SETS.P2,199.89137958103
KWT,Kuwait,2014,IT.CEL.SETS.P2,207.323653501069
KWT,Kuwait,2013,IT.CEL.SETS.P2,182.738430889808
KWT,Kuwait,2012,IT.CEL.SETS.P2,152.830739955499
KWT,Kuwait,2011,IT.CEL.SETS.P2,157.499296159938
KWT,Kuwait,2010,IT.CEL.SETS.P2,135.190013358828
KWT,Kuwait,2009,IT.CEL.SETS.P2,93.6658195861611
KWT,Kuwait,2008,IT.CEL.SETS.P2,56.570118438377
KWT,Kuwait,2007,IT.CEL.SETS.P2,56.8763664391577
KWT,Kuwait,2006,IT.CEL.SETS.P2,49.8818682701176
KWT,Kuwait,2005,IT.CEL.SETS.P2,61.7887792674138
KGZ,Kyrgyz Republic,2024,IT.CEL.SETS.P2,107.49229509732
KGZ,Kyrgyz Republic,2023,IT.CEL.SETS.P2,108.59118718329
KGZ,Kyrgyz Republic,2022,IT.CEL.SETS.P2,106.925973017004
KGZ,Kyrgyz Republic,2021,IT.CEL.SETS.P2,108.171654806063
KGZ,Kyrgyz Republic,2020,IT.CEL.SETS.P2,109.780106660424
KGZ,Kyrgyz Republic,2019,IT.CEL.SETS.P2,132.776694304851
KGZ,Kyrgyz Republic,2018,IT.CEL.SETS.P2,137.74227608483
KGZ,Kyrgyz Republic,2017,IT.CEL.SETS.P2,136.137649413599
KGZ,Kyrgyz Republic,2016,IT.CEL.SETS.P2,124.639033524314
KGZ,Kyrgyz Republic,2015,IT.CEL.SETS.P2,126.284372135274
KGZ,Kyrgyz Republic,2014,IT.CEL.SETS.P2,128.230500927468
KGZ,Kyrgyz Republic,2013,IT.CEL.SETS.P2,116.217890810688
KGZ,Kyrgyz Republic,2012,IT.CEL.SETS.P2,119.333438543784
KGZ,Kyrgyz Republic,2011,IT.CEL.SETS.P2,112.200710157323
KGZ,Kyrgyz Republic,2010,IT.CEL.SETS.P2,96.0616640090492
KGZ,Kyrgyz Republic,2009,IT.CEL.SETS.P2,83.1255498557153
KGZ,Kyrgyz Republic,2008,IT.CEL.SETS.P2,63.5283723785779
KGZ,Kyrgyz Republic,2007,IT.CEL.SETS.P2,40.8089370056808
KGZ,Kyrgyz Republic,2006,IT.CEL.SETS.P2,23.8858159268052
KGZ,Kyrgyz Republic,2005,IT.CEL.SETS.P2,10.3243942625057
LAO,Lao PDR,2023,IT.CEL.SETS.P2,64.7588066942788
LAO,Lao PDR,2022,IT.CEL.SETS.P2,63.3546046458219
LAO,Lao PDR,2021,IT.CEL.SETS.P2,64.7101497693472
LAO,Lao PDR,2020,IT.CEL.SETS.P2,63.1139885984314
LAO,Lao PDR,2019,IT.CEL.SETS.P2,64.0668582946144
LAO,Lao PDR,2018,IT.CEL.SETS.P2,51.3792491489602
LAO,Lao PDR,2017,IT.CEL.SETS.P2,52.8887895907566
LAO,Lao PDR,2016,IT.CEL.SETS.P2,57.2966195875928
LAO,Lao PDR,2015,IT.CEL.SETS.P2,54.7979496136596
LAO,Lao PDR,2014,IT.CEL.SETS.P2,68.9014991708403
LAO,Lao PDR,2013,IT.CEL.SETS.P2,69.7677113040611
LAO,Lao PDR,2012,IT.CEL.SETS.P2,65.961259571669
LAO,Lao PDR,2011,IT.CEL.SETS.P2,85.2839686365553
LAO,Lao PDR,2010,IT.CEL.SETS.P2,63.2029110570342
LAO,Lao PDR,2009,IT.CEL.SETS.P2,51.823574629881
LAO,Lao PDR,2008,IT.CEL.SETS.P2,32.8857244198174
LAO,Lao PDR,2007,IT.CEL.SETS.P2,24.4113505484264
LAO,Lao PDR,2006,IT.CEL.SETS.P2,16.9299201770861
LAO,Lao PDR,2005,IT.CEL.SETS.P2,11.2024094632562
LVA,Latvia,2024,IT.CEL.SETS.P2,121.262202363304
LVA,Latvia,2023,IT.CEL.SETS.P2,119.909944560018
LVA,Latvia,2022,IT.CEL.SETS.P2,115.202627450543
LVA,Latvia,2021,IT.CEL.SETS.P2,114.644670333429
LVA,Latvia,2020,IT.CEL.SETS.P2,107.902487108935
LVA,Latvia,2019,IT.CEL.SETS.P2,108.221910991332
LVA,Latvia,2018,IT.CEL.SETS.P2,107.397431401316
LVA,Latvia,2017,IT.CEL.SETS.P2,126.846989128969
LVA,Latvia,2016,IT.CEL.SETS.P2,135.227462327724
LVA,Latvia,2015,IT.CEL.SETS.P2,130.949148754694
LVA,Latvia,2014,IT.CEL.SETS.P2,119.549742772481
LVA,Latvia,2013,IT.CEL.SETS.P2,127.073387613574
LVA,Latvia,2012,IT.CEL.SETS.P2,129.304547798055
LVA,Latvia,2011,IT.CEL.SETS.P2,112.090589002306
LVA,Latvia,2010,IT.CEL.SETS.P2,109.927825454005
LVA,Latvia,2009,IT.CEL.SETS.P2,107.542192196889
LVA,Latvia,2008,IT.CEL.SETS.P2,105.551654925745
LVA,Latvia,2007,IT.CEL.SETS.P2,100.737558024988
LVA,Latvia,2006,IT.CEL.SETS.P2,98.4075939418629
LVA,Latvia,2005,IT.CEL.SETS.P2,83.5617184514221
LBN,Lebanon,2022,IT.CEL.SETS.P2,74.0148340435503
LBN,Lebanon,2021,IT.CEL.SETS.P2,74.9935205999452
LBN,Lebanon,2020,IT.CEL.SETS.P2,75.2003104658777
LBN,Lebanon,2019,IT.CEL.SETS.P2,73.1364785867655
LBN,Lebanon,2018,IT.CEL.SETS.P2,73.9321026202855
LBN,Lebanon,2017,IT.CEL.SETS.P2,71.4122336418984
LBN,Lebanon,2016,IT.CEL.SETS.P2,67.6419803070033
LBN,Lebanon,2015,IT.CEL.SETS.P2,71.9609626558273
LBN,Lebanon,2014,IT.CEL.SETS.P2,69.1237106092809
LBN,Lebanon,2013,IT.CEL.SETS.P2,67.6382047262301
LBN,Lebanon,2012,IT.CEL.SETS.P2,71.7218113497571
LBN,Lebanon,2011,IT.CEL.SETS.P2,67.8303852810625
LBN,Lebanon,2010,IT.CEL.SETS.P2,56.8042135263845
LBN,Lebanon,2009,IT.CEL.SETS.P2,47.8801999965146
LBN,Lebanon,2008,IT.CEL.SETS.P2,28.9725367963399
LBN,Lebanon,2007,IT.CEL.SETS.P2,26.0109270665991
LBN,Lebanon,2006,IT.CEL.SETS.P2,23.2877147696888
LBN,Lebanon,2005,IT.CEL.SETS.P2,21.2702912503302
LSO,Lesotho,2024,IT.CEL.SETS.P2,70.328049309004
LSO,Lesotho,2023,IT.CEL.SETS.P2,69.3513051423509
LSO,Lesotho,2022,IT.CEL.SETS.P2,68.1001351640997
LSO,Lesotho,2021,IT.CEL.SETS.P2,80.5368195682415
LSO,Lesotho,2020,IT.CEL.SETS.P2,69.8944012395073
LSO,Lesotho,2019,IT.CEL.SETS.P2,76.1124827725111
LSO,Lesotho,2018,IT.CEL.SETS.P2,72.4555241955612
LSO,Lesotho,2017,IT.CEL.SETS.P2,110.370078484639
LSO,Lesotho,2016,IT.CEL.SETS.P2,107.157971519258
LSO,Lesotho,2015,IT.CEL.SETS.P2,101.688197961524
LSO,Lesotho,2014,IT.CEL.SETS.P2,102.821994635806
LSO,Lesotho,2013,IT.CEL.SETS.P2,87.055264662748
LSO,Lesotho,2012,IT.CEL.SETS.P2,75.9363906183486
LSO,Lesotho,2011,IT.CEL.SETS.P2,61.1891009424486
LSO,Lesotho,2010,IT.CEL.SETS.P2,49.4651223718861
LSO,Lesotho,2009,IT.CEL.SETS.P2,33.3689571771781
LSO,Lesotho,2008,IT.CEL.SETS.P2,30.1654529450441
LSO,Lesotho,2007,IT.CEL.SETS.P2,24.6998875730315
LSO,Lesotho,2006,IT.CEL.SETS.P2,18.4011006327301
LSO,Lesotho,2005,IT.CEL.SETS.P2,12.7893640595655
LBR,Liberia,2022,IT.CEL.SETS.P2,32.0638885570006
LBR,Liberia,2021,IT.CEL.SETS.P2,31.429900768597
LBR,Liberia,2020,IT.CEL.SETS.P2,32.1004345501657
LBR,Liberia,2019,IT.CEL.SETS.P2,38.4041861157665
LBR,Liberia,2017,IT.CEL.SETS.P2,54.8575199657656
LBR,Liberia,2016,IT.CEL.SETS.P2,65.5437117609357
LBR,Liberia,2015,IT.CEL.SETS.P2,78.3786689834016
LBR,Liberia,2014,IT.CEL.SETS.P2,70.6628167823582
LBR,Liberia,2013,IT.CEL.SETS.P2,57.0612667465878
LBR,Liberia,2012,IT.CEL.SETS.P2,54.4220580497379
LBR,Liberia,2011,IT.CEL.SETS.P2,47.8690308724247
LBR,Liberia,2010,IT.CEL.SETS.P2,38.7127515158085
LBR,Liberia,2009,IT.CEL.SETS.P2,27.5184959376398
LBR,Liberia,2008,IT.CEL.SETS.P2,22.3665618687031
LBR,Liberia,2007,IT.CEL.SETS.P2,15.3445714830815
LBR,Liberia,2006,IT.CEL.SETS.P2,8.02111386343538
LBR,Liberia,2005,IT.CEL.SETS.P2,4.84699403062391
LBY,Libya,2022,IT.CEL.SETS.P2,192.97309381967
LBY,Libya,2021,IT.CEL.SETS.P2,195.117849246865
LBY,Libya,2020,IT.CEL.SETS.P2,164.987107188677
LBY,Libya,2019,IT.CEL.SETS.P2,164.00440049702
LBY,Libya,2017,IT.CEL.SETS.P2,89.333810176041
LBY,Libya,2016,IT.CEL.SETS.P2,115.499434118109
LBY,Libya,2015,IT.CEL.SETS.P2,149.224588127748
LBY,Libya,2014,IT.CEL.SETS.P2,132.203934123012
LBY,Libya,2013,IT.CEL.SETS.P2,162.34581961061
LBY,Libya,2012,IT.CEL.SETS.P2,155.146320117657
LBY,Libya,2011,IT.CEL.SETS.P2,157.649061523019
LBY,Libya,2010,IT.CEL.SETS.P2,167.748077476219
LBY,Libya,2009,IT.CEL.SETS.P2,149.749665681643
LBY,Libya,2008,IT.CEL.SETS.P2,118.341718213499
LBY,Libya,2007,IT.CEL.SETS.P2,73.7175601781016
LBY,Libya,2006,IT.CEL.SETS.P2,65.6759769847586
LBY,Libya,2005,IT.CEL.SETS.P2,34.136694932988
LIE,Liechtenstein,2024,IT.CEL.SETS.P2,128.901429646351
LIE,Liechtenstein,2023,IT.CEL.SETS.P2,127.059447446841
LIE,Liechtenstein,2022,IT.CEL.SETS.P2,126.306686674975
LIE,Liechtenstein,2021,IT.CEL.SETS.P2,126.070587030017
LIE,Liechtenstein,2020,IT.CEL.SETS.P2,126.104676657982
LIE,Liechtenstein,2019,IT.CEL.SETS.P2,124.214360041623
LIE,Liechtenstein,2018,IT.CEL.SETS.P2,123.979123501797
LIE,Liechtenstein,2017,IT.CEL.SETS.P2,122.594451783355
LIE,Liechtenstein,2016,IT.CEL.SETS.P2,117.766848331783
LIE,Liechtenstein,2015,IT.CEL.SETS.P2,109.491978609626
LIE,Liechtenstein,2014,IT.CEL.SETS.P2,109.388370153109
LIE,Liechtenstein,2013,IT.CEL.SETS.P2,104.109997290707
LIE,Liechtenstein,2012,IT.CEL.SETS.P2,98.5900098371407
LIE,Liechtenstein,2011,IT.CEL.SETS.P2,101.929969671905
LIE,Liechtenstein,2010,IT.CEL.SETS.P2,98.6138503847329
LIE,Liechtenstein,2009,IT.CEL.SETS.P2,97.992552566005
LIE,Liechtenstein,2008,IT.CEL.SETS.P2,95.9259677237332
LIE,Liechtenstein,2007,IT.CEL.SETS.P2,90.8788962698007
LIE,Liechtenstein,2006,IT.CEL.SETS.P2,82.2158684774839
LIE,Liechtenstein,2005,IT.CEL.SETS.P2,79.2799285117177
LTU,Lithuania,2024,IT.CEL.SETS.P2,138.728835196967
LTU,Lithuania,2023,IT.CEL.SETS.P2,137.203719983084
LTU,Lithuania,2022,IT.CEL.SETS.P2,135.834150715729
LTU,Lithuania,2021,IT.CEL.SETS.P2,133.357273318046
LTU,Lithuania,2020,IT.CEL.SETS.P2,131.341332336588
LTU,Lithuania,2019,IT.CEL.SETS.P2,132.528841977519
LTU,Lithuania,2018,IT.CEL.SETS.P2,134.333614750945
LTU,Lithuania,2017,IT.CEL.SETS.P2,154.147985747777
LTU,Lithuania,2016,IT.CEL.SETS.P2,146.550393676088
LTU,Lithuania,2015,IT.CEL.SETS.P2,143.991494147494
LTU,Lithuania,2014,IT.CEL.SETS.P2,145.49429149643
LTU,Lithuania,2013,IT.CEL.SETS.P2,154.341459457267
LTU,Lithuania,2012,IT.CEL.SETS.P2,167.226065135398
LTU,Lithuania,2011,IT.CEL.SETS.P2,163.043370593157
LTU,Lithuania,2010,IT.CEL.SETS.P2,157.889641413685
LTU,Lithuania,2009,IT.CEL.SETS.P2,156.847948346861
LTU,Lithuania,2008,IT.CEL.SETS.P2,157.03197861735
LTU,Lithuania,2007,IT.CEL.SETS.P2,152.012023368388
LTU,Lithuania,2006,IT.CEL.SETS.P2,144.296392938056
LTU,Lithuania,2005,IT.CEL.SETS.P2,131.038602302106
LUX,Luxembourg,2023,IT.CEL.SETS.P2,144.474949556306
LUX,Luxembourg,2022,IT.CEL.SETS.P2,139.651285065505
LUX,Luxembourg,2021,IT.CEL.SETS.P2,136.87108956478
LUX,Luxembourg,2020,IT.CEL.SETS.P2,132.908973559976
LUX,Luxembourg,2019,IT.CEL.SETS.P2,131.870169616698
LUX,Luxembourg,2018,IT.CEL.SETS.P2,131.326868398506
LUX,Luxembourg,2017,IT.CEL.SETS.P2,133.110922975046
LUX,Luxembourg,2016,IT.CEL.SETS.P2,130.932672500368
LUX,Luxembourg,2015,IT.CEL.SETS.P2,141.659175188223
LUX,Luxembourg,2014,IT.CEL.SETS.P2,144.244165248014
LUX,Luxembourg,2013,IT.CEL.SETS.P2,145.093438163702
LUX,Luxembourg,2012,IT.CEL.SETS.P2,143.387946442865
LUX,Luxembourg,2011,IT.CEL.SETS.P2,147.511878499915
LUX,Luxembourg,2010,IT.CEL.SETS.P2,143.276640192349
LUX,Luxembourg,2009,IT.CEL.SETS.P2,144.524044184212
LUX,Luxembourg,2008,IT.CEL.SETS.P2,144.583733818688
LUX,Luxembourg,2007,IT.CEL.SETS.P2,142.5239969184
LUX,Luxembourg,2006,IT.CEL.SETS.P2,150.78267416139
LUX,Luxembourg,2005,IT.CEL.SETS.P2,109.591866994153
MAC,"Macao SAR, China",2024,IT.CEL.SETS.P2,201.136947388589
MAC,"Macao SAR, China",2023,IT.CEL.SETS.P2,192.478344669931
MAC,"Macao SAR, China",2022,IT.CEL.SETS.P2,172.244717160072
MAC,"Macao SAR, China",2021,IT.CEL.SETS.P2,183.574788091048
MAC,"Macao SAR, China",2020,IT.CEL.SETS.P2,237.343774476003
MAC,"Macao SAR, China",2019,IT.CEL.SETS.P2,416.260540646881
MAC,"Macao SAR, China",2018,IT.CEL.SETS.P2,331.099986034622
MAC,"Macao SAR, China",2017,IT.CEL.SETS.P2,316.601552229203
MAC,"Macao SAR, China",2016,IT.CEL.SETS.P2,310.568300773121
MAC,"Macao SAR, China",2015,IT.CEL.SETS.P2,304.751044313614
MAC,"Macao SAR, China",2014,IT.CEL.SETS.P2,304.184963559144
MAC,"Macao SAR, China",2013,IT.CEL.SETS.P2,287.643446353444
MAC,"Macao SAR, China",2012,IT.CEL.SETS.P2,274.656223720989
MAC,"Macao SAR, China",2011,IT.CEL.SETS.P2,235.079295314897
MAC,"Macao SAR, China",2010,IT.CEL.SETS.P2,199.404590569397
MAC,"Macao SAR, China",2009,IT.CEL.SETS.P2,188.792009943893
MAC,"Macao SAR, China",2008,IT.CEL.SETS.P2,174.014516821227
MAC,"Macao SAR, China",2007,IT.CEL.SETS.P2,152.089033555119
MAC,"Macao SAR, China",2006,IT.CEL.SETS.P2,125.08122898022
MAC,"Macao SAR, China",2005,IT.CEL.SETS.P2,107.538589171415
MDG,Madagascar,2023,IT.CEL.SETS.P2,75.4562966735535
MDG,Madagascar,2022,IT.CEL.SETS.P2,64.7494924066919
MDG,Madagascar,2021,IT.CEL.SETS.P2,53.9177233784298
MDG,Madagascar,2020,IT.CEL.SETS.P2,54.8084663590199
MDG,Madagascar,2019,IT.CEL.SETS.P2,46.077978411707
MDG,Madagascar,2018,IT.CEL.SETS.P2,38.7515500132643
MDG,Madagascar,2017,IT.CEL.SETS.P2,32.5906255978573
MDG,Madagascar,2016,IT.CEL.SETS.P2,30.6447038676546
MDG,Madagascar,2015,IT.CEL.SETS.P2,42.0572239372609
MDG,Madagascar,2014,IT.CEL.SETS.P2,39.2252725571455
MDG,Madagascar,2013,IT.CEL.SETS.P2,35.0948534776429
MDG,Madagascar,2012,IT.CEL.SETS.P2,37.4155490576043
MDG,Madagascar,2011,IT.CEL.SETS.P2,38.0363591750174
MDG,Madagascar,2010,IT.CEL.SETS.P2,34.7635703189871
MDG,Madagascar,2009,IT.CEL.SETS.P2,29.162840971111
MDG,Madagascar,2008,IT.CEL.SETS.P2,23.1087553718629
MDG,Madagascar,2007,IT.CEL.SETS.P2,10.9142059758793
MDG,Madagascar,2006,IT.CEL.SETS.P2,5.30075933146314
MDG,Madagascar,2005,IT.CEL.SETS.P2,2.66324010069674
MWI,Malawi,2024,IT.CEL.SETS.P2,69.260530662121
MWI,Malawi,2023,IT.CEL.SETS.P2,61.0866071008045
MWI,Malawi,2022,IT.CEL.SETS.P2,59.6495709408963
MWI,Malawi,2021,IT.CEL.SETS.P2,59.5599408158462
MWI,Malawi,2020,IT.CEL.SETS.P2,51.2170439392301
MWI,Malawi,2019,IT.CEL.SETS.P2,46.7841008334388
MWI,Malawi,2018,IT.CEL.SETS.P2,38.1955692011493
MWI,Malawi,2017,IT.CEL.SETS.P2,43.0855088342582
MWI,Malawi,2016,IT.CEL.SETS.P2,40.8844441758703
MWI,Malawi,2015,IT.CEL.SETS.P2,38.4341901744435
MWI,Malawi,2014,IT.CEL.SETS.P2,33.8868400746068
MWI,Malawi,2013,IT.CEL.SETS.P2,32.7317425220037
MWI,Malawi,2012,IT.CEL.SETS.P2,29.5800071510519
MWI,Malawi,2011,IT.CEL.SETS.P2,25.8864481164849
MWI,Malawi,2010,IT.CEL.SETS.P2,21.025675510066
MWI,Malawi,2009,IT.CEL.SETS.P2,17.2664810012484
MWI,Malawi,2008,IT.CEL.SETS.P2,10.787342707362
MWI,Malawi,2007,IT.CEL.SETS.P2,7.74031710895931
MWI,Malawi,2006,IT.CEL.SETS.P2,4.6986669369963
MWI,Malawi,2005,IT.CEL.SETS.P2,3.2800777505911
MYS,Malaysia,2024,IT.CEL.SETS.P2,139.664651283564
MYS,Malaysia,2023,IT.CEL.SETS.P2,142.7320920639
MYS,Malaysia,2022,IT.CEL.SETS.P2,138.208441079076
MYS,Malaysia,2021,IT.CEL.SETS.P2,137.684938559871
MYS,Malaysia,2020,IT.CEL.SETS.P2,129.017911652905
MYS,Malaysia,2019,IT.CEL.SETS.P2,133.372921941941
MYS,Malaysia,2018,IT.CEL.SETS.P2,128.873150399987
MYS,Malaysia,2017,IT.CEL.SETS.P2,130.853522804244
MYS,Malaysia,2016,IT.CEL.SETS.P2,136.725167298764
MYS,Malaysia,2015,IT.CEL.SETS.P2,141.210531313909
MYS,Malaysia,2014,IT.CEL.SETS.P2,146.3656485505
MYS,Malaysia,2013,IT.CEL.SETS.P2,142.522112800428
MYS,Malaysia,2012,IT.CEL.SETS.P2,139.314753874976
MYS,Malaysia,2011,IT.CEL.SETS.P2,125.715832147402
MYS,Malaysia,2010,IT.CEL.SETS.P2,118.156632715164
MYS,Malaysia,2009,IT.CEL.SETS.P2,107.179512670287
MYS,Malaysia,2008,IT.CEL.SETS.P2,100.518464614095
MYS,Malaysia,2007,IT.CEL.SETS.P2,86.4755300769983
MYS,Malaysia,2006,IT.CEL.SETS.P2,73.6762398568335
MYS,Malaysia,2005,IT.CEL.SETS.P2,75.6500475633466
MDV,Maldives,2024,IT.CEL.SETS.P2,148.137074909198
MDV,Maldives,2023,IT.CEL.SETS.P2,141.601234995076
MDV,Maldives,2022,IT.CEL.SETS.P2,136.458655310185
MDV,Maldives,2021,IT.CEL.SETS.P2,136.789214071769
MDV,Maldives,2020,IT.CEL.SETS.P2,142.936122584731
MDV,Maldives,2019,IT.CEL.SETS.P2,169.774322321116
MDV,Maldives,2018,IT.CEL.SETS.P2,181.34343974517
MDV,Maldives,2017,IT.CEL.SETS.P2,196.409673414258
MDV,Maldives,2016,IT.CEL.SETS.P2,183.197235330741
MDV,Maldives,2015,IT.CEL.SETS.P2,172.785960191894
MDV,Maldives,2014,IT.CEL.SETS.P2,160.974524741488
MDV,Maldives,2013,IT.CEL.SETS.P2,156.262903991801
MDV,Maldives,2012,IT.CEL.SETS.P2,144.912336034
MDV,Maldives,2011,IT.CEL.SETS.P2,141.955019616029
MDV,Maldives,2010,IT.CEL.SETS.P2,137.018282001818
MDV,Maldives,2009,IT.CEL.SETS.P2,131.439236235733
MDV,Maldives,2008,IT.CEL.SETS.P2,129.585328851474
MDV,Maldives,2007,IT.CEL.SETS.P2,96.6284412858767
MDV,Maldives,2006,IT.CEL.SETS.P2,86.3635929151094
MDV,Maldives,2005,IT.CEL.SETS.P2,66.4493243132993
MLI,Mali,2022,IT.CEL.SETS.P2,112.119852778009
MLI,Mali,2021,IT.CEL.SETS.P2,108.693122357196
MLI,Mali,2020,IT.CEL.SETS.P2,116.587405376001
MLI,Mali,2019,IT.CEL.SETS.P2,108.814511587375
MLI,Mali,2018,IT.CEL.SETS.P2,107.404034726492
MLI,Mali,2017,IT.CEL.SETS.P2,111.210305187838
MLI,Mali,2016,IT.CEL.SETS.P2,105.348301513254
MLI,Mali,2015,IT.CEL.SETS.P2,122.082978226993
MLI,Mali,2014,IT.CEL.SETS.P2,130.439571178385
MLI,Mali,2013,IT.CEL.SETS.P2,113.114584714497
MLI,Mali,2012,IT.CEL.SETS.P2,86.1756593856956
MLI,Mali,2011,IT.CEL.SETS.P2,65.7107159010821
MLI,Mali,2010,IT.CEL.SETS.P2,46.6622176783255
MLI,Mali,2009,IT.CEL.SETS.P2,28.8978765173021
MLI,Mali,2008,IT.CEL.SETS.P2,23.0146454181582
MLI,Mali,2007,IT.CEL.SETS.P2,17.5053976147782
MLI,Mali,2006,IT.CEL.SETS.P2,10.8143886204419
MLI,Mali,2005,IT.CEL.SETS.P2,5.62822858148233
MLT,Malta,2024,IT.CEL.SETS.P2,142.070062100751
MLT,Malta,2023,IT.CEL.SETS.P2,140.59359496844
MLT,Malta,2022,IT.CEL.SETS.P2,132.861156549134
MLT,Malta,2021,IT.CEL.SETS.P2,123.941408455002
MLT,Malta,2020,IT.CEL.SETS.P2,122.175694268893
MLT,Malta,2019,IT.CEL.SETS.P2,125.866492068688
MLT,Malta,2018,IT.CEL.SETS.P2,127.093763801237
MLT,Malta,2017,IT.CEL.SETS.P2,129.249073523943
MLT,Malta,2016,IT.CEL.SETS.P2,128.59869659476
MLT,Malta,2015,IT.CEL.SETS.P2,117.794018171562
MLT,Malta,2014,IT.CEL.SETS.P2,125.718724466898
MLT,Malta,2013,IT.CEL.SETS.P2,129.921671505793
MLT,Malta,2012,IT.CEL.SETS.P2,124.757214417819
MLT,Malta,2011,IT.CEL.SETS.P2,122.871784244091
MLT,Malta,2010,IT.CEL.SETS.P2,107.790825054241
MLT,Malta,2009,IT.CEL.SETS.P2,100.306087287159
MLT,Malta,2008,IT.CEL.SETS.P2,92.0440414445937
MLT,Malta,2007,IT.CEL.SETS.P2,88.3347675079159
MLT,Malta,2006,IT.CEL.SETS.P2,83.4679651658186
MLT,Malta,2005,IT.CEL.SETS.P2,78.3847866060195
MHL,Marshall Islands,2022,IT.CEL.SETS.P2,39.7060658232902
MHL,Marshall Islands,2021,IT.CEL.SETS.P2,38.6781734232601
MHL,Marshall Islands,2020,IT.CEL.SETS.P2,37.4654615276542
MHL,Marshall Islands,2019,IT.CEL.SETS.P2,36.3578521598836
MHL,Marshall Islands,2017,IT.CEL.SETS.P2,34.3871563970857
MHL,Marshall Islands,2015,IT.CEL.SETS.P2,31.7622950819672
MHL,Marshall Islands,2014,IT.CEL.SETS.P2,31.126998152462
MHL,Marshall Islands,2005,IT.CEL.SETS.P2,1.27152930297075
MRT,Mauritania,2024,IT.CEL.SETS.P2,92.0748946443443
MRT,Mauritania,2023,IT.CEL.SETS.P2,90.7724948884417
MRT,Mauritania,2022,IT.CEL.SETS.P2,109.883898247552
MRT,Mauritania,2021,IT.CEL.SETS.P2,137.540323142707
MRT,Mauritania,2020,IT.CEL.SETS.P2,126.277034284458
MRT,Mauritania,2019,IT.CEL.SETS.P2,105.441089704161
MRT,Mauritania,2018,IT.CEL.SETS.P2,105.275094895088
MRT,Mauritania,2017,IT.CEL.SETS.P2,96.7595354581295
MRT,Mauritania,2016,IT.CEL.SETS.P2,88.4383494871236
MRT,Mauritania,2015,IT.CEL.SETS.P2,91.8941169084199
MRT,Mauritania,2014,IT.CEL.SETS.P2,97.5267336951353
MRT,Mauritania,2013,IT.CEL.SETS.P2,106.798483685642
MRT,Mauritania,2012,IT.CEL.SETS.P2,111.230731736701
MRT,Mauritania,2011,IT.CEL.SETS.P2,94.6316258570616
MRT,Mauritania,2010,IT.CEL.SETS.P2,81.8660764708571
MRT,Mauritania,2009,IT.CEL.SETS.P2,66.4418800358538
MRT,Mauritania,2008,IT.CEL.SETS.P2,65.7183543081028
MRT,Mauritania,2007,IT.CEL.SETS.P2,45.7141942652888
MRT,Mauritania,2006,IT.CEL.SETS.P2,35.1772263626288
MRT,Mauritania,2005,IT.CEL.SETS.P2,25.3691742833335
MUS,Mauritius,2024,IT.CEL.SETS.P2,172.68356921857
MUS,Mauritius,2023,IT.CEL.SETS.P2,165.257524411348
MUS,Mauritius,2022,IT.CEL.SETS.P2,164.309278835228
MUS,Mauritius,2021,IT.CEL.SETS.P2,154.053185977432
MUS,Mauritius,2020,IT.CEL.SETS.P2,149.06995900167
MUS,Mauritius,2019,IT.CEL.SETS.P2,145.117277088014
MUS,Mauritius,2018,IT.CEL.SETS.P2,148.816797831837
MUS,Mauritius,2017,IT.CEL.SETS.P2,142.524532117413
MUS,Mauritius,2016,IT.CEL.SETS.P2,140.423888162514
MUS,Mauritius,2015,IT.CEL.SETS.P2,136.371902265385
MUS,Mauritius,2014,IT.CEL.SETS.P2,127.86328226284
MUS,Mauritius,2013,IT.CEL.SETS.P2,118.793106653529
MUS,Mauritius,2012,IT.CEL.SETS.P2,115.252449250293
MUS,Mauritius,2011,IT.CEL.SETS.P2,100.608971543233
MUS,Mauritius,2010,IT.CEL.SETS.P2,92.8425699047874
MUS,Mauritius,2009,IT.CEL.SETS.P2,84.9704293760927
MUS,Mauritius,2008,IT.CEL.SETS.P2,81.0663444829304
MUS,Mauritius,2007,IT.CEL.SETS.P2,73.1476040513014
MUS,Mauritius,2006,IT.CEL.SETS.P2,61.1177886041965
MUS,Mauritius,2005,IT.CEL.SETS.P2,52.2446836857658
MEX,Mexico,2024,IT.CEL.SETS.P2,116.486713265167
MEX,Mexico,2023,IT.CEL.SETS.P2,111.735420288549
MEX,Mexico,2022,IT.CEL.SETS.P2,105.720624125765
MEX,Mexico,2021,IT.CEL.SETS.P2,99.09481491263
MEX,Mexico,2020,IT.CEL.SETS.P2,96.9237451881936
MEX,Mexico,2019,IT.CEL.SETS.P2,97.0358606795758
MEX,Mexico,2018,IT.CEL.SETS.P2,96.4612204576614
MEX,Mexico,2017,IT.CEL.SETS.P2,92.6493518556478
MEX,Mexico,2016,IT.CEL.SETS.P2,91.3941924453661
MEX,Mexico,2015,IT.CEL.SETS.P2,88.9454290232153
MEX,Mexico,2014,IT.CEL.SETS.P2,87.6144646415609
MEX,Mexico,2013,IT.CEL.SETS.P2,90.2012422761648
MEX,Mexico,2012,IT.CEL.SETS.P2,86.2256233206385
MEX,Mexico,2011,IT.CEL.SETS.P2,82.0725244522242
MEX,Mexico,2010,IT.CEL.SETS.P2,80.4262985351805
MEX,Mexico,2009,IT.CEL.SETS.P2,74.2801618229031
MEX,Mexico,2008,IT.CEL.SETS.P2,68.225553581827
MEX,Mexico,2007,IT.CEL.SETS.P2,61.1903963397257
MEX,Mexico,2006,IT.CEL.SETS.P2,51.6490140299726
MEX,Mexico,2005,IT.CEL.SETS.P2,44.5402855250975
FSM,"Micronesia, Fed. Sts.",2022,IT.CEL.SETS.P2,19.9885830493962
FSM,"Micronesia, Fed. Sts.",2021,IT.CEL.SETS.P2,19.7090231491436
FSM,"Micronesia, Fed. Sts.",2020,IT.CEL.SETS.P2,19.8348299614122
FSM,"Micronesia, Fed. Sts.",2019,IT.CEL.SETS.P2,20.8556246712972
FSM,"Micronesia, Fed. Sts.",2017,IT.CEL.SETS.P2,21.1123391273372
FSM,"Micronesia, Fed. Sts.",2016,IT.CEL.SETS.P2,21.4641301856521
FSM,"Micronesia, Fed. Sts.",2015,IT.CEL.SETS.P2,20.7007248243129
FSM,"Micronesia, Fed. Sts.",2013,IT.CEL.SETS.P2,29.0350625687887
FSM,"Micronesia, Fed. Sts.",2012,IT.CEL.SETS.P2,28.9303920659931
FSM,"Micronesia, Fed. Sts.",2011,IT.CEL.SETS.P2,25.6272168471095
FSM,"Micronesia, Fed. Sts.",2010,IT.CEL.SETS.P2,25.588618188581
FSM,"Micronesia, Fed. Sts.",2009,IT.CEL.SETS.P2,25.4731050325593
FSM,"Micronesia, Fed. Sts.",2008,IT.CEL.SETS.P2,25.2441800690314
FSM,"Micronesia, Fed. Sts.",2007,IT.CEL.SETS.P2,24.9690571532581
FSM,"Micronesia, Fed. Sts.",2006,IT.CEL.SETS.P2,16.8122172150024
FSM,"Micronesia, Fed. Sts.",2005,IT.CEL.SETS.P2,12.650342871504
MDA,Moldova,2024,IT.CEL.SETS.P2,120.083487069521
MDA,Moldova,2023,IT.CEL.SETS.P2,129.546081439289
MDA,Moldova,2022,IT.CEL.SETS.P2,137.182551887592
MDA,Moldova,2021,IT.CEL.SETS.P2,128.983642317657
MDA,Moldova,2020,IT.CEL.SETS.P2,111.444672775453
MDA,Moldova,2019,IT.CEL.SETS.P2,116.105189229966
MDA,Moldova,2018,IT.CEL.SETS.P2,115.31999925169
MDA,Moldova,2017,IT.CEL.SETS.P2,117.321043357799
MDA,Moldova,2016,IT.CEL.SETS.P2,117.008370513998
MDA,Moldova,2015,IT.CEL.SETS.P2,112.958678058046
MDA,Moldova,2014,IT.CEL.SETS.P2,111.829207986696
MDA,Moldova,2013,IT.CEL.SETS.P2,108.451690919044
MDA,Moldova,2012,IT.CEL.SETS.P2,102.918975508711
MDA,Moldova,2011,IT.CEL.SETS.P2,90.4419573908726
MDA,Moldova,2010,IT.CEL.SETS.P2,70.2257053429633
MDA,Moldova,2009,IT.CEL.SETS.P2,57.6440352813251
MDA,Moldova,2008,IT.CEL.SETS.P2,64.1199480143426
MDA,Moldova,2007,IT.CEL.SETS.P2,48.8869490439311
MDA,Moldova,2006,IT.CEL.SETS.P2,34.6351071936054
MDA,Moldova,2005,IT.CEL.SETS.P2,27.3223975215793
MCO,Monaco,2024,IT.CEL.SETS.P2,107.400792109963
MCO,Monaco,2023,IT.CEL.SETS.P2,104.060991888284
MCO,Monaco,2022,IT.CEL.SETS.P2,100.061647530246
MCO,Monaco,2021,IT.CEL.SETS.P2,97.1422638668985
MCO,Monaco,2020,IT.CEL.SETS.P2,93.2588699080158
MCO,Monaco,2019,IT.CEL.SETS.P2,88.6483507832795
MCO,Monaco,2018,IT.CEL.SETS.P2,85.6764690464958
MCO,Monaco,2017,IT.CEL.SETS.P2,87.5258771697011
MCO,Monaco,2016,IT.CEL.SETS.P2,89.3255714132418
MCO,Monaco,2015,IT.CEL.SETS.P2,92.5537992763283
MCO,Monaco,2014,IT.CEL.SETS.P2,93.2102524357839
MCO,Monaco,2013,IT.CEL.SETS.P2,100.047958924592
MCO,Monaco,2012,IT.CEL.SETS.P2,95.6325084267235
MCO,Monaco,2011,IT.CEL.SETS.P2,93.6457903729453
MCO,Monaco,2010,IT.CEL.SETS.P2,70.602780206857
MCO,Monaco,2009,IT.CEL.SETS.P2,71.0666172290199
MCO,Monaco,2008,IT.CEL.SETS.P2,69.1041588139213
MCO,Monaco,2007,IT.CEL.SETS.P2,64.0763891070139
MCO,Monaco,2006,IT.CEL.SETS.P2,57.1076519948841
MCO,Monaco,2005,IT.CEL.SETS.P2,53.3716237193418
MNG,Mongolia,2024,IT.CEL.SETS.P2,140.670025377351
MNG,Mongolia,2023,IT.CEL.SETS.P2,141.08481753135
MNG,Mongolia,2022,IT.CEL.SETS.P2,142.808581769425
MNG,Mongolia,2021,IT.CEL.SETS.P2,140.352142155192
MNG,Mongolia,2020,IT.CEL.SETS.P2,132.610273840436
MNG,Mongolia,2019,IT.CEL.SETS.P2,136.719198864644
MNG,Mongolia,2018,IT.CEL.SETS.P2,133.283865358717
MNG,Mongolia,2017,IT.CEL.SETS.P2,125.18399904135
MNG,Mongolia,2016,IT.CEL.SETS.P2,110.745846833017
MNG,Mongolia,2015,IT.CEL.SETS.P2,103.078420951136
MNG,Mongolia,2014,IT.CEL.SETS.P2,103.920441847843
MNG,Mongolia,2013,IT.CEL.SETS.P2,100.901264814345
MNG,Mongolia,2012,IT.CEL.SETS.P2,120.738848253543
MNG,Mongolia,2011,IT.CEL.SETS.P2,107.181059165519
MNG,Mongolia,2010,IT.CEL.SETS.P2,92.9207634213904
MNG,Mongolia,2009,IT.CEL.SETS.P2,84.3807849396284
MNG,Mongolia,2008,IT.CEL.SETS.P2,66.9284063613147
MNG,Mongolia,2007,IT.CEL.SETS.P2,45.8051776001595
MNG,Mongolia,2006,IT.CEL.SETS.P2,29.9796189659682
MNG,Mongolia,2005,IT.CEL.SETS.P2,21.7365116925906
MNE,Montenegro,2024,IT.CEL.SETS.P2,221.687322527444
MNE,Montenegro,2023,IT.CEL.SETS.P2,207.237922064803
MNE,Montenegro,2022,IT.CEL.SETS.P2,207.278149444886
MNE,Montenegro,2021,IT.CEL.SETS.P2,185.488473149833
MNE,Montenegro,2020,IT.CEL.SETS.P2,177.66521091893
MNE,Montenegro,2019,IT.CEL.SETS.P2,188.173957398388
MNE,Montenegro,2018,IT.CEL.SETS.P2,184.219098888429
MNE,Montenegro,2017,IT.CEL.SETS.P2,168.464830660169
MNE,Montenegro,2016,IT.CEL.SETS.P2,166.719850572448
MNE,Montenegro,2015,IT.CEL.SETS.P2,160.454990487865
MNE,Montenegro,2014,IT.CEL.SETS.P2,160.490358344882
MNE,Montenegro,2013,IT.CEL.SETS.P2,156.964444205798
MNE,Montenegro,2012,IT.CEL.SETS.P2,156.401963569782
MNE,Montenegro,2011,IT.CEL.SETS.P2,183.204359810839
MNE,Montenegro,2010,IT.CEL.SETS.P2,185.100808748149
MNE,Montenegro,2009,IT.CEL.SETS.P2,204.631442133458
MNE,Montenegro,2008,IT.CEL.SETS.P2,182.988251467579
MNE,Montenegro,2007,IT.CEL.SETS.P2,142.095017359275
MNE,Montenegro,2006,IT.CEL.SETS.P2,101.547633509026
MNE,Montenegro,2005,IT.CEL.SETS.P2,85.6746313382225
MAR,Morocco,2024,IT.CEL.SETS.P2,153.057260079672
MAR,Morocco,2023,IT.CEL.SETS.P2,148.155101338402
MAR,Morocco,2022,IT.CEL.SETS.P2,141.870002419562
MAR,Morocco,2021,IT.CEL.SETS.P2,138.911268095998
MAR,Morocco,2020,IT.CEL.SETS.P2,135.088404811169
MAR,Morocco,2019,IT.CEL.SETS.P2,128.874798962456
MAR,Morocco,2018,IT.CEL.SETS.P2,124.827523956634
MAR,Morocco,2017,IT.CEL.SETS.P2,123.894319060738
MAR,Morocco,2016,IT.CEL.SETS.P2,118.531797132419
MAR,Morocco,2015,IT.CEL.SETS.P2,124.480492544005
MAR,Morocco,2014,IT.CEL.SETS.P2,128.971839608382
MAR,Morocco,2013,IT.CEL.SETS.P2,125.560354723339
MAR,Morocco,2012,IT.CEL.SETS.P2,116.972130406733
MAR,Morocco,2011,IT.CEL.SETS.P2,111.063715196143
MAR,Morocco,2010,IT.CEL.SETS.P2,98.5069862903323
MAR,Morocco,2009,IT.CEL.SETS.P2,79.0201255804651
MAR,Morocco,2008,IT.CEL.SETS.P2,72.1861049565747
MAR,Morocco,2007,IT.CEL.SETS.P2,64.2243296034678
MAR,Morocco,2006,IT.CEL.SETS.P2,52.0120841652536
MAR,Morocco,2005,IT.CEL.SETS.P2,40.8220113851492
MOZ,Mozambique,2024,IT.CEL.SETS.P2,49.5047696961223
MOZ,Mozambique,2023,IT.CEL.SETS.P2,47.5003032540948
MOZ,Mozambique,2022,IT.CEL.SETS.P2,45.8178199662019
MOZ,Mozambique,2021,IT.CEL.SETS.P2,43.1636190464176
MOZ,Mozambique,2020,IT.CEL.SETS.P2,50.2318825476662
MOZ,Mozambique,2019,IT.CEL.SETS.P2,49.4350694242276
MOZ,Mozambique,2018,IT.CEL.SETS.P2,48.5007087167822
MOZ,Mozambique,2017,IT.CEL.SETS.P2,42.1619694080105
MOZ,Mozambique,2016,IT.CEL.SETS.P2,54.9641156223382
MOZ,Mozambique,2015,IT.CEL.SETS.P2,75.8447213176406
MOZ,Mozambique,2014,IT.CEL.SETS.P2,71.6701472266196
MOZ,Mozambique,2013,IT.CEL.SETS.P2,49.5029641007918
MOZ,Mozambique,2012,IT.CEL.SETS.P2,36.1781646576283
MOZ,Mozambique,2011,IT.CEL.SETS.P2,33.216339150187
MOZ,Mozambique,2010,IT.CEL.SETS.P2,31.4105056102953
MOZ,Mozambique,2009,IT.CEL.SETS.P2,26.6650991246997
MOZ,Mozambique,2008,IT.CEL.SETS.P2,20.1888204410131
MOZ,Mozambique,2007,IT.CEL.SETS.P2,14.4674737235959
MOZ,Mozambique,2006,IT.CEL.SETS.P2,11.2537028396523
MOZ,Mozambique,2005,IT.CEL.SETS.P2,7.40691910278913
MMR,Myanmar,2024,IT.CEL.SETS.P2,114.329042129489
MMR,Myanmar,2023,IT.CEL.SETS.P2,121.027626770248
MMR,Myanmar,2022,IT.CEL.SETS.P2,107.535089476237
MMR,Myanmar,2021,IT.CEL.SETS.P2,127.240645128106
MMR,Myanmar,2020,IT.CEL.SETS.P2,148.158208114821
MMR,Myanmar,2019,IT.CEL.SETS.P2,155.669416939698
MMR,Myanmar,2018,IT.CEL.SETS.P2,116.972136284863
MMR,Myanmar,2017,IT.CEL.SETS.P2,92.3917955157784
MMR,Myanmar,2016,IT.CEL.SETS.P2,98.2342601991436
MMR,Myanmar,2015,IT.CEL.SETS.P2,80.2397229653255
MMR,Myanmar,2014,IT.CEL.SETS.P2,57.2778336231227
MMR,Myanmar,2013,IT.CEL.SETS.P2,13.5933519472846
MMR,Myanmar,2012,IT.CEL.SETS.P2,7.48356366415727
MMR,Myanmar,2011,IT.CEL.SETS.P2,2.51643773692417
MMR,Myanmar,2010,IT.CEL.SETS.P2,1.21164199479353
MMR,Myanmar,2009,IT.CEL.SETS.P2,1.03164871502753
MMR,Myanmar,2008,IT.CEL.SETS.P2,0.759210538252597
MMR,Myanmar,2007,IT.CEL.SETS.P2,0.514578241519701
MMR,Myanmar,2006,IT.CEL.SETS.P2,0.448285852912208
MMR,Myanmar,2005,IT.CEL.SETS.P2,0.27129940081198
NAM,Namibia,2024,IT.CEL.SETS.P2,85.1648988113055
NAM,Namibia,2023,IT.CEL.SETS.P2,87.6760954339972
NAM,Namibia,2022,IT.CEL.SETS.P2,100.557816104444
NAM,Namibia,2021,IT.CEL.SETS.P2,103.727351391971
NAM,Namibia,2020,IT.CEL.SETS.P2,106.206587456143
NAM,Namibia,2019,IT.CEL.SETS.P2,106.53315947895
NAM,Namibia,2018,IT.CEL.SETS.P2,107.060260494691
NAM,Namibia,2017,IT.CEL.SETS.P2,106.914765245509
NAM,Namibia,2016,IT.CEL.SETS.P2,109.049558197665
NAM,Namibia,2015,IT.CEL.SETS.P2,107.392368276966
NAM,Namibia,2014,IT.CEL.SETS.P2,115.5200011764
NAM,Namibia,2013,IT.CEL.SETS.P2,121.105585418565
NAM,Namibia,2012,IT.CEL.SETS.P2,97.8210232683603
NAM,Namibia,2011,IT.CEL.SETS.P2,102.24430130572
NAM,Namibia,2010,IT.CEL.SETS.P2,92.4287530968414
NAM,Namibia,2009,IT.CEL.SETS.P2,78.5395548461197
NAM,Namibia,2008,IT.CEL.SETS.P2,51.3908754816673
NAM,Namibia,2007,IT.CEL.SETS.P2,39.6448033290399
NAM,Namibia,2006,IT.CEL.SETS.P2,30.566276818777
NAM,Namibia,2005,IT.CEL.SETS.P2,22.8242198901444
NRU,Naoero,2022,IT.CEL.SETS.P2,87.1705787645115
NRU,Naoero,2021,IT.CEL.SETS.P2,85.404389785635
NRU,Naoero,2020,IT.CEL.SETS.P2,85.8885167053165
NRU,Naoero,2019,IT.CEL.SETS.P2,86.3036161215155
NRU,Naoero,2017,IT.CEL.SETS.P2,88.3080183680678
NRU,Naoero,2016,IT.CEL.SETS.P2,88.7892376681614
NRU,Naoero,2015,IT.CEL.SETS.P2,85.81340149717
NRU,Naoero,2012,IT.CEL.SETS.P2,66.231615856628
NRU,Naoero,2011,IT.CEL.SETS.P2,66.3497722321252
NRU,Naoero,2010,IT.CEL.SETS.P2,61.7345414716718
NPL,Nepal,2024,IT.CEL.SETS.P2,99.8471420273964
NPL,Nepal,2023,IT.CEL.SETS.P2,117.759577544938
NPL,Nepal,2022,IT.CEL.SETS.P2,121.1144874334
NPL,Nepal,2021,IT.CEL.SETS.P2,129.645418271275
NPL,Nepal,2020,IT.CEL.SETS.P2,131.921020414772
NPL,Nepal,2019,IT.CEL.SETS.P2,136.186080245332
NPL,Nepal,2018,IT.CEL.SETS.P2,139.525943467536
NPL,Nepal,2017,IT.CEL.SETS.P2,128.863887512657
NPL,Nepal,2016,IT.CEL.SETS.P2,114.89813690076
NPL,Nepal,2015,IT.CEL.SETS.P2,98.8945582907248
NPL,Nepal,2014,IT.CEL.SETS.P2,83.1925129650984
NPL,Nepal,2013,IT.CEL.SETS.P2,77.4276625484107
NPL,Nepal,2012,IT.CEL.SETS.P2,60.3184066484316
NPL,Nepal,2011,IT.CEL.SETS.P2,48.6245149828721
NPL,Nepal,2010,IT.CEL.SETS.P2,33.6316953522558
NPL,Nepal,2009,IT.CEL.SETS.P2,20.6008640551193
NPL,Nepal,2008,IT.CEL.SETS.P2,15.5612976743974
NPL,Nepal,2007,IT.CEL.SETS.P2,12.2026092398184
NPL,Nepal,2006,IT.CEL.SETS.P2,4.35566906985301
NPL,Nepal,2005,IT.CEL.SETS.P2,0.864008677031659
NLD,Netherlands,2024,IT.CEL.SETS.P2,128.538765867661
NLD,Netherlands,2023,IT.CEL.SETS.P2,125.272736960305
NLD,Netherlands,2022,IT.CEL.SETS.P2,115.8205562749
NLD,Netherlands,2021,IT.CEL.SETS.P2,123.447849713072
NLD,Netherlands,2020,IT.CEL.SETS.P2,121.422728509042
NLD,Netherlands,2019,IT.CEL.SETS.P2,124.08833250929
NLD,Netherlands,2018,IT.CEL.SETS.P2,121.162164892591
NLD,Netherlands,2017,IT.CEL.SETS.P2,118.57673269471
NLD,Netherlands,2016,IT.CEL.SETS.P2,121.420358968335
NLD,Netherlands,2015,IT.CEL.SETS.P2,121.637501079209
NLD,Netherlands,2014,IT.CEL.SETS.P2,114.867279906758
NLD,Netherlands,2013,IT.CEL.SETS.P2,114.73405856983
NLD,Netherlands,2012,IT.CEL.SETS.P2,116.563841951798
NLD,Netherlands,2011,IT.CEL.SETS.P2,117.673977365337
NLD,Netherlands,2010,IT.CEL.SETS.P2,114.356515784318
NLD,Netherlands,2009,IT.CEL.SETS.P2,120.767315086474
NLD,Netherlands,2008,IT.CEL.SETS.P2,124.279564732922
NLD,Netherlands,2007,IT.CEL.SETS.P2,116.657089917059
NLD,Netherlands,2006,IT.CEL.SETS.P2,104.863315130995
NLD,Netherlands,2005,IT.CEL.SETS.P2,96.1634815625928
NCL,New Caledonia,2022,IT.CEL.SETS.P2,91.6763895612682
NCL,New Caledonia,2021,IT.CEL.SETS.P2,91.1596204954876
NCL,New Caledonia,2020,IT.CEL.SETS.P2,91.4925961376049
NCL,New Caledonia,2019,IT.CEL.SETS.P2,91.6764807514651
NCL,New Caledonia,2015,IT.CEL.SETS.P2,91.9161063396994
NCL,New Caledonia,2014,IT.CEL.SETS.P2,86.4435467812136
NCL,New Caledonia,2013,IT.CEL.SETS.P2,86.8789330327792
NCL,New Caledonia,2012,IT.CEL.SETS.P2,85.0412136964213
NCL,New Caledonia,2011,IT.CEL.SETS.P2,85.2807989705226
NCL,New Caledonia,2010,IT.CEL.SETS.P2,84.4136828986704
NCL,New Caledonia,2009,IT.CEL.SETS.P2,81.4752186588921
NCL,New Caledonia,2008,IT.CEL.SETS.P2,77.4052989264257
NCL,New Caledonia,2007,IT.CEL.SETS.P2,70.3360255259747
NCL,New Caledonia,2006,IT.CEL.SETS.P2,62.6143722202248
NCL,New Caledonia,2005,IT.CEL.SETS.P2,54.9408505571219
NZL,New Zealand,2024,IT.CEL.SETS.P2,130.093457083544
NZL,New Zealand,2023,IT.CEL.SETS.P2,126.854978584281
NZL,New Zealand,2022,IT.CEL.SETS.P2,115.984187800849
NZL,New Zealand,2021,IT.CEL.SETS.P2,114.454714130458
NZL,New Zealand,2020,IT.CEL.SETS.P2,123.000574962598
NZL,New Zealand,2019,IT.CEL.SETS.P2,120.475335425902
NZL,New Zealand,2018,IT.CEL.SETS.P2,128.936896010016
NZL,New Zealand,2017,IT.CEL.SETS.P2,132.980049668049
NZL,New Zealand,2016,IT.CEL.SETS.P2,129.380648472778
NZL,New Zealand,2015,IT.CEL.SETS.P2,121.368981425995
NZL,New Zealand,2014,IT.CEL.SETS.P2,112.757443483648
NZL,New Zealand,2013,IT.CEL.SETS.P2,107.008519144444
NZL,New Zealand,2012,IT.CEL.SETS.P2,111.567576585407
NZL,New Zealand,2011,IT.CEL.SETS.P2,109.977867524585
NZL,New Zealand,2010,IT.CEL.SETS.P2,108.331397475027
NZL,New Zealand,2009,IT.CEL.SETS.P2,109.193030975507
NZL,New Zealand,2008,IT.CEL.SETS.P2,108.404288867865
NZL,New Zealand,2007,IT.CEL.SETS.P2,100.66159697258
NZL,New Zealand,2006,IT.CEL.SETS.P2,90.9216774989598
NZL,New Zealand,2005,IT.CEL.SETS.P2,85.3686583843752
NIC,Nicaragua,2024,IT.CEL.SETS.P2,105.961143065351
NIC,Nicaragua,2023,IT.CEL.SETS.P2,105.843136180202
NIC,Nicaragua,2022,IT.CEL.SETS.P2,104.278484676229
NIC,Nicaragua,2021,IT.CEL.SETS.P2,93.8165084237294
NIC,Nicaragua,2020,IT.CEL.SETS.P2,90.8140674248283
NIC,Nicaragua,2019,IT.CEL.SETS.P2,89.2772705280369
NIC,Nicaragua,2018,IT.CEL.SETS.P2,116.272405969925
NIC,Nicaragua,2017,IT.CEL.SETS.P2,129.505649809198
NIC,Nicaragua,2016,IT.CEL.SETS.P2,124.272855307825
NIC,Nicaragua,2015,IT.CEL.SETS.P2,118.127474523195
NIC,Nicaragua,2014,IT.CEL.SETS.P2,116.506541177339
NIC,Nicaragua,2013,IT.CEL.SETS.P2,113.788542316855
NIC,Nicaragua,2012,IT.CEL.SETS.P2,99.1601154121126
NIC,Nicaragua,2011,IT.CEL.SETS.P2,82.8921073212797
NIC,Nicaragua,2010,IT.CEL.SETS.P2,69.0593730664319
NIC,Nicaragua,2009,IT.CEL.SETS.P2,59.1267264564002
NIC,Nicaragua,2008,IT.CEL.SETS.P2,55.7329896587397
NIC,Nicaragua,2007,IT.CEL.SETS.P2,45.5188355326479
NIC,Nicaragua,2006,IT.CEL.SETS.P2,33.7750318102256
NIC,Nicaragua,2005,IT.CEL.SETS.P2,20.9538936430489
NER,Niger,2024,IT.CEL.SETS.P2,60.5939862118112
NER,Niger,2023,IT.CEL.SETS.P2,65.735032215569
NER,Niger,2022,IT.CEL.SETS.P2,63.3770548032743
NER,Niger,2021,IT.CEL.SETS.P2,61.5063092448251
NER,Niger,2020,IT.CEL.SETS.P2,60.0355524816093
NER,Niger,2019,IT.CEL.SETS.P2,52.8112616845298
NER,Niger,2017,IT.CEL.SETS.P2,40.9549864276209
NER,Niger,2016,IT.CEL.SETS.P2,36.120522177752
NER,Niger,2015,IT.CEL.SETS.P2,44.9309205276883
NER,Niger,2014,IT.CEL.SETS.P2,42.8624011489646
NER,Niger,2013,IT.CEL.SETS.P2,37.8312018781097
NER,Niger,2012,IT.CEL.SETS.P2,30.2495367855019
NER,Niger,2011,IT.CEL.SETS.P2,27.612953279822
NER,Niger,2010,IT.CEL.SETS.P2,22.1684789291814
NER,Niger,2009,IT.CEL.SETS.P2,16.3011350896202
NER,Niger,2008,IT.CEL.SETS.P2,12.3528088783202
NER,Niger,2007,IT.CEL.SETS.P2,6.07959815207237
NER,Niger,2006,IT.CEL.SETS.P2,3.38505980377446
NER,Niger,2005,IT.CEL.SETS.P2,2.35423436951156
NGA,Nigeria,2024,IT.CEL.SETS.P2,70.7619057835431
NGA,Nigeria,2023,IT.CEL.SETS.P2,98.4772822731425
NGA,Nigeria,2022,IT.CEL.SETS.P2,99.5852151989567
NGA,Nigeria,2021,IT.CEL.SETS.P2,89.2915858426408
NGA,Nigeria,2020,IT.CEL.SETS.P2,95.4356648074949
NGA,Nigeria,2019,IT.CEL.SETS.P2,88.1169010528984
NGA,Nigeria,2018,IT.CEL.SETS.P2,84.2840110939485
NGA,Nigeria,2017,IT.CEL.SETS.P2,72.3679681751497
NGA,Nigeria,2016,IT.CEL.SETS.P2,78.970142296733
NGA,Nigeria,2015,IT.CEL.SETS.P2,79.1045279367312
NGA,Nigeria,2014,IT.CEL.SETS.P2,74.7512781478918
NGA,Nigeria,2013,IT.CEL.SETS.P2,70.282509513161
NGA,Nigeria,2012,IT.CEL.SETS.P2,64.0053263148187
NGA,Nigeria,2011,IT.CEL.SETS.P2,55.5301267540609
NGA,Nigeria,2010,IT.CEL.SETS.P2,52.3861480651505
NGA,Nigeria,2009,IT.CEL.SETS.P2,45.9848876760246
NGA,Nigeria,2008,IT.CEL.SETS.P2,39.9685817471357
NGA,Nigeria,2007,IT.CEL.SETS.P2,26.3563208061766
NGA,Nigeria,2006,IT.CEL.SETS.P2,21.6814998851536
NGA,Nigeria,2005,IT.CEL.SETS.P2,12.8170956320625
MKD,North Macedonia,2024,IT.CEL.SETS.P2,108.38712260883
MKD,North Macedonia,2023,IT.CEL.SETS.P2,106.458776658176
MKD,North Macedonia,2022,IT.CEL.SETS.P2,111.303079555687
MKD,North Macedonia,2021,IT.CEL.SETS.P2,104.875134243923
MKD,North Macedonia,2020,IT.CEL.SETS.P2,99.4723867063031
MKD,North Macedonia,2019,IT.CEL.SETS.P2,101.231634434543
MKD,North Macedonia,2018,IT.CEL.SETS.P2,102.572291491295
MKD,North Macedonia,2017,IT.CEL.SETS.P2,103.458690624197
MKD,North Macedonia,2016,IT.CEL.SETS.P2,104.549883518699
MKD,North Macedonia,2015,IT.CEL.SETS.P2,105.212016364652
MKD,North Macedonia,2014,IT.CEL.SETS.P2,111.342589695936
MKD,North Macedonia,2013,IT.CEL.SETS.P2,111.124632440594
MKD,North Macedonia,2012,IT.CEL.SETS.P2,110.268442239858
MKD,North Macedonia,2011,IT.CEL.SETS.P2,108.467609532426
MKD,North Macedonia,2010,IT.CEL.SETS.P2,104.968060033975
MKD,North Macedonia,2009,IT.CEL.SETS.P2,94.3034525397712
MKD,North Macedonia,2008,IT.CEL.SETS.P2,95.0115267568525
MKD,North Macedonia,2007,IT.CEL.SETS.P2,86.1891034077308
MKD,North Macedonia,2006,IT.CEL.SETS.P2,60.4930613292055
MKD,North Macedonia,2005,IT.CEL.SETS.P2,54.1201173122685
NOR,Norway,2024,IT.CEL.SETS.P2,109.348606513576
NOR,Norway,2023,IT.CEL.SETS.P2,109.654228618195
NOR,Norway,2022,IT.CEL.SETS.P2,111.657196221742
NOR,Norway,2021,IT.CEL.SETS.P2,109.585637519783
NOR,Norway,2020,IT.CEL.SETS.P2,108.296844518424
NOR,Norway,2019,IT.CEL.SETS.P2,108.00526578567
NOR,Norway,2018,IT.CEL.SETS.P2,107.702543341632
NOR,Norway,2017,IT.CEL.SETS.P2,108.392640087689
NOR,Norway,2016,IT.CEL.SETS.P2,109.426806771527
NOR,Norway,2015,IT.CEL.SETS.P2,110.118346262292
NOR,Norway,2014,IT.CEL.SETS.P2,111.690088069926
NOR,Norway,2013,IT.CEL.SETS.P2,112.045532746838
NOR,Norway,2012,IT.CEL.SETS.P2,115.523573177259
NOR,Norway,2011,IT.CEL.SETS.P2,115.596284894229
NOR,Norway,2010,IT.CEL.SETS.P2,114.524452247645
NOR,Norway,2009,IT.CEL.SETS.P2,110.89194579904
NOR,Norway,2008,IT.CEL.SETS.P2,109.293133681522
NOR,Norway,2007,IT.CEL.SETS.P2,106.978961607642
NOR,Norway,2006,IT.CEL.SETS.P2,104.4721010262
NOR,Norway,2005,IT.CEL.SETS.P2,102.840698194554
OMN,Oman,2024,IT.CEL.SETS.P2,120.61105087402
OMN,Oman,2023,IT.CEL.SETS.P2,122.291457994634
OMN,Oman,2022,IT.CEL.SETS.P2,136.800571561762
OMN,Oman,2021,IT.CEL.SETS.P2,135.076972756826
OMN,Oman,2020,IT.CEL.SETS.P2,140.378600753095
OMN,Oman,2019,IT.CEL.SETS.P2,138.232111508042
OMN,Oman,2018,IT.CEL.SETS.P2,139.96741643208
OMN,Oman,2017,IT.CEL.SETS.P2,148.821627766224
OMN,Oman,2016,IT.CEL.SETS.P2,153.291455497041
OMN,Oman,2015,IT.CEL.SETS.P2,155.756104259601
OMN,Oman,2014,IT.CEL.SETS.P2,153.806036858807
OMN,Oman,2013,IT.CEL.SETS.P2,149.208910100547
OMN,Oman,2012,IT.CEL.SETS.P2,150.873277494269
OMN,Oman,2011,IT.CEL.SETS.P2,147.926430004786
OMN,Oman,2010,IT.CEL.SETS.P2,151.446094177944
OMN,Oman,2009,IT.CEL.SETS.P2,138.049590673204
OMN,Oman,2008,IT.CEL.SETS.P2,117.026255896571
OMN,Oman,2007,IT.CEL.SETS.P2,94.0854853192772
OMN,Oman,2006,IT.CEL.SETS.P2,70.445349777081
OMN,Oman,2005,IT.CEL.SETS.P2,53.0900734335198
PAK,Pakistan,2024,IT.CEL.SETS.P2,76.8544559649986
PAK,Pakistan,2023,IT.CEL.SETS.P2,76.5397606213172
PAK,Pakistan,2022,IT.CEL.SETS.P2,79.1050539061512
PAK,Pakistan,2021,IT.CEL.SETS.P2,78.8012296805749
PAK,Pakistan,2020,IT.CEL.SETS.P2,74.7332166629945
PAK,Pakistan,2019,IT.CEL.SETS.P2,71.6660323753765
PAK,Pakistan,2018,IT.CEL.SETS.P2,67.8567658982797
PAK,Pakistan,2017,IT.CEL.SETS.P2,64.7301783284032
PAK,Pakistan,2016,IT.CEL.SETS.P2,62.0013242640944
PAK,Pakistan,2015,IT.CEL.SETS.P2,57.9405984557576
PAK,Pakistan,2014,IT.CEL.SETS.P2,63.3618438229803
PAK,Pakistan,2013,IT.CEL.SETS.P2,60.5177801689984
PAK,Pakistan,2012,IT.CEL.SETS.P2,57.8576108279055
PAK,Pakistan,2011,IT.CEL.SETS.P2,53.4461944087116
PAK,Pakistan,2010,IT.CEL.SETS.P2,49.7823320746962
PAK,Pakistan,2009,IT.CEL.SETS.P2,48.5357095625545
PAK,Pakistan,2008,IT.CEL.SETS.P2,46.448630078812
PAK,Pakistan,2007,IT.CEL.SETS.P2,34.0699285601432
PAK,Pakistan,2006,IT.CEL.SETS.P2,19.204163183443
PAK,Pakistan,2005,IT.CEL.SETS.P2,7.27897930988006
PLW,Palau,2023,IT.CEL.SETS.P2,135.386698256896
PLW,Palau,2022,IT.CEL.SETS.P2,135.142744523903
PLW,Palau,2021,IT.CEL.SETS.P2,134.960355395603
PLW,Palau,2020,IT.CEL.SETS.P2,134.892086330935
PLW,Palau,2019,IT.CEL.SETS.P2,134.846611978874
PLW,Palau,2015,IT.CEL.SETS.P2,133.612830613393
PLW,Palau,2014,IT.CEL.SETS.P2,107.897262207169
PLW,Palau,2013,IT.CEL.SETS.P2,101.682910244787
PLW,Palau,2012,IT.CEL.SETS.P2,96.5437658316915
PLW,Palau,2011,IT.CEL.SETS.P2,85.4353357672309
PLW,Palau,2010,IT.CEL.SETS.P2,78.8867145031529
PLW,Palau,2009,IT.CEL.SETS.P2,68.1169490619488
PLW,Palau,2008,IT.CEL.SETS.P2,61.3761902256826
PLW,Palau,2007,IT.CEL.SETS.P2,55.3880426898767
PLW,Palau,2006,IT.CEL.SETS.P2,42.5968458122799
PLW,Palau,2005,IT.CEL.SETS.P2,30.5313083404814
PAN,Panama,2023,IT.CEL.SETS.P2,156.586507591014
PAN,Panama,2022,IT.CEL.SETS.P2,152.062171804817
PAN,Panama,2021,IT.CEL.SETS.P2,147.899862038176
PAN,Panama,2020,IT.CEL.SETS.P2,142.283080390407
PAN,Panama,2019,IT.CEL.SETS.P2,137.570004959029
PAN,Panama,2018,IT.CEL.SETS.P2,137.297557979395
PAN,Panama,2017,IT.CEL.SETS.P2,128.825871183278
PAN,Panama,2016,IT.CEL.SETS.P2,127.61623852159
PAN,Panama,2015,IT.CEL.SETS.P2,144.996925532224
PAN,Panama,2014,IT.CEL.SETS.P2,177.438612204565
PAN,Panama,2013,IT.CEL.SETS.P2,162.198754669206
PAN,Panama,2012,IT.CEL.SETS.P2,165.287067441004
PAN,Panama,2011,IT.CEL.SETS.P2,182.358735130993
PAN,Panama,2010,IT.CEL.SETS.P2,183.168909766614
PAN,Panama,2009,IT.CEL.SETS.P2,170.202988962179
PAN,Panama,2008,IT.CEL.SETS.P2,111.843464410018
PAN,Panama,2007,IT.CEL.SETS.P2,87.5823638759676
PAN,Panama,2006,IT.CEL.SETS.P2,64.4277196251049
PAN,Panama,2005,IT.CEL.SETS.P2,52.7837692792028
PNG,Papua New Guinea,2024,IT.CEL.SETS.P2,38.7651796406789
PNG,Papua New Guinea,2023,IT.CEL.SETS.P2,34.0588961979896
PNG,Papua New Guinea,2022,IT.CEL.SETS.P2,49.1906681149749
PNG,Papua New Guinea,2021,IT.CEL.SETS.P2,48.1179470954257
PNG,Papua New Guinea,2020,IT.CEL.SETS.P2,49.0843996981992
PNG,Papua New Guinea,2019,IT.CEL.SETS.P2,47.1952885885227
PNG,Papua New Guinea,2018,IT.CEL.SETS.P2,45.7713986877234
PNG,Papua New Guinea,2017,IT.CEL.SETS.P2,43.775195523033
PNG,Papua New Guinea,2016,IT.CEL.SETS.P2,42.2017296237172
PNG,Papua New Guinea,2015,IT.CEL.SETS.P2,40.7171432669286
PNG,Papua New Guinea,2014,IT.CEL.SETS.P2,39.4077931671023
PNG,Papua New Guinea,2013,IT.CEL.SETS.P2,36.1328329658624
PNG,Papua New Guinea,2012,IT.CEL.SETS.P2,33.5214610357872
PNG,Papua New Guinea,2011,IT.CEL.SETS.P2,30.5368920009375
PNG,Papua New Guinea,2010,IT.CEL.SETS.P2,25.0091340525207
PNG,Papua New Guinea,2009,IT.CEL.SETS.P2,19.139375770107
PNG,Papua New Guinea,2008,IT.CEL.SETS.P2,12.1676145990214
PNG,Papua New Guinea,2007,IT.CEL.SETS.P2,4.3082742561226
PNG,Papua New Guinea,2006,IT.CEL.SETS.P2,1.48198206208912
PNG,Papua New Guinea,2005,IT.CEL.SETS.P2,1.14750749896151
PRY,Paraguay,2023,IT.CEL.SETS.P2,126.605481531224
PRY,Paraguay,2022,IT.CEL.SETS.P2,128.088057269442
PRY,Paraguay,2021,IT.CEL.SETS.P2,119.312639901188
PRY,Paraguay,2020,IT.CEL.SETS.P2,119.099952314893
PRY,Paraguay,2019,IT.CEL.SETS.P2,119.137051427631
PRY,Paraguay,2018,IT.CEL.SETS.P2,115.749958536773
PRY,Paraguay,2017,IT.CEL.SETS.P2,117.821037884979
PRY,Paraguay,2016,IT.CEL.SETS.P2,119.848343592368
PRY,Paraguay,2015,IT.CEL.SETS.P2,120.341971874801
PRY,Paraguay,2014,IT.CEL.SETS.P2,120.354274622389
PRY,Paraguay,2013,IT.CEL.SETS.P2,117.899905473431
PRY,Paraguay,2012,IT.CEL.SETS.P2,115.205931550373
PRY,Paraguay,2011,IT.CEL.SETS.P2,112.286723170157
PRY,Paraguay,2010,IT.CEL.SETS.P2,103.187311333571
PRY,Paraguay,2009,IT.CEL.SETS.P2,99.0725654866065
PRY,Paraguay,2008,IT.CEL.SETS.P2,103.156367048871
PRY,Paraguay,2007,IT.CEL.SETS.P2,84.4402781170439
PRY,Paraguay,2006,IT.CEL.SETS.P2,58.7239798094438
PRY,Paraguay,2005,IT.CEL.SETS.P2,34.6359471940386
PER,Peru,2024,IT.CEL.SETS.P2,124.623544414599
PER,Peru,2023,IT.CEL.SETS.P2,121.975084691173
PER,Peru,2022,IT.CEL.SETS.P2,124.119322949561
PER,Peru,2021,IT.CEL.SETS.P2,129.993736857913
PER,Peru,2020,IT.CEL.SETS.P2,119.854099046125
PER,Peru,2019,IT.CEL.SETS.P2,122.790350843591
PER,Peru,2018,IT.CEL.SETS.P2,132.156626658621
PER,Peru,2017,IT.CEL.SETS.P2,124.232520236388
PER,Peru,2016,IT.CEL.SETS.P2,119.654538672257
PER,Peru,2015,IT.CEL.SETS.P2,112.404818501786
PER,Peru,2014,IT.CEL.SETS.P2,105.858105967274
PER,Peru,2013,IT.CEL.SETS.P2,99.9174254916985
PER,Peru,2012,IT.CEL.SETS.P2,99.4508054485687
PER,Peru,2011,IT.CEL.SETS.P2,110.774364366799
PER,Peru,2010,IT.CEL.SETS.P2,100.100151210105
PER,Peru,2009,IT.CEL.SETS.P2,85.4778092987493
PER,Peru,2008,IT.CEL.SETS.P2,72.9545042955996
PER,Peru,2007,IT.CEL.SETS.P2,54.0373967003052
PER,Peru,2006,IT.CEL.SETS.P2,32.1982838102898
PER,Peru,2005,IT.CEL.SETS.P2,19.8687599595462
PHL,Philippines,2024,IT.CEL.SETS.P2,115.298749599352
PHL,Philippines,2023,IT.CEL.SETS.P2,117.275521687262
PHL,Philippines,2022,IT.CEL.SETS.P2,147.428926406785
PHL,Philippines,2021,IT.CEL.SETS.P2,144.424289981649
PHL,Philippines,2020,IT.CEL.SETS.P2,133.45620905917
PHL,Philippines,2019,IT.CEL.SETS.P2,151.006642923206
PHL,Philippines,2018,IT.CEL.SETS.P2,122.960456861544
PHL,Philippines,2017,IT.CEL.SETS.P2,110.962137119646
PHL,Philippines,2016,IT.CEL.SETS.P2,112.517998777897
PHL,Philippines,2015,IT.CEL.SETS.P2,111.893197374926
PHL,Philippines,2014,IT.CEL.SETS.P2,107.284498472686
PHL,Philippines,2013,IT.CEL.SETS.P2,100.732033524401
PHL,Philippines,2012,IT.CEL.SETS.P2,101.799674355545
PHL,Philippines,2011,IT.CEL.SETS.P2,95.8688282360909
PHL,Philippines,2010,IT.CEL.SETS.P2,86.3116249317177
PHL,Philippines,2009,IT.CEL.SETS.P2,80.083961042229
PHL,Philippines,2008,IT.CEL.SETS.P2,73.4820194307183
PHL,Philippines,2007,IT.CEL.SETS.P2,62.9642592871402
PHL,Philippines,2006,IT.CEL.SETS.P2,47.8934159750173
PHL,Philippines,2005,IT.CEL.SETS.P2,39.5144178507076
POL,Poland,2024,IT.CEL.SETS.P2,138.016156588197
POL,Poland,2023,IT.CEL.SETS.P2,135.146301442691
POL,Poland,2022,IT.CEL.SETS.P2,137.002148115476
POL,Poland,2021,IT.CEL.SETS.P2,132.987203939653
POL,Poland,2020,IT.CEL.SETS.P2,129.288487295019
POL,Poland,2019,IT.CEL.SETS.P2,126.597314882311
POL,Poland,2018,IT.CEL.SETS.P2,126.266191655563
POL,Poland,2017,IT.CEL.SETS.P2,131.901471911132
POL,Poland,2016,IT.CEL.SETS.P2,138.518696718641
POL,Poland,2015,IT.CEL.SETS.P2,142.520207198425
POL,Poland,2014,IT.CEL.SETS.P2,148.713283559361
POL,Poland,2013,IT.CEL.SETS.P2,148.912446350899
POL,Poland,2012,IT.CEL.SETS.P2,141.409735570098
POL,Poland,2011,IT.CEL.SETS.P2,131.279778766286
POL,Poland,2010,IT.CEL.SETS.P2,123.248926095995
POL,Poland,2009,IT.CEL.SETS.P2,117.905502990554
POL,Poland,2008,IT.CEL.SETS.P2,115.608164796298
POL,Poland,2007,IT.CEL.SETS.P2,108.859325887002
POL,Poland,2006,IT.CEL.SETS.P2,96.5178030922982
POL,Poland,2005,IT.CEL.SETS.P2,76.5032553054831
PRT,Portugal,2024,IT.CEL.SETS.P2,124.129981203404
PRT,Portugal,2023,IT.CEL.SETS.P2,123.001507659381
PRT,Portugal,2022,IT.CEL.SETS.P2,122.80130896654
PRT,Portugal,2021,IT.CEL.SETS.P2,119.768700781718
PRT,Portugal,2020,IT.CEL.SETS.P2,114.276382888841
PRT,Portugal,2019,IT.CEL.SETS.P2,115.145564535894
PRT,Portugal,2018,IT.CEL.SETS.P2,114.858523480989
PRT,Portugal,2017,IT.CEL.SETS.P2,113.873619619075
PRT,Portugal,2016,IT.CEL.SETS.P2,111.846790353179
PRT,Portugal,2015,IT.CEL.SETS.P2,112.964237082806
PRT,Portugal,2014,IT.CEL.SETS.P2,114.312891767686
PRT,Portugal,2013,IT.CEL.SETS.P2,114.655300508744
PRT,Portugal,2012,IT.CEL.SETS.P2,113.358650832529
PRT,Portugal,2011,IT.CEL.SETS.P2,116.837494027689
PRT,Portugal,2010,IT.CEL.SETS.P2,115.42460954412
PRT,Portugal,2009,IT.CEL.SETS.P2,111.524037734675
PRT,Portugal,2008,IT.CEL.SETS.P2,132.990148409502
PRT,Portugal,2007,IT.CEL.SETS.P2,127.786457061722
PRT,Portugal,2006,IT.CEL.SETS.P2,116.175404689418
PRT,Portugal,2005,IT.CEL.SETS.P2,108.990950580377
PRI,Puerto Rico (US),2024,IT.CEL.SETS.P2,126.426375391555
PRI,Puerto Rico (US),2023,IT.CEL.SETS.P2,124.513459651582
PRI,Puerto Rico (US),2022,IT.CEL.SETS.P2,120.215904630962
PRI,Puerto Rico (US),2021,IT.CEL.SETS.P2,112.540413929626
PRI,Puerto Rico (US),2020,IT.CEL.SETS.P2,106.682174305247
PRI,Puerto Rico (US),2019,IT.CEL.SETS.P2,102.552928381388
PRI,Puerto Rico (US),2018,IT.CEL.SETS.P2,101.222406345401
PRI,Puerto Rico (US),2017,IT.CEL.SETS.P2,100.519829625899
PRI,Puerto Rico (US),2016,IT.CEL.SETS.P2,93.5606592389891
PRI,Puerto Rico (US),2015,IT.CEL.SETS.P2,91.0041169159844
PRI,Puerto Rico (US),2014,IT.CEL.SETS.P2,89.9998233000979
PRI,Puerto Rico (US),2013,IT.CEL.SETS.P2,85.5376654285317
PRI,Puerto Rico (US),2012,IT.CEL.SETS.P2,83.6353280009829
PRI,Puerto Rico (US),2011,IT.CEL.SETS.P2,84.3815609806418
PRI,Puerto Rico (US),2010,IT.CEL.SETS.P2,78.9802833826312
PRI,Puerto Rico (US),2009,IT.CEL.SETS.P2,72.616040363961
PRI,Puerto Rico (US),2008,IT.CEL.SETS.P2,67.844762835518
PRI,Puerto Rico (US),2007,IT.CEL.SETS.P2,64.6148057127551
PRI,Puerto Rico (US),2006,IT.CEL.SETS.P2,58.2288084762123
PRI,Puerto Rico (US),2005,IT.CEL.SETS.P2,52.6200271089625
QAT,Qatar,2024,IT.CEL.SETS.P2,153.612474384296
QAT,Qatar,2023,IT.CEL.SETS.P2,157.82063065065
QAT,Qatar,2022,IT.CEL.SETS.P2,162.248539735277
QAT,Qatar,2021,IT.CEL.SETS.P2,137.709548409191
QAT,Qatar,2020,IT.CEL.SETS.P2,135.497890935034
QAT,Qatar,2019,IT.CEL.SETS.P2,140.01721278049
QAT,Qatar,2018,IT.CEL.SETS.P2,142.911085340776
QAT,Qatar,2017,IT.CEL.SETS.P2,147.358360281803
QAT,Qatar,2016,IT.CEL.SETS.P2,140.517748133011
QAT,Qatar,2015,IT.CEL.SETS.P2,154.098019594361
QAT,Qatar,2014,IT.CEL.SETS.P2,149.020182367971
QAT,Qatar,2013,IT.CEL.SETS.P2,162.859698293993
QAT,Qatar,2012,IT.CEL.SETS.P2,136.39488295684
QAT,Qatar,2011,IT.CEL.SETS.P2,127.128026726304
QAT,Qatar,2010,IT.CEL.SETS.P2,127.920073904667
QAT,Qatar,2009,IT.CEL.SETS.P2,122.869392515999
QAT,Qatar,2008,IT.CEL.SETS.P2,100.178564170272
QAT,Qatar,2007,IT.CEL.SETS.P2,104.601293237189
QAT,Qatar,2006,IT.CEL.SETS.P2,94.5460208402076
QAT,Qatar,2005,IT.CEL.SETS.P2,86.8374185857176
ROU,Romania,2024,IT.CEL.SETS.P2,119.804862328273
ROU,Romania,2023,IT.CEL.SETS.P2,123.252482585042
ROU,Romania,2022,IT.CEL.SETS.P2,121.14194294167
ROU,Romania,2021,IT.CEL.SETS.P2,119.123068432356
ROU,Romania,2020,IT.CEL.SETS.P2,116.478206049988
ROU,Romania,2019,IT.CEL.SETS.P2,116.252345583749
ROU,Romania,2018,IT.CEL.SETS.P2,115.492130982384
ROU,Romania,2017,IT.CEL.SETS.P2,113.76679260075
ROU,Romania,2016,IT.CEL.SETS.P2,115.790771839543
ROU,Romania,2015,IT.CEL.SETS.P2,116.350349219635
ROU,Romania,2014,IT.CEL.SETS.P2,114.782653636732
ROU,Romania,2013,IT.CEL.SETS.P2,114.190750190364
ROU,Romania,2012,IT.CEL.SETS.P2,113.302350795587
ROU,Romania,2011,IT.CEL.SETS.P2,115.471784331445
ROU,Romania,2010,IT.CEL.SETS.P2,119.221396188263
ROU,Romania,2009,IT.CEL.SETS.P2,121.98128515497
ROU,Romania,2008,IT.CEL.SETS.P2,118.105626297195
ROU,Romania,2007,IT.CEL.SETS.P2,97.7446101992859
ROU,Romania,2006,IT.CEL.SETS.P2,76.018272147601
ROU,Romania,2005,IT.CEL.SETS.P2,62.9514625386572
RUS,Russian Federation,2024,IT.CEL.SETS.P2,186.103787309059
RUS,Russian Federation,2023,IT.CEL.SETS.P2,180.841776534047
RUS,Russian Federation,2022,IT.CEL.SETS.P2,168.475831268436
RUS,Russian Federation,2021,IT.CEL.SETS.P2,169.07261384221
RUS,Russian Federation,2020,IT.CEL.SETS.P2,163.101112466044
RUS,Russian Federation,2019,IT.CEL.SETS.P2,163.646302441755
RUS,Russian Federation,2018,IT.CEL.SETS.P2,156.682905991229
RUS,Russian Federation,2017,IT.CEL.SETS.P2,155.485765168167
RUS,Russian Federation,2016,IT.CEL.SETS.P2,157.173982310184
RUS,Russian Federation,2015,IT.CEL.SETS.P2,156.4185651494
RUS,Russian Federation,2014,IT.CEL.SETS.P2,152.512941154001
RUS,Russian Federation,2013,IT.CEL.SETS.P2,150.964167004451
RUS,Russian Federation,2012,IT.CEL.SETS.P2,144.198197519265
RUS,Russian Federation,2011,IT.CEL.SETS.P2,141.451225637367
RUS,Russian Federation,2010,IT.CEL.SETS.P2,165.137115700538
RUS,Russian Federation,2009,IT.CEL.SETS.P2,159.902264510778
RUS,Russian Federation,2008,IT.CEL.SETS.P2,138.738465483788
RUS,Russian Federation,2007,IT.CEL.SETS.P2,119.004783019107
RUS,Russian Federation,2006,IT.CEL.SETS.P2,104.559970556605
RUS,Russian Federation,2005,IT.CEL.SETS.P2,82.9887662809782
RWA,Rwanda,2024,IT.CEL.SETS.P2,93.201462876722
RWA,Rwanda,2023,IT.CEL.SETS.P2,91.4622704078141
RWA,Rwanda,2022,IT.CEL.SETS.P2,80.5952224850433
RWA,Rwanda,2021,IT.CEL.SETS.P2,81.6381635400584
RWA,Rwanda,2020,IT.CEL.SETS.P2,81.2378724761376
RWA,Rwanda,2019,IT.CEL.SETS.P2,75.5985451901883
RWA,Rwanda,2018,IT.CEL.SETS.P2,77.679469147812
RWA,Rwanda,2017,IT.CEL.SETS.P2,72.2764598764471
RWA,Rwanda,2016,IT.CEL.SETS.P2,74.8502057565523
RWA,Rwanda,2015,IT.CEL.SETS.P2,75.2543165296423
RWA,Rwanda,2014,IT.CEL.SETS.P2,68.1670448387062
RWA,Rwanda,2013,IT.CEL.SETS.P2,60.2988640030865
RWA,Rwanda,2012,IT.CEL.SETS.P2,52.5466576287262
RWA,Rwanda,2011,IT.CEL.SETS.P2,42.049425685328
RWA,Rwanda,2010,IT.CEL.SETS.P2,34.395374562166
RWA,Rwanda,2009,IT.CEL.SETS.P2,24.1465972832976
RWA,Rwanda,2008,IT.CEL.SETS.P2,13.4904193265199
RWA,Rwanda,2007,IT.CEL.SETS.P2,6.650695873992
RWA,Rwanda,2006,IT.CEL.SETS.P2,3.37877931178506
RWA,Rwanda,2005,IT.CEL.SETS.P2,2.46261318094107
WSM,Samoa,2022,IT.CEL.SETS.P2,62.398669522115
WSM,Samoa,2021,IT.CEL.SETS.P2,32.2763227445165
WSM,Samoa,2020,IT.CEL.SETS.P2,32.5557694485336
WSM,Samoa,2019,IT.CEL.SETS.P2,40.0419487081705
WSM,Samoa,2018,IT.CEL.SETS.P2,48.1737337534083
WSM,Samoa,2017,IT.CEL.SETS.P2,60.4683202297787
WSM,Samoa,2016,IT.CEL.SETS.P2,74.2057700529241
WSM,Samoa,2015,IT.CEL.SETS.P2,59.7263383255196
WSM,Samoa,2014,IT.CEL.SETS.P2,53.2521483525548
WSM,Samoa,2013,IT.CEL.SETS.P2,50.3797889725019
WSM,Samoa,2012,IT.CEL.SETS.P2,51.0447943490519
WSM,Samoa,2010,IT.CEL.SETS.P2,46.6265678183429
WSM,Samoa,2007,IT.CEL.SETS.P2,45.5621897400306
WSM,Samoa,2006,IT.CEL.SETS.P2,24.2396475395426
WSM,Samoa,2005,IT.CEL.SETS.P2,12.8357346853641
SMR,San Marino,2022,IT.CEL.SETS.P2,120.269873863303
SMR,San Marino,2021,IT.CEL.SETS.P2,115.700566932778
SMR,San Marino,2020,IT.CEL.SETS.P2,112.168886076677
SMR,San Marino,2019,IT.CEL.SETS.P2,111.822930193634
SMR,San Marino,2018,IT.CEL.SETS.P2,111.500477859191
SMR,San Marino,2017,IT.CEL.SETS.P2,110.535807784048
SMR,San Marino,2016,IT.CEL.SETS.P2,107.051901290946
SMR,San Marino,2015,IT.CEL.SETS.P2,108.032211439191
SMR,San Marino,2014,IT.CEL.SETS.P2,111.489992587102
SMR,San Marino,2013,IT.CEL.SETS.P2,109.399167162403
SMR,San Marino,2012,IT.CEL.SETS.P2,107.568649714644
SMR,San Marino,2011,IT.CEL.SETS.P2,110.245888899251
SMR,San Marino,2010,IT.CEL.SETS.P2,99.8791797283177
SMR,San Marino,2009,IT.CEL.SETS.P2,99.531405782652
SMR,San Marino,2008,IT.CEL.SETS.P2,82.1588498703747
SMR,San Marino,2007,IT.CEL.SETS.P2,59.694364851958
SMR,San Marino,2006,IT.CEL.SETS.P2,60.0856886186165
SMR,San Marino,2005,IT.CEL.SETS.P2,60.0237995240095
STP,Sao Tome and Principe,2024,IT.CEL.SETS.P2,62.4367400312479
STP,Sao Tome and Principe,2023,IT.CEL.SETS.P2,63.4540500972405
STP,Sao Tome and Principe,2022,IT.CEL.SETS.P2,86.7784626941517
STP,Sao Tome and Principe,2021,IT.CEL.SETS.P2,85.2577705092336
STP,Sao Tome and Principe,2020,IT.CEL.SETS.P2,80.1172764274381
STP,Sao Tome and Principe,2019,IT.CEL.SETS.P2,77.6791069955762
STP,Sao Tome and Principe,2018,IT.CEL.SETS.P2,77.3644421396185
STP,Sao Tome and Principe,2017,IT.CEL.SETS.P2,84.0522781079383
STP,Sao Tome and Principe,2016,IT.CEL.SETS.P2,87.4112004084658
STP,Sao Tome and Principe,2015,IT.CEL.SETS.P2,92.3511291071491
STP,Sao Tome and Principe,2014,IT.CEL.SETS.P2,65.3056660923834
STP,Sao Tome and Principe,2013,IT.CEL.SETS.P2,64.8875473729989
STP,Sao Tome and Principe,2012,IT.CEL.SETS.P2,64.4914721889368
STP,Sao Tome and Principe,2011,IT.CEL.SETS.P2,61.9653216553819
STP,Sao Tome and Principe,2010,IT.CEL.SETS.P2,56.5065290810882
STP,Sao Tome and Principe,2009,IT.CEL.SETS.P2,45.4470827031312
STP,Sao Tome and Principe,2008,IT.CEL.SETS.P2,29.0869022342672
STP,Sao Tome and Principe,2007,IT.CEL.SETS.P2,17.736593989393
STP,Sao Tome and Principe,2006,IT.CEL.SETS.P2,11.1230514736957
STP,Sao Tome and Principe,2005,IT.CEL.SETS.P2,7.39487376190152
SAU,Saudi Arabia,2024,IT.CEL.SETS.P2,159.541370566589
SAU,Saudi Arabia,2023,IT.CEL.SETS.P2,157.775388696083
SAU,Saudi Arabia,2022,IT.CEL.SETS.P2,149.79788255308
SAU,Saudi Arabia,2021,IT.CEL.SETS.P2,145.003757775499
SAU,Saudi Arabia,2020,IT.CEL.SETS.P2,139.444194606554
SAU,Saudi Arabia,2019,IT.CEL.SETS.P2,135.526154774497
SAU,Saudi Arabia,2018,IT.CEL.SETS.P2,136.046169550913
SAU,Saudi Arabia,2017,IT.CEL.SETS.P2,130.629718239662
SAU,Saudi Arabia,2016,IT.CEL.SETS.P2,156.041476006361
SAU,Saudi Arabia,2015,IT.CEL.SETS.P2,176.134029034522
SAU,Saudi Arabia,2014,IT.CEL.SETS.P2,181.856566741136
SAU,Saudi Arabia,2013,IT.CEL.SETS.P2,189.475618447684
SAU,Saudi Arabia,2012,IT.CEL.SETS.P2,195.843368612361
SAU,Saudi Arabia,2011,IT.CEL.SETS.P2,206.851813084871
SAU,Saudi Arabia,2010,IT.CEL.SETS.P2,204.969243706992
SAU,Saudi Arabia,2009,IT.CEL.SETS.P2,185.254752586687
SAU,Saudi Arabia,2008,IT.CEL.SETS.P2,154.586869382726
SAU,Saudi Arabia,2007,IT.CEL.SETS.P2,126.96531919953
SAU,Saudi Arabia,2006,IT.CEL.SETS.P2,91.8023570744481
SAU,Saudi Arabia,2005,IT.CEL.SETS.P2,68.8923141125755
SEN,Senegal,2024,IT.CEL.SETS.P2,123.894453697506
SEN,Senegal,2023,IT.CEL.SETS.P2,123.911572643075
SEN,Senegal,2022,IT.CEL.SETS.P2,118.150293497239
SEN,Senegal,2021,IT.CEL.SETS.P2,115.325093678501
SEN,Senegal,2020,IT.CEL.SETS.P2,113.638091206029
SEN,Senegal,2019,IT.CEL.SETS.P2,109.341890091569
SEN,Senegal,2018,IT.CEL.SETS.P2,104.055698143919
SEN,Senegal,2017,IT.CEL.SETS.P2,101.831108002442
SEN,Senegal,2016,IT.CEL.SETS.P2,101.010767153806
SEN,Senegal,2015,IT.CEL.SETS.P2,102.508995376039
SEN,Senegal,2014,IT.CEL.SETS.P2,101.608432443463
SEN,Senegal,2013,IT.CEL.SETS.P2,95.7910921489982
SEN,Senegal,2012,IT.CEL.SETS.P2,86.1774562103062
SEN,Senegal,2011,IT.CEL.SETS.P2,72.1733338879073
SEN,Senegal,2010,IT.CEL.SETS.P2,66.0343828887904
SEN,Senegal,2009,IT.CEL.SETS.P2,55.9396481702895
SEN,Senegal,2008,IT.CEL.SETS.P2,44.7269593995631
SEN,Senegal,2007,IT.CEL.SETS.P2,30.8470508593462
SEN,Senegal,2006,IT.CEL.SETS.P2,25.9356401782455
SEN,Senegal,2005,IT.CEL.SETS.P2,15.3986054168441
SRB,Serbia,2024,IT.CEL.SETS.P2,123.822194984291
SRB,Serbia,2023,IT.CEL.SETS.P2,128.471147595832
SRB,Serbia,2022,IT.CEL.SETS.P2,129.813149647571
SRB,Serbia,2021,IT.CEL.SETS.P2,125.075587327252
SRB,Serbia,2020,IT.CEL.SETS.P2,120.216859464106
SRB,Serbia,2019,IT.CEL.SETS.P2,122.047741314232
SRB,Serbia,2018,IT.CEL.SETS.P2,121.074823902706
SRB,Serbia,2017,IT.CEL.SETS.P2,123.142754551775
SRB,Serbia,2016,IT.CEL.SETS.P2,129.17749484679
SRB,Serbia,2015,IT.CEL.SETS.P2,129.383588087229
SRB,Serbia,2014,IT.CEL.SETS.P2,131.35311754636
SRB,Serbia,2013,IT.CEL.SETS.P2,128.668140961621
SRB,Serbia,2012,IT.CEL.SETS.P2,127.199184289925
SRB,Serbia,2011,IT.CEL.SETS.P2,141.043436487447
SRB,Serbia,2010,IT.CEL.SETS.P2,136.015037810579
SRB,Serbia,2009,IT.CEL.SETS.P2,135.323308847551
SRB,Serbia,2008,IT.CEL.SETS.P2,130.694616797607
SRB,Serbia,2007,IT.CEL.SETS.P2,114.29611072521
SRB,Serbia,2006,IT.CEL.SETS.P2,89.3758549177073
SRB,Serbia,2005,IT.CEL.SETS.P2,73.7200175354083
SYC,Seychelles,2024,IT.CEL.SETS.P2,125.616862703001
SYC,Seychelles,2023,IT.CEL.SETS.P2,129.24400747161
SYC,Seychelles,2022,IT.CEL.SETS.P2,163.429518331448
SYC,Seychelles,2021,IT.CEL.SETS.P2,149.479213250181
SYC,Seychelles,2020,IT.CEL.SETS.P2,152.5450781854
SYC,Seychelles,2019,IT.CEL.SETS.P2,164.617084572886
SYC,Seychelles,2018,IT.CEL.SETS.P2,155.551112656467
SYC,Seychelles,2017,IT.CEL.SETS.P2,148.791660366282
SYC,Seychelles,2016,IT.CEL.SETS.P2,138.276832299833
SYC,Seychelles,2015,IT.CEL.SETS.P2,138.248624452112
SYC,Seychelles,2014,IT.CEL.SETS.P2,144.60603512527
SYC,Seychelles,2013,IT.CEL.SETS.P2,133.985679723389
SYC,Seychelles,2012,IT.CEL.SETS.P2,137.106577057151
SYC,Seychelles,2011,IT.CEL.SETS.P2,130.476995382586
SYC,Seychelles,2010,IT.CEL.SETS.P2,123.813585199693
SYC,Seychelles,2009,IT.CEL.SETS.P2,118.199683855257
SYC,Seychelles,2008,IT.CEL.SETS.P2,101.003814278151
SYC,Seychelles,2007,IT.CEL.SETS.P2,84.4863777495955
SYC,Seychelles,2006,IT.CEL.SETS.P2,77.8329810894847
SYC,Seychelles,2005,IT.CEL.SETS.P2,65.8772657002666
SLE,Sierra Leone,2022,IT.CEL.SETS.P2,107.882000873042
SLE,Sierra Leone,2021,IT.CEL.SETS.P2,101.636782141976
SLE,Sierra Leone,2020,IT.CEL.SETS.P2,87.0034823125467
SLE,Sierra Leone,2019,IT.CEL.SETS.P2,87.0384355077496
SLE,Sierra Leone,2018,IT.CEL.SETS.P2,84.1233437327877
SLE,Sierra Leone,2017,IT.CEL.SETS.P2,89.7781754066341
SLE,Sierra Leone,2016,IT.CEL.SETS.P2,87.1475941136892
SLE,Sierra Leone,2015,IT.CEL.SETS.P2,80.3818885694169
SLE,Sierra Leone,2014,IT.CEL.SETS.P2,69.1758823858757
SLE,Sierra Leone,2013,IT.CEL.SETS.P2,59.5765507292095
SLE,Sierra Leone,2012,IT.CEL.SETS.P2,33.7348956202641
SLE,Sierra Leone,2011,IT.CEL.SETS.P2,33.4572729332228
SLE,Sierra Leone,2010,IT.CEL.SETS.P2,32.1403169099528
SLE,Sierra Leone,2009,IT.CEL.SETS.P2,19.1556771977754
SLE,Sierra Leone,2008,IT.CEL.SETS.P2,17.113614518208
SLE,Sierra Leone,2007,IT.CEL.SETS.P2,13.4971732466546
SGP,Singapore,2024,IT.CEL.SETS.P2,170.78256295407
SGP,Singapore,2023,IT.CEL.SETS.P2,173.199932977376
SGP,Singapore,2022,IT.CEL.SETS.P2,173.005291258141
SGP,Singapore,2021,IT.CEL.SETS.P2,157.977675166643
SGP,Singapore,2020,IT.CEL.SETS.P2,150.259334715266
SGP,Singapore,2019,IT.CEL.SETS.P2,159.347378272364
SGP,Singapore,2018,IT.CEL.SETS.P2,152.07381696158
SGP,Singapore,2017,IT.CEL.SETS.P2,149.567868255938
SGP,Singapore,2016,IT.CEL.SETS.P2,151.681717052742
SGP,Singapore,2015,IT.CEL.SETS.P2,149.006215002154
SGP,Singapore,2014,IT.CEL.SETS.P2,148.478352479892
SGP,Singapore,2013,IT.CEL.SETS.P2,156.679270675737
SGP,Singapore,2012,IT.CEL.SETS.P2,152.410387392459
SGP,Singapore,2011,IT.CEL.SETS.P2,150.404101393239
SGP,Singapore,2010,IT.CEL.SETS.P2,145.451637517643
SGP,Singapore,2009,IT.CEL.SETS.P2,138.567088142902
SGP,Singapore,2008,IT.CEL.SETS.P2,133.454246858734
SGP,Singapore,2007,IT.CEL.SETS.P2,128.882425054634
SGP,Singapore,2006,IT.CEL.SETS.P2,108.657521639152
SGP,Singapore,2005,IT.CEL.SETS.P2,102.723197927824
SXM,Sint Maarten (Dutch part),2022,IT.CEL.SETS.P2,205.372695128029
SXM,Sint Maarten (Dutch part),2012,IT.CEL.SETS.P2,196.556548553808
SVK,Slovak Republic,2024,IT.CEL.SETS.P2,139.967676092657
SVK,Slovak Republic,2023,IT.CEL.SETS.P2,138.232946210214
SVK,Slovak Republic,2022,IT.CEL.SETS.P2,136.029289645522
SVK,Slovak Republic,2021,IT.CEL.SETS.P2,135.268252737261
SVK,Slovak Republic,2020,IT.CEL.SETS.P2,133.632904273198
SVK,Slovak Republic,2019,IT.CEL.SETS.P2,135.755672834643
SVK,Slovak Republic,2018,IT.CEL.SETS.P2,133.040480361667
SVK,Slovak Republic,2017,IT.CEL.SETS.P2,130.944551759663
SVK,Slovak Republic,2016,IT.CEL.SETS.P2,128.792489910653
SVK,Slovak Republic,2015,IT.CEL.SETS.P2,123.158867497202
SVK,Slovak Republic,2014,IT.CEL.SETS.P2,117.780685215586
SVK,Slovak Republic,2013,IT.CEL.SETS.P2,114.749126777911
SVK,Slovak Republic,2012,IT.CEL.SETS.P2,112.758768895687
SVK,Slovak Republic,2011,IT.CEL.SETS.P2,110.836202084841
SVK,Slovak Republic,2010,IT.CEL.SETS.P2,109.888273989767
SVK,Slovak Republic,2009,IT.CEL.SETS.P2,102.091819368094
SVK,Slovak Republic,2008,IT.CEL.SETS.P2,102.619815137048
SVK,Slovak Republic,2007,IT.CEL.SETS.P2,112.852224819086
SVK,Slovak Republic,2006,IT.CEL.SETS.P2,91.0056192794065
SVK,Slovak Republic,2005,IT.CEL.SETS.P2,84.445444645828
SVN,Slovenia,2024,IT.CEL.SETS.P2,130.86090177123
SVN,Slovenia,2023,IT.CEL.SETS.P2,129.227963043737
SVN,Slovenia,2022,IT.CEL.SETS.P2,126.45918075971
SVN,Slovenia,2021,IT.CEL.SETS.P2,123.362924143622
SVN,Slovenia,2020,IT.CEL.SETS.P2,121.331428226248
SVN,Slovenia,2019,IT.CEL.SETS.P2,120.568876746571
SVN,Slovenia,2018,IT.CEL.SETS.P2,119.153401263409
SVN,Slovenia,2017,IT.CEL.SETS.P2,118.461993493049
SVN,Slovenia,2016,IT.CEL.SETS.P2,115.736307790972
SVN,Slovenia,2015,IT.CEL.SETS.P2,114.271192414174
SVN,Slovenia,2014,IT.CEL.SETS.P2,113.019086174171
SVN,Slovenia,2013,IT.CEL.SETS.P2,111.044907196462
SVN,Slovenia,2012,IT.CEL.SETS.P2,109.148058194505
SVN,Slovenia,2011,IT.CEL.SETS.P2,105.844580545528
SVN,Slovenia,2010,IT.CEL.SETS.P2,103.782526953769
SVN,Slovenia,2009,IT.CEL.SETS.P2,103.184650482804
SVN,Slovenia,2008,IT.CEL.SETS.P2,101.472234498799
SVN,Slovenia,2007,IT.CEL.SETS.P2,95.7428364606947
SVN,Slovenia,2006,IT.CEL.SETS.P2,90.8371665317101
SVN,Slovenia,2005,IT.CEL.SETS.P2,88.0975344957269
SLB,Solomon Islands,2022,IT.CEL.SETS.P2,62.0734995506142
SLB,Solomon Islands,2021,IT.CEL.SETS.P2,62.1565164026326
SLB,Solomon Islands,2020,IT.CEL.SETS.P2,63.6670615636308
SLB,Solomon Islands,2019,IT.CEL.SETS.P2,65.6620160489572
SLB,Solomon Islands,2018,IT.CEL.SETS.P2,67.9774813460988
SLB,Solomon Islands,2017,IT.CEL.SETS.P2,67.8649558389434
SLB,Solomon Islands,2016,IT.CEL.SETS.P2,62.8902788282841
SLB,Solomon Islands,2015,IT.CEL.SETS.P2,66.42196382631
SLB,Solomon Islands,2014,IT.CEL.SETS.P2,61.0619411646469
SLB,Solomon Islands,2013,IT.CEL.SETS.P2,54.3083814470245
SLB,Solomon Islands,2012,IT.CEL.SETS.P2,52.6750068862599
SLB,Solomon Islands,2011,IT.CEL.SETS.P2,49.7105498738573
SLB,Solomon Islands,2010,IT.CEL.SETS.P2,21.6710946998694
SLB,Solomon Islands,2009,IT.CEL.SETS.P2,9.64988294691985
SLB,Solomon Islands,2008,IT.CEL.SETS.P2,5.89634230232512
SLB,Solomon Islands,2007,IT.CEL.SETS.P2,2.17932005214373
SLB,Solomon Islands,2006,IT.CEL.SETS.P2,1.42393926695607
SLB,Solomon Islands,2005,IT.CEL.SETS.P2,1.24203030553946
SOM,"Somalia, Fed. Rep.",2023,IT.CEL.SETS.P2,53.9579646939598
SOM,"Somalia, Fed. Rep.",2022,IT.CEL.SETS.P2,49.6800986995936
SOM,"Somalia, Fed. Rep.",2021,IT.CEL.SETS.P2,51.2059481348129
SOM,"Somalia, Fed. Rep.",2020,IT.CEL.SETS.P2,53.1133178401473
SOM,"Somalia, Fed. Rep.",2019,IT.CEL.SETS.P2,51.3194116563494
SOM,"Somalia, Fed. Rep.",2018,IT.CEL.SETS.P2,49.5262671956948
SOM,"Somalia, Fed. Rep.",2017,IT.CEL.SETS.P2,47.725260177752
SOM,"Somalia, Fed. Rep.",2016,IT.CEL.SETS.P2,46.366719307758
SOM,"Somalia, Fed. Rep.",2015,IT.CEL.SETS.P2,42.2685278435236
SOM,"Somalia, Fed. Rep.",2014,IT.CEL.SETS.P2,41.2309585125849
SOM,"Somalia, Fed. Rep.",2013,IT.CEL.SETS.P2,40.2732207402969
SOM,"Somalia, Fed. Rep.",2012,IT.CEL.SETS.P2,18.457350680033
SOM,"Somalia, Fed. Rep.",2011,IT.CEL.SETS.P2,14.5762796961332
SOM,"Somalia, Fed. Rep.",2010,IT.CEL.SETS.P2,5.28635539640489
SOM,"Somalia, Fed. Rep.",2009,IT.CEL.SETS.P2,5.35899363283001
SOM,"Somalia, Fed. Rep.",2008,IT.CEL.SETS.P2,5.37593658761268
SOM,"Somalia, Fed. Rep.",2007,IT.CEL.SETS.P2,5.29914466505961
SOM,"Somalia, Fed. Rep.",2006,IT.CEL.SETS.P2,5.01116030956944
SOM,"Somalia, Fed. Rep.",2005,IT.CEL.SETS.P2,4.6973815292194
ZAF,South Africa,2024,IT.CEL.SETS.P2,179.336329840585
ZAF,South Africa,2023,IT.CEL.SETS.P2,171.508619260428
ZAF,South Africa,2022,IT.CEL.SETS.P2,160.728511675754
ZAF,South Africa,2021,IT.CEL.SETS.P2,163.12806305125
ZAF,South Africa,2020,IT.CEL.SETS.P2,158.447269436121
ZAF,South Africa,2019,IT.CEL.SETS.P2,162.73854828041
ZAF,South Africa,2018,IT.CEL.SETS.P2,157.691905248121
ZAF,South Africa,2017,IT.CEL.SETS.P2,153.547950468153
ZAF,South Africa,2016,IT.CEL.SETS.P2,143.92861725374
ZAF,South Africa,2015,IT.CEL.SETS.P2,155.137526067883
ZAF,South Africa,2014,IT.CEL.SETS.P2,142.60448245213
ZAF,South Africa,2013,IT.CEL.SETS.P2,140.576037974212
ZAF,South Africa,2012,IT.CEL.SETS.P2,127.16760060932
ZAF,South Africa,2011,IT.CEL.SETS.P2,120.765642853915
ZAF,South Africa,2010,IT.CEL.SETS.P2,96.2325212467793
ZAF,South Africa,2009,IT.CEL.SETS.P2,89.7686684071896
ZAF,South Africa,2008,IT.CEL.SETS.P2,88.0374704690533
ZAF,South Africa,2007,IT.CEL.SETS.P2,83.7149918944889
ZAF,South Africa,2006,IT.CEL.SETS.P2,79.3267335992398
ZAF,South Africa,2005,IT.CEL.SETS.P2,68.6197925954101
SSD,South Sudan,2023,IT.CEL.SETS.P2,46.6152369503945
SSD,South Sudan,2022,IT.CEL.SETS.P2,48.4888320004297
SSD,South Sudan,2021,IT.CEL.SETS.P2,30.151042999214
SSD,South Sudan,2019,IT.CEL.SETS.P2,21.3171365460584
SSD,South Sudan,2018,IT.CEL.SETS.P2,18.9297575209348
SSD,South Sudan,2017,IT.CEL.SETS.P2,27.1848244017002
SSD,South Sudan,2016,IT.CEL.SETS.P2,24.930513119821
SSD,South Sudan,2015,IT.CEL.SETS.P2,26.0993389998038
SSD,South Sudan,2014,IT.CEL.SETS.P2,25.599272919722
SSD,South Sudan,2013,IT.CEL.SETS.P2,25.5521917559795
SSD,South Sudan,2012,IT.CEL.SETS.P2,21.3829367883201
SSD,South Sudan,2011,IT.CEL.SETS.P2,17.4959266080871
SSD,South Sudan,2010,IT.CEL.SETS.P2,15.3910038351303
ESP,Spain,2024,IT.CEL.SETS.P2,130.260997343256
ESP,Spain,2023,IT.CEL.SETS.P2,127.715490236713
ESP,Spain,2022,IT.CEL.SETS.P2,123.399528756795
ESP,Spain,2021,IT.CEL.SETS.P2,118.999806936801
ESP,Spain,2020,IT.CEL.SETS.P2,116.712041523767
ESP,Spain,2019,IT.CEL.SETS.P2,116.69612128516
ESP,Spain,2018,IT.CEL.SETS.P2,115.009066880916
ESP,Spain,2017,IT.CEL.SETS.P2,112.030085134191
ESP,Spain,2016,IT.CEL.SETS.P2,110.247061960011
ESP,Spain,2015,IT.CEL.SETS.P2,109.391040801705
ESP,Spain,2014,IT.CEL.SETS.P2,108.745818831037
ESP,Spain,2013,IT.CEL.SETS.P2,107.038567264134
ESP,Spain,2012,IT.CEL.SETS.P2,107.756074158579
ESP,Spain,2011,IT.CEL.SETS.P2,111.899355043358
ESP,Spain,2010,IT.CEL.SETS.P2,109.711571858447
ESP,Spain,2009,IT.CEL.SETS.P2,109.472490510383
ESP,Spain,2008,IT.CEL.SETS.P2,107.328389840315
ESP,Spain,2007,IT.CEL.SETS.P2,106.384415658258
ESP,Spain,2006,IT.CEL.SETS.P2,102.236498446106
ESP,Spain,2005,IT.CEL.SETS.P2,97.1228342120143
LKA,Sri Lanka,2024,IT.CEL.SETS.P2,132.548743018664
LKA,Sri Lanka,2023,IT.CEL.SETS.P2,142.277402587724
LKA,Sri Lanka,2022,IT.CEL.SETS.P2,151.72675762805
LKA,Sri Lanka,2021,IT.CEL.SETS.P2,135.522602889503
LKA,Sri Lanka,2020,IT.CEL.SETS.P2,131.773421339878
LKA,Sri Lanka,2019,IT.CEL.SETS.P2,126.514451763616
LKA,Sri Lanka,2018,IT.CEL.SETS.P2,136.084228735946
LKA,Sri Lanka,2017,IT.CEL.SETS.P2,127.669744935625
LKA,Sri Lanka,2016,IT.CEL.SETS.P2,117.737517418373
LKA,Sri Lanka,2015,IT.CEL.SETS.P2,109.984693490847
LKA,Sri Lanka,2014,IT.CEL.SETS.P2,102.671053139637
LKA,Sri Lanka,2013,IT.CEL.SETS.P2,95.1136033828075
LKA,Sri Lanka,2012,IT.CEL.SETS.P2,91.3242275735165
LKA,Sri Lanka,2011,IT.CEL.SETS.P2,87.1978920701214
LKA,Sri Lanka,2010,IT.CEL.SETS.P2,83.1420949448513
LKA,Sri Lanka,2009,IT.CEL.SETS.P2,78.5559610790581
LKA,Sri Lanka,2008,IT.CEL.SETS.P2,53.721706975363
LKA,Sri Lanka,2007,IT.CEL.SETS.P2,38.9580161956458
LKA,Sri Lanka,2006,IT.CEL.SETS.P2,26.593881186853
LKA,Sri Lanka,2005,IT.CEL.SETS.P2,16.6288477682909
KNA,St. Kitts and Nevis,2023,IT.CEL.SETS.P2,118.893023653706
KNA,St. Kitts and Nevis,2022,IT.CEL.SETS.P2,116.923933289088
KNA,St. Kitts and Nevis,2021,IT.CEL.SETS.P2,121.256121292475
KNA,St. Kitts and Nevis,2020,IT.CEL.SETS.P2,133.400896095584
KNA,St. Kitts and Nevis,2019,IT.CEL.SETS.P2,138.916340092009
KNA,St. Kitts and Nevis,2018,IT.CEL.SETS.P2,152.301735874745
KNA,St. Kitts and Nevis,2017,IT.CEL.SETS.P2,163.396386822529
KNA,St. Kitts and Nevis,2016,IT.CEL.SETS.P2,162.682952734997
KNA,St. Kitts and Nevis,2015,IT.CEL.SETS.P2,155.051288041285
KNA,St. Kitts and Nevis,2014,IT.CEL.SETS.P2,138.036484104568
KNA,St. Kitts and Nevis,2013,IT.CEL.SETS.P2,163.589623743865
KNA,St. Kitts and Nevis,2012,IT.CEL.SETS.P2,161.588671783641
KNA,St. Kitts and Nevis,2011,IT.CEL.SETS.P2,164.228127799343
KNA,St. Kitts and Nevis,2010,IT.CEL.SETS.P2,170.772317807283
KNA,St. Kitts and Nevis,2009,IT.CEL.SETS.P2,160.925910137267
KNA,St. Kitts and Nevis,2008,IT.CEL.SETS.P2,159.069072275008
KNA,St. Kitts and Nevis,2007,IT.CEL.SETS.P2,138.097888922194
KNA,St. Kitts and Nevis,2006,IT.CEL.SETS.P2,109.514913354377
KNA,St. Kitts and Nevis,2005,IT.CEL.SETS.P2,109.826216163835
LCA,St. Lucia,2022,IT.CEL.SETS.P2,98.6676436534083
LCA,St. Lucia,2021,IT.CEL.SETS.P2,96.2374385229832
LCA,St. Lucia,2020,IT.CEL.SETS.P2,81.8687237026648
LCA,St. Lucia,2019,IT.CEL.SETS.P2,83.1865181441059
LCA,St. Lucia,2018,IT.CEL.SETS.P2,104.478100973353
LCA,St. Lucia,2017,IT.CEL.SETS.P2,100.199612117363
LCA,St. Lucia,2016,IT.CEL.SETS.P2,100.570465595573
LCA,St. Lucia,2015,IT.CEL.SETS.P2,107.338841085161
LCA,St. Lucia,2014,IT.CEL.SETS.P2,108.161917559637
LCA,St. Lucia,2013,IT.CEL.SETS.P2,122.318869001955
LCA,St. Lucia,2012,IT.CEL.SETS.P2,125.154270020338
LCA,St. Lucia,2011,IT.CEL.SETS.P2,126.035354858237
LCA,St. Lucia,2010,IT.CEL.SETS.P2,115.977203843048
LCA,St. Lucia,2009,IT.CEL.SETS.P2,111.696660367695
LCA,St. Lucia,2008,IT.CEL.SETS.P2,103.694730107578
LCA,St. Lucia,2007,IT.CEL.SETS.P2,87.6262234885967
LCA,St. Lucia,2006,IT.CEL.SETS.P2,63.370519506238
LCA,St. Lucia,2005,IT.CEL.SETS.P2,63.8597763674826
VCT,St. Vincent and the Grenadines,2024,IT.CEL.SETS.P2,108.354536057883
VCT,St. Vincent and the Grenadines,2023,IT.CEL.SETS.P2,101.631416361537
VCT,St. Vincent and the Grenadines,2022,IT.CEL.SETS.P2,102.334241420536
VCT,St. Vincent and the Grenadines,2021,IT.CEL.SETS.P2,95.5173520288601
VCT,St. Vincent and the Grenadines,2020,IT.CEL.SETS.P2,96.9437629194598
VCT,St. Vincent and the Grenadines,2019,IT.CEL.SETS.P2,92.5177839430914
VCT,St. Vincent and the Grenadines,2018,IT.CEL.SETS.P2,107.164096601414
VCT,St. Vincent and the Grenadines,2017,IT.CEL.SETS.P2,109.635350122559
VCT,St. Vincent and the Grenadines,2016,IT.CEL.SETS.P2,105.923892091134
VCT,St. Vincent and the Grenadines,2015,IT.CEL.SETS.P2,105.99382946896
VCT,St. Vincent and the Grenadines,2014,IT.CEL.SETS.P2,106.957734691031
VCT,St. Vincent and the Grenadines,2013,IT.CEL.SETS.P2,115.945808480141
VCT,St. Vincent and the Grenadines,2012,IT.CEL.SETS.P2,116.789287816363
VCT,St. Vincent and the Grenadines,2011,IT.CEL.SETS.P2,120.539739732416
VCT,St. Vincent and the Grenadines,2010,IT.CEL.SETS.P2,119.85467310543
VCT,St. Vincent and the Grenadines,2009,IT.CEL.SETS.P2,109.597495203967
VCT,St. Vincent and the Grenadines,2008,IT.CEL.SETS.P2,117.175847533955
VCT,St. Vincent and the Grenadines,2007,IT.CEL.SETS.P2,99.067523827456
VCT,St. Vincent and the Grenadines,2006,IT.CEL.SETS.P2,78.2348634992055
VCT,St. Vincent and the Grenadines,2005,IT.CEL.SETS.P2,62.8012449977768
SDN,Sudan,2022,IT.CEL.SETS.P2,70.2084038614961
SDN,Sudan,2021,IT.CEL.SETS.P2,71.767230205952
SDN,Sudan,2020,IT.CEL.SETS.P2,75.2207425678785
SDN,Sudan,2019,IT.CEL.SETS.P2,72.4818502607404
SDN,Sudan,2018,IT.CEL.SETS.P2,68.0533719238149
SDN,Sudan,2017,IT.CEL.SETS.P2,67.0598253428254
SDN,Sudan,2016,IT.CEL.SETS.P2,67.3954575547604
SDN,Sudan,2015,IT.CEL.SETS.P2,69.8036331859409
SDN,Sudan,2014,IT.CEL.SETS.P2,71.597721245773
SDN,Sudan,2013,IT.CEL.SETS.P2,73.1963836514564
SDN,Sudan,2012,IT.CEL.SETS.P2,74.908489729676
SDN,Sudan,2011,IT.CEL.SETS.P2,69.3293475524591
SDN,Sudan,2010,IT.CEL.SETS.P2,51.0900410875249
SDN,Sudan,2009,IT.CEL.SETS.P2,44.3745692867503
SDN,Sudan,2008,IT.CEL.SETS.P2,35.6634431735922
SDN,Sudan,2007,IT.CEL.SETS.P2,25.0825849667632
SDN,Sudan,2006,IT.CEL.SETS.P2,14.6382324446389
SDN,Sudan,2005,IT.CEL.SETS.P2,5.84707964610828
SUR,Suriname,2024,IT.CEL.SETS.P2,142.122626416427
SUR,Suriname,2023,IT.CEL.SETS.P2,157.24614636039
SUR,Suriname,2022,IT.CEL.SETS.P2,149.052255906952
SUR,Suriname,2021,IT.CEL.SETS.P2,146.654129497521
SUR,Suriname,2020,IT.CEL.SETS.P2,146.874739718153
SUR,Suriname,2019,IT.CEL.SETS.P2,134.34912375695
SUR,Suriname,2018,IT.CEL.SETS.P2,125.480181413914
SUR,Suriname,2017,IT.CEL.SETS.P2,134.049784997128
SUR,Suriname,2016,IT.CEL.SETS.P2,137.281393501056
SUR,Suriname,2015,IT.CEL.SETS.P2,129.027366336157
SUR,Suriname,2014,IT.CEL.SETS.P2,161.251918320811
SUR,Suriname,2013,IT.CEL.SETS.P2,152.648413061052
SUR,Suriname,2012,IT.CEL.SETS.P2,101.14390730725
SUR,Suriname,2011,IT.CEL.SETS.P2,95.9107913617333
SUR,Suriname,2010,IT.CEL.SETS.P2,94.7707224465971
SUR,Suriname,2009,IT.CEL.SETS.P2,140.536602596179
SUR,Suriname,2008,IT.CEL.SETS.P2,122.310305354168
SUR,Suriname,2007,IT.CEL.SETS.P2,71.560932250629
SUR,Suriname,2006,IT.CEL.SETS.P2,60.952729253691
SUR,Suriname,2005,IT.CEL.SETS.P2,44.8255676249198
SWE,Sweden,2024,IT.CEL.SETS.P2,140.686673016562
SWE,Sweden,2023,IT.CEL.SETS.P2,140.265691285045
SWE,Sweden,2022,IT.CEL.SETS.P2,140.781664517726
SWE,Sweden,2021,IT.CEL.SETS.P2,124.96149481991
SWE,Sweden,2020,IT.CEL.SETS.P2,123.548656971054
SWE,Sweden,2019,IT.CEL.SETS.P2,125.456729050381
SWE,Sweden,2018,IT.CEL.SETS.P2,124.086284526267
SWE,Sweden,2017,IT.CEL.SETS.P2,124.472904877796
SWE,Sweden,2016,IT.CEL.SETS.P2,126.401633330915
SWE,Sweden,2015,IT.CEL.SETS.P2,128.974452830716
SWE,Sweden,2014,IT.CEL.SETS.P2,126.980024510044
SWE,Sweden,2013,IT.CEL.SETS.P2,125.141584605994
SWE,Sweden,2012,IT.CEL.SETS.P2,124.465204900222
SWE,Sweden,2011,IT.CEL.SETS.P2,121.218520944341
SWE,Sweden,2010,IT.CEL.SETS.P2,117.211932910169
SWE,Sweden,2009,IT.CEL.SETS.P2,112.273275734132
SWE,Sweden,2008,IT.CEL.SETS.P2,108.612891679953
SWE,Sweden,2007,IT.CEL.SETS.P2,110.587549083029
SWE,Sweden,2006,IT.CEL.SETS.P2,105.79670579871
SWE,Sweden,2005,IT.CEL.SETS.P2,100.822047425123
CHE,Switzerland,2024,IT.CEL.SETS.P2,129.471369643132
CHE,Switzerland,2023,IT.CEL.SETS.P2,130.221876609608
CHE,Switzerland,2022,IT.CEL.SETS.P2,123.971228075124
CHE,Switzerland,2021,IT.CEL.SETS.P2,123.21236546636
CHE,Switzerland,2020,IT.CEL.SETS.P2,127.376373489656
CHE,Switzerland,2019,IT.CEL.SETS.P2,126.920635838501
CHE,Switzerland,2018,IT.CEL.SETS.P2,126.681143927488
CHE,Switzerland,2017,IT.CEL.SETS.P2,131.169694242519
CHE,Switzerland,2016,IT.CEL.SETS.P2,134.235676338144
CHE,Switzerland,2015,IT.CEL.SETS.P2,135.723075533919
CHE,Switzerland,2014,IT.CEL.SETS.P2,136.137729869778
CHE,Switzerland,2013,IT.CEL.SETS.P2,136.551244178553
CHE,Switzerland,2012,IT.CEL.SETS.P2,132.03116268359
CHE,Switzerland,2011,IT.CEL.SETS.P2,127.39653885362
CHE,Switzerland,2010,IT.CEL.SETS.P2,123.236153760539
CHE,Switzerland,2009,IT.CEL.SETS.P2,120.4834287435
CHE,Switzerland,2008,IT.CEL.SETS.P2,116.422699159143
CHE,Switzerland,2007,IT.CEL.SETS.P2,108.793498963141
CHE,Switzerland,2006,IT.CEL.SETS.P2,99.4336839067788
CHE,Switzerland,2005,IT.CEL.SETS.P2,91.9590388522439
SYR,Syrian Arab Republic,2024,IT.CEL.SETS.P2,71.2231424453527
SYR,Syrian Arab Republic,2023,IT.CEL.SETS.P2,72.4405852977604
SYR,Syrian Arab Republic,2022,IT.CEL.SETS.P2,78.6567844526885
SYR,Syrian Arab Republic,2021,IT.CEL.SETS.P2,78.5558300193552
SYR,Syrian Arab Republic,2020,IT.CEL.SETS.P2,79.1482419784404
SYR,Syrian Arab Republic,2019,IT.CEL.SETS.P2,87.1297289207859
SYR,Syrian Arab Republic,2018,IT.CEL.SETS.P2,87.4952069545959
SYR,Syrian Arab Republic,2017,IT.CEL.SETS.P2,80.032591460097
SYR,Syrian Arab Republic,2016,IT.CEL.SETS.P2,69.5528574436978
SYR,Syrian Arab Republic,2015,IT.CEL.SETS.P2,73.6810937543276
SYR,Syrian Arab Republic,2014,IT.CEL.SETS.P2,69.2511845049776
SYR,Syrian Arab Republic,2013,IT.CEL.SETS.P2,56.7277291919289
SYR,Syrian Arab Republic,2012,IT.CEL.SETS.P2,57.0304708357464
SYR,Syrian Arab Republic,2011,IT.CEL.SETS.P2,56.4601130740851
SYR,Syrian Arab Republic,2010,IT.CEL.SETS.P2,52.0228671102636
SYR,Syrian Arab Republic,2009,IT.CEL.SETS.P2,45.6016523479648
SYR,Syrian Arab Republic,2008,IT.CEL.SETS.P2,32.6121929526333
SYR,Syrian Arab Republic,2007,IT.CEL.SETS.P2,29.8536903030412
SYR,Syrian Arab Republic,2006,IT.CEL.SETS.P2,23.807072172145
SYR,Syrian Arab Republic,2005,IT.CEL.SETS.P2,15.6797370651604
TJK,Tajikistan,2023,IT.CEL.SETS.P2,76.215892145748
TJK,Tajikistan,2022,IT.CEL.SETS.P2,63.8442080716763
TJK,Tajikistan,2021,IT.CEL.SETS.P2,64.0874682499327
TJK,Tajikistan,2020,IT.CEL.SETS.P2,62.2826230779409
TJK,Tajikistan,2019,IT.CEL.SETS.P2,115.372919483658
TJK,Tajikistan,2018,IT.CEL.SETS.P2,107.442164151643
TJK,Tajikistan,2017,IT.CEL.SETS.P2,109.003509375909
TJK,Tajikistan,2016,IT.CEL.SETS.P2,106.027422075203
TJK,Tajikistan,2015,IT.CEL.SETS.P2,98.2086665185843
TJK,Tajikistan,2014,IT.CEL.SETS.P2,94.9385868130658
TJK,Tajikistan,2013,IT.CEL.SETS.P2,91.7287717099905
TJK,Tajikistan,2012,IT.CEL.SETS.P2,81.4565956633347
TJK,Tajikistan,2011,IT.CEL.SETS.P2,80.8201119902975
TJK,Tajikistan,2010,IT.CEL.SETS.P2,77.6363373335646
TJK,Tajikistan,2009,IT.CEL.SETS.P2,65.4185519002754
TJK,Tajikistan,2008,IT.CEL.SETS.P2,50.0588479537033
TJK,Tajikistan,2007,IT.CEL.SETS.P2,29.6445453922502
TJK,Tajikistan,2006,IT.CEL.SETS.P2,30.4637604522579
TJK,Tajikistan,2005,IT.CEL.SETS.P2,3.82686953407502
TZA,Tanzania,2024,IT.CEL.SETS.P2,126.559163217786
TZA,Tanzania,2023,IT.CEL.SETS.P2,105.40028112088
TZA,Tanzania,2022,IT.CEL.SETS.P2,93.0159746238635
TZA,Tanzania,2021,IT.CEL.SETS.P2,86.0162814148027
TZA,Tanzania,2020,IT.CEL.SETS.P2,84.0050558283384
TZA,Tanzania,2019,IT.CEL.SETS.P2,80.5835569684446
TZA,Tanzania,2018,IT.CEL.SETS.P2,75.7301934140355
TZA,Tanzania,2017,IT.CEL.SETS.P2,71.7911684370749
TZA,Tanzania,2016,IT.CEL.SETS.P2,74.3983656514054
TZA,Tanzania,2015,IT.CEL.SETS.P2,76.2492627491202
TZA,Tanzania,2014,IT.CEL.SETS.P2,63.2804353521698
TZA,Tanzania,2013,IT.CEL.SETS.P2,56.2075025692215
TZA,Tanzania,2012,IT.CEL.SETS.P2,57.4558483868666
TZA,Tanzania,2011,IT.CEL.SETS.P2,55.7610427273527
TZA,Tanzania,2010,IT.CEL.SETS.P2,46.8823991552172
TZA,Tanzania,2009,IT.CEL.SETS.P2,40.036423904653
TZA,Tanzania,2008,IT.CEL.SETS.P2,30.5533722608643
TZA,Tanzania,2007,IT.CEL.SETS.P2,19.9152842614808
TZA,Tanzania,2006,IT.CEL.SETS.P2,13.9198750253816
TZA,Tanzania,2005,IT.CEL.SETS.P2,7.56468340268647
THA,Thailand,2024,IT.CEL.SETS.P2,160.639312286761
THA,Thailand,2023,IT.CEL.SETS.P2,168.642808295144
THA,Thailand,2022,IT.CEL.SETS.P2,176.22279253783
THA,Thailand,2021,IT.CEL.SETS.P2,168.485285358167
THA,Thailand,2020,IT.CEL.SETS.P2,162.327737376294
THA,Thailand,2019,IT.CEL.SETS.P2,181.221874232713
THA,Thailand,2018,IT.CEL.SETS.P2,175.266001933225
THA,Thailand,2017,IT.CEL.SETS.P2,170.783699598766
THA,Thailand,2016,IT.CEL.SETS.P2,168.88127084564
THA,Thailand,2015,IT.CEL.SETS.P2,145.932577028654
THA,Thailand,2014,IT.CEL.SETS.P2,138.28115031927
THA,Thailand,2013,IT.CEL.SETS.P2,134.367308785551
THA,Thailand,2012,IT.CEL.SETS.P2,122.431994954555
THA,Thailand,2011,IT.CEL.SETS.P2,112.233203232914
THA,Thailand,2010,IT.CEL.SETS.P2,104.588624052335
THA,Thailand,2009,IT.CEL.SETS.P2,96.8163056134753
THA,Thailand,2008,IT.CEL.SETS.P2,91.4482689471417
THA,Thailand,2007,IT.CEL.SETS.P2,78.9450134968359
THA,Thailand,2006,IT.CEL.SETS.P2,60.2776989983143
THA,Thailand,2005,IT.CEL.SETS.P2,46.1396976737352
TLS,Timor-Leste,2024,IT.CEL.SETS.P2,116.382391453038
TLS,Timor-Leste,2023,IT.CEL.SETS.P2,112.647241971673
TLS,Timor-Leste,2022,IT.CEL.SETS.P2,108.158358863503
TLS,Timor-Leste,2021,IT.CEL.SETS.P2,102.668836319816
TLS,Timor-Leste,2020,IT.CEL.SETS.P2,103.911005065408
TLS,Timor-Leste,2019,IT.CEL.SETS.P2,109.555438546595
TLS,Timor-Leste,2018,IT.CEL.SETS.P2,115.089356319443
TLS,Timor-Leste,2017,IT.CEL.SETS.P2,124.360491266698
TLS,Timor-Leste,2016,IT.CEL.SETS.P2,121.477605038459
TLS,Timor-Leste,2015,IT.CEL.SETS.P2,114.23397124462
TLS,Timor-Leste,2014,IT.CEL.SETS.P2,116.401176746315
TLS,Timor-Leste,2013,IT.CEL.SETS.P2,56.0975925502397
TLS,Timor-Leste,2012,IT.CEL.SETS.P2,54.7192006238518
TLS,Timor-Leste,2011,IT.CEL.SETS.P2,55.3186027470553
TLS,Timor-Leste,2010,IT.CEL.SETS.P2,43.6092152609205
TLS,Timor-Leste,2009,IT.CEL.SETS.P2,33.1410054194348
TLS,Timor-Leste,2008,IT.CEL.SETS.P2,12.1075638131048
TLS,Timor-Leste,2007,IT.CEL.SETS.P2,7.7834467289422
TLS,Timor-Leste,2006,IT.CEL.SETS.P2,5.02766238274334
TLS,Timor-Leste,2005,IT.CEL.SETS.P2,3.48746350089791
TGO,Togo,2024,IT.CEL.SETS.P2,80.8035554767112
TGO,Togo,2023,IT.CEL.SETS.P2,75.7906769713952
TGO,Togo,2022,IT.CEL.SETS.P2,72.2147547047011
TGO,Togo,2021,IT.CEL.SETS.P2,70.4496733018494
TGO,Togo,2020,IT.CEL.SETS.P2,75.164019137873
TGO,Togo,2019,IT.CEL.SETS.P2,73.7224727486533
TGO,Togo,2018,IT.CEL.SETS.P2,74.3997114343066
TGO,Togo,2017,IT.CEL.SETS.P2,75.3357270694068
TGO,Togo,2016,IT.CEL.SETS.P2,70.0588130571426
TGO,Togo,2015,IT.CEL.SETS.P2,63.3574638254671
TGO,Togo,2014,IT.CEL.SETS.P2,60.4368580586019
TGO,Togo,2013,IT.CEL.SETS.P2,58.5138554393817
TGO,Togo,2012,IT.CEL.SETS.P2,46.6464180614517
TGO,Togo,2011,IT.CEL.SETS.P2,38.9697843149559
TGO,Togo,2010,IT.CEL.SETS.P2,38.6520343582485
TGO,Togo,2009,IT.CEL.SETS.P2,33.384906435038
TGO,Togo,2008,IT.CEL.SETS.P2,24.3301576494957
TGO,Togo,2007,IT.CEL.SETS.P2,19.2348550759298
TGO,Togo,2006,IT.CEL.SETS.P2,11.7790568369439
TGO,Togo,2005,IT.CEL.SETS.P2,7.41937343863111
TON,Tonga,2022,IT.CEL.SETS.P2,61.7257858761257
TON,Tonga,2021,IT.CEL.SETS.P2,60.9801876955162
TON,Tonga,2020,IT.CEL.SETS.P2,58.6543555589192
TON,Tonga,2019,IT.CEL.SETS.P2,58.772203768371
TON,Tonga,2018,IT.CEL.SETS.P2,102.245967016208
TON,Tonga,2017,IT.CEL.SETS.P2,102.450738448688
TON,Tonga,2016,IT.CEL.SETS.P2,75.8121375232175
TON,Tonga,2015,IT.CEL.SETS.P2,69.2709364249022
TON,Tonga,2014,IT.CEL.SETS.P2,63.7844834863848
TON,Tonga,2013,IT.CEL.SETS.P2,53.6991725657932
TON,Tonga,2012,IT.CEL.SETS.P2,52.1124139214591
TON,Tonga,2011,IT.CEL.SETS.P2,51.1294970716743
TON,Tonga,2010,IT.CEL.SETS.P2,50.5586592178771
TON,Tonga,2009,IT.CEL.SETS.P2,49.4389149557382
TON,Tonga,2008,IT.CEL.SETS.P2,47.1612782657447
TON,Tonga,2007,IT.CEL.SETS.P2,43.5929389277215
TON,Tonga,2006,IT.CEL.SETS.P2,28.2824955530667
TON,Tonga,2005,IT.CEL.SETS.P2,28.2688722544501
TTO,Trinidad and Tobago,2024,IT.CEL.SETS.P2,118.786668099235
TTO,Trinidad and Tobago,2023,IT.CEL.SETS.P2,134.230557337258
TTO,Trinidad and Tobago,2022,IT.CEL.SETS.P2,133.631989924602
TTO,Trinidad and Tobago,2021,IT.CEL.SETS.P2,134.221562299819
TTO,Trinidad and Tobago,2020,IT.CEL.SETS.P2,134.231180588566
TTO,Trinidad and Tobago,2019,IT.CEL.SETS.P2,145.715788467056
TTO,Trinidad and Tobago,2018,IT.CEL.SETS.P2,134.142866663312
TTO,Trinidad and Tobago,2017,IT.CEL.SETS.P2,140.503134035998
TTO,Trinidad and Tobago,2016,IT.CEL.SETS.P2,150.717314787624
TTO,Trinidad and Tobago,2015,IT.CEL.SETS.P2,148.572056300501
TTO,Trinidad and Tobago,2014,IT.CEL.SETS.P2,139.365477214979
TTO,Trinidad and Tobago,2013,IT.CEL.SETS.P2,137.604422317441
TTO,Trinidad and Tobago,2012,IT.CEL.SETS.P2,134.183710177097
TTO,Trinidad and Tobago,2011,IT.CEL.SETS.P2,130.911989608476
TTO,Trinidad and Tobago,2010,IT.CEL.SETS.P2,136.605093988839
TTO,Trinidad and Tobago,2009,IT.CEL.SETS.P2,133.884700838835
TTO,Trinidad and Tobago,2008,IT.CEL.SETS.P2,131.633340232814
TTO,Trinidad and Tobago,2007,IT.CEL.SETS.P2,110.577518150665
TTO,Trinidad and Tobago,2006,IT.CEL.SETS.P2,111.783486838135
TTO,Trinidad and Tobago,2005,IT.CEL.SETS.P2,68.3488728833742
TUN,Tunisia,2024,IT.CEL.SETS.P2,117.606816067203
TUN,Tunisia,2023,IT.CEL.SETS.P2,132.653682480562
TUN,Tunisia,2022,IT.CEL.SETS.P2,131.875365428496
TUN,Tunisia,2021,IT.CEL.SETS.P2,129.846077003661
TUN,Tunisia,2020,IT.CEL.SETS.P2,124.041976750236
TUN,Tunisia,2019,IT.CEL.SETS.P2,124.386924181822
TUN,Tunisia,2018,IT.CEL.SETS.P2,125.532926143303
TUN,Tunisia,2017,IT.CEL.SETS.P2,123.034053994945
TUN,Tunisia,2016,IT.CEL.SETS.P2,123.883093580407
TUN,Tunisia,2015,IT.CEL.SETS.P2,128.008569175385
TUN,Tunisia,2014,IT.CEL.SETS.P2,126.692106854109
TUN,Tunisia,2013,IT.CEL.SETS.P2,114.100647129197
TUN,Tunisia,2012,IT.CEL.SETS.P2,116.660316175441
TUN,Tunisia,2011,IT.CEL.SETS.P2,113.794012236779
TUN,Tunisia,2010,IT.CEL.SETS.P2,103.234503500842
TUN,Tunisia,2009,IT.CEL.SETS.P2,91.9849726040992
TUN,Tunisia,2008,IT.CEL.SETS.P2,81.5940606878641
TUN,Tunisia,2007,IT.CEL.SETS.P2,75.1086269269129
TUN,Tunisia,2006,IT.CEL.SETS.P2,70.9332705740445
TUN,Tunisia,2005,IT.CEL.SETS.P2,55.3921457734954
TUR,Turkiye,2024,IT.CEL.SETS.P2,107.826875714392
TUR,Turkiye,2023,IT.CEL.SETS.P2,105.684032912794
TUR,Turkiye,2022,IT.CEL.SETS.P2,103.720593629066
TUR,Turkiye,2021,IT.CEL.SETS.P2,99.5415432248525
TUR,Turkiye,2020,IT.CEL.SETS.P2,95.3960853737199
TUR,Turkiye,2019,IT.CEL.SETS.P2,94.6498130829997
TUR,Turkiye,2018,IT.CEL.SETS.P2,94.9085818111026
TUR,Turkiye,2017,IT.CEL.SETS.P2,93.6407569517097
TUR,Turkiye,2016,IT.CEL.SETS.P2,91.9286950751339
TUR,Turkiye,2015,IT.CEL.SETS.P2,92.0327105332494
TUR,Turkiye,2014,IT.CEL.SETS.P2,92.1219361989572
TUR,Turkiye,2013,IT.CEL.SETS.P2,91.1758435342703
TUR,Turkiye,2012,IT.CEL.SETS.P2,90.0040810031246
TUR,Turkiye,2011,IT.CEL.SETS.P2,88.0166628392838
TUR,Turkiye,2010,IT.CEL.SETS.P2,84.215890954924
TUR,Turkiye,2009,IT.CEL.SETS.P2,86.6344934581247
TUR,Turkiye,2008,IT.CEL.SETS.P2,91.981497306586
TUR,Turkiye,2007,IT.CEL.SETS.P2,87.5975882376437
TUR,Turkiye,2006,IT.CEL.SETS.P2,75.1837213345885
TUR,Turkiye,2005,IT.CEL.SETS.P2,62.9009716591727
TKM,Turkmenistan,2021,IT.CEL.SETS.P2,88.1929367884543
TKM,Turkmenistan,2020,IT.CEL.SETS.P2,88.7029504834018
TKM,Turkmenistan,2019,IT.CEL.SETS.P2,88.2099411752948
TKM,Turkmenistan,2018,IT.CEL.SETS.P2,87.7729687399519
TKM,Turkmenistan,2016,IT.CEL.SETS.P2,134.826174862709
TKM,Turkmenistan,2015,IT.CEL.SETS.P2,126.162969350539
TKM,Turkmenistan,2014,IT.CEL.SETS.P2,118.613404511362
TKM,Turkmenistan,2013,IT.CEL.SETS.P2,103.130970254107
TKM,Turkmenistan,2012,IT.CEL.SETS.P2,101.574473198628
TKM,Turkmenistan,2011,IT.CEL.SETS.P2,93.2537591382086
TKM,Turkmenistan,2010,IT.CEL.SETS.P2,57.4662009404143
TKM,Turkmenistan,2009,IT.CEL.SETS.P2,39.1241677660397
TKM,Turkmenistan,2008,IT.CEL.SETS.P2,21.2374900117474
TKM,Turkmenistan,2007,IT.CEL.SETS.P2,7.27815888724088
TKM,Turkmenistan,2006,IT.CEL.SETS.P2,4.21339762837556
TKM,Turkmenistan,2005,IT.CEL.SETS.P2,2.07827907408511
TUV,Tuvalu,2022,IT.CEL.SETS.P2,98.8590872698158
TUV,Tuvalu,2021,IT.CEL.SETS.P2,88.2872277810477
TUV,Tuvalu,2020,IT.CEL.SETS.P2,86.5467833445524
TUV,Tuvalu,2019,IT.CEL.SETS.P2,85.0581230507513
TUV,Tuvalu,2018,IT.CEL.SETS.P2,79.0624127988094
TUV,Tuvalu,2017,IT.CEL.SETS.P2,73.6038273990248
TUV,Tuvalu,2016,IT.CEL.SETS.P2,69.5333943275389
TUV,Tuvalu,2015,IT.CEL.SETS.P2,60.2024993158807
TUV,Tuvalu,2014,IT.CEL.SETS.P2,34.5957756737072
TUV,Tuvalu,2013,IT.CEL.SETS.P2,30.9062812471593
TUV,Tuvalu,2012,IT.CEL.SETS.P2,25.6081946222791
TUV,Tuvalu,2011,IT.CEL.SETS.P2,19.7588126159555
TUV,Tuvalu,2010,IT.CEL.SETS.P2,15.0744299981157
TUV,Tuvalu,2009,IT.CEL.SETS.P2,9.5593155530064
TUV,Tuvalu,2007,IT.CEL.SETS.P2,17.6782557454331
TUV,Tuvalu,2006,IT.CEL.SETS.P2,15.9108989657916
TUV,Tuvalu,2005,IT.CEL.SETS.P2,13.0784708249497
UGA,Uganda,2024,IT.CEL.SETS.P2,83.165031466902
UGA,Uganda,2023,IT.CEL.SETS.P2,76.2966796632588
UGA,Uganda,2022,IT.CEL.SETS.P2,70.1401117953081
UGA,Uganda,2021,IT.CEL.SETS.P2,65.6220730009172
UGA,Uganda,2020,IT.CEL.SETS.P2,62.2824129624858
UGA,Uganda,2019,IT.CEL.SETS.P2,59.0598078769828
UGA,Uganda,2018,IT.CEL.SETS.P2,58.8753608703264
UGA,Uganda,2017,IT.CEL.SETS.P2,62.0968142578109
UGA,Uganda,2016,IT.CEL.SETS.P2,58.8633638178484
UGA,Uganda,2015,IT.CEL.SETS.P2,53.8755501186925
UGA,Uganda,2014,IT.CEL.SETS.P2,55.9572451997482
UGA,Uganda,2013,IT.CEL.SETS.P2,51.1323160552035
UGA,Uganda,2012,IT.CEL.SETS.P2,47.6342672974029
UGA,Uganda,2011,IT.CEL.SETS.P2,50.0591238800663
UGA,Uganda,2010,IT.CEL.SETS.P2,39.6046507276973
UGA,Uganda,2009,IT.CEL.SETS.P2,29.8359001233373
UGA,Uganda,2008,IT.CEL.SETS.P2,28.0124073852685
UGA,Uganda,2007,IT.CEL.SETS.P2,14.147698933985
UGA,Uganda,2006,IT.CEL.SETS.P2,6.97651521394924
UGA,Uganda,2005,IT.CEL.SETS.P2,4.70366701141629
UKR,Ukraine,2023,IT.CEL.SETS.P2,133.38012811971
UKR,Ukraine,2022,IT.CEL.SETS.P2,120.261144906234
UKR,Ukraine,2021,IT.CEL.SETS.P2,135.025688989835
UKR,Ukraine,2020,IT.CEL.SETS.P2,129.341230786476
UKR,Ukraine,2019,IT.CEL.SETS.P2,130.629436256062
UKR,Ukraine,2018,IT.CEL.SETS.P2,127.753861022152
UKR,Ukraine,2017,IT.CEL.SETS.P2,131.356511508927
UKR,Ukraine,2016,IT.CEL.SETS.P2,133.168953931474
UKR,Ukraine,2015,IT.CEL.SETS.P2,142.003037907188
UKR,Ukraine,2014,IT.CEL.SETS.P2,144.278847394403
UKR,Ukraine,2013,IT.CEL.SETS.P2,138.441124320457
UKR,Ukraine,2012,IT.CEL.SETS.P2,130.859020572585
UKR,Ukraine,2011,IT.CEL.SETS.P2,121.941606633464
UKR,Ukraine,2010,IT.CEL.SETS.P2,117.767819669863
UKR,Ukraine,2009,IT.CEL.SETS.P2,119.456421121144
UKR,Ukraine,2008,IT.CEL.SETS.P2,120.558086000585
UKR,Ukraine,2007,IT.CEL.SETS.P2,119.08760668951
UKR,Ukraine,2006,IT.CEL.SETS.P2,105.276792245749
UKR,Ukraine,2005,IT.CEL.SETS.P2,64.0053648197035
ARE,United Arab Emirates,2024,IT.CEL.SETS.P2,203.206410299544
ARE,United Arab Emirates,2023,IT.CEL.SETS.P2,199.423843889179
ARE,United Arab Emirates,2022,IT.CEL.SETS.P2,195.624592490241
ARE,United Arab Emirates,2021,IT.CEL.SETS.P2,186.30089463245
ARE,United Arab Emirates,2020,IT.CEL.SETS.P2,194.467749671801
ARE,United Arab Emirates,2019,IT.CEL.SETS.P2,209.033214126867
ARE,United Arab Emirates,2018,IT.CEL.SETS.P2,214.842134318761
ARE,United Arab Emirates,2017,IT.CEL.SETS.P2,214.701342068567
ARE,United Arab Emirates,2016,IT.CEL.SETS.P2,220.411614691071
ARE,United Arab Emirates,2015,IT.CEL.SETS.P2,206.839413263939
ARE,United Arab Emirates,2014,IT.CEL.SETS.P2,204.191832969644
ARE,United Arab Emirates,2013,IT.CEL.SETS.P2,205.105475119726
ARE,United Arab Emirates,2012,IT.CEL.SETS.P2,183.740632066882
ARE,United Arab Emirates,2011,IT.CEL.SETS.P2,162.893623558443
ARE,United Arab Emirates,2010,IT.CEL.SETS.P2,157.472576744687
ARE,United Arab Emirates,2009,IT.CEL.SETS.P2,159.114145128907
ARE,United Arab Emirates,2008,IT.CEL.SETS.P2,148.472693451531
ARE,United Arab Emirates,2007,IT.CEL.SETS.P2,137.457950604795
ARE,United Arab Emirates,2006,IT.CEL.SETS.P2,110.185322712663
ARE,United Arab Emirates,2005,IT.CEL.SETS.P2,97.1992951451191
GBR,United Kingdom,2024,IT.CEL.SETS.P2,121.643331373201
GBR,United Kingdom,2023,IT.CEL.SETS.P2,122.781542240418
GBR,United Kingdom,2022,IT.CEL.SETS.P2,119.833999505569
GBR,United Kingdom,2021,IT.CEL.SETS.P2,117.887430294308
GBR,United Kingdom,2020,IT.CEL.SETS.P2,117.304850715261
GBR,United Kingdom,2019,IT.CEL.SETS.P2,120.250108782533
GBR,United Kingdom,2018,IT.CEL.SETS.P2,118.184381927412
GBR,United Kingdom,2017,IT.CEL.SETS.P2,119.206737402819
GBR,United Kingdom,2016,IT.CEL.SETS.P2,119.786558760596
GBR,United Kingdom,2015,IT.CEL.SETS.P2,121.211739725133
GBR,United Kingdom,2014,IT.CEL.SETS.P2,120.958261038047
GBR,United Kingdom,2013,IT.CEL.SETS.P2,122.184696024755
GBR,United Kingdom,2012,IT.CEL.SETS.P2,122.465231814068
GBR,United Kingdom,2011,IT.CEL.SETS.P2,121.49766447536
GBR,United Kingdom,2010,IT.CEL.SETS.P2,121.780844361683
GBR,United Kingdom,2009,IT.CEL.SETS.P2,122.357496035675
GBR,United Kingdom,2008,IT.CEL.SETS.P2,120.819267888243
GBR,United Kingdom,2007,IT.CEL.SETS.P2,119.988923530842
GBR,United Kingdom,2006,IT.CEL.SETS.P2,114.785700646085
GBR,United Kingdom,2005,IT.CEL.SETS.P2,108.045990346443
USA,United States,2024,IT.CEL.SETS.P2,113.190481805755
USA,United States,2023,IT.CEL.SETS.P2,112.410910606372
USA,United States,2022,IT.CEL.SETS.P2,108.785640656159
USA,United States,2021,IT.CEL.SETS.P2,106.324514306135
USA,United States,2020,IT.CEL.SETS.P2,103.855170008567
USA,United States,2019,IT.CEL.SETS.P2,105.32074052965
USA,United States,2018,IT.CEL.SETS.P2,103.935307364
USA,United States,2017,IT.CEL.SETS.P2,102.380562632686
USA,United States,2016,IT.CEL.SETS.P2,102.751864866695
USA,United States,2015,IT.CEL.SETS.P2,101.831958781319
USA,United States,2014,IT.CEL.SETS.P2,99.839569071329
USA,United States,2013,IT.CEL.SETS.P2,97.0595305732914
USA,United States,2012,IT.CEL.SETS.P2,96.1284261999864
USA,United States,2011,IT.CEL.SETS.P2,94.682964660635
USA,United States,2010,IT.CEL.SETS.P2,91.6593077558393
USA,United States,2009,IT.CEL.SETS.P2,89.0461412720864
USA,United States,2008,IT.CEL.SETS.P2,85.680465188068
USA,United States,2007,IT.CEL.SETS.P2,82.5922706237223
USA,United States,2006,IT.CEL.SETS.P2,76.8586480652849
USA,United States,2005,IT.CEL.SETS.P2,68.8835039746019
URY,Uruguay,2024,IT.CEL.SETS.P2,145.501755749445
URY,Uruguay,2023,IT.CEL.SETS.P2,141.71948663565
URY,Uruguay,2022,IT.CEL.SETS.P2,139.828801269747
URY,Uruguay,2021,IT.CEL.SETS.P2,138.112989243956
URY,Uruguay,2020,IT.CEL.SETS.P2,133.90170192835
URY,Uruguay,2019,IT.CEL.SETS.P2,133.236724531865
URY,Uruguay,2018,IT.CEL.SETS.P2,131.363332934653
URY,Uruguay,2017,IT.CEL.SETS.P2,150.440084782428
URY,Uruguay,2016,IT.CEL.SETS.P2,151.414841550708
URY,Uruguay,2015,IT.CEL.SETS.P2,153.368406394623
URY,Uruguay,2014,IT.CEL.SETS.P2,163.782686705197
URY,Uruguay,2013,IT.CEL.SETS.P2,157.471339957678
URY,Uruguay,2012,IT.CEL.SETS.P2,149.770867131119
URY,Uruguay,2011,IT.CEL.SETS.P2,143.001961329496
URY,Uruguay,2010,IT.CEL.SETS.P2,133.706525080004
URY,Uruguay,2009,IT.CEL.SETS.P2,124.212899282829
URY,Uruguay,2008,IT.CEL.SETS.P2,106.227376666968
URY,Uruguay,2007,IT.CEL.SETS.P2,91.1740061842348
URY,Uruguay,2006,IT.CEL.SETS.P2,70.8316385499829
URY,Uruguay,2005,IT.CEL.SETS.P2,35.1492237286165
UZB,Uzbekistan,2024,IT.CEL.SETS.P2,110.492018573638
UZB,Uzbekistan,2023,IT.CEL.SETS.P2,106.884847592051
UZB,Uzbekistan,2022,IT.CEL.SETS.P2,105.471643327627
UZB,Uzbekistan,2021,IT.CEL.SETS.P2,102.410090312681
UZB,Uzbekistan,2020,IT.CEL.SETS.P2,99.4063901870675
UZB,Uzbekistan,2019,IT.CEL.SETS.P2,101.259829415713
UZB,Uzbekistan,2018,IT.CEL.SETS.P2,71.744368617656
UZB,Uzbekistan,2017,IT.CEL.SETS.P2,76.2604866788199
UZB,Uzbekistan,2016,IT.CEL.SETS.P2,74.3669818295078
UZB,Uzbekistan,2015,IT.CEL.SETS.P2,70.8415066778981
UZB,Uzbekistan,2014,IT.CEL.SETS.P2,71.5984657244746
UZB,Uzbekistan,2013,IT.CEL.SETS.P2,72.3319640163618
UZB,Uzbekistan,2012,IT.CEL.SETS.P2,69.2849333824939
UZB,Uzbekistan,2011,IT.CEL.SETS.P2,88.2684522563008
UZB,Uzbekistan,2010,IT.CEL.SETS.P2,73.8123181598383
UZB,Uzbekistan,2009,IT.CEL.SETS.P2,58.7627376005608
UZB,Uzbekistan,2008,IT.CEL.SETS.P2,45.0095498148121
UZB,Uzbekistan,2007,IT.CEL.SETS.P2,21.020299595125
UZB,Uzbekistan,2006,IT.CEL.SETS.P2,9.47736216612708
UZB,Uzbekistan,2005,IT.CEL.SETS.P2,2.73172471423598
VUT,Vanuatu,2023,IT.CEL.SETS.P2,89.2943082123161
VUT,Vanuatu,2022,IT.CEL.SETS.P2,81.6202730589115
VUT,Vanuatu,2021,IT.CEL.SETS.P2,81.6914485987419
VUT,Vanuatu,2020,IT.CEL.SETS.P2,82.3909682859418
VUT,Vanuatu,2019,IT.CEL.SETS.P2,90.8330907409627
VUT,Vanuatu,2018,IT.CEL.SETS.P2,88.1402514907505
VUT,Vanuatu,2017,IT.CEL.SETS.P2,81.8708326900222
VUT,Vanuatu,2016,IT.CEL.SETS.P2,80.3430520385024
VUT,Vanuatu,2015,IT.CEL.SETS.P2,65.6961078688167
VUT,Vanuatu,2014,IT.CEL.SETS.P2,59.9642637565324
VUT,Vanuatu,2013,IT.CEL.SETS.P2,50.0011788653029
VUT,Vanuatu,2012,IT.CEL.SETS.P2,58.6958530715236
VUT,Vanuatu,2011,IT.CEL.SETS.P2,56.2507701027625
VUT,Vanuatu,2010,IT.CEL.SETS.P2,71.3269366374534
VUT,Vanuatu,2009,IT.CEL.SETS.P2,56.5812031916676
VUT,Vanuatu,2008,IT.CEL.SETS.P2,15.8662999788449
VUT,Vanuatu,2007,IT.CEL.SETS.P2,11.7500316347006
VUT,Vanuatu,2006,IT.CEL.SETS.P2,6.94692089309615
VUT,Vanuatu,2005,IT.CEL.SETS.P2,6.02201556272537
VEN,"Venezuela, RB",2024,IT.CEL.SETS.P2,71.0075917225029
VEN,"Venezuela, RB",2023,IT.CEL.SETS.P2,70.2197325918151
VEN,"Venezuela, RB",2022,IT.CEL.SETS.P2,66.4667731210739
VEN,"Venezuela, RB",2021,IT.CEL.SETS.P2,60.2344883065715
VEN,"Venezuela, RB",2020,IT.CEL.SETS.P2,58.1625657953324
VEN,"Venezuela, RB",2019,IT.CEL.SETS.P2,63.8474442929871
VEN,"Venezuela, RB",2018,IT.CEL.SETS.P2,69.5499623049054
VEN,"Venezuela, RB",2017,IT.CEL.SETS.P2,80.1355411817503
VEN,"Venezuela, RB",2016,IT.CEL.SETS.P2,89.713138519105
VEN,"Venezuela, RB",2015,IT.CEL.SETS.P2,95.1577930404332
VEN,"Venezuela, RB",2014,IT.CEL.SETS.P2,100.905474597326
VEN,"Venezuela, RB",2013,IT.CEL.SETS.P2,103.28923003251
VEN,"Venezuela, RB",2012,IT.CEL.SETS.P2,103.435247267139
VEN,"Venezuela, RB",2011,IT.CEL.SETS.P2,98.6184338835709
VEN,"Venezuela, RB",2010,IT.CEL.SETS.P2,96.7619972595105
VEN,"Venezuela, RB",2009,IT.CEL.SETS.P2,98.8932952316626
VEN,"Venezuela, RB",2008,IT.CEL.SETS.P2,97.7210881589364
VEN,"Venezuela, RB",2007,IT.CEL.SETS.P2,86.1507478490553
VEN,"Venezuela, RB",2006,IT.CEL.SETS.P2,69.0162817672167
VEN,"Venezuela, RB",2005,IT.CEL.SETS.P2,46.6505354851398
VNM,Viet Nam,2024,IT.CEL.SETS.P2,127.606471743496
VNM,Viet Nam,2023,IT.CEL.SETS.P2,130.991428667547
VNM,Viet Nam,2022,IT.CEL.SETS.P2,137.852422819653
VNM,Viet Nam,2021,IT.CEL.SETS.P2,136.806313165021
VNM,Viet Nam,2020,IT.CEL.SETS.P2,141.655558720912
VNM,Viet Nam,2019,IT.CEL.SETS.P2,140.192561828615
VNM,Viet Nam,2018,IT.CEL.SETS.P2,146.137840768403
VNM,Viet Nam,2017,IT.CEL.SETS.P2,126.097912313395
VNM,Viet Nam,2016,IT.CEL.SETS.P2,128.297962650408
VNM,Viet Nam,2015,IT.CEL.SETS.P2,129.627056599416
VNM,Viet Nam,2014,IT.CEL.SETS.P2,148.504309214861
VNM,Viet Nam,2013,IT.CEL.SETS.P2,136.614018439735
VNM,Viet Nam,2012,IT.CEL.SETS.P2,147.104457946743
VNM,Viet Nam,2011,IT.CEL.SETS.P2,143.91372373164
VNM,Viet Nam,2010,IT.CEL.SETS.P2,127.574189111237
VNM,Viet Nam,2009,IT.CEL.SETS.P2,113.606245143275
VNM,Viet Nam,2008,IT.CEL.SETS.P2,87.903278335388
VNM,Viet Nam,2007,IT.CEL.SETS.P2,53.8350245939495
VNM,Viet Nam,2006,IT.CEL.SETS.P2,22.9925319860626
VNM,Viet Nam,2005,IT.CEL.SETS.P2,11.8305581224757
VIR,Virgin Islands (U.S.),2022,IT.CEL.SETS.P2,91.4619626157421
VIR,Virgin Islands (U.S.),2021,IT.CEL.SETS.P2,91.7189273471447
VIR,Virgin Islands (U.S.),2020,IT.CEL.SETS.P2,91.2127880328822
VIR,Virgin Islands (U.S.),2019,IT.CEL.SETS.P2,89.5124925872467
VIR,Virgin Islands (U.S.),2005,IT.CEL.SETS.P2,74.6240915934056
PSE,West Bank and Gaza,2023,IT.CEL.SETS.P2,76.6918854204372
PSE,West Bank and Gaza,2022,IT.CEL.SETS.P2,76.5666403406424
PSE,West Bank and Gaza,2021,IT.CEL.SETS.P2,78.1621094563592
PSE,West Bank and Gaza,2020,IT.CEL.SETS.P2,80.1297988122355
PSE,West Bank and Gaza,2019,IT.CEL.SETS.P2,86.7372172316252
PSE,West Bank and Gaza,2018,IT.CEL.SETS.P2,90.2055254286487
PSE,West Bank and Gaza,2017,IT.CEL.SETS.P2,84.2593832303374
PSE,West Bank and Gaza,2016,IT.CEL.SETS.P2,80.1510726160054
PSE,West Bank and Gaza,2015,IT.CEL.SETS.P2,78.0924303863817
PSE,West Bank and Gaza,2014,IT.CEL.SETS.P2,72.4102229180943
PSE,West Bank and Gaza,2013,IT.CEL.SETS.P2,73.9290856335225
PSE,West Bank and Gaza,2012,IT.CEL.SETS.P2,74.3645845516098
PSE,West Bank and Gaza,2011,IT.CEL.SETS.P2,70.0930147126709
PSE,West Bank and Gaza,2010,IT.CEL.SETS.P2,64.8154454810606
PSE,West Bank and Gaza,2009,IT.CEL.SETS.P2,45.903776503693
PSE,West Bank and Gaza,2008,IT.CEL.SETS.P2,34.3272897835254
PSE,West Bank and Gaza,2007,IT.CEL.SETS.P2,27.3365124384114
PSE,West Bank and Gaza,2006,IT.CEL.SETS.P2,22.5453595735201
PSE,West Bank and Gaza,2005,IT.CEL.SETS.P2,15.9550188466243
YEM,"Yemen, Rep.",2023,IT.CEL.SETS.P2,50.8937810578557
YEM,"Yemen, Rep.",2022,IT.CEL.SETS.P2,46.4534353720531
YEM,"Yemen, Rep.",2021,IT.CEL.SETS.P2,47.8090200303014
YEM,"Yemen, Rep.",2020,IT.CEL.SETS.P2,42.0037568704771
YEM,"Yemen, Rep.",2019,IT.CEL.SETS.P2,43.3990001198471
YEM,"Yemen, Rep.",2018,IT.CEL.SETS.P2,44.8810541777362
YEM,"Yemen, Rep.",2017,IT.CEL.SETS.P2,46.4111228575355
YEM,"Yemen, Rep.",2016,IT.CEL.SETS.P2,51.1789525743709
YEM,"Yemen, Rep.",2015,IT.CEL.SETS.P2,48.2100525815999
YEM,"Yemen, Rep.",2014,IT.CEL.SETS.P2,56.5732322792042
YEM,"Yemen, Rep.",2013,IT.CEL.SETS.P2,57.4650413919417
YEM,"Yemen, Rep.",2012,IT.CEL.SETS.P2,48.8857444140036
YEM,"Yemen, Rep.",2011,IT.CEL.SETS.P2,42.3015755016596
YEM,"Yemen, Rep.",2010,IT.CEL.SETS.P2,41.4324574134328
YEM,"Yemen, Rep.",2009,IT.CEL.SETS.P2,32.0622049201079
YEM,"Yemen, Rep.",2008,IT.CEL.SETS.P2,25.6650810066812
YEM,"Yemen, Rep.",2007,IT.CEL.SETS.P2,17.8838117249543
YEM,"Yemen, Rep.",2006,IT.CEL.SETS.P2,12.6482202861877
YEM,"Yemen, Rep.",2005,IT.CEL.SETS.P2,9.99363977799995
ZMB,Zambia,2024,IT.CEL.SETS.P2,108.704779873813
ZMB,Zambia,2023,IT.CEL.SETS.P2,102.06156495632
ZMB,Zambia,2022,IT.CEL.SETS.P2,98.4372601156219
ZMB,Zambia,2021,IT.CEL.SETS.P2,103.28257957834
ZMB,Zambia,2020,IT.CEL.SETS.P2,100.235122888213
ZMB,Zambia,2019,IT.CEL.SETS.P2,93.0147820773422
ZMB,Zambia,2018,IT.CEL.SETS.P2,86.0723321005416
ZMB,Zambia,2017,IT.CEL.SETS.P2,77.0500111230113
ZMB,Zambia,2016,IT.CEL.SETS.P2,71.0460770668914
ZMB,Zambia,2015,IT.CEL.SETS.P2,70.4778478853307
ZMB,Zambia,2014,IT.CEL.SETS.P2,63.6342658198343
ZMB,Zambia,2013,IT.CEL.SETS.P2,67.5095981900639
ZMB,Zambia,2012,IT.CEL.SETS.P2,70.5708583739075
ZMB,Zambia,2011,IT.CEL.SETS.P2,56.5498570557445
ZMB,Zambia,2010,IT.CEL.SETS.P2,39.0029310604332
ZMB,Zambia,2009,IT.CEL.SETS.P2,32.6653441943001
ZMB,Zambia,2008,IT.CEL.SETS.P2,27.1785188664379
ZMB,Zambia,2007,IT.CEL.SETS.P2,21.0028503587521
ZMB,Zambia,2006,IT.CEL.SETS.P2,13.7130197625584
ZMB,Zambia,2005,IT.CEL.SETS.P2,8.10285575705197
ZWE,Zimbabwe,2024,IT.CEL.SETS.P2,94.2451753366358
ZWE,Zimbabwe,2023,IT.CEL.SETS.P2,91.6344110473757
ZWE,Zimbabwe,2022,IT.CEL.SETS.P2,88.9958314912836
ZWE,Zimbabwe,2021,IT.CEL.SETS.P2,90.2538486226365
ZWE,Zimbabwe,2020,IT.CEL.SETS.P2,84.9604118996672
ZWE,Zimbabwe,2019,IT.CEL.SETS.P2,86.4094297249598
ZWE,Zimbabwe,2018,IT.CEL.SETS.P2,85.8627371320218
ZWE,Zimbabwe,2017,IT.CEL.SETS.P2,95.136682697741
ZWE,Zimbabwe,2016,IT.CEL.SETS.P2,88.2100456333277
ZWE,Zimbabwe,2015,IT.CEL.SETS.P2,88.5991977366782
ZWE,Zimbabwe,2014,IT.CEL.SETS.P2,83.0460608477621
ZWE,Zimbabwe,2013,IT.CEL.SETS.P2,97.2838146490947
ZWE,Zimbabwe,2012,IT.CEL.SETS.P2,91.2870035773198
ZWE,Zimbabwe,2011,IT.CEL.SETS.P2,67.6698277302716
ZWE,Zimbabwe,2010,IT.CEL.SETS.P2,57.6496262357609
ZWE,Zimbabwe,2009,IT.CEL.SETS.P2,30.3664594808256
ZWE,Zimbabwe,2008,IT.CEL.SETS.P2,12.7687473922863
ZWE,Zimbabwe,2007,IT.CEL.SETS.P2,9.57238712914296
ZWE,Zimbabwe,2006,IT.CEL.SETS.P2,6.71981716376718
ZWE,Zimbabwe,2005,IT.CEL.SETS.P2,5.18375075059487
