country_code,country_name,year,indicator_code,value
AFE,Africa Eastern and Southern,2024,IT.NET.SECR.P6,1472.15148285343
AFE,Africa Eastern and Southern,2023,IT.NET.SECR.P6,1307.54867974031
AFE,Africa Eastern and Southern,2022,IT.NET.SECR.P6,1332.87713276783
AFE,Africa Eastern and Southern,2021,IT.NET.SECR.P6,1436.91352640515
AFE,Africa Eastern and Southern,2020,IT.NET.SECR.P6,1277.71759392126
AFE,Africa Eastern and Southern,2019,IT.NET.SECR.P6,1291.53303631963
AFE,Africa Eastern and Southern,2018,IT.NET.SECR.P6,1138.51590865041
AFE,Africa Eastern and Southern,2017,IT.NET.SECR.P6,875.511830561814
AFE,Africa Eastern and Southern,2016,IT.NET.SECR.P6,92.92243075627
AFE,Africa Eastern and Southern,2015,IT.NET.SECR.P6,28.9117563043033
AFE,Africa Eastern and Southern,2014,IT.NET.SECR.P6,23.9942254036264
AFE,Africa Eastern and Southern,2013,IT.NET.SECR.P6,18.606954362224
AFE,Africa Eastern and Southern,2012,IT.NET.SECR.P6,15.3592836806148
AFE,Africa Eastern and Southern,2011,IT.NET.SECR.P6,8.7735075413265
AFE,Africa Eastern and Southern,2010,IT.NET.SECR.P6,5.63429054506073
AFW,Africa Western and Central,2024,IT.NET.SECR.P6,62.5692158866276
AFW,Africa Western and Central,2023,IT.NET.SECR.P6,37.8798235282992
AFW,Africa Western and Central,2022,IT.NET.SECR.P6,36.8115420172424
AFW,Africa Western and Central,2021,IT.NET.SECR.P6,41.1296333917643
AFW,Africa Western and Central,2020,IT.NET.SECR.P6,44.1598983093681
AFW,Africa Western and Central,2019,IT.NET.SECR.P6,42.1147274187778
AFW,Africa Western and Central,2018,IT.NET.SECR.P6,86.4206303891229
AFW,Africa Western and Central,2017,IT.NET.SECR.P6,105.659397795687
AFW,Africa Western and Central,2016,IT.NET.SECR.P6,28.5682743674122
AFW,Africa Western and Central,2015,IT.NET.SECR.P6,3.29312801637354
AFW,Africa Western and Central,2014,IT.NET.SECR.P6,2.52425076122583
AFW,Africa Western and Central,2013,IT.NET.SECR.P6,1.89159442468666
AFW,Africa Western and Central,2012,IT.NET.SECR.P6,1.48421607771203
AFW,Africa Western and Central,2011,IT.NET.SECR.P6,0.828351559158883
AFW,Africa Western and Central,2010,IT.NET.SECR.P6,0.581180710301517
ARB,Arab World,2024,IT.NET.SECR.P6,288.845617746968
ARB,Arab World,2023,IT.NET.SECR.P6,219.910154277324
ARB,Arab World,2022,IT.NET.SECR.P6,188.328441526339
ARB,Arab World,2021,IT.NET.SECR.P6,193.304366992152
ARB,Arab World,2020,IT.NET.SECR.P6,146.344719186843
ARB,Arab World,2019,IT.NET.SECR.P6,147.519145611604
ARB,Arab World,2018,IT.NET.SECR.P6,131.661136290377
ARB,Arab World,2017,IT.NET.SECR.P6,122.201864817127
ARB,Arab World,2016,IT.NET.SECR.P6,53.6673472145233
ARB,Arab World,2015,IT.NET.SECR.P6,35.2665254004955
ARB,Arab World,2014,IT.NET.SECR.P6,25.9050393216909
ARB,Arab World,2013,IT.NET.SECR.P6,19.9179299944793
ARB,Arab World,2012,IT.NET.SECR.P6,16.2847994057961
ARB,Arab World,2011,IT.NET.SECR.P6,8.80515133821609
ARB,Arab World,2010,IT.NET.SECR.P6,6.06488129140461
CSS,Caribbean small states,2024,IT.NET.SECR.P6,44897.8422845259
CSS,Caribbean small states,2023,IT.NET.SECR.P6,39003.9257470955
CSS,Caribbean small states,2022,IT.NET.SECR.P6,32912.3409326909
CSS,Caribbean small states,2021,IT.NET.SECR.P6,30328.8535569225
CSS,Caribbean small states,2020,IT.NET.SECR.P6,13833.1066162372
CSS,Caribbean small states,2019,IT.NET.SECR.P6,4354.13381635575
CSS,Caribbean small states,2018,IT.NET.SECR.P6,1605.8414695514
CSS,Caribbean small states,2017,IT.NET.SECR.P6,1183.88324698704
CSS,Caribbean small states,2016,IT.NET.SECR.P6,517.12227557757
CSS,Caribbean small states,2015,IT.NET.SECR.P6,367.392171556614
CSS,Caribbean small states,2014,IT.NET.SECR.P6,278.312655457331
CSS,Caribbean small states,2013,IT.NET.SECR.P6,247.552541500281
CSS,Caribbean small states,2012,IT.NET.SECR.P6,216.391604951702
CSS,Caribbean small states,2011,IT.NET.SECR.P6,138.296882226518
CSS,Caribbean small states,2010,IT.NET.SECR.P6,102.555869586314
CEB,Central Europe and the Baltics,2024,IT.NET.SECR.P6,47613.1574592435
CEB,Central Europe and the Baltics,2023,IT.NET.SECR.P6,45548.8635492396
CEB,Central Europe and the Baltics,2022,IT.NET.SECR.P6,43462.9827196895
CEB,Central Europe and the Baltics,2021,IT.NET.SECR.P6,38686.0504147607
CEB,Central Europe and the Baltics,2020,IT.NET.SECR.P6,33199.7299669618
CEB,Central Europe and the Baltics,2019,IT.NET.SECR.P6,27660.6006145
CEB,Central Europe and the Baltics,2018,IT.NET.SECR.P6,21516.7983533861
CEB,Central Europe and the Baltics,2017,IT.NET.SECR.P6,13256.6164577343
CEB,Central Europe and the Baltics,2016,IT.NET.SECR.P6,4159.87894311254
CEB,Central Europe and the Baltics,2015,IT.NET.SECR.P6,992.5109907516
CEB,Central Europe and the Baltics,2014,IT.NET.SECR.P6,704.111768344062
CEB,Central Europe and the Baltics,2013,IT.NET.SECR.P6,524.388988006978
CEB,Central Europe and the Baltics,2012,IT.NET.SECR.P6,401.724268954874
CEB,Central Europe and the Baltics,2011,IT.NET.SECR.P6,220.505995937299
CEB,Central Europe and the Baltics,2010,IT.NET.SECR.P6,150.275642129341
EAR,Early-demographic dividend,2024,IT.NET.SECR.P6,1761.03727790932
EAR,Early-demographic dividend,2023,IT.NET.SECR.P6,1548.70262912202
EAR,Early-demographic dividend,2022,IT.NET.SECR.P6,1396.51397127085
EAR,Early-demographic dividend,2021,IT.NET.SECR.P6,1162.99348926978
EAR,Early-demographic dividend,2020,IT.NET.SECR.P6,986.782241878969
EAR,Early-demographic dividend,2019,IT.NET.SECR.P6,832.783809427454
EAR,Early-demographic dividend,2018,IT.NET.SECR.P6,610.99582230162
EAR,Early-demographic dividend,2017,IT.NET.SECR.P6,491.114023861244
EAR,Early-demographic dividend,2016,IT.NET.SECR.P6,124.156453392162
EAR,Early-demographic dividend,2015,IT.NET.SECR.P6,32.9108185240629
EAR,Early-demographic dividend,2014,IT.NET.SECR.P6,25.2485057933827
EAR,Early-demographic dividend,2013,IT.NET.SECR.P6,20.5965357060622
EAR,Early-demographic dividend,2012,IT.NET.SECR.P6,17.145223455036
EAR,Early-demographic dividend,2011,IT.NET.SECR.P6,9.80030725949336
EAR,Early-demographic dividend,2010,IT.NET.SECR.P6,6.97413933188936
EAS,East Asia & Pacific,2024,IT.NET.SECR.P6,5321.74366549191
EAS,East Asia & Pacific,2023,IT.NET.SECR.P6,5202.09452738992
EAS,East Asia & Pacific,2022,IT.NET.SECR.P6,4752.05230054157
EAS,East Asia & Pacific,2021,IT.NET.SECR.P6,4097.13208505241
EAS,East Asia & Pacific,2020,IT.NET.SECR.P6,3509.65035363442
EAS,East Asia & Pacific,2019,IT.NET.SECR.P6,2995.26037985928
EAS,East Asia & Pacific,2018,IT.NET.SECR.P6,1984.14471067809
EAS,East Asia & Pacific,2017,IT.NET.SECR.P6,1227.55577153159
EAS,East Asia & Pacific,2016,IT.NET.SECR.P6,409.055398808799
EAS,East Asia & Pacific,2015,IT.NET.SECR.P6,195.104970849227
EAS,East Asia & Pacific,2014,IT.NET.SECR.P6,161.828309534465
EAS,East Asia & Pacific,2013,IT.NET.SECR.P6,129.340581015068
EAS,East Asia & Pacific,2012,IT.NET.SECR.P6,111.64256726383
EAS,East Asia & Pacific,2011,IT.NET.SECR.P6,78.2780901556786
EAS,East Asia & Pacific,2010,IT.NET.SECR.P6,58.6592667893466
EAP,East Asia & Pacific (excluding high income),2024,IT.NET.SECR.P6,1840.30546844187
EAP,East Asia & Pacific (excluding high income),2023,IT.NET.SECR.P6,1858.6107209909
EAP,East Asia & Pacific (excluding high income),2022,IT.NET.SECR.P6,1660.44466644415
EAP,East Asia & Pacific (excluding high income),2021,IT.NET.SECR.P6,1396.79019539945
EAP,East Asia & Pacific (excluding high income),2020,IT.NET.SECR.P6,1208.86879455501
EAP,East Asia & Pacific (excluding high income),2019,IT.NET.SECR.P6,991.2981477088
EAP,East Asia & Pacific (excluding high income),2018,IT.NET.SECR.P6,674.310673946195
EAP,East Asia & Pacific (excluding high income),2017,IT.NET.SECR.P6,462.597359043326
EAP,East Asia & Pacific (excluding high income),2016,IT.NET.SECR.P6,105.597691415289
EAP,East Asia & Pacific (excluding high income),2015,IT.NET.SECR.P6,24.3008424835943
EAP,East Asia & Pacific (excluding high income),2014,IT.NET.SECR.P6,14.0983156881161
EAP,East Asia & Pacific (excluding high income),2013,IT.NET.SECR.P6,8.95525710989097
EAP,East Asia & Pacific (excluding high income),2012,IT.NET.SECR.P6,6.83409954048233
EAP,East Asia & Pacific (excluding high income),2011,IT.NET.SECR.P6,3.53829096046073
EAP,East Asia & Pacific (excluding high income),2010,IT.NET.SECR.P6,2.42299375225538
TEA,East Asia & Pacific (IDA & IBRD countries),2024,IT.NET.SECR.P6,1863.22619197172
TEA,East Asia & Pacific (IDA & IBRD countries),2023,IT.NET.SECR.P6,1881.80726800334
TEA,East Asia & Pacific (IDA & IBRD countries),2022,IT.NET.SECR.P6,1681.1409660311
TEA,East Asia & Pacific (IDA & IBRD countries),2021,IT.NET.SECR.P6,1414.13275966362
TEA,East Asia & Pacific (IDA & IBRD countries),2020,IT.NET.SECR.P6,1224.00764483539
TEA,East Asia & Pacific (IDA & IBRD countries),2019,IT.NET.SECR.P6,991.295922146286
TEA,East Asia & Pacific (IDA & IBRD countries),2018,IT.NET.SECR.P6,674.308865945709
TEA,East Asia & Pacific (IDA & IBRD countries),2017,IT.NET.SECR.P6,468.38638568936
TEA,East Asia & Pacific (IDA & IBRD countries),2016,IT.NET.SECR.P6,106.924614587238
TEA,East Asia & Pacific (IDA & IBRD countries),2015,IT.NET.SECR.P6,24.3021072934191
TEA,East Asia & Pacific (IDA & IBRD countries),2014,IT.NET.SECR.P6,14.0991843238979
TEA,East Asia & Pacific (IDA & IBRD countries),2013,IT.NET.SECR.P6,9.07013085067528
TEA,East Asia & Pacific (IDA & IBRD countries),2012,IT.NET.SECR.P6,6.9214672345082
TEA,East Asia & Pacific (IDA & IBRD countries),2011,IT.NET.SECR.P6,3.58396442768413
TEA,East Asia & Pacific (IDA & IBRD countries),2010,IT.NET.SECR.P6,2.45402836512857
EMU,Euro area,2024,IT.NET.SECR.P6,78754.8171702426
EMU,Euro area,2023,IT.NET.SECR.P6,75387.1941104022
EMU,Euro area,2022,IT.NET.SECR.P6,67175.8027108167
EMU,Euro area,2021,IT.NET.SECR.P6,59481.5750396403
EMU,Euro area,2020,IT.NET.SECR.P6,51308.7719588644
EMU,Euro area,2019,IT.NET.SECR.P6,41979.3529911149
EMU,Euro area,2018,IT.NET.SECR.P6,30572.9860437488
EMU,Euro area,2017,IT.NET.SECR.P6,19864.5987139401
EMU,Euro area,2016,IT.NET.SECR.P6,6693.98713915879
EMU,Euro area,2015,IT.NET.SECR.P6,2439.33778283372
EMU,Euro area,2014,IT.NET.SECR.P6,1815.29666287325
EMU,Euro area,2013,IT.NET.SECR.P6,1392.63373731275
EMU,Euro area,2012,IT.NET.SECR.P6,1159.56776208341
EMU,Euro area,2011,IT.NET.SECR.P6,758.892980082478
EMU,Euro area,2010,IT.NET.SECR.P6,527.683245436691
ECS,Europe & Central Asia,2024,IT.NET.SECR.P6,49284.7981007635
ECS,Europe & Central Asia,2023,IT.NET.SECR.P6,45745.957517519
ECS,Europe & Central Asia,2022,IT.NET.SECR.P6,41198.6453373625
ECS,Europe & Central Asia,2021,IT.NET.SECR.P6,36831.0364193371
ECS,Europe & Central Asia,2020,IT.NET.SECR.P6,31874.0263096395
ECS,Europe & Central Asia,2019,IT.NET.SECR.P6,26654.4599967344
ECS,Europe & Central Asia,2018,IT.NET.SECR.P6,18863.6091864984
ECS,Europe & Central Asia,2017,IT.NET.SECR.P6,12177.231054862
ECS,Europe & Central Asia,2016,IT.NET.SECR.P6,4421.98583389399
ECS,Europe & Central Asia,2015,IT.NET.SECR.P6,1609.51041173954
ECS,Europe & Central Asia,2014,IT.NET.SECR.P6,1175.34843842201
ECS,Europe & Central Asia,2013,IT.NET.SECR.P6,934.333946291971
ECS,Europe & Central Asia,2012,IT.NET.SECR.P6,790.01584418268
ECS,Europe & Central Asia,2011,IT.NET.SECR.P6,528.870210761906
ECS,Europe & Central Asia,2010,IT.NET.SECR.P6,368.125048834814
ECA,Europe & Central Asia (excluding high income),2024,IT.NET.SECR.P6,7271.37484723732
ECA,Europe & Central Asia (excluding high income),2023,IT.NET.SECR.P6,6668.95162119507
ECA,Europe & Central Asia (excluding high income),2022,IT.NET.SECR.P6,6110.30716599624
ECA,Europe & Central Asia (excluding high income),2021,IT.NET.SECR.P6,5622.23182406412
ECA,Europe & Central Asia (excluding high income),2020,IT.NET.SECR.P6,4950.93180091434
ECA,Europe & Central Asia (excluding high income),2019,IT.NET.SECR.P6,4112.69544803443
ECA,Europe & Central Asia (excluding high income),2018,IT.NET.SECR.P6,3165.52838730392
ECA,Europe & Central Asia (excluding high income),2017,IT.NET.SECR.P6,2351.86613030978
ECA,Europe & Central Asia (excluding high income),2016,IT.NET.SECR.P6,881.472175773704
ECA,Europe & Central Asia (excluding high income),2015,IT.NET.SECR.P6,169.16419663761
ECA,Europe & Central Asia (excluding high income),2014,IT.NET.SECR.P6,126.548282073305
ECA,Europe & Central Asia (excluding high income),2013,IT.NET.SECR.P6,106.345062747197
ECA,Europe & Central Asia (excluding high income),2012,IT.NET.SECR.P6,87.4786425274449
ECA,Europe & Central Asia (excluding high income),2011,IT.NET.SECR.P6,45.2309244386434
ECA,Europe & Central Asia (excluding high income),2010,IT.NET.SECR.P6,31.6357430672577
TEC,Europe & Central Asia (IDA & IBRD countries),2024,IT.NET.SECR.P6,17502.5838075518
TEC,Europe & Central Asia (IDA & IBRD countries),2023,IT.NET.SECR.P6,16165.0130556394
TEC,Europe & Central Asia (IDA & IBRD countries),2022,IT.NET.SECR.P6,14452.6508462836
TEC,Europe & Central Asia (IDA & IBRD countries),2021,IT.NET.SECR.P6,12608.7234647157
TEC,Europe & Central Asia (IDA & IBRD countries),2020,IT.NET.SECR.P6,10722.4554519308
TEC,Europe & Central Asia (IDA & IBRD countries),2019,IT.NET.SECR.P6,8453.95210413498
TEC,Europe & Central Asia (IDA & IBRD countries),2018,IT.NET.SECR.P6,6109.98197168251
TEC,Europe & Central Asia (IDA & IBRD countries),2017,IT.NET.SECR.P6,4075.05770919743
TEC,Europe & Central Asia (IDA & IBRD countries),2016,IT.NET.SECR.P6,1272.80312595031
TEC,Europe & Central Asia (IDA & IBRD countries),2015,IT.NET.SECR.P6,304.604958961119
TEC,Europe & Central Asia (IDA & IBRD countries),2014,IT.NET.SECR.P6,188.410363924494
TEC,Europe & Central Asia (IDA & IBRD countries),2013,IT.NET.SECR.P6,142.133936341778
TEC,Europe & Central Asia (IDA & IBRD countries),2012,IT.NET.SECR.P6,111.323787405803
TEC,Europe & Central Asia (IDA & IBRD countries),2011,IT.NET.SECR.P6,58.466858710947
TEC,Europe & Central Asia (IDA & IBRD countries),2010,IT.NET.SECR.P6,39.2589463247896
EUU,European Union,2024,IT.NET.SECR.P6,74702.754950563
EUU,European Union,2023,IT.NET.SECR.P6,71805.2980218459
EUU,European Union,2022,IT.NET.SECR.P6,64829.0605427064
EUU,European Union,2021,IT.NET.SECR.P6,57756.1846645932
EUU,European Union,2020,IT.NET.SECR.P6,50358.0385943138
EUU,European Union,2019,IT.NET.SECR.P6,41864.3620313799
EUU,European Union,2018,IT.NET.SECR.P6,29679.2469932186
EUU,European Union,2017,IT.NET.SECR.P6,18559.209842894
EUU,European Union,2016,IT.NET.SECR.P6,6472.81566741669
EUU,European Union,2015,IT.NET.SECR.P6,2261.69972701115
EUU,European Union,2014,IT.NET.SECR.P6,1674.07348716205
EUU,European Union,2013,IT.NET.SECR.P6,1289.84809679055
EUU,European Union,2012,IT.NET.SECR.P6,1073.17206048975
EUU,European Union,2011,IT.NET.SECR.P6,702.816279457222
EUU,European Union,2010,IT.NET.SECR.P6,487.420714653143
HPC,Heavily indebted poor countries (HIPC),2024,IT.NET.SECR.P6,37.7611781499494
HPC,Heavily indebted poor countries (HIPC),2023,IT.NET.SECR.P6,33.8388951658793
HPC,Heavily indebted poor countries (HIPC),2022,IT.NET.SECR.P6,29.4416357493279
HPC,Heavily indebted poor countries (HIPC),2021,IT.NET.SECR.P6,25.7061066278153
HPC,Heavily indebted poor countries (HIPC),2020,IT.NET.SECR.P6,23.1879672264103
HPC,Heavily indebted poor countries (HIPC),2019,IT.NET.SECR.P6,18.805400412823
HPC,Heavily indebted poor countries (HIPC),2018,IT.NET.SECR.P6,14.7618857368582
HPC,Heavily indebted poor countries (HIPC),2017,IT.NET.SECR.P6,16.1007948542594
HPC,Heavily indebted poor countries (HIPC),2016,IT.NET.SECR.P6,7.98029582315284
HPC,Heavily indebted poor countries (HIPC),2015,IT.NET.SECR.P6,2.97752815005532
HPC,Heavily indebted poor countries (HIPC),2014,IT.NET.SECR.P6,2.16553866335715
HPC,Heavily indebted poor countries (HIPC),2013,IT.NET.SECR.P6,1.61024696585894
HPC,Heavily indebted poor countries (HIPC),2012,IT.NET.SECR.P6,1.26516350427284
HPC,Heavily indebted poor countries (HIPC),2011,IT.NET.SECR.P6,0.701328600283981
HPC,Heavily indebted poor countries (HIPC),2010,IT.NET.SECR.P6,0.528204997131135
,High income,2024,IT.NET.SECR.P6,85831.1762375575
,High income,2023,IT.NET.SECR.P6,81067.8329187973
,High income,2022,IT.NET.SECR.P6,76334.1603797993
,High income,2021,IT.NET.SECR.P6,67284.1152525842
,High income,2020,IT.NET.SECR.P6,59225.9951756754
,High income,2019,IT.NET.SECR.P6,51001.043422649
,High income,2018,IT.NET.SECR.P6,30847.4636607635
,High income,2017,IT.NET.SECR.P6,17065.6899912005
,High income,2016,IT.NET.SECR.P6,6312.53162793448
,High income,2015,IT.NET.SECR.P6,2934.70997174222
,High income,2014,IT.NET.SECR.P6,2300.59298672103
,High income,2013,IT.NET.SECR.P6,1892.22548727153
,High income,2012,IT.NET.SECR.P6,1656.04902256929
,High income,2011,IT.NET.SECR.P6,1219.88870912209
,High income,2010,IT.NET.SECR.P6,952.302466389568
IBD,IBRD only,2024,IT.NET.SECR.P6,3543.90428375519
IBD,IBRD only,2023,IT.NET.SECR.P6,3267.5776687765
IBD,IBRD only,2022,IT.NET.SECR.P6,2919.28489131003
IBD,IBRD only,2021,IT.NET.SECR.P6,2484.87419459239
IBD,IBRD only,2020,IT.NET.SECR.P6,2137.88573833098
IBD,IBRD only,2019,IT.NET.SECR.P6,1752.11080523155
IBD,IBRD only,2018,IT.NET.SECR.P6,1250.85702945305
IBD,IBRD only,2017,IT.NET.SECR.P6,881.927157992615
IBD,IBRD only,2016,IT.NET.SECR.P6,232.322660457784
IBD,IBRD only,2015,IT.NET.SECR.P6,60.4959080414917
IBD,IBRD only,2014,IT.NET.SECR.P6,39.6329014617177
IBD,IBRD only,2013,IT.NET.SECR.P6,29.5587571002028
IBD,IBRD only,2012,IT.NET.SECR.P6,23.3165610555398
IBD,IBRD only,2011,IT.NET.SECR.P6,12.9562843009583
IBD,IBRD only,2010,IT.NET.SECR.P6,8.84054992681503
IBT,IDA & IBRD total,2024,IT.NET.SECR.P6,2620.34161445829
IBT,IDA & IBRD total,2023,IT.NET.SECR.P6,2419.13717406951
IBT,IDA & IBRD total,2022,IT.NET.SECR.P6,2168.86316299487
IBT,IDA & IBRD total,2021,IT.NET.SECR.P6,1854.07492150453
IBT,IDA & IBRD total,2020,IT.NET.SECR.P6,1595.53358291682
IBT,IDA & IBRD total,2019,IT.NET.SECR.P6,1307.10427099884
IBT,IDA & IBRD total,2018,IT.NET.SECR.P6,944.505479086633
IBT,IDA & IBRD total,2017,IT.NET.SECR.P6,670.836242198661
IBT,IDA & IBRD total,2016,IT.NET.SECR.P6,177.824468036834
IBT,IDA & IBRD total,2015,IT.NET.SECR.P6,46.1118476991603
IBT,IDA & IBRD total,2014,IT.NET.SECR.P6,30.4274523645914
IBT,IDA & IBRD total,2013,IT.NET.SECR.P6,22.7496567540935
IBT,IDA & IBRD total,2012,IT.NET.SECR.P6,18.0064539564442
IBT,IDA & IBRD total,2011,IT.NET.SECR.P6,10.0021233170829
IBT,IDA & IBRD total,2010,IT.NET.SECR.P6,6.84801254412793
IDB,IDA blend,2024,IT.NET.SECR.P6,463.828128002057
IDB,IDA blend,2023,IT.NET.SECR.P6,396.092154043601
IDB,IDA blend,2022,IT.NET.SECR.P6,352.580823565487
IDB,IDA blend,2021,IT.NET.SECR.P6,316.103197083649
IDB,IDA blend,2020,IT.NET.SECR.P6,201.166167623404
IDB,IDA blend,2019,IT.NET.SECR.P6,127.242339234408
IDB,IDA blend,2018,IT.NET.SECR.P6,144.300563091657
IDB,IDA blend,2017,IT.NET.SECR.P6,135.606331208784
IDB,IDA blend,2016,IT.NET.SECR.P6,35.0635676048593
IDB,IDA blend,2015,IT.NET.SECR.P6,5.79654899987176
IDB,IDA blend,2014,IT.NET.SECR.P6,4.32116549079604
IDB,IDA blend,2013,IT.NET.SECR.P6,3.30980683937898
IDB,IDA blend,2012,IT.NET.SECR.P6,2.69240784179713
IDB,IDA blend,2011,IT.NET.SECR.P6,1.21500748919676
IDB,IDA blend,2010,IT.NET.SECR.P6,0.865421953349083
IDX,IDA only,2024,IT.NET.SECR.P6,142.975535132383
IDX,IDA only,2023,IT.NET.SECR.P6,113.079101816831
IDX,IDA only,2022,IT.NET.SECR.P6,94.1730937309003
IDX,IDA only,2021,IT.NET.SECR.P6,73.2956388623351
IDX,IDA only,2020,IT.NET.SECR.P6,54.6718185359448
IDX,IDA only,2019,IT.NET.SECR.P6,42.9636560591384
IDX,IDA only,2018,IT.NET.SECR.P6,42.8072624935804
IDX,IDA only,2017,IT.NET.SECR.P6,32.7425948702334
IDX,IDA only,2016,IT.NET.SECR.P6,12.6182175759238
IDX,IDA only,2015,IT.NET.SECR.P6,3.1926514524037
IDX,IDA only,2014,IT.NET.SECR.P6,2.26853318372031
IDX,IDA only,2013,IT.NET.SECR.P6,1.68969010066062
IDX,IDA only,2012,IT.NET.SECR.P6,1.34612173283043
IDX,IDA only,2011,IT.NET.SECR.P6,0.722773835599144
IDX,IDA only,2010,IT.NET.SECR.P6,0.50027549470889
IDA,IDA total,2024,IT.NET.SECR.P6,254.700186813777
IDA,IDA total,2023,IT.NET.SECR.P6,211.859321934617
IDA,IDA total,2022,IT.NET.SECR.P6,184.558580157146
IDA,IDA total,2021,IT.NET.SECR.P6,158.35116948489
IDA,IDA total,2020,IT.NET.SECR.P6,105.543431359096
IDA,IDA total,2019,IT.NET.SECR.P6,72.5933684843381
IDA,IDA total,2018,IT.NET.SECR.P6,78.7254312120589
IDA,IDA total,2017,IT.NET.SECR.P6,69.0481185779082
IDA,IDA total,2016,IT.NET.SECR.P6,20.5538546845395
IDA,IDA total,2015,IT.NET.SECR.P6,4.11475272081999
IDA,IDA total,2014,IT.NET.SECR.P6,3.00261644664494
IDA,IDA total,2013,IT.NET.SECR.P6,2.26872827510509
IDA,IDA total,2012,IT.NET.SECR.P6,1.8284800045712
IDA,IDA total,2011,IT.NET.SECR.P6,0.89903917930194
IDA,IDA total,2010,IT.NET.SECR.P6,0.630837541251228
LTE,Late-demographic dividend,2024,IT.NET.SECR.P6,5388.21871993415
LTE,Late-demographic dividend,2023,IT.NET.SECR.P6,5295.41040089917
LTE,Late-demographic dividend,2022,IT.NET.SECR.P6,4410.0498128926
LTE,Late-demographic dividend,2021,IT.NET.SECR.P6,3735.43109583499
LTE,Late-demographic dividend,2020,IT.NET.SECR.P6,3199.71813323452
LTE,Late-demographic dividend,2019,IT.NET.SECR.P6,2585.54691831141
LTE,Late-demographic dividend,2018,IT.NET.SECR.P6,1785.2885558336
LTE,Late-demographic dividend,2017,IT.NET.SECR.P6,1128.40137400387
LTE,Late-demographic dividend,2016,IT.NET.SECR.P6,324.789246900099
LTE,Late-demographic dividend,2015,IT.NET.SECR.P6,100.293588307876
LTE,Late-demographic dividend,2014,IT.NET.SECR.P6,63.0495262768921
LTE,Late-demographic dividend,2013,IT.NET.SECR.P6,46.1634878876352
LTE,Late-demographic dividend,2012,IT.NET.SECR.P6,36.9629631014671
LTE,Late-demographic dividend,2011,IT.NET.SECR.P6,20.9883282917391
LTE,Late-demographic dividend,2010,IT.NET.SECR.P6,13.9080740548321
LCN,Latin America & Caribbean,2024,IT.NET.SECR.P6,3702.45584948633
LCN,Latin America & Caribbean,2023,IT.NET.SECR.P6,3259.23077975479
LCN,Latin America & Caribbean,2022,IT.NET.SECR.P6,2921.88369646863
LCN,Latin America & Caribbean,2021,IT.NET.SECR.P6,2430.60732366062
LCN,Latin America & Caribbean,2020,IT.NET.SECR.P6,1984.61750288386
LCN,Latin America & Caribbean,2019,IT.NET.SECR.P6,1683.36977514818
LCN,Latin America & Caribbean,2018,IT.NET.SECR.P6,1244.23918288558
LCN,Latin America & Caribbean,2017,IT.NET.SECR.P6,1019.42690810336
LCN,Latin America & Caribbean,2016,IT.NET.SECR.P6,308.142078667225
LCN,Latin America & Caribbean,2015,IT.NET.SECR.P6,107.027589975978
LCN,Latin America & Caribbean,2014,IT.NET.SECR.P6,77.5263872698148
LCN,Latin America & Caribbean,2013,IT.NET.SECR.P6,62.0707463407636
LCN,Latin America & Caribbean,2012,IT.NET.SECR.P6,49.1056002175649
LCN,Latin America & Caribbean,2011,IT.NET.SECR.P6,30.7261482816008
LCN,Latin America & Caribbean,2010,IT.NET.SECR.P6,21.4052681919237
LAC,Latin America & Caribbean (excluding high income),2024,IT.NET.SECR.P6,3395.18247998916
LAC,Latin America & Caribbean (excluding high income),2023,IT.NET.SECR.P6,2878.35108509458
LAC,Latin America & Caribbean (excluding high income),2022,IT.NET.SECR.P6,2468.49356602537
LAC,Latin America & Caribbean (excluding high income),2021,IT.NET.SECR.P6,2021.26277168832
LAC,Latin America & Caribbean (excluding high income),2020,IT.NET.SECR.P6,1625.1659906739
LAC,Latin America & Caribbean (excluding high income),2019,IT.NET.SECR.P6,1394.72529850351
LAC,Latin America & Caribbean (excluding high income),2018,IT.NET.SECR.P6,1012.23936317942
LAC,Latin America & Caribbean (excluding high income),2017,IT.NET.SECR.P6,803.550917294952
LAC,Latin America & Caribbean (excluding high income),2016,IT.NET.SECR.P6,272.778206378074
LAC,Latin America & Caribbean (excluding high income),2015,IT.NET.SECR.P6,94.0309172686322
LAC,Latin America & Caribbean (excluding high income),2014,IT.NET.SECR.P6,67.1348288419816
LAC,Latin America & Caribbean (excluding high income),2013,IT.NET.SECR.P6,53.5372239675597
LAC,Latin America & Caribbean (excluding high income),2012,IT.NET.SECR.P6,42.9601907350207
LAC,Latin America & Caribbean (excluding high income),2011,IT.NET.SECR.P6,25.9494525667286
LAC,Latin America & Caribbean (excluding high income),2010,IT.NET.SECR.P6,17.8835234612524
TLA,Latin America & the Caribbean (IDA & IBRD countries),2024,IT.NET.SECR.P6,3686.05902940166
TLA,Latin America & the Caribbean (IDA & IBRD countries),2023,IT.NET.SECR.P6,3202.31569111557
TLA,Latin America & the Caribbean (IDA & IBRD countries),2022,IT.NET.SECR.P6,2785.29425227007
TLA,Latin America & the Caribbean (IDA & IBRD countries),2021,IT.NET.SECR.P6,2373.85511664744
TLA,Latin America & the Caribbean (IDA & IBRD countries),2020,IT.NET.SECR.P6,1988.51673632952
TLA,Latin America & the Caribbean (IDA & IBRD countries),2019,IT.NET.SECR.P6,1711.28049063642
TLA,Latin America & the Caribbean (IDA & IBRD countries),2018,IT.NET.SECR.P6,1253.08083391411
TLA,Latin America & the Caribbean (IDA & IBRD countries),2017,IT.NET.SECR.P6,1023.71972921861
TLA,Latin America & the Caribbean (IDA & IBRD countries),2016,IT.NET.SECR.P6,310.231045201438
TLA,Latin America & the Caribbean (IDA & IBRD countries),2015,IT.NET.SECR.P6,104.03558844528
TLA,Latin America & the Caribbean (IDA & IBRD countries),2014,IT.NET.SECR.P6,76.0355432556323
TLA,Latin America & the Caribbean (IDA & IBRD countries),2013,IT.NET.SECR.P6,59.608002057677
TLA,Latin America & the Caribbean (IDA & IBRD countries),2012,IT.NET.SECR.P6,48.3589790121552
TLA,Latin America & the Caribbean (IDA & IBRD countries),2011,IT.NET.SECR.P6,29.9980011998336
TLA,Latin America & the Caribbean (IDA & IBRD countries),2010,IT.NET.SECR.P6,20.8841179224674
LDC,Least developed countries: UN classification,2024,IT.NET.SECR.P6,128.902003182416
LDC,Least developed countries: UN classification,2023,IT.NET.SECR.P6,99.7918345246252
LDC,Least developed countries: UN classification,2022,IT.NET.SECR.P6,80.8211632022535
LDC,Least developed countries: UN classification,2021,IT.NET.SECR.P6,59.3900345321316
LDC,Least developed countries: UN classification,2020,IT.NET.SECR.P6,42.8832218734991
LDC,Least developed countries: UN classification,2019,IT.NET.SECR.P6,33.2812959624651
LDC,Least developed countries: UN classification,2018,IT.NET.SECR.P6,33.5348390564221
LDC,Least developed countries: UN classification,2017,IT.NET.SECR.P6,23.2144841043839
LDC,Least developed countries: UN classification,2016,IT.NET.SECR.P6,8.27725626764385
LDC,Least developed countries: UN classification,2015,IT.NET.SECR.P6,2.26737426208975
LDC,Least developed countries: UN classification,2014,IT.NET.SECR.P6,1.57444050560085
LDC,Least developed countries: UN classification,2013,IT.NET.SECR.P6,1.1415502533131
LDC,Least developed countries: UN classification,2012,IT.NET.SECR.P6,0.884886810477061
LDC,Least developed countries: UN classification,2011,IT.NET.SECR.P6,0.473918638765939
LDC,Least developed countries: UN classification,2010,IT.NET.SECR.P6,0.320571868943542
LMY,Low & middle income,2024,IT.NET.SECR.P6,1732.25829916659
LMY,Low & middle income,2023,IT.NET.SECR.P6,1587.92736913686
LMY,Low & middle income,2022,IT.NET.SECR.P6,1419.02696385767
LMY,Low & middle income,2021,IT.NET.SECR.P6,1193.96189797148
LMY,Low & middle income,2020,IT.NET.SECR.P6,1028.57188271657
LMY,Low & middle income,2019,IT.NET.SECR.P6,865.405863106514
LMY,Low & middle income,2018,IT.NET.SECR.P6,625.537052913594
LMY,Low & middle income,2017,IT.NET.SECR.P6,459.598713761954
LMY,Low & middle income,2016,IT.NET.SECR.P6,119.187119899435
LMY,Low & middle income,2015,IT.NET.SECR.P6,30.4539037935963
LMY,Low & middle income,2014,IT.NET.SECR.P6,21.2759179695087
LMY,Low & middle income,2013,IT.NET.SECR.P6,16.1191555581619
LMY,Low & middle income,2012,IT.NET.SECR.P6,12.9195518246645
LMY,Low & middle income,2011,IT.NET.SECR.P6,7.15780270786098
LMY,Low & middle income,2010,IT.NET.SECR.P6,4.94482572265652
,Low income,2024,IT.NET.SECR.P6,26.4229813745325
,Low income,2023,IT.NET.SECR.P6,22.3127703398408
,Low income,2022,IT.NET.SECR.P6,18.6895277022268
,Low income,2021,IT.NET.SECR.P6,15.398858126
,Low income,2020,IT.NET.SECR.P6,12.5922090142616
,Low income,2019,IT.NET.SECR.P6,9.44240368971002
,Low income,2018,IT.NET.SECR.P6,9.25984976589909
,Low income,2017,IT.NET.SECR.P6,7.48905279556755
,Low income,2016,IT.NET.SECR.P6,2.53496118551931
,Low income,2015,IT.NET.SECR.P6,1.40445202381778
,Low income,2014,IT.NET.SECR.P6,1.08611123771409
,Low income,2013,IT.NET.SECR.P6,0.765579905808017
,Low income,2012,IT.NET.SECR.P6,0.664341262855444
,Low income,2011,IT.NET.SECR.P6,0.301115862649902
,Low income,2010,IT.NET.SECR.P6,0.237178194540289
,Lower middle income,2024,IT.NET.SECR.P6,717.15368194087
,Lower middle income,2023,IT.NET.SECR.P6,574.427177235233
,Lower middle income,2022,IT.NET.SECR.P6,446.443166337342
,Lower middle income,2021,IT.NET.SECR.P6,330.625119874416
,Lower middle income,2020,IT.NET.SECR.P6,294.328032012034
,Lower middle income,2019,IT.NET.SECR.P6,242.262779726912
,Lower middle income,2018,IT.NET.SECR.P6,148.306689838386
,Lower middle income,2017,IT.NET.SECR.P6,111.109122306949
,Lower middle income,2016,IT.NET.SECR.P6,34.2553563988685
,Lower middle income,2015,IT.NET.SECR.P6,9.08894069635161
,Lower middle income,2014,IT.NET.SECR.P6,6.62412112491813
,Lower middle income,2013,IT.NET.SECR.P6,4.89220715665062
,Lower middle income,2012,IT.NET.SECR.P6,3.64027658112636
,Lower middle income,2011,IT.NET.SECR.P6,1.91410210525877
,Lower middle income,2010,IT.NET.SECR.P6,1.41025624430959
MEA,"Middle East, North Africa, Afghanistan & Pakistan",2024,IT.NET.SECR.P6,1178.51908131005
MEA,"Middle East, North Africa, Afghanistan & Pakistan",2023,IT.NET.SECR.P6,1082.1401686741
MEA,"Middle East, North Africa, Afghanistan & Pakistan",2022,IT.NET.SECR.P6,1063.57598812191
MEA,"Middle East, North Africa, Afghanistan & Pakistan",2021,IT.NET.SECR.P6,659.324137279617
MEA,"Middle East, North Africa, Afghanistan & Pakistan",2020,IT.NET.SECR.P6,539.825686383594
MEA,"Middle East, North Africa, Afghanistan & Pakistan",2019,IT.NET.SECR.P6,365.821609158566
MEA,"Middle East, North Africa, Afghanistan & Pakistan",2018,IT.NET.SECR.P6,294.466171088171
MEA,"Middle East, North Africa, Afghanistan & Pakistan",2017,IT.NET.SECR.P6,226.573622042442
MEA,"Middle East, North Africa, Afghanistan & Pakistan",2016,IT.NET.SECR.P6,76.3326793121912
MEA,"Middle East, North Africa, Afghanistan & Pakistan",2015,IT.NET.SECR.P6,41.2512817941305
MEA,"Middle East, North Africa, Afghanistan & Pakistan",2014,IT.NET.SECR.P6,30.5721950553113
MEA,"Middle East, North Africa, Afghanistan & Pakistan",2013,IT.NET.SECR.P6,25.8111296566305
MEA,"Middle East, North Africa, Afghanistan & Pakistan",2012,IT.NET.SECR.P6,22.7408601741382
MEA,"Middle East, North Africa, Afghanistan & Pakistan",2011,IT.NET.SECR.P6,14.7921801960138
MEA,"Middle East, North Africa, Afghanistan & Pakistan",2010,IT.NET.SECR.P6,10.3660417217991
MNA,"Middle East, North Africa, Afghanistan & Pakistan (excluding high income)",2024,IT.NET.SECR.P6,1016.01756708046
MNA,"Middle East, North Africa, Afghanistan & Pakistan (excluding high income)",2023,IT.NET.SECR.P6,937.528659935434
MNA,"Middle East, North Africa, Afghanistan & Pakistan (excluding high income)",2022,IT.NET.SECR.P6,928.686615994369
MNA,"Middle East, North Africa, Afghanistan & Pakistan (excluding high income)",2021,IT.NET.SECR.P6,477.732692166717
MNA,"Middle East, North Africa, Afghanistan & Pakistan (excluding high income)",2020,IT.NET.SECR.P6,375.877201127624
MNA,"Middle East, North Africa, Afghanistan & Pakistan (excluding high income)",2019,IT.NET.SECR.P6,199.914474401195
MNA,"Middle East, North Africa, Afghanistan & Pakistan (excluding high income)",2018,IT.NET.SECR.P6,147.829126524343
MNA,"Middle East, North Africa, Afghanistan & Pakistan (excluding high income)",2017,IT.NET.SECR.P6,112.065513632345
MNA,"Middle East, North Africa, Afghanistan & Pakistan (excluding high income)",2016,IT.NET.SECR.P6,28.7192801308359
MNA,"Middle East, North Africa, Afghanistan & Pakistan (excluding high income)",2015,IT.NET.SECR.P6,7.42264903244621
MNA,"Middle East, North Africa, Afghanistan & Pakistan (excluding high income)",2014,IT.NET.SECR.P6,5.24045522170951
MNA,"Middle East, North Africa, Afghanistan & Pakistan (excluding high income)",2013,IT.NET.SECR.P6,3.92725262272833
MNA,"Middle East, North Africa, Afghanistan & Pakistan (excluding high income)",2012,IT.NET.SECR.P6,3.00382174561746
MNA,"Middle East, North Africa, Afghanistan & Pakistan (excluding high income)",2011,IT.NET.SECR.P6,1.80277646196484
MNA,"Middle East, North Africa, Afghanistan & Pakistan (excluding high income)",2010,IT.NET.SECR.P6,1.30413087455235
TMN,"Middle East, North Africa, Afghanistan & Pakistan (IDA & IBRD)",2024,IT.NET.SECR.P6,1020.24742026555
TMN,"Middle East, North Africa, Afghanistan & Pakistan (IDA & IBRD)",2023,IT.NET.SECR.P6,941.117581375639
TMN,"Middle East, North Africa, Afghanistan & Pakistan (IDA & IBRD)",2022,IT.NET.SECR.P6,931.598825069473
TMN,"Middle East, North Africa, Afghanistan & Pakistan (IDA & IBRD)",2021,IT.NET.SECR.P6,476.913232090412
TMN,"Middle East, North Africa, Afghanistan & Pakistan (IDA & IBRD)",2020,IT.NET.SECR.P6,374.761120575388
TMN,"Middle East, North Africa, Afghanistan & Pakistan (IDA & IBRD)",2019,IT.NET.SECR.P6,197.433969226518
TMN,"Middle East, North Africa, Afghanistan & Pakistan (IDA & IBRD)",2018,IT.NET.SECR.P6,145.618547024606
TMN,"Middle East, North Africa, Afghanistan & Pakistan (IDA & IBRD)",2017,IT.NET.SECR.P6,109.090299957608
TMN,"Middle East, North Africa, Afghanistan & Pakistan (IDA & IBRD)",2016,IT.NET.SECR.P6,28.1789899698743
TMN,"Middle East, North Africa, Afghanistan & Pakistan (IDA & IBRD)",2015,IT.NET.SECR.P6,7.25261644595446
TMN,"Middle East, North Africa, Afghanistan & Pakistan (IDA & IBRD)",2014,IT.NET.SECR.P6,5.13386191124243
TMN,"Middle East, North Africa, Afghanistan & Pakistan (IDA & IBRD)",2013,IT.NET.SECR.P6,3.85502872875606
TMN,"Middle East, North Africa, Afghanistan & Pakistan (IDA & IBRD)",2012,IT.NET.SECR.P6,2.94685130277016
TMN,"Middle East, North Africa, Afghanistan & Pakistan (IDA & IBRD)",2011,IT.NET.SECR.P6,1.78058345376727
TMN,"Middle East, North Africa, Afghanistan & Pakistan (IDA & IBRD)",2010,IT.NET.SECR.P6,1.28833206963764
MIC,Middle income,2024,IT.NET.SECR.P6,1945.59467126698
MIC,Middle income,2023,IT.NET.SECR.P6,1780.04128106529
MIC,Middle income,2022,IT.NET.SECR.P6,1587.5576487934
MIC,Middle income,2021,IT.NET.SECR.P6,1333.15629206038
MIC,Middle income,2020,IT.NET.SECR.P6,1146.54069526829
MIC,Middle income,2019,IT.NET.SECR.P6,958.897337962872
MIC,Middle income,2018,IT.NET.SECR.P6,690.735126235737
MIC,Middle income,2017,IT.NET.SECR.P6,509.236675129852
MIC,Middle income,2016,IT.NET.SECR.P6,131.793495253924
MIC,Middle income,2015,IT.NET.SECR.P6,33.4120960187298
MIC,Middle income,2014,IT.NET.SECR.P6,23.2499432455998
MIC,Middle income,2013,IT.NET.SECR.P6,17.6797588995076
MIC,Middle income,2012,IT.NET.SECR.P6,14.1366027853598
MIC,Middle income,2011,IT.NET.SECR.P6,7.82927328286342
MIC,Middle income,2010,IT.NET.SECR.P6,5.39898396171208
NAC,North America,2024,IT.NET.SECR.P6,179608.342219189
NAC,North America,2023,IT.NET.SECR.P6,171374.901524758
NAC,North America,2022,IT.NET.SECR.P6,165931.536342536
NAC,North America,2021,IT.NET.SECR.P6,145215.004547
NAC,North America,2020,IT.NET.SECR.P6,130370.92667265
NAC,North America,2019,IT.NET.SECR.P6,114311.831315144
NAC,North America,2018,IT.NET.SECR.P6,61981.6451748698
NAC,North America,2017,IT.NET.SECR.P6,29830.3636240725
NAC,North America,2016,IT.NET.SECR.P6,11272.2939663381
NAC,North America,2015,IT.NET.SECR.P6,6043.32000795463
NAC,North America,2014,IT.NET.SECR.P6,4874.59301331365
NAC,North America,2013,IT.NET.SECR.P6,4102.12158297353
NAC,North America,2012,IT.NET.SECR.P6,3668.56714215504
NAC,North America,2011,IT.NET.SECR.P6,2851.21336159812
NAC,North America,2010,IT.NET.SECR.P6,2362.83904688483
OED,OECD members,2024,IT.NET.SECR.P6,82177.2357209299
OED,OECD members,2023,IT.NET.SECR.P6,77230.108299376
OED,OECD members,2022,IT.NET.SECR.P6,73334.325210227
OED,OECD members,2021,IT.NET.SECR.P6,64895.3650819105
OED,OECD members,2020,IT.NET.SECR.P6,57593.4558479909
OED,OECD members,2019,IT.NET.SECR.P6,49791.6524115347
OED,OECD members,2018,IT.NET.SECR.P6,30163.1464840485
OED,OECD members,2017,IT.NET.SECR.P6,16510.6171462296
OED,OECD members,2016,IT.NET.SECR.P6,6226.3042900361
OED,OECD members,2015,IT.NET.SECR.P6,2939.28951151706
OED,OECD members,2014,IT.NET.SECR.P6,2321.59641060023
OED,OECD members,2013,IT.NET.SECR.P6,1915.14849567336
OED,OECD members,2012,IT.NET.SECR.P6,1678.80830510109
OED,OECD members,2011,IT.NET.SECR.P6,1240.70987528192
OED,OECD members,2010,IT.NET.SECR.P6,971.317639685356
OSS,Other small states,2024,IT.NET.SECR.P6,43550.209799381
OSS,Other small states,2023,IT.NET.SECR.P6,74719.0756234493
OSS,Other small states,2022,IT.NET.SECR.P6,21772.2569602894
OSS,Other small states,2021,IT.NET.SECR.P6,20197.9940980182
OSS,Other small states,2020,IT.NET.SECR.P6,15847.5253905166
OSS,Other small states,2019,IT.NET.SECR.P6,13871.9500155798
OSS,Other small states,2018,IT.NET.SECR.P6,11658.5815540771
OSS,Other small states,2017,IT.NET.SECR.P6,8557.66613867104
OSS,Other small states,2016,IT.NET.SECR.P6,3128.77628751735
OSS,Other small states,2015,IT.NET.SECR.P6,1016.17433566067
OSS,Other small states,2014,IT.NET.SECR.P6,838.998550624612
OSS,Other small states,2013,IT.NET.SECR.P6,575.149244470173
OSS,Other small states,2012,IT.NET.SECR.P6,553.671302569468
OSS,Other small states,2011,IT.NET.SECR.P6,312.571985533146
OSS,Other small states,2010,IT.NET.SECR.P6,232.531645091198
PSS,Pacific island small states,2024,IT.NET.SECR.P6,442.245948252082
PSS,Pacific island small states,2023,IT.NET.SECR.P6,403.83396846079
PSS,Pacific island small states,2022,IT.NET.SECR.P6,484.930812646905
PSS,Pacific island small states,2021,IT.NET.SECR.P6,542.755208259934
PSS,Pacific island small states,2020,IT.NET.SECR.P6,256.210504091277
PSS,Pacific island small states,2019,IT.NET.SECR.P6,197.882810358266
PSS,Pacific island small states,2018,IT.NET.SECR.P6,162.469920444814
PSS,Pacific island small states,2017,IT.NET.SECR.P6,132.84623048821
PSS,Pacific island small states,2016,IT.NET.SECR.P6,96.4787681850317
PSS,Pacific island small states,2015,IT.NET.SECR.P6,75.0802781435535
PSS,Pacific island small states,2014,IT.NET.SECR.P6,58.0955039931255
PSS,Pacific island small states,2013,IT.NET.SECR.P6,50.5917122343408
PSS,Pacific island small states,2012,IT.NET.SECR.P6,43.9984792758619
PSS,Pacific island small states,2011,IT.NET.SECR.P6,25.9726879870691
PSS,Pacific island small states,2010,IT.NET.SECR.P6,14.9202316146543
PST,Post-demographic dividend,2024,IT.NET.SECR.P6,101098.516197925
PST,Post-demographic dividend,2023,IT.NET.SECR.P6,95020.6772540445
PST,Post-demographic dividend,2022,IT.NET.SECR.P6,90012.2093929137
PST,Post-demographic dividend,2021,IT.NET.SECR.P6,79255.8226258319
PST,Post-demographic dividend,2020,IT.NET.SECR.P6,69993.1627810131
PST,Post-demographic dividend,2019,IT.NET.SECR.P6,60534.6571140647
PST,Post-demographic dividend,2018,IT.NET.SECR.P6,36354.3374880361
PST,Post-demographic dividend,2017,IT.NET.SECR.P6,19956.1244993053
PST,Post-demographic dividend,2016,IT.NET.SECR.P6,7462.9540345954
PST,Post-demographic dividend,2015,IT.NET.SECR.P6,3503.74264882859
PST,Post-demographic dividend,2014,IT.NET.SECR.P6,2760.85034348307
PST,Post-demographic dividend,2013,IT.NET.SECR.P6,2295.87188116514
PST,Post-demographic dividend,2012,IT.NET.SECR.P6,1988.38163428309
PST,Post-demographic dividend,2011,IT.NET.SECR.P6,1471.13849270481
PST,Post-demographic dividend,2010,IT.NET.SECR.P6,1150.4832286016
PRE,Pre-demographic dividend,2024,IT.NET.SECR.P6,64.074255755643
PRE,Pre-demographic dividend,2023,IT.NET.SECR.P6,46.572250907499
PRE,Pre-demographic dividend,2022,IT.NET.SECR.P6,43.0964039608855
PRE,Pre-demographic dividend,2021,IT.NET.SECR.P6,41.9592188657679
PRE,Pre-demographic dividend,2020,IT.NET.SECR.P6,41.6901114660741
PRE,Pre-demographic dividend,2019,IT.NET.SECR.P6,39.7505048487051
PRE,Pre-demographic dividend,2018,IT.NET.SECR.P6,59.4885480451031
PRE,Pre-demographic dividend,2017,IT.NET.SECR.P6,56.2643808048524
PRE,Pre-demographic dividend,2016,IT.NET.SECR.P6,13.7047175104092
PRE,Pre-demographic dividend,2015,IT.NET.SECR.P6,3.20231318000599
PRE,Pre-demographic dividend,2014,IT.NET.SECR.P6,2.43038444554724
PRE,Pre-demographic dividend,2013,IT.NET.SECR.P6,1.74829157077527
PRE,Pre-demographic dividend,2012,IT.NET.SECR.P6,1.35803904962367
PRE,Pre-demographic dividend,2011,IT.NET.SECR.P6,0.688935818381494
PRE,Pre-demographic dividend,2010,IT.NET.SECR.P6,0.491958399753097
SST,Small states,2024,IT.NET.SECR.P6,38041.3308206318
SST,Small states,2023,IT.NET.SECR.P6,56683.2983363704
SST,Small states,2022,IT.NET.SECR.P6,21447.8739156707
SST,Small states,2021,IT.NET.SECR.P6,19881.0488294916
SST,Small states,2020,IT.NET.SECR.P6,13307.9761014663
SST,Small states,2019,IT.NET.SECR.P6,9865.41410665119
SST,Small states,2018,IT.NET.SECR.P6,7805.68588814612
SST,Small states,2017,IT.NET.SECR.P6,5733.44371466817
SST,Small states,2016,IT.NET.SECR.P6,2120.2977580792
SST,Small states,2015,IT.NET.SECR.P6,740.981051545229
SST,Small states,2014,IT.NET.SECR.P6,605.187922426041
SST,Small states,2013,IT.NET.SECR.P6,429.316628390677
SST,Small states,2012,IT.NET.SECR.P6,407.468006644743
SST,Small states,2011,IT.NET.SECR.P6,233.968374241153
SST,Small states,2010,IT.NET.SECR.P6,173.41712466209
SAS,South Asia,2024,IT.NET.SECR.P6,1119.77722708606
SAS,South Asia,2023,IT.NET.SECR.P6,894.501005716367
SAS,South Asia,2022,IT.NET.SECR.P6,678.894724740266
SAS,South Asia,2021,IT.NET.SECR.P6,492.560076492391
SAS,South Asia,2020,IT.NET.SECR.P6,432.433221499184
SAS,South Asia,2019,IT.NET.SECR.P6,349.726833466638
SAS,South Asia,2018,IT.NET.SECR.P6,180.73079364887
SAS,South Asia,2017,IT.NET.SECR.P6,118.547267685191
SAS,South Asia,2016,IT.NET.SECR.P6,36.3941664327757
SAS,South Asia,2015,IT.NET.SECR.P6,10.5895127223882
SAS,South Asia,2014,IT.NET.SECR.P6,7.65015117921228
SAS,South Asia,2013,IT.NET.SECR.P6,5.58248131086911
SAS,South Asia,2012,IT.NET.SECR.P6,4.11512072679317
SAS,South Asia,2011,IT.NET.SECR.P6,2.09577804979218
SAS,South Asia,2010,IT.NET.SECR.P6,1.52044993746951
TSA,South Asia (IDA & IBRD),2024,IT.NET.SECR.P6,1119.77722708606
TSA,South Asia (IDA & IBRD),2023,IT.NET.SECR.P6,894.501005716367
TSA,South Asia (IDA & IBRD),2022,IT.NET.SECR.P6,678.894724740266
TSA,South Asia (IDA & IBRD),2021,IT.NET.SECR.P6,492.560076492391
TSA,South Asia (IDA & IBRD),2020,IT.NET.SECR.P6,432.433221499184
TSA,South Asia (IDA & IBRD),2019,IT.NET.SECR.P6,349.726833466638
TSA,South Asia (IDA & IBRD),2018,IT.NET.SECR.P6,180.73079364887
TSA,South Asia (IDA & IBRD),2017,IT.NET.SECR.P6,118.547267685191
TSA,South Asia (IDA & IBRD),2016,IT.NET.SECR.P6,36.3941664327757
TSA,South Asia (IDA & IBRD),2015,IT.NET.SECR.P6,10.5895127223882
TSA,South Asia (IDA & IBRD),2014,IT.NET.SECR.P6,7.65015117921228
TSA,South Asia (IDA & IBRD),2013,IT.NET.SECR.P6,5.58248131086911
TSA,South Asia (IDA & IBRD),2012,IT.NET.SECR.P6,4.11512072679317
TSA,South Asia (IDA & IBRD),2011,IT.NET.SECR.P6,2.09577804979218
TSA,South Asia (IDA & IBRD),2010,IT.NET.SECR.P6,1.52044993746951
SSF,Sub-Saharan Africa,2024,IT.NET.SECR.P6,903.203524580903
SSF,Sub-Saharan Africa,2023,IT.NET.SECR.P6,794.845464906066
SSF,Sub-Saharan Africa,2022,IT.NET.SECR.P6,809.078450680246
SSF,Sub-Saharan Africa,2021,IT.NET.SECR.P6,871.900007836105
SSF,Sub-Saharan Africa,2020,IT.NET.SECR.P6,777.499984729917
SSF,Sub-Saharan Africa,2019,IT.NET.SECR.P6,783.937266467509
SSF,Sub-Saharan Africa,2018,IT.NET.SECR.P6,714.636965979865
SSF,Sub-Saharan Africa,2017,IT.NET.SECR.P6,561.821888278048
SSF,Sub-Saharan Africa,2016,IT.NET.SECR.P6,66.6957026855798
SSF,Sub-Saharan Africa,2015,IT.NET.SECR.P6,18.4724793546792
SSF,Sub-Saharan Africa,2014,IT.NET.SECR.P6,15.1175472453994
SSF,Sub-Saharan Africa,2013,IT.NET.SECR.P6,11.7341966762274
SSF,Sub-Saharan Africa,2012,IT.NET.SECR.P6,9.69482866938562
SSF,Sub-Saharan Africa,2011,IT.NET.SECR.P6,5.53259215919267
SSF,Sub-Saharan Africa,2010,IT.NET.SECR.P6,3.57559758127956
SSA,Sub-Saharan Africa (excluding high income),2024,IT.NET.SECR.P6,890.155611875022
SSA,Sub-Saharan Africa (excluding high income),2023,IT.NET.SECR.P6,789.915100433344
SSA,Sub-Saharan Africa (excluding high income),2022,IT.NET.SECR.P6,804.103961142536
SSA,Sub-Saharan Africa (excluding high income),2021,IT.NET.SECR.P6,866.141554555055
SSA,Sub-Saharan Africa (excluding high income),2020,IT.NET.SECR.P6,772.414140424073
SSA,Sub-Saharan Africa (excluding high income),2019,IT.NET.SECR.P6,775.735690225412
SSA,Sub-Saharan Africa (excluding high income),2018,IT.NET.SECR.P6,691.486892298408
SSA,Sub-Saharan Africa (excluding high income),2017,IT.NET.SECR.P6,548.100960357807
SSA,Sub-Saharan Africa (excluding high income),2016,IT.NET.SECR.P6,63.9167243659779
SSA,Sub-Saharan Africa (excluding high income),2015,IT.NET.SECR.P6,18.3824174950517
SSA,Sub-Saharan Africa (excluding high income),2014,IT.NET.SECR.P6,15.0823298363603
SSA,Sub-Saharan Africa (excluding high income),2013,IT.NET.SECR.P6,11.7018885629716
SSA,Sub-Saharan Africa (excluding high income),2012,IT.NET.SECR.P6,9.67418646830953
SSA,Sub-Saharan Africa (excluding high income),2011,IT.NET.SECR.P6,5.51761678814548
SSA,Sub-Saharan Africa (excluding high income),2010,IT.NET.SECR.P6,3.56913213700199
TSS,Sub-Saharan Africa (IDA & IBRD countries),2024,IT.NET.SECR.P6,903.203524580903
TSS,Sub-Saharan Africa (IDA & IBRD countries),2023,IT.NET.SECR.P6,794.845464906066
TSS,Sub-Saharan Africa (IDA & IBRD countries),2022,IT.NET.SECR.P6,809.078450680246
TSS,Sub-Saharan Africa (IDA & IBRD countries),2021,IT.NET.SECR.P6,871.900007836105
TSS,Sub-Saharan Africa (IDA & IBRD countries),2020,IT.NET.SECR.P6,777.499984729917
TSS,Sub-Saharan Africa (IDA & IBRD countries),2019,IT.NET.SECR.P6,783.937266467509
TSS,Sub-Saharan Africa (IDA & IBRD countries),2018,IT.NET.SECR.P6,714.636965979865
TSS,Sub-Saharan Africa (IDA & IBRD countries),2017,IT.NET.SECR.P6,561.821888278048
TSS,Sub-Saharan Africa (IDA & IBRD countries),2016,IT.NET.SECR.P6,66.6957026855798
TSS,Sub-Saharan Africa (IDA & IBRD countries),2015,IT.NET.SECR.P6,18.4724793546792
TSS,Sub-Saharan Africa (IDA & IBRD countries),2014,IT.NET.SECR.P6,15.1175472453994
TSS,Sub-Saharan Africa (IDA & IBRD countries),2013,IT.NET.SECR.P6,11.7341966762274
TSS,Sub-Saharan Africa (IDA & IBRD countries),2012,IT.NET.SECR.P6,9.69482866938562
TSS,Sub-Saharan Africa (IDA & IBRD countries),2011,IT.NET.SECR.P6,5.53259215919267
TSS,Sub-Saharan Africa (IDA & IBRD countries),2010,IT.NET.SECR.P6,3.57559758127956
,Upper middle income,2024,IT.NET.SECR.P6,3110.16107409036
,Upper middle income,2023,IT.NET.SECR.P6,2912.06619318048
,Upper middle income,2022,IT.NET.SECR.P6,2647.78732522582
,Upper middle income,2021,IT.NET.SECR.P6,2255.69138049861
,Upper middle income,2020,IT.NET.SECR.P6,1921.48385387878
,Upper middle income,2019,IT.NET.SECR.P6,1607.85714866048
,Upper middle income,2018,IT.NET.SECR.P6,1178.72690567841
,Upper middle income,2017,IT.NET.SECR.P6,865.232098334122
,Upper middle income,2016,IT.NET.SECR.P6,218.476799459953
,Upper middle income,2015,IT.NET.SECR.P6,54.8900506711737
,Upper middle income,2014,IT.NET.SECR.P6,37.839431062269
,Upper middle income,2013,IT.NET.SECR.P6,28.8726123505094
,Upper middle income,2012,IT.NET.SECR.P6,23.2247152769038
,Upper middle income,2011,IT.NET.SECR.P6,12.9143808112628
,Upper middle income,2010,IT.NET.SECR.P6,8.7996284726163
WLD,World,2024,IT.NET.SECR.P6,16381.4711611511
WLD,World,2023,IT.NET.SECR.P6,15470.1231588813
WLD,World,2022,IT.NET.SECR.P6,14531.0793870017
WLD,World,2021,IT.NET.SECR.P6,12810.3266903219
WLD,World,2020,IT.NET.SECR.P6,11368.4985191348
WLD,World,2019,IT.NET.SECR.P6,9855.61715961909
WLD,World,2018,IT.NET.SECR.P6,6088.11558292466
WLD,World,2017,IT.NET.SECR.P6,3470.56702655238
WLD,World,2016,IT.NET.SECR.P6,1249.94598950831
WLD,World,2015,IT.NET.SECR.P6,565.521652107287
WLD,World,2014,IT.NET.SECR.P6,444.398325396221
WLD,World,2013,IT.NET.SECR.P6,365.978346724338
WLD,World,2012,IT.NET.SECR.P6,321.061246180359
WLD,World,2011,IT.NET.SECR.P6,236.10537244525
WLD,World,2010,IT.NET.SECR.P6,185.174863965798
AFG,Afghanistan,2024,IT.NET.SECR.P6,41.0575140034026
AFG,Afghanistan,2023,IT.NET.SECR.P6,43.758544404586
AFG,Afghanistan,2022,IT.NET.SECR.P6,36.7432860701151
AFG,Afghanistan,2021,IT.NET.SECR.P6,39.1245970166507
AFG,Afghanistan,2020,IT.NET.SECR.P6,34.861417801576
AFG,Afghanistan,2019,IT.NET.SECR.P6,27.6573503133086
AFG,Afghanistan,2018,IT.NET.SECR.P6,53.4795175761047
AFG,Afghanistan,2017,IT.NET.SECR.P6,44.1873650754779
AFG,Afghanistan,2016,IT.NET.SECR.P6,12.2764405423167
AFG,Afghanistan,2015,IT.NET.SECR.P6,2.18729357416894
AFG,Afghanistan,2014,IT.NET.SECR.P6,1.7382011137112
AFG,Afghanistan,2013,IT.NET.SECR.P6,1.45465106336258
AFG,Afghanistan,2012,IT.NET.SECR.P6,1.24345411395812
AFG,Afghanistan,2011,IT.NET.SECR.P6,0.545187378857661
AFG,Afghanistan,2010,IT.NET.SECR.P6,0.494977936181717
ALB,Albania,2024,IT.NET.SECR.P6,1512.74983930188
ALB,Albania,2023,IT.NET.SECR.P6,1389.50050131486
ALB,Albania,2022,IT.NET.SECR.P6,1254.67239019169
ALB,Albania,2021,IT.NET.SECR.P6,1115.76929843093
ALB,Albania,2020,IT.NET.SECR.P6,993.086755679302
ALB,Albania,2019,IT.NET.SECR.P6,852.869829087223
ALB,Albania,2018,IT.NET.SECR.P6,578.280061647416
ALB,Albania,2017,IT.NET.SECR.P6,480.688445541171
ALB,Albania,2016,IT.NET.SECR.P6,154.677373117147
ALB,Albania,2015,IT.NET.SECR.P6,72.127010906556
ALB,Albania,2014,IT.NET.SECR.P6,54.438602809825
ALB,Albania,2013,IT.NET.SECR.P6,36.5649923213516
ALB,Albania,2012,IT.NET.SECR.P6,25.8677222561688
ALB,Albania,2011,IT.NET.SECR.P6,8.26106337096133
ALB,Albania,2010,IT.NET.SECR.P6,4.11943477235488
DZA,Algeria,2024,IT.NET.SECR.P6,119.343855301674
DZA,Algeria,2023,IT.NET.SECR.P6,100.294126063305
DZA,Algeria,2022,IT.NET.SECR.P6,75.0702728338252
DZA,Algeria,2021,IT.NET.SECR.P6,62.1075009798128
DZA,Algeria,2020,IT.NET.SECR.P6,47.8178931150204
DZA,Algeria,2019,IT.NET.SECR.P6,49.7522251417072
DZA,Algeria,2018,IT.NET.SECR.P6,67.168513094978
DZA,Algeria,2017,IT.NET.SECR.P6,62.8698506060272
DZA,Algeria,2016,IT.NET.SECR.P6,7.56412597956349
DZA,Algeria,2015,IT.NET.SECR.P6,3.79814565033986
DZA,Algeria,2014,IT.NET.SECR.P6,2.39765146468064
DZA,Algeria,2013,IT.NET.SECR.P6,1.77018007234882
DZA,Algeria,2012,IT.NET.SECR.P6,1.22190397821653
DZA,Algeria,2011,IT.NET.SECR.P6,0.487760252612119
DZA,Algeria,2010,IT.NET.SECR.P6,0.359232762823808
ASM,American Samoa,2024,IT.NET.SECR.P6,513.204319469689
ASM,American Samoa,2023,IT.NET.SECR.P6,462.953220681383
ASM,American Samoa,2022,IT.NET.SECR.P6,351.661081461255
ASM,American Samoa,2021,IT.NET.SECR.P6,426.6124936516
ASM,American Samoa,2020,IT.NET.SECR.P6,241.152709953578
ASM,American Samoa,2019,IT.NET.SECR.P6,378.418211874365
ASM,American Samoa,2018,IT.NET.SECR.P6,491.081951756109
ASM,American Samoa,2017,IT.NET.SECR.P6,1066.18074671422
ASM,American Samoa,2016,IT.NET.SECR.P6,191.405876160398
ASM,American Samoa,2015,IT.NET.SECR.P6,18.9114565603843
ASM,American Samoa,2014,IT.NET.SECR.P6,448.883402536191
ASM,American Samoa,2013,IT.NET.SECR.P6,0.0
ASM,American Samoa,2012,IT.NET.SECR.P6,18.3523279928059
ASM,American Samoa,2011,IT.NET.SECR.P6,18.216595318335
ASM,American Samoa,2010,IT.NET.SECR.P6,54.3202723256319
AND,Andorra,2024,IT.NET.SECR.P6,17623.0808660206
AND,Andorra,2023,IT.NET.SECR.P6,14618.5811813595
AND,Andorra,2022,IT.NET.SECR.P6,13725.6131986701
AND,Andorra,2021,IT.NET.SECR.P6,11280.6901128069
AND,Andorra,2020,IT.NET.SECR.P6,9705.35021969501
AND,Andorra,2019,IT.NET.SECR.P6,20359.8608677459
AND,Andorra,2018,IT.NET.SECR.P6,5321.83816290147
AND,Andorra,2017,IT.NET.SECR.P6,3565.47320472324
AND,Andorra,2016,IT.NET.SECR.P6,3034.03942865851
AND,Andorra,2015,IT.NET.SECR.P6,2189.1539889711
AND,Andorra,2014,IT.NET.SECR.P6,1179.86899385654
AND,Andorra,2013,IT.NET.SECR.P6,1050.6157406176
AND,Andorra,2012,IT.NET.SECR.P6,1197.38657365229
AND,Andorra,2011,IT.NET.SECR.P6,1015.6460923338
AND,Andorra,2010,IT.NET.SECR.P6,718.657844522093
AGO,Angola,2024,IT.NET.SECR.P6,48.5141563014729
AGO,Angola,2023,IT.NET.SECR.P6,40.2177899448233
AGO,Angola,2022,IT.NET.SECR.P6,36.5370826553838
AGO,Angola,2021,IT.NET.SECR.P6,26.1782917153033
AGO,Angola,2020,IT.NET.SECR.P6,19.7302740008918
AGO,Angola,2019,IT.NET.SECR.P6,14.4862036978923
AGO,Angola,2018,IT.NET.SECR.P6,11.023366181367
AGO,Angola,2017,IT.NET.SECR.P6,10.6499657563912
AGO,Angola,2016,IT.NET.SECR.P6,8.22394628118289
AGO,Angola,2015,IT.NET.SECR.P6,8.06170993910817
AGO,Angola,2014,IT.NET.SECR.P6,5.89084940857161
AGO,Angola,2013,IT.NET.SECR.P6,4.54795261874169
AGO,Angola,2012,IT.NET.SECR.P6,3.17745355218256
AGO,Angola,2011,IT.NET.SECR.P6,1.85809505122396
AGO,Angola,2010,IT.NET.SECR.P6,1.28783968113089
ATG,Antigua and Barbuda,2024,IT.NET.SECR.P6,970.438936996118
ATG,Antigua and Barbuda,2023,IT.NET.SECR.P6,803.720690985469
ATG,Antigua and Barbuda,2022,IT.NET.SECR.P6,829.383886255924
ATG,Antigua and Barbuda,2021,IT.NET.SECR.P6,801.308081300285
ATG,Antigua and Barbuda,2020,IT.NET.SECR.P6,1328.31043268079
ATG,Antigua and Barbuda,2019,IT.NET.SECR.P6,952.235015980036
ATG,Antigua and Barbuda,2018,IT.NET.SECR.P6,890.834304819304
ATG,Antigua and Barbuda,2017,IT.NET.SECR.P6,939.558739001636
ATG,Antigua and Barbuda,2016,IT.NET.SECR.P6,844.735408863053
ATG,Antigua and Barbuda,2015,IT.NET.SECR.P6,726.996163697167
ATG,Antigua and Barbuda,2014,IT.NET.SECR.P6,811.130513152707
ATG,Antigua and Barbuda,2013,IT.NET.SECR.P6,738.099563953488
ATG,Antigua and Barbuda,2012,IT.NET.SECR.P6,538.620215448086
ATG,Antigua and Barbuda,2011,IT.NET.SECR.P6,845.572904600843
ATG,Antigua and Barbuda,2010,IT.NET.SECR.P6,703.23488045007
ARG,Argentina,2024,IT.NET.SECR.P6,5453.43428098629
ARG,Argentina,2023,IT.NET.SECR.P6,5451.20150353984
ARG,Argentina,2022,IT.NET.SECR.P6,5287.33940240888
ARG,Argentina,2021,IT.NET.SECR.P6,5116.36127962748
ARG,Argentina,2020,IT.NET.SECR.P6,3700.83487186273
ARG,Argentina,2019,IT.NET.SECR.P6,3016.15630461206
ARG,Argentina,2018,IT.NET.SECR.P6,1865.86541646219
ARG,Argentina,2017,IT.NET.SECR.P6,1619.6159696379
ARG,Argentina,2016,IT.NET.SECR.P6,729.835343087417
ARG,Argentina,2015,IT.NET.SECR.P6,122.294512787585
ARG,Argentina,2014,IT.NET.SECR.P6,89.1826345303307
ARG,Argentina,2013,IT.NET.SECR.P6,73.19916148564
ARG,Argentina,2012,IT.NET.SECR.P6,62.6871943865859
ARG,Argentina,2011,IT.NET.SECR.P6,33.6443276957518
ARG,Argentina,2010,IT.NET.SECR.P6,24.8978570259452
ARM,Armenia,2024,IT.NET.SECR.P6,1735.28926982034
ARM,Armenia,2023,IT.NET.SECR.P6,1177.00637587289
ARM,Armenia,2022,IT.NET.SECR.P6,862.185100363734
ARM,Armenia,2021,IT.NET.SECR.P6,712.95952469365
ARM,Armenia,2020,IT.NET.SECR.P6,587.877764646294
ARM,Armenia,2019,IT.NET.SECR.P6,477.974683544304
ARM,Armenia,2018,IT.NET.SECR.P6,333.108790838666
ARM,Armenia,2017,IT.NET.SECR.P6,268.174800295361
ARM,Armenia,2016,IT.NET.SECR.P6,186.144437389299
ARM,Armenia,2015,IT.NET.SECR.P6,74.5523530586434
ARM,Armenia,2014,IT.NET.SECR.P6,60.3888778286549
ARM,Armenia,2013,IT.NET.SECR.P6,52.2832561217737
ARM,Armenia,2012,IT.NET.SECR.P6,28.7688899176615
ARM,Armenia,2011,IT.NET.SECR.P6,17.8341424749827
ARM,Armenia,2010,IT.NET.SECR.P6,9.85286389910667
ABW,Aruba,2024,IT.NET.SECR.P6,1574.14695124774
ABW,Aruba,2023,IT.NET.SECR.P6,1397.18141935003
ABW,Aruba,2022,IT.NET.SECR.P6,1621.47050601062
ABW,Aruba,2021,IT.NET.SECR.P6,1643.45403899721
ABW,Aruba,2020,IT.NET.SECR.P6,1556.3557331909
ABW,Aruba,2019,IT.NET.SECR.P6,1364.43138009029
ABW,Aruba,2018,IT.NET.SECR.P6,1120.21155470672
ABW,Aruba,2017,IT.NET.SECR.P6,947.257092932359
ABW,Aruba,2016,IT.NET.SECR.P6,1131.2737406532
ABW,Aruba,2015,IT.NET.SECR.P6,732.118695901989
ABW,Aruba,2014,IT.NET.SECR.P6,552.398251050961
ABW,Aruba,2013,IT.NET.SECR.P6,416.370948663355
ABW,Aruba,2012,IT.NET.SECR.P6,249.73585630583
ABW,Aruba,2011,IT.NET.SECR.P6,126.716768527454
ABW,Aruba,2010,IT.NET.SECR.P6,88.3756554527779
AUS,Australia,2024,IT.NET.SECR.P6,44299.3061115854
AUS,Australia,2023,IT.NET.SECR.P6,47565.8931035132
AUS,Australia,2022,IT.NET.SECR.P6,48266.9382557275
AUS,Australia,2021,IT.NET.SECR.P6,46481.5592601746
AUS,Australia,2020,IT.NET.SECR.P6,39862.7281392421
AUS,Australia,2019,IT.NET.SECR.P6,36763.583850941
AUS,Australia,2018,IT.NET.SECR.P6,32929.1953798659
AUS,Australia,2017,IT.NET.SECR.P6,21552.9166755447
AUS,Australia,2016,IT.NET.SECR.P6,9810.21505311893
AUS,Australia,2015,IT.NET.SECR.P6,4574.11080242501
AUS,Australia,2014,IT.NET.SECR.P6,3938.58564985066
AUS,Australia,2013,IT.NET.SECR.P6,3505.12572806905
AUS,Australia,2012,IT.NET.SECR.P6,3187.89942492269
AUS,Australia,2011,IT.NET.SECR.P6,2171.39426528817
AUS,Australia,2010,IT.NET.SECR.P6,1402.79369546223
AUT,Austria,2024,IT.NET.SECR.P6,47132.0383936251
AUT,Austria,2023,IT.NET.SECR.P6,42281.0014410145
AUT,Austria,2022,IT.NET.SECR.P6,39544.447259748
AUT,Austria,2021,IT.NET.SECR.P6,39775.2427840872
AUT,Austria,2020,IT.NET.SECR.P6,33802.6911703487
AUT,Austria,2019,IT.NET.SECR.P6,26298.32250741
AUT,Austria,2018,IT.NET.SECR.P6,16705.0109377038
AUT,Austria,2017,IT.NET.SECR.P6,7431.71463561626
AUT,Austria,2016,IT.NET.SECR.P6,4449.98024418463
AUT,Austria,2015,IT.NET.SECR.P6,3081.90763093797
AUT,Austria,2014,IT.NET.SECR.P6,2345.32706103046
AUT,Austria,2013,IT.NET.SECR.P6,1857.46801554702
AUT,Austria,2012,IT.NET.SECR.P6,1613.40623020831
AUT,Austria,2011,IT.NET.SECR.P6,1068.4439268925
AUT,Austria,2010,IT.NET.SECR.P6,690.149608939135
AZE,Azerbaijan,2024,IT.NET.SECR.P6,541.026362293599
AZE,Azerbaijan,2023,IT.NET.SECR.P6,549.736368813028
AZE,Azerbaijan,2022,IT.NET.SECR.P6,544.580248233146
AZE,Azerbaijan,2021,IT.NET.SECR.P6,416.857784025055
AZE,Azerbaijan,2020,IT.NET.SECR.P6,299.312769558593
AZE,Azerbaijan,2019,IT.NET.SECR.P6,368.804432197295
AZE,Azerbaijan,2018,IT.NET.SECR.P6,329.383845965868
AZE,Azerbaijan,2017,IT.NET.SECR.P6,259.487663578963
AZE,Azerbaijan,2016,IT.NET.SECR.P6,101.867098894711
AZE,Azerbaijan,2015,IT.NET.SECR.P6,33.2665204805178
AZE,Azerbaijan,2014,IT.NET.SECR.P6,22.9678222907225
AZE,Azerbaijan,2013,IT.NET.SECR.P6,16.7785217081682
AZE,Azerbaijan,2012,IT.NET.SECR.P6,10.7575649348135
AZE,Azerbaijan,2011,IT.NET.SECR.P6,4.90565766227752
AZE,Azerbaijan,2010,IT.NET.SECR.P6,2.5402205264839
BHS,"Bahamas, The",2024,IT.NET.SECR.P6,6354.61756416295
BHS,"Bahamas, The",2023,IT.NET.SECR.P6,6434.00761065492
BHS,"Bahamas, The",2022,IT.NET.SECR.P6,5189.44100941294
BHS,"Bahamas, The",2021,IT.NET.SECR.P6,2765.07229301693
BHS,"Bahamas, The",2020,IT.NET.SECR.P6,1252.95872561972
BHS,"Bahamas, The",2019,IT.NET.SECR.P6,1565.84531576614
BHS,"Bahamas, The",2018,IT.NET.SECR.P6,2314.64387841626
BHS,"Bahamas, The",2017,IT.NET.SECR.P6,1475.08867177997
BHS,"Bahamas, The",2016,IT.NET.SECR.P6,1025.62781049078
BHS,"Bahamas, The",2015,IT.NET.SECR.P6,973.151401597525
BHS,"Bahamas, The",2014,IT.NET.SECR.P6,716.718371532156
BHS,"Bahamas, The",2013,IT.NET.SECR.P6,601.657725364359
BHS,"Bahamas, The",2012,IT.NET.SECR.P6,514.023794241336
BHS,"Bahamas, The",2011,IT.NET.SECR.P6,400.829636643899
BHS,"Bahamas, The",2010,IT.NET.SECR.P6,353.762674228117
BHR,Bahrain,2024,IT.NET.SECR.P6,7064.39978094884
BHR,Bahrain,2023,IT.NET.SECR.P6,5578.10456045081
BHR,Bahrain,2022,IT.NET.SECR.P6,5210.2292067977
BHR,Bahrain,2021,IT.NET.SECR.P6,3892.00759124282
BHR,Bahrain,2020,IT.NET.SECR.P6,453.062211486995
BHR,Bahrain,2019,IT.NET.SECR.P6,429.989836603862
BHR,Bahrain,2018,IT.NET.SECR.P6,387.202105527876
BHR,Bahrain,2017,IT.NET.SECR.P6,357.733846018562
BHR,Bahrain,2016,IT.NET.SECR.P6,346.976876168589
BHR,Bahrain,2015,IT.NET.SECR.P6,328.389969656767
BHR,Bahrain,2014,IT.NET.SECR.P6,293.633925216156
BHR,Bahrain,2013,IT.NET.SECR.P6,260.135925010633
BHR,Bahrain,2012,IT.NET.SECR.P6,224.158866599833
BHR,Bahrain,2011,IT.NET.SECR.P6,117.15285099831
BHR,Bahrain,2010,IT.NET.SECR.P6,75.6994260681148
BGD,Bangladesh,2024,IT.NET.SECR.P6,527.061270034326
BGD,Bangladesh,2023,IT.NET.SECR.P6,388.168008314603
BGD,Bangladesh,2022,IT.NET.SECR.P6,329.568934354283
BGD,Bangladesh,2021,IT.NET.SECR.P6,228.70847011754
BGD,Bangladesh,2020,IT.NET.SECR.P6,138.817043310148
BGD,Bangladesh,2019,IT.NET.SECR.P6,99.0461307020236
BGD,Bangladesh,2018,IT.NET.SECR.P6,114.430313862134
BGD,Bangladesh,2017,IT.NET.SECR.P6,64.2040038105104
BGD,Bangladesh,2016,IT.NET.SECR.P6,23.2010147107741
BGD,Bangladesh,2015,IT.NET.SECR.P6,1.97009497470244
BGD,Bangladesh,2014,IT.NET.SECR.P6,1.27876485798946
BGD,Bangladesh,2013,IT.NET.SECR.P6,0.932715792854325
BGD,Bangladesh,2012,IT.NET.SECR.P6,0.715805298920905
BGD,Bangladesh,2011,IT.NET.SECR.P6,0.475288030406142
BGD,Bangladesh,2010,IT.NET.SECR.P6,0.197106501524445
BRB,Barbados,2024,IT.NET.SECR.P6,1171.81830089887
BRB,Barbados,2023,IT.NET.SECR.P6,1059.02187464581
BRB,Barbados,2022,IT.NET.SECR.P6,981.16308559851
BRB,Barbados,2021,IT.NET.SECR.P6,914.416952864996
BRB,Barbados,2020,IT.NET.SECR.P6,1057.87048541346
BRB,Barbados,2019,IT.NET.SECR.P6,960.146795776777
BRB,Barbados,2018,IT.NET.SECR.P6,887.03328334123
BRB,Barbados,2017,IT.NET.SECR.P6,785.23473164603
BRB,Barbados,2016,IT.NET.SECR.P6,658.087683030637
BRB,Barbados,2015,IT.NET.SECR.P6,587.834689415391
BRB,Barbados,2014,IT.NET.SECR.P6,488.597008061851
BRB,Barbados,2013,IT.NET.SECR.P6,392.559379107918
BRB,Barbados,2012,IT.NET.SECR.P6,299.706071395041
BRB,Barbados,2011,IT.NET.SECR.P6,253.495522182669
BRB,Barbados,2010,IT.NET.SECR.P6,192.557122251974
BLR,Belarus,2024,IT.NET.SECR.P6,12729.5218058239
BLR,Belarus,2023,IT.NET.SECR.P6,11946.8772968583
BLR,Belarus,2022,IT.NET.SECR.P6,10278.4211348179
BLR,Belarus,2021,IT.NET.SECR.P6,9313.43277164358
BLR,Belarus,2020,IT.NET.SECR.P6,7550.57168736045
BLR,Belarus,2019,IT.NET.SECR.P6,5750.67852061592
BLR,Belarus,2018,IT.NET.SECR.P6,3436.88303102571
BLR,Belarus,2017,IT.NET.SECR.P6,2269.27000337985
BLR,Belarus,2016,IT.NET.SECR.P6,440.472390005723
BLR,Belarus,2015,IT.NET.SECR.P6,107.91584382157
BLR,Belarus,2014,IT.NET.SECR.P6,61.2794709009828
BLR,Belarus,2013,IT.NET.SECR.P6,38.7580029716587
BLR,Belarus,2012,IT.NET.SECR.P6,25.5111870260053
BLR,Belarus,2011,IT.NET.SECR.P6,9.08933046829182
BLR,Belarus,2010,IT.NET.SECR.P6,5.06124315097815
BEL,Belgium,2024,IT.NET.SECR.P6,36731.8766702
BEL,Belgium,2023,IT.NET.SECR.P6,33664.5855592207
BEL,Belgium,2022,IT.NET.SECR.P6,30850.8151822613
BEL,Belgium,2021,IT.NET.SECR.P6,28369.365438783
BEL,Belgium,2020,IT.NET.SECR.P6,24215.3210215031
BEL,Belgium,2019,IT.NET.SECR.P6,19655.5307781892
BEL,Belgium,2018,IT.NET.SECR.P6,13973.2427973124
BEL,Belgium,2017,IT.NET.SECR.P6,8300.54404519041
BEL,Belgium,2016,IT.NET.SECR.P6,3047.27862045911
BEL,Belgium,2015,IT.NET.SECR.P6,2038.46021481266
BEL,Belgium,2014,IT.NET.SECR.P6,1610.03731179171
BEL,Belgium,2013,IT.NET.SECR.P6,1260.55085185082
BEL,Belgium,2012,IT.NET.SECR.P6,957.330070986299
BEL,Belgium,2011,IT.NET.SECR.P6,597.920107727085
BEL,Belgium,2010,IT.NET.SECR.P6,401.814092422381
BLZ,Belize,2024,IT.NET.SECR.P6,464560.075958108
BLZ,Belize,2023,IT.NET.SECR.P6,405693.422134437
BLZ,Belize,2022,IT.NET.SECR.P6,342412.963427382
BLZ,Belize,2021,IT.NET.SECR.P6,319745.235818751
BLZ,Belize,2020,IT.NET.SECR.P6,133632.027675711
BLZ,Belize,2019,IT.NET.SECR.P6,42674.3453706175
BLZ,Belize,2018,IT.NET.SECR.P6,11682.5256557942
BLZ,Belize,2017,IT.NET.SECR.P6,8057.29872830263
BLZ,Belize,2016,IT.NET.SECR.P6,1532.74564373946
BLZ,Belize,2015,IT.NET.SECR.P6,1156.22184866403
BLZ,Belize,2014,IT.NET.SECR.P6,845.458740180498
BLZ,Belize,2013,IT.NET.SECR.P6,1027.43635602572
BLZ,Belize,2012,IT.NET.SECR.P6,989.791097262674
BLZ,Belize,2011,IT.NET.SECR.P6,284.144724379617
BLZ,Belize,2010,IT.NET.SECR.P6,215.460038408094
BEN,Benin,2024,IT.NET.SECR.P6,20.3972640285468
BEN,Benin,2023,IT.NET.SECR.P6,12.4016425727555
BEN,Benin,2022,IT.NET.SECR.P6,8.2125071250767
BEN,Benin,2021,IT.NET.SECR.P6,21.7692479105063
BEN,Benin,2020,IT.NET.SECR.P6,17.2912836857733
BEN,Benin,2019,IT.NET.SECR.P6,9.19323111036553
BEN,Benin,2018,IT.NET.SECR.P6,6.78330341546595
BEN,Benin,2017,IT.NET.SECR.P6,3.90372581558799
BEN,Benin,2016,IT.NET.SECR.P6,2.30811802723955
BEN,Benin,2015,IT.NET.SECR.P6,2.11254941495145
BEN,Benin,2014,IT.NET.SECR.P6,0.997279783398084
BEN,Benin,2013,IT.NET.SECR.P6,0.933808479989511
BEN,Benin,2012,IT.NET.SECR.P6,0.865579620485654
BEN,Benin,2011,IT.NET.SECR.P6,0.297217361892751
BEN,Benin,2010,IT.NET.SECR.P6,0.102067020471786
BMU,Bermuda,2024,IT.NET.SECR.P6,4347.42248901541
BMU,Bermuda,2023,IT.NET.SECR.P6,5718.87848156048
BMU,Bermuda,2022,IT.NET.SECR.P6,5498.15441165114
BMU,Bermuda,2021,IT.NET.SECR.P6,6171.88466773914
BMU,Bermuda,2020,IT.NET.SECR.P6,7517.62915100494
BMU,Bermuda,2019,IT.NET.SECR.P6,7674.66891291123
BMU,Bermuda,2018,IT.NET.SECR.P6,8162.17825194655
BMU,Bermuda,2017,IT.NET.SECR.P6,7911.54172827078
BMU,Bermuda,2016,IT.NET.SECR.P6,8274.36208608489
BMU,Bermuda,2015,IT.NET.SECR.P6,8319.67729736544
BMU,Bermuda,2014,IT.NET.SECR.P6,7964.86643894914
BMU,Bermuda,2013,IT.NET.SECR.P6,7455.87818919684
BMU,Bermuda,2012,IT.NET.SECR.P6,6803.25550702322
BMU,Bermuda,2011,IT.NET.SECR.P6,5601.49373166178
BMU,Bermuda,2010,IT.NET.SECR.P6,3640.64338956454
BTN,Bhutan,2024,IT.NET.SECR.P6,1339.18870432229
BTN,Bhutan,2023,IT.NET.SECR.P6,1227.13429172733
BTN,Bhutan,2022,IT.NET.SECR.P6,1024.44059140955
BTN,Bhutan,2021,IT.NET.SECR.P6,816.308634301469
BTN,Bhutan,2020,IT.NET.SECR.P6,684.410251348691
BTN,Bhutan,2019,IT.NET.SECR.P6,477.233978013242
BTN,Bhutan,2018,IT.NET.SECR.P6,176.371717873694
BTN,Bhutan,2017,IT.NET.SECR.P6,116.659044058674
BTN,Bhutan,2016,IT.NET.SECR.P6,36.1027242848318
BTN,Bhutan,2015,IT.NET.SECR.P6,18.9031322490137
BTN,Bhutan,2014,IT.NET.SECR.P6,17.7319716997732
BTN,Bhutan,2013,IT.NET.SECR.P6,9.65153811047702
BTN,Bhutan,2012,IT.NET.SECR.P6,11.1532611438506
BTN,Bhutan,2011,IT.NET.SECR.P6,2.81937531101234
BTN,Bhutan,2010,IT.NET.SECR.P6,1.42524856334945
BOL,Bolivia,2024,IT.NET.SECR.P6,364.447369618833
BOL,Bolivia,2023,IT.NET.SECR.P6,326.60471004991
BOL,Bolivia,2022,IT.NET.SECR.P6,275.975614784741
BOL,Bolivia,2021,IT.NET.SECR.P6,244.526427953919
BOL,Bolivia,2020,IT.NET.SECR.P6,207.509982609614
BOL,Bolivia,2019,IT.NET.SECR.P6,170.245419010219
BOL,Bolivia,2018,IT.NET.SECR.P6,128.428288007474
BOL,Bolivia,2017,IT.NET.SECR.P6,108.069161089778
BOL,Bolivia,2016,IT.NET.SECR.P6,37.3881263181998
BOL,Bolivia,2015,IT.NET.SECR.P6,26.3284400263103
BOL,Bolivia,2014,IT.NET.SECR.P6,18.250718414643
BOL,Bolivia,2013,IT.NET.SECR.P6,14.0415149558984
BOL,Bolivia,2012,IT.NET.SECR.P6,10.3653480897852
BOL,Bolivia,2011,IT.NET.SECR.P6,8.02015358304226
BOL,Bolivia,2010,IT.NET.SECR.P6,5.69613384736031
BIH,Bosnia and Herzegovina,2024,IT.NET.SECR.P6,5554.23349523568
BIH,Bosnia and Herzegovina,2023,IT.NET.SECR.P6,5345.87433317855
BIH,Bosnia and Herzegovina,2022,IT.NET.SECR.P6,4776.58214142403
BIH,Bosnia and Herzegovina,2021,IT.NET.SECR.P6,3956.6619320677
BIH,Bosnia and Herzegovina,2020,IT.NET.SECR.P6,3146.68136047445
BIH,Bosnia and Herzegovina,2019,IT.NET.SECR.P6,2620.80810441864
BIH,Bosnia and Herzegovina,2018,IT.NET.SECR.P6,1898.73043991733
BIH,Bosnia and Herzegovina,2017,IT.NET.SECR.P6,1465.28607785732
BIH,Bosnia and Herzegovina,2016,IT.NET.SECR.P6,183.702691877894
BIH,Bosnia and Herzegovina,2015,IT.NET.SECR.P6,80.1468563248233
BIH,Bosnia and Herzegovina,2014,IT.NET.SECR.P6,60.3114483191199
BIH,Bosnia and Herzegovina,2013,IT.NET.SECR.P6,40.7105345293184
BIH,Bosnia and Herzegovina,2012,IT.NET.SECR.P6,33.2414833003779
BIH,Bosnia and Herzegovina,2011,IT.NET.SECR.P6,17.638579100208
BIH,Bosnia and Herzegovina,2010,IT.NET.SECR.P6,11.5440963491271
BWA,Botswana,2024,IT.NET.SECR.P6,471.215589461747
BWA,Botswana,2023,IT.NET.SECR.P6,441.085635122996
BWA,Botswana,2022,IT.NET.SECR.P6,369.688494408769
BWA,Botswana,2021,IT.NET.SECR.P6,335.215397754931
BWA,Botswana,2020,IT.NET.SECR.P6,262.057387186408
BWA,Botswana,2019,IT.NET.SECR.P6,208.397385513294
BWA,Botswana,2018,IT.NET.SECR.P6,130.918460416303
BWA,Botswana,2017,IT.NET.SECR.P6,66.615286134712
BWA,Botswana,2016,IT.NET.SECR.P6,49.2219354422994
BWA,Botswana,2015,IT.NET.SECR.P6,34.0402664581284
BWA,Botswana,2014,IT.NET.SECR.P6,18.4158331967492
BWA,Botswana,2013,IT.NET.SECR.P6,10.2770986068926
BWA,Botswana,2012,IT.NET.SECR.P6,9.48488985908773
BWA,Botswana,2011,IT.NET.SECR.P6,5.78721844579426
BWA,Botswana,2010,IT.NET.SECR.P6,4.42671354392357
BRA,Brazil,2024,IT.NET.SECR.P6,6941.17408045006
BRA,Brazil,2023,IT.NET.SECR.P6,5628.66295682819
BRA,Brazil,2022,IT.NET.SECR.P6,4685.09246377482
BRA,Brazil,2021,IT.NET.SECR.P6,3546.59010881655
BRA,Brazil,2020,IT.NET.SECR.P6,3144.86893520731
BRA,Brazil,2019,IT.NET.SECR.P6,2788.39613470957
BRA,Brazil,2018,IT.NET.SECR.P6,2069.60200203718
BRA,Brazil,2017,IT.NET.SECR.P6,1605.82544177505
BRA,Brazil,2016,IT.NET.SECR.P6,415.986539467638
BRA,Brazil,2015,IT.NET.SECR.P6,161.164815967859
BRA,Brazil,2014,IT.NET.SECR.P6,113.841545053971
BRA,Brazil,2013,IT.NET.SECR.P6,87.9491616360537
BRA,Brazil,2012,IT.NET.SECR.P6,71.4103906694906
BRA,Brazil,2011,IT.NET.SECR.P6,44.5964199126799
BRA,Brazil,2010,IT.NET.SECR.P6,28.5438561636627
VGB,British Virgin Islands,2024,IT.NET.SECR.P6,1443008.79126447
VGB,British Virgin Islands,2023,IT.NET.SECR.P6,1982403.48852123
VGB,British Virgin Islands,2022,IT.NET.SECR.P6,3262663.43067408
VGB,British Virgin Islands,2021,IT.NET.SECR.P6,1797058.90131979
VGB,British Virgin Islands,2020,IT.NET.SECR.P6,603419.954221085
VGB,British Virgin Islands,2019,IT.NET.SECR.P6,113147.410358566
VGB,British Virgin Islands,2018,IT.NET.SECR.P6,284386.992526762
VGB,British Virgin Islands,2017,IT.NET.SECR.P6,321600.04893116
VGB,British Virgin Islands,2016,IT.NET.SECR.P6,18714.2098116772
VGB,British Virgin Islands,2015,IT.NET.SECR.P6,32204.7654936518
VGB,British Virgin Islands,2014,IT.NET.SECR.P6,13409.3804987561
VGB,British Virgin Islands,2013,IT.NET.SECR.P6,8201.11661356969
VGB,British Virgin Islands,2012,IT.NET.SECR.P6,2504.53122425441
VGB,British Virgin Islands,2011,IT.NET.SECR.P6,766.283524904215
VGB,British Virgin Islands,2010,IT.NET.SECR.P6,614.272809394761
BRN,Brunei Darussalam,2024,IT.NET.SECR.P6,16128.509404155
BRN,Brunei Darussalam,2023,IT.NET.SECR.P6,8774.3954121264
BRN,Brunei Darussalam,2022,IT.NET.SECR.P6,21094.9337901047
BRN,Brunei Darussalam,2021,IT.NET.SECR.P6,14092.769652064
BRN,Brunei Darussalam,2020,IT.NET.SECR.P6,15399.9517214866
BRN,Brunei Darussalam,2019,IT.NET.SECR.P6,10492.9068401554
BRN,Brunei Darussalam,2018,IT.NET.SECR.P6,1948.33375208424
BRN,Brunei Darussalam,2017,IT.NET.SECR.P6,1589.75164751879
BRN,Brunei Darussalam,2016,IT.NET.SECR.P6,601.079604456877
BRN,Brunei Darussalam,2015,IT.NET.SECR.P6,563.69785794814
BRN,Brunei Darussalam,2014,IT.NET.SECR.P6,237.5524895021
BRN,Brunei Darussalam,2013,IT.NET.SECR.P6,148.345581976741
BRN,Brunei Darussalam,2012,IT.NET.SECR.P6,120.821487485113
BRN,Brunei Darussalam,2011,IT.NET.SECR.P6,57.5879656174807
BRN,Brunei Darussalam,2010,IT.NET.SECR.P6,40.781786853991
BGR,Bulgaria,2024,IT.NET.SECR.P6,50750.6030113542
BGR,Bulgaria,2023,IT.NET.SECR.P6,54104.3676383629
BGR,Bulgaria,2022,IT.NET.SECR.P6,57819.5501165721
BGR,Bulgaria,2021,IT.NET.SECR.P6,55100.7245553879
BGR,Bulgaria,2020,IT.NET.SECR.P6,50889.4016757914
BGR,Bulgaria,2019,IT.NET.SECR.P6,42421.4331982313
BGR,Bulgaria,2018,IT.NET.SECR.P6,40013.7211699711
BGR,Bulgaria,2017,IT.NET.SECR.P6,33602.2746046575
BGR,Bulgaria,2016,IT.NET.SECR.P6,4180.50752965671
BGR,Bulgaria,2015,IT.NET.SECR.P6,698.717466862823
BGR,Bulgaria,2014,IT.NET.SECR.P6,648.752850752067
BGR,Bulgaria,2013,IT.NET.SECR.P6,327.23440835586
BGR,Bulgaria,2012,IT.NET.SECR.P6,251.714781283261
BGR,Bulgaria,2011,IT.NET.SECR.P6,101.383607264129
BGR,Bulgaria,2010,IT.NET.SECR.P6,62.3343693999634
BFA,Burkina Faso,2024,IT.NET.SECR.P6,28.8337642615132
BFA,Burkina Faso,2023,IT.NET.SECR.P6,22.583386549057
BFA,Burkina Faso,2022,IT.NET.SECR.P6,21.7246068001662
BFA,Burkina Faso,2021,IT.NET.SECR.P6,11.0478433905004
BFA,Burkina Faso,2020,IT.NET.SECR.P6,5.81972178005269
BFA,Burkina Faso,2019,IT.NET.SECR.P6,3.29167817958938
BFA,Burkina Faso,2018,IT.NET.SECR.P6,2.44638885605291
BFA,Burkina Faso,2017,IT.NET.SECR.P6,1.85981919440977
BFA,Burkina Faso,2016,IT.NET.SECR.P6,1.75848219402306
BFA,Burkina Faso,2015,IT.NET.SECR.P6,1.43789208854199
BFA,Burkina Faso,2014,IT.NET.SECR.P6,0.713131342720446
BFA,Burkina Faso,2013,IT.NET.SECR.P6,0.67814199717
BFA,Burkina Faso,2012,IT.NET.SECR.P6,0.582333616949216
BFA,Burkina Faso,2011,IT.NET.SECR.P6,0.240068544370789
BFA,Burkina Faso,2010,IT.NET.SECR.P6,0.247272308258561
BDI,Burundi,2024,IT.NET.SECR.P6,10.6066536036355
BDI,Burundi,2023,IT.NET.SECR.P6,10.2999024796467
BDI,Burundi,2022,IT.NET.SECR.P6,10.8099205343224
BDI,Burundi,2021,IT.NET.SECR.P6,6.32448576338973
BDI,Burundi,2020,IT.NET.SECR.P6,8.16356551570432
BDI,Burundi,2019,IT.NET.SECR.P6,8.64929366277677
BDI,Burundi,2018,IT.NET.SECR.P6,5.64950504433344
BDI,Burundi,2017,IT.NET.SECR.P6,4.34527106756879
BDI,Burundi,2016,IT.NET.SECR.P6,1.42355707587497
BDI,Burundi,2015,IT.NET.SECR.P6,0.724140490496561
BDI,Burundi,2014,IT.NET.SECR.P6,0.555566615446511
BDI,Burundi,2013,IT.NET.SECR.P6,0.287374461663816
BDI,Burundi,2012,IT.NET.SECR.P6,0.397178917584183
BDI,Burundi,2011,IT.NET.SECR.P6,0.411608258425775
BDI,Burundi,2010,IT.NET.SECR.P6,0.426600958742995
CPV,Cabo Verde,2024,IT.NET.SECR.P6,857.34372052881
CPV,Cabo Verde,2023,IT.NET.SECR.P6,951.503931415137
CPV,Cabo Verde,2022,IT.NET.SECR.P6,777.310237214305
CPV,Cabo Verde,2021,IT.NET.SECR.P6,648.40926818788
CPV,Cabo Verde,2020,IT.NET.SECR.P6,192.352903460215
CPV,Cabo Verde,2019,IT.NET.SECR.P6,587.429780744752
CPV,Cabo Verde,2018,IT.NET.SECR.P6,527.838103678311
CPV,Cabo Verde,2017,IT.NET.SECR.P6,272.961416903721
CPV,Cabo Verde,2016,IT.NET.SECR.P6,117.060836516738
CPV,Cabo Verde,2015,IT.NET.SECR.P6,76.1133034344664
CPV,Cabo Verde,2014,IT.NET.SECR.P6,76.1234058002131
CPV,Cabo Verde,2013,IT.NET.SECR.P6,62.4725462443262
CPV,Cabo Verde,2012,IT.NET.SECR.P6,60.5521969704369
CPV,Cabo Verde,2011,IT.NET.SECR.P6,27.3733153190849
CPV,Cabo Verde,2010,IT.NET.SECR.P6,23.5393813850572
KHM,Cambodia,2024,IT.NET.SECR.P6,817.289111657873
KHM,Cambodia,2023,IT.NET.SECR.P6,223.199425156739
KHM,Cambodia,2022,IT.NET.SECR.P6,183.469982427343
KHM,Cambodia,2021,IT.NET.SECR.P6,166.36910907398
KHM,Cambodia,2020,IT.NET.SECR.P6,188.455047671594
KHM,Cambodia,2019,IT.NET.SECR.P6,159.332052852129
KHM,Cambodia,2018,IT.NET.SECR.P6,80.98548147835
KHM,Cambodia,2017,IT.NET.SECR.P6,54.9355791678311
KHM,Cambodia,2016,IT.NET.SECR.P6,20.3749456799533
KHM,Cambodia,2015,IT.NET.SECR.P6,10.1131320235462
KHM,Cambodia,2014,IT.NET.SECR.P6,4.61135619855902
KHM,Cambodia,2013,IT.NET.SECR.P6,3.95512045714864
KHM,Cambodia,2012,IT.NET.SECR.P6,2.94411172636355
KHM,Cambodia,2011,IT.NET.SECR.P6,1.22261146548731
KHM,Cambodia,2010,IT.NET.SECR.P6,0.689620643821558
CMR,Cameroon,2024,IT.NET.SECR.P6,25.168467350901
CMR,Cameroon,2023,IT.NET.SECR.P6,17.0586592662161
CMR,Cameroon,2022,IT.NET.SECR.P6,15.1993442858119
CMR,Cameroon,2021,IT.NET.SECR.P6,17.4618897970475
CMR,Cameroon,2020,IT.NET.SECR.P6,16.9397385587899
CMR,Cameroon,2019,IT.NET.SECR.P6,15.3688755569992
CMR,Cameroon,2018,IT.NET.SECR.P6,5.52277210264794
CMR,Cameroon,2017,IT.NET.SECR.P6,8.70336411132995
CMR,Cameroon,2016,IT.NET.SECR.P6,2.85663597175785
CMR,Cameroon,2015,IT.NET.SECR.P6,2.28436736247032
CMR,Cameroon,2014,IT.NET.SECR.P6,1.85857655791893
CMR,Cameroon,2013,IT.NET.SECR.P6,1.30826596075127
CMR,Cameroon,2012,IT.NET.SECR.P6,0.913043250522393
CMR,Cameroon,2011,IT.NET.SECR.P6,0.4448331737206
CMR,Cameroon,2010,IT.NET.SECR.P6,0.355906879710491
CAN,Canada,2024,IT.NET.SECR.P6,39738.0380540323
CAN,Canada,2023,IT.NET.SECR.P6,42601.5943234463
CAN,Canada,2022,IT.NET.SECR.P6,43637.3874162994
CAN,Canada,2021,IT.NET.SECR.P6,43542.2312171403
CAN,Canada,2020,IT.NET.SECR.P6,39858.7243645171
CAN,Canada,2019,IT.NET.SECR.P6,35872.9396271701
CAN,Canada,2018,IT.NET.SECR.P6,30940.812923392
CAN,Canada,2017,IT.NET.SECR.P6,26565.3853494623
CAN,Canada,2016,IT.NET.SECR.P6,10221.068747765
CAN,Canada,2015,IT.NET.SECR.P6,3386.74415755684
CAN,Canada,2014,IT.NET.SECR.P6,2698.08155801256
CAN,Canada,2013,IT.NET.SECR.P6,2363.0175566301
CAN,Canada,2012,IT.NET.SECR.P6,2146.14560171945
CAN,Canada,2011,IT.NET.SECR.P6,1641.94173187563
CAN,Canada,2010,IT.NET.SECR.P6,1282.65969830766
CYM,Cayman Islands,2024,IT.NET.SECR.P6,26673.1133405858
CYM,Cayman Islands,2023,IT.NET.SECR.P6,26561.5159232181
CYM,Cayman Islands,2022,IT.NET.SECR.P6,5182.21564163093
CYM,Cayman Islands,2021,IT.NET.SECR.P6,5762.53779882467
CYM,Cayman Islands,2020,IT.NET.SECR.P6,29147.9820627803
CYM,Cayman Islands,2019,IT.NET.SECR.P6,16353.0233041722
CYM,Cayman Islands,2018,IT.NET.SECR.P6,11222.1531368951
CYM,Cayman Islands,2017,IT.NET.SECR.P6,5950.25954908189
CYM,Cayman Islands,2016,IT.NET.SECR.P6,5182.25039619651
CYM,Cayman Islands,2015,IT.NET.SECR.P6,4980.37052658901
CYM,Cayman Islands,2014,IT.NET.SECR.P6,4388.29787234043
CYM,Cayman Islands,2013,IT.NET.SECR.P6,3835.99011166993
CYM,Cayman Islands,2012,IT.NET.SECR.P6,4060.48725847102
CYM,Cayman Islands,2011,IT.NET.SECR.P6,3057.22404057116
CYM,Cayman Islands,2010,IT.NET.SECR.P6,1756.03985286235
CAF,Central African Republic,2024,IT.NET.SECR.P6,1.68833678191754
CAF,Central African Republic,2023,IT.NET.SECR.P6,2.5230857493982
CAF,Central African Republic,2022,IT.NET.SECR.P6,1.96153854452663
CAF,Central African Republic,2021,IT.NET.SECR.P6,0.978071633966472
CAF,Central African Republic,2020,IT.NET.SECR.P6,1.1936431341249
CAF,Central African Republic,2019,IT.NET.SECR.P6,1.01118307813432
CAF,Central African Republic,2018,IT.NET.SECR.P6,0.614923328284813
CAF,Central African Republic,2017,IT.NET.SECR.P6,0.417230710433334
CAF,Central African Republic,2016,IT.NET.SECR.P6,0.21214923510654
CAF,Central African Republic,2015,IT.NET.SECR.P6,0.216014447046218
CAF,Central African Republic,2014,IT.NET.SECR.P6,0.21630124014153
CAF,Central African Republic,2013,IT.NET.SECR.P6,0.0
TCD,Chad,2024,IT.NET.SECR.P6,1.23158030029179
TCD,Chad,2023,IT.NET.SECR.P6,1.24229621062387
TCD,Chad,2022,IT.NET.SECR.P6,0.866958875155538
TCD,Chad,2021,IT.NET.SECR.P6,1.23399501454796
TCD,Chad,2020,IT.NET.SECR.P6,1.21918092058494
TCD,Chad,2019,IT.NET.SECR.P6,0.659265986436022
TCD,Chad,2018,IT.NET.SECR.P6,0.433261323238262
TCD,Chad,2017,IT.NET.SECR.P6,0.576082624074275
TCD,Chad,2016,IT.NET.SECR.P6,0.330804771924996
TCD,Chad,2015,IT.NET.SECR.P6,0.341352360222865
TCD,Chad,2014,IT.NET.SECR.P6,0.140957459179777
TCD,Chad,2013,IT.NET.SECR.P6,0.14608052440571
TCD,Chad,2012,IT.NET.SECR.P6,0.0756945084693829
TCD,Chad,2011,IT.NET.SECR.P6,0.156801291289994
TCD,Chad,2010,IT.NET.SECR.P6,0.081217779384085
CHL,Chile,2024,IT.NET.SECR.P6,11912.6095617298
CHL,Chile,2023,IT.NET.SECR.P6,12299.9658931976
CHL,Chile,2022,IT.NET.SECR.P6,11563.2682310819
CHL,Chile,2021,IT.NET.SECR.P6,12724.956304718
CHL,Chile,2020,IT.NET.SECR.P6,12744.8656274573
CHL,Chile,2019,IT.NET.SECR.P6,10872.7358797992
CHL,Chile,2018,IT.NET.SECR.P6,8003.20072982907
CHL,Chile,2017,IT.NET.SECR.P6,7223.60868130535
CHL,Chile,2016,IT.NET.SECR.P6,1233.24724652973
CHL,Chile,2015,IT.NET.SECR.P6,223.021034623669
CHL,Chile,2014,IT.NET.SECR.P6,164.183160786142
CHL,Chile,2013,IT.NET.SECR.P6,126.59010801489
CHL,Chile,2012,IT.NET.SECR.P6,102.231168131229
CHL,Chile,2011,IT.NET.SECR.P6,63.970249569267
CHL,Chile,2010,IT.NET.SECR.P6,45.9797837949083
CHN,China,2024,IT.NET.SECR.P6,1413.32103124612
CHN,China,2023,IT.NET.SECR.P6,1508.37096213963
CHN,China,2022,IT.NET.SECR.P6,1317.31265600935
CHN,China,2021,IT.NET.SECR.P6,1083.91132572432
CHN,China,2020,IT.NET.SECR.P6,948.458649280703
CHN,China,2019,IT.NET.SECR.P6,729.738695573417
CHN,China,2018,IT.NET.SECR.P6,443.51278907297
CHN,China,2017,IT.NET.SECR.P6,207.64925172699
CHN,China,2016,IT.NET.SECR.P6,47.5965383811672
CHN,China,2015,IT.NET.SECR.P6,19.5592306465873
CHN,China,2014,IT.NET.SECR.P6,9.70507194611695
CHN,China,2013,IT.NET.SECR.P6,5.13409230949796
CHN,China,2012,IT.NET.SECR.P6,3.76608895354419
CHN,China,2011,IT.NET.SECR.P6,1.95608292721007
CHN,China,2010,IT.NET.SECR.P6,1.19906855397864
COL,Colombia,2024,IT.NET.SECR.P6,1126.20714719974
COL,Colombia,2023,IT.NET.SECR.P6,1109.11166481961
COL,Colombia,2022,IT.NET.SECR.P6,669.643927095364
COL,Colombia,2021,IT.NET.SECR.P6,646.067207751291
COL,Colombia,2020,IT.NET.SECR.P6,407.78197162445
COL,Colombia,2019,IT.NET.SECR.P6,787.409068909514
COL,Colombia,2018,IT.NET.SECR.P6,659.629839917682
COL,Colombia,2017,IT.NET.SECR.P6,470.382151008544
COL,Colombia,2016,IT.NET.SECR.P6,324.953804491264
COL,Colombia,2015,IT.NET.SECR.P6,72.1525298946518
COL,Colombia,2014,IT.NET.SECR.P6,55.2126342484679
COL,Colombia,2013,IT.NET.SECR.P6,41.6670422406304
COL,Colombia,2012,IT.NET.SECR.P6,30.645853152334
COL,Colombia,2011,IT.NET.SECR.P6,15.0244321571103
COL,Colombia,2010,IT.NET.SECR.P6,10.608049133089
COM,Comoros,2024,IT.NET.SECR.P6,16.1545668960615
COM,Comoros,2023,IT.NET.SECR.P6,18.8149630697553
COM,Comoros,2022,IT.NET.SECR.P6,26.3729519005308
COM,Comoros,2021,IT.NET.SECR.P6,18.3335085201925
COM,Comoros,2020,IT.NET.SECR.P6,9.97303540552232
COM,Comoros,2019,IT.NET.SECR.P6,7.62797840773579
COM,Comoros,2018,IT.NET.SECR.P6,7.77615054627458
COM,Comoros,2017,IT.NET.SECR.P6,5.28632731088494
COM,Comoros,2016,IT.NET.SECR.P6,63.3644358340715
COM,Comoros,2015,IT.NET.SECR.P6,1.37611775164377
COM,Comoros,2014,IT.NET.SECR.P6,4.21642635378909
COM,Comoros,2013,IT.NET.SECR.P6,1.43638536495679
COM,Comoros,2012,IT.NET.SECR.P6,0.0
COM,Comoros,2011,IT.NET.SECR.P6,1.49688050103584
COM,Comoros,2010,IT.NET.SECR.P6,0.0
COD,"Congo, Dem. Rep.",2024,IT.NET.SECR.P6,9.66358065038185
COD,"Congo, Dem. Rep.",2023,IT.NET.SECR.P6,8.82883424668128
COD,"Congo, Dem. Rep.",2022,IT.NET.SECR.P6,5.95720763919494
COD,"Congo, Dem. Rep.",2021,IT.NET.SECR.P6,4.70000019768241
COD,"Congo, Dem. Rep.",2020,IT.NET.SECR.P6,3.59412446284247
COD,"Congo, Dem. Rep.",2019,IT.NET.SECR.P6,2.8295560839641
COD,"Congo, Dem. Rep.",2018,IT.NET.SECR.P6,2.63194004276225
COD,"Congo, Dem. Rep.",2017,IT.NET.SECR.P6,2.38851497273912
COD,"Congo, Dem. Rep.",2016,IT.NET.SECR.P6,0.5955471061979
COD,"Congo, Dem. Rep.",2015,IT.NET.SECR.P6,0.48127037015405
COD,"Congo, Dem. Rep.",2014,IT.NET.SECR.P6,0.331618939941285
COD,"Congo, Dem. Rep.",2013,IT.NET.SECR.P6,0.145139039571433
COD,"Congo, Dem. Rep.",2012,IT.NET.SECR.P6,0.163812198160667
COD,"Congo, Dem. Rep.",2011,IT.NET.SECR.P6,0.0705723165042494
COD,"Congo, Dem. Rep.",2010,IT.NET.SECR.P6,0.0583404720193408
COG,"Congo, Rep.",2024,IT.NET.SECR.P6,16.5799220933146
COG,"Congo, Rep.",2023,IT.NET.SECR.P6,18.5997313551845
COG,"Congo, Rep.",2022,IT.NET.SECR.P6,11.7645031469217
COG,"Congo, Rep.",2021,IT.NET.SECR.P6,10.1829831150865
COG,"Congo, Rep.",2020,IT.NET.SECR.P6,7.99611875348852
COG,"Congo, Rep.",2019,IT.NET.SECR.P6,5.87537684756121
COG,"Congo, Rep.",2018,IT.NET.SECR.P6,5.83609544788203
COG,"Congo, Rep.",2017,IT.NET.SECR.P6,4.48513374388503
COG,"Congo, Rep.",2016,IT.NET.SECR.P6,4.40399070489892
COG,"Congo, Rep.",2015,IT.NET.SECR.P6,3.53108660754974
COG,"Congo, Rep.",2014,IT.NET.SECR.P6,3.01454215133806
COG,"Congo, Rep.",2013,IT.NET.SECR.P6,1.85295790759052
COG,"Congo, Rep.",2012,IT.NET.SECR.P6,1.68760349755825
COG,"Congo, Rep.",2011,IT.NET.SECR.P6,0.216932727425763
COG,"Congo, Rep.",2010,IT.NET.SECR.P6,0.0
CRI,Costa Rica,2024,IT.NET.SECR.P6,1999.84015314109
CRI,Costa Rica,2023,IT.NET.SECR.P6,1956.70376699752
CRI,Costa Rica,2022,IT.NET.SECR.P6,1892.8462847062
CRI,Costa Rica,2021,IT.NET.SECR.P6,1720.95269791154
CRI,Costa Rica,2020,IT.NET.SECR.P6,1335.23494732158
CRI,Costa Rica,2019,IT.NET.SECR.P6,1322.91826889324
CRI,Costa Rica,2018,IT.NET.SECR.P6,1216.05916151016
CRI,Costa Rica,2017,IT.NET.SECR.P6,1170.11864217389
CRI,Costa Rica,2016,IT.NET.SECR.P6,493.117112437687
CRI,Costa Rica,2015,IT.NET.SECR.P6,314.858454831614
CRI,Costa Rica,2014,IT.NET.SECR.P6,306.893954189102
CRI,Costa Rica,2013,IT.NET.SECR.P6,274.376519646228
CRI,Costa Rica,2012,IT.NET.SECR.P6,164.453442094163
CRI,Costa Rica,2011,IT.NET.SECR.P6,138.616735139863
CRI,Costa Rica,2010,IT.NET.SECR.P6,104.039498134532
CIV,Cote d'Ivoire,2024,IT.NET.SECR.P6,60.7498599465213
CIV,Cote d'Ivoire,2023,IT.NET.SECR.P6,63.4352162159023
CIV,Cote d'Ivoire,2022,IT.NET.SECR.P6,65.8331919175396
CIV,Cote d'Ivoire,2021,IT.NET.SECR.P6,56.4444973464001
CIV,Cote d'Ivoire,2020,IT.NET.SECR.P6,51.6332981721985
CIV,Cote d'Ivoire,2019,IT.NET.SECR.P6,40.612905135454
CIV,Cote d'Ivoire,2018,IT.NET.SECR.P6,10.6320332310753
CIV,Cote d'Ivoire,2017,IT.NET.SECR.P6,7.93016309352969
CIV,Cote d'Ivoire,2016,IT.NET.SECR.P6,5.54071938160954
CIV,Cote d'Ivoire,2015,IT.NET.SECR.P6,4.63433474837662
CIV,Cote d'Ivoire,2014,IT.NET.SECR.P6,3.18011757873186
CIV,Cote d'Ivoire,2013,IT.NET.SECR.P6,2.25566029755919
CIV,Cote d'Ivoire,2012,IT.NET.SECR.P6,1.66190268767164
CIV,Cote d'Ivoire,2011,IT.NET.SECR.P6,0.609172395788008
CIV,Cote d'Ivoire,2010,IT.NET.SECR.P6,0.489148354916263
HRV,Croatia,2024,IT.NET.SECR.P6,29458.6415601883
HRV,Croatia,2023,IT.NET.SECR.P6,29421.5643448716
HRV,Croatia,2022,IT.NET.SECR.P6,29826.9470627582
HRV,Croatia,2021,IT.NET.SECR.P6,25479.3720309535
HRV,Croatia,2020,IT.NET.SECR.P6,23114.2663416284
HRV,Croatia,2019,IT.NET.SECR.P6,23423.1109107989
HRV,Croatia,2018,IT.NET.SECR.P6,20040.4886211932
HRV,Croatia,2017,IT.NET.SECR.P6,14908.4217451991
HRV,Croatia,2016,IT.NET.SECR.P6,1752.91773510075
HRV,Croatia,2015,IT.NET.SECR.P6,643.587906231747
HRV,Croatia,2014,IT.NET.SECR.P6,505.045937283862
HRV,Croatia,2013,IT.NET.SECR.P6,398.920905959061
HRV,Croatia,2012,IT.NET.SECR.P6,313.587934187845
HRV,Croatia,2011,IT.NET.SECR.P6,172.638462354303
HRV,Croatia,2010,IT.NET.SECR.P6,117.799697212873
CUB,Cuba,2024,IT.NET.SECR.P6,192.535681260732
CUB,Cuba,2023,IT.NET.SECR.P6,169.329553878332
CUB,Cuba,2022,IT.NET.SECR.P6,141.322372335174
CUB,Cuba,2021,IT.NET.SECR.P6,108.701828636287
CUB,Cuba,2020,IT.NET.SECR.P6,69.3428286183491
CUB,Cuba,2019,IT.NET.SECR.P6,35.7944757965967
CUB,Cuba,2018,IT.NET.SECR.P6,16.210749722235
CUB,Cuba,2017,IT.NET.SECR.P6,8.53498039488331
CUB,Cuba,2016,IT.NET.SECR.P6,2.84050258432476
CUB,Cuba,2015,IT.NET.SECR.P6,0.0886912847065627
CUB,Cuba,2014,IT.NET.SECR.P6,0.0886071182528448
CUB,Cuba,2012,IT.NET.SECR.P6,0.0
CUB,Cuba,2011,IT.NET.SECR.P6,0.0
CUB,Cuba,2010,IT.NET.SECR.P6,0.0885158712055127
CUW,Curacao,2024,IT.NET.SECR.P6,5071.58565594004
CUW,Curacao,2023,IT.NET.SECR.P6,4597.35926649165
CUW,Curacao,2022,IT.NET.SECR.P6,4956.92044794907
CUW,Curacao,2021,IT.NET.SECR.P6,4897.75768441292
CUW,Curacao,2020,IT.NET.SECR.P6,4727.23530698087
CUW,Curacao,2019,IT.NET.SECR.P6,4109.47593066609
CUW,Curacao,2018,IT.NET.SECR.P6,3797.00758146307
CUW,Curacao,2017,IT.NET.SECR.P6,3165.28796628687
CUW,Curacao,2016,IT.NET.SECR.P6,2912.36596853392
CUW,Curacao,2015,IT.NET.SECR.P6,2525.6361564755
CUW,Curacao,2014,IT.NET.SECR.P6,1455.97752535133
CUW,Curacao,2013,IT.NET.SECR.P6,1313.20617336922
CUW,Curacao,2012,IT.NET.SECR.P6,13.1502814160223
CUW,Curacao,2011,IT.NET.SECR.P6,0.0
CUW,Curacao,2010,IT.NET.SECR.P6,0.0
CYP,Cyprus,2024,IT.NET.SECR.P6,221297.933713323
CYP,Cyprus,2023,IT.NET.SECR.P6,557174.254410488
CYP,Cyprus,2022,IT.NET.SECR.P6,58909.2438615862
CYP,Cyprus,2021,IT.NET.SECR.P6,55321.8720892365
CYP,Cyprus,2020,IT.NET.SECR.P6,23168.4158228047
CYP,Cyprus,2019,IT.NET.SECR.P6,7658.52342984337
CYP,Cyprus,2018,IT.NET.SECR.P6,5963.46844390303
CYP,Cyprus,2017,IT.NET.SECR.P6,16331.3467939646
CYP,Cyprus,2016,IT.NET.SECR.P6,4304.3798782972
CYP,Cyprus,2015,IT.NET.SECR.P6,2263.21892051018
CYP,Cyprus,2014,IT.NET.SECR.P6,2326.50829879489
CYP,Cyprus,2013,IT.NET.SECR.P6,947.719181177385
CYP,Cyprus,2012,IT.NET.SECR.P6,1467.31113946578
CYP,Cyprus,2011,IT.NET.SECR.P6,398.60688203068
CYP,Cyprus,2010,IT.NET.SECR.P6,272.207523213006
CZE,Czechia,2024,IT.NET.SECR.P6,79335.8806598204
CZE,Czechia,2023,IT.NET.SECR.P6,80152.0281309664
CZE,Czechia,2022,IT.NET.SECR.P6,85606.0624517083
CZE,Czechia,2021,IT.NET.SECR.P6,75932.7348813586
CZE,Czechia,2020,IT.NET.SECR.P6,67601.7572863652
CZE,Czechia,2019,IT.NET.SECR.P6,56186.8725912141
CZE,Czechia,2018,IT.NET.SECR.P6,42344.5953726121
CZE,Czechia,2017,IT.NET.SECR.P6,25419.9420488373
CZE,Czechia,2016,IT.NET.SECR.P6,11991.389254095
CZE,Czechia,2015,IT.NET.SECR.P6,2048.8222188023
CZE,Czechia,2014,IT.NET.SECR.P6,1417.62547116024
CZE,Czechia,2013,IT.NET.SECR.P6,1079.86553895505
CZE,Czechia,2012,IT.NET.SECR.P6,834.666487802766
CZE,Czechia,2011,IT.NET.SECR.P6,470.079900244739
CZE,Czechia,2010,IT.NET.SECR.P6,305.506467667391
DNK,Denmark,2024,IT.NET.SECR.P6,246545.586810222
DNK,Denmark,2023,IT.NET.SECR.P6,261262.408036924
DNK,Denmark,2022,IT.NET.SECR.P6,258760.024712703
DNK,Denmark,2021,IT.NET.SECR.P6,259654.486554193
DNK,Denmark,2020,IT.NET.SECR.P6,277081.814259482
DNK,Denmark,2019,IT.NET.SECR.P6,277330.575592896
DNK,Denmark,2018,IT.NET.SECR.P6,123154.440492982
DNK,Denmark,2017,IT.NET.SECR.P6,43757.82743392
DNK,Denmark,2016,IT.NET.SECR.P6,24041.3337267218
DNK,Denmark,2015,IT.NET.SECR.P6,6004.944503221
DNK,Denmark,2014,IT.NET.SECR.P6,4349.80220520158
DNK,Denmark,2013,IT.NET.SECR.P6,3458.45684328857
DNK,Denmark,2012,IT.NET.SECR.P6,3064.43340083969
DNK,Denmark,2011,IT.NET.SECR.P6,2368.15896105463
DNK,Denmark,2010,IT.NET.SECR.P6,1588.05036264689
DJI,Djibouti,2024,IT.NET.SECR.P6,114.655153235757
DJI,Djibouti,2023,IT.NET.SECR.P6,63.3161714706005
DJI,Djibouti,2022,IT.NET.SECR.P6,55.4042930412208
DJI,Djibouti,2021,IT.NET.SECR.P6,46.3768943177602
DJI,Djibouti,2020,IT.NET.SECR.P6,44.3363482050113
DJI,Djibouti,2019,IT.NET.SECR.P6,40.4148399618263
DJI,Djibouti,2018,IT.NET.SECR.P6,33.5857864951552
DJI,Djibouti,2017,IT.NET.SECR.P6,19.9082136549489
DJI,Djibouti,2016,IT.NET.SECR.P6,10.6008463330227
DJI,Djibouti,2015,IT.NET.SECR.P6,9.80091403324274
DJI,Djibouti,2014,IT.NET.SECR.P6,7.97832289668969
DJI,Djibouti,2013,IT.NET.SECR.P6,4.06163944014362
DJI,Djibouti,2012,IT.NET.SECR.P6,1.03439679668
DJI,Djibouti,2011,IT.NET.SECR.P6,6.32539075101364
DJI,Djibouti,2010,IT.NET.SECR.P6,4.29991475419
DMA,Dominica,2024,IT.NET.SECR.P6,62865.3424967903
DMA,Dominica,2023,IT.NET.SECR.P6,66516.3133363404
DMA,Dominica,2022,IT.NET.SECR.P6,59198.5155478407
DMA,Dominica,2021,IT.NET.SECR.P6,55117.4072200232
DMA,Dominica,2020,IT.NET.SECR.P6,49990.3807733858
DMA,Dominica,2019,IT.NET.SECR.P6,10385.975250442
DMA,Dominica,2018,IT.NET.SECR.P6,6967.46560272245
DMA,Dominica,2017,IT.NET.SECR.P6,7270.49754730203
DMA,Dominica,2016,IT.NET.SECR.P6,5488.03264086429
DMA,Dominica,2015,IT.NET.SECR.P6,269.848032949865
DMA,Dominica,2014,IT.NET.SECR.P6,227.359924971225
DMA,Dominica,2013,IT.NET.SECR.P6,172.129383920247
DMA,Dominica,2012,IT.NET.SECR.P6,202.552157180474
DMA,Dominica,2011,IT.NET.SECR.P6,72.4081502613934
DMA,Dominica,2010,IT.NET.SECR.P6,43.5672896789091
DOM,Dominican Republic,2024,IT.NET.SECR.P6,180.878555232759
DOM,Dominican Republic,2023,IT.NET.SECR.P6,216.480684195454
DOM,Dominican Republic,2022,IT.NET.SECR.P6,183.336191561478
DOM,Dominican Republic,2021,IT.NET.SECR.P6,142.131830014287
DOM,Dominican Republic,2020,IT.NET.SECR.P6,124.905752931879
DOM,Dominican Republic,2019,IT.NET.SECR.P6,111.528841955186
DOM,Dominican Republic,2018,IT.NET.SECR.P6,119.921502890034
DOM,Dominican Republic,2017,IT.NET.SECR.P6,96.7484006280021
DOM,Dominican Republic,2016,IT.NET.SECR.P6,91.9306672176188
DOM,Dominican Republic,2015,IT.NET.SECR.P6,45.7122967707473
DOM,Dominican Republic,2014,IT.NET.SECR.P6,33.7355489704453
DOM,Dominican Republic,2013,IT.NET.SECR.P6,26.4866022427481
DOM,Dominican Republic,2012,IT.NET.SECR.P6,23.7328943178188
DOM,Dominican Republic,2011,IT.NET.SECR.P6,13.5738130379189
DOM,Dominican Republic,2010,IT.NET.SECR.P6,11.7105856056537
ECU,Ecuador,2024,IT.NET.SECR.P6,490.861062498601
ECU,Ecuador,2023,IT.NET.SECR.P6,475.303701323292
ECU,Ecuador,2022,IT.NET.SECR.P6,837.022341410523
ECU,Ecuador,2021,IT.NET.SECR.P6,431.840512634728
ECU,Ecuador,2020,IT.NET.SECR.P6,382.4789204873
ECU,Ecuador,2019,IT.NET.SECR.P6,314.186470708426
ECU,Ecuador,2018,IT.NET.SECR.P6,266.165429497922
ECU,Ecuador,2017,IT.NET.SECR.P6,210.268564390183
ECU,Ecuador,2016,IT.NET.SECR.P6,120.447334614995
ECU,Ecuador,2015,IT.NET.SECR.P6,81.088267253158
ECU,Ecuador,2014,IT.NET.SECR.P6,41.4714597779225
ECU,Ecuador,2013,IT.NET.SECR.P6,30.492572717827
ECU,Ecuador,2012,IT.NET.SECR.P6,23.8245169563133
ECU,Ecuador,2011,IT.NET.SECR.P6,13.7672500870567
ECU,Ecuador,2010,IT.NET.SECR.P6,10.5460779036785
EGY,"Egypt, Arab Rep.",2024,IT.NET.SECR.P6,82.2047640355153
EGY,"Egypt, Arab Rep.",2023,IT.NET.SECR.P6,53.3021246846793
EGY,"Egypt, Arab Rep.",2022,IT.NET.SECR.P6,48.1804680857676
EGY,"Egypt, Arab Rep.",2021,IT.NET.SECR.P6,38.0868236821959
EGY,"Egypt, Arab Rep.",2020,IT.NET.SECR.P6,41.1928362263944
EGY,"Egypt, Arab Rep.",2019,IT.NET.SECR.P6,32.979040931555
EGY,"Egypt, Arab Rep.",2018,IT.NET.SECR.P6,32.7018501355584
EGY,"Egypt, Arab Rep.",2017,IT.NET.SECR.P6,33.6560530937063
EGY,"Egypt, Arab Rep.",2016,IT.NET.SECR.P6,13.655424392537
EGY,"Egypt, Arab Rep.",2015,IT.NET.SECR.P6,9.78941787422399
EGY,"Egypt, Arab Rep.",2014,IT.NET.SECR.P6,7.43371276302039
EGY,"Egypt, Arab Rep.",2013,IT.NET.SECR.P6,5.90558079797991
EGY,"Egypt, Arab Rep.",2012,IT.NET.SECR.P6,4.69080404148942
EGY,"Egypt, Arab Rep.",2011,IT.NET.SECR.P6,2.76640177381682
EGY,"Egypt, Arab Rep.",2010,IT.NET.SECR.P6,2.29830748600678
SLV,El Salvador,2024,IT.NET.SECR.P6,191.221693627821
SLV,El Salvador,2023,IT.NET.SECR.P6,181.785792624093
SLV,El Salvador,2022,IT.NET.SECR.P6,173.398835313939
SLV,El Salvador,2021,IT.NET.SECR.P6,154.257293492644
SLV,El Salvador,2020,IT.NET.SECR.P6,140.504562147846
SLV,El Salvador,2019,IT.NET.SECR.P6,97.712781635397
SLV,El Salvador,2018,IT.NET.SECR.P6,93.5720352737633
SLV,El Salvador,2017,IT.NET.SECR.P6,63.2490404412433
SLV,El Salvador,2016,IT.NET.SECR.P6,53.3802090052896
SLV,El Salvador,2015,IT.NET.SECR.P6,46.2508061547856
SLV,El Salvador,2014,IT.NET.SECR.P6,35.0481222076098
SLV,El Salvador,2013,IT.NET.SECR.P6,28.5070189982177
SLV,El Salvador,2012,IT.NET.SECR.P6,22.7348001913649
SLV,El Salvador,2011,IT.NET.SECR.P6,16.2558186389217
SLV,El Salvador,2010,IT.NET.SECR.P6,13.8425433761864
GNQ,Equatorial Guinea,2024,IT.NET.SECR.P6,66.5780368567558
GNQ,Equatorial Guinea,2023,IT.NET.SECR.P6,43.8418683347505
GNQ,Equatorial Guinea,2022,IT.NET.SECR.P6,36.5945956435797
GNQ,Equatorial Guinea,2021,IT.NET.SECR.P6,19.9000901758372
GNQ,Equatorial Guinea,2020,IT.NET.SECR.P6,27.3818096230166
GNQ,Equatorial Guinea,2019,IT.NET.SECR.P6,16.1659512734279
GNQ,Equatorial Guinea,2018,IT.NET.SECR.P6,8.04245426008802
GNQ,Equatorial Guinea,2017,IT.NET.SECR.P6,0.0
GNQ,Equatorial Guinea,2016,IT.NET.SECR.P6,4.64133734168067
GNQ,Equatorial Guinea,2015,IT.NET.SECR.P6,2.75117733194949
GNQ,Equatorial Guinea,2014,IT.NET.SECR.P6,2.14312044051126
GNQ,Equatorial Guinea,2013,IT.NET.SECR.P6,0.742821742095262
GNQ,Equatorial Guinea,2012,IT.NET.SECR.P6,0.0
GNQ,Equatorial Guinea,2011,IT.NET.SECR.P6,0.805259958045956
GNQ,Equatorial Guinea,2010,IT.NET.SECR.P6,0.0
ERI,Eritrea,2024,IT.NET.SECR.P6,1.97986029540081
ERI,Eritrea,2023,IT.NET.SECR.P6,0.288152052074839
ERI,Eritrea,2022,IT.NET.SECR.P6,0.879908090666903
ERI,Eritrea,2021,IT.NET.SECR.P6,0.89547347115068
ERI,Eritrea,2020,IT.NET.SECR.P6,0.911501969907674
ERI,Eritrea,2019,IT.NET.SECR.P6,0.925870488001644
ERI,Eritrea,2018,IT.NET.SECR.P6,0.313208634535637
ERI,Eritrea,2017,IT.NET.SECR.P6,0.0
ERI,Eritrea,2016,IT.NET.SECR.P6,0.0
ERI,Eritrea,2015,IT.NET.SECR.P6,0.0
ERI,Eritrea,2013,IT.NET.SECR.P6,0.0
ERI,Eritrea,2012,IT.NET.SECR.P6,0.0
ERI,Eritrea,2011,IT.NET.SECR.P6,0.333501751717951
ERI,Eritrea,2010,IT.NET.SECR.P6,0.339537129403712
EST,Estonia,2024,IT.NET.SECR.P6,139022.298393767
EST,Estonia,2023,IT.NET.SECR.P6,112224.017467886
EST,Estonia,2022,IT.NET.SECR.P6,104101.301859375
EST,Estonia,2021,IT.NET.SECR.P6,96297.9325765704
EST,Estonia,2020,IT.NET.SECR.P6,84354.3769866162
EST,Estonia,2019,IT.NET.SECR.P6,83313.1107289332
EST,Estonia,2018,IT.NET.SECR.P6,48893.4376316683
EST,Estonia,2017,IT.NET.SECR.P6,29131.217625233
EST,Estonia,2016,IT.NET.SECR.P6,10786.6756853297
EST,Estonia,2015,IT.NET.SECR.P6,3120.70712714772
EST,Estonia,2014,IT.NET.SECR.P6,2194.67572430004
EST,Estonia,2013,IT.NET.SECR.P6,1613.81247453522
EST,Estonia,2012,IT.NET.SECR.P6,1255.76852126263
EST,Estonia,2011,IT.NET.SECR.P6,730.730376311077
EST,Estonia,2010,IT.NET.SECR.P6,535.496348035074
SWZ,Eswatini,2024,IT.NET.SECR.P6,116.669965610522
SWZ,Eswatini,2023,IT.NET.SECR.P6,139.779895425134
SWZ,Eswatini,2022,IT.NET.SECR.P6,109.933654219278
SWZ,Eswatini,2021,IT.NET.SECR.P6,87.8506671263632
SWZ,Eswatini,2020,IT.NET.SECR.P6,107.316917757512
SWZ,Eswatini,2019,IT.NET.SECR.P6,90.6876496981881
SWZ,Eswatini,2018,IT.NET.SECR.P6,52.1845210444775
SWZ,Eswatini,2017,IT.NET.SECR.P6,39.7169733939449
SWZ,Eswatini,2016,IT.NET.SECR.P6,25.228206526798
SWZ,Eswatini,2015,IT.NET.SECR.P6,25.3759801472332
SWZ,Eswatini,2014,IT.NET.SECR.P6,18.4810512021924
SWZ,Eswatini,2013,IT.NET.SECR.P6,9.73459942123382
SWZ,Eswatini,2012,IT.NET.SECR.P6,8.00809351317732
SWZ,Eswatini,2011,IT.NET.SECR.P6,6.26211607637277
SWZ,Eswatini,2010,IT.NET.SECR.P6,4.49781855799937
ETH,Ethiopia,2024,IT.NET.SECR.P6,23.7316790056127
ETH,Ethiopia,2023,IT.NET.SECR.P6,17.4681050894878
ETH,Ethiopia,2022,IT.NET.SECR.P6,9.00431806100233
ETH,Ethiopia,2021,IT.NET.SECR.P6,7.19674276896013
ETH,Ethiopia,2020,IT.NET.SECR.P6,5.49960316663114
ETH,Ethiopia,2019,IT.NET.SECR.P6,1.42564135911039
ETH,Ethiopia,2018,IT.NET.SECR.P6,1.4201500402719
ETH,Ethiopia,2017,IT.NET.SECR.P6,0.693010291813777
ETH,Ethiopia,2016,IT.NET.SECR.P6,0.393560001530011
ETH,Ethiopia,2015,IT.NET.SECR.P6,0.31771358668938
ETH,Ethiopia,2014,IT.NET.SECR.P6,0.356028114749048
ETH,Ethiopia,2013,IT.NET.SECR.P6,0.284440829607844
ETH,Ethiopia,2012,IT.NET.SECR.P6,0.25052514506789
ETH,Ethiopia,2011,IT.NET.SECR.P6,0.0429415060466471
ETH,Ethiopia,2010,IT.NET.SECR.P6,0.0331350700100954
FRO,Faroe Islands,2024,IT.NET.SECR.P6,11420.2049780381
FRO,Faroe Islands,2023,IT.NET.SECR.P6,8364.2780984595
FRO,Faroe Islands,2022,IT.NET.SECR.P6,7105.35591711037
FRO,Faroe Islands,2021,IT.NET.SECR.P6,6305.00459739919
FRO,Faroe Islands,2020,IT.NET.SECR.P6,5593.50088468636
FRO,Faroe Islands,2019,IT.NET.SECR.P6,4692.02548754586
FRO,Faroe Islands,2018,IT.NET.SECR.P6,4412.02423671981
FRO,Faroe Islands,2017,IT.NET.SECR.P6,3786.44452858766
FRO,Faroe Islands,2016,IT.NET.SECR.P6,3598.64949558256
FRO,Faroe Islands,2015,IT.NET.SECR.P6,3619.77995010021
FRO,Faroe Islands,2014,IT.NET.SECR.P6,3593.03694220166
FRO,Faroe Islands,2013,IT.NET.SECR.P6,3440.771064359
FRO,Faroe Islands,2012,IT.NET.SECR.P6,3106.2331745703
FRO,Faroe Islands,2011,IT.NET.SECR.P6,2224.87742573442
FRO,Faroe Islands,2010,IT.NET.SECR.P6,1705.85333771786
FJI,Fiji,2024,IT.NET.SECR.P6,221.795379765371
FJI,Fiji,2023,IT.NET.SECR.P6,229.40123032641
FJI,Fiji,2022,IT.NET.SECR.P6,253.420083487234
FJI,Fiji,2021,IT.NET.SECR.P6,255.260381952436
FJI,Fiji,2020,IT.NET.SECR.P6,260.119808123389
FJI,Fiji,2019,IT.NET.SECR.P6,204.394146239093
FJI,Fiji,2018,IT.NET.SECR.P6,166.815674131577
FJI,Fiji,2017,IT.NET.SECR.P6,142.583637275934
FJI,Fiji,2016,IT.NET.SECR.P6,107.706333785192
FJI,Fiji,2015,IT.NET.SECR.P6,86.0024951609988
FJI,Fiji,2014,IT.NET.SECR.P6,69.7483066963824
FJI,Fiji,2013,IT.NET.SECR.P6,46.9251990501467
FJI,Fiji,2012,IT.NET.SECR.P6,44.8127591762322
FJI,Fiji,2011,IT.NET.SECR.P6,23.0013724152208
FJI,Fiji,2010,IT.NET.SECR.P6,14.2791396049511
FIN,Finland,2024,IT.NET.SECR.P6,177933.600727841
FIN,Finland,2023,IT.NET.SECR.P6,153868.49826224
FIN,Finland,2022,IT.NET.SECR.P6,131286.012181913
FIN,Finland,2021,IT.NET.SECR.P6,104960.876315666
FIN,Finland,2020,IT.NET.SECR.P6,81650.5089118576
FIN,Finland,2019,IT.NET.SECR.P6,57692.6350775481
FIN,Finland,2018,IT.NET.SECR.P6,33999.120663944
FIN,Finland,2017,IT.NET.SECR.P6,22324.1144951885
FIN,Finland,2016,IT.NET.SECR.P6,7131.36291119889
FIN,Finland,2015,IT.NET.SECR.P6,3395.18108392853
FIN,Finland,2014,IT.NET.SECR.P6,3008.87373313471
FIN,Finland,2013,IT.NET.SECR.P6,2525.47724091979
FIN,Finland,2012,IT.NET.SECR.P6,2205.22053036487
FIN,Finland,2011,IT.NET.SECR.P6,1581.02634759344
FIN,Finland,2010,IT.NET.SECR.P6,1017.4607223244
FRA,France,2024,IT.NET.SECR.P6,57274.6363971705
FRA,France,2023,IT.NET.SECR.P6,52017.9916172468
FRA,France,2022,IT.NET.SECR.P6,47329.437557888
FRA,France,2021,IT.NET.SECR.P6,39644.0530743928
FRA,France,2020,IT.NET.SECR.P6,36107.8390576723
FRA,France,2019,IT.NET.SECR.P6,29255.7243091748
FRA,France,2018,IT.NET.SECR.P6,20362.9338827691
FRA,France,2017,IT.NET.SECR.P6,14819.4761291503
FRA,France,2016,IT.NET.SECR.P6,6688.01787132278
FRA,France,2015,IT.NET.SECR.P6,1898.47153356589
FRA,France,2014,IT.NET.SECR.P6,1188.96912080874
FRA,France,2013,IT.NET.SECR.P6,821.359069250837
FRA,France,2012,IT.NET.SECR.P6,622.48640329988
FRA,France,2011,IT.NET.SECR.P6,401.418225021017
FRA,France,2010,IT.NET.SECR.P6,278.057105310965
PYF,French Polynesia,2024,IT.NET.SECR.P6,2771.40028459194
PYF,French Polynesia,2023,IT.NET.SECR.P6,2312.19630190881
PYF,French Polynesia,2022,IT.NET.SECR.P6,2022.26993558696
PYF,French Polynesia,2021,IT.NET.SECR.P6,1604.7635386287
PYF,French Polynesia,2020,IT.NET.SECR.P6,1235.63352184206
PYF,French Polynesia,2019,IT.NET.SECR.P6,1082.30538213981
PYF,French Polynesia,2018,IT.NET.SECR.P6,736.200704036596
PYF,French Polynesia,2017,IT.NET.SECR.P6,589.102671669874
PYF,French Polynesia,2016,IT.NET.SECR.P6,257.899977791946
PYF,French Polynesia,2015,IT.NET.SECR.P6,208.733706174919
PYF,French Polynesia,2014,IT.NET.SECR.P6,177.287643774852
PYF,French Polynesia,2013,IT.NET.SECR.P6,152.878483445444
PYF,French Polynesia,2012,IT.NET.SECR.P6,128.165692607403
PYF,French Polynesia,2011,IT.NET.SECR.P6,77.283449933205
PYF,French Polynesia,2010,IT.NET.SECR.P6,62.8279991130165
GAB,Gabon,2024,IT.NET.SECR.P6,87.0437881456601
GAB,Gabon,2023,IT.NET.SECR.P6,43.0620064721793
GAB,Gabon,2022,IT.NET.SECR.P6,28.3863355585752
GAB,Gabon,2021,IT.NET.SECR.P6,39.9710189075542
GAB,Gabon,2020,IT.NET.SECR.P6,42.1952010278407
GAB,Gabon,2019,IT.NET.SECR.P6,24.2535849003354
GAB,Gabon,2018,IT.NET.SECR.P6,25.3128166927178
GAB,Gabon,2017,IT.NET.SECR.P6,26.8904446195929
GAB,Gabon,2016,IT.NET.SECR.P6,21.425449434511
GAB,Gabon,2015,IT.NET.SECR.P6,15.6786734274413
GAB,Gabon,2014,IT.NET.SECR.P6,11.6255618810968
GAB,Gabon,2013,IT.NET.SECR.P6,11.4999066939389
GAB,Gabon,2012,IT.NET.SECR.P6,7.58031478881514
GAB,Gabon,2011,IT.NET.SECR.P6,17.3963304966091
GAB,Gabon,2010,IT.NET.SECR.P6,2.32574500880585
GMB,"Gambia, The",2024,IT.NET.SECR.P6,58.6959073735103
GMB,"Gambia, The",2023,IT.NET.SECR.P6,52.2639365864236
GMB,"Gambia, The",2022,IT.NET.SECR.P6,49.6876505327199
GMB,"Gambia, The",2021,IT.NET.SECR.P6,46.1954728436613
GMB,"Gambia, The",2020,IT.NET.SECR.P6,27.8248923872287
GMB,"Gambia, The",2019,IT.NET.SECR.P6,21.1653649967194
GMB,"Gambia, The",2018,IT.NET.SECR.P6,23.3369116597878
GMB,"Gambia, The",2017,IT.NET.SECR.P6,45.2568089082478
GMB,"Gambia, The",2016,IT.NET.SECR.P6,8.31958048296478
GMB,"Gambia, The",2015,IT.NET.SECR.P6,7.64206715219267
GMB,"Gambia, The",2014,IT.NET.SECR.P6,7.39191177014111
GMB,"Gambia, The",2013,IT.NET.SECR.P6,3.80260668688386
GMB,"Gambia, The",2012,IT.NET.SECR.P6,2.93672244155188
GMB,"Gambia, The",2011,IT.NET.SECR.P6,2.01634855407645
GMB,"Gambia, The",2010,IT.NET.SECR.P6,4.15232815849437
GEO,Georgia,2024,IT.NET.SECR.P6,5293.35205761652
GEO,Georgia,2023,IT.NET.SECR.P6,5251.80710018051
GEO,Georgia,2022,IT.NET.SECR.P6,4942.75827999554
GEO,Georgia,2021,IT.NET.SECR.P6,3725.11533970949
GEO,Georgia,2020,IT.NET.SECR.P6,3497.44648799425
GEO,Georgia,2019,IT.NET.SECR.P6,2776.4927378143
GEO,Georgia,2018,IT.NET.SECR.P6,2182.17981301199
GEO,Georgia,2017,IT.NET.SECR.P6,2360.24424866497
GEO,Georgia,2016,IT.NET.SECR.P6,406.706362566918
GEO,Georgia,2015,IT.NET.SECR.P6,118.64892695199
GEO,Georgia,2014,IT.NET.SECR.P6,83.077603084787
GEO,Georgia,2013,IT.NET.SECR.P6,63.7496409039215
GEO,Georgia,2012,IT.NET.SECR.P6,43.7129278168155
GEO,Georgia,2011,IT.NET.SECR.P6,14.9077278200297
GEO,Georgia,2010,IT.NET.SECR.P6,9.50697111861399
DEU,Germany,2024,IT.NET.SECR.P6,152113.844011812
DEU,Germany,2023,IT.NET.SECR.P6,139972.802327193
DEU,Germany,2022,IT.NET.SECR.P6,126884.076646738
DEU,Germany,2021,IT.NET.SECR.P6,113297.576359309
DEU,Germany,2020,IT.NET.SECR.P6,97517.56929049
DEU,Germany,2019,IT.NET.SECR.P6,77970.0331298817
DEU,Germany,2018,IT.NET.SECR.P6,56406.6207107244
DEU,Germany,2017,IT.NET.SECR.P6,34181.2784354313
DEU,Germany,2016,IT.NET.SECR.P6,11624.9602042748
DEU,Germany,2015,IT.NET.SECR.P6,4297.92588653237
DEU,Germany,2014,IT.NET.SECR.P6,3352.78609576143
DEU,Germany,2013,IT.NET.SECR.P6,2601.18328828955
DEU,Germany,2012,IT.NET.SECR.P6,2194.9044898179
DEU,Germany,2011,IT.NET.SECR.P6,1471.90314571602
DEU,Germany,2010,IT.NET.SECR.P6,1049.31794333683
GHA,Ghana,2024,IT.NET.SECR.P6,48.9145074910361
GHA,Ghana,2023,IT.NET.SECR.P6,48.1533130456056
GHA,Ghana,2022,IT.NET.SECR.P6,49.1415285676086
GHA,Ghana,2021,IT.NET.SECR.P6,50.0020526672912
GHA,Ghana,2020,IT.NET.SECR.P6,57.8904621512253
GHA,Ghana,2019,IT.NET.SECR.P6,43.7954639863885
GHA,Ghana,2018,IT.NET.SECR.P6,21.1831317644651
GHA,Ghana,2017,IT.NET.SECR.P6,91.4412033395767
GHA,Ghana,2016,IT.NET.SECR.P6,94.0499460055888
GHA,Ghana,2015,IT.NET.SECR.P6,6.96959597391531
GHA,Ghana,2014,IT.NET.SECR.P6,5.27787438031336
GHA,Ghana,2013,IT.NET.SECR.P6,4.12616678776784
GHA,Ghana,2012,IT.NET.SECR.P6,2.61836232059917
GHA,Ghana,2011,IT.NET.SECR.P6,1.26460581393709
GHA,Ghana,2010,IT.NET.SECR.P6,0.863591926122066
GIB,Gibraltar,2024,IT.NET.SECR.P6,8187.34267334537
GIB,Gibraltar,2023,IT.NET.SECR.P6,8837.82589482987
GIB,Gibraltar,2022,IT.NET.SECR.P6,16804.488287378
GIB,Gibraltar,2021,IT.NET.SECR.P6,16414.3469531716
GIB,Gibraltar,2020,IT.NET.SECR.P6,20927.2109031598
GIB,Gibraltar,2019,IT.NET.SECR.P6,15382.8816137939
GIB,Gibraltar,2018,IT.NET.SECR.P6,15923.5668789809
GIB,Gibraltar,2017,IT.NET.SECR.P6,18104.8328223098
GIB,Gibraltar,2016,IT.NET.SECR.P6,13963.990730287
GIB,Gibraltar,2015,IT.NET.SECR.P6,11659.084746784
GIB,Gibraltar,2014,IT.NET.SECR.P6,10453.1740468717
GIB,Gibraltar,2013,IT.NET.SECR.P6,8300.67577992409
GIB,Gibraltar,2012,IT.NET.SECR.P6,8304.973617659
GIB,Gibraltar,2011,IT.NET.SECR.P6,5590.65066329754
GIB,Gibraltar,2010,IT.NET.SECR.P6,5152.32974910394
GRC,Greece,2024,IT.NET.SECR.P6,15657.9434729048
GRC,Greece,2023,IT.NET.SECR.P6,14227.2514879146
GRC,Greece,2022,IT.NET.SECR.P6,13067.0193589553
GRC,Greece,2021,IT.NET.SECR.P6,11383.3983120359
GRC,Greece,2020,IT.NET.SECR.P6,8907.70838312568
GRC,Greece,2019,IT.NET.SECR.P6,6647.33991681452
GRC,Greece,2018,IT.NET.SECR.P6,5035.36701512231
GRC,Greece,2017,IT.NET.SECR.P6,3695.69375338864
GRC,Greece,2016,IT.NET.SECR.P6,1411.84492794199
GRC,Greece,2015,IT.NET.SECR.P6,409.948060615756
GRC,Greece,2014,IT.NET.SECR.P6,277.808048593089
GRC,Greece,2013,IT.NET.SECR.P6,212.490211086681
GRC,Greece,2012,IT.NET.SECR.P6,162.335736922308
GRC,Greece,2011,IT.NET.SECR.P6,92.8419069817744
GRC,Greece,2010,IT.NET.SECR.P6,63.9311392394137
GRL,Greenland,2024,IT.NET.SECR.P6,3905.97508621296
GRL,Greenland,2023,IT.NET.SECR.P6,4765.67308537765
GRL,Greenland,2022,IT.NET.SECR.P6,4606.3429872399
GRL,Greenland,2021,IT.NET.SECR.P6,4377.52634458899
GRL,Greenland,2020,IT.NET.SECR.P6,4115.88340695797
GRL,Greenland,2019,IT.NET.SECR.P6,3201.42285460204
GRL,Greenland,2018,IT.NET.SECR.P6,3070.16760973172
GRL,Greenland,2017,IT.NET.SECR.P6,2527.94986826177
GRL,Greenland,2016,IT.NET.SECR.P6,2954.472644431
GRL,Greenland,2015,IT.NET.SECR.P6,2797.87575293153
GRL,Greenland,2014,IT.NET.SECR.P6,2327.02726707523
GRL,Greenland,2013,IT.NET.SECR.P6,2018.30639307402
GRL,Greenland,2012,IT.NET.SECR.P6,1777.85601126562
GRL,Greenland,2011,IT.NET.SECR.P6,1107.40024608894
GRL,Greenland,2010,IT.NET.SECR.P6,937.488944705841
GRD,Grenada,2024,IT.NET.SECR.P6,742.276485192864
GRD,Grenada,2023,IT.NET.SECR.P6,614.958874625259
GRD,Grenada,2022,IT.NET.SECR.P6,718.482974519515
GRD,Grenada,2021,IT.NET.SECR.P6,625.599890305773
GRD,Grenada,2020,IT.NET.SECR.P6,558.702435083075
GRD,Grenada,2019,IT.NET.SECR.P6,482.837706176012
GRD,Grenada,2018,IT.NET.SECR.P6,311.173730022214
GRD,Grenada,2017,IT.NET.SECR.P6,225.229127323758
GRD,Grenada,2016,IT.NET.SECR.P6,269.260835577174
GRD,Grenada,2015,IT.NET.SECR.P6,209.28529073215
GRD,Grenada,2014,IT.NET.SECR.P6,175.235692005748
GRD,Grenada,2013,IT.NET.SECR.P6,167.420056922819
GRD,Grenada,2012,IT.NET.SECR.P6,150.742629128796
GRD,Grenada,2011,IT.NET.SECR.P6,71.3782242882253
GRD,Grenada,2010,IT.NET.SECR.P6,89.6169770401305
GUM,Guam,2024,IT.NET.SECR.P6,1299.34377179232
GUM,Guam,2023,IT.NET.SECR.P6,936.903174660373
GUM,Guam,2022,IT.NET.SECR.P6,1132.09831698753
GUM,Guam,2021,IT.NET.SECR.P6,1154.33946130825
GUM,Guam,2020,IT.NET.SECR.P6,1085.36119093723
GUM,Guam,2019,IT.NET.SECR.P6,1032.08741224167
GUM,Guam,2018,IT.NET.SECR.P6,872.884637845081
GUM,Guam,2017,IT.NET.SECR.P6,733.989846473791
GUM,Guam,2016,IT.NET.SECR.P6,645.424488379315
GUM,Guam,2015,IT.NET.SECR.P6,697.371213729117
GUM,Guam,2014,IT.NET.SECR.P6,308.183169573257
GUM,Guam,2013,IT.NET.SECR.P6,289.215863490112
GUM,Guam,2012,IT.NET.SECR.P6,222.44801029273
GUM,Guam,2011,IT.NET.SECR.P6,174.129203869271
GUM,Guam,2010,IT.NET.SECR.P6,156.135525636252
GTM,Guatemala,2024,IT.NET.SECR.P6,109.147061621475
GTM,Guatemala,2023,IT.NET.SECR.P6,109.187182804061
GTM,Guatemala,2022,IT.NET.SECR.P6,129.259070980823
GTM,Guatemala,2021,IT.NET.SECR.P6,122.509397027613
GTM,Guatemala,2020,IT.NET.SECR.P6,103.587390338085
GTM,Guatemala,2019,IT.NET.SECR.P6,91.1493192478889
GTM,Guatemala,2018,IT.NET.SECR.P6,76.340024166426
GTM,Guatemala,2017,IT.NET.SECR.P6,69.7154048168335
GTM,Guatemala,2016,IT.NET.SECR.P6,36.8804998045334
GTM,Guatemala,2015,IT.NET.SECR.P6,28.9886958486622
GTM,Guatemala,2014,IT.NET.SECR.P6,22.9566581482586
GTM,Guatemala,2013,IT.NET.SECR.P6,17.7418613760133
GTM,Guatemala,2012,IT.NET.SECR.P6,14.6458031788285
GTM,Guatemala,2011,IT.NET.SECR.P6,10.3433407746797
GTM,Guatemala,2010,IT.NET.SECR.P6,7.31028836191058
GIN,Guinea,2024,IT.NET.SECR.P6,12.2672068756
GIN,Guinea,2023,IT.NET.SECR.P6,10.4821308131051
GIN,Guinea,2022,IT.NET.SECR.P6,7.61287492252833
GIN,Guinea,2021,IT.NET.SECR.P6,7.07486291723731
GIN,Guinea,2020,IT.NET.SECR.P6,6.65610514791399
GIN,Guinea,2019,IT.NET.SECR.P6,4.83338404550562
GIN,Guinea,2018,IT.NET.SECR.P6,3.22713335947574
GIN,Guinea,2017,IT.NET.SECR.P6,1.53403222226609
GIN,Guinea,2016,IT.NET.SECR.P6,0.911121731661397
GIN,Guinea,2015,IT.NET.SECR.P6,0.764846304135184
GIN,Guinea,2014,IT.NET.SECR.P6,0.522970430205935
GIN,Guinea,2013,IT.NET.SECR.P6,0.357402197112137
GIN,Guinea,2012,IT.NET.SECR.P6,0.366247340929853
GIN,Guinea,2011,IT.NET.SECR.P6,0.0938367109857453
GIN,Guinea,2010,IT.NET.SECR.P6,0.0961900469080383
GNB,Guinea-Bissau,2024,IT.NET.SECR.P6,10.9023908943231
GNB,Guinea-Bissau,2023,IT.NET.SECR.P6,6.50153087832431
GNB,Guinea-Bissau,2022,IT.NET.SECR.P6,5.22434029642907
GNB,Guinea-Bissau,2021,IT.NET.SECR.P6,5.82852196939929
GNB,Guinea-Bissau,2020,IT.NET.SECR.P6,2.98024840370445
GNB,Guinea-Bissau,2019,IT.NET.SECR.P6,3.5574600954619
GNB,Guinea-Bissau,2018,IT.NET.SECR.P6,2.08098355606794
GNB,Guinea-Bissau,2017,IT.NET.SECR.P6,2.66372307508716
GNB,Guinea-Bissau,2016,IT.NET.SECR.P6,1.63765023393834
GNB,Guinea-Bissau,2015,IT.NET.SECR.P6,1.67930154490144
GNB,Guinea-Bissau,2014,IT.NET.SECR.P6,0.574342291924403
GUY,Guyana,2024,IT.NET.SECR.P6,175.673545609545
GUY,Guyana,2023,IT.NET.SECR.P6,101.651473401803
GUY,Guyana,2022,IT.NET.SECR.P6,87.6299387685803
GUY,Guyana,2021,IT.NET.SECR.P6,64.9922377195327
GUY,Guyana,2020,IT.NET.SECR.P6,59.4441231434548
GUY,Guyana,2019,IT.NET.SECR.P6,60.6687178471272
GUY,Guyana,2018,IT.NET.SECR.P6,46.7433763372396
GUY,Guyana,2017,IT.NET.SECR.P6,32.5317933216132
GUY,Guyana,2016,IT.NET.SECR.P6,31.4322085841362
GUY,Guyana,2015,IT.NET.SECR.P6,27.6759697462114
GUY,Guyana,2014,IT.NET.SECR.P6,14.5844299277806
GUY,Guyana,2013,IT.NET.SECR.P6,9.33307200731713
GUY,Guyana,2012,IT.NET.SECR.P6,6.69982634050125
GUY,Guyana,2011,IT.NET.SECR.P6,5.36083082156073
GUY,Guyana,2010,IT.NET.SECR.P6,1.33465731338821
HTI,Haiti,2024,IT.NET.SECR.P6,7.72984152890489
HTI,Haiti,2023,IT.NET.SECR.P6,7.38996810111676
HTI,Haiti,2022,IT.NET.SECR.P6,6.78048257216042
HTI,Haiti,2021,IT.NET.SECR.P6,7.91237588779055
HTI,Haiti,2020,IT.NET.SECR.P6,7.73756457753609
HTI,Haiti,2019,IT.NET.SECR.P6,5.40289233035121
HTI,Haiti,2018,IT.NET.SECR.P6,5.38205178774428
HTI,Haiti,2017,IT.NET.SECR.P6,4.62203152336428
HTI,Haiti,2016,IT.NET.SECR.P6,4.59168790166141
HTI,Haiti,2015,IT.NET.SECR.P6,3.89613771117304
HTI,Haiti,2014,IT.NET.SECR.P6,2.41004855283815
HTI,Haiti,2013,IT.NET.SECR.P6,1.36954649033169
HTI,Haiti,2012,IT.NET.SECR.P6,1.09237836689633
HTI,Haiti,2011,IT.NET.SECR.P6,0.4034330539156
HTI,Haiti,2010,IT.NET.SECR.P6,0.204013059283951
HND,Honduras,2024,IT.NET.SECR.P6,148.812506679705
HND,Honduras,2023,IT.NET.SECR.P6,138.188876481221
HND,Honduras,2022,IT.NET.SECR.P6,128.441938127684
HND,Honduras,2021,IT.NET.SECR.P6,113.412434376038
HND,Honduras,2020,IT.NET.SECR.P6,97.335478337174
HND,Honduras,2019,IT.NET.SECR.P6,91.5158473769094
HND,Honduras,2018,IT.NET.SECR.P6,73.4239202229138
HND,Honduras,2017,IT.NET.SECR.P6,78.2216607877005
HND,Honduras,2016,IT.NET.SECR.P6,29.8542982752503
HND,Honduras,2015,IT.NET.SECR.P6,20.0274863718368
HND,Honduras,2014,IT.NET.SECR.P6,15.888564668996
HND,Honduras,2013,IT.NET.SECR.P6,13.161923836784
HND,Honduras,2012,IT.NET.SECR.P6,10.671163395477
HND,Honduras,2011,IT.NET.SECR.P6,8.19616178427164
HND,Honduras,2010,IT.NET.SECR.P6,5.97665899502718
HKG,"Hong Kong SAR, China",2024,IT.NET.SECR.P6,156139.206017995
HKG,"Hong Kong SAR, China",2023,IT.NET.SECR.P6,131226.894547578
HKG,"Hong Kong SAR, China",2022,IT.NET.SECR.P6,126913.87266713
HKG,"Hong Kong SAR, China",2021,IT.NET.SECR.P6,100440.301628199
HKG,"Hong Kong SAR, China",2020,IT.NET.SECR.P6,70629.594973934
HKG,"Hong Kong SAR, China",2019,IT.NET.SECR.P6,60542.0956592389
HKG,"Hong Kong SAR, China",2018,IT.NET.SECR.P6,19399.4042347637
HKG,"Hong Kong SAR, China",2017,IT.NET.SECR.P6,10482.7408970405
HKG,"Hong Kong SAR, China",2016,IT.NET.SECR.P6,3873.32006651583
HKG,"Hong Kong SAR, China",2015,IT.NET.SECR.P6,2331.82011438289
HKG,"Hong Kong SAR, China",2014,IT.NET.SECR.P6,1553.63441455149
HKG,"Hong Kong SAR, China",2013,IT.NET.SECR.P6,1161.59857359763
HKG,"Hong Kong SAR, China",2012,IT.NET.SECR.P6,998.307715976
HKG,"Hong Kong SAR, China",2011,IT.NET.SECR.P6,639.317834719158
HKG,"Hong Kong SAR, China",2010,IT.NET.SECR.P6,447.45309074343
HUN,Hungary,2024,IT.NET.SECR.P6,55077.4335878286
HUN,Hungary,2023,IT.NET.SECR.P6,53717.7865400025
HUN,Hungary,2022,IT.NET.SECR.P6,51406.6835924429
HUN,Hungary,2021,IT.NET.SECR.P6,42102.778838019
HUN,Hungary,2020,IT.NET.SECR.P6,33083.571663234
HUN,Hungary,2019,IT.NET.SECR.P6,26447.1020825133
HUN,Hungary,2018,IT.NET.SECR.P6,19379.9008629269
HUN,Hungary,2017,IT.NET.SECR.P6,13712.8966738756
HUN,Hungary,2016,IT.NET.SECR.P6,4148.87463875886
HUN,Hungary,2015,IT.NET.SECR.P6,930.825479918614
HUN,Hungary,2014,IT.NET.SECR.P6,670.393015871595
HUN,Hungary,2013,IT.NET.SECR.P6,516.472944576447
HUN,Hungary,2012,IT.NET.SECR.P6,393.130815185978
HUN,Hungary,2011,IT.NET.SECR.P6,217.815830698133
HUN,Hungary,2010,IT.NET.SECR.P6,167.699614290887
ISL,Iceland,2024,IT.NET.SECR.P6,88084.0142197016
ISL,Iceland,2023,IT.NET.SECR.P6,87104.544641306
ISL,Iceland,2022,IT.NET.SECR.P6,85331.790588032
ISL,Iceland,2021,IT.NET.SECR.P6,78946.0968538602
ISL,Iceland,2020,IT.NET.SECR.P6,75513.7626445235
ISL,Iceland,2019,IT.NET.SECR.P6,70905.7779084376
ISL,Iceland,2018,IT.NET.SECR.P6,64762.2341737521
ISL,Iceland,2017,IT.NET.SECR.P6,57638.322655795
ISL,Iceland,2016,IT.NET.SECR.P6,35663.7123292163
ISL,Iceland,2015,IT.NET.SECR.P6,7611.50491966809
ISL,Iceland,2014,IT.NET.SECR.P6,6576.33496850812
ISL,Iceland,2013,IT.NET.SECR.P6,5522.54111019137
ISL,Iceland,2012,IT.NET.SECR.P6,4580.37640778757
ISL,Iceland,2011,IT.NET.SECR.P6,3269.44898969951
ISL,Iceland,2010,IT.NET.SECR.P6,2333.03253354127
IND,India,2024,IT.NET.SECR.P6,1212.44166069372
IND,India,2023,IT.NET.SECR.P6,966.082590066802
IND,India,2022,IT.NET.SECR.P6,729.692060044831
IND,India,2021,IT.NET.SECR.P6,528.190455501333
IND,India,2020,IT.NET.SECR.P6,472.187112968085
IND,India,2019,IT.NET.SECR.P6,382.862055209059
IND,India,2018,IT.NET.SECR.P6,184.79636635197
IND,India,2017,IT.NET.SECR.P6,121.20038474398
IND,India,2016,IT.NET.SECR.P6,37.7418916475687
IND,India,2015,IT.NET.SECR.P6,11.5306607845422
IND,India,2014,IT.NET.SECR.P6,8.33741535327806
IND,India,2013,IT.NET.SECR.P6,6.08104687623525
IND,India,2012,IT.NET.SECR.P6,4.46086943243043
IND,India,2011,IT.NET.SECR.P6,2.25336486642335
IND,India,2010,IT.NET.SECR.P6,1.65744314967584
IDN,Indonesia,2024,IT.NET.SECR.P6,2939.49021766292
IDN,Indonesia,2023,IT.NET.SECR.P6,2722.38990575723
IDN,Indonesia,2022,IT.NET.SECR.P6,2496.40884911853
IDN,Indonesia,2021,IT.NET.SECR.P6,2189.14677796205
IDN,Indonesia,2020,IT.NET.SECR.P6,1868.76353333811
IDN,Indonesia,2019,IT.NET.SECR.P6,1672.32938886525
IDN,Indonesia,2018,IT.NET.SECR.P6,1272.12317710915
IDN,Indonesia,2017,IT.NET.SECR.P6,1267.73606423762
IDN,Indonesia,2016,IT.NET.SECR.P6,302.667050169382
IDN,Indonesia,2015,IT.NET.SECR.P6,17.4523036924373
IDN,Indonesia,2014,IT.NET.SECR.P6,11.6116741423225
IDN,Indonesia,2013,IT.NET.SECR.P6,7.69974987186659
IDN,Indonesia,2012,IT.NET.SECR.P6,5.22361576902754
IDN,Indonesia,2011,IT.NET.SECR.P6,2.38505601346137
IDN,Indonesia,2010,IT.NET.SECR.P6,1.60776063133544
IRN,"Iran, Islamic Rep.",2024,IT.NET.SECR.P6,7225.71087209777
IRN,"Iran, Islamic Rep.",2023,IT.NET.SECR.P6,6599.35473971613
IRN,"Iran, Islamic Rep.",2022,IT.NET.SECR.P6,6554.61538318904
IRN,"Iran, Islamic Rep.",2021,IT.NET.SECR.P6,3109.71095428245
IRN,"Iran, Islamic Rep.",2020,IT.NET.SECR.P6,2318.99242714402
IRN,"Iran, Islamic Rep.",2019,IT.NET.SECR.P6,985.8745006183
IRN,"Iran, Islamic Rep.",2018,IT.NET.SECR.P6,469.797265839831
IRN,"Iran, Islamic Rep.",2017,IT.NET.SECR.P6,214.144362138063
IRN,"Iran, Islamic Rep.",2016,IT.NET.SECR.P6,60.8741722031301
IRN,"Iran, Islamic Rep.",2015,IT.NET.SECR.P6,11.6558634282361
IRN,"Iran, Islamic Rep.",2014,IT.NET.SECR.P6,4.95693083529376
IRN,"Iran, Islamic Rep.",2013,IT.NET.SECR.P6,2.95965838876745
IRN,"Iran, Islamic Rep.",2012,IT.NET.SECR.P6,2.25524369357009
IRN,"Iran, Islamic Rep.",2011,IT.NET.SECR.P6,1.62023692762866
IRN,"Iran, Islamic Rep.",2010,IT.NET.SECR.P6,1.18831050687875
IRQ,Iraq,2024,IT.NET.SECR.P6,34.5119560905403
IRQ,Iraq,2023,IT.NET.SECR.P6,43.6393011863656
IRQ,Iraq,2022,IT.NET.SECR.P6,30.7688460713822
IRQ,Iraq,2021,IT.NET.SECR.P6,21.545714143027
IRQ,Iraq,2020,IT.NET.SECR.P6,17.0716514305937
IRQ,Iraq,2019,IT.NET.SECR.P6,11.5313174437929
IRQ,Iraq,2018,IT.NET.SECR.P6,10.8032598724907
IRQ,Iraq,2017,IT.NET.SECR.P6,9.93966218316723
IRQ,Iraq,2016,IT.NET.SECR.P6,3.95116906124408
IRQ,Iraq,2015,IT.NET.SECR.P6,2.31626093717781
IRQ,Iraq,2014,IT.NET.SECR.P6,1.4500660587169
IRQ,Iraq,2013,IT.NET.SECR.P6,0.850292198662609
IRQ,Iraq,2012,IT.NET.SECR.P6,0.534841316444154
IRQ,Iraq,2011,IT.NET.SECR.P6,0.248745204814314
IRQ,Iraq,2010,IT.NET.SECR.P6,0.0322109264229644
IRL,Ireland,2024,IT.NET.SECR.P6,121467.84808156
IRL,Ireland,2023,IT.NET.SECR.P6,149934.162195583
IRL,Ireland,2022,IT.NET.SECR.P6,134764.070843587
IRL,Ireland,2021,IT.NET.SECR.P6,113930.009969504
IRL,Ireland,2020,IT.NET.SECR.P6,114566.465340423
IRL,Ireland,2019,IT.NET.SECR.P6,94607.6886844775
IRL,Ireland,2018,IT.NET.SECR.P6,69157.3047242336
IRL,Ireland,2017,IT.NET.SECR.P6,38437.1028566871
IRL,Ireland,2016,IT.NET.SECR.P6,11725.2277164193
IRL,Ireland,2015,IT.NET.SECR.P6,3194.41458099255
IRL,Ireland,2014,IT.NET.SECR.P6,2807.79949074014
IRL,Ireland,2013,IT.NET.SECR.P6,2641.75737096805
IRL,Ireland,2012,IT.NET.SECR.P6,2466.77217013119
IRL,Ireland,2011,IT.NET.SECR.P6,1508.05094404382
IRL,Ireland,2010,IT.NET.SECR.P6,959.397213471911
IMN,Isle of Man,2024,IT.NET.SECR.P6,21364.0684410646
IMN,Isle of Man,2023,IT.NET.SECR.P6,21564.7834610586
IMN,Isle of Man,2022,IT.NET.SECR.P6,28990.1583226359
IMN,Isle of Man,2021,IT.NET.SECR.P6,31103.6073526264
IMN,Isle of Man,2020,IT.NET.SECR.P6,13144.7468595356
IMN,Isle of Man,2019,IT.NET.SECR.P6,9933.6565146444
IMN,Isle of Man,2018,IT.NET.SECR.P6,8281.12881093014
IMN,Isle of Man,2017,IT.NET.SECR.P6,4544.96525493667
IMN,Isle of Man,2016,IT.NET.SECR.P6,3390.60216135912
IMN,Isle of Man,2015,IT.NET.SECR.P6,1579.07958800378
IMN,Isle of Man,2014,IT.NET.SECR.P6,1060.88780813427
IMN,Isle of Man,2013,IT.NET.SECR.P6,808.167243080068
IMN,Isle of Man,2012,IT.NET.SECR.P6,521.728819588546
IMN,Isle of Man,2011,IT.NET.SECR.P6,248.868242042142
IMN,Isle of Man,2010,IT.NET.SECR.P6,59.6139401237585
ISR,Israel,2024,IT.NET.SECR.P6,12318.6898882246
ISR,Israel,2023,IT.NET.SECR.P6,12925.0685348766
ISR,Israel,2022,IT.NET.SECR.P6,13050.1700235417
ISR,Israel,2021,IT.NET.SECR.P6,13021.9604328062
ISR,Israel,2020,IT.NET.SECR.P6,12351.7921672038
ISR,Israel,2019,IT.NET.SECR.P6,11114.8663574111
ISR,Israel,2018,IT.NET.SECR.P6,9611.94668347818
ISR,Israel,2017,IT.NET.SECR.P6,6967.62420667256
ISR,Israel,2016,IT.NET.SECR.P6,2119.58811139714
ISR,Israel,2015,IT.NET.SECR.P6,1304.99636042529
ISR,Israel,2014,IT.NET.SECR.P6,1008.6785057877
ISR,Israel,2013,IT.NET.SECR.P6,960.35734226689
ISR,Israel,2012,IT.NET.SECR.P6,900.448770621326
ISR,Israel,2011,IT.NET.SECR.P6,651.059774910505
ISR,Israel,2010,IT.NET.SECR.P6,444.409465344457
ITA,Italy,2024,IT.NET.SECR.P6,30647.1608155582
ITA,Italy,2023,IT.NET.SECR.P6,30244.0571559008
ITA,Italy,2022,IT.NET.SECR.P6,28070.9043211973
ITA,Italy,2021,IT.NET.SECR.P6,24823.3931231798
ITA,Italy,2020,IT.NET.SECR.P6,20677.1830094764
ITA,Italy,2019,IT.NET.SECR.P6,15313.1771774623
ITA,Italy,2018,IT.NET.SECR.P6,12369.4451350706
ITA,Italy,2017,IT.NET.SECR.P6,7813.04008389552
ITA,Italy,2016,IT.NET.SECR.P6,1316.22234853891
ITA,Italy,2015,IT.NET.SECR.P6,633.243402476241
ITA,Italy,2014,IT.NET.SECR.P6,496.89404336723
ITA,Italy,2013,IT.NET.SECR.P6,374.504989611205
ITA,Italy,2012,IT.NET.SECR.P6,300.010398521898
ITA,Italy,2011,IT.NET.SECR.P6,188.349075374465
ITA,Italy,2010,IT.NET.SECR.P6,125.912314710843
JAM,Jamaica,2024,IT.NET.SECR.P6,191.957170656969
JAM,Jamaica,2023,IT.NET.SECR.P6,190.859452085474
JAM,Jamaica,2022,IT.NET.SECR.P6,182.449357975502
JAM,Jamaica,2021,IT.NET.SECR.P6,176.904952704355
JAM,Jamaica,2020,IT.NET.SECR.P6,167.800705045573
JAM,Jamaica,2019,IT.NET.SECR.P6,150.888809469583
JAM,Jamaica,2018,IT.NET.SECR.P6,159.923577096816
JAM,Jamaica,2017,IT.NET.SECR.P6,142.412503320591
JAM,Jamaica,2016,IT.NET.SECR.P6,125.98245854412
JAM,Jamaica,2015,IT.NET.SECR.P6,125.243797220658
JAM,Jamaica,2014,IT.NET.SECR.P6,87.6957808307045
JAM,Jamaica,2013,IT.NET.SECR.P6,72.9248654751773
JAM,Jamaica,2012,IT.NET.SECR.P6,53.0220781047673
JAM,Jamaica,2011,IT.NET.SECR.P6,32.9651142150644
JAM,Jamaica,2010,IT.NET.SECR.P6,24.7401556010257
JPN,Japan,2024,IT.NET.SECR.P6,32928.7580837326
JPN,Japan,2023,IT.NET.SECR.P6,31701.7121806602
JPN,Japan,2022,IT.NET.SECR.P6,28934.0684777203
JPN,Japan,2021,IT.NET.SECR.P6,25729.8696078749
JPN,Japan,2020,IT.NET.SECR.P6,22848.7181314895
JPN,Japan,2019,IT.NET.SECR.P6,18646.9956488435
JPN,Japan,2018,IT.NET.SECR.P6,11644.8573073314
JPN,Japan,2017,IT.NET.SECR.P6,5971.46615001733
JPN,Japan,2016,IT.NET.SECR.P6,2108.1872265416
JPN,Japan,2015,IT.NET.SECR.P6,1504.27478154175
JPN,Japan,2014,IT.NET.SECR.P6,1376.66959992457
JPN,Japan,2013,IT.NET.SECR.P6,1054.73733767508
JPN,Japan,2012,IT.NET.SECR.P6,909.613018984714
JPN,Japan,2011,IT.NET.SECR.P6,679.621068112303
JPN,Japan,2010,IT.NET.SECR.P6,552.900757398298
JOR,Jordan,2024,IT.NET.SECR.P6,212.241523236292
JOR,Jordan,2023,IT.NET.SECR.P6,182.967132441716
JOR,Jordan,2022,IT.NET.SECR.P6,154.58060992356
JOR,Jordan,2021,IT.NET.SECR.P6,144.853463958687
JOR,Jordan,2020,IT.NET.SECR.P6,127.47086393401
JOR,Jordan,2019,IT.NET.SECR.P6,102.324883190805
JOR,Jordan,2018,IT.NET.SECR.P6,97.9707532928209
JOR,Jordan,2017,IT.NET.SECR.P6,103.280892956634
JOR,Jordan,2016,IT.NET.SECR.P6,66.8574318731264
JOR,Jordan,2015,IT.NET.SECR.P6,44.6319638828929
JOR,Jordan,2014,IT.NET.SECR.P6,39.3552562584526
JOR,Jordan,2013,IT.NET.SECR.P6,36.7876659714966
JOR,Jordan,2012,IT.NET.SECR.P6,32.9505490022771
JOR,Jordan,2011,IT.NET.SECR.P6,17.5123763038031
JOR,Jordan,2010,IT.NET.SECR.P6,11.7855958913768
KAZ,Kazakhstan,2024,IT.NET.SECR.P6,6914.14394055021
KAZ,Kazakhstan,2023,IT.NET.SECR.P6,5814.13651400898
KAZ,Kazakhstan,2022,IT.NET.SECR.P6,4944.14440531382
KAZ,Kazakhstan,2021,IT.NET.SECR.P6,4342.46981161442
KAZ,Kazakhstan,2020,IT.NET.SECR.P6,3184.09955139885
KAZ,Kazakhstan,2019,IT.NET.SECR.P6,2273.55605062168
KAZ,Kazakhstan,2018,IT.NET.SECR.P6,1326.53896081637
KAZ,Kazakhstan,2017,IT.NET.SECR.P6,1191.67286218247
KAZ,Kazakhstan,2016,IT.NET.SECR.P6,255.995556426844
KAZ,Kazakhstan,2015,IT.NET.SECR.P6,46.7259513002782
KAZ,Kazakhstan,2014,IT.NET.SECR.P6,26.0997171969353
KAZ,Kazakhstan,2013,IT.NET.SECR.P6,16.8598505556517
KAZ,Kazakhstan,2012,IT.NET.SECR.P6,11.6721809053984
KAZ,Kazakhstan,2011,IT.NET.SECR.P6,5.3322389157109
KAZ,Kazakhstan,2010,IT.NET.SECR.P6,3.3854394033074
KEN,Kenya,2024,IT.NET.SECR.P6,399.695610422168
KEN,Kenya,2023,IT.NET.SECR.P6,297.132205291086
KEN,Kenya,2022,IT.NET.SECR.P6,280.15318973272
KEN,Kenya,2021,IT.NET.SECR.P6,260.207008880973
KEN,Kenya,2020,IT.NET.SECR.P6,246.584783512693
KEN,Kenya,2019,IT.NET.SECR.P6,254.810149447412
KEN,Kenya,2018,IT.NET.SECR.P6,222.358958065439
KEN,Kenya,2017,IT.NET.SECR.P6,37.3390938116987
KEN,Kenya,2016,IT.NET.SECR.P6,19.5680541088686
KEN,Kenya,2015,IT.NET.SECR.P6,13.1454528859111
KEN,Kenya,2014,IT.NET.SECR.P6,9.94540018726885
KEN,Kenya,2013,IT.NET.SECR.P6,7.0242840837436
KEN,Kenya,2012,IT.NET.SECR.P6,5.2177911731971
KEN,Kenya,2011,IT.NET.SECR.P6,2.22178249118929
KEN,Kenya,2010,IT.NET.SECR.P6,1.56255382547192
KIR,Kiribati,2024,IT.NET.SECR.P6,22.3018480798109
KIR,Kiribati,2023,IT.NET.SECR.P6,22.6363842148947
KIR,Kiribati,2022,IT.NET.SECR.P6,53.6525918034169
KIR,Kiribati,2021,IT.NET.SECR.P6,38.9477865972877
KIR,Kiribati,2020,IT.NET.SECR.P6,39.6513850228788
KIR,Kiribati,2019,IT.NET.SECR.P6,8.06965728165525
KIR,Kiribati,2018,IT.NET.SECR.P6,40.9554077520396
KIR,Kiribati,2017,IT.NET.SECR.P6,24.9428393265433
KIR,Kiribati,2016,IT.NET.SECR.P6,25.3211566704367
KIR,Kiribati,2015,IT.NET.SECR.P6,8.56054445062706
KIR,Kiribati,2014,IT.NET.SECR.P6,8.67107157102475
KIR,Kiribati,2013,IT.NET.SECR.P6,8.78441293768338
KIR,Kiribati,2012,IT.NET.SECR.P6,8.90598838659114
KIR,Kiribati,2011,IT.NET.SECR.P6,0.0
KIR,Kiribati,2010,IT.NET.SECR.P6,0.0
PRK,"Korea, Dem. People's Rep.",2024,IT.NET.SECR.P6,10.4155569475671
PRK,"Korea, Dem. People's Rep.",2023,IT.NET.SECR.P6,3.93667941999388
PRK,"Korea, Dem. People's Rep.",2022,IT.NET.SECR.P6,3.19041720212186
PRK,"Korea, Dem. People's Rep.",2021,IT.NET.SECR.P6,6.25177880261205
PRK,"Korea, Dem. People's Rep.",2020,IT.NET.SECR.P6,0.0765218903110737
PRK,"Korea, Dem. People's Rep.",2017,IT.NET.SECR.P6,0.0387331037002547
PRK,"Korea, Dem. People's Rep.",2016,IT.NET.SECR.P6,0.0
PRK,"Korea, Dem. People's Rep.",2013,IT.NET.SECR.P6,0.0
PRK,"Korea, Dem. People's Rep.",2012,IT.NET.SECR.P6,0.0
PRK,"Korea, Dem. People's Rep.",2011,IT.NET.SECR.P6,0.0
PRK,"Korea, Dem. People's Rep.",2010,IT.NET.SECR.P6,0.0
KOR,"Korea, Rep.",2024,IT.NET.SECR.P6,11902.38307173
KOR,"Korea, Rep.",2023,IT.NET.SECR.P6,9728.36049939764
KOR,"Korea, Rep.",2022,IT.NET.SECR.P6,8821.91477648421
KOR,"Korea, Rep.",2021,IT.NET.SECR.P6,7334.11978035964
KOR,"Korea, Rep.",2020,IT.NET.SECR.P6,5939.01112308707
KOR,"Korea, Rep.",2019,IT.NET.SECR.P6,4538.9511819436
KOR,"Korea, Rep.",2018,IT.NET.SECR.P6,2065.98585194961
KOR,"Korea, Rep.",2017,IT.NET.SECR.P6,1198.94292873955
KOR,"Korea, Rep.",2016,IT.NET.SECR.P6,720.999297841807
KOR,"Korea, Rep.",2015,IT.NET.SECR.P6,557.718897561532
KOR,"Korea, Rep.",2014,IT.NET.SECR.P6,406.608048817559
KOR,"Korea, Rep.",2013,IT.NET.SECR.P6,337.108331923923
KOR,"Korea, Rep.",2012,IT.NET.SECR.P6,268.327478966921
KOR,"Korea, Rep.",2011,IT.NET.SECR.P6,208.524250270913
KOR,"Korea, Rep.",2010,IT.NET.SECR.P6,175.323492831432
KWT,Kuwait,2024,IT.NET.SECR.P6,384.296289580527
KWT,Kuwait,2023,IT.NET.SECR.P6,385.501357805424
KWT,Kuwait,2022,IT.NET.SECR.P6,388.48337441496
KWT,Kuwait,2021,IT.NET.SECR.P6,400.608594854461
KWT,Kuwait,2020,IT.NET.SECR.P6,402.248318113424
KWT,Kuwait,2019,IT.NET.SECR.P6,415.098790810919
KWT,Kuwait,2018,IT.NET.SECR.P6,394.355056013452
KWT,Kuwait,2017,IT.NET.SECR.P6,472.704902171265
KWT,Kuwait,2016,IT.NET.SECR.P6,393.347212454447
KWT,Kuwait,2015,IT.NET.SECR.P6,332.761866116027
KWT,Kuwait,2014,IT.NET.SECR.P6,260.783507134448
KWT,Kuwait,2013,IT.NET.SECR.P6,225.209558919952
KWT,Kuwait,2012,IT.NET.SECR.P6,188.486501339932
KWT,Kuwait,2011,IT.NET.SECR.P6,118.104681605738
KWT,Kuwait,2010,IT.NET.SECR.P6,80.180147123775
KGZ,Kyrgyz Republic,2024,IT.NET.SECR.P6,1301.74076845492
KGZ,Kyrgyz Republic,2023,IT.NET.SECR.P6,816.366773477939
KGZ,Kyrgyz Republic,2022,IT.NET.SECR.P6,639.836449603023
KGZ,Kyrgyz Republic,2021,IT.NET.SECR.P6,515.674279515602
KGZ,Kyrgyz Republic,2020,IT.NET.SECR.P6,411.946845031276
KGZ,Kyrgyz Republic,2019,IT.NET.SECR.P6,282.085050084132
KGZ,Kyrgyz Republic,2018,IT.NET.SECR.P6,166.819804660992
KGZ,Kyrgyz Republic,2017,IT.NET.SECR.P6,101.320881805624
KGZ,Kyrgyz Republic,2016,IT.NET.SECR.P6,41.6171552067271
KGZ,Kyrgyz Republic,2015,IT.NET.SECR.P6,22.5164220875505
KGZ,Kyrgyz Republic,2014,IT.NET.SECR.P6,13.8845429140743
KGZ,Kyrgyz Republic,2013,IT.NET.SECR.P6,7.61621214612742
KGZ,Kyrgyz Republic,2012,IT.NET.SECR.P6,6.72319338947318
KGZ,Kyrgyz Republic,2011,IT.NET.SECR.P6,1.44232840844289
KGZ,Kyrgyz Republic,2010,IT.NET.SECR.P6,1.82913701864202
LAO,Lao PDR,2024,IT.NET.SECR.P6,301.680129228236
LAO,Lao PDR,2023,IT.NET.SECR.P6,274.103316206551
LAO,Lao PDR,2022,IT.NET.SECR.P6,273.977785706509
LAO,Lao PDR,2021,IT.NET.SECR.P6,82.246618027117
LAO,Lao PDR,2020,IT.NET.SECR.P6,52.2695535431475
LAO,Lao PDR,2019,IT.NET.SECR.P6,30.9493320747272
LAO,Lao PDR,2018,IT.NET.SECR.P6,20.201892664819
LAO,Lao PDR,2017,IT.NET.SECR.P6,16.2436039028536
LAO,Lao PDR,2016,IT.NET.SECR.P6,8.25034499468938
LAO,Lao PDR,2015,IT.NET.SECR.P6,4.11665119246888
LAO,Lao PDR,2014,IT.NET.SECR.P6,3.28202826960132
LAO,Lao PDR,2013,IT.NET.SECR.P6,2.57132204522956
LAO,Lao PDR,2012,IT.NET.SECR.P6,1.84077933688379
LAO,Lao PDR,2011,IT.NET.SECR.P6,0.933621096102287
LAO,Lao PDR,2010,IT.NET.SECR.P6,0.473619848081698
LVA,Latvia,2024,IT.NET.SECR.P6,28218.3820582126
LVA,Latvia,2023,IT.NET.SECR.P6,26083.1019636781
LVA,Latvia,2022,IT.NET.SECR.P6,22271.1389855075
LVA,Latvia,2021,IT.NET.SECR.P6,22572.6854480523
LVA,Latvia,2020,IT.NET.SECR.P6,20328.8801751586
LVA,Latvia,2019,IT.NET.SECR.P6,19857.6461133794
LVA,Latvia,2018,IT.NET.SECR.P6,14504.1392214714
LVA,Latvia,2017,IT.NET.SECR.P6,11948.0107586673
LVA,Latvia,2016,IT.NET.SECR.P6,2938.44923571231
LVA,Latvia,2015,IT.NET.SECR.P6,1312.75072350466
LVA,Latvia,2014,IT.NET.SECR.P6,914.844250775662
LVA,Latvia,2013,IT.NET.SECR.P6,710.507108300661
LVA,Latvia,2012,IT.NET.SECR.P6,560.875654211557
LVA,Latvia,2011,IT.NET.SECR.P6,326.745185849069
LVA,Latvia,2010,IT.NET.SECR.P6,227.407624591489
LBN,Lebanon,2024,IT.NET.SECR.P6,267.311429182623
LBN,Lebanon,2023,IT.NET.SECR.P6,676.020565020171
LBN,Lebanon,2022,IT.NET.SECR.P6,260.249432107886
LBN,Lebanon,2021,IT.NET.SECR.P6,341.02105551438
LBN,Lebanon,2020,IT.NET.SECR.P6,322.32053953442
LBN,Lebanon,2019,IT.NET.SECR.P6,244.193122072055
LBN,Lebanon,2018,IT.NET.SECR.P6,199.695226649069
LBN,Lebanon,2017,IT.NET.SECR.P6,131.977777085152
LBN,Lebanon,2016,IT.NET.SECR.P6,93.6255547155966
LBN,Lebanon,2015,IT.NET.SECR.P6,84.511799129513
LBN,Lebanon,2014,IT.NET.SECR.P6,71.5299693240418
LBN,Lebanon,2013,IT.NET.SECR.P6,59.0239013719314
LBN,Lebanon,2012,IT.NET.SECR.P6,51.9506117757521
LBN,Lebanon,2011,IT.NET.SECR.P6,31.3970510319818
LBN,Lebanon,2010,IT.NET.SECR.P6,16.4640464897066
LSO,Lesotho,2024,IT.NET.SECR.P6,85.9921374950105
LSO,Lesotho,2023,IT.NET.SECR.P6,89.1206988447189
LSO,Lesotho,2022,IT.NET.SECR.P6,75.6743988696957
LSO,Lesotho,2021,IT.NET.SECR.P6,67.210779194019
LSO,Lesotho,2020,IT.NET.SECR.P6,67.0922702100927
LSO,Lesotho,2019,IT.NET.SECR.P6,60.6498129586925
LSO,Lesotho,2018,IT.NET.SECR.P6,38.0105724346413
LSO,Lesotho,2017,IT.NET.SECR.P6,19.4704952459541
LSO,Lesotho,2016,IT.NET.SECR.P6,8.44903028601845
LSO,Lesotho,2015,IT.NET.SECR.P6,6.6520606420854
LSO,Lesotho,2014,IT.NET.SECR.P6,1.92299464109468
LSO,Lesotho,2013,IT.NET.SECR.P6,1.94504849005886
LSO,Lesotho,2012,IT.NET.SECR.P6,0.983113066850705
LSO,Lesotho,2011,IT.NET.SECR.P6,0.993044221748761
LSO,Lesotho,2010,IT.NET.SECR.P6,0.500939010174572
LBR,Liberia,2024,IT.NET.SECR.P6,13.0059469246904
LBR,Liberia,2023,IT.NET.SECR.P6,9.28449156758809
LBR,Liberia,2022,IT.NET.SECR.P6,8.18864554963864
LBR,Liberia,2021,IT.NET.SECR.P6,6.65484892257045
LBR,Liberia,2020,IT.NET.SECR.P6,6.02004519694578
LBR,Liberia,2019,IT.NET.SECR.P6,4.75839167154567
LBR,Liberia,2018,IT.NET.SECR.P6,2.22459242433251
LBR,Liberia,2017,IT.NET.SECR.P6,1.85608150260109
LBR,Liberia,2016,IT.NET.SECR.P6,2.10278054877526
LBR,Liberia,2015,IT.NET.SECR.P6,0.858473920957301
LBR,Liberia,2014,IT.NET.SECR.P6,0.87636792817639
LBR,Liberia,2013,IT.NET.SECR.P6,0.447403371497587
LBR,Liberia,2012,IT.NET.SECR.P6,0.45734743518415
LBR,Liberia,2011,IT.NET.SECR.P6,0.236900694545456
LBR,Liberia,2010,IT.NET.SECR.P6,0.492745553587311
LBY,Libya,2024,IT.NET.SECR.P6,388.564024255174
LBY,Libya,2023,IT.NET.SECR.P6,112.241756698472
LBY,Libya,2022,IT.NET.SECR.P6,174.008019319458
LBY,Libya,2021,IT.NET.SECR.P6,155.427161912637
LBY,Libya,2020,IT.NET.SECR.P6,722.88311847207
LBY,Libya,2019,IT.NET.SECR.P6,1024.16432205113
LBY,Libya,2018,IT.NET.SECR.P6,1072.41071943502
LBY,Libya,2017,IT.NET.SECR.P6,916.190936921723
LBY,Libya,2016,IT.NET.SECR.P6,139.623402812311
LBY,Libya,2015,IT.NET.SECR.P6,6.12386840480424
LBY,Libya,2014,IT.NET.SECR.P6,5.60114960483889
LBY,Libya,2013,IT.NET.SECR.P6,5.71009106326337
LBY,Libya,2012,IT.NET.SECR.P6,1.45646905294556
LBY,Libya,2011,IT.NET.SECR.P6,1.10354343066113
LBY,Libya,2010,IT.NET.SECR.P6,1.07728123149866
LIE,Liechtenstein,2024,IT.NET.SECR.P6,60321.3844252163
LIE,Liechtenstein,2023,IT.NET.SECR.P6,66179.7921999699
LIE,Liechtenstein,2022,IT.NET.SECR.P6,66037.0192185957
LIE,Liechtenstein,2021,IT.NET.SECR.P6,62069.3175437701
LIE,Liechtenstein,2020,IT.NET.SECR.P6,51412.5600884296
LIE,Liechtenstein,2019,IT.NET.SECR.P6,47351.0878303037
LIE,Liechtenstein,2018,IT.NET.SECR.P6,34853.3179940386
LIE,Liechtenstein,2017,IT.NET.SECR.P6,23813.2869711817
LIE,Liechtenstein,2016,IT.NET.SECR.P6,17525.7185279457
LIE,Liechtenstein,2015,IT.NET.SECR.P6,15442.4707953273
LIE,Liechtenstein,2014,IT.NET.SECR.P6,14363.1872852234
LIE,Liechtenstein,2013,IT.NET.SECR.P6,11599.61064244
LIE,Liechtenstein,2012,IT.NET.SECR.P6,9766.21109201517
LIE,Liechtenstein,2011,IT.NET.SECR.P6,7490.63670411985
LIE,Liechtenstein,2010,IT.NET.SECR.P6,3803.23135861418
LTU,Lithuania,2024,IT.NET.SECR.P6,98553.1863622546
LTU,Lithuania,2023,IT.NET.SECR.P6,96899.7957573953
LTU,Lithuania,2022,IT.NET.SECR.P6,66487.2888104734
LTU,Lithuania,2021,IT.NET.SECR.P6,53718.8699534963
LTU,Lithuania,2020,IT.NET.SECR.P6,46868.5784678097
LTU,Lithuania,2019,IT.NET.SECR.P6,31265.1075793047
LTU,Lithuania,2018,IT.NET.SECR.P6,18152.6674233825
LTU,Lithuania,2017,IT.NET.SECR.P6,12992.8562860075
LTU,Lithuania,2016,IT.NET.SECR.P6,4363.77538164788
LTU,Lithuania,2015,IT.NET.SECR.P6,1182.71078135515
LTU,Lithuania,2014,IT.NET.SECR.P6,751.722783158277
LTU,Lithuania,2013,IT.NET.SECR.P6,635.542422963276
LTU,Lithuania,2012,IT.NET.SECR.P6,449.62780252106
LTU,Lithuania,2011,IT.NET.SECR.P6,249.990505644601
LTU,Lithuania,2010,IT.NET.SECR.P6,177.252184334523
LUX,Luxembourg,2024,IT.NET.SECR.P6,58437.6643250046
LUX,Luxembourg,2023,IT.NET.SECR.P6,60480.4705670513
LUX,Luxembourg,2022,IT.NET.SECR.P6,63898.0375224122
LUX,Luxembourg,2021,IT.NET.SECR.P6,49199.7675232477
LUX,Luxembourg,2020,IT.NET.SECR.P6,44903.4689627058
LUX,Luxembourg,2019,IT.NET.SECR.P6,39864.4518315293
LUX,Luxembourg,2018,IT.NET.SECR.P6,43151.5749650465
LUX,Luxembourg,2017,IT.NET.SECR.P6,43014.3409084811
LUX,Luxembourg,2016,IT.NET.SECR.P6,11473.9507984344
LUX,Luxembourg,2015,IT.NET.SECR.P6,5500.31249780549
LUX,Luxembourg,2014,IT.NET.SECR.P6,4513.59741443309
LUX,Luxembourg,2013,IT.NET.SECR.P6,3248.30683156655
LUX,Luxembourg,2012,IT.NET.SECR.P6,2320.38663065547
LUX,Luxembourg,2011,IT.NET.SECR.P6,1543.36766683322
LUX,Luxembourg,2010,IT.NET.SECR.P6,1195.37708623876
MAC,"Macao SAR, China",2024,IT.NET.SECR.P6,6586.60844250364
MAC,"Macao SAR, China",2023,IT.NET.SECR.P6,5760.16499705362
MAC,"Macao SAR, China",2022,IT.NET.SECR.P6,6022.44204931345
MAC,"Macao SAR, China",2021,IT.NET.SECR.P6,5169.23076923077
MAC,"Macao SAR, China",2020,IT.NET.SECR.P6,5719.28800700321
MAC,"Macao SAR, China",2019,IT.NET.SECR.P6,3971.72619047619
MAC,"Macao SAR, China",2018,IT.NET.SECR.P6,2540.59796630748
MAC,"Macao SAR, China",2017,IT.NET.SECR.P6,1708.82171499075
MAC,"Macao SAR, China",2016,IT.NET.SECR.P6,1043.67816091954
MAC,"Macao SAR, China",2015,IT.NET.SECR.P6,704.619692020532
MAC,"Macao SAR, China",2014,IT.NET.SECR.P6,477.722374135435
MAC,"Macao SAR, China",2013,IT.NET.SECR.P6,405.473897617841
MAC,"Macao SAR, China",2012,IT.NET.SECR.P6,378.587779538651
MAC,"Macao SAR, China",2011,IT.NET.SECR.P6,263.828238719068
MAC,"Macao SAR, China",2010,IT.NET.SECR.P6,210.428305400372
MDG,Madagascar,2024,IT.NET.SECR.P6,25.0586924005151
MDG,Madagascar,2023,IT.NET.SECR.P6,22.1823794204962
MDG,Madagascar,2022,IT.NET.SECR.P6,17.8071213438029
MDG,Madagascar,2021,IT.NET.SECR.P6,13.876220008546
MDG,Madagascar,2020,IT.NET.SECR.P6,9.87788857437753
MDG,Madagascar,2019,IT.NET.SECR.P6,8.04406759936744
MDG,Madagascar,2018,IT.NET.SECR.P6,5.20095962433214
MDG,Madagascar,2017,IT.NET.SECR.P6,4.70353278241028
MDG,Madagascar,2016,IT.NET.SECR.P6,2.91188274982268
MDG,Madagascar,2015,IT.NET.SECR.P6,1.53382062683552
MDG,Madagascar,2014,IT.NET.SECR.P6,1.09027703858789
MDG,Madagascar,2013,IT.NET.SECR.P6,0.663644595091768
MDG,Madagascar,2012,IT.NET.SECR.P6,0.639319750147022
MDG,Madagascar,2011,IT.NET.SECR.P6,0.39435113901754
MDG,Madagascar,2010,IT.NET.SECR.P6,0.270473247040346
MWI,Malawi,2024,IT.NET.SECR.P6,32.4632055194284
MWI,Malawi,2023,IT.NET.SECR.P6,27.6718471460233
MWI,Malawi,2022,IT.NET.SECR.P6,23.8225718187338
MWI,Malawi,2021,IT.NET.SECR.P6,21.1999067403632
MWI,Malawi,2020,IT.NET.SECR.P6,16.5865597263586
MWI,Malawi,2019,IT.NET.SECR.P6,16.0309037981784
MWI,Malawi,2018,IT.NET.SECR.P6,15.0582243244727
MWI,Malawi,2017,IT.NET.SECR.P6,10.1997176784666
MWI,Malawi,2016,IT.NET.SECR.P6,5.12594474721375
MWI,Malawi,2015,IT.NET.SECR.P6,2.22409683670804
MWI,Malawi,2014,IT.NET.SECR.P6,1.8650500332761
MWI,Malawi,2013,IT.NET.SECR.P6,1.42310740327696
MWI,Malawi,2012,IT.NET.SECR.P6,1.27310875397854
MWI,Malawi,2011,IT.NET.SECR.P6,0.327546203339897
MWI,Malawi,2010,IT.NET.SECR.P6,0.202340908954482
MYS,Malaysia,2024,IT.NET.SECR.P6,7475.46106293289
MYS,Malaysia,2023,IT.NET.SECR.P6,8082.51982602892
MYS,Malaysia,2022,IT.NET.SECR.P6,8416.74162116676
MYS,Malaysia,2021,IT.NET.SECR.P6,7998.18589124991
MYS,Malaysia,2020,IT.NET.SECR.P6,7157.51441786287
MYS,Malaysia,2019,IT.NET.SECR.P6,6424.1677989232
MYS,Malaysia,2018,IT.NET.SECR.P6,5473.06920516799
MYS,Malaysia,2017,IT.NET.SECR.P6,4727.64504393731
MYS,Malaysia,2016,IT.NET.SECR.P6,912.780356269652
MYS,Malaysia,2015,IT.NET.SECR.P6,226.652764187186
MYS,Malaysia,2014,IT.NET.SECR.P6,147.021757167685
MYS,Malaysia,2013,IT.NET.SECR.P6,119.439529015868
MYS,Malaysia,2012,IT.NET.SECR.P6,99.3836360393248
MYS,Malaysia,2011,IT.NET.SECR.P6,56.580405780268
MYS,Malaysia,2010,IT.NET.SECR.P6,44.2144718049164
MDV,Maldives,2024,IT.NET.SECR.P6,1330.05178107575
MDV,Maldives,2023,IT.NET.SECR.P6,1237.6567033084
MDV,Maldives,2022,IT.NET.SECR.P6,1158.16266175163
MDV,Maldives,2021,IT.NET.SECR.P6,1241.87742417961
MDV,Maldives,2020,IT.NET.SECR.P6,1151.12383941623
MDV,Maldives,2019,IT.NET.SECR.P6,789.36955001835
MDV,Maldives,2018,IT.NET.SECR.P6,570.705074413601
MDV,Maldives,2017,IT.NET.SECR.P6,456.04610211505
MDV,Maldives,2016,IT.NET.SECR.P6,227.832567876059
MDV,Maldives,2015,IT.NET.SECR.P6,123.787235433979
MDV,Maldives,2014,IT.NET.SECR.P6,99.1255195023415
MDV,Maldives,2013,IT.NET.SECR.P6,82.4855650261204
MDV,Maldives,2012,IT.NET.SECR.P6,77.5558531402365
MDV,Maldives,2011,IT.NET.SECR.P6,29.4374240648266
MDV,Maldives,2010,IT.NET.SECR.P6,24.9451207343844
MLI,Mali,2024,IT.NET.SECR.P6,20.9979371773584
MLI,Mali,2023,IT.NET.SECR.P6,14.0518412813394
MLI,Mali,2022,IT.NET.SECR.P6,14.6927269701257
MLI,Mali,2021,IT.NET.SECR.P6,11.9256962127651
MLI,Mali,2020,IT.NET.SECR.P6,9.9936280259278
MLI,Mali,2019,IT.NET.SECR.P6,9.635280886237
MLI,Mali,2018,IT.NET.SECR.P6,9.83268295761233
MLI,Mali,2017,IT.NET.SECR.P6,7.16700757900957
MLI,Mali,2016,IT.NET.SECR.P6,2.97009752706032
MLI,Mali,2015,IT.NET.SECR.P6,2.09756111728368
MLI,Mali,2014,IT.NET.SECR.P6,1.38732683594533
MLI,Mali,2013,IT.NET.SECR.P6,0.916400504822128
MLI,Mali,2012,IT.NET.SECR.P6,0.825616132256156
MLI,Mali,2011,IT.NET.SECR.P6,0.425039721479971
MLI,Mali,2010,IT.NET.SECR.P6,0.439003642350506
MLT,Malta,2024,IT.NET.SECR.P6,4507.36313982494
MLT,Malta,2023,IT.NET.SECR.P6,4823.18311994457
MLT,Malta,2022,IT.NET.SECR.P6,5102.49231331186
MLT,Malta,2021,IT.NET.SECR.P6,6185.4675287079
MLT,Malta,2020,IT.NET.SECR.P6,14442.5692059982
MLT,Malta,2019,IT.NET.SECR.P6,10843.1630919684
MLT,Malta,2018,IT.NET.SECR.P6,14436.777618655
MLT,Malta,2017,IT.NET.SECR.P6,14129.555175913
MLT,Malta,2016,IT.NET.SECR.P6,3240.88843907108
MLT,Malta,2015,IT.NET.SECR.P6,3534.28481383098
MLT,Malta,2014,IT.NET.SECR.P6,2874.40510656753
MLT,Malta,2013,IT.NET.SECR.P6,2608.2248534639
MLT,Malta,2012,IT.NET.SECR.P6,2597.44588456008
MLT,Malta,2011,IT.NET.SECR.P6,2039.55144282049
MLT,Malta,2010,IT.NET.SECR.P6,1654.97408976425
MHL,Marshall Islands,2024,IT.NET.SECR.P6,213.060615745179
MHL,Marshall Islands,2023,IT.NET.SECR.P6,154.531640353362
MHL,Marshall Islands,2022,IT.NET.SECR.P6,99.8078698505377
MHL,Marshall Islands,2021,IT.NET.SECR.P6,169.217008726763
MHL,Marshall Islands,2020,IT.NET.SECR.P6,1428.37072074182
MHL,Marshall Islands,2019,IT.NET.SECR.P6,454.473151998546
MHL,Marshall Islands,2018,IT.NET.SECR.P6,176.658937838136
MHL,Marshall Islands,2017,IT.NET.SECR.P6,128.951836489071
MHL,Marshall Islands,2016,IT.NET.SECR.P6,62.8812173803685
MHL,Marshall Islands,2015,IT.NET.SECR.P6,20.4918032786885
MHL,Marshall Islands,2014,IT.NET.SECR.P6,40.163868583822
MHL,Marshall Islands,2013,IT.NET.SECR.P6,19.7312602355912
MHL,Marshall Islands,2012,IT.NET.SECR.P6,38.8961278904685
MHL,Marshall Islands,2011,IT.NET.SECR.P6,57.7956730306124
MHL,Marshall Islands,2010,IT.NET.SECR.P6,19.2145107985551
MRT,Mauritania,2024,IT.NET.SECR.P6,52.2304834511582
MRT,Mauritania,2023,IT.NET.SECR.P6,34.6445085168746
MRT,Mauritania,2022,IT.NET.SECR.P6,25.2274728409847
MRT,Mauritania,2021,IT.NET.SECR.P6,13.7279260229522
MRT,Mauritania,2020,IT.NET.SECR.P6,14.1300323838604
MRT,Mauritania,2019,IT.NET.SECR.P6,7.38633769261554
MRT,Mauritania,2018,IT.NET.SECR.P6,5.53290522479157
MRT,Mauritania,2017,IT.NET.SECR.P6,4.2749251888092
MRT,Mauritania,2016,IT.NET.SECR.P6,3.42578298105273
MRT,Mauritania,2015,IT.NET.SECR.P6,3.53004153598159
MRT,Mauritania,2014,IT.NET.SECR.P6,0.259840551444012
MRT,Mauritania,2013,IT.NET.SECR.P6,0.535573028328064
MRT,Mauritania,2012,IT.NET.SECR.P6,0.276316829297542
MRT,Mauritania,2011,IT.NET.SECR.P6,1.14194000190133
MRT,Mauritania,2010,IT.NET.SECR.P6,1.76940782343669
MUS,Mauritius,2024,IT.NET.SECR.P6,2157.68607433582
MUS,Mauritius,2023,IT.NET.SECR.P6,2490.69592927385
MUS,Mauritius,2022,IT.NET.SECR.P6,1688.68210717745
MUS,Mauritius,2021,IT.NET.SECR.P6,1966.30588770419
MUS,Mauritius,2020,IT.NET.SECR.P6,914.681828163038
MUS,Mauritius,2019,IT.NET.SECR.P6,515.014000955778
MUS,Mauritius,2018,IT.NET.SECR.P6,7843.06288752087
MUS,Mauritius,2017,IT.NET.SECR.P6,379.480538577754
MUS,Mauritius,2016,IT.NET.SECR.P6,321.266835846099
MUS,Mauritius,2015,IT.NET.SECR.P6,234.385083606585
MUS,Mauritius,2014,IT.NET.SECR.P6,189.500859493438
MUS,Mauritius,2013,IT.NET.SECR.P6,126.29802998903
MUS,Mauritius,2012,IT.NET.SECR.P6,96.3466312917933
MUS,Mauritius,2011,IT.NET.SECR.P6,43.9155416303365
MUS,Mauritius,2010,IT.NET.SECR.P6,30.3902751119642
MEX,Mexico,2024,IT.NET.SECR.P6,531.655697865752
MEX,Mexico,2023,IT.NET.SECR.P6,412.117306307005
MEX,Mexico,2022,IT.NET.SECR.P6,381.889508206228
MEX,Mexico,2021,IT.NET.SECR.P6,348.79471968524
MEX,Mexico,2020,IT.NET.SECR.P6,328.196454841059
MEX,Mexico,2019,IT.NET.SECR.P6,275.399004136209
MEX,Mexico,2018,IT.NET.SECR.P6,228.675856015881
MEX,Mexico,2017,IT.NET.SECR.P6,187.552587597265
MEX,Mexico,2016,IT.NET.SECR.P6,120.71850232559
MEX,Mexico,2015,IT.NET.SECR.P6,58.2627046023225
MEX,Mexico,2014,IT.NET.SECR.P6,41.1573270047557
MEX,Mexico,2013,IT.NET.SECR.P6,31.7380986967497
MEX,Mexico,2012,IT.NET.SECR.P6,26.9307332637734
MEX,Mexico,2011,IT.NET.SECR.P6,17.363234634032
MEX,Mexico,2010,IT.NET.SECR.P6,13.4742784517288
FSM,"Micronesia, Fed. Sts.",2024,IT.NET.SECR.P6,194.414987628137
FSM,"Micronesia, Fed. Sts.",2023,IT.NET.SECR.P6,159.815324513895
FSM,"Micronesia, Fed. Sts.",2022,IT.NET.SECR.P6,142.711882548121
FSM,"Micronesia, Fed. Sts.",2021,IT.NET.SECR.P6,179.172937719487
FSM,"Micronesia, Fed. Sts.",2020,IT.NET.SECR.P6,189.33246781348
FSM,"Micronesia, Fed. Sts.",2019,IT.NET.SECR.P6,217.623909613536
FSM,"Micronesia, Fed. Sts.",2018,IT.NET.SECR.P6,191.06715555596
FSM,"Micronesia, Fed. Sts.",2017,IT.NET.SECR.P6,164.412089769001
FSM,"Micronesia, Fed. Sts.",2016,IT.NET.SECR.P6,155.856062342425
FSM,"Micronesia, Fed. Sts.",2015,IT.NET.SECR.P6,137.974171235145
FSM,"Micronesia, Fed. Sts.",2014,IT.NET.SECR.P6,119.930624746301
FSM,"Micronesia, Fed. Sts.",2013,IT.NET.SECR.P6,101.73786775927
FSM,"Micronesia, Fed. Sts.",2012,IT.NET.SECR.P6,111.224395217351
FSM,"Micronesia, Fed. Sts.",2011,IT.NET.SECR.P6,74.2817879626363
FSM,"Micronesia, Fed. Sts.",2010,IT.NET.SECR.P6,27.8965966152129
MDA,Moldova,2024,IT.NET.SECR.P6,13318.0369195265
MDA,Moldova,2023,IT.NET.SECR.P6,11525.8344613825
MDA,Moldova,2022,IT.NET.SECR.P6,8416.33533097055
MDA,Moldova,2021,IT.NET.SECR.P6,6661.50706773881
MDA,Moldova,2020,IT.NET.SECR.P6,5580.36984892586
MDA,Moldova,2019,IT.NET.SECR.P6,4526.64640810983
MDA,Moldova,2018,IT.NET.SECR.P6,3919.17414394118
MDA,Moldova,2017,IT.NET.SECR.P6,3655.28462838666
MDA,Moldova,2016,IT.NET.SECR.P6,660.676815594827
MDA,Moldova,2015,IT.NET.SECR.P6,127.292947970682
MDA,Moldova,2014,IT.NET.SECR.P6,82.9304906020859
MDA,Moldova,2013,IT.NET.SECR.P6,58.750338339002
MDA,Moldova,2012,IT.NET.SECR.P6,45.449396641779
MDA,Moldova,2011,IT.NET.SECR.P6,24.1199790680529
MDA,Moldova,2010,IT.NET.SECR.P6,13.2757862933795
MCO,Monaco,2024,IT.NET.SECR.P6,41495.1722709741
MCO,Monaco,2023,IT.NET.SECR.P6,31805.113461341
MCO,Monaco,2022,IT.NET.SECR.P6,22886.6456037605
MCO,Monaco,2021,IT.NET.SECR.P6,15807.0963220599
MCO,Monaco,2020,IT.NET.SECR.P6,19763.4691195795
MCO,Monaco,2019,IT.NET.SECR.P6,13618.8301975911
MCO,Monaco,2018,IT.NET.SECR.P6,10798.3435550663
MCO,Monaco,2017,IT.NET.SECR.P6,9899.67620362015
MCO,Monaco,2016,IT.NET.SECR.P6,7323.74718317416
MCO,Monaco,2015,IT.NET.SECR.P6,5658.7860815627
MCO,Monaco,2014,IT.NET.SECR.P6,4290.30115146147
MCO,Monaco,2013,IT.NET.SECR.P6,4034.19189212063
MCO,Monaco,2012,IT.NET.SECR.P6,2362.36351588834
MCO,Monaco,2011,IT.NET.SECR.P6,1502.38614269723
MCO,Monaco,2010,IT.NET.SECR.P6,844.314446823267
MNG,Mongolia,2024,IT.NET.SECR.P6,2564.12584246201
MNG,Mongolia,2023,IT.NET.SECR.P6,2354.68502461116
MNG,Mongolia,2022,IT.NET.SECR.P6,2187.98816919588
MNG,Mongolia,2021,IT.NET.SECR.P6,1994.83352892553
MNG,Mongolia,2020,IT.NET.SECR.P6,1709.2429559474
MNG,Mongolia,2019,IT.NET.SECR.P6,1668.46560228028
MNG,Mongolia,2018,IT.NET.SECR.P6,1669.78940455191
MNG,Mongolia,2017,IT.NET.SECR.P6,1510.04297668055
MNG,Mongolia,2016,IT.NET.SECR.P6,432.846335342276
MNG,Mongolia,2015,IT.NET.SECR.P6,74.3343605791341
MNG,Mongolia,2014,IT.NET.SECR.P6,58.722026463385
MNG,Mongolia,2013,IT.NET.SECR.P6,40.3585912575013
MNG,Mongolia,2012,IT.NET.SECR.P6,28.5240896501573
MNG,Mongolia,2011,IT.NET.SECR.P6,12.5613847957716
MNG,Mongolia,2010,IT.NET.SECR.P6,9.12867858360884
MNE,Montenegro,2024,IT.NET.SECR.P6,6424.76243935688
MNE,Montenegro,2023,IT.NET.SECR.P6,2221.22788194294
MNE,Montenegro,2022,IT.NET.SECR.P6,1265.25238497669
MNE,Montenegro,2021,IT.NET.SECR.P6,919.921990615196
MNE,Montenegro,2020,IT.NET.SECR.P6,777.222745335866
MNE,Montenegro,2019,IT.NET.SECR.P6,686.07569489097
MNE,Montenegro,2018,IT.NET.SECR.P6,413.448737145575
MNE,Montenegro,2017,IT.NET.SECR.P6,222.051113290798
MNE,Montenegro,2016,IT.NET.SECR.P6,139.121424219601
MNE,Montenegro,2015,IT.NET.SECR.P6,94.4527424113625
MNE,Montenegro,2014,IT.NET.SECR.P6,68.9385388877488
MNE,Montenegro,2013,IT.NET.SECR.P6,57.8232439803594
MNE,Montenegro,2012,IT.NET.SECR.P6,48.2766833274865
MNE,Montenegro,2011,IT.NET.SECR.P6,27.4041057798483
MNE,Montenegro,2010,IT.NET.SECR.P6,20.987104231646
MAR,Morocco,2024,IT.NET.SECR.P6,577.319401374532
MAR,Morocco,2023,IT.NET.SECR.P6,567.610133561799
MAR,Morocco,2022,IT.NET.SECR.P6,545.607036919008
MAR,Morocco,2021,IT.NET.SECR.P6,602.958637557022
MAR,Morocco,2020,IT.NET.SECR.P6,443.333363947636
MAR,Morocco,2019,IT.NET.SECR.P6,372.23600475194
MAR,Morocco,2018,IT.NET.SECR.P6,297.295517603913
MAR,Morocco,2017,IT.NET.SECR.P6,285.360495928612
MAR,Morocco,2016,IT.NET.SECR.P6,24.5264195364838
MAR,Morocco,2015,IT.NET.SECR.P6,9.47769026838854
MAR,Morocco,2014,IT.NET.SECR.P6,7.13350590180671
MAR,Morocco,2013,IT.NET.SECR.P6,5.38659615395259
MAR,Morocco,2012,IT.NET.SECR.P6,3.38777345365306
MAR,Morocco,2011,IT.NET.SECR.P6,2.3091468832533
MAR,Morocco,2010,IT.NET.SECR.P6,1.57082498742724
MOZ,Mozambique,2024,IT.NET.SECR.P6,37.1624132595491
MOZ,Mozambique,2023,IT.NET.SECR.P6,37.1040304253049
MOZ,Mozambique,2022,IT.NET.SECR.P6,33.4698605589877
MOZ,Mozambique,2021,IT.NET.SECR.P6,32.2002787957537
MOZ,Mozambique,2020,IT.NET.SECR.P6,29.8209883104325
MOZ,Mozambique,2019,IT.NET.SECR.P6,20.8470110472427
MOZ,Mozambique,2018,IT.NET.SECR.P6,12.0267508020016
MOZ,Mozambique,2017,IT.NET.SECR.P6,7.88173338346873
MOZ,Mozambique,2016,IT.NET.SECR.P6,5.7796902781037
MOZ,Mozambique,2015,IT.NET.SECR.P6,4.89686966476633
MOZ,Mozambique,2014,IT.NET.SECR.P6,3.52870807599131
MOZ,Mozambique,2013,IT.NET.SECR.P6,2.43497314404251
MOZ,Mozambique,2012,IT.NET.SECR.P6,1.84897217280445
MOZ,Mozambique,2011,IT.NET.SECR.P6,1.26855048951461
MOZ,Mozambique,2010,IT.NET.SECR.P6,0.782634726763738
MMR,Myanmar,2024,IT.NET.SECR.P6,23.596290875918
MMR,Myanmar,2023,IT.NET.SECR.P6,20.1722406397571
MMR,Myanmar,2022,IT.NET.SECR.P6,14.8260348967657
MMR,Myanmar,2021,IT.NET.SECR.P6,12.6622344101015
MMR,Myanmar,2020,IT.NET.SECR.P6,14.4294640829136
MMR,Myanmar,2019,IT.NET.SECR.P6,12.5948142077787
MMR,Myanmar,2018,IT.NET.SECR.P6,9.4505216123577
MMR,Myanmar,2017,IT.NET.SECR.P6,10.1936724541419
MMR,Myanmar,2016,IT.NET.SECR.P6,21.1085602183142
MMR,Myanmar,2015,IT.NET.SECR.P6,1.07655150253706
MMR,Myanmar,2014,IT.NET.SECR.P6,0.730047496100856
MMR,Myanmar,2013,IT.NET.SECR.P6,0.179059372466932
MMR,Myanmar,2012,IT.NET.SECR.P6,0.10032616839956
MMR,Myanmar,2011,IT.NET.SECR.P6,0.0202347964844874
MMR,Myanmar,2010,IT.NET.SECR.P6,0.0203980133803624
NAM,Namibia,2024,IT.NET.SECR.P6,427.374262036856
NAM,Namibia,2023,IT.NET.SECR.P6,389.457644793704
NAM,Namibia,2022,IT.NET.SECR.P6,315.607846177165
NAM,Namibia,2021,IT.NET.SECR.P6,246.215328825553
NAM,Namibia,2020,IT.NET.SECR.P6,199.357804015154
NAM,Namibia,2019,IT.NET.SECR.P6,138.087465959176
NAM,Namibia,2018,IT.NET.SECR.P6,142.007591586167
NAM,Namibia,2017,IT.NET.SECR.P6,114.4861705094
NAM,Namibia,2016,IT.NET.SECR.P6,75.8441349730425
NAM,Namibia,2015,IT.NET.SECR.P6,61.4918081118645
NAM,Namibia,2014,IT.NET.SECR.P6,41.9524950705818
NAM,Namibia,2013,IT.NET.SECR.P6,32.852269559087
NAM,Namibia,2012,IT.NET.SECR.P6,29.1617721973486
NAM,Namibia,2011,IT.NET.SECR.P6,11.1819039521042
NAM,Namibia,2010,IT.NET.SECR.P6,6.63566546956102
NRU,Naoero,2024,IT.NET.SECR.P6,669.624173432661
NRU,Naoero,2023,IT.NET.SECR.P6,421.052631578947
NRU,Naoero,2022,IT.NET.SECR.P6,254.215744428438
NRU,Naoero,2021,IT.NET.SECR.P6,427.021948928175
NRU,Naoero,2020,IT.NET.SECR.P6,343.554066821266
NRU,Naoero,2018,IT.NET.SECR.P6,87.1307833057419
NRU,Naoero,2017,IT.NET.SECR.P6,88.3080183680678
NRU,Naoero,2016,IT.NET.SECR.P6,89.6860986547085
NRU,Naoero,2013,IT.NET.SECR.P6,0.0
NRU,Naoero,2012,IT.NET.SECR.P6,0.0
NRU,Naoero,2011,IT.NET.SECR.P6,99.0295107942167
NRU,Naoero,2010,IT.NET.SECR.P6,0.0
NPL,Nepal,2024,IT.NET.SECR.P6,541.228652445205
NPL,Nepal,2023,IT.NET.SECR.P6,642.608117418196
NPL,Nepal,2022,IT.NET.SECR.P6,359.476468728239
NPL,Nepal,2021,IT.NET.SECR.P6,269.787864363744
NPL,Nepal,2020,IT.NET.SECR.P6,210.449464959163
NPL,Nepal,2019,IT.NET.SECR.P6,190.187507144349
NPL,Nepal,2018,IT.NET.SECR.P6,182.551879402938
NPL,Nepal,2017,IT.NET.SECR.P6,156.080101793358
NPL,Nepal,2016,IT.NET.SECR.P6,18.1717619261667
NPL,Nepal,2015,IT.NET.SECR.P6,5.2832791869098
NPL,Nepal,2014,IT.NET.SECR.P6,3.57757575516662
NPL,Nepal,2013,IT.NET.SECR.P6,2.86335670363997
NPL,Nepal,2012,IT.NET.SECR.P6,2.28800415763041
NPL,Nepal,2011,IT.NET.SECR.P6,1.27437265001132
NPL,Nepal,2010,IT.NET.SECR.P6,0.877772003988596
NLD,Netherlands,2024,IT.NET.SECR.P6,198682.41199523
NLD,Netherlands,2023,IT.NET.SECR.P6,194962.867894191
NLD,Netherlands,2022,IT.NET.SECR.P6,181183.789690312
NLD,Netherlands,2021,IT.NET.SECR.P6,164133.506993994
NLD,Netherlands,2020,IT.NET.SECR.P6,136862.999168649
NLD,Netherlands,2019,IT.NET.SECR.P6,130279.470464876
NLD,Netherlands,2018,IT.NET.SECR.P6,100581.523830836
NLD,Netherlands,2017,IT.NET.SECR.P6,70412.1276055238
NLD,Netherlands,2016,IT.NET.SECR.P6,24130.7940652181
NLD,Netherlands,2015,IT.NET.SECR.P6,9728.85177813382
NLD,Netherlands,2014,IT.NET.SECR.P6,7204.7401341286
NLD,Netherlands,2013,IT.NET.SECR.P6,5668.32607017006
NLD,Netherlands,2012,IT.NET.SECR.P6,4852.83105983768
NLD,Netherlands,2011,IT.NET.SECR.P6,3200.84844768555
NLD,Netherlands,2010,IT.NET.SECR.P6,2084.81363728119
NCL,New Caledonia,2024,IT.NET.SECR.P6,7541.71521909247
NCL,New Caledonia,2023,IT.NET.SECR.P6,7648.25611481009
NCL,New Caledonia,2022,IT.NET.SECR.P6,6899.48210348875
NCL,New Caledonia,2021,IT.NET.SECR.P6,6023.54723120183
NCL,New Caledonia,2020,IT.NET.SECR.P6,5471.96103822983
NCL,New Caledonia,2019,IT.NET.SECR.P6,4686.07857379604
NCL,New Caledonia,2018,IT.NET.SECR.P6,3332.85133366956
NCL,New Caledonia,2017,IT.NET.SECR.P6,2824.93845795744
NCL,New Caledonia,2016,IT.NET.SECR.P6,1249.0164877233
NCL,New Caledonia,2015,IT.NET.SECR.P6,755.735111312013
NCL,New Caledonia,2014,IT.NET.SECR.P6,526.270873040708
NCL,New Caledonia,2013,IT.NET.SECR.P6,361.242964793261
NCL,New Caledonia,2012,IT.NET.SECR.P6,305.55933925554
NCL,New Caledonia,2011,IT.NET.SECR.P6,165.076554252034
NCL,New Caledonia,2010,IT.NET.SECR.P6,122.332576400517
NZL,New Zealand,2024,IT.NET.SECR.P6,18709.4517958412
NZL,New Zealand,2023,IT.NET.SECR.P6,18993.6538461538
NZL,New Zealand,2022,IT.NET.SECR.P6,18499.3210933349
NZL,New Zealand,2021,IT.NET.SECR.P6,16145.0261574165
NZL,New Zealand,2020,IT.NET.SECR.P6,20581.3815945115
NZL,New Zealand,2019,IT.NET.SECR.P6,20156.9321771322
NZL,New Zealand,2018,IT.NET.SECR.P6,17618.0467697833
NZL,New Zealand,2017,IT.NET.SECR.P6,14919.1873026425
NZL,New Zealand,2016,IT.NET.SECR.P6,6401.64612545343
NZL,New Zealand,2015,IT.NET.SECR.P6,3921.11771597171
NZL,New Zealand,2014,IT.NET.SECR.P6,3485.66367762648
NZL,New Zealand,2013,IT.NET.SECR.P6,3193.98482699624
NZL,New Zealand,2012,IT.NET.SECR.P6,2862.4577482362
NZL,New Zealand,2011,IT.NET.SECR.P6,2033.07481751825
NZL,New Zealand,2010,IT.NET.SECR.P6,1388.74204151056
NIC,Nicaragua,2024,IT.NET.SECR.P6,93.9830599149236
NIC,Nicaragua,2023,IT.NET.SECR.P6,103.464249804319
NIC,Nicaragua,2022,IT.NET.SECR.P6,95.0873421810124
NIC,Nicaragua,2021,IT.NET.SECR.P6,104.744488912359
NIC,Nicaragua,2020,IT.NET.SECR.P6,92.9132052055156
NIC,Nicaragua,2019,IT.NET.SECR.P6,86.9879452290582
NIC,Nicaragua,2018,IT.NET.SECR.P6,69.9991250109374
NIC,Nicaragua,2017,IT.NET.SECR.P6,123.649689189645
NIC,Nicaragua,2016,IT.NET.SECR.P6,34.9770066292659
NIC,Nicaragua,2015,IT.NET.SECR.P6,22.1159176552834
NIC,Nicaragua,2014,IT.NET.SECR.P6,16.6488309883208
NIC,Nicaragua,2013,IT.NET.SECR.P6,12.8679803704809
NIC,Nicaragua,2012,IT.NET.SECR.P6,10.8450919265577
NIC,Nicaragua,2011,IT.NET.SECR.P6,5.67102780161233
NIC,Nicaragua,2010,IT.NET.SECR.P6,4.70592336316656
NER,Niger,2024,IT.NET.SECR.P6,5.2159607511161
NER,Niger,2023,IT.NET.SECR.P6,4.74008526113684
NER,Niger,2022,IT.NET.SECR.P6,4.18774150873186
NER,Niger,2021,IT.NET.SECR.P6,1.42844665812864
NER,Niger,2020,IT.NET.SECR.P6,1.47569656356228
NER,Niger,2019,IT.NET.SECR.P6,0.87154487473438
NER,Niger,2018,IT.NET.SECR.P6,0.495761934037613
NER,Niger,2017,IT.NET.SECR.P6,0.466517001792265
NER,Niger,2016,IT.NET.SECR.P6,0.241712254806484
NER,Niger,2015,IT.NET.SECR.P6,0.300910283699219
NER,Niger,2014,IT.NET.SECR.P6,0.260201065689893
NER,Niger,2013,IT.NET.SECR.P6,0.269979888658134
NER,Niger,2012,IT.NET.SECR.P6,0.224255861585694
NER,Niger,2011,IT.NET.SECR.P6,0.116439627828675
NER,Niger,2010,IT.NET.SECR.P6,0.181281643088471
NGA,Nigeria,2024,IT.NET.SECR.P6,98.36277868906
NGA,Nigeria,2023,IT.NET.SECR.P6,47.5989986876815
NGA,Nigeria,2022,IT.NET.SECR.P6,47.0936939460015
NGA,Nigeria,2021,IT.NET.SECR.P6,61.547814694274
NGA,Nigeria,2020,IT.NET.SECR.P6,71.2255701423008
NGA,Nigeria,2019,IT.NET.SECR.P6,71.7758025238589
NGA,Nigeria,2018,IT.NET.SECR.P6,176.062355799907
NGA,Nigeria,2017,IT.NET.SECR.P6,212.374669345264
NGA,Nigeria,2016,IT.NET.SECR.P6,45.0973861014707
NGA,Nigeria,2015,IT.NET.SECR.P6,3.37228545050571
NGA,Nigeria,2014,IT.NET.SECR.P6,2.84028382074011
NGA,Nigeria,2013,IT.NET.SECR.P6,2.10992087945833
NGA,Nigeria,2012,IT.NET.SECR.P6,1.645851142696
NGA,Nigeria,2011,IT.NET.SECR.P6,0.904425041305092
NGA,Nigeria,2010,IT.NET.SECR.P6,0.612087335069317
MKD,North Macedonia,2024,IT.NET.SECR.P6,2068.12365329412
MKD,North Macedonia,2023,IT.NET.SECR.P6,1857.95506768734
MKD,North Macedonia,2022,IT.NET.SECR.P6,1735.53484390559
MKD,North Macedonia,2021,IT.NET.SECR.P6,1546.44730811479
MKD,North Macedonia,2020,IT.NET.SECR.P6,1142.16507086811
MKD,North Macedonia,2019,IT.NET.SECR.P6,766.417483272592
MKD,North Macedonia,2018,IT.NET.SECR.P6,512.426609975062
MKD,North Macedonia,2017,IT.NET.SECR.P6,546.175533548187
MKD,North Macedonia,2016,IT.NET.SECR.P6,509.360215242722
MKD,North Macedonia,2015,IT.NET.SECR.P6,124.971894396135
MKD,North Macedonia,2014,IT.NET.SECR.P6,105.86386741046
MKD,North Macedonia,2013,IT.NET.SECR.P6,70.2131776091737
MKD,North Macedonia,2012,IT.NET.SECR.P6,48.70918079967
MKD,North Macedonia,2011,IT.NET.SECR.P6,23.7431854476984
MKD,North Macedonia,2010,IT.NET.SECR.P6,21.0656333202829
MNP,Northern Mariana Islands,2024,IT.NET.SECR.P6,1445.41307195447
MNP,Northern Mariana Islands,2023,IT.NET.SECR.P6,2037.96823427774
MNP,Northern Mariana Islands,2022,IT.NET.SECR.P6,2148.53075220279
MNP,Northern Mariana Islands,2021,IT.NET.SECR.P6,2086.03844270844
MNP,Northern Mariana Islands,2020,IT.NET.SECR.P6,1956.74128934523
MNP,Northern Mariana Islands,2019,IT.NET.SECR.P6,1620.64451785826
MNP,Northern Mariana Islands,2018,IT.NET.SECR.P6,285.266010554842
MNP,Northern Mariana Islands,2017,IT.NET.SECR.P6,280.22978842651
MNP,Northern Mariana Islands,2016,IT.NET.SECR.P6,452.99667145924
MNP,Northern Mariana Islands,2015,IT.NET.SECR.P6,504.717164266025
MNP,Northern Mariana Islands,2014,IT.NET.SECR.P6,459.963969489057
MNP,Northern Mariana Islands,2013,IT.NET.SECR.P6,454.907312635051
MNP,Northern Mariana Islands,2012,IT.NET.SECR.P6,225.419844460307
MNP,Northern Mariana Islands,2011,IT.NET.SECR.P6,223.847186987017
MNP,Northern Mariana Islands,2010,IT.NET.SECR.P6,129.411547207484
NOR,Norway,2024,IT.NET.SECR.P6,35469.8678942673
NOR,Norway,2023,IT.NET.SECR.P6,37715.0449824181
NOR,Norway,2022,IT.NET.SECR.P6,44150.8874541494
NOR,Norway,2021,IT.NET.SECR.P6,43861.1250813561
NOR,Norway,2020,IT.NET.SECR.P6,39030.0168696759
NOR,Norway,2019,IT.NET.SECR.P6,36180.9578944692
NOR,Norway,2018,IT.NET.SECR.P6,20886.248954238
NOR,Norway,2017,IT.NET.SECR.P6,14572.5727349493
NOR,Norway,2016,IT.NET.SECR.P6,7003.5088228737
NOR,Norway,2015,IT.NET.SECR.P6,4093.96973021853
NOR,Norway,2014,IT.NET.SECR.P6,3571.3785166798
NOR,Norway,2013,IT.NET.SECR.P6,3211.2619381399
NOR,Norway,2012,IT.NET.SECR.P6,3000.05599201207
NOR,Norway,2011,IT.NET.SECR.P6,2333.89756047137
NOR,Norway,2010,IT.NET.SECR.P6,1557.29342647914
OMN,Oman,2024,IT.NET.SECR.P6,286.658923972525
OMN,Oman,2023,IT.NET.SECR.P6,279.446391150878
OMN,Oman,2022,IT.NET.SECR.P6,284.341593826595
OMN,Oman,2021,IT.NET.SECR.P6,272.418776541944
OMN,Oman,2020,IT.NET.SECR.P6,263.128974988817
OMN,Oman,2019,IT.NET.SECR.P6,197.767880187514
OMN,Oman,2018,IT.NET.SECR.P6,164.641202885593
OMN,Oman,2017,IT.NET.SECR.P6,145.898660817791
OMN,Oman,2016,IT.NET.SECR.P6,130.497848151975
OMN,Oman,2015,IT.NET.SECR.P6,118.760446797351
OMN,Oman,2014,IT.NET.SECR.P6,100.188909812242
OMN,Oman,2013,IT.NET.SECR.P6,73.2932646098125
OMN,Oman,2012,IT.NET.SECR.P6,59.7670326175761
OMN,Oman,2011,IT.NET.SECR.P6,26.32636962938
OMN,Oman,2010,IT.NET.SECR.P6,22.4845744939339
PAK,Pakistan,2024,IT.NET.SECR.P6,109.651337877655
PAK,Pakistan,2023,IT.NET.SECR.P6,113.359557368847
PAK,Pakistan,2022,IT.NET.SECR.P6,116.150687433285
PAK,Pakistan,2021,IT.NET.SECR.P6,65.7388698838102
PAK,Pakistan,2020,IT.NET.SECR.P6,69.3313997760681
PAK,Pakistan,2019,IT.NET.SECR.P6,58.7042774040494
PAK,Pakistan,2018,IT.NET.SECR.P6,102.062808291507
PAK,Pakistan,2017,IT.NET.SECR.P6,107.146392037725
PAK,Pakistan,2016,IT.NET.SECR.P6,29.2906020154033
PAK,Pakistan,2015,IT.NET.SECR.P6,3.1294456104723
PAK,Pakistan,2014,IT.NET.SECR.P6,2.23555311950272
PAK,Pakistan,2013,IT.NET.SECR.P6,1.55395754184346
PAK,Pakistan,2012,IT.NET.SECR.P6,1.1556956836572
PAK,Pakistan,2011,IT.NET.SECR.P6,0.716578256370252
PAK,Pakistan,2010,IT.NET.SECR.P6,0.532024227158645
PLW,Palau,2024,IT.NET.SECR.P6,1469.3416219271
PLW,Palau,2023,IT.NET.SECR.P6,1353.86698256896
PLW,Palau,2022,IT.NET.SECR.P6,1407.73692212399
PLW,Palau,2021,IT.NET.SECR.P6,1068.43614688185
PLW,Palau,2020,IT.NET.SECR.P6,955.485611510791
PLW,Palau,2019,IT.NET.SECR.P6,730.419148218901
PLW,Palau,2018,IT.NET.SECR.P6,842.034355001684
PLW,Palau,2017,IT.NET.SECR.P6,224.56770716371
PLW,Palau,2016,IT.NET.SECR.P6,168.567736135304
PLW,Palau,2015,IT.NET.SECR.P6,168.823860438942
PLW,Palau,2014,IT.NET.SECR.P6,112.898673440587
PLW,Palau,2013,IT.NET.SECR.P6,169.990933816863
PLW,Palau,2012,IT.NET.SECR.P6,56.290458767239
PLW,Palau,2011,IT.NET.SECR.P6,0.0
PLW,Palau,2010,IT.NET.SECR.P6,0.0
PAN,Panama,2024,IT.NET.SECR.P6,2234.48741988012
PAN,Panama,2023,IT.NET.SECR.P6,2621.1329206176
PAN,Panama,2022,IT.NET.SECR.P6,2231.65339361971
PAN,Panama,2021,IT.NET.SECR.P6,1548.53230021137
PAN,Panama,2020,IT.NET.SECR.P6,1483.95357282029
PAN,Panama,2019,IT.NET.SECR.P6,1898.36352043828
PAN,Panama,2018,IT.NET.SECR.P6,2146.18533252077
PAN,Panama,2017,IT.NET.SECR.P6,2155.55783811822
PAN,Panama,2016,IT.NET.SECR.P6,511.282211399806
PAN,Panama,2015,IT.NET.SECR.P6,307.32051610655
PAN,Panama,2014,IT.NET.SECR.P6,329.642010831682
PAN,Panama,2013,IT.NET.SECR.P6,258.801269119597
PAN,Panama,2012,IT.NET.SECR.P6,233.2908426561
PAN,Panama,2011,IT.NET.SECR.P6,167.049997224858
PAN,Panama,2010,IT.NET.SECR.P6,134.489539166633
PNG,Papua New Guinea,2024,IT.NET.SECR.P6,88.1198717685677
PNG,Papua New Guinea,2023,IT.NET.SECR.P6,86.3360454914922
PNG,Papua New Guinea,2022,IT.NET.SECR.P6,83.6994859146212
PNG,Papua New Guinea,2021,IT.NET.SECR.P6,85.3898812091926
PNG,Papua New Guinea,2019,IT.NET.SECR.P6,51.8263588028319
PNG,Papua New Guinea,2018,IT.NET.SECR.P6,45.6649535744961
PNG,Papua New Guinea,2017,IT.NET.SECR.P6,28.5443037009324
PNG,Papua New Guinea,2016,IT.NET.SECR.P6,13.7250469162274
PNG,Papua New Guinea,2015,IT.NET.SECR.P6,12.4667657755483
PNG,Papua New Guinea,2014,IT.NET.SECR.P6,10.3244687210248
PNG,Papua New Guinea,2013,IT.NET.SECR.P6,7.22656659317248
PNG,Papua New Guinea,2012,IT.NET.SECR.P6,5.81583118745661
PNG,Papua New Guinea,2011,IT.NET.SECR.P6,2.29026690007031
PNG,Papua New Guinea,2010,IT.NET.SECR.P6,1.44101222987079
PRY,Paraguay,2024,IT.NET.SECR.P6,775.275131029723
PRY,Paraguay,2023,IT.NET.SECR.P6,643.177395689689
PRY,Paraguay,2022,IT.NET.SECR.P6,626.584210787899
PRY,Paraguay,2021,IT.NET.SECR.P6,625.057785679684
PRY,Paraguay,2020,IT.NET.SECR.P6,513.4969749713
PRY,Paraguay,2019,IT.NET.SECR.P6,376.665871585487
PRY,Paraguay,2018,IT.NET.SECR.P6,268.849743176926
PRY,Paraguay,2017,IT.NET.SECR.P6,202.408710989389
PRY,Paraguay,2016,IT.NET.SECR.P6,66.8893538072364
PRY,Paraguay,2015,IT.NET.SECR.P6,43.9999136237858
PRY,Paraguay,2014,IT.NET.SECR.P6,36.0802008497464
PRY,Paraguay,2013,IT.NET.SECR.P6,25.7419834198225
PRY,Paraguay,2012,IT.NET.SECR.P6,16.2794420492562
PRY,Paraguay,2011,IT.NET.SECR.P6,9.28692576272318
PRY,Paraguay,2010,IT.NET.SECR.P6,6.62255002683004
PER,Peru,2024,IT.NET.SECR.P6,826.790743824685
PER,Peru,2023,IT.NET.SECR.P6,749.75734671937
PER,Peru,2022,IT.NET.SECR.P6,701.589027752228
PER,Peru,2021,IT.NET.SECR.P6,597.239427984452
PER,Peru,2020,IT.NET.SECR.P6,457.388853518905
PER,Peru,2019,IT.NET.SECR.P6,385.370372978427
PER,Peru,2018,IT.NET.SECR.P6,258.075972148862
PER,Peru,2017,IT.NET.SECR.P6,219.411959985362
PER,Peru,2016,IT.NET.SECR.P6,72.667793109253
PER,Peru,2015,IT.NET.SECR.P6,46.3595293128809
PER,Peru,2014,IT.NET.SECR.P6,37.5217999997742
PER,Peru,2013,IT.NET.SECR.P6,29.2441601977656
PER,Peru,2012,IT.NET.SECR.P6,24.7374262640266
PER,Peru,2011,IT.NET.SECR.P6,14.7760964119475
PER,Peru,2010,IT.NET.SECR.P6,10.3486145697698
PHL,Philippines,2024,IT.NET.SECR.P6,131.556605552984
PHL,Philippines,2023,IT.NET.SECR.P6,305.497725722229
PHL,Philippines,2022,IT.NET.SECR.P6,100.189236390773
PHL,Philippines,2021,IT.NET.SECR.P6,133.650513103559
PHL,Philippines,2020,IT.NET.SECR.P6,111.026585139154
PHL,Philippines,2019,IT.NET.SECR.P6,108.614542943099
PHL,Philippines,2018,IT.NET.SECR.P6,90.4670354538969
PHL,Philippines,2017,IT.NET.SECR.P6,85.4515929859327
PHL,Philippines,2016,IT.NET.SECR.P6,39.3682643389511
PHL,Philippines,2015,IT.NET.SECR.P6,20.3108843398923
PHL,Philippines,2014,IT.NET.SECR.P6,15.6022432151684
PHL,Philippines,2013,IT.NET.SECR.P6,12.0791953190796
PHL,Philippines,2012,IT.NET.SECR.P6,11.4399215648631
PHL,Philippines,2011,IT.NET.SECR.P6,6.86014766579811
PHL,Philippines,2010,IT.NET.SECR.P6,4.92022156567367
POL,Poland,2024,IT.NET.SECR.P6,41131.8530670488
POL,Poland,2023,IT.NET.SECR.P6,37340.960521191
POL,Poland,2022,IT.NET.SECR.P6,34772.62853538
POL,Poland,2021,IT.NET.SECR.P6,31394.3768568545
POL,Poland,2020,IT.NET.SECR.P6,25438.6771123423
POL,Poland,2019,IT.NET.SECR.P6,20606.063798754
POL,Poland,2018,IT.NET.SECR.P6,16227.0719359574
POL,Poland,2017,IT.NET.SECR.P6,6534.93448528243
POL,Poland,2016,IT.NET.SECR.P6,2492.48836327396
POL,Poland,2015,IT.NET.SECR.P6,955.841788900726
POL,Poland,2014,IT.NET.SECR.P6,681.131761020643
POL,Poland,2013,IT.NET.SECR.P6,517.741811845554
POL,Poland,2012,IT.NET.SECR.P6,399.283674893658
POL,Poland,2011,IT.NET.SECR.P6,227.384652205914
POL,Poland,2010,IT.NET.SECR.P6,155.009645190624
PRT,Portugal,2024,IT.NET.SECR.P6,28710.2532558007
PRT,Portugal,2023,IT.NET.SECR.P6,28927.204260395
PRT,Portugal,2022,IT.NET.SECR.P6,27622.7553426515
PRT,Portugal,2021,IT.NET.SECR.P6,24123.9217277333
PRT,Portugal,2020,IT.NET.SECR.P6,22178.9068183498
PRT,Portugal,2019,IT.NET.SECR.P6,19150.5894803584
PRT,Portugal,2018,IT.NET.SECR.P6,15977.3282734765
PRT,Portugal,2017,IT.NET.SECR.P6,12464.7825791482
PRT,Portugal,2016,IT.NET.SECR.P6,3180.29661074401
PRT,Portugal,2015,IT.NET.SECR.P6,901.325690215055
PRT,Portugal,2014,IT.NET.SECR.P6,535.522238017618
PRT,Portugal,2013,IT.NET.SECR.P6,422.671446105326
PRT,Portugal,2012,IT.NET.SECR.P6,358.255433937013
PRT,Portugal,2011,IT.NET.SECR.P6,213.685737992491
PRT,Portugal,2010,IT.NET.SECR.P6,162.393243230462
PRI,Puerto Rico (US),2024,IT.NET.SECR.P6,471.191289612152
PRI,Puerto Rico (US),2023,IT.NET.SECR.P6,464.761467185468
PRI,Puerto Rico (US),2022,IT.NET.SECR.P6,502.771922284317
PRI,Puerto Rico (US),2021,IT.NET.SECR.P6,494.371126519471
PRI,Puerto Rico (US),2020,IT.NET.SECR.P6,444.906144610952
PRI,Puerto Rico (US),2019,IT.NET.SECR.P6,407.849235668732
PRI,Puerto Rico (US),2018,IT.NET.SECR.P6,373.477902810657
PRI,Puerto Rico (US),2017,IT.NET.SECR.P6,275.885361862792
PRI,Puerto Rico (US),2016,IT.NET.SECR.P6,410.868535859916
PRI,Puerto Rico (US),2015,IT.NET.SECR.P6,312.856507203196
PRI,Puerto Rico (US),2014,IT.NET.SECR.P6,203.62525477564
PRI,Puerto Rico (US),2013,IT.NET.SECR.P6,183.123604026737
PRI,Puerto Rico (US),2012,IT.NET.SECR.P6,166.34594767341
PRI,Puerto Rico (US),2011,IT.NET.SECR.P6,134.291277781508
PRI,Puerto Rico (US),2010,IT.NET.SECR.P6,95.0472081225089
QAT,Qatar,2024,IT.NET.SECR.P6,445.444117933167
QAT,Qatar,2023,IT.NET.SECR.P6,449.542776593053
QAT,Qatar,2022,IT.NET.SECR.P6,512.543967955841
QAT,Qatar,2021,IT.NET.SECR.P6,532.154847878766
QAT,Qatar,2020,IT.NET.SECR.P6,446.289888724577
QAT,Qatar,2019,IT.NET.SECR.P6,468.041128498323
QAT,Qatar,2018,IT.NET.SECR.P6,427.397786831188
QAT,Qatar,2017,IT.NET.SECR.P6,429.331217446638
QAT,Qatar,2016,IT.NET.SECR.P6,388.759010993846
QAT,Qatar,2015,IT.NET.SECR.P6,393.677782199366
QAT,Qatar,2014,IT.NET.SECR.P6,321.134706947152
QAT,Qatar,2013,IT.NET.SECR.P6,253.597060361318
QAT,Qatar,2012,IT.NET.SECR.P6,220.617520050069
QAT,Qatar,2011,IT.NET.SECR.P6,118.786701551797
QAT,Qatar,2010,IT.NET.SECR.P6,71.1267466254997
ROU,Romania,2024,IT.NET.SECR.P6,27229.5998846093
ROU,Romania,2023,IT.NET.SECR.P6,26834.6013459271
ROU,Romania,2022,IT.NET.SECR.P6,24738.0607671931
ROU,Romania,2021,IT.NET.SECR.P6,23316.8405138798
ROU,Romania,2020,IT.NET.SECR.P6,21374.339808723
ROU,Romania,2019,IT.NET.SECR.P6,19164.605923048
ROU,Romania,2018,IT.NET.SECR.P6,15938.0958274045
ROU,Romania,2017,IT.NET.SECR.P6,12254.4025986391
ROU,Romania,2016,IT.NET.SECR.P6,3421.48444135896
ROU,Romania,2015,IT.NET.SECR.P6,361.230253957283
ROU,Romania,2014,IT.NET.SECR.P6,246.72284801747
ROU,Romania,2013,IT.NET.SECR.P6,175.893414695672
ROU,Romania,2012,IT.NET.SECR.P6,131.368800582909
ROU,Romania,2011,IT.NET.SECR.P6,60.9007715487478
ROU,Romania,2010,IT.NET.SECR.P6,39.0183747404722
RUS,Russian Federation,2024,IT.NET.SECR.P6,26105.3190580658
RUS,Russian Federation,2023,IT.NET.SECR.P6,23603.5969263721
RUS,Russian Federation,2022,IT.NET.SECR.P6,19939.0332294434
RUS,Russian Federation,2021,IT.NET.SECR.P6,16210.0206428107
RUS,Russian Federation,2020,IT.NET.SECR.P6,13239.9190367447
RUS,Russian Federation,2019,IT.NET.SECR.P6,9269.6974453469
RUS,Russian Federation,2018,IT.NET.SECR.P6,5157.77007439148
RUS,Russian Federation,2017,IT.NET.SECR.P6,3521.68435067119
RUS,Russian Federation,2016,IT.NET.SECR.P6,1158.54544060337
RUS,Russian Federation,2015,IT.NET.SECR.P6,320.19338178608
RUS,Russian Federation,2014,IT.NET.SECR.P6,120.010629988349
RUS,Russian Federation,2013,IT.NET.SECR.P6,79.5657260670128
RUS,Russian Federation,2012,IT.NET.SECR.P6,57.505156266618
RUS,Russian Federation,2011,IT.NET.SECR.P6,28.8494761103648
RUS,Russian Federation,2010,IT.NET.SECR.P6,17.0949184073965
RWA,Rwanda,2024,IT.NET.SECR.P6,160.978445933022
RWA,Rwanda,2023,IT.NET.SECR.P6,129.134239484965
RWA,Rwanda,2022,IT.NET.SECR.P6,115.522418454871
RWA,Rwanda,2021,IT.NET.SECR.P6,99.3615998490482
RWA,Rwanda,2020,IT.NET.SECR.P6,81.2041356401431
RWA,Rwanda,2019,IT.NET.SECR.P6,70.4440156752024
RWA,Rwanda,2018,IT.NET.SECR.P6,35.954527852187
RWA,Rwanda,2017,IT.NET.SECR.P6,17.9477891438003
RWA,Rwanda,2016,IT.NET.SECR.P6,12.5008568120818
RWA,Rwanda,2015,IT.NET.SECR.P6,7.21648120596336
RWA,Rwanda,2014,IT.NET.SECR.P6,5.54345332680672
RWA,Rwanda,2013,IT.NET.SECR.P6,3.9663437702261
RWA,Rwanda,2012,IT.NET.SECR.P6,2.49309758233247
RWA,Rwanda,2011,IT.NET.SECR.P6,0.756591829962039
RWA,Rwanda,2010,IT.NET.SECR.P6,0.872299856370983
WSM,Samoa,2024,IT.NET.SECR.P6,605.451818419496
WSM,Samoa,2023,IT.NET.SECR.P6,618.472004910852
WSM,Samoa,2022,IT.NET.SECR.P6,566.753847654708
WSM,Samoa,2021,IT.NET.SECR.P6,575.360535880512
WSM,Samoa,2020,IT.NET.SECR.P6,481.25920054354
WSM,Samoa,2019,IT.NET.SECR.P6,443.321574983316
WSM,Samoa,2018,IT.NET.SECR.P6,505.824204410787
WSM,Samoa,2017,IT.NET.SECR.P6,282.355232091133
WSM,Samoa,2016,IT.NET.SECR.P6,142.506842785468
WSM,Samoa,2015,IT.NET.SECR.P6,123.896085874855
WSM,Samoa,2014,IT.NET.SECR.P6,74.9861275664002
WSM,Samoa,2013,IT.NET.SECR.P6,70.6114955514758
WSM,Samoa,2012,IT.NET.SECR.P6,61.0693238608027
WSM,Samoa,2011,IT.NET.SECR.P6,35.9503474344291
WSM,Samoa,2010,IT.NET.SECR.P6,25.9036487879683
SMR,San Marino,2024,IT.NET.SECR.P6,36024.3694263767
SMR,San Marino,2023,IT.NET.SECR.P6,32339.0431187242
SMR,San Marino,2022,IT.NET.SECR.P6,37712.9314175678
SMR,San Marino,2021,IT.NET.SECR.P6,37895.5973373818
SMR,San Marino,2020,IT.NET.SECR.P6,94247.9148691401
SMR,San Marino,2019,IT.NET.SECR.P6,73017.3383723278
SMR,San Marino,2018,IT.NET.SECR.P6,57992.0050981982
SMR,San Marino,2017,IT.NET.SECR.P6,18773.0968218773
SMR,San Marino,2016,IT.NET.SECR.P6,4712.84855442434
SMR,San Marino,2015,IT.NET.SECR.P6,3404.56576587531
SMR,San Marino,2014,IT.NET.SECR.P6,2878.57908436687
SMR,San Marino,2013,IT.NET.SECR.P6,2088.31451832572
SMR,San Marino,2012,IT.NET.SECR.P6,1493.91974663121
SMR,San Marino,2011,IT.NET.SECR.P6,1134.27345187002
SMR,San Marino,2010,IT.NET.SECR.P6,901.713255184851
STP,Sao Tome and Principe,2024,IT.NET.SECR.P6,42.4563548671965
STP,Sao Tome and Principe,2023,IT.NET.SECR.P6,38.9828085814156
STP,Sao Tome and Principe,2022,IT.NET.SECR.P6,30.9317072092972
STP,Sao Tome and Principe,2021,IT.NET.SECR.P6,40.5476637787719
STP,Sao Tome and Principe,2020,IT.NET.SECR.P6,32.1935291006508
STP,Sao Tome and Principe,2019,IT.NET.SECR.P6,60.9207467946315
STP,Sao Tome and Principe,2018,IT.NET.SECR.P6,57.0920180601084
STP,Sao Tome and Principe,2017,IT.NET.SECR.P6,38.6529448712374
STP,Sao Tome and Principe,2016,IT.NET.SECR.P6,14.7283358453328
STP,Sao Tome and Principe,2015,IT.NET.SECR.P6,14.9782067092381
STP,Sao Tome and Principe,2014,IT.NET.SECR.P6,10.1643060065966
STP,Sao Tome and Principe,2013,IT.NET.SECR.P6,10.3547538675006
STP,Sao Tome and Principe,2012,IT.NET.SECR.P6,5.2787440812082
STP,Sao Tome and Principe,2011,IT.NET.SECR.P6,5.38650894968462
STP,Sao Tome and Principe,2010,IT.NET.SECR.P6,0.0
SAU,Saudi Arabia,2024,IT.NET.SECR.P6,482.77237461006
SAU,Saudi Arabia,2023,IT.NET.SECR.P6,425.544149523076
SAU,Saudi Arabia,2022,IT.NET.SECR.P6,323.758429778142
SAU,Saudi Arabia,2021,IT.NET.SECR.P6,306.45408745077
SAU,Saudi Arabia,2020,IT.NET.SECR.P6,252.816653889025
SAU,Saudi Arabia,2019,IT.NET.SECR.P6,208.090800500629
SAU,Saudi Arabia,2018,IT.NET.SECR.P6,180.320218903778
SAU,Saudi Arabia,2017,IT.NET.SECR.P6,178.226966117669
SAU,Saudi Arabia,2016,IT.NET.SECR.P6,111.196549172426
SAU,Saudi Arabia,2015,IT.NET.SECR.P6,95.1154972457758
SAU,Saudi Arabia,2014,IT.NET.SECR.P6,77.3244865737103
SAU,Saudi Arabia,2013,IT.NET.SECR.P6,56.3278227153457
SAU,Saudi Arabia,2012,IT.NET.SECR.P6,44.9389065882539
SAU,Saudi Arabia,2011,IT.NET.SECR.P6,22.9954989001018
SAU,Saudi Arabia,2010,IT.NET.SECR.P6,14.9717536390015
SEN,Senegal,2024,IT.NET.SECR.P6,59.615228291193
SEN,Senegal,2023,IT.NET.SECR.P6,46.1898286899464
SEN,Senegal,2022,IT.NET.SECR.P6,44.5864487901974
SEN,Senegal,2021,IT.NET.SECR.P6,40.9967744365019
SEN,Senegal,2020,IT.NET.SECR.P6,26.2668561295198
SEN,Senegal,2019,IT.NET.SECR.P6,19.3237636674351
SEN,Senegal,2018,IT.NET.SECR.P6,17.0913339522239
SEN,Senegal,2017,IT.NET.SECR.P6,8.78836720021103
SEN,Senegal,2016,IT.NET.SECR.P6,7.0504407822504
SEN,Senegal,2015,IT.NET.SECR.P6,6.30424952329252
SEN,Senegal,2014,IT.NET.SECR.P6,3.03841789721414
SEN,Senegal,2013,IT.NET.SECR.P6,2.18804831123149
SEN,Senegal,2012,IT.NET.SECR.P6,2.10360320934721
SEN,Senegal,2011,IT.NET.SECR.P6,1.00317179772322
SEN,Senegal,2010,IT.NET.SECR.P6,1.02885437935428
SRB,Serbia,2024,IT.NET.SECR.P6,12941.8220001105
SRB,Serbia,2023,IT.NET.SECR.P6,12647.8462092924
SRB,Serbia,2022,IT.NET.SECR.P6,11871.1989543322
SRB,Serbia,2021,IT.NET.SECR.P6,11213.541759641
SRB,Serbia,2020,IT.NET.SECR.P6,9361.18575019503
SRB,Serbia,2019,IT.NET.SECR.P6,8071.86509887714
SRB,Serbia,2018,IT.NET.SECR.P6,6899.71821400727
SRB,Serbia,2017,IT.NET.SECR.P6,5802.56715062461
SRB,Serbia,2016,IT.NET.SECR.P6,551.689197517484
SRB,Serbia,2015,IT.NET.SECR.P6,141.077655709354
SRB,Serbia,2014,IT.NET.SECR.P6,93.1042948983193
SRB,Serbia,2013,IT.NET.SECR.P6,67.5359548725866
SRB,Serbia,2012,IT.NET.SECR.P6,53.0445267143762
SRB,Serbia,2011,IT.NET.SECR.P6,25.9793417249371
SRB,Serbia,2010,IT.NET.SECR.P6,7.40594856760726
SYC,Seychelles,2024,IT.NET.SECR.P6,139583.367668144
SYC,Seychelles,2023,IT.NET.SECR.P6,52607.8498492983
SYC,Seychelles,2022,IT.NET.SECR.P6,51769.2987871002
SYC,Seychelles,2021,IT.NET.SECR.P6,70372.161437869
SYC,Seychelles,2020,IT.NET.SECR.P6,61109.8697974853
SYC,Seychelles,2019,IT.NET.SECR.P6,96419.9743918054
SYC,Seychelles,2018,IT.NET.SECR.P6,264256.629668672
SYC,Seychelles,2017,IT.NET.SECR.P6,155191.302442536
SYC,Seychelles,2016,IT.NET.SECR.P6,30947.3261721432
SYC,Seychelles,2015,IT.NET.SECR.P6,1006.2192915788
SYC,Seychelles,2014,IT.NET.SECR.P6,394.049847305684
SYC,Seychelles,2013,IT.NET.SECR.P6,355.757151274611
SYC,Seychelles,2012,IT.NET.SECR.P6,226.492871136881
SYC,Seychelles,2011,IT.NET.SECR.P6,160.107958509166
SYC,Seychelles,2010,IT.NET.SECR.P6,66.8374735435001
SLE,Sierra Leone,2024,IT.NET.SECR.P6,11.339938731931
SLE,Sierra Leone,2023,IT.NET.SECR.P6,13.356165678862
SLE,Sierra Leone,2022,IT.NET.SECR.P6,11.357036596359
SLE,Sierra Leone,2021,IT.NET.SECR.P6,10.130207760678
SLE,Sierra Leone,2020,IT.NET.SECR.P6,6.57183176413999
SLE,Sierra Leone,2019,IT.NET.SECR.P6,5.30264455817395
SLE,Sierra Leone,2017,IT.NET.SECR.P6,1.89719917840434
SLE,Sierra Leone,2016,IT.NET.SECR.P6,1.5266480582147
SLE,Sierra Leone,2015,IT.NET.SECR.P6,0.994649496174507
SLE,Sierra Leone,2014,IT.NET.SECR.P6,0.727126244385676
SLE,Sierra Leone,2013,IT.NET.SECR.P6,1.04258963776117
SLE,Sierra Leone,2012,IT.NET.SECR.P6,1.37381927865329
SLE,Sierra Leone,2011,IT.NET.SECR.P6,0.626247504599396
SLE,Sierra Leone,2010,IT.NET.SECR.P6,0.482104753649292
SGP,Singapore,2024,IT.NET.SECR.P6,209665.455220098
SGP,Singapore,2023,IT.NET.SECR.P6,228648.442759691
SGP,Singapore,2022,IT.NET.SECR.P6,212649.338604675
SGP,Singapore,2021,IT.NET.SECR.P6,176692.094677134
SGP,Singapore,2020,IT.NET.SECR.P6,128377.730724944
SGP,Singapore,2019,IT.NET.SECR.P6,122481.379641414
SGP,Singapore,2018,IT.NET.SECR.P6,84713.8583596575
SGP,Singapore,2017,IT.NET.SECR.P6,58690.3334543186
SGP,Singapore,2016,IT.NET.SECR.P6,19060.746532679
SGP,Singapore,2015,IT.NET.SECR.P6,3585.18388972579
SGP,Singapore,2014,IT.NET.SECR.P6,2544.00404846753
SGP,Singapore,2013,IT.NET.SECR.P6,2549.46971400377
SGP,Singapore,2012,IT.NET.SECR.P6,1898.94016625515
SGP,Singapore,2011,IT.NET.SECR.P6,927.910784754021
SGP,Singapore,2010,IT.NET.SECR.P6,531.641221163536
SXM,Sint Maarten (Dutch part),2024,IT.NET.SECR.P6,1222.60668973472
SXM,Sint Maarten (Dutch part),2023,IT.NET.SECR.P6,1216.40272287071
SXM,Sint Maarten (Dutch part),2022,IT.NET.SECR.P6,1020.43237855668
SXM,Sint Maarten (Dutch part),2021,IT.NET.SECR.P6,1178.70630968704
SXM,Sint Maarten (Dutch part),2020,IT.NET.SECR.P6,999.804916113929
SXM,Sint Maarten (Dutch part),2019,IT.NET.SECR.P6,817.135074904049
SXM,Sint Maarten (Dutch part),2018,IT.NET.SECR.P6,805.8017727639
SXM,Sint Maarten (Dutch part),2017,IT.NET.SECR.P6,769.309672786952
SXM,Sint Maarten (Dutch part),2016,IT.NET.SECR.P6,732.045282229601
SXM,Sint Maarten (Dutch part),2015,IT.NET.SECR.P6,640.495316377999
SXM,Sint Maarten (Dutch part),2014,IT.NET.SECR.P6,545.375218150087
SXM,Sint Maarten (Dutch part),2013,IT.NET.SECR.P6,334.690690020639
SXM,Sint Maarten (Dutch part),2012,IT.NET.SECR.P6,0.0
SXM,Sint Maarten (Dutch part),2011,IT.NET.SECR.P6,0.0
SXM,Sint Maarten (Dutch part),2010,IT.NET.SECR.P6,0.0
SVK,Slovak Republic,2024,IT.NET.SECR.P6,43287.3502716398
SVK,Slovak Republic,2023,IT.NET.SECR.P6,39911.9913612961
SVK,Slovak Republic,2022,IT.NET.SECR.P6,36900.6169648393
SVK,Slovak Republic,2021,IT.NET.SECR.P6,31322.794798914
SVK,Slovak Republic,2020,IT.NET.SECR.P6,25918.3886941279
SVK,Slovak Republic,2019,IT.NET.SECR.P6,20091.3176707558
SVK,Slovak Republic,2018,IT.NET.SECR.P6,12993.3863567974
SVK,Slovak Republic,2017,IT.NET.SECR.P6,6963.66692944886
SVK,Slovak Republic,2016,IT.NET.SECR.P6,3240.77603328277
SVK,Slovak Republic,2015,IT.NET.SECR.P6,1068.43890474595
SVK,Slovak Republic,2014,IT.NET.SECR.P6,657.728522367845
SVK,Slovak Republic,2013,IT.NET.SECR.P6,493.775345702778
SVK,Slovak Republic,2012,IT.NET.SECR.P6,357.646185104277
SVK,Slovak Republic,2011,IT.NET.SECR.P6,198.948426047499
SVK,Slovak Republic,2010,IT.NET.SECR.P6,136.883957274399
SVN,Slovenia,2024,IT.NET.SECR.P6,68783.4915859735
SVN,Slovenia,2023,IT.NET.SECR.P6,63978.5405154822
SVN,Slovenia,2022,IT.NET.SECR.P6,61863.7776292141
SVN,Slovenia,2021,IT.NET.SECR.P6,55445.2655711669
SVN,Slovenia,2020,IT.NET.SECR.P6,49112.4747255423
SVN,Slovenia,2019,IT.NET.SECR.P6,42529.9932723133
SVN,Slovenia,2018,IT.NET.SECR.P6,33018.0809626721
SVN,Slovenia,2017,IT.NET.SECR.P6,19594.093655209
SVN,Slovenia,2016,IT.NET.SECR.P6,5630.87820974101
SVN,Slovenia,2015,IT.NET.SECR.P6,2188.96638819577
SVN,Slovenia,2014,IT.NET.SECR.P6,1558.2110398743
SVN,Slovenia,2013,IT.NET.SECR.P6,1215.56171427212
SVN,Slovenia,2012,IT.NET.SECR.P6,967.353520073072
SVN,Slovenia,2011,IT.NET.SECR.P6,499.307545681769
SVN,Slovenia,2010,IT.NET.SECR.P6,333.889327403381
SLB,Solomon Islands,2024,IT.NET.SECR.P6,80.566602945808
SLB,Solomon Islands,2023,IT.NET.SECR.P6,78.7495078155762
SLB,Solomon Islands,2022,IT.NET.SECR.P6,83.2195998801638
SLB,Solomon Islands,2021,IT.NET.SECR.P6,93.1036427128041
SLB,Solomon Islands,2020,IT.NET.SECR.P6,57.7570389712262
SLB,Solomon Islands,2019,IT.NET.SECR.P6,52.1872643848014
SLB,Solomon Islands,2018,IT.NET.SECR.P6,39.4866175622373
SLB,Solomon Islands,2017,IT.NET.SECR.P6,56.878507507963
SLB,Solomon Islands,2016,IT.NET.SECR.P6,34.7233230522103
SLB,Solomon Islands,2015,IT.NET.SECR.P6,20.3310838813603
SLB,Solomon Islands,2014,IT.NET.SECR.P6,12.9678979685788
SLB,Solomon Islands,2013,IT.NET.SECR.P6,15.1274487557673
SLB,Solomon Islands,2012,IT.NET.SECR.P6,12.203498568704
SLB,Solomon Islands,2011,IT.NET.SECR.P6,7.23399253090271
SLB,Solomon Islands,2010,IT.NET.SECR.P6,1.87628525539995
SOM,"Somalia, Fed. Rep.",2024,IT.NET.SECR.P6,13.9932604038971
SOM,"Somalia, Fed. Rep.",2023,IT.NET.SECR.P6,10.0770128901336
SOM,"Somalia, Fed. Rep.",2022,IT.NET.SECR.P6,5.61737886698255
SOM,"Somalia, Fed. Rep.",2021,IT.NET.SECR.P6,5.26881646344185
SOM,"Somalia, Fed. Rep.",2020,IT.NET.SECR.P6,4.26395925672824
SOM,"Somalia, Fed. Rep.",2019,IT.NET.SECR.P6,8.2340614302153
SOM,"Somalia, Fed. Rep.",2018,IT.NET.SECR.P6,4.20644262635523
SOM,"Somalia, Fed. Rep.",2017,IT.NET.SECR.P6,25.3408461120807
SOM,"Somalia, Fed. Rep.",2016,IT.NET.SECR.P6,0.766617835433634
SOM,"Somalia, Fed. Rep.",2015,IT.NET.SECR.P6,0.506990567005938
SOM,"Somalia, Fed. Rep.",2014,IT.NET.SECR.P6,0.299861516455163
SOM,"Somalia, Fed. Rep.",2013,IT.NET.SECR.P6,0.155405057844094
SOM,"Somalia, Fed. Rep.",2012,IT.NET.SECR.P6,0.240748052348256
SOM,"Somalia, Fed. Rep.",2011,IT.NET.SECR.P6,0.0
SOM,"Somalia, Fed. Rep.",2010,IT.NET.SECR.P6,0.0
ZAF,South Africa,2024,IT.NET.SECR.P6,16658.2387068502
ZAF,South Africa,2023,IT.NET.SECR.P6,14786.991738834
ZAF,South Africa,2022,IT.NET.SECR.P6,14989.9460406253
ZAF,South Africa,2021,IT.NET.SECR.P6,16057.5805222423
ZAF,South Africa,2020,IT.NET.SECR.P6,14123.2723330346
ZAF,South Africa,2019,IT.NET.SECR.P6,14105.098712599
ZAF,South Africa,2018,IT.NET.SECR.P6,11863.1700840569
ZAF,South Africa,2017,IT.NET.SECR.P6,9326.84113909491
ZAF,South Africa,2016,IT.NET.SECR.P6,900.723095086792
ZAF,South Africa,2015,IT.NET.SECR.P6,266.326833603483
ZAF,South Africa,2014,IT.NET.SECR.P6,217.682080483803
ZAF,South Africa,2013,IT.NET.SECR.P6,170.047651565668
ZAF,South Africa,2012,IT.NET.SECR.P6,140.175533086771
ZAF,South Africa,2011,IT.NET.SECR.P6,80.7808932902514
ZAF,South Africa,2010,IT.NET.SECR.P6,50.9513487979752
SSD,South Sudan,2024,IT.NET.SECR.P6,5.2748763167096
SSD,South Sudan,2023,IT.NET.SECR.P6,3.83162648886991
SSD,South Sudan,2022,IT.NET.SECR.P6,5.26259581894021
SSD,South Sudan,2021,IT.NET.SECR.P6,4.04941016659642
SSD,South Sudan,2020,IT.NET.SECR.P6,4.29968144034094
SSD,South Sudan,2019,IT.NET.SECR.P6,3.64564905216962
SSD,South Sudan,2018,IT.NET.SECR.P6,1.48177754429354
SSD,South Sudan,2017,IT.NET.SECR.P6,0.194947848526302
SSD,South Sudan,2016,IT.NET.SECR.P6,0.0923352337771149
SSD,South Sudan,2015,IT.NET.SECR.P6,0.0
ESP,Spain,2024,IT.NET.SECR.P6,29986.3824811398
ESP,Spain,2023,IT.NET.SECR.P6,28733.8233897512
ESP,Spain,2022,IT.NET.SECR.P6,27046.3366105902
ESP,Spain,2021,IT.NET.SECR.P6,24984.2229191447
ESP,Spain,2020,IT.NET.SECR.P6,21589.3884182375
ESP,Spain,2019,IT.NET.SECR.P6,17700.6267665434
ESP,Spain,2018,IT.NET.SECR.P6,11306.5682447896
ESP,Spain,2017,IT.NET.SECR.P6,7250.46311851917
ESP,Spain,2016,IT.NET.SECR.P6,2764.10124822262
ESP,Spain,2015,IT.NET.SECR.P6,890.003238314135
ESP,Spain,2014,IT.NET.SECR.P6,626.120125999734
ESP,Spain,2013,IT.NET.SECR.P6,488.496776374025
ESP,Spain,2012,IT.NET.SECR.P6,403.629824906669
ESP,Spain,2011,IT.NET.SECR.P6,265.003964148667
ESP,Spain,2010,IT.NET.SECR.P6,207.055442100404
LKA,Sri Lanka,2024,IT.NET.SECR.P6,448.71326884468
LKA,Sri Lanka,2023,IT.NET.SECR.P6,482.370558605981
LKA,Sri Lanka,2022,IT.NET.SECR.P6,486.542536405031
LKA,Sri Lanka,2021,IT.NET.SECR.P6,482.487813684781
LKA,Sri Lanka,2020,IT.NET.SECR.P6,384.232857338382
LKA,Sri Lanka,2019,IT.NET.SECR.P6,328.441040223822
LKA,Sri Lanka,2018,IT.NET.SECR.P6,412.413474850023
LKA,Sri Lanka,2017,IT.NET.SECR.P6,305.085535822496
LKA,Sri Lanka,2016,IT.NET.SECR.P6,71.054740911877
LKA,Sri Lanka,2015,IT.NET.SECR.P6,20.9346685741536
LKA,Sri Lanka,2014,IT.NET.SECR.P6,15.9303109057657
LKA,Sri Lanka,2013,IT.NET.SECR.P6,11.5618168569347
LKA,Sri Lanka,2012,IT.NET.SECR.P6,8.92795649279259
LKA,Sri Lanka,2011,IT.NET.SECR.P6,5.04544518152369
LKA,Sri Lanka,2010,IT.NET.SECR.P6,3.44842631783408
KNA,St. Kitts and Nevis,2024,IT.NET.SECR.P6,11720.0008539163
KNA,St. Kitts and Nevis,2023,IT.NET.SECR.P6,8233.88511056931
KNA,St. Kitts and Nevis,2022,IT.NET.SECR.P6,9398.6169688925
KNA,St. Kitts and Nevis,2021,IT.NET.SECR.P6,7420.39646729252
KNA,St. Kitts and Nevis,2020,IT.NET.SECR.P6,7062.08662257307
KNA,St. Kitts and Nevis,2019,IT.NET.SECR.P6,6155.22235474527
KNA,St. Kitts and Nevis,2018,IT.NET.SECR.P6,4977.87610619469
KNA,St. Kitts and Nevis,2017,IT.NET.SECR.P6,3443.14558979809
KNA,St. Kitts and Nevis,2016,IT.NET.SECR.P6,977.16409984068
KNA,St. Kitts and Nevis,2015,IT.NET.SECR.P6,807.016798691783
KNA,St. Kitts and Nevis,2014,IT.NET.SECR.P6,1295.41931236595
KNA,St. Kitts and Nevis,2013,IT.NET.SECR.P6,701.098387473709
KNA,St. Kitts and Nevis,2012,IT.NET.SECR.P6,807.943358918206
KNA,St. Kitts and Nevis,2011,IT.NET.SECR.P6,1535.63963656529
KNA,St. Kitts and Nevis,2010,IT.NET.SECR.P6,576.356572599582
LCA,St. Lucia,2024,IT.NET.SECR.P6,734.377781734022
LCA,St. Lucia,2023,IT.NET.SECR.P6,702.791644588225
LCA,St. Lucia,2022,IT.NET.SECR.P6,721.553185181871
LCA,St. Lucia,2021,IT.NET.SECR.P6,352.897682078399
LCA,St. Lucia,2020,IT.NET.SECR.P6,387.096774193548
LCA,St. Lucia,2019,IT.NET.SECR.P6,309.578354281469
LCA,St. Lucia,2018,IT.NET.SECR.P6,259.862047148014
LCA,St. Lucia,2017,IT.NET.SECR.P6,198.477957605108
LCA,St. Lucia,2016,IT.NET.SECR.P6,187.877890757546
LCA,St. Lucia,2015,IT.NET.SECR.P6,142.934735999543
LCA,St. Lucia,2014,IT.NET.SECR.P6,143.564299578495
LCA,St. Lucia,2013,IT.NET.SECR.P6,132.665009315391
LCA,St. Lucia,2012,IT.NET.SECR.P6,115.883583352164
LCA,St. Lucia,2011,IT.NET.SECR.P6,52.3861910000524
LCA,St. Lucia,2010,IT.NET.SECR.P6,46.8093571905024
MAF,St. Martin (French part),2024,IT.NET.SECR.P6,2411.11408779517
MAF,St. Martin (French part),2023,IT.NET.SECR.P6,1272.03343630747
MAF,St. Martin (French part),2022,IT.NET.SECR.P6,1039.14097679252
MAF,St. Martin (French part),2021,IT.NET.SECR.P6,467.274123026601
MAF,St. Martin (French part),2020,IT.NET.SECR.P6,471.905870509029
MAF,St. Martin (French part),2018,IT.NET.SECR.P6,305.453737643008
MAF,St. Martin (French part),2017,IT.NET.SECR.P6,244.319569997557
MAF,St. Martin (French part),2016,IT.NET.SECR.P6,322.797579018157
MAF,St. Martin (French part),2015,IT.NET.SECR.P6,107.040595145709
MAF,St. Martin (French part),2014,IT.NET.SECR.P6,53.4045393858478
MAF,St. Martin (French part),2013,IT.NET.SECR.P6,53.4487827039739
MAF,St. Martin (French part),2012,IT.NET.SECR.P6,26.8269127588797
MAF,St. Martin (French part),2011,IT.NET.SECR.P6,0.0
MAF,St. Martin (French part),2010,IT.NET.SECR.P6,0.0
VCT,St. Vincent and the Grenadines,2024,IT.NET.SECR.P6,268.346982587262
VCT,St. Vincent and the Grenadines,2023,IT.NET.SECR.P6,167.780267066707
VCT,St. Vincent and the Grenadines,2022,IT.NET.SECR.P6,225.388550261647
VCT,St. Vincent and the Grenadines,2021,IT.NET.SECR.P6,194.474966209975
VCT,St. Vincent and the Grenadines,2020,IT.NET.SECR.P6,135.23172922744
VCT,St. Vincent and the Grenadines,2019,IT.NET.SECR.P6,95.999692800983
VCT,St. Vincent and the Grenadines,2018,IT.NET.SECR.P6,95.3052627566094
VCT,St. Vincent and the Grenadines,2017,IT.NET.SECR.P6,170.352914454445
VCT,St. Vincent and the Grenadines,2016,IT.NET.SECR.P6,197.463069704464
VCT,St. Vincent and the Grenadines,2015,IT.NET.SECR.P6,121.540762902019
VCT,St. Vincent and the Grenadines,2014,IT.NET.SECR.P6,92.9929790300832
VCT,St. Vincent and the Grenadines,2013,IT.NET.SECR.P6,64.733897443011
VCT,St. Vincent and the Grenadines,2012,IT.NET.SECR.P6,91.9658622719247
VCT,St. Vincent and the Grenadines,2011,IT.NET.SECR.P6,54.8701862842824
VCT,St. Vincent and the Grenadines,2010,IT.NET.SECR.P6,18.1885975681845
SDN,Sudan,2024,IT.NET.SECR.P6,2.3984635719866
SDN,Sudan,2023,IT.NET.SECR.P6,2.13817011125539
SDN,Sudan,2022,IT.NET.SECR.P6,9.45662936650749
SDN,Sudan,2021,IT.NET.SECR.P6,8.50896970232587
SDN,Sudan,2020,IT.NET.SECR.P6,6.02702788596803
SDN,Sudan,2019,IT.NET.SECR.P6,4.03967886748481
SDN,Sudan,2018,IT.NET.SECR.P6,4.36349535059396
SDN,Sudan,2017,IT.NET.SECR.P6,1.84949744940255
SDN,Sudan,2016,IT.NET.SECR.P6,1.26030383210892
SDN,Sudan,2015,IT.NET.SECR.P6,0.724557458418335
SDN,Sudan,2014,IT.NET.SECR.P6,0.566669752441046
SDN,Sudan,2013,IT.NET.SECR.P6,0.370509076030024
SDN,Sudan,2012,IT.NET.SECR.P6,0.433332147086581
SDN,Sudan,2011,IT.NET.SECR.P6,0.332034653571367
SDN,Sudan,2010,IT.NET.SECR.P6,0.225896816715709
SUR,Suriname,2024,IT.NET.SECR.P6,2060.11370818891
SUR,Suriname,2023,IT.NET.SECR.P6,1388.1689209173
SUR,Suriname,2022,IT.NET.SECR.P6,3926.73517725671
SUR,Suriname,2021,IT.NET.SECR.P6,5297.00791071637
SUR,Suriname,2020,IT.NET.SECR.P6,6800.39913966132
SUR,Suriname,2019,IT.NET.SECR.P6,505.143883466938
SUR,Suriname,2018,IT.NET.SECR.P6,280.22745128129
SUR,Suriname,2017,IT.NET.SECR.P6,193.696280862976
SUR,Suriname,2016,IT.NET.SECR.P6,134.409288192229
SUR,Suriname,2015,IT.NET.SECR.P6,103.158897368932
SUR,Suriname,2014,IT.NET.SECR.P6,64.3061109923476
SUR,Suriname,2013,IT.NET.SECR.P6,33.3907419774349
SUR,Suriname,2012,IT.NET.SECR.P6,26.6603629719551
SUR,Suriname,2011,IT.NET.SECR.P6,17.9769140469809
SUR,Suriname,2010,IT.NET.SECR.P6,10.9106183956663
SWE,Sweden,2024,IT.NET.SECR.P6,55097.2595366627
SWE,Sweden,2023,IT.NET.SECR.P6,52996.3464606147
SWE,Sweden,2022,IT.NET.SECR.P6,45805.4450768818
SWE,Sweden,2021,IT.NET.SECR.P6,38601.5068821813
SWE,Sweden,2020,IT.NET.SECR.P6,32739.7400787101
SWE,Sweden,2019,IT.NET.SECR.P6,25688.2870684346
SWE,Sweden,2018,IT.NET.SECR.P6,18608.4538369414
SWE,Sweden,2017,IT.NET.SECR.P6,13619.1203991212
SWE,Sweden,2016,IT.NET.SECR.P6,6205.93293315536
SWE,Sweden,2015,IT.NET.SECR.P6,4207.90053377903
SWE,Sweden,2014,IT.NET.SECR.P6,3148.78853478354
SWE,Sweden,2013,IT.NET.SECR.P6,2690.51878056064
SWE,Sweden,2012,IT.NET.SECR.P6,2392.48925402027
SWE,Sweden,2011,IT.NET.SECR.P6,1711.67694071453
SWE,Sweden,2010,IT.NET.SECR.P6,1201.19947204804
CHE,Switzerland,2024,IT.NET.SECR.P6,167357.645513638
CHE,Switzerland,2023,IT.NET.SECR.P6,163621.681253151
CHE,Switzerland,2022,IT.NET.SECR.P6,151274.203927316
CHE,Switzerland,2021,IT.NET.SECR.P6,140348.158307165
CHE,Switzerland,2020,IT.NET.SECR.P6,120002.310675401
CHE,Switzerland,2019,IT.NET.SECR.P6,95783.2280695208
CHE,Switzerland,2018,IT.NET.SECR.P6,68154.7541796893
CHE,Switzerland,2017,IT.NET.SECR.P6,32951.9962517038
CHE,Switzerland,2016,IT.NET.SECR.P6,17196.7260846272
CHE,Switzerland,2015,IT.NET.SECR.P6,6938.08892982176
CHE,Switzerland,2014,IT.NET.SECR.P6,4897.99965781901
CHE,Switzerland,2013,IT.NET.SECR.P6,3954.9550730059
CHE,Switzerland,2012,IT.NET.SECR.P6,3486.49301269586
CHE,Switzerland,2011,IT.NET.SECR.P6,2439.08357491623
CHE,Switzerland,2010,IT.NET.SECR.P6,1449.6015225225
SYR,Syrian Arab Republic,2024,IT.NET.SECR.P6,113.89078481694
SYR,Syrian Arab Republic,2023,IT.NET.SECR.P6,93.2839655882614
SYR,Syrian Arab Republic,2022,IT.NET.SECR.P6,78.9327016580275
SYR,Syrian Arab Republic,2021,IT.NET.SECR.P6,46.4195049951595
SYR,Syrian Arab Republic,2020,IT.NET.SECR.P6,32.589957665835
SYR,Syrian Arab Republic,2019,IT.NET.SECR.P6,18.9647655291705
SYR,Syrian Arab Republic,2018,IT.NET.SECR.P6,16.4982407410009
SYR,Syrian Arab Republic,2017,IT.NET.SECR.P6,11.8077461727818
SYR,Syrian Arab Republic,2016,IT.NET.SECR.P6,5.73100715573553
SYR,Syrian Arab Republic,2015,IT.NET.SECR.P6,2.2651668104876
SYR,Syrian Arab Republic,2014,IT.NET.SECR.P6,1.18380209512254
SYR,Syrian Arab Republic,2013,IT.NET.SECR.P6,1.1999861355448
SYR,Syrian Arab Republic,2012,IT.NET.SECR.P6,1.23024128151071
SYR,Syrian Arab Republic,2011,IT.NET.SECR.P6,0.305969490995274
SYR,Syrian Arab Republic,2010,IT.NET.SECR.P6,0.266875173274266
TJK,Tajikistan,2024,IT.NET.SECR.P6,152.489012529309
TJK,Tajikistan,2023,IT.NET.SECR.P6,123.775253015001
TJK,Tajikistan,2022,IT.NET.SECR.P6,100.371019213684
TJK,Tajikistan,2021,IT.NET.SECR.P6,100.532682753769
TJK,Tajikistan,2020,IT.NET.SECR.P6,90.2627980851978
TJK,Tajikistan,2019,IT.NET.SECR.P6,69.5700278468989
TJK,Tajikistan,2018,IT.NET.SECR.P6,26.753098873759
TJK,Tajikistan,2017,IT.NET.SECR.P6,19.5906953442162
TJK,Tajikistan,2016,IT.NET.SECR.P6,5.75255162322907
TJK,Tajikistan,2015,IT.NET.SECR.P6,4.97464090034059
TJK,Tajikistan,2014,IT.NET.SECR.P6,1.66161220060122
TJK,Tajikistan,2013,IT.NET.SECR.P6,1.82554507124737
TJK,Tajikistan,2012,IT.NET.SECR.P6,1.12302291815259
TJK,Tajikistan,2011,IT.NET.SECR.P6,0.766794231406997
TJK,Tajikistan,2010,IT.NET.SECR.P6,0.261364760529112
TZA,Tanzania,2024,IT.NET.SECR.P6,52.4065310993964
TZA,Tanzania,2023,IT.NET.SECR.P6,52.5836968683624
TZA,Tanzania,2022,IT.NET.SECR.P6,43.9332405743921
TZA,Tanzania,2021,IT.NET.SECR.P6,35.8743469643331
TZA,Tanzania,2020,IT.NET.SECR.P6,37.4101250856161
TZA,Tanzania,2019,IT.NET.SECR.P6,38.327066795949
TZA,Tanzania,2018,IT.NET.SECR.P6,26.7596866104678
TZA,Tanzania,2017,IT.NET.SECR.P6,22.2989318254631
TZA,Tanzania,2016,IT.NET.SECR.P6,5.57372041360052
TZA,Tanzania,2015,IT.NET.SECR.P6,3.24869040291873
TZA,Tanzania,2014,IT.NET.SECR.P6,2.30380370702671
TZA,Tanzania,2013,IT.NET.SECR.P6,1.63853412804423
TZA,Tanzania,2012,IT.NET.SECR.P6,0.970991420235377
TZA,Tanzania,2011,IT.NET.SECR.P6,0.586582040113652
TZA,Tanzania,2010,IT.NET.SECR.P6,0.491526880890168
THA,Thailand,2024,IT.NET.SECR.P6,3149.99672587537
THA,Thailand,2023,IT.NET.SECR.P6,3002.53401436088
THA,Thailand,2022,IT.NET.SECR.P6,2746.24794708894
THA,Thailand,2021,IT.NET.SECR.P6,2134.31889534104
THA,Thailand,2020,IT.NET.SECR.P6,1859.02067578611
THA,Thailand,2019,IT.NET.SECR.P6,1366.58132681497
THA,Thailand,2018,IT.NET.SECR.P6,927.831858065501
THA,Thailand,2017,IT.NET.SECR.P6,562.435284213067
THA,Thailand,2016,IT.NET.SECR.P6,142.577232144791
THA,Thailand,2015,IT.NET.SECR.P6,67.5920933411652
THA,Thailand,2014,IT.NET.SECR.P6,50.6292215317833
THA,Thailand,2013,IT.NET.SECR.P6,37.926776094889
THA,Thailand,2012,IT.NET.SECR.P6,30.171626291558
THA,Thailand,2011,IT.NET.SECR.P6,14.8100470895736
THA,Thailand,2010,IT.NET.SECR.P6,10.9799660530946
TLS,Timor-Leste,2024,IT.NET.SECR.P6,264.879290723228
TLS,Timor-Leste,2023,IT.NET.SECR.P6,240.557225891181
TLS,Timor-Leste,2022,IT.NET.SECR.P6,211.787817818659
TLS,Timor-Leste,2021,IT.NET.SECR.P6,118.506316757015
TLS,Timor-Leste,2020,IT.NET.SECR.P6,89.7400028505648
TLS,Timor-Leste,2019,IT.NET.SECR.P6,37.664928186818
TLS,Timor-Leste,2018,IT.NET.SECR.P6,28.997796951156
TLS,Timor-Leste,2017,IT.NET.SECR.P6,11.9836734433008
TLS,Timor-Leste,2016,IT.NET.SECR.P6,11.3977556190935
TLS,Timor-Leste,2015,IT.NET.SECR.P6,9.12763840611519
TLS,Timor-Leste,2014,IT.NET.SECR.P6,5.9226518589089
TLS,Timor-Leste,2013,IT.NET.SECR.P6,2.58911965616491
TLS,Timor-Leste,2012,IT.NET.SECR.P6,0.881146547888112
TLS,Timor-Leste,2011,IT.NET.SECR.P6,1.80146585276439
TLS,Timor-Leste,2010,IT.NET.SECR.P6,1.84386348403537
TGO,Togo,2024,IT.NET.SECR.P6,101.944220214742
TGO,Togo,2023,IT.NET.SECR.P6,103.479513853001
TGO,Togo,2022,IT.NET.SECR.P6,90.8458154409629
TGO,Togo,2021,IT.NET.SECR.P6,28.0991752199044
TGO,Togo,2020,IT.NET.SECR.P6,28.1199899230283
TGO,Togo,2019,IT.NET.SECR.P6,20.8663471097156
TGO,Togo,2018,IT.NET.SECR.P6,8.17891058519971
TGO,Togo,2017,IT.NET.SECR.P6,4.77855754734936
TGO,Togo,2016,IT.NET.SECR.P6,3.61066780134217
TGO,Togo,2015,IT.NET.SECR.P6,3.11107880617159
TGO,Togo,2014,IT.NET.SECR.P6,2.59454074034355
TGO,Togo,2013,IT.NET.SECR.P6,0.882502447473454
TGO,Togo,2012,IT.NET.SECR.P6,0.45087573594192
TGO,Togo,2011,IT.NET.SECR.P6,0.30766475986304
TGO,Togo,2010,IT.NET.SECR.P6,0.158083072022015
TON,Tonga,2024,IT.NET.SECR.P6,969.522438204944
TON,Tonga,2023,IT.NET.SECR.P6,879.566335554557
TON,Tonga,2022,IT.NET.SECR.P6,780.64012490242
TON,Tonga,2021,IT.NET.SECR.P6,692.008721205802
TON,Tonga,2020,IT.NET.SECR.P6,558.162415802619
TON,Tonga,2019,IT.NET.SECR.P6,227.124322175851
TON,Tonga,2018,IT.NET.SECR.P6,170.507829151155
TON,Tonga,2017,IT.NET.SECR.P6,199.324196059076
TON,Tonga,2016,IT.NET.SECR.P6,132.671240665631
TON,Tonga,2015,IT.NET.SECR.P6,103.680663556247
TON,Tonga,2014,IT.NET.SECR.P6,37.5202844037558
TON,Tonga,2013,IT.NET.SECR.P6,28.0169595995443
TON,Tonga,2012,IT.NET.SECR.P6,27.9173646007817
TON,Tonga,2011,IT.NET.SECR.P6,9.29627219484986
TON,Tonga,2010,IT.NET.SECR.P6,9.31098696461825
TTO,Trinidad and Tobago,2024,IT.NET.SECR.P6,480.146280181798
TTO,Trinidad and Tobago,2023,IT.NET.SECR.P6,428.516062039766
TTO,Trinidad and Tobago,2022,IT.NET.SECR.P6,401.960748423091
TTO,Trinidad and Tobago,2021,IT.NET.SECR.P6,348.796906602864
TTO,Trinidad and Tobago,2020,IT.NET.SECR.P6,348.277817410232
TTO,Trinidad and Tobago,2019,IT.NET.SECR.P6,319.651609071947
TTO,Trinidad and Tobago,2018,IT.NET.SECR.P6,287.670698716076
TTO,Trinidad and Tobago,2017,IT.NET.SECR.P6,296.321849755977
TTO,Trinidad and Tobago,2016,IT.NET.SECR.P6,304.307202552635
TTO,Trinidad and Tobago,2015,IT.NET.SECR.P6,273.400772190474
TTO,Trinidad and Tobago,2014,IT.NET.SECR.P6,175.419948667366
TTO,Trinidad and Tobago,2013,IT.NET.SECR.P6,135.018503502649
TTO,Trinidad and Tobago,2012,IT.NET.SECR.P6,106.351586361233
TTO,Trinidad and Tobago,2011,IT.NET.SECR.P6,61.746104536155
TTO,Trinidad and Tobago,2010,IT.NET.SECR.P6,44.7745110092175
TUN,Tunisia,2024,IT.NET.SECR.P6,912.34833868462
TUN,Tunisia,2023,IT.NET.SECR.P6,818.331745821111
TUN,Tunisia,2022,IT.NET.SECR.P6,739.562091448259
TUN,Tunisia,2021,IT.NET.SECR.P6,413.491268960052
TUN,Tunisia,2020,IT.NET.SECR.P6,324.200895318938
TUN,Tunisia,2019,IT.NET.SECR.P6,266.861337619508
TUN,Tunisia,2018,IT.NET.SECR.P6,310.823649523514
TUN,Tunisia,2017,IT.NET.SECR.P6,210.291439902397
TUN,Tunisia,2016,IT.NET.SECR.P6,90.6435553646499
TUN,Tunisia,2015,IT.NET.SECR.P6,18.7682025253932
TUN,Tunisia,2014,IT.NET.SECR.P6,19.9569143523742
TUN,Tunisia,2013,IT.NET.SECR.P6,15.2584589979626
TUN,Tunisia,2012,IT.NET.SECR.P6,10.6270437190221
TUN,Tunisia,2011,IT.NET.SECR.P6,7.53258647432238
TUN,Tunisia,2010,IT.NET.SECR.P6,6.13042194022281
TUR,Turkiye,2024,IT.NET.SECR.P6,11103.4011629345
TUR,Turkiye,2023,IT.NET.SECR.P6,9881.98609883873
TUR,Turkiye,2022,IT.NET.SECR.P6,9166.00138199718
TUR,Turkiye,2021,IT.NET.SECR.P6,7755.87404936661
TUR,Turkiye,2020,IT.NET.SECR.P6,6837.08326277681
TUR,Turkiye,2019,IT.NET.SECR.P6,5494.176274385
TUR,Turkiye,2018,IT.NET.SECR.P6,4383.72751384509
TUR,Turkiye,2017,IT.NET.SECR.P6,3384.80721940135
TUR,Turkiye,2016,IT.NET.SECR.P6,1310.01097127093
TUR,Turkiye,2015,IT.NET.SECR.P6,364.977692803257
TUR,Turkiye,2014,IT.NET.SECR.P6,298.865469518728
TUR,Turkiye,2013,IT.NET.SECR.P6,263.251812032901
TUR,Turkiye,2012,IT.NET.SECR.P6,222.584847653222
TUR,Turkiye,2011,IT.NET.SECR.P6,117.065146464342
TUR,Turkiye,2010,IT.NET.SECR.P6,85.3816848424609
TKM,Turkmenistan,2024,IT.NET.SECR.P6,188.271449268517
TKM,Turkmenistan,2023,IT.NET.SECR.P6,138.775015826055
TKM,Turkmenistan,2022,IT.NET.SECR.P6,103.455052997894
TKM,Turkmenistan,2021,IT.NET.SECR.P6,87.7039239609799
TKM,Turkmenistan,2020,IT.NET.SECR.P6,41.1516001929233
TKM,Turkmenistan,2019,IT.NET.SECR.P6,17.4898558835875
TKM,Turkmenistan,2018,IT.NET.SECR.P6,5.25878954083856
TKM,Turkmenistan,2017,IT.NET.SECR.P6,3.99565948436629
TKM,Turkmenistan,2016,IT.NET.SECR.P6,1.72954859882193
TKM,Turkmenistan,2015,IT.NET.SECR.P6,1.93057336420106
TKM,Turkmenistan,2014,IT.NET.SECR.P6,0.658405542589539
TKM,Turkmenistan,2013,IT.NET.SECR.P6,0.336737695309968
TKM,Turkmenistan,2012,IT.NET.SECR.P6,0.516480372196415
TKM,Turkmenistan,2011,IT.NET.SECR.P6,0.175950488940016
TKM,Turkmenistan,2010,IT.NET.SECR.P6,0.179715316561342
TCA,Turks and Caicos Islands,2024,IT.NET.SECR.P6,859.568067046309
TCA,Turks and Caicos Islands,2023,IT.NET.SECR.P6,735.962595783367
TCA,Turks and Caicos Islands,2022,IT.NET.SECR.P6,676.162017143979
TCA,Turks and Caicos Islands,2021,IT.NET.SECR.P6,640.983135512676
TCA,Turks and Caicos Islands,2020,IT.NET.SECR.P6,675.888793763799
TCA,Turks and Caicos Islands,2019,IT.NET.SECR.P6,671.825047491081
TCA,Turks and Caicos Islands,2018,IT.NET.SECR.P6,673.74094660603
TCA,Turks and Caicos Islands,2017,IT.NET.SECR.P6,701.525818655576
TCA,Turks and Caicos Islands,2016,IT.NET.SECR.P6,861.281482448127
TCA,Turks and Caicos Islands,2015,IT.NET.SECR.P6,819.560169375768
TCA,Turks and Caicos Islands,2014,IT.NET.SECR.P6,884.450784593438
TCA,Turks and Caicos Islands,2013,IT.NET.SECR.P6,832.020919383116
TCA,Turks and Caicos Islands,2012,IT.NET.SECR.P6,311.264668347496
TCA,Turks and Caicos Islands,2011,IT.NET.SECR.P6,259.352914478376
TCA,Turks and Caicos Islands,2010,IT.NET.SECR.P6,100.877635428226
TUV,Tuvalu,2024,IT.NET.SECR.P6,311.009744972009
TUV,Tuvalu,2023,IT.NET.SECR.P6,509.372453137734
TUV,Tuvalu,2022,IT.NET.SECR.P6,500.400320256205
TUV,Tuvalu,2021,IT.NET.SECR.P6,588.581518540318
TUV,Tuvalu,2020,IT.NET.SECR.P6,288.489277815175
TUV,Tuvalu,2019,IT.NET.SECR.P6,94.5090256119459
TUV,Tuvalu,2018,IT.NET.SECR.P6,93.014603292717
UGA,Uganda,2024,IT.NET.SECR.P6,53.7637719430767
UGA,Uganda,2023,IT.NET.SECR.P6,51.6271163289848
UGA,Uganda,2022,IT.NET.SECR.P6,43.8571285662107
UGA,Uganda,2021,IT.NET.SECR.P6,34.4144629612164
UGA,Uganda,2020,IT.NET.SECR.P6,35.3823834689186
UGA,Uganda,2019,IT.NET.SECR.P6,22.6280979999901
UGA,Uganda,2018,IT.NET.SECR.P6,20.7863040197608
UGA,Uganda,2017,IT.NET.SECR.P6,20.9072824744107
UGA,Uganda,2016,IT.NET.SECR.P6,4.02070643193439
UGA,Uganda,2015,IT.NET.SECR.P6,3.03745291348487
UGA,Uganda,2014,IT.NET.SECR.P6,2.2255474771235
UGA,Uganda,2013,IT.NET.SECR.P6,1.86772848729104
UGA,Uganda,2012,IT.NET.SECR.P6,1.68911844849927
UGA,Uganda,2011,IT.NET.SECR.P6,0.659580315640961
UGA,Uganda,2010,IT.NET.SECR.P6,0.277856658195743
UKR,Ukraine,2024,IT.NET.SECR.P6,9936.86751062547
UKR,Ukraine,2023,IT.NET.SECR.P6,9888.25753781136
UKR,Ukraine,2022,IT.NET.SECR.P6,8917.22299276914
UKR,Ukraine,2021,IT.NET.SECR.P6,9534.33333393531
UKR,Ukraine,2020,IT.NET.SECR.P6,8842.70089978038
UKR,Ukraine,2019,IT.NET.SECR.P6,7767.05391127764
UKR,Ukraine,2018,IT.NET.SECR.P6,5949.6240420057
UKR,Ukraine,2017,IT.NET.SECR.P6,3895.69593002172
UKR,Ukraine,2016,IT.NET.SECR.P6,1879.89819196563
UKR,Ukraine,2015,IT.NET.SECR.P6,139.849613287316
UKR,Ukraine,2014,IT.NET.SECR.P6,73.5659106620105
UKR,Ukraine,2013,IT.NET.SECR.P6,53.2879280296453
UKR,Ukraine,2012,IT.NET.SECR.P6,40.3808210057136
UKR,Ukraine,2011,IT.NET.SECR.P6,20.6876358530377
UKR,Ukraine,2010,IT.NET.SECR.P6,12.2050965081951
ARE,United Arab Emirates,2024,IT.NET.SECR.P6,4192.27408432243
ARE,United Arab Emirates,2023,IT.NET.SECR.P6,2119.66117852284
ARE,United Arab Emirates,2022,IT.NET.SECR.P6,1626.60420961755
ARE,United Arab Emirates,2021,IT.NET.SECR.P6,2580.22013645319
ARE,United Arab Emirates,2020,IT.NET.SECR.P6,1478.66650469874
ARE,United Arab Emirates,2019,IT.NET.SECR.P6,1977.81338448843
ARE,United Arab Emirates,2018,IT.NET.SECR.P6,1529.09566701663
ARE,United Arab Emirates,2017,IT.NET.SECR.P6,1321.88036180403
ARE,United Arab Emirates,2016,IT.NET.SECR.P6,983.425470014588
ARE,United Arab Emirates,2015,IT.NET.SECR.P6,638.900479786748
ARE,United Arab Emirates,2014,IT.NET.SECR.P6,419.632133249953
ARE,United Arab Emirates,2013,IT.NET.SECR.P6,329.25903977249
ARE,United Arab Emirates,2012,IT.NET.SECR.P6,293.176654966659
ARE,United Arab Emirates,2011,IT.NET.SECR.P6,158.20873925933
ARE,United Arab Emirates,2010,IT.NET.SECR.P6,114.267614461942
GBR,United Kingdom,2024,IT.NET.SECR.P6,68394.8557324519
GBR,United Kingdom,2023,IT.NET.SECR.P6,47330.9546741383
GBR,United Kingdom,2022,IT.NET.SECR.P6,44399.8758057839
GBR,United Kingdom,2021,IT.NET.SECR.P6,44117.1578727343
GBR,United Kingdom,2020,IT.NET.SECR.P6,36638.822295475
GBR,United Kingdom,2019,IT.NET.SECR.P6,36100.9935762742
GBR,United Kingdom,2018,IT.NET.SECR.P6,27333.1120732572
GBR,United Kingdom,2017,IT.NET.SECR.P6,21226.3658965496
GBR,United Kingdom,2016,IT.NET.SECR.P6,8697.16184495321
GBR,United Kingdom,2015,IT.NET.SECR.P6,4388.23420959639
GBR,United Kingdom,2014,IT.NET.SECR.P6,3250.20504805088
GBR,United Kingdom,2013,IT.NET.SECR.P6,2832.06523433846
GBR,United Kingdom,2012,IT.NET.SECR.P6,2500.1177190752
GBR,United Kingdom,2011,IT.NET.SECR.P6,1811.95314929256
GBR,United Kingdom,2010,IT.NET.SECR.P6,1315.40196727977
USA,United States,2024,IT.NET.SECR.P6,196616.101319598
USA,United States,2023,IT.NET.SECR.P6,186721.281912647
USA,United States,2022,IT.NET.SECR.P6,180224.392542979
USA,United States,2021,IT.NET.SECR.P6,156949.241031093
USA,United States,2020,IT.NET.SECR.P6,140775.6104426
USA,United States,2019,IT.NET.SECR.P6,123268.08312533
USA,United States,2018,IT.NET.SECR.P6,65494.8762801956
USA,United States,2017,IT.NET.SECR.P6,30199.9571603454
USA,United States,2016,IT.NET.SECR.P6,11389.9150845803
USA,United States,2015,IT.NET.SECR.P6,6337.61084209589
USA,United States,2014,IT.NET.SECR.P6,5115.54683309614
USA,United States,2013,IT.NET.SECR.P6,4294.07370746707
USA,United States,2012,IT.NET.SECR.P6,3836.05795090734
USA,United States,2011,IT.NET.SECR.P6,2983.8141619928
USA,United States,2010,IT.NET.SECR.P6,2481.3058353974
URY,Uruguay,2024,IT.NET.SECR.P6,4640.65897593684
URY,Uruguay,2023,IT.NET.SECR.P6,4353.20170916811
URY,Uruguay,2022,IT.NET.SECR.P6,4678.38602759788
URY,Uruguay,2021,IT.NET.SECR.P6,2491.53957008209
URY,Uruguay,2020,IT.NET.SECR.P6,1964.41978859466
URY,Uruguay,2019,IT.NET.SECR.P6,1843.2794478757
URY,Uruguay,2018,IT.NET.SECR.P6,1600.21964723287
URY,Uruguay,2017,IT.NET.SECR.P6,1119.39483620476
URY,Uruguay,2016,IT.NET.SECR.P6,313.971928364686
URY,Uruguay,2015,IT.NET.SECR.P6,188.53824075116
URY,Uruguay,2014,IT.NET.SECR.P6,159.995995630947
URY,Uruguay,2013,IT.NET.SECR.P6,115.384488916961
URY,Uruguay,2012,IT.NET.SECR.P6,85.4469972276197
URY,Uruguay,2011,IT.NET.SECR.P6,59.2156184951117
URY,Uruguay,2010,IT.NET.SECR.P6,36.1600443563211
UZB,Uzbekistan,2024,IT.NET.SECR.P6,966.617245834433
UZB,Uzbekistan,2023,IT.NET.SECR.P6,823.873753807853
UZB,Uzbekistan,2022,IT.NET.SECR.P6,733.565156714046
UZB,Uzbekistan,2021,IT.NET.SECR.P6,595.02922815341
UZB,Uzbekistan,2020,IT.NET.SECR.P6,477.693750310394
UZB,Uzbekistan,2019,IT.NET.SECR.P6,460.977941222643
UZB,Uzbekistan,2018,IT.NET.SECR.P6,283.966912433599
UZB,Uzbekistan,2017,IT.NET.SECR.P6,205.787842790911
UZB,Uzbekistan,2016,IT.NET.SECR.P6,70.9934687287355
UZB,Uzbekistan,2015,IT.NET.SECR.P6,5.75621998594702
UZB,Uzbekistan,2014,IT.NET.SECR.P6,2.41537949549274
UZB,Uzbekistan,2013,IT.NET.SECR.P6,1.37935373240504
UZB,Uzbekistan,2012,IT.NET.SECR.P6,0.922701438795693
UZB,Uzbekistan,2011,IT.NET.SECR.P6,0.277554230974247
UZB,Uzbekistan,2010,IT.NET.SECR.P6,0.0704584938524612
VUT,Vanuatu,2024,IT.NET.SECR.P6,1918.98760437737
VUT,Vanuatu,2023,IT.NET.SECR.P6,1635.4097419236
VUT,Vanuatu,2022,IT.NET.SECR.P6,2319.14798464123
VUT,Vanuatu,2021,IT.NET.SECR.P6,2818.20916212222
VUT,Vanuatu,2020,IT.NET.SECR.P6,374.759919426617
VUT,Vanuatu,2019,IT.NET.SECR.P6,359.607514084628
VUT,Vanuatu,2018,IT.NET.SECR.P6,203.323996788883
VUT,Vanuatu,2017,IT.NET.SECR.P6,183.119275278539
VUT,Vanuatu,2016,IT.NET.SECR.P6,169.063571578208
VUT,Vanuatu,2015,IT.NET.SECR.P6,127.771034306523
VUT,Vanuatu,2014,IT.NET.SECR.P6,115.278204734092
VUT,Vanuatu,2013,IT.NET.SECR.P6,137.534285332558
VUT,Vanuatu,2012,IT.NET.SECR.P6,96.4308530514338
VUT,Vanuatu,2011,IT.NET.SECR.P6,61.6082210010104
VUT,Vanuatu,2010,IT.NET.SECR.P6,41.9730700782378
VEN,"Venezuela, RB",2024,IT.NET.SECR.P6,246.677206628298
VEN,"Venezuela, RB",2023,IT.NET.SECR.P6,223.456154361985
VEN,"Venezuela, RB",2022,IT.NET.SECR.P6,214.369133226695
VEN,"Venezuela, RB",2021,IT.NET.SECR.P6,147.178469050698
VEN,"Venezuela, RB",2020,IT.NET.SECR.P6,194.45173067138
VEN,"Venezuela, RB",2019,IT.NET.SECR.P6,213.939423385739
VEN,"Venezuela, RB",2018,IT.NET.SECR.P6,266.911865943415
VEN,"Venezuela, RB",2017,IT.NET.SECR.P6,282.215241108363
VEN,"Venezuela, RB",2016,IT.NET.SECR.P6,143.698896044039
VEN,"Venezuela, RB",2015,IT.NET.SECR.P6,21.0963757015281
VEN,"Venezuela, RB",2014,IT.NET.SECR.P6,16.2953233512744
VEN,"Venezuela, RB",2013,IT.NET.SECR.P6,14.8100116213459
VEN,"Venezuela, RB",2012,IT.NET.SECR.P6,12.0119811221735
VEN,"Venezuela, RB",2011,IT.NET.SECR.P6,6.47588237495071
VEN,"Venezuela, RB",2010,IT.NET.SECR.P6,6.97599331637369
VNM,Viet Nam,2024,IT.NET.SECR.P6,5733.7485681175
VNM,Viet Nam,2023,IT.NET.SECR.P6,5256.30770476842
VNM,Viet Nam,2022,IT.NET.SECR.P6,4713.44214180776
VNM,Viet Nam,2021,IT.NET.SECR.P6,3846.57222455068
VNM,Viet Nam,2020,IT.NET.SECR.P6,3082.33578313263
VNM,Viet Nam,2019,IT.NET.SECR.P6,2577.96918378473
VNM,Viet Nam,2018,IT.NET.SECR.P6,1756.65741478106
VNM,Viet Nam,2017,IT.NET.SECR.P6,1340.49224950694
VNM,Viet Nam,2016,IT.NET.SECR.P6,277.637952301698
VNM,Viet Nam,2015,IT.NET.SECR.P6,32.6750018912287
VNM,Viet Nam,2014,IT.NET.SECR.P6,20.331681718692
VNM,Viet Nam,2013,IT.NET.SECR.P6,14.1984755209449
VNM,Viet Nam,2012,IT.NET.SECR.P6,9.07157603082262
VNM,Viet Nam,2011,IT.NET.SECR.P6,3.69623863296411
VNM,Viet Nam,2010,IT.NET.SECR.P6,2.30975529034585
VIR,Virgin Islands (U.S.),2024,IT.NET.SECR.P6,5614.26367877981
VIR,Virgin Islands (U.S.),2023,IT.NET.SECR.P6,305.003002373305
VIR,Virgin Islands (U.S.),2022,IT.NET.SECR.P6,607.135742270877
VIR,Virgin Islands (U.S.),2021,IT.NET.SECR.P6,472.277321243034
VIR,Virgin Islands (U.S.),2020,IT.NET.SECR.P6,649.167372283376
VIR,Virgin Islands (U.S.),2019,IT.NET.SECR.P6,1181.22416072148
VIR,Virgin Islands (U.S.),2018,IT.NET.SECR.P6,859.805048550948
VIR,Virgin Islands (U.S.),2017,IT.NET.SECR.P6,1053.3086007774
VIR,Virgin Islands (U.S.),2016,IT.NET.SECR.P6,837.084712972953
VIR,Virgin Islands (U.S.),2015,IT.NET.SECR.P6,529.188948306595
VIR,Virgin Islands (U.S.),2014,IT.NET.SECR.P6,621.048923824178
VIR,Virgin Islands (U.S.),2013,IT.NET.SECR.P6,675.669421793578
VIR,Virgin Islands (U.S.),2012,IT.NET.SECR.P6,628.535512256443
VIR,Virgin Islands (U.S.),2011,IT.NET.SECR.P6,480.192076830732
VIR,Virgin Islands (U.S.),2010,IT.NET.SECR.P6,276.862593095047
PSE,West Bank and Gaza,2024,IT.NET.SECR.P6,427.100601381847
PSE,West Bank and Gaza,2023,IT.NET.SECR.P6,434.591131050036
PSE,West Bank and Gaza,2022,IT.NET.SECR.P6,517.882818900423
PSE,West Bank and Gaza,2021,IT.NET.SECR.P6,594.180202971957
PSE,West Bank and Gaza,2020,IT.NET.SECR.P6,535.676848413029
PSE,West Bank and Gaza,2019,IT.NET.SECR.P6,557.701033827887
PSE,West Bank and Gaza,2018,IT.NET.SECR.P6,469.021491602152
PSE,West Bank and Gaza,2017,IT.NET.SECR.P6,547.723188781552
PSE,West Bank and Gaza,2016,IT.NET.SECR.P6,108.081174457671
PSE,West Bank and Gaza,2015,IT.NET.SECR.P6,32.5519918540397
PSE,West Bank and Gaza,2014,IT.NET.SECR.P6,21.0859352498851
PSE,West Bank and Gaza,2013,IT.NET.SECR.P6,14.7177575632103
PSE,West Bank and Gaza,2012,IT.NET.SECR.P6,11.5577947526607
PSE,West Bank and Gaza,2011,IT.NET.SECR.P6,5.15067527928249
PSE,West Bank and Gaza,2010,IT.NET.SECR.P6,3.69767688167513
YEM,"Yemen, Rep.",2024,IT.NET.SECR.P6,15.0062227775045
YEM,"Yemen, Rep.",2023,IT.NET.SECR.P6,6.95593912679964
YEM,"Yemen, Rep.",2022,IT.NET.SECR.P6,9.20914480637197
YEM,"Yemen, Rep.",2021,IT.NET.SECR.P6,8.69676897531329
YEM,"Yemen, Rep.",2020,IT.NET.SECR.P6,4.67692377856808
YEM,"Yemen, Rep.",2019,IT.NET.SECR.P6,3.6740195665181
YEM,"Yemen, Rep.",2018,IT.NET.SECR.P6,3.1391940345221
YEM,"Yemen, Rep.",2017,IT.NET.SECR.P6,2.84065831833451
YEM,"Yemen, Rep.",2016,IT.NET.SECR.P6,1.21461234712624
YEM,"Yemen, Rep.",2015,IT.NET.SECR.P6,1.18744343396574
YEM,"Yemen, Rep.",2014,IT.NET.SECR.P6,1.1910154164043
YEM,"Yemen, Rep.",2013,IT.NET.SECR.P6,0.818750701055288
YEM,"Yemen, Rep.",2012,IT.NET.SECR.P6,0.457204803871976
YEM,"Yemen, Rep.",2011,IT.NET.SECR.P6,0.253780449530011
YEM,"Yemen, Rep.",2010,IT.NET.SECR.P6,0.186885238671325
ZMB,Zambia,2024,IT.NET.SECR.P6,80.5068516209933
ZMB,Zambia,2023,IT.NET.SECR.P6,54.9605251697733
ZMB,Zambia,2022,IT.NET.SECR.P6,49.8190387922595
ZMB,Zambia,2021,IT.NET.SECR.P6,44.3285768787346
ZMB,Zambia,2020,IT.NET.SECR.P6,39.0883341260308
ZMB,Zambia,2019,IT.NET.SECR.P6,35.0008445034009
ZMB,Zambia,2018,IT.NET.SECR.P6,39.7806356656266
ZMB,Zambia,2017,IT.NET.SECR.P6,40.9372685094935
ZMB,Zambia,2016,IT.NET.SECR.P6,8.57256555544342
ZMB,Zambia,2015,IT.NET.SECR.P6,5.48810973585179
ZMB,Zambia,2014,IT.NET.SECR.P6,3.96343199238266
ZMB,Zambia,2013,IT.NET.SECR.P6,2.92226824902947
ZMB,Zambia,2012,IT.NET.SECR.P6,1.87747730616069
ZMB,Zambia,2011,IT.NET.SECR.P6,0.900414439987932
ZMB,Zambia,2010,IT.NET.SECR.P6,0.358022723559055
ZWE,Zimbabwe,2024,IT.NET.SECR.P6,89.9943749006951
ZWE,Zimbabwe,2023,IT.NET.SECR.P6,89.3467905102938
ZWE,Zimbabwe,2022,IT.NET.SECR.P6,78.1004185933511
ZWE,Zimbabwe,2021,IT.NET.SECR.P6,75.8994784522077
ZWE,Zimbabwe,2020,IT.NET.SECR.P6,71.2956775369282
ZWE,Zimbabwe,2019,IT.NET.SECR.P6,64.8926802104435
ZWE,Zimbabwe,2018,IT.NET.SECR.P6,44.7638530489838
ZWE,Zimbabwe,2017,IT.NET.SECR.P6,29.367124294227
ZWE,Zimbabwe,2016,IT.NET.SECR.P6,13.2874036646111
ZWE,Zimbabwe,2015,IT.NET.SECR.P6,11.2507711466057
ZWE,Zimbabwe,2014,IT.NET.SECR.P6,7.6016943050429
ZWE,Zimbabwe,2013,IT.NET.SECR.P6,4.56692427925372
ZWE,Zimbabwe,2012,IT.NET.SECR.P6,3.40138835988455
ZWE,Zimbabwe,2011,IT.NET.SECR.P6,0.882649926916586
ZWE,Zimbabwe,2010,IT.NET.SECR.P6,0.449217866772163
