country_code,country_name,year,indicator_code,value
AFE,Africa Eastern and Southern,2025,IT.NET.USER.ZS,30.4
AFE,Africa Eastern and Southern,2024,IT.NET.USER.ZS,28.8
AFE,Africa Eastern and Southern,2023,IT.NET.USER.ZS,27.8
AFE,Africa Eastern and Southern,2022,IT.NET.USER.ZS,26.8
AFE,Africa Eastern and Southern,2021,IT.NET.USER.ZS,25.0
AFE,Africa Eastern and Southern,2020,IT.NET.USER.ZS,23.5
AFE,Africa Eastern and Southern,2019,IT.NET.USER.ZS,21.6
AFE,Africa Eastern and Southern,2018,IT.NET.USER.ZS,19.6
AFE,Africa Eastern and Southern,2017,IT.NET.USER.ZS,17.3
AFE,Africa Eastern and Southern,2016,IT.NET.USER.ZS,16.3
AFE,Africa Eastern and Southern,2015,IT.NET.USER.ZS,14.3
AFE,Africa Eastern and Southern,2014,IT.NET.USER.ZS,12.1
AFE,Africa Eastern and Southern,2013,IT.NET.USER.ZS,10.0
AFE,Africa Eastern and Southern,2012,IT.NET.USER.ZS,8.4
AFE,Africa Eastern and Southern,2011,IT.NET.USER.ZS,6.8
AFE,Africa Eastern and Southern,2010,IT.NET.USER.ZS,5.3
AFE,Africa Eastern and Southern,2009,IT.NET.USER.ZS,3.5
AFE,Africa Eastern and Southern,2008,IT.NET.USER.ZS,3.0
AFE,Africa Eastern and Southern,2007,IT.NET.USER.ZS,2.7
AFE,Africa Eastern and Southern,2006,IT.NET.USER.ZS,1.9
AFE,Africa Eastern and Southern,2005,IT.NET.USER.ZS,1.8
AFW,Africa Western and Central,2025,IT.NET.USER.ZS,42.4
AFW,Africa Western and Central,2024,IT.NET.USER.ZS,40.0
AFW,Africa Western and Central,2023,IT.NET.USER.ZS,38.5
AFW,Africa Western and Central,2022,IT.NET.USER.ZS,37.5
AFW,Africa Western and Central,2021,IT.NET.USER.ZS,34.7
AFW,Africa Western and Central,2020,IT.NET.USER.ZS,31.5
AFW,Africa Western and Central,2019,IT.NET.USER.ZS,28.5
AFW,Africa Western and Central,2018,IT.NET.USER.ZS,25.7
AFW,Africa Western and Central,2017,IT.NET.USER.ZS,23.8
AFW,Africa Western and Central,2016,IT.NET.USER.ZS,20.9
AFW,Africa Western and Central,2015,IT.NET.USER.ZS,18.6
AFW,Africa Western and Central,2014,IT.NET.USER.ZS,15.0
AFW,Africa Western and Central,2013,IT.NET.USER.ZS,12.6
AFW,Africa Western and Central,2012,IT.NET.USER.ZS,10.3
AFW,Africa Western and Central,2011,IT.NET.USER.ZS,8.7
AFW,Africa Western and Central,2010,IT.NET.USER.ZS,7.3
AFW,Africa Western and Central,2009,IT.NET.USER.ZS,5.8
AFW,Africa Western and Central,2008,IT.NET.USER.ZS,5.0
AFW,Africa Western and Central,2007,IT.NET.USER.ZS,4.3
AFW,Africa Western and Central,2006,IT.NET.USER.ZS,3.4
AFW,Africa Western and Central,2005,IT.NET.USER.ZS,2.3
EAS,East Asia & Pacific,2025,IT.NET.USER.ZS,88.4
EAS,East Asia & Pacific,2024,IT.NET.USER.ZS,86.6
EAS,East Asia & Pacific,2023,IT.NET.USER.ZS,84.9
EAS,East Asia & Pacific,2022,IT.NET.USER.ZS,82.4
EAS,East Asia & Pacific,2021,IT.NET.USER.ZS,78.8
EAS,East Asia & Pacific,2020,IT.NET.USER.ZS,73.9
EAS,East Asia & Pacific,2019,IT.NET.USER.ZS,67.1
EAS,East Asia & Pacific,2018,IT.NET.USER.ZS,62.5
EAS,East Asia & Pacific,2017,IT.NET.USER.ZS,57.8
EAS,East Asia & Pacific,2016,IT.NET.USER.ZS,53.9
EAS,East Asia & Pacific,2015,IT.NET.USER.ZS,48.3
EAS,East Asia & Pacific,2014,IT.NET.USER.ZS,45.5
EAS,East Asia & Pacific,2013,IT.NET.USER.ZS,43.2
EAS,East Asia & Pacific,2012,IT.NET.USER.ZS,40.4
EAS,East Asia & Pacific,2011,IT.NET.USER.ZS,37.3
EAS,East Asia & Pacific,2010,IT.NET.USER.ZS,34.2
EAS,East Asia & Pacific,2009,IT.NET.USER.ZS,29.5
EAS,East Asia & Pacific,2008,IT.NET.USER.ZS,25.2
EAS,East Asia & Pacific,2007,IT.NET.USER.ZS,20.8
EAS,East Asia & Pacific,2006,IT.NET.USER.ZS,16.6
EAS,East Asia & Pacific,2005,IT.NET.USER.ZS,14.7
EAP,East Asia & Pacific (excluding high income),2025,IT.NET.USER.ZS,88.1
EAP,East Asia & Pacific (excluding high income),2024,IT.NET.USER.ZS,86.1
EAP,East Asia & Pacific (excluding high income),2023,IT.NET.USER.ZS,84.2
EAP,East Asia & Pacific (excluding high income),2022,IT.NET.USER.ZS,81.6
EAP,East Asia & Pacific (excluding high income),2021,IT.NET.USER.ZS,77.6
EAP,East Asia & Pacific (excluding high income),2020,IT.NET.USER.ZS,72.2
EAP,East Asia & Pacific (excluding high income),2019,IT.NET.USER.ZS,64.0
EAP,East Asia & Pacific (excluding high income),2018,IT.NET.USER.ZS,59.1
EAP,East Asia & Pacific (excluding high income),2017,IT.NET.USER.ZS,53.9
EAP,East Asia & Pacific (excluding high income),2016,IT.NET.USER.ZS,49.6
EAP,East Asia & Pacific (excluding high income),2015,IT.NET.USER.ZS,43.5
EAP,East Asia & Pacific (excluding high income),2014,IT.NET.USER.ZS,40.6
EAP,East Asia & Pacific (excluding high income),2013,IT.NET.USER.ZS,38.2
EAP,East Asia & Pacific (excluding high income),2012,IT.NET.USER.ZS,35.7
EAP,East Asia & Pacific (excluding high income),2011,IT.NET.USER.ZS,32.3
EAP,East Asia & Pacific (excluding high income),2010,IT.NET.USER.ZS,28.9
EAP,East Asia & Pacific (excluding high income),2009,IT.NET.USER.ZS,23.7
EAP,East Asia & Pacific (excluding high income),2008,IT.NET.USER.ZS,19.2
EAP,East Asia & Pacific (excluding high income),2007,IT.NET.USER.ZS,14.3
EAP,East Asia & Pacific (excluding high income),2006,IT.NET.USER.ZS,10.1
EAP,East Asia & Pacific (excluding high income),2005,IT.NET.USER.ZS,8.3
TEA,East Asia & Pacific (IDA & IBRD countries),2025,IT.NET.USER.ZS,88.9
TEA,East Asia & Pacific (IDA & IBRD countries),2024,IT.NET.USER.ZS,86.8
TEA,East Asia & Pacific (IDA & IBRD countries),2023,IT.NET.USER.ZS,85.0
TEA,East Asia & Pacific (IDA & IBRD countries),2022,IT.NET.USER.ZS,82.3
TEA,East Asia & Pacific (IDA & IBRD countries),2021,IT.NET.USER.ZS,78.3
TEA,East Asia & Pacific (IDA & IBRD countries),2020,IT.NET.USER.ZS,72.7
TEA,East Asia & Pacific (IDA & IBRD countries),2019,IT.NET.USER.ZS,64.3
TEA,East Asia & Pacific (IDA & IBRD countries),2018,IT.NET.USER.ZS,59.8
TEA,East Asia & Pacific (IDA & IBRD countries),2017,IT.NET.USER.ZS,54.6
TEA,East Asia & Pacific (IDA & IBRD countries),2016,IT.NET.USER.ZS,50.2
TEA,East Asia & Pacific (IDA & IBRD countries),2015,IT.NET.USER.ZS,44.1
TEA,East Asia & Pacific (IDA & IBRD countries),2014,IT.NET.USER.ZS,41.1
TEA,East Asia & Pacific (IDA & IBRD countries),2013,IT.NET.USER.ZS,38.7
TEA,East Asia & Pacific (IDA & IBRD countries),2012,IT.NET.USER.ZS,36.1
TEA,East Asia & Pacific (IDA & IBRD countries),2011,IT.NET.USER.ZS,32.7
TEA,East Asia & Pacific (IDA & IBRD countries),2010,IT.NET.USER.ZS,29.3
TEA,East Asia & Pacific (IDA & IBRD countries),2009,IT.NET.USER.ZS,24.0
TEA,East Asia & Pacific (IDA & IBRD countries),2008,IT.NET.USER.ZS,19.5
TEA,East Asia & Pacific (IDA & IBRD countries),2007,IT.NET.USER.ZS,14.5
TEA,East Asia & Pacific (IDA & IBRD countries),2006,IT.NET.USER.ZS,10.3
TEA,East Asia & Pacific (IDA & IBRD countries),2005,IT.NET.USER.ZS,8.4
ECS,Europe & Central Asia,2025,IT.NET.USER.ZS,92.4
ECS,Europe & Central Asia,2024,IT.NET.USER.ZS,90.9
ECS,Europe & Central Asia,2023,IT.NET.USER.ZS,89.6
ECS,Europe & Central Asia,2022,IT.NET.USER.ZS,87.9
ECS,Europe & Central Asia,2021,IT.NET.USER.ZS,86.3
ECS,Europe & Central Asia,2020,IT.NET.USER.ZS,83.4
ECS,Europe & Central Asia,2019,IT.NET.USER.ZS,80.3
ECS,Europe & Central Asia,2018,IT.NET.USER.ZS,78.1
ECS,Europe & Central Asia,2017,IT.NET.USER.ZS,74.5
ECS,Europe & Central Asia,2016,IT.NET.USER.ZS,72.3
ECS,Europe & Central Asia,2015,IT.NET.USER.ZS,69.9
ECS,Europe & Central Asia,2014,IT.NET.USER.ZS,68.9
ECS,Europe & Central Asia,2013,IT.NET.USER.ZS,66.1
ECS,Europe & Central Asia,2012,IT.NET.USER.ZS,63.8
ECS,Europe & Central Asia,2011,IT.NET.USER.ZS,60.2
ECS,Europe & Central Asia,2010,IT.NET.USER.ZS,57.0
ECS,Europe & Central Asia,2009,IT.NET.USER.ZS,52.7
ECS,Europe & Central Asia,2008,IT.NET.USER.ZS,48.1
ECS,Europe & Central Asia,2007,IT.NET.USER.ZS,43.6
ECS,Europe & Central Asia,2006,IT.NET.USER.ZS,38.0
ECS,Europe & Central Asia,2005,IT.NET.USER.ZS,34.7
ECA,Europe & Central Asia (excluding high income),2025,IT.NET.USER.ZS,87.5
ECA,Europe & Central Asia (excluding high income),2024,IT.NET.USER.ZS,85.8
ECA,Europe & Central Asia (excluding high income),2023,IT.NET.USER.ZS,84.6
ECA,Europe & Central Asia (excluding high income),2022,IT.NET.USER.ZS,82.0
ECA,Europe & Central Asia (excluding high income),2021,IT.NET.USER.ZS,79.1
ECA,Europe & Central Asia (excluding high income),2020,IT.NET.USER.ZS,74.5
ECA,Europe & Central Asia (excluding high income),2019,IT.NET.USER.ZS,70.3
ECA,Europe & Central Asia (excluding high income),2018,IT.NET.USER.ZS,65.8
ECA,Europe & Central Asia (excluding high income),2017,IT.NET.USER.ZS,60.6
ECA,Europe & Central Asia (excluding high income),2016,IT.NET.USER.ZS,56.2
ECA,Europe & Central Asia (excluding high income),2015,IT.NET.USER.ZS,51.9
ECA,Europe & Central Asia (excluding high income),2014,IT.NET.USER.ZS,48.6
ECA,Europe & Central Asia (excluding high income),2013,IT.NET.USER.ZS,43.2
ECA,Europe & Central Asia (excluding high income),2012,IT.NET.USER.ZS,39.4
ECA,Europe & Central Asia (excluding high income),2011,IT.NET.USER.ZS,34.9
ECA,Europe & Central Asia (excluding high income),2010,IT.NET.USER.ZS,30.1
ECA,Europe & Central Asia (excluding high income),2009,IT.NET.USER.ZS,25.0
ECA,Europe & Central Asia (excluding high income),2008,IT.NET.USER.ZS,20.6
ECA,Europe & Central Asia (excluding high income),2007,IT.NET.USER.ZS,16.3
ECA,Europe & Central Asia (excluding high income),2006,IT.NET.USER.ZS,11.6
ECA,Europe & Central Asia (excluding high income),2005,IT.NET.USER.ZS,8.9
TEC,Europe & Central Asia (IDA & IBRD countries),2025,IT.NET.USER.ZS,90.8
TEC,Europe & Central Asia (IDA & IBRD countries),2024,IT.NET.USER.ZS,88.9
TEC,Europe & Central Asia (IDA & IBRD countries),2023,IT.NET.USER.ZS,87.3
TEC,Europe & Central Asia (IDA & IBRD countries),2022,IT.NET.USER.ZS,85.2
TEC,Europe & Central Asia (IDA & IBRD countries),2021,IT.NET.USER.ZS,82.6
TEC,Europe & Central Asia (IDA & IBRD countries),2020,IT.NET.USER.ZS,78.6
TEC,Europe & Central Asia (IDA & IBRD countries),2019,IT.NET.USER.ZS,75.2
TEC,Europe & Central Asia (IDA & IBRD countries),2018,IT.NET.USER.ZS,71.8
TEC,Europe & Central Asia (IDA & IBRD countries),2017,IT.NET.USER.ZS,67.0
TEC,Europe & Central Asia (IDA & IBRD countries),2016,IT.NET.USER.ZS,63.3
TEC,Europe & Central Asia (IDA & IBRD countries),2015,IT.NET.USER.ZS,59.4
TEC,Europe & Central Asia (IDA & IBRD countries),2014,IT.NET.USER.ZS,57.7
TEC,Europe & Central Asia (IDA & IBRD countries),2013,IT.NET.USER.ZS,53.5
TEC,Europe & Central Asia (IDA & IBRD countries),2012,IT.NET.USER.ZS,50.7
TEC,Europe & Central Asia (IDA & IBRD countries),2011,IT.NET.USER.ZS,45.4
TEC,Europe & Central Asia (IDA & IBRD countries),2010,IT.NET.USER.ZS,40.0
TEC,Europe & Central Asia (IDA & IBRD countries),2009,IT.NET.USER.ZS,34.7
TEC,Europe & Central Asia (IDA & IBRD countries),2008,IT.NET.USER.ZS,28.2
TEC,Europe & Central Asia (IDA & IBRD countries),2007,IT.NET.USER.ZS,23.0
TEC,Europe & Central Asia (IDA & IBRD countries),2006,IT.NET.USER.ZS,17.7
TEC,Europe & Central Asia (IDA & IBRD countries),2005,IT.NET.USER.ZS,14.6
,High income,2025,IT.NET.USER.ZS,94.2
,High income,2024,IT.NET.USER.ZS,93.0
,High income,2023,IT.NET.USER.ZS,91.9
,High income,2022,IT.NET.USER.ZS,91.0
,High income,2021,IT.NET.USER.ZS,90.0
,High income,2020,IT.NET.USER.ZS,88.4
,High income,2019,IT.NET.USER.ZS,87.5
,High income,2018,IT.NET.USER.ZS,86.3
,High income,2017,IT.NET.USER.ZS,84.2
,High income,2016,IT.NET.USER.ZS,82.5
,High income,2015,IT.NET.USER.ZS,78.3
,High income,2014,IT.NET.USER.ZS,77.0
,High income,2013,IT.NET.USER.ZS,75.1
,High income,2012,IT.NET.USER.ZS,73.7
,High income,2011,IT.NET.USER.ZS,70.4
,High income,2010,IT.NET.USER.ZS,69.0
,High income,2009,IT.NET.USER.ZS,66.4
,High income,2008,IT.NET.USER.ZS,64.0
,High income,2007,IT.NET.USER.ZS,61.3
,High income,2006,IT.NET.USER.ZS,55.7
,High income,2005,IT.NET.USER.ZS,52.9
IBD,IBRD only,2025,IT.NET.USER.ZS,82.7
IBD,IBRD only,2024,IT.NET.USER.ZS,79.9
IBD,IBRD only,2023,IT.NET.USER.ZS,77.3
IBD,IBRD only,2022,IT.NET.USER.ZS,74.4
IBD,IBRD only,2021,IT.NET.USER.ZS,70.3
IBD,IBRD only,2020,IT.NET.USER.ZS,65.4
IBD,IBRD only,2019,IT.NET.USER.ZS,56.3
IBD,IBRD only,2018,IT.NET.USER.ZS,50.3
IBD,IBRD only,2017,IT.NET.USER.ZS,46.6
IBD,IBRD only,2016,IT.NET.USER.ZS,43.2
IBD,IBRD only,2015,IT.NET.USER.ZS,39.1
IBD,IBRD only,2014,IT.NET.USER.ZS,36.4
IBD,IBRD only,2013,IT.NET.USER.ZS,34.0
IBD,IBRD only,2012,IT.NET.USER.ZS,31.5
IBD,IBRD only,2011,IT.NET.USER.ZS,28.5
IBD,IBRD only,2010,IT.NET.USER.ZS,25.0
IBD,IBRD only,2009,IT.NET.USER.ZS,20.7
IBD,IBRD only,2008,IT.NET.USER.ZS,17.1
IBD,IBRD only,2007,IT.NET.USER.ZS,13.7
IBD,IBRD only,2006,IT.NET.USER.ZS,10.5
IBD,IBRD only,2005,IT.NET.USER.ZS,8.7
IBT,IDA & IBRD total,2025,IT.NET.USER.ZS,70.3
IBT,IDA & IBRD total,2024,IT.NET.USER.ZS,67.7
IBT,IDA & IBRD total,2023,IT.NET.USER.ZS,65.5
IBT,IDA & IBRD total,2022,IT.NET.USER.ZS,63.0
IBT,IDA & IBRD total,2021,IT.NET.USER.ZS,59.3
IBT,IDA & IBRD total,2020,IT.NET.USER.ZS,55.1
IBT,IDA & IBRD total,2019,IT.NET.USER.ZS,47.8
IBT,IDA & IBRD total,2018,IT.NET.USER.ZS,42.9
IBT,IDA & IBRD total,2017,IT.NET.USER.ZS,39.5
IBT,IDA & IBRD total,2016,IT.NET.USER.ZS,36.4
IBT,IDA & IBRD total,2015,IT.NET.USER.ZS,32.8
IBT,IDA & IBRD total,2014,IT.NET.USER.ZS,30.1
IBT,IDA & IBRD total,2013,IT.NET.USER.ZS,27.8
IBT,IDA & IBRD total,2012,IT.NET.USER.ZS,25.7
IBT,IDA & IBRD total,2011,IT.NET.USER.ZS,23.2
IBT,IDA & IBRD total,2010,IT.NET.USER.ZS,20.3
IBT,IDA & IBRD total,2009,IT.NET.USER.ZS,16.9
IBT,IDA & IBRD total,2008,IT.NET.USER.ZS,14.0
IBT,IDA & IBRD total,2007,IT.NET.USER.ZS,11.3
IBT,IDA & IBRD total,2006,IT.NET.USER.ZS,8.7
IBT,IDA & IBRD total,2005,IT.NET.USER.ZS,7.2
IDB,IDA blend,2025,IT.NET.USER.ZS,44.2
IDB,IDA blend,2024,IT.NET.USER.ZS,41.2
IDB,IDA blend,2023,IT.NET.USER.ZS,38.3
IDB,IDA blend,2022,IT.NET.USER.ZS,36.5
IDB,IDA blend,2021,IT.NET.USER.ZS,32.4
IDB,IDA blend,2020,IT.NET.USER.ZS,28.7
IDB,IDA blend,2019,IT.NET.USER.ZS,26.9
IDB,IDA blend,2018,IT.NET.USER.ZS,24.1
IDB,IDA blend,2017,IT.NET.USER.ZS,22.3
IDB,IDA blend,2016,IT.NET.USER.ZS,20.6
IDB,IDA blend,2015,IT.NET.USER.ZS,19.0
IDB,IDA blend,2014,IT.NET.USER.ZS,16.1
IDB,IDA blend,2013,IT.NET.USER.ZS,13.9
IDB,IDA blend,2012,IT.NET.USER.ZS,11.8
IDB,IDA blend,2011,IT.NET.USER.ZS,10.3
IDB,IDA blend,2010,IT.NET.USER.ZS,9.1
IDB,IDA blend,2009,IT.NET.USER.ZS,7.7
IDB,IDA blend,2008,IT.NET.USER.ZS,6.8
IDB,IDA blend,2007,IT.NET.USER.ZS,6.1
IDB,IDA blend,2006,IT.NET.USER.ZS,5.4
IDB,IDA blend,2005,IT.NET.USER.ZS,4.4
IDX,IDA only,2025,IT.NET.USER.ZS,36.1
IDX,IDA only,2024,IT.NET.USER.ZS,33.9
IDX,IDA only,2023,IT.NET.USER.ZS,32.5
IDX,IDA only,2022,IT.NET.USER.ZS,30.7
IDX,IDA only,2021,IT.NET.USER.ZS,28.4
IDX,IDA only,2020,IT.NET.USER.ZS,26.0
IDX,IDA only,2019,IT.NET.USER.ZS,22.8
IDX,IDA only,2018,IT.NET.USER.ZS,20.9
IDX,IDA only,2017,IT.NET.USER.ZS,17.5
IDX,IDA only,2016,IT.NET.USER.ZS,14.9
IDX,IDA only,2015,IT.NET.USER.ZS,11.6
IDX,IDA only,2014,IT.NET.USER.ZS,9.0
IDX,IDA only,2013,IT.NET.USER.ZS,6.9
IDX,IDA only,2012,IT.NET.USER.ZS,5.8
IDX,IDA only,2011,IT.NET.USER.ZS,5.0
IDX,IDA only,2010,IT.NET.USER.ZS,4.2
IDX,IDA only,2009,IT.NET.USER.ZS,3.4
IDX,IDA only,2008,IT.NET.USER.ZS,2.8
IDX,IDA only,2007,IT.NET.USER.ZS,2.3
IDX,IDA only,2006,IT.NET.USER.ZS,1.5
IDX,IDA only,2005,IT.NET.USER.ZS,1.0
IDA,IDA total,2025,IT.NET.USER.ZS,38.9
IDA,IDA total,2024,IT.NET.USER.ZS,36.4
IDA,IDA total,2023,IT.NET.USER.ZS,34.5
IDA,IDA total,2022,IT.NET.USER.ZS,32.8
IDA,IDA total,2021,IT.NET.USER.ZS,29.8
IDA,IDA total,2020,IT.NET.USER.ZS,27.0
IDA,IDA total,2019,IT.NET.USER.ZS,24.2
IDA,IDA total,2018,IT.NET.USER.ZS,22.0
IDA,IDA total,2017,IT.NET.USER.ZS,19.2
IDA,IDA total,2016,IT.NET.USER.ZS,16.9
IDA,IDA total,2015,IT.NET.USER.ZS,14.2
IDA,IDA total,2014,IT.NET.USER.ZS,11.6
IDA,IDA total,2013,IT.NET.USER.ZS,9.4
IDA,IDA total,2012,IT.NET.USER.ZS,7.9
IDA,IDA total,2011,IT.NET.USER.ZS,6.8
IDA,IDA total,2010,IT.NET.USER.ZS,5.9
IDA,IDA total,2009,IT.NET.USER.ZS,4.9
IDA,IDA total,2008,IT.NET.USER.ZS,4.2
IDA,IDA total,2007,IT.NET.USER.ZS,3.7
IDA,IDA total,2006,IT.NET.USER.ZS,2.8
IDA,IDA total,2005,IT.NET.USER.ZS,2.2
LCN,Latin America & Caribbean,2025,IT.NET.USER.ZS,83.7
LCN,Latin America & Caribbean,2024,IT.NET.USER.ZS,81.7
LCN,Latin America & Caribbean,2023,IT.NET.USER.ZS,80.0
LCN,Latin America & Caribbean,2022,IT.NET.USER.ZS,77.1
LCN,Latin America & Caribbean,2021,IT.NET.USER.ZS,75.8
LCN,Latin America & Caribbean,2020,IT.NET.USER.ZS,73.8
LCN,Latin America & Caribbean,2019,IT.NET.USER.ZS,67.8
LCN,Latin America & Caribbean,2018,IT.NET.USER.ZS,63.5
LCN,Latin America & Caribbean,2017,IT.NET.USER.ZS,60.2
LCN,Latin America & Caribbean,2016,IT.NET.USER.ZS,57.5
LCN,Latin America & Caribbean,2015,IT.NET.USER.ZS,54.4
LCN,Latin America & Caribbean,2014,IT.NET.USER.ZS,48.7
LCN,Latin America & Caribbean,2013,IT.NET.USER.ZS,46.1
LCN,Latin America & Caribbean,2012,IT.NET.USER.ZS,43.0
LCN,Latin America & Caribbean,2011,IT.NET.USER.ZS,39.3
LCN,Latin America & Caribbean,2010,IT.NET.USER.ZS,34.6
LCN,Latin America & Caribbean,2009,IT.NET.USER.ZS,31.0
LCN,Latin America & Caribbean,2008,IT.NET.USER.ZS,26.4
LCN,Latin America & Caribbean,2007,IT.NET.USER.ZS,23.7
LCN,Latin America & Caribbean,2006,IT.NET.USER.ZS,20.7
LCN,Latin America & Caribbean,2005,IT.NET.USER.ZS,16.6
LAC,Latin America & Caribbean (excluding high income),2025,IT.NET.USER.ZS,83.6
LAC,Latin America & Caribbean (excluding high income),2024,IT.NET.USER.ZS,81.4
LAC,Latin America & Caribbean (excluding high income),2023,IT.NET.USER.ZS,79.7
LAC,Latin America & Caribbean (excluding high income),2022,IT.NET.USER.ZS,76.6
LAC,Latin America & Caribbean (excluding high income),2021,IT.NET.USER.ZS,75.3
LAC,Latin America & Caribbean (excluding high income),2020,IT.NET.USER.ZS,73.3
LAC,Latin America & Caribbean (excluding high income),2019,IT.NET.USER.ZS,67.9
LAC,Latin America & Caribbean (excluding high income),2018,IT.NET.USER.ZS,62.6
LAC,Latin America & Caribbean (excluding high income),2017,IT.NET.USER.ZS,59.2
LAC,Latin America & Caribbean (excluding high income),2016,IT.NET.USER.ZS,56.4
LAC,Latin America & Caribbean (excluding high income),2015,IT.NET.USER.ZS,53.3
LAC,Latin America & Caribbean (excluding high income),2014,IT.NET.USER.ZS,47.7
LAC,Latin America & Caribbean (excluding high income),2013,IT.NET.USER.ZS,45.1
LAC,Latin America & Caribbean (excluding high income),2012,IT.NET.USER.ZS,42.1
LAC,Latin America & Caribbean (excluding high income),2011,IT.NET.USER.ZS,38.7
LAC,Latin America & Caribbean (excluding high income),2010,IT.NET.USER.ZS,34.0
LAC,Latin America & Caribbean (excluding high income),2009,IT.NET.USER.ZS,30.3
LAC,Latin America & Caribbean (excluding high income),2008,IT.NET.USER.ZS,25.9
LAC,Latin America & Caribbean (excluding high income),2007,IT.NET.USER.ZS,23.3
LAC,Latin America & Caribbean (excluding high income),2006,IT.NET.USER.ZS,20.4
LAC,Latin America & Caribbean (excluding high income),2005,IT.NET.USER.ZS,16.2
TLA,Latin America & the Caribbean (IDA & IBRD countries),2025,IT.NET.USER.ZS,83.9
TLA,Latin America & the Caribbean (IDA & IBRD countries),2024,IT.NET.USER.ZS,81.8
TLA,Latin America & the Caribbean (IDA & IBRD countries),2023,IT.NET.USER.ZS,80.2
TLA,Latin America & the Caribbean (IDA & IBRD countries),2022,IT.NET.USER.ZS,77.3
TLA,Latin America & the Caribbean (IDA & IBRD countries),2021,IT.NET.USER.ZS,75.9
TLA,Latin America & the Caribbean (IDA & IBRD countries),2020,IT.NET.USER.ZS,73.8
TLA,Latin America & the Caribbean (IDA & IBRD countries),2019,IT.NET.USER.ZS,67.7
TLA,Latin America & the Caribbean (IDA & IBRD countries),2018,IT.NET.USER.ZS,63.5
TLA,Latin America & the Caribbean (IDA & IBRD countries),2017,IT.NET.USER.ZS,60.2
TLA,Latin America & the Caribbean (IDA & IBRD countries),2016,IT.NET.USER.ZS,57.7
TLA,Latin America & the Caribbean (IDA & IBRD countries),2015,IT.NET.USER.ZS,54.7
TLA,Latin America & the Caribbean (IDA & IBRD countries),2014,IT.NET.USER.ZS,49.0
TLA,Latin America & the Caribbean (IDA & IBRD countries),2013,IT.NET.USER.ZS,46.4
TLA,Latin America & the Caribbean (IDA & IBRD countries),2012,IT.NET.USER.ZS,43.4
TLA,Latin America & the Caribbean (IDA & IBRD countries),2011,IT.NET.USER.ZS,39.7
TLA,Latin America & the Caribbean (IDA & IBRD countries),2010,IT.NET.USER.ZS,35.0
TLA,Latin America & the Caribbean (IDA & IBRD countries),2009,IT.NET.USER.ZS,31.3
TLA,Latin America & the Caribbean (IDA & IBRD countries),2008,IT.NET.USER.ZS,26.7
TLA,Latin America & the Caribbean (IDA & IBRD countries),2007,IT.NET.USER.ZS,23.9
TLA,Latin America & the Caribbean (IDA & IBRD countries),2006,IT.NET.USER.ZS,20.9
TLA,Latin America & the Caribbean (IDA & IBRD countries),2005,IT.NET.USER.ZS,16.7
LDC,Least developed countries: UN classification,2025,IT.NET.USER.ZS,33.7
LDC,Least developed countries: UN classification,2024,IT.NET.USER.ZS,31.4
LDC,Least developed countries: UN classification,2023,IT.NET.USER.ZS,29.9
LDC,Least developed countries: UN classification,2022,IT.NET.USER.ZS,28.2
LDC,Least developed countries: UN classification,2021,IT.NET.USER.ZS,26.1
LDC,Least developed countries: UN classification,2020,IT.NET.USER.ZS,24.1
LDC,Least developed countries: UN classification,2019,IT.NET.USER.ZS,21.2
LDC,Least developed countries: UN classification,2018,IT.NET.USER.ZS,19.5
LDC,Least developed countries: UN classification,2017,IT.NET.USER.ZS,16.2
LDC,Least developed countries: UN classification,2016,IT.NET.USER.ZS,13.8
LDC,Least developed countries: UN classification,2015,IT.NET.USER.ZS,10.7
LDC,Least developed countries: UN classification,2014,IT.NET.USER.ZS,8.2
LDC,Least developed countries: UN classification,2013,IT.NET.USER.ZS,6.0
LDC,Least developed countries: UN classification,2012,IT.NET.USER.ZS,4.8
LDC,Least developed countries: UN classification,2011,IT.NET.USER.ZS,4.0
LDC,Least developed countries: UN classification,2010,IT.NET.USER.ZS,3.3
LDC,Least developed countries: UN classification,2009,IT.NET.USER.ZS,2.6
LDC,Least developed countries: UN classification,2008,IT.NET.USER.ZS,2.2
LDC,Least developed countries: UN classification,2007,IT.NET.USER.ZS,1.8
LDC,Least developed countries: UN classification,2006,IT.NET.USER.ZS,1.0
LDC,Least developed countries: UN classification,2005,IT.NET.USER.ZS,0.7
,Low income,2025,IT.NET.USER.ZS,23.4
,Low income,2024,IT.NET.USER.ZS,22.5
,Low income,2023,IT.NET.USER.ZS,22.0
,Low income,2022,IT.NET.USER.ZS,21.2
,Low income,2021,IT.NET.USER.ZS,19.0
,Low income,2020,IT.NET.USER.ZS,17.6
,Low income,2019,IT.NET.USER.ZS,16.4
,Low income,2018,IT.NET.USER.ZS,13.8
,Low income,2017,IT.NET.USER.ZS,11.4
,Low income,2016,IT.NET.USER.ZS,10.0
,Low income,2015,IT.NET.USER.ZS,7.9
,Low income,2014,IT.NET.USER.ZS,6.9
,Low income,2013,IT.NET.USER.ZS,6.0
,Low income,2012,IT.NET.USER.ZS,5.4
,Low income,2011,IT.NET.USER.ZS,4.9
,Low income,2010,IT.NET.USER.ZS,4.3
,Low income,2009,IT.NET.USER.ZS,3.7
,Low income,2008,IT.NET.USER.ZS,3.0
,Low income,2007,IT.NET.USER.ZS,2.5
,Low income,2006,IT.NET.USER.ZS,1.3
,Low income,2005,IT.NET.USER.ZS,1.0
,Lower middle income,2025,IT.NET.USER.ZS,62.9
,Lower middle income,2024,IT.NET.USER.ZS,58.9
,Lower middle income,2023,IT.NET.USER.ZS,55.4
,Lower middle income,2022,IT.NET.USER.ZS,52.3
,Lower middle income,2021,IT.NET.USER.ZS,47.4
,Lower middle income,2020,IT.NET.USER.ZS,42.5
,Lower middle income,2019,IT.NET.USER.ZS,33.4
,Lower middle income,2018,IT.NET.USER.ZS,27.2
,Lower middle income,2017,IT.NET.USER.ZS,24.4
,Lower middle income,2016,IT.NET.USER.ZS,21.9
,Lower middle income,2015,IT.NET.USER.ZS,19.5
,Lower middle income,2014,IT.NET.USER.ZS,17.2
,Lower middle income,2013,IT.NET.USER.ZS,15.2
,Lower middle income,2012,IT.NET.USER.ZS,13.6
,Lower middle income,2011,IT.NET.USER.ZS,12.2
,Lower middle income,2010,IT.NET.USER.ZS,10.1
,Lower middle income,2009,IT.NET.USER.ZS,7.5
,Lower middle income,2008,IT.NET.USER.ZS,6.4
,Lower middle income,2007,IT.NET.USER.ZS,5.6
,Lower middle income,2006,IT.NET.USER.ZS,4.4
,Lower middle income,2005,IT.NET.USER.ZS,3.6
MEA,"Middle East, North Africa, Afghanistan & Pakistan",2025,IT.NET.USER.ZS,63.7
MEA,"Middle East, North Africa, Afghanistan & Pakistan",2024,IT.NET.USER.ZS,61.5
MEA,"Middle East, North Africa, Afghanistan & Pakistan",2023,IT.NET.USER.ZS,59.5
MEA,"Middle East, North Africa, Afghanistan & Pakistan",2022,IT.NET.USER.ZS,57.8
MEA,"Middle East, North Africa, Afghanistan & Pakistan",2021,IT.NET.USER.ZS,54.2
MEA,"Middle East, North Africa, Afghanistan & Pakistan",2020,IT.NET.USER.ZS,50.6
MEA,"Middle East, North Africa, Afghanistan & Pakistan",2019,IT.NET.USER.ZS,46.0
MEA,"Middle East, North Africa, Afghanistan & Pakistan",2018,IT.NET.USER.ZS,42.3
MEA,"Middle East, North Africa, Afghanistan & Pakistan",2017,IT.NET.USER.ZS,39.7
MEA,"Middle East, North Africa, Afghanistan & Pakistan",2016,IT.NET.USER.ZS,35.0
MEA,"Middle East, North Africa, Afghanistan & Pakistan",2015,IT.NET.USER.ZS,31.8
MEA,"Middle East, North Africa, Afghanistan & Pakistan",2014,IT.NET.USER.ZS,28.7
MEA,"Middle East, North Africa, Afghanistan & Pakistan",2013,IT.NET.USER.ZS,25.2
MEA,"Middle East, North Africa, Afghanistan & Pakistan",2012,IT.NET.USER.ZS,22.4
MEA,"Middle East, North Africa, Afghanistan & Pakistan",2011,IT.NET.USER.ZS,20.1
MEA,"Middle East, North Africa, Afghanistan & Pakistan",2010,IT.NET.USER.ZS,18.3
MEA,"Middle East, North Africa, Afghanistan & Pakistan",2009,IT.NET.USER.ZS,16.1
MEA,"Middle East, North Africa, Afghanistan & Pakistan",2008,IT.NET.USER.ZS,14.1
MEA,"Middle East, North Africa, Afghanistan & Pakistan",2007,IT.NET.USER.ZS,11.7
MEA,"Middle East, North Africa, Afghanistan & Pakistan",2006,IT.NET.USER.ZS,9.6
MEA,"Middle East, North Africa, Afghanistan & Pakistan",2005,IT.NET.USER.ZS,8.3
MNA,"Middle East, North Africa, Afghanistan & Pakistan (excluding high income)",2025,IT.NET.USER.ZS,0.0
MNA,"Middle East, North Africa, Afghanistan & Pakistan (excluding high income)",2024,IT.NET.USER.ZS,58.0
MNA,"Middle East, North Africa, Afghanistan & Pakistan (excluding high income)",2023,IT.NET.USER.ZS,55.9
MNA,"Middle East, North Africa, Afghanistan & Pakistan (excluding high income)",2022,IT.NET.USER.ZS,54.1
MNA,"Middle East, North Africa, Afghanistan & Pakistan (excluding high income)",2021,IT.NET.USER.ZS,50.2
MNA,"Middle East, North Africa, Afghanistan & Pakistan (excluding high income)",2020,IT.NET.USER.ZS,46.4
MNA,"Middle East, North Africa, Afghanistan & Pakistan (excluding high income)",2019,IT.NET.USER.ZS,41.5
MNA,"Middle East, North Africa, Afghanistan & Pakistan (excluding high income)",2018,IT.NET.USER.ZS,37.6
MNA,"Middle East, North Africa, Afghanistan & Pakistan (excluding high income)",2017,IT.NET.USER.ZS,34.8
MNA,"Middle East, North Africa, Afghanistan & Pakistan (excluding high income)",2016,IT.NET.USER.ZS,30.8
MNA,"Middle East, North Africa, Afghanistan & Pakistan (excluding high income)",2015,IT.NET.USER.ZS,27.6
MNA,"Middle East, North Africa, Afghanistan & Pakistan (excluding high income)",2014,IT.NET.USER.ZS,24.7
MNA,"Middle East, North Africa, Afghanistan & Pakistan (excluding high income)",2013,IT.NET.USER.ZS,21.3
MNA,"Middle East, North Africa, Afghanistan & Pakistan (excluding high income)",2012,IT.NET.USER.ZS,18.7
MNA,"Middle East, North Africa, Afghanistan & Pakistan (excluding high income)",2011,IT.NET.USER.ZS,16.9
MNA,"Middle East, North Africa, Afghanistan & Pakistan (excluding high income)",2010,IT.NET.USER.ZS,15.5
MNA,"Middle East, North Africa, Afghanistan & Pakistan (excluding high income)",2009,IT.NET.USER.ZS,13.5
MNA,"Middle East, North Africa, Afghanistan & Pakistan (excluding high income)",2008,IT.NET.USER.ZS,11.7
MNA,"Middle East, North Africa, Afghanistan & Pakistan (excluding high income)",2007,IT.NET.USER.ZS,9.7
MNA,"Middle East, North Africa, Afghanistan & Pakistan (excluding high income)",2006,IT.NET.USER.ZS,8.4
MNA,"Middle East, North Africa, Afghanistan & Pakistan (excluding high income)",2005,IT.NET.USER.ZS,7.5
TMN,"Middle East, North Africa, Afghanistan & Pakistan (IDA & IBRD)",2025,IT.NET.USER.ZS,60.2
TMN,"Middle East, North Africa, Afghanistan & Pakistan (IDA & IBRD)",2024,IT.NET.USER.ZS,57.8
TMN,"Middle East, North Africa, Afghanistan & Pakistan (IDA & IBRD)",2023,IT.NET.USER.ZS,55.7
TMN,"Middle East, North Africa, Afghanistan & Pakistan (IDA & IBRD)",2022,IT.NET.USER.ZS,53.8
TMN,"Middle East, North Africa, Afghanistan & Pakistan (IDA & IBRD)",2021,IT.NET.USER.ZS,50.0
TMN,"Middle East, North Africa, Afghanistan & Pakistan (IDA & IBRD)",2020,IT.NET.USER.ZS,46.2
TMN,"Middle East, North Africa, Afghanistan & Pakistan (IDA & IBRD)",2019,IT.NET.USER.ZS,41.3
TMN,"Middle East, North Africa, Afghanistan & Pakistan (IDA & IBRD)",2018,IT.NET.USER.ZS,37.4
TMN,"Middle East, North Africa, Afghanistan & Pakistan (IDA & IBRD)",2017,IT.NET.USER.ZS,34.6
TMN,"Middle East, North Africa, Afghanistan & Pakistan (IDA & IBRD)",2016,IT.NET.USER.ZS,30.6
TMN,"Middle East, North Africa, Afghanistan & Pakistan (IDA & IBRD)",2015,IT.NET.USER.ZS,27.4
TMN,"Middle East, North Africa, Afghanistan & Pakistan (IDA & IBRD)",2014,IT.NET.USER.ZS,24.5
TMN,"Middle East, North Africa, Afghanistan & Pakistan (IDA & IBRD)",2013,IT.NET.USER.ZS,21.1
TMN,"Middle East, North Africa, Afghanistan & Pakistan (IDA & IBRD)",2012,IT.NET.USER.ZS,18.6
TMN,"Middle East, North Africa, Afghanistan & Pakistan (IDA & IBRD)",2011,IT.NET.USER.ZS,16.7
TMN,"Middle East, North Africa, Afghanistan & Pakistan (IDA & IBRD)",2010,IT.NET.USER.ZS,15.3
TMN,"Middle East, North Africa, Afghanistan & Pakistan (IDA & IBRD)",2009,IT.NET.USER.ZS,13.4
TMN,"Middle East, North Africa, Afghanistan & Pakistan (IDA & IBRD)",2008,IT.NET.USER.ZS,11.6
TMN,"Middle East, North Africa, Afghanistan & Pakistan (IDA & IBRD)",2007,IT.NET.USER.ZS,9.6
TMN,"Middle East, North Africa, Afghanistan & Pakistan (IDA & IBRD)",2006,IT.NET.USER.ZS,8.3
TMN,"Middle East, North Africa, Afghanistan & Pakistan (IDA & IBRD)",2005,IT.NET.USER.ZS,7.4
NAC,North America,2025,IT.NET.USER.ZS,95.6
NAC,North America,2024,IT.NET.USER.ZS,94.4
NAC,North America,2023,IT.NET.USER.ZS,93.3
NAC,North America,2022,IT.NET.USER.ZS,92.6
NAC,North America,2021,IT.NET.USER.ZS,91.5
NAC,North America,2020,IT.NET.USER.ZS,90.5
NAC,North America,2019,IT.NET.USER.ZS,89.7
NAC,North America,2018,IT.NET.USER.ZS,89.1
NAC,North America,2017,IT.NET.USER.ZS,87.8
NAC,North America,2016,IT.NET.USER.ZS,86.1
NAC,North America,2015,IT.NET.USER.ZS,76.1
NAC,North America,2014,IT.NET.USER.ZS,74.4
NAC,North America,2013,IT.NET.USER.ZS,72.8
NAC,North America,2012,IT.NET.USER.ZS,75.5
NAC,North America,2011,IT.NET.USER.ZS,71.0
NAC,North America,2010,IT.NET.USER.ZS,72.5
NAC,North America,2009,IT.NET.USER.ZS,71.9
NAC,North America,2008,IT.NET.USER.ZS,74.3
NAC,North America,2007,IT.NET.USER.ZS,74.8
NAC,North America,2006,IT.NET.USER.ZS,69.3
NAC,North America,2005,IT.NET.USER.ZS,68.3
SST,Small states,2025,IT.NET.USER.ZS,0.0
SST,Small states,2024,IT.NET.USER.ZS,72.5
SST,Small states,2023,IT.NET.USER.ZS,71.7
SST,Small states,2022,IT.NET.USER.ZS,70.5
SST,Small states,2021,IT.NET.USER.ZS,69.1
SST,Small states,2020,IT.NET.USER.ZS,65.6
SST,Small states,2019,IT.NET.USER.ZS,62.1
SST,Small states,2018,IT.NET.USER.ZS,58.0
SST,Small states,2017,IT.NET.USER.ZS,55.6
SST,Small states,2016,IT.NET.USER.ZS,50.9
SST,Small states,2015,IT.NET.USER.ZS,47.7
SST,Small states,2014,IT.NET.USER.ZS,44.7
SST,Small states,2013,IT.NET.USER.ZS,41.2
SST,Small states,2012,IT.NET.USER.ZS,38.5
SST,Small states,2011,IT.NET.USER.ZS,35.5
SST,Small states,2010,IT.NET.USER.ZS,32.0
SST,Small states,2009,IT.NET.USER.ZS,28.7
SST,Small states,2008,IT.NET.USER.ZS,25.6
SST,Small states,2007,IT.NET.USER.ZS,23.3
SST,Small states,2006,IT.NET.USER.ZS,21.1
SST,Small states,2005,IT.NET.USER.ZS,19.6
SAS,South Asia,2025,IT.NET.USER.ZS,67.8
SAS,South Asia,2024,IT.NET.USER.ZS,62.8
SAS,South Asia,2023,IT.NET.USER.ZS,58.3
SAS,South Asia,2022,IT.NET.USER.ZS,54.2
SAS,South Asia,2021,IT.NET.USER.ZS,48.0
SAS,South Asia,2020,IT.NET.USER.ZS,42.5
SAS,South Asia,2019,IT.NET.USER.ZS,29.7
SAS,South Asia,2018,IT.NET.USER.ZS,20.9
SAS,South Asia,2017,IT.NET.USER.ZS,18.8
SAS,South Asia,2016,IT.NET.USER.ZS,16.7
SAS,South Asia,2015,IT.NET.USER.ZS,14.7
SAS,South Asia,2014,IT.NET.USER.ZS,13.0
SAS,South Asia,2013,IT.NET.USER.ZS,11.7
SAS,South Asia,2012,IT.NET.USER.ZS,10.4
SAS,South Asia,2011,IT.NET.USER.ZS,9.4
SAS,South Asia,2010,IT.NET.USER.ZS,7.1
SAS,South Asia,2009,IT.NET.USER.ZS,4.9
SAS,South Asia,2008,IT.NET.USER.ZS,4.1
SAS,South Asia,2007,IT.NET.USER.ZS,3.7
SAS,South Asia,2006,IT.NET.USER.ZS,2.6
SAS,South Asia,2005,IT.NET.USER.ZS,2.1
TSA,South Asia (IDA & IBRD),2025,IT.NET.USER.ZS,67.8
TSA,South Asia (IDA & IBRD),2024,IT.NET.USER.ZS,62.8
TSA,South Asia (IDA & IBRD),2023,IT.NET.USER.ZS,58.3
TSA,South Asia (IDA & IBRD),2022,IT.NET.USER.ZS,54.2
TSA,South Asia (IDA & IBRD),2021,IT.NET.USER.ZS,48.0
TSA,South Asia (IDA & IBRD),2020,IT.NET.USER.ZS,42.5
TSA,South Asia (IDA & IBRD),2019,IT.NET.USER.ZS,29.7
TSA,South Asia (IDA & IBRD),2018,IT.NET.USER.ZS,20.9
TSA,South Asia (IDA & IBRD),2017,IT.NET.USER.ZS,18.8
TSA,South Asia (IDA & IBRD),2016,IT.NET.USER.ZS,16.7
TSA,South Asia (IDA & IBRD),2015,IT.NET.USER.ZS,14.7
TSA,South Asia (IDA & IBRD),2014,IT.NET.USER.ZS,13.0
TSA,South Asia (IDA & IBRD),2013,IT.NET.USER.ZS,11.7
TSA,South Asia (IDA & IBRD),2012,IT.NET.USER.ZS,10.4
TSA,South Asia (IDA & IBRD),2011,IT.NET.USER.ZS,9.4
TSA,South Asia (IDA & IBRD),2010,IT.NET.USER.ZS,7.1
TSA,South Asia (IDA & IBRD),2009,IT.NET.USER.ZS,4.9
TSA,South Asia (IDA & IBRD),2008,IT.NET.USER.ZS,4.1
TSA,South Asia (IDA & IBRD),2007,IT.NET.USER.ZS,3.7
TSA,South Asia (IDA & IBRD),2006,IT.NET.USER.ZS,2.6
TSA,South Asia (IDA & IBRD),2005,IT.NET.USER.ZS,2.1
SSF,Sub-Saharan Africa,2025,IT.NET.USER.ZS,35.7
SSF,Sub-Saharan Africa,2024,IT.NET.USER.ZS,33.6
SSF,Sub-Saharan Africa,2023,IT.NET.USER.ZS,32.3
SSF,Sub-Saharan Africa,2022,IT.NET.USER.ZS,31.1
SSF,Sub-Saharan Africa,2021,IT.NET.USER.ZS,29.0
SSF,Sub-Saharan Africa,2020,IT.NET.USER.ZS,26.7
SSF,Sub-Saharan Africa,2019,IT.NET.USER.ZS,24.4
SSF,Sub-Saharan Africa,2018,IT.NET.USER.ZS,22.0
SSF,Sub-Saharan Africa,2017,IT.NET.USER.ZS,20.0
SSF,Sub-Saharan Africa,2016,IT.NET.USER.ZS,18.3
SSF,Sub-Saharan Africa,2015,IT.NET.USER.ZS,16.2
SSF,Sub-Saharan Africa,2014,IT.NET.USER.ZS,13.4
SSF,Sub-Saharan Africa,2013,IT.NET.USER.ZS,11.2
SSF,Sub-Saharan Africa,2012,IT.NET.USER.ZS,9.2
SSF,Sub-Saharan Africa,2011,IT.NET.USER.ZS,7.5
SSF,Sub-Saharan Africa,2010,IT.NET.USER.ZS,6.0
SSF,Sub-Saharan Africa,2009,IT.NET.USER.ZS,4.3
SSF,Sub-Saharan Africa,2008,IT.NET.USER.ZS,3.6
SSF,Sub-Saharan Africa,2007,IT.NET.USER.ZS,3.1
SSF,Sub-Saharan Africa,2006,IT.NET.USER.ZS,2.6
SSF,Sub-Saharan Africa,2005,IT.NET.USER.ZS,2.0
SSA,Sub-Saharan Africa (excluding high income),2025,IT.NET.USER.ZS,36.5
SSA,Sub-Saharan Africa (excluding high income),2024,IT.NET.USER.ZS,34.7
SSA,Sub-Saharan Africa (excluding high income),2023,IT.NET.USER.ZS,33.5
SSA,Sub-Saharan Africa (excluding high income),2022,IT.NET.USER.ZS,32.7
SSA,Sub-Saharan Africa (excluding high income),2021,IT.NET.USER.ZS,30.3
SSA,Sub-Saharan Africa (excluding high income),2020,IT.NET.USER.ZS,28.0
SSA,Sub-Saharan Africa (excluding high income),2019,IT.NET.USER.ZS,25.3
SSA,Sub-Saharan Africa (excluding high income),2018,IT.NET.USER.ZS,22.8
SSA,Sub-Saharan Africa (excluding high income),2017,IT.NET.USER.ZS,20.4
SSA,Sub-Saharan Africa (excluding high income),2016,IT.NET.USER.ZS,18.5
SSA,Sub-Saharan Africa (excluding high income),2015,IT.NET.USER.ZS,16.3
SSA,Sub-Saharan Africa (excluding high income),2014,IT.NET.USER.ZS,13.9
SSA,Sub-Saharan Africa (excluding high income),2013,IT.NET.USER.ZS,11.8
SSA,Sub-Saharan Africa (excluding high income),2012,IT.NET.USER.ZS,9.9
SSA,Sub-Saharan Africa (excluding high income),2011,IT.NET.USER.ZS,8.3
SSA,Sub-Saharan Africa (excluding high income),2010,IT.NET.USER.ZS,6.7
SSA,Sub-Saharan Africa (excluding high income),2009,IT.NET.USER.ZS,4.9
SSA,Sub-Saharan Africa (excluding high income),2008,IT.NET.USER.ZS,4.2
SSA,Sub-Saharan Africa (excluding high income),2007,IT.NET.USER.ZS,3.7
SSA,Sub-Saharan Africa (excluding high income),2006,IT.NET.USER.ZS,2.8
SSA,Sub-Saharan Africa (excluding high income),2005,IT.NET.USER.ZS,2.2
TSS,Sub-Saharan Africa (IDA & IBRD countries),2025,IT.NET.USER.ZS,35.2
TSS,Sub-Saharan Africa (IDA & IBRD countries),2024,IT.NET.USER.ZS,33.3
TSS,Sub-Saharan Africa (IDA & IBRD countries),2023,IT.NET.USER.ZS,32.1
TSS,Sub-Saharan Africa (IDA & IBRD countries),2022,IT.NET.USER.ZS,31.1
TSS,Sub-Saharan Africa (IDA & IBRD countries),2021,IT.NET.USER.ZS,28.9
TSS,Sub-Saharan Africa (IDA & IBRD countries),2020,IT.NET.USER.ZS,26.8
TSS,Sub-Saharan Africa (IDA & IBRD countries),2019,IT.NET.USER.ZS,24.4
TSS,Sub-Saharan Africa (IDA & IBRD countries),2018,IT.NET.USER.ZS,22.1
TSS,Sub-Saharan Africa (IDA & IBRD countries),2017,IT.NET.USER.ZS,19.9
TSS,Sub-Saharan Africa (IDA & IBRD countries),2016,IT.NET.USER.ZS,18.2
TSS,Sub-Saharan Africa (IDA & IBRD countries),2015,IT.NET.USER.ZS,16.1
TSS,Sub-Saharan Africa (IDA & IBRD countries),2014,IT.NET.USER.ZS,13.3
TSS,Sub-Saharan Africa (IDA & IBRD countries),2013,IT.NET.USER.ZS,11.1
TSS,Sub-Saharan Africa (IDA & IBRD countries),2012,IT.NET.USER.ZS,9.2
TSS,Sub-Saharan Africa (IDA & IBRD countries),2011,IT.NET.USER.ZS,7.6
TSS,Sub-Saharan Africa (IDA & IBRD countries),2010,IT.NET.USER.ZS,6.1
TSS,Sub-Saharan Africa (IDA & IBRD countries),2009,IT.NET.USER.ZS,4.5
TSS,Sub-Saharan Africa (IDA & IBRD countries),2008,IT.NET.USER.ZS,3.8
TSS,Sub-Saharan Africa (IDA & IBRD countries),2007,IT.NET.USER.ZS,3.4
TSS,Sub-Saharan Africa (IDA & IBRD countries),2006,IT.NET.USER.ZS,2.5
TSS,Sub-Saharan Africa (IDA & IBRD countries),2005,IT.NET.USER.ZS,2.0
,Upper middle income,2025,IT.NET.USER.ZS,88.8
,Upper middle income,2024,IT.NET.USER.ZS,86.9
,Upper middle income,2023,IT.NET.USER.ZS,85.3
,Upper middle income,2022,IT.NET.USER.ZS,82.7
,Upper middle income,2021,IT.NET.USER.ZS,79.4
,Upper middle income,2020,IT.NET.USER.ZS,74.9
,Upper middle income,2019,IT.NET.USER.ZS,67.5
,Upper middle income,2018,IT.NET.USER.ZS,62.2
,Upper middle income,2017,IT.NET.USER.ZS,57.7
,Upper middle income,2016,IT.NET.USER.ZS,53.3
,Upper middle income,2015,IT.NET.USER.ZS,47.9
,Upper middle income,2014,IT.NET.USER.ZS,44.3
,Upper middle income,2013,IT.NET.USER.ZS,41.4
,Upper middle income,2012,IT.NET.USER.ZS,38.3
,Upper middle income,2011,IT.NET.USER.ZS,34.5
,Upper middle income,2010,IT.NET.USER.ZS,30.6
,Upper middle income,2009,IT.NET.USER.ZS,25.8
,Upper middle income,2008,IT.NET.USER.ZS,21.2
,Upper middle income,2007,IT.NET.USER.ZS,16.6
,Upper middle income,2006,IT.NET.USER.ZS,12.5
,Upper middle income,2005,IT.NET.USER.ZS,10.2
WLD,World,2025,IT.NET.USER.ZS,73.6
WLD,World,2024,IT.NET.USER.ZS,71.2
WLD,World,2023,IT.NET.USER.ZS,69.2
WLD,World,2022,IT.NET.USER.ZS,67.0
WLD,World,2021,IT.NET.USER.ZS,63.8
WLD,World,2020,IT.NET.USER.ZS,60.1
WLD,World,2019,IT.NET.USER.ZS,53.9
WLD,World,2018,IT.NET.USER.ZS,49.4
WLD,World,2017,IT.NET.USER.ZS,46.3
WLD,World,2016,IT.NET.USER.ZS,43.6
WLD,World,2015,IT.NET.USER.ZS,39.9
WLD,World,2014,IT.NET.USER.ZS,37.4
WLD,World,2013,IT.NET.USER.ZS,35.3
WLD,World,2012,IT.NET.USER.ZS,33.3
WLD,World,2011,IT.NET.USER.ZS,30.9
WLD,World,2010,IT.NET.USER.ZS,28.4
WLD,World,2009,IT.NET.USER.ZS,25.3
WLD,World,2008,IT.NET.USER.ZS,22.8
WLD,World,2007,IT.NET.USER.ZS,20.2
WLD,World,2006,IT.NET.USER.ZS,17.2
WLD,World,2005,IT.NET.USER.ZS,15.6
AFG,Afghanistan,2024,IT.NET.USER.ZS,16.09499931
AFG,Afghanistan,2023,IT.NET.USER.ZS,15.92840004
AFG,Afghanistan,2022,IT.NET.USER.ZS,15.86629963
AFG,Afghanistan,2021,IT.NET.USER.ZS,16.51429939
AFG,Afghanistan,2020,IT.NET.USER.ZS,17.04850006
AFG,Afghanistan,2019,IT.NET.USER.ZS,17.60000038
AFG,Afghanistan,2018,IT.NET.USER.ZS,16.79999924
AFG,Afghanistan,2017,IT.NET.USER.ZS,13.5
AFG,Afghanistan,2016,IT.NET.USER.ZS,11.0
AFG,Afghanistan,2015,IT.NET.USER.ZS,8.260000229
AFG,Afghanistan,2014,IT.NET.USER.ZS,7.0
AFG,Afghanistan,2013,IT.NET.USER.ZS,5.900000095
AFG,Afghanistan,2012,IT.NET.USER.ZS,5.454500198
AFG,Afghanistan,2011,IT.NET.USER.ZS,5.0
AFG,Afghanistan,2010,IT.NET.USER.ZS,4.0
AFG,Afghanistan,2009,IT.NET.USER.ZS,3.55
AFG,Afghanistan,2008,IT.NET.USER.ZS,1.84
AFG,Afghanistan,2007,IT.NET.USER.ZS,1.899999976
AFG,Afghanistan,2006,IT.NET.USER.ZS,2.10712364546412
AFG,Afghanistan,2005,IT.NET.USER.ZS,1.22414808372471
ALB,Albania,2024,IT.NET.USER.ZS,85.86389923
ALB,Albania,2023,IT.NET.USER.ZS,83.13559161
ALB,Albania,2022,IT.NET.USER.ZS,82.61367544
ALB,Albania,2021,IT.NET.USER.ZS,79.32371752
ALB,Albania,2020,IT.NET.USER.ZS,72.23767711
ALB,Albania,2019,IT.NET.USER.ZS,68.5503911218006
ALB,Albania,2018,IT.NET.USER.ZS,65.40000153
ALB,Albania,2017,IT.NET.USER.ZS,62.40000153
ALB,Albania,2016,IT.NET.USER.ZS,59.59999847
ALB,Albania,2015,IT.NET.USER.ZS,56.90000153
ALB,Albania,2014,IT.NET.USER.ZS,54.29999924
ALB,Albania,2013,IT.NET.USER.ZS,51.79999924
ALB,Albania,2012,IT.NET.USER.ZS,49.40000153
ALB,Albania,2011,IT.NET.USER.ZS,47.0
ALB,Albania,2010,IT.NET.USER.ZS,45.0
ALB,Albania,2009,IT.NET.USER.ZS,41.2
ALB,Albania,2008,IT.NET.USER.ZS,23.86
ALB,Albania,2007,IT.NET.USER.ZS,15.03610039
ALB,Albania,2006,IT.NET.USER.ZS,9.609999657
ALB,Albania,2005,IT.NET.USER.ZS,6.04389086404814
DZA,Algeria,2024,IT.NET.USER.ZS,77.4178009
DZA,Algeria,2023,IT.NET.USER.ZS,76.19760132
DZA,Algeria,2022,IT.NET.USER.ZS,74.78150177
DZA,Algeria,2021,IT.NET.USER.ZS,72.21240234
DZA,Algeria,2020,IT.NET.USER.ZS,63.47269821
DZA,Algeria,2019,IT.NET.USER.ZS,55.79069901
DZA,Algeria,2018,IT.NET.USER.ZS,49.0384680793271
DZA,Algeria,2017,IT.NET.USER.ZS,47.69110107
DZA,Algeria,2016,IT.NET.USER.ZS,42.94549942
DZA,Algeria,2015,IT.NET.USER.ZS,38.20000076
DZA,Algeria,2014,IT.NET.USER.ZS,29.5
DZA,Algeria,2013,IT.NET.USER.ZS,22.5
DZA,Algeria,2012,IT.NET.USER.ZS,18.20000076
DZA,Algeria,2011,IT.NET.USER.ZS,14.89999962
DZA,Algeria,2010,IT.NET.USER.ZS,12.5
DZA,Algeria,2009,IT.NET.USER.ZS,11.23
DZA,Algeria,2008,IT.NET.USER.ZS,10.18
DZA,Algeria,2007,IT.NET.USER.ZS,9.45119062555304
DZA,Algeria,2006,IT.NET.USER.ZS,7.37598495634886
DZA,Algeria,2005,IT.NET.USER.ZS,5.843900204
AND,Andorra,2024,IT.NET.USER.ZS,94.39759827
AND,Andorra,2023,IT.NET.USER.ZS,94.21499634
AND,Andorra,2022,IT.NET.USER.ZS,94.05169678
AND,Andorra,2021,IT.NET.USER.ZS,93.89749908
AND,Andorra,2020,IT.NET.USER.ZS,93.20570374
AND,Andorra,2019,IT.NET.USER.ZS,90.71869659
AND,Andorra,2018,IT.NET.USER.ZS,93.5
AND,Andorra,2017,IT.NET.USER.ZS,91.5674670273926
AND,Andorra,2016,IT.NET.USER.ZS,89.69999695
AND,Andorra,2015,IT.NET.USER.ZS,87.90000153
AND,Andorra,2014,IT.NET.USER.ZS,86.09999847
AND,Andorra,2013,IT.NET.USER.ZS,84.40000153
AND,Andorra,2012,IT.NET.USER.ZS,82.69999695
AND,Andorra,2011,IT.NET.USER.ZS,81.0
AND,Andorra,2010,IT.NET.USER.ZS,81.0
AND,Andorra,2009,IT.NET.USER.ZS,78.53
AND,Andorra,2008,IT.NET.USER.ZS,70.04
AND,Andorra,2007,IT.NET.USER.ZS,70.87
AND,Andorra,2006,IT.NET.USER.ZS,48.9368469989479
AND,Andorra,2005,IT.NET.USER.ZS,37.6057662174867
AGO,Angola,2024,IT.NET.USER.ZS,40.70479965
AGO,Angola,2023,IT.NET.USER.ZS,37.88589859
AGO,Angola,2022,IT.NET.USER.ZS,35.83800125
AGO,Angola,2021,IT.NET.USER.ZS,34.55649948
AGO,Angola,2020,IT.NET.USER.ZS,33.32089996
AGO,Angola,2019,IT.NET.USER.ZS,32.12939835
AGO,Angola,2018,IT.NET.USER.ZS,29.0
AGO,Angola,2017,IT.NET.USER.ZS,26.0
AGO,Angola,2016,IT.NET.USER.ZS,23.20000076
AGO,Angola,2015,IT.NET.USER.ZS,22.0
AGO,Angola,2014,IT.NET.USER.ZS,21.3623407584103
AGO,Angola,2013,IT.NET.USER.ZS,13.0
AGO,Angola,2012,IT.NET.USER.ZS,7.699999809
AGO,Angola,2011,IT.NET.USER.ZS,4.699999809
AGO,Angola,2010,IT.NET.USER.ZS,2.799999952
AGO,Angola,2009,IT.NET.USER.ZS,2.299999952
AGO,Angola,2008,IT.NET.USER.ZS,1.899999976
AGO,Angola,2007,IT.NET.USER.ZS,1.700000048
AGO,Angola,2006,IT.NET.USER.ZS,1.5
AGO,Angola,2005,IT.NET.USER.ZS,1.143399954
ATG,Antigua and Barbuda,2024,IT.NET.USER.ZS,72.73040009
ATG,Antigua and Barbuda,2023,IT.NET.USER.ZS,72.12409973
ATG,Antigua and Barbuda,2022,IT.NET.USER.ZS,71.9233017
ATG,Antigua and Barbuda,2021,IT.NET.USER.ZS,71.64530182
ATG,Antigua and Barbuda,2020,IT.NET.USER.ZS,71.36840057
ATG,Antigua and Barbuda,2019,IT.NET.USER.ZS,71.09259796
ATG,Antigua and Barbuda,2018,IT.NET.USER.ZS,70.81790161
ATG,Antigua and Barbuda,2017,IT.NET.USER.ZS,70.54419708
ATG,Antigua and Barbuda,2016,IT.NET.USER.ZS,70.27159882
ATG,Antigua and Barbuda,2015,IT.NET.USER.ZS,70.0
ATG,Antigua and Barbuda,2014,IT.NET.USER.ZS,67.77999878
ATG,Antigua and Barbuda,2013,IT.NET.USER.ZS,63.40000153
ATG,Antigua and Barbuda,2012,IT.NET.USER.ZS,58.0
ATG,Antigua and Barbuda,2011,IT.NET.USER.ZS,52.0
ATG,Antigua and Barbuda,2010,IT.NET.USER.ZS,47.0
ATG,Antigua and Barbuda,2009,IT.NET.USER.ZS,42.0
ATG,Antigua and Barbuda,2008,IT.NET.USER.ZS,38.0
ATG,Antigua and Barbuda,2007,IT.NET.USER.ZS,34.0
ATG,Antigua and Barbuda,2006,IT.NET.USER.ZS,30.0
ATG,Antigua and Barbuda,2005,IT.NET.USER.ZS,27.0
ARG,Argentina,2024,IT.NET.USER.ZS,89.66715228
ARG,Argentina,2023,IT.NET.USER.ZS,89.22897166
ARG,Argentina,2022,IT.NET.USER.ZS,88.37535691
ARG,Argentina,2021,IT.NET.USER.ZS,87.15070683
ARG,Argentina,2020,IT.NET.USER.ZS,85.51438646
ARG,Argentina,2019,IT.NET.USER.ZS,79.9469520347551
ARG,Argentina,2018,IT.NET.USER.ZS,77.7
ARG,Argentina,2017,IT.NET.USER.ZS,74.2949068657957
ARG,Argentina,2016,IT.NET.USER.ZS,70.9689808206024
ARG,Argentina,2015,IT.NET.USER.ZS,68.0430641088122
ARG,Argentina,2014,IT.NET.USER.ZS,64.69999695
ARG,Argentina,2013,IT.NET.USER.ZS,59.90000153
ARG,Argentina,2012,IT.NET.USER.ZS,55.79999924
ARG,Argentina,2011,IT.NET.USER.ZS,51.0
ARG,Argentina,2010,IT.NET.USER.ZS,45.0
ARG,Argentina,2009,IT.NET.USER.ZS,34.0
ARG,Argentina,2008,IT.NET.USER.ZS,28.1126234799907
ARG,Argentina,2007,IT.NET.USER.ZS,25.9466329403819
ARG,Argentina,2006,IT.NET.USER.ZS,20.9272021035896
ARG,Argentina,2005,IT.NET.USER.ZS,17.7205833696065
ARM,Armenia,2024,IT.NET.USER.ZS,81.33930206
ARM,Armenia,2023,IT.NET.USER.ZS,79.99663036
ARM,Armenia,2022,IT.NET.USER.ZS,77.02767465
ARM,Armenia,2021,IT.NET.USER.ZS,78.61225758
ARM,Armenia,2020,IT.NET.USER.ZS,76.50770055
ARM,Armenia,2019,IT.NET.USER.ZS,66.5439496866159
ARM,Armenia,2018,IT.NET.USER.ZS,68.2450522610271
ARM,Armenia,2017,IT.NET.USER.ZS,64.7448843250726
ARM,Armenia,2016,IT.NET.USER.ZS,64.3460297653742
ARM,Armenia,2015,IT.NET.USER.ZS,59.1008337674937
ARM,Armenia,2014,IT.NET.USER.ZS,54.6228058583362
ARM,Armenia,2013,IT.NET.USER.ZS,41.9
ARM,Armenia,2012,IT.NET.USER.ZS,37.5
ARM,Armenia,2011,IT.NET.USER.ZS,32.0
ARM,Armenia,2010,IT.NET.USER.ZS,25.0
ARM,Armenia,2009,IT.NET.USER.ZS,15.30000019
ARM,Armenia,2008,IT.NET.USER.ZS,6.21
ARM,Armenia,2007,IT.NET.USER.ZS,6.021299839
ARM,Armenia,2006,IT.NET.USER.ZS,5.631800175
ARM,Armenia,2005,IT.NET.USER.ZS,5.252999783
ABW,Aruba,2017,IT.NET.USER.ZS,97.17
ABW,Aruba,2016,IT.NET.USER.ZS,93.542453865048
ABW,Aruba,2015,IT.NET.USER.ZS,88.661226932496
ABW,Aruba,2014,IT.NET.USER.ZS,83.78
ABW,Aruba,2013,IT.NET.USER.ZS,78.9
ABW,Aruba,2012,IT.NET.USER.ZS,74.0
ABW,Aruba,2011,IT.NET.USER.ZS,69.0
ABW,Aruba,2010,IT.NET.USER.ZS,62.0
ABW,Aruba,2009,IT.NET.USER.ZS,58.0
ABW,Aruba,2008,IT.NET.USER.ZS,52.0
ABW,Aruba,2007,IT.NET.USER.ZS,30.9
ABW,Aruba,2006,IT.NET.USER.ZS,28.0
ABW,Aruba,2005,IT.NET.USER.ZS,25.4
AUS,Australia,2024,IT.NET.USER.ZS,96.13140106
AUS,Australia,2023,IT.NET.USER.ZS,96.1160965
AUS,Australia,2022,IT.NET.USER.ZS,96.11940002
AUS,Australia,2021,IT.NET.USER.ZS,96.97219849
AUS,Australia,2020,IT.NET.USER.ZS,94.6934967
AUS,Australia,2019,IT.NET.USER.ZS,93.60990143
AUS,Australia,2018,IT.NET.USER.ZS,90.0082016
AUS,Australia,2017,IT.NET.USER.ZS,86.5450488476768
AUS,Australia,2016,IT.NET.USER.ZS,86.54000092
AUS,Australia,2015,IT.NET.USER.ZS,84.5605149091408
AUS,Australia,2014,IT.NET.USER.ZS,84.0
AUS,Australia,2013,IT.NET.USER.ZS,83.453497167
AUS,Australia,2012,IT.NET.USER.ZS,79.0
AUS,Australia,2011,IT.NET.USER.ZS,79.4876977139029
AUS,Australia,2010,IT.NET.USER.ZS,76.0
AUS,Australia,2009,IT.NET.USER.ZS,74.25
AUS,Australia,2008,IT.NET.USER.ZS,71.67
AUS,Australia,2007,IT.NET.USER.ZS,69.45
AUS,Australia,2006,IT.NET.USER.ZS,66.0
AUS,Australia,2005,IT.NET.USER.ZS,63.0
AUT,Austria,2025,IT.NET.USER.ZS,91.92573373
AUT,Austria,2024,IT.NET.USER.ZS,94.91974877
AUT,Austria,2023,IT.NET.USER.ZS,95.33467117
AUT,Austria,2022,IT.NET.USER.ZS,93.61409139
AUT,Austria,2021,IT.NET.USER.ZS,92.52915104
AUT,Austria,2020,IT.NET.USER.ZS,87.52942813
AUT,Austria,2019,IT.NET.USER.ZS,87.7522047870069
AUT,Austria,2018,IT.NET.USER.ZS,87.4791372262556
AUT,Austria,2017,IT.NET.USER.ZS,87.9355865856062
AUT,Austria,2016,IT.NET.USER.ZS,84.3237425711653
AUT,Austria,2015,IT.NET.USER.ZS,83.9401419315026
AUT,Austria,2014,IT.NET.USER.ZS,80.9958249574764
AUT,Austria,2013,IT.NET.USER.ZS,80.6188
AUT,Austria,2012,IT.NET.USER.ZS,80.0299939169903
AUT,Austria,2011,IT.NET.USER.ZS,78.7399930986888
AUT,Austria,2010,IT.NET.USER.ZS,75.17
AUT,Austria,2009,IT.NET.USER.ZS,73.45
AUT,Austria,2008,IT.NET.USER.ZS,72.87
AUT,Austria,2007,IT.NET.USER.ZS,69.37
AUT,Austria,2006,IT.NET.USER.ZS,63.6
AUT,Austria,2005,IT.NET.USER.ZS,58.0
AZE,Azerbaijan,2025,IT.NET.USER.ZS,90.80000181
AZE,Azerbaijan,2024,IT.NET.USER.ZS,90.43979645
AZE,Azerbaijan,2023,IT.NET.USER.ZS,89.0
AZE,Azerbaijan,2022,IT.NET.USER.ZS,88.0
AZE,Azerbaijan,2021,IT.NET.USER.ZS,85.99998954
AZE,Azerbaijan,2020,IT.NET.USER.ZS,84.59999573
AZE,Azerbaijan,2019,IT.NET.USER.ZS,81.0999990651547
AZE,Azerbaijan,2018,IT.NET.USER.ZS,79.7999954887896
AZE,Azerbaijan,2017,IT.NET.USER.ZS,79.0
AZE,Azerbaijan,2016,IT.NET.USER.ZS,78.2
AZE,Azerbaijan,2015,IT.NET.USER.ZS,77.0
AZE,Azerbaijan,2014,IT.NET.USER.ZS,75.0000156363396
AZE,Azerbaijan,2013,IT.NET.USER.ZS,73.000001372
AZE,Azerbaijan,2012,IT.NET.USER.ZS,54.20000076
AZE,Azerbaijan,2011,IT.NET.USER.ZS,50.0
AZE,Azerbaijan,2010,IT.NET.USER.ZS,46.0
AZE,Azerbaijan,2009,IT.NET.USER.ZS,27.4
AZE,Azerbaijan,2008,IT.NET.USER.ZS,17.08
AZE,Azerbaijan,2007,IT.NET.USER.ZS,14.53999996
AZE,Azerbaijan,2006,IT.NET.USER.ZS,11.9921999
AZE,Azerbaijan,2005,IT.NET.USER.ZS,8.030400276
BHS,"Bahamas, The",2024,IT.NET.USER.ZS,92.47270203
BHS,"Bahamas, The",2023,IT.NET.USER.ZS,92.38729858
BHS,"Bahamas, The",2022,IT.NET.USER.ZS,92.2559967
BHS,"Bahamas, The",2021,IT.NET.USER.ZS,92.34980011
BHS,"Bahamas, The",2020,IT.NET.USER.ZS,92.4437027
BHS,"Bahamas, The",2019,IT.NET.USER.ZS,90.69329834
BHS,"Bahamas, The",2018,IT.NET.USER.ZS,83.0
BHS,"Bahamas, The",2017,IT.NET.USER.ZS,80.59999847
BHS,"Bahamas, The",2016,IT.NET.USER.ZS,80.0
BHS,"Bahamas, The",2015,IT.NET.USER.ZS,78.0
BHS,"Bahamas, The",2014,IT.NET.USER.ZS,76.91999817
BHS,"Bahamas, The",2013,IT.NET.USER.ZS,72.0
BHS,"Bahamas, The",2012,IT.NET.USER.ZS,71.74819946
BHS,"Bahamas, The",2011,IT.NET.USER.ZS,65.0
BHS,"Bahamas, The",2010,IT.NET.USER.ZS,43.0
BHS,"Bahamas, The",2009,IT.NET.USER.ZS,33.88
BHS,"Bahamas, The",2008,IT.NET.USER.ZS,31.54
BHS,"Bahamas, The",2007,IT.NET.USER.ZS,27.0
BHS,"Bahamas, The",2006,IT.NET.USER.ZS,26.0
BHS,"Bahamas, The",2005,IT.NET.USER.ZS,25.0
BHR,Bahrain,2024,IT.NET.USER.ZS,100.0
BHR,Bahrain,2023,IT.NET.USER.ZS,100.0
BHR,Bahrain,2022,IT.NET.USER.ZS,100.0
BHR,Bahrain,2021,IT.NET.USER.ZS,100.0
BHR,Bahrain,2020,IT.NET.USER.ZS,99.67103159
BHR,Bahrain,2019,IT.NET.USER.ZS,99.7015043807778
BHR,Bahrain,2018,IT.NET.USER.ZS,98.6446725799886
BHR,Bahrain,2017,IT.NET.USER.ZS,95.8781357543453
BHR,Bahrain,2016,IT.NET.USER.ZS,97.9999807024146
BHR,Bahrain,2015,IT.NET.USER.ZS,93.4783007986129
BHR,Bahrain,2014,IT.NET.USER.ZS,90.5031334814656
BHR,Bahrain,2013,IT.NET.USER.ZS,90.0000397
BHR,Bahrain,2012,IT.NET.USER.ZS,88.0
BHR,Bahrain,2011,IT.NET.USER.ZS,76.9999665032303
BHR,Bahrain,2010,IT.NET.USER.ZS,55.0
BHR,Bahrain,2009,IT.NET.USER.ZS,53.0
BHR,Bahrain,2008,IT.NET.USER.ZS,51.95
BHR,Bahrain,2007,IT.NET.USER.ZS,32.91
BHR,Bahrain,2006,IT.NET.USER.ZS,28.24399948
BHR,Bahrain,2005,IT.NET.USER.ZS,21.30369949
BGD,Bangladesh,2024,IT.NET.USER.ZS,53.42171316
BGD,Bangladesh,2023,IT.NET.USER.ZS,44.50274195
BGD,Bangladesh,2022,IT.NET.USER.ZS,41.61650085
BGD,Bangladesh,2021,IT.NET.USER.ZS,38.91744466
BGD,Bangladesh,2020,IT.NET.USER.ZS,36.10910034
BGD,Bangladesh,2019,IT.NET.USER.ZS,30.38310051
BGD,Bangladesh,2018,IT.NET.USER.ZS,25.56509972
BGD,Bangladesh,2017,IT.NET.USER.ZS,21.5
BGD,Bangladesh,2016,IT.NET.USER.ZS,16.89909935
BGD,Bangladesh,2015,IT.NET.USER.ZS,12.36880016
BGD,Bangladesh,2014,IT.NET.USER.ZS,9.052900314
BGD,Bangladesh,2013,IT.NET.USER.ZS,6.63
BGD,Bangladesh,2012,IT.NET.USER.ZS,5.0
BGD,Bangladesh,2011,IT.NET.USER.ZS,4.5
BGD,Bangladesh,2010,IT.NET.USER.ZS,3.700000048
BGD,Bangladesh,2009,IT.NET.USER.ZS,3.099999905
BGD,Bangladesh,2008,IT.NET.USER.ZS,2.5
BGD,Bangladesh,2007,IT.NET.USER.ZS,1.799999952
BGD,Bangladesh,2006,IT.NET.USER.ZS,1.0
BGD,Bangladesh,2005,IT.NET.USER.ZS,0.241600007
BRB,Barbados,2024,IT.NET.USER.ZS,70.36470032
BRB,Barbados,2023,IT.NET.USER.ZS,69.67510223
BRB,Barbados,2022,IT.NET.USER.ZS,69.06359863
BRB,Barbados,2021,IT.NET.USER.ZS,69.4756012
BRB,Barbados,2020,IT.NET.USER.ZS,69.89009857
BRB,Barbados,2019,IT.NET.USER.ZS,70.30709839
BRB,Barbados,2018,IT.NET.USER.ZS,70.72650146
BRB,Barbados,2017,IT.NET.USER.ZS,71.14849854
BRB,Barbados,2016,IT.NET.USER.ZS,71.57299805
BRB,Barbados,2015,IT.NET.USER.ZS,72.04940033
BRB,Barbados,2014,IT.NET.USER.ZS,71.92459869
BRB,Barbados,2013,IT.NET.USER.ZS,71.80000305
BRB,Barbados,2012,IT.NET.USER.ZS,71.19999695
BRB,Barbados,2011,IT.NET.USER.ZS,66.5
BRB,Barbados,2010,IT.NET.USER.ZS,65.09999847
BRB,Barbados,2009,IT.NET.USER.ZS,64.69999695
BRB,Barbados,2008,IT.NET.USER.ZS,61.40000153
BRB,Barbados,2007,IT.NET.USER.ZS,58.20000076
BRB,Barbados,2006,IT.NET.USER.ZS,55.29999924
BRB,Barbados,2005,IT.NET.USER.ZS,52.5
BLR,Belarus,2024,IT.NET.USER.ZS,94.26182128
BLR,Belarus,2023,IT.NET.USER.ZS,91.51249979
BLR,Belarus,2022,IT.NET.USER.ZS,89.50733148
BLR,Belarus,2021,IT.NET.USER.ZS,86.88841196
BLR,Belarus,2020,IT.NET.USER.ZS,85.08791245
BLR,Belarus,2019,IT.NET.USER.ZS,82.7891520910901
BLR,Belarus,2018,IT.NET.USER.ZS,79.1298866919307
BLR,Belarus,2017,IT.NET.USER.ZS,74.4364454136036
BLR,Belarus,2016,IT.NET.USER.ZS,71.1130457603832
BLR,Belarus,2015,IT.NET.USER.ZS,62.230360906803
BLR,Belarus,2014,IT.NET.USER.ZS,59.0163187101542
BLR,Belarus,2013,IT.NET.USER.ZS,54.17
BLR,Belarus,2012,IT.NET.USER.ZS,46.91
BLR,Belarus,2011,IT.NET.USER.ZS,39.6488956598961
BLR,Belarus,2010,IT.NET.USER.ZS,31.8
BLR,Belarus,2009,IT.NET.USER.ZS,27.43
BLR,Belarus,2008,IT.NET.USER.ZS,23.0
BLR,Belarus,2007,IT.NET.USER.ZS,19.7
BLR,Belarus,2006,IT.NET.USER.ZS,16.2
BEL,Belgium,2024,IT.NET.USER.ZS,95.77579144
BEL,Belgium,2023,IT.NET.USER.ZS,94.62625074
BEL,Belgium,2022,IT.NET.USER.ZS,94.00783071
BEL,Belgium,2021,IT.NET.USER.ZS,92.78867618
BEL,Belgium,2020,IT.NET.USER.ZS,91.52641629
BEL,Belgium,2019,IT.NET.USER.ZS,90.275428012141
BEL,Belgium,2018,IT.NET.USER.ZS,88.6473429951691
BEL,Belgium,2017,IT.NET.USER.ZS,87.6796808175598
BEL,Belgium,2016,IT.NET.USER.ZS,86.5164766644457
BEL,Belgium,2015,IT.NET.USER.ZS,85.0529417508701
BEL,Belgium,2014,IT.NET.USER.ZS,85.0012379539925
BEL,Belgium,2013,IT.NET.USER.ZS,82.1702
BEL,Belgium,2012,IT.NET.USER.ZS,80.7199905482042
BEL,Belgium,2011,IT.NET.USER.ZS,81.6099959955952
BEL,Belgium,2010,IT.NET.USER.ZS,77.6397855126946
BEL,Belgium,2009,IT.NET.USER.ZS,74.5441455527336
BEL,Belgium,2008,IT.NET.USER.ZS,68.8573221425131
BEL,Belgium,2007,IT.NET.USER.ZS,66.7604202433135
BEL,Belgium,2006,IT.NET.USER.ZS,61.9818700222023
BEL,Belgium,2005,IT.NET.USER.ZS,55.81999969
BLZ,Belize,2024,IT.NET.USER.ZS,80.00582262
BLZ,Belize,2023,IT.NET.USER.ZS,70.18720245
BLZ,Belize,2022,IT.NET.USER.ZS,69.98329926
BLZ,Belize,2021,IT.NET.USER.ZS,70.65370178
BLZ,Belize,2020,IT.NET.USER.ZS,64.43589783
BLZ,Belize,2019,IT.NET.USER.ZS,58.76520157
BLZ,Belize,2018,IT.NET.USER.ZS,53.59360123
BLZ,Belize,2017,IT.NET.USER.ZS,48.8771019
BLZ,Belize,2016,IT.NET.USER.ZS,44.57569885
BLZ,Belize,2015,IT.NET.USER.ZS,41.59000015
BLZ,Belize,2014,IT.NET.USER.ZS,38.70000076
BLZ,Belize,2013,IT.NET.USER.ZS,33.59999847
BLZ,Belize,2012,IT.NET.USER.ZS,31.0
BLZ,Belize,2011,IT.NET.USER.ZS,30.70000076
BLZ,Belize,2010,IT.NET.USER.ZS,28.2
BLZ,Belize,2009,IT.NET.USER.ZS,27.20000076
BLZ,Belize,2008,IT.NET.USER.ZS,26.29999924
BLZ,Belize,2007,IT.NET.USER.ZS,24.60000038
BLZ,Belize,2006,IT.NET.USER.ZS,24.0
BLZ,Belize,2005,IT.NET.USER.ZS,17.0
BEN,Benin,2024,IT.NET.USER.ZS,33.98379898
BEN,Benin,2023,IT.NET.USER.ZS,32.39400101
BEN,Benin,2022,IT.NET.USER.ZS,30.53730011
BEN,Benin,2021,IT.NET.USER.ZS,28.20470047
BEN,Benin,2020,IT.NET.USER.ZS,22.12059975
BEN,Benin,2019,IT.NET.USER.ZS,20.50099945
BEN,Benin,2018,IT.NET.USER.ZS,19.0
BEN,Benin,2017,IT.NET.USER.ZS,18.7
BEN,Benin,2016,IT.NET.USER.ZS,14.5
BEN,Benin,2015,IT.NET.USER.ZS,11.25500011
BEN,Benin,2014,IT.NET.USER.ZS,6.0
BEN,Benin,2013,IT.NET.USER.ZS,4.900000095
BEN,Benin,2012,IT.NET.USER.ZS,4.5
BEN,Benin,2011,IT.NET.USER.ZS,4.14832306562512
BEN,Benin,2010,IT.NET.USER.ZS,3.13
BEN,Benin,2009,IT.NET.USER.ZS,2.24
BEN,Benin,2008,IT.NET.USER.ZS,1.85
BEN,Benin,2007,IT.NET.USER.ZS,1.79
BEN,Benin,2006,IT.NET.USER.ZS,1.537899971
BEN,Benin,2005,IT.NET.USER.ZS,1.271000028
BMU,Bermuda,2017,IT.NET.USER.ZS,98.37
BMU,Bermuda,2016,IT.NET.USER.ZS,98.0
BMU,Bermuda,2015,IT.NET.USER.ZS,98.3236096537251
BMU,Bermuda,2014,IT.NET.USER.ZS,96.8
BMU,Bermuda,2013,IT.NET.USER.ZS,95.3
BMU,Bermuda,2012,IT.NET.USER.ZS,91.2993045243401
BMU,Bermuda,2011,IT.NET.USER.ZS,88.336
BMU,Bermuda,2010,IT.NET.USER.ZS,84.21
BMU,Bermuda,2009,IT.NET.USER.ZS,83.25
BMU,Bermuda,2008,IT.NET.USER.ZS,82.3
BMU,Bermuda,2007,IT.NET.USER.ZS,74.3505940302669
BMU,Bermuda,2006,IT.NET.USER.ZS,69.8996551617012
BMU,Bermuda,2005,IT.NET.USER.ZS,65.4470657898838
BTN,Bhutan,2024,IT.NET.USER.ZS,91.27739716
BTN,Bhutan,2023,IT.NET.USER.ZS,90.02140045
BTN,Bhutan,2022,IT.NET.USER.ZS,88.35620117
BTN,Bhutan,2021,IT.NET.USER.ZS,85.63688389
BTN,Bhutan,2020,IT.NET.USER.ZS,76.85079956
BTN,Bhutan,2019,IT.NET.USER.ZS,74.17939758
BTN,Bhutan,2018,IT.NET.USER.ZS,63.48680115
BTN,Bhutan,2017,IT.NET.USER.ZS,54.33549881
BTN,Bhutan,2016,IT.NET.USER.ZS,46.50320053
BTN,Bhutan,2015,IT.NET.USER.ZS,39.79999924
BTN,Bhutan,2014,IT.NET.USER.ZS,30.29999924
BTN,Bhutan,2013,IT.NET.USER.ZS,22.39999962
BTN,Bhutan,2012,IT.NET.USER.ZS,15.60000038
BTN,Bhutan,2011,IT.NET.USER.ZS,14.39999962
BTN,Bhutan,2010,IT.NET.USER.ZS,13.6
BTN,Bhutan,2009,IT.NET.USER.ZS,7.17
BTN,Bhutan,2008,IT.NET.USER.ZS,6.55
BTN,Bhutan,2007,IT.NET.USER.ZS,5.92
BTN,Bhutan,2006,IT.NET.USER.ZS,4.518300056
BTN,Bhutan,2005,IT.NET.USER.ZS,3.847100019
BOL,Bolivia,2024,IT.NET.USER.ZS,79.70469666
BOL,Bolivia,2023,IT.NET.USER.ZS,77.30039978
BOL,Bolivia,2022,IT.NET.USER.ZS,72.62270355
BOL,Bolivia,2021,IT.NET.USER.ZS,65.9773785
BOL,Bolivia,2020,IT.NET.USER.ZS,59.94010155
BOL,Bolivia,2019,IT.NET.USER.ZS,47.4748191121692
BOL,Bolivia,2018,IT.NET.USER.ZS,44.2861422024283
BOL,Bolivia,2017,IT.NET.USER.ZS,43.83229828
BOL,Bolivia,2016,IT.NET.USER.ZS,39.69749832
BOL,Bolivia,2015,IT.NET.USER.ZS,37.4868176324391
BOL,Bolivia,2014,IT.NET.USER.ZS,34.6016202324676
BOL,Bolivia,2013,IT.NET.USER.ZS,36.99
BOL,Bolivia,2012,IT.NET.USER.ZS,35.34
BOL,Bolivia,2011,IT.NET.USER.ZS,30.0
BOL,Bolivia,2010,IT.NET.USER.ZS,22.39999962
BOL,Bolivia,2009,IT.NET.USER.ZS,16.79999924
BOL,Bolivia,2008,IT.NET.USER.ZS,12.5
BOL,Bolivia,2007,IT.NET.USER.ZS,10.49919987
BOL,Bolivia,2006,IT.NET.USER.ZS,6.20067125473576
BOL,Bolivia,2005,IT.NET.USER.ZS,5.22758395663196
BIH,Bosnia and Herzegovina,2024,IT.NET.USER.ZS,86.10091103
BIH,Bosnia and Herzegovina,2023,IT.NET.USER.ZS,83.3771539
BIH,Bosnia and Herzegovina,2022,IT.NET.USER.ZS,78.8455371
BIH,Bosnia and Herzegovina,2021,IT.NET.USER.ZS,75.67620138
BIH,Bosnia and Herzegovina,2020,IT.NET.USER.ZS,73.21175294
BIH,Bosnia and Herzegovina,2019,IT.NET.USER.ZS,69.9463476317266
BIH,Bosnia and Herzegovina,2018,IT.NET.USER.ZS,70.1201350394885
BIH,Bosnia and Herzegovina,2017,IT.NET.USER.ZS,64.8920205128383
BIH,Bosnia and Herzegovina,2016,IT.NET.USER.ZS,60.2565354318987
BIH,Bosnia and Herzegovina,2015,IT.NET.USER.ZS,52.59999847
BIH,Bosnia and Herzegovina,2014,IT.NET.USER.ZS,49.91770172
BIH,Bosnia and Herzegovina,2013,IT.NET.USER.ZS,48.52130127
BIH,Bosnia and Herzegovina,2012,IT.NET.USER.ZS,45.0644989
BIH,Bosnia and Herzegovina,2011,IT.NET.USER.ZS,43.88769913
BIH,Bosnia and Herzegovina,2010,IT.NET.USER.ZS,42.75
BIH,Bosnia and Herzegovina,2009,IT.NET.USER.ZS,37.74
BIH,Bosnia and Herzegovina,2008,IT.NET.USER.ZS,34.66
BIH,Bosnia and Herzegovina,2007,IT.NET.USER.ZS,27.92
BIH,Bosnia and Herzegovina,2006,IT.NET.USER.ZS,25.1223856852117
BIH,Bosnia and Herzegovina,2005,IT.NET.USER.ZS,21.3267010007738
BWA,Botswana,2024,IT.NET.USER.ZS,57.45950036
BWA,Botswana,2022,IT.NET.USER.ZS,57.9
BWA,Botswana,2021,IT.NET.USER.ZS,54.70069885
BWA,Botswana,2020,IT.NET.USER.ZS,51.67819977
BWA,Botswana,2019,IT.NET.USER.ZS,48.82279968
BWA,Botswana,2018,IT.NET.USER.ZS,46.12509918
BWA,Botswana,2017,IT.NET.USER.ZS,43.57640076
BWA,Botswana,2016,IT.NET.USER.ZS,41.16859818
BWA,Botswana,2015,IT.NET.USER.ZS,38.89379883
BWA,Botswana,2014,IT.NET.USER.ZS,36.74474744423
BWA,Botswana,2013,IT.NET.USER.ZS,30.0
BWA,Botswana,2012,IT.NET.USER.ZS,16.0
BWA,Botswana,2011,IT.NET.USER.ZS,9.0
BWA,Botswana,2010,IT.NET.USER.ZS,6.0
BWA,Botswana,2009,IT.NET.USER.ZS,6.150000095
BWA,Botswana,2008,IT.NET.USER.ZS,6.25
BWA,Botswana,2007,IT.NET.USER.ZS,5.28
BWA,Botswana,2006,IT.NET.USER.ZS,4.28993297515968
BWA,Botswana,2005,IT.NET.USER.ZS,3.262599945
BRA,Brazil,2024,IT.NET.USER.ZS,84.46347227
BRA,Brazil,2023,IT.NET.USER.ZS,84.15060238
BRA,Brazil,2022,IT.NET.USER.ZS,80.52775094
BRA,Brazil,2021,IT.NET.USER.ZS,80.68989314
BRA,Brazil,2020,IT.NET.USER.ZS,81.34269353
BRA,Brazil,2019,IT.NET.USER.ZS,73.9124399133589
BRA,Brazil,2018,IT.NET.USER.ZS,70.4342825404361
BRA,Brazil,2017,IT.NET.USER.ZS,67.4712845236305
BRA,Brazil,2016,IT.NET.USER.ZS,60.8725400681261
BRA,Brazil,2015,IT.NET.USER.ZS,58.3279517340924
BRA,Brazil,2014,IT.NET.USER.ZS,54.5510018796392
BRA,Brazil,2013,IT.NET.USER.ZS,51.04
BRA,Brazil,2012,IT.NET.USER.ZS,48.56
BRA,Brazil,2011,IT.NET.USER.ZS,45.69
BRA,Brazil,2010,IT.NET.USER.ZS,40.65
BRA,Brazil,2009,IT.NET.USER.ZS,39.22
BRA,Brazil,2008,IT.NET.USER.ZS,33.83
BRA,Brazil,2007,IT.NET.USER.ZS,30.87999916
BRA,Brazil,2006,IT.NET.USER.ZS,28.17840004
BRA,Brazil,2005,IT.NET.USER.ZS,21.022747248827
VGB,British Virgin Islands,2017,IT.NET.USER.ZS,77.7042682926829
VGB,British Virgin Islands,2016,IT.NET.USER.ZS,77.7014296797074
VGB,British Virgin Islands,2012,IT.NET.USER.ZS,37.6
VGB,British Virgin Islands,2011,IT.NET.USER.ZS,37.4
VGB,British Virgin Islands,2010,IT.NET.USER.ZS,37.0
VGB,British Virgin Islands,2009,IT.NET.USER.ZS,36.0
BRN,Brunei Darussalam,2024,IT.NET.USER.ZS,96.29828801
BRN,Brunei Darussalam,2023,IT.NET.USER.ZS,98.97039795
BRN,Brunei Darussalam,2022,IT.NET.USER.ZS,98.97042579
BRN,Brunei Darussalam,2021,IT.NET.USER.ZS,97.62879944
BRN,Brunei Darussalam,2020,IT.NET.USER.ZS,96.30549622
BRN,Brunei Darussalam,2019,IT.NET.USER.ZS,95.0
BRN,Brunei Darussalam,2018,IT.NET.USER.ZS,95.0
BRN,Brunei Darussalam,2017,IT.NET.USER.ZS,94.86669922
BRN,Brunei Darussalam,2016,IT.NET.USER.ZS,90.0
BRN,Brunei Darussalam,2015,IT.NET.USER.ZS,71.19999695
BRN,Brunei Darussalam,2014,IT.NET.USER.ZS,68.76999664
BRN,Brunei Darussalam,2013,IT.NET.USER.ZS,64.5
BRN,Brunei Darussalam,2012,IT.NET.USER.ZS,60.27310181
BRN,Brunei Darussalam,2011,IT.NET.USER.ZS,56.0
BRN,Brunei Darussalam,2010,IT.NET.USER.ZS,53.0
BRN,Brunei Darussalam,2009,IT.NET.USER.ZS,49.0
BRN,Brunei Darussalam,2008,IT.NET.USER.ZS,46.0
BRN,Brunei Darussalam,2007,IT.NET.USER.ZS,44.68
BRN,Brunei Darussalam,2006,IT.NET.USER.ZS,42.1863491609307
BRN,Brunei Darussalam,2005,IT.NET.USER.ZS,36.4663919475782
BGR,Bulgaria,2024,IT.NET.USER.ZS,82.438955
BGR,Bulgaria,2023,IT.NET.USER.ZS,80.38956462
BGR,Bulgaria,2022,IT.NET.USER.ZS,79.12686326
BGR,Bulgaria,2021,IT.NET.USER.ZS,75.27144583
BGR,Bulgaria,2020,IT.NET.USER.ZS,70.16248359
BGR,Bulgaria,2019,IT.NET.USER.ZS,67.9469809417603
BGR,Bulgaria,2018,IT.NET.USER.ZS,64.78201069118
BGR,Bulgaria,2017,IT.NET.USER.ZS,63.4101013837926
BGR,Bulgaria,2016,IT.NET.USER.ZS,59.825547661014
BGR,Bulgaria,2015,IT.NET.USER.ZS,56.6562516053086
BGR,Bulgaria,2014,IT.NET.USER.ZS,55.4903766299262
BGR,Bulgaria,2013,IT.NET.USER.ZS,53.0615
BGR,Bulgaria,2012,IT.NET.USER.ZS,51.8999876658503
BGR,Bulgaria,2011,IT.NET.USER.ZS,47.9799930506026
BGR,Bulgaria,2010,IT.NET.USER.ZS,46.23
BGR,Bulgaria,2009,IT.NET.USER.ZS,45.0
BGR,Bulgaria,2008,IT.NET.USER.ZS,39.67
BGR,Bulgaria,2007,IT.NET.USER.ZS,33.64
BGR,Bulgaria,2006,IT.NET.USER.ZS,27.09
BGR,Bulgaria,2005,IT.NET.USER.ZS,19.97
BFA,Burkina Faso,2024,IT.NET.USER.ZS,28.25270081
BFA,Burkina Faso,2023,IT.NET.USER.ZS,25.36120033
BFA,Burkina Faso,2022,IT.NET.USER.ZS,25.3987999
BFA,Burkina Faso,2021,IT.NET.USER.ZS,18.1522007
BFA,Burkina Faso,2020,IT.NET.USER.ZS,12.97319984
BFA,Burkina Faso,2019,IT.NET.USER.ZS,9.27180600953186
BFA,Burkina Faso,2018,IT.NET.USER.ZS,8.498900414
BFA,Burkina Faso,2017,IT.NET.USER.ZS,7.790400028
BFA,Burkina Faso,2016,IT.NET.USER.ZS,7.140999794
BFA,Burkina Faso,2015,IT.NET.USER.ZS,6.545700073
BFA,Burkina Faso,2014,IT.NET.USER.ZS,6.0
BFA,Burkina Faso,2013,IT.NET.USER.ZS,5.0
BFA,Burkina Faso,2012,IT.NET.USER.ZS,3.724999905
BFA,Burkina Faso,2011,IT.NET.USER.ZS,3.0
BFA,Burkina Faso,2010,IT.NET.USER.ZS,2.400000095
BFA,Burkina Faso,2009,IT.NET.USER.ZS,1.129999995
BFA,Burkina Faso,2008,IT.NET.USER.ZS,0.920000017
BFA,Burkina Faso,2007,IT.NET.USER.ZS,0.75
BFA,Burkina Faso,2006,IT.NET.USER.ZS,0.632700026
BFA,Burkina Faso,2005,IT.NET.USER.ZS,0.469900012
BDI,Burundi,2024,IT.NET.USER.ZS,8.595999718
BDI,Burundi,2023,IT.NET.USER.ZS,7.172299862
BDI,Burundi,2022,IT.NET.USER.ZS,7.144800186
BDI,Burundi,2021,IT.NET.USER.ZS,6.777999878
BDI,Burundi,2020,IT.NET.USER.ZS,6.430099964
BDI,Burundi,2019,IT.NET.USER.ZS,6.072199821
BDI,Burundi,2018,IT.NET.USER.ZS,4.019499779
BDI,Burundi,2017,IT.NET.USER.ZS,2.6607485347534
BDI,Burundi,2016,IT.NET.USER.ZS,2.200000048
BDI,Burundi,2015,IT.NET.USER.ZS,2.0
BDI,Burundi,2014,IT.NET.USER.ZS,1.04239212643994
BDI,Burundi,2013,IT.NET.USER.ZS,1.2642181112
BDI,Burundi,2012,IT.NET.USER.ZS,1.220000029
BDI,Burundi,2011,IT.NET.USER.ZS,1.110000014
BDI,Burundi,2010,IT.NET.USER.ZS,1.0
BDI,Burundi,2009,IT.NET.USER.ZS,0.899999976
BDI,Burundi,2008,IT.NET.USER.ZS,0.81
BDI,Burundi,2007,IT.NET.USER.ZS,0.7
BDI,Burundi,2006,IT.NET.USER.ZS,0.657599986
BDI,Burundi,2005,IT.NET.USER.ZS,0.542100012
CPV,Cabo Verde,2024,IT.NET.USER.ZS,74.73519897
CPV,Cabo Verde,2023,IT.NET.USER.ZS,74.59919739
CPV,Cabo Verde,2022,IT.NET.USER.ZS,73.32740021
CPV,Cabo Verde,2021,IT.NET.USER.ZS,70.28250122
CPV,Cabo Verde,2020,IT.NET.USER.ZS,69.37339783
CPV,Cabo Verde,2019,IT.NET.USER.ZS,61.9433977593088
CPV,Cabo Verde,2018,IT.NET.USER.ZS,59.5
CPV,Cabo Verde,2017,IT.NET.USER.ZS,57.1621463484891
CPV,Cabo Verde,2016,IT.NET.USER.ZS,50.3228178676892
CPV,Cabo Verde,2015,IT.NET.USER.ZS,42.6830141582781
CPV,Cabo Verde,2014,IT.NET.USER.ZS,40.25999832
CPV,Cabo Verde,2013,IT.NET.USER.ZS,37.5
CPV,Cabo Verde,2012,IT.NET.USER.ZS,34.74
CPV,Cabo Verde,2011,IT.NET.USER.ZS,32.0
CPV,Cabo Verde,2010,IT.NET.USER.ZS,30.0
CPV,Cabo Verde,2009,IT.NET.USER.ZS,21.0
CPV,Cabo Verde,2008,IT.NET.USER.ZS,14.0
CPV,Cabo Verde,2007,IT.NET.USER.ZS,8.28321981953034
CPV,Cabo Verde,2006,IT.NET.USER.ZS,6.80891100753313
CPV,Cabo Verde,2005,IT.NET.USER.ZS,6.07408710659813
KHM,Cambodia,2024,IT.NET.USER.ZS,68.47530365
KHM,Cambodia,2023,IT.NET.USER.ZS,68.92549896
KHM,Cambodia,2022,IT.NET.USER.ZS,65.49079895
KHM,Cambodia,2021,IT.NET.USER.ZS,60.76269913
KHM,Cambodia,2020,IT.NET.USER.ZS,56.37590027
KHM,Cambodia,2019,IT.NET.USER.ZS,52.305878224498
KHM,Cambodia,2018,IT.NET.USER.ZS,65.0
KHM,Cambodia,2017,IT.NET.USER.ZS,32.9002785437986
KHM,Cambodia,2016,IT.NET.USER.ZS,32.3984517141849
KHM,Cambodia,2015,IT.NET.USER.ZS,6.43319107021405
KHM,Cambodia,2014,IT.NET.USER.ZS,14.0
KHM,Cambodia,2013,IT.NET.USER.ZS,6.0
KHM,Cambodia,2012,IT.NET.USER.ZS,4.94
KHM,Cambodia,2011,IT.NET.USER.ZS,3.099999905
KHM,Cambodia,2010,IT.NET.USER.ZS,1.26
KHM,Cambodia,2009,IT.NET.USER.ZS,0.53
KHM,Cambodia,2008,IT.NET.USER.ZS,0.51
KHM,Cambodia,2007,IT.NET.USER.ZS,0.49
KHM,Cambodia,2006,IT.NET.USER.ZS,0.468400002
KHM,Cambodia,2005,IT.NET.USER.ZS,0.317321781089656
CMR,Cameroon,2024,IT.NET.USER.ZS,46.25880051
CMR,Cameroon,2023,IT.NET.USER.ZS,42.24380112
CMR,Cameroon,2022,IT.NET.USER.ZS,40.12559891
CMR,Cameroon,2021,IT.NET.USER.ZS,38.89260101
CMR,Cameroon,2020,IT.NET.USER.ZS,37.69749832
CMR,Cameroon,2019,IT.NET.USER.ZS,36.53919983
CMR,Cameroon,2018,IT.NET.USER.ZS,29.70000076
CMR,Cameroon,2017,IT.NET.USER.ZS,23.2029719748646
CMR,Cameroon,2016,IT.NET.USER.ZS,20.60000038
CMR,Cameroon,2015,IT.NET.USER.ZS,18.29999924
CMR,Cameroon,2014,IT.NET.USER.ZS,16.2148722257524
CMR,Cameroon,2013,IT.NET.USER.ZS,10.0
CMR,Cameroon,2012,IT.NET.USER.ZS,7.5
CMR,Cameroon,2011,IT.NET.USER.ZS,5.0
CMR,Cameroon,2010,IT.NET.USER.ZS,4.300000191
CMR,Cameroon,2009,IT.NET.USER.ZS,3.84
CMR,Cameroon,2008,IT.NET.USER.ZS,3.400000095
CMR,Cameroon,2007,IT.NET.USER.ZS,2.93
CMR,Cameroon,2006,IT.NET.USER.ZS,2.028700113
CMR,Cameroon,2005,IT.NET.USER.ZS,1.402699947
CAN,Canada,2024,IT.NET.USER.ZS,94.353302
CAN,Canada,2023,IT.NET.USER.ZS,94.14530182
CAN,Canada,2022,IT.NET.USER.ZS,94.0
CAN,Canada,2021,IT.NET.USER.ZS,93.93710327
CAN,Canada,2020,IT.NET.USER.ZS,92.3
CAN,Canada,2019,IT.NET.USER.ZS,91.91290283
CAN,Canada,2018,IT.NET.USER.ZS,94.64
CAN,Canada,2017,IT.NET.USER.ZS,92.70140076
CAN,Canada,2016,IT.NET.USER.ZS,91.16000366
CAN,Canada,2015,IT.NET.USER.ZS,90.0
CAN,Canada,2014,IT.NET.USER.ZS,87.12000275
CAN,Canada,2013,IT.NET.USER.ZS,85.80000305
CAN,Canada,2012,IT.NET.USER.ZS,83.0
CAN,Canada,2011,IT.NET.USER.ZS,83.0
CAN,Canada,2010,IT.NET.USER.ZS,80.3
CAN,Canada,2009,IT.NET.USER.ZS,80.3
CAN,Canada,2008,IT.NET.USER.ZS,76.69999695
CAN,Canada,2007,IT.NET.USER.ZS,73.2
CAN,Canada,2006,IT.NET.USER.ZS,72.40000153
CAN,Canada,2005,IT.NET.USER.ZS,71.66
CYM,Cayman Islands,2017,IT.NET.USER.ZS,81.0676932508161
CYM,Cayman Islands,2016,IT.NET.USER.ZS,79.0
CYM,Cayman Islands,2015,IT.NET.USER.ZS,77.0
CYM,Cayman Islands,2014,IT.NET.USER.ZS,74.1
CYM,Cayman Islands,2013,IT.NET.USER.ZS,71.4
CYM,Cayman Islands,2012,IT.NET.USER.ZS,69.7
CYM,Cayman Islands,2011,IT.NET.USER.ZS,69.46594499
CYM,Cayman Islands,2010,IT.NET.USER.ZS,66.0
CYM,Cayman Islands,2009,IT.NET.USER.ZS,64.5
CYM,Cayman Islands,2008,IT.NET.USER.ZS,61.0
CYM,Cayman Islands,2007,IT.NET.USER.ZS,52.0
CYM,Cayman Islands,2006,IT.NET.USER.ZS,44.5
CYM,Cayman Islands,2005,IT.NET.USER.ZS,38.0343830823064
CAF,Central African Republic,2024,IT.NET.USER.ZS,13.78250027
CAF,Central African Republic,2023,IT.NET.USER.ZS,13.8416996
CAF,Central African Republic,2022,IT.NET.USER.ZS,13.75360012
CAF,Central African Republic,2019,IT.NET.USER.ZS,7.509200096
CAF,Central African Republic,2018,IT.NET.USER.ZS,5.099999905
CAF,Central African Republic,2017,IT.NET.USER.ZS,4.0
CAF,Central African Republic,2016,IT.NET.USER.ZS,3.099999905
CAF,Central African Republic,2015,IT.NET.USER.ZS,2.900000095
CAF,Central African Republic,2014,IT.NET.USER.ZS,2.700000048
CAF,Central African Republic,2013,IT.NET.USER.ZS,2.5
CAF,Central African Republic,2012,IT.NET.USER.ZS,2.400000095
CAF,Central African Republic,2011,IT.NET.USER.ZS,2.200000048
CAF,Central African Republic,2010,IT.NET.USER.ZS,2.0
CAF,Central African Republic,2009,IT.NET.USER.ZS,1.799999952
CAF,Central African Republic,2008,IT.NET.USER.ZS,1.0
CAF,Central African Republic,2007,IT.NET.USER.ZS,0.375815961044797
CAF,Central African Republic,2006,IT.NET.USER.ZS,0.311199993
CAF,Central African Republic,2005,IT.NET.USER.ZS,0.26820001
TCD,Chad,2024,IT.NET.USER.ZS,12.62689972
TCD,Chad,2023,IT.NET.USER.ZS,12.03590012
TCD,Chad,2022,IT.NET.USER.ZS,11.17029953
TCD,Chad,2021,IT.NET.USER.ZS,9.653699875
TCD,Chad,2020,IT.NET.USER.ZS,8.343099594
TCD,Chad,2019,IT.NET.USER.ZS,7.618199825
TCD,Chad,2018,IT.NET.USER.ZS,6.956299782
TCD,Chad,2017,IT.NET.USER.ZS,6.351900101
TCD,Chad,2016,IT.NET.USER.ZS,5.800000191
TCD,Chad,2015,IT.NET.USER.ZS,3.5
TCD,Chad,2014,IT.NET.USER.ZS,2.900000095
TCD,Chad,2013,IT.NET.USER.ZS,2.5
TCD,Chad,2012,IT.NET.USER.ZS,2.099999905
TCD,Chad,2011,IT.NET.USER.ZS,1.899999976
TCD,Chad,2010,IT.NET.USER.ZS,1.700000048
TCD,Chad,2009,IT.NET.USER.ZS,1.5
TCD,Chad,2008,IT.NET.USER.ZS,1.19
TCD,Chad,2007,IT.NET.USER.ZS,0.847224520710968
TCD,Chad,2006,IT.NET.USER.ZS,0.581045764229641
TCD,Chad,2005,IT.NET.USER.ZS,0.399257700084004
CHL,Chile,2024,IT.NET.USER.ZS,95.590243
CHL,Chile,2023,IT.NET.USER.ZS,94.45742345
CHL,Chile,2022,IT.NET.USER.ZS,92.31819916
CHL,Chile,2021,IT.NET.USER.ZS,90.23280334
CHL,Chile,2020,IT.NET.USER.ZS,87.45929718
CHL,Chile,2019,IT.NET.USER.ZS,85.01760101
CHL,Chile,2018,IT.NET.USER.ZS,84.90000153
CHL,Chile,2017,IT.NET.USER.ZS,82.3274869338464
CHL,Chile,2016,IT.NET.USER.ZS,83.5585860244169
CHL,Chile,2015,IT.NET.USER.ZS,76.6295919508796
CHL,Chile,2014,IT.NET.USER.ZS,61.11000061
CHL,Chile,2013,IT.NET.USER.ZS,58.0
CHL,Chile,2012,IT.NET.USER.ZS,55.04999924
CHL,Chile,2011,IT.NET.USER.ZS,52.2496072877744
CHL,Chile,2010,IT.NET.USER.ZS,45.0
CHL,Chile,2009,IT.NET.USER.ZS,41.56
CHL,Chile,2008,IT.NET.USER.ZS,37.29999924
CHL,Chile,2007,IT.NET.USER.ZS,35.90000153
CHL,Chile,2006,IT.NET.USER.ZS,34.4977511736017
CHL,Chile,2005,IT.NET.USER.ZS,31.1753006
CHN,China,2025,IT.NET.USER.ZS,91.6
CHN,China,2024,IT.NET.USER.ZS,92.0
CHN,China,2023,IT.NET.USER.ZS,90.6
CHN,China,2022,IT.NET.USER.ZS,75.61131603
CHN,China,2021,IT.NET.USER.ZS,73.05323517
CHN,China,2020,IT.NET.USER.ZS,70.05275998
CHN,China,2019,IT.NET.USER.ZS,64.080881297515
CHN,China,2018,IT.NET.USER.ZS,65.35839844
CHN,China,2017,IT.NET.USER.ZS,54.3
CHN,China,2016,IT.NET.USER.ZS,53.2
CHN,China,2015,IT.NET.USER.ZS,50.29999924
CHN,China,2014,IT.NET.USER.ZS,47.90000153
CHN,China,2013,IT.NET.USER.ZS,45.79999924
CHN,China,2012,IT.NET.USER.ZS,42.30009842
CHN,China,2011,IT.NET.USER.ZS,38.3
CHN,China,2010,IT.NET.USER.ZS,34.3
CHN,China,2009,IT.NET.USER.ZS,28.9
CHN,China,2008,IT.NET.USER.ZS,22.6
CHN,China,2007,IT.NET.USER.ZS,16.0
CHN,China,2006,IT.NET.USER.ZS,10.5231526193851
CHN,China,2005,IT.NET.USER.ZS,8.52325700269541
COL,Colombia,2024,IT.NET.USER.ZS,79.34543299
COL,Colombia,2023,IT.NET.USER.ZS,77.33686322
COL,Colombia,2022,IT.NET.USER.ZS,72.79637855
COL,Colombia,2021,IT.NET.USER.ZS,73.02837449
COL,Colombia,2020,IT.NET.USER.ZS,69.79533474
COL,Colombia,2019,IT.NET.USER.ZS,65.0069007159493
COL,Colombia,2018,IT.NET.USER.ZS,64.1263768204459
COL,Colombia,2017,IT.NET.USER.ZS,62.2598803162841
COL,Colombia,2016,IT.NET.USER.ZS,58.1364935728703
COL,Colombia,2015,IT.NET.USER.ZS,55.9049725142924
COL,Colombia,2014,IT.NET.USER.ZS,52.568136539247
COL,Colombia,2013,IT.NET.USER.ZS,51.7
COL,Colombia,2012,IT.NET.USER.ZS,48.98
COL,Colombia,2011,IT.NET.USER.ZS,40.3509157546318
COL,Colombia,2010,IT.NET.USER.ZS,36.5
COL,Colombia,2009,IT.NET.USER.ZS,30.0
COL,Colombia,2008,IT.NET.USER.ZS,25.6
COL,Colombia,2007,IT.NET.USER.ZS,21.79999924
COL,Colombia,2006,IT.NET.USER.ZS,15.3416745365682
COL,Colombia,2005,IT.NET.USER.ZS,11.0072638904585
COM,Comoros,2024,IT.NET.USER.ZS,32.51750183
COM,Comoros,2023,IT.NET.USER.ZS,31.92749977
COM,Comoros,2022,IT.NET.USER.ZS,31.37409973
COM,Comoros,2021,IT.NET.USER.ZS,30.68120003
COM,Comoros,2020,IT.NET.USER.ZS,22.42040062
COM,Comoros,2019,IT.NET.USER.ZS,16.38380051
COM,Comoros,2017,IT.NET.USER.ZS,8.478199959
COM,Comoros,2016,IT.NET.USER.ZS,7.938300133
COM,Comoros,2015,IT.NET.USER.ZS,7.459199905
COM,Comoros,2014,IT.NET.USER.ZS,6.980000019
COM,Comoros,2013,IT.NET.USER.ZS,6.5
COM,Comoros,2012,IT.NET.USER.ZS,5.975299835
COM,Comoros,2011,IT.NET.USER.ZS,5.5
COM,Comoros,2010,IT.NET.USER.ZS,5.099999905
COM,Comoros,2009,IT.NET.USER.ZS,3.5
COM,Comoros,2008,IT.NET.USER.ZS,3.0
COM,Comoros,2007,IT.NET.USER.ZS,2.5
COM,Comoros,2006,IT.NET.USER.ZS,2.200000048
COM,Comoros,2005,IT.NET.USER.ZS,2.0
COD,"Congo, Dem. Rep.",2024,IT.NET.USER.ZS,19.67350006
COD,"Congo, Dem. Rep.",2023,IT.NET.USER.ZS,18.96789932
COD,"Congo, Dem. Rep.",2022,IT.NET.USER.ZS,17.99620056
COD,"Congo, Dem. Rep.",2021,IT.NET.USER.ZS,16.1595993
COD,"Congo, Dem. Rep.",2020,IT.NET.USER.ZS,14.51049995
COD,"Congo, Dem. Rep.",2019,IT.NET.USER.ZS,13.02970028
COD,"Congo, Dem. Rep.",2018,IT.NET.USER.ZS,11.69999981
COD,"Congo, Dem. Rep.",2016,IT.NET.USER.ZS,10.1
COD,"Congo, Dem. Rep.",2015,IT.NET.USER.ZS,3.799999952
COD,"Congo, Dem. Rep.",2014,IT.NET.USER.ZS,3.0
COD,"Congo, Dem. Rep.",2013,IT.NET.USER.ZS,2.200000048
COD,"Congo, Dem. Rep.",2012,IT.NET.USER.ZS,1.679999948
COD,"Congo, Dem. Rep.",2011,IT.NET.USER.ZS,1.200000048
COD,"Congo, Dem. Rep.",2010,IT.NET.USER.ZS,0.72
COD,"Congo, Dem. Rep.",2009,IT.NET.USER.ZS,0.560000002
COD,"Congo, Dem. Rep.",2008,IT.NET.USER.ZS,0.439999998
COD,"Congo, Dem. Rep.",2007,IT.NET.USER.ZS,0.370000005
COD,"Congo, Dem. Rep.",2006,IT.NET.USER.ZS,0.296099991
COD,"Congo, Dem. Rep.",2005,IT.NET.USER.ZS,0.238000005
COG,"Congo, Rep.",2024,IT.NET.USER.ZS,47.25159836
COG,"Congo, Rep.",2023,IT.NET.USER.ZS,43.15039825
COG,"Congo, Rep.",2022,IT.NET.USER.ZS,40.98669815
COG,"Congo, Rep.",2021,IT.NET.USER.ZS,30.02739906
COG,"Congo, Rep.",2020,IT.NET.USER.ZS,21.99850082
COG,"Congo, Rep.",2019,IT.NET.USER.ZS,16.11639977
COG,"Congo, Rep.",2018,IT.NET.USER.ZS,11.8071003
COG,"Congo, Rep.",2017,IT.NET.USER.ZS,8.649999619
COG,"Congo, Rep.",2016,IT.NET.USER.ZS,8.121899605
COG,"Congo, Rep.",2015,IT.NET.USER.ZS,7.616000175
COG,"Congo, Rep.",2014,IT.NET.USER.ZS,7.110000134
COG,"Congo, Rep.",2013,IT.NET.USER.ZS,6.599999905
COG,"Congo, Rep.",2012,IT.NET.USER.ZS,6.106699944
COG,"Congo, Rep.",2011,IT.NET.USER.ZS,5.6
COG,"Congo, Rep.",2010,IT.NET.USER.ZS,5.0
COG,"Congo, Rep.",2009,IT.NET.USER.ZS,4.5
COG,"Congo, Rep.",2008,IT.NET.USER.ZS,4.28750990276481
COG,"Congo, Rep.",2007,IT.NET.USER.ZS,2.75970437370903
COG,"Congo, Rep.",2006,IT.NET.USER.ZS,2.007999897
COG,"Congo, Rep.",2005,IT.NET.USER.ZS,1.463400006
CRI,Costa Rica,2024,IT.NET.USER.ZS,87.17019653
CRI,Costa Rica,2023,IT.NET.USER.ZS,85.39514799
CRI,Costa Rica,2022,IT.NET.USER.ZS,82.59801121
CRI,Costa Rica,2021,IT.NET.USER.ZS,82.74901607
CRI,Costa Rica,2020,IT.NET.USER.ZS,80.53018608
CRI,Costa Rica,2019,IT.NET.USER.ZS,81.2025964435269
CRI,Costa Rica,2018,IT.NET.USER.ZS,73.4797284369906
CRI,Costa Rica,2017,IT.NET.USER.ZS,71.5816646195022
CRI,Costa Rica,2016,IT.NET.USER.ZS,65.8804491942718
CRI,Costa Rica,2015,IT.NET.USER.ZS,59.7629501371681
CRI,Costa Rica,2014,IT.NET.USER.ZS,53.0
CRI,Costa Rica,2013,IT.NET.USER.ZS,45.96
CRI,Costa Rica,2012,IT.NET.USER.ZS,47.5
CRI,Costa Rica,2011,IT.NET.USER.ZS,39.2121959961842
CRI,Costa Rica,2010,IT.NET.USER.ZS,36.5
CRI,Costa Rica,2009,IT.NET.USER.ZS,34.33
CRI,Costa Rica,2008,IT.NET.USER.ZS,32.29
CRI,Costa Rica,2007,IT.NET.USER.ZS,28.39999962
CRI,Costa Rica,2006,IT.NET.USER.ZS,25.10000038
CRI,Costa Rica,2005,IT.NET.USER.ZS,22.07
CIV,Cote d'Ivoire,2024,IT.NET.USER.ZS,41.43219902
CIV,Cote d'Ivoire,2023,IT.NET.USER.ZS,40.65284979
CIV,Cote d'Ivoire,2022,IT.NET.USER.ZS,38.41328122
CIV,Cote d'Ivoire,2021,IT.NET.USER.ZS,35.95069885
CIV,Cote d'Ivoire,2020,IT.NET.USER.ZS,36.01660156
CIV,Cote d'Ivoire,2019,IT.NET.USER.ZS,36.2889545655205
CIV,Cote d'Ivoire,2018,IT.NET.USER.ZS,37.5465361301281
CIV,Cote d'Ivoire,2017,IT.NET.USER.ZS,43.8399208514876
CIV,Cote d'Ivoire,2016,IT.NET.USER.ZS,41.2078149304414
CIV,Cote d'Ivoire,2015,IT.NET.USER.ZS,38.4400001654616
CIV,Cote d'Ivoire,2014,IT.NET.USER.ZS,10.0
CIV,Cote d'Ivoire,2013,IT.NET.USER.ZS,6.599999905
CIV,Cote d'Ivoire,2012,IT.NET.USER.ZS,4.400000095
CIV,Cote d'Ivoire,2011,IT.NET.USER.ZS,2.900000095
CIV,Cote d'Ivoire,2010,IT.NET.USER.ZS,2.700000048
CIV,Cote d'Ivoire,2009,IT.NET.USER.ZS,2.0
CIV,Cote d'Ivoire,2008,IT.NET.USER.ZS,1.899999976
CIV,Cote d'Ivoire,2007,IT.NET.USER.ZS,1.799999952
CIV,Cote d'Ivoire,2006,IT.NET.USER.ZS,1.52489996
CIV,Cote d'Ivoire,2005,IT.NET.USER.ZS,1.039199948
HRV,Croatia,2024,IT.NET.USER.ZS,83.63240029
HRV,Croatia,2023,IT.NET.USER.ZS,83.24117599
HRV,Croatia,2022,IT.NET.USER.ZS,82.07155532
HRV,Croatia,2021,IT.NET.USER.ZS,81.25396608
HRV,Croatia,2020,IT.NET.USER.ZS,78.32090004
HRV,Croatia,2019,IT.NET.USER.ZS,79.0797836757554
HRV,Croatia,2018,IT.NET.USER.ZS,75.2946259897258
HRV,Croatia,2017,IT.NET.USER.ZS,67.0961920368478
HRV,Croatia,2016,IT.NET.USER.ZS,72.6972696701463
HRV,Croatia,2015,IT.NET.USER.ZS,69.8450359238281
HRV,Croatia,2014,IT.NET.USER.ZS,68.5678992528467
HRV,Croatia,2013,IT.NET.USER.ZS,66.7476
HRV,Croatia,2012,IT.NET.USER.ZS,61.9399731527956
HRV,Croatia,2011,IT.NET.USER.ZS,57.7899789891444
HRV,Croatia,2010,IT.NET.USER.ZS,56.55
HRV,Croatia,2009,IT.NET.USER.ZS,50.58
HRV,Croatia,2008,IT.NET.USER.ZS,44.24
HRV,Croatia,2007,IT.NET.USER.ZS,41.44
HRV,Croatia,2006,IT.NET.USER.ZS,37.97999954
HRV,Croatia,2005,IT.NET.USER.ZS,33.13999939
CUB,Cuba,2024,IT.NET.USER.ZS,70.47699738
CUB,Cuba,2023,IT.NET.USER.ZS,69.55580139
CUB,Cuba,2022,IT.NET.USER.ZS,67.88410187
CUB,Cuba,2021,IT.NET.USER.ZS,67.64354869
CUB,Cuba,2020,IT.NET.USER.ZS,71.11907507
CUB,Cuba,2019,IT.NET.USER.ZS,67.9708086565152
CUB,Cuba,2018,IT.NET.USER.ZS,62.6789236230601
CUB,Cuba,2017,IT.NET.USER.ZS,57.1484043170788
CUB,Cuba,2016,IT.NET.USER.ZS,42.9786751910106
CUB,Cuba,2015,IT.NET.USER.ZS,37.3050974155373
CUB,Cuba,2014,IT.NET.USER.ZS,29.0701843656523
CUB,Cuba,2013,IT.NET.USER.ZS,27.93
CUB,Cuba,2012,IT.NET.USER.ZS,21.20000076
CUB,Cuba,2011,IT.NET.USER.ZS,16.0172907996413
CUB,Cuba,2010,IT.NET.USER.ZS,15.9
CUB,Cuba,2009,IT.NET.USER.ZS,14.33
CUB,Cuba,2008,IT.NET.USER.ZS,12.94
CUB,Cuba,2007,IT.NET.USER.ZS,11.69
CUB,Cuba,2006,IT.NET.USER.ZS,11.1596013147617
CUB,Cuba,2005,IT.NET.USER.ZS,9.73806220781346
CUW,Curacao,2017,IT.NET.USER.ZS,68.1272162511339
CUW,Curacao,2016,IT.NET.USER.ZS,61.855510740634
CYP,Cyprus,2024,IT.NET.USER.ZS,89.60099246
CYP,Cyprus,2023,IT.NET.USER.ZS,91.22110357
CYP,Cyprus,2022,IT.NET.USER.ZS,89.60099194
CYP,Cyprus,2021,IT.NET.USER.ZS,90.75951564
CYP,Cyprus,2020,IT.NET.USER.ZS,90.80194644
CYP,Cyprus,2019,IT.NET.USER.ZS,86.0636299618935
CYP,Cyprus,2018,IT.NET.USER.ZS,84.4335825186889
CYP,Cyprus,2017,IT.NET.USER.ZS,80.743188971932
CYP,Cyprus,2016,IT.NET.USER.ZS,75.9002054030125
CYP,Cyprus,2015,IT.NET.USER.ZS,71.7157409175171
CYP,Cyprus,2014,IT.NET.USER.ZS,69.3286967086473
CYP,Cyprus,2013,IT.NET.USER.ZS,65.4548
CYP,Cyprus,2012,IT.NET.USER.ZS,60.6898684001903
CYP,Cyprus,2011,IT.NET.USER.ZS,56.8598923503507
CYP,Cyprus,2010,IT.NET.USER.ZS,52.99
CYP,Cyprus,2009,IT.NET.USER.ZS,49.81
CYP,Cyprus,2008,IT.NET.USER.ZS,42.31
CYP,Cyprus,2007,IT.NET.USER.ZS,40.77
CYP,Cyprus,2006,IT.NET.USER.ZS,35.83
CYP,Cyprus,2005,IT.NET.USER.ZS,32.81
CZE,Czechia,2024,IT.NET.USER.ZS,87.68776014
CZE,Czechia,2023,IT.NET.USER.ZS,85.99404818
CZE,Czechia,2022,IT.NET.USER.ZS,84.54009378
CZE,Czechia,2021,IT.NET.USER.ZS,82.67062427
CZE,Czechia,2020,IT.NET.USER.ZS,81.33889705
CZE,Czechia,2019,IT.NET.USER.ZS,80.8669444139622
CZE,Czechia,2018,IT.NET.USER.ZS,80.6881675434288
CZE,Czechia,2017,IT.NET.USER.ZS,78.7191728513432
CZE,Czechia,2016,IT.NET.USER.ZS,76.4811986951838
CZE,Czechia,2015,IT.NET.USER.ZS,75.668838699279
CZE,Czechia,2014,IT.NET.USER.ZS,74.2317116367383
CZE,Czechia,2013,IT.NET.USER.ZS,74.1104
CZE,Czechia,2012,IT.NET.USER.ZS,73.4300078241036
CZE,Czechia,2011,IT.NET.USER.ZS,70.49
CZE,Czechia,2010,IT.NET.USER.ZS,68.82
CZE,Czechia,2009,IT.NET.USER.ZS,64.43
CZE,Czechia,2008,IT.NET.USER.ZS,62.97
CZE,Czechia,2007,IT.NET.USER.ZS,51.93
CZE,Czechia,2006,IT.NET.USER.ZS,47.93
CZE,Czechia,2005,IT.NET.USER.ZS,35.27
DNK,Denmark,2024,IT.NET.USER.ZS,99.76915157
DNK,Denmark,2023,IT.NET.USER.ZS,98.77559197
DNK,Denmark,2022,IT.NET.USER.ZS,97.86011812
DNK,Denmark,2021,IT.NET.USER.ZS,98.8658506
DNK,Denmark,2020,IT.NET.USER.ZS,96.54914573
DNK,Denmark,2019,IT.NET.USER.ZS,98.0464347521549
DNK,Denmark,2018,IT.NET.USER.ZS,97.3192043651002
DNK,Denmark,2017,IT.NET.USER.ZS,97.0993621555621
DNK,Denmark,2016,IT.NET.USER.ZS,96.9677852516645
DNK,Denmark,2015,IT.NET.USER.ZS,96.3305016195436
DNK,Denmark,2014,IT.NET.USER.ZS,95.9935053764454
DNK,Denmark,2013,IT.NET.USER.ZS,94.6297
DNK,Denmark,2012,IT.NET.USER.ZS,92.2600117153012
DNK,Denmark,2011,IT.NET.USER.ZS,89.8100133895232
DNK,Denmark,2010,IT.NET.USER.ZS,88.72
DNK,Denmark,2009,IT.NET.USER.ZS,86.84
DNK,Denmark,2008,IT.NET.USER.ZS,85.02
DNK,Denmark,2007,IT.NET.USER.ZS,85.03
DNK,Denmark,2006,IT.NET.USER.ZS,86.65
DNK,Denmark,2005,IT.NET.USER.ZS,82.74
DJI,Djibouti,2024,IT.NET.USER.ZS,65.29889679
DJI,Djibouti,2023,IT.NET.USER.ZS,64.75869751
DJI,Djibouti,2022,IT.NET.USER.ZS,63.77600098
DJI,Djibouti,2021,IT.NET.USER.ZS,61.41120148
DJI,Djibouti,2020,IT.NET.USER.ZS,59.92570114
DJI,Djibouti,2019,IT.NET.USER.ZS,58.4762001
DJI,Djibouti,2018,IT.NET.USER.ZS,57.06169891
DJI,Djibouti,2017,IT.NET.USER.ZS,55.6814092453962
DJI,Djibouti,2016,IT.NET.USER.ZS,30.79999924
DJI,Djibouti,2015,IT.NET.USER.ZS,22.89999962
DJI,Djibouti,2014,IT.NET.USER.ZS,17.0
DJI,Djibouti,2013,IT.NET.USER.ZS,12.69999981
DJI,Djibouti,2012,IT.NET.USER.ZS,9.399999619
DJI,Djibouti,2011,IT.NET.USER.ZS,7.0
DJI,Djibouti,2010,IT.NET.USER.ZS,6.5
DJI,Djibouti,2009,IT.NET.USER.ZS,4.0
DJI,Djibouti,2008,IT.NET.USER.ZS,2.26
DJI,Djibouti,2007,IT.NET.USER.ZS,1.62
DJI,Djibouti,2006,IT.NET.USER.ZS,1.269999981
DJI,Djibouti,2005,IT.NET.USER.ZS,0.953599989
DMA,Dominica,2024,IT.NET.USER.ZS,82.04689789
DMA,Dominica,2023,IT.NET.USER.ZS,81.33650208
DMA,Dominica,2022,IT.NET.USER.ZS,80.57980347
DMA,Dominica,2021,IT.NET.USER.ZS,78.07949829
DMA,Dominica,2020,IT.NET.USER.ZS,75.65670013
DMA,Dominica,2019,IT.NET.USER.ZS,73.38200378
DMA,Dominica,2017,IT.NET.USER.ZS,69.61969757
DMA,Dominica,2016,IT.NET.USER.ZS,67.02999878
DMA,Dominica,2015,IT.NET.USER.ZS,65.0
DMA,Dominica,2014,IT.NET.USER.ZS,57.5
DMA,Dominica,2013,IT.NET.USER.ZS,51.0
DMA,Dominica,2012,IT.NET.USER.ZS,49.79999924
DMA,Dominica,2011,IT.NET.USER.ZS,48.59999847
DMA,Dominica,2010,IT.NET.USER.ZS,47.45
DMA,Dominica,2009,IT.NET.USER.ZS,42.02000046
DMA,Dominica,2008,IT.NET.USER.ZS,41.15999985
DMA,Dominica,2007,IT.NET.USER.ZS,40.2745018
DMA,Dominica,2006,IT.NET.USER.ZS,39.39820099
DMA,Dominica,2005,IT.NET.USER.ZS,38.54359818
DOM,Dominican Republic,2024,IT.NET.USER.ZS,91.0022446
DOM,Dominican Republic,2023,IT.NET.USER.ZS,86.12689972
DOM,Dominican Republic,2022,IT.NET.USER.ZS,81.51269675
DOM,Dominican Republic,2021,IT.NET.USER.ZS,85.24298638
DOM,Dominican Republic,2020,IT.NET.USER.ZS,81.61730194
DOM,Dominican Republic,2019,IT.NET.USER.ZS,79.71549988
DOM,Dominican Republic,2018,IT.NET.USER.ZS,74.8220483597284
DOM,Dominican Republic,2017,IT.NET.USER.ZS,67.5712453277737
DOM,Dominican Republic,2016,IT.NET.USER.ZS,63.8708647408206
DOM,Dominican Republic,2015,IT.NET.USER.ZS,54.2157663369785
DOM,Dominican Republic,2014,IT.NET.USER.ZS,49.58000183
DOM,Dominican Republic,2013,IT.NET.USER.ZS,45.9
DOM,Dominican Republic,2012,IT.NET.USER.ZS,42.32
DOM,Dominican Republic,2011,IT.NET.USER.ZS,38.0
DOM,Dominican Republic,2010,IT.NET.USER.ZS,31.39999962
DOM,Dominican Republic,2009,IT.NET.USER.ZS,27.72
DOM,Dominican Republic,2008,IT.NET.USER.ZS,20.82
DOM,Dominican Republic,2007,IT.NET.USER.ZS,17.66
DOM,Dominican Republic,2006,IT.NET.USER.ZS,14.8449283654589
DOM,Dominican Republic,2005,IT.NET.USER.ZS,11.4831977789344
ECU,Ecuador,2024,IT.NET.USER.ZS,77.17273115
ECU,Ecuador,2023,IT.NET.USER.ZS,72.6943146
ECU,Ecuador,2022,IT.NET.USER.ZS,69.71811356
ECU,Ecuador,2021,IT.NET.USER.ZS,69.1147995
ECU,Ecuador,2020,IT.NET.USER.ZS,70.7
ECU,Ecuador,2019,IT.NET.USER.ZS,59.2
ECU,Ecuador,2018,IT.NET.USER.ZS,57.5
ECU,Ecuador,2017,IT.NET.USER.ZS,55.79999924
ECU,Ecuador,2016,IT.NET.USER.ZS,54.0629247288864
ECU,Ecuador,2015,IT.NET.USER.ZS,48.9404337892669
ECU,Ecuador,2014,IT.NET.USER.ZS,45.5903906666095
ECU,Ecuador,2013,IT.NET.USER.ZS,40.279121941
ECU,Ecuador,2012,IT.NET.USER.ZS,35.1351464545516
ECU,Ecuador,2011,IT.NET.USER.ZS,31.3668083587433
ECU,Ecuador,2010,IT.NET.USER.ZS,29.03
ECU,Ecuador,2009,IT.NET.USER.ZS,24.6
ECU,Ecuador,2008,IT.NET.USER.ZS,18.8
ECU,Ecuador,2007,IT.NET.USER.ZS,10.80000019
ECU,Ecuador,2006,IT.NET.USER.ZS,7.199999809
ECU,Ecuador,2005,IT.NET.USER.ZS,5.994299889
EGY,"Egypt, Arab Rep.",2024,IT.NET.USER.ZS,74.64839935
EGY,"Egypt, Arab Rep.",2023,IT.NET.USER.ZS,74.01190186
EGY,"Egypt, Arab Rep.",2022,IT.NET.USER.ZS,72.19806556
EGY,"Egypt, Arab Rep.",2021,IT.NET.USER.ZS,72.05599976
EGY,"Egypt, Arab Rep.",2020,IT.NET.USER.ZS,71.91420096
EGY,"Egypt, Arab Rep.",2019,IT.NET.USER.ZS,57.2828663990195
EGY,"Egypt, Arab Rep.",2018,IT.NET.USER.ZS,46.92433676792
EGY,"Egypt, Arab Rep.",2017,IT.NET.USER.ZS,44.9502042452857
EGY,"Egypt, Arab Rep.",2016,IT.NET.USER.ZS,41.2480670885772
EGY,"Egypt, Arab Rep.",2015,IT.NET.USER.ZS,37.8193834276939
EGY,"Egypt, Arab Rep.",2014,IT.NET.USER.ZS,33.8946039115275
EGY,"Egypt, Arab Rep.",2013,IT.NET.USER.ZS,29.4
EGY,"Egypt, Arab Rep.",2012,IT.NET.USER.ZS,26.4
EGY,"Egypt, Arab Rep.",2011,IT.NET.USER.ZS,25.6
EGY,"Egypt, Arab Rep.",2010,IT.NET.USER.ZS,21.6
EGY,"Egypt, Arab Rep.",2009,IT.NET.USER.ZS,20.0
EGY,"Egypt, Arab Rep.",2008,IT.NET.USER.ZS,18.01
EGY,"Egypt, Arab Rep.",2007,IT.NET.USER.ZS,16.03
EGY,"Egypt, Arab Rep.",2006,IT.NET.USER.ZS,13.66
EGY,"Egypt, Arab Rep.",2005,IT.NET.USER.ZS,12.75
SLV,El Salvador,2024,IT.NET.USER.ZS,66.47769928
SLV,El Salvador,2023,IT.NET.USER.ZS,62.61989975
SLV,El Salvador,2022,IT.NET.USER.ZS,60.05609894
SLV,El Salvador,2021,IT.NET.USER.ZS,57.26380157
SLV,El Salvador,2020,IT.NET.USER.ZS,54.60136976
SLV,El Salvador,2019,IT.NET.USER.ZS,50.4911940673888
SLV,El Salvador,2018,IT.NET.USER.ZS,43.79999924
SLV,El Salvador,2017,IT.NET.USER.ZS,33.8207289048526
SLV,El Salvador,2016,IT.NET.USER.ZS,28.99710083
SLV,El Salvador,2015,IT.NET.USER.ZS,26.8026049600572
SLV,El Salvador,2014,IT.NET.USER.ZS,24.7617121459061
SLV,El Salvador,2013,IT.NET.USER.ZS,23.1093
SLV,El Salvador,2012,IT.NET.USER.ZS,20.3213877242007
SLV,El Salvador,2011,IT.NET.USER.ZS,18.89999962
SLV,El Salvador,2010,IT.NET.USER.ZS,15.9
SLV,El Salvador,2009,IT.NET.USER.ZS,12.11
SLV,El Salvador,2008,IT.NET.USER.ZS,10.08
SLV,El Salvador,2007,IT.NET.USER.ZS,6.11
SLV,El Salvador,2006,IT.NET.USER.ZS,5.5
SLV,El Salvador,2005,IT.NET.USER.ZS,4.199999809
GNQ,Equatorial Guinea,2024,IT.NET.USER.ZS,63.29930115
GNQ,Equatorial Guinea,2023,IT.NET.USER.ZS,63.51950073
GNQ,Equatorial Guinea,2022,IT.NET.USER.ZS,63.65950012
GNQ,Equatorial Guinea,2021,IT.NET.USER.ZS,58.71730042
GNQ,Equatorial Guinea,2020,IT.NET.USER.ZS,55.00130081
GNQ,Equatorial Guinea,2019,IT.NET.USER.ZS,49.13370132
GNQ,Equatorial Guinea,2018,IT.NET.USER.ZS,29.39999962
GNQ,Equatorial Guinea,2017,IT.NET.USER.ZS,26.23999977
GNQ,Equatorial Guinea,2016,IT.NET.USER.ZS,23.78000069
GNQ,Equatorial Guinea,2015,IT.NET.USER.ZS,21.31999969
GNQ,Equatorial Guinea,2014,IT.NET.USER.ZS,18.86000061
GNQ,Equatorial Guinea,2013,IT.NET.USER.ZS,16.39999962
GNQ,Equatorial Guinea,2012,IT.NET.USER.ZS,13.94320011
GNQ,Equatorial Guinea,2011,IT.NET.USER.ZS,11.5
GNQ,Equatorial Guinea,2010,IT.NET.USER.ZS,6.0
GNQ,Equatorial Guinea,2009,IT.NET.USER.ZS,2.130000114
GNQ,Equatorial Guinea,2008,IT.NET.USER.ZS,1.820000052
GNQ,Equatorial Guinea,2007,IT.NET.USER.ZS,1.557100058
GNQ,Equatorial Guinea,2006,IT.NET.USER.ZS,1.279199958
GNQ,Equatorial Guinea,2005,IT.NET.USER.ZS,1.149799943
ERI,Eritrea,2020,IT.NET.USER.ZS,14.34939957
ERI,Eritrea,2019,IT.NET.USER.ZS,11.22379971
ERI,Eritrea,2018,IT.NET.USER.ZS,5.293000221
ERI,Eritrea,2017,IT.NET.USER.ZS,2.496099949
ERI,Eritrea,2016,IT.NET.USER.ZS,1.177099943
ERI,Eritrea,2015,IT.NET.USER.ZS,1.083699942
ERI,Eritrea,2014,IT.NET.USER.ZS,0.99000001
ERI,Eritrea,2013,IT.NET.USER.ZS,0.899999976
ERI,Eritrea,2012,IT.NET.USER.ZS,0.800000012
ERI,Eritrea,2011,IT.NET.USER.ZS,0.699999988
ERI,Eritrea,2010,IT.NET.USER.ZS,0.610000014
ERI,Eritrea,2009,IT.NET.USER.ZS,0.540000021
ERI,Eritrea,2008,IT.NET.USER.ZS,0.469999999
ERI,Eritrea,2007,IT.NET.USER.ZS,0.409999996
EST,Estonia,2024,IT.NET.USER.ZS,92.23796204
EST,Estonia,2023,IT.NET.USER.ZS,93.18342241
EST,Estonia,2022,IT.NET.USER.ZS,91.52016546
EST,Estonia,2021,IT.NET.USER.ZS,90.97970174
EST,Estonia,2020,IT.NET.USER.ZS,89.05828666
EST,Estonia,2019,IT.NET.USER.ZS,90.2289281997919
EST,Estonia,2018,IT.NET.USER.ZS,89.3570077747426
EST,Estonia,2017,IT.NET.USER.ZS,88.1024568740199
EST,Estonia,2016,IT.NET.USER.ZS,87.2402327514547
EST,Estonia,2015,IT.NET.USER.ZS,88.4097035040431
EST,Estonia,2014,IT.NET.USER.ZS,84.2415280294352
EST,Estonia,2013,IT.NET.USER.ZS,80.0043
EST,Estonia,2012,IT.NET.USER.ZS,78.3899259259259
EST,Estonia,2011,IT.NET.USER.ZS,76.5
EST,Estonia,2010,IT.NET.USER.ZS,74.1
EST,Estonia,2009,IT.NET.USER.ZS,72.5
EST,Estonia,2008,IT.NET.USER.ZS,70.58
EST,Estonia,2007,IT.NET.USER.ZS,66.19
EST,Estonia,2006,IT.NET.USER.ZS,63.51
EST,Estonia,2005,IT.NET.USER.ZS,61.45
SWZ,Eswatini,2024,IT.NET.USER.ZS,63.40309906
SWZ,Eswatini,2023,IT.NET.USER.ZS,61.33330154
SWZ,Eswatini,2022,IT.NET.USER.ZS,57.34370041
SWZ,Eswatini,2021,IT.NET.USER.ZS,53.99530029
SWZ,Eswatini,2020,IT.NET.USER.ZS,49.01300049
SWZ,Eswatini,2019,IT.NET.USER.ZS,43.93389893
SWZ,Eswatini,2018,IT.NET.USER.ZS,39.38100052
SWZ,Eswatini,2017,IT.NET.USER.ZS,35.33160019
SWZ,Eswatini,2016,IT.NET.USER.ZS,28.56999969
SWZ,Eswatini,2015,IT.NET.USER.ZS,25.64299965
SWZ,Eswatini,2014,IT.NET.USER.ZS,25.0
SWZ,Eswatini,2013,IT.NET.USER.ZS,24.70000076
SWZ,Eswatini,2012,IT.NET.USER.ZS,20.78179932
SWZ,Eswatini,2011,IT.NET.USER.ZS,18.13
SWZ,Eswatini,2010,IT.NET.USER.ZS,11.04
SWZ,Eswatini,2009,IT.NET.USER.ZS,8.94
SWZ,Eswatini,2008,IT.NET.USER.ZS,6.85
SWZ,Eswatini,2007,IT.NET.USER.ZS,4.1
SWZ,Eswatini,2006,IT.NET.USER.ZS,3.69653878906882
SWZ,Eswatini,2005,IT.NET.USER.ZS,3.697000027
ETH,Ethiopia,2024,IT.NET.USER.ZS,21.94129944
ETH,Ethiopia,2023,IT.NET.USER.ZS,20.33749962
ETH,Ethiopia,2022,IT.NET.USER.ZS,17.9836998
ETH,Ethiopia,2021,IT.NET.USER.ZS,16.6981031
ETH,Ethiopia,2020,IT.NET.USER.ZS,16.06959915
ETH,Ethiopia,2019,IT.NET.USER.ZS,15.98460007
ETH,Ethiopia,2018,IT.NET.USER.ZS,15.88619995
ETH,Ethiopia,2017,IT.NET.USER.ZS,15.62440014
ETH,Ethiopia,2016,IT.NET.USER.ZS,15.3669238595896
ETH,Ethiopia,2015,IT.NET.USER.ZS,13.8551755555556
ETH,Ethiopia,2014,IT.NET.USER.ZS,7.699999809
ETH,Ethiopia,2013,IT.NET.USER.ZS,4.599999905
ETH,Ethiopia,2012,IT.NET.USER.ZS,2.900000095
ETH,Ethiopia,2011,IT.NET.USER.ZS,1.100000024
ETH,Ethiopia,2010,IT.NET.USER.ZS,0.75
ETH,Ethiopia,2009,IT.NET.USER.ZS,0.540000021
ETH,Ethiopia,2008,IT.NET.USER.ZS,0.449999988
ETH,Ethiopia,2007,IT.NET.USER.ZS,0.37
ETH,Ethiopia,2006,IT.NET.USER.ZS,0.310592656856176
ETH,Ethiopia,2005,IT.NET.USER.ZS,0.219659818999505
FRO,Faroe Islands,2017,IT.NET.USER.ZS,97.5819589384468
FRO,Faroe Islands,2016,IT.NET.USER.ZS,95.1086816720257
FRO,Faroe Islands,2015,IT.NET.USER.ZS,94.2
FRO,Faroe Islands,2014,IT.NET.USER.ZS,93.3
FRO,Faroe Islands,2013,IT.NET.USER.ZS,90.0
FRO,Faroe Islands,2012,IT.NET.USER.ZS,85.3351892392109
FRO,Faroe Islands,2011,IT.NET.USER.ZS,80.7321728
FRO,Faroe Islands,2010,IT.NET.USER.ZS,75.2
FRO,Faroe Islands,2009,IT.NET.USER.ZS,75.18
FRO,Faroe Islands,2008,IT.NET.USER.ZS,75.57
FRO,Faroe Islands,2007,IT.NET.USER.ZS,75.98
FRO,Faroe Islands,2006,IT.NET.USER.ZS,69.359445124439
FRO,Faroe Islands,2005,IT.NET.USER.ZS,67.9026317413939
FJI,Fiji,2024,IT.NET.USER.ZS,74.7052002
FJI,Fiji,2023,IT.NET.USER.ZS,74.1160965
FJI,Fiji,2022,IT.NET.USER.ZS,72.56549835
FJI,Fiji,2021,IT.NET.USER.ZS,70.56800079
FJI,Fiji,2020,IT.NET.USER.ZS,68.62560272
FJI,Fiji,2019,IT.NET.USER.ZS,63.21789932
FJI,Fiji,2018,IT.NET.USER.ZS,58.2364006
FJI,Fiji,2017,IT.NET.USER.ZS,53.6473999
FJI,Fiji,2016,IT.NET.USER.ZS,49.41999817
FJI,Fiji,2015,IT.NET.USER.ZS,42.5
FJI,Fiji,2014,IT.NET.USER.ZS,37.40000153
FJI,Fiji,2013,IT.NET.USER.ZS,35.20000076
FJI,Fiji,2012,IT.NET.USER.ZS,33.74240112
FJI,Fiji,2011,IT.NET.USER.ZS,28.0
FJI,Fiji,2010,IT.NET.USER.ZS,20.0
FJI,Fiji,2009,IT.NET.USER.ZS,17.0
FJI,Fiji,2008,IT.NET.USER.ZS,13.0
FJI,Fiji,2007,IT.NET.USER.ZS,10.89780045
FJI,Fiji,2006,IT.NET.USER.ZS,9.6000384001536
FJI,Fiji,2005,IT.NET.USER.ZS,8.45363663371359
FIN,Finland,2024,IT.NET.USER.ZS,93.72405196
FIN,Finland,2023,IT.NET.USER.ZS,93.51385075
FIN,Finland,2022,IT.NET.USER.ZS,92.98879471
FIN,Finland,2021,IT.NET.USER.ZS,92.80806082
FIN,Finland,2020,IT.NET.USER.ZS,92.17027106
FIN,Finland,2019,IT.NET.USER.ZS,89.6073851129779
FIN,Finland,2018,IT.NET.USER.ZS,88.8899599985585
FIN,Finland,2017,IT.NET.USER.ZS,87.4689290730615
FIN,Finland,2016,IT.NET.USER.ZS,87.7036499599455
FIN,Finland,2015,IT.NET.USER.ZS,86.4221333325445
FIN,Finland,2014,IT.NET.USER.ZS,86.5303927529377
FIN,Finland,2013,IT.NET.USER.ZS,91.5144
FIN,Finland,2012,IT.NET.USER.ZS,89.879997974222
FIN,Finland,2011,IT.NET.USER.ZS,88.70999491353
FIN,Finland,2010,IT.NET.USER.ZS,86.89
FIN,Finland,2009,IT.NET.USER.ZS,82.49
FIN,Finland,2008,IT.NET.USER.ZS,83.67
FIN,Finland,2007,IT.NET.USER.ZS,80.78
FIN,Finland,2006,IT.NET.USER.ZS,79.66
FIN,Finland,2005,IT.NET.USER.ZS,74.48
FRA,France,2024,IT.NET.USER.ZS,88.65381638
FRA,France,2023,IT.NET.USER.ZS,86.83635789
FRA,France,2022,IT.NET.USER.ZS,85.33331734
FRA,France,2021,IT.NET.USER.ZS,86.09548575
FRA,France,2020,IT.NET.USER.ZS,84.70639801
FRA,France,2019,IT.NET.USER.ZS,83.3397440866883
FRA,France,2018,IT.NET.USER.ZS,82.0431867788484
FRA,France,2017,IT.NET.USER.ZS,80.5024597243607
FRA,France,2016,IT.NET.USER.ZS,79.2698113207547
FRA,France,2015,IT.NET.USER.ZS,78.0060377071902
FRA,France,2014,IT.NET.USER.ZS,83.7510996681821
FRA,France,2013,IT.NET.USER.ZS,81.9198
FRA,France,2012,IT.NET.USER.ZS,81.44
FRA,France,2011,IT.NET.USER.ZS,77.8199989926706
FRA,France,2010,IT.NET.USER.ZS,77.28
FRA,France,2009,IT.NET.USER.ZS,71.58
FRA,France,2008,IT.NET.USER.ZS,70.68
FRA,France,2007,IT.NET.USER.ZS,66.09
FRA,France,2006,IT.NET.USER.ZS,46.87
FRA,France,2005,IT.NET.USER.ZS,42.87
PYF,French Polynesia,2017,IT.NET.USER.ZS,72.7038953132942
PYF,French Polynesia,2016,IT.NET.USER.ZS,68.440419493378
PYF,French Polynesia,2015,IT.NET.USER.ZS,64.560209747212
PYF,French Polynesia,2014,IT.NET.USER.ZS,60.68
PYF,French Polynesia,2013,IT.NET.USER.ZS,56.8
PYF,French Polynesia,2012,IT.NET.USER.ZS,52.8766305867993
PYF,French Polynesia,2011,IT.NET.USER.ZS,49.0
PYF,French Polynesia,2010,IT.NET.USER.ZS,49.0
PYF,French Polynesia,2009,IT.NET.USER.ZS,44.6
PYF,French Polynesia,2008,IT.NET.USER.ZS,33.87
PYF,French Polynesia,2007,IT.NET.USER.ZS,28.59
PYF,French Polynesia,2006,IT.NET.USER.ZS,25.1079642462589
PYF,French Polynesia,2005,IT.NET.USER.ZS,21.5421854743002
GAB,Gabon,2024,IT.NET.USER.ZS,68.72090149
GAB,Gabon,2023,IT.NET.USER.ZS,68.19789886
GAB,Gabon,2022,IT.NET.USER.ZS,67.67169952
GAB,Gabon,2021,IT.NET.USER.ZS,65.76809692
GAB,Gabon,2020,IT.NET.USER.ZS,63.91790009
GAB,Gabon,2019,IT.NET.USER.ZS,59.51760101
GAB,Gabon,2018,IT.NET.USER.ZS,55.42020035
GAB,Gabon,2017,IT.NET.USER.ZS,51.60490036
GAB,Gabon,2016,IT.NET.USER.ZS,48.0522995
GAB,Gabon,2015,IT.NET.USER.ZS,45.78450012
GAB,Gabon,2014,IT.NET.USER.ZS,38.07120132
GAB,Gabon,2013,IT.NET.USER.ZS,30.53800011
GAB,Gabon,2012,IT.NET.USER.ZS,24.0
GAB,Gabon,2011,IT.NET.USER.ZS,18.0
GAB,Gabon,2010,IT.NET.USER.ZS,13.0
GAB,Gabon,2009,IT.NET.USER.ZS,9.5
GAB,Gabon,2008,IT.NET.USER.ZS,7.5
GAB,Gabon,2007,IT.NET.USER.ZS,5.767000198
GAB,Gabon,2006,IT.NET.USER.ZS,5.48920080280135
GAB,Gabon,2005,IT.NET.USER.ZS,4.89326474972412
GMB,"Gambia, The",2024,IT.NET.USER.ZS,49.49430084
GMB,"Gambia, The",2023,IT.NET.USER.ZS,48.72829819
GMB,"Gambia, The",2022,IT.NET.USER.ZS,48.22539902
GMB,"Gambia, The",2021,IT.NET.USER.ZS,41.67309952
GMB,"Gambia, The",2020,IT.NET.USER.ZS,36.01100159
GMB,"Gambia, The",2019,IT.NET.USER.ZS,31.11829948
GMB,"Gambia, The",2018,IT.NET.USER.ZS,28.30900002
GMB,"Gambia, The",2017,IT.NET.USER.ZS,22.5156002
GMB,"Gambia, The",2016,IT.NET.USER.ZS,19.90640068
GMB,"Gambia, The",2015,IT.NET.USER.ZS,17.59950066
GMB,"Gambia, The",2014,IT.NET.USER.ZS,15.56000042
GMB,"Gambia, The",2013,IT.NET.USER.ZS,14.0
GMB,"Gambia, The",2012,IT.NET.USER.ZS,12.44919968
GMB,"Gambia, The",2011,IT.NET.USER.ZS,10.87030029
GMB,"Gambia, The",2010,IT.NET.USER.ZS,9.2
GMB,"Gambia, The",2009,IT.NET.USER.ZS,7.630000114
GMB,"Gambia, The",2008,IT.NET.USER.ZS,6.880000114
GMB,"Gambia, The",2007,IT.NET.USER.ZS,6.20503741852418
GMB,"Gambia, The",2006,IT.NET.USER.ZS,5.23769115841218
GMB,"Gambia, The",2005,IT.NET.USER.ZS,3.799000025
GEO,Georgia,2024,IT.NET.USER.ZS,83.79855689
GEO,Georgia,2023,IT.NET.USER.ZS,81.88425624
GEO,Georgia,2022,IT.NET.USER.ZS,78.71127536
GEO,Georgia,2021,IT.NET.USER.ZS,76.4427093
GEO,Georgia,2020,IT.NET.USER.ZS,72.53157487
GEO,Georgia,2019,IT.NET.USER.ZS,68.8467135616978
GEO,Georgia,2018,IT.NET.USER.ZS,62.7179081974285
GEO,Georgia,2017,IT.NET.USER.ZS,59.7055045962571
GEO,Georgia,2016,IT.NET.USER.ZS,58.4592896118725
GEO,Georgia,2015,IT.NET.USER.ZS,47.5697596438736
GEO,Georgia,2014,IT.NET.USER.ZS,49.1024547144647
GEO,Georgia,2013,IT.NET.USER.ZS,43.3
GEO,Georgia,2012,IT.NET.USER.ZS,36.93999863
GEO,Georgia,2011,IT.NET.USER.ZS,31.52000046
GEO,Georgia,2010,IT.NET.USER.ZS,26.9
GEO,Georgia,2009,IT.NET.USER.ZS,20.06999969
GEO,Georgia,2008,IT.NET.USER.ZS,10.01000023
GEO,Georgia,2007,IT.NET.USER.ZS,8.26
GEO,Georgia,2006,IT.NET.USER.ZS,7.52687684487832
GEO,Georgia,2005,IT.NET.USER.ZS,6.079500198
DEU,Germany,2024,IT.NET.USER.ZS,93.49999579
DEU,Germany,2023,IT.NET.USER.ZS,92.4763763
DEU,Germany,2022,IT.NET.USER.ZS,91.62984383
DEU,Germany,2021,IT.NET.USER.ZS,91.43060973
DEU,Germany,2020,IT.NET.USER.ZS,89.81294133
DEU,Germany,2019,IT.NET.USER.ZS,88.1345169091916
DEU,Germany,2018,IT.NET.USER.ZS,87.037112092841
DEU,Germany,2017,IT.NET.USER.ZS,84.3941537010844
DEU,Germany,2016,IT.NET.USER.ZS,84.1652066441212
DEU,Germany,2015,IT.NET.USER.ZS,87.5897993525767
DEU,Germany,2014,IT.NET.USER.ZS,86.1937006578756
DEU,Germany,2013,IT.NET.USER.ZS,84.17
DEU,Germany,2012,IT.NET.USER.ZS,82.3499984738392
DEU,Germany,2011,IT.NET.USER.ZS,81.26999953602
DEU,Germany,2010,IT.NET.USER.ZS,82.0
DEU,Germany,2009,IT.NET.USER.ZS,79.0
DEU,Germany,2008,IT.NET.USER.ZS,78.0
DEU,Germany,2007,IT.NET.USER.ZS,75.16
DEU,Germany,2006,IT.NET.USER.ZS,72.16
DEU,Germany,2005,IT.NET.USER.ZS,68.71
GHA,Ghana,2024,IT.NET.USER.ZS,72.17569733
GHA,Ghana,2023,IT.NET.USER.ZS,70.67430115
GHA,Ghana,2022,IT.NET.USER.ZS,69.91329956
GHA,Ghana,2021,IT.NET.USER.ZS,68.6
GHA,Ghana,2020,IT.NET.USER.ZS,62.51760101
GHA,Ghana,2019,IT.NET.USER.ZS,22.0732
GHA,Ghana,2018,IT.NET.USER.ZS,43.0
GHA,Ghana,2017,IT.NET.USER.ZS,37.88420105
GHA,Ghana,2016,IT.NET.USER.ZS,28.0
GHA,Ghana,2015,IT.NET.USER.ZS,23.0
GHA,Ghana,2014,IT.NET.USER.ZS,19.0
GHA,Ghana,2013,IT.NET.USER.ZS,15.0
GHA,Ghana,2012,IT.NET.USER.ZS,10.6
GHA,Ghana,2011,IT.NET.USER.ZS,9.0
GHA,Ghana,2010,IT.NET.USER.ZS,7.8
GHA,Ghana,2009,IT.NET.USER.ZS,5.44
GHA,Ghana,2008,IT.NET.USER.ZS,4.27
GHA,Ghana,2007,IT.NET.USER.ZS,3.85
GHA,Ghana,2006,IT.NET.USER.ZS,2.72317597313987
GHA,Ghana,2005,IT.NET.USER.ZS,1.83119746104616
GIB,Gibraltar,2016,IT.NET.USER.ZS,94.4444715818151
GIB,Gibraltar,2012,IT.NET.USER.ZS,65.017
GIB,Gibraltar,2011,IT.NET.USER.ZS,65.0
GIB,Gibraltar,2010,IT.NET.USER.ZS,65.0
GIB,Gibraltar,2009,IT.NET.USER.ZS,65.07
GIB,Gibraltar,2008,IT.NET.USER.ZS,58.0
GIB,Gibraltar,2007,IT.NET.USER.ZS,51.61
GIB,Gibraltar,2006,IT.NET.USER.ZS,45.29864751181
GIB,Gibraltar,2005,IT.NET.USER.ZS,39.0701308849385
GRC,Greece,2024,IT.NET.USER.ZS,86.26968886
GRC,Greece,2023,IT.NET.USER.ZS,85.0102229
GRC,Greece,2022,IT.NET.USER.ZS,83.17066333
GRC,Greece,2021,IT.NET.USER.ZS,78.49426371
GRC,Greece,2020,IT.NET.USER.ZS,78.11584474
GRC,Greece,2019,IT.NET.USER.ZS,75.6712066931757
GRC,Greece,2018,IT.NET.USER.ZS,72.2383733920483
GRC,Greece,2017,IT.NET.USER.ZS,69.8929706543154
GRC,Greece,2016,IT.NET.USER.ZS,69.0879154723892
GRC,Greece,2015,IT.NET.USER.ZS,66.8349594911035
GRC,Greece,2014,IT.NET.USER.ZS,63.2073404784561
GRC,Greece,2013,IT.NET.USER.ZS,59.8663
GRC,Greece,2012,IT.NET.USER.ZS,55.0699934418411
GRC,Greece,2011,IT.NET.USER.ZS,51.6499951676815
GRC,Greece,2010,IT.NET.USER.ZS,44.4
GRC,Greece,2009,IT.NET.USER.ZS,42.4
GRC,Greece,2008,IT.NET.USER.ZS,38.2
GRC,Greece,2007,IT.NET.USER.ZS,35.88
GRC,Greece,2006,IT.NET.USER.ZS,32.25
GRC,Greece,2005,IT.NET.USER.ZS,24.0
GRL,Greenland,2017,IT.NET.USER.ZS,69.4824617821988
GRL,Greenland,2016,IT.NET.USER.ZS,68.500873675421
GRL,Greenland,2015,IT.NET.USER.ZS,67.600443481006
GRL,Greenland,2014,IT.NET.USER.ZS,66.7
GRL,Greenland,2013,IT.NET.USER.ZS,65.8
GRL,Greenland,2012,IT.NET.USER.ZS,64.8960100995989
GRL,Greenland,2011,IT.NET.USER.ZS,64.0
GRL,Greenland,2010,IT.NET.USER.ZS,63.0
GRL,Greenland,2009,IT.NET.USER.ZS,62.83
GRL,Greenland,2008,IT.NET.USER.ZS,62.82
GRL,Greenland,2007,IT.NET.USER.ZS,61.07
GRL,Greenland,2006,IT.NET.USER.ZS,59.361687268664
GRL,Greenland,2005,IT.NET.USER.ZS,57.7034045008656
GRD,Grenada,2024,IT.NET.USER.ZS,70.16159821
GRD,Grenada,2023,IT.NET.USER.ZS,69.4131012
GRD,Grenada,2022,IT.NET.USER.ZS,68.42030334
GRD,Grenada,2021,IT.NET.USER.ZS,67.02279663
GRD,Grenada,2020,IT.NET.USER.ZS,65.65380096
GRD,Grenada,2019,IT.NET.USER.ZS,64.31279755
GRD,Grenada,2018,IT.NET.USER.ZS,61.42459869
GRD,Grenada,2017,IT.NET.USER.ZS,54.20000076
GRD,Grenada,2016,IT.NET.USER.ZS,53.29999924
GRD,Grenada,2015,IT.NET.USER.ZS,52.5
GRD,Grenada,2014,IT.NET.USER.ZS,51.6
GRD,Grenada,2013,IT.NET.USER.ZS,35.0
GRD,Grenada,2012,IT.NET.USER.ZS,32.0
GRD,Grenada,2011,IT.NET.USER.ZS,30.0
GRD,Grenada,2010,IT.NET.USER.ZS,27.0
GRD,Grenada,2009,IT.NET.USER.ZS,24.04999924
GRD,Grenada,2008,IT.NET.USER.ZS,23.18000031
GRD,Grenada,2007,IT.NET.USER.ZS,22.29
GRD,Grenada,2006,IT.NET.USER.ZS,21.39599991
GRD,Grenada,2005,IT.NET.USER.ZS,20.4878006
GUM,Guam,2017,IT.NET.USER.ZS,80.5054655600831
GUM,Guam,2016,IT.NET.USER.ZS,77.009999893206
GUM,Guam,2015,IT.NET.USER.ZS,73.139999947043
GUM,Guam,2014,IT.NET.USER.ZS,69.27
GUM,Guam,2013,IT.NET.USER.ZS,65.4
GUM,Guam,2012,IT.NET.USER.ZS,61.5341593079002
GUM,Guam,2011,IT.NET.USER.ZS,57.7
GUM,Guam,2010,IT.NET.USER.ZS,54.04
GUM,Guam,2009,IT.NET.USER.ZS,50.6420283820435
GUM,Guam,2008,IT.NET.USER.ZS,48.4187021509296
GUM,Guam,2007,IT.NET.USER.ZS,46.1504736192355
GUM,Guam,2006,IT.NET.USER.ZS,43.8514430048178
GUM,Guam,2005,IT.NET.USER.ZS,38.559877557558
GTM,Guatemala,2024,IT.NET.USER.ZS,60.22140121
GTM,Guatemala,2023,IT.NET.USER.ZS,56.72669983
GTM,Guatemala,2022,IT.NET.USER.ZS,54.40430069
GTM,Guatemala,2021,IT.NET.USER.ZS,50.84164945
GTM,Guatemala,2020,IT.NET.USER.ZS,47.51229858
GTM,Guatemala,2019,IT.NET.USER.ZS,44.401049838502
GTM,Guatemala,2018,IT.NET.USER.ZS,41.5
GTM,Guatemala,2017,IT.NET.USER.ZS,37.90000153
GTM,Guatemala,2016,IT.NET.USER.ZS,34.50930023
GTM,Guatemala,2015,IT.NET.USER.ZS,28.80590057
GTM,Guatemala,2014,IT.NET.USER.ZS,23.39999962
GTM,Guatemala,2013,IT.NET.USER.ZS,19.70000076
GTM,Guatemala,2012,IT.NET.USER.ZS,16.0
GTM,Guatemala,2011,IT.NET.USER.ZS,12.30000019
GTM,Guatemala,2010,IT.NET.USER.ZS,10.5
GTM,Guatemala,2009,IT.NET.USER.ZS,9.300000191
GTM,Guatemala,2008,IT.NET.USER.ZS,8.300000191
GTM,Guatemala,2007,IT.NET.USER.ZS,7.300000191
GTM,Guatemala,2006,IT.NET.USER.ZS,6.5
GTM,Guatemala,2005,IT.NET.USER.ZS,5.699999809
GIN,Guinea,2024,IT.NET.USER.ZS,33.30469894
GIN,Guinea,2023,IT.NET.USER.ZS,32.31560135
GIN,Guinea,2022,IT.NET.USER.ZS,31.31399918
GIN,Guinea,2021,IT.NET.USER.ZS,28.61330032
GIN,Guinea,2020,IT.NET.USER.ZS,26.14550018
GIN,Guinea,2019,IT.NET.USER.ZS,23.89049911
GIN,Guinea,2018,IT.NET.USER.ZS,21.8300230430563
GIN,Guinea,2017,IT.NET.USER.ZS,18.70000076
GIN,Guinea,2016,IT.NET.USER.ZS,13.10000038
GIN,Guinea,2015,IT.NET.USER.ZS,9.199999809
GIN,Guinea,2014,IT.NET.USER.ZS,6.400000095
GIN,Guinea,2013,IT.NET.USER.ZS,4.5
GIN,Guinea,2012,IT.NET.USER.ZS,3.099999905
GIN,Guinea,2011,IT.NET.USER.ZS,2.0
GIN,Guinea,2010,IT.NET.USER.ZS,1.0
GIN,Guinea,2009,IT.NET.USER.ZS,0.94
GIN,Guinea,2008,IT.NET.USER.ZS,0.92
GIN,Guinea,2007,IT.NET.USER.ZS,0.780025279059244
GIN,Guinea,2006,IT.NET.USER.ZS,0.637499988
GIN,Guinea,2005,IT.NET.USER.ZS,0.542299986
GNB,Guinea-Bissau,2024,IT.NET.USER.ZS,29.77739906
GNB,Guinea-Bissau,2023,IT.NET.USER.ZS,28.71240044
GNB,Guinea-Bissau,2022,IT.NET.USER.ZS,27.67379951
GNB,Guinea-Bissau,2021,IT.NET.USER.ZS,23.3519001
GNB,Guinea-Bissau,2020,IT.NET.USER.ZS,20.45730019
GNB,Guinea-Bissau,2019,IT.NET.USER.ZS,17.92149925
GNB,Guinea-Bissau,2018,IT.NET.USER.ZS,15.69999981
GNB,Guinea-Bissau,2017,IT.NET.USER.ZS,14.80000019
GNB,Guinea-Bissau,2016,IT.NET.USER.ZS,13.80000019
GNB,Guinea-Bissau,2015,IT.NET.USER.ZS,6.099999905
GNB,Guinea-Bissau,2014,IT.NET.USER.ZS,3.319999933
GNB,Guinea-Bissau,2013,IT.NET.USER.ZS,3.099999905
GNB,Guinea-Bissau,2012,IT.NET.USER.ZS,2.894000053
GNB,Guinea-Bissau,2011,IT.NET.USER.ZS,2.671999931
GNB,Guinea-Bissau,2010,IT.NET.USER.ZS,2.450000048
GNB,Guinea-Bissau,2009,IT.NET.USER.ZS,2.30328059172582
GNB,Guinea-Bissau,2008,IT.NET.USER.ZS,2.35488871087933
GNB,Guinea-Bissau,2007,IT.NET.USER.ZS,2.20630002
GNB,Guinea-Bissau,2006,IT.NET.USER.ZS,2.057199955
GNB,Guinea-Bissau,2005,IT.NET.USER.ZS,1.90139997
GUY,Guyana,2024,IT.NET.USER.ZS,83.00080109
GUY,Guyana,2023,IT.NET.USER.ZS,79.3553009
GUY,Guyana,2022,IT.NET.USER.ZS,76.56240082
GUY,Guyana,2021,IT.NET.USER.ZS,71.65090179
GUY,Guyana,2020,IT.NET.USER.ZS,62.95399857
GUY,Guyana,2019,IT.NET.USER.ZS,55.31269836
GUY,Guyana,2018,IT.NET.USER.ZS,48.59889984
GUY,Guyana,2017,IT.NET.USER.ZS,42.6753006
GUY,Guyana,2016,IT.NET.USER.ZS,35.65999985
GUY,Guyana,2015,IT.NET.USER.ZS,34.0
GUY,Guyana,2014,IT.NET.USER.ZS,32.0
GUY,Guyana,2013,IT.NET.USER.ZS,31.0
GUY,Guyana,2012,IT.NET.USER.ZS,30.5
GUY,Guyana,2011,IT.NET.USER.ZS,30.0
GUY,Guyana,2010,IT.NET.USER.ZS,29.9
GUY,Guyana,2009,IT.NET.USER.ZS,23.9
GUY,Guyana,2008,IT.NET.USER.ZS,18.2
GUY,Guyana,2007,IT.NET.USER.ZS,13.80000019
GUY,Guyana,2006,IT.NET.USER.ZS,8.899999619
GUY,Guyana,2005,IT.NET.USER.ZS,5.699999809
HTI,Haiti,2024,IT.NET.USER.ZS,47.8614006
HTI,Haiti,2023,IT.NET.USER.ZS,47.99269867
HTI,Haiti,2022,IT.NET.USER.ZS,47.77470016
HTI,Haiti,2021,IT.NET.USER.ZS,43.37919998
HTI,Haiti,2020,IT.NET.USER.ZS,39.38809967
HTI,Haiti,2019,IT.NET.USER.ZS,35.76409912
HTI,Haiti,2018,IT.NET.USER.ZS,32.4736271300557
HTI,Haiti,2017,IT.NET.USER.ZS,27.20000076
HTI,Haiti,2016,IT.NET.USER.ZS,22.79999924
HTI,Haiti,2015,IT.NET.USER.ZS,14.19999981
HTI,Haiti,2014,IT.NET.USER.ZS,11.39999962
HTI,Haiti,2013,IT.NET.USER.ZS,10.60000038
HTI,Haiti,2012,IT.NET.USER.ZS,9.800000191
HTI,Haiti,2011,IT.NET.USER.ZS,9.0
HTI,Haiti,2010,IT.NET.USER.ZS,8.369999886
HTI,Haiti,2009,IT.NET.USER.ZS,8.100000381
HTI,Haiti,2008,IT.NET.USER.ZS,7.599999905
HTI,Haiti,2007,IT.NET.USER.ZS,7.199999809
HTI,Haiti,2006,IT.NET.USER.ZS,6.796000004
HTI,Haiti,2005,IT.NET.USER.ZS,6.376200199
HND,Honduras,2024,IT.NET.USER.ZS,58.62269974
HND,Honduras,2023,IT.NET.USER.ZS,58.0685997
HND,Honduras,2022,IT.NET.USER.ZS,56.88069916
HND,Honduras,2021,IT.NET.USER.ZS,51.95159912
HND,Honduras,2020,IT.NET.USER.ZS,45.24829865
HND,Honduras,2019,IT.NET.USER.ZS,39.3883521850111
HND,Honduras,2018,IT.NET.USER.ZS,36.0400608231468
HND,Honduras,2017,IT.NET.USER.ZS,31.7357924661485
HND,Honduras,2016,IT.NET.USER.ZS,29.5282180796457
HND,Honduras,2015,IT.NET.USER.ZS,27.1395454833776
HND,Honduras,2014,IT.NET.USER.ZS,23.0
HND,Honduras,2013,IT.NET.USER.ZS,17.8
HND,Honduras,2012,IT.NET.USER.ZS,18.12
HND,Honduras,2011,IT.NET.USER.ZS,15.9
HND,Honduras,2010,IT.NET.USER.ZS,11.09
HND,Honduras,2009,IT.NET.USER.ZS,9.800000191
HND,Honduras,2008,IT.NET.USER.ZS,9.6
HND,Honduras,2007,IT.NET.USER.ZS,9.399999619
HND,Honduras,2006,IT.NET.USER.ZS,7.800000191
HND,Honduras,2005,IT.NET.USER.ZS,6.5
HKG,"Hong Kong SAR, China",2024,IT.NET.USER.ZS,95.75536971
HKG,"Hong Kong SAR, China",2023,IT.NET.USER.ZS,95.97781908
HKG,"Hong Kong SAR, China",2022,IT.NET.USER.ZS,95.61357052
HKG,"Hong Kong SAR, China",2021,IT.NET.USER.ZS,93.08715788
HKG,"Hong Kong SAR, China",2020,IT.NET.USER.ZS,92.41313602
HKG,"Hong Kong SAR, China",2019,IT.NET.USER.ZS,91.7434003891587
HKG,"Hong Kong SAR, China",2018,IT.NET.USER.ZS,90.5073953294283
HKG,"Hong Kong SAR, China",2017,IT.NET.USER.ZS,89.4159446487565
HKG,"Hong Kong SAR, China",2016,IT.NET.USER.ZS,87.47941467087
HKG,"Hong Kong SAR, China",2015,IT.NET.USER.ZS,84.9483529634062
HKG,"Hong Kong SAR, China",2014,IT.NET.USER.ZS,79.8662704309064
HKG,"Hong Kong SAR, China",2013,IT.NET.USER.ZS,74.2
HKG,"Hong Kong SAR, China",2012,IT.NET.USER.ZS,72.9
HKG,"Hong Kong SAR, China",2011,IT.NET.USER.ZS,72.19999695
HKG,"Hong Kong SAR, China",2010,IT.NET.USER.ZS,72.0
HKG,"Hong Kong SAR, China",2009,IT.NET.USER.ZS,69.4
HKG,"Hong Kong SAR, China",2008,IT.NET.USER.ZS,66.7
HKG,"Hong Kong SAR, China",2007,IT.NET.USER.ZS,64.8
HKG,"Hong Kong SAR, China",2006,IT.NET.USER.ZS,60.8
HKG,"Hong Kong SAR, China",2005,IT.NET.USER.ZS,56.9
HUN,Hungary,2024,IT.NET.USER.ZS,93.77898628
HUN,Hungary,2023,IT.NET.USER.ZS,91.4500713
HUN,Hungary,2022,IT.NET.USER.ZS,89.14282688
HUN,Hungary,2021,IT.NET.USER.ZS,88.64083466
HUN,Hungary,2020,IT.NET.USER.ZS,84.77115202
HUN,Hungary,2019,IT.NET.USER.ZS,80.3716936050482
HUN,Hungary,2018,IT.NET.USER.ZS,76.0743606365063
HUN,Hungary,2017,IT.NET.USER.ZS,76.7505471201922
HUN,Hungary,2016,IT.NET.USER.ZS,79.2594121273057
HUN,Hungary,2015,IT.NET.USER.ZS,72.8347370323805
HUN,Hungary,2014,IT.NET.USER.ZS,75.6531974544103
HUN,Hungary,2013,IT.NET.USER.ZS,72.6439
HUN,Hungary,2012,IT.NET.USER.ZS,70.579998153838
HUN,Hungary,2011,IT.NET.USER.ZS,68.0199878861296
HUN,Hungary,2010,IT.NET.USER.ZS,65.0
HUN,Hungary,2009,IT.NET.USER.ZS,62.0
HUN,Hungary,2008,IT.NET.USER.ZS,61.0
HUN,Hungary,2007,IT.NET.USER.ZS,53.3
HUN,Hungary,2006,IT.NET.USER.ZS,47.06
HUN,Hungary,2005,IT.NET.USER.ZS,38.97
ISL,Iceland,2024,IT.NET.USER.ZS,98.209198
ISL,Iceland,2023,IT.NET.USER.ZS,97.94860077
ISL,Iceland,2022,IT.NET.USER.ZS,97.58339691
ISL,Iceland,2021,IT.NET.USER.ZS,99.68701957
ISL,Iceland,2020,IT.NET.USER.ZS,99.5327519
ISL,Iceland,2019,IT.NET.USER.ZS,99.5049411693787
ISL,Iceland,2018,IT.NET.USER.ZS,99.0109539916991
ISL,Iceland,2017,IT.NET.USER.ZS,98.2552011867973
ISL,Iceland,2016,IT.NET.USER.ZS,98.23999786
ISL,Iceland,2015,IT.NET.USER.ZS,98.19999695
ISL,Iceland,2014,IT.NET.USER.ZS,98.1580233097118
ISL,Iceland,2013,IT.NET.USER.ZS,96.5468
ISL,Iceland,2012,IT.NET.USER.ZS,96.2097995545657
ISL,Iceland,2011,IT.NET.USER.ZS,94.8196868008949
ISL,Iceland,2010,IT.NET.USER.ZS,93.39
ISL,Iceland,2009,IT.NET.USER.ZS,93.0
ISL,Iceland,2008,IT.NET.USER.ZS,91.0
ISL,Iceland,2007,IT.NET.USER.ZS,90.6
ISL,Iceland,2006,IT.NET.USER.ZS,89.51
ISL,Iceland,2005,IT.NET.USER.ZS,87.0
IND,India,2025,IT.NET.USER.ZS,70.0
IND,India,2024,IT.NET.USER.ZS,64.9434967
IND,India,2023,IT.NET.USER.ZS,60.25230026
IND,India,2022,IT.NET.USER.ZS,55.9
IND,India,2021,IT.NET.USER.ZS,49.2580986
IND,India,2020,IT.NET.USER.ZS,43.40544313
IND,India,2019,IT.NET.USER.ZS,29.52350044
IND,India,2018,IT.NET.USER.ZS,20.0813000379384
IND,India,2017,IT.NET.USER.ZS,18.20000076
IND,India,2016,IT.NET.USER.ZS,16.5
IND,India,2015,IT.NET.USER.ZS,14.89999962
IND,India,2014,IT.NET.USER.ZS,13.5
IND,India,2013,IT.NET.USER.ZS,12.30000019
IND,India,2012,IT.NET.USER.ZS,11.10000038
IND,India,2011,IT.NET.USER.ZS,10.07
IND,India,2010,IT.NET.USER.ZS,7.5
IND,India,2009,IT.NET.USER.ZS,5.12
IND,India,2008,IT.NET.USER.ZS,4.38
IND,India,2007,IT.NET.USER.ZS,3.95
IND,India,2006,IT.NET.USER.ZS,2.80549986534254
IND,India,2005,IT.NET.USER.ZS,2.388099909
IDN,Indonesia,2024,IT.NET.USER.ZS,72.78075544
IDN,Indonesia,2023,IT.NET.USER.ZS,69.20836554
IDN,Indonesia,2022,IT.NET.USER.ZS,66.48461277
IDN,Indonesia,2021,IT.NET.USER.ZS,62.10447842
IDN,Indonesia,2020,IT.NET.USER.ZS,53.72649449
IDN,Indonesia,2019,IT.NET.USER.ZS,47.6906489788375
IDN,Indonesia,2018,IT.NET.USER.ZS,39.9046386385762
IDN,Indonesia,2017,IT.NET.USER.ZS,32.335806250688
IDN,Indonesia,2016,IT.NET.USER.ZS,25.447353701827
IDN,Indonesia,2015,IT.NET.USER.ZS,22.062742603379
IDN,Indonesia,2014,IT.NET.USER.ZS,17.1431598350566
IDN,Indonesia,2013,IT.NET.USER.ZS,14.94
IDN,Indonesia,2012,IT.NET.USER.ZS,14.52
IDN,Indonesia,2011,IT.NET.USER.ZS,12.28
IDN,Indonesia,2010,IT.NET.USER.ZS,10.92
IDN,Indonesia,2009,IT.NET.USER.ZS,6.92
IDN,Indonesia,2008,IT.NET.USER.ZS,7.917500019
IDN,Indonesia,2007,IT.NET.USER.ZS,5.78627472934199
IDN,Indonesia,2006,IT.NET.USER.ZS,4.76481313366657
IDN,Indonesia,2005,IT.NET.USER.ZS,3.60202476259646
IRN,"Iran, Islamic Rep.",2024,IT.NET.USER.ZS,85.3404007
IRN,"Iran, Islamic Rep.",2023,IT.NET.USER.ZS,83.71050262
IRN,"Iran, Islamic Rep.",2022,IT.NET.USER.ZS,81.71649933
IRN,"Iran, Islamic Rep.",2021,IT.NET.USER.ZS,78.5957366
IRN,"Iran, Islamic Rep.",2020,IT.NET.USER.ZS,75.56986637
IRN,"Iran, Islamic Rep.",2019,IT.NET.USER.ZS,72.4509047672065
IRN,"Iran, Islamic Rep.",2018,IT.NET.USER.ZS,70.2005650008363
IRN,"Iran, Islamic Rep.",2017,IT.NET.USER.ZS,64.0439736249513
IRN,"Iran, Islamic Rep.",2016,IT.NET.USER.ZS,53.2267716709857
IRN,"Iran, Islamic Rep.",2015,IT.NET.USER.ZS,45.3349761533285
IRN,"Iran, Islamic Rep.",2014,IT.NET.USER.ZS,39.353614505223
IRN,"Iran, Islamic Rep.",2013,IT.NET.USER.ZS,29.95
IRN,"Iran, Islamic Rep.",2012,IT.NET.USER.ZS,22.73
IRN,"Iran, Islamic Rep.",2011,IT.NET.USER.ZS,19.0
IRN,"Iran, Islamic Rep.",2010,IT.NET.USER.ZS,15.9
IRN,"Iran, Islamic Rep.",2009,IT.NET.USER.ZS,13.80000019
IRN,"Iran, Islamic Rep.",2008,IT.NET.USER.ZS,12.02
IRN,"Iran, Islamic Rep.",2007,IT.NET.USER.ZS,9.470000267
IRN,"Iran, Islamic Rep.",2006,IT.NET.USER.ZS,8.760000229
IRN,"Iran, Islamic Rep.",2005,IT.NET.USER.ZS,8.100000381
IRQ,Iraq,2024,IT.NET.USER.ZS,81.47450256
IRQ,Iraq,2023,IT.NET.USER.ZS,81.80889893
IRQ,Iraq,2022,IT.NET.USER.ZS,78.71560926
IRQ,Iraq,2021,IT.NET.USER.ZS,65.00219727
IRQ,Iraq,2020,IT.NET.USER.ZS,53.67779922
IRQ,Iraq,2019,IT.NET.USER.ZS,44.3263465511579
IRQ,Iraq,2018,IT.NET.USER.ZS,33.92810059
IRQ,Iraq,2017,IT.NET.USER.ZS,25.96920013
IRQ,Iraq,2016,IT.NET.USER.ZS,19.87719917
IRQ,Iraq,2015,IT.NET.USER.ZS,15.21440029
IRQ,Iraq,2014,IT.NET.USER.ZS,11.6453267304545
IRQ,Iraq,2013,IT.NET.USER.ZS,9.199999809
IRQ,Iraq,2012,IT.NET.USER.ZS,7.099999905
IRQ,Iraq,2011,IT.NET.USER.ZS,5.0
IRQ,Iraq,2010,IT.NET.USER.ZS,2.5
IRQ,Iraq,2009,IT.NET.USER.ZS,1.06
IRQ,Iraq,2008,IT.NET.USER.ZS,1.0
IRQ,Iraq,2007,IT.NET.USER.ZS,0.93
IRQ,Iraq,2006,IT.NET.USER.ZS,0.95234424383919
IRQ,Iraq,2005,IT.NET.USER.ZS,0.899999976
IRL,Ireland,2024,IT.NET.USER.ZS,97.18769836
IRL,Ireland,2023,IT.NET.USER.ZS,96.8660965
IRL,Ireland,2022,IT.NET.USER.ZS,95.03690338
IRL,Ireland,2021,IT.NET.USER.ZS,93.50610352
IRL,Ireland,2020,IT.NET.USER.ZS,91.99989097
IRL,Ireland,2019,IT.NET.USER.ZS,87.0000552425146
IRL,Ireland,2018,IT.NET.USER.ZS,87.0001401148942
IRL,Ireland,2017,IT.NET.USER.ZS,84.1140070623844
IRL,Ireland,2016,IT.NET.USER.ZS,83.5
IRL,Ireland,2015,IT.NET.USER.ZS,83.4947916666667
IRL,Ireland,2014,IT.NET.USER.ZS,83.4917223351728
IRL,Ireland,2013,IT.NET.USER.ZS,78.2477
IRL,Ireland,2012,IT.NET.USER.ZS,76.919992540097
IRL,Ireland,2011,IT.NET.USER.ZS,74.8899729670944
IRL,Ireland,2010,IT.NET.USER.ZS,69.85
IRL,Ireland,2009,IT.NET.USER.ZS,67.38
IRL,Ireland,2008,IT.NET.USER.ZS,65.34
IRL,Ireland,2007,IT.NET.USER.ZS,61.158324551
IRL,Ireland,2006,IT.NET.USER.ZS,54.82
IRL,Ireland,2005,IT.NET.USER.ZS,41.61
ISR,Israel,2024,IT.NET.USER.ZS,88.18242225
ISR,Israel,2023,IT.NET.USER.ZS,87.03842615
ISR,Israel,2022,IT.NET.USER.ZS,91.85079615
ISR,Israel,2021,IT.NET.USER.ZS,90.29689758
ISR,Israel,2020,IT.NET.USER.ZS,90.12734091
ISR,Israel,2019,IT.NET.USER.ZS,86.7878776180583
ISR,Israel,2018,IT.NET.USER.ZS,83.7331569615326
ISR,Israel,2017,IT.NET.USER.ZS,81.5811835871611
ISR,Israel,2016,IT.NET.USER.ZS,79.6531241815281
ISR,Israel,2015,IT.NET.USER.ZS,77.3520896572253
ISR,Israel,2014,IT.NET.USER.ZS,75.0177531628076
ISR,Israel,2013,IT.NET.USER.ZS,70.250311945
ISR,Israel,2012,IT.NET.USER.ZS,70.8
ISR,Israel,2011,IT.NET.USER.ZS,68.8738779907441
ISR,Israel,2010,IT.NET.USER.ZS,67.5
ISR,Israel,2009,IT.NET.USER.ZS,63.12
ISR,Israel,2008,IT.NET.USER.ZS,59.39
ISR,Israel,2007,IT.NET.USER.ZS,48.1280621948445
ISR,Israel,2006,IT.NET.USER.ZS,27.8810997
ISR,Israel,2005,IT.NET.USER.ZS,25.19400024
ITA,Italy,2024,IT.NET.USER.ZS,89.2207202
ITA,Italy,2023,IT.NET.USER.ZS,87.0278292
ITA,Italy,2022,IT.NET.USER.ZS,85.06074504
ITA,Italy,2021,IT.NET.USER.ZS,74.8623274
ITA,Italy,2020,IT.NET.USER.ZS,70.48342785
ITA,Italy,2019,IT.NET.USER.ZS,67.8507102874836
ITA,Italy,2018,IT.NET.USER.ZS,74.3871829234822
ITA,Italy,2017,IT.NET.USER.ZS,63.0773469984291
ITA,Italy,2016,IT.NET.USER.ZS,61.3242527666303
ITA,Italy,2015,IT.NET.USER.ZS,58.1417349568747
ITA,Italy,2014,IT.NET.USER.ZS,55.6384602242293
ITA,Italy,2013,IT.NET.USER.ZS,58.4593
ITA,Italy,2012,IT.NET.USER.ZS,55.829997993283
ITA,Italy,2011,IT.NET.USER.ZS,54.3899983018814
ITA,Italy,2010,IT.NET.USER.ZS,53.68
ITA,Italy,2009,IT.NET.USER.ZS,48.83
ITA,Italy,2008,IT.NET.USER.ZS,44.53
ITA,Italy,2007,IT.NET.USER.ZS,40.79
ITA,Italy,2006,IT.NET.USER.ZS,37.99
ITA,Italy,2005,IT.NET.USER.ZS,35.0
JAM,Jamaica,2024,IT.NET.USER.ZS,90.10870361
JAM,Jamaica,2023,IT.NET.USER.ZS,89.47304282
JAM,Jamaica,2022,IT.NET.USER.ZS,85.84329987
JAM,Jamaica,2021,IT.NET.USER.ZS,82.36071561
JAM,Jamaica,2020,IT.NET.USER.ZS,76.38400269
JAM,Jamaica,2019,IT.NET.USER.ZS,70.8410169743356
JAM,Jamaica,2018,IT.NET.USER.ZS,68.2145170876072
JAM,Jamaica,2017,IT.NET.USER.ZS,55.0720670507751
JAM,Jamaica,2016,IT.NET.USER.ZS,44.3668563671334
JAM,Jamaica,2015,IT.NET.USER.ZS,42.2212211907441
JAM,Jamaica,2014,IT.NET.USER.ZS,40.4027351046672
JAM,Jamaica,2013,IT.NET.USER.ZS,37.1
JAM,Jamaica,2012,IT.NET.USER.ZS,33.79
JAM,Jamaica,2011,IT.NET.USER.ZS,37.438613414848
JAM,Jamaica,2010,IT.NET.USER.ZS,27.67
JAM,Jamaica,2009,IT.NET.USER.ZS,24.3
JAM,Jamaica,2008,IT.NET.USER.ZS,23.6
JAM,Jamaica,2007,IT.NET.USER.ZS,21.10000038
JAM,Jamaica,2006,IT.NET.USER.ZS,16.39999962
JAM,Jamaica,2005,IT.NET.USER.ZS,12.80000019
JPN,Japan,2024,IT.NET.USER.ZS,85.54153081
JPN,Japan,2023,IT.NET.USER.ZS,85.00990295
JPN,Japan,2022,IT.NET.USER.ZS,84.92343147
JPN,Japan,2021,IT.NET.USER.ZS,82.91407928
JPN,Japan,2020,IT.NET.USER.ZS,90.21945812
JPN,Japan,2019,IT.NET.USER.ZS,92.7303978145525
JPN,Japan,2018,IT.NET.USER.ZS,88.7463508901772
JPN,Japan,2017,IT.NET.USER.ZS,91.7265472366635
JPN,Japan,2016,IT.NET.USER.ZS,93.1827212821617
JPN,Japan,2015,IT.NET.USER.ZS,91.0580283929962
JPN,Japan,2014,IT.NET.USER.ZS,89.1068330166075
JPN,Japan,2013,IT.NET.USER.ZS,88.219428911
JPN,Japan,2012,IT.NET.USER.ZS,79.4964
JPN,Japan,2011,IT.NET.USER.ZS,79.0541135244739
JPN,Japan,2010,IT.NET.USER.ZS,78.21
JPN,Japan,2009,IT.NET.USER.ZS,78.0
JPN,Japan,2008,IT.NET.USER.ZS,75.4
JPN,Japan,2007,IT.NET.USER.ZS,74.3
JPN,Japan,2006,IT.NET.USER.ZS,68.6852703213795
JPN,Japan,2005,IT.NET.USER.ZS,66.9210661042901
JOR,Jordan,2024,IT.NET.USER.ZS,95.62244985
JOR,Jordan,2023,IT.NET.USER.ZS,92.53443944
JOR,Jordan,2022,IT.NET.USER.ZS,90.4999984
JOR,Jordan,2021,IT.NET.USER.ZS,85.999997
JOR,Jordan,2020,IT.NET.USER.ZS,78.4178009
JOR,Jordan,2019,IT.NET.USER.ZS,70.08470154
JOR,Jordan,2018,IT.NET.USER.ZS,65.2
JOR,Jordan,2017,IT.NET.USER.ZS,64.5
JOR,Jordan,2016,IT.NET.USER.ZS,56.15000153
JOR,Jordan,2015,IT.NET.USER.ZS,54.22000122
JOR,Jordan,2014,IT.NET.USER.ZS,46.2
JOR,Jordan,2013,IT.NET.USER.ZS,41.4
JOR,Jordan,2012,IT.NET.USER.ZS,37.0
JOR,Jordan,2011,IT.NET.USER.ZS,34.9
JOR,Jordan,2010,IT.NET.USER.ZS,27.2
JOR,Jordan,2009,IT.NET.USER.ZS,26.0
JOR,Jordan,2008,IT.NET.USER.ZS,23.0
JOR,Jordan,2007,IT.NET.USER.ZS,20.0
JOR,Jordan,2006,IT.NET.USER.ZS,13.86709976
JOR,Jordan,2005,IT.NET.USER.ZS,12.93290043
KAZ,Kazakhstan,2024,IT.NET.USER.ZS,93.39167254
KAZ,Kazakhstan,2023,IT.NET.USER.ZS,92.87846096
KAZ,Kazakhstan,2022,IT.NET.USER.ZS,92.29685266
KAZ,Kazakhstan,2021,IT.NET.USER.ZS,90.9239507
KAZ,Kazakhstan,2020,IT.NET.USER.ZS,85.94259898
KAZ,Kazakhstan,2019,IT.NET.USER.ZS,81.8776204746284
KAZ,Kazakhstan,2018,IT.NET.USER.ZS,78.9039190578816
KAZ,Kazakhstan,2017,IT.NET.USER.ZS,76.4267482325439
KAZ,Kazakhstan,2016,IT.NET.USER.ZS,74.5877264735738
KAZ,Kazakhstan,2015,IT.NET.USER.ZS,70.82993359566
KAZ,Kazakhstan,2014,IT.NET.USER.ZS,66.0
KAZ,Kazakhstan,2013,IT.NET.USER.ZS,63.30422443
KAZ,Kazakhstan,2012,IT.NET.USER.ZS,61.9066274652008
KAZ,Kazakhstan,2011,IT.NET.USER.ZS,50.6
KAZ,Kazakhstan,2010,IT.NET.USER.ZS,31.6
KAZ,Kazakhstan,2009,IT.NET.USER.ZS,18.2
KAZ,Kazakhstan,2008,IT.NET.USER.ZS,11.0
KAZ,Kazakhstan,2007,IT.NET.USER.ZS,4.02
KAZ,Kazakhstan,2006,IT.NET.USER.ZS,3.268399954
KAZ,Kazakhstan,2005,IT.NET.USER.ZS,2.961699963
KEN,Kenya,2024,IT.NET.USER.ZS,34.97622513
KEN,Kenya,2023,IT.NET.USER.ZS,32.07040024
KEN,Kenya,2022,IT.NET.USER.ZS,29.40589905
KEN,Kenya,2021,IT.NET.USER.ZS,26.96290016
KEN,Kenya,2020,IT.NET.USER.ZS,24.7227993
KEN,Kenya,2019,IT.NET.USER.ZS,22.6687733618171
KEN,Kenya,2018,IT.NET.USER.ZS,19.5
KEN,Kenya,2017,IT.NET.USER.ZS,17.82710075
KEN,Kenya,2016,IT.NET.USER.ZS,16.6
KEN,Kenya,2015,IT.NET.USER.ZS,16.5878548475992
KEN,Kenya,2014,IT.NET.USER.ZS,16.5
KEN,Kenya,2013,IT.NET.USER.ZS,13.0
KEN,Kenya,2012,IT.NET.USER.ZS,10.5
KEN,Kenya,2011,IT.NET.USER.ZS,8.800000191
KEN,Kenya,2010,IT.NET.USER.ZS,7.2
KEN,Kenya,2009,IT.NET.USER.ZS,6.1
KEN,Kenya,2008,IT.NET.USER.ZS,5.199999809
KEN,Kenya,2007,IT.NET.USER.ZS,4.400000095
KEN,Kenya,2006,IT.NET.USER.ZS,3.599999905
KEN,Kenya,2005,IT.NET.USER.ZS,3.101900101
KIR,Kiribati,2024,IT.NET.USER.ZS,89.44029999
KIR,Kiribati,2023,IT.NET.USER.ZS,88.0
KIR,Kiribati,2022,IT.NET.USER.ZS,84.99849701
KIR,Kiribati,2021,IT.NET.USER.ZS,67.08760071
KIR,Kiribati,2020,IT.NET.USER.ZS,52.95090103
KIR,Kiribati,2019,IT.NET.USER.ZS,41.79299927
KIR,Kiribati,2018,IT.NET.USER.ZS,32.9864006
KIR,Kiribati,2017,IT.NET.USER.ZS,25.30960083
KIR,Kiribati,2016,IT.NET.USER.ZS,19.41939926
KIR,Kiribati,2015,IT.NET.USER.ZS,14.89999962
KIR,Kiribati,2014,IT.NET.USER.ZS,12.25
KIR,Kiribati,2013,IT.NET.USER.ZS,11.5
KIR,Kiribati,2012,IT.NET.USER.ZS,10.74680042
KIR,Kiribati,2011,IT.NET.USER.ZS,10.0
KIR,Kiribati,2010,IT.NET.USER.ZS,9.07
KIR,Kiribati,2009,IT.NET.USER.ZS,8.97
KIR,Kiribati,2008,IT.NET.USER.ZS,7.0
KIR,Kiribati,2007,IT.NET.USER.ZS,6.0
KIR,Kiribati,2006,IT.NET.USER.ZS,4.5
KIR,Kiribati,2005,IT.NET.USER.ZS,4.0
KOR,"Korea, Rep.",2024,IT.NET.USER.ZS,97.89563777
KOR,"Korea, Rep.",2023,IT.NET.USER.ZS,97.41597478
KOR,"Korea, Rep.",2022,IT.NET.USER.ZS,97.16855335
KOR,"Korea, Rep.",2021,IT.NET.USER.ZS,97.57132698
KOR,"Korea, Rep.",2020,IT.NET.USER.ZS,96.50506052
KOR,"Korea, Rep.",2019,IT.NET.USER.ZS,96.157579184239
KOR,"Korea, Rep.",2018,IT.NET.USER.ZS,96.0228595797887
KOR,"Korea, Rep.",2017,IT.NET.USER.ZS,95.0694218761004
KOR,"Korea, Rep.",2016,IT.NET.USER.ZS,92.8430256796075
KOR,"Korea, Rep.",2015,IT.NET.USER.ZS,89.8962557995106
KOR,"Korea, Rep.",2014,IT.NET.USER.ZS,87.5568264944747
KOR,"Korea, Rep.",2013,IT.NET.USER.ZS,84.77
KOR,"Korea, Rep.",2012,IT.NET.USER.ZS,84.07
KOR,"Korea, Rep.",2011,IT.NET.USER.ZS,83.7591201534472
KOR,"Korea, Rep.",2010,IT.NET.USER.ZS,83.7
KOR,"Korea, Rep.",2009,IT.NET.USER.ZS,81.6
KOR,"Korea, Rep.",2008,IT.NET.USER.ZS,81.0
KOR,"Korea, Rep.",2007,IT.NET.USER.ZS,78.8
KOR,"Korea, Rep.",2006,IT.NET.USER.ZS,78.1
KOR,"Korea, Rep.",2005,IT.NET.USER.ZS,73.5
XKX,Kosovo,2018,IT.NET.USER.ZS,89.4430319734879
XKX,Kosovo,2017,IT.NET.USER.ZS,83.8935968102791
KWT,Kuwait,2025,IT.NET.USER.ZS,100.0
KWT,Kuwait,2024,IT.NET.USER.ZS,99.74729919
KWT,Kuwait,2023,IT.NET.USER.ZS,99.74731125
KWT,Kuwait,2022,IT.NET.USER.ZS,99.74729919
KWT,Kuwait,2021,IT.NET.USER.ZS,99.7
KWT,Kuwait,2020,IT.NET.USER.ZS,99.10587017
KWT,Kuwait,2019,IT.NET.USER.ZS,99.5426764518489
KWT,Kuwait,2018,IT.NET.USER.ZS,99.5988495907557
KWT,Kuwait,2017,IT.NET.USER.ZS,97.9999893344615
KWT,Kuwait,2016,IT.NET.USER.ZS,85.59999847
KWT,Kuwait,2015,IT.NET.USER.ZS,82.0
KWT,Kuwait,2014,IT.NET.USER.ZS,78.69999695
KWT,Kuwait,2013,IT.NET.USER.ZS,75.45999908
KWT,Kuwait,2012,IT.NET.USER.ZS,70.44999695
KWT,Kuwait,2011,IT.NET.USER.ZS,65.7690706867398
KWT,Kuwait,2010,IT.NET.USER.ZS,61.40000153
KWT,Kuwait,2009,IT.NET.USER.ZS,50.79999924
KWT,Kuwait,2008,IT.NET.USER.ZS,42.0
KWT,Kuwait,2007,IT.NET.USER.ZS,34.79999924
KWT,Kuwait,2006,IT.NET.USER.ZS,28.79120064
KWT,Kuwait,2005,IT.NET.USER.ZS,25.92609978
KGZ,Kyrgyz Republic,2024,IT.NET.USER.ZS,92.0286026
KGZ,Kyrgyz Republic,2023,IT.NET.USER.ZS,91.04440308
KGZ,Kyrgyz Republic,2022,IT.NET.USER.ZS,84.1937027
KGZ,Kyrgyz Republic,2021,IT.NET.USER.ZS,77.11769867
KGZ,Kyrgyz Republic,2020,IT.NET.USER.ZS,72.0
KGZ,Kyrgyz Republic,2019,IT.NET.USER.ZS,64.1
KGZ,Kyrgyz Republic,2018,IT.NET.USER.ZS,62.8
KGZ,Kyrgyz Republic,2017,IT.NET.USER.ZS,50.80530167
KGZ,Kyrgyz Republic,2016,IT.NET.USER.ZS,40.52619934
KGZ,Kyrgyz Republic,2015,IT.NET.USER.ZS,30.24699974
KGZ,Kyrgyz Republic,2014,IT.NET.USER.ZS,28.29999924
KGZ,Kyrgyz Republic,2013,IT.NET.USER.ZS,23.0
KGZ,Kyrgyz Republic,2012,IT.NET.USER.ZS,19.79999924
KGZ,Kyrgyz Republic,2011,IT.NET.USER.ZS,17.5
KGZ,Kyrgyz Republic,2010,IT.NET.USER.ZS,16.29999924
KGZ,Kyrgyz Republic,2009,IT.NET.USER.ZS,16.0
KGZ,Kyrgyz Republic,2008,IT.NET.USER.ZS,15.69999981
KGZ,Kyrgyz Republic,2007,IT.NET.USER.ZS,14.03
KGZ,Kyrgyz Republic,2006,IT.NET.USER.ZS,12.30690002
KGZ,Kyrgyz Republic,2005,IT.NET.USER.ZS,10.53380013
LAO,Lao PDR,2024,IT.NET.USER.ZS,65.59269714
LAO,Lao PDR,2023,IT.NET.USER.ZS,64.39800262
LAO,Lao PDR,2022,IT.NET.USER.ZS,64.54000092
LAO,Lao PDR,2021,IT.NET.USER.ZS,62.0
LAO,Lao PDR,2020,IT.NET.USER.ZS,54.0
LAO,Lao PDR,2019,IT.NET.USER.ZS,47.03229904
LAO,Lao PDR,2018,IT.NET.USER.ZS,36.27130127
LAO,Lao PDR,2017,IT.NET.USER.ZS,25.51040077
LAO,Lao PDR,2016,IT.NET.USER.ZS,21.87000084
LAO,Lao PDR,2015,IT.NET.USER.ZS,18.20000076
LAO,Lao PDR,2014,IT.NET.USER.ZS,14.26000023
LAO,Lao PDR,2013,IT.NET.USER.ZS,12.5
LAO,Lao PDR,2012,IT.NET.USER.ZS,10.74769974
LAO,Lao PDR,2011,IT.NET.USER.ZS,9.0
LAO,Lao PDR,2010,IT.NET.USER.ZS,7.0
LAO,Lao PDR,2009,IT.NET.USER.ZS,6.0
LAO,Lao PDR,2008,IT.NET.USER.ZS,3.55
LAO,Lao PDR,2007,IT.NET.USER.ZS,1.64
LAO,Lao PDR,2006,IT.NET.USER.ZS,1.16989994
LAO,Lao PDR,2005,IT.NET.USER.ZS,0.850399971
LVA,Latvia,2024,IT.NET.USER.ZS,92.70757011
LVA,Latvia,2023,IT.NET.USER.ZS,92.18791291
LVA,Latvia,2022,IT.NET.USER.ZS,91.03009059
LVA,Latvia,2021,IT.NET.USER.ZS,91.17964988
LVA,Latvia,2020,IT.NET.USER.ZS,88.89796078
LVA,Latvia,2019,IT.NET.USER.ZS,86.13545644343
LVA,Latvia,2018,IT.NET.USER.ZS,83.5771748630956
LVA,Latvia,2017,IT.NET.USER.ZS,80.1140770037369
LVA,Latvia,2016,IT.NET.USER.ZS,79.8420977843089
LVA,Latvia,2015,IT.NET.USER.ZS,79.2005829239344
LVA,Latvia,2014,IT.NET.USER.ZS,75.8261041383556
LVA,Latvia,2013,IT.NET.USER.ZS,75.2344
LVA,Latvia,2012,IT.NET.USER.ZS,73.1199437663748
LVA,Latvia,2011,IT.NET.USER.ZS,69.7499545592245
LVA,Latvia,2010,IT.NET.USER.ZS,68.42
LVA,Latvia,2009,IT.NET.USER.ZS,66.84
LVA,Latvia,2008,IT.NET.USER.ZS,63.41
LVA,Latvia,2007,IT.NET.USER.ZS,59.17
LVA,Latvia,2006,IT.NET.USER.ZS,53.63
LVA,Latvia,2005,IT.NET.USER.ZS,46.0
LBN,Lebanon,2024,IT.NET.USER.ZS,80.63400269
LBN,Lebanon,2023,IT.NET.USER.ZS,81.7059021
LBN,Lebanon,2022,IT.NET.USER.ZS,81.46479797
LBN,Lebanon,2021,IT.NET.USER.ZS,82.65599823
LBN,Lebanon,2020,IT.NET.USER.ZS,82.0664978
LBN,Lebanon,2019,IT.NET.USER.ZS,81.48120117
LBN,Lebanon,2018,IT.NET.USER.ZS,80.90000153
LBN,Lebanon,2017,IT.NET.USER.ZS,78.18080139
LBN,Lebanon,2016,IT.NET.USER.ZS,76.11000061
LBN,Lebanon,2015,IT.NET.USER.ZS,74.0
LBN,Lebanon,2014,IT.NET.USER.ZS,73.0
LBN,Lebanon,2013,IT.NET.USER.ZS,70.5
LBN,Lebanon,2012,IT.NET.USER.ZS,61.24980164
LBN,Lebanon,2011,IT.NET.USER.ZS,52.0
LBN,Lebanon,2010,IT.NET.USER.ZS,43.68000031
LBN,Lebanon,2009,IT.NET.USER.ZS,30.13999939
LBN,Lebanon,2008,IT.NET.USER.ZS,22.53
LBN,Lebanon,2007,IT.NET.USER.ZS,18.74
LBN,Lebanon,2006,IT.NET.USER.ZS,15.0
LBN,Lebanon,2005,IT.NET.USER.ZS,10.14000034
LSO,Lesotho,2024,IT.NET.USER.ZS,51.79660034
LSO,Lesotho,2023,IT.NET.USER.ZS,48.98590088
LSO,Lesotho,2022,IT.NET.USER.ZS,48.06959915
LSO,Lesotho,2021,IT.NET.USER.ZS,45.05670166
LSO,Lesotho,2020,IT.NET.USER.ZS,43.65750122
LSO,Lesotho,2019,IT.NET.USER.ZS,42.301733569273
LSO,Lesotho,2018,IT.NET.USER.ZS,40.79999924
LSO,Lesotho,2017,IT.NET.USER.ZS,39.0
LSO,Lesotho,2016,IT.NET.USER.ZS,32.4538569477365
LSO,Lesotho,2015,IT.NET.USER.ZS,25.0
LSO,Lesotho,2014,IT.NET.USER.ZS,22.0
LSO,Lesotho,2013,IT.NET.USER.ZS,15.0
LSO,Lesotho,2012,IT.NET.USER.ZS,10.0
LSO,Lesotho,2011,IT.NET.USER.ZS,7.0
LSO,Lesotho,2010,IT.NET.USER.ZS,3.859999895
LSO,Lesotho,2009,IT.NET.USER.ZS,3.72
LSO,Lesotho,2008,IT.NET.USER.ZS,3.58
LSO,Lesotho,2007,IT.NET.USER.ZS,3.44543125970873
LSO,Lesotho,2006,IT.NET.USER.ZS,2.97970818724486
LSO,Lesotho,2005,IT.NET.USER.ZS,2.580199957
LBR,Liberia,2024,IT.NET.USER.ZS,32.23360062
LBR,Liberia,2023,IT.NET.USER.ZS,31.22410011
LBR,Liberia,2022,IT.NET.USER.ZS,30.38010025
LBR,Liberia,2021,IT.NET.USER.ZS,26.38229942
LBR,Liberia,2020,IT.NET.USER.ZS,22.91069984
LBR,Liberia,2019,IT.NET.USER.ZS,19.89579964
LBR,Liberia,2018,IT.NET.USER.ZS,17.27770042
LBR,Liberia,2017,IT.NET.USER.ZS,16.29999924
LBR,Liberia,2016,IT.NET.USER.ZS,15.69999981
LBR,Liberia,2015,IT.NET.USER.ZS,10.0
LBR,Liberia,2014,IT.NET.USER.ZS,5.409999847
LBR,Liberia,2013,IT.NET.USER.ZS,3.200000048
LBR,Liberia,2012,IT.NET.USER.ZS,2.599999905
LBR,Liberia,2011,IT.NET.USER.ZS,2.5
LBR,Liberia,2010,IT.NET.USER.ZS,2.3
LBR,Liberia,2009,IT.NET.USER.ZS,2.0
LBR,Liberia,2008,IT.NET.USER.ZS,0.529999971
LBR,Liberia,2007,IT.NET.USER.ZS,0.551400006
LBR,Liberia,2006,IT.NET.USER.ZS,0.529999971
LBR,Liberia,2005,IT.NET.USER.ZS,0.551400006
LBY,Libya,2024,IT.NET.USER.ZS,81.95449829
LBY,Libya,2023,IT.NET.USER.ZS,82.10469818
LBY,Libya,2022,IT.NET.USER.ZS,80.64720154
LBY,Libya,2021,IT.NET.USER.ZS,77.438797
LBY,Libya,2020,IT.NET.USER.ZS,74.35810089
LBY,Libya,2019,IT.NET.USER.ZS,71.40409851
LBY,Libya,2018,IT.NET.USER.ZS,47.5
LBY,Libya,2017,IT.NET.USER.ZS,47.5
LBY,Libya,2016,IT.NET.USER.ZS,35.0
LBY,Libya,2015,IT.NET.USER.ZS,25.0
LBY,Libya,2014,IT.NET.USER.ZS,17.76000023
LBY,Libya,2013,IT.NET.USER.ZS,16.5
LBY,Libya,2012,IT.NET.USER.ZS,15.19999981
LBY,Libya,2011,IT.NET.USER.ZS,14.0
LBY,Libya,2010,IT.NET.USER.ZS,14.0
LBY,Libya,2009,IT.NET.USER.ZS,10.80000019
LBY,Libya,2008,IT.NET.USER.ZS,9.0
LBY,Libya,2007,IT.NET.USER.ZS,4.72199937850513
LBY,Libya,2006,IT.NET.USER.ZS,4.301099777
LBY,Libya,2005,IT.NET.USER.ZS,3.91779995
LIE,Liechtenstein,2024,IT.NET.USER.ZS,98.2641983
LIE,Liechtenstein,2023,IT.NET.USER.ZS,98.13230133
LIE,Liechtenstein,2022,IT.NET.USER.ZS,97.88069916
LIE,Liechtenstein,2021,IT.NET.USER.ZS,95.56939697
LIE,Liechtenstein,2020,IT.NET.USER.ZS,94.34999847
LIE,Liechtenstein,2019,IT.NET.USER.ZS,93.14610291
LIE,Liechtenstein,2017,IT.NET.USER.ZS,99.54660034
LIE,Liechtenstein,2016,IT.NET.USER.ZS,98.09390259
LIE,Liechtenstein,2015,IT.NET.USER.ZS,96.6411972
LIE,Liechtenstein,2014,IT.NET.USER.ZS,95.20999908
LIE,Liechtenstein,2013,IT.NET.USER.ZS,93.80000305
LIE,Liechtenstein,2012,IT.NET.USER.ZS,89.40769958
LIE,Liechtenstein,2011,IT.NET.USER.ZS,85.0
LIE,Liechtenstein,2010,IT.NET.USER.ZS,80.0
LIE,Liechtenstein,2009,IT.NET.USER.ZS,75.0
LIE,Liechtenstein,2008,IT.NET.USER.ZS,70.0
LIE,Liechtenstein,2007,IT.NET.USER.ZS,65.0802002
LIE,Liechtenstein,2006,IT.NET.USER.ZS,64.21420288
LIE,Liechtenstein,2005,IT.NET.USER.ZS,63.37139893
LTU,Lithuania,2024,IT.NET.USER.ZS,89.16116293
LTU,Lithuania,2023,IT.NET.USER.ZS,88.50287484
LTU,Lithuania,2022,IT.NET.USER.ZS,87.72420219
LTU,Lithuania,2021,IT.NET.USER.ZS,86.93054425
LTU,Lithuania,2020,IT.NET.USER.ZS,83.05554724
LTU,Lithuania,2019,IT.NET.USER.ZS,81.5818683764046
LTU,Lithuania,2018,IT.NET.USER.ZS,79.7225827680518
LTU,Lithuania,2017,IT.NET.USER.ZS,77.6152565124514
LTU,Lithuania,2016,IT.NET.USER.ZS,74.3766455618662
LTU,Lithuania,2015,IT.NET.USER.ZS,71.3780590101754
LTU,Lithuania,2014,IT.NET.USER.ZS,72.1335378644566
LTU,Lithuania,2013,IT.NET.USER.ZS,68.4529
LTU,Lithuania,2012,IT.NET.USER.ZS,67.2299893276414
LTU,Lithuania,2011,IT.NET.USER.ZS,63.6399774002179
LTU,Lithuania,2010,IT.NET.USER.ZS,62.12
LTU,Lithuania,2009,IT.NET.USER.ZS,59.76
LTU,Lithuania,2008,IT.NET.USER.ZS,55.22
LTU,Lithuania,2007,IT.NET.USER.ZS,49.9
LTU,Lithuania,2006,IT.NET.USER.ZS,43.9
LTU,Lithuania,2005,IT.NET.USER.ZS,36.22
LUX,Luxembourg,2025,IT.NET.USER.ZS,99.12902211
LUX,Luxembourg,2024,IT.NET.USER.ZS,98.7606147
LUX,Luxembourg,2023,IT.NET.USER.ZS,99.34785707
LUX,Luxembourg,2022,IT.NET.USER.ZS,98.24203749
LUX,Luxembourg,2021,IT.NET.USER.ZS,98.66086333
LUX,Luxembourg,2020,IT.NET.USER.ZS,98.45962893
LUX,Luxembourg,2019,IT.NET.USER.ZS,97.120635693272
LUX,Luxembourg,2018,IT.NET.USER.ZS,97.061298705829
LUX,Luxembourg,2017,IT.NET.USER.ZS,97.3629603241751
LUX,Luxembourg,2016,IT.NET.USER.ZS,98.1366986657616
LUX,Luxembourg,2015,IT.NET.USER.ZS,96.3767141704759
LUX,Luxembourg,2014,IT.NET.USER.ZS,94.6702052774766
LUX,Luxembourg,2013,IT.NET.USER.ZS,93.7765
LUX,Luxembourg,2012,IT.NET.USER.ZS,91.9499237417387
LUX,Luxembourg,2011,IT.NET.USER.ZS,90.0298585646936
LUX,Luxembourg,2010,IT.NET.USER.ZS,90.62
LUX,Luxembourg,2009,IT.NET.USER.ZS,87.31
LUX,Luxembourg,2008,IT.NET.USER.ZS,82.23
LUX,Luxembourg,2007,IT.NET.USER.ZS,78.92
LUX,Luxembourg,2006,IT.NET.USER.ZS,72.51
LUX,Luxembourg,2005,IT.NET.USER.ZS,70.0
MAC,"Macao SAR, China",2024,IT.NET.USER.ZS,89.82640076
MAC,"Macao SAR, China",2023,IT.NET.USER.ZS,89.82640076
MAC,"Macao SAR, China",2022,IT.NET.USER.ZS,89.48549652
MAC,"Macao SAR, China",2021,IT.NET.USER.ZS,88.46810492
MAC,"Macao SAR, China",2020,IT.NET.USER.ZS,87.46230316
MAC,"Macao SAR, China",2019,IT.NET.USER.ZS,86.4679257062588
MAC,"Macao SAR, China",2018,IT.NET.USER.ZS,83.7940896091516
MAC,"Macao SAR, China",2017,IT.NET.USER.ZS,83.1740890688259
MAC,"Macao SAR, China",2016,IT.NET.USER.ZS,81.6429854646415
MAC,"Macao SAR, China",2015,IT.NET.USER.ZS,77.6001318608868
MAC,"Macao SAR, China",2014,IT.NET.USER.ZS,69.7809492200465
MAC,"Macao SAR, China",2013,IT.NET.USER.ZS,65.8
MAC,"Macao SAR, China",2012,IT.NET.USER.ZS,61.31
MAC,"Macao SAR, China",2011,IT.NET.USER.ZS,60.2036967182195
MAC,"Macao SAR, China",2010,IT.NET.USER.ZS,55.198
MAC,"Macao SAR, China",2009,IT.NET.USER.ZS,54.0
MAC,"Macao SAR, China",2008,IT.NET.USER.ZS,49.24
MAC,"Macao SAR, China",2007,IT.NET.USER.ZS,47.32699966
MAC,"Macao SAR, China",2006,IT.NET.USER.ZS,46.4
MAC,"Macao SAR, China",2005,IT.NET.USER.ZS,34.86289978
MDG,Madagascar,2024,IT.NET.USER.ZS,18.67790031
MDG,Madagascar,2023,IT.NET.USER.ZS,18.24080086
MDG,Madagascar,2022,IT.NET.USER.ZS,17.81170082
MDG,Madagascar,2021,IT.NET.USER.ZS,13.74590015
MDG,Madagascar,2020,IT.NET.USER.ZS,11.35470009
MDG,Madagascar,2019,IT.NET.USER.ZS,9.379400253
MDG,Madagascar,2018,IT.NET.USER.ZS,7.747799873
MDG,Madagascar,2017,IT.NET.USER.ZS,6.406000137
MDG,Madagascar,2016,IT.NET.USER.ZS,4.713699818
MDG,Madagascar,2015,IT.NET.USER.ZS,4.173999786
MDG,Madagascar,2014,IT.NET.USER.ZS,3.700000048
MDG,Madagascar,2013,IT.NET.USER.ZS,3.0
MDG,Madagascar,2012,IT.NET.USER.ZS,2.299999952
MDG,Madagascar,2011,IT.NET.USER.ZS,1.899999976
MDG,Madagascar,2010,IT.NET.USER.ZS,1.700000048
MDG,Madagascar,2009,IT.NET.USER.ZS,1.629999995
MDG,Madagascar,2008,IT.NET.USER.ZS,1.649999976
MDG,Madagascar,2007,IT.NET.USER.ZS,0.649999976
MDG,Madagascar,2006,IT.NET.USER.ZS,0.607599974
MDG,Madagascar,2005,IT.NET.USER.ZS,0.567700028
MWI,Malawi,2024,IT.NET.USER.ZS,18.96159935
MWI,Malawi,2023,IT.NET.USER.ZS,17.98810346
MWI,Malawi,2022,IT.NET.USER.ZS,16.84830093
MWI,Malawi,2021,IT.NET.USER.ZS,15.30300045
MWI,Malawi,2020,IT.NET.USER.ZS,13.89949989
MWI,Malawi,2019,IT.NET.USER.ZS,11.05860043
MWI,Malawi,2018,IT.NET.USER.ZS,8.798299789
MWI,Malawi,2017,IT.NET.USER.ZS,7.0
MWI,Malawi,2016,IT.NET.USER.ZS,6.300000191
MWI,Malawi,2015,IT.NET.USER.ZS,6.0
MWI,Malawi,2014,IT.NET.USER.ZS,5.829999924
MWI,Malawi,2013,IT.NET.USER.ZS,5.050000191
MWI,Malawi,2012,IT.NET.USER.ZS,4.350599766
MWI,Malawi,2011,IT.NET.USER.ZS,3.33
MWI,Malawi,2010,IT.NET.USER.ZS,2.26
MWI,Malawi,2009,IT.NET.USER.ZS,1.07
MWI,Malawi,2008,IT.NET.USER.ZS,0.7
MWI,Malawi,2007,IT.NET.USER.ZS,0.965864736553132
MWI,Malawi,2006,IT.NET.USER.ZS,0.425099999
MWI,Malawi,2005,IT.NET.USER.ZS,0.384499997
MYS,Malaysia,2024,IT.NET.USER.ZS,98.0206059
MYS,Malaysia,2023,IT.NET.USER.ZS,97.69272633
MYS,Malaysia,2022,IT.NET.USER.ZS,97.3986404
MYS,Malaysia,2021,IT.NET.USER.ZS,96.7514278
MYS,Malaysia,2020,IT.NET.USER.ZS,89.55501192
MYS,Malaysia,2019,IT.NET.USER.ZS,84.1871450078281
MYS,Malaysia,2018,IT.NET.USER.ZS,81.2010486181174
MYS,Malaysia,2017,IT.NET.USER.ZS,80.1404790103961
MYS,Malaysia,2016,IT.NET.USER.ZS,78.7883099275229
MYS,Malaysia,2015,IT.NET.USER.ZS,71.0640678111957
MYS,Malaysia,2014,IT.NET.USER.ZS,63.6654258813225
MYS,Malaysia,2013,IT.NET.USER.ZS,57.05751226
MYS,Malaysia,2012,IT.NET.USER.ZS,65.8
MYS,Malaysia,2011,IT.NET.USER.ZS,61.0
MYS,Malaysia,2010,IT.NET.USER.ZS,56.3
MYS,Malaysia,2009,IT.NET.USER.ZS,55.9
MYS,Malaysia,2008,IT.NET.USER.ZS,55.8
MYS,Malaysia,2007,IT.NET.USER.ZS,55.7
MYS,Malaysia,2006,IT.NET.USER.ZS,51.6379889864403
MYS,Malaysia,2005,IT.NET.USER.ZS,48.6291702459839
MDV,Maldives,2024,IT.NET.USER.ZS,85.23999786
MDV,Maldives,2023,IT.NET.USER.ZS,84.55290222
MDV,Maldives,2022,IT.NET.USER.ZS,83.91189054
MDV,Maldives,2021,IT.NET.USER.ZS,81.95760345
MDV,Maldives,2020,IT.NET.USER.ZS,79.09780121
MDV,Maldives,2019,IT.NET.USER.ZS,77.46970367
MDV,Maldives,2018,IT.NET.USER.ZS,70.93689728
MDV,Maldives,2017,IT.NET.USER.ZS,64.95500183
MDV,Maldives,2016,IT.NET.USER.ZS,59.47750092
MDV,Maldives,2015,IT.NET.USER.ZS,54.4620018
MDV,Maldives,2014,IT.NET.USER.ZS,49.27999878
MDV,Maldives,2013,IT.NET.USER.ZS,44.09999847
MDV,Maldives,2012,IT.NET.USER.ZS,38.93009949
MDV,Maldives,2011,IT.NET.USER.ZS,34.0
MDV,Maldives,2010,IT.NET.USER.ZS,26.53
MDV,Maldives,2009,IT.NET.USER.ZS,24.8
MDV,Maldives,2008,IT.NET.USER.ZS,23.2
MDV,Maldives,2007,IT.NET.USER.ZS,16.3
MDV,Maldives,2006,IT.NET.USER.ZS,11.0363527828647
MDV,Maldives,2005,IT.NET.USER.ZS,6.86960506696215
MLI,Mali,2024,IT.NET.USER.ZS,36.80149841
MLI,Mali,2023,IT.NET.USER.ZS,36.03879929
MLI,Mali,2022,IT.NET.USER.ZS,35.19919968
MLI,Mali,2021,IT.NET.USER.ZS,33.95650101
MLI,Mali,2020,IT.NET.USER.ZS,29.11300087
MLI,Mali,2019,IT.NET.USER.ZS,24.96030045
MLI,Mali,2018,IT.NET.USER.ZS,21.39999962
MLI,Mali,2017,IT.NET.USER.ZS,18.89999962
MLI,Mali,2016,IT.NET.USER.ZS,14.0
MLI,Mali,2015,IT.NET.USER.ZS,10.32999992
MLI,Mali,2014,IT.NET.USER.ZS,7.0
MLI,Mali,2013,IT.NET.USER.ZS,3.5
MLI,Mali,2012,IT.NET.USER.ZS,2.799999952
MLI,Mali,2011,IT.NET.USER.ZS,2.2
MLI,Mali,2010,IT.NET.USER.ZS,2.0
MLI,Mali,2009,IT.NET.USER.ZS,1.799999952
MLI,Mali,2008,IT.NET.USER.ZS,1.57
MLI,Mali,2007,IT.NET.USER.ZS,0.81
MLI,Mali,2006,IT.NET.USER.ZS,0.729600012
MLI,Mali,2005,IT.NET.USER.ZS,0.507099986
MLT,Malta,2024,IT.NET.USER.ZS,93.86029816
MLT,Malta,2023,IT.NET.USER.ZS,92.07266941
MLT,Malta,2022,IT.NET.USER.ZS,91.54062209
MLT,Malta,2021,IT.NET.USER.ZS,87.46977742
MLT,Malta,2020,IT.NET.USER.ZS,86.85876183
MLT,Malta,2019,IT.NET.USER.ZS,85.7785963798031
MLT,Malta,2018,IT.NET.USER.ZS,81.6580442928014
MLT,Malta,2017,IT.NET.USER.ZS,81.0119110762945
MLT,Malta,2016,IT.NET.USER.ZS,78.0751488032182
MLT,Malta,2015,IT.NET.USER.ZS,75.9600189752747
MLT,Malta,2014,IT.NET.USER.ZS,73.1141157845193
MLT,Malta,2013,IT.NET.USER.ZS,68.9138
MLT,Malta,2012,IT.NET.USER.ZS,68.1998742928975
MLT,Malta,2011,IT.NET.USER.ZS,68.0198237885462
MLT,Malta,2010,IT.NET.USER.ZS,63.0
MLT,Malta,2009,IT.NET.USER.ZS,58.86
MLT,Malta,2008,IT.NET.USER.ZS,50.08
MLT,Malta,2007,IT.NET.USER.ZS,46.9
MLT,Malta,2006,IT.NET.USER.ZS,40.41
MLT,Malta,2005,IT.NET.USER.ZS,41.24
MHL,Marshall Islands,2024,IT.NET.USER.ZS,65.915802
MHL,Marshall Islands,2023,IT.NET.USER.ZS,64.07589722
MHL,Marshall Islands,2022,IT.NET.USER.ZS,64.26719666
MHL,Marshall Islands,2021,IT.NET.USER.ZS,63.97259903
MHL,Marshall Islands,2020,IT.NET.USER.ZS,56.41910172
MHL,Marshall Islands,2019,IT.NET.USER.ZS,49.75749969
MHL,Marshall Islands,2018,IT.NET.USER.ZS,43.88249969
MHL,Marshall Islands,2017,IT.NET.USER.ZS,38.70119858
MHL,Marshall Islands,2016,IT.NET.USER.ZS,29.78779984
MHL,Marshall Islands,2015,IT.NET.USER.ZS,19.28240013
MHL,Marshall Islands,2014,IT.NET.USER.ZS,16.79999924
MHL,Marshall Islands,2013,IT.NET.USER.ZS,14.0
MHL,Marshall Islands,2012,IT.NET.USER.ZS,12.5
MHL,Marshall Islands,2011,IT.NET.USER.ZS,10.0
MHL,Marshall Islands,2010,IT.NET.USER.ZS,7.0
MHL,Marshall Islands,2009,IT.NET.USER.ZS,5.599999905
MHL,Marshall Islands,2008,IT.NET.USER.ZS,4.599999905
MHL,Marshall Islands,2007,IT.NET.USER.ZS,3.950000048
MHL,Marshall Islands,2006,IT.NET.USER.ZS,3.79559021427832
MHL,Marshall Islands,2005,IT.NET.USER.ZS,3.8787023977433
MRT,Mauritania,2024,IT.NET.USER.ZS,45.77939987
MRT,Mauritania,2023,IT.NET.USER.ZS,44.95629883
MRT,Mauritania,2022,IT.NET.USER.ZS,42.46450043
MRT,Mauritania,2021,IT.NET.USER.ZS,35.63660049
MRT,Mauritania,2020,IT.NET.USER.ZS,29.90649986
MRT,Mauritania,2019,IT.NET.USER.ZS,25.0977993
MRT,Mauritania,2018,IT.NET.USER.ZS,22.96699905
MRT,Mauritania,2017,IT.NET.USER.ZS,21.01720047
MRT,Mauritania,2016,IT.NET.USER.ZS,19.23279953
MRT,Mauritania,2015,IT.NET.USER.ZS,17.60000038
MRT,Mauritania,2014,IT.NET.USER.ZS,11.80000019
MRT,Mauritania,2013,IT.NET.USER.ZS,6.199999809
MRT,Mauritania,2012,IT.NET.USER.ZS,5.0
MRT,Mauritania,2011,IT.NET.USER.ZS,4.5
MRT,Mauritania,2010,IT.NET.USER.ZS,4.0
MRT,Mauritania,2009,IT.NET.USER.ZS,2.279999971
MRT,Mauritania,2008,IT.NET.USER.ZS,1.870000005
MRT,Mauritania,2007,IT.NET.USER.ZS,1.433599949
MRT,Mauritania,2006,IT.NET.USER.ZS,0.979700029
MRT,Mauritania,2005,IT.NET.USER.ZS,0.670000017
MUS,Mauritius,2024,IT.NET.USER.ZS,73.30793533
MUS,Mauritius,2023,IT.NET.USER.ZS,79.5
MUS,Mauritius,2022,IT.NET.USER.ZS,75.5
MUS,Mauritius,2021,IT.NET.USER.ZS,71.59999847
MUS,Mauritius,2020,IT.NET.USER.ZS,67.73290684
MUS,Mauritius,2019,IT.NET.USER.ZS,61.7299551453346
MUS,Mauritius,2018,IT.NET.USER.ZS,58.596169704299
MUS,Mauritius,2017,IT.NET.USER.ZS,55.4032403002657
MUS,Mauritius,2016,IT.NET.USER.ZS,52.19129944
MUS,Mauritius,2015,IT.NET.USER.ZS,50.1393184766711
MUS,Mauritius,2014,IT.NET.USER.ZS,44.8032753683379
MUS,Mauritius,2013,IT.NET.USER.ZS,40.116825135
MUS,Mauritius,2012,IT.NET.USER.ZS,35.42
MUS,Mauritius,2011,IT.NET.USER.ZS,34.95000076
MUS,Mauritius,2010,IT.NET.USER.ZS,28.33
MUS,Mauritius,2009,IT.NET.USER.ZS,22.51
MUS,Mauritius,2008,IT.NET.USER.ZS,21.81
MUS,Mauritius,2007,IT.NET.USER.ZS,20.22
MUS,Mauritius,2006,IT.NET.USER.ZS,16.7
MUS,Mauritius,2005,IT.NET.USER.ZS,15.1722002
MEX,Mexico,2024,IT.NET.USER.ZS,83.12233799
MEX,Mexico,2023,IT.NET.USER.ZS,81.18318755
MEX,Mexico,2022,IT.NET.USER.ZS,78.63217894
MEX,Mexico,2021,IT.NET.USER.ZS,75.62650476
MEX,Mexico,2020,IT.NET.USER.ZS,71.49017499
MEX,Mexico,2019,IT.NET.USER.ZS,69.6321092705209
MEX,Mexico,2018,IT.NET.USER.ZS,56.6595667981289
MEX,Mexico,2017,IT.NET.USER.ZS,53.0317886110982
MEX,Mexico,2016,IT.NET.USER.ZS,59.5404459967255
MEX,Mexico,2015,IT.NET.USER.ZS,57.4310429923633
MEX,Mexico,2014,IT.NET.USER.ZS,44.3856962723411
MEX,Mexico,2013,IT.NET.USER.ZS,43.46
MEX,Mexico,2012,IT.NET.USER.ZS,39.75
MEX,Mexico,2011,IT.NET.USER.ZS,37.1762954125184
MEX,Mexico,2010,IT.NET.USER.ZS,31.05
MEX,Mexico,2009,IT.NET.USER.ZS,26.34
MEX,Mexico,2008,IT.NET.USER.ZS,21.71
MEX,Mexico,2007,IT.NET.USER.ZS,20.81
MEX,Mexico,2006,IT.NET.USER.ZS,19.52000046
MEX,Mexico,2005,IT.NET.USER.ZS,17.20999908
FSM,"Micronesia, Fed. Sts.",2024,IT.NET.USER.ZS,39.52360153
FSM,"Micronesia, Fed. Sts.",2023,IT.NET.USER.ZS,39.39889908
FSM,"Micronesia, Fed. Sts.",2022,IT.NET.USER.ZS,39.0279007
FSM,"Micronesia, Fed. Sts.",2020,IT.NET.USER.ZS,39.38330078
FSM,"Micronesia, Fed. Sts.",2019,IT.NET.USER.ZS,37.97370148
FSM,"Micronesia, Fed. Sts.",2018,IT.NET.USER.ZS,36.61460114
FSM,"Micronesia, Fed. Sts.",2017,IT.NET.USER.ZS,35.30410004
FSM,"Micronesia, Fed. Sts.",2016,IT.NET.USER.ZS,33.35219955
FSM,"Micronesia, Fed. Sts.",2015,IT.NET.USER.ZS,31.50110054
FSM,"Micronesia, Fed. Sts.",2014,IT.NET.USER.ZS,29.64999962
FSM,"Micronesia, Fed. Sts.",2013,IT.NET.USER.ZS,27.79999924
FSM,"Micronesia, Fed. Sts.",2012,IT.NET.USER.ZS,25.97439957
FSM,"Micronesia, Fed. Sts.",2011,IT.NET.USER.ZS,22.79999924
FSM,"Micronesia, Fed. Sts.",2010,IT.NET.USER.ZS,20.0
FSM,"Micronesia, Fed. Sts.",2009,IT.NET.USER.ZS,15.35
FSM,"Micronesia, Fed. Sts.",2008,IT.NET.USER.ZS,14.49
FSM,"Micronesia, Fed. Sts.",2007,IT.NET.USER.ZS,13.62110043
FSM,"Micronesia, Fed. Sts.",2006,IT.NET.USER.ZS,12.75030041
FSM,"Micronesia, Fed. Sts.",2005,IT.NET.USER.ZS,11.88140011
MDA,Moldova,2024,IT.NET.USER.ZS,77.3687973
MDA,Moldova,2023,IT.NET.USER.ZS,76.50330353
MDA,Moldova,2022,IT.NET.USER.ZS,74.91899872
MDA,Moldova,2021,IT.NET.USER.ZS,74.91899872
MDA,Moldova,2020,IT.NET.USER.ZS,74.11830139
MDA,Moldova,2019,IT.NET.USER.ZS,73.32610321
MDA,Moldova,2018,IT.NET.USER.ZS,72.54239655
MDA,Moldova,2017,IT.NET.USER.ZS,71.76709747
MDA,Moldova,2016,IT.NET.USER.ZS,70.9999991066624
MDA,Moldova,2015,IT.NET.USER.ZS,69.0000044661932
MDA,Moldova,2014,IT.NET.USER.ZS,66.9999982002077
MDA,Moldova,2013,IT.NET.USER.ZS,37.43999863
MDA,Moldova,2012,IT.NET.USER.ZS,34.65000153
MDA,Moldova,2011,IT.NET.USER.ZS,32.06999969
MDA,Moldova,2010,IT.NET.USER.ZS,29.68000031
MDA,Moldova,2009,IT.NET.USER.ZS,27.5
MDA,Moldova,2008,IT.NET.USER.ZS,23.39
MDA,Moldova,2007,IT.NET.USER.ZS,20.45
MDA,Moldova,2006,IT.NET.USER.ZS,19.6206477051634
MDA,Moldova,2005,IT.NET.USER.ZS,14.6302704551796
MCO,Monaco,2024,IT.NET.USER.ZS,99.04489899
MCO,Monaco,2023,IT.NET.USER.ZS,98.87049866
MCO,Monaco,2022,IT.NET.USER.ZS,98.75189972
MCO,Monaco,2021,IT.NET.USER.ZS,99.07759857
MCO,Monaco,2020,IT.NET.USER.ZS,98.57080078
MCO,Monaco,2019,IT.NET.USER.ZS,98.0
MCO,Monaco,2017,IT.NET.USER.ZS,97.0530014
MCO,Monaco,2016,IT.NET.USER.ZS,95.20819855
MCO,Monaco,2015,IT.NET.USER.ZS,93.36329651
MCO,Monaco,2014,IT.NET.USER.ZS,92.40000153
MCO,Monaco,2013,IT.NET.USER.ZS,90.69999695
MCO,Monaco,2012,IT.NET.USER.ZS,87.0
MCO,Monaco,2011,IT.NET.USER.ZS,80.30000305
MCO,Monaco,2010,IT.NET.USER.ZS,75.0
MCO,Monaco,2009,IT.NET.USER.ZS,70.1
MCO,Monaco,2008,IT.NET.USER.ZS,67.25
MCO,Monaco,2007,IT.NET.USER.ZS,64.37770081
MCO,Monaco,2006,IT.NET.USER.ZS,61.47600174
MCO,Monaco,2005,IT.NET.USER.ZS,55.46480179
MNG,Mongolia,2024,IT.NET.USER.ZS,85.12349701
MNG,Mongolia,2023,IT.NET.USER.ZS,83.74320221
MNG,Mongolia,2022,IT.NET.USER.ZS,81.07720184
MNG,Mongolia,2021,IT.NET.USER.ZS,81.60682285
MNG,Mongolia,2020,IT.NET.USER.ZS,62.50002848
MNG,Mongolia,2019,IT.NET.USER.ZS,51.079994082603
MNG,Mongolia,2018,IT.NET.USER.ZS,47.1300018848989
MNG,Mongolia,2017,IT.NET.USER.ZS,23.71430016
MNG,Mongolia,2016,IT.NET.USER.ZS,22.2657705007562
MNG,Mongolia,2015,IT.NET.USER.ZS,22.5000041337688
MNG,Mongolia,2014,IT.NET.USER.ZS,19.9424474349209
MNG,Mongolia,2013,IT.NET.USER.ZS,17.699984237
MNG,Mongolia,2012,IT.NET.USER.ZS,16.4
MNG,Mongolia,2011,IT.NET.USER.ZS,12.4999911084745
MNG,Mongolia,2010,IT.NET.USER.ZS,10.2
MNG,Mongolia,2009,IT.NET.USER.ZS,10.0
MNG,Mongolia,2008,IT.NET.USER.ZS,9.800000191
MNG,Mongolia,2007,IT.NET.USER.ZS,9.0
MNG,Mongolia,2006,IT.NET.USER.ZS,9.0
MNG,Mongolia,2005,IT.NET.USER.ZS,9.0
MNE,Montenegro,2024,IT.NET.USER.ZS,88.88258428
MNE,Montenegro,2023,IT.NET.USER.ZS,88.5515976
MNE,Montenegro,2022,IT.NET.USER.ZS,88.22192026
MNE,Montenegro,2021,IT.NET.USER.ZS,82.21969752
MNE,Montenegro,2020,IT.NET.USER.ZS,77.60879306
MNE,Montenegro,2019,IT.NET.USER.ZS,73.4766657478691
MNE,Montenegro,2018,IT.NET.USER.ZS,71.5171004874886
MNE,Montenegro,2017,IT.NET.USER.ZS,71.2723325399382
MNE,Montenegro,2016,IT.NET.USER.ZS,69.8816468416779
MNE,Montenegro,2015,IT.NET.USER.ZS,68.1197860085679
MNE,Montenegro,2014,IT.NET.USER.ZS,63.8868840056697
MNE,Montenegro,2013,IT.NET.USER.ZS,60.31
MNE,Montenegro,2012,IT.NET.USER.ZS,56.8387825490631
MNE,Montenegro,2011,IT.NET.USER.ZS,35.6115412460109
MNE,Montenegro,2010,IT.NET.USER.ZS,37.5
MNE,Montenegro,2009,IT.NET.USER.ZS,35.09999847
MNE,Montenegro,2008,IT.NET.USER.ZS,32.90000153
MNE,Montenegro,2007,IT.NET.USER.ZS,30.79999924
MNE,Montenegro,2006,IT.NET.USER.ZS,28.89999962
MNE,Montenegro,2005,IT.NET.USER.ZS,27.10000038
MAR,Morocco,2024,IT.NET.USER.ZS,91.2
MAR,Morocco,2023,IT.NET.USER.ZS,91.0
MAR,Morocco,2022,IT.NET.USER.ZS,89.9
MAR,Morocco,2021,IT.NET.USER.ZS,88.13031937
MAR,Morocco,2020,IT.NET.USER.ZS,84.12036305
MAR,Morocco,2019,IT.NET.USER.ZS,84.1203630467602
MAR,Morocco,2018,IT.NET.USER.ZS,64.8038651924043
MAR,Morocco,2017,IT.NET.USER.ZS,61.7622120123071
MAR,Morocco,2016,IT.NET.USER.ZS,58.271236420398
MAR,Morocco,2015,IT.NET.USER.ZS,57.0799993486116
MAR,Morocco,2014,IT.NET.USER.ZS,56.7746379160074
MAR,Morocco,2013,IT.NET.USER.ZS,56.0
MAR,Morocco,2012,IT.NET.USER.ZS,55.4160531914894
MAR,Morocco,2011,IT.NET.USER.ZS,46.107482597
MAR,Morocco,2010,IT.NET.USER.ZS,52.0
MAR,Morocco,2009,IT.NET.USER.ZS,41.3
MAR,Morocco,2008,IT.NET.USER.ZS,33.1
MAR,Morocco,2007,IT.NET.USER.ZS,21.5
MAR,Morocco,2006,IT.NET.USER.ZS,19.7711915653115
MAR,Morocco,2005,IT.NET.USER.ZS,15.0844445240204
MOZ,Mozambique,2024,IT.NET.USER.ZS,20.52729988
MOZ,Mozambique,2023,IT.NET.USER.ZS,19.94560051
MOZ,Mozambique,2022,IT.NET.USER.ZS,18.96220016
MOZ,Mozambique,2021,IT.NET.USER.ZS,16.35759926
MOZ,Mozambique,2020,IT.NET.USER.ZS,14.28740025
MOZ,Mozambique,2019,IT.NET.USER.ZS,12.47929955
MOZ,Mozambique,2018,IT.NET.USER.ZS,10.89999962
MOZ,Mozambique,2017,IT.NET.USER.ZS,7.7963266079129
MOZ,Mozambique,2016,IT.NET.USER.ZS,7.0
MOZ,Mozambique,2015,IT.NET.USER.ZS,6.5
MOZ,Mozambique,2014,IT.NET.USER.ZS,6.0
MOZ,Mozambique,2013,IT.NET.USER.ZS,5.5
MOZ,Mozambique,2012,IT.NET.USER.ZS,5.0
MOZ,Mozambique,2011,IT.NET.USER.ZS,4.599999905
MOZ,Mozambique,2010,IT.NET.USER.ZS,4.17
MOZ,Mozambique,2009,IT.NET.USER.ZS,2.68
MOZ,Mozambique,2008,IT.NET.USER.ZS,1.56
MOZ,Mozambique,2007,IT.NET.USER.ZS,0.91
MOZ,Mozambique,2006,IT.NET.USER.ZS,0.842954488044236
MOZ,Mozambique,2005,IT.NET.USER.ZS,0.854399979
MMR,Myanmar,2020,IT.NET.USER.ZS,45.4477005
MMR,Myanmar,2019,IT.NET.USER.ZS,36.54050064
MMR,Myanmar,2018,IT.NET.USER.ZS,29.37899971
MMR,Myanmar,2017,IT.NET.USER.ZS,23.621081950267
MMR,Myanmar,2016,IT.NET.USER.ZS,16.0
MMR,Myanmar,2015,IT.NET.USER.ZS,10.89999962
MMR,Myanmar,2014,IT.NET.USER.ZS,7.400000095
MMR,Myanmar,2013,IT.NET.USER.ZS,1.799999952
MMR,Myanmar,2012,IT.NET.USER.ZS,1.399999976
MMR,Myanmar,2011,IT.NET.USER.ZS,0.98
MMR,Myanmar,2010,IT.NET.USER.ZS,0.25
MMR,Myanmar,2009,IT.NET.USER.ZS,0.219999999
MMR,Myanmar,2008,IT.NET.USER.ZS,0.22
MMR,Myanmar,2007,IT.NET.USER.ZS,0.217128445069958
MMR,Myanmar,2006,IT.NET.USER.ZS,0.18204833106115
MMR,Myanmar,2005,IT.NET.USER.ZS,0.065200001
NAM,Namibia,2024,IT.NET.USER.ZS,64.87460327
NAM,Namibia,2023,IT.NET.USER.ZS,63.69549942
NAM,Namibia,2022,IT.NET.USER.ZS,62.99720001
NAM,Namibia,2021,IT.NET.USER.ZS,60.25999832
NAM,Namibia,2020,IT.NET.USER.ZS,57.8608017
NAM,Namibia,2019,IT.NET.USER.ZS,49.77590179
NAM,Namibia,2018,IT.NET.USER.ZS,42.8207016
NAM,Namibia,2017,IT.NET.USER.ZS,36.83739853
NAM,Namibia,2016,IT.NET.USER.ZS,31.0333004
NAM,Namibia,2015,IT.NET.USER.ZS,25.68790054
NAM,Namibia,2014,IT.NET.USER.ZS,14.84000015
NAM,Namibia,2013,IT.NET.USER.ZS,13.89999962
NAM,Namibia,2012,IT.NET.USER.ZS,12.94139957
NAM,Namibia,2011,IT.NET.USER.ZS,12.0
NAM,Namibia,2010,IT.NET.USER.ZS,11.6
NAM,Namibia,2009,IT.NET.USER.ZS,6.5
NAM,Namibia,2008,IT.NET.USER.ZS,5.32900377208954
NAM,Namibia,2007,IT.NET.USER.ZS,4.83561077833704
NAM,Namibia,2006,IT.NET.USER.ZS,4.39887064732726
NAM,Namibia,2005,IT.NET.USER.ZS,4.010000229
NRU,Naoero,2024,IT.NET.USER.ZS,83.01170349
NRU,Naoero,2023,IT.NET.USER.ZS,83.03970337
NRU,Naoero,2022,IT.NET.USER.ZS,83.22660065
NRU,Naoero,2021,IT.NET.USER.ZS,80.29499817
NRU,Naoero,2020,IT.NET.USER.ZS,77.46659851
NRU,Naoero,2019,IT.NET.USER.ZS,74.73789978
NRU,Naoero,2017,IT.NET.USER.ZS,62.38510132
NRU,Naoero,2011,IT.NET.USER.ZS,54.0
NPL,Nepal,2024,IT.NET.USER.ZS,46.32189941
NPL,Nepal,2023,IT.NET.USER.ZS,45.80680084
NPL,Nepal,2022,IT.NET.USER.ZS,45.45080185
NPL,Nepal,2021,IT.NET.USER.ZS,40.98910141
NPL,Nepal,2020,IT.NET.USER.ZS,36.96530151
NPL,Nepal,2019,IT.NET.USER.ZS,33.33660126
NPL,Nepal,2018,IT.NET.USER.ZS,28.60000038
NPL,Nepal,2017,IT.NET.USER.ZS,24.3
NPL,Nepal,2016,IT.NET.USER.ZS,20.70000076
NPL,Nepal,2015,IT.NET.USER.ZS,17.58160019
NPL,Nepal,2014,IT.NET.USER.ZS,15.43999958
NPL,Nepal,2013,IT.NET.USER.ZS,13.30000019
NPL,Nepal,2012,IT.NET.USER.ZS,11.14929962
NPL,Nepal,2011,IT.NET.USER.ZS,9.0
NPL,Nepal,2010,IT.NET.USER.ZS,7.93
NPL,Nepal,2009,IT.NET.USER.ZS,1.97
NPL,Nepal,2008,IT.NET.USER.ZS,1.73
NPL,Nepal,2007,IT.NET.USER.ZS,1.41
NPL,Nepal,2006,IT.NET.USER.ZS,1.14138916388191
NPL,Nepal,2005,IT.NET.USER.ZS,0.82655126590551
NLD,Netherlands,2024,IT.NET.USER.ZS,97.00679779
NLD,Netherlands,2023,IT.NET.USER.ZS,97.00680272
NLD,Netherlands,2022,IT.NET.USER.ZS,92.51968504
NLD,Netherlands,2021,IT.NET.USER.ZS,92.05298013
NLD,Netherlands,2020,IT.NET.USER.ZS,91.33333333
NLD,Netherlands,2019,IT.NET.USER.ZS,93.2885906040269
NLD,Netherlands,2018,IT.NET.USER.ZS,91.8918918918919
NLD,Netherlands,2017,IT.NET.USER.ZS,93.1972789115646
NLD,Netherlands,2016,IT.NET.USER.ZS,90.4109589041096
NLD,Netherlands,2015,IT.NET.USER.ZS,91.7241379310345
NLD,Netherlands,2014,IT.NET.USER.ZS,91.6666666666667
NLD,Netherlands,2013,IT.NET.USER.ZS,93.9564
NLD,Netherlands,2012,IT.NET.USER.ZS,92.859992359525
NLD,Netherlands,2011,IT.NET.USER.ZS,91.4199957622284
NLD,Netherlands,2010,IT.NET.USER.ZS,90.72
NLD,Netherlands,2009,IT.NET.USER.ZS,89.63
NLD,Netherlands,2008,IT.NET.USER.ZS,87.42
NLD,Netherlands,2007,IT.NET.USER.ZS,85.82
NLD,Netherlands,2006,IT.NET.USER.ZS,83.7
NLD,Netherlands,2005,IT.NET.USER.ZS,81.0
NCL,New Caledonia,2017,IT.NET.USER.ZS,82.0058408035186
NCL,New Caledonia,2015,IT.NET.USER.ZS,74.00175279141
NCL,New Caledonia,2014,IT.NET.USER.ZS,70.0
NCL,New Caledonia,2013,IT.NET.USER.ZS,66.0
NCL,New Caledonia,2012,IT.NET.USER.ZS,58.0
NCL,New Caledonia,2011,IT.NET.USER.ZS,50.0
NCL,New Caledonia,2010,IT.NET.USER.ZS,42.0
NCL,New Caledonia,2009,IT.NET.USER.ZS,33.99
NCL,New Caledonia,2008,IT.NET.USER.ZS,34.51
NCL,New Caledonia,2007,IT.NET.USER.ZS,35.05
NCL,New Caledonia,2006,IT.NET.USER.ZS,33.5157146807209
NCL,New Caledonia,2005,IT.NET.USER.ZS,32.3590147531561
NZL,New Zealand,2024,IT.NET.USER.ZS,93.51930237
NZL,New Zealand,2023,IT.NET.USER.ZS,93.32610321
NZL,New Zealand,2022,IT.NET.USER.ZS,93.07289886
NZL,New Zealand,2021,IT.NET.USER.ZS,91.99060059
NZL,New Zealand,2020,IT.NET.USER.ZS,90.92099762
NZL,New Zealand,2019,IT.NET.USER.ZS,89.86370087
NZL,New Zealand,2018,IT.NET.USER.ZS,89.0
NZL,New Zealand,2017,IT.NET.USER.ZS,87.69999695
NZL,New Zealand,2016,IT.NET.USER.ZS,86.5
NZL,New Zealand,2015,IT.NET.USER.ZS,85.19999695
NZL,New Zealand,2014,IT.NET.USER.ZS,84.0
NZL,New Zealand,2013,IT.NET.USER.ZS,82.77999878
NZL,New Zealand,2012,IT.NET.USER.ZS,81.644470179502
NZL,New Zealand,2011,IT.NET.USER.ZS,81.23000336
NZL,New Zealand,2010,IT.NET.USER.ZS,80.45999908
NZL,New Zealand,2009,IT.NET.USER.ZS,79.7
NZL,New Zealand,2008,IT.NET.USER.ZS,72.02999878
NZL,New Zealand,2007,IT.NET.USER.ZS,69.76000214
NZL,New Zealand,2006,IT.NET.USER.ZS,69.0
NZL,New Zealand,2005,IT.NET.USER.ZS,62.72019958
NIC,Nicaragua,2024,IT.NET.USER.ZS,61.39550018
NIC,Nicaragua,2023,IT.NET.USER.ZS,60.30120087
NIC,Nicaragua,2022,IT.NET.USER.ZS,59.38000107
NIC,Nicaragua,2021,IT.NET.USER.ZS,51.62039948
NIC,Nicaragua,2020,IT.NET.USER.ZS,44.87490082
NIC,Nicaragua,2019,IT.NET.USER.ZS,39.01079941
NIC,Nicaragua,2018,IT.NET.USER.ZS,33.9129982
NIC,Nicaragua,2017,IT.NET.USER.ZS,30.39999962
NIC,Nicaragua,2016,IT.NET.USER.ZS,24.57180023
NIC,Nicaragua,2015,IT.NET.USER.ZS,19.70429993
NIC,Nicaragua,2014,IT.NET.USER.ZS,17.60000038
NIC,Nicaragua,2013,IT.NET.USER.ZS,15.5
NIC,Nicaragua,2012,IT.NET.USER.ZS,13.5
NIC,Nicaragua,2011,IT.NET.USER.ZS,10.6
NIC,Nicaragua,2010,IT.NET.USER.ZS,10.0
NIC,Nicaragua,2009,IT.NET.USER.ZS,7.300000191
NIC,Nicaragua,2008,IT.NET.USER.ZS,5.300000191
NIC,Nicaragua,2007,IT.NET.USER.ZS,3.900000095
NIC,Nicaragua,2006,IT.NET.USER.ZS,2.8055730627337
NIC,Nicaragua,2005,IT.NET.USER.ZS,2.566400051
NER,Niger,2024,IT.NET.USER.ZS,15.55760002
NER,Niger,2023,IT.NET.USER.ZS,12.98079967
NER,Niger,2022,IT.NET.USER.ZS,13.08749962
NER,Niger,2021,IT.NET.USER.ZS,12.45689964
NER,Niger,2020,IT.NET.USER.ZS,11.85680008
NER,Niger,2019,IT.NET.USER.ZS,11.28549957
NER,Niger,2018,IT.NET.USER.ZS,10.74180031
NER,Niger,2017,IT.NET.USER.ZS,10.2243115586561
NER,Niger,2016,IT.NET.USER.ZS,4.322800159
NER,Niger,2015,IT.NET.USER.ZS,2.476200104
NER,Niger,2014,IT.NET.USER.ZS,1.24867568902241
NER,Niger,2013,IT.NET.USER.ZS,1.149999976
NER,Niger,2012,IT.NET.USER.ZS,1.049999952
NER,Niger,2011,IT.NET.USER.ZS,0.9
NER,Niger,2010,IT.NET.USER.ZS,0.829999983
NER,Niger,2009,IT.NET.USER.ZS,0.76
NER,Niger,2008,IT.NET.USER.ZS,0.7
NER,Niger,2007,IT.NET.USER.ZS,0.390399992
NER,Niger,2006,IT.NET.USER.ZS,0.294
NER,Niger,2005,IT.NET.USER.ZS,0.221300006
NGA,Nigeria,2024,IT.NET.USER.ZS,41.21139908
NGA,Nigeria,2023,IT.NET.USER.ZS,40.06399918
NGA,Nigeria,2022,IT.NET.USER.ZS,39.14720154
NGA,Nigeria,2021,IT.NET.USER.ZS,35.50979996
NGA,Nigeria,2020,IT.NET.USER.ZS,31.88879967
NGA,Nigeria,2019,IT.NET.USER.ZS,29.74410057
NGA,Nigeria,2018,IT.NET.USER.ZS,27.74370003
NGA,Nigeria,2017,IT.NET.USER.ZS,25.87789917
NGA,Nigeria,2016,IT.NET.USER.ZS,24.13750076
NGA,Nigeria,2015,IT.NET.USER.ZS,22.51420021
NGA,Nigeria,2014,IT.NET.USER.ZS,21.0
NGA,Nigeria,2013,IT.NET.USER.ZS,19.10000038
NGA,Nigeria,2012,IT.NET.USER.ZS,16.10000038
NGA,Nigeria,2011,IT.NET.USER.ZS,13.80000019
NGA,Nigeria,2010,IT.NET.USER.ZS,11.5
NGA,Nigeria,2009,IT.NET.USER.ZS,9.300000191
NGA,Nigeria,2008,IT.NET.USER.ZS,8.0
NGA,Nigeria,2007,IT.NET.USER.ZS,6.769999981
NGA,Nigeria,2006,IT.NET.USER.ZS,5.54503608300536
NGA,Nigeria,2005,IT.NET.USER.ZS,3.54915571796492
MKD,North Macedonia,2025,IT.NET.USER.ZS,93.1
MKD,North Macedonia,2024,IT.NET.USER.ZS,93.6
MKD,North Macedonia,2023,IT.NET.USER.ZS,88.5
MKD,North Macedonia,2022,IT.NET.USER.ZS,83.85030365
MKD,North Macedonia,2021,IT.NET.USER.ZS,81.873703
MKD,North Macedonia,2020,IT.NET.USER.ZS,81.40553811
MKD,North Macedonia,2019,IT.NET.USER.ZS,81.4128827618364
MKD,North Macedonia,2018,IT.NET.USER.ZS,79.1677551850871
MKD,North Macedonia,2017,IT.NET.USER.ZS,74.5168241807954
MKD,North Macedonia,2016,IT.NET.USER.ZS,72.1568144676058
MKD,North Macedonia,2015,IT.NET.USER.ZS,70.3802030766689
MKD,North Macedonia,2014,IT.NET.USER.ZS,68.0584815397496
MKD,North Macedonia,2013,IT.NET.USER.ZS,65.24
MKD,North Macedonia,2012,IT.NET.USER.ZS,57.449947312961
MKD,North Macedonia,2011,IT.NET.USER.ZS,56.7
MKD,North Macedonia,2010,IT.NET.USER.ZS,51.9
MKD,North Macedonia,2009,IT.NET.USER.ZS,51.77
MKD,North Macedonia,2008,IT.NET.USER.ZS,46.04
MKD,North Macedonia,2007,IT.NET.USER.ZS,36.29999924
MKD,North Macedonia,2006,IT.NET.USER.ZS,28.62
MKD,North Macedonia,2005,IT.NET.USER.ZS,26.45000076
NOR,Norway,2024,IT.NET.USER.ZS,99.0
NOR,Norway,2023,IT.NET.USER.ZS,99.00000258
NOR,Norway,2022,IT.NET.USER.ZS,98.99997764
NOR,Norway,2021,IT.NET.USER.ZS,99.0000036
NOR,Norway,2020,IT.NET.USER.ZS,94.60755647
NOR,Norway,2019,IT.NET.USER.ZS,98.0000043853142
NOR,Norway,2018,IT.NET.USER.ZS,96.4916579887094
NOR,Norway,2017,IT.NET.USER.ZS,96.3576012951191
NOR,Norway,2016,IT.NET.USER.ZS,97.2982036675068
NOR,Norway,2015,IT.NET.USER.ZS,96.810325691365
NOR,Norway,2014,IT.NET.USER.ZS,96.3005098242892
NOR,Norway,2013,IT.NET.USER.ZS,95.0534
NOR,Norway,2012,IT.NET.USER.ZS,94.6499780533304
NOR,Norway,2011,IT.NET.USER.ZS,93.4899826515194
NOR,Norway,2010,IT.NET.USER.ZS,93.39
NOR,Norway,2009,IT.NET.USER.ZS,92.08
NOR,Norway,2008,IT.NET.USER.ZS,90.57
NOR,Norway,2007,IT.NET.USER.ZS,86.93
NOR,Norway,2006,IT.NET.USER.ZS,82.55
NOR,Norway,2005,IT.NET.USER.ZS,81.99
OMN,Oman,2024,IT.NET.USER.ZS,95.25174678
OMN,Oman,2023,IT.NET.USER.ZS,95.25170135
OMN,Oman,2022,IT.NET.USER.ZS,95.24530029
OMN,Oman,2021,IT.NET.USER.ZS,95.23880005
OMN,Oman,2020,IT.NET.USER.ZS,95.23229321
OMN,Oman,2019,IT.NET.USER.ZS,90.25939941
OMN,Oman,2018,IT.NET.USER.ZS,85.5
OMN,Oman,2017,IT.NET.USER.ZS,80.18560028
OMN,Oman,2016,IT.NET.USER.ZS,76.8453904741456
OMN,Oman,2015,IT.NET.USER.ZS,73.52999878
OMN,Oman,2014,IT.NET.USER.ZS,70.22000122
OMN,Oman,2013,IT.NET.USER.ZS,66.45
OMN,Oman,2012,IT.NET.USER.ZS,60.0
OMN,Oman,2011,IT.NET.USER.ZS,48.0
OMN,Oman,2010,IT.NET.USER.ZS,35.8278
OMN,Oman,2009,IT.NET.USER.ZS,26.79999924
OMN,Oman,2008,IT.NET.USER.ZS,20.0
OMN,Oman,2007,IT.NET.USER.ZS,16.68
OMN,Oman,2006,IT.NET.USER.ZS,8.299699783
OMN,Oman,2005,IT.NET.USER.ZS,6.683599949
PAK,Pakistan,2024,IT.NET.USER.ZS,57.253
PAK,Pakistan,2020,IT.NET.USER.ZS,18.935
PAK,Pakistan,2019,IT.NET.USER.ZS,17.070901719916
PAK,Pakistan,2018,IT.NET.USER.ZS,15.34000015
PAK,Pakistan,2017,IT.NET.USER.ZS,13.77999973
PAK,Pakistan,2016,IT.NET.USER.ZS,12.385446763381
PAK,Pakistan,2015,IT.NET.USER.ZS,11.0
PAK,Pakistan,2014,IT.NET.USER.ZS,10.0
PAK,Pakistan,2013,IT.NET.USER.ZS,9.0
PAK,Pakistan,2012,IT.NET.USER.ZS,8.100000381
PAK,Pakistan,2011,IT.NET.USER.ZS,8.0
PAK,Pakistan,2010,IT.NET.USER.ZS,8.0
PAK,Pakistan,2009,IT.NET.USER.ZS,7.5
PAK,Pakistan,2008,IT.NET.USER.ZS,7.0
PAK,Pakistan,2007,IT.NET.USER.ZS,6.800000191
PAK,Pakistan,2006,IT.NET.USER.ZS,6.5
PAK,Pakistan,2005,IT.NET.USER.ZS,6.332300186
PLW,Palau,2024,IT.NET.USER.ZS,83.92549896
PLW,Palau,2023,IT.NET.USER.ZS,82.91629791
PLW,Palau,2022,IT.NET.USER.ZS,82.56749725
PAN,Panama,2024,IT.NET.USER.ZS,72.77149963
PAN,Panama,2023,IT.NET.USER.ZS,68.54851592
PAN,Panama,2022,IT.NET.USER.ZS,67.2838974
PAN,Panama,2021,IT.NET.USER.ZS,66.04270172
PAN,Panama,2020,IT.NET.USER.ZS,64.82430267
PAN,Panama,2019,IT.NET.USER.ZS,63.6284147731451
PAN,Panama,2018,IT.NET.USER.ZS,61.8055313202468
PAN,Panama,2017,IT.NET.USER.ZS,59.9506309038683
PAN,Panama,2016,IT.NET.USER.ZS,54.0
PAN,Panama,2015,IT.NET.USER.ZS,51.2054249948687
PAN,Panama,2014,IT.NET.USER.ZS,44.9238152577893
PAN,Panama,2013,IT.NET.USER.ZS,44.03
PAN,Panama,2012,IT.NET.USER.ZS,40.3018952210488
PAN,Panama,2011,IT.NET.USER.ZS,42.7
PAN,Panama,2010,IT.NET.USER.ZS,40.1
PAN,Panama,2009,IT.NET.USER.ZS,39.08
PAN,Panama,2008,IT.NET.USER.ZS,33.82
PAN,Panama,2007,IT.NET.USER.ZS,22.29
PAN,Panama,2006,IT.NET.USER.ZS,17.34959984
PAN,Panama,2005,IT.NET.USER.ZS,11.48400021
PNG,Papua New Guinea,2024,IT.NET.USER.ZS,18.81159973
PNG,Papua New Guinea,2023,IT.NET.USER.ZS,18.56130028
PNG,Papua New Guinea,2022,IT.NET.USER.ZS,18.25659943
PNG,Papua New Guinea,2021,IT.NET.USER.ZS,16.55960083
PNG,Papua New Guinea,2020,IT.NET.USER.ZS,15.02040005
PNG,Papua New Guinea,2019,IT.NET.USER.ZS,13.62419987
PNG,Papua New Guinea,2018,IT.NET.USER.ZS,12.35789967
PNG,Papua New Guinea,2017,IT.NET.USER.ZS,11.20919991
PNG,Papua New Guinea,2016,IT.NET.USER.ZS,9.601499557
PNG,Papua New Guinea,2015,IT.NET.USER.ZS,7.900000095
PNG,Papua New Guinea,2014,IT.NET.USER.ZS,6.5
PNG,Papua New Guinea,2013,IT.NET.USER.ZS,5.099999905
PNG,Papua New Guinea,2012,IT.NET.USER.ZS,3.5
PNG,Papua New Guinea,2011,IT.NET.USER.ZS,2.0
PNG,Papua New Guinea,2010,IT.NET.USER.ZS,1.28
PNG,Papua New Guinea,2009,IT.NET.USER.ZS,1.61
PNG,Papua New Guinea,2008,IT.NET.USER.ZS,1.15
PNG,Papua New Guinea,2007,IT.NET.USER.ZS,1.790599942
PNG,Papua New Guinea,2006,IT.NET.USER.ZS,1.754487260668
PNG,Papua New Guinea,2005,IT.NET.USER.ZS,1.71619047556782
PRY,Paraguay,2024,IT.NET.USER.ZS,81.57806793
PRY,Paraguay,2023,IT.NET.USER.ZS,78.09481878
PRY,Paraguay,2022,IT.NET.USER.ZS,76.25916611
PRY,Paraguay,2021,IT.NET.USER.ZS,77.01838621
PRY,Paraguay,2020,IT.NET.USER.ZS,73.95751114
PRY,Paraguay,2019,IT.NET.USER.ZS,68.5176284222264
PRY,Paraguay,2018,IT.NET.USER.ZS,64.9935430235756
PRY,Paraguay,2017,IT.NET.USER.ZS,61.0757562215797
PRY,Paraguay,2016,IT.NET.USER.ZS,53.4041274791009
PRY,Paraguay,2015,IT.NET.USER.ZS,49.716304663966
PRY,Paraguay,2014,IT.NET.USER.ZS,43.0073750122614
PRY,Paraguay,2013,IT.NET.USER.ZS,36.9
PRY,Paraguay,2012,IT.NET.USER.ZS,29.34
PRY,Paraguay,2011,IT.NET.USER.ZS,24.7635158793993
PRY,Paraguay,2010,IT.NET.USER.ZS,19.8
PRY,Paraguay,2009,IT.NET.USER.ZS,18.9
PRY,Paraguay,2008,IT.NET.USER.ZS,14.27
PRY,Paraguay,2007,IT.NET.USER.ZS,11.21
PRY,Paraguay,2006,IT.NET.USER.ZS,7.962100029
PRY,Paraguay,2005,IT.NET.USER.ZS,7.90700786141285
PER,Peru,2024,IT.NET.USER.ZS,81.95705992
PER,Peru,2023,IT.NET.USER.ZS,79.48484477
PER,Peru,2022,IT.NET.USER.ZS,74.67495213
PER,Peru,2021,IT.NET.USER.ZS,71.10782643
PER,Peru,2020,IT.NET.USER.ZS,65.25179796
PER,Peru,2019,IT.NET.USER.ZS,59.9505036049006
PER,Peru,2018,IT.NET.USER.ZS,55.0543342443197
PER,Peru,2017,IT.NET.USER.ZS,50.4504121848143
PER,Peru,2016,IT.NET.USER.ZS,45.4617406869459
PER,Peru,2015,IT.NET.USER.ZS,40.8526009090468
PER,Peru,2014,IT.NET.USER.ZS,40.2446560091704
PER,Peru,2013,IT.NET.USER.ZS,39.2
PER,Peru,2012,IT.NET.USER.ZS,38.2
PER,Peru,2011,IT.NET.USER.ZS,36.01
PER,Peru,2010,IT.NET.USER.ZS,34.77
PER,Peru,2009,IT.NET.USER.ZS,31.4
PER,Peru,2008,IT.NET.USER.ZS,30.57
PER,Peru,2007,IT.NET.USER.ZS,25.20000076
PER,Peru,2006,IT.NET.USER.ZS,20.70000076
PER,Peru,2005,IT.NET.USER.ZS,17.10000038
PHL,Philippines,2024,IT.NET.USER.ZS,67.26300914
PHL,Philippines,2023,IT.NET.USER.ZS,77.86699677
PHL,Philippines,2022,IT.NET.USER.ZS,75.21114422
PHL,Philippines,2021,IT.NET.USER.ZS,66.90779877
PHL,Philippines,2020,IT.NET.USER.ZS,53.76490021
PHL,Philippines,2019,IT.NET.USER.ZS,43.0266118680279
PHL,Philippines,2018,IT.NET.USER.ZS,44.09999847
PHL,Philippines,2017,IT.NET.USER.ZS,41.59999847
PHL,Philippines,2016,IT.NET.USER.ZS,39.20000076
PHL,Philippines,2015,IT.NET.USER.ZS,36.90000153
PHL,Philippines,2014,IT.NET.USER.ZS,34.70000076
PHL,Philippines,2013,IT.NET.USER.ZS,32.70000076
PHL,Philippines,2012,IT.NET.USER.ZS,30.79999924
PHL,Philippines,2011,IT.NET.USER.ZS,29.0
PHL,Philippines,2010,IT.NET.USER.ZS,25.0
PHL,Philippines,2009,IT.NET.USER.ZS,9.0
PHL,Philippines,2008,IT.NET.USER.ZS,6.22
PHL,Philippines,2007,IT.NET.USER.ZS,5.97
PHL,Philippines,2006,IT.NET.USER.ZS,5.74058632534702
PHL,Philippines,2005,IT.NET.USER.ZS,5.397600174
POL,Poland,2024,IT.NET.USER.ZS,88.58496367
POL,Poland,2023,IT.NET.USER.ZS,86.414744
POL,Poland,2022,IT.NET.USER.ZS,86.94113479
POL,Poland,2021,IT.NET.USER.ZS,85.37490906
POL,Poland,2020,IT.NET.USER.ZS,83.18488715
POL,Poland,2019,IT.NET.USER.ZS,80.4359068768673
POL,Poland,2018,IT.NET.USER.ZS,77.5417345350006
POL,Poland,2017,IT.NET.USER.ZS,75.9853659493832
POL,Poland,2016,IT.NET.USER.ZS,73.3007040962669
POL,Poland,2015,IT.NET.USER.ZS,67.9969871556415
POL,Poland,2014,IT.NET.USER.ZS,66.5987360557248
POL,Poland,2013,IT.NET.USER.ZS,62.8492
POL,Poland,2012,IT.NET.USER.ZS,62.3099972714691
POL,Poland,2011,IT.NET.USER.ZS,61.94999896898
POL,Poland,2010,IT.NET.USER.ZS,62.32
POL,Poland,2009,IT.NET.USER.ZS,58.97
POL,Poland,2008,IT.NET.USER.ZS,53.13
POL,Poland,2007,IT.NET.USER.ZS,48.6
POL,Poland,2006,IT.NET.USER.ZS,44.58
POL,Poland,2005,IT.NET.USER.ZS,38.81
PRT,Portugal,2024,IT.NET.USER.ZS,88.48704454
PRT,Portugal,2023,IT.NET.USER.ZS,85.79012676
PRT,Portugal,2022,IT.NET.USER.ZS,84.49690644
PRT,Portugal,2021,IT.NET.USER.ZS,82.30902804
PRT,Portugal,2020,IT.NET.USER.ZS,78.26166044
PRT,Portugal,2019,IT.NET.USER.ZS,75.3463779408712
PRT,Portugal,2018,IT.NET.USER.ZS,74.6609681487507
PRT,Portugal,2017,IT.NET.USER.ZS,73.7912139515729
PRT,Portugal,2016,IT.NET.USER.ZS,70.423567088723
PRT,Portugal,2015,IT.NET.USER.ZS,68.6328614804299
PRT,Portugal,2014,IT.NET.USER.ZS,64.5924200648949
PRT,Portugal,2013,IT.NET.USER.ZS,62.0956
PRT,Portugal,2012,IT.NET.USER.ZS,60.3399974868057
PRT,Portugal,2011,IT.NET.USER.ZS,55.2499968797194
PRT,Portugal,2010,IT.NET.USER.ZS,53.3
PRT,Portugal,2009,IT.NET.USER.ZS,48.27
PRT,Portugal,2008,IT.NET.USER.ZS,44.13
PRT,Portugal,2007,IT.NET.USER.ZS,42.09
PRT,Portugal,2006,IT.NET.USER.ZS,38.01
PRT,Portugal,2005,IT.NET.USER.ZS,34.99
PRI,Puerto Rico (US),2022,IT.NET.USER.ZS,87.29178106
PRI,Puerto Rico (US),2021,IT.NET.USER.ZS,84.78666399
PRI,Puerto Rico (US),2019,IT.NET.USER.ZS,77.7364393708352
PRI,Puerto Rico (US),2018,IT.NET.USER.ZS,70.8563997424362
PRI,Puerto Rico (US),2017,IT.NET.USER.ZS,68.7407731407209
PRI,Puerto Rico (US),2016,IT.NET.USER.ZS,68.6438071976518
PRI,Puerto Rico (US),2015,IT.NET.USER.ZS,63.4663353848474
PRI,Puerto Rico (US),2014,IT.NET.USER.ZS,76.1338597201667
PRI,Puerto Rico (US),2013,IT.NET.USER.ZS,68.999990004
PRI,Puerto Rico (US),2012,IT.NET.USER.ZS,68.9999826014151
PRI,Puerto Rico (US),2011,IT.NET.USER.ZS,48.0
PRI,Puerto Rico (US),2010,IT.NET.USER.ZS,45.3
PRI,Puerto Rico (US),2009,IT.NET.USER.ZS,41.5
PRI,Puerto Rico (US),2008,IT.NET.USER.ZS,38.0
PRI,Puerto Rico (US),2007,IT.NET.USER.ZS,27.86
PRI,Puerto Rico (US),2006,IT.NET.USER.ZS,25.4424182102582
PRI,Puerto Rico (US),2005,IT.NET.USER.ZS,23.4000504486583
QAT,Qatar,2024,IT.NET.USER.ZS,98.08540344
QAT,Qatar,2023,IT.NET.USER.ZS,98.15229797
QAT,Qatar,2022,IT.NET.USER.ZS,98.03800201
QAT,Qatar,2021,IT.NET.USER.ZS,99.65280151
QAT,Qatar,2020,IT.NET.USER.ZS,99.65284913
QAT,Qatar,2019,IT.NET.USER.ZS,99.6528042086389
QAT,Qatar,2018,IT.NET.USER.ZS,99.6528491261175
QAT,Qatar,2017,IT.NET.USER.ZS,97.3888491654164
QAT,Qatar,2016,IT.NET.USER.ZS,95.1246621661148
QAT,Qatar,2015,IT.NET.USER.ZS,92.8848264535481
QAT,Qatar,2014,IT.NET.USER.ZS,91.48999786
QAT,Qatar,2013,IT.NET.USER.ZS,85.3
QAT,Qatar,2012,IT.NET.USER.ZS,69.3
QAT,Qatar,2011,IT.NET.USER.ZS,69.0
QAT,Qatar,2010,IT.NET.USER.ZS,69.0
QAT,Qatar,2009,IT.NET.USER.ZS,53.09999847
QAT,Qatar,2008,IT.NET.USER.ZS,44.29999924
QAT,Qatar,2007,IT.NET.USER.ZS,37.0
QAT,Qatar,2006,IT.NET.USER.ZS,28.97410011
QAT,Qatar,2005,IT.NET.USER.ZS,24.73349953
ROU,Romania,2024,IT.NET.USER.ZS,91.29048551
ROU,Romania,2023,IT.NET.USER.ZS,89.20335498
ROU,Romania,2022,IT.NET.USER.ZS,85.50309124
ROU,Romania,2021,IT.NET.USER.ZS,83.5904265
ROU,Romania,2020,IT.NET.USER.ZS,78.45526895
ROU,Romania,2019,IT.NET.USER.ZS,73.6574757545465
ROU,Romania,2018,IT.NET.USER.ZS,70.6812779273268
ROU,Romania,2017,IT.NET.USER.ZS,63.7472821822484
ROU,Romania,2016,IT.NET.USER.ZS,59.5039512852713
ROU,Romania,2015,IT.NET.USER.ZS,55.7631556336233
ROU,Romania,2014,IT.NET.USER.ZS,54.0783206550943
ROU,Romania,2013,IT.NET.USER.ZS,49.7645
ROU,Romania,2012,IT.NET.USER.ZS,45.8799942529424
ROU,Romania,2011,IT.NET.USER.ZS,40.0099967810008
ROU,Romania,2010,IT.NET.USER.ZS,39.93
ROU,Romania,2009,IT.NET.USER.ZS,36.6
ROU,Romania,2008,IT.NET.USER.ZS,32.42
ROU,Romania,2007,IT.NET.USER.ZS,28.3
ROU,Romania,2006,IT.NET.USER.ZS,24.66
ROU,Romania,2005,IT.NET.USER.ZS,21.5
RUS,Russian Federation,2024,IT.NET.USER.ZS,94.36495368
RUS,Russian Federation,2023,IT.NET.USER.ZS,92.24496346
RUS,Russian Federation,2022,IT.NET.USER.ZS,90.41799163
RUS,Russian Federation,2021,IT.NET.USER.ZS,88.21384578
RUS,Russian Federation,2020,IT.NET.USER.ZS,84.99466978
RUS,Russian Federation,2019,IT.NET.USER.ZS,82.6421618670668
RUS,Russian Federation,2018,IT.NET.USER.ZS,80.8647218726954
RUS,Russian Federation,2017,IT.NET.USER.ZS,76.0081385339105
RUS,Russian Federation,2016,IT.NET.USER.ZS,73.091434617897
RUS,Russian Federation,2015,IT.NET.USER.ZS,70.0992412263947
RUS,Russian Federation,2014,IT.NET.USER.ZS,70.5175682574413
RUS,Russian Federation,2013,IT.NET.USER.ZS,67.97
RUS,Russian Federation,2012,IT.NET.USER.ZS,66.0
RUS,Russian Federation,2011,IT.NET.USER.ZS,58.0
RUS,Russian Federation,2010,IT.NET.USER.ZS,49.0
RUS,Russian Federation,2009,IT.NET.USER.ZS,42.55
RUS,Russian Federation,2008,IT.NET.USER.ZS,32.0
RUS,Russian Federation,2007,IT.NET.USER.ZS,24.66
RUS,Russian Federation,2006,IT.NET.USER.ZS,18.02330017
RUS,Russian Federation,2005,IT.NET.USER.ZS,15.22669983
RWA,Rwanda,2024,IT.NET.USER.ZS,31.70330048
RWA,Rwanda,2023,IT.NET.USER.ZS,28.80579948
RWA,Rwanda,2022,IT.NET.USER.ZS,28.01679993
RWA,Rwanda,2021,IT.NET.USER.ZS,24.4416008
RWA,Rwanda,2020,IT.NET.USER.ZS,23.8
RWA,Rwanda,2019,IT.NET.USER.ZS,21.3579998
RWA,Rwanda,2018,IT.NET.USER.ZS,19.16659927
RWA,Rwanda,2017,IT.NET.USER.ZS,17.2
RWA,Rwanda,2016,IT.NET.USER.ZS,14.63710022
RWA,Rwanda,2015,IT.NET.USER.ZS,12.45600033
RWA,Rwanda,2014,IT.NET.USER.ZS,10.60000038
RWA,Rwanda,2013,IT.NET.USER.ZS,9.0
RWA,Rwanda,2012,IT.NET.USER.ZS,8.023900032
RWA,Rwanda,2011,IT.NET.USER.ZS,7.0
RWA,Rwanda,2010,IT.NET.USER.ZS,8.0
RWA,Rwanda,2009,IT.NET.USER.ZS,7.7
RWA,Rwanda,2008,IT.NET.USER.ZS,4.5
RWA,Rwanda,2007,IT.NET.USER.ZS,2.115400076
RWA,Rwanda,2005,IT.NET.USER.ZS,0.555999994
WSM,Samoa,2014,IT.NET.USER.ZS,21.20000076
WSM,Samoa,2013,IT.NET.USER.ZS,15.30000019
WSM,Samoa,2012,IT.NET.USER.ZS,12.92249966
WSM,Samoa,2011,IT.NET.USER.ZS,11.0
WSM,Samoa,2010,IT.NET.USER.ZS,7.0
WSM,Samoa,2009,IT.NET.USER.ZS,6.0
WSM,Samoa,2008,IT.NET.USER.ZS,5.031599998
WSM,Samoa,2007,IT.NET.USER.ZS,4.75
WSM,Samoa,2006,IT.NET.USER.ZS,4.46917387320954
WSM,Samoa,2005,IT.NET.USER.ZS,3.35259211246829
SMR,San Marino,2024,IT.NET.USER.ZS,97.35220337
SMR,San Marino,2023,IT.NET.USER.ZS,97.33640289
SMR,San Marino,2022,IT.NET.USER.ZS,97.32790375
SMR,San Marino,2021,IT.NET.USER.ZS,81.66999817
SMR,San Marino,2020,IT.NET.USER.ZS,77.94999695
SMR,San Marino,2019,IT.NET.USER.ZS,67.85070038
SMR,San Marino,2017,IT.NET.USER.ZS,60.18230057
SMR,San Marino,2016,IT.NET.USER.ZS,55.0
SMR,San Marino,2011,IT.NET.USER.ZS,49.6
SMR,San Marino,2009,IT.NET.USER.ZS,54.21
SMR,San Marino,2008,IT.NET.USER.ZS,54.52
SMR,San Marino,2007,IT.NET.USER.ZS,50.3648221088655
SMR,San Marino,2006,IT.NET.USER.ZS,50.2086593635889
STP,Sao Tome and Principe,2024,IT.NET.USER.ZS,59.11759949
STP,Sao Tome and Principe,2023,IT.NET.USER.ZS,58.70130157
STP,Sao Tome and Principe,2022,IT.NET.USER.ZS,58.56779861
STP,Sao Tome and Principe,2021,IT.NET.USER.ZS,54.94950104
STP,Sao Tome and Principe,2020,IT.NET.USER.ZS,51.55469894
STP,Sao Tome and Principe,2019,IT.NET.USER.ZS,44.25790024
STP,Sao Tome and Principe,2018,IT.NET.USER.ZS,37.99380112
STP,Sao Tome and Principe,2017,IT.NET.USER.ZS,32.61640167
STP,Sao Tome and Principe,2016,IT.NET.USER.ZS,28.0
STP,Sao Tome and Principe,2015,IT.NET.USER.ZS,25.81999969
STP,Sao Tome and Principe,2014,IT.NET.USER.ZS,24.40999985
STP,Sao Tome and Principe,2013,IT.NET.USER.ZS,23.0
STP,Sao Tome and Principe,2012,IT.NET.USER.ZS,21.57239914
STP,Sao Tome and Principe,2011,IT.NET.USER.ZS,20.16119957
STP,Sao Tome and Principe,2010,IT.NET.USER.ZS,18.75
STP,Sao Tome and Principe,2009,IT.NET.USER.ZS,16.40999985
STP,Sao Tome and Principe,2008,IT.NET.USER.ZS,15.47999954
STP,Sao Tome and Principe,2007,IT.NET.USER.ZS,14.5904831987414
STP,Sao Tome and Principe,2006,IT.NET.USER.ZS,14.18200016
STP,Sao Tome and Principe,2005,IT.NET.USER.ZS,13.75949955
SAU,Saudi Arabia,2024,IT.NET.USER.ZS,100.0
SAU,Saudi Arabia,2023,IT.NET.USER.ZS,100.0
SAU,Saudi Arabia,2022,IT.NET.USER.ZS,100.0
SAU,Saudi Arabia,2021,IT.NET.USER.ZS,100.0
SAU,Saudi Arabia,2020,IT.NET.USER.ZS,97.8623325
SAU,Saudi Arabia,2019,IT.NET.USER.ZS,95.7247355953812
SAU,Saudi Arabia,2018,IT.NET.USER.ZS,93.3100018480347
SAU,Saudi Arabia,2017,IT.NET.USER.ZS,94.1755996113911
SAU,Saudi Arabia,2016,IT.NET.USER.ZS,74.8792746891625
SAU,Saudi Arabia,2015,IT.NET.USER.ZS,69.6162358014004
SAU,Saudi Arabia,2014,IT.NET.USER.ZS,64.713657369019
SAU,Saudi Arabia,2013,IT.NET.USER.ZS,60.5
SAU,Saudi Arabia,2012,IT.NET.USER.ZS,54.0
SAU,Saudi Arabia,2011,IT.NET.USER.ZS,47.5
SAU,Saudi Arabia,2010,IT.NET.USER.ZS,41.0
SAU,Saudi Arabia,2009,IT.NET.USER.ZS,38.0
SAU,Saudi Arabia,2008,IT.NET.USER.ZS,36.0
SAU,Saudi Arabia,2007,IT.NET.USER.ZS,30.0
SAU,Saudi Arabia,2006,IT.NET.USER.ZS,19.4595543513634
SAU,Saudi Arabia,2005,IT.NET.USER.ZS,12.7050359882849
SEN,Senegal,2024,IT.NET.USER.ZS,60.11780167
SEN,Senegal,2023,IT.NET.USER.ZS,59.18740082
SEN,Senegal,2022,IT.NET.USER.ZS,56.82830048
SEN,Senegal,2021,IT.NET.USER.ZS,55.04040146
SEN,Senegal,2020,IT.NET.USER.ZS,53.30879974
SEN,Senegal,2019,IT.NET.USER.ZS,43.37969971
SEN,Senegal,2018,IT.NET.USER.ZS,35.29999924
SEN,Senegal,2017,IT.NET.USER.ZS,29.64310074
SEN,Senegal,2016,IT.NET.USER.ZS,25.66480064
SEN,Senegal,2015,IT.NET.USER.ZS,21.70000076
SEN,Senegal,2014,IT.NET.USER.ZS,17.70000076
SEN,Senegal,2013,IT.NET.USER.ZS,13.10000038
SEN,Senegal,2012,IT.NET.USER.ZS,10.80000019
SEN,Senegal,2011,IT.NET.USER.ZS,9.800000191
SEN,Senegal,2010,IT.NET.USER.ZS,8.0
SEN,Senegal,2009,IT.NET.USER.ZS,7.5
SEN,Senegal,2008,IT.NET.USER.ZS,7.119999886
SEN,Senegal,2007,IT.NET.USER.ZS,6.889999866
SEN,Senegal,2006,IT.NET.USER.ZS,5.61173865217952
SEN,Senegal,2005,IT.NET.USER.ZS,4.78668408310535
SRB,Serbia,2024,IT.NET.USER.ZS,87.69071294
SRB,Serbia,2023,IT.NET.USER.ZS,85.35746686
SRB,Serbia,2022,IT.NET.USER.ZS,83.53825397
SRB,Serbia,2021,IT.NET.USER.ZS,81.16588116
SRB,Serbia,2020,IT.NET.USER.ZS,78.36804864
SRB,Serbia,2019,IT.NET.USER.ZS,77.4167736219802
SRB,Serbia,2018,IT.NET.USER.ZS,73.360709154564
SRB,Serbia,2017,IT.NET.USER.ZS,70.3308355269141
SRB,Serbia,2016,IT.NET.USER.ZS,67.0568413716938
SRB,Serbia,2015,IT.NET.USER.ZS,65.3170254003801
SRB,Serbia,2014,IT.NET.USER.ZS,62.0750804639377
SRB,Serbia,2013,IT.NET.USER.ZS,53.450364175
SRB,Serbia,2012,IT.NET.USER.ZS,48.09999847
SRB,Serbia,2011,IT.NET.USER.ZS,42.2
SRB,Serbia,2010,IT.NET.USER.ZS,40.9
SRB,Serbia,2009,IT.NET.USER.ZS,38.1
SRB,Serbia,2008,IT.NET.USER.ZS,35.6
SRB,Serbia,2007,IT.NET.USER.ZS,33.15
SRB,Serbia,2006,IT.NET.USER.ZS,27.2
SRB,Serbia,2005,IT.NET.USER.ZS,26.29999924
SYC,Seychelles,2024,IT.NET.USER.ZS,87.81800079
SYC,Seychelles,2023,IT.NET.USER.ZS,86.001297
SYC,Seychelles,2022,IT.NET.USER.ZS,84.83380127
SYC,Seychelles,2021,IT.NET.USER.ZS,81.99530029
SYC,Seychelles,2020,IT.NET.USER.ZS,79.25170135
SYC,Seychelles,2019,IT.NET.USER.ZS,76.63420105
SYC,Seychelles,2018,IT.NET.USER.ZS,69.23660278
SYC,Seychelles,2017,IT.NET.USER.ZS,62.55310059
SYC,Seychelles,2016,IT.NET.USER.ZS,56.51470184
SYC,Seychelles,2015,IT.NET.USER.ZS,54.25960159
SYC,Seychelles,2014,IT.NET.USER.ZS,51.25469971
SYC,Seychelles,2013,IT.NET.USER.ZS,50.40000153
SYC,Seychelles,2012,IT.NET.USER.ZS,47.07600021
SYC,Seychelles,2011,IT.NET.USER.ZS,43.16400146
SYC,Seychelles,2010,IT.NET.USER.ZS,41.0
SYC,Seychelles,2008,IT.NET.USER.ZS,40.44
SYC,Seychelles,2007,IT.NET.USER.ZS,38.38
SYC,Seychelles,2006,IT.NET.USER.ZS,34.95197117065
SYC,Seychelles,2005,IT.NET.USER.ZS,25.4132681462836
SLE,Sierra Leone,2024,IT.NET.USER.ZS,25.10499954
SLE,Sierra Leone,2023,IT.NET.USER.ZS,23.71360016
SLE,Sierra Leone,2022,IT.NET.USER.ZS,21.50880051
SLE,Sierra Leone,2021,IT.NET.USER.ZS,18.65390015
SLE,Sierra Leone,2020,IT.NET.USER.ZS,17.12080002
SLE,Sierra Leone,2019,IT.NET.USER.ZS,15.71370029
SLE,Sierra Leone,2018,IT.NET.USER.ZS,14.42230034
SLE,Sierra Leone,2017,IT.NET.USER.ZS,9.297100067
SLE,Sierra Leone,2016,IT.NET.USER.ZS,7.680099964
SLE,Sierra Leone,2015,IT.NET.USER.ZS,6.344399929
SLE,Sierra Leone,2014,IT.NET.USER.ZS,6.057300091
SLE,Sierra Leone,2013,IT.NET.USER.ZS,4.0
SLE,Sierra Leone,2012,IT.NET.USER.ZS,2.5
SLE,Sierra Leone,2011,IT.NET.USER.ZS,0.899999976
SLE,Sierra Leone,2010,IT.NET.USER.ZS,0.579999983
SLE,Sierra Leone,2009,IT.NET.USER.ZS,0.25999999
SLE,Sierra Leone,2008,IT.NET.USER.ZS,0.25
SLE,Sierra Leone,2007,IT.NET.USER.ZS,0.239800006
SLE,Sierra Leone,2006,IT.NET.USER.ZS,0.227699995
SLE,Sierra Leone,2005,IT.NET.USER.ZS,0.215399995
SGP,Singapore,2024,IT.NET.USER.ZS,94.37757178
SGP,Singapore,2023,IT.NET.USER.ZS,94.28518987
SGP,Singapore,2022,IT.NET.USER.ZS,95.95386476
SGP,Singapore,2021,IT.NET.USER.ZS,96.92468156
SGP,Singapore,2020,IT.NET.USER.ZS,92.00434653
SGP,Singapore,2019,IT.NET.USER.ZS,88.9492526850762
SGP,Singapore,2018,IT.NET.USER.ZS,88.1656360313447
SGP,Singapore,2017,IT.NET.USER.ZS,84.4522678893074
SGP,Singapore,2016,IT.NET.USER.ZS,84.4522678893074
SGP,Singapore,2015,IT.NET.USER.ZS,79.0129570025584
SGP,Singapore,2014,IT.NET.USER.ZS,79.0292358633435
SGP,Singapore,2013,IT.NET.USER.ZS,80.90209961
SGP,Singapore,2012,IT.NET.USER.ZS,72.0
SGP,Singapore,2011,IT.NET.USER.ZS,71.0
SGP,Singapore,2010,IT.NET.USER.ZS,71.0
SGP,Singapore,2009,IT.NET.USER.ZS,69.0
SGP,Singapore,2008,IT.NET.USER.ZS,69.0
SGP,Singapore,2007,IT.NET.USER.ZS,69.9
SGP,Singapore,2006,IT.NET.USER.ZS,59.0
SGP,Singapore,2005,IT.NET.USER.ZS,61.0
SVK,Slovak Republic,2024,IT.NET.USER.ZS,89.82507032
SVK,Slovak Republic,2023,IT.NET.USER.ZS,87.2131343
SVK,Slovak Republic,2022,IT.NET.USER.ZS,89.06766196
SVK,Slovak Republic,2021,IT.NET.USER.ZS,88.92560523
SVK,Slovak Republic,2020,IT.NET.USER.ZS,89.92090413
SVK,Slovak Republic,2019,IT.NET.USER.ZS,82.8536605021784
SVK,Slovak Republic,2018,IT.NET.USER.ZS,80.4489224826099
SVK,Slovak Republic,2017,IT.NET.USER.ZS,81.6256675172655
SVK,Slovak Republic,2016,IT.NET.USER.ZS,80.475857275668
SVK,Slovak Republic,2015,IT.NET.USER.ZS,77.6346820339875
SVK,Slovak Republic,2014,IT.NET.USER.ZS,79.9843017656729
SVK,Slovak Republic,2013,IT.NET.USER.ZS,77.8826
SVK,Slovak Republic,2012,IT.NET.USER.ZS,76.7099901181121
SVK,Slovak Republic,2011,IT.NET.USER.ZS,74.4399971746757
SVK,Slovak Republic,2010,IT.NET.USER.ZS,75.71
SVK,Slovak Republic,2009,IT.NET.USER.ZS,70.0
SVK,Slovak Republic,2008,IT.NET.USER.ZS,66.05
SVK,Slovak Republic,2007,IT.NET.USER.ZS,61.8
SVK,Slovak Republic,2006,IT.NET.USER.ZS,56.08
SVK,Slovak Republic,2005,IT.NET.USER.ZS,55.19
SVN,Slovenia,2024,IT.NET.USER.ZS,90.76355487
SVN,Slovenia,2023,IT.NET.USER.ZS,90.37794678
SVN,Slovenia,2022,IT.NET.USER.ZS,88.91248552
SVN,Slovenia,2021,IT.NET.USER.ZS,89.00399524
SVN,Slovenia,2020,IT.NET.USER.ZS,86.60130109
SVN,Slovenia,2019,IT.NET.USER.ZS,83.1083578026717
SVN,Slovenia,2018,IT.NET.USER.ZS,79.7499765956562
SVN,Slovenia,2017,IT.NET.USER.ZS,78.8854263554775
SVN,Slovenia,2016,IT.NET.USER.ZS,75.4985042610791
SVN,Slovenia,2015,IT.NET.USER.ZS,73.0986599745829
SVN,Slovenia,2014,IT.NET.USER.ZS,71.5862515855601
SVN,Slovenia,2013,IT.NET.USER.ZS,72.6756
SVN,Slovenia,2012,IT.NET.USER.ZS,68.3499745287825
SVN,Slovenia,2011,IT.NET.USER.ZS,67.3399948092396
SVN,Slovenia,2010,IT.NET.USER.ZS,70.0
SVN,Slovenia,2009,IT.NET.USER.ZS,64.0
SVN,Slovenia,2008,IT.NET.USER.ZS,58.0
SVN,Slovenia,2007,IT.NET.USER.ZS,56.74
SVN,Slovenia,2006,IT.NET.USER.ZS,54.01
SVN,Slovenia,2005,IT.NET.USER.ZS,46.81
SLB,Solomon Islands,2024,IT.NET.USER.ZS,29.04070091
SLB,Solomon Islands,2023,IT.NET.USER.ZS,28.67239952
SLB,Solomon Islands,2022,IT.NET.USER.ZS,28.01729965
SLB,Solomon Islands,2021,IT.NET.USER.ZS,26.03790092
SLB,Solomon Islands,2020,IT.NET.USER.ZS,24.1984005
SLB,Solomon Islands,2019,IT.NET.USER.ZS,22.48880005
SLB,Solomon Islands,2018,IT.NET.USER.ZS,20.8593998
SLB,Solomon Islands,2017,IT.NET.USER.ZS,15.14840031
SLB,Solomon Islands,2016,IT.NET.USER.ZS,11.00090027
SLB,Solomon Islands,2015,IT.NET.USER.ZS,10.00049973
SLB,Solomon Islands,2014,IT.NET.USER.ZS,9.0
SLB,Solomon Islands,2013,IT.NET.USER.ZS,8.0
SLB,Solomon Islands,2012,IT.NET.USER.ZS,6.997399807
SLB,Solomon Islands,2011,IT.NET.USER.ZS,6.0
SLB,Solomon Islands,2010,IT.NET.USER.ZS,5.0
SLB,Solomon Islands,2009,IT.NET.USER.ZS,4.0
SLB,Solomon Islands,2008,IT.NET.USER.ZS,3.0
SLB,Solomon Islands,2007,IT.NET.USER.ZS,2.0
SLB,Solomon Islands,2006,IT.NET.USER.ZS,1.646299958
SLB,Solomon Islands,2005,IT.NET.USER.ZS,0.844299972
SOM,"Somalia, Fed. Rep.",2024,IT.NET.USER.ZS,27.94020081
SOM,"Somalia, Fed. Rep.",2023,IT.NET.USER.ZS,26.12010002
SOM,"Somalia, Fed. Rep.",2022,IT.NET.USER.ZS,27.6
SOM,"Somalia, Fed. Rep.",2021,IT.NET.USER.ZS,23.87479973
SOM,"Somalia, Fed. Rep.",2020,IT.NET.USER.ZS,15.02369976
SOM,"Somalia, Fed. Rep.",2019,IT.NET.USER.ZS,2.731400013
SOM,"Somalia, Fed. Rep.",2016,IT.NET.USER.ZS,1.879999995
SOM,"Somalia, Fed. Rep.",2015,IT.NET.USER.ZS,1.75999999
SOM,"Somalia, Fed. Rep.",2014,IT.NET.USER.ZS,1.629999995
SOM,"Somalia, Fed. Rep.",2013,IT.NET.USER.ZS,1.5
SOM,"Somalia, Fed. Rep.",2012,IT.NET.USER.ZS,1.376700044
SOM,"Somalia, Fed. Rep.",2011,IT.NET.USER.ZS,1.25
SOM,"Somalia, Fed. Rep.",2009,IT.NET.USER.ZS,1.160599947
SOM,"Somalia, Fed. Rep.",2008,IT.NET.USER.ZS,1.142699957
SOM,"Somalia, Fed. Rep.",2007,IT.NET.USER.ZS,1.122200012
SOM,"Somalia, Fed. Rep.",2006,IT.NET.USER.ZS,1.100200057
SOM,"Somalia, Fed. Rep.",2005,IT.NET.USER.ZS,1.077299953
ZAF,South Africa,2024,IT.NET.USER.ZS,78.35759735
ZAF,South Africa,2023,IT.NET.USER.ZS,78.33670044
ZAF,South Africa,2022,IT.NET.USER.ZS,78.29319763
ZAF,South Africa,2021,IT.NET.USER.ZS,74.96859741
ZAF,South Africa,2020,IT.NET.USER.ZS,72.1128006
ZAF,South Africa,2019,IT.NET.USER.ZS,69.69689941
ZAF,South Africa,2018,IT.NET.USER.ZS,62.40000153
ZAF,South Africa,2017,IT.NET.USER.ZS,56.16740036
ZAF,South Africa,2016,IT.NET.USER.ZS,54.0
ZAF,South Africa,2015,IT.NET.USER.ZS,51.91910172
ZAF,South Africa,2014,IT.NET.USER.ZS,49.0
ZAF,South Africa,2013,IT.NET.USER.ZS,46.5
ZAF,South Africa,2012,IT.NET.USER.ZS,41.0
ZAF,South Africa,2011,IT.NET.USER.ZS,33.97
ZAF,South Africa,2010,IT.NET.USER.ZS,24.0
ZAF,South Africa,2009,IT.NET.USER.ZS,10.0
ZAF,South Africa,2008,IT.NET.USER.ZS,8.43
ZAF,South Africa,2007,IT.NET.USER.ZS,8.06537517355504
ZAF,South Africa,2006,IT.NET.USER.ZS,7.60713967477381
ZAF,South Africa,2005,IT.NET.USER.ZS,7.48854252992921
SSD,South Sudan,2019,IT.NET.USER.ZS,6.671000004
SSD,South Sudan,2018,IT.NET.USER.ZS,4.800000191
SSD,South Sudan,2017,IT.NET.USER.ZS,4.1
SSD,South Sudan,2016,IT.NET.USER.ZS,3.5
SSD,South Sudan,2015,IT.NET.USER.ZS,3.0
SSD,South Sudan,2014,IT.NET.USER.ZS,2.599999905
SSD,South Sudan,2013,IT.NET.USER.ZS,2.200000048
SSD,South Sudan,2012,IT.NET.USER.ZS,1.5
ESP,Spain,2024,IT.NET.USER.ZS,95.7574516
ESP,Spain,2023,IT.NET.USER.ZS,95.44564516
ESP,Spain,2022,IT.NET.USER.ZS,94.4855432
ESP,Spain,2021,IT.NET.USER.ZS,93.89752157
ESP,Spain,2020,IT.NET.USER.ZS,93.20564892
ESP,Spain,2019,IT.NET.USER.ZS,90.718665325267
ESP,Spain,2018,IT.NET.USER.ZS,86.107235525659
ESP,Spain,2017,IT.NET.USER.ZS,84.6022457016524
ESP,Spain,2016,IT.NET.USER.ZS,80.5613329432179
ESP,Spain,2015,IT.NET.USER.ZS,78.6896318703515
ESP,Spain,2014,IT.NET.USER.ZS,76.1867089778712
ESP,Spain,2013,IT.NET.USER.ZS,71.635
ESP,Spain,2012,IT.NET.USER.ZS,69.8099999420024
ESP,Spain,2011,IT.NET.USER.ZS,67.0899993926581
ESP,Spain,2010,IT.NET.USER.ZS,65.8
ESP,Spain,2009,IT.NET.USER.ZS,62.4
ESP,Spain,2008,IT.NET.USER.ZS,59.6
ESP,Spain,2007,IT.NET.USER.ZS,55.11
ESP,Spain,2006,IT.NET.USER.ZS,50.37
ESP,Spain,2005,IT.NET.USER.ZS,47.88
LKA,Sri Lanka,2024,IT.NET.USER.ZS,54.59
LKA,Sri Lanka,2023,IT.NET.USER.ZS,51.2
LKA,Sri Lanka,2022,IT.NET.USER.ZS,48.3
LKA,Sri Lanka,2021,IT.NET.USER.ZS,44.45308724
LKA,Sri Lanka,2020,IT.NET.USER.ZS,36.18473435
LKA,Sri Lanka,2019,IT.NET.USER.ZS,32.02090073
LKA,Sri Lanka,2018,IT.NET.USER.ZS,28.33620071
LKA,Sri Lanka,2017,IT.NET.USER.ZS,25.07550049
LKA,Sri Lanka,2016,IT.NET.USER.ZS,22.19
LKA,Sri Lanka,2015,IT.NET.USER.ZS,15.26249981
LKA,Sri Lanka,2014,IT.NET.USER.ZS,10.5000026214106
LKA,Sri Lanka,2013,IT.NET.USER.ZS,10.04440022
LKA,Sri Lanka,2012,IT.NET.USER.ZS,9.00039959
LKA,Sri Lanka,2011,IT.NET.USER.ZS,7.956399918
LKA,Sri Lanka,2010,IT.NET.USER.ZS,6.912399769
LKA,Sri Lanka,2009,IT.NET.USER.ZS,5.868500233
LKA,Sri Lanka,2008,IT.NET.USER.ZS,4.824500084
LKA,Sri Lanka,2007,IT.NET.USER.ZS,3.88
LKA,Sri Lanka,2006,IT.NET.USER.ZS,2.53756612897332
LKA,Sri Lanka,2005,IT.NET.USER.ZS,1.792000055
KNA,St. Kitts and Nevis,2024,IT.NET.USER.ZS,76.88400269
KNA,St. Kitts and Nevis,2023,IT.NET.USER.ZS,76.58950043
KNA,St. Kitts and Nevis,2022,IT.NET.USER.ZS,75.76229858
KNA,St. Kitts and Nevis,2021,IT.NET.USER.ZS,74.37159729
KNA,St. Kitts and Nevis,2020,IT.NET.USER.ZS,70.27529907
KNA,St. Kitts and Nevis,2019,IT.NET.USER.ZS,69.43499756
KNA,St. Kitts and Nevis,2018,IT.NET.USER.ZS,68.60479736
KNA,St. Kitts and Nevis,2017,IT.NET.USER.ZS,67.78440094
KNA,St. Kitts and Nevis,2016,IT.NET.USER.ZS,66.97389984
KNA,St. Kitts and Nevis,2015,IT.NET.USER.ZS,66.17310333
KNA,St. Kitts and Nevis,2014,IT.NET.USER.ZS,65.38179779
KNA,St. Kitts and Nevis,2013,IT.NET.USER.ZS,64.59999847
KNA,St. Kitts and Nevis,2012,IT.NET.USER.ZS,64.0
KNA,St. Kitts and Nevis,2011,IT.NET.USER.ZS,63.20000076
KNA,St. Kitts and Nevis,2010,IT.NET.USER.ZS,63.0
KNA,St. Kitts and Nevis,2009,IT.NET.USER.ZS,55.70000076
KNA,St. Kitts and Nevis,2008,IT.NET.USER.ZS,49.20000076
KNA,St. Kitts and Nevis,2007,IT.NET.USER.ZS,43.5
KNA,St. Kitts and Nevis,2006,IT.NET.USER.ZS,38.5
KNA,St. Kitts and Nevis,2005,IT.NET.USER.ZS,34.0
LCA,St. Lucia,2024,IT.NET.USER.ZS,68.20500183
LCA,St. Lucia,2023,IT.NET.USER.ZS,67.44390106
LCA,St. Lucia,2022,IT.NET.USER.ZS,66.95159912
LCA,St. Lucia,2021,IT.NET.USER.ZS,63.06330109
LCA,St. Lucia,2020,IT.NET.USER.ZS,62.06399918
LCA,St. Lucia,2019,IT.NET.USER.ZS,61.08050156
LCA,St. Lucia,2018,IT.NET.USER.ZS,60.11259842
LCA,St. Lucia,2017,IT.NET.USER.ZS,59.16009903
LCA,St. Lucia,2016,IT.NET.USER.ZS,58.22259903
LCA,St. Lucia,2015,IT.NET.USER.ZS,57.26330185
LCA,St. Lucia,2014,IT.NET.USER.ZS,53.17969894
LCA,St. Lucia,2013,IT.NET.USER.ZS,49.3871994
LCA,St. Lucia,2012,IT.NET.USER.ZS,45.865
LCA,St. Lucia,2011,IT.NET.USER.ZS,34.0
LCA,St. Lucia,2010,IT.NET.USER.ZS,32.5
LCA,St. Lucia,2009,IT.NET.USER.ZS,31.0
LCA,St. Lucia,2008,IT.NET.USER.ZS,30.0
LCA,St. Lucia,2007,IT.NET.USER.ZS,27.89999962
LCA,St. Lucia,2006,IT.NET.USER.ZS,24.5
LCA,St. Lucia,2005,IT.NET.USER.ZS,21.5675829464215
VCT,St. Vincent and the Grenadines,2024,IT.NET.USER.ZS,76.19010162
VCT,St. Vincent and the Grenadines,2023,IT.NET.USER.ZS,75.53679657
VCT,St. Vincent and the Grenadines,2022,IT.NET.USER.ZS,74.75479889
VCT,St. Vincent and the Grenadines,2021,IT.NET.USER.ZS,68.83339691
VCT,St. Vincent and the Grenadines,2020,IT.NET.USER.ZS,63.38100052
VCT,St. Vincent and the Grenadines,2019,IT.NET.USER.ZS,59.57630157
VCT,St. Vincent and the Grenadines,2018,IT.NET.USER.ZS,56.0
VCT,St. Vincent and the Grenadines,2017,IT.NET.USER.ZS,53.70000076
VCT,St. Vincent and the Grenadines,2016,IT.NET.USER.ZS,51.5
VCT,St. Vincent and the Grenadines,2015,IT.NET.USER.ZS,49.40000153
VCT,St. Vincent and the Grenadines,2014,IT.NET.USER.ZS,47.4
VCT,St. Vincent and the Grenadines,2013,IT.NET.USER.ZS,43.5
VCT,St. Vincent and the Grenadines,2012,IT.NET.USER.ZS,40.0
VCT,St. Vincent and the Grenadines,2011,IT.NET.USER.ZS,36.70000076
VCT,St. Vincent and the Grenadines,2010,IT.NET.USER.ZS,33.70000076
VCT,St. Vincent and the Grenadines,2009,IT.NET.USER.ZS,31.0
VCT,St. Vincent and the Grenadines,2008,IT.NET.USER.ZS,21.0
VCT,St. Vincent and the Grenadines,2007,IT.NET.USER.ZS,16.0
VCT,St. Vincent and the Grenadines,2006,IT.NET.USER.ZS,12.0
VCT,St. Vincent and the Grenadines,2005,IT.NET.USER.ZS,9.19827808234299
SDN,Sudan,2017,IT.NET.USER.ZS,18.60000038
SDN,Sudan,2016,IT.NET.USER.ZS,14.0999999446534
SDN,Sudan,2015,IT.NET.USER.ZS,12.0
SDN,Sudan,2007,IT.NET.USER.ZS,8.66
SUR,Suriname,2023,IT.NET.USER.ZS,87.4
SUR,Suriname,2019,IT.NET.USER.ZS,62.03350067
SUR,Suriname,2018,IT.NET.USER.ZS,55.10210037
SUR,Suriname,2017,IT.NET.USER.ZS,48.94520187
SUR,Suriname,2016,IT.NET.USER.ZS,45.40000153
SUR,Suriname,2015,IT.NET.USER.ZS,42.76380157
SUR,Suriname,2014,IT.NET.USER.ZS,40.08000183
SUR,Suriname,2013,IT.NET.USER.ZS,37.40000153
SUR,Suriname,2012,IT.NET.USER.ZS,34.68119812
SUR,Suriname,2011,IT.NET.USER.ZS,32.0
SUR,Suriname,2010,IT.NET.USER.ZS,31.59
SUR,Suriname,2009,IT.NET.USER.ZS,31.36
SUR,Suriname,2008,IT.NET.USER.ZS,21.05999947
SUR,Suriname,2007,IT.NET.USER.ZS,14.11
SUR,Suriname,2006,IT.NET.USER.ZS,9.49960041
SUR,Suriname,2005,IT.NET.USER.ZS,6.40308628759062
SWE,Sweden,2025,IT.NET.USER.ZS,95.76629783
SWE,Sweden,2024,IT.NET.USER.ZS,95.52930428
SWE,Sweden,2023,IT.NET.USER.ZS,95.70327461
SWE,Sweden,2022,IT.NET.USER.ZS,95.00970335
SWE,Sweden,2021,IT.NET.USER.ZS,94.6703163
SWE,Sweden,2020,IT.NET.USER.ZS,94.53943122
SWE,Sweden,2019,IT.NET.USER.ZS,94.4934434072202
SWE,Sweden,2018,IT.NET.USER.ZS,89.2469631588137
SWE,Sweden,2017,IT.NET.USER.ZS,93.0062669652127
SWE,Sweden,2016,IT.NET.USER.ZS,89.6509476102355
SWE,Sweden,2015,IT.NET.USER.ZS,90.6101966398616
SWE,Sweden,2014,IT.NET.USER.ZS,92.5236065037579
SWE,Sweden,2013,IT.NET.USER.ZS,94.7836
SWE,Sweden,2012,IT.NET.USER.ZS,93.1799880065108
SWE,Sweden,2011,IT.NET.USER.ZS,92.7699860554046
SWE,Sweden,2010,IT.NET.USER.ZS,90.0
SWE,Sweden,2009,IT.NET.USER.ZS,91.0
SWE,Sweden,2008,IT.NET.USER.ZS,90.0
SWE,Sweden,2007,IT.NET.USER.ZS,82.01
SWE,Sweden,2006,IT.NET.USER.ZS,87.76
SWE,Sweden,2005,IT.NET.USER.ZS,84.83
CHE,Switzerland,2025,IT.NET.USER.ZS,97.32103855
CHE,Switzerland,2024,IT.NET.USER.ZS,97.3443985
CHE,Switzerland,2023,IT.NET.USER.ZS,97.34436623
CHE,Switzerland,2022,IT.NET.USER.ZS,96.45279694
CHE,Switzerland,2021,IT.NET.USER.ZS,95.56937154
CHE,Switzerland,2020,IT.NET.USER.ZS,94.34999847
CHE,Switzerland,2019,IT.NET.USER.ZS,93.1460869535177
CHE,Switzerland,2018,IT.NET.USER.ZS,91.80000305
CHE,Switzerland,2017,IT.NET.USER.ZS,89.6861476710225
CHE,Switzerland,2016,IT.NET.USER.ZS,89.1346877351392
CHE,Switzerland,2015,IT.NET.USER.ZS,87.4790555978675
CHE,Switzerland,2014,IT.NET.USER.ZS,83.6172512621702
CHE,Switzerland,2013,IT.NET.USER.ZS,86.34
CHE,Switzerland,2012,IT.NET.USER.ZS,85.2
CHE,Switzerland,2011,IT.NET.USER.ZS,85.1930281804854
CHE,Switzerland,2010,IT.NET.USER.ZS,83.9
CHE,Switzerland,2009,IT.NET.USER.ZS,81.3
CHE,Switzerland,2008,IT.NET.USER.ZS,79.2
CHE,Switzerland,2007,IT.NET.USER.ZS,77.2
CHE,Switzerland,2006,IT.NET.USER.ZS,75.7
CHE,Switzerland,2005,IT.NET.USER.ZS,70.1
SYR,Syrian Arab Republic,2018,IT.NET.USER.ZS,33.77000046
SYR,Syrian Arab Republic,2017,IT.NET.USER.ZS,32.70000076
SYR,Syrian Arab Republic,2016,IT.NET.USER.ZS,31.8696003
SYR,Syrian Arab Republic,2015,IT.NET.USER.ZS,29.97979927
SYR,Syrian Arab Republic,2014,IT.NET.USER.ZS,28.09000015
SYR,Syrian Arab Republic,2013,IT.NET.USER.ZS,26.20000076
SYR,Syrian Arab Republic,2012,IT.NET.USER.ZS,24.30010033
SYR,Syrian Arab Republic,2011,IT.NET.USER.ZS,22.5
SYR,Syrian Arab Republic,2010,IT.NET.USER.ZS,20.7
SYR,Syrian Arab Republic,2009,IT.NET.USER.ZS,17.3
SYR,Syrian Arab Republic,2008,IT.NET.USER.ZS,14.0
SYR,Syrian Arab Republic,2007,IT.NET.USER.ZS,11.5
SYR,Syrian Arab Republic,2006,IT.NET.USER.ZS,7.832600117
SYR,Syrian Arab Republic,2005,IT.NET.USER.ZS,5.648099899
TJK,Tajikistan,2024,IT.NET.USER.ZS,55.79339981
TJK,Tajikistan,2023,IT.NET.USER.ZS,54.41550064
TJK,Tajikistan,2022,IT.NET.USER.ZS,48.91429901
TJK,Tajikistan,2021,IT.NET.USER.ZS,36.70560074
TJK,Tajikistan,2020,IT.NET.USER.ZS,27.54409981
TJK,Tajikistan,2019,IT.NET.USER.ZS,22.68630028
TJK,Tajikistan,2018,IT.NET.USER.ZS,32.59999847
TJK,Tajikistan,2017,IT.NET.USER.ZS,21.95999908
TJK,Tajikistan,2016,IT.NET.USER.ZS,20.46999931
TJK,Tajikistan,2015,IT.NET.USER.ZS,18.97999954
TJK,Tajikistan,2014,IT.NET.USER.ZS,17.48999977
TJK,Tajikistan,2013,IT.NET.USER.ZS,16.0
TJK,Tajikistan,2012,IT.NET.USER.ZS,14.51000023
TJK,Tajikistan,2011,IT.NET.USER.ZS,13.02999973
TJK,Tajikistan,2010,IT.NET.USER.ZS,11.55000019
TJK,Tajikistan,2009,IT.NET.USER.ZS,10.07
TJK,Tajikistan,2008,IT.NET.USER.ZS,8.78
TJK,Tajikistan,2007,IT.NET.USER.ZS,7.19761951797855
TJK,Tajikistan,2006,IT.NET.USER.ZS,3.77240620666448
TJK,Tajikistan,2005,IT.NET.USER.ZS,0.298690023682825
TZA,Tanzania,2024,IT.NET.USER.ZS,31.16209984
TZA,Tanzania,2023,IT.NET.USER.ZS,28.43190002
TZA,Tanzania,2022,IT.NET.USER.ZS,26.86059952
TZA,Tanzania,2021,IT.NET.USER.ZS,22.87540054
TZA,Tanzania,2020,IT.NET.USER.ZS,19.48139954
TZA,Tanzania,2019,IT.NET.USER.ZS,16.59090042
TZA,Tanzania,2018,IT.NET.USER.ZS,15.49069977
TZA,Tanzania,2017,IT.NET.USER.ZS,14.46339989
TZA,Tanzania,2016,IT.NET.USER.ZS,13.5042328468919
TZA,Tanzania,2015,IT.NET.USER.ZS,10.0
TZA,Tanzania,2014,IT.NET.USER.ZS,7.0
TZA,Tanzania,2013,IT.NET.USER.ZS,4.400000095
TZA,Tanzania,2012,IT.NET.USER.ZS,3.950000048
TZA,Tanzania,2011,IT.NET.USER.ZS,3.200000048
TZA,Tanzania,2010,IT.NET.USER.ZS,2.900000095
TZA,Tanzania,2009,IT.NET.USER.ZS,2.400000095
TZA,Tanzania,2008,IT.NET.USER.ZS,1.899999976
TZA,Tanzania,2007,IT.NET.USER.ZS,1.6
TZA,Tanzania,2006,IT.NET.USER.ZS,1.299999952
TZA,Tanzania,2005,IT.NET.USER.ZS,1.100000024
THA,Thailand,2024,IT.NET.USER.ZS,90.86718789
THA,Thailand,2023,IT.NET.USER.ZS,89.53525238
THA,Thailand,2022,IT.NET.USER.ZS,87.97724503
THA,Thailand,2021,IT.NET.USER.ZS,85.26956666
THA,Thailand,2020,IT.NET.USER.ZS,77.84374066
THA,Thailand,2019,IT.NET.USER.ZS,66.6524194587528
THA,Thailand,2018,IT.NET.USER.ZS,56.8174809301456
THA,Thailand,2017,IT.NET.USER.ZS,52.8919293439676
THA,Thailand,2016,IT.NET.USER.ZS,47.5049656215909
THA,Thailand,2015,IT.NET.USER.ZS,39.3161267365004
THA,Thailand,2014,IT.NET.USER.ZS,34.8860535783465
THA,Thailand,2013,IT.NET.USER.ZS,28.94
THA,Thailand,2012,IT.NET.USER.ZS,26.46
THA,Thailand,2011,IT.NET.USER.ZS,23.669925618731
THA,Thailand,2010,IT.NET.USER.ZS,22.4
THA,Thailand,2009,IT.NET.USER.ZS,20.1
THA,Thailand,2008,IT.NET.USER.ZS,18.2
THA,Thailand,2007,IT.NET.USER.ZS,20.03
THA,Thailand,2006,IT.NET.USER.ZS,17.1607147169285
THA,Thailand,2005,IT.NET.USER.ZS,15.0260043588909
TLS,Timor-Leste,2021,IT.NET.USER.ZS,35.04199982
TLS,Timor-Leste,2020,IT.NET.USER.ZS,32.01269913
TLS,Timor-Leste,2019,IT.NET.USER.ZS,28.00460052
TLS,Timor-Leste,2018,IT.NET.USER.ZS,27.60000038
TLS,Timor-Leste,2017,IT.NET.USER.ZS,24.20000076
TLS,Timor-Leste,2016,IT.NET.USER.ZS,21.20000076
TLS,Timor-Leste,2015,IT.NET.USER.ZS,18.60000038
TLS,Timor-Leste,2014,IT.NET.USER.ZS,17.5
TLS,Timor-Leste,2013,IT.NET.USER.ZS,11.0
TLS,Timor-Leste,2012,IT.NET.USER.ZS,7.0
TLS,Timor-Leste,2011,IT.NET.USER.ZS,4.0
TLS,Timor-Leste,2010,IT.NET.USER.ZS,3.0
TLS,Timor-Leste,2009,IT.NET.USER.ZS,2.0
TLS,Timor-Leste,2008,IT.NET.USER.ZS,1.5
TLS,Timor-Leste,2007,IT.NET.USER.ZS,1.0
TLS,Timor-Leste,2006,IT.NET.USER.ZS,0.5
TLS,Timor-Leste,2005,IT.NET.USER.ZS,0.0990317678179026
TGO,Togo,2024,IT.NET.USER.ZS,39.48320007
TGO,Togo,2023,IT.NET.USER.ZS,37.57020187
TGO,Togo,2022,IT.NET.USER.ZS,35.60749817
TGO,Togo,2021,IT.NET.USER.ZS,30.33839989
TGO,Togo,2020,IT.NET.USER.ZS,29.02370071
TGO,Togo,2019,IT.NET.USER.ZS,20.72730064
TGO,Togo,2018,IT.NET.USER.ZS,15.5
TGO,Togo,2017,IT.NET.USER.ZS,12.3602249692905
TGO,Togo,2016,IT.NET.USER.ZS,11.31000042
TGO,Togo,2015,IT.NET.USER.ZS,7.119999886
TGO,Togo,2014,IT.NET.USER.ZS,5.699999809
TGO,Togo,2013,IT.NET.USER.ZS,4.5
TGO,Togo,2012,IT.NET.USER.ZS,4.0
TGO,Togo,2011,IT.NET.USER.ZS,3.5
TGO,Togo,2010,IT.NET.USER.ZS,3.0
TGO,Togo,2009,IT.NET.USER.ZS,2.599999905
TGO,Togo,2008,IT.NET.USER.ZS,2.400000095
TGO,Togo,2007,IT.NET.USER.ZS,2.200000048
TGO,Togo,2006,IT.NET.USER.ZS,2.0
TGO,Togo,2005,IT.NET.USER.ZS,1.799999952
TON,Tonga,2024,IT.NET.USER.ZS,67.4417038
TON,Tonga,2023,IT.NET.USER.ZS,64.13140106
TON,Tonga,2022,IT.NET.USER.ZS,61.60739899
TON,Tonga,2021,IT.NET.USER.ZS,57.549
TON,Tonga,2020,IT.NET.USER.ZS,54.47370148
TON,Tonga,2019,IT.NET.USER.ZS,51.56299973
TON,Tonga,2018,IT.NET.USER.ZS,48.80789948
TON,Tonga,2017,IT.NET.USER.ZS,46.20080185
TON,Tonga,2016,IT.NET.USER.ZS,39.95000076
TON,Tonga,2015,IT.NET.USER.ZS,38.65129852
TON,Tonga,2014,IT.NET.USER.ZS,35.95439911
TON,Tonga,2013,IT.NET.USER.ZS,32.75400162
TON,Tonga,2012,IT.NET.USER.ZS,30.0
TON,Tonga,2011,IT.NET.USER.ZS,25.0
TON,Tonga,2010,IT.NET.USER.ZS,16.0
TON,Tonga,2009,IT.NET.USER.ZS,10.0
TON,Tonga,2008,IT.NET.USER.ZS,8.11076994380395
TON,Tonga,2007,IT.NET.USER.ZS,7.179900169
TON,Tonga,2006,IT.NET.USER.ZS,5.853899956
TON,Tonga,2005,IT.NET.USER.ZS,4.907800198
TTO,Trinidad and Tobago,2024,IT.NET.USER.ZS,82.15989685
TTO,Trinidad and Tobago,2023,IT.NET.USER.ZS,81.9681015
TTO,Trinidad and Tobago,2022,IT.NET.USER.ZS,81.69760132
TTO,Trinidad and Tobago,2021,IT.NET.USER.ZS,84.36576986
TTO,Trinidad and Tobago,2020,IT.NET.USER.ZS,77.28130341
TTO,Trinidad and Tobago,2019,IT.NET.USER.ZS,74.98670197
TTO,Trinidad and Tobago,2018,IT.NET.USER.ZS,72.76029968
TTO,Trinidad and Tobago,2017,IT.NET.USER.ZS,70.59999847
TTO,Trinidad and Tobago,2016,IT.NET.USER.ZS,67.80000305
TTO,Trinidad and Tobago,2015,IT.NET.USER.ZS,65.09999847
TTO,Trinidad and Tobago,2014,IT.NET.USER.ZS,62.40000153
TTO,Trinidad and Tobago,2013,IT.NET.USER.ZS,59.90000153
TTO,Trinidad and Tobago,2012,IT.NET.USER.ZS,57.5
TTO,Trinidad and Tobago,2011,IT.NET.USER.ZS,55.2
TTO,Trinidad and Tobago,2010,IT.NET.USER.ZS,48.5
TTO,Trinidad and Tobago,2009,IT.NET.USER.ZS,44.3
TTO,Trinidad and Tobago,2008,IT.NET.USER.ZS,34.8
TTO,Trinidad and Tobago,2007,IT.NET.USER.ZS,32.3
TTO,Trinidad and Tobago,2006,IT.NET.USER.ZS,30.00370026
TTO,Trinidad and Tobago,2005,IT.NET.USER.ZS,28.97669983
TUN,Tunisia,2024,IT.NET.USER.ZS,76.5
TUN,Tunisia,2021,IT.NET.USER.ZS,68.31552226
TUN,Tunisia,2020,IT.NET.USER.ZS,68.55639648
TUN,Tunisia,2019,IT.NET.USER.ZS,66.6999983024144
TUN,Tunisia,2018,IT.NET.USER.ZS,64.1908102327387
TUN,Tunisia,2017,IT.NET.USER.ZS,55.5001550633671
TUN,Tunisia,2016,IT.NET.USER.ZS,49.5999948415756
TUN,Tunisia,2015,IT.NET.USER.ZS,46.4999943435776
TUN,Tunisia,2014,IT.NET.USER.ZS,46.15999985
TUN,Tunisia,2013,IT.NET.USER.ZS,43.79999924
TUN,Tunisia,2012,IT.NET.USER.ZS,41.4416008
TUN,Tunisia,2011,IT.NET.USER.ZS,39.1
TUN,Tunisia,2010,IT.NET.USER.ZS,36.8
TUN,Tunisia,2009,IT.NET.USER.ZS,34.07
TUN,Tunisia,2008,IT.NET.USER.ZS,27.53
TUN,Tunisia,2007,IT.NET.USER.ZS,17.1
TUN,Tunisia,2006,IT.NET.USER.ZS,12.98639965
TUN,Tunisia,2005,IT.NET.USER.ZS,9.655099869
TUR,Turkiye,2025,IT.NET.USER.ZS,89.77024003
TUR,Turkiye,2024,IT.NET.USER.ZS,87.3078767
TUR,Turkiye,2023,IT.NET.USER.ZS,85.96074155
TUR,Turkiye,2022,IT.NET.USER.ZS,83.43716576
TUR,Turkiye,2021,IT.NET.USER.ZS,81.40843745
TUR,Turkiye,2020,IT.NET.USER.ZS,77.6695605
TUR,Turkiye,2019,IT.NET.USER.ZS,73.9767022871511
TUR,Turkiye,2018,IT.NET.USER.ZS,71.0427608433809
TUR,Turkiye,2017,IT.NET.USER.ZS,64.6846176835371
TUR,Turkiye,2016,IT.NET.USER.ZS,58.3477340145685
TUR,Turkiye,2015,IT.NET.USER.ZS,53.7449791423583
TUR,Turkiye,2014,IT.NET.USER.ZS,51.0373665521645
TUR,Turkiye,2013,IT.NET.USER.ZS,46.25
TUR,Turkiye,2012,IT.NET.USER.ZS,45.13
TUR,Turkiye,2011,IT.NET.USER.ZS,43.065710430925
TUR,Turkiye,2010,IT.NET.USER.ZS,39.82
TUR,Turkiye,2009,IT.NET.USER.ZS,36.4
TUR,Turkiye,2008,IT.NET.USER.ZS,34.37
TUR,Turkiye,2007,IT.NET.USER.ZS,28.63
TUR,Turkiye,2006,IT.NET.USER.ZS,18.24
TUR,Turkiye,2005,IT.NET.USER.ZS,15.46
TKM,Turkmenistan,2016,IT.NET.USER.ZS,17.99029922
TKM,Turkmenistan,2015,IT.NET.USER.ZS,14.99680042
TKM,Turkmenistan,2014,IT.NET.USER.ZS,12.19999981
TKM,Turkmenistan,2013,IT.NET.USER.ZS,9.600000381
TKM,Turkmenistan,2012,IT.NET.USER.ZS,7.195799828
TKM,Turkmenistan,2011,IT.NET.USER.ZS,5.0
TKM,Turkmenistan,2010,IT.NET.USER.ZS,3.0
TKM,Turkmenistan,2009,IT.NET.USER.ZS,1.950000048
TKM,Turkmenistan,2008,IT.NET.USER.ZS,1.75
TKM,Turkmenistan,2007,IT.NET.USER.ZS,1.40636068812023
TKM,Turkmenistan,2006,IT.NET.USER.ZS,1.3195731180963
TKM,Turkmenistan,2005,IT.NET.USER.ZS,0.997300029
TUV,Tuvalu,2017,IT.NET.USER.ZS,35.20000076
TUV,Tuvalu,2016,IT.NET.USER.ZS,31.0
TUV,Tuvalu,2015,IT.NET.USER.ZS,27.29999924
TUV,Tuvalu,2014,IT.NET.USER.ZS,24.10000038
TUV,Tuvalu,2013,IT.NET.USER.ZS,21.20000076
TUV,Tuvalu,2012,IT.NET.USER.ZS,18.70000076
TUV,Tuvalu,2011,IT.NET.USER.ZS,16.5
TUV,Tuvalu,2010,IT.NET.USER.ZS,14.60000038
TUV,Tuvalu,2009,IT.NET.USER.ZS,12.80000019
TUV,Tuvalu,2008,IT.NET.USER.ZS,11.19999981
TUV,Tuvalu,2007,IT.NET.USER.ZS,10.0
TUV,Tuvalu,2006,IT.NET.USER.ZS,9.100000381
TUV,Tuvalu,2005,IT.NET.USER.ZS,8.300000191
UGA,Uganda,2024,IT.NET.USER.ZS,8.949831061
UGA,Uganda,2023,IT.NET.USER.ZS,9.286999702
UGA,Uganda,2022,IT.NET.USER.ZS,9.636899948
UGA,Uganda,2021,IT.NET.USER.ZS,10.0
UGA,Uganda,2020,IT.NET.USER.ZS,7.4
UGA,Uganda,2019,IT.NET.USER.ZS,11.72579956
UGA,Uganda,2018,IT.NET.USER.ZS,9.326299667
UGA,Uganda,2017,IT.NET.USER.ZS,7.417900085
UGA,Uganda,2016,IT.NET.USER.ZS,5.9
UGA,Uganda,2015,IT.NET.USER.ZS,5.699999809
UGA,Uganda,2014,IT.NET.USER.ZS,5.400000095
UGA,Uganda,2013,IT.NET.USER.ZS,5.099999905
UGA,Uganda,2012,IT.NET.USER.ZS,4.800000191
UGA,Uganda,2011,IT.NET.USER.ZS,4.599999905
UGA,Uganda,2010,IT.NET.USER.ZS,4.300000191
UGA,Uganda,2009,IT.NET.USER.ZS,4.099999905
UGA,Uganda,2008,IT.NET.USER.ZS,3.880000114
UGA,Uganda,2007,IT.NET.USER.ZS,3.67196535074744
UGA,Uganda,2006,IT.NET.USER.ZS,2.52940011
UGA,Uganda,2005,IT.NET.USER.ZS,1.742200017
UKR,Ukraine,2024,IT.NET.USER.ZS,82.47489929
UKR,Ukraine,2023,IT.NET.USER.ZS,81.58059692
UKR,Ukraine,2022,IT.NET.USER.ZS,80.47429657
UKR,Ukraine,2021,IT.NET.USER.ZS,79.21829353
UKR,Ukraine,2020,IT.NET.USER.ZS,75.03790912
UKR,Ukraine,2019,IT.NET.USER.ZS,70.1248442995263
UKR,Ukraine,2018,IT.NET.USER.ZS,62.5531553933869
UKR,Ukraine,2017,IT.NET.USER.ZS,58.8894794459775
UKR,Ukraine,2016,IT.NET.USER.ZS,53.0009695981884
UKR,Ukraine,2015,IT.NET.USER.ZS,48.8846436813218
UKR,Ukraine,2014,IT.NET.USER.ZS,46.2359754571651
UKR,Ukraine,2013,IT.NET.USER.ZS,40.954128997
UKR,Ukraine,2012,IT.NET.USER.ZS,35.27
UKR,Ukraine,2011,IT.NET.USER.ZS,28.7082628400713
UKR,Ukraine,2010,IT.NET.USER.ZS,23.3
UKR,Ukraine,2009,IT.NET.USER.ZS,17.9
UKR,Ukraine,2008,IT.NET.USER.ZS,11.0
UKR,Ukraine,2007,IT.NET.USER.ZS,6.55
UKR,Ukraine,2006,IT.NET.USER.ZS,4.50612456357379
UKR,Ukraine,2005,IT.NET.USER.ZS,3.749799967
ARE,United Arab Emirates,2024,IT.NET.USER.ZS,100.0
ARE,United Arab Emirates,2023,IT.NET.USER.ZS,100.0
ARE,United Arab Emirates,2022,IT.NET.USER.ZS,100.0
ARE,United Arab Emirates,2021,IT.NET.USER.ZS,100.0
ARE,United Arab Emirates,2020,IT.NET.USER.ZS,100.0
ARE,United Arab Emirates,2019,IT.NET.USER.ZS,99.1499979561243
ARE,United Arab Emirates,2018,IT.NET.USER.ZS,98.4500017817194
ARE,United Arab Emirates,2017,IT.NET.USER.ZS,94.8199225383446
ARE,United Arab Emirates,2016,IT.NET.USER.ZS,90.6000073180483
ARE,United Arab Emirates,2015,IT.NET.USER.ZS,90.5
ARE,United Arab Emirates,2014,IT.NET.USER.ZS,90.4000107121939
ARE,United Arab Emirates,2013,IT.NET.USER.ZS,88.0
ARE,United Arab Emirates,2012,IT.NET.USER.ZS,84.9999915049492
ARE,United Arab Emirates,2011,IT.NET.USER.ZS,78.0
ARE,United Arab Emirates,2010,IT.NET.USER.ZS,68.0
ARE,United Arab Emirates,2009,IT.NET.USER.ZS,64.0
ARE,United Arab Emirates,2008,IT.NET.USER.ZS,63.0
ARE,United Arab Emirates,2007,IT.NET.USER.ZS,61.0
ARE,United Arab Emirates,2006,IT.NET.USER.ZS,52.0
ARE,United Arab Emirates,2005,IT.NET.USER.ZS,40.0
GBR,United Kingdom,2024,IT.NET.USER.ZS,95.4720993
GBR,United Kingdom,2023,IT.NET.USER.ZS,95.44719696
GBR,United Kingdom,2022,IT.NET.USER.ZS,95.46530151
GBR,United Kingdom,2021,IT.NET.USER.ZS,96.19650269
GBR,United Kingdom,2020,IT.NET.USER.ZS,94.81820132
GBR,United Kingdom,2019,IT.NET.USER.ZS,92.5166285497138
GBR,United Kingdom,2018,IT.NET.USER.ZS,90.692008988783
GBR,United Kingdom,2017,IT.NET.USER.ZS,90.4245504868553
GBR,United Kingdom,2016,IT.NET.USER.ZS,94.7758006318882
GBR,United Kingdom,2015,IT.NET.USER.ZS,92.0002998740234
GBR,United Kingdom,2014,IT.NET.USER.ZS,91.6133009176453
GBR,United Kingdom,2013,IT.NET.USER.ZS,89.8441
GBR,United Kingdom,2012,IT.NET.USER.ZS,87.4799984242111
GBR,United Kingdom,2011,IT.NET.USER.ZS,85.3799985496322
GBR,United Kingdom,2010,IT.NET.USER.ZS,85.0
GBR,United Kingdom,2009,IT.NET.USER.ZS,83.56
GBR,United Kingdom,2008,IT.NET.USER.ZS,78.39
GBR,United Kingdom,2007,IT.NET.USER.ZS,75.09
GBR,United Kingdom,2006,IT.NET.USER.ZS,68.82
GBR,United Kingdom,2005,IT.NET.USER.ZS,70.0
USA,United States,2024,IT.NET.USER.ZS,94.69380188
USA,United States,2023,IT.NET.USER.ZS,93.52559662
USA,United States,2022,IT.NET.USER.ZS,92.72850037
USA,United States,2021,IT.NET.USER.ZS,91.2684021
USA,United States,2020,IT.NET.USER.ZS,90.34470367
USA,United States,2019,IT.NET.USER.ZS,89.4302848575712
USA,United States,2018,IT.NET.USER.ZS,88.498903165152
USA,United States,2017,IT.NET.USER.ZS,87.2748891687657
USA,United States,2016,IT.NET.USER.ZS,85.5444212887222
USA,United States,2015,IT.NET.USER.ZS,74.5542024462761
USA,United States,2014,IT.NET.USER.ZS,73.0
USA,United States,2013,IT.NET.USER.ZS,71.4
USA,United States,2012,IT.NET.USER.ZS,74.7
USA,United States,2011,IT.NET.USER.ZS,69.7294607619268
USA,United States,2010,IT.NET.USER.ZS,71.69
USA,United States,2009,IT.NET.USER.ZS,71.0
USA,United States,2008,IT.NET.USER.ZS,74.0
USA,United States,2007,IT.NET.USER.ZS,75.0
USA,United States,2006,IT.NET.USER.ZS,68.93119812
USA,United States,2005,IT.NET.USER.ZS,67.9681015
URY,Uruguay,2024,IT.NET.USER.ZS,91.99109007
URY,Uruguay,2023,IT.NET.USER.ZS,90.92590332
URY,Uruguay,2022,IT.NET.USER.ZS,89.87304314
URY,Uruguay,2021,IT.NET.USER.ZS,87.64440155
URY,Uruguay,2020,IT.NET.USER.ZS,85.47100067
URY,Uruguay,2019,IT.NET.USER.ZS,83.3515337667548
URY,Uruguay,2018,IT.NET.USER.ZS,80.7268428795854
URY,Uruguay,2017,IT.NET.USER.ZS,70.3223543994698
URY,Uruguay,2016,IT.NET.USER.ZS,66.40000153
URY,Uruguay,2015,IT.NET.USER.ZS,64.5707870971624
URY,Uruguay,2014,IT.NET.USER.ZS,61.4624951684405
URY,Uruguay,2013,IT.NET.USER.ZS,57.69
URY,Uruguay,2012,IT.NET.USER.ZS,54.453768680746
URY,Uruguay,2011,IT.NET.USER.ZS,51.4046610563616
URY,Uruguay,2010,IT.NET.USER.ZS,46.4
URY,Uruguay,2009,IT.NET.USER.ZS,41.8
URY,Uruguay,2008,IT.NET.USER.ZS,39.3
URY,Uruguay,2007,IT.NET.USER.ZS,34.0
URY,Uruguay,2006,IT.NET.USER.ZS,29.39999962
URY,Uruguay,2005,IT.NET.USER.ZS,20.0881895579305
UZB,Uzbekistan,2024,IT.NET.USER.ZS,89.50550079
UZB,Uzbekistan,2023,IT.NET.USER.ZS,89.01361047
UZB,Uzbekistan,2022,IT.NET.USER.ZS,83.90000012
UZB,Uzbekistan,2021,IT.NET.USER.ZS,76.59043014
UZB,Uzbekistan,2020,IT.NET.USER.ZS,71.09999824
UZB,Uzbekistan,2019,IT.NET.USER.ZS,70.3999986481458
UZB,Uzbekistan,2018,IT.NET.USER.ZS,55.2000006732722
UZB,Uzbekistan,2017,IT.NET.USER.ZS,48.6999988524556
UZB,Uzbekistan,2016,IT.NET.USER.ZS,46.79130173
UZB,Uzbekistan,2015,IT.NET.USER.ZS,42.79999924
UZB,Uzbekistan,2014,IT.NET.USER.ZS,35.5
UZB,Uzbekistan,2013,IT.NET.USER.ZS,26.79999924
UZB,Uzbekistan,2012,IT.NET.USER.ZS,23.60000038
UZB,Uzbekistan,2011,IT.NET.USER.ZS,18.6
UZB,Uzbekistan,2010,IT.NET.USER.ZS,15.89999962
UZB,Uzbekistan,2009,IT.NET.USER.ZS,11.9
UZB,Uzbekistan,2008,IT.NET.USER.ZS,9.0801145234501
UZB,Uzbekistan,2007,IT.NET.USER.ZS,7.49060468138629
UZB,Uzbekistan,2006,IT.NET.USER.ZS,6.38832196706805
UZB,Uzbekistan,2005,IT.NET.USER.ZS,3.34350988825952
VUT,Vanuatu,2015,IT.NET.USER.ZS,22.35140038
VUT,Vanuatu,2014,IT.NET.USER.ZS,18.79999924
VUT,Vanuatu,2013,IT.NET.USER.ZS,11.30000019
VUT,Vanuatu,2012,IT.NET.USER.ZS,10.59799957
VUT,Vanuatu,2011,IT.NET.USER.ZS,9.199999809
VUT,Vanuatu,2010,IT.NET.USER.ZS,8.0
VUT,Vanuatu,2009,IT.NET.USER.ZS,7.5
VUT,Vanuatu,2008,IT.NET.USER.ZS,7.26911992337492
VUT,Vanuatu,2007,IT.NET.USER.ZS,6.800000191
VUT,Vanuatu,2006,IT.NET.USER.ZS,5.850599766
VUT,Vanuatu,2005,IT.NET.USER.ZS,5.082300186
VEN,"Venezuela, RB",2024,IT.NET.USER.ZS,76.67890167
VEN,"Venezuela, RB",2023,IT.NET.USER.ZS,76.33190155
VEN,"Venezuela, RB",2022,IT.NET.USER.ZS,75.82180023
VEN,"Venezuela, RB",2021,IT.NET.USER.ZS,74.11219788
VEN,"Venezuela, RB",2020,IT.NET.USER.ZS,72.44110107
VEN,"Venezuela, RB",2019,IT.NET.USER.ZS,49.05009842
VEN,"Venezuela, RB",2016,IT.NET.USER.ZS,60.0
VEN,"Venezuela, RB",2015,IT.NET.USER.ZS,58.0
VEN,"Venezuela, RB",2014,IT.NET.USER.ZS,57.0
VEN,"Venezuela, RB",2013,IT.NET.USER.ZS,54.90000153
VEN,"Venezuela, RB",2012,IT.NET.USER.ZS,49.0500830729861
VEN,"Venezuela, RB",2011,IT.NET.USER.ZS,40.22
VEN,"Venezuela, RB",2010,IT.NET.USER.ZS,37.37
VEN,"Venezuela, RB",2009,IT.NET.USER.ZS,32.7
VEN,"Venezuela, RB",2008,IT.NET.USER.ZS,25.88
VEN,"Venezuela, RB",2007,IT.NET.USER.ZS,20.83
VEN,"Venezuela, RB",2006,IT.NET.USER.ZS,15.2247114771787
VEN,"Venezuela, RB",2005,IT.NET.USER.ZS,12.5529979098299
VNM,Viet Nam,2024,IT.NET.USER.ZS,84.15
VNM,Viet Nam,2023,IT.NET.USER.ZS,78.08
VNM,Viet Nam,2022,IT.NET.USER.ZS,78.58999918
VNM,Viet Nam,2021,IT.NET.USER.ZS,74.20999985
VNM,Viet Nam,2020,IT.NET.USER.ZS,70.30000012
VNM,Viet Nam,2019,IT.NET.USER.ZS,68.6615802057338
VNM,Viet Nam,2018,IT.NET.USER.ZS,69.8479286837965
VNM,Viet Nam,2017,IT.NET.USER.ZS,58.1400000036297
VNM,Viet Nam,2016,IT.NET.USER.ZS,53.0
VNM,Viet Nam,2015,IT.NET.USER.ZS,45.0
VNM,Viet Nam,2014,IT.NET.USER.ZS,41.0
VNM,Viet Nam,2013,IT.NET.USER.ZS,38.5
VNM,Viet Nam,2012,IT.NET.USER.ZS,36.79999924
VNM,Viet Nam,2011,IT.NET.USER.ZS,35.07
VNM,Viet Nam,2010,IT.NET.USER.ZS,30.65
VNM,Viet Nam,2009,IT.NET.USER.ZS,26.55
VNM,Viet Nam,2008,IT.NET.USER.ZS,23.92
VNM,Viet Nam,2007,IT.NET.USER.ZS,20.7554447679753
VNM,Viet Nam,2006,IT.NET.USER.ZS,17.2545617186662
VNM,Viet Nam,2005,IT.NET.USER.ZS,12.7399292907031
VIR,Virgin Islands (U.S.),2017,IT.NET.USER.ZS,64.3774942980087
VIR,Virgin Islands (U.S.),2016,IT.NET.USER.ZS,59.60831579895
VIR,Virgin Islands (U.S.),2015,IT.NET.USER.ZS,54.839137296
VIR,Virgin Islands (U.S.),2014,IT.NET.USER.ZS,50.07
VIR,Virgin Islands (U.S.),2013,IT.NET.USER.ZS,45.3
VIR,Virgin Islands (U.S.),2012,IT.NET.USER.ZS,40.5479
VIR,Virgin Islands (U.S.),2011,IT.NET.USER.ZS,35.6
VIR,Virgin Islands (U.S.),2010,IT.NET.USER.ZS,31.22
VIR,Virgin Islands (U.S.),2009,IT.NET.USER.ZS,27.3965096846662
VIR,Virgin Islands (U.S.),2008,IT.NET.USER.ZS,27.3617774210613
VIR,Virgin Islands (U.S.),2007,IT.NET.USER.ZS,27.3393358364014
VIR,Virgin Islands (U.S.),2006,IT.NET.USER.ZS,27.3326105376325
VIR,Virgin Islands (U.S.),2005,IT.NET.USER.ZS,27.3443196733265
PSE,West Bank and Gaza,2023,IT.NET.USER.ZS,86.63765334
PSE,West Bank and Gaza,2022,IT.NET.USER.ZS,88.64690554
PSE,West Bank and Gaza,2020,IT.NET.USER.ZS,76.18160248
PSE,West Bank and Gaza,2019,IT.NET.USER.ZS,70.6225837001758
PSE,West Bank and Gaza,2018,IT.NET.USER.ZS,64.3999937114499
PSE,West Bank and Gaza,2017,IT.NET.USER.ZS,63.29999924
PSE,West Bank and Gaza,2016,IT.NET.USER.ZS,59.90000153
PSE,West Bank and Gaza,2015,IT.NET.USER.ZS,56.70000076
PSE,West Bank and Gaza,2014,IT.NET.USER.ZS,53.6651997924171
PSE,West Bank and Gaza,2013,IT.NET.USER.ZS,46.59999847
PSE,West Bank and Gaza,2012,IT.NET.USER.ZS,43.4
PSE,West Bank and Gaza,2011,IT.NET.USER.ZS,41.08000183
PSE,West Bank and Gaza,2010,IT.NET.USER.ZS,37.40000153
PSE,West Bank and Gaza,2009,IT.NET.USER.ZS,32.23
PSE,West Bank and Gaza,2008,IT.NET.USER.ZS,24.3579998
PSE,West Bank and Gaza,2007,IT.NET.USER.ZS,21.1760006
PSE,West Bank and Gaza,2006,IT.NET.USER.ZS,18.41
PSE,West Bank and Gaza,2005,IT.NET.USER.ZS,16.00499916
YEM,"Yemen, Rep.",2019,IT.NET.USER.ZS,17.49099922
YEM,"Yemen, Rep.",2016,IT.NET.USER.ZS,24.57920074
YEM,"Yemen, Rep.",2015,IT.NET.USER.ZS,24.08539963
YEM,"Yemen, Rep.",2014,IT.NET.USER.ZS,22.54999924
YEM,"Yemen, Rep.",2013,IT.NET.USER.ZS,20.0
YEM,"Yemen, Rep.",2012,IT.NET.USER.ZS,17.44650078
YEM,"Yemen, Rep.",2011,IT.NET.USER.ZS,14.90499973
YEM,"Yemen, Rep.",2010,IT.NET.USER.ZS,12.35
YEM,"Yemen, Rep.",2009,IT.NET.USER.ZS,9.96
YEM,"Yemen, Rep.",2008,IT.NET.USER.ZS,6.89
YEM,"Yemen, Rep.",2007,IT.NET.USER.ZS,5.01
YEM,"Yemen, Rep.",2006,IT.NET.USER.ZS,1.24782404904485
YEM,"Yemen, Rep.",2005,IT.NET.USER.ZS,1.048599958
ZMB,Zambia,2024,IT.NET.USER.ZS,17.10099983
ZMB,Zambia,2023,IT.NET.USER.ZS,16.45070076
ZMB,Zambia,2022,IT.NET.USER.ZS,15.0
ZMB,Zambia,2021,IT.NET.USER.ZS,14.82190037
ZMB,Zambia,2020,IT.NET.USER.ZS,14.64579964
ZMB,Zambia,2019,IT.NET.USER.ZS,14.47189999
ZMB,Zambia,2018,IT.NET.USER.ZS,14.2999970950012
ZMB,Zambia,2017,IT.NET.USER.ZS,12.19999981
ZMB,Zambia,2016,IT.NET.USER.ZS,10.30000019
ZMB,Zambia,2015,IT.NET.USER.ZS,8.8
ZMB,Zambia,2014,IT.NET.USER.ZS,6.5
ZMB,Zambia,2013,IT.NET.USER.ZS,4.8
ZMB,Zambia,2012,IT.NET.USER.ZS,4.099999905
ZMB,Zambia,2011,IT.NET.USER.ZS,3.5
ZMB,Zambia,2010,IT.NET.USER.ZS,3.0
ZMB,Zambia,2009,IT.NET.USER.ZS,2.5
ZMB,Zambia,2008,IT.NET.USER.ZS,2.200000048
ZMB,Zambia,2007,IT.NET.USER.ZS,1.899999976
ZMB,Zambia,2006,IT.NET.USER.ZS,1.600000024
ZMB,Zambia,2005,IT.NET.USER.ZS,1.299999952
ZWE,Zimbabwe,2024,IT.NET.USER.ZS,41.64279938
ZWE,Zimbabwe,2023,IT.NET.USER.ZS,38.67480087
ZWE,Zimbabwe,2022,IT.NET.USER.ZS,36.25650024
ZWE,Zimbabwe,2021,IT.NET.USER.ZS,32.5923996
ZWE,Zimbabwe,2020,IT.NET.USER.ZS,29.29856532
ZWE,Zimbabwe,2019,IT.NET.USER.ZS,26.5883007
ZWE,Zimbabwe,2018,IT.NET.USER.ZS,25.0
ZWE,Zimbabwe,2017,IT.NET.USER.ZS,24.39999962
ZWE,Zimbabwe,2016,IT.NET.USER.ZS,23.12000084
ZWE,Zimbabwe,2015,IT.NET.USER.ZS,22.74279976
ZWE,Zimbabwe,2014,IT.NET.USER.ZS,16.3647399572904
ZWE,Zimbabwe,2013,IT.NET.USER.ZS,15.5
ZWE,Zimbabwe,2012,IT.NET.USER.ZS,12.0
ZWE,Zimbabwe,2011,IT.NET.USER.ZS,8.399999619
ZWE,Zimbabwe,2010,IT.NET.USER.ZS,6.400000095
ZWE,Zimbabwe,2009,IT.NET.USER.ZS,4.0
ZWE,Zimbabwe,2008,IT.NET.USER.ZS,3.5
ZWE,Zimbabwe,2007,IT.NET.USER.ZS,3.0
ZWE,Zimbabwe,2006,IT.NET.USER.ZS,2.400000095
ZWE,Zimbabwe,2005,IT.NET.USER.ZS,2.400000095
