country_code,country_name,year,indicator_code,value
AFE,Africa Eastern and Southern,2025,NE.GDI.TOTL.ZS,18.192574724704
AFE,Africa Eastern and Southern,2024,NE.GDI.TOTL.ZS,18.5096855776108
AFE,Africa Eastern and Southern,2023,NE.GDI.TOTL.ZS,19.8439885640593
AFE,Africa Eastern and Southern,2022,NE.GDI.TOTL.ZS,20.4602088639754
AFE,Africa Eastern and Southern,2021,NE.GDI.TOTL.ZS,19.6430557879755
AFE,Africa Eastern and Southern,2020,NE.GDI.TOTL.ZS,19.5119486028044
AFE,Africa Eastern and Southern,2019,NE.GDI.TOTL.ZS,21.7712033478383
AFE,Africa Eastern and Southern,2018,NE.GDI.TOTL.ZS,21.7808662127609
AFE,Africa Eastern and Southern,2017,NE.GDI.TOTL.ZS,22.0009047803993
AFE,Africa Eastern and Southern,2016,NE.GDI.TOTL.ZS,22.0204409767615
AFE,Africa Eastern and Southern,2015,NE.GDI.TOTL.ZS,23.4739056966484
AFE,Africa Eastern and Southern,2014,NE.GDI.TOTL.ZS,24.3007098274719
AFE,Africa Eastern and Southern,2013,NE.GDI.TOTL.ZS,23.746915154508
AFE,Africa Eastern and Southern,2012,NE.GDI.TOTL.ZS,23.2823799975498
AFE,Africa Eastern and Southern,2011,NE.GDI.TOTL.ZS,22.5831872562448
AFE,Africa Eastern and Southern,2010,NE.GDI.TOTL.ZS,21.5855152221464
AFE,Africa Eastern and Southern,2009,NE.GDI.TOTL.ZS,23.6153540357604
AFE,Africa Eastern and Southern,2008,NE.GDI.TOTL.ZS,23.8690383090801
AFE,Africa Eastern and Southern,2007,NE.GDI.TOTL.ZS,21.4828789568832
AFE,Africa Eastern and Southern,2006,NE.GDI.TOTL.ZS,20.3841303400989
AFE,Africa Eastern and Southern,2005,NE.GDI.TOTL.ZS,19.6155002997092
ARB,Arab World,2024,NE.GDI.TOTL.ZS,26.3984966689811
ARB,Arab World,2023,NE.GDI.TOTL.ZS,26.0419090539278
ARB,Arab World,2022,NE.GDI.TOTL.ZS,24.7992811189169
ARB,Arab World,2021,NE.GDI.TOTL.ZS,24.7576928686132
ARB,Arab World,2020,NE.GDI.TOTL.ZS,24.173983629953
ARB,Arab World,2019,NE.GDI.TOTL.ZS,25.979418566823
ARB,Arab World,2018,NE.GDI.TOTL.ZS,24.9853236934844
ARB,Arab World,2017,NE.GDI.TOTL.ZS,25.9307017837508
ARB,Arab World,2016,NE.GDI.TOTL.ZS,26.6437559744701
ARB,Arab World,2015,NE.GDI.TOTL.ZS,27.0574353142992
ARB,Arab World,2014,NE.GDI.TOTL.ZS,25.3746994550831
ARB,Arab World,2013,NE.GDI.TOTL.ZS,24.4573860524472
ARB,Arab World,2012,NE.GDI.TOTL.ZS,23.6069053058278
ARB,Arab World,2011,NE.GDI.TOTL.ZS,24.185036054576
ARB,Arab World,2010,NE.GDI.TOTL.ZS,26.7007189107015
ARB,Arab World,2009,NE.GDI.TOTL.ZS,28.1483512979712
ARB,Arab World,2008,NE.GDI.TOTL.ZS,26.3362856268755
ARB,Arab World,2007,NE.GDI.TOTL.ZS,25.4923266734919
ARB,Arab World,2006,NE.GDI.TOTL.ZS,22.6852343026859
ARB,Arab World,2005,NE.GDI.TOTL.ZS,21.5385724160708
CEB,Central Europe and the Baltics,2025,NE.GDI.TOTL.ZS,21.8218708004044
CEB,Central Europe and the Baltics,2024,NE.GDI.TOTL.ZS,21.5442193641404
CEB,Central Europe and the Baltics,2023,NE.GDI.TOTL.ZS,22.4421873463163
CEB,Central Europe and the Baltics,2022,NE.GDI.TOTL.ZS,26.008262584263
CEB,Central Europe and the Baltics,2021,NE.GDI.TOTL.ZS,24.5756355596004
CEB,Central Europe and the Baltics,2020,NE.GDI.TOTL.ZS,21.8966602780964
CEB,Central Europe and the Baltics,2019,NE.GDI.TOTL.ZS,23.2561045364148
CEB,Central Europe and the Baltics,2018,NE.GDI.TOTL.ZS,23.2758850774767
CEB,Central Europe and the Baltics,2017,NE.GDI.TOTL.ZS,22.0726154569277
CEB,Central Europe and the Baltics,2016,NE.GDI.TOTL.ZS,21.8624012644222
CEB,Central Europe and the Baltics,2015,NE.GDI.TOTL.ZS,23.0866371582927
CEB,Central Europe and the Baltics,2014,NE.GDI.TOTL.ZS,22.6067921665136
CEB,Central Europe and the Baltics,2013,NE.GDI.TOTL.ZS,21.5926828957746
CEB,Central Europe and the Baltics,2012,NE.GDI.TOTL.ZS,22.4712356623673
CEB,Central Europe and the Baltics,2011,NE.GDI.TOTL.ZS,23.8333244390171
CEB,Central Europe and the Baltics,2010,NE.GDI.TOTL.ZS,22.99183075381
CEB,Central Europe and the Baltics,2009,NE.GDI.TOTL.ZS,23.0336991659558
CEB,Central Europe and the Baltics,2008,NE.GDI.TOTL.ZS,28.6689970238236
CEB,Central Europe and the Baltics,2007,NE.GDI.TOTL.ZS,29.0480096822374
CEB,Central Europe and the Baltics,2006,NE.GDI.TOTL.ZS,26.7294964554385
CEB,Central Europe and the Baltics,2005,NE.GDI.TOTL.ZS,24.8140229150958
EAR,Early-demographic dividend,2025,NE.GDI.TOTL.ZS,27.8669322843875
EAR,Early-demographic dividend,2024,NE.GDI.TOTL.ZS,28.1490216711262
EAR,Early-demographic dividend,2023,NE.GDI.TOTL.ZS,28.4356645168283
EAR,Early-demographic dividend,2022,NE.GDI.TOTL.ZS,28.2463035455006
EAR,Early-demographic dividend,2021,NE.GDI.TOTL.ZS,27.3202052522213
EAR,Early-demographic dividend,2020,NE.GDI.TOTL.ZS,25.7784619446321
EAR,Early-demographic dividend,2019,NE.GDI.TOTL.ZS,26.6689542989733
EAR,Early-demographic dividend,2018,NE.GDI.TOTL.ZS,27.4170393488911
EAR,Early-demographic dividend,2017,NE.GDI.TOTL.ZS,27.2673318263476
EAR,Early-demographic dividend,2016,NE.GDI.TOTL.ZS,26.8367431039559
EAR,Early-demographic dividend,2015,NE.GDI.TOTL.ZS,27.2588480599331
EAR,Early-demographic dividend,2014,NE.GDI.TOTL.ZS,27.5554482772503
EAR,Early-demographic dividend,2013,NE.GDI.TOTL.ZS,27.4833257519906
EAR,Early-demographic dividend,2012,NE.GDI.TOTL.ZS,28.2065733432859
EAR,Early-demographic dividend,2011,NE.GDI.TOTL.ZS,28.6959786591544
EAR,Early-demographic dividend,2010,NE.GDI.TOTL.ZS,28.5152012439879
EAR,Early-demographic dividend,2009,NE.GDI.TOTL.ZS,27.5280863113057
EAR,Early-demographic dividend,2008,NE.GDI.TOTL.ZS,27.9029709821627
EAR,Early-demographic dividend,2007,NE.GDI.TOTL.ZS,28.1230359542393
EAR,Early-demographic dividend,2006,NE.GDI.TOTL.ZS,26.592592044457
EAR,Early-demographic dividend,2005,NE.GDI.TOTL.ZS,25.4839188396369
EAS,East Asia & Pacific,2024,NE.GDI.TOTL.ZS,34.7766958895711
EAS,East Asia & Pacific,2023,NE.GDI.TOTL.ZS,35.1710895675472
EAS,East Asia & Pacific,2022,NE.GDI.TOTL.ZS,36.3194530671178
EAS,East Asia & Pacific,2021,NE.GDI.TOTL.ZS,36.1840419744199
EAS,East Asia & Pacific,2020,NE.GDI.TOTL.ZS,35.2486610441955
EAS,East Asia & Pacific,2019,NE.GDI.TOTL.ZS,35.3855845069873
EAS,East Asia & Pacific,2018,NE.GDI.TOTL.ZS,35.8365534407662
EAS,East Asia & Pacific,2017,NE.GDI.TOTL.ZS,35.0026983994291
EAS,East Asia & Pacific,2016,NE.GDI.TOTL.ZS,34.3931019848217
EAS,East Asia & Pacific,2015,NE.GDI.TOTL.ZS,34.882491640808
EAS,East Asia & Pacific,2014,NE.GDI.TOTL.ZS,35.7737321344555
EAS,East Asia & Pacific,2013,NE.GDI.TOTL.ZS,35.4642058743547
EAS,East Asia & Pacific,2012,NE.GDI.TOTL.ZS,34.5091438906599
EAS,East Asia & Pacific,2011,NE.GDI.TOTL.ZS,33.9743987717795
EAS,East Asia & Pacific,2010,NE.GDI.TOTL.ZS,33.1184091982749
EAS,East Asia & Pacific,2009,NE.GDI.TOTL.ZS,31.8333149284794
EAS,East Asia & Pacific,2008,NE.GDI.TOTL.ZS,32.2794725037475
EAS,East Asia & Pacific,2007,NE.GDI.TOTL.ZS,30.9643273765861
EAS,East Asia & Pacific,2006,NE.GDI.TOTL.ZS,30.4279152686594
EAS,East Asia & Pacific,2005,NE.GDI.TOTL.ZS,30.1345694896211
EAP,East Asia & Pacific (excluding high income),2024,NE.GDI.TOTL.ZS,38.5692686253475
EAP,East Asia & Pacific (excluding high income),2023,NE.GDI.TOTL.ZS,39.144457274708
EAP,East Asia & Pacific (excluding high income),2022,NE.GDI.TOTL.ZS,40.418732073074
EAP,East Asia & Pacific (excluding high income),2021,NE.GDI.TOTL.ZS,40.8200803682438
EAP,East Asia & Pacific (excluding high income),2020,NE.GDI.TOTL.ZS,40.2276573876466
EAP,East Asia & Pacific (excluding high income),2019,NE.GDI.TOTL.ZS,40.4671478060313
EAP,East Asia & Pacific (excluding high income),2018,NE.GDI.TOTL.ZS,41.2532299089028
EAP,East Asia & Pacific (excluding high income),2017,NE.GDI.TOTL.ZS,40.3880733467996
EAP,East Asia & Pacific (excluding high income),2016,NE.GDI.TOTL.ZS,39.9357985253611
EAP,East Asia & Pacific (excluding high income),2015,NE.GDI.TOTL.ZS,40.4597505183855
EAP,East Asia & Pacific (excluding high income),2014,NE.GDI.TOTL.ZS,42.4420654296608
EAP,East Asia & Pacific (excluding high income),2013,NE.GDI.TOTL.ZS,42.8557559293474
EAP,East Asia & Pacific (excluding high income),2012,NE.GDI.TOTL.ZS,42.6566500986092
EAP,East Asia & Pacific (excluding high income),2011,NE.GDI.TOTL.ZS,42.5975954787205
EAP,East Asia & Pacific (excluding high income),2010,NE.GDI.TOTL.ZS,42.23214840266
EAP,East Asia & Pacific (excluding high income),2009,NE.GDI.TOTL.ZS,40.9057351112692
EAP,East Asia & Pacific (excluding high income),2008,NE.GDI.TOTL.ZS,38.4244207248034
EAP,East Asia & Pacific (excluding high income),2007,NE.GDI.TOTL.ZS,36.4660880257719
EAP,East Asia & Pacific (excluding high income),2006,NE.GDI.TOTL.ZS,35.8575527275272
EAP,East Asia & Pacific (excluding high income),2005,NE.GDI.TOTL.ZS,36.476083172119
TEA,East Asia & Pacific (IDA & IBRD countries),2024,NE.GDI.TOTL.ZS,38.5693393009643
TEA,East Asia & Pacific (IDA & IBRD countries),2023,NE.GDI.TOTL.ZS,39.1445406865256
TEA,East Asia & Pacific (IDA & IBRD countries),2022,NE.GDI.TOTL.ZS,40.418870504936
TEA,East Asia & Pacific (IDA & IBRD countries),2021,NE.GDI.TOTL.ZS,40.8201980314881
TEA,East Asia & Pacific (IDA & IBRD countries),2020,NE.GDI.TOTL.ZS,40.2278359415771
TEA,East Asia & Pacific (IDA & IBRD countries),2019,NE.GDI.TOTL.ZS,40.4671976862431
TEA,East Asia & Pacific (IDA & IBRD countries),2018,NE.GDI.TOTL.ZS,41.2531396766446
TEA,East Asia & Pacific (IDA & IBRD countries),2017,NE.GDI.TOTL.ZS,40.3880690044122
TEA,East Asia & Pacific (IDA & IBRD countries),2016,NE.GDI.TOTL.ZS,39.9357046859214
TEA,East Asia & Pacific (IDA & IBRD countries),2015,NE.GDI.TOTL.ZS,40.4596796319234
TEA,East Asia & Pacific (IDA & IBRD countries),2014,NE.GDI.TOTL.ZS,42.4419884622511
TEA,East Asia & Pacific (IDA & IBRD countries),2013,NE.GDI.TOTL.ZS,42.8555349567217
TEA,East Asia & Pacific (IDA & IBRD countries),2012,NE.GDI.TOTL.ZS,42.6564274045182
TEA,East Asia & Pacific (IDA & IBRD countries),2011,NE.GDI.TOTL.ZS,42.5975180226123
TEA,East Asia & Pacific (IDA & IBRD countries),2010,NE.GDI.TOTL.ZS,42.2319796603079
TEA,East Asia & Pacific (IDA & IBRD countries),2009,NE.GDI.TOTL.ZS,40.905481556047
TEA,East Asia & Pacific (IDA & IBRD countries),2008,NE.GDI.TOTL.ZS,38.4243916010097
TEA,East Asia & Pacific (IDA & IBRD countries),2007,NE.GDI.TOTL.ZS,36.4662770277279
TEA,East Asia & Pacific (IDA & IBRD countries),2006,NE.GDI.TOTL.ZS,35.8578329497016
TEA,East Asia & Pacific (IDA & IBRD countries),2005,NE.GDI.TOTL.ZS,36.4765717758291
EMU,Euro area,2025,NE.GDI.TOTL.ZS,21.8912390372887
EMU,Euro area,2024,NE.GDI.TOTL.ZS,21.4231833624219
EMU,Euro area,2023,NE.GDI.TOTL.ZS,22.4042759213814
EMU,Euro area,2022,NE.GDI.TOTL.ZS,23.860747851764
EMU,Euro area,2021,NE.GDI.TOTL.ZS,22.7737154916541
EMU,Euro area,2020,NE.GDI.TOTL.ZS,22.0268472577289
EMU,Euro area,2019,NE.GDI.TOTL.ZS,22.3513491187907
EMU,Euro area,2018,NE.GDI.TOTL.ZS,21.5962469801393
EMU,Euro area,2017,NE.GDI.TOTL.ZS,20.9966877338487
EMU,Euro area,2016,NE.GDI.TOTL.ZS,20.3832519865707
EMU,Euro area,2015,NE.GDI.TOTL.ZS,20.1717665259907
EMU,Euro area,2014,NE.GDI.TOTL.ZS,19.765585876319
EMU,Euro area,2013,NE.GDI.TOTL.ZS,19.4486448134093
EMU,Euro area,2012,NE.GDI.TOTL.ZS,19.8200475012493
EMU,Euro area,2011,NE.GDI.TOTL.ZS,21.3228021351475
EMU,Euro area,2010,NE.GDI.TOTL.ZS,20.7709882525461
EMU,Euro area,2009,NE.GDI.TOTL.ZS,20.2353398043584
EMU,Euro area,2008,NE.GDI.TOTL.ZS,23.4654886196565
EMU,Euro area,2007,NE.GDI.TOTL.ZS,23.9245787557053
EMU,Euro area,2006,NE.GDI.TOTL.ZS,23.2023173419516
EMU,Euro area,2005,NE.GDI.TOTL.ZS,22.2141337852087
ECS,Europe & Central Asia,2025,NE.GDI.TOTL.ZS,22.926258994668
ECS,Europe & Central Asia,2024,NE.GDI.TOTL.ZS,22.4573658055355
ECS,Europe & Central Asia,2023,NE.GDI.TOTL.ZS,23.2092200023965
ECS,Europe & Central Asia,2022,NE.GDI.TOTL.ZS,23.8720793183024
ECS,Europe & Central Asia,2021,NE.GDI.TOTL.ZS,23.1398911666167
ECS,Europe & Central Asia,2020,NE.GDI.TOTL.ZS,22.6408234345182
ECS,Europe & Central Asia,2019,NE.GDI.TOTL.ZS,22.6219279769826
ECS,Europe & Central Asia,2018,NE.GDI.TOTL.ZS,22.1864664387018
ECS,Europe & Central Asia,2017,NE.GDI.TOTL.ZS,22.0063136178107
ECS,Europe & Central Asia,2016,NE.GDI.TOTL.ZS,21.364987920803
ECS,Europe & Central Asia,2015,NE.GDI.TOTL.ZS,21.1626711320179
ECS,Europe & Central Asia,2014,NE.GDI.TOTL.ZS,20.9373573233372
ECS,Europe & Central Asia,2013,NE.GDI.TOTL.ZS,20.695733653223
ECS,Europe & Central Asia,2012,NE.GDI.TOTL.ZS,20.9472265780878
ECS,Europe & Central Asia,2011,NE.GDI.TOTL.ZS,21.9398714464428
ECS,Europe & Central Asia,2010,NE.GDI.TOTL.ZS,21.1447903575697
ECS,Europe & Central Asia,2009,NE.GDI.TOTL.ZS,20.3077258288673
ECS,Europe & Central Asia,2008,NE.GDI.TOTL.ZS,23.6665038174061
ECS,Europe & Central Asia,2007,NE.GDI.TOTL.ZS,23.8741443837618
ECS,Europe & Central Asia,2006,NE.GDI.TOTL.ZS,22.9741803313575
ECS,Europe & Central Asia,2005,NE.GDI.TOTL.ZS,21.9286294175871
ECA,Europe & Central Asia (excluding high income),2025,NE.GDI.TOTL.ZS,29.7591036930903
ECA,Europe & Central Asia (excluding high income),2024,NE.GDI.TOTL.ZS,28.9013395379019
ECA,Europe & Central Asia (excluding high income),2023,NE.GDI.TOTL.ZS,30.4396006475948
ECA,Europe & Central Asia (excluding high income),2022,NE.GDI.TOTL.ZS,31.0841006242174
ECA,Europe & Central Asia (excluding high income),2021,NE.GDI.TOTL.ZS,29.3701613063244
ECA,Europe & Central Asia (excluding high income),2020,NE.GDI.TOTL.ZS,29.2255144673796
ECA,Europe & Central Asia (excluding high income),2019,NE.GDI.TOTL.ZS,26.5508441320425
ECA,Europe & Central Asia (excluding high income),2018,NE.GDI.TOTL.ZS,28.6588471510913
ECA,Europe & Central Asia (excluding high income),2017,NE.GDI.TOTL.ZS,29.5394212617154
ECA,Europe & Central Asia (excluding high income),2016,NE.GDI.TOTL.ZS,27.996644210502
ECA,Europe & Central Asia (excluding high income),2015,NE.GDI.TOTL.ZS,27.9695671229003
ECA,Europe & Central Asia (excluding high income),2014,NE.GDI.TOTL.ZS,27.4824686751782
ECA,Europe & Central Asia (excluding high income),2013,NE.GDI.TOTL.ZS,27.9450342734389
ECA,Europe & Central Asia (excluding high income),2012,NE.GDI.TOTL.ZS,27.2453281831864
ECA,Europe & Central Asia (excluding high income),2011,NE.GDI.TOTL.ZS,28.3719651007096
ECA,Europe & Central Asia (excluding high income),2010,NE.GDI.TOTL.ZS,26.7983737372076
ECA,Europe & Central Asia (excluding high income),2009,NE.GDI.TOTL.ZS,24.3165078274008
ECA,Europe & Central Asia (excluding high income),2008,NE.GDI.TOTL.ZS,29.0931228549081
ECA,Europe & Central Asia (excluding high income),2007,NE.GDI.TOTL.ZS,29.440092780708
ECA,Europe & Central Asia (excluding high income),2006,NE.GDI.TOTL.ZS,29.1569368913778
ECA,Europe & Central Asia (excluding high income),2005,NE.GDI.TOTL.ZS,27.114643981332
TEC,Europe & Central Asia (IDA & IBRD countries),2025,NE.GDI.TOTL.ZS,26.1013082154757
TEC,Europe & Central Asia (IDA & IBRD countries),2024,NE.GDI.TOTL.ZS,25.8839957289712
TEC,Europe & Central Asia (IDA & IBRD countries),2023,NE.GDI.TOTL.ZS,26.8249697477467
TEC,Europe & Central Asia (IDA & IBRD countries),2022,NE.GDI.TOTL.ZS,26.0001109201721
TEC,Europe & Central Asia (IDA & IBRD countries),2021,NE.GDI.TOTL.ZS,25.2629891272643
TEC,Europe & Central Asia (IDA & IBRD countries),2020,NE.GDI.TOTL.ZS,24.8343338298327
TEC,Europe & Central Asia (IDA & IBRD countries),2019,NE.GDI.TOTL.ZS,23.8370641365056
TEC,Europe & Central Asia (IDA & IBRD countries),2018,NE.GDI.TOTL.ZS,24.3135874506007
TEC,Europe & Central Asia (IDA & IBRD countries),2017,NE.GDI.TOTL.ZS,25.2657633375633
TEC,Europe & Central Asia (IDA & IBRD countries),2016,NE.GDI.TOTL.ZS,24.6040735301694
TEC,Europe & Central Asia (IDA & IBRD countries),2015,NE.GDI.TOTL.ZS,24.4643805330403
TEC,Europe & Central Asia (IDA & IBRD countries),2014,NE.GDI.TOTL.ZS,24.1529862632237
TEC,Europe & Central Asia (IDA & IBRD countries),2013,NE.GDI.TOTL.ZS,24.5400708580975
TEC,Europe & Central Asia (IDA & IBRD countries),2012,NE.GDI.TOTL.ZS,25.0910752879501
TEC,Europe & Central Asia (IDA & IBRD countries),2011,NE.GDI.TOTL.ZS,25.5324166951792
TEC,Europe & Central Asia (IDA & IBRD countries),2010,NE.GDI.TOTL.ZS,24.1305006238806
TEC,Europe & Central Asia (IDA & IBRD countries),2009,NE.GDI.TOTL.ZS,21.9250960147835
TEC,Europe & Central Asia (IDA & IBRD countries),2008,NE.GDI.TOTL.ZS,27.2994322102496
TEC,Europe & Central Asia (IDA & IBRD countries),2007,NE.GDI.TOTL.ZS,26.8607545627016
TEC,Europe & Central Asia (IDA & IBRD countries),2006,NE.GDI.TOTL.ZS,24.8750780363274
TEC,Europe & Central Asia (IDA & IBRD countries),2005,NE.GDI.TOTL.ZS,23.2078421759603
EUU,European Union,2025,NE.GDI.TOTL.ZS,21.9871843751093
EUU,European Union,2024,NE.GDI.TOTL.ZS,21.5891925782564
EUU,European Union,2023,NE.GDI.TOTL.ZS,22.5353593553062
EUU,European Union,2022,NE.GDI.TOTL.ZS,24.2028431443501
EUU,European Union,2021,NE.GDI.TOTL.ZS,23.0875130270926
EUU,European Union,2020,NE.GDI.TOTL.ZS,22.1398198708378
EUU,European Union,2019,NE.GDI.TOTL.ZS,22.5107125606624
EUU,European Union,2018,NE.GDI.TOTL.ZS,21.8791651768094
EUU,European Union,2017,NE.GDI.TOTL.ZS,21.2519738618161
EUU,European Union,2016,NE.GDI.TOTL.ZS,20.672791641382
EUU,European Union,2015,NE.GDI.TOTL.ZS,20.5323193230853
EUU,European Union,2014,NE.GDI.TOTL.ZS,20.1099791009151
EUU,European Union,2013,NE.GDI.TOTL.ZS,19.6899194301731
EUU,European Union,2012,NE.GDI.TOTL.ZS,20.0927152674271
EUU,European Union,2011,NE.GDI.TOTL.ZS,21.528092119356
EUU,European Union,2010,NE.GDI.TOTL.ZS,20.9287666645066
EUU,European Union,2009,NE.GDI.TOTL.ZS,20.4056500775899
EUU,European Union,2008,NE.GDI.TOTL.ZS,23.7869535773398
EUU,European Union,2007,NE.GDI.TOTL.ZS,24.2034216980176
EUU,European Union,2006,NE.GDI.TOTL.ZS,23.3208231176935
EUU,European Union,2005,NE.GDI.TOTL.ZS,22.2528983852817
HPC,Heavily indebted poor countries (HIPC),2025,NE.GDI.TOTL.ZS,21.9495205797009
HPC,Heavily indebted poor countries (HIPC),2024,NE.GDI.TOTL.ZS,22.558615048728
HPC,Heavily indebted poor countries (HIPC),2023,NE.GDI.TOTL.ZS,24.0666906897984
HPC,Heavily indebted poor countries (HIPC),2022,NE.GDI.TOTL.ZS,25.4571661359738
HPC,Heavily indebted poor countries (HIPC),2021,NE.GDI.TOTL.ZS,24.9534081229362
HPC,Heavily indebted poor countries (HIPC),2020,NE.GDI.TOTL.ZS,24.4054162082799
HPC,Heavily indebted poor countries (HIPC),2019,NE.GDI.TOTL.ZS,26.1385609582441
HPC,Heavily indebted poor countries (HIPC),2018,NE.GDI.TOTL.ZS,26.6235096034535
HPC,Heavily indebted poor countries (HIPC),2017,NE.GDI.TOTL.ZS,25.9243844055442
HPC,Heavily indebted poor countries (HIPC),2016,NE.GDI.TOTL.ZS,26.6570467311596
HPC,Heavily indebted poor countries (HIPC),2015,NE.GDI.TOTL.ZS,27.1989637074464
HPC,Heavily indebted poor countries (HIPC),2014,NE.GDI.TOTL.ZS,27.6598278611528
HPC,Heavily indebted poor countries (HIPC),2013,NE.GDI.TOTL.ZS,26.9701379278198
HPC,Heavily indebted poor countries (HIPC),2012,NE.GDI.TOTL.ZS,25.7746112931265
HPC,Heavily indebted poor countries (HIPC),2011,NE.GDI.TOTL.ZS,24.2384399953732
HPC,Heavily indebted poor countries (HIPC),2010,NE.GDI.TOTL.ZS,23.3635238942212
HPC,Heavily indebted poor countries (HIPC),2009,NE.GDI.TOTL.ZS,22.3306282334434
HPC,Heavily indebted poor countries (HIPC),2008,NE.GDI.TOTL.ZS,23.7475108179455
HPC,Heavily indebted poor countries (HIPC),2007,NE.GDI.TOTL.ZS,22.1844151700875
HPC,Heavily indebted poor countries (HIPC),2006,NE.GDI.TOTL.ZS,21.5363013484799
HPC,Heavily indebted poor countries (HIPC),2005,NE.GDI.TOTL.ZS,21.939096305851
,High income,2024,NE.GDI.TOTL.ZS,22.6439539857232
,High income,2023,NE.GDI.TOTL.ZS,23.0184917157536
,High income,2022,NE.GDI.TOTL.ZS,23.6290607781453
,High income,2021,NE.GDI.TOTL.ZS,23.1193437999868
,High income,2020,NE.GDI.TOTL.ZS,22.7277253389946
,High income,2019,NE.GDI.TOTL.ZS,23.0127844943671
,High income,2018,NE.GDI.TOTL.ZS,22.7628553946823
,High income,2017,NE.GDI.TOTL.ZS,22.5026577814665
,High income,2016,NE.GDI.TOTL.ZS,22.1637444430065
,High income,2015,NE.GDI.TOTL.ZS,22.3290235732596
,High income,2014,NE.GDI.TOTL.ZS,22.0511226418151
,High income,2013,NE.GDI.TOTL.ZS,21.6850665030526
,High income,2012,NE.GDI.TOTL.ZS,21.7876698374834
,High income,2011,NE.GDI.TOTL.ZS,21.8104054667802
,High income,2010,NE.GDI.TOTL.ZS,21.2770208614602
,High income,2009,NE.GDI.TOTL.ZS,20.4544491389196
,High income,2008,NE.GDI.TOTL.ZS,23.5332734679437
,High income,2007,NE.GDI.TOTL.ZS,23.9866410248375
,High income,2006,NE.GDI.TOTL.ZS,23.8480787387746
,High income,2005,NE.GDI.TOTL.ZS,23.347294858054
IBD,IBRD only,2024,NE.GDI.TOTL.ZS,32.3854519852049
IBD,IBRD only,2023,NE.GDI.TOTL.ZS,32.9276837467672
IBD,IBRD only,2022,NE.GDI.TOTL.ZS,33.9180029478596
IBD,IBRD only,2021,NE.GDI.TOTL.ZS,34.2734590979543
IBD,IBRD only,2020,NE.GDI.TOTL.ZS,33.2138184009414
IBD,IBRD only,2019,NE.GDI.TOTL.ZS,32.9001841913202
IBD,IBRD only,2018,NE.GDI.TOTL.ZS,33.4504304487613
IBD,IBRD only,2017,NE.GDI.TOTL.ZS,32.5260614883876
IBD,IBRD only,2016,NE.GDI.TOTL.ZS,32.2648137903942
IBD,IBRD only,2015,NE.GDI.TOTL.ZS,32.7307999322365
IBD,IBRD only,2014,NE.GDI.TOTL.ZS,33.1363589205337
IBD,IBRD only,2013,NE.GDI.TOTL.ZS,33.1222478616579
IBD,IBRD only,2012,NE.GDI.TOTL.ZS,33.0274908268491
IBD,IBRD only,2011,NE.GDI.TOTL.ZS,32.9936991181551
IBD,IBRD only,2010,NE.GDI.TOTL.ZS,32.3312354144323
IBD,IBRD only,2009,NE.GDI.TOTL.ZS,31.0222114594589
IBD,IBRD only,2008,NE.GDI.TOTL.ZS,30.9904317193182
IBD,IBRD only,2007,NE.GDI.TOTL.ZS,29.9148901907875
IBD,IBRD only,2006,NE.GDI.TOTL.ZS,28.426312872217
IBD,IBRD only,2005,NE.GDI.TOTL.ZS,27.867093806279
IBT,IDA & IBRD total,2024,NE.GDI.TOTL.ZS,32.289041658352
IBT,IDA & IBRD total,2023,NE.GDI.TOTL.ZS,32.6744727140378
IBT,IDA & IBRD total,2022,NE.GDI.TOTL.ZS,33.5203549669798
IBT,IDA & IBRD total,2021,NE.GDI.TOTL.ZS,33.85779072652
IBT,IDA & IBRD total,2020,NE.GDI.TOTL.ZS,32.6954153424278
IBT,IDA & IBRD total,2019,NE.GDI.TOTL.ZS,32.4332906402071
IBT,IDA & IBRD total,2018,NE.GDI.TOTL.ZS,33.2057165474149
IBT,IDA & IBRD total,2017,NE.GDI.TOTL.ZS,32.2881672627942
IBT,IDA & IBRD total,2016,NE.GDI.TOTL.ZS,31.9362023230479
IBT,IDA & IBRD total,2015,NE.GDI.TOTL.ZS,32.2625358550885
IBT,IDA & IBRD total,2014,NE.GDI.TOTL.ZS,32.6453701650856
IBT,IDA & IBRD total,2013,NE.GDI.TOTL.ZS,32.6755370520575
IBT,IDA & IBRD total,2012,NE.GDI.TOTL.ZS,32.5930499290529
IBT,IDA & IBRD total,2011,NE.GDI.TOTL.ZS,32.4950900098492
IBT,IDA & IBRD total,2010,NE.GDI.TOTL.ZS,31.8089032555047
IBT,IDA & IBRD total,2009,NE.GDI.TOTL.ZS,30.5352180902143
IBT,IDA & IBRD total,2008,NE.GDI.TOTL.ZS,30.5161616988612
IBT,IDA & IBRD total,2007,NE.GDI.TOTL.ZS,29.4628444745184
IBT,IDA & IBRD total,2006,NE.GDI.TOTL.ZS,27.9764740970451
IBT,IDA & IBRD total,2005,NE.GDI.TOTL.ZS,27.4800651168862
IDX,IDA only,2025,NE.GDI.TOTL.ZS,25.6297932299279
IDX,IDA only,2024,NE.GDI.TOTL.ZS,26.4872494227363
IDX,IDA only,2023,NE.GDI.TOTL.ZS,27.5011430149414
IDX,IDA only,2022,NE.GDI.TOTL.ZS,29.1066813314341
IDX,IDA only,2021,NE.GDI.TOTL.ZS,28.8955643377964
IDX,IDA only,2020,NE.GDI.TOTL.ZS,27.936885921039
IDX,IDA only,2019,NE.GDI.TOTL.ZS,29.4441275406704
IDX,IDA only,2018,NE.GDI.TOTL.ZS,29.9038307677303
IDX,IDA only,2017,NE.GDI.TOTL.ZS,28.9012801395653
IDX,IDA only,2016,NE.GDI.TOTL.ZS,28.1946455442983
IDX,IDA only,2015,NE.GDI.TOTL.ZS,27.1153626819327
IDX,IDA only,2014,NE.GDI.TOTL.ZS,27.2571323427707
IDX,IDA only,2013,NE.GDI.TOTL.ZS,26.8803383233332
IDX,IDA only,2012,NE.GDI.TOTL.ZS,25.316506064307
IDX,IDA only,2011,NE.GDI.TOTL.ZS,23.2323541067122
IDX,IDA only,2010,NE.GDI.TOTL.ZS,22.5568022139887
IDX,IDA only,2009,NE.GDI.TOTL.ZS,22.8981629025442
IDX,IDA only,2008,NE.GDI.TOTL.ZS,24.0103886223835
IDX,IDA only,2007,NE.GDI.TOTL.ZS,23.4315137945706
IDX,IDA only,2006,NE.GDI.TOTL.ZS,23.669915130638
IDX,IDA only,2005,NE.GDI.TOTL.ZS,24.154584306731
IDA,IDA total,2025,NE.GDI.TOTL.ZS,28.0210044551064
IDA,IDA total,2024,NE.GDI.TOTL.ZS,28.9427880125122
IDA,IDA total,2023,NE.GDI.TOTL.ZS,27.164693610069
IDA,IDA total,2022,NE.GDI.TOTL.ZS,26.9733890491726
IDA,IDA total,2021,NE.GDI.TOTL.ZS,26.6100153275096
IDA,IDA total,2020,NE.GDI.TOTL.ZS,25.4001925791318
IDA,IDA total,2019,NE.GDI.TOTL.ZS,25.8295203767414
IDA,IDA total,2018,NE.GDI.TOTL.ZS,28.7447124611144
IDA,IDA total,2017,NE.GDI.TOTL.ZS,27.9967625739162
IDA,IDA total,2016,NE.GDI.TOTL.ZS,26.9315751905203
IDA,IDA total,2015,NE.GDI.TOTL.ZS,25.0981467243408
IDA,IDA total,2014,NE.GDI.TOTL.ZS,24.2733770932398
IDA,IDA total,2013,NE.GDI.TOTL.ZS,23.9984928886378
IDA,IDA total,2012,NE.GDI.TOTL.ZS,23.2607194797593
IDA,IDA total,2011,NE.GDI.TOTL.ZS,22.0246448100407
IDA,IDA total,2010,NE.GDI.TOTL.ZS,22.1783203190538
IDA,IDA total,2009,NE.GDI.TOTL.ZS,22.8973787626209
IDA,IDA total,2008,NE.GDI.TOTL.ZS,23.021752430173
IDA,IDA total,2007,NE.GDI.TOTL.ZS,22.5035000171835
IDA,IDA total,2006,NE.GDI.TOTL.ZS,22.2429324824763
IDA,IDA total,2005,NE.GDI.TOTL.ZS,22.7220557408523
LTE,Late-demographic dividend,2024,NE.GDI.TOTL.ZS,33.5608072180295
LTE,Late-demographic dividend,2023,NE.GDI.TOTL.ZS,34.3220408414431
LTE,Late-demographic dividend,2022,NE.GDI.TOTL.ZS,35.4371728287653
LTE,Late-demographic dividend,2021,NE.GDI.TOTL.ZS,36.281882241735
LTE,Late-demographic dividend,2020,NE.GDI.TOTL.ZS,35.8732255036136
LTE,Late-demographic dividend,2019,NE.GDI.TOTL.ZS,35.4886488506521
LTE,Late-demographic dividend,2018,NE.GDI.TOTL.ZS,35.3229677068992
LTE,Late-demographic dividend,2017,NE.GDI.TOTL.ZS,34.4580589036263
LTE,Late-demographic dividend,2016,NE.GDI.TOTL.ZS,34.4802260706358
LTE,Late-demographic dividend,2015,NE.GDI.TOTL.ZS,34.7062200583601
LTE,Late-demographic dividend,2014,NE.GDI.TOTL.ZS,34.825899000313
LTE,Late-demographic dividend,2013,NE.GDI.TOTL.ZS,34.7132218069863
LTE,Late-demographic dividend,2012,NE.GDI.TOTL.ZS,34.4422977584601
LTE,Late-demographic dividend,2011,NE.GDI.TOTL.ZS,34.0194731267617
LTE,Late-demographic dividend,2010,NE.GDI.TOTL.ZS,33.5850921902727
LTE,Late-demographic dividend,2009,NE.GDI.TOTL.ZS,32.3007877783029
LTE,Late-demographic dividend,2008,NE.GDI.TOTL.ZS,31.9789347638393
LTE,Late-demographic dividend,2007,NE.GDI.TOTL.ZS,30.6774722717976
LTE,Late-demographic dividend,2006,NE.GDI.TOTL.ZS,29.0460406192227
LTE,Late-demographic dividend,2005,NE.GDI.TOTL.ZS,28.7533860429585
LCN,Latin America & Caribbean,2025,NE.GDI.TOTL.ZS,18.9504650331229
LCN,Latin America & Caribbean,2024,NE.GDI.TOTL.ZS,19.1110584083828
LCN,Latin America & Caribbean,2023,NE.GDI.TOTL.ZS,19.0482353514155
LCN,Latin America & Caribbean,2022,NE.GDI.TOTL.ZS,20.0257479106024
LCN,Latin America & Caribbean,2021,NE.GDI.TOTL.ZS,20.1499016322397
LCN,Latin America & Caribbean,2020,NE.GDI.TOTL.ZS,17.5090832328517
LCN,Latin America & Caribbean,2019,NE.GDI.TOTL.ZS,18.5867701632935
LCN,Latin America & Caribbean,2018,NE.GDI.TOTL.ZS,18.8982335501982
LCN,Latin America & Caribbean,2017,NE.GDI.TOTL.ZS,18.4364215563045
LCN,Latin America & Caribbean,2016,NE.GDI.TOTL.ZS,18.8636798214431
LCN,Latin America & Caribbean,2015,NE.GDI.TOTL.ZS,20.1406903389411
LCN,Latin America & Caribbean,2014,NE.GDI.TOTL.ZS,21.0602066817199
LCN,Latin America & Caribbean,2013,NE.GDI.TOTL.ZS,22.1440915066985
LCN,Latin America & Caribbean,2012,NE.GDI.TOTL.ZS,22.0034983915789
LCN,Latin America & Caribbean,2011,NE.GDI.TOTL.ZS,22.456617153368
LCN,Latin America & Caribbean,2010,NE.GDI.TOTL.ZS,21.4822818333475
LCN,Latin America & Caribbean,2009,NE.GDI.TOTL.ZS,19.6620957728864
LCN,Latin America & Caribbean,2008,NE.GDI.TOTL.ZS,22.5489977030919
LCN,Latin America & Caribbean,2007,NE.GDI.TOTL.ZS,21.3280708740851
LCN,Latin America & Caribbean,2006,NE.GDI.TOTL.ZS,20.2828093493539
LCN,Latin America & Caribbean,2005,NE.GDI.TOTL.ZS,19.644494559549
LAC,Latin America & Caribbean (excluding high income),2025,NE.GDI.TOTL.ZS,18.6931771461394
LAC,Latin America & Caribbean (excluding high income),2024,NE.GDI.TOTL.ZS,18.9277815920064
LAC,Latin America & Caribbean (excluding high income),2023,NE.GDI.TOTL.ZS,18.7447244763419
LAC,Latin America & Caribbean (excluding high income),2022,NE.GDI.TOTL.ZS,19.679221766523
LAC,Latin America & Caribbean (excluding high income),2021,NE.GDI.TOTL.ZS,19.9952068854844
LAC,Latin America & Caribbean (excluding high income),2020,NE.GDI.TOTL.ZS,17.4013977073696
LAC,Latin America & Caribbean (excluding high income),2019,NE.GDI.TOTL.ZS,18.0863782896636
LAC,Latin America & Caribbean (excluding high income),2018,NE.GDI.TOTL.ZS,18.3779036401242
LAC,Latin America & Caribbean (excluding high income),2017,NE.GDI.TOTL.ZS,18.1428903096753
LAC,Latin America & Caribbean (excluding high income),2016,NE.GDI.TOTL.ZS,18.5772450985996
LAC,Latin America & Caribbean (excluding high income),2015,NE.GDI.TOTL.ZS,19.8441969214285
LAC,Latin America & Caribbean (excluding high income),2014,NE.GDI.TOTL.ZS,20.8886500245417
LAC,Latin America & Caribbean (excluding high income),2013,NE.GDI.TOTL.ZS,21.9456175161342
LAC,Latin America & Caribbean (excluding high income),2012,NE.GDI.TOTL.ZS,21.733359358732
LAC,Latin America & Caribbean (excluding high income),2011,NE.GDI.TOTL.ZS,22.4342708752658
LAC,Latin America & Caribbean (excluding high income),2010,NE.GDI.TOTL.ZS,21.5228149791634
LAC,Latin America & Caribbean (excluding high income),2009,NE.GDI.TOTL.ZS,19.6154424531873
LAC,Latin America & Caribbean (excluding high income),2008,NE.GDI.TOTL.ZS,22.3722206409306
LAC,Latin America & Caribbean (excluding high income),2007,NE.GDI.TOTL.ZS,21.3662021869042
LAC,Latin America & Caribbean (excluding high income),2006,NE.GDI.TOTL.ZS,20.3109027969187
LAC,Latin America & Caribbean (excluding high income),2005,NE.GDI.TOTL.ZS,19.6433332879012
TLA,Latin America & the Caribbean (IDA & IBRD countries),2025,NE.GDI.TOTL.ZS,19.2189373506137
TLA,Latin America & the Caribbean (IDA & IBRD countries),2024,NE.GDI.TOTL.ZS,19.3865754663318
TLA,Latin America & the Caribbean (IDA & IBRD countries),2023,NE.GDI.TOTL.ZS,19.3295026437651
TLA,Latin America & the Caribbean (IDA & IBRD countries),2022,NE.GDI.TOTL.ZS,20.3335259193441
TLA,Latin America & the Caribbean (IDA & IBRD countries),2021,NE.GDI.TOTL.ZS,20.5419946458414
TLA,Latin America & the Caribbean (IDA & IBRD countries),2020,NE.GDI.TOTL.ZS,17.8428275495624
TLA,Latin America & the Caribbean (IDA & IBRD countries),2019,NE.GDI.TOTL.ZS,18.7756469704007
TLA,Latin America & the Caribbean (IDA & IBRD countries),2018,NE.GDI.TOTL.ZS,19.0754603645194
TLA,Latin America & the Caribbean (IDA & IBRD countries),2017,NE.GDI.TOTL.ZS,18.7625910178891
TLA,Latin America & the Caribbean (IDA & IBRD countries),2016,NE.GDI.TOTL.ZS,19.255671181343
TLA,Latin America & the Caribbean (IDA & IBRD countries),2015,NE.GDI.TOTL.ZS,20.5583848501403
TLA,Latin America & the Caribbean (IDA & IBRD countries),2014,NE.GDI.TOTL.ZS,21.4302933700636
TLA,Latin America & the Caribbean (IDA & IBRD countries),2013,NE.GDI.TOTL.ZS,22.5072608690199
TLA,Latin America & the Caribbean (IDA & IBRD countries),2012,NE.GDI.TOTL.ZS,22.3469749935465
TLA,Latin America & the Caribbean (IDA & IBRD countries),2011,NE.GDI.TOTL.ZS,22.8118694808298
TLA,Latin America & the Caribbean (IDA & IBRD countries),2010,NE.GDI.TOTL.ZS,21.8285165240117
TLA,Latin America & the Caribbean (IDA & IBRD countries),2009,NE.GDI.TOTL.ZS,19.9617288348752
TLA,Latin America & the Caribbean (IDA & IBRD countries),2008,NE.GDI.TOTL.ZS,22.8372375649271
TLA,Latin America & the Caribbean (IDA & IBRD countries),2007,NE.GDI.TOTL.ZS,21.6396800049818
TLA,Latin America & the Caribbean (IDA & IBRD countries),2006,NE.GDI.TOTL.ZS,20.5225382485957
TLA,Latin America & the Caribbean (IDA & IBRD countries),2005,NE.GDI.TOTL.ZS,19.8857651520745
LDC,Least developed countries: UN classification,2025,NE.GDI.TOTL.ZS,25.4308728112487
LDC,Least developed countries: UN classification,2024,NE.GDI.TOTL.ZS,26.5440243333828
LDC,Least developed countries: UN classification,2023,NE.GDI.TOTL.ZS,27.7675335439973
LDC,Least developed countries: UN classification,2022,NE.GDI.TOTL.ZS,28.9114011797638
LDC,Least developed countries: UN classification,2021,NE.GDI.TOTL.ZS,28.3800278148558
LDC,Least developed countries: UN classification,2020,NE.GDI.TOTL.ZS,27.8665589384065
LDC,Least developed countries: UN classification,2019,NE.GDI.TOTL.ZS,29.6959286706455
LDC,Least developed countries: UN classification,2018,NE.GDI.TOTL.ZS,29.263985611485
LDC,Least developed countries: UN classification,2017,NE.GDI.TOTL.ZS,28.4160380033247
LDC,Least developed countries: UN classification,2016,NE.GDI.TOTL.ZS,27.388475178628
LDC,Least developed countries: UN classification,2015,NE.GDI.TOTL.ZS,26.4820870231831
LDC,Least developed countries: UN classification,2014,NE.GDI.TOTL.ZS,27.2718081652085
LDC,Least developed countries: UN classification,2013,NE.GDI.TOTL.ZS,26.7780378354584
LDC,Least developed countries: UN classification,2012,NE.GDI.TOTL.ZS,26.5501142400881
LDC,Least developed countries: UN classification,2011,NE.GDI.TOTL.ZS,25.167149612972
LDC,Least developed countries: UN classification,2010,NE.GDI.TOTL.ZS,24.8880214343929
LDC,Least developed countries: UN classification,2009,NE.GDI.TOTL.ZS,26.7112851369887
LDC,Least developed countries: UN classification,2008,NE.GDI.TOTL.ZS,25.5401182787992
LDC,Least developed countries: UN classification,2007,NE.GDI.TOTL.ZS,24.0281891284347
LDC,Least developed countries: UN classification,2006,NE.GDI.TOTL.ZS,23.5667592887776
LDC,Least developed countries: UN classification,2005,NE.GDI.TOTL.ZS,24.4229966393043
LMY,Low & middle income,2024,NE.GDI.TOTL.ZS,33.1890566330063
LMY,Low & middle income,2023,NE.GDI.TOTL.ZS,33.5009963257578
LMY,Low & middle income,2022,NE.GDI.TOTL.ZS,34.5529440673447
LMY,Low & middle income,2021,NE.GDI.TOTL.ZS,34.8828217207585
LMY,Low & middle income,2020,NE.GDI.TOTL.ZS,33.6995841151908
LMY,Low & middle income,2019,NE.GDI.TOTL.ZS,33.4081822354216
LMY,Low & middle income,2018,NE.GDI.TOTL.ZS,34.3085672330471
LMY,Low & middle income,2017,NE.GDI.TOTL.ZS,33.2239908703271
LMY,Low & middle income,2016,NE.GDI.TOTL.ZS,32.7921578762337
LMY,Low & middle income,2015,NE.GDI.TOTL.ZS,33.1748139900556
LMY,Low & middle income,2014,NE.GDI.TOTL.ZS,33.8578573895155
LMY,Low & middle income,2013,NE.GDI.TOTL.ZS,33.9541870260851
LMY,Low & middle income,2012,NE.GDI.TOTL.ZS,33.6906634631173
LMY,Low & middle income,2011,NE.GDI.TOTL.ZS,33.6269895925085
LMY,Low & middle income,2010,NE.GDI.TOTL.ZS,32.9867267347811
LMY,Low & middle income,2009,NE.GDI.TOTL.ZS,31.8445553855805
LMY,Low & middle income,2008,NE.GDI.TOTL.ZS,31.1167590432671
LMY,Low & middle income,2007,NE.GDI.TOTL.ZS,30.0825102402853
LMY,Low & middle income,2006,NE.GDI.TOTL.ZS,28.8263606373218
LMY,Low & middle income,2005,NE.GDI.TOTL.ZS,28.442755348995
,Low income,2025,NE.GDI.TOTL.ZS,20.7021989625892
,Low income,2024,NE.GDI.TOTL.ZS,20.9410252426568
,Low income,2023,NE.GDI.TOTL.ZS,21.8996615731134
,Low income,2022,NE.GDI.TOTL.ZS,23.0451222864519
,Low income,2021,NE.GDI.TOTL.ZS,23.3871862998305
,Low income,2020,NE.GDI.TOTL.ZS,22.3472881575005
,Low income,2019,NE.GDI.TOTL.ZS,24.3056420961544
,Low income,2018,NE.GDI.TOTL.ZS,24.002504195246
,Low income,2017,NE.GDI.TOTL.ZS,23.0006797379889
,Low income,2016,NE.GDI.TOTL.ZS,22.508116154366
,Low income,2015,NE.GDI.TOTL.ZS,21.930392856333
,Low income,2014,NE.GDI.TOTL.ZS,23.4854228938731
,Low income,2013,NE.GDI.TOTL.ZS,22.918837605462
,Low income,2012,NE.GDI.TOTL.ZS,21.5264137080708
,Low income,2011,NE.GDI.TOTL.ZS,18.7592513429171
,Low income,2010,NE.GDI.TOTL.ZS,18.3787998932354
,Low income,2009,NE.GDI.TOTL.ZS,18.0606888279576
,Low income,2008,NE.GDI.TOTL.ZS,18.2692002506788
,Lower middle income,2025,NE.GDI.TOTL.ZS,31.0601054657361
,Lower middle income,2024,NE.GDI.TOTL.ZS,31.2076772339869
,Lower middle income,2023,NE.GDI.TOTL.ZS,30.5110072463047
,Lower middle income,2022,NE.GDI.TOTL.ZS,29.94382267359
,Lower middle income,2021,NE.GDI.TOTL.ZS,28.5853349837945
,Lower middle income,2020,NE.GDI.TOTL.ZS,26.1739069495871
,Lower middle income,2019,NE.GDI.TOTL.ZS,27.1938450017742
,Lower middle income,2018,NE.GDI.TOTL.ZS,29.7002781806572
,Lower middle income,2017,NE.GDI.TOTL.ZS,28.7128885321559
,Lower middle income,2016,NE.GDI.TOTL.ZS,27.3339694736121
,Lower middle income,2015,NE.GDI.TOTL.ZS,27.718529401094
,Lower middle income,2014,NE.GDI.TOTL.ZS,28.1834057030811
,Lower middle income,2013,NE.GDI.TOTL.ZS,28.6784678707236
,Lower middle income,2012,NE.GDI.TOTL.ZS,30.5602497758106
,Lower middle income,2011,NE.GDI.TOTL.ZS,31.9898544178899
,Lower middle income,2010,NE.GDI.TOTL.ZS,31.7346309466974
,Lower middle income,2009,NE.GDI.TOTL.ZS,31.620941920156
,Lower middle income,2008,NE.GDI.TOTL.ZS,30.4689877823228
,Lower middle income,2007,NE.GDI.TOTL.ZS,33.5904251532925
,Lower middle income,2006,NE.GDI.TOTL.ZS,30.7839567298791
,Lower middle income,2005,NE.GDI.TOTL.ZS,30.5715808542344
MEA,"Middle East, North Africa, Afghanistan & Pakistan",2025,NE.GDI.TOTL.ZS,27.044097306272
MEA,"Middle East, North Africa, Afghanistan & Pakistan",2024,NE.GDI.TOTL.ZS,27.0086970247341
MEA,"Middle East, North Africa, Afghanistan & Pakistan",2023,NE.GDI.TOTL.ZS,27.1040186911981
MEA,"Middle East, North Africa, Afghanistan & Pakistan",2022,NE.GDI.TOTL.ZS,26.0137771498771
MEA,"Middle East, North Africa, Afghanistan & Pakistan",2021,NE.GDI.TOTL.ZS,25.8802544836864
MEA,"Middle East, North Africa, Afghanistan & Pakistan",2020,NE.GDI.TOTL.ZS,25.4817670681437
MEA,"Middle East, North Africa, Afghanistan & Pakistan",2019,NE.GDI.TOTL.ZS,26.2694675433053
MEA,"Middle East, North Africa, Afghanistan & Pakistan",2018,NE.GDI.TOTL.ZS,25.481872150853
MEA,"Middle East, North Africa, Afghanistan & Pakistan",2017,NE.GDI.TOTL.ZS,26.2772279836026
MEA,"Middle East, North Africa, Afghanistan & Pakistan",2016,NE.GDI.TOTL.ZS,26.6054360987206
MEA,"Middle East, North Africa, Afghanistan & Pakistan",2015,NE.GDI.TOTL.ZS,26.4662657558154
MEA,"Middle East, North Africa, Afghanistan & Pakistan",2014,NE.GDI.TOTL.ZS,25.9241246722009
MEA,"Middle East, North Africa, Afghanistan & Pakistan",2013,NE.GDI.TOTL.ZS,25.0696754548694
MEA,"Middle East, North Africa, Afghanistan & Pakistan",2012,NE.GDI.TOTL.ZS,25.2191249523427
MEA,"Middle East, North Africa, Afghanistan & Pakistan",2011,NE.GDI.TOTL.ZS,25.5963068174088
MEA,"Middle East, North Africa, Afghanistan & Pakistan",2010,NE.GDI.TOTL.ZS,27.9232644104486
MEA,"Middle East, North Africa, Afghanistan & Pakistan",2009,NE.GDI.TOTL.ZS,29.0123027769376
MEA,"Middle East, North Africa, Afghanistan & Pakistan",2008,NE.GDI.TOTL.ZS,27.9096350743255
MEA,"Middle East, North Africa, Afghanistan & Pakistan",2007,NE.GDI.TOTL.ZS,27.1253116197552
MEA,"Middle East, North Africa, Afghanistan & Pakistan",2006,NE.GDI.TOTL.ZS,24.651538697474
MEA,"Middle East, North Africa, Afghanistan & Pakistan",2005,NE.GDI.TOTL.ZS,23.6617028288244
MNA,"Middle East, North Africa, Afghanistan & Pakistan (excluding high income)",2025,NE.GDI.TOTL.ZS,25.2203560042563
MNA,"Middle East, North Africa, Afghanistan & Pakistan (excluding high income)",2024,NE.GDI.TOTL.ZS,25.462943478289
MNA,"Middle East, North Africa, Afghanistan & Pakistan (excluding high income)",2023,NE.GDI.TOTL.ZS,25.7652316821823
MNA,"Middle East, North Africa, Afghanistan & Pakistan (excluding high income)",2022,NE.GDI.TOTL.ZS,25.4810804967098
MNA,"Middle East, North Africa, Afghanistan & Pakistan (excluding high income)",2021,NE.GDI.TOTL.ZS,25.3853930320887
MNA,"Middle East, North Africa, Afghanistan & Pakistan (excluding high income)",2020,NE.GDI.TOTL.ZS,25.7289336307807
MNA,"Middle East, North Africa, Afghanistan & Pakistan (excluding high income)",2019,NE.GDI.TOTL.ZS,26.212746910001
MNA,"Middle East, North Africa, Afghanistan & Pakistan (excluding high income)",2018,NE.GDI.TOTL.ZS,26.1816583004344
MNA,"Middle East, North Africa, Afghanistan & Pakistan (excluding high income)",2017,NE.GDI.TOTL.ZS,26.4561364488421
MNA,"Middle East, North Africa, Afghanistan & Pakistan (excluding high income)",2016,NE.GDI.TOTL.ZS,25.3893565877022
MNA,"Middle East, North Africa, Afghanistan & Pakistan (excluding high income)",2015,NE.GDI.TOTL.ZS,24.6014138524967
MNA,"Middle East, North Africa, Afghanistan & Pakistan (excluding high income)",2014,NE.GDI.TOTL.ZS,26.331543734026
MNA,"Middle East, North Africa, Afghanistan & Pakistan (excluding high income)",2013,NE.GDI.TOTL.ZS,26.2767799728878
MNA,"Middle East, North Africa, Afghanistan & Pakistan (excluding high income)",2012,NE.GDI.TOTL.ZS,26.0256576900393
MNA,"Middle East, North Africa, Afghanistan & Pakistan (excluding high income)",2011,NE.GDI.TOTL.ZS,26.4259481745325
MNA,"Middle East, North Africa, Afghanistan & Pakistan (excluding high income)",2010,NE.GDI.TOTL.ZS,28.2580483929771
MNA,"Middle East, North Africa, Afghanistan & Pakistan (excluding high income)",2009,NE.GDI.TOTL.ZS,28.7944421917967
MNA,"Middle East, North Africa, Afghanistan & Pakistan (excluding high income)",2008,NE.GDI.TOTL.ZS,28.7655069591427
MNA,"Middle East, North Africa, Afghanistan & Pakistan (excluding high income)",2007,NE.GDI.TOTL.ZS,27.0194537353171
MNA,"Middle East, North Africa, Afghanistan & Pakistan (excluding high income)",2006,NE.GDI.TOTL.ZS,26.3801461796407
MNA,"Middle East, North Africa, Afghanistan & Pakistan (excluding high income)",2005,NE.GDI.TOTL.ZS,25.6822906238345
TMN,"Middle East, North Africa, Afghanistan & Pakistan (IDA & IBRD)",2025,NE.GDI.TOTL.ZS,25.2138286485609
TMN,"Middle East, North Africa, Afghanistan & Pakistan (IDA & IBRD)",2024,NE.GDI.TOTL.ZS,25.4782377692827
TMN,"Middle East, North Africa, Afghanistan & Pakistan (IDA & IBRD)",2023,NE.GDI.TOTL.ZS,25.7717588683614
TMN,"Middle East, North Africa, Afghanistan & Pakistan (IDA & IBRD)",2022,NE.GDI.TOTL.ZS,25.4717061018502
TMN,"Middle East, North Africa, Afghanistan & Pakistan (IDA & IBRD)",2021,NE.GDI.TOTL.ZS,25.3846016227911
TMN,"Middle East, North Africa, Afghanistan & Pakistan (IDA & IBRD)",2020,NE.GDI.TOTL.ZS,25.7425811070511
TMN,"Middle East, North Africa, Afghanistan & Pakistan (IDA & IBRD)",2019,NE.GDI.TOTL.ZS,26.2067582910094
TMN,"Middle East, North Africa, Afghanistan & Pakistan (IDA & IBRD)",2018,NE.GDI.TOTL.ZS,26.1626631043269
TMN,"Middle East, North Africa, Afghanistan & Pakistan (IDA & IBRD)",2017,NE.GDI.TOTL.ZS,26.4466276293837
TMN,"Middle East, North Africa, Afghanistan & Pakistan (IDA & IBRD)",2016,NE.GDI.TOTL.ZS,25.3912674160734
TMN,"Middle East, North Africa, Afghanistan & Pakistan (IDA & IBRD)",2015,NE.GDI.TOTL.ZS,24.5985790910914
TMN,"Middle East, North Africa, Afghanistan & Pakistan (IDA & IBRD)",2014,NE.GDI.TOTL.ZS,26.3622257957509
TMN,"Middle East, North Africa, Afghanistan & Pakistan (IDA & IBRD)",2013,NE.GDI.TOTL.ZS,26.3049951837618
TMN,"Middle East, North Africa, Afghanistan & Pakistan (IDA & IBRD)",2012,NE.GDI.TOTL.ZS,26.0693665867744
TMN,"Middle East, North Africa, Afghanistan & Pakistan (IDA & IBRD)",2011,NE.GDI.TOTL.ZS,26.4889863418909
TMN,"Middle East, North Africa, Afghanistan & Pakistan (IDA & IBRD)",2010,NE.GDI.TOTL.ZS,28.3136607130853
TMN,"Middle East, North Africa, Afghanistan & Pakistan (IDA & IBRD)",2009,NE.GDI.TOTL.ZS,28.8587000693295
TMN,"Middle East, North Africa, Afghanistan & Pakistan (IDA & IBRD)",2008,NE.GDI.TOTL.ZS,28.8219988350082
TMN,"Middle East, North Africa, Afghanistan & Pakistan (IDA & IBRD)",2007,NE.GDI.TOTL.ZS,27.0555051465764
TMN,"Middle East, North Africa, Afghanistan & Pakistan (IDA & IBRD)",2006,NE.GDI.TOTL.ZS,26.4110119007414
TMN,"Middle East, North Africa, Afghanistan & Pakistan (IDA & IBRD)",2005,NE.GDI.TOTL.ZS,25.6952947230463
MIC,Middle income,2024,NE.GDI.TOTL.ZS,33.3575385145804
MIC,Middle income,2023,NE.GDI.TOTL.ZS,33.6514611811418
MIC,Middle income,2022,NE.GDI.TOTL.ZS,34.7052797944701
MIC,Middle income,2021,NE.GDI.TOTL.ZS,35.0183309450403
MIC,Middle income,2020,NE.GDI.TOTL.ZS,33.8445118037726
MIC,Middle income,2019,NE.GDI.TOTL.ZS,33.5204512415558
MIC,Middle income,2018,NE.GDI.TOTL.ZS,34.4338450971533
MIC,Middle income,2017,NE.GDI.TOTL.ZS,33.3498162249402
MIC,Middle income,2016,NE.GDI.TOTL.ZS,32.926368174698
MIC,Middle income,2015,NE.GDI.TOTL.ZS,33.3423675730897
MIC,Middle income,2014,NE.GDI.TOTL.ZS,34.0106353471205
MIC,Middle income,2013,NE.GDI.TOTL.ZS,34.112149605712
MIC,Middle income,2012,NE.GDI.TOTL.ZS,33.8698661381513
MIC,Middle income,2011,NE.GDI.TOTL.ZS,33.8772977266957
MIC,Middle income,2010,NE.GDI.TOTL.ZS,33.2599746899922
MIC,Middle income,2009,NE.GDI.TOTL.ZS,32.1363383606551
MIC,Middle income,2008,NE.GDI.TOTL.ZS,31.3980034883624
MIC,Middle income,2007,NE.GDI.TOTL.ZS,30.3507940924559
MIC,Middle income,2006,NE.GDI.TOTL.ZS,29.0715839590765
MIC,Middle income,2005,NE.GDI.TOTL.ZS,28.6783485738793
NAC,North America,2024,NE.GDI.TOTL.ZS,21.6471278824712
NAC,North America,2023,NE.GDI.TOTL.ZS,21.7184715207271
NAC,North America,2022,NE.GDI.TOTL.ZS,22.2578475347578
NAC,North America,2021,NE.GDI.TOTL.ZS,21.6316062933554
NAC,North America,2020,NE.GDI.TOTL.ZS,21.5238685843503
NAC,North America,2019,NE.GDI.TOTL.ZS,21.7703625484256
NAC,North America,2018,NE.GDI.TOTL.ZS,21.7057830943175
NAC,North America,2017,NE.GDI.TOTL.ZS,21.3389796816703
NAC,North America,2016,NE.GDI.TOTL.ZS,21.0259304561298
NAC,North America,2015,NE.GDI.TOTL.ZS,21.6006137085608
NAC,North America,2014,NE.GDI.TOTL.ZS,21.2673786526588
NAC,North America,2013,NE.GDI.TOTL.ZS,20.8223737022821
NAC,North America,2012,NE.GDI.TOTL.ZS,20.4445636548411
NAC,North America,2011,NE.GDI.TOTL.ZS,19.5586834803713
NAC,North America,2010,NE.GDI.TOTL.ZS,19.1365360399061
NAC,North America,2009,NE.GDI.TOTL.ZS,18.1294465978286
NAC,North America,2008,NE.GDI.TOTL.ZS,21.3229084024638
NAC,North America,2007,NE.GDI.TOTL.ZS,22.6785056940967
NAC,North America,2006,NE.GDI.TOTL.ZS,23.5394072517679
NAC,North America,2005,NE.GDI.TOTL.ZS,23.3126576246703
OED,OECD members,2024,NE.GDI.TOTL.ZS,22.4673183266703
OED,OECD members,2023,NE.GDI.TOTL.ZS,22.9071071111419
OED,OECD members,2022,NE.GDI.TOTL.ZS,23.7428378125914
OED,OECD members,2021,NE.GDI.TOTL.ZS,23.1129349338402
OED,OECD members,2020,NE.GDI.TOTL.ZS,22.746233696874
OED,OECD members,2019,NE.GDI.TOTL.ZS,22.9597122155061
OED,OECD members,2018,NE.GDI.TOTL.ZS,22.8484285828597
OED,OECD members,2017,NE.GDI.TOTL.ZS,22.5432678526011
OED,OECD members,2016,NE.GDI.TOTL.ZS,22.1286584663474
OED,OECD members,2015,NE.GDI.TOTL.ZS,22.2866081473868
OED,OECD members,2014,NE.GDI.TOTL.ZS,22.0154935652424
OED,OECD members,2013,NE.GDI.TOTL.ZS,21.6664760229929
OED,OECD members,2012,NE.GDI.TOTL.ZS,21.6959078354493
OED,OECD members,2011,NE.GDI.TOTL.ZS,21.7894794707138
OED,OECD members,2010,NE.GDI.TOTL.ZS,21.1179806219078
OED,OECD members,2009,NE.GDI.TOTL.ZS,20.3040122940559
OED,OECD members,2008,NE.GDI.TOTL.ZS,23.380986504379
OED,OECD members,2007,NE.GDI.TOTL.ZS,23.9393408125191
OED,OECD members,2006,NE.GDI.TOTL.ZS,23.9882403427356
OED,OECD members,2005,NE.GDI.TOTL.ZS,23.4813924640955
OSS,Other small states,2025,NE.GDI.TOTL.ZS,22.6947765764892
OSS,Other small states,2024,NE.GDI.TOTL.ZS,22.9552139866442
OSS,Other small states,2023,NE.GDI.TOTL.ZS,23.4630761789611
OSS,Other small states,2022,NE.GDI.TOTL.ZS,24.190749578964
OSS,Other small states,2021,NE.GDI.TOTL.ZS,23.8883383711594
OSS,Other small states,2020,NE.GDI.TOTL.ZS,24.3437516430011
OSS,Other small states,2019,NE.GDI.TOTL.ZS,24.1695958962498
OSS,Other small states,2018,NE.GDI.TOTL.ZS,25.2390938453797
OSS,Other small states,2017,NE.GDI.TOTL.ZS,24.3171553706061
OSS,Other small states,2016,NE.GDI.TOTL.ZS,23.5390243786312
OSS,Other small states,2015,NE.GDI.TOTL.ZS,22.115874207374
OSS,Other small states,2014,NE.GDI.TOTL.ZS,21.1303261748671
OSS,Other small states,2013,NE.GDI.TOTL.ZS,23.7922272068971
OSS,Other small states,2012,NE.GDI.TOTL.ZS,25.0158279878012
OSS,Other small states,2011,NE.GDI.TOTL.ZS,23.5093629139294
OSS,Other small states,2010,NE.GDI.TOTL.ZS,23.6896260308514
OSS,Other small states,2009,NE.GDI.TOTL.ZS,23.1965133739722
OSS,Other small states,2008,NE.GDI.TOTL.ZS,28.7623146021172
OSS,Other small states,2007,NE.GDI.TOTL.ZS,29.919103686835
OSS,Other small states,2006,NE.GDI.TOTL.ZS,29.5352783536228
OSS,Other small states,2005,NE.GDI.TOTL.ZS,26.5721139783542
PSS,Pacific island small states,2024,NE.GDI.TOTL.ZS,23.2079213200782
PSS,Pacific island small states,2023,NE.GDI.TOTL.ZS,22.8852881375568
PSS,Pacific island small states,2022,NE.GDI.TOTL.ZS,23.5892149228045
PSS,Pacific island small states,2021,NE.GDI.TOTL.ZS,22.7663566666393
PSS,Pacific island small states,2020,NE.GDI.TOTL.ZS,19.7823876713931
PSS,Pacific island small states,2019,NE.GDI.TOTL.ZS,22.4725814042107
PSS,Pacific island small states,2018,NE.GDI.TOTL.ZS,22.5911484657728
PSS,Pacific island small states,2017,NE.GDI.TOTL.ZS,23.975047930988
PSS,Pacific island small states,2016,NE.GDI.TOTL.ZS,23.6086568568512
PSS,Pacific island small states,2015,NE.GDI.TOTL.ZS,24.2711629025592
PSS,Pacific island small states,2014,NE.GDI.TOTL.ZS,21.7363905395505
PSS,Pacific island small states,2013,NE.GDI.TOTL.ZS,22.9294413894886
PSS,Pacific island small states,2012,NE.GDI.TOTL.ZS,21.6267025182962
PSS,Pacific island small states,2011,NE.GDI.TOTL.ZS,23.8915873082318
PSS,Pacific island small states,2010,NE.GDI.TOTL.ZS,21.7032825306307
PSS,Pacific island small states,2009,NE.GDI.TOTL.ZS,22.8923946239806
PSS,Pacific island small states,2008,NE.GDI.TOTL.ZS,25.6217533977908
PSS,Pacific island small states,2007,NE.GDI.TOTL.ZS,20.7459643595518
PSS,Pacific island small states,2006,NE.GDI.TOTL.ZS,22.0700651970384
PSS,Pacific island small states,2005,NE.GDI.TOTL.ZS,22.0704076857591
PST,Post-demographic dividend,2024,NE.GDI.TOTL.ZS,22.3076808103107
PST,Post-demographic dividend,2023,NE.GDI.TOTL.ZS,22.6273426505381
PST,Post-demographic dividend,2022,NE.GDI.TOTL.ZS,23.4082077307099
PST,Post-demographic dividend,2021,NE.GDI.TOTL.ZS,22.8916347263449
PST,Post-demographic dividend,2020,NE.GDI.TOTL.ZS,22.4414236716579
PST,Post-demographic dividend,2019,NE.GDI.TOTL.ZS,22.6154532414749
PST,Post-demographic dividend,2018,NE.GDI.TOTL.ZS,22.6407059654258
PST,Post-demographic dividend,2017,NE.GDI.TOTL.ZS,22.269632545184
PST,Post-demographic dividend,2016,NE.GDI.TOTL.ZS,21.8345681167099
PST,Post-demographic dividend,2015,NE.GDI.TOTL.ZS,22.0422567768265
PST,Post-demographic dividend,2014,NE.GDI.TOTL.ZS,21.842077167564
PST,Post-demographic dividend,2013,NE.GDI.TOTL.ZS,21.4778282614785
PST,Post-demographic dividend,2012,NE.GDI.TOTL.ZS,21.4789142985422
PST,Post-demographic dividend,2011,NE.GDI.TOTL.ZS,21.5257184842915
PST,Post-demographic dividend,2010,NE.GDI.TOTL.ZS,20.966237619063
PST,Post-demographic dividend,2009,NE.GDI.TOTL.ZS,20.2071912383678
PST,Post-demographic dividend,2008,NE.GDI.TOTL.ZS,23.2469230611912
PST,Post-demographic dividend,2007,NE.GDI.TOTL.ZS,23.8046280493248
PST,Post-demographic dividend,2006,NE.GDI.TOTL.ZS,23.8847392429315
PST,Post-demographic dividend,2005,NE.GDI.TOTL.ZS,23.4267751756328
SST,Small states,2024,NE.GDI.TOTL.ZS,21.6084646223585
SST,Small states,2023,NE.GDI.TOTL.ZS,22.2207199306573
SST,Small states,2022,NE.GDI.TOTL.ZS,22.6377129955457
SST,Small states,2021,NE.GDI.TOTL.ZS,23.4784584356776
SST,Small states,2020,NE.GDI.TOTL.ZS,23.650858468249
SST,Small states,2019,NE.GDI.TOTL.ZS,23.7012092354535
SST,Small states,2018,NE.GDI.TOTL.ZS,24.8284090293442
SST,Small states,2017,NE.GDI.TOTL.ZS,23.9482662288168
SST,Small states,2016,NE.GDI.TOTL.ZS,22.954430805641
SST,Small states,2015,NE.GDI.TOTL.ZS,22.5202248318013
SST,Small states,2014,NE.GDI.TOTL.ZS,21.414012994227
SST,Small states,2013,NE.GDI.TOTL.ZS,23.3203171698778
SST,Small states,2012,NE.GDI.TOTL.ZS,24.2630535686361
SST,Small states,2011,NE.GDI.TOTL.ZS,23.4831101522708
SST,Small states,2010,NE.GDI.TOTL.ZS,23.4326248776139
SST,Small states,2009,NE.GDI.TOTL.ZS,24.6998207848182
SST,Small states,2008,NE.GDI.TOTL.ZS,27.5601701492388
SST,Small states,2007,NE.GDI.TOTL.ZS,28.7438752654024
SST,Small states,2006,NE.GDI.TOTL.ZS,27.2633551254284
SST,Small states,2005,NE.GDI.TOTL.ZS,24.0924782871572
SAS,South Asia,2025,NE.GDI.TOTL.ZS,33.8264305839971
SAS,South Asia,2024,NE.GDI.TOTL.ZS,33.7309311621962
SAS,South Asia,2023,NE.GDI.TOTL.ZS,33.8836427876394
SAS,South Asia,2022,NE.GDI.TOTL.ZS,34.0385694534715
SAS,South Asia,2021,NE.GDI.TOTL.ZS,32.1325895669563
SAS,South Asia,2020,NE.GDI.TOTL.ZS,29.340101685823
SAS,South Asia,2019,NE.GDI.TOTL.ZS,30.5798864358008
SAS,South Asia,2018,NE.GDI.TOTL.ZS,32.5827015595367
SAS,South Asia,2017,NE.GDI.TOTL.ZS,31.3448895002414
SAS,South Asia,2016,NE.GDI.TOTL.ZS,30.4067900207345
SAS,South Asia,2015,NE.GDI.TOTL.ZS,31.9449594508094
SAS,South Asia,2014,NE.GDI.TOTL.ZS,33.8859355263062
SAS,South Asia,2013,NE.GDI.TOTL.ZS,33.6267425472628
SAS,South Asia,2012,NE.GDI.TOTL.ZS,37.7307820853006
SAS,South Asia,2011,NE.GDI.TOTL.ZS,38.8851663178079
SAS,South Asia,2010,NE.GDI.TOTL.ZS,39.189571682824
SAS,South Asia,2009,NE.GDI.TOTL.ZS,38.6643831527652
SAS,South Asia,2008,NE.GDI.TOTL.ZS,37.9414330508267
SAS,South Asia,2007,NE.GDI.TOTL.ZS,41.4057562301016
SAS,South Asia,2006,NE.GDI.TOTL.ZS,38.4951974574366
SAS,South Asia,2005,NE.GDI.TOTL.ZS,36.9471493768797
TSA,South Asia (IDA & IBRD),2025,NE.GDI.TOTL.ZS,33.8264305839971
TSA,South Asia (IDA & IBRD),2024,NE.GDI.TOTL.ZS,33.7309311621962
TSA,South Asia (IDA & IBRD),2023,NE.GDI.TOTL.ZS,33.8836427876394
TSA,South Asia (IDA & IBRD),2022,NE.GDI.TOTL.ZS,34.0385694534715
TSA,South Asia (IDA & IBRD),2021,NE.GDI.TOTL.ZS,32.1325895669563
TSA,South Asia (IDA & IBRD),2020,NE.GDI.TOTL.ZS,29.340101685823
TSA,South Asia (IDA & IBRD),2019,NE.GDI.TOTL.ZS,30.5798864358008
TSA,South Asia (IDA & IBRD),2018,NE.GDI.TOTL.ZS,32.5827015595367
TSA,South Asia (IDA & IBRD),2017,NE.GDI.TOTL.ZS,31.3448895002414
TSA,South Asia (IDA & IBRD),2016,NE.GDI.TOTL.ZS,30.4067900207345
TSA,South Asia (IDA & IBRD),2015,NE.GDI.TOTL.ZS,31.9449594508094
TSA,South Asia (IDA & IBRD),2014,NE.GDI.TOTL.ZS,33.8859355263062
TSA,South Asia (IDA & IBRD),2013,NE.GDI.TOTL.ZS,33.6267425472628
TSA,South Asia (IDA & IBRD),2012,NE.GDI.TOTL.ZS,37.7307820853006
TSA,South Asia (IDA & IBRD),2011,NE.GDI.TOTL.ZS,38.8851663178079
TSA,South Asia (IDA & IBRD),2010,NE.GDI.TOTL.ZS,39.189571682824
TSA,South Asia (IDA & IBRD),2009,NE.GDI.TOTL.ZS,38.6643831527652
TSA,South Asia (IDA & IBRD),2008,NE.GDI.TOTL.ZS,37.9414330508268
TSA,South Asia (IDA & IBRD),2007,NE.GDI.TOTL.ZS,41.4057562301016
TSA,South Asia (IDA & IBRD),2006,NE.GDI.TOTL.ZS,38.4951974574366
TSA,South Asia (IDA & IBRD),2005,NE.GDI.TOTL.ZS,36.9471493768798
SSF,Sub-Saharan Africa,2025,NE.GDI.TOTL.ZS,23.1134807220348
SSF,Sub-Saharan Africa,2024,NE.GDI.TOTL.ZS,23.9685760014727
SSF,Sub-Saharan Africa,2023,NE.GDI.TOTL.ZS,22.4952313553101
SSF,Sub-Saharan Africa,2022,NE.GDI.TOTL.ZS,21.6115356836893
SSF,Sub-Saharan Africa,2021,NE.GDI.TOTL.ZS,20.654524060868
SSF,Sub-Saharan Africa,2020,NE.GDI.TOTL.ZS,19.8102229887589
SSF,Sub-Saharan Africa,2019,NE.GDI.TOTL.ZS,21.0899735928805
SSF,Sub-Saharan Africa,2018,NE.GDI.TOTL.ZS,24.1971118552433
SSF,Sub-Saharan Africa,2017,NE.GDI.TOTL.ZS,24.5373122989839
SSF,Sub-Saharan Africa,2016,NE.GDI.TOTL.ZS,24.2070969681782
SSF,Sub-Saharan Africa,2015,NE.GDI.TOTL.ZS,24.4830151791878
SSF,Sub-Saharan Africa,2014,NE.GDI.TOTL.ZS,24.841014085968
SSF,Sub-Saharan Africa,2013,NE.GDI.TOTL.ZS,24.7022931691774
SSF,Sub-Saharan Africa,2012,NE.GDI.TOTL.ZS,24.6435866183311
SSF,Sub-Saharan Africa,2011,NE.GDI.TOTL.ZS,24.1632883594591
SSF,Sub-Saharan Africa,2010,NE.GDI.TOTL.ZS,23.5903228861984
SSF,Sub-Saharan Africa,2009,NE.GDI.TOTL.ZS,25.269415635428
SSF,Sub-Saharan Africa,2008,NE.GDI.TOTL.ZS,24.7189849877646
SSF,Sub-Saharan Africa,2007,NE.GDI.TOTL.ZS,23.1471449197418
SSF,Sub-Saharan Africa,2006,NE.GDI.TOTL.ZS,21.9748830588817
SSF,Sub-Saharan Africa,2005,NE.GDI.TOTL.ZS,22.491301788028
SSA,Sub-Saharan Africa (excluding high income),2025,NE.GDI.TOTL.ZS,23.1175612490474
SSA,Sub-Saharan Africa (excluding high income),2024,NE.GDI.TOTL.ZS,23.9691419750371
SSA,Sub-Saharan Africa (excluding high income),2023,NE.GDI.TOTL.ZS,22.4898995652816
SSA,Sub-Saharan Africa (excluding high income),2022,NE.GDI.TOTL.ZS,21.6143942253441
SSA,Sub-Saharan Africa (excluding high income),2021,NE.GDI.TOTL.ZS,20.6593141367259
SSA,Sub-Saharan Africa (excluding high income),2020,NE.GDI.TOTL.ZS,19.8089489832435
SSA,Sub-Saharan Africa (excluding high income),2019,NE.GDI.TOTL.ZS,21.0872693774778
SSA,Sub-Saharan Africa (excluding high income),2018,NE.GDI.TOTL.ZS,24.1978358631929
SSA,Sub-Saharan Africa (excluding high income),2017,NE.GDI.TOTL.ZS,24.5347487739522
SSA,Sub-Saharan Africa (excluding high income),2016,NE.GDI.TOTL.ZS,24.2029497765083
SSA,Sub-Saharan Africa (excluding high income),2015,NE.GDI.TOTL.ZS,24.4791788855005
SSA,Sub-Saharan Africa (excluding high income),2014,NE.GDI.TOTL.ZS,24.836978777883
SSA,Sub-Saharan Africa (excluding high income),2013,NE.GDI.TOTL.ZS,24.6880601139091
SSA,Sub-Saharan Africa (excluding high income),2012,NE.GDI.TOTL.ZS,24.6330482890564
SSA,Sub-Saharan Africa (excluding high income),2011,NE.GDI.TOTL.ZS,24.1547749822954
SSA,Sub-Saharan Africa (excluding high income),2010,NE.GDI.TOTL.ZS,23.5782224185703
SSA,Sub-Saharan Africa (excluding high income),2009,NE.GDI.TOTL.ZS,25.2681630700467
SSA,Sub-Saharan Africa (excluding high income),2008,NE.GDI.TOTL.ZS,24.7162995052966
SSA,Sub-Saharan Africa (excluding high income),2007,NE.GDI.TOTL.ZS,23.1365340787654
SSA,Sub-Saharan Africa (excluding high income),2006,NE.GDI.TOTL.ZS,21.9571016517345
SSA,Sub-Saharan Africa (excluding high income),2005,NE.GDI.TOTL.ZS,22.4843257442363
TSS,Sub-Saharan Africa (IDA & IBRD countries),2025,NE.GDI.TOTL.ZS,23.1134807220348
TSS,Sub-Saharan Africa (IDA & IBRD countries),2024,NE.GDI.TOTL.ZS,23.9685760014728
TSS,Sub-Saharan Africa (IDA & IBRD countries),2023,NE.GDI.TOTL.ZS,22.4952313553101
TSS,Sub-Saharan Africa (IDA & IBRD countries),2022,NE.GDI.TOTL.ZS,21.6115356836893
TSS,Sub-Saharan Africa (IDA & IBRD countries),2021,NE.GDI.TOTL.ZS,20.654524060868
TSS,Sub-Saharan Africa (IDA & IBRD countries),2020,NE.GDI.TOTL.ZS,19.8102229887589
TSS,Sub-Saharan Africa (IDA & IBRD countries),2019,NE.GDI.TOTL.ZS,21.0899735928805
TSS,Sub-Saharan Africa (IDA & IBRD countries),2018,NE.GDI.TOTL.ZS,24.1971118552433
TSS,Sub-Saharan Africa (IDA & IBRD countries),2017,NE.GDI.TOTL.ZS,24.5373122989839
TSS,Sub-Saharan Africa (IDA & IBRD countries),2016,NE.GDI.TOTL.ZS,24.2070969681782
TSS,Sub-Saharan Africa (IDA & IBRD countries),2015,NE.GDI.TOTL.ZS,24.4830151791878
TSS,Sub-Saharan Africa (IDA & IBRD countries),2014,NE.GDI.TOTL.ZS,24.841014085968
TSS,Sub-Saharan Africa (IDA & IBRD countries),2013,NE.GDI.TOTL.ZS,24.7022931691774
TSS,Sub-Saharan Africa (IDA & IBRD countries),2012,NE.GDI.TOTL.ZS,24.6435866183311
TSS,Sub-Saharan Africa (IDA & IBRD countries),2011,NE.GDI.TOTL.ZS,24.1632883594591
TSS,Sub-Saharan Africa (IDA & IBRD countries),2010,NE.GDI.TOTL.ZS,23.5903228861984
TSS,Sub-Saharan Africa (IDA & IBRD countries),2009,NE.GDI.TOTL.ZS,25.269415635428
TSS,Sub-Saharan Africa (IDA & IBRD countries),2008,NE.GDI.TOTL.ZS,24.7189849877646
TSS,Sub-Saharan Africa (IDA & IBRD countries),2007,NE.GDI.TOTL.ZS,23.1471449197418
TSS,Sub-Saharan Africa (IDA & IBRD countries),2006,NE.GDI.TOTL.ZS,21.9748830588817
TSS,Sub-Saharan Africa (IDA & IBRD countries),2005,NE.GDI.TOTL.ZS,22.491301788028
,Upper middle income,2024,NE.GDI.TOTL.ZS,33.722069345502
,Upper middle income,2023,NE.GDI.TOTL.ZS,34.2103646160472
,Upper middle income,2022,NE.GDI.TOTL.ZS,35.6261851329301
,Upper middle income,2021,NE.GDI.TOTL.ZS,36.2405404942584
,Upper middle income,2020,NE.GDI.TOTL.ZS,35.3989948188907
,Upper middle income,2019,NE.GDI.TOTL.ZS,34.8346819475488
,Upper middle income,2018,NE.GDI.TOTL.ZS,35.3248038641793
,Upper middle income,2017,NE.GDI.TOTL.ZS,34.275324793113
,Upper middle income,2016,NE.GDI.TOTL.ZS,34.0581240415465
,Upper middle income,2015,NE.GDI.TOTL.ZS,34.4267856326681
,Upper middle income,2014,NE.GDI.TOTL.ZS,35.1181695042548
,Upper middle income,2013,NE.GDI.TOTL.ZS,35.0975302946263
,Upper middle income,2012,NE.GDI.TOTL.ZS,34.5106698001545
,Upper middle income,2011,NE.GDI.TOTL.ZS,34.2745131436916
,Upper middle income,2010,NE.GDI.TOTL.ZS,33.7418076714054
,Upper middle income,2009,NE.GDI.TOTL.ZS,32.4407631550813
,Upper middle income,2008,NE.GDI.TOTL.ZS,31.7072395774348
,Upper middle income,2007,NE.GDI.TOTL.ZS,29.8958655511892
,Upper middle income,2006,NE.GDI.TOTL.ZS,28.9264634176816
,Upper middle income,2005,NE.GDI.TOTL.ZS,28.4936657861451
WLD,World,2024,NE.GDI.TOTL.ZS,26.2876909759521
WLD,World,2023,NE.GDI.TOTL.ZS,26.6577465889384
WLD,World,2022,NE.GDI.TOTL.ZS,27.4739393514853
WLD,World,2021,NE.GDI.TOTL.ZS,27.2373053893195
WLD,World,2020,NE.GDI.TOTL.ZS,26.4574260762578
WLD,World,2019,NE.GDI.TOTL.ZS,26.5641173360643
WLD,World,2018,NE.GDI.TOTL.ZS,26.6618995256248
WLD,World,2017,NE.GDI.TOTL.ZS,26.1215186983744
WLD,World,2016,NE.GDI.TOTL.ZS,25.66630536978
WLD,World,2015,NE.GDI.TOTL.ZS,25.9245408633197
WLD,World,2014,NE.GDI.TOTL.ZS,25.8794720491122
WLD,World,2013,NE.GDI.TOTL.ZS,25.5970375883502
WLD,World,2012,NE.GDI.TOTL.ZS,25.4871607487971
WLD,World,2011,NE.GDI.TOTL.ZS,25.3495427594254
WLD,World,2010,NE.GDI.TOTL.ZS,24.6267715827383
WLD,World,2009,NE.GDI.TOTL.ZS,23.423493191284
WLD,World,2008,NE.GDI.TOTL.ZS,25.4602081837739
WLD,World,2007,NE.GDI.TOTL.ZS,25.4662270948936
WLD,World,2006,NE.GDI.TOTL.ZS,25.0071717327576
WLD,World,2005,NE.GDI.TOTL.ZS,24.4593884198792
AFG,Afghanistan,2024,NE.GDI.TOTL.ZS,17.0868898068985
AFG,Afghanistan,2023,NE.GDI.TOTL.ZS,15.2924823859473
AFG,Afghanistan,2022,NE.GDI.TOTL.ZS,16.7
AFG,Afghanistan,2021,NE.GDI.TOTL.ZS,13.0
AFG,Afghanistan,2020,NE.GDI.TOTL.ZS,11.5
ALB,Albania,2024,NE.GDI.TOTL.ZS,24.9514965978049
ALB,Albania,2023,NE.GDI.TOTL.ZS,23.4392861436214
ALB,Albania,2022,NE.GDI.TOTL.ZS,26.8023654741294
ALB,Albania,2021,NE.GDI.TOTL.ZS,28.6722669213413
ALB,Albania,2020,NE.GDI.TOTL.ZS,26.2183472454095
ALB,Albania,2019,NE.GDI.TOTL.ZS,25.2875256073276
ALB,Albania,2018,NE.GDI.TOTL.ZS,27.1252994132038
ALB,Albania,2017,NE.GDI.TOTL.ZS,27.657593194662
ALB,Albania,2016,NE.GDI.TOTL.ZS,26.814346013014
ALB,Albania,2015,NE.GDI.TOTL.ZS,27.8134648405134
ALB,Albania,2014,NE.GDI.TOTL.ZS,28.3047822758213
ALB,Albania,2013,NE.GDI.TOTL.ZS,29.0566378899977
ALB,Albania,2012,NE.GDI.TOTL.ZS,29.7150278852687
ALB,Albania,2011,NE.GDI.TOTL.ZS,33.8376091539876
ALB,Albania,2010,NE.GDI.TOTL.ZS,32.4926226328977
ALB,Albania,2009,NE.GDI.TOTL.ZS,32.4404588015772
ALB,Albania,2008,NE.GDI.TOTL.ZS,33.3056707670518
ALB,Albania,2007,NE.GDI.TOTL.ZS,35.6688758642439
ALB,Albania,2006,NE.GDI.TOTL.ZS,37.3389564722485
ALB,Albania,2005,NE.GDI.TOTL.ZS,38.3843892451909
DZA,Algeria,2025,NE.GDI.TOTL.ZS,45.2674453295975
DZA,Algeria,2024,NE.GDI.TOTL.ZS,41.098075603421
DZA,Algeria,2023,NE.GDI.TOTL.ZS,37.6168765143841
DZA,Algeria,2022,NE.GDI.TOTL.ZS,35.0979536992694
DZA,Algeria,2021,NE.GDI.TOTL.ZS,39.146266285101
DZA,Algeria,2020,NE.GDI.TOTL.ZS,42.9493576825015
DZA,Algeria,2019,NE.GDI.TOTL.ZS,44.6295617875004
DZA,Algeria,2018,NE.GDI.TOTL.ZS,46.4568594962626
DZA,Algeria,2017,NE.GDI.TOTL.ZS,48.2675922575805
DZA,Algeria,2016,NE.GDI.TOTL.ZS,51.6415142855742
DZA,Algeria,2015,NE.GDI.TOTL.ZS,51.779612559441
DZA,Algeria,2014,NE.GDI.TOTL.ZS,46.8984793363791
DZA,Algeria,2013,NE.GDI.TOTL.ZS,44.5820108403061
DZA,Algeria,2012,NE.GDI.TOTL.ZS,40.2823786992933
DZA,Algeria,2011,NE.GDI.TOTL.ZS,39.7538222142123
DZA,Algeria,2010,NE.GDI.TOTL.ZS,43.2868274827225
DZA,Algeria,2009,NE.GDI.TOTL.ZS,46.0669131037696
DZA,Algeria,2008,NE.GDI.TOTL.ZS,35.5369334164485
DZA,Algeria,2007,NE.GDI.TOTL.ZS,33.5715459915764
DZA,Algeria,2006,NE.GDI.TOTL.ZS,30.3621197641824
DZA,Algeria,2005,NE.GDI.TOTL.ZS,31.175075513314
AGO,Angola,2024,NE.GDI.TOTL.ZS,10.6377456764616
AGO,Angola,2023,NE.GDI.TOTL.ZS,12.4388656074311
AGO,Angola,2022,NE.GDI.TOTL.ZS,14.5062482098448
AGO,Angola,2021,NE.GDI.TOTL.ZS,16.2456410230343
AGO,Angola,2020,NE.GDI.TOTL.ZS,19.7582446469097
AGO,Angola,2019,NE.GDI.TOTL.ZS,24.5361609250318
AGO,Angola,2018,NE.GDI.TOTL.ZS,23.9346610105943
AGO,Angola,2017,NE.GDI.TOTL.ZS,28.7560301666038
AGO,Angola,2016,NE.GDI.TOTL.ZS,29.6920729502549
AGO,Angola,2015,NE.GDI.TOTL.ZS,29.1086095938024
AGO,Angola,2014,NE.GDI.TOTL.ZS,28.8734781931353
AGO,Angola,2013,NE.GDI.TOTL.ZS,26.9937630527719
AGO,Angola,2012,NE.GDI.TOTL.ZS,27.968561401116
AGO,Angola,2011,NE.GDI.TOTL.ZS,27.3662454532289
AGO,Angola,2010,NE.GDI.TOTL.ZS,29.7638327938358
AGO,Angola,2009,NE.GDI.TOTL.ZS,42.1126629947993
AGO,Angola,2008,NE.GDI.TOTL.ZS,31.0476642799695
AGO,Angola,2007,NE.GDI.TOTL.ZS,26.8723206787925
AGO,Angola,2006,NE.GDI.TOTL.ZS,24.1285215638157
AGO,Angola,2005,NE.GDI.TOTL.ZS,28.013994896608
ARG,Argentina,2025,NE.GDI.TOTL.ZS,16.1135884834348
ARG,Argentina,2024,NE.GDI.TOTL.ZS,15.8378002382311
ARG,Argentina,2023,NE.GDI.TOTL.ZS,19.3822632919135
ARG,Argentina,2022,NE.GDI.TOTL.ZS,17.3855861358427
ARG,Argentina,2021,NE.GDI.TOTL.ZS,18.0762892471421
ARG,Argentina,2020,NE.GDI.TOTL.ZS,14.4151557410245
ARG,Argentina,2019,NE.GDI.TOTL.ZS,14.2100303992191
ARG,Argentina,2018,NE.GDI.TOTL.ZS,16.6138850156371
ARG,Argentina,2017,NE.GDI.TOTL.ZS,18.2125671747754
ARG,Argentina,2016,NE.GDI.TOTL.ZS,17.6632278606203
ARG,Argentina,2015,NE.GDI.TOTL.ZS,17.0707048841583
ARG,Argentina,2014,NE.GDI.TOTL.ZS,17.2628810064651
ARG,Argentina,2013,NE.GDI.TOTL.ZS,17.3057789012596
ARG,Argentina,2012,NE.GDI.TOTL.ZS,16.5019865298875
ARG,Argentina,2011,NE.GDI.TOTL.ZS,18.39845891735
ARG,Argentina,2010,NE.GDI.TOTL.ZS,17.7055338062046
ARG,Argentina,2009,NE.GDI.TOTL.ZS,16.0531123592112
ARG,Argentina,2008,NE.GDI.TOTL.ZS,19.5727758777106
ARG,Argentina,2007,NE.GDI.TOTL.ZS,20.099113202908
ARG,Argentina,2006,NE.GDI.TOTL.ZS,18.6804872364334
ARG,Argentina,2005,NE.GDI.TOTL.ZS,18.8882641376513
ARM,Armenia,2025,NE.GDI.TOTL.ZS,24.2105870879516
ARM,Armenia,2024,NE.GDI.TOTL.ZS,23.8327452429021
ARM,Armenia,2023,NE.GDI.TOTL.ZS,22.9413054452812
ARM,Armenia,2022,NE.GDI.TOTL.ZS,22.2551321660516
ARM,Armenia,2021,NE.GDI.TOTL.ZS,22.9638762261581
ARM,Armenia,2020,NE.GDI.TOTL.ZS,19.663832943599
ARM,Armenia,2019,NE.GDI.TOTL.ZS,17.4085294108567
ARM,Armenia,2018,NE.GDI.TOTL.ZS,22.3997393267701
ARM,Armenia,2017,NE.GDI.TOTL.ZS,18.4217402148728
ARM,Armenia,2016,NE.GDI.TOTL.ZS,18.0155086734171
ARM,Armenia,2015,NE.GDI.TOTL.ZS,20.7305301265762
ARM,Armenia,2014,NE.GDI.TOTL.ZS,21.2830406859193
ARM,Armenia,2013,NE.GDI.TOTL.ZS,22.1524900726313
ARM,Armenia,2012,NE.GDI.TOTL.ZS,24.6809527475996
ARM,Armenia,2011,NE.GDI.TOTL.ZS,31.9217989798477
ARM,Armenia,2010,NE.GDI.TOTL.ZS,38.8147549853077
ARM,Armenia,2009,NE.GDI.TOTL.ZS,41.1450508029059
ARM,Armenia,2008,NE.GDI.TOTL.ZS,47.9428358213473
ARM,Armenia,2007,NE.GDI.TOTL.ZS,44.3516229755633
ARM,Armenia,2006,NE.GDI.TOTL.ZS,42.2254576837845
ARM,Armenia,2005,NE.GDI.TOTL.ZS,35.765438994108
ABW,Aruba,2024,NE.GDI.TOTL.ZS,25.7457063450048
ABW,Aruba,2023,NE.GDI.TOTL.ZS,18.3808626720902
ABW,Aruba,2022,NE.GDI.TOTL.ZS,19.643757329474
ABW,Aruba,2021,NE.GDI.TOTL.ZS,20.2580852591336
ABW,Aruba,2020,NE.GDI.TOTL.ZS,23.9310901158451
ABW,Aruba,2019,NE.GDI.TOTL.ZS,22.611387828686
ABW,Aruba,2018,NE.GDI.TOTL.ZS,22.4017184437014
ABW,Aruba,2017,NE.GDI.TOTL.ZS,20.5511714864529
ABW,Aruba,2016,NE.GDI.TOTL.ZS,20.5749571545811
ABW,Aruba,2015,NE.GDI.TOTL.ZS,21.538867068293
ABW,Aruba,2014,NE.GDI.TOTL.ZS,23.1114410000278
ABW,Aruba,2013,NE.GDI.TOTL.ZS,23.825859897396
ABW,Aruba,2012,NE.GDI.TOTL.ZS,23.5225068320821
ABW,Aruba,2011,NE.GDI.TOTL.ZS,27.4166371579459
ABW,Aruba,2010,NE.GDI.TOTL.ZS,28.2831797071863
ABW,Aruba,2009,NE.GDI.TOTL.ZS,29.6421797785745
ABW,Aruba,2008,NE.GDI.TOTL.ZS,32.1030557196345
ABW,Aruba,2007,NE.GDI.TOTL.ZS,31.746651038248
ABW,Aruba,2006,NE.GDI.TOTL.ZS,34.5191296544988
ABW,Aruba,2005,NE.GDI.TOTL.ZS,33.160442199198
AUS,Australia,2025,NE.GDI.TOTL.ZS,24.4610361593107
AUS,Australia,2024,NE.GDI.TOTL.ZS,24.323541758006
AUS,Australia,2023,NE.GDI.TOTL.ZS,23.873104248989
AUS,Australia,2022,NE.GDI.TOTL.ZS,23.6997957124432
AUS,Australia,2021,NE.GDI.TOTL.ZS,22.8801883097412
AUS,Australia,2020,NE.GDI.TOTL.ZS,22.3449300806534
AUS,Australia,2019,NE.GDI.TOTL.ZS,23.2971815966264
AUS,Australia,2018,NE.GDI.TOTL.ZS,24.5546475824653
AUS,Australia,2017,NE.GDI.TOTL.ZS,24.0798824498086
AUS,Australia,2016,NE.GDI.TOTL.ZS,25.3483902403269
AUS,Australia,2015,NE.GDI.TOTL.ZS,26.1669365772477
AUS,Australia,2014,NE.GDI.TOTL.ZS,26.6111234581966
AUS,Australia,2013,NE.GDI.TOTL.ZS,27.7570773936691
AUS,Australia,2012,NE.GDI.TOTL.ZS,27.6233466177263
AUS,Australia,2011,NE.GDI.TOTL.ZS,26.3824449207632
AUS,Australia,2010,NE.GDI.TOTL.ZS,26.697693257066
AUS,Australia,2009,NE.GDI.TOTL.ZS,27.2762472195114
AUS,Australia,2008,NE.GDI.TOTL.ZS,28.5401924147253
AUS,Australia,2007,NE.GDI.TOTL.ZS,27.4507449663445
AUS,Australia,2006,NE.GDI.TOTL.ZS,27.4574581872329
AUS,Australia,2005,NE.GDI.TOTL.ZS,27.4127496143182
AUT,Austria,2025,NE.GDI.TOTL.ZS,23.6592175891117
AUT,Austria,2024,NE.GDI.TOTL.ZS,23.5771489456415
AUT,Austria,2023,NE.GDI.TOTL.ZS,26.0041363951547
AUT,Austria,2022,NE.GDI.TOTL.ZS,29.2367940014427
AUT,Austria,2021,NE.GDI.TOTL.ZS,27.6569430631097
AUT,Austria,2020,NE.GDI.TOTL.ZS,25.6530737541266
AUT,Austria,2019,NE.GDI.TOTL.ZS,25.5090080970816
AUT,Austria,2018,NE.GDI.TOTL.ZS,25.8982762235252
AUT,Austria,2017,NE.GDI.TOTL.ZS,24.9780618382281
AUT,Austria,2016,NE.GDI.TOTL.ZS,24.4571707244108
AUT,Austria,2015,NE.GDI.TOTL.ZS,24.012126686949
AUT,Austria,2014,NE.GDI.TOTL.ZS,23.848669034824
AUT,Austria,2013,NE.GDI.TOTL.ZS,23.9413047862951
AUT,Austria,2012,NE.GDI.TOTL.ZS,24.2558827220405
AUT,Austria,2011,NE.GDI.TOTL.ZS,24.3521600435893
AUT,Austria,2010,NE.GDI.TOTL.ZS,22.8592812354211
AUT,Austria,2009,NE.GDI.TOTL.ZS,23.0148012049122
AUT,Austria,2008,NE.GDI.TOTL.ZS,24.7047623915806
AUT,Austria,2007,NE.GDI.TOTL.ZS,24.7335259294195
AUT,Austria,2006,NE.GDI.TOTL.ZS,23.8292704822076
AUT,Austria,2005,NE.GDI.TOTL.ZS,23.9653234755669
AZE,Azerbaijan,2025,NE.GDI.TOTL.ZS,18.8877097308938
AZE,Azerbaijan,2024,NE.GDI.TOTL.ZS,20.7000716068547
AZE,Azerbaijan,2023,NE.GDI.TOTL.ZS,17.7431851628057
AZE,Azerbaijan,2022,NE.GDI.TOTL.ZS,12.0037141895326
AZE,Azerbaijan,2021,NE.GDI.TOTL.ZS,17.0785981597198
AZE,Azerbaijan,2020,NE.GDI.TOTL.ZS,23.6659543305763
AZE,Azerbaijan,2019,NE.GDI.TOTL.ZS,20.3077798481492
AZE,Azerbaijan,2018,NE.GDI.TOTL.ZS,20.1294761024821
AZE,Azerbaijan,2017,NE.GDI.TOTL.ZS,24.3789256985575
AZE,Azerbaijan,2016,NE.GDI.TOTL.ZS,25.6813382496045
AZE,Azerbaijan,2015,NE.GDI.TOTL.ZS,27.9135711658698
AZE,Azerbaijan,2014,NE.GDI.TOTL.ZS,27.5100357372221
AZE,Azerbaijan,2013,NE.GDI.TOTL.ZS,25.6579354439517
AZE,Azerbaijan,2012,NE.GDI.TOTL.ZS,22.3167232028526
AZE,Azerbaijan,2011,NE.GDI.TOTL.ZS,20.2678468568795
AZE,Azerbaijan,2010,NE.GDI.TOTL.ZS,18.0595784763923
AZE,Azerbaijan,2009,NE.GDI.TOTL.ZS,18.9486398045026
AZE,Azerbaijan,2008,NE.GDI.TOTL.ZS,18.6936308461975
AZE,Azerbaijan,2007,NE.GDI.TOTL.ZS,21.5250083743234
AZE,Azerbaijan,2006,NE.GDI.TOTL.ZS,29.8593848353266
AZE,Azerbaijan,2005,NE.GDI.TOTL.ZS,41.5348372928728
BHS,"Bahamas, The",2024,NE.GDI.TOTL.ZS,26.8063766358446
BHS,"Bahamas, The",2023,NE.GDI.TOTL.ZS,22.8631485204272
BHS,"Bahamas, The",2022,NE.GDI.TOTL.ZS,23.8155546600656
BHS,"Bahamas, The",2021,NE.GDI.TOTL.ZS,24.4404752014622
BHS,"Bahamas, The",2020,NE.GDI.TOTL.ZS,23.0710591323143
BHS,"Bahamas, The",2019,NE.GDI.TOTL.ZS,25.3844995104316
BHS,"Bahamas, The",2018,NE.GDI.TOTL.ZS,25.6388854218672
BHS,"Bahamas, The",2017,NE.GDI.TOTL.ZS,27.5562589881818
BHS,"Bahamas, The",2016,NE.GDI.TOTL.ZS,25.7808751862233
BHS,"Bahamas, The",2015,NE.GDI.TOTL.ZS,24.6114077177806
BHS,"Bahamas, The",2014,NE.GDI.TOTL.ZS,31.3993051503263
BHS,"Bahamas, The",2013,NE.GDI.TOTL.ZS,29.1972544939047
BHS,"Bahamas, The",2012,NE.GDI.TOTL.ZS,31.3421141002201
BHS,"Bahamas, The",2011,NE.GDI.TOTL.ZS,30.1833582411908
BHS,"Bahamas, The",2010,NE.GDI.TOTL.ZS,27.9860060064819
BHS,"Bahamas, The",2009,NE.GDI.TOTL.ZS,28.053608710113
BHS,"Bahamas, The",2008,NE.GDI.TOTL.ZS,29.4556336690101
BHS,"Bahamas, The",2007,NE.GDI.TOTL.ZS,30.5104187660218
BHS,"Bahamas, The",2006,NE.GDI.TOTL.ZS,33.5164375814502
BHS,"Bahamas, The",2005,NE.GDI.TOTL.ZS,27.3367763973892
BHR,Bahrain,2024,NE.GDI.TOTL.ZS,28.3585894626884
BHR,Bahrain,2023,NE.GDI.TOTL.ZS,29.168098874443
BHR,Bahrain,2022,NE.GDI.TOTL.ZS,24.5901868987674
BHR,Bahrain,2021,NE.GDI.TOTL.ZS,28.0921527332781
BHR,Bahrain,2020,NE.GDI.TOTL.ZS,37.2956671453326
BHR,Bahrain,2019,NE.GDI.TOTL.ZS,35.6238571804314
BHR,Bahrain,2018,NE.GDI.TOTL.ZS,35.5603270966476
BHR,Bahrain,2017,NE.GDI.TOTL.ZS,33.5452337227581
BHR,Bahrain,2016,NE.GDI.TOTL.ZS,27.8856988345954
BHR,Bahrain,2015,NE.GDI.TOTL.ZS,25.6249300828539
BHR,Bahrain,2014,NE.GDI.TOTL.ZS,26.9460773553345
BHR,Bahrain,2013,NE.GDI.TOTL.ZS,26.202347618295
BHR,Bahrain,2012,NE.GDI.TOTL.ZS,28.3178818196342
BHR,Bahrain,2011,NE.GDI.TOTL.ZS,22.497932951159
BHR,Bahrain,2010,NE.GDI.TOTL.ZS,28.5983559958528
BHR,Bahrain,2009,NE.GDI.TOTL.ZS,26.1446971919251
BHR,Bahrain,2008,NE.GDI.TOTL.ZS,34.9481240884218
BHR,Bahrain,2007,NE.GDI.TOTL.ZS,34.7132604204404
BHR,Bahrain,2006,NE.GDI.TOTL.ZS,30.3879536462009
BHR,Bahrain,2005,NE.GDI.TOTL.ZS,26.7352737398905
BGD,Bangladesh,2025,NE.GDI.TOTL.ZS,28.5411003849809
BGD,Bangladesh,2024,NE.GDI.TOTL.ZS,30.7004900245244
BGD,Bangladesh,2023,NE.GDI.TOTL.ZS,30.9512000834944
BGD,Bangladesh,2022,NE.GDI.TOTL.ZS,32.047275580905
BGD,Bangladesh,2021,NE.GDI.TOTL.ZS,31.0187387357172
BGD,Bangladesh,2020,NE.GDI.TOTL.ZS,31.3079413414304
BGD,Bangladesh,2019,NE.GDI.TOTL.ZS,32.2137331126266
BGD,Bangladesh,2018,NE.GDI.TOTL.ZS,31.8225747704431
BGD,Bangladesh,2017,NE.GDI.TOTL.ZS,30.9468731155675
BGD,Bangladesh,2016,NE.GDI.TOTL.ZS,30.2397639179985
BGD,Bangladesh,2015,NE.GDI.TOTL.ZS,28.886689247008
BGD,Bangladesh,2014,NE.GDI.TOTL.ZS,28.5778757115563
BGD,Bangladesh,2013,NE.GDI.TOTL.ZS,28.3896207536466
BGD,Bangladesh,2012,NE.GDI.TOTL.ZS,28.2623350097187
BGD,Bangladesh,2011,NE.GDI.TOTL.ZS,27.4209733686034
BGD,Bangladesh,2010,NE.GDI.TOTL.ZS,26.2466561760577
BGD,Bangladesh,2009,NE.GDI.TOTL.ZS,26.2060570157536
BGD,Bangladesh,2008,NE.GDI.TOTL.ZS,26.2022714003991
BGD,Bangladesh,2007,NE.GDI.TOTL.ZS,26.1784970672047
BGD,Bangladesh,2006,NE.GDI.TOTL.ZS,26.1441457474299
BGD,Bangladesh,2005,NE.GDI.TOTL.ZS,25.8304355145863
BLR,Belarus,2025,NE.GDI.TOTL.ZS,27.1222916675388
BLR,Belarus,2024,NE.GDI.TOTL.ZS,25.8414137114394
BLR,Belarus,2023,NE.GDI.TOTL.ZS,24.7116791837371
BLR,Belarus,2022,NE.GDI.TOTL.ZS,21.5979064833979
BLR,Belarus,2021,NE.GDI.TOTL.ZS,24.3807348526394
BLR,Belarus,2020,NE.GDI.TOTL.ZS,27.4548359346196
BLR,Belarus,2019,NE.GDI.TOTL.ZS,29.1499946931726
BLR,Belarus,2018,NE.GDI.TOTL.ZS,28.0788785453202
BLR,Belarus,2017,NE.GDI.TOTL.ZS,28.0303589091824
BLR,Belarus,2016,NE.GDI.TOTL.ZS,26.4775827022928
BLR,Belarus,2015,NE.GDI.TOTL.ZS,29.0346959914608
BLR,Belarus,2014,NE.GDI.TOTL.ZS,34.8410329356421
BLR,Belarus,2013,NE.GDI.TOTL.ZS,38.7980262073973
BLR,Belarus,2012,NE.GDI.TOTL.ZS,35.0942730563184
BLR,Belarus,2011,NE.GDI.TOTL.ZS,37.2175950788459
BLR,Belarus,2010,NE.GDI.TOTL.ZS,40.6563662623236
BLR,Belarus,2009,NE.GDI.TOTL.ZS,36.8640444559238
BLR,Belarus,2008,NE.GDI.TOTL.ZS,37.6416510261128
BLR,Belarus,2007,NE.GDI.TOTL.ZS,34.0919031794272
BLR,Belarus,2006,NE.GDI.TOTL.ZS,32.1841371566982
BLR,Belarus,2005,NE.GDI.TOTL.ZS,28.4604661956657
BEL,Belgium,2025,NE.GDI.TOTL.ZS,25.7467384344267
BEL,Belgium,2024,NE.GDI.TOTL.ZS,24.5534745689848
BEL,Belgium,2023,NE.GDI.TOTL.ZS,25.2961910988566
BEL,Belgium,2022,NE.GDI.TOTL.ZS,27.3616458676872
BEL,Belgium,2021,NE.GDI.TOTL.ZS,24.4470278661753
BEL,Belgium,2020,NE.GDI.TOTL.ZS,24.068567845367
BEL,Belgium,2019,NE.GDI.TOTL.ZS,24.6756822316808
BEL,Belgium,2018,NE.GDI.TOTL.ZS,25.5515767637203
BEL,Belgium,2017,NE.GDI.TOTL.ZS,24.3318331321638
BEL,Belgium,2016,NE.GDI.TOTL.ZS,24.1815766017974
BEL,Belgium,2015,NE.GDI.TOTL.ZS,23.3223676294346
BEL,Belgium,2014,NE.GDI.TOTL.ZS,23.2582959776352
BEL,Belgium,2013,NE.GDI.TOTL.ZS,22.7089453730117
BEL,Belgium,2012,NE.GDI.TOTL.ZS,23.5882360674433
BEL,Belgium,2011,NE.GDI.TOTL.ZS,24.4795580355563
BEL,Belgium,2010,NE.GDI.TOTL.ZS,22.3942744569467
BEL,Belgium,2009,NE.GDI.TOTL.ZS,22.0264057475968
BEL,Belgium,2008,NE.GDI.TOTL.ZS,25.9367703303917
BEL,Belgium,2007,NE.GDI.TOTL.ZS,24.6032741505197
BEL,Belgium,2006,NE.GDI.TOTL.ZS,23.9705491132595
BEL,Belgium,2005,NE.GDI.TOTL.ZS,23.6810632000764
BLZ,Belize,2024,NE.GDI.TOTL.ZS,19.7878841757033
BLZ,Belize,2023,NE.GDI.TOTL.ZS,18.9112096493515
BLZ,Belize,2022,NE.GDI.TOTL.ZS,20.191917433134
BLZ,Belize,2021,NE.GDI.TOTL.ZS,21.675393036644
BLZ,Belize,2020,NE.GDI.TOTL.ZS,18.4434323395975
BLZ,Belize,2019,NE.GDI.TOTL.ZS,16.8394904249154
BLZ,Belize,2018,NE.GDI.TOTL.ZS,16.5318151258508
BLZ,Belize,2017,NE.GDI.TOTL.ZS,15.0577226916743
BLZ,Belize,2016,NE.GDI.TOTL.ZS,17.9729353607653
BLZ,Belize,2015,NE.GDI.TOTL.ZS,16.7264083366378
BLZ,Belize,2014,NE.GDI.TOTL.ZS,17.0966974648616
BLZ,Belize,2013,NE.GDI.TOTL.ZS,14.1295773427114
BLZ,Belize,2012,NE.GDI.TOTL.ZS,13.0724770204323
BLZ,Belize,2011,NE.GDI.TOTL.ZS,11.8723938779086
BLZ,Belize,2010,NE.GDI.TOTL.ZS,15.4511716601437
BLZ,Belize,2009,NE.GDI.TOTL.ZS,16.2264058728229
BLZ,Belize,2008,NE.GDI.TOTL.ZS,21.0239807378235
BLZ,Belize,2007,NE.GDI.TOTL.ZS,17.2933361571682
BLZ,Belize,2006,NE.GDI.TOTL.ZS,17.2466623086068
BLZ,Belize,2005,NE.GDI.TOTL.ZS,17.7739187670556
BEN,Benin,2025,NE.GDI.TOTL.ZS,35.8263558083087
BEN,Benin,2024,NE.GDI.TOTL.ZS,35.0624524984838
BEN,Benin,2023,NE.GDI.TOTL.ZS,34.5306621756362
BEN,Benin,2022,NE.GDI.TOTL.ZS,31.1483716430973
BEN,Benin,2021,NE.GDI.TOTL.ZS,28.8506183177663
BEN,Benin,2020,NE.GDI.TOTL.ZS,25.6338435081567
BEN,Benin,2019,NE.GDI.TOTL.ZS,25.6298005790604
BEN,Benin,2018,NE.GDI.TOTL.ZS,26.3865130249513
BEN,Benin,2017,NE.GDI.TOTL.ZS,23.9604222292501
BEN,Benin,2016,NE.GDI.TOTL.ZS,20.2720396046954
BEN,Benin,2015,NE.GDI.TOTL.ZS,20.731792085746
BEN,Benin,2014,NE.GDI.TOTL.ZS,19.2575856279899
BEN,Benin,2013,NE.GDI.TOTL.ZS,18.86187234768
BEN,Benin,2012,NE.GDI.TOTL.ZS,15.276312739626
BEN,Benin,2011,NE.GDI.TOTL.ZS,16.4625572802737
BEN,Benin,2010,NE.GDI.TOTL.ZS,15.608089212583
BEN,Benin,2009,NE.GDI.TOTL.ZS,14.8657187295579
BEN,Benin,2008,NE.GDI.TOTL.ZS,13.7404206600646
BEN,Benin,2007,NE.GDI.TOTL.ZS,16.3768679983693
BEN,Benin,2006,NE.GDI.TOTL.ZS,12.8734651191902
BEN,Benin,2005,NE.GDI.TOTL.ZS,12.0860448919113
BMU,Bermuda,2024,NE.GDI.TOTL.ZS,11.038752628066
BMU,Bermuda,2023,NE.GDI.TOTL.ZS,11.2150851626763
BMU,Bermuda,2022,NE.GDI.TOTL.ZS,12.7026098741948
BMU,Bermuda,2021,NE.GDI.TOTL.ZS,12.902924909709
BMU,Bermuda,2020,NE.GDI.TOTL.ZS,12.2379040805742
BMU,Bermuda,2019,NE.GDI.TOTL.ZS,14.7485170334877
BMU,Bermuda,2018,NE.GDI.TOTL.ZS,13.4097576009445
BMU,Bermuda,2017,NE.GDI.TOTL.ZS,13.763644733725
BMU,Bermuda,2016,NE.GDI.TOTL.ZS,12.8032086210967
BMU,Bermuda,2015,NE.GDI.TOTL.ZS,11.8925858297364
BMU,Bermuda,2014,NE.GDI.TOTL.ZS,12.0945969964397
BMU,Bermuda,2013,NE.GDI.TOTL.ZS,10.8931113391845
BMU,Bermuda,2012,NE.GDI.TOTL.ZS,11.0144291764369
BMU,Bermuda,2011,NE.GDI.TOTL.ZS,12.5825420569453
BMU,Bermuda,2010,NE.GDI.TOTL.ZS,13.0430267361979
BTN,Bhutan,2024,NE.GDI.TOTL.ZS,42.60143228366
BTN,Bhutan,2023,NE.GDI.TOTL.ZS,45.2657364801262
BTN,Bhutan,2022,NE.GDI.TOTL.ZS,55.7788292981126
BTN,Bhutan,2021,NE.GDI.TOTL.ZS,44.3885960336557
BTN,Bhutan,2020,NE.GDI.TOTL.ZS,39.0705723424763
BTN,Bhutan,2019,NE.GDI.TOTL.ZS,46.0853579286619
BTN,Bhutan,2018,NE.GDI.TOTL.ZS,54.0155173304793
BTN,Bhutan,2017,NE.GDI.TOTL.ZS,54.1677690599275
BTN,Bhutan,2016,NE.GDI.TOTL.ZS,56.3993877727553
BTN,Bhutan,2015,NE.GDI.TOTL.ZS,56.4311104866744
BTN,Bhutan,2014,NE.GDI.TOTL.ZS,56.5119544142318
BTN,Bhutan,2013,NE.GDI.TOTL.ZS,64.0143242143309
BTN,Bhutan,2012,NE.GDI.TOTL.ZS,69.4487268866834
BTN,Bhutan,2011,NE.GDI.TOTL.ZS,68.2199911028334
BTN,Bhutan,2010,NE.GDI.TOTL.ZS,62.9334525245912
BTN,Bhutan,2009,NE.GDI.TOTL.ZS,50.189271152596
BTN,Bhutan,2008,NE.GDI.TOTL.ZS,44.1634785286925
BTN,Bhutan,2007,NE.GDI.TOTL.ZS,42.9183614516456
BTN,Bhutan,2006,NE.GDI.TOTL.ZS,47.8076929499924
BTN,Bhutan,2005,NE.GDI.TOTL.ZS,61.2151499544783
BOL,Bolivia,2024,NE.GDI.TOTL.ZS,17.9470160851028
BOL,Bolivia,2023,NE.GDI.TOTL.ZS,18.9835359683279
BOL,Bolivia,2022,NE.GDI.TOTL.ZS,18.0408015748368
BOL,Bolivia,2021,NE.GDI.TOTL.ZS,17.7866439972031
BOL,Bolivia,2020,NE.GDI.TOTL.ZS,17.268345922029
BOL,Bolivia,2019,NE.GDI.TOTL.ZS,22.7024136915554
BOL,Bolivia,2018,NE.GDI.TOTL.ZS,24.0294938980641
BOL,Bolivia,2017,NE.GDI.TOTL.ZS,24.3763407852814
BOL,Bolivia,2016,NE.GDI.TOTL.ZS,21.0573618533858
BOL,Bolivia,2015,NE.GDI.TOTL.ZS,20.2812768788265
BOL,Bolivia,2014,NE.GDI.TOTL.ZS,21.0337970312715
BOL,Bolivia,2013,NE.GDI.TOTL.ZS,19.0177268858945
BOL,Bolivia,2012,NE.GDI.TOTL.ZS,17.6729919914841
BOL,Bolivia,2011,NE.GDI.TOTL.ZS,19.8155524290026
BOL,Bolivia,2010,NE.GDI.TOTL.ZS,17.0070184588469
BOL,Bolivia,2009,NE.GDI.TOTL.ZS,16.971260971496
BOL,Bolivia,2008,NE.GDI.TOTL.ZS,17.5527400611141
BOL,Bolivia,2007,NE.GDI.TOTL.ZS,15.1866548549559
BOL,Bolivia,2006,NE.GDI.TOTL.ZS,13.8653311051279
BOL,Bolivia,2005,NE.GDI.TOTL.ZS,14.2536216336637
BIH,Bosnia and Herzegovina,2025,NE.GDI.TOTL.ZS,28.7377419362939
BIH,Bosnia and Herzegovina,2024,NE.GDI.TOTL.ZS,27.3654614276439
BIH,Bosnia and Herzegovina,2023,NE.GDI.TOTL.ZS,27.0434003535468
BIH,Bosnia and Herzegovina,2022,NE.GDI.TOTL.ZS,27.9026684634452
BIH,Bosnia and Herzegovina,2021,NE.GDI.TOTL.ZS,26.2530245363466
BIH,Bosnia and Herzegovina,2020,NE.GDI.TOTL.ZS,23.4676997821764
BIH,Bosnia and Herzegovina,2019,NE.GDI.TOTL.ZS,25.1910361335464
BIH,Bosnia and Herzegovina,2018,NE.GDI.TOTL.ZS,24.8120206694305
BIH,Bosnia and Herzegovina,2017,NE.GDI.TOTL.ZS,25.1642904731319
BIH,Bosnia and Herzegovina,2016,NE.GDI.TOTL.ZS,23.3303836437325
BIH,Bosnia and Herzegovina,2015,NE.GDI.TOTL.ZS,22.1698345771577
BIH,Bosnia and Herzegovina,2014,NE.GDI.TOTL.ZS,23.0340139751835
BIH,Bosnia and Herzegovina,2013,NE.GDI.TOTL.ZS,21.6685850406414
BIH,Bosnia and Herzegovina,2012,NE.GDI.TOTL.ZS,22.8835705606596
BIH,Bosnia and Herzegovina,2011,NE.GDI.TOTL.ZS,22.6759067100927
BIH,Bosnia and Herzegovina,2010,NE.GDI.TOTL.ZS,21.9146685888149
BIH,Bosnia and Herzegovina,2009,NE.GDI.TOTL.ZS,23.713209921992
BIH,Bosnia and Herzegovina,2008,NE.GDI.TOTL.ZS,32.3119832270202
BIH,Bosnia and Herzegovina,2007,NE.GDI.TOTL.ZS,30.4691927596175
BIH,Bosnia and Herzegovina,2006,NE.GDI.TOTL.ZS,25.812454778118
BIH,Bosnia and Herzegovina,2005,NE.GDI.TOTL.ZS,29.4542245809708
BWA,Botswana,2025,NE.GDI.TOTL.ZS,29.1572113352996
BWA,Botswana,2024,NE.GDI.TOTL.ZS,36.2043201504329
BWA,Botswana,2023,NE.GDI.TOTL.ZS,30.1423262091485
BWA,Botswana,2022,NE.GDI.TOTL.ZS,26.791517866856
BWA,Botswana,2021,NE.GDI.TOTL.ZS,27.3637239028603
BWA,Botswana,2020,NE.GDI.TOTL.ZS,32.7272598389392
BWA,Botswana,2019,NE.GDI.TOTL.ZS,30.8204405592326
BWA,Botswana,2018,NE.GDI.TOTL.ZS,25.902879643882
BWA,Botswana,2017,NE.GDI.TOTL.ZS,25.0058963191325
BWA,Botswana,2016,NE.GDI.TOTL.ZS,22.0676982064961
BWA,Botswana,2015,NE.GDI.TOTL.ZS,28.4432892203156
BWA,Botswana,2014,NE.GDI.TOTL.ZS,25.2530625662887
BWA,Botswana,2013,NE.GDI.TOTL.ZS,24.8793287159182
BWA,Botswana,2012,NE.GDI.TOTL.ZS,35.9998617809678
BWA,Botswana,2011,NE.GDI.TOTL.ZS,39.1181150467037
BWA,Botswana,2010,NE.GDI.TOTL.ZS,34.7021091252242
BWA,Botswana,2009,NE.GDI.TOTL.ZS,32.6299076727603
BWA,Botswana,2008,NE.GDI.TOTL.ZS,35.4683348008758
BWA,Botswana,2007,NE.GDI.TOTL.ZS,23.0747568630383
BWA,Botswana,2006,NE.GDI.TOTL.ZS,21.692781593681
BWA,Botswana,2005,NE.GDI.TOTL.ZS,25.374133887578
BRA,Brazil,2025,NE.GDI.TOTL.ZS,17.0759965150742
BRA,Brazil,2024,NE.GDI.TOTL.ZS,16.9814356044398
BRA,Brazil,2023,NE.GDI.TOTL.ZS,15.7606472065087
BRA,Brazil,2022,NE.GDI.TOTL.ZS,18.0882204442366
BRA,Brazil,2021,NE.GDI.TOTL.ZS,19.5218850206383
BRA,Brazil,2020,NE.GDI.TOTL.ZS,16.1158206039466
BRA,Brazil,2019,NE.GDI.TOTL.ZS,15.5167908009424
BRA,Brazil,2018,NE.GDI.TOTL.ZS,15.0950416291605
BRA,Brazil,2017,NE.GDI.TOTL.ZS,14.6255875978858
BRA,Brazil,2016,NE.GDI.TOTL.ZS,14.9695469721031
BRA,Brazil,2015,NE.GDI.TOTL.ZS,17.4116258675005
BRA,Brazil,2014,NE.GDI.TOTL.ZS,20.5484107553739
BRA,Brazil,2013,NE.GDI.TOTL.ZS,21.6937669568432
BRA,Brazil,2012,NE.GDI.TOTL.ZS,21.4172253691912
BRA,Brazil,2011,NE.GDI.TOTL.ZS,21.8262711166856
BRA,Brazil,2010,NE.GDI.TOTL.ZS,21.8013215585586
BRA,Brazil,2009,NE.GDI.TOTL.ZS,18.796135029807
BRA,Brazil,2008,NE.GDI.TOTL.ZS,21.6193828541669
BRA,Brazil,2007,NE.GDI.TOTL.ZS,19.8193259830854
BRA,Brazil,2006,NE.GDI.TOTL.ZS,17.8164738793472
BRA,Brazil,2005,NE.GDI.TOTL.ZS,17.2048834494962
BRN,Brunei Darussalam,2025,NE.GDI.TOTL.ZS,27.1271902797812
BRN,Brunei Darussalam,2024,NE.GDI.TOTL.ZS,27.8989646632704
BRN,Brunei Darussalam,2023,NE.GDI.TOTL.ZS,29.6282073672206
BRN,Brunei Darussalam,2022,NE.GDI.TOTL.ZS,25.8510429426901
BRN,Brunei Darussalam,2021,NE.GDI.TOTL.ZS,31.2725676396553
BRN,Brunei Darussalam,2020,NE.GDI.TOTL.ZS,40.5878302733583
BRN,Brunei Darussalam,2019,NE.GDI.TOTL.ZS,38.6777534991209
BRN,Brunei Darussalam,2018,NE.GDI.TOTL.ZS,41.0665959296934
BRN,Brunei Darussalam,2017,NE.GDI.TOTL.ZS,34.804760189414
BRN,Brunei Darussalam,2016,NE.GDI.TOTL.ZS,34.6202628541232
BRN,Brunei Darussalam,2015,NE.GDI.TOTL.ZS,35.2473258617273
BRN,Brunei Darussalam,2014,NE.GDI.TOTL.ZS,27.44181699276
BRN,Brunei Darussalam,2013,NE.GDI.TOTL.ZS,39.5934116228483
BRN,Brunei Darussalam,2012,NE.GDI.TOTL.ZS,32.8821465207434
BRN,Brunei Darussalam,2011,NE.GDI.TOTL.ZS,26.0242928941481
BRN,Brunei Darussalam,2010,NE.GDI.TOTL.ZS,23.6902575256773
BRN,Brunei Darussalam,2009,NE.GDI.TOTL.ZS,26.2203911122241
BRN,Brunei Darussalam,2008,NE.GDI.TOTL.ZS,20.641358896163
BRN,Brunei Darussalam,2007,NE.GDI.TOTL.ZS,19.7540037479305
BRN,Brunei Darussalam,2006,NE.GDI.TOTL.ZS,15.1721720330137
BRN,Brunei Darussalam,2005,NE.GDI.TOTL.ZS,16.1152698630712
BGR,Bulgaria,2025,NE.GDI.TOTL.ZS,21.7165315576291
BGR,Bulgaria,2024,NE.GDI.TOTL.ZS,20.4299060253788
BGR,Bulgaria,2023,NE.GDI.TOTL.ZS,19.7877556466321
BGR,Bulgaria,2022,NE.GDI.TOTL.ZS,22.6875893032554
BGR,Bulgaria,2021,NE.GDI.TOTL.ZS,20.7058880948029
BGR,Bulgaria,2020,NE.GDI.TOTL.ZS,20.1519171584818
BGR,Bulgaria,2019,NE.GDI.TOTL.ZS,20.7340041548231
BGR,Bulgaria,2018,NE.GDI.TOTL.ZS,21.1661567293564
BGR,Bulgaria,2017,NE.GDI.TOTL.ZS,19.8169934625584
BGR,Bulgaria,2016,NE.GDI.TOTL.ZS,18.9624308573589
BGR,Bulgaria,2015,NE.GDI.TOTL.ZS,20.999927047816
BGR,Bulgaria,2014,NE.GDI.TOTL.ZS,21.5078429076067
BGR,Bulgaria,2013,NE.GDI.TOTL.ZS,21.0060147414226
BGR,Bulgaria,2012,NE.GDI.TOTL.ZS,21.8870795265983
BGR,Bulgaria,2011,NE.GDI.TOTL.ZS,21.3581940338909
BGR,Bulgaria,2010,NE.GDI.TOTL.ZS,22.5179653399321
BGR,Bulgaria,2009,NE.GDI.TOTL.ZS,28.5382141833642
BGR,Bulgaria,2008,NE.GDI.TOTL.ZS,36.9245307045696
BGR,Bulgaria,2007,NE.GDI.TOTL.ZS,33.606222556895
BGR,Bulgaria,2006,NE.GDI.TOTL.ZS,32.0563311507493
BGR,Bulgaria,2005,NE.GDI.TOTL.ZS,27.7396801127277
BFA,Burkina Faso,2025,NE.GDI.TOTL.ZS,17.2222874070324
BFA,Burkina Faso,2024,NE.GDI.TOTL.ZS,21.7942973666908
BFA,Burkina Faso,2023,NE.GDI.TOTL.ZS,20.264268940383
BFA,Burkina Faso,2022,NE.GDI.TOTL.ZS,18.0585053758947
BFA,Burkina Faso,2021,NE.GDI.TOTL.ZS,15.5079014507343
BFA,Burkina Faso,2020,NE.GDI.TOTL.ZS,17.1615174265995
BFA,Burkina Faso,2019,NE.GDI.TOTL.ZS,19.7578680144889
BFA,Burkina Faso,2018,NE.GDI.TOTL.ZS,21.7391048190018
BFA,Burkina Faso,2017,NE.GDI.TOTL.ZS,22.0618365902649
BFA,Burkina Faso,2016,NE.GDI.TOTL.ZS,20.7955479484027
BFA,Burkina Faso,2015,NE.GDI.TOTL.ZS,19.4066997164243
BFA,Burkina Faso,2014,NE.GDI.TOTL.ZS,19.2622491931648
BFA,Burkina Faso,2013,NE.GDI.TOTL.ZS,23.7099150061433
BFA,Burkina Faso,2012,NE.GDI.TOTL.ZS,24.6529928973207
BFA,Burkina Faso,2011,NE.GDI.TOTL.ZS,22.1235118043343
BFA,Burkina Faso,2010,NE.GDI.TOTL.ZS,21.9904340000138
BFA,Burkina Faso,2009,NE.GDI.TOTL.ZS,19.9900322638267
BFA,Burkina Faso,2008,NE.GDI.TOTL.ZS,20.7319624459801
BFA,Burkina Faso,2007,NE.GDI.TOTL.ZS,18.2510847811436
BFA,Burkina Faso,2006,NE.GDI.TOTL.ZS,16.1250056320714
BFA,Burkina Faso,2005,NE.GDI.TOTL.ZS,17.5635935306702
CPV,Cabo Verde,2025,NE.GDI.TOTL.ZS,17.4067204998959
CPV,Cabo Verde,2024,NE.GDI.TOTL.ZS,16.3137481360407
CPV,Cabo Verde,2023,NE.GDI.TOTL.ZS,21.7251071461541
CPV,Cabo Verde,2022,NE.GDI.TOTL.ZS,21.8794313027596
CPV,Cabo Verde,2021,NE.GDI.TOTL.ZS,27.7497642140942
CPV,Cabo Verde,2020,NE.GDI.TOTL.ZS,28.9619236573871
CPV,Cabo Verde,2019,NE.GDI.TOTL.ZS,23.4319738651901
CPV,Cabo Verde,2018,NE.GDI.TOTL.ZS,27.486159184509
CPV,Cabo Verde,2017,NE.GDI.TOTL.ZS,29.2834862444324
CPV,Cabo Verde,2016,NE.GDI.TOTL.ZS,28.5553782407275
CPV,Cabo Verde,2015,NE.GDI.TOTL.ZS,29.1071744394227
CPV,Cabo Verde,2014,NE.GDI.TOTL.ZS,34.9962522997627
CPV,Cabo Verde,2013,NE.GDI.TOTL.ZS,29.9872865504067
CPV,Cabo Verde,2012,NE.GDI.TOTL.ZS,35.2038713812683
CPV,Cabo Verde,2011,NE.GDI.TOTL.ZS,44.9117743846551
CPV,Cabo Verde,2010,NE.GDI.TOTL.ZS,44.9568060390526
CPV,Cabo Verde,2009,NE.GDI.TOTL.ZS,41.3602933111924
CPV,Cabo Verde,2008,NE.GDI.TOTL.ZS,45.9358045471371
CPV,Cabo Verde,2007,NE.GDI.TOTL.ZS,47.271484248355
KHM,Cambodia,2025,NE.GDI.TOTL.ZS,31.5241909112165
KHM,Cambodia,2024,NE.GDI.TOTL.ZS,32.1861316004857
KHM,Cambodia,2023,NE.GDI.TOTL.ZS,33.2944796211269
KHM,Cambodia,2022,NE.GDI.TOTL.ZS,34.5945264318735
KHM,Cambodia,2021,NE.GDI.TOTL.ZS,30.3788112661952
KHM,Cambodia,2020,NE.GDI.TOTL.ZS,31.351227539335
KHM,Cambodia,2019,NE.GDI.TOTL.ZS,31.3945541935104
KHM,Cambodia,2018,NE.GDI.TOTL.ZS,30.7394192448512
KHM,Cambodia,2017,NE.GDI.TOTL.ZS,30.6334526919382
KHM,Cambodia,2016,NE.GDI.TOTL.ZS,30.3850325759008
KHM,Cambodia,2015,NE.GDI.TOTL.ZS,29.8714938168298
KHM,Cambodia,2014,NE.GDI.TOTL.ZS,30.0126716073678
KHM,Cambodia,2013,NE.GDI.TOTL.ZS,26.8520095001976
KHM,Cambodia,2012,NE.GDI.TOTL.ZS,24.6712332656387
KHM,Cambodia,2011,NE.GDI.TOTL.ZS,22.3677149230901
KHM,Cambodia,2010,NE.GDI.TOTL.ZS,22.317490039603
KHM,Cambodia,2009,NE.GDI.TOTL.ZS,26.3323279290139
KHM,Cambodia,2008,NE.GDI.TOTL.ZS,23.0800200013877
KHM,Cambodia,2007,NE.GDI.TOTL.ZS,25.6914602814207
KHM,Cambodia,2006,NE.GDI.TOTL.ZS,25.2476635792145
KHM,Cambodia,2005,NE.GDI.TOTL.ZS,24.3001536627765
CMR,Cameroon,2025,NE.GDI.TOTL.ZS,19.3425524762361
CMR,Cameroon,2024,NE.GDI.TOTL.ZS,18.9056881687822
CMR,Cameroon,2023,NE.GDI.TOTL.ZS,19.2850918964923
CMR,Cameroon,2022,NE.GDI.TOTL.ZS,19.1074398091244
CMR,Cameroon,2021,NE.GDI.TOTL.ZS,18.1266921736343
CMR,Cameroon,2020,NE.GDI.TOTL.ZS,17.6605439792144
CMR,Cameroon,2019,NE.GDI.TOTL.ZS,18.9346454960496
CMR,Cameroon,2018,NE.GDI.TOTL.ZS,19.5380296351056
CMR,Cameroon,2017,NE.GDI.TOTL.ZS,19.4451374024879
CMR,Cameroon,2016,NE.GDI.TOTL.ZS,19.8180548448427
CMR,Cameroon,2015,NE.GDI.TOTL.ZS,18.2498554883353
CMR,Cameroon,2014,NE.GDI.TOTL.ZS,19.7278343398902
CMR,Cameroon,2013,NE.GDI.TOTL.ZS,18.6515459692181
CMR,Cameroon,2012,NE.GDI.TOTL.ZS,18.0007381699582
CMR,Cameroon,2011,NE.GDI.TOTL.ZS,18.732400822037
CMR,Cameroon,2010,NE.GDI.TOTL.ZS,18.2284440377378
CMR,Cameroon,2009,NE.GDI.TOTL.ZS,18.5596853746796
CMR,Cameroon,2008,NE.GDI.TOTL.ZS,19.7540543269388
CMR,Cameroon,2007,NE.GDI.TOTL.ZS,18.3784496512645
CMR,Cameroon,2006,NE.GDI.TOTL.ZS,17.7758598449069
CMR,Cameroon,2005,NE.GDI.TOTL.ZS,18.6709254882433
CAN,Canada,2025,NE.GDI.TOTL.ZS,23.15443514883
CAN,Canada,2024,NE.GDI.TOTL.ZS,23.168254276671
CAN,Canada,2023,NE.GDI.TOTL.ZS,23.6376218677924
CAN,Canada,2022,NE.GDI.TOTL.ZS,25.0269800530907
CAN,Canada,2021,NE.GDI.TOTL.ZS,24.3050650816917
CAN,Canada,2020,NE.GDI.TOTL.ZS,22.6746869777427
CAN,Canada,2019,NE.GDI.TOTL.ZS,23.0423743758558
CAN,Canada,2018,NE.GDI.TOTL.ZS,23.3772902489361
CAN,Canada,2017,NE.GDI.TOTL.ZS,23.5504142207539
CAN,Canada,2016,NE.GDI.TOTL.ZS,22.7610976853029
CAN,Canada,2015,NE.GDI.TOTL.ZS,23.8215694588745
CAN,Canada,2014,NE.GDI.TOTL.ZS,24.8706826761656
CAN,Canada,2013,NE.GDI.TOTL.ZS,24.9078583876335
CAN,Canada,2012,NE.GDI.TOTL.ZS,24.8676388656292
CAN,Canada,2011,NE.GDI.TOTL.ZS,24.1513309493639
CAN,Canada,2010,NE.GDI.TOTL.ZS,23.4819201321447
CAN,Canada,2009,NE.GDI.TOTL.ZS,21.9594523644514
CAN,Canada,2008,NE.GDI.TOTL.ZS,24.0724446665267
CAN,Canada,2007,NE.GDI.TOTL.ZS,23.9078762217461
CAN,Canada,2006,NE.GDI.TOTL.ZS,23.5954200309501
CAN,Canada,2005,NE.GDI.TOTL.ZS,22.6318510676463
CAF,Central African Republic,2025,NE.GDI.TOTL.ZS,9.30438422011293
CAF,Central African Republic,2024,NE.GDI.TOTL.ZS,23.6306628287835
CAF,Central African Republic,2023,NE.GDI.TOTL.ZS,23.7477562200269
CAF,Central African Republic,2022,NE.GDI.TOTL.ZS,24.3266600012173
CAF,Central African Republic,2021,NE.GDI.TOTL.ZS,25.3641399970476
CAF,Central African Republic,2020,NE.GDI.TOTL.ZS,25.9999999979092
CAF,Central African Republic,2019,NE.GDI.TOTL.ZS,26.0
CAF,Central African Republic,2018,NE.GDI.TOTL.ZS,26.0
CAF,Central African Republic,2017,NE.GDI.TOTL.ZS,25.6012512008403
CAF,Central African Republic,2016,NE.GDI.TOTL.ZS,22.463467946845
CAF,Central African Republic,2015,NE.GDI.TOTL.ZS,21.8053804538636
CAF,Central African Republic,2014,NE.GDI.TOTL.ZS,21.9907907197476
CAF,Central African Republic,2013,NE.GDI.TOTL.ZS,7.5153240218181
CAF,Central African Republic,2012,NE.GDI.TOTL.ZS,10.8339751287687
CAF,Central African Republic,2011,NE.GDI.TOTL.ZS,13.7084644737209
CAF,Central African Republic,2010,NE.GDI.TOTL.ZS,16.8437813047686
CAF,Central African Republic,2009,NE.GDI.TOTL.ZS,13.2041724777738
CAF,Central African Republic,2008,NE.GDI.TOTL.ZS,12.728492373968
CAF,Central African Republic,2007,NE.GDI.TOTL.ZS,10.6872405778362
CAF,Central African Republic,2006,NE.GDI.TOTL.ZS,10.2342110190608
CAF,Central African Republic,2005,NE.GDI.TOTL.ZS,9.86481735599986
TCD,Chad,2025,NE.GDI.TOTL.ZS,20.3565004354769
TCD,Chad,2024,NE.GDI.TOTL.ZS,19.5820945527789
TCD,Chad,2023,NE.GDI.TOTL.ZS,19.2864714749473
TCD,Chad,2022,NE.GDI.TOTL.ZS,17.971522488907
TCD,Chad,2021,NE.GDI.TOTL.ZS,19.9485528388339
TCD,Chad,2020,NE.GDI.TOTL.ZS,22.7874455493419
TCD,Chad,2019,NE.GDI.TOTL.ZS,24.2909930911624
TCD,Chad,2018,NE.GDI.TOTL.ZS,21.9262549263931
TCD,Chad,2017,NE.GDI.TOTL.ZS,18.5366518857505
TCD,Chad,2016,NE.GDI.TOTL.ZS,18.3585890168831
TCD,Chad,2015,NE.GDI.TOTL.ZS,22.8922387955511
TCD,Chad,2014,NE.GDI.TOTL.ZS,29.4795971629017
TCD,Chad,2013,NE.GDI.TOTL.ZS,23.9026222562092
TCD,Chad,2012,NE.GDI.TOTL.ZS,24.9268683598444
TCD,Chad,2011,NE.GDI.TOTL.ZS,24.9696238126319
TCD,Chad,2010,NE.GDI.TOTL.ZS,21.8544482247032
TCD,Chad,2009,NE.GDI.TOTL.ZS,19.7181814380475
TCD,Chad,2008,NE.GDI.TOTL.ZS,18.5468847123789
TCD,Chad,2007,NE.GDI.TOTL.ZS,18.3692276250245
TCD,Chad,2006,NE.GDI.TOTL.ZS,17.7039292404167
TCD,Chad,2005,NE.GDI.TOTL.ZS,19.1098438642877
CHL,Chile,2025,NE.GDI.TOTL.ZS,24.0570386136924
CHL,Chile,2024,NE.GDI.TOTL.ZS,23.1192669583529
CHL,Chile,2023,NE.GDI.TOTL.ZS,23.3331278198537
CHL,Chile,2022,NE.GDI.TOTL.ZS,25.7670400608281
CHL,Chile,2021,NE.GDI.TOTL.ZS,24.1498841986761
CHL,Chile,2020,NE.GDI.TOTL.ZS,21.0773285826388
CHL,Chile,2019,NE.GDI.TOTL.ZS,24.94531502311
CHL,Chile,2018,NE.GDI.TOTL.ZS,24.2030786765181
CHL,Chile,2017,NE.GDI.TOTL.ZS,22.6366697426235
CHL,Chile,2016,NE.GDI.TOTL.ZS,23.7087897319925
CHL,Chile,2015,NE.GDI.TOTL.ZS,25.5994382084201
CHL,Chile,2014,NE.GDI.TOTL.ZS,25.1580935799669
CHL,Chile,2013,NE.GDI.TOTL.ZS,27.4969595601166
CHL,Chile,2012,NE.GDI.TOTL.ZS,28.791349395371
CHL,Chile,2011,NE.GDI.TOTL.ZS,26.6462973582796
CHL,Chile,2010,NE.GDI.TOTL.ZS,24.7754671336591
CHL,Chile,2009,NE.GDI.TOTL.ZS,22.9200072895058
CHL,Chile,2008,NE.GDI.TOTL.ZS,28.8969424277685
CHL,Chile,2007,NE.GDI.TOTL.ZS,22.3480228340307
CHL,Chile,2006,NE.GDI.TOTL.ZS,22.1863204596536
CHL,Chile,2005,NE.GDI.TOTL.ZS,23.2677016954958
CHN,China,2024,NE.GDI.TOTL.ZS,40.4815134449629
CHN,China,2023,NE.GDI.TOTL.ZS,41.1297102455381
CHN,China,2022,NE.GDI.TOTL.ZS,42.3554333470499
CHN,China,2021,NE.GDI.TOTL.ZS,42.6822612949312
CHN,China,2020,NE.GDI.TOTL.ZS,42.5723735094229
CHN,China,2019,NE.GDI.TOTL.ZS,42.6695374085222
CHN,China,2018,NE.GDI.TOTL.ZS,43.313827489682
CHN,China,2017,NE.GDI.TOTL.ZS,42.5497375507577
CHN,China,2016,NE.GDI.TOTL.ZS,42.1386166189127
CHN,China,2015,NE.GDI.TOTL.ZS,42.7349872564364
CHN,China,2014,NE.GDI.TOTL.ZS,45.3115352657107
CHN,China,2013,NE.GDI.TOTL.ZS,45.9224093546636
CHN,China,2012,NE.GDI.TOTL.ZS,45.8169211701107
CHN,China,2011,NE.GDI.TOTL.ZS,46.2703012824496
CHN,China,2010,NE.GDI.TOTL.ZS,46.1023443345586
CHN,China,2009,NE.GDI.TOTL.ZS,44.9282638913962
CHN,China,2008,NE.GDI.TOTL.ZS,41.9607249432501
CHN,China,2007,NE.GDI.TOTL.ZS,40.2220879226288
CHN,China,2006,NE.GDI.TOTL.ZS,39.6897003482818
CHN,China,2005,NE.GDI.TOTL.ZS,40.178086700104
COL,Colombia,2025,NE.GDI.TOTL.ZS,16.7190504572681
COL,Colombia,2024,NE.GDI.TOTL.ZS,16.4725596445723
COL,Colombia,2023,NE.GDI.TOTL.ZS,16.380607358871
COL,Colombia,2022,NE.GDI.TOTL.ZS,19.7872446007318
COL,Colombia,2021,NE.GDI.TOTL.ZS,18.9169518896828
COL,Colombia,2020,NE.GDI.TOTL.ZS,19.1281469366662
COL,Colombia,2019,NE.GDI.TOTL.ZS,21.3806095458027
COL,Colombia,2018,NE.GDI.TOTL.ZS,21.1954755611258
COL,Colombia,2017,NE.GDI.TOTL.ZS,21.5993768407696
COL,Colombia,2016,NE.GDI.TOTL.ZS,23.1674195572494
COL,Colombia,2015,NE.GDI.TOTL.ZS,23.7736922946916
COL,Colombia,2014,NE.GDI.TOTL.ZS,24.0033136584861
COL,Colombia,2013,NE.GDI.TOTL.ZS,22.1825448506007
COL,Colombia,2012,NE.GDI.TOTL.ZS,22.1046440622529
COL,Colombia,2011,NE.GDI.TOTL.ZS,22.9955914400596
COL,Colombia,2010,NE.GDI.TOTL.ZS,21.8887622688674
COL,Colombia,2009,NE.GDI.TOTL.ZS,21.9875830884376
COL,Colombia,2008,NE.GDI.TOTL.ZS,23.7209214485662
COL,Colombia,2007,NE.GDI.TOTL.ZS,23.4542806868515
COL,Colombia,2006,NE.GDI.TOTL.ZS,22.9389629039528
COL,Colombia,2005,NE.GDI.TOTL.ZS,21.6562413080915
COM,Comoros,2025,NE.GDI.TOTL.ZS,11.8452140902633
COM,Comoros,2024,NE.GDI.TOTL.ZS,11.9915935727452
COM,Comoros,2023,NE.GDI.TOTL.ZS,13.2901153960903
COM,Comoros,2022,NE.GDI.TOTL.ZS,13.3347942895571
COM,Comoros,2021,NE.GDI.TOTL.ZS,13.5021643659675
COM,Comoros,2020,NE.GDI.TOTL.ZS,11.8017625319814
COM,Comoros,2019,NE.GDI.TOTL.ZS,12.7348062616273
COM,Comoros,2018,NE.GDI.TOTL.ZS,14.8680929255808
COM,Comoros,2017,NE.GDI.TOTL.ZS,13.4334433748138
COM,Comoros,2016,NE.GDI.TOTL.ZS,12.5606730066488
COM,Comoros,2015,NE.GDI.TOTL.ZS,13.6380402758518
COM,Comoros,2014,NE.GDI.TOTL.ZS,15.2029666865291
COM,Comoros,2013,NE.GDI.TOTL.ZS,16.3561844009634
COM,Comoros,2012,NE.GDI.TOTL.ZS,16.1515733625598
COM,Comoros,2011,NE.GDI.TOTL.ZS,16.0214526508746
COM,Comoros,2010,NE.GDI.TOTL.ZS,18.1749508794904
COM,Comoros,2009,NE.GDI.TOTL.ZS,17.990680545639
COM,Comoros,2008,NE.GDI.TOTL.ZS,19.2488768740532
COM,Comoros,2007,NE.GDI.TOTL.ZS,16.8874091034811
COM,Comoros,2006,NE.GDI.TOTL.ZS,18.042325784844
COM,Comoros,2005,NE.GDI.TOTL.ZS,18.0423131684956
COD,"Congo, Dem. Rep.",2025,NE.GDI.TOTL.ZS,31.6534511007956
COD,"Congo, Dem. Rep.",2024,NE.GDI.TOTL.ZS,31.3868760536429
COD,"Congo, Dem. Rep.",2023,NE.GDI.TOTL.ZS,34.0781273164972
COD,"Congo, Dem. Rep.",2022,NE.GDI.TOTL.ZS,36.6858404848256
COD,"Congo, Dem. Rep.",2021,NE.GDI.TOTL.ZS,32.5613117581078
COD,"Congo, Dem. Rep.",2020,NE.GDI.TOTL.ZS,21.848825739462
COD,"Congo, Dem. Rep.",2019,NE.GDI.TOTL.ZS,22.3026244777218
COD,"Congo, Dem. Rep.",2018,NE.GDI.TOTL.ZS,28.6743449237541
COD,"Congo, Dem. Rep.",2017,NE.GDI.TOTL.ZS,27.5611277266771
COD,"Congo, Dem. Rep.",2016,NE.GDI.TOTL.ZS,25.730139110082
COD,"Congo, Dem. Rep.",2015,NE.GDI.TOTL.ZS,28.2489760430453
COD,"Congo, Dem. Rep.",2014,NE.GDI.TOTL.ZS,31.9941439501849
COD,"Congo, Dem. Rep.",2013,NE.GDI.TOTL.ZS,28.101667729394
COD,"Congo, Dem. Rep.",2012,NE.GDI.TOTL.ZS,26.1121884425366
COD,"Congo, Dem. Rep.",2011,NE.GDI.TOTL.ZS,25.2869778606739
COD,"Congo, Dem. Rep.",2010,NE.GDI.TOTL.ZS,24.0289275977627
COD,"Congo, Dem. Rep.",2009,NE.GDI.TOTL.ZS,18.3539612035209
COD,"Congo, Dem. Rep.",2008,NE.GDI.TOTL.ZS,19.1942664559253
COD,"Congo, Dem. Rep.",2007,NE.GDI.TOTL.ZS,15.8599755149209
COD,"Congo, Dem. Rep.",2006,NE.GDI.TOTL.ZS,17.4216172625871
COD,"Congo, Dem. Rep.",2005,NE.GDI.TOTL.ZS,17.1365592567105
COG,"Congo, Rep.",2025,NE.GDI.TOTL.ZS,29.3854818484005
COG,"Congo, Rep.",2024,NE.GDI.TOTL.ZS,26.8446298603412
COG,"Congo, Rep.",2023,NE.GDI.TOTL.ZS,25.2109559920067
COG,"Congo, Rep.",2022,NE.GDI.TOTL.ZS,20.9792068255243
COG,"Congo, Rep.",2021,NE.GDI.TOTL.ZS,21.9769014632722
COG,"Congo, Rep.",2020,NE.GDI.TOTL.ZS,23.7315670324983
COG,"Congo, Rep.",2019,NE.GDI.TOTL.ZS,25.9000965433665
COG,"Congo, Rep.",2018,NE.GDI.TOTL.ZS,29.5270088622039
COG,"Congo, Rep.",2017,NE.GDI.TOTL.ZS,45.8944862253605
COG,"Congo, Rep.",2016,NE.GDI.TOTL.ZS,71.266855758205
COG,"Congo, Rep.",2015,NE.GDI.TOTL.ZS,76.7823246780685
COG,"Congo, Rep.",2014,NE.GDI.TOTL.ZS,52.8446172450901
COG,"Congo, Rep.",2013,NE.GDI.TOTL.ZS,47.0644823800022
COG,"Congo, Rep.",2012,NE.GDI.TOTL.ZS,43.8168282700271
COG,"Congo, Rep.",2011,NE.GDI.TOTL.ZS,36.8419012310002
COG,"Congo, Rep.",2010,NE.GDI.TOTL.ZS,47.1901706659231
COG,"Congo, Rep.",2009,NE.GDI.TOTL.ZS,54.295110833528
COG,"Congo, Rep.",2008,NE.GDI.TOTL.ZS,42.0714121709361
COG,"Congo, Rep.",2007,NE.GDI.TOTL.ZS,61.0536960552352
COG,"Congo, Rep.",2006,NE.GDI.TOTL.ZS,28.2834567847369
COG,"Congo, Rep.",2005,NE.GDI.TOTL.ZS,25.9379984821473
CRI,Costa Rica,2025,NE.GDI.TOTL.ZS,15.7847318414254
CRI,Costa Rica,2024,NE.GDI.TOTL.ZS,16.1938876806136
CRI,Costa Rica,2023,NE.GDI.TOTL.ZS,15.8466847822892
CRI,Costa Rica,2022,NE.GDI.TOTL.ZS,18.3796686094569
CRI,Costa Rica,2021,NE.GDI.TOTL.ZS,17.764923755565
CRI,Costa Rica,2020,NE.GDI.TOTL.ZS,15.5304597737241
CRI,Costa Rica,2019,NE.GDI.TOTL.ZS,15.6902512387303
CRI,Costa Rica,2018,NE.GDI.TOTL.ZS,18.1541532198539
CRI,Costa Rica,2017,NE.GDI.TOTL.ZS,18.0648744429374
CRI,Costa Rica,2016,NE.GDI.TOTL.ZS,18.8889411095324
CRI,Costa Rica,2015,NE.GDI.TOTL.ZS,18.8537262706218
CRI,Costa Rica,2014,NE.GDI.TOTL.ZS,19.2231535479054
CRI,Costa Rica,2013,NE.GDI.TOTL.ZS,19.5904602524013
CRI,Costa Rica,2012,NE.GDI.TOTL.ZS,19.8541952107629
CRI,Costa Rica,2011,NE.GDI.TOTL.ZS,20.0481793796003
CRI,Costa Rica,2010,NE.GDI.TOTL.ZS,19.8339182789853
CRI,Costa Rica,2009,NE.GDI.TOTL.ZS,18.4529135654525
CRI,Costa Rica,2008,NE.GDI.TOTL.ZS,24.6107398761009
CRI,Costa Rica,2007,NE.GDI.TOTL.ZS,23.2867685312078
CRI,Costa Rica,2006,NE.GDI.TOTL.ZS,21.0856413153172
CRI,Costa Rica,2005,NE.GDI.TOTL.ZS,18.964146287559
CIV,Cote d'Ivoire,2025,NE.GDI.TOTL.ZS,19.3019144967857
CIV,Cote d'Ivoire,2024,NE.GDI.TOTL.ZS,20.8698505769184
CIV,Cote d'Ivoire,2023,NE.GDI.TOTL.ZS,24.5444478808032
CIV,Cote d'Ivoire,2022,NE.GDI.TOTL.ZS,27.4853115364793
CIV,Cote d'Ivoire,2021,NE.GDI.TOTL.ZS,23.5753170688856
CIV,Cote d'Ivoire,2020,NE.GDI.TOTL.ZS,21.7428934104601
CIV,Cote d'Ivoire,2019,NE.GDI.TOTL.ZS,21.9899384954404
CIV,Cote d'Ivoire,2018,NE.GDI.TOTL.ZS,22.2527904990641
CIV,Cote d'Ivoire,2017,NE.GDI.TOTL.ZS,20.8176586853442
CIV,Cote d'Ivoire,2016,NE.GDI.TOTL.ZS,23.1944017562697
CIV,Cote d'Ivoire,2015,NE.GDI.TOTL.ZS,23.3881494701744
CIV,Cote d'Ivoire,2014,NE.GDI.TOTL.ZS,22.6204558252908
CIV,Cote d'Ivoire,2013,NE.GDI.TOTL.ZS,22.9098013286147
CIV,Cote d'Ivoire,2012,NE.GDI.TOTL.ZS,20.4508171031026
CIV,Cote d'Ivoire,2011,NE.GDI.TOTL.ZS,16.5937189121478
CIV,Cote d'Ivoire,2010,NE.GDI.TOTL.ZS,21.6810545298756
CIV,Cote d'Ivoire,2009,NE.GDI.TOTL.ZS,14.7435495856944
CIV,Cote d'Ivoire,2008,NE.GDI.TOTL.ZS,18.1800206859596
CIV,Cote d'Ivoire,2007,NE.GDI.TOTL.ZS,13.7262735107761
CIV,Cote d'Ivoire,2006,NE.GDI.TOTL.ZS,14.1808271176765
CIV,Cote d'Ivoire,2005,NE.GDI.TOTL.ZS,13.8421414471747
HRV,Croatia,2025,NE.GDI.TOTL.ZS,24.5851035224523
HRV,Croatia,2024,NE.GDI.TOTL.ZS,24.3198882486468
HRV,Croatia,2023,NE.GDI.TOTL.ZS,24.5586341019877
HRV,Croatia,2022,NE.GDI.TOTL.ZS,26.1828346619733
HRV,Croatia,2021,NE.GDI.TOTL.ZS,21.7935313576607
HRV,Croatia,2020,NE.GDI.TOTL.ZS,23.5436701876084
HRV,Croatia,2019,NE.GDI.TOTL.ZS,21.9666338833643
HRV,Croatia,2018,NE.GDI.TOTL.ZS,22.4888446291438
HRV,Croatia,2017,NE.GDI.TOTL.ZS,20.839700796268
HRV,Croatia,2016,NE.GDI.TOTL.ZS,19.8965647731573
HRV,Croatia,2015,NE.GDI.TOTL.ZS,19.4796153678806
HRV,Croatia,2014,NE.GDI.TOTL.ZS,18.0574128554872
HRV,Croatia,2013,NE.GDI.TOTL.ZS,18.7253117926413
HRV,Croatia,2012,NE.GDI.TOTL.ZS,18.0237101203367
HRV,Croatia,2011,NE.GDI.TOTL.ZS,18.9999778658226
HRV,Croatia,2010,NE.GDI.TOTL.ZS,20.3682057276447
HRV,Croatia,2009,NE.GDI.TOTL.ZS,24.3749580320971
HRV,Croatia,2008,NE.GDI.TOTL.ZS,29.5499946300075
HRV,Croatia,2007,NE.GDI.TOTL.ZS,28.1517266885488
HRV,Croatia,2006,NE.GDI.TOTL.ZS,28.0931881488985
HRV,Croatia,2005,NE.GDI.TOTL.ZS,26.0799867333683
CUB,Cuba,2024,NE.GDI.TOTL.ZS,24.2142342206136
CUB,Cuba,2023,NE.GDI.TOTL.ZS,21.4185705757855
CUB,Cuba,2022,NE.GDI.TOTL.ZS,18.2946265398607
CUB,Cuba,2021,NE.GDI.TOTL.ZS,23.8110260482963
CUB,Cuba,2020,NE.GDI.TOTL.ZS,9.87499068484984
CUB,Cuba,2019,NE.GDI.TOTL.ZS,11.494997466827
CUB,Cuba,2018,NE.GDI.TOTL.ZS,12.0335788664448
CUB,Cuba,2017,NE.GDI.TOTL.ZS,10.2982486239326
CUB,Cuba,2016,NE.GDI.TOTL.ZS,9.56020685555022
CUB,Cuba,2015,NE.GDI.TOTL.ZS,9.38923115061148
CUB,Cuba,2014,NE.GDI.TOTL.ZS,7.6113275995244
CUB,Cuba,2013,NE.GDI.TOTL.ZS,9.39363301705812
CUB,Cuba,2012,NE.GDI.TOTL.ZS,8.57521773013768
CUB,Cuba,2011,NE.GDI.TOTL.ZS,8.47079286853167
CUB,Cuba,2010,NE.GDI.TOTL.ZS,10.0733739584629
CUB,Cuba,2009,NE.GDI.TOTL.ZS,10.9375
CUB,Cuba,2008,NE.GDI.TOTL.ZS,14.8446789230721
CUB,Cuba,2007,NE.GDI.TOTL.ZS,10.1839638658861
CUB,Cuba,2006,NE.GDI.TOTL.ZS,11.7286150905906
CUB,Cuba,2005,NE.GDI.TOTL.ZS,10.774593517397
CUW,Curacao,2018,NE.GDI.TOTL.ZS,41.0673551203898
CUW,Curacao,2017,NE.GDI.TOTL.ZS,30.8959067067378
CUW,Curacao,2016,NE.GDI.TOTL.ZS,28.6395278604093
CUW,Curacao,2015,NE.GDI.TOTL.ZS,26.3697416948829
CUW,Curacao,2014,NE.GDI.TOTL.ZS,25.7891289955871
CUW,Curacao,2013,NE.GDI.TOTL.ZS,30.4838533181729
CUW,Curacao,2012,NE.GDI.TOTL.ZS,32.2011392260924
CUW,Curacao,2011,NE.GDI.TOTL.ZS,37.7759954207402
CUW,Curacao,2010,NE.GDI.TOTL.ZS,36.6275848758626
CUW,Curacao,2009,NE.GDI.TOTL.ZS,36.5864282225877
CUW,Curacao,2008,NE.GDI.TOTL.ZS,38.9359277053594
CUW,Curacao,2007,NE.GDI.TOTL.ZS,35.4515345216102
CUW,Curacao,2006,NE.GDI.TOTL.ZS,34.3026947528675
CUW,Curacao,2005,NE.GDI.TOTL.ZS,34.9138591723173
CYP,Cyprus,2025,NE.GDI.TOTL.ZS,19.2596047828909
CYP,Cyprus,2024,NE.GDI.TOTL.ZS,20.6776389266328
CYP,Cyprus,2023,NE.GDI.TOTL.ZS,21.4727017396107
CYP,Cyprus,2022,NE.GDI.TOTL.ZS,20.5950947059272
CYP,Cyprus,2021,NE.GDI.TOTL.ZS,19.6456471946313
CYP,Cyprus,2020,NE.GDI.TOTL.ZS,20.6447561187859
CYP,Cyprus,2019,NE.GDI.TOTL.ZS,19.490745103117
CYP,Cyprus,2018,NE.GDI.TOTL.ZS,18.9431273490169
CYP,Cyprus,2017,NE.GDI.TOTL.ZS,20.3824581997576
CYP,Cyprus,2016,NE.GDI.TOTL.ZS,17.0541463112928
CYP,Cyprus,2015,NE.GDI.TOTL.ZS,13.3226795380088
CYP,Cyprus,2014,NE.GDI.TOTL.ZS,13.1877395604674
CYP,Cyprus,2013,NE.GDI.TOTL.ZS,12.5650583420074
CYP,Cyprus,2012,NE.GDI.TOTL.ZS,15.8177899862593
CYP,Cyprus,2011,NE.GDI.TOTL.ZS,18.5481211774998
CYP,Cyprus,2010,NE.GDI.TOTL.ZS,23.6867268786643
CYP,Cyprus,2009,NE.GDI.TOTL.ZS,22.5317717896077
CYP,Cyprus,2008,NE.GDI.TOTL.ZS,28.6449330178426
CYP,Cyprus,2007,NE.GDI.TOTL.ZS,24.0710075269171
CYP,Cyprus,2006,NE.GDI.TOTL.ZS,24.3137543872675
CYP,Cyprus,2005,NE.GDI.TOTL.ZS,22.2094374377754
CZE,Czechia,2025,NE.GDI.TOTL.ZS,26.7554004860893
CZE,Czechia,2024,NE.GDI.TOTL.ZS,26.3223927850509
CZE,Czechia,2023,NE.GDI.TOTL.ZS,28.2189210871769
CZE,Czechia,2022,NE.GDI.TOTL.ZS,31.0333010301464
CZE,Czechia,2021,NE.GDI.TOTL.ZS,28.1285338444502
CZE,Czechia,2020,NE.GDI.TOTL.ZS,24.7302051809802
CZE,Czechia,2019,NE.GDI.TOTL.ZS,26.171850655873
CZE,Czechia,2018,NE.GDI.TOTL.ZS,25.6426079021172
CZE,Czechia,2017,NE.GDI.TOTL.ZS,25.0897410946251
CZE,Czechia,2016,NE.GDI.TOTL.ZS,25.0750046974725
CZE,Czechia,2015,NE.GDI.TOTL.ZS,26.9686249210792
CZE,Czechia,2014,NE.GDI.TOTL.ZS,25.3494353917128
CZE,Czechia,2013,NE.GDI.TOTL.ZS,24.3768606031502
CZE,Czechia,2012,NE.GDI.TOTL.ZS,25.6688421143623
CZE,Czechia,2011,NE.GDI.TOTL.ZS,26.6053370220652
CZE,Czechia,2010,NE.GDI.TOTL.ZS,26.7312876523202
CZE,Czechia,2009,NE.GDI.TOTL.ZS,26.3978882297703
CZE,Czechia,2008,NE.GDI.TOTL.ZS,30.9994095449633
CZE,Czechia,2007,NE.GDI.TOTL.ZS,32.1072107272958
CZE,Czechia,2006,NE.GDI.TOTL.ZS,30.0796940275085
CZE,Czechia,2005,NE.GDI.TOTL.ZS,29.2856028582089
DNK,Denmark,2025,NE.GDI.TOTL.ZS,22.1224200633434
DNK,Denmark,2024,NE.GDI.TOTL.ZS,23.2065036119904
DNK,Denmark,2023,NE.GDI.TOTL.ZS,23.6446197797629
DNK,Denmark,2022,NE.GDI.TOTL.ZS,24.7772032902353
DNK,Denmark,2021,NE.GDI.TOTL.ZS,23.9587122773163
DNK,Denmark,2020,NE.GDI.TOTL.ZS,22.7626532555055
DNK,Denmark,2019,NE.GDI.TOTL.ZS,21.8859998750194
DNK,Denmark,2018,NE.GDI.TOTL.ZS,22.5323146804877
DNK,Denmark,2017,NE.GDI.TOTL.ZS,21.9568242214893
DNK,Denmark,2016,NE.GDI.TOTL.ZS,21.680712423112
DNK,Denmark,2015,NE.GDI.TOTL.ZS,20.5435311718122
DNK,Denmark,2014,NE.GDI.TOTL.ZS,20.1482030437865
DNK,Denmark,2013,NE.GDI.TOTL.ZS,19.3525146403367
DNK,Denmark,2012,NE.GDI.TOTL.ZS,19.2269717517509
DNK,Denmark,2011,NE.GDI.TOTL.ZS,18.9874945831856
DNK,Denmark,2010,NE.GDI.TOTL.ZS,17.8221551141916
DNK,Denmark,2009,NE.GDI.TOTL.ZS,19.0326255602397
DNK,Denmark,2008,NE.GDI.TOTL.ZS,24.0357328016323
DNK,Denmark,2007,NE.GDI.TOTL.ZS,25.231367727118
DNK,Denmark,2006,NE.GDI.TOTL.ZS,24.2627515456151
DNK,Denmark,2005,NE.GDI.TOTL.ZS,22.1713094338111
DJI,Djibouti,2025,NE.GDI.TOTL.ZS,1.55023263730147
DJI,Djibouti,2024,NE.GDI.TOTL.ZS,0.252268985586049
DJI,Djibouti,2023,NE.GDI.TOTL.ZS,-3.7352612180732
DJI,Djibouti,2022,NE.GDI.TOTL.ZS,-10.5957415251433
DJI,Djibouti,2021,NE.GDI.TOTL.ZS,-15.6784437711797
DJI,Djibouti,2020,NE.GDI.TOTL.ZS,-0.248727784664231
DJI,Djibouti,2019,NE.GDI.TOTL.ZS,2.28145969959191
DJI,Djibouti,2018,NE.GDI.TOTL.ZS,2.78690075604472
DJI,Djibouti,2017,NE.GDI.TOTL.ZS,21.6328079279849
DJI,Djibouti,2016,NE.GDI.TOTL.ZS,21.9359401140492
DJI,Djibouti,2015,NE.GDI.TOTL.ZS,-3.94592435677103
DJI,Djibouti,2014,NE.GDI.TOTL.ZS,3.11518509884608
DJI,Djibouti,2013,NE.GDI.TOTL.ZS,56.9079297902791
DOM,Dominican Republic,2025,NE.GDI.TOTL.ZS,24.7037677098246
DOM,Dominican Republic,2024,NE.GDI.TOTL.ZS,26.9980468938553
DOM,Dominican Republic,2023,NE.GDI.TOTL.ZS,27.8145628515185
DOM,Dominican Republic,2022,NE.GDI.TOTL.ZS,30.6705570734763
DOM,Dominican Republic,2021,NE.GDI.TOTL.ZS,30.2749635460096
DOM,Dominican Republic,2020,NE.GDI.TOTL.ZS,24.879515915457
DOM,Dominican Republic,2019,NE.GDI.TOTL.ZS,25.2348623794613
DOM,Dominican Republic,2018,NE.GDI.TOTL.ZS,25.2022908220767
DOM,Dominican Republic,2017,NE.GDI.TOTL.ZS,21.1809206285418
DOM,Dominican Republic,2016,NE.GDI.TOTL.ZS,22.1728652705364
DOM,Dominican Republic,2015,NE.GDI.TOTL.ZS,22.6506907232187
DOM,Dominican Republic,2014,NE.GDI.TOTL.ZS,22.3946076084169
DOM,Dominican Republic,2013,NE.GDI.TOTL.ZS,22.1057612783667
DOM,Dominican Republic,2012,NE.GDI.TOTL.ZS,23.7525597160893
DOM,Dominican Republic,2011,NE.GDI.TOTL.ZS,24.6033236905519
DOM,Dominican Republic,2010,NE.GDI.TOTL.ZS,26.0714218346178
DOM,Dominican Republic,2009,NE.GDI.TOTL.ZS,23.3722106355299
DOM,Dominican Republic,2008,NE.GDI.TOTL.ZS,29.8982115807869
DOM,Dominican Republic,2007,NE.GDI.TOTL.ZS,27.6334194585944
DOM,Dominican Republic,2006,NE.GDI.TOTL.ZS,26.9268715003108
DOM,Dominican Republic,2005,NE.GDI.TOTL.ZS,24.7730711459319
ECU,Ecuador,2025,NE.GDI.TOTL.ZS,20.9382930185742
ECU,Ecuador,2024,NE.GDI.TOTL.ZS,19.5061364493705
ECU,Ecuador,2023,NE.GDI.TOTL.ZS,20.7283478756321
ECU,Ecuador,2022,NE.GDI.TOTL.ZS,22.4059052025305
ECU,Ecuador,2021,NE.GDI.TOTL.ZS,20.7476106763154
ECU,Ecuador,2020,NE.GDI.TOTL.ZS,17.5849129748726
ECU,Ecuador,2019,NE.GDI.TOTL.ZS,21.04923118303
ECU,Ecuador,2018,NE.GDI.TOTL.ZS,22.5404393330524
ECU,Ecuador,2017,NE.GDI.TOTL.ZS,22.4803878213361
ECU,Ecuador,2016,NE.GDI.TOTL.ZS,20.2460508591084
ECU,Ecuador,2015,NE.GDI.TOTL.ZS,22.6864358338097
ECU,Ecuador,2014,NE.GDI.TOTL.ZS,24.7058907826623
ECU,Ecuador,2013,NE.GDI.TOTL.ZS,24.8833528938608
ECU,Ecuador,2012,NE.GDI.TOTL.ZS,23.0133036457677
ECU,Ecuador,2011,NE.GDI.TOTL.ZS,23.5320911453288
ECU,Ecuador,2010,NE.GDI.TOTL.ZS,23.4900158733515
ECU,Ecuador,2009,NE.GDI.TOTL.ZS,21.1732351412126
ECU,Ecuador,2008,NE.GDI.TOTL.ZS,21.5659407925863
ECU,Ecuador,2007,NE.GDI.TOTL.ZS,18.3175597771056
ECU,Ecuador,2006,NE.GDI.TOTL.ZS,18.118128561743
ECU,Ecuador,2005,NE.GDI.TOTL.ZS,17.4645010337808
EGY,"Egypt, Arab Rep.",2025,NE.GDI.TOTL.ZS,12.8907929996361
EGY,"Egypt, Arab Rep.",2024,NE.GDI.TOTL.ZS,12.9967401874752
EGY,"Egypt, Arab Rep.",2023,NE.GDI.TOTL.ZS,16.4907339937373
EGY,"Egypt, Arab Rep.",2022,NE.GDI.TOTL.ZS,19.8559132929551
EGY,"Egypt, Arab Rep.",2021,NE.GDI.TOTL.ZS,18.2122435502994
EGY,"Egypt, Arab Rep.",2020,NE.GDI.TOTL.ZS,18.8180606572831
EGY,"Egypt, Arab Rep.",2019,NE.GDI.TOTL.ZS,20.6540385989993
EGY,"Egypt, Arab Rep.",2018,NE.GDI.TOTL.ZS,20.6249196348206
EGY,"Egypt, Arab Rep.",2017,NE.GDI.TOTL.ZS,18.734101042151
EGY,"Egypt, Arab Rep.",2016,NE.GDI.TOTL.ZS,15.0402303092936
EGY,"Egypt, Arab Rep.",2015,NE.GDI.TOTL.ZS,14.2886370146078
EGY,"Egypt, Arab Rep.",2014,NE.GDI.TOTL.ZS,13.6431924882629
EGY,"Egypt, Arab Rep.",2013,NE.GDI.TOTL.ZS,14.2119974199097
EGY,"Egypt, Arab Rep.",2012,NE.GDI.TOTL.ZS,16.0267510598913
EGY,"Egypt, Arab Rep.",2011,NE.GDI.TOTL.ZS,17.1030559404857
EGY,"Egypt, Arab Rep.",2010,NE.GDI.TOTL.ZS,19.5010774075916
EGY,"Egypt, Arab Rep.",2009,NE.GDI.TOTL.ZS,19.1901746305891
EGY,"Egypt, Arab Rep.",2008,NE.GDI.TOTL.ZS,22.3897264098269
EGY,"Egypt, Arab Rep.",2007,NE.GDI.TOTL.ZS,20.8512352309345
EGY,"Egypt, Arab Rep.",2006,NE.GDI.TOTL.ZS,18.7307754573418
EGY,"Egypt, Arab Rep.",2005,NE.GDI.TOTL.ZS,17.9758588672238
SLV,El Salvador,2025,NE.GDI.TOTL.ZS,26.332110261193
SLV,El Salvador,2024,NE.GDI.TOTL.ZS,20.1220020911859
SLV,El Salvador,2023,NE.GDI.TOTL.ZS,21.497475229723
SLV,El Salvador,2022,NE.GDI.TOTL.ZS,24.4716130568737
SLV,El Salvador,2021,NE.GDI.TOTL.ZS,23.3549127263788
SLV,El Salvador,2020,NE.GDI.TOTL.ZS,17.2116179042815
SLV,El Salvador,2019,NE.GDI.TOTL.ZS,18.3447949008115
SLV,El Salvador,2018,NE.GDI.TOTL.ZS,18.3715366715538
SLV,El Salvador,2017,NE.GDI.TOTL.ZS,16.6769619030881
SLV,El Salvador,2016,NE.GDI.TOTL.ZS,15.967514115536
SLV,El Salvador,2015,NE.GDI.TOTL.ZS,16.0169876236441
SLV,El Salvador,2014,NE.GDI.TOTL.ZS,16.397215655674
SLV,El Salvador,2013,NE.GDI.TOTL.ZS,17.0194025181256
SLV,El Salvador,2012,NE.GDI.TOTL.ZS,17.7095456638993
SLV,El Salvador,2011,NE.GDI.TOTL.ZS,17.7899287016523
SLV,El Salvador,2010,NE.GDI.TOTL.ZS,16.6715814032151
SLV,El Salvador,2009,NE.GDI.TOTL.ZS,14.0546154274436
SLV,El Salvador,2008,NE.GDI.TOTL.ZS,20.1725812522343
SLV,El Salvador,2007,NE.GDI.TOTL.ZS,20.80003526974
SLV,El Salvador,2006,NE.GDI.TOTL.ZS,20.0754505187223
SLV,El Salvador,2005,NE.GDI.TOTL.ZS,18.6047081235542
GNQ,Equatorial Guinea,2025,NE.GDI.TOTL.ZS,-3.67920645534179
GNQ,Equatorial Guinea,2024,NE.GDI.TOTL.ZS,5.05406672559606
GNQ,Equatorial Guinea,2023,NE.GDI.TOTL.ZS,5.29395318380449
GNQ,Equatorial Guinea,2022,NE.GDI.TOTL.ZS,7.33815470437154
GNQ,Equatorial Guinea,2021,NE.GDI.TOTL.ZS,8.24679554193157
GNQ,Equatorial Guinea,2020,NE.GDI.TOTL.ZS,6.98846405853807
GNQ,Equatorial Guinea,2019,NE.GDI.TOTL.ZS,10.891703090741
GNQ,Equatorial Guinea,2018,NE.GDI.TOTL.ZS,12.5014966275534
GNQ,Equatorial Guinea,2017,NE.GDI.TOTL.ZS,14.03171665413
GNQ,Equatorial Guinea,2016,NE.GDI.TOTL.ZS,16.6986459903143
GNQ,Equatorial Guinea,2015,NE.GDI.TOTL.ZS,24.7014529043977
GNQ,Equatorial Guinea,2014,NE.GDI.TOTL.ZS,28.7093001746
GNQ,Equatorial Guinea,2013,NE.GDI.TOTL.ZS,30.3080451576082
GNQ,Equatorial Guinea,2012,NE.GDI.TOTL.ZS,41.1481428957988
GNQ,Equatorial Guinea,2011,NE.GDI.TOTL.ZS,32.0492712659016
GNQ,Equatorial Guinea,2010,NE.GDI.TOTL.ZS,38.0562994925977
GNQ,Equatorial Guinea,2009,NE.GDI.TOTL.ZS,39.3928256509129
GNQ,Equatorial Guinea,2008,NE.GDI.TOTL.ZS,27.5417518128173
GNQ,Equatorial Guinea,2007,NE.GDI.TOTL.ZS,29.585907339941
GNQ,Equatorial Guinea,2006,NE.GDI.TOTL.ZS,26.5011245422482
GNQ,Equatorial Guinea,2005,NE.GDI.TOTL.ZS,39.4767488235046
ERI,Eritrea,2011,NE.GDI.TOTL.ZS,12.626317662696
ERI,Eritrea,2010,NE.GDI.TOTL.ZS,12.3854014927083
ERI,Eritrea,2009,NE.GDI.TOTL.ZS,9.26379597839317
ERI,Eritrea,2008,NE.GDI.TOTL.ZS,12.7135404800139
ERI,Eritrea,2007,NE.GDI.TOTL.ZS,12.6735754136609
ERI,Eritrea,2006,NE.GDI.TOTL.ZS,13.6811165438244
ERI,Eritrea,2005,NE.GDI.TOTL.ZS,20.3394397206045
EST,Estonia,2025,NE.GDI.TOTL.ZS,24.8484773056413
EST,Estonia,2024,NE.GDI.TOTL.ZS,24.5542382524843
EST,Estonia,2023,NE.GDI.TOTL.ZS,25.1272018410877
EST,Estonia,2022,NE.GDI.TOTL.ZS,27.9197718559639
EST,Estonia,2021,NE.GDI.TOTL.ZS,30.9476651950782
EST,Estonia,2020,NE.GDI.TOTL.ZS,29.6538687688692
EST,Estonia,2019,NE.GDI.TOTL.ZS,26.356088071314
EST,Estonia,2018,NE.GDI.TOTL.ZS,27.8503992212561
EST,Estonia,2017,NE.GDI.TOTL.ZS,25.9381976210924
EST,Estonia,2016,NE.GDI.TOTL.ZS,24.7023530937166
EST,Estonia,2015,NE.GDI.TOTL.ZS,24.6409611018289
EST,Estonia,2014,NE.GDI.TOTL.ZS,26.727615908803
EST,Estonia,2013,NE.GDI.TOTL.ZS,26.8697121064814
EST,Estonia,2012,NE.GDI.TOTL.ZS,29.0805066900785
EST,Estonia,2011,NE.GDI.TOTL.ZS,25.4681664047184
EST,Estonia,2010,NE.GDI.TOTL.ZS,21.5876781655604
EST,Estonia,2009,NE.GDI.TOTL.ZS,21.0087753498274
EST,Estonia,2008,NE.GDI.TOTL.ZS,31.6334055843093
EST,Estonia,2007,NE.GDI.TOTL.ZS,40.0058943445447
EST,Estonia,2006,NE.GDI.TOTL.ZS,39.8256877468792
EST,Estonia,2005,NE.GDI.TOTL.ZS,33.3508381603819
SWZ,Eswatini,2024,NE.GDI.TOTL.ZS,14.9720984162991
SWZ,Eswatini,2023,NE.GDI.TOTL.ZS,20.8277519082123
SWZ,Eswatini,2022,NE.GDI.TOTL.ZS,22.0925604538439
SWZ,Eswatini,2021,NE.GDI.TOTL.ZS,19.7885871413021
SWZ,Eswatini,2020,NE.GDI.TOTL.ZS,15.2902282173586
SWZ,Eswatini,2019,NE.GDI.TOTL.ZS,16.2318349707561
SWZ,Eswatini,2018,NE.GDI.TOTL.ZS,19.8490383026284
SWZ,Eswatini,2017,NE.GDI.TOTL.ZS,17.6967903356276
SWZ,Eswatini,2016,NE.GDI.TOTL.ZS,17.3577663965022
SWZ,Eswatini,2015,NE.GDI.TOTL.ZS,17.2217061828251
SWZ,Eswatini,2014,NE.GDI.TOTL.ZS,19.6275885076679
SWZ,Eswatini,2013,NE.GDI.TOTL.ZS,16.1345781176745
ETH,Ethiopia,2025,NE.GDI.TOTL.ZS,20.1199721623161
ETH,Ethiopia,2024,NE.GDI.TOTL.ZS,20.5754723151817
ETH,Ethiopia,2023,NE.GDI.TOTL.ZS,22.1694039604305
ETH,Ethiopia,2022,NE.GDI.TOTL.ZS,25.3422268262091
ETH,Ethiopia,2021,NE.GDI.TOTL.ZS,28.0252954109535
ETH,Ethiopia,2020,NE.GDI.TOTL.ZS,30.5789686598282
ETH,Ethiopia,2019,NE.GDI.TOTL.ZS,35.2639756233364
ETH,Ethiopia,2018,NE.GDI.TOTL.ZS,34.1629551124182
ETH,Ethiopia,2017,NE.GDI.TOTL.ZS,38.4439871569806
ETH,Ethiopia,2016,NE.GDI.TOTL.ZS,37.3487629699646
ETH,Ethiopia,2015,NE.GDI.TOTL.ZS,40.6712729848122
ETH,Ethiopia,2014,NE.GDI.TOTL.ZS,37.9937253037378
ETH,Ethiopia,2013,NE.GDI.TOTL.ZS,34.0811183155872
ETH,Ethiopia,2012,NE.GDI.TOTL.ZS,37.0979619673542
ETH,Ethiopia,2011,NE.GDI.TOTL.ZS,32.1076664694521
ETH,Ethiopia,2010,NE.GDI.TOTL.ZS,0.0
ETH,Ethiopia,2009,NE.GDI.TOTL.ZS,0.0
ETH,Ethiopia,2008,NE.GDI.TOTL.ZS,0.0
ETH,Ethiopia,2007,NE.GDI.TOTL.ZS,0.0
ETH,Ethiopia,2006,NE.GDI.TOTL.ZS,0.0
ETH,Ethiopia,2005,NE.GDI.TOTL.ZS,0.0
FRO,Faroe Islands,2024,NE.GDI.TOTL.ZS,28.1699465696116
FRO,Faroe Islands,2023,NE.GDI.TOTL.ZS,31.3788787867634
FRO,Faroe Islands,2022,NE.GDI.TOTL.ZS,32.3235087170667
FRO,Faroe Islands,2021,NE.GDI.TOTL.ZS,28.866484662181
FRO,Faroe Islands,2020,NE.GDI.TOTL.ZS,28.2582797236121
FRO,Faroe Islands,2019,NE.GDI.TOTL.ZS,27.6135742909209
FRO,Faroe Islands,2018,NE.GDI.TOTL.ZS,29.7112462006079
FRO,Faroe Islands,2017,NE.GDI.TOTL.ZS,23.4598770137724
FRO,Faroe Islands,2016,NE.GDI.TOTL.ZS,22.1636691977062
FRO,Faroe Islands,2015,NE.GDI.TOTL.ZS,23.9677773286366
FRO,Faroe Islands,2014,NE.GDI.TOTL.ZS,21.758138283562
FRO,Faroe Islands,2013,NE.GDI.TOTL.ZS,21.595790449085
FRO,Faroe Islands,2012,NE.GDI.TOTL.ZS,26.2576905295352
FRO,Faroe Islands,2011,NE.GDI.TOTL.ZS,16.2578237664095
FRO,Faroe Islands,2010,NE.GDI.TOTL.ZS,19.5208247548459
FRO,Faroe Islands,2009,NE.GDI.TOTL.ZS,17.5385290318388
FRO,Faroe Islands,2008,NE.GDI.TOTL.ZS,26.1665235510529
FRO,Faroe Islands,2007,NE.GDI.TOTL.ZS,32.1466437339491
FRO,Faroe Islands,2006,NE.GDI.TOTL.ZS,28.6731062531774
FRO,Faroe Islands,2005,NE.GDI.TOTL.ZS,22.0164882024069
FJI,Fiji,2024,NE.GDI.TOTL.ZS,20.8672206832872
FJI,Fiji,2023,NE.GDI.TOTL.ZS,19.7992404570242
FJI,Fiji,2022,NE.GDI.TOTL.ZS,21.8309409306188
FJI,Fiji,2021,NE.GDI.TOTL.ZS,20.1916042501306
FJI,Fiji,2020,NE.GDI.TOTL.ZS,16.4454526616571
FJI,Fiji,2019,NE.GDI.TOTL.ZS,19.0575988776403
FJI,Fiji,2018,NE.GDI.TOTL.ZS,21.0487815705545
FJI,Fiji,2017,NE.GDI.TOTL.ZS,21.4235008492943
FJI,Fiji,2016,NE.GDI.TOTL.ZS,21.1168480958448
FJI,Fiji,2015,NE.GDI.TOTL.ZS,22.4177893827969
FJI,Fiji,2014,NE.GDI.TOTL.ZS,20.8868030181719
FJI,Fiji,2013,NE.GDI.TOTL.ZS,27.6331608661719
FJI,Fiji,2012,NE.GDI.TOTL.ZS,17.2726504613479
FJI,Fiji,2011,NE.GDI.TOTL.ZS,20.9973030462356
FJI,Fiji,2010,NE.GDI.TOTL.ZS,18.8034133838972
FJI,Fiji,2009,NE.GDI.TOTL.ZS,18.7332543818484
FJI,Fiji,2008,NE.GDI.TOTL.ZS,23.4233854934657
FJI,Fiji,2007,NE.GDI.TOTL.ZS,16.9868200952188
FJI,Fiji,2006,NE.GDI.TOTL.ZS,19.5016617533845
FJI,Fiji,2005,NE.GDI.TOTL.ZS,20.109126984127
FIN,Finland,2025,NE.GDI.TOTL.ZS,21.9039811811669
FIN,Finland,2024,NE.GDI.TOTL.ZS,22.3393346932712
FIN,Finland,2023,NE.GDI.TOTL.ZS,23.0226552627241
FIN,Finland,2022,NE.GDI.TOTL.ZS,27.2854002667819
FIN,Finland,2021,NE.GDI.TOTL.ZS,24.7881526265858
FIN,Finland,2020,NE.GDI.TOTL.ZS,24.9836073895773
FIN,Finland,2019,NE.GDI.TOTL.ZS,24.5675378797407
FIN,Finland,2018,NE.GDI.TOTL.ZS,25.7234643496259
FIN,Finland,2017,NE.GDI.TOTL.ZS,24.309542246313
FIN,Finland,2016,NE.GDI.TOTL.ZS,23.5883124649425
FIN,Finland,2015,NE.GDI.TOTL.ZS,21.9056862297328
FIN,Finland,2014,NE.GDI.TOTL.ZS,22.1690024531831
FIN,Finland,2013,NE.GDI.TOTL.ZS,22.6578278795265
FIN,Finland,2012,NE.GDI.TOTL.ZS,23.628342432802
FIN,Finland,2011,NE.GDI.TOTL.ZS,24.3388732893172
FIN,Finland,2010,NE.GDI.TOTL.ZS,22.6073229974435
FIN,Finland,2009,NE.GDI.TOTL.ZS,21.4741244119185
FIN,Finland,2008,NE.GDI.TOTL.ZS,25.2485161104333
FIN,Finland,2007,NE.GDI.TOTL.ZS,25.5534350124827
FIN,Finland,2006,NE.GDI.TOTL.ZS,24.0013652587917
FIN,Finland,2005,NE.GDI.TOTL.ZS,24.6073870744416
FRA,France,2025,NE.GDI.TOTL.ZS,21.9383964560126
FRA,France,2024,NE.GDI.TOTL.ZS,21.5139121721262
FRA,France,2023,NE.GDI.TOTL.ZS,22.9278749312543
FRA,France,2022,NE.GDI.TOTL.ZS,24.0233523984125
FRA,France,2021,NE.GDI.TOTL.ZS,23.4474845782806
FRA,France,2020,NE.GDI.TOTL.ZS,22.8044182138435
FRA,France,2019,NE.GDI.TOTL.ZS,23.0250733613606
FRA,France,2018,NE.GDI.TOTL.ZS,22.6115738942638
FRA,France,2017,NE.GDI.TOTL.ZS,22.1813991959176
FRA,France,2016,NE.GDI.TOTL.ZS,21.5978606152326
FRA,France,2015,NE.GDI.TOTL.ZS,21.7165418613305
FRA,France,2014,NE.GDI.TOTL.ZS,21.8364708236132
FRA,France,2013,NE.GDI.TOTL.ZS,21.520441960601
FRA,France,2012,NE.GDI.TOTL.ZS,21.8295648772748
FRA,France,2011,NE.GDI.TOTL.ZS,22.4996452716579
FRA,France,2010,NE.GDI.TOTL.ZS,21.3378695020042
FRA,France,2009,NE.GDI.TOTL.ZS,20.7177586249113
FRA,France,2008,NE.GDI.TOTL.ZS,23.4671040402669
FRA,France,2007,NE.GDI.TOTL.ZS,23.5691050042771
FRA,France,2006,NE.GDI.TOTL.ZS,22.6851885959248
FRA,France,2005,NE.GDI.TOTL.ZS,21.9113534781153
PYF,French Polynesia,2024,NE.GDI.TOTL.ZS,21.9053653809211
PYF,French Polynesia,2023,NE.GDI.TOTL.ZS,22.6504245108896
PYF,French Polynesia,2022,NE.GDI.TOTL.ZS,22.50674340275
PYF,French Polynesia,2021,NE.GDI.TOTL.ZS,22.0083668171371
PYF,French Polynesia,2020,NE.GDI.TOTL.ZS,21.095927488638
PYF,French Polynesia,2019,NE.GDI.TOTL.ZS,25.4985138057167
PYF,French Polynesia,2018,NE.GDI.TOTL.ZS,27.4598586301122
PYF,French Polynesia,2017,NE.GDI.TOTL.ZS,19.6741291312004
PYF,French Polynesia,2016,NE.GDI.TOTL.ZS,18.3657938165901
PYF,French Polynesia,2015,NE.GDI.TOTL.ZS,19.9706011745564
PYF,French Polynesia,2014,NE.GDI.TOTL.ZS,18.9560603620347
PYF,French Polynesia,2013,NE.GDI.TOTL.ZS,19.3028649662983
PYF,French Polynesia,2012,NE.GDI.TOTL.ZS,18.2394492723473
PYF,French Polynesia,2011,NE.GDI.TOTL.ZS,18.1944154581742
PYF,French Polynesia,2010,NE.GDI.TOTL.ZS,21.1616841006284
PYF,French Polynesia,2009,NE.GDI.TOTL.ZS,20.883221176291
PYF,French Polynesia,2008,NE.GDI.TOTL.ZS,23.9672290255229
PYF,French Polynesia,2007,NE.GDI.TOTL.ZS,22.3199023199023
PYF,French Polynesia,2006,NE.GDI.TOTL.ZS,21.9680547326289
PYF,French Polynesia,2005,NE.GDI.TOTL.ZS,24.8555430885454
GAB,Gabon,2025,NE.GDI.TOTL.ZS,24.8259134740888
GAB,Gabon,2024,NE.GDI.TOTL.ZS,19.1352290513023
GAB,Gabon,2023,NE.GDI.TOTL.ZS,18.0760661099963
GAB,Gabon,2022,NE.GDI.TOTL.ZS,16.0269404879625
GAB,Gabon,2021,NE.GDI.TOTL.ZS,17.4565506185946
GAB,Gabon,2020,NE.GDI.TOTL.ZS,19.8634691073054
GAB,Gabon,2019,NE.GDI.TOTL.ZS,21.8987965722319
GAB,Gabon,2018,NE.GDI.TOTL.ZS,19.2582324284114
GAB,Gabon,2017,NE.GDI.TOTL.ZS,21.2986084367913
GAB,Gabon,2016,NE.GDI.TOTL.ZS,26.9822610431075
GAB,Gabon,2015,NE.GDI.TOTL.ZS,29.2309562924902
GAB,Gabon,2014,NE.GDI.TOTL.ZS,35.1390486032907
GAB,Gabon,2013,NE.GDI.TOTL.ZS,29.1805950279998
GAB,Gabon,2012,NE.GDI.TOTL.ZS,26.9661499641622
GAB,Gabon,2011,NE.GDI.TOTL.ZS,26.6423895609865
GAB,Gabon,2010,NE.GDI.TOTL.ZS,29.7011138055349
GAB,Gabon,2009,NE.GDI.TOTL.ZS,27.981113361031
GAB,Gabon,2008,NE.GDI.TOTL.ZS,25.0898974271767
GAB,Gabon,2007,NE.GDI.TOTL.ZS,24.8786940506869
GAB,Gabon,2006,NE.GDI.TOTL.ZS,24.0451962615575
GAB,Gabon,2005,NE.GDI.TOTL.ZS,21.3645323014692
GMB,"Gambia, The",2025,NE.GDI.TOTL.ZS,40.3862842226019
GMB,"Gambia, The",2024,NE.GDI.TOTL.ZS,29.9390742901818
GMB,"Gambia, The",2023,NE.GDI.TOTL.ZS,27.4459749946814
GMB,"Gambia, The",2022,NE.GDI.TOTL.ZS,28.6236492072635
GMB,"Gambia, The",2021,NE.GDI.TOTL.ZS,30.3707902499395
GMB,"Gambia, The",2020,NE.GDI.TOTL.ZS,32.34205468872
GMB,"Gambia, The",2019,NE.GDI.TOTL.ZS,24.6538431612228
GMB,"Gambia, The",2018,NE.GDI.TOTL.ZS,20.8784242569263
GMB,"Gambia, The",2017,NE.GDI.TOTL.ZS,22.9597266827213
GMB,"Gambia, The",2016,NE.GDI.TOTL.ZS,24.919934192266
GMB,"Gambia, The",2015,NE.GDI.TOTL.ZS,20.3498140429739
GMB,"Gambia, The",2014,NE.GDI.TOTL.ZS,16.6526122015212
GMB,"Gambia, The",2013,NE.GDI.TOTL.ZS,14.7115331277791
GMB,"Gambia, The",2012,NE.GDI.TOTL.ZS,20.8771686494917
GMB,"Gambia, The",2011,NE.GDI.TOTL.ZS,12.8961682852301
GMB,"Gambia, The",2010,NE.GDI.TOTL.ZS,13.8767105275043
GMB,"Gambia, The",2009,NE.GDI.TOTL.ZS,12.8914138046647
GMB,"Gambia, The",2008,NE.GDI.TOTL.ZS,10.5224347295927
GMB,"Gambia, The",2007,NE.GDI.TOTL.ZS,12.5665208782691
GMB,"Gambia, The",2006,NE.GDI.TOTL.ZS,15.6906853088323
GMB,"Gambia, The",2005,NE.GDI.TOTL.ZS,13.8318506658647
GEO,Georgia,2025,NE.GDI.TOTL.ZS,21.2783084109128
GEO,Georgia,2024,NE.GDI.TOTL.ZS,24.4998956717628
GEO,Georgia,2023,NE.GDI.TOTL.ZS,24.9987945206376
GEO,Georgia,2022,NE.GDI.TOTL.ZS,24.0666627779303
GEO,Georgia,2021,NE.GDI.TOTL.ZS,20.6788502074962
GEO,Georgia,2020,NE.GDI.TOTL.ZS,24.6056865974412
GEO,Georgia,2019,NE.GDI.TOTL.ZS,27.1682284921369
GEO,Georgia,2018,NE.GDI.TOTL.ZS,27.9262958963283
GEO,Georgia,2017,NE.GDI.TOTL.ZS,25.1248176100629
GEO,Georgia,2016,NE.GDI.TOTL.ZS,28.9031069953219
GEO,Georgia,2015,NE.GDI.TOTL.ZS,26.8771593145768
GEO,Georgia,2014,NE.GDI.TOTL.ZS,25.6503571653742
GEO,Georgia,2013,NE.GDI.TOTL.ZS,21.7000864850024
GEO,Georgia,2012,NE.GDI.TOTL.ZS,26.0276223249812
GEO,Georgia,2011,NE.GDI.TOTL.ZS,23.1207490708456
GEO,Georgia,2010,NE.GDI.TOTL.ZS,20.929149397264
GEO,Georgia,2009,NE.GDI.TOTL.ZS,13.9858779050373
GEO,Georgia,2008,NE.GDI.TOTL.ZS,27.6897912964157
GEO,Georgia,2007,NE.GDI.TOTL.ZS,33.4545540138168
GEO,Georgia,2006,NE.GDI.TOTL.ZS,29.7348059086723
GEO,Georgia,2005,NE.GDI.TOTL.ZS,33.3296044196233
DEU,Germany,2025,NE.GDI.TOTL.ZS,21.9314930278238
DEU,Germany,2024,NE.GDI.TOTL.ZS,21.4994328905028
DEU,Germany,2023,NE.GDI.TOTL.ZS,21.994283425489
DEU,Germany,2022,NE.GDI.TOTL.ZS,23.2760146288029
DEU,Germany,2021,NE.GDI.TOTL.ZS,22.6730557200041
DEU,Germany,2020,NE.GDI.TOTL.ZS,21.7290304632077
DEU,Germany,2019,NE.GDI.TOTL.ZS,21.381259046499
DEU,Germany,2018,NE.GDI.TOTL.ZS,21.6503641494105
DEU,Germany,2017,NE.GDI.TOTL.ZS,20.6909762954118
DEU,Germany,2016,NE.GDI.TOTL.ZS,19.7122567843741
DEU,Germany,2015,NE.GDI.TOTL.ZS,19.4978020945699
DEU,Germany,2014,NE.GDI.TOTL.ZS,20.139488753447
DEU,Germany,2013,NE.GDI.TOTL.ZS,19.7883815690324
DEU,Germany,2012,NE.GDI.TOTL.ZS,19.4724714926695
DEU,Germany,2011,NE.GDI.TOTL.ZS,21.2669872693317
DEU,Germany,2010,NE.GDI.TOTL.ZS,19.5310600093299
DEU,Germany,2009,NE.GDI.TOTL.ZS,18.0064315128089
DEU,Germany,2008,NE.GDI.TOTL.ZS,20.8867329914107
DEU,Germany,2007,NE.GDI.TOTL.ZS,20.7873433455798
DEU,Germany,2006,NE.GDI.TOTL.ZS,19.897946566207
DEU,Germany,2005,NE.GDI.TOTL.ZS,18.7355259254163
GHA,Ghana,2024,NE.GDI.TOTL.ZS,9.90013336152883
GHA,Ghana,2023,NE.GDI.TOTL.ZS,10.1167734489869
GHA,Ghana,2022,NE.GDI.TOTL.ZS,16.4078520116581
GHA,Ghana,2021,NE.GDI.TOTL.ZS,17.0366779158262
GHA,Ghana,2020,NE.GDI.TOTL.ZS,18.2236669857819
GHA,Ghana,2019,NE.GDI.TOTL.ZS,18.6472756161472
GHA,Ghana,2018,NE.GDI.TOTL.ZS,21.7093349999065
GHA,Ghana,2017,NE.GDI.TOTL.ZS,19.5655199555214
GHA,Ghana,2016,NE.GDI.TOTL.ZS,25.4556554537134
GHA,Ghana,2015,NE.GDI.TOTL.ZS,27.7096411705743
GHA,Ghana,2014,NE.GDI.TOTL.ZS,27.1650663374465
GHA,Ghana,2013,NE.GDI.TOTL.ZS,24.7715380530843
GHA,Ghana,2012,NE.GDI.TOTL.ZS,16.967722122965
GHA,Ghana,2011,NE.GDI.TOTL.ZS,12.8099929663177
GHA,Ghana,2010,NE.GDI.TOTL.ZS,13.1001937072805
GHA,Ghana,2009,NE.GDI.TOTL.ZS,16.4317931081367
GHA,Ghana,2008,NE.GDI.TOTL.ZS,16.4919639408033
GHA,Ghana,2007,NE.GDI.TOTL.ZS,15.3845449877747
GHA,Ghana,2006,NE.GDI.TOTL.ZS,22.46580573765
GHA,Ghana,2005,NE.GDI.TOTL.ZS,29.0021406363098
GRC,Greece,2025,NE.GDI.TOTL.ZS,17.2436068756368
GRC,Greece,2024,NE.GDI.TOTL.ZS,18.2925535607175
GRC,Greece,2023,NE.GDI.TOTL.ZS,16.1682825755533
GRC,Greece,2022,NE.GDI.TOTL.ZS,18.8094114631783
GRC,Greece,2021,NE.GDI.TOTL.ZS,17.48296657419
GRC,Greece,2020,NE.GDI.TOTL.ZS,13.5410023084822
GRC,Greece,2019,NE.GDI.TOTL.ZS,12.0996603246177
GRC,Greece,2018,NE.GDI.TOTL.ZS,12.9530537485632
GRC,Greece,2017,NE.GDI.TOTL.ZS,11.8883016329317
GRC,Greece,2016,NE.GDI.TOTL.ZS,12.4680861540635
GRC,Greece,2015,NE.GDI.TOTL.ZS,12.0084097844243
GRC,Greece,2014,NE.GDI.TOTL.ZS,12.136918450953
GRC,Greece,2013,NE.GDI.TOTL.ZS,12.1129082926078
GRC,Greece,2012,NE.GDI.TOTL.ZS,12.2606554594296
GRC,Greece,2011,NE.GDI.TOTL.ZS,14.0714513074627
GRC,Greece,2010,NE.GDI.TOTL.ZS,18.2157587611931
GRC,Greece,2009,NE.GDI.TOTL.ZS,18.9186670370279
GRC,Greece,2008,NE.GDI.TOTL.ZS,24.8460183343649
GRC,Greece,2007,NE.GDI.TOTL.ZS,26.6707144196319
GRC,Greece,2006,NE.GDI.TOTL.ZS,26.2902425409373
GRC,Greece,2005,NE.GDI.TOTL.ZS,22.1679676033349
GRL,Greenland,2023,NE.GDI.TOTL.ZS,35.9956193360065
GRL,Greenland,2022,NE.GDI.TOTL.ZS,37.84070939282
GRL,Greenland,2021,NE.GDI.TOTL.ZS,37.1090109189602
GRL,Greenland,2020,NE.GDI.TOTL.ZS,33.0152180796327
GRL,Greenland,2019,NE.GDI.TOTL.ZS,31.269509364495
GRL,Greenland,2018,NE.GDI.TOTL.ZS,21.7411808603811
GRL,Greenland,2017,NE.GDI.TOTL.ZS,23.61529351157
GRL,Greenland,2016,NE.GDI.TOTL.ZS,24.4966719162409
GRL,Greenland,2015,NE.GDI.TOTL.ZS,24.0296661076021
GRL,Greenland,2014,NE.GDI.TOTL.ZS,22.597956240988
GRL,Greenland,2013,NE.GDI.TOTL.ZS,30.0951623064425
GRL,Greenland,2012,NE.GDI.TOTL.ZS,37.6720801772897
GRL,Greenland,2011,NE.GDI.TOTL.ZS,64.008714899286
GRL,Greenland,2010,NE.GDI.TOTL.ZS,52.3533172325614
GRL,Greenland,2009,NE.GDI.TOTL.ZS,32.2123750258059
GRL,Greenland,2008,NE.GDI.TOTL.ZS,40.2984137449277
GRL,Greenland,2007,NE.GDI.TOTL.ZS,30.4981506127881
GRL,Greenland,2006,NE.GDI.TOTL.ZS,23.1391220816105
GRL,Greenland,2005,NE.GDI.TOTL.ZS,24.1582605403359
GTM,Guatemala,2025,NE.GDI.TOTL.ZS,16.7712548416598
GTM,Guatemala,2024,NE.GDI.TOTL.ZS,16.4251362811647
GTM,Guatemala,2023,NE.GDI.TOTL.ZS,16.5190523218535
GTM,Guatemala,2022,NE.GDI.TOTL.ZS,16.6289389615705
GTM,Guatemala,2021,NE.GDI.TOTL.ZS,16.7682426727187
GTM,Guatemala,2020,NE.GDI.TOTL.ZS,13.5006823906422
GTM,Guatemala,2019,NE.GDI.TOTL.ZS,14.329834104624
GTM,Guatemala,2018,NE.GDI.TOTL.ZS,13.7904254321553
GTM,Guatemala,2017,NE.GDI.TOTL.ZS,13.5961012985168
GTM,Guatemala,2016,NE.GDI.TOTL.ZS,13.8619676619807
GTM,Guatemala,2015,NE.GDI.TOTL.ZS,14.8281546199354
GTM,Guatemala,2014,NE.GDI.TOTL.ZS,15.0711605818958
GTM,Guatemala,2013,NE.GDI.TOTL.ZS,15.842634417154
GTM,Guatemala,2012,NE.GDI.TOTL.ZS,15.1941445941618
GTM,Guatemala,2011,NE.GDI.TOTL.ZS,15.4821754242397
GTM,Guatemala,2010,NE.GDI.TOTL.ZS,14.1641936924863
GTM,Guatemala,2009,NE.GDI.TOTL.ZS,13.2666014648944
GTM,Guatemala,2008,NE.GDI.TOTL.ZS,16.6715643176913
GTM,Guatemala,2007,NE.GDI.TOTL.ZS,21.1695664233488
GTM,Guatemala,2006,NE.GDI.TOTL.ZS,21.1650083094562
GTM,Guatemala,2005,NE.GDI.TOTL.ZS,20.0511386188244
GIN,Guinea,2025,NE.GDI.TOTL.ZS,36.9988628041511
GIN,Guinea,2024,NE.GDI.TOTL.ZS,32.1029483630478
GIN,Guinea,2023,NE.GDI.TOTL.ZS,23.4269896966463
GIN,Guinea,2022,NE.GDI.TOTL.ZS,14.0142215654177
GIN,Guinea,2021,NE.GDI.TOTL.ZS,16.0762705485493
GIN,Guinea,2020,NE.GDI.TOTL.ZS,31.5164009990609
GIN,Guinea,2019,NE.GDI.TOTL.ZS,19.7285576989784
GIN,Guinea,2018,NE.GDI.TOTL.ZS,19.5473148183264
GIN,Guinea,2017,NE.GDI.TOTL.ZS,22.270417145837
GIN,Guinea,2016,NE.GDI.TOTL.ZS,52.6698445118375
GIN,Guinea,2015,NE.GDI.TOTL.ZS,24.16336683296
GIN,Guinea,2014,NE.GDI.TOTL.ZS,22.8165774180333
GIN,Guinea,2013,NE.GDI.TOTL.ZS,23.4939613943409
GIN,Guinea,2012,NE.GDI.TOTL.ZS,26.0215285191708
GIN,Guinea,2011,NE.GDI.TOTL.ZS,24.0533327443322
GIN,Guinea,2010,NE.GDI.TOTL.ZS,20.3254011637907
GIN,Guinea,2009,NE.GDI.TOTL.ZS,21.3066122469499
GIN,Guinea,2008,NE.GDI.TOTL.ZS,26.2176976521342
GIN,Guinea,2007,NE.GDI.TOTL.ZS,23.4196733530526
GIN,Guinea,2006,NE.GDI.TOTL.ZS,24.5633976978161
GIN,Guinea,2005,NE.GDI.TOTL.ZS,13.3976935679061
GNB,Guinea-Bissau,2025,NE.GDI.TOTL.ZS,25.811997138469
GNB,Guinea-Bissau,2024,NE.GDI.TOTL.ZS,26.3297674421831
GNB,Guinea-Bissau,2023,NE.GDI.TOTL.ZS,26.1883825780139
GNB,Guinea-Bissau,2022,NE.GDI.TOTL.ZS,22.1191237069243
GNB,Guinea-Bissau,2021,NE.GDI.TOTL.ZS,21.3777985175597
GNB,Guinea-Bissau,2020,NE.GDI.TOTL.ZS,25.6520539076115
GNB,Guinea-Bissau,2019,NE.GDI.TOTL.ZS,22.6553314686588
GNB,Guinea-Bissau,2018,NE.GDI.TOTL.ZS,19.1670199875353
GNB,Guinea-Bissau,2017,NE.GDI.TOTL.ZS,18.1207259537486
GNB,Guinea-Bissau,2016,NE.GDI.TOTL.ZS,17.6713587535475
GNB,Guinea-Bissau,2015,NE.GDI.TOTL.ZS,14.6862099976075
GNB,Guinea-Bissau,2014,NE.GDI.TOTL.ZS,20.1399364198987
GNB,Guinea-Bissau,2013,NE.GDI.TOTL.ZS,19.2302341915086
GNB,Guinea-Bissau,2012,NE.GDI.TOTL.ZS,19.3541909065405
GNB,Guinea-Bissau,2011,NE.GDI.TOTL.ZS,15.8456824536409
GNB,Guinea-Bissau,2010,NE.GDI.TOTL.ZS,19.4936149100766
GNB,Guinea-Bissau,2009,NE.GDI.TOTL.ZS,18.3648740410824
GNB,Guinea-Bissau,2008,NE.GDI.TOTL.ZS,17.3390259766336
GNB,Guinea-Bissau,2007,NE.GDI.TOTL.ZS,24.2726381660371
GNB,Guinea-Bissau,2006,NE.GDI.TOTL.ZS,20.0790987853146
GNB,Guinea-Bissau,2005,NE.GDI.TOTL.ZS,18.2527613564441
GUY,Guyana,2005,NE.GDI.TOTL.ZS,32.3339782741868
HTI,Haiti,2025,NE.GDI.TOTL.ZS,12.0595765408366
HTI,Haiti,2024,NE.GDI.TOTL.ZS,12.1387816868155
HTI,Haiti,2023,NE.GDI.TOTL.ZS,13.8845627892934
HTI,Haiti,2022,NE.GDI.TOTL.ZS,15.8819734745448
HTI,Haiti,2021,NE.GDI.TOTL.ZS,18.0804482133408
HTI,Haiti,2020,NE.GDI.TOTL.ZS,17.70308377994
HTI,Haiti,2019,NE.GDI.TOTL.ZS,18.5362500202298
HTI,Haiti,2018,NE.GDI.TOTL.ZS,16.0510920039064
HTI,Haiti,2017,NE.GDI.TOTL.ZS,20.1351064542864
HTI,Haiti,2016,NE.GDI.TOTL.ZS,16.8368465949706
HTI,Haiti,2015,NE.GDI.TOTL.ZS,13.9737286463314
HTI,Haiti,2014,NE.GDI.TOTL.ZS,16.556866327765
HTI,Haiti,2013,NE.GDI.TOTL.ZS,17.880859322137
HTI,Haiti,2012,NE.GDI.TOTL.ZS,17.5092344164627
HTI,Haiti,2011,NE.GDI.TOTL.ZS,20.9967494829716
HTI,Haiti,2010,NE.GDI.TOTL.ZS,24.988217664925
HTI,Haiti,2009,NE.GDI.TOTL.ZS,12.6069242243299
HTI,Haiti,2008,NE.GDI.TOTL.ZS,12.6171620718569
HTI,Haiti,2007,NE.GDI.TOTL.ZS,9.22466753259594
HTI,Haiti,2006,NE.GDI.TOTL.ZS,14.3527712251236
HTI,Haiti,2005,NE.GDI.TOTL.ZS,9.81592773095545
HND,Honduras,2025,NE.GDI.TOTL.ZS,24.1646781235937
HND,Honduras,2024,NE.GDI.TOTL.ZS,23.1954034193464
HND,Honduras,2023,NE.GDI.TOTL.ZS,22.1864309601857
HND,Honduras,2022,NE.GDI.TOTL.ZS,26.3262317410881
HND,Honduras,2021,NE.GDI.TOTL.ZS,24.2309330499915
HND,Honduras,2020,NE.GDI.TOTL.ZS,19.666372727561
HND,Honduras,2019,NE.GDI.TOTL.ZS,22.9681696612318
HND,Honduras,2018,NE.GDI.TOTL.ZS,26.572086282814
HND,Honduras,2017,NE.GDI.TOTL.ZS,24.8207131723601
HND,Honduras,2016,NE.GDI.TOTL.ZS,23.3771285357634
HND,Honduras,2015,NE.GDI.TOTL.ZS,25.1180047488604
HND,Honduras,2014,NE.GDI.TOTL.ZS,22.1838322277385
HND,Honduras,2013,NE.GDI.TOTL.ZS,21.7603523031056
HND,Honduras,2012,NE.GDI.TOTL.ZS,24.5642087901292
HND,Honduras,2011,NE.GDI.TOTL.ZS,25.9999916424846
HND,Honduras,2010,NE.GDI.TOTL.ZS,21.8798406875029
HND,Honduras,2009,NE.GDI.TOTL.ZS,20.599443751492
HND,Honduras,2008,NE.GDI.TOTL.ZS,36.0659698365463
HND,Honduras,2007,NE.GDI.TOTL.ZS,33.665300607277
HND,Honduras,2006,NE.GDI.TOTL.ZS,28.3419297293105
HND,Honduras,2005,NE.GDI.TOTL.ZS,27.6229758897269
HKG,"Hong Kong SAR, China",2025,NE.GDI.TOTL.ZS,18.3485734626658
HKG,"Hong Kong SAR, China",2024,NE.GDI.TOTL.ZS,16.0647173800011
HKG,"Hong Kong SAR, China",2023,NE.GDI.TOTL.ZS,16.1515290771197
HKG,"Hong Kong SAR, China",2022,NE.GDI.TOTL.ZS,15.2301843910226
HKG,"Hong Kong SAR, China",2021,NE.GDI.TOTL.ZS,16.776482902733
HKG,"Hong Kong SAR, China",2020,NE.GDI.TOTL.ZS,18.9818868649406
HKG,"Hong Kong SAR, China",2019,NE.GDI.TOTL.ZS,18.189947213062
HKG,"Hong Kong SAR, China",2018,NE.GDI.TOTL.ZS,21.9946611253535
HKG,"Hong Kong SAR, China",2017,NE.GDI.TOTL.ZS,22.0690168599844
HKG,"Hong Kong SAR, China",2016,NE.GDI.TOTL.ZS,21.5074050489079
HKG,"Hong Kong SAR, China",2015,NE.GDI.TOTL.ZS,21.5414797271378
HKG,"Hong Kong SAR, China",2014,NE.GDI.TOTL.ZS,23.8224694193154
HKG,"Hong Kong SAR, China",2013,NE.GDI.TOTL.ZS,24.0303885554212
HKG,"Hong Kong SAR, China",2012,NE.GDI.TOTL.ZS,25.2201335356512
HKG,"Hong Kong SAR, China",2011,NE.GDI.TOTL.ZS,24.1431842971831
HKG,"Hong Kong SAR, China",2010,NE.GDI.TOTL.ZS,23.8904664218175
HKG,"Hong Kong SAR, China",2009,NE.GDI.TOTL.ZS,21.846864085774
HKG,"Hong Kong SAR, China",2008,NE.GDI.TOTL.ZS,21.0412143694213
HKG,"Hong Kong SAR, China",2007,NE.GDI.TOTL.ZS,21.3960754951065
HKG,"Hong Kong SAR, China",2006,NE.GDI.TOTL.ZS,22.2851483120043
HKG,"Hong Kong SAR, China",2005,NE.GDI.TOTL.ZS,21.0598211914668
HUN,Hungary,2025,NE.GDI.TOTL.ZS,22.1520837238855
HUN,Hungary,2024,NE.GDI.TOTL.ZS,23.6636684415802
HUN,Hungary,2023,NE.GDI.TOTL.ZS,26.1919852280501
HUN,Hungary,2022,NE.GDI.TOTL.ZS,34.253984477795
HUN,Hungary,2021,NE.GDI.TOTL.ZS,30.9364017933183
HUN,Hungary,2020,NE.GDI.TOTL.ZS,27.4644940725212
HUN,Hungary,2019,NE.GDI.TOTL.ZS,28.6983472177676
HUN,Hungary,2018,NE.GDI.TOTL.ZS,27.0910945827596
HUN,Hungary,2017,NE.GDI.TOTL.ZS,23.2730768860194
HUN,Hungary,2016,NE.GDI.TOTL.ZS,22.0321821931455
HUN,Hungary,2015,NE.GDI.TOTL.ZS,23.8567656111926
HUN,Hungary,2014,NE.GDI.TOTL.ZS,24.4405160787979
HUN,Hungary,2013,NE.GDI.TOTL.ZS,21.8946534040546
HUN,Hungary,2012,NE.GDI.TOTL.ZS,20.2865308170944
HUN,Hungary,2011,NE.GDI.TOTL.ZS,21.0337908782192
HUN,Hungary,2010,NE.GDI.TOTL.ZS,21.1892791243323
HUN,Hungary,2009,NE.GDI.TOTL.ZS,20.9966487581136
HUN,Hungary,2008,NE.GDI.TOTL.ZS,25.1420059545726
HUN,Hungary,2007,NE.GDI.TOTL.ZS,24.8978381794695
HUN,Hungary,2006,NE.GDI.TOTL.ZS,26.3418856770072
HUN,Hungary,2005,NE.GDI.TOTL.ZS,26.164171343722
ISL,Iceland,2025,NE.GDI.TOTL.ZS,26.5735971497726
ISL,Iceland,2024,NE.GDI.TOTL.ZS,26.244095255716
ISL,Iceland,2023,NE.GDI.TOTL.ZS,25.4249837598989
ISL,Iceland,2022,NE.GDI.TOTL.ZS,24.2427194310717
ISL,Iceland,2021,NE.GDI.TOTL.ZS,22.8196745243326
ISL,Iceland,2020,NE.GDI.TOTL.ZS,21.0463401608498
ISL,Iceland,2019,NE.GDI.TOTL.ZS,20.2034835852927
ISL,Iceland,2018,NE.GDI.TOTL.ZS,22.1950215110373
ISL,Iceland,2017,NE.GDI.TOTL.ZS,21.5754324923505
ISL,Iceland,2016,NE.GDI.TOTL.ZS,20.8155538899524
ISL,Iceland,2015,NE.GDI.TOTL.ZS,19.1932461301069
ISL,Iceland,2014,NE.GDI.TOTL.ZS,17.0733672335346
ISL,Iceland,2013,NE.GDI.TOTL.ZS,15.0113948326003
ISL,Iceland,2012,NE.GDI.TOTL.ZS,15.8900528697338
ISL,Iceland,2011,NE.GDI.TOTL.ZS,15.3142065291421
ISL,Iceland,2010,NE.GDI.TOTL.ZS,13.8337714379496
ISL,Iceland,2009,NE.GDI.TOTL.ZS,14.7799889271266
ISL,Iceland,2008,NE.GDI.TOTL.ZS,25.8874469911237
ISL,Iceland,2007,NE.GDI.TOTL.ZS,29.6512685107527
ISL,Iceland,2006,NE.GDI.TOTL.ZS,35.9714130790896
ISL,Iceland,2005,NE.GDI.TOTL.ZS,29.1309380362617
IND,India,2025,NE.GDI.TOTL.ZS,34.6030048968457
IND,India,2024,NE.GDI.TOTL.ZS,34.3459060404746
IND,India,2023,NE.GDI.TOTL.ZS,34.504684353812
IND,India,2022,NE.GDI.TOTL.ZS,34.4117962357355
IND,India,2021,NE.GDI.TOTL.ZS,32.1158221755014
IND,India,2020,NE.GDI.TOTL.ZS,28.9223840080659
IND,India,2019,NE.GDI.TOTL.ZS,30.0961975685688
IND,India,2018,NE.GDI.TOTL.ZS,32.3432182154485
IND,India,2017,NE.GDI.TOTL.ZS,30.9821728344733
IND,India,2016,NE.GDI.TOTL.ZS,30.172690580036
IND,India,2015,NE.GDI.TOTL.ZS,32.1167301358276
IND,India,2014,NE.GDI.TOTL.ZS,34.2678056268836
IND,India,2013,NE.GDI.TOTL.ZS,34.0231978997548
IND,India,2012,NE.GDI.TOTL.ZS,38.3474156730403
IND,India,2011,NE.GDI.TOTL.ZS,39.590421855219
IND,India,2010,NE.GDI.TOTL.ZS,39.7856241847736
IND,India,2009,NE.GDI.TOTL.ZS,39.2567917551336
IND,India,2008,NE.GDI.TOTL.ZS,38.4224196528192
IND,India,2007,NE.GDI.TOTL.ZS,41.9507982267334
IND,India,2006,NE.GDI.TOTL.ZS,38.9985063717532
IND,India,2005,NE.GDI.TOTL.ZS,37.4282640165983
IDN,Indonesia,2025,NE.GDI.TOTL.ZS,30.6186915015727
IDN,Indonesia,2024,NE.GDI.TOTL.ZS,31.396316156558
IDN,Indonesia,2023,NE.GDI.TOTL.ZS,30.3426390629498
IDN,Indonesia,2022,NE.GDI.TOTL.ZS,29.7453138212259
IDN,Indonesia,2021,NE.GDI.TOTL.ZS,31.4488724858485
IDN,Indonesia,2020,NE.GDI.TOTL.ZS,32.3434120537481
IDN,Indonesia,2019,NE.GDI.TOTL.ZS,33.7801423773995
IDN,Indonesia,2018,NE.GDI.TOTL.ZS,34.5705858319707
IDN,Indonesia,2017,NE.GDI.TOTL.ZS,33.7105947957751
IDN,Indonesia,2016,NE.GDI.TOTL.ZS,33.8587393039462
IDN,Indonesia,2015,NE.GDI.TOTL.ZS,34.0627921803386
IDN,Indonesia,2014,NE.GDI.TOTL.ZS,34.6003439149803
IDN,Indonesia,2013,NE.GDI.TOTL.ZS,33.8313567879018
IDN,Indonesia,2012,NE.GDI.TOTL.ZS,35.0715936108893
IDN,Indonesia,2011,NE.GDI.TOTL.ZS,32.9843332593045
IDN,Indonesia,2010,NE.GDI.TOTL.ZS,32.8801214533558
IDN,Indonesia,2009,NE.GDI.TOTL.ZS,30.9851924139981
IDN,Indonesia,2008,NE.GDI.TOTL.ZS,27.8162445798583
IDN,Indonesia,2007,NE.GDI.TOTL.ZS,24.9202838487256
IDN,Indonesia,2006,NE.GDI.TOTL.ZS,25.4002172943548
IDN,Indonesia,2005,NE.GDI.TOTL.ZS,25.0814099389568
IRN,"Iran, Islamic Rep.",2025,NE.GDI.TOTL.ZS,41.7726821761424
IRN,"Iran, Islamic Rep.",2024,NE.GDI.TOTL.ZS,44.3461376412017
IRN,"Iran, Islamic Rep.",2023,NE.GDI.TOTL.ZS,43.772806898094
IRN,"Iran, Islamic Rep.",2022,NE.GDI.TOTL.ZS,40.7255733512162
IRN,"Iran, Islamic Rep.",2021,NE.GDI.TOTL.ZS,41.493032546299
IRN,"Iran, Islamic Rep.",2020,NE.GDI.TOTL.ZS,47.9209340647566
IRN,"Iran, Islamic Rep.",2019,NE.GDI.TOTL.ZS,40.2029489850244
IRN,"Iran, Islamic Rep.",2018,NE.GDI.TOTL.ZS,36.2050901154488
IRN,"Iran, Islamic Rep.",2017,NE.GDI.TOTL.ZS,35.340529085025
IRN,"Iran, Islamic Rep.",2016,NE.GDI.TOTL.ZS,33.8794450615252
IRN,"Iran, Islamic Rep.",2015,NE.GDI.TOTL.ZS,31.9824085202657
IRN,"Iran, Islamic Rep.",2014,NE.GDI.TOTL.ZS,36.9396571448965
IRN,"Iran, Islamic Rep.",2013,NE.GDI.TOTL.ZS,34.9452115156879
IRN,"Iran, Islamic Rep.",2012,NE.GDI.TOTL.ZS,36.3509581769324
IRN,"Iran, Islamic Rep.",2011,NE.GDI.TOTL.ZS,36.0168035751403
IRN,"Iran, Islamic Rep.",2010,NE.GDI.TOTL.ZS,40.262449246465
IRN,"Iran, Islamic Rep.",2009,NE.GDI.TOTL.ZS,40.8981709173692
IRN,"Iran, Islamic Rep.",2008,NE.GDI.TOTL.ZS,41.7574530941627
IRN,"Iran, Islamic Rep.",2007,NE.GDI.TOTL.ZS,39.7289451366129
IRN,"Iran, Islamic Rep.",2006,NE.GDI.TOTL.ZS,38.6491173626565
IRN,"Iran, Islamic Rep.",2005,NE.GDI.TOTL.ZS,38.7176635773832
IRQ,Iraq,2024,NE.GDI.TOTL.ZS,19.1361226916833
IRQ,Iraq,2023,NE.GDI.TOTL.ZS,20.2898355344199
IRQ,Iraq,2022,NE.GDI.TOTL.ZS,24.3148601227151
IRQ,Iraq,2021,NE.GDI.TOTL.ZS,21.4281806177598
IRQ,Iraq,2020,NE.GDI.TOTL.ZS,22.3468589955872
IRQ,Iraq,2019,NE.GDI.TOTL.ZS,22.7407245883586
IRQ,Iraq,2018,NE.GDI.TOTL.ZS,17.5854705162866
IRQ,Iraq,2017,NE.GDI.TOTL.ZS,17.8524768622366
IRQ,Iraq,2016,NE.GDI.TOTL.ZS,17.8772047937279
IRQ,Iraq,2015,NE.GDI.TOTL.ZS,20.359651707882
IRQ,Iraq,2014,NE.GDI.TOTL.ZS,18.2159749362255
IRQ,Iraq,2013,NE.GDI.TOTL.ZS,20.2677398214538
IRQ,Iraq,2012,NE.GDI.TOTL.ZS,13.4461715093466
IRQ,Iraq,2011,NE.GDI.TOTL.ZS,16.7595018107714
IRQ,Iraq,2010,NE.GDI.TOTL.ZS,15.8678653909697
IRQ,Iraq,2009,NE.GDI.TOTL.ZS,11.2966377544437
IRQ,Iraq,2008,NE.GDI.TOTL.ZS,15.1841021528875
IRQ,Iraq,2007,NE.GDI.TOTL.ZS,9.34171909242017
IRQ,Iraq,2006,NE.GDI.TOTL.ZS,18.9175988102635
IRQ,Iraq,2005,NE.GDI.TOTL.ZS,22.1552649539445
IRL,Ireland,2025,NE.GDI.TOTL.ZS,22.93212457567
IRL,Ireland,2024,NE.GDI.TOTL.ZS,18.2483791335529
IRL,Ireland,2023,NE.GDI.TOTL.ZS,26.6582803909323
IRL,Ireland,2022,NE.GDI.TOTL.ZS,22.8840856405086
IRL,Ireland,2021,NE.GDI.TOTL.ZS,23.031901720559
IRL,Ireland,2020,NE.GDI.TOTL.ZS,42.5912041670915
IRL,Ireland,2019,NE.GDI.TOTL.ZS,53.7020817171995
IRL,Ireland,2018,NE.GDI.TOTL.ZS,28.1743871487953
IRL,Ireland,2017,NE.GDI.TOTL.ZS,34.0348773847935
IRL,Ireland,2016,NE.GDI.TOTL.ZS,35.6293704495612
IRL,Ireland,2015,NE.GDI.TOTL.ZS,26.0839383373545
IRL,Ireland,2014,NE.GDI.TOTL.ZS,21.9360604785157
IRL,Ireland,2013,NE.GDI.TOTL.ZS,18.3655706866444
IRL,Ireland,2012,NE.GDI.TOTL.ZS,19.8882110372842
IRL,Ireland,2011,NE.GDI.TOTL.ZS,17.1044449032773
IRL,Ireland,2010,NE.GDI.TOTL.ZS,17.2913563758605
IRL,Ireland,2009,NE.GDI.TOTL.ZS,20.3036687538517
IRL,Ireland,2008,NE.GDI.TOTL.ZS,24.6670937529866
IRL,Ireland,2007,NE.GDI.TOTL.ZS,29.2481055759668
IRL,Ireland,2006,NE.GDI.TOTL.ZS,31.8932052929498
IRL,Ireland,2005,NE.GDI.TOTL.ZS,30.3097495862833
ISR,Israel,2025,NE.GDI.TOTL.ZS,24.3470505998991
ISR,Israel,2024,NE.GDI.TOTL.ZS,23.7996513084829
ISR,Israel,2023,NE.GDI.TOTL.ZS,26.4012938714102
ISR,Israel,2022,NE.GDI.TOTL.ZS,27.6477944169544
ISR,Israel,2021,NE.GDI.TOTL.ZS,26.1469038673945
ISR,Israel,2020,NE.GDI.TOTL.ZS,24.9808151761248
ISR,Israel,2019,NE.GDI.TOTL.ZS,23.8852070285614
ISR,Israel,2018,NE.GDI.TOTL.ZS,24.1916664223315
ISR,Israel,2017,NE.GDI.TOTL.ZS,23.2503716118668
ISR,Israel,2016,NE.GDI.TOTL.ZS,23.1371837937667
ISR,Israel,2015,NE.GDI.TOTL.ZS,22.1424461285642
ISR,Israel,2014,NE.GDI.TOTL.ZS,22.8738626615703
ISR,Israel,2013,NE.GDI.TOTL.ZS,22.367712677715
ISR,Israel,2012,NE.GDI.TOTL.ZS,23.9326525531779
ISR,Israel,2011,NE.GDI.TOTL.ZS,23.4772572787079
ISR,Israel,2010,NE.GDI.TOTL.ZS,21.5643647121231
ISR,Israel,2009,NE.GDI.TOTL.ZS,21.1775875014543
ISR,Israel,2008,NE.GDI.TOTL.ZS,23.2574997076323
ISR,Israel,2007,NE.GDI.TOTL.ZS,24.4622238069697
ISR,Israel,2006,NE.GDI.TOTL.ZS,23.629532084511
ISR,Israel,2005,NE.GDI.TOTL.ZS,23.6987463364646
ITA,Italy,2025,NE.GDI.TOTL.ZS,22.2496175569641
ITA,Italy,2024,NE.GDI.TOTL.ZS,22.2691077219978
ITA,Italy,2023,NE.GDI.TOTL.ZS,23.0712585224817
ITA,Italy,2022,NE.GDI.TOTL.ZS,24.5977298322393
ITA,Italy,2021,NE.GDI.TOTL.ZS,22.0011382315208
ITA,Italy,2020,NE.GDI.TOTL.ZS,17.8986868297166
ITA,Italy,2019,NE.GDI.TOTL.ZS,18.3641315277239
ITA,Italy,2018,NE.GDI.TOTL.ZS,18.6608716078644
ITA,Italy,2017,NE.GDI.TOTL.ZS,18.1694222906025
ITA,Italy,2016,NE.GDI.TOTL.ZS,17.7118639941996
ITA,Italy,2015,NE.GDI.TOTL.ZS,17.2813174853484
ITA,Italy,2014,NE.GDI.TOTL.ZS,17.0766736026264
ITA,Italy,2013,NE.GDI.TOTL.ZS,17.0062223799047
ITA,Italy,2012,NE.GDI.TOTL.ZS,17.9698064515339
ITA,Italy,2011,NE.GDI.TOTL.ZS,20.6773631014391
ITA,Italy,2010,NE.GDI.TOTL.ZS,20.7969716146664
ITA,Italy,2009,NE.GDI.TOTL.ZS,19.7023773902113
ITA,Italy,2008,NE.GDI.TOTL.ZS,22.0387757321995
ITA,Italy,2007,NE.GDI.TOTL.ZS,22.6200727686655
ITA,Italy,2006,NE.GDI.TOTL.ZS,22.3603695757618
ITA,Italy,2005,NE.GDI.TOTL.ZS,21.5260216463093
JPN,Japan,2024,NE.GDI.TOTL.ZS,27.6791711471936
JPN,Japan,2023,NE.GDI.TOTL.ZS,27.7841122147677
JPN,Japan,2022,NE.GDI.TOTL.ZS,28.3107762241995
JPN,Japan,2021,NE.GDI.TOTL.ZS,27.3251613407145
JPN,Japan,2020,NE.GDI.TOTL.ZS,26.8864795052794
JPN,Japan,2019,NE.GDI.TOTL.ZS,27.3243645927693
JPN,Japan,2018,NE.GDI.TOTL.ZS,27.1363524954164
JPN,Japan,2017,NE.GDI.TOTL.ZS,26.6345672327421
JPN,Japan,2016,NE.GDI.TOTL.ZS,26.2400385919687
JPN,Japan,2015,NE.GDI.TOTL.ZS,26.5521482720668
JPN,Japan,2014,NE.GDI.TOTL.ZS,26.3479533735846
JPN,Japan,2013,NE.GDI.TOTL.ZS,25.3731148940256
JPN,Japan,2012,NE.GDI.TOTL.ZS,24.9867673070268
JPN,Japan,2011,NE.GDI.TOTL.ZS,24.451572608163
JPN,Japan,2010,NE.GDI.TOTL.ZS,23.5722339532159
JPN,Japan,2009,NE.GDI.TOTL.ZS,23.6595838247106
JPN,Japan,2008,NE.GDI.TOTL.ZS,26.957915866231
JPN,Japan,2007,NE.GDI.TOTL.ZS,26.8035156474517
JPN,Japan,2006,NE.GDI.TOTL.ZS,27.0851292904104
JPN,Japan,2005,NE.GDI.TOTL.ZS,27.0047258465622
JOR,Jordan,2007,NE.GDI.TOTL.ZS,30.2679844699249
JOR,Jordan,2006,NE.GDI.TOTL.ZS,28.339921689117
JOR,Jordan,2005,NE.GDI.TOTL.ZS,34.1478444026172
KAZ,Kazakhstan,2024,NE.GDI.TOTL.ZS,27.2119249591734
KAZ,Kazakhstan,2023,NE.GDI.TOTL.ZS,28.157135537565
KAZ,Kazakhstan,2022,NE.GDI.TOTL.ZS,24.9759095791804
KAZ,Kazakhstan,2021,NE.GDI.TOTL.ZS,26.5334355873452
KAZ,Kazakhstan,2020,NE.GDI.TOTL.ZS,28.8069153648376
KAZ,Kazakhstan,2019,NE.GDI.TOTL.ZS,27.6275749485747
KAZ,Kazakhstan,2018,NE.GDI.TOTL.ZS,25.258212709599
KAZ,Kazakhstan,2017,NE.GDI.TOTL.ZS,26.3524825267661
KAZ,Kazakhstan,2016,NE.GDI.TOTL.ZS,27.8275828886455
KAZ,Kazakhstan,2015,NE.GDI.TOTL.ZS,27.9079156027413
KAZ,Kazakhstan,2014,NE.GDI.TOTL.ZS,25.7902472414133
KAZ,Kazakhstan,2013,NE.GDI.TOTL.ZS,24.5696053585629
KAZ,Kazakhstan,2012,NE.GDI.TOTL.ZS,25.2296602336096
KAZ,Kazakhstan,2011,NE.GDI.TOTL.ZS,22.9981460184012
KAZ,Kazakhstan,2010,NE.GDI.TOTL.ZS,25.3735490201768
KAZ,Kazakhstan,2009,NE.GDI.TOTL.ZS,29.4145645191248
KAZ,Kazakhstan,2008,NE.GDI.TOTL.ZS,27.5064843034904
KAZ,Kazakhstan,2007,NE.GDI.TOTL.ZS,35.5266994941709
KAZ,Kazakhstan,2006,NE.GDI.TOTL.ZS,33.9007913190431
KAZ,Kazakhstan,2005,NE.GDI.TOTL.ZS,30.9697680425121
KEN,Kenya,2025,NE.GDI.TOTL.ZS,16.9554961477297
KEN,Kenya,2024,NE.GDI.TOTL.ZS,16.4818345156985
KEN,Kenya,2023,NE.GDI.TOTL.ZS,16.5707504717762
KEN,Kenya,2022,NE.GDI.TOTL.ZS,19.0540638513609
KEN,Kenya,2021,NE.GDI.TOTL.ZS,20.3912447822361
KEN,Kenya,2020,NE.GDI.TOTL.ZS,19.6515841707054
KEN,Kenya,2019,NE.GDI.TOTL.ZS,19.3418324204191
KEN,Kenya,2018,NE.GDI.TOTL.ZS,19.3759862497025
KEN,Kenya,2017,NE.GDI.TOTL.ZS,20.6634949022773
KEN,Kenya,2016,NE.GDI.TOTL.ZS,19.3484358309332
KEN,Kenya,2015,NE.GDI.TOTL.ZS,22.1033982020293
KEN,Kenya,2014,NE.GDI.TOTL.ZS,24.9507189987733
KEN,Kenya,2013,NE.GDI.TOTL.ZS,22.4049681039862
KEN,Kenya,2012,NE.GDI.TOTL.ZS,22.1933629258823
KEN,Kenya,2011,NE.GDI.TOTL.ZS,21.8858122759467
KEN,Kenya,2010,NE.GDI.TOTL.ZS,21.2639987992095
KEN,Kenya,2009,NE.GDI.TOTL.ZS,19.0191724248254
KEN,Kenya,2008,NE.GDI.TOTL.ZS,19.6127114227698
KEN,Kenya,2007,NE.GDI.TOTL.ZS,20.4569783889085
KEN,Kenya,2006,NE.GDI.TOTL.ZS,18.633585404403
KEN,Kenya,2005,NE.GDI.TOTL.ZS,17.6496847904784
KIR,Kiribati,2024,NE.GDI.TOTL.ZS,29.9143158847463
KIR,Kiribati,2023,NE.GDI.TOTL.ZS,24.7440984281941
KIR,Kiribati,2022,NE.GDI.TOTL.ZS,23.275366383485
KIR,Kiribati,2021,NE.GDI.TOTL.ZS,17.763963018856
KIR,Kiribati,2020,NE.GDI.TOTL.ZS,14.6970481211532
KIR,Kiribati,2019,NE.GDI.TOTL.ZS,15.9140674046536
KIR,Kiribati,2018,NE.GDI.TOTL.ZS,18.9415015974441
KIR,Kiribati,2017,NE.GDI.TOTL.ZS,27.0021649484536
KIR,Kiribati,2016,NE.GDI.TOTL.ZS,29.9666166684789
KIR,Kiribati,2015,NE.GDI.TOTL.ZS,37.7690573638693
KIR,Kiribati,2014,NE.GDI.TOTL.ZS,28.6593579496587
KIR,Kiribati,2013,NE.GDI.TOTL.ZS,31.377071852949
KIR,Kiribati,2012,NE.GDI.TOTL.ZS,27.7265217537013
KIR,Kiribati,2011,NE.GDI.TOTL.ZS,19.4615071231639
KIR,Kiribati,2010,NE.GDI.TOTL.ZS,15.9163081562957
KIR,Kiribati,2009,NE.GDI.TOTL.ZS,17.5720885152996
KIR,Kiribati,2008,NE.GDI.TOTL.ZS,14.1246580305412
KIR,Kiribati,2007,NE.GDI.TOTL.ZS,15.3649166957601
KIR,Kiribati,2006,NE.GDI.TOTL.ZS,15.7544159059084
KOR,"Korea, Rep.",2025,NE.GDI.TOTL.ZS,29.1311226726896
KOR,"Korea, Rep.",2024,NE.GDI.TOTL.ZS,29.9738499299961
KOR,"Korea, Rep.",2023,NE.GDI.TOTL.ZS,31.8912200894147
KOR,"Korea, Rep.",2022,NE.GDI.TOTL.ZS,33.3254869272348
KOR,"Korea, Rep.",2021,NE.GDI.TOTL.ZS,32.4929253527445
KOR,"Korea, Rep.",2020,NE.GDI.TOTL.ZS,31.5248657192138
KOR,"Korea, Rep.",2019,NE.GDI.TOTL.ZS,31.1955884616555
KOR,"Korea, Rep.",2018,NE.GDI.TOTL.ZS,31.2486531343572
KOR,"Korea, Rep.",2017,NE.GDI.TOTL.ZS,31.9652912711332
KOR,"Korea, Rep.",2016,NE.GDI.TOTL.ZS,29.9823963274728
KOR,"Korea, Rep.",2015,NE.GDI.TOTL.ZS,29.3122032932439
KOR,"Korea, Rep.",2014,NE.GDI.TOTL.ZS,29.7893883422049
KOR,"Korea, Rep.",2013,NE.GDI.TOTL.ZS,29.8990183063853
KOR,"Korea, Rep.",2012,NE.GDI.TOTL.ZS,31.2149587741292
KOR,"Korea, Rep.",2011,NE.GDI.TOTL.ZS,33.2613430738444
KOR,"Korea, Rep.",2010,NE.GDI.TOTL.ZS,32.7792421992313
KOR,"Korea, Rep.",2009,NE.GDI.TOTL.ZS,29.5580079908835
KOR,"Korea, Rep.",2008,NE.GDI.TOTL.ZS,33.7038348910437
KOR,"Korea, Rep.",2007,NE.GDI.TOTL.ZS,33.2491377792946
KOR,"Korea, Rep.",2006,NE.GDI.TOTL.ZS,33.0040207975187
KOR,"Korea, Rep.",2005,NE.GDI.TOTL.ZS,32.7143604319037
XKX,Kosovo,2025,NE.GDI.TOTL.ZS,34.5995236556823
XKX,Kosovo,2024,NE.GDI.TOTL.ZS,33.9651432750713
XKX,Kosovo,2023,NE.GDI.TOTL.ZS,33.9456293075627
XKX,Kosovo,2022,NE.GDI.TOTL.ZS,35.2326459658665
XKX,Kosovo,2021,NE.GDI.TOTL.ZS,35.9511804344753
XKX,Kosovo,2020,NE.GDI.TOTL.ZS,33.4061275308265
XKX,Kosovo,2019,NE.GDI.TOTL.ZS,34.5581995450224
XKX,Kosovo,2018,NE.GDI.TOTL.ZS,36.2945421291487
XKX,Kosovo,2017,NE.GDI.TOTL.ZS,34.6926494889605
XKX,Kosovo,2016,NE.GDI.TOTL.ZS,33.5220002547509
XKX,Kosovo,2015,NE.GDI.TOTL.ZS,30.4324686404239
XKX,Kosovo,2014,NE.GDI.TOTL.ZS,27.8460008694681
XKX,Kosovo,2013,NE.GDI.TOTL.ZS,29.9978585507713
XKX,Kosovo,2012,NE.GDI.TOTL.ZS,31.9017216861076
XKX,Kosovo,2011,NE.GDI.TOTL.ZS,36.0573444918945
XKX,Kosovo,2010,NE.GDI.TOTL.ZS,33.1284870466064
XKX,Kosovo,2009,NE.GDI.TOTL.ZS,32.619616274023
XKX,Kosovo,2008,NE.GDI.TOTL.ZS,37.2836774320662
KWT,Kuwait,2024,NE.GDI.TOTL.ZS,15.1027079295437
KWT,Kuwait,2023,NE.GDI.TOTL.ZS,17.7610824770708
KWT,Kuwait,2022,NE.GDI.TOTL.ZS,16.549333014952
KWT,Kuwait,2021,NE.GDI.TOTL.ZS,14.4677037382323
KWT,Kuwait,2020,NE.GDI.TOTL.ZS,18.6506487501557
KWT,Kuwait,2019,NE.GDI.TOTL.ZS,23.0019978533703
KWT,Kuwait,2018,NE.GDI.TOTL.ZS,25.5469562847273
KWT,Kuwait,2017,NE.GDI.TOTL.ZS,27.730838747062
KWT,Kuwait,2016,NE.GDI.TOTL.ZS,29.9591125059994
KWT,Kuwait,2015,NE.GDI.TOTL.ZS,25.4281227135199
KWT,Kuwait,2014,NE.GDI.TOTL.ZS,16.2902579989347
KWT,Kuwait,2013,NE.GDI.TOTL.ZS,14.3514402143401
KWT,Kuwait,2012,NE.GDI.TOTL.ZS,12.8349439592807
KWT,Kuwait,2011,NE.GDI.TOTL.ZS,13.5481349757935
KWT,Kuwait,2010,NE.GDI.TOTL.ZS,17.6584741694241
KWT,Kuwait,2009,NE.GDI.TOTL.ZS,17.9658449249415
KWT,Kuwait,2008,NE.GDI.TOTL.ZS,17.6298214529099
KWT,Kuwait,2007,NE.GDI.TOTL.ZS,20.4566521181317
KWT,Kuwait,2006,NE.GDI.TOTL.ZS,16.1577223909466
KWT,Kuwait,2005,NE.GDI.TOTL.ZS,16.4267670345693
KGZ,Kyrgyz Republic,2025,NE.GDI.TOTL.ZS,27.9650862325005
KGZ,Kyrgyz Republic,2024,NE.GDI.TOTL.ZS,21.5271206231925
KGZ,Kyrgyz Republic,2023,NE.GDI.TOTL.ZS,34.4590059457311
KGZ,Kyrgyz Republic,2022,NE.GDI.TOTL.ZS,35.6406881799816
KGZ,Kyrgyz Republic,2021,NE.GDI.TOTL.ZS,26.4936655518147
KGZ,Kyrgyz Republic,2020,NE.GDI.TOTL.ZS,25.0304913984711
KGZ,Kyrgyz Republic,2019,NE.GDI.TOTL.ZS,34.4462636342397
KGZ,Kyrgyz Republic,2018,NE.GDI.TOTL.ZS,36.0166291525462
KGZ,Kyrgyz Republic,2017,NE.GDI.TOTL.ZS,32.9020914624365
KGZ,Kyrgyz Republic,2016,NE.GDI.TOTL.ZS,33.9391792937351
KGZ,Kyrgyz Republic,2015,NE.GDI.TOTL.ZS,34.6714692626578
KGZ,Kyrgyz Republic,2014,NE.GDI.TOTL.ZS,36.7567270785188
KGZ,Kyrgyz Republic,2013,NE.GDI.TOTL.ZS,33.8988355585277
KGZ,Kyrgyz Republic,2012,NE.GDI.TOTL.ZS,34.961073696667
KGZ,Kyrgyz Republic,2011,NE.GDI.TOTL.ZS,25.4729638297404
KGZ,Kyrgyz Republic,2010,NE.GDI.TOTL.ZS,27.4015935976563
KGZ,Kyrgyz Republic,2009,NE.GDI.TOTL.ZS,27.2703554118343
KGZ,Kyrgyz Republic,2008,NE.GDI.TOTL.ZS,28.9489600349802
KGZ,Kyrgyz Republic,2007,NE.GDI.TOTL.ZS,26.6429970323691
KGZ,Kyrgyz Republic,2006,NE.GDI.TOTL.ZS,24.195760812161
KGZ,Kyrgyz Republic,2005,NE.GDI.TOTL.ZS,16.4182074783546
LAO,Lao PDR,2016,NE.GDI.TOTL.ZS,29.0076540961796
LAO,Lao PDR,2015,NE.GDI.TOTL.ZS,31.556651604237
LAO,Lao PDR,2014,NE.GDI.TOTL.ZS,29.8013514004447
LAO,Lao PDR,2013,NE.GDI.TOTL.ZS,30.6473220372757
LAO,Lao PDR,2012,NE.GDI.TOTL.ZS,32.504255276611
LAO,Lao PDR,2011,NE.GDI.TOTL.ZS,28.0678025249814
LAO,Lao PDR,2010,NE.GDI.TOTL.ZS,27.4624877401915
LAO,Lao PDR,2009,NE.GDI.TOTL.ZS,33.9384705525426
LAO,Lao PDR,2008,NE.GDI.TOTL.ZS,31.68198579384
LAO,Lao PDR,2007,NE.GDI.TOTL.ZS,32.312243033777
LAO,Lao PDR,2006,NE.GDI.TOTL.ZS,30.0695410386414
LAO,Lao PDR,2005,NE.GDI.TOTL.ZS,34.0580868030095
LVA,Latvia,2025,NE.GDI.TOTL.ZS,24.0558692275565
LVA,Latvia,2024,NE.GDI.TOTL.ZS,21.4641880937761
LVA,Latvia,2023,NE.GDI.TOTL.ZS,24.6916298440452
LVA,Latvia,2022,NE.GDI.TOTL.ZS,24.6702240089291
LVA,Latvia,2021,NE.GDI.TOTL.ZS,25.7228281732445
LVA,Latvia,2020,NE.GDI.TOTL.ZS,22.1554259223647
LVA,Latvia,2019,NE.GDI.TOTL.ZS,23.3384745378809
LVA,Latvia,2018,NE.GDI.TOTL.ZS,23.8742877736126
LVA,Latvia,2017,NE.GDI.TOTL.ZS,22.7120380081921
LVA,Latvia,2016,NE.GDI.TOTL.ZS,21.7559480147378
LVA,Latvia,2015,NE.GDI.TOTL.ZS,24.149732505911
LVA,Latvia,2014,NE.GDI.TOTL.ZS,24.6659431197334
LVA,Latvia,2013,NE.GDI.TOTL.ZS,25.298238178176
LVA,Latvia,2012,NE.GDI.TOTL.ZS,28.639673212023
LVA,Latvia,2011,NE.GDI.TOTL.ZS,26.7745639280943
LVA,Latvia,2010,NE.GDI.TOTL.ZS,20.9313394628785
LVA,Latvia,2009,NE.GDI.TOTL.ZS,23.2112323411887
LVA,Latvia,2008,NE.GDI.TOTL.ZS,36.9756564896607
LVA,Latvia,2007,NE.GDI.TOTL.ZS,43.6658757384645
LVA,Latvia,2006,NE.GDI.TOTL.ZS,41.8198632239093
LVA,Latvia,2005,NE.GDI.TOTL.ZS,36.383829405761
LBN,Lebanon,2024,NE.GDI.TOTL.ZS,1.44489295710122
LBN,Lebanon,2023,NE.GDI.TOTL.ZS,1.89754409912655
LBN,Lebanon,2022,NE.GDI.TOTL.ZS,1.22517144706489
LBN,Lebanon,2021,NE.GDI.TOTL.ZS,5.35948434334897
LBN,Lebanon,2020,NE.GDI.TOTL.ZS,8.09817736631194
LBN,Lebanon,2019,NE.GDI.TOTL.ZS,12.3224742609761
LBN,Lebanon,2018,NE.GDI.TOTL.ZS,22.4871034019622
LBN,Lebanon,2017,NE.GDI.TOTL.ZS,21.787935227326
LBN,Lebanon,2016,NE.GDI.TOTL.ZS,23.1425713718061
LBN,Lebanon,2015,NE.GDI.TOTL.ZS,22.2227792570986
LBN,Lebanon,2014,NE.GDI.TOTL.ZS,24.9671951418081
LBN,Lebanon,2013,NE.GDI.TOTL.ZS,27.6124294369186
LBN,Lebanon,2012,NE.GDI.TOTL.ZS,24.7872978801239
LBN,Lebanon,2011,NE.GDI.TOTL.ZS,26.8463657489038
LBN,Lebanon,2010,NE.GDI.TOTL.ZS,24.9372585130013
LBN,Lebanon,2009,NE.GDI.TOTL.ZS,26.9210161655957
LBN,Lebanon,2008,NE.GDI.TOTL.ZS,27.9963212002476
LBN,Lebanon,2007,NE.GDI.TOTL.ZS,24.2820896201012
LBN,Lebanon,2006,NE.GDI.TOTL.ZS,20.5480910787445
LBN,Lebanon,2005,NE.GDI.TOTL.ZS,22.9660109644112
LSO,Lesotho,2025,NE.GDI.TOTL.ZS,31.2328945653591
LSO,Lesotho,2024,NE.GDI.TOTL.ZS,29.6721348878596
LSO,Lesotho,2023,NE.GDI.TOTL.ZS,27.0684655311306
LSO,Lesotho,2022,NE.GDI.TOTL.ZS,27.3770081483323
LSO,Lesotho,2021,NE.GDI.TOTL.ZS,28.4701352359002
LSO,Lesotho,2020,NE.GDI.TOTL.ZS,26.2646701221778
LSO,Lesotho,2019,NE.GDI.TOTL.ZS,26.7945041312681
LSO,Lesotho,2018,NE.GDI.TOTL.ZS,21.4472792170962
LSO,Lesotho,2017,NE.GDI.TOTL.ZS,22.2056129829322
LSO,Lesotho,2016,NE.GDI.TOTL.ZS,28.7760063691053
LSO,Lesotho,2015,NE.GDI.TOTL.ZS,30.4366347369568
LSO,Lesotho,2014,NE.GDI.TOTL.ZS,34.0968182808394
LSO,Lesotho,2013,NE.GDI.TOTL.ZS,32.6667455053055
LSO,Lesotho,2012,NE.GDI.TOTL.ZS,35.7205960501896
LSO,Lesotho,2011,NE.GDI.TOTL.ZS,25.3316425094885
LSO,Lesotho,2010,NE.GDI.TOTL.ZS,31.3011900430751
LSO,Lesotho,2009,NE.GDI.TOTL.ZS,30.538219790262
LSO,Lesotho,2008,NE.GDI.TOTL.ZS,27.9814428627338
LSO,Lesotho,2007,NE.GDI.TOTL.ZS,24.9246019342258
LBY,Libya,2025,NE.GDI.TOTL.ZS,14.2718932290827
LBY,Libya,2024,NE.GDI.TOTL.ZS,14.2709460093897
LBY,Libya,2023,NE.GDI.TOTL.ZS,16.8804253893346
LBY,Libya,2022,NE.GDI.TOTL.ZS,10.5201970194858
LBY,Libya,2021,NE.GDI.TOTL.ZS,12.160907547063
LBY,Libya,2020,NE.GDI.TOTL.ZS,9.44983047721509
LBY,Libya,2019,NE.GDI.TOTL.ZS,13.7553442934446
LBY,Libya,2018,NE.GDI.TOTL.ZS,15.1337630488594
LBY,Libya,2017,NE.GDI.TOTL.ZS,13.7077561764599
LBY,Libya,2016,NE.GDI.TOTL.ZS,13.8004674607543
LBY,Libya,2015,NE.GDI.TOTL.ZS,17.382012837146
LBY,Libya,2014,NE.GDI.TOTL.ZS,26.2237211424
LBY,Libya,2013,NE.GDI.TOTL.ZS,21.6855173162296
LBY,Libya,2012,NE.GDI.TOTL.ZS,15.2187654168722
LBY,Libya,2011,NE.GDI.TOTL.ZS,8.44242069649716
LBY,Libya,2010,NE.GDI.TOTL.ZS,19.8007992326027
LBY,Libya,2009,NE.GDI.TOTL.ZS,26.0180306878529
LBY,Libya,2008,NE.GDI.TOTL.ZS,21.6648129995476
LBY,Libya,2007,NE.GDI.TOTL.ZS,19.1096779450883
LBY,Libya,2006,NE.GDI.TOTL.ZS,21.0482643995738
LBY,Libya,2005,NE.GDI.TOTL.ZS,9.51658544855648
LTU,Lithuania,2025,NE.GDI.TOTL.ZS,22.2383972717709
LTU,Lithuania,2024,NE.GDI.TOTL.ZS,20.6586329885889
LTU,Lithuania,2023,NE.GDI.TOTL.ZS,22.6477329035527
LTU,Lithuania,2022,NE.GDI.TOTL.ZS,27.7670656238994
LTU,Lithuania,2021,NE.GDI.TOTL.ZS,21.8250880021544
LTU,Lithuania,2020,NE.GDI.TOTL.ZS,16.5198227850463
LTU,Lithuania,2019,NE.GDI.TOTL.ZS,19.5803862338798
LTU,Lithuania,2018,NE.GDI.TOTL.ZS,22.4066386338902
LTU,Lithuania,2017,NE.GDI.TOTL.ZS,20.480115803004
LTU,Lithuania,2016,NE.GDI.TOTL.ZS,20.2876398712687
LTU,Lithuania,2015,NE.GDI.TOTL.ZS,22.5552269115381
LTU,Lithuania,2014,NE.GDI.TOTL.ZS,20.3004773754029
LTU,Lithuania,2013,NE.GDI.TOTL.ZS,20.4182900930827
LTU,Lithuania,2012,NE.GDI.TOTL.ZS,20.2704080461532
LTU,Lithuania,2011,NE.GDI.TOTL.ZS,22.3672029077554
LTU,Lithuania,2010,NE.GDI.TOTL.ZS,17.8578010235461
LTU,Lithuania,2009,NE.GDI.TOTL.ZS,12.9798453346191
LTU,Lithuania,2008,NE.GDI.TOTL.ZS,28.2461520781263
LTU,Lithuania,2007,NE.GDI.TOTL.ZS,32.4396749969277
LTU,Lithuania,2006,NE.GDI.TOTL.ZS,26.8802630577834
LTU,Lithuania,2005,NE.GDI.TOTL.ZS,24.4085431146972
LUX,Luxembourg,2025,NE.GDI.TOTL.ZS,15.5020257191959
LUX,Luxembourg,2024,NE.GDI.TOTL.ZS,15.8427821306684
LUX,Luxembourg,2023,NE.GDI.TOTL.ZS,16.4259109763361
LUX,Luxembourg,2022,NE.GDI.TOTL.ZS,17.0331766630247
LUX,Luxembourg,2021,NE.GDI.TOTL.ZS,18.6878759943301
LUX,Luxembourg,2020,NE.GDI.TOTL.ZS,17.9294900539992
LUX,Luxembourg,2019,NE.GDI.TOTL.ZS,18.653116084379
LUX,Luxembourg,2018,NE.GDI.TOTL.ZS,16.9949135422123
LUX,Luxembourg,2017,NE.GDI.TOTL.ZS,18.8897175502242
LUX,Luxembourg,2016,NE.GDI.TOTL.ZS,17.9319132619894
LUX,Luxembourg,2015,NE.GDI.TOTL.ZS,18.9585060879567
LUX,Luxembourg,2014,NE.GDI.TOTL.ZS,19.0935860222457
LUX,Luxembourg,2013,NE.GDI.TOTL.ZS,18.1453726914237
LUX,Luxembourg,2012,NE.GDI.TOTL.ZS,18.7523048822473
LUX,Luxembourg,2011,NE.GDI.TOTL.ZS,19.2687977063888
LUX,Luxembourg,2010,NE.GDI.TOTL.ZS,18.0831934936242
LUX,Luxembourg,2009,NE.GDI.TOTL.ZS,16.1829007965354
LUX,Luxembourg,2008,NE.GDI.TOTL.ZS,20.5796394806551
LUX,Luxembourg,2007,NE.GDI.TOTL.ZS,19.5133253491461
LUX,Luxembourg,2006,NE.GDI.TOTL.ZS,19.0038721522318
LUX,Luxembourg,2005,NE.GDI.TOTL.ZS,21.5102395359257
MAC,"Macao SAR, China",2025,NE.GDI.TOTL.ZS,12.2514591905081
MAC,"Macao SAR, China",2024,NE.GDI.TOTL.ZS,14.0846664654392
MAC,"Macao SAR, China",2023,NE.GDI.TOTL.ZS,15.2974689049317
MAC,"Macao SAR, China",2022,NE.GDI.TOTL.ZS,23.2050134288272
MAC,"Macao SAR, China",2021,NE.GDI.TOTL.ZS,23.0842314294918
MAC,"Macao SAR, China",2020,NE.GDI.TOTL.ZS,26.1685250836783
MAC,"Macao SAR, China",2019,NE.GDI.TOTL.ZS,14.1724783202989
MAC,"Macao SAR, China",2018,NE.GDI.TOTL.ZS,17.2841449919479
MAC,"Macao SAR, China",2017,NE.GDI.TOTL.ZS,19.6168290048652
MAC,"Macao SAR, China",2016,NE.GDI.TOTL.ZS,21.8986528399403
MAC,"Macao SAR, China",2015,NE.GDI.TOTL.ZS,25.3975906300422
MAC,"Macao SAR, China",2014,NE.GDI.TOTL.ZS,19.7863412477179
MAC,"Macao SAR, China",2013,NE.GDI.TOTL.ZS,14.0629589797994
MAC,"Macao SAR, China",2012,NE.GDI.TOTL.ZS,14.6458075564532
MAC,"Macao SAR, China",2011,NE.GDI.TOTL.ZS,13.7719909836121
MAC,"Macao SAR, China",2010,NE.GDI.TOTL.ZS,13.2455224408891
MAC,"Macao SAR, China",2009,NE.GDI.TOTL.ZS,18.5036286743591
MAC,"Macao SAR, China",2008,NE.GDI.TOTL.ZS,30.4045920575905
MAC,"Macao SAR, China",2007,NE.GDI.TOTL.ZS,36.5478705097145
MAC,"Macao SAR, China",2006,NE.GDI.TOTL.ZS,33.5204261683499
MAC,"Macao SAR, China",2005,NE.GDI.TOTL.ZS,25.5371349381512
MDG,Madagascar,2025,NE.GDI.TOTL.ZS,24.1486885195054
MDG,Madagascar,2024,NE.GDI.TOTL.ZS,23.5534748884883
MDG,Madagascar,2023,NE.GDI.TOTL.ZS,21.4163392614893
MDG,Madagascar,2022,NE.GDI.TOTL.ZS,20.6166810711294
MDG,Madagascar,2021,NE.GDI.TOTL.ZS,16.3892313120054
MDG,Madagascar,2020,NE.GDI.TOTL.ZS,17.7153251097795
MDG,Madagascar,2019,NE.GDI.TOTL.ZS,22.6840481282938
MDG,Madagascar,2018,NE.GDI.TOTL.ZS,20.7029752412397
MDG,Madagascar,2017,NE.GDI.TOTL.ZS,15.8063768979378
MDG,Madagascar,2016,NE.GDI.TOTL.ZS,16.3659933893067
MDG,Madagascar,2015,NE.GDI.TOTL.ZS,15.9918879278761
MDG,Madagascar,2014,NE.GDI.TOTL.ZS,16.4906896464725
MDG,Madagascar,2013,NE.GDI.TOTL.ZS,16.5129132509756
MDG,Madagascar,2012,NE.GDI.TOTL.ZS,20.1689187861962
MDG,Madagascar,2011,NE.GDI.TOTL.ZS,23.3511667280009
MDG,Madagascar,2010,NE.GDI.TOTL.ZS,27.0273897318508
MDG,Madagascar,2009,NE.GDI.TOTL.ZS,37.2218957020948
MDG,Madagascar,2008,NE.GDI.TOTL.ZS,38.7460962157139
MDG,Madagascar,2007,NE.GDI.TOTL.ZS,26.5179313396028
MDG,Madagascar,2006,NE.GDI.TOTL.ZS,20.3112680040621
MDG,Madagascar,2005,NE.GDI.TOTL.ZS,19.3271126967742
MWI,Malawi,2025,NE.GDI.TOTL.ZS,15.7335546496801
MWI,Malawi,2024,NE.GDI.TOTL.ZS,13.7207306888371
MWI,Malawi,2023,NE.GDI.TOTL.ZS,14.4830771619003
MWI,Malawi,2022,NE.GDI.TOTL.ZS,15.9327969038503
MWI,Malawi,2021,NE.GDI.TOTL.ZS,16.915576065163
MWI,Malawi,2020,NE.GDI.TOTL.ZS,16.7106351396417
MWI,Malawi,2019,NE.GDI.TOTL.ZS,21.9119103002645
MWI,Malawi,2018,NE.GDI.TOTL.ZS,21.276061190562
MWI,Malawi,2017,NE.GDI.TOTL.ZS,20.2873149467203
MYS,Malaysia,2025,NE.GDI.TOTL.ZS,20.4609568977283
MYS,Malaysia,2024,NE.GDI.TOTL.ZS,21.9538831069426
MYS,Malaysia,2023,NE.GDI.TOTL.ZS,22.8017590224926
MYS,Malaysia,2022,NE.GDI.TOTL.ZS,23.5862921622175
MYS,Malaysia,2021,NE.GDI.TOTL.ZS,22.1257083996672
MYS,Malaysia,2020,NE.GDI.TOTL.ZS,19.6580082281542
MYS,Malaysia,2019,NE.GDI.TOTL.ZS,21.0482403944815
MYS,Malaysia,2018,NE.GDI.TOTL.ZS,23.8974199608763
MYS,Malaysia,2017,NE.GDI.TOTL.ZS,25.5473434515187
MYS,Malaysia,2016,NE.GDI.TOTL.ZS,25.9955119994004
MYS,Malaysia,2015,NE.GDI.TOTL.ZS,25.424263277142
MYS,Malaysia,2014,NE.GDI.TOTL.ZS,24.9776084262813
MYS,Malaysia,2013,NE.GDI.TOTL.ZS,25.9371066959614
MYS,Malaysia,2012,NE.GDI.TOTL.ZS,25.7486213670602
MYS,Malaysia,2011,NE.GDI.TOTL.ZS,23.1882579658738
MYS,Malaysia,2010,NE.GDI.TOTL.ZS,23.3865410976414
MYS,Malaysia,2009,NE.GDI.TOTL.ZS,17.8356949570531
MYS,Malaysia,2008,NE.GDI.TOTL.ZS,21.4583043811993
MYS,Malaysia,2007,NE.GDI.TOTL.ZS,23.4095349745995
MYS,Malaysia,2006,NE.GDI.TOTL.ZS,22.7035242231695
MYS,Malaysia,2005,NE.GDI.TOTL.ZS,22.3964178094036
MDV,Maldives,2024,NE.GDI.TOTL.ZS,30.7946843948579
MDV,Maldives,2023,NE.GDI.TOTL.ZS,33.0509347055178
MDV,Maldives,2022,NE.GDI.TOTL.ZS,32.9897963177697
MDV,Maldives,2021,NE.GDI.TOTL.ZS,25.1856622862565
MDV,Maldives,2020,NE.GDI.TOTL.ZS,35.5119966004124
MDV,Maldives,2019,NE.GDI.TOTL.ZS,43.161162875967
MDV,Maldives,2018,NE.GDI.TOTL.ZS,48.970177770723
MDV,Maldives,2017,NE.GDI.TOTL.ZS,42.8197158524795
MDV,Maldives,2016,NE.GDI.TOTL.ZS,39.7662853405846
MDV,Maldives,2015,NE.GDI.TOTL.ZS,31.9049232315583
MDV,Maldives,2014,NE.GDI.TOTL.ZS,27.8611798197388
MLI,Mali,2025,NE.GDI.TOTL.ZS,20.0219072254101
MLI,Mali,2024,NE.GDI.TOTL.ZS,19.6106510841777
MLI,Mali,2023,NE.GDI.TOTL.ZS,21.6677146022336
MLI,Mali,2022,NE.GDI.TOTL.ZS,22.1819624772823
MLI,Mali,2021,NE.GDI.TOTL.ZS,23.8157419439418
MLI,Mali,2020,NE.GDI.TOTL.ZS,20.6517365321331
MLI,Mali,2019,NE.GDI.TOTL.ZS,26.5074433150938
MLI,Mali,2018,NE.GDI.TOTL.ZS,24.4943978534371
MLI,Mali,2017,NE.GDI.TOTL.ZS,25.5449834134051
MLI,Mali,2016,NE.GDI.TOTL.ZS,27.3161677115008
MLI,Mali,2015,NE.GDI.TOTL.ZS,24.8949550301917
MLI,Mali,2014,NE.GDI.TOTL.ZS,26.6250818543634
MLI,Mali,2013,NE.GDI.TOTL.ZS,24.1390637304381
MLI,Mali,2012,NE.GDI.TOTL.ZS,20.6933650613648
MLI,Mali,2011,NE.GDI.TOTL.ZS,24.1469415010421
MLI,Mali,2010,NE.GDI.TOTL.ZS,23.0142230991055
MLI,Mali,2009,NE.GDI.TOTL.ZS,22.2671172994776
MLI,Mali,2008,NE.GDI.TOTL.ZS,21.5543695860478
MLI,Mali,2007,NE.GDI.TOTL.ZS,18.814710371272
MLI,Mali,2006,NE.GDI.TOTL.ZS,21.1808010886194
MLI,Mali,2005,NE.GDI.TOTL.ZS,16.462314211956
MLT,Malta,2025,NE.GDI.TOTL.ZS,18.7083963999154
MLT,Malta,2024,NE.GDI.TOTL.ZS,19.0100576140936
MLT,Malta,2023,NE.GDI.TOTL.ZS,19.8659007493501
MLT,Malta,2022,NE.GDI.TOTL.ZS,26.352253013656
MLT,Malta,2021,NE.GDI.TOTL.ZS,23.0546047465186
MLT,Malta,2020,NE.GDI.TOTL.ZS,20.1169017858745
MLT,Malta,2019,NE.GDI.TOTL.ZS,20.9696312132109
MLT,Malta,2018,NE.GDI.TOTL.ZS,19.6534110624299
MLT,Malta,2017,NE.GDI.TOTL.ZS,19.1594164288903
MLT,Malta,2016,NE.GDI.TOTL.ZS,21.940176272756
MLT,Malta,2015,NE.GDI.TOTL.ZS,23.4549259783373
MLT,Malta,2014,NE.GDI.TOTL.ZS,15.9078608339013
MLT,Malta,2013,NE.GDI.TOTL.ZS,17.0987627782599
MLT,Malta,2012,NE.GDI.TOTL.ZS,19.2733850981835
MLT,Malta,2011,NE.GDI.TOTL.ZS,17.5046050197968
MLT,Malta,2010,NE.GDI.TOTL.ZS,21.8643918682215
MLT,Malta,2009,NE.GDI.TOTL.ZS,21.2352843365613
MLT,Malta,2008,NE.GDI.TOTL.ZS,22.2299767218029
MLT,Malta,2007,NE.GDI.TOTL.ZS,22.5228776793051
MLT,Malta,2006,NE.GDI.TOTL.ZS,20.9091269140409
MLT,Malta,2005,NE.GDI.TOTL.ZS,26.7956402658111
MHL,Marshall Islands,2024,NE.GDI.TOTL.ZS,21.1154736842105
MHL,Marshall Islands,2023,NE.GDI.TOTL.ZS,19.2791666666667
MHL,Marshall Islands,2022,NE.GDI.TOTL.ZS,26.4394227814636
MHL,Marshall Islands,2021,NE.GDI.TOTL.ZS,19.6887601891707
MHL,Marshall Islands,2020,NE.GDI.TOTL.ZS,20.6942928039702
MHL,Marshall Islands,2019,NE.GDI.TOTL.ZS,53.1513954486904
MHL,Marshall Islands,2018,NE.GDI.TOTL.ZS,22.6444090909091
MHL,Marshall Islands,2017,NE.GDI.TOTL.ZS,22.6604117922321
MHL,Marshall Islands,2016,NE.GDI.TOTL.ZS,20.8306243805748
MHL,Marshall Islands,2015,NE.GDI.TOTL.ZS,17.3935220468155
MHL,Marshall Islands,2014,NE.GDI.TOTL.ZS,20.4606989247312
MHL,Marshall Islands,2013,NE.GDI.TOTL.ZS,24.3244098712446
MHL,Marshall Islands,2012,NE.GDI.TOTL.ZS,12.9106253458771
MHL,Marshall Islands,2011,NE.GDI.TOTL.ZS,23.0809053975624
MHL,Marshall Islands,2010,NE.GDI.TOTL.ZS,42.5252017380509
MHL,Marshall Islands,2009,NE.GDI.TOTL.ZS,37.831746031746
MHL,Marshall Islands,2008,NE.GDI.TOTL.ZS,19.8806275579809
MHL,Marshall Islands,2007,NE.GDI.TOTL.ZS,26.6901661129568
MHL,Marshall Islands,2006,NE.GDI.TOTL.ZS,29.1949022346369
MHL,Marshall Islands,2005,NE.GDI.TOTL.ZS,18.0334057971014
MRT,Mauritania,2025,NE.GDI.TOTL.ZS,44.3274839153538
MRT,Mauritania,2024,NE.GDI.TOTL.ZS,43.0818501467663
MRT,Mauritania,2023,NE.GDI.TOTL.ZS,44.5439783104002
MRT,Mauritania,2022,NE.GDI.TOTL.ZS,49.0681215273204
MRT,Mauritania,2021,NE.GDI.TOTL.ZS,40.6159856690742
MRT,Mauritania,2020,NE.GDI.TOTL.ZS,38.6593231676652
MRT,Mauritania,2019,NE.GDI.TOTL.ZS,40.0113579283691
MRT,Mauritania,2018,NE.GDI.TOTL.ZS,46.4331362118471
MRT,Mauritania,2017,NE.GDI.TOTL.ZS,37.8824922383055
MRT,Mauritania,2016,NE.GDI.TOTL.ZS,31.2776418660843
MRT,Mauritania,2015,NE.GDI.TOTL.ZS,38.4614769908791
MRT,Mauritania,2014,NE.GDI.TOTL.ZS,41.7967195897633
MRT,Mauritania,2013,NE.GDI.TOTL.ZS,47.5574424488877
MRT,Mauritania,2012,NE.GDI.TOTL.ZS,49.1668225188386
MRT,Mauritania,2011,NE.GDI.TOTL.ZS,38.6535658588818
MRT,Mauritania,2010,NE.GDI.TOTL.ZS,32.2510831347375
MRT,Mauritania,2009,NE.GDI.TOTL.ZS,26.4330171849138
MRT,Mauritania,2008,NE.GDI.TOTL.ZS,33.0199276284352
MRT,Mauritania,2007,NE.GDI.TOTL.ZS,28.1438610238182
MRT,Mauritania,2006,NE.GDI.TOTL.ZS,26.0006568835603
MRT,Mauritania,2005,NE.GDI.TOTL.ZS,48.9053399953357
MUS,Mauritius,2025,NE.GDI.TOTL.ZS,19.9019119764266
MUS,Mauritius,2024,NE.GDI.TOTL.ZS,21.0802702839135
MUS,Mauritius,2023,NE.GDI.TOTL.ZS,19.9232351140484
MUS,Mauritius,2022,NE.GDI.TOTL.ZS,20.411044705092
MUS,Mauritius,2021,NE.GDI.TOTL.ZS,19.5586402172747
MUS,Mauritius,2020,NE.GDI.TOTL.ZS,17.9660771142475
MUS,Mauritius,2019,NE.GDI.TOTL.ZS,19.1587201983377
MUS,Mauritius,2018,NE.GDI.TOTL.ZS,18.5929173028616
MUS,Mauritius,2017,NE.GDI.TOTL.ZS,17.4349834928399
MUS,Mauritius,2016,NE.GDI.TOTL.ZS,17.0515093773708
MUS,Mauritius,2015,NE.GDI.TOTL.ZS,17.2696292161448
MUS,Mauritius,2014,NE.GDI.TOTL.ZS,18.8434092990307
MUS,Mauritius,2013,NE.GDI.TOTL.ZS,21.2822749430924
MUS,Mauritius,2012,NE.GDI.TOTL.ZS,24.0434130852371
MUS,Mauritius,2011,NE.GDI.TOTL.ZS,23.620010739216
MUS,Mauritius,2010,NE.GDI.TOTL.ZS,26.7282315985642
MUS,Mauritius,2009,NE.GDI.TOTL.ZS,23.4178006085967
MUS,Mauritius,2008,NE.GDI.TOTL.ZS,25.0021689113453
MUS,Mauritius,2007,NE.GDI.TOTL.ZS,25.58545976435
MUS,Mauritius,2006,NE.GDI.TOTL.ZS,25.1830348660985
MUS,Mauritius,2005,NE.GDI.TOTL.ZS,22.3668917324186
MEX,Mexico,2025,NE.GDI.TOTL.ZS,22.610982698175
MEX,Mexico,2024,NE.GDI.TOTL.ZS,23.9034064485777
MEX,Mexico,2023,NE.GDI.TOTL.ZS,23.3050041337289
MEX,Mexico,2022,NE.GDI.TOTL.ZS,22.7701948917166
MEX,Mexico,2021,NE.GDI.TOTL.ZS,21.7074939319357
MEX,Mexico,2020,NE.GDI.TOTL.ZS,20.2366593532112
MEX,Mexico,2019,NE.GDI.TOTL.ZS,22.1485426356359
MEX,Mexico,2018,NE.GDI.TOTL.ZS,23.4774930613878
MEX,Mexico,2017,NE.GDI.TOTL.ZS,23.8923507105876
MEX,Mexico,2016,NE.GDI.TOTL.ZS,24.3433923355958
MEX,Mexico,2015,NE.GDI.TOTL.ZS,23.7361297452632
MEX,Mexico,2014,NE.GDI.TOTL.ZS,22.2932759787798
MEX,Mexico,2013,NE.GDI.TOTL.ZS,22.6807316048179
MEX,Mexico,2012,NE.GDI.TOTL.ZS,24.3777390631793
MEX,Mexico,2011,NE.GDI.TOTL.ZS,24.2517581318792
MEX,Mexico,2010,NE.GDI.TOTL.ZS,23.3314894119207
MEX,Mexico,2009,NE.GDI.TOTL.ZS,23.2592508075838
MEX,Mexico,2008,NE.GDI.TOTL.ZS,24.1213158802068
MEX,Mexico,2007,NE.GDI.TOTL.ZS,23.0719146894422
MEX,Mexico,2006,NE.GDI.TOTL.ZS,22.5641029454858
MEX,Mexico,2005,NE.GDI.TOTL.ZS,21.5221459719898
MDA,Moldova,2025,NE.GDI.TOTL.ZS,24.1856235131564
MDA,Moldova,2024,NE.GDI.TOTL.ZS,22.3213195154173
MDA,Moldova,2023,NE.GDI.TOTL.ZS,20.084591001224
MDA,Moldova,2022,NE.GDI.TOTL.ZS,27.3104295249444
MDA,Moldova,2021,NE.GDI.TOTL.ZS,26.8561258664432
MDA,Moldova,2020,NE.GDI.TOTL.ZS,23.8644443526077
MDA,Moldova,2019,NE.GDI.TOTL.ZS,25.1036618823408
MDA,Moldova,2018,NE.GDI.TOTL.ZS,26.5918106703471
MDA,Moldova,2017,NE.GDI.TOTL.ZS,21.9389542125047
MDA,Moldova,2016,NE.GDI.TOTL.ZS,21.9868853235417
MDA,Moldova,2015,NE.GDI.TOTL.ZS,24.0620907895527
MDA,Moldova,2014,NE.GDI.TOTL.ZS,23.7825706600568
MDA,Moldova,2013,NE.GDI.TOTL.ZS,24.9382002000225
MDA,Moldova,2012,NE.GDI.TOTL.ZS,24.1985192443336
MDA,Moldova,2011,NE.GDI.TOTL.ZS,24.0486714251096
MDA,Moldova,2010,NE.GDI.TOTL.ZS,23.8517865932859
MDA,Moldova,2009,NE.GDI.TOTL.ZS,23.1418973846398
MDA,Moldova,2008,NE.GDI.TOTL.ZS,39.227918692985
MDA,Moldova,2007,NE.GDI.TOTL.ZS,38.1055549316863
MDA,Moldova,2006,NE.GDI.TOTL.ZS,32.7480806184922
MDA,Moldova,2005,NE.GDI.TOTL.ZS,30.8255630510995
MNG,Mongolia,2025,NE.GDI.TOTL.ZS,31.4134320394491
MNG,Mongolia,2024,NE.GDI.TOTL.ZS,35.5452639328236
MNG,Mongolia,2023,NE.GDI.TOTL.ZS,33.9003731595217
MNG,Mongolia,2022,NE.GDI.TOTL.ZS,42.3321000384678
MNG,Mongolia,2021,NE.GDI.TOTL.ZS,36.7190295728399
MNG,Mongolia,2020,NE.GDI.TOTL.ZS,22.3835976647751
MNG,Mongolia,2019,NE.GDI.TOTL.ZS,35.591845156927
MNG,Mongolia,2018,NE.GDI.TOTL.ZS,39.3779275132102
MNG,Mongolia,2017,NE.GDI.TOTL.ZS,27.4062542965908
MNG,Mongolia,2016,NE.GDI.TOTL.ZS,22.6294099437432
MNG,Mongolia,2015,NE.GDI.TOTL.ZS,24.5138485191018
MNG,Mongolia,2014,NE.GDI.TOTL.ZS,35.1752976434075
MNG,Mongolia,2013,NE.GDI.TOTL.ZS,53.2757084028233
MNG,Mongolia,2012,NE.GDI.TOTL.ZS,55.8986192180437
MNG,Mongolia,2011,NE.GDI.TOTL.ZS,58.1507247959228
MNG,Mongolia,2010,NE.GDI.TOTL.ZS,42.0869542882428
MNG,Mongolia,2009,NE.GDI.TOTL.ZS,34.3709459159075
MNG,Mongolia,2008,NE.GDI.TOTL.ZS,43.5661414829151
MNG,Mongolia,2007,NE.GDI.TOTL.ZS,38.7051385960366
MNG,Mongolia,2006,NE.GDI.TOTL.ZS,35.8851879544863
MNG,Mongolia,2005,NE.GDI.TOTL.ZS,37.528559156119
MNE,Montenegro,2025,NE.GDI.TOTL.ZS,26.9347425678931
MNE,Montenegro,2024,NE.GDI.TOTL.ZS,25.880193688808
MNE,Montenegro,2023,NE.GDI.TOTL.ZS,25.4474865908397
MNE,Montenegro,2022,NE.GDI.TOTL.ZS,27.5825933417284
MNE,Montenegro,2021,NE.GDI.TOTL.ZS,25.4685729632185
MNE,Montenegro,2020,NE.GDI.TOTL.ZS,30.0875172767022
MNE,Montenegro,2019,NE.GDI.TOTL.ZS,30.9122493495261
MNE,Montenegro,2018,NE.GDI.TOTL.ZS,31.3513275722887
MNE,Montenegro,2017,NE.GDI.TOTL.ZS,28.6467194795715
MNE,Montenegro,2016,NE.GDI.TOTL.ZS,24.9598939884942
MNE,Montenegro,2015,NE.GDI.TOTL.ZS,19.7357949684861
MNE,Montenegro,2014,NE.GDI.TOTL.ZS,19.4950094143958
MNE,Montenegro,2013,NE.GDI.TOTL.ZS,18.8466986569303
MNE,Montenegro,2012,NE.GDI.TOTL.ZS,20.0742817028936
MNE,Montenegro,2011,NE.GDI.TOTL.ZS,19.1045005763001
MNE,Montenegro,2010,NE.GDI.TOTL.ZS,22.2701240129796
MNE,Montenegro,2009,NE.GDI.TOTL.ZS,26.6711101832825
MNE,Montenegro,2008,NE.GDI.TOTL.ZS,40.8364739584696
MNE,Montenegro,2007,NE.GDI.TOTL.ZS,34.4986756450316
MNE,Montenegro,2006,NE.GDI.TOTL.ZS,23.6547243870948
MNE,Montenegro,2005,NE.GDI.TOTL.ZS,17.7265048810079
MAR,Morocco,2025,NE.GDI.TOTL.ZS,31.8712471269796
MAR,Morocco,2024,NE.GDI.TOTL.ZS,30.0743550064848
MAR,Morocco,2023,NE.GDI.TOTL.ZS,28.9983598724931
MAR,Morocco,2022,NE.GDI.TOTL.ZS,30.4603014984939
MAR,Morocco,2021,NE.GDI.TOTL.ZS,30.6763551818437
MAR,Morocco,2020,NE.GDI.TOTL.ZS,28.7769734233308
MAR,Morocco,2019,NE.GDI.TOTL.ZS,30.594933523466
MAR,Morocco,2018,NE.GDI.TOTL.ZS,32.1395672992051
MAR,Morocco,2017,NE.GDI.TOTL.ZS,31.658071451264
MAR,Morocco,2016,NE.GDI.TOTL.ZS,31.9579912798641
MAR,Morocco,2015,NE.GDI.TOTL.ZS,30.1771882324678
MAR,Morocco,2014,NE.GDI.TOTL.ZS,30.7742542343433
MAR,Morocco,2013,NE.GDI.TOTL.ZS,32.0046200923723
MAR,Morocco,2012,NE.GDI.TOTL.ZS,32.1793544302158
MAR,Morocco,2011,NE.GDI.TOTL.ZS,32.9462436922694
MAR,Morocco,2010,NE.GDI.TOTL.ZS,31.4907166374774
MAR,Morocco,2009,NE.GDI.TOTL.ZS,32.1852748633952
MAR,Morocco,2008,NE.GDI.TOTL.ZS,35.5127958030057
MAR,Morocco,2007,NE.GDI.TOTL.ZS,30.8038848648652
MAR,Morocco,2006,NE.GDI.TOTL.ZS,27.9527831008725
MAR,Morocco,2005,NE.GDI.TOTL.ZS,27.4168142643006
MOZ,Mozambique,2025,NE.GDI.TOTL.ZS,24.1957507116392
MOZ,Mozambique,2024,NE.GDI.TOTL.ZS,17.6548787639945
MOZ,Mozambique,2023,NE.GDI.TOTL.ZS,19.5292827735495
MOZ,Mozambique,2022,NE.GDI.TOTL.ZS,43.2027361159671
MOZ,Mozambique,2021,NE.GDI.TOTL.ZS,40.369313777893
MOZ,Mozambique,2020,NE.GDI.TOTL.ZS,44.8266764679686
MOZ,Mozambique,2019,NE.GDI.TOTL.ZS,40.8461199313593
MOZ,Mozambique,2018,NE.GDI.TOTL.ZS,45.9807658182121
MOZ,Mozambique,2017,NE.GDI.TOTL.ZS,32.2043068430655
MOZ,Mozambique,2016,NE.GDI.TOTL.ZS,46.2803958702032
MOZ,Mozambique,2015,NE.GDI.TOTL.ZS,42.245787501845
MOZ,Mozambique,2014,NE.GDI.TOTL.ZS,53.6431747577994
MOZ,Mozambique,2013,NE.GDI.TOTL.ZS,56.3958108944659
MOZ,Mozambique,2012,NE.GDI.TOTL.ZS,50.5904295928331
MOZ,Mozambique,2011,NE.GDI.TOTL.ZS,29.4060839527514
MOZ,Mozambique,2010,NE.GDI.TOTL.ZS,23.195521262122
MOZ,Mozambique,2009,NE.GDI.TOTL.ZS,19.7560524022268
MOZ,Mozambique,2008,NE.GDI.TOTL.ZS,22.0302459322751
MOZ,Mozambique,2007,NE.GDI.TOTL.ZS,22.3504915090903
MOZ,Mozambique,2006,NE.GDI.TOTL.ZS,23.9349486697295
MOZ,Mozambique,2005,NE.GDI.TOTL.ZS,25.3698573633999
NAM,Namibia,2025,NE.GDI.TOTL.ZS,18.6754345701553
NAM,Namibia,2024,NE.GDI.TOTL.ZS,26.0132027492657
NAM,Namibia,2023,NE.GDI.TOTL.ZS,28.1048075110968
NAM,Namibia,2022,NE.GDI.TOTL.ZS,19.9742056445263
NAM,Namibia,2021,NE.GDI.TOTL.ZS,17.5126568387859
NAM,Namibia,2020,NE.GDI.TOTL.ZS,13.9292034235476
NAM,Namibia,2019,NE.GDI.TOTL.ZS,15.3291127102813
NAM,Namibia,2018,NE.GDI.TOTL.ZS,14.9163471003735
NAM,Namibia,2017,NE.GDI.TOTL.ZS,17.7664956160323
NAM,Namibia,2016,NE.GDI.TOTL.ZS,22.0299428254904
NAM,Namibia,2015,NE.GDI.TOTL.ZS,30.5564396891943
NAM,Namibia,2014,NE.GDI.TOTL.ZS,34.7765509650404
NAM,Namibia,2013,NE.GDI.TOTL.ZS,29.3954197576571
NAM,Namibia,2012,NE.GDI.TOTL.ZS,26.7226689596707
NAM,Namibia,2011,NE.GDI.TOTL.ZS,22.0540088688971
NAM,Namibia,2010,NE.GDI.TOTL.ZS,23.7799989593426
NAM,Namibia,2009,NE.GDI.TOTL.ZS,26.1159251664954
NAM,Namibia,2008,NE.GDI.TOTL.ZS,27.4739234636227
NAM,Namibia,2007,NE.GDI.TOTL.ZS,24.0613337128992
NAM,Namibia,2006,NE.GDI.TOTL.ZS,22.2120214706566
NAM,Namibia,2005,NE.GDI.TOTL.ZS,19.669813393528
NPL,Nepal,2025,NE.GDI.TOTL.ZS,29.4037590216874
NPL,Nepal,2024,NE.GDI.TOTL.ZS,28.6012768197284
NPL,Nepal,2023,NE.GDI.TOTL.ZS,31.1493001530125
NPL,Nepal,2022,NE.GDI.TOTL.ZS,37.6438482531547
NPL,Nepal,2021,NE.GDI.TOTL.ZS,35.1635974648362
NPL,Nepal,2020,NE.GDI.TOTL.ZS,30.4402815093929
NPL,Nepal,2019,NE.GDI.TOTL.ZS,41.3787409098363
NPL,Nepal,2018,NE.GDI.TOTL.ZS,39.5478003347409
NPL,Nepal,2017,NE.GDI.TOTL.ZS,37.3250540069226
NPL,Nepal,2016,NE.GDI.TOTL.ZS,28.2409992005605
NPL,Nepal,2015,NE.GDI.TOTL.ZS,31.2774348228797
NPL,Nepal,2014,NE.GDI.TOTL.ZS,30.9860882254147
NPL,Nepal,2013,NE.GDI.TOTL.ZS,29.6766090182884
NPL,Nepal,2012,NE.GDI.TOTL.ZS,28.6027052424868
NPL,Nepal,2011,NE.GDI.TOTL.ZS,27.8102444811636
NPL,Nepal,2010,NE.GDI.TOTL.ZS,38.271206448162
NPL,Nepal,2009,NE.GDI.TOTL.ZS,31.6743770945651
NPL,Nepal,2008,NE.GDI.TOTL.ZS,30.3156469991099
NPL,Nepal,2007,NE.GDI.TOTL.ZS,28.6852507532697
NPL,Nepal,2006,NE.GDI.TOTL.ZS,26.8519028137059
NPL,Nepal,2005,NE.GDI.TOTL.ZS,26.4511581033301
NLD,Netherlands,2025,NE.GDI.TOTL.ZS,19.8199511979231
NLD,Netherlands,2024,NE.GDI.TOTL.ZS,19.673967025785
NLD,Netherlands,2023,NE.GDI.TOTL.ZS,20.0805040885297
NLD,Netherlands,2022,NE.GDI.TOTL.ZS,22.8632951641142
NLD,Netherlands,2021,NE.GDI.TOTL.ZS,22.1938197521171
NLD,Netherlands,2020,NE.GDI.TOTL.ZS,21.3519779830807
NLD,Netherlands,2019,NE.GDI.TOTL.ZS,21.7580356895369
NLD,Netherlands,2018,NE.GDI.TOTL.ZS,20.4804432515785
NLD,Netherlands,2017,NE.GDI.TOTL.ZS,20.2151929584837
NLD,Netherlands,2016,NE.GDI.TOTL.ZS,19.7764432256049
NLD,Netherlands,2015,NE.GDI.TOTL.ZS,22.1699860549934
NLD,Netherlands,2014,NE.GDI.TOTL.ZS,17.7066341303839
NLD,Netherlands,2013,NE.GDI.TOTL.ZS,18.3607360340882
NLD,Netherlands,2012,NE.GDI.TOTL.ZS,18.5826577863124
NLD,Netherlands,2011,NE.GDI.TOTL.ZS,19.9116480923396
NLD,Netherlands,2010,NE.GDI.TOTL.ZS,20.0371060399178
NLD,Netherlands,2009,NE.GDI.TOTL.ZS,20.5767305168581
NLD,Netherlands,2008,NE.GDI.TOTL.ZS,22.2059299952863
NLD,Netherlands,2007,NE.GDI.TOTL.ZS,23.2286138653607
NLD,Netherlands,2006,NE.GDI.TOTL.ZS,20.9352721280667
NLD,Netherlands,2005,NE.GDI.TOTL.ZS,20.3913422355285
NCL,New Caledonia,2024,NE.GDI.TOTL.ZS,22.1189475397667
NCL,New Caledonia,2023,NE.GDI.TOTL.ZS,25.5600389239332
NCL,New Caledonia,2022,NE.GDI.TOTL.ZS,26.1746329029304
NCL,New Caledonia,2021,NE.GDI.TOTL.ZS,26.2186187204724
NCL,New Caledonia,2020,NE.GDI.TOTL.ZS,27.3169426464646
NCL,New Caledonia,2019,NE.GDI.TOTL.ZS,29.4565600495049
NCL,New Caledonia,2018,NE.GDI.TOTL.ZS,27.5984468
NCL,New Caledonia,2017,NE.GDI.TOTL.ZS,27.7917371370667
NCL,New Caledonia,2016,NE.GDI.TOTL.ZS,29.2358447236138
NCL,New Caledonia,2015,NE.GDI.TOTL.ZS,34.7225325646771
NCL,New Caledonia,2014,NE.GDI.TOTL.ZS,35.603196951695
NCL,New Caledonia,2013,NE.GDI.TOTL.ZS,39.3440879548823
NCL,New Caledonia,2012,NE.GDI.TOTL.ZS,40.917085959253
NCL,New Caledonia,2011,NE.GDI.TOTL.ZS,41.6650421162352
NCL,New Caledonia,2010,NE.GDI.TOTL.ZS,42.4438821088297
NCL,New Caledonia,2009,NE.GDI.TOTL.ZS,34.0404047185836
NCL,New Caledonia,2008,NE.GDI.TOTL.ZS,41.3029052100014
NCL,New Caledonia,2007,NE.GDI.TOTL.ZS,37.5729019029881
NCL,New Caledonia,2006,NE.GDI.TOTL.ZS,33.8730980715663
NCL,New Caledonia,2005,NE.GDI.TOTL.ZS,29.8467414376013
NZL,New Zealand,2024,NE.GDI.TOTL.ZS,23.0928035475405
NZL,New Zealand,2023,NE.GDI.TOTL.ZS,24.0870929494473
NZL,New Zealand,2022,NE.GDI.TOTL.ZS,26.4295090374982
NZL,New Zealand,2021,NE.GDI.TOTL.ZS,25.2306071190627
NZL,New Zealand,2020,NE.GDI.TOTL.ZS,23.2586206372416
NZL,New Zealand,2019,NE.GDI.TOTL.ZS,23.9174996367189
NZL,New Zealand,2018,NE.GDI.TOTL.ZS,24.1621704646094
NZL,New Zealand,2017,NE.GDI.TOTL.ZS,23.8520623148973
NZL,New Zealand,2016,NE.GDI.TOTL.ZS,23.2879639009117
NZL,New Zealand,2015,NE.GDI.TOTL.ZS,23.28475410927
NZL,New Zealand,2014,NE.GDI.TOTL.ZS,23.1338827182611
NZL,New Zealand,2013,NE.GDI.TOTL.ZS,22.2334842250835
NZL,New Zealand,2012,NE.GDI.TOTL.ZS,21.3145078742868
NZL,New Zealand,2011,NE.GDI.TOTL.ZS,20.6685518929642
NZL,New Zealand,2010,NE.GDI.TOTL.ZS,20.3756573267404
NZL,New Zealand,2009,NE.GDI.TOTL.ZS,19.926477761063
NZL,New Zealand,2008,NE.GDI.TOTL.ZS,22.9039037931743
NZL,New Zealand,2007,NE.GDI.TOTL.ZS,24.7759451018626
NZL,New Zealand,2006,NE.GDI.TOTL.ZS,23.7593311783447
NZL,New Zealand,2005,NE.GDI.TOTL.ZS,25.4208681883182
NIC,Nicaragua,2025,NE.GDI.TOTL.ZS,25.7585096351916
NIC,Nicaragua,2024,NE.GDI.TOTL.ZS,24.7470686435037
NIC,Nicaragua,2023,NE.GDI.TOTL.ZS,22.1543607329369
NIC,Nicaragua,2022,NE.GDI.TOTL.ZS,21.7441862253622
NIC,Nicaragua,2021,NE.GDI.TOTL.ZS,23.78892500667
NIC,Nicaragua,2020,NE.GDI.TOTL.ZS,20.3366366143416
NIC,Nicaragua,2019,NE.GDI.TOTL.ZS,17.831076630152
NIC,Nicaragua,2018,NE.GDI.TOTL.ZS,24.0746137195471
NIC,Nicaragua,2017,NE.GDI.TOTL.ZS,29.9154305259361
NIC,Nicaragua,2016,NE.GDI.TOTL.ZS,31.2003868955466
NIC,Nicaragua,2015,NE.GDI.TOTL.ZS,33.4766376040407
NIC,Nicaragua,2014,NE.GDI.TOTL.ZS,28.8793454871994
NIC,Nicaragua,2013,NE.GDI.TOTL.ZS,30.9047521156944
NIC,Nicaragua,2012,NE.GDI.TOTL.ZS,31.0116770587447
NIC,Nicaragua,2011,NE.GDI.TOTL.ZS,30.9826454263625
NIC,Nicaragua,2010,NE.GDI.TOTL.ZS,24.8398681398148
NIC,Nicaragua,2009,NE.GDI.TOTL.ZS,23.2004558310499
NIC,Nicaragua,2008,NE.GDI.TOTL.ZS,33.6019904976752
NIC,Nicaragua,2007,NE.GDI.TOTL.ZS,31.3040549268068
NIC,Nicaragua,2006,NE.GDI.TOTL.ZS,28.2526153890838
NIC,Nicaragua,2005,NE.GDI.TOTL.ZS,25.8852137273664
NER,Niger,2025,NE.GDI.TOTL.ZS,21.9767991617026
NER,Niger,2024,NE.GDI.TOTL.ZS,23.4971595485203
NER,Niger,2023,NE.GDI.TOTL.ZS,30.108863592484
NER,Niger,2022,NE.GDI.TOTL.ZS,33.7672235722905
NER,Niger,2021,NE.GDI.TOTL.ZS,31.7306770421115
NER,Niger,2020,NE.GDI.TOTL.ZS,32.5490666819081
NER,Niger,2019,NE.GDI.TOTL.ZS,34.4846899381682
NER,Niger,2018,NE.GDI.TOTL.ZS,32.8554436930846
NER,Niger,2017,NE.GDI.TOTL.ZS,29.3238973638956
NER,Niger,2016,NE.GDI.TOTL.ZS,29.7613155605302
NER,Niger,2015,NE.GDI.TOTL.ZS,32.3568228692158
NER,Niger,2014,NE.GDI.TOTL.ZS,31.1100819925506
NER,Niger,2013,NE.GDI.TOTL.ZS,29.7124814690798
NER,Niger,2012,NE.GDI.TOTL.ZS,29.3142436915252
NER,Niger,2011,NE.GDI.TOTL.ZS,31.613128828242
NER,Niger,2010,NE.GDI.TOTL.ZS,32.6404605165102
NER,Niger,2009,NE.GDI.TOTL.ZS,28.4722719649335
NER,Niger,2008,NE.GDI.TOTL.ZS,26.4435525343116
NER,Niger,2007,NE.GDI.TOTL.ZS,18.9137733233404
NER,Niger,2006,NE.GDI.TOTL.ZS,19.8084879016599
NER,Niger,2005,NE.GDI.TOTL.ZS,19.3354300345284
MKD,North Macedonia,2025,NE.GDI.TOTL.ZS,31.7227439150438
MKD,North Macedonia,2024,NE.GDI.TOTL.ZS,30.5962109009491
MKD,North Macedonia,2023,NE.GDI.TOTL.ZS,29.6278058870411
MKD,North Macedonia,2022,NE.GDI.TOTL.ZS,36.0166355424196
MKD,North Macedonia,2021,NE.GDI.TOTL.ZS,32.2207980039619
MKD,North Macedonia,2020,NE.GDI.TOTL.ZS,29.9173738943342
MKD,North Macedonia,2019,NE.GDI.TOTL.ZS,34.2601160992835
MKD,North Macedonia,2018,NE.GDI.TOTL.ZS,32.3288110664903
MKD,North Macedonia,2017,NE.GDI.TOTL.ZS,32.2729434757145
MKD,North Macedonia,2016,NE.GDI.TOTL.ZS,32.5096882119049
MKD,North Macedonia,2015,NE.GDI.TOTL.ZS,30.4035752494839
MKD,North Macedonia,2014,NE.GDI.TOTL.ZS,30.2952252615938
MKD,North Macedonia,2013,NE.GDI.TOTL.ZS,28.8080479626054
MKD,North Macedonia,2012,NE.GDI.TOTL.ZS,28.9271763841244
MKD,North Macedonia,2011,NE.GDI.TOTL.ZS,26.9131339592319
MKD,North Macedonia,2010,NE.GDI.TOTL.ZS,24.4680948373642
MKD,North Macedonia,2009,NE.GDI.TOTL.ZS,25.7424835151053
MKD,North Macedonia,2008,NE.GDI.TOTL.ZS,27.9327050543518
MKD,North Macedonia,2007,NE.GDI.TOTL.ZS,23.7126866171971
MKD,North Macedonia,2006,NE.GDI.TOTL.ZS,21.408135228766
MKD,North Macedonia,2005,NE.GDI.TOTL.ZS,19.845548830107
NOR,Norway,2025,NE.GDI.TOTL.ZS,23.2129704540775
NOR,Norway,2024,NE.GDI.TOTL.ZS,23.6657865827048
NOR,Norway,2023,NE.GDI.TOTL.ZS,23.6088047969408
NOR,Norway,2022,NE.GDI.TOTL.ZS,20.9971803030648
NOR,Norway,2021,NE.GDI.TOTL.ZS,23.4124848760523
NOR,Norway,2020,NE.GDI.TOTL.ZS,29.022434267812
NOR,Norway,2019,NE.GDI.TOTL.ZS,27.9153469198616
NOR,Norway,2018,NE.GDI.TOTL.ZS,25.9594681444999
NOR,Norway,2017,NE.GDI.TOTL.ZS,26.004345157941
NOR,Norway,2016,NE.GDI.TOTL.ZS,26.1648857958756
NOR,Norway,2015,NE.GDI.TOTL.ZS,25.5765362668571
NOR,Norway,2014,NE.GDI.TOTL.ZS,25.9804539858352
NOR,Norway,2013,NE.GDI.TOTL.ZS,26.1789626307442
NOR,Norway,2012,NE.GDI.TOTL.ZS,24.8841937099589
NOR,Norway,2011,NE.GDI.TOTL.ZS,24.4632060581118
NOR,Norway,2010,NE.GDI.TOTL.ZS,24.0082068030157
NOR,Norway,2009,NE.GDI.TOTL.ZS,23.4094315363354
NOR,Norway,2008,NE.GDI.TOTL.ZS,25.0626873295723
NOR,Norway,2007,NE.GDI.TOTL.ZS,25.9515026676628
NOR,Norway,2006,NE.GDI.TOTL.ZS,22.801746254571
NOR,Norway,2005,NE.GDI.TOTL.ZS,21.3471923026697
OMN,Oman,2024,NE.GDI.TOTL.ZS,24.8481263268644
OMN,Oman,2023,NE.GDI.TOTL.ZS,26.661898119622
OMN,Oman,2022,NE.GDI.TOTL.ZS,27.3208738967385
OMN,Oman,2021,NE.GDI.TOTL.ZS,27.8559089826066
OMN,Oman,2020,NE.GDI.TOTL.ZS,27.6206693345028
OMN,Oman,2019,NE.GDI.TOTL.ZS,26.8649178662351
OMN,Oman,2018,NE.GDI.TOTL.ZS,31.675193269668
OMN,Oman,2017,NE.GDI.TOTL.ZS,33.8433678359827
OMN,Oman,2016,NE.GDI.TOTL.ZS,36.0864748848963
OMN,Oman,2015,NE.GDI.TOTL.ZS,36.3715664991426
OMN,Oman,2014,NE.GDI.TOTL.ZS,28.6217693334979
OMN,Oman,2013,NE.GDI.TOTL.ZS,32.3564793929509
OMN,Oman,2012,NE.GDI.TOTL.ZS,30.2100349016772
OMN,Oman,2011,NE.GDI.TOTL.ZS,27.6617736879904
OMN,Oman,2010,NE.GDI.TOTL.ZS,29.3865546218487
OMN,Oman,2009,NE.GDI.TOTL.ZS,34.0609039447334
OMN,Oman,2008,NE.GDI.TOTL.ZS,42.0046274389994
OMN,Oman,2007,NE.GDI.TOTL.ZS,39.7555394017715
OMN,Oman,2006,NE.GDI.TOTL.ZS,33.6000635265804
OMN,Oman,2005,NE.GDI.TOTL.ZS,28.4118543259793
PAK,Pakistan,2025,NE.GDI.TOTL.ZS,14.2828081828942
PAK,Pakistan,2024,NE.GDI.TOTL.ZS,13.1992532780615
PAK,Pakistan,2023,NE.GDI.TOTL.ZS,13.9681470393061
PAK,Pakistan,2022,NE.GDI.TOTL.ZS,15.5605425943116
PAK,Pakistan,2021,NE.GDI.TOTL.ZS,14.5346921503021
PAK,Pakistan,2020,NE.GDI.TOTL.ZS,14.8155399944077
PAK,Pakistan,2019,NE.GDI.TOTL.ZS,15.4996449690024
PAK,Pakistan,2018,NE.GDI.TOTL.ZS,17.0682908414203
PAK,Pakistan,2017,NE.GDI.TOTL.ZS,16.3328910849517
PAK,Pakistan,2016,NE.GDI.TOTL.ZS,15.9357468463989
PAK,Pakistan,2015,NE.GDI.TOTL.ZS,15.8109305453177
PAK,Pakistan,2014,NE.GDI.TOTL.ZS,14.9075542099107
PAK,Pakistan,2013,NE.GDI.TOTL.ZS,14.9823804459246
PAK,Pakistan,2012,NE.GDI.TOTL.ZS,15.1689869381562
PAK,Pakistan,2011,NE.GDI.TOTL.ZS,14.6316275197265
PAK,Pakistan,2010,NE.GDI.TOTL.ZS,15.9615524272363
PAK,Pakistan,2009,NE.GDI.TOTL.ZS,17.5777374307953
PAK,Pakistan,2008,NE.GDI.TOTL.ZS,17.996422608907
PAK,Pakistan,2007,NE.GDI.TOTL.ZS,17.535936222635
PAK,Pakistan,2006,NE.GDI.TOTL.ZS,18.2822141634905
PAK,Pakistan,2005,NE.GDI.TOTL.ZS,16.2664437881869
PLW,Palau,2024,NE.GDI.TOTL.ZS,34.9671396264766
PLW,Palau,2023,NE.GDI.TOTL.ZS,35.7028148801293
PLW,Palau,2022,NE.GDI.TOTL.ZS,44.2218552162716
PLW,Palau,2021,NE.GDI.TOTL.ZS,37.9055423479613
PLW,Palau,2020,NE.GDI.TOTL.ZS,42.1552745248217
PLW,Palau,2019,NE.GDI.TOTL.ZS,34.5726607886393
PLW,Palau,2018,NE.GDI.TOTL.ZS,28.7972372599112
PLW,Palau,2017,NE.GDI.TOTL.ZS,32.7792611587916
PLW,Palau,2016,NE.GDI.TOTL.ZS,28.9179839026394
PLW,Palau,2015,NE.GDI.TOTL.ZS,28.4164078174665
PLW,Palau,2014,NE.GDI.TOTL.ZS,31.3815122404028
PLW,Palau,2013,NE.GDI.TOTL.ZS,24.5409409522502
PLW,Palau,2012,NE.GDI.TOTL.ZS,28.214293269754
PLW,Palau,2011,NE.GDI.TOTL.ZS,30.0308082907055
PLW,Palau,2010,NE.GDI.TOTL.ZS,26.1102567261303
PLW,Palau,2009,NE.GDI.TOTL.ZS,25.9358656817089
PLW,Palau,2008,NE.GDI.TOTL.ZS,32.1363226846543
PLW,Palau,2007,NE.GDI.TOTL.ZS,35.6034549416197
PLW,Palau,2006,NE.GDI.TOTL.ZS,39.0748544913473
PLW,Palau,2005,NE.GDI.TOTL.ZS,43.7874612137915
PAN,Panama,2024,NE.GDI.TOTL.ZS,33.5339875819436
PAN,Panama,2023,NE.GDI.TOTL.ZS,37.492889933464
PAN,Panama,2022,NE.GDI.TOTL.ZS,35.8548981051469
PAN,Panama,2021,NE.GDI.TOTL.ZS,31.2989342864308
PAN,Panama,2020,NE.GDI.TOTL.ZS,23.9546077292725
PAN,Panama,2019,NE.GDI.TOTL.ZS,38.0674659280543
PAN,Panama,2018,NE.GDI.TOTL.ZS,41.1990909588856
PAN,Panama,2017,NE.GDI.TOTL.ZS,41.4845748352147
PAN,Panama,2016,NE.GDI.TOTL.ZS,40.2623341153563
PAN,Panama,2015,NE.GDI.TOTL.ZS,42.2663686244598
PAN,Panama,2014,NE.GDI.TOTL.ZS,43.5746774849074
PAN,Panama,2013,NE.GDI.TOTL.ZS,43.0705309054805
PAN,Panama,2012,NE.GDI.TOTL.ZS,42.5040223820497
PAN,Panama,2011,NE.GDI.TOTL.ZS,37.6185178425835
PAN,Panama,2010,NE.GDI.TOTL.ZS,37.3412025820706
PAN,Panama,2009,NE.GDI.TOTL.ZS,30.8565496172702
PAN,Panama,2008,NE.GDI.TOTL.ZS,41.3904764170808
PAN,Panama,2007,NE.GDI.TOTL.ZS,35.3865142206627
PAN,Panama,2006,NE.GDI.TOTL.ZS,28.6053781670857
PAN,Panama,2005,NE.GDI.TOTL.ZS,27.0343390461882
PRY,Paraguay,2025,NE.GDI.TOTL.ZS,25.2866462584826
PRY,Paraguay,2024,NE.GDI.TOTL.ZS,23.1088857330178
PRY,Paraguay,2023,NE.GDI.TOTL.ZS,20.2689235256814
PRY,Paraguay,2022,NE.GDI.TOTL.ZS,27.7603530415666
PRY,Paraguay,2021,NE.GDI.TOTL.ZS,24.0062650943673
PRY,Paraguay,2020,NE.GDI.TOTL.ZS,20.0414603496168
PRY,Paraguay,2019,NE.GDI.TOTL.ZS,21.6853116218616
PRY,Paraguay,2018,NE.GDI.TOTL.ZS,22.7820847953337
PRY,Paraguay,2017,NE.GDI.TOTL.ZS,20.6000429018101
PRY,Paraguay,2016,NE.GDI.TOTL.ZS,19.8061739561247
PRY,Paraguay,2015,NE.GDI.TOTL.ZS,21.8786824129486
PRY,Paraguay,2014,NE.GDI.TOTL.ZS,22.6588064100185
PRY,Paraguay,2013,NE.GDI.TOTL.ZS,22.0169832494239
PRY,Paraguay,2012,NE.GDI.TOTL.ZS,21.2642113309923
PRY,Paraguay,2011,NE.GDI.TOTL.ZS,24.6615700086435
PRY,Paraguay,2010,NE.GDI.TOTL.ZS,23.8349584406541
PRY,Paraguay,2009,NE.GDI.TOTL.ZS,18.9159699698974
PRY,Paraguay,2008,NE.GDI.TOTL.ZS,22.2482943436606
PRY,Paraguay,2007,NE.GDI.TOTL.ZS,21.3245681130039
PRY,Paraguay,2006,NE.GDI.TOTL.ZS,21.9503842549058
PRY,Paraguay,2005,NE.GDI.TOTL.ZS,20.9031844113431
PER,Peru,2025,NE.GDI.TOTL.ZS,20.3393534084364
PER,Peru,2024,NE.GDI.TOTL.ZS,19.72883590637
PER,Peru,2023,NE.GDI.TOTL.ZS,19.572988492574
PER,Peru,2022,NE.GDI.TOTL.ZS,22.3569175495124
PER,Peru,2021,NE.GDI.TOTL.ZS,22.3072203928835
PER,Peru,2020,NE.GDI.TOTL.ZS,18.1912588877919
PER,Peru,2019,NE.GDI.TOTL.ZS,20.8336395514866
PER,Peru,2018,NE.GDI.TOTL.ZS,21.3111751422932
PER,Peru,2017,NE.GDI.TOTL.ZS,20.7118137063238
PER,Peru,2016,NE.GDI.TOTL.ZS,22.0213133889585
PER,Peru,2015,NE.GDI.TOTL.ZS,24.3051143583227
PER,Peru,2014,NE.GDI.TOTL.ZS,24.6661205071214
PER,Peru,2013,NE.GDI.TOTL.ZS,25.5741818690255
PER,Peru,2012,NE.GDI.TOTL.ZS,24.6060563122502
PER,Peru,2011,NE.GDI.TOTL.ZS,24.200875596397
PER,Peru,2010,NE.GDI.TOTL.ZS,23.7605090406542
PER,Peru,2009,NE.GDI.TOTL.ZS,19.9786779797935
PER,Peru,2008,NE.GDI.TOTL.ZS,26.178345935433
PER,Peru,2007,NE.GDI.TOTL.ZS,22.0323873215866
PER,Peru,2006,NE.GDI.TOTL.ZS,19.6506023681318
PER,Peru,2005,NE.GDI.TOTL.ZS,17.2838176822241
PHL,Philippines,2025,NE.GDI.TOTL.ZS,22.1409469966766
PHL,Philippines,2024,NE.GDI.TOTL.ZS,23.6782004674363
PHL,Philippines,2023,NE.GDI.TOTL.ZS,23.4061516161597
PHL,Philippines,2022,NE.GDI.TOTL.ZS,24.6858616763102
PHL,Philippines,2021,NE.GDI.TOTL.ZS,21.1407371483135
PHL,Philippines,2020,NE.GDI.TOTL.ZS,17.4333790282876
PHL,Philippines,2019,NE.GDI.TOTL.ZS,26.4018084647284
PHL,Philippines,2018,NE.GDI.TOTL.ZS,27.1505820415621
PHL,Philippines,2017,NE.GDI.TOTL.ZS,25.5587738639602
PHL,Philippines,2016,NE.GDI.TOTL.ZS,24.618503101685
PHL,Philippines,2015,NE.GDI.TOTL.ZS,21.3409478711064
PHL,Philippines,2014,NE.GDI.TOTL.ZS,20.9239704373705
PHL,Philippines,2013,NE.GDI.TOTL.ZS,20.642224107669
PHL,Philippines,2012,NE.GDI.TOTL.ZS,19.5607279687897
PHL,Philippines,2011,NE.GDI.TOTL.ZS,20.7399365678349
PHL,Philippines,2010,NE.GDI.TOTL.ZS,20.4417711390659
PHL,Philippines,2009,NE.GDI.TOTL.ZS,17.4317211991991
PHL,Philippines,2008,NE.GDI.TOTL.ZS,18.9671469154789
PHL,Philippines,2007,NE.GDI.TOTL.ZS,16.1286471132386
PHL,Philippines,2006,NE.GDI.TOTL.ZS,16.0153377703844
PHL,Philippines,2005,NE.GDI.TOTL.ZS,18.5665300720434
POL,Poland,2025,NE.GDI.TOTL.ZS,17.8874733244136
POL,Poland,2024,NE.GDI.TOTL.ZS,17.8032326864165
POL,Poland,2023,NE.GDI.TOTL.ZS,17.6684506133329
POL,Poland,2022,NE.GDI.TOTL.ZS,22.059467565345
POL,Poland,2021,NE.GDI.TOTL.ZS,21.8106734577786
POL,Poland,2020,NE.GDI.TOTL.ZS,18.8394051569485
POL,Poland,2019,NE.GDI.TOTL.ZS,20.7076794491101
POL,Poland,2018,NE.GDI.TOTL.ZS,21.443880969665
POL,Poland,2017,NE.GDI.TOTL.ZS,19.9081446848915
POL,Poland,2016,NE.GDI.TOTL.ZS,20.0873009067718
POL,Poland,2015,NE.GDI.TOTL.ZS,20.8016958781231
POL,Poland,2014,NE.GDI.TOTL.ZS,20.8272789201168
POL,Poland,2013,NE.GDI.TOTL.ZS,19.1280449978263
POL,Poland,2012,NE.GDI.TOTL.ZS,20.8019518666142
POL,Poland,2011,NE.GDI.TOTL.ZS,22.3450463094694
POL,Poland,2010,NE.GDI.TOTL.ZS,20.8586688863455
POL,Poland,2009,NE.GDI.TOTL.ZS,20.7579141114998
POL,Poland,2008,NE.GDI.TOTL.ZS,24.7561450970576
POL,Poland,2007,NE.GDI.TOTL.ZS,25.4186459060222
POL,Poland,2006,NE.GDI.TOTL.ZS,21.9561662978922
POL,Poland,2005,NE.GDI.TOTL.ZS,20.1073600639489
PRT,Portugal,2025,NE.GDI.TOTL.ZS,21.0356725757463
PRT,Portugal,2024,NE.GDI.TOTL.ZS,20.3401770013662
PRT,Portugal,2023,NE.GDI.TOTL.ZS,20.4972768619235
PRT,Portugal,2022,NE.GDI.TOTL.ZS,21.3735177177842
PRT,Portugal,2021,NE.GDI.TOTL.ZS,20.9347674224953
PRT,Portugal,2020,NE.GDI.TOTL.ZS,19.4185791809348
PRT,Portugal,2019,NE.GDI.TOTL.ZS,18.76826598288
PRT,Portugal,2018,NE.GDI.TOTL.ZS,18.5247214985093
PRT,Portugal,2017,NE.GDI.TOTL.ZS,17.44628649988
PRT,Portugal,2016,NE.GDI.TOTL.ZS,16.0283624571119
PRT,Portugal,2015,NE.GDI.TOTL.ZS,15.9379888733382
PRT,Portugal,2014,NE.GDI.TOTL.ZS,15.3444039472278
PRT,Portugal,2013,NE.GDI.TOTL.ZS,14.6835299275763
PRT,Portugal,2012,NE.GDI.TOTL.ZS,15.7536608050077
PRT,Portugal,2011,NE.GDI.TOTL.ZS,18.6613799007397
PRT,Portugal,2010,NE.GDI.TOTL.ZS,21.1994526798182
PRT,Portugal,2009,NE.GDI.TOTL.ZS,20.8425074783613
PRT,Portugal,2008,NE.GDI.TOTL.ZS,23.5794931626439
PRT,Portugal,2007,NE.GDI.TOTL.ZS,23.0998862393828
PRT,Portugal,2006,NE.GDI.TOTL.ZS,22.9256733300806
PRT,Portugal,2005,NE.GDI.TOTL.ZS,23.3586139281485
PRI,Puerto Rico (US),2025,NE.GDI.TOTL.ZS,14.2344560519083
PRI,Puerto Rico (US),2024,NE.GDI.TOTL.ZS,14.1765984690411
PRI,Puerto Rico (US),2023,NE.GDI.TOTL.ZS,14.2399370270239
PRI,Puerto Rico (US),2022,NE.GDI.TOTL.ZS,14.8152247335601
PRI,Puerto Rico (US),2021,NE.GDI.TOTL.ZS,11.3679286945181
PRI,Puerto Rico (US),2020,NE.GDI.TOTL.ZS,10.880928994123
PRI,Puerto Rico (US),2019,NE.GDI.TOTL.ZS,15.3486659868501
PRI,Puerto Rico (US),2018,NE.GDI.TOTL.ZS,15.3314097630601
PRI,Puerto Rico (US),2017,NE.GDI.TOTL.ZS,7.79415247642478
PRI,Puerto Rico (US),2016,NE.GDI.TOTL.ZS,8.07529852870562
PRI,Puerto Rico (US),2015,NE.GDI.TOTL.ZS,8.59855575063724
PRI,Puerto Rico (US),2014,NE.GDI.TOTL.ZS,8.94121574530142
PRI,Puerto Rico (US),2013,NE.GDI.TOTL.ZS,9.52952659834065
PRI,Puerto Rico (US),2012,NE.GDI.TOTL.ZS,10.3344859636409
PRI,Puerto Rico (US),2011,NE.GDI.TOTL.ZS,10.0696849181429
PRI,Puerto Rico (US),2010,NE.GDI.TOTL.ZS,9.16037905577584
PRI,Puerto Rico (US),2009,NE.GDI.TOTL.ZS,10.430914991451
PRI,Puerto Rico (US),2008,NE.GDI.TOTL.ZS,12.146158717547
PRI,Puerto Rico (US),2007,NE.GDI.TOTL.ZS,13.3905727827244
PRI,Puerto Rico (US),2006,NE.GDI.TOTL.ZS,13.9914627137303
PRI,Puerto Rico (US),2005,NE.GDI.TOTL.ZS,14.5964259942695
QAT,Qatar,2022,NE.GDI.TOTL.ZS,30.6432344815998
QAT,Qatar,2021,NE.GDI.TOTL.ZS,36.8015620866184
QAT,Qatar,2020,NE.GDI.TOTL.ZS,43.8492040252077
QAT,Qatar,2019,NE.GDI.TOTL.ZS,43.7354058328665
QAT,Qatar,2018,NE.GDI.TOTL.ZS,41.6182421359004
QAT,Qatar,2017,NE.GDI.TOTL.ZS,43.4077974097269
QAT,Qatar,2016,NE.GDI.TOTL.ZS,49.4866575042678
QAT,Qatar,2015,NE.GDI.TOTL.ZS,37.0671762300681
QAT,Qatar,2014,NE.GDI.TOTL.ZS,31.7900727516147
QAT,Qatar,2013,NE.GDI.TOTL.ZS,27.8279049329909
QAT,Qatar,2012,NE.GDI.TOTL.ZS,27.1444239233133
QAT,Qatar,2011,NE.GDI.TOTL.ZS,29.0318354942345
QAT,Qatar,2010,NE.GDI.TOTL.ZS,31.2768830484471
QAT,Qatar,2009,NE.GDI.TOTL.ZS,42.9640491480002
QAT,Qatar,2008,NE.GDI.TOTL.ZS,41.1180651219547
QAT,Qatar,2007,NE.GDI.TOTL.ZS,46.0167292203025
QAT,Qatar,2006,NE.GDI.TOTL.ZS,41.8887149103609
QAT,Qatar,2005,NE.GDI.TOTL.ZS,34.3078887785256
ROU,Romania,2025,NE.GDI.TOTL.ZS,25.9006434391814
ROU,Romania,2024,NE.GDI.TOTL.ZS,24.9970256084173
ROU,Romania,2023,NE.GDI.TOTL.ZS,26.2097285719548
ROU,Romania,2022,NE.GDI.TOTL.ZS,27.0611653434665
ROU,Romania,2021,NE.GDI.TOTL.ZS,26.4231138988583
ROU,Romania,2020,NE.GDI.TOTL.ZS,24.3319634913981
ROU,Romania,2019,NE.GDI.TOTL.ZS,24.4073793139433
ROU,Romania,2018,NE.GDI.TOTL.ZS,23.0435742456948
ROU,Romania,2017,NE.GDI.TOTL.ZS,23.9867377562262
ROU,Romania,2016,NE.GDI.TOTL.ZS,23.6646873522112
ROU,Romania,2015,NE.GDI.TOTL.ZS,25.4960152893431
ROU,Romania,2014,NE.GDI.TOTL.ZS,25.2257196462876
ROU,Romania,2013,NE.GDI.TOTL.ZS,25.2514905784046
ROU,Romania,2012,NE.GDI.TOTL.ZS,26.7222427286412
ROU,Romania,2011,NE.GDI.TOTL.ZS,27.809701397226
ROU,Romania,2010,NE.GDI.TOTL.ZS,27.1890794202952
ROU,Romania,2009,NE.GDI.TOTL.ZS,27.2026875632393
ROU,Romania,2008,NE.GDI.TOTL.ZS,33.0936844355478
ROU,Romania,2007,NE.GDI.TOTL.ZS,31.3370187913254
ROU,Romania,2006,NE.GDI.TOTL.ZS,27.4669698502695
ROU,Romania,2005,NE.GDI.TOTL.ZS,22.9306854622381
RUS,Russian Federation,2025,NE.GDI.TOTL.ZS,25.8916433341468
RUS,Russian Federation,2024,NE.GDI.TOTL.ZS,26.4795760497971
RUS,Russian Federation,2023,NE.GDI.TOTL.ZS,27.303131349175
RUS,Russian Federation,2022,NE.GDI.TOTL.ZS,23.1732337652661
RUS,Russian Federation,2021,NE.GDI.TOTL.ZS,23.0093392226061
RUS,Russian Federation,2020,NE.GDI.TOTL.ZS,23.4558291480158
RUS,Russian Federation,2019,NE.GDI.TOTL.ZS,22.6615137722235
RUS,Russian Federation,2018,NE.GDI.TOTL.ZS,21.9180891512463
RUS,Russian Federation,2017,NE.GDI.TOTL.ZS,23.6067558621651
RUS,Russian Federation,2016,NE.GDI.TOTL.ZS,23.0954224731096
RUS,Russian Federation,2015,NE.GDI.TOTL.ZS,22.148725318159
RUS,Russian Federation,2014,NE.GDI.TOTL.ZS,22.3908642287739
RUS,Russian Federation,2013,NE.GDI.TOTL.ZS,23.2716819870194
RUS,Russian Federation,2012,NE.GDI.TOTL.ZS,24.5536933545168
RUS,Russian Federation,2011,NE.GDI.TOTL.ZS,24.2607379312639
RUS,Russian Federation,2010,NE.GDI.TOTL.ZS,22.6150505519736
RUS,Russian Federation,2009,NE.GDI.TOTL.ZS,18.9263757354968
RUS,Russian Federation,2008,NE.GDI.TOTL.ZS,25.5012197086864
RUS,Russian Federation,2007,NE.GDI.TOTL.ZS,24.1645140334655
RUS,Russian Federation,2006,NE.GDI.TOTL.ZS,21.1715918033474
RUS,Russian Federation,2005,NE.GDI.TOTL.ZS,20.0774969178103
RWA,Rwanda,2025,NE.GDI.TOTL.ZS,34.1257782993714
RWA,Rwanda,2024,NE.GDI.TOTL.ZS,34.7208554747776
RWA,Rwanda,2023,NE.GDI.TOTL.ZS,38.362567406166
RWA,Rwanda,2022,NE.GDI.TOTL.ZS,37.7552457661422
RWA,Rwanda,2021,NE.GDI.TOTL.ZS,36.0702055277954
RWA,Rwanda,2020,NE.GDI.TOTL.ZS,18.185991482508
RWA,Rwanda,2019,NE.GDI.TOTL.ZS,21.663350800403
RWA,Rwanda,2018,NE.GDI.TOTL.ZS,17.907365878004
RWA,Rwanda,2017,NE.GDI.TOTL.ZS,24.0924291823173
RWA,Rwanda,2016,NE.GDI.TOTL.ZS,26.1973754984079
RWA,Rwanda,2015,NE.GDI.TOTL.ZS,24.5202040834518
RWA,Rwanda,2014,NE.GDI.TOTL.ZS,23.5391290102077
RWA,Rwanda,2013,NE.GDI.TOTL.ZS,24.737742989597
RWA,Rwanda,2012,NE.GDI.TOTL.ZS,23.6103719068749
RWA,Rwanda,2011,NE.GDI.TOTL.ZS,21.132844673941
RWA,Rwanda,2010,NE.GDI.TOTL.ZS,20.7975067696821
RWA,Rwanda,2009,NE.GDI.TOTL.ZS,21.2919177169638
RWA,Rwanda,2008,NE.GDI.TOTL.ZS,21.6054164678522
RWA,Rwanda,2007,NE.GDI.TOTL.ZS,16.9726530604297
RWA,Rwanda,2006,NE.GDI.TOTL.ZS,15.223529173052
RWA,Rwanda,2005,NE.GDI.TOTL.ZS,42.5281950333956
WSM,Samoa,2025,NE.GDI.TOTL.ZS,30.0361587833274
WSM,Samoa,2024,NE.GDI.TOTL.ZS,29.0207314789872
WSM,Samoa,2023,NE.GDI.TOTL.ZS,36.0680837032175
WSM,Samoa,2022,NE.GDI.TOTL.ZS,32.187971798949
WSM,Samoa,2021,NE.GDI.TOTL.ZS,35.2314181058421
WSM,Samoa,2020,NE.GDI.TOTL.ZS,33.1905048867063
WSM,Samoa,2019,NE.GDI.TOTL.ZS,33.6506492980512
WSM,Samoa,2018,NE.GDI.TOTL.ZS,33.1401642944483
WSM,Samoa,2017,NE.GDI.TOTL.ZS,32.1825880825996
WSM,Samoa,2016,NE.GDI.TOTL.ZS,35.4648827223798
WSM,Samoa,2015,NE.GDI.TOTL.ZS,35.8616376044544
WSM,Samoa,2014,NE.GDI.TOTL.ZS,37.3331843934814
WSM,Samoa,2013,NE.GDI.TOTL.ZS,9.01812018037557
WSM,Samoa,2012,NE.GDI.TOTL.ZS,40.299132906469
WSM,Samoa,2011,NE.GDI.TOTL.ZS,37.1493303117706
WSM,Samoa,2010,NE.GDI.TOTL.ZS,14.6447083760345
WSM,Samoa,2009,NE.GDI.TOTL.ZS,31.7413750566996
SMR,San Marino,2023,NE.GDI.TOTL.ZS,16.5828788451836
SMR,San Marino,2022,NE.GDI.TOTL.ZS,23.0259588963445
SMR,San Marino,2021,NE.GDI.TOTL.ZS,22.2349508792548
SMR,San Marino,2020,NE.GDI.TOTL.ZS,18.0508704925175
SMR,San Marino,2019,NE.GDI.TOTL.ZS,24.0244755743653
SMR,San Marino,2018,NE.GDI.TOTL.ZS,20.6091878712611
SMR,San Marino,2017,NE.GDI.TOTL.ZS,19.1193560418814
SMR,San Marino,2016,NE.GDI.TOTL.ZS,15.7692011952972
SMR,San Marino,2015,NE.GDI.TOTL.ZS,12.0862064854973
STP,Sao Tome and Principe,2025,NE.GDI.TOTL.ZS,8.74210888038525
STP,Sao Tome and Principe,2024,NE.GDI.TOTL.ZS,6.92136880359529
STP,Sao Tome and Principe,2023,NE.GDI.TOTL.ZS,6.20476462377871
STP,Sao Tome and Principe,2022,NE.GDI.TOTL.ZS,8.2925116011365
STP,Sao Tome and Principe,2021,NE.GDI.TOTL.ZS,10.2866385323613
STP,Sao Tome and Principe,2020,NE.GDI.TOTL.ZS,11.8050231657312
STP,Sao Tome and Principe,2019,NE.GDI.TOTL.ZS,11.9753186750673
STP,Sao Tome and Principe,2018,NE.GDI.TOTL.ZS,13.7536956718475
STP,Sao Tome and Principe,2017,NE.GDI.TOTL.ZS,15.303904220694
STP,Sao Tome and Principe,2016,NE.GDI.TOTL.ZS,13.1023402352826
STP,Sao Tome and Principe,2015,NE.GDI.TOTL.ZS,14.5502307918632
STP,Sao Tome and Principe,2014,NE.GDI.TOTL.ZS,16.2190837351036
STP,Sao Tome and Principe,2013,NE.GDI.TOTL.ZS,17.1080459100707
STP,Sao Tome and Principe,2012,NE.GDI.TOTL.ZS,16.5558937115758
STP,Sao Tome and Principe,2011,NE.GDI.TOTL.ZS,22.4489867997261
STP,Sao Tome and Principe,2010,NE.GDI.TOTL.ZS,25.7158326122362
STP,Sao Tome and Principe,2009,NE.GDI.TOTL.ZS,21.3371255943894
STP,Sao Tome and Principe,2008,NE.GDI.TOTL.ZS,18.7857875236744
SAU,Saudi Arabia,2025,NE.GDI.TOTL.ZS,31.625031115982
SAU,Saudi Arabia,2024,NE.GDI.TOTL.ZS,31.6758054598016
SAU,Saudi Arabia,2023,NE.GDI.TOTL.ZS,29.7627433615344
SAU,Saudi Arabia,2022,NE.GDI.TOTL.ZS,26.5159908508109
SAU,Saudi Arabia,2021,NE.GDI.TOTL.ZS,26.3426467287873
SAU,Saudi Arabia,2020,NE.GDI.TOTL.ZS,23.3158218039549
SAU,Saudi Arabia,2019,NE.GDI.TOTL.ZS,25.5522842268021
SAU,Saudi Arabia,2018,NE.GDI.TOTL.ZS,22.3727056762612
SAU,Saudi Arabia,2017,NE.GDI.TOTL.ZS,25.4757265766537
SAU,Saudi Arabia,2016,NE.GDI.TOTL.ZS,28.1170520868555
SAU,Saudi Arabia,2015,NE.GDI.TOTL.ZS,32.4339384933454
SAU,Saudi Arabia,2014,NE.GDI.TOTL.ZS,28.5328325808043
SAU,Saudi Arabia,2013,NE.GDI.TOTL.ZS,26.2949562527888
SAU,Saudi Arabia,2012,NE.GDI.TOTL.ZS,26.4578386746131
SAU,Saudi Arabia,2011,NE.GDI.TOTL.ZS,26.765793867763
SAU,Saudi Arabia,2010,NE.GDI.TOTL.ZS,30.9262320159049
SAU,Saudi Arabia,2009,NE.GDI.TOTL.ZS,31.7152823567211
SAU,Saudi Arabia,2008,NE.GDI.TOTL.ZS,27.2957945617723
SAU,Saudi Arabia,2007,NE.GDI.TOTL.ZS,26.4729184187854
SAU,Saudi Arabia,2006,NE.GDI.TOTL.ZS,22.2151611310309
SAU,Saudi Arabia,2005,NE.GDI.TOTL.ZS,20.1748334986768
SEN,Senegal,2025,NE.GDI.TOTL.ZS,26.8773140866567
SEN,Senegal,2024,NE.GDI.TOTL.ZS,34.7270526468632
SEN,Senegal,2023,NE.GDI.TOTL.ZS,42.314987698199
SEN,Senegal,2022,NE.GDI.TOTL.ZS,44.9151866064373
SEN,Senegal,2021,NE.GDI.TOTL.ZS,38.3530133013182
SEN,Senegal,2020,NE.GDI.TOTL.ZS,35.632965093467
SEN,Senegal,2019,NE.GDI.TOTL.ZS,31.9656603434826
SEN,Senegal,2018,NE.GDI.TOTL.ZS,32.6479409412239
SEN,Senegal,2017,NE.GDI.TOTL.ZS,29.7767900729772
SEN,Senegal,2016,NE.GDI.TOTL.ZS,25.3616730282266
SEN,Senegal,2015,NE.GDI.TOTL.ZS,25.8333087504104
SEN,Senegal,2014,NE.GDI.TOTL.ZS,25.8807867671935
SEN,Senegal,2013,NE.GDI.TOTL.ZS,24.0663485140699
SEN,Senegal,2012,NE.GDI.TOTL.ZS,24.6240972538796
SEN,Senegal,2011,NE.GDI.TOTL.ZS,21.0003400122128
SEN,Senegal,2010,NE.GDI.TOTL.ZS,20.0869466642817
SEN,Senegal,2009,NE.GDI.TOTL.ZS,20.3974883741685
SEN,Senegal,2008,NE.GDI.TOTL.ZS,26.2267083321653
SEN,Senegal,2007,NE.GDI.TOTL.ZS,24.6184148818474
SEN,Senegal,2006,NE.GDI.TOTL.ZS,22.4168252607608
SEN,Senegal,2005,NE.GDI.TOTL.ZS,24.5728792485602
SRB,Serbia,2025,NE.GDI.TOTL.ZS,23.3807803980233
SRB,Serbia,2024,NE.GDI.TOTL.ZS,25.0264449793479
SRB,Serbia,2023,NE.GDI.TOTL.ZS,24.6160934874749
SRB,Serbia,2022,NE.GDI.TOTL.ZS,26.3842034681714
SRB,Serbia,2021,NE.GDI.TOTL.ZS,24.9450929619478
SRB,Serbia,2020,NE.GDI.TOTL.ZS,24.0974936172696
SRB,Serbia,2019,NE.GDI.TOTL.ZS,24.9266250234247
SRB,Serbia,2018,NE.GDI.TOTL.ZS,22.4992604945944
SRB,Serbia,2017,NE.GDI.TOTL.ZS,19.7183969139317
SRB,Serbia,2016,NE.GDI.TOTL.ZS,18.1669241245312
SRB,Serbia,2015,NE.GDI.TOTL.ZS,18.5143098449514
SRB,Serbia,2014,NE.GDI.TOTL.ZS,16.4778532272023
SRB,Serbia,2013,NE.GDI.TOTL.ZS,17.1235575159888
SRB,Serbia,2012,NE.GDI.TOTL.ZS,18.8103783793047
SRB,Serbia,2011,NE.GDI.TOTL.ZS,18.149940401775
SRB,Serbia,2010,NE.GDI.TOTL.ZS,17.3241841893613
SRB,Serbia,2009,NE.GDI.TOTL.ZS,18.554576515854
SRB,Serbia,2008,NE.GDI.TOTL.ZS,25.9133962645148
SRB,Serbia,2007,NE.GDI.TOTL.ZS,24.898939060219
SRB,Serbia,2006,NE.GDI.TOTL.ZS,21.7288994079008
SRB,Serbia,2005,NE.GDI.TOTL.ZS,21.7943857064162
SYC,Seychelles,2025,NE.GDI.TOTL.ZS,18.7112375533428
SYC,Seychelles,2024,NE.GDI.TOTL.ZS,21.3041209351163
SYC,Seychelles,2023,NE.GDI.TOTL.ZS,24.3522026214645
SYC,Seychelles,2022,NE.GDI.TOTL.ZS,18.4987415919283
SYC,Seychelles,2021,NE.GDI.TOTL.ZS,16.4677161262206
SYC,Seychelles,2020,NE.GDI.TOTL.ZS,21.3213198960022
SYC,Seychelles,2019,NE.GDI.TOTL.ZS,22.0855945287218
SYC,Seychelles,2018,NE.GDI.TOTL.ZS,21.9869866164983
SYC,Seychelles,2017,NE.GDI.TOTL.ZS,24.5351766928824
SYC,Seychelles,2016,NE.GDI.TOTL.ZS,25.1347394249892
SYC,Seychelles,2015,NE.GDI.TOTL.ZS,26.8795153716518
SYC,Seychelles,2014,NE.GDI.TOTL.ZS,29.0548988749451
SYC,Seychelles,2013,NE.GDI.TOTL.ZS,38.5669057079413
SYC,Seychelles,2012,NE.GDI.TOTL.ZS,37.7299203495349
SYC,Seychelles,2011,NE.GDI.TOTL.ZS,34.816249355555
SYC,Seychelles,2010,NE.GDI.TOTL.ZS,37.0314238165867
SYC,Seychelles,2009,NE.GDI.TOTL.ZS,28.0272254229443
SYC,Seychelles,2008,NE.GDI.TOTL.ZS,27.643033995501
SYC,Seychelles,2007,NE.GDI.TOTL.ZS,29.2244294345938
SYC,Seychelles,2006,NE.GDI.TOTL.ZS,30.3222238580205
SYC,Seychelles,2005,NE.GDI.TOTL.ZS,23.8691409523337
SLE,Sierra Leone,2025,NE.GDI.TOTL.ZS,23.1972792226218
SLE,Sierra Leone,2024,NE.GDI.TOTL.ZS,20.4557869148372
SLE,Sierra Leone,2023,NE.GDI.TOTL.ZS,19.7051016443165
SLE,Sierra Leone,2022,NE.GDI.TOTL.ZS,14.8768677642474
SLE,Sierra Leone,2021,NE.GDI.TOTL.ZS,14.0995510989195
SLE,Sierra Leone,2020,NE.GDI.TOTL.ZS,15.341210674455
SLE,Sierra Leone,2019,NE.GDI.TOTL.ZS,16.0259388628865
SLE,Sierra Leone,2018,NE.GDI.TOTL.ZS,15.6172570458345
SLE,Sierra Leone,2017,NE.GDI.TOTL.ZS,19.1399846347627
SLE,Sierra Leone,2016,NE.GDI.TOTL.ZS,17.6618966541204
SLE,Sierra Leone,2015,NE.GDI.TOTL.ZS,18.0613249475414
SLE,Sierra Leone,2014,NE.GDI.TOTL.ZS,15.982290990834
SLE,Sierra Leone,2013,NE.GDI.TOTL.ZS,17.6517899195356
SLE,Sierra Leone,2012,NE.GDI.TOTL.ZS,29.4098051807138
SLE,Sierra Leone,2011,NE.GDI.TOTL.ZS,46.5454157294241
SLE,Sierra Leone,2010,NE.GDI.TOTL.ZS,34.433555789299
SLE,Sierra Leone,2009,NE.GDI.TOTL.ZS,11.2088615902087
SLE,Sierra Leone,2008,NE.GDI.TOTL.ZS,10.3794057886037
SLE,Sierra Leone,2007,NE.GDI.TOTL.ZS,10.1591673004271
SLE,Sierra Leone,2006,NE.GDI.TOTL.ZS,10.5468598425727
SLE,Sierra Leone,2005,NE.GDI.TOTL.ZS,11.4096079062413
SGP,Singapore,2025,NE.GDI.TOTL.ZS,22.4864260878508
SGP,Singapore,2024,NE.GDI.TOTL.ZS,21.8490850721263
SGP,Singapore,2023,NE.GDI.TOTL.ZS,21.1305685622627
SGP,Singapore,2022,NE.GDI.TOTL.ZS,21.8791987960219
SGP,Singapore,2021,NE.GDI.TOTL.ZS,24.1177810588483
SGP,Singapore,2020,NE.GDI.TOTL.ZS,22.930549192946
SGP,Singapore,2019,NE.GDI.TOTL.ZS,24.3414821182522
SGP,Singapore,2018,NE.GDI.TOTL.ZS,24.6650062452141
SGP,Singapore,2017,NE.GDI.TOTL.ZS,27.1803110118491
SGP,Singapore,2016,NE.GDI.TOTL.ZS,26.3428829842065
SGP,Singapore,2015,NE.GDI.TOTL.ZS,25.353193018866
SGP,Singapore,2014,NE.GDI.TOTL.ZS,29.4300082792766
SGP,Singapore,2013,NE.GDI.TOTL.ZS,29.9795021855415
SGP,Singapore,2012,NE.GDI.TOTL.ZS,29.2629426703058
SGP,Singapore,2011,NE.GDI.TOTL.ZS,26.6919943455279
SGP,Singapore,2010,NE.GDI.TOTL.ZS,27.6582275190447
SGP,Singapore,2009,NE.GDI.TOTL.ZS,27.3701152111674
SGP,Singapore,2008,NE.GDI.TOTL.ZS,30.1596763689779
SGP,Singapore,2007,NE.GDI.TOTL.ZS,23.0659529090098
SGP,Singapore,2006,NE.GDI.TOTL.ZS,22.3792634447668
SGP,Singapore,2005,NE.GDI.TOTL.ZS,21.506936250429
SVK,Slovak Republic,2025,NE.GDI.TOTL.ZS,20.0837637938612
SVK,Slovak Republic,2024,NE.GDI.TOTL.ZS,20.1257200812979
SVK,Slovak Republic,2023,NE.GDI.TOTL.ZS,19.7276184665634
SVK,Slovak Republic,2022,NE.GDI.TOTL.ZS,23.3083572565552
SVK,Slovak Republic,2021,NE.GDI.TOTL.ZS,22.6863824228676
SVK,Slovak Republic,2020,NE.GDI.TOTL.ZS,20.2268098788151
SVK,Slovak Republic,2019,NE.GDI.TOTL.ZS,24.0619105210669
SVK,Slovak Republic,2018,NE.GDI.TOTL.ZS,24.2014212638106
SVK,Slovak Republic,2017,NE.GDI.TOTL.ZS,23.5559590901028
SVK,Slovak Republic,2016,NE.GDI.TOTL.ZS,24.5392697834922
SVK,Slovak Republic,2015,NE.GDI.TOTL.ZS,25.7777282551685
SVK,Slovak Republic,2014,NE.GDI.TOTL.ZS,22.7798159146212
SVK,Slovak Republic,2013,NE.GDI.TOTL.ZS,22.1131489252307
SVK,Slovak Republic,2012,NE.GDI.TOTL.ZS,21.474904237703
SVK,Slovak Republic,2011,NE.GDI.TOTL.ZS,26.5333923090075
SVK,Slovak Republic,2010,NE.GDI.TOTL.ZS,25.3783368279954
SVK,Slovak Republic,2009,NE.GDI.TOTL.ZS,21.4028753757641
SVK,Slovak Republic,2008,NE.GDI.TOTL.ZS,29.292929955951
SVK,Slovak Republic,2007,NE.GDI.TOTL.ZS,29.0013589753236
SVK,Slovak Republic,2006,NE.GDI.TOTL.ZS,29.2662149111272
SVK,Slovak Republic,2005,NE.GDI.TOTL.ZS,30.5761492545056
SVN,Slovenia,2025,NE.GDI.TOTL.ZS,22.0285678943431
SVN,Slovenia,2024,NE.GDI.TOTL.ZS,21.5339676972715
SVN,Slovenia,2023,NE.GDI.TOTL.ZS,22.510001872287
SVN,Slovenia,2022,NE.GDI.TOTL.ZS,24.5714885958339
SVN,Slovenia,2021,NE.GDI.TOTL.ZS,21.7979271644933
SVN,Slovenia,2020,NE.GDI.TOTL.ZS,20.1896719461532
SVN,Slovenia,2019,NE.GDI.TOTL.ZS,20.8345240702316
SVN,Slovenia,2018,NE.GDI.TOTL.ZS,21.5608446841882
SVN,Slovenia,2017,NE.GDI.TOTL.ZS,20.2503347880345
SVN,Slovenia,2016,NE.GDI.TOTL.ZS,18.8479088939625
SVN,Slovenia,2015,NE.GDI.TOTL.ZS,19.4686216573949
SVN,Slovenia,2014,NE.GDI.TOTL.ZS,19.7452653119649
SVN,Slovenia,2013,NE.GDI.TOTL.ZS,19.7842267864778
SVN,Slovenia,2012,NE.GDI.TOTL.ZS,18.8609355850954
SVN,Slovenia,2011,NE.GDI.TOTL.ZS,21.8690049997807
SVN,Slovenia,2010,NE.GDI.TOTL.ZS,22.5601344858632
SVN,Slovenia,2009,NE.GDI.TOTL.ZS,23.7456185537015
SVN,Slovenia,2008,NE.GDI.TOTL.ZS,33.1452787386717
SVN,Slovenia,2007,NE.GDI.TOTL.ZS,33.2981260591771
SVN,Slovenia,2006,NE.GDI.TOTL.ZS,30.5745557357793
SVN,Slovenia,2005,NE.GDI.TOTL.ZS,28.6986499842107
SLB,Solomon Islands,2024,NE.GDI.TOTL.ZS,19.4589054322805
SLB,Solomon Islands,2023,NE.GDI.TOTL.ZS,21.2240411030554
SLB,Solomon Islands,2022,NE.GDI.TOTL.ZS,20.8786484926908
SLB,Solomon Islands,2021,NE.GDI.TOTL.ZS,22.4863242077795
SLB,Solomon Islands,2020,NE.GDI.TOTL.ZS,16.7238168967909
SLB,Solomon Islands,2019,NE.GDI.TOTL.ZS,22.6955770076321
SLB,Solomon Islands,2018,NE.GDI.TOTL.ZS,19.1385054031549
SLB,Solomon Islands,2017,NE.GDI.TOTL.ZS,19.5610450341936
SLB,Solomon Islands,2016,NE.GDI.TOTL.ZS,17.2166310250018
SLB,Solomon Islands,2015,NE.GDI.TOTL.ZS,15.9448743231964
SLB,Solomon Islands,2014,NE.GDI.TOTL.ZS,12.6368122909552
SLB,Solomon Islands,2013,NE.GDI.TOTL.ZS,14.6468665253319
SLB,Solomon Islands,2012,NE.GDI.TOTL.ZS,14.6175751916862
SLB,Solomon Islands,2011,NE.GDI.TOTL.ZS,15.0193617167081
SLB,Solomon Islands,2010,NE.GDI.TOTL.ZS,17.9438827663601
SLB,Solomon Islands,2009,NE.GDI.TOTL.ZS,12.7912014764892
SLB,Solomon Islands,2008,NE.GDI.TOTL.ZS,13.3782751047418
SLB,Solomon Islands,2007,NE.GDI.TOTL.ZS,13.1013577931934
SLB,Solomon Islands,2006,NE.GDI.TOTL.ZS,11.6455358146348
SLB,Solomon Islands,2005,NE.GDI.TOTL.ZS,12.6024542516893
SOM,"Somalia, Fed. Rep.",2025,NE.GDI.TOTL.ZS,28.1142267908557
SOM,"Somalia, Fed. Rep.",2024,NE.GDI.TOTL.ZS,26.7485585359739
SOM,"Somalia, Fed. Rep.",2023,NE.GDI.TOTL.ZS,23.6083226866216
SOM,"Somalia, Fed. Rep.",2022,NE.GDI.TOTL.ZS,23.6499068901304
SOM,"Somalia, Fed. Rep.",2021,NE.GDI.TOTL.ZS,17.9795423389223
SOM,"Somalia, Fed. Rep.",2020,NE.GDI.TOTL.ZS,16.006026889198
SOM,"Somalia, Fed. Rep.",2019,NE.GDI.TOTL.ZS,16.0813308687616
SOM,"Somalia, Fed. Rep.",2018,NE.GDI.TOTL.ZS,16.1056776324146
SOM,"Somalia, Fed. Rep.",2017,NE.GDI.TOTL.ZS,13.8251070470324
SOM,"Somalia, Fed. Rep.",2016,NE.GDI.TOTL.ZS,12.8456368959279
SOM,"Somalia, Fed. Rep.",2015,NE.GDI.TOTL.ZS,13.1480812127699
SOM,"Somalia, Fed. Rep.",2014,NE.GDI.TOTL.ZS,13.4104063533751
SOM,"Somalia, Fed. Rep.",2013,NE.GDI.TOTL.ZS,14.3695600150118
SOM,"Somalia, Fed. Rep.",2012,NE.GDI.TOTL.ZS,15.7360330751388
ZAF,South Africa,2025,NE.GDI.TOTL.ZS,13.8713160276315
ZAF,South Africa,2024,NE.GDI.TOTL.ZS,14.0695508769888
ZAF,South Africa,2023,NE.GDI.TOTL.ZS,15.3913174995668
ZAF,South Africa,2022,NE.GDI.TOTL.ZS,15.6721092997041
ZAF,South Africa,2021,NE.GDI.TOTL.ZS,12.8355522251838
ZAF,South Africa,2020,NE.GDI.TOTL.ZS,12.3455441478462
ZAF,South Africa,2019,NE.GDI.TOTL.ZS,15.8207933783179
ZAF,South Africa,2018,NE.GDI.TOTL.ZS,16.1705829786619
ZAF,South Africa,2017,NE.GDI.TOTL.ZS,16.6107340612402
ZAF,South Africa,2016,NE.GDI.TOTL.ZS,16.9604522948246
ZAF,South Africa,2015,NE.GDI.TOTL.ZS,18.6332066638376
ZAF,South Africa,2014,NE.GDI.TOTL.ZS,18.4879638168327
ZAF,South Africa,2013,NE.GDI.TOTL.ZS,19.1687625943111
ZAF,South Africa,2012,NE.GDI.TOTL.ZS,18.5845354435045
ZAF,South Africa,2011,NE.GDI.TOTL.ZS,18.8532376550132
ZAF,South Africa,2010,NE.GDI.TOTL.ZS,17.5956446037105
ZAF,South Africa,2009,NE.GDI.TOTL.ZS,18.7669441984248
ZAF,South Africa,2008,NE.GDI.TOTL.ZS,21.2872491181391
ZAF,South Africa,2007,NE.GDI.TOTL.ZS,19.3259650755187
ZAF,South Africa,2006,NE.GDI.TOTL.ZS,18.4902026867601
ZAF,South Africa,2005,NE.GDI.TOTL.ZS,16.8318153447643
SSD,South Sudan,2015,NE.GDI.TOTL.ZS,5.75075637151052
SSD,South Sudan,2014,NE.GDI.TOTL.ZS,7.9945088302124
SSD,South Sudan,2013,NE.GDI.TOTL.ZS,11.3677738263753
SSD,South Sudan,2012,NE.GDI.TOTL.ZS,7.0742528372385
SSD,South Sudan,2011,NE.GDI.TOTL.ZS,9.48877706805626
SSD,South Sudan,2010,NE.GDI.TOTL.ZS,10.2896550768433
SSD,South Sudan,2009,NE.GDI.TOTL.ZS,13.6521309804579
SSD,South Sudan,2008,NE.GDI.TOTL.ZS,13.7699875260258
ESP,Spain,2025,NE.GDI.TOTL.ZS,21.4098077707284
ESP,Spain,2024,NE.GDI.TOTL.ZS,21.1732200987249
ESP,Spain,2023,NE.GDI.TOTL.ZS,21.1209265029601
ESP,Spain,2022,NE.GDI.TOTL.ZS,22.6896137188078
ESP,Spain,2021,NE.GDI.TOTL.ZS,21.8740337716536
ESP,Spain,2020,NE.GDI.TOTL.ZS,20.6266482703898
ESP,Spain,2019,NE.GDI.TOTL.ZS,20.9088226144802
ESP,Spain,2018,NE.GDI.TOTL.ZS,20.7061758213476
ESP,Spain,2017,NE.GDI.TOTL.ZS,19.5656670290524
ESP,Spain,2016,NE.GDI.TOTL.ZS,19.0611122143393
ESP,Spain,2015,NE.GDI.TOTL.ZS,19.3734408230247
ESP,Spain,2014,NE.GDI.TOTL.ZS,18.1481477916625
ESP,Spain,2013,NE.GDI.TOTL.ZS,17.412338687976
ESP,Spain,2012,NE.GDI.TOTL.ZS,18.5944685336556
ESP,Spain,2011,NE.GDI.TOTL.ZS,20.7135839205008
ESP,Spain,2010,NE.GDI.TOTL.ZS,22.3988413816153
ESP,Spain,2009,NE.GDI.TOTL.ZS,23.3519417701936
ESP,Spain,2008,NE.GDI.TOTL.ZS,28.4790441123592
ESP,Spain,2007,NE.GDI.TOTL.ZS,30.458980215138
ESP,Spain,2006,NE.GDI.TOTL.ZS,30.5843124611931
ESP,Spain,2005,NE.GDI.TOTL.ZS,29.4041085115965
LKA,Sri Lanka,2025,NE.GDI.TOTL.ZS,29.6454009006075
LKA,Sri Lanka,2024,NE.GDI.TOTL.ZS,26.3467005241507
LKA,Sri Lanka,2023,NE.GDI.TOTL.ZS,24.2731934318829
LKA,Sri Lanka,2022,NE.GDI.TOTL.ZS,27.2717494237454
LKA,Sri Lanka,2021,NE.GDI.TOTL.ZS,36.7330983743583
LKA,Sri Lanka,2020,NE.GDI.TOTL.ZS,32.871123147531
LKA,Sri Lanka,2019,NE.GDI.TOTL.ZS,34.1087160600384
LKA,Sri Lanka,2018,NE.GDI.TOTL.ZS,38.0567747749453
LKA,Sri Lanka,2017,NE.GDI.TOTL.ZS,39.7266305229837
LKA,Sri Lanka,2016,NE.GDI.TOTL.ZS,36.4530444585617
LKA,Sri Lanka,2015,NE.GDI.TOTL.ZS,34.2757988099064
LKA,Sri Lanka,2009,NE.GDI.TOTL.ZS,24.4338657450541
LKA,Sri Lanka,2008,NE.GDI.TOTL.ZS,27.5523830555003
LKA,Sri Lanka,2007,NE.GDI.TOTL.ZS,27.9521433553302
LKA,Sri Lanka,2006,NE.GDI.TOTL.ZS,27.9799093470538
LKA,Sri Lanka,2005,NE.GDI.TOTL.ZS,26.8274555178569
SDN,Sudan,2025,NE.GDI.TOTL.ZS,0.734291872696879
SDN,Sudan,2024,NE.GDI.TOTL.ZS,2.88674000548273
SDN,Sudan,2023,NE.GDI.TOTL.ZS,2.17279846218936
SDN,Sudan,2022,NE.GDI.TOTL.ZS,2.17826429341476
SDN,Sudan,2021,NE.GDI.TOTL.ZS,3.46580920270714
SDN,Sudan,2020,NE.GDI.TOTL.ZS,5.78653523341068
SDN,Sudan,2019,NE.GDI.TOTL.ZS,14.3050078362201
SDN,Sudan,2018,NE.GDI.TOTL.ZS,9.9893502376745
SDN,Sudan,2017,NE.GDI.TOTL.ZS,10.7686344431485
SDN,Sudan,2016,NE.GDI.TOTL.ZS,9.3059152625505
SDN,Sudan,2015,NE.GDI.TOTL.ZS,12.8081335322639
SDN,Sudan,2014,NE.GDI.TOTL.ZS,15.0415341466529
SDN,Sudan,2013,NE.GDI.TOTL.ZS,17.1950466966314
SDN,Sudan,2012,NE.GDI.TOTL.ZS,19.7241316199789
SDN,Sudan,2011,NE.GDI.TOTL.ZS,23.2624340175259
SDN,Sudan,2010,NE.GDI.TOTL.ZS,20.3985392323003
SDN,Sudan,2009,NE.GDI.TOTL.ZS,22.325908295006
SDN,Sudan,2008,NE.GDI.TOTL.ZS,20.668907969621
SDN,Sudan,2007,NE.GDI.TOTL.ZS,21.3061261282548
SDN,Sudan,2006,NE.GDI.TOTL.ZS,22.8891769937744
SDN,Sudan,2005,NE.GDI.TOTL.ZS,21.2067763046123
SUR,Suriname,2010,NE.GDI.TOTL.ZS,36.2044525973484
SUR,Suriname,2009,NE.GDI.TOTL.ZS,50.1880052641474
SUR,Suriname,2008,NE.GDI.TOTL.ZS,44.3081047638688
SUR,Suriname,2007,NE.GDI.TOTL.ZS,46.1853368068478
SUR,Suriname,2006,NE.GDI.TOTL.ZS,40.1609769636414
SWE,Sweden,2025,NE.GDI.TOTL.ZS,25.4668351283759
SWE,Sweden,2024,NE.GDI.TOTL.ZS,25.1194850237718
SWE,Sweden,2023,NE.GDI.TOTL.ZS,25.2626527566229
SWE,Sweden,2022,NE.GDI.TOTL.ZS,26.9218066455024
SWE,Sweden,2021,NE.GDI.TOTL.ZS,25.2716067156906
SWE,Sweden,2020,NE.GDI.TOTL.ZS,24.4207542408468
SWE,Sweden,2019,NE.GDI.TOTL.ZS,24.4772455073125
SWE,Sweden,2018,NE.GDI.TOTL.ZS,25.3360254860097
SWE,Sweden,2017,NE.GDI.TOTL.ZS,25.0919649215298
SWE,Sweden,2016,NE.GDI.TOTL.ZS,24.3491111935187
SWE,Sweden,2015,NE.GDI.TOTL.ZS,23.7906694877918
SWE,Sweden,2014,NE.GDI.TOTL.ZS,22.8644895912017
SWE,Sweden,2013,NE.GDI.TOTL.ZS,21.899375975039
SWE,Sweden,2012,NE.GDI.TOTL.ZS,21.9937736525354
SWE,Sweden,2011,NE.GDI.TOTL.ZS,23.2373150954555
SWE,Sweden,2010,NE.GDI.TOTL.ZS,22.4219023210946
SWE,Sweden,2009,NE.GDI.TOTL.ZS,20.4603001983975
SWE,Sweden,2008,NE.GDI.TOTL.ZS,23.9610681178216
SWE,Sweden,2007,NE.GDI.TOTL.ZS,24.0781550268935
SWE,Sweden,2006,NE.GDI.TOTL.ZS,22.4549230007772
SWE,Sweden,2005,NE.GDI.TOTL.ZS,21.277313898577
CHE,Switzerland,2025,NE.GDI.TOTL.ZS,29.4875351254104
CHE,Switzerland,2024,NE.GDI.TOTL.ZS,26.7253398015124
CHE,Switzerland,2023,NE.GDI.TOTL.ZS,28.5542320055981
CHE,Switzerland,2022,NE.GDI.TOTL.ZS,26.6594304095158
CHE,Switzerland,2021,NE.GDI.TOTL.ZS,28.1537223975792
CHE,Switzerland,2020,NE.GDI.TOTL.ZS,31.3016462281195
CHE,Switzerland,2019,NE.GDI.TOTL.ZS,27.8910708551059
CHE,Switzerland,2018,NE.GDI.TOTL.ZS,27.2924547005501
CHE,Switzerland,2017,NE.GDI.TOTL.ZS,27.1836865705199
CHE,Switzerland,2016,NE.GDI.TOTL.ZS,26.6210457356761
CHE,Switzerland,2015,NE.GDI.TOTL.ZS,25.9410074917815
CHE,Switzerland,2014,NE.GDI.TOTL.ZS,26.3311648855109
CHE,Switzerland,2013,NE.GDI.TOTL.ZS,25.7348146586546
CHE,Switzerland,2012,NE.GDI.TOTL.ZS,27.1030209487493
CHE,Switzerland,2011,NE.GDI.TOTL.ZS,28.7441224133593
CHE,Switzerland,2010,NE.GDI.TOTL.ZS,26.3569227706682
CHE,Switzerland,2009,NE.GDI.TOTL.ZS,28.7707915094253
CHE,Switzerland,2008,NE.GDI.TOTL.ZS,27.637426604477
CHE,Switzerland,2007,NE.GDI.TOTL.ZS,27.1952335500482
CHE,Switzerland,2006,NE.GDI.TOTL.ZS,28.2033629386961
CHE,Switzerland,2005,NE.GDI.TOTL.ZS,27.458181859409
TJK,Tajikistan,2024,NE.GDI.TOTL.ZS,32.4253661642827
TJK,Tajikistan,2023,NE.GDI.TOTL.ZS,31.6513056719952
TJK,Tajikistan,2022,NE.GDI.TOTL.ZS,35.4675046982739
TJK,Tajikistan,2021,NE.GDI.TOTL.ZS,34.8738527231408
TJK,Tajikistan,2020,NE.GDI.TOTL.ZS,33.4749512555638
TJK,Tajikistan,2019,NE.GDI.TOTL.ZS,35.3886623401905
TJK,Tajikistan,2018,NE.GDI.TOTL.ZS,37.2634366837792
TJK,Tajikistan,2017,NE.GDI.TOTL.ZS,29.9295561525461
TJK,Tajikistan,2016,NE.GDI.TOTL.ZS,40.5223187316003
TJK,Tajikistan,2015,NE.GDI.TOTL.ZS,44.6894530560362
TJK,Tajikistan,2014,NE.GDI.TOTL.ZS,26.5156987249439
TJK,Tajikistan,2013,NE.GDI.TOTL.ZS,24.9057147542124
TJK,Tajikistan,2012,NE.GDI.TOTL.ZS,23.2673636939311
TJK,Tajikistan,2011,NE.GDI.TOTL.ZS,29.2094402931719
TJK,Tajikistan,2010,NE.GDI.TOTL.ZS,23.8461818667509
TJK,Tajikistan,2009,NE.GDI.TOTL.ZS,24.8447536175679
TJK,Tajikistan,2008,NE.GDI.TOTL.ZS,26.5087253628508
TJK,Tajikistan,2007,NE.GDI.TOTL.ZS,24.6329386773297
TJK,Tajikistan,2006,NE.GDI.TOTL.ZS,15.9664495672294
TJK,Tajikistan,2005,NE.GDI.TOTL.ZS,11.6476563150445
TZA,Tanzania,2025,NE.GDI.TOTL.ZS,40.6816628149363
TZA,Tanzania,2024,NE.GDI.TOTL.ZS,39.5681895058567
TZA,Tanzania,2023,NE.GDI.TOTL.ZS,41.0023887360591
TZA,Tanzania,2022,NE.GDI.TOTL.ZS,41.0677624080732
TZA,Tanzania,2021,NE.GDI.TOTL.ZS,39.6866788606001
TZA,Tanzania,2020,NE.GDI.TOTL.ZS,38.7464874924603
TZA,Tanzania,2019,NE.GDI.TOTL.ZS,39.7264057276571
TZA,Tanzania,2018,NE.GDI.TOTL.ZS,38.3765744836496
TZA,Tanzania,2017,NE.GDI.TOTL.ZS,32.354141404315
TZA,Tanzania,2016,NE.GDI.TOTL.ZS,32.1747860509655
TZA,Tanzania,2015,NE.GDI.TOTL.ZS,32.7586922845607
TZA,Tanzania,2014,NE.GDI.TOTL.ZS,37.6539665632561
TZA,Tanzania,2013,NE.GDI.TOTL.ZS,37.470607348423
TZA,Tanzania,2012,NE.GDI.TOTL.ZS,34.8451015083251
TZA,Tanzania,2011,NE.GDI.TOTL.ZS,34.7360333035223
TZA,Tanzania,2010,NE.GDI.TOTL.ZS,32.0172443063631
TZA,Tanzania,2009,NE.GDI.TOTL.ZS,34.3556768729289
TZA,Tanzania,2008,NE.GDI.TOTL.ZS,37.4895216967723
TZA,Tanzania,2007,NE.GDI.TOTL.ZS,32.6512173460431
TZA,Tanzania,2006,NE.GDI.TOTL.ZS,30.3239644518197
TZA,Tanzania,2005,NE.GDI.TOTL.ZS,27.3958979170045
THA,Thailand,2025,NE.GDI.TOTL.ZS,22.0706663098923
THA,Thailand,2024,NE.GDI.TOTL.ZS,21.4528153883175
THA,Thailand,2023,NE.GDI.TOTL.ZS,22.3940359236883
THA,Thailand,2022,NE.GDI.TOTL.ZS,27.8232930802592
THA,Thailand,2021,NE.GDI.TOTL.ZS,28.6772507306111
THA,Thailand,2020,NE.GDI.TOTL.ZS,23.7642761877022
THA,Thailand,2019,NE.GDI.TOTL.ZS,23.8147525746375
THA,Thailand,2018,NE.GDI.TOTL.ZS,25.2195901594439
THA,Thailand,2017,NE.GDI.TOTL.ZS,22.9342956887695
THA,Thailand,2016,NE.GDI.TOTL.ZS,21.1054892015174
THA,Thailand,2015,NE.GDI.TOTL.ZS,22.3556406383245
THA,Thailand,2014,NE.GDI.TOTL.ZS,23.9190195478501
THA,Thailand,2013,NE.GDI.TOTL.ZS,27.4571011829666
THA,Thailand,2012,NE.GDI.TOTL.ZS,28.0241657146011
THA,Thailand,2011,NE.GDI.TOTL.ZS,26.7914582468449
THA,Thailand,2010,NE.GDI.TOTL.ZS,25.3566546340746
THA,Thailand,2009,NE.GDI.TOTL.ZS,20.6363983767118
THA,Thailand,2008,NE.GDI.TOTL.ZS,28.2264349517752
THA,Thailand,2007,NE.GDI.TOTL.ZS,25.4960142904031
THA,Thailand,2006,NE.GDI.TOTL.ZS,27.0116433930542
THA,Thailand,2005,NE.GDI.TOTL.ZS,30.4207508630674
TLS,Timor-Leste,2024,NE.GDI.TOTL.ZS,30.1076509546051
TLS,Timor-Leste,2023,NE.GDI.TOTL.ZS,20.4884517844113
TLS,Timor-Leste,2022,NE.GDI.TOTL.ZS,10.6054855889013
TLS,Timor-Leste,2021,NE.GDI.TOTL.ZS,14.3998179543238
TLS,Timor-Leste,2020,NE.GDI.TOTL.ZS,16.4657004802325
TLS,Timor-Leste,2019,NE.GDI.TOTL.ZS,26.7767825093046
TLS,Timor-Leste,2018,NE.GDI.TOTL.ZS,35.9232516227947
TLS,Timor-Leste,2017,NE.GDI.TOTL.ZS,35.6344562459808
TLS,Timor-Leste,2016,NE.GDI.TOTL.ZS,39.8487599183792
TLS,Timor-Leste,2015,NE.GDI.TOTL.ZS,36.9492802033148
TLS,Timor-Leste,2014,NE.GDI.TOTL.ZS,43.1474067090044
TLS,Timor-Leste,2013,NE.GDI.TOTL.ZS,41.7887762323789
TLS,Timor-Leste,2012,NE.GDI.TOTL.ZS,60.0291239967085
TLS,Timor-Leste,2011,NE.GDI.TOTL.ZS,70.3349318094574
TLS,Timor-Leste,2010,NE.GDI.TOTL.ZS,42.7178169002187
TLS,Timor-Leste,2009,NE.GDI.TOTL.ZS,48.8640706261251
TLS,Timor-Leste,2008,NE.GDI.TOTL.ZS,31.3273873148178
TLS,Timor-Leste,2007,NE.GDI.TOTL.ZS,18.6637359122793
TLS,Timor-Leste,2006,NE.GDI.TOTL.ZS,12.1372019452067
TLS,Timor-Leste,2005,NE.GDI.TOTL.ZS,15.7907966807134
TGO,Togo,2023,NE.GDI.TOTL.ZS,22.3879847944848
TGO,Togo,2022,NE.GDI.TOTL.ZS,24.4982811109098
TGO,Togo,2021,NE.GDI.TOTL.ZS,21.5046308367343
TGO,Togo,2020,NE.GDI.TOTL.ZS,19.8105297114895
TGO,Togo,2019,NE.GDI.TOTL.ZS,18.6009271602702
TGO,Togo,2018,NE.GDI.TOTL.ZS,19.1360002540754
TGO,Togo,2017,NE.GDI.TOTL.ZS,16.8360654544298
TGO,Togo,2016,NE.GDI.TOTL.ZS,20.1572457451871
TGO,Togo,2015,NE.GDI.TOTL.ZS,25.1850151673938
TGO,Togo,2014,NE.GDI.TOTL.ZS,22.3769666612391
TGO,Togo,2013,NE.GDI.TOTL.ZS,22.1146688275227
TGO,Togo,2012,NE.GDI.TOTL.ZS,17.6964729054914
TGO,Togo,2011,NE.GDI.TOTL.ZS,19.9043015015358
TGO,Togo,2010,NE.GDI.TOTL.ZS,15.8404247844887
TGO,Togo,2009,NE.GDI.TOTL.ZS,14.4916428488121
TGO,Togo,2008,NE.GDI.TOTL.ZS,17.0859273927781
TGO,Togo,2007,NE.GDI.TOTL.ZS,18.7845380616733
TGO,Togo,2006,NE.GDI.TOTL.ZS,19.0238222894344
TGO,Togo,2005,NE.GDI.TOTL.ZS,25.1114080668295
TON,Tonga,2024,NE.GDI.TOTL.ZS,26.390288542124
TON,Tonga,2023,NE.GDI.TOTL.ZS,25.9304511318589
TON,Tonga,2022,NE.GDI.TOTL.ZS,27.3260181331013
TON,Tonga,2021,NE.GDI.TOTL.ZS,33.1404826145665
TON,Tonga,2020,NE.GDI.TOTL.ZS,24.5728749966033
TON,Tonga,2019,NE.GDI.TOTL.ZS,27.5972014371187
TON,Tonga,2018,NE.GDI.TOTL.ZS,24.5166643129828
TON,Tonga,2017,NE.GDI.TOTL.ZS,27.903074127248
TON,Tonga,2016,NE.GDI.TOTL.ZS,24.6899464621996
TON,Tonga,2015,NE.GDI.TOTL.ZS,25.3614840465699
TON,Tonga,2014,NE.GDI.TOTL.ZS,22.596914200603
TON,Tonga,2013,NE.GDI.TOTL.ZS,23.4827148315196
TON,Tonga,2012,NE.GDI.TOTL.ZS,36.4235322935616
TON,Tonga,2011,NE.GDI.TOTL.ZS,35.2538323322593
TON,Tonga,2010,NE.GDI.TOTL.ZS,29.15474136719
TON,Tonga,2009,NE.GDI.TOTL.ZS,24.6640364368878
TON,Tonga,2008,NE.GDI.TOTL.ZS,20.3560838021782
TON,Tonga,2007,NE.GDI.TOTL.ZS,20.5428386523307
TON,Tonga,2006,NE.GDI.TOTL.ZS,20.8303893305934
TON,Tonga,2005,NE.GDI.TOTL.ZS,21.9887117022834
TTO,Trinidad and Tobago,2023,NE.GDI.TOTL.ZS,18.985717034243
TTO,Trinidad and Tobago,2022,NE.GDI.TOTL.ZS,17.1792577403861
TTO,Trinidad and Tobago,2021,NE.GDI.TOTL.ZS,20.2761339172081
TTO,Trinidad and Tobago,2020,NE.GDI.TOTL.ZS,20.5150375079653
TTO,Trinidad and Tobago,2019,NE.GDI.TOTL.ZS,20.9735099987528
TTO,Trinidad and Tobago,2018,NE.GDI.TOTL.ZS,22.9190828613135
TTO,Trinidad and Tobago,2017,NE.GDI.TOTL.ZS,20.9091100828023
TTO,Trinidad and Tobago,2016,NE.GDI.TOTL.ZS,19.5545327203286
TTO,Trinidad and Tobago,2015,NE.GDI.TOTL.ZS,25.5109091379097
TTO,Trinidad and Tobago,2014,NE.GDI.TOTL.ZS,19.6970291174537
TTO,Trinidad and Tobago,2013,NE.GDI.TOTL.ZS,20.7680434052336
TTO,Trinidad and Tobago,2012,NE.GDI.TOTL.ZS,20.810738800028
TTO,Trinidad and Tobago,2011,NE.GDI.TOTL.ZS,21.8928313859828
TTO,Trinidad and Tobago,2010,NE.GDI.TOTL.ZS,23.1421157657785
TTO,Trinidad and Tobago,2009,NE.GDI.TOTL.ZS,31.4254022882359
TTO,Trinidad and Tobago,2008,NE.GDI.TOTL.ZS,23.0445264115121
TTO,Trinidad and Tobago,2007,NE.GDI.TOTL.ZS,26.5072464540625
TTO,Trinidad and Tobago,2006,NE.GDI.TOTL.ZS,17.921380553648
TTO,Trinidad and Tobago,2005,NE.GDI.TOTL.ZS,11.363899726627
TUN,Tunisia,2025,NE.GDI.TOTL.ZS,15.231584384231
TUN,Tunisia,2024,NE.GDI.TOTL.ZS,7.85819532475466
TUN,Tunisia,2023,NE.GDI.TOTL.ZS,8.20796640437897
TUN,Tunisia,2022,NE.GDI.TOTL.ZS,16.6738021219912
TUN,Tunisia,2021,NE.GDI.TOTL.ZS,15.8458804086219
TUN,Tunisia,2020,NE.GDI.TOTL.ZS,12.6882289097848
TUN,Tunisia,2019,NE.GDI.TOTL.ZS,19.803398083912
TUN,Tunisia,2018,NE.GDI.TOTL.ZS,22.9635661213165
TUN,Tunisia,2017,NE.GDI.TOTL.ZS,21.294559927067
TUN,Tunisia,2016,NE.GDI.TOTL.ZS,20.4750075823644
TUN,Tunisia,2015,NE.GDI.TOTL.ZS,21.7389997127019
TUN,Tunisia,2014,NE.GDI.TOTL.ZS,23.8646110150307
TUN,Tunisia,2013,NE.GDI.TOTL.ZS,23.8678486722665
TUN,Tunisia,2012,NE.GDI.TOTL.ZS,26.0970264685305
TUN,Tunisia,2011,NE.GDI.TOTL.ZS,25.0372425723868
TUN,Tunisia,2010,NE.GDI.TOTL.ZS,25.8362686991415
TUN,Tunisia,2009,NE.GDI.TOTL.ZS,24.2886504468516
TUN,Tunisia,2008,NE.GDI.TOTL.ZS,25.52358104832
TUN,Tunisia,2007,NE.GDI.TOTL.ZS,23.6821787042886
TUN,Tunisia,2006,NE.GDI.TOTL.ZS,23.449499739926
TUN,Tunisia,2005,NE.GDI.TOTL.ZS,21.6794440065917
TUR,Turkiye,2025,NE.GDI.TOTL.ZS,31.6666169240923
TUR,Turkiye,2024,NE.GDI.TOTL.ZS,30.7311559549208
TUR,Turkiye,2023,NE.GDI.TOTL.ZS,34.5882765114043
TUR,Turkiye,2022,NE.GDI.TOTL.ZS,38.602139717568
TUR,Turkiye,2021,NE.GDI.TOTL.ZS,34.3761444701623
TUR,Turkiye,2020,NE.GDI.TOTL.ZS,34.1540560799477
TUR,Turkiye,2019,NE.GDI.TOTL.ZS,27.5058303832163
TUR,Turkiye,2018,NE.GDI.TOTL.ZS,31.3408009091416
TUR,Turkiye,2017,NE.GDI.TOTL.ZS,32.7946921972451
TUR,Turkiye,2016,NE.GDI.TOTL.ZS,29.8288300175216
TUR,Turkiye,2015,NE.GDI.TOTL.ZS,30.062899150791
TUR,Turkiye,2014,NE.GDI.TOTL.ZS,30.2115390664919
TUR,Turkiye,2013,NE.GDI.TOTL.ZS,31.3649431990856
TUR,Turkiye,2012,NE.GDI.TOTL.ZS,29.421538205313
TUR,Turkiye,2011,NE.GDI.TOTL.ZS,31.958286232969
TUR,Turkiye,2010,NE.GDI.TOTL.ZS,28.4520777825517
TUR,Turkiye,2009,NE.GDI.TOTL.ZS,23.6948756749495
TUR,Turkiye,2008,NE.GDI.TOTL.ZS,29.7262007474574
TUR,Turkiye,2007,NE.GDI.TOTL.ZS,29.5493413273707
TUR,Turkiye,2006,NE.GDI.TOTL.ZS,30.1577149171837
TUR,Turkiye,2005,NE.GDI.TOTL.ZS,27.5674708715615
TKM,Turkmenistan,2009,NE.GDI.TOTL.ZS,46.6
TKM,Turkmenistan,2008,NE.GDI.TOTL.ZS,31.7
TKM,Turkmenistan,2007,NE.GDI.TOTL.ZS,18.6
TKM,Turkmenistan,2006,NE.GDI.TOTL.ZS,19.5019564924266
TKM,Turkmenistan,2005,NE.GDI.TOTL.ZS,22.9195946475561
UGA,Uganda,2025,NE.GDI.TOTL.ZS,22.6462066202612
UGA,Uganda,2024,NE.GDI.TOTL.ZS,22.3995184838424
UGA,Uganda,2023,NE.GDI.TOTL.ZS,22.8160132458418
UGA,Uganda,2022,NE.GDI.TOTL.ZS,24.201342621546
UGA,Uganda,2021,NE.GDI.TOTL.ZS,24.0863683469285
UGA,Uganda,2020,NE.GDI.TOTL.ZS,24.2159505553913
UGA,Uganda,2019,NE.GDI.TOTL.ZS,25.5294607796946
UGA,Uganda,2018,NE.GDI.TOTL.ZS,24.3285989781833
UGA,Uganda,2017,NE.GDI.TOTL.ZS,24.6140426859449
UGA,Uganda,2016,NE.GDI.TOTL.ZS,25.4152882648293
UGA,Uganda,2015,NE.GDI.TOTL.ZS,23.8597944507535
UGA,Uganda,2014,NE.GDI.TOTL.ZS,26.853454663727
UGA,Uganda,2013,NE.GDI.TOTL.ZS,31.9739798099079
UGA,Uganda,2012,NE.GDI.TOTL.ZS,26.1771756452378
UGA,Uganda,2011,NE.GDI.TOTL.ZS,26.7549805283512
UGA,Uganda,2010,NE.GDI.TOTL.ZS,27.1039553534011
UGA,Uganda,2009,NE.GDI.TOTL.ZS,26.6160387564841
UGA,Uganda,2008,NE.GDI.TOTL.ZS,22.9777738426393
UGA,Uganda,2007,NE.GDI.TOTL.ZS,22.0830552692819
UGA,Uganda,2006,NE.GDI.TOTL.ZS,21.130370024996
UGA,Uganda,2005,NE.GDI.TOTL.ZS,22.355145856388
UKR,Ukraine,2025,NE.GDI.TOTL.ZS,20.7791701759026
UKR,Ukraine,2024,NE.GDI.TOTL.ZS,19.2236716130871
UKR,Ukraine,2023,NE.GDI.TOTL.ZS,18.0705046393604
UKR,Ukraine,2022,NE.GDI.TOTL.ZS,12.1132886209386
UKR,Ukraine,2021,NE.GDI.TOTL.ZS,14.4674526848937
UKR,Ukraine,2020,NE.GDI.TOTL.ZS,8.93229932738453
UKR,Ukraine,2019,NE.GDI.TOTL.ZS,14.8903574828309
UKR,Ukraine,2018,NE.GDI.TOTL.ZS,18.5883388544006
UKR,Ukraine,2017,NE.GDI.TOTL.ZS,19.9647326419625
UKR,Ukraine,2016,NE.GDI.TOTL.ZS,21.7241623615989
UKR,Ukraine,2015,NE.GDI.TOTL.ZS,15.9333160342442
UKR,Ukraine,2014,NE.GDI.TOTL.ZS,13.3964957165318
UKR,Ukraine,2013,NE.GDI.TOTL.ZS,16.4257610216877
UKR,Ukraine,2012,NE.GDI.TOTL.ZS,19.6146792260413
UKR,Ukraine,2011,NE.GDI.TOTL.ZS,20.4440036822421
UKR,Ukraine,2010,NE.GDI.TOTL.ZS,18.3723680042121
UKR,Ukraine,2009,NE.GDI.TOTL.ZS,17.0684087928518
UKR,Ukraine,2008,NE.GDI.TOTL.ZS,27.3925913814733
UKR,Ukraine,2007,NE.GDI.TOTL.ZS,27.781165374794
UKR,Ukraine,2006,NE.GDI.TOTL.ZS,24.5427579298359
UKR,Ukraine,2005,NE.GDI.TOTL.ZS,22.5065325534357
ARE,United Arab Emirates,2023,NE.GDI.TOTL.ZS,26.6386668902392
ARE,United Arab Emirates,2022,NE.GDI.TOTL.ZS,26.0584868811112
ARE,United Arab Emirates,2021,NE.GDI.TOTL.ZS,25.3830113301618
ARE,United Arab Emirates,2020,NE.GDI.TOTL.ZS,22.8266628121979
ARE,United Arab Emirates,2019,NE.GDI.TOTL.ZS,23.1853277033332
ARE,United Arab Emirates,2018,NE.GDI.TOTL.ZS,21.1611360615772
ARE,United Arab Emirates,2017,NE.GDI.TOTL.ZS,20.6035924667325
ARE,United Arab Emirates,2016,NE.GDI.TOTL.ZS,20.9292470909093
ARE,United Arab Emirates,2015,NE.GDI.TOTL.ZS,21.6431987527735
ARE,United Arab Emirates,2014,NE.GDI.TOTL.ZS,22.1222043524869
ARE,United Arab Emirates,2013,NE.GDI.TOTL.ZS,21.1407306481068
ARE,United Arab Emirates,2012,NE.GDI.TOTL.ZS,23.4214180776536
ARE,United Arab Emirates,2011,NE.GDI.TOTL.ZS,24.7738344997906
ARE,United Arab Emirates,2010,NE.GDI.TOTL.ZS,28.9193120278212
ARE,United Arab Emirates,2009,NE.GDI.TOTL.ZS,31.6335487626395
ARE,United Arab Emirates,2008,NE.GDI.TOTL.ZS,25.0980915436418
ARE,United Arab Emirates,2007,NE.GDI.TOTL.ZS,25.199181321379
ARE,United Arab Emirates,2006,NE.GDI.TOTL.ZS,19.2704004545817
ARE,United Arab Emirates,2005,NE.GDI.TOTL.ZS,20.1668488070303
GBR,United Kingdom,2025,NE.GDI.TOTL.ZS,19.6884002261946
GBR,United Kingdom,2024,NE.GDI.TOTL.ZS,19.1682079957281
GBR,United Kingdom,2023,NE.GDI.TOTL.ZS,18.4594014019513
GBR,United Kingdom,2022,NE.GDI.TOTL.ZS,18.3468561370256
GBR,United Kingdom,2021,NE.GDI.TOTL.ZS,18.8987416108827
GBR,United Kingdom,2020,NE.GDI.TOTL.ZS,18.2807146353402
GBR,United Kingdom,2019,NE.GDI.TOTL.ZS,19.0285140310906
GBR,United Kingdom,2018,NE.GDI.TOTL.ZS,18.8761161911788
GBR,United Kingdom,2017,NE.GDI.TOTL.ZS,19.1317371265417
GBR,United Kingdom,2016,NE.GDI.TOTL.ZS,18.5956388685899
GBR,United Kingdom,2015,NE.GDI.TOTL.ZS,18.4755209500336
GBR,United Kingdom,2014,NE.GDI.TOTL.ZS,18.4324178455585
GBR,United Kingdom,2013,NE.GDI.TOTL.ZS,17.1697393956196
GBR,United Kingdom,2012,NE.GDI.TOTL.ZS,16.5145890011547
GBR,United Kingdom,2011,NE.GDI.TOTL.ZS,16.491680863741
GBR,United Kingdom,2010,NE.GDI.TOTL.ZS,16.6181160375508
GBR,United Kingdom,2009,NE.GDI.TOTL.ZS,15.9866102776379
GBR,United Kingdom,2008,NE.GDI.TOTL.ZS,18.2886587771819
GBR,United Kingdom,2007,NE.GDI.TOTL.ZS,19.1749332518758
GBR,United Kingdom,2006,NE.GDI.TOTL.ZS,18.909666594501
GBR,United Kingdom,2005,NE.GDI.TOTL.ZS,18.4132680657531
USA,United States,2024,NE.GDI.TOTL.ZS,21.5325967668865
USA,United States,2023,NE.GDI.TOTL.ZS,21.5701430454153
USA,United States,2022,NE.GDI.TOTL.ZS,22.0268164402666
USA,United States,2021,NE.GDI.TOTL.ZS,21.4064022284747
USA,United States,2020,NE.GDI.TOTL.ZS,21.4377205146449
USA,United States,2019,NE.GDI.TOTL.ZS,21.6698091948266
USA,United States,2018,NE.GDI.TOTL.ZS,21.5690729259474
USA,United States,2017,NE.GDI.TOTL.ZS,21.1557690246563
USA,United States,2016,NE.GDI.TOTL.ZS,20.8879562484549
USA,United States,2015,NE.GDI.TOTL.ZS,21.4151895660781
USA,United States,2014,NE.GDI.TOTL.ZS,20.9011935276745
USA,United States,2013,NE.GDI.TOTL.ZS,20.3792642750296
USA,United States,2012,NE.GDI.TOTL.ZS,19.9507258841994
USA,United States,2011,NE.GDI.TOTL.ZS,19.0335385248926
USA,United States,2010,NE.GDI.TOTL.ZS,18.6722135353972
USA,United States,2009,NE.GDI.TOTL.ZS,17.768753245858
USA,United States,2008,NE.GDI.TOTL.ZS,21.0374883665128
USA,United States,2007,NE.GDI.TOTL.ZS,22.5575761277216
USA,United States,2006,NE.GDI.TOTL.ZS,23.5375300484967
USA,United States,2005,NE.GDI.TOTL.ZS,23.3757186121201
URY,Uruguay,2025,NE.GDI.TOTL.ZS,16.1783539610716
URY,Uruguay,2024,NE.GDI.TOTL.ZS,15.9230113680645
URY,Uruguay,2023,NE.GDI.TOTL.ZS,17.6566283807228
URY,Uruguay,2022,NE.GDI.TOTL.ZS,18.6148403942578
URY,Uruguay,2021,NE.GDI.TOTL.ZS,18.1967019774225
URY,Uruguay,2020,NE.GDI.TOTL.ZS,16.2336557099158
URY,Uruguay,2019,NE.GDI.TOTL.ZS,14.1208113485001
URY,Uruguay,2018,NE.GDI.TOTL.ZS,14.8534139816678
URY,Uruguay,2017,NE.GDI.TOTL.ZS,15.9240093229089
URY,Uruguay,2016,NE.GDI.TOTL.ZS,17.3891865703063
URY,Uruguay,2015,NE.GDI.TOTL.ZS,19.7053903958941
URY,Uruguay,2014,NE.GDI.TOTL.ZS,21.2028122395297
URY,Uruguay,2013,NE.GDI.TOTL.ZS,22.4844120119644
URY,Uruguay,2012,NE.GDI.TOTL.ZS,22.9153797295437
URY,Uruguay,2011,NE.GDI.TOTL.ZS,20.8823110125109
URY,Uruguay,2010,NE.GDI.TOTL.ZS,19.4076054759968
URY,Uruguay,2009,NE.GDI.TOTL.ZS,19.6247745177406
URY,Uruguay,2008,NE.GDI.TOTL.ZS,23.2080945884283
URY,Uruguay,2007,NE.GDI.TOTL.ZS,19.5260552843706
URY,Uruguay,2006,NE.GDI.TOTL.ZS,19.4605734296218
URY,Uruguay,2005,NE.GDI.TOTL.ZS,17.6988581639875
UZB,Uzbekistan,2025,NE.GDI.TOTL.ZS,33.277986337555
UZB,Uzbekistan,2024,NE.GDI.TOTL.ZS,39.0472249923559
UZB,Uzbekistan,2023,NE.GDI.TOTL.ZS,33.0290737657093
UZB,Uzbekistan,2022,NE.GDI.TOTL.ZS,33.3171368327978
UZB,Uzbekistan,2021,NE.GDI.TOTL.ZS,35.9146303184061
UZB,Uzbekistan,2020,NE.GDI.TOTL.ZS,35.6185340527013
UZB,Uzbekistan,2019,NE.GDI.TOTL.ZS,37.5511039982581
UZB,Uzbekistan,2018,NE.GDI.TOTL.ZS,33.4959684906661
UZB,Uzbekistan,2017,NE.GDI.TOTL.ZS,26.2597739110439
UZB,Uzbekistan,2016,NE.GDI.TOTL.ZS,23.7962055076888
UZB,Uzbekistan,2015,NE.GDI.TOTL.ZS,24.424590799647
UZB,Uzbekistan,2014,NE.GDI.TOTL.ZS,25.9149119018393
UZB,Uzbekistan,2013,NE.GDI.TOTL.ZS,25.4549637024881
UZB,Uzbekistan,2012,NE.GDI.TOTL.ZS,28.061546236388
UZB,Uzbekistan,2011,NE.GDI.TOTL.ZS,24.939068190188
UZB,Uzbekistan,2010,NE.GDI.TOTL.ZS,25.544196023924
UZB,Uzbekistan,2009,NE.GDI.TOTL.ZS,29.9477879762474
UZB,Uzbekistan,2008,NE.GDI.TOTL.ZS,32.0363460936417
UZB,Uzbekistan,2007,NE.GDI.TOTL.ZS,28.2057467186946
UZB,Uzbekistan,2006,NE.GDI.TOTL.ZS,29.6100809944662
UZB,Uzbekistan,2005,NE.GDI.TOTL.ZS,28.0
VUT,Vanuatu,2024,NE.GDI.TOTL.ZS,26.085691564676
VUT,Vanuatu,2023,NE.GDI.TOTL.ZS,22.2749819816
VUT,Vanuatu,2022,NE.GDI.TOTL.ZS,20.8892768980673
VUT,Vanuatu,2021,NE.GDI.TOTL.ZS,16.8907970130803
VUT,Vanuatu,2020,NE.GDI.TOTL.ZS,18.6731182062903
VUT,Vanuatu,2019,NE.GDI.TOTL.ZS,16.3587697259307
VUT,Vanuatu,2018,NE.GDI.TOTL.ZS,22.8844719406783
VUT,Vanuatu,2017,NE.GDI.TOTL.ZS,28.6272907126868
VUT,Vanuatu,2016,NE.GDI.TOTL.ZS,28.8838841885284
VUT,Vanuatu,2015,NE.GDI.TOTL.ZS,28.2316975060338
VUT,Vanuatu,2014,NE.GDI.TOTL.ZS,18.1571053618298
VUT,Vanuatu,2013,NE.GDI.TOTL.ZS,19.59129167024
VUT,Vanuatu,2012,NE.GDI.TOTL.ZS,24.088455209446
VUT,Vanuatu,2011,NE.GDI.TOTL.ZS,28.7250562368478
VUT,Vanuatu,2010,NE.GDI.TOTL.ZS,37.0068927318604
VUT,Vanuatu,2009,NE.GDI.TOTL.ZS,41.6412412855494
VUT,Vanuatu,2008,NE.GDI.TOTL.ZS,41.7403070343952
VUT,Vanuatu,2007,NE.GDI.TOTL.ZS,32.8934931377368
VUT,Vanuatu,2006,NE.GDI.TOTL.ZS,28.547036678941
VUT,Vanuatu,2005,NE.GDI.TOTL.ZS,24.1193102808937
VEN,"Venezuela, RB",2025,NE.GDI.TOTL.ZS,5.92724285755004
VEN,"Venezuela, RB",2024,NE.GDI.TOTL.ZS,4.86458355999449
VEN,"Venezuela, RB",2023,NE.GDI.TOTL.ZS,5.3259688045833
VEN,"Venezuela, RB",2022,NE.GDI.TOTL.ZS,6.16853810249129
VEN,"Venezuela, RB",2021,NE.GDI.TOTL.ZS,8.85637884091793
VEN,"Venezuela, RB",2020,NE.GDI.TOTL.ZS,9.20649250274934
VEN,"Venezuela, RB",2019,NE.GDI.TOTL.ZS,6.80095495959519
VEN,"Venezuela, RB",2018,NE.GDI.TOTL.ZS,4.27688895929035
VEN,"Venezuela, RB",2017,NE.GDI.TOTL.ZS,5.11494252873563
VEN,"Venezuela, RB",2016,NE.GDI.TOTL.ZS,10.2506963788301
VEN,"Venezuela, RB",2015,NE.GDI.TOTL.ZS,19.4339622641509
VEN,"Venezuela, RB",2014,NE.GDI.TOTL.ZS,19.7297297297297
VEN,"Venezuela, RB",2013,NE.GDI.TOTL.ZS,31.7622950819672
VEN,"Venezuela, RB",2012,NE.GDI.TOTL.ZS,23.8728323699422
VEN,"Venezuela, RB",2011,NE.GDI.TOTL.ZS,0.0
VEN,"Venezuela, RB",2010,NE.GDI.TOTL.ZS,0.0
VEN,"Venezuela, RB",2009,NE.GDI.TOTL.ZS,0.0
VEN,"Venezuela, RB",2008,NE.GDI.TOTL.ZS,0.0
VEN,"Venezuela, RB",2007,NE.GDI.TOTL.ZS,0.0
VEN,"Venezuela, RB",2006,NE.GDI.TOTL.ZS,0.0
VEN,"Venezuela, RB",2005,NE.GDI.TOTL.ZS,0.0
VNM,Viet Nam,2025,NE.GDI.TOTL.ZS,30.7951346149846
VNM,Viet Nam,2024,NE.GDI.TOTL.ZS,30.5847264337631
VNM,Viet Nam,2023,NE.GDI.TOTL.ZS,31.6683495522758
VNM,Viet Nam,2022,NE.GDI.TOTL.ZS,32.3404994444961
VNM,Viet Nam,2021,NE.GDI.TOTL.ZS,32.8956023366901
VNM,Viet Nam,2020,NE.GDI.TOTL.ZS,31.915688393806
VNM,Viet Nam,2019,NE.GDI.TOTL.ZS,31.9799606565797
VNM,Viet Nam,2018,NE.GDI.TOTL.ZS,32.019502902433
VNM,Viet Nam,2017,NE.GDI.TOTL.ZS,32.305300920099
VNM,Viet Nam,2016,NE.GDI.TOTL.ZS,31.7245390951042
VNM,Viet Nam,2015,NE.GDI.TOTL.ZS,32.1089158178217
VNM,Viet Nam,2014,NE.GDI.TOTL.ZS,30.2890267860991
VNM,Viet Nam,2013,NE.GDI.TOTL.ZS,30.2129034609593
VNM,Viet Nam,2012,NE.GDI.TOTL.ZS,30.5592897696566
VNM,Viet Nam,2011,NE.GDI.TOTL.ZS,32.3711434429224
VNM,Viet Nam,2010,NE.GDI.TOTL.ZS,37.0990761715168
VNM,Viet Nam,2009,NE.GDI.TOTL.ZS,37.1625554335215
VNM,Viet Nam,2008,NE.GDI.TOTL.ZS,36.4931217965814
VNM,Viet Nam,2007,NE.GDI.TOTL.ZS,39.5662708970146
VNM,Viet Nam,2006,NE.GDI.TOTL.ZS,34.5366510764767
VNM,Viet Nam,2005,NE.GDI.TOTL.ZS,33.7574028912441
PSE,West Bank and Gaza,2025,NE.GDI.TOTL.ZS,25.5890628003565
PSE,West Bank and Gaza,2024,NE.GDI.TOTL.ZS,23.6400302180821
PSE,West Bank and Gaza,2023,NE.GDI.TOTL.ZS,25.0806274181518
PSE,West Bank and Gaza,2022,NE.GDI.TOTL.ZS,26.5231796718061
PSE,West Bank and Gaza,2021,NE.GDI.TOTL.ZS,25.4514329891214
PSE,West Bank and Gaza,2020,NE.GDI.TOTL.ZS,24.3038431079663
PSE,West Bank and Gaza,2019,NE.GDI.TOTL.ZS,26.8012957072402
PSE,West Bank and Gaza,2018,NE.GDI.TOTL.ZS,28.3265546858681
PSE,West Bank and Gaza,2017,NE.GDI.TOTL.ZS,27.5725446428571
PSE,West Bank and Gaza,2016,NE.GDI.TOTL.ZS,25.2528334220468
PSE,West Bank and Gaza,2015,NE.GDI.TOTL.ZS,25.0880306890727
PSE,West Bank and Gaza,2014,NE.GDI.TOTL.ZS,22.528717556488
PSE,West Bank and Gaza,2013,NE.GDI.TOTL.ZS,22.6939439902334
PSE,West Bank and Gaza,2012,NE.GDI.TOTL.ZS,19.4824874676452
PSE,West Bank and Gaza,2011,NE.GDI.TOTL.ZS,16.6617498502606
PSE,West Bank and Gaza,2010,NE.GDI.TOTL.ZS,19.847131126375
PSE,West Bank and Gaza,2009,NE.GDI.TOTL.ZS,18.6106335876919
PSE,West Bank and Gaza,2008,NE.GDI.TOTL.ZS,18.7664149704531
PSE,West Bank and Gaza,2007,NE.GDI.TOTL.ZS,20.7180562958887
PSE,West Bank and Gaza,2006,NE.GDI.TOTL.ZS,21.5975169680085
PSE,West Bank and Gaza,2005,NE.GDI.TOTL.ZS,24.2171800924752
YEM,"Yemen, Rep.",2018,NE.GDI.TOTL.ZS,6.17671942043548
YEM,"Yemen, Rep.",2017,NE.GDI.TOTL.ZS,2.07229521886868
YEM,"Yemen, Rep.",2016,NE.GDI.TOTL.ZS,1.42925784388708
YEM,"Yemen, Rep.",2015,NE.GDI.TOTL.ZS,1.65634244893033
YEM,"Yemen, Rep.",2014,NE.GDI.TOTL.ZS,6.69826178718153
YEM,"Yemen, Rep.",2013,NE.GDI.TOTL.ZS,8.1057860253692
YEM,"Yemen, Rep.",2012,NE.GDI.TOTL.ZS,8.70430583413214
YEM,"Yemen, Rep.",2011,NE.GDI.TOTL.ZS,5.5005264777992
YEM,"Yemen, Rep.",2010,NE.GDI.TOTL.ZS,11.66108310249
YEM,"Yemen, Rep.",2009,NE.GDI.TOTL.ZS,13.5448141590362
YEM,"Yemen, Rep.",2008,NE.GDI.TOTL.ZS,15.4159109184981
YEM,"Yemen, Rep.",2007,NE.GDI.TOTL.ZS,17.1942959985092
YEM,"Yemen, Rep.",2006,NE.GDI.TOTL.ZS,16.3837695995646
YEM,"Yemen, Rep.",2005,NE.GDI.TOTL.ZS,18.5296186599287
ZMB,Zambia,2024,NE.GDI.TOTL.ZS,23.7884862636697
ZMB,Zambia,2023,NE.GDI.TOTL.ZS,31.4450686240954
ZMB,Zambia,2022,NE.GDI.TOTL.ZS,26.980508150543
ZMB,Zambia,2021,NE.GDI.TOTL.ZS,31.3669178305336
ZMB,Zambia,2020,NE.GDI.TOTL.ZS,32.2448509806584
ZMB,Zambia,2019,NE.GDI.TOTL.ZS,39.2619086467844
ZMB,Zambia,2018,NE.GDI.TOTL.ZS,38.5885582958265
ZMB,Zambia,2017,NE.GDI.TOTL.ZS,41.0018208583077
ZMB,Zambia,2016,NE.GDI.TOTL.ZS,38.2062329128451
ZMB,Zambia,2015,NE.GDI.TOTL.ZS,42.8051164515408
ZMB,Zambia,2014,NE.GDI.TOTL.ZS,34.0692641856177
ZMB,Zambia,2013,NE.GDI.TOTL.ZS,33.8029886804422
ZMB,Zambia,2012,NE.GDI.TOTL.ZS,31.5179510511994
ZMB,Zambia,2011,NE.GDI.TOTL.ZS,32.889211245159
ZMB,Zambia,2010,NE.GDI.TOTL.ZS,29.8775153023967
ZWE,Zimbabwe,2024,NE.GDI.TOTL.ZS,8.84991575620184
ZWE,Zimbabwe,2023,NE.GDI.TOTL.ZS,10.0230432587302
ZWE,Zimbabwe,2022,NE.GDI.TOTL.ZS,7.63751490457867
ZWE,Zimbabwe,2021,NE.GDI.TOTL.ZS,9.97052205275027
ZWE,Zimbabwe,2020,NE.GDI.TOTL.ZS,7.34496201039336
ZWE,Zimbabwe,2019,NE.GDI.TOTL.ZS,6.58581233934153
ZWE,Zimbabwe,2018,NE.GDI.TOTL.ZS,14.1484443423452
ZWE,Zimbabwe,2017,NE.GDI.TOTL.ZS,14.7022431781545
ZWE,Zimbabwe,2016,NE.GDI.TOTL.ZS,9.86174106545716
ZWE,Zimbabwe,2015,NE.GDI.TOTL.ZS,10.0359230470755
ZWE,Zimbabwe,2014,NE.GDI.TOTL.ZS,9.63958883391864
ZWE,Zimbabwe,2013,NE.GDI.TOTL.ZS,9.20906247136893
ZWE,Zimbabwe,2012,NE.GDI.TOTL.ZS,9.85633778141151
ZWE,Zimbabwe,2011,NE.GDI.TOTL.ZS,17.3984690623007
ZWE,Zimbabwe,2010,NE.GDI.TOTL.ZS,18.7628395343529
ZWE,Zimbabwe,2009,NE.GDI.TOTL.ZS,12.7472016131117
ZWE,Zimbabwe,2008,NE.GDI.TOTL.ZS,5.12675418741512
ZWE,Zimbabwe,2007,NE.GDI.TOTL.ZS,7.11081731904245
ZWE,Zimbabwe,2006,NE.GDI.TOTL.ZS,1.5697434249782
ZWE,Zimbabwe,2005,NE.GDI.TOTL.ZS,1.52390049060044
