country_code,country_name,year,indicator_code,value
AFE,Africa Eastern and Southern,2025,NY.GDP.MKTP.KD.ZG,3.7430158719504
AFE,Africa Eastern and Southern,2024,NY.GDP.MKTP.KD.ZG,2.78793146807502
AFE,Africa Eastern and Southern,2023,NY.GDP.MKTP.KD.ZG,1.94138157772015
AFE,Africa Eastern and Southern,2022,NY.GDP.MKTP.KD.ZG,3.66802914041513
AFE,Africa Eastern and Southern,2021,NY.GDP.MKTP.KD.ZG,4.45264295607002
AFE,Africa Eastern and Southern,2020,NY.GDP.MKTP.KD.ZG,-2.93076411386527
AFE,Africa Eastern and Southern,2019,NY.GDP.MKTP.KD.ZG,1.93559262617022
AFE,Africa Eastern and Southern,2018,NY.GDP.MKTP.KD.ZG,2.70620741957582
AFE,Africa Eastern and Southern,2017,NY.GDP.MKTP.KD.ZG,2.67886266771569
AFE,Africa Eastern and Southern,2016,NY.GDP.MKTP.KD.ZG,2.2925005812875
AFE,Africa Eastern and Southern,2015,NY.GDP.MKTP.KD.ZG,2.93390345864022
AFE,Africa Eastern and Southern,2014,NY.GDP.MKTP.KD.ZG,3.91636174876319
AFE,Africa Eastern and Southern,2013,NY.GDP.MKTP.KD.ZG,4.63400008423696
AFE,Africa Eastern and Southern,2012,NY.GDP.MKTP.KD.ZG,1.88012979444004
AFE,Africa Eastern and Southern,2011,NY.GDP.MKTP.KD.ZG,3.79124046178791
AFE,Africa Eastern and Southern,2010,NY.GDP.MKTP.KD.ZG,5.33521275751254
AFE,Africa Eastern and Southern,2009,NY.GDP.MKTP.KD.ZG,0.91891690275223
AFE,Africa Eastern and Southern,2008,NY.GDP.MKTP.KD.ZG,4.4393342303769
AFE,Africa Eastern and Southern,2007,NY.GDP.MKTP.KD.ZG,6.70236334242323
AFE,Africa Eastern and Southern,2006,NY.GDP.MKTP.KD.ZG,6.6374603516137
AFE,Africa Eastern and Southern,2005,NY.GDP.MKTP.KD.ZG,6.17372940633642
AFW,Africa Western and Central,2025,NY.GDP.MKTP.KD.ZG,4.6000999560392
AFW,Africa Western and Central,2024,NY.GDP.MKTP.KD.ZG,4.59618335068083
AFW,Africa Western and Central,2023,NY.GDP.MKTP.KD.ZG,3.64459087867006
AFW,Africa Western and Central,2022,NY.GDP.MKTP.KD.ZG,4.47710763731639
AFW,Africa Western and Central,2021,NY.GDP.MKTP.KD.ZG,2.54547274764256
AFW,Africa Western and Central,2020,NY.GDP.MKTP.KD.ZG,-3.71879330346492
AFW,Africa Western and Central,2019,NY.GDP.MKTP.KD.ZG,3.28314241472725
AFW,Africa Western and Central,2018,NY.GDP.MKTP.KD.ZG,2.89995418634321
AFW,Africa Western and Central,2017,NY.GDP.MKTP.KD.ZG,2.30276059142707
AFW,Africa Western and Central,2016,NY.GDP.MKTP.KD.ZG,0.176171718599761
AFW,Africa Western and Central,2015,NY.GDP.MKTP.KD.ZG,2.93291103762179
AFW,Africa Western and Central,2014,NY.GDP.MKTP.KD.ZG,5.69152337171586
AFW,Africa Western and Central,2013,NY.GDP.MKTP.KD.ZG,6.04665420359198
AFW,Africa Western and Central,2012,NY.GDP.MKTP.KD.ZG,5.12968971306577
AFW,Africa Western and Central,2011,NY.GDP.MKTP.KD.ZG,4.92203183140791
AFW,Africa Western and Central,2010,NY.GDP.MKTP.KD.ZG,7.0006469900289
AFW,Africa Western and Central,2009,NY.GDP.MKTP.KD.ZG,6.14105587787854
AFW,Africa Western and Central,2008,NY.GDP.MKTP.KD.ZG,6.21065559988834
AFW,Africa Western and Central,2007,NY.GDP.MKTP.KD.ZG,5.44733984006633
AFW,Africa Western and Central,2006,NY.GDP.MKTP.KD.ZG,5.28746933049445
AFW,Africa Western and Central,2005,NY.GDP.MKTP.KD.ZG,5.79749541210572
ARB,Arab World,2025,NY.GDP.MKTP.KD.ZG,3.67757993848036
ARB,Arab World,2024,NY.GDP.MKTP.KD.ZG,2.00521809439076
ARB,Arab World,2023,NY.GDP.MKTP.KD.ZG,1.6487292798157
ARB,Arab World,2022,NY.GDP.MKTP.KD.ZG,6.99667634282584
ARB,Arab World,2021,NY.GDP.MKTP.KD.ZG,4.43140396719774
ARB,Arab World,2020,NY.GDP.MKTP.KD.ZG,-5.28641417078185
ARB,Arab World,2019,NY.GDP.MKTP.KD.ZG,1.74949238304778
ARB,Arab World,2018,NY.GDP.MKTP.KD.ZG,2.67038341212846
ARB,Arab World,2017,NY.GDP.MKTP.KD.ZG,1.33126991214532
ARB,Arab World,2016,NY.GDP.MKTP.KD.ZG,3.57245633977796
ARB,Arab World,2015,NY.GDP.MKTP.KD.ZG,3.34998278420424
ARB,Arab World,2014,NY.GDP.MKTP.KD.ZG,2.58777358070404
ARB,Arab World,2013,NY.GDP.MKTP.KD.ZG,2.58564644333576
ARB,Arab World,2012,NY.GDP.MKTP.KD.ZG,5.48137966421484
ARB,Arab World,2011,NY.GDP.MKTP.KD.ZG,3.84860676614113
ARB,Arab World,2010,NY.GDP.MKTP.KD.ZG,4.7365057444004
ARB,Arab World,2009,NY.GDP.MKTP.KD.ZG,0.680947994132524
ARB,Arab World,2008,NY.GDP.MKTP.KD.ZG,5.59733997180274
ARB,Arab World,2007,NY.GDP.MKTP.KD.ZG,4.62941134633037
ARB,Arab World,2006,NY.GDP.MKTP.KD.ZG,6.30821136348678
ARB,Arab World,2005,NY.GDP.MKTP.KD.ZG,5.57907161645375
CSS,Caribbean small states,2025,NY.GDP.MKTP.KD.ZG,7.97505570265018
CSS,Caribbean small states,2024,NY.GDP.MKTP.KD.ZG,13.3281652583601
CSS,Caribbean small states,2023,NY.GDP.MKTP.KD.ZG,8.80514656985758
CSS,Caribbean small states,2022,NY.GDP.MKTP.KD.ZG,14.7413556305504
CSS,Caribbean small states,2021,NY.GDP.MKTP.KD.ZG,7.23640467044548
CSS,Caribbean small states,2020,NY.GDP.MKTP.KD.ZG,-9.27326845637317
CSS,Caribbean small states,2019,NY.GDP.MKTP.KD.ZG,0.865089017714141
CSS,Caribbean small states,2018,NY.GDP.MKTP.KD.ZG,1.31016136681117
CSS,Caribbean small states,2017,NY.GDP.MKTP.KD.ZG,-0.750655745538538
CSS,Caribbean small states,2016,NY.GDP.MKTP.KD.ZG,-3.08739815275796
CSS,Caribbean small states,2015,NY.GDP.MKTP.KD.ZG,-0.064034306514273
CSS,Caribbean small states,2014,NY.GDP.MKTP.KD.ZG,2.59734828019873
CSS,Caribbean small states,2013,NY.GDP.MKTP.KD.ZG,1.56870134511247
CSS,Caribbean small states,2012,NY.GDP.MKTP.KD.ZG,4.11419015906178
CSS,Caribbean small states,2011,NY.GDP.MKTP.KD.ZG,0.914568192401248
CSS,Caribbean small states,2010,NY.GDP.MKTP.KD.ZG,1.18336086368814
CSS,Caribbean small states,2009,NY.GDP.MKTP.KD.ZG,-3.39775809838443
CSS,Caribbean small states,2008,NY.GDP.MKTP.KD.ZG,1.69605989900055
CSS,Caribbean small states,2007,NY.GDP.MKTP.KD.ZG,3.84066022512839
CSS,Caribbean small states,2006,NY.GDP.MKTP.KD.ZG,7.8259368156711
CSS,Caribbean small states,2005,NY.GDP.MKTP.KD.ZG,4.39368382787195
CEB,Central Europe and the Baltics,2025,NY.GDP.MKTP.KD.ZG,2.36701156809835
CEB,Central Europe and the Baltics,2024,NY.GDP.MKTP.KD.ZG,2.09534007010555
CEB,Central Europe and the Baltics,2023,NY.GDP.MKTP.KD.ZG,0.720328299990356
CEB,Central Europe and the Baltics,2022,NY.GDP.MKTP.KD.ZG,4.03989151407053
CEB,Central Europe and the Baltics,2021,NY.GDP.MKTP.KD.ZG,6.57271679525719
CEB,Central Europe and the Baltics,2020,NY.GDP.MKTP.KD.ZG,-3.30110758026468
CEB,Central Europe and the Baltics,2019,NY.GDP.MKTP.KD.ZG,4.03232614160713
CEB,Central Europe and the Baltics,2018,NY.GDP.MKTP.KD.ZG,4.95337220818838
CEB,Central Europe and the Baltics,2017,NY.GDP.MKTP.KD.ZG,5.10713071566526
CEB,Central Europe and the Baltics,2016,NY.GDP.MKTP.KD.ZG,2.80724942330426
CEB,Central Europe and the Baltics,2015,NY.GDP.MKTP.KD.ZG,4.0016836383322
CEB,Central Europe and the Baltics,2014,NY.GDP.MKTP.KD.ZG,3.26192805394494
CEB,Central Europe and the Baltics,2013,NY.GDP.MKTP.KD.ZG,0.667909229803371
CEB,Central Europe and the Baltics,2012,NY.GDP.MKTP.KD.ZG,0.837973326874717
CEB,Central Europe and the Baltics,2011,NY.GDP.MKTP.KD.ZG,3.60057081921423
CEB,Central Europe and the Baltics,2010,NY.GDP.MKTP.KD.ZG,1.53847163388305
CEB,Central Europe and the Baltics,2009,NY.GDP.MKTP.KD.ZG,-3.62223808148092
CEB,Central Europe and the Baltics,2008,NY.GDP.MKTP.KD.ZG,3.96223002088354
CEB,Central Europe and the Baltics,2007,NY.GDP.MKTP.KD.ZG,6.33884003829688
CEB,Central Europe and the Baltics,2006,NY.GDP.MKTP.KD.ZG,6.6405738972018
CEB,Central Europe and the Baltics,2005,NY.GDP.MKTP.KD.ZG,4.90989973946046
EAR,Early-demographic dividend,2025,NY.GDP.MKTP.KD.ZG,4.3721639998719
EAR,Early-demographic dividend,2024,NY.GDP.MKTP.KD.ZG,3.86155873347995
EAR,Early-demographic dividend,2023,NY.GDP.MKTP.KD.ZG,4.12336017326531
EAR,Early-demographic dividend,2022,NY.GDP.MKTP.KD.ZG,6.02429179462496
EAR,Early-demographic dividend,2021,NY.GDP.MKTP.KD.ZG,7.50689561708779
EAR,Early-demographic dividend,2020,NY.GDP.MKTP.KD.ZG,-4.28342682037605
EAR,Early-demographic dividend,2019,NY.GDP.MKTP.KD.ZG,2.27263621294111
EAR,Early-demographic dividend,2018,NY.GDP.MKTP.KD.ZG,3.61280978921729
EAR,Early-demographic dividend,2017,NY.GDP.MKTP.KD.ZG,4.49000658496557
EAR,Early-demographic dividend,2016,NY.GDP.MKTP.KD.ZG,4.14710614319185
EAR,Early-demographic dividend,2015,NY.GDP.MKTP.KD.ZG,4.25265763904281
EAR,Early-demographic dividend,2014,NY.GDP.MKTP.KD.ZG,3.99422690284999
EAR,Early-demographic dividend,2013,NY.GDP.MKTP.KD.ZG,4.03848297590133
EAR,Early-demographic dividend,2012,NY.GDP.MKTP.KD.ZG,4.23328826662316
EAR,Early-demographic dividend,2011,NY.GDP.MKTP.KD.ZG,4.95819877551402
EAR,Early-demographic dividend,2010,NY.GDP.MKTP.KD.ZG,6.38059450478228
EAR,Early-demographic dividend,2009,NY.GDP.MKTP.KD.ZG,0.655851893556942
EAR,Early-demographic dividend,2008,NY.GDP.MKTP.KD.ZG,3.49041426700092
EAR,Early-demographic dividend,2007,NY.GDP.MKTP.KD.ZG,5.77038884068696
EAR,Early-demographic dividend,2006,NY.GDP.MKTP.KD.ZG,6.14264964315907
EAR,Early-demographic dividend,2005,NY.GDP.MKTP.KD.ZG,5.97001818863059
EAS,East Asia & Pacific,2025,NY.GDP.MKTP.KD.ZG,3.99734138634533
EAS,East Asia & Pacific,2024,NY.GDP.MKTP.KD.ZG,3.72534172801831
EAS,East Asia & Pacific,2023,NY.GDP.MKTP.KD.ZG,4.07119548974431
EAS,East Asia & Pacific,2022,NY.GDP.MKTP.KD.ZG,3.05155877820648
EAS,East Asia & Pacific,2021,NY.GDP.MKTP.KD.ZG,6.48037639158159
EAS,East Asia & Pacific,2020,NY.GDP.MKTP.KD.ZG,-0.0906651751610497
EAS,East Asia & Pacific,2019,NY.GDP.MKTP.KD.ZG,4.04090596808282
EAS,East Asia & Pacific,2018,NY.GDP.MKTP.KD.ZG,4.81200310102888
EAS,East Asia & Pacific,2017,NY.GDP.MKTP.KD.ZG,5.03667021498299
EAS,East Asia & Pacific,2016,NY.GDP.MKTP.KD.ZG,4.63114688285732
EAS,East Asia & Pacific,2015,NY.GDP.MKTP.KD.ZG,4.75890325549717
EAS,East Asia & Pacific,2014,NY.GDP.MKTP.KD.ZG,4.9189377834641
EAS,East Asia & Pacific,2013,NY.GDP.MKTP.KD.ZG,5.26825336357302
EAS,East Asia & Pacific,2012,NY.GDP.MKTP.KD.ZG,5.26477108258987
EAS,East Asia & Pacific,2011,NY.GDP.MKTP.KD.ZG,5.38208683103147
EAS,East Asia & Pacific,2010,NY.GDP.MKTP.KD.ZG,7.62507918660509
EAS,East Asia & Pacific,2009,NY.GDP.MKTP.KD.ZG,2.5280347869773
EAS,East Asia & Pacific,2008,NY.GDP.MKTP.KD.ZG,4.42839504983037
EAS,East Asia & Pacific,2007,NY.GDP.MKTP.KD.ZG,7.54059783352584
EAS,East Asia & Pacific,2006,NY.GDP.MKTP.KD.ZG,6.52205902973589
EAS,East Asia & Pacific,2005,NY.GDP.MKTP.KD.ZG,5.95866760278074
EAP,East Asia & Pacific (excluding high income),2025,NY.GDP.MKTP.KD.ZG,4.9444935536329
EAP,East Asia & Pacific (excluding high income),2024,NY.GDP.MKTP.KD.ZG,4.95407477892253
EAP,East Asia & Pacific (excluding high income),2023,NY.GDP.MKTP.KD.ZG,5.26014161362973
EAP,East Asia & Pacific (excluding high income),2022,NY.GDP.MKTP.KD.ZG,3.54917734794495
EAP,East Asia & Pacific (excluding high income),2021,NY.GDP.MKTP.KD.ZG,7.72023040471529
EAP,East Asia & Pacific (excluding high income),2020,NY.GDP.MKTP.KD.ZG,1.34340856610488
EAP,East Asia & Pacific (excluding high income),2019,NY.GDP.MKTP.KD.ZG,5.88489228328295
EAP,East Asia & Pacific (excluding high income),2018,NY.GDP.MKTP.KD.ZG,6.53800447051142
EAP,East Asia & Pacific (excluding high income),2017,NY.GDP.MKTP.KD.ZG,6.66666534648019
EAP,East Asia & Pacific (excluding high income),2016,NY.GDP.MKTP.KD.ZG,6.50852874508779
EAP,East Asia & Pacific (excluding high income),2015,NY.GDP.MKTP.KD.ZG,6.66372817923681
EAP,East Asia & Pacific (excluding high income),2014,NY.GDP.MKTP.KD.ZG,7.0222319266325
EAP,East Asia & Pacific (excluding high income),2013,NY.GDP.MKTP.KD.ZG,7.31723526739178
EAP,East Asia & Pacific (excluding high income),2012,NY.GDP.MKTP.KD.ZG,7.58043870245959
EAP,East Asia & Pacific (excluding high income),2011,NY.GDP.MKTP.KD.ZG,8.58533451743794
EAP,East Asia & Pacific (excluding high income),2010,NY.GDP.MKTP.KD.ZG,9.89414087548133
EAP,East Asia & Pacific (excluding high income),2009,NY.GDP.MKTP.KD.ZG,8.01868331119975
EAP,East Asia & Pacific (excluding high income),2008,NY.GDP.MKTP.KD.ZG,8.64761844843865
EAP,East Asia & Pacific (excluding high income),2007,NY.GDP.MKTP.KD.ZG,12.4522417096462
EAP,East Asia & Pacific (excluding high income),2006,NY.GDP.MKTP.KD.ZG,11.0706988715604
EAP,East Asia & Pacific (excluding high income),2005,NY.GDP.MKTP.KD.ZG,10.0457997513716
TEA,East Asia & Pacific (IDA & IBRD countries),2025,NY.GDP.MKTP.KD.ZG,4.94449693162349
TEA,East Asia & Pacific (IDA & IBRD countries),2024,NY.GDP.MKTP.KD.ZG,4.95413752144529
TEA,East Asia & Pacific (IDA & IBRD countries),2023,NY.GDP.MKTP.KD.ZG,5.2600647393007
TEA,East Asia & Pacific (IDA & IBRD countries),2022,NY.GDP.MKTP.KD.ZG,3.5491103392587
TEA,East Asia & Pacific (IDA & IBRD countries),2021,NY.GDP.MKTP.KD.ZG,7.71993890573823
TEA,East Asia & Pacific (IDA & IBRD countries),2020,NY.GDP.MKTP.KD.ZG,1.34329202401489
TEA,East Asia & Pacific (IDA & IBRD countries),2019,NY.GDP.MKTP.KD.ZG,5.88481120447702
TEA,East Asia & Pacific (IDA & IBRD countries),2018,NY.GDP.MKTP.KD.ZG,6.53783889633732
TEA,East Asia & Pacific (IDA & IBRD countries),2017,NY.GDP.MKTP.KD.ZG,6.66638400332221
TEA,East Asia & Pacific (IDA & IBRD countries),2016,NY.GDP.MKTP.KD.ZG,6.50841250220505
TEA,East Asia & Pacific (IDA & IBRD countries),2015,NY.GDP.MKTP.KD.ZG,6.66374638813893
TEA,East Asia & Pacific (IDA & IBRD countries),2014,NY.GDP.MKTP.KD.ZG,7.02222532623085
TEA,East Asia & Pacific (IDA & IBRD countries),2013,NY.GDP.MKTP.KD.ZG,7.3170154101466
TEA,East Asia & Pacific (IDA & IBRD countries),2012,NY.GDP.MKTP.KD.ZG,7.58039439959404
TEA,East Asia & Pacific (IDA & IBRD countries),2011,NY.GDP.MKTP.KD.ZG,8.58526373940811
TEA,East Asia & Pacific (IDA & IBRD countries),2010,NY.GDP.MKTP.KD.ZG,9.8937176385907
TEA,East Asia & Pacific (IDA & IBRD countries),2009,NY.GDP.MKTP.KD.ZG,8.01813058739246
TEA,East Asia & Pacific (IDA & IBRD countries),2008,NY.GDP.MKTP.KD.ZG,8.64714723897988
TEA,East Asia & Pacific (IDA & IBRD countries),2007,NY.GDP.MKTP.KD.ZG,12.4514594274886
TEA,East Asia & Pacific (IDA & IBRD countries),2006,NY.GDP.MKTP.KD.ZG,11.0701698073483
TEA,East Asia & Pacific (IDA & IBRD countries),2005,NY.GDP.MKTP.KD.ZG,10.0453479369689
EMU,Euro area,2025,NY.GDP.MKTP.KD.ZG,1.41107242318353
EMU,Euro area,2024,NY.GDP.MKTP.KD.ZG,0.938707263867073
EMU,Euro area,2023,NY.GDP.MKTP.KD.ZG,0.460070365687699
EMU,Euro area,2022,NY.GDP.MKTP.KD.ZG,3.66468497532753
EMU,Euro area,2021,NY.GDP.MKTP.KD.ZG,6.44349747359811
EMU,Euro area,2020,NY.GDP.MKTP.KD.ZG,-6.04374915754508
EMU,Euro area,2019,NY.GDP.MKTP.KD.ZG,1.63208944796722
EMU,Euro area,2018,NY.GDP.MKTP.KD.ZG,1.78229304985051
EMU,Euro area,2017,NY.GDP.MKTP.KD.ZG,2.62315671239708
EMU,Euro area,2016,NY.GDP.MKTP.KD.ZG,1.80681433573471
EMU,Euro area,2015,NY.GDP.MKTP.KD.ZG,2.14894477032594
EMU,Euro area,2014,NY.GDP.MKTP.KD.ZG,1.45371535311074
EMU,Euro area,2013,NY.GDP.MKTP.KD.ZG,-0.168322337087545
EMU,Euro area,2012,NY.GDP.MKTP.KD.ZG,-0.913859085753131
EMU,Euro area,2011,NY.GDP.MKTP.KD.ZG,1.77884441456963
EMU,Euro area,2010,NY.GDP.MKTP.KD.ZG,2.1158694775215
EMU,Euro area,2009,NY.GDP.MKTP.KD.ZG,-4.47805035961746
EMU,Euro area,2008,NY.GDP.MKTP.KD.ZG,0.432969401075084
EMU,Euro area,2007,NY.GDP.MKTP.KD.ZG,3.02499371345013
EMU,Euro area,2006,NY.GDP.MKTP.KD.ZG,3.33733486627055
EMU,Euro area,2005,NY.GDP.MKTP.KD.ZG,1.79011534612007
ECS,Europe & Central Asia,2025,NY.GDP.MKTP.KD.ZG,1.703297097267
ECS,Europe & Central Asia,2024,NY.GDP.MKTP.KD.ZG,1.61092975636407
ECS,Europe & Central Asia,2023,NY.GDP.MKTP.KD.ZG,1.04695405528739
ECS,Europe & Central Asia,2022,NY.GDP.MKTP.KD.ZG,3.42810235027954
ECS,Europe & Central Asia,2021,NY.GDP.MKTP.KD.ZG,6.82460720354004
ECS,Europe & Central Asia,2020,NY.GDP.MKTP.KD.ZG,-5.37584934879737
ECS,Europe & Central Asia,2019,NY.GDP.MKTP.KD.ZG,1.83149788108096
ECS,Europe & Central Asia,2018,NY.GDP.MKTP.KD.ZG,2.18261664657453
ECS,Europe & Central Asia,2017,NY.GDP.MKTP.KD.ZG,2.96168679697557
ECS,Europe & Central Asia,2016,NY.GDP.MKTP.KD.ZG,1.90825385031148
ECS,Europe & Central Asia,2015,NY.GDP.MKTP.KD.ZG,2.07832382006356
ECS,Europe & Central Asia,2014,NY.GDP.MKTP.KD.ZG,1.94365333398217
ECS,Europe & Central Asia,2013,NY.GDP.MKTP.KD.ZG,0.876266761669413
ECS,Europe & Central Asia,2012,NY.GDP.MKTP.KD.ZG,0.320243354807246
ECS,Europe & Central Asia,2011,NY.GDP.MKTP.KD.ZG,2.32357528634286
ECS,Europe & Central Asia,2010,NY.GDP.MKTP.KD.ZG,2.63832249163517
ECS,Europe & Central Asia,2009,NY.GDP.MKTP.KD.ZG,-4.40809425015892
ECS,Europe & Central Asia,2008,NY.GDP.MKTP.KD.ZG,1.02523144667981
ECS,Europe & Central Asia,2007,NY.GDP.MKTP.KD.ZG,3.7038360333961
ECS,Europe & Central Asia,2006,NY.GDP.MKTP.KD.ZG,3.89587162590162
ECS,Europe & Central Asia,2005,NY.GDP.MKTP.KD.ZG,2.73707462832897
ECA,Europe & Central Asia (excluding high income),2025,NY.GDP.MKTP.KD.ZG,4.20093767131738
ECA,Europe & Central Asia (excluding high income),2024,NY.GDP.MKTP.KD.ZG,4.05695234474402
ECA,Europe & Central Asia (excluding high income),2023,NY.GDP.MKTP.KD.ZG,5.05062997543834
ECA,Europe & Central Asia (excluding high income),2022,NY.GDP.MKTP.KD.ZG,3.11188050867233
ECA,Europe & Central Asia (excluding high income),2021,NY.GDP.MKTP.KD.ZG,9.27987062914227
ECA,Europe & Central Asia (excluding high income),2020,NY.GDP.MKTP.KD.ZG,0.29079640989535
ECA,Europe & Central Asia (excluding high income),2019,NY.GDP.MKTP.KD.ZG,2.61922676231219
ECA,Europe & Central Asia (excluding high income),2018,NY.GDP.MKTP.KD.ZG,3.78753357770429
ECA,Europe & Central Asia (excluding high income),2017,NY.GDP.MKTP.KD.ZG,6.00896760124667
ECA,Europe & Central Asia (excluding high income),2016,NY.GDP.MKTP.KD.ZG,2.85797309720172
ECA,Europe & Central Asia (excluding high income),2015,NY.GDP.MKTP.KD.ZG,3.4855285083172
ECA,Europe & Central Asia (excluding high income),2014,NY.GDP.MKTP.KD.ZG,3.25564045264228
ECA,Europe & Central Asia (excluding high income),2013,NY.GDP.MKTP.KD.ZG,6.55722402169654
ECA,Europe & Central Asia (excluding high income),2012,NY.GDP.MKTP.KD.ZG,4.09057228077401
ECA,Europe & Central Asia (excluding high income),2011,NY.GDP.MKTP.KD.ZG,8.35834122654838
ECA,Europe & Central Asia (excluding high income),2010,NY.GDP.MKTP.KD.ZG,7.12840858949988
ECA,Europe & Central Asia (excluding high income),2009,NY.GDP.MKTP.KD.ZG,-3.44364453642794
ECA,Europe & Central Asia (excluding high income),2008,NY.GDP.MKTP.KD.ZG,3.1201208361221
ECA,Europe & Central Asia (excluding high income),2007,NY.GDP.MKTP.KD.ZG,7.18873517265573
ECA,Europe & Central Asia (excluding high income),2006,NY.GDP.MKTP.KD.ZG,8.24200882931629
ECA,Europe & Central Asia (excluding high income),2005,NY.GDP.MKTP.KD.ZG,8.52828763224443
TEC,Europe & Central Asia (IDA & IBRD countries),2025,NY.GDP.MKTP.KD.ZG,2.84310557858637
TEC,Europe & Central Asia (IDA & IBRD countries),2024,NY.GDP.MKTP.KD.ZG,4.03167528195137
TEC,Europe & Central Asia (IDA & IBRD countries),2023,NY.GDP.MKTP.KD.ZG,3.8319198777364
TEC,Europe & Central Asia (IDA & IBRD countries),2022,NY.GDP.MKTP.KD.ZG,1.97113681599863
TEC,Europe & Central Asia (IDA & IBRD countries),2021,NY.GDP.MKTP.KD.ZG,7.59725679517675
TEC,Europe & Central Asia (IDA & IBRD countries),2020,NY.GDP.MKTP.KD.ZG,-1.44509752100556
TEC,Europe & Central Asia (IDA & IBRD countries),2019,NY.GDP.MKTP.KD.ZG,2.83114768378128
TEC,Europe & Central Asia (IDA & IBRD countries),2018,NY.GDP.MKTP.KD.ZG,3.81479272946348
TEC,Europe & Central Asia (IDA & IBRD countries),2017,NY.GDP.MKTP.KD.ZG,4.37963852941809
TEC,Europe & Central Asia (IDA & IBRD countries),2016,NY.GDP.MKTP.KD.ZG,1.89511334774663
TEC,Europe & Central Asia (IDA & IBRD countries),2015,NY.GDP.MKTP.KD.ZG,1.46022367131448
TEC,Europe & Central Asia (IDA & IBRD countries),2014,NY.GDP.MKTP.KD.ZG,2.30298411904455
TEC,Europe & Central Asia (IDA & IBRD countries),2013,NY.GDP.MKTP.KD.ZG,3.37336805240554
TEC,Europe & Central Asia (IDA & IBRD countries),2012,NY.GDP.MKTP.KD.ZG,3.46791933031466
TEC,Europe & Central Asia (IDA & IBRD countries),2011,NY.GDP.MKTP.KD.ZG,5.88037781104649
TEC,Europe & Central Asia (IDA & IBRD countries),2010,NY.GDP.MKTP.KD.ZG,4.69523800480289
TEC,Europe & Central Asia (IDA & IBRD countries),2009,NY.GDP.MKTP.KD.ZG,-4.67925961129608
TEC,Europe & Central Asia (IDA & IBRD countries),2008,NY.GDP.MKTP.KD.ZG,4.49351299322045
TEC,Europe & Central Asia (IDA & IBRD countries),2007,NY.GDP.MKTP.KD.ZG,7.62876967431964
TEC,Europe & Central Asia (IDA & IBRD countries),2006,NY.GDP.MKTP.KD.ZG,7.86762732683354
TEC,Europe & Central Asia (IDA & IBRD countries),2005,NY.GDP.MKTP.KD.ZG,6.63985652194599
EUU,European Union,2025,NY.GDP.MKTP.KD.ZG,1.53795434836212
EUU,European Union,2024,NY.GDP.MKTP.KD.ZG,1.08657885620458
EUU,European Union,2023,NY.GDP.MKTP.KD.ZG,0.4380089249495
EUU,European Union,2022,NY.GDP.MKTP.KD.ZG,3.56455510630462
EUU,European Union,2021,NY.GDP.MKTP.KD.ZG,6.37773717070797
EUU,European Union,2020,NY.GDP.MKTP.KD.ZG,-5.57888122067428
EUU,European Union,2019,NY.GDP.MKTP.KD.ZG,1.87525498889181
EUU,European Union,2018,NY.GDP.MKTP.KD.ZG,2.04641967934145
EUU,European Union,2017,NY.GDP.MKTP.KD.ZG,2.81810835521954
EUU,European Union,2016,NY.GDP.MKTP.KD.ZG,1.91997902907598
EUU,European Union,2015,NY.GDP.MKTP.KD.ZG,2.37195113797821
EUU,European Union,2014,NY.GDP.MKTP.KD.ZG,1.63271198328248
EUU,European Union,2013,NY.GDP.MKTP.KD.ZG,-0.0330372559639187
EUU,European Union,2012,NY.GDP.MKTP.KD.ZG,-0.764412939041037
EUU,European Union,2011,NY.GDP.MKTP.KD.ZG,1.96059583488466
EUU,European Union,2010,NY.GDP.MKTP.KD.ZG,2.1818021924601
EUU,European Union,2009,NY.GDP.MKTP.KD.ZG,-4.31208500171391
EUU,European Union,2008,NY.GDP.MKTP.KD.ZG,0.617970690465611
EUU,European Union,2007,NY.GDP.MKTP.KD.ZG,3.14184136141643
EUU,European Union,2006,NY.GDP.MKTP.KD.ZG,3.56754016308207
EUU,European Union,2005,NY.GDP.MKTP.KD.ZG,1.98358585869511
HPC,Heavily indebted poor countries (HIPC),2025,NY.GDP.MKTP.KD.ZG,5.82575819723698
HPC,Heavily indebted poor countries (HIPC),2024,NY.GDP.MKTP.KD.ZG,5.12099358552982
HPC,Heavily indebted poor countries (HIPC),2023,NY.GDP.MKTP.KD.ZG,3.48241783540763
HPC,Heavily indebted poor countries (HIPC),2022,NY.GDP.MKTP.KD.ZG,4.89961676353468
HPC,Heavily indebted poor countries (HIPC),2021,NY.GDP.MKTP.KD.ZG,4.35683661926664
HPC,Heavily indebted poor countries (HIPC),2020,NY.GDP.MKTP.KD.ZG,0.00307772049912103
HPC,Heavily indebted poor countries (HIPC),2019,NY.GDP.MKTP.KD.ZG,4.20365615145262
HPC,Heavily indebted poor countries (HIPC),2018,NY.GDP.MKTP.KD.ZG,4.18286148680316
HPC,Heavily indebted poor countries (HIPC),2017,NY.GDP.MKTP.KD.ZG,5.06377966448277
HPC,Heavily indebted poor countries (HIPC),2016,NY.GDP.MKTP.KD.ZG,4.30006123912206
HPC,Heavily indebted poor countries (HIPC),2015,NY.GDP.MKTP.KD.ZG,4.90646824015406
HPC,Heavily indebted poor countries (HIPC),2014,NY.GDP.MKTP.KD.ZG,5.45421217506326
HPC,Heavily indebted poor countries (HIPC),2013,NY.GDP.MKTP.KD.ZG,6.16437839840991
HPC,Heavily indebted poor countries (HIPC),2012,NY.GDP.MKTP.KD.ZG,4.04293845307305
HPC,Heavily indebted poor countries (HIPC),2011,NY.GDP.MKTP.KD.ZG,4.15364240429574
HPC,Heavily indebted poor countries (HIPC),2010,NY.GDP.MKTP.KD.ZG,6.20754117512882
HPC,Heavily indebted poor countries (HIPC),2009,NY.GDP.MKTP.KD.ZG,3.47294778967044
HPC,Heavily indebted poor countries (HIPC),2008,NY.GDP.MKTP.KD.ZG,5.62193432550791
HPC,Heavily indebted poor countries (HIPC),2007,NY.GDP.MKTP.KD.ZG,5.48012948924681
HPC,Heavily indebted poor countries (HIPC),2006,NY.GDP.MKTP.KD.ZG,5.72439626364614
HPC,Heavily indebted poor countries (HIPC),2005,NY.GDP.MKTP.KD.ZG,5.53118064970333
,High income,2025,NY.GDP.MKTP.KD.ZG,1.90733502746166
,High income,2024,NY.GDP.MKTP.KD.ZG,1.96948428510512
,High income,2023,NY.GDP.MKTP.KD.ZG,1.79534582183456
,High income,2022,NY.GDP.MKTP.KD.ZG,3.1058606935064
,High income,2021,NY.GDP.MKTP.KD.ZG,5.97111332006301
,High income,2020,NY.GDP.MKTP.KD.ZG,-3.86618363020789
,High income,2019,NY.GDP.MKTP.KD.ZG,1.90035790608474
,High income,2018,NY.GDP.MKTP.KD.ZG,2.4045350031779
,High income,2017,NY.GDP.MKTP.KD.ZG,2.49197626247846
,High income,2016,NY.GDP.MKTP.KD.ZG,1.83965907046031
,High income,2015,NY.GDP.MKTP.KD.ZG,2.36450358189597
,High income,2014,NY.GDP.MKTP.KD.ZG,2.21112181112177
,High income,2013,NY.GDP.MKTP.KD.ZG,1.61422769521758
,High income,2012,NY.GDP.MKTP.KD.ZG,1.50928803370365
,High income,2011,NY.GDP.MKTP.KD.ZG,2.00784908171023
,High income,2010,NY.GDP.MKTP.KD.ZG,3.04683444307592
,High income,2009,NY.GDP.MKTP.KD.ZG,-3.36258268929106
,High income,2008,NY.GDP.MKTP.KD.ZG,0.692267787743873
,High income,2007,NY.GDP.MKTP.KD.ZG,2.91590165049769
,High income,2006,NY.GDP.MKTP.KD.ZG,3.26145278133725
,High income,2005,NY.GDP.MKTP.KD.ZG,3.0112867819375
IBD,IBRD only,2025,NY.GDP.MKTP.KD.ZG,4.30532305518705
IBD,IBRD only,2024,NY.GDP.MKTP.KD.ZG,4.4256614810418
IBD,IBRD only,2023,NY.GDP.MKTP.KD.ZG,4.63911789010562
IBD,IBRD only,2022,NY.GDP.MKTP.KD.ZG,3.76945565506477
IBD,IBRD only,2021,NY.GDP.MKTP.KD.ZG,7.62447663420478
IBD,IBRD only,2020,NY.GDP.MKTP.KD.ZG,-1.28694758331594
IBD,IBRD only,2019,NY.GDP.MKTP.KD.ZG,3.98803326580348
IBD,IBRD only,2018,NY.GDP.MKTP.KD.ZG,4.86157952405858
IBD,IBRD only,2017,NY.GDP.MKTP.KD.ZG,5.16179362572515
IBD,IBRD only,2016,NY.GDP.MKTP.KD.ZG,4.44703872345713
IBD,IBRD only,2015,NY.GDP.MKTP.KD.ZG,4.31854010648796
IBD,IBRD only,2014,NY.GDP.MKTP.KD.ZG,4.78001444086
IBD,IBRD only,2013,NY.GDP.MKTP.KD.ZG,5.21442724745644
IBD,IBRD only,2012,NY.GDP.MKTP.KD.ZG,5.46243794859487
IBD,IBRD only,2011,NY.GDP.MKTP.KD.ZG,6.34796525091978
IBD,IBRD only,2010,NY.GDP.MKTP.KD.ZG,7.76445831496306
IBD,IBRD only,2009,NY.GDP.MKTP.KD.ZG,2.78964048472359
IBD,IBRD only,2008,NY.GDP.MKTP.KD.ZG,5.93831598884324
IBD,IBRD only,2007,NY.GDP.MKTP.KD.ZG,8.95753247947854
IBD,IBRD only,2006,NY.GDP.MKTP.KD.ZG,8.3308609740977
IBD,IBRD only,2005,NY.GDP.MKTP.KD.ZG,7.25070696076966
IBT,IDA & IBRD total,2025,NY.GDP.MKTP.KD.ZG,4.33570580325535
IBT,IDA & IBRD total,2024,NY.GDP.MKTP.KD.ZG,4.42022565074735
IBT,IDA & IBRD total,2023,NY.GDP.MKTP.KD.ZG,4.52590057203417
IBT,IDA & IBRD total,2022,NY.GDP.MKTP.KD.ZG,3.8271063174832
IBT,IDA & IBRD total,2021,NY.GDP.MKTP.KD.ZG,7.35158119263311
IBT,IDA & IBRD total,2020,NY.GDP.MKTP.KD.ZG,-1.32331489746059
IBT,IDA & IBRD total,2019,NY.GDP.MKTP.KD.ZG,3.98475924215585
IBT,IDA & IBRD total,2018,NY.GDP.MKTP.KD.ZG,4.82460273989518
IBT,IDA & IBRD total,2017,NY.GDP.MKTP.KD.ZG,5.07330968455011
IBT,IDA & IBRD total,2016,NY.GDP.MKTP.KD.ZG,4.35480936392952
IBT,IDA & IBRD total,2015,NY.GDP.MKTP.KD.ZG,4.25326636645823
IBT,IDA & IBRD total,2014,NY.GDP.MKTP.KD.ZG,4.82932919233134
IBT,IDA & IBRD total,2013,NY.GDP.MKTP.KD.ZG,5.23089944476254
IBT,IDA & IBRD total,2012,NY.GDP.MKTP.KD.ZG,5.30457218076941
IBT,IDA & IBRD total,2011,NY.GDP.MKTP.KD.ZG,6.16961844156367
IBT,IDA & IBRD total,2010,NY.GDP.MKTP.KD.ZG,7.63752183781108
IBT,IDA & IBRD total,2009,NY.GDP.MKTP.KD.ZG,2.96850587643233
IBT,IDA & IBRD total,2008,NY.GDP.MKTP.KD.ZG,5.86781200796165
IBT,IDA & IBRD total,2007,NY.GDP.MKTP.KD.ZG,8.7124686527373
IBT,IDA & IBRD total,2006,NY.GDP.MKTP.KD.ZG,8.14150113123003
IBT,IDA & IBRD total,2005,NY.GDP.MKTP.KD.ZG,7.16135249237688
IDB,IDA blend,2025,NY.GDP.MKTP.KD.ZG,4.57673954149303
IDB,IDA blend,2024,NY.GDP.MKTP.KD.ZG,4.11563151662068
IDB,IDA blend,2023,NY.GDP.MKTP.KD.ZG,2.87508782353444
IDB,IDA blend,2022,NY.GDP.MKTP.KD.ZG,4.82256296455954
IDB,IDA blend,2021,NY.GDP.MKTP.KD.ZG,4.36009454869888
IDB,IDA blend,2020,NY.GDP.MKTP.KD.ZG,-3.22553173097771
IDB,IDA blend,2019,NY.GDP.MKTP.KD.ZG,3.06868522671206
IDB,IDA blend,2018,NY.GDP.MKTP.KD.ZG,3.8983413977238
IDB,IDA blend,2017,NY.GDP.MKTP.KD.ZG,2.82463712924834
IDB,IDA blend,2016,NY.GDP.MKTP.KD.ZG,2.37410124286114
IDB,IDA blend,2015,NY.GDP.MKTP.KD.ZG,3.9277692964975
IDB,IDA blend,2014,NY.GDP.MKTP.KD.ZG,5.8248246616925
IDB,IDA blend,2013,NY.GDP.MKTP.KD.ZG,5.73609715250456
IDB,IDA blend,2012,NY.GDP.MKTP.KD.ZG,4.54052627515023
IDB,IDA blend,2011,NY.GDP.MKTP.KD.ZG,4.26532898947684
IDB,IDA blend,2010,NY.GDP.MKTP.KD.ZG,5.95474815245542
IDB,IDA blend,2009,NY.GDP.MKTP.KD.ZG,5.89629202688857
IDB,IDA blend,2008,NY.GDP.MKTP.KD.ZG,4.20775016278579
IDB,IDA blend,2007,NY.GDP.MKTP.KD.ZG,5.44679223336013
IDB,IDA blend,2006,NY.GDP.MKTP.KD.ZG,5.73601373606596
IDB,IDA blend,2005,NY.GDP.MKTP.KD.ZG,5.97335107962856
IDX,IDA only,2025,NY.GDP.MKTP.KD.ZG,4.86860827326892
IDX,IDA only,2024,NY.GDP.MKTP.KD.ZG,4.57659622486648
IDX,IDA only,2023,NY.GDP.MKTP.KD.ZG,3.3073554888398
IDX,IDA only,2022,NY.GDP.MKTP.KD.ZG,4.31005230149408
IDX,IDA only,2021,NY.GDP.MKTP.KD.ZG,3.64269213685422
IDX,IDA only,2020,NY.GDP.MKTP.KD.ZG,-0.335170512912143
IDX,IDA only,2019,NY.GDP.MKTP.KD.ZG,4.82130049368115
IDX,IDA only,2018,NY.GDP.MKTP.KD.ZG,4.85450921076745
IDX,IDA only,2017,NY.GDP.MKTP.KD.ZG,5.22907858100467
IDX,IDA only,2016,NY.GDP.MKTP.KD.ZG,4.18372892932952
IDX,IDA only,2015,NY.GDP.MKTP.KD.ZG,3.01701813615682
IDX,IDA only,2014,NY.GDP.MKTP.KD.ZG,4.9923958045545
IDX,IDA only,2013,NY.GDP.MKTP.KD.ZG,5.10918682572196
IDX,IDA only,2012,NY.GDP.MKTP.KD.ZG,2.36503313187852
IDX,IDA only,2011,NY.GDP.MKTP.KD.ZG,3.98715488656238
IDX,IDA only,2010,NY.GDP.MKTP.KD.ZG,6.45708563967116
IDX,IDA only,2009,NY.GDP.MKTP.KD.ZG,4.17188333765178
IDX,IDA only,2008,NY.GDP.MKTP.KD.ZG,5.92600680729333
IDX,IDA only,2007,NY.GDP.MKTP.KD.ZG,6.46657788107126
IDX,IDA only,2006,NY.GDP.MKTP.KD.ZG,6.37650965376993
IDX,IDA only,2005,NY.GDP.MKTP.KD.ZG,6.40577451885788
IDA,IDA total,2025,NY.GDP.MKTP.KD.ZG,4.72576659326165
IDA,IDA total,2024,NY.GDP.MKTP.KD.ZG,4.35048943307154
IDA,IDA total,2023,NY.GDP.MKTP.KD.ZG,3.09487183510299
IDA,IDA total,2022,NY.GDP.MKTP.KD.ZG,4.56135207487173
IDA,IDA total,2021,NY.GDP.MKTP.KD.ZG,3.99322003260568
IDA,IDA total,2020,NY.GDP.MKTP.KD.ZG,-1.76868159241481
IDA,IDA total,2019,NY.GDP.MKTP.KD.ZG,3.94468113264645
IDA,IDA total,2018,NY.GDP.MKTP.KD.ZG,4.37406543309571
IDA,IDA total,2017,NY.GDP.MKTP.KD.ZG,4.00703084076721
IDA,IDA total,2016,NY.GDP.MKTP.KD.ZG,3.25606924193475
IDA,IDA total,2015,NY.GDP.MKTP.KD.ZG,3.48188857013798
IDA,IDA total,2014,NY.GDP.MKTP.KD.ZG,5.41564567632231
IDA,IDA total,2013,NY.GDP.MKTP.KD.ZG,5.42734561353254
IDA,IDA total,2012,NY.GDP.MKTP.KD.ZG,3.45766587825051
IDA,IDA total,2011,NY.GDP.MKTP.KD.ZG,4.12668093578495
IDA,IDA total,2010,NY.GDP.MKTP.KD.ZG,6.20453015280762
IDA,IDA total,2009,NY.GDP.MKTP.KD.ZG,5.03177027953473
IDA,IDA total,2008,NY.GDP.MKTP.KD.ZG,5.04846721772508
IDA,IDA total,2007,NY.GDP.MKTP.KD.ZG,5.94330560127922
IDA,IDA total,2006,NY.GDP.MKTP.KD.ZG,6.04689219145386
IDA,IDA total,2005,NY.GDP.MKTP.KD.ZG,6.18279726300197
LTE,Late-demographic dividend,2025,NY.GDP.MKTP.KD.ZG,4.45332355682564
LTE,Late-demographic dividend,2024,NY.GDP.MKTP.KD.ZG,4.52553873018407
LTE,Late-demographic dividend,2023,NY.GDP.MKTP.KD.ZG,4.43253867675644
LTE,Late-demographic dividend,2022,NY.GDP.MKTP.KD.ZG,3.28975241103197
LTE,Late-demographic dividend,2021,NY.GDP.MKTP.KD.ZG,7.59396655185003
LTE,Late-demographic dividend,2020,NY.GDP.MKTP.KD.ZG,0.235409361022192
LTE,Late-demographic dividend,2019,NY.GDP.MKTP.KD.ZG,4.74723356857159
LTE,Late-demographic dividend,2018,NY.GDP.MKTP.KD.ZG,5.44116105376224
LTE,Late-demographic dividend,2017,NY.GDP.MKTP.KD.ZG,5.26224829988129
LTE,Late-demographic dividend,2016,NY.GDP.MKTP.KD.ZG,4.44982415289267
LTE,Late-demographic dividend,2015,NY.GDP.MKTP.KD.ZG,4.70954361182743
LTE,Late-demographic dividend,2014,NY.GDP.MKTP.KD.ZG,5.27993047692303
LTE,Late-demographic dividend,2013,NY.GDP.MKTP.KD.ZG,5.62973223892911
LTE,Late-demographic dividend,2012,NY.GDP.MKTP.KD.ZG,5.88568857687208
LTE,Late-demographic dividend,2011,NY.GDP.MKTP.KD.ZG,7.1689562967987
LTE,Late-demographic dividend,2010,NY.GDP.MKTP.KD.ZG,8.01408752578922
LTE,Late-demographic dividend,2009,NY.GDP.MKTP.KD.ZG,3.74599698849585
LTE,Late-demographic dividend,2008,NY.GDP.MKTP.KD.ZG,6.95968815694457
LTE,Late-demographic dividend,2007,NY.GDP.MKTP.KD.ZG,10.2086065678187
LTE,Late-demographic dividend,2006,NY.GDP.MKTP.KD.ZG,9.29615941664146
LTE,Late-demographic dividend,2005,NY.GDP.MKTP.KD.ZG,7.79435016326815
LCN,Latin America & Caribbean,2025,NY.GDP.MKTP.KD.ZG,2.32153204967842
LCN,Latin America & Caribbean,2024,NY.GDP.MKTP.KD.ZG,2.25497168830525
LCN,Latin America & Caribbean,2023,NY.GDP.MKTP.KD.ZG,2.20678468368602
LCN,Latin America & Caribbean,2022,NY.GDP.MKTP.KD.ZG,4.09058657203177
LCN,Latin America & Caribbean,2021,NY.GDP.MKTP.KD.ZG,7.07608139571873
LCN,Latin America & Caribbean,2020,NY.GDP.MKTP.KD.ZG,-6.85943781930433
LCN,Latin America & Caribbean,2019,NY.GDP.MKTP.KD.ZG,0.317364964426716
LCN,Latin America & Caribbean,2018,NY.GDP.MKTP.KD.ZG,1.22291785556858
LCN,Latin America & Caribbean,2017,NY.GDP.MKTP.KD.ZG,1.55352771899284
LCN,Latin America & Caribbean,2016,NY.GDP.MKTP.KD.ZG,-0.730974962811146
LCN,Latin America & Caribbean,2015,NY.GDP.MKTP.KD.ZG,0.239853960080666
LCN,Latin America & Caribbean,2014,NY.GDP.MKTP.KD.ZG,1.19675253046894
LCN,Latin America & Caribbean,2013,NY.GDP.MKTP.KD.ZG,2.71733038737128
LCN,Latin America & Caribbean,2012,NY.GDP.MKTP.KD.ZG,2.64583304322979
LCN,Latin America & Caribbean,2011,NY.GDP.MKTP.KD.ZG,4.39575762072283
LCN,Latin America & Caribbean,2010,NY.GDP.MKTP.KD.ZG,6.15136362667808
LCN,Latin America & Caribbean,2009,NY.GDP.MKTP.KD.ZG,-2.30254101109895
LCN,Latin America & Caribbean,2008,NY.GDP.MKTP.KD.ZG,3.68881572228068
LCN,Latin America & Caribbean,2007,NY.GDP.MKTP.KD.ZG,5.2877791396708
LCN,Latin America & Caribbean,2006,NY.GDP.MKTP.KD.ZG,5.26208115771729
LCN,Latin America & Caribbean,2005,NY.GDP.MKTP.KD.ZG,4.0926769732141
LAC,Latin America & Caribbean (excluding high income),2025,NY.GDP.MKTP.KD.ZG,2.21490070818977
LAC,Latin America & Caribbean (excluding high income),2024,NY.GDP.MKTP.KD.ZG,1.99001515816749
LAC,Latin America & Caribbean (excluding high income),2023,NY.GDP.MKTP.KD.ZG,2.12680994822227
LAC,Latin America & Caribbean (excluding high income),2022,NY.GDP.MKTP.KD.ZG,3.97595959337909
LAC,Latin America & Caribbean (excluding high income),2021,NY.GDP.MKTP.KD.ZG,6.85451332312384
LAC,Latin America & Caribbean (excluding high income),2020,NY.GDP.MKTP.KD.ZG,-6.79640022295334
LAC,Latin America & Caribbean (excluding high income),2019,NY.GDP.MKTP.KD.ZG,0.182794027991264
LAC,Latin America & Caribbean (excluding high income),2018,NY.GDP.MKTP.KD.ZG,1.15229755041935
LAC,Latin America & Caribbean (excluding high income),2017,NY.GDP.MKTP.KD.ZG,1.58746258230468
LAC,Latin America & Caribbean (excluding high income),2016,NY.GDP.MKTP.KD.ZG,-0.977477793493975
LAC,Latin America & Caribbean (excluding high income),2015,NY.GDP.MKTP.KD.ZG,0.0699385356183484
LAC,Latin America & Caribbean (excluding high income),2014,NY.GDP.MKTP.KD.ZG,1.11641330983845
LAC,Latin America & Caribbean (excluding high income),2013,NY.GDP.MKTP.KD.ZG,2.72471630094604
LAC,Latin America & Caribbean (excluding high income),2012,NY.GDP.MKTP.KD.ZG,2.44060941447695
LAC,Latin America & Caribbean (excluding high income),2011,NY.GDP.MKTP.KD.ZG,4.41721328660691
LAC,Latin America & Caribbean (excluding high income),2010,NY.GDP.MKTP.KD.ZG,6.42272825881251
LAC,Latin America & Caribbean (excluding high income),2009,NY.GDP.MKTP.KD.ZG,-2.44468420542675
LAC,Latin America & Caribbean (excluding high income),2008,NY.GDP.MKTP.KD.ZG,3.77542199431176
LAC,Latin America & Caribbean (excluding high income),2007,NY.GDP.MKTP.KD.ZG,5.40989294955034
LAC,Latin America & Caribbean (excluding high income),2006,NY.GDP.MKTP.KD.ZG,5.36660487562762
LAC,Latin America & Caribbean (excluding high income),2005,NY.GDP.MKTP.KD.ZG,4.16007347500616
TLA,Latin America & the Caribbean (IDA & IBRD countries),2025,NY.GDP.MKTP.KD.ZG,2.356382434447
TLA,Latin America & the Caribbean (IDA & IBRD countries),2024,NY.GDP.MKTP.KD.ZG,2.27782988064618
TLA,Latin America & the Caribbean (IDA & IBRD countries),2023,NY.GDP.MKTP.KD.ZG,2.28058560829545
TLA,Latin America & the Caribbean (IDA & IBRD countries),2022,NY.GDP.MKTP.KD.ZG,4.12386672781881
TLA,Latin America & the Caribbean (IDA & IBRD countries),2021,NY.GDP.MKTP.KD.ZG,7.27596087772766
TLA,Latin America & the Caribbean (IDA & IBRD countries),2020,NY.GDP.MKTP.KD.ZG,-6.78167389936947
TLA,Latin America & the Caribbean (IDA & IBRD countries),2019,NY.GDP.MKTP.KD.ZG,0.295159946142377
TLA,Latin America & the Caribbean (IDA & IBRD countries),2018,NY.GDP.MKTP.KD.ZG,1.30772581346528
TLA,Latin America & the Caribbean (IDA & IBRD countries),2017,NY.GDP.MKTP.KD.ZG,1.62136105748272
TLA,Latin America & the Caribbean (IDA & IBRD countries),2016,NY.GDP.MKTP.KD.ZG,-0.748991632597836
TLA,Latin America & the Caribbean (IDA & IBRD countries),2015,NY.GDP.MKTP.KD.ZG,0.189496368114675
TLA,Latin America & the Caribbean (IDA & IBRD countries),2014,NY.GDP.MKTP.KD.ZG,1.24870826294293
TLA,Latin America & the Caribbean (IDA & IBRD countries),2013,NY.GDP.MKTP.KD.ZG,2.8059330343136
TLA,Latin America & the Caribbean (IDA & IBRD countries),2012,NY.GDP.MKTP.KD.ZG,2.71792459208542
TLA,Latin America & the Caribbean (IDA & IBRD countries),2011,NY.GDP.MKTP.KD.ZG,4.56412247168292
TLA,Latin America & the Caribbean (IDA & IBRD countries),2010,NY.GDP.MKTP.KD.ZG,6.42164085310479
TLA,Latin America & the Caribbean (IDA & IBRD countries),2009,NY.GDP.MKTP.KD.ZG,-2.34912629613164
TLA,Latin America & the Caribbean (IDA & IBRD countries),2008,NY.GDP.MKTP.KD.ZG,3.85426414207737
TLA,Latin America & the Caribbean (IDA & IBRD countries),2007,NY.GDP.MKTP.KD.ZG,5.45666137062888
TLA,Latin America & the Caribbean (IDA & IBRD countries),2006,NY.GDP.MKTP.KD.ZG,5.37481873645092
TLA,Latin America & the Caribbean (IDA & IBRD countries),2005,NY.GDP.MKTP.KD.ZG,4.19398022317677
LDC,Least developed countries: UN classification,2025,NY.GDP.MKTP.KD.ZG,4.30000841303122
LDC,Least developed countries: UN classification,2024,NY.GDP.MKTP.KD.ZG,3.87232968748361
LDC,Least developed countries: UN classification,2023,NY.GDP.MKTP.KD.ZG,3.05090811063616
LDC,Least developed countries: UN classification,2022,NY.GDP.MKTP.KD.ZG,4.71510989192116
LDC,Least developed countries: UN classification,2021,NY.GDP.MKTP.KD.ZG,2.75579291386683
LDC,Least developed countries: UN classification,2020,NY.GDP.MKTP.KD.ZG,-0.181011978205504
LDC,Least developed countries: UN classification,2019,NY.GDP.MKTP.KD.ZG,4.82459913567837
LDC,Least developed countries: UN classification,2018,NY.GDP.MKTP.KD.ZG,4.65270171918264
LDC,Least developed countries: UN classification,2017,NY.GDP.MKTP.KD.ZG,4.50257523548829
LDC,Least developed countries: UN classification,2016,NY.GDP.MKTP.KD.ZG,3.79797989969202
LDC,Least developed countries: UN classification,2015,NY.GDP.MKTP.KD.ZG,2.75018770897304
LDC,Least developed countries: UN classification,2014,NY.GDP.MKTP.KD.ZG,5.34524804033678
LDC,Least developed countries: UN classification,2013,NY.GDP.MKTP.KD.ZG,6.06991554579403
LDC,Least developed countries: UN classification,2012,NY.GDP.MKTP.KD.ZG,3.29372099348686
LDC,Least developed countries: UN classification,2011,NY.GDP.MKTP.KD.ZG,3.04728800769018
LDC,Least developed countries: UN classification,2010,NY.GDP.MKTP.KD.ZG,6.365655151586
LDC,Least developed countries: UN classification,2009,NY.GDP.MKTP.KD.ZG,4.22570820722019
LDC,Least developed countries: UN classification,2008,NY.GDP.MKTP.KD.ZG,6.45508913329797
LDC,Least developed countries: UN classification,2007,NY.GDP.MKTP.KD.ZG,7.25732555977916
LDC,Least developed countries: UN classification,2006,NY.GDP.MKTP.KD.ZG,6.85952136605701
LDC,Least developed countries: UN classification,2005,NY.GDP.MKTP.KD.ZG,7.40493742253388
LMY,Low & middle income,2025,NY.GDP.MKTP.KD.ZG,4.53280075988324
LMY,Low & middle income,2024,NY.GDP.MKTP.KD.ZG,4.42439890311286
LMY,Low & middle income,2023,NY.GDP.MKTP.KD.ZG,4.65212132351984
LMY,Low & middle income,2022,NY.GDP.MKTP.KD.ZG,4.00803776152725
LMY,Low & middle income,2021,NY.GDP.MKTP.KD.ZG,7.37033958733097
LMY,Low & middle income,2020,NY.GDP.MKTP.KD.ZG,-1.15067064256841
LMY,Low & middle income,2019,NY.GDP.MKTP.KD.ZG,4.09130986730312
LMY,Low & middle income,2018,NY.GDP.MKTP.KD.ZG,4.92164615265142
LMY,Low & middle income,2017,NY.GDP.MKTP.KD.ZG,5.26386453553506
LMY,Low & middle income,2016,NY.GDP.MKTP.KD.ZG,4.64827928186369
LMY,Low & middle income,2015,NY.GDP.MKTP.KD.ZG,4.65256634204385
LMY,Low & middle income,2014,NY.GDP.MKTP.KD.ZG,5.13797592071302
LMY,Low & middle income,2013,NY.GDP.MKTP.KD.ZG,5.61734235164751
LMY,Low & middle income,2012,NY.GDP.MKTP.KD.ZG,5.49917464653294
LMY,Low & middle income,2011,NY.GDP.MKTP.KD.ZG,6.34125454342687
LMY,Low & middle income,2010,NY.GDP.MKTP.KD.ZG,8.10356588001835
LMY,Low & middle income,2009,NY.GDP.MKTP.KD.ZG,3.97294750720383
LMY,Low & middle income,2008,NY.GDP.MKTP.KD.ZG,5.94615134695435
LMY,Low & middle income,2007,NY.GDP.MKTP.KD.ZG,8.84570128910771
LMY,Low & middle income,2006,NY.GDP.MKTP.KD.ZG,8.2375766191162
LMY,Low & middle income,2005,NY.GDP.MKTP.KD.ZG,7.3947053352083
,Low income,2025,NY.GDP.MKTP.KD.ZG,5.33668200665313
,Low income,2024,NY.GDP.MKTP.KD.ZG,3.40605658075204
,Low income,2023,NY.GDP.MKTP.KD.ZG,1.21474688217289
,Low income,2022,NY.GDP.MKTP.KD.ZG,3.73264703552607
,Low income,2021,NY.GDP.MKTP.KD.ZG,2.03102251641869
,Low income,2020,NY.GDP.MKTP.KD.ZG,0.270078071528431
,Low income,2019,NY.GDP.MKTP.KD.ZG,3.95860369775775
,Low income,2018,NY.GDP.MKTP.KD.ZG,3.50195265516888
,Low income,2017,NY.GDP.MKTP.KD.ZG,3.16424373054566
,Low income,2016,NY.GDP.MKTP.KD.ZG,1.79417060199694
,Low income,2015,NY.GDP.MKTP.KD.ZG,-0.422605997956367
,Low income,2014,NY.GDP.MKTP.KD.ZG,3.78812661472445
,Low income,2013,NY.GDP.MKTP.KD.ZG,4.09825706662804
,Low income,2012,NY.GDP.MKTP.KD.ZG,-3.15353541968391
,Low income,2011,NY.GDP.MKTP.KD.ZG,0.356264211679687
,Low income,2010,NY.GDP.MKTP.KD.ZG,7.13305260793007
,Low income,2009,NY.GDP.MKTP.KD.ZG,3.76097175081441
,Low income,2008,NY.GDP.MKTP.KD.ZG,5.53324926847878
,Low income,2007,NY.GDP.MKTP.KD.ZG,6.22998137170912
,Low income,2006,NY.GDP.MKTP.KD.ZG,5.76878931190947
,Low income,2005,NY.GDP.MKTP.KD.ZG,6.6628735413985
,Lower middle income,2025,NY.GDP.MKTP.KD.ZG,5.96181800412216
,Lower middle income,2024,NY.GDP.MKTP.KD.ZG,5.37952719978989
,Lower middle income,2023,NY.GDP.MKTP.KD.ZG,5.29082296744885
,Lower middle income,2022,NY.GDP.MKTP.KD.ZG,6.27876038879147
,Lower middle income,2021,NY.GDP.MKTP.KD.ZG,6.79896357094398
,Lower middle income,2020,NY.GDP.MKTP.KD.ZG,-4.21903396199713
,Lower middle income,2019,NY.GDP.MKTP.KD.ZG,3.403376204922
,Lower middle income,2018,NY.GDP.MKTP.KD.ZG,4.90431450173897
,Lower middle income,2017,NY.GDP.MKTP.KD.ZG,4.80938629568179
,Lower middle income,2016,NY.GDP.MKTP.KD.ZG,5.00300529129822
,Lower middle income,2015,NY.GDP.MKTP.KD.ZG,5.54051938384552
,Lower middle income,2014,NY.GDP.MKTP.KD.ZG,5.78869944897494
,Lower middle income,2013,NY.GDP.MKTP.KD.ZG,5.52992585202499
,Lower middle income,2012,NY.GDP.MKTP.KD.ZG,5.04178189062404
,Lower middle income,2011,NY.GDP.MKTP.KD.ZG,4.67689963318121
,Lower middle income,2010,NY.GDP.MKTP.KD.ZG,6.56205140134733
,Lower middle income,2009,NY.GDP.MKTP.KD.ZG,5.97682455176533
,Lower middle income,2008,NY.GDP.MKTP.KD.ZG,4.53663651840101
,Lower middle income,2007,NY.GDP.MKTP.KD.ZG,6.96094960490905
,Lower middle income,2006,NY.GDP.MKTP.KD.ZG,7.18376142658737
,Lower middle income,2005,NY.GDP.MKTP.KD.ZG,6.89542155812637
MEA,"Middle East, North Africa, Afghanistan & Pakistan",2025,NY.GDP.MKTP.KD.ZG,2.74495660378074
MEA,"Middle East, North Africa, Afghanistan & Pakistan",2024,NY.GDP.MKTP.KD.ZG,2.3285702387722
MEA,"Middle East, North Africa, Afghanistan & Pakistan",2023,NY.GDP.MKTP.KD.ZG,2.29073324961962
MEA,"Middle East, North Africa, Afghanistan & Pakistan",2022,NY.GDP.MKTP.KD.ZG,6.44954466678931
MEA,"Middle East, North Africa, Afghanistan & Pakistan",2021,NY.GDP.MKTP.KD.ZG,5.030413314914
MEA,"Middle East, North Africa, Afghanistan & Pakistan",2020,NY.GDP.MKTP.KD.ZG,-3.55690005451382
MEA,"Middle East, North Africa, Afghanistan & Pakistan",2019,NY.GDP.MKTP.KD.ZG,1.58096878672049
MEA,"Middle East, North Africa, Afghanistan & Pakistan",2018,NY.GDP.MKTP.KD.ZG,2.4028056194
MEA,"Middle East, North Africa, Afghanistan & Pakistan",2017,NY.GDP.MKTP.KD.ZG,2.07681939089466
MEA,"Middle East, North Africa, Afghanistan & Pakistan",2016,NY.GDP.MKTP.KD.ZG,4.50367765418986
MEA,"Middle East, North Africa, Afghanistan & Pakistan",2015,NY.GDP.MKTP.KD.ZG,2.77014189000649
MEA,"Middle East, North Africa, Afghanistan & Pakistan",2014,NY.GDP.MKTP.KD.ZG,3.06417065422428
MEA,"Middle East, North Africa, Afghanistan & Pakistan",2013,NY.GDP.MKTP.KD.ZG,2.37318436266814
MEA,"Middle East, North Africa, Afghanistan & Pakistan",2012,NY.GDP.MKTP.KD.ZG,4.23895465902955
MEA,"Middle East, North Africa, Afghanistan & Pakistan",2011,NY.GDP.MKTP.KD.ZG,3.83839238292269
MEA,"Middle East, North Africa, Afghanistan & Pakistan",2010,NY.GDP.MKTP.KD.ZG,4.73613536721255
MEA,"Middle East, North Africa, Afghanistan & Pakistan",2009,NY.GDP.MKTP.KD.ZG,1.13904790591972
MEA,"Middle East, North Africa, Afghanistan & Pakistan",2008,NY.GDP.MKTP.KD.ZG,4.39756577528698
MEA,"Middle East, North Africa, Afghanistan & Pakistan",2007,NY.GDP.MKTP.KD.ZG,5.25087621123983
MEA,"Middle East, North Africa, Afghanistan & Pakistan",2006,NY.GDP.MKTP.KD.ZG,6.0105357176119
MEA,"Middle East, North Africa, Afghanistan & Pakistan",2005,NY.GDP.MKTP.KD.ZG,5.29036057989754
MNA,"Middle East, North Africa, Afghanistan & Pakistan (excluding high income)",2025,NY.GDP.MKTP.KD.ZG,1.99549507789871
MNA,"Middle East, North Africa, Afghanistan & Pakistan (excluding high income)",2024,NY.GDP.MKTP.KD.ZG,2.26137020265979
MNA,"Middle East, North Africa, Afghanistan & Pakistan (excluding high income)",2023,NY.GDP.MKTP.KD.ZG,2.89591827095839
MNA,"Middle East, North Africa, Afghanistan & Pakistan (excluding high income)",2022,NY.GDP.MKTP.KD.ZG,4.3206385298363
MNA,"Middle East, North Africa, Afghanistan & Pakistan (excluding high income)",2021,NY.GDP.MKTP.KD.ZG,4.33211957315503
MNA,"Middle East, North Africa, Afghanistan & Pakistan (excluding high income)",2020,NY.GDP.MKTP.KD.ZG,-2.61983985761596
MNA,"Middle East, North Africa, Afghanistan & Pakistan (excluding high income)",2019,NY.GDP.MKTP.KD.ZG,1.39546116127963
MNA,"Middle East, North Africa, Afghanistan & Pakistan (excluding high income)",2018,NY.GDP.MKTP.KD.ZG,2.09831066371866
MNA,"Middle East, North Africa, Afghanistan & Pakistan (excluding high income)",2017,NY.GDP.MKTP.KD.ZG,3.40247234432427
MNA,"Middle East, North Africa, Afghanistan & Pakistan (excluding high income)",2016,NY.GDP.MKTP.KD.ZG,5.56210361617076
MNA,"Middle East, North Africa, Afghanistan & Pakistan (excluding high income)",2015,NY.GDP.MKTP.KD.ZG,1.11561157880718
MNA,"Middle East, North Africa, Afghanistan & Pakistan (excluding high income)",2014,NY.GDP.MKTP.KD.ZG,2.39697080828884
MNA,"Middle East, North Africa, Afghanistan & Pakistan (excluding high income)",2013,NY.GDP.MKTP.KD.ZG,1.12317022582226
MNA,"Middle East, North Africa, Afghanistan & Pakistan (excluding high income)",2012,NY.GDP.MKTP.KD.ZG,3.55312613106749
MNA,"Middle East, North Africa, Afghanistan & Pakistan (excluding high income)",2011,NY.GDP.MKTP.KD.ZG,-0.365571966010563
MNA,"Middle East, North Africa, Afghanistan & Pakistan (excluding high income)",2010,NY.GDP.MKTP.KD.ZG,4.8328610609576
MNA,"Middle East, North Africa, Afghanistan & Pakistan (excluding high income)",2009,NY.GDP.MKTP.KD.ZG,2.83699736814459
MNA,"Middle East, North Africa, Afghanistan & Pakistan (excluding high income)",2008,NY.GDP.MKTP.KD.ZG,3.4701124152876
MNA,"Middle East, North Africa, Afghanistan & Pakistan (excluding high income)",2007,NY.GDP.MKTP.KD.ZG,5.8216939563203
MNA,"Middle East, North Africa, Afghanistan & Pakistan (excluding high income)",2006,NY.GDP.MKTP.KD.ZG,5.40507334733429
MNA,"Middle East, North Africa, Afghanistan & Pakistan (excluding high income)",2005,NY.GDP.MKTP.KD.ZG,4.95621150077687
TMN,"Middle East, North Africa, Afghanistan & Pakistan (IDA & IBRD)",2025,NY.GDP.MKTP.KD.ZG,1.9829526200861
TMN,"Middle East, North Africa, Afghanistan & Pakistan (IDA & IBRD)",2024,NY.GDP.MKTP.KD.ZG,2.43947657943453
TMN,"Middle East, North Africa, Afghanistan & Pakistan (IDA & IBRD)",2023,NY.GDP.MKTP.KD.ZG,2.92442456913298
TMN,"Middle East, North Africa, Afghanistan & Pakistan (IDA & IBRD)",2022,NY.GDP.MKTP.KD.ZG,4.3223956322189
TMN,"Middle East, North Africa, Afghanistan & Pakistan (IDA & IBRD)",2021,NY.GDP.MKTP.KD.ZG,4.31282389000222
TMN,"Middle East, North Africa, Afghanistan & Pakistan (IDA & IBRD)",2020,NY.GDP.MKTP.KD.ZG,-2.55101546183431
TMN,"Middle East, North Africa, Afghanistan & Pakistan (IDA & IBRD)",2019,NY.GDP.MKTP.KD.ZG,1.39572055452479
TMN,"Middle East, North Africa, Afghanistan & Pakistan (IDA & IBRD)",2018,NY.GDP.MKTP.KD.ZG,2.1052660162653
TMN,"Middle East, North Africa, Afghanistan & Pakistan (IDA & IBRD)",2017,NY.GDP.MKTP.KD.ZG,3.41861623376329
TMN,"Middle East, North Africa, Afghanistan & Pakistan (IDA & IBRD)",2016,NY.GDP.MKTP.KD.ZG,5.53604079765444
TMN,"Middle East, North Africa, Afghanistan & Pakistan (IDA & IBRD)",2015,NY.GDP.MKTP.KD.ZG,1.09556855918702
TMN,"Middle East, North Africa, Afghanistan & Pakistan (IDA & IBRD)",2014,NY.GDP.MKTP.KD.ZG,2.41712951869309
TMN,"Middle East, North Africa, Afghanistan & Pakistan (IDA & IBRD)",2013,NY.GDP.MKTP.KD.ZG,1.09589599784469
TMN,"Middle East, North Africa, Afghanistan & Pakistan (IDA & IBRD)",2012,NY.GDP.MKTP.KD.ZG,3.53419338600358
TMN,"Middle East, North Africa, Afghanistan & Pakistan (IDA & IBRD)",2011,NY.GDP.MKTP.KD.ZG,-0.432970438519078
TMN,"Middle East, North Africa, Afghanistan & Pakistan (IDA & IBRD)",2010,NY.GDP.MKTP.KD.ZG,4.82653120984563
TMN,"Middle East, North Africa, Afghanistan & Pakistan (IDA & IBRD)",2009,NY.GDP.MKTP.KD.ZG,2.80047655589699
TMN,"Middle East, North Africa, Afghanistan & Pakistan (IDA & IBRD)",2008,NY.GDP.MKTP.KD.ZG,3.44592626794191
TMN,"Middle East, North Africa, Afghanistan & Pakistan (IDA & IBRD)",2007,NY.GDP.MKTP.KD.ZG,5.83436106152658
TMN,"Middle East, North Africa, Afghanistan & Pakistan (IDA & IBRD)",2006,NY.GDP.MKTP.KD.ZG,5.44754788079531
TMN,"Middle East, North Africa, Afghanistan & Pakistan (IDA & IBRD)",2005,NY.GDP.MKTP.KD.ZG,4.91658992231594
MIC,Middle income,2025,NY.GDP.MKTP.KD.ZG,4.52178755917781
MIC,Middle income,2024,NY.GDP.MKTP.KD.ZG,4.43845841319835
MIC,Middle income,2023,NY.GDP.MKTP.KD.ZG,4.70121337251241
MIC,Middle income,2022,NY.GDP.MKTP.KD.ZG,4.01198144032888
MIC,Middle income,2021,NY.GDP.MKTP.KD.ZG,7.4508617815507
MIC,Middle income,2020,NY.GDP.MKTP.KD.ZG,-1.17178883495949
MIC,Middle income,2019,NY.GDP.MKTP.KD.ZG,4.09328498445664
MIC,Middle income,2018,NY.GDP.MKTP.KD.ZG,4.94307020212865
MIC,Middle income,2017,NY.GDP.MKTP.KD.ZG,5.29620389044459
MIC,Middle income,2016,NY.GDP.MKTP.KD.ZG,4.69349170335944
MIC,Middle income,2015,NY.GDP.MKTP.KD.ZG,4.73712887124695
MIC,Middle income,2014,NY.GDP.MKTP.KD.ZG,5.16076456655694
MIC,Middle income,2013,NY.GDP.MKTP.KD.ZG,5.64337115018114
MIC,Middle income,2012,NY.GDP.MKTP.KD.ZG,5.6609285494514
MIC,Middle income,2011,NY.GDP.MKTP.KD.ZG,6.45994281689148
MIC,Middle income,2010,NY.GDP.MKTP.KD.ZG,8.12298995765126
MIC,Middle income,2009,NY.GDP.MKTP.KD.ZG,3.97719888013457
MIC,Middle income,2008,NY.GDP.MKTP.KD.ZG,5.95397977775897
MIC,Middle income,2007,NY.GDP.MKTP.KD.ZG,8.89653898503143
MIC,Middle income,2006,NY.GDP.MKTP.KD.ZG,8.2867008636882
MIC,Middle income,2005,NY.GDP.MKTP.KD.ZG,7.40936933241174
NAC,North America,2025,NY.GDP.MKTP.KD.ZG,2.12972384862783
NAC,North America,2024,NY.GDP.MKTP.KD.ZG,2.73606791647842
NAC,North America,2023,NY.GDP.MKTP.KD.ZG,2.85945132916503
NAC,North America,2022,NY.GDP.MKTP.KD.ZG,2.68881207167273
NAC,North America,2021,NY.GDP.MKTP.KD.ZG,6.13640923701173
NAC,North America,2020,NY.GDP.MKTP.KD.ZG,-2.31236247885967
NAC,North America,2019,NY.GDP.MKTP.KD.ZG,2.53036581365198
NAC,North America,2018,NY.GDP.MKTP.KD.ZG,2.94789312072024
NAC,North America,2017,NY.GDP.MKTP.KD.ZG,2.50284500298896
NAC,North America,2016,NY.GDP.MKTP.KD.ZG,1.7574135378599
NAC,North America,2015,NY.GDP.MKTP.KD.ZG,2.76110438770922
NAC,North America,2014,NY.GDP.MKTP.KD.ZG,2.54944716424754
NAC,North America,2013,NY.GDP.MKTP.KD.ZG,2.13349689819631
NAC,North America,2012,NY.GDP.MKTP.KD.ZG,2.24337856187134
NAC,North America,2011,NY.GDP.MKTP.KD.ZG,1.68621143369091
NAC,North America,2010,NY.GDP.MKTP.KD.ZG,2.72395919935452
NAC,North America,2009,NY.GDP.MKTP.KD.ZG,-2.60460767381707
NAC,North America,2008,NY.GDP.MKTP.KD.ZG,0.181624445600505
NAC,North America,2007,NY.GDP.MKTP.KD.ZG,2.00808305353198
NAC,North America,2006,NY.GDP.MKTP.KD.ZG,2.7743146220173
NAC,North America,2005,NY.GDP.MKTP.KD.ZG,3.46128321445556
OED,OECD members,2025,NY.GDP.MKTP.KD.ZG,1.77005853071937
OED,OECD members,2024,NY.GDP.MKTP.KD.ZG,1.78218444615328
OED,OECD members,2023,NY.GDP.MKTP.KD.ZG,1.78937161232169
OED,OECD members,2022,NY.GDP.MKTP.KD.ZG,3.15854809219758
OED,OECD members,2021,NY.GDP.MKTP.KD.ZG,6.09471533648059
OED,OECD members,2020,NY.GDP.MKTP.KD.ZG,-3.86432916323412
OED,OECD members,2019,NY.GDP.MKTP.KD.ZG,1.85301586905177
OED,OECD members,2018,NY.GDP.MKTP.KD.ZG,2.38931017293615
OED,OECD members,2017,NY.GDP.MKTP.KD.ZG,2.61204188490709
OED,OECD members,2016,NY.GDP.MKTP.KD.ZG,1.85463774155879
OED,OECD members,2015,NY.GDP.MKTP.KD.ZG,2.53080900311944
OED,OECD members,2014,NY.GDP.MKTP.KD.ZG,2.23873423415506
OED,OECD members,2013,NY.GDP.MKTP.KD.ZG,1.62369645988187
OED,OECD members,2012,NY.GDP.MKTP.KD.ZG,1.40460967593552
OED,OECD members,2011,NY.GDP.MKTP.KD.ZG,1.84967918104462
OED,OECD members,2010,NY.GDP.MKTP.KD.ZG,2.97338503994675
OED,OECD members,2009,NY.GDP.MKTP.KD.ZG,-3.39762752928189
OED,OECD members,2008,NY.GDP.MKTP.KD.ZG,0.398567531316999
OED,OECD members,2007,NY.GDP.MKTP.KD.ZG,2.64883701327084
OED,OECD members,2006,NY.GDP.MKTP.KD.ZG,3.06119134402469
OED,OECD members,2005,NY.GDP.MKTP.KD.ZG,2.8546887844396
OSS,Other small states,2025,NY.GDP.MKTP.KD.ZG,2.88340086402312
OSS,Other small states,2024,NY.GDP.MKTP.KD.ZG,2.76881258067121
OSS,Other small states,2023,NY.GDP.MKTP.KD.ZG,3.20030722043091
OSS,Other small states,2022,NY.GDP.MKTP.KD.ZG,4.39868942923867
OSS,Other small states,2021,NY.GDP.MKTP.KD.ZG,7.99114438236406
OSS,Other small states,2020,NY.GDP.MKTP.KD.ZG,-5.76450168062843
OSS,Other small states,2019,NY.GDP.MKTP.KD.ZG,4.24191171511896
OSS,Other small states,2018,NY.GDP.MKTP.KD.ZG,4.36915856791936
OSS,Other small states,2017,NY.GDP.MKTP.KD.ZG,5.06269393757441
OSS,Other small states,2016,NY.GDP.MKTP.KD.ZG,4.11324521484462
OSS,Other small states,2015,NY.GDP.MKTP.KD.ZG,3.35379601684932
OSS,Other small states,2014,NY.GDP.MKTP.KD.ZG,2.10170241796435
OSS,Other small states,2013,NY.GDP.MKTP.KD.ZG,0.795058059250948
OSS,Other small states,2012,NY.GDP.MKTP.KD.ZG,1.20137767968762
OSS,Other small states,2011,NY.GDP.MKTP.KD.ZG,3.29699198601598
OSS,Other small states,2010,NY.GDP.MKTP.KD.ZG,2.4770957293312
OSS,Other small states,2009,NY.GDP.MKTP.KD.ZG,-5.12838675722196
OSS,Other small states,2008,NY.GDP.MKTP.KD.ZG,0.903736392071593
OSS,Other small states,2007,NY.GDP.MKTP.KD.ZG,5.46356131088703
OSS,Other small states,2006,NY.GDP.MKTP.KD.ZG,6.20067811341328
OSS,Other small states,2005,NY.GDP.MKTP.KD.ZG,4.60497481511443
PSS,Pacific island small states,2025,NY.GDP.MKTP.KD.ZG,3.31927523064815
PSS,Pacific island small states,2024,NY.GDP.MKTP.KD.ZG,3.66740238652645
PSS,Pacific island small states,2023,NY.GDP.MKTP.KD.ZG,7.23510889764707
PSS,Pacific island small states,2022,NY.GDP.MKTP.KD.ZG,8.33511772575022
PSS,Pacific island small states,2021,NY.GDP.MKTP.KD.ZG,-2.62004384629151
PSS,Pacific island small states,2020,NY.GDP.MKTP.KD.ZG,-10.2465615365926
PSS,Pacific island small states,2019,NY.GDP.MKTP.KD.ZG,1.1632387186459
PSS,Pacific island small states,2018,NY.GDP.MKTP.KD.ZG,2.72310809047187
PSS,Pacific island small states,2017,NY.GDP.MKTP.KD.ZG,3.88507048124241
PSS,Pacific island small states,2016,NY.GDP.MKTP.KD.ZG,3.74906305678715
PSS,Pacific island small states,2015,NY.GDP.MKTP.KD.ZG,3.97583679136102
PSS,Pacific island small states,2014,NY.GDP.MKTP.KD.ZG,3.57900775268514
PSS,Pacific island small states,2013,NY.GDP.MKTP.KD.ZG,3.24964380089334
PSS,Pacific island small states,2012,NY.GDP.MKTP.KD.ZG,1.04275828193174
PSS,Pacific island small states,2011,NY.GDP.MKTP.KD.ZG,3.84498686299419
PSS,Pacific island small states,2010,NY.GDP.MKTP.KD.ZG,3.61551469762773
PSS,Pacific island small states,2009,NY.GDP.MKTP.KD.ZG,-0.499626121005079
PSS,Pacific island small states,2008,NY.GDP.MKTP.KD.ZG,1.98958878437561
PSS,Pacific island small states,2007,NY.GDP.MKTP.KD.ZG,0.133715934680481
PSS,Pacific island small states,2006,NY.GDP.MKTP.KD.ZG,2.39839602432967
PSS,Pacific island small states,2005,NY.GDP.MKTP.KD.ZG,2.47160106548574
PST,Post-demographic dividend,2025,NY.GDP.MKTP.KD.ZG,1.6533096131564
PST,Post-demographic dividend,2024,NY.GDP.MKTP.KD.ZG,1.77944527022298
PST,Post-demographic dividend,2023,NY.GDP.MKTP.KD.ZG,1.79595440239152
PST,Post-demographic dividend,2022,NY.GDP.MKTP.KD.ZG,2.86042677787768
PST,Post-demographic dividend,2021,NY.GDP.MKTP.KD.ZG,5.82057405938134
PST,Post-demographic dividend,2020,NY.GDP.MKTP.KD.ZG,-4.03866257492757
PST,Post-demographic dividend,2019,NY.GDP.MKTP.KD.ZG,1.82164159324701
PST,Post-demographic dividend,2018,NY.GDP.MKTP.KD.ZG,2.28758807836371
PST,Post-demographic dividend,2017,NY.GDP.MKTP.KD.ZG,2.47944817538426
PST,Post-demographic dividend,2016,NY.GDP.MKTP.KD.ZG,1.80639608099386
PST,Post-demographic dividend,2015,NY.GDP.MKTP.KD.ZG,2.25737860257307
PST,Post-demographic dividend,2014,NY.GDP.MKTP.KD.ZG,2.08004088630904
PST,Post-demographic dividend,2013,NY.GDP.MKTP.KD.ZG,1.52350189398453
PST,Post-demographic dividend,2012,NY.GDP.MKTP.KD.ZG,1.27044703966143
PST,Post-demographic dividend,2011,NY.GDP.MKTP.KD.ZG,1.6356329351827
PST,Post-demographic dividend,2010,NY.GDP.MKTP.KD.ZG,2.90884187925629
PST,Post-demographic dividend,2009,NY.GDP.MKTP.KD.ZG,-3.3891508211187
PST,Post-demographic dividend,2008,NY.GDP.MKTP.KD.ZG,0.367939451129118
PST,Post-demographic dividend,2007,NY.GDP.MKTP.KD.ZG,2.59763145430432
PST,Post-demographic dividend,2006,NY.GDP.MKTP.KD.ZG,2.95414307023958
PST,Post-demographic dividend,2005,NY.GDP.MKTP.KD.ZG,2.80227642192794
PRE,Pre-demographic dividend,2025,NY.GDP.MKTP.KD.ZG,3.57431469085844
PRE,Pre-demographic dividend,2024,NY.GDP.MKTP.KD.ZG,3.328621675752
PRE,Pre-demographic dividend,2023,NY.GDP.MKTP.KD.ZG,2.44455093685518
PRE,Pre-demographic dividend,2022,NY.GDP.MKTP.KD.ZG,4.63522422118558
PRE,Pre-demographic dividend,2021,NY.GDP.MKTP.KD.ZG,2.29076410791771
PRE,Pre-demographic dividend,2020,NY.GDP.MKTP.KD.ZG,-4.15455315541389
PRE,Pre-demographic dividend,2019,NY.GDP.MKTP.KD.ZG,3.16086400453494
PRE,Pre-demographic dividend,2018,NY.GDP.MKTP.KD.ZG,2.65801624793845
PRE,Pre-demographic dividend,2017,NY.GDP.MKTP.KD.ZG,1.65401035196942
PRE,Pre-demographic dividend,2016,NY.GDP.MKTP.KD.ZG,2.48790883634129
PRE,Pre-demographic dividend,2015,NY.GDP.MKTP.KD.ZG,3.04225473776046
PRE,Pre-demographic dividend,2014,NY.GDP.MKTP.KD.ZG,5.17291765109749
PRE,Pre-demographic dividend,2013,NY.GDP.MKTP.KD.ZG,6.11185150793546
PRE,Pre-demographic dividend,2012,NY.GDP.MKTP.KD.ZG,4.32626989714218
PRE,Pre-demographic dividend,2011,NY.GDP.MKTP.KD.ZG,4.1553757689192
PRE,Pre-demographic dividend,2010,NY.GDP.MKTP.KD.ZG,6.67265580684425
PRE,Pre-demographic dividend,2009,NY.GDP.MKTP.KD.ZG,4.84336953611044
PRE,Pre-demographic dividend,2008,NY.GDP.MKTP.KD.ZG,6.38744131574033
PRE,Pre-demographic dividend,2007,NY.GDP.MKTP.KD.ZG,6.06805742634351
PRE,Pre-demographic dividend,2006,NY.GDP.MKTP.KD.ZG,6.21676933701521
PRE,Pre-demographic dividend,2005,NY.GDP.MKTP.KD.ZG,5.96991931741751
SST,Small states,2025,NY.GDP.MKTP.KD.ZG,4.39108110908893
SST,Small states,2024,NY.GDP.MKTP.KD.ZG,6.06796967493719
SST,Small states,2023,NY.GDP.MKTP.KD.ZG,5.02859646200615
SST,Small states,2022,NY.GDP.MKTP.KD.ZG,7.42838535135735
SST,Small states,2021,NY.GDP.MKTP.KD.ZG,7.29421049896773
SST,Small states,2020,NY.GDP.MKTP.KD.ZG,-6.9752973416568
SST,Small states,2019,NY.GDP.MKTP.KD.ZG,3.11127439080343
SST,Small states,2018,NY.GDP.MKTP.KD.ZG,3.38174135854818
SST,Small states,2017,NY.GDP.MKTP.KD.ZG,3.2130480541305
SST,Small states,2016,NY.GDP.MKTP.KD.ZG,1.764520691762
SST,Small states,2015,NY.GDP.MKTP.KD.ZG,2.25069098311559
SST,Small states,2014,NY.GDP.MKTP.KD.ZG,2.33382759269183
SST,Small states,2013,NY.GDP.MKTP.KD.ZG,1.16517400770937
SST,Small states,2012,NY.GDP.MKTP.KD.ZG,2.145392566206
SST,Small states,2011,NY.GDP.MKTP.KD.ZG,2.53147178044759
SST,Small states,2010,NY.GDP.MKTP.KD.ZG,2.09524612741406
SST,Small states,2009,NY.GDP.MKTP.KD.ZG,-4.35396889421725
SST,Small states,2008,NY.GDP.MKTP.KD.ZG,1.21187674349743
SST,Small states,2007,NY.GDP.MKTP.KD.ZG,4.68401800569625
SST,Small states,2006,NY.GDP.MKTP.KD.ZG,6.55695530293785
SST,Small states,2005,NY.GDP.MKTP.KD.ZG,4.43373124919084
SAS,South Asia,2025,NY.GDP.MKTP.KD.ZG,7.12381420637792
SAS,South Asia,2024,NY.GDP.MKTP.KD.ZG,6.75761201913679
SAS,South Asia,2023,NY.GDP.MKTP.KD.ZG,6.7848640413625
SAS,South Asia,2022,NY.GDP.MKTP.KD.ZG,7.10115392414392
SAS,South Asia,2021,NY.GDP.MKTP.KD.ZG,9.24659959756499
SAS,South Asia,2020,NY.GDP.MKTP.KD.ZG,-4.98750173652559
SAS,South Asia,2019,NY.GDP.MKTP.KD.ZG,4.09454306534288
SAS,South Asia,2018,NY.GDP.MKTP.KD.ZG,6.39366632555758
SAS,South Asia,2017,NY.GDP.MKTP.KD.ZG,6.78411966009934
SAS,South Asia,2016,NY.GDP.MKTP.KD.ZG,7.96912333644603
SAS,South Asia,2015,NY.GDP.MKTP.KD.ZG,7.68973935190233
SAS,South Asia,2014,NY.GDP.MKTP.KD.ZG,7.24547986703887
SAS,South Asia,2013,NY.GDP.MKTP.KD.ZG,6.23326513053635
SAS,South Asia,2012,NY.GDP.MKTP.KD.ZG,5.64515915583837
SAS,South Asia,2011,NY.GDP.MKTP.KD.ZG,5.45109403255725
SAS,South Asia,2010,NY.GDP.MKTP.KD.ZG,8.19440351710111
SAS,South Asia,2009,NY.GDP.MKTP.KD.ZG,7.38981184140867
SAS,South Asia,2008,NY.GDP.MKTP.KD.ZG,3.48063577466947
SAS,South Asia,2007,NY.GDP.MKTP.KD.ZG,7.53428172873167
SAS,South Asia,2006,NY.GDP.MKTP.KD.ZG,7.89518423097518
SAS,South Asia,2005,NY.GDP.MKTP.KD.ZG,7.64449221771777
TSA,South Asia (IDA & IBRD),2025,NY.GDP.MKTP.KD.ZG,7.12381420637792
TSA,South Asia (IDA & IBRD),2024,NY.GDP.MKTP.KD.ZG,6.75761201913679
TSA,South Asia (IDA & IBRD),2023,NY.GDP.MKTP.KD.ZG,6.7848640413625
TSA,South Asia (IDA & IBRD),2022,NY.GDP.MKTP.KD.ZG,7.10115392414392
TSA,South Asia (IDA & IBRD),2021,NY.GDP.MKTP.KD.ZG,9.24659959756499
TSA,South Asia (IDA & IBRD),2020,NY.GDP.MKTP.KD.ZG,-4.98750173652559
TSA,South Asia (IDA & IBRD),2019,NY.GDP.MKTP.KD.ZG,4.09454306534288
TSA,South Asia (IDA & IBRD),2018,NY.GDP.MKTP.KD.ZG,6.39366632555758
TSA,South Asia (IDA & IBRD),2017,NY.GDP.MKTP.KD.ZG,6.78411966009934
TSA,South Asia (IDA & IBRD),2016,NY.GDP.MKTP.KD.ZG,7.96912333644603
TSA,South Asia (IDA & IBRD),2015,NY.GDP.MKTP.KD.ZG,7.68973935190233
TSA,South Asia (IDA & IBRD),2014,NY.GDP.MKTP.KD.ZG,7.24547986703887
TSA,South Asia (IDA & IBRD),2013,NY.GDP.MKTP.KD.ZG,6.23326513053635
TSA,South Asia (IDA & IBRD),2012,NY.GDP.MKTP.KD.ZG,5.64515915583837
TSA,South Asia (IDA & IBRD),2011,NY.GDP.MKTP.KD.ZG,5.45109403255725
TSA,South Asia (IDA & IBRD),2010,NY.GDP.MKTP.KD.ZG,8.19440351710111
TSA,South Asia (IDA & IBRD),2009,NY.GDP.MKTP.KD.ZG,7.38981184140867
TSA,South Asia (IDA & IBRD),2008,NY.GDP.MKTP.KD.ZG,3.48063577466947
TSA,South Asia (IDA & IBRD),2007,NY.GDP.MKTP.KD.ZG,7.53428172873167
TSA,South Asia (IDA & IBRD),2006,NY.GDP.MKTP.KD.ZG,7.89518423097518
TSA,South Asia (IDA & IBRD),2005,NY.GDP.MKTP.KD.ZG,7.64449221771777
SSF,Sub-Saharan Africa,2025,NY.GDP.MKTP.KD.ZG,4.13928145259649
SSF,Sub-Saharan Africa,2024,NY.GDP.MKTP.KD.ZG,3.6161279249573
SSF,Sub-Saharan Africa,2023,NY.GDP.MKTP.KD.ZG,2.71446691675897
SSF,Sub-Saharan Africa,2022,NY.GDP.MKTP.KD.ZG,4.03371066956886
SSF,Sub-Saharan Africa,2021,NY.GDP.MKTP.KD.ZG,3.58194129290288
SSF,Sub-Saharan Africa,2020,NY.GDP.MKTP.KD.ZG,-3.29212615874913
SSF,Sub-Saharan Africa,2019,NY.GDP.MKTP.KD.ZG,2.54913933046186
SSF,Sub-Saharan Africa,2018,NY.GDP.MKTP.KD.ZG,2.79433082130898
SSF,Sub-Saharan Africa,2017,NY.GDP.MKTP.KD.ZG,2.5074548530006
SSF,Sub-Saharan Africa,2016,NY.GDP.MKTP.KD.ZG,1.31700355850863
SSF,Sub-Saharan Africa,2015,NY.GDP.MKTP.KD.ZG,2.93344601140815
SSF,Sub-Saharan Africa,2014,NY.GDP.MKTP.KD.ZG,4.72713989905584
SSF,Sub-Saharan Africa,2013,NY.GDP.MKTP.KD.ZG,5.27451055861322
SSF,Sub-Saharan Africa,2012,NY.GDP.MKTP.KD.ZG,3.3282636069647
SSF,Sub-Saharan Africa,2011,NY.GDP.MKTP.KD.ZG,4.29214102609687
SSF,Sub-Saharan Africa,2010,NY.GDP.MKTP.KD.ZG,6.06650061092895
SSF,Sub-Saharan Africa,2009,NY.GDP.MKTP.KD.ZG,3.14726802642645
SSF,Sub-Saharan Africa,2008,NY.GDP.MKTP.KD.ZG,5.20016102666739
SSF,Sub-Saharan Africa,2007,NY.GDP.MKTP.KD.ZG,6.15965789735048
SSF,Sub-Saharan Africa,2006,NY.GDP.MKTP.KD.ZG,6.04946351604032
SSF,Sub-Saharan Africa,2005,NY.GDP.MKTP.KD.ZG,6.00952996907236
SSA,Sub-Saharan Africa (excluding high income),2025,NY.GDP.MKTP.KD.ZG,4.13764837892776
SSA,Sub-Saharan Africa (excluding high income),2024,NY.GDP.MKTP.KD.ZG,3.61639391196729
SSA,Sub-Saharan Africa (excluding high income),2023,NY.GDP.MKTP.KD.ZG,2.71209038880693
SSA,Sub-Saharan Africa (excluding high income),2022,NY.GDP.MKTP.KD.ZG,4.02837470360804
SSA,Sub-Saharan Africa (excluding high income),2021,NY.GDP.MKTP.KD.ZG,3.58478965187514
SSA,Sub-Saharan Africa (excluding high income),2020,NY.GDP.MKTP.KD.ZG,-3.28342298905326
SSA,Sub-Saharan Africa (excluding high income),2019,NY.GDP.MKTP.KD.ZG,2.54617045203717
SSA,Sub-Saharan Africa (excluding high income),2018,NY.GDP.MKTP.KD.ZG,2.7922269325805
SSA,Sub-Saharan Africa (excluding high income),2017,NY.GDP.MKTP.KD.ZG,2.50327515080239
SSA,Sub-Saharan Africa (excluding high income),2016,NY.GDP.MKTP.KD.ZG,1.30783035327565
SSA,Sub-Saharan Africa (excluding high income),2015,NY.GDP.MKTP.KD.ZG,2.92864568387523
SSA,Sub-Saharan Africa (excluding high income),2014,NY.GDP.MKTP.KD.ZG,4.72767581662336
SSA,Sub-Saharan Africa (excluding high income),2013,NY.GDP.MKTP.KD.ZG,5.27788752698235
SSA,Sub-Saharan Africa (excluding high income),2012,NY.GDP.MKTP.KD.ZG,3.3284467382704
SSA,Sub-Saharan Africa (excluding high income),2011,NY.GDP.MKTP.KD.ZG,4.28795897854658
SSA,Sub-Saharan Africa (excluding high income),2010,NY.GDP.MKTP.KD.ZG,6.0677707928219
SSA,Sub-Saharan Africa (excluding high income),2009,NY.GDP.MKTP.KD.ZG,3.15210965605388
SSA,Sub-Saharan Africa (excluding high income),2008,NY.GDP.MKTP.KD.ZG,5.20765761067246
SSA,Sub-Saharan Africa (excluding high income),2007,NY.GDP.MKTP.KD.ZG,6.15715285313649
SSA,Sub-Saharan Africa (excluding high income),2006,NY.GDP.MKTP.KD.ZG,6.0464630905323
SSA,Sub-Saharan Africa (excluding high income),2005,NY.GDP.MKTP.KD.ZG,6.00692540507985
TSS,Sub-Saharan Africa (IDA & IBRD countries),2025,NY.GDP.MKTP.KD.ZG,4.13928145259648
TSS,Sub-Saharan Africa (IDA & IBRD countries),2024,NY.GDP.MKTP.KD.ZG,3.61612792495724
TSS,Sub-Saharan Africa (IDA & IBRD countries),2023,NY.GDP.MKTP.KD.ZG,2.71446691675898
TSS,Sub-Saharan Africa (IDA & IBRD countries),2022,NY.GDP.MKTP.KD.ZG,4.03371066956888
TSS,Sub-Saharan Africa (IDA & IBRD countries),2021,NY.GDP.MKTP.KD.ZG,3.58194129290288
TSS,Sub-Saharan Africa (IDA & IBRD countries),2020,NY.GDP.MKTP.KD.ZG,-3.29212615874916
TSS,Sub-Saharan Africa (IDA & IBRD countries),2019,NY.GDP.MKTP.KD.ZG,2.5491393304619
TSS,Sub-Saharan Africa (IDA & IBRD countries),2018,NY.GDP.MKTP.KD.ZG,2.7943308213089
TSS,Sub-Saharan Africa (IDA & IBRD countries),2017,NY.GDP.MKTP.KD.ZG,2.50745485300064
TSS,Sub-Saharan Africa (IDA & IBRD countries),2016,NY.GDP.MKTP.KD.ZG,1.31700355850862
TSS,Sub-Saharan Africa (IDA & IBRD countries),2015,NY.GDP.MKTP.KD.ZG,2.93344601140815
TSS,Sub-Saharan Africa (IDA & IBRD countries),2014,NY.GDP.MKTP.KD.ZG,4.72713989905583
TSS,Sub-Saharan Africa (IDA & IBRD countries),2013,NY.GDP.MKTP.KD.ZG,5.27451055861317
TSS,Sub-Saharan Africa (IDA & IBRD countries),2012,NY.GDP.MKTP.KD.ZG,3.32826360696474
TSS,Sub-Saharan Africa (IDA & IBRD countries),2011,NY.GDP.MKTP.KD.ZG,4.2921410260969
TSS,Sub-Saharan Africa (IDA & IBRD countries),2010,NY.GDP.MKTP.KD.ZG,6.06650061092893
TSS,Sub-Saharan Africa (IDA & IBRD countries),2009,NY.GDP.MKTP.KD.ZG,3.14726802642649
TSS,Sub-Saharan Africa (IDA & IBRD countries),2008,NY.GDP.MKTP.KD.ZG,5.20016102666743
TSS,Sub-Saharan Africa (IDA & IBRD countries),2007,NY.GDP.MKTP.KD.ZG,6.15965789735047
TSS,Sub-Saharan Africa (IDA & IBRD countries),2006,NY.GDP.MKTP.KD.ZG,6.0494635160403
TSS,Sub-Saharan Africa (IDA & IBRD countries),2005,NY.GDP.MKTP.KD.ZG,6.00952996907237
,Upper middle income,2025,NY.GDP.MKTP.KD.ZG,4.20533481650185
,Upper middle income,2024,NY.GDP.MKTP.KD.ZG,4.23445227221156
,Upper middle income,2023,NY.GDP.MKTP.KD.ZG,4.57426687515756
,Upper middle income,2022,NY.GDP.MKTP.KD.ZG,3.53652312476997
,Upper middle income,2021,NY.GDP.MKTP.KD.ZG,7.58860883559845
,Upper middle income,2020,NY.GDP.MKTP.KD.ZG,-0.502919871037122
,Upper middle income,2019,NY.GDP.MKTP.KD.ZG,4.24595361596556
,Upper middle income,2018,NY.GDP.MKTP.KD.ZG,4.95165024884356
,Upper middle income,2017,NY.GDP.MKTP.KD.ZG,5.40459151052542
,Upper middle income,2016,NY.GDP.MKTP.KD.ZG,4.62482816773941
,Upper middle income,2015,NY.GDP.MKTP.KD.ZG,4.56055688519767
,Upper middle income,2014,NY.GDP.MKTP.KD.ZG,5.02375276809626
,Upper middle income,2013,NY.GDP.MKTP.KD.ZG,5.66814396000228
,Upper middle income,2012,NY.GDP.MKTP.KD.ZG,5.7971024867346
,Upper middle income,2011,NY.GDP.MKTP.KD.ZG,6.86028171206145
,Upper middle income,2010,NY.GDP.MKTP.KD.ZG,8.47976782694566
,Upper middle income,2009,NY.GDP.MKTP.KD.ZG,3.53070135416004
,Upper middle income,2008,NY.GDP.MKTP.KD.ZG,6.27582959663708
,Upper middle income,2007,NY.GDP.MKTP.KD.ZG,9.34587228012785
,Upper middle income,2006,NY.GDP.MKTP.KD.ZG,8.54599449140774
,Upper middle income,2005,NY.GDP.MKTP.KD.ZG,7.53091329686855
WLD,World,2025,NY.GDP.MKTP.KD.ZG,2.92127318539153
WLD,World,2024,NY.GDP.MKTP.KD.ZG,2.90001340156714
WLD,World,2023,NY.GDP.MKTP.KD.ZG,2.85938493335973
WLD,World,2022,NY.GDP.MKTP.KD.ZG,3.44001097265647
WLD,World,2021,NY.GDP.MKTP.KD.ZG,6.48508887596752
WLD,World,2020,NY.GDP.MKTP.KD.ZG,-2.88621185457086
WLD,World,2019,NY.GDP.MKTP.KD.ZG,2.680308747553
WLD,World,2018,NY.GDP.MKTP.KD.ZG,3.28663086462807
WLD,World,2017,NY.GDP.MKTP.KD.ZG,3.44658623167955
WLD,World,2016,NY.GDP.MKTP.KD.ZG,2.78974074234593
WLD,World,2015,NY.GDP.MKTP.KD.ZG,3.12721325699906
WLD,World,2014,NY.GDP.MKTP.KD.ZG,3.16849193058366
WLD,World,2013,NY.GDP.MKTP.KD.ZG,2.88974765617324
WLD,World,2012,NY.GDP.MKTP.KD.ZG,2.74743359443485
WLD,World,2011,NY.GDP.MKTP.KD.ZG,3.31431839310667
WLD,World,2010,NY.GDP.MKTP.KD.ZG,4.52085213873784
WLD,World,2009,NY.GDP.MKTP.KD.ZG,-1.33303814192499
WLD,World,2008,NY.GDP.MKTP.KD.ZG,2.0916044806491
WLD,World,2007,NY.GDP.MKTP.KD.ZG,4.43123376835285
WLD,World,2006,NY.GDP.MKTP.KD.ZG,4.48913510541222
WLD,World,2005,NY.GDP.MKTP.KD.ZG,4.0591513939051
AFG,Afghanistan,2024,NY.GDP.MKTP.KD.ZG,1.87319280045979
AFG,Afghanistan,2023,NY.GDP.MKTP.KD.ZG,2.26694373649188
AFG,Afghanistan,2022,NY.GDP.MKTP.KD.ZG,-6.24017199240269
AFG,Afghanistan,2021,NY.GDP.MKTP.KD.ZG,-20.7388393676343
AFG,Afghanistan,2020,NY.GDP.MKTP.KD.ZG,-2.35110067203466
AFG,Afghanistan,2019,NY.GDP.MKTP.KD.ZG,3.91160341625552
AFG,Afghanistan,2018,NY.GDP.MKTP.KD.ZG,1.18922812944517
AFG,Afghanistan,2017,NY.GDP.MKTP.KD.ZG,2.6470032027451
AFG,Afghanistan,2016,NY.GDP.MKTP.KD.ZG,2.26031420279821
AFG,Afghanistan,2015,NY.GDP.MKTP.KD.ZG,1.45131466066431
AFG,Afghanistan,2014,NY.GDP.MKTP.KD.ZG,2.72454336219565
AFG,Afghanistan,2013,NY.GDP.MKTP.KD.ZG,5.60074465863221
AFG,Afghanistan,2012,NY.GDP.MKTP.KD.ZG,12.7522870926697
AFG,Afghanistan,2011,NY.GDP.MKTP.KD.ZG,0.426354776777345
AFG,Afghanistan,2010,NY.GDP.MKTP.KD.ZG,14.3624414710737
AFG,Afghanistan,2009,NY.GDP.MKTP.KD.ZG,21.3905283926492
AFG,Afghanistan,2008,NY.GDP.MKTP.KD.ZG,3.92498381999467
AFG,Afghanistan,2007,NY.GDP.MKTP.KD.ZG,13.8263195471281
AFG,Afghanistan,2006,NY.GDP.MKTP.KD.ZG,5.35740324748592
AFG,Afghanistan,2005,NY.GDP.MKTP.KD.ZG,11.2297148272859
ALB,Albania,2025,NY.GDP.MKTP.KD.ZG,3.78893836241024
ALB,Albania,2024,NY.GDP.MKTP.KD.ZG,4.04592845095348
ALB,Albania,2023,NY.GDP.MKTP.KD.ZG,4.01541716935742
ALB,Albania,2022,NY.GDP.MKTP.KD.ZG,4.8268006234359
ALB,Albania,2021,NY.GDP.MKTP.KD.ZG,8.96957619074095
ALB,Albania,2020,NY.GDP.MKTP.KD.ZG,-3.31375636888916
ALB,Albania,2019,NY.GDP.MKTP.KD.ZG,2.06257790176122
ALB,Albania,2018,NY.GDP.MKTP.KD.ZG,3.67141928098908
ALB,Albania,2017,NY.GDP.MKTP.KD.ZG,3.28317593330073
ALB,Albania,2016,NY.GDP.MKTP.KD.ZG,3.90893551362245
ALB,Albania,2015,NY.GDP.MKTP.KD.ZG,2.2277040745779
ALB,Albania,2014,NY.GDP.MKTP.KD.ZG,2.24022695382642
ALB,Albania,2013,NY.GDP.MKTP.KD.ZG,1.7072283175406
ALB,Albania,2012,NY.GDP.MKTP.KD.ZG,0.984129880204108
ALB,Albania,2011,NY.GDP.MKTP.KD.ZG,2.46351683915714
ALB,Albania,2010,NY.GDP.MKTP.KD.ZG,2.97315442681247
ALB,Albania,2009,NY.GDP.MKTP.KD.ZG,2.69075152362146
ALB,Albania,2008,NY.GDP.MKTP.KD.ZG,6.90706230713707
ALB,Albania,2007,NY.GDP.MKTP.KD.ZG,6.50009261158209
ALB,Albania,2006,NY.GDP.MKTP.KD.ZG,6.0189812403864
ALB,Albania,2005,NY.GDP.MKTP.KD.ZG,5.13082193056189
DZA,Algeria,2025,NY.GDP.MKTP.KD.ZG,3.815543719231
DZA,Algeria,2024,NY.GDP.MKTP.KD.ZG,3.69999999907979
DZA,Algeria,2023,NY.GDP.MKTP.KD.ZG,4.10000000005964
DZA,Algeria,2022,NY.GDP.MKTP.KD.ZG,3.60000000094915
DZA,Algeria,2021,NY.GDP.MKTP.KD.ZG,3.79999999900707
DZA,Algeria,2020,NY.GDP.MKTP.KD.ZG,-4.99999999908597
DZA,Algeria,2019,NY.GDP.MKTP.KD.ZG,0.899999999219148
DZA,Algeria,2018,NY.GDP.MKTP.KD.ZG,1.40000000088281
DZA,Algeria,2017,NY.GDP.MKTP.KD.ZG,1.49999999895587
DZA,Algeria,2016,NY.GDP.MKTP.KD.ZG,3.90000000017621
DZA,Algeria,2015,NY.GDP.MKTP.KD.ZG,3.20000000089023
DZA,Algeria,2014,NY.GDP.MKTP.KD.ZG,4.09999999866501
DZA,Algeria,2013,NY.GDP.MKTP.KD.ZG,2.60000000061164
DZA,Algeria,2012,NY.GDP.MKTP.KD.ZG,2.40000000034432
DZA,Algeria,2011,NY.GDP.MKTP.KD.ZG,2.99999999941909
DZA,Algeria,2010,NY.GDP.MKTP.KD.ZG,4.80000000093564
DZA,Algeria,2009,NY.GDP.MKTP.KD.ZG,1.19999999969519
DZA,Algeria,2008,NY.GDP.MKTP.KD.ZG,2.49999999929371
DZA,Algeria,2007,NY.GDP.MKTP.KD.ZG,3.10000000128674
DZA,Algeria,2006,NY.GDP.MKTP.KD.ZG,2.89999999905852
DZA,Algeria,2005,NY.GDP.MKTP.KD.ZG,5.39999999969525
ASM,American Samoa,2022,NY.GDP.MKTP.KD.ZG,1.73501577287065
ASM,American Samoa,2021,NY.GDP.MKTP.KD.ZG,-0.782472613458523
ASM,American Samoa,2020,NY.GDP.MKTP.KD.ZG,4.41176470588236
ASM,American Samoa,2019,NY.GDP.MKTP.KD.ZG,-0.487804878048777
ASM,American Samoa,2018,NY.GDP.MKTP.KD.ZG,2.6711185308848
ASM,American Samoa,2017,NY.GDP.MKTP.KD.ZG,-6.98757763975155
ASM,American Samoa,2016,NY.GDP.MKTP.KD.ZG,-1.67938931297709
ASM,American Samoa,2015,NY.GDP.MKTP.KD.ZG,3.14960629921259
ASM,American Samoa,2014,NY.GDP.MKTP.KD.ZG,1.76282051282051
ASM,American Samoa,2013,NY.GDP.MKTP.KD.ZG,-2.5
ASM,American Samoa,2012,NY.GDP.MKTP.KD.ZG,-4.33482810164425
ASM,American Samoa,2011,NY.GDP.MKTP.KD.ZG,0.0
ASM,American Samoa,2010,NY.GDP.MKTP.KD.ZG,0.299850074962521
ASM,American Samoa,2009,NY.GDP.MKTP.KD.ZG,-4.16666666666666
ASM,American Samoa,2008,NY.GDP.MKTP.KD.ZG,-2.65734265734265
ASM,American Samoa,2007,NY.GDP.MKTP.KD.ZG,1.85185185185186
ASM,American Samoa,2006,NY.GDP.MKTP.KD.ZG,-4.09836065573771
ASM,American Samoa,2005,NY.GDP.MKTP.KD.ZG,-0.408163265306129
AND,Andorra,2025,NY.GDP.MKTP.KD.ZG,3.86803450687808
AND,Andorra,2024,NY.GDP.MKTP.KD.ZG,3.8491605039052
AND,Andorra,2023,NY.GDP.MKTP.KD.ZG,2.58355480961319
AND,Andorra,2022,NY.GDP.MKTP.KD.ZG,9.56461225648184
AND,Andorra,2021,NY.GDP.MKTP.KD.ZG,8.28677879049404
AND,Andorra,2020,NY.GDP.MKTP.KD.ZG,-11.1839399355384
AND,Andorra,2019,NY.GDP.MKTP.KD.ZG,2.01554763848308
AND,Andorra,2018,NY.GDP.MKTP.KD.ZG,1.58876549046354
AND,Andorra,2017,NY.GDP.MKTP.KD.ZG,0.346071889630295
AND,Andorra,2016,NY.GDP.MKTP.KD.ZG,3.70967806978986
AND,Andorra,2015,NY.GDP.MKTP.KD.ZG,1.43414039522716
AND,Andorra,2014,NY.GDP.MKTP.KD.ZG,2.50446552114518
AND,Andorra,2013,NY.GDP.MKTP.KD.ZG,-3.54759651549344
AND,Andorra,2012,NY.GDP.MKTP.KD.ZG,-4.97444371853503
AND,Andorra,2011,NY.GDP.MKTP.KD.ZG,-0.00806975341139093
AND,Andorra,2010,NY.GDP.MKTP.KD.ZG,-1.97495799965345
AND,Andorra,2009,NY.GDP.MKTP.KD.ZG,-5.30284654348291
AND,Andorra,2008,NY.GDP.MKTP.KD.ZG,-5.55918636850581
AND,Andorra,2007,NY.GDP.MKTP.KD.ZG,1.55318814103222
AND,Andorra,2006,NY.GDP.MKTP.KD.ZG,4.80868869916921
AND,Andorra,2005,NY.GDP.MKTP.KD.ZG,5.39779598500422
AGO,Angola,2025,NY.GDP.MKTP.KD.ZG,3.13353542450008
AGO,Angola,2024,NY.GDP.MKTP.KD.ZG,4.95267860425956
AGO,Angola,2023,NY.GDP.MKTP.KD.ZG,1.32016587081031
AGO,Angola,2022,NY.GDP.MKTP.KD.ZG,3.55749206675667
AGO,Angola,2021,NY.GDP.MKTP.KD.ZG,1.09058369944815
AGO,Angola,2020,NY.GDP.MKTP.KD.ZG,-5.27349128300007
AGO,Angola,2019,NY.GDP.MKTP.KD.ZG,-1.05523414494337
AGO,Angola,2018,NY.GDP.MKTP.KD.ZG,-0.506697543616156
AGO,Angola,2017,NY.GDP.MKTP.KD.ZG,-0.164688656961076
AGO,Angola,2016,NY.GDP.MKTP.KD.ZG,-0.233076954805284
AGO,Angola,2015,NY.GDP.MKTP.KD.ZG,0.763177710914789
AGO,Angola,2014,NY.GDP.MKTP.KD.ZG,4.65572356315585
AGO,Angola,2013,NY.GDP.MKTP.KD.ZG,4.88306129688392
AGO,Angola,2012,NY.GDP.MKTP.KD.ZG,8.50312283866612
AGO,Angola,2011,NY.GDP.MKTP.KD.ZG,3.59386960240222
AGO,Angola,2010,NY.GDP.MKTP.KD.ZG,5.29366572819954
AGO,Angola,2009,NY.GDP.MKTP.KD.ZG,1.99558909788963
AGO,Angola,2008,NY.GDP.MKTP.KD.ZG,10.7866360496581
AGO,Angola,2007,NY.GDP.MKTP.KD.ZG,13.0026889457976
AGO,Angola,2006,NY.GDP.MKTP.KD.ZG,11.8418178757042
AGO,Angola,2005,NY.GDP.MKTP.KD.ZG,14.1547775343954
ATG,Antigua and Barbuda,2025,NY.GDP.MKTP.KD.ZG,4.99803998431987
ATG,Antigua and Barbuda,2024,NY.GDP.MKTP.KD.ZG,2.54044193946544
ATG,Antigua and Barbuda,2023,NY.GDP.MKTP.KD.ZG,3.86550160079324
ATG,Antigua and Barbuda,2022,NY.GDP.MKTP.KD.ZG,8.49776342254205
ATG,Antigua and Barbuda,2021,NY.GDP.MKTP.KD.ZG,8.17286311186622
ATG,Antigua and Barbuda,2020,NY.GDP.MKTP.KD.ZG,-18.8687765208148
ATG,Antigua and Barbuda,2019,NY.GDP.MKTP.KD.ZG,3.1722219373937
ATG,Antigua and Barbuda,2018,NY.GDP.MKTP.KD.ZG,6.71200487159726
ATG,Antigua and Barbuda,2017,NY.GDP.MKTP.KD.ZG,2.71272657973627
ATG,Antigua and Barbuda,2016,NY.GDP.MKTP.KD.ZG,4.1203675438061
ATG,Antigua and Barbuda,2015,NY.GDP.MKTP.KD.ZG,1.42161997595372
ATG,Antigua and Barbuda,2014,NY.GDP.MKTP.KD.ZG,2.19829188738797
ATG,Antigua and Barbuda,2013,NY.GDP.MKTP.KD.ZG,-0.600982329599361
ATG,Antigua and Barbuda,2012,NY.GDP.MKTP.KD.ZG,3.37314273947959
ATG,Antigua and Barbuda,2011,NY.GDP.MKTP.KD.ZG,-1.95874262217572
ATG,Antigua and Barbuda,2010,NY.GDP.MKTP.KD.ZG,-7.84050683730972
ATG,Antigua and Barbuda,2009,NY.GDP.MKTP.KD.ZG,-11.9628794703471
ATG,Antigua and Barbuda,2008,NY.GDP.MKTP.KD.ZG,-0.0140065981851762
ATG,Antigua and Barbuda,2007,NY.GDP.MKTP.KD.ZG,9.31518272315685
ATG,Antigua and Barbuda,2006,NY.GDP.MKTP.KD.ZG,12.7081474873625
ATG,Antigua and Barbuda,2005,NY.GDP.MKTP.KD.ZG,6.47368941781741
ARG,Argentina,2025,NY.GDP.MKTP.KD.ZG,4.36733330217022
ARG,Argentina,2024,NY.GDP.MKTP.KD.ZG,-1.34293072157739
ARG,Argentina,2023,NY.GDP.MKTP.KD.ZG,-1.85578803046339
ARG,Argentina,2022,NY.GDP.MKTP.KD.ZG,6.02074537534855
ARG,Argentina,2021,NY.GDP.MKTP.KD.ZG,10.4418119882506
ARG,Argentina,2020,NY.GDP.MKTP.KD.ZG,-9.9004848136464
ARG,Argentina,2019,NY.GDP.MKTP.KD.ZG,-2.00086100285785
ARG,Argentina,2018,NY.GDP.MKTP.KD.ZG,-2.61739646282038
ARG,Argentina,2017,NY.GDP.MKTP.KD.ZG,2.81850297775918
ARG,Argentina,2016,NY.GDP.MKTP.KD.ZG,-2.08032784377811
ARG,Argentina,2015,NY.GDP.MKTP.KD.ZG,2.73115982828944
ARG,Argentina,2014,NY.GDP.MKTP.KD.ZG,-2.51261532081394
ARG,Argentina,2013,NY.GDP.MKTP.KD.ZG,2.40532378079436
ARG,Argentina,2012,NY.GDP.MKTP.KD.ZG,-1.0264204544321
ARG,Argentina,2011,NY.GDP.MKTP.KD.ZG,6.00395169280579
ARG,Argentina,2010,NY.GDP.MKTP.KD.ZG,10.1253981561002
ARG,Argentina,2009,NY.GDP.MKTP.KD.ZG,-5.91852507634947
ARG,Argentina,2008,NY.GDP.MKTP.KD.ZG,4.05723310346406
ARG,Argentina,2007,NY.GDP.MKTP.KD.ZG,9.00765087504757
ARG,Argentina,2006,NY.GDP.MKTP.KD.ZG,8.04715150043027
ARG,Argentina,2005,NY.GDP.MKTP.KD.ZG,8.85165992013437
ARM,Armenia,2025,NY.GDP.MKTP.KD.ZG,7.2
ARM,Armenia,2024,NY.GDP.MKTP.KD.ZG,5.90000000046228
ARM,Armenia,2023,NY.GDP.MKTP.KD.ZG,8.29999999959539
ARM,Armenia,2022,NY.GDP.MKTP.KD.ZG,12.5999999997766
ARM,Armenia,2021,NY.GDP.MKTP.KD.ZG,5.80000000065645
ARM,Armenia,2020,NY.GDP.MKTP.KD.ZG,-7.19999999920631
ARM,Armenia,2019,NY.GDP.MKTP.KD.ZG,7.59999999853918
ARM,Armenia,2018,NY.GDP.MKTP.KD.ZG,5.19999999965324
ARM,Armenia,2017,NY.GDP.MKTP.KD.ZG,7.50000000164144
ARM,Armenia,2016,NY.GDP.MKTP.KD.ZG,0.199999999825991
ARM,Armenia,2015,NY.GDP.MKTP.KD.ZG,3.19999999896625
ARM,Armenia,2014,NY.GDP.MKTP.KD.ZG,3.60000000058993
ARM,Armenia,2013,NY.GDP.MKTP.KD.ZG,3.3
ARM,Armenia,2012,NY.GDP.MKTP.KD.ZG,7.20000000096486
ARM,Armenia,2011,NY.GDP.MKTP.KD.ZG,4.69999999867412
ARM,Armenia,2010,NY.GDP.MKTP.KD.ZG,2.2000000002151
ARM,Armenia,2009,NY.GDP.MKTP.KD.ZG,-14.1000000006998
ARM,Armenia,2008,NY.GDP.MKTP.KD.ZG,6.90000000042959
ARM,Armenia,2007,NY.GDP.MKTP.KD.ZG,13.7000000015467
ARM,Armenia,2006,NY.GDP.MKTP.KD.ZG,13.1999999994661
ARM,Armenia,2005,NY.GDP.MKTP.KD.ZG,13.8999999991133
ABW,Aruba,2024,NY.GDP.MKTP.KD.ZG,6.81077669324554
ABW,Aruba,2023,NY.GDP.MKTP.KD.ZG,9.51636022347185
ABW,Aruba,2022,NY.GDP.MKTP.KD.ZG,10.6079607621246
ABW,Aruba,2021,NY.GDP.MKTP.KD.ZG,14.833691976226
ABW,Aruba,2020,NY.GDP.MKTP.KD.ZG,-23.9400592677491
ABW,Aruba,2019,NY.GDP.MKTP.KD.ZG,1.22914408896015
ABW,Aruba,2018,NY.GDP.MKTP.KD.ZG,3.21247111920076
ABW,Aruba,2017,NY.GDP.MKTP.KD.ZG,3.49342985290626
ABW,Aruba,2016,NY.GDP.MKTP.KD.ZG,1.23433537363427
ABW,Aruba,2015,NY.GDP.MKTP.KD.ZG,3.61147906591042
ABW,Aruba,2014,NY.GDP.MKTP.KD.ZG,1.42609951155575
ABW,Aruba,2013,NY.GDP.MKTP.KD.ZG,6.43146080719245
ABW,Aruba,2012,NY.GDP.MKTP.KD.ZG,-1.04079988436683
ABW,Aruba,2011,NY.GDP.MKTP.KD.ZG,3.36923718421511
ABW,Aruba,2010,NY.GDP.MKTP.KD.ZG,-2.73345679250639
ABW,Aruba,2009,NY.GDP.MKTP.KD.ZG,-11.6777413693852
ABW,Aruba,2008,NY.GDP.MKTP.KD.ZG,1.83575517191368
ABW,Aruba,2007,NY.GDP.MKTP.KD.ZG,3.0895443848509
ABW,Aruba,2006,NY.GDP.MKTP.KD.ZG,1.12741146411624
ABW,Aruba,2005,NY.GDP.MKTP.KD.ZG,-0.383137672063768
AUS,Australia,2025,NY.GDP.MKTP.KD.ZG,1.35039785076631
AUS,Australia,2024,NY.GDP.MKTP.KD.ZG,1.37340773365975
AUS,Australia,2023,NY.GDP.MKTP.KD.ZG,3.58382100798981
AUS,Australia,2022,NY.GDP.MKTP.KD.ZG,4.25304559238732
AUS,Australia,2021,NY.GDP.MKTP.KD.ZG,2.00694844335034
AUS,Australia,2020,NY.GDP.MKTP.KD.ZG,-0.133531904304775
AUS,Australia,2019,NY.GDP.MKTP.KD.ZG,2.19401703622717
AUS,Australia,2018,NY.GDP.MKTP.KD.ZG,2.87417039499501
AUS,Australia,2017,NY.GDP.MKTP.KD.ZG,2.29331030192918
AUS,Australia,2016,NY.GDP.MKTP.KD.ZG,2.75564065529868
AUS,Australia,2015,NY.GDP.MKTP.KD.ZG,2.16434780647852
AUS,Australia,2014,NY.GDP.MKTP.KD.ZG,2.60118978187332
AUS,Australia,2013,NY.GDP.MKTP.KD.ZG,2.65445302592404
AUS,Australia,2012,NY.GDP.MKTP.KD.ZG,3.95247138119184
AUS,Australia,2011,NY.GDP.MKTP.KD.ZG,2.39473494330615
AUS,Australia,2010,NY.GDP.MKTP.KD.ZG,2.21004795300735
AUS,Australia,2009,NY.GDP.MKTP.KD.ZG,1.95484826298522
AUS,Australia,2008,NY.GDP.MKTP.KD.ZG,3.62398503565633
AUS,Australia,2007,NY.GDP.MKTP.KD.ZG,3.78947119882653
AUS,Australia,2006,NY.GDP.MKTP.KD.ZG,2.7709261737475
AUS,Australia,2005,NY.GDP.MKTP.KD.ZG,3.15548121323168
AUT,Austria,2025,NY.GDP.MKTP.KD.ZG,0.615747280959056
AUT,Austria,2024,NY.GDP.MKTP.KD.ZG,-0.659089573171372
AUT,Austria,2023,NY.GDP.MKTP.KD.ZG,-0.786244288594673
AUT,Austria,2022,NY.GDP.MKTP.KD.ZG,5.33096379400371
AUT,Austria,2021,NY.GDP.MKTP.KD.ZG,4.92309171717903
AUT,Austria,2020,NY.GDP.MKTP.KD.ZG,-6.31825509209936
AUT,Austria,2019,NY.GDP.MKTP.KD.ZG,1.75497619649288
AUT,Austria,2018,NY.GDP.MKTP.KD.ZG,2.48422114080024
AUT,Austria,2017,NY.GDP.MKTP.KD.ZG,2.27224992038207
AUT,Austria,2016,NY.GDP.MKTP.KD.ZG,2.11721964494312
AUT,Austria,2015,NY.GDP.MKTP.KD.ZG,1.30352331826198
AUT,Austria,2014,NY.GDP.MKTP.KD.ZG,0.755798850316665
AUT,Austria,2013,NY.GDP.MKTP.KD.ZG,-0.250726423318454
AUT,Austria,2012,NY.GDP.MKTP.KD.ZG,0.628246239479637
AUT,Austria,2011,NY.GDP.MKTP.KD.ZG,2.92746800169145
AUT,Austria,2010,NY.GDP.MKTP.KD.ZG,1.80898243043663
AUT,Austria,2009,NY.GDP.MKTP.KD.ZG,-3.58626472551299
AUT,Austria,2008,NY.GDP.MKTP.KD.ZG,1.45330562142114
AUT,Austria,2007,NY.GDP.MKTP.KD.ZG,3.77522468729185
AUT,Austria,2006,NY.GDP.MKTP.KD.ZG,3.26933601506059
AUT,Austria,2005,NY.GDP.MKTP.KD.ZG,2.32036514266782
AZE,Azerbaijan,2025,NY.GDP.MKTP.KD.ZG,1.44985591122698
AZE,Azerbaijan,2024,NY.GDP.MKTP.KD.ZG,4.15806800428062
AZE,Azerbaijan,2023,NY.GDP.MKTP.KD.ZG,1.35447749115767
AZE,Azerbaijan,2022,NY.GDP.MKTP.KD.ZG,4.71468033247649
AZE,Azerbaijan,2021,NY.GDP.MKTP.KD.ZG,5.61644027150554
AZE,Azerbaijan,2020,NY.GDP.MKTP.KD.ZG,-4.19896065333343
AZE,Azerbaijan,2019,NY.GDP.MKTP.KD.ZG,2.47980879185565
AZE,Azerbaijan,2018,NY.GDP.MKTP.KD.ZG,1.50040167167313
AZE,Azerbaijan,2017,NY.GDP.MKTP.KD.ZG,0.153614661745507
AZE,Azerbaijan,2016,NY.GDP.MKTP.KD.ZG,-3.06359842251706
AZE,Azerbaijan,2015,NY.GDP.MKTP.KD.ZG,1.04954641215085
AZE,Azerbaijan,2014,NY.GDP.MKTP.KD.ZG,2.79758521448559
AZE,Azerbaijan,2013,NY.GDP.MKTP.KD.ZG,5.84341590483928
AZE,Azerbaijan,2012,NY.GDP.MKTP.KD.ZG,2.20293891708398
AZE,Azerbaijan,2011,NY.GDP.MKTP.KD.ZG,-1.5729973511111
AZE,Azerbaijan,2010,NY.GDP.MKTP.KD.ZG,4.78883248761557
AZE,Azerbaijan,2009,NY.GDP.MKTP.KD.ZG,9.36950260277183
AZE,Azerbaijan,2008,NY.GDP.MKTP.KD.ZG,10.591437462476
AZE,Azerbaijan,2007,NY.GDP.MKTP.KD.ZG,25.4632157314482
AZE,Azerbaijan,2006,NY.GDP.MKTP.KD.ZG,34.4662096226792
AZE,Azerbaijan,2005,NY.GDP.MKTP.KD.ZG,27.9615381082131
BHS,"Bahamas, The",2024,NY.GDP.MKTP.KD.ZG,3.37866553336166
BHS,"Bahamas, The",2023,NY.GDP.MKTP.KD.ZG,3.04824180553773
BHS,"Bahamas, The",2022,NY.GDP.MKTP.KD.ZG,10.8779009410268
BHS,"Bahamas, The",2021,NY.GDP.MKTP.KD.ZG,17.5861390037409
BHS,"Bahamas, The",2020,NY.GDP.MKTP.KD.ZG,-20.0893664891399
BHS,"Bahamas, The",2019,NY.GDP.MKTP.KD.ZG,-0.838585871193203
BHS,"Bahamas, The",2018,NY.GDP.MKTP.KD.ZG,2.39795510823548
BHS,"Bahamas, The",2017,NY.GDP.MKTP.KD.ZG,3.3713988456489
BHS,"Bahamas, The",2016,NY.GDP.MKTP.KD.ZG,-1.15650811269629
BHS,"Bahamas, The",2015,NY.GDP.MKTP.KD.ZG,0.997411675486745
BHS,"Bahamas, The",2014,NY.GDP.MKTP.KD.ZG,1.8469701294558
BHS,"Bahamas, The",2013,NY.GDP.MKTP.KD.ZG,-2.86320081549439
BHS,"Bahamas, The",2012,NY.GDP.MKTP.KD.ZG,4.52003886739061
BHS,"Bahamas, The",2011,NY.GDP.MKTP.KD.ZG,0.613170735890648
BHS,"Bahamas, The",2010,NY.GDP.MKTP.KD.ZG,1.53866248693835
BHS,"Bahamas, The",2009,NY.GDP.MKTP.KD.ZG,-4.17542805647342
BHS,"Bahamas, The",2008,NY.GDP.MKTP.KD.ZG,-2.32364807041851
BHS,"Bahamas, The",2007,NY.GDP.MKTP.KD.ZG,1.44609991235758
BHS,"Bahamas, The",2006,NY.GDP.MKTP.KD.ZG,2.51659221712706
BHS,"Bahamas, The",2005,NY.GDP.MKTP.KD.ZG,3.39608420536011
BHR,Bahrain,2025,NY.GDP.MKTP.KD.ZG,3.48137573668635
BHR,Bahrain,2024,NY.GDP.MKTP.KD.ZG,2.89710543153512
BHR,Bahrain,2023,NY.GDP.MKTP.KD.ZG,3.87811614845566
BHR,Bahrain,2022,NY.GDP.MKTP.KD.ZG,6.18016125475185
BHR,Bahrain,2021,NY.GDP.MKTP.KD.ZG,4.35004091668986
BHR,Bahrain,2020,NY.GDP.MKTP.KD.ZG,-5.9113629524152
BHR,Bahrain,2019,NY.GDP.MKTP.KD.ZG,2.05287774418655
BHR,Bahrain,2018,NY.GDP.MKTP.KD.ZG,2.05258864979861
BHR,Bahrain,2017,NY.GDP.MKTP.KD.ZG,4.95383534123657
BHR,Bahrain,2016,NY.GDP.MKTP.KD.ZG,3.81499327422425
BHR,Bahrain,2015,NY.GDP.MKTP.KD.ZG,2.50787205267615
BHR,Bahrain,2014,NY.GDP.MKTP.KD.ZG,4.30885692657077
BHR,Bahrain,2013,NY.GDP.MKTP.KD.ZG,5.29262224906203
BHR,Bahrain,2012,NY.GDP.MKTP.KD.ZG,3.80302899043062
BHR,Bahrain,2011,NY.GDP.MKTP.KD.ZG,1.92815791170796
BHR,Bahrain,2010,NY.GDP.MKTP.KD.ZG,4.3342989754845
BHR,Bahrain,2009,NY.GDP.MKTP.KD.ZG,2.53988570158225
BHR,Bahrain,2008,NY.GDP.MKTP.KD.ZG,6.24501094995797
BHR,Bahrain,2007,NY.GDP.MKTP.KD.ZG,8.29396129093843
BHR,Bahrain,2006,NY.GDP.MKTP.KD.ZG,6.4669995195042
BHR,Bahrain,2005,NY.GDP.MKTP.KD.ZG,6.76899737789502
BGD,Bangladesh,2025,NY.GDP.MKTP.KD.ZG,3.48990671836833
BGD,Bangladesh,2024,NY.GDP.MKTP.KD.ZG,4.22325911250161
BGD,Bangladesh,2023,NY.GDP.MKTP.KD.ZG,5.77511237007889
BGD,Bangladesh,2022,NY.GDP.MKTP.KD.ZG,7.09982877575158
BGD,Bangladesh,2021,NY.GDP.MKTP.KD.ZG,6.93867912442445
BGD,Bangladesh,2020,NY.GDP.MKTP.KD.ZG,3.44801755122445
BGD,Bangladesh,2019,NY.GDP.MKTP.KD.ZG,7.88191515117722
BGD,Bangladesh,2018,NY.GDP.MKTP.KD.ZG,7.31941263014136
BGD,Bangladesh,2017,NY.GDP.MKTP.KD.ZG,6.59024999794057
BGD,Bangladesh,2016,NY.GDP.MKTP.KD.ZG,7.11347821270093
BGD,Bangladesh,2015,NY.GDP.MKTP.KD.ZG,6.55263987816197
BGD,Bangladesh,2014,NY.GDP.MKTP.KD.ZG,6.0610593588495
BGD,Bangladesh,2013,NY.GDP.MKTP.KD.ZG,6.01360565834344
BGD,Bangladesh,2012,NY.GDP.MKTP.KD.ZG,6.52145877906443
BGD,Bangladesh,2011,NY.GDP.MKTP.KD.ZG,6.46437912497728
BGD,Bangladesh,2010,NY.GDP.MKTP.KD.ZG,5.57178818533122
BGD,Bangladesh,2009,NY.GDP.MKTP.KD.ZG,5.04512479919337
BGD,Bangladesh,2008,NY.GDP.MKTP.KD.ZG,6.01378975738535
BGD,Bangladesh,2007,NY.GDP.MKTP.KD.ZG,7.05859935449848
BGD,Bangladesh,2006,NY.GDP.MKTP.KD.ZG,6.67190498576788
BGD,Bangladesh,2005,NY.GDP.MKTP.KD.ZG,6.53594493875502
BRB,Barbados,2025,NY.GDP.MKTP.KD.ZG,2.70000021764021
BRB,Barbados,2024,NY.GDP.MKTP.KD.ZG,3.3669492581395
BRB,Barbados,2023,NY.GDP.MKTP.KD.ZG,1.81419817804516
BRB,Barbados,2022,NY.GDP.MKTP.KD.ZG,15.9453206225473
BRB,Barbados,2021,NY.GDP.MKTP.KD.ZG,8.0198770096479
BRB,Barbados,2020,NY.GDP.MKTP.KD.ZG,-17.4059314651747
BRB,Barbados,2019,NY.GDP.MKTP.KD.ZG,0.241099789148677
BRB,Barbados,2018,NY.GDP.MKTP.KD.ZG,-0.252085325827849
BRB,Barbados,2017,NY.GDP.MKTP.KD.ZG,0.654655602860373
BRB,Barbados,2016,NY.GDP.MKTP.KD.ZG,1.41632446821541
BRB,Barbados,2015,NY.GDP.MKTP.KD.ZG,-0.772620078410995
BRB,Barbados,2014,NY.GDP.MKTP.KD.ZG,0.807325350394564
BRB,Barbados,2013,NY.GDP.MKTP.KD.ZG,0.195322007310409
BRB,Barbados,2012,NY.GDP.MKTP.KD.ZG,-2.85797051387257
BRB,Barbados,2011,NY.GDP.MKTP.KD.ZG,-0.074211165126286
BRB,Barbados,2010,NY.GDP.MKTP.KD.ZG,-8.08072121134387
BRB,Barbados,2009,NY.GDP.MKTP.KD.ZG,-5.01727544996282
BRB,Barbados,2008,NY.GDP.MKTP.KD.ZG,0.633460425791839
BRB,Barbados,2007,NY.GDP.MKTP.KD.ZG,2.07918360507011
BRB,Barbados,2006,NY.GDP.MKTP.KD.ZG,6.07054679359618
BRB,Barbados,2005,NY.GDP.MKTP.KD.ZG,3.95545709487497
BLR,Belarus,2025,NY.GDP.MKTP.KD.ZG,1.29999999999998
BLR,Belarus,2024,NY.GDP.MKTP.KD.ZG,4.34999638140579
BLR,Belarus,2023,NY.GDP.MKTP.KD.ZG,4.12654007153881
BLR,Belarus,2022,NY.GDP.MKTP.KD.ZG,-4.65839591328999
BLR,Belarus,2021,NY.GDP.MKTP.KD.ZG,2.43886210234947
BLR,Belarus,2020,NY.GDP.MKTP.KD.ZG,-0.672742918585868
BLR,Belarus,2019,NY.GDP.MKTP.KD.ZG,1.44645548204305
BLR,Belarus,2018,NY.GDP.MKTP.KD.ZG,3.14919758275296
BLR,Belarus,2017,NY.GDP.MKTP.KD.ZG,2.53218349471909
BLR,Belarus,2016,NY.GDP.MKTP.KD.ZG,-2.5264464460425
BLR,Belarus,2015,NY.GDP.MKTP.KD.ZG,-3.82957056812593
BLR,Belarus,2014,NY.GDP.MKTP.KD.ZG,1.65112470228097
BLR,Belarus,2013,NY.GDP.MKTP.KD.ZG,0.998719299661161
BLR,Belarus,2012,NY.GDP.MKTP.KD.ZG,1.70785253368828
BLR,Belarus,2011,NY.GDP.MKTP.KD.ZG,5.54997471638077
BLR,Belarus,2010,NY.GDP.MKTP.KD.ZG,7.75001707500896
BLR,Belarus,2009,NY.GDP.MKTP.KD.ZG,0.199995231733979
BLR,Belarus,2008,NY.GDP.MKTP.KD.ZG,10.1999994860937
BLR,Belarus,2007,NY.GDP.MKTP.KD.ZG,8.60000659811426
BLR,Belarus,2006,NY.GDP.MKTP.KD.ZG,9.99999473022963
BLR,Belarus,2005,NY.GDP.MKTP.KD.ZG,9.40000151584914
BEL,Belgium,2025,NY.GDP.MKTP.KD.ZG,0.983117967125935
BEL,Belgium,2024,NY.GDP.MKTP.KD.ZG,1.09775383828703
BEL,Belgium,2023,NY.GDP.MKTP.KD.ZG,1.56125539542029
BEL,Belgium,2022,NY.GDP.MKTP.KD.ZG,4.02460852835887
BEL,Belgium,2021,NY.GDP.MKTP.KD.ZG,6.25445686466593
BEL,Belgium,2020,NY.GDP.MKTP.KD.ZG,-4.7929839083518
BEL,Belgium,2019,NY.GDP.MKTP.KD.ZG,2.4428900448156
BEL,Belgium,2018,NY.GDP.MKTP.KD.ZG,1.87796847383565
BEL,Belgium,2017,NY.GDP.MKTP.KD.ZG,1.47446761556785
BEL,Belgium,2016,NY.GDP.MKTP.KD.ZG,1.19350273007754
BEL,Belgium,2015,NY.GDP.MKTP.KD.ZG,1.47416433731927
BEL,Belgium,2014,NY.GDP.MKTP.KD.ZG,1.76554038149924
BEL,Belgium,2013,NY.GDP.MKTP.KD.ZG,0.305494549070232
BEL,Belgium,2012,NY.GDP.MKTP.KD.ZG,0.215803612089744
BEL,Belgium,2011,NY.GDP.MKTP.KD.ZG,1.93115502411325
BEL,Belgium,2010,NY.GDP.MKTP.KD.ZG,2.71031150254662
BEL,Belgium,2009,NY.GDP.MKTP.KD.ZG,-1.90644105515335
BEL,Belgium,2008,NY.GDP.MKTP.KD.ZG,0.446905130727231
BEL,Belgium,2007,NY.GDP.MKTP.KD.ZG,3.67692462515802
BEL,Belgium,2006,NY.GDP.MKTP.KD.ZG,2.55234087322462
BEL,Belgium,2005,NY.GDP.MKTP.KD.ZG,2.32173792911834
BLZ,Belize,2025,NY.GDP.MKTP.KD.ZG,2.74831731763744
BLZ,Belize,2024,NY.GDP.MKTP.KD.ZG,3.50466435023895
BLZ,Belize,2023,NY.GDP.MKTP.KD.ZG,0.500127941638667
BLZ,Belize,2022,NY.GDP.MKTP.KD.ZG,9.25051329530994
BLZ,Belize,2021,NY.GDP.MKTP.KD.ZG,17.9899244143607
BLZ,Belize,2020,NY.GDP.MKTP.KD.ZG,-13.5228997055506
BLZ,Belize,2019,NY.GDP.MKTP.KD.ZG,4.25658710030072
BLZ,Belize,2018,NY.GDP.MKTP.KD.ZG,0.822068592512508
BLZ,Belize,2017,NY.GDP.MKTP.KD.ZG,-1.83323729057784
BLZ,Belize,2016,NY.GDP.MKTP.KD.ZG,-0.0187414958130319
BLZ,Belize,2015,NY.GDP.MKTP.KD.ZG,2.7602602736023
BLZ,Belize,2014,NY.GDP.MKTP.KD.ZG,3.89226067249989
BLZ,Belize,2013,NY.GDP.MKTP.KD.ZG,4.06646561608865
BLZ,Belize,2012,NY.GDP.MKTP.KD.ZG,3.94389321816617
BLZ,Belize,2011,NY.GDP.MKTP.KD.ZG,-0.13007112300869
BLZ,Belize,2010,NY.GDP.MKTP.KD.ZG,1.41741099233461
BLZ,Belize,2009,NY.GDP.MKTP.KD.ZG,-0.446709636828217
BLZ,Belize,2008,NY.GDP.MKTP.KD.ZG,-1.62747776449082
BLZ,Belize,2007,NY.GDP.MKTP.KD.ZG,3.33939738340764
BLZ,Belize,2006,NY.GDP.MKTP.KD.ZG,4.51145460193301
BLZ,Belize,2005,NY.GDP.MKTP.KD.ZG,2.2191905367057
BEN,Benin,2025,NY.GDP.MKTP.KD.ZG,8.07408453688336
BEN,Benin,2024,NY.GDP.MKTP.KD.ZG,7.45311566226201
BEN,Benin,2023,NY.GDP.MKTP.KD.ZG,6.3527773854442
BEN,Benin,2022,NY.GDP.MKTP.KD.ZG,6.25294705373625
BEN,Benin,2021,NY.GDP.MKTP.KD.ZG,7.1554516457574
BEN,Benin,2020,NY.GDP.MKTP.KD.ZG,3.84879240030133
BEN,Benin,2019,NY.GDP.MKTP.KD.ZG,6.86568662848335
BEN,Benin,2018,NY.GDP.MKTP.KD.ZG,6.69725362180888
BEN,Benin,2017,NY.GDP.MKTP.KD.ZG,5.67156195150444
BEN,Benin,2016,NY.GDP.MKTP.KD.ZG,3.33967342629693
BEN,Benin,2015,NY.GDP.MKTP.KD.ZG,1.77815106030278
BEN,Benin,2014,NY.GDP.MKTP.KD.ZG,6.35767909791932
BEN,Benin,2013,NY.GDP.MKTP.KD.ZG,7.19143372144946
BEN,Benin,2012,NY.GDP.MKTP.KD.ZG,4.811223315688
BEN,Benin,2011,NY.GDP.MKTP.KD.ZG,2.96375291904201
BEN,Benin,2010,NY.GDP.MKTP.KD.ZG,2.11406472648392
BEN,Benin,2009,NY.GDP.MKTP.KD.ZG,2.31929213912838
BEN,Benin,2008,NY.GDP.MKTP.KD.ZG,4.89657708429647
BEN,Benin,2007,NY.GDP.MKTP.KD.ZG,5.98634932177609
BEN,Benin,2006,NY.GDP.MKTP.KD.ZG,3.94373882815798
BEN,Benin,2005,NY.GDP.MKTP.KD.ZG,1.71316456361184
BMU,Bermuda,2024,NY.GDP.MKTP.KD.ZG,1.88822861970388
BMU,Bermuda,2023,NY.GDP.MKTP.KD.ZG,4.33447280353832
BMU,Bermuda,2022,NY.GDP.MKTP.KD.ZG,6.25695521240877
BMU,Bermuda,2021,NY.GDP.MKTP.KD.ZG,4.76497899668355
BMU,Bermuda,2020,NY.GDP.MKTP.KD.ZG,-6.97162571479863
BMU,Bermuda,2019,NY.GDP.MKTP.KD.ZG,0.307106461240664
BMU,Bermuda,2018,NY.GDP.MKTP.KD.ZG,-0.432801300339307
BMU,Bermuda,2017,NY.GDP.MKTP.KD.ZG,3.61141983706115
BMU,Bermuda,2016,NY.GDP.MKTP.KD.ZG,-0.657206304259205
BMU,Bermuda,2015,NY.GDP.MKTP.KD.ZG,0.775529699568978
BMU,Bermuda,2014,NY.GDP.MKTP.KD.ZG,-3.70106759364258
BMU,Bermuda,2013,NY.GDP.MKTP.KD.ZG,-0.279708545423034
BMU,Bermuda,2012,NY.GDP.MKTP.KD.ZG,-5.30529910675297
BMU,Bermuda,2011,NY.GDP.MKTP.KD.ZG,-3.74274431740703
BMU,Bermuda,2010,NY.GDP.MKTP.KD.ZG,-2.50287828947368
BMU,Bermuda,2009,NY.GDP.MKTP.KD.ZG,-5.6266977105161
BMU,Bermuda,2008,NY.GDP.MKTP.KD.ZG,-1.86595582635186
BMU,Bermuda,2007,NY.GDP.MKTP.KD.ZG,3.34513970877607
BMU,Bermuda,2006,NY.GDP.MKTP.KD.ZG,5.5438663804406
BMU,Bermuda,2005,NY.GDP.MKTP.KD.ZG,1.67420611410508
BTN,Bhutan,2025,NY.GDP.MKTP.KD.ZG,8.00502716233098
BTN,Bhutan,2024,NY.GDP.MKTP.KD.ZG,7.49856206754038
BTN,Bhutan,2023,NY.GDP.MKTP.KD.ZG,4.63215702969933
BTN,Bhutan,2022,NY.GDP.MKTP.KD.ZG,5.21386783786224
BTN,Bhutan,2021,NY.GDP.MKTP.KD.ZG,4.42136738945015
BTN,Bhutan,2020,NY.GDP.MKTP.KD.ZG,-10.2183974208569
BTN,Bhutan,2019,NY.GDP.MKTP.KD.ZG,5.75514851246506
BTN,Bhutan,2018,NY.GDP.MKTP.KD.ZG,3.50187185732737
BTN,Bhutan,2017,NY.GDP.MKTP.KD.ZG,2.08684522733067
BTN,Bhutan,2016,NY.GDP.MKTP.KD.ZG,8.47594339232963
BTN,Bhutan,2015,NY.GDP.MKTP.KD.ZG,6.66080128866197
BTN,Bhutan,2014,NY.GDP.MKTP.KD.ZG,5.88108550658288
BTN,Bhutan,2013,NY.GDP.MKTP.KD.ZG,1.73634039505693
BTN,Bhutan,2012,NY.GDP.MKTP.KD.ZG,5.16482012683895
BTN,Bhutan,2011,NY.GDP.MKTP.KD.ZG,8.4892584842808
BTN,Bhutan,2010,NY.GDP.MKTP.KD.ZG,11.9318738376229
BTN,Bhutan,2009,NY.GDP.MKTP.KD.ZG,7.66749238553135
BTN,Bhutan,2008,NY.GDP.MKTP.KD.ZG,4.52944877696235
BTN,Bhutan,2007,NY.GDP.MKTP.KD.ZG,16.1047836542012
BTN,Bhutan,2006,NY.GDP.MKTP.KD.ZG,5.6408051539139
BTN,Bhutan,2005,NY.GDP.MKTP.KD.ZG,6.93507146766659
BOL,Bolivia,2025,NY.GDP.MKTP.KD.ZG,-1.58237567348246
BOL,Bolivia,2024,NY.GDP.MKTP.KD.ZG,-1.12335595517212
BOL,Bolivia,2023,NY.GDP.MKTP.KD.ZG,2.51636590154891
BOL,Bolivia,2022,NY.GDP.MKTP.KD.ZG,3.74741781241461
BOL,Bolivia,2021,NY.GDP.MKTP.KD.ZG,10.0290488827886
BOL,Bolivia,2020,NY.GDP.MKTP.KD.ZG,-12.7194690092717
BOL,Bolivia,2019,NY.GDP.MKTP.KD.ZG,1.50672102666863
BOL,Bolivia,2018,NY.GDP.MKTP.KD.ZG,2.86808404814794
BOL,Bolivia,2017,NY.GDP.MKTP.KD.ZG,4.19520633364647
BOL,Bolivia,2016,NY.GDP.MKTP.KD.ZG,4.26392086992173
BOL,Bolivia,2015,NY.GDP.MKTP.KD.ZG,4.85718718508603
BOL,Bolivia,2014,NY.GDP.MKTP.KD.ZG,5.46056949136766
BOL,Bolivia,2013,NY.GDP.MKTP.KD.ZG,6.79601141268498
BOL,Bolivia,2012,NY.GDP.MKTP.KD.ZG,5.12227560125973
BOL,Bolivia,2011,NY.GDP.MKTP.KD.ZG,5.20409245282328
BOL,Bolivia,2010,NY.GDP.MKTP.KD.ZG,4.12672258996274
BOL,Bolivia,2009,NY.GDP.MKTP.KD.ZG,3.35699958346049
BOL,Bolivia,2008,NY.GDP.MKTP.KD.ZG,6.14849787777658
BOL,Bolivia,2007,NY.GDP.MKTP.KD.ZG,4.56438425143126
BOL,Bolivia,2006,NY.GDP.MKTP.KD.ZG,4.79700881067477
BOL,Bolivia,2005,NY.GDP.MKTP.KD.ZG,4.42143313550196
BIH,Bosnia and Herzegovina,2025,NY.GDP.MKTP.KD.ZG,2.12861913138053
BIH,Bosnia and Herzegovina,2024,NY.GDP.MKTP.KD.ZG,3.22679979810856
BIH,Bosnia and Herzegovina,2023,NY.GDP.MKTP.KD.ZG,1.99439414850893
BIH,Bosnia and Herzegovina,2022,NY.GDP.MKTP.KD.ZG,4.22681333390325
BIH,Bosnia and Herzegovina,2021,NY.GDP.MKTP.KD.ZG,7.39164256472846
BIH,Bosnia and Herzegovina,2020,NY.GDP.MKTP.KD.ZG,-3.01509335460439
BIH,Bosnia and Herzegovina,2019,NY.GDP.MKTP.KD.ZG,2.88585242083978
BIH,Bosnia and Herzegovina,2018,NY.GDP.MKTP.KD.ZG,3.82900399349064
BIH,Bosnia and Herzegovina,2017,NY.GDP.MKTP.KD.ZG,3.24409895306594
BIH,Bosnia and Herzegovina,2016,NY.GDP.MKTP.KD.ZG,3.24225822231566
BIH,Bosnia and Herzegovina,2015,NY.GDP.MKTP.KD.ZG,4.28413016137854
BIH,Bosnia and Herzegovina,2014,NY.GDP.MKTP.KD.ZG,1.15384793371298
BIH,Bosnia and Herzegovina,2013,NY.GDP.MKTP.KD.ZG,2.34985873172397
BIH,Bosnia and Herzegovina,2012,NY.GDP.MKTP.KD.ZG,-0.821837252962993
BIH,Bosnia and Herzegovina,2011,NY.GDP.MKTP.KD.ZG,0.959511709726897
BIH,Bosnia and Herzegovina,2010,NY.GDP.MKTP.KD.ZG,0.865667236280544
BIH,Bosnia and Herzegovina,2009,NY.GDP.MKTP.KD.ZG,-3.0044555389081
BIH,Bosnia and Herzegovina,2008,NY.GDP.MKTP.KD.ZG,5.44184730165964
BIH,Bosnia and Herzegovina,2007,NY.GDP.MKTP.KD.ZG,5.85911689412598
BIH,Bosnia and Herzegovina,2006,NY.GDP.MKTP.KD.ZG,5.41400299607282
BIH,Bosnia and Herzegovina,2005,NY.GDP.MKTP.KD.ZG,3.89718320544974
BWA,Botswana,2025,NY.GDP.MKTP.KD.ZG,-0.733898323852287
BWA,Botswana,2024,NY.GDP.MKTP.KD.ZG,-2.77988981666252
BWA,Botswana,2023,NY.GDP.MKTP.KD.ZG,3.20806812224438
BWA,Botswana,2022,NY.GDP.MKTP.KD.ZG,5.48601706446772
BWA,Botswana,2021,NY.GDP.MKTP.KD.ZG,11.9162724376008
BWA,Botswana,2020,NY.GDP.MKTP.KD.ZG,-8.72888243996397
BWA,Botswana,2019,NY.GDP.MKTP.KD.ZG,3.0317733945467
BWA,Botswana,2018,NY.GDP.MKTP.KD.ZG,4.18869237159223
BWA,Botswana,2017,NY.GDP.MKTP.KD.ZG,4.11437856445083
BWA,Botswana,2016,NY.GDP.MKTP.KD.ZG,7.20442475914267
BWA,Botswana,2015,NY.GDP.MKTP.KD.ZG,-4.85132507409779
BWA,Botswana,2014,NY.GDP.MKTP.KD.ZG,5.69714422072884
BWA,Botswana,2013,NY.GDP.MKTP.KD.ZG,11.1029068737822
BWA,Botswana,2012,NY.GDP.MKTP.KD.ZG,-0.170857099335691
BWA,Botswana,2011,NY.GDP.MKTP.KD.ZG,6.83841052493574
BWA,Botswana,2010,NY.GDP.MKTP.KD.ZG,10.119723322694
BWA,Botswana,2009,NY.GDP.MKTP.KD.ZG,-14.1442346163423
BWA,Botswana,2008,NY.GDP.MKTP.KD.ZG,3.25207295796832
BWA,Botswana,2007,NY.GDP.MKTP.KD.ZG,5.79255577727118
BWA,Botswana,2006,NY.GDP.MKTP.KD.ZG,8.36387109282306
BWA,Botswana,2005,NY.GDP.MKTP.KD.ZG,4.55664565323181
BRA,Brazil,2025,NY.GDP.MKTP.KD.ZG,2.2857464902475
BRA,Brazil,2024,NY.GDP.MKTP.KD.ZG,3.41931516501906
BRA,Brazil,2023,NY.GDP.MKTP.KD.ZG,3.24165532906981
BRA,Brazil,2022,NY.GDP.MKTP.KD.ZG,3.01669435393015
BRA,Brazil,2021,NY.GDP.MKTP.KD.ZG,4.76260437908608
BRA,Brazil,2020,NY.GDP.MKTP.KD.ZG,-3.2767587964736
BRA,Brazil,2019,NY.GDP.MKTP.KD.ZG,1.22077782360842
BRA,Brazil,2018,NY.GDP.MKTP.KD.ZG,1.783666761634
BRA,Brazil,2017,NY.GDP.MKTP.KD.ZG,1.32286905404399
BRA,Brazil,2016,NY.GDP.MKTP.KD.ZG,-3.27591690782192
BRA,Brazil,2015,NY.GDP.MKTP.KD.ZG,-3.54576339269425
BRA,Brazil,2014,NY.GDP.MKTP.KD.ZG,0.503955740242247
BRA,Brazil,2013,NY.GDP.MKTP.KD.ZG,3.00482266944432
BRA,Brazil,2012,NY.GDP.MKTP.KD.ZG,1.92117598576537
BRA,Brazil,2011,NY.GDP.MKTP.KD.ZG,3.97442307944702
BRA,Brazil,2010,NY.GDP.MKTP.KD.ZG,7.52822581815364
BRA,Brazil,2009,NY.GDP.MKTP.KD.ZG,-0.125812002161169
BRA,Brazil,2008,NY.GDP.MKTP.KD.ZG,5.09419544658736
BRA,Brazil,2007,NY.GDP.MKTP.KD.ZG,6.06987060678338
BRA,Brazil,2006,NY.GDP.MKTP.KD.ZG,3.96198871122617
BRA,Brazil,2005,NY.GDP.MKTP.KD.ZG,3.20213206130431
BRN,Brunei Darussalam,2025,NY.GDP.MKTP.KD.ZG,0.66956214816436
BRN,Brunei Darussalam,2024,NY.GDP.MKTP.KD.ZG,4.05251709306727
BRN,Brunei Darussalam,2023,NY.GDP.MKTP.KD.ZG,1.12764418162719
BRN,Brunei Darussalam,2022,NY.GDP.MKTP.KD.ZG,-1.62833154515108
BRN,Brunei Darussalam,2021,NY.GDP.MKTP.KD.ZG,-1.59076260099606
BRN,Brunei Darussalam,2020,NY.GDP.MKTP.KD.ZG,1.1335733495246
BRN,Brunei Darussalam,2019,NY.GDP.MKTP.KD.ZG,3.86884436177075
BRN,Brunei Darussalam,2018,NY.GDP.MKTP.KD.ZG,0.0523710418528935
BRN,Brunei Darussalam,2017,NY.GDP.MKTP.KD.ZG,1.32872661057823
BRN,Brunei Darussalam,2016,NY.GDP.MKTP.KD.ZG,-2.47791771833224
BRN,Brunei Darussalam,2015,NY.GDP.MKTP.KD.ZG,-0.392383749502031
BRN,Brunei Darussalam,2014,NY.GDP.MKTP.KD.ZG,-2.50788727590711
BRN,Brunei Darussalam,2013,NY.GDP.MKTP.KD.ZG,-2.12478292664558
BRN,Brunei Darussalam,2012,NY.GDP.MKTP.KD.ZG,0.913135189664487
BRN,Brunei Darussalam,2011,NY.GDP.MKTP.KD.ZG,3.74440625524871
BRN,Brunei Darussalam,2010,NY.GDP.MKTP.KD.ZG,2.74136439456163
BRN,Brunei Darussalam,2009,NY.GDP.MKTP.KD.ZG,-1.90025367202547
BRN,Brunei Darussalam,2008,NY.GDP.MKTP.KD.ZG,-3.90071101715114
BRN,Brunei Darussalam,2007,NY.GDP.MKTP.KD.ZG,-3.76362326254647
BRN,Brunei Darussalam,2006,NY.GDP.MKTP.KD.ZG,4.09841257308588
BRN,Brunei Darussalam,2005,NY.GDP.MKTP.KD.ZG,-0.00392531660746442
BGR,Bulgaria,2025,NY.GDP.MKTP.KD.ZG,3.0963663917961
BGR,Bulgaria,2024,NY.GDP.MKTP.KD.ZG,3.38708962009333
BGR,Bulgaria,2023,NY.GDP.MKTP.KD.ZG,1.68151075832925
BGR,Bulgaria,2022,NY.GDP.MKTP.KD.ZG,4.08386398118941
BGR,Bulgaria,2021,NY.GDP.MKTP.KD.ZG,7.82817310703665
BGR,Bulgaria,2020,NY.GDP.MKTP.KD.ZG,-3.13323543125917
BGR,Bulgaria,2019,NY.GDP.MKTP.KD.ZG,3.79331964589196
BGR,Bulgaria,2018,NY.GDP.MKTP.KD.ZG,2.33015054210419
BGR,Bulgaria,2017,NY.GDP.MKTP.KD.ZG,2.74592737750996
BGR,Bulgaria,2016,NY.GDP.MKTP.KD.ZG,3.02662820096305
BGR,Bulgaria,2015,NY.GDP.MKTP.KD.ZG,3.39755351999294
BGR,Bulgaria,2014,NY.GDP.MKTP.KD.ZG,0.949449772002041
BGR,Bulgaria,2013,NY.GDP.MKTP.KD.ZG,-0.542753400392826
BGR,Bulgaria,2012,NY.GDP.MKTP.KD.ZG,0.748814556346105
BGR,Bulgaria,2011,NY.GDP.MKTP.KD.ZG,2.09017598337418
BGR,Bulgaria,2010,NY.GDP.MKTP.KD.ZG,1.55536266288017
BGR,Bulgaria,2009,NY.GDP.MKTP.KD.ZG,-3.34714308501542
BGR,Bulgaria,2008,NY.GDP.MKTP.KD.ZG,6.12955885899744
BGR,Bulgaria,2007,NY.GDP.MKTP.KD.ZG,6.65438512368812
BGR,Bulgaria,2006,NY.GDP.MKTP.KD.ZG,6.80259262432862
BGR,Bulgaria,2005,NY.GDP.MKTP.KD.ZG,7.05634916258309
BFA,Burkina Faso,2025,NY.GDP.MKTP.KD.ZG,5.29461839319283
BFA,Burkina Faso,2024,NY.GDP.MKTP.KD.ZG,4.83395810163883
BFA,Burkina Faso,2023,NY.GDP.MKTP.KD.ZG,3.00027415814125
BFA,Burkina Faso,2022,NY.GDP.MKTP.KD.ZG,1.62673258211919
BFA,Burkina Faso,2021,NY.GDP.MKTP.KD.ZG,6.94252492572348
BFA,Burkina Faso,2020,NY.GDP.MKTP.KD.ZG,2.01077262406221
BFA,Burkina Faso,2019,NY.GDP.MKTP.KD.ZG,5.88920497068135
BFA,Burkina Faso,2018,NY.GDP.MKTP.KD.ZG,6.60456906812341
BFA,Burkina Faso,2017,NY.GDP.MKTP.KD.ZG,6.20348941121868
BFA,Burkina Faso,2016,NY.GDP.MKTP.KD.ZG,5.95797670754024
BFA,Burkina Faso,2015,NY.GDP.MKTP.KD.ZG,3.9212287937935
BFA,Burkina Faso,2014,NY.GDP.MKTP.KD.ZG,4.32684561452976
BFA,Burkina Faso,2013,NY.GDP.MKTP.KD.ZG,5.79258484509867
BFA,Burkina Faso,2012,NY.GDP.MKTP.KD.ZG,6.45267237953146
BFA,Burkina Faso,2011,NY.GDP.MKTP.KD.ZG,6.62256261306693
BFA,Burkina Faso,2010,NY.GDP.MKTP.KD.ZG,8.44628157707625
BFA,Burkina Faso,2009,NY.GDP.MKTP.KD.ZG,2.96195085866692
BFA,Burkina Faso,2008,NY.GDP.MKTP.KD.ZG,5.79999174105387
BFA,Burkina Faso,2007,NY.GDP.MKTP.KD.ZG,4.11137901761516
BFA,Burkina Faso,2006,NY.GDP.MKTP.KD.ZG,6.25316468817478
BFA,Burkina Faso,2005,NY.GDP.MKTP.KD.ZG,8.66187322841225
BDI,Burundi,2025,NY.GDP.MKTP.KD.ZG,4.24010529884178
BDI,Burundi,2024,NY.GDP.MKTP.KD.ZG,4.11227376394912
BDI,Burundi,2023,NY.GDP.MKTP.KD.ZG,3.25476897326196
BDI,Burundi,2022,NY.GDP.MKTP.KD.ZG,2.31770122350822
BDI,Burundi,2021,NY.GDP.MKTP.KD.ZG,3.23707479372925
BDI,Burundi,2020,NY.GDP.MKTP.KD.ZG,0.306443811651718
BDI,Burundi,2019,NY.GDP.MKTP.KD.ZG,4.45934202358784
BDI,Burundi,2018,NY.GDP.MKTP.KD.ZG,5.34224473186408
BDI,Burundi,2017,NY.GDP.MKTP.KD.ZG,3.83185757061784
BDI,Burundi,2016,NY.GDP.MKTP.KD.ZG,3.20017470408993
BDI,Burundi,2015,NY.GDP.MKTP.KD.ZG,-0.404525595204191
BDI,Burundi,2014,NY.GDP.MKTP.KD.ZG,4.24490803087248
BDI,Burundi,2013,NY.GDP.MKTP.KD.ZG,4.92392485117456
BDI,Burundi,2012,NY.GDP.MKTP.KD.ZG,4.42303118490126
BDI,Burundi,2011,NY.GDP.MKTP.KD.ZG,4.02442793864228
BDI,Burundi,2010,NY.GDP.MKTP.KD.ZG,5.09373697323055
BDI,Burundi,2009,NY.GDP.MKTP.KD.ZG,3.7870758305051
BDI,Burundi,2008,NY.GDP.MKTP.KD.ZG,4.90874190813545
BDI,Burundi,2007,NY.GDP.MKTP.KD.ZG,3.44449364663615
BDI,Burundi,2006,NY.GDP.MKTP.KD.ZG,5.41380714491444
BDI,Burundi,2005,NY.GDP.MKTP.KD.ZG,0.900000000901912
CPV,Cabo Verde,2025,NY.GDP.MKTP.KD.ZG,6.29698518253096
CPV,Cabo Verde,2024,NY.GDP.MKTP.KD.ZG,6.98888280991075
CPV,Cabo Verde,2023,NY.GDP.MKTP.KD.ZG,4.7947613911073
CPV,Cabo Verde,2022,NY.GDP.MKTP.KD.ZG,15.843675684642
CPV,Cabo Verde,2021,NY.GDP.MKTP.KD.ZG,7.03353010694514
CPV,Cabo Verde,2020,NY.GDP.MKTP.KD.ZG,-20.8052758990735
CPV,Cabo Verde,2019,NY.GDP.MKTP.KD.ZG,6.94782634051859
CPV,Cabo Verde,2018,NY.GDP.MKTP.KD.ZG,3.70696458310842
CPV,Cabo Verde,2017,NY.GDP.MKTP.KD.ZG,4.5513148102974
CPV,Cabo Verde,2016,NY.GDP.MKTP.KD.ZG,4.28071482662371
CPV,Cabo Verde,2015,NY.GDP.MKTP.KD.ZG,0.936026507808833
CPV,Cabo Verde,2014,NY.GDP.MKTP.KD.ZG,0.696666840118581
CPV,Cabo Verde,2013,NY.GDP.MKTP.KD.ZG,0.632136727385131
CPV,Cabo Verde,2012,NY.GDP.MKTP.KD.ZG,1.08364848376166
CPV,Cabo Verde,2011,NY.GDP.MKTP.KD.ZG,3.92471821338283
CPV,Cabo Verde,2010,NY.GDP.MKTP.KD.ZG,1.83641914989978
CPV,Cabo Verde,2009,NY.GDP.MKTP.KD.ZG,-1.50358672385678
CPV,Cabo Verde,2008,NY.GDP.MKTP.KD.ZG,7.03901129565128
CPV,Cabo Verde,2007,NY.GDP.MKTP.KD.ZG,15.1706879735517
CPV,Cabo Verde,2006,NY.GDP.MKTP.KD.ZG,7.98375044795048
CPV,Cabo Verde,2005,NY.GDP.MKTP.KD.ZG,6.91245795720201
KHM,Cambodia,2025,NY.GDP.MKTP.KD.ZG,5.34932084572877
KHM,Cambodia,2024,NY.GDP.MKTP.KD.ZG,6.0158145735202
KHM,Cambodia,2023,NY.GDP.MKTP.KD.ZG,5.00733043811898
KHM,Cambodia,2022,NY.GDP.MKTP.KD.ZG,5.12990110773977
KHM,Cambodia,2021,NY.GDP.MKTP.KD.ZG,3.08984284148661
KHM,Cambodia,2020,NY.GDP.MKTP.KD.ZG,-3.55572193406549
KHM,Cambodia,2019,NY.GDP.MKTP.KD.ZG,7.93695013588524
KHM,Cambodia,2018,NY.GDP.MKTP.KD.ZG,8.77622376224463
KHM,Cambodia,2017,NY.GDP.MKTP.KD.ZG,8.07503915535979
KHM,Cambodia,2016,NY.GDP.MKTP.KD.ZG,7.90550116130704
KHM,Cambodia,2015,NY.GDP.MKTP.KD.ZG,7.20703472529512
KHM,Cambodia,2014,NY.GDP.MKTP.KD.ZG,8.00032074618566
KHM,Cambodia,2013,NY.GDP.MKTP.KD.ZG,7.8574997554252
KHM,Cambodia,2012,NY.GDP.MKTP.KD.ZG,7.65025657870362
KHM,Cambodia,2011,NY.GDP.MKTP.KD.ZG,7.28665813879552
KHM,Cambodia,2010,NY.GDP.MKTP.KD.ZG,5.07691843229247
KHM,Cambodia,2009,NY.GDP.MKTP.KD.ZG,4.07477850599065
KHM,Cambodia,2008,NY.GDP.MKTP.KD.ZG,7.47636606631011
KHM,Cambodia,2007,NY.GDP.MKTP.KD.ZG,10.398458101201
KHM,Cambodia,2006,NY.GDP.MKTP.KD.ZG,10.9433600681694
KHM,Cambodia,2005,NY.GDP.MKTP.KD.ZG,13.3033338358455
CMR,Cameroon,2025,NY.GDP.MKTP.KD.ZG,3.20000015616144
CMR,Cameroon,2024,NY.GDP.MKTP.KD.ZG,3.52472308052245
CMR,Cameroon,2023,NY.GDP.MKTP.KD.ZG,3.34756290750219
CMR,Cameroon,2022,NY.GDP.MKTP.KD.ZG,3.7367840056412
CMR,Cameroon,2021,NY.GDP.MKTP.KD.ZG,3.33885747179505
CMR,Cameroon,2020,NY.GDP.MKTP.KD.ZG,0.259932915907115
CMR,Cameroon,2019,NY.GDP.MKTP.KD.ZG,3.47505998194981
CMR,Cameroon,2018,NY.GDP.MKTP.KD.ZG,3.95551423892049
CMR,Cameroon,2017,NY.GDP.MKTP.KD.ZG,3.54117654926007
CMR,Cameroon,2016,NY.GDP.MKTP.KD.ZG,4.53579423678801
CMR,Cameroon,2015,NY.GDP.MKTP.KD.ZG,5.66695298703932
CMR,Cameroon,2014,NY.GDP.MKTP.KD.ZG,5.71981814509198
CMR,Cameroon,2013,NY.GDP.MKTP.KD.ZG,4.99552916130783
CMR,Cameroon,2012,NY.GDP.MKTP.KD.ZG,4.62597872209571
CMR,Cameroon,2011,NY.GDP.MKTP.KD.ZG,3.37921128506045
CMR,Cameroon,2010,NY.GDP.MKTP.KD.ZG,2.89902472122014
CMR,Cameroon,2009,NY.GDP.MKTP.KD.ZG,2.57925177738754
CMR,Cameroon,2008,NY.GDP.MKTP.KD.ZG,2.8476778892105
CMR,Cameroon,2007,NY.GDP.MKTP.KD.ZG,4.32758900972871
CMR,Cameroon,2006,NY.GDP.MKTP.KD.ZG,3.80958327566137
CMR,Cameroon,2005,NY.GDP.MKTP.KD.ZG,2.22827020924117
CAN,Canada,2025,NY.GDP.MKTP.KD.ZG,1.74268536175708
CAN,Canada,2024,NY.GDP.MKTP.KD.ZG,2.04626605401701
CAN,Canada,2023,NY.GDP.MKTP.KD.ZG,1.95308552199025
CAN,Canada,2022,NY.GDP.MKTP.KD.ZG,4.69541985045903
CAN,Canada,2021,NY.GDP.MKTP.KD.ZG,5.95052804984759
CAN,Canada,2020,NY.GDP.MKTP.KD.ZG,-5.03823342794087
CAN,Canada,2019,NY.GDP.MKTP.KD.ZG,1.90843193887251
CAN,Canada,2018,NY.GDP.MKTP.KD.ZG,2.74296341402246
CAN,Canada,2017,NY.GDP.MKTP.KD.ZG,3.03383491841392
CAN,Canada,2016,NY.GDP.MKTP.KD.ZG,1.03855091989323
CAN,Canada,2015,NY.GDP.MKTP.KD.ZG,0.64997101491096
CAN,Canada,2014,NY.GDP.MKTP.KD.ZG,2.87346675579731
CAN,Canada,2013,NY.GDP.MKTP.KD.ZG,2.32581356612762
CAN,Canada,2012,NY.GDP.MKTP.KD.ZG,1.75566133205234
CAN,Canada,2011,NY.GDP.MKTP.KD.ZG,3.1371944343876
CAN,Canada,2010,NY.GDP.MKTP.KD.ZG,3.09080633744851
CAN,Canada,2009,NY.GDP.MKTP.KD.ZG,-2.91508627059555
CAN,Canada,2008,NY.GDP.MKTP.KD.ZG,0.995406371264522
CAN,Canada,2007,NY.GDP.MKTP.KD.ZG,2.04990459443619
CAN,Canada,2006,NY.GDP.MKTP.KD.ZG,2.63794375302722
CAN,Canada,2005,NY.GDP.MKTP.KD.ZG,3.21045441502793
CYM,Cayman Islands,2024,NY.GDP.MKTP.KD.ZG,3.75641197192778
CYM,Cayman Islands,2023,NY.GDP.MKTP.KD.ZG,5.80436961198644
CYM,Cayman Islands,2022,NY.GDP.MKTP.KD.ZG,5.66079366938135
CYM,Cayman Islands,2021,NY.GDP.MKTP.KD.ZG,4.86941655353661
CYM,Cayman Islands,2020,NY.GDP.MKTP.KD.ZG,-4.95480696516726
CYM,Cayman Islands,2019,NY.GDP.MKTP.KD.ZG,3.91563534249416
CYM,Cayman Islands,2018,NY.GDP.MKTP.KD.ZG,4.26726745249641
CYM,Cayman Islands,2017,NY.GDP.MKTP.KD.ZG,3.18404592334522
CYM,Cayman Islands,2016,NY.GDP.MKTP.KD.ZG,3.23997433895669
CYM,Cayman Islands,2015,NY.GDP.MKTP.KD.ZG,2.8331222262961
CYM,Cayman Islands,2014,NY.GDP.MKTP.KD.ZG,2.65452798451271
CYM,Cayman Islands,2013,NY.GDP.MKTP.KD.ZG,1.27933101999021
CYM,Cayman Islands,2012,NY.GDP.MKTP.KD.ZG,1.22975365701149
CYM,Cayman Islands,2011,NY.GDP.MKTP.KD.ZG,1.16906219839106
CYM,Cayman Islands,2010,NY.GDP.MKTP.KD.ZG,-2.71563526217577
CYM,Cayman Islands,2009,NY.GDP.MKTP.KD.ZG,-7.20048244664706
CYM,Cayman Islands,2008,NY.GDP.MKTP.KD.ZG,-0.357401201092983
CYM,Cayman Islands,2007,NY.GDP.MKTP.KD.ZG,3.16262522652799
CAF,Central African Republic,2025,NY.GDP.MKTP.KD.ZG,4.49950000393781
CAF,Central African Republic,2024,NY.GDP.MKTP.KD.ZG,1.49999999847535
CAF,Central African Republic,2023,NY.GDP.MKTP.KD.ZG,0.69996840076054
CAF,Central African Republic,2022,NY.GDP.MKTP.KD.ZG,0.453901876447787
CAF,Central African Republic,2021,NY.GDP.MKTP.KD.ZG,0.982919996264229
CAF,Central African Republic,2020,NY.GDP.MKTP.KD.ZG,0.899999996857062
CAF,Central African Republic,2019,NY.GDP.MKTP.KD.ZG,3.09999999999999
CAF,Central African Republic,2018,NY.GDP.MKTP.KD.ZG,3.78944359275462
CAF,Central African Republic,2017,NY.GDP.MKTP.KD.ZG,4.52727821346231
CAF,Central African Republic,2016,NY.GDP.MKTP.KD.ZG,4.75031684122342
CAF,Central African Republic,2015,NY.GDP.MKTP.KD.ZG,4.33712103020231
CAF,Central African Republic,2014,NY.GDP.MKTP.KD.ZG,0.0810705153264877
CAF,Central African Republic,2013,NY.GDP.MKTP.KD.ZG,-36.3919770983887
CAF,Central African Republic,2012,NY.GDP.MKTP.KD.ZG,5.05376125356918
CAF,Central African Republic,2011,NY.GDP.MKTP.KD.ZG,4.19461533741989
CAF,Central African Republic,2010,NY.GDP.MKTP.KD.ZG,4.63081843223307
CAF,Central African Republic,2009,NY.GDP.MKTP.KD.ZG,8.58726042640994
CAF,Central African Republic,2008,NY.GDP.MKTP.KD.ZG,2.05413096200485
CAF,Central African Republic,2007,NY.GDP.MKTP.KD.ZG,4.60753485452025
CAF,Central African Republic,2006,NY.GDP.MKTP.KD.ZG,4.77108543044105
CAF,Central African Republic,2005,NY.GDP.MKTP.KD.ZG,0.908210514871953
TCD,Chad,2025,NY.GDP.MKTP.KD.ZG,5.58988021765651
TCD,Chad,2024,NY.GDP.MKTP.KD.ZG,4.95210484607125
TCD,Chad,2023,NY.GDP.MKTP.KD.ZG,3.99861309461539
TCD,Chad,2022,NY.GDP.MKTP.KD.ZG,4.12969897668356
TCD,Chad,2021,NY.GDP.MKTP.KD.ZG,0.293442648033434
TCD,Chad,2020,NY.GDP.MKTP.KD.ZG,-0.393646582380399
TCD,Chad,2019,NY.GDP.MKTP.KD.ZG,5.38282202874814
TCD,Chad,2018,NY.GDP.MKTP.KD.ZG,5.74111580758154
TCD,Chad,2017,NY.GDP.MKTP.KD.ZG,-1.61746922820204
TCD,Chad,2016,NY.GDP.MKTP.KD.ZG,-4.12250332637034
TCD,Chad,2015,NY.GDP.MKTP.KD.ZG,3.30415979779805
TCD,Chad,2014,NY.GDP.MKTP.KD.ZG,2.06283074361411
TCD,Chad,2013,NY.GDP.MKTP.KD.ZG,2.83821524730293
TCD,Chad,2012,NY.GDP.MKTP.KD.ZG,9.06180392253447
TCD,Chad,2011,NY.GDP.MKTP.KD.ZG,4.49542967058827
TCD,Chad,2010,NY.GDP.MKTP.KD.ZG,13.6738272725339
TCD,Chad,2009,NY.GDP.MKTP.KD.ZG,-1.40828262637592
TCD,Chad,2008,NY.GDP.MKTP.KD.ZG,3.08119033854541
TCD,Chad,2007,NY.GDP.MKTP.KD.ZG,4.20017418353298
TCD,Chad,2006,NY.GDP.MKTP.KD.ZG,-0.54282957080251
TCD,Chad,2005,NY.GDP.MKTP.KD.ZG,17.3325337352162
CHI,Channel Islands,2023,NY.GDP.MKTP.KD.ZG,3.71500590367266
CHI,Channel Islands,2022,NY.GDP.MKTP.KD.ZG,5.34196140375869
CHI,Channel Islands,2021,NY.GDP.MKTP.KD.ZG,9.93680136985076
CHI,Channel Islands,2020,NY.GDP.MKTP.KD.ZG,-8.89677926591959
CHI,Channel Islands,2019,NY.GDP.MKTP.KD.ZG,1.57335596156342
CHI,Channel Islands,2018,NY.GDP.MKTP.KD.ZG,1.1222435658518
CHI,Channel Islands,2017,NY.GDP.MKTP.KD.ZG,1.80648131383585
CHI,Channel Islands,2016,NY.GDP.MKTP.KD.ZG,1.21302407657195
CHI,Channel Islands,2015,NY.GDP.MKTP.KD.ZG,0.374367083829384
CHI,Channel Islands,2014,NY.GDP.MKTP.KD.ZG,2.42710178482311
CHI,Channel Islands,2013,NY.GDP.MKTP.KD.ZG,0.493931120528785
CHI,Channel Islands,2012,NY.GDP.MKTP.KD.ZG,-5.75366122139113
CHI,Channel Islands,2011,NY.GDP.MKTP.KD.ZG,1.12504310895372
CHI,Channel Islands,2010,NY.GDP.MKTP.KD.ZG,-3.60663231572742
CHL,Chile,2025,NY.GDP.MKTP.KD.ZG,2.45925474781374
CHL,Chile,2024,NY.GDP.MKTP.KD.ZG,2.80512637106611
CHL,Chile,2023,NY.GDP.MKTP.KD.ZG,0.677024831595858
CHL,Chile,2022,NY.GDP.MKTP.KD.ZG,2.06391864254198
CHL,Chile,2021,NY.GDP.MKTP.KD.ZG,11.3374032409913
CHL,Chile,2020,NY.GDP.MKTP.KD.ZG,-6.1396969411886
CHL,Chile,2019,NY.GDP.MKTP.KD.ZG,0.644223402631923
CHL,Chile,2018,NY.GDP.MKTP.KD.ZG,3.99002947789977
CHL,Chile,2017,NY.GDP.MKTP.KD.ZG,1.35769537343957
CHL,Chile,2016,NY.GDP.MKTP.KD.ZG,1.753038749071
CHL,Chile,2015,NY.GDP.MKTP.KD.ZG,2.15194249981184
CHL,Chile,2014,NY.GDP.MKTP.KD.ZG,1.79264947139259
CHL,Chile,2013,NY.GDP.MKTP.KD.ZG,3.30850824710085
CHL,Chile,2012,NY.GDP.MKTP.KD.ZG,6.15534001855494
CHL,Chile,2011,NY.GDP.MKTP.KD.ZG,6.22389678509138
CHL,Chile,2010,NY.GDP.MKTP.KD.ZG,5.85165102224047
CHL,Chile,2009,NY.GDP.MKTP.KD.ZG,-1.11803723642878
CHL,Chile,2008,NY.GDP.MKTP.KD.ZG,3.78939280635238
CHL,Chile,2007,NY.GDP.MKTP.KD.ZG,5.16823098528431
CHL,Chile,2006,NY.GDP.MKTP.KD.ZG,6.04999082563968
CHL,Chile,2005,NY.GDP.MKTP.KD.ZG,5.83704571917758
CHN,China,2025,NY.GDP.MKTP.KD.ZG,4.95994886240992
CHN,China,2024,NY.GDP.MKTP.KD.ZG,4.95830378788091
CHN,China,2023,NY.GDP.MKTP.KD.ZG,5.41600334492955
CHN,China,2022,NY.GDP.MKTP.KD.ZG,3.13385438394069
CHN,China,2021,NY.GDP.MKTP.KD.ZG,8.57038414981781
CHN,China,2020,NY.GDP.MKTP.KD.ZG,2.33950385203023
CHN,China,2019,NY.GDP.MKTP.KD.ZG,6.06737806333672
CHN,China,2018,NY.GDP.MKTP.KD.ZG,6.757806142324
CHN,China,2017,NY.GDP.MKTP.KD.ZG,6.89123916636191
CHN,China,2016,NY.GDP.MKTP.KD.ZG,6.7736886867727
CHN,China,2015,NY.GDP.MKTP.KD.ZG,6.98162255562367
CHN,China,2014,NY.GDP.MKTP.KD.ZG,7.46100735778161
CHN,China,2013,NY.GDP.MKTP.KD.ZG,7.77842954757257
CHN,China,2012,NY.GDP.MKTP.KD.ZG,7.8578201481217
CHN,China,2011,NY.GDP.MKTP.KD.ZG,9.46205248298186
CHN,China,2010,NY.GDP.MKTP.KD.ZG,10.5916903885704
CHN,China,2009,NY.GDP.MKTP.KD.ZG,9.40610014336416
CHN,China,2008,NY.GDP.MKTP.KD.ZG,9.66877608164454
CHN,China,2007,NY.GDP.MKTP.KD.ZG,14.1507710506103
CHN,China,2006,NY.GDP.MKTP.KD.ZG,12.6752842281595
CHN,China,2005,NY.GDP.MKTP.KD.ZG,11.4535130030645
COL,Colombia,2025,NY.GDP.MKTP.KD.ZG,2.64201548985928
COL,Colombia,2024,NY.GDP.MKTP.KD.ZG,1.49330728771066
COL,Colombia,2023,NY.GDP.MKTP.KD.ZG,0.841819555752039
COL,Colombia,2022,NY.GDP.MKTP.KD.ZG,7.32827729427979
COL,Colombia,2021,NY.GDP.MKTP.KD.ZG,10.8011981904878
COL,Colombia,2020,NY.GDP.MKTP.KD.ZG,-7.18591413760859
COL,Colombia,2019,NY.GDP.MKTP.KD.ZG,3.18685539245533
COL,Colombia,2018,NY.GDP.MKTP.KD.ZG,2.56432428277704
COL,Colombia,2017,NY.GDP.MKTP.KD.ZG,1.35936086788746
COL,Colombia,2016,NY.GDP.MKTP.KD.ZG,2.08738250162794
COL,Colombia,2015,NY.GDP.MKTP.KD.ZG,2.95590137527523
COL,Colombia,2014,NY.GDP.MKTP.KD.ZG,4.49903000110972
COL,Colombia,2013,NY.GDP.MKTP.KD.ZG,5.13399351995672
COL,Colombia,2012,NY.GDP.MKTP.KD.ZG,3.91263576716115
COL,Colombia,2011,NY.GDP.MKTP.KD.ZG,6.94789198173555
COL,Colombia,2010,NY.GDP.MKTP.KD.ZG,4.49465897070922
COL,Colombia,2009,NY.GDP.MKTP.KD.ZG,1.13964864548062
COL,Colombia,2008,NY.GDP.MKTP.KD.ZG,3.28344618616541
COL,Colombia,2007,NY.GDP.MKTP.KD.ZG,6.73819469090975
COL,Colombia,2006,NY.GDP.MKTP.KD.ZG,6.71686869844402
COL,Colombia,2005,NY.GDP.MKTP.KD.ZG,4.82876110773741
COM,Comoros,2025,NY.GDP.MKTP.KD.ZG,3.7544428489181
COM,Comoros,2024,NY.GDP.MKTP.KD.ZG,3.30071498500033
COM,Comoros,2023,NY.GDP.MKTP.KD.ZG,3.1866131800554
COM,Comoros,2022,NY.GDP.MKTP.KD.ZG,2.45381174550259
COM,Comoros,2021,NY.GDP.MKTP.KD.ZG,2.04245238320844
COM,Comoros,2020,NY.GDP.MKTP.KD.ZG,-0.195556841918759
COM,Comoros,2019,NY.GDP.MKTP.KD.ZG,1.76078023564568
COM,Comoros,2018,NY.GDP.MKTP.KD.ZG,3.64245114733689
COM,Comoros,2017,NY.GDP.MKTP.KD.ZG,3.81576287489548
COM,Comoros,2016,NY.GDP.MKTP.KD.ZG,3.3204465548877
COM,Comoros,2015,NY.GDP.MKTP.KD.ZG,1.14735632260047
COM,Comoros,2014,NY.GDP.MKTP.KD.ZG,2.10665760321017
COM,Comoros,2013,NY.GDP.MKTP.KD.ZG,4.46624729869704
COM,Comoros,2012,NY.GDP.MKTP.KD.ZG,3.1684098843342
COM,Comoros,2011,NY.GDP.MKTP.KD.ZG,4.14350668765977
COM,Comoros,2010,NY.GDP.MKTP.KD.ZG,3.77776673684423
COM,Comoros,2009,NY.GDP.MKTP.KD.ZG,3.24074074074075
COM,Comoros,2008,NY.GDP.MKTP.KD.ZG,3.96461118871815
COM,Comoros,2007,NY.GDP.MKTP.KD.ZG,0.803599788247752
COM,Comoros,2006,NY.GDP.MKTP.KD.ZG,-1.75444679449394
COM,Comoros,2005,NY.GDP.MKTP.KD.ZG,5.66520240193151
COD,"Congo, Dem. Rep.",2025,NY.GDP.MKTP.KD.ZG,5.75924471639999
COD,"Congo, Dem. Rep.",2024,NY.GDP.MKTP.KD.ZG,6.1025294442863
COD,"Congo, Dem. Rep.",2023,NY.GDP.MKTP.KD.ZG,8.5334898318451
COD,"Congo, Dem. Rep.",2022,NY.GDP.MKTP.KD.ZG,9.31116944064918
COD,"Congo, Dem. Rep.",2021,NY.GDP.MKTP.KD.ZG,6.42961005647355
COD,"Congo, Dem. Rep.",2020,NY.GDP.MKTP.KD.ZG,0.775427992354622
COD,"Congo, Dem. Rep.",2019,NY.GDP.MKTP.KD.ZG,0.555384294580819
COD,"Congo, Dem. Rep.",2018,NY.GDP.MKTP.KD.ZG,6.07168870646615
COD,"Congo, Dem. Rep.",2017,NY.GDP.MKTP.KD.ZG,4.24121047272719
COD,"Congo, Dem. Rep.",2016,NY.GDP.MKTP.KD.ZG,0.393832798154563
COD,"Congo, Dem. Rep.",2015,NY.GDP.MKTP.KD.ZG,6.35973756164829
COD,"Congo, Dem. Rep.",2014,NY.GDP.MKTP.KD.ZG,7.30227750870263
COD,"Congo, Dem. Rep.",2013,NY.GDP.MKTP.KD.ZG,17.5159124688348
COD,"Congo, Dem. Rep.",2012,NY.GDP.MKTP.KD.ZG,8.66859360586926
COD,"Congo, Dem. Rep.",2011,NY.GDP.MKTP.KD.ZG,-0.403164081254445
COD,"Congo, Dem. Rep.",2010,NY.GDP.MKTP.KD.ZG,8.61867717510543
COD,"Congo, Dem. Rep.",2009,NY.GDP.MKTP.KD.ZG,0.541570197421564
COD,"Congo, Dem. Rep.",2008,NY.GDP.MKTP.KD.ZG,7.43333574200602
COD,"Congo, Dem. Rep.",2007,NY.GDP.MKTP.KD.ZG,8.58332298445387
COD,"Congo, Dem. Rep.",2006,NY.GDP.MKTP.KD.ZG,5.10894433184896
COD,"Congo, Dem. Rep.",2005,NY.GDP.MKTP.KD.ZG,6.1351511550716
COG,"Congo, Rep.",2025,NY.GDP.MKTP.KD.ZG,3.08292728120063
COG,"Congo, Rep.",2024,NY.GDP.MKTP.KD.ZG,2.09998918002519
COG,"Congo, Rep.",2023,NY.GDP.MKTP.KD.ZG,1.90686426346754
COG,"Congo, Rep.",2022,NY.GDP.MKTP.KD.ZG,1.47535613247133
COG,"Congo, Rep.",2021,NY.GDP.MKTP.KD.ZG,1.01507036990908
COG,"Congo, Rep.",2020,NY.GDP.MKTP.KD.ZG,-6.26777227963225
COG,"Congo, Rep.",2019,NY.GDP.MKTP.KD.ZG,1.12447391976529
COG,"Congo, Rep.",2018,NY.GDP.MKTP.KD.ZG,-2.30431780125842
COG,"Congo, Rep.",2017,NY.GDP.MKTP.KD.ZG,-5.59477371915547
COG,"Congo, Rep.",2016,NY.GDP.MKTP.KD.ZG,-8.68524343913786
COG,"Congo, Rep.",2015,NY.GDP.MKTP.KD.ZG,0.415193061293763
COG,"Congo, Rep.",2014,NY.GDP.MKTP.KD.ZG,6.64606540928447
COG,"Congo, Rep.",2013,NY.GDP.MKTP.KD.ZG,-0.712434451876447
COG,"Congo, Rep.",2012,NY.GDP.MKTP.KD.ZG,9.94715314257564
COG,"Congo, Rep.",2011,NY.GDP.MKTP.KD.ZG,2.20591936286718
COG,"Congo, Rep.",2010,NY.GDP.MKTP.KD.ZG,9.93126543095578
COG,"Congo, Rep.",2009,NY.GDP.MKTP.KD.ZG,11.6372888615758
COG,"Congo, Rep.",2008,NY.GDP.MKTP.KD.ZG,6.30637595585259
COG,"Congo, Rep.",2007,NY.GDP.MKTP.KD.ZG,-6.61399480441001
COG,"Congo, Rep.",2006,NY.GDP.MKTP.KD.ZG,7.98623836334291
COG,"Congo, Rep.",2005,NY.GDP.MKTP.KD.ZG,7.75575897806648
CRI,Costa Rica,2025,NY.GDP.MKTP.KD.ZG,4.56033547844829
CRI,Costa Rica,2024,NY.GDP.MKTP.KD.ZG,4.08292444182048
CRI,Costa Rica,2023,NY.GDP.MKTP.KD.ZG,4.79187732359398
CRI,Costa Rica,2022,NY.GDP.MKTP.KD.ZG,5.46119455235068
CRI,Costa Rica,2021,NY.GDP.MKTP.KD.ZG,8.21817953969082
CRI,Costa Rica,2020,NY.GDP.MKTP.KD.ZG,-4.14159340574358
CRI,Costa Rica,2019,NY.GDP.MKTP.KD.ZG,2.70813912948329
CRI,Costa Rica,2018,NY.GDP.MKTP.KD.ZG,2.85285959760458
CRI,Costa Rica,2017,NY.GDP.MKTP.KD.ZG,4.15769914676933
CRI,Costa Rica,2016,NY.GDP.MKTP.KD.ZG,4.20432320775184
CRI,Costa Rica,2015,NY.GDP.MKTP.KD.ZG,3.65208093006359
CRI,Costa Rica,2014,NY.GDP.MKTP.KD.ZG,3.54210997703849
CRI,Costa Rica,2013,NY.GDP.MKTP.KD.ZG,2.49476596233289
CRI,Costa Rica,2012,NY.GDP.MKTP.KD.ZG,4.88259252932575
CRI,Costa Rica,2011,NY.GDP.MKTP.KD.ZG,4.40315921836142
CRI,Costa Rica,2010,NY.GDP.MKTP.KD.ZG,5.36034347722267
CRI,Costa Rica,2009,NY.GDP.MKTP.KD.ZG,-0.87345608994562
CRI,Costa Rica,2008,NY.GDP.MKTP.KD.ZG,4.73817511214847
CRI,Costa Rica,2007,NY.GDP.MKTP.KD.ZG,8.21513209207497
CRI,Costa Rica,2006,NY.GDP.MKTP.KD.ZG,7.3266951372695
CRI,Costa Rica,2005,NY.GDP.MKTP.KD.ZG,3.97666631433462
CIV,Cote d'Ivoire,2025,NY.GDP.MKTP.KD.ZG,6.4999999999999
CIV,Cote d'Ivoire,2024,NY.GDP.MKTP.KD.ZG,6.0195346193922
CIV,Cote d'Ivoire,2023,NY.GDP.MKTP.KD.ZG,6.60000045209176
CIV,Cote d'Ivoire,2022,NY.GDP.MKTP.KD.ZG,6.39988362730921
CIV,Cote d'Ivoire,2021,NY.GDP.MKTP.KD.ZG,7.06253713446816
CIV,Cote d'Ivoire,2020,NY.GDP.MKTP.KD.ZG,0.699728593494228
CIV,Cote d'Ivoire,2019,NY.GDP.MKTP.KD.ZG,6.72137167584978
CIV,Cote d'Ivoire,2018,NY.GDP.MKTP.KD.ZG,4.84314605889178
CIV,Cote d'Ivoire,2017,NY.GDP.MKTP.KD.ZG,7.41076242592504
CIV,Cote d'Ivoire,2016,NY.GDP.MKTP.KD.ZG,7.17275963956332
CIV,Cote d'Ivoire,2015,NY.GDP.MKTP.KD.ZG,7.19494942728191
CIV,Cote d'Ivoire,2014,NY.GDP.MKTP.KD.ZG,9.37199994240375
CIV,Cote d'Ivoire,2013,NY.GDP.MKTP.KD.ZG,10.7602131311256
CIV,Cote d'Ivoire,2012,NY.GDP.MKTP.KD.ZG,7.62041176451649
CIV,Cote d'Ivoire,2011,NY.GDP.MKTP.KD.ZG,-5.37044724000579
CIV,Cote d'Ivoire,2010,NY.GDP.MKTP.KD.ZG,6.84804939907013
CIV,Cote d'Ivoire,2009,NY.GDP.MKTP.KD.ZG,3.60332156667053
CIV,Cote d'Ivoire,2008,NY.GDP.MKTP.KD.ZG,4.7826659787672
CIV,Cote d'Ivoire,2007,NY.GDP.MKTP.KD.ZG,1.10142976793477
CIV,Cote d'Ivoire,2006,NY.GDP.MKTP.KD.ZG,2.81557859252327
CIV,Cote d'Ivoire,2005,NY.GDP.MKTP.KD.ZG,0.996065564854788
HRV,Croatia,2025,NY.GDP.MKTP.KD.ZG,3.40307537181749
HRV,Croatia,2024,NY.GDP.MKTP.KD.ZG,3.82578440126859
HRV,Croatia,2023,NY.GDP.MKTP.KD.ZG,3.76204092717136
HRV,Croatia,2022,NY.GDP.MKTP.KD.ZG,7.29479114889533
HRV,Croatia,2021,NY.GDP.MKTP.KD.ZG,12.6312741312741
HRV,Croatia,2020,NY.GDP.MKTP.KD.ZG,-8.31046995309319
HRV,Croatia,2019,NY.GDP.MKTP.KD.ZG,3.10247285336254
HRV,Croatia,2018,NY.GDP.MKTP.KD.ZG,2.91107146210912
HRV,Croatia,2017,NY.GDP.MKTP.KD.ZG,3.2840626939789
HRV,Croatia,2016,NY.GDP.MKTP.KD.ZG,3.46613146011039
HRV,Croatia,2015,NY.GDP.MKTP.KD.ZG,2.32056679330526
HRV,Croatia,2014,NY.GDP.MKTP.KD.ZG,-0.559537666687092
HRV,Croatia,2013,NY.GDP.MKTP.KD.ZG,-0.132561080066893
HRV,Croatia,2012,NY.GDP.MKTP.KD.ZG,-2.23702049605232
HRV,Croatia,2011,NY.GDP.MKTP.KD.ZG,-0.111527124990047
HRV,Croatia,2010,NY.GDP.MKTP.KD.ZG,-1.33616285467264
HRV,Croatia,2009,NY.GDP.MKTP.KD.ZG,-6.81168973851901
HRV,Croatia,2008,NY.GDP.MKTP.KD.ZG,1.97176786914632
HRV,Croatia,2007,NY.GDP.MKTP.KD.ZG,5.04884076732965
HRV,Croatia,2006,NY.GDP.MKTP.KD.ZG,5.06986521577841
HRV,Croatia,2005,NY.GDP.MKTP.KD.ZG,4.32819454299167
CUB,Cuba,2024,NY.GDP.MKTP.KD.ZG,-1.06173273220524
CUB,Cuba,2023,NY.GDP.MKTP.KD.ZG,-1.92937123169681
CUB,Cuba,2022,NY.GDP.MKTP.KD.ZG,1.77465227724316
CUB,Cuba,2021,NY.GDP.MKTP.KD.ZG,1.25448735650322
CUB,Cuba,2020,NY.GDP.MKTP.KD.ZG,-10.9494359030206
CUB,Cuba,2019,NY.GDP.MKTP.KD.ZG,-0.163087223606624
CUB,Cuba,2018,NY.GDP.MKTP.KD.ZG,2.24794852913217
CUB,Cuba,2017,NY.GDP.MKTP.KD.ZG,1.80979178380274
CUB,Cuba,2016,NY.GDP.MKTP.KD.ZG,0.512843095700745
CUB,Cuba,2015,NY.GDP.MKTP.KD.ZG,4.4383335888395
CUB,Cuba,2014,NY.GDP.MKTP.KD.ZG,1.04757663187654
CUB,Cuba,2013,NY.GDP.MKTP.KD.ZG,2.74760256257211
CUB,Cuba,2012,NY.GDP.MKTP.KD.ZG,3.01490028898772
CUB,Cuba,2011,NY.GDP.MKTP.KD.ZG,2.80230083647626
CUB,Cuba,2010,NY.GDP.MKTP.KD.ZG,2.39035229650723
CUB,Cuba,2009,NY.GDP.MKTP.KD.ZG,1.4513054307407
CUB,Cuba,2008,NY.GDP.MKTP.KD.ZG,4.11682804164681
CUB,Cuba,2007,NY.GDP.MKTP.KD.ZG,7.26213696647943
CUB,Cuba,2006,NY.GDP.MKTP.KD.ZG,12.0658631129953
CUB,Cuba,2005,NY.GDP.MKTP.KD.ZG,11.2016564219094
CUW,Curacao,2024,NY.GDP.MKTP.KD.ZG,5.02690015475606
CUW,Curacao,2023,NY.GDP.MKTP.KD.ZG,4.20199929761131
CUW,Curacao,2022,NY.GDP.MKTP.KD.ZG,6.90600055461097
CUW,Curacao,2021,NY.GDP.MKTP.KD.ZG,4.18371018614259
CUW,Curacao,2020,NY.GDP.MKTP.KD.ZG,-18.4384696124769
CUW,Curacao,2019,NY.GDP.MKTP.KD.ZG,-3.20613230348162
CUW,Curacao,2018,NY.GDP.MKTP.KD.ZG,-2.10411133101029
CUW,Curacao,2017,NY.GDP.MKTP.KD.ZG,-1.2762081008495
CUW,Curacao,2016,NY.GDP.MKTP.KD.ZG,-1.06770848655277
CUW,Curacao,2015,NY.GDP.MKTP.KD.ZG,0.458151544160046
CUW,Curacao,2014,NY.GDP.MKTP.KD.ZG,-0.637397373327133
CUW,Curacao,2013,NY.GDP.MKTP.KD.ZG,-0.635696907591139
CUW,Curacao,2012,NY.GDP.MKTP.KD.ZG,-0.34895082430242
CUW,Curacao,2011,NY.GDP.MKTP.KD.ZG,0.50845748203723
CUW,Curacao,2010,NY.GDP.MKTP.KD.ZG,0.0823066088131412
CUW,Curacao,2009,NY.GDP.MKTP.KD.ZG,-0.531308242338184
CUW,Curacao,2008,NY.GDP.MKTP.KD.ZG,2.18804308019168
CUW,Curacao,2007,NY.GDP.MKTP.KD.ZG,2.46996322836787
CUW,Curacao,2006,NY.GDP.MKTP.KD.ZG,1.63593468987035
CUW,Curacao,2005,NY.GDP.MKTP.KD.ZG,0.676425345201665
CYP,Cyprus,2025,NY.GDP.MKTP.KD.ZG,3.77325347982725
CYP,Cyprus,2024,NY.GDP.MKTP.KD.ZG,3.94076934447787
CYP,Cyprus,2023,NY.GDP.MKTP.KD.ZG,3.62045368236082
CYP,Cyprus,2022,NY.GDP.MKTP.KD.ZG,8.73854684881674
CYP,Cyprus,2021,NY.GDP.MKTP.KD.ZG,11.3975590801512
CYP,Cyprus,2020,NY.GDP.MKTP.KD.ZG,-3.22063018637567
CYP,Cyprus,2019,NY.GDP.MKTP.KD.ZG,5.87559583386607
CYP,Cyprus,2018,NY.GDP.MKTP.KD.ZG,6.27166360056404
CYP,Cyprus,2017,NY.GDP.MKTP.KD.ZG,5.75083236554525
CYP,Cyprus,2016,NY.GDP.MKTP.KD.ZG,6.57359080924678
CYP,Cyprus,2015,NY.GDP.MKTP.KD.ZG,3.41892038889013
CYP,Cyprus,2014,NY.GDP.MKTP.KD.ZG,-1.77605867728616
CYP,Cyprus,2013,NY.GDP.MKTP.KD.ZG,-6.58747751118347
CYP,Cyprus,2012,NY.GDP.MKTP.KD.ZG,-3.44738151374587
CYP,Cyprus,2011,NY.GDP.MKTP.KD.ZG,0.416711868408683
CYP,Cyprus,2010,NY.GDP.MKTP.KD.ZG,2.28267100119788
CYP,Cyprus,2009,NY.GDP.MKTP.KD.ZG,-2.01508203683694
CYP,Cyprus,2008,NY.GDP.MKTP.KD.ZG,3.64698922103939
CYP,Cyprus,2007,NY.GDP.MKTP.KD.ZG,5.09822614854798
CYP,Cyprus,2006,NY.GDP.MKTP.KD.ZG,4.71378358593959
CYP,Cyprus,2005,NY.GDP.MKTP.KD.ZG,4.85298762175586
CZE,Czechia,2025,NY.GDP.MKTP.KD.ZG,2.58046673293437
CZE,Czechia,2024,NY.GDP.MKTP.KD.ZG,1.25131096245923
CZE,Czechia,2023,NY.GDP.MKTP.KD.ZG,0.0475803308973752
CZE,Czechia,2022,NY.GDP.MKTP.KD.ZG,2.8471706583814
CZE,Czechia,2021,NY.GDP.MKTP.KD.ZG,4.02901832055149
CZE,Czechia,2020,NY.GDP.MKTP.KD.ZG,-5.30487955463876
CZE,Czechia,2019,NY.GDP.MKTP.KD.ZG,3.56577658128261
CZE,Czechia,2018,NY.GDP.MKTP.KD.ZG,2.83030588267866
CZE,Czechia,2017,NY.GDP.MKTP.KD.ZG,5.17356529967881
CZE,Czechia,2016,NY.GDP.MKTP.KD.ZG,2.58087013921376
CZE,Czechia,2015,NY.GDP.MKTP.KD.ZG,4.95875848915604
CZE,Czechia,2014,NY.GDP.MKTP.KD.ZG,2.24521219862635
CZE,Czechia,2013,NY.GDP.MKTP.KD.ZG,-0.0418124160447491
CZE,Czechia,2012,NY.GDP.MKTP.KD.ZG,-0.770668190622743
CZE,Czechia,2011,NY.GDP.MKTP.KD.ZG,1.77238085338473
CZE,Czechia,2010,NY.GDP.MKTP.KD.ZG,2.71466509907701
CZE,Czechia,2009,NY.GDP.MKTP.KD.ZG,-4.79832416684926
CZE,Czechia,2008,NY.GDP.MKTP.KD.ZG,2.61226807205139
CZE,Czechia,2007,NY.GDP.MKTP.KD.ZG,5.48882595164517
CZE,Czechia,2006,NY.GDP.MKTP.KD.ZG,6.62317299177447
CZE,Czechia,2005,NY.GDP.MKTP.KD.ZG,6.37502886086791
DNK,Denmark,2025,NY.GDP.MKTP.KD.ZG,2.92843280014236
DNK,Denmark,2024,NY.GDP.MKTP.KD.ZG,3.47783593140312
DNK,Denmark,2023,NY.GDP.MKTP.KD.ZG,0.604587766175584
DNK,Denmark,2022,NY.GDP.MKTP.KD.ZG,0.443832614908331
DNK,Denmark,2021,NY.GDP.MKTP.KD.ZG,6.50025445756295
DNK,Denmark,2020,NY.GDP.MKTP.KD.ZG,-1.78010601831291
DNK,Denmark,2019,NY.GDP.MKTP.KD.ZG,1.71140093932736
DNK,Denmark,2018,NY.GDP.MKTP.KD.ZG,1.8600074900921
DNK,Denmark,2017,NY.GDP.MKTP.KD.ZG,3.05647723922718
DNK,Denmark,2016,NY.GDP.MKTP.KD.ZG,3.07304549209093
DNK,Denmark,2015,NY.GDP.MKTP.KD.ZG,2.10441456445301
DNK,Denmark,2014,NY.GDP.MKTP.KD.ZG,1.27799983192831
DNK,Denmark,2013,NY.GDP.MKTP.KD.ZG,1.39267343161971
DNK,Denmark,2012,NY.GDP.MKTP.KD.ZG,-0.00543230161670749
DNK,Denmark,2011,NY.GDP.MKTP.KD.ZG,1.3108037609606
DNK,Denmark,2010,NY.GDP.MKTP.KD.ZG,1.58289703108802
DNK,Denmark,2009,NY.GDP.MKTP.KD.ZG,-4.97447905669058
DNK,Denmark,2008,NY.GDP.MKTP.KD.ZG,-0.417178439991005
DNK,Denmark,2007,NY.GDP.MKTP.KD.ZG,0.987173815945127
DNK,Denmark,2006,NY.GDP.MKTP.KD.ZG,3.81648769908172
DNK,Denmark,2005,NY.GDP.MKTP.KD.ZG,2.35960882992528
DJI,Djibouti,2025,NY.GDP.MKTP.KD.ZG,6.4954610524268
DJI,Djibouti,2024,NY.GDP.MKTP.KD.ZG,6.98048467276334
DJI,Djibouti,2023,NY.GDP.MKTP.KD.ZG,6.80733529403308
DJI,Djibouti,2022,NY.GDP.MKTP.KD.ZG,5.16653702854374
DJI,Djibouti,2021,NY.GDP.MKTP.KD.ZG,4.40715667561153
DJI,Djibouti,2020,NY.GDP.MKTP.KD.ZG,1.2021151728969
DJI,Djibouti,2019,NY.GDP.MKTP.KD.ZG,5.54508081154978
DJI,Djibouti,2018,NY.GDP.MKTP.KD.ZG,4.77433934943193
DJI,Djibouti,2017,NY.GDP.MKTP.KD.ZG,5.458091517212
DJI,Djibouti,2016,NY.GDP.MKTP.KD.ZG,7.1234323372872
DJI,Djibouti,2015,NY.GDP.MKTP.KD.ZG,7.30898563450799
DJI,Djibouti,2014,NY.GDP.MKTP.KD.ZG,7.19298728463697
DMA,Dominica,2025,NY.GDP.MKTP.KD.ZG,3.05243763087539
DMA,Dominica,2024,NY.GDP.MKTP.KD.ZG,2.052738472526
DMA,Dominica,2023,NY.GDP.MKTP.KD.ZG,3.65221012208734
DMA,Dominica,2022,NY.GDP.MKTP.KD.ZG,10.3968076616121
DMA,Dominica,2021,NY.GDP.MKTP.KD.ZG,5.37983838954712
DMA,Dominica,2020,NY.GDP.MKTP.KD.ZG,-15.7064024545862
DMA,Dominica,2019,NY.GDP.MKTP.KD.ZG,3.94809757938053
DMA,Dominica,2018,NY.GDP.MKTP.KD.ZG,2.964010610466
DMA,Dominica,2017,NY.GDP.MKTP.KD.ZG,-7.5443637547282
DMA,Dominica,2016,NY.GDP.MKTP.KD.ZG,1.44724556489263
DMA,Dominica,2015,NY.GDP.MKTP.KD.ZG,-3.37338262476895
DMA,Dominica,2014,NY.GDP.MKTP.KD.ZG,2.33521742067693
DMA,Dominica,2013,NY.GDP.MKTP.KD.ZG,0.0045039972976042
DMA,Dominica,2012,NY.GDP.MKTP.KD.ZG,-0.15739179314221
DMA,Dominica,2011,NY.GDP.MKTP.KD.ZG,0.0427388878891435
DMA,Dominica,2010,NY.GDP.MKTP.KD.ZG,-0.105610857694984
DMA,Dominica,2009,NY.GDP.MKTP.KD.ZG,-1.13575145648322
DMA,Dominica,2008,NY.GDP.MKTP.KD.ZG,7.12131217762231
DMA,Dominica,2007,NY.GDP.MKTP.KD.ZG,5.3579375575878
DMA,Dominica,2006,NY.GDP.MKTP.KD.ZG,4.40077479812059
DMA,Dominica,2005,NY.GDP.MKTP.KD.ZG,0.915286472779144
DOM,Dominican Republic,2025,NY.GDP.MKTP.KD.ZG,2.11739113534632
DOM,Dominican Republic,2024,NY.GDP.MKTP.KD.ZG,4.95352204492849
DOM,Dominican Republic,2023,NY.GDP.MKTP.KD.ZG,2.19229848237939
DOM,Dominican Republic,2022,NY.GDP.MKTP.KD.ZG,5.23795652902595
DOM,Dominican Republic,2021,NY.GDP.MKTP.KD.ZG,14.0124289062207
DOM,Dominican Republic,2020,NY.GDP.MKTP.KD.ZG,-7.92905234231061
DOM,Dominican Republic,2019,NY.GDP.MKTP.KD.ZG,4.8940301149584
DOM,Dominican Republic,2018,NY.GDP.MKTP.KD.ZG,7.09751640210159
DOM,Dominican Republic,2017,NY.GDP.MKTP.KD.ZG,3.93386176401576
DOM,Dominican Republic,2016,NY.GDP.MKTP.KD.ZG,6.71974078681295
DOM,Dominican Republic,2015,NY.GDP.MKTP.KD.ZG,6.98771131236387
DOM,Dominican Republic,2014,NY.GDP.MKTP.KD.ZG,7.11122629673892
DOM,Dominican Republic,2013,NY.GDP.MKTP.KD.ZG,4.93473300709881
DOM,Dominican Republic,2012,NY.GDP.MKTP.KD.ZG,2.77567100848816
DOM,Dominican Republic,2011,NY.GDP.MKTP.KD.ZG,3.19196227475523
DOM,Dominican Republic,2010,NY.GDP.MKTP.KD.ZG,8.40114541209596
DOM,Dominican Republic,2009,NY.GDP.MKTP.KD.ZG,1.00345293018719
DOM,Dominican Republic,2008,NY.GDP.MKTP.KD.ZG,3.26808671288212
DOM,Dominican Republic,2007,NY.GDP.MKTP.KD.ZG,7.41840577774235
DOM,Dominican Republic,2006,NY.GDP.MKTP.KD.ZG,9.17120650955299
DOM,Dominican Republic,2005,NY.GDP.MKTP.KD.ZG,9.43178931977285
ECU,Ecuador,2025,NY.GDP.MKTP.KD.ZG,3.72594857272087
ECU,Ecuador,2024,NY.GDP.MKTP.KD.ZG,-1.94409022506859
ECU,Ecuador,2023,NY.GDP.MKTP.KD.ZG,1.8328406107788
ECU,Ecuador,2022,NY.GDP.MKTP.KD.ZG,5.86842354862311
ECU,Ecuador,2021,NY.GDP.MKTP.KD.ZG,9.42189269033631
ECU,Ecuador,2020,NY.GDP.MKTP.KD.ZG,-9.24509619165865
ECU,Ecuador,2019,NY.GDP.MKTP.KD.ZG,0.1654044646003
ECU,Ecuador,2018,NY.GDP.MKTP.KD.ZG,1.04429460679607
ECU,Ecuador,2017,NY.GDP.MKTP.KD.ZG,5.97039880954841
ECU,Ecuador,2016,NY.GDP.MKTP.KD.ZG,-0.687954245877947
ECU,Ecuador,2015,NY.GDP.MKTP.KD.ZG,0.119692109287612
ECU,Ecuador,2014,NY.GDP.MKTP.KD.ZG,4.22606520388456
ECU,Ecuador,2013,NY.GDP.MKTP.KD.ZG,7.21123653679159
ECU,Ecuador,2012,NY.GDP.MKTP.KD.ZG,5.783212336172
ECU,Ecuador,2011,NY.GDP.MKTP.KD.ZG,8.48147656332823
ECU,Ecuador,2010,NY.GDP.MKTP.KD.ZG,4.02913787986621
ECU,Ecuador,2009,NY.GDP.MKTP.KD.ZG,1.0910129698311
ECU,Ecuador,2008,NY.GDP.MKTP.KD.ZG,6.56492068224719
ECU,Ecuador,2007,NY.GDP.MKTP.KD.ZG,1.90242859700484
ECU,Ecuador,2006,NY.GDP.MKTP.KD.ZG,4.34113198577639
ECU,Ecuador,2005,NY.GDP.MKTP.KD.ZG,5.39862243994342
EGY,"Egypt, Arab Rep.",2025,NY.GDP.MKTP.KD.ZG,4.39201068570188
EGY,"Egypt, Arab Rep.",2024,NY.GDP.MKTP.KD.ZG,2.3991692678251
EGY,"Egypt, Arab Rep.",2023,NY.GDP.MKTP.KD.ZG,3.76028052279247
EGY,"Egypt, Arab Rep.",2022,NY.GDP.MKTP.KD.ZG,6.58784560870467
EGY,"Egypt, Arab Rep.",2021,NY.GDP.MKTP.KD.ZG,3.29064601193245
EGY,"Egypt, Arab Rep.",2020,NY.GDP.MKTP.KD.ZG,3.55016483883115
EGY,"Egypt, Arab Rep.",2019,NY.GDP.MKTP.KD.ZG,5.55209307084222
EGY,"Egypt, Arab Rep.",2018,NY.GDP.MKTP.KD.ZG,5.33110861887155
EGY,"Egypt, Arab Rep.",2017,NY.GDP.MKTP.KD.ZG,4.18122099961562
EGY,"Egypt, Arab Rep.",2016,NY.GDP.MKTP.KD.ZG,4.34664345601914
EGY,"Egypt, Arab Rep.",2015,NY.GDP.MKTP.KD.ZG,4.37201907781687
EGY,"Egypt, Arab Rep.",2014,NY.GDP.MKTP.KD.ZG,2.91591188052836
EGY,"Egypt, Arab Rep.",2013,NY.GDP.MKTP.KD.ZG,2.18546605363386
EGY,"Egypt, Arab Rep.",2012,NY.GDP.MKTP.KD.ZG,2.22619979818487
EGY,"Egypt, Arab Rep.",2011,NY.GDP.MKTP.KD.ZG,1.76457194806041
EGY,"Egypt, Arab Rep.",2010,NY.GDP.MKTP.KD.ZG,5.14723485746742
EGY,"Egypt, Arab Rep.",2009,NY.GDP.MKTP.KD.ZG,4.67359980000663
EGY,"Egypt, Arab Rep.",2008,NY.GDP.MKTP.KD.ZG,7.15628356711522
EGY,"Egypt, Arab Rep.",2007,NY.GDP.MKTP.KD.ZG,7.08782742675582
EGY,"Egypt, Arab Rep.",2006,NY.GDP.MKTP.KD.ZG,6.84383819369884
EGY,"Egypt, Arab Rep.",2005,NY.GDP.MKTP.KD.ZG,4.4717444710621
SLV,El Salvador,2025,NY.GDP.MKTP.KD.ZG,3.90594189242583
SLV,El Salvador,2024,NY.GDP.MKTP.KD.ZG,2.5904637107794
SLV,El Salvador,2023,NY.GDP.MKTP.KD.ZG,3.35508721646165
SLV,El Salvador,2022,NY.GDP.MKTP.KD.ZG,2.9546041089332
SLV,El Salvador,2021,NY.GDP.MKTP.KD.ZG,11.9047617015957
SLV,El Salvador,2020,NY.GDP.MKTP.KD.ZG,-7.893101359867
SLV,El Salvador,2019,NY.GDP.MKTP.KD.ZG,2.43747159065784
SLV,El Salvador,2018,NY.GDP.MKTP.KD.ZG,2.4124442237792
SLV,El Salvador,2017,NY.GDP.MKTP.KD.ZG,2.24761908134138
SLV,El Salvador,2016,NY.GDP.MKTP.KD.ZG,2.53906241135864
SLV,El Salvador,2015,NY.GDP.MKTP.KD.ZG,2.40000008852115
SLV,El Salvador,2014,NY.GDP.MKTP.KD.ZG,1.70870628357073
SLV,El Salvador,2013,NY.GDP.MKTP.KD.ZG,2.23562439198375
SLV,El Salvador,2012,NY.GDP.MKTP.KD.ZG,2.82262371802327
SLV,El Salvador,2011,NY.GDP.MKTP.KD.ZG,3.80688113429295
SLV,El Salvador,2010,NY.GDP.MKTP.KD.ZG,2.15419536693635
SLV,El Salvador,2009,NY.GDP.MKTP.KD.ZG,-2.10876837627522
SLV,El Salvador,2008,NY.GDP.MKTP.KD.ZG,2.15440298282768
SLV,El Salvador,2007,NY.GDP.MKTP.KD.ZG,1.84760220587859
SLV,El Salvador,2006,NY.GDP.MKTP.KD.ZG,4.3369986028604
SLV,El Salvador,2005,NY.GDP.MKTP.KD.ZG,2.68083009363194
GNQ,Equatorial Guinea,2025,NY.GDP.MKTP.KD.ZG,-5.84678505700693
GNQ,Equatorial Guinea,2024,NY.GDP.MKTP.KD.ZG,0.39622552095193
GNQ,Equatorial Guinea,2023,NY.GDP.MKTP.KD.ZG,-7.4250553172124
GNQ,Equatorial Guinea,2022,NY.GDP.MKTP.KD.ZG,3.22350831658598
GNQ,Equatorial Guinea,2021,NY.GDP.MKTP.KD.ZG,0.860269956382069
GNQ,Equatorial Guinea,2020,NY.GDP.MKTP.KD.ZG,-4.79108083383294
GNQ,Equatorial Guinea,2019,NY.GDP.MKTP.KD.ZG,-5.48182537893445
GNQ,Equatorial Guinea,2018,NY.GDP.MKTP.KD.ZG,-6.23654406734575
GNQ,Equatorial Guinea,2017,NY.GDP.MKTP.KD.ZG,-5.66750850486686
GNQ,Equatorial Guinea,2016,NY.GDP.MKTP.KD.ZG,-8.81641723219757
GNQ,Equatorial Guinea,2015,NY.GDP.MKTP.KD.ZG,-9.11004114881537
GNQ,Equatorial Guinea,2014,NY.GDP.MKTP.KD.ZG,0.415066301596866
GNQ,Equatorial Guinea,2013,NY.GDP.MKTP.KD.ZG,-4.13319850131583
GNQ,Equatorial Guinea,2012,NY.GDP.MKTP.KD.ZG,8.31287184445641
GNQ,Equatorial Guinea,2011,NY.GDP.MKTP.KD.ZG,6.52392362989873
GNQ,Equatorial Guinea,2010,NY.GDP.MKTP.KD.ZG,-8.92417588851806
GNQ,Equatorial Guinea,2009,NY.GDP.MKTP.KD.ZG,1.34335628806095
GNQ,Equatorial Guinea,2008,NY.GDP.MKTP.KD.ZG,17.7991091333811
GNQ,Equatorial Guinea,2007,NY.GDP.MKTP.KD.ZG,15.2821139194857
GNQ,Equatorial Guinea,2006,NY.GDP.MKTP.KD.ZG,7.70491760658767
GNQ,Equatorial Guinea,2005,NY.GDP.MKTP.KD.ZG,16.7487006053541
ERI,Eritrea,2011,NY.GDP.MKTP.KD.ZG,8.67980010138049
ERI,Eritrea,2010,NY.GDP.MKTP.KD.ZG,2.19419034888082
ERI,Eritrea,2009,NY.GDP.MKTP.KD.ZG,3.8765015275421
ERI,Eritrea,2008,NY.GDP.MKTP.KD.ZG,-9.78303001782456
ERI,Eritrea,2007,NY.GDP.MKTP.KD.ZG,1.42682221120323
ERI,Eritrea,2006,NY.GDP.MKTP.KD.ZG,-0.969217110711355
ERI,Eritrea,2005,NY.GDP.MKTP.KD.ZG,2.57444955124846
EST,Estonia,2025,NY.GDP.MKTP.KD.ZG,0.584308464789387
EST,Estonia,2024,NY.GDP.MKTP.KD.ZG,-0.0900428648493801
EST,Estonia,2023,NY.GDP.MKTP.KD.ZG,-2.74421914571231
EST,Estonia,2022,NY.GDP.MKTP.KD.ZG,-1.22616966587796
EST,Estonia,2021,NY.GDP.MKTP.KD.ZG,8.25488044580031
EST,Estonia,2020,NY.GDP.MKTP.KD.ZG,-2.88380751483778
EST,Estonia,2019,NY.GDP.MKTP.KD.ZG,3.72664943466884
EST,Estonia,2018,NY.GDP.MKTP.KD.ZG,3.69969756161726
EST,Estonia,2017,NY.GDP.MKTP.KD.ZG,5.63467248963991
EST,Estonia,2016,NY.GDP.MKTP.KD.ZG,3.09301920751959
EST,Estonia,2015,NY.GDP.MKTP.KD.ZG,1.83815262882932
EST,Estonia,2014,NY.GDP.MKTP.KD.ZG,3.32278988182702
EST,Estonia,2013,NY.GDP.MKTP.KD.ZG,1.75649379621869
EST,Estonia,2012,NY.GDP.MKTP.KD.ZG,3.67201872506541
EST,Estonia,2011,NY.GDP.MKTP.KD.ZG,7.60697458913162
EST,Estonia,2010,NY.GDP.MKTP.KD.ZG,2.4497502063999
EST,Estonia,2009,NY.GDP.MKTP.KD.ZG,-14.6302225427906
EST,Estonia,2008,NY.GDP.MKTP.KD.ZG,-5.12531154308803
EST,Estonia,2007,NY.GDP.MKTP.KD.ZG,7.57091879311882
EST,Estonia,2006,NY.GDP.MKTP.KD.ZG,9.76257131206653
EST,Estonia,2005,NY.GDP.MKTP.KD.ZG,9.52305386462066
SWZ,Eswatini,2025,NY.GDP.MKTP.KD.ZG,4.1939175580556
SWZ,Eswatini,2024,NY.GDP.MKTP.KD.ZG,3.03162462475916
SWZ,Eswatini,2023,NY.GDP.MKTP.KD.ZG,3.53257662836211
SWZ,Eswatini,2022,NY.GDP.MKTP.KD.ZG,0.386070835562705
SWZ,Eswatini,2021,NY.GDP.MKTP.KD.ZG,4.23621913615419
SWZ,Eswatini,2020,NY.GDP.MKTP.KD.ZG,-2.95183453409287
SWZ,Eswatini,2019,NY.GDP.MKTP.KD.ZG,6.43186888691574
SWZ,Eswatini,2018,NY.GDP.MKTP.KD.ZG,0.0653956557843571
SWZ,Eswatini,2017,NY.GDP.MKTP.KD.ZG,3.52095345987983
SWZ,Eswatini,2016,NY.GDP.MKTP.KD.ZG,2.94916821059911
SWZ,Eswatini,2015,NY.GDP.MKTP.KD.ZG,1.70425806017289
SWZ,Eswatini,2014,NY.GDP.MKTP.KD.ZG,2.05738179246586
SWZ,Eswatini,2013,NY.GDP.MKTP.KD.ZG,4.09458522119226
SWZ,Eswatini,2012,NY.GDP.MKTP.KD.ZG,4.09048190124592
SWZ,Eswatini,2011,NY.GDP.MKTP.KD.ZG,1.83973625916165
SWZ,Eswatini,2010,NY.GDP.MKTP.KD.ZG,3.82443487429767
SWZ,Eswatini,2009,NY.GDP.MKTP.KD.ZG,1.43311134247756
SWZ,Eswatini,2008,NY.GDP.MKTP.KD.ZG,1.44055358727118
SWZ,Eswatini,2007,NY.GDP.MKTP.KD.ZG,4.31772144872362
SWZ,Eswatini,2006,NY.GDP.MKTP.KD.ZG,6.72880946564094
SWZ,Eswatini,2005,NY.GDP.MKTP.KD.ZG,5.99228289096037
ETH,Ethiopia,2025,NY.GDP.MKTP.KD.ZG,9.7715182202934
ETH,Ethiopia,2024,NY.GDP.MKTP.KD.ZG,7.61277447616879
ETH,Ethiopia,2023,NY.GDP.MKTP.KD.ZG,6.59424599054353
ETH,Ethiopia,2022,NY.GDP.MKTP.KD.ZG,5.32175988485454
ETH,Ethiopia,2021,NY.GDP.MKTP.KD.ZG,5.64153069324176
ETH,Ethiopia,2020,NY.GDP.MKTP.KD.ZG,6.05953089248577
ETH,Ethiopia,2019,NY.GDP.MKTP.KD.ZG,8.36408573111346
ETH,Ethiopia,2018,NY.GDP.MKTP.KD.ZG,6.81614778557282
ETH,Ethiopia,2017,NY.GDP.MKTP.KD.ZG,9.56418965754014
ETH,Ethiopia,2016,NY.GDP.MKTP.KD.ZG,9.43348265981905
ETH,Ethiopia,2015,NY.GDP.MKTP.KD.ZG,10.3924630141307
ETH,Ethiopia,2014,NY.GDP.MKTP.KD.ZG,10.2574929627477
ETH,Ethiopia,2013,NY.GDP.MKTP.KD.ZG,10.5822700502552
ETH,Ethiopia,2012,NY.GDP.MKTP.KD.ZG,8.64781163513926
ETH,Ethiopia,2011,NY.GDP.MKTP.KD.ZG,11.1782962297008
ETH,Ethiopia,2010,NY.GDP.MKTP.KD.ZG,12.5505383347633
ETH,Ethiopia,2009,NY.GDP.MKTP.KD.ZG,8.8025531990487
ETH,Ethiopia,2008,NY.GDP.MKTP.KD.ZG,10.7885216870332
ETH,Ethiopia,2007,NY.GDP.MKTP.KD.ZG,11.4561670019891
ETH,Ethiopia,2006,NY.GDP.MKTP.KD.ZG,10.8347270679373
ETH,Ethiopia,2005,NY.GDP.MKTP.KD.ZG,11.8187659491625
FRO,Faroe Islands,2024,NY.GDP.MKTP.KD.ZG,0.843716851362103
FRO,Faroe Islands,2023,NY.GDP.MKTP.KD.ZG,3.15873872329266
FRO,Faroe Islands,2022,NY.GDP.MKTP.KD.ZG,3.86099981669155
FRO,Faroe Islands,2021,NY.GDP.MKTP.KD.ZG,5.06636291600633
FRO,Faroe Islands,2020,NY.GDP.MKTP.KD.ZG,-1.63732118017028
FRO,Faroe Islands,2019,NY.GDP.MKTP.KD.ZG,4.53851028676189
FRO,Faroe Islands,2018,NY.GDP.MKTP.KD.ZG,2.76370952267429
FRO,Faroe Islands,2017,NY.GDP.MKTP.KD.ZG,3.51201367488443
FRO,Faroe Islands,2016,NY.GDP.MKTP.KD.ZG,1.38644795938293
FRO,Faroe Islands,2015,NY.GDP.MKTP.KD.ZG,0.958001934486234
FRO,Faroe Islands,2014,NY.GDP.MKTP.KD.ZG,5.43214206841004
FRO,Faroe Islands,2013,NY.GDP.MKTP.KD.ZG,5.85614389735763
FRO,Faroe Islands,2012,NY.GDP.MKTP.KD.ZG,7.08148344487884
FRO,Faroe Islands,2011,NY.GDP.MKTP.KD.ZG,3.56636317884431
FRO,Faroe Islands,2010,NY.GDP.MKTP.KD.ZG,-0.379817991218616
FRO,Faroe Islands,2009,NY.GDP.MKTP.KD.ZG,-4.55329824103478
FJI,Fiji,2025,NY.GDP.MKTP.KD.ZG,3.19546862124029
FJI,Fiji,2024,NY.GDP.MKTP.KD.ZG,3.53085896076352
FJI,Fiji,2023,NY.GDP.MKTP.KD.ZG,9.44245856738313
FJI,Fiji,2022,NY.GDP.MKTP.KD.ZG,17.7451269773594
FJI,Fiji,2021,NY.GDP.MKTP.KD.ZG,-4.3459619989752
FJI,Fiji,2020,NY.GDP.MKTP.KD.ZG,-17.1835352599354
FJI,Fiji,2019,NY.GDP.MKTP.KD.ZG,-0.581946590349759
FJI,Fiji,2018,NY.GDP.MKTP.KD.ZG,3.812350939512
FJI,Fiji,2017,NY.GDP.MKTP.KD.ZG,5.35336434979577
FJI,Fiji,2016,NY.GDP.MKTP.KD.ZG,2.44565202449249
FJI,Fiji,2015,NY.GDP.MKTP.KD.ZG,4.50120064471365
FJI,Fiji,2014,NY.GDP.MKTP.KD.ZG,5.60351397766961
FJI,Fiji,2013,NY.GDP.MKTP.KD.ZG,4.7342203729816
FJI,Fiji,2012,NY.GDP.MKTP.KD.ZG,1.41131415220703
FJI,Fiji,2011,NY.GDP.MKTP.KD.ZG,2.70514231228027
FJI,Fiji,2010,NY.GDP.MKTP.KD.ZG,2.95467268842502
FJI,Fiji,2009,NY.GDP.MKTP.KD.ZG,-1.38603752085589
FJI,Fiji,2008,NY.GDP.MKTP.KD.ZG,1.03279368777636
FJI,Fiji,2007,NY.GDP.MKTP.KD.ZG,-0.8506533546566
FJI,Fiji,2006,NY.GDP.MKTP.KD.ZG,1.85248357237371
FJI,Fiji,2005,NY.GDP.MKTP.KD.ZG,0.699999592969263
FIN,Finland,2025,NY.GDP.MKTP.KD.ZG,0.173444509584499
FIN,Finland,2024,NY.GDP.MKTP.KD.ZG,0.374566568538427
FIN,Finland,2023,NY.GDP.MKTP.KD.ZG,-1.28973484453397
FIN,Finland,2022,NY.GDP.MKTP.KD.ZG,0.763041912763526
FIN,Finland,2021,NY.GDP.MKTP.KD.ZG,2.67634641498897
FIN,Finland,2020,NY.GDP.MKTP.KD.ZG,-2.49103605535707
FIN,Finland,2019,NY.GDP.MKTP.KD.ZG,1.34973845741737
FIN,Finland,2018,NY.GDP.MKTP.KD.ZG,1.19297759742292
FIN,Finland,2017,NY.GDP.MKTP.KD.ZG,3.30337003591039
FIN,Finland,2016,NY.GDP.MKTP.KD.ZG,2.57193414898754
FIN,Finland,2015,NY.GDP.MKTP.KD.ZG,0.466503766322674
FIN,Finland,2014,NY.GDP.MKTP.KD.ZG,-0.4780684247837
FIN,Finland,2013,NY.GDP.MKTP.KD.ZG,-0.979741024949618
FIN,Finland,2012,NY.GDP.MKTP.KD.ZG,-1.52284013040689
FIN,Finland,2011,NY.GDP.MKTP.KD.ZG,2.39039455396828
FIN,Finland,2010,NY.GDP.MKTP.KD.ZG,3.1682879121621
FIN,Finland,2009,NY.GDP.MKTP.KD.ZG,-8.07603116552393
FIN,Finland,2008,NY.GDP.MKTP.KD.ZG,0.784431235717051
FIN,Finland,2007,NY.GDP.MKTP.KD.ZG,5.31280176694145
FIN,Finland,2006,NY.GDP.MKTP.KD.ZG,4.01957326515895
FIN,Finland,2005,NY.GDP.MKTP.KD.ZG,2.77730918518017
FRA,France,2025,NY.GDP.MKTP.KD.ZG,0.840949955479587
FRA,France,2024,NY.GDP.MKTP.KD.ZG,1.19046798275883
FRA,France,2023,NY.GDP.MKTP.KD.ZG,1.43921494437743
FRA,France,2022,NY.GDP.MKTP.KD.ZG,2.71676264185913
FRA,France,2021,NY.GDP.MKTP.KD.ZG,6.88233783360239
FRA,France,2020,NY.GDP.MKTP.KD.ZG,-7.44064589948231
FRA,France,2019,NY.GDP.MKTP.KD.ZG,2.02744646419237
FRA,France,2018,NY.GDP.MKTP.KD.ZG,1.64590872395887
FRA,France,2017,NY.GDP.MKTP.KD.ZG,2.08361485997399
FRA,France,2016,NY.GDP.MKTP.KD.ZG,0.860031075424033
FRA,France,2015,NY.GDP.MKTP.KD.ZG,1.06675474783462
FRA,France,2014,NY.GDP.MKTP.KD.ZG,0.997832947295251
FRA,France,2013,NY.GDP.MKTP.KD.ZG,0.781756446231
FRA,France,2012,NY.GDP.MKTP.KD.ZG,0.183835264973013
FRA,France,2011,NY.GDP.MKTP.KD.ZG,2.43757653729007
FRA,France,2010,NY.GDP.MKTP.KD.ZG,2.00032476039051
FRA,France,2009,NY.GDP.MKTP.KD.ZG,-2.82455153714783
FRA,France,2008,NY.GDP.MKTP.KD.ZG,0.380171435849121
FRA,France,2007,NY.GDP.MKTP.KD.ZG,2.53048188351066
FRA,France,2006,NY.GDP.MKTP.KD.ZG,2.71406448755236
FRA,France,2005,NY.GDP.MKTP.KD.ZG,1.88856584109286
PYF,French Polynesia,2024,NY.GDP.MKTP.KD.ZG,1.12638897730247
PYF,French Polynesia,2023,NY.GDP.MKTP.KD.ZG,2.77284077155413
PYF,French Polynesia,2022,NY.GDP.MKTP.KD.ZG,2.9373470716322
PYF,French Polynesia,2021,NY.GDP.MKTP.KD.ZG,3.36590242421546
PYF,French Polynesia,2020,NY.GDP.MKTP.KD.ZG,-10.5738138632489
PYF,French Polynesia,2019,NY.GDP.MKTP.KD.ZG,2.68946658143334
PYF,French Polynesia,2018,NY.GDP.MKTP.KD.ZG,1.80687498305207
PYF,French Polynesia,2017,NY.GDP.MKTP.KD.ZG,4.29263363103487
PYF,French Polynesia,2016,NY.GDP.MKTP.KD.ZG,2.30219823670438
PYF,French Polynesia,2015,NY.GDP.MKTP.KD.ZG,1.80334081452726
PYF,French Polynesia,2014,NY.GDP.MKTP.KD.ZG,0.593554452942286
PYF,French Polynesia,2013,NY.GDP.MKTP.KD.ZG,0.398801414346934
PYF,French Polynesia,2012,NY.GDP.MKTP.KD.ZG,-0.927537712532072
PYF,French Polynesia,2011,NY.GDP.MKTP.KD.ZG,-2.96195745427229
PYF,French Polynesia,2010,NY.GDP.MKTP.KD.ZG,-2.4660641898174
PYF,French Polynesia,2009,NY.GDP.MKTP.KD.ZG,-4.23139183069446
PYF,French Polynesia,2008,NY.GDP.MKTP.KD.ZG,0.00676755066312751
PYF,French Polynesia,2007,NY.GDP.MKTP.KD.ZG,1.70497563803002
PYF,French Polynesia,2006,NY.GDP.MKTP.KD.ZG,0.889584117597607
PYF,French Polynesia,2005,NY.GDP.MKTP.KD.ZG,0.309973476180005
GAB,Gabon,2025,NY.GDP.MKTP.KD.ZG,2.47287961498321
GAB,Gabon,2024,NY.GDP.MKTP.KD.ZG,3.39403899521831
GAB,Gabon,2023,NY.GDP.MKTP.KD.ZG,2.43893665041031
GAB,Gabon,2022,NY.GDP.MKTP.KD.ZG,3.03761449525692
GAB,Gabon,2021,NY.GDP.MKTP.KD.ZG,1.46795731508091
GAB,Gabon,2020,NY.GDP.MKTP.KD.ZG,-1.8377610635094
GAB,Gabon,2019,NY.GDP.MKTP.KD.ZG,3.92080879452831
GAB,Gabon,2018,NY.GDP.MKTP.KD.ZG,0.83791658082157
GAB,Gabon,2017,NY.GDP.MKTP.KD.ZG,0.472642030911146
GAB,Gabon,2016,NY.GDP.MKTP.KD.ZG,2.09144220829562
GAB,Gabon,2015,NY.GDP.MKTP.KD.ZG,3.8788993950789
GAB,Gabon,2014,NY.GDP.MKTP.KD.ZG,4.31496444107469
GAB,Gabon,2013,NY.GDP.MKTP.KD.ZG,5.63869900338696
GAB,Gabon,2012,NY.GDP.MKTP.KD.ZG,5.25107691750407
GAB,Gabon,2011,NY.GDP.MKTP.KD.ZG,7.09175334258654
GAB,Gabon,2010,NY.GDP.MKTP.KD.ZG,7.08988731455126
GAB,Gabon,2009,NY.GDP.MKTP.KD.ZG,0.130331119816617
GAB,Gabon,2008,NY.GDP.MKTP.KD.ZG,-3.30843064878751
GAB,Gabon,2007,NY.GDP.MKTP.KD.ZG,6.00810802487668
GAB,Gabon,2006,NY.GDP.MKTP.KD.ZG,-2.80657835569052
GAB,Gabon,2005,NY.GDP.MKTP.KD.ZG,2.67620333310926
GMB,"Gambia, The",2025,NY.GDP.MKTP.KD.ZG,5.89309208233146
GMB,"Gambia, The",2024,NY.GDP.MKTP.KD.ZG,5.55126065805138
GMB,"Gambia, The",2023,NY.GDP.MKTP.KD.ZG,5.91679576551141
GMB,"Gambia, The",2022,NY.GDP.MKTP.KD.ZG,5.49299823010114
GMB,"Gambia, The",2021,NY.GDP.MKTP.KD.ZG,5.25596878816744
GMB,"Gambia, The",2020,NY.GDP.MKTP.KD.ZG,0.591487287873974
GMB,"Gambia, The",2019,NY.GDP.MKTP.KD.ZG,6.22205315994859
GMB,"Gambia, The",2018,NY.GDP.MKTP.KD.ZG,7.23489033258579
GMB,"Gambia, The",2017,NY.GDP.MKTP.KD.ZG,4.8226112492757
GMB,"Gambia, The",2016,NY.GDP.MKTP.KD.ZG,1.94335965478776
GMB,"Gambia, The",2015,NY.GDP.MKTP.KD.ZG,4.0580738039996
GMB,"Gambia, The",2014,NY.GDP.MKTP.KD.ZG,-1.40738249510954
GMB,"Gambia, The",2013,NY.GDP.MKTP.KD.ZG,2.872768790327
GMB,"Gambia, The",2012,NY.GDP.MKTP.KD.ZG,5.24156924630741
GMB,"Gambia, The",2011,NY.GDP.MKTP.KD.ZG,-8.13044422315659
GMB,"Gambia, The",2010,NY.GDP.MKTP.KD.ZG,5.90833580968288
GMB,"Gambia, The",2009,NY.GDP.MKTP.KD.ZG,6.6657243078367
GMB,"Gambia, The",2008,NY.GDP.MKTP.KD.ZG,6.25590553394287
GMB,"Gambia, The",2007,NY.GDP.MKTP.KD.ZG,3.04324950829739
GMB,"Gambia, The",2006,NY.GDP.MKTP.KD.ZG,-0.555580977246521
GMB,"Gambia, The",2005,NY.GDP.MKTP.KD.ZG,-2.35172936176019
GEO,Georgia,2025,NY.GDP.MKTP.KD.ZG,7.46161504152039
GEO,Georgia,2024,NY.GDP.MKTP.KD.ZG,9.67979379712661
GEO,Georgia,2023,NY.GDP.MKTP.KD.ZG,7.83220126555726
GEO,Georgia,2022,NY.GDP.MKTP.KD.ZG,10.9585321385624
GEO,Georgia,2021,NY.GDP.MKTP.KD.ZG,10.6442336580969
GEO,Georgia,2020,NY.GDP.MKTP.KD.ZG,-6.2904717853839
GEO,Georgia,2019,NY.GDP.MKTP.KD.ZG,5.38071926589951
GEO,Georgia,2018,NY.GDP.MKTP.KD.ZG,6.062036412677
GEO,Georgia,2017,NY.GDP.MKTP.KD.ZG,5.15990261658827
GEO,Georgia,2016,NY.GDP.MKTP.KD.ZG,3.45021517996871
GEO,Georgia,2015,NY.GDP.MKTP.KD.ZG,3.35102350265353
GEO,Georgia,2014,NY.GDP.MKTP.KD.ZG,4.09049059581743
GEO,Georgia,2013,NY.GDP.MKTP.KD.ZG,5.13288531209382
GEO,Georgia,2012,NY.GDP.MKTP.KD.ZG,6.57883101954195
GEO,Georgia,2011,NY.GDP.MKTP.KD.ZG,7.9343365253078
GEO,Georgia,2010,NY.GDP.MKTP.KD.ZG,6.24640865303363
GEO,Georgia,2009,NY.GDP.MKTP.KD.ZG,-3.65075229596822
GEO,Georgia,2008,NY.GDP.MKTP.KD.ZG,2.42161440960641
GEO,Georgia,2007,NY.GDP.MKTP.KD.ZG,12.5755698246405
GEO,Georgia,2006,NY.GDP.MKTP.KD.ZG,9.42148081189909
GEO,Georgia,2005,NY.GDP.MKTP.KD.ZG,9.59113832853026
DEU,Germany,2025,NY.GDP.MKTP.KD.ZG,0.239578342117881
DEU,Germany,2024,NY.GDP.MKTP.KD.ZG,-0.495851897260366
DEU,Germany,2023,NY.GDP.MKTP.KD.ZG,-0.869647578573321
DEU,Germany,2022,NY.GDP.MKTP.KD.ZG,1.8092581243061
DEU,Germany,2021,NY.GDP.MKTP.KD.ZG,3.90999994204108
DEU,Germany,2020,NY.GDP.MKTP.KD.ZG,-4.13191443239947
DEU,Germany,2019,NY.GDP.MKTP.KD.ZG,0.977734697038784
DEU,Germany,2018,NY.GDP.MKTP.KD.ZG,1.13569604599849
DEU,Germany,2017,NY.GDP.MKTP.KD.ZG,2.797906720551
DEU,Germany,2016,NY.GDP.MKTP.KD.ZG,2.22222216259371
DEU,Germany,2015,NY.GDP.MKTP.KD.ZG,1.66300602334775
DEU,Germany,2014,NY.GDP.MKTP.KD.ZG,2.18018602168017
DEU,Germany,2013,NY.GDP.MKTP.KD.ZG,0.396995583779145
DEU,Germany,2012,NY.GDP.MKTP.KD.ZG,0.463512036709204
DEU,Germany,2011,NY.GDP.MKTP.KD.ZG,3.75796884489337
DEU,Germany,2010,NY.GDP.MKTP.KD.ZG,4.13463778522758
DEU,Germany,2009,NY.GDP.MKTP.KD.ZG,-5.54455451920674
DEU,Germany,2008,NY.GDP.MKTP.KD.ZG,0.887902330743628
DEU,Germany,2007,NY.GDP.MKTP.KD.ZG,2.8891174138025
DEU,Germany,2006,NY.GDP.MKTP.KD.ZG,3.86668241523209
DEU,Germany,2005,NY.GDP.MKTP.KD.ZG,0.885485292551564
GHA,Ghana,2025,NY.GDP.MKTP.KD.ZG,5.95441714756899
GHA,Ghana,2024,NY.GDP.MKTP.KD.ZG,5.84746854280382
GHA,Ghana,2023,NY.GDP.MKTP.KD.ZG,3.14009100080186
GHA,Ghana,2022,NY.GDP.MKTP.KD.ZG,3.80484978178042
GHA,Ghana,2021,NY.GDP.MKTP.KD.ZG,5.07646643533542
GHA,Ghana,2020,NY.GDP.MKTP.KD.ZG,0.513941670628171
GHA,Ghana,2019,NY.GDP.MKTP.KD.ZG,6.5077747939152
GHA,Ghana,2018,NY.GDP.MKTP.KD.ZG,6.20007768127284
GHA,Ghana,2017,NY.GDP.MKTP.KD.ZG,8.12889488100956
GHA,Ghana,2016,NY.GDP.MKTP.KD.ZG,3.37346574966936
GHA,Ghana,2015,NY.GDP.MKTP.KD.ZG,2.12075933817334
GHA,Ghana,2014,NY.GDP.MKTP.KD.ZG,2.85624016330883
GHA,Ghana,2013,NY.GDP.MKTP.KD.ZG,7.31252501678145
GHA,Ghana,2012,NY.GDP.MKTP.KD.ZG,9.2927894063005
GHA,Ghana,2011,NY.GDP.MKTP.KD.ZG,14.0471235803149
GHA,Ghana,2010,NY.GDP.MKTP.KD.ZG,7.89971194051621
GHA,Ghana,2009,NY.GDP.MKTP.KD.ZG,4.84448705175076
GHA,Ghana,2008,NY.GDP.MKTP.KD.ZG,9.14979893831817
GHA,Ghana,2007,NY.GDP.MKTP.KD.ZG,4.34681910440079
GHA,Ghana,2006,NY.GDP.MKTP.KD.ZG,6.39991260618034
GHA,Ghana,2005,NY.GDP.MKTP.KD.ZG,5.90000381855104
GRC,Greece,2025,NY.GDP.MKTP.KD.ZG,2.07306882481713
GRC,Greece,2024,NY.GDP.MKTP.KD.ZG,2.0865743380603
GRC,Greece,2023,NY.GDP.MKTP.KD.ZG,2.13591131996631
GRC,Greece,2022,NY.GDP.MKTP.KD.ZG,5.52198580589408
GRC,Greece,2021,NY.GDP.MKTP.KD.ZG,8.65449786002131
GRC,Greece,2020,NY.GDP.MKTP.KD.ZG,-9.19623149726978
GRC,Greece,2019,NY.GDP.MKTP.KD.ZG,2.27718065334808
GRC,Greece,2018,NY.GDP.MKTP.KD.ZG,2.06467207892409
GRC,Greece,2017,NY.GDP.MKTP.KD.ZG,1.47312472702352
GRC,Greece,2016,NY.GDP.MKTP.KD.ZG,-0.0317947678412054
GRC,Greece,2015,NY.GDP.MKTP.KD.ZG,-0.228301892172851
GRC,Greece,2014,NY.GDP.MKTP.KD.ZG,0.792225060962835
GRC,Greece,2013,NY.GDP.MKTP.KD.ZG,-2.27211699888024
GRC,Greece,2012,NY.GDP.MKTP.KD.ZG,-8.33113421099992
GRC,Greece,2011,NY.GDP.MKTP.KD.ZG,-9.87677875300243
GRC,Greece,2010,NY.GDP.MKTP.KD.ZG,-5.6937412158003
GRC,Greece,2009,NY.GDP.MKTP.KD.ZG,-4.11927606715011
GRC,Greece,2008,NY.GDP.MKTP.KD.ZG,0.0574740238200775
GRC,Greece,2007,NY.GDP.MKTP.KD.ZG,3.50686976639459
GRC,Greece,2006,NY.GDP.MKTP.KD.ZG,6.44339762487436
GRC,Greece,2005,NY.GDP.MKTP.KD.ZG,1.18350635493289
GRL,Greenland,2023,NY.GDP.MKTP.KD.ZG,0.865961986998158
GRL,Greenland,2022,NY.GDP.MKTP.KD.ZG,2.00455580865604
GRL,Greenland,2021,NY.GDP.MKTP.KD.ZG,1.63409410992996
GRL,Greenland,2020,NY.GDP.MKTP.KD.ZG,0.250789762104304
GRL,Greenland,2019,NY.GDP.MKTP.KD.ZG,2.83217756798683
GRL,Greenland,2018,NY.GDP.MKTP.KD.ZG,0.62306542854094
GRL,Greenland,2017,NY.GDP.MKTP.KD.ZG,0.0527281828800312
GRL,Greenland,2016,NY.GDP.MKTP.KD.ZG,4.68195410972302
GRL,Greenland,2015,NY.GDP.MKTP.KD.ZG,-2.52931802394475
GRL,Greenland,2014,NY.GDP.MKTP.KD.ZG,4.7421356730152
GRL,Greenland,2013,NY.GDP.MKTP.KD.ZG,-1.29828069335511
GRL,Greenland,2012,NY.GDP.MKTP.KD.ZG,1.39419335955625
GRL,Greenland,2011,NY.GDP.MKTP.KD.ZG,-0.496519391959083
GRL,Greenland,2010,NY.GDP.MKTP.KD.ZG,1.73582505889665
GRL,Greenland,2009,NY.GDP.MKTP.KD.ZG,0.865952328886948
GRL,Greenland,2008,NY.GDP.MKTP.KD.ZG,6.1661327018619
GRL,Greenland,2007,NY.GDP.MKTP.KD.ZG,2.3524379811805
GRL,Greenland,2006,NY.GDP.MKTP.KD.ZG,5.55569490080012
GRL,Greenland,2005,NY.GDP.MKTP.KD.ZG,4.98749177090193
GRD,Grenada,2025,NY.GDP.MKTP.KD.ZG,4.41201
GRD,Grenada,2024,NY.GDP.MKTP.KD.ZG,2.3996478454327
GRD,Grenada,2023,NY.GDP.MKTP.KD.ZG,4.52657497450693
GRD,Grenada,2022,NY.GDP.MKTP.KD.ZG,7.31023806981959
GRD,Grenada,2021,NY.GDP.MKTP.KD.ZG,4.6977240232674
GRD,Grenada,2020,NY.GDP.MKTP.KD.ZG,-13.7566222572107
GRD,Grenada,2019,NY.GDP.MKTP.KD.ZG,0.676511738873756
GRD,Grenada,2018,NY.GDP.MKTP.KD.ZG,4.36144039364797
GRD,Grenada,2017,NY.GDP.MKTP.KD.ZG,4.43867566948151
GRD,Grenada,2016,NY.GDP.MKTP.KD.ZG,3.7396039558691
GRD,Grenada,2015,NY.GDP.MKTP.KD.ZG,6.44522314693144
GRD,Grenada,2014,NY.GDP.MKTP.KD.ZG,7.34212396037948
GRD,Grenada,2013,NY.GDP.MKTP.KD.ZG,2.35109801677905
GRD,Grenada,2012,NY.GDP.MKTP.KD.ZG,-1.15483816409801
GRD,Grenada,2011,NY.GDP.MKTP.KD.ZG,0.764773550338731
GRD,Grenada,2010,NY.GDP.MKTP.KD.ZG,-0.511146187173722
GRD,Grenada,2009,NY.GDP.MKTP.KD.ZG,-6.61328134799545
GRD,Grenada,2008,NY.GDP.MKTP.KD.ZG,0.947542624907697
GRD,Grenada,2007,NY.GDP.MKTP.KD.ZG,6.12345094741467
GRD,Grenada,2006,NY.GDP.MKTP.KD.ZG,-3.99532824427482
GRD,Grenada,2005,NY.GDP.MKTP.KD.ZG,13.2761883306272
GUM,Guam,2022,NY.GDP.MKTP.KD.ZG,5.09986426216793
GUM,Guam,2021,NY.GDP.MKTP.KD.ZG,2.0581832574708
GUM,Guam,2020,NY.GDP.MKTP.KD.ZG,-10.5188595714539
GUM,Guam,2019,NY.GDP.MKTP.KD.ZG,2.52360203340596
GUM,Guam,2018,NY.GDP.MKTP.KD.ZG,-0.828231904933389
GUM,Guam,2017,NY.GDP.MKTP.KD.ZG,0.890099909173486
GUM,Guam,2016,NY.GDP.MKTP.KD.ZG,0.18198362147406
GUM,Guam,2015,NY.GDP.MKTP.KD.ZG,0.825688073394488
GUM,Guam,2014,NY.GDP.MKTP.KD.ZG,1.79305192379529
GUM,Guam,2013,NY.GDP.MKTP.KD.ZG,1.69040835707501
GUM,Guam,2012,NY.GDP.MKTP.KD.ZG,2.13385063045585
GUM,Guam,2011,NY.GDP.MKTP.KD.ZG,0.0776548243059523
GUM,Guam,2010,NY.GDP.MKTP.KD.ZG,2.26325193567601
GUM,Guam,2009,NY.GDP.MKTP.KD.ZG,0.438683948155543
GUM,Guam,2008,NY.GDP.MKTP.KD.ZG,2.03458799593082
GUM,Guam,2007,NY.GDP.MKTP.KD.ZG,0.717213114754102
GUM,Guam,2006,NY.GDP.MKTP.KD.ZG,-3.65251727541954
GUM,Guam,2005,NY.GDP.MKTP.KD.ZG,3.64231634949867
GTM,Guatemala,2025,NY.GDP.MKTP.KD.ZG,4.28003207921405
GTM,Guatemala,2024,NY.GDP.MKTP.KD.ZG,3.71558453779777
GTM,Guatemala,2023,NY.GDP.MKTP.KD.ZG,3.52430434049013
GTM,Guatemala,2022,NY.GDP.MKTP.KD.ZG,4.15492196609047
GTM,Guatemala,2021,NY.GDP.MKTP.KD.ZG,8.04170398855833
GTM,Guatemala,2020,NY.GDP.MKTP.KD.ZG,-1.78555117570465
GTM,Guatemala,2019,NY.GDP.MKTP.KD.ZG,4.01789830861587
GTM,Guatemala,2018,NY.GDP.MKTP.KD.ZG,3.40687328176345
GTM,Guatemala,2017,NY.GDP.MKTP.KD.ZG,3.0798512212244
GTM,Guatemala,2016,NY.GDP.MKTP.KD.ZG,2.6778031930216
GTM,Guatemala,2015,NY.GDP.MKTP.KD.ZG,4.09217170075418
GTM,Guatemala,2014,NY.GDP.MKTP.KD.ZG,4.44397825774911
GTM,Guatemala,2013,NY.GDP.MKTP.KD.ZG,3.69476814623695
GTM,Guatemala,2012,NY.GDP.MKTP.KD.ZG,2.97470856847661
GTM,Guatemala,2011,NY.GDP.MKTP.KD.ZG,4.16390688293349
GTM,Guatemala,2010,NY.GDP.MKTP.KD.ZG,2.88417542800377
GTM,Guatemala,2009,NY.GDP.MKTP.KD.ZG,0.476898106596394
GTM,Guatemala,2008,NY.GDP.MKTP.KD.ZG,3.29352400028485
GTM,Guatemala,2007,NY.GDP.MKTP.KD.ZG,6.33771869016203
GTM,Guatemala,2006,NY.GDP.MKTP.KD.ZG,5.35139778711536
GTM,Guatemala,2005,NY.GDP.MKTP.KD.ZG,3.27602692588886
GIN,Guinea,2025,NY.GDP.MKTP.KD.ZG,7.44709668357611
GIN,Guinea,2024,NY.GDP.MKTP.KD.ZG,5.35004659049265
GIN,Guinea,2023,NY.GDP.MKTP.KD.ZG,5.54172668627702
GIN,Guinea,2022,NY.GDP.MKTP.KD.ZG,3.97240784200721
GIN,Guinea,2021,NY.GDP.MKTP.KD.ZG,5.5823328114905
GIN,Guinea,2020,NY.GDP.MKTP.KD.ZG,4.70459096113575
GIN,Guinea,2019,NY.GDP.MKTP.KD.ZG,5.61691446889876
GIN,Guinea,2018,NY.GDP.MKTP.KD.ZG,6.35849192736715
GIN,Guinea,2017,NY.GDP.MKTP.KD.ZG,10.3000053427355
GIN,Guinea,2016,NY.GDP.MKTP.KD.ZG,10.82062719659
GIN,Guinea,2015,NY.GDP.MKTP.KD.ZG,3.82591056949435
GIN,Guinea,2014,NY.GDP.MKTP.KD.ZG,3.69655311664086
GIN,Guinea,2013,NY.GDP.MKTP.KD.ZG,3.94568708624053
GIN,Guinea,2012,NY.GDP.MKTP.KD.ZG,5.91528626133322
GIN,Guinea,2011,NY.GDP.MKTP.KD.ZG,5.61211177430975
GIN,Guinea,2010,NY.GDP.MKTP.KD.ZG,4.81336016967553
GIN,Guinea,2009,NY.GDP.MKTP.KD.ZG,-1.12264204848687
GIN,Guinea,2008,NY.GDP.MKTP.KD.ZG,4.13301615965833
GIN,Guinea,2007,NY.GDP.MKTP.KD.ZG,6.81747111070281
GIN,Guinea,2006,NY.GDP.MKTP.KD.ZG,1.18960211693242
GIN,Guinea,2005,NY.GDP.MKTP.KD.ZG,2.99727256275818
GNB,Guinea-Bissau,2025,NY.GDP.MKTP.KD.ZG,5.81813762310792
GNB,Guinea-Bissau,2024,NY.GDP.MKTP.KD.ZG,4.40920107183611
GNB,Guinea-Bissau,2023,NY.GDP.MKTP.KD.ZG,4.63052364601562
GNB,Guinea-Bissau,2022,NY.GDP.MKTP.KD.ZG,5.45776090019501
GNB,Guinea-Bissau,2021,NY.GDP.MKTP.KD.ZG,5.0173096003907
GNB,Guinea-Bissau,2020,NY.GDP.MKTP.KD.ZG,2.89149979806913
GNB,Guinea-Bissau,2019,NY.GDP.MKTP.KD.ZG,5.32749571119344
GNB,Guinea-Bissau,2018,NY.GDP.MKTP.KD.ZG,3.76145359637003
GNB,Guinea-Bissau,2017,NY.GDP.MKTP.KD.ZG,4.66367943913264
GNB,Guinea-Bissau,2016,NY.GDP.MKTP.KD.ZG,5.4326782650304
GNB,Guinea-Bissau,2015,NY.GDP.MKTP.KD.ZG,6.1340893623123
GNB,Guinea-Bissau,2014,NY.GDP.MKTP.KD.ZG,0.964525745841428
GNB,Guinea-Bissau,2013,NY.GDP.MKTP.KD.ZG,3.25607190852087
GNB,Guinea-Bissau,2012,NY.GDP.MKTP.KD.ZG,-1.71286958446419
GNB,Guinea-Bissau,2011,NY.GDP.MKTP.KD.ZG,8.08504167173554
GNB,Guinea-Bissau,2010,NY.GDP.MKTP.KD.ZG,5.60536311358261
GNB,Guinea-Bissau,2009,NY.GDP.MKTP.KD.ZG,2.44795106098685
GNB,Guinea-Bissau,2008,NY.GDP.MKTP.KD.ZG,4.52457514610252
GNB,Guinea-Bissau,2007,NY.GDP.MKTP.KD.ZG,2.55982647078751
GNB,Guinea-Bissau,2006,NY.GDP.MKTP.KD.ZG,2.66650493269572
GNB,Guinea-Bissau,2005,NY.GDP.MKTP.KD.ZG,6.55977111846077
GUY,Guyana,2025,NY.GDP.MKTP.KD.ZG,19.3360097091818
GUY,Guyana,2024,NY.GDP.MKTP.KD.ZG,43.8192726391966
GUY,Guyana,2023,NY.GDP.MKTP.KD.ZG,33.795011115873
GUY,Guyana,2022,NY.GDP.MKTP.KD.ZG,63.3346343654855
GUY,Guyana,2021,NY.GDP.MKTP.KD.ZG,20.0599975568418
GUY,Guyana,2020,NY.GDP.MKTP.KD.ZG,43.479651716849
GUY,Guyana,2019,NY.GDP.MKTP.KD.ZG,5.35284003535665
GUY,Guyana,2018,NY.GDP.MKTP.KD.ZG,4.44091288475967
GUY,Guyana,2017,NY.GDP.MKTP.KD.ZG,3.73449154571284
GUY,Guyana,2016,NY.GDP.MKTP.KD.ZG,3.80745626378814
GUY,Guyana,2015,NY.GDP.MKTP.KD.ZG,0.687404590619494
GUY,Guyana,2014,NY.GDP.MKTP.KD.ZG,1.68649445019584
GUY,Guyana,2013,NY.GDP.MKTP.KD.ZG,3.65338433338232
GUY,Guyana,2012,NY.GDP.MKTP.KD.ZG,5.27633062046809
GUY,Guyana,2011,NY.GDP.MKTP.KD.ZG,5.19625156051602
GUY,Guyana,2010,NY.GDP.MKTP.KD.ZG,4.13844160137342
GUY,Guyana,2009,NY.GDP.MKTP.KD.ZG,3.61150847218585
GUY,Guyana,2008,NY.GDP.MKTP.KD.ZG,1.75522349592019
GUY,Guyana,2007,NY.GDP.MKTP.KD.ZG,7.19123624057457
GUY,Guyana,2006,NY.GDP.MKTP.KD.ZG,5.12960934773
GUY,Guyana,2005,NY.GDP.MKTP.KD.ZG,-1.95095759501714
HTI,Haiti,2025,NY.GDP.MKTP.KD.ZG,-2.71291075761471
HTI,Haiti,2024,NY.GDP.MKTP.KD.ZG,-4.18495104762965
HTI,Haiti,2023,NY.GDP.MKTP.KD.ZG,-1.86388420254838
HTI,Haiti,2022,NY.GDP.MKTP.KD.ZG,-1.68198396897978
HTI,Haiti,2021,NY.GDP.MKTP.KD.ZG,-1.79823988931486
HTI,Haiti,2020,NY.GDP.MKTP.KD.ZG,-3.30550546965893
HTI,Haiti,2019,NY.GDP.MKTP.KD.ZG,-1.72309699839232
HTI,Haiti,2018,NY.GDP.MKTP.KD.ZG,1.66781095484656
HTI,Haiti,2017,NY.GDP.MKTP.KD.ZG,2.51027134544685
HTI,Haiti,2016,NY.GDP.MKTP.KD.ZG,1.81246807847532
HTI,Haiti,2015,NY.GDP.MKTP.KD.ZG,1.40000000859727
HTI,Haiti,2014,NY.GDP.MKTP.KD.ZG,2.88877250863379
HTI,Haiti,2013,NY.GDP.MKTP.KD.ZG,4.32478411472874
HTI,Haiti,2012,NY.GDP.MKTP.KD.ZG,0.502424403581585
HTI,Haiti,2011,NY.GDP.MKTP.KD.ZG,5.09821354410036
HTI,Haiti,2010,NY.GDP.MKTP.KD.ZG,-5.65151153448299
HTI,Haiti,2009,NY.GDP.MKTP.KD.ZG,5.89037894844316
HTI,Haiti,2008,NY.GDP.MKTP.KD.ZG,2.6580323082747
HTI,Haiti,2007,NY.GDP.MKTP.KD.ZG,4.70652994008303
HTI,Haiti,2006,NY.GDP.MKTP.KD.ZG,1.76875060288195
HTI,Haiti,2005,NY.GDP.MKTP.KD.ZG,3.07217337664731
HND,Honduras,2025,NY.GDP.MKTP.KD.ZG,3.75143102801252
HND,Honduras,2024,NY.GDP.MKTP.KD.ZG,3.63240745450875
HND,Honduras,2023,NY.GDP.MKTP.KD.ZG,3.57584760454412
HND,Honduras,2022,NY.GDP.MKTP.KD.ZG,4.14356194013767
HND,Honduras,2021,NY.GDP.MKTP.KD.ZG,12.5652843771279
HND,Honduras,2020,NY.GDP.MKTP.KD.ZG,-8.96508223267296
HND,Honduras,2019,NY.GDP.MKTP.KD.ZG,2.55963434592314
HND,Honduras,2018,NY.GDP.MKTP.KD.ZG,3.84499476966735
HND,Honduras,2017,NY.GDP.MKTP.KD.ZG,4.84291391050387
HND,Honduras,2016,NY.GDP.MKTP.KD.ZG,3.89297219726413
HND,Honduras,2015,NY.GDP.MKTP.KD.ZG,3.84007997093951
HND,Honduras,2014,NY.GDP.MKTP.KD.ZG,3.0580805621437
HND,Honduras,2013,NY.GDP.MKTP.KD.ZG,2.79155975746801
HND,Honduras,2012,NY.GDP.MKTP.KD.ZG,4.12868774866939
HND,Honduras,2011,NY.GDP.MKTP.KD.ZG,3.83569066207505
HND,Honduras,2010,NY.GDP.MKTP.KD.ZG,3.73114034433009
HND,Honduras,2009,NY.GDP.MKTP.KD.ZG,-2.43162787988011
HND,Honduras,2008,NY.GDP.MKTP.KD.ZG,4.23160011009342
HND,Honduras,2007,NY.GDP.MKTP.KD.ZG,6.18832716678008
HND,Honduras,2006,NY.GDP.MKTP.KD.ZG,6.56724355177587
HND,Honduras,2005,NY.GDP.MKTP.KD.ZG,6.05059922215973
HKG,"Hong Kong SAR, China",2025,NY.GDP.MKTP.KD.ZG,3.48764886355949
HKG,"Hong Kong SAR, China",2024,NY.GDP.MKTP.KD.ZG,2.62936861207362
HKG,"Hong Kong SAR, China",2023,NY.GDP.MKTP.KD.ZG,3.15034461759902
HKG,"Hong Kong SAR, China",2022,NY.GDP.MKTP.KD.ZG,-3.68528359281325
HKG,"Hong Kong SAR, China",2021,NY.GDP.MKTP.KD.ZG,6.45443038333934
HKG,"Hong Kong SAR, China",2020,NY.GDP.MKTP.KD.ZG,-6.54479640529367
HKG,"Hong Kong SAR, China",2019,NY.GDP.MKTP.KD.ZG,-1.67242865968056
HKG,"Hong Kong SAR, China",2018,NY.GDP.MKTP.KD.ZG,2.84690922660509
HKG,"Hong Kong SAR, China",2017,NY.GDP.MKTP.KD.ZG,3.79610937243891
HKG,"Hong Kong SAR, China",2016,NY.GDP.MKTP.KD.ZG,2.17544820327555
HKG,"Hong Kong SAR, China",2015,NY.GDP.MKTP.KD.ZG,2.38780116013344
HKG,"Hong Kong SAR, China",2014,NY.GDP.MKTP.KD.ZG,2.76241378329884
HKG,"Hong Kong SAR, China",2013,NY.GDP.MKTP.KD.ZG,3.10155262780289
HKG,"Hong Kong SAR, China",2012,NY.GDP.MKTP.KD.ZG,1.70032214482865
HKG,"Hong Kong SAR, China",2011,NY.GDP.MKTP.KD.ZG,4.81466801092733
HKG,"Hong Kong SAR, China",2010,NY.GDP.MKTP.KD.ZG,6.76770683250318
HKG,"Hong Kong SAR, China",2009,NY.GDP.MKTP.KD.ZG,-2.45909150468412
HKG,"Hong Kong SAR, China",2008,NY.GDP.MKTP.KD.ZG,2.12793685154209
HKG,"Hong Kong SAR, China",2007,NY.GDP.MKTP.KD.ZG,6.46482809096842
HKG,"Hong Kong SAR, China",2006,NY.GDP.MKTP.KD.ZG,7.03264766297669
HKG,"Hong Kong SAR, China",2005,NY.GDP.MKTP.KD.ZG,7.38815395153696
HUN,Hungary,2025,NY.GDP.MKTP.KD.ZG,0.509542309726868
HUN,Hungary,2024,NY.GDP.MKTP.KD.ZG,0.709070599066038
HUN,Hungary,2023,NY.GDP.MKTP.KD.ZG,-0.817107370513455
HUN,Hungary,2022,NY.GDP.MKTP.KD.ZG,4.15238057779229
HUN,Hungary,2021,NY.GDP.MKTP.KD.ZG,7.22291580811137
HUN,Hungary,2020,NY.GDP.MKTP.KD.ZG,-4.33872540024058
HUN,Hungary,2019,NY.GDP.MKTP.KD.ZG,5.07718495088933
HUN,Hungary,2018,NY.GDP.MKTP.KD.ZG,5.60613813768876
HUN,Hungary,2017,NY.GDP.MKTP.KD.ZG,4.12418389451805
HUN,Hungary,2016,NY.GDP.MKTP.KD.ZG,2.43864141309342
HUN,Hungary,2015,NY.GDP.MKTP.KD.ZG,3.65981615406955
HUN,Hungary,2014,NY.GDP.MKTP.KD.ZG,4.33435364113967
HUN,Hungary,2013,NY.GDP.MKTP.KD.ZG,2.03216990678146
HUN,Hungary,2012,NY.GDP.MKTP.KD.ZG,-1.33948446518181
HUN,Hungary,2011,NY.GDP.MKTP.KD.ZG,1.91670916599742
HUN,Hungary,2010,NY.GDP.MKTP.KD.ZG,1.06795068152046
HUN,Hungary,2009,NY.GDP.MKTP.KD.ZG,-6.7401660845502
HUN,Hungary,2008,NY.GDP.MKTP.KD.ZG,0.993437085479655
HUN,Hungary,2007,NY.GDP.MKTP.KD.ZG,0.332354337878925
HUN,Hungary,2006,NY.GDP.MKTP.KD.ZG,3.93393162712054
HUN,Hungary,2005,NY.GDP.MKTP.KD.ZG,4.30028318461673
ISL,Iceland,2025,NY.GDP.MKTP.KD.ZG,1.27946207863934
ISL,Iceland,2024,NY.GDP.MKTP.KD.ZG,-1.2828764442695
ISL,Iceland,2023,NY.GDP.MKTP.KD.ZG,5.0322597376242
ISL,Iceland,2022,NY.GDP.MKTP.KD.ZG,8.85729897856851
ISL,Iceland,2021,NY.GDP.MKTP.KD.ZG,5.18057190719905
ISL,Iceland,2020,NY.GDP.MKTP.KD.ZG,-6.64587810456635
ISL,Iceland,2019,NY.GDP.MKTP.KD.ZG,1.13821227336888
ISL,Iceland,2018,NY.GDP.MKTP.KD.ZG,4.66077036232377
ISL,Iceland,2017,NY.GDP.MKTP.KD.ZG,3.48506704155555
ISL,Iceland,2016,NY.GDP.MKTP.KD.ZG,6.21808764670307
ISL,Iceland,2015,NY.GDP.MKTP.KD.ZG,3.76859020213645
ISL,Iceland,2014,NY.GDP.MKTP.KD.ZG,1.91381613095174
ISL,Iceland,2013,NY.GDP.MKTP.KD.ZG,3.59695697128252
ISL,Iceland,2012,NY.GDP.MKTP.KD.ZG,1.16931174934061
ISL,Iceland,2011,NY.GDP.MKTP.KD.ZG,1.37999669197329
ISL,Iceland,2010,NY.GDP.MKTP.KD.ZG,-2.22181843777449
ISL,Iceland,2009,NY.GDP.MKTP.KD.ZG,-8.32146414938261
ISL,Iceland,2008,NY.GDP.MKTP.KD.ZG,1.69961072411662
ISL,Iceland,2007,NY.GDP.MKTP.KD.ZG,8.74132941862472
ISL,Iceland,2006,NY.GDP.MKTP.KD.ZG,5.67161248703039
ISL,Iceland,2005,NY.GDP.MKTP.KD.ZG,7.02934061160924
IND,India,2025,NY.GDP.MKTP.KD.ZG,7.56666179284244
IND,India,2024,NY.GDP.MKTP.KD.ZG,7.09927893176518
IND,India,2023,NY.GDP.MKTP.KD.ZG,7.210224629335
IND,India,2022,NY.GDP.MKTP.KD.ZG,7.6093649776932
IND,India,2021,NY.GDP.MKTP.KD.ZG,9.68959249191741
IND,India,2020,NY.GDP.MKTP.KD.ZG,-5.77772470687303
IND,India,2019,NY.GDP.MKTP.KD.ZG,3.87143694070524
IND,India,2018,NY.GDP.MKTP.KD.ZG,6.45385134495295
IND,India,2017,NY.GDP.MKTP.KD.ZG,6.79538341902422
IND,India,2016,NY.GDP.MKTP.KD.ZG,8.25630550176662
IND,India,2015,NY.GDP.MKTP.KD.ZG,7.99625378567987
IND,India,2014,NY.GDP.MKTP.KD.ZG,7.41022760516977
IND,India,2013,NY.GDP.MKTP.KD.ZG,6.38610640091713
IND,India,2012,NY.GDP.MKTP.KD.ZG,5.45638755164772
IND,India,2011,NY.GDP.MKTP.KD.ZG,5.24131620024293
IND,India,2010,NY.GDP.MKTP.KD.ZG,8.49758470165625
IND,India,2009,NY.GDP.MKTP.KD.ZG,7.8618888330338
IND,India,2008,NY.GDP.MKTP.KD.ZG,3.08669805950082
IND,India,2007,NY.GDP.MKTP.KD.ZG,7.66081506510766
IND,India,2006,NY.GDP.MKTP.KD.ZG,8.06073257305057
IND,India,2005,NY.GDP.MKTP.KD.ZG,7.92343062131789
IDN,Indonesia,2025,NY.GDP.MKTP.KD.ZG,5.10808904438025
IDN,Indonesia,2024,NY.GDP.MKTP.KD.ZG,5.03257477088519
IDN,Indonesia,2023,NY.GDP.MKTP.KD.ZG,5.04883117855516
IDN,Indonesia,2022,NY.GDP.MKTP.KD.ZG,5.30719722664799
IDN,Indonesia,2021,NY.GDP.MKTP.KD.ZG,3.70288562827751
IDN,Indonesia,2020,NY.GDP.MKTP.KD.ZG,-2.06551182934165
IDN,Indonesia,2019,NY.GDP.MKTP.KD.ZG,5.01928768046282
IDN,Indonesia,2018,NY.GDP.MKTP.KD.ZG,5.17429153955024
IDN,Indonesia,2017,NY.GDP.MKTP.KD.ZG,5.06978590134916
IDN,Indonesia,2016,NY.GDP.MKTP.KD.ZG,5.03306918280177
IDN,Indonesia,2015,NY.GDP.MKTP.KD.ZG,4.87632230022123
IDN,Indonesia,2014,NY.GDP.MKTP.KD.ZG,5.006668425755
IDN,Indonesia,2013,NY.GDP.MKTP.KD.ZG,5.5572636889101
IDN,Indonesia,2012,NY.GDP.MKTP.KD.ZG,6.03005065305615
IDN,Indonesia,2011,NY.GDP.MKTP.KD.ZG,6.16978420771008
IDN,Indonesia,2010,NY.GDP.MKTP.KD.ZG,6.22385418062366
IDN,Indonesia,2009,NY.GDP.MKTP.KD.ZG,4.62887118256153
IDN,Indonesia,2008,NY.GDP.MKTP.KD.ZG,6.01370360009123
IDN,Indonesia,2007,NY.GDP.MKTP.KD.ZG,6.34502222667214
IDN,Indonesia,2006,NY.GDP.MKTP.KD.ZG,5.50095178520348
IDN,Indonesia,2005,NY.GDP.MKTP.KD.ZG,5.69257130383384
IRN,"Iran, Islamic Rep.",2025,NY.GDP.MKTP.KD.ZG,-2.82597163290347
IRN,"Iran, Islamic Rep.",2024,NY.GDP.MKTP.KD.ZG,3.66312057949303
IRN,"Iran, Islamic Rep.",2023,NY.GDP.MKTP.KD.ZG,5.33235116079808
IRN,"Iran, Islamic Rep.",2022,NY.GDP.MKTP.KD.ZG,4.35281087521344
IRN,"Iran, Islamic Rep.",2021,NY.GDP.MKTP.KD.ZG,4.13089685034471
IRN,"Iran, Islamic Rep.",2020,NY.GDP.MKTP.KD.ZG,4.44180865358672
IRN,"Iran, Islamic Rep.",2019,NY.GDP.MKTP.KD.ZG,-2.36143538770575
IRN,"Iran, Islamic Rep.",2018,NY.GDP.MKTP.KD.ZG,-3.74796015711334
IRN,"Iran, Islamic Rep.",2017,NY.GDP.MKTP.KD.ZG,3.02685468694025
IRN,"Iran, Islamic Rep.",2016,NY.GDP.MKTP.KD.ZG,8.8150866425182
IRN,"Iran, Islamic Rep.",2015,NY.GDP.MKTP.KD.ZG,-1.42488493937503
IRN,"Iran, Islamic Rep.",2014,NY.GDP.MKTP.KD.ZG,4.98477506709476
IRN,"Iran, Islamic Rep.",2013,NY.GDP.MKTP.KD.ZG,-1.52197920494184
IRN,"Iran, Islamic Rep.",2012,NY.GDP.MKTP.KD.ZG,-3.74717139864109
IRN,"Iran, Islamic Rep.",2011,NY.GDP.MKTP.KD.ZG,2.6457179180628
IRN,"Iran, Islamic Rep.",2010,NY.GDP.MKTP.KD.ZG,5.79793830169604
IRN,"Iran, Islamic Rep.",2009,NY.GDP.MKTP.KD.ZG,1.00738545790475
IRN,"Iran, Islamic Rep.",2008,NY.GDP.MKTP.KD.ZG,0.250856553493634
IRN,"Iran, Islamic Rep.",2007,NY.GDP.MKTP.KD.ZG,8.15577352358517
IRN,"Iran, Islamic Rep.",2006,NY.GDP.MKTP.KD.ZG,4.99979526181222
IRN,"Iran, Islamic Rep.",2005,NY.GDP.MKTP.KD.ZG,3.18980408728824
IRQ,Iraq,2025,NY.GDP.MKTP.KD.ZG,-2.15574219066178
IRQ,Iraq,2024,NY.GDP.MKTP.KD.ZG,-1.54525198319173
IRQ,Iraq,2023,NY.GDP.MKTP.KD.ZG,0.517705525140073
IRQ,Iraq,2022,NY.GDP.MKTP.KD.ZG,7.95904804990212
IRQ,Iraq,2021,NY.GDP.MKTP.KD.ZG,1.5021807095434
IRQ,Iraq,2020,NY.GDP.MKTP.KD.ZG,-12.0367930960454
IRQ,Iraq,2019,NY.GDP.MKTP.KD.ZG,5.5137905789381
IRQ,Iraq,2018,NY.GDP.MKTP.KD.ZG,2.63385099105624
IRQ,Iraq,2017,NY.GDP.MKTP.KD.ZG,-1.81975035118309
IRQ,Iraq,2016,NY.GDP.MKTP.KD.ZG,13.7873730187089
IRQ,Iraq,2015,NY.GDP.MKTP.KD.ZG,2.60676642939541
IRQ,Iraq,2014,NY.GDP.MKTP.KD.ZG,2.26368817563613
IRQ,Iraq,2013,NY.GDP.MKTP.KD.ZG,7.62828592298754
IRQ,Iraq,2012,NY.GDP.MKTP.KD.ZG,13.9364301737537
IRQ,Iraq,2011,NY.GDP.MKTP.KD.ZG,7.546471200426
IRQ,Iraq,2010,NY.GDP.MKTP.KD.ZG,6.40256484471193
IRQ,Iraq,2009,NY.GDP.MKTP.KD.ZG,3.37929909442771
IRQ,Iraq,2008,NY.GDP.MKTP.KD.ZG,8.22810710383277
IRQ,Iraq,2007,NY.GDP.MKTP.KD.ZG,1.88853936243953
IRQ,Iraq,2006,NY.GDP.MKTP.KD.ZG,5.63829915220637
IRQ,Iraq,2005,NY.GDP.MKTP.KD.ZG,1.67522863586828
IRL,Ireland,2025,NY.GDP.MKTP.KD.ZG,12.3375990291434
IRL,Ireland,2024,NY.GDP.MKTP.KD.ZG,2.59946721553708
IRL,Ireland,2023,NY.GDP.MKTP.KD.ZG,-2.53637409313261
IRL,Ireland,2022,NY.GDP.MKTP.KD.ZG,7.51113888415304
IRL,Ireland,2021,NY.GDP.MKTP.KD.ZG,16.2581881158197
IRL,Ireland,2020,NY.GDP.MKTP.KD.ZG,7.15369505735335
IRL,Ireland,2019,NY.GDP.MKTP.KD.ZG,4.97288003766816
IRL,Ireland,2018,NY.GDP.MKTP.KD.ZG,7.68865937437435
IRL,Ireland,2017,NY.GDP.MKTP.KD.ZG,10.1088576065965
IRL,Ireland,2016,NY.GDP.MKTP.KD.ZG,1.22271661130947
IRL,Ireland,2015,NY.GDP.MKTP.KD.ZG,24.6239856364006
IRL,Ireland,2014,NY.GDP.MKTP.KD.ZG,9.38579335130922
IRL,Ireland,2013,NY.GDP.MKTP.KD.ZG,2.1929375750029
IRL,Ireland,2012,NY.GDP.MKTP.KD.ZG,-0.40502941658977
IRL,Ireland,2011,NY.GDP.MKTP.KD.ZG,1.60886648916944
IRL,Ireland,2010,NY.GDP.MKTP.KD.ZG,1.68297175486512
IRL,Ireland,2009,NY.GDP.MKTP.KD.ZG,-5.09578277913846
IRL,Ireland,2008,NY.GDP.MKTP.KD.ZG,-4.48407081043062
IRL,Ireland,2007,NY.GDP.MKTP.KD.ZG,5.31011830898613
IRL,Ireland,2006,NY.GDP.MKTP.KD.ZG,4.98785364537615
IRL,Ireland,2005,NY.GDP.MKTP.KD.ZG,5.73978202625278
IMN,Isle of Man,2023,NY.GDP.MKTP.KD.ZG,-2.03524496955581
IMN,Isle of Man,2022,NY.GDP.MKTP.KD.ZG,-4.16847722466753
IMN,Isle of Man,2021,NY.GDP.MKTP.KD.ZG,3.83783632334639
IMN,Isle of Man,2020,NY.GDP.MKTP.KD.ZG,-8.83681697473475
IMN,Isle of Man,2019,NY.GDP.MKTP.KD.ZG,0.254877847398262
IMN,Isle of Man,2018,NY.GDP.MKTP.KD.ZG,2.2133975392251
IMN,Isle of Man,2017,NY.GDP.MKTP.KD.ZG,2.83775807093689
IMN,Isle of Man,2016,NY.GDP.MKTP.KD.ZG,6.95230284899407
IMN,Isle of Man,2015,NY.GDP.MKTP.KD.ZG,-0.385866882198087
IMN,Isle of Man,2014,NY.GDP.MKTP.KD.ZG,5.15509983748599
IMN,Isle of Man,2013,NY.GDP.MKTP.KD.ZG,4.14186158753493
IMN,Isle of Man,2012,NY.GDP.MKTP.KD.ZG,7.30389108511717
IMN,Isle of Man,2011,NY.GDP.MKTP.KD.ZG,1.99999938207415
IMN,Isle of Man,2010,NY.GDP.MKTP.KD.ZG,3.39999842395957
IMN,Isle of Man,2009,NY.GDP.MKTP.KD.ZG,2.10000027181374
IMN,Isle of Man,2008,NY.GDP.MKTP.KD.ZG,4.90000100081545
IMN,Isle of Man,2007,NY.GDP.MKTP.KD.ZG,7.50000022988817
IMN,Isle of Man,2006,NY.GDP.MKTP.KD.ZG,7.69999871253432
IMN,Isle of Man,2005,NY.GDP.MKTP.KD.ZG,5.89999933576675
ISR,Israel,2025,NY.GDP.MKTP.KD.ZG,2.93114966387968
ISR,Israel,2024,NY.GDP.MKTP.KD.ZG,0.953618469238535
ISR,Israel,2023,NY.GDP.MKTP.KD.ZG,2.06272504731618
ISR,Israel,2022,NY.GDP.MKTP.KD.ZG,6.36407234798706
ISR,Israel,2021,NY.GDP.MKTP.KD.ZG,9.33534690236249
ISR,Israel,2020,NY.GDP.MKTP.KD.ZG,-1.80206927953466
ISR,Israel,2019,NY.GDP.MKTP.KD.ZG,3.57898762923605
ISR,Israel,2018,NY.GDP.MKTP.KD.ZG,4.05349952888294
ISR,Israel,2017,NY.GDP.MKTP.KD.ZG,4.34394518932547
ISR,Israel,2016,NY.GDP.MKTP.KD.ZG,4.53601939236572
ISR,Israel,2015,NY.GDP.MKTP.KD.ZG,2.23599889603805
ISR,Israel,2014,NY.GDP.MKTP.KD.ZG,3.718144149431
ISR,Israel,2013,NY.GDP.MKTP.KD.ZG,4.09013743330735
ISR,Israel,2012,NY.GDP.MKTP.KD.ZG,2.40993765217618
ISR,Israel,2011,NY.GDP.MKTP.KD.ZG,5.51341969081251
ISR,Israel,2010,NY.GDP.MKTP.KD.ZG,5.54470607068944
ISR,Israel,2009,NY.GDP.MKTP.KD.ZG,1.22017480850096
ISR,Israel,2008,NY.GDP.MKTP.KD.ZG,3.2158134842205
ISR,Israel,2007,NY.GDP.MKTP.KD.ZG,6.31307137087018
ISR,Israel,2006,NY.GDP.MKTP.KD.ZG,5.59106550120008
ISR,Israel,2005,NY.GDP.MKTP.KD.ZG,4.35256427740218
ITA,Italy,2025,NY.GDP.MKTP.KD.ZG,0.539583636778445
ITA,Italy,2024,NY.GDP.MKTP.KD.ZG,0.783039135276795
ITA,Italy,2023,NY.GDP.MKTP.KD.ZG,0.922796543670316
ITA,Italy,2022,NY.GDP.MKTP.KD.ZG,4.82117669913565
ITA,Italy,2021,NY.GDP.MKTP.KD.ZG,8.93106210800055
ITA,Italy,2020,NY.GDP.MKTP.KD.ZG,-8.86822122185345
ITA,Italy,2019,NY.GDP.MKTP.KD.ZG,0.429162533780342
ITA,Italy,2018,NY.GDP.MKTP.KD.ZG,0.826646712344115
ITA,Italy,2017,NY.GDP.MKTP.KD.ZG,1.60369995294101
ITA,Italy,2016,NY.GDP.MKTP.KD.ZG,1.23622108511661
ITA,Italy,2015,NY.GDP.MKTP.KD.ZG,0.885667635240807
ITA,Italy,2014,NY.GDP.MKTP.KD.ZG,-0.00138761730454462
ITA,Italy,2013,NY.GDP.MKTP.KD.ZG,-1.81802510749792
ITA,Italy,2012,NY.GDP.MKTP.KD.ZG,-3.12523877282996
ITA,Italy,2011,NY.GDP.MKTP.KD.ZG,0.695463154440176
ITA,Italy,2010,NY.GDP.MKTP.KD.ZG,1.52910573247101
ITA,Italy,2009,NY.GDP.MKTP.KD.ZG,-5.30515401233991
ITA,Italy,2008,NY.GDP.MKTP.KD.ZG,-1.02313851177097
ITA,Italy,2007,NY.GDP.MKTP.KD.ZG,1.46229205289291
ITA,Italy,2006,NY.GDP.MKTP.KD.ZG,1.79947992234244
ITA,Italy,2005,NY.GDP.MKTP.KD.ZG,0.762410677306491
JAM,Jamaica,2025,NY.GDP.MKTP.KD.ZG,0.0816454877745656
JAM,Jamaica,2024,NY.GDP.MKTP.KD.ZG,-0.535039063867487
JAM,Jamaica,2023,NY.GDP.MKTP.KD.ZG,2.74634433906714
JAM,Jamaica,2022,NY.GDP.MKTP.KD.ZG,6.43930323656186
JAM,Jamaica,2021,NY.GDP.MKTP.KD.ZG,5.70467978309095
JAM,Jamaica,2020,NY.GDP.MKTP.KD.ZG,-8.30441923583135
JAM,Jamaica,2019,NY.GDP.MKTP.KD.ZG,1.80943147301357
JAM,Jamaica,2018,NY.GDP.MKTP.KD.ZG,2.51584458612513
JAM,Jamaica,2017,NY.GDP.MKTP.KD.ZG,2.29303371291363
JAM,Jamaica,2016,NY.GDP.MKTP.KD.ZG,2.76043761369557
JAM,Jamaica,2015,NY.GDP.MKTP.KD.ZG,0.92148712399856
JAM,Jamaica,2014,NY.GDP.MKTP.KD.ZG,0.689822359762587
JAM,Jamaica,2013,NY.GDP.MKTP.KD.ZG,0.517686011311724
JAM,Jamaica,2012,NY.GDP.MKTP.KD.ZG,-0.613636042132399
JAM,Jamaica,2011,NY.GDP.MKTP.KD.ZG,1.73037627006349
JAM,Jamaica,2010,NY.GDP.MKTP.KD.ZG,-1.45714720850386
JAM,Jamaica,2009,NY.GDP.MKTP.KD.ZG,-4.34530185828071
JAM,Jamaica,2008,NY.GDP.MKTP.KD.ZG,-0.811736702186792
JAM,Jamaica,2007,NY.GDP.MKTP.KD.ZG,1.43195403769627
JAM,Jamaica,2006,NY.GDP.MKTP.KD.ZG,2.89912534481287
JAM,Jamaica,2005,NY.GDP.MKTP.KD.ZG,0.893797935409893
JPN,Japan,2025,NY.GDP.MKTP.KD.ZG,1.19311288444599
JPN,Japan,2024,NY.GDP.MKTP.KD.ZG,-0.240084236041696
JPN,Japan,2023,NY.GDP.MKTP.KD.ZG,0.720785304749811
JPN,Japan,2022,NY.GDP.MKTP.KD.ZG,1.33164750653741
JPN,Japan,2021,NY.GDP.MKTP.KD.ZG,3.56419531474475
JPN,Japan,2020,NY.GDP.MKTP.KD.ZG,-4.28327942675573
JPN,Japan,2019,NY.GDP.MKTP.KD.ZG,-0.308496921143259
JPN,Japan,2018,NY.GDP.MKTP.KD.ZG,0.834143845965585
JPN,Japan,2017,NY.GDP.MKTP.KD.ZG,1.62345062245441
JPN,Japan,2016,NY.GDP.MKTP.KD.ZG,0.704986495111257
JPN,Japan,2015,NY.GDP.MKTP.KD.ZG,1.79997735783475
JPN,Japan,2014,NY.GDP.MKTP.KD.ZG,0.905915486065865
JPN,Japan,2013,NY.GDP.MKTP.KD.ZG,1.99727653399265
JPN,Japan,2012,NY.GDP.MKTP.KD.ZG,1.64893452981225
JPN,Japan,2011,NY.GDP.MKTP.KD.ZG,-0.20035785332982
JPN,Japan,2010,NY.GDP.MKTP.KD.ZG,4.13645589222239
JPN,Japan,2009,NY.GDP.MKTP.KD.ZG,-5.9359411383964
JPN,Japan,2008,NY.GDP.MKTP.KD.ZG,-1.16662209355141
JPN,Japan,2007,NY.GDP.MKTP.KD.ZG,1.72837912865577
JPN,Japan,2006,NY.GDP.MKTP.KD.ZG,1.54630843078741
JPN,Japan,2005,NY.GDP.MKTP.KD.ZG,1.8482813374834
JOR,Jordan,2025,NY.GDP.MKTP.KD.ZG,2.82660839845745
JOR,Jordan,2024,NY.GDP.MKTP.KD.ZG,2.55605891810194
JOR,Jordan,2023,NY.GDP.MKTP.KD.ZG,3.12900102017251
JOR,Jordan,2022,NY.GDP.MKTP.KD.ZG,2.7468615450031
JOR,Jordan,2021,NY.GDP.MKTP.KD.ZG,3.75201276755828
JOR,Jordan,2020,NY.GDP.MKTP.KD.ZG,-1.15257534158022
JOR,Jordan,2019,NY.GDP.MKTP.KD.ZG,1.85633006592765
JOR,Jordan,2018,NY.GDP.MKTP.KD.ZG,1.85383415616927
JOR,Jordan,2017,NY.GDP.MKTP.KD.ZG,2.50770398070352
JOR,Jordan,2016,NY.GDP.MKTP.KD.ZG,2.11166806967252
JOR,Jordan,2015,NY.GDP.MKTP.KD.ZG,2.52261671092148
JOR,Jordan,2014,NY.GDP.MKTP.KD.ZG,3.32287328047509
JOR,Jordan,2013,NY.GDP.MKTP.KD.ZG,2.72311205964112
JOR,Jordan,2012,NY.GDP.MKTP.KD.ZG,2.40465716535539
JOR,Jordan,2011,NY.GDP.MKTP.KD.ZG,2.90729315392207
JOR,Jordan,2010,NY.GDP.MKTP.KD.ZG,2.6377158262256
JOR,Jordan,2009,NY.GDP.MKTP.KD.ZG,5.11667226950634
JOR,Jordan,2008,NY.GDP.MKTP.KD.ZG,7.22038637280149
JOR,Jordan,2007,NY.GDP.MKTP.KD.ZG,8.17616995204655
JOR,Jordan,2006,NY.GDP.MKTP.KD.ZG,8.09297527811921
JOR,Jordan,2005,NY.GDP.MKTP.KD.ZG,8.1465948107994
KAZ,Kazakhstan,2025,NY.GDP.MKTP.KD.ZG,6.5
KAZ,Kazakhstan,2024,NY.GDP.MKTP.KD.ZG,4.99999999996936
KAZ,Kazakhstan,2023,NY.GDP.MKTP.KD.ZG,5.09999999973641
KAZ,Kazakhstan,2022,NY.GDP.MKTP.KD.ZG,3.19999999970734
KAZ,Kazakhstan,2021,NY.GDP.MKTP.KD.ZG,4.29999999729456
KAZ,Kazakhstan,2020,NY.GDP.MKTP.KD.ZG,-2.49999999628
KAZ,Kazakhstan,2019,NY.GDP.MKTP.KD.ZG,4.50000000091883
KAZ,Kazakhstan,2018,NY.GDP.MKTP.KD.ZG,4.09999999309841
KAZ,Kazakhstan,2017,NY.GDP.MKTP.KD.ZG,4.10000000257358
KAZ,Kazakhstan,2016,NY.GDP.MKTP.KD.ZG,1.09999999910173
KAZ,Kazakhstan,2015,NY.GDP.MKTP.KD.ZG,1.20000000053288
KAZ,Kazakhstan,2014,NY.GDP.MKTP.KD.ZG,4.20000000566705
KAZ,Kazakhstan,2013,NY.GDP.MKTP.KD.ZG,5.99999999671084
KAZ,Kazakhstan,2012,NY.GDP.MKTP.KD.ZG,4.79999999528297
KAZ,Kazakhstan,2011,NY.GDP.MKTP.KD.ZG,7.40000000144188
KAZ,Kazakhstan,2010,NY.GDP.MKTP.KD.ZG,7.30000000329814
KAZ,Kazakhstan,2009,NY.GDP.MKTP.KD.ZG,1.19999999942873
KAZ,Kazakhstan,2008,NY.GDP.MKTP.KD.ZG,3.30000000021091
KAZ,Kazakhstan,2007,NY.GDP.MKTP.KD.ZG,8.89999999999405
KAZ,Kazakhstan,2006,NY.GDP.MKTP.KD.ZG,10.7
KAZ,Kazakhstan,2005,NY.GDP.MKTP.KD.ZG,9.69999999922682
KEN,Kenya,2025,NY.GDP.MKTP.KD.ZG,4.63261093844984
KEN,Kenya,2024,NY.GDP.MKTP.KD.ZG,4.66019594571891
KEN,Kenya,2023,NY.GDP.MKTP.KD.ZG,5.71999241214208
KEN,Kenya,2022,NY.GDP.MKTP.KD.ZG,4.85998104287999
KEN,Kenya,2021,NY.GDP.MKTP.KD.ZG,7.59048947333467
KEN,Kenya,2020,NY.GDP.MKTP.KD.ZG,-0.272766327438816
KEN,Kenya,2019,NY.GDP.MKTP.KD.ZG,5.11415885767801
KEN,Kenya,2018,NY.GDP.MKTP.KD.ZG,5.64794640709219
KEN,Kenya,2017,NY.GDP.MKTP.KD.ZG,3.83795817364721
KEN,Kenya,2016,NY.GDP.MKTP.KD.ZG,4.21351706814744
KEN,Kenya,2015,NY.GDP.MKTP.KD.ZG,4.96772112759767
KEN,Kenya,2014,NY.GDP.MKTP.KD.ZG,5.02011100232484
KEN,Kenya,2013,NY.GDP.MKTP.KD.ZG,3.7978483925754
KEN,Kenya,2012,NY.GDP.MKTP.KD.ZG,4.56867961444982
KEN,Kenya,2011,NY.GDP.MKTP.KD.ZG,5.1211061197056
KEN,Kenya,2010,NY.GDP.MKTP.KD.ZG,8.05847360290906
KEN,Kenya,2009,NY.GDP.MKTP.KD.ZG,3.30693981631089
KEN,Kenya,2008,NY.GDP.MKTP.KD.ZG,0.232282744812977
KEN,Kenya,2007,NY.GDP.MKTP.KD.ZG,6.85072976998784
KEN,Kenya,2006,NY.GDP.MKTP.KD.ZG,6.47249430015484
KEN,Kenya,2005,NY.GDP.MKTP.KD.ZG,5.90666607980057
KIR,Kiribati,2025,NY.GDP.MKTP.KD.ZG,4.22163588390501
KIR,Kiribati,2024,NY.GDP.MKTP.KD.ZG,4.69613259668509
KIR,Kiribati,2023,NY.GDP.MKTP.KD.ZG,3.13390313390313
KIR,Kiribati,2022,NY.GDP.MKTP.KD.ZG,5.08982035928143
KIR,Kiribati,2021,NY.GDP.MKTP.KD.ZG,8.44155844155846
KIR,Kiribati,2020,NY.GDP.MKTP.KD.ZG,-1.28205128205127
KIR,Kiribati,2019,NY.GDP.MKTP.KD.ZG,3.31125827814569
KIR,Kiribati,2018,NY.GDP.MKTP.KD.ZG,3.42465753424656
KIR,Kiribati,2017,NY.GDP.MKTP.KD.ZG,3.71200171622053
KIR,Kiribati,2016,NY.GDP.MKTP.KD.ZG,7.08803465778669
KIR,Kiribati,2015,NY.GDP.MKTP.KD.ZG,11.2653209431294
KIR,Kiribati,2014,NY.GDP.MKTP.KD.ZG,1.26366268044595
KIR,Kiribati,2013,NY.GDP.MKTP.KD.ZG,7.73092188699647
KIR,Kiribati,2012,NY.GDP.MKTP.KD.ZG,5.80365974645258
KIR,Kiribati,2011,NY.GDP.MKTP.KD.ZG,3.26372719532225
KIR,Kiribati,2010,NY.GDP.MKTP.KD.ZG,1.2259519892488
KIR,Kiribati,2009,NY.GDP.MKTP.KD.ZG,0.536801194648319
KIR,Kiribati,2008,NY.GDP.MKTP.KD.ZG,-2.98473121631831
KIR,Kiribati,2007,NY.GDP.MKTP.KD.ZG,3.05507981566669
KIR,Kiribati,2006,NY.GDP.MKTP.KD.ZG,5.77693449836185
KIR,Kiribati,2005,NY.GDP.MKTP.KD.ZG,1.29243029465849
KOR,"Korea, Rep.",2025,NY.GDP.MKTP.KD.ZG,1.00701840291242
KOR,"Korea, Rep.",2024,NY.GDP.MKTP.KD.ZG,2.00361101838986
KOR,"Korea, Rep.",2023,NY.GDP.MKTP.KD.ZG,1.58301467403629
KOR,"Korea, Rep.",2022,NY.GDP.MKTP.KD.ZG,2.72756456708991
KOR,"Korea, Rep.",2021,NY.GDP.MKTP.KD.ZG,4.61296795454287
KOR,"Korea, Rep.",2020,NY.GDP.MKTP.KD.ZG,-0.700242317542106
KOR,"Korea, Rep.",2019,NY.GDP.MKTP.KD.ZG,2.31380210595475
KOR,"Korea, Rep.",2018,NY.GDP.MKTP.KD.ZG,3.17611568177327
KOR,"Korea, Rep.",2017,NY.GDP.MKTP.KD.ZG,3.433191763972
KOR,"Korea, Rep.",2016,NY.GDP.MKTP.KD.ZG,3.17152748983935
KOR,"Korea, Rep.",2015,NY.GDP.MKTP.KD.ZG,2.92029267301234
KOR,"Korea, Rep.",2014,NY.GDP.MKTP.KD.ZG,3.21468019683108
KOR,"Korea, Rep.",2013,NY.GDP.MKTP.KD.ZG,3.2913959543442
KOR,"Korea, Rep.",2012,NY.GDP.MKTP.KD.ZG,2.54766550568242
KOR,"Korea, Rep.",2011,NY.GDP.MKTP.KD.ZG,3.6880320602952
KOR,"Korea, Rep.",2010,NY.GDP.MKTP.KD.ZG,6.98166138853071
KOR,"Korea, Rep.",2009,NY.GDP.MKTP.KD.ZG,0.81986175641795
KOR,"Korea, Rep.",2008,NY.GDP.MKTP.KD.ZG,3.00440451679569
KOR,"Korea, Rep.",2007,NY.GDP.MKTP.KD.ZG,5.8419633918717
KOR,"Korea, Rep.",2006,NY.GDP.MKTP.KD.ZG,5.24500550580342
KOR,"Korea, Rep.",2005,NY.GDP.MKTP.KD.ZG,4.35823667337156
XKX,Kosovo,2025,NY.GDP.MKTP.KD.ZG,3.59217142544483
XKX,Kosovo,2024,NY.GDP.MKTP.KD.ZG,4.5730971681166
XKX,Kosovo,2023,NY.GDP.MKTP.KD.ZG,4.06762701436438
XKX,Kosovo,2022,NY.GDP.MKTP.KD.ZG,4.27849895827543
XKX,Kosovo,2021,NY.GDP.MKTP.KD.ZG,10.7456560819583
XKX,Kosovo,2020,NY.GDP.MKTP.KD.ZG,-5.34027547826166
XKX,Kosovo,2019,NY.GDP.MKTP.KD.ZG,4.75680057007834
XKX,Kosovo,2018,NY.GDP.MKTP.KD.ZG,3.40663227056285
XKX,Kosovo,2017,NY.GDP.MKTP.KD.ZG,4.82565565298054
XKX,Kosovo,2016,NY.GDP.MKTP.KD.ZG,5.57177504731632
XKX,Kosovo,2015,NY.GDP.MKTP.KD.ZG,5.91623128345211
XKX,Kosovo,2014,NY.GDP.MKTP.KD.ZG,3.34880478431623
XKX,Kosovo,2013,NY.GDP.MKTP.KD.ZG,5.34079911900278
XKX,Kosovo,2012,NY.GDP.MKTP.KD.ZG,1.71219595890548
XKX,Kosovo,2011,NY.GDP.MKTP.KD.ZG,6.31981022896761
XKX,Kosovo,2010,NY.GDP.MKTP.KD.ZG,4.93995095961395
XKX,Kosovo,2009,NY.GDP.MKTP.KD.ZG,5.03485413839893
KWT,Kuwait,2025,NY.GDP.MKTP.KD.ZG,2.731825804492
KWT,Kuwait,2024,NY.GDP.MKTP.KD.ZG,-1.47401818168846
KWT,Kuwait,2023,NY.GDP.MKTP.KD.ZG,-1.64087799968877
KWT,Kuwait,2022,NY.GDP.MKTP.KD.ZG,6.75866711966617
KWT,Kuwait,2021,NY.GDP.MKTP.KD.ZG,1.67213054307859
KWT,Kuwait,2020,NY.GDP.MKTP.KD.ZG,-4.81731593381585
KWT,Kuwait,2019,NY.GDP.MKTP.KD.ZG,2.26381706595791
KWT,Kuwait,2018,NY.GDP.MKTP.KD.ZG,2.74333045031415
KWT,Kuwait,2017,NY.GDP.MKTP.KD.ZG,-4.71222270495362
KWT,Kuwait,2016,NY.GDP.MKTP.KD.ZG,2.92607584256388
KWT,Kuwait,2015,NY.GDP.MKTP.KD.ZG,0.592770817217982
KWT,Kuwait,2014,NY.GDP.MKTP.KD.ZG,0.500914669444924
KWT,Kuwait,2013,NY.GDP.MKTP.KD.ZG,1.14946552780648
KWT,Kuwait,2012,NY.GDP.MKTP.KD.ZG,6.62587485078971
KWT,Kuwait,2011,NY.GDP.MKTP.KD.ZG,9.62863419534361
KWT,Kuwait,2010,NY.GDP.MKTP.KD.ZG,-2.37054804425912
KWT,Kuwait,2009,NY.GDP.MKTP.KD.ZG,-7.07605643073411
KWT,Kuwait,2008,NY.GDP.MKTP.KD.ZG,2.47975694278544
KWT,Kuwait,2007,NY.GDP.MKTP.KD.ZG,5.99157551059315
KWT,Kuwait,2006,NY.GDP.MKTP.KD.ZG,7.51477300024021
KWT,Kuwait,2005,NY.GDP.MKTP.KD.ZG,10.6090449840228
KGZ,Kyrgyz Republic,2025,NY.GDP.MKTP.KD.ZG,11.0960203357132
KGZ,Kyrgyz Republic,2024,NY.GDP.MKTP.KD.ZG,11.5397119406559
KGZ,Kyrgyz Republic,2023,NY.GDP.MKTP.KD.ZG,9.0132928339342
KGZ,Kyrgyz Republic,2022,NY.GDP.MKTP.KD.ZG,8.96750520041391
KGZ,Kyrgyz Republic,2021,NY.GDP.MKTP.KD.ZG,5.50700762671923
KGZ,Kyrgyz Republic,2020,NY.GDP.MKTP.KD.ZG,-7.14897757727955
KGZ,Kyrgyz Republic,2019,NY.GDP.MKTP.KD.ZG,4.60062565707598
KGZ,Kyrgyz Republic,2018,NY.GDP.MKTP.KD.ZG,3.75791013557165
KGZ,Kyrgyz Republic,2017,NY.GDP.MKTP.KD.ZG,4.73993722377884
KGZ,Kyrgyz Republic,2016,NY.GDP.MKTP.KD.ZG,4.33585592190116
KGZ,Kyrgyz Republic,2015,NY.GDP.MKTP.KD.ZG,3.87582544512439
KGZ,Kyrgyz Republic,2014,NY.GDP.MKTP.KD.ZG,4.02403863083252
KGZ,Kyrgyz Republic,2013,NY.GDP.MKTP.KD.ZG,10.9154694528045
KGZ,Kyrgyz Republic,2012,NY.GDP.MKTP.KD.ZG,-0.0881501998439376
KGZ,Kyrgyz Republic,2011,NY.GDP.MKTP.KD.ZG,5.95627429693504
KGZ,Kyrgyz Republic,2010,NY.GDP.MKTP.KD.ZG,-0.471566596791618
KGZ,Kyrgyz Republic,2009,NY.GDP.MKTP.KD.ZG,2.88629457537731
KGZ,Kyrgyz Republic,2008,NY.GDP.MKTP.KD.ZG,8.40161604861429
KGZ,Kyrgyz Republic,2007,NY.GDP.MKTP.KD.ZG,8.54287477507607
KGZ,Kyrgyz Republic,2006,NY.GDP.MKTP.KD.ZG,3.10289874199981
KGZ,Kyrgyz Republic,2005,NY.GDP.MKTP.KD.ZG,-0.175515404044219
LAO,Lao PDR,2025,NY.GDP.MKTP.KD.ZG,4.53760564766725
LAO,Lao PDR,2024,NY.GDP.MKTP.KD.ZG,4.13019264438475
LAO,Lao PDR,2023,NY.GDP.MKTP.KD.ZG,3.74568140158232
LAO,Lao PDR,2022,NY.GDP.MKTP.KD.ZG,2.70742652643155
LAO,Lao PDR,2021,NY.GDP.MKTP.KD.ZG,2.52835100486102
LAO,Lao PDR,2020,NY.GDP.MKTP.KD.ZG,0.503031829018681
LAO,Lao PDR,2019,NY.GDP.MKTP.KD.ZG,5.4577350924848
LAO,Lao PDR,2018,NY.GDP.MKTP.KD.ZG,6.24796000755872
LAO,Lao PDR,2017,NY.GDP.MKTP.KD.ZG,6.8925308726989
LAO,Lao PDR,2016,NY.GDP.MKTP.KD.ZG,7.02283625501138
LAO,Lao PDR,2015,NY.GDP.MKTP.KD.ZG,7.27006584373785
LAO,Lao PDR,2014,NY.GDP.MKTP.KD.ZG,7.61196343979319
LAO,Lao PDR,2013,NY.GDP.MKTP.KD.ZG,8.02630022699017
LAO,Lao PDR,2012,NY.GDP.MKTP.KD.ZG,8.02609843461283
LAO,Lao PDR,2011,NY.GDP.MKTP.KD.ZG,8.03865268023725
LAO,Lao PDR,2010,NY.GDP.MKTP.KD.ZG,8.52690551739717
LAO,Lao PDR,2009,NY.GDP.MKTP.KD.ZG,7.50177491225853
LAO,Lao PDR,2008,NY.GDP.MKTP.KD.ZG,7.82490276337012
LAO,Lao PDR,2007,NY.GDP.MKTP.KD.ZG,7.59682880054878
LAO,Lao PDR,2006,NY.GDP.MKTP.KD.ZG,8.61926620832807
LAO,Lao PDR,2005,NY.GDP.MKTP.KD.ZG,7.10756836811267
LVA,Latvia,2025,NY.GDP.MKTP.KD.ZG,2.13786855731288
LVA,Latvia,2024,NY.GDP.MKTP.KD.ZG,-0.0370556648288982
LVA,Latvia,2023,NY.GDP.MKTP.KD.ZG,-0.941606068823631
LVA,Latvia,2022,NY.GDP.MKTP.KD.ZG,1.90853419029801
LVA,Latvia,2021,NY.GDP.MKTP.KD.ZG,6.94254173062592
LVA,Latvia,2020,NY.GDP.MKTP.KD.ZG,-3.46922750780554
LVA,Latvia,2019,NY.GDP.MKTP.KD.ZG,0.675372771884227
LVA,Latvia,2018,NY.GDP.MKTP.KD.ZG,4.30971286294503
LVA,Latvia,2017,NY.GDP.MKTP.KD.ZG,3.39894872623931
LVA,Latvia,2016,NY.GDP.MKTP.KD.ZG,2.55168601974034
LVA,Latvia,2015,NY.GDP.MKTP.KD.ZG,3.78336712084972
LVA,Latvia,2014,NY.GDP.MKTP.KD.ZG,2.0949597710559
LVA,Latvia,2013,NY.GDP.MKTP.KD.ZG,2.09609028156248
LVA,Latvia,2012,NY.GDP.MKTP.KD.ZG,7.30524057200897
LVA,Latvia,2011,NY.GDP.MKTP.KD.ZG,3.03634482668815
LVA,Latvia,2010,NY.GDP.MKTP.KD.ZG,-3.66125859554762
LVA,Latvia,2009,NY.GDP.MKTP.KD.ZG,-16.0400195313042
LVA,Latvia,2008,NY.GDP.MKTP.KD.ZG,-3.38871665849958
LVA,Latvia,2007,NY.GDP.MKTP.KD.ZG,10.4145372792714
LVA,Latvia,2006,NY.GDP.MKTP.KD.ZG,12.825017846905
LVA,Latvia,2005,NY.GDP.MKTP.KD.ZG,11.6153178557457
LBN,Lebanon,2024,NY.GDP.MKTP.KD.ZG,-7.07989192861814
LBN,Lebanon,2023,NY.GDP.MKTP.KD.ZG,-0.760584470257314
LBN,Lebanon,2022,NY.GDP.MKTP.KD.ZG,-0.621678970663112
LBN,Lebanon,2021,NY.GDP.MKTP.KD.ZG,-7.00123862514116
LBN,Lebanon,2020,NY.GDP.MKTP.KD.ZG,-21.3998996914321
LBN,Lebanon,2019,NY.GDP.MKTP.KD.ZG,-6.91492472851026
LBN,Lebanon,2018,NY.GDP.MKTP.KD.ZG,-1.88470575631651
LBN,Lebanon,2017,NY.GDP.MKTP.KD.ZG,0.903028464073813
LBN,Lebanon,2016,NY.GDP.MKTP.KD.ZG,1.55454940856943
LBN,Lebanon,2015,NY.GDP.MKTP.KD.ZG,0.462320792597581
LBN,Lebanon,2014,NY.GDP.MKTP.KD.ZG,2.48406010500743
LBN,Lebanon,2013,NY.GDP.MKTP.KD.ZG,3.8278734986016
LBN,Lebanon,2012,NY.GDP.MKTP.KD.ZG,2.56479133680038
LBN,Lebanon,2011,NY.GDP.MKTP.KD.ZG,0.86733987855277
LBN,Lebanon,2010,NY.GDP.MKTP.KD.ZG,7.97513555844932
LBN,Lebanon,2009,NY.GDP.MKTP.KD.ZG,10.232155577776
LBN,Lebanon,2008,NY.GDP.MKTP.KD.ZG,9.06912826789082
LBN,Lebanon,2007,NY.GDP.MKTP.KD.ZG,9.31062252641144
LBN,Lebanon,2006,NY.GDP.MKTP.KD.ZG,1.54951500083213
LBN,Lebanon,2005,NY.GDP.MKTP.KD.ZG,2.68577931016345
LSO,Lesotho,2025,NY.GDP.MKTP.KD.ZG,1.98256080770996
LSO,Lesotho,2024,NY.GDP.MKTP.KD.ZG,5.22503380336101
LSO,Lesotho,2023,NY.GDP.MKTP.KD.ZG,1.69433177608774
LSO,Lesotho,2022,NY.GDP.MKTP.KD.ZG,2.38778020186284
LSO,Lesotho,2021,NY.GDP.MKTP.KD.ZG,2.26670961833291
LSO,Lesotho,2020,NY.GDP.MKTP.KD.ZG,-8.15595785459911
LSO,Lesotho,2019,NY.GDP.MKTP.KD.ZG,-1.41799383085205
LSO,Lesotho,2018,NY.GDP.MKTP.KD.ZG,-1.48063315848241
LSO,Lesotho,2017,NY.GDP.MKTP.KD.ZG,-3.13817493733471
LSO,Lesotho,2016,NY.GDP.MKTP.KD.ZG,3.60890731687714
LSO,Lesotho,2015,NY.GDP.MKTP.KD.ZG,3.12406678044546
LSO,Lesotho,2014,NY.GDP.MKTP.KD.ZG,1.71054990545476
LSO,Lesotho,2013,NY.GDP.MKTP.KD.ZG,1.79252555575545
LSO,Lesotho,2012,NY.GDP.MKTP.KD.ZG,6.33408374679448
LSO,Lesotho,2011,NY.GDP.MKTP.KD.ZG,4.61641394528752
LSO,Lesotho,2010,NY.GDP.MKTP.KD.ZG,5.26967078056286
LSO,Lesotho,2009,NY.GDP.MKTP.KD.ZG,-1.25375779920832
LSO,Lesotho,2008,NY.GDP.MKTP.KD.ZG,5.52341966978646
LSO,Lesotho,2007,NY.GDP.MKTP.KD.ZG,4.18791409957151
LSO,Lesotho,2006,NY.GDP.MKTP.KD.ZG,4.23009522805209
LSO,Lesotho,2005,NY.GDP.MKTP.KD.ZG,3.46612222755311
LBR,Liberia,2025,NY.GDP.MKTP.KD.ZG,5.01656107992214
LBR,Liberia,2024,NY.GDP.MKTP.KD.ZG,4.02185464964835
LBR,Liberia,2023,NY.GDP.MKTP.KD.ZG,4.68375688761311
LBR,Liberia,2022,NY.GDP.MKTP.KD.ZG,4.80810517290655
LBR,Liberia,2021,NY.GDP.MKTP.KD.ZG,4.98671283481617
LBR,Liberia,2020,NY.GDP.MKTP.KD.ZG,-2.98249127649473
LBR,Liberia,2019,NY.GDP.MKTP.KD.ZG,-2.46729763532686
LBR,Liberia,2018,NY.GDP.MKTP.KD.ZG,1.15757512207355
LBR,Liberia,2017,NY.GDP.MKTP.KD.ZG,2.45515592012239
LBR,Liberia,2016,NY.GDP.MKTP.KD.ZG,-1.5549586174878
LBR,Liberia,2015,NY.GDP.MKTP.KD.ZG,-0.0185649695590939
LBR,Liberia,2014,NY.GDP.MKTP.KD.ZG,0.701393100287518
LBR,Liberia,2013,NY.GDP.MKTP.KD.ZG,8.68728781639683
LBR,Liberia,2012,NY.GDP.MKTP.KD.ZG,7.99381444555367
LBR,Liberia,2011,NY.GDP.MKTP.KD.ZG,8.20076822497064
LBR,Liberia,2010,NY.GDP.MKTP.KD.ZG,6.09982524004147
LBR,Liberia,2009,NY.GDP.MKTP.KD.ZG,5.30054050291531
LBR,Liberia,2008,NY.GDP.MKTP.KD.ZG,7.14569112811476
LBR,Liberia,2007,NY.GDP.MKTP.KD.ZG,9.53527536282282
LBR,Liberia,2006,NY.GDP.MKTP.KD.ZG,8.04390997190059
LBR,Liberia,2005,NY.GDP.MKTP.KD.ZG,5.28121245309295
LBY,Libya,2025,NY.GDP.MKTP.KD.ZG,13.3717080516958
LBY,Libya,2024,NY.GDP.MKTP.KD.ZG,1.89995052025442
LBY,Libya,2023,NY.GDP.MKTP.KD.ZG,10.2000497852517
LBY,Libya,2022,NY.GDP.MKTP.KD.ZG,-8.29981811198795
LBY,Libya,2021,NY.GDP.MKTP.KD.ZG,28.2996823429147
LBY,Libya,2020,NY.GDP.MKTP.KD.ZG,-29.4552967282824
LBY,Libya,2019,NY.GDP.MKTP.KD.ZG,-11.1960828853386
LBY,Libya,2018,NY.GDP.MKTP.KD.ZG,7.9413678529104
LBY,Libya,2017,NY.GDP.MKTP.KD.ZG,32.4918021862688
LBY,Libya,2016,NY.GDP.MKTP.KD.ZG,-1.4909411172622
LBY,Libya,2015,NY.GDP.MKTP.KD.ZG,-0.842656252118843
LBY,Libya,2014,NY.GDP.MKTP.KD.ZG,-23.0428058282215
LBY,Libya,2013,NY.GDP.MKTP.KD.ZG,-17.9979615745681
LBY,Libya,2012,NY.GDP.MKTP.KD.ZG,86.8267484395784
LBY,Libya,2011,NY.GDP.MKTP.KD.ZG,-50.3385151384986
LBY,Libya,2010,NY.GDP.MKTP.KD.ZG,5.0272476723775
LBY,Libya,2009,NY.GDP.MKTP.KD.ZG,-4.4001817631021
LBY,Libya,2008,NY.GDP.MKTP.KD.ZG,-0.162048238799883
LBY,Libya,2007,NY.GDP.MKTP.KD.ZG,6.22998278561838
LBY,Libya,2006,NY.GDP.MKTP.KD.ZG,6.50052541959279
LBY,Libya,2005,NY.GDP.MKTP.KD.ZG,11.8707565226151
LIE,Liechtenstein,2009,NY.GDP.MKTP.KD.ZG,-1.15748291975636
LIE,Liechtenstein,2008,NY.GDP.MKTP.KD.ZG,1.79808847836411
LIE,Liechtenstein,2007,NY.GDP.MKTP.KD.ZG,3.325963509369
LIE,Liechtenstein,2006,NY.GDP.MKTP.KD.ZG,8.64496857267281
LIE,Liechtenstein,2005,NY.GDP.MKTP.KD.ZG,4.82807677743524
LTU,Lithuania,2025,NY.GDP.MKTP.KD.ZG,2.92007656461696
LTU,Lithuania,2024,NY.GDP.MKTP.KD.ZG,3.03019543767596
LTU,Lithuania,2023,NY.GDP.MKTP.KD.ZG,0.739537398185803
LTU,Lithuania,2022,NY.GDP.MKTP.KD.ZG,2.46532013155011
LTU,Lithuania,2021,NY.GDP.MKTP.KD.ZG,6.39481772930206
LTU,Lithuania,2020,NY.GDP.MKTP.KD.ZG,0.0428158336981426
LTU,Lithuania,2019,NY.GDP.MKTP.KD.ZG,4.67735183530451
LTU,Lithuania,2018,NY.GDP.MKTP.KD.ZG,4.91836780106811
LTU,Lithuania,2017,NY.GDP.MKTP.KD.ZG,4.61224310312809
LTU,Lithuania,2016,NY.GDP.MKTP.KD.ZG,2.67192215053329
LTU,Lithuania,2015,NY.GDP.MKTP.KD.ZG,2.83280643343234
LTU,Lithuania,2014,NY.GDP.MKTP.KD.ZG,3.7725437958099
LTU,Lithuania,2013,NY.GDP.MKTP.KD.ZG,4.04691318575325
LTU,Lithuania,2012,NY.GDP.MKTP.KD.ZG,4.38290584355157
LTU,Lithuania,2011,NY.GDP.MKTP.KD.ZG,6.32363664821298
LTU,Lithuania,2010,NY.GDP.MKTP.KD.ZG,0.427199566550769
LTU,Lithuania,2009,NY.GDP.MKTP.KD.ZG,-14.8386117894848
LTU,Lithuania,2008,NY.GDP.MKTP.KD.ZG,2.59946154605602
LTU,Lithuania,2007,NY.GDP.MKTP.KD.ZG,11.0779282578673
LTU,Lithuania,2006,NY.GDP.MKTP.KD.ZG,7.39548122468629
LTU,Lithuania,2005,NY.GDP.MKTP.KD.ZG,7.7314467577492
LUX,Luxembourg,2025,NY.GDP.MKTP.KD.ZG,0.63787818818335
LUX,Luxembourg,2024,NY.GDP.MKTP.KD.ZG,0.358614003982225
LUX,Luxembourg,2023,NY.GDP.MKTP.KD.ZG,0.0994370594039111
LUX,Luxembourg,2022,NY.GDP.MKTP.KD.ZG,-1.09741256293819
LUX,Luxembourg,2021,NY.GDP.MKTP.KD.ZG,6.92973270801744
LUX,Luxembourg,2020,NY.GDP.MKTP.KD.ZG,-0.510051634039826
LUX,Luxembourg,2019,NY.GDP.MKTP.KD.ZG,2.74932091920692
LUX,Luxembourg,2018,NY.GDP.MKTP.KD.ZG,1.61129891211624
LUX,Luxembourg,2017,NY.GDP.MKTP.KD.ZG,1.31711942298405
LUX,Luxembourg,2016,NY.GDP.MKTP.KD.ZG,4.97819047122638
LUX,Luxembourg,2015,NY.GDP.MKTP.KD.ZG,2.26836572735107
LUX,Luxembourg,2014,NY.GDP.MKTP.KD.ZG,2.62308838097542
LUX,Luxembourg,2013,NY.GDP.MKTP.KD.ZG,3.17168513780955
LUX,Luxembourg,2012,NY.GDP.MKTP.KD.ZG,1.64971134354685
LUX,Luxembourg,2011,NY.GDP.MKTP.KD.ZG,1.0442860057217
LUX,Luxembourg,2010,NY.GDP.MKTP.KD.ZG,3.76040578658925
LUX,Luxembourg,2009,NY.GDP.MKTP.KD.ZG,-3.23895268839308
LUX,Luxembourg,2008,NY.GDP.MKTP.KD.ZG,-0.302272983306707
LUX,Luxembourg,2007,NY.GDP.MKTP.KD.ZG,8.09852098069817
LUX,Luxembourg,2006,NY.GDP.MKTP.KD.ZG,6.01662739677904
LUX,Luxembourg,2005,NY.GDP.MKTP.KD.ZG,2.48250499371829
MAC,"Macao SAR, China",2025,NY.GDP.MKTP.KD.ZG,4.67106705680436
MAC,"Macao SAR, China",2024,NY.GDP.MKTP.KD.ZG,7.84960207010525
MAC,"Macao SAR, China",2023,NY.GDP.MKTP.KD.ZG,75.3084184293413
MAC,"Macao SAR, China",2022,NY.GDP.MKTP.KD.ZG,-18.956941494497
MAC,"Macao SAR, China",2021,NY.GDP.MKTP.KD.ZG,22.4622020023362
MAC,"Macao SAR, China",2020,NY.GDP.MKTP.KD.ZG,-54.4020925789353
MAC,"Macao SAR, China",2019,NY.GDP.MKTP.KD.ZG,-2.4609094006739
MAC,"Macao SAR, China",2018,NY.GDP.MKTP.KD.ZG,6.35917030567686
MAC,"Macao SAR, China",2017,NY.GDP.MKTP.KD.ZG,9.91855844513513
MAC,"Macao SAR, China",2016,NY.GDP.MKTP.KD.ZG,-0.701510212552961
MAC,"Macao SAR, China",2015,NY.GDP.MKTP.KD.ZG,-21.7540078753246
MAC,"Macao SAR, China",2014,NY.GDP.MKTP.KD.ZG,-2.03874227961819
MAC,"Macao SAR, China",2013,NY.GDP.MKTP.KD.ZG,10.7816711590297
MAC,"Macao SAR, China",2012,NY.GDP.MKTP.KD.ZG,9.21747479596735
MAC,"Macao SAR, China",2011,NY.GDP.MKTP.KD.ZG,21.6223064381087
MAC,"Macao SAR, China",2010,NY.GDP.MKTP.KD.ZG,25.1031075246958
MAC,"Macao SAR, China",2009,NY.GDP.MKTP.KD.ZG,1.29837946885112
MAC,"Macao SAR, China",2008,NY.GDP.MKTP.KD.ZG,3.39251560752048
MAC,"Macao SAR, China",2007,NY.GDP.MKTP.KD.ZG,14.4817728129028
MAC,"Macao SAR, China",2006,NY.GDP.MKTP.KD.ZG,13.3921711919351
MAC,"Macao SAR, China",2005,NY.GDP.MKTP.KD.ZG,8.07794929953978
MDG,Madagascar,2025,NY.GDP.MKTP.KD.ZG,3.002568866856
MDG,Madagascar,2024,NY.GDP.MKTP.KD.ZG,4.32283728087992
MDG,Madagascar,2023,NY.GDP.MKTP.KD.ZG,4.23086580696344
MDG,Madagascar,2022,NY.GDP.MKTP.KD.ZG,4.13753534956307
MDG,Madagascar,2021,NY.GDP.MKTP.KD.ZG,4.65068343174309
MDG,Madagascar,2020,NY.GDP.MKTP.KD.ZG,-7.13767162064489
MDG,Madagascar,2019,NY.GDP.MKTP.KD.ZG,4.41123212909589
MDG,Madagascar,2018,NY.GDP.MKTP.KD.ZG,3.19435651744398
MDG,Madagascar,2017,NY.GDP.MKTP.KD.ZG,3.93330759462793
MDG,Madagascar,2016,NY.GDP.MKTP.KD.ZG,3.99314606199499
MDG,Madagascar,2015,NY.GDP.MKTP.KD.ZG,3.13229807490305
MDG,Madagascar,2014,NY.GDP.MKTP.KD.ZG,3.33920311195367
MDG,Madagascar,2013,NY.GDP.MKTP.KD.ZG,2.30037622800727
MDG,Madagascar,2012,NY.GDP.MKTP.KD.ZG,3.01114811621208
MDG,Madagascar,2011,NY.GDP.MKTP.KD.ZG,1.57842705366555
MDG,Madagascar,2010,NY.GDP.MKTP.KD.ZG,0.619239744622121
MDG,Madagascar,2009,NY.GDP.MKTP.KD.ZG,-3.9787086116544
MDG,Madagascar,2008,NY.GDP.MKTP.KD.ZG,6.71263253913001
MDG,Madagascar,2007,NY.GDP.MKTP.KD.ZG,5.71056419885052
MDG,Madagascar,2006,NY.GDP.MKTP.KD.ZG,5.3985084485368
MDG,Madagascar,2005,NY.GDP.MKTP.KD.ZG,4.75584509499119
MWI,Malawi,2025,NY.GDP.MKTP.KD.ZG,1.88518707821663
MWI,Malawi,2024,NY.GDP.MKTP.KD.ZG,1.6734340852915
MWI,Malawi,2023,NY.GDP.MKTP.KD.ZG,1.94575281675984
MWI,Malawi,2022,NY.GDP.MKTP.KD.ZG,0.921115069005936
MWI,Malawi,2021,NY.GDP.MKTP.KD.ZG,4.55829212016083
MWI,Malawi,2020,NY.GDP.MKTP.KD.ZG,0.793596429787286
MWI,Malawi,2019,NY.GDP.MKTP.KD.ZG,5.71682519194337
MWI,Malawi,2018,NY.GDP.MKTP.KD.ZG,4.35356471619211
MWI,Malawi,2017,NY.GDP.MKTP.KD.ZG,4.00000000089172
MWI,Malawi,2016,NY.GDP.MKTP.KD.ZG,2.49999999914311
MWI,Malawi,2015,NY.GDP.MKTP.KD.ZG,2.80000000003355
MWI,Malawi,2014,NY.GDP.MKTP.KD.ZG,5.62527000105139
MWI,Malawi,2013,NY.GDP.MKTP.KD.ZG,5.41034999817167
MWI,Malawi,2012,NY.GDP.MKTP.KD.ZG,1.90000000072909
MWI,Malawi,2011,NY.GDP.MKTP.KD.ZG,4.93266999813729
MWI,Malawi,2010,NY.GDP.MKTP.KD.ZG,6.87406585416142
MWI,Malawi,2009,NY.GDP.MKTP.KD.ZG,8.3281098524038
MWI,Malawi,2008,NY.GDP.MKTP.KD.ZG,7.63973639944591
MWI,Malawi,2007,NY.GDP.MKTP.KD.ZG,9.59999987683469
MWI,Malawi,2006,NY.GDP.MKTP.KD.ZG,4.69999976404691
MWI,Malawi,2005,NY.GDP.MKTP.KD.ZG,3.26872602317066
MYS,Malaysia,2025,NY.GDP.MKTP.KD.ZG,5.17127082911057
MYS,Malaysia,2024,NY.GDP.MKTP.KD.ZG,5.10545921024041
MYS,Malaysia,2023,NY.GDP.MKTP.KD.ZG,3.5370638041057
MYS,Malaysia,2022,NY.GDP.MKTP.KD.ZG,9.03173723044451
MYS,Malaysia,2021,NY.GDP.MKTP.KD.ZG,3.31534954399166
MYS,Malaysia,2020,NY.GDP.MKTP.KD.ZG,-5.45684658426701
MYS,Malaysia,2019,NY.GDP.MKTP.KD.ZG,4.41318742129586
MYS,Malaysia,2018,NY.GDP.MKTP.KD.ZG,4.84308697634881
MYS,Malaysia,2017,NY.GDP.MKTP.KD.ZG,5.81272240983328
MYS,Malaysia,2016,NY.GDP.MKTP.KD.ZG,4.44978139761541
MYS,Malaysia,2015,NY.GDP.MKTP.KD.ZG,5.09153242155011
MYS,Malaysia,2014,NY.GDP.MKTP.KD.ZG,6.00672194558203
MYS,Malaysia,2013,NY.GDP.MKTP.KD.ZG,4.69372252557893
MYS,Malaysia,2012,NY.GDP.MKTP.KD.ZG,5.47345419253853
MYS,Malaysia,2011,NY.GDP.MKTP.KD.ZG,5.29391283414003
MYS,Malaysia,2010,NY.GDP.MKTP.KD.ZG,7.42484738326097
MYS,Malaysia,2009,NY.GDP.MKTP.KD.ZG,-1.51352871598714
MYS,Malaysia,2008,NY.GDP.MKTP.KD.ZG,4.83176988913097
MYS,Malaysia,2007,NY.GDP.MKTP.KD.ZG,6.29878592740947
MYS,Malaysia,2006,NY.GDP.MKTP.KD.ZG,5.5848470671515
MYS,Malaysia,2005,NY.GDP.MKTP.KD.ZG,5.33213916141486
MDV,Maldives,2025,NY.GDP.MKTP.KD.ZG,6.31092335003081
MDV,Maldives,2024,NY.GDP.MKTP.KD.ZG,3.49440422654285
MDV,Maldives,2023,NY.GDP.MKTP.KD.ZG,4.94286301229583
MDV,Maldives,2022,NY.GDP.MKTP.KD.ZG,13.8260895184139
MDV,Maldives,2021,NY.GDP.MKTP.KD.ZG,37.507870124321
MDV,Maldives,2020,NY.GDP.MKTP.KD.ZG,-32.9088287752921
MDV,Maldives,2019,NY.GDP.MKTP.KD.ZG,6.92305989050099
MDV,Maldives,2018,NY.GDP.MKTP.KD.ZG,8.5689555834747
MDV,Maldives,2017,NY.GDP.MKTP.KD.ZG,7.07442863215275
MDV,Maldives,2016,NY.GDP.MKTP.KD.ZG,6.37528306716864
MDV,Maldives,2015,NY.GDP.MKTP.KD.ZG,3.86813536494475
MDV,Maldives,2014,NY.GDP.MKTP.KD.ZG,7.86068643108074
MDV,Maldives,2013,NY.GDP.MKTP.KD.ZG,6.97496226412528
MDV,Maldives,2012,NY.GDP.MKTP.KD.ZG,2.38928797963442
MDV,Maldives,2011,NY.GDP.MKTP.KD.ZG,8.84342600490342
MDV,Maldives,2010,NY.GDP.MKTP.KD.ZG,6.7854678229144
MDV,Maldives,2009,NY.GDP.MKTP.KD.ZG,-8.34069861571051
MDV,Maldives,2008,NY.GDP.MKTP.KD.ZG,8.97645459033633
MDV,Maldives,2007,NY.GDP.MKTP.KD.ZG,7.13338024717898
MDV,Maldives,2006,NY.GDP.MKTP.KD.ZG,23.6302719852686
MDV,Maldives,2005,NY.GDP.MKTP.KD.ZG,-11.1773097061784
MLI,Mali,2025,NY.GDP.MKTP.KD.ZG,5.59946842896643
MLI,Mali,2024,NY.GDP.MKTP.KD.ZG,5.01653579205785
MLI,Mali,2023,NY.GDP.MKTP.KD.ZG,4.76394100040932
MLI,Mali,2022,NY.GDP.MKTP.KD.ZG,3.70319027585386
MLI,Mali,2021,NY.GDP.MKTP.KD.ZG,3.10094124463507
MLI,Mali,2020,NY.GDP.MKTP.KD.ZG,-1.16910834857605
MLI,Mali,2019,NY.GDP.MKTP.KD.ZG,4.99999911699705
MLI,Mali,2018,NY.GDP.MKTP.KD.ZG,4.86784999935264
MLI,Mali,2017,NY.GDP.MKTP.KD.ZG,5.37554769647939
MLI,Mali,2016,NY.GDP.MKTP.KD.ZG,6.00506308559498
MLI,Mali,2015,NY.GDP.MKTP.KD.ZG,6.23887890181064
MLI,Mali,2014,NY.GDP.MKTP.KD.ZG,6.50263878386326
MLI,Mali,2013,NY.GDP.MKTP.KD.ZG,3.29068742053545
MLI,Mali,2012,NY.GDP.MKTP.KD.ZG,-1.07239924147837
MLI,Mali,2011,NY.GDP.MKTP.KD.ZG,2.93537897118415
MLI,Mali,2010,NY.GDP.MKTP.KD.ZG,5.57678859793515
MLI,Mali,2009,NY.GDP.MKTP.KD.ZG,5.45473562683669
MLI,Mali,2008,NY.GDP.MKTP.KD.ZG,3.63871070923719
MLI,Mali,2007,NY.GDP.MKTP.KD.ZG,1.76004607852802
MLI,Mali,2006,NY.GDP.MKTP.KD.ZG,3.68960265255278
MLI,Mali,2005,NY.GDP.MKTP.KD.ZG,2.53837834888921
MLT,Malta,2025,NY.GDP.MKTP.KD.ZG,3.96156139018959
MLT,Malta,2024,NY.GDP.MKTP.KD.ZG,6.21275996991034
MLT,Malta,2023,NY.GDP.MKTP.KD.ZG,10.6340558017004
MLT,Malta,2022,NY.GDP.MKTP.KD.ZG,2.59276776884379
MLT,Malta,2021,NY.GDP.MKTP.KD.ZG,13.3509818925498
MLT,Malta,2020,NY.GDP.MKTP.KD.ZG,-3.45728232537419
MLT,Malta,2019,NY.GDP.MKTP.KD.ZG,4.0850557312243
MLT,Malta,2018,NY.GDP.MKTP.KD.ZG,7.18921425536917
MLT,Malta,2017,NY.GDP.MKTP.KD.ZG,12.9713425287845
MLT,Malta,2016,NY.GDP.MKTP.KD.ZG,4.07800422216982
MLT,Malta,2015,NY.GDP.MKTP.KD.ZG,9.62070302842181
MLT,Malta,2014,NY.GDP.MKTP.KD.ZG,7.6313628225042
MLT,Malta,2013,NY.GDP.MKTP.KD.ZG,6.29233378116625
MLT,Malta,2012,NY.GDP.MKTP.KD.ZG,4.10167460261891
MLT,Malta,2011,NY.GDP.MKTP.KD.ZG,0.992201768011597
MLT,Malta,2010,NY.GDP.MKTP.KD.ZG,6.19734978656928
MLT,Malta,2009,NY.GDP.MKTP.KD.ZG,-1.39524956144803
MLT,Malta,2008,NY.GDP.MKTP.KD.ZG,4.41059689827608
MLT,Malta,2007,NY.GDP.MKTP.KD.ZG,5.03640177981643
MLT,Malta,2006,NY.GDP.MKTP.KD.ZG,2.33618870316785
MLT,Malta,2005,NY.GDP.MKTP.KD.ZG,2.88123652429068
MHL,Marshall Islands,2025,NY.GDP.MKTP.KD.ZG,2.28310502283105
MHL,Marshall Islands,2024,NY.GDP.MKTP.KD.ZG,3.30188679245282
MHL,Marshall Islands,2023,NY.GDP.MKTP.KD.ZG,-5.39477377525279
MHL,Marshall Islands,2022,NY.GDP.MKTP.KD.ZG,-0.700580183196621
MHL,Marshall Islands,2021,NY.GDP.MKTP.KD.ZG,2.15939339067452
MHL,Marshall Islands,2020,NY.GDP.MKTP.KD.ZG,-2.77288732394366
MHL,Marshall Islands,2019,NY.GDP.MKTP.KD.ZG,10.4521147301896
MHL,Marshall Islands,2018,NY.GDP.MKTP.KD.ZG,5.48717948717949
MHL,Marshall Islands,2017,NY.GDP.MKTP.KD.ZG,3.55815188528943
MHL,Marshall Islands,2016,NY.GDP.MKTP.KD.ZG,2.5040827436037
MHL,Marshall Islands,2015,NY.GDP.MKTP.KD.ZG,1.88574597892401
MHL,Marshall Islands,2014,NY.GDP.MKTP.KD.ZG,-1.25958378970427
MHL,Marshall Islands,2013,NY.GDP.MKTP.KD.ZG,3.80898237635019
MHL,Marshall Islands,2012,NY.GDP.MKTP.KD.ZG,-1.29068462401796
MHL,Marshall Islands,2011,NY.GDP.MKTP.KD.ZG,-0.502512562814076
MHL,Marshall Islands,2010,NY.GDP.MKTP.KD.ZG,5.53918680023571
MHL,Marshall Islands,2009,NY.GDP.MKTP.KD.ZG,3.66524129505193
MHL,Marshall Islands,2008,NY.GDP.MKTP.KD.ZG,-7.56634669678148
MHL,Marshall Islands,2007,NY.GDP.MKTP.KD.ZG,3.68852459016394
MHL,Marshall Islands,2006,NY.GDP.MKTP.KD.ZG,0.175953079178882
MHL,Marshall Islands,2005,NY.GDP.MKTP.KD.ZG,1.79104477611941
MRT,Mauritania,2025,NY.GDP.MKTP.KD.ZG,4.02891976567948
MRT,Mauritania,2024,NY.GDP.MKTP.KD.ZG,6.3076021190402
MRT,Mauritania,2023,NY.GDP.MKTP.KD.ZG,6.80949002457973
MRT,Mauritania,2022,NY.GDP.MKTP.KD.ZG,6.7960049994761
MRT,Mauritania,2021,NY.GDP.MKTP.KD.ZG,0.7427154981402
MRT,Mauritania,2020,NY.GDP.MKTP.KD.ZG,-0.36065738652286
MRT,Mauritania,2019,NY.GDP.MKTP.KD.ZG,3.14100489264639
MRT,Mauritania,2018,NY.GDP.MKTP.KD.ZG,4.77217363890155
MRT,Mauritania,2017,NY.GDP.MKTP.KD.ZG,6.27054569386574
MRT,Mauritania,2016,NY.GDP.MKTP.KD.ZG,1.26090922448303
MRT,Mauritania,2015,NY.GDP.MKTP.KD.ZG,5.37633923694936
MRT,Mauritania,2014,NY.GDP.MKTP.KD.ZG,4.27482327130284
MRT,Mauritania,2013,NY.GDP.MKTP.KD.ZG,4.15081318627171
MRT,Mauritania,2012,NY.GDP.MKTP.KD.ZG,4.47001318233693
MRT,Mauritania,2011,NY.GDP.MKTP.KD.ZG,4.17278328304418
MRT,Mauritania,2010,NY.GDP.MKTP.KD.ZG,2.62022952055378
MRT,Mauritania,2009,NY.GDP.MKTP.KD.ZG,0.0978758719728035
MRT,Mauritania,2008,NY.GDP.MKTP.KD.ZG,-0.331079195278377
MRT,Mauritania,2007,NY.GDP.MKTP.KD.ZG,-1.96942275160761
MRT,Mauritania,2006,NY.GDP.MKTP.KD.ZG,18.3331987597713
MRT,Mauritania,2005,NY.GDP.MKTP.KD.ZG,8.56628724906668
MUS,Mauritius,2025,NY.GDP.MKTP.KD.ZG,3.15157395305867
MUS,Mauritius,2024,NY.GDP.MKTP.KD.ZG,4.94844235250574
MUS,Mauritius,2023,NY.GDP.MKTP.KD.ZG,4.69918189687444
MUS,Mauritius,2022,NY.GDP.MKTP.KD.ZG,8.3424438025047
MUS,Mauritius,2021,NY.GDP.MKTP.KD.ZG,3.33809084057279
MUS,Mauritius,2020,NY.GDP.MKTP.KD.ZG,-14.1974358137792
MUS,Mauritius,2019,NY.GDP.MKTP.KD.ZG,2.86394938684734
MUS,Mauritius,2018,NY.GDP.MKTP.KD.ZG,4.11669369456492
MUS,Mauritius,2017,NY.GDP.MKTP.KD.ZG,3.95441730960265
MUS,Mauritius,2016,NY.GDP.MKTP.KD.ZG,3.88576121076034
MUS,Mauritius,2015,NY.GDP.MKTP.KD.ZG,3.71766362108832
MUS,Mauritius,2014,NY.GDP.MKTP.KD.ZG,3.85773905280689
MUS,Mauritius,2013,NY.GDP.MKTP.KD.ZG,3.39755085220649
MUS,Mauritius,2012,NY.GDP.MKTP.KD.ZG,3.51062090167264
MUS,Mauritius,2011,NY.GDP.MKTP.KD.ZG,4.14555262561014
MUS,Mauritius,2010,NY.GDP.MKTP.KD.ZG,4.39672657214976
MUS,Mauritius,2009,NY.GDP.MKTP.KD.ZG,3.36352090607312
MUS,Mauritius,2008,NY.GDP.MKTP.KD.ZG,5.4630565042284
MUS,Mauritius,2007,NY.GDP.MKTP.KD.ZG,5.76380219453068
MUS,Mauritius,2006,NY.GDP.MKTP.KD.ZG,4.86554460775534
MUS,Mauritius,2005,NY.GDP.MKTP.KD.ZG,1.77754302034465
MEX,Mexico,2025,NY.GDP.MKTP.KD.ZG,0.561683456144578
MEX,Mexico,2024,NY.GDP.MKTP.KD.ZG,1.35057631384696
MEX,Mexico,2023,NY.GDP.MKTP.KD.ZG,3.1067964131456
MEX,Mexico,2022,NY.GDP.MKTP.KD.ZG,3.70975708309098
MEX,Mexico,2021,NY.GDP.MKTP.KD.ZG,6.04848347173572
MEX,Mexico,2020,NY.GDP.MKTP.KD.ZG,-8.35403459379062
MEX,Mexico,2019,NY.GDP.MKTP.KD.ZG,-0.392690513290532
MEX,Mexico,2018,NY.GDP.MKTP.KD.ZG,1.97208211101069
MEX,Mexico,2017,NY.GDP.MKTP.KD.ZG,1.87172854648381
MEX,Mexico,2016,NY.GDP.MKTP.KD.ZG,1.7724932254128
MEX,Mexico,2015,NY.GDP.MKTP.KD.ZG,2.70232343024026
MEX,Mexico,2014,NY.GDP.MKTP.KD.ZG,2.50376350783593
MEX,Mexico,2013,NY.GDP.MKTP.KD.ZG,0.852101550164704
MEX,Mexico,2012,NY.GDP.MKTP.KD.ZG,3.55321076010608
MEX,Mexico,2011,NY.GDP.MKTP.KD.ZG,3.44404505297089
MEX,Mexico,2010,NY.GDP.MKTP.KD.ZG,4.9713345832195
MEX,Mexico,2009,NY.GDP.MKTP.KD.ZG,-6.29525056697287
MEX,Mexico,2008,NY.GDP.MKTP.KD.ZG,0.943331872912935
MEX,Mexico,2007,NY.GDP.MKTP.KD.ZG,2.0778639395329
MEX,Mexico,2006,NY.GDP.MKTP.KD.ZG,4.80501351664901
MEX,Mexico,2005,NY.GDP.MKTP.KD.ZG,2.11324711473297
FSM,"Micronesia, Fed. Sts.",2025,NY.GDP.MKTP.KD.ZG,1.0626071425539
FSM,"Micronesia, Fed. Sts.",2024,NY.GDP.MKTP.KD.ZG,2.30132923576443
FSM,"Micronesia, Fed. Sts.",2023,NY.GDP.MKTP.KD.ZG,1.13097800090873
FSM,"Micronesia, Fed. Sts.",2022,NY.GDP.MKTP.KD.ZG,-3.11412501063803
FSM,"Micronesia, Fed. Sts.",2021,NY.GDP.MKTP.KD.ZG,3.09969928290539
FSM,"Micronesia, Fed. Sts.",2020,NY.GDP.MKTP.KD.ZG,-2.05703124999999
FSM,"Micronesia, Fed. Sts.",2019,NY.GDP.MKTP.KD.ZG,3.64372469635627
FSM,"Micronesia, Fed. Sts.",2018,NY.GDP.MKTP.KD.ZG,0.406504065040664
FSM,"Micronesia, Fed. Sts.",2017,NY.GDP.MKTP.KD.ZG,2.07468879668049
FSM,"Micronesia, Fed. Sts.",2016,NY.GDP.MKTP.KD.ZG,1.26050420168067
FSM,"Micronesia, Fed. Sts.",2015,NY.GDP.MKTP.KD.ZG,4.3859649122807
FSM,"Micronesia, Fed. Sts.",2014,NY.GDP.MKTP.KD.ZG,-2.56410256410257
FSM,"Micronesia, Fed. Sts.",2013,NY.GDP.MKTP.KD.ZG,-3.70370370370371
FSM,"Micronesia, Fed. Sts.",2012,NY.GDP.MKTP.KD.ZG,-1.61943319838058
FSM,"Micronesia, Fed. Sts.",2011,NY.GDP.MKTP.KD.ZG,3.78151260504202
FSM,"Micronesia, Fed. Sts.",2010,NY.GDP.MKTP.KD.ZG,1.7094017094017
FSM,"Micronesia, Fed. Sts.",2009,NY.GDP.MKTP.KD.ZG,1.29870129870129
FSM,"Micronesia, Fed. Sts.",2008,NY.GDP.MKTP.KD.ZG,-2.53164556962025
FSM,"Micronesia, Fed. Sts.",2007,NY.GDP.MKTP.KD.ZG,-1.65975103734441
FSM,"Micronesia, Fed. Sts.",2006,NY.GDP.MKTP.KD.ZG,-0.413223140495873
FSM,"Micronesia, Fed. Sts.",2005,NY.GDP.MKTP.KD.ZG,2.7434627349036
MDA,Moldova,2025,NY.GDP.MKTP.KD.ZG,2.41649734575068
MDA,Moldova,2024,NY.GDP.MKTP.KD.ZG,0.270670455512573
MDA,Moldova,2023,NY.GDP.MKTP.KD.ZG,1.18802067937429
MDA,Moldova,2022,NY.GDP.MKTP.KD.ZG,-4.64785101037361
MDA,Moldova,2021,NY.GDP.MKTP.KD.ZG,13.9299997889786
MDA,Moldova,2020,NY.GDP.MKTP.KD.ZG,-8.27597831976949
MDA,Moldova,2019,NY.GDP.MKTP.KD.ZG,3.5523140853476
MDA,Moldova,2018,NY.GDP.MKTP.KD.ZG,4.07559546585034
MDA,Moldova,2017,NY.GDP.MKTP.KD.ZG,4.17561205106279
MDA,Moldova,2016,NY.GDP.MKTP.KD.ZG,4.64601436259409
MDA,Moldova,2015,NY.GDP.MKTP.KD.ZG,-0.338235622387202
MDA,Moldova,2014,NY.GDP.MKTP.KD.ZG,4.99962585407656
MDA,Moldova,2013,NY.GDP.MKTP.KD.ZG,9.0438656074181
MDA,Moldova,2012,NY.GDP.MKTP.KD.ZG,-0.589733954762579
MDA,Moldova,2011,NY.GDP.MKTP.KD.ZG,5.81816614684824
MDA,Moldova,2010,NY.GDP.MKTP.KD.ZG,7.10000010705836
MDA,Moldova,2009,NY.GDP.MKTP.KD.ZG,-6.00000026352828
MDA,Moldova,2008,NY.GDP.MKTP.KD.ZG,7.80000014541523
MDA,Moldova,2007,NY.GDP.MKTP.KD.ZG,3.00000022585525
MDA,Moldova,2006,NY.GDP.MKTP.KD.ZG,4.79999983670831
MDA,Moldova,2005,NY.GDP.MKTP.KD.ZG,7.5000001493726
MCO,Monaco,2024,NY.GDP.MKTP.KD.ZG,8.51053758860212
MCO,Monaco,2023,NY.GDP.MKTP.KD.ZG,5.44395088840088
MCO,Monaco,2022,NY.GDP.MKTP.KD.ZG,11.2662955198601
MCO,Monaco,2021,NY.GDP.MKTP.KD.ZG,22.2322155851208
MCO,Monaco,2020,NY.GDP.MKTP.KD.ZG,-13.2391048292108
MCO,Monaco,2019,NY.GDP.MKTP.KD.ZG,7.12088951975396
MCO,Monaco,2018,NY.GDP.MKTP.KD.ZG,5.69790121192926
MCO,Monaco,2017,NY.GDP.MKTP.KD.ZG,-3.20618323813213
MCO,Monaco,2016,NY.GDP.MKTP.KD.ZG,3.00844358752744
MCO,Monaco,2015,NY.GDP.MKTP.KD.ZG,4.91037176536236
MCO,Monaco,2014,NY.GDP.MKTP.KD.ZG,7.18702777537968
MCO,Monaco,2013,NY.GDP.MKTP.KD.ZG,9.57709832354816
MCO,Monaco,2012,NY.GDP.MKTP.KD.ZG,1.01221841230461
MCO,Monaco,2011,NY.GDP.MKTP.KD.ZG,7.02235694617619
MCO,Monaco,2010,NY.GDP.MKTP.KD.ZG,2.06521962654098
MCO,Monaco,2009,NY.GDP.MKTP.KD.ZG,-11.3369865758365
MCO,Monaco,2008,NY.GDP.MKTP.KD.ZG,0.746871215179652
MCO,Monaco,2007,NY.GDP.MKTP.KD.ZG,14.4375144375144
MCO,Monaco,2006,NY.GDP.MKTP.KD.ZG,5.81764849670007
MCO,Monaco,2005,NY.GDP.MKTP.KD.ZG,1.89541410859198
MNG,Mongolia,2025,NY.GDP.MKTP.KD.ZG,6.84391415938607
MNG,Mongolia,2024,NY.GDP.MKTP.KD.ZG,5.12204539122661
MNG,Mongolia,2023,NY.GDP.MKTP.KD.ZG,7.4221127615025
MNG,Mongolia,2022,NY.GDP.MKTP.KD.ZG,5.0327096366527
MNG,Mongolia,2021,NY.GDP.MKTP.KD.ZG,1.63676957736662
MNG,Mongolia,2020,NY.GDP.MKTP.KD.ZG,-4.55775197583431
MNG,Mongolia,2019,NY.GDP.MKTP.KD.ZG,5.60224422064255
MNG,Mongolia,2018,NY.GDP.MKTP.KD.ZG,7.74488062024881
MNG,Mongolia,2017,NY.GDP.MKTP.KD.ZG,5.63687638694772
MNG,Mongolia,2016,NY.GDP.MKTP.KD.ZG,1.48978448679577
MNG,Mongolia,2015,NY.GDP.MKTP.KD.ZG,2.37983580731722
MNG,Mongolia,2014,NY.GDP.MKTP.KD.ZG,7.88522548204762
MNG,Mongolia,2013,NY.GDP.MKTP.KD.ZG,11.6489161878925
MNG,Mongolia,2012,NY.GDP.MKTP.KD.ZG,12.3198198494032
MNG,Mongolia,2011,NY.GDP.MKTP.KD.ZG,17.2907775869555
MNG,Mongolia,2010,NY.GDP.MKTP.KD.ZG,6.3651616786311
MNG,Mongolia,2009,NY.GDP.MKTP.KD.ZG,-1.26859893608282
MNG,Mongolia,2008,NY.GDP.MKTP.KD.ZG,8.90036794067551
MNG,Mongolia,2007,NY.GDP.MKTP.KD.ZG,10.2480163590057
MNG,Mongolia,2006,NY.GDP.MKTP.KD.ZG,8.55623481664365
MNG,Mongolia,2005,NY.GDP.MKTP.KD.ZG,7.25366543796015
MNE,Montenegro,2025,NY.GDP.MKTP.KD.ZG,2.74455354258522
MNE,Montenegro,2024,NY.GDP.MKTP.KD.ZG,3.16409886329913
MNE,Montenegro,2023,NY.GDP.MKTP.KD.ZG,6.47836283518564
MNE,Montenegro,2022,NY.GDP.MKTP.KD.ZG,7.73954689516201
MNE,Montenegro,2021,NY.GDP.MKTP.KD.ZG,13.0462607426359
MNE,Montenegro,2020,NY.GDP.MKTP.KD.ZG,-14.9926187023533
MNE,Montenegro,2019,NY.GDP.MKTP.KD.ZG,4.39391565821528
MNE,Montenegro,2018,NY.GDP.MKTP.KD.ZG,4.73292113433965
MNE,Montenegro,2017,NY.GDP.MKTP.KD.ZG,3.21668504736274
MNE,Montenegro,2016,NY.GDP.MKTP.KD.ZG,3.4393056210999
MNE,Montenegro,2015,NY.GDP.MKTP.KD.ZG,2.52306333975571
MNE,Montenegro,2014,NY.GDP.MKTP.KD.ZG,2.37030892464516
MNE,Montenegro,2013,NY.GDP.MKTP.KD.ZG,3.38612548540247
MNE,Montenegro,2012,NY.GDP.MKTP.KD.ZG,-2.48732882965353
MNE,Montenegro,2011,NY.GDP.MKTP.KD.ZG,3.40978812497193
MNE,Montenegro,2010,NY.GDP.MKTP.KD.ZG,2.77559782547836
MNE,Montenegro,2009,NY.GDP.MKTP.KD.ZG,-5.99444862538753
MNE,Montenegro,2008,NY.GDP.MKTP.KD.ZG,6.89860030860218
MNE,Montenegro,2007,NY.GDP.MKTP.KD.ZG,7.13755016459636
MNE,Montenegro,2006,NY.GDP.MKTP.KD.ZG,8.56641991756757
MNE,Montenegro,2005,NY.GDP.MKTP.KD.ZG,4.18060206704946
MAR,Morocco,2025,NY.GDP.MKTP.KD.ZG,4.59524349182247
MAR,Morocco,2024,NY.GDP.MKTP.KD.ZG,3.79336515978963
MAR,Morocco,2023,NY.GDP.MKTP.KD.ZG,3.65564411017931
MAR,Morocco,2022,NY.GDP.MKTP.KD.ZG,1.81269242194809
MAR,Morocco,2021,NY.GDP.MKTP.KD.ZG,8.15473889823681
MAR,Morocco,2020,NY.GDP.MKTP.KD.ZG,-7.17820744246774
MAR,Morocco,2019,NY.GDP.MKTP.KD.ZG,2.89097476137077
MAR,Morocco,2018,NY.GDP.MKTP.KD.ZG,3.06564133025955
MAR,Morocco,2017,NY.GDP.MKTP.KD.ZG,5.05789816173446
MAR,Morocco,2016,NY.GDP.MKTP.KD.ZG,0.52118550608968
MAR,Morocco,2015,NY.GDP.MKTP.KD.ZG,4.34458297635238
MAR,Morocco,2014,NY.GDP.MKTP.KD.ZG,2.7192440802029
MAR,Morocco,2013,NY.GDP.MKTP.KD.ZG,4.12221286860944
MAR,Morocco,2012,NY.GDP.MKTP.KD.ZG,3.06234368502997
MAR,Morocco,2011,NY.GDP.MKTP.KD.ZG,5.52464523319847
MAR,Morocco,2010,NY.GDP.MKTP.KD.ZG,3.49955709403216
MAR,Morocco,2009,NY.GDP.MKTP.KD.ZG,3.74576940136258
MAR,Morocco,2008,NY.GDP.MKTP.KD.ZG,5.68453936284732
MAR,Morocco,2007,NY.GDP.MKTP.KD.ZG,3.44106776690418
MAR,Morocco,2006,NY.GDP.MKTP.KD.ZG,7.7908200104027
MAR,Morocco,2005,NY.GDP.MKTP.KD.ZG,3.19224973015831
MOZ,Mozambique,2025,NY.GDP.MKTP.KD.ZG,-0.523485382072337
MOZ,Mozambique,2024,NY.GDP.MKTP.KD.ZG,2.14892499135355
MOZ,Mozambique,2023,NY.GDP.MKTP.KD.ZG,5.50384456650241
MOZ,Mozambique,2022,NY.GDP.MKTP.KD.ZG,4.3693080193804
MOZ,Mozambique,2021,NY.GDP.MKTP.KD.ZG,2.37743572761507
MOZ,Mozambique,2020,NY.GDP.MKTP.KD.ZG,-1.21952250011192
MOZ,Mozambique,2019,NY.GDP.MKTP.KD.ZG,2.31781394821475
MOZ,Mozambique,2018,NY.GDP.MKTP.KD.ZG,3.48493202422782
MOZ,Mozambique,2017,NY.GDP.MKTP.KD.ZG,2.63820737310658
MOZ,Mozambique,2016,NY.GDP.MKTP.KD.ZG,4.69699024225795
MOZ,Mozambique,2015,NY.GDP.MKTP.KD.ZG,7.3930936986377
MOZ,Mozambique,2014,NY.GDP.MKTP.KD.ZG,7.70256844839309
MOZ,Mozambique,2013,NY.GDP.MKTP.KD.ZG,6.57141389665537
MOZ,Mozambique,2012,NY.GDP.MKTP.KD.ZG,7.9945031610722
MOZ,Mozambique,2011,NY.GDP.MKTP.KD.ZG,7.13405842300445
MOZ,Mozambique,2010,NY.GDP.MKTP.KD.ZG,6.67972935662864
MOZ,Mozambique,2009,NY.GDP.MKTP.KD.ZG,5.92897187460815
MOZ,Mozambique,2008,NY.GDP.MKTP.KD.ZG,6.87802942560995
MOZ,Mozambique,2007,NY.GDP.MKTP.KD.ZG,7.64935393795867
MOZ,Mozambique,2006,NY.GDP.MKTP.KD.ZG,9.91067756782915
MOZ,Mozambique,2005,NY.GDP.MKTP.KD.ZG,6.31202378023193
MMR,Myanmar,2025,NY.GDP.MKTP.KD.ZG,-2.01184475795665
MMR,Myanmar,2024,NY.GDP.MKTP.KD.ZG,-0.97204641363362
MMR,Myanmar,2023,NY.GDP.MKTP.KD.ZG,0.958446625126115
MMR,Myanmar,2022,NY.GDP.MKTP.KD.ZG,4.0374934360085
MMR,Myanmar,2021,NY.GDP.MKTP.KD.ZG,-12.0163724829177
MMR,Myanmar,2020,NY.GDP.MKTP.KD.ZG,-9.04834717984643
MMR,Myanmar,2019,NY.GDP.MKTP.KD.ZG,6.57911006765414
MMR,Myanmar,2018,NY.GDP.MKTP.KD.ZG,6.26886221471075
MMR,Myanmar,2017,NY.GDP.MKTP.KD.ZG,6.13610824360305
MMR,Myanmar,2016,NY.GDP.MKTP.KD.ZG,5.86247291518572
MMR,Myanmar,2015,NY.GDP.MKTP.KD.ZG,6.99284029026121
MMR,Myanmar,2014,NY.GDP.MKTP.KD.ZG,8.16990745558277
MMR,Myanmar,2013,NY.GDP.MKTP.KD.ZG,8.42600102501767
MMR,Myanmar,2012,NY.GDP.MKTP.KD.ZG,7.33267044704149
MMR,Myanmar,2011,NY.GDP.MKTP.KD.ZG,5.59148237823661
MMR,Myanmar,2010,NY.GDP.MKTP.KD.ZG,9.6344394520444
MMR,Myanmar,2009,NY.GDP.MKTP.KD.ZG,10.5500090961932
MMR,Myanmar,2008,NY.GDP.MKTP.KD.ZG,10.2553053929808
MMR,Myanmar,2007,NY.GDP.MKTP.KD.ZG,11.9914352402146
MMR,Myanmar,2006,NY.GDP.MKTP.KD.ZG,13.0761013792372
MMR,Myanmar,2005,NY.GDP.MKTP.KD.ZG,13.5689500216456
NAM,Namibia,2025,NY.GDP.MKTP.KD.ZG,1.73018153842335
NAM,Namibia,2024,NY.GDP.MKTP.KD.ZG,3.77851723267591
NAM,Namibia,2023,NY.GDP.MKTP.KD.ZG,4.32498048866805
NAM,Namibia,2022,NY.GDP.MKTP.KD.ZG,5.3987247803654
NAM,Namibia,2021,NY.GDP.MKTP.KD.ZG,3.60382919248703
NAM,Namibia,2020,NY.GDP.MKTP.KD.ZG,-8.10140201443319
NAM,Namibia,2019,NY.GDP.MKTP.KD.ZG,-0.839152163419357
NAM,Namibia,2018,NY.GDP.MKTP.KD.ZG,1.05993949860752
NAM,Namibia,2017,NY.GDP.MKTP.KD.ZG,-1.02724808856709
NAM,Namibia,2016,NY.GDP.MKTP.KD.ZG,0.0337944502063294
NAM,Namibia,2015,NY.GDP.MKTP.KD.ZG,4.26417453763675
NAM,Namibia,2014,NY.GDP.MKTP.KD.ZG,6.09251915977956
NAM,Namibia,2013,NY.GDP.MKTP.KD.ZG,5.61471962254485
NAM,Namibia,2012,NY.GDP.MKTP.KD.ZG,5.0616820696264
NAM,Namibia,2011,NY.GDP.MKTP.KD.ZG,5.09133813864338
NAM,Namibia,2010,NY.GDP.MKTP.KD.ZG,6.03924947955858
NAM,Namibia,2009,NY.GDP.MKTP.KD.ZG,0.295970914001089
NAM,Namibia,2008,NY.GDP.MKTP.KD.ZG,2.64981203780268
NAM,Namibia,2007,NY.GDP.MKTP.KD.ZG,5.37404415167634
NAM,Namibia,2006,NY.GDP.MKTP.KD.ZG,7.07317531845825
NAM,Namibia,2005,NY.GDP.MKTP.KD.ZG,2.52926265819022
NRU,Naoero,2025,NY.GDP.MKTP.KD.ZG,2.14285714285656
NRU,Naoero,2024,NY.GDP.MKTP.KD.ZG,1.44927536231899
NRU,Naoero,2023,NY.GDP.MKTP.KD.ZG,-0.719424460431725
NRU,Naoero,2022,NY.GDP.MKTP.KD.ZG,0.0
NRU,Naoero,2021,NY.GDP.MKTP.KD.ZG,7.75193798449692
NRU,Naoero,2020,NY.GDP.MKTP.KD.ZG,1.57480314960559
NRU,Naoero,2019,NY.GDP.MKTP.KD.ZG,8.5470085470084
NRU,Naoero,2018,NY.GDP.MKTP.KD.ZG,-0.847457627118729
NRU,Naoero,2017,NY.GDP.MKTP.KD.ZG,-6.34920634920609
NRU,Naoero,2016,NY.GDP.MKTP.KD.ZG,4.13223140495909
NRU,Naoero,2015,NY.GDP.MKTP.KD.ZG,3.41880341880281
NRU,Naoero,2014,NY.GDP.MKTP.KD.ZG,15.8415841584163
NRU,Naoero,2013,NY.GDP.MKTP.KD.ZG,4.12371134020613
NRU,Naoero,2012,NY.GDP.MKTP.KD.ZG,24.3589743589745
NRU,Naoero,2011,NY.GDP.MKTP.KD.ZG,14.7058823529412
NRU,Naoero,2010,NY.GDP.MKTP.KD.ZG,0.0
NRU,Naoero,2009,NY.GDP.MKTP.KD.ZG,-5.55555555555564
NRU,Naoero,2008,NY.GDP.MKTP.KD.ZG,19.9999999999999
NRU,Naoero,2007,NY.GDP.MKTP.KD.ZG,-22.077922077922
NRU,Naoero,2006,NY.GDP.MKTP.KD.ZG,8.45070422535204
NRU,Naoero,2005,NY.GDP.MKTP.KD.ZG,0.0
NPL,Nepal,2025,NY.GDP.MKTP.KD.ZG,4.43073194983359
NPL,Nepal,2024,NY.GDP.MKTP.KD.ZG,3.67787459697703
NPL,Nepal,2023,NY.GDP.MKTP.KD.ZG,1.98254843461849
NPL,Nepal,2022,NY.GDP.MKTP.KD.ZG,5.6313145568451
NPL,Nepal,2021,NY.GDP.MKTP.KD.ZG,4.838149614115
NPL,Nepal,2020,NY.GDP.MKTP.KD.ZG,-2.3696206292072
NPL,Nepal,2019,NY.GDP.MKTP.KD.ZG,6.65705543110468
NPL,Nepal,2018,NY.GDP.MKTP.KD.ZG,7.62237610397933
NPL,Nepal,2017,NY.GDP.MKTP.KD.ZG,8.97727935643466
NPL,Nepal,2016,NY.GDP.MKTP.KD.ZG,0.433113719381524
NPL,Nepal,2015,NY.GDP.MKTP.KD.ZG,3.97605327162971
NPL,Nepal,2014,NY.GDP.MKTP.KD.ZG,6.01148284250441
NPL,Nepal,2013,NY.GDP.MKTP.KD.ZG,3.52515317129149
NPL,Nepal,2012,NY.GDP.MKTP.KD.ZG,4.67014192446953
NPL,Nepal,2011,NY.GDP.MKTP.KD.ZG,3.42180870116162
NPL,Nepal,2010,NY.GDP.MKTP.KD.ZG,4.81641464694573
NPL,Nepal,2009,NY.GDP.MKTP.KD.ZG,4.5330787246486
NPL,Nepal,2008,NY.GDP.MKTP.KD.ZG,6.10463914373472
NPL,Nepal,2007,NY.GDP.MKTP.KD.ZG,3.41156027980276
NPL,Nepal,2006,NY.GDP.MKTP.KD.ZG,3.36461478056277
NPL,Nepal,2005,NY.GDP.MKTP.KD.ZG,3.47918104829496
NLD,Netherlands,2025,NY.GDP.MKTP.KD.ZG,1.78463214703797
NLD,Netherlands,2024,NY.GDP.MKTP.KD.ZG,1.07383137319854
NLD,Netherlands,2023,NY.GDP.MKTP.KD.ZG,-0.598061017580278
NLD,Netherlands,2022,NY.GDP.MKTP.KD.ZG,5.00723453395074
NLD,Netherlands,2021,NY.GDP.MKTP.KD.ZG,6.27683593745216
NLD,Netherlands,2020,NY.GDP.MKTP.KD.ZG,-3.86799714191608
NLD,Netherlands,2019,NY.GDP.MKTP.KD.ZG,2.3001616053659
NLD,Netherlands,2018,NY.GDP.MKTP.KD.ZG,2.25873158164956
NLD,Netherlands,2017,NY.GDP.MKTP.KD.ZG,2.78150834679987
NLD,Netherlands,2016,NY.GDP.MKTP.KD.ZG,2.42428065449427
NLD,Netherlands,2015,NY.GDP.MKTP.KD.ZG,2.12064007193544
NLD,Netherlands,2014,NY.GDP.MKTP.KD.ZG,1.61255885112396
NLD,Netherlands,2013,NY.GDP.MKTP.KD.ZG,-0.0302410184270769
NLD,Netherlands,2012,NY.GDP.MKTP.KD.ZG,-0.977826121310997
NLD,Netherlands,2011,NY.GDP.MKTP.KD.ZG,1.77330320575034
NLD,Netherlands,2010,NY.GDP.MKTP.KD.ZG,1.31935287897116
NLD,Netherlands,2009,NY.GDP.MKTP.KD.ZG,-3.66528147002826
NLD,Netherlands,2008,NY.GDP.MKTP.KD.ZG,2.11674514240192
NLD,Netherlands,2007,NY.GDP.MKTP.KD.ZG,3.88542348324803
NLD,Netherlands,2006,NY.GDP.MKTP.KD.ZG,3.53729585853395
NLD,Netherlands,2005,NY.GDP.MKTP.KD.ZG,2.03401576512488
NCL,New Caledonia,2024,NY.GDP.MKTP.KD.ZG,-13.4999999989747
NCL,New Caledonia,2023,NY.GDP.MKTP.KD.ZG,2.79999999603682
NCL,New Caledonia,2022,NY.GDP.MKTP.KD.ZG,3.50000000289097
NCL,New Caledonia,2021,NY.GDP.MKTP.KD.ZG,-2.0999999972552
NCL,New Caledonia,2020,NY.GDP.MKTP.KD.ZG,-2.40000000692145
NCL,New Caledonia,2019,NY.GDP.MKTP.KD.ZG,-1.39999999506659
NCL,New Caledonia,2018,NY.GDP.MKTP.KD.ZG,0.400000000000006
NZL,New Zealand,2025,NY.GDP.MKTP.KD.ZG,0.462871830681081
NZL,New Zealand,2024,NY.GDP.MKTP.KD.ZG,-0.868722371893952
NZL,New Zealand,2023,NY.GDP.MKTP.KD.ZG,1.81389453412019
NZL,New Zealand,2022,NY.GDP.MKTP.KD.ZG,3.34521847792682
NZL,New Zealand,2021,NY.GDP.MKTP.KD.ZG,4.29916005216614
NZL,New Zealand,2020,NY.GDP.MKTP.KD.ZG,-0.240916114758988
NZL,New Zealand,2019,NY.GDP.MKTP.KD.ZG,2.32371708441623
NZL,New Zealand,2018,NY.GDP.MKTP.KD.ZG,3.32219666491432
NZL,New Zealand,2017,NY.GDP.MKTP.KD.ZG,3.31568621648204
NZL,New Zealand,2016,NY.GDP.MKTP.KD.ZG,3.7435247472109
NZL,New Zealand,2015,NY.GDP.MKTP.KD.ZG,3.72968312125018
NZL,New Zealand,2014,NY.GDP.MKTP.KD.ZG,3.81933619307242
NZL,New Zealand,2013,NY.GDP.MKTP.KD.ZG,2.5648360739867
NZL,New Zealand,2012,NY.GDP.MKTP.KD.ZG,2.30256429520961
NZL,New Zealand,2011,NY.GDP.MKTP.KD.ZG,2.1445004445998
NZL,New Zealand,2010,NY.GDP.MKTP.KD.ZG,1.47182504276788
NZL,New Zealand,2009,NY.GDP.MKTP.KD.ZG,-0.040259885205117
NZL,New Zealand,2008,NY.GDP.MKTP.KD.ZG,-1.02561134479848
NZL,New Zealand,2007,NY.GDP.MKTP.KD.ZG,3.06312221869514
NZL,New Zealand,2006,NY.GDP.MKTP.KD.ZG,2.7744428588158
NZL,New Zealand,2005,NY.GDP.MKTP.KD.ZG,3.35295444152619
NIC,Nicaragua,2025,NY.GDP.MKTP.KD.ZG,4.92352556770889
NIC,Nicaragua,2024,NY.GDP.MKTP.KD.ZG,3.58094495324541
NIC,Nicaragua,2023,NY.GDP.MKTP.KD.ZG,4.42779393186883
NIC,Nicaragua,2022,NY.GDP.MKTP.KD.ZG,3.55027477135765
NIC,Nicaragua,2021,NY.GDP.MKTP.KD.ZG,10.4543887816515
NIC,Nicaragua,2020,NY.GDP.MKTP.KD.ZG,-2.23654176262323
NIC,Nicaragua,2019,NY.GDP.MKTP.KD.ZG,-2.89686986728901
NIC,Nicaragua,2018,NY.GDP.MKTP.KD.ZG,-3.3633566598573
NIC,Nicaragua,2017,NY.GDP.MKTP.KD.ZG,4.63120757580209
NIC,Nicaragua,2016,NY.GDP.MKTP.KD.ZG,4.56314739524967
NIC,Nicaragua,2015,NY.GDP.MKTP.KD.ZG,4.79226768332697
NIC,Nicaragua,2014,NY.GDP.MKTP.KD.ZG,4.78546013589983
NIC,Nicaragua,2013,NY.GDP.MKTP.KD.ZG,4.92709413447304
NIC,Nicaragua,2012,NY.GDP.MKTP.KD.ZG,6.4961364710876
NIC,Nicaragua,2011,NY.GDP.MKTP.KD.ZG,6.31668553491842
NIC,Nicaragua,2010,NY.GDP.MKTP.KD.ZG,4.41009911716546
NIC,Nicaragua,2009,NY.GDP.MKTP.KD.ZG,-3.2926651586197
NIC,Nicaragua,2008,NY.GDP.MKTP.KD.ZG,3.43571693608081
NIC,Nicaragua,2007,NY.GDP.MKTP.KD.ZG,5.0763520180987
NIC,Nicaragua,2006,NY.GDP.MKTP.KD.ZG,4.15294559846254
NIC,Nicaragua,2005,NY.GDP.MKTP.KD.ZG,4.28239833770654
NER,Niger,2025,NY.GDP.MKTP.KD.ZG,7.00782960149
NER,Niger,2024,NY.GDP.MKTP.KD.ZG,8.32327058280728
NER,Niger,2023,NY.GDP.MKTP.KD.ZG,2.63516980401258
NER,Niger,2022,NY.GDP.MKTP.KD.ZG,12.2215497467041
NER,Niger,2021,NY.GDP.MKTP.KD.ZG,1.11520063869706
NER,Niger,2020,NY.GDP.MKTP.KD.ZG,4.45481803846413
NER,Niger,2019,NY.GDP.MKTP.KD.ZG,6.07881528959186
NER,Niger,2018,NY.GDP.MKTP.KD.ZG,6.89458420864513
NER,Niger,2017,NY.GDP.MKTP.KD.ZG,5.53198531271451
NER,Niger,2016,NY.GDP.MKTP.KD.ZG,4.28137558478143
NER,Niger,2015,NY.GDP.MKTP.KD.ZG,4.39264883207291
NER,Niger,2014,NY.GDP.MKTP.KD.ZG,6.64213665495603
NER,Niger,2013,NY.GDP.MKTP.KD.ZG,5.31513063394726
NER,Niger,2012,NY.GDP.MKTP.KD.ZG,10.5489445763446
NER,Niger,2011,NY.GDP.MKTP.KD.ZG,2.35775693603874
NER,Niger,2010,NY.GDP.MKTP.KD.ZG,8.57816674262253
NER,Niger,2009,NY.GDP.MKTP.KD.ZG,1.96260090694645
NER,Niger,2008,NY.GDP.MKTP.KD.ZG,7.73141422777337
NER,Niger,2007,NY.GDP.MKTP.KD.ZG,3.14272408386731
NER,Niger,2006,NY.GDP.MKTP.KD.ZG,5.93104997350342
NER,Niger,2005,NY.GDP.MKTP.KD.ZG,7.33186884258517
NGA,Nigeria,2025,NY.GDP.MKTP.KD.ZG,4.01336180700973
NGA,Nigeria,2024,NY.GDP.MKTP.KD.ZG,4.07106650147703
NGA,Nigeria,2023,NY.GDP.MKTP.KD.ZG,3.31590368111438
NGA,Nigeria,2022,NY.GDP.MKTP.KD.ZG,4.31882949157136
NGA,Nigeria,2021,NY.GDP.MKTP.KD.ZG,1.109252540249
NGA,Nigeria,2020,NY.GDP.MKTP.KD.ZG,-6.36889840468527
NGA,Nigeria,2019,NY.GDP.MKTP.KD.ZG,2.20842927835211
NGA,Nigeria,2018,NY.GDP.MKTP.KD.ZG,1.92275734199798
NGA,Nigeria,2017,NY.GDP.MKTP.KD.ZG,0.805886619091581
NGA,Nigeria,2016,NY.GDP.MKTP.KD.ZG,-1.61686894903467
NGA,Nigeria,2015,NY.GDP.MKTP.KD.ZG,2.65269329541779
NGA,Nigeria,2014,NY.GDP.MKTP.KD.ZG,6.30971865521856
NGA,Nigeria,2013,NY.GDP.MKTP.KD.ZG,6.67133539308232
NGA,Nigeria,2012,NY.GDP.MKTP.KD.ZG,4.23006117492493
NGA,Nigeria,2011,NY.GDP.MKTP.KD.ZG,5.30792420293915
NGA,Nigeria,2010,NY.GDP.MKTP.KD.ZG,8.00565591623166
NGA,Nigeria,2009,NY.GDP.MKTP.KD.ZG,8.03692510100366
NGA,Nigeria,2008,NY.GDP.MKTP.KD.ZG,6.76447277784263
NGA,Nigeria,2007,NY.GDP.MKTP.KD.ZG,6.59113036066867
NGA,Nigeria,2006,NY.GDP.MKTP.KD.ZG,6.05942803202491
NGA,Nigeria,2005,NY.GDP.MKTP.KD.ZG,6.43851652535925
MKD,North Macedonia,2025,NY.GDP.MKTP.KD.ZG,3.48706619829503
MKD,North Macedonia,2024,NY.GDP.MKTP.KD.ZG,2.99373536567732
MKD,North Macedonia,2023,NY.GDP.MKTP.KD.ZG,2.554965253403
MKD,North Macedonia,2022,NY.GDP.MKTP.KD.ZG,2.75888415332967
MKD,North Macedonia,2021,NY.GDP.MKTP.KD.ZG,4.51067949038222
MKD,North Macedonia,2020,NY.GDP.MKTP.KD.ZG,-4.68845000956652
MKD,North Macedonia,2019,NY.GDP.MKTP.KD.ZG,3.91041953840173
MKD,North Macedonia,2018,NY.GDP.MKTP.KD.ZG,2.88059670964267
MKD,North Macedonia,2017,NY.GDP.MKTP.KD.ZG,1.08177273813243
MKD,North Macedonia,2016,NY.GDP.MKTP.KD.ZG,2.84820519363306
MKD,North Macedonia,2015,NY.GDP.MKTP.KD.ZG,3.85586514041738
MKD,North Macedonia,2014,NY.GDP.MKTP.KD.ZG,3.62912351276373
MKD,North Macedonia,2013,NY.GDP.MKTP.KD.ZG,2.92525766450484
MKD,North Macedonia,2012,NY.GDP.MKTP.KD.ZG,-0.456183223607937
MKD,North Macedonia,2011,NY.GDP.MKTP.KD.ZG,2.33988604520331
MKD,North Macedonia,2010,NY.GDP.MKTP.KD.ZG,3.35875085773812
MKD,North Macedonia,2009,NY.GDP.MKTP.KD.ZG,-0.358614856979671
MKD,North Macedonia,2008,NY.GDP.MKTP.KD.ZG,5.47200139015595
MKD,North Macedonia,2007,NY.GDP.MKTP.KD.ZG,6.47348685752347
MKD,North Macedonia,2006,NY.GDP.MKTP.KD.ZG,5.13702516153505
MKD,North Macedonia,2005,NY.GDP.MKTP.KD.ZG,4.72408864201974
MNP,Northern Mariana Islands,2022,NY.GDP.MKTP.KD.ZG,16.6427546628408
MNP,Northern Mariana Islands,2021,NY.GDP.MKTP.KD.ZG,4.96987951807229
MNP,Northern Mariana Islands,2020,NY.GDP.MKTP.KD.ZG,-29.0598290598291
MNP,Northern Mariana Islands,2019,NY.GDP.MKTP.KD.ZG,-11.4474929044465
MNP,Northern Mariana Islands,2018,NY.GDP.MKTP.KD.ZG,-19.4973343488195
MNP,Northern Mariana Islands,2017,NY.GDP.MKTP.KD.ZG,23.1707317073171
MNP,Northern Mariana Islands,2016,NY.GDP.MKTP.KD.ZG,29.2121212121212
MNP,Northern Mariana Islands,2015,NY.GDP.MKTP.KD.ZG,3.38345864661653
MNP,Northern Mariana Islands,2014,NY.GDP.MKTP.KD.ZG,4.177545691906
MNP,Northern Mariana Islands,2013,NY.GDP.MKTP.KD.ZG,2.68096514745308
MNP,Northern Mariana Islands,2012,NY.GDP.MKTP.KD.ZG,0.810810810810807
MNP,Northern Mariana Islands,2011,NY.GDP.MKTP.KD.ZG,-7.38423028785982
MNP,Northern Mariana Islands,2010,NY.GDP.MKTP.KD.ZG,1.3959390862944
MNP,Northern Mariana Islands,2009,NY.GDP.MKTP.KD.ZG,-17.5732217573222
MNP,Northern Mariana Islands,2008,NY.GDP.MKTP.KD.ZG,-11.0697674418605
MNP,Northern Mariana Islands,2007,NY.GDP.MKTP.KD.ZG,-6.68402777777779
MNP,Northern Mariana Islands,2006,NY.GDP.MKTP.KD.ZG,-6.87146321746161
MNP,Northern Mariana Islands,2005,NY.GDP.MKTP.KD.ZG,-12.7028934368384
NOR,Norway,2025,NY.GDP.MKTP.KD.ZG,1.08528185031417
NOR,Norway,2024,NY.GDP.MKTP.KD.ZG,1.42372134524737
NOR,Norway,2023,NY.GDP.MKTP.KD.ZG,0.352695581319765
NOR,Norway,2022,NY.GDP.MKTP.KD.ZG,4.08039770659241
NOR,Norway,2021,NY.GDP.MKTP.KD.ZG,4.14314688769197
NOR,Norway,2020,NY.GDP.MKTP.KD.ZG,-1.36055723261586
NOR,Norway,2019,NY.GDP.MKTP.KD.ZG,1.46970781954143
NOR,Norway,2018,NY.GDP.MKTP.KD.ZG,1.1103912365576
NOR,Norway,2017,NY.GDP.MKTP.KD.ZG,2.66964474273466
NOR,Norway,2016,NY.GDP.MKTP.KD.ZG,1.29158732771135
NOR,Norway,2015,NY.GDP.MKTP.KD.ZG,2.04428845501438
NOR,Norway,2014,NY.GDP.MKTP.KD.ZG,2.09521388080101
NOR,Norway,2013,NY.GDP.MKTP.KD.ZG,1.27290177696287
NOR,Norway,2012,NY.GDP.MKTP.KD.ZG,2.82395673492459
NOR,Norway,2011,NY.GDP.MKTP.KD.ZG,1.38505117083945
NOR,Norway,2010,NY.GDP.MKTP.KD.ZG,1.00493269017117
NOR,Norway,2009,NY.GDP.MKTP.KD.ZG,-1.61327151945869
NOR,Norway,2008,NY.GDP.MKTP.KD.ZG,0.822805797014865
NOR,Norway,2007,NY.GDP.MKTP.KD.ZG,3.42030119916608
NOR,Norway,2006,NY.GDP.MKTP.KD.ZG,2.84726376691944
NOR,Norway,2005,NY.GDP.MKTP.KD.ZG,2.96973597025936
OMN,Oman,2025,NY.GDP.MKTP.KD.ZG,2.39787382295398
OMN,Oman,2024,NY.GDP.MKTP.KD.ZG,1.63163231397978
OMN,Oman,2023,NY.GDP.MKTP.KD.ZG,1.41401383200161
OMN,Oman,2022,NY.GDP.MKTP.KD.ZG,7.98570728354278
OMN,Oman,2021,NY.GDP.MKTP.KD.ZG,2.5821749892893
OMN,Oman,2020,NY.GDP.MKTP.KD.ZG,-3.37972052697999
OMN,Oman,2019,NY.GDP.MKTP.KD.ZG,-1.12863801728058
OMN,Oman,2018,NY.GDP.MKTP.KD.ZG,1.28710391543288
OMN,Oman,2017,NY.GDP.MKTP.KD.ZG,0.304057565922449
OMN,Oman,2016,NY.GDP.MKTP.KD.ZG,5.04642394571691
OMN,Oman,2015,NY.GDP.MKTP.KD.ZG,5.01705799719045
OMN,Oman,2014,NY.GDP.MKTP.KD.ZG,1.29225229411081
OMN,Oman,2013,NY.GDP.MKTP.KD.ZG,5.22770408145942
OMN,Oman,2012,NY.GDP.MKTP.KD.ZG,8.86312225557018
OMN,Oman,2011,NY.GDP.MKTP.KD.ZG,2.89460973541192
OMN,Oman,2010,NY.GDP.MKTP.KD.ZG,2.47199856582773
OMN,Oman,2009,NY.GDP.MKTP.KD.ZG,5.98196694904402
OMN,Oman,2008,NY.GDP.MKTP.KD.ZG,8.95005895005896
OMN,Oman,2007,NY.GDP.MKTP.KD.ZG,4.98065467051528
OMN,Oman,2006,NY.GDP.MKTP.KD.ZG,4.66981481939328
OMN,Oman,2005,NY.GDP.MKTP.KD.ZG,2.77944360306151
PAK,Pakistan,2025,NY.GDP.MKTP.KD.ZG,3.69842668749033
PAK,Pakistan,2024,NY.GDP.MKTP.KD.ZG,3.08176295579301
PAK,Pakistan,2023,NY.GDP.MKTP.KD.ZG,-0.414935997088406
PAK,Pakistan,2022,NY.GDP.MKTP.KD.ZG,4.7781068690358
PAK,Pakistan,2021,NY.GDP.MKTP.KD.ZG,6.51388575852702
PAK,Pakistan,2020,NY.GDP.MKTP.KD.ZG,-1.27408744338709
PAK,Pakistan,2019,NY.GDP.MKTP.KD.ZG,2.49763692943365
PAK,Pakistan,2018,NY.GDP.MKTP.KD.ZG,6.15170261099519
PAK,Pakistan,2017,NY.GDP.MKTP.KD.ZG,4.43262590683975
PAK,Pakistan,2016,NY.GDP.MKTP.KD.ZG,6.57383828511043
PAK,Pakistan,2015,NY.GDP.MKTP.KD.ZG,4.21794209572506
PAK,Pakistan,2014,NY.GDP.MKTP.KD.ZG,4.11642817161422
PAK,Pakistan,2013,NY.GDP.MKTP.KD.ZG,4.36686504978387
PAK,Pakistan,2012,NY.GDP.MKTP.KD.ZG,3.02758391088629
PAK,Pakistan,2011,NY.GDP.MKTP.KD.ZG,2.68011685421705
PAK,Pakistan,2010,NY.GDP.MKTP.KD.ZG,1.50171752152883
PAK,Pakistan,2009,NY.GDP.MKTP.KD.ZG,3.47255059567348
PAK,Pakistan,2008,NY.GDP.MKTP.KD.ZG,2.1204410433083
PAK,Pakistan,2007,NY.GDP.MKTP.KD.ZG,4.4448143398844
PAK,Pakistan,2006,NY.GDP.MKTP.KD.ZG,6.05163767569996
PAK,Pakistan,2005,NY.GDP.MKTP.KD.ZG,7.2765744364722
PLW,Palau,2025,NY.GDP.MKTP.KD.ZG,6.28637654202731
PLW,Palau,2024,NY.GDP.MKTP.KD.ZG,12.0059720184866
PLW,Palau,2023,NY.GDP.MKTP.KD.ZG,1.22284844405733
PLW,Palau,2022,NY.GDP.MKTP.KD.ZG,-0.462879543823192
PLW,Palau,2021,NY.GDP.MKTP.KD.ZG,-11.9146400192064
PLW,Palau,2020,NY.GDP.MKTP.KD.ZG,-6.00740723664144
PLW,Palau,2019,NY.GDP.MKTP.KD.ZG,0.300684343692609
PLW,Palau,2018,NY.GDP.MKTP.KD.ZG,-0.417625859260369
PLW,Palau,2017,NY.GDP.MKTP.KD.ZG,-3.42143170174889
PLW,Palau,2016,NY.GDP.MKTP.KD.ZG,1.66650688235592
PLW,Palau,2015,NY.GDP.MKTP.KD.ZG,8.57000568228419
PLW,Palau,2014,NY.GDP.MKTP.KD.ZG,4.21392368136632
PLW,Palau,2013,NY.GDP.MKTP.KD.ZG,-1.39368330622723
PLW,Palau,2012,NY.GDP.MKTP.KD.ZG,2.06132919740671
PLW,Palau,2011,NY.GDP.MKTP.KD.ZG,4.5453422056307
PLW,Palau,2010,NY.GDP.MKTP.KD.ZG,-3.02648271979963
PLW,Palau,2009,NY.GDP.MKTP.KD.ZG,-6.19509416666021
PLW,Palau,2008,NY.GDP.MKTP.KD.ZG,-5.55349767521281
PLW,Palau,2007,NY.GDP.MKTP.KD.ZG,0.687060932625798
PLW,Palau,2006,NY.GDP.MKTP.KD.ZG,0.228102952380539
PLW,Palau,2005,NY.GDP.MKTP.KD.ZG,2.88482026504025
PAN,Panama,2025,NY.GDP.MKTP.KD.ZG,4.35030460627731
PAN,Panama,2024,NY.GDP.MKTP.KD.ZG,2.74784148771307
PAN,Panama,2023,NY.GDP.MKTP.KD.ZG,7.16634016390665
PAN,Panama,2022,NY.GDP.MKTP.KD.ZG,11.0386022908773
PAN,Panama,2021,NY.GDP.MKTP.KD.ZG,16.4669992022652
PAN,Panama,2020,NY.GDP.MKTP.KD.ZG,-17.8211174074602
PAN,Panama,2019,NY.GDP.MKTP.KD.ZG,3.10295395631086
PAN,Panama,2018,NY.GDP.MKTP.KD.ZG,3.91824253321265
PAN,Panama,2017,NY.GDP.MKTP.KD.ZG,5.7440594635578
PAN,Panama,2016,NY.GDP.MKTP.KD.ZG,4.57196707937275
PAN,Panama,2015,NY.GDP.MKTP.KD.ZG,5.26691719595516
PAN,Panama,2014,NY.GDP.MKTP.KD.ZG,4.62581375565551
PAN,Panama,2013,NY.GDP.MKTP.KD.ZG,6.32435388662846
PAN,Panama,2012,NY.GDP.MKTP.KD.ZG,9.62729346439019
PAN,Panama,2011,NY.GDP.MKTP.KD.ZG,11.9088772249531
PAN,Panama,2010,NY.GDP.MKTP.KD.ZG,6.07339353106087
PAN,Panama,2009,NY.GDP.MKTP.KD.ZG,1.61186405976055
PAN,Panama,2008,NY.GDP.MKTP.KD.ZG,10.1974325907958
PAN,Panama,2007,NY.GDP.MKTP.KD.ZG,13.1530653782933
PAN,Panama,2006,NY.GDP.MKTP.KD.ZG,9.85723870564752
PAN,Panama,2005,NY.GDP.MKTP.KD.ZG,8.27618334503531
PNG,Papua New Guinea,2025,NY.GDP.MKTP.KD.ZG,5.63792052319458
PNG,Papua New Guinea,2024,NY.GDP.MKTP.KD.ZG,3.88795324667848
PNG,Papua New Guinea,2023,NY.GDP.MKTP.KD.ZG,3.81046308333708
PNG,Papua New Guinea,2022,NY.GDP.MKTP.KD.ZG,5.70701964996525
PNG,Papua New Guinea,2021,NY.GDP.MKTP.KD.ZG,-0.510612607034361
PNG,Papua New Guinea,2020,NY.GDP.MKTP.KD.ZG,-3.16743204434815
PNG,Papua New Guinea,2019,NY.GDP.MKTP.KD.ZG,4.48051456942582
PNG,Papua New Guinea,2018,NY.GDP.MKTP.KD.ZG,-0.279252284959952
PNG,Papua New Guinea,2017,NY.GDP.MKTP.KD.ZG,3.53461081750459
PNG,Papua New Guinea,2016,NY.GDP.MKTP.KD.ZG,5.48957315278187
PNG,Papua New Guinea,2015,NY.GDP.MKTP.KD.ZG,6.57835632304275
PNG,Papua New Guinea,2014,NY.GDP.MKTP.KD.ZG,13.5437706216546
PNG,Papua New Guinea,2013,NY.GDP.MKTP.KD.ZG,3.82494632800675
PNG,Papua New Guinea,2012,NY.GDP.MKTP.KD.ZG,4.65711959686239
PNG,Papua New Guinea,2011,NY.GDP.MKTP.KD.ZG,1.10754362619616
PNG,Papua New Guinea,2010,NY.GDP.MKTP.KD.ZG,10.1284540720232
PNG,Papua New Guinea,2009,NY.GDP.MKTP.KD.ZG,6.80042148322096
PNG,Papua New Guinea,2008,NY.GDP.MKTP.KD.ZG,-0.296457845880582
PNG,Papua New Guinea,2007,NY.GDP.MKTP.KD.ZG,7.81518922862388
PNG,Papua New Guinea,2006,NY.GDP.MKTP.KD.ZG,5.40994409107307
PNG,Papua New Guinea,2005,NY.GDP.MKTP.KD.ZG,6.34479592309654
PRY,Paraguay,2025,NY.GDP.MKTP.KD.ZG,6.64262511156879
PRY,Paraguay,2024,NY.GDP.MKTP.KD.ZG,4.66914577981763
PRY,Paraguay,2023,NY.GDP.MKTP.KD.ZG,5.28584584975323
PRY,Paraguay,2022,NY.GDP.MKTP.KD.ZG,-0.0280771723899278
PRY,Paraguay,2021,NY.GDP.MKTP.KD.ZG,3.99461510731535
PRY,Paraguay,2020,NY.GDP.MKTP.KD.ZG,-0.819785390971916
PRY,Paraguay,2019,NY.GDP.MKTP.KD.ZG,-0.40185510068001
PRY,Paraguay,2018,NY.GDP.MKTP.KD.ZG,3.20425034076639
PRY,Paraguay,2017,NY.GDP.MKTP.KD.ZG,4.81007885554041
PRY,Paraguay,2016,NY.GDP.MKTP.KD.ZG,4.26802583314583
PRY,Paraguay,2015,NY.GDP.MKTP.KD.ZG,2.95715168367079
PRY,Paraguay,2014,NY.GDP.MKTP.KD.ZG,5.30123864473624
PRY,Paraguay,2013,NY.GDP.MKTP.KD.ZG,8.29307648940471
PRY,Paraguay,2012,NY.GDP.MKTP.KD.ZG,-0.708043112316886
PRY,Paraguay,2011,NY.GDP.MKTP.KD.ZG,4.28637120702282
PRY,Paraguay,2010,NY.GDP.MKTP.KD.ZG,11.0952312685521
PRY,Paraguay,2009,NY.GDP.MKTP.KD.ZG,-0.261137328080281
PRY,Paraguay,2008,NY.GDP.MKTP.KD.ZG,6.4962921197091
PRY,Paraguay,2007,NY.GDP.MKTP.KD.ZG,5.42162287218235
PRY,Paraguay,2006,NY.GDP.MKTP.KD.ZG,4.80711719268376
PRY,Paraguay,2005,NY.GDP.MKTP.KD.ZG,2.13349066459601
PER,Peru,2025,NY.GDP.MKTP.KD.ZG,3.43056395124466
PER,Peru,2024,NY.GDP.MKTP.KD.ZG,3.5152749274832
PER,Peru,2023,NY.GDP.MKTP.KD.ZG,-0.350699814345759
PER,Peru,2022,NY.GDP.MKTP.KD.ZG,2.81819976419922
PER,Peru,2021,NY.GDP.MKTP.KD.ZG,13.4166456126513
PER,Peru,2020,NY.GDP.MKTP.KD.ZG,-10.9333065010382
PER,Peru,2019,NY.GDP.MKTP.KD.ZG,2.24063176875049
PER,Peru,2018,NY.GDP.MKTP.KD.ZG,3.969351341365
PER,Peru,2017,NY.GDP.MKTP.KD.ZG,2.51883544233135
PER,Peru,2016,NY.GDP.MKTP.KD.ZG,3.95331871520767
PER,Peru,2015,NY.GDP.MKTP.KD.ZG,3.25224477218451
PER,Peru,2014,NY.GDP.MKTP.KD.ZG,2.38215737180541
PER,Peru,2013,NY.GDP.MKTP.KD.ZG,5.85251821084928
PER,Peru,2012,NY.GDP.MKTP.KD.ZG,6.13972470560435
PER,Peru,2011,NY.GDP.MKTP.KD.ZG,6.32719240161117
PER,Peru,2010,NY.GDP.MKTP.KD.ZG,8.33245910749577
PER,Peru,2009,NY.GDP.MKTP.KD.ZG,1.0958236592427
PER,Peru,2008,NY.GDP.MKTP.KD.ZG,9.1265683014642
PER,Peru,2007,NY.GDP.MKTP.KD.ZG,8.5183877690955
PER,Peru,2006,NY.GDP.MKTP.KD.ZG,7.5288990440594
PER,Peru,2005,NY.GDP.MKTP.KD.ZG,6.28506032509601
PHL,Philippines,2025,NY.GDP.MKTP.KD.ZG,4.40240158710621
PHL,Philippines,2024,NY.GDP.MKTP.KD.ZG,5.71474526128652
PHL,Philippines,2023,NY.GDP.MKTP.KD.ZG,5.51894967856043
PHL,Philippines,2022,NY.GDP.MKTP.KD.ZG,7.58098212785563
PHL,Philippines,2021,NY.GDP.MKTP.KD.ZG,5.71473313185116
PHL,Philippines,2020,NY.GDP.MKTP.KD.ZG,-9.51829474045297
PHL,Philippines,2019,NY.GDP.MKTP.KD.ZG,6.11852566221303
PHL,Philippines,2018,NY.GDP.MKTP.KD.ZG,6.34148557153473
PHL,Philippines,2017,NY.GDP.MKTP.KD.ZG,6.9309883258402
PHL,Philippines,2016,NY.GDP.MKTP.KD.ZG,7.14945675000752
PHL,Philippines,2015,NY.GDP.MKTP.KD.ZG,6.34830971672761
PHL,Philippines,2014,NY.GDP.MKTP.KD.ZG,6.34798748260867
PHL,Philippines,2013,NY.GDP.MKTP.KD.ZG,6.75053130142255
PHL,Philippines,2012,NY.GDP.MKTP.KD.ZG,6.89695171050985
PHL,Philippines,2011,NY.GDP.MKTP.KD.ZG,3.85823282795663
PHL,Philippines,2010,NY.GDP.MKTP.KD.ZG,7.33449996034538
PHL,Philippines,2009,NY.GDP.MKTP.KD.ZG,1.44832306275669
PHL,Philippines,2008,NY.GDP.MKTP.KD.ZG,4.34448730509183
PHL,Philippines,2007,NY.GDP.MKTP.KD.ZG,6.51929155018938
PHL,Philippines,2006,NY.GDP.MKTP.KD.ZG,5.31641682136939
PHL,Philippines,2005,NY.GDP.MKTP.KD.ZG,4.94250511877678
POL,Poland,2025,NY.GDP.MKTP.KD.ZG,3.5727250346774
POL,Poland,2024,NY.GDP.MKTP.KD.ZG,3.02841630700273
POL,Poland,2023,NY.GDP.MKTP.KD.ZG,0.249610834017872
POL,Poland,2022,NY.GDP.MKTP.KD.ZG,5.25545697386036
POL,Poland,2021,NY.GDP.MKTP.KD.ZG,6.92718266052501
POL,Poland,2020,NY.GDP.MKTP.KD.ZG,-2.03556882399977
POL,Poland,2019,NY.GDP.MKTP.KD.ZG,4.58045817256199
POL,Poland,2018,NY.GDP.MKTP.KD.ZG,6.2458584723942
POL,Poland,2017,NY.GDP.MKTP.KD.ZG,5.15245773325907
POL,Poland,2016,NY.GDP.MKTP.KD.ZG,3.03117767594847
POL,Poland,2015,NY.GDP.MKTP.KD.ZG,4.43176700264478
POL,Poland,2014,NY.GDP.MKTP.KD.ZG,3.92050862390032
POL,Poland,2013,NY.GDP.MKTP.KD.ZG,0.684240607051805
POL,Poland,2012,NY.GDP.MKTP.KD.ZG,1.51178167644575
POL,Poland,2011,NY.GDP.MKTP.KD.ZG,5.25546256612796
POL,Poland,2010,NY.GDP.MKTP.KD.ZG,3.16892748258036
POL,Poland,2009,NY.GDP.MKTP.KD.ZG,2.61512859291683
POL,Poland,2008,NY.GDP.MKTP.KD.ZG,4.38377069274605
POL,Poland,2007,NY.GDP.MKTP.KD.ZG,6.7604478527626
POL,Poland,2006,NY.GDP.MKTP.KD.ZG,6.20210710934373
POL,Poland,2005,NY.GDP.MKTP.KD.ZG,3.26082274679216
PRT,Portugal,2025,NY.GDP.MKTP.KD.ZG,1.86448007464475
PRT,Portugal,2024,NY.GDP.MKTP.KD.ZG,2.21459232301109
PRT,Portugal,2023,NY.GDP.MKTP.KD.ZG,3.09998745904281
PRT,Portugal,2022,NY.GDP.MKTP.KD.ZG,6.98584137580278
PRT,Portugal,2021,NY.GDP.MKTP.KD.ZG,5.55875672070374
PRT,Portugal,2020,NY.GDP.MKTP.KD.ZG,-8.20463159324387
PRT,Portugal,2019,NY.GDP.MKTP.KD.ZG,2.74568432648596
PRT,Portugal,2018,NY.GDP.MKTP.KD.ZG,2.94628343449202
PRT,Portugal,2017,NY.GDP.MKTP.KD.ZG,3.31472008175986
PRT,Portugal,2016,NY.GDP.MKTP.KD.ZG,2.00414129666575
PRT,Portugal,2015,NY.GDP.MKTP.KD.ZG,1.58979803702681
PRT,Portugal,2014,NY.GDP.MKTP.KD.ZG,0.741391420706506
PRT,Portugal,2013,NY.GDP.MKTP.KD.ZG,-0.984106574148328
PRT,Portugal,2012,NY.GDP.MKTP.KD.ZG,-4.05090267621935
PRT,Portugal,2011,NY.GDP.MKTP.KD.ZG,-1.71352745905065
PRT,Portugal,2010,NY.GDP.MKTP.KD.ZG,1.73762453640036
PRT,Portugal,2009,NY.GDP.MKTP.KD.ZG,-3.12207827545093
PRT,Portugal,2008,NY.GDP.MKTP.KD.ZG,0.319247344434558
PRT,Portugal,2007,NY.GDP.MKTP.KD.ZG,2.50657937751231
PRT,Portugal,2006,NY.GDP.MKTP.KD.ZG,1.62503532956156
PRT,Portugal,2005,NY.GDP.MKTP.KD.ZG,0.781847569123585
PRI,Puerto Rico (US),2025,NY.GDP.MKTP.KD.ZG,0.317670046196895
PRI,Puerto Rico (US),2024,NY.GDP.MKTP.KD.ZG,3.17707554784896
PRI,Puerto Rico (US),2023,NY.GDP.MKTP.KD.ZG,0.731492105366186
PRI,Puerto Rico (US),2022,NY.GDP.MKTP.KD.ZG,2.95709565499587
PRI,Puerto Rico (US),2021,NY.GDP.MKTP.KD.ZG,0.385222719529239
PRI,Puerto Rico (US),2020,NY.GDP.MKTP.KD.ZG,-4.1808743093346
PRI,Puerto Rico (US),2019,NY.GDP.MKTP.KD.ZG,1.67546379498209
PRI,Puerto Rico (US),2018,NY.GDP.MKTP.KD.ZG,-4.36142703162535
PRI,Puerto Rico (US),2017,NY.GDP.MKTP.KD.ZG,-2.88521838398481
PRI,Puerto Rico (US),2016,NY.GDP.MKTP.KD.ZG,-1.26369434781117
PRI,Puerto Rico (US),2015,NY.GDP.MKTP.KD.ZG,-1.04929003238674
PRI,Puerto Rico (US),2014,NY.GDP.MKTP.KD.ZG,-1.19036347346942
PRI,Puerto Rico (US),2013,NY.GDP.MKTP.KD.ZG,-0.306826666941774
PRI,Puerto Rico (US),2012,NY.GDP.MKTP.KD.ZG,0.0292751500944064
PRI,Puerto Rico (US),2011,NY.GDP.MKTP.KD.ZG,-0.358510636850312
PRI,Puerto Rico (US),2010,NY.GDP.MKTP.KD.ZG,-0.413254119172365
PRI,Puerto Rico (US),2009,NY.GDP.MKTP.KD.ZG,-1.95242518381124
PRI,Puerto Rico (US),2008,NY.GDP.MKTP.KD.ZG,-1.84413421831884
PRI,Puerto Rico (US),2007,NY.GDP.MKTP.KD.ZG,-1.16280665573993
PRI,Puerto Rico (US),2006,NY.GDP.MKTP.KD.ZG,-1.40941405684823
PRI,Puerto Rico (US),2005,NY.GDP.MKTP.KD.ZG,-1.98693871772703
QAT,Qatar,2025,NY.GDP.MKTP.KD.ZG,2.90166036660493
QAT,Qatar,2024,NY.GDP.MKTP.KD.ZG,3.10963283242745
QAT,Qatar,2023,NY.GDP.MKTP.KD.ZG,1.18715991623776
QAT,Qatar,2022,NY.GDP.MKTP.KD.ZG,4.18500970982862
QAT,Qatar,2021,NY.GDP.MKTP.KD.ZG,1.62684671918775
QAT,Qatar,2020,NY.GDP.MKTP.KD.ZG,-3.5576039896784
QAT,Qatar,2019,NY.GDP.MKTP.KD.ZG,0.688240954592672
QAT,Qatar,2018,NY.GDP.MKTP.KD.ZG,1.23487220191065
QAT,Qatar,2017,NY.GDP.MKTP.KD.ZG,-1.49760470227838
QAT,Qatar,2016,NY.GDP.MKTP.KD.ZG,3.06419188430156
QAT,Qatar,2015,NY.GDP.MKTP.KD.ZG,4.75334572438737
QAT,Qatar,2014,NY.GDP.MKTP.KD.ZG,4.11911527912761
QAT,Qatar,2013,NY.GDP.MKTP.KD.ZG,4.43070196521455
QAT,Qatar,2012,NY.GDP.MKTP.KD.ZG,4.62623675511804
QAT,Qatar,2011,NY.GDP.MKTP.KD.ZG,13.0214050496923
QAT,Qatar,2010,NY.GDP.MKTP.KD.ZG,16.7315558489187
QAT,Qatar,2009,NY.GDP.MKTP.KD.ZG,11.9575512911227
QAT,Qatar,2008,NY.GDP.MKTP.KD.ZG,17.6630346842674
QAT,Qatar,2007,NY.GDP.MKTP.KD.ZG,17.9852165615129
QAT,Qatar,2006,NY.GDP.MKTP.KD.ZG,26.17039955781
QAT,Qatar,2005,NY.GDP.MKTP.KD.ZG,7.49272803754515
ROU,Romania,2025,NY.GDP.MKTP.KD.ZG,0.677829835052762
ROU,Romania,2024,NY.GDP.MKTP.KD.ZG,0.916003764382594
ROU,Romania,2023,NY.GDP.MKTP.KD.ZG,2.25773416555121
ROU,Romania,2022,NY.GDP.MKTP.KD.ZG,4.18771305104109
ROU,Romania,2021,NY.GDP.MKTP.KD.ZG,5.58735072538869
ROU,Romania,2020,NY.GDP.MKTP.KD.ZG,-3.59802546034757
ROU,Romania,2019,NY.GDP.MKTP.KD.ZG,3.96028958497598
ROU,Romania,2018,NY.GDP.MKTP.KD.ZG,5.39452228185675
ROU,Romania,2017,NY.GDP.MKTP.KD.ZG,8.19547826641261
ROU,Romania,2016,NY.GDP.MKTP.KD.ZG,2.85993252302089
ROU,Romania,2015,NY.GDP.MKTP.KD.ZG,3.1570360543854
ROU,Romania,2014,NY.GDP.MKTP.KD.ZG,4.11600109267832
ROU,Romania,2013,NY.GDP.MKTP.KD.ZG,0.278771877470234
ROU,Romania,2012,NY.GDP.MKTP.KD.ZG,1.90361696799603
ROU,Romania,2011,NY.GDP.MKTP.KD.ZG,4.49558909946313
ROU,Romania,2010,NY.GDP.MKTP.KD.ZG,-3.90581157302972
ROU,Romania,2009,NY.GDP.MKTP.KD.ZG,-5.51670615843011
ROU,Romania,2008,NY.GDP.MKTP.KD.ZG,9.30746717077338
ROU,Romania,2007,NY.GDP.MKTP.KD.ZG,7.23380774362805
ROU,Romania,2006,NY.GDP.MKTP.KD.ZG,8.02881107599163
ROU,Romania,2005,NY.GDP.MKTP.KD.ZG,4.6681480508487
RUS,Russian Federation,2025,NY.GDP.MKTP.KD.ZG,1.00117656925738
RUS,Russian Federation,2024,NY.GDP.MKTP.KD.ZG,4.92167966203073
RUS,Russian Federation,2023,NY.GDP.MKTP.KD.ZG,4.06661395813023
RUS,Russian Federation,2022,NY.GDP.MKTP.KD.ZG,-1.43537063467896
RUS,Russian Federation,2021,NY.GDP.MKTP.KD.ZG,5.866491772979
RUS,Russian Federation,2020,NY.GDP.MKTP.KD.ZG,-2.65365449695453
RUS,Russian Federation,2019,NY.GDP.MKTP.KD.ZG,2.19807571381982
RUS,Russian Federation,2018,NY.GDP.MKTP.KD.ZG,2.80634082046656
RUS,Russian Federation,2017,NY.GDP.MKTP.KD.ZG,1.82670527549192
RUS,Russian Federation,2016,NY.GDP.MKTP.KD.ZG,0.193671130698817
RUS,Russian Federation,2015,NY.GDP.MKTP.KD.ZG,-1.9727192264298
RUS,Russian Federation,2014,NY.GDP.MKTP.KD.ZG,0.736267221403651
RUS,Russian Federation,2013,NY.GDP.MKTP.KD.ZG,1.75542214916291
RUS,Russian Federation,2012,NY.GDP.MKTP.KD.ZG,4.0240861571798
RUS,Russian Federation,2011,NY.GDP.MKTP.KD.ZG,4.30002918604238
RUS,Russian Federation,2010,NY.GDP.MKTP.KD.ZG,4.49999999920672
RUS,Russian Federation,2009,NY.GDP.MKTP.KD.ZG,-7.79999391271275
RUS,Russian Federation,2008,NY.GDP.MKTP.KD.ZG,5.19996926404957
RUS,Russian Federation,2007,NY.GDP.MKTP.KD.ZG,8.49997776916511
RUS,Russian Federation,2006,NY.GDP.MKTP.KD.ZG,8.20006825456321
RUS,Russian Federation,2005,NY.GDP.MKTP.KD.ZG,6.39996544799469
RWA,Rwanda,2025,NY.GDP.MKTP.KD.ZG,9.37579834182446
RWA,Rwanda,2024,NY.GDP.MKTP.KD.ZG,7.22717103344534
RWA,Rwanda,2023,NY.GDP.MKTP.KD.ZG,8.55964292914153
RWA,Rwanda,2022,NY.GDP.MKTP.KD.ZG,9.82497394651698
RWA,Rwanda,2021,NY.GDP.MKTP.KD.ZG,8.41140448646523
RWA,Rwanda,2020,NY.GDP.MKTP.KD.ZG,-2.77710485515125
RWA,Rwanda,2019,NY.GDP.MKTP.KD.ZG,9.28613387454543
RWA,Rwanda,2018,NY.GDP.MKTP.KD.ZG,8.07084254621641
RWA,Rwanda,2017,NY.GDP.MKTP.KD.ZG,4.70393439751061
RWA,Rwanda,2016,NY.GDP.MKTP.KD.ZG,5.65874584202778
RWA,Rwanda,2015,NY.GDP.MKTP.KD.ZG,8.87036752872743
RWA,Rwanda,2014,NY.GDP.MKTP.KD.ZG,5.66845354233575
RWA,Rwanda,2013,NY.GDP.MKTP.KD.ZG,4.71984856950924
RWA,Rwanda,2012,NY.GDP.MKTP.KD.ZG,8.64150815708138
RWA,Rwanda,2011,NY.GDP.MKTP.KD.ZG,7.95838869909085
RWA,Rwanda,2010,NY.GDP.MKTP.KD.ZG,7.33465645016436
RWA,Rwanda,2009,NY.GDP.MKTP.KD.ZG,6.24825750704265
RWA,Rwanda,2008,NY.GDP.MKTP.KD.ZG,11.161247324054
RWA,Rwanda,2007,NY.GDP.MKTP.KD.ZG,7.63329819042882
RWA,Rwanda,2006,NY.GDP.MKTP.KD.ZG,9.22707576994632
RWA,Rwanda,2005,NY.GDP.MKTP.KD.ZG,9.37789916585375
WSM,Samoa,2025,NY.GDP.MKTP.KD.ZG,4.20440659006225
WSM,Samoa,2024,NY.GDP.MKTP.KD.ZG,4.7483863916535
WSM,Samoa,2023,NY.GDP.MKTP.KD.ZG,15.233606465518
WSM,Samoa,2022,NY.GDP.MKTP.KD.ZG,2.26705310780669
WSM,Samoa,2021,NY.GDP.MKTP.KD.ZG,-5.04350589708287
WSM,Samoa,2020,NY.GDP.MKTP.KD.ZG,-3.10864485863991
WSM,Samoa,2019,NY.GDP.MKTP.KD.ZG,4.45185891688691
WSM,Samoa,2018,NY.GDP.MKTP.KD.ZG,-0.609647103380141
WSM,Samoa,2017,NY.GDP.MKTP.KD.ZG,1.40628239971301
WSM,Samoa,2016,NY.GDP.MKTP.KD.ZG,7.9838628784713
WSM,Samoa,2015,NY.GDP.MKTP.KD.ZG,3.8503618166494
WSM,Samoa,2014,NY.GDP.MKTP.KD.ZG,0.659923768782861
WSM,Samoa,2013,NY.GDP.MKTP.KD.ZG,0.107293276488932
WSM,Samoa,2012,NY.GDP.MKTP.KD.ZG,-3.73213020890266
WSM,Samoa,2011,NY.GDP.MKTP.KD.ZG,3.84907794660396
WSM,Samoa,2010,NY.GDP.MKTP.KD.ZG,6.1247199226125
WSM,Samoa,2009,NY.GDP.MKTP.KD.ZG,-0.541677601834593
WSM,Samoa,2008,NY.GDP.MKTP.KD.ZG,3.55610467395
WSM,Samoa,2007,NY.GDP.MKTP.KD.ZG,0.485982550017255
WSM,Samoa,2006,NY.GDP.MKTP.KD.ZG,2.13212714677351
WSM,Samoa,2005,NY.GDP.MKTP.KD.ZG,6.63920361300734
SMR,San Marino,2023,NY.GDP.MKTP.KD.ZG,0.401932371532837
SMR,San Marino,2022,NY.GDP.MKTP.KD.ZG,7.89844678230362
SMR,San Marino,2021,NY.GDP.MKTP.KD.ZG,13.8977857594089
SMR,San Marino,2020,NY.GDP.MKTP.KD.ZG,-6.64791226034481
SMR,San Marino,2019,NY.GDP.MKTP.KD.ZG,2.06569082920953
SMR,San Marino,2018,NY.GDP.MKTP.KD.ZG,1.49390399796074
SMR,San Marino,2017,NY.GDP.MKTP.KD.ZG,0.258259899709444
SMR,San Marino,2016,NY.GDP.MKTP.KD.ZG,2.34441211810459
SMR,San Marino,2015,NY.GDP.MKTP.KD.ZG,2.29150309460655
SMR,San Marino,2014,NY.GDP.MKTP.KD.ZG,-0.702370500438988
SMR,San Marino,2013,NY.GDP.MKTP.KD.ZG,-0.78397212543554
SMR,San Marino,2012,NY.GDP.MKTP.KD.ZG,-7.04453441295546
SMR,San Marino,2011,NY.GDP.MKTP.KD.ZG,-8.3147735708983
SMR,San Marino,2010,NY.GDP.MKTP.KD.ZG,-5.47368421052632
SMR,San Marino,2009,NY.GDP.MKTP.KD.ZG,-10.3209565764632
SMR,San Marino,2008,NY.GDP.MKTP.KD.ZG,-0.500939261114581
SMR,San Marino,2007,NY.GDP.MKTP.KD.ZG,7.10932260228034
SMR,San Marino,2006,NY.GDP.MKTP.KD.ZG,3.83008356545962
SMR,San Marino,2005,NY.GDP.MKTP.KD.ZG,2.42510699001426
STP,Sao Tome and Principe,2025,NY.GDP.MKTP.KD.ZG,1.02847453097097
STP,Sao Tome and Principe,2024,NY.GDP.MKTP.KD.ZG,1.47888850952698
STP,Sao Tome and Principe,2023,NY.GDP.MKTP.KD.ZG,0.372252775001456
STP,Sao Tome and Principe,2022,NY.GDP.MKTP.KD.ZG,0.168698492216564
STP,Sao Tome and Principe,2021,NY.GDP.MKTP.KD.ZG,1.89929891337832
STP,Sao Tome and Principe,2020,NY.GDP.MKTP.KD.ZG,2.62485949543812
STP,Sao Tome and Principe,2019,NY.GDP.MKTP.KD.ZG,2.01431672129407
STP,Sao Tome and Principe,2018,NY.GDP.MKTP.KD.ZG,4.37812808264972
STP,Sao Tome and Principe,2017,NY.GDP.MKTP.KD.ZG,4.11297966281954
STP,Sao Tome and Principe,2016,NY.GDP.MKTP.KD.ZG,5.17682468684113
STP,Sao Tome and Principe,2015,NY.GDP.MKTP.KD.ZG,1.5397042826735
STP,Sao Tome and Principe,2014,NY.GDP.MKTP.KD.ZG,4.90621048664867
STP,Sao Tome and Principe,2013,NY.GDP.MKTP.KD.ZG,5.11967735428513
STP,Sao Tome and Principe,2012,NY.GDP.MKTP.KD.ZG,2.94294277416023
STP,Sao Tome and Principe,2011,NY.GDP.MKTP.KD.ZG,1.99943210333259
STP,Sao Tome and Principe,2010,NY.GDP.MKTP.KD.ZG,1.44845522890635
STP,Sao Tome and Principe,2009,NY.GDP.MKTP.KD.ZG,3.30239966645061
STP,Sao Tome and Principe,2008,NY.GDP.MKTP.KD.ZG,6.2287850696102
STP,Sao Tome and Principe,2007,NY.GDP.MKTP.KD.ZG,3.64147185166024
STP,Sao Tome and Principe,2006,NY.GDP.MKTP.KD.ZG,8.86610935944026
STP,Sao Tome and Principe,2005,NY.GDP.MKTP.KD.ZG,6.61462475033599
SAU,Saudi Arabia,2025,NY.GDP.MKTP.KD.ZG,4.50246560191663
SAU,Saudi Arabia,2024,NY.GDP.MKTP.KD.ZG,2.64893068308965
SAU,Saudi Arabia,2023,NY.GDP.MKTP.KD.ZG,0.542592439393161
SAU,Saudi Arabia,2022,NY.GDP.MKTP.KD.ZG,12.0005874752929
SAU,Saudi Arabia,2021,NY.GDP.MKTP.KD.ZG,6.51959698325419
SAU,Saudi Arabia,2020,NY.GDP.MKTP.KD.ZG,-3.80478901996312
SAU,Saudi Arabia,2019,NY.GDP.MKTP.KD.ZG,1.65158925617395
SAU,Saudi Arabia,2018,NY.GDP.MKTP.KD.ZG,3.2269508901591
SAU,Saudi Arabia,2017,NY.GDP.MKTP.KD.ZG,1.18210705878283
SAU,Saudi Arabia,2016,NY.GDP.MKTP.KD.ZG,1.70404739202878
SAU,Saudi Arabia,2015,NY.GDP.MKTP.KD.ZG,4.65512316652699
SAU,Saudi Arabia,2014,NY.GDP.MKTP.KD.ZG,4.02467158380668
SAU,Saudi Arabia,2013,NY.GDP.MKTP.KD.ZG,2.94563789152025
SAU,Saudi Arabia,2012,NY.GDP.MKTP.KD.ZG,5.76157382270968
SAU,Saudi Arabia,2011,NY.GDP.MKTP.KD.ZG,11.758820686671
SAU,Saudi Arabia,2010,NY.GDP.MKTP.KD.ZG,5.0395150823517
SAU,Saudi Arabia,2009,NY.GDP.MKTP.KD.ZG,-1.06671711240203
SAU,Saudi Arabia,2008,NY.GDP.MKTP.KD.ZG,6.2379875365458
SAU,Saudi Arabia,2007,NY.GDP.MKTP.KD.ZG,2.21365396372528
SAU,Saudi Arabia,2006,NY.GDP.MKTP.KD.ZG,3.31348473625901
SAU,Saudi Arabia,2005,NY.GDP.MKTP.KD.ZG,5.94489623934835
SEN,Senegal,2025,NY.GDP.MKTP.KD.ZG,6.68227744849194
SEN,Senegal,2024,NY.GDP.MKTP.KD.ZG,6.46220577412338
SEN,Senegal,2023,NY.GDP.MKTP.KD.ZG,4.25743083300657
SEN,Senegal,2022,NY.GDP.MKTP.KD.ZG,3.85043193752725
SEN,Senegal,2021,NY.GDP.MKTP.KD.ZG,6.5440010991951
SEN,Senegal,2020,NY.GDP.MKTP.KD.ZG,1.34207377285524
SEN,Senegal,2019,NY.GDP.MKTP.KD.ZG,4.6136280976221
SEN,Senegal,2018,NY.GDP.MKTP.KD.ZG,6.20924103388887
SEN,Senegal,2017,NY.GDP.MKTP.KD.ZG,7.40748618589598
SEN,Senegal,2016,NY.GDP.MKTP.KD.ZG,6.35606857208136
SEN,Senegal,2015,NY.GDP.MKTP.KD.ZG,6.36704365066983
SEN,Senegal,2014,NY.GDP.MKTP.KD.ZG,6.22407443790986
SEN,Senegal,2013,NY.GDP.MKTP.KD.ZG,2.41238527605579
SEN,Senegal,2012,NY.GDP.MKTP.KD.ZG,4.00299555090457
SEN,Senegal,2011,NY.GDP.MKTP.KD.ZG,1.33409107961258
SEN,Senegal,2010,NY.GDP.MKTP.KD.ZG,3.39088925336209
SEN,Senegal,2009,NY.GDP.MKTP.KD.ZG,2.75210448455053
SEN,Senegal,2008,NY.GDP.MKTP.KD.ZG,3.70316906391386
SEN,Senegal,2007,NY.GDP.MKTP.KD.ZG,2.82711920133374
SEN,Senegal,2006,NY.GDP.MKTP.KD.ZG,2.33077098330239
SEN,Senegal,2005,NY.GDP.MKTP.KD.ZG,4.31023852639633
SRB,Serbia,2025,NY.GDP.MKTP.KD.ZG,2.03039196235113
SRB,Serbia,2024,NY.GDP.MKTP.KD.ZG,3.94992622592932
SRB,Serbia,2023,NY.GDP.MKTP.KD.ZG,3.74793303561771
SRB,Serbia,2022,NY.GDP.MKTP.KD.ZG,2.70347705543654
SRB,Serbia,2021,NY.GDP.MKTP.KD.ZG,7.94905650472278
SRB,Serbia,2020,NY.GDP.MKTP.KD.ZG,-0.950023991851594
SRB,Serbia,2019,NY.GDP.MKTP.KD.ZG,4.75020793899014
SRB,Serbia,2018,NY.GDP.MKTP.KD.ZG,4.64935035491007
SRB,Serbia,2017,NY.GDP.MKTP.KD.ZG,2.3634031250553
SRB,Serbia,2016,NY.GDP.MKTP.KD.ZG,2.97519807160826
SRB,Serbia,2015,NY.GDP.MKTP.KD.ZG,1.2957386351958
SRB,Serbia,2014,NY.GDP.MKTP.KD.ZG,-1.80427041681132
SRB,Serbia,2013,NY.GDP.MKTP.KD.ZG,0.451578805330726
SRB,Serbia,2012,NY.GDP.MKTP.KD.ZG,-0.443956070983248
SRB,Serbia,2011,NY.GDP.MKTP.KD.ZG,0.0542724836581954
SRB,Serbia,2010,NY.GDP.MKTP.KD.ZG,1.61097281449412
SRB,Serbia,2009,NY.GDP.MKTP.KD.ZG,-3.14261075416574
SRB,Serbia,2008,NY.GDP.MKTP.KD.ZG,5.16089327231823
SRB,Serbia,2007,NY.GDP.MKTP.KD.ZG,7.83207023027602
SRB,Serbia,2006,NY.GDP.MKTP.KD.ZG,3.90066644620993
SRB,Serbia,2005,NY.GDP.MKTP.KD.ZG,5.90349622935489
SYC,Seychelles,2025,NY.GDP.MKTP.KD.ZG,5.79795669973812
SYC,Seychelles,2024,NY.GDP.MKTP.KD.ZG,3.34667429007052
SYC,Seychelles,2023,NY.GDP.MKTP.KD.ZG,5.17980996672414
SYC,Seychelles,2022,NY.GDP.MKTP.KD.ZG,9.88048366355446
SYC,Seychelles,2021,NY.GDP.MKTP.KD.ZG,0.552281631207279
SYC,Seychelles,2020,NY.GDP.MKTP.KD.ZG,-11.7398608281732
SYC,Seychelles,2019,NY.GDP.MKTP.KD.ZG,5.5142920737342
SYC,Seychelles,2018,NY.GDP.MKTP.KD.ZG,4.93947272254312
SYC,Seychelles,2017,NY.GDP.MKTP.KD.ZG,6.95416218794271
SYC,Seychelles,2016,NY.GDP.MKTP.KD.ZG,12.1175272453913
SYC,Seychelles,2015,NY.GDP.MKTP.KD.ZG,8.9140088750469
SYC,Seychelles,2014,NY.GDP.MKTP.KD.ZG,4.0636918123521
SYC,Seychelles,2013,NY.GDP.MKTP.KD.ZG,1.25373496242949
SYC,Seychelles,2012,NY.GDP.MKTP.KD.ZG,3.1106784939243
SYC,Seychelles,2011,NY.GDP.MKTP.KD.ZG,9.5097833517957
SYC,Seychelles,2010,NY.GDP.MKTP.KD.ZG,4.50513204312067
SYC,Seychelles,2009,NY.GDP.MKTP.KD.ZG,-2.47937594726137
SYC,Seychelles,2008,NY.GDP.MKTP.KD.ZG,-2.72594626154864
SYC,Seychelles,2007,NY.GDP.MKTP.KD.ZG,8.87606645570879
SYC,Seychelles,2006,NY.GDP.MKTP.KD.ZG,9.40612855732827
SYC,Seychelles,2005,NY.GDP.MKTP.KD.ZG,9.0057617374238
SLE,Sierra Leone,2025,NY.GDP.MKTP.KD.ZG,4.60865077581276
SLE,Sierra Leone,2024,NY.GDP.MKTP.KD.ZG,4.29322334404611
SLE,Sierra Leone,2023,NY.GDP.MKTP.KD.ZG,5.7100218981806
SLE,Sierra Leone,2022,NY.GDP.MKTP.KD.ZG,5.3135546141915
SLE,Sierra Leone,2021,NY.GDP.MKTP.KD.ZG,5.8968527047094
SLE,Sierra Leone,2020,NY.GDP.MKTP.KD.ZG,-1.2533490322766
SLE,Sierra Leone,2019,NY.GDP.MKTP.KD.ZG,5.50270937378153
SLE,Sierra Leone,2018,NY.GDP.MKTP.KD.ZG,2.8938564123677
SLE,Sierra Leone,2017,NY.GDP.MKTP.KD.ZG,3.20786087715987
SLE,Sierra Leone,2016,NY.GDP.MKTP.KD.ZG,6.43743652764257
SLE,Sierra Leone,2015,NY.GDP.MKTP.KD.ZG,-4.36333262093788
SLE,Sierra Leone,2014,NY.GDP.MKTP.KD.ZG,-7.81501512457241
SLE,Sierra Leone,2013,NY.GDP.MKTP.KD.ZG,14.6633238075229
SLE,Sierra Leone,2012,NY.GDP.MKTP.KD.ZG,10.578331663387
SLE,Sierra Leone,2011,NY.GDP.MKTP.KD.ZG,8.10065518714917
SLE,Sierra Leone,2010,NY.GDP.MKTP.KD.ZG,6.35566595800495
SLE,Sierra Leone,2009,NY.GDP.MKTP.KD.ZG,1.53080323958716
SLE,Sierra Leone,2008,NY.GDP.MKTP.KD.ZG,3.68605969932123
SLE,Sierra Leone,2007,NY.GDP.MKTP.KD.ZG,3.74975804751641
SLE,Sierra Leone,2006,NY.GDP.MKTP.KD.ZG,4.28311062264335
SLE,Sierra Leone,2005,NY.GDP.MKTP.KD.ZG,4.3534998069981
SGP,Singapore,2025,NY.GDP.MKTP.KD.ZG,5.02588199508003
SGP,Singapore,2024,NY.GDP.MKTP.KD.ZG,5.3435120192366
SGP,Singapore,2023,NY.GDP.MKTP.KD.ZG,1.45026775889565
SGP,Singapore,2022,NY.GDP.MKTP.KD.ZG,4.01027884472296
SGP,Singapore,2021,NY.GDP.MKTP.KD.ZG,10.1410845197192
SGP,Singapore,2020,NY.GDP.MKTP.KD.ZG,-3.61084281729929
SGP,Singapore,2019,NY.GDP.MKTP.KD.ZG,1.15877947300108
SGP,Singapore,2018,NY.GDP.MKTP.KD.ZG,3.18660848474074
SGP,Singapore,2017,NY.GDP.MKTP.KD.ZG,4.32679370770501
SGP,Singapore,2016,NY.GDP.MKTP.KD.ZG,3.91095306322606
SGP,Singapore,2015,NY.GDP.MKTP.KD.ZG,2.97679931634806
SGP,Singapore,2014,NY.GDP.MKTP.KD.ZG,3.93554027709007
SGP,Singapore,2013,NY.GDP.MKTP.KD.ZG,4.81763099120676
SGP,Singapore,2012,NY.GDP.MKTP.KD.ZG,4.43549759378537
SGP,Singapore,2011,NY.GDP.MKTP.KD.ZG,6.21493416858989
SGP,Singapore,2010,NY.GDP.MKTP.KD.ZG,14.5197497108994
SGP,Singapore,2009,NY.GDP.MKTP.KD.ZG,0.127953382778088
SGP,Singapore,2008,NY.GDP.MKTP.KD.ZG,1.86348345462035
SGP,Singapore,2007,NY.GDP.MKTP.KD.ZG,9.02151951268893
SGP,Singapore,2006,NY.GDP.MKTP.KD.ZG,9.00676607871758
SGP,Singapore,2005,NY.GDP.MKTP.KD.ZG,7.36632239250758
SXM,Sint Maarten (Dutch part),2025,NY.GDP.MKTP.KD.ZG,3.40000000000001
SXM,Sint Maarten (Dutch part),2024,NY.GDP.MKTP.KD.ZG,3.00000089532888
SXM,Sint Maarten (Dutch part),2023,NY.GDP.MKTP.KD.ZG,3.79999769985537
SXM,Sint Maarten (Dutch part),2022,NY.GDP.MKTP.KD.ZG,13.9000012614164
SXM,Sint Maarten (Dutch part),2021,NY.GDP.MKTP.KD.ZG,4.57759677933345
SXM,Sint Maarten (Dutch part),2020,NY.GDP.MKTP.KD.ZG,-13.3167887221567
SXM,Sint Maarten (Dutch part),2019,NY.GDP.MKTP.KD.ZG,10.9650009352392
SXM,Sint Maarten (Dutch part),2018,NY.GDP.MKTP.KD.ZG,-6.85698299227944
SXM,Sint Maarten (Dutch part),2017,NY.GDP.MKTP.KD.ZG,-7.53521399882428
SXM,Sint Maarten (Dutch part),2016,NY.GDP.MKTP.KD.ZG,0.96775836306881
SXM,Sint Maarten (Dutch part),2015,NY.GDP.MKTP.KD.ZG,0.105813149997005
SXM,Sint Maarten (Dutch part),2014,NY.GDP.MKTP.KD.ZG,1.58038221539113
SXM,Sint Maarten (Dutch part),2013,NY.GDP.MKTP.KD.ZG,1.30673103459678
SXM,Sint Maarten (Dutch part),2012,NY.GDP.MKTP.KD.ZG,1.39054456773131
SXM,Sint Maarten (Dutch part),2011,NY.GDP.MKTP.KD.ZG,4.60000341415395
SXM,Sint Maarten (Dutch part),2010,NY.GDP.MKTP.KD.ZG,3.19999269219366
SVK,Slovak Republic,2025,NY.GDP.MKTP.KD.ZG,0.807418690144758
SVK,Slovak Republic,2024,NY.GDP.MKTP.KD.ZG,1.93867445549446
SVK,Slovak Republic,2023,NY.GDP.MKTP.KD.ZG,2.11263633214959
SVK,Slovak Republic,2022,NY.GDP.MKTP.KD.ZG,0.544591632137454
SVK,Slovak Republic,2021,NY.GDP.MKTP.KD.ZG,5.6558588065555
SVK,Slovak Republic,2020,NY.GDP.MKTP.KD.ZG,-2.58551241733207
SVK,Slovak Republic,2019,NY.GDP.MKTP.KD.ZG,2.27589910019393
SVK,Slovak Republic,2018,NY.GDP.MKTP.KD.ZG,4.06211981896483
SVK,Slovak Republic,2017,NY.GDP.MKTP.KD.ZG,2.87473327453695
SVK,Slovak Republic,2016,NY.GDP.MKTP.KD.ZG,1.94781841524558
SVK,Slovak Republic,2015,NY.GDP.MKTP.KD.ZG,5.17687909722133
SVK,Slovak Republic,2014,NY.GDP.MKTP.KD.ZG,2.70795151449488
SVK,Slovak Republic,2013,NY.GDP.MKTP.KD.ZG,0.703323545247201
SVK,Slovak Republic,2012,NY.GDP.MKTP.KD.ZG,1.56917104702706
SVK,Slovak Republic,2011,NY.GDP.MKTP.KD.ZG,2.56242473215553
SVK,Slovak Republic,2010,NY.GDP.MKTP.KD.ZG,6.79058159142423
SVK,Slovak Republic,2009,NY.GDP.MKTP.KD.ZG,-5.50533790972226
SVK,Slovak Republic,2008,NY.GDP.MKTP.KD.ZG,5.36337721231949
SVK,Slovak Republic,2007,NY.GDP.MKTP.KD.ZG,10.8186295074904
SVK,Slovak Republic,2006,NY.GDP.MKTP.KD.ZG,8.92568704770216
SVK,Slovak Republic,2005,NY.GDP.MKTP.KD.ZG,6.48493222274386
SVN,Slovenia,2025,NY.GDP.MKTP.KD.ZG,1.05992996255246
SVN,Slovenia,2024,NY.GDP.MKTP.KD.ZG,1.73139722479493
SVN,Slovenia,2023,NY.GDP.MKTP.KD.ZG,2.3758326648385
SVN,Slovenia,2022,NY.GDP.MKTP.KD.ZG,2.66850555542486
SVN,Slovenia,2021,NY.GDP.MKTP.KD.ZG,8.41686457725321
SVN,Slovenia,2020,NY.GDP.MKTP.KD.ZG,-4.08500094942896
SVN,Slovenia,2019,NY.GDP.MKTP.KD.ZG,3.50525332381912
SVN,Slovenia,2018,NY.GDP.MKTP.KD.ZG,4.37908347331195
SVN,Slovenia,2017,NY.GDP.MKTP.KD.ZG,5.17440215579958
SVN,Slovenia,2016,NY.GDP.MKTP.KD.ZG,3.03441486663654
SVN,Slovenia,2015,NY.GDP.MKTP.KD.ZG,2.39330621338168
SVN,Slovenia,2014,NY.GDP.MKTP.KD.ZG,2.76283327639742
SVN,Slovenia,2013,NY.GDP.MKTP.KD.ZG,-0.823776417691676
SVN,Slovenia,2012,NY.GDP.MKTP.KD.ZG,-2.91553782040462
SVN,Slovenia,2011,NY.GDP.MKTP.KD.ZG,0.655438128379743
SVN,Slovenia,2010,NY.GDP.MKTP.KD.ZG,1.11213719306735
SVN,Slovenia,2009,NY.GDP.MKTP.KD.ZG,-7.59058614046387
SVN,Slovenia,2008,NY.GDP.MKTP.KD.ZG,3.37223866114127
SVN,Slovenia,2007,NY.GDP.MKTP.KD.ZG,7.1392312914716
SVN,Slovenia,2006,NY.GDP.MKTP.KD.ZG,5.90878130011174
SVN,Slovenia,2005,NY.GDP.MKTP.KD.ZG,3.8541277114569
SLB,Solomon Islands,2025,NY.GDP.MKTP.KD.ZG,3.61715088072386
SLB,Solomon Islands,2024,NY.GDP.MKTP.KD.ZG,2.99755987604104
SLB,Solomon Islands,2023,NY.GDP.MKTP.KD.ZG,2.84111851154807
SLB,Solomon Islands,2022,NY.GDP.MKTP.KD.ZG,-2.58448361755723
SLB,Solomon Islands,2021,NY.GDP.MKTP.KD.ZG,-0.227975292792024
SLB,Solomon Islands,2020,NY.GDP.MKTP.KD.ZG,-3.38125925839405
SLB,Solomon Islands,2019,NY.GDP.MKTP.KD.ZG,1.74925244485951
SLB,Solomon Islands,2018,NY.GDP.MKTP.KD.ZG,2.74585244829055
SLB,Solomon Islands,2017,NY.GDP.MKTP.KD.ZG,3.07546176144591
SLB,Solomon Islands,2016,NY.GDP.MKTP.KD.ZG,5.55494348257992
SLB,Solomon Islands,2015,NY.GDP.MKTP.KD.ZG,1.67578612030815
SLB,Solomon Islands,2014,NY.GDP.MKTP.KD.ZG,1.18945509547778
SLB,Solomon Islands,2013,NY.GDP.MKTP.KD.ZG,5.23744704670068
SLB,Solomon Islands,2012,NY.GDP.MKTP.KD.ZG,2.46591837712438
SLB,Solomon Islands,2011,NY.GDP.MKTP.KD.ZG,7.43023752099302
SLB,Solomon Islands,2010,NY.GDP.MKTP.KD.ZG,9.70817235491481
SLB,Solomon Islands,2009,NY.GDP.MKTP.KD.ZG,2.86486309630651
SLB,Solomon Islands,2008,NY.GDP.MKTP.KD.ZG,6.22590636247851
SLB,Solomon Islands,2007,NY.GDP.MKTP.KD.ZG,3.63973499569106
SLB,Solomon Islands,2006,NY.GDP.MKTP.KD.ZG,4.13726239664898
SLB,Solomon Islands,2005,NY.GDP.MKTP.KD.ZG,7.35907917681935
SOM,"Somalia, Fed. Rep.",2025,NY.GDP.MKTP.KD.ZG,2.99114404482197
SOM,"Somalia, Fed. Rep.",2024,NY.GDP.MKTP.KD.ZG,4.11139335779471
SOM,"Somalia, Fed. Rep.",2023,NY.GDP.MKTP.KD.ZG,4.17524257571303
SOM,"Somalia, Fed. Rep.",2022,NY.GDP.MKTP.KD.ZG,2.71821202053759
SOM,"Somalia, Fed. Rep.",2021,NY.GDP.MKTP.KD.ZG,3.44719850031242
SOM,"Somalia, Fed. Rep.",2020,NY.GDP.MKTP.KD.ZG,-2.76455696202532
SOM,"Somalia, Fed. Rep.",2019,NY.GDP.MKTP.KD.ZG,2.80033312513012
SOM,"Somalia, Fed. Rep.",2018,NY.GDP.MKTP.KD.ZG,2.05431507261069
SOM,"Somalia, Fed. Rep.",2017,NY.GDP.MKTP.KD.ZG,14.7357956045195
SOM,"Somalia, Fed. Rep.",2016,NY.GDP.MKTP.KD.ZG,7.03487260042162
SOM,"Somalia, Fed. Rep.",2015,NY.GDP.MKTP.KD.ZG,10.4621881235147
SOM,"Somalia, Fed. Rep.",2014,NY.GDP.MKTP.KD.ZG,8.97800590574617
SOM,"Somalia, Fed. Rep.",2013,NY.GDP.MKTP.KD.ZG,10.9592986164311
SOM,"Somalia, Fed. Rep.",2012,NY.GDP.MKTP.KD.ZG,6.69435192556698
SOM,"Somalia, Fed. Rep.",2011,NY.GDP.MKTP.KD.ZG,6.69435192567755
SOM,"Somalia, Fed. Rep.",2010,NY.GDP.MKTP.KD.ZG,6.69435192550543
SOM,"Somalia, Fed. Rep.",2009,NY.GDP.MKTP.KD.ZG,6.69435192556188
SOM,"Somalia, Fed. Rep.",2008,NY.GDP.MKTP.KD.ZG,6.69435192582009
SOM,"Somalia, Fed. Rep.",2007,NY.GDP.MKTP.KD.ZG,6.69435192552552
SOM,"Somalia, Fed. Rep.",2006,NY.GDP.MKTP.KD.ZG,6.48637073273908
SOM,"Somalia, Fed. Rep.",2005,NY.GDP.MKTP.KD.ZG,7.1103143113146
ZAF,South Africa,2025,NY.GDP.MKTP.KD.ZG,1.11462608103956
ZAF,South Africa,2024,NY.GDP.MKTP.KD.ZG,0.534843531905139
ZAF,South Africa,2023,NY.GDP.MKTP.KD.ZG,0.80610455095804
ZAF,South Africa,2022,NY.GDP.MKTP.KD.ZG,2.05813661692193
ZAF,South Africa,2021,NY.GDP.MKTP.KD.ZG,4.85864865060148
ZAF,South Africa,2020,NY.GDP.MKTP.KD.ZG,-6.1689177146757
ZAF,South Africa,2019,NY.GDP.MKTP.KD.ZG,0.25993557687633
ZAF,South Africa,2018,NY.GDP.MKTP.KD.ZG,1.55678384721676
ZAF,South Africa,2017,NY.GDP.MKTP.KD.ZG,1.15794695181735
ZAF,South Africa,2016,NY.GDP.MKTP.KD.ZG,0.664552307858116
ZAF,South Africa,2015,NY.GDP.MKTP.KD.ZG,1.32186223678229
ZAF,South Africa,2014,NY.GDP.MKTP.KD.ZG,1.41382645223793
ZAF,South Africa,2013,NY.GDP.MKTP.KD.ZG,2.48546800826588
ZAF,South Africa,2012,NY.GDP.MKTP.KD.ZG,2.39623238465745
ZAF,South Africa,2011,NY.GDP.MKTP.KD.ZG,3.16855627858818
ZAF,South Africa,2010,NY.GDP.MKTP.KD.ZG,3.03973288127956
ZAF,South Africa,2009,NY.GDP.MKTP.KD.ZG,-1.53808913525583
ZAF,South Africa,2008,NY.GDP.MKTP.KD.ZG,3.1910438863288
ZAF,South Africa,2007,NY.GDP.MKTP.KD.ZG,5.36047405394162
ZAF,South Africa,2006,NY.GDP.MKTP.KD.ZG,5.60380645895889
ZAF,South Africa,2005,NY.GDP.MKTP.KD.ZG,5.27705197295467
SSD,South Sudan,2015,NY.GDP.MKTP.KD.ZG,-10.7933646271143
SSD,South Sudan,2014,NY.GDP.MKTP.KD.ZG,3.37364847715736
SSD,South Sudan,2013,NY.GDP.MKTP.KD.ZG,13.1297311406943
SSD,South Sudan,2012,NY.GDP.MKTP.KD.ZG,-46.0821223743007
SSD,South Sudan,2011,NY.GDP.MKTP.KD.ZG,-4.64031673600859
SSD,South Sudan,2010,NY.GDP.MKTP.KD.ZG,5.49341639529945
SSD,South Sudan,2009,NY.GDP.MKTP.KD.ZG,5.04164187983342
ESP,Spain,2025,NY.GDP.MKTP.KD.ZG,2.82495400578509
ESP,Spain,2024,NY.GDP.MKTP.KD.ZG,3.45525405630191
ESP,Spain,2023,NY.GDP.MKTP.KD.ZG,2.46085796805582
ESP,Spain,2022,NY.GDP.MKTP.KD.ZG,6.37031712129601
ESP,Spain,2021,NY.GDP.MKTP.KD.ZG,6.68314420473001
ESP,Spain,2020,NY.GDP.MKTP.KD.ZG,-10.9400706350371
ESP,Spain,2019,NY.GDP.MKTP.KD.ZG,1.96117850841711
ESP,Spain,2018,NY.GDP.MKTP.KD.ZG,2.39541124478878
ESP,Spain,2017,NY.GDP.MKTP.KD.ZG,2.89604207865007
ESP,Spain,2016,NY.GDP.MKTP.KD.ZG,2.91515598595787
ESP,Spain,2015,NY.GDP.MKTP.KD.ZG,4.06086672473866
ESP,Spain,2014,NY.GDP.MKTP.KD.ZG,1.52048593647231
ESP,Spain,2013,NY.GDP.MKTP.KD.ZG,-1.42732224757626
ESP,Spain,2012,NY.GDP.MKTP.KD.ZG,-2.86511368637748
ESP,Spain,2011,NY.GDP.MKTP.KD.ZG,-0.639920636520344
ESP,Spain,2010,NY.GDP.MKTP.KD.ZG,0.0941223116369514
ESP,Spain,2009,NY.GDP.MKTP.KD.ZG,-3.76813306940053
ESP,Spain,2008,NY.GDP.MKTP.KD.ZG,0.767165748290694
ESP,Spain,2007,NY.GDP.MKTP.KD.ZG,3.53350013165972
ESP,Spain,2006,NY.GDP.MKTP.KD.ZG,4.04343515605099
ESP,Spain,2005,NY.GDP.MKTP.KD.ZG,3.5512255846125
LKA,Sri Lanka,2025,NY.GDP.MKTP.KD.ZG,4.9534339114043
LKA,Sri Lanka,2024,NY.GDP.MKTP.KD.ZG,4.99241614398109
LKA,Sri Lanka,2023,NY.GDP.MKTP.KD.ZG,-2.0289296690344
LKA,Sri Lanka,2022,NY.GDP.MKTP.KD.ZG,-7.34919311146656
LKA,Sri Lanka,2021,NY.GDP.MKTP.KD.ZG,4.2074764950026
LKA,Sri Lanka,2020,NY.GDP.MKTP.KD.ZG,-4.62451503712715
LKA,Sri Lanka,2019,NY.GDP.MKTP.KD.ZG,-0.220483886824823
LKA,Sri Lanka,2018,NY.GDP.MKTP.KD.ZG,2.31008425504933
LKA,Sri Lanka,2017,NY.GDP.MKTP.KD.ZG,6.46068127080994
LKA,Sri Lanka,2016,NY.GDP.MKTP.KD.ZG,5.05362488993089
LKA,Sri Lanka,2015,NY.GDP.MKTP.KD.ZG,4.20595547501601
LKA,Sri Lanka,2014,NY.GDP.MKTP.KD.ZG,6.37797889684965
LKA,Sri Lanka,2013,NY.GDP.MKTP.KD.ZG,4.0517463303875
LKA,Sri Lanka,2012,NY.GDP.MKTP.KD.ZG,8.6321813769906
LKA,Sri Lanka,2011,NY.GDP.MKTP.KD.ZG,8.66948301160571
LKA,Sri Lanka,2010,NY.GDP.MKTP.KD.ZG,8.01596737040464
LKA,Sri Lanka,2009,NY.GDP.MKTP.KD.ZG,3.53891205317842
LKA,Sri Lanka,2008,NY.GDP.MKTP.KD.ZG,5.95008814473897
LKA,Sri Lanka,2007,NY.GDP.MKTP.KD.ZG,6.79682611892866
LKA,Sri Lanka,2006,NY.GDP.MKTP.KD.ZG,7.66829190107919
LKA,Sri Lanka,2005,NY.GDP.MKTP.KD.ZG,6.24174804376447
KNA,St. Kitts and Nevis,2025,NY.GDP.MKTP.KD.ZG,2.68858456990016
KNA,St. Kitts and Nevis,2024,NY.GDP.MKTP.KD.ZG,0.312226855858171
KNA,St. Kitts and Nevis,2023,NY.GDP.MKTP.KD.ZG,3.02127526129283
KNA,St. Kitts and Nevis,2022,NY.GDP.MKTP.KD.ZG,10.4804941546807
KNA,St. Kitts and Nevis,2021,NY.GDP.MKTP.KD.ZG,0.367606879216311
KNA,St. Kitts and Nevis,2020,NY.GDP.MKTP.KD.ZG,-15.3018891740649
KNA,St. Kitts and Nevis,2019,NY.GDP.MKTP.KD.ZG,2.93824658056356
KNA,St. Kitts and Nevis,2018,NY.GDP.MKTP.KD.ZG,2.00352549800972
KNA,St. Kitts and Nevis,2017,NY.GDP.MKTP.KD.ZG,0.220941147299996
KNA,St. Kitts and Nevis,2016,NY.GDP.MKTP.KD.ZG,3.93270319273282
KNA,St. Kitts and Nevis,2015,NY.GDP.MKTP.KD.ZG,0.694135527876625
KNA,St. Kitts and Nevis,2014,NY.GDP.MKTP.KD.ZG,7.57696602328922
KNA,St. Kitts and Nevis,2013,NY.GDP.MKTP.KD.ZG,5.72728087234704
KNA,St. Kitts and Nevis,2012,NY.GDP.MKTP.KD.ZG,-0.737636737448398
KNA,St. Kitts and Nevis,2011,NY.GDP.MKTP.KD.ZG,1.61660730423688
KNA,St. Kitts and Nevis,2010,NY.GDP.MKTP.KD.ZG,-0.0541942065330545
KNA,St. Kitts and Nevis,2009,NY.GDP.MKTP.KD.ZG,-3.40474015376245
KNA,St. Kitts and Nevis,2008,NY.GDP.MKTP.KD.ZG,11.3170358267109
KNA,St. Kitts and Nevis,2007,NY.GDP.MKTP.KD.ZG,0.600602326543751
KNA,St. Kitts and Nevis,2006,NY.GDP.MKTP.KD.ZG,3.15038119968223
KNA,St. Kitts and Nevis,2005,NY.GDP.MKTP.KD.ZG,9.73282070298016
LCA,St. Lucia,2025,NY.GDP.MKTP.KD.ZG,-0.57407528214496
LCA,St. Lucia,2024,NY.GDP.MKTP.KD.ZG,4.76890217855616
LCA,St. Lucia,2023,NY.GDP.MKTP.KD.ZG,3.90774802925928
LCA,St. Lucia,2022,NY.GDP.MKTP.KD.ZG,19.3456795355342
LCA,St. Lucia,2021,NY.GDP.MKTP.KD.ZG,11.1466993240856
LCA,St. Lucia,2020,NY.GDP.MKTP.KD.ZG,-22.9005138634176
LCA,St. Lucia,2019,NY.GDP.MKTP.KD.ZG,-1.0293678947917
LCA,St. Lucia,2018,NY.GDP.MKTP.KD.ZG,2.88677902171601
LCA,St. Lucia,2017,NY.GDP.MKTP.KD.ZG,3.37982617272246
LCA,St. Lucia,2016,NY.GDP.MKTP.KD.ZG,3.42787214525211
LCA,St. Lucia,2015,NY.GDP.MKTP.KD.ZG,0.101917836412952
LCA,St. Lucia,2014,NY.GDP.MKTP.KD.ZG,1.32809022110105
LCA,St. Lucia,2013,NY.GDP.MKTP.KD.ZG,-1.81877603735991
LCA,St. Lucia,2012,NY.GDP.MKTP.KD.ZG,-0.108756148262358
LCA,St. Lucia,2011,NY.GDP.MKTP.KD.ZG,4.32694280532142
LCA,St. Lucia,2010,NY.GDP.MKTP.KD.ZG,0.330018546071486
LCA,St. Lucia,2009,NY.GDP.MKTP.KD.ZG,-2.82889954830628
LCA,St. Lucia,2008,NY.GDP.MKTP.KD.ZG,4.94932194028057
LCA,St. Lucia,2007,NY.GDP.MKTP.KD.ZG,1.69161857433913
LCA,St. Lucia,2006,NY.GDP.MKTP.KD.ZG,6.19525729141048
LCA,St. Lucia,2005,NY.GDP.MKTP.KD.ZG,-0.410304726290235
MAF,St. Martin (French part),2021,NY.GDP.MKTP.KD.ZG,4.89999967133534
MAF,St. Martin (French part),2020,NY.GDP.MKTP.KD.ZG,-12.500002246731
MAF,St. Martin (French part),2019,NY.GDP.MKTP.KD.ZG,6.50000363700821
MAF,St. Martin (French part),2018,NY.GDP.MKTP.KD.ZG,-7.99999506898229
MAF,St. Martin (French part),2017,NY.GDP.MKTP.KD.ZG,-8.00000324038295
MAF,St. Martin (French part),2016,NY.GDP.MKTP.KD.ZG,5.0
MAF,St. Martin (French part),2015,NY.GDP.MKTP.KD.ZG,1.0
VCT,St. Vincent and the Grenadines,2025,NY.GDP.MKTP.KD.ZG,3.3921670546227
VCT,St. Vincent and the Grenadines,2024,NY.GDP.MKTP.KD.ZG,4.06183490050209
VCT,St. Vincent and the Grenadines,2023,NY.GDP.MKTP.KD.ZG,5.32636472098717
VCT,St. Vincent and the Grenadines,2022,NY.GDP.MKTP.KD.ZG,3.1108330034352
VCT,St. Vincent and the Grenadines,2021,NY.GDP.MKTP.KD.ZG,2.09340124465459
VCT,St. Vincent and the Grenadines,2020,NY.GDP.MKTP.KD.ZG,-4.26892434422649
VCT,St. Vincent and the Grenadines,2019,NY.GDP.MKTP.KD.ZG,0.668428481084234
VCT,St. Vincent and the Grenadines,2018,NY.GDP.MKTP.KD.ZG,3.1756114423991
VCT,St. Vincent and the Grenadines,2017,NY.GDP.MKTP.KD.ZG,1.54810173239956
VCT,St. Vincent and the Grenadines,2016,NY.GDP.MKTP.KD.ZG,4.1496810046981
VCT,St. Vincent and the Grenadines,2015,NY.GDP.MKTP.KD.ZG,2.78509791763551
VCT,St. Vincent and the Grenadines,2014,NY.GDP.MKTP.KD.ZG,1.1457271877622
VCT,St. Vincent and the Grenadines,2013,NY.GDP.MKTP.KD.ZG,2.4624841721544
VCT,St. Vincent and the Grenadines,2012,NY.GDP.MKTP.KD.ZG,1.16911218376478
VCT,St. Vincent and the Grenadines,2011,NY.GDP.MKTP.KD.ZG,-0.60627665148327
VCT,St. Vincent and the Grenadines,2010,NY.GDP.MKTP.KD.ZG,-4.47046793507802
VCT,St. Vincent and the Grenadines,2009,NY.GDP.MKTP.KD.ZG,-1.3781936056056
VCT,St. Vincent and the Grenadines,2008,NY.GDP.MKTP.KD.ZG,0.404640808638888
VCT,St. Vincent and the Grenadines,2007,NY.GDP.MKTP.KD.ZG,3.3229685982929
VCT,St. Vincent and the Grenadines,2006,NY.GDP.MKTP.KD.ZG,6.99692626758825
VCT,St. Vincent and the Grenadines,2005,NY.GDP.MKTP.KD.ZG,2.48855733938132
SDN,Sudan,2025,NY.GDP.MKTP.KD.ZG,3.06427942935869
SDN,Sudan,2024,NY.GDP.MKTP.KD.ZG,-13.9643378424022
SDN,Sudan,2023,NY.GDP.MKTP.KD.ZG,-29.4332716274387
SDN,Sudan,2022,NY.GDP.MKTP.KD.ZG,-0.957816591119183
SDN,Sudan,2021,NY.GDP.MKTP.KD.ZG,-1.8685204827207
SDN,Sudan,2020,NY.GDP.MKTP.KD.ZG,-3.62980082410752
SDN,Sudan,2019,NY.GDP.MKTP.KD.ZG,-2.17825104530091
SDN,Sudan,2018,NY.GDP.MKTP.KD.ZG,-2.6809305497999
SDN,Sudan,2017,NY.GDP.MKTP.KD.ZG,0.70925628476644
SDN,Sudan,2016,NY.GDP.MKTP.KD.ZG,3.46764218409288
SDN,Sudan,2015,NY.GDP.MKTP.KD.ZG,1.91017689052751
SDN,Sudan,2014,NY.GDP.MKTP.KD.ZG,4.66137954229873
SDN,Sudan,2013,NY.GDP.MKTP.KD.ZG,1.95514463302422
SDN,Sudan,2012,NY.GDP.MKTP.KD.ZG,-17.0046884048945
SDN,Sudan,2011,NY.GDP.MKTP.KD.ZG,-3.21353209253371
SDN,Sudan,2010,NY.GDP.MKTP.KD.ZG,3.85824195230107
SDN,Sudan,2009,NY.GDP.MKTP.KD.ZG,-2.76770436599138
SDN,Sudan,2008,NY.GDP.MKTP.KD.ZG,3.84674473121058
SDN,Sudan,2007,NY.GDP.MKTP.KD.ZG,5.73527423664484
SDN,Sudan,2006,NY.GDP.MKTP.KD.ZG,6.5314117467792
SDN,Sudan,2005,NY.GDP.MKTP.KD.ZG,5.64351551343631
SUR,Suriname,2025,NY.GDP.MKTP.KD.ZG,1.79169153226913
SUR,Suriname,2024,NY.GDP.MKTP.KD.ZG,1.72095749127065
SUR,Suriname,2023,NY.GDP.MKTP.KD.ZG,2.41659215006946
SUR,Suriname,2022,NY.GDP.MKTP.KD.ZG,2.40622235601218
SUR,Suriname,2021,NY.GDP.MKTP.KD.ZG,-2.43538583612838
SUR,Suriname,2020,NY.GDP.MKTP.KD.ZG,-15.9751917148622
SUR,Suriname,2019,NY.GDP.MKTP.KD.ZG,1.16758977233877
SUR,Suriname,2018,NY.GDP.MKTP.KD.ZG,4.94827108468886
SUR,Suriname,2017,NY.GDP.MKTP.KD.ZG,1.56603782534897
SUR,Suriname,2016,NY.GDP.MKTP.KD.ZG,-4.91166050905851
SUR,Suriname,2015,NY.GDP.MKTP.KD.ZG,-3.41304268067621
SUR,Suriname,2014,NY.GDP.MKTP.KD.ZG,0.255503031645475
SUR,Suriname,2013,NY.GDP.MKTP.KD.ZG,2.9334416518612
SUR,Suriname,2012,NY.GDP.MKTP.KD.ZG,2.69034974668847
SUR,Suriname,2011,NY.GDP.MKTP.KD.ZG,5.84936767173009
SUR,Suriname,2010,NY.GDP.MKTP.KD.ZG,5.16882515225814
SUR,Suriname,2009,NY.GDP.MKTP.KD.ZG,3.01369898266211
SUR,Suriname,2008,NY.GDP.MKTP.KD.ZG,4.14340681165626
SUR,Suriname,2007,NY.GDP.MKTP.KD.ZG,5.11148777773458
SUR,Suriname,2006,NY.GDP.MKTP.KD.ZG,5.79354358463304
SUR,Suriname,2005,NY.GDP.MKTP.KD.ZG,4.50000021086888
SWE,Sweden,2025,NY.GDP.MKTP.KD.ZG,1.54316373266217
SWE,Sweden,2024,NY.GDP.MKTP.KD.ZG,1.01779633304398
SWE,Sweden,2023,NY.GDP.MKTP.KD.ZG,-0.204061304891439
SWE,Sweden,2022,NY.GDP.MKTP.KD.ZG,1.25543620445816
SWE,Sweden,2021,NY.GDP.MKTP.KD.ZG,5.2258643028773
SWE,Sweden,2020,NY.GDP.MKTP.KD.ZG,-1.93379704032216
SWE,Sweden,2019,NY.GDP.MKTP.KD.ZG,2.60823012869524
SWE,Sweden,2018,NY.GDP.MKTP.KD.ZG,1.7702553546772
SWE,Sweden,2017,NY.GDP.MKTP.KD.ZG,1.88282184966646
SWE,Sweden,2016,NY.GDP.MKTP.KD.ZG,2.13117914731151
SWE,Sweden,2015,NY.GDP.MKTP.KD.ZG,4.38824673608589
SWE,Sweden,2014,NY.GDP.MKTP.KD.ZG,2.29577238758284
SWE,Sweden,2013,NY.GDP.MKTP.KD.ZG,1.13766671801426
SWE,Sweden,2012,NY.GDP.MKTP.KD.ZG,-0.414397702454409
SWE,Sweden,2011,NY.GDP.MKTP.KD.ZG,3.16388567406926
SWE,Sweden,2010,NY.GDP.MKTP.KD.ZG,5.75076477579255
SWE,Sweden,2009,NY.GDP.MKTP.KD.ZG,-4.25561384207619
SWE,Sweden,2008,NY.GDP.MKTP.KD.ZG,-0.923113250067971
SWE,Sweden,2007,NY.GDP.MKTP.KD.ZG,3.22486814096095
SWE,Sweden,2006,NY.GDP.MKTP.KD.ZG,4.67607488877992
SWE,Sweden,2005,NY.GDP.MKTP.KD.ZG,2.79313782840156
CHE,Switzerland,2025,NY.GDP.MKTP.KD.ZG,1.30007790958307
CHE,Switzerland,2024,NY.GDP.MKTP.KD.ZG,1.39033363875791
CHE,Switzerland,2023,NY.GDP.MKTP.KD.ZG,0.825560934124624
CHE,Switzerland,2022,NY.GDP.MKTP.KD.ZG,3.53430286842426
CHE,Switzerland,2021,NY.GDP.MKTP.KD.ZG,6.17622836050151
CHE,Switzerland,2020,NY.GDP.MKTP.KD.ZG,-2.2552579425106
CHE,Switzerland,2019,NY.GDP.MKTP.KD.ZG,1.11532187197474
CHE,Switzerland,2018,NY.GDP.MKTP.KD.ZG,3.32743256101493
CHE,Switzerland,2017,NY.GDP.MKTP.KD.ZG,1.42034612231261
CHE,Switzerland,2016,NY.GDP.MKTP.KD.ZG,1.91159094214852
CHE,Switzerland,2015,NY.GDP.MKTP.KD.ZG,1.45450336491099
CHE,Switzerland,2014,NY.GDP.MKTP.KD.ZG,2.54342347675991
CHE,Switzerland,2013,NY.GDP.MKTP.KD.ZG,1.83612392927999
CHE,Switzerland,2012,NY.GDP.MKTP.KD.ZG,1.12413575027705
CHE,Switzerland,2011,NY.GDP.MKTP.KD.ZG,1.40766067483813
CHE,Switzerland,2010,NY.GDP.MKTP.KD.ZG,3.26063082122047
CHE,Switzerland,2009,NY.GDP.MKTP.KD.ZG,-1.93490944903913
CHE,Switzerland,2008,NY.GDP.MKTP.KD.ZG,2.53159615417233
CHE,Switzerland,2007,NY.GDP.MKTP.KD.ZG,3.98319384807056
CHE,Switzerland,2006,NY.GDP.MKTP.KD.ZG,4.13432251467916
CHE,Switzerland,2005,NY.GDP.MKTP.KD.ZG,2.95208487460334
SYR,Syrian Arab Republic,2022,NY.GDP.MKTP.KD.ZG,-0.20247264200475
SYR,Syrian Arab Republic,2021,NY.GDP.MKTP.KD.ZG,1.7896919997567
SYR,Syrian Arab Republic,2020,NY.GDP.MKTP.KD.ZG,0.954914586675713
SYR,Syrian Arab Republic,2019,NY.GDP.MKTP.KD.ZG,1.22072818348491
SYR,Syrian Arab Republic,2018,NY.GDP.MKTP.KD.ZG,1.39323324059961
SYR,Syrian Arab Republic,2017,NY.GDP.MKTP.KD.ZG,-0.723346297115341
SYR,Syrian Arab Republic,2016,NY.GDP.MKTP.KD.ZG,-6.40568496867387
SYR,Syrian Arab Republic,2015,NY.GDP.MKTP.KD.ZG,-4.17969204561759
SYR,Syrian Arab Republic,2014,NY.GDP.MKTP.KD.ZG,-10.3103412087823
SYR,Syrian Arab Republic,2013,NY.GDP.MKTP.KD.ZG,-26.3002577493205
SYR,Syrian Arab Republic,2012,NY.GDP.MKTP.KD.ZG,-26.338904668983
SYR,Syrian Arab Republic,2011,NY.GDP.MKTP.KD.ZG,2.8502205980333
SYR,Syrian Arab Republic,2010,NY.GDP.MKTP.KD.ZG,5.19150915015936
SYR,Syrian Arab Republic,2009,NY.GDP.MKTP.KD.ZG,5.91229460524147
SYR,Syrian Arab Republic,2008,NY.GDP.MKTP.KD.ZG,4.47662154277957
SYR,Syrian Arab Republic,2007,NY.GDP.MKTP.KD.ZG,5.6747382107833
SYR,Syrian Arab Republic,2006,NY.GDP.MKTP.KD.ZG,5.04600280095076
SYR,Syrian Arab Republic,2005,NY.GDP.MKTP.KD.ZG,6.21550444795768
TJK,Tajikistan,2025,NY.GDP.MKTP.KD.ZG,8.40000053390075
TJK,Tajikistan,2024,NY.GDP.MKTP.KD.ZG,8.39999980983981
TJK,Tajikistan,2023,NY.GDP.MKTP.KD.ZG,8.29999921651935
TJK,Tajikistan,2022,NY.GDP.MKTP.KD.ZG,8.00000033846364
TJK,Tajikistan,2021,NY.GDP.MKTP.KD.ZG,9.39999955037523
TJK,Tajikistan,2020,NY.GDP.MKTP.KD.ZG,4.40000111553493
TJK,Tajikistan,2019,NY.GDP.MKTP.KD.ZG,7.40000016310556
TJK,Tajikistan,2018,NY.GDP.MKTP.KD.ZG,7.5999988895536
TJK,Tajikistan,2017,NY.GDP.MKTP.KD.ZG,7.10000041864309
TJK,Tajikistan,2016,NY.GDP.MKTP.KD.ZG,6.89999999999999
TJK,Tajikistan,2015,NY.GDP.MKTP.KD.ZG,6.01930331771186
TJK,Tajikistan,2014,NY.GDP.MKTP.KD.ZG,6.70000069016253
TJK,Tajikistan,2013,NY.GDP.MKTP.KD.ZG,7.39999974700379
TJK,Tajikistan,2012,NY.GDP.MKTP.KD.ZG,7.49999946321525
TJK,Tajikistan,2011,NY.GDP.MKTP.KD.ZG,7.40000059956711
TJK,Tajikistan,2010,NY.GDP.MKTP.KD.ZG,6.49999908585235
TJK,Tajikistan,2009,NY.GDP.MKTP.KD.ZG,3.90000114826496
TJK,Tajikistan,2008,NY.GDP.MKTP.KD.ZG,7.89999827154939
TJK,Tajikistan,2007,NY.GDP.MKTP.KD.ZG,7.80000011872161
TJK,Tajikistan,2006,NY.GDP.MKTP.KD.ZG,7.00000321108996
TJK,Tajikistan,2005,NY.GDP.MKTP.KD.ZG,6.69999851655409
TZA,Tanzania,2025,NY.GDP.MKTP.KD.ZG,5.85286828692739
TZA,Tanzania,2024,NY.GDP.MKTP.KD.ZG,5.5263138305945
TZA,Tanzania,2023,NY.GDP.MKTP.KD.ZG,5.06952353203394
TZA,Tanzania,2022,NY.GDP.MKTP.KD.ZG,4.56600576430955
TZA,Tanzania,2021,NY.GDP.MKTP.KD.ZG,4.32138429480482
TZA,Tanzania,2020,NY.GDP.MKTP.KD.ZG,1.99196460647855
TZA,Tanzania,2019,NY.GDP.MKTP.KD.ZG,5.79999999996723
TZA,Tanzania,2018,NY.GDP.MKTP.KD.ZG,5.50267599384966
TZA,Tanzania,2017,NY.GDP.MKTP.KD.ZG,6.72726996832438
TZA,Tanzania,2016,NY.GDP.MKTP.KD.ZG,6.86711619644551
TZA,Tanzania,2015,NY.GDP.MKTP.KD.ZG,6.16062877406682
TZA,Tanzania,2014,NY.GDP.MKTP.KD.ZG,6.73246186832483
TZA,Tanzania,2013,NY.GDP.MKTP.KD.ZG,6.78158560065316
TZA,Tanzania,2012,NY.GDP.MKTP.KD.ZG,4.50015356010131
TZA,Tanzania,2011,NY.GDP.MKTP.KD.ZG,7.67215543486064
TZA,Tanzania,2010,NY.GDP.MKTP.KD.ZG,6.33652342666889
TZA,Tanzania,2009,NY.GDP.MKTP.KD.ZG,5.26910524873463
TZA,Tanzania,2008,NY.GDP.MKTP.KD.ZG,5.68641685905224
TZA,Tanzania,2007,NY.GDP.MKTP.KD.ZG,6.76853520293716
TZA,Tanzania,2006,NY.GDP.MKTP.KD.ZG,6.53222138847813
TZA,Tanzania,2005,NY.GDP.MKTP.KD.ZG,7.47631925974784
THA,Thailand,2025,NY.GDP.MKTP.KD.ZG,2.44247444990198
THA,Thailand,2024,NY.GDP.MKTP.KD.ZG,2.94859986593323
THA,Thailand,2023,NY.GDP.MKTP.KD.ZG,2.24883437970568
THA,Thailand,2022,NY.GDP.MKTP.KD.ZG,2.63784213566305
THA,Thailand,2021,NY.GDP.MKTP.KD.ZG,1.55858232076893
THA,Thailand,2020,NY.GDP.MKTP.KD.ZG,-6.09306312966953
THA,Thailand,2019,NY.GDP.MKTP.KD.ZG,2.11455779628278
THA,Thailand,2018,NY.GDP.MKTP.KD.ZG,4.22287028746071
THA,Thailand,2017,NY.GDP.MKTP.KD.ZG,4.1776810321001
THA,Thailand,2016,NY.GDP.MKTP.KD.ZG,3.43515771692182
THA,Thailand,2015,NY.GDP.MKTP.KD.ZG,3.13404724911635
THA,Thailand,2014,NY.GDP.MKTP.KD.ZG,0.984468863619426
THA,Thailand,2013,NY.GDP.MKTP.KD.ZG,2.68749556320556
THA,Thailand,2012,NY.GDP.MKTP.KD.ZG,7.24279620249642
THA,Thailand,2011,NY.GDP.MKTP.KD.ZG,0.840132083053334
THA,Thailand,2010,NY.GDP.MKTP.KD.ZG,7.51339053261624
THA,Thailand,2009,NY.GDP.MKTP.KD.ZG,-0.690618232300579
THA,Thailand,2008,NY.GDP.MKTP.KD.ZG,1.72569884866334
THA,Thailand,2007,NY.GDP.MKTP.KD.ZG,5.43515169050809
THA,Thailand,2006,NY.GDP.MKTP.KD.ZG,4.96781089246107
THA,Thailand,2005,NY.GDP.MKTP.KD.ZG,4.18763842884337
TLS,Timor-Leste,2025,NY.GDP.MKTP.KD.ZG,6.97538939119629
TLS,Timor-Leste,2024,NY.GDP.MKTP.KD.ZG,-9.10069289810397
TLS,Timor-Leste,2023,NY.GDP.MKTP.KD.ZG,-18.1359049134472
TLS,Timor-Leste,2022,NY.GDP.MKTP.KD.ZG,-20.5224802314812
TLS,Timor-Leste,2021,NY.GDP.MKTP.KD.ZG,5.36980119392668
TLS,Timor-Leste,2020,NY.GDP.MKTP.KD.ZG,31.7257416721413
TLS,Timor-Leste,2019,NY.GDP.MKTP.KD.ZG,24.2128840085001
TLS,Timor-Leste,2018,NY.GDP.MKTP.KD.ZG,-0.466502170658785
TLS,Timor-Leste,2017,NY.GDP.MKTP.KD.ZG,-3.18241522489195
TLS,Timor-Leste,2016,NY.GDP.MKTP.KD.ZG,3.00993062553351
TLS,Timor-Leste,2015,NY.GDP.MKTP.KD.ZG,2.48004040218397
TLS,Timor-Leste,2014,NY.GDP.MKTP.KD.ZG,4.47249846569638
TLS,Timor-Leste,2013,NY.GDP.MKTP.KD.ZG,3.10436683211147
TLS,Timor-Leste,2012,NY.GDP.MKTP.KD.ZG,4.86062186827468
TLS,Timor-Leste,2011,NY.GDP.MKTP.KD.ZG,5.95855605611087
TLS,Timor-Leste,2010,NY.GDP.MKTP.KD.ZG,9.33149490201264
TLS,Timor-Leste,2009,NY.GDP.MKTP.KD.ZG,10.1469544183475
TLS,Timor-Leste,2008,NY.GDP.MKTP.KD.ZG,11.3948048266465
TLS,Timor-Leste,2007,NY.GDP.MKTP.KD.ZG,10.2653884542201
TLS,Timor-Leste,2006,NY.GDP.MKTP.KD.ZG,-4.11609268942114
TLS,Timor-Leste,2005,NY.GDP.MKTP.KD.ZG,2.98457963807486
TGO,Togo,2025,NY.GDP.MKTP.KD.ZG,6.31032671625633
TGO,Togo,2024,NY.GDP.MKTP.KD.ZG,6.52651376797853
TGO,Togo,2023,NY.GDP.MKTP.KD.ZG,6.19762969378132
TGO,Togo,2022,NY.GDP.MKTP.KD.ZG,6.29443692019429
TGO,Togo,2021,NY.GDP.MKTP.KD.ZG,5.13562929064506
TGO,Togo,2020,NY.GDP.MKTP.KD.ZG,2.15900131150536
TGO,Togo,2019,NY.GDP.MKTP.KD.ZG,4.91949260488683
TGO,Togo,2018,NY.GDP.MKTP.KD.ZG,4.79518333086139
TGO,Togo,2017,NY.GDP.MKTP.KD.ZG,4.00791259566937
TGO,Togo,2016,NY.GDP.MKTP.KD.ZG,4.21490387414525
TGO,Togo,2015,NY.GDP.MKTP.KD.ZG,5.4680413807304
TGO,Togo,2014,NY.GDP.MKTP.KD.ZG,5.63323739145223
TGO,Togo,2013,NY.GDP.MKTP.KD.ZG,5.82425069283059
TGO,Togo,2012,NY.GDP.MKTP.KD.ZG,6.30271426865185
TGO,Togo,2011,NY.GDP.MKTP.KD.ZG,5.82325622135289
TGO,Togo,2010,NY.GDP.MKTP.KD.ZG,5.85433399076879
TGO,Togo,2009,NY.GDP.MKTP.KD.ZG,5.45381096920332
TGO,Togo,2008,NY.GDP.MKTP.KD.ZG,4.03561315398862
TGO,Togo,2007,NY.GDP.MKTP.KD.ZG,-1.1751368996605
TGO,Togo,2006,NY.GDP.MKTP.KD.ZG,2.65013209943473
TGO,Togo,2005,NY.GDP.MKTP.KD.ZG,-4.66629938413338
TON,Tonga,2025,NY.GDP.MKTP.KD.ZG,2.79999999999998
TON,Tonga,2024,NY.GDP.MKTP.KD.ZG,1.71653807667747
TON,Tonga,2023,NY.GDP.MKTP.KD.ZG,2.79014715494606
TON,Tonga,2022,NY.GDP.MKTP.KD.ZG,-2.12854876486114
TON,Tonga,2021,NY.GDP.MKTP.KD.ZG,-0.934919892094683
TON,Tonga,2020,NY.GDP.MKTP.KD.ZG,1.80618715298932
TON,Tonga,2019,NY.GDP.MKTP.KD.ZG,-0.285210784299821
TON,Tonga,2018,NY.GDP.MKTP.KD.ZG,0.527828083180253
TON,Tonga,2017,NY.GDP.MKTP.KD.ZG,3.20231976224244
TON,Tonga,2016,NY.GDP.MKTP.KD.ZG,6.59869879417958
TON,Tonga,2015,NY.GDP.MKTP.KD.ZG,1.11374402398066
TON,Tonga,2014,NY.GDP.MKTP.KD.ZG,1.99053769890816
TON,Tonga,2013,NY.GDP.MKTP.KD.ZG,0.393922530137331
TON,Tonga,2012,NY.GDP.MKTP.KD.ZG,0.919761024923076
TON,Tonga,2011,NY.GDP.MKTP.KD.ZG,6.70369746238768
TON,Tonga,2010,NY.GDP.MKTP.KD.ZG,0.824396914081831
TON,Tonga,2009,NY.GDP.MKTP.KD.ZG,-5.12917819150532
TON,Tonga,2008,NY.GDP.MKTP.KD.ZG,4.86284132376997
TON,Tonga,2007,NY.GDP.MKTP.KD.ZG,-2.46430779100223
TON,Tonga,2006,NY.GDP.MKTP.KD.ZG,-2.16566342680382
TON,Tonga,2005,NY.GDP.MKTP.KD.ZG,-0.657650703495165
TTO,Trinidad and Tobago,2025,NY.GDP.MKTP.KD.ZG,-0.787768572727643
TTO,Trinidad and Tobago,2024,NY.GDP.MKTP.KD.ZG,2.50920813979569
TTO,Trinidad and Tobago,2023,NY.GDP.MKTP.KD.ZG,1.46645947294053
TTO,Trinidad and Tobago,2022,NY.GDP.MKTP.KD.ZG,0.86126082651883
TTO,Trinidad and Tobago,2021,NY.GDP.MKTP.KD.ZG,-0.716740625909793
TTO,Trinidad and Tobago,2020,NY.GDP.MKTP.KD.ZG,-8.78879817831519
TTO,Trinidad and Tobago,2019,NY.GDP.MKTP.KD.ZG,0.467734528855885
TTO,Trinidad and Tobago,2018,NY.GDP.MKTP.KD.ZG,-0.945449700943314
TTO,Trinidad and Tobago,2017,NY.GDP.MKTP.KD.ZG,-4.87274946918724
TTO,Trinidad and Tobago,2016,NY.GDP.MKTP.KD.ZG,-7.53636305379372
TTO,Trinidad and Tobago,2015,NY.GDP.MKTP.KD.ZG,-0.406283288730492
TTO,Trinidad and Tobago,2014,NY.GDP.MKTP.KD.ZG,3.67086851032413
TTO,Trinidad and Tobago,2013,NY.GDP.MKTP.KD.ZG,3.36819291689019
TTO,Trinidad and Tobago,2012,NY.GDP.MKTP.KD.ZG,6.71074625448722
TTO,Trinidad and Tobago,2011,NY.GDP.MKTP.KD.ZG,-0.294354409043763
TTO,Trinidad and Tobago,2010,NY.GDP.MKTP.KD.ZG,3.32322471027371
TTO,Trinidad and Tobago,2009,NY.GDP.MKTP.KD.ZG,-4.3917292474614
TTO,Trinidad and Tobago,2008,NY.GDP.MKTP.KD.ZG,3.39173707807387
TTO,Trinidad and Tobago,2007,NY.GDP.MKTP.KD.ZG,4.75420970092722
TTO,Trinidad and Tobago,2006,NY.GDP.MKTP.KD.ZG,13.2080586051735
TTO,Trinidad and Tobago,2005,NY.GDP.MKTP.KD.ZG,6.20893787954175
TUN,Tunisia,2025,NY.GDP.MKTP.KD.ZG,2.49311010666248
TUN,Tunisia,2024,NY.GDP.MKTP.KD.ZG,1.61444564976986
TUN,Tunisia,2023,NY.GDP.MKTP.KD.ZG,0.184015548469745
TUN,Tunisia,2022,NY.GDP.MKTP.KD.ZG,2.75228761004381
TUN,Tunisia,2021,NY.GDP.MKTP.KD.ZG,4.73603648206102
TUN,Tunisia,2020,NY.GDP.MKTP.KD.ZG,-8.97512622934723
TUN,Tunisia,2019,NY.GDP.MKTP.KD.ZG,1.55009304966742
TUN,Tunisia,2018,NY.GDP.MKTP.KD.ZG,2.60696965356362
TUN,Tunisia,2017,NY.GDP.MKTP.KD.ZG,2.25261437620587
TUN,Tunisia,2016,NY.GDP.MKTP.KD.ZG,1.117231963992
TUN,Tunisia,2015,NY.GDP.MKTP.KD.ZG,0.967834205635981
TUN,Tunisia,2014,NY.GDP.MKTP.KD.ZG,3.09032803070775
TUN,Tunisia,2013,NY.GDP.MKTP.KD.ZG,2.42993096446429
TUN,Tunisia,2012,NY.GDP.MKTP.KD.ZG,4.21667711535632
TUN,Tunisia,2011,NY.GDP.MKTP.KD.ZG,-2.04663389535644
TUN,Tunisia,2010,NY.GDP.MKTP.KD.ZG,2.97113275066512
TUN,Tunisia,2009,NY.GDP.MKTP.KD.ZG,3.04345012371552
TUN,Tunisia,2008,NY.GDP.MKTP.KD.ZG,4.23778147502819
TUN,Tunisia,2007,NY.GDP.MKTP.KD.ZG,6.70952097453554
TUN,Tunisia,2006,NY.GDP.MKTP.KD.ZG,5.24409983246916
TUN,Tunisia,2005,NY.GDP.MKTP.KD.ZG,3.4865455430439
TUR,Turkiye,2025,NY.GDP.MKTP.KD.ZG,3.60462514082589
TUR,Turkiye,2024,NY.GDP.MKTP.KD.ZG,3.3276230893799
TUR,Turkiye,2023,NY.GDP.MKTP.KD.ZG,5.04512369812289
TUR,Turkiye,2022,NY.GDP.MKTP.KD.ZG,5.44122511322401
TUR,Turkiye,2021,NY.GDP.MKTP.KD.ZG,11.811094450607
TUR,Turkiye,2020,NY.GDP.MKTP.KD.ZG,1.80306247087255
TUR,Turkiye,2019,NY.GDP.MKTP.KD.ZG,1.30162365464503
TUR,Turkiye,2018,NY.GDP.MKTP.KD.ZG,3.46815306092219
TUR,Turkiye,2017,NY.GDP.MKTP.KD.ZG,7.82585730002594
TUR,Turkiye,2016,NY.GDP.MKTP.KD.ZG,3.32366508200445
TUR,Turkiye,2015,NY.GDP.MKTP.KD.ZG,5.80557386628684
TUR,Turkiye,2014,NY.GDP.MKTP.KD.ZG,4.60079447270559
TUR,Turkiye,2013,NY.GDP.MKTP.KD.ZG,8.48825689298511
TUR,Turkiye,2012,NY.GDP.MKTP.KD.ZG,4.80762696633448
TUR,Turkiye,2011,NY.GDP.MKTP.KD.ZG,10.9799625273598
TUR,Turkiye,2010,NY.GDP.MKTP.KD.ZG,8.54219848467686
TUR,Turkiye,2009,NY.GDP.MKTP.KD.ZG,-4.88269401706633
TUR,Turkiye,2008,NY.GDP.MKTP.KD.ZG,0.920118221365883
TUR,Turkiye,2007,NY.GDP.MKTP.KD.ZG,5.10818513903604
TUR,Turkiye,2006,NY.GDP.MKTP.KD.ZG,7.06762607623939
TUR,Turkiye,2005,NY.GDP.MKTP.KD.ZG,9.11157745861635
TKM,Turkmenistan,2025,NY.GDP.MKTP.KD.ZG,6.30000003697894
TKM,Turkmenistan,2024,NY.GDP.MKTP.KD.ZG,6.28235647996578
TKM,Turkmenistan,2023,NY.GDP.MKTP.KD.ZG,6.31879850268643
TKM,Turkmenistan,2022,NY.GDP.MKTP.KD.ZG,6.23491365071671
TKM,Turkmenistan,2021,NY.GDP.MKTP.KD.ZG,6.15115785574542
TKM,Turkmenistan,2020,NY.GDP.MKTP.KD.ZG,5.87065623130427
TKM,Turkmenistan,2019,NY.GDP.MKTP.KD.ZG,6.33169567608873
TKM,Turkmenistan,2018,NY.GDP.MKTP.KD.ZG,6.20602363832646
TKM,Turkmenistan,2017,NY.GDP.MKTP.KD.ZG,6.45138358820188
TKM,Turkmenistan,2016,NY.GDP.MKTP.KD.ZG,6.22909997062793
TKM,Turkmenistan,2015,NY.GDP.MKTP.KD.ZG,6.45254918531575
TKM,Turkmenistan,2014,NY.GDP.MKTP.KD.ZG,10.3497353947965
TKM,Turkmenistan,2013,NY.GDP.MKTP.KD.ZG,10.1628450365084
TKM,Turkmenistan,2012,NY.GDP.MKTP.KD.ZG,11.0508311776258
TKM,Turkmenistan,2011,NY.GDP.MKTP.KD.ZG,14.7183120474814
TKM,Turkmenistan,2010,NY.GDP.MKTP.KD.ZG,9.20000007329543
TKM,Turkmenistan,2009,NY.GDP.MKTP.KD.ZG,6.10000001746145
TKM,Turkmenistan,2008,NY.GDP.MKTP.KD.ZG,14.7000000144534
TKM,Turkmenistan,2007,NY.GDP.MKTP.KD.ZG,11.0592995865825
TKM,Turkmenistan,2006,NY.GDP.MKTP.KD.ZG,10.9733082952862
TKM,Turkmenistan,2005,NY.GDP.MKTP.KD.ZG,13.0340347988606
TCA,Turks and Caicos Islands,2024,NY.GDP.MKTP.KD.ZG,5.63682517443362
TCA,Turks and Caicos Islands,2023,NY.GDP.MKTP.KD.ZG,13.7311481139228
TCA,Turks and Caicos Islands,2022,NY.GDP.MKTP.KD.ZG,14.0871234168153
TCA,Turks and Caicos Islands,2021,NY.GDP.MKTP.KD.ZG,29.6293781722414
TCA,Turks and Caicos Islands,2020,NY.GDP.MKTP.KD.ZG,-33.8170973434652
TCA,Turks and Caicos Islands,2019,NY.GDP.MKTP.KD.ZG,4.98170549382992
TCA,Turks and Caicos Islands,2018,NY.GDP.MKTP.KD.ZG,6.75264845178367
TCA,Turks and Caicos Islands,2017,NY.GDP.MKTP.KD.ZG,74.5879880544188
TCA,Turks and Caicos Islands,2016,NY.GDP.MKTP.KD.ZG,7.25118627570265
TCA,Turks and Caicos Islands,2015,NY.GDP.MKTP.KD.ZG,11.3148293929929
TCA,Turks and Caicos Islands,2014,NY.GDP.MKTP.KD.ZG,8.71129580824217
TCA,Turks and Caicos Islands,2013,NY.GDP.MKTP.KD.ZG,1.07088049554032
TCA,Turks and Caicos Islands,2012,NY.GDP.MKTP.KD.ZG,-2.66655562053364
TCA,Turks and Caicos Islands,2011,NY.GDP.MKTP.KD.ZG,4.62049892978239
TCA,Turks and Caicos Islands,2010,NY.GDP.MKTP.KD.ZG,0.984924853810682
TCA,Turks and Caicos Islands,2009,NY.GDP.MKTP.KD.ZG,-19.5502467595022
TCA,Turks and Caicos Islands,2008,NY.GDP.MKTP.KD.ZG,8.27189312486149
TUV,Tuvalu,2025,NY.GDP.MKTP.KD.ZG,1.63934426229508
TUV,Tuvalu,2024,NY.GDP.MKTP.KD.ZG,3.38983050847457
TUV,Tuvalu,2023,NY.GDP.MKTP.KD.ZG,3.50877192982458
TUV,Tuvalu,2022,NY.GDP.MKTP.KD.ZG,-10.9375
TUV,Tuvalu,2021,NY.GDP.MKTP.KD.ZG,0.0
TUV,Tuvalu,2020,NY.GDP.MKTP.KD.ZG,-3.03030303030303
TUV,Tuvalu,2019,NY.GDP.MKTP.KD.ZG,13.4465048163198
TUV,Tuvalu,2018,NY.GDP.MKTP.KD.ZG,1.38668386152332
TUV,Tuvalu,2017,NY.GDP.MKTP.KD.ZG,3.26802914033142
TUV,Tuvalu,2016,NY.GDP.MKTP.KD.ZG,4.77650497336539
TUV,Tuvalu,2015,NY.GDP.MKTP.KD.ZG,9.37896384662504
TUV,Tuvalu,2014,NY.GDP.MKTP.KD.ZG,1.66722583350807
TUV,Tuvalu,2013,NY.GDP.MKTP.KD.ZG,3.80502330116951
TUV,Tuvalu,2012,NY.GDP.MKTP.KD.ZG,-2.8527626821171
TUV,Tuvalu,2011,NY.GDP.MKTP.KD.ZG,7.52010985962886
TUV,Tuvalu,2010,NY.GDP.MKTP.KD.ZG,-2.46826250374198
TUV,Tuvalu,2009,NY.GDP.MKTP.KD.ZG,-5.61992222980298
TUV,Tuvalu,2008,NY.GDP.MKTP.KD.ZG,6.57919977159274
TUV,Tuvalu,2007,NY.GDP.MKTP.KD.ZG,6.90547330117343
TUV,Tuvalu,2006,NY.GDP.MKTP.KD.ZG,1.30103846348952
TUV,Tuvalu,2005,NY.GDP.MKTP.KD.ZG,-3.74664896498648
UGA,Uganda,2025,NY.GDP.MKTP.KD.ZG,6.33181157677313
UGA,Uganda,2024,NY.GDP.MKTP.KD.ZG,6.05558075875589
UGA,Uganda,2023,NY.GDP.MKTP.KD.ZG,5.33697295511469
UGA,Uganda,2022,NY.GDP.MKTP.KD.ZG,4.58802192181773
UGA,Uganda,2021,NY.GDP.MKTP.KD.ZG,3.53658034070898
UGA,Uganda,2020,NY.GDP.MKTP.KD.ZG,2.95130642218098
UGA,Uganda,2019,NY.GDP.MKTP.KD.ZG,6.43874503276439
UGA,Uganda,2018,NY.GDP.MKTP.KD.ZG,6.30392378262997
UGA,Uganda,2017,NY.GDP.MKTP.KD.ZG,3.13140551723596
UGA,Uganda,2016,NY.GDP.MKTP.KD.ZG,4.78100029254482
UGA,Uganda,2015,NY.GDP.MKTP.KD.ZG,5.18785986002466
UGA,Uganda,2014,NY.GDP.MKTP.KD.ZG,5.10630732539796
UGA,Uganda,2013,NY.GDP.MKTP.KD.ZG,3.58690582623025
UGA,Uganda,2012,NY.GDP.MKTP.KD.ZG,3.83745560605229
UGA,Uganda,2011,NY.GDP.MKTP.KD.ZG,9.3916554927176
UGA,Uganda,2010,NY.GDP.MKTP.KD.ZG,5.63761163749757
UGA,Uganda,2009,NY.GDP.MKTP.KD.ZG,6.80151734860395
UGA,Uganda,2008,NY.GDP.MKTP.KD.ZG,8.70875190154499
UGA,Uganda,2007,NY.GDP.MKTP.KD.ZG,8.41242596551071
UGA,Uganda,2006,NY.GDP.MKTP.KD.ZG,10.7847443857453
UGA,Uganda,2005,NY.GDP.MKTP.KD.ZG,6.33256511623156
UKR,Ukraine,2025,NY.GDP.MKTP.KD.ZG,1.82152376756284
UKR,Ukraine,2024,NY.GDP.MKTP.KD.ZG,3.24811808426423
UKR,Ukraine,2023,NY.GDP.MKTP.KD.ZG,5.53473354963334
UKR,Ukraine,2022,NY.GDP.MKTP.KD.ZG,-28.7585842155085
UKR,Ukraine,2021,NY.GDP.MKTP.KD.ZG,3.44562065945944
UKR,Ukraine,2020,NY.GDP.MKTP.KD.ZG,-3.75281793983162
UKR,Ukraine,2019,NY.GDP.MKTP.KD.ZG,3.19950386354134
UKR,Ukraine,2018,NY.GDP.MKTP.KD.ZG,3.48836234022659
UKR,Ukraine,2017,NY.GDP.MKTP.KD.ZG,2.35997228099491
UKR,Ukraine,2016,NY.GDP.MKTP.KD.ZG,2.44098194492067
UKR,Ukraine,2015,NY.GDP.MKTP.KD.ZG,-9.7729872128676
UKR,Ukraine,2014,NY.GDP.MKTP.KD.ZG,-10.0788949840953
UKR,Ukraine,2013,NY.GDP.MKTP.KD.ZG,0.045439094492707
UKR,Ukraine,2012,NY.GDP.MKTP.KD.ZG,0.152314967200653
UKR,Ukraine,2011,NY.GDP.MKTP.KD.ZG,5.44528081048476
UKR,Ukraine,2010,NY.GDP.MKTP.KD.ZG,4.09200436668087
UKR,Ukraine,2009,NY.GDP.MKTP.KD.ZG,-15.1364679101502
UKR,Ukraine,2008,NY.GDP.MKTP.KD.ZG,2.24349159628288
UKR,Ukraine,2007,NY.GDP.MKTP.KD.ZG,8.21584445165715
UKR,Ukraine,2006,NY.GDP.MKTP.KD.ZG,7.57142076322967
UKR,Ukraine,2005,NY.GDP.MKTP.KD.ZG,3.07123039245209
ARE,United Arab Emirates,2024,NY.GDP.MKTP.KD.ZG,3.99181200361831
ARE,United Arab Emirates,2023,NY.GDP.MKTP.KD.ZG,4.30113648499413
ARE,United Arab Emirates,2022,NY.GDP.MKTP.KD.ZG,7.51452414254605
ARE,United Arab Emirates,2021,NY.GDP.MKTP.KD.ZG,4.55280140106356
ARE,United Arab Emirates,2020,NY.GDP.MKTP.KD.ZG,-8.69343363776639
ARE,United Arab Emirates,2019,NY.GDP.MKTP.KD.ZG,1.27129120536284
ARE,United Arab Emirates,2018,NY.GDP.MKTP.KD.ZG,1.53720634021511
ARE,United Arab Emirates,2017,NY.GDP.MKTP.KD.ZG,-1.06137114472548
ARE,United Arab Emirates,2016,NY.GDP.MKTP.KD.ZG,5.65790147196586
ARE,United Arab Emirates,2015,NY.GDP.MKTP.KD.ZG,7.08766622657654
ARE,United Arab Emirates,2014,NY.GDP.MKTP.KD.ZG,4.63291785879667
ARE,United Arab Emirates,2013,NY.GDP.MKTP.KD.ZG,4.9184505919085
ARE,United Arab Emirates,2012,NY.GDP.MKTP.KD.ZG,4.68325642918792
ARE,United Arab Emirates,2011,NY.GDP.MKTP.KD.ZG,6.73651167897515
ARE,United Arab Emirates,2010,NY.GDP.MKTP.KD.ZG,1.60285004336325
ARE,United Arab Emirates,2009,NY.GDP.MKTP.KD.ZG,-5.2429219073683
ARE,United Arab Emirates,2008,NY.GDP.MKTP.KD.ZG,3.19181235452885
ARE,United Arab Emirates,2007,NY.GDP.MKTP.KD.ZG,3.18441281459761
ARE,United Arab Emirates,2006,NY.GDP.MKTP.KD.ZG,9.83727922860218
ARE,United Arab Emirates,2005,NY.GDP.MKTP.KD.ZG,4.85513657996815
GBR,United Kingdom,2025,NY.GDP.MKTP.KD.ZG,1.38844207858726
GBR,United Kingdom,2024,NY.GDP.MKTP.KD.ZG,1.08027716858781
GBR,United Kingdom,2023,NY.GDP.MKTP.KD.ZG,0.271650048355255
GBR,United Kingdom,2022,NY.GDP.MKTP.KD.ZG,5.14970388522993
GBR,United Kingdom,2021,NY.GDP.MKTP.KD.ZG,8.5431118453255
GBR,United Kingdom,2020,NY.GDP.MKTP.KD.ZG,-10.047896637362
GBR,United Kingdom,2019,NY.GDP.MKTP.KD.ZG,1.25629899760824
GBR,United Kingdom,2018,NY.GDP.MKTP.KD.ZG,1.55133095078786
GBR,United Kingdom,2017,NY.GDP.MKTP.KD.ZG,3.02322219840339
GBR,United Kingdom,2016,NY.GDP.MKTP.KD.ZG,2.20652020635357
GBR,United Kingdom,2015,NY.GDP.MKTP.KD.ZG,2.14040560033371
GBR,United Kingdom,2014,NY.GDP.MKTP.KD.ZG,3.16017351468152
GBR,United Kingdom,2013,NY.GDP.MKTP.KD.ZG,1.71846961308464
GBR,United Kingdom,2012,NY.GDP.MKTP.KD.ZG,1.52826034721852
GBR,United Kingdom,2011,NY.GDP.MKTP.KD.ZG,0.851437739020326
GBR,United Kingdom,2010,NY.GDP.MKTP.KD.ZG,2.26054460931586
GBR,United Kingdom,2009,NY.GDP.MKTP.KD.ZG,-4.58740819226323
GBR,United Kingdom,2008,NY.GDP.MKTP.KD.ZG,-0.0494116727402769
GBR,United Kingdom,2007,NY.GDP.MKTP.KD.ZG,2.93091133582351
GBR,United Kingdom,2006,NY.GDP.MKTP.KD.ZG,2.18982132415704
GBR,United Kingdom,2005,NY.GDP.MKTP.KD.ZG,2.7906547174688
USA,United States,2025,NY.GDP.MKTP.KD.ZG,2.16138195623856
USA,United States,2024,NY.GDP.MKTP.KD.ZG,2.79318715363841
USA,United States,2023,NY.GDP.MKTP.KD.ZG,2.93436322440155
USA,United States,2022,NY.GDP.MKTP.KD.ZG,2.52421385073222
USA,United States,2021,NY.GDP.MKTP.KD.ZG,6.15202247867526
USA,United States,2020,NY.GDP.MKTP.KD.ZG,-2.081375977796
USA,United States,2019,NY.GDP.MKTP.KD.ZG,2.58382533052225
USA,United States,2018,NY.GDP.MKTP.KD.ZG,2.96650506701943
USA,United States,2017,NY.GDP.MKTP.KD.ZG,2.45762230126449
USA,United States,2016,NY.GDP.MKTP.KD.ZG,1.81945147909089
USA,United States,2015,NY.GDP.MKTP.KD.ZG,2.94555045227337
USA,United States,2014,NY.GDP.MKTP.KD.ZG,2.52381981757846
USA,United States,2013,NY.GDP.MKTP.KD.ZG,2.11783009443471
USA,United States,2012,NY.GDP.MKTP.KD.ZG,2.28911339009767
USA,United States,2011,NY.GDP.MKTP.KD.ZG,1.56440685205419
USA,United States,2010,NY.GDP.MKTP.KD.ZG,2.69519258673525
USA,United States,2009,NY.GDP.MKTP.KD.ZG,-2.5765002366652
USA,United States,2008,NY.GDP.MKTP.KD.ZG,0.113587247501258
USA,United States,2007,NY.GDP.MKTP.KD.ZG,2.0038583039496
USA,United States,2006,NY.GDP.MKTP.KD.ZG,2.78453963674239
USA,United States,2005,NY.GDP.MKTP.KD.ZG,3.48354993710312
URY,Uruguay,2025,NY.GDP.MKTP.KD.ZG,1.78471117082752
URY,Uruguay,2024,NY.GDP.MKTP.KD.ZG,3.32575905957381
URY,Uruguay,2023,NY.GDP.MKTP.KD.ZG,0.761749241321681
URY,Uruguay,2022,NY.GDP.MKTP.KD.ZG,4.60623000920732
URY,Uruguay,2021,NY.GDP.MKTP.KD.ZG,5.84427325018082
URY,Uruguay,2020,NY.GDP.MKTP.KD.ZG,-7.35732706897301
URY,Uruguay,2019,NY.GDP.MKTP.KD.ZG,0.928351027546341
URY,Uruguay,2018,NY.GDP.MKTP.KD.ZG,0.164777608846705
URY,Uruguay,2017,NY.GDP.MKTP.KD.ZG,1.74037649141989
URY,Uruguay,2016,NY.GDP.MKTP.KD.ZG,1.68979822971775
URY,Uruguay,2015,NY.GDP.MKTP.KD.ZG,0.370741257681345
URY,Uruguay,2014,NY.GDP.MKTP.KD.ZG,3.23879122952364
URY,Uruguay,2013,NY.GDP.MKTP.KD.ZG,4.63753862902416
URY,Uruguay,2012,NY.GDP.MKTP.KD.ZG,3.53817872056869
URY,Uruguay,2011,NY.GDP.MKTP.KD.ZG,5.16213302463606
URY,Uruguay,2010,NY.GDP.MKTP.KD.ZG,7.8034096507169
URY,Uruguay,2009,NY.GDP.MKTP.KD.ZG,4.24349419462426
URY,Uruguay,2008,NY.GDP.MKTP.KD.ZG,7.17614466455107
URY,Uruguay,2007,NY.GDP.MKTP.KD.ZG,6.54151084504817
URY,Uruguay,2006,NY.GDP.MKTP.KD.ZG,4.09857735445401
URY,Uruguay,2005,NY.GDP.MKTP.KD.ZG,7.4601321302473
UZB,Uzbekistan,2025,NY.GDP.MKTP.KD.ZG,7.69962477932913
UZB,Uzbekistan,2024,NY.GDP.MKTP.KD.ZG,6.67618796188361
UZB,Uzbekistan,2023,NY.GDP.MKTP.KD.ZG,6.31603004201926
UZB,Uzbekistan,2022,NY.GDP.MKTP.KD.ZG,6.08592335737373
UZB,Uzbekistan,2021,NY.GDP.MKTP.KD.ZG,8.20448512353877
UZB,Uzbekistan,2020,NY.GDP.MKTP.KD.ZG,1.62162281640448
UZB,Uzbekistan,2019,NY.GDP.MKTP.KD.ZG,6.79331098484522
UZB,Uzbekistan,2018,NY.GDP.MKTP.KD.ZG,5.72368380757618
UZB,Uzbekistan,2017,NY.GDP.MKTP.KD.ZG,4.70027401956061
UZB,Uzbekistan,2016,NY.GDP.MKTP.KD.ZG,6.71108022628
UZB,Uzbekistan,2015,NY.GDP.MKTP.KD.ZG,7.94477659311639
UZB,Uzbekistan,2014,NY.GDP.MKTP.KD.ZG,7.71373911707978
UZB,Uzbekistan,2013,NY.GDP.MKTP.KD.ZG,7.9217749261021
UZB,Uzbekistan,2012,NY.GDP.MKTP.KD.ZG,7.35682138899483
UZB,Uzbekistan,2011,NY.GDP.MKTP.KD.ZG,8.12793681625645
UZB,Uzbekistan,2010,NY.GDP.MKTP.KD.ZG,7.5971679610016
UZB,Uzbekistan,2009,NY.GDP.MKTP.KD.ZG,8.05093332733964
UZB,Uzbekistan,2008,NY.GDP.MKTP.KD.ZG,9.02916101784781
UZB,Uzbekistan,2007,NY.GDP.MKTP.KD.ZG,9.47300530544537
UZB,Uzbekistan,2006,NY.GDP.MKTP.KD.ZG,7.45141847621767
UZB,Uzbekistan,2005,NY.GDP.MKTP.KD.ZG,6.95000719569107
VUT,Vanuatu,2025,NY.GDP.MKTP.KD.ZG,3.05357824026483
VUT,Vanuatu,2024,NY.GDP.MKTP.KD.ZG,3.76564827114278
VUT,Vanuatu,2023,NY.GDP.MKTP.KD.ZG,5.82973013269719
VUT,Vanuatu,2022,NY.GDP.MKTP.KD.ZG,5.59195729750803
VUT,Vanuatu,2021,NY.GDP.MKTP.KD.ZG,-1.16332488626091
VUT,Vanuatu,2020,NY.GDP.MKTP.KD.ZG,-5.72530282073851
VUT,Vanuatu,2019,NY.GDP.MKTP.KD.ZG,3.27677257380314
VUT,Vanuatu,2018,NY.GDP.MKTP.KD.ZG,2.51532789491979
VUT,Vanuatu,2017,NY.GDP.MKTP.KD.ZG,4.22332192519966
VUT,Vanuatu,2016,NY.GDP.MKTP.KD.ZG,3.61980830670927
VUT,Vanuatu,2015,NY.GDP.MKTP.KD.ZG,3.50101268962098
VUT,Vanuatu,2014,NY.GDP.MKTP.KD.ZG,3.10512947273315
VUT,Vanuatu,2013,NY.GDP.MKTP.KD.ZG,0.463390415135436
VUT,Vanuatu,2012,NY.GDP.MKTP.KD.ZG,1.01004768692017
VUT,Vanuatu,2011,NY.GDP.MKTP.KD.ZG,3.13980290023437
VUT,Vanuatu,2010,NY.GDP.MKTP.KD.ZG,1.25886720329254
VUT,Vanuatu,2009,NY.GDP.MKTP.KD.ZG,3.03730354099639
VUT,Vanuatu,2008,NY.GDP.MKTP.KD.ZG,5.60099182147225
VUT,Vanuatu,2007,NY.GDP.MKTP.KD.ZG,2.87589228775376
VUT,Vanuatu,2006,NY.GDP.MKTP.KD.ZG,8.46069747205426
VUT,Vanuatu,2005,NY.GDP.MKTP.KD.ZG,5.30532647259227
VEN,"Venezuela, RB",2025,NY.GDP.MKTP.KD.ZG,1.57068062827224
VEN,"Venezuela, RB",2024,NY.GDP.MKTP.KD.ZG,5.52486187845305
VEN,"Venezuela, RB",2023,NY.GDP.MKTP.KD.ZG,4.02298850574712
VEN,"Venezuela, RB",2022,NY.GDP.MKTP.KD.ZG,8.07453416149069
VEN,"Venezuela, RB",2021,NY.GDP.MKTP.KD.ZG,0.625000000000014
VEN,"Venezuela, RB",2020,NY.GDP.MKTP.KD.ZG,-29.8245614035088
VEN,"Venezuela, RB",2019,NY.GDP.MKTP.KD.ZG,-27.6190476190476
VEN,"Venezuela, RB",2018,NY.GDP.MKTP.KD.ZG,-19.6428571428571
VEN,"Venezuela, RB",2017,NY.GDP.MKTP.KD.ZG,-15.6989247311828
VEN,"Venezuela, RB",2016,NY.GDP.MKTP.KD.ZG,-17.1122994652406
VEN,"Venezuela, RB",2015,NY.GDP.MKTP.KD.ZG,-6.18729096989966
VEN,"Venezuela, RB",2014,NY.GDP.MKTP.KD.ZG,-3.85852090032154
VEN,"Venezuela, RB",2013,NY.GDP.MKTP.KD.ZG,1.30293159609121
VEN,"Venezuela, RB",2012,NY.GDP.MKTP.KD.ZG,5.67986230636832
VEN,"Venezuela, RB",2011,NY.GDP.MKTP.KD.ZG,4.12186379928315
VEN,"Venezuela, RB",2010,NY.GDP.MKTP.KD.ZG,-1.5873015873016
VEN,"Venezuela, RB",2009,NY.GDP.MKTP.KD.ZG,-3.07692307692308
VEN,"Venezuela, RB",2008,NY.GDP.MKTP.KD.ZG,5.21582733812949
VEN,"Venezuela, RB",2007,NY.GDP.MKTP.KD.ZG,8.80626223091976
VEN,"Venezuela, RB",2006,NY.GDP.MKTP.KD.ZG,9.89247311827957
VEN,"Venezuela, RB",2005,NY.GDP.MKTP.KD.ZG,10.1895734597156
VNM,Viet Nam,2025,NY.GDP.MKTP.KD.ZG,8.01882998978245
VNM,Viet Nam,2024,NY.GDP.MKTP.KD.ZG,7.03955197123018
VNM,Viet Nam,2023,NY.GDP.MKTP.KD.ZG,4.97865959483225
VNM,Viet Nam,2022,NY.GDP.MKTP.KD.ZG,8.53750041218142
VNM,Viet Nam,2021,NY.GDP.MKTP.KD.ZG,2.55372852648131
VNM,Viet Nam,2020,NY.GDP.MKTP.KD.ZG,2.86541320912272
VNM,Viet Nam,2019,NY.GDP.MKTP.KD.ZG,7.35926270105006
VNM,Viet Nam,2018,NY.GDP.MKTP.KD.ZG,7.46500685572751
VNM,Viet Nam,2017,NY.GDP.MKTP.KD.ZG,6.94019037359206
VNM,Viet Nam,2016,NY.GDP.MKTP.KD.ZG,6.69000892660424
VNM,Viet Nam,2015,NY.GDP.MKTP.KD.ZG,6.98715430598611
VNM,Viet Nam,2014,NY.GDP.MKTP.KD.ZG,6.42224312118567
VNM,Viet Nam,2013,NY.GDP.MKTP.KD.ZG,5.55351081026072
VNM,Viet Nam,2012,NY.GDP.MKTP.KD.ZG,5.5045447041189
VNM,Viet Nam,2011,NY.GDP.MKTP.KD.ZG,6.41316889681683
VNM,Viet Nam,2010,NY.GDP.MKTP.KD.ZG,6.42324482239482
VNM,Viet Nam,2009,NY.GDP.MKTP.KD.ZG,5.39789754014181
VNM,Viet Nam,2008,NY.GDP.MKTP.KD.ZG,5.66177120891362
VNM,Viet Nam,2007,NY.GDP.MKTP.KD.ZG,7.12950448605439
VNM,Viet Nam,2006,NY.GDP.MKTP.KD.ZG,6.97795481056711
VNM,Viet Nam,2005,NY.GDP.MKTP.KD.ZG,7.54724772895918
VIR,Virgin Islands (U.S.),2022,NY.GDP.MKTP.KD.ZG,-1.31123206333498
VIR,Virgin Islands (U.S.),2021,NY.GDP.MKTP.KD.ZG,3.66760707873814
VIR,Virgin Islands (U.S.),2020,NY.GDP.MKTP.KD.ZG,-1.61493817814787
VIR,Virgin Islands (U.S.),2019,NY.GDP.MKTP.KD.ZG,2.90833549727343
VIR,Virgin Islands (U.S.),2018,NY.GDP.MKTP.KD.ZG,1.87830687830687
VIR,Virgin Islands (U.S.),2017,NY.GDP.MKTP.KD.ZG,-0.735294117647058
VIR,Virgin Islands (U.S.),2016,NY.GDP.MKTP.KD.ZG,1.6008537886873
VIR,Virgin Islands (U.S.),2015,NY.GDP.MKTP.KD.ZG,-0.425079702444208
VIR,Virgin Islands (U.S.),2014,NY.GDP.MKTP.KD.ZG,-1.77453027139875
VIR,Virgin Islands (U.S.),2013,NY.GDP.MKTP.KD.ZG,-6.28515529469308
VIR,Virgin Islands (U.S.),2012,NY.GDP.MKTP.KD.ZG,-14.8125
VIR,Virgin Islands (U.S.),2011,NY.GDP.MKTP.KD.ZG,-8.20424555364315
VIR,Virgin Islands (U.S.),2010,NY.GDP.MKTP.KD.ZG,0.596383224317051
VIR,Virgin Islands (U.S.),2009,NY.GDP.MKTP.KD.ZG,-6.59478885893981
VIR,Virgin Islands (U.S.),2008,NY.GDP.MKTP.KD.ZG,1.21862495452891
VIR,Virgin Islands (U.S.),2007,NY.GDP.MKTP.KD.ZG,4.01059402194477
VIR,Virgin Islands (U.S.),2006,NY.GDP.MKTP.KD.ZG,3.50499314666143
VIR,Virgin Islands (U.S.),2005,NY.GDP.MKTP.KD.ZG,3.4853090172239
PSE,West Bank and Gaza,2025,NY.GDP.MKTP.KD.ZG,4.34444072337577
PSE,West Bank and Gaza,2024,NY.GDP.MKTP.KD.ZG,-22.8573273913324
PSE,West Bank and Gaza,2023,NY.GDP.MKTP.KD.ZG,-0.97217780620403
PSE,West Bank and Gaza,2022,NY.GDP.MKTP.KD.ZG,4.08276027347105
PSE,West Bank and Gaza,2021,NY.GDP.MKTP.KD.ZG,7.01198227592003
PSE,West Bank and Gaza,2020,NY.GDP.MKTP.KD.ZG,-11.3184661065134
PSE,West Bank and Gaza,2019,NY.GDP.MKTP.KD.ZG,1.36268746558062
PSE,West Bank and Gaza,2018,NY.GDP.MKTP.KD.ZG,1.22707737782703
PSE,West Bank and Gaza,2017,NY.GDP.MKTP.KD.ZG,1.41936756294787
PSE,West Bank and Gaza,2016,NY.GDP.MKTP.KD.ZG,8.86461881995935
PSE,West Bank and Gaza,2015,NY.GDP.MKTP.KD.ZG,3.72129967114788
PSE,West Bank and Gaza,2014,NY.GDP.MKTP.KD.ZG,-0.157866650855297
PSE,West Bank and Gaza,2013,NY.GDP.MKTP.KD.ZG,4.69856986552234
PSE,West Bank and Gaza,2012,NY.GDP.MKTP.KD.ZG,6.09645656326154
PSE,West Bank and Gaza,2011,NY.GDP.MKTP.KD.ZG,9.60080848913594
PSE,West Bank and Gaza,2010,NY.GDP.MKTP.KD.ZG,5.77736205629419
PSE,West Bank and Gaza,2009,NY.GDP.MKTP.KD.ZG,8.59349087893864
PSE,West Bank and Gaza,2008,NY.GDP.MKTP.KD.ZG,7.42918225547835
PSE,West Bank and Gaza,2007,NY.GDP.MKTP.KD.ZG,3.78828152085981
PSE,West Bank and Gaza,2006,NY.GDP.MKTP.KD.ZG,-0.996556103477076
PSE,West Bank and Gaza,2005,NY.GDP.MKTP.KD.ZG,11.2906511829271
YEM,"Yemen, Rep.",2018,NY.GDP.MKTP.KD.ZG,0.752447592962554
YEM,"Yemen, Rep.",2017,NY.GDP.MKTP.KD.ZG,-5.07179568062152
YEM,"Yemen, Rep.",2016,NY.GDP.MKTP.KD.ZG,-9.37512379736752
YEM,"Yemen, Rep.",2015,NY.GDP.MKTP.KD.ZG,-27.9945462502541
YEM,"Yemen, Rep.",2014,NY.GDP.MKTP.KD.ZG,-0.188690241954504
YEM,"Yemen, Rep.",2013,NY.GDP.MKTP.KD.ZG,4.82351908493912
YEM,"Yemen, Rep.",2012,NY.GDP.MKTP.KD.ZG,2.39299021364694
YEM,"Yemen, Rep.",2011,NY.GDP.MKTP.KD.ZG,-12.7148969035133
YEM,"Yemen, Rep.",2010,NY.GDP.MKTP.KD.ZG,7.70128607527964
YEM,"Yemen, Rep.",2009,NY.GDP.MKTP.KD.ZG,3.86622951587742
YEM,"Yemen, Rep.",2008,NY.GDP.MKTP.KD.ZG,3.64756947012633
YEM,"Yemen, Rep.",2007,NY.GDP.MKTP.KD.ZG,3.33842795605096
YEM,"Yemen, Rep.",2006,NY.GDP.MKTP.KD.ZG,3.17040935922364
YEM,"Yemen, Rep.",2005,NY.GDP.MKTP.KD.ZG,5.59174807563268
ZMB,Zambia,2025,NY.GDP.MKTP.KD.ZG,3.75772836763902
ZMB,Zambia,2024,NY.GDP.MKTP.KD.ZG,3.82004825518591
ZMB,Zambia,2023,NY.GDP.MKTP.KD.ZG,5.36794285493059
ZMB,Zambia,2022,NY.GDP.MKTP.KD.ZG,5.21122360356247
ZMB,Zambia,2021,NY.GDP.MKTP.KD.ZG,6.23492204726448
ZMB,Zambia,2020,NY.GDP.MKTP.KD.ZG,-2.78505506545167
ZMB,Zambia,2019,NY.GDP.MKTP.KD.ZG,1.44130602603785
ZMB,Zambia,2018,NY.GDP.MKTP.KD.ZG,4.03449389667165
ZMB,Zambia,2017,NY.GDP.MKTP.KD.ZG,3.52586277149926
ZMB,Zambia,2016,NY.GDP.MKTP.KD.ZG,3.75510031678988
ZMB,Zambia,2015,NY.GDP.MKTP.KD.ZG,2.92037511217961
ZMB,Zambia,2014,NY.GDP.MKTP.KD.ZG,4.69328316376705
ZMB,Zambia,2013,NY.GDP.MKTP.KD.ZG,5.05753695047252
ZMB,Zambia,2012,NY.GDP.MKTP.KD.ZG,7.59738104901994
ZMB,Zambia,2011,NY.GDP.MKTP.KD.ZG,5.56925219263019
ZMB,Zambia,2010,NY.GDP.MKTP.KD.ZG,10.2982233241213
ZMB,Zambia,2009,NY.GDP.MKTP.KD.ZG,9.2203484058663
ZMB,Zambia,2008,NY.GDP.MKTP.KD.ZG,7.77389581542363
ZMB,Zambia,2007,NY.GDP.MKTP.KD.ZG,8.35243624447406
ZMB,Zambia,2006,NY.GDP.MKTP.KD.ZG,7.90369444480079
ZMB,Zambia,2005,NY.GDP.MKTP.KD.ZG,7.23559900655543
ZWE,Zimbabwe,2025,NY.GDP.MKTP.KD.ZG,8.10671343048909
ZWE,Zimbabwe,2024,NY.GDP.MKTP.KD.ZG,1.67649454921512
ZWE,Zimbabwe,2023,NY.GDP.MKTP.KD.ZG,5.3508687909833
ZWE,Zimbabwe,2022,NY.GDP.MKTP.KD.ZG,6.13926327570213
ZWE,Zimbabwe,2021,NY.GDP.MKTP.KD.ZG,8.46801676808001
ZWE,Zimbabwe,2020,NY.GDP.MKTP.KD.ZG,-7.81695060188729
ZWE,Zimbabwe,2019,NY.GDP.MKTP.KD.ZG,-6.33244976028571
ZWE,Zimbabwe,2018,NY.GDP.MKTP.KD.ZG,5.00992154297603
ZWE,Zimbabwe,2017,NY.GDP.MKTP.KD.ZG,4.73441117758482
ZWE,Zimbabwe,2016,NY.GDP.MKTP.KD.ZG,0.75579405855224
ZWE,Zimbabwe,2015,NY.GDP.MKTP.KD.ZG,1.77985356392176
ZWE,Zimbabwe,2014,NY.GDP.MKTP.KD.ZG,2.37698561663417
ZWE,Zimbabwe,2013,NY.GDP.MKTP.KD.ZG,1.98948554025198
ZWE,Zimbabwe,2012,NY.GDP.MKTP.KD.ZG,16.6654290410337
ZWE,Zimbabwe,2011,NY.GDP.MKTP.KD.ZG,14.1939156801139
ZWE,Zimbabwe,2010,NY.GDP.MKTP.KD.ZG,19.6754077019323
ZWE,Zimbabwe,2009,NY.GDP.MKTP.KD.ZG,13.2720546167979
ZWE,Zimbabwe,2008,NY.GDP.MKTP.KD.ZG,-17.6689987958491
ZWE,Zimbabwe,2007,NY.GDP.MKTP.KD.ZG,-3.653250914872
ZWE,Zimbabwe,2006,NY.GDP.MKTP.KD.ZG,-3.46140290336963
ZWE,Zimbabwe,2005,NY.GDP.MKTP.KD.ZG,-5.71112541241364
