country_code,country_name,year,indicator_code,value
AFE,Africa Eastern and Southern,2021,SE.TER.ENRR,8.66186046600342
AFE,Africa Eastern and Southern,2020,SE.TER.ENRR,8.71187019348145
AFE,Africa Eastern and Southern,2019,SE.TER.ENRR,8.67273044586182
AFE,Africa Eastern and Southern,2018,SE.TER.ENRR,8.7509298324585
AFE,Africa Eastern and Southern,2017,SE.TER.ENRR,8.71269035339355
AFE,Africa Eastern and Southern,2016,SE.TER.ENRR,8.57314014434814
AFE,Africa Eastern and Southern,2015,SE.TER.ENRR,8.43400001525879
AFE,Africa Eastern and Southern,2014,SE.TER.ENRR,8.29104042053223
AFE,Africa Eastern and Southern,2013,SE.TER.ENRR,8.18673038482666
AFE,Africa Eastern and Southern,2012,SE.TER.ENRR,7.9946699142456
AFE,Africa Eastern and Southern,2011,SE.TER.ENRR,7.71177005767822
AFE,Africa Eastern and Southern,2010,SE.TER.ENRR,7.34631013870239
AFE,Africa Eastern and Southern,2009,SE.TER.ENRR,6.78540992736816
AFE,Africa Eastern and Southern,2008,SE.TER.ENRR,6.22163009643555
AFE,Africa Eastern and Southern,2007,SE.TER.ENRR,5.82964992523193
AFE,Africa Eastern and Southern,2006,SE.TER.ENRR,5.67903995513916
AFE,Africa Eastern and Southern,2005,SE.TER.ENRR,5.39512014389038
AFW,Africa Western and Central,2021,SE.TER.ENRR,10.1902599334717
AFW,Africa Western and Central,2020,SE.TER.ENRR,9.93537998199463
AFW,Africa Western and Central,2019,SE.TER.ENRR,9.73875999450684
AFW,Africa Western and Central,2018,SE.TER.ENRR,9.58899021148682
AFW,Africa Western and Central,2017,SE.TER.ENRR,9.39776039123535
AFW,Africa Western and Central,2016,SE.TER.ENRR,9.26937007904053
AFW,Africa Western and Central,2015,SE.TER.ENRR,9.45302963256836
AFW,Africa Western and Central,2014,SE.TER.ENRR,9.39218044281006
AFW,Africa Western and Central,2013,SE.TER.ENRR,9.13339042663574
AFW,Africa Western and Central,2012,SE.TER.ENRR,8.61141014099121
AFW,Africa Western and Central,2011,SE.TER.ENRR,8.23383045196533
AFW,Africa Western and Central,2010,SE.TER.ENRR,7.94076013565063
AFW,Africa Western and Central,2009,SE.TER.ENRR,7.67314004898071
AFW,Africa Western and Central,2008,SE.TER.ENRR,7.55156993865967
AFW,Africa Western and Central,2007,SE.TER.ENRR,7.31161022186279
AFW,Africa Western and Central,2006,SE.TER.ENRR,7.09086990356445
AFW,Africa Western and Central,2005,SE.TER.ENRR,7.03709983825684
ARB,Arab World,2024,SE.TER.ENRR,35.0803985595703
ARB,Arab World,2023,SE.TER.ENRR,33.2456398010254
ARB,Arab World,2022,SE.TER.ENRR,32.7095909118652
ARB,Arab World,2021,SE.TER.ENRR,32.6684608459473
ARB,Arab World,2020,SE.TER.ENRR,32.7869911193848
ARB,Arab World,2019,SE.TER.ENRR,32.1644706726074
ARB,Arab World,2018,SE.TER.ENRR,31.8304405212402
ARB,Arab World,2017,SE.TER.ENRR,30.7080307006836
ARB,Arab World,2016,SE.TER.ENRR,29.9698600769043
ARB,Arab World,2015,SE.TER.ENRR,29.4163494110107
ARB,Arab World,2014,SE.TER.ENRR,27.9501495361328
ARB,Arab World,2013,SE.TER.ENRR,26.6111106872559
ARB,Arab World,2012,SE.TER.ENRR,24.9674091339111
ARB,Arab World,2011,SE.TER.ENRR,23.5923805236816
ARB,Arab World,2010,SE.TER.ENRR,24.0447006225586
ARB,Arab World,2009,SE.TER.ENRR,23.2823505401611
ARB,Arab World,2008,SE.TER.ENRR,22.4240398406982
ARB,Arab World,2007,SE.TER.ENRR,21.5595207214356
ARB,Arab World,2006,SE.TER.ENRR,20.922119140625
ARB,Arab World,2005,SE.TER.ENRR,20.39501953125
CSS,Caribbean small states,2016,SE.TER.ENRR,22.4458999633789
CSS,Caribbean small states,2015,SE.TER.ENRR,22.3374500274658
CSS,Caribbean small states,2014,SE.TER.ENRR,22.1476001739502
CSS,Caribbean small states,2013,SE.TER.ENRR,21.7818107604981
CSS,Caribbean small states,2012,SE.TER.ENRR,22.1598205566406
CSS,Caribbean small states,2011,SE.TER.ENRR,20.8291606903076
CSS,Caribbean small states,2010,SE.TER.ENRR,20.8750495910644
CSS,Caribbean small states,2009,SE.TER.ENRR,19.4849090576172
CSS,Caribbean small states,2008,SE.TER.ENRR,18.9792003631592
CSS,Caribbean small states,2007,SE.TER.ENRR,17.4229507446289
CSS,Caribbean small states,2006,SE.TER.ENRR,16.1468200683594
CSS,Caribbean small states,2005,SE.TER.ENRR,16.0023498535156
CEB,Central Europe and the Baltics,2024,SE.TER.ENRR,68.5388870239258
CEB,Central Europe and the Baltics,2023,SE.TER.ENRR,68.5388870239258
CEB,Central Europe and the Baltics,2022,SE.TER.ENRR,69.6117095947266
CEB,Central Europe and the Baltics,2021,SE.TER.ENRR,67.2225112915039
CEB,Central Europe and the Baltics,2020,SE.TER.ENRR,65.5949325561523
CEB,Central Europe and the Baltics,2019,SE.TER.ENRR,65.126091003418
CEB,Central Europe and the Baltics,2018,SE.TER.ENRR,64.793212890625
CEB,Central Europe and the Baltics,2017,SE.TER.ENRR,64.2809066772461
CEB,Central Europe and the Baltics,2016,SE.TER.ENRR,63.742748260498
CEB,Central Europe and the Baltics,2015,SE.TER.ENRR,63.5147018432617
CEB,Central Europe and the Baltics,2014,SE.TER.ENRR,64.334602355957
CEB,Central Europe and the Baltics,2013,SE.TER.ENRR,65.7614822387695
CEB,Central Europe and the Baltics,2012,SE.TER.ENRR,67.0797119140625
CEB,Central Europe and the Baltics,2011,SE.TER.ENRR,69.3709716796875
CEB,Central Europe and the Baltics,2010,SE.TER.ENRR,71.1350784301758
CEB,Central Europe and the Baltics,2009,SE.TER.ENRR,70.2542572021484
CEB,Central Europe and the Baltics,2008,SE.TER.ENRR,67.3870162963867
CEB,Central Europe and the Baltics,2007,SE.TER.ENRR,63.0291404724121
CEB,Central Europe and the Baltics,2006,SE.TER.ENRR,60.1693992614746
CEB,Central Europe and the Baltics,2005,SE.TER.ENRR,57.1709289550781
EAR,Early-demographic dividend,2024,SE.TER.ENRR,36.2870903015137
EAR,Early-demographic dividend,2023,SE.TER.ENRR,35.5325889587402
EAR,Early-demographic dividend,2022,SE.TER.ENRR,34.193359375
EAR,Early-demographic dividend,2021,SE.TER.ENRR,33.4120712280273
EAR,Early-demographic dividend,2020,SE.TER.ENRR,32.2398986816406
EAR,Early-demographic dividend,2019,SE.TER.ENRR,31.5165290832519
EAR,Early-demographic dividend,2018,SE.TER.ENRR,30.673189163208
EAR,Early-demographic dividend,2017,SE.TER.ENRR,30.3353500366211
EAR,Early-demographic dividend,2016,SE.TER.ENRR,29.7700099945068
EAR,Early-demographic dividend,2015,SE.TER.ENRR,28.9729995727539
EAR,Early-demographic dividend,2014,SE.TER.ENRR,27.4999103546143
EAR,Early-demographic dividend,2013,SE.TER.ENRR,26.1639900207519
EAR,Early-demographic dividend,2012,SE.TER.ENRR,25.700590133667
EAR,Early-demographic dividend,2011,SE.TER.ENRR,24.1540393829346
EAR,Early-demographic dividend,2010,SE.TER.ENRR,21.7061100006104
EAR,Early-demographic dividend,2009,SE.TER.ENRR,20.0750503540039
EAR,Early-demographic dividend,2008,SE.TER.ENRR,18.9660301208496
EAR,Early-demographic dividend,2007,SE.TER.ENRR,17.3509292602539
EAR,Early-demographic dividend,2006,SE.TER.ENRR,16.0446300506592
EAR,Early-demographic dividend,2005,SE.TER.ENRR,15.2303199768066
EAS,East Asia & Pacific,2024,SE.TER.ENRR,63.3318481445312
EAS,East Asia & Pacific,2023,SE.TER.ENRR,61.8918609619141
EAS,East Asia & Pacific,2022,SE.TER.ENRR,59.3321418762207
EAS,East Asia & Pacific,2021,SE.TER.ENRR,56.0834693908691
EAS,East Asia & Pacific,2020,SE.TER.ENRR,52.6518783569336
EAS,East Asia & Pacific,2019,SE.TER.ENRR,49.4808692932129
EAS,East Asia & Pacific,2018,SE.TER.ENRR,47.4009819030762
EAS,East Asia & Pacific,2017,SE.TER.ENRR,46.5590782165527
EAS,East Asia & Pacific,2016,SE.TER.ENRR,45.9389686584473
EAS,East Asia & Pacific,2015,SE.TER.ENRR,44.2587699890137
EAS,East Asia & Pacific,2014,SE.TER.ENRR,41.8916206359863
EAS,East Asia & Pacific,2013,SE.TER.ENRR,35.0063514709473
EAS,East Asia & Pacific,2012,SE.TER.ENRR,32.6158103942871
EAS,East Asia & Pacific,2011,SE.TER.ENRR,30.5334892272949
EAS,East Asia & Pacific,2010,SE.TER.ENRR,29.0185108184814
EAS,East Asia & Pacific,2009,SE.TER.ENRR,27.3756103515625
EAS,East Asia & Pacific,2008,SE.TER.ENRR,26.1920108795166
EAS,East Asia & Pacific,2007,SE.TER.ENRR,25.5336608886719
EAS,East Asia & Pacific,2006,SE.TER.ENRR,24.681209564209
EAS,East Asia & Pacific,2005,SE.TER.ENRR,23.4988803863525
EAP,East Asia & Pacific (excluding high income),2024,SE.TER.ENRR,61.7415199279785
EAP,East Asia & Pacific (excluding high income),2023,SE.TER.ENRR,60.2147789001465
EAP,East Asia & Pacific (excluding high income),2022,SE.TER.ENRR,57.4992599487305
EAP,East Asia & Pacific (excluding high income),2021,SE.TER.ENRR,53.9938011169434
EAP,East Asia & Pacific (excluding high income),2020,SE.TER.ENRR,50.3684883117676
EAP,East Asia & Pacific (excluding high income),2019,SE.TER.ENRR,46.9729614257812
EAP,East Asia & Pacific (excluding high income),2018,SE.TER.ENRR,44.811351776123
EAP,East Asia & Pacific (excluding high income),2017,SE.TER.ENRR,43.858829498291
EAP,East Asia & Pacific (excluding high income),2016,SE.TER.ENRR,43.1053314208984
EAP,East Asia & Pacific (excluding high income),2015,SE.TER.ENRR,41.3544311523438
EAP,East Asia & Pacific (excluding high income),2014,SE.TER.ENRR,38.8466682434082
EAP,East Asia & Pacific (excluding high income),2013,SE.TER.ENRR,31.580940246582
EAP,East Asia & Pacific (excluding high income),2012,SE.TER.ENRR,29.1287307739258
EAP,East Asia & Pacific (excluding high income),2011,SE.TER.ENRR,26.9844398498535
EAP,East Asia & Pacific (excluding high income),2010,SE.TER.ENRR,25.4730396270752
EAP,East Asia & Pacific (excluding high income),2009,SE.TER.ENRR,23.7790603637695
EAP,East Asia & Pacific (excluding high income),2008,SE.TER.ENRR,22.4409999847412
EAP,East Asia & Pacific (excluding high income),2007,SE.TER.ENRR,21.6776599884033
EAP,East Asia & Pacific (excluding high income),2006,SE.TER.ENRR,20.6872100830078
EAP,East Asia & Pacific (excluding high income),2005,SE.TER.ENRR,19.3102798461914
TEA,East Asia & Pacific (IDA & IBRD countries),2024,SE.TER.ENRR,62.1942710876465
TEA,East Asia & Pacific (IDA & IBRD countries),2023,SE.TER.ENRR,60.657829284668
TEA,East Asia & Pacific (IDA & IBRD countries),2022,SE.TER.ENRR,57.9160804748535
TEA,East Asia & Pacific (IDA & IBRD countries),2021,SE.TER.ENRR,54.3689193725586
TEA,East Asia & Pacific (IDA & IBRD countries),2020,SE.TER.ENRR,50.6974411010742
TEA,East Asia & Pacific (IDA & IBRD countries),2019,SE.TER.ENRR,47.2565612792969
TEA,East Asia & Pacific (IDA & IBRD countries),2018,SE.TER.ENRR,45.0661506652832
TEA,East Asia & Pacific (IDA & IBRD countries),2017,SE.TER.ENRR,44.0927085876465
TEA,East Asia & Pacific (IDA & IBRD countries),2016,SE.TER.ENRR,43.3201484680176
TEA,East Asia & Pacific (IDA & IBRD countries),2015,SE.TER.ENRR,41.5367698669434
TEA,East Asia & Pacific (IDA & IBRD countries),2014,SE.TER.ENRR,38.9852485656738
TEA,East Asia & Pacific (IDA & IBRD countries),2013,SE.TER.ENRR,31.6151294708252
TEA,East Asia & Pacific (IDA & IBRD countries),2012,SE.TER.ENRR,29.1261692047119
TEA,East Asia & Pacific (IDA & IBRD countries),2011,SE.TER.ENRR,26.9515590667725
TEA,East Asia & Pacific (IDA & IBRD countries),2010,SE.TER.ENRR,25.4230098724365
TEA,East Asia & Pacific (IDA & IBRD countries),2009,SE.TER.ENRR,23.7103404998779
TEA,East Asia & Pacific (IDA & IBRD countries),2008,SE.TER.ENRR,22.3570995330811
TEA,East Asia & Pacific (IDA & IBRD countries),2007,SE.TER.ENRR,21.5844192504883
TEA,East Asia & Pacific (IDA & IBRD countries),2006,SE.TER.ENRR,20.5814304351807
TEA,East Asia & Pacific (IDA & IBRD countries),2005,SE.TER.ENRR,19.1879806518555
EMU,Euro area,2024,SE.TER.ENRR,81.8938369750977
EMU,Euro area,2023,SE.TER.ENRR,81.8938369750977
EMU,Euro area,2022,SE.TER.ENRR,81.6640472412109
EMU,Euro area,2021,SE.TER.ENRR,79.9525680541992
EMU,Euro area,2020,SE.TER.ENRR,76.9254837036133
EMU,Euro area,2019,SE.TER.ENRR,76.0138626098633
EMU,Euro area,2018,SE.TER.ENRR,74.7783737182617
EMU,Euro area,2017,SE.TER.ENRR,73.6193008422852
EMU,Euro area,2016,SE.TER.ENRR,72.2064819335938
EMU,Euro area,2015,SE.TER.ENRR,71.4340972900391
EMU,Euro area,2014,SE.TER.ENRR,69.9664688110352
EMU,Euro area,2013,SE.TER.ENRR,67.9843521118164
EMU,Euro area,2012,SE.TER.ENRR,67.2605895996094
EMU,Euro area,2011,SE.TER.ENRR,66.5702667236328
EMU,Euro area,2010,SE.TER.ENRR,65.1743316650391
EMU,Euro area,2009,SE.TER.ENRR,63.742259979248
EMU,Euro area,2008,SE.TER.ENRR,63.1868896484375
EMU,Euro area,2007,SE.TER.ENRR,63.1724586486816
EMU,Euro area,2006,SE.TER.ENRR,63.1356391906738
EMU,Euro area,2005,SE.TER.ENRR,62.4031982421875
ECS,Europe & Central Asia,2024,SE.TER.ENRR,84.8905563354492
ECS,Europe & Central Asia,2023,SE.TER.ENRR,81.5205917358398
ECS,Europe & Central Asia,2022,SE.TER.ENRR,81.0477066040039
ECS,Europe & Central Asia,2021,SE.TER.ENRR,79.1505813598633
ECS,Europe & Central Asia,2020,SE.TER.ENRR,75.6536102294922
ECS,Europe & Central Asia,2019,SE.TER.ENRR,73.6700897216797
ECS,Europe & Central Asia,2018,SE.TER.ENRR,72.0409393310547
ECS,Europe & Central Asia,2017,SE.TER.ENRR,70.533203125
ECS,Europe & Central Asia,2016,SE.TER.ENRR,68.9127578735352
ECS,Europe & Central Asia,2015,SE.TER.ENRR,67.4049606323242
ECS,Europe & Central Asia,2014,SE.TER.ENRR,66.4192199707031
ECS,Europe & Central Asia,2013,SE.TER.ENRR,64.9021987915039
ECS,Europe & Central Asia,2012,SE.TER.ENRR,63.842960357666
ECS,Europe & Central Asia,2011,SE.TER.ENRR,63.1500511169434
ECS,Europe & Central Asia,2010,SE.TER.ENRR,62.1960716247559
ECS,Europe & Central Asia,2009,SE.TER.ENRR,60.6389389038086
ECS,Europe & Central Asia,2008,SE.TER.ENRR,59.4951515197754
ECS,Europe & Central Asia,2007,SE.TER.ENRR,58.696159362793
ECS,Europe & Central Asia,2006,SE.TER.ENRR,57.5957984924316
ECS,Europe & Central Asia,2005,SE.TER.ENRR,56.0824089050293
ECA,Europe & Central Asia (excluding high income),2024,SE.TER.ENRR,85.1110763549805
ECA,Europe & Central Asia (excluding high income),2023,SE.TER.ENRR,79.1041488647461
ECA,Europe & Central Asia (excluding high income),2022,SE.TER.ENRR,79.0034332275391
ECA,Europe & Central Asia (excluding high income),2021,SE.TER.ENRR,77.9448471069336
ECA,Europe & Central Asia (excluding high income),2020,SE.TER.ENRR,74.5084381103516
ECA,Europe & Central Asia (excluding high income),2019,SE.TER.ENRR,72.0600280761719
ECA,Europe & Central Asia (excluding high income),2018,SE.TER.ENRR,69.4651870727539
ECA,Europe & Central Asia (excluding high income),2017,SE.TER.ENRR,66.7744674682617
ECA,Europe & Central Asia (excluding high income),2016,SE.TER.ENRR,63.0641899108887
ECA,Europe & Central Asia (excluding high income),2015,SE.TER.ENRR,59.4534492492676
ECA,Europe & Central Asia (excluding high income),2014,SE.TER.ENRR,57.4994316101074
ECA,Europe & Central Asia (excluding high income),2013,SE.TER.ENRR,54.6174812316895
ECA,Europe & Central Asia (excluding high income),2012,SE.TER.ENRR,51.655029296875
ECA,Europe & Central Asia (excluding high income),2011,SE.TER.ENRR,48.8937301635742
ECA,Europe & Central Asia (excluding high income),2010,SE.TER.ENRR,46.8220100402832
ECA,Europe & Central Asia (excluding high income),2009,SE.TER.ENRR,44.1857299804688
ECA,Europe & Central Asia (excluding high income),2008,SE.TER.ENRR,42.468391418457
ECA,Europe & Central Asia (excluding high income),2007,SE.TER.ENRR,41.7718391418457
ECA,Europe & Central Asia (excluding high income),2006,SE.TER.ENRR,40.5656318664551
ECA,Europe & Central Asia (excluding high income),2005,SE.TER.ENRR,38.0454292297363
TEC,Europe & Central Asia (IDA & IBRD countries),2024,SE.TER.ENRR,88.6189193725586
TEC,Europe & Central Asia (IDA & IBRD countries),2023,SE.TER.ENRR,82.1417770385742
TEC,Europe & Central Asia (IDA & IBRD countries),2022,SE.TER.ENRR,81.2411270141602
TEC,Europe & Central Asia (IDA & IBRD countries),2021,SE.TER.ENRR,79.2664413452148
TEC,Europe & Central Asia (IDA & IBRD countries),2020,SE.TER.ENRR,76.050666809082
TEC,Europe & Central Asia (IDA & IBRD countries),2019,SE.TER.ENRR,73.6460266113281
TEC,Europe & Central Asia (IDA & IBRD countries),2018,SE.TER.ENRR,72.1406326293945
TEC,Europe & Central Asia (IDA & IBRD countries),2017,SE.TER.ENRR,70.3993377685547
TEC,Europe & Central Asia (IDA & IBRD countries),2016,SE.TER.ENRR,68.5775833129883
TEC,Europe & Central Asia (IDA & IBRD countries),2015,SE.TER.ENRR,66.5678024291992
TEC,Europe & Central Asia (IDA & IBRD countries),2014,SE.TER.ENRR,65.699821472168
TEC,Europe & Central Asia (IDA & IBRD countries),2013,SE.TER.ENRR,64.0805892944336
TEC,Europe & Central Asia (IDA & IBRD countries),2012,SE.TER.ENRR,62.2472190856934
TEC,Europe & Central Asia (IDA & IBRD countries),2011,SE.TER.ENRR,61.4155616760254
TEC,Europe & Central Asia (IDA & IBRD countries),2010,SE.TER.ENRR,60.5026206970215
TEC,Europe & Central Asia (IDA & IBRD countries),2009,SE.TER.ENRR,58.7855110168457
TEC,Europe & Central Asia (IDA & IBRD countries),2008,SE.TER.ENRR,57.3591613769531
TEC,Europe & Central Asia (IDA & IBRD countries),2007,SE.TER.ENRR,55.8291511535645
TEC,Europe & Central Asia (IDA & IBRD countries),2006,SE.TER.ENRR,53.9830513000488
TEC,Europe & Central Asia (IDA & IBRD countries),2005,SE.TER.ENRR,51.7776718139648
EUU,European Union,2024,SE.TER.ENRR,79.4997329711914
EUU,European Union,2023,SE.TER.ENRR,79.4997329711914
EUU,European Union,2022,SE.TER.ENRR,79.6330184936523
EUU,European Union,2021,SE.TER.ENRR,77.8575668334961
EUU,European Union,2020,SE.TER.ENRR,75.0071029663086
EUU,European Union,2019,SE.TER.ENRR,74.0401382446289
EUU,European Union,2018,SE.TER.ENRR,72.9149475097656
EUU,European Union,2017,SE.TER.ENRR,71.7874526977539
EUU,European Union,2016,SE.TER.ENRR,70.514030456543
EUU,European Union,2015,SE.TER.ENRR,69.7687225341797
EUU,European Union,2014,SE.TER.ENRR,68.7397079467773
EUU,European Union,2013,SE.TER.ENRR,67.5626907348633
EUU,European Union,2012,SE.TER.ENRR,67.3753204345703
EUU,European Union,2011,SE.TER.ENRR,67.5122680664062
EUU,European Union,2010,SE.TER.ENRR,66.8966522216797
EUU,European Union,2009,SE.TER.ENRR,65.613899230957
EUU,European Union,2008,SE.TER.ENRR,64.5242614746094
EUU,European Union,2007,SE.TER.ENRR,63.493091583252
EUU,European Union,2006,SE.TER.ENRR,62.8105583190918
EUU,European Union,2005,SE.TER.ENRR,61.5676918029785
HPC,Heavily indebted poor countries (HIPC),2021,SE.TER.ENRR,9.09300994873047
HPC,Heavily indebted poor countries (HIPC),2020,SE.TER.ENRR,8.93181037902832
HPC,Heavily indebted poor countries (HIPC),2019,SE.TER.ENRR,8.76803016662598
HPC,Heavily indebted poor countries (HIPC),2018,SE.TER.ENRR,8.68200016021729
HPC,Heavily indebted poor countries (HIPC),2017,SE.TER.ENRR,8.52756977081299
HPC,Heavily indebted poor countries (HIPC),2016,SE.TER.ENRR,8.36925029754639
HPC,Heavily indebted poor countries (HIPC),2015,SE.TER.ENRR,8.46887016296387
HPC,Heavily indebted poor countries (HIPC),2014,SE.TER.ENRR,8.39015007019043
HPC,Heavily indebted poor countries (HIPC),2013,SE.TER.ENRR,8.12090969085693
HPC,Heavily indebted poor countries (HIPC),2012,SE.TER.ENRR,7.75029993057251
HPC,Heavily indebted poor countries (HIPC),2011,SE.TER.ENRR,7.36318016052246
HPC,Heavily indebted poor countries (HIPC),2010,SE.TER.ENRR,7.1113600730896
HPC,Heavily indebted poor countries (HIPC),2009,SE.TER.ENRR,6.50473022460938
HPC,Heavily indebted poor countries (HIPC),2008,SE.TER.ENRR,5.94095993041992
HPC,Heavily indebted poor countries (HIPC),2007,SE.TER.ENRR,5.42055988311768
HPC,Heavily indebted poor countries (HIPC),2006,SE.TER.ENRR,5.0988597869873
HPC,Heavily indebted poor countries (HIPC),2005,SE.TER.ENRR,4.72972011566162
,High income,2024,SE.TER.ENRR,82.0356521606445
,High income,2023,SE.TER.ENRR,81.3826599121094
,High income,2022,SE.TER.ENRR,80.0000076293945
,High income,2021,SE.TER.ENRR,80.3660430908203
,High income,2020,SE.TER.ENRR,78.8942108154297
,High income,2019,SE.TER.ENRR,78.1505126953125
,High income,2018,SE.TER.ENRR,77.3113708496094
,High income,2017,SE.TER.ENRR,76.9816284179688
,High income,2016,SE.TER.ENRR,76.8188171386719
,High income,2015,SE.TER.ENRR,76.1647109985352
,High income,2014,SE.TER.ENRR,75.5722274780273
,High income,2013,SE.TER.ENRR,74.6711502075195
,High income,2012,SE.TER.ENRR,73.9660415649414
,High income,2011,SE.TER.ENRR,73.4673080444336
,High income,2010,SE.TER.ENRR,72.7250671386719
,High income,2009,SE.TER.ENRR,71.669563293457
,High income,2008,SE.TER.ENRR,70.3824996948242
,High income,2007,SE.TER.ENRR,69.4518508911133
,High income,2006,SE.TER.ENRR,68.3215713500977
,High income,2005,SE.TER.ENRR,66.98193359375
IBD,IBRD only,2024,SE.TER.ENRR,52.829891204834
IBD,IBRD only,2023,SE.TER.ENRR,52.1241912841797
IBD,IBRD only,2022,SE.TER.ENRR,50.1821708679199
IBD,IBRD only,2021,SE.TER.ENRR,48.078239440918
IBD,IBRD only,2020,SE.TER.ENRR,45.7753410339355
IBD,IBRD only,2019,SE.TER.ENRR,43.9086608886719
IBD,IBRD only,2018,SE.TER.ENRR,42.8337593078613
IBD,IBRD only,2017,SE.TER.ENRR,42.1075210571289
IBD,IBRD only,2016,SE.TER.ENRR,41.3350410461426
IBD,IBRD only,2015,SE.TER.ENRR,40.3413391113281
IBD,IBRD only,2014,SE.TER.ENRR,38.5710983276367
IBD,IBRD only,2013,SE.TER.ENRR,34.6321601867676
IBD,IBRD only,2012,SE.TER.ENRR,33.3618087768555
IBD,IBRD only,2011,SE.TER.ENRR,31.60080909729
IBD,IBRD only,2010,SE.TER.ENRR,29.3168201446533
IBD,IBRD only,2009,SE.TER.ENRR,27.5671901702881
IBD,IBRD only,2008,SE.TER.ENRR,26.4676303863525
IBD,IBRD only,2007,SE.TER.ENRR,24.9976596832275
IBD,IBRD only,2006,SE.TER.ENRR,24.1985492706299
IBD,IBRD only,2005,SE.TER.ENRR,22.308780670166
IBT,IDA & IBRD total,2024,SE.TER.ENRR,39.3488082885742
IBT,IDA & IBRD total,2023,SE.TER.ENRR,38.8012886047363
IBT,IDA & IBRD total,2022,SE.TER.ENRR,37.5708808898926
IBT,IDA & IBRD total,2021,SE.TER.ENRR,36.371711730957
IBT,IDA & IBRD total,2020,SE.TER.ENRR,34.881721496582
IBT,IDA & IBRD total,2019,SE.TER.ENRR,33.7504501342773
IBT,IDA & IBRD total,2018,SE.TER.ENRR,32.9231109619141
IBT,IDA & IBRD total,2017,SE.TER.ENRR,32.534610748291
IBT,IDA & IBRD total,2016,SE.TER.ENRR,32.1406402587891
IBT,IDA & IBRD total,2015,SE.TER.ENRR,31.5849208831787
IBT,IDA & IBRD total,2014,SE.TER.ENRR,30.4351806640625
IBT,IDA & IBRD total,2013,SE.TER.ENRR,27.7377204895019
IBT,IDA & IBRD total,2012,SE.TER.ENRR,26.9026508331299
IBT,IDA & IBRD total,2011,SE.TER.ENRR,25.6595001220703
IBT,IDA & IBRD total,2010,SE.TER.ENRR,23.9923896789551
IBT,IDA & IBRD total,2009,SE.TER.ENRR,22.640739440918
IBT,IDA & IBRD total,2008,SE.TER.ENRR,21.6924991607666
IBT,IDA & IBRD total,2007,SE.TER.ENRR,20.5265102386475
IBT,IDA & IBRD total,2006,SE.TER.ENRR,19.8638801574707
IBT,IDA & IBRD total,2005,SE.TER.ENRR,18.3835792541504
IDB,IDA blend,2024,SE.TER.ENRR,12.5017795562744
IDB,IDA blend,2023,SE.TER.ENRR,11.2455501556397
IDB,IDA blend,2022,SE.TER.ENRR,10.9789304733276
IDB,IDA blend,2021,SE.TER.ENRR,11.750789642334
IDB,IDA blend,2020,SE.TER.ENRR,11.1854295730591
IDB,IDA blend,2019,SE.TER.ENRR,10.7665796279907
IDB,IDA blend,2018,SE.TER.ENRR,9.50831985473633
IDB,IDA blend,2017,SE.TER.ENRR,9.59840965270996
IDB,IDA blend,2016,SE.TER.ENRR,9.36579990386963
IDB,IDA blend,2015,SE.TER.ENRR,9.33965969085693
IDB,IDA blend,2014,SE.TER.ENRR,9.27478981018066
IDB,IDA blend,2013,SE.TER.ENRR,9.06772041320801
IDB,IDA blend,2012,SE.TER.ENRR,8.63274955749512
IDB,IDA blend,2011,SE.TER.ENRR,8.02414035797119
IDB,IDA blend,2010,SE.TER.ENRR,7.6446099281311
IDB,IDA blend,2009,SE.TER.ENRR,7.30359983444214
IDB,IDA blend,2008,SE.TER.ENRR,6.84502983093262
IDB,IDA blend,2007,SE.TER.ENRR,6.89648008346558
IDB,IDA blend,2006,SE.TER.ENRR,6.67625999450684
IDB,IDA blend,2005,SE.TER.ENRR,6.62731981277466
IDX,IDA only,2024,SE.TER.ENRR,12.8071804046631
IDX,IDA only,2023,SE.TER.ENRR,12.8625402450562
IDX,IDA only,2022,SE.TER.ENRR,12.5317802429199
IDX,IDA only,2021,SE.TER.ENRR,12.3128900527954
IDX,IDA only,2020,SE.TER.ENRR,12.1009197235107
IDX,IDA only,2019,SE.TER.ENRR,12.1506395339966
IDX,IDA only,2018,SE.TER.ENRR,11.5536499023438
IDX,IDA only,2017,SE.TER.ENRR,11.0960502624512
IDX,IDA only,2016,SE.TER.ENRR,10.9488000869751
IDX,IDA only,2015,SE.TER.ENRR,10.8185300827026
IDX,IDA only,2014,SE.TER.ENRR,10.5037803649902
IDX,IDA only,2013,SE.TER.ENRR,10.199330329895
IDX,IDA only,2012,SE.TER.ENRR,9.869460105896
IDX,IDA only,2011,SE.TER.ENRR,9.50562000274658
IDX,IDA only,2010,SE.TER.ENRR,9.14879989624023
IDX,IDA only,2009,SE.TER.ENRR,8.40328025817871
IDX,IDA only,2008,SE.TER.ENRR,7.64674997329712
IDX,IDA only,2007,SE.TER.ENRR,6.99860000610352
IDX,IDA only,2006,SE.TER.ENRR,6.55491018295288
IDX,IDA only,2005,SE.TER.ENRR,6.06575012207031
IDA,IDA total,2024,SE.TER.ENRR,12.7190599441528
IDA,IDA total,2023,SE.TER.ENRR,12.314169883728
IDA,IDA total,2022,SE.TER.ENRR,12.0069704055786
IDA,IDA total,2021,SE.TER.ENRR,12.1378402709961
IDA,IDA total,2020,SE.TER.ENRR,11.8063497543335
IDA,IDA total,2019,SE.TER.ENRR,11.6913900375366
IDA,IDA total,2018,SE.TER.ENRR,10.8586797714233
IDA,IDA total,2017,SE.TER.ENRR,10.5911903381348
IDA,IDA total,2016,SE.TER.ENRR,10.4179496765137
IDA,IDA total,2015,SE.TER.ENRR,10.3262100219727
IDA,IDA total,2014,SE.TER.ENRR,10.1054496765137
IDA,IDA total,2013,SE.TER.ENRR,9.83683967590332
IDA,IDA total,2012,SE.TER.ENRR,9.49693965911865
IDA,IDA total,2011,SE.TER.ENRR,9.07277011871338
IDA,IDA total,2010,SE.TER.ENRR,8.64418029785156
IDA,IDA total,2009,SE.TER.ENRR,8.02299976348877
IDA,IDA total,2008,SE.TER.ENRR,7.35834980010986
IDA,IDA total,2007,SE.TER.ENRR,6.94739007949829
IDA,IDA total,2006,SE.TER.ENRR,6.58255004882812
IDA,IDA total,2005,SE.TER.ENRR,6.2495698928833
LTE,Late-demographic dividend,2024,SE.TER.ENRR,69.3638916015625
LTE,Late-demographic dividend,2023,SE.TER.ENRR,68.1330413818359
LTE,Late-demographic dividend,2022,SE.TER.ENRR,65.5056533813477
LTE,Late-demographic dividend,2021,SE.TER.ENRR,61.8659400939941
LTE,Late-demographic dividend,2020,SE.TER.ENRR,57.8864784240723
LTE,Late-demographic dividend,2019,SE.TER.ENRR,54.3362693786621
LTE,Late-demographic dividend,2018,SE.TER.ENRR,52.2510185241699
LTE,Late-demographic dividend,2017,SE.TER.ENRR,50.7083702087402
LTE,Late-demographic dividend,2016,SE.TER.ENRR,49.5272407531738
LTE,Late-demographic dividend,2015,SE.TER.ENRR,48.2025108337402
LTE,Late-demographic dividend,2014,SE.TER.ENRR,46.0270004272461
LTE,Late-demographic dividend,2013,SE.TER.ENRR,38.6981582641602
LTE,Late-demographic dividend,2012,SE.TER.ENRR,36.1907615661621
LTE,Late-demographic dividend,2011,SE.TER.ENRR,34.3755798339844
LTE,Late-demographic dividend,2010,SE.TER.ENRR,32.7734413146973
LTE,Late-demographic dividend,2009,SE.TER.ENRR,30.9654293060303
LTE,Late-demographic dividend,2008,SE.TER.ENRR,29.939790725708
LTE,Late-demographic dividend,2007,SE.TER.ENRR,29.1174507141113
LTE,Late-demographic dividend,2006,SE.TER.ENRR,29.2601299285889
LTE,Late-demographic dividend,2005,SE.TER.ENRR,26.4337997436523
LCN,Latin America & Caribbean,2024,SE.TER.ENRR,58.9027099609375
LCN,Latin America & Caribbean,2023,SE.TER.ENRR,60.6225090026855
LCN,Latin America & Caribbean,2022,SE.TER.ENRR,58.2350807189941
LCN,Latin America & Caribbean,2021,SE.TER.ENRR,56.7638816833496
LCN,Latin America & Caribbean,2020,SE.TER.ENRR,54.8686599731445
LCN,Latin America & Caribbean,2019,SE.TER.ENRR,53.3577194213867
LCN,Latin America & Caribbean,2018,SE.TER.ENRR,52.4460487365723
LCN,Latin America & Caribbean,2017,SE.TER.ENRR,51.7569198608398
LCN,Latin America & Caribbean,2016,SE.TER.ENRR,50.3843383789062
LCN,Latin America & Caribbean,2015,SE.TER.ENRR,48.3956489562988
LCN,Latin America & Caribbean,2014,SE.TER.ENRR,47.1078109741211
LCN,Latin America & Caribbean,2013,SE.TER.ENRR,45.4711112976074
LCN,Latin America & Caribbean,2012,SE.TER.ENRR,44.429859161377
LCN,Latin America & Caribbean,2011,SE.TER.ENRR,43.2492713928223
LCN,Latin America & Caribbean,2010,SE.TER.ENRR,41.7594985961914
LCN,Latin America & Caribbean,2009,SE.TER.ENRR,40.250301361084
LCN,Latin America & Caribbean,2008,SE.TER.ENRR,39.265079498291
LCN,Latin America & Caribbean,2007,SE.TER.ENRR,36.3547286987305
LCN,Latin America & Caribbean,2006,SE.TER.ENRR,38.6138916015625
LCN,Latin America & Caribbean,2005,SE.TER.ENRR,31.8272495269775
LAC,Latin America & Caribbean (excluding high income),2024,SE.TER.ENRR,56.6634292602539
LAC,Latin America & Caribbean (excluding high income),2023,SE.TER.ENRR,58.5862693786621
LAC,Latin America & Caribbean (excluding high income),2022,SE.TER.ENRR,56.1285705566406
LAC,Latin America & Caribbean (excluding high income),2021,SE.TER.ENRR,54.614860534668
LAC,Latin America & Caribbean (excluding high income),2020,SE.TER.ENRR,52.8043212890625
LAC,Latin America & Caribbean (excluding high income),2019,SE.TER.ENRR,51.0327110290527
LAC,Latin America & Caribbean (excluding high income),2018,SE.TER.ENRR,49.9449081420898
LAC,Latin America & Caribbean (excluding high income),2017,SE.TER.ENRR,49.1490287780762
LAC,Latin America & Caribbean (excluding high income),2016,SE.TER.ENRR,47.6427688598633
LAC,Latin America & Caribbean (excluding high income),2015,SE.TER.ENRR,45.495979309082
LAC,Latin America & Caribbean (excluding high income),2014,SE.TER.ENRR,44.145320892334
LAC,Latin America & Caribbean (excluding high income),2013,SE.TER.ENRR,42.4139709472656
LAC,Latin America & Caribbean (excluding high income),2012,SE.TER.ENRR,41.3904914855957
LAC,Latin America & Caribbean (excluding high income),2011,SE.TER.ENRR,40.2218818664551
LAC,Latin America & Caribbean (excluding high income),2010,SE.TER.ENRR,38.6875381469727
LAC,Latin America & Caribbean (excluding high income),2009,SE.TER.ENRR,37.243049621582
LAC,Latin America & Caribbean (excluding high income),2008,SE.TER.ENRR,36.2729682922363
LAC,Latin America & Caribbean (excluding high income),2007,SE.TER.ENRR,33.6932716369629
LAC,Latin America & Caribbean (excluding high income),2006,SE.TER.ENRR,36.9377784729004
LAC,Latin America & Caribbean (excluding high income),2005,SE.TER.ENRR,29.9256992340088
TLA,Latin America & the Caribbean (IDA & IBRD countries),2024,SE.TER.ENRR,59.0615386962891
TLA,Latin America & the Caribbean (IDA & IBRD countries),2023,SE.TER.ENRR,60.7355194091797
TLA,Latin America & the Caribbean (IDA & IBRD countries),2022,SE.TER.ENRR,58.2713890075684
TLA,Latin America & the Caribbean (IDA & IBRD countries),2021,SE.TER.ENRR,56.7357902526855
TLA,Latin America & the Caribbean (IDA & IBRD countries),2020,SE.TER.ENRR,54.8506698608398
TLA,Latin America & the Caribbean (IDA & IBRD countries),2019,SE.TER.ENRR,53.3199310302734
TLA,Latin America & the Caribbean (IDA & IBRD countries),2018,SE.TER.ENRR,52.4073104858398
TLA,Latin America & the Caribbean (IDA & IBRD countries),2017,SE.TER.ENRR,51.7107086181641
TLA,Latin America & the Caribbean (IDA & IBRD countries),2016,SE.TER.ENRR,50.4026489257812
TLA,Latin America & the Caribbean (IDA & IBRD countries),2015,SE.TER.ENRR,48.3502616882324
TLA,Latin America & the Caribbean (IDA & IBRD countries),2014,SE.TER.ENRR,46.9943084716797
TLA,Latin America & the Caribbean (IDA & IBRD countries),2013,SE.TER.ENRR,45.221851348877
TLA,Latin America & the Caribbean (IDA & IBRD countries),2012,SE.TER.ENRR,43.9397506713867
TLA,Latin America & the Caribbean (IDA & IBRD countries),2011,SE.TER.ENRR,42.4470100402832
TLA,Latin America & the Caribbean (IDA & IBRD countries),2010,SE.TER.ENRR,40.6646003723145
TLA,Latin America & the Caribbean (IDA & IBRD countries),2009,SE.TER.ENRR,38.8017082214355
TLA,Latin America & the Caribbean (IDA & IBRD countries),2008,SE.TER.ENRR,37.754810333252
TLA,Latin America & the Caribbean (IDA & IBRD countries),2007,SE.TER.ENRR,35.0256118774414
TLA,Latin America & the Caribbean (IDA & IBRD countries),2006,SE.TER.ENRR,37.6753311157227
TLA,Latin America & the Caribbean (IDA & IBRD countries),2005,SE.TER.ENRR,31.132360458374
LDC,Least developed countries: UN classification,2024,SE.TER.ENRR,11.0492496490478
LDC,Least developed countries: UN classification,2023,SE.TER.ENRR,11.1316499710083
LDC,Least developed countries: UN classification,2022,SE.TER.ENRR,10.8424100875854
LDC,Least developed countries: UN classification,2021,SE.TER.ENRR,10.6617698669434
LDC,Least developed countries: UN classification,2020,SE.TER.ENRR,10.5179395675659
LDC,Least developed countries: UN classification,2019,SE.TER.ENRR,10.6823301315308
LDC,Least developed countries: UN classification,2018,SE.TER.ENRR,10.154990196228
LDC,Least developed countries: UN classification,2017,SE.TER.ENRR,9.68212985992432
LDC,Least developed countries: UN classification,2016,SE.TER.ENRR,9.60595035552979
LDC,Least developed countries: UN classification,2015,SE.TER.ENRR,9.34146976470947
LDC,Least developed countries: UN classification,2014,SE.TER.ENRR,9.0360803604126
LDC,Least developed countries: UN classification,2013,SE.TER.ENRR,8.92932033538818
LDC,Least developed countries: UN classification,2012,SE.TER.ENRR,8.69954013824463
LDC,Least developed countries: UN classification,2011,SE.TER.ENRR,8.46016979217529
LDC,Least developed countries: UN classification,2010,SE.TER.ENRR,7.9300799369812
LDC,Least developed countries: UN classification,2009,SE.TER.ENRR,7.15224981307983
LDC,Least developed countries: UN classification,2008,SE.TER.ENRR,6.30137014389038
LDC,Least developed countries: UN classification,2007,SE.TER.ENRR,5.69760990142822
LDC,Least developed countries: UN classification,2006,SE.TER.ENRR,5.29082012176514
LDC,Least developed countries: UN classification,2005,SE.TER.ENRR,4.85500001907349
LMY,Low & middle income,2024,SE.TER.ENRR,38.7901611328125
LMY,Low & middle income,2023,SE.TER.ENRR,38.2484283447266
LMY,Low & middle income,2022,SE.TER.ENRR,37.0190887451172
LMY,Low & middle income,2021,SE.TER.ENRR,35.8265914916992
LMY,Low & middle income,2020,SE.TER.ENRR,34.3418502807617
LMY,Low & middle income,2019,SE.TER.ENRR,33.1788482666016
LMY,Low & middle income,2018,SE.TER.ENRR,32.3189010620117
LMY,Low & middle income,2017,SE.TER.ENRR,31.9152908325195
LMY,Low & middle income,2016,SE.TER.ENRR,31.5065193176269
LMY,Low & middle income,2015,SE.TER.ENRR,30.9507808685303
LMY,Low & middle income,2014,SE.TER.ENRR,29.786039352417
LMY,Low & middle income,2013,SE.TER.ENRR,27.0639896392822
LMY,Low & middle income,2012,SE.TER.ENRR,26.2386302947998
LMY,Low & middle income,2011,SE.TER.ENRR,24.9900798797607
LMY,Low & middle income,2010,SE.TER.ENRR,23.3099193572998
LMY,Low & middle income,2009,SE.TER.ENRR,21.9846591949463
LMY,Low & middle income,2008,SE.TER.ENRR,21.0461902618408
LMY,Low & middle income,2007,SE.TER.ENRR,19.9281501770019
LMY,Low & middle income,2006,SE.TER.ENRR,19.3010101318359
LMY,Low & middle income,2005,SE.TER.ENRR,17.8279209136963
,Low income,2021,SE.TER.ENRR,9.28015041351318
,Low income,2020,SE.TER.ENRR,9.19797039031982
,Low income,2019,SE.TER.ENRR,9.01313972473145
,Low income,2018,SE.TER.ENRR,8.88230037689209
,Low income,2017,SE.TER.ENRR,8.79467010498047
,Low income,2016,SE.TER.ENRR,8.71317005157471
,Low income,2015,SE.TER.ENRR,8.86390972137451
,Low income,2014,SE.TER.ENRR,8.91011047363281
,Low income,2013,SE.TER.ENRR,8.5317497253418
,Low income,2012,SE.TER.ENRR,8.42776012420654
,Low income,2011,SE.TER.ENRR,8.07408046722412
,Low income,2010,SE.TER.ENRR,7.93957996368408
,Low income,2009,SE.TER.ENRR,7.4379301071167
,Low income,2008,SE.TER.ENRR,6.86619997024536
,Low income,2007,SE.TER.ENRR,6.41929006576538
,Low income,2006,SE.TER.ENRR,6.18627977371216
,Low income,2005,SE.TER.ENRR,5.8095498085022
,Lower middle income,2024,SE.TER.ENRR,27.4404697418213
,Lower middle income,2023,SE.TER.ENRR,26.7934799194336
,Lower middle income,2022,SE.TER.ENRR,25.6742095947266
,Lower middle income,2021,SE.TER.ENRR,24.9580802917481
,Lower middle income,2020,SE.TER.ENRR,23.7904491424561
,Lower middle income,2019,SE.TER.ENRR,23.1019592285156
,Lower middle income,2018,SE.TER.ENRR,22.3385906219482
,Lower middle income,2017,SE.TER.ENRR,22.0319995880127
,Lower middle income,2016,SE.TER.ENRR,21.8519096374512
,Lower middle income,2015,SE.TER.ENRR,21.6971092224121
,Lower middle income,2014,SE.TER.ENRR,20.7868595123291
,Lower middle income,2013,SE.TER.ENRR,19.6597690582275
,Lower middle income,2012,SE.TER.ENRR,19.551139831543
,Lower middle income,2011,SE.TER.ENRR,18.6026000976562
,Lower middle income,2010,SE.TER.ENRR,16.17506980896
,Lower middle income,2009,SE.TER.ENRR,14.8929595947266
,Lower middle income,2008,SE.TER.ENRR,14.0953397750854
,Lower middle income,2007,SE.TER.ENRR,12.9341802597046
,Lower middle income,2006,SE.TER.ENRR,11.8481998443603
,Lower middle income,2005,SE.TER.ENRR,11.2711601257324
MEA,"Middle East, North Africa, Afghanistan & Pakistan",2024,SE.TER.ENRR,29.6833095550537
MEA,"Middle East, North Africa, Afghanistan & Pakistan",2023,SE.TER.ENRR,28.7123298645019
MEA,"Middle East, North Africa, Afghanistan & Pakistan",2022,SE.TER.ENRR,28.0563106536865
MEA,"Middle East, North Africa, Afghanistan & Pakistan",2021,SE.TER.ENRR,28.3076190948486
MEA,"Middle East, North Africa, Afghanistan & Pakistan",2020,SE.TER.ENRR,28.3051891326904
MEA,"Middle East, North Africa, Afghanistan & Pakistan",2019,SE.TER.ENRR,27.9685897827148
MEA,"Middle East, North Africa, Afghanistan & Pakistan",2018,SE.TER.ENRR,27.1299304962158
MEA,"Middle East, North Africa, Afghanistan & Pakistan",2017,SE.TER.ENRR,27.2971000671387
MEA,"Middle East, North Africa, Afghanistan & Pakistan",2016,SE.TER.ENRR,27.0987300872803
MEA,"Middle East, North Africa, Afghanistan & Pakistan",2015,SE.TER.ENRR,27.3493404388428
MEA,"Middle East, North Africa, Afghanistan & Pakistan",2014,SE.TER.ENRR,26.2296390533447
MEA,"Middle East, North Africa, Afghanistan & Pakistan",2013,SE.TER.ENRR,24.6868095397949
MEA,"Middle East, North Africa, Afghanistan & Pakistan",2012,SE.TER.ENRR,23.6090698242188
MEA,"Middle East, North Africa, Afghanistan & Pakistan",2011,SE.TER.ENRR,21.9487991333008
MEA,"Middle East, North Africa, Afghanistan & Pakistan",2010,SE.TER.ENRR,21.461669921875
MEA,"Middle East, North Africa, Afghanistan & Pakistan",2009,SE.TER.ENRR,20.1668605804443
MEA,"Middle East, North Africa, Afghanistan & Pakistan",2008,SE.TER.ENRR,19.4375705718994
MEA,"Middle East, North Africa, Afghanistan & Pakistan",2007,SE.TER.ENRR,18.2272891998291
MEA,"Middle East, North Africa, Afghanistan & Pakistan",2006,SE.TER.ENRR,17.0407199859619
MEA,"Middle East, North Africa, Afghanistan & Pakistan",2005,SE.TER.ENRR,16.4484596252441
MIC,Middle income,2024,SE.TER.ENRR,43.2768402099609
MIC,Middle income,2023,SE.TER.ENRR,42.6316795349121
MIC,Middle income,2022,SE.TER.ENRR,41.134651184082
MIC,Middle income,2021,SE.TER.ENRR,39.6747283935547
MIC,Middle income,2020,SE.TER.ENRR,37.891170501709
MIC,Middle income,2019,SE.TER.ENRR,36.4931297302246
MIC,Middle income,2018,SE.TER.ENRR,35.4456214904785
MIC,Middle income,2017,SE.TER.ENRR,34.9058494567871
MIC,Middle income,2016,SE.TER.ENRR,34.3544692993164
MIC,Middle income,2015,SE.TER.ENRR,33.6232795715332
MIC,Middle income,2014,SE.TER.ENRR,32.2277793884277
MIC,Middle income,2013,SE.TER.ENRR,29.1475200653076
MIC,Middle income,2012,SE.TER.ENRR,28.1563606262207
MIC,Middle income,2011,SE.TER.ENRR,26.7389297485352
MIC,Middle income,2010,SE.TER.ENRR,24.841100692749
MIC,Middle income,2009,SE.TER.ENRR,23.3845500946045
MIC,Middle income,2008,SE.TER.ENRR,22.3852806091309
MIC,Middle income,2007,SE.TER.ENRR,21.1776008605957
MIC,Middle income,2006,SE.TER.ENRR,20.488639831543
MIC,Middle income,2005,SE.TER.ENRR,18.8964004516602
NAC,North America,2024,SE.TER.ENRR,79.0441970825195
NAC,North America,2023,SE.TER.ENRR,82.2317199707031
NAC,North America,2022,SE.TER.ENRR,79.3105697631836
NAC,North America,2021,SE.TER.ENRR,84.3603820800781
NAC,North America,2020,SE.TER.ENRR,86.3354034423828
NAC,North America,2019,SE.TER.ENRR,86.4167633056641
NAC,North America,2018,SE.TER.ENRR,86.4270935058594
NAC,North America,2017,SE.TER.ENRR,86.4250564575195
NAC,North America,2016,SE.TER.ENRR,86.9502792358398
NAC,North America,2015,SE.TER.ENRR,86.8131408691406
NAC,North America,2014,SE.TER.ENRR,86.5686874389648
NAC,North America,2013,SE.TER.ENRR,86.5340118408203
NAC,North America,2012,SE.TER.ENRR,86.0814895629883
NAC,North America,2011,SE.TER.ENRR,85.7931976318359
NAC,North America,2010,SE.TER.ENRR,85.4238433837891
NAC,North America,2009,SE.TER.ENRR,85.34716796875
NAC,North America,2008,SE.TER.ENRR,83.0399475097656
NAC,North America,2007,SE.TER.ENRR,82.1136093139648
NAC,North America,2006,SE.TER.ENRR,81.1328964233398
NAC,North America,2005,SE.TER.ENRR,78.8173599243164
OED,OECD members,2024,SE.TER.ENRR,78.6357879638672
OED,OECD members,2023,SE.TER.ENRR,79.5250930786133
OED,OECD members,2022,SE.TER.ENRR,78.3904876708984
OED,OECD members,2021,SE.TER.ENRR,78.8566436767578
OED,OECD members,2020,SE.TER.ENRR,77.2700805664062
OED,OECD members,2019,SE.TER.ENRR,76.4273910522461
OED,OECD members,2018,SE.TER.ENRR,75.4892120361328
OED,OECD members,2017,SE.TER.ENRR,74.7901000976562
OED,OECD members,2016,SE.TER.ENRR,73.9402770996094
OED,OECD members,2015,SE.TER.ENRR,72.0236282348633
OED,OECD members,2014,SE.TER.ENRR,70.9062423706055
OED,OECD members,2013,SE.TER.ENRR,69.910758972168
OED,OECD members,2012,SE.TER.ENRR,68.917236328125
OED,OECD members,2011,SE.TER.ENRR,67.871696472168
OED,OECD members,2010,SE.TER.ENRR,66.7914505004883
OED,OECD members,2009,SE.TER.ENRR,65.258903503418
OED,OECD members,2008,SE.TER.ENRR,63.6964912414551
OED,OECD members,2007,SE.TER.ENRR,63.0849990844727
OED,OECD members,2006,SE.TER.ENRR,62.3033905029297
OED,OECD members,2005,SE.TER.ENRR,60.9480895996094
OSS,Other small states,2024,SE.TER.ENRR,22.5716896057129
OSS,Other small states,2023,SE.TER.ENRR,22.353889465332
OSS,Other small states,2022,SE.TER.ENRR,22.3280200958252
OSS,Other small states,2021,SE.TER.ENRR,22.1164093017578
OSS,Other small states,2020,SE.TER.ENRR,21.617130279541
OSS,Other small states,2019,SE.TER.ENRR,21.1205902099609
OSS,Other small states,2018,SE.TER.ENRR,20.2906303405762
OSS,Other small states,2017,SE.TER.ENRR,20.0034809112549
OSS,Other small states,2016,SE.TER.ENRR,19.365930557251
OSS,Other small states,2015,SE.TER.ENRR,19.3875293731689
OSS,Other small states,2014,SE.TER.ENRR,19.1145305633545
OSS,Other small states,2013,SE.TER.ENRR,18.7155208587646
OSS,Other small states,2012,SE.TER.ENRR,18.0363903045654
OSS,Other small states,2011,SE.TER.ENRR,17.2415008544922
OSS,Other small states,2010,SE.TER.ENRR,16.3189792633057
OSS,Other small states,2009,SE.TER.ENRR,15.9248199462891
OSS,Other small states,2008,SE.TER.ENRR,14.2241697311401
OSS,Other small states,2007,SE.TER.ENRR,12.9949903488159
OSS,Other small states,2006,SE.TER.ENRR,12.1797800064087
OSS,Other small states,2005,SE.TER.ENRR,11.9553003311157
PSS,Pacific island small states,2024,SE.TER.ENRR,29.3007507324219
PSS,Pacific island small states,2023,SE.TER.ENRR,27.8527202606201
PSS,Pacific island small states,2022,SE.TER.ENRR,26.6385803222656
PSS,Pacific island small states,2021,SE.TER.ENRR,25.3326797485352
PSS,Pacific island small states,2020,SE.TER.ENRR,23.8909606933594
PSS,Pacific island small states,2019,SE.TER.ENRR,22.1763496398926
PSS,Pacific island small states,2018,SE.TER.ENRR,21.6747703552246
PSS,Pacific island small states,2017,SE.TER.ENRR,21.0051193237305
PSS,Pacific island small states,2016,SE.TER.ENRR,20.3001098632812
PSS,Pacific island small states,2015,SE.TER.ENRR,19.5440101623535
PSS,Pacific island small states,2014,SE.TER.ENRR,18.7202606201172
PSS,Pacific island small states,2013,SE.TER.ENRR,17.8391304016113
PSS,Pacific island small states,2012,SE.TER.ENRR,16.9056892395019
PSS,Pacific island small states,2011,SE.TER.ENRR,15.9915399551392
PSS,Pacific island small states,2010,SE.TER.ENRR,14.9991502761841
PSS,Pacific island small states,2009,SE.TER.ENRR,13.8834295272827
PSS,Pacific island small states,2008,SE.TER.ENRR,12.749059677124
PSS,Pacific island small states,2007,SE.TER.ENRR,11.6148996353149
PSS,Pacific island small states,2006,SE.TER.ENRR,10.448320388794
PSS,Pacific island small states,2005,SE.TER.ENRR,9.26836967468262
PST,Post-demographic dividend,2024,SE.TER.ENRR,80.2341079711914
PST,Post-demographic dividend,2023,SE.TER.ENRR,81.2349395751953
PST,Post-demographic dividend,2022,SE.TER.ENRR,79.975341796875
PST,Post-demographic dividend,2021,SE.TER.ENRR,81.0674819946289
PST,Post-demographic dividend,2020,SE.TER.ENRR,80.1040878295898
PST,Post-demographic dividend,2019,SE.TER.ENRR,79.4663619995117
PST,Post-demographic dividend,2018,SE.TER.ENRR,78.5094528198242
PST,Post-demographic dividend,2017,SE.TER.ENRR,78.2045822143555
PST,Post-demographic dividend,2016,SE.TER.ENRR,78.0374298095703
PST,Post-demographic dividend,2015,SE.TER.ENRR,77.5960006713867
PST,Post-demographic dividend,2014,SE.TER.ENRR,77.3907699584961
PST,Post-demographic dividend,2013,SE.TER.ENRR,76.8820114135742
PST,Post-demographic dividend,2012,SE.TER.ENRR,76.9093017578125
PST,Post-demographic dividend,2011,SE.TER.ENRR,76.8018493652344
PST,Post-demographic dividend,2010,SE.TER.ENRR,76.129638671875
PST,Post-demographic dividend,2009,SE.TER.ENRR,75.7163009643555
PST,Post-demographic dividend,2008,SE.TER.ENRR,74.382568359375
PST,Post-demographic dividend,2007,SE.TER.ENRR,73.6274032592773
PST,Post-demographic dividend,2006,SE.TER.ENRR,72.5484390258789
PST,Post-demographic dividend,2005,SE.TER.ENRR,70.7085113525391
PRE,Pre-demographic dividend,2021,SE.TER.ENRR,8.72068023681641
PRE,Pre-demographic dividend,2020,SE.TER.ENRR,8.60867023468018
PRE,Pre-demographic dividend,2019,SE.TER.ENRR,8.51943969726562
PRE,Pre-demographic dividend,2018,SE.TER.ENRR,8.50343990325928
PRE,Pre-demographic dividend,2017,SE.TER.ENRR,8.40110015869141
PRE,Pre-demographic dividend,2016,SE.TER.ENRR,8.31756973266602
PRE,Pre-demographic dividend,2015,SE.TER.ENRR,8.25500011444092
PRE,Pre-demographic dividend,2014,SE.TER.ENRR,8.17070007324219
PRE,Pre-demographic dividend,2013,SE.TER.ENRR,7.97291994094849
PRE,Pre-demographic dividend,2012,SE.TER.ENRR,7.61994981765747
PRE,Pre-demographic dividend,2011,SE.TER.ENRR,7.22444009780884
PRE,Pre-demographic dividend,2010,SE.TER.ENRR,6.91344022750854
PRE,Pre-demographic dividend,2009,SE.TER.ENRR,6.63960981369019
PRE,Pre-demographic dividend,2008,SE.TER.ENRR,6.37200021743774
PRE,Pre-demographic dividend,2007,SE.TER.ENRR,6.07145023345947
PRE,Pre-demographic dividend,2006,SE.TER.ENRR,5.93388986587524
PRE,Pre-demographic dividend,2005,SE.TER.ENRR,5.72213983535767
SST,Small states,2024,SE.TER.ENRR,22.8753509521484
SST,Small states,2023,SE.TER.ENRR,22.5767707824707
SST,Small states,2022,SE.TER.ENRR,22.5005798339844
SST,Small states,2021,SE.TER.ENRR,22.3052196502686
SST,Small states,2020,SE.TER.ENRR,21.8676891326904
SST,Small states,2019,SE.TER.ENRR,21.3656902313232
SST,Small states,2018,SE.TER.ENRR,20.7374591827393
SST,Small states,2017,SE.TER.ENRR,20.5163993835449
SST,Small states,2016,SE.TER.ENRR,19.9832496643066
SST,Small states,2015,SE.TER.ENRR,19.9418296813965
SST,Small states,2014,SE.TER.ENRR,19.6605091094971
SST,Small states,2013,SE.TER.ENRR,19.2426204681396
SST,Small states,2012,SE.TER.ENRR,18.7524394989014
SST,Small states,2011,SE.TER.ENRR,17.8525390625
SST,Small states,2010,SE.TER.ENRR,17.1129703521729
SST,Small states,2009,SE.TER.ENRR,16.4898891448975
SST,Small states,2008,SE.TER.ENRR,15.073920249939
SST,Small states,2007,SE.TER.ENRR,13.8059597015381
SST,Small states,2006,SE.TER.ENRR,12.8919200897217
SST,Small states,2005,SE.TER.ENRR,12.6359996795654
SAS,South Asia,2024,SE.TER.ENRR,32.7833213806152
SAS,South Asia,2023,SE.TER.ENRR,32.438419342041
SAS,South Asia,2022,SE.TER.ENRR,30.9421100616455
SAS,South Asia,2021,SE.TER.ENRR,29.8268604278564
SAS,South Asia,2020,SE.TER.ENRR,28.2194099426269
SAS,South Asia,2019,SE.TER.ENRR,27.6625595092773
SAS,South Asia,2018,SE.TER.ENRR,26.8766307830811
SAS,South Asia,2017,SE.TER.ENRR,26.079870223999
SAS,South Asia,2016,SE.TER.ENRR,25.5159492492676
SAS,South Asia,2015,SE.TER.ENRR,25.3642196655273
SAS,South Asia,2014,SE.TER.ENRR,24.041389465332
SAS,South Asia,2013,SE.TER.ENRR,22.6903400421143
SAS,South Asia,2012,SE.TER.ENRR,23.1186695098877
SAS,South Asia,2011,SE.TER.ENRR,21.8057098388672
SAS,South Asia,2010,SE.TER.ENRR,17.6207408905029
SAS,South Asia,2009,SE.TER.ENRR,15.8038501739502
SAS,South Asia,2008,SE.TER.ENRR,14.7031297683716
SAS,South Asia,2007,SE.TER.ENRR,12.8670997619629
SAS,South Asia,2006,SE.TER.ENRR,11.3078498840332
SAS,South Asia,2005,SE.TER.ENRR,10.4651298522949
TSA,South Asia (IDA & IBRD),2024,SE.TER.ENRR,32.7833213806152
TSA,South Asia (IDA & IBRD),2023,SE.TER.ENRR,32.438419342041
TSA,South Asia (IDA & IBRD),2022,SE.TER.ENRR,30.9421100616455
TSA,South Asia (IDA & IBRD),2021,SE.TER.ENRR,29.8268604278564
TSA,South Asia (IDA & IBRD),2020,SE.TER.ENRR,28.2194099426269
TSA,South Asia (IDA & IBRD),2019,SE.TER.ENRR,27.6625595092773
TSA,South Asia (IDA & IBRD),2018,SE.TER.ENRR,26.8766307830811
TSA,South Asia (IDA & IBRD),2017,SE.TER.ENRR,26.079870223999
TSA,South Asia (IDA & IBRD),2016,SE.TER.ENRR,25.5159492492676
TSA,South Asia (IDA & IBRD),2015,SE.TER.ENRR,25.3642196655273
TSA,South Asia (IDA & IBRD),2014,SE.TER.ENRR,24.041389465332
TSA,South Asia (IDA & IBRD),2013,SE.TER.ENRR,22.6903400421143
TSA,South Asia (IDA & IBRD),2012,SE.TER.ENRR,23.1186695098877
TSA,South Asia (IDA & IBRD),2011,SE.TER.ENRR,21.8057098388672
TSA,South Asia (IDA & IBRD),2010,SE.TER.ENRR,17.6207408905029
TSA,South Asia (IDA & IBRD),2009,SE.TER.ENRR,15.8038501739502
TSA,South Asia (IDA & IBRD),2008,SE.TER.ENRR,14.7031297683716
TSA,South Asia (IDA & IBRD),2007,SE.TER.ENRR,12.8670997619629
TSA,South Asia (IDA & IBRD),2006,SE.TER.ENRR,11.3078498840332
TSA,South Asia (IDA & IBRD),2005,SE.TER.ENRR,10.4651298522949
SSF,Sub-Saharan Africa,2021,SE.TER.ENRR,9.27116012573242
SSF,Sub-Saharan Africa,2020,SE.TER.ENRR,9.19791030883789
SSF,Sub-Saharan Africa,2019,SE.TER.ENRR,9.09492015838623
SSF,Sub-Saharan Africa,2018,SE.TER.ENRR,9.08197975158691
SSF,Sub-Saharan Africa,2017,SE.TER.ENRR,8.98320960998535
SSF,Sub-Saharan Africa,2016,SE.TER.ENRR,8.84762001037598
SSF,Sub-Saharan Africa,2015,SE.TER.ENRR,8.83660984039307
SSF,Sub-Saharan Africa,2014,SE.TER.ENRR,8.72679042816162
SSF,Sub-Saharan Africa,2013,SE.TER.ENRR,8.56149959564209
SSF,Sub-Saharan Africa,2012,SE.TER.ENRR,8.23978996276855
SSF,Sub-Saharan Africa,2011,SE.TER.ENRR,7.91926002502441
SSF,Sub-Saharan Africa,2010,SE.TER.ENRR,7.58255004882812
SSF,Sub-Saharan Africa,2009,SE.TER.ENRR,7.13790988922119
SSF,Sub-Saharan Africa,2008,SE.TER.ENRR,6.74998998641968
SSF,Sub-Saharan Africa,2007,SE.TER.ENRR,6.42028999328613
SSF,Sub-Saharan Africa,2006,SE.TER.ENRR,6.24377012252808
SSF,Sub-Saharan Africa,2005,SE.TER.ENRR,6.05515003204346
SSA,Sub-Saharan Africa (excluding high income),2021,SE.TER.ENRR,9.27089023590088
SSA,Sub-Saharan Africa (excluding high income),2020,SE.TER.ENRR,9.19779014587402
SSA,Sub-Saharan Africa (excluding high income),2019,SE.TER.ENRR,9.09453010559082
SSA,Sub-Saharan Africa (excluding high income),2018,SE.TER.ENRR,9.08168983459473
SSA,Sub-Saharan Africa (excluding high income),2017,SE.TER.ENRR,8.98270988464355
SSA,Sub-Saharan Africa (excluding high income),2016,SE.TER.ENRR,8.84714984893799
SSA,Sub-Saharan Africa (excluding high income),2015,SE.TER.ENRR,8.83637046813965
SSA,Sub-Saharan Africa (excluding high income),2014,SE.TER.ENRR,8.72710990905762
SSA,Sub-Saharan Africa (excluding high income),2013,SE.TER.ENRR,8.56204032897949
SSA,Sub-Saharan Africa (excluding high income),2012,SE.TER.ENRR,8.24044036865234
SSA,Sub-Saharan Africa (excluding high income),2011,SE.TER.ENRR,7.91976976394653
SSA,Sub-Saharan Africa (excluding high income),2010,SE.TER.ENRR,7.58326005935669
SSA,Sub-Saharan Africa (excluding high income),2009,SE.TER.ENRR,7.13859987258911
SSA,Sub-Saharan Africa (excluding high income),2008,SE.TER.ENRR,6.75066995620728
SSA,Sub-Saharan Africa (excluding high income),2007,SE.TER.ENRR,6.42093992233276
SSA,Sub-Saharan Africa (excluding high income),2006,SE.TER.ENRR,6.24442005157471
SSA,Sub-Saharan Africa (excluding high income),2005,SE.TER.ENRR,6.05577993392944
TSS,Sub-Saharan Africa (IDA & IBRD countries),2021,SE.TER.ENRR,9.27116012573242
TSS,Sub-Saharan Africa (IDA & IBRD countries),2020,SE.TER.ENRR,9.19791030883789
TSS,Sub-Saharan Africa (IDA & IBRD countries),2019,SE.TER.ENRR,9.09492015838623
TSS,Sub-Saharan Africa (IDA & IBRD countries),2018,SE.TER.ENRR,9.08197975158691
TSS,Sub-Saharan Africa (IDA & IBRD countries),2017,SE.TER.ENRR,8.98320960998535
TSS,Sub-Saharan Africa (IDA & IBRD countries),2016,SE.TER.ENRR,8.84762001037598
TSS,Sub-Saharan Africa (IDA & IBRD countries),2015,SE.TER.ENRR,8.83660984039307
TSS,Sub-Saharan Africa (IDA & IBRD countries),2014,SE.TER.ENRR,8.72679042816162
TSS,Sub-Saharan Africa (IDA & IBRD countries),2013,SE.TER.ENRR,8.56149959564209
TSS,Sub-Saharan Africa (IDA & IBRD countries),2012,SE.TER.ENRR,8.23978996276855
TSS,Sub-Saharan Africa (IDA & IBRD countries),2011,SE.TER.ENRR,7.91926002502441
TSS,Sub-Saharan Africa (IDA & IBRD countries),2010,SE.TER.ENRR,7.58255004882812
TSS,Sub-Saharan Africa (IDA & IBRD countries),2009,SE.TER.ENRR,7.13790988922119
TSS,Sub-Saharan Africa (IDA & IBRD countries),2008,SE.TER.ENRR,6.74998998641968
TSS,Sub-Saharan Africa (IDA & IBRD countries),2007,SE.TER.ENRR,6.42028999328613
TSS,Sub-Saharan Africa (IDA & IBRD countries),2006,SE.TER.ENRR,6.24377012252808
TSS,Sub-Saharan Africa (IDA & IBRD countries),2005,SE.TER.ENRR,6.05515003204346
,Upper middle income,2024,SE.TER.ENRR,64.5994720458984
,Upper middle income,2023,SE.TER.ENRR,64.0977478027344
,Upper middle income,2022,SE.TER.ENRR,61.7802200317383
,Upper middle income,2021,SE.TER.ENRR,58.9831390380859
,Upper middle income,2020,SE.TER.ENRR,56.021671295166
,Upper middle income,2019,SE.TER.ENRR,53.2710494995117
,Upper middle income,2018,SE.TER.ENRR,51.4451103210449
,Upper middle income,2017,SE.TER.ENRR,50.1707000732422
,Upper middle income,2016,SE.TER.ENRR,48.6304512023926
,Upper middle income,2015,SE.TER.ENRR,46.6499481201172
,Upper middle income,2014,SE.TER.ENRR,44.0766296386719
,Upper middle income,2013,SE.TER.ENRR,37.8507614135742
,Upper middle income,2012,SE.TER.ENRR,35.3440704345703
,Upper middle income,2011,SE.TER.ENRR,32.8706703186035
,Upper middle income,2010,SE.TER.ENRR,30.9967708587646
,Upper middle income,2009,SE.TER.ENRR,29.0400905609131
,Upper middle income,2008,SE.TER.ENRR,27.747049331665
,Upper middle income,2007,SE.TER.ENRR,26.4564990997314
,Upper middle income,2006,SE.TER.ENRR,26.2403697967529
,Upper middle income,2005,SE.TER.ENRR,23.5556201934814
WLD,World,2024,SE.TER.ENRR,43.6151390075684
WLD,World,2023,SE.TER.ENRR,43.197868347168
WLD,World,2022,SE.TER.ENRR,42.0465698242188
WLD,World,2021,SE.TER.ENRR,41.0742492675781
WLD,World,2020,SE.TER.ENRR,39.7074089050293
WLD,World,2019,SE.TER.ENRR,38.6688690185547
WLD,World,2018,SE.TER.ENRR,37.8525314331055
WLD,World,2017,SE.TER.ENRR,37.4994316101074
WLD,World,2016,SE.TER.ENRR,37.1431999206543
WLD,World,2015,SE.TER.ENRR,36.6130981445312
WLD,World,2014,SE.TER.ENRR,35.5645713806152
WLD,World,2013,SE.TER.ENRR,33.0915985107422
WLD,World,2012,SE.TER.ENRR,32.3113899230957
WLD,World,2011,SE.TER.ENRR,31.1437301635742
WLD,World,2010,SE.TER.ENRR,29.5784606933594
WLD,World,2009,SE.TER.ENRR,28.2910709381104
WLD,World,2008,SE.TER.ENRR,27.350980758667
WLD,World,2007,SE.TER.ENRR,26.303430557251
WLD,World,2006,SE.TER.ENRR,25.7015895843506
WLD,World,2005,SE.TER.ENRR,24.3295593261719
AFG,Afghanistan,2020,SE.TER.ENRR,10.85435962677
AFG,Afghanistan,2018,SE.TER.ENRR,9.99592018127441
AFG,Afghanistan,2014,SE.TER.ENRR,8.39764022827148
AFG,Afghanistan,2011,SE.TER.ENRR,3.68686008453369
AFG,Afghanistan,2009,SE.TER.ENRR,3.93815994262695
ALB,Albania,2024,SE.TER.ENRR,84.1496200561523
ALB,Albania,2023,SE.TER.ENRR,64.7293520237257
ALB,Albania,2022,SE.TER.ENRR,62.647921513098
ALB,Albania,2021,SE.TER.ENRR,59.9698690125562
ALB,Albania,2020,SE.TER.ENRR,61.5853024328899
ALB,Albania,2019,SE.TER.ENRR,61.4085141527142
ALB,Albania,2018,SE.TER.ENRR,56.0802964109938
ALB,Albania,2017,SE.TER.ENRR,58.0177836674929
ALB,Albania,2016,SE.TER.ENRR,58.4884791901189
ALB,Albania,2015,SE.TER.ENRR,61.9608485481051
ALB,Albania,2014,SE.TER.ENRR,65.5507096860696
ALB,Albania,2013,SE.TER.ENRR,63.8440585382953
ALB,Albania,2012,SE.TER.ENRR,58.6214186004979
ALB,Albania,2011,SE.TER.ENRR,49.3997040639925
ALB,Albania,2010,SE.TER.ENRR,43.3279304504395
ALB,Albania,2009,SE.TER.ENRR,32.9239883422852
ALB,Albania,2008,SE.TER.ENRR,31.6839599609375
ALB,Albania,2007,SE.TER.ENRR,30.2319297790527
ALB,Albania,2006,SE.TER.ENRR,26.2101001739502
ALB,Albania,2005,SE.TER.ENRR,22.389009475708
DZA,Algeria,2024,SE.TER.ENRR,54.4283410150344
DZA,Algeria,2023,SE.TER.ENRR,55.5320185816789
DZA,Algeria,2022,SE.TER.ENRR,53.3875786756
DZA,Algeria,2021,SE.TER.ENRR,54.2222597146723
DZA,Algeria,2020,SE.TER.ENRR,53.3752192208988
DZA,Algeria,2019,SE.TER.ENRR,53.8645018203122
DZA,Algeria,2018,SE.TER.ENRR,52.8819387317527
DZA,Algeria,2017,SE.TER.ENRR,49.177689984383
DZA,Algeria,2016,SE.TER.ENRR,43.9040620880927
DZA,Algeria,2015,SE.TER.ENRR,38.2444735695552
DZA,Algeria,2014,SE.TER.ENRR,36.0427983596258
DZA,Algeria,2013,SE.TER.ENRR,35.4386275633738
DZA,Algeria,2012,SE.TER.ENRR,33.5570987119466
DZA,Algeria,2011,SE.TER.ENRR,32.3866003582095
DZA,Algeria,2010,SE.TER.ENRR,30.7344437013341
DZA,Algeria,2009,SE.TER.ENRR,30.5014705657959
DZA,Algeria,2007,SE.TER.ENRR,23.5956306457519
DZA,Algeria,2006,SE.TER.ENRR,21.3458003997803
DZA,Algeria,2005,SE.TER.ENRR,20.7098693847656
AND,Andorra,2024,SE.TER.ENRR,67.6767676767677
AND,Andorra,2023,SE.TER.ENRR,62.4106937082277
AND,Andorra,2022,SE.TER.ENRR,34.6414389161411
AND,Andorra,2021,SE.TER.ENRR,15.4117647058823
AND,Andorra,2020,SE.TER.ENRR,15.2605749006777
AND,Andorra,2019,SE.TER.ENRR,15.4352596927579
AND,Andorra,2018,SE.TER.ENRR,15.7132150886835
AND,Andorra,2017,SE.TER.ENRR,15.6664896441848
AND,Andorra,2016,SE.TER.ENRR,15.2011095700416
AND,Andorra,2015,SE.TER.ENRR,13.8206896551724
AND,Andorra,2014,SE.TER.ENRR,13.5399673735726
AND,Andorra,2013,SE.TER.ENRR,14.5405405405405
AND,Andorra,2012,SE.TER.ENRR,12.870249017038
AND,Andorra,2008,SE.TER.ENRR,10.986120223999
AND,Andorra,2006,SE.TER.ENRR,9.89391040802002
AND,Andorra,2005,SE.TER.ENRR,8.41534996032715
AGO,Angola,2024,SE.TER.ENRR,9.9549065722902
AGO,Angola,2023,SE.TER.ENRR,10.04935810264
AGO,Angola,2016,SE.TER.ENRR,9.78287696232453
AGO,Angola,2015,SE.TER.ENRR,8.78320868033121
AGO,Angola,2013,SE.TER.ENRR,9.22339720175662
AGO,Angola,2011,SE.TER.ENRR,6.44004138280629
AGO,Angola,2006,SE.TER.ENRR,2.55977010726929
AGO,Angola,2005,SE.TER.ENRR,2.6385600566864
ATG,Antigua and Barbuda,2012,SE.TER.ENRR,25.1156271899089
ATG,Antigua and Barbuda,2011,SE.TER.ENRR,15.1060820367751
ATG,Antigua and Barbuda,2010,SE.TER.ENRR,16.6952054794521
ATG,Antigua and Barbuda,2009,SE.TER.ENRR,14.8930101394653
ARG,Argentina,2023,SE.TER.ENRR,107.822574129434
ARG,Argentina,2022,SE.TER.ENRR,107.103901423423
ARG,Argentina,2021,SE.TER.ENRR,107.219557633976
ARG,Argentina,2020,SE.TER.ENRR,99.3697348717996
ARG,Argentina,2019,SE.TER.ENRR,95.1928240640628
ARG,Argentina,2018,SE.TER.ENRR,91.0846512732766
ARG,Argentina,2017,SE.TER.ENRR,89.3297346952415
ARG,Argentina,2016,SE.TER.ENRR,86.6743832906399
ARG,Argentina,2015,SE.TER.ENRR,83.75569332589
ARG,Argentina,2014,SE.TER.ENRR,81.072589697739
ARG,Argentina,2013,SE.TER.ENRR,78.5681646081939
ARG,Argentina,2012,SE.TER.ENRR,78.1465174294761
ARG,Argentina,2011,SE.TER.ENRR,77.0101185060955
ARG,Argentina,2010,SE.TER.ENRR,73.803669361107
ARG,Argentina,2009,SE.TER.ENRR,70.6931915283203
ARG,Argentina,2008,SE.TER.ENRR,68.5610733032227
ARG,Argentina,2007,SE.TER.ENRR,66.6672210693359
ARG,Argentina,2006,SE.TER.ENRR,66.9444732666016
ARG,Argentina,2005,SE.TER.ENRR,63.4893112182617
ARM,Armenia,2024,SE.TER.ENRR,52.7748065090859
ARM,Armenia,2023,SE.TER.ENRR,56.2770051010456
ARM,Armenia,2022,SE.TER.ENRR,57.1818422625098
ARM,Armenia,2021,SE.TER.ENRR,56.6235144830279
ARM,Armenia,2020,SE.TER.ENRR,52.3331534448642
ARM,Armenia,2019,SE.TER.ENRR,53.5944174785534
ARM,Armenia,2018,SE.TER.ENRR,57.4585357681354
ARM,Armenia,2017,SE.TER.ENRR,55.5065519523494
ARM,Armenia,2016,SE.TER.ENRR,54.3432877365993
ARM,Armenia,2015,SE.TER.ENRR,48.7313687040259
ARM,Armenia,2014,SE.TER.ENRR,47.7150849538629
ARM,Armenia,2013,SE.TER.ENRR,44.8347790892711
ARM,Armenia,2012,SE.TER.ENRR,44.4855719494927
ARM,Armenia,2011,SE.TER.ENRR,51.2949290708131
ARM,Armenia,2010,SE.TER.ENRR,50.5839875932926
ARM,Armenia,2009,SE.TER.ENRR,49.0897102355957
ARM,Armenia,2008,SE.TER.ENRR,46.5244903564453
ARM,Armenia,2007,SE.TER.ENRR,44.4558410644531
ARM,Armenia,2006,SE.TER.ENRR,41.5903587341309
ARM,Armenia,2005,SE.TER.ENRR,37.7094497680664
ABW,Aruba,2024,SE.TER.ENRR,14.0655418559377
ABW,Aruba,2016,SE.TER.ENRR,17.1416206359863
ABW,Aruba,2015,SE.TER.ENRR,16.7312393188477
ABW,Aruba,2014,SE.TER.ENRR,17.7518997192383
ABW,Aruba,2013,SE.TER.ENRR,17.1258697509766
ABW,Aruba,2012,SE.TER.ENRR,38.8641815185547
ABW,Aruba,2011,SE.TER.ENRR,37.8648109436035
ABW,Aruba,2010,SE.TER.ENRR,36.0625305175781
ABW,Aruba,2009,SE.TER.ENRR,34.4308586120605
ABW,Aruba,2008,SE.TER.ENRR,35.0970611572266
ABW,Aruba,2007,SE.TER.ENRR,34.8968086242676
ABW,Aruba,2006,SE.TER.ENRR,34.2268714904785
ABW,Aruba,2005,SE.TER.ENRR,36.204231262207
AUS,Australia,2024,SE.TER.ENRR,108.421989440918
AUS,Australia,2023,SE.TER.ENRR,104.64835357666
AUS,Australia,2022,SE.TER.ENRR,106.240760803223
AUS,Australia,2021,SE.TER.ENRR,112.688293457031
AUS,Australia,2020,SE.TER.ENRR,110.139221191406
AUS,Australia,2019,SE.TER.ENRR,109.759559631348
AUS,Australia,2018,SE.TER.ENRR,103.322090148926
AUS,Australia,2017,SE.TER.ENRR,109.993309020996
AUS,Australia,2016,SE.TER.ENRR,119.682777404785
AUS,Australia,2015,SE.TER.ENRR,119.679389953613
AUT,Austria,2024,SE.TER.ENRR,92.6126708984375
AUT,Austria,2023,SE.TER.ENRR,91.6818237304688
AUT,Austria,2022,SE.TER.ENRR,94.5116882324219
AUT,Austria,2021,SE.TER.ENRR,93.940071105957
AUT,Austria,2020,SE.TER.ENRR,88.7071990966797
AUT,Austria,2019,SE.TER.ENRR,86.3234329223633
AUT,Austria,2018,SE.TER.ENRR,85.8698883056641
AUT,Austria,2017,SE.TER.ENRR,83.8392562866211
AUT,Austria,2016,SE.TER.ENRR,82.8496932983398
AUT,Austria,2015,SE.TER.ENRR,82.2563095092773
AUT,Austria,2014,SE.TER.ENRR,81.0195693969727
AUT,Austria,2013,SE.TER.ENRR,80.9616012573242
AUT,Austria,2012,SE.TER.ENRR,79.5471267700195
AUT,Austria,2011,SE.TER.ENRR,77.2625122070312
AUT,Austria,2010,SE.TER.ENRR,75.0402526855469
AUT,Austria,2009,SE.TER.ENRR,67.9915771484375
AUT,Austria,2008,SE.TER.ENRR,66.1983871459961
AUT,Austria,2007,SE.TER.ENRR,63.8021202087402
AZE,Azerbaijan,2024,SE.TER.ENRR,41.3413783372226
AZE,Azerbaijan,2023,SE.TER.ENRR,41.3907560278377
AZE,Azerbaijan,2022,SE.TER.ENRR,41.0017793895325
AZE,Azerbaijan,2021,SE.TER.ENRR,39.0095977224788
AZE,Azerbaijan,2020,SE.TER.ENRR,36.3854742250215
AZE,Azerbaijan,2019,SE.TER.ENRR,32.9221812477847
AZE,Azerbaijan,2018,SE.TER.ENRR,28.9724903670069
AZE,Azerbaijan,2017,SE.TER.ENRR,28.4670565431322
AZE,Azerbaijan,2016,SE.TER.ENRR,27.2368629930846
AZE,Azerbaijan,2015,SE.TER.ENRR,25.4831961094662
AZE,Azerbaijan,2014,SE.TER.ENRR,23.1597349800287
AZE,Azerbaijan,2013,SE.TER.ENRR,21.4404253568261
AZE,Azerbaijan,2012,SE.TER.ENRR,20.4384614704139
AZE,Azerbaijan,2011,SE.TER.ENRR,19.6473062365442
AZE,Azerbaijan,2010,SE.TER.ENRR,19.2600431394615
AZE,Azerbaijan,2009,SE.TER.ENRR,19.057710647583
AZE,Azerbaijan,2008,SE.TER.ENRR,19.0478897094727
AZE,Azerbaijan,2007,SE.TER.ENRR,19.3645992279053
AZE,Azerbaijan,2006,SE.TER.ENRR,19.7894592285156
BHR,Bahrain,2024,SE.TER.ENRR,58.3677241853667
BHR,Bahrain,2023,SE.TER.ENRR,57.0562240948353
BHR,Bahrain,2022,SE.TER.ENRR,50.3073760962771
BHR,Bahrain,2021,SE.TER.ENRR,47.5015525503536
BHR,Bahrain,2020,SE.TER.ENRR,54.4077922369055
BHR,Bahrain,2019,SE.TER.ENRR,52.9045782700327
BHR,Bahrain,2018,SE.TER.ENRR,50.2628341348842
BHR,Bahrain,2017,SE.TER.ENRR,48.7280981931009
BHR,Bahrain,2016,SE.TER.ENRR,46.7631772606016
BHR,Bahrain,2015,SE.TER.ENRR,45.6439860607554
BHR,Bahrain,2014,SE.TER.ENRR,44.7866602427761
BHR,Bahrain,2013,SE.TER.ENRR,44.1274788546413
BHR,Bahrain,2012,SE.TER.ENRR,47.6811679519633
BHR,Bahrain,2011,SE.TER.ENRR,46.3075025646345
BHR,Bahrain,2006,SE.TER.ENRR,17.5358505249023
BHR,Bahrain,2005,SE.TER.ENRR,19.0136394500732
BGD,Bangladesh,2024,SE.TER.ENRR,23.7295608009814
BGD,Bangladesh,2023,SE.TER.ENRR,24.2003442708621
BGD,Bangladesh,2022,SE.TER.ENRR,23.5005059888653
BGD,Bangladesh,2021,SE.TER.ENRR,23.9006822335243
BGD,Bangladesh,2020,SE.TER.ENRR,22.6923019564501
BGD,Bangladesh,2019,SE.TER.ENRR,22.7094642473405
BGD,Bangladesh,2018,SE.TER.ENRR,19.5710492453779
BGD,Bangladesh,2017,SE.TER.ENRR,18.5175604399834
BGD,Bangladesh,2016,SE.TER.ENRR,17.3985207411042
BGD,Bangladesh,2015,SE.TER.ENRR,15.5739926180902
BGD,Bangladesh,2014,SE.TER.ENRR,13.5777392703559
BGD,Bangladesh,2013,SE.TER.ENRR,13.4900578063704
BGD,Bangladesh,2012,SE.TER.ENRR,13.4211598649529
BGD,Bangladesh,2011,SE.TER.ENRR,13.2663245348367
BGD,Bangladesh,2009,SE.TER.ENRR,10.4939298629761
BGD,Bangladesh,2008,SE.TER.ENRR,8.62265968322754
BGD,Bangladesh,2007,SE.TER.ENRR,7.66305017471313
BGD,Bangladesh,2006,SE.TER.ENRR,7.07040023803711
BGD,Bangladesh,2005,SE.TER.ENRR,6.13484001159668
BRB,Barbados,2025,SE.TER.ENRR,50.801079116886
BRB,Barbados,2024,SE.TER.ENRR,53.5815662047086
BRB,Barbados,2023,SE.TER.ENRR,54.2600399378744
BRB,Barbados,2022,SE.TER.ENRR,55.0600902713579
BRB,Barbados,2021,SE.TER.ENRR,54.672
BRB,Barbados,2020,SE.TER.ENRR,52.971630831
BRB,Barbados,2019,SE.TER.ENRR,48.935497470489
BRB,Barbados,2018,SE.TER.ENRR,45.8751983077737
BRB,Barbados,2017,SE.TER.ENRR,51.0106696691866
BRB,Barbados,2016,SE.TER.ENRR,52.0533712473342
BRB,Barbados,2015,SE.TER.ENRR,57.2814457564167
BRB,Barbados,2014,SE.TER.ENRR,71.2682628742848
BRB,Barbados,2013,SE.TER.ENRR,73.1807704972012
BRB,Barbados,2012,SE.TER.ENRR,70.0289730657796
BRB,Barbados,2011,SE.TER.ENRR,66.9463967271583
BRB,Barbados,2010,SE.TER.ENRR,69.5953279239237
BRB,Barbados,2009,SE.TER.ENRR,74.2060775756836
BRB,Barbados,2007,SE.TER.ENRR,60.2387390136719
BLR,Belarus,2024,SE.TER.ENRR,70.1107509145358
BLR,Belarus,2023,SE.TER.ENRR,72.8250212584046
BLR,Belarus,2022,SE.TER.ENRR,77.0977334087936
BLR,Belarus,2021,SE.TER.ENRR,78.6027133367864
BLR,Belarus,2020,SE.TER.ENRR,79.900160036935
BLR,Belarus,2019,SE.TER.ENRR,81.2921953254514
BLR,Belarus,2018,SE.TER.ENRR,84.7097808751504
BLR,Belarus,2017,SE.TER.ENRR,89.4706479354735
BLR,Belarus,2016,SE.TER.ENRR,91.5206757734477
BLR,Belarus,2015,SE.TER.ENRR,93.7888271999214
BLR,Belarus,2014,SE.TER.ENRR,94.316359554493
BLR,Belarus,2013,SE.TER.ENRR,95.4975003100193
BLR,Belarus,2012,SE.TER.ENRR,93.4729592664074
BLR,Belarus,2011,SE.TER.ENRR,87.3373753061346
BLR,Belarus,2010,SE.TER.ENRR,80.1169697729485
BLR,Belarus,2009,SE.TER.ENRR,75.3678512573242
BLR,Belarus,2008,SE.TER.ENRR,71.3163528442383
BLR,Belarus,2007,SE.TER.ENRR,71.1050872802734
BLR,Belarus,2006,SE.TER.ENRR,68.3140869140625
BLR,Belarus,2005,SE.TER.ENRR,65.4601211547852
BEL,Belgium,2023,SE.TER.ENRR,82.1475601196289
BEL,Belgium,2022,SE.TER.ENRR,83.5736465454102
BEL,Belgium,2021,SE.TER.ENRR,82.6882019042969
BEL,Belgium,2020,SE.TER.ENRR,79.4996032714844
BEL,Belgium,2019,SE.TER.ENRR,79.3044815063477
BEL,Belgium,2018,SE.TER.ENRR,79.1237487792969
BEL,Belgium,2017,SE.TER.ENRR,80.7738189697266
BEL,Belgium,2016,SE.TER.ENRR,77.2435073852539
BEL,Belgium,2015,SE.TER.ENRR,76.423942565918
BEL,Belgium,2014,SE.TER.ENRR,74.0397262573242
BEL,Belgium,2013,SE.TER.ENRR,71.7841110229492
BEL,Belgium,2012,SE.TER.ENRR,69.7490615844727
BEL,Belgium,2011,SE.TER.ENRR,67.7034072875977
BEL,Belgium,2010,SE.TER.ENRR,66.8578872680664
BEL,Belgium,2009,SE.TER.ENRR,64.9798431396484
BEL,Belgium,2008,SE.TER.ENRR,62.7642097473145
BEL,Belgium,2007,SE.TER.ENRR,62.461841583252
BEL,Belgium,2006,SE.TER.ENRR,63.3717384338379
BEL,Belgium,2005,SE.TER.ENRR,62.8203315734863
BLZ,Belize,2024,SE.TER.ENRR,24.8098643151325
BLZ,Belize,2023,SE.TER.ENRR,22.3734089825019
BLZ,Belize,2022,SE.TER.ENRR,23.9767727412258
BLZ,Belize,2021,SE.TER.ENRR,23.6813942822198
BLZ,Belize,2020,SE.TER.ENRR,25.9421694120047
BLZ,Belize,2019,SE.TER.ENRR,25.138736158351
BLZ,Belize,2018,SE.TER.ENRR,24.5883446033139
BLZ,Belize,2017,SE.TER.ENRR,24.731690676743
BLZ,Belize,2016,SE.TER.ENRR,24.4760136680388
BLZ,Belize,2015,SE.TER.ENRR,23.4350622690571
BLZ,Belize,2014,SE.TER.ENRR,24.0154633440872
BLZ,Belize,2013,SE.TER.ENRR,24.0045345047471
BLZ,Belize,2012,SE.TER.ENRR,24.0271611386785
BLZ,Belize,2011,SE.TER.ENRR,21.5464009784327
BLZ,Belize,2010,SE.TER.ENRR,21.5657311669129
BLZ,Belize,2009,SE.TER.ENRR,22.0563106536865
BLZ,Belize,2008,SE.TER.ENRR,18.78537940979
BLZ,Belize,2007,SE.TER.ENRR,17.9253196716309
BLZ,Belize,2006,SE.TER.ENRR,16.941520690918
BLZ,Belize,2005,SE.TER.ENRR,16.1422500610352
BEN,Benin,2022,SE.TER.ENRR,10.2350101470947
BEN,Benin,2021,SE.TER.ENRR,9.82796955108643
BEN,Benin,2020,SE.TER.ENRR,10.3808002471924
BEN,Benin,2019,SE.TER.ENRR,10.3906803131103
BEN,Benin,2018,SE.TER.ENRR,11.5739097595215
BEN,Benin,2017,SE.TER.ENRR,11.337929725647
BEN,Benin,2016,SE.TER.ENRR,11.9529895782471
BEN,Benin,2015,SE.TER.ENRR,12.4851799011231
BEN,Benin,2014,SE.TER.ENRR,14.6916198730469
BEN,Benin,2013,SE.TER.ENRR,14.7752199172974
BEN,Benin,2012,SE.TER.ENRR,12.8605403900147
BEN,Benin,2011,SE.TER.ENRR,11.8088598251343
BEN,Benin,2010,SE.TER.ENRR,12.6081895828247
BEN,Benin,2009,SE.TER.ENRR,9.3462495803833
BEN,Benin,2008,SE.TER.ENRR,7.34216022491455
BEN,Benin,2007,SE.TER.ENRR,7.43086004257202
BEN,Benin,2006,SE.TER.ENRR,6.20295000076294
BEN,Benin,2005,SE.TER.ENRR,5.41120004653931
BMU,Bermuda,2023,SE.TER.ENRR,17.3357105255127
BMU,Bermuda,2018,SE.TER.ENRR,22.3407592773438
BMU,Bermuda,2017,SE.TER.ENRR,21.8093700408936
BMU,Bermuda,2015,SE.TER.ENRR,30.6167392730713
BMU,Bermuda,2014,SE.TER.ENRR,33.3333282470703
BMU,Bermuda,2013,SE.TER.ENRR,35.1997718811035
BMU,Bermuda,2012,SE.TER.ENRR,36.9150810241699
BMU,Bermuda,2011,SE.TER.ENRR,37.8277206420898
BMU,Bermuda,2010,SE.TER.ENRR,36.5495414733887
BMU,Bermuda,2009,SE.TER.ENRR,38.3707885742188
BMU,Bermuda,2008,SE.TER.ENRR,29.9917602539062
BMU,Bermuda,2007,SE.TER.ENRR,29.2320194244385
BMU,Bermuda,2006,SE.TER.ENRR,32.5518684387207
BTN,Bhutan,2024,SE.TER.ENRR,13.011259392916
BTN,Bhutan,2023,SE.TER.ENRR,15.0074996948242
BTN,Bhutan,2022,SE.TER.ENRR,14.5780698560857
BTN,Bhutan,2021,SE.TER.ENRR,14.7382447141292
BTN,Bhutan,2020,SE.TER.ENRR,16.8650740250552
BTN,Bhutan,2019,SE.TER.ENRR,15.9420291550317
BTN,Bhutan,2018,SE.TER.ENRR,14.9303808051574
BTN,Bhutan,2017,SE.TER.ENRR,14.8354989456323
BTN,Bhutan,2013,SE.TER.ENRR,10.362939215902
BTN,Bhutan,2012,SE.TER.ENRR,7.60806024678839
BTN,Bhutan,2011,SE.TER.ENRR,7.70502526511554
BTN,Bhutan,2010,SE.TER.ENRR,6.57718143152316
BTN,Bhutan,2009,SE.TER.ENRR,6.29682016372681
BTN,Bhutan,2008,SE.TER.ENRR,6.58204984664917
BTN,Bhutan,2007,SE.TER.ENRR,5.54621982574463
BTN,Bhutan,2006,SE.TER.ENRR,5.12222003936768
BTN,Bhutan,2005,SE.TER.ENRR,4.87233018875122
BIH,Bosnia and Herzegovina,2023,SE.TER.ENRR,45.5027618408203
BIH,Bosnia and Herzegovina,2022,SE.TER.ENRR,45.6063499450684
BIH,Bosnia and Herzegovina,2021,SE.TER.ENRR,45.0589485168457
BIH,Bosnia and Herzegovina,2020,SE.TER.ENRR,43.8039207458496
BIH,Bosnia and Herzegovina,2019,SE.TER.ENRR,46.6677894592285
BIH,Bosnia and Herzegovina,2018,SE.TER.ENRR,49.7987518310547
BIH,Bosnia and Herzegovina,2017,SE.TER.ENRR,54.528678894043
BIH,Bosnia and Herzegovina,2016,SE.TER.ENRR,56.9546089172363
BIH,Bosnia and Herzegovina,2015,SE.TER.ENRR,55.5336608886719
BIH,Bosnia and Herzegovina,2014,SE.TER.ENRR,54.1655807495117
BIH,Bosnia and Herzegovina,2013,SE.TER.ENRR,51.3600883483887
BIH,Bosnia and Herzegovina,2012,SE.TER.ENRR,44.7015495300293
BIH,Bosnia and Herzegovina,2011,SE.TER.ENRR,41.9769592285156
BIH,Bosnia and Herzegovina,2010,SE.TER.ENRR,38.5334587097168
BIH,Bosnia and Herzegovina,2009,SE.TER.ENRR,36.9575691223145
BIH,Bosnia and Herzegovina,2008,SE.TER.ENRR,34.473949432373
BIH,Bosnia and Herzegovina,2007,SE.TER.ENRR,30.7171401977539
BIH,Bosnia and Herzegovina,2006,SE.TER.ENRR,27.0378398895264
BIH,Bosnia and Herzegovina,2005,SE.TER.ENRR,24.1594295501709
BWA,Botswana,2024,SE.TER.ENRR,21.4087908549348
BWA,Botswana,2023,SE.TER.ENRR,20.5658232475186
BWA,Botswana,2022,SE.TER.ENRR,20.7095613715302
BWA,Botswana,2021,SE.TER.ENRR,21.2032904951187
BWA,Botswana,2020,SE.TER.ENRR,22.4017870513653
BWA,Botswana,2019,SE.TER.ENRR,21.4965480211896
BWA,Botswana,2017,SE.TER.ENRR,21.4762885165012
BWA,Botswana,2016,SE.TER.ENRR,22.6605855291776
BWA,Botswana,2015,SE.TER.ENRR,26.8692925538756
BWA,Botswana,2014,SE.TER.ENRR,24.8355648460166
BWA,Botswana,2013,SE.TER.ENRR,26.3370990753174
BWA,Botswana,2012,SE.TER.ENRR,21.6663608551025
BWA,Botswana,2011,SE.TER.ENRR,17.5134506225586
BWA,Botswana,2010,SE.TER.ENRR,19.5398902893066
BWA,Botswana,2009,SE.TER.ENRR,21.9871006011963
BWA,Botswana,2008,SE.TER.ENRR,14.2659397125244
BWA,Botswana,2007,SE.TER.ENRR,10.2232799530029
BWA,Botswana,2006,SE.TER.ENRR,10.0698099136353
BWA,Botswana,2005,SE.TER.ENRR,9.23077964782715
BRA,Brazil,2024,SE.TER.ENRR,69.7317733764648
BRA,Brazil,2022,SE.TER.ENRR,61.0000915527344
BRA,Brazil,2021,SE.TER.ENRR,57.6311988830566
BRA,Brazil,2020,SE.TER.ENRR,55.529109954834
BRA,Brazil,2019,SE.TER.ENRR,53.6215400695801
BRA,Brazil,2018,SE.TER.ENRR,52.05712890625
BRA,Brazil,2017,SE.TER.ENRR,50.7326316833496
BRA,Brazil,2016,SE.TER.ENRR,48.9665794372559
BRA,Brazil,2015,SE.TER.ENRR,49.0805015563965
BRA,Brazil,2014,SE.TER.ENRR,47.8131904602051
BRA,Brazil,2013,SE.TER.ENRR,44.9966697692871
BRA,Brazil,2012,SE.TER.ENRR,43.8344116210938
VGB,British Virgin Islands,2024,SE.TER.ENRR,29.5605306799337
VGB,British Virgin Islands,2023,SE.TER.ENRR,26.6493055555556
VGB,British Virgin Islands,2022,SE.TER.ENRR,29.0409725348942
VGB,British Virgin Islands,2021,SE.TER.ENRR,30.3667262969589
VGB,British Virgin Islands,2020,SE.TER.ENRR,30.475763016158
VGB,British Virgin Islands,2019,SE.TER.ENRR,24.2532322781988
VGB,British Virgin Islands,2018,SE.TER.ENRR,17.7551020408163
VGB,British Virgin Islands,2016,SE.TER.ENRR,39.173320807891
VGB,British Virgin Islands,2015,SE.TER.ENRR,40.3414634146341
VGB,British Virgin Islands,2009,SE.TER.ENRR,70.4889373779297
BRN,Brunei Darussalam,2023,SE.TER.ENRR,36.4182725443167
BRN,Brunei Darussalam,2022,SE.TER.ENRR,31.1925368707703
BRN,Brunei Darussalam,2021,SE.TER.ENRR,27.4258937503291
BRN,Brunei Darussalam,2020,SE.TER.ENRR,27.4692556634304
BRN,Brunei Darussalam,2019,SE.TER.ENRR,27.7715019255456
BRN,Brunei Darussalam,2018,SE.TER.ENRR,27.9285989469629
BRN,Brunei Darussalam,2017,SE.TER.ENRR,31.2433910195239
BRN,Brunei Darussalam,2016,SE.TER.ENRR,28.6644096374512
BRN,Brunei Darussalam,2015,SE.TER.ENRR,28.6641292572021
BRN,Brunei Darussalam,2014,SE.TER.ENRR,30.0799102783203
BRN,Brunei Darussalam,2013,SE.TER.ENRR,23.4649200439453
BRN,Brunei Darussalam,2012,SE.TER.ENRR,22.0733509063721
BRN,Brunei Darussalam,2011,SE.TER.ENRR,17.4244594573975
BRN,Brunei Darussalam,2010,SE.TER.ENRR,15.3331604003906
BRN,Brunei Darussalam,2009,SE.TER.ENRR,16.5658493041992
BRN,Brunei Darussalam,2008,SE.TER.ENRR,15.7385101318359
BRN,Brunei Darussalam,2007,SE.TER.ENRR,15.4847002029419
BRN,Brunei Darussalam,2006,SE.TER.ENRR,15.2068796157837
BRN,Brunei Darussalam,2005,SE.TER.ENRR,15.2498598098755
BGR,Bulgaria,2024,SE.TER.ENRR,69.5460433959961
BGR,Bulgaria,2023,SE.TER.ENRR,79.8532333374023
BGR,Bulgaria,2022,SE.TER.ENRR,84.1293563842773
BGR,Bulgaria,2021,SE.TER.ENRR,85.3017501831055
BGR,Bulgaria,2020,SE.TER.ENRR,85.5331115722656
BGR,Bulgaria,2019,SE.TER.ENRR,84.7503128051758
BGR,Bulgaria,2018,SE.TER.ENRR,83.134880065918
BGR,Bulgaria,2017,SE.TER.ENRR,81.2245864868164
BGR,Bulgaria,2016,SE.TER.ENRR,80.6399612426758
BGR,Bulgaria,2015,SE.TER.ENRR,78.2999572753906
BGR,Bulgaria,2014,SE.TER.ENRR,72.981559753418
BGR,Bulgaria,2013,SE.TER.ENRR,68.2013397216797
BGR,Bulgaria,2012,SE.TER.ENRR,62.1616516113281
BGR,Bulgaria,2011,SE.TER.ENRR,59.8246803283691
BGR,Bulgaria,2010,SE.TER.ENRR,58.354850769043
BGR,Bulgaria,2009,SE.TER.ENRR,55.0083694458008
BGR,Bulgaria,2008,SE.TER.ENRR,52.6504096984863
BGR,Bulgaria,2007,SE.TER.ENRR,51.2403411865234
BGR,Bulgaria,2006,SE.TER.ENRR,47.7948303222656
BGR,Bulgaria,2005,SE.TER.ENRR,46.225269317627
BFA,Burkina Faso,2024,SE.TER.ENRR,10.0419678526515
BFA,Burkina Faso,2023,SE.TER.ENRR,10.1078755635882
BFA,Burkina Faso,2022,SE.TER.ENRR,9.67069485831779
BFA,Burkina Faso,2021,SE.TER.ENRR,9.30513098594236
BFA,Burkina Faso,2020,SE.TER.ENRR,7.64277062242324
BFA,Burkina Faso,2019,SE.TER.ENRR,6.90532594926159
BFA,Burkina Faso,2018,SE.TER.ENRR,6.31826110291158
BFA,Burkina Faso,2017,SE.TER.ENRR,5.8341880408112
BFA,Burkina Faso,2016,SE.TER.ENRR,5.40541465878063
BFA,Burkina Faso,2015,SE.TER.ENRR,4.90356866333498
BFA,Burkina Faso,2014,SE.TER.ENRR,4.89539917725699
BFA,Burkina Faso,2013,SE.TER.ENRR,4.57338342077701
BFA,Burkina Faso,2012,SE.TER.ENRR,4.33792685706514
BFA,Burkina Faso,2011,SE.TER.ENRR,3.91906920981907
BFA,Burkina Faso,2010,SE.TER.ENRR,3.34944579587797
BFA,Burkina Faso,2009,SE.TER.ENRR,3.26682996749878
BFA,Burkina Faso,2008,SE.TER.ENRR,2.92968010902405
BFA,Burkina Faso,2007,SE.TER.ENRR,2.40549993515015
BFA,Burkina Faso,2006,SE.TER.ENRR,2.25787997245789
BFA,Burkina Faso,2005,SE.TER.ENRR,2.14314007759094
BDI,Burundi,2025,SE.TER.ENRR,6.38454008102417
BDI,Burundi,2023,SE.TER.ENRR,6.02545976638794
BDI,Burundi,2018,SE.TER.ENRR,4.55281922933846
BDI,Burundi,2017,SE.TER.ENRR,4.30528005798307
BDI,Burundi,2016,SE.TER.ENRR,3.97908916361797
BDI,Burundi,2015,SE.TER.ENRR,5.25856537918645
BDI,Burundi,2014,SE.TER.ENRR,4.46892058042299
BDI,Burundi,2013,SE.TER.ENRR,3.70341642841244
BDI,Burundi,2012,SE.TER.ENRR,2.92052732762984
BDI,Burundi,2010,SE.TER.ENRR,3.05528938002435
BDI,Burundi,2009,SE.TER.ENRR,2.6779100894928
BDI,Burundi,2008,SE.TER.ENRR,2.49793004989624
BDI,Burundi,2007,SE.TER.ENRR,2.26625990867615
BDI,Burundi,2006,SE.TER.ENRR,2.16554999351502
BDI,Burundi,2005,SE.TER.ENRR,2.13503003120422
CPV,Cabo Verde,2018,SE.TER.ENRR,24.2905954414767
CPV,Cabo Verde,2017,SE.TER.ENRR,24.5594648459854
CPV,Cabo Verde,2016,SE.TER.ENRR,23.6934975221505
CPV,Cabo Verde,2015,SE.TER.ENRR,22.524027665499
CPV,Cabo Verde,2014,SE.TER.ENRR,23.2703965538205
CPV,Cabo Verde,2013,SE.TER.ENRR,22.2468122776255
CPV,Cabo Verde,2012,SE.TER.ENRR,19.8951290654347
CPV,Cabo Verde,2011,SE.TER.ENRR,19.8174684695304
CPV,Cabo Verde,2010,SE.TER.ENRR,17.2396798150949
CPV,Cabo Verde,2009,SE.TER.ENRR,14.5845203399658
CPV,Cabo Verde,2008,SE.TER.ENRR,11.6451501846313
CPV,Cabo Verde,2007,SE.TER.ENRR,9.42763996124268
CPV,Cabo Verde,2006,SE.TER.ENRR,8.3322696685791
CPV,Cabo Verde,2005,SE.TER.ENRR,7.33844995498657
KHM,Cambodia,2024,SE.TER.ENRR,21.4437426836662
KHM,Cambodia,2023,SE.TER.ENRR,17.4362364390629
KHM,Cambodia,2022,SE.TER.ENRR,14.6069513022825
KHM,Cambodia,2021,SE.TER.ENRR,13.5005634857238
KHM,Cambodia,2020,SE.TER.ENRR,13.8767573747135
KHM,Cambodia,2019,SE.TER.ENRR,12.9409846754696
KHM,Cambodia,2018,SE.TER.ENRR,13.2671737077763
KHM,Cambodia,2017,SE.TER.ENRR,12.5181529981862
KHM,Cambodia,2015,SE.TER.ENRR,13.615484963166
KHM,Cambodia,2011,SE.TER.ENRR,11.4902860215331
KHM,Cambodia,2010,SE.TER.ENRR,12.1998596191406
KHM,Cambodia,2009,SE.TER.ENRR,10.6747398376465
KHM,Cambodia,2008,SE.TER.ENRR,8.92994976043701
KHM,Cambodia,2007,SE.TER.ENRR,7.67417001724243
KHM,Cambodia,2006,SE.TER.ENRR,6.20005989074707
KHM,Cambodia,2005,SE.TER.ENRR,3.77035999298096
CMR,Cameroon,2024,SE.TER.ENRR,16.6614294830602
CMR,Cameroon,2023,SE.TER.ENRR,16.0404395184936
CMR,Cameroon,2022,SE.TER.ENRR,16.4371527754335
CMR,Cameroon,2021,SE.TER.ENRR,17.1581831920239
CMR,Cameroon,2020,SE.TER.ENRR,15.5519566247682
CMR,Cameroon,2019,SE.TER.ENRR,15.0528614131463
CMR,Cameroon,2018,SE.TER.ENRR,14.5449548868213
CMR,Cameroon,2017,SE.TER.ENRR,12.9818161813936
CMR,Cameroon,2016,SE.TER.ENRR,12.7046554004596
CMR,Cameroon,2015,SE.TER.ENRR,17.2970758627753
CMR,Cameroon,2014,SE.TER.ENRR,16.7535896301269
CMR,Cameroon,2013,SE.TER.ENRR,15.7712802886963
CMR,Cameroon,2012,SE.TER.ENRR,13.5363302230835
CMR,Cameroon,2011,SE.TER.ENRR,12.5102445161105
CMR,Cameroon,2010,SE.TER.ENRR,11.5745716750246
CMR,Cameroon,2009,SE.TER.ENRR,9.40400981903076
CMR,Cameroon,2008,SE.TER.ENRR,8.20874977111816
CMR,Cameroon,2007,SE.TER.ENRR,7.57396984100342
CMR,Cameroon,2006,SE.TER.ENRR,7.07693004608154
CMR,Cameroon,2005,SE.TER.ENRR,6.03904008865356
CAN,Canada,2023,SE.TER.ENRR,76.2666931152344
CAN,Canada,2022,SE.TER.ENRR,78.8488311767578
CAN,Canada,2021,SE.TER.ENRR,79.7657318115234
CAN,Canada,2020,SE.TER.ENRR,75.2389068603516
CAN,Canada,2019,SE.TER.ENRR,73.1128768920898
CAN,Canada,2018,SE.TER.ENRR,69.3507232666016
CAN,Canada,2017,SE.TER.ENRR,70.2687072753906
CAN,Canada,2016,SE.TER.ENRR,69.2459411621094
CAN,Canada,2015,SE.TER.ENRR,67.2690963745117
CAN,Canada,2014,SE.TER.ENRR,67.1677017211914
CAN,Canada,2013,SE.TER.ENRR,65.7477188110352
CAN,Canada,2012,SE.TER.ENRR,63.603271484375
CAN,Canada,2011,SE.TER.ENRR,63.1586990356445
CAN,Canada,2010,SE.TER.ENRR,61.8845901489258
CAN,Canada,2009,SE.TER.ENRR,63.6236991882324
CAN,Canada,2008,SE.TER.ENRR,64.3074111938477
CAN,Canada,2007,SE.TER.ENRR,63.8298110961914
CYM,Cayman Islands,2008,SE.TER.ENRR,33.0195503234863
CYM,Cayman Islands,2007,SE.TER.ENRR,22.1045207977295
CYM,Cayman Islands,2006,SE.TER.ENRR,19.4577903747559
CAF,Central African Republic,2012,SE.TER.ENRR,2.77519989013672
CAF,Central African Republic,2011,SE.TER.ENRR,2.95497989654541
CAF,Central African Republic,2010,SE.TER.ENRR,2.53881001472473
CAF,Central African Republic,2009,SE.TER.ENRR,2.30814003944397
CAF,Central African Republic,2008,SE.TER.ENRR,2.16495990753174
CAF,Central African Republic,2006,SE.TER.ENRR,1.08675003051758
TCD,Chad,2020,SE.TER.ENRR,4.39665967267065
TCD,Chad,2015,SE.TER.ENRR,3.22750677590433
TCD,Chad,2014,SE.TER.ENRR,3.38820626861646
TCD,Chad,2011,SE.TER.ENRR,2.21312898390939
TCD,Chad,2010,SE.TER.ENRR,2.0962732183809
TCD,Chad,2009,SE.TER.ENRR,2.01651000976562
TCD,Chad,2008,SE.TER.ENRR,1.95048999786377
TCD,Chad,2005,SE.TER.ENRR,1.4159699678421
CHL,Chile,2024,SE.TER.ENRR,110.176902770996
CHL,Chile,2023,SE.TER.ENRR,104.734062194824
CHL,Chile,2022,SE.TER.ENRR,99.3372802734375
CHL,Chile,2021,SE.TER.ENRR,96.2227935791016
CHL,Chile,2020,SE.TER.ENRR,89.1124877929688
CHL,Chile,2019,SE.TER.ENRR,92.0659713745117
CHL,Chile,2018,SE.TER.ENRR,91.1974792480469
CHL,Chile,2017,SE.TER.ENRR,89.921989440918
CHL,Chile,2016,SE.TER.ENRR,88.8458862304688
CHL,Chile,2015,SE.TER.ENRR,86.4181137084961
CHL,Chile,2014,SE.TER.ENRR,83.6629791259766
CHL,Chile,2013,SE.TER.ENRR,79.8703384399414
CHL,Chile,2012,SE.TER.ENRR,75.0770721435547
CHL,Chile,2011,SE.TER.ENRR,70.8241806030273
CHL,Chile,2010,SE.TER.ENRR,66.3445205688477
CHL,Chile,2009,SE.TER.ENRR,59.9912910461426
CHL,Chile,2008,SE.TER.ENRR,56.7743988037109
CHL,Chile,2007,SE.TER.ENRR,54.7230491638184
CHL,Chile,2006,SE.TER.ENRR,49.3216896057129
CHL,Chile,2005,SE.TER.ENRR,50.2735595703125
CHN,China,2024,SE.TER.ENRR,76.8757843123403
CHN,China,2023,SE.TER.ENRR,74.5933014618366
CHN,China,2022,SE.TER.ENRR,71.5799465086024
CHN,China,2021,SE.TER.ENRR,66.8186077597542
CHN,China,2020,SE.TER.ENRR,61.6124675996947
CHN,China,2019,SE.TER.ENRR,56.6050917923292
CHN,China,2018,SE.TER.ENRR,53.3987984572814
CHN,China,2017,SE.TER.ENRR,51.0678812273407
CHN,China,2016,SE.TER.ENRR,49.309077375597
CHN,China,2015,SE.TER.ENRR,47.1192619330726
CHN,China,2014,SE.TER.ENRR,43.7110051016854
CHN,China,2013,SE.TER.ENRR,32.7191603158803
CHN,China,2012,SE.TER.ENRR,29.3081906903292
CHN,China,2011,SE.TER.ENRR,26.7875039907406
CHN,China,2010,SE.TER.ENRR,25.2883066277701
CHN,China,2009,SE.TER.ENRR,23.2886295318604
CHN,China,2008,SE.TER.ENRR,21.8667392730713
CHN,China,2007,SE.TER.ENRR,21.4715595245361
CHN,China,2006,SE.TER.ENRR,20.5667705535889
CHN,China,2005,SE.TER.ENRR,18.6565208435059
COL,Colombia,2022,SE.TER.ENRR,59.2901382446289
COL,Colombia,2021,SE.TER.ENRR,58.3159217834473
COL,Colombia,2020,SE.TER.ENRR,55.7331085205078
COL,Colombia,2019,SE.TER.ENRR,56.6663017272949
COL,Colombia,2018,SE.TER.ENRR,57.3205413818359
COL,Colombia,2017,SE.TER.ENRR,58.3960418701172
COL,Colombia,2016,SE.TER.ENRR,57.1437492370605
COL,Colombia,2015,SE.TER.ENRR,54.7961311340332
COL,Colombia,2014,SE.TER.ENRR,53.1794395446777
COL,Colombia,2013,SE.TER.ENRR,50.7474899291992
COL,Colombia,2012,SE.TER.ENRR,47.4669914245605
COL,Colombia,2011,SE.TER.ENRR,45.2873306274414
COL,Colombia,2010,SE.TER.ENRR,41.529670715332
COL,Colombia,2009,SE.TER.ENRR,39.5088005065918
COL,Colombia,2008,SE.TER.ENRR,37.9448013305664
COL,Colombia,2007,SE.TER.ENRR,35.4785308837891
COL,Colombia,2006,SE.TER.ENRR,34.3662109375
COL,Colombia,2005,SE.TER.ENRR,32.253978729248
COM,Comoros,2017,SE.TER.ENRR,18.8190281456697
COM,Comoros,2014,SE.TER.ENRR,9.5927242808028
COM,Comoros,2013,SE.TER.ENRR,9.13247966766357
COM,Comoros,2012,SE.TER.ENRR,10.5360636883691
COM,Comoros,2011,SE.TER.ENRR,9.48193229364778
COM,Comoros,2010,SE.TER.ENRR,7.90405216581276
COM,Comoros,2009,SE.TER.ENRR,6.19504022598267
COM,Comoros,2007,SE.TER.ENRR,4.39438009262085
COD,"Congo, Dem. Rep.",2020,SE.TER.ENRR,6.37987995147705
COD,"Congo, Dem. Rep.",2016,SE.TER.ENRR,5.9003701210022
COD,"Congo, Dem. Rep.",2013,SE.TER.ENRR,6.37279987335205
COD,"Congo, Dem. Rep.",2012,SE.TER.ENRR,7.63979005813599
COD,"Congo, Dem. Rep.",2011,SE.TER.ENRR,7.55883979797363
COD,"Congo, Dem. Rep.",2009,SE.TER.ENRR,6.261549949646
COD,"Congo, Dem. Rep.",2008,SE.TER.ENRR,5.27932977676392
COD,"Congo, Dem. Rep.",2007,SE.TER.ENRR,4.20303010940552
COD,"Congo, Dem. Rep.",2006,SE.TER.ENRR,4.20873022079468
COG,"Congo, Rep.",2023,SE.TER.ENRR,10.3812103271484
COG,"Congo, Rep.",2017,SE.TER.ENRR,12.1461896896362
COG,"Congo, Rep.",2013,SE.TER.ENRR,8.56632041931152
COG,"Congo, Rep.",2012,SE.TER.ENRR,9.09545040130615
COG,"Congo, Rep.",2011,SE.TER.ENRR,7.95887994766235
COG,"Congo, Rep.",2009,SE.TER.ENRR,5.87968015670776
CRI,Costa Rica,2019,SE.TER.ENRR,55.0202903747559
CRI,Costa Rica,2018,SE.TER.ENRR,52.6140899658203
CRI,Costa Rica,2017,SE.TER.ENRR,54.4492301940918
CRI,Costa Rica,2016,SE.TER.ENRR,51.6516418457031
CRI,Costa Rica,2015,SE.TER.ENRR,51.2845802307129
CRI,Costa Rica,2014,SE.TER.ENRR,50.3342781066895
CRI,Costa Rica,2013,SE.TER.ENRR,47.5057106018066
CRI,Costa Rica,2012,SE.TER.ENRR,46.6885414123535
CRI,Costa Rica,2011,SE.TER.ENRR,44.6711883544922
CIV,Cote d'Ivoire,2024,SE.TER.ENRR,12.3354902267456
CIV,Cote d'Ivoire,2023,SE.TER.ENRR,11.5724272130065
CIV,Cote d'Ivoire,2022,SE.TER.ENRR,11.1134926507622
CIV,Cote d'Ivoire,2021,SE.TER.ENRR,10.7725833415282
CIV,Cote d'Ivoire,2020,SE.TER.ENRR,10.2664091345849
CIV,Cote d'Ivoire,2019,SE.TER.ENRR,10.3256981639741
CIV,Cote d'Ivoire,2017,SE.TER.ENRR,9.52488768872621
CIV,Cote d'Ivoire,2016,SE.TER.ENRR,8.89557845705252
CIV,Cote d'Ivoire,2015,SE.TER.ENRR,8.46433224598306
CIV,Cote d'Ivoire,2014,SE.TER.ENRR,7.73897659286671
CIV,Cote d'Ivoire,2013,SE.TER.ENRR,7.35426503598509
CIV,Cote d'Ivoire,2011,SE.TER.ENRR,2.92101759305363
CIV,Cote d'Ivoire,2010,SE.TER.ENRR,6.53099472386889
CIV,Cote d'Ivoire,2009,SE.TER.ENRR,7.18858003616333
CIV,Cote d'Ivoire,2008,SE.TER.ENRR,7.48366022109985
CIV,Cote d'Ivoire,2007,SE.TER.ENRR,7.9370698928833
HRV,Croatia,2023,SE.TER.ENRR,81.1775207519531
HRV,Croatia,2022,SE.TER.ENRR,80.7626724243164
HRV,Croatia,2021,SE.TER.ENRR,78.0067901611328
HRV,Croatia,2020,SE.TER.ENRR,74.738037109375
HRV,Croatia,2019,SE.TER.ENRR,74.0501174926758
HRV,Croatia,2018,SE.TER.ENRR,72.8625411987305
HRV,Croatia,2017,SE.TER.ENRR,71.3775863647461
HRV,Croatia,2016,SE.TER.ENRR,69.5889511108398
HRV,Croatia,2015,SE.TER.ENRR,68.4413986206055
HRV,Croatia,2014,SE.TER.ENRR,68.6392517089844
HRV,Croatia,2013,SE.TER.ENRR,66.7111129760742
HRV,Croatia,2012,SE.TER.ENRR,62.0256614685059
HRV,Croatia,2011,SE.TER.ENRR,59.3388595581055
HRV,Croatia,2010,SE.TER.ENRR,57.0685997009277
HRV,Croatia,2009,SE.TER.ENRR,51.9583015441895
HRV,Croatia,2008,SE.TER.ENRR,52.3514518737793
HRV,Croatia,2007,SE.TER.ENRR,50.530590057373
HRV,Croatia,2006,SE.TER.ENRR,48.5975112915039
HRV,Croatia,2005,SE.TER.ENRR,47.2947196960449
CUB,Cuba,2024,SE.TER.ENRR,43.1040700506779
CUB,Cuba,2023,SE.TER.ENRR,49.7285704304293
CUB,Cuba,2021,SE.TER.ENRR,51.8885571735926
CUB,Cuba,2020,SE.TER.ENRR,46.7357262964117
CUB,Cuba,2019,SE.TER.ENRR,44.7791807576091
CUB,Cuba,2018,SE.TER.ENRR,42.3506387045364
CUB,Cuba,2017,SE.TER.ENRR,41.1702416547293
CUB,Cuba,2016,SE.TER.ENRR,35.0523986816406
CUB,Cuba,2015,SE.TER.ENRR,36.7510276842099
CUB,Cuba,2014,SE.TER.ENRR,40.8057214253261
CUB,Cuba,2013,SE.TER.ENRR,47.9938388668246
CUB,Cuba,2012,SE.TER.ENRR,61.3519866952141
CUB,Cuba,2011,SE.TER.ENRR,78.4791611574931
CUB,Cuba,2010,SE.TER.ENRR,93.544739814446
CUB,Cuba,2009,SE.TER.ENRR,113.827087402344
CUB,Cuba,2008,SE.TER.ENRR,117.163070678711
CUB,Cuba,2007,SE.TER.ENRR,105.017448425293
CUB,Cuba,2006,SE.TER.ENRR,84.7447280883789
CUB,Cuba,2005,SE.TER.ENRR,60.115119934082
CUW,Curacao,2013,SE.TER.ENRR,23.0842005676443
CYP,Cyprus,2024,SE.TER.ENRR,120.87727355957
CYP,Cyprus,2023,SE.TER.ENRR,107.26212310791
CYP,Cyprus,2022,SE.TER.ENRR,105.384979248047
CYP,Cyprus,2021,SE.TER.ENRR,106.362930297852
CYP,Cyprus,2020,SE.TER.ENRR,102.390762329102
CYP,Cyprus,2019,SE.TER.ENRR,93.9260711669922
CYP,Cyprus,2018,SE.TER.ENRR,86.5899276733398
CYP,Cyprus,2017,SE.TER.ENRR,79.827522277832
CYP,Cyprus,2016,SE.TER.ENRR,68.3754730224609
CYP,Cyprus,2015,SE.TER.ENRR,59.8640594482422
CYP,Cyprus,2014,SE.TER.ENRR,52.1083793640137
CYP,Cyprus,2013,SE.TER.ENRR,47.470890045166
CYP,Cyprus,2012,SE.TER.ENRR,45.8635902404785
CYP,Cyprus,2011,SE.TER.ENRR,46.5397300720215
CYP,Cyprus,2010,SE.TER.ENRR,48.311580657959
CYP,Cyprus,2009,SE.TER.ENRR,47.6964492797852
CYP,Cyprus,2008,SE.TER.ENRR,40.8491706848145
CYP,Cyprus,2007,SE.TER.ENRR,36.2316017150879
CYP,Cyprus,2006,SE.TER.ENRR,34.3019485473633
CYP,Cyprus,2005,SE.TER.ENRR,34.102180480957
CZE,Czechia,2023,SE.TER.ENRR,66.7282867431641
CZE,Czechia,2022,SE.TER.ENRR,70.8145904541016
CZE,Czechia,2021,SE.TER.ENRR,69.8369293212891
CZE,Czechia,2020,SE.TER.ENRR,67.1843719482422
CZE,Czechia,2019,SE.TER.ENRR,66.8802185058594
CZE,Czechia,2018,SE.TER.ENRR,66.7902221679688
CZE,Czechia,2017,SE.TER.ENRR,67.7142181396484
CZE,Czechia,2016,SE.TER.ENRR,67.5056381225586
CZE,Czechia,2015,SE.TER.ENRR,67.2303619384766
CZE,Czechia,2014,SE.TER.ENRR,67.3959732055664
CZE,Czechia,2013,SE.TER.ENRR,66.3243179321289
CZE,Czechia,2012,SE.TER.ENRR,66.9287719726562
CZE,Czechia,2011,SE.TER.ENRR,66.7968215942383
CZE,Czechia,2010,SE.TER.ENRR,64.9327697753906
CZE,Czechia,2009,SE.TER.ENRR,61.4115715026855
CZE,Czechia,2008,SE.TER.ENRR,57.9171714782715
CZE,Czechia,2007,SE.TER.ENRR,54.1809005737305
CZE,Czechia,2006,SE.TER.ENRR,49.8811302185059
CZE,Czechia,2005,SE.TER.ENRR,49.1181411743164
DNK,Denmark,2024,SE.TER.ENRR,78.9604110717773
DNK,Denmark,2023,SE.TER.ENRR,81.2308197021484
DNK,Denmark,2022,SE.TER.ENRR,84.5866088867188
DNK,Denmark,2021,SE.TER.ENRR,83.982292175293
DNK,Denmark,2020,SE.TER.ENRR,82.6643295288086
DNK,Denmark,2019,SE.TER.ENRR,81.6945877075195
DNK,Denmark,2018,SE.TER.ENRR,81.1405487060547
DNK,Denmark,2017,SE.TER.ENRR,81.3220062255859
DNK,Denmark,2016,SE.TER.ENRR,82.1714935302734
DNK,Denmark,2015,SE.TER.ENRR,83.300407409668
DNK,Denmark,2014,SE.TER.ENRR,81.3143615722656
DNK,Denmark,2013,SE.TER.ENRR,80.4186782836914
DNK,Denmark,2012,SE.TER.ENRR,77.7465515136719
DNK,Denmark,2011,SE.TER.ENRR,75.9300231933594
DNK,Denmark,2010,SE.TER.ENRR,72.4951477050781
DNK,Denmark,2009,SE.TER.ENRR,73.1106262207031
DNK,Denmark,2008,SE.TER.ENRR,74.8606262207031
DNK,Denmark,2007,SE.TER.ENRR,78.243293762207
DNK,Denmark,2006,SE.TER.ENRR,78.5057678222656
DNK,Denmark,2005,SE.TER.ENRR,80.8124618530273
DJI,Djibouti,2011,SE.TER.ENRR,5.16012001037598
DJI,Djibouti,2010,SE.TER.ENRR,3.61855006217956
DJI,Djibouti,2009,SE.TER.ENRR,3.63386988639831
DJI,Djibouti,2008,SE.TER.ENRR,2.89696002006531
DJI,Djibouti,2007,SE.TER.ENRR,2.70820999145508
DJI,Djibouti,2006,SE.TER.ENRR,2.43639993667602
DJI,Djibouti,2005,SE.TER.ENRR,2.15187001228333
DOM,Dominican Republic,2024,SE.TER.ENRR,57.6509476207267
DOM,Dominican Republic,2023,SE.TER.ENRR,58.2428049803824
DOM,Dominican Republic,2022,SE.TER.ENRR,55.1665311527454
DOM,Dominican Republic,2021,SE.TER.ENRR,56.4690832383051
DOM,Dominican Republic,2020,SE.TER.ENRR,58.7264105314523
DOM,Dominican Republic,2017,SE.TER.ENRR,59.9155940980465
DOM,Dominican Republic,2016,SE.TER.ENRR,54.498998211862
DOM,Dominican Republic,2015,SE.TER.ENRR,51.7471143700009
DOM,Dominican Republic,2014,SE.TER.ENRR,49.3192689674723
DOM,Dominican Republic,2012,SE.TER.ENRR,48.6290038507636
ECU,Ecuador,2023,SE.TER.ENRR,67.8851161961618
ECU,Ecuador,2022,SE.TER.ENRR,59.879782344866
ECU,Ecuador,2020,SE.TER.ENRR,56.9066311483682
ECU,Ecuador,2019,SE.TER.ENRR,47.2627814012203
ECU,Ecuador,2018,SE.TER.ENRR,47.3311832253279
ECU,Ecuador,2015,SE.TER.ENRR,44.5371492743653
ECU,Ecuador,2013,SE.TER.ENRR,39.7734405802353
ECU,Ecuador,2012,SE.TER.ENRR,39.2524690384971
ECU,Ecuador,2008,SE.TER.ENRR,38.1871795654297
EGY,"Egypt, Arab Rep.",2025,SE.TER.ENRR,38.0398346509947
EGY,"Egypt, Arab Rep.",2024,SE.TER.ENRR,37.5781274463676
EGY,"Egypt, Arab Rep.",2023,SE.TER.ENRR,37.9005584716797
EGY,"Egypt, Arab Rep.",2022,SE.TER.ENRR,36.462230682373
EGY,"Egypt, Arab Rep.",2021,SE.TER.ENRR,35.1185317783157
EGY,"Egypt, Arab Rep.",2020,SE.TER.ENRR,38.773998260498
EGY,"Egypt, Arab Rep.",2019,SE.TER.ENRR,33.622825887244
EGY,"Egypt, Arab Rep.",2018,SE.TER.ENRR,36.1230010986328
EGY,"Egypt, Arab Rep.",2017,SE.TER.ENRR,33.1018892935221
EGY,"Egypt, Arab Rep.",2016,SE.TER.ENRR,31.8731307983398
EGY,"Egypt, Arab Rep.",2015,SE.TER.ENRR,32.8848991394043
EGY,"Egypt, Arab Rep.",2014,SE.TER.ENRR,29.1134325604942
EGY,"Egypt, Arab Rep.",2013,SE.TER.ENRR,28.3479816954113
EGY,"Egypt, Arab Rep.",2012,SE.TER.ENRR,26.2271566255146
EGY,"Egypt, Arab Rep.",2011,SE.TER.ENRR,25.5901820932158
EGY,"Egypt, Arab Rep.",2010,SE.TER.ENRR,30.0727383660214
EGY,"Egypt, Arab Rep.",2009,SE.TER.ENRR,29.2693099975586
EGY,"Egypt, Arab Rep.",2008,SE.TER.ENRR,28.6861095428467
EGY,"Egypt, Arab Rep.",2007,SE.TER.ENRR,28.8399200439453
EGY,"Egypt, Arab Rep.",2006,SE.TER.ENRR,28.3695907592773
EGY,"Egypt, Arab Rep.",2005,SE.TER.ENRR,28.4127006530762
SLV,El Salvador,2024,SE.TER.ENRR,32.8347079463918
SLV,El Salvador,2023,SE.TER.ENRR,32.3802636612661
SLV,El Salvador,2022,SE.TER.ENRR,31.4538910186841
SLV,El Salvador,2021,SE.TER.ENRR,30.3043325211094
SLV,El Salvador,2020,SE.TER.ENRR,30.9986370324013
SLV,El Salvador,2019,SE.TER.ENRR,28.5178063545936
SLV,El Salvador,2018,SE.TER.ENRR,28.194336537252
SLV,El Salvador,2017,SE.TER.ENRR,27.6409104549006
SLV,El Salvador,2016,SE.TER.ENRR,27.1794802471695
SLV,El Salvador,2015,SE.TER.ENRR,27.3929262374809
SLV,El Salvador,2014,SE.TER.ENRR,27.5441027812368
SLV,El Salvador,2013,SE.TER.ENRR,28.2731299038736
SLV,El Salvador,2012,SE.TER.ENRR,28.0979076272602
SLV,El Salvador,2011,SE.TER.ENRR,27.32486420544
SLV,El Salvador,2010,SE.TER.ENRR,26.3151708858206
SLV,El Salvador,2009,SE.TER.ENRR,25.9216804504394
SLV,El Salvador,2008,SE.TER.ENRR,25.5441799163818
SLV,El Salvador,2007,SE.TER.ENRR,24.743709564209
SLV,El Salvador,2006,SE.TER.ENRR,23.2541999816894
SLV,El Salvador,2005,SE.TER.ENRR,22.4542694091797
ERI,Eritrea,2016,SE.TER.ENRR,3.20262002944946
ERI,Eritrea,2015,SE.TER.ENRR,3.51574993133545
ERI,Eritrea,2014,SE.TER.ENRR,4.12871980667114
ERI,Eritrea,2010,SE.TER.ENRR,4.35516023635864
ERI,Eritrea,2009,SE.TER.ENRR,3.67761993408203
EST,Estonia,2024,SE.TER.ENRR,65.6692276000977
EST,Estonia,2023,SE.TER.ENRR,67.6179275512695
EST,Estonia,2022,SE.TER.ENRR,71.4251937866211
EST,Estonia,2021,SE.TER.ENRR,73.1502075195312
EST,Estonia,2020,SE.TER.ENRR,72.0443572998047
EST,Estonia,2019,SE.TER.ENRR,72.7060317993164
EST,Estonia,2018,SE.TER.ENRR,72.0659637451172
EST,Estonia,2017,SE.TER.ENRR,72.1369781494141
EST,Estonia,2016,SE.TER.ENRR,73.0334320068359
EST,Estonia,2015,SE.TER.ENRR,74.5832824707031
EST,Estonia,2014,SE.TER.ENRR,76.2024536132812
EST,Estonia,2013,SE.TER.ENRR,75.4523162841797
EST,Estonia,2012,SE.TER.ENRR,72.9364700317383
EST,Estonia,2011,SE.TER.ENRR,71.0235290527344
EST,Estonia,2010,SE.TER.ENRR,68.7101593017578
EST,Estonia,2009,SE.TER.ENRR,67.8494186401367
EST,Estonia,2008,SE.TER.ENRR,67.8356094360352
EST,Estonia,2007,SE.TER.ENRR,68.8220596313477
EST,Estonia,2006,SE.TER.ENRR,68.7950820922852
EST,Estonia,2005,SE.TER.ENRR,67.9843521118164
SWZ,Eswatini,2013,SE.TER.ENRR,6.43545771863543
SWZ,Eswatini,2011,SE.TER.ENRR,7.02840092827937
SWZ,Eswatini,2006,SE.TER.ENRR,4.6042799949646
SWZ,Eswatini,2005,SE.TER.ENRR,4.7824501991272
ETH,Ethiopia,2014,SE.TER.ENRR,5.9192507771213
ETH,Ethiopia,2012,SE.TER.ENRR,7.62416982650757
ETH,Ethiopia,2011,SE.TER.ENRR,7.27566003799438
ETH,Ethiopia,2010,SE.TER.ENRR,6.96482992172241
ETH,Ethiopia,2009,SE.TER.ENRR,5.09216022491455
ETH,Ethiopia,2008,SE.TER.ENRR,3.53211998939514
ETH,Ethiopia,2005,SE.TER.ENRR,2.94167995452881
FJI,Fiji,2024,SE.TER.ENRR,75.0089752283697
FJI,Fiji,2023,SE.TER.ENRR,60.9679066767014
FJI,Fiji,2022,SE.TER.ENRR,68.7794855157684
FJI,Fiji,2021,SE.TER.ENRR,76.7030156165859
FJI,Fiji,2020,SE.TER.ENRR,83.7613654490349
FJI,Fiji,2019,SE.TER.ENRR,77.5562006170027
FJI,Fiji,2018,SE.TER.ENRR,79.1464225438552
FJI,Fiji,2017,SE.TER.ENRR,82.343551650893
FJI,Fiji,2016,SE.TER.ENRR,77.5601234063116
FJI,Fiji,2015,SE.TER.ENRR,68.4167953525995
FJI,Fiji,2014,SE.TER.ENRR,69.4327641990718
FJI,Fiji,2005,SE.TER.ENRR,14.4559001922607
FIN,Finland,2024,SE.TER.ENRR,110.304496765137
FIN,Finland,2023,SE.TER.ENRR,108.130409240723
FIN,Finland,2022,SE.TER.ENRR,104.944221496582
FIN,Finland,2021,SE.TER.ENRR,100.868072509766
FIN,Finland,2020,SE.TER.ENRR,96.4726333618164
FIN,Finland,2019,SE.TER.ENRR,94.5891189575195
FIN,Finland,2018,SE.TER.ENRR,92.3850021362305
FIN,Finland,2017,SE.TER.ENRR,90.6983871459961
FIN,Finland,2016,SE.TER.ENRR,89.3280029296875
FIN,Finland,2015,SE.TER.ENRR,89.6573791503906
FIN,Finland,2014,SE.TER.ENRR,89.9938812255859
FIN,Finland,2013,SE.TER.ENRR,91.2365264892578
FIN,Finland,2012,SE.TER.ENRR,91.5533828735352
FIN,Finland,2011,SE.TER.ENRR,93.2884292602539
FIN,Finland,2010,SE.TER.ENRR,93.1867599487305
FIN,Finland,2009,SE.TER.ENRR,92.0154724121094
FIN,Finland,2008,SE.TER.ENRR,95.8668518066406
FIN,Finland,2007,SE.TER.ENRR,95.0834808349609
FIN,Finland,2006,SE.TER.ENRR,93.4309921264648
FIN,Finland,2005,SE.TER.ENRR,91.9409408569336
FRA,France,2024,SE.TER.ENRR,71.5346908569336
FRA,France,2023,SE.TER.ENRR,70.4536437988281
FRA,France,2022,SE.TER.ENRR,71.5107269287109
FRA,France,2021,SE.TER.ENRR,69.9397888183594
FRA,France,2020,SE.TER.ENRR,68.8709411621094
FRA,France,2019,SE.TER.ENRR,67.7331314086914
FRA,France,2018,SE.TER.ENRR,67.5435180664062
FRA,France,2017,SE.TER.ENRR,65.8022308349609
FRA,France,2016,SE.TER.ENRR,64.7276763916016
FRA,France,2015,SE.TER.ENRR,62.7859306335449
FRA,France,2014,SE.TER.ENRR,61.5104789733887
FRA,France,2013,SE.TER.ENRR,59.8487586975098
FRA,France,2012,SE.TER.ENRR,57.9090118408203
FRA,France,2011,SE.TER.ENRR,55.6257286071777
FRA,France,2010,SE.TER.ENRR,54.881721496582
FRA,France,2009,SE.TER.ENRR,52.7731018066406
FRA,France,2008,SE.TER.ENRR,52.4755210876465
FRA,France,2007,SE.TER.ENRR,52.9475402832031
FRA,France,2006,SE.TER.ENRR,53.8754196166992
FRA,France,2005,SE.TER.ENRR,53.8823318481445
GMB,"Gambia, The",2024,SE.TER.ENRR,13.4765901565552
GMB,"Gambia, The",2012,SE.TER.ENRR,1.18089454395552
GMB,"Gambia, The",2011,SE.TER.ENRR,2.79681586845883
GMB,"Gambia, The",2010,SE.TER.ENRR,1.79782111896994
GEO,Georgia,2025,SE.TER.ENRR,89.4861221313477
GEO,Georgia,2023,SE.TER.ENRR,78.2652247393707
GEO,Georgia,2022,SE.TER.ENRR,79.3253367493498
GEO,Georgia,2021,SE.TER.ENRR,77.2303110681266
GEO,Georgia,2020,SE.TER.ENRR,71.8064531290391
GEO,Georgia,2019,SE.TER.ENRR,69.6463934713126
GEO,Georgia,2018,SE.TER.ENRR,66.747813990461
GEO,Georgia,2017,SE.TER.ENRR,63.535040959252
GEO,Georgia,2016,SE.TER.ENRR,58.1988080034057
GEO,Georgia,2015,SE.TER.ENRR,51.9050659422441
GEO,Georgia,2014,SE.TER.ENRR,46.3290537874173
GEO,Georgia,2013,SE.TER.ENRR,40.5870663959566
GEO,Georgia,2012,SE.TER.ENRR,33.6164699594408
GEO,Georgia,2011,SE.TER.ENRR,35.9205541584628
GEO,Georgia,2010,SE.TER.ENRR,32.7360912804725
GEO,Georgia,2009,SE.TER.ENRR,28.6668605804443
GEO,Georgia,2008,SE.TER.ENRR,38.640739440918
GEO,Georgia,2007,SE.TER.ENRR,41.5539588928223
GEO,Georgia,2006,SE.TER.ENRR,42.33203125
GEO,Georgia,2005,SE.TER.ENRR,49.7896995544434
DEU,Germany,2024,SE.TER.ENRR,76.7096862792969
DEU,Germany,2023,SE.TER.ENRR,78.5947494506836
DEU,Germany,2022,SE.TER.ENRR,77.3656997680664
DEU,Germany,2021,SE.TER.ENRR,75.6655426025391
DEU,Germany,2020,SE.TER.ENRR,72.3894195556641
DEU,Germany,2019,SE.TER.ENRR,72.705078125
DEU,Germany,2018,SE.TER.ENRR,69.1634292602539
DEU,Germany,2017,SE.TER.ENRR,68.4692306518555
DEU,Germany,2016,SE.TER.ENRR,67.9464111328125
DEU,Germany,2015,SE.TER.ENRR,68.23291015625
DEU,Germany,2014,SE.TER.ENRR,65.1844787597656
DEU,Germany,2013,SE.TER.ENRR,60.8984489440918
GHA,Ghana,2024,SE.TER.ENRR,21.330810546875
GHA,Ghana,2023,SE.TER.ENRR,22.0958254757285
GHA,Ghana,2022,SE.TER.ENRR,20.44559258931
GHA,Ghana,2021,SE.TER.ENRR,19.2005186528071
GHA,Ghana,2020,SE.TER.ENRR,18.6139938594155
GHA,Ghana,2019,SE.TER.ENRR,17.3607250095097
GHA,Ghana,2018,SE.TER.ENRR,15.9045597520982
GHA,Ghana,2017,SE.TER.ENRR,16.2065694246062
GHA,Ghana,2016,SE.TER.ENRR,15.606270735823
GHA,Ghana,2015,SE.TER.ENRR,15.5618871637579
GHA,Ghana,2014,SE.TER.ENRR,15.0809451652103
GHA,Ghana,2013,SE.TER.ENRR,13.4205396326832
GHA,Ghana,2012,SE.TER.ENRR,11.4938894891938
GHA,Ghana,2011,SE.TER.ENRR,11.2824466895305
GHA,Ghana,2009,SE.TER.ENRR,8.29780006408691
GHA,Ghana,2008,SE.TER.ENRR,7.91365003585815
GHA,Ghana,2007,SE.TER.ENRR,5.92381000518799
GHA,Ghana,2006,SE.TER.ENRR,4.7728099822998
GHA,Ghana,2005,SE.TER.ENRR,5.35099983215332
GRC,Greece,2023,SE.TER.ENRR,165.113418579102
GRC,Greece,2022,SE.TER.ENRR,166.389556884766
GRC,Greece,2021,SE.TER.ENRR,150.605484008789
GRC,Greece,2020,SE.TER.ENRR,143.693344116211
GRC,Greece,2019,SE.TER.ENRR,143.96272277832
GRC,Greece,2018,SE.TER.ENRR,140.950317382812
GRC,Greece,2017,SE.TER.ENRR,135.333923339844
GRC,Greece,2016,SE.TER.ENRR,131.403213500977
GRC,Greece,2014,SE.TER.ENRR,119.104209899902
GRC,Greece,2013,SE.TER.ENRR,112.705833435059
GRC,Greece,2012,SE.TER.ENRR,110.122978210449
GRC,Greece,2011,SE.TER.ENRR,105.812690734863
GRC,Greece,2010,SE.TER.ENRR,101.694053649902
GRC,Greece,2007,SE.TER.ENRR,90.5404281616211
GRC,Greece,2006,SE.TER.ENRR,95.0775375366211
GRC,Greece,2005,SE.TER.ENRR,90.3474731445312
GRD,Grenada,2018,SE.TER.ENRR,99.9891967773438
GRD,Grenada,2017,SE.TER.ENRR,98.6993408203125
GRD,Grenada,2016,SE.TER.ENRR,96.7951431274414
GRD,Grenada,2015,SE.TER.ENRR,96.7931289672852
GRD,Grenada,2009,SE.TER.ENRR,56.8550796508789
GTM,Guatemala,2023,SE.TER.ENRR,27.2948879201171
GTM,Guatemala,2019,SE.TER.ENRR,22.559501429793
GTM,Guatemala,2015,SE.TER.ENRR,21.9573684260954
GTM,Guatemala,2014,SE.TER.ENRR,18.255292159465
GTM,Guatemala,2013,SE.TER.ENRR,19.5737030720879
GTM,Guatemala,2012,SE.TER.ENRR,16.8753678874298
GTM,Guatemala,2011,SE.TER.ENRR,16.4344375204985
GTM,Guatemala,2010,SE.TER.ENRR,15.752311204905
GTM,Guatemala,2009,SE.TER.ENRR,15.0972604751587
GTM,Guatemala,2007,SE.TER.ENRR,17.2977504730225
GIN,Guinea,2014,SE.TER.ENRR,10.8547201156616
GIN,Guinea,2013,SE.TER.ENRR,10.4364004135132
GIN,Guinea,2012,SE.TER.ENRR,10.0085697174072
GIN,Guinea,2011,SE.TER.ENRR,10.6184597015381
GIN,Guinea,2010,SE.TER.ENRR,10.5439796447754
GIN,Guinea,2009,SE.TER.ENRR,9.34879016876221
GIN,Guinea,2008,SE.TER.ENRR,9.32559967041016
GIN,Guinea,2007,SE.TER.ENRR,8.27204990386963
GIN,Guinea,2006,SE.TER.ENRR,5.37415981292725
GIN,Guinea,2005,SE.TER.ENRR,3.08171010017395
GNB,Guinea-Bissau,2006,SE.TER.ENRR,2.62031006813049
GNB,Guinea-Bissau,2005,SE.TER.ENRR,2.26420998573303
GUY,Guyana,2024,SE.TER.ENRR,26.4315792489043
GUY,Guyana,2023,SE.TER.ENRR,25.1520757996244
GUY,Guyana,2012,SE.TER.ENRR,11.7027597427368
GUY,Guyana,2011,SE.TER.ENRR,11.2686901092529
GUY,Guyana,2010,SE.TER.ENRR,10.9517002105713
GUY,Guyana,2009,SE.TER.ENRR,10.0790901184082
GUY,Guyana,2008,SE.TER.ENRR,10.6148700714111
GUY,Guyana,2007,SE.TER.ENRR,11.1278600692749
GUY,Guyana,2006,SE.TER.ENRR,10.9942598342896
GUY,Guyana,2005,SE.TER.ENRR,10.8724203109741
HND,Honduras,2024,SE.TER.ENRR,23.3177890777588
HND,Honduras,2019,SE.TER.ENRR,25.3231382609304
HND,Honduras,2018,SE.TER.ENRR,26.3838242053705
HND,Honduras,2017,SE.TER.ENRR,24.5585599156436
HND,Honduras,2016,SE.TER.ENRR,21.0025442228384
HND,Honduras,2015,SE.TER.ENRR,20.3152639116671
HND,Honduras,2014,SE.TER.ENRR,19.7241865242748
HND,Honduras,2013,SE.TER.ENRR,19.4476759264062
HND,Honduras,2012,SE.TER.ENRR,18.9442917508647
HND,Honduras,2010,SE.TER.ENRR,19.2757550175649
HND,Honduras,2008,SE.TER.ENRR,17.5304298400879
HKG,"Hong Kong SAR, China",2024,SE.TER.ENRR,120.08978583196
HKG,"Hong Kong SAR, China",2023,SE.TER.ENRR,105.461738484398
HKG,"Hong Kong SAR, China",2022,SE.TER.ENRR,100.776315789474
HKG,"Hong Kong SAR, China",2021,SE.TER.ENRR,97.3813269493844
HKG,"Hong Kong SAR, China",2020,SE.TER.ENRR,89.9479038224414
HKG,"Hong Kong SAR, China",2019,SE.TER.ENRR,83.8542119335773
HKG,"Hong Kong SAR, China",2018,SE.TER.ENRR,78.2463196011546
HKG,"Hong Kong SAR, China",2017,SE.TER.ENRR,72.9228515909643
HKG,"Hong Kong SAR, China",2016,SE.TER.ENRR,70.3316379391101
HKG,"Hong Kong SAR, China",2015,SE.TER.ENRR,68.7008718656545
HKG,"Hong Kong SAR, China",2014,SE.TER.ENRR,69.6881506285714
HKG,"Hong Kong SAR, China",2013,SE.TER.ENRR,68.0858986854034
HKG,"Hong Kong SAR, China",2012,SE.TER.ENRR,60.9527896995708
HKG,"Hong Kong SAR, China",2011,SE.TER.ENRR,60.2208370436331
HKG,"Hong Kong SAR, China",2010,SE.TER.ENRR,59.0325529542921
HKG,"Hong Kong SAR, China",2009,SE.TER.ENRR,56.5805511474609
HKG,"Hong Kong SAR, China",2008,SE.TER.ENRR,55.8018608093262
HKG,"Hong Kong SAR, China",2007,SE.TER.ENRR,42.6142997741699
HKG,"Hong Kong SAR, China",2006,SE.TER.ENRR,33.7220993041992
HKG,"Hong Kong SAR, China",2005,SE.TER.ENRR,32.9854888916016
HUN,Hungary,2024,SE.TER.ENRR,60.5168685913086
HUN,Hungary,2023,SE.TER.ENRR,56.5924415588379
HUN,Hungary,2022,SE.TER.ENRR,60.2746810913086
HUN,Hungary,2021,SE.TER.ENRR,58.6536102294922
HUN,Hungary,2020,SE.TER.ENRR,56.6071815490723
HUN,Hungary,2019,SE.TER.ENRR,54.2122917175293
HUN,Hungary,2018,SE.TER.ENRR,52.5629386901855
HUN,Hungary,2017,SE.TER.ENRR,51.3840599060059
HUN,Hungary,2016,SE.TER.ENRR,50.7361488342285
HUN,Hungary,2015,SE.TER.ENRR,50.9797401428223
HUN,Hungary,2014,SE.TER.ENRR,53.4245910644531
HUN,Hungary,2013,SE.TER.ENRR,57.5212211608887
HUN,Hungary,2012,SE.TER.ENRR,60.6758003234863
HUN,Hungary,2011,SE.TER.ENRR,59.9984893798828
HUN,Hungary,2010,SE.TER.ENRR,60.7487602233887
HUN,Hungary,2009,SE.TER.ENRR,61.9771690368652
HUN,Hungary,2008,SE.TER.ENRR,63.9738388061523
HUN,Hungary,2007,SE.TER.ENRR,66.2652969360352
HUN,Hungary,2006,SE.TER.ENRR,66.3986663818359
HUN,Hungary,2005,SE.TER.ENRR,64.9774017333984
ISL,Iceland,2023,SE.TER.ENRR,76.5200729370117
ISL,Iceland,2022,SE.TER.ENRR,84.985237121582
ISL,Iceland,2021,SE.TER.ENRR,86.5232086181641
ISL,Iceland,2020,SE.TER.ENRR,74.5906066894531
ISL,Iceland,2019,SE.TER.ENRR,70.6093521118164
ISL,Iceland,2018,SE.TER.ENRR,69.3402328491211
ISL,Iceland,2017,SE.TER.ENRR,71.3372497558594
ISL,Iceland,2016,SE.TER.ENRR,74.7006301879883
ISL,Iceland,2015,SE.TER.ENRR,75.6419982910156
ISL,Iceland,2014,SE.TER.ENRR,80.3950881958008
ISL,Iceland,2013,SE.TER.ENRR,78.3723907470703
ISL,Iceland,2012,SE.TER.ENRR,79.5824813842773
ISL,Iceland,2011,SE.TER.ENRR,79.9194183349609
ISL,Iceland,2010,SE.TER.ENRR,78.5030899047852
ISL,Iceland,2009,SE.TER.ENRR,72.4675521850586
ISL,Iceland,2008,SE.TER.ENRR,73.5754699707031
ISL,Iceland,2007,SE.TER.ENRR,73.1370162963867
ISL,Iceland,2006,SE.TER.ENRR,72.9682083129883
ISL,Iceland,2005,SE.TER.ENRR,69.8324279785156
IND,India,2025,SE.TER.ENRR,34.4465039692543
IND,India,2024,SE.TER.ENRR,34.4184659748952
IND,India,2023,SE.TER.ENRR,34.2394344991225
IND,India,2022,SE.TER.ENRR,32.6703053423023
IND,India,2021,SE.TER.ENRR,31.5741765984501
IND,India,2020,SE.TER.ENRR,29.8196397708424
IND,India,2019,SE.TER.ENRR,29.0233593907143
IND,India,2018,SE.TER.ENRR,28.5316865291946
IND,India,2017,SE.TER.ENRR,27.9090519049334
IND,India,2016,SE.TER.ENRR,27.3043573857643
IND,India,2015,SE.TER.ENRR,27.2845677075978
IND,India,2014,SE.TER.ENRR,25.991324706788
IND,India,2013,SE.TER.ENRR,24.390638443123
IND,India,2012,SE.TER.ENRR,24.9402082606779
IND,India,2011,SE.TER.ENRR,23.8253684220097
IND,India,2010,SE.TER.ENRR,18.6971831309683
IND,India,2009,SE.TER.ENRR,16.6775093078613
IND,India,2008,SE.TER.ENRR,15.6485204696655
IND,India,2007,SE.TER.ENRR,13.6564798355103
IND,India,2006,SE.TER.ENRR,11.9628095626831
IND,India,2005,SE.TER.ENRR,11.1277303695679
IDN,Indonesia,2023,SE.TER.ENRR,44.8813034886441
IDN,Indonesia,2022,SE.TER.ENRR,42.3260385456152
IDN,Indonesia,2021,SE.TER.ENRR,40.6293239880732
IDN,Indonesia,2020,SE.TER.ENRR,38.1650601406923
IDN,Indonesia,2019,SE.TER.ENRR,37.3230862728703
IDN,Indonesia,2018,SE.TER.ENRR,36.1494878042588
IDN,Indonesia,2017,SE.TER.ENRR,35.967012362631
IDN,Indonesia,2016,SE.TER.ENRR,34.8307173410877
IDN,Indonesia,2015,SE.TER.ENRR,32.4590200433758
IDN,Indonesia,2014,SE.TER.ENRR,29.9904910473273
IDN,Indonesia,2013,SE.TER.ENRR,29.894529174265
IDN,Indonesia,2012,SE.TER.ENRR,29.0425391195214
IDN,Indonesia,2011,SE.TER.ENRR,25.027444191823
IDN,Indonesia,2010,SE.TER.ENRR,23.4159086398462
IDN,Indonesia,2009,SE.TER.ENRR,22.6933307647705
IDN,Indonesia,2008,SE.TER.ENRR,20.5209503173828
IDN,Indonesia,2007,SE.TER.ENRR,17.5765991210938
IDN,Indonesia,2006,SE.TER.ENRR,16.767240524292
IDN,Indonesia,2005,SE.TER.ENRR,16.6967105865479
IRN,"Iran, Islamic Rep.",2022,SE.TER.ENRR,58.6838607788086
IRN,"Iran, Islamic Rep.",2021,SE.TER.ENRR,54.3051986694336
IRN,"Iran, Islamic Rep.",2020,SE.TER.ENRR,55.6366691589355
IRN,"Iran, Islamic Rep.",2019,SE.TER.ENRR,58.1169509887695
IRN,"Iran, Islamic Rep.",2018,SE.TER.ENRR,60.8611488342285
IRN,"Iran, Islamic Rep.",2017,SE.TER.ENRR,66.351448059082
IRN,"Iran, Islamic Rep.",2016,SE.TER.ENRR,67.9112319946289
IRN,"Iran, Islamic Rep.",2015,SE.TER.ENRR,70.6858520507812
IRN,"Iran, Islamic Rep.",2014,SE.TER.ENRR,64.4999084472656
IRN,"Iran, Islamic Rep.",2013,SE.TER.ENRR,56.4632682800293
IRN,"Iran, Islamic Rep.",2012,SE.TER.ENRR,53.9002494812012
IRN,"Iran, Islamic Rep.",2011,SE.TER.ENRR,48.0596084594727
IRN,"Iran, Islamic Rep.",2010,SE.TER.ENRR,42.5482215881348
IRN,"Iran, Islamic Rep.",2009,SE.TER.ENRR,36.4833183288574
IRN,"Iran, Islamic Rep.",2008,SE.TER.ENRR,36.1939392089844
IRN,"Iran, Islamic Rep.",2007,SE.TER.ENRR,29.8213806152344
IRN,"Iran, Islamic Rep.",2006,SE.TER.ENRR,25.3070392608643
IRN,"Iran, Islamic Rep.",2005,SE.TER.ENRR,22.6841907501221
IRQ,Iraq,2005,SE.TER.ENRR,15.5580997467041
IRL,Ireland,2022,SE.TER.ENRR,77.5933380126953
IRL,Ireland,2021,SE.TER.ENRR,78.4613265991211
IRL,Ireland,2020,SE.TER.ENRR,74.1961975097656
IRL,Ireland,2019,SE.TER.ENRR,74.444580078125
IRL,Ireland,2018,SE.TER.ENRR,76.7604675292969
IRL,Ireland,2017,SE.TER.ENRR,77.5191116333008
IRL,Ireland,2016,SE.TER.ENRR,77.5571365356445
IRL,Ireland,2015,SE.TER.ENRR,77.2321472167969
IRL,Ireland,2014,SE.TER.ENRR,73.813232421875
IRL,Ireland,2013,SE.TER.ENRR,71.6995468139648
IRL,Ireland,2012,SE.TER.ENRR,68.1972503662109
IRL,Ireland,2011,SE.TER.ENRR,67.7985916137695
IRL,Ireland,2010,SE.TER.ENRR,63.1264381408691
IRL,Ireland,2009,SE.TER.ENRR,56.503978729248
IRL,Ireland,2008,SE.TER.ENRR,54.0174713134766
IRL,Ireland,2007,SE.TER.ENRR,58.3019905090332
IRL,Ireland,2006,SE.TER.ENRR,58.4411811828613
IRL,Ireland,2005,SE.TER.ENRR,58.8693199157715
ISR,Israel,2024,SE.TER.ENRR,56.2561111450195
ISR,Israel,2023,SE.TER.ENRR,57.143440246582
ISR,Israel,2022,SE.TER.ENRR,58.9500617980957
ISR,Israel,2021,SE.TER.ENRR,60.2585487365723
ISR,Israel,2020,SE.TER.ENRR,57.633861541748
ISR,Israel,2019,SE.TER.ENRR,57.4564514160156
ISR,Israel,2018,SE.TER.ENRR,58.6109886169434
ISR,Israel,2017,SE.TER.ENRR,60.3434600830078
ISR,Israel,2016,SE.TER.ENRR,61.4426498413086
ISR,Israel,2015,SE.TER.ENRR,61.6271781921387
ISR,Israel,2014,SE.TER.ENRR,62.6224403381348
ISR,Israel,2013,SE.TER.ENRR,62.6519393920898
ISR,Israel,2012,SE.TER.ENRR,64.2354736328125
ISR,Israel,2011,SE.TER.ENRR,62.7604484558105
ISR,Israel,2010,SE.TER.ENRR,62.1285705566406
ISR,Israel,2009,SE.TER.ENRR,59.5300903320312
ISR,Israel,2008,SE.TER.ENRR,56.7789001464844
ISR,Israel,2007,SE.TER.ENRR,57.3098487854004
ISR,Israel,2006,SE.TER.ENRR,54.7331390380859
ISR,Israel,2005,SE.TER.ENRR,55.645191192627
ITA,Italy,2023,SE.TER.ENRR,75.9496536254883
ITA,Italy,2022,SE.TER.ENRR,73.8962097167969
ITA,Italy,2021,SE.TER.ENRR,71.2745208740234
ITA,Italy,2020,SE.TER.ENRR,68.7231063842773
ITA,Italy,2019,SE.TER.ENRR,65.6895065307617
ITA,Italy,2018,SE.TER.ENRR,64.4753265380859
ITA,Italy,2017,SE.TER.ENRR,62.69580078125
ITA,Italy,2016,SE.TER.ENRR,61.3571014404297
ITA,Italy,2015,SE.TER.ENRR,60.941291809082
ITA,Italy,2014,SE.TER.ENRR,60.8831481933594
ITA,Italy,2013,SE.TER.ENRR,60.8925285339355
ITA,Italy,2012,SE.TER.ENRR,62.3447418212891
ITA,Italy,2011,SE.TER.ENRR,64.2492523193359
ITA,Italy,2010,SE.TER.ENRR,65.3790435791016
ITA,Italy,2009,SE.TER.ENRR,66.9516296386719
ITA,Italy,2008,SE.TER.ENRR,67.5799865722656
ITA,Italy,2007,SE.TER.ENRR,68.8725967407227
ITA,Italy,2006,SE.TER.ENRR,67.2835083007812
ITA,Italy,2005,SE.TER.ENRR,65.3270263671875
JAM,Jamaica,2015,SE.TER.ENRR,26.2334142821948
JAM,Jamaica,2013,SE.TER.ENRR,25.6212147817614
JAM,Jamaica,2012,SE.TER.ENRR,27.0686781072538
JAM,Jamaica,2011,SE.TER.ENRR,24.7684625492773
JAM,Jamaica,2010,SE.TER.ENRR,25.3770890609495
JAM,Jamaica,2009,SE.TER.ENRR,22.2321395874023
JAM,Jamaica,2008,SE.TER.ENRR,22.3192901611328
JAM,Jamaica,2006,SE.TER.ENRR,17.2686595916748
JAM,Jamaica,2005,SE.TER.ENRR,17.27659034729
JPN,Japan,2023,SE.TER.ENRR,64.4907608032227
JPN,Japan,2022,SE.TER.ENRR,63.3752288818359
JPN,Japan,2021,SE.TER.ENRR,62.0412483215332
JPN,Japan,2020,SE.TER.ENRR,62.2987403869629
JPN,Japan,2019,SE.TER.ENRR,62.4008407592773
JPN,Japan,2018,SE.TER.ENRR,62.6058502197266
JPN,Japan,2017,SE.TER.ENRR,63.287540435791
JPN,Japan,2016,SE.TER.ENRR,62.4975395202637
JPN,Japan,2015,SE.TER.ENRR,62.4498481750488
JPN,Japan,2014,SE.TER.ENRR,62.8334884643555
JPN,Japan,2013,SE.TER.ENRR,62.6422691345215
JOR,Jordan,2024,SE.TER.ENRR,35.9184001120427
JOR,Jordan,2023,SE.TER.ENRR,33.0567036969523
JOR,Jordan,2022,SE.TER.ENRR,32.5119829829151
JOR,Jordan,2021,SE.TER.ENRR,30.451314266821
JOR,Jordan,2020,SE.TER.ENRR,30.2879665605319
JOR,Jordan,2019,SE.TER.ENRR,30.1108403894558
JOR,Jordan,2018,SE.TER.ENRR,31.5562985544301
JOR,Jordan,2017,SE.TER.ENRR,28.6210570991622
JOR,Jordan,2016,SE.TER.ENRR,34.0612635636995
JOR,Jordan,2015,SE.TER.ENRR,36.6284278762539
JOR,Jordan,2012,SE.TER.ENRR,43.9161464129347
JOR,Jordan,2011,SE.TER.ENRR,37.4216386327285
JOR,Jordan,2010,SE.TER.ENRR,37.7581337455828
JOR,Jordan,2009,SE.TER.ENRR,42.0630187988281
JOR,Jordan,2008,SE.TER.ENRR,41.3684692382812
JOR,Jordan,2007,SE.TER.ENRR,38.7338409423828
JOR,Jordan,2006,SE.TER.ENRR,37.8664016723633
JOR,Jordan,2005,SE.TER.ENRR,39.7074890136719
KAZ,Kazakhstan,2025,SE.TER.ENRR,52.8612860406142
KAZ,Kazakhstan,2024,SE.TER.ENRR,53.4564204414133
KAZ,Kazakhstan,2023,SE.TER.ENRR,54.6563982045582
KAZ,Kazakhstan,2022,SE.TER.ENRR,57.2459264222925
KAZ,Kazakhstan,2021,SE.TER.ENRR,59.3849415869809
KAZ,Kazakhstan,2020,SE.TER.ENRR,62.2921373672319
KAZ,Kazakhstan,2019,SE.TER.ENRR,57.3421123781351
KAZ,Kazakhstan,2018,SE.TER.ENRR,51.9662639587064
KAZ,Kazakhstan,2017,SE.TER.ENRR,49.9712092283595
KAZ,Kazakhstan,2016,SE.TER.ENRR,46.0492258820674
KAZ,Kazakhstan,2015,SE.TER.ENRR,48.3464575023644
KAZ,Kazakhstan,2014,SE.TER.ENRR,51.0877733655657
KAZ,Kazakhstan,2013,SE.TER.ENRR,45.8669276379862
KAZ,Kazakhstan,2012,SE.TER.ENRR,52.1525037230692
KAZ,Kazakhstan,2011,SE.TER.ENRR,50.4275094921369
KAZ,Kazakhstan,2010,SE.TER.ENRR,46.7229330476587
KAZ,Kazakhstan,2006,SE.TER.ENRR,54.5240592956543
KEN,Kenya,2024,SE.TER.ENRR,10.4185962462804
KEN,Kenya,2023,SE.TER.ENRR,8.67676730066979
KEN,Kenya,2019,SE.TER.ENRR,10.4975595474243
KEN,Kenya,2017,SE.TER.ENRR,11.8049232142021
KEN,Kenya,2016,SE.TER.ENRR,11.6347883294504
KEN,Kenya,2015,SE.TER.ENRR,9.25319496188721
KEN,Kenya,2009,SE.TER.ENRR,3.99230003356934
KEN,Kenya,2005,SE.TER.ENRR,3.00099992752075
KIR,Kiribati,2024,SE.TER.ENRR,4.96087980270386
PRK,"Korea, Dem. People's Rep.",2018,SE.TER.ENRR,26.7206192016602
PRK,"Korea, Dem. People's Rep.",2015,SE.TER.ENRR,27.9393501281738
PRK,"Korea, Dem. People's Rep.",2011,SE.TER.ENRR,29.8180599212646
PRK,"Korea, Dem. People's Rep.",2009,SE.TER.ENRR,30.1253795623779
KOR,"Korea, Rep.",2024,SE.TER.ENRR,111.853302001953
KOR,"Korea, Rep.",2023,SE.TER.ENRR,106.709167480469
KOR,"Korea, Rep.",2022,SE.TER.ENRR,102.813056945801
KOR,"Korea, Rep.",2021,SE.TER.ENRR,100.359878540039
KOR,"Korea, Rep.",2020,SE.TER.ENRR,96.8767700195312
KOR,"Korea, Rep.",2019,SE.TER.ENRR,93.9989166259766
KOR,"Korea, Rep.",2018,SE.TER.ENRR,93.3281784057617
KOR,"Korea, Rep.",2017,SE.TER.ENRR,93.7230224609375
KOR,"Korea, Rep.",2016,SE.TER.ENRR,93.6577224731445
KOR,"Korea, Rep.",2015,SE.TER.ENRR,93.9676513671875
KOR,"Korea, Rep.",2014,SE.TER.ENRR,94.4421691894531
KOR,"Korea, Rep.",2013,SE.TER.ENRR,96.3375015258789
KOR,"Korea, Rep.",2012,SE.TER.ENRR,98.286979675293
KOR,"Korea, Rep.",2011,SE.TER.ENRR,100.819679260254
KOR,"Korea, Rep.",2010,SE.TER.ENRR,101.673286437988
KOR,"Korea, Rep.",2009,SE.TER.ENRR,102.658447265625
KOR,"Korea, Rep.",2008,SE.TER.ENRR,103.136177062988
KOR,"Korea, Rep.",2007,SE.TER.ENRR,102.949272155762
KOR,"Korea, Rep.",2006,SE.TER.ENRR,99.9493103027344
KOR,"Korea, Rep.",2005,SE.TER.ENRR,95.3700103759766
KWT,Kuwait,2021,SE.TER.ENRR,51.8967176944636
KWT,Kuwait,2020,SE.TER.ENRR,53.731878917367
KWT,Kuwait,2019,SE.TER.ENRR,50.4400595299189
KWT,Kuwait,2018,SE.TER.ENRR,52.1066893601774
KWT,Kuwait,2017,SE.TER.ENRR,54.9159622359267
KWT,Kuwait,2016,SE.TER.ENRR,59.2213394214596
KWT,Kuwait,2015,SE.TER.ENRR,58.9434554973822
KWT,Kuwait,2014,SE.TER.ENRR,55.893130577116
KGZ,Kyrgyz Republic,2025,SE.TER.ENRR,53.8761747562613
KGZ,Kyrgyz Republic,2024,SE.TER.ENRR,53.1743590503791
KGZ,Kyrgyz Republic,2023,SE.TER.ENRR,53.588822099772
KGZ,Kyrgyz Republic,2022,SE.TER.ENRR,54.2184527097527
KGZ,Kyrgyz Republic,2021,SE.TER.ENRR,51.6239256637785
KGZ,Kyrgyz Republic,2020,SE.TER.ENRR,45.3327840830343
KGZ,Kyrgyz Republic,2019,SE.TER.ENRR,40.8257000638543
KGZ,Kyrgyz Republic,2018,SE.TER.ENRR,39.5679556504749
KGZ,Kyrgyz Republic,2017,SE.TER.ENRR,41.5760302696793
KGZ,Kyrgyz Republic,2016,SE.TER.ENRR,44.5886036787376
KGZ,Kyrgyz Republic,2015,SE.TER.ENRR,46.5495890237956
KGZ,Kyrgyz Republic,2014,SE.TER.ENRR,46.360320327803
KGZ,Kyrgyz Republic,2013,SE.TER.ENRR,48.5727890390198
KGZ,Kyrgyz Republic,2012,SE.TER.ENRR,45.2330629115781
KGZ,Kyrgyz Republic,2011,SE.TER.ENRR,42.4374714139813
KGZ,Kyrgyz Republic,2010,SE.TER.ENRR,42.2182042645436
KGZ,Kyrgyz Republic,2009,SE.TER.ENRR,43.4328689575195
KGZ,Kyrgyz Republic,2008,SE.TER.ENRR,45.5842208862305
KGZ,Kyrgyz Republic,2007,SE.TER.ENRR,41.4537391662598
KGZ,Kyrgyz Republic,2006,SE.TER.ENRR,41.6426811218262
KGZ,Kyrgyz Republic,2005,SE.TER.ENRR,40.615779876709
LAO,Lao PDR,2023,SE.TER.ENRR,14.8841695785522
LAO,Lao PDR,2022,SE.TER.ENRR,13.677811550152
LAO,Lao PDR,2021,SE.TER.ENRR,12.4396649191011
LAO,Lao PDR,2020,SE.TER.ENRR,12.561911777868
LAO,Lao PDR,2019,SE.TER.ENRR,13.7404020217342
LAO,Lao PDR,2018,SE.TER.ENRR,14.4969749098337
LAO,Lao PDR,2017,SE.TER.ENRR,15.4112577339384
LAO,Lao PDR,2016,SE.TER.ENRR,17.0880719461771
LAO,Lao PDR,2015,SE.TER.ENRR,18.1574846273063
LAO,Lao PDR,2014,SE.TER.ENRR,18.4954952643985
LAO,Lao PDR,2013,SE.TER.ENRR,18.9224448772621
LAO,Lao PDR,2012,SE.TER.ENRR,17.330766926856
LAO,Lao PDR,2011,SE.TER.ENRR,17.4954696423161
LAO,Lao PDR,2010,SE.TER.ENRR,16.6638298034668
LAO,Lao PDR,2009,SE.TER.ENRR,16.2123508453369
LAO,Lao PDR,2008,SE.TER.ENRR,13.0783004760742
LAO,Lao PDR,2007,SE.TER.ENRR,11.2626600265503
LAO,Lao PDR,2006,SE.TER.ENRR,8.78625965118408
LAO,Lao PDR,2005,SE.TER.ENRR,7.60128021240234
LVA,Latvia,2024,SE.TER.ENRR,82.917350769043
LVA,Latvia,2023,SE.TER.ENRR,85.7360610961914
LVA,Latvia,2022,SE.TER.ENRR,91.3303680419922
LVA,Latvia,2021,SE.TER.ENRR,93.4839324951172
LVA,Latvia,2020,SE.TER.ENRR,94.5108337402344
LVA,Latvia,2019,SE.TER.ENRR,94.8645324707031
LVA,Latvia,2018,SE.TER.ENRR,93.0244827270508
LVA,Latvia,2017,SE.TER.ENRR,88.0574264526367
LVA,Latvia,2016,SE.TER.ENRR,80.6048126220703
LVA,Latvia,2015,SE.TER.ENRR,74.2998809814453
LVA,Latvia,2014,SE.TER.ENRR,70.8979415893555
LVA,Latvia,2013,SE.TER.ENRR,69.0765991210938
LVA,Latvia,2012,SE.TER.ENRR,66.6435470581055
LVA,Latvia,2011,SE.TER.ENRR,67.9534683227539
LVA,Latvia,2010,SE.TER.ENRR,69.0510406494141
LVA,Latvia,2009,SE.TER.ENRR,73.0548934936523
LVA,Latvia,2008,SE.TER.ENRR,72.3635406494141
LVA,Latvia,2007,SE.TER.ENRR,73.0432968139648
LVA,Latvia,2006,SE.TER.ENRR,74.5965118408203
LVA,Latvia,2005,SE.TER.ENRR,75.4191970825195
LBN,Lebanon,2023,SE.TER.ENRR,54.4012561547071
LBN,Lebanon,2022,SE.TER.ENRR,58.1761149059991
LBN,Lebanon,2021,SE.TER.ENRR,56.8657861418168
LBN,Lebanon,2020,SE.TER.ENRR,51.5677337643942
LBN,Lebanon,2019,SE.TER.ENRR,50.1483937104215
LBN,Lebanon,2018,SE.TER.ENRR,47.2296269060678
LBN,Lebanon,2017,SE.TER.ENRR,44.1878772500135
LBN,Lebanon,2016,SE.TER.ENRR,42.5074771456909
LBN,Lebanon,2015,SE.TER.ENRR,39.2905242294107
LBN,Lebanon,2014,SE.TER.ENRR,42.9353408813477
LBN,Lebanon,2013,SE.TER.ENRR,48.3089213263461
LBN,Lebanon,2012,SE.TER.ENRR,44.9326117621184
LBN,Lebanon,2011,SE.TER.ENRR,45.5351218323996
LBN,Lebanon,2010,SE.TER.ENRR,42.1777031083244
LBN,Lebanon,2009,SE.TER.ENRR,41.8963890075684
LBN,Lebanon,2008,SE.TER.ENRR,41.7746200561523
LBN,Lebanon,2007,SE.TER.ENRR,40.4916915893555
LBN,Lebanon,2006,SE.TER.ENRR,38.105541229248
LBN,Lebanon,2005,SE.TER.ENRR,36.9155197143555
LSO,Lesotho,2018,SE.TER.ENRR,9.93844298033582
LSO,Lesotho,2017,SE.TER.ENRR,10.3130654092878
LSO,Lesotho,2015,SE.TER.ENRR,9.72517754374624
LSO,Lesotho,2014,SE.TER.ENRR,10.4168970963646
LSO,Lesotho,2013,SE.TER.ENRR,10.4558385996916
LSO,Lesotho,2012,SE.TER.ENRR,10.8528418132462
LSO,Lesotho,2006,SE.TER.ENRR,3.67536997795105
LSO,Lesotho,2005,SE.TER.ENRR,3.44801998138428
LBR,Liberia,2012,SE.TER.ENRR,10.838520055325
LBR,Liberia,2010,SE.TER.ENRR,9.00753004752703
LIE,Liechtenstein,2021,SE.TER.ENRR,46.0189590454102
LIE,Liechtenstein,2020,SE.TER.ENRR,42.5986099243164
LIE,Liechtenstein,2019,SE.TER.ENRR,41.1658401489258
LIE,Liechtenstein,2018,SE.TER.ENRR,38.3002700805664
LIE,Liechtenstein,2017,SE.TER.ENRR,35.6219291687012
LIE,Liechtenstein,2016,SE.TER.ENRR,35.0226211547852
LIE,Liechtenstein,2015,SE.TER.ENRR,33.5420417785645
LIE,Liechtenstein,2014,SE.TER.ENRR,37.4887084960938
LIE,Liechtenstein,2012,SE.TER.ENRR,42.4966812133789
LIE,Liechtenstein,2011,SE.TER.ENRR,43.6750984191895
LIE,Liechtenstein,2010,SE.TER.ENRR,36.018310546875
LIE,Liechtenstein,2009,SE.TER.ENRR,34.4922218322754
LIE,Liechtenstein,2008,SE.TER.ENRR,36.7309494018555
LIE,Liechtenstein,2007,SE.TER.ENRR,31.5962390899658
LIE,Liechtenstein,2006,SE.TER.ENRR,29.81715965271
LIE,Liechtenstein,2005,SE.TER.ENRR,24.4774703979492
LTU,Lithuania,2024,SE.TER.ENRR,75.6177368164062
LTU,Lithuania,2023,SE.TER.ENRR,77.0064163208008
LTU,Lithuania,2022,SE.TER.ENRR,76.9154586791992
LTU,Lithuania,2021,SE.TER.ENRR,75.0314712524414
LTU,Lithuania,2020,SE.TER.ENRR,73.5892868041992
LTU,Lithuania,2019,SE.TER.ENRR,75.0942306518555
LTU,Lithuania,2018,SE.TER.ENRR,77.3577728271484
LTU,Lithuania,2017,SE.TER.ENRR,76.5389785766602
LTU,Lithuania,2016,SE.TER.ENRR,74.0858306884766
LTU,Lithuania,2015,SE.TER.ENRR,72.1163330078125
LTU,Lithuania,2014,SE.TER.ENRR,72.034538269043
LTU,Lithuania,2013,SE.TER.ENRR,74.3968200683594
LTU,Lithuania,2012,SE.TER.ENRR,79.7516326904297
LTU,Lithuania,2011,SE.TER.ENRR,84.0555877685547
LTU,Lithuania,2010,SE.TER.ENRR,86.5725708007812
LTU,Lithuania,2009,SE.TER.ENRR,89.2521667480469
LTU,Lithuania,2008,SE.TER.ENRR,85.7450866699219
LTU,Lithuania,2007,SE.TER.ENRR,82.5158309936523
LTU,Lithuania,2006,SE.TER.ENRR,82.4531784057617
LTU,Lithuania,2005,SE.TER.ENRR,79.7298126220703
LUX,Luxembourg,2024,SE.TER.ENRR,22.4103698730469
LUX,Luxembourg,2023,SE.TER.ENRR,21.5371704101562
LUX,Luxembourg,2022,SE.TER.ENRR,21.032600402832
LUX,Luxembourg,2021,SE.TER.ENRR,20.7341499328613
LUX,Luxembourg,2020,SE.TER.ENRR,19.961389541626
LUX,Luxembourg,2019,SE.TER.ENRR,19.3969497680664
LUX,Luxembourg,2018,SE.TER.ENRR,19.3915195465088
LUX,Luxembourg,2017,SE.TER.ENRR,19.5990200042725
LUX,Luxembourg,2016,SE.TER.ENRR,19.9203605651856
LUX,Luxembourg,2015,SE.TER.ENRR,20.2907104492188
LUX,Luxembourg,2012,SE.TER.ENRR,19.117790222168
LUX,Luxembourg,2010,SE.TER.ENRR,18.2021293640137
LUX,Luxembourg,2008,SE.TER.ENRR,10.6716299057007
LUX,Luxembourg,2006,SE.TER.ENRR,9.85431003570557
MAC,"Macao SAR, China",2024,SE.TER.ENRR,141.864795918367
MAC,"Macao SAR, China",2023,SE.TER.ENRR,129.151041666667
MAC,"Macao SAR, China",2022,SE.TER.ENRR,116.232189973615
MAC,"Macao SAR, China",2021,SE.TER.ENRR,98.9696202531646
MAC,"Macao SAR, China",2020,SE.TER.ENRR,86.7956730769231
MAC,"Macao SAR, China",2019,SE.TER.ENRR,80.0911214953271
MAC,"Macao SAR, China",2018,SE.TER.ENRR,76.7935034802784
MAC,"Macao SAR, China",2017,SE.TER.ENRR,81.2655086848635
MAC,"Macao SAR, China",2016,SE.TER.ENRR,79.925
MAC,"Macao SAR, China",2015,SE.TER.ENRR,76.1658415841584
MAC,"Macao SAR, China",2014,SE.TER.ENRR,69.2981220657277
MAC,"Macao SAR, China",2013,SE.TER.ENRR,61.8619153674833
MAC,"Macao SAR, China",2012,SE.TER.ENRR,53.9347408829175
MAC,"Macao SAR, China",2011,SE.TER.ENRR,70.3462105845473
MAC,"Macao SAR, China",2010,SE.TER.ENRR,63.4042461657596
MAC,"Macao SAR, China",2009,SE.TER.ENRR,56.2147483825684
MAC,"Macao SAR, China",2008,SE.TER.ENRR,48.17041015625
MAC,"Macao SAR, China",2007,SE.TER.ENRR,46.4321784973145
MAC,"Macao SAR, China",2006,SE.TER.ENRR,49.7756004333496
MAC,"Macao SAR, China",2005,SE.TER.ENRR,57.060718536377
MDG,Madagascar,2023,SE.TER.ENRR,6.1466638463036
MDG,Madagascar,2022,SE.TER.ENRR,5.87562673022926
MDG,Madagascar,2021,SE.TER.ENRR,5.3135678666922
MDG,Madagascar,2020,SE.TER.ENRR,5.17336117275841
MDG,Madagascar,2019,SE.TER.ENRR,5.28586006164551
MDG,Madagascar,2018,SE.TER.ENRR,5.11877849200791
MDG,Madagascar,2017,SE.TER.ENRR,5.07525058069797
MDG,Madagascar,2016,SE.TER.ENRR,4.6583858057243
MDG,Madagascar,2015,SE.TER.ENRR,4.65904652237845
MDG,Madagascar,2014,SE.TER.ENRR,4.68533144082284
MDG,Madagascar,2013,SE.TER.ENRR,4.186720053214
MDG,Madagascar,2012,SE.TER.ENRR,4.04987583552392
MDG,Madagascar,2011,SE.TER.ENRR,3.99246757065153
MDG,Madagascar,2010,SE.TER.ENRR,3.61032855425362
MDG,Madagascar,2009,SE.TER.ENRR,3.44889998435974
MDG,Madagascar,2008,SE.TER.ENRR,3.23572993278503
MDG,Madagascar,2007,SE.TER.ENRR,3.13453006744385
MDG,Madagascar,2006,SE.TER.ENRR,2.74632000923157
MDG,Madagascar,2005,SE.TER.ENRR,2.54628992080689
MWI,Malawi,2022,SE.TER.ENRR,2.70813684546823
MWI,Malawi,2021,SE.TER.ENRR,2.39798041885226
MWI,Malawi,2020,SE.TER.ENRR,2.40217380732134
MWI,Malawi,2018,SE.TER.ENRR,1.6942403485732
MWI,Malawi,2015,SE.TER.ENRR,0.809801002249246
MWI,Malawi,2014,SE.TER.ENRR,0.827777867221161
MWI,Malawi,2012,SE.TER.ENRR,0.838820281170415
MWI,Malawi,2011,SE.TER.ENRR,1.55183037174754
MWI,Malawi,2010,SE.TER.ENRR,1.26225889832108
MWI,Malawi,2007,SE.TER.ENRR,0.477120012044907
MWI,Malawi,2006,SE.TER.ENRR,0.479409992694855
MWI,Malawi,2005,SE.TER.ENRR,0.45329999923706
MYS,Malaysia,2024,SE.TER.ENRR,38.5013945445142
MYS,Malaysia,2023,SE.TER.ENRR,37.2745812491757
MYS,Malaysia,2022,SE.TER.ENRR,36.9853099297291
MYS,Malaysia,2021,SE.TER.ENRR,38.1899993008367
MYS,Malaysia,2020,SE.TER.ENRR,39.7445667367633
MYS,Malaysia,2019,SE.TER.ENRR,40.8082966813944
MYS,Malaysia,2018,SE.TER.ENRR,43.3100279300797
MYS,Malaysia,2017,SE.TER.ENRR,42.293211695146
MYS,Malaysia,2016,SE.TER.ENRR,45.4034659569972
MYS,Malaysia,2015,SE.TER.ENRR,44.289909239243
MYS,Malaysia,2014,SE.TER.ENRR,38.3919142029325
MYS,Malaysia,2013,SE.TER.ENRR,38.0700970900265
MYS,Malaysia,2012,SE.TER.ENRR,36.825516807355
MYS,Malaysia,2011,SE.TER.ENRR,35.5661790570975
MYS,Malaysia,2010,SE.TER.ENRR,36.6774305573553
MYS,Malaysia,2009,SE.TER.ENRR,35.0602111816406
MYS,Malaysia,2008,SE.TER.ENRR,32.9037017822266
MYS,Malaysia,2007,SE.TER.ENRR,29.375789642334
MYS,Malaysia,2006,SE.TER.ENRR,27.6703605651856
MYS,Malaysia,2005,SE.TER.ENRR,27.1163005828857
MDV,Maldives,2022,SE.TER.ENRR,48.4968654322788
MDV,Maldives,2021,SE.TER.ENRR,23.794640430505
MDV,Maldives,2020,SE.TER.ENRR,27.0805812417437
MDV,Maldives,2019,SE.TER.ENRR,24.6480059688561
MDV,Maldives,2017,SE.TER.ENRR,33.3294981245829
MDV,Maldives,2014,SE.TER.ENRR,13.6843761236965
MDV,Maldives,2008,SE.TER.ENRR,11.3926296234131
MDV,Maldives,2007,SE.TER.ENRR,10.3270502090454
MLI,Mali,2015,SE.TER.ENRR,5.12750941173932
MLI,Mali,2014,SE.TER.ENRR,5.53504882678079
MLI,Mali,2013,SE.TER.ENRR,5.94123501789155
MLI,Mali,2012,SE.TER.ENRR,6.41861745428738
MLI,Mali,2011,SE.TER.ENRR,4.96896888641169
MLI,Mali,2010,SE.TER.ENRR,5.50589495885227
MLI,Mali,2009,SE.TER.ENRR,5.29625988006592
MLI,Mali,2008,SE.TER.ENRR,4.79010009765625
MLT,Malta,2023,SE.TER.ENRR,80.5250091552734
MLT,Malta,2022,SE.TER.ENRR,74.5901336669922
MLT,Malta,2021,SE.TER.ENRR,70.2313537597656
MLT,Malta,2020,SE.TER.ENRR,61.4767112731934
MLT,Malta,2019,SE.TER.ENRR,58.4985084533691
MLT,Malta,2018,SE.TER.ENRR,57.8407592773438
MLT,Malta,2017,SE.TER.ENRR,54.0890197753906
MLT,Malta,2016,SE.TER.ENRR,49.2171897888184
MLT,Malta,2015,SE.TER.ENRR,48.0389709472656
MLT,Malta,2014,SE.TER.ENRR,45.4103507995605
MLT,Malta,2013,SE.TER.ENRR,44.4813919067383
MLT,Malta,2012,SE.TER.ENRR,42.5473289489746
MLT,Malta,2011,SE.TER.ENRR,39.4486618041992
MLT,Malta,2010,SE.TER.ENRR,36.8344192504883
MLT,Malta,2009,SE.TER.ENRR,35.7878684997559
MLT,Malta,2008,SE.TER.ENRR,33.3216094970703
MLT,Malta,2007,SE.TER.ENRR,34.6690711975098
MLT,Malta,2006,SE.TER.ENRR,31.2252807617188
MLT,Malta,2005,SE.TER.ENRR,32.2053604125977
MHL,Marshall Islands,2024,SE.TER.ENRR,37.6853055916775
MHL,Marshall Islands,2022,SE.TER.ENRR,41.3350449293967
MHL,Marshall Islands,2019,SE.TER.ENRR,37.3626373626374
MHL,Marshall Islands,2016,SE.TER.ENRR,36.6609294320138
MHL,Marshall Islands,2015,SE.TER.ENRR,34.320987654321
MHL,Marshall Islands,2012,SE.TER.ENRR,29.3663060278207
MRT,Mauritania,2020,SE.TER.ENRR,5.97194330025359
MRT,Mauritania,2019,SE.TER.ENRR,5.88823986461851
MRT,Mauritania,2018,SE.TER.ENRR,5.13275480775448
MRT,Mauritania,2017,SE.TER.ENRR,5.15614020144375
MRT,Mauritania,2016,SE.TER.ENRR,5.56245834327609
MRT,Mauritania,2015,SE.TER.ENRR,5.88425001273035
MRT,Mauritania,2013,SE.TER.ENRR,5.79601450584933
MRT,Mauritania,2012,SE.TER.ENRR,5.49335070425997
MRT,Mauritania,2011,SE.TER.ENRR,5.06647175812938
MRT,Mauritania,2010,SE.TER.ENRR,4.66769636853479
MRT,Mauritania,2009,SE.TER.ENRR,4.12409019470215
MRT,Mauritania,2008,SE.TER.ENRR,4.07179021835327
MRT,Mauritania,2007,SE.TER.ENRR,3.95002007484436
MRT,Mauritania,2006,SE.TER.ENRR,3.48698997497559
MRT,Mauritania,2005,SE.TER.ENRR,3.07908010482788
MUS,Mauritius,2024,SE.TER.ENRR,45.7771156388358
MUS,Mauritius,2023,SE.TER.ENRR,43.3386887794765
MUS,Mauritius,2022,SE.TER.ENRR,44.2026816403629
MUS,Mauritius,2021,SE.TER.ENRR,43.9577226373808
MUS,Mauritius,2020,SE.TER.ENRR,42.5378418595105
MUS,Mauritius,2019,SE.TER.ENRR,42.9878710798151
MUS,Mauritius,2018,SE.TER.ENRR,40.4078098261963
MUS,Mauritius,2017,SE.TER.ENRR,39.6618786560902
MUS,Mauritius,2016,SE.TER.ENRR,38.4107692617261
MUS,Mauritius,2015,SE.TER.ENRR,37.760738643162
MUS,Mauritius,2014,SE.TER.ENRR,40.0382004235695
MUS,Mauritius,2013,SE.TER.ENRR,41.4023953525386
MUS,Mauritius,2012,SE.TER.ENRR,40.3749497386409
MUS,Mauritius,2011,SE.TER.ENRR,34.2265053809565
MUS,Mauritius,2010,SE.TER.ENRR,33.0799908955061
MUS,Mauritius,2009,SE.TER.ENRR,31.3993797302246
MUS,Mauritius,2008,SE.TER.ENRR,27.0272006988525
MUS,Mauritius,2007,SE.TER.ENRR,24.5238494873047
MUS,Mauritius,2006,SE.TER.ENRR,23.6054592132568
MUS,Mauritius,2005,SE.TER.ENRR,21.0529594421387
MEX,Mexico,2024,SE.TER.ENRR,48.203441619873
MEX,Mexico,2023,SE.TER.ENRR,47.474681854248
MEX,Mexico,2022,SE.TER.ENRR,46.4061317443848
MEX,Mexico,2021,SE.TER.ENRR,45.6506195068359
MEX,Mexico,2020,SE.TER.ENRR,45.1654510498047
MEX,Mexico,2019,SE.TER.ENRR,43.0441398620605
MEX,Mexico,2018,SE.TER.ENRR,41.6382789611816
MEX,Mexico,2017,SE.TER.ENRR,40.3390693664551
MEX,Mexico,2016,SE.TER.ENRR,38.589771270752
MEX,Mexico,2015,SE.TER.ENRR,31.9718608856201
MEX,Mexico,2014,SE.TER.ENRR,31.2052898406982
MEX,Mexico,2013,SE.TER.ENRR,30.3301601409912
MEX,Mexico,2012,SE.TER.ENRR,29.3496494293213
MEX,Mexico,2011,SE.TER.ENRR,28.0361595153809
MEX,Mexico,2010,SE.TER.ENRR,27.1670207977295
MEX,Mexico,2009,SE.TER.ENRR,26.2105903625488
MEX,Mexico,2008,SE.TER.ENRR,25.7789402008057
MEX,Mexico,2007,SE.TER.ENRR,25.1474304199219
MEX,Mexico,2006,SE.TER.ENRR,24.5689697265625
MEX,Mexico,2005,SE.TER.ENRR,24.130989074707
MDA,Moldova,2024,SE.TER.ENRR,74.7109378669046
MDA,Moldova,2023,SE.TER.ENRR,71.1679028753075
MDA,Moldova,2022,SE.TER.ENRR,68.0572346521372
MDA,Moldova,2021,SE.TER.ENRR,61.3014036981023
MDA,Moldova,2020,SE.TER.ENRR,56.2498196612517
MDA,Moldova,2019,SE.TER.ENRR,54.7812048030675
MDA,Moldova,2018,SE.TER.ENRR,52.8423092059456
MDA,Moldova,2017,SE.TER.ENRR,51.9490291393525
MDA,Moldova,2016,SE.TER.ENRR,52.8435823784374
MDA,Moldova,2015,SE.TER.ENRR,52.1000519119307
MDA,Moldova,2014,SE.TER.ENRR,52.151516238366
MDA,Moldova,2013,SE.TER.ENRR,41.2771708905345
MDA,Moldova,2012,SE.TER.ENRR,40.1086414991241
MDA,Moldova,2011,SE.TER.ENRR,39.4480430115419
MDA,Moldova,2010,SE.TER.ENRR,38.1453631147397
MCO,Monaco,2024,SE.TER.ENRR,77.4806900024414
MCO,Monaco,2016,SE.TER.ENRR,53.5667991638184
MNG,Mongolia,2024,SE.TER.ENRR,69.044059753418
MNG,Mongolia,2023,SE.TER.ENRR,67.941399950927
MNG,Mongolia,2022,SE.TER.ENRR,67.6998728025335
MNG,Mongolia,2021,SE.TER.ENRR,67.4261046440448
MNG,Mongolia,2020,SE.TER.ENRR,66.2557467107749
MNG,Mongolia,2019,SE.TER.ENRR,67.970817565918
MNG,Mongolia,2018,SE.TER.ENRR,65.1030502319336
MNG,Mongolia,2017,SE.TER.ENRR,64.4055709838867
MNG,Mongolia,2016,SE.TER.ENRR,65.2477111816406
MNG,Mongolia,2015,SE.TER.ENRR,70.3587265014648
MNG,Mongolia,2014,SE.TER.ENRR,66.6792297363281
MNG,Mongolia,2013,SE.TER.ENRR,64.8171691894531
MNG,Mongolia,2012,SE.TER.ENRR,61.3067016601562
MNG,Mongolia,2011,SE.TER.ENRR,56.7482133834947
MNG,Mongolia,2010,SE.TER.ENRR,56.0776786804199
MNG,Mongolia,2009,SE.TER.ENRR,53.1806716918945
MNG,Mongolia,2008,SE.TER.ENRR,49.1745986938477
MNG,Mongolia,2007,SE.TER.ENRR,46.9772300720215
MNG,Mongolia,2006,SE.TER.ENRR,46.8148307800293
MNG,Mongolia,2005,SE.TER.ENRR,43.4830207824707
MNE,Montenegro,2023,SE.TER.ENRR,55.1743011474609
MNE,Montenegro,2022,SE.TER.ENRR,57.4317893981934
MNE,Montenegro,2021,SE.TER.ENRR,57.9613914489746
MNE,Montenegro,2020,SE.TER.ENRR,58.0944709777832
MNE,Montenegro,2019,SE.TER.ENRR,56.2633209228516
MNE,Montenegro,2018,SE.TER.ENRR,58.1831512451172
MNE,Montenegro,2017,SE.TER.ENRR,60.9102210998535
MNE,Montenegro,2016,SE.TER.ENRR,59.1839218139648
MNE,Montenegro,2015,SE.TER.ENRR,63.9372711181641
MNE,Montenegro,2014,SE.TER.ENRR,63.2196388244629
MNE,Montenegro,2013,SE.TER.ENRR,60.4347686767578
MNE,Montenegro,2012,SE.TER.ENRR,60.3092498779297
MNE,Montenegro,2011,SE.TER.ENRR,59.0115089416504
MNE,Montenegro,2010,SE.TER.ENRR,55.2963485717773
MNE,Montenegro,2009,SE.TER.ENRR,51.6601409912109
MNE,Montenegro,2008,SE.TER.ENRR,43.55712890625
MNE,Montenegro,2007,SE.TER.ENRR,36.3274917602539
MNE,Montenegro,2006,SE.TER.ENRR,29.1942901611328
MNE,Montenegro,2005,SE.TER.ENRR,24.9292507171631
MAR,Morocco,2024,SE.TER.ENRR,48.1839617510572
MAR,Morocco,2023,SE.TER.ENRR,47.4687039298036
MAR,Morocco,2022,SE.TER.ENRR,45.9400219155138
MAR,Morocco,2021,SE.TER.ENRR,42.531967383806
MAR,Morocco,2020,SE.TER.ENRR,39.6858047574445
MAR,Morocco,2019,SE.TER.ENRR,37.7212021382481
MAR,Morocco,2018,SE.TER.ENRR,35.319186358341
MAR,Morocco,2017,SE.TER.ENRR,33.4735433090703
MAR,Morocco,2016,SE.TER.ENRR,32.0952579243239
MAR,Morocco,2015,SE.TER.ENRR,28.5519130573154
MAR,Morocco,2014,SE.TER.ENRR,25.3112415031422
MAR,Morocco,2013,SE.TER.ENRR,22.4068908691406
MAR,Morocco,2012,SE.TER.ENRR,19.0472282489073
MAR,Morocco,2011,SE.TER.ENRR,15.8539977340994
MAR,Morocco,2010,SE.TER.ENRR,13.9896441158412
MAR,Morocco,2009,SE.TER.ENRR,13.0986795425415
MAR,Morocco,2008,SE.TER.ENRR,12.6373701095581
MAR,Morocco,2007,SE.TER.ENRR,11.6039199829102
MAR,Morocco,2006,SE.TER.ENRR,12.1653699874878
MAR,Morocco,2005,SE.TER.ENRR,11.69873046875
MOZ,Mozambique,2018,SE.TER.ENRR,7.4630510423433
MOZ,Mozambique,2017,SE.TER.ENRR,7.24573099191356
MOZ,Mozambique,2016,SE.TER.ENRR,7.34197304077013
MOZ,Mozambique,2015,SE.TER.ENRR,6.73181717702859
MOZ,Mozambique,2014,SE.TER.ENRR,6.25049132527997
MOZ,Mozambique,2013,SE.TER.ENRR,5.59344755668074
MOZ,Mozambique,2012,SE.TER.ENRR,5.19951373358179
MOZ,Mozambique,2011,SE.TER.ENRR,4.903703492415
MOZ,Mozambique,2010,SE.TER.ENRR,4.6029332896014
MOZ,Mozambique,2009,SE.TER.ENRR,3.82146000862122
MOZ,Mozambique,2008,SE.TER.ENRR,3.51939988136292
MOZ,Mozambique,2007,SE.TER.ENRR,3.03946995735169
MOZ,Mozambique,2006,SE.TER.ENRR,2.12770009040833
MOZ,Mozambique,2005,SE.TER.ENRR,1.43202996253967
MMR,Myanmar,2018,SE.TER.ENRR,20.3723297119141
MMR,Myanmar,2012,SE.TER.ENRR,13.7377004623413
MMR,Myanmar,2011,SE.TER.ENRR,14.3246002197266
MMR,Myanmar,2007,SE.TER.ENRR,11.0508098602295
NAM,Namibia,2022,SE.TER.ENRR,26.1092654658031
NAM,Namibia,2021,SE.TER.ENRR,26.6057345682932
NAM,Namibia,2020,SE.TER.ENRR,25.9870484145026
NAM,Namibia,2019,SE.TER.ENRR,25.8966511201824
NAM,Namibia,2018,SE.TER.ENRR,23.7001690404035
NAM,Namibia,2017,SE.TER.ENRR,22.4801755471009
NAM,Namibia,2016,SE.TER.ENRR,21.4367036193
NAM,Namibia,2015,SE.TER.ENRR,19.6551504993361
NAM,Namibia,2014,SE.TER.ENRR,18.4653069281067
NAM,Namibia,2013,SE.TER.ENRR,17.4603999838663
NAM,Namibia,2012,SE.TER.ENRR,16.9048603106683
NAM,Namibia,2008,SE.TER.ENRR,9.49368953704834
NAM,Namibia,2006,SE.TER.ENRR,6.75277996063232
NAM,Namibia,2005,SE.TER.ENRR,7.1070499420166
NPL,Nepal,2024,SE.TER.ENRR,21.2915596292014
NPL,Nepal,2023,SE.TER.ENRR,19.0357612047581
NPL,Nepal,2022,SE.TER.ENRR,14.8435874359729
NPL,Nepal,2021,SE.TER.ENRR,15.243139284484
NPL,Nepal,2020,SE.TER.ENRR,14.2002391888535
NPL,Nepal,2019,SE.TER.ENRR,13.8072821953912
NPL,Nepal,2018,SE.TER.ENRR,12.613695863565
NPL,Nepal,2017,SE.TER.ENRR,11.4357824790838
NPL,Nepal,2016,SE.TER.ENRR,11.0932748536215
NPL,Nepal,2015,SE.TER.ENRR,12.282886814704
NPL,Nepal,2014,SE.TER.ENRR,13.2380540463977
NPL,Nepal,2013,SE.TER.ENRR,15.4719563352624
NPL,Nepal,2011,SE.TER.ENRR,13.2867385971183
NPL,Nepal,2010,SE.TER.ENRR,13.3236488235053
NPL,Nepal,2009,SE.TER.ENRR,10.4467401504517
NPL,Nepal,2008,SE.TER.ENRR,10.4749002456665
NPL,Nepal,2007,SE.TER.ENRR,9.50374031066895
NPL,Nepal,2006,SE.TER.ENRR,7.62671995162964
NPL,Nepal,2005,SE.TER.ENRR,7.15422010421753
NLD,Netherlands,2023,SE.TER.ENRR,86.5938262939453
NLD,Netherlands,2021,SE.TER.ENRR,89.3898620605469
NLD,Netherlands,2020,SE.TER.ENRR,85.3370819091797
NLD,Netherlands,2018,SE.TER.ENRR,83.652473449707
NLD,Netherlands,2017,SE.TER.ENRR,83.2009887695312
NLD,Netherlands,2016,SE.TER.ENRR,79.8454895019531
NLD,Netherlands,2015,SE.TER.ENRR,80.1601486206055
NLD,Netherlands,2012,SE.TER.ENRR,75.8141632080078
NLD,Netherlands,2011,SE.TER.ENRR,75.518798828125
NLD,Netherlands,2010,SE.TER.ENRR,63.7049789428711
NLD,Netherlands,2009,SE.TER.ENRR,61.4280090332031
NLD,Netherlands,2008,SE.TER.ENRR,61.0170593261719
NLD,Netherlands,2007,SE.TER.ENRR,60.3940391540527
NLD,Netherlands,2006,SE.TER.ENRR,59.8265113830566
NLD,Netherlands,2005,SE.TER.ENRR,58.7895011901855
NZL,New Zealand,2024,SE.TER.ENRR,77.2406463623047
NZL,New Zealand,2023,SE.TER.ENRR,76.3811416625977
NZL,New Zealand,2022,SE.TER.ENRR,77.0104675292969
NZL,New Zealand,2021,SE.TER.ENRR,79.4128875732422
NZL,New Zealand,2020,SE.TER.ENRR,75.7348327636719
NZL,New Zealand,2019,SE.TER.ENRR,77.5843734741211
NZL,New Zealand,2018,SE.TER.ENRR,81.2513122558594
NZL,New Zealand,2017,SE.TER.ENRR,81.2698593139648
NZL,New Zealand,2016,SE.TER.ENRR,81.8633575439453
NZL,New Zealand,2015,SE.TER.ENRR,82.1818466186523
NZL,New Zealand,2014,SE.TER.ENRR,80.7100067138672
NZL,New Zealand,2013,SE.TER.ENRR,80.388542175293
NIC,Nicaragua,2023,SE.TER.ENRR,30.3635101318359
NER,Niger,2019,SE.TER.ENRR,4.15170730347346
NER,Niger,2018,SE.TER.ENRR,4.33801956751366
NER,Niger,2017,SE.TER.ENRR,3.66741981878978
NER,Niger,2016,SE.TER.ENRR,3.45043638449437
NER,Niger,2015,SE.TER.ENRR,3.24257822413642
NER,Niger,2012,SE.TER.ENRR,1.54284142561837
NER,Niger,2011,SE.TER.ENRR,1.34816649944538
NER,Niger,2010,SE.TER.ENRR,1.30152108043912
NER,Niger,2009,SE.TER.ENRR,1.25635004043579
NER,Niger,2008,SE.TER.ENRR,1.03770005702972
NER,Niger,2007,SE.TER.ENRR,0.905510008335114
NER,Niger,2006,SE.TER.ENRR,0.960169970989227
NER,Niger,2005,SE.TER.ENRR,0.951579988002777
NGA,Nigeria,2011,SE.TER.ENRR,9.74153350922586
NGA,Nigeria,2010,SE.TER.ENRR,9.21187548100134
NGA,Nigeria,2005,SE.TER.ENRR,10.0968999862671
MKD,North Macedonia,2023,SE.TER.ENRR,55.0082015991211
MKD,North Macedonia,2022,SE.TER.ENRR,53.1601181030273
MKD,North Macedonia,2021,SE.TER.ENRR,44.3020210266113
MKD,North Macedonia,2020,SE.TER.ENRR,43.782169342041
MKD,North Macedonia,2019,SE.TER.ENRR,43.1991004943848
MKD,North Macedonia,2018,SE.TER.ENRR,43.8547897338867
MKD,North Macedonia,2017,SE.TER.ENRR,43.5097694396973
MKD,North Macedonia,2015,SE.TER.ENRR,42.0811805725098
MKD,North Macedonia,2014,SE.TER.ENRR,39.3214912414551
MKD,North Macedonia,2013,SE.TER.ENRR,38.9499015808105
MKD,North Macedonia,2012,SE.TER.ENRR,39.7961082458496
MKD,North Macedonia,2010,SE.TER.ENRR,38.147590637207
MKD,North Macedonia,2009,SE.TER.ENRR,39.837718963623
MKD,North Macedonia,2008,SE.TER.ENRR,39.6388511657715
MKD,North Macedonia,2007,SE.TER.ENRR,35.2432899475098
MKD,North Macedonia,2006,SE.TER.ENRR,29.2525997161865
MKD,North Macedonia,2005,SE.TER.ENRR,29.7906494140625
NOR,Norway,2024,SE.TER.ENRR,95.4987564086914
NOR,Norway,2023,SE.TER.ENRR,95.0573806762695
NOR,Norway,2022,SE.TER.ENRR,97.6419830322266
NOR,Norway,2021,SE.TER.ENRR,93.9243011474609
NOR,Norway,2020,SE.TER.ENRR,87.1685333251953
NOR,Norway,2019,SE.TER.ENRR,85.7633819580078
NOR,Norway,2018,SE.TER.ENRR,85.3883514404297
NOR,Norway,2017,SE.TER.ENRR,83.7353363037109
NOR,Norway,2016,SE.TER.ENRR,81.8827285766602
NOR,Norway,2015,SE.TER.ENRR,79.206428527832
NOR,Norway,2014,SE.TER.ENRR,78.109977722168
NOR,Norway,2013,SE.TER.ENRR,75.8635787963867
NOR,Norway,2012,SE.TER.ENRR,71.7047576904297
NOR,Norway,2011,SE.TER.ENRR,71.0614166259766
NOR,Norway,2010,SE.TER.ENRR,72.1170806884766
NOR,Norway,2009,SE.TER.ENRR,73.0674514770508
NOR,Norway,2008,SE.TER.ENRR,73.5914688110352
NOR,Norway,2007,SE.TER.ENRR,77.0373611450195
NOR,Norway,2006,SE.TER.ENRR,77.9310684204102
NOR,Norway,2005,SE.TER.ENRR,78.4450302124023
OMN,Oman,2024,SE.TER.ENRR,42.226921081543
OMN,Oman,2021,SE.TER.ENRR,43.8433613964625
OMN,Oman,2020,SE.TER.ENRR,48.3754397440909
OMN,Oman,2019,SE.TER.ENRR,45.1723183863131
OMN,Oman,2018,SE.TER.ENRR,44.9540216505645
OMN,Oman,2017,SE.TER.ENRR,43.5767818520195
OMN,Oman,2016,SE.TER.ENRR,46.8235059845958
OMN,Oman,2015,SE.TER.ENRR,45.1898945959512
OMN,Oman,2014,SE.TER.ENRR,41.1818561581842
OMN,Oman,2013,SE.TER.ENRR,35.149615885003
OMN,Oman,2011,SE.TER.ENRR,31.5563508791784
OMN,Oman,2010,SE.TER.ENRR,27.8526854365953
OMN,Oman,2009,SE.TER.ENRR,21.9678993225098
OMN,Oman,2008,SE.TER.ENRR,20.4462108612061
OMN,Oman,2007,SE.TER.ENRR,20.4086494445801
OMN,Oman,2006,SE.TER.ENRR,19.2329597473144
OMN,Oman,2005,SE.TER.ENRR,17.117769241333
PAK,Pakistan,2024,SE.TER.ENRR,10.8564126844434
PAK,Pakistan,2023,SE.TER.ENRR,10.4770304814137
PAK,Pakistan,2022,SE.TER.ENRR,10.5057175294292
PAK,Pakistan,2021,SE.TER.ENRR,12.3810012807012
PAK,Pakistan,2020,SE.TER.ENRR,11.7245978752314
PAK,Pakistan,2019,SE.TER.ENRR,11.103638528678
PAK,Pakistan,2018,SE.TER.ENRR,8.20683057963381
PAK,Pakistan,2017,SE.TER.ENRR,8.62228080260493
PAK,Pakistan,2016,SE.TER.ENRR,8.31973903550878
PAK,Pakistan,2015,SE.TER.ENRR,8.43556648904153
PAK,Pakistan,2014,SE.TER.ENRR,8.74569228544475
PAK,Pakistan,2013,SE.TER.ENRR,8.71835995772812
PAK,Pakistan,2012,SE.TER.ENRR,8.33303617018241
PAK,Pakistan,2011,SE.TER.ENRR,7.31739557390399
PAK,Pakistan,2010,SE.TER.ENRR,7.03303843576596
PAK,Pakistan,2009,SE.TER.ENRR,5.97273015975952
PAK,Pakistan,2008,SE.TER.ENRR,4.87824010848999
PAK,Pakistan,2007,SE.TER.ENRR,4.95792007446289
PAK,Pakistan,2006,SE.TER.ENRR,4.39564990997315
PAK,Pakistan,2005,SE.TER.ENRR,4.32808017730713
PLW,Palau,2024,SE.TER.ENRR,71.8428437792329
PLW,Palau,2023,SE.TER.ENRR,41.130604288499
PLW,Palau,2022,SE.TER.ENRR,51.5274949083503
PLW,Palau,2013,SE.TER.ENRR,67.3166885375977
PAN,Panama,2023,SE.TER.ENRR,53.6949637061742
PAN,Panama,2022,SE.TER.ENRR,57.8162831217614
PAN,Panama,2021,SE.TER.ENRR,52.7147829654218
PAN,Panama,2020,SE.TER.ENRR,44.9372948646286
PAN,Panama,2016,SE.TER.ENRR,48.3799959758914
PAN,Panama,2015,SE.TER.ENRR,47.5819435584313
PAN,Panama,2014,SE.TER.ENRR,44.6253501937764
PAN,Panama,2012,SE.TER.ENRR,43.6626516529234
PAN,Panama,2011,SE.TER.ENRR,41.8858795918623
PAN,Panama,2010,SE.TER.ENRR,43.9639480204278
PAN,Panama,2009,SE.TER.ENRR,43.0278511047363
PAN,Panama,2008,SE.TER.ENRR,43.0992698669434
PAN,Panama,2007,SE.TER.ENRR,42.9214782714844
PAN,Panama,2006,SE.TER.ENRR,42.6925010681152
PAN,Panama,2005,SE.TER.ENRR,41.6649894714355
PRY,Paraguay,2010,SE.TER.ENRR,37.6179261040957
PRY,Paraguay,2009,SE.TER.ENRR,39.7724685668945
PRY,Paraguay,2008,SE.TER.ENRR,36.8851890563965
PRY,Paraguay,2007,SE.TER.ENRR,31.087760925293
PRY,Paraguay,2005,SE.TER.ENRR,27.7761993408203
PER,Peru,2017,SE.TER.ENRR,71.2404708862305
PER,Peru,2016,SE.TER.ENRR,73.2223205566406
PER,Peru,2006,SE.TER.ENRR,33.9184188842773
PER,Peru,2005,SE.TER.ENRR,32.4608917236328
PHL,Philippines,2024,SE.TER.ENRR,47.4134996154186
PHL,Philippines,2023,SE.TER.ENRR,44.2394203278519
PHL,Philippines,2022,SE.TER.ENRR,38.4011392706768
PHL,Philippines,2021,SE.TER.ENRR,33.6166173848126
PHL,Philippines,2020,SE.TER.ENRR,31.6317598507085
PHL,Philippines,2019,SE.TER.ENRR,30.0548680110365
PHL,Philippines,2018,SE.TER.ENRR,28.1166228592308
PHL,Philippines,2017,SE.TER.ENRR,33.6841018682349
PHL,Philippines,2016,SE.TER.ENRR,38.3447414525513
PHL,Philippines,2015,SE.TER.ENRR,35.8745887819664
PHL,Philippines,2014,SE.TER.ENRR,33.8741923214799
PHL,Philippines,2013,SE.TER.ENRR,31.8704183328366
PHL,Philippines,2012,SE.TER.ENRR,29.6298942276846
PHL,Philippines,2011,SE.TER.ENRR,29.0709151463153
PHL,Philippines,2010,SE.TER.ENRR,27.7549235195177
PHL,Philippines,2009,SE.TER.ENRR,26.6055793762207
PHL,Philippines,2008,SE.TER.ENRR,27.1289901733398
PHL,Philippines,2006,SE.TER.ENRR,26.2468109130859
PHL,Philippines,2005,SE.TER.ENRR,25.823429107666
POL,Poland,2024,SE.TER.ENRR,80.9149627685547
POL,Poland,2023,SE.TER.ENRR,76.8794097900391
POL,Poland,2022,SE.TER.ENRR,75.2911071777344
POL,Poland,2021,SE.TER.ENRR,72.2060623168945
POL,Poland,2020,SE.TER.ENRR,70.9730377197266
POL,Poland,2019,SE.TER.ENRR,70.9065017700195
POL,Poland,2018,SE.TER.ENRR,71.0217437744141
POL,Poland,2017,SE.TER.ENRR,70.6174621582031
POL,Poland,2016,SE.TER.ENRR,69.8503799438477
POL,Poland,2015,SE.TER.ENRR,69.3731994628906
POL,Poland,2014,SE.TER.ENRR,70.2389678955078
POL,Poland,2013,SE.TER.ENRR,73.317268371582
POL,Poland,2012,SE.TER.ENRR,75.0382919311523
POL,Poland,2011,SE.TER.ENRR,75.8021011352539
POL,Poland,2010,SE.TER.ENRR,76.5571212768555
POL,Poland,2009,SE.TER.ENRR,72.6793594360352
POL,Poland,2008,SE.TER.ENRR,70.2946319580078
POL,Poland,2007,SE.TER.ENRR,66.9424667358398
POL,Poland,2006,SE.TER.ENRR,65.0900726318359
POL,Poland,2005,SE.TER.ENRR,63.7791404724121
PRT,Portugal,2023,SE.TER.ENRR,77.6778182983398
PRT,Portugal,2022,SE.TER.ENRR,75.0714797973633
PRT,Portugal,2021,SE.TER.ENRR,72.5122375488281
PRT,Portugal,2020,SE.TER.ENRR,68.1568908691406
PRT,Portugal,2019,SE.TER.ENRR,66.0920562744141
PRT,Portugal,2018,SE.TER.ENRR,65.1127395629883
PRT,Portugal,2017,SE.TER.ENRR,64.2040176391602
PRT,Portugal,2016,SE.TER.ENRR,63.2387504577637
PRT,Portugal,2015,SE.TER.ENRR,61.7960205078125
PRI,Puerto Rico (US),2023,SE.TER.ENRR,77.9263575380698
PRI,Puerto Rico (US),2022,SE.TER.ENRR,82.0153279566474
PRI,Puerto Rico (US),2021,SE.TER.ENRR,88.5327447779272
PRI,Puerto Rico (US),2020,SE.TER.ENRR,88.4148538699338
PRI,Puerto Rico (US),2019,SE.TER.ENRR,95.6914950121196
PRI,Puerto Rico (US),2018,SE.TER.ENRR,107.502380763432
PRI,Puerto Rico (US),2017,SE.TER.ENRR,100.739404309645
PRI,Puerto Rico (US),2016,SE.TER.ENRR,100.643406166336
PRI,Puerto Rico (US),2015,SE.TER.ENRR,100.706557185143
PRI,Puerto Rico (US),2014,SE.TER.ENRR,97.2016557105489
PRI,Puerto Rico (US),2013,SE.TER.ENRR,95.3715682046859
PRI,Puerto Rico (US),2012,SE.TER.ENRR,94.0074751455172
PRI,Puerto Rico (US),2011,SE.TER.ENRR,91.7977449760959
PRI,Puerto Rico (US),2010,SE.TER.ENRR,90.7308767027593
PRI,Puerto Rico (US),2009,SE.TER.ENRR,86.6972579956055
PRI,Puerto Rico (US),2008,SE.TER.ENRR,84.4570999145508
PRI,Puerto Rico (US),2007,SE.TER.ENRR,78.6092071533203
QAT,Qatar,2024,SE.TER.ENRR,43.0178909301758
QAT,Qatar,2023,SE.TER.ENRR,38.2058906555176
QAT,Qatar,2022,SE.TER.ENRR,35.0854901088778
QAT,Qatar,2021,SE.TER.ENRR,31.2813974439236
QAT,Qatar,2020,SE.TER.ENRR,23.7649212314763
QAT,Qatar,2019,SE.TER.ENRR,21.0931416049405
QAT,Qatar,2018,SE.TER.ENRR,17.4458250857575
QAT,Qatar,2017,SE.TER.ENRR,16.7774362605473
QAT,Qatar,2016,SE.TER.ENRR,14.8163562584538
QAT,Qatar,2015,SE.TER.ENRR,15.9339905308662
QAT,Qatar,2014,SE.TER.ENRR,17.3063613126932
QAT,Qatar,2013,SE.TER.ENRR,14.8707295209095
QAT,Qatar,2012,SE.TER.ENRR,12.2866942772156
QAT,Qatar,2011,SE.TER.ENRR,12.6008552690979
QAT,Qatar,2010,SE.TER.ENRR,9.64273278083432
QAT,Qatar,2009,SE.TER.ENRR,10.1654901504517
QAT,Qatar,2008,SE.TER.ENRR,11.3421602249146
QAT,Qatar,2007,SE.TER.ENRR,11.8196697235107
QAT,Qatar,2006,SE.TER.ENRR,12.8355398178101
QAT,Qatar,2005,SE.TER.ENRR,14.7242298126221
ROU,Romania,2023,SE.TER.ENRR,55.1682891845703
ROU,Romania,2022,SE.TER.ENRR,58.2390403747559
ROU,Romania,2021,SE.TER.ENRR,55.2656097412109
ROU,Romania,2020,SE.TER.ENRR,53.4911117553711
ROU,Romania,2019,SE.TER.ENRR,52.4439697265625
ROU,Romania,2018,SE.TER.ENRR,51.9943504333496
ROU,Romania,2017,SE.TER.ENRR,50.5108184814453
ROU,Romania,2016,SE.TER.ENRR,49.911319732666
ROU,Romania,2015,SE.TER.ENRR,49.3609886169434
ROU,Romania,2014,SE.TER.ENRR,51.0950393676758
ROU,Romania,2013,SE.TER.ENRR,51.3826103210449
ROU,Romania,2012,SE.TER.ENRR,54.9534912109375
ROU,Romania,2011,SE.TER.ENRR,66.7865829467773
ROU,Romania,2010,SE.TER.ENRR,75.2290267944336
ROU,Romania,2009,SE.TER.ENRR,81.5331497192383
ROU,Romania,2008,SE.TER.ENRR,73.4470672607422
ROU,Romania,2007,SE.TER.ENRR,60.2831192016602
ROU,Romania,2006,SE.TER.ENRR,54.1389312744141
ROU,Romania,2005,SE.TER.ENRR,45.4637298583984
RUS,Russian Federation,2024,SE.TER.ENRR,60.3891235376867
RUS,Russian Federation,2023,SE.TER.ENRR,93.7277679443359
RUS,Russian Federation,2022,SE.TER.ENRR,53.9151941239211
RUS,Russian Federation,2021,SE.TER.ENRR,54.9542479280814
RUS,Russian Federation,2020,SE.TER.ENRR,57.2232854739754
RUS,Russian Federation,2019,SE.TER.ENRR,80.9520697471091
RUS,Russian Federation,2018,SE.TER.ENRR,81.5681115998523
RUS,Russian Federation,2017,SE.TER.ENRR,81.7051021681418
RUS,Russian Federation,2016,SE.TER.ENRR,83.860044350614
RUS,Russian Federation,2015,SE.TER.ENRR,84.2355651240256
RUS,Russian Federation,2014,SE.TER.ENRR,84.5181387513356
RUS,Russian Federation,2013,SE.TER.ENRR,82.8009567260742
RUS,Russian Federation,2012,SE.TER.ENRR,80.5323453975492
RUS,Russian Federation,2011,SE.TER.ENRR,80.1629736412764
RUS,Russian Federation,2009,SE.TER.ENRR,77.8685607910156
RUS,Russian Federation,2008,SE.TER.ENRR,77.5339736938477
RUS,Russian Federation,2007,SE.TER.ENRR,76.1305465698242
RUS,Russian Federation,2006,SE.TER.ENRR,73.4398880004883
RUS,Russian Federation,2005,SE.TER.ENRR,72.2228012084961
RWA,Rwanda,2024,SE.TER.ENRR,9.41173924647801
RWA,Rwanda,2023,SE.TER.ENRR,8.88624308383425
RWA,Rwanda,2022,SE.TER.ENRR,7.41325884733851
RWA,Rwanda,2020,SE.TER.ENRR,7.56709586345553
RWA,Rwanda,2019,SE.TER.ENRR,6.3142892660234
RWA,Rwanda,2018,SE.TER.ENRR,6.76094647714264
RWA,Rwanda,2017,SE.TER.ENRR,7.34488296090452
RWA,Rwanda,2016,SE.TER.ENRR,7.57807264441764
RWA,Rwanda,2015,SE.TER.ENRR,7.53124856448318
RWA,Rwanda,2014,SE.TER.ENRR,7.35861774339014
RWA,Rwanda,2013,SE.TER.ENRR,6.23149117030345
RWA,Rwanda,2012,SE.TER.ENRR,6.70938666027303
RWA,Rwanda,2011,SE.TER.ENRR,6.83723020553589
RWA,Rwanda,2010,SE.TER.ENRR,5.77316665562353
RWA,Rwanda,2009,SE.TER.ENRR,5.0719199180603
RWA,Rwanda,2008,SE.TER.ENRR,4.18300008773804
RWA,Rwanda,2007,SE.TER.ENRR,3.88545989990234
RWA,Rwanda,2006,SE.TER.ENRR,3.64229989051819
RWA,Rwanda,2005,SE.TER.ENRR,2.85111999511719
WSM,Samoa,2024,SE.TER.ENRR,16.0263900756836
WSM,Samoa,2023,SE.TER.ENRR,14.6106638814429
WSM,Samoa,2022,SE.TER.ENRR,18.5508413272527
WSM,Samoa,2021,SE.TER.ENRR,19.1409681560724
WSM,Samoa,2020,SE.TER.ENRR,17.3303454643177
WSM,Samoa,2019,SE.TER.ENRR,13.5792119039657
WSM,Samoa,2018,SE.TER.ENRR,14.1633542972529
WSM,Samoa,2017,SE.TER.ENRR,13.2596995097127
SMR,San Marino,2024,SE.TER.ENRR,57.5487465181059
SMR,San Marino,2023,SE.TER.ENRR,51.1357340720222
SMR,San Marino,2022,SE.TER.ENRR,53.7988826815642
SMR,San Marino,2021,SE.TER.ENRR,57.6704545454545
SMR,San Marino,2020,SE.TER.ENRR,55.0960978450786
SMR,San Marino,2019,SE.TER.ENRR,50.2355712603062
SMR,San Marino,2018,SE.TER.ENRR,45.421020282729
SMR,San Marino,2012,SE.TER.ENRR,59.8490048043926
SMR,San Marino,2011,SE.TER.ENRR,64.2955801104972
SMR,San Marino,2010,SE.TER.ENRR,66.4068036853295
SMR,San Marino,2008,SE.TER.ENRR,65.980110168457
STP,Sao Tome and Principe,2015,SE.TER.ENRR,12.8210802078247
STP,Sao Tome and Principe,2014,SE.TER.ENRR,9.24396991729736
STP,Sao Tome and Principe,2012,SE.TER.ENRR,7.83568000793457
STP,Sao Tome and Principe,2010,SE.TER.ENRR,4.22901010513306
STP,Sao Tome and Principe,2009,SE.TER.ENRR,3.92682003974915
SAU,Saudi Arabia,2024,SE.TER.ENRR,83.884129573915
SAU,Saudi Arabia,2022,SE.TER.ENRR,73.7492065429688
SAU,Saudi Arabia,2021,SE.TER.ENRR,74.3924865722656
SAU,Saudi Arabia,2020,SE.TER.ENRR,73.7510866368859
SAU,Saudi Arabia,2019,SE.TER.ENRR,77.9664942011008
SAU,Saudi Arabia,2018,SE.TER.ENRR,73.1971736383918
SAU,Saudi Arabia,2017,SE.TER.ENRR,70.7471342981424
SAU,Saudi Arabia,2016,SE.TER.ENRR,63.9826623355369
SAU,Saudi Arabia,2015,SE.TER.ENRR,57.0892771397236
SAU,Saudi Arabia,2014,SE.TER.ENRR,53.1803840195563
SAU,Saudi Arabia,2013,SE.TER.ENRR,43.163501739502
SAU,Saudi Arabia,2012,SE.TER.ENRR,36.0444107055664
SAU,Saudi Arabia,2011,SE.TER.ENRR,28.9419498443604
SAU,Saudi Arabia,2010,SE.TER.ENRR,29.3244802795728
SAU,Saudi Arabia,2009,SE.TER.ENRR,25.0353107452393
SAU,Saudi Arabia,2008,SE.TER.ENRR,24.4659805297852
SAU,Saudi Arabia,2007,SE.TER.ENRR,24.3000392913818
SAU,Saudi Arabia,2006,SE.TER.ENRR,24.5137691497803
SAU,Saudi Arabia,2005,SE.TER.ENRR,25.1983699798584
SEN,Senegal,2024,SE.TER.ENRR,15.3302400879779
SEN,Senegal,2023,SE.TER.ENRR,16.0710053721835
SEN,Senegal,2022,SE.TER.ENRR,15.6478973478986
SEN,Senegal,2021,SE.TER.ENRR,14.6823561354842
SEN,Senegal,2020,SE.TER.ENRR,13.3136624860931
SEN,Senegal,2019,SE.TER.ENRR,12.60825139125
SEN,Senegal,2018,SE.TER.ENRR,12.4178375059947
SEN,Senegal,2017,SE.TER.ENRR,11.3494415127099
SEN,Senegal,2016,SE.TER.ENRR,10.8875992426245
SEN,Senegal,2015,SE.TER.ENRR,10.8409366679467
SEN,Senegal,2014,SE.TER.ENRR,10.8787568632408
SEN,Senegal,2013,SE.TER.ENRR,10.5725397458545
SEN,Senegal,2012,SE.TER.ENRR,10.2635537254668
SEN,Senegal,2011,SE.TER.ENRR,10.121109956384
SEN,Senegal,2010,SE.TER.ENRR,7.62979751289774
SEN,Senegal,2009,SE.TER.ENRR,7.9150800704956
SEN,Senegal,2008,SE.TER.ENRR,7.75537014007568
SEN,Senegal,2007,SE.TER.ENRR,6.1223201751709
SEN,Senegal,2006,SE.TER.ENRR,5.46575021743774
SEN,Senegal,2005,SE.TER.ENRR,5.26141023635864
SRB,Serbia,2024,SE.TER.ENRR,70.582649230957
SRB,Serbia,2023,SE.TER.ENRR,73.2060012817383
SRB,Serbia,2022,SE.TER.ENRR,69.8046798706055
SRB,Serbia,2021,SE.TER.ENRR,69.1800231933594
SRB,Serbia,2020,SE.TER.ENRR,68.1431121826172
SRB,Serbia,2019,SE.TER.ENRR,67.7898406982422
SRB,Serbia,2018,SE.TER.ENRR,67.1586608886719
SRB,Serbia,2017,SE.TER.ENRR,66.4867401123047
SRB,Serbia,2016,SE.TER.ENRR,62.1369705200195
SRB,Serbia,2015,SE.TER.ENRR,58.2876892089844
SRB,Serbia,2014,SE.TER.ENRR,58.0549697875977
SRB,Serbia,2013,SE.TER.ENRR,56.3808784484863
SRB,Serbia,2012,SE.TER.ENRR,53.5000305175781
SRB,Serbia,2011,SE.TER.ENRR,51.5937690734863
SRB,Serbia,2010,SE.TER.ENRR,49.0825119018555
SRB,Serbia,2009,SE.TER.ENRR,49.8496704101562
SRB,Serbia,2008,SE.TER.ENRR,48.6653785705566
SRB,Serbia,2007,SE.TER.ENRR,47.966869354248
SRB,Serbia,2006,SE.TER.ENRR,46.819580078125
SRB,Serbia,2005,SE.TER.ENRR,44.205249786377
SYC,Seychelles,2024,SE.TER.ENRR,14.5342502593994
SYC,Seychelles,2023,SE.TER.ENRR,14.0341370902195
SYC,Seychelles,2022,SE.TER.ENRR,13.930414075936
SYC,Seychelles,2021,SE.TER.ENRR,26.8701526144608
SYC,Seychelles,2020,SE.TER.ENRR,26.934264107039
SYC,Seychelles,2019,SE.TER.ENRR,41.2970430107527
SYC,Seychelles,2018,SE.TER.ENRR,38.8581314878893
SYC,Seychelles,2017,SE.TER.ENRR,42.2082018927445
SYC,Seychelles,2016,SE.TER.ENRR,25.6358902463449
SYC,Seychelles,2015,SE.TER.ENRR,16.4973007303906
SYC,Seychelles,2014,SE.TER.ENRR,7.29119296649992
SYC,Seychelles,2013,SE.TER.ENRR,3.50154479917611
SYC,Seychelles,2012,SE.TER.ENRR,1.55593589544111
SYC,Seychelles,2011,SE.TER.ENRR,2.91756715035505
SGP,Singapore,2023,SE.TER.ENRR,97.2886546863037
SGP,Singapore,2022,SE.TER.ENRR,98.02222650098
SGP,Singapore,2021,SE.TER.ENRR,97.0989103061521
SGP,Singapore,2020,SE.TER.ENRR,93.134767179468
SGP,Singapore,2019,SE.TER.ENRR,91.0889904414776
SGP,Singapore,2018,SE.TER.ENRR,88.8864453410769
SGP,Singapore,2017,SE.TER.ENRR,84.7929138455372
SGP,Singapore,2016,SE.TER.ENRR,83.9409778236648
SGP,Singapore,2012,SE.TER.ENRR,101.99681244982
SGP,Singapore,2011,SE.TER.ENRR,95.9817452372883
SGP,Singapore,2010,SE.TER.ENRR,93.2696812803906
SXM,Sint Maarten (Dutch part),2023,SE.TER.ENRR,7.65284309533989
SXM,Sint Maarten (Dutch part),2022,SE.TER.ENRR,8.259449370042
SXM,Sint Maarten (Dutch part),2017,SE.TER.ENRR,9.85608373310074
SXM,Sint Maarten (Dutch part),2015,SE.TER.ENRR,7.93456032719836
SXM,Sint Maarten (Dutch part),2014,SE.TER.ENRR,7.32811856731165
SXM,Sint Maarten (Dutch part),2012,SE.TER.ENRR,7.8405017921147
SVK,Slovak Republic,2024,SE.TER.ENRR,54.4743194580078
SVK,Slovak Republic,2023,SE.TER.ENRR,53.417610168457
SVK,Slovak Republic,2022,SE.TER.ENRR,52.4959106445312
SVK,Slovak Republic,2021,SE.TER.ENRR,50.7342491149902
SVK,Slovak Republic,2020,SE.TER.ENRR,48.3790016174316
SVK,Slovak Republic,2019,SE.TER.ENRR,48.1902389526367
SVK,Slovak Republic,2018,SE.TER.ENRR,47.8138313293457
SVK,Slovak Republic,2017,SE.TER.ENRR,49.1256103515625
SVK,Slovak Republic,2016,SE.TER.ENRR,50.3014488220215
SVK,Slovak Republic,2015,SE.TER.ENRR,52.7206687927246
SVK,Slovak Republic,2014,SE.TER.ENRR,53.8843002319336
SVK,Slovak Republic,2013,SE.TER.ENRR,55.253978729248
SVK,Slovak Republic,2012,SE.TER.ENRR,57.0384407043457
SVK,Slovak Republic,2011,SE.TER.ENRR,57.1524887084961
SVK,Slovak Republic,2010,SE.TER.ENRR,58.0442390441895
SVK,Slovak Republic,2009,SE.TER.ENRR,56.7700996398926
SVK,Slovak Republic,2008,SE.TER.ENRR,54.1637115478516
SVK,Slovak Republic,2007,SE.TER.ENRR,50.5563583374023
SVK,Slovak Republic,2006,SE.TER.ENRR,45.0326881408691
SVK,Slovak Republic,2005,SE.TER.ENRR,40.7710609436035
SVN,Slovenia,2023,SE.TER.ENRR,80.0806884765625
SVN,Slovenia,2022,SE.TER.ENRR,82.3922576904297
SVN,Slovenia,2021,SE.TER.ENRR,82.2400436401367
SVN,Slovenia,2020,SE.TER.ENRR,75.8166809082031
SVN,Slovenia,2019,SE.TER.ENRR,76.4720077514648
SVN,Slovenia,2018,SE.TER.ENRR,77.3015975952148
SVN,Slovenia,2017,SE.TER.ENRR,79.2703475952148
SVN,Slovenia,2016,SE.TER.ENRR,79.4747467041016
SVN,Slovenia,2015,SE.TER.ENRR,82.1997833251953
SVN,Slovenia,2014,SE.TER.ENRR,84.3780288696289
SVN,Slovenia,2013,SE.TER.ENRR,87.8572082519531
SVN,Slovenia,2012,SE.TER.ENRR,89.0215606689453
SVN,Slovenia,2011,SE.TER.ENRR,87.1887130737305
SVN,Slovenia,2010,SE.TER.ENRR,90.2514877319336
SVN,Slovenia,2009,SE.TER.ENRR,87.96533203125
SVN,Slovenia,2008,SE.TER.ENRR,88.5987091064453
SVN,Slovenia,2007,SE.TER.ENRR,87.2651672363281
SVN,Slovenia,2006,SE.TER.ENRR,85.2738876342773
SVN,Slovenia,2005,SE.TER.ENRR,81.2728118896484
ZAF,South Africa,2023,SE.TER.ENRR,23.493768799339
ZAF,South Africa,2022,SE.TER.ENRR,23.7271036201865
ZAF,South Africa,2021,SE.TER.ENRR,22.3431289991291
ZAF,South Africa,2020,SE.TER.ENRR,22.6148742572009
ZAF,South Africa,2019,SE.TER.ENRR,22.2442465104023
ZAF,South Africa,2018,SE.TER.ENRR,22.3515425184231
ZAF,South Africa,2017,SE.TER.ENRR,21.0902909603212
ZAF,South Africa,2016,SE.TER.ENRR,18.9292980324153
ZAF,South Africa,2015,SE.TER.ENRR,19.0332949537661
ZAF,South Africa,2014,SE.TER.ENRR,18.4813356370067
ZAF,South Africa,2013,SE.TER.ENRR,18.6088225305342
ZAF,South Africa,2012,SE.TER.ENRR,17.9447234835981
ESP,Spain,2024,SE.TER.ENRR,93.7689666748047
ESP,Spain,2023,SE.TER.ENRR,93.7303466796875
ESP,Spain,2022,SE.TER.ENRR,95.0271606445312
ESP,Spain,2021,SE.TER.ENRR,95.3768997192383
ESP,Spain,2020,SE.TER.ENRR,91.59912109375
ESP,Spain,2019,SE.TER.ENRR,91.5387725830078
ESP,Spain,2018,SE.TER.ENRR,92.5194931030273
ESP,Spain,2017,SE.TER.ENRR,92.070182800293
ESP,Spain,2016,SE.TER.ENRR,89.810791015625
ESP,Spain,2015,SE.TER.ENRR,88.5305328369141
ESP,Spain,2014,SE.TER.ENRR,87.9358520507812
ESP,Spain,2013,SE.TER.ENRR,85.1826324462891
ESP,Spain,2012,SE.TER.ENRR,82.89208984375
ESP,Spain,2011,SE.TER.ENRR,80.7240905761719
ESP,Spain,2010,SE.TER.ENRR,76.3829116821289
ESP,Spain,2009,SE.TER.ENRR,71.4311676025391
ESP,Spain,2008,SE.TER.ENRR,69.4019393920898
ESP,Spain,2007,SE.TER.ENRR,69.2297668457031
ESP,Spain,2006,SE.TER.ENRR,68.9646224975586
ESP,Spain,2005,SE.TER.ENRR,68.1358337402344
LKA,Sri Lanka,2023,SE.TER.ENRR,20.7412633848006
LKA,Sri Lanka,2022,SE.TER.ENRR,22.3679922774735
LKA,Sri Lanka,2021,SE.TER.ENRR,20.7824292013914
LKA,Sri Lanka,2020,SE.TER.ENRR,20.1614879343022
LKA,Sri Lanka,2019,SE.TER.ENRR,19.4563160693078
LKA,Sri Lanka,2018,SE.TER.ENRR,17.8869756778112
LKA,Sri Lanka,2017,SE.TER.ENRR,17.1941300290821
LKA,Sri Lanka,2016,SE.TER.ENRR,17.1510485178135
LKA,Sri Lanka,2015,SE.TER.ENRR,18.1726459197686
LKA,Sri Lanka,2014,SE.TER.ENRR,17.8701919678234
LKA,Sri Lanka,2013,SE.TER.ENRR,17.7655041707891
LKA,Sri Lanka,2012,SE.TER.ENRR,16.322805343317
LKA,Sri Lanka,2011,SE.TER.ENRR,14.6727189156336
LKA,Sri Lanka,2010,SE.TER.ENRR,15.8440563450578
KNA,St. Kitts and Nevis,2015,SE.TER.ENRR,93.92236328125
KNA,St. Kitts and Nevis,2014,SE.TER.ENRR,90.9599990844727
KNA,St. Kitts and Nevis,2008,SE.TER.ENRR,19.8842601776123
LCA,St. Lucia,2023,SE.TER.ENRR,15.0396404266357
LCA,St. Lucia,2022,SE.TER.ENRR,16.1808795928955
LCA,St. Lucia,2020,SE.TER.ENRR,16.8199691772461
LCA,St. Lucia,2019,SE.TER.ENRR,15.9467096328735
LCA,St. Lucia,2018,SE.TER.ENRR,14.6563596725464
LCA,St. Lucia,2017,SE.TER.ENRR,20.7471294403076
LCA,St. Lucia,2016,SE.TER.ENRR,19.7992000579834
LCA,St. Lucia,2015,SE.TER.ENRR,17.0301094055176
LCA,St. Lucia,2014,SE.TER.ENRR,17.0831794738769
LCA,St. Lucia,2013,SE.TER.ENRR,14.0192003250122
LCA,St. Lucia,2012,SE.TER.ENRR,10.2734699249268
LCA,St. Lucia,2011,SE.TER.ENRR,16.2693996429443
LCA,St. Lucia,2010,SE.TER.ENRR,12.4684000015259
LCA,St. Lucia,2009,SE.TER.ENRR,17.469539642334
LCA,St. Lucia,2008,SE.TER.ENRR,15.7249202728272
LCA,St. Lucia,2007,SE.TER.ENRR,8.46230983734131
LCA,St. Lucia,2006,SE.TER.ENRR,9.52157974243164
LCA,St. Lucia,2005,SE.TER.ENRR,12.7918500900269
VCT,St. Vincent and the Grenadines,2022,SE.TER.ENRR,41.4983277591973
VCT,St. Vincent and the Grenadines,2021,SE.TER.ENRR,35.7032258064516
VCT,St. Vincent and the Grenadines,2020,SE.TER.ENRR,33.6692278624512
VCT,St. Vincent and the Grenadines,2019,SE.TER.ENRR,29.6853960093035
VCT,St. Vincent and the Grenadines,2018,SE.TER.ENRR,26.0140359224456
VCT,St. Vincent and the Grenadines,2017,SE.TER.ENRR,25.7215423689679
VCT,St. Vincent and the Grenadines,2016,SE.TER.ENRR,23.6683079677708
VCT,St. Vincent and the Grenadines,2015,SE.TER.ENRR,23.6186294555664
VCT,St. Vincent and the Grenadines,2014,SE.TER.ENRR,23.9405403137207
VCT,St. Vincent and the Grenadines,2013,SE.TER.ENRR,19.7655115169122
VCT,St. Vincent and the Grenadines,2012,SE.TER.ENRR,19.8016733808491
VCT,St. Vincent and the Grenadines,2011,SE.TER.ENRR,20.6017072662919
VCT,St. Vincent and the Grenadines,2010,SE.TER.ENRR,13.4546976354886
SDN,Sudan,2015,SE.TER.ENRR,15.8645696640015
SDN,Sudan,2014,SE.TER.ENRR,15.958589553833
SDN,Sudan,2013,SE.TER.ENRR,16.6676292419434
SDN,Sudan,2012,SE.TER.ENRR,14.8181400299072
SDN,Sudan,2011,SE.TER.ENRR,14.5120697021484
SDN,Sudan,2010,SE.TER.ENRR,14.8035297393799
SDN,Sudan,2009,SE.TER.ENRR,14.6098203659058
SDN,Sudan,2008,SE.TER.ENRR,14.3921899795532
SDN,Sudan,2007,SE.TER.ENRR,13.0165500640869
SDN,Sudan,2006,SE.TER.ENRR,13.3374099731445
SDN,Sudan,2005,SE.TER.ENRR,11.823320388794
SUR,Suriname,2024,SE.TER.ENRR,2.56642457392281
SUR,Suriname,2023,SE.TER.ENRR,4.93785087797966
SUR,Suriname,2022,SE.TER.ENRR,5.02487384130847
SUR,Suriname,2021,SE.TER.ENRR,8.45416298008342
SUR,Suriname,2020,SE.TER.ENRR,5.30574712643678
SUR,Suriname,2019,SE.TER.ENRR,5.26435130947432
SWE,Sweden,2024,SE.TER.ENRR,83.9988098144531
SWE,Sweden,2023,SE.TER.ENRR,81.3998184204102
SWE,Sweden,2022,SE.TER.ENRR,83.8976135253906
SWE,Sweden,2021,SE.TER.ENRR,85.9426193237305
SWE,Sweden,2020,SE.TER.ENRR,79.1196365356445
SWE,Sweden,2019,SE.TER.ENRR,75.1148529052734
SWE,Sweden,2018,SE.TER.ENRR,73.4083786010742
SWE,Sweden,2017,SE.TER.ENRR,70.4342498779297
SWE,Sweden,2016,SE.TER.ENRR,68.306037902832
SWE,Sweden,2015,SE.TER.ENRR,66.4283218383789
SWE,Sweden,2014,SE.TER.ENRR,64.9541931152344
SWE,Sweden,2013,SE.TER.ENRR,65.7820892333984
SWE,Sweden,2012,SE.TER.ENRR,68.742301940918
SWE,Sweden,2011,SE.TER.ENRR,71.9184112548828
SWE,Sweden,2010,SE.TER.ENRR,73.0818328857422
SWE,Sweden,2009,SE.TER.ENRR,71.0115814208984
SWE,Sweden,2008,SE.TER.ENRR,71.158073425293
SWE,Sweden,2007,SE.TER.ENRR,75.3943710327148
SWE,Sweden,2006,SE.TER.ENRR,79.3352279663086
SWE,Sweden,2005,SE.TER.ENRR,81.7390899658203
CHE,Switzerland,2024,SE.TER.ENRR,73.5430526733398
CHE,Switzerland,2023,SE.TER.ENRR,74.0060882568359
CHE,Switzerland,2022,SE.TER.ENRR,74.1526794433594
CHE,Switzerland,2021,SE.TER.ENRR,71.893928527832
CHE,Switzerland,2020,SE.TER.ENRR,68.0676422119141
CHE,Switzerland,2019,SE.TER.ENRR,66.3093414306641
CHE,Switzerland,2018,SE.TER.ENRR,64.3533935546875
CHE,Switzerland,2017,SE.TER.ENRR,62.4597206115723
CHE,Switzerland,2016,SE.TER.ENRR,61.1939888000488
CHE,Switzerland,2015,SE.TER.ENRR,60.8185615539551
CHE,Switzerland,2014,SE.TER.ENRR,58.0650596618652
CHE,Switzerland,2013,SE.TER.ENRR,56.1812400817871
CHE,Switzerland,2012,SE.TER.ENRR,54.835620880127
CHE,Switzerland,2011,SE.TER.ENRR,53.1352806091309
CHE,Switzerland,2010,SE.TER.ENRR,52.8040618896484
CHE,Switzerland,2009,SE.TER.ENRR,50.3034515380859
CHE,Switzerland,2008,SE.TER.ENRR,49.6888809204102
CHE,Switzerland,2007,SE.TER.ENRR,47.8155517578125
CHE,Switzerland,2006,SE.TER.ENRR,46.2847785949707
CHE,Switzerland,2005,SE.TER.ENRR,45.2465286254883
SYR,Syrian Arab Republic,2016,SE.TER.ENRR,43.7606582641602
SYR,Syrian Arab Republic,2015,SE.TER.ENRR,47.8358993530273
SYR,Syrian Arab Republic,2014,SE.TER.ENRR,44.4609794616699
SYR,Syrian Arab Republic,2013,SE.TER.ENRR,31.4127197265625
SYR,Syrian Arab Republic,2012,SE.TER.ENRR,28.8359394073486
SYR,Syrian Arab Republic,2011,SE.TER.ENRR,24.5282592773438
SYR,Syrian Arab Republic,2010,SE.TER.ENRR,24.7345008850098
SYR,Syrian Arab Republic,2009,SE.TER.ENRR,22.903039932251
SYR,Syrian Arab Republic,2008,SE.TER.ENRR,21.8033008575439
SYR,Syrian Arab Republic,2007,SE.TER.ENRR,21.3354091644287
SYR,Syrian Arab Republic,2006,SE.TER.ENRR,20.8499908447266
SYR,Syrian Arab Republic,2005,SE.TER.ENRR,18.2976398468018
TJK,Tajikistan,2024,SE.TER.ENRR,35.6398418742497
TJK,Tajikistan,2023,SE.TER.ENRR,34.9689625947729
TJK,Tajikistan,2022,SE.TER.ENRR,37.2834392884446
TJK,Tajikistan,2021,SE.TER.ENRR,37.4220713871838
TJK,Tajikistan,2020,SE.TER.ENRR,34.6676458195911
TJK,Tajikistan,2017,SE.TER.ENRR,30.2374706268311
TJK,Tajikistan,2016,SE.TER.ENRR,28.5179100036621
TJK,Tajikistan,2015,SE.TER.ENRR,26.0669097900391
TJK,Tajikistan,2014,SE.TER.ENRR,24.2260093688965
TJK,Tajikistan,2013,SE.TER.ENRR,22.6164398193359
TJK,Tajikistan,2012,SE.TER.ENRR,22.6923599243164
TJK,Tajikistan,2011,SE.TER.ENRR,22.3199405670166
TJK,Tajikistan,2010,SE.TER.ENRR,22.8308906555176
TJK,Tajikistan,2009,SE.TER.ENRR,22.5239295959473
TJK,Tajikistan,2008,SE.TER.ENRR,22.7512302398682
TJK,Tajikistan,2007,SE.TER.ENRR,22.2864494323731
TJK,Tajikistan,2006,SE.TER.ENRR,21.302490234375
TJK,Tajikistan,2005,SE.TER.ENRR,20.1519508361816
TZA,Tanzania,2024,SE.TER.ENRR,4.01880979537964
TZA,Tanzania,2023,SE.TER.ENRR,5.16887784940301
TZA,Tanzania,2022,SE.TER.ENRR,5.32159018874409
TZA,Tanzania,2021,SE.TER.ENRR,3.59164319762461
TZA,Tanzania,2020,SE.TER.ENRR,7.18188265775187
TZA,Tanzania,2019,SE.TER.ENRR,2.85588898826608
TZA,Tanzania,2018,SE.TER.ENRR,4.27996511118124
TZA,Tanzania,2017,SE.TER.ENRR,4.78205361153138
TZA,Tanzania,2016,SE.TER.ENRR,3.72893939925404
TZA,Tanzania,2015,SE.TER.ENRR,3.98361077132501
TZA,Tanzania,2013,SE.TER.ENRR,3.67337417645482
TZA,Tanzania,2012,SE.TER.ENRR,3.96461947161333
TZA,Tanzania,2010,SE.TER.ENRR,2.13913621753427
TZA,Tanzania,2007,SE.TER.ENRR,1.46310997009277
TZA,Tanzania,2005,SE.TER.ENRR,1.42771995067596
THA,Thailand,2025,SE.TER.ENRR,49.0776442074561
THA,Thailand,2024,SE.TER.ENRR,44.9845744019321
THA,Thailand,2023,SE.TER.ENRR,45.4407811172674
THA,Thailand,2022,SE.TER.ENRR,43.29484965617
THA,Thailand,2021,SE.TER.ENRR,43.4690405127808
THA,Thailand,2020,SE.TER.ENRR,42.5900878816865
THA,Thailand,2019,SE.TER.ENRR,44.9880040072053
THA,Thailand,2018,SE.TER.ENRR,46.1667791174286
THA,Thailand,2017,SE.TER.ENRR,47.427491541895
THA,Thailand,2016,SE.TER.ENRR,49.3227291503798
THA,Thailand,2015,SE.TER.ENRR,45.713134717198
THA,Thailand,2014,SE.TER.ENRR,49.9091820021394
THA,Thailand,2013,SE.TER.ENRR,49.6879408184566
THA,Thailand,2012,SE.TER.ENRR,50.7403100613359
THA,Thailand,2011,SE.TER.ENRR,52.7332765596589
THA,Thailand,2010,SE.TER.ENRR,46.3783774485726
THA,Thailand,2009,SE.TER.ENRR,46.2023391723633
THA,Thailand,2008,SE.TER.ENRR,46.3521308898926
THA,Thailand,2007,SE.TER.ENRR,47.55419921875
THA,Thailand,2006,SE.TER.ENRR,44.1761817932129
THA,Thailand,2005,SE.TER.ENRR,44.3367195129395
TLS,Timor-Leste,2023,SE.TER.ENRR,30.9611108169641
TLS,Timor-Leste,2010,SE.TER.ENRR,17.7029094696045
TLS,Timor-Leste,2009,SE.TER.ENRR,16.5156002044678
TGO,Togo,2020,SE.TER.ENRR,14.9029897765252
TGO,Togo,2019,SE.TER.ENRR,13.1551472123617
TGO,Togo,2018,SE.TER.ENRR,12.9031599603185
TGO,Togo,2017,SE.TER.ENRR,12.3068653432672
TGO,Togo,2016,SE.TER.ENRR,12.0913340463942
TGO,Togo,2015,SE.TER.ENRR,10.8146472215817
TGO,Togo,2014,SE.TER.ENRR,10.5384945175632
TGO,Togo,2013,SE.TER.ENRR,10.8397865677878
TGO,Togo,2012,SE.TER.ENRR,10.7079137745625
TGO,Togo,2011,SE.TER.ENRR,9.66968081043628
TGO,Togo,2010,SE.TER.ENRR,8.90678270945479
TGO,Togo,2007,SE.TER.ENRR,5.5628399848938
TGO,Togo,2006,SE.TER.ENRR,4.9507098197937
TON,Tonga,2023,SE.TER.ENRR,42.8611738148984
TON,Tonga,2020,SE.TER.ENRR,21.2782986508118
TTO,Trinidad and Tobago,2024,SE.TER.ENRR,23.8493010569383
TUN,Tunisia,2023,SE.TER.ENRR,38.1219482421875
TUN,Tunisia,2022,SE.TER.ENRR,37.1276893615723
TUN,Tunisia,2021,SE.TER.ENRR,33.2740287780762
TUN,Tunisia,2020,SE.TER.ENRR,32.5181999206543
TUN,Tunisia,2019,SE.TER.ENRR,31.4410896301269
TUN,Tunisia,2018,SE.TER.ENRR,30.9594707489014
TUN,Tunisia,2017,SE.TER.ENRR,30.9277496337891
TUN,Tunisia,2016,SE.TER.ENRR,31.2128105163574
TUN,Tunisia,2015,SE.TER.ENRR,33.373851776123
TUN,Tunisia,2014,SE.TER.ENRR,33.7252311706543
TUN,Tunisia,2013,SE.TER.ENRR,34.2130088806152
TUN,Tunisia,2012,SE.TER.ENRR,36.0693092346191
TUN,Tunisia,2011,SE.TER.ENRR,35.942798614502
TUN,Tunisia,2010,SE.TER.ENRR,36.0425300598145
TUN,Tunisia,2009,SE.TER.ENRR,35.3081817626953
TUN,Tunisia,2008,SE.TER.ENRR,33.5827484130859
TUN,Tunisia,2007,SE.TER.ENRR,32.1416816711426
TUN,Tunisia,2006,SE.TER.ENRR,31.5884609222412
TUN,Tunisia,2005,SE.TER.ENRR,30.4263496398926
TUR,Turkiye,2023,SE.TER.ENRR,105.88606262207
TUR,Turkiye,2022,SE.TER.ENRR,127.577972412109
TUR,Turkiye,2021,SE.TER.ENRR,125.763786315918
TUR,Turkiye,2020,SE.TER.ENRR,118.883682250977
TUR,Turkiye,2019,SE.TER.ENRR,117.005470275879
TUR,Turkiye,2018,SE.TER.ENRR,115.462463378906
TUR,Turkiye,2017,SE.TER.ENRR,110.534072875977
TUR,Turkiye,2016,SE.TER.ENRR,103.71558380127
TUR,Turkiye,2015,SE.TER.ENRR,95.5645065307617
TUR,Turkiye,2014,SE.TER.ENRR,86.9976806640625
TUR,Turkiye,2013,SE.TER.ENRR,79.6469573974609
TUR,Turkiye,2012,SE.TER.ENRR,70.1044998168945
TUR,Turkiye,2011,SE.TER.ENRR,61.516300201416
TUR,Turkiye,2010,SE.TER.ENRR,56.7506217956543
TUR,Turkiye,2009,SE.TER.ENRR,46.9404602050781
TUR,Turkiye,2008,SE.TER.ENRR,40.7729606628418
TUR,Turkiye,2007,SE.TER.ENRR,39.3874015808105
TUR,Turkiye,2006,SE.TER.ENRR,37.3102416992188
TUR,Turkiye,2005,SE.TER.ENRR,33.2225189208984
TKM,Turkmenistan,2024,SE.TER.ENRR,20.4250351701637
TKM,Turkmenistan,2023,SE.TER.ENRR,18.8084201812744
TKM,Turkmenistan,2022,SE.TER.ENRR,16.7316012007071
TKM,Turkmenistan,2021,SE.TER.ENRR,14.5425982703266
TKM,Turkmenistan,2020,SE.TER.ENRR,12.4085702576356
TKM,Turkmenistan,2019,SE.TER.ENRR,11.0507708201956
TKM,Turkmenistan,2014,SE.TER.ENRR,7.00093637977294
TCA,Turks and Caicos Islands,2023,SE.TER.ENRR,25.2537080405933
TCA,Turks and Caicos Islands,2022,SE.TER.ENRR,16.973180770874
TCA,Turks and Caicos Islands,2019,SE.TER.ENRR,11.7383177570093
TCA,Turks and Caicos Islands,2018,SE.TER.ENRR,11.3000755857899
TCA,Turks and Caicos Islands,2017,SE.TER.ENRR,11.8171251452925
TCA,Turks and Caicos Islands,2016,SE.TER.ENRR,11.0619469026549
TCA,Turks and Caicos Islands,2015,SE.TER.ENRR,12.3809523809524
TCA,Turks and Caicos Islands,2014,SE.TER.ENRR,13.5160680529301
TCA,Turks and Caicos Islands,2010,SE.TER.ENRR,0.30978998541832
TCA,Turks and Caicos Islands,2008,SE.TER.ENRR,0.116480000317097
TUV,Tuvalu,2023,SE.TER.ENRR,19.3509615384615
UGA,Uganda,2014,SE.TER.ENRR,4.61899995803833
UGA,Uganda,2012,SE.TER.ENRR,3.74987006187439
UGA,Uganda,2011,SE.TER.ENRR,4.37658023834229
UGA,Uganda,2010,SE.TER.ENRR,3.9166100025177
UGA,Uganda,2009,SE.TER.ENRR,4.19193983078003
UGA,Uganda,2008,SE.TER.ENRR,3.80542993545532
UGA,Uganda,2006,SE.TER.ENRR,3.56147003173828
UKR,Ukraine,2024,SE.TER.ENRR,87.1920013427734
UKR,Ukraine,2023,SE.TER.ENRR,82.5533599853516
UKR,Ukraine,2021,SE.TER.ENRR,75.9079435107907
UKR,Ukraine,2020,SE.TER.ENRR,82.1345992180731
UKR,Ukraine,2019,SE.TER.ENRR,84.48135621115
UKR,Ukraine,2018,SE.TER.ENRR,81.4946716210446
UKR,Ukraine,2017,SE.TER.ENRR,80.1990246943391
UKR,Ukraine,2016,SE.TER.ENRR,77.0398374695438
UKR,Ukraine,2015,SE.TER.ENRR,76.8646556476929
UKR,Ukraine,2014,SE.TER.ENRR,83.7842174613245
UKR,Ukraine,2013,SE.TER.ENRR,81.5320112568844
UKR,Ukraine,2012,SE.TER.ENRR,83.8798999891598
UKR,Ukraine,2011,SE.TER.ENRR,84.7981059629784
UKR,Ukraine,2010,SE.TER.ENRR,81.9082510858655
UKR,Ukraine,2009,SE.TER.ENRR,82.4992523193359
UKR,Ukraine,2008,SE.TER.ENRR,79.7325210571289
UKR,Ukraine,2007,SE.TER.ENRR,76.2627563476562
UKR,Ukraine,2006,SE.TER.ENRR,71.939811706543
UKR,Ukraine,2005,SE.TER.ENRR,66.8898620605469
ARE,United Arab Emirates,2024,SE.TER.ENRR,63.7384451086316
ARE,United Arab Emirates,2023,SE.TER.ENRR,61.3456114422447
ARE,United Arab Emirates,2022,SE.TER.ENRR,60.4188226013954
ARE,United Arab Emirates,2021,SE.TER.ENRR,56.4520334436146
ARE,United Arab Emirates,2020,SE.TER.ENRR,54.9746998074699
ARE,United Arab Emirates,2019,SE.TER.ENRR,53.8814655213653
ARE,United Arab Emirates,2018,SE.TER.ENRR,53.2113281680102
GBR,United Kingdom,2023,SE.TER.ENRR,80.4146499633789
GBR,United Kingdom,2022,SE.TER.ENRR,79.7695083618164
GBR,United Kingdom,2021,SE.TER.ENRR,76.7543563842773
GBR,United Kingdom,2020,SE.TER.ENRR,69.4076614379883
GBR,United Kingdom,2019,SE.TER.ENRR,65.5119934082031
GBR,United Kingdom,2018,SE.TER.ENRR,61.1377716064453
GBR,United Kingdom,2017,SE.TER.ENRR,59.6282081604004
GBR,United Kingdom,2016,SE.TER.ENRR,58.083869934082
GBR,United Kingdom,2015,SE.TER.ENRR,56.4461288452148
GBR,United Kingdom,2014,SE.TER.ENRR,56.5240287780762
GBR,United Kingdom,2013,SE.TER.ENRR,56.7794799804688
GBR,United Kingdom,2012,SE.TER.ENRR,59.1535682678223
GBR,United Kingdom,2011,SE.TER.ENRR,59.3426704406738
GBR,United Kingdom,2010,SE.TER.ENRR,59.8467292785645
GBR,United Kingdom,2009,SE.TER.ENRR,59.101131439209
GBR,United Kingdom,2008,SE.TER.ENRR,57.4309883117676
GBR,United Kingdom,2007,SE.TER.ENRR,58.8450889587402
GBR,United Kingdom,2006,SE.TER.ENRR,59.1907196044922
GBR,United Kingdom,2005,SE.TER.ENRR,59.2745018005371
USA,United States,2022,SE.TER.ENRR,79.361930847168
USA,United States,2021,SE.TER.ENRR,84.8550872802734
USA,United States,2020,SE.TER.ENRR,87.5676574707031
USA,United States,2019,SE.TER.ENRR,87.8887100219727
USA,United States,2018,SE.TER.ENRR,88.2991790771484
USA,United States,2017,SE.TER.ENRR,88.1673889160156
USA,United States,2016,SE.TER.ENRR,88.8350524902344
USA,United States,2015,SE.TER.ENRR,88.8894119262695
USA,United States,2014,SE.TER.ENRR,88.6268692016602
USA,United States,2013,SE.TER.ENRR,88.7264175415039
USA,United States,2005,SE.TER.ENRR,80.6348266601562
URY,Uruguay,2023,SE.TER.ENRR,79.9536903496537
URY,Uruguay,2022,SE.TER.ENRR,76.3977408357972
URY,Uruguay,2021,SE.TER.ENRR,75.1713873701582
URY,Uruguay,2020,SE.TER.ENRR,64.9332150107214
URY,Uruguay,2019,SE.TER.ENRR,61.9644279466795
URY,Uruguay,2018,SE.TER.ENRR,60.2781342968002
URY,Uruguay,2017,SE.TER.ENRR,59.7518904286933
URY,Uruguay,2016,SE.TER.ENRR,59.6462945758069
URY,Uruguay,2015,SE.TER.ENRR,57.7897211461691
URY,Uruguay,2014,SE.TER.ENRR,59.826704311423
URY,Uruguay,2013,SE.TER.ENRR,59.9512588300598
URY,Uruguay,2012,SE.TER.ENRR,54.7069093768187
URY,Uruguay,2011,SE.TER.ENRR,52.5558159999377
URY,Uruguay,2010,SE.TER.ENRR,51.8884303512712
URY,Uruguay,2009,SE.TER.ENRR,50.9438095092773
URY,Uruguay,2008,SE.TER.ENRR,51.0627593994141
URY,Uruguay,2007,SE.TER.ENRR,50.3921318054199
URY,Uruguay,2006,SE.TER.ENRR,45.3399810791016
URY,Uruguay,2005,SE.TER.ENRR,44.3836708068848
UZB,Uzbekistan,2025,SE.TER.ENRR,59.8086982926392
UZB,Uzbekistan,2024,SE.TER.ENRR,56.517478700865
UZB,Uzbekistan,2023,SE.TER.ENRR,45.7591768686293
UZB,Uzbekistan,2022,SE.TER.ENRR,31.701936179599
UZB,Uzbekistan,2021,SE.TER.ENRR,22.0939011675309
UZB,Uzbekistan,2020,SE.TER.ENRR,15.9720957084892
UZB,Uzbekistan,2019,SE.TER.ENRR,13.0316667432446
UZB,Uzbekistan,2018,SE.TER.ENRR,9.95855522351711
UZB,Uzbekistan,2017,SE.TER.ENRR,8.64750307019382
UZB,Uzbekistan,2016,SE.TER.ENRR,8.33958377998093
UZB,Uzbekistan,2015,SE.TER.ENRR,8.05320814639575
UZB,Uzbekistan,2014,SE.TER.ENRR,7.99231869405469
UZB,Uzbekistan,2013,SE.TER.ENRR,7.97676963416095
UZB,Uzbekistan,2012,SE.TER.ENRR,7.84954008903504
UZB,Uzbekistan,2011,SE.TER.ENRR,8.58497947573208
UZB,Uzbekistan,2010,SE.TER.ENRR,8.85653237012253
UZB,Uzbekistan,2009,SE.TER.ENRR,9.8161096572876
UZB,Uzbekistan,2008,SE.TER.ENRR,9.89933967590332
UZB,Uzbekistan,2007,SE.TER.ENRR,9.83143043518066
UZB,Uzbekistan,2006,SE.TER.ENRR,9.96053028106689
UZB,Uzbekistan,2005,SE.TER.ENRR,9.84444999694824
VEN,"Venezuela, RB",2009,SE.TER.ENRR,78.2699203491211
VEN,"Venezuela, RB",2008,SE.TER.ENRR,78.2515029907227
VNM,Viet Nam,2024,SE.TER.ENRR,37.5923642016718
VNM,Viet Nam,2023,SE.TER.ENRR,32.8415128147815
VNM,Viet Nam,2022,SE.TER.ENRR,44.7536854027422
VNM,Viet Nam,2021,SE.TER.ENRR,41.9554971195048
VNM,Viet Nam,2019,SE.TER.ENRR,30.2241191864014
VNM,Viet Nam,2017,SE.TER.ENRR,25.9526307046456
VNM,Viet Nam,2016,SE.TER.ENRR,29.0811980839409
VNM,Viet Nam,2015,SE.TER.ENRR,29.7250797402999
VNM,Viet Nam,2014,SE.TER.ENRR,31.3306389293887
VNM,Viet Nam,2013,SE.TER.ENRR,25.6249412769592
VNM,Viet Nam,2012,SE.TER.ENRR,25.7487091222031
VNM,Viet Nam,2011,SE.TER.ENRR,25.8674734818525
VNM,Viet Nam,2010,SE.TER.ENRR,23.9250975429329
VNM,Viet Nam,2009,SE.TER.ENRR,21.5007190704346
VNM,Viet Nam,2008,SE.TER.ENRR,20.0552005767822
VNM,Viet Nam,2007,SE.TER.ENRR,18.9504508972168
VNM,Viet Nam,2006,SE.TER.ENRR,16.8052501678467
VNM,Viet Nam,2005,SE.TER.ENRR,15.8760204315185
PSE,West Bank and Gaza,2023,SE.TER.ENRR,44.4904623709098
PSE,West Bank and Gaza,2022,SE.TER.ENRR,45.7982801281791
PSE,West Bank and Gaza,2021,SE.TER.ENRR,44.2081176768623
PSE,West Bank and Gaza,2020,SE.TER.ENRR,45.3895360497376
PSE,West Bank and Gaza,2019,SE.TER.ENRR,45.6330464687168
PSE,West Bank and Gaza,2018,SE.TER.ENRR,46.4852162059319
PSE,West Bank and Gaza,2017,SE.TER.ENRR,45.5044081379083
PSE,West Bank and Gaza,2016,SE.TER.ENRR,45.3924907557838
PSE,West Bank and Gaza,2015,SE.TER.ENRR,46.0871831764203
PSE,West Bank and Gaza,2014,SE.TER.ENRR,44.8451220304662
PSE,West Bank and Gaza,2013,SE.TER.ENRR,45.2354836861858
PSE,West Bank and Gaza,2012,SE.TER.ENRR,47.0416991089195
PSE,West Bank and Gaza,2011,SE.TER.ENRR,47.5094364758648
PSE,West Bank and Gaza,2010,SE.TER.ENRR,45.0943742403046
PSE,West Bank and Gaza,2009,SE.TER.ENRR,43.4091491699219
PSE,West Bank and Gaza,2008,SE.TER.ENRR,44.7015686035156
PSE,West Bank and Gaza,2007,SE.TER.ENRR,43.544979095459
PSE,West Bank and Gaza,2006,SE.TER.ENRR,40.1437492370605
PSE,West Bank and Gaza,2005,SE.TER.ENRR,38.400749206543
YEM,"Yemen, Rep.",2011,SE.TER.ENRR,8.80690002441406
YEM,"Yemen, Rep.",2010,SE.TER.ENRR,9.26154041290283
YEM,"Yemen, Rep.",2009,SE.TER.ENRR,9.69779014587402
YEM,"Yemen, Rep.",2008,SE.TER.ENRR,9.20860004425049
YEM,"Yemen, Rep.",2007,SE.TER.ENRR,9.04864025115967
YEM,"Yemen, Rep.",2006,SE.TER.ENRR,8.00743007659912
YEM,"Yemen, Rep.",2005,SE.TER.ENRR,8.33720016479492
ZMB,Zambia,2012,SE.TER.ENRR,3.96159738763825
ZMB,Zambia,2011,SE.TER.ENRR,3.99062158481189
ZWE,Zimbabwe,2024,SE.TER.ENRR,7.74912957845971
ZWE,Zimbabwe,2015,SE.TER.ENRR,11.0489020370076
ZWE,Zimbabwe,2013,SE.TER.ENRR,7.31873655658947
ZWE,Zimbabwe,2012,SE.TER.ENRR,7.12874147164551
ZWE,Zimbabwe,2011,SE.TER.ENRR,7.111226643716
ZWE,Zimbabwe,2010,SE.TER.ENRR,6.9457720142893
