country_code,country_name,year,indicator_code,value
AFE,Africa Eastern and Southern,2023,SE.XPD.TOTL.GD.ZS,3.96229304413263
AFE,Africa Eastern and Southern,2022,SE.XPD.TOTL.GD.ZS,3.69766802106406
AFE,Africa Eastern and Southern,2021,SE.XPD.TOTL.GD.ZS,4.36837948133246
AFE,Africa Eastern and Southern,2020,SE.XPD.TOTL.GD.ZS,4.0905654220699
AFE,Africa Eastern and Southern,2019,SE.XPD.TOTL.GD.ZS,4.51140984355031
AFE,Africa Eastern and Southern,2018,SE.XPD.TOTL.GD.ZS,4.9091899394989
AFE,Africa Eastern and Southern,2017,SE.XPD.TOTL.GD.ZS,4.5962700843811
AFE,Africa Eastern and Southern,2016,SE.XPD.TOTL.GD.ZS,4.69199991226196
AFE,Africa Eastern and Southern,2015,SE.XPD.TOTL.GD.ZS,4.73791868878759
AFE,Africa Eastern and Southern,2014,SE.XPD.TOTL.GD.ZS,4.65965986251831
AFE,Africa Eastern and Southern,2013,SE.XPD.TOTL.GD.ZS,4.63769446369719
AFE,Africa Eastern and Southern,2012,SE.XPD.TOTL.GD.ZS,4.67612504959106
AFE,Africa Eastern and Southern,2011,SE.XPD.TOTL.GD.ZS,4.63901452250474
AFE,Africa Eastern and Southern,2010,SE.XPD.TOTL.GD.ZS,4.02403008937836
AFE,Africa Eastern and Southern,2008,SE.XPD.TOTL.GD.ZS,4.28008008003235
AFE,Africa Eastern and Southern,2006,SE.XPD.TOTL.GD.ZS,3.7359299659729
AFE,Africa Eastern and Southern,2005,SE.XPD.TOTL.GD.ZS,3.85834002494812
AFW,Africa Western and Central,2023,SE.XPD.TOTL.GD.ZS,3.21562023947166
AFW,Africa Western and Central,2022,SE.XPD.TOTL.GD.ZS,2.89168744551701
AFW,Africa Western and Central,2021,SE.XPD.TOTL.GD.ZS,3.09692638090381
AFW,Africa Western and Central,2020,SE.XPD.TOTL.GD.ZS,3.3367600440979
AFW,Africa Western and Central,2019,SE.XPD.TOTL.GD.ZS,3.00001001358032
AFW,Africa Western and Central,2018,SE.XPD.TOTL.GD.ZS,3.00657498836517
AFW,Africa Western and Central,2017,SE.XPD.TOTL.GD.ZS,3.12012994289398
AFW,Africa Western and Central,2016,SE.XPD.TOTL.GD.ZS,2.57739496231079
AFW,Africa Western and Central,2015,SE.XPD.TOTL.GD.ZS,3.13882994651794
AFW,Africa Western and Central,2014,SE.XPD.TOTL.GD.ZS,2.66667008399963
AFW,Africa Western and Central,2013,SE.XPD.TOTL.GD.ZS,2.70691990852356
AFW,Africa Western and Central,2012,SE.XPD.TOTL.GD.ZS,2.68840026027393
AFW,Africa Western and Central,2011,SE.XPD.TOTL.GD.ZS,2.65335988998413
AFW,Africa Western and Central,2010,SE.XPD.TOTL.GD.ZS,2.7219500541687
AFW,Africa Western and Central,2009,SE.XPD.TOTL.GD.ZS,2.90790009498596
AFW,Africa Western and Central,2008,SE.XPD.TOTL.GD.ZS,2.49826002120972
AFW,Africa Western and Central,2006,SE.XPD.TOTL.GD.ZS,2.55851006507873
AFW,Africa Western and Central,2005,SE.XPD.TOTL.GD.ZS,2.44700992107391
ARB,Arab World,2020,SE.XPD.TOTL.GD.ZS,3.76860740670194
ARB,Arab World,2019,SE.XPD.TOTL.GD.ZS,3.42432999610901
ARB,Arab World,2008,SE.XPD.TOTL.GD.ZS,4.22755002975464
ARB,Arab World,2006,SE.XPD.TOTL.GD.ZS,3.75997996330261
CSS,Caribbean small states,2023,SE.XPD.TOTL.GD.ZS,3.23358011245727
CSS,Caribbean small states,2022,SE.XPD.TOTL.GD.ZS,2.81801009178162
CSS,Caribbean small states,2021,SE.XPD.TOTL.GD.ZS,3.04397988319397
CSS,Caribbean small states,2020,SE.XPD.TOTL.GD.ZS,4.22041988372803
CSS,Caribbean small states,2019,SE.XPD.TOTL.GD.ZS,3.55386116245268
CSS,Caribbean small states,2018,SE.XPD.TOTL.GD.ZS,3.47141762674052
CSS,Caribbean small states,2017,SE.XPD.TOTL.GD.ZS,3.3293687903123
CSS,Caribbean small states,2016,SE.XPD.TOTL.GD.ZS,4.21428227509361
CSS,Caribbean small states,2015,SE.XPD.TOTL.GD.ZS,4.42459330779419
CSS,Caribbean small states,2014,SE.XPD.TOTL.GD.ZS,3.59013796983043
CSS,Caribbean small states,2013,SE.XPD.TOTL.GD.ZS,3.75275872925405
CSS,Caribbean small states,2012,SE.XPD.TOTL.GD.ZS,3.57398000577018
CSS,Caribbean small states,2011,SE.XPD.TOTL.GD.ZS,3.85078840215008
CSS,Caribbean small states,2010,SE.XPD.TOTL.GD.ZS,4.21155458844183
CEB,Central Europe and the Baltics,2022,SE.XPD.TOTL.GD.ZS,4.31669998168945
CEB,Central Europe and the Baltics,2021,SE.XPD.TOTL.GD.ZS,4.65407991409302
CEB,Central Europe and the Baltics,2020,SE.XPD.TOTL.GD.ZS,4.62503004074097
CEB,Central Europe and the Baltics,2019,SE.XPD.TOTL.GD.ZS,4.26779985427856
CEB,Central Europe and the Baltics,2018,SE.XPD.TOTL.GD.ZS,4.21541023254395
CEB,Central Europe and the Baltics,2017,SE.XPD.TOTL.GD.ZS,4.07754993438721
CEB,Central Europe and the Baltics,2016,SE.XPD.TOTL.GD.ZS,4.61468505859375
CEB,Central Europe and the Baltics,2015,SE.XPD.TOTL.GD.ZS,4.67582988739014
CEB,Central Europe and the Baltics,2014,SE.XPD.TOTL.GD.ZS,4.41676497459412
CEB,Central Europe and the Baltics,2013,SE.XPD.TOTL.GD.ZS,4.50127983093262
CEB,Central Europe and the Baltics,2012,SE.XPD.TOTL.GD.ZS,4.43195486068726
CEB,Central Europe and the Baltics,2011,SE.XPD.TOTL.GD.ZS,4.57056999206543
CEB,Central Europe and the Baltics,2010,SE.XPD.TOTL.GD.ZS,4.73365020751953
CEB,Central Europe and the Baltics,2009,SE.XPD.TOTL.GD.ZS,4.95626020431519
CEB,Central Europe and the Baltics,2008,SE.XPD.TOTL.GD.ZS,4.83649015426636
CEB,Central Europe and the Baltics,2007,SE.XPD.TOTL.GD.ZS,4.59159994125366
CEB,Central Europe and the Baltics,2006,SE.XPD.TOTL.GD.ZS,4.83653020858765
CEB,Central Europe and the Baltics,2005,SE.XPD.TOTL.GD.ZS,4.80935001373291
EAR,Early-demographic dividend,2023,SE.XPD.TOTL.GD.ZS,3.393709897995
EAR,Early-demographic dividend,2022,SE.XPD.TOTL.GD.ZS,3.59546935615519
EAR,Early-demographic dividend,2021,SE.XPD.TOTL.GD.ZS,3.86070382057691
EAR,Early-demographic dividend,2020,SE.XPD.TOTL.GD.ZS,4.0905654220699
EAR,Early-demographic dividend,2019,SE.XPD.TOTL.GD.ZS,3.48983027194334
EAR,Early-demographic dividend,2018,SE.XPD.TOTL.GD.ZS,3.8861300945282
EAR,Early-demographic dividend,2017,SE.XPD.TOTL.GD.ZS,3.93130993843079
EAR,Early-demographic dividend,2016,SE.XPD.TOTL.GD.ZS,4.00170004367829
EAR,Early-demographic dividend,2015,SE.XPD.TOTL.GD.ZS,4.0238801240921
EAR,Early-demographic dividend,2014,SE.XPD.TOTL.GD.ZS,3.89878023242693
EAR,Early-demographic dividend,2013,SE.XPD.TOTL.GD.ZS,4.4985499382019
EAR,Early-demographic dividend,2012,SE.XPD.TOTL.GD.ZS,4.20262503623962
EAR,Early-demographic dividend,2011,SE.XPD.TOTL.GD.ZS,3.87058997154235
EAR,Early-demographic dividend,2010,SE.XPD.TOTL.GD.ZS,4.00675010681152
EAR,Early-demographic dividend,2008,SE.XPD.TOTL.GD.ZS,4.11142015457153
EAR,Early-demographic dividend,2007,SE.XPD.TOTL.GD.ZS,3.60984992980957
EAR,Early-demographic dividend,2006,SE.XPD.TOTL.GD.ZS,4.12821006774902
EAS,East Asia & Pacific,2023,SE.XPD.TOTL.GD.ZS,3.51481008529663
EAS,East Asia & Pacific,2022,SE.XPD.TOTL.GD.ZS,2.88738689372749
EAS,East Asia & Pacific,2021,SE.XPD.TOTL.GD.ZS,2.98212428478268
EAS,East Asia & Pacific,2020,SE.XPD.TOTL.GD.ZS,3.30628991127014
EAS,East Asia & Pacific,2019,SE.XPD.TOTL.GD.ZS,3.08499832693462
EAS,East Asia & Pacific,2018,SE.XPD.TOTL.GD.ZS,3.19769395901619
EAS,East Asia & Pacific,2017,SE.XPD.TOTL.GD.ZS,3.41865686539527
EAS,East Asia & Pacific,2016,SE.XPD.TOTL.GD.ZS,3.38517552407879
EAS,East Asia & Pacific,2015,SE.XPD.TOTL.GD.ZS,3.50010727729012
EAS,East Asia & Pacific,2014,SE.XPD.TOTL.GD.ZS,3.54012312110584
EAS,East Asia & Pacific,2013,SE.XPD.TOTL.GD.ZS,3.94216501712799
EAS,East Asia & Pacific,2012,SE.XPD.TOTL.GD.ZS,3.50960993766785
EAS,East Asia & Pacific,2011,SE.XPD.TOTL.GD.ZS,3.51174998283386
EAS,East Asia & Pacific,2010,SE.XPD.TOTL.GD.ZS,3.5100200176239
EAS,East Asia & Pacific,2009,SE.XPD.TOTL.GD.ZS,3.86193990707398
EAS,East Asia & Pacific,2008,SE.XPD.TOTL.GD.ZS,3.26652002334595
EAS,East Asia & Pacific,2007,SE.XPD.TOTL.GD.ZS,3.17887997627258
EAP,East Asia & Pacific (excluding high income),2023,SE.XPD.TOTL.GD.ZS,3.01801614079218
EAP,East Asia & Pacific (excluding high income),2022,SE.XPD.TOTL.GD.ZS,2.28490151187525
EAP,East Asia & Pacific (excluding high income),2021,SE.XPD.TOTL.GD.ZS,2.94517488804327
EAP,East Asia & Pacific (excluding high income),2020,SE.XPD.TOTL.GD.ZS,3.15314171737183
EAP,East Asia & Pacific (excluding high income),2019,SE.XPD.TOTL.GD.ZS,2.5778339953863
EAP,East Asia & Pacific (excluding high income),2018,SE.XPD.TOTL.GD.ZS,2.76635312459968
EAP,East Asia & Pacific (excluding high income),2017,SE.XPD.TOTL.GD.ZS,3.44198917089946
EAP,East Asia & Pacific (excluding high income),2016,SE.XPD.TOTL.GD.ZS,3.46906995773315
EAP,East Asia & Pacific (excluding high income),2015,SE.XPD.TOTL.GD.ZS,3.58361005783081
EAP,East Asia & Pacific (excluding high income),2014,SE.XPD.TOTL.GD.ZS,3.54012312110584
EAP,East Asia & Pacific (excluding high income),2013,SE.XPD.TOTL.GD.ZS,4.32617497444153
EAP,East Asia & Pacific (excluding high income),2012,SE.XPD.TOTL.GD.ZS,4.47245001792908
EAP,East Asia & Pacific (excluding high income),2011,SE.XPD.TOTL.GD.ZS,3.7802300453186
EAP,East Asia & Pacific (excluding high income),2010,SE.XPD.TOTL.GD.ZS,3.77720499038697
EAP,East Asia & Pacific (excluding high income),2009,SE.XPD.TOTL.GD.ZS,3.86193990707398
EAP,East Asia & Pacific (excluding high income),2008,SE.XPD.TOTL.GD.ZS,3.50850009918213
EAP,East Asia & Pacific (excluding high income),2007,SE.XPD.TOTL.GD.ZS,3.07841992378235
TEA,East Asia & Pacific (IDA & IBRD countries),2023,SE.XPD.TOTL.GD.ZS,3.01801614079218
TEA,East Asia & Pacific (IDA & IBRD countries),2022,SE.XPD.TOTL.GD.ZS,2.28490151187525
TEA,East Asia & Pacific (IDA & IBRD countries),2021,SE.XPD.TOTL.GD.ZS,2.94517488804327
TEA,East Asia & Pacific (IDA & IBRD countries),2020,SE.XPD.TOTL.GD.ZS,3.15314171737183
TEA,East Asia & Pacific (IDA & IBRD countries),2019,SE.XPD.TOTL.GD.ZS,2.5778339953863
TEA,East Asia & Pacific (IDA & IBRD countries),2018,SE.XPD.TOTL.GD.ZS,2.76635312459968
TEA,East Asia & Pacific (IDA & IBRD countries),2017,SE.XPD.TOTL.GD.ZS,3.44198917089946
TEA,East Asia & Pacific (IDA & IBRD countries),2016,SE.XPD.TOTL.GD.ZS,3.46906995773315
TEA,East Asia & Pacific (IDA & IBRD countries),2015,SE.XPD.TOTL.GD.ZS,3.58361005783081
TEA,East Asia & Pacific (IDA & IBRD countries),2014,SE.XPD.TOTL.GD.ZS,3.54012312110584
TEA,East Asia & Pacific (IDA & IBRD countries),2013,SE.XPD.TOTL.GD.ZS,4.32617497444153
TEA,East Asia & Pacific (IDA & IBRD countries),2012,SE.XPD.TOTL.GD.ZS,4.47245001792908
TEA,East Asia & Pacific (IDA & IBRD countries),2011,SE.XPD.TOTL.GD.ZS,3.7802300453186
TEA,East Asia & Pacific (IDA & IBRD countries),2010,SE.XPD.TOTL.GD.ZS,3.77720499038697
TEA,East Asia & Pacific (IDA & IBRD countries),2009,SE.XPD.TOTL.GD.ZS,3.86193990707398
TEA,East Asia & Pacific (IDA & IBRD countries),2008,SE.XPD.TOTL.GD.ZS,3.50850009918213
TEA,East Asia & Pacific (IDA & IBRD countries),2007,SE.XPD.TOTL.GD.ZS,3.07841992378235
EMU,Euro area,2022,SE.XPD.TOTL.GD.ZS,4.74210977554321
EMU,Euro area,2021,SE.XPD.TOTL.GD.ZS,4.94782495498657
EMU,Euro area,2020,SE.XPD.TOTL.GD.ZS,5.14444994926452
EMU,Euro area,2019,SE.XPD.TOTL.GD.ZS,4.6275200843811
EMU,Euro area,2018,SE.XPD.TOTL.GD.ZS,4.5368549823761
EMU,Euro area,2017,SE.XPD.TOTL.GD.ZS,4.77830982208252
EMU,Euro area,2016,SE.XPD.TOTL.GD.ZS,4.82350015640259
EMU,Euro area,2015,SE.XPD.TOTL.GD.ZS,4.89425992965698
EMU,Euro area,2014,SE.XPD.TOTL.GD.ZS,4.9729449748993
EMU,Euro area,2013,SE.XPD.TOTL.GD.ZS,5.23177003860474
EMU,Euro area,2012,SE.XPD.TOTL.GD.ZS,4.94226980209351
EMU,Euro area,2011,SE.XPD.TOTL.GD.ZS,5.15469980239868
EMU,Euro area,2010,SE.XPD.TOTL.GD.ZS,5.40499019622803
EMU,Euro area,2009,SE.XPD.TOTL.GD.ZS,5.59510493278503
EMU,Euro area,2008,SE.XPD.TOTL.GD.ZS,4.99737977981567
EMU,Euro area,2007,SE.XPD.TOTL.GD.ZS,4.71541976928711
EMU,Euro area,2006,SE.XPD.TOTL.GD.ZS,4.90769004821777
EMU,Euro area,2005,SE.XPD.TOTL.GD.ZS,4.87698984146118
ECS,Europe & Central Asia,2022,SE.XPD.TOTL.GD.ZS,4.56857490539551
ECS,Europe & Central Asia,2021,SE.XPD.TOTL.GD.ZS,4.7092399597168
ECS,Europe & Central Asia,2020,SE.XPD.TOTL.GD.ZS,4.85690999031067
ECS,Europe & Central Asia,2019,SE.XPD.TOTL.GD.ZS,4.60705995559693
ECS,Europe & Central Asia,2018,SE.XPD.TOTL.GD.ZS,4.64193511009216
ECS,Europe & Central Asia,2017,SE.XPD.TOTL.GD.ZS,4.64034986495972
ECS,Europe & Central Asia,2016,SE.XPD.TOTL.GD.ZS,4.82350015640259
ECS,Europe & Central Asia,2015,SE.XPD.TOTL.GD.ZS,4.78751993179321
ECS,Europe & Central Asia,2014,SE.XPD.TOTL.GD.ZS,4.82582998275757
ECS,Europe & Central Asia,2013,SE.XPD.TOTL.GD.ZS,4.99779987335205
ECS,Europe & Central Asia,2012,SE.XPD.TOTL.GD.ZS,4.80692505836487
ECS,Europe & Central Asia,2011,SE.XPD.TOTL.GD.ZS,4.85663986206055
ECS,Europe & Central Asia,2010,SE.XPD.TOTL.GD.ZS,5.14355993270874
ECS,Europe & Central Asia,2009,SE.XPD.TOTL.GD.ZS,5.06263017654419
ECS,Europe & Central Asia,2008,SE.XPD.TOTL.GD.ZS,4.90972995758057
ECS,Europe & Central Asia,2007,SE.XPD.TOTL.GD.ZS,4.71541976928711
ECS,Europe & Central Asia,2006,SE.XPD.TOTL.GD.ZS,4.90769004821777
ECS,Europe & Central Asia,2005,SE.XPD.TOTL.GD.ZS,4.87698984146118
ECA,Europe & Central Asia (excluding high income),2023,SE.XPD.TOTL.GD.ZS,3.70918011665344
ECA,Europe & Central Asia (excluding high income),2022,SE.XPD.TOTL.GD.ZS,3.66751503944397
ECA,Europe & Central Asia (excluding high income),2021,SE.XPD.TOTL.GD.ZS,4.13580989837646
ECA,Europe & Central Asia (excluding high income),2020,SE.XPD.TOTL.GD.ZS,4.38613486289978
ECA,Europe & Central Asia (excluding high income),2019,SE.XPD.TOTL.GD.ZS,4.04449987411499
ECA,Europe & Central Asia (excluding high income),2018,SE.XPD.TOTL.GD.ZS,4.095134973526
ECA,Europe & Central Asia (excluding high income),2017,SE.XPD.TOTL.GD.ZS,3.94454503059388
ECA,Europe & Central Asia (excluding high income),2016,SE.XPD.TOTL.GD.ZS,4.44612503051758
ECA,Europe & Central Asia (excluding high income),2015,SE.XPD.TOTL.GD.ZS,4.30550003051758
ECA,Europe & Central Asia (excluding high income),2014,SE.XPD.TOTL.GD.ZS,4.41256999969482
ECA,Europe & Central Asia (excluding high income),2013,SE.XPD.TOTL.GD.ZS,4.67710995674133
ECA,Europe & Central Asia (excluding high income),2012,SE.XPD.TOTL.GD.ZS,3.95983358975396
ECA,Europe & Central Asia (excluding high income),2011,SE.XPD.TOTL.GD.ZS,4.00433015823365
ECA,Europe & Central Asia (excluding high income),2009,SE.XPD.TOTL.GD.ZS,4.2055299282074
ECA,Europe & Central Asia (excluding high income),2007,SE.XPD.TOTL.GD.ZS,3.41326999664307
ECA,Europe & Central Asia (excluding high income),2006,SE.XPD.TOTL.GD.ZS,3.25310504436493
ECA,Europe & Central Asia (excluding high income),2005,SE.XPD.TOTL.GD.ZS,3.35618495941162
TEC,Europe & Central Asia (IDA & IBRD countries),2023,SE.XPD.TOTL.GD.ZS,3.93686432529785
TEC,Europe & Central Asia (IDA & IBRD countries),2022,SE.XPD.TOTL.GD.ZS,3.90450382025902
TEC,Europe & Central Asia (IDA & IBRD countries),2021,SE.XPD.TOTL.GD.ZS,4.11373496055603
TEC,Europe & Central Asia (IDA & IBRD countries),2020,SE.XPD.TOTL.GD.ZS,4.40854978561401
TEC,Europe & Central Asia (IDA & IBRD countries),2019,SE.XPD.TOTL.GD.ZS,3.99502992630005
TEC,Europe & Central Asia (IDA & IBRD countries),2018,SE.XPD.TOTL.GD.ZS,4.05201005935669
TEC,Europe & Central Asia (IDA & IBRD countries),2017,SE.XPD.TOTL.GD.ZS,4.07754993438721
TEC,Europe & Central Asia (IDA & IBRD countries),2016,SE.XPD.TOTL.GD.ZS,4.09224009513855
TEC,Europe & Central Asia (IDA & IBRD countries),2015,SE.XPD.TOTL.GD.ZS,3.88469004631042
TEC,Europe & Central Asia (IDA & IBRD countries),2014,SE.XPD.TOTL.GD.ZS,4.19388008117676
TEC,Europe & Central Asia (IDA & IBRD countries),2013,SE.XPD.TOTL.GD.ZS,4.34479999542236
TEC,Europe & Central Asia (IDA & IBRD countries),2012,SE.XPD.TOTL.GD.ZS,3.84736856575951
TEC,Europe & Central Asia (IDA & IBRD countries),2011,SE.XPD.TOTL.GD.ZS,3.93511009216309
TEC,Europe & Central Asia (IDA & IBRD countries),2010,SE.XPD.TOTL.GD.ZS,4.00675010681152
TEC,Europe & Central Asia (IDA & IBRD countries),2009,SE.XPD.TOTL.GD.ZS,4.29351997375488
TEC,Europe & Central Asia (IDA & IBRD countries),2008,SE.XPD.TOTL.GD.ZS,4.10174989700317
TEC,Europe & Central Asia (IDA & IBRD countries),2007,SE.XPD.TOTL.GD.ZS,3.96898007392883
TEC,Europe & Central Asia (IDA & IBRD countries),2006,SE.XPD.TOTL.GD.ZS,3.88486003875732
TEC,Europe & Central Asia (IDA & IBRD countries),2005,SE.XPD.TOTL.GD.ZS,3.64203000068665
EUU,European Union,2022,SE.XPD.TOTL.GD.ZS,4.65688991546631
EUU,European Union,2021,SE.XPD.TOTL.GD.ZS,4.79329490661621
EUU,European Union,2020,SE.XPD.TOTL.GD.ZS,4.93078994750977
EUU,European Union,2019,SE.XPD.TOTL.GD.ZS,4.62736988067627
EUU,European Union,2018,SE.XPD.TOTL.GD.ZS,4.58276510238647
EUU,European Union,2017,SE.XPD.TOTL.GD.ZS,4.64034986495972
EUU,European Union,2016,SE.XPD.TOTL.GD.ZS,4.82350015640259
EUU,European Union,2015,SE.XPD.TOTL.GD.ZS,4.84087491035461
EUU,European Union,2014,SE.XPD.TOTL.GD.ZS,4.88220500946045
EUU,European Union,2013,SE.XPD.TOTL.GD.ZS,4.99779987335205
EUU,European Union,2012,SE.XPD.TOTL.GD.ZS,4.83311986923218
EUU,European Union,2011,SE.XPD.TOTL.GD.ZS,5.11688995361328
EUU,European Union,2010,SE.XPD.TOTL.GD.ZS,5.36880016326904
EUU,European Union,2009,SE.XPD.TOTL.GD.ZS,5.56628990173339
EUU,European Union,2008,SE.XPD.TOTL.GD.ZS,4.99737977981567
EUU,European Union,2007,SE.XPD.TOTL.GD.ZS,4.85854005813599
EUU,European Union,2006,SE.XPD.TOTL.GD.ZS,4.94490003585815
EUU,European Union,2005,SE.XPD.TOTL.GD.ZS,5.07393980026245
HPC,Heavily indebted poor countries (HIPC),2023,SE.XPD.TOTL.GD.ZS,3.24413772101569
HPC,Heavily indebted poor countries (HIPC),2022,SE.XPD.TOTL.GD.ZS,3.0972642678305
HPC,Heavily indebted poor countries (HIPC),2021,SE.XPD.TOTL.GD.ZS,3.31281536274069
HPC,Heavily indebted poor countries (HIPC),2020,SE.XPD.TOTL.GD.ZS,3.3367600440979
HPC,Heavily indebted poor countries (HIPC),2019,SE.XPD.TOTL.GD.ZS,3.24268818288225
HPC,Heavily indebted poor countries (HIPC),2018,SE.XPD.TOTL.GD.ZS,3.26730489730835
HPC,Heavily indebted poor countries (HIPC),2017,SE.XPD.TOTL.GD.ZS,3.53362989425659
HPC,Heavily indebted poor countries (HIPC),2016,SE.XPD.TOTL.GD.ZS,3.28257989883423
HPC,Heavily indebted poor countries (HIPC),2015,SE.XPD.TOTL.GD.ZS,3.37495994567871
HPC,Heavily indebted poor countries (HIPC),2014,SE.XPD.TOTL.GD.ZS,3.31992995738984
HPC,Heavily indebted poor countries (HIPC),2013,SE.XPD.TOTL.GD.ZS,3.45445990562439
HPC,Heavily indebted poor countries (HIPC),2012,SE.XPD.TOTL.GD.ZS,3.04694497585296
HPC,Heavily indebted poor countries (HIPC),2011,SE.XPD.TOTL.GD.ZS,3.07750010490417
HPC,Heavily indebted poor countries (HIPC),2010,SE.XPD.TOTL.GD.ZS,2.95976996421814
HPC,Heavily indebted poor countries (HIPC),2009,SE.XPD.TOTL.GD.ZS,3.08927011489868
HPC,Heavily indebted poor countries (HIPC),2008,SE.XPD.TOTL.GD.ZS,2.72311997413635
HPC,Heavily indebted poor countries (HIPC),2006,SE.XPD.TOTL.GD.ZS,2.6916949748993
HPC,Heavily indebted poor countries (HIPC),2005,SE.XPD.TOTL.GD.ZS,2.65660500526428
,High income,2022,SE.XPD.TOTL.GD.ZS,4.69949984550476
,High income,2021,SE.XPD.TOTL.GD.ZS,4.77058482170105
,High income,2020,SE.XPD.TOTL.GD.ZS,4.87601494789124
,High income,2019,SE.XPD.TOTL.GD.ZS,4.62744498252868
,High income,2018,SE.XPD.TOTL.GD.ZS,4.60567998886108
,High income,2017,SE.XPD.TOTL.GD.ZS,4.68990993499756
,High income,2016,SE.XPD.TOTL.GD.ZS,4.78327989578247
,High income,2015,SE.XPD.TOTL.GD.ZS,4.76157999038696
,High income,2014,SE.XPD.TOTL.GD.ZS,4.78875994682312
,High income,2013,SE.XPD.TOTL.GD.ZS,4.78006982803345
,High income,2012,SE.XPD.TOTL.GD.ZS,4.78232002258301
,High income,2011,SE.XPD.TOTL.GD.ZS,4.85663986206055
,High income,2010,SE.XPD.TOTL.GD.ZS,5.08126020431519
,High income,2009,SE.XPD.TOTL.GD.ZS,5.06263017654419
,High income,2008,SE.XPD.TOTL.GD.ZS,4.79686999320984
,High income,2007,SE.XPD.TOTL.GD.ZS,4.67495489120484
,High income,2006,SE.XPD.TOTL.GD.ZS,4.83653020858765
,High income,2005,SE.XPD.TOTL.GD.ZS,4.80935001373291
IBD,IBRD only,2023,SE.XPD.TOTL.GD.ZS,3.6590050458908
IBD,IBRD only,2022,SE.XPD.TOTL.GD.ZS,3.61195433197001
IBD,IBRD only,2021,SE.XPD.TOTL.GD.ZS,4.04323350069167
IBD,IBRD only,2020,SE.XPD.TOTL.GD.ZS,4.30487012863159
IBD,IBRD only,2019,SE.XPD.TOTL.GD.ZS,3.94555997848511
IBD,IBRD only,2018,SE.XPD.TOTL.GD.ZS,3.99025236706236
IBD,IBRD only,2017,SE.XPD.TOTL.GD.ZS,3.96384087403915
IBD,IBRD only,2016,SE.XPD.TOTL.GD.ZS,4.23417604011943
IBD,IBRD only,2015,SE.XPD.TOTL.GD.ZS,4.20636987686157
IBD,IBRD only,2014,SE.XPD.TOTL.GD.ZS,4.01387977600098
IBD,IBRD only,2013,SE.XPD.TOTL.GD.ZS,4.29186511039734
IBD,IBRD only,2012,SE.XPD.TOTL.GD.ZS,4.23196166059346
IBD,IBRD only,2011,SE.XPD.TOTL.GD.ZS,4.06173992156982
IBD,IBRD only,2010,SE.XPD.TOTL.GD.ZS,4.06891113638351
IBD,IBRD only,2009,SE.XPD.TOTL.GD.ZS,4.58856511116027
IBD,IBRD only,2008,SE.XPD.TOTL.GD.ZS,4.10174989700317
IBD,IBRD only,2007,SE.XPD.TOTL.GD.ZS,3.96898007392883
IBD,IBRD only,2006,SE.XPD.TOTL.GD.ZS,3.91008996963501
IBD,IBRD only,2005,SE.XPD.TOTL.GD.ZS,3.86000990867615
IBT,IDA & IBRD total,2023,SE.XPD.TOTL.GD.ZS,3.51481008529663
IBT,IDA & IBRD total,2022,SE.XPD.TOTL.GD.ZS,3.49933781956284
IBT,IDA & IBRD total,2021,SE.XPD.TOTL.GD.ZS,3.7070300579071
IBT,IDA & IBRD total,2020,SE.XPD.TOTL.GD.ZS,4.01641864383637
IBT,IDA & IBRD total,2019,SE.XPD.TOTL.GD.ZS,3.75902209369218
IBT,IDA & IBRD total,2018,SE.XPD.TOTL.GD.ZS,3.80322882104601
IBT,IDA & IBRD total,2017,SE.XPD.TOTL.GD.ZS,3.73654007911682
IBT,IDA & IBRD total,2016,SE.XPD.TOTL.GD.ZS,3.83786775234949
IBT,IDA & IBRD total,2015,SE.XPD.TOTL.GD.ZS,3.84400498867035
IBT,IDA & IBRD total,2014,SE.XPD.TOTL.GD.ZS,3.73145708611869
IBT,IDA & IBRD total,2013,SE.XPD.TOTL.GD.ZS,3.78372228032099
IBT,IDA & IBRD total,2012,SE.XPD.TOTL.GD.ZS,3.63716008451231
IBT,IDA & IBRD total,2011,SE.XPD.TOTL.GD.ZS,3.70272139414312
IBT,IDA & IBRD total,2010,SE.XPD.TOTL.GD.ZS,3.56941242924534
IBT,IDA & IBRD total,2009,SE.XPD.TOTL.GD.ZS,4.25475978851318
IBT,IDA & IBRD total,2008,SE.XPD.TOTL.GD.ZS,3.85947000980377
IBT,IDA & IBRD total,2007,SE.XPD.TOTL.GD.ZS,3.60649991035462
IBT,IDA & IBRD total,2006,SE.XPD.TOTL.GD.ZS,3.64840006828308
IBT,IDA & IBRD total,2005,SE.XPD.TOTL.GD.ZS,3.3646399974823
IDB,IDA blend,2023,SE.XPD.TOTL.GD.ZS,3.34005209256916
IDB,IDA blend,2022,SE.XPD.TOTL.GD.ZS,2.72738253259215
IDB,IDA blend,2021,SE.XPD.TOTL.GD.ZS,3.14335470187693
IDB,IDA blend,2020,SE.XPD.TOTL.GD.ZS,3.71980683449924
IDB,IDA blend,2019,SE.XPD.TOTL.GD.ZS,3.33011705158194
IDB,IDA blend,2018,SE.XPD.TOTL.GD.ZS,3.12130498886108
IDB,IDA blend,2017,SE.XPD.TOTL.GD.ZS,3.95445001125336
IDB,IDA blend,2016,SE.XPD.TOTL.GD.ZS,4.40353549122142
IDB,IDA blend,2015,SE.XPD.TOTL.GD.ZS,3.31647992134094
IDB,IDA blend,2014,SE.XPD.TOTL.GD.ZS,4.01573491096496
IDB,IDA blend,2013,SE.XPD.TOTL.GD.ZS,4.92554579365837
IDB,IDA blend,2012,SE.XPD.TOTL.GD.ZS,3.43445992469788
IDB,IDA blend,2011,SE.XPD.TOTL.GD.ZS,2.8657500743866
IDB,IDA blend,2010,SE.XPD.TOTL.GD.ZS,4.03099989891052
IDB,IDA blend,2006,SE.XPD.TOTL.GD.ZS,2.81998991966248
IDB,IDA blend,2005,SE.XPD.TOTL.GD.ZS,2.78797996044158
IDX,IDA only,2023,SE.XPD.TOTL.GD.ZS,3.21562023947166
IDX,IDA only,2022,SE.XPD.TOTL.GD.ZS,3.08249624893127
IDX,IDA only,2021,SE.XPD.TOTL.GD.ZS,3.15661438703005
IDX,IDA only,2020,SE.XPD.TOTL.GD.ZS,3.29376565416048
IDX,IDA only,2019,SE.XPD.TOTL.GD.ZS,3.15307114842573
IDX,IDA only,2018,SE.XPD.TOTL.GD.ZS,3.38626492023468
IDX,IDA only,2017,SE.XPD.TOTL.GD.ZS,3.35713493824005
IDX,IDA only,2016,SE.XPD.TOTL.GD.ZS,3.25593495368958
IDX,IDA only,2015,SE.XPD.TOTL.GD.ZS,3.25901007652283
IDX,IDA only,2014,SE.XPD.TOTL.GD.ZS,3.32569003105164
IDX,IDA only,2013,SE.XPD.TOTL.GD.ZS,3.17475008964539
IDX,IDA only,2012,SE.XPD.TOTL.GD.ZS,2.77231991291046
IDX,IDA only,2011,SE.XPD.TOTL.GD.ZS,2.96548008918762
IDX,IDA only,2010,SE.XPD.TOTL.GD.ZS,2.71524500846863
IDX,IDA only,2009,SE.XPD.TOTL.GD.ZS,2.957200050354
IDX,IDA only,2008,SE.XPD.TOTL.GD.ZS,2.75404500961303
IDA,IDA total,2023,SE.XPD.TOTL.GD.ZS,3.22974322056608
IDA,IDA total,2022,SE.XPD.TOTL.GD.ZS,3.06772823003204
IDA,IDA total,2021,SE.XPD.TOTL.GD.ZS,3.15661438703005
IDA,IDA total,2020,SE.XPD.TOTL.GD.ZS,3.33492875069124
IDA,IDA total,2019,SE.XPD.TOTL.GD.ZS,3.23821222605582
IDA,IDA total,2018,SE.XPD.TOTL.GD.ZS,3.26730489730835
IDA,IDA total,2017,SE.XPD.TOTL.GD.ZS,3.53460991382599
IDA,IDA total,2016,SE.XPD.TOTL.GD.ZS,3.35870492458344
IDA,IDA total,2015,SE.XPD.TOTL.GD.ZS,3.25901007652283
IDA,IDA total,2014,SE.XPD.TOTL.GD.ZS,3.32569003105164
IDA,IDA total,2013,SE.XPD.TOTL.GD.ZS,3.3275101184845
IDA,IDA total,2012,SE.XPD.TOTL.GD.ZS,2.90706992149353
IDA,IDA total,2011,SE.XPD.TOTL.GD.ZS,2.8657500743866
IDA,IDA total,2010,SE.XPD.TOTL.GD.ZS,2.90389502048493
IDA,IDA total,2009,SE.XPD.TOTL.GD.ZS,3.08927011489868
IDA,IDA total,2008,SE.XPD.TOTL.GD.ZS,2.77728009223938
IDA,IDA total,2005,SE.XPD.TOTL.GD.ZS,2.83332502841949
LTE,Late-demographic dividend,2023,SE.XPD.TOTL.GD.ZS,4.03084428001739
LTE,Late-demographic dividend,2022,SE.XPD.TOTL.GD.ZS,4.34076190443098
LTE,Late-demographic dividend,2021,SE.XPD.TOTL.GD.ZS,4.42390200914334
LTE,Late-demographic dividend,2020,SE.XPD.TOTL.GD.ZS,4.44620380169618
LTE,Late-demographic dividend,2019,SE.XPD.TOTL.GD.ZS,4.26779985427856
LTE,Late-demographic dividend,2018,SE.XPD.TOTL.GD.ZS,4.4217050075531
LTE,Late-demographic dividend,2017,SE.XPD.TOTL.GD.ZS,4.41787004470825
LTE,Late-demographic dividend,2016,SE.XPD.TOTL.GD.ZS,4.36420011520386
LTE,Late-demographic dividend,2015,SE.XPD.TOTL.GD.ZS,4.47038984298706
LTE,Late-demographic dividend,2014,SE.XPD.TOTL.GD.ZS,4.62945985794067
LTE,Late-demographic dividend,2013,SE.XPD.TOTL.GD.ZS,4.44108986854553
LTE,Late-demographic dividend,2012,SE.XPD.TOTL.GD.ZS,4.38928008079529
LTE,Late-demographic dividend,2011,SE.XPD.TOTL.GD.ZS,4.0735502243042
LTE,Late-demographic dividend,2010,SE.XPD.TOTL.GD.ZS,4.53965997695923
LTE,Late-demographic dividend,2009,SE.XPD.TOTL.GD.ZS,4.79650998115539
LTE,Late-demographic dividend,2008,SE.XPD.TOTL.GD.ZS,4.22755002975464
LTE,Late-demographic dividend,2007,SE.XPD.TOTL.GD.ZS,4.2610399723053
LTE,Late-demographic dividend,2006,SE.XPD.TOTL.GD.ZS,3.89148998260498
LTE,Late-demographic dividend,2005,SE.XPD.TOTL.GD.ZS,3.93859004974365
LCN,Latin America & Caribbean,2023,SE.XPD.TOTL.GD.ZS,3.81964993476868
LCN,Latin America & Caribbean,2022,SE.XPD.TOTL.GD.ZS,3.86129930773508
LCN,Latin America & Caribbean,2021,SE.XPD.TOTL.GD.ZS,4.08717467298944
LCN,Latin America & Caribbean,2020,SE.XPD.TOTL.GD.ZS,4.53493916058743
LCN,Latin America & Caribbean,2019,SE.XPD.TOTL.GD.ZS,4.51068019866943
LCN,Latin America & Caribbean,2018,SE.XPD.TOTL.GD.ZS,4.46145347505506
LCN,Latin America & Caribbean,2017,SE.XPD.TOTL.GD.ZS,4.40769505500793
LCN,Latin America & Caribbean,2016,SE.XPD.TOTL.GD.ZS,4.41408840162469
LCN,Latin America & Caribbean,2015,SE.XPD.TOTL.GD.ZS,4.44749157539063
LCN,Latin America & Caribbean,2014,SE.XPD.TOTL.GD.ZS,4.69057488441467
LCN,Latin America & Caribbean,2013,SE.XPD.TOTL.GD.ZS,4.87855005264282
LCN,Latin America & Caribbean,2012,SE.XPD.TOTL.GD.ZS,4.76829504966736
LCN,Latin America & Caribbean,2011,SE.XPD.TOTL.GD.ZS,4.14937019348145
LCN,Latin America & Caribbean,2010,SE.XPD.TOTL.GD.ZS,4.60028982162476
LCN,Latin America & Caribbean,2009,SE.XPD.TOTL.GD.ZS,5.46355009078979
LCN,Latin America & Caribbean,2008,SE.XPD.TOTL.GD.ZS,4.60607004165649
LCN,Latin America & Caribbean,2007,SE.XPD.TOTL.GD.ZS,4.08301019668579
LCN,Latin America & Caribbean,2006,SE.XPD.TOTL.GD.ZS,3.91671991348267
LAC,Latin America & Caribbean (excluding high income),2023,SE.XPD.TOTL.GD.ZS,3.79014883614714
LAC,Latin America & Caribbean (excluding high income),2022,SE.XPD.TOTL.GD.ZS,3.83975005149841
LAC,Latin America & Caribbean (excluding high income),2021,SE.XPD.TOTL.GD.ZS,4.08717467298944
LAC,Latin America & Caribbean (excluding high income),2020,SE.XPD.TOTL.GD.ZS,4.54901954970835
LAC,Latin America & Caribbean (excluding high income),2019,SE.XPD.TOTL.GD.ZS,4.51068019866943
LAC,Latin America & Caribbean (excluding high income),2018,SE.XPD.TOTL.GD.ZS,4.46145347505506
LAC,Latin America & Caribbean (excluding high income),2017,SE.XPD.TOTL.GD.ZS,4.46651506423951
LAC,Latin America & Caribbean (excluding high income),2016,SE.XPD.TOTL.GD.ZS,4.47059336645318
LAC,Latin America & Caribbean (excluding high income),2015,SE.XPD.TOTL.GD.ZS,4.7606348991394
LAC,Latin America & Caribbean (excluding high income),2014,SE.XPD.TOTL.GD.ZS,4.84876990318298
LAC,Latin America & Caribbean (excluding high income),2013,SE.XPD.TOTL.GD.ZS,4.9042649269104
LAC,Latin America & Caribbean (excluding high income),2012,SE.XPD.TOTL.GD.ZS,4.88349008560181
LAC,Latin America & Caribbean (excluding high income),2011,SE.XPD.TOTL.GD.ZS,4.60516500473022
LAC,Latin America & Caribbean (excluding high income),2010,SE.XPD.TOTL.GD.ZS,4.71705985069275
LAC,Latin America & Caribbean (excluding high income),2009,SE.XPD.TOTL.GD.ZS,5.46355009078979
LAC,Latin America & Caribbean (excluding high income),2008,SE.XPD.TOTL.GD.ZS,4.7252299785614
LAC,Latin America & Caribbean (excluding high income),2007,SE.XPD.TOTL.GD.ZS,4.08301019668579
LAC,Latin America & Caribbean (excluding high income),2006,SE.XPD.TOTL.GD.ZS,4.02246499061584
TLA,Latin America & the Caribbean (IDA & IBRD countries),2023,SE.XPD.TOTL.GD.ZS,3.79014883614714
TLA,Latin America & the Caribbean (IDA & IBRD countries),2022,SE.XPD.TOTL.GD.ZS,3.83975005149841
TLA,Latin America & the Caribbean (IDA & IBRD countries),2021,SE.XPD.TOTL.GD.ZS,4.08717467298944
TLA,Latin America & the Caribbean (IDA & IBRD countries),2020,SE.XPD.TOTL.GD.ZS,4.53493916058743
TLA,Latin America & the Caribbean (IDA & IBRD countries),2019,SE.XPD.TOTL.GD.ZS,4.51068019866943
TLA,Latin America & the Caribbean (IDA & IBRD countries),2018,SE.XPD.TOTL.GD.ZS,4.46145347505506
TLA,Latin America & the Caribbean (IDA & IBRD countries),2017,SE.XPD.TOTL.GD.ZS,4.40769505500793
TLA,Latin America & the Caribbean (IDA & IBRD countries),2016,SE.XPD.TOTL.GD.ZS,4.41408840162469
TLA,Latin America & the Caribbean (IDA & IBRD countries),2015,SE.XPD.TOTL.GD.ZS,4.44749157539063
TLA,Latin America & the Caribbean (IDA & IBRD countries),2014,SE.XPD.TOTL.GD.ZS,4.44840502738952
TLA,Latin America & the Caribbean (IDA & IBRD countries),2013,SE.XPD.TOTL.GD.ZS,4.54814004898071
TLA,Latin America & the Caribbean (IDA & IBRD countries),2012,SE.XPD.TOTL.GD.ZS,4.65310001373291
TLA,Latin America & the Caribbean (IDA & IBRD countries),2011,SE.XPD.TOTL.GD.ZS,4.14937019348145
TLA,Latin America & the Caribbean (IDA & IBRD countries),2010,SE.XPD.TOTL.GD.ZS,4.54225492477417
TLA,Latin America & the Caribbean (IDA & IBRD countries),2009,SE.XPD.TOTL.GD.ZS,5.20644998550415
TLA,Latin America & the Caribbean (IDA & IBRD countries),2008,SE.XPD.TOTL.GD.ZS,4.53208994865417
TLA,Latin America & the Caribbean (IDA & IBRD countries),2007,SE.XPD.TOTL.GD.ZS,3.85516512393952
TLA,Latin America & the Caribbean (IDA & IBRD countries),2006,SE.XPD.TOTL.GD.ZS,3.79288995265961
LDC,Least developed countries: UN classification,2023,SE.XPD.TOTL.GD.ZS,3.20149725837724
LDC,Least developed countries: UN classification,2022,SE.XPD.TOTL.GD.ZS,2.89168744551701
LDC,Least developed countries: UN classification,2021,SE.XPD.TOTL.GD.ZS,3.07085166362803
LDC,Least developed countries: UN classification,2020,SE.XPD.TOTL.GD.ZS,3.06497843916225
LDC,Least developed countries: UN classification,2019,SE.XPD.TOTL.GD.ZS,2.90405352345344
LDC,Least developed countries: UN classification,2018,SE.XPD.TOTL.GD.ZS,3.02797496318817
LDC,Least developed countries: UN classification,2017,SE.XPD.TOTL.GD.ZS,3.06987500190735
LDC,Least developed countries: UN classification,2016,SE.XPD.TOTL.GD.ZS,2.8367649131676
LDC,Least developed countries: UN classification,2015,SE.XPD.TOTL.GD.ZS,3.25578999519348
LDC,Least developed countries: UN classification,2014,SE.XPD.TOTL.GD.ZS,3.12739491462708
LDC,Least developed countries: UN classification,2013,SE.XPD.TOTL.GD.ZS,3.09643006324769
LDC,Least developed countries: UN classification,2012,SE.XPD.TOTL.GD.ZS,2.63756990432739
LDC,Least developed countries: UN classification,2011,SE.XPD.TOTL.GD.ZS,2.85346007347107
LDC,Least developed countries: UN classification,2010,SE.XPD.TOTL.GD.ZS,2.70853996276856
LDC,Least developed countries: UN classification,2009,SE.XPD.TOTL.GD.ZS,2.79660499095917
LDC,Least developed countries: UN classification,2008,SE.XPD.TOTL.GD.ZS,2.72311997413635
LDC,Least developed countries: UN classification,2006,SE.XPD.TOTL.GD.ZS,2.56340003013611
LDC,Least developed countries: UN classification,2005,SE.XPD.TOTL.GD.ZS,2.53538501262665
LMY,Low & middle income,2023,SE.XPD.TOTL.GD.ZS,3.45929503440857
LMY,Low & middle income,2022,SE.XPD.TOTL.GD.ZS,3.47484993934631
LMY,Low & middle income,2021,SE.XPD.TOTL.GD.ZS,3.66006004810333
LMY,Low & middle income,2020,SE.XPD.TOTL.GD.ZS,3.88502530243113
LMY,Low & middle income,2019,SE.XPD.TOTL.GD.ZS,3.59683638888648
LMY,Low & middle income,2018,SE.XPD.TOTL.GD.ZS,3.71392011642456
LMY,Low & middle income,2017,SE.XPD.TOTL.GD.ZS,3.73344993591309
LMY,Low & middle income,2016,SE.XPD.TOTL.GD.ZS,3.85049560792469
LMY,Low & middle income,2015,SE.XPD.TOTL.GD.ZS,3.71272133351629
LMY,Low & middle income,2014,SE.XPD.TOTL.GD.ZS,3.69560503959656
LMY,Low & middle income,2013,SE.XPD.TOTL.GD.ZS,3.75271111670011
LMY,Low & middle income,2012,SE.XPD.TOTL.GD.ZS,3.65296507967834
LMY,Low & middle income,2011,SE.XPD.TOTL.GD.ZS,3.6143401736456
LMY,Low & middle income,2010,SE.XPD.TOTL.GD.ZS,3.50534498691559
LMY,Low & middle income,2009,SE.XPD.TOTL.GD.ZS,4.02953004837036
LMY,Low & middle income,2008,SE.XPD.TOTL.GD.ZS,3.76082992553711
LMY,Low & middle income,2007,SE.XPD.TOTL.GD.ZS,3.51721000671387
LMY,Low & middle income,2006,SE.XPD.TOTL.GD.ZS,3.60536003112793
LMY,Low & middle income,2005,SE.XPD.TOTL.GD.ZS,3.33713495731353
,Low income,2022,SE.XPD.TOTL.GD.ZS,2.97970783777452
,Low income,2021,SE.XPD.TOTL.GD.ZS,3.43085271493488
,Low income,2020,SE.XPD.TOTL.GD.ZS,3.29376565416048
,Low income,2019,SE.XPD.TOTL.GD.ZS,3.01338389897728
,Low income,2018,SE.XPD.TOTL.GD.ZS,3.02797496318817
,Low income,2017,SE.XPD.TOTL.GD.ZS,2.76899003982544
,Low income,2016,SE.XPD.TOTL.GD.ZS,2.59244990348816
,Low income,2015,SE.XPD.TOTL.GD.ZS,3.20738632005996
,Low income,2014,SE.XPD.TOTL.GD.ZS,2.73711502552032
,Low income,2013,SE.XPD.TOTL.GD.ZS,2.63821423826355
,Low income,2012,SE.XPD.TOTL.GD.ZS,2.56641087807744
,Low income,2011,SE.XPD.TOTL.GD.ZS,2.85346007347107
,Low income,2010,SE.XPD.TOTL.GD.ZS,2.49779498577118
,Low income,2008,SE.XPD.TOTL.GD.ZS,2.72311997413635
,Lower middle income,2023,SE.XPD.TOTL.GD.ZS,3.39421010017395
,Lower middle income,2022,SE.XPD.TOTL.GD.ZS,3.47484993934631
,Lower middle income,2021,SE.XPD.TOTL.GD.ZS,3.36384208861232
,Lower middle income,2020,SE.XPD.TOTL.GD.ZS,3.86524053511905
,Lower middle income,2019,SE.XPD.TOTL.GD.ZS,3.59683638888648
,Lower middle income,2018,SE.XPD.TOTL.GD.ZS,3.8861300945282
,Lower middle income,2017,SE.XPD.TOTL.GD.ZS,3.76526999473572
,Lower middle income,2016,SE.XPD.TOTL.GD.ZS,4.08114004135132
,Lower middle income,2015,SE.XPD.TOTL.GD.ZS,4.1145601272583
,Lower middle income,2014,SE.XPD.TOTL.GD.ZS,3.78294594797956
,Lower middle income,2013,SE.XPD.TOTL.GD.ZS,4.43894951297476
,Lower middle income,2012,SE.XPD.TOTL.GD.ZS,3.78125124759312
,Lower middle income,2011,SE.XPD.TOTL.GD.ZS,3.57695136515582
,Lower middle income,2010,SE.XPD.TOTL.GD.ZS,3.6558450460434
,Lower middle income,2009,SE.XPD.TOTL.GD.ZS,3.96075010299683
,Lower middle income,2008,SE.XPD.TOTL.GD.ZS,3.7829999923706
,Lower middle income,2006,SE.XPD.TOTL.GD.ZS,3.40350008010864
,Lower middle income,2005,SE.XPD.TOTL.GD.ZS,3.18876004219055
MEA,"Middle East, North Africa, Afghanistan & Pakistan",2022,SE.XPD.TOTL.GD.ZS,4.38311004638672
MEA,"Middle East, North Africa, Afghanistan & Pakistan",2020,SE.XPD.TOTL.GD.ZS,3.98417997360229
MEA,"Middle East, North Africa, Afghanistan & Pakistan",2019,SE.XPD.TOTL.GD.ZS,3.86019992828369
MEA,"Middle East, North Africa, Afghanistan & Pakistan",2018,SE.XPD.TOTL.GD.ZS,3.75143003463745
MEA,"Middle East, North Africa, Afghanistan & Pakistan",2017,SE.XPD.TOTL.GD.ZS,4.03832006454468
MEA,"Middle East, North Africa, Afghanistan & Pakistan",2016,SE.XPD.TOTL.GD.ZS,4.23311007022857
MEA,"Middle East, North Africa, Afghanistan & Pakistan",2015,SE.XPD.TOTL.GD.ZS,3.71272133351629
MEA,"Middle East, North Africa, Afghanistan & Pakistan",2013,SE.XPD.TOTL.GD.ZS,3.78372228032099
MEA,"Middle East, North Africa, Afghanistan & Pakistan",2012,SE.XPD.TOTL.GD.ZS,3.57230008734587
MEA,"Middle East, North Africa, Afghanistan & Pakistan",2010,SE.XPD.TOTL.GD.ZS,3.70917010307312
MEA,"Middle East, North Africa, Afghanistan & Pakistan",2008,SE.XPD.TOTL.GD.ZS,4.22755002975464
MEA,"Middle East, North Africa, Afghanistan & Pakistan",2006,SE.XPD.TOTL.GD.ZS,4.14588499069214
MNA,"Middle East, North Africa, Afghanistan & Pakistan (excluding high income)",2017,SE.XPD.TOTL.GD.ZS,3.73344993591309
MNA,"Middle East, North Africa, Afghanistan & Pakistan (excluding high income)",2016,SE.XPD.TOTL.GD.ZS,3.92226004600525
MNA,"Middle East, North Africa, Afghanistan & Pakistan (excluding high income)",2015,SE.XPD.TOTL.GD.ZS,3.71272133351629
MNA,"Middle East, North Africa, Afghanistan & Pakistan (excluding high income)",2013,SE.XPD.TOTL.GD.ZS,3.45445990562439
MNA,"Middle East, North Africa, Afghanistan & Pakistan (excluding high income)",2012,SE.XPD.TOTL.GD.ZS,3.63716008451231
MNA,"Middle East, North Africa, Afghanistan & Pakistan (excluding high income)",2011,SE.XPD.TOTL.GD.ZS,3.48497009277344
MNA,"Middle East, North Africa, Afghanistan & Pakistan (excluding high income)",2010,SE.XPD.TOTL.GD.ZS,3.59431004524231
MNA,"Middle East, North Africa, Afghanistan & Pakistan (excluding high income)",2008,SE.XPD.TOTL.GD.ZS,4.11142015457153
TMN,"Middle East, North Africa, Afghanistan & Pakistan (IDA & IBRD)",2023,SE.XPD.TOTL.GD.ZS,3.51486315596325
TMN,"Middle East, North Africa, Afghanistan & Pakistan (IDA & IBRD)",2022,SE.XPD.TOTL.GD.ZS,3.15300011634827
TMN,"Middle East, North Africa, Afghanistan & Pakistan (IDA & IBRD)",2020,SE.XPD.TOTL.GD.ZS,3.55303483980158
TMN,"Middle East, North Africa, Afghanistan & Pakistan (IDA & IBRD)",2019,SE.XPD.TOTL.GD.ZS,3.24005007743835
TMN,"Middle East, North Africa, Afghanistan & Pakistan (IDA & IBRD)",2018,SE.XPD.TOTL.GD.ZS,3.61980009078979
TMN,"Middle East, North Africa, Afghanistan & Pakistan (IDA & IBRD)",2017,SE.XPD.TOTL.GD.ZS,3.59650993347168
TMN,"Middle East, North Africa, Afghanistan & Pakistan (IDA & IBRD)",2016,SE.XPD.TOTL.GD.ZS,3.68754005432129
TMN,"Middle East, North Africa, Afghanistan & Pakistan (IDA & IBRD)",2015,SE.XPD.TOTL.GD.ZS,3.65584062815341
TMN,"Middle East, North Africa, Afghanistan & Pakistan (IDA & IBRD)",2014,SE.XPD.TOTL.GD.ZS,3.76692408663556
TMN,"Middle East, North Africa, Afghanistan & Pakistan (IDA & IBRD)",2012,SE.XPD.TOTL.GD.ZS,3.28807998789672
TMN,"Middle East, North Africa, Afghanistan & Pakistan (IDA & IBRD)",2010,SE.XPD.TOTL.GD.ZS,3.4794499874115
TMN,"Middle East, North Africa, Afghanistan & Pakistan (IDA & IBRD)",2008,SE.XPD.TOTL.GD.ZS,4.11142015457153
MIC,Middle income,2023,SE.XPD.TOTL.GD.ZS,3.56927475138052
MIC,Middle income,2022,SE.XPD.TOTL.GD.ZS,3.49933781956284
MIC,Middle income,2021,SE.XPD.TOTL.GD.ZS,3.67928504943847
MIC,Middle income,2020,SE.XPD.TOTL.GD.ZS,3.98878057894991
MIC,Middle income,2019,SE.XPD.TOTL.GD.ZS,3.85001993179321
MIC,Middle income,2018,SE.XPD.TOTL.GD.ZS,3.8861300945282
MIC,Middle income,2017,SE.XPD.TOTL.GD.ZS,3.92578873061175
MIC,Middle income,2016,SE.XPD.TOTL.GD.ZS,4.00853502750397
MIC,Middle income,2015,SE.XPD.TOTL.GD.ZS,4.07843017578125
MIC,Middle income,2014,SE.XPD.TOTL.GD.ZS,3.86147016572824
MIC,Middle income,2013,SE.XPD.TOTL.GD.ZS,4.34479999542236
MIC,Middle income,2012,SE.XPD.TOTL.GD.ZS,3.95983358975396
MIC,Middle income,2011,SE.XPD.TOTL.GD.ZS,3.81940996646881
MIC,Middle income,2010,SE.XPD.TOTL.GD.ZS,3.69457006454468
MIC,Middle income,2009,SE.XPD.TOTL.GD.ZS,4.3689398765564
MIC,Middle income,2008,SE.XPD.TOTL.GD.ZS,3.92627501487732
MIC,Middle income,2007,SE.XPD.TOTL.GD.ZS,3.56017994880676
MIC,Middle income,2006,SE.XPD.TOTL.GD.ZS,3.64840006828308
MIC,Middle income,2005,SE.XPD.TOTL.GD.ZS,3.5298000574112
NAC,North America,2022,SE.XPD.TOTL.GD.ZS,4.84426021575928
NAC,North America,2021,SE.XPD.TOTL.GD.ZS,5.08448505401611
NAC,North America,2020,SE.XPD.TOTL.GD.ZS,5.14162993431091
NAC,North America,2019,SE.XPD.TOTL.GD.ZS,4.86520004272461
NAC,North America,2018,SE.XPD.TOTL.GD.ZS,4.89200496673584
NAC,North America,2017,SE.XPD.TOTL.GD.ZS,5.02647495269775
NAC,North America,2016,SE.XPD.TOTL.GD.ZS,4.79984998703003
NAC,North America,2015,SE.XPD.TOTL.GD.ZS,4.83500504493714
NAC,North America,2014,SE.XPD.TOTL.GD.ZS,4.84358978271484
NAC,North America,2013,SE.XPD.TOTL.GD.ZS,4.58899021148682
NAC,North America,2011,SE.XPD.TOTL.GD.ZS,5.26204013824463
NAC,North America,2010,SE.XPD.TOTL.GD.ZS,5.35637998580933
NAC,North America,2009,SE.XPD.TOTL.GD.ZS,4.84057998657227
NAC,North America,2008,SE.XPD.TOTL.GD.ZS,4.62612009048462
NAC,North America,2007,SE.XPD.TOTL.GD.ZS,4.76642990112305
NAC,North America,2005,SE.XPD.TOTL.GD.ZS,4.76589012145996
OED,OECD members,2022,SE.XPD.TOTL.GD.ZS,5.05915021896362
OED,OECD members,2021,SE.XPD.TOTL.GD.ZS,5.12024998664856
OED,OECD members,2020,SE.XPD.TOTL.GD.ZS,5.29139995574951
OED,OECD members,2019,SE.XPD.TOTL.GD.ZS,4.94613003730774
OED,OECD members,2018,SE.XPD.TOTL.GD.ZS,4.88898992538452
OED,OECD members,2017,SE.XPD.TOTL.GD.ZS,4.86288022994995
OED,OECD members,2016,SE.XPD.TOTL.GD.ZS,4.8338451385498
OED,OECD members,2015,SE.XPD.TOTL.GD.ZS,4.93064022064209
OED,OECD members,2014,SE.XPD.TOTL.GD.ZS,4.93858003616333
OED,OECD members,2013,SE.XPD.TOTL.GD.ZS,4.99779987335205
OED,OECD members,2012,SE.XPD.TOTL.GD.ZS,4.89862012863159
OED,OECD members,2011,SE.XPD.TOTL.GD.ZS,5.13579487800598
OED,OECD members,2010,SE.XPD.TOTL.GD.ZS,5.36880016326904
OED,OECD members,2009,SE.XPD.TOTL.GD.ZS,5.38561010360718
OED,OECD members,2008,SE.XPD.TOTL.GD.ZS,4.90972995758057
OED,OECD members,2007,SE.XPD.TOTL.GD.ZS,4.76642990112305
OED,OECD members,2006,SE.XPD.TOTL.GD.ZS,4.90769004821777
OED,OECD members,2005,SE.XPD.TOTL.GD.ZS,4.92975997924805
OSS,Other small states,2023,SE.XPD.TOTL.GD.ZS,5.00431592836751
OSS,Other small states,2022,SE.XPD.TOTL.GD.ZS,5.02409982681275
OSS,Other small states,2021,SE.XPD.TOTL.GD.ZS,5.08247995376587
OSS,Other small states,2020,SE.XPD.TOTL.GD.ZS,5.32546270122803
OSS,Other small states,2019,SE.XPD.TOTL.GD.ZS,5.16293001174927
OSS,Other small states,2018,SE.XPD.TOTL.GD.ZS,5.13962984085083
OSS,Other small states,2017,SE.XPD.TOTL.GD.ZS,5.28924489021301
OSS,Other small states,2016,SE.XPD.TOTL.GD.ZS,5.24433654170614
OSS,Other small states,2015,SE.XPD.TOTL.GD.ZS,5.20310861907593
OSS,Other small states,2014,SE.XPD.TOTL.GD.ZS,5.61812996864318
OSS,Other small states,2013,SE.XPD.TOTL.GD.ZS,5.08461029694871
OSS,Other small states,2012,SE.XPD.TOTL.GD.ZS,5.13334606829691
OSS,Other small states,2011,SE.XPD.TOTL.GD.ZS,6.52042007446289
OSS,Other small states,2010,SE.XPD.TOTL.GD.ZS,6.11837005615234
OSS,Other small states,2009,SE.XPD.TOTL.GD.ZS,6.47135019302368
OSS,Other small states,2008,SE.XPD.TOTL.GD.ZS,6.61812019348145
OSS,Other small states,2007,SE.XPD.TOTL.GD.ZS,4.6196699142456
OSS,Other small states,2006,SE.XPD.TOTL.GD.ZS,6.33027982711792
OSS,Other small states,2005,SE.XPD.TOTL.GD.ZS,5.5480101108551
PST,Post-demographic dividend,2022,SE.XPD.TOTL.GD.ZS,4.96171021461486
PST,Post-demographic dividend,2021,SE.XPD.TOTL.GD.ZS,5.08272504806519
PST,Post-demographic dividend,2020,SE.XPD.TOTL.GD.ZS,5.28408002853394
PST,Post-demographic dividend,2019,SE.XPD.TOTL.GD.ZS,4.94613003730774
PST,Post-demographic dividend,2018,SE.XPD.TOTL.GD.ZS,4.88650488853455
PST,Post-demographic dividend,2017,SE.XPD.TOTL.GD.ZS,4.89189505577087
PST,Post-demographic dividend,2016,SE.XPD.TOTL.GD.ZS,4.89537000656128
PST,Post-demographic dividend,2015,SE.XPD.TOTL.GD.ZS,4.89425992965698
PST,Post-demographic dividend,2014,SE.XPD.TOTL.GD.ZS,4.93057012557983
PST,Post-demographic dividend,2013,SE.XPD.TOTL.GD.ZS,5.0094199180603
PST,Post-demographic dividend,2012,SE.XPD.TOTL.GD.ZS,4.94226980209351
PST,Post-demographic dividend,2011,SE.XPD.TOTL.GD.ZS,5.11688995361328
PST,Post-demographic dividend,2010,SE.XPD.TOTL.GD.ZS,5.35637998580933
PST,Post-demographic dividend,2009,SE.XPD.TOTL.GD.ZS,5.22412014007569
PST,Post-demographic dividend,2008,SE.XPD.TOTL.GD.ZS,4.83649015426636
PST,Post-demographic dividend,2007,SE.XPD.TOTL.GD.ZS,4.89001512527466
PST,Post-demographic dividend,2006,SE.XPD.TOTL.GD.ZS,4.99780988693237
PST,Post-demographic dividend,2005,SE.XPD.TOTL.GD.ZS,5.08472013473511
PRE,Pre-demographic dividend,2023,SE.XPD.TOTL.GD.ZS,3.24413772101569
PRE,Pre-demographic dividend,2022,SE.XPD.TOTL.GD.ZS,2.89168744551701
PRE,Pre-demographic dividend,2021,SE.XPD.TOTL.GD.ZS,3.10528051699067
PRE,Pre-demographic dividend,2020,SE.XPD.TOTL.GD.ZS,3.24270320512235
PRE,Pre-demographic dividend,2019,SE.XPD.TOTL.GD.ZS,3.0473994932468
PRE,Pre-demographic dividend,2018,SE.XPD.TOTL.GD.ZS,3.03096008300781
PRE,Pre-demographic dividend,2017,SE.XPD.TOTL.GD.ZS,3.12012994289398
PRE,Pre-demographic dividend,2016,SE.XPD.TOTL.GD.ZS,2.75493664582725
PRE,Pre-demographic dividend,2015,SE.XPD.TOTL.GD.ZS,3.20738632005996
PRE,Pre-demographic dividend,2014,SE.XPD.TOTL.GD.ZS,3.161789894104
PRE,Pre-demographic dividend,2013,SE.XPD.TOTL.GD.ZS,3.17475008964539
PRE,Pre-demographic dividend,2012,SE.XPD.TOTL.GD.ZS,2.68840026027393
PRE,Pre-demographic dividend,2011,SE.XPD.TOTL.GD.ZS,2.85960507392883
PRE,Pre-demographic dividend,2010,SE.XPD.TOTL.GD.ZS,2.78498506546021
PRE,Pre-demographic dividend,2008,SE.XPD.TOTL.GD.ZS,2.5262999534607
PRE,Pre-demographic dividend,2006,SE.XPD.TOTL.GD.ZS,2.55851006507873
PRE,Pre-demographic dividend,2005,SE.XPD.TOTL.GD.ZS,2.65652990341186
SST,Small states,2023,SE.XPD.TOTL.GD.ZS,4.78955296464152
SST,Small states,2022,SE.XPD.TOTL.GD.ZS,4.84085988998413
SST,Small states,2021,SE.XPD.TOTL.GD.ZS,4.87699508666992
SST,Small states,2020,SE.XPD.TOTL.GD.ZS,4.83895129079956
SST,Small states,2019,SE.XPD.TOTL.GD.ZS,4.85244011878967
SST,Small states,2018,SE.XPD.TOTL.GD.ZS,4.90705490112305
SST,Small states,2017,SE.XPD.TOTL.GD.ZS,4.87887001037598
SST,Small states,2016,SE.XPD.TOTL.GD.ZS,5.05511999130249
SST,Small states,2015,SE.XPD.TOTL.GD.ZS,5.05127000808716
SST,Small states,2014,SE.XPD.TOTL.GD.ZS,4.81514978408813
SST,Small states,2013,SE.XPD.TOTL.GD.ZS,4.93234006249108
SST,Small states,2012,SE.XPD.TOTL.GD.ZS,4.67340993881226
SST,Small states,2011,SE.XPD.TOTL.GD.ZS,5.75778007507324
SST,Small states,2010,SE.XPD.TOTL.GD.ZS,5.81795501708984
SST,Small states,2009,SE.XPD.TOTL.GD.ZS,6.47135019302368
SST,Small states,2008,SE.XPD.TOTL.GD.ZS,6.61812019348145
SST,Small states,2007,SE.XPD.TOTL.GD.ZS,4.6196699142456
SST,Small states,2006,SE.XPD.TOTL.GD.ZS,6.33027982711792
SST,Small states,2005,SE.XPD.TOTL.GD.ZS,5.5480101108551
SAS,South Asia,2024,SE.XPD.TOTL.GD.ZS,2.86143825839217
SAS,South Asia,2023,SE.XPD.TOTL.GD.ZS,2.16213826344701
SAS,South Asia,2022,SE.XPD.TOTL.GD.ZS,3.09202235990416
SAS,South Asia,2021,SE.XPD.TOTL.GD.ZS,3.29945958568872
SAS,South Asia,2020,SE.XPD.TOTL.GD.ZS,3.1916501133819
SAS,South Asia,2019,SE.XPD.TOTL.GD.ZS,3.89212886881753
SAS,South Asia,2018,SE.XPD.TOTL.GD.ZS,3.22926235819159
SAS,South Asia,2017,SE.XPD.TOTL.GD.ZS,3.44930493831635
SAS,South Asia,2016,SE.XPD.TOTL.GD.ZS,3.5662499666214
SAS,South Asia,2015,SE.XPD.TOTL.GD.ZS,2.6844950914383
SAS,South Asia,2014,SE.XPD.TOTL.GD.ZS,2.78542835232231
SAS,South Asia,2013,SE.XPD.TOTL.GD.ZS,2.49213999509811
SAS,South Asia,2012,SE.XPD.TOTL.GD.ZS,2.7364399433136
SAS,South Asia,2011,SE.XPD.TOTL.GD.ZS,2.96443998813629
SAS,South Asia,2010,SE.XPD.TOTL.GD.ZS,3.377690076828
SAS,South Asia,2009,SE.XPD.TOTL.GD.ZS,2.66707503795624
SAS,South Asia,2008,SE.XPD.TOTL.GD.ZS,2.9298700094223
SAS,South Asia,2007,SE.XPD.TOTL.GD.ZS,2.8597149848938
SAS,South Asia,2006,SE.XPD.TOTL.GD.ZS,3.14284992218018
SAS,South Asia,2005,SE.XPD.TOTL.GD.ZS,3.27670001983642
TSA,South Asia (IDA & IBRD),2024,SE.XPD.TOTL.GD.ZS,2.86143825839217
TSA,South Asia (IDA & IBRD),2023,SE.XPD.TOTL.GD.ZS,2.16213826344701
TSA,South Asia (IDA & IBRD),2022,SE.XPD.TOTL.GD.ZS,3.09202235990416
TSA,South Asia (IDA & IBRD),2021,SE.XPD.TOTL.GD.ZS,3.29945958568872
TSA,South Asia (IDA & IBRD),2020,SE.XPD.TOTL.GD.ZS,3.1916501133819
TSA,South Asia (IDA & IBRD),2019,SE.XPD.TOTL.GD.ZS,3.89212886881753
TSA,South Asia (IDA & IBRD),2018,SE.XPD.TOTL.GD.ZS,3.22926235819159
TSA,South Asia (IDA & IBRD),2017,SE.XPD.TOTL.GD.ZS,3.44930493831635
TSA,South Asia (IDA & IBRD),2016,SE.XPD.TOTL.GD.ZS,3.5662499666214
TSA,South Asia (IDA & IBRD),2015,SE.XPD.TOTL.GD.ZS,2.6844950914383
TSA,South Asia (IDA & IBRD),2014,SE.XPD.TOTL.GD.ZS,2.78542835232231
TSA,South Asia (IDA & IBRD),2013,SE.XPD.TOTL.GD.ZS,2.49213999509811
TSA,South Asia (IDA & IBRD),2012,SE.XPD.TOTL.GD.ZS,2.7364399433136
TSA,South Asia (IDA & IBRD),2011,SE.XPD.TOTL.GD.ZS,2.96443998813629
TSA,South Asia (IDA & IBRD),2010,SE.XPD.TOTL.GD.ZS,3.377690076828
TSA,South Asia (IDA & IBRD),2009,SE.XPD.TOTL.GD.ZS,2.66707503795624
TSA,South Asia (IDA & IBRD),2008,SE.XPD.TOTL.GD.ZS,2.9298700094223
TSA,South Asia (IDA & IBRD),2007,SE.XPD.TOTL.GD.ZS,2.8597149848938
TSA,South Asia (IDA & IBRD),2006,SE.XPD.TOTL.GD.ZS,3.14284992218018
TSA,South Asia (IDA & IBRD),2005,SE.XPD.TOTL.GD.ZS,3.27670001983642
SSF,Sub-Saharan Africa,2023,SE.XPD.TOTL.GD.ZS,3.25853222146531
SSF,Sub-Saharan Africa,2022,SE.XPD.TOTL.GD.ZS,3.0972642678305
SSF,Sub-Saharan Africa,2021,SE.XPD.TOTL.GD.ZS,3.31281536274069
SSF,Sub-Saharan Africa,2020,SE.XPD.TOTL.GD.ZS,3.40395039640257
SSF,Sub-Saharan Africa,2019,SE.XPD.TOTL.GD.ZS,3.24716413970868
SSF,Sub-Saharan Africa,2018,SE.XPD.TOTL.GD.ZS,3.38626492023468
SSF,Sub-Saharan Africa,2017,SE.XPD.TOTL.GD.ZS,3.53460991382599
SSF,Sub-Saharan Africa,2016,SE.XPD.TOTL.GD.ZS,3.28257989883423
SSF,Sub-Saharan Africa,2015,SE.XPD.TOTL.GD.ZS,3.57062995433808
SSF,Sub-Saharan Africa,2014,SE.XPD.TOTL.GD.ZS,3.32569003105164
SSF,Sub-Saharan Africa,2013,SE.XPD.TOTL.GD.ZS,3.56775999069214
SSF,Sub-Saharan Africa,2012,SE.XPD.TOTL.GD.ZS,3.28166997432708
SSF,Sub-Saharan Africa,2011,SE.XPD.TOTL.GD.ZS,3.07762002944946
SSF,Sub-Saharan Africa,2010,SE.XPD.TOTL.GD.ZS,3.07808995246887
SSF,Sub-Saharan Africa,2009,SE.XPD.TOTL.GD.ZS,3.1165601015091
SSF,Sub-Saharan Africa,2008,SE.XPD.TOTL.GD.ZS,2.77728009223938
SSF,Sub-Saharan Africa,2006,SE.XPD.TOTL.GD.ZS,2.92044496536255
SSF,Sub-Saharan Africa,2005,SE.XPD.TOTL.GD.ZS,2.91943001747131
SSA,Sub-Saharan Africa (excluding high income),2023,SE.XPD.TOTL.GD.ZS,3.25853222146531
SSA,Sub-Saharan Africa (excluding high income),2022,SE.XPD.TOTL.GD.ZS,3.0972642678305
SSA,Sub-Saharan Africa (excluding high income),2021,SE.XPD.TOTL.GD.ZS,3.31281536274069
SSA,Sub-Saharan Africa (excluding high income),2020,SE.XPD.TOTL.GD.ZS,3.40395039640257
SSA,Sub-Saharan Africa (excluding high income),2019,SE.XPD.TOTL.GD.ZS,3.24716413970868
SSA,Sub-Saharan Africa (excluding high income),2018,SE.XPD.TOTL.GD.ZS,3.38626492023468
SSA,Sub-Saharan Africa (excluding high income),2017,SE.XPD.TOTL.GD.ZS,3.53460991382599
SSA,Sub-Saharan Africa (excluding high income),2016,SE.XPD.TOTL.GD.ZS,3.28257989883423
SSA,Sub-Saharan Africa (excluding high income),2015,SE.XPD.TOTL.GD.ZS,3.57062995433808
SSA,Sub-Saharan Africa (excluding high income),2014,SE.XPD.TOTL.GD.ZS,3.32569003105164
SSA,Sub-Saharan Africa (excluding high income),2013,SE.XPD.TOTL.GD.ZS,3.56775999069214
SSA,Sub-Saharan Africa (excluding high income),2012,SE.XPD.TOTL.GD.ZS,3.28166997432708
SSA,Sub-Saharan Africa (excluding high income),2011,SE.XPD.TOTL.GD.ZS,3.07762002944946
SSA,Sub-Saharan Africa (excluding high income),2010,SE.XPD.TOTL.GD.ZS,3.07808995246887
SSA,Sub-Saharan Africa (excluding high income),2009,SE.XPD.TOTL.GD.ZS,3.1165601015091
SSA,Sub-Saharan Africa (excluding high income),2008,SE.XPD.TOTL.GD.ZS,2.77728009223938
SSA,Sub-Saharan Africa (excluding high income),2006,SE.XPD.TOTL.GD.ZS,2.92044496536255
SSA,Sub-Saharan Africa (excluding high income),2005,SE.XPD.TOTL.GD.ZS,2.91943001747131
TSS,Sub-Saharan Africa (IDA & IBRD countries),2023,SE.XPD.TOTL.GD.ZS,3.25853222146531
TSS,Sub-Saharan Africa (IDA & IBRD countries),2022,SE.XPD.TOTL.GD.ZS,3.0972642678305
TSS,Sub-Saharan Africa (IDA & IBRD countries),2021,SE.XPD.TOTL.GD.ZS,3.31281536274069
TSS,Sub-Saharan Africa (IDA & IBRD countries),2020,SE.XPD.TOTL.GD.ZS,3.40395039640257
TSS,Sub-Saharan Africa (IDA & IBRD countries),2019,SE.XPD.TOTL.GD.ZS,3.24716413970868
TSS,Sub-Saharan Africa (IDA & IBRD countries),2018,SE.XPD.TOTL.GD.ZS,3.38626492023468
TSS,Sub-Saharan Africa (IDA & IBRD countries),2017,SE.XPD.TOTL.GD.ZS,3.53460991382599
TSS,Sub-Saharan Africa (IDA & IBRD countries),2016,SE.XPD.TOTL.GD.ZS,3.28257989883423
TSS,Sub-Saharan Africa (IDA & IBRD countries),2015,SE.XPD.TOTL.GD.ZS,3.57062995433808
TSS,Sub-Saharan Africa (IDA & IBRD countries),2014,SE.XPD.TOTL.GD.ZS,3.32569003105164
TSS,Sub-Saharan Africa (IDA & IBRD countries),2013,SE.XPD.TOTL.GD.ZS,3.56775999069214
TSS,Sub-Saharan Africa (IDA & IBRD countries),2012,SE.XPD.TOTL.GD.ZS,3.28166997432708
TSS,Sub-Saharan Africa (IDA & IBRD countries),2011,SE.XPD.TOTL.GD.ZS,3.07762002944946
TSS,Sub-Saharan Africa (IDA & IBRD countries),2010,SE.XPD.TOTL.GD.ZS,3.07808995246887
TSS,Sub-Saharan Africa (IDA & IBRD countries),2009,SE.XPD.TOTL.GD.ZS,3.1165601015091
TSS,Sub-Saharan Africa (IDA & IBRD countries),2008,SE.XPD.TOTL.GD.ZS,2.77728009223938
TSS,Sub-Saharan Africa (IDA & IBRD countries),2006,SE.XPD.TOTL.GD.ZS,2.92044496536255
TSS,Sub-Saharan Africa (IDA & IBRD countries),2005,SE.XPD.TOTL.GD.ZS,2.91943001747131
,Upper middle income,2023,SE.XPD.TOTL.GD.ZS,3.6236863467978
,Upper middle income,2022,SE.XPD.TOTL.GD.ZS,3.53946935742355
,Upper middle income,2021,SE.XPD.TOTL.GD.ZS,3.77549505233765
,Upper middle income,2020,SE.XPD.TOTL.GD.ZS,4.14660000801086
,Upper middle income,2019,SE.XPD.TOTL.GD.ZS,3.8701798915863
,Upper middle income,2018,SE.XPD.TOTL.GD.ZS,3.8739988462993
,Upper middle income,2017,SE.XPD.TOTL.GD.ZS,3.93130993843079
,Upper middle income,2016,SE.XPD.TOTL.GD.ZS,3.91997003555298
,Upper middle income,2015,SE.XPD.TOTL.GD.ZS,3.93960499763489
,Upper middle income,2014,SE.XPD.TOTL.GD.ZS,3.87166880877533
,Upper middle income,2013,SE.XPD.TOTL.GD.ZS,4.23440504074097
,Upper middle income,2012,SE.XPD.TOTL.GD.ZS,4.37880492210388
,Upper middle income,2011,SE.XPD.TOTL.GD.ZS,3.98604512214661
,Upper middle income,2010,SE.XPD.TOTL.GD.ZS,3.87756001949311
,Upper middle income,2009,SE.XPD.TOTL.GD.ZS,4.58856511116027
,Upper middle income,2008,SE.XPD.TOTL.GD.ZS,3.94865000247955
,Upper middle income,2007,SE.XPD.TOTL.GD.ZS,4.04881000518799
,Upper middle income,2006,SE.XPD.TOTL.GD.ZS,3.98355007171631
,Upper middle income,2005,SE.XPD.TOTL.GD.ZS,4.02098989486694
WLD,World,2023,SE.XPD.TOTL.GD.ZS,3.56927475138052
WLD,World,2022,SE.XPD.TOTL.GD.ZS,3.86129930773508
WLD,World,2021,SE.XPD.TOTL.GD.ZS,4.19910710491722
WLD,World,2020,SE.XPD.TOTL.GD.ZS,4.34224486351013
WLD,World,2019,SE.XPD.TOTL.GD.ZS,4.15775012969971
WLD,World,2018,SE.XPD.TOTL.GD.ZS,4.18293023109436
WLD,World,2017,SE.XPD.TOTL.GD.ZS,4.09265494346619
WLD,World,2016,SE.XPD.TOTL.GD.ZS,4.15415000915528
WLD,World,2015,SE.XPD.TOTL.GD.ZS,4.21141505241394
WLD,World,2014,SE.XPD.TOTL.GD.ZS,4.20045018196106
WLD,World,2013,SE.XPD.TOTL.GD.ZS,4.34479999542236
WLD,World,2012,SE.XPD.TOTL.GD.ZS,4.03481006622315
WLD,World,2011,SE.XPD.TOTL.GD.ZS,4.06764507293701
WLD,World,2010,SE.XPD.TOTL.GD.ZS,4.18953990936279
WLD,World,2009,SE.XPD.TOTL.GD.ZS,4.65950012207031
WLD,World,2008,SE.XPD.TOTL.GD.ZS,4.22755002975464
WLD,World,2007,SE.XPD.TOTL.GD.ZS,4.04881000518799
WLD,World,2006,SE.XPD.TOTL.GD.ZS,3.99198496341705
WLD,World,2005,SE.XPD.TOTL.GD.ZS,4.02098989486694
AFG,Afghanistan,2017,SE.XPD.TOTL.GD.ZS,4.34319019317627
AFG,Afghanistan,2016,SE.XPD.TOTL.GD.ZS,4.5439600944519
AFG,Afghanistan,2015,SE.XPD.TOTL.GD.ZS,3.25578999519348
AFG,Afghanistan,2014,SE.XPD.TOTL.GD.ZS,3.69521999359131
AFG,Afghanistan,2013,SE.XPD.TOTL.GD.ZS,3.45445990562439
AFG,Afghanistan,2012,SE.XPD.TOTL.GD.ZS,2.60420989990234
AFG,Afghanistan,2011,SE.XPD.TOTL.GD.ZS,3.4620099067688
AFG,Afghanistan,2010,SE.XPD.TOTL.GD.ZS,3.4794499874115
ALB,Albania,2023,SE.XPD.TOTL.GD.ZS,3.09153008460998
ALB,Albania,2022,SE.XPD.TOTL.GD.ZS,2.72977995872498
ALB,Albania,2021,SE.XPD.TOTL.GD.ZS,3.00555992126465
ALB,Albania,2020,SE.XPD.TOTL.GD.ZS,3.32505011558533
ALB,Albania,2019,SE.XPD.TOTL.GD.ZS,3.8701798915863
ALB,Albania,2018,SE.XPD.TOTL.GD.ZS,3.08201370407389
ALB,Albania,2017,SE.XPD.TOTL.GD.ZS,3.54673004150391
ALB,Albania,2016,SE.XPD.TOTL.GD.ZS,3.91997003555298
ALB,Albania,2015,SE.XPD.TOTL.GD.ZS,3.41300010681152
ALB,Albania,2014,SE.XPD.TOTL.GD.ZS,3.18177734553254
ALB,Albania,2013,SE.XPD.TOTL.GD.ZS,3.53355002403259
ALB,Albania,2012,SE.XPD.TOTL.GD.ZS,3.29533986928598
ALB,Albania,2011,SE.XPD.TOTL.GD.ZS,3.17881310743026
ALB,Albania,2007,SE.XPD.TOTL.GD.ZS,3.14638996124268
ALB,Albania,2006,SE.XPD.TOTL.GD.ZS,3.10271000862122
ALB,Albania,2005,SE.XPD.TOTL.GD.ZS,3.20023989677429
DZA,Algeria,2024,SE.XPD.TOTL.GD.ZS,8.97772026062012
DZA,Algeria,2023,SE.XPD.TOTL.GD.ZS,5.61015717726636
DZA,Algeria,2022,SE.XPD.TOTL.GD.ZS,4.74924673000603
DZA,Algeria,2021,SE.XPD.TOTL.GD.ZS,5.51403281769924
DZA,Algeria,2020,SE.XPD.TOTL.GD.ZS,6.19391724496515
DZA,Algeria,2019,SE.XPD.TOTL.GD.ZS,5.57536563446523
DZA,Algeria,2018,SE.XPD.TOTL.GD.ZS,5.8127512720176
DZA,Algeria,2017,SE.XPD.TOTL.GD.ZS,5.73482350888796
DZA,Algeria,2016,SE.XPD.TOTL.GD.ZS,6.50210843472458
DZA,Algeria,2015,SE.XPD.TOTL.GD.ZS,6.17633014564047
DZA,Algeria,2014,SE.XPD.TOTL.GD.ZS,6.54889841545277
DZA,Algeria,2013,SE.XPD.TOTL.GD.ZS,6.65906035504841
DZA,Algeria,2012,SE.XPD.TOTL.GD.ZS,7.02950889772261
DZA,Algeria,2011,SE.XPD.TOTL.GD.ZS,9.12453448642892
DZA,Algeria,2010,SE.XPD.TOTL.GD.ZS,8.6917709007891
DZA,Algeria,2008,SE.XPD.TOTL.GD.ZS,4.11142015457153
ASM,American Samoa,2006,SE.XPD.TOTL.GD.ZS,14.7170495986938
AND,Andorra,2023,SE.XPD.TOTL.GD.ZS,1.89867997169495
AND,Andorra,2022,SE.XPD.TOTL.GD.ZS,2.64727997779846
AND,Andorra,2021,SE.XPD.TOTL.GD.ZS,2.381921736037
AND,Andorra,2020,SE.XPD.TOTL.GD.ZS,2.63213046553066
AND,Andorra,2019,SE.XPD.TOTL.GD.ZS,3.15060997009277
AND,Andorra,2018,SE.XPD.TOTL.GD.ZS,3.2467200756073
AND,Andorra,2017,SE.XPD.TOTL.GD.ZS,3.21708989143372
AND,Andorra,2016,SE.XPD.TOTL.GD.ZS,3.23707008361816
AND,Andorra,2015,SE.XPD.TOTL.GD.ZS,3.28034996986389
AND,Andorra,2014,SE.XPD.TOTL.GD.ZS,3.07420992851257
AND,Andorra,2013,SE.XPD.TOTL.GD.ZS,2.50616002082825
AND,Andorra,2012,SE.XPD.TOTL.GD.ZS,2.56577895521486
AND,Andorra,2011,SE.XPD.TOTL.GD.ZS,2.98706007003784
AND,Andorra,2010,SE.XPD.TOTL.GD.ZS,2.97662997245789
AND,Andorra,2009,SE.XPD.TOTL.GD.ZS,3.14292001724243
AND,Andorra,2008,SE.XPD.TOTL.GD.ZS,2.87392997741699
AND,Andorra,2007,SE.XPD.TOTL.GD.ZS,2.10469007492065
AND,Andorra,2006,SE.XPD.TOTL.GD.ZS,2.24489998817444
AND,Andorra,2005,SE.XPD.TOTL.GD.ZS,1.64497005939484
AGO,Angola,2023,SE.XPD.TOTL.GD.ZS,2.51273663315785
AGO,Angola,2022,SE.XPD.TOTL.GD.ZS,2.38535898416633
AGO,Angola,2021,SE.XPD.TOTL.GD.ZS,2.29719689513241
AGO,Angola,2020,SE.XPD.TOTL.GD.ZS,2.66744733689285
AGO,Angola,2019,SE.XPD.TOTL.GD.ZS,2.07306438181603
AGO,Angola,2018,SE.XPD.TOTL.GD.ZS,2.18351298946275
AGO,Angola,2017,SE.XPD.TOTL.GD.ZS,2.46687881104886
AGO,Angola,2016,SE.XPD.TOTL.GD.ZS,2.75493664582725
AGO,Angola,2015,SE.XPD.TOTL.GD.ZS,3.48689580393413
AGO,Angola,2013,SE.XPD.TOTL.GD.ZS,4.43894951297476
AGO,Angola,2012,SE.XPD.TOTL.GD.ZS,3.08191085718142
AGO,Angola,2010,SE.XPD.TOTL.GD.ZS,3.42131996154785
AGO,Angola,2006,SE.XPD.TOTL.GD.ZS,2.28146004676819
AGO,Angola,2005,SE.XPD.TOTL.GD.ZS,2.12011003494263
ATG,Antigua and Barbuda,2023,SE.XPD.TOTL.GD.ZS,3.10505161832136
ATG,Antigua and Barbuda,2022,SE.XPD.TOTL.GD.ZS,2.50368755552383
ATG,Antigua and Barbuda,2021,SE.XPD.TOTL.GD.ZS,2.50897393198865
ATG,Antigua and Barbuda,2020,SE.XPD.TOTL.GD.ZS,3.0051830460864
ATG,Antigua and Barbuda,2019,SE.XPD.TOTL.GD.ZS,3.35725653382563
ATG,Antigua and Barbuda,2018,SE.XPD.TOTL.GD.ZS,2.26922708436893
ATG,Antigua and Barbuda,2017,SE.XPD.TOTL.GD.ZS,2.28158315038897
ATG,Antigua and Barbuda,2016,SE.XPD.TOTL.GD.ZS,2.17149931504636
ATG,Antigua and Barbuda,2015,SE.XPD.TOTL.GD.ZS,1.9934755302761
ATG,Antigua and Barbuda,2014,SE.XPD.TOTL.GD.ZS,2.3044409375638
ATG,Antigua and Barbuda,2013,SE.XPD.TOTL.GD.ZS,2.35972143126598
ATG,Antigua and Barbuda,2012,SE.XPD.TOTL.GD.ZS,2.13043025907083
ATG,Antigua and Barbuda,2009,SE.XPD.TOTL.GD.ZS,2.22264003753662
ARG,Argentina,2023,SE.XPD.TOTL.GD.ZS,5.00324010848999
ARG,Argentina,2022,SE.XPD.TOTL.GD.ZS,4.79263019561768
ARG,Argentina,2021,SE.XPD.TOTL.GD.ZS,4.65393018722534
ARG,Argentina,2020,SE.XPD.TOTL.GD.ZS,5.27689981460571
ARG,Argentina,2019,SE.XPD.TOTL.GD.ZS,4.77165985107422
ARG,Argentina,2018,SE.XPD.TOTL.GD.ZS,4.87773990631104
ARG,Argentina,2017,SE.XPD.TOTL.GD.ZS,5.45432996749878
ARG,Argentina,2016,SE.XPD.TOTL.GD.ZS,5.54548978805542
ARG,Argentina,2015,SE.XPD.TOTL.GD.ZS,5.77611017227173
ARG,Argentina,2014,SE.XPD.TOTL.GD.ZS,5.36144018173218
ARG,Argentina,2013,SE.XPD.TOTL.GD.ZS,5.43660020828247
ARG,Argentina,2012,SE.XPD.TOTL.GD.ZS,5.3458399772644
ARG,Argentina,2011,SE.XPD.TOTL.GD.ZS,5.29063987731934
ARG,Argentina,2010,SE.XPD.TOTL.GD.ZS,5.01972007751465
ARG,Argentina,2009,SE.XPD.TOTL.GD.ZS,5.53105020523071
ARG,Argentina,2008,SE.XPD.TOTL.GD.ZS,4.84438991546631
ARG,Argentina,2007,SE.XPD.TOTL.GD.ZS,4.46260976791382
ARG,Argentina,2006,SE.XPD.TOTL.GD.ZS,4.12821006774902
ARG,Argentina,2005,SE.XPD.TOTL.GD.ZS,3.86000990867615
ARM,Armenia,2023,SE.XPD.TOTL.GD.ZS,2.43869996070862
ARM,Armenia,2022,SE.XPD.TOTL.GD.ZS,2.4918999671936
ARM,Armenia,2021,SE.XPD.TOTL.GD.ZS,2.76784992218018
ARM,Armenia,2020,SE.XPD.TOTL.GD.ZS,2.70555996894836
ARM,Armenia,2019,SE.XPD.TOTL.GD.ZS,2.15984239839771
ARM,Armenia,2018,SE.XPD.TOTL.GD.ZS,2.11331180512289
ARM,Armenia,2017,SE.XPD.TOTL.GD.ZS,2.70759010314941
ARM,Armenia,2016,SE.XPD.TOTL.GD.ZS,2.75812005996704
ARM,Armenia,2015,SE.XPD.TOTL.GD.ZS,2.80591011047363
ARM,Armenia,2014,SE.XPD.TOTL.GD.ZS,2.24724006652832
ARM,Armenia,2013,SE.XPD.TOTL.GD.ZS,2.65018010139465
ARM,Armenia,2012,SE.XPD.TOTL.GD.ZS,2.77248001098633
ARM,Armenia,2011,SE.XPD.TOTL.GD.ZS,3.14384007453919
ARM,Armenia,2010,SE.XPD.TOTL.GD.ZS,3.24900007247925
ARM,Armenia,2009,SE.XPD.TOTL.GD.ZS,3.84079003334045
ARM,Armenia,2008,SE.XPD.TOTL.GD.ZS,3.17272996902466
ARM,Armenia,2007,SE.XPD.TOTL.GD.ZS,3.01893997192383
ARM,Armenia,2006,SE.XPD.TOTL.GD.ZS,2.71577000617981
ARM,Armenia,2005,SE.XPD.TOTL.GD.ZS,2.71202993392944
ABW,Aruba,2021,SE.XPD.TOTL.GD.ZS,3.61855755636695
ABW,Aruba,2019,SE.XPD.TOTL.GD.ZS,4.43503686776957
ABW,Aruba,2018,SE.XPD.TOTL.GD.ZS,4.54876355243615
ABW,Aruba,2017,SE.XPD.TOTL.GD.ZS,4.45581996127504
ABW,Aruba,2016,SE.XPD.TOTL.GD.ZS,5.49136018753052
ABW,Aruba,2015,SE.XPD.TOTL.GD.ZS,5.88826990127563
ABW,Aruba,2014,SE.XPD.TOTL.GD.ZS,5.85128021240234
ABW,Aruba,2013,SE.XPD.TOTL.GD.ZS,6.44295978546143
ABW,Aruba,2012,SE.XPD.TOTL.GD.ZS,6.3472900390625
ABW,Aruba,2011,SE.XPD.TOTL.GD.ZS,5.91466999053955
ABW,Aruba,2010,SE.XPD.TOTL.GD.ZS,6.75109004974365
ABW,Aruba,2009,SE.XPD.TOTL.GD.ZS,5.79739999771118
ABW,Aruba,2008,SE.XPD.TOTL.GD.ZS,4.82730007171631
ABW,Aruba,2007,SE.XPD.TOTL.GD.ZS,4.70254993438721
ABW,Aruba,2005,SE.XPD.TOTL.GD.ZS,4.62321996688843
AUS,Australia,2022,SE.XPD.TOTL.GD.ZS,5.05915021896362
AUS,Australia,2021,SE.XPD.TOTL.GD.ZS,5.34109020233154
AUS,Australia,2020,SE.XPD.TOTL.GD.ZS,5.38625001907349
AUT,Austria,2022,SE.XPD.TOTL.GD.ZS,5.27749013900757
AUT,Austria,2021,SE.XPD.TOTL.GD.ZS,5.48071002960205
AUT,Austria,2020,SE.XPD.TOTL.GD.ZS,5.57961988449097
AUT,Austria,2019,SE.XPD.TOTL.GD.ZS,5.23678016662598
AUT,Austria,2018,SE.XPD.TOTL.GD.ZS,5.25437021255493
AUT,Austria,2017,SE.XPD.TOTL.GD.ZS,5.40181016921997
AUT,Austria,2016,SE.XPD.TOTL.GD.ZS,5.50954008102417
AUT,Austria,2015,SE.XPD.TOTL.GD.ZS,5.49143981933594
AUT,Austria,2014,SE.XPD.TOTL.GD.ZS,5.49767017364502
AUT,Austria,2013,SE.XPD.TOTL.GD.ZS,5.59404993057251
AUT,Austria,2012,SE.XPD.TOTL.GD.ZS,5.51612997055054
AUT,Austria,2011,SE.XPD.TOTL.GD.ZS,5.62787008285522
AUT,Austria,2010,SE.XPD.TOTL.GD.ZS,5.73625993728638
AUT,Austria,2009,SE.XPD.TOTL.GD.ZS,5.76567983627319
AUT,Austria,2008,SE.XPD.TOTL.GD.ZS,5.2985200881958
AUT,Austria,2007,SE.XPD.TOTL.GD.ZS,5.17918014526367
AUT,Austria,2006,SE.XPD.TOTL.GD.ZS,5.26367998123169
AUT,Austria,2005,SE.XPD.TOTL.GD.ZS,5.28515005111694
AZE,Azerbaijan,2023,SE.XPD.TOTL.GD.ZS,3.66036009788513
AZE,Azerbaijan,2022,SE.XPD.TOTL.GD.ZS,3.04689002037048
AZE,Azerbaijan,2021,SE.XPD.TOTL.GD.ZS,3.7020800113678
AZE,Azerbaijan,2020,SE.XPD.TOTL.GD.ZS,4.33204984664917
AZE,Azerbaijan,2019,SE.XPD.TOTL.GD.ZS,3.1764600276947
AZE,Azerbaijan,2018,SE.XPD.TOTL.GD.ZS,2.45543003082275
AZE,Azerbaijan,2017,SE.XPD.TOTL.GD.ZS,2.4738199710846
AZE,Azerbaijan,2016,SE.XPD.TOTL.GD.ZS,2.90340995788574
AZE,Azerbaijan,2015,SE.XPD.TOTL.GD.ZS,2.95167994499206
AZE,Azerbaijan,2014,SE.XPD.TOTL.GD.ZS,2.63303995132446
AZE,Azerbaijan,2013,SE.XPD.TOTL.GD.ZS,2.44213008880615
AZE,Azerbaijan,2012,SE.XPD.TOTL.GD.ZS,2.06763005256653
AZE,Azerbaijan,2011,SE.XPD.TOTL.GD.ZS,2.43564009666443
AZE,Azerbaijan,2010,SE.XPD.TOTL.GD.ZS,2.78062009811401
AZE,Azerbaijan,2009,SE.XPD.TOTL.GD.ZS,3.22430992126465
AZE,Azerbaijan,2008,SE.XPD.TOTL.GD.ZS,2.44092988967896
AZE,Azerbaijan,2007,SE.XPD.TOTL.GD.ZS,2.5492799282074
AZE,Azerbaijan,2006,SE.XPD.TOTL.GD.ZS,2.55552005767822
AZE,Azerbaijan,2005,SE.XPD.TOTL.GD.ZS,2.97462010383606
BHS,"Bahamas, The",2023,SE.XPD.TOTL.GD.ZS,2.74191570247934
BHS,"Bahamas, The",2022,SE.XPD.TOTL.GD.ZS,2.62367021406169
BHS,"Bahamas, The",2021,SE.XPD.TOTL.GD.ZS,3.04890655208507
BHS,"Bahamas, The",2020,SE.XPD.TOTL.GD.ZS,3.7125229961238
BHS,"Bahamas, The",2019,SE.XPD.TOTL.GD.ZS,2.62573176503127
BHS,"Bahamas, The",2018,SE.XPD.TOTL.GD.ZS,2.49264112462151
BHS,"Bahamas, The",2017,SE.XPD.TOTL.GD.ZS,2.69510162053495
BHS,"Bahamas, The",2016,SE.XPD.TOTL.GD.ZS,2.58786212973921
BHS,"Bahamas, The",2015,SE.XPD.TOTL.GD.ZS,2.2723175918231
BHS,"Bahamas, The",2014,SE.XPD.TOTL.GD.ZS,2.24714705533939
BHS,"Bahamas, The",2013,SE.XPD.TOTL.GD.ZS,2.4242884241713
BHS,"Bahamas, The",2012,SE.XPD.TOTL.GD.ZS,2.30391197238935
BHS,"Bahamas, The",2011,SE.XPD.TOTL.GD.ZS,2.35576638581195
BHS,"Bahamas, The",2010,SE.XPD.TOTL.GD.ZS,2.45165990475209
BHR,Bahrain,2023,SE.XPD.TOTL.GD.ZS,1.88778167912993
BHR,Bahrain,2022,SE.XPD.TOTL.GD.ZS,1.71192127094005
BHR,Bahrain,2021,SE.XPD.TOTL.GD.ZS,1.85115940115918
BHR,Bahrain,2020,SE.XPD.TOTL.GD.ZS,2.05801907522052
BHR,Bahrain,2019,SE.XPD.TOTL.GD.ZS,2.11146982812491
BHR,Bahrain,2018,SE.XPD.TOTL.GD.ZS,2.38893976833662
BHR,Bahrain,2017,SE.XPD.TOTL.GD.ZS,2.21637010574341
BHR,Bahrain,2016,SE.XPD.TOTL.GD.ZS,2.80248290251154
BHR,Bahrain,2015,SE.XPD.TOTL.GD.ZS,2.55344009399414
BHR,Bahrain,2014,SE.XPD.TOTL.GD.ZS,2.36918997764587
BHR,Bahrain,2013,SE.XPD.TOTL.GD.ZS,2.38286995887756
BHR,Bahrain,2012,SE.XPD.TOTL.GD.ZS,2.54483008384705
BHR,Bahrain,2011,SE.XPD.TOTL.GD.ZS,2.31235396487985
BHR,Bahrain,2010,SE.XPD.TOTL.GD.ZS,2.35114974984976
BHR,Bahrain,2008,SE.XPD.TOTL.GD.ZS,2.49677991867065
BHR,Bahrain,2007,SE.XPD.TOTL.GD.ZS,2.57500004768372
BHR,Bahrain,2006,SE.XPD.TOTL.GD.ZS,2.87440991401672
BGD,Bangladesh,2024,SE.XPD.TOTL.GD.ZS,2.0343847791384
BGD,Bangladesh,2023,SE.XPD.TOTL.GD.ZS,2.16213826344701
BGD,Bangladesh,2022,SE.XPD.TOTL.GD.ZS,2.08538657806243
BGD,Bangladesh,2021,SE.XPD.TOTL.GD.ZS,2.17090882504654
BGD,Bangladesh,2020,SE.XPD.TOTL.GD.ZS,2.13974351741877
BGD,Bangladesh,2019,SE.XPD.TOTL.GD.ZS,1.13094997406006
BGD,Bangladesh,2018,SE.XPD.TOTL.GD.ZS,2.09477473545666
BGD,Bangladesh,2017,SE.XPD.TOTL.GD.ZS,2.11342875356648
BGD,Bangladesh,2016,SE.XPD.TOTL.GD.ZS,1.28183996677399
BGD,Bangladesh,2015,SE.XPD.TOTL.GD.ZS,1.87225417109978
BGD,Bangladesh,2014,SE.XPD.TOTL.GD.ZS,2.09871663086838
BGD,Bangladesh,2013,SE.XPD.TOTL.GD.ZS,1.96616995334625
BGD,Bangladesh,2012,SE.XPD.TOTL.GD.ZS,2.17549991607666
BGD,Bangladesh,2011,SE.XPD.TOTL.GD.ZS,2.13269996643066
BGD,Bangladesh,2009,SE.XPD.TOTL.GD.ZS,1.93941998481751
BGD,Bangladesh,2008,SE.XPD.TOTL.GD.ZS,2.0545699596405
BGD,Bangladesh,2007,SE.XPD.TOTL.GD.ZS,2.20221996307373
BGD,Bangladesh,2006,SE.XPD.TOTL.GD.ZS,2.13128995895386
BRB,Barbados,2024,SE.XPD.TOTL.GD.ZS,3.55593188106322
BRB,Barbados,2023,SE.XPD.TOTL.GD.ZS,3.7754499912262
BRB,Barbados,2022,SE.XPD.TOTL.GD.ZS,4.14000988006592
BRB,Barbados,2021,SE.XPD.TOTL.GD.ZS,4.49793004989624
BRB,Barbados,2020,SE.XPD.TOTL.GD.ZS,3.86529994010925
BRB,Barbados,2019,SE.XPD.TOTL.GD.ZS,3.72228002548218
BRB,Barbados,2018,SE.XPD.TOTL.GD.ZS,5.40447825597088
BRB,Barbados,2017,SE.XPD.TOTL.GD.ZS,3.956209897995
BRB,Barbados,2016,SE.XPD.TOTL.GD.ZS,4.19719982147217
BRB,Barbados,2015,SE.XPD.TOTL.GD.ZS,5.15997517232471
BRB,Barbados,2014,SE.XPD.TOTL.GD.ZS,5.35950994491577
BRB,Barbados,2013,SE.XPD.TOTL.GD.ZS,4.50306987762451
BRB,Barbados,2012,SE.XPD.TOTL.GD.ZS,4.58823013305664
BRB,Barbados,2010,SE.XPD.TOTL.GD.ZS,6.05261993408203
BRB,Barbados,2009,SE.XPD.TOTL.GD.ZS,5.11040019989014
BRB,Barbados,2008,SE.XPD.TOTL.GD.ZS,4.92074012756348
BRB,Barbados,2007,SE.XPD.TOTL.GD.ZS,5.22061014175415
BRB,Barbados,2005,SE.XPD.TOTL.GD.ZS,5.66965007781982
BLR,Belarus,2024,SE.XPD.TOTL.GD.ZS,5.04593992233276
BLR,Belarus,2023,SE.XPD.TOTL.GD.ZS,4.90902996063232
BLR,Belarus,2022,SE.XPD.TOTL.GD.ZS,4.62823009490967
BLR,Belarus,2021,SE.XPD.TOTL.GD.ZS,4.60641002655029
BLR,Belarus,2020,SE.XPD.TOTL.GD.ZS,4.86263990402222
BLR,Belarus,2019,SE.XPD.TOTL.GD.ZS,4.97948980331421
BLR,Belarus,2018,SE.XPD.TOTL.GD.ZS,4.83656978607178
BLR,Belarus,2017,SE.XPD.TOTL.GD.ZS,4.79500007629395
BLR,Belarus,2016,SE.XPD.TOTL.GD.ZS,4.94654989242554
BLR,Belarus,2015,SE.XPD.TOTL.GD.ZS,4.78751993179321
BLR,Belarus,2014,SE.XPD.TOTL.GD.ZS,4.81830978393555
BLR,Belarus,2013,SE.XPD.TOTL.GD.ZS,5.0094199180603
BLR,Belarus,2012,SE.XPD.TOTL.GD.ZS,4.95964002609253
BLR,Belarus,2011,SE.XPD.TOTL.GD.ZS,4.68479013442993
BLR,Belarus,2010,SE.XPD.TOTL.GD.ZS,5.22003984451294
BLR,Belarus,2009,SE.XPD.TOTL.GD.ZS,4.3689398765564
BLR,Belarus,2007,SE.XPD.TOTL.GD.ZS,5.15210008621216
BLR,Belarus,2006,SE.XPD.TOTL.GD.ZS,6.07696008682251
BLR,Belarus,2005,SE.XPD.TOTL.GD.ZS,5.8710298538208
BEL,Belgium,2022,SE.XPD.TOTL.GD.ZS,6.27611017227173
BEL,Belgium,2021,SE.XPD.TOTL.GD.ZS,6.38081979751587
BEL,Belgium,2020,SE.XPD.TOTL.GD.ZS,6.75470018386841
BEL,Belgium,2019,SE.XPD.TOTL.GD.ZS,6.32381010055542
BEL,Belgium,2018,SE.XPD.TOTL.GD.ZS,6.38883018493652
BEL,Belgium,2017,SE.XPD.TOTL.GD.ZS,6.44915008544922
BEL,Belgium,2016,SE.XPD.TOTL.GD.ZS,6.48613023757935
BEL,Belgium,2015,SE.XPD.TOTL.GD.ZS,6.46963977813721
BEL,Belgium,2014,SE.XPD.TOTL.GD.ZS,6.55866003036499
BEL,Belgium,2013,SE.XPD.TOTL.GD.ZS,6.60135984420776
BEL,Belgium,2012,SE.XPD.TOTL.GD.ZS,6.56625986099243
BEL,Belgium,2011,SE.XPD.TOTL.GD.ZS,6.38481998443604
BEL,Belgium,2010,SE.XPD.TOTL.GD.ZS,6.44078016281128
BEL,Belgium,2009,SE.XPD.TOTL.GD.ZS,6.43465995788574
BEL,Belgium,2008,SE.XPD.TOTL.GD.ZS,6.33294010162354
BEL,Belgium,2005,SE.XPD.TOTL.GD.ZS,5.79584980010986
BLZ,Belize,2024,SE.XPD.TOTL.GD.ZS,4.62276317232973
BLZ,Belize,2023,SE.XPD.TOTL.GD.ZS,4.23143005371094
BLZ,Belize,2022,SE.XPD.TOTL.GD.ZS,4.60415983200073
BLZ,Belize,2021,SE.XPD.TOTL.GD.ZS,5.96298980712891
BLZ,Belize,2020,SE.XPD.TOTL.GD.ZS,5.21301984786987
BLZ,Belize,2019,SE.XPD.TOTL.GD.ZS,5.96377992630005
BLZ,Belize,2018,SE.XPD.TOTL.GD.ZS,6.12779998779297
BLZ,Belize,2017,SE.XPD.TOTL.GD.ZS,5.95071983337402
BLZ,Belize,2016,SE.XPD.TOTL.GD.ZS,5.72603988647461
BLZ,Belize,2015,SE.XPD.TOTL.GD.ZS,5.35711002349854
BLZ,Belize,2014,SE.XPD.TOTL.GD.ZS,5.1395001411438
BLZ,Belize,2013,SE.XPD.TOTL.GD.ZS,5.12474012374878
BLZ,Belize,2012,SE.XPD.TOTL.GD.ZS,5.47351989539787
BLZ,Belize,2011,SE.XPD.TOTL.GD.ZS,5.51786910233588
BLZ,Belize,2010,SE.XPD.TOTL.GD.ZS,5.24251985549927
BLZ,Belize,2009,SE.XPD.TOTL.GD.ZS,4.8011999130249
BLZ,Belize,2008,SE.XPD.TOTL.GD.ZS,4.29996013641357
BEN,Benin,2023,SE.XPD.TOTL.GD.ZS,3.22974322056608
BEN,Benin,2022,SE.XPD.TOTL.GD.ZS,3.0972642678305
BEN,Benin,2021,SE.XPD.TOTL.GD.ZS,3.09692638090381
BEN,Benin,2020,SE.XPD.TOTL.GD.ZS,2.89898431911618
BEN,Benin,2019,SE.XPD.TOTL.GD.ZS,2.73204741460628
BEN,Benin,2018,SE.XPD.TOTL.GD.ZS,2.93161988258362
BEN,Benin,2017,SE.XPD.TOTL.GD.ZS,3.53558993339539
BEN,Benin,2016,SE.XPD.TOTL.GD.ZS,2.89910006523132
BEN,Benin,2015,SE.XPD.TOTL.GD.ZS,3.17298007011414
BEN,Benin,2014,SE.XPD.TOTL.GD.ZS,3.161789894104
BEN,Benin,2013,SE.XPD.TOTL.GD.ZS,3.3275101184845
BEN,Benin,2012,SE.XPD.TOTL.GD.ZS,3.56202006340027
BEN,Benin,2010,SE.XPD.TOTL.GD.ZS,3.67997002601623
BEN,Benin,2009,SE.XPD.TOTL.GD.ZS,3.08927011489868
BEN,Benin,2008,SE.XPD.TOTL.GD.ZS,2.77728009223938
BEN,Benin,2007,SE.XPD.TOTL.GD.ZS,2.36331009864807
BEN,Benin,2006,SE.XPD.TOTL.GD.ZS,2.56340003013611
BEN,Benin,2005,SE.XPD.TOTL.GD.ZS,2.6566801071167
BMU,Bermuda,2023,SE.XPD.TOTL.GD.ZS,1.86510440752276
BMU,Bermuda,2022,SE.XPD.TOTL.GD.ZS,1.77583338857166
BMU,Bermuda,2021,SE.XPD.TOTL.GD.ZS,1.94565325816336
BMU,Bermuda,2020,SE.XPD.TOTL.GD.ZS,1.74834797496856
BMU,Bermuda,2019,SE.XPD.TOTL.GD.ZS,1.92679827239971
BMU,Bermuda,2018,SE.XPD.TOTL.GD.ZS,1.93595466792564
BMU,Bermuda,2017,SE.XPD.TOTL.GD.ZS,1.32495999336243
BMU,Bermuda,2016,SE.XPD.TOTL.GD.ZS,2.03905874199287
BMU,Bermuda,2015,SE.XPD.TOTL.GD.ZS,1.50163996219635
BMU,Bermuda,2014,SE.XPD.TOTL.GD.ZS,1.5368800163269
BMU,Bermuda,2013,SE.XPD.TOTL.GD.ZS,2.2795032068669
BMU,Bermuda,2012,SE.XPD.TOTL.GD.ZS,2.38597137100485
BMU,Bermuda,2011,SE.XPD.TOTL.GD.ZS,2.19656988306324
BMU,Bermuda,2010,SE.XPD.TOTL.GD.ZS,2.30668997764587
BMU,Bermuda,2009,SE.XPD.TOTL.GD.ZS,2.28920006752014
BMU,Bermuda,2005,SE.XPD.TOTL.GD.ZS,1.98877000808716
BTN,Bhutan,2023,SE.XPD.TOTL.GD.ZS,5.84518003463745
BTN,Bhutan,2022,SE.XPD.TOTL.GD.ZS,7.46981980280053
BTN,Bhutan,2021,SE.XPD.TOTL.GD.ZS,6.5983860642268
BTN,Bhutan,2020,SE.XPD.TOTL.GD.ZS,5.46991778261464
BTN,Bhutan,2019,SE.XPD.TOTL.GD.ZS,4.50982783818663
BTN,Bhutan,2018,SE.XPD.TOTL.GD.ZS,6.47810983657837
BTN,Bhutan,2017,SE.XPD.TOTL.GD.ZS,6.61724996566772
BTN,Bhutan,2016,SE.XPD.TOTL.GD.ZS,6.4044599533081
BTN,Bhutan,2015,SE.XPD.TOTL.GD.ZS,6.92886018753052
BTN,Bhutan,2014,SE.XPD.TOTL.GD.ZS,5.4618501663208
BTN,Bhutan,2013,SE.XPD.TOTL.GD.ZS,5.16565990447998
BTN,Bhutan,2011,SE.XPD.TOTL.GD.ZS,4.31658983230591
BTN,Bhutan,2010,SE.XPD.TOTL.GD.ZS,3.82318997383118
BTN,Bhutan,2009,SE.XPD.TOTL.GD.ZS,4.41887998580933
BTN,Bhutan,2008,SE.XPD.TOTL.GD.ZS,4.56950998306274
BTN,Bhutan,2005,SE.XPD.TOTL.GD.ZS,6.76420021057129
BOL,Bolivia,2024,SE.XPD.TOTL.GD.ZS,7.53980016708374
BOL,Bolivia,2023,SE.XPD.TOTL.GD.ZS,7.89381980895996
BOL,Bolivia,2022,SE.XPD.TOTL.GD.ZS,7.57551002502441
BOL,Bolivia,2021,SE.XPD.TOTL.GD.ZS,7.96216011047363
BOL,Bolivia,2020,SE.XPD.TOTL.GD.ZS,8.43710994720459
BOL,Bolivia,2019,SE.XPD.TOTL.GD.ZS,8.09103012084961
BOL,Bolivia,2018,SE.XPD.TOTL.GD.ZS,8.01585960388184
BOL,Bolivia,2017,SE.XPD.TOTL.GD.ZS,8.09722995758057
BOL,Bolivia,2016,SE.XPD.TOTL.GD.ZS,8.15062046051025
BOL,Bolivia,2015,SE.XPD.TOTL.GD.ZS,8.1434497833252
BOL,Bolivia,2014,SE.XPD.TOTL.GD.ZS,7.47811985015869
BOL,Bolivia,2013,SE.XPD.TOTL.GD.ZS,6.80321979522705
BOL,Bolivia,2012,SE.XPD.TOTL.GD.ZS,6.62799978256226
BOL,Bolivia,2011,SE.XPD.TOTL.GD.ZS,6.45054006576538
BOL,Bolivia,2010,SE.XPD.TOTL.GD.ZS,6.97377014160156
BOL,Bolivia,2009,SE.XPD.TOTL.GD.ZS,7.57484006881714
BOL,Bolivia,2008,SE.XPD.TOTL.GD.ZS,6.72301006317139
BOL,Bolivia,2007,SE.XPD.TOTL.GD.ZS,6.7204999923706
BOL,Bolivia,2006,SE.XPD.TOTL.GD.ZS,6.43421983718872
BIH,Bosnia and Herzegovina,2023,SE.XPD.TOTL.GD.ZS,3.24564826597779
BIH,Bosnia and Herzegovina,2022,SE.XPD.TOTL.GD.ZS,2.97012986426524
BIH,Bosnia and Herzegovina,2021,SE.XPD.TOTL.GD.ZS,4.13622999191284
BIH,Bosnia and Herzegovina,2020,SE.XPD.TOTL.GD.ZS,3.01954088371123
BIH,Bosnia and Herzegovina,2019,SE.XPD.TOTL.GD.ZS,4.04449987411499
BIH,Bosnia and Herzegovina,2018,SE.XPD.TOTL.GD.ZS,3.89297008514404
BIH,Bosnia and Herzegovina,2017,SE.XPD.TOTL.GD.ZS,2.83868424239217
BIH,Bosnia and Herzegovina,2016,SE.XPD.TOTL.GD.ZS,4.26451015472412
BIH,Bosnia and Herzegovina,2015,SE.XPD.TOTL.GD.ZS,3.0181128667772
BIH,Bosnia and Herzegovina,2014,SE.XPD.TOTL.GD.ZS,3.31473965674631
BWA,Botswana,2020,SE.XPD.TOTL.GD.ZS,8.05833660991541
BWA,Botswana,2019,SE.XPD.TOTL.GD.ZS,8.3989966033446
BWA,Botswana,2018,SE.XPD.TOTL.GD.ZS,7.9053860532971
BWA,Botswana,2017,SE.XPD.TOTL.GD.ZS,7.80924443947392
BWA,Botswana,2016,SE.XPD.TOTL.GD.ZS,8.73589296358928
BWA,Botswana,2015,SE.XPD.TOTL.GD.ZS,8.39457941644674
BWA,Botswana,2014,SE.XPD.TOTL.GD.ZS,7.88874188960311
BWA,Botswana,2013,SE.XPD.TOTL.GD.ZS,8.0172064061589
BWA,Botswana,2012,SE.XPD.TOTL.GD.ZS,8.1098729741114
BWA,Botswana,2011,SE.XPD.TOTL.GD.ZS,10.8265537416631
BWA,Botswana,2009,SE.XPD.TOTL.GD.ZS,9.8253002166748
BWA,Botswana,2007,SE.XPD.TOTL.GD.ZS,9.04666996002197
BWA,Botswana,2005,SE.XPD.TOTL.GD.ZS,10.6785898208618
BRA,Brazil,2022,SE.XPD.TOTL.GD.ZS,5.61920976638794
BRA,Brazil,2021,SE.XPD.TOTL.GD.ZS,5.4969801902771
BRA,Brazil,2020,SE.XPD.TOTL.GD.ZS,5.7714900970459
BRA,Brazil,2019,SE.XPD.TOTL.GD.ZS,5.96346998214722
BRA,Brazil,2018,SE.XPD.TOTL.GD.ZS,6.08851003646851
BRA,Brazil,2017,SE.XPD.TOTL.GD.ZS,6.32047986984253
BRA,Brazil,2016,SE.XPD.TOTL.GD.ZS,6.31403017044067
BRA,Brazil,2015,SE.XPD.TOTL.GD.ZS,6.24105978012085
BRA,Brazil,2014,SE.XPD.TOTL.GD.ZS,5.94848012924194
BRA,Brazil,2013,SE.XPD.TOTL.GD.ZS,5.8388500213623
BRA,Brazil,2012,SE.XPD.TOTL.GD.ZS,5.85510015487671
BRA,Brazil,2011,SE.XPD.TOTL.GD.ZS,5.73741006851196
BRA,Brazil,2010,SE.XPD.TOTL.GD.ZS,5.64879989624023
BRA,Brazil,2009,SE.XPD.TOTL.GD.ZS,5.46355009078979
BRA,Brazil,2008,SE.XPD.TOTL.GD.ZS,5.26884984970093
BRA,Brazil,2007,SE.XPD.TOTL.GD.ZS,4.97426986694336
BRA,Brazil,2006,SE.XPD.TOTL.GD.ZS,4.87060022354126
BRA,Brazil,2005,SE.XPD.TOTL.GD.ZS,4.47909021377563
VGB,British Virgin Islands,2023,SE.XPD.TOTL.GD.ZS,3.17283855528435
VGB,British Virgin Islands,2022,SE.XPD.TOTL.GD.ZS,2.48401807300907
VGB,British Virgin Islands,2021,SE.XPD.TOTL.GD.ZS,3.0245532067775
VGB,British Virgin Islands,2020,SE.XPD.TOTL.GD.ZS,2.70539282589676
VGB,British Virgin Islands,2019,SE.XPD.TOTL.GD.ZS,2.500967871937
VGB,British Virgin Islands,2018,SE.XPD.TOTL.GD.ZS,2.42556060278319
VGB,British Virgin Islands,2017,SE.XPD.TOTL.GD.ZS,2.4570894097885
VGB,British Virgin Islands,2016,SE.XPD.TOTL.GD.ZS,3.25467711875258
VGB,British Virgin Islands,2015,SE.XPD.TOTL.GD.ZS,4.70449999843962
VGB,British Virgin Islands,2014,SE.XPD.TOTL.GD.ZS,4.00919804063438
VGB,British Virgin Islands,2013,SE.XPD.TOTL.GD.ZS,4.45811210742524
VGB,British Virgin Islands,2012,SE.XPD.TOTL.GD.ZS,3.55560728835564
VGB,British Virgin Islands,2010,SE.XPD.TOTL.GD.ZS,3.48700818755313
BRN,Brunei Darussalam,2016,SE.XPD.TOTL.GD.ZS,4.42539978027344
BRN,Brunei Darussalam,2014,SE.XPD.TOTL.GD.ZS,3.35321998596191
BRN,Brunei Darussalam,2012,SE.XPD.TOTL.GD.ZS,2.88964009284973
BRN,Brunei Darussalam,2011,SE.XPD.TOTL.GD.ZS,3.32213997840881
BRN,Brunei Darussalam,2010,SE.XPD.TOTL.GD.ZS,1.84384000301361
BGR,Bulgaria,2022,SE.XPD.TOTL.GD.ZS,4.50109004974365
BGR,Bulgaria,2021,SE.XPD.TOTL.GD.ZS,4.7092399597168
BGR,Bulgaria,2020,SE.XPD.TOTL.GD.ZS,4.48298978805542
BGR,Bulgaria,2019,SE.XPD.TOTL.GD.ZS,4.21430015563965
BGR,Bulgaria,2018,SE.XPD.TOTL.GD.ZS,4.05201005935669
BGR,Bulgaria,2017,SE.XPD.TOTL.GD.ZS,4.07754993438721
BGR,Bulgaria,2016,SE.XPD.TOTL.GD.ZS,3.81435990333557
BGR,Bulgaria,2015,SE.XPD.TOTL.GD.ZS,3.88469004631042
BGR,Bulgaria,2014,SE.XPD.TOTL.GD.ZS,4.19388008117676
BGR,Bulgaria,2013,SE.XPD.TOTL.GD.ZS,4.05766010284424
BGR,Bulgaria,2012,SE.XPD.TOTL.GD.ZS,3.47650003433227
BGR,Bulgaria,2011,SE.XPD.TOTL.GD.ZS,3.54690003395081
BGR,Bulgaria,2010,SE.XPD.TOTL.GD.ZS,3.85746002197266
BGR,Bulgaria,2009,SE.XPD.TOTL.GD.ZS,4.27429008483887
BGR,Bulgaria,2008,SE.XPD.TOTL.GD.ZS,4.2190899848938
BGR,Bulgaria,2007,SE.XPD.TOTL.GD.ZS,3.680340051651
BGR,Bulgaria,2006,SE.XPD.TOTL.GD.ZS,3.90346002578735
BGR,Bulgaria,2005,SE.XPD.TOTL.GD.ZS,4.10879993438721
BFA,Burkina Faso,2023,SE.XPD.TOTL.GD.ZS,5.32757840997187
BFA,Burkina Faso,2022,SE.XPD.TOTL.GD.ZS,5.29456753304241
BFA,Burkina Faso,2021,SE.XPD.TOTL.GD.ZS,5.24913346712028
BFA,Burkina Faso,2020,SE.XPD.TOTL.GD.ZS,5.21148277030166
BFA,Burkina Faso,2019,SE.XPD.TOTL.GD.ZS,5.45615632520251
BFA,Burkina Faso,2018,SE.XPD.TOTL.GD.ZS,5.488609790802
BFA,Burkina Faso,2017,SE.XPD.TOTL.GD.ZS,5.62846994400024
BFA,Burkina Faso,2015,SE.XPD.TOTL.GD.ZS,3.67008996009827
BFA,Burkina Faso,2014,SE.XPD.TOTL.GD.ZS,4.05329990386963
BFA,Burkina Faso,2013,SE.XPD.TOTL.GD.ZS,4.08343982696533
BFA,Burkina Faso,2012,SE.XPD.TOTL.GD.ZS,3.60315990447998
BFA,Burkina Faso,2011,SE.XPD.TOTL.GD.ZS,3.98515009880066
BFA,Burkina Faso,2010,SE.XPD.TOTL.GD.ZS,3.50222992897034
BFA,Burkina Faso,2007,SE.XPD.TOTL.GD.ZS,4.07982015609741
BFA,Burkina Faso,2006,SE.XPD.TOTL.GD.ZS,3.98218989372253
BFA,Burkina Faso,2005,SE.XPD.TOTL.GD.ZS,3.94112992286682
BDI,Burundi,2025,SE.XPD.TOTL.GD.ZS,4.5040397644043
BDI,Burundi,2021,SE.XPD.TOTL.GD.ZS,4.87114173892375
BDI,Burundi,2020,SE.XPD.TOTL.GD.ZS,5.32158506838731
BDI,Burundi,2019,SE.XPD.TOTL.GD.ZS,5.34668445378401
BDI,Burundi,2018,SE.XPD.TOTL.GD.ZS,5.07863998413086
BDI,Burundi,2017,SE.XPD.TOTL.GD.ZS,4.76202011108398
BDI,Burundi,2016,SE.XPD.TOTL.GD.ZS,4.69199991226196
BDI,Burundi,2015,SE.XPD.TOTL.GD.ZS,6.37133979797363
BDI,Burundi,2014,SE.XPD.TOTL.GD.ZS,6.78452014923096
BDI,Burundi,2013,SE.XPD.TOTL.GD.ZS,5.99539995193481
BDI,Burundi,2012,SE.XPD.TOTL.GD.ZS,6.16776990890503
BDI,Burundi,2011,SE.XPD.TOTL.GD.ZS,6.31926012039185
BDI,Burundi,2010,SE.XPD.TOTL.GD.ZS,6.77523994445801
BDI,Burundi,2009,SE.XPD.TOTL.GD.ZS,6.17194986343384
BDI,Burundi,2008,SE.XPD.TOTL.GD.ZS,5.19289016723633
BDI,Burundi,2005,SE.XPD.TOTL.GD.ZS,3.63216996192932
CPV,Cabo Verde,2023,SE.XPD.TOTL.GD.ZS,4.3482854136693
CPV,Cabo Verde,2022,SE.XPD.TOTL.GD.ZS,4.7252554800722
CPV,Cabo Verde,2021,SE.XPD.TOTL.GD.ZS,6.15490303089284
CPV,Cabo Verde,2020,SE.XPD.TOTL.GD.ZS,7.09400702406662
CPV,Cabo Verde,2019,SE.XPD.TOTL.GD.ZS,4.16528987884521
CPV,Cabo Verde,2018,SE.XPD.TOTL.GD.ZS,4.78792270184537
CPV,Cabo Verde,2017,SE.XPD.TOTL.GD.ZS,4.59278011322021
CPV,Cabo Verde,2016,SE.XPD.TOTL.GD.ZS,4.75475978851318
CPV,Cabo Verde,2015,SE.XPD.TOTL.GD.ZS,4.80622005462646
CPV,Cabo Verde,2014,SE.XPD.TOTL.GD.ZS,4.52133989334106
CPV,Cabo Verde,2013,SE.XPD.TOTL.GD.ZS,4.56156015396118
CPV,Cabo Verde,2012,SE.XPD.TOTL.GD.ZS,5.39769575795208
CPV,Cabo Verde,2011,SE.XPD.TOTL.GD.ZS,4.59785985946655
CPV,Cabo Verde,2010,SE.XPD.TOTL.GD.ZS,5.0765700340271
CPV,Cabo Verde,2009,SE.XPD.TOTL.GD.ZS,4.86588001251221
CPV,Cabo Verde,2008,SE.XPD.TOTL.GD.ZS,5.03464984893799
CPV,Cabo Verde,2007,SE.XPD.TOTL.GD.ZS,4.95982980728149
CPV,Cabo Verde,2006,SE.XPD.TOTL.GD.ZS,6.52960014343262
KHM,Cambodia,2023,SE.XPD.TOTL.GD.ZS,2.1809128340295
KHM,Cambodia,2022,SE.XPD.TOTL.GD.ZS,1.95793279576416
KHM,Cambodia,2021,SE.XPD.TOTL.GD.ZS,1.96232691812756
KHM,Cambodia,2020,SE.XPD.TOTL.GD.ZS,2.2476462495972
KHM,Cambodia,2019,SE.XPD.TOTL.GD.ZS,2.13345387893978
KHM,Cambodia,2018,SE.XPD.TOTL.GD.ZS,1.60336995124817
KHM,Cambodia,2014,SE.XPD.TOTL.GD.ZS,1.44690001010895
KHM,Cambodia,2013,SE.XPD.TOTL.GD.ZS,1.57648003101349
KHM,Cambodia,2012,SE.XPD.TOTL.GD.ZS,1.23062002658844
KHM,Cambodia,2011,SE.XPD.TOTL.GD.ZS,1.20887994766235
KHM,Cambodia,2010,SE.XPD.TOTL.GD.ZS,1.24872994422913
KHM,Cambodia,2009,SE.XPD.TOTL.GD.ZS,1.38576996326447
KHM,Cambodia,2007,SE.XPD.TOTL.GD.ZS,1.36423003673553
CMR,Cameroon,2023,SE.XPD.TOTL.GD.ZS,2.83907623667935
CMR,Cameroon,2022,SE.XPD.TOTL.GD.ZS,2.65952378267367
CMR,Cameroon,2021,SE.XPD.TOTL.GD.ZS,2.8493076272306
CMR,Cameroon,2020,SE.XPD.TOTL.GD.ZS,3.10390139858492
CMR,Cameroon,2019,SE.XPD.TOTL.GD.ZS,3.0473994932468
CMR,Cameroon,2018,SE.XPD.TOTL.GD.ZS,3.03096008300781
CMR,Cameroon,2017,SE.XPD.TOTL.GD.ZS,3.05961990356445
CMR,Cameroon,2016,SE.XPD.TOTL.GD.ZS,2.56234002113342
CMR,Cameroon,2015,SE.XPD.TOTL.GD.ZS,2.65791010856628
CMR,Cameroon,2014,SE.XPD.TOTL.GD.ZS,2.58396005630493
CMR,Cameroon,2013,SE.XPD.TOTL.GD.ZS,2.65546989440918
CMR,Cameroon,2012,SE.XPD.TOTL.GD.ZS,2.60304999351502
CMR,Cameroon,2011,SE.XPD.TOTL.GD.ZS,2.65335988998413
CMR,Cameroon,2010,SE.XPD.TOTL.GD.ZS,2.84802007675171
CMR,Cameroon,2009,SE.XPD.TOTL.GD.ZS,2.90790009498596
CMR,Cameroon,2008,SE.XPD.TOTL.GD.ZS,2.49826002120972
CMR,Cameroon,2007,SE.XPD.TOTL.GD.ZS,2.87814998626709
CMR,Cameroon,2006,SE.XPD.TOTL.GD.ZS,2.53990006446838
CMR,Cameroon,2005,SE.XPD.TOTL.GD.ZS,2.65652990341186
CAN,Canada,2022,SE.XPD.TOTL.GD.ZS,4.84426021575928
CAN,Canada,2021,SE.XPD.TOTL.GD.ZS,4.74858999252319
CAN,Canada,2020,SE.XPD.TOTL.GD.ZS,4.88794994354248
CAN,Canada,2019,SE.XPD.TOTL.GD.ZS,4.77293014526367
CAN,Canada,2018,SE.XPD.TOTL.GD.ZS,4.88898992538452
CAN,Canada,2017,SE.XPD.TOTL.GD.ZS,4.95998001098633
CAN,Canada,2016,SE.XPD.TOTL.GD.ZS,4.81642007827759
CAN,Canada,2015,SE.XPD.TOTL.GD.ZS,4.73936986923218
CAN,Canada,2014,SE.XPD.TOTL.GD.ZS,4.84358978271484
CAN,Canada,2013,SE.XPD.TOTL.GD.ZS,4.58899021148682
CAN,Canada,2011,SE.XPD.TOTL.GD.ZS,5.26204013824463
CAN,Canada,2010,SE.XPD.TOTL.GD.ZS,5.35637998580933
CAN,Canada,2009,SE.XPD.TOTL.GD.ZS,4.84057998657227
CAN,Canada,2008,SE.XPD.TOTL.GD.ZS,4.62612009048462
CAN,Canada,2007,SE.XPD.TOTL.GD.ZS,4.76642990112305
CAN,Canada,2005,SE.XPD.TOTL.GD.ZS,4.76589012145996
CYM,Cayman Islands,2023,SE.XPD.TOTL.GD.ZS,1.57024002075195
CYM,Cayman Islands,2022,SE.XPD.TOTL.GD.ZS,1.48894000053406
CYM,Cayman Islands,2021,SE.XPD.TOTL.GD.ZS,1.31253004074097
CYM,Cayman Islands,2020,SE.XPD.TOTL.GD.ZS,1.45542001724243
CYM,Cayman Islands,2019,SE.XPD.TOTL.GD.ZS,1.13670003414154
CYM,Cayman Islands,2018,SE.XPD.TOTL.GD.ZS,2.16376945997106
CAF,Central African Republic,2023,SE.XPD.TOTL.GD.ZS,1.82995911310419
CAF,Central African Republic,2022,SE.XPD.TOTL.GD.ZS,2.11509129476365
CAF,Central African Republic,2021,SE.XPD.TOTL.GD.ZS,1.8725169173301
CAF,Central African Republic,2020,SE.XPD.TOTL.GD.ZS,2.14468061163977
CAF,Central African Republic,2019,SE.XPD.TOTL.GD.ZS,1.76792074637361
CAF,Central African Republic,2018,SE.XPD.TOTL.GD.ZS,1.56587596817535
CAF,Central African Republic,2017,SE.XPD.TOTL.GD.ZS,1.75365013911465
CAF,Central African Republic,2016,SE.XPD.TOTL.GD.ZS,1.75408898250234
CAF,Central African Republic,2015,SE.XPD.TOTL.GD.ZS,1.9102285875012
CAF,Central African Republic,2014,SE.XPD.TOTL.GD.ZS,2.22015331698693
CAF,Central African Republic,2013,SE.XPD.TOTL.GD.ZS,2.63821423826355
CAF,Central African Republic,2012,SE.XPD.TOTL.GD.ZS,1.98034724839473
CAF,Central African Republic,2011,SE.XPD.TOTL.GD.ZS,1.10792005062103
CAF,Central African Republic,2010,SE.XPD.TOTL.GD.ZS,1.11760997772217
CAF,Central African Republic,2009,SE.XPD.TOTL.GD.ZS,1.25458002090454
CAF,Central African Republic,2008,SE.XPD.TOTL.GD.ZS,1.29000997543335
CAF,Central African Republic,2007,SE.XPD.TOTL.GD.ZS,1.31332004070282
CAF,Central African Republic,2006,SE.XPD.TOTL.GD.ZS,1.41506004333496
CAF,Central African Republic,2005,SE.XPD.TOTL.GD.ZS,1.65222001075745
TCD,Chad,2023,SE.XPD.TOTL.GD.ZS,3.20149725837724
TCD,Chad,2022,SE.XPD.TOTL.GD.ZS,2.6016118897064
TCD,Chad,2021,SE.XPD.TOTL.GD.ZS,2.01648998260498
TCD,Chad,2020,SE.XPD.TOTL.GD.ZS,2.73960390423748
TCD,Chad,2019,SE.XPD.TOTL.GD.ZS,2.37245795383591
TCD,Chad,2018,SE.XPD.TOTL.GD.ZS,2.25947501392013
TCD,Chad,2017,SE.XPD.TOTL.GD.ZS,1.8390200138092
TCD,Chad,2016,SE.XPD.TOTL.GD.ZS,2.38847586229946
TCD,Chad,2015,SE.XPD.TOTL.GD.ZS,2.34283149521162
TCD,Chad,2014,SE.XPD.TOTL.GD.ZS,2.32031229563021
TCD,Chad,2013,SE.XPD.TOTL.GD.ZS,2.06696009635925
TCD,Chad,2012,SE.XPD.TOTL.GD.ZS,1.52493000030518
TCD,Chad,2011,SE.XPD.TOTL.GD.ZS,1.64717996120453
TCD,Chad,2010,SE.XPD.TOTL.GD.ZS,1.50397002696991
TCD,Chad,2009,SE.XPD.TOTL.GD.ZS,1.74366998672485
TCD,Chad,2005,SE.XPD.TOTL.GD.ZS,1.30189001560211
CHL,Chile,2022,SE.XPD.TOTL.GD.ZS,4.91201019287109
CHL,Chile,2021,SE.XPD.TOTL.GD.ZS,5.00225019454956
CHL,Chile,2020,SE.XPD.TOTL.GD.ZS,5.62992000579834
CHL,Chile,2019,SE.XPD.TOTL.GD.ZS,5.62629985809326
CHL,Chile,2018,SE.XPD.TOTL.GD.ZS,5.473060131073
CHL,Chile,2017,SE.XPD.TOTL.GD.ZS,5.43278980255127
CHL,Chile,2016,SE.XPD.TOTL.GD.ZS,5.36645984649658
CHL,Chile,2015,SE.XPD.TOTL.GD.ZS,4.90390014648438
CHL,Chile,2014,SE.XPD.TOTL.GD.ZS,4.75168991088867
CHL,Chile,2013,SE.XPD.TOTL.GD.ZS,4.54814004898071
CHL,Chile,2011,SE.XPD.TOTL.GD.ZS,4.06173992156982
CHL,Chile,2010,SE.XPD.TOTL.GD.ZS,4.18953990936279
CHL,Chile,2009,SE.XPD.TOTL.GD.ZS,4.25475978851318
CHL,Chile,2008,SE.XPD.TOTL.GD.ZS,3.79189991950989
CHL,Chile,2007,SE.XPD.TOTL.GD.ZS,3.2331600189209
CHL,Chile,2006,SE.XPD.TOTL.GD.ZS,3.04014992713928
CHL,Chile,2005,SE.XPD.TOTL.GD.ZS,3.28016996383667
CHN,China,2023,SE.XPD.TOTL.GD.ZS,3.89714002609253
COL,Colombia,2020,SE.XPD.TOTL.GD.ZS,5.26166009902954
COL,Colombia,2019,SE.XPD.TOTL.GD.ZS,4.51068019866943
COL,Colombia,2018,SE.XPD.TOTL.GD.ZS,4.44910001754761
COL,Colombia,2017,SE.XPD.TOTL.GD.ZS,4.53551006317139
COL,Colombia,2016,SE.XPD.TOTL.GD.ZS,4.47721004486084
COL,Colombia,2015,SE.XPD.TOTL.GD.ZS,4.47038984298706
COL,Colombia,2014,SE.XPD.TOTL.GD.ZS,4.62945985794067
COL,Colombia,2013,SE.XPD.TOTL.GD.ZS,4.87855005264282
COL,Colombia,2012,SE.XPD.TOTL.GD.ZS,4.37038993835449
COL,Colombia,2011,SE.XPD.TOTL.GD.ZS,4.46608018875122
COL,Colombia,2010,SE.XPD.TOTL.GD.ZS,4.83382987976074
COL,Colombia,2009,SE.XPD.TOTL.GD.ZS,4.77651977539062
COL,Colombia,2008,SE.XPD.TOTL.GD.ZS,3.9387800693512
COL,Colombia,2007,SE.XPD.TOTL.GD.ZS,4.08301019668579
COL,Colombia,2006,SE.XPD.TOTL.GD.ZS,3.91671991348267
COL,Colombia,2005,SE.XPD.TOTL.GD.ZS,4.02098989486694
COM,Comoros,2023,SE.XPD.TOTL.GD.ZS,2.34146896682989
COM,Comoros,2022,SE.XPD.TOTL.GD.ZS,2.43164424110924
COM,Comoros,2021,SE.XPD.TOTL.GD.ZS,2.27485390045927
COM,Comoros,2020,SE.XPD.TOTL.GD.ZS,2.37805076679617
COM,Comoros,2015,SE.XPD.TOTL.GD.ZS,2.5450599193573
COM,Comoros,2014,SE.XPD.TOTL.GD.ZS,2.74472999572754
COM,Comoros,2013,SE.XPD.TOTL.GD.ZS,2.3827600479126
COM,Comoros,2012,SE.XPD.TOTL.GD.ZS,2.74783992767334
COM,Comoros,2011,SE.XPD.TOTL.GD.ZS,2.8304500579834
COM,Comoros,2008,SE.XPD.TOTL.GD.ZS,4.42264986038208
COD,"Congo, Dem. Rep.",2022,SE.XPD.TOTL.GD.ZS,2.84466514463005
COD,"Congo, Dem. Rep.",2021,SE.XPD.TOTL.GD.ZS,2.66048474102788
COD,"Congo, Dem. Rep.",2020,SE.XPD.TOTL.GD.ZS,2.62263835311571
COD,"Congo, Dem. Rep.",2017,SE.XPD.TOTL.GD.ZS,1.45494997501373
COD,"Congo, Dem. Rep.",2016,SE.XPD.TOTL.GD.ZS,2.1186900138855
COD,"Congo, Dem. Rep.",2015,SE.XPD.TOTL.GD.ZS,2.17043995857239
COD,"Congo, Dem. Rep.",2014,SE.XPD.TOTL.GD.ZS,1.95142996311188
COD,"Congo, Dem. Rep.",2013,SE.XPD.TOTL.GD.ZS,2.06220006942749
COD,"Congo, Dem. Rep.",2010,SE.XPD.TOTL.GD.ZS,1.5249799489975
COG,"Congo, Rep.",2023,SE.XPD.TOTL.GD.ZS,3.34005209256916
COG,"Congo, Rep.",2022,SE.XPD.TOTL.GD.ZS,2.72738253259215
COG,"Congo, Rep.",2021,SE.XPD.TOTL.GD.ZS,3.31281536274069
COG,"Congo, Rep.",2020,SE.XPD.TOTL.GD.ZS,4.22208879466149
COG,"Congo, Rep.",2019,SE.XPD.TOTL.GD.ZS,3.24716413970868
COG,"Congo, Rep.",2018,SE.XPD.TOTL.GD.ZS,2.77167010307312
COG,"Congo, Rep.",2017,SE.XPD.TOTL.GD.ZS,4.17235994338989
COG,"Congo, Rep.",2016,SE.XPD.TOTL.GD.ZS,4.87114096878621
COG,"Congo, Rep.",2015,SE.XPD.TOTL.GD.ZS,3.13882994651794
COG,"Congo, Rep.",2014,SE.XPD.TOTL.GD.ZS,3.18255996704102
COG,"Congo, Rep.",2013,SE.XPD.TOTL.GD.ZS,5.0138814089415
COG,"Congo, Rep.",2012,SE.XPD.TOTL.GD.ZS,2.73923061622047
COG,"Congo, Rep.",2011,SE.XPD.TOTL.GD.ZS,2.64652978173867
COG,"Congo, Rep.",2010,SE.XPD.TOTL.GD.ZS,5.6867299079895
COG,"Congo, Rep.",2005,SE.XPD.TOTL.GD.ZS,1.6810200214386
CRI,Costa Rica,2023,SE.XPD.TOTL.GD.ZS,5.31208992004395
CRI,Costa Rica,2022,SE.XPD.TOTL.GD.ZS,5.5472297668457
CRI,Costa Rica,2021,SE.XPD.TOTL.GD.ZS,6.24842977523804
CRI,Costa Rica,2020,SE.XPD.TOTL.GD.ZS,6.62899017333984
CRI,Costa Rica,2019,SE.XPD.TOTL.GD.ZS,6.73809003829956
CRI,Costa Rica,2018,SE.XPD.TOTL.GD.ZS,6.76992988586426
CRI,Costa Rica,2017,SE.XPD.TOTL.GD.ZS,7.06981992721558
CRI,Costa Rica,2016,SE.XPD.TOTL.GD.ZS,6.89395999908447
CRI,Costa Rica,2015,SE.XPD.TOTL.GD.ZS,6.87349987030029
CRI,Costa Rica,2014,SE.XPD.TOTL.GD.ZS,6.67953014373779
CRI,Costa Rica,2013,SE.XPD.TOTL.GD.ZS,6.68738985061646
CRI,Costa Rica,2012,SE.XPD.TOTL.GD.ZS,6.58239984512329
CRI,Costa Rica,2011,SE.XPD.TOTL.GD.ZS,6.37988996505737
CRI,Costa Rica,2010,SE.XPD.TOTL.GD.ZS,6.56575012207031
CRI,Costa Rica,2009,SE.XPD.TOTL.GD.ZS,6.01031017303467
CRI,Costa Rica,2008,SE.XPD.TOTL.GD.ZS,4.88697004318237
CRI,Costa Rica,2007,SE.XPD.TOTL.GD.ZS,4.63449001312256
CRI,Costa Rica,2006,SE.XPD.TOTL.GD.ZS,4.61614990234375
CIV,Cote d'Ivoire,2024,SE.XPD.TOTL.GD.ZS,3.61279988288879
CIV,Cote d'Ivoire,2023,SE.XPD.TOTL.GD.ZS,3.39421010017395
CIV,Cote d'Ivoire,2022,SE.XPD.TOTL.GD.ZS,3.47484993934631
CIV,Cote d'Ivoire,2021,SE.XPD.TOTL.GD.ZS,3.32717990875244
CIV,Cote d'Ivoire,2020,SE.XPD.TOTL.GD.ZS,3.78674006462097
CIV,Cote d'Ivoire,2019,SE.XPD.TOTL.GD.ZS,3.4130699634552
CIV,Cote d'Ivoire,2018,SE.XPD.TOTL.GD.ZS,3.21164989471436
CIV,Cote d'Ivoire,2017,SE.XPD.TOTL.GD.ZS,3.73654007911682
CIV,Cote d'Ivoire,2016,SE.XPD.TOTL.GD.ZS,3.93593001365662
CIV,Cote d'Ivoire,2015,SE.XPD.TOTL.GD.ZS,3.49412989616394
CIV,Cote d'Ivoire,2014,SE.XPD.TOTL.GD.ZS,3.31416988372803
CIV,Cote d'Ivoire,2013,SE.XPD.TOTL.GD.ZS,3.45859003067017
CIV,Cote d'Ivoire,2012,SE.XPD.TOTL.GD.ZS,3.43445992469788
CIV,Cote d'Ivoire,2011,SE.XPD.TOTL.GD.ZS,2.8657500743866
CIV,Cote d'Ivoire,2010,SE.XPD.TOTL.GD.ZS,3.24651002883911
CIV,Cote d'Ivoire,2009,SE.XPD.TOTL.GD.ZS,3.1739399433136
CIV,Cote d'Ivoire,2008,SE.XPD.TOTL.GD.ZS,3.09853005409241
CIV,Cote d'Ivoire,2007,SE.XPD.TOTL.GD.ZS,3.01614999771118
CIV,Cote d'Ivoire,2006,SE.XPD.TOTL.GD.ZS,2.81998991966248
CIV,Cote d'Ivoire,2005,SE.XPD.TOTL.GD.ZS,2.91943001747131
HRV,Croatia,2021,SE.XPD.TOTL.GD.ZS,4.0916600227356
HRV,Croatia,2020,SE.XPD.TOTL.GD.ZS,4.40854978561401
HRV,Croatia,2019,SE.XPD.TOTL.GD.ZS,3.94555997848511
HRV,Croatia,2018,SE.XPD.TOTL.GD.ZS,3.92432999610901
HRV,Croatia,2017,SE.XPD.TOTL.GD.ZS,3.87207007408142
HRV,Croatia,2013,SE.XPD.TOTL.GD.ZS,4.50127983093262
HRV,Croatia,2011,SE.XPD.TOTL.GD.ZS,4.10584020614624
HRV,Croatia,2010,SE.XPD.TOTL.GD.ZS,4.20651006698608
HRV,Croatia,2009,SE.XPD.TOTL.GD.ZS,4.36217021942139
HRV,Croatia,2008,SE.XPD.TOTL.GD.ZS,4.2783899307251
HRV,Croatia,2007,SE.XPD.TOTL.GD.ZS,3.96898007392883
CUB,Cuba,2022,SE.XPD.TOTL.GD.ZS,8.44086351669284
CUB,Cuba,2021,SE.XPD.TOTL.GD.ZS,9.3858620562531
CUB,Cuba,2020,SE.XPD.TOTL.GD.ZS,11.5248184008093
CUB,Cuba,2019,SE.XPD.TOTL.GD.ZS,9.04700486137163
CUB,Cuba,2018,SE.XPD.TOTL.GD.ZS,8.02498461098619
CUB,Cuba,2017,SE.XPD.TOTL.GD.ZS,8.44413540438793
CUB,Cuba,2016,SE.XPD.TOTL.GD.ZS,9.01309318032688
CUB,Cuba,2015,SE.XPD.TOTL.GD.ZS,8.9633578559392
CUB,Cuba,2014,SE.XPD.TOTL.GD.ZS,9.6074568445536
CUB,Cuba,2013,SE.XPD.TOTL.GD.ZS,10.67169596101
CUB,Cuba,2012,SE.XPD.TOTL.GD.ZS,11.5516604913797
CUB,Cuba,2010,SE.XPD.TOTL.GD.ZS,12.8373098373413
CUB,Cuba,2009,SE.XPD.TOTL.GD.ZS,13.1248598098755
CUB,Cuba,2008,SE.XPD.TOTL.GD.ZS,14.0590801239014
CUB,Cuba,2007,SE.XPD.TOTL.GD.ZS,11.8682098388672
CUB,Cuba,2006,SE.XPD.TOTL.GD.ZS,9.05716991424561
CUB,Cuba,2005,SE.XPD.TOTL.GD.ZS,10.5577802658081
CUW,Curacao,2024,SE.XPD.TOTL.GD.ZS,5.44313725490196
CUW,Curacao,2023,SE.XPD.TOTL.GD.ZS,5.30074159005788
CUW,Curacao,2022,SE.XPD.TOTL.GD.ZS,6.08167033605813
CUW,Curacao,2021,SE.XPD.TOTL.GD.ZS,6.18160236726664
CUW,Curacao,2020,SE.XPD.TOTL.GD.ZS,7.11645238834347
CUW,Curacao,2019,SE.XPD.TOTL.GD.ZS,5.81155632881729
CUW,Curacao,2018,SE.XPD.TOTL.GD.ZS,5.93873270793721
CUW,Curacao,2017,SE.XPD.TOTL.GD.ZS,5.91444785594951
CUW,Curacao,2016,SE.XPD.TOTL.GD.ZS,6.23495389518939
CUW,Curacao,2015,SE.XPD.TOTL.GD.ZS,5.95011209033324
CUW,Curacao,2014,SE.XPD.TOTL.GD.ZS,5.95464718602819
CUW,Curacao,2013,SE.XPD.TOTL.GD.ZS,5.11633014678955
CUW,Curacao,2012,SE.XPD.TOTL.GD.ZS,5.38283590387706
CUW,Curacao,2011,SE.XPD.TOTL.GD.ZS,5.64725392834695
CYP,Cyprus,2022,SE.XPD.TOTL.GD.ZS,4.74210977554321
CYP,Cyprus,2021,SE.XPD.TOTL.GD.ZS,5.08247995376587
CYP,Cyprus,2020,SE.XPD.TOTL.GD.ZS,5.56462001800537
CYP,Cyprus,2019,SE.XPD.TOTL.GD.ZS,5.16293001174927
CYP,Cyprus,2017,SE.XPD.TOTL.GD.ZS,5.69961977005005
CYP,Cyprus,2016,SE.XPD.TOTL.GD.ZS,6.11811017990112
CYP,Cyprus,2015,SE.XPD.TOTL.GD.ZS,6.30491018295288
CYP,Cyprus,2014,SE.XPD.TOTL.GD.ZS,6.42111015319824
CYP,Cyprus,2013,SE.XPD.TOTL.GD.ZS,6.46747016906738
CYP,Cyprus,2011,SE.XPD.TOTL.GD.ZS,6.52042007446289
CYP,Cyprus,2010,SE.XPD.TOTL.GD.ZS,6.52559995651245
CYP,Cyprus,2009,SE.XPD.TOTL.GD.ZS,7.20547008514404
CYP,Cyprus,2008,SE.XPD.TOTL.GD.ZS,6.72277021408081
CYP,Cyprus,2007,SE.XPD.TOTL.GD.ZS,6.28083992004395
CYP,Cyprus,2006,SE.XPD.TOTL.GD.ZS,6.33027982711792
CYP,Cyprus,2005,SE.XPD.TOTL.GD.ZS,6.28667020797729
CZE,Czechia,2022,SE.XPD.TOTL.GD.ZS,4.30291986465454
CZE,Czechia,2021,SE.XPD.TOTL.GD.ZS,4.65163993835449
CZE,Czechia,2020,SE.XPD.TOTL.GD.ZS,4.62503004074097
CZE,Czechia,2019,SE.XPD.TOTL.GD.ZS,4.46737003326416
CZE,Czechia,2018,SE.XPD.TOTL.GD.ZS,4.21541023254395
CZE,Czechia,2017,SE.XPD.TOTL.GD.ZS,3.75574994087219
CZE,Czechia,2016,SE.XPD.TOTL.GD.ZS,5.50080013275146
CZE,Czechia,2015,SE.XPD.TOTL.GD.ZS,5.71913003921509
CZE,Czechia,2014,SE.XPD.TOTL.GD.ZS,3.93603992462158
CZE,Czechia,2013,SE.XPD.TOTL.GD.ZS,4.02132987976074
CZE,Czechia,2012,SE.XPD.TOTL.GD.ZS,4.19049978256226
CZE,Czechia,2011,SE.XPD.TOTL.GD.ZS,4.20787000656128
CZE,Czechia,2010,SE.XPD.TOTL.GD.ZS,3.99341988563538
CZE,Czechia,2009,SE.XPD.TOTL.GD.ZS,4.1553201675415
CZE,Czechia,2008,SE.XPD.TOTL.GD.ZS,3.73207998275757
CZE,Czechia,2007,SE.XPD.TOTL.GD.ZS,3.85006999969482
CZE,Czechia,2006,SE.XPD.TOTL.GD.ZS,4.19625997543335
CZE,Czechia,2005,SE.XPD.TOTL.GD.ZS,3.86250996589661
DNK,Denmark,2022,SE.XPD.TOTL.GD.ZS,6.35586023330688
DNK,Denmark,2021,SE.XPD.TOTL.GD.ZS,6.95915985107422
DNK,Denmark,2020,SE.XPD.TOTL.GD.ZS,7.38574981689453
DNK,Denmark,2019,SE.XPD.TOTL.GD.ZS,7.27585983276367
DNK,Denmark,2018,SE.XPD.TOTL.GD.ZS,7.32747983932495
DNK,Denmark,2017,SE.XPD.TOTL.GD.ZS,7.3700098991394
DNK,Denmark,2016,SE.XPD.TOTL.GD.ZS,7.71534013748169
DNK,Denmark,2014,SE.XPD.TOTL.GD.ZS,7.63833999633789
DNK,Denmark,2013,SE.XPD.TOTL.GD.ZS,8.46860980987549
DNK,Denmark,2012,SE.XPD.TOTL.GD.ZS,7.24570989608765
DNK,Denmark,2011,SE.XPD.TOTL.GD.ZS,8.47716045379639
DNK,Denmark,2010,SE.XPD.TOTL.GD.ZS,8.55023002624512
DNK,Denmark,2009,SE.XPD.TOTL.GD.ZS,8.41279029846191
DNK,Denmark,2008,SE.XPD.TOTL.GD.ZS,7.441969871521
DNK,Denmark,2007,SE.XPD.TOTL.GD.ZS,7.59683990478516
DNK,Denmark,2006,SE.XPD.TOTL.GD.ZS,7.71623992919922
DNK,Denmark,2005,SE.XPD.TOTL.GD.ZS,8.06474018096924
DJI,Djibouti,2018,SE.XPD.TOTL.GD.ZS,3.75143003463745
DJI,Djibouti,2017,SE.XPD.TOTL.GD.ZS,3.73344993591309
DJI,Djibouti,2016,SE.XPD.TOTL.GD.ZS,3.92226004600525
DJI,Djibouti,2015,SE.XPD.TOTL.GD.ZS,3.59895992279053
DJI,Djibouti,2014,SE.XPD.TOTL.GD.ZS,4.38407521258509
DJI,Djibouti,2013,SE.XPD.TOTL.GD.ZS,4.64782533103312
DJI,Djibouti,2012,SE.XPD.TOTL.GD.ZS,6.35127551762696
DJI,Djibouti,2010,SE.XPD.TOTL.GD.ZS,4.49022006988525
DJI,Djibouti,2007,SE.XPD.TOTL.GD.ZS,8.40625
DJI,Djibouti,2006,SE.XPD.TOTL.GD.ZS,8.27877998352051
DJI,Djibouti,2005,SE.XPD.TOTL.GD.ZS,8.36588954925537
DMA,Dominica,2024,SE.XPD.TOTL.GD.ZS,5.38572189060925
DMA,Dominica,2023,SE.XPD.TOTL.GD.ZS,4.69423746286593
DMA,Dominica,2022,SE.XPD.TOTL.GD.ZS,6.04314243406571
DMA,Dominica,2021,SE.XPD.TOTL.GD.ZS,5.71689183034862
DMA,Dominica,2020,SE.XPD.TOTL.GD.ZS,4.45777988433838
DMA,Dominica,2019,SE.XPD.TOTL.GD.ZS,4.88721990585327
DMA,Dominica,2018,SE.XPD.TOTL.GD.ZS,5.1536046272165
DMA,Dominica,2017,SE.XPD.TOTL.GD.ZS,4.71605005720456
DMA,Dominica,2016,SE.XPD.TOTL.GD.ZS,5.12971951862684
DMA,Dominica,2015,SE.XPD.TOTL.GD.ZS,3.09856009483337
DMA,Dominica,2014,SE.XPD.TOTL.GD.ZS,4.33216630134647
DMA,Dominica,2013,SE.XPD.TOTL.GD.ZS,4.35428103166344
DMA,Dominica,2012,SE.XPD.TOTL.GD.ZS,4.52896287885139
DOM,Dominican Republic,2023,SE.XPD.TOTL.GD.ZS,3.7606477375256
DOM,Dominican Republic,2022,SE.XPD.TOTL.GD.ZS,3.61088872070271
DOM,Dominican Republic,2021,SE.XPD.TOTL.GD.ZS,3.58043271614957
DOM,Dominican Republic,2020,SE.XPD.TOTL.GD.ZS,4.51769850778985
DOM,Dominican Republic,2019,SE.XPD.TOTL.GD.ZS,4.04276873126053
DOM,Dominican Republic,2018,SE.XPD.TOTL.GD.ZS,3.92849467476802
DOM,Dominican Republic,2017,SE.XPD.TOTL.GD.ZS,3.92026752279272
DOM,Dominican Republic,2016,SE.XPD.TOTL.GD.ZS,3.85049560792469
DOM,Dominican Republic,2015,SE.XPD.TOTL.GD.ZS,3.60400277306673
DOM,Dominican Republic,2014,SE.XPD.TOTL.GD.ZS,3.62243443144513
DOM,Dominican Republic,2013,SE.XPD.TOTL.GD.ZS,3.62818152019188
DOM,Dominican Republic,2011,SE.XPD.TOTL.GD.ZS,1.87925755786153
DOM,Dominican Republic,2010,SE.XPD.TOTL.GD.ZS,1.88728788680129
DOM,Dominican Republic,2007,SE.XPD.TOTL.GD.ZS,2.04678010940552
ECU,Ecuador,2024,SE.XPD.TOTL.GD.ZS,3.69074988365173
ECU,Ecuador,2023,SE.XPD.TOTL.GD.ZS,3.81964993476868
ECU,Ecuador,2022,SE.XPD.TOTL.GD.ZS,3.61301994323731
ECU,Ecuador,2021,SE.XPD.TOTL.GD.ZS,3.65649008750915
ECU,Ecuador,2020,SE.XPD.TOTL.GD.ZS,4.26103019714355
ECU,Ecuador,2019,SE.XPD.TOTL.GD.ZS,4.24576997756958
ECU,Ecuador,2018,SE.XPD.TOTL.GD.ZS,4.6250260585881
ECU,Ecuador,2017,SE.XPD.TOTL.GD.ZS,4.60667733499397
ECU,Ecuador,2016,SE.XPD.TOTL.GD.ZS,4.46397668804552
ECU,Ecuador,2015,SE.XPD.TOTL.GD.ZS,5.10570001602173
ECU,Ecuador,2014,SE.XPD.TOTL.GD.ZS,5.21019983291626
ECU,Ecuador,2013,SE.XPD.TOTL.GD.ZS,4.92997980117798
ECU,Ecuador,2012,SE.XPD.TOTL.GD.ZS,4.65310001373291
ECU,Ecuador,2011,SE.XPD.TOTL.GD.ZS,4.74424982070923
ECU,Ecuador,2010,SE.XPD.TOTL.GD.ZS,4.60028982162476
ECU,Ecuador,2009,SE.XPD.TOTL.GD.ZS,4.51763010025024
EGY,"Egypt, Arab Rep.",2008,SE.XPD.TOTL.GD.ZS,3.76082992553711
EGY,"Egypt, Arab Rep.",2007,SE.XPD.TOTL.GD.ZS,3.68460988998413
EGY,"Egypt, Arab Rep.",2006,SE.XPD.TOTL.GD.ZS,4.00178003311157
EGY,"Egypt, Arab Rep.",2005,SE.XPD.TOTL.GD.ZS,4.79442977905273
SLV,El Salvador,2024,SE.XPD.TOTL.GD.ZS,3.31666994094849
SLV,El Salvador,2023,SE.XPD.TOTL.GD.ZS,3.18734002113342
SLV,El Salvador,2022,SE.XPD.TOTL.GD.ZS,3.26848006248474
SLV,El Salvador,2021,SE.XPD.TOTL.GD.ZS,3.57766008377075
SLV,El Salvador,2020,SE.XPD.TOTL.GD.ZS,3.66088008880615
SLV,El Salvador,2019,SE.XPD.TOTL.GD.ZS,3.38710999488831
SLV,El Salvador,2018,SE.XPD.TOTL.GD.ZS,3.60575008392334
SLV,El Salvador,2017,SE.XPD.TOTL.GD.ZS,3.7252299785614
SLV,El Salvador,2016,SE.XPD.TOTL.GD.ZS,3.82523989677429
SLV,El Salvador,2015,SE.XPD.TOTL.GD.ZS,3.90987992286682
SLV,El Salvador,2014,SE.XPD.TOTL.GD.ZS,3.82416009902954
SLV,El Salvador,2013,SE.XPD.TOTL.GD.ZS,3.80149006843567
SLV,El Salvador,2012,SE.XPD.TOTL.GD.ZS,3.7124400138855
SLV,El Salvador,2011,SE.XPD.TOTL.GD.ZS,3.89854001998901
SLV,El Salvador,2010,SE.XPD.TOTL.GD.ZS,4.04807996749878
SLV,El Salvador,2009,SE.XPD.TOTL.GD.ZS,4.65950012207031
SLV,El Salvador,2008,SE.XPD.TOTL.GD.ZS,4.45810985565185
SLV,El Salvador,2007,SE.XPD.TOTL.GD.ZS,3.60984992980957
SLV,El Salvador,2006,SE.XPD.TOTL.GD.ZS,3.49298000335693
SLV,El Salvador,2005,SE.XPD.TOTL.GD.ZS,3.17785000801086
ERI,Eritrea,2006,SE.XPD.TOTL.GD.ZS,2.12700009346008
EST,Estonia,2022,SE.XPD.TOTL.GD.ZS,5.20733976364136
EST,Estonia,2021,SE.XPD.TOTL.GD.ZS,5.21514987945557
EST,Estonia,2020,SE.XPD.TOTL.GD.ZS,5.44180011749268
EST,Estonia,2019,SE.XPD.TOTL.GD.ZS,5.16415023803711
EST,Estonia,2018,SE.XPD.TOTL.GD.ZS,5.13962984085083
EST,Estonia,2017,SE.XPD.TOTL.GD.ZS,4.86288022994995
EST,Estonia,2016,SE.XPD.TOTL.GD.ZS,5.05511999130249
EST,Estonia,2015,SE.XPD.TOTL.GD.ZS,5.05127000808716
EST,Estonia,2014,SE.XPD.TOTL.GD.ZS,4.32586002349854
EST,Estonia,2013,SE.XPD.TOTL.GD.ZS,4.78006982803345
EST,Estonia,2012,SE.XPD.TOTL.GD.ZS,4.67340993881226
EST,Estonia,2011,SE.XPD.TOTL.GD.ZS,4.99514007568359
EST,Estonia,2010,SE.XPD.TOTL.GD.ZS,5.51753997802734
EST,Estonia,2009,SE.XPD.TOTL.GD.ZS,5.9597601890564
EST,Estonia,2008,SE.XPD.TOTL.GD.ZS,5.48375988006592
EST,Estonia,2007,SE.XPD.TOTL.GD.ZS,4.6196699142456
EST,Estonia,2005,SE.XPD.TOTL.GD.ZS,4.80935001373291
SWZ,Eswatini,2024,SE.XPD.TOTL.GD.ZS,6.03082905337534
SWZ,Eswatini,2023,SE.XPD.TOTL.GD.ZS,5.00431592836751
SWZ,Eswatini,2022,SE.XPD.TOTL.GD.ZS,5.57274175738511
SWZ,Eswatini,2021,SE.XPD.TOTL.GD.ZS,5.28714899285221
SWZ,Eswatini,2020,SE.XPD.TOTL.GD.ZS,5.32546270122803
SWZ,Eswatini,2019,SE.XPD.TOTL.GD.ZS,5.69914824136892
SWZ,Eswatini,2018,SE.XPD.TOTL.GD.ZS,5.73687354676617
SWZ,Eswatini,2017,SE.XPD.TOTL.GD.ZS,6.177914116856
SWZ,Eswatini,2016,SE.XPD.TOTL.GD.ZS,5.43355309210979
SWZ,Eswatini,2015,SE.XPD.TOTL.GD.ZS,5.35494723006471
SWZ,Eswatini,2014,SE.XPD.TOTL.GD.ZS,7.28094005584717
SWZ,Eswatini,2013,SE.XPD.TOTL.GD.ZS,5.08461029694871
SWZ,Eswatini,2012,SE.XPD.TOTL.GD.ZS,5.59328219778155
SWZ,Eswatini,2011,SE.XPD.TOTL.GD.ZS,6.86432981491089
SWZ,Eswatini,2010,SE.XPD.TOTL.GD.ZS,6.11837005615234
SWZ,Eswatini,2009,SE.XPD.TOTL.GD.ZS,6.47135019302368
SWZ,Eswatini,2008,SE.XPD.TOTL.GD.ZS,6.61812019348145
SWZ,Eswatini,2006,SE.XPD.TOTL.GD.ZS,6.55475997924805
SWZ,Eswatini,2005,SE.XPD.TOTL.GD.ZS,6.48462009429932
ETH,Ethiopia,2024,SE.XPD.TOTL.GD.ZS,2.2978069565991
ETH,Ethiopia,2023,SE.XPD.TOTL.GD.ZS,2.9272447768927
ETH,Ethiopia,2022,SE.XPD.TOTL.GD.ZS,3.73649512188829
ETH,Ethiopia,2021,SE.XPD.TOTL.GD.ZS,4.06524874309096
ETH,Ethiopia,2020,SE.XPD.TOTL.GD.ZS,4.0905654220699
ETH,Ethiopia,2019,SE.XPD.TOTL.GD.ZS,4.48086946127054
ETH,Ethiopia,2018,SE.XPD.TOTL.GD.ZS,5.22011189522399
ETH,Ethiopia,2017,SE.XPD.TOTL.GD.ZS,5.49905076025271
ETH,Ethiopia,2016,SE.XPD.TOTL.GD.ZS,5.06151399998447
ETH,Ethiopia,2015,SE.XPD.TOTL.GD.ZS,4.73791868878759
ETH,Ethiopia,2014,SE.XPD.TOTL.GD.ZS,4.60201978683472
ETH,Ethiopia,2013,SE.XPD.TOTL.GD.ZS,4.4985499382019
ETH,Ethiopia,2012,SE.XPD.TOTL.GD.ZS,5.56677007675171
ETH,Ethiopia,2011,SE.XPD.TOTL.GD.ZS,5.4857702255249
ETH,Ethiopia,2010,SE.XPD.TOTL.GD.ZS,4.49659013748169
ETH,Ethiopia,2009,SE.XPD.TOTL.GD.ZS,4.42207002639771
ETH,Ethiopia,2008,SE.XPD.TOTL.GD.ZS,5.40819978713989
ETH,Ethiopia,2007,SE.XPD.TOTL.GD.ZS,5.45110988616943
ETH,Ethiopia,2006,SE.XPD.TOTL.GD.ZS,5.49094009399414
FJI,Fiji,2023,SE.XPD.TOTL.GD.ZS,4.24679790890603
FJI,Fiji,2022,SE.XPD.TOTL.GD.ZS,3.93839539074194
FJI,Fiji,2021,SE.XPD.TOTL.GD.ZS,4.8526862712935
FJI,Fiji,2020,SE.XPD.TOTL.GD.ZS,5.80519512902055
FJI,Fiji,2019,SE.XPD.TOTL.GD.ZS,5.15273175975853
FJI,Fiji,2018,SE.XPD.TOTL.GD.ZS,4.79706049383602
FJI,Fiji,2017,SE.XPD.TOTL.GD.ZS,4.65119160575452
FJI,Fiji,2016,SE.XPD.TOTL.GD.ZS,4.83590249175322
FJI,Fiji,2015,SE.XPD.TOTL.GD.ZS,4.80931781024695
FJI,Fiji,2014,SE.XPD.TOTL.GD.ZS,3.76960923580896
FJI,Fiji,2013,SE.XPD.TOTL.GD.ZS,3.88288998603821
FJI,Fiji,2012,SE.XPD.TOTL.GD.ZS,4.46150592221937
FJI,Fiji,2011,SE.XPD.TOTL.GD.ZS,4.17305994033813
FJI,Fiji,2009,SE.XPD.TOTL.GD.ZS,4.49847984313965
FJI,Fiji,2008,SE.XPD.TOTL.GD.ZS,4.25357007980347
FJI,Fiji,2007,SE.XPD.TOTL.GD.ZS,5.89472007751465
FJI,Fiji,2006,SE.XPD.TOTL.GD.ZS,5.6553201675415
FJI,Fiji,2005,SE.XPD.TOTL.GD.ZS,5.16705989837646
FIN,Finland,2022,SE.XPD.TOTL.GD.ZS,6.37578010559082
FIN,Finland,2021,SE.XPD.TOTL.GD.ZS,6.58820009231567
FIN,Finland,2020,SE.XPD.TOTL.GD.ZS,6.6812801361084
FIN,Finland,2019,SE.XPD.TOTL.GD.ZS,6.45300006866455
FIN,Finland,2018,SE.XPD.TOTL.GD.ZS,6.31771993637085
FIN,Finland,2017,SE.XPD.TOTL.GD.ZS,6.40826988220215
FIN,Finland,2016,SE.XPD.TOTL.GD.ZS,6.90873003005981
FIN,Finland,2015,SE.XPD.TOTL.GD.ZS,7.07199001312256
FIN,Finland,2014,SE.XPD.TOTL.GD.ZS,7.13832998275757
FIN,Finland,2013,SE.XPD.TOTL.GD.ZS,7.15288019180298
FIN,Finland,2012,SE.XPD.TOTL.GD.ZS,7.1715497970581
FIN,Finland,2011,SE.XPD.TOTL.GD.ZS,6.45624017715454
FIN,Finland,2010,SE.XPD.TOTL.GD.ZS,6.504310131073
FIN,Finland,2009,SE.XPD.TOTL.GD.ZS,6.45998001098633
FIN,Finland,2008,SE.XPD.TOTL.GD.ZS,5.83046007156372
FIN,Finland,2007,SE.XPD.TOTL.GD.ZS,5.67164993286133
FIN,Finland,2006,SE.XPD.TOTL.GD.ZS,5.92960977554321
FIN,Finland,2005,SE.XPD.TOTL.GD.ZS,6.02582979202271
FRA,France,2022,SE.XPD.TOTL.GD.ZS,5.32434988021851
FRA,France,2021,SE.XPD.TOTL.GD.ZS,5.41743993759155
FRA,France,2020,SE.XPD.TOTL.GD.ZS,5.65871000289917
FRA,France,2019,SE.XPD.TOTL.GD.ZS,5.36638021469116
FRA,France,2018,SE.XPD.TOTL.GD.ZS,5.42540979385376
FRA,France,2017,SE.XPD.TOTL.GD.ZS,5.46482992172241
GAB,Gabon,2023,SE.XPD.TOTL.GD.ZS,2.31594287726056
GAB,Gabon,2022,SE.XPD.TOTL.GD.ZS,2.20773650357931
GAB,Gabon,2021,SE.XPD.TOTL.GD.ZS,2.7007928993976
GAB,Gabon,2020,SE.XPD.TOTL.GD.ZS,3.39874087928788
GAB,Gabon,2019,SE.XPD.TOTL.GD.ZS,2.87430983233369
GAB,Gabon,2018,SE.XPD.TOTL.GD.ZS,3.071542956299
GAB,Gabon,2017,SE.XPD.TOTL.GD.ZS,3.55570801059931
GAB,Gabon,2016,SE.XPD.TOTL.GD.ZS,2.66773089670199
GAB,Gabon,2015,SE.XPD.TOTL.GD.ZS,2.82435985823512
GAB,Gabon,2014,SE.XPD.TOTL.GD.ZS,2.66667008399963
GAB,Gabon,2013,SE.XPD.TOTL.GD.ZS,3.02971005439758
GAB,Gabon,2012,SE.XPD.TOTL.GD.ZS,3.01340007781982
GAB,Gabon,2011,SE.XPD.TOTL.GD.ZS,2.987459897995
GAB,Gabon,2010,SE.XPD.TOTL.GD.ZS,3.07808995246887
GMB,"Gambia, The",2023,SE.XPD.TOTL.GD.ZS,2.80838156544977
GMB,"Gambia, The",2022,SE.XPD.TOTL.GD.ZS,2.89168744551701
GMB,"Gambia, The",2021,SE.XPD.TOTL.GD.ZS,3.04477694635226
GMB,"Gambia, The",2020,SE.XPD.TOTL.GD.ZS,2.88734569797808
GMB,"Gambia, The",2019,SE.XPD.TOTL.GD.ZS,2.80809703332656
GMB,"Gambia, The",2018,SE.XPD.TOTL.GD.ZS,2.36543989181519
GMB,"Gambia, The",2017,SE.XPD.TOTL.GD.ZS,2.45919445096525
GMB,"Gambia, The",2016,SE.XPD.TOTL.GD.ZS,2.0244300365448
GMB,"Gambia, The",2015,SE.XPD.TOTL.GD.ZS,2.16002988815308
GMB,"Gambia, The",2014,SE.XPD.TOTL.GD.ZS,2.23094010353088
GMB,"Gambia, The",2013,SE.XPD.TOTL.GD.ZS,1.81839001178741
GMB,"Gambia, The",2012,SE.XPD.TOTL.GD.ZS,2.63756990432739
GMB,"Gambia, The",2011,SE.XPD.TOTL.GD.ZS,2.50116991996765
GMB,"Gambia, The",2010,SE.XPD.TOTL.GD.ZS,2.56322002410889
GMB,"Gambia, The",2009,SE.XPD.TOTL.GD.ZS,1.90813994407654
GMB,"Gambia, The",2008,SE.XPD.TOTL.GD.ZS,2.18129992485046
GMB,"Gambia, The",2007,SE.XPD.TOTL.GD.ZS,0.816860020160675
GMB,"Gambia, The",2006,SE.XPD.TOTL.GD.ZS,0.751630008220673
GMB,"Gambia, The",2005,SE.XPD.TOTL.GD.ZS,0.691879987716675
GEO,Georgia,2024,SE.XPD.TOTL.GD.ZS,3.98011682083814
GEO,Georgia,2023,SE.XPD.TOTL.GD.ZS,3.70918011665344
GEO,Georgia,2022,SE.XPD.TOTL.GD.ZS,3.75498008728027
GEO,Georgia,2021,SE.XPD.TOTL.GD.ZS,3.59441995620727
GEO,Georgia,2020,SE.XPD.TOTL.GD.ZS,3.80951130708125
GEO,Georgia,2019,SE.XPD.TOTL.GD.ZS,3.82985997200012
GEO,Georgia,2018,SE.XPD.TOTL.GD.ZS,3.46094989776611
GEO,Georgia,2017,SE.XPD.TOTL.GD.ZS,3.52442002296448
GEO,Georgia,2016,SE.XPD.TOTL.GD.ZS,3.52338004112244
GEO,Georgia,2015,SE.XPD.TOTL.GD.ZS,3.10870368877345
GEO,Georgia,2014,SE.XPD.TOTL.GD.ZS,2.94113947736272
GEO,Georgia,2013,SE.XPD.TOTL.GD.ZS,2.8330966857175
GEO,Georgia,2012,SE.XPD.TOTL.GD.ZS,1.86033999919891
GEO,Georgia,2011,SE.XPD.TOTL.GD.ZS,2.5149199962616
GEO,Georgia,2010,SE.XPD.TOTL.GD.ZS,2.76179333360622
GEO,Georgia,2009,SE.XPD.TOTL.GD.ZS,3.22237992286682
GEO,Georgia,2008,SE.XPD.TOTL.GD.ZS,2.9195499420166
GEO,Georgia,2007,SE.XPD.TOTL.GD.ZS,2.69687008857727
GEO,Georgia,2006,SE.XPD.TOTL.GD.ZS,3.00364995002747
GEO,Georgia,2005,SE.XPD.TOTL.GD.ZS,2.48431992530823
DEU,Germany,2022,SE.XPD.TOTL.GD.ZS,5.23916006088257
DEU,Germany,2021,SE.XPD.TOTL.GD.ZS,5.36734008789062
DEU,Germany,2020,SE.XPD.TOTL.GD.ZS,5.51600980758667
DEU,Germany,2019,SE.XPD.TOTL.GD.ZS,5.02757978439331
DEU,Germany,2018,SE.XPD.TOTL.GD.ZS,4.88401985168457
DEU,Germany,2017,SE.XPD.TOTL.GD.ZS,4.77830982208252
DEU,Germany,2016,SE.XPD.TOTL.GD.ZS,4.76321983337402
DEU,Germany,2015,SE.XPD.TOTL.GD.ZS,4.76157999038696
DEU,Germany,2014,SE.XPD.TOTL.GD.ZS,4.82582998275757
DEU,Germany,2013,SE.XPD.TOTL.GD.ZS,4.83911991119385
DEU,Germany,2012,SE.XPD.TOTL.GD.ZS,4.83153009414673
DEU,Germany,2011,SE.XPD.TOTL.GD.ZS,4.88583993911743
DEU,Germany,2010,SE.XPD.TOTL.GD.ZS,4.99525022506714
DEU,Germany,2008,SE.XPD.TOTL.GD.ZS,4.47337007522583
GHA,Ghana,2022,SE.XPD.TOTL.GD.ZS,2.90963831638452
GHA,Ghana,2021,SE.XPD.TOTL.GD.ZS,3.4005042684722
GHA,Ghana,2020,SE.XPD.TOTL.GD.ZS,3.40915991351725
GHA,Ghana,2019,SE.XPD.TOTL.GD.ZS,3.15307114842573
GHA,Ghana,2018,SE.XPD.TOTL.GD.ZS,3.8861300945282
GHA,Ghana,2017,SE.XPD.TOTL.GD.ZS,3.53362989425659
GHA,Ghana,2016,SE.XPD.TOTL.GD.ZS,4.3945198059082
GHA,Ghana,2015,SE.XPD.TOTL.GD.ZS,4.43404006958008
GHA,Ghana,2014,SE.XPD.TOTL.GD.ZS,4.39978981018066
GHA,Ghana,2013,SE.XPD.TOTL.GD.ZS,4.57644987106323
GHA,Ghana,2012,SE.XPD.TOTL.GD.ZS,7.91913986206055
GHA,Ghana,2011,SE.XPD.TOTL.GD.ZS,8.14097023010254
GHA,Ghana,2010,SE.XPD.TOTL.GD.ZS,5.54059982299805
GHA,Ghana,2009,SE.XPD.TOTL.GD.ZS,5.31744003295898
GHA,Ghana,2008,SE.XPD.TOTL.GD.ZS,5.75795984268188
GHA,Ghana,2007,SE.XPD.TOTL.GD.ZS,5.51986980438232
GHA,Ghana,2006,SE.XPD.TOTL.GD.ZS,5.14794015884399
GHA,Ghana,2005,SE.XPD.TOTL.GD.ZS,7.42208003997803
GRC,Greece,2022,SE.XPD.TOTL.GD.ZS,3.37547993659973
GRC,Greece,2019,SE.XPD.TOTL.GD.ZS,3.55062007904053
GRC,Greece,2018,SE.XPD.TOTL.GD.ZS,3.57626008987427
GRC,Greece,2017,SE.XPD.TOTL.GD.ZS,3.46778011322021
GRC,Greece,2015,SE.XPD.TOTL.GD.ZS,3.68238997459412
GRC,Greece,2005,SE.XPD.TOTL.GD.ZS,4.0549201965332
GRD,Grenada,2023,SE.XPD.TOTL.GD.ZS,5.12544845968893
GRD,Grenada,2022,SE.XPD.TOTL.GD.ZS,4.03767284869161
GRD,Grenada,2021,SE.XPD.TOTL.GD.ZS,4.09030334217367
GRD,Grenada,2018,SE.XPD.TOTL.GD.ZS,3.55919341882594
GRD,Grenada,2017,SE.XPD.TOTL.GD.ZS,3.17379999160767
GRD,Grenada,2015,SE.XPD.TOTL.GD.ZS,4.23861035989182
GRD,Grenada,2014,SE.XPD.TOTL.GD.ZS,4.47756594772942
GRD,Grenada,2012,SE.XPD.TOTL.GD.ZS,5.07225880686028
GRD,Grenada,2011,SE.XPD.TOTL.GD.ZS,5.48532342071091
GRD,Grenada,2010,SE.XPD.TOTL.GD.ZS,5.07508233496978
GTM,Guatemala,2024,SE.XPD.TOTL.GD.ZS,3.07588005065918
GTM,Guatemala,2023,SE.XPD.TOTL.GD.ZS,3.10877990722656
GTM,Guatemala,2022,SE.XPD.TOTL.GD.ZS,3.20787000656128
GTM,Guatemala,2021,SE.XPD.TOTL.GD.ZS,3.09189009666443
GTM,Guatemala,2020,SE.XPD.TOTL.GD.ZS,3.29485011100769
GTM,Guatemala,2019,SE.XPD.TOTL.GD.ZS,3.19297003746033
GTM,Guatemala,2018,SE.XPD.TOTL.GD.ZS,3.13193988800049
GTM,Guatemala,2017,SE.XPD.TOTL.GD.ZS,2.95009994506836
GTM,Guatemala,2016,SE.XPD.TOTL.GD.ZS,2.94474005699158
GTM,Guatemala,2015,SE.XPD.TOTL.GD.ZS,3.03032994270325
GTM,Guatemala,2014,SE.XPD.TOTL.GD.ZS,2.98563003540039
GTM,Guatemala,2013,SE.XPD.TOTL.GD.ZS,2.88808989524841
GTM,Guatemala,2012,SE.XPD.TOTL.GD.ZS,3.00524997711182
GTM,Guatemala,2011,SE.XPD.TOTL.GD.ZS,2.96865010261536
GTM,Guatemala,2010,SE.XPD.TOTL.GD.ZS,2.84864997863769
GTM,Guatemala,2008,SE.XPD.TOTL.GD.ZS,3.23686003684998
GTM,Guatemala,2007,SE.XPD.TOTL.GD.ZS,3.08809995651245
GTM,Guatemala,2006,SE.XPD.TOTL.GD.ZS,3.03285002708435
GIN,Guinea,2023,SE.XPD.TOTL.GD.ZS,1.72470879088585
GIN,Guinea,2022,SE.XPD.TOTL.GD.ZS,2.00722302981184
GIN,Guinea,2021,SE.XPD.TOTL.GD.ZS,2.04074820610586
GIN,Guinea,2020,SE.XPD.TOTL.GD.ZS,2.44806003570557
GIN,Guinea,2019,SE.XPD.TOTL.GD.ZS,1.85811996459961
GIN,Guinea,2018,SE.XPD.TOTL.GD.ZS,2.38432002067566
GIN,Guinea,2017,SE.XPD.TOTL.GD.ZS,2.3203399181366
GIN,Guinea,2016,SE.XPD.TOTL.GD.ZS,2.54450011253357
GIN,Guinea,2015,SE.XPD.TOTL.GD.ZS,2.51713991165161
GIN,Guinea,2014,SE.XPD.TOTL.GD.ZS,2.42281007766724
GIN,Guinea,2013,SE.XPD.TOTL.GD.ZS,2.63421988487244
GIN,Guinea,2012,SE.XPD.TOTL.GD.ZS,1.83369994163513
GIN,Guinea,2011,SE.XPD.TOTL.GD.ZS,2.28742003440857
GIN,Guinea,2010,SE.XPD.TOTL.GD.ZS,2.55118989944458
GIN,Guinea,2009,SE.XPD.TOTL.GD.ZS,2.20725011825561
GIN,Guinea,2008,SE.XPD.TOTL.GD.ZS,1.58112001419067
GIN,Guinea,2005,SE.XPD.TOTL.GD.ZS,1.26814997196198
GNB,Guinea-Bissau,2013,SE.XPD.TOTL.GD.ZS,2.01027011871338
GNB,Guinea-Bissau,2012,SE.XPD.TOTL.GD.ZS,1.8863799571991
GNB,Guinea-Bissau,2011,SE.XPD.TOTL.GD.ZS,1.76593005657196
GNB,Guinea-Bissau,2010,SE.XPD.TOTL.GD.ZS,1.68221998214722
GUY,Guyana,2018,SE.XPD.TOTL.GD.ZS,4.45058012008667
GUY,Guyana,2017,SE.XPD.TOTL.GD.ZS,4.6647801399231
GUY,Guyana,2016,SE.XPD.TOTL.GD.ZS,4.73775005340576
GUY,Guyana,2015,SE.XPD.TOTL.GD.ZS,3.89569997787476
GUY,Guyana,2014,SE.XPD.TOTL.GD.ZS,4.36033010482788
GUY,Guyana,2012,SE.XPD.TOTL.GD.ZS,2.24131989479065
GUY,Guyana,2011,SE.XPD.TOTL.GD.ZS,2.50669002532959
GUY,Guyana,2010,SE.XPD.TOTL.GD.ZS,2.40938997268677
GUY,Guyana,2009,SE.XPD.TOTL.GD.ZS,2.15057992935181
GUY,Guyana,2007,SE.XPD.TOTL.GD.ZS,2.39117002487183
GUY,Guyana,2006,SE.XPD.TOTL.GD.ZS,3.11891007423401
GUY,Guyana,2005,SE.XPD.TOTL.GD.ZS,8.13973045349121
HTI,Haiti,2023,SE.XPD.TOTL.GD.ZS,0.964648012977964
HTI,Haiti,2022,SE.XPD.TOTL.GD.ZS,1.02689812206798
HTI,Haiti,2021,SE.XPD.TOTL.GD.ZS,1.24275181117048
HTI,Haiti,2020,SE.XPD.TOTL.GD.ZS,1.11353641558643
HTI,Haiti,2019,SE.XPD.TOTL.GD.ZS,1.08414978067408
HTI,Haiti,2018,SE.XPD.TOTL.GD.ZS,1.63715994358063
HTI,Haiti,2017,SE.XPD.TOTL.GD.ZS,1.49846994876862
HTI,Haiti,2016,SE.XPD.TOTL.GD.ZS,1.38776004314423
HTI,Haiti,2015,SE.XPD.TOTL.GD.ZS,1.85497999191284
HTI,Haiti,2014,SE.XPD.TOTL.GD.ZS,1.75226998329163
HND,Honduras,2023,SE.XPD.TOTL.GD.ZS,4.54962037172702
HND,Honduras,2022,SE.XPD.TOTL.GD.ZS,4.48280030802056
HND,Honduras,2021,SE.XPD.TOTL.GD.ZS,5.88160201792279
HND,Honduras,2020,SE.XPD.TOTL.GD.ZS,6.09801328648889
HND,Honduras,2019,SE.XPD.TOTL.GD.ZS,5.98198266311593
HND,Honduras,2018,SE.XPD.TOTL.GD.ZS,6.05646991729736
HND,Honduras,2017,SE.XPD.TOTL.GD.ZS,5.74434396129576
HND,Honduras,2016,SE.XPD.TOTL.GD.ZS,6.09509492079297
HND,Honduras,2015,SE.XPD.TOTL.GD.ZS,6.41298007965088
HND,Honduras,2014,SE.XPD.TOTL.GD.ZS,7.09010982513428
HND,Honduras,2013,SE.XPD.TOTL.GD.ZS,5.87493991851807
HND,Honduras,2012,SE.XPD.TOTL.GD.ZS,6.29972793577391
HKG,"Hong Kong SAR, China",2024,SE.XPD.TOTL.GD.ZS,3.80552005767822
HKG,"Hong Kong SAR, China",2023,SE.XPD.TOTL.GD.ZS,3.80328011512756
HKG,"Hong Kong SAR, China",2022,SE.XPD.TOTL.GD.ZS,3.72866988182068
HKG,"Hong Kong SAR, China",2021,SE.XPD.TOTL.GD.ZS,4.00030994415283
HKG,"Hong Kong SAR, China",2020,SE.XPD.TOTL.GD.ZS,4.40563011169434
HKG,"Hong Kong SAR, China",2019,SE.XPD.TOTL.GD.ZS,3.81017994880676
HKG,"Hong Kong SAR, China",2018,SE.XPD.TOTL.GD.ZS,3.32624006271362
HKG,"Hong Kong SAR, China",2017,SE.XPD.TOTL.GD.ZS,3.30989003181458
HKG,"Hong Kong SAR, China",2016,SE.XPD.TOTL.GD.ZS,3.29269003868103
HKG,"Hong Kong SAR, China",2015,SE.XPD.TOTL.GD.ZS,3.26210999488831
HKG,"Hong Kong SAR, China",2014,SE.XPD.TOTL.GD.ZS,3.57254004478455
HKG,"Hong Kong SAR, China",2013,SE.XPD.TOTL.GD.ZS,3.76031994819641
HKG,"Hong Kong SAR, China",2012,SE.XPD.TOTL.GD.ZS,3.50960993766785
HKG,"Hong Kong SAR, China",2011,SE.XPD.TOTL.GD.ZS,3.41823005676269
HKG,"Hong Kong SAR, China",2010,SE.XPD.TOTL.GD.ZS,3.5100200176239
HKG,"Hong Kong SAR, China",2009,SE.XPD.TOTL.GD.ZS,4.39211988449097
HKG,"Hong Kong SAR, China",2008,SE.XPD.TOTL.GD.ZS,3.2606201171875
HKG,"Hong Kong SAR, China",2007,SE.XPD.TOTL.GD.ZS,3.45455002784729
HKG,"Hong Kong SAR, China",2006,SE.XPD.TOTL.GD.ZS,3.84278011322021
HKG,"Hong Kong SAR, China",2005,SE.XPD.TOTL.GD.ZS,4.13463020324707
HUN,Hungary,2022,SE.XPD.TOTL.GD.ZS,3.8011999130249
HUN,Hungary,2021,SE.XPD.TOTL.GD.ZS,4.65407991409302
HUN,Hungary,2020,SE.XPD.TOTL.GD.ZS,4.12265014648438
HUN,Hungary,2019,SE.XPD.TOTL.GD.ZS,4.20140981674194
HUN,Hungary,2018,SE.XPD.TOTL.GD.ZS,4.60567998886108
HUN,Hungary,2017,SE.XPD.TOTL.GD.ZS,4.64034986495972
HUN,Hungary,2016,SE.XPD.TOTL.GD.ZS,4.60210990905762
HUN,Hungary,2015,SE.XPD.TOTL.GD.ZS,4.49287986755371
HUN,Hungary,2014,SE.XPD.TOTL.GD.ZS,4.59878015518188
HUN,Hungary,2013,SE.XPD.TOTL.GD.ZS,4.19040012359619
HUN,Hungary,2012,SE.XPD.TOTL.GD.ZS,4.15359020233154
HUN,Hungary,2011,SE.XPD.TOTL.GD.ZS,4.57056999206543
HUN,Hungary,2010,SE.XPD.TOTL.GD.ZS,4.73365020751953
HUN,Hungary,2009,SE.XPD.TOTL.GD.ZS,4.95626020431519
HUN,Hungary,2008,SE.XPD.TOTL.GD.ZS,4.97069978713989
HUN,Hungary,2007,SE.XPD.TOTL.GD.ZS,5.13725996017456
HUN,Hungary,2006,SE.XPD.TOTL.GD.ZS,5.29485988616943
HUN,Hungary,2005,SE.XPD.TOTL.GD.ZS,5.32539987564087
ISL,Iceland,2022,SE.XPD.TOTL.GD.ZS,7.30798006057739
ISL,Iceland,2021,SE.XPD.TOTL.GD.ZS,8.2265796661377
ISL,Iceland,2020,SE.XPD.TOTL.GD.ZS,8.5838098526001
ISL,Iceland,2019,SE.XPD.TOTL.GD.ZS,7.60129976272583
ISL,Iceland,2018,SE.XPD.TOTL.GD.ZS,7.56350994110107
ISL,Iceland,2017,SE.XPD.TOTL.GD.ZS,7.58384990692139
ISL,Iceland,2016,SE.XPD.TOTL.GD.ZS,7.43221998214722
ISL,Iceland,2015,SE.XPD.TOTL.GD.ZS,7.45796012878418
ISL,Iceland,2014,SE.XPD.TOTL.GD.ZS,7.6414098739624
ISL,Iceland,2013,SE.XPD.TOTL.GD.ZS,7.44866991043091
ISL,Iceland,2012,SE.XPD.TOTL.GD.ZS,7.58223009109497
ISL,Iceland,2011,SE.XPD.TOTL.GD.ZS,6.78996992111206
ISL,Iceland,2010,SE.XPD.TOTL.GD.ZS,6.94422006607056
ISL,Iceland,2009,SE.XPD.TOTL.GD.ZS,7.18984985351562
ISL,Iceland,2008,SE.XPD.TOTL.GD.ZS,7.03599977493286
ISL,Iceland,2007,SE.XPD.TOTL.GD.ZS,6.94434022903442
ISL,Iceland,2006,SE.XPD.TOTL.GD.ZS,7.19518995285034
ISL,Iceland,2005,SE.XPD.TOTL.GD.ZS,7.33842992782593
IND,India,2022,SE.XPD.TOTL.GD.ZS,4.09865814174589
IND,India,2021,SE.XPD.TOTL.GD.ZS,4.62949991226196
IND,India,2020,SE.XPD.TOTL.GD.ZS,4.29335021972656
IND,India,2019,SE.XPD.TOTL.GD.ZS,3.89732003211975
IND,India,2018,SE.XPD.TOTL.GD.ZS,4.36374998092651
IND,India,2017,SE.XPD.TOTL.GD.ZS,4.30543994903565
IND,India,2016,SE.XPD.TOTL.GD.ZS,4.25406980514526
IND,India,2015,SE.XPD.TOTL.GD.ZS,4.1145601272583
IND,India,2014,SE.XPD.TOTL.GD.ZS,3.89878023242693
IND,India,2013,SE.XPD.TOTL.GD.ZS,3.84467005729675
IND,India,2012,SE.XPD.TOTL.GD.ZS,3.8675000667572
IND,India,2011,SE.XPD.TOTL.GD.ZS,3.79618000984192
IND,India,2010,SE.XPD.TOTL.GD.ZS,3.377690076828
IND,India,2009,SE.XPD.TOTL.GD.ZS,3.27824997901917
IND,India,2006,SE.XPD.TOTL.GD.ZS,3.14284992218018
IND,India,2005,SE.XPD.TOTL.GD.ZS,3.18876004219055
IDN,Indonesia,2023,SE.XPD.TOTL.GD.ZS,1.27517088245674
IDN,Indonesia,2022,SE.XPD.TOTL.GD.ZS,0.863943349575907
IDN,Indonesia,2021,SE.XPD.TOTL.GD.ZS,1.03221750658374
IDN,Indonesia,2020,SE.XPD.TOTL.GD.ZS,1.01593221347809
IDN,Indonesia,2019,SE.XPD.TOTL.GD.ZS,0.964399077622927
IDN,Indonesia,2018,SE.XPD.TOTL.GD.ZS,0.994436460846179
IDN,Indonesia,2017,SE.XPD.TOTL.GD.ZS,1.05324382490056
IDN,Indonesia,2016,SE.XPD.TOTL.GD.ZS,1.21023452496964
IDN,Indonesia,2015,SE.XPD.TOTL.GD.ZS,3.58361005783081
IDN,Indonesia,2014,SE.XPD.TOTL.GD.ZS,3.28800988197327
IDN,Indonesia,2013,SE.XPD.TOTL.GD.ZS,3.35904002189636
IDN,Indonesia,2012,SE.XPD.TOTL.GD.ZS,3.40748000144958
IDN,Indonesia,2011,SE.XPD.TOTL.GD.ZS,3.18944001197815
IDN,Indonesia,2010,SE.XPD.TOTL.GD.ZS,2.81227993965149
IDN,Indonesia,2009,SE.XPD.TOTL.GD.ZS,3.52513003349304
IDN,Indonesia,2008,SE.XPD.TOTL.GD.ZS,2.90190005302429
IDN,Indonesia,2007,SE.XPD.TOTL.GD.ZS,3.04426002502441
IDN,Indonesia,2005,SE.XPD.TOTL.GD.ZS,2.87281990051269
IRN,"Iran, Islamic Rep.",2023,SE.XPD.TOTL.GD.ZS,2.82443290958712
IRN,"Iran, Islamic Rep.",2022,SE.XPD.TOTL.GD.ZS,2.6699800491333
IRN,"Iran, Islamic Rep.",2020,SE.XPD.TOTL.GD.ZS,3.20495009422302
IRN,"Iran, Islamic Rep.",2019,SE.XPD.TOTL.GD.ZS,3.24005007743835
IRN,"Iran, Islamic Rep.",2018,SE.XPD.TOTL.GD.ZS,3.61980009078979
IRN,"Iran, Islamic Rep.",2017,SE.XPD.TOTL.GD.ZS,3.45956993103027
IRN,"Iran, Islamic Rep.",2016,SE.XPD.TOTL.GD.ZS,3.17396998405456
IRN,"Iran, Islamic Rep.",2015,SE.XPD.TOTL.GD.ZS,2.62911009788513
IRN,"Iran, Islamic Rep.",2014,SE.XPD.TOTL.GD.ZS,2.61668992042542
IRN,"Iran, Islamic Rep.",2013,SE.XPD.TOTL.GD.ZS,2.85279011726379
IRN,"Iran, Islamic Rep.",2012,SE.XPD.TOTL.GD.ZS,2.93899989128113
IRN,"Iran, Islamic Rep.",2011,SE.XPD.TOTL.GD.ZS,3.48497009277344
IRN,"Iran, Islamic Rep.",2010,SE.XPD.TOTL.GD.ZS,3.70917010307312
IRN,"Iran, Islamic Rep.",2009,SE.XPD.TOTL.GD.ZS,3.84244990348816
IRN,"Iran, Islamic Rep.",2008,SE.XPD.TOTL.GD.ZS,3.91376996040344
IRN,"Iran, Islamic Rep.",2007,SE.XPD.TOTL.GD.ZS,4.59681987762451
IRN,"Iran, Islamic Rep.",2006,SE.XPD.TOTL.GD.ZS,4.28998994827271
IRN,"Iran, Islamic Rep.",2005,SE.XPD.TOTL.GD.ZS,4.05651998519897
IRL,Ireland,2021,SE.XPD.TOTL.GD.ZS,2.90461993217468
IRL,Ireland,2020,SE.XPD.TOTL.GD.ZS,3.19163990020752
IRL,Ireland,2019,SE.XPD.TOTL.GD.ZS,3.22984004020691
IRL,Ireland,2018,SE.XPD.TOTL.GD.ZS,3.30347990989685
IRL,Ireland,2017,SE.XPD.TOTL.GD.ZS,3.37737011909485
IRL,Ireland,2016,SE.XPD.TOTL.GD.ZS,3.65881991386414
IRL,Ireland,2015,SE.XPD.TOTL.GD.ZS,3.62438988685608
IRL,Ireland,2014,SE.XPD.TOTL.GD.ZS,4.73554992675781
IRL,Ireland,2013,SE.XPD.TOTL.GD.ZS,5.23177003860474
IRL,Ireland,2012,SE.XPD.TOTL.GD.ZS,5.70776987075806
IRL,Ireland,2011,SE.XPD.TOTL.GD.ZS,5.77199983596802
IRL,Ireland,2010,SE.XPD.TOTL.GD.ZS,6.04835987091065
IRL,Ireland,2009,SE.XPD.TOTL.GD.ZS,6.15609979629517
IRL,Ireland,2008,SE.XPD.TOTL.GD.ZS,5.45828008651733
IRL,Ireland,2007,SE.XPD.TOTL.GD.ZS,4.71541976928711
IRL,Ireland,2006,SE.XPD.TOTL.GD.ZS,4.54742002487183
IRL,Ireland,2005,SE.XPD.TOTL.GD.ZS,4.51897001266479
ISR,Israel,2022,SE.XPD.TOTL.GD.ZS,5.93291997909546
ISR,Israel,2021,SE.XPD.TOTL.GD.ZS,6.16727018356323
ISR,Israel,2020,SE.XPD.TOTL.GD.ZS,6.51824998855591
ISR,Israel,2019,SE.XPD.TOTL.GD.ZS,6.06899976730347
ISR,Israel,2018,SE.XPD.TOTL.GD.ZS,6.06919002532959
ISR,Israel,2017,SE.XPD.TOTL.GD.ZS,6.00425004959106
ISR,Israel,2016,SE.XPD.TOTL.GD.ZS,5.80271005630493
ISR,Israel,2015,SE.XPD.TOTL.GD.ZS,5.79657983779907
ISR,Israel,2014,SE.XPD.TOTL.GD.ZS,5.69225978851318
ISR,Israel,2013,SE.XPD.TOTL.GD.ZS,5.76972007751465
ISR,Israel,2012,SE.XPD.TOTL.GD.ZS,5.56122016906738
ISR,Israel,2011,SE.XPD.TOTL.GD.ZS,5.42928981781006
ISR,Israel,2010,SE.XPD.TOTL.GD.ZS,5.40408992767334
ISR,Israel,2009,SE.XPD.TOTL.GD.ZS,5.34174013137817
ISR,Israel,2008,SE.XPD.TOTL.GD.ZS,5.40716981887817
ISR,Israel,2007,SE.XPD.TOTL.GD.ZS,5.33169984817505
ISR,Israel,2006,SE.XPD.TOTL.GD.ZS,5.58409023284912
ISR,Israel,2005,SE.XPD.TOTL.GD.ZS,5.56489992141724
ITA,Italy,2022,SE.XPD.TOTL.GD.ZS,4.06775999069214
ITA,Italy,2021,SE.XPD.TOTL.GD.ZS,4.17118978500366
ITA,Italy,2020,SE.XPD.TOTL.GD.ZS,4.41803979873657
ITA,Italy,2019,SE.XPD.TOTL.GD.ZS,4.07843017578125
ITA,Italy,2018,SE.XPD.TOTL.GD.ZS,4.24094009399414
ITA,Italy,2017,SE.XPD.TOTL.GD.ZS,4.02662992477417
ITA,Italy,2016,SE.XPD.TOTL.GD.ZS,3.795490026474
ITA,Italy,2015,SE.XPD.TOTL.GD.ZS,4.05422019958496
ITA,Italy,2014,SE.XPD.TOTL.GD.ZS,4.04026985168457
ITA,Italy,2013,SE.XPD.TOTL.GD.ZS,4.12192010879517
ITA,Italy,2012,SE.XPD.TOTL.GD.ZS,4.03481006622315
ITA,Italy,2011,SE.XPD.TOTL.GD.ZS,4.09431982040405
ITA,Italy,2010,SE.XPD.TOTL.GD.ZS,4.31626987457275
ITA,Italy,2009,SE.XPD.TOTL.GD.ZS,4.50414991378784
ITA,Italy,2008,SE.XPD.TOTL.GD.ZS,4.37188005447388
ITA,Italy,2007,SE.XPD.TOTL.GD.ZS,4.08763980865479
ITA,Italy,2006,SE.XPD.TOTL.GD.ZS,4.50464010238647
ITA,Italy,2005,SE.XPD.TOTL.GD.ZS,4.22292995452881
JAM,Jamaica,2024,SE.XPD.TOTL.GD.ZS,5.51383018493652
JAM,Jamaica,2023,SE.XPD.TOTL.GD.ZS,5.65453693979426
JAM,Jamaica,2022,SE.XPD.TOTL.GD.ZS,5.35435009002685
JAM,Jamaica,2021,SE.XPD.TOTL.GD.ZS,5.63122987747192
JAM,Jamaica,2020,SE.XPD.TOTL.GD.ZS,5.38065828197341
JAM,Jamaica,2019,SE.XPD.TOTL.GD.ZS,5.16364002227783
JAM,Jamaica,2018,SE.XPD.TOTL.GD.ZS,5.41379022598267
JAM,Jamaica,2017,SE.XPD.TOTL.GD.ZS,5.26015996932983
JAM,Jamaica,2016,SE.XPD.TOTL.GD.ZS,5.31459999084473
JAM,Jamaica,2015,SE.XPD.TOTL.GD.ZS,5.45523023605347
JAM,Jamaica,2014,SE.XPD.TOTL.GD.ZS,6.01584005355835
JAM,Jamaica,2013,SE.XPD.TOTL.GD.ZS,6.25106000900269
JAM,Jamaica,2012,SE.XPD.TOTL.GD.ZS,6.1124701499939
JAM,Jamaica,2011,SE.XPD.TOTL.GD.ZS,6.26664018630981
JAM,Jamaica,2010,SE.XPD.TOTL.GD.ZS,6.37058019638062
JAM,Jamaica,2009,SE.XPD.TOTL.GD.ZS,6.19848012924194
JAM,Jamaica,2008,SE.XPD.TOTL.GD.ZS,6.19131994247437
JAM,Jamaica,2007,SE.XPD.TOTL.GD.ZS,5.49022006988525
JAM,Jamaica,2005,SE.XPD.TOTL.GD.ZS,4.61641979217529
JPN,Japan,2021,SE.XPD.TOTL.GD.ZS,3.33663988113403
JPN,Japan,2020,SE.XPD.TOTL.GD.ZS,3.30628991127014
JPN,Japan,2019,SE.XPD.TOTL.GD.ZS,3.15533995628357
JPN,Japan,2018,SE.XPD.TOTL.GD.ZS,3.07782006263733
JPN,Japan,2017,SE.XPD.TOTL.GD.ZS,3.13057994842529
JPN,Japan,2016,SE.XPD.TOTL.GD.ZS,3.14643001556396
JPN,Japan,2015,SE.XPD.TOTL.GD.ZS,3.31221008300781
JPN,Japan,2014,SE.XPD.TOTL.GD.ZS,3.41529989242554
JPN,Japan,2013,SE.XPD.TOTL.GD.ZS,3.40874004364014
JPN,Japan,2012,SE.XPD.TOTL.GD.ZS,3.41945004463196
JPN,Japan,2011,SE.XPD.TOTL.GD.ZS,3.60526990890503
JPN,Japan,2010,SE.XPD.TOTL.GD.ZS,3.59951996803284
JPN,Japan,2008,SE.XPD.TOTL.GD.ZS,3.27241992950439
JPN,Japan,2007,SE.XPD.TOTL.GD.ZS,3.27934002876282
JPN,Japan,2006,SE.XPD.TOTL.GD.ZS,3.27667999267578
JPN,Japan,2005,SE.XPD.TOTL.GD.ZS,3.31493997573852
JOR,Jordan,2024,SE.XPD.TOTL.GD.ZS,3.23356008529663
JOR,Jordan,2023,SE.XPD.TOTL.GD.ZS,3.51486315596325
JOR,Jordan,2022,SE.XPD.TOTL.GD.ZS,3.15300011634827
JOR,Jordan,2021,SE.XPD.TOTL.GD.ZS,3.13837003707886
JOR,Jordan,2020,SE.XPD.TOTL.GD.ZS,3.55303483980158
JOR,Jordan,2019,SE.XPD.TOTL.GD.ZS,2.98846006393433
JOR,Jordan,2018,SE.XPD.TOTL.GD.ZS,2.95461988449097
JOR,Jordan,2017,SE.XPD.TOTL.GD.ZS,3.21305990219116
JOR,Jordan,2016,SE.XPD.TOTL.GD.ZS,3.45282006263733
JOR,Jordan,2015,SE.XPD.TOTL.GD.ZS,3.71272133351629
JOR,Jordan,2014,SE.XPD.TOTL.GD.ZS,3.76692408663556
JOR,Jordan,2013,SE.XPD.TOTL.GD.ZS,3.78372228032099
JOR,Jordan,2012,SE.XPD.TOTL.GD.ZS,3.63716008451231
JOR,Jordan,2011,SE.XPD.TOTL.GD.ZS,3.59900580598478
JOR,Jordan,2010,SE.XPD.TOTL.GD.ZS,3.16850989003323
KAZ,Kazakhstan,2023,SE.XPD.TOTL.GD.ZS,4.86469984054565
KAZ,Kazakhstan,2022,SE.XPD.TOTL.GD.ZS,4.36185360851405
KAZ,Kazakhstan,2021,SE.XPD.TOTL.GD.ZS,4.38569397571466
KAZ,Kazakhstan,2020,SE.XPD.TOTL.GD.ZS,4.44620380169618
KAZ,Kazakhstan,2019,SE.XPD.TOTL.GD.ZS,2.8569700717926
KAZ,Kazakhstan,2018,SE.XPD.TOTL.GD.ZS,2.61595010757446
KAZ,Kazakhstan,2017,SE.XPD.TOTL.GD.ZS,2.75081992149353
KAZ,Kazakhstan,2016,SE.XPD.TOTL.GD.ZS,2.9780900478363
KAZ,Kazakhstan,2015,SE.XPD.TOTL.GD.ZS,2.78858995437622
KAZ,Kazakhstan,2014,SE.XPD.TOTL.GD.ZS,3.42903954512824
KAZ,Kazakhstan,2013,SE.XPD.TOTL.GD.ZS,3.44564886564109
KAZ,Kazakhstan,2012,SE.XPD.TOTL.GD.ZS,3.90163701288194
KAZ,Kazakhstan,2011,SE.XPD.TOTL.GD.ZS,3.6143401736456
KAZ,Kazakhstan,2010,SE.XPD.TOTL.GD.ZS,3.58735481721566
KAZ,Kazakhstan,2009,SE.XPD.TOTL.GD.ZS,3.06072998046875
KAZ,Kazakhstan,2008,SE.XPD.TOTL.GD.ZS,2.58946990966797
KAZ,Kazakhstan,2007,SE.XPD.TOTL.GD.ZS,2.83138990402222
KAZ,Kazakhstan,2006,SE.XPD.TOTL.GD.ZS,2.62679004669189
KAZ,Kazakhstan,2005,SE.XPD.TOTL.GD.ZS,2.26353001594544
KEN,Kenya,2024,SE.XPD.TOTL.GD.ZS,4.02242346098974
KEN,Kenya,2023,SE.XPD.TOTL.GD.ZS,3.96229304413263
KEN,Kenya,2022,SE.XPD.TOTL.GD.ZS,4.51101801829815
KEN,Kenya,2021,SE.XPD.TOTL.GD.ZS,4.89040202257195
KEN,Kenya,2020,SE.XPD.TOTL.GD.ZS,5.04574892454155
KEN,Kenya,2019,SE.XPD.TOTL.GD.ZS,5.37359210998097
KEN,Kenya,2018,SE.XPD.TOTL.GD.ZS,5.10761976242065
KEN,Kenya,2017,SE.XPD.TOTL.GD.ZS,4.96308994293213
KEN,Kenya,2016,SE.XPD.TOTL.GD.ZS,4.89518022537231
KEN,Kenya,2015,SE.XPD.TOTL.GD.ZS,4.74349021911621
KEN,Kenya,2014,SE.XPD.TOTL.GD.ZS,4.7172999382019
KEN,Kenya,2013,SE.XPD.TOTL.GD.ZS,4.83721017837524
KEN,Kenya,2012,SE.XPD.TOTL.GD.ZS,4.93122005462646
KEN,Kenya,2011,SE.XPD.TOTL.GD.ZS,4.70012998580933
KEN,Kenya,2010,SE.XPD.TOTL.GD.ZS,4.81548976898193
KEN,Kenya,2006,SE.XPD.TOTL.GD.ZS,7.04981994628906
KEN,Kenya,2005,SE.XPD.TOTL.GD.ZS,7.3356499671936
KIR,Kiribati,2023,SE.XPD.TOTL.GD.ZS,16.39053
KIR,Kiribati,2022,SE.XPD.TOTL.GD.ZS,14.7860312820513
KIR,Kiribati,2021,SE.XPD.TOTL.GD.ZS,13.9871516883117
KIR,Kiribati,2020,SE.XPD.TOTL.GD.ZS,16.2303756141975
KIR,Kiribati,2019,SE.XPD.TOTL.GD.ZS,14.5197413461539
KIR,Kiribati,2018,SE.XPD.TOTL.GD.ZS,12.9204194888179
KIR,Kiribati,2017,SE.XPD.TOTL.GD.ZS,11.4761649484536
KIR,Kiribati,2016,SE.XPD.TOTL.GD.ZS,11.646473381295
KIR,Kiribati,2015,SE.XPD.TOTL.GD.ZS,10.7683901960784
KIR,Kiribati,2014,SE.XPD.TOTL.GD.ZS,11.513136036036
KIR,Kiribati,2013,SE.XPD.TOTL.GD.ZS,12.0902942583732
KIR,Kiribati,2012,SE.XPD.TOTL.GD.ZS,12.499488
KOR,"Korea, Rep.",2022,SE.XPD.TOTL.GD.ZS,5.40910005569458
KOR,"Korea, Rep.",2021,SE.XPD.TOTL.GD.ZS,4.55590009689331
KOR,"Korea, Rep.",2020,SE.XPD.TOTL.GD.ZS,4.52706003189087
KOR,"Korea, Rep.",2019,SE.XPD.TOTL.GD.ZS,4.41813993453979
KOR,"Korea, Rep.",2018,SE.XPD.TOTL.GD.ZS,4.21645021438599
KOR,"Korea, Rep.",2017,SE.XPD.TOTL.GD.ZS,4.10775995254517
KOR,"Korea, Rep.",2016,SE.XPD.TOTL.GD.ZS,4.11502981185913
KOR,"Korea, Rep.",2015,SE.XPD.TOTL.GD.ZS,4.24247980117798
KWT,Kuwait,2024,SE.XPD.TOTL.GD.ZS,6.43592667889685
KWT,Kuwait,2023,SE.XPD.TOTL.GD.ZS,5.0262608311279
KWT,Kuwait,2022,SE.XPD.TOTL.GD.ZS,6.58236499988891
KWT,Kuwait,2021,SE.XPD.TOTL.GD.ZS,7.76246706467929
KWT,Kuwait,2020,SE.XPD.TOTL.GD.ZS,6.24513034913966
KWT,Kuwait,2019,SE.XPD.TOTL.GD.ZS,6.72789551402991
KWT,Kuwait,2018,SE.XPD.TOTL.GD.ZS,6.39165256830382
KWT,Kuwait,2017,SE.XPD.TOTL.GD.ZS,6.35444222156987
KWT,Kuwait,2016,SE.XPD.TOTL.GD.ZS,5.95593958839578
KWT,Kuwait,2006,SE.XPD.TOTL.GD.ZS,3.75997996330261
KWT,Kuwait,2005,SE.XPD.TOTL.GD.ZS,4.73833990097046
KGZ,Kyrgyz Republic,2023,SE.XPD.TOTL.GD.ZS,6.82694680798777
KGZ,Kyrgyz Republic,2022,SE.XPD.TOTL.GD.ZS,7.16884382244099
KGZ,Kyrgyz Republic,2021,SE.XPD.TOTL.GD.ZS,5.16667985916138
KGZ,Kyrgyz Republic,2020,SE.XPD.TOTL.GD.ZS,5.7331600189209
KGZ,Kyrgyz Republic,2019,SE.XPD.TOTL.GD.ZS,5.0802698135376
KGZ,Kyrgyz Republic,2018,SE.XPD.TOTL.GD.ZS,5.55267000198364
KGZ,Kyrgyz Republic,2017,SE.XPD.TOTL.GD.ZS,6.02618980407715
KGZ,Kyrgyz Republic,2016,SE.XPD.TOTL.GD.ZS,6.58616018295288
KGZ,Kyrgyz Republic,2015,SE.XPD.TOTL.GD.ZS,5.98551988601685
KGZ,Kyrgyz Republic,2014,SE.XPD.TOTL.GD.ZS,5.53159999847412
KGZ,Kyrgyz Republic,2013,SE.XPD.TOTL.GD.ZS,6.78020000457764
KGZ,Kyrgyz Republic,2012,SE.XPD.TOTL.GD.ZS,7.38423013687134
KGZ,Kyrgyz Republic,2011,SE.XPD.TOTL.GD.ZS,6.79061985015869
KGZ,Kyrgyz Republic,2010,SE.XPD.TOTL.GD.ZS,5.81884002685547
KGZ,Kyrgyz Republic,2009,SE.XPD.TOTL.GD.ZS,6.23267984390259
KGZ,Kyrgyz Republic,2008,SE.XPD.TOTL.GD.ZS,5.91317987442017
KGZ,Kyrgyz Republic,2007,SE.XPD.TOTL.GD.ZS,6.46697998046875
KGZ,Kyrgyz Republic,2006,SE.XPD.TOTL.GD.ZS,5.54987001419067
KGZ,Kyrgyz Republic,2005,SE.XPD.TOTL.GD.ZS,4.87384986877441
LAO,Lao PDR,2023,SE.XPD.TOTL.GD.ZS,1.23375160355741
LAO,Lao PDR,2022,SE.XPD.TOTL.GD.ZS,1.46083440434069
LAO,Lao PDR,2021,SE.XPD.TOTL.GD.ZS,1.85949176876536
LAO,Lao PDR,2020,SE.XPD.TOTL.GD.ZS,1.91597273223857
LAO,Lao PDR,2019,SE.XPD.TOTL.GD.ZS,2.12201393748998
LAO,Lao PDR,2018,SE.XPD.TOTL.GD.ZS,2.33501229018316
LAO,Lao PDR,2017,SE.XPD.TOTL.GD.ZS,2.49797261414021
LAO,Lao PDR,2016,SE.XPD.TOTL.GD.ZS,2.77442976110388
LAO,Lao PDR,2015,SE.XPD.TOTL.GD.ZS,2.73689787884215
LAO,Lao PDR,2014,SE.XPD.TOTL.GD.ZS,2.93781995773315
LAO,Lao PDR,2013,SE.XPD.TOTL.GD.ZS,3.23380994796753
LAO,Lao PDR,2012,SE.XPD.TOTL.GD.ZS,1.82147002220154
LAO,Lao PDR,2011,SE.XPD.TOTL.GD.ZS,1.70801997184753
LAO,Lao PDR,2010,SE.XPD.TOTL.GD.ZS,1.70978999137878
LAO,Lao PDR,2009,SE.XPD.TOTL.GD.ZS,1.65485000610352
LAO,Lao PDR,2008,SE.XPD.TOTL.GD.ZS,2.27854990959167
LAO,Lao PDR,2007,SE.XPD.TOTL.GD.ZS,3.07841992378235
LAO,Lao PDR,2006,SE.XPD.TOTL.GD.ZS,2.95879006385803
LAO,Lao PDR,2005,SE.XPD.TOTL.GD.ZS,2.4140899181366
LVA,Latvia,2022,SE.XPD.TOTL.GD.ZS,4.3196702003479
LVA,Latvia,2021,SE.XPD.TOTL.GD.ZS,4.76774978637695
LVA,Latvia,2020,SE.XPD.TOTL.GD.ZS,4.99749994277954
LVA,Latvia,2019,SE.XPD.TOTL.GD.ZS,4.58675003051758
LVA,Latvia,2018,SE.XPD.TOTL.GD.ZS,4.39430999755859
LVA,Latvia,2017,SE.XPD.TOTL.GD.ZS,4.52905988693237
LVA,Latvia,2016,SE.XPD.TOTL.GD.ZS,4.82350015640259
LVA,Latvia,2015,SE.XPD.TOTL.GD.ZS,5.46670007705688
LVA,Latvia,2014,SE.XPD.TOTL.GD.ZS,5.47479009628296
LVA,Latvia,2013,SE.XPD.TOTL.GD.ZS,7.24962997436523
LVA,Latvia,2012,SE.XPD.TOTL.GD.ZS,6.83852005004883
LVA,Latvia,2011,SE.XPD.TOTL.GD.ZS,5.24315977096558
LVA,Latvia,2010,SE.XPD.TOTL.GD.ZS,5.14355993270874
LVA,Latvia,2009,SE.XPD.TOTL.GD.ZS,5.67728996276855
LVA,Latvia,2008,SE.XPD.TOTL.GD.ZS,5.63671016693115
LVA,Latvia,2007,SE.XPD.TOTL.GD.ZS,4.89059019088745
LVA,Latvia,2006,SE.XPD.TOTL.GD.ZS,4.94490003585815
LBN,Lebanon,2024,SE.XPD.TOTL.GD.ZS,1.22490869993085
LBN,Lebanon,2023,SE.XPD.TOTL.GD.ZS,1.50416361108086
LBN,Lebanon,2022,SE.XPD.TOTL.GD.ZS,1.33151427628711
LBN,Lebanon,2020,SE.XPD.TOTL.GD.ZS,2.4354185601396
LBN,Lebanon,2019,SE.XPD.TOTL.GD.ZS,2.51957250612723
LBN,Lebanon,2018,SE.XPD.TOTL.GD.ZS,2.6165251225734
LBN,Lebanon,2017,SE.XPD.TOTL.GD.ZS,2.21606844423238
LBN,Lebanon,2016,SE.XPD.TOTL.GD.ZS,2.17820270841405
LBN,Lebanon,2013,SE.XPD.TOTL.GD.ZS,2.4339599609375
LBN,Lebanon,2012,SE.XPD.TOTL.GD.ZS,2.14902997016907
LBN,Lebanon,2011,SE.XPD.TOTL.GD.ZS,1.65251994132996
LBN,Lebanon,2010,SE.XPD.TOTL.GD.ZS,1.61330997943878
LBN,Lebanon,2009,SE.XPD.TOTL.GD.ZS,1.76570999622345
LBN,Lebanon,2008,SE.XPD.TOTL.GD.ZS,2.01479005813599
LBN,Lebanon,2007,SE.XPD.TOTL.GD.ZS,2.58357000350952
LBN,Lebanon,2006,SE.XPD.TOTL.GD.ZS,2.77976989746094
LBN,Lebanon,2005,SE.XPD.TOTL.GD.ZS,2.64619994163513
LSO,Lesotho,2024,SE.XPD.TOTL.GD.ZS,6.62253066096596
LSO,Lesotho,2023,SE.XPD.TOTL.GD.ZS,7.29011355590957
LSO,Lesotho,2018,SE.XPD.TOTL.GD.ZS,7.28360986709595
LSO,Lesotho,2017,SE.XPD.TOTL.GD.ZS,8.1553201675415
LSO,Lesotho,2016,SE.XPD.TOTL.GD.ZS,7.55247411216023
LSO,Lesotho,2015,SE.XPD.TOTL.GD.ZS,7.64272055728181
LSO,Lesotho,2008,SE.XPD.TOTL.GD.ZS,12.3287401199341
LSO,Lesotho,2006,SE.XPD.TOTL.GD.ZS,11.2712802886963
LSO,Lesotho,2005,SE.XPD.TOTL.GD.ZS,12.0796604156494
LBR,Liberia,2023,SE.XPD.TOTL.GD.ZS,2.2665256232687
LBR,Liberia,2022,SE.XPD.TOTL.GD.ZS,2.2760960068702
LBR,Liberia,2021,SE.XPD.TOTL.GD.ZS,2.4235999584198
LBR,Liberia,2020,SE.XPD.TOTL.GD.ZS,2.13601415111746
LBR,Liberia,2019,SE.XPD.TOTL.GD.ZS,2.16508193926132
LBR,Liberia,2018,SE.XPD.TOTL.GD.ZS,2.50391006469727
LBR,Liberia,2017,SE.XPD.TOTL.GD.ZS,2.66330003738403
LBR,Liberia,2016,SE.XPD.TOTL.GD.ZS,2.11479684223088
LBR,Liberia,2015,SE.XPD.TOTL.GD.ZS,2.11587468207978
LBR,Liberia,2014,SE.XPD.TOTL.GD.ZS,2.20005011558533
LBR,Liberia,2013,SE.XPD.TOTL.GD.ZS,1.69078004360199
LBR,Liberia,2012,SE.XPD.TOTL.GD.ZS,1.77711999416351
LBR,Liberia,2008,SE.XPD.TOTL.GD.ZS,1.70166003704071
LIE,Liechtenstein,2011,SE.XPD.TOTL.GD.ZS,2.55604004859924
LIE,Liechtenstein,2008,SE.XPD.TOTL.GD.ZS,2.04836988449097
LIE,Liechtenstein,2007,SE.XPD.TOTL.GD.ZS,1.92119002342224
LIE,Liechtenstein,2006,SE.XPD.TOTL.GD.ZS,2.05380988121033
LTU,Lithuania,2022,SE.XPD.TOTL.GD.ZS,4.25285005569458
LTU,Lithuania,2021,SE.XPD.TOTL.GD.ZS,4.23977994918823
LTU,Lithuania,2020,SE.XPD.TOTL.GD.ZS,4.47348022460938
LTU,Lithuania,2019,SE.XPD.TOTL.GD.ZS,3.9415500164032
LTU,Lithuania,2018,SE.XPD.TOTL.GD.ZS,3.85628008842468
LTU,Lithuania,2017,SE.XPD.TOTL.GD.ZS,3.81236004829407
LTU,Lithuania,2016,SE.XPD.TOTL.GD.ZS,4.01143980026245
LTU,Lithuania,2015,SE.XPD.TOTL.GD.ZS,4.21646022796631
LTU,Lithuania,2014,SE.XPD.TOTL.GD.ZS,4.5076699256897
LTU,Lithuania,2013,SE.XPD.TOTL.GD.ZS,4.62416982650757
LTU,Lithuania,2012,SE.XPD.TOTL.GD.ZS,4.78232002258301
LTU,Lithuania,2011,SE.XPD.TOTL.GD.ZS,5.15469980239868
LTU,Lithuania,2010,SE.XPD.TOTL.GD.ZS,5.36880016326904
LTU,Lithuania,2009,SE.XPD.TOTL.GD.ZS,5.56941986083984
LTU,Lithuania,2008,SE.XPD.TOTL.GD.ZS,4.83649015426636
LTU,Lithuania,2007,SE.XPD.TOTL.GD.ZS,4.59159994125366
LTU,Lithuania,2006,SE.XPD.TOTL.GD.ZS,4.83653020858765
LTU,Lithuania,2005,SE.XPD.TOTL.GD.ZS,4.87698984146118
LUX,Luxembourg,2022,SE.XPD.TOTL.GD.ZS,3.74451994895935
LUX,Luxembourg,2021,SE.XPD.TOTL.GD.ZS,3.68531990051269
LUX,Luxembourg,2020,SE.XPD.TOTL.GD.ZS,3.85499000549316
LUX,Luxembourg,2019,SE.XPD.TOTL.GD.ZS,3.73705005645752
LUX,Luxembourg,2018,SE.XPD.TOTL.GD.ZS,3.65772008895874
LUX,Luxembourg,2017,SE.XPD.TOTL.GD.ZS,3.48645997047424
LUX,Luxembourg,2015,SE.XPD.TOTL.GD.ZS,3.76792001724243
LUX,Luxembourg,2014,SE.XPD.TOTL.GD.ZS,3.85569000244141
LUX,Luxembourg,2012,SE.XPD.TOTL.GD.ZS,3.87815999984741
MAC,"Macao SAR, China",2023,SE.XPD.TOTL.GD.ZS,3.50183010101318
MAC,"Macao SAR, China",2022,SE.XPD.TOTL.GD.ZS,6.05706977844238
MAC,"Macao SAR, China",2021,SE.XPD.TOTL.GD.ZS,5.10697984695435
MAC,"Macao SAR, China",2020,SE.XPD.TOTL.GD.ZS,6.38948011398315
MAC,"Macao SAR, China",2019,SE.XPD.TOTL.GD.ZS,3.0654399394989
MAC,"Macao SAR, China",2018,SE.XPD.TOTL.GD.ZS,2.7334098815918
MAC,"Macao SAR, China",2017,SE.XPD.TOTL.GD.ZS,2.70949006080627
MAC,"Macao SAR, China",2016,SE.XPD.TOTL.GD.ZS,3.09952998161316
MAC,"Macao SAR, China",2015,SE.XPD.TOTL.GD.ZS,3.00247001647949
MAC,"Macao SAR, China",2014,SE.XPD.TOTL.GD.ZS,2.04853010177612
MAC,"Macao SAR, China",2013,SE.XPD.TOTL.GD.ZS,2.05048990249634
MAC,"Macao SAR, China",2012,SE.XPD.TOTL.GD.ZS,3.32516002655029
MAC,"Macao SAR, China",2011,SE.XPD.TOTL.GD.ZS,2.67528009414673
MAC,"Macao SAR, China",2010,SE.XPD.TOTL.GD.ZS,2.61848998069763
MAC,"Macao SAR, China",2009,SE.XPD.TOTL.GD.ZS,2.53323006629944
MAC,"Macao SAR, China",2008,SE.XPD.TOTL.GD.ZS,2.1964099407196
MAC,"Macao SAR, China",2007,SE.XPD.TOTL.GD.ZS,2.04345011711121
MAC,"Macao SAR, China",2006,SE.XPD.TOTL.GD.ZS,2.19386005401611
MAC,"Macao SAR, China",2005,SE.XPD.TOTL.GD.ZS,2.2778799533844
MDG,Madagascar,2023,SE.XPD.TOTL.GD.ZS,3.04770386693564
MDG,Madagascar,2022,SE.XPD.TOTL.GD.ZS,3.06772823003204
MDG,Madagascar,2021,SE.XPD.TOTL.GD.ZS,3.19807542117225
MDG,Madagascar,2020,SE.XPD.TOTL.GD.ZS,3.25443385103636
MDG,Madagascar,2019,SE.XPD.TOTL.GD.ZS,3.01338389897728
MDG,Madagascar,2018,SE.XPD.TOTL.GD.ZS,2.84409999847412
MDG,Madagascar,2017,SE.XPD.TOTL.GD.ZS,2.70137416707567
MDG,Madagascar,2016,SE.XPD.TOTL.GD.ZS,2.68719005584717
MDG,Madagascar,2015,SE.XPD.TOTL.GD.ZS,2.21011996269226
MDG,Madagascar,2014,SE.XPD.TOTL.GD.ZS,2.3812301158905
MDG,Madagascar,2013,SE.XPD.TOTL.GD.ZS,1.77695000171661
MDG,Madagascar,2012,SE.XPD.TOTL.GD.ZS,2.34067010879517
MDG,Madagascar,2011,SE.XPD.TOTL.GD.ZS,2.38168001174927
MDG,Madagascar,2010,SE.XPD.TOTL.GD.ZS,2.28856151148168
MDG,Madagascar,2009,SE.XPD.TOTL.GD.ZS,2.82512998580933
MDG,Madagascar,2008,SE.XPD.TOTL.GD.ZS,2.55433988571167
MDG,Madagascar,2007,SE.XPD.TOTL.GD.ZS,2.90274000167847
MDG,Madagascar,2006,SE.XPD.TOTL.GD.ZS,2.83097004890442
MDG,Madagascar,2005,SE.XPD.TOTL.GD.ZS,3.30962991714477
MWI,Malawi,2022,SE.XPD.TOTL.GD.ZS,2.74888371105811
MWI,Malawi,2018,SE.XPD.TOTL.GD.ZS,3.32295989990234
MWI,Malawi,2017,SE.XPD.TOTL.GD.ZS,2.76899003982544
MWI,Malawi,2016,SE.XPD.TOTL.GD.ZS,3.28257989883423
MWI,Malawi,2015,SE.XPD.TOTL.GD.ZS,3.85398006439209
MWI,Malawi,2014,SE.XPD.TOTL.GD.ZS,3.32569003105164
MWI,Malawi,2013,SE.XPD.TOTL.GD.ZS,3.72169995307922
MWI,Malawi,2012,SE.XPD.TOTL.GD.ZS,2.52861185625253
MWI,Malawi,2011,SE.XPD.TOTL.GD.ZS,2.85346007347107
MWI,Malawi,2010,SE.XPD.TOTL.GD.ZS,2.43236994743347
MYS,Malaysia,2023,SE.XPD.TOTL.GD.ZS,3.51481008529663
MYS,Malaysia,2022,SE.XPD.TOTL.GD.ZS,3.49933781956284
MYS,Malaysia,2021,SE.XPD.TOTL.GD.ZS,4.26109393398867
MYS,Malaysia,2020,SE.XPD.TOTL.GD.ZS,3.91176009178162
MYS,Malaysia,2019,SE.XPD.TOTL.GD.ZS,4.15775012969971
MYS,Malaysia,2018,SE.XPD.TOTL.GD.ZS,4.47865009307861
MYS,Malaysia,2017,SE.XPD.TOTL.GD.ZS,4.6753101348877
MYS,Malaysia,2016,SE.XPD.TOTL.GD.ZS,4.75191020965576
MYS,Malaysia,2015,SE.XPD.TOTL.GD.ZS,4.89487981796265
MYS,Malaysia,2014,SE.XPD.TOTL.GD.ZS,5.21264982223511
MYS,Malaysia,2013,SE.XPD.TOTL.GD.ZS,5.48122978210449
MYS,Malaysia,2012,SE.XPD.TOTL.GD.ZS,5.73902988433838
MYS,Malaysia,2011,SE.XPD.TOTL.GD.ZS,5.76293992996216
MYS,Malaysia,2010,SE.XPD.TOTL.GD.ZS,4.96645021438599
MYS,Malaysia,2009,SE.XPD.TOTL.GD.ZS,5.97418022155762
MYS,Malaysia,2008,SE.XPD.TOTL.GD.ZS,3.95851993560791
MYS,Malaysia,2007,SE.XPD.TOTL.GD.ZS,4.37253999710083
MYS,Malaysia,2006,SE.XPD.TOTL.GD.ZS,4.48576021194458
MDV,Maldives,2023,SE.XPD.TOTL.GD.ZS,5.16706374664829
MDV,Maldives,2022,SE.XPD.TOTL.GD.ZS,4.67344315449896
MDV,Maldives,2021,SE.XPD.TOTL.GD.ZS,4.61379747500137
MDV,Maldives,2020,SE.XPD.TOTL.GD.ZS,5.84760793108804
MDV,Maldives,2019,SE.XPD.TOTL.GD.ZS,4.12356944795488
MDV,Maldives,2018,SE.XPD.TOTL.GD.ZS,3.85681779847259
MDV,Maldives,2017,SE.XPD.TOTL.GD.ZS,3.82268559882407
MDV,Maldives,2016,SE.XPD.TOTL.GD.ZS,3.66123008728027
MDV,Maldives,2015,SE.XPD.TOTL.GD.ZS,3.8685998916626
MDV,Maldives,2014,SE.XPD.TOTL.GD.ZS,3.0885899066925
MDV,Maldives,2013,SE.XPD.TOTL.GD.ZS,3.3882999420166
MDV,Maldives,2012,SE.XPD.TOTL.GD.ZS,3.34085988998413
MDV,Maldives,2011,SE.XPD.TOTL.GD.ZS,3.08072996139526
MDV,Maldives,2010,SE.XPD.TOTL.GD.ZS,3.63328003883362
MDV,Maldives,2009,SE.XPD.TOTL.GD.ZS,5.08168983459473
MDV,Maldives,2008,SE.XPD.TOTL.GD.ZS,4.470290184021
MDV,Maldives,2007,SE.XPD.TOTL.GD.ZS,4.41788005828857
MDV,Maldives,2006,SE.XPD.TOTL.GD.ZS,4.64523983001709
MDV,Maldives,2005,SE.XPD.TOTL.GD.ZS,5.0168399810791
MLI,Mali,2023,SE.XPD.TOTL.GD.ZS,4.18465094218116
MLI,Mali,2022,SE.XPD.TOTL.GD.ZS,4.04512227529275
MLI,Mali,2021,SE.XPD.TOTL.GD.ZS,3.66363000869751
MLI,Mali,2020,SE.XPD.TOTL.GD.ZS,3.3367600440979
MLI,Mali,2019,SE.XPD.TOTL.GD.ZS,3.00001001358032
MLI,Mali,2018,SE.XPD.TOTL.GD.ZS,2.98218989372253
MLI,Mali,2017,SE.XPD.TOTL.GD.ZS,3.18063998222351
MLI,Mali,2016,SE.XPD.TOTL.GD.ZS,2.59244990348816
MLI,Mali,2015,SE.XPD.TOTL.GD.ZS,3.19690990447998
MLI,Mali,2014,SE.XPD.TOTL.GD.ZS,3.09299993515015
MLI,Mali,2013,SE.XPD.TOTL.GD.ZS,2.75836992263794
MLI,Mali,2012,SE.XPD.TOTL.GD.ZS,2.90706992149353
MLI,Mali,2011,SE.XPD.TOTL.GD.ZS,3.14614009857178
MLI,Mali,2010,SE.XPD.TOTL.GD.ZS,2.70853996276856
MLI,Mali,2009,SE.XPD.TOTL.GD.ZS,3.14385008811951
MLI,Mali,2008,SE.XPD.TOTL.GD.ZS,2.73080992698669
MLI,Mali,2005,SE.XPD.TOTL.GD.ZS,2.74722003936768
MLT,Malta,2022,SE.XPD.TOTL.GD.ZS,4.71258020401001
MLT,Malta,2021,SE.XPD.TOTL.GD.ZS,4.92963981628418
MLT,Malta,2019,SE.XPD.TOTL.GD.ZS,4.79941987991333
MLT,Malta,2017,SE.XPD.TOTL.GD.ZS,4.34281015396118
MLT,Malta,2016,SE.XPD.TOTL.GD.ZS,4.95570993423462
MLT,Malta,2015,SE.XPD.TOTL.GD.ZS,4.91352987289429
MLT,Malta,2014,SE.XPD.TOTL.GD.ZS,6.84973001480103
MLT,Malta,2013,SE.XPD.TOTL.GD.ZS,7.40672016143799
MLT,Malta,2012,SE.XPD.TOTL.GD.ZS,6.24788999557495
MLT,Malta,2011,SE.XPD.TOTL.GD.ZS,7.57771015167236
MLT,Malta,2010,SE.XPD.TOTL.GD.ZS,6.20798015594482
MLT,Malta,2009,SE.XPD.TOTL.GD.ZS,5.04781007766724
MLT,Malta,2008,SE.XPD.TOTL.GD.ZS,5.47429990768433
MLT,Malta,2007,SE.XPD.TOTL.GD.ZS,5.95993995666504
MHL,Marshall Islands,2022,SE.XPD.TOTL.GD.ZS,7.70088005065918
MHL,Marshall Islands,2021,SE.XPD.TOTL.GD.ZS,15.1824411727819
MHL,Marshall Islands,2020,SE.XPD.TOTL.GD.ZS,13.8350374540234
MHL,Marshall Islands,2019,SE.XPD.TOTL.GD.ZS,9.88208961486816
MRT,Mauritania,2024,SE.XPD.TOTL.GD.ZS,7.61007976531982
MRT,Mauritania,2023,SE.XPD.TOTL.GD.ZS,4.71521997451782
MRT,Mauritania,2022,SE.XPD.TOTL.GD.ZS,1.38966000080109
MRT,Mauritania,2021,SE.XPD.TOTL.GD.ZS,1.891970038414
MRT,Mauritania,2020,SE.XPD.TOTL.GD.ZS,1.80263996124268
MRT,Mauritania,2019,SE.XPD.TOTL.GD.ZS,1.82317996025085
MRT,Mauritania,2016,SE.XPD.TOTL.GD.ZS,1.94405996799469
MRT,Mauritania,2015,SE.XPD.TOTL.GD.ZS,2.82956598871445
MRT,Mauritania,2014,SE.XPD.TOTL.GD.ZS,2.55796423507035
MRT,Mauritania,2013,SE.XPD.TOTL.GD.ZS,2.29352998733521
MRT,Mauritania,2012,SE.XPD.TOTL.GD.ZS,2.15821003913879
MRT,Mauritania,2011,SE.XPD.TOTL.GD.ZS,2.33102011680603
MRT,Mauritania,2006,SE.XPD.TOTL.GD.ZS,1.95850002765655
MUS,Mauritius,2024,SE.XPD.TOTL.GD.ZS,4.247389793396
MUS,Mauritius,2023,SE.XPD.TOTL.GD.ZS,4.57479000091553
MUS,Mauritius,2022,SE.XPD.TOTL.GD.ZS,4.84085988998413
MUS,Mauritius,2021,SE.XPD.TOTL.GD.ZS,4.67151021957397
MUS,Mauritius,2020,SE.XPD.TOTL.GD.ZS,4.35243988037109
MUS,Mauritius,2019,SE.XPD.TOTL.GD.ZS,4.54195022583008
MUS,Mauritius,2018,SE.XPD.TOTL.GD.ZS,4.67447996139526
MUS,Mauritius,2017,SE.XPD.TOTL.GD.ZS,4.87887001037598
MUS,Mauritius,2016,SE.XPD.TOTL.GD.ZS,4.88207006454468
MUS,Mauritius,2015,SE.XPD.TOTL.GD.ZS,4.75847005844116
MUS,Mauritius,2014,SE.XPD.TOTL.GD.ZS,4.81514978408813
MUS,Mauritius,2013,SE.XPD.TOTL.GD.ZS,3.56775999069214
MUS,Mauritius,2012,SE.XPD.TOTL.GD.ZS,3.41820001602173
MUS,Mauritius,2011,SE.XPD.TOTL.GD.ZS,3.33207011222839
MUS,Mauritius,2010,SE.XPD.TOTL.GD.ZS,3.55147004127502
MUS,Mauritius,2009,SE.XPD.TOTL.GD.ZS,3.04731011390686
MUS,Mauritius,2008,SE.XPD.TOTL.GD.ZS,3.06307005882263
MUS,Mauritius,2007,SE.XPD.TOTL.GD.ZS,3.18540000915527
MUS,Mauritius,2006,SE.XPD.TOTL.GD.ZS,3.64840006828308
MUS,Mauritius,2005,SE.XPD.TOTL.GD.ZS,4.02402019500732
MEX,Mexico,2022,SE.XPD.TOTL.GD.ZS,4.05987977981567
MEX,Mexico,2021,SE.XPD.TOTL.GD.ZS,4.23823976516724
MEX,Mexico,2020,SE.XPD.TOTL.GD.ZS,4.4996600151062
MEX,Mexico,2018,SE.XPD.TOTL.GD.ZS,4.13944005966187
MEX,Mexico,2017,SE.XPD.TOTL.GD.ZS,4.39752006530762
MEX,Mexico,2016,SE.XPD.TOTL.GD.ZS,4.75795984268188
MEX,Mexico,2015,SE.XPD.TOTL.GD.ZS,5.05087995529175
MEX,Mexico,2014,SE.XPD.TOTL.GD.ZS,5.06807994842529
MEX,Mexico,2013,SE.XPD.TOTL.GD.ZS,4.50858020782471
MEX,Mexico,2012,SE.XPD.TOTL.GD.ZS,4.88349008560181
MEX,Mexico,2011,SE.XPD.TOTL.GD.ZS,4.9040699005127
MEX,Mexico,2010,SE.XPD.TOTL.GD.ZS,4.93697023391724
MEX,Mexico,2009,SE.XPD.TOTL.GD.ZS,4.94934988021851
MEX,Mexico,2008,SE.XPD.TOTL.GD.ZS,4.60607004165649
MEX,Mexico,2007,SE.XPD.TOTL.GD.ZS,4.47919988632202
MEX,Mexico,2006,SE.XPD.TOTL.GD.ZS,4.49317979812622
MEX,Mexico,2005,SE.XPD.TOTL.GD.ZS,4.63395023345947
FSM,"Micronesia, Fed. Sts.",2020,SE.XPD.TOTL.GD.ZS,11.5591397849462
FSM,"Micronesia, Fed. Sts.",2019,SE.XPD.TOTL.GD.ZS,10.6931682741117
FSM,"Micronesia, Fed. Sts.",2018,SE.XPD.TOTL.GD.ZS,9.94274464285714
FSM,"Micronesia, Fed. Sts.",2017,SE.XPD.TOTL.GD.ZS,12.6815821727019
FSM,"Micronesia, Fed. Sts.",2016,SE.XPD.TOTL.GD.ZS,13.814728
FSM,"Micronesia, Fed. Sts.",2015,SE.XPD.TOTL.GD.ZS,12.407919883728
FSM,"Micronesia, Fed. Sts.",2014,SE.XPD.TOTL.GD.ZS,12.2281680903257
FSM,"Micronesia, Fed. Sts.",2013,SE.XPD.TOTL.GD.ZS,12.3438831906748
FSM,"Micronesia, Fed. Sts.",2012,SE.XPD.TOTL.GD.ZS,11.7192291367391
MDA,Moldova,2023,SE.XPD.TOTL.GD.ZS,6.55709981918335
MDA,Moldova,2022,SE.XPD.TOTL.GD.ZS,6.10430002212524
MDA,Moldova,2021,SE.XPD.TOTL.GD.ZS,5.82405996322632
MDA,Moldova,2020,SE.XPD.TOTL.GD.ZS,6.60125017166138
MDA,Moldova,2019,SE.XPD.TOTL.GD.ZS,6.22578001022339
MDA,Moldova,2018,SE.XPD.TOTL.GD.ZS,5.53886985778809
MDA,Moldova,2017,SE.XPD.TOTL.GD.ZS,5.71017980575562
MDA,Moldova,2016,SE.XPD.TOTL.GD.ZS,5.67210006713867
MDA,Moldova,2015,SE.XPD.TOTL.GD.ZS,5.76665405944246
MDA,Moldova,2014,SE.XPD.TOTL.GD.ZS,6.33807992935181
MDA,Moldova,2013,SE.XPD.TOTL.GD.ZS,5.90975516494477
MDA,Moldova,2012,SE.XPD.TOTL.GD.ZS,6.9834098815918
MDA,Moldova,2011,SE.XPD.TOTL.GD.ZS,7.13638019561768
MDA,Moldova,2010,SE.XPD.TOTL.GD.ZS,7.5922999382019
MDA,Moldova,2009,SE.XPD.TOTL.GD.ZS,9.5097599029541
MDA,Moldova,2008,SE.XPD.TOTL.GD.ZS,8.23727035522461
MDA,Moldova,2007,SE.XPD.TOTL.GD.ZS,8.29337024688721
MDA,Moldova,2006,SE.XPD.TOTL.GD.ZS,7.49899005889893
MDA,Moldova,2005,SE.XPD.TOTL.GD.ZS,7.16270017623901
MCO,Monaco,2023,SE.XPD.TOTL.GD.ZS,1.73223996162415
MCO,Monaco,2022,SE.XPD.TOTL.GD.ZS,1.17105996608734
MCO,Monaco,2021,SE.XPD.TOTL.GD.ZS,1.41926002502441
MCO,Monaco,2019,SE.XPD.TOTL.GD.ZS,1.15896999835968
MCO,Monaco,2017,SE.XPD.TOTL.GD.ZS,1.45816004276276
MCO,Monaco,2016,SE.XPD.TOTL.GD.ZS,1.37126004695892
MCO,Monaco,2014,SE.XPD.TOTL.GD.ZS,1.02186000347137
MCO,Monaco,2013,SE.XPD.TOTL.GD.ZS,1.33440005779266
MCO,Monaco,2012,SE.XPD.TOTL.GD.ZS,1.78004002571106
MCO,Monaco,2011,SE.XPD.TOTL.GD.ZS,1.58989000320435
MCO,Monaco,2010,SE.XPD.TOTL.GD.ZS,1.31735002994537
MCO,Monaco,2009,SE.XPD.TOTL.GD.ZS,1.35431003570557
MNG,Mongolia,2024,SE.XPD.TOTL.GD.ZS,5.21229982376099
MNG,Mongolia,2023,SE.XPD.TOTL.GD.ZS,3.65764999389648
MNG,Mongolia,2017,SE.XPD.TOTL.GD.ZS,4.06898021697998
MNG,Mongolia,2016,SE.XPD.TOTL.GD.ZS,5.18311023712158
MNG,Mongolia,2015,SE.XPD.TOTL.GD.ZS,4.22361993789673
MNG,Mongolia,2014,SE.XPD.TOTL.GD.ZS,4.71483993530273
MNG,Mongolia,2013,SE.XPD.TOTL.GD.ZS,4.94078016281128
MNG,Mongolia,2012,SE.XPD.TOTL.GD.ZS,5.19521999359131
MNG,Mongolia,2011,SE.XPD.TOTL.GD.ZS,4.6090202331543
MNG,Mongolia,2010,SE.XPD.TOTL.GD.ZS,4.64510011672974
MNG,Mongolia,2009,SE.XPD.TOTL.GD.ZS,5.14483976364136
MNG,Mongolia,2007,SE.XPD.TOTL.GD.ZS,4.69013023376465
MAR,Morocco,2023,SE.XPD.TOTL.GD.ZS,6.02096928801329
MAR,Morocco,2022,SE.XPD.TOTL.GD.ZS,5.91224674061277
MAR,Morocco,2021,SE.XPD.TOTL.GD.ZS,5.64273401285138
MAR,Morocco,2020,SE.XPD.TOTL.GD.ZS,6.28428263644307
MAR,Morocco,2019,SE.XPD.TOTL.GD.ZS,5.0032567210502
MAR,Morocco,2018,SE.XPD.TOTL.GD.ZS,4.96022713486949
MAR,Morocco,2017,SE.XPD.TOTL.GD.ZS,4.73564982004448
MAR,Morocco,2016,SE.XPD.TOTL.GD.ZS,5.08530197423073
MAR,Morocco,2015,SE.XPD.TOTL.GD.ZS,5.133369043677
MAR,Morocco,2014,SE.XPD.TOTL.GD.ZS,5.48276036642721
MAR,Morocco,2012,SE.XPD.TOTL.GD.ZS,5.55294838577208
MAR,Morocco,2009,SE.XPD.TOTL.GD.ZS,4.83119010925293
MAR,Morocco,2008,SE.XPD.TOTL.GD.ZS,4.85339021682739
MOZ,Mozambique,2022,SE.XPD.TOTL.GD.ZS,5.97607342054314
MOZ,Mozambique,2021,SE.XPD.TOTL.GD.ZS,6.34063583505687
MOZ,Mozambique,2020,SE.XPD.TOTL.GD.ZS,6.17059556957808
MOZ,Mozambique,2019,SE.XPD.TOTL.GD.ZS,5.99969523584354
MOZ,Mozambique,2018,SE.XPD.TOTL.GD.ZS,5.38976001739502
MOZ,Mozambique,2017,SE.XPD.TOTL.GD.ZS,5.48664999008179
MOZ,Mozambique,2016,SE.XPD.TOTL.GD.ZS,5.80086994171143
MOZ,Mozambique,2015,SE.XPD.TOTL.GD.ZS,5.91515660575298
MOZ,Mozambique,2014,SE.XPD.TOTL.GD.ZS,6.39920843528224
MOZ,Mozambique,2013,SE.XPD.TOTL.GD.ZS,6.03575992584229
MOZ,Mozambique,2012,SE.XPD.TOTL.GD.ZS,5.5575098991394
MOZ,Mozambique,2011,SE.XPD.TOTL.GD.ZS,5.53052494030773
MOZ,Mozambique,2010,SE.XPD.TOTL.GD.ZS,5.24539789470058
MOZ,Mozambique,2006,SE.XPD.TOTL.GD.ZS,3.7359299659729
MOZ,Mozambique,2005,SE.XPD.TOTL.GD.ZS,3.85834002494812
MMR,Myanmar,2019,SE.XPD.TOTL.GD.ZS,1.99976003170013
MMR,Myanmar,2018,SE.XPD.TOTL.GD.ZS,1.99249005317688
MMR,Myanmar,2017,SE.XPD.TOTL.GD.ZS,2.16652989387512
MMR,Myanmar,2011,SE.XPD.TOTL.GD.ZS,0.787440001964569
NAM,Namibia,2024,SE.XPD.TOTL.GD.ZS,9.08440819434816
NAM,Namibia,2022,SE.XPD.TOTL.GD.ZS,9.3919470845238
NAM,Namibia,2021,SE.XPD.TOTL.GD.ZS,10.3914477380895
NAM,Namibia,2020,SE.XPD.TOTL.GD.ZS,9.27799879073429
NAM,Namibia,2019,SE.XPD.TOTL.GD.ZS,9.32253195522987
NAM,Namibia,2018,SE.XPD.TOTL.GD.ZS,8.88112249415185
NAM,Namibia,2017,SE.XPD.TOTL.GD.ZS,1.39524534605831
NAM,Namibia,2016,SE.XPD.TOTL.GD.ZS,10.5927948535144
NAM,Namibia,2015,SE.XPD.TOTL.GD.ZS,9.8507685020388
NAM,Namibia,2014,SE.XPD.TOTL.GD.ZS,3.66711166353218
NAM,Namibia,2013,SE.XPD.TOTL.GD.ZS,8.59541659523254
NAM,Namibia,2012,SE.XPD.TOTL.GD.ZS,9.24281237985165
NAM,Namibia,2011,SE.XPD.TOTL.GD.ZS,8.02137930818109
NAM,Namibia,2010,SE.XPD.TOTL.GD.ZS,8.24330043792725
NAM,Namibia,2008,SE.XPD.TOTL.GD.ZS,6.40342998504639
NAM,Namibia,2006,SE.XPD.TOTL.GD.ZS,6.03171014785767
NRU,Naoero,2023,SE.XPD.TOTL.GD.ZS,5.77715015411377
NRU,Naoero,2022,SE.XPD.TOTL.GD.ZS,5.91827971698113
NRU,Naoero,2021,SE.XPD.TOTL.GD.ZS,5.16034
NRU,Naoero,2020,SE.XPD.TOTL.GD.ZS,5.90502903225807
NRU,Naoero,2019,SE.XPD.TOTL.GD.ZS,5.71828171428571
NRU,Naoero,2018,SE.XPD.TOTL.GD.ZS,5.05296627218935
NRU,Naoero,2017,SE.XPD.TOTL.GD.ZS,6.27397517241379
NRU,Naoero,2016,SE.XPD.TOTL.GD.ZS,4.82214626865672
NRU,Naoero,2015,SE.XPD.TOTL.GD.ZS,6.25260294117647
NRU,Naoero,2014,SE.XPD.TOTL.GD.ZS,4.47278425925926
NRU,Naoero,2007,SE.XPD.TOTL.GD.ZS,4.24858999252319
NPL,Nepal,2024,SE.XPD.TOTL.GD.ZS,3.68849173764595
NPL,Nepal,2023,SE.XPD.TOTL.GD.ZS,3.95641148036706
NPL,Nepal,2022,SE.XPD.TOTL.GD.ZS,4.13645081690396
NPL,Nepal,2021,SE.XPD.TOTL.GD.ZS,4.42801034633091
NPL,Nepal,2020,SE.XPD.TOTL.GD.ZS,4.24355670934502
NPL,Nepal,2019,SE.XPD.TOTL.GD.ZS,3.89212886881753
NPL,Nepal,2018,SE.XPD.TOTL.GD.ZS,4.43446016311646
NPL,Nepal,2017,SE.XPD.TOTL.GD.ZS,4.76723003387451
NPL,Nepal,2016,SE.XPD.TOTL.GD.ZS,3.90320992469788
NPL,Nepal,2015,SE.XPD.TOTL.GD.ZS,3.25901007652283
NPL,Nepal,2014,SE.XPD.TOTL.GD.ZS,3.47214007377625
NPL,Nepal,2013,SE.XPD.TOTL.GD.ZS,3.01811003684998
NPL,Nepal,2012,SE.XPD.TOTL.GD.ZS,3.29737997055054
NPL,Nepal,2011,SE.XPD.TOTL.GD.ZS,3.8426399230957
NPL,Nepal,2010,SE.XPD.TOTL.GD.ZS,3.63172006607056
NPL,Nepal,2009,SE.XPD.TOTL.GD.ZS,4.6637601852417
NPL,Nepal,2008,SE.XPD.TOTL.GD.ZS,3.8051700592041
NPL,Nepal,2007,SE.XPD.TOTL.GD.ZS,3.51721000671387
NPL,Nepal,2006,SE.XPD.TOTL.GD.ZS,3.60536003112793
NPL,Nepal,2005,SE.XPD.TOTL.GD.ZS,3.3646399974823
NLD,Netherlands,2022,SE.XPD.TOTL.GD.ZS,5.17918014526367
NLD,Netherlands,2021,SE.XPD.TOTL.GD.ZS,5.37661981582642
NLD,Netherlands,2020,SE.XPD.TOTL.GD.ZS,5.29139995574951
NLD,Netherlands,2019,SE.XPD.TOTL.GD.ZS,5.0559401512146
NLD,Netherlands,2018,SE.XPD.TOTL.GD.ZS,5.26723003387451
NLD,Netherlands,2017,SE.XPD.TOTL.GD.ZS,5.08747005462646
NLD,Netherlands,2016,SE.XPD.TOTL.GD.ZS,5.38952016830444
NLD,Netherlands,2015,SE.XPD.TOTL.GD.ZS,5.27802991867065
NLD,Netherlands,2014,SE.XPD.TOTL.GD.ZS,5.40205001831055
NLD,Netherlands,2013,SE.XPD.TOTL.GD.ZS,5.48417997360229
NLD,Netherlands,2012,SE.XPD.TOTL.GD.ZS,5.36694002151489
NLD,Netherlands,2011,SE.XPD.TOTL.GD.ZS,5.41595983505249
NLD,Netherlands,2010,SE.XPD.TOTL.GD.ZS,5.45634984970093
NLD,Netherlands,2009,SE.XPD.TOTL.GD.ZS,5.38561010360718
NLD,Netherlands,2008,SE.XPD.TOTL.GD.ZS,4.99737977981567
NLD,Netherlands,2007,SE.XPD.TOTL.GD.ZS,4.85854005813599
NLD,Netherlands,2006,SE.XPD.TOTL.GD.ZS,5.01913976669312
NLD,Netherlands,2005,SE.XPD.TOTL.GD.ZS,5.08871984481812
NZL,New Zealand,2023,SE.XPD.TOTL.GD.ZS,5.21326017379761
NZL,New Zealand,2022,SE.XPD.TOTL.GD.ZS,5.16741991043091
NZL,New Zealand,2021,SE.XPD.TOTL.GD.ZS,5.5409197807312
NZL,New Zealand,2020,SE.XPD.TOTL.GD.ZS,5.64268016815185
NZL,New Zealand,2019,SE.XPD.TOTL.GD.ZS,5.1741099357605
NZL,New Zealand,2018,SE.XPD.TOTL.GD.ZS,5.1896800994873
NZL,New Zealand,2017,SE.XPD.TOTL.GD.ZS,5.27543020248413
NZL,New Zealand,2016,SE.XPD.TOTL.GD.ZS,5.49972009658813
NZL,New Zealand,2015,SE.XPD.TOTL.GD.ZS,5.70350980758667
NZL,New Zealand,2014,SE.XPD.TOTL.GD.ZS,5.8033299446106
NZL,New Zealand,2013,SE.XPD.TOTL.GD.ZS,5.88539981842041
NIC,Nicaragua,2023,SE.XPD.TOTL.GD.ZS,2.86954998970032
NIC,Nicaragua,2022,SE.XPD.TOTL.GD.ZS,3.80001496174069
NIC,Nicaragua,2021,SE.XPD.TOTL.GD.ZS,4.08717467298944
NIC,Nicaragua,2020,SE.XPD.TOTL.GD.ZS,4.58034059162685
NIC,Nicaragua,2019,SE.XPD.TOTL.GD.ZS,4.59991969121332
NIC,Nicaragua,2018,SE.XPD.TOTL.GD.ZS,4.47380693256251
NIC,Nicaragua,2017,SE.XPD.TOTL.GD.ZS,4.35768985748291
NIC,Nicaragua,2016,SE.XPD.TOTL.GD.ZS,4.08114004135132
NIC,Nicaragua,2015,SE.XPD.TOTL.GD.ZS,4.07843017578125
NIC,Nicaragua,2014,SE.XPD.TOTL.GD.ZS,4.08329010009766
NIC,Nicaragua,2010,SE.XPD.TOTL.GD.ZS,4.48422002792358
NER,Niger,2023,SE.XPD.TOTL.GD.ZS,4.07412707618114
NER,Niger,2022,SE.XPD.TOTL.GD.ZS,3.71231832079626
NER,Niger,2021,SE.XPD.TOTL.GD.ZS,3.82175828133515
NER,Niger,2020,SE.XPD.TOTL.GD.ZS,3.81906792754322
NER,Niger,2019,SE.XPD.TOTL.GD.ZS,3.53358621816013
NER,Niger,2018,SE.XPD.TOTL.GD.ZS,3.44956994056702
NER,Niger,2017,SE.XPD.TOTL.GD.ZS,2.57818007469177
NER,Niger,2016,SE.XPD.TOTL.GD.ZS,2.95843005180359
NER,Niger,2015,SE.XPD.TOTL.GD.ZS,4.48669004440308
NER,Niger,2014,SE.XPD.TOTL.GD.ZS,5.10368013381958
NER,Niger,2013,SE.XPD.TOTL.GD.ZS,3.68953990936279
NER,Niger,2012,SE.XPD.TOTL.GD.ZS,3.1868200302124
NER,Niger,2011,SE.XPD.TOTL.GD.ZS,3.07762002944946
NER,Niger,2010,SE.XPD.TOTL.GD.ZS,2.7219500541687
NER,Niger,2009,SE.XPD.TOTL.GD.ZS,3.33588004112244
NER,Niger,2008,SE.XPD.TOTL.GD.ZS,2.72311997413635
NER,Niger,2007,SE.XPD.TOTL.GD.ZS,3.01462006568909
NER,Niger,2006,SE.XPD.TOTL.GD.ZS,2.55851006507873
NGA,Nigeria,2023,SE.XPD.TOTL.GD.ZS,0.319069049792343
NGA,Nigeria,2022,SE.XPD.TOTL.GD.ZS,0.348516707890877
NGA,Nigeria,2021,SE.XPD.TOTL.GD.ZS,0.381919104397325
NGA,Nigeria,2020,SE.XPD.TOTL.GD.ZS,0.35963763718498
NGA,Nigeria,2019,SE.XPD.TOTL.GD.ZS,0.358479005206684
NGA,Nigeria,2018,SE.XPD.TOTL.GD.ZS,0.419998493796127
NGA,Nigeria,2017,SE.XPD.TOTL.GD.ZS,0.396354013591345
NGA,Nigeria,2016,SE.XPD.TOTL.GD.ZS,0.393045646249364
NGA,Nigeria,2015,SE.XPD.TOTL.GD.ZS,0.436954905120644
NGA,Nigeria,2014,SE.XPD.TOTL.GD.ZS,0.470742539133469
NGA,Nigeria,2013,SE.XPD.TOTL.GD.ZS,0.534206768008091
NGA,Nigeria,2012,SE.XPD.TOTL.GD.ZS,0.549233086121929
NOR,Norway,2022,SE.XPD.TOTL.GD.ZS,5.43234014511108
NOR,Norway,2021,SE.XPD.TOTL.GD.ZS,6.9602198600769
NOR,Norway,2020,SE.XPD.TOTL.GD.ZS,8.37281036376953
NOR,Norway,2019,SE.XPD.TOTL.GD.ZS,7.86455011367798
NOR,Norway,2018,SE.XPD.TOTL.GD.ZS,7.59564018249512
NOR,Norway,2017,SE.XPD.TOTL.GD.ZS,7.84599018096924
NOR,Norway,2016,SE.XPD.TOTL.GD.ZS,7.98443984985352
NOR,Norway,2015,SE.XPD.TOTL.GD.ZS,7.52335977554321
NOR,Norway,2014,SE.XPD.TOTL.GD.ZS,7.64402008056641
NOR,Norway,2013,SE.XPD.TOTL.GD.ZS,7.43905019760132
NOR,Norway,2012,SE.XPD.TOTL.GD.ZS,7.32766008377075
NOR,Norway,2011,SE.XPD.TOTL.GD.ZS,6.4148998260498
NOR,Norway,2010,SE.XPD.TOTL.GD.ZS,6.71042013168335
NOR,Norway,2009,SE.XPD.TOTL.GD.ZS,7.07068014144897
NOR,Norway,2008,SE.XPD.TOTL.GD.ZS,6.2491397857666
NOR,Norway,2007,SE.XPD.TOTL.GD.ZS,6.50672006607056
NOR,Norway,2006,SE.XPD.TOTL.GD.ZS,6.35823011398315
NOR,Norway,2005,SE.XPD.TOTL.GD.ZS,6.84081983566284
OMN,Oman,2022,SE.XPD.TOTL.GD.ZS,4.38311004638672
OMN,Oman,2020,SE.XPD.TOTL.GD.ZS,6.87768983840942
OMN,Oman,2019,SE.XPD.TOTL.GD.ZS,5.06363010406494
OMN,Oman,2018,SE.XPD.TOTL.GD.ZS,4.58565998077393
OMN,Oman,2017,SE.XPD.TOTL.GD.ZS,5.99594020843506
OMN,Oman,2013,SE.XPD.TOTL.GD.ZS,4.35383987426758
OMN,Oman,2009,SE.XPD.TOTL.GD.ZS,3.6541600227356
OMN,Oman,2006,SE.XPD.TOTL.GD.ZS,3.37333011627197
OMN,Oman,2005,SE.XPD.TOTL.GD.ZS,3.07889008522034
PAK,Pakistan,2023,SE.XPD.TOTL.GD.ZS,1.94658005237579
PAK,Pakistan,2022,SE.XPD.TOTL.GD.ZS,1.97300945756988
PAK,Pakistan,2021,SE.XPD.TOTL.GD.ZS,1.68746129213991
PAK,Pakistan,2020,SE.XPD.TOTL.GD.ZS,2.05718240718423
PAK,Pakistan,2019,SE.XPD.TOTL.GD.ZS,2.21492004394531
PAK,Pakistan,2018,SE.XPD.TOTL.GD.ZS,2.33216949688293
PAK,Pakistan,2017,SE.XPD.TOTL.GD.ZS,2.57617998123169
PAK,Pakistan,2016,SE.XPD.TOTL.GD.ZS,2.66805005073547
PAK,Pakistan,2015,SE.XPD.TOTL.GD.ZS,2.38609004020691
PAK,Pakistan,2014,SE.XPD.TOTL.GD.ZS,2.2043399810791
PAK,Pakistan,2013,SE.XPD.TOTL.GD.ZS,2.23698997497559
PAK,Pakistan,2012,SE.XPD.TOTL.GD.ZS,1.97880005836487
PAK,Pakistan,2011,SE.XPD.TOTL.GD.ZS,2.00100994110107
PAK,Pakistan,2010,SE.XPD.TOTL.GD.ZS,2.05268001556396
PAK,Pakistan,2009,SE.XPD.TOTL.GD.ZS,2.17916989326477
PAK,Pakistan,2008,SE.XPD.TOTL.GD.ZS,2.27265000343323
PAK,Pakistan,2007,SE.XPD.TOTL.GD.ZS,2.23465991020203
PAK,Pakistan,2006,SE.XPD.TOTL.GD.ZS,1.98055994510651
PAK,Pakistan,2005,SE.XPD.TOTL.GD.ZS,1.67058002948761
PLW,Palau,2023,SE.XPD.TOTL.GD.ZS,3.43726476321334
PLW,Palau,2022,SE.XPD.TOTL.GD.ZS,3.57620133415525
PLW,Palau,2021,SE.XPD.TOTL.GD.ZS,3.94417105804533
PLW,Palau,2020,SE.XPD.TOTL.GD.ZS,3.47118076238812
PAN,Panama,2023,SE.XPD.TOTL.GD.ZS,2.47225999832153
PAN,Panama,2022,SE.XPD.TOTL.GD.ZS,3.37781000137329
PAN,Panama,2021,SE.XPD.TOTL.GD.ZS,3.71198010444641
PAN,Panama,2020,SE.XPD.TOTL.GD.ZS,4.30487012863159
PAN,Panama,2019,SE.XPD.TOTL.GD.ZS,3.28122011579173
PAN,Panama,2018,SE.XPD.TOTL.GD.ZS,3.4524199962616
PAN,Panama,2017,SE.XPD.TOTL.GD.ZS,3.37834000587463
PAN,Panama,2016,SE.XPD.TOTL.GD.ZS,3.32278990745544
PAN,Panama,2015,SE.XPD.TOTL.GD.ZS,3.26552009582519
PAN,Panama,2014,SE.XPD.TOTL.GD.ZS,3.08107995986939
PAN,Panama,2011,SE.XPD.TOTL.GD.ZS,3.07034993171692
PAN,Panama,2008,SE.XPD.TOTL.GD.ZS,3.42529010772705
PNG,Papua New Guinea,2023,SE.XPD.TOTL.GD.ZS,0.782122804685732
PNG,Papua New Guinea,2022,SE.XPD.TOTL.GD.ZS,0.643376920751815
PNG,Papua New Guinea,2021,SE.XPD.TOTL.GD.ZS,0.713984905932403
PNG,Papua New Guinea,2020,SE.XPD.TOTL.GD.ZS,0.898018542083257
PNG,Papua New Guinea,2019,SE.XPD.TOTL.GD.ZS,0.761761143914634
PNG,Papua New Guinea,2018,SE.XPD.TOTL.GD.ZS,1.8748300075531
PNG,Papua New Guinea,2017,SE.XPD.TOTL.GD.ZS,1.96493005752563
PNG,Papua New Guinea,2016,SE.XPD.TOTL.GD.ZS,0.853806396301458
PNG,Papua New Guinea,2015,SE.XPD.TOTL.GD.ZS,1.62515691017505
PRY,Paraguay,2024,SE.XPD.TOTL.GD.ZS,3.53410005569458
PRY,Paraguay,2023,SE.XPD.TOTL.GD.ZS,3.393709897995
PRY,Paraguay,2022,SE.XPD.TOTL.GD.ZS,3.39619994163513
PRY,Paraguay,2021,SE.XPD.TOTL.GD.ZS,3.41070008277893
PRY,Paraguay,2020,SE.XPD.TOTL.GD.ZS,3.93615007400513
PRY,Paraguay,2019,SE.XPD.TOTL.GD.ZS,3.48983027194334
PRY,Paraguay,2018,SE.XPD.TOTL.GD.ZS,3.2961960606943
PRY,Paraguay,2017,SE.XPD.TOTL.GD.ZS,3.09062070242279
PRY,Paraguay,2016,SE.XPD.TOTL.GD.ZS,3.43498992919922
PRY,Paraguay,2015,SE.XPD.TOTL.GD.ZS,3.33377822870463
PRY,Paraguay,2014,SE.XPD.TOTL.GD.ZS,2.59655894629063
PRY,Paraguay,2013,SE.XPD.TOTL.GD.ZS,2.67871193892232
PRY,Paraguay,2012,SE.XPD.TOTL.GD.ZS,3.66877007484436
PRY,Paraguay,2011,SE.XPD.TOTL.GD.ZS,3.69283008575439
PRY,Paraguay,2010,SE.XPD.TOTL.GD.ZS,2.7707200050354
PRY,Paraguay,2007,SE.XPD.TOTL.GD.ZS,2.73951005935669
PER,Peru,2024,SE.XPD.TOTL.GD.ZS,4.35778999328613
PER,Peru,2023,SE.XPD.TOTL.GD.ZS,4.24538993835449
PER,Peru,2022,SE.XPD.TOTL.GD.ZS,3.83975005149841
PER,Peru,2021,SE.XPD.TOTL.GD.ZS,3.92765998840332
PER,Peru,2020,SE.XPD.TOTL.GD.ZS,4.25937986373901
PER,Peru,2019,SE.XPD.TOTL.GD.ZS,3.822429895401
PER,Peru,2018,SE.XPD.TOTL.GD.ZS,3.71392011642456
PER,Peru,2017,SE.XPD.TOTL.GD.ZS,3.93130993843079
PER,Peru,2016,SE.XPD.TOTL.GD.ZS,3.81316995620727
PER,Peru,2015,SE.XPD.TOTL.GD.ZS,3.96933007240295
PER,Peru,2014,SE.XPD.TOTL.GD.ZS,3.69599008560181
PER,Peru,2013,SE.XPD.TOTL.GD.ZS,3.29729008674622
PER,Peru,2012,SE.XPD.TOTL.GD.ZS,2.92276000976562
PER,Peru,2011,SE.XPD.TOTL.GD.ZS,2.6635000705719
PER,Peru,2010,SE.XPD.TOTL.GD.ZS,2.86730003356934
PER,Peru,2009,SE.XPD.TOTL.GD.ZS,3.13994002342224
PER,Peru,2008,SE.XPD.TOTL.GD.ZS,2.8677499294281
PER,Peru,2007,SE.XPD.TOTL.GD.ZS,2.62940001487732
PER,Peru,2006,SE.XPD.TOTL.GD.ZS,2.65281009674072
PER,Peru,2005,SE.XPD.TOTL.GD.ZS,2.83903002738953
PHL,Philippines,2025,SE.XPD.TOTL.GD.ZS,3.96922646675346
PHL,Philippines,2024,SE.XPD.TOTL.GD.ZS,3.92501087473821
PHL,Philippines,2023,SE.XPD.TOTL.GD.ZS,3.6236863467978
PHL,Philippines,2022,SE.XPD.TOTL.GD.ZS,3.57960089528426
PHL,Philippines,2021,SE.XPD.TOTL.GD.ZS,3.87249754784633
PHL,Philippines,2020,SE.XPD.TOTL.GD.ZS,3.85829051308063
PHL,Philippines,2019,SE.XPD.TOTL.GD.ZS,3.40748649142134
PHL,Philippines,2018,SE.XPD.TOTL.GD.ZS,3.85502760745456
PHL,Philippines,2017,SE.XPD.TOTL.GD.ZS,3.96384087403915
PHL,Philippines,2016,SE.XPD.TOTL.GD.ZS,3.30128109042443
PHL,Philippines,2015,SE.XPD.TOTL.GD.ZS,2.83052303785203
PHL,Philippines,2014,SE.XPD.TOTL.GD.ZS,2.66454238129968
PHL,Philippines,2009,SE.XPD.TOTL.GD.ZS,2.53777003288269
PHL,Philippines,2008,SE.XPD.TOTL.GD.ZS,2.58282995223999
PHL,Philippines,2007,SE.XPD.TOTL.GD.ZS,2.48518991470337
PHL,Philippines,2006,SE.XPD.TOTL.GD.ZS,2.42579007148743
PHL,Philippines,2005,SE.XPD.TOTL.GD.ZS,2.32806992530823
POL,Poland,2022,SE.XPD.TOTL.GD.ZS,4.31372976303101
POL,Poland,2021,SE.XPD.TOTL.GD.ZS,4.61998987197876
POL,Poland,2020,SE.XPD.TOTL.GD.ZS,4.80081987380981
POL,Poland,2019,SE.XPD.TOTL.GD.ZS,4.62736988067627
POL,Poland,2018,SE.XPD.TOTL.GD.ZS,4.55985021591187
POL,Poland,2017,SE.XPD.TOTL.GD.ZS,4.54246997833252
POL,Poland,2016,SE.XPD.TOTL.GD.ZS,4.62726020812988
POL,Poland,2015,SE.XPD.TOTL.GD.ZS,4.78748989105225
POL,Poland,2014,SE.XPD.TOTL.GD.ZS,4.93858003616333
POL,Poland,2013,SE.XPD.TOTL.GD.ZS,4.99779987335205
POL,Poland,2012,SE.XPD.TOTL.GD.ZS,4.83311986923218
POL,Poland,2011,SE.XPD.TOTL.GD.ZS,4.82901000976562
POL,Poland,2010,SE.XPD.TOTL.GD.ZS,5.08126020431519
POL,Poland,2009,SE.XPD.TOTL.GD.ZS,4.97665977478027
POL,Poland,2008,SE.XPD.TOTL.GD.ZS,5.02344989776611
POL,Poland,2007,SE.XPD.TOTL.GD.ZS,4.86086988449097
POL,Poland,2006,SE.XPD.TOTL.GD.ZS,5.18848991394043
POL,Poland,2005,SE.XPD.TOTL.GD.ZS,5.41065979003906
PRT,Portugal,2022,SE.XPD.TOTL.GD.ZS,4.55160999298096
PRT,Portugal,2021,SE.XPD.TOTL.GD.ZS,4.77341985702515
PRT,Portugal,2020,SE.XPD.TOTL.GD.ZS,4.86407995223999
PRT,Portugal,2019,SE.XPD.TOTL.GD.ZS,4.6275200843811
PRT,Portugal,2018,SE.XPD.TOTL.GD.ZS,4.6793999671936
PRT,Portugal,2017,SE.XPD.TOTL.GD.ZS,5.02685022354126
PRT,Portugal,2015,SE.XPD.TOTL.GD.ZS,4.89425992965698
PRT,Portugal,2014,SE.XPD.TOTL.GD.ZS,5.12005996704102
PRT,Portugal,2013,SE.XPD.TOTL.GD.ZS,5.26528978347778
PRT,Portugal,2012,SE.XPD.TOTL.GD.ZS,4.94226980209351
PRT,Portugal,2011,SE.XPD.TOTL.GD.ZS,5.11688995361328
PRT,Portugal,2010,SE.XPD.TOTL.GD.ZS,5.40499019622803
PRT,Portugal,2009,SE.XPD.TOTL.GD.ZS,5.56315994262695
PRT,Portugal,2008,SE.XPD.TOTL.GD.ZS,4.69608020782471
PRT,Portugal,2007,SE.XPD.TOTL.GD.ZS,4.92149019241333
PRT,Portugal,2006,SE.XPD.TOTL.GD.ZS,4.90769004821777
PRT,Portugal,2005,SE.XPD.TOTL.GD.ZS,5.07393980026245
PRI,Puerto Rico (US),2024,SE.XPD.TOTL.GD.ZS,4.27101949674789
PRI,Puerto Rico (US),2023,SE.XPD.TOTL.GD.ZS,4.26898753959873
PRI,Puerto Rico (US),2022,SE.XPD.TOTL.GD.ZS,3.86129930773508
PRI,Puerto Rico (US),2021,SE.XPD.TOTL.GD.ZS,3.7296700261025
PRI,Puerto Rico (US),2020,SE.XPD.TOTL.GD.ZS,4.28663184360846
PRI,Puerto Rico (US),2019,SE.XPD.TOTL.GD.ZS,3.32791002069889
PRI,Puerto Rico (US),2018,SE.XPD.TOTL.GD.ZS,2.60388715714737
PRI,Puerto Rico (US),2017,SE.XPD.TOTL.GD.ZS,2.72538873126429
PRI,Puerto Rico (US),2016,SE.XPD.TOTL.GD.ZS,2.78358429967595
PRI,Puerto Rico (US),2015,SE.XPD.TOTL.GD.ZS,3.34032241682023
PRI,Puerto Rico (US),2014,SE.XPD.TOTL.GD.ZS,6.07265996932983
PRI,Puerto Rico (US),2013,SE.XPD.TOTL.GD.ZS,6.48106002807617
QAT,Qatar,2020,SE.XPD.TOTL.GD.ZS,3.23368000984192
QAT,Qatar,2019,SE.XPD.TOTL.GD.ZS,2.80378007888794
QAT,Qatar,2017,SE.XPD.TOTL.GD.ZS,2.96745991706848
QAT,Qatar,2014,SE.XPD.TOTL.GD.ZS,3.60535001754761
QAT,Qatar,2013,SE.XPD.TOTL.GD.ZS,4.07384014129639
QAT,Qatar,2012,SE.XPD.TOTL.GD.ZS,3.50744009017944
QAT,Qatar,2011,SE.XPD.TOTL.GD.ZS,4.01223993301392
QAT,Qatar,2010,SE.XPD.TOTL.GD.ZS,4.53965997695923
QAT,Qatar,2009,SE.XPD.TOTL.GD.ZS,3.41315007209778
QAT,Qatar,2008,SE.XPD.TOTL.GD.ZS,4.22755002975464
QAT,Qatar,2005,SE.XPD.TOTL.GD.ZS,3.97187995910644
ROU,Romania,2022,SE.XPD.TOTL.GD.ZS,3.2788200378418
ROU,Romania,2021,SE.XPD.TOTL.GD.ZS,3.31562995910644
ROU,Romania,2020,SE.XPD.TOTL.GD.ZS,3.57968997955322
ROU,Romania,2019,SE.XPD.TOTL.GD.ZS,3.55761003494263
ROU,Romania,2018,SE.XPD.TOTL.GD.ZS,3.31710004806519
ROU,Romania,2017,SE.XPD.TOTL.GD.ZS,3.11819005012512
ROU,Romania,2016,SE.XPD.TOTL.GD.ZS,3.0255401134491
ROU,Romania,2015,SE.XPD.TOTL.GD.ZS,3.10693001747131
ROU,Romania,2014,SE.XPD.TOTL.GD.ZS,3.12494993209839
ROU,Romania,2013,SE.XPD.TOTL.GD.ZS,3.06785011291504
ROU,Romania,2012,SE.XPD.TOTL.GD.ZS,2.8234601020813
ROU,Romania,2011,SE.XPD.TOTL.GD.ZS,2.91359996795654
ROU,Romania,2010,SE.XPD.TOTL.GD.ZS,3.41647005081177
ROU,Romania,2009,SE.XPD.TOTL.GD.ZS,4.00193023681641
ROU,Romania,2008,SE.XPD.TOTL.GD.ZS,4.09722995758057
ROU,Romania,2007,SE.XPD.TOTL.GD.ZS,4.14953994750977
ROU,Romania,2006,SE.XPD.TOTL.GD.ZS,4.30650997161865
ROU,Romania,2005,SE.XPD.TOTL.GD.ZS,3.50038003921509
RUS,Russian Federation,2023,SE.XPD.TOTL.GD.ZS,4.16454853394225
RUS,Russian Federation,2022,SE.XPD.TOTL.GD.ZS,4.05402755323777
RUS,Russian Federation,2021,SE.XPD.TOTL.GD.ZS,3.99480697864774
RUS,Russian Federation,2020,SE.XPD.TOTL.GD.ZS,4.01641864383637
RUS,Russian Federation,2019,SE.XPD.TOTL.GD.ZS,3.69561429198336
RUS,Russian Federation,2018,SE.XPD.TOTL.GD.ZS,4.67819023132324
RUS,Russian Federation,2017,SE.XPD.TOTL.GD.ZS,4.68990993499756
RUS,Russian Federation,2016,SE.XPD.TOTL.GD.ZS,3.76044011116028
RUS,Russian Federation,2015,SE.XPD.TOTL.GD.ZS,3.83402991294861
RUS,Russian Federation,2014,SE.XPD.TOTL.GD.ZS,4.01387977600098
RUS,Russian Federation,2013,SE.XPD.TOTL.GD.ZS,3.76382994651794
RUS,Russian Federation,2012,SE.XPD.TOTL.GD.ZS,3.79310011863708
RUS,Russian Federation,2011,SE.XPD.TOTL.GD.ZS,3.71261270253186
RUS,Russian Federation,2010,SE.XPD.TOTL.GD.ZS,4.08974230526824
RUS,Russian Federation,2008,SE.XPD.TOTL.GD.ZS,4.10174989700317
RUS,Russian Federation,2006,SE.XPD.TOTL.GD.ZS,3.86626005172729
RUS,Russian Federation,2005,SE.XPD.TOTL.GD.ZS,3.77192997932434
RWA,Rwanda,2024,SE.XPD.TOTL.GD.ZS,4.61476993560791
RWA,Rwanda,2023,SE.XPD.TOTL.GD.ZS,4.92002010345459
RWA,Rwanda,2022,SE.XPD.TOTL.GD.ZS,4.74213981628418
RWA,Rwanda,2021,SE.XPD.TOTL.GD.ZS,5.58984994888306
RWA,Rwanda,2020,SE.XPD.TOTL.GD.ZS,3.33309745728459
RWA,Rwanda,2019,SE.XPD.TOTL.GD.ZS,3.23821222605582
RWA,Rwanda,2018,SE.XPD.TOTL.GD.ZS,3.07376003265381
RWA,Rwanda,2017,SE.XPD.TOTL.GD.ZS,3.1247398853302
RWA,Rwanda,2016,SE.XPD.TOTL.GD.ZS,3.43482995033264
RWA,Rwanda,2015,SE.XPD.TOTL.GD.ZS,3.64713001251221
RWA,Rwanda,2014,SE.XPD.TOTL.GD.ZS,4.19644021987915
RWA,Rwanda,2013,SE.XPD.TOTL.GD.ZS,4.7421498298645
RWA,Rwanda,2012,SE.XPD.TOTL.GD.ZS,4.42103004455566
RWA,Rwanda,2011,SE.XPD.TOTL.GD.ZS,4.38346004486084
RWA,Rwanda,2010,SE.XPD.TOTL.GD.ZS,4.63126993179321
RWA,Rwanda,2008,SE.XPD.TOTL.GD.ZS,3.50215005874634
RWA,Rwanda,2007,SE.XPD.TOTL.GD.ZS,3.98502993583679
WSM,Samoa,2024,SE.XPD.TOTL.GD.ZS,5.45616637544294
WSM,Samoa,2023,SE.XPD.TOTL.GD.ZS,6.1096302676416
WSM,Samoa,2022,SE.XPD.TOTL.GD.ZS,6.15978780645853
WSM,Samoa,2021,SE.XPD.TOTL.GD.ZS,5.2162847162306
WSM,Samoa,2020,SE.XPD.TOTL.GD.ZS,4.50316850152178
WSM,Samoa,2019,SE.XPD.TOTL.GD.ZS,4.58404753905646
WSM,Samoa,2018,SE.XPD.TOTL.GD.ZS,4.47214854040471
WSM,Samoa,2017,SE.XPD.TOTL.GD.ZS,4.18871569584785
WSM,Samoa,2016,SE.XPD.TOTL.GD.ZS,3.98114991188049
WSM,Samoa,2015,SE.XPD.TOTL.GD.ZS,4.42452121728174
WSM,Samoa,2014,SE.XPD.TOTL.GD.ZS,5.41392159958726
WSM,Samoa,2013,SE.XPD.TOTL.GD.ZS,4.61486064947671
WSM,Samoa,2012,SE.XPD.TOTL.GD.ZS,4.89170722777607
WSM,Samoa,2011,SE.XPD.TOTL.GD.ZS,4.77426341839114
WSM,Samoa,2008,SE.XPD.TOTL.GD.ZS,5.11659002304077
SMR,San Marino,2022,SE.XPD.TOTL.GD.ZS,2.89753007888794
SMR,San Marino,2021,SE.XPD.TOTL.GD.ZS,3.10892009735107
SMR,San Marino,2020,SE.XPD.TOTL.GD.ZS,3.4246199131012
SMR,San Marino,2019,SE.XPD.TOTL.GD.ZS,3.37969994544983
SMR,San Marino,2018,SE.XPD.TOTL.GD.ZS,3.55516004562378
SMR,San Marino,2017,SE.XPD.TOTL.GD.ZS,3.36997008323669
SMR,San Marino,2016,SE.XPD.TOTL.GD.ZS,3.02697977142855
SMR,San Marino,2015,SE.XPD.TOTL.GD.ZS,3.11914279579368
SMR,San Marino,2014,SE.XPD.TOTL.GD.ZS,3.19357628015873
SMR,San Marino,2013,SE.XPD.TOTL.GD.ZS,3.26723534651899
SMR,San Marino,2011,SE.XPD.TOTL.GD.ZS,2.70296001434326
SMR,San Marino,2010,SE.XPD.TOTL.GD.ZS,2.62883996963501
STP,Sao Tome and Principe,2023,SE.XPD.TOTL.GD.ZS,5.0288576428727
STP,Sao Tome and Principe,2022,SE.XPD.TOTL.GD.ZS,5.19392101712613
STP,Sao Tome and Principe,2021,SE.XPD.TOTL.GD.ZS,5.53985041124283
STP,Sao Tome and Principe,2020,SE.XPD.TOTL.GD.ZS,5.02931173372591
STP,Sao Tome and Principe,2019,SE.XPD.TOTL.GD.ZS,6.10573891896978
STP,Sao Tome and Principe,2018,SE.XPD.TOTL.GD.ZS,5.62454986572266
STP,Sao Tome and Principe,2017,SE.XPD.TOTL.GD.ZS,5.87489986419678
STP,Sao Tome and Principe,2016,SE.XPD.TOTL.GD.ZS,6.11515998840332
STP,Sao Tome and Principe,2015,SE.XPD.TOTL.GD.ZS,4.69794988632202
STP,Sao Tome and Principe,2014,SE.XPD.TOTL.GD.ZS,4.4321699142456
STP,Sao Tome and Principe,2013,SE.XPD.TOTL.GD.ZS,6.68509006500244
STP,Sao Tome and Principe,2012,SE.XPD.TOTL.GD.ZS,6.92846012115479
STP,Sao Tome and Principe,2011,SE.XPD.TOTL.GD.ZS,8.79410245042467
STP,Sao Tome and Principe,2010,SE.XPD.TOTL.GD.ZS,9.9882698059082
STP,Sao Tome and Principe,2009,SE.XPD.TOTL.GD.ZS,9.99429035186768
STP,Sao Tome and Principe,2008,SE.XPD.TOTL.GD.ZS,5.5544900894165
STP,Sao Tome and Principe,2007,SE.XPD.TOTL.GD.ZS,6.28682994842529
STP,Sao Tome and Principe,2006,SE.XPD.TOTL.GD.ZS,4.27118015289307
STP,Sao Tome and Principe,2005,SE.XPD.TOTL.GD.ZS,4.85645008087158
SAU,Saudi Arabia,2023,SE.XPD.TOTL.GD.ZS,4.48087978363037
SAU,Saudi Arabia,2008,SE.XPD.TOTL.GD.ZS,5.13781023025513
SAU,Saudi Arabia,2006,SE.XPD.TOTL.GD.ZS,5.89117002487183
SAU,Saudi Arabia,2005,SE.XPD.TOTL.GD.ZS,5.43093013763428
SEN,Senegal,2023,SE.XPD.TOTL.GD.ZS,6.16277045366329
SEN,Senegal,2022,SE.XPD.TOTL.GD.ZS,5.95222997665405
SEN,Senegal,2021,SE.XPD.TOTL.GD.ZS,5.61201000213623
SEN,Senegal,2020,SE.XPD.TOTL.GD.ZS,5.6869797706604
SEN,Senegal,2019,SE.XPD.TOTL.GD.ZS,5.03525018692017
SEN,Senegal,2018,SE.XPD.TOTL.GD.ZS,5.11019992828369
SEN,Senegal,2017,SE.XPD.TOTL.GD.ZS,4.74007987976074
SEN,Senegal,2016,SE.XPD.TOTL.GD.ZS,5.11309003829956
SEN,Senegal,2015,SE.XPD.TOTL.GD.ZS,5.45634984970093
SEN,Senegal,2014,SE.XPD.TOTL.GD.ZS,5.72907018661499
SEN,Senegal,2013,SE.XPD.TOTL.GD.ZS,5.68656015396118
SEN,Senegal,2012,SE.XPD.TOTL.GD.ZS,4.77698993682861
SEN,Senegal,2011,SE.XPD.TOTL.GD.ZS,4.90302991867065
SEN,Senegal,2010,SE.XPD.TOTL.GD.ZS,0.544770002365112
SEN,Senegal,2009,SE.XPD.TOTL.GD.ZS,4.92072010040283
SEN,Senegal,2008,SE.XPD.TOTL.GD.ZS,4.02568006515503
SEN,Senegal,2006,SE.XPD.TOTL.GD.ZS,3.82138991355896
SEN,Senegal,2005,SE.XPD.TOTL.GD.ZS,4.06443023681641
SRB,Serbia,2023,SE.XPD.TOTL.GD.ZS,3.40377998352051
SRB,Serbia,2022,SE.XPD.TOTL.GD.ZS,3.08255004882812
SRB,Serbia,2021,SE.XPD.TOTL.GD.ZS,3.14615988731384
SRB,Serbia,2019,SE.XPD.TOTL.GD.ZS,3.45865988731384
SRB,Serbia,2018,SE.XPD.TOTL.GD.ZS,3.43663001060486
SRB,Serbia,2017,SE.XPD.TOTL.GD.ZS,3.56539011001587
SRB,Serbia,2016,SE.XPD.TOTL.GD.ZS,3.50275993347168
SRB,Serbia,2011,SE.XPD.TOTL.GD.ZS,4.0735502243042
SRB,Serbia,2009,SE.XPD.TOTL.GD.ZS,4.3127498626709
SRB,Serbia,2007,SE.XPD.TOTL.GD.ZS,4.04881000518799
SYC,Seychelles,2023,SE.XPD.TOTL.GD.ZS,4.45409960547034
SYC,Seychelles,2022,SE.XPD.TOTL.GD.ZS,3.65858904774836
SYC,Seychelles,2021,SE.XPD.TOTL.GD.ZS,4.86547351368626
SYC,Seychelles,2020,SE.XPD.TOTL.GD.ZS,4.18704837049316
SYC,Seychelles,2019,SE.XPD.TOTL.GD.ZS,3.5588555711461
SYC,Seychelles,2018,SE.XPD.TOTL.GD.ZS,3.59446940668662
SYC,Seychelles,2017,SE.XPD.TOTL.GD.ZS,3.34617325657655
SYC,Seychelles,2016,SE.XPD.TOTL.GD.ZS,4.0213098526001
SYC,Seychelles,2015,SE.XPD.TOTL.GD.ZS,4.91460990905762
SYC,Seychelles,2014,SE.XPD.TOTL.GD.ZS,3.95247006416321
SYC,Seychelles,2013,SE.XPD.TOTL.GD.ZS,3.61840009689331
SYC,Seychelles,2012,SE.XPD.TOTL.GD.ZS,2.54216003417969
SYC,Seychelles,2011,SE.XPD.TOTL.GD.ZS,3.62995004653931
SYC,Seychelles,2006,SE.XPD.TOTL.GD.ZS,4.48331022262573
SLE,Sierra Leone,2023,SE.XPD.TOTL.GD.ZS,2.62455277942046
SLE,Sierra Leone,2022,SE.XPD.TOTL.GD.ZS,4.90762996673584
SLE,Sierra Leone,2021,SE.XPD.TOTL.GD.ZS,5.59322023391724
SLE,Sierra Leone,2020,SE.XPD.TOTL.GD.ZS,5.34702014923096
SLE,Sierra Leone,2019,SE.XPD.TOTL.GD.ZS,4.65177011489868
SLE,Sierra Leone,2018,SE.XPD.TOTL.GD.ZS,4.46809005737305
SLE,Sierra Leone,2017,SE.XPD.TOTL.GD.ZS,3.0150101184845
SLE,Sierra Leone,2016,SE.XPD.TOTL.GD.ZS,1.84832000732422
SLE,Sierra Leone,2015,SE.XPD.TOTL.GD.ZS,3.21786273563993
SLE,Sierra Leone,2014,SE.XPD.TOTL.GD.ZS,1.73754000663757
SLE,Sierra Leone,2013,SE.XPD.TOTL.GD.ZS,1.56069004535675
SLE,Sierra Leone,2012,SE.XPD.TOTL.GD.ZS,1.77787005901337
SLE,Sierra Leone,2011,SE.XPD.TOTL.GD.ZS,1.61538004875183
SLE,Sierra Leone,2010,SE.XPD.TOTL.GD.ZS,1.56553995609283
SLE,Sierra Leone,2009,SE.XPD.TOTL.GD.ZS,1.72441005706787
SLE,Sierra Leone,2008,SE.XPD.TOTL.GD.ZS,1.4541300535202
SLE,Sierra Leone,2007,SE.XPD.TOTL.GD.ZS,1.52012002468109
SLE,Sierra Leone,2005,SE.XPD.TOTL.GD.ZS,1.81370997428894
SGP,Singapore,2024,SE.XPD.TOTL.GD.ZS,2.19099857819757
SGP,Singapore,2023,SE.XPD.TOTL.GD.ZS,2.1037700176239
SGP,Singapore,2022,SE.XPD.TOTL.GD.ZS,2.47478008270264
SGP,Singapore,2021,SE.XPD.TOTL.GD.ZS,2.82732009887695
SGP,Singapore,2020,SE.XPD.TOTL.GD.ZS,2.69227004051208
SGP,Singapore,2019,SE.XPD.TOTL.GD.ZS,2.72783994674683
SGP,Singapore,2018,SE.XPD.TOTL.GD.ZS,2.85314011573792
SGP,Singapore,2017,SE.XPD.TOTL.GD.ZS,2.87916382421742
SGP,Singapore,2016,SE.XPD.TOTL.GD.ZS,2.94466258946576
SGP,Singapore,2015,SE.XPD.TOTL.GD.ZS,2.99161870509909
SGP,Singapore,2014,SE.XPD.TOTL.GD.ZS,3.01358665503678
SGP,Singapore,2013,SE.XPD.TOTL.GD.ZS,2.85435009002686
SGP,Singapore,2012,SE.XPD.TOTL.GD.ZS,3.07084989547729
SGP,Singapore,2011,SE.XPD.TOTL.GD.ZS,3.03077006340027
SGP,Singapore,2010,SE.XPD.TOTL.GD.ZS,3.08044004440308
SGP,Singapore,2009,SE.XPD.TOTL.GD.ZS,3.01012992858887
SGP,Singapore,2008,SE.XPD.TOTL.GD.ZS,2.76460003852844
SGP,Singapore,2007,SE.XPD.TOTL.GD.ZS,2.94673991203308
SGP,Singapore,2006,SE.XPD.TOTL.GD.ZS,2.85911989212036
SGP,Singapore,2005,SE.XPD.TOTL.GD.ZS,3.19596004486084
SXM,Sint Maarten (Dutch part),2023,SE.XPD.TOTL.GD.ZS,3.92363832601723
SXM,Sint Maarten (Dutch part),2022,SE.XPD.TOTL.GD.ZS,4.27420508508285
SXM,Sint Maarten (Dutch part),2014,SE.XPD.TOTL.GD.ZS,3.06759489680727
SXM,Sint Maarten (Dutch part),2012,SE.XPD.TOTL.GD.ZS,4.61834872782909
SVK,Slovak Republic,2022,SE.XPD.TOTL.GD.ZS,4.65688991546631
SVK,Slovak Republic,2021,SE.XPD.TOTL.GD.ZS,4.71766996383667
SVK,Slovak Republic,2020,SE.XPD.TOTL.GD.ZS,4.720290184021
SVK,Slovak Republic,2019,SE.XPD.TOTL.GD.ZS,4.26779985427856
SVK,Slovak Republic,2018,SE.XPD.TOTL.GD.ZS,3.93534994125366
SVK,Slovak Republic,2017,SE.XPD.TOTL.GD.ZS,3.91876006126404
SVK,Slovak Republic,2016,SE.XPD.TOTL.GD.ZS,3.88375997543335
SVK,Slovak Republic,2015,SE.XPD.TOTL.GD.ZS,4.56416988372803
SVK,Slovak Republic,2014,SE.XPD.TOTL.GD.ZS,4.20446014404297
SVK,Slovak Republic,2013,SE.XPD.TOTL.GD.ZS,4.06078004837036
SVK,Slovak Republic,2012,SE.XPD.TOTL.GD.ZS,3.85490989685059
SVK,Slovak Republic,2011,SE.XPD.TOTL.GD.ZS,3.90686988830566
SVK,Slovak Republic,2010,SE.XPD.TOTL.GD.ZS,4.04704999923706
SVK,Slovak Republic,2009,SE.XPD.TOTL.GD.ZS,4.00893020629883
SVK,Slovak Republic,2008,SE.XPD.TOTL.GD.ZS,3.52339005470276
SVK,Slovak Republic,2007,SE.XPD.TOTL.GD.ZS,3.52223992347717
SVK,Slovak Republic,2006,SE.XPD.TOTL.GD.ZS,3.70850992202759
SVK,Slovak Republic,2005,SE.XPD.TOTL.GD.ZS,3.77565002441406
SVN,Slovenia,2022,SE.XPD.TOTL.GD.ZS,5.28065013885498
SVN,Slovenia,2021,SE.XPD.TOTL.GD.ZS,5.39167022705078
SVN,Slovenia,2020,SE.XPD.TOTL.GD.ZS,5.41901016235352
SVN,Slovenia,2019,SE.XPD.TOTL.GD.ZS,4.93479013442993
SVN,Slovenia,2018,SE.XPD.TOTL.GD.ZS,4.97948980331421
SVN,Slovenia,2017,SE.XPD.TOTL.GD.ZS,4.82381010055542
SVN,Slovenia,2016,SE.XPD.TOTL.GD.ZS,4.84419012069702
SVN,Slovenia,2015,SE.XPD.TOTL.GD.ZS,4.95528984069824
SVN,Slovenia,2014,SE.XPD.TOTL.GD.ZS,5.34328985214233
SVN,Slovenia,2013,SE.XPD.TOTL.GD.ZS,5.46767997741699
SVN,Slovenia,2012,SE.XPD.TOTL.GD.ZS,5.6702299118042
SVN,Slovenia,2011,SE.XPD.TOTL.GD.ZS,5.58290004730225
SVN,Slovenia,2010,SE.XPD.TOTL.GD.ZS,5.59362983703613
SVN,Slovenia,2009,SE.XPD.TOTL.GD.ZS,5.62079000473022
SVN,Slovenia,2008,SE.XPD.TOTL.GD.ZS,5.13438987731934
SVN,Slovenia,2007,SE.XPD.TOTL.GD.ZS,5.13660001754761
SVN,Slovenia,2006,SE.XPD.TOTL.GD.ZS,5.62207984924316
SVN,Slovenia,2005,SE.XPD.TOTL.GD.ZS,5.64437007904053
SLB,Solomon Islands,2023,SE.XPD.TOTL.GD.ZS,8.29349080062944
SLB,Solomon Islands,2022,SE.XPD.TOTL.GD.ZS,8.48737829731105
SLB,Solomon Islands,2021,SE.XPD.TOTL.GD.ZS,8.33232704380039
SLB,Solomon Islands,2020,SE.XPD.TOTL.GD.ZS,9.64354620369343
SLB,Solomon Islands,2010,SE.XPD.TOTL.GD.ZS,7.47837018966675
SLB,Solomon Islands,2009,SE.XPD.TOTL.GD.ZS,6.6585898399353
SLB,Solomon Islands,2008,SE.XPD.TOTL.GD.ZS,6.89515018463135
SLB,Solomon Islands,2007,SE.XPD.TOTL.GD.ZS,7.33327007293701
SOM,"Somalia, Fed. Rep.",2023,SE.XPD.TOTL.GD.ZS,8.14262404011e-06
SOM,"Somalia, Fed. Rep.",2022,SE.XPD.TOTL.GD.ZS,7.21674775437e-06
SOM,"Somalia, Fed. Rep.",2021,SE.XPD.TOTL.GD.ZS,6.75308344309e-06
SOM,"Somalia, Fed. Rep.",2020,SE.XPD.TOTL.GD.ZS,6.12054361034e-06
SOM,"Somalia, Fed. Rep.",2019,SE.XPD.TOTL.GD.ZS,5.73281247182e-06
SOM,"Somalia, Fed. Rep.",2018,SE.XPD.TOTL.GD.ZS,4.00990834307e-06
ZAF,South Africa,2024,SE.XPD.TOTL.GD.ZS,6.02110004425049
ZAF,South Africa,2023,SE.XPD.TOTL.GD.ZS,6.12347984313965
ZAF,South Africa,2022,SE.XPD.TOTL.GD.ZS,6.15599012374878
ZAF,South Africa,2021,SE.XPD.TOTL.GD.ZS,6.5551700592041
ZAF,South Africa,2020,SE.XPD.TOTL.GD.ZS,6.17067003250122
ZAF,South Africa,2019,SE.XPD.TOTL.GD.ZS,5.91159009933472
ZAF,South Africa,2018,SE.XPD.TOTL.GD.ZS,5.64401006698608
ZAF,South Africa,2017,SE.XPD.TOTL.GD.ZS,5.59868001937866
ZAF,South Africa,2016,SE.XPD.TOTL.GD.ZS,5.4442400932312
ZAF,South Africa,2015,SE.XPD.TOTL.GD.ZS,5.48285007476807
ZAF,South Africa,2014,SE.XPD.TOTL.GD.ZS,5.48977994918823
ZAF,South Africa,2013,SE.XPD.TOTL.GD.ZS,5.35070991516113
ZAF,South Africa,2012,SE.XPD.TOTL.GD.ZS,5.52322006225586
ZAF,South Africa,2011,SE.XPD.TOTL.GD.ZS,5.28899002075195
ZAF,South Africa,2010,SE.XPD.TOTL.GD.ZS,5.13496017456055
ZAF,South Africa,2009,SE.XPD.TOTL.GD.ZS,4.76118993759155
ZAF,South Africa,2008,SE.XPD.TOTL.GD.ZS,4.37424993515015
ZAF,South Africa,2007,SE.XPD.TOTL.GD.ZS,4.44668006896973
ZAF,South Africa,2006,SE.XPD.TOTL.GD.ZS,4.52652978897095
ZAF,South Africa,2005,SE.XPD.TOTL.GD.ZS,4.5245099067688
SSD,South Sudan,2016,SE.XPD.TOTL.GD.ZS,1.56539228959694
SSD,South Sudan,2015,SE.XPD.TOTL.GD.ZS,1.46555995941162
SSD,South Sudan,2014,SE.XPD.TOTL.GD.ZS,1.23246002197266
SSD,South Sudan,2013,SE.XPD.TOTL.GD.ZS,1.02450001239777
SSD,South Sudan,2012,SE.XPD.TOTL.GD.ZS,1.57674938085481
SSD,South Sudan,2011,SE.XPD.TOTL.GD.ZS,0.962890028953552
SSD,South Sudan,2010,SE.XPD.TOTL.GD.ZS,1.04533007934585
ESP,Spain,2022,SE.XPD.TOTL.GD.ZS,4.58553981781006
ESP,Spain,2021,SE.XPD.TOTL.GD.ZS,4.81316995620728
ESP,Spain,2020,SE.XPD.TOTL.GD.ZS,4.85118007659912
ESP,Spain,2019,SE.XPD.TOTL.GD.ZS,4.20255994796753
ESP,Spain,2018,SE.XPD.TOTL.GD.ZS,4.15045022964478
ESP,Spain,2017,SE.XPD.TOTL.GD.ZS,4.17846012115479
ESP,Spain,2016,SE.XPD.TOTL.GD.ZS,4.19327020645142
ESP,Spain,2015,SE.XPD.TOTL.GD.ZS,4.24903011322021
ESP,Spain,2014,SE.XPD.TOTL.GD.ZS,4.27524995803833
ESP,Spain,2013,SE.XPD.TOTL.GD.ZS,4.32852983474731
ESP,Spain,2012,SE.XPD.TOTL.GD.ZS,4.46012020111084
ESP,Spain,2011,SE.XPD.TOTL.GD.ZS,4.71897983551025
ESP,Spain,2010,SE.XPD.TOTL.GD.ZS,4.83606004714966
ESP,Spain,2009,SE.XPD.TOTL.GD.ZS,4.89520978927612
ESP,Spain,2008,SE.XPD.TOTL.GD.ZS,4.51630020141602
ESP,Spain,2007,SE.XPD.TOTL.GD.ZS,4.24615001678467
ESP,Spain,2006,SE.XPD.TOTL.GD.ZS,4.17999982833862
ESP,Spain,2005,SE.XPD.TOTL.GD.ZS,4.14090013504028
LKA,Sri Lanka,2023,SE.XPD.TOTL.GD.ZS,1.82774571561927
LKA,Sri Lanka,2022,SE.XPD.TOTL.GD.ZS,1.20397218661186
LKA,Sri Lanka,2021,SE.XPD.TOTL.GD.ZS,1.50650579603928
LKA,Sri Lanka,2020,SE.XPD.TOTL.GD.ZS,1.55792392223723
LKA,Sri Lanka,2018,SE.XPD.TOTL.GD.ZS,1.98781001567841
LKA,Sri Lanka,2017,SE.XPD.TOTL.GD.ZS,2.59316992759705
LKA,Sri Lanka,2016,SE.XPD.TOTL.GD.ZS,3.22929000854492
LKA,Sri Lanka,2015,SE.XPD.TOTL.GD.ZS,2.10998010635376
LKA,Sri Lanka,2014,SE.XPD.TOTL.GD.ZS,1.85859000682831
LKA,Sri Lanka,2013,SE.XPD.TOTL.GD.ZS,1.5645899772644
LKA,Sri Lanka,2012,SE.XPD.TOTL.GD.ZS,1.45343005657196
LKA,Sri Lanka,2011,SE.XPD.TOTL.GD.ZS,1.74292004108429
LKA,Sri Lanka,2010,SE.XPD.TOTL.GD.ZS,1.66176998615265
LKA,Sri Lanka,2009,SE.XPD.TOTL.GD.ZS,2.05590009689331
KNA,St. Kitts and Nevis,2023,SE.XPD.TOTL.GD.ZS,3.49726171629099
KNA,St. Kitts and Nevis,2022,SE.XPD.TOTL.GD.ZS,3.5579615526858
KNA,St. Kitts and Nevis,2021,SE.XPD.TOTL.GD.ZS,2.78379011154175
KNA,St. Kitts and Nevis,2020,SE.XPD.TOTL.GD.ZS,3.10568635584663
KNA,St. Kitts and Nevis,2019,SE.XPD.TOTL.GD.ZS,2.72889566429639
KNA,St. Kitts and Nevis,2018,SE.XPD.TOTL.GD.ZS,3.03524983830349
KNA,St. Kitts and Nevis,2017,SE.XPD.TOTL.GD.ZS,2.77100327979144
KNA,St. Kitts and Nevis,2016,SE.XPD.TOTL.GD.ZS,3.00076147453842
KNA,St. Kitts and Nevis,2015,SE.XPD.TOTL.GD.ZS,2.54938006401062
KNA,St. Kitts and Nevis,2014,SE.XPD.TOTL.GD.ZS,2.85307503792741
KNA,St. Kitts and Nevis,2013,SE.XPD.TOTL.GD.ZS,3.26205857202123
KNA,St. Kitts and Nevis,2012,SE.XPD.TOTL.GD.ZS,2.49200145387318
KNA,St. Kitts and Nevis,2011,SE.XPD.TOTL.GD.ZS,2.49706527276352
KNA,St. Kitts and Nevis,2010,SE.XPD.TOTL.GD.ZS,2.54554015619203
KNA,St. Kitts and Nevis,2007,SE.XPD.TOTL.GD.ZS,4.1938099861145
KNA,St. Kitts and Nevis,2006,SE.XPD.TOTL.GD.ZS,4.05925989151001
KNA,St. Kitts and Nevis,2005,SE.XPD.TOTL.GD.ZS,3.83144998550415
LCA,St. Lucia,2024,SE.XPD.TOTL.GD.ZS,3.84700018653403
LCA,St. Lucia,2023,SE.XPD.TOTL.GD.ZS,2.74211001396179
LCA,St. Lucia,2022,SE.XPD.TOTL.GD.ZS,4.64235019683838
LCA,St. Lucia,2021,SE.XPD.TOTL.GD.ZS,5.86197746335882
LCA,St. Lucia,2020,SE.XPD.TOTL.GD.ZS,3.61522006988525
LCA,St. Lucia,2019,SE.XPD.TOTL.GD.ZS,3.27267003059387
LCA,St. Lucia,2018,SE.XPD.TOTL.GD.ZS,3.33277988433838
LCA,St. Lucia,2017,SE.XPD.TOTL.GD.ZS,3.6273152206015
LCA,St. Lucia,2016,SE.XPD.TOTL.GD.ZS,5.20954990386963
LCA,St. Lucia,2015,SE.XPD.TOTL.GD.ZS,3.88088011741638
LCA,St. Lucia,2014,SE.XPD.TOTL.GD.ZS,3.89103007316589
LCA,St. Lucia,2013,SE.XPD.TOTL.GD.ZS,3.87661004066467
LCA,St. Lucia,2012,SE.XPD.TOTL.GD.ZS,3.29098010063171
LCA,St. Lucia,2011,SE.XPD.TOTL.GD.ZS,3.5988199710846
LCA,St. Lucia,2010,SE.XPD.TOTL.GD.ZS,3.4828999042511
LCA,St. Lucia,2009,SE.XPD.TOTL.GD.ZS,3.0676600933075
LCA,St. Lucia,2008,SE.XPD.TOTL.GD.ZS,4.48353004455566
LCA,St. Lucia,2006,SE.XPD.TOTL.GD.ZS,4.69669008255005
LCA,St. Lucia,2005,SE.XPD.TOTL.GD.ZS,4.23895978927612
VCT,St. Vincent and the Grenadines,2023,SE.XPD.TOTL.GD.ZS,6.4582691706334
VCT,St. Vincent and the Grenadines,2022,SE.XPD.TOTL.GD.ZS,7.07575034584772
VCT,St. Vincent and the Grenadines,2020,SE.XPD.TOTL.GD.ZS,5.46376310406546
VCT,St. Vincent and the Grenadines,2018,SE.XPD.TOTL.GD.ZS,5.22357988357544
VCT,St. Vincent and the Grenadines,2017,SE.XPD.TOTL.GD.ZS,5.37974977493286
VCT,St. Vincent and the Grenadines,2016,SE.XPD.TOTL.GD.ZS,5.45265007019043
VCT,St. Vincent and the Grenadines,2015,SE.XPD.TOTL.GD.ZS,4.95614634835429
VCT,St. Vincent and the Grenadines,2010,SE.XPD.TOTL.GD.ZS,4.80839014053345
VCT,St. Vincent and the Grenadines,2009,SE.XPD.TOTL.GD.ZS,5.3761100769043
VCT,St. Vincent and the Grenadines,2007,SE.XPD.TOTL.GD.ZS,5.43937015533447
VCT,St. Vincent and the Grenadines,2005,SE.XPD.TOTL.GD.ZS,6.03082990646362
SDN,Sudan,2009,SE.XPD.TOTL.GD.ZS,2.02213001251221
SDN,Sudan,2008,SE.XPD.TOTL.GD.ZS,1.85150003433227
SDN,Sudan,2006,SE.XPD.TOTL.GD.ZS,1.55353999137878
SDN,Sudan,2005,SE.XPD.TOTL.GD.ZS,1.17842996120453
SUR,Suriname,2023,SE.XPD.TOTL.GD.ZS,2.86623341491363
SUR,Suriname,2022,SE.XPD.TOTL.GD.ZS,3.43460841988051
SUR,Suriname,2021,SE.XPD.TOTL.GD.ZS,4.13154972947739
SUR,Suriname,2020,SE.XPD.TOTL.GD.ZS,4.58425708265782
SUR,Suriname,2019,SE.XPD.TOTL.GD.ZS,6.77857289012664
SUR,Suriname,2018,SE.XPD.TOTL.GD.ZS,4.92259355761269
SUR,Suriname,2017,SE.XPD.TOTL.GD.ZS,5.45861311514349
SUR,Suriname,2016,SE.XPD.TOTL.GD.ZS,5.64051904970974
SUR,Suriname,2015,SE.XPD.TOTL.GD.ZS,5.53479610522553
SWE,Sweden,2022,SE.XPD.TOTL.GD.ZS,7.31909990310669
SWE,Sweden,2021,SE.XPD.TOTL.GD.ZS,7.60224008560181
SWE,Sweden,2020,SE.XPD.TOTL.GD.ZS,7.95333003997803
SWE,Sweden,2019,SE.XPD.TOTL.GD.ZS,7.66307020187378
SWE,Sweden,2018,SE.XPD.TOTL.GD.ZS,7.69825983047485
SWE,Sweden,2017,SE.XPD.TOTL.GD.ZS,7.63849020004272
SWE,Sweden,2016,SE.XPD.TOTL.GD.ZS,7.63991022109985
SWE,Sweden,2015,SE.XPD.TOTL.GD.ZS,7.49442005157471
SWE,Sweden,2014,SE.XPD.TOTL.GD.ZS,7.62924003601074
SWE,Sweden,2013,SE.XPD.TOTL.GD.ZS,7.6465802192688
SWE,Sweden,2012,SE.XPD.TOTL.GD.ZS,7.57456016540527
SWE,Sweden,2011,SE.XPD.TOTL.GD.ZS,6.40655994415283
SWE,Sweden,2010,SE.XPD.TOTL.GD.ZS,6.56318998336792
SWE,Sweden,2009,SE.XPD.TOTL.GD.ZS,6.78425979614258
SWE,Sweden,2008,SE.XPD.TOTL.GD.ZS,6.38263988494873
SWE,Sweden,2007,SE.XPD.TOTL.GD.ZS,6.18673992156982
SWE,Sweden,2006,SE.XPD.TOTL.GD.ZS,6.37277984619141
SWE,Sweden,2005,SE.XPD.TOTL.GD.ZS,6.51516008377075
CHE,Switzerland,2022,SE.XPD.TOTL.GD.ZS,4.86427021026611
CHE,Switzerland,2021,SE.XPD.TOTL.GD.ZS,5.02535009384155
CHE,Switzerland,2020,SE.XPD.TOTL.GD.ZS,5.27676010131836
CHE,Switzerland,2019,SE.XPD.TOTL.GD.ZS,5.01438999176025
CHE,Switzerland,2018,SE.XPD.TOTL.GD.ZS,4.9300799369812
CHE,Switzerland,2017,SE.XPD.TOTL.GD.ZS,5.01765012741089
CHE,Switzerland,2016,SE.XPD.TOTL.GD.ZS,4.98164987564087
CHE,Switzerland,2015,SE.XPD.TOTL.GD.ZS,4.99560022354126
CHE,Switzerland,2014,SE.XPD.TOTL.GD.ZS,4.93057012557983
CHE,Switzerland,2013,SE.XPD.TOTL.GD.ZS,4.91392993927002
CHE,Switzerland,2012,SE.XPD.TOTL.GD.ZS,4.89862012863159
CHE,Switzerland,2011,SE.XPD.TOTL.GD.ZS,4.85663986206055
CHE,Switzerland,2010,SE.XPD.TOTL.GD.ZS,4.80210018157959
CHE,Switzerland,2009,SE.XPD.TOTL.GD.ZS,4.92561006546021
CHE,Switzerland,2008,SE.XPD.TOTL.GD.ZS,4.75724983215332
CHE,Switzerland,2007,SE.XPD.TOTL.GD.ZS,4.58396005630493
CHE,Switzerland,2006,SE.XPD.TOTL.GD.ZS,4.84120988845825
CHE,Switzerland,2005,SE.XPD.TOTL.GD.ZS,5.08472013473511
SYR,Syrian Arab Republic,2009,SE.XPD.TOTL.GD.ZS,5.13012981414795
SYR,Syrian Arab Republic,2008,SE.XPD.TOTL.GD.ZS,4.59525012969971
SYR,Syrian Arab Republic,2007,SE.XPD.TOTL.GD.ZS,4.86469984054565
SYR,Syrian Arab Republic,2006,SE.XPD.TOTL.GD.ZS,5.27966022491455
TJK,Tajikistan,2023,SE.XPD.TOTL.GD.ZS,5.43682120015444
TJK,Tajikistan,2022,SE.XPD.TOTL.GD.ZS,5.39829770599001
TJK,Tajikistan,2021,SE.XPD.TOTL.GD.ZS,4.38253082077599
TJK,Tajikistan,2020,SE.XPD.TOTL.GD.ZS,5.13516829187823
TJK,Tajikistan,2019,SE.XPD.TOTL.GD.ZS,5.48427628435415
TJK,Tajikistan,2018,SE.XPD.TOTL.GD.ZS,5.38508736377556
TJK,Tajikistan,2017,SE.XPD.TOTL.GD.ZS,5.54471764262202
TJK,Tajikistan,2016,SE.XPD.TOTL.GD.ZS,5.73094142576332
TJK,Tajikistan,2015,SE.XPD.TOTL.GD.ZS,4.96774005889893
TJK,Tajikistan,2014,SE.XPD.TOTL.GD.ZS,5.59398898966753
TJK,Tajikistan,2013,SE.XPD.TOTL.GD.ZS,5.29397617900035
TJK,Tajikistan,2012,SE.XPD.TOTL.GD.ZS,4.01803016662598
TJK,Tajikistan,2011,SE.XPD.TOTL.GD.ZS,3.93511009216309
TJK,Tajikistan,2010,SE.XPD.TOTL.GD.ZS,4.00675010681152
TJK,Tajikistan,2009,SE.XPD.TOTL.GD.ZS,4.0983099937439
TJK,Tajikistan,2008,SE.XPD.TOTL.GD.ZS,3.45983004570007
TJK,Tajikistan,2007,SE.XPD.TOTL.GD.ZS,3.41326999664307
TJK,Tajikistan,2006,SE.XPD.TOTL.GD.ZS,3.40350008010864
TJK,Tajikistan,2005,SE.XPD.TOTL.GD.ZS,3.51213002204895
TZA,Tanzania,2024,SE.XPD.TOTL.GD.ZS,3.15504437906936
TZA,Tanzania,2023,SE.XPD.TOTL.GD.ZS,3.25853222146531
TZA,Tanzania,2022,SE.XPD.TOTL.GD.ZS,3.2382450375764
TZA,Tanzania,2021,SE.XPD.TOTL.GD.ZS,3.11515335288784
TZA,Tanzania,2020,SE.XPD.TOTL.GD.ZS,3.23097255920833
TZA,Tanzania,2019,SE.XPD.TOTL.GD.ZS,3.59683638888648
TZA,Tanzania,2018,SE.XPD.TOTL.GD.ZS,3.69962000846863
TZA,Tanzania,2017,SE.XPD.TOTL.GD.ZS,4.43052005767822
TZA,Tanzania,2016,SE.XPD.TOTL.GD.ZS,4.10196721791864
TZA,Tanzania,2015,SE.XPD.TOTL.GD.ZS,4.19486548285076
TZA,Tanzania,2014,SE.XPD.TOTL.GD.ZS,3.38488006591797
TZA,Tanzania,2013,SE.XPD.TOTL.GD.ZS,4.63769446369719
TZA,Tanzania,2012,SE.XPD.TOTL.GD.ZS,4.22964300342458
TZA,Tanzania,2011,SE.XPD.TOTL.GD.ZS,4.57789905920015
TZA,Tanzania,2010,SE.XPD.TOTL.GD.ZS,4.54169988632202
TZA,Tanzania,2009,SE.XPD.TOTL.GD.ZS,3.96075010299683
TZA,Tanzania,2008,SE.XPD.TOTL.GD.ZS,4.18591022491455
TZA,Tanzania,2007,SE.XPD.TOTL.GD.ZS,4.0334300994873
TZA,Tanzania,2006,SE.XPD.TOTL.GD.ZS,3.00991988182068
TZA,Tanzania,2005,SE.XPD.TOTL.GD.ZS,3.54747009277344
THA,Thailand,2023,SE.XPD.TOTL.GD.ZS,2.52122219628772
THA,Thailand,2022,SE.XPD.TOTL.GD.ZS,2.61187022798634
THA,Thailand,2021,SE.XPD.TOTL.GD.ZS,2.98212428478268
THA,Thailand,2020,SE.XPD.TOTL.GD.ZS,3.15314171737183
THA,Thailand,2019,SE.XPD.TOTL.GD.ZS,3.02221411183282
THA,Thailand,2018,SE.XPD.TOTL.GD.ZS,3.19769395901619
THA,Thailand,2017,SE.XPD.TOTL.GD.ZS,3.46532147640365
THA,Thailand,2016,SE.XPD.TOTL.GD.ZS,3.76761756770937
THA,Thailand,2015,SE.XPD.TOTL.GD.ZS,3.86397622727286
THA,Thailand,2014,SE.XPD.TOTL.GD.ZS,3.91917751852112
THA,Thailand,2013,SE.XPD.TOTL.GD.ZS,4.12401008605957
THA,Thailand,2012,SE.XPD.TOTL.GD.ZS,4.53672981262207
THA,Thailand,2011,SE.XPD.TOTL.GD.ZS,4.80556011199951
THA,Thailand,2010,SE.XPD.TOTL.GD.ZS,3.50846004486084
THA,Thailand,2009,SE.XPD.TOTL.GD.ZS,3.86193990707398
THA,Thailand,2008,SE.XPD.TOTL.GD.ZS,3.50850009918213
THA,Thailand,2007,SE.XPD.TOTL.GD.ZS,3.60314989089966
THA,Thailand,2006,SE.XPD.TOTL.GD.ZS,4.05038022994995
THA,Thailand,2005,SE.XPD.TOTL.GD.ZS,3.93859004974365
TLS,Timor-Leste,2023,SE.XPD.TOTL.GD.ZS,5.24052834781801
TLS,Timor-Leste,2021,SE.XPD.TOTL.GD.ZS,2.97389404101318
TLS,Timor-Leste,2020,SE.XPD.TOTL.GD.ZS,3.65287360437751
TLS,Timor-Leste,2019,SE.XPD.TOTL.GD.ZS,4.17968913742937
TLS,Timor-Leste,2018,SE.XPD.TOTL.GD.ZS,6.848060131073
TLS,Timor-Leste,2017,SE.XPD.TOTL.GD.ZS,7.17093992233276
TLS,Timor-Leste,2016,SE.XPD.TOTL.GD.ZS,8.12837982177734
TLS,Timor-Leste,2015,SE.XPD.TOTL.GD.ZS,8.46706962585449
TLS,Timor-Leste,2014,SE.XPD.TOTL.GD.ZS,7.51430988311768
TLS,Timor-Leste,2013,SE.XPD.TOTL.GD.ZS,5.66632986068726
TLS,Timor-Leste,2012,SE.XPD.TOTL.GD.ZS,7.16214990615845
TLS,Timor-Leste,2011,SE.XPD.TOTL.GD.ZS,10.1935195922852
TLS,Timor-Leste,2010,SE.XPD.TOTL.GD.ZS,11.1065797805786
TLS,Timor-Leste,2009,SE.XPD.TOTL.GD.ZS,12.9024801254272
TLS,Timor-Leste,2008,SE.XPD.TOTL.GD.ZS,8.67014980316162
TGO,Togo,2023,SE.XPD.TOTL.GD.ZS,4.14281885166484
TGO,Togo,2022,SE.XPD.TOTL.GD.ZS,3.77811083266775
TGO,Togo,2021,SE.XPD.TOTL.GD.ZS,4.22702442483079
TGO,Togo,2020,SE.XPD.TOTL.GD.ZS,4.08528017372931
TGO,Togo,2019,SE.XPD.TOTL.GD.ZS,4.20164196626882
TGO,Togo,2018,SE.XPD.TOTL.GD.ZS,4.09162998199463
TGO,Togo,2017,SE.XPD.TOTL.GD.ZS,3.76526999473572
TGO,Togo,2016,SE.XPD.TOTL.GD.ZS,3.6624801158905
TGO,Togo,2015,SE.XPD.TOTL.GD.ZS,3.71096992492676
TGO,Togo,2014,SE.XPD.TOTL.GD.ZS,3.4237699508667
TGO,Togo,2013,SE.XPD.TOTL.GD.ZS,3.17475008964539
TGO,Togo,2012,SE.XPD.TOTL.GD.ZS,3.37651991844177
TGO,Togo,2011,SE.XPD.TOTL.GD.ZS,3.07750010490417
TGO,Togo,2010,SE.XPD.TOTL.GD.ZS,2.95976996421814
TGO,Togo,2009,SE.XPD.TOTL.GD.ZS,2.76807999610901
TGO,Togo,2008,SE.XPD.TOTL.GD.ZS,2.38472008705139
TGO,Togo,2007,SE.XPD.TOTL.GD.ZS,2.48604011535644
TGO,Togo,2006,SE.XPD.TOTL.GD.ZS,2.43236994743347
TGO,Togo,2005,SE.XPD.TOTL.GD.ZS,2.23748993873596
TON,Tonga,2022,SE.XPD.TOTL.GD.ZS,5.31016278046634
TON,Tonga,2021,SE.XPD.TOTL.GD.ZS,5.162544372426
TON,Tonga,2020,SE.XPD.TOTL.GD.ZS,5.04883511346915
TON,Tonga,2019,SE.XPD.TOTL.GD.ZS,4.86170396202671
TON,Tonga,2018,SE.XPD.TOTL.GD.ZS,4.71514397196975
TON,Tonga,2017,SE.XPD.TOTL.GD.ZS,4.63626808288478
TTO,Trinidad and Tobago,2023,SE.XPD.TOTL.GD.ZS,3.23358011245727
TTO,Trinidad and Tobago,2022,SE.XPD.TOTL.GD.ZS,2.81801009178162
TTO,Trinidad and Tobago,2021,SE.XPD.TOTL.GD.ZS,3.04397988319397
TTO,Trinidad and Tobago,2020,SE.XPD.TOTL.GD.ZS,4.22041988372803
TTO,Trinidad and Tobago,2019,SE.XPD.TOTL.GD.ZS,3.55386116245268
TTO,Trinidad and Tobago,2018,SE.XPD.TOTL.GD.ZS,3.47141762674052
TTO,Trinidad and Tobago,2017,SE.XPD.TOTL.GD.ZS,3.3293687903123
TTO,Trinidad and Tobago,2016,SE.XPD.TOTL.GD.ZS,4.21428227509361
TTO,Trinidad and Tobago,2015,SE.XPD.TOTL.GD.ZS,4.42459330779419
TTO,Trinidad and Tobago,2014,SE.XPD.TOTL.GD.ZS,3.59013796983043
TTO,Trinidad and Tobago,2013,SE.XPD.TOTL.GD.ZS,3.75275872925405
TTO,Trinidad and Tobago,2012,SE.XPD.TOTL.GD.ZS,3.57398000577018
TTO,Trinidad and Tobago,2011,SE.XPD.TOTL.GD.ZS,3.85078840215008
TTO,Trinidad and Tobago,2010,SE.XPD.TOTL.GD.ZS,4.21155458844183
TUN,Tunisia,2023,SE.XPD.TOTL.GD.ZS,6.73398856321206
TUN,Tunisia,2022,SE.XPD.TOTL.GD.ZS,6.8049896073928
TUN,Tunisia,2021,SE.XPD.TOTL.GD.ZS,6.67984656240779
TUN,Tunisia,2020,SE.XPD.TOTL.GD.ZS,7.26507545467782
TUN,Tunisia,2019,SE.XPD.TOTL.GD.ZS,6.17373240410185
TUN,Tunisia,2015,SE.XPD.TOTL.GD.ZS,6.22044992446899
TUN,Tunisia,2012,SE.XPD.TOTL.GD.ZS,5.95086002349854
TUN,Tunisia,2010,SE.XPD.TOTL.GD.ZS,5.96306991577148
TUN,Tunisia,2009,SE.XPD.TOTL.GD.ZS,6.528480052948
TUN,Tunisia,2008,SE.XPD.TOTL.GD.ZS,6.27157020568848
TUN,Tunisia,2007,SE.XPD.TOTL.GD.ZS,6.46451997756958
TUN,Tunisia,2006,SE.XPD.TOTL.GD.ZS,6.43879985809326
TUN,Tunisia,2005,SE.XPD.TOTL.GD.ZS,6.4515700340271
TUR,Turkiye,2022,SE.XPD.TOTL.GD.ZS,3.09571003913879
TUR,Turkiye,2021,SE.XPD.TOTL.GD.ZS,3.53787994384766
TUR,Turkiye,2020,SE.XPD.TOTL.GD.ZS,4.03382015228271
TUR,Turkiye,2019,SE.XPD.TOTL.GD.ZS,4.44776010513306
TUR,Turkiye,2018,SE.XPD.TOTL.GD.ZS,4.29729986190796
TUR,Turkiye,2017,SE.XPD.TOTL.GD.ZS,4.32369995117188
TUR,Turkiye,2016,SE.XPD.TOTL.GD.ZS,4.62773990631104
TUR,Turkiye,2015,SE.XPD.TOTL.GD.ZS,4.30550003051758
TUR,Turkiye,2014,SE.XPD.TOTL.GD.ZS,4.41256999969482
TUR,Turkiye,2013,SE.XPD.TOTL.GD.ZS,4.34479999542236
TUR,Turkiye,2012,SE.XPD.TOTL.GD.ZS,4.38721990585327
TUR,Turkiye,2011,SE.XPD.TOTL.GD.ZS,4.22150993347168
TKM,Turkmenistan,2024,SE.XPD.TOTL.GD.ZS,4.28878021240234
TKM,Turkmenistan,2023,SE.XPD.TOTL.GD.ZS,2.71291995048523
TKM,Turkmenistan,2022,SE.XPD.TOTL.GD.ZS,3.58004999160767
TKM,Turkmenistan,2021,SE.XPD.TOTL.GD.ZS,3.8489100933075
TKM,Turkmenistan,2020,SE.XPD.TOTL.GD.ZS,3.76267004013061
TKM,Turkmenistan,2019,SE.XPD.TOTL.GD.ZS,3.12054991722107
TKM,Turkmenistan,2012,SE.XPD.TOTL.GD.ZS,3.04924988746643
TCA,Turks and Caicos Islands,2024,SE.XPD.TOTL.GD.ZS,2.94998113247616
TCA,Turks and Caicos Islands,2023,SE.XPD.TOTL.GD.ZS,2.68765461969981
TCA,Turks and Caicos Islands,2022,SE.XPD.TOTL.GD.ZS,2.77640008926392
TCA,Turks and Caicos Islands,2021,SE.XPD.TOTL.GD.ZS,3.27759003639221
TCA,Turks and Caicos Islands,2020,SE.XPD.TOTL.GD.ZS,2.46213795190062
TCA,Turks and Caicos Islands,2019,SE.XPD.TOTL.GD.ZS,2.12170004844665
TCA,Turks and Caicos Islands,2018,SE.XPD.TOTL.GD.ZS,2.7437698841095
TCA,Turks and Caicos Islands,2017,SE.XPD.TOTL.GD.ZS,2.47278207606746
TCA,Turks and Caicos Islands,2016,SE.XPD.TOTL.GD.ZS,2.90744573120893
TCA,Turks and Caicos Islands,2015,SE.XPD.TOTL.GD.ZS,3.09093999862671
TCA,Turks and Caicos Islands,2014,SE.XPD.TOTL.GD.ZS,2.74654631561921
TCA,Turks and Caicos Islands,2013,SE.XPD.TOTL.GD.ZS,2.80478695053816
TCA,Turks and Caicos Islands,2012,SE.XPD.TOTL.GD.ZS,2.69749326490282
TCA,Turks and Caicos Islands,2011,SE.XPD.TOTL.GD.ZS,3.16663368961357
TCA,Turks and Caicos Islands,2005,SE.XPD.TOTL.GD.ZS,2.54099988937378
TUV,Tuvalu,2023,SE.XPD.TOTL.GD.ZS,12.8456897735596
TUV,Tuvalu,2022,SE.XPD.TOTL.GD.ZS,13.7621912480198
TUV,Tuvalu,2021,SE.XPD.TOTL.GD.ZS,15.5155119679441
TUV,Tuvalu,2020,SE.XPD.TOTL.GD.ZS,14.5482776139014
UGA,Uganda,2022,SE.XPD.TOTL.GD.ZS,2.56105027176925
UGA,Uganda,2021,SE.XPD.TOTL.GD.ZS,2.63593612308533
UGA,Uganda,2020,SE.XPD.TOTL.GD.ZS,2.57222181308255
UGA,Uganda,2019,SE.XPD.TOTL.GD.ZS,2.30828081242322
UGA,Uganda,2018,SE.XPD.TOTL.GD.ZS,2.13052010536194
UGA,Uganda,2017,SE.XPD.TOTL.GD.ZS,2.25362992286682
UGA,Uganda,2016,SE.XPD.TOTL.GD.ZS,2.13789010047913
UGA,Uganda,2015,SE.XPD.TOTL.GD.ZS,2.32152009010315
UGA,Uganda,2014,SE.XPD.TOTL.GD.ZS,1.91472005844116
UGA,Uganda,2013,SE.XPD.TOTL.GD.ZS,1.87114000320435
UGA,Uganda,2012,SE.XPD.TOTL.GD.ZS,1.79746997356415
UGA,Uganda,2011,SE.XPD.TOTL.GD.ZS,2.29890990257263
UGA,Uganda,2010,SE.XPD.TOTL.GD.ZS,1.72739994525909
UKR,Ukraine,2021,SE.XPD.TOTL.GD.ZS,5.14010000228882
UKR,Ukraine,2020,SE.XPD.TOTL.GD.ZS,5.38230991363525
UKR,Ukraine,2019,SE.XPD.TOTL.GD.ZS,5.44129991531372
UKR,Ukraine,2018,SE.XPD.TOTL.GD.ZS,5.3199200630188
UKR,Ukraine,2017,SE.XPD.TOTL.GD.ZS,5.41706991195679
UKR,Ukraine,2016,SE.XPD.TOTL.GD.ZS,5.00976991653442
UKR,Ukraine,2015,SE.XPD.TOTL.GD.ZS,5.33951727495092
UKR,Ukraine,2014,SE.XPD.TOTL.GD.ZS,5.87491989135742
UKR,Ukraine,2013,SE.XPD.TOTL.GD.ZS,6.41987991333008
UKR,Ukraine,2012,SE.XPD.TOTL.GD.ZS,6.44267988204956
UKR,Ukraine,2011,SE.XPD.TOTL.GD.ZS,5.93769979476929
UKR,Ukraine,2009,SE.XPD.TOTL.GD.ZS,7.05074977874756
UKR,Ukraine,2008,SE.XPD.TOTL.GD.ZS,6.15242004394531
UKR,Ukraine,2007,SE.XPD.TOTL.GD.ZS,5.90244007110596
UKR,Ukraine,2006,SE.XPD.TOTL.GD.ZS,5.97945976257324
UKR,Ukraine,2005,SE.XPD.TOTL.GD.ZS,5.84819984436035
ARE,United Arab Emirates,2021,SE.XPD.TOTL.GD.ZS,3.89404010772705
ARE,United Arab Emirates,2020,SE.XPD.TOTL.GD.ZS,3.98417997360229
ARE,United Arab Emirates,2019,SE.XPD.TOTL.GD.ZS,3.86019992828369
GBR,United Kingdom,2021,SE.XPD.TOTL.GD.ZS,5.90681982040405
GBR,United Kingdom,2020,SE.XPD.TOTL.GD.ZS,5.43936014175415
GBR,United Kingdom,2019,SE.XPD.TOTL.GD.ZS,5.26116991043091
GBR,United Kingdom,2018,SE.XPD.TOTL.GD.ZS,5.20438003540039
GBR,United Kingdom,2017,SE.XPD.TOTL.GD.ZS,5.45254993438721
GBR,United Kingdom,2016,SE.XPD.TOTL.GD.ZS,5.42795991897583
GBR,United Kingdom,2015,SE.XPD.TOTL.GD.ZS,5.55453014373779
GBR,United Kingdom,2014,SE.XPD.TOTL.GD.ZS,5.60134983062744
GBR,United Kingdom,2013,SE.XPD.TOTL.GD.ZS,5.52529001235962
GBR,United Kingdom,2011,SE.XPD.TOTL.GD.ZS,5.57219982147217
GBR,United Kingdom,2010,SE.XPD.TOTL.GD.ZS,5.69868993759155
GBR,United Kingdom,2009,SE.XPD.TOTL.GD.ZS,5.06263017654419
GBR,United Kingdom,2008,SE.XPD.TOTL.GD.ZS,4.90972995758057
GBR,United Kingdom,2007,SE.XPD.TOTL.GD.ZS,4.9244499206543
GBR,United Kingdom,2006,SE.XPD.TOTL.GD.ZS,4.97648000717163
GBR,United Kingdom,2005,SE.XPD.TOTL.GD.ZS,4.92975997924805
USA,United States,2021,SE.XPD.TOTL.GD.ZS,5.42038011550903
USA,United States,2020,SE.XPD.TOTL.GD.ZS,5.39530992507935
USA,United States,2019,SE.XPD.TOTL.GD.ZS,4.95746994018555
USA,United States,2018,SE.XPD.TOTL.GD.ZS,4.89502000808716
USA,United States,2017,SE.XPD.TOTL.GD.ZS,5.09296989440918
USA,United States,2016,SE.XPD.TOTL.GD.ZS,4.78327989578247
USA,United States,2015,SE.XPD.TOTL.GD.ZS,4.93064022064209
URY,Uruguay,2023,SE.XPD.TOTL.GD.ZS,4.76461982727051
URY,Uruguay,2022,SE.XPD.TOTL.GD.ZS,4.4795298576355
URY,Uruguay,2021,SE.XPD.TOTL.GD.ZS,4.46211004257202
URY,Uruguay,2020,SE.XPD.TOTL.GD.ZS,4.55217981338501
URY,Uruguay,2019,SE.XPD.TOTL.GD.ZS,4.62834978103638
URY,Uruguay,2018,SE.XPD.TOTL.GD.ZS,4.60361003875732
URY,Uruguay,2017,SE.XPD.TOTL.GD.ZS,4.41787004470825
URY,Uruguay,2016,SE.XPD.TOTL.GD.ZS,4.36420011520386
URY,Uruguay,2015,SE.XPD.TOTL.GD.ZS,4.20636987686157
URY,Uruguay,2014,SE.XPD.TOTL.GD.ZS,4.26735019683838
URY,Uruguay,2013,SE.XPD.TOTL.GD.ZS,4.23893022537231
URY,Uruguay,2012,SE.XPD.TOTL.GD.ZS,4.09353338283242
URY,Uruguay,2011,SE.XPD.TOTL.GD.ZS,4.14937019348145
URY,Uruguay,2006,SE.XPD.TOTL.GD.ZS,2.85664010047913
URY,Uruguay,2005,SE.XPD.TOTL.GD.ZS,2.71476006507873
UZB,Uzbekistan,2023,SE.XPD.TOTL.GD.ZS,5.47287597270024
UZB,Uzbekistan,2022,SE.XPD.TOTL.GD.ZS,5.23477171022152
UZB,Uzbekistan,2021,SE.XPD.TOTL.GD.ZS,4.13580989837646
UZB,Uzbekistan,2020,SE.XPD.TOTL.GD.ZS,4.44021987915039
UZB,Uzbekistan,2019,SE.XPD.TOTL.GD.ZS,6.29534678547216
UZB,Uzbekistan,2018,SE.XPD.TOTL.GD.ZS,4.83589298172277
UZB,Uzbekistan,2017,SE.XPD.TOTL.GD.ZS,4.48249006271362
UZB,Uzbekistan,2016,SE.XPD.TOTL.GD.ZS,5.38089990615845
UZB,Uzbekistan,2015,SE.XPD.TOTL.GD.ZS,5.49444007873535
UZB,Uzbekistan,2014,SE.XPD.TOTL.GD.ZS,5.71325016021729
UZB,Uzbekistan,2013,SE.XPD.TOTL.GD.ZS,5.74191999435425
VUT,Vanuatu,2024,SE.XPD.TOTL.GD.ZS,7.63695001602173
VUT,Vanuatu,2023,SE.XPD.TOTL.GD.ZS,7.58135986328125
VUT,Vanuatu,2022,SE.XPD.TOTL.GD.ZS,10.7033456499063
VUT,Vanuatu,2021,SE.XPD.TOTL.GD.ZS,10.1102406419734
VUT,Vanuatu,2020,SE.XPD.TOTL.GD.ZS,2.17358994483948
VUT,Vanuatu,2019,SE.XPD.TOTL.GD.ZS,1.77407002449036
VUT,Vanuatu,2018,SE.XPD.TOTL.GD.ZS,8.60634669948001
VUT,Vanuatu,2017,SE.XPD.TOTL.GD.ZS,4.53353023529053
VUT,Vanuatu,2016,SE.XPD.TOTL.GD.ZS,7.67742589514444
VUT,Vanuatu,2015,SE.XPD.TOTL.GD.ZS,5.39081001281738
VUT,Vanuatu,2014,SE.XPD.TOTL.GD.ZS,5.17257022857666
VUT,Vanuatu,2009,SE.XPD.TOTL.GD.ZS,5.16051006317139
VUT,Vanuatu,2008,SE.XPD.TOTL.GD.ZS,5.95150995254517
VEN,"Venezuela, RB",2009,SE.XPD.TOTL.GD.ZS,6.87467002868652
VEN,"Venezuela, RB",2007,SE.XPD.TOTL.GD.ZS,3.62732005119324
VEN,"Venezuela, RB",2006,SE.XPD.TOTL.GD.ZS,3.66905999183655
VNM,Viet Nam,2022,SE.XPD.TOTL.GD.ZS,2.88738689372749
VNM,Viet Nam,2021,SE.XPD.TOTL.GD.ZS,2.94517488804327
VNM,Viet Nam,2020,SE.XPD.TOTL.GD.ZS,3.21652900152514
VNM,Viet Nam,2019,SE.XPD.TOTL.GD.ZS,3.08499832693462
VNM,Viet Nam,2018,SE.XPD.TOTL.GD.ZS,3.29537010192871
VNM,Viet Nam,2017,SE.XPD.TOTL.GD.ZS,3.41865686539527
VNM,Viet Nam,2016,SE.XPD.TOTL.GD.ZS,3.46906995773315
VNM,Viet Nam,2015,SE.XPD.TOTL.GD.ZS,3.41660449674943
VNM,Viet Nam,2014,SE.XPD.TOTL.GD.ZS,3.54012312110584
VNM,Viet Nam,2013,SE.XPD.TOTL.GD.ZS,4.52833986282349
VNM,Viet Nam,2012,SE.XPD.TOTL.GD.ZS,4.40817022323608
VNM,Viet Nam,2011,SE.XPD.TOTL.GD.ZS,3.7802300453186
VNM,Viet Nam,2010,SE.XPD.TOTL.GD.ZS,4.04594993591309
VNM,Viet Nam,2009,SE.XPD.TOTL.GD.ZS,4.81650018692017
VNM,Viet Nam,2008,SE.XPD.TOTL.GD.ZS,4.8867301940918
PSE,West Bank and Gaza,2021,SE.XPD.TOTL.GD.ZS,5.43442010879517
PSE,West Bank and Gaza,2017,SE.XPD.TOTL.GD.ZS,4.72153997421265
PSE,West Bank and Gaza,2016,SE.XPD.TOTL.GD.ZS,4.98296022415161
PSE,West Bank and Gaza,2015,SE.XPD.TOTL.GD.ZS,4.66321992874146
PSE,West Bank and Gaza,2013,SE.XPD.TOTL.GD.ZS,4.89467000961304
PSE,West Bank and Gaza,2012,SE.XPD.TOTL.GD.ZS,4.74210977554321
PSE,West Bank and Gaza,2011,SE.XPD.TOTL.GD.ZS,5.33527994155884
PSE,West Bank and Gaza,2010,SE.XPD.TOTL.GD.ZS,6.19167995452881
YEM,"Yemen, Rep.",2008,SE.XPD.TOTL.GD.ZS,5.15144014358521
ZMB,Zambia,2023,SE.XPD.TOTL.GD.ZS,4.07374933049157
ZMB,Zambia,2022,SE.XPD.TOTL.GD.ZS,3.65884092023983
ZMB,Zambia,2021,SE.XPD.TOTL.GD.ZS,3.11363465307753
ZMB,Zambia,2020,SE.XPD.TOTL.GD.ZS,3.94374100561712
ZMB,Zambia,2019,SE.XPD.TOTL.GD.ZS,4.4182401844799
ZMB,Zambia,2018,SE.XPD.TOTL.GD.ZS,4.73973989486694
ZMB,Zambia,2017,SE.XPD.TOTL.GD.ZS,3.72964000701904
ZMB,Zambia,2016,SE.XPD.TOTL.GD.ZS,3.74792003631592
ZMB,Zambia,2015,SE.XPD.TOTL.GD.ZS,4.62433004379272
ZMB,Zambia,2014,SE.XPD.TOTL.GD.ZS,5.15225706811611
ZMB,Zambia,2013,SE.XPD.TOTL.GD.ZS,3.71820710892018
ZMB,Zambia,2012,SE.XPD.TOTL.GD.ZS,3.69500242842903
ZMB,Zambia,2011,SE.XPD.TOTL.GD.ZS,3.35772272046971
ZMB,Zambia,2010,SE.XPD.TOTL.GD.ZS,3.41600445393739
ZMB,Zambia,2008,SE.XPD.TOTL.GD.ZS,1.0997200012207
ZMB,Zambia,2007,SE.XPD.TOTL.GD.ZS,1.24075996875763
ZMB,Zambia,2005,SE.XPD.TOTL.GD.ZS,1.73553001880646
ZWE,Zimbabwe,2023,SE.XPD.TOTL.GD.ZS,0.384771297211919
ZWE,Zimbabwe,2014,SE.XPD.TOTL.GD.ZS,6.13835396313315
ZWE,Zimbabwe,2013,SE.XPD.TOTL.GD.ZS,5.99598135667974
ZWE,Zimbabwe,2012,SE.XPD.TOTL.GD.ZS,6.07021391405834
ZWE,Zimbabwe,2010,SE.XPD.TOTL.GD.ZS,1.54405574575827
