country_code,country_name,year,indicator_code,value
AFE,Africa Eastern and Southern,2025,SL.UEM.TOTL.ZS,7.53923324035891
AFE,Africa Eastern and Southern,2024,SL.UEM.TOTL.ZS,7.57169749274654
AFE,Africa Eastern and Southern,2023,SL.UEM.TOTL.ZS,7.67654773372157
AFE,Africa Eastern and Southern,2022,SL.UEM.TOTL.ZS,7.86947018999245
AFE,Africa Eastern and Southern,2021,SL.UEM.TOTL.ZS,8.40741154700022
AFE,Africa Eastern and Southern,2020,SL.UEM.TOTL.ZS,7.97430164130982
AFE,Africa Eastern and Southern,2019,SL.UEM.TOTL.ZS,7.45910636823544
AFE,Africa Eastern and Southern,2018,SL.UEM.TOTL.ZS,7.24484282680541
AFE,Africa Eastern and Southern,2017,SL.UEM.TOTL.ZS,7.21491501896869
AFE,Africa Eastern and Southern,2016,SL.UEM.TOTL.ZS,7.07442880999326
AFE,Africa Eastern and Southern,2015,SL.UEM.TOTL.ZS,6.9309412585873
AFE,Africa Eastern and Southern,2014,SL.UEM.TOTL.ZS,6.86242857576034
AFE,Africa Eastern and Southern,2013,SL.UEM.TOTL.ZS,6.88972223038428
AFE,Africa Eastern and Southern,2012,SL.UEM.TOTL.ZS,7.10873740350119
AFE,Africa Eastern and Southern,2011,SL.UEM.TOTL.ZS,7.303350943492
AFE,Africa Eastern and Southern,2010,SL.UEM.TOTL.ZS,7.33948885318777
AFE,Africa Eastern and Southern,2009,SL.UEM.TOTL.ZS,7.02933493362019
AFE,Africa Eastern and Southern,2008,SL.UEM.TOTL.ZS,6.95926232871186
AFE,Africa Eastern and Southern,2007,SL.UEM.TOTL.ZS,6.98058891496815
AFE,Africa Eastern and Southern,2006,SL.UEM.TOTL.ZS,7.03560059961336
AFE,Africa Eastern and Southern,2005,SL.UEM.TOTL.ZS,7.10041371887931
AFW,Africa Western and Central,2025,SL.UEM.TOTL.ZS,3.19297271435272
AFW,Africa Western and Central,2024,SL.UEM.TOTL.ZS,3.17491538811068
AFW,Africa Western and Central,2023,SL.UEM.TOTL.ZS,3.20335496340002
AFW,Africa Western and Central,2022,SL.UEM.TOTL.ZS,3.59653801462938
AFW,Africa Western and Central,2021,SL.UEM.TOTL.ZS,4.67076109003218
AFW,Africa Western and Central,2020,SL.UEM.TOTL.ZS,4.7993062016358
AFW,Africa Western and Central,2019,SL.UEM.TOTL.ZS,4.39390284484525
AFW,Africa Western and Central,2018,SL.UEM.TOTL.ZS,4.33609979249296
AFW,Africa Western and Central,2017,SL.UEM.TOTL.ZS,4.28464574730964
AFW,Africa Western and Central,2016,SL.UEM.TOTL.ZS,4.16910166908106
AFW,Africa Western and Central,2015,SL.UEM.TOTL.ZS,4.1727731083969
AFW,Africa Western and Central,2014,SL.UEM.TOTL.ZS,3.89018286622866
AFW,Africa Western and Central,2013,SL.UEM.TOTL.ZS,3.71010995935874
AFW,Africa Western and Central,2012,SL.UEM.TOTL.ZS,3.98291438560293
AFW,Africa Western and Central,2011,SL.UEM.TOTL.ZS,3.97007365881551
AFW,Africa Western and Central,2010,SL.UEM.TOTL.ZS,3.99179170645225
AFW,Africa Western and Central,2009,SL.UEM.TOTL.ZS,4.00441257217998
AFW,Africa Western and Central,2008,SL.UEM.TOTL.ZS,3.96808904592347
AFW,Africa Western and Central,2007,SL.UEM.TOTL.ZS,3.94820495192994
AFW,Africa Western and Central,2006,SL.UEM.TOTL.ZS,3.96900207619704
AFW,Africa Western and Central,2005,SL.UEM.TOTL.ZS,4.09641162927698
ARB,Arab World,2025,SL.UEM.TOTL.ZS,9.19017299614363
ARB,Arab World,2024,SL.UEM.TOTL.ZS,9.26592419265215
ARB,Arab World,2023,SL.UEM.TOTL.ZS,9.31338863204988
ARB,Arab World,2022,SL.UEM.TOTL.ZS,9.74413095599936
ARB,Arab World,2021,SL.UEM.TOTL.ZS,10.8627489086684
ARB,Arab World,2020,SL.UEM.TOTL.ZS,11.2951503646669
ARB,Arab World,2019,SL.UEM.TOTL.ZS,10.2137182910936
ARB,Arab World,2018,SL.UEM.TOTL.ZS,10.6546406452031
ARB,Arab World,2017,SL.UEM.TOTL.ZS,11.1152019032057
ARB,Arab World,2016,SL.UEM.TOTL.ZS,10.8617161429412
ARB,Arab World,2015,SL.UEM.TOTL.ZS,11.1524464292006
ARB,Arab World,2014,SL.UEM.TOTL.ZS,11.0319261608507
ARB,Arab World,2013,SL.UEM.TOTL.ZS,11.0350018909533
ARB,Arab World,2012,SL.UEM.TOTL.ZS,11.0650966632009
ARB,Arab World,2011,SL.UEM.TOTL.ZS,10.6873951414609
ARB,Arab World,2010,SL.UEM.TOTL.ZS,9.57178825247491
ARB,Arab World,2009,SL.UEM.TOTL.ZS,9.46079216862091
ARB,Arab World,2008,SL.UEM.TOTL.ZS,9.87515901443002
ARB,Arab World,2007,SL.UEM.TOTL.ZS,10.1456780757217
ARB,Arab World,2006,SL.UEM.TOTL.ZS,10.5176425576734
ARB,Arab World,2005,SL.UEM.TOTL.ZS,11.2344112966755
CSS,Caribbean small states,2025,SL.UEM.TOTL.ZS,7.55485245853424
CSS,Caribbean small states,2024,SL.UEM.TOTL.ZS,7.49180699898505
CSS,Caribbean small states,2023,SL.UEM.TOTL.ZS,7.51281290895946
CSS,Caribbean small states,2022,SL.UEM.TOTL.ZS,8.29867755889038
CSS,Caribbean small states,2021,SL.UEM.TOTL.ZS,9.71327125079923
CSS,Caribbean small states,2020,SL.UEM.TOTL.ZS,9.95181592662355
CSS,Caribbean small states,2019,SL.UEM.TOTL.ZS,8.21142514691839
CSS,Caribbean small states,2018,SL.UEM.TOTL.ZS,8.59708625490841
CSS,Caribbean small states,2017,SL.UEM.TOTL.ZS,8.24674002522057
CSS,Caribbean small states,2016,SL.UEM.TOTL.ZS,8.52897625860849
CSS,Caribbean small states,2015,SL.UEM.TOTL.ZS,8.22453564269079
CSS,Caribbean small states,2014,SL.UEM.TOTL.ZS,8.61294822432626
CSS,Caribbean small states,2013,SL.UEM.TOTL.ZS,8.87950796126762
CSS,Caribbean small states,2012,SL.UEM.TOTL.ZS,8.99563754734034
CSS,Caribbean small states,2011,SL.UEM.TOTL.ZS,8.82531756416261
CSS,Caribbean small states,2010,SL.UEM.TOTL.ZS,8.80934904598808
CSS,Caribbean small states,2009,SL.UEM.TOTL.ZS,9.18808540593253
CSS,Caribbean small states,2008,SL.UEM.TOTL.ZS,7.8711908829552
CSS,Caribbean small states,2007,SL.UEM.TOTL.ZS,8.1976990614565
CSS,Caribbean small states,2006,SL.UEM.TOTL.ZS,8.69394120180955
CSS,Caribbean small states,2005,SL.UEM.TOTL.ZS,9.98480572264988
CEB,Central Europe and the Baltics,2025,SL.UEM.TOTL.ZS,4.14260588932297
CEB,Central Europe and the Baltics,2024,SL.UEM.TOTL.ZS,4.00056350955849
CEB,Central Europe and the Baltics,2023,SL.UEM.TOTL.ZS,4.01230416616797
CEB,Central Europe and the Baltics,2022,SL.UEM.TOTL.ZS,3.96540582731722
CEB,Central Europe and the Baltics,2021,SL.UEM.TOTL.ZS,4.44508031221282
CEB,Central Europe and the Baltics,2020,SL.UEM.TOTL.ZS,4.3496421220328
CEB,Central Europe and the Baltics,2019,SL.UEM.TOTL.ZS,3.76072643211224
CEB,Central Europe and the Baltics,2018,SL.UEM.TOTL.ZS,4.29483445753775
CEB,Central Europe and the Baltics,2017,SL.UEM.TOTL.ZS,5.27719000843769
CEB,Central Europe and the Baltics,2016,SL.UEM.TOTL.ZS,6.47626986745334
CEB,Central Europe and the Baltics,2015,SL.UEM.TOTL.ZS,7.81260796234007
CEB,Central Europe and the Baltics,2014,SL.UEM.TOTL.ZS,8.87370489824698
CEB,Central Europe and the Baltics,2013,SL.UEM.TOTL.ZS,10.076189699493
CEB,Central Europe and the Baltics,2012,SL.UEM.TOTL.ZS,10.014837051229
CEB,Central Europe and the Baltics,2011,SL.UEM.TOTL.ZS,9.80960842319458
CEB,Central Europe and the Baltics,2010,SL.UEM.TOTL.ZS,9.92718738959061
CEB,Central Europe and the Baltics,2009,SL.UEM.TOTL.ZS,8.51650875155537
CEB,Central Europe and the Baltics,2008,SL.UEM.TOTL.ZS,6.60116715977237
CEB,Central Europe and the Baltics,2007,SL.UEM.TOTL.ZS,7.80912922603523
CEB,Central Europe and the Baltics,2006,SL.UEM.TOTL.ZS,10.124914494498
CEB,Central Europe and the Baltics,2005,SL.UEM.TOTL.ZS,12.0311529429654
EAR,Early-demographic dividend,2025,SL.UEM.TOTL.ZS,5.15217207899997
EAR,Early-demographic dividend,2024,SL.UEM.TOTL.ZS,5.14374777945389
EAR,Early-demographic dividend,2023,SL.UEM.TOTL.ZS,5.11313521249178
EAR,Early-demographic dividend,2022,SL.UEM.TOTL.ZS,5.64296814018676
EAR,Early-demographic dividend,2021,SL.UEM.TOTL.ZS,6.74359581980053
EAR,Early-demographic dividend,2020,SL.UEM.TOTL.ZS,7.36417086549936
EAR,Early-demographic dividend,2019,SL.UEM.TOTL.ZS,6.30970549335686
EAR,Early-demographic dividend,2018,SL.UEM.TOTL.ZS,6.77526130131479
EAR,Early-demographic dividend,2017,SL.UEM.TOTL.ZS,6.71806478492721
EAR,Early-demographic dividend,2016,SL.UEM.TOTL.ZS,6.7341480328496
EAR,Early-demographic dividend,2015,SL.UEM.TOTL.ZS,6.79324404164611
EAR,Early-demographic dividend,2014,SL.UEM.TOTL.ZS,6.61419058154874
EAR,Early-demographic dividend,2013,SL.UEM.TOTL.ZS,6.67711092742994
EAR,Early-demographic dividend,2012,SL.UEM.TOTL.ZS,6.70184146782176
EAR,Early-demographic dividend,2011,SL.UEM.TOTL.ZS,6.60736243902951
EAR,Early-demographic dividend,2010,SL.UEM.TOTL.ZS,6.69836499671353
EAR,Early-demographic dividend,2009,SL.UEM.TOTL.ZS,6.88223725605258
EAR,Early-demographic dividend,2008,SL.UEM.TOTL.ZS,6.76572719306619
EAR,Early-demographic dividend,2007,SL.UEM.TOTL.ZS,6.8238682430718
EAR,Early-demographic dividend,2006,SL.UEM.TOTL.ZS,6.88954096317128
EAR,Early-demographic dividend,2005,SL.UEM.TOTL.ZS,7.11332854467778
EAS,East Asia & Pacific,2025,SL.UEM.TOTL.ZS,3.80602951002153
EAS,East Asia & Pacific,2024,SL.UEM.TOTL.ZS,3.80594106189668
EAS,East Asia & Pacific,2023,SL.UEM.TOTL.ZS,3.86187012642211
EAS,East Asia & Pacific,2022,SL.UEM.TOTL.ZS,4.10032254258298
EAS,East Asia & Pacific,2021,SL.UEM.TOTL.ZS,4.06219092494546
EAS,East Asia & Pacific,2020,SL.UEM.TOTL.ZS,4.29658340250273
EAS,East Asia & Pacific,2019,SL.UEM.TOTL.ZS,3.82442011949597
EAS,East Asia & Pacific,2018,SL.UEM.TOTL.ZS,3.75442452697159
EAS,East Asia & Pacific,2017,SL.UEM.TOTL.ZS,3.87456480348735
EAS,East Asia & Pacific,2016,SL.UEM.TOTL.ZS,4.00393781457677
EAS,East Asia & Pacific,2015,SL.UEM.TOTL.ZS,4.08987694775025
EAS,East Asia & Pacific,2014,SL.UEM.TOTL.ZS,4.02541580416077
EAS,East Asia & Pacific,2013,SL.UEM.TOTL.ZS,4.05303743028521
EAS,East Asia & Pacific,2012,SL.UEM.TOTL.ZS,4.0605301268473
EAS,East Asia & Pacific,2011,SL.UEM.TOTL.ZS,4.13091004622057
EAS,East Asia & Pacific,2010,SL.UEM.TOTL.ZS,4.22455076502669
EAS,East Asia & Pacific,2009,SL.UEM.TOTL.ZS,4.47420796985744
EAS,East Asia & Pacific,2008,SL.UEM.TOTL.ZS,4.38194930101755
EAS,East Asia & Pacific,2007,SL.UEM.TOTL.ZS,4.30429852915007
EAS,East Asia & Pacific,2006,SL.UEM.TOTL.ZS,4.351012904116
EAS,East Asia & Pacific,2005,SL.UEM.TOTL.ZS,4.47463469156014
EAP,East Asia & Pacific (excluding high income),2025,SL.UEM.TOTL.ZS,3.91810951483912
EAP,East Asia & Pacific (excluding high income),2024,SL.UEM.TOTL.ZS,3.91370991631764
EAP,East Asia & Pacific (excluding high income),2023,SL.UEM.TOTL.ZS,3.97712381690091
EAP,East Asia & Pacific (excluding high income),2022,SL.UEM.TOTL.ZS,4.23491194246921
EAP,East Asia & Pacific (excluding high income),2021,SL.UEM.TOTL.ZS,4.13328662810016
EAP,East Asia & Pacific (excluding high income),2020,SL.UEM.TOTL.ZS,4.36943697408605
EAP,East Asia & Pacific (excluding high income),2019,SL.UEM.TOTL.ZS,3.90432643103478
EAP,East Asia & Pacific (excluding high income),2018,SL.UEM.TOTL.ZS,3.81235265554938
EAP,East Asia & Pacific (excluding high income),2017,SL.UEM.TOTL.ZS,3.9216662036523
EAP,East Asia & Pacific (excluding high income),2016,SL.UEM.TOTL.ZS,4.04312471702124
EAP,East Asia & Pacific (excluding high income),2015,SL.UEM.TOTL.ZS,4.12458341898818
EAP,East Asia & Pacific (excluding high income),2014,SL.UEM.TOTL.ZS,4.05030843985024
EAP,East Asia & Pacific (excluding high income),2013,SL.UEM.TOTL.ZS,4.05506180796151
EAP,East Asia & Pacific (excluding high income),2012,SL.UEM.TOTL.ZS,4.05276045051969
EAP,East Asia & Pacific (excluding high income),2011,SL.UEM.TOTL.ZS,4.11479448813573
EAP,East Asia & Pacific (excluding high income),2010,SL.UEM.TOTL.ZS,4.16370037437203
EAP,East Asia & Pacific (excluding high income),2009,SL.UEM.TOTL.ZS,4.42509624520043
EAP,East Asia & Pacific (excluding high income),2008,SL.UEM.TOTL.ZS,4.44442036989862
EAP,East Asia & Pacific (excluding high income),2007,SL.UEM.TOTL.ZS,4.36462589942474
EAP,East Asia & Pacific (excluding high income),2006,SL.UEM.TOTL.ZS,4.3836448453094
EAP,East Asia & Pacific (excluding high income),2005,SL.UEM.TOTL.ZS,4.49019174546575
TEA,East Asia & Pacific (IDA & IBRD countries),2025,SL.UEM.TOTL.ZS,3.92396383247478
TEA,East Asia & Pacific (IDA & IBRD countries),2024,SL.UEM.TOTL.ZS,3.91959262359653
TEA,East Asia & Pacific (IDA & IBRD countries),2023,SL.UEM.TOTL.ZS,3.98514803684521
TEA,East Asia & Pacific (IDA & IBRD countries),2022,SL.UEM.TOTL.ZS,4.24711639501186
TEA,East Asia & Pacific (IDA & IBRD countries),2021,SL.UEM.TOTL.ZS,4.14006542894987
TEA,East Asia & Pacific (IDA & IBRD countries),2020,SL.UEM.TOTL.ZS,4.38103635885362
TEA,East Asia & Pacific (IDA & IBRD countries),2019,SL.UEM.TOTL.ZS,3.91155753249547
TEA,East Asia & Pacific (IDA & IBRD countries),2018,SL.UEM.TOTL.ZS,3.81860609641702
TEA,East Asia & Pacific (IDA & IBRD countries),2017,SL.UEM.TOTL.ZS,3.92821339454137
TEA,East Asia & Pacific (IDA & IBRD countries),2016,SL.UEM.TOTL.ZS,4.0503221911626
TEA,East Asia & Pacific (IDA & IBRD countries),2015,SL.UEM.TOTL.ZS,4.13377205147225
TEA,East Asia & Pacific (IDA & IBRD countries),2014,SL.UEM.TOTL.ZS,4.05853741844698
TEA,East Asia & Pacific (IDA & IBRD countries),2013,SL.UEM.TOTL.ZS,4.06245777272466
TEA,East Asia & Pacific (IDA & IBRD countries),2012,SL.UEM.TOTL.ZS,4.06044851591873
TEA,East Asia & Pacific (IDA & IBRD countries),2011,SL.UEM.TOTL.ZS,4.12377298395066
TEA,East Asia & Pacific (IDA & IBRD countries),2010,SL.UEM.TOTL.ZS,4.17487787059342
TEA,East Asia & Pacific (IDA & IBRD countries),2009,SL.UEM.TOTL.ZS,4.43923742826889
TEA,East Asia & Pacific (IDA & IBRD countries),2008,SL.UEM.TOTL.ZS,4.45880440548548
TEA,East Asia & Pacific (IDA & IBRD countries),2007,SL.UEM.TOTL.ZS,4.37680263860099
TEA,East Asia & Pacific (IDA & IBRD countries),2006,SL.UEM.TOTL.ZS,4.3960838573092
TEA,East Asia & Pacific (IDA & IBRD countries),2005,SL.UEM.TOTL.ZS,4.50383702137591
EMU,Euro area,2025,SL.UEM.TOTL.ZS,6.28355946264135
EMU,Euro area,2024,SL.UEM.TOTL.ZS,6.34778064605911
EMU,Euro area,2023,SL.UEM.TOTL.ZS,6.52267389015226
EMU,Euro area,2022,SL.UEM.TOTL.ZS,6.72976967374639
EMU,Euro area,2021,SL.UEM.TOTL.ZS,7.69446992680361
EMU,Euro area,2020,SL.UEM.TOTL.ZS,7.78262585986041
EMU,Euro area,2019,SL.UEM.TOTL.ZS,7.44468187207381
EMU,Euro area,2018,SL.UEM.TOTL.ZS,8.089323082041
EMU,Euro area,2017,SL.UEM.TOTL.ZS,9.01311660134066
EMU,Euro area,2016,SL.UEM.TOTL.ZS,9.98608545604403
EMU,Euro area,2015,SL.UEM.TOTL.ZS,10.8477448563899
EMU,Euro area,2014,SL.UEM.TOTL.ZS,11.6207304139349
EMU,Euro area,2013,SL.UEM.TOTL.ZS,12.0184063277941
EMU,Euro area,2012,SL.UEM.TOTL.ZS,11.4328240980269
EMU,Euro area,2011,SL.UEM.TOTL.ZS,10.2805136631252
EMU,Euro area,2010,SL.UEM.TOTL.ZS,10.1761738210052
EMU,Euro area,2009,SL.UEM.TOTL.ZS,9.57439638727687
EMU,Euro area,2008,SL.UEM.TOTL.ZS,7.50283392231425
EMU,Euro area,2007,SL.UEM.TOTL.ZS,7.52316793797376
EMU,Euro area,2006,SL.UEM.TOTL.ZS,8.4404790481661
EMU,Euro area,2005,SL.UEM.TOTL.ZS,9.16921983218386
ECS,Europe & Central Asia,2025,SL.UEM.TOTL.ZS,5.35931988514529
ECS,Europe & Central Asia,2024,SL.UEM.TOTL.ZS,5.37221817940181
ECS,Europe & Central Asia,2023,SL.UEM.TOTL.ZS,5.55238526456095
ECS,Europe & Central Asia,2022,SL.UEM.TOTL.ZS,5.8460641099346
ECS,Europe & Central Asia,2021,SL.UEM.TOTL.ZS,6.90011121093882
ECS,Europe & Central Asia,2020,SL.UEM.TOTL.ZS,7.09507940679226
ECS,Europe & Central Asia,2019,SL.UEM.TOTL.ZS,6.62369460842729
ECS,Europe & Central Asia,2018,SL.UEM.TOTL.ZS,6.87656497801786
ECS,Europe & Central Asia,2017,SL.UEM.TOTL.ZS,7.48554226672131
ECS,Europe & Central Asia,2016,SL.UEM.TOTL.ZS,8.07810956714781
ECS,Europe & Central Asia,2015,SL.UEM.TOTL.ZS,8.55823248897774
ECS,Europe & Central Asia,2014,SL.UEM.TOTL.ZS,8.94532051297809
ECS,Europe & Central Asia,2013,SL.UEM.TOTL.ZS,9.26791651199215
ECS,Europe & Central Asia,2012,SL.UEM.TOTL.ZS,9.07096034933149
ECS,Europe & Central Asia,2011,SL.UEM.TOTL.ZS,8.8511592613399
ECS,Europe & Central Asia,2010,SL.UEM.TOTL.ZS,9.11732766770857
ECS,Europe & Central Asia,2009,SL.UEM.TOTL.ZS,9.05895187341576
ECS,Europe & Central Asia,2008,SL.UEM.TOTL.ZS,7.16897078667497
ECS,Europe & Central Asia,2007,SL.UEM.TOTL.ZS,7.24696438985174
ECS,Europe & Central Asia,2006,SL.UEM.TOTL.ZS,8.17297527475334
ECS,Europe & Central Asia,2005,SL.UEM.TOTL.ZS,8.7318165816003
ECA,Europe & Central Asia (excluding high income),2025,SL.UEM.TOTL.ZS,6.84424613953164
ECA,Europe & Central Asia (excluding high income),2024,SL.UEM.TOTL.ZS,6.90688667537961
ECA,Europe & Central Asia (excluding high income),2023,SL.UEM.TOTL.ZS,7.17961712726961
ECA,Europe & Central Asia (excluding high income),2022,SL.UEM.TOTL.ZS,7.71538545377934
ECA,Europe & Central Asia (excluding high income),2021,SL.UEM.TOTL.ZS,8.95407922243149
ECA,Europe & Central Asia (excluding high income),2020,SL.UEM.TOTL.ZS,9.26814225066227
ECA,Europe & Central Asia (excluding high income),2019,SL.UEM.TOTL.ZS,9.11807057814077
ECA,Europe & Central Asia (excluding high income),2018,SL.UEM.TOTL.ZS,8.61159005290134
ECA,Europe & Central Asia (excluding high income),2017,SL.UEM.TOTL.ZS,8.94336027365094
ECA,Europe & Central Asia (excluding high income),2016,SL.UEM.TOTL.ZS,9.03756351375215
ECA,Europe & Central Asia (excluding high income),2015,SL.UEM.TOTL.ZS,8.9610543144391
ECA,Europe & Central Asia (excluding high income),2014,SL.UEM.TOTL.ZS,8.96073635337147
ECA,Europe & Central Asia (excluding high income),2013,SL.UEM.TOTL.ZS,8.56358395138192
ECA,Europe & Central Asia (excluding high income),2012,SL.UEM.TOTL.ZS,8.60097981057876
ECA,Europe & Central Asia (excluding high income),2011,SL.UEM.TOTL.ZS,8.88391871872232
ECA,Europe & Central Asia (excluding high income),2010,SL.UEM.TOTL.ZS,9.54059516043394
ECA,Europe & Central Asia (excluding high income),2009,SL.UEM.TOTL.ZS,10.1856136243961
ECA,Europe & Central Asia (excluding high income),2008,SL.UEM.TOTL.ZS,8.58123430648126
ECA,Europe & Central Asia (excluding high income),2007,SL.UEM.TOTL.ZS,8.61312246579108
ECA,Europe & Central Asia (excluding high income),2006,SL.UEM.TOTL.ZS,9.15632666629247
ECA,Europe & Central Asia (excluding high income),2005,SL.UEM.TOTL.ZS,9.62072328847468
TEC,Europe & Central Asia (IDA & IBRD countries),2025,SL.UEM.TOTL.ZS,4.62126731959311
TEC,Europe & Central Asia (IDA & IBRD countries),2024,SL.UEM.TOTL.ZS,4.71563232155562
TEC,Europe & Central Asia (IDA & IBRD countries),2023,SL.UEM.TOTL.ZS,5.0769631792025
TEC,Europe & Central Asia (IDA & IBRD countries),2022,SL.UEM.TOTL.ZS,5.62584537984402
TEC,Europe & Central Asia (IDA & IBRD countries),2021,SL.UEM.TOTL.ZS,6.78803635122713
TEC,Europe & Central Asia (IDA & IBRD countries),2020,SL.UEM.TOTL.ZS,7.20291679357834
TEC,Europe & Central Asia (IDA & IBRD countries),2019,SL.UEM.TOTL.ZS,6.70220366105967
TEC,Europe & Central Asia (IDA & IBRD countries),2018,SL.UEM.TOTL.ZS,6.64992815855912
TEC,Europe & Central Asia (IDA & IBRD countries),2017,SL.UEM.TOTL.ZS,7.09014958895511
TEC,Europe & Central Asia (IDA & IBRD countries),2016,SL.UEM.TOTL.ZS,7.43861188713932
TEC,Europe & Central Asia (IDA & IBRD countries),2015,SL.UEM.TOTL.ZS,7.60801134268431
TEC,Europe & Central Asia (IDA & IBRD countries),2014,SL.UEM.TOTL.ZS,7.62801272694854
TEC,Europe & Central Asia (IDA & IBRD countries),2013,SL.UEM.TOTL.ZS,7.69053724382223
TEC,Europe & Central Asia (IDA & IBRD countries),2012,SL.UEM.TOTL.ZS,7.63560375277808
TEC,Europe & Central Asia (IDA & IBRD countries),2011,SL.UEM.TOTL.ZS,8.10364260938392
TEC,Europe & Central Asia (IDA & IBRD countries),2010,SL.UEM.TOTL.ZS,8.67633640799942
TEC,Europe & Central Asia (IDA & IBRD countries),2009,SL.UEM.TOTL.ZS,9.09793178837198
TEC,Europe & Central Asia (IDA & IBRD countries),2008,SL.UEM.TOTL.ZS,7.37988688857846
TEC,Europe & Central Asia (IDA & IBRD countries),2007,SL.UEM.TOTL.ZS,7.59407523011705
TEC,Europe & Central Asia (IDA & IBRD countries),2006,SL.UEM.TOTL.ZS,8.7030435256555
TEC,Europe & Central Asia (IDA & IBRD countries),2005,SL.UEM.TOTL.ZS,9.31364245463686
EUU,European Union,2025,SL.UEM.TOTL.ZS,5.92604538207809
EUU,European Union,2024,SL.UEM.TOTL.ZS,5.92300803762815
EUU,European Union,2023,SL.UEM.TOTL.ZS,6.02643653344515
EUU,European Union,2022,SL.UEM.TOTL.ZS,6.16137258045926
EUU,European Union,2021,SL.UEM.TOTL.ZS,7.02659354012655
EUU,European Union,2020,SL.UEM.TOTL.ZS,7.05471356704802
EUU,European Union,2019,SL.UEM.TOTL.ZS,6.67705052747452
EUU,European Union,2018,SL.UEM.TOTL.ZS,7.24247265095853
EUU,European Union,2017,SL.UEM.TOTL.ZS,8.13208945121752
EUU,European Union,2016,SL.UEM.TOTL.ZS,9.1056944627421
EUU,European Union,2015,SL.UEM.TOTL.ZS,10.0165353301996
EUU,European Union,2014,SL.UEM.TOTL.ZS,10.8255885011473
EUU,European Union,2013,SL.UEM.TOTL.ZS,11.3511730368596
EUU,European Union,2012,SL.UEM.TOTL.ZS,10.8758482088061
EUU,European Union,2011,SL.UEM.TOTL.ZS,9.92888294564936
EUU,European Union,2010,SL.UEM.TOTL.ZS,9.87327234610775
EUU,European Union,2009,SL.UEM.TOTL.ZS,9.21120412957521
EUU,European Union,2008,SL.UEM.TOTL.ZS,7.24163431745465
EUU,European Union,2007,SL.UEM.TOTL.ZS,7.5031053820411
EUU,European Union,2006,SL.UEM.TOTL.ZS,8.68896256105534
EUU,European Union,2005,SL.UEM.TOTL.ZS,9.63100586720302
HPC,Heavily indebted poor countries (HIPC),2025,SL.UEM.TOTL.ZS,4.14304356025997
HPC,Heavily indebted poor countries (HIPC),2024,SL.UEM.TOTL.ZS,4.1513349312603
HPC,Heavily indebted poor countries (HIPC),2023,SL.UEM.TOTL.ZS,4.19910039388827
HPC,Heavily indebted poor countries (HIPC),2022,SL.UEM.TOTL.ZS,4.43373072825994
HPC,Heavily indebted poor countries (HIPC),2021,SL.UEM.TOTL.ZS,4.93715177073133
HPC,Heavily indebted poor countries (HIPC),2020,SL.UEM.TOTL.ZS,5.02089641432522
HPC,Heavily indebted poor countries (HIPC),2019,SL.UEM.TOTL.ZS,4.32898652284681
HPC,Heavily indebted poor countries (HIPC),2018,SL.UEM.TOTL.ZS,4.33410256985773
HPC,Heavily indebted poor countries (HIPC),2017,SL.UEM.TOTL.ZS,4.36920088303381
HPC,Heavily indebted poor countries (HIPC),2016,SL.UEM.TOTL.ZS,4.36188759881032
HPC,Heavily indebted poor countries (HIPC),2015,SL.UEM.TOTL.ZS,4.42098675547524
HPC,Heavily indebted poor countries (HIPC),2014,SL.UEM.TOTL.ZS,4.29007836108981
HPC,Heavily indebted poor countries (HIPC),2013,SL.UEM.TOTL.ZS,4.27857896799128
HPC,Heavily indebted poor countries (HIPC),2012,SL.UEM.TOTL.ZS,4.56094900790948
HPC,Heavily indebted poor countries (HIPC),2011,SL.UEM.TOTL.ZS,4.74535045997051
HPC,Heavily indebted poor countries (HIPC),2010,SL.UEM.TOTL.ZS,4.78571428120254
HPC,Heavily indebted poor countries (HIPC),2009,SL.UEM.TOTL.ZS,4.57407582008614
HPC,Heavily indebted poor countries (HIPC),2008,SL.UEM.TOTL.ZS,4.5262370792047
HPC,Heavily indebted poor countries (HIPC),2007,SL.UEM.TOTL.ZS,4.54506136589078
HPC,Heavily indebted poor countries (HIPC),2006,SL.UEM.TOTL.ZS,4.59642816898817
HPC,Heavily indebted poor countries (HIPC),2005,SL.UEM.TOTL.ZS,4.68922289072775
,High income,2025,SL.UEM.TOTL.ZS,4.40673460951033
,High income,2024,SL.UEM.TOTL.ZS,4.36900295139978
,High income,2023,SL.UEM.TOTL.ZS,4.33657934041449
,High income,2022,SL.UEM.TOTL.ZS,4.50967974234969
,High income,2021,SL.UEM.TOTL.ZS,5.56341269080663
,High income,2020,SL.UEM.TOTL.ZS,6.46030036409899
,High income,2019,SL.UEM.TOTL.ZS,4.76095962548232
,High income,2018,SL.UEM.TOTL.ZS,5.0794494069113
,High income,2017,SL.UEM.TOTL.ZS,5.57808653810898
,High income,2016,SL.UEM.TOTL.ZS,6.11023166310052
,High income,2015,SL.UEM.TOTL.ZS,6.55114180038431
,High income,2014,SL.UEM.TOTL.ZS,7.03903527191047
,High income,2013,SL.UEM.TOTL.ZS,7.63564838816418
,High income,2012,SL.UEM.TOTL.ZS,7.72288058823355
,High income,2011,SL.UEM.TOTL.ZS,7.81133658494185
,High income,2010,SL.UEM.TOTL.ZS,8.18131945166258
,High income,2009,SL.UEM.TOTL.ZS,8.04050429042724
,High income,2008,SL.UEM.TOTL.ZS,5.93249084408943
,High income,2007,SL.UEM.TOTL.ZS,5.69663126724595
,High income,2006,SL.UEM.TOTL.ZS,6.3039356566465
,High income,2005,SL.UEM.TOTL.ZS,6.78167259931937
IBD,IBRD only,2025,SL.UEM.TOTL.ZS,4.97728646218035
IBD,IBRD only,2024,SL.UEM.TOTL.ZS,5.02160062447022
IBD,IBRD only,2023,SL.UEM.TOTL.ZS,5.11483631019168
IBD,IBRD only,2022,SL.UEM.TOTL.ZS,5.56994264084484
IBD,IBRD only,2021,SL.UEM.TOTL.ZS,6.31312953704222
IBD,IBRD only,2020,SL.UEM.TOTL.ZS,6.95128407575739
IBD,IBRD only,2019,SL.UEM.TOTL.ZS,6.06655916125813
IBD,IBRD only,2018,SL.UEM.TOTL.ZS,6.28190637378299
IBD,IBRD only,2017,SL.UEM.TOTL.ZS,6.39131744182123
IBD,IBRD only,2016,SL.UEM.TOTL.ZS,6.41617806380602
IBD,IBRD only,2015,SL.UEM.TOTL.ZS,6.30417535482962
IBD,IBRD only,2014,SL.UEM.TOTL.ZS,6.16790791106399
IBD,IBRD only,2013,SL.UEM.TOTL.ZS,6.18706162531591
IBD,IBRD only,2012,SL.UEM.TOTL.ZS,6.18009390756913
IBD,IBRD only,2011,SL.UEM.TOTL.ZS,6.26592646975982
IBD,IBRD only,2010,SL.UEM.TOTL.ZS,6.38041154792517
IBD,IBRD only,2009,SL.UEM.TOTL.ZS,6.61644359608536
IBD,IBRD only,2008,SL.UEM.TOTL.ZS,6.30181703865489
IBD,IBRD only,2007,SL.UEM.TOTL.ZS,6.33250535472639
IBD,IBRD only,2006,SL.UEM.TOTL.ZS,6.51847415278713
IBD,IBRD only,2005,SL.UEM.TOTL.ZS,6.7433312220245
IBT,IDA & IBRD total,2025,SL.UEM.TOTL.ZS,4.84350017425836
IBT,IDA & IBRD total,2024,SL.UEM.TOTL.ZS,4.87492589830662
IBT,IDA & IBRD total,2023,SL.UEM.TOTL.ZS,4.95229978677743
IBT,IDA & IBRD total,2022,SL.UEM.TOTL.ZS,5.38688118322023
IBT,IDA & IBRD total,2021,SL.UEM.TOTL.ZS,6.14426628538333
IBT,IDA & IBRD total,2020,SL.UEM.TOTL.ZS,6.61408029513375
IBT,IDA & IBRD total,2019,SL.UEM.TOTL.ZS,5.76754375212112
IBT,IDA & IBRD total,2018,SL.UEM.TOTL.ZS,5.91052378397874
IBT,IDA & IBRD total,2017,SL.UEM.TOTL.ZS,5.97437329582885
IBT,IDA & IBRD total,2016,SL.UEM.TOTL.ZS,5.9532852798488
IBT,IDA & IBRD total,2015,SL.UEM.TOTL.ZS,5.89281637093057
IBT,IDA & IBRD total,2014,SL.UEM.TOTL.ZS,5.72458407935885
IBT,IDA & IBRD total,2013,SL.UEM.TOTL.ZS,5.76329271095437
IBT,IDA & IBRD total,2012,SL.UEM.TOTL.ZS,5.80125250741964
IBT,IDA & IBRD total,2011,SL.UEM.TOTL.ZS,5.80496166155309
IBT,IDA & IBRD total,2010,SL.UEM.TOTL.ZS,5.89357507981921
IBT,IDA & IBRD total,2009,SL.UEM.TOTL.ZS,6.10349138905202
IBT,IDA & IBRD total,2008,SL.UEM.TOTL.ZS,5.84641495837857
IBT,IDA & IBRD total,2007,SL.UEM.TOTL.ZS,5.86213546063134
IBT,IDA & IBRD total,2006,SL.UEM.TOTL.ZS,6.01942694309996
IBT,IDA & IBRD total,2005,SL.UEM.TOTL.ZS,6.23544419009254
IDB,IDA blend,2025,SL.UEM.TOTL.ZS,4.42715825954522
IDB,IDA blend,2024,SL.UEM.TOTL.ZS,4.43949809013088
IDB,IDA blend,2023,SL.UEM.TOTL.ZS,4.36958257524396
IDB,IDA blend,2022,SL.UEM.TOTL.ZS,4.7445653467311
IDB,IDA blend,2021,SL.UEM.TOTL.ZS,5.813781237265
IDB,IDA blend,2020,SL.UEM.TOTL.ZS,5.79415278844651
IDB,IDA blend,2019,SL.UEM.TOTL.ZS,5.0804070213856
IDB,IDA blend,2018,SL.UEM.TOTL.ZS,4.76275439835545
IDB,IDA blend,2017,SL.UEM.TOTL.ZS,4.34851254345894
IDB,IDA blend,2016,SL.UEM.TOTL.ZS,3.73137542358032
IDB,IDA blend,2015,SL.UEM.TOTL.ZS,4.00215322009935
IDB,IDA blend,2014,SL.UEM.TOTL.ZS,3.3801313878636
IDB,IDA blend,2013,SL.UEM.TOTL.ZS,3.70433029886193
IDB,IDA blend,2012,SL.UEM.TOTL.ZS,4.08486021677751
IDB,IDA blend,2011,SL.UEM.TOTL.ZS,3.19533203358853
IDB,IDA blend,2010,SL.UEM.TOTL.ZS,3.14320402026914
IDB,IDA blend,2009,SL.UEM.TOTL.ZS,3.09853098089253
IDB,IDA blend,2008,SL.UEM.TOTL.ZS,3.04378002820466
IDB,IDA blend,2007,SL.UEM.TOTL.ZS,3.01249783655869
IDB,IDA blend,2006,SL.UEM.TOTL.ZS,3.13594252329219
IDB,IDA blend,2005,SL.UEM.TOTL.ZS,3.2286448044491
IDX,IDA only,2025,SL.UEM.TOTL.ZS,4.43073240687791
IDX,IDA only,2024,SL.UEM.TOTL.ZS,4.3967369419449
IDX,IDA only,2023,SL.UEM.TOTL.ZS,4.47548995238531
IDX,IDA only,2022,SL.UEM.TOTL.ZS,4.84575036237372
IDX,IDA only,2021,SL.UEM.TOTL.ZS,5.4758211874645
IDX,IDA only,2020,SL.UEM.TOTL.ZS,5.36883540058505
IDX,IDA only,2019,SL.UEM.TOTL.ZS,4.58715903592676
IDX,IDA only,2018,SL.UEM.TOTL.ZS,4.57603095021492
IDX,IDA only,2017,SL.UEM.TOTL.ZS,4.63010594547981
IDX,IDA only,2016,SL.UEM.TOTL.ZS,4.65649793185176
IDX,IDA only,2015,SL.UEM.TOTL.ZS,4.66516707695412
IDX,IDA only,2014,SL.UEM.TOTL.ZS,4.53885193995517
IDX,IDA only,2013,SL.UEM.TOTL.ZS,4.51023719758888
IDX,IDA only,2012,SL.UEM.TOTL.ZS,4.57527350048646
IDX,IDA only,2011,SL.UEM.TOTL.ZS,4.57016379793951
IDX,IDA only,2010,SL.UEM.TOTL.ZS,4.54322123586762
IDX,IDA only,2009,SL.UEM.TOTL.ZS,4.6806678937123
IDX,IDA only,2008,SL.UEM.TOTL.ZS,4.60439548603495
IDX,IDA only,2007,SL.UEM.TOTL.ZS,4.50752544150733
IDX,IDA only,2006,SL.UEM.TOTL.ZS,4.46410290906953
IDX,IDA only,2005,SL.UEM.TOTL.ZS,4.6516678563648
IDA,IDA total,2025,SL.UEM.TOTL.ZS,4.42940600465558
IDA,IDA total,2024,SL.UEM.TOTL.ZS,4.41260437296088
IDA,IDA total,2023,SL.UEM.TOTL.ZS,4.4365457830767
IDA,IDA total,2022,SL.UEM.TOTL.ZS,4.80930057278539
IDA,IDA total,2021,SL.UEM.TOTL.ZS,5.59743166548829
IDA,IDA total,2020,SL.UEM.TOTL.ZS,5.52030439819486
IDA,IDA total,2019,SL.UEM.TOTL.ZS,4.76341458315545
IDA,IDA total,2018,SL.UEM.TOTL.ZS,4.64268643897519
IDA,IDA total,2017,SL.UEM.TOTL.ZS,4.52920643847786
IDA,IDA total,2016,SL.UEM.TOTL.ZS,4.32363603508757
IDA,IDA total,2015,SL.UEM.TOTL.ZS,4.42667989026364
IDA,IDA total,2014,SL.UEM.TOTL.ZS,4.1251730610122
IDA,IDA total,2013,SL.UEM.TOTL.ZS,4.22340373585698
IDA,IDA total,2012,SL.UEM.TOTL.ZS,4.40051440115524
IDA,IDA total,2011,SL.UEM.TOTL.ZS,4.08445007343374
IDA,IDA total,2010,SL.UEM.TOTL.ZS,4.04830534732675
IDA,IDA total,2009,SL.UEM.TOTL.ZS,4.1230776222485
IDA,IDA total,2008,SL.UEM.TOTL.ZS,4.05687082523928
IDA,IDA total,2007,SL.UEM.TOTL.ZS,3.98489680875933
IDA,IDA total,2006,SL.UEM.TOTL.ZS,4.0014311767834
IDA,IDA total,2005,SL.UEM.TOTL.ZS,4.15643920973113
LTE,Late-demographic dividend,2025,SL.UEM.TOTL.ZS,4.49833547120506
LTE,Late-demographic dividend,2024,SL.UEM.TOTL.ZS,4.59750117083053
LTE,Late-demographic dividend,2023,SL.UEM.TOTL.ZS,4.795456897897
LTE,Late-demographic dividend,2022,SL.UEM.TOTL.ZS,5.19342173354142
LTE,Late-demographic dividend,2021,SL.UEM.TOTL.ZS,5.50538471355182
LTE,Late-demographic dividend,2020,SL.UEM.TOTL.ZS,5.93153762506637
LTE,Late-demographic dividend,2019,SL.UEM.TOTL.ZS,5.19591640696366
LTE,Late-demographic dividend,2018,SL.UEM.TOTL.ZS,5.05006029808032
LTE,Late-demographic dividend,2017,SL.UEM.TOTL.ZS,5.27038544833334
LTE,Late-demographic dividend,2016,SL.UEM.TOTL.ZS,5.2806539060794
LTE,Late-demographic dividend,2015,SL.UEM.TOTL.ZS,5.11139944235291
LTE,Late-demographic dividend,2014,SL.UEM.TOTL.ZS,4.93887259586478
LTE,Late-demographic dividend,2013,SL.UEM.TOTL.ZS,5.01097351607565
LTE,Late-demographic dividend,2012,SL.UEM.TOTL.ZS,5.02938218164513
LTE,Late-demographic dividend,2011,SL.UEM.TOTL.ZS,5.11922021804218
LTE,Late-demographic dividend,2010,SL.UEM.TOTL.ZS,5.25181815855478
LTE,Late-demographic dividend,2009,SL.UEM.TOTL.ZS,5.57785428299668
LTE,Late-demographic dividend,2008,SL.UEM.TOTL.ZS,5.14867990448764
LTE,Late-demographic dividend,2007,SL.UEM.TOTL.ZS,5.11709007503548
LTE,Late-demographic dividend,2006,SL.UEM.TOTL.ZS,5.38097826380605
LTE,Late-demographic dividend,2005,SL.UEM.TOTL.ZS,5.63125210477498
LCN,Latin America & Caribbean,2025,SL.UEM.TOTL.ZS,5.45907691012021
LCN,Latin America & Caribbean,2024,SL.UEM.TOTL.ZS,5.86943289832019
LCN,Latin America & Caribbean,2023,SL.UEM.TOTL.ZS,6.19254754786298
LCN,Latin America & Caribbean,2022,SL.UEM.TOTL.ZS,6.93153207639263
LCN,Latin America & Caribbean,2021,SL.UEM.TOTL.ZS,9.14468412313157
LCN,Latin America & Caribbean,2020,SL.UEM.TOTL.ZS,10.214072797585
LCN,Latin America & Caribbean,2019,SL.UEM.TOTL.ZS,8.00061467672947
LCN,Latin America & Caribbean,2018,SL.UEM.TOTL.ZS,7.93331984460849
LCN,Latin America & Caribbean,2017,SL.UEM.TOTL.ZS,8.02820612705932
LCN,Latin America & Caribbean,2016,SL.UEM.TOTL.ZS,7.73682468877475
LCN,Latin America & Caribbean,2015,SL.UEM.TOTL.ZS,6.67695891386519
LCN,Latin America & Caribbean,2014,SL.UEM.TOTL.ZS,6.18310613899892
LCN,Latin America & Caribbean,2013,SL.UEM.TOTL.ZS,6.37856594564285
LCN,Latin America & Caribbean,2012,SL.UEM.TOTL.ZS,6.42118292240463
LCN,Latin America & Caribbean,2011,SL.UEM.TOTL.ZS,6.71534566285068
LCN,Latin America & Caribbean,2010,SL.UEM.TOTL.ZS,7.21826756521545
LCN,Latin America & Caribbean,2009,SL.UEM.TOTL.ZS,7.81478715032184
LCN,Latin America & Caribbean,2008,SL.UEM.TOTL.ZS,6.83921032197309
LCN,Latin America & Caribbean,2007,SL.UEM.TOTL.ZS,7.22630490484512
LCN,Latin America & Caribbean,2006,SL.UEM.TOTL.ZS,7.61413600233204
LCN,Latin America & Caribbean,2005,SL.UEM.TOTL.ZS,8.23739951394743
LAC,Latin America & Caribbean (excluding high income),2025,SL.UEM.TOTL.ZS,5.28646121885159
LAC,Latin America & Caribbean (excluding high income),2024,SL.UEM.TOTL.ZS,5.7278348014991
LAC,Latin America & Caribbean (excluding high income),2023,SL.UEM.TOTL.ZS,6.06496995571875
LAC,Latin America & Caribbean (excluding high income),2022,SL.UEM.TOTL.ZS,6.83824311969363
LAC,Latin America & Caribbean (excluding high income),2021,SL.UEM.TOTL.ZS,9.08714668261223
LAC,Latin America & Caribbean (excluding high income),2020,SL.UEM.TOTL.ZS,10.1125058323335
LAC,Latin America & Caribbean (excluding high income),2019,SL.UEM.TOTL.ZS,8.0031866353429
LAC,Latin America & Caribbean (excluding high income),2018,SL.UEM.TOTL.ZS,7.9491088470884
LAC,Latin America & Caribbean (excluding high income),2017,SL.UEM.TOTL.ZS,8.06804526490034
LAC,Latin America & Caribbean (excluding high income),2016,SL.UEM.TOTL.ZS,7.76472151764398
LAC,Latin America & Caribbean (excluding high income),2015,SL.UEM.TOTL.ZS,6.6503628849075
LAC,Latin America & Caribbean (excluding high income),2014,SL.UEM.TOTL.ZS,6.11295170625168
LAC,Latin America & Caribbean (excluding high income),2013,SL.UEM.TOTL.ZS,6.33724541486795
LAC,Latin America & Caribbean (excluding high income),2012,SL.UEM.TOTL.ZS,6.35784018295865
LAC,Latin America & Caribbean (excluding high income),2011,SL.UEM.TOTL.ZS,6.63768103519111
LAC,Latin America & Caribbean (excluding high income),2010,SL.UEM.TOTL.ZS,7.13684615492128
LAC,Latin America & Caribbean (excluding high income),2009,SL.UEM.TOTL.ZS,7.67986013495104
LAC,Latin America & Caribbean (excluding high income),2008,SL.UEM.TOTL.ZS,6.7530751478709
LAC,Latin America & Caribbean (excluding high income),2007,SL.UEM.TOTL.ZS,7.18560904807712
LAC,Latin America & Caribbean (excluding high income),2006,SL.UEM.TOTL.ZS,7.55497236157597
LAC,Latin America & Caribbean (excluding high income),2005,SL.UEM.TOTL.ZS,8.18339925036928
TLA,Latin America & the Caribbean (IDA & IBRD countries),2025,SL.UEM.TOTL.ZS,5.50986634654456
TLA,Latin America & the Caribbean (IDA & IBRD countries),2024,SL.UEM.TOTL.ZS,5.9308852770292
TLA,Latin America & the Caribbean (IDA & IBRD countries),2023,SL.UEM.TOTL.ZS,6.26268991297245
TLA,Latin America & the Caribbean (IDA & IBRD countries),2022,SL.UEM.TOTL.ZS,7.01556949606688
TLA,Latin America & the Caribbean (IDA & IBRD countries),2021,SL.UEM.TOTL.ZS,9.26330031941499
TLA,Latin America & the Caribbean (IDA & IBRD countries),2020,SL.UEM.TOTL.ZS,10.355452107179
TLA,Latin America & the Caribbean (IDA & IBRD countries),2019,SL.UEM.TOTL.ZS,8.10633851896146
TLA,Latin America & the Caribbean (IDA & IBRD countries),2018,SL.UEM.TOTL.ZS,8.03589728630349
TLA,Latin America & the Caribbean (IDA & IBRD countries),2017,SL.UEM.TOTL.ZS,8.12865999426483
TLA,Latin America & the Caribbean (IDA & IBRD countries),2016,SL.UEM.TOTL.ZS,7.82039688517988
TLA,Latin America & the Caribbean (IDA & IBRD countries),2015,SL.UEM.TOTL.ZS,6.72924741273479
TLA,Latin America & the Caribbean (IDA & IBRD countries),2014,SL.UEM.TOTL.ZS,6.20935559864304
TLA,Latin America & the Caribbean (IDA & IBRD countries),2013,SL.UEM.TOTL.ZS,6.39401761164224
TLA,Latin America & the Caribbean (IDA & IBRD countries),2012,SL.UEM.TOTL.ZS,6.43477941830029
TLA,Latin America & the Caribbean (IDA & IBRD countries),2011,SL.UEM.TOTL.ZS,6.73516198738484
TLA,Latin America & the Caribbean (IDA & IBRD countries),2010,SL.UEM.TOTL.ZS,7.26042689855492
TLA,Latin America & the Caribbean (IDA & IBRD countries),2009,SL.UEM.TOTL.ZS,7.89406164784247
TLA,Latin America & the Caribbean (IDA & IBRD countries),2008,SL.UEM.TOTL.ZS,6.91574463042059
TLA,Latin America & the Caribbean (IDA & IBRD countries),2007,SL.UEM.TOTL.ZS,7.31214733545694
TLA,Latin America & the Caribbean (IDA & IBRD countries),2006,SL.UEM.TOTL.ZS,7.7076777430645
TLA,Latin America & the Caribbean (IDA & IBRD countries),2005,SL.UEM.TOTL.ZS,8.34365571129642
LDC,Least developed countries: UN classification,2025,SL.UEM.TOTL.ZS,4.66754018615311
LDC,Least developed countries: UN classification,2024,SL.UEM.TOTL.ZS,4.63280465033072
LDC,Least developed countries: UN classification,2023,SL.UEM.TOTL.ZS,4.70150733081641
LDC,Least developed countries: UN classification,2022,SL.UEM.TOTL.ZS,5.05335918611166
LDC,Least developed countries: UN classification,2021,SL.UEM.TOTL.ZS,5.73711716533604
LDC,Least developed countries: UN classification,2020,SL.UEM.TOTL.ZS,5.60086950090988
LDC,Least developed countries: UN classification,2019,SL.UEM.TOTL.ZS,4.87497607678154
LDC,Least developed countries: UN classification,2018,SL.UEM.TOTL.ZS,4.87754288880162
LDC,Least developed countries: UN classification,2017,SL.UEM.TOTL.ZS,4.95341590091408
LDC,Least developed countries: UN classification,2016,SL.UEM.TOTL.ZS,4.89297336347609
LDC,Least developed countries: UN classification,2015,SL.UEM.TOTL.ZS,4.8279816293117
LDC,Least developed countries: UN classification,2014,SL.UEM.TOTL.ZS,4.74956834449145
LDC,Least developed countries: UN classification,2013,SL.UEM.TOTL.ZS,4.78988464462384
LDC,Least developed countries: UN classification,2012,SL.UEM.TOTL.ZS,4.84635217073716
LDC,Least developed countries: UN classification,2011,SL.UEM.TOTL.ZS,4.85771679502528
LDC,Least developed countries: UN classification,2010,SL.UEM.TOTL.ZS,4.75811575185378
LDC,Least developed countries: UN classification,2009,SL.UEM.TOTL.ZS,4.8829128853627
LDC,Least developed countries: UN classification,2008,SL.UEM.TOTL.ZS,4.78702697123613
LDC,Least developed countries: UN classification,2007,SL.UEM.TOTL.ZS,4.72894569655668
LDC,Least developed countries: UN classification,2006,SL.UEM.TOTL.ZS,4.66764776059219
LDC,Least developed countries: UN classification,2005,SL.UEM.TOTL.ZS,4.78646677820371
LMY,Low & middle income,2025,SL.UEM.TOTL.ZS,4.88528914450382
LMY,Low & middle income,2024,SL.UEM.TOTL.ZS,4.91415352193048
LMY,Low & middle income,2023,SL.UEM.TOTL.ZS,4.97693562706687
LMY,Low & middle income,2022,SL.UEM.TOTL.ZS,5.41429545248604
LMY,Low & middle income,2021,SL.UEM.TOTL.ZS,6.16482463440876
LMY,Low & middle income,2020,SL.UEM.TOTL.ZS,6.61993043653694
LMY,Low & middle income,2019,SL.UEM.TOTL.ZS,5.79766416170734
LMY,Low & middle income,2018,SL.UEM.TOTL.ZS,5.93231543498439
LMY,Low & middle income,2017,SL.UEM.TOTL.ZS,5.97968341182999
LMY,Low & middle income,2016,SL.UEM.TOTL.ZS,5.93516153167366
LMY,Low & middle income,2015,SL.UEM.TOTL.ZS,5.85653298559457
LMY,Low & middle income,2014,SL.UEM.TOTL.ZS,5.67803935391165
LMY,Low & middle income,2013,SL.UEM.TOTL.ZS,5.7005501665021
LMY,Low & middle income,2012,SL.UEM.TOTL.ZS,5.74186303825936
LMY,Low & middle income,2011,SL.UEM.TOTL.ZS,5.71399266887495
LMY,Low & middle income,2010,SL.UEM.TOTL.ZS,5.77935702058715
LMY,Low & middle income,2009,SL.UEM.TOTL.ZS,5.97569476954537
LMY,Low & middle income,2008,SL.UEM.TOTL.ZS,5.7950809136433
LMY,Low & middle income,2007,SL.UEM.TOTL.ZS,5.79597099801048
LMY,Low & middle income,2006,SL.UEM.TOTL.ZS,5.88469145974764
LMY,Low & middle income,2005,SL.UEM.TOTL.ZS,6.07307040352156
,Low income,2025,SL.UEM.TOTL.ZS,4.89021265057929
,Low income,2024,SL.UEM.TOTL.ZS,4.89022892217814
,Low income,2023,SL.UEM.TOTL.ZS,5.07474818178355
,Low income,2022,SL.UEM.TOTL.ZS,5.26019458558182
,Low income,2021,SL.UEM.TOTL.ZS,5.83298884904326
,Low income,2020,SL.UEM.TOTL.ZS,5.80412040229029
,Low income,2019,SL.UEM.TOTL.ZS,5.12297180265082
,Low income,2018,SL.UEM.TOTL.ZS,5.08766017796121
,Low income,2017,SL.UEM.TOTL.ZS,5.14359043444685
,Low income,2016,SL.UEM.TOTL.ZS,5.04961130545723
,Low income,2015,SL.UEM.TOTL.ZS,4.94520983003529
,Low income,2014,SL.UEM.TOTL.ZS,4.82574056731072
,Low income,2013,SL.UEM.TOTL.ZS,4.83743364823059
,Low income,2012,SL.UEM.TOTL.ZS,5.02464737699713
,Low income,2011,SL.UEM.TOTL.ZS,4.93009373956315
,Low income,2010,SL.UEM.TOTL.ZS,4.88680873352339
,Low income,2009,SL.UEM.TOTL.ZS,4.73327277894085
,Low income,2008,SL.UEM.TOTL.ZS,4.84535966951225
,Low income,2007,SL.UEM.TOTL.ZS,4.71846521406053
,Low income,2006,SL.UEM.TOTL.ZS,4.67868387277946
,Low income,2005,SL.UEM.TOTL.ZS,4.68515443204862
,Lower middle income,2025,SL.UEM.TOTL.ZS,4.50434385605843
,Lower middle income,2024,SL.UEM.TOTL.ZS,4.47150579245463
,Lower middle income,2023,SL.UEM.TOTL.ZS,4.44638060849243
,Lower middle income,2022,SL.UEM.TOTL.ZS,4.99827575124402
,Lower middle income,2021,SL.UEM.TOTL.ZS,6.2565962013459
,Lower middle income,2020,SL.UEM.TOTL.ZS,7.01028456505462
,Lower middle income,2019,SL.UEM.TOTL.ZS,5.93973395532034
,Lower middle income,2018,SL.UEM.TOTL.ZS,6.50468294481071
,Lower middle income,2017,SL.UEM.TOTL.ZS,6.47118842422572
,Lower middle income,2016,SL.UEM.TOTL.ZS,6.39025580143606
,Lower middle income,2015,SL.UEM.TOTL.ZS,6.50959624268599
,Lower middle income,2014,SL.UEM.TOTL.ZS,6.37232192580877
,Lower middle income,2013,SL.UEM.TOTL.ZS,6.45704652862978
,Lower middle income,2012,SL.UEM.TOTL.ZS,6.4803901072349
,Lower middle income,2011,SL.UEM.TOTL.ZS,6.27731511483382
,Lower middle income,2010,SL.UEM.TOTL.ZS,6.16608125522985
,Lower middle income,2009,SL.UEM.TOTL.ZS,6.24199736272978
,Lower middle income,2008,SL.UEM.TOTL.ZS,6.18448761271065
,Lower middle income,2007,SL.UEM.TOTL.ZS,6.1604873702491
,Lower middle income,2006,SL.UEM.TOTL.ZS,6.25064125113883
,Lower middle income,2005,SL.UEM.TOTL.ZS,6.39814038693
MEA,"Middle East, North Africa, Afghanistan & Pakistan",2025,SL.UEM.TOTL.ZS,7.78205479742957
MEA,"Middle East, North Africa, Afghanistan & Pakistan",2024,SL.UEM.TOTL.ZS,7.84018773728947
MEA,"Middle East, North Africa, Afghanistan & Pakistan",2023,SL.UEM.TOTL.ZS,7.79272191834479
MEA,"Middle East, North Africa, Afghanistan & Pakistan",2022,SL.UEM.TOTL.ZS,8.23898776216766
MEA,"Middle East, North Africa, Afghanistan & Pakistan",2021,SL.UEM.TOTL.ZS,9.00366611562493
MEA,"Middle East, North Africa, Afghanistan & Pakistan",2020,SL.UEM.TOTL.ZS,9.14819309323363
MEA,"Middle East, North Africa, Afghanistan & Pakistan",2019,SL.UEM.TOTL.ZS,8.33082967841649
MEA,"Middle East, North Africa, Afghanistan & Pakistan",2018,SL.UEM.TOTL.ZS,8.53535637968998
MEA,"Middle East, North Africa, Afghanistan & Pakistan",2017,SL.UEM.TOTL.ZS,8.5198428948238
MEA,"Middle East, North Africa, Afghanistan & Pakistan",2016,SL.UEM.TOTL.ZS,8.0751146709309
MEA,"Middle East, North Africa, Afghanistan & Pakistan",2015,SL.UEM.TOTL.ZS,8.36498933286657
MEA,"Middle East, North Africa, Afghanistan & Pakistan",2014,SL.UEM.TOTL.ZS,7.64519859427481
MEA,"Middle East, North Africa, Afghanistan & Pakistan",2013,SL.UEM.TOTL.ZS,7.92975020058705
MEA,"Middle East, North Africa, Afghanistan & Pakistan",2012,SL.UEM.TOTL.ZS,8.34766826613965
MEA,"Middle East, North Africa, Afghanistan & Pakistan",2011,SL.UEM.TOTL.ZS,7.23452105809906
MEA,"Middle East, North Africa, Afghanistan & Pakistan",2010,SL.UEM.TOTL.ZS,6.85675050559872
MEA,"Middle East, North Africa, Afghanistan & Pakistan",2009,SL.UEM.TOTL.ZS,6.71404844364157
MEA,"Middle East, North Africa, Afghanistan & Pakistan",2008,SL.UEM.TOTL.ZS,6.58386551452509
MEA,"Middle East, North Africa, Afghanistan & Pakistan",2007,SL.UEM.TOTL.ZS,6.82070410411982
MEA,"Middle East, North Africa, Afghanistan & Pakistan",2006,SL.UEM.TOTL.ZS,7.22108801251314
MEA,"Middle East, North Africa, Afghanistan & Pakistan",2005,SL.UEM.TOTL.ZS,7.65760282606948
MNA,"Middle East, North Africa, Afghanistan & Pakistan (excluding high income)",2025,SL.UEM.TOTL.ZS,8.69378066221379
MNA,"Middle East, North Africa, Afghanistan & Pakistan (excluding high income)",2024,SL.UEM.TOTL.ZS,8.70657329890235
MNA,"Middle East, North Africa, Afghanistan & Pakistan (excluding high income)",2023,SL.UEM.TOTL.ZS,8.59209919735259
MNA,"Middle East, North Africa, Afghanistan & Pakistan (excluding high income)",2022,SL.UEM.TOTL.ZS,8.9382675467404
MNA,"Middle East, North Africa, Afghanistan & Pakistan (excluding high income)",2021,SL.UEM.TOTL.ZS,9.6948074926195
MNA,"Middle East, North Africa, Afghanistan & Pakistan (excluding high income)",2020,SL.UEM.TOTL.ZS,9.77596723068346
MNA,"Middle East, North Africa, Afghanistan & Pakistan (excluding high income)",2019,SL.UEM.TOTL.ZS,9.06488013658605
MNA,"Middle East, North Africa, Afghanistan & Pakistan (excluding high income)",2018,SL.UEM.TOTL.ZS,9.28194998275843
MNA,"Middle East, North Africa, Afghanistan & Pakistan (excluding high income)",2017,SL.UEM.TOTL.ZS,9.25338345180518
MNA,"Middle East, North Africa, Afghanistan & Pakistan (excluding high income)",2016,SL.UEM.TOTL.ZS,8.75542082657381
MNA,"Middle East, North Africa, Afghanistan & Pakistan (excluding high income)",2015,SL.UEM.TOTL.ZS,9.05052035727651
MNA,"Middle East, North Africa, Afghanistan & Pakistan (excluding high income)",2014,SL.UEM.TOTL.ZS,8.14794947550081
MNA,"Middle East, North Africa, Afghanistan & Pakistan (excluding high income)",2013,SL.UEM.TOTL.ZS,8.46109583177143
MNA,"Middle East, North Africa, Afghanistan & Pakistan (excluding high income)",2012,SL.UEM.TOTL.ZS,8.88951819638217
MNA,"Middle East, North Africa, Afghanistan & Pakistan (excluding high income)",2011,SL.UEM.TOTL.ZS,7.58032093040946
MNA,"Middle East, North Africa, Afghanistan & Pakistan (excluding high income)",2010,SL.UEM.TOTL.ZS,7.123332390198
MNA,"Middle East, North Africa, Afghanistan & Pakistan (excluding high income)",2009,SL.UEM.TOTL.ZS,6.94800177686091
MNA,"Middle East, North Africa, Afghanistan & Pakistan (excluding high income)",2008,SL.UEM.TOTL.ZS,6.84334845869645
MNA,"Middle East, North Africa, Afghanistan & Pakistan (excluding high income)",2007,SL.UEM.TOTL.ZS,7.01816989858009
MNA,"Middle East, North Africa, Afghanistan & Pakistan (excluding high income)",2006,SL.UEM.TOTL.ZS,7.39019405991603
MNA,"Middle East, North Africa, Afghanistan & Pakistan (excluding high income)",2005,SL.UEM.TOTL.ZS,7.84838151626538
TMN,"Middle East, North Africa, Afghanistan & Pakistan (IDA & IBRD)",2025,SL.UEM.TOTL.ZS,8.69378066221379
TMN,"Middle East, North Africa, Afghanistan & Pakistan (IDA & IBRD)",2024,SL.UEM.TOTL.ZS,8.70657329890235
TMN,"Middle East, North Africa, Afghanistan & Pakistan (IDA & IBRD)",2023,SL.UEM.TOTL.ZS,8.59209919735259
TMN,"Middle East, North Africa, Afghanistan & Pakistan (IDA & IBRD)",2022,SL.UEM.TOTL.ZS,8.83598059809406
TMN,"Middle East, North Africa, Afghanistan & Pakistan (IDA & IBRD)",2021,SL.UEM.TOTL.ZS,9.58930430798614
TMN,"Middle East, North Africa, Afghanistan & Pakistan (IDA & IBRD)",2020,SL.UEM.TOTL.ZS,9.67954007701653
TMN,"Middle East, North Africa, Afghanistan & Pakistan (IDA & IBRD)",2019,SL.UEM.TOTL.ZS,8.96317446023269
TMN,"Middle East, North Africa, Afghanistan & Pakistan (IDA & IBRD)",2018,SL.UEM.TOTL.ZS,9.1788143786994
TMN,"Middle East, North Africa, Afghanistan & Pakistan (IDA & IBRD)",2017,SL.UEM.TOTL.ZS,9.15400226751887
TMN,"Middle East, North Africa, Afghanistan & Pakistan (IDA & IBRD)",2016,SL.UEM.TOTL.ZS,8.66507565229991
TMN,"Middle East, North Africa, Afghanistan & Pakistan (IDA & IBRD)",2015,SL.UEM.TOTL.ZS,8.96791885955849
TMN,"Middle East, North Africa, Afghanistan & Pakistan (IDA & IBRD)",2014,SL.UEM.TOTL.ZS,8.07837404021819
TMN,"Middle East, North Africa, Afghanistan & Pakistan (IDA & IBRD)",2013,SL.UEM.TOTL.ZS,8.39834200288349
TMN,"Middle East, North Africa, Afghanistan & Pakistan (IDA & IBRD)",2012,SL.UEM.TOTL.ZS,8.83376247941241
TMN,"Middle East, North Africa, Afghanistan & Pakistan (IDA & IBRD)",2011,SL.UEM.TOTL.ZS,7.52714837608606
TMN,"Middle East, North Africa, Afghanistan & Pakistan (IDA & IBRD)",2010,SL.UEM.TOTL.ZS,7.05144257493513
TMN,"Middle East, North Africa, Afghanistan & Pakistan (IDA & IBRD)",2009,SL.UEM.TOTL.ZS,6.88122796682575
TMN,"Middle East, North Africa, Afghanistan & Pakistan (IDA & IBRD)",2008,SL.UEM.TOTL.ZS,6.76464093439402
TMN,"Middle East, North Africa, Afghanistan & Pakistan (IDA & IBRD)",2007,SL.UEM.TOTL.ZS,6.96341976204585
TMN,"Middle East, North Africa, Afghanistan & Pakistan (IDA & IBRD)",2006,SL.UEM.TOTL.ZS,7.33599436897474
TMN,"Middle East, North Africa, Afghanistan & Pakistan (IDA & IBRD)",2005,SL.UEM.TOTL.ZS,7.79217578193013
MIC,Middle income,2025,SL.UEM.TOTL.ZS,4.88480834136692
MIC,Middle income,2024,SL.UEM.TOTL.ZS,4.91644475196582
MIC,Middle income,2023,SL.UEM.TOTL.ZS,4.96756774789441
MIC,Middle income,2022,SL.UEM.TOTL.ZS,5.42949094564465
MIC,Middle income,2021,SL.UEM.TOTL.ZS,6.19670261206739
MIC,Middle income,2020,SL.UEM.TOTL.ZS,6.69849633442843
MIC,Middle income,2019,SL.UEM.TOTL.ZS,5.86054208956752
MIC,Middle income,2018,SL.UEM.TOTL.ZS,6.00981501156322
MIC,Middle income,2017,SL.UEM.TOTL.ZS,6.05518297615024
MIC,Middle income,2016,SL.UEM.TOTL.ZS,6.01421235038408
MIC,Middle income,2015,SL.UEM.TOTL.ZS,5.93705456165038
MIC,Middle income,2014,SL.UEM.TOTL.ZS,5.75311900107613
MIC,Middle income,2013,SL.UEM.TOTL.ZS,5.77644112078398
MIC,Middle income,2012,SL.UEM.TOTL.ZS,5.80334478008198
MIC,Middle income,2011,SL.UEM.TOTL.ZS,5.78106658586154
MIC,Middle income,2010,SL.UEM.TOTL.ZS,5.85407842097449
MIC,Middle income,2009,SL.UEM.TOTL.ZS,6.07794731544178
MIC,Middle income,2008,SL.UEM.TOTL.ZS,5.87208459437414
MIC,Middle income,2007,SL.UEM.TOTL.ZS,5.88198217147033
MIC,Middle income,2006,SL.UEM.TOTL.ZS,5.97972371507844
MIC,Middle income,2005,SL.UEM.TOTL.ZS,6.18100517194098
NAC,North America,2025,SL.UEM.TOTL.ZS,4.51108669589749
NAC,North America,2024,SL.UEM.TOTL.ZS,4.29029945331562
NAC,North America,2023,SL.UEM.TOTL.ZS,3.8406106523085
NAC,North America,2022,SL.UEM.TOTL.ZS,3.83310095020415
NAC,North America,2021,SL.UEM.TOTL.ZS,5.59210953628448
NAC,North America,2020,SL.UEM.TOTL.ZS,8.2305997250471
NAC,North America,2019,SL.UEM.TOTL.ZS,3.890566885067
NAC,North America,2018,SL.UEM.TOTL.ZS,4.10721129091519
NAC,North America,2017,SL.UEM.TOTL.ZS,4.57971738602629
NAC,North America,2016,SL.UEM.TOTL.ZS,5.10340701910414
NAC,North America,2015,SL.UEM.TOTL.ZS,5.4606408215288
NAC,North America,2014,SL.UEM.TOTL.ZS,6.26083245211775
NAC,North America,2013,SL.UEM.TOTL.ZS,7.34976348971497
NAC,North America,2012,SL.UEM.TOTL.ZS,7.99588953313322
NAC,North America,2011,SL.UEM.TOTL.ZS,8.80784798616693
NAC,North America,2010,SL.UEM.TOTL.ZS,9.47758645184374
NAC,North America,2009,SL.UEM.TOTL.ZS,9.16994852137916
NAC,North America,2008,SL.UEM.TOTL.ZS,5.83652846325955
NAC,North America,2007,SL.UEM.TOTL.ZS,4.78243165759455
NAC,North America,2006,SL.UEM.TOTL.ZS,4.81614136114576
NAC,North America,2005,SL.UEM.TOTL.ZS,5.25750859640354
OED,OECD members,2025,SL.UEM.TOTL.ZS,4.92729125540891
OED,OECD members,2024,SL.UEM.TOTL.ZS,4.90917859417164
OED,OECD members,2023,SL.UEM.TOTL.ZS,4.82631374195204
OED,OECD members,2022,SL.UEM.TOTL.ZS,4.99493064713263
OED,OECD members,2021,SL.UEM.TOTL.ZS,6.19605024177905
OED,OECD members,2020,SL.UEM.TOTL.ZS,7.15007422562512
OED,OECD members,2019,SL.UEM.TOTL.ZS,5.38695191058807
OED,OECD members,2018,SL.UEM.TOTL.ZS,5.47444010714932
OED,OECD members,2017,SL.UEM.TOTL.ZS,5.9177915757262
OED,OECD members,2016,SL.UEM.TOTL.ZS,6.43777999780825
OED,OECD members,2015,SL.UEM.TOTL.ZS,6.86087280016011
OED,OECD members,2014,SL.UEM.TOTL.ZS,7.41355981597454
OED,OECD members,2013,SL.UEM.TOTL.ZS,8.00520155093803
OED,OECD members,2012,SL.UEM.TOTL.ZS,8.1052243905592
OED,OECD members,2011,SL.UEM.TOTL.ZS,8.12208995143807
OED,OECD members,2010,SL.UEM.TOTL.ZS,8.5207939102318
OED,OECD members,2009,SL.UEM.TOTL.ZS,8.38089327283664
OED,OECD members,2008,SL.UEM.TOTL.ZS,6.20560204861274
OED,OECD members,2007,SL.UEM.TOTL.ZS,5.88940261869547
OED,OECD members,2006,SL.UEM.TOTL.ZS,6.34618116260618
OED,OECD members,2005,SL.UEM.TOTL.ZS,6.8314671013283
OSS,Other small states,2025,SL.UEM.TOTL.ZS,8.59085524676197
OSS,Other small states,2024,SL.UEM.TOTL.ZS,8.48668976701629
OSS,Other small states,2023,SL.UEM.TOTL.ZS,8.44487902544127
OSS,Other small states,2022,SL.UEM.TOTL.ZS,9.01147513544492
OSS,Other small states,2021,SL.UEM.TOTL.ZS,9.49668399234599
OSS,Other small states,2020,SL.UEM.TOTL.ZS,9.99575648409841
OSS,Other small states,2019,SL.UEM.TOTL.ZS,8.37803693303246
OSS,Other small states,2018,SL.UEM.TOTL.ZS,8.78845724438525
OSS,Other small states,2017,SL.UEM.TOTL.ZS,9.26010688179757
OSS,Other small states,2016,SL.UEM.TOTL.ZS,9.69565767751643
OSS,Other small states,2015,SL.UEM.TOTL.ZS,9.99952511697503
OSS,Other small states,2014,SL.UEM.TOTL.ZS,10.4617084896957
OSS,Other small states,2013,SL.UEM.TOTL.ZS,10.7696689681663
OSS,Other small states,2012,SL.UEM.TOTL.ZS,10.5345766634014
OSS,Other small states,2011,SL.UEM.TOTL.ZS,10.5303011113759
OSS,Other small states,2010,SL.UEM.TOTL.ZS,11.1281009935269
OSS,Other small states,2009,SL.UEM.TOTL.ZS,10.7283220301547
OSS,Other small states,2008,SL.UEM.TOTL.ZS,8.87238702238271
OSS,Other small states,2007,SL.UEM.TOTL.ZS,9.04975553505642
OSS,Other small states,2006,SL.UEM.TOTL.ZS,9.68343911516973
OSS,Other small states,2005,SL.UEM.TOTL.ZS,10.5021202220473
PSS,Pacific island small states,2025,SL.UEM.TOTL.ZS,3.51831083728422
PSS,Pacific island small states,2024,SL.UEM.TOTL.ZS,3.52751412823486
PSS,Pacific island small states,2023,SL.UEM.TOTL.ZS,3.52057525691559
PSS,Pacific island small states,2022,SL.UEM.TOTL.ZS,3.60681620269367
PSS,Pacific island small states,2021,SL.UEM.TOTL.ZS,3.35468526106548
PSS,Pacific island small states,2020,SL.UEM.TOTL.ZS,3.30655660526839
PSS,Pacific island small states,2019,SL.UEM.TOTL.ZS,3.32798136589447
PSS,Pacific island small states,2018,SL.UEM.TOTL.ZS,3.35231302156857
PSS,Pacific island small states,2017,SL.UEM.TOTL.ZS,3.40034043733734
PSS,Pacific island small states,2016,SL.UEM.TOTL.ZS,3.36311039358415
PSS,Pacific island small states,2015,SL.UEM.TOTL.ZS,3.37020462675283
PSS,Pacific island small states,2014,SL.UEM.TOTL.ZS,3.39737128470569
PSS,Pacific island small states,2013,SL.UEM.TOTL.ZS,3.42532155080918
PSS,Pacific island small states,2012,SL.UEM.TOTL.ZS,3.54707816512722
PSS,Pacific island small states,2011,SL.UEM.TOTL.ZS,3.44436830760268
PSS,Pacific island small states,2010,SL.UEM.TOTL.ZS,3.50675202326758
PSS,Pacific island small states,2009,SL.UEM.TOTL.ZS,3.60850865304197
PSS,Pacific island small states,2008,SL.UEM.TOTL.ZS,3.66517406587763
PSS,Pacific island small states,2007,SL.UEM.TOTL.ZS,3.76264674833736
PSS,Pacific island small states,2006,SL.UEM.TOTL.ZS,3.81456389998427
PSS,Pacific island small states,2005,SL.UEM.TOTL.ZS,3.8404573462192
PST,Post-demographic dividend,2025,SL.UEM.TOTL.ZS,4.69905638249338
PST,Post-demographic dividend,2024,SL.UEM.TOTL.ZS,4.61212708203082
PST,Post-demographic dividend,2023,SL.UEM.TOTL.ZS,4.46960383607434
PST,Post-demographic dividend,2022,SL.UEM.TOTL.ZS,4.52602226819937
PST,Post-demographic dividend,2021,SL.UEM.TOTL.ZS,5.80602995350964
PST,Post-demographic dividend,2020,SL.UEM.TOTL.ZS,6.72548575920498
PST,Post-demographic dividend,2019,SL.UEM.TOTL.ZS,4.93863793927205
PST,Post-demographic dividend,2018,SL.UEM.TOTL.ZS,5.29340998979908
PST,Post-demographic dividend,2017,SL.UEM.TOTL.ZS,5.85021474599449
PST,Post-demographic dividend,2016,SL.UEM.TOTL.ZS,6.41054588620563
PST,Post-demographic dividend,2015,SL.UEM.TOTL.ZS,6.88380194224391
PST,Post-demographic dividend,2014,SL.UEM.TOTL.ZS,7.46206202944811
PST,Post-demographic dividend,2013,SL.UEM.TOTL.ZS,8.01055138462552
PST,Post-demographic dividend,2012,SL.UEM.TOTL.ZS,8.11703125262048
PST,Post-demographic dividend,2011,SL.UEM.TOTL.ZS,8.06019449389029
PST,Post-demographic dividend,2010,SL.UEM.TOTL.ZS,8.34726962592943
PST,Post-demographic dividend,2009,SL.UEM.TOTL.ZS,8.07274225977277
PST,Post-demographic dividend,2008,SL.UEM.TOTL.ZS,5.90228542517582
PST,Post-demographic dividend,2007,SL.UEM.TOTL.ZS,5.57196004328002
PST,Post-demographic dividend,2006,SL.UEM.TOTL.ZS,5.994063325313
PST,Post-demographic dividend,2005,SL.UEM.TOTL.ZS,6.4091008362879
PRE,Pre-demographic dividend,2025,SL.UEM.TOTL.ZS,4.54407578031541
PRE,Pre-demographic dividend,2024,SL.UEM.TOTL.ZS,4.53734249793927
PRE,Pre-demographic dividend,2023,SL.UEM.TOTL.ZS,4.65198898265421
PRE,Pre-demographic dividend,2022,SL.UEM.TOTL.ZS,4.97495099823102
PRE,Pre-demographic dividend,2021,SL.UEM.TOTL.ZS,5.76848661848567
PRE,Pre-demographic dividend,2020,SL.UEM.TOTL.ZS,5.89078404749377
PRE,Pre-demographic dividend,2019,SL.UEM.TOTL.ZS,5.38924122021237
PRE,Pre-demographic dividend,2018,SL.UEM.TOTL.ZS,5.32927480343501
PRE,Pre-demographic dividend,2017,SL.UEM.TOTL.ZS,5.2669199218143
PRE,Pre-demographic dividend,2016,SL.UEM.TOTL.ZS,5.00843089695962
PRE,Pre-demographic dividend,2015,SL.UEM.TOTL.ZS,4.92874848701502
PRE,Pre-demographic dividend,2014,SL.UEM.TOTL.ZS,4.85956498950861
PRE,Pre-demographic dividend,2013,SL.UEM.TOTL.ZS,4.86973350643787
PRE,Pre-demographic dividend,2012,SL.UEM.TOTL.ZS,5.06492902606905
PRE,Pre-demographic dividend,2011,SL.UEM.TOTL.ZS,5.14866591361225
PRE,Pre-demographic dividend,2010,SL.UEM.TOTL.ZS,5.09524000558138
PRE,Pre-demographic dividend,2009,SL.UEM.TOTL.ZS,4.90149804162028
PRE,Pre-demographic dividend,2008,SL.UEM.TOTL.ZS,4.86836540696563
PRE,Pre-demographic dividend,2007,SL.UEM.TOTL.ZS,4.87191262111388
PRE,Pre-demographic dividend,2006,SL.UEM.TOTL.ZS,4.90998713639371
PRE,Pre-demographic dividend,2005,SL.UEM.TOTL.ZS,4.93387732610229
SST,Small states,2025,SL.UEM.TOTL.ZS,7.75850083202263
SST,Small states,2024,SL.UEM.TOTL.ZS,7.68067610421584
SST,Small states,2023,SL.UEM.TOTL.ZS,7.66141080204045
SST,Small states,2022,SL.UEM.TOTL.ZS,8.21647080688741
SST,Small states,2021,SL.UEM.TOTL.ZS,8.82676059647368
SST,Small states,2020,SL.UEM.TOTL.ZS,9.20499420465331
SST,Small states,2019,SL.UEM.TOTL.ZS,7.75168865751208
SST,Small states,2018,SL.UEM.TOTL.ZS,8.10689854999494
SST,Small states,2017,SL.UEM.TOTL.ZS,8.32778127632623
SST,Small states,2016,SL.UEM.TOTL.ZS,8.66740053405155
SST,Small states,2015,SL.UEM.TOTL.ZS,8.78391504425952
SST,Small states,2014,SL.UEM.TOTL.ZS,9.17019543151895
SST,Small states,2013,SL.UEM.TOTL.ZS,9.42789036106017
SST,Small states,2012,SL.UEM.TOTL.ZS,9.31406963085983
SST,Small states,2011,SL.UEM.TOTL.ZS,9.25275015749216
SST,Small states,2010,SL.UEM.TOTL.ZS,9.64092506344516
SST,Small states,2009,SL.UEM.TOTL.ZS,9.49383006346729
SST,Small states,2008,SL.UEM.TOTL.ZS,8.00243712798649
SST,Small states,2007,SL.UEM.TOTL.ZS,8.20829015972595
SST,Small states,2006,SL.UEM.TOTL.ZS,8.74041678886564
SST,Small states,2005,SL.UEM.TOTL.ZS,9.58922696945574
SAS,South Asia,2025,SL.UEM.TOTL.ZS,4.24320442446027
SAS,South Asia,2024,SL.UEM.TOTL.ZS,4.19214668978211
SAS,South Asia,2023,SL.UEM.TOTL.ZS,4.16220090187648
SAS,South Asia,2022,SL.UEM.TOTL.ZS,4.86631704704624
SAS,South Asia,2021,SL.UEM.TOTL.ZS,6.33048938390488
SAS,South Asia,2020,SL.UEM.TOTL.ZS,7.62561175204578
SAS,South Asia,2019,SL.UEM.TOTL.ZS,6.30644937347767
SAS,South Asia,2018,SL.UEM.TOTL.ZS,7.28140399591901
SAS,South Asia,2017,SL.UEM.TOTL.ZS,7.24969569674111
SAS,South Asia,2016,SL.UEM.TOTL.ZS,7.25080318686175
SAS,South Asia,2015,SL.UEM.TOTL.ZS,7.27349261228767
SAS,South Asia,2014,SL.UEM.TOTL.ZS,7.29419854752289
SAS,South Asia,2013,SL.UEM.TOTL.ZS,7.31372620028363
SAS,South Asia,2012,SL.UEM.TOTL.ZS,7.23720359721905
SAS,South Asia,2011,SL.UEM.TOTL.ZS,7.17458097714582
SAS,South Asia,2010,SL.UEM.TOTL.ZS,7.16328861819797
SAS,South Asia,2009,SL.UEM.TOTL.ZS,7.3628078548039
SAS,South Asia,2008,SL.UEM.TOTL.ZS,7.29504082041586
SAS,South Asia,2007,SL.UEM.TOTL.ZS,7.2019977638481
SAS,South Asia,2006,SL.UEM.TOTL.ZS,7.16089355787342
SAS,South Asia,2005,SL.UEM.TOTL.ZS,7.24801932806737
TSA,South Asia (IDA & IBRD),2025,SL.UEM.TOTL.ZS,4.24320442446027
TSA,South Asia (IDA & IBRD),2024,SL.UEM.TOTL.ZS,4.19214668978211
TSA,South Asia (IDA & IBRD),2023,SL.UEM.TOTL.ZS,4.16220090187648
TSA,South Asia (IDA & IBRD),2022,SL.UEM.TOTL.ZS,4.86631704704624
TSA,South Asia (IDA & IBRD),2021,SL.UEM.TOTL.ZS,6.33048938390488
TSA,South Asia (IDA & IBRD),2020,SL.UEM.TOTL.ZS,7.62561175204578
TSA,South Asia (IDA & IBRD),2019,SL.UEM.TOTL.ZS,6.30644937347767
TSA,South Asia (IDA & IBRD),2018,SL.UEM.TOTL.ZS,7.28140399591901
TSA,South Asia (IDA & IBRD),2017,SL.UEM.TOTL.ZS,7.24969569674111
TSA,South Asia (IDA & IBRD),2016,SL.UEM.TOTL.ZS,7.25080318686175
TSA,South Asia (IDA & IBRD),2015,SL.UEM.TOTL.ZS,7.27349261228767
TSA,South Asia (IDA & IBRD),2014,SL.UEM.TOTL.ZS,7.29419854752289
TSA,South Asia (IDA & IBRD),2013,SL.UEM.TOTL.ZS,7.31372620028363
TSA,South Asia (IDA & IBRD),2012,SL.UEM.TOTL.ZS,7.23720359721905
TSA,South Asia (IDA & IBRD),2011,SL.UEM.TOTL.ZS,7.17458097714582
TSA,South Asia (IDA & IBRD),2010,SL.UEM.TOTL.ZS,7.16328861819797
TSA,South Asia (IDA & IBRD),2009,SL.UEM.TOTL.ZS,7.3628078548039
TSA,South Asia (IDA & IBRD),2008,SL.UEM.TOTL.ZS,7.29504082041586
TSA,South Asia (IDA & IBRD),2007,SL.UEM.TOTL.ZS,7.2019977638481
TSA,South Asia (IDA & IBRD),2006,SL.UEM.TOTL.ZS,7.16089355787342
TSA,South Asia (IDA & IBRD),2005,SL.UEM.TOTL.ZS,7.24801932806737
SSF,Sub-Saharan Africa,2025,SL.UEM.TOTL.ZS,5.66118665705316
SSF,Sub-Saharan Africa,2024,SL.UEM.TOTL.ZS,5.6711358365663
SSF,Sub-Saharan Africa,2023,SL.UEM.TOTL.ZS,5.76152900751665
SSF,Sub-Saharan Africa,2022,SL.UEM.TOTL.ZS,6.08211610820712
SSF,Sub-Saharan Africa,2021,SL.UEM.TOTL.ZS,6.84750929089377
SSF,Sub-Saharan Africa,2020,SL.UEM.TOTL.ZS,6.65249326111529
SSF,Sub-Saharan Africa,2019,SL.UEM.TOTL.ZS,6.18089551293782
SSF,Sub-Saharan Africa,2018,SL.UEM.TOTL.ZS,6.03233771776817
SSF,Sub-Saharan Africa,2017,SL.UEM.TOTL.ZS,5.99391143462101
SSF,Sub-Saharan Africa,2016,SL.UEM.TOTL.ZS,5.86589334716284
SSF,Sub-Saharan Africa,2015,SL.UEM.TOTL.ZS,5.78723856454759
SSF,Sub-Saharan Africa,2014,SL.UEM.TOTL.ZS,5.62977664752398
SSF,Sub-Saharan Africa,2013,SL.UEM.TOTL.ZS,5.57489984928367
SSF,Sub-Saharan Africa,2012,SL.UEM.TOTL.ZS,5.8029961583218
SSF,Sub-Saharan Africa,2011,SL.UEM.TOTL.ZS,5.91593755883997
SSF,Sub-Saharan Africa,2010,SL.UEM.TOTL.ZS,5.94056421498979
SSF,Sub-Saharan Africa,2009,SL.UEM.TOTL.ZS,5.76570980698131
SSF,Sub-Saharan Africa,2008,SL.UEM.TOTL.ZS,5.71119279179789
SSF,Sub-Saharan Africa,2007,SL.UEM.TOTL.ZS,5.71458050648746
SSF,Sub-Saharan Africa,2006,SL.UEM.TOTL.ZS,5.75538288432853
SSF,Sub-Saharan Africa,2005,SL.UEM.TOTL.ZS,5.84614199165635
SSA,Sub-Saharan Africa (excluding high income),2025,SL.UEM.TOTL.ZS,5.66118665705316
SSA,Sub-Saharan Africa (excluding high income),2024,SL.UEM.TOTL.ZS,5.6711358365663
SSA,Sub-Saharan Africa (excluding high income),2023,SL.UEM.TOTL.ZS,5.76152900751665
SSA,Sub-Saharan Africa (excluding high income),2022,SL.UEM.TOTL.ZS,6.08211610820711
SSA,Sub-Saharan Africa (excluding high income),2021,SL.UEM.TOTL.ZS,6.84750929089377
SSA,Sub-Saharan Africa (excluding high income),2020,SL.UEM.TOTL.ZS,6.65249326111529
SSA,Sub-Saharan Africa (excluding high income),2019,SL.UEM.TOTL.ZS,6.18089551293782
SSA,Sub-Saharan Africa (excluding high income),2018,SL.UEM.TOTL.ZS,6.03233771776817
SSA,Sub-Saharan Africa (excluding high income),2017,SL.UEM.TOTL.ZS,5.99391143462101
SSA,Sub-Saharan Africa (excluding high income),2016,SL.UEM.TOTL.ZS,5.86589334716284
SSA,Sub-Saharan Africa (excluding high income),2015,SL.UEM.TOTL.ZS,5.78723856454759
SSA,Sub-Saharan Africa (excluding high income),2014,SL.UEM.TOTL.ZS,5.62977664752398
SSA,Sub-Saharan Africa (excluding high income),2013,SL.UEM.TOTL.ZS,5.57489984928367
SSA,Sub-Saharan Africa (excluding high income),2012,SL.UEM.TOTL.ZS,5.8029961583218
SSA,Sub-Saharan Africa (excluding high income),2011,SL.UEM.TOTL.ZS,5.91593755883997
SSA,Sub-Saharan Africa (excluding high income),2010,SL.UEM.TOTL.ZS,5.94056421498979
SSA,Sub-Saharan Africa (excluding high income),2009,SL.UEM.TOTL.ZS,5.76570980698131
SSA,Sub-Saharan Africa (excluding high income),2008,SL.UEM.TOTL.ZS,5.71119279179789
SSA,Sub-Saharan Africa (excluding high income),2007,SL.UEM.TOTL.ZS,5.71458050648746
SSA,Sub-Saharan Africa (excluding high income),2006,SL.UEM.TOTL.ZS,5.75538288432854
SSA,Sub-Saharan Africa (excluding high income),2005,SL.UEM.TOTL.ZS,5.84614199165635
TSS,Sub-Saharan Africa (IDA & IBRD countries),2025,SL.UEM.TOTL.ZS,5.66118665705316
TSS,Sub-Saharan Africa (IDA & IBRD countries),2024,SL.UEM.TOTL.ZS,5.6711358365663
TSS,Sub-Saharan Africa (IDA & IBRD countries),2023,SL.UEM.TOTL.ZS,5.76152900751665
TSS,Sub-Saharan Africa (IDA & IBRD countries),2022,SL.UEM.TOTL.ZS,6.08211610820711
TSS,Sub-Saharan Africa (IDA & IBRD countries),2021,SL.UEM.TOTL.ZS,6.84750929089377
TSS,Sub-Saharan Africa (IDA & IBRD countries),2020,SL.UEM.TOTL.ZS,6.65249326111529
TSS,Sub-Saharan Africa (IDA & IBRD countries),2019,SL.UEM.TOTL.ZS,6.18089551293782
TSS,Sub-Saharan Africa (IDA & IBRD countries),2018,SL.UEM.TOTL.ZS,6.03233771776817
TSS,Sub-Saharan Africa (IDA & IBRD countries),2017,SL.UEM.TOTL.ZS,5.99391143462101
TSS,Sub-Saharan Africa (IDA & IBRD countries),2016,SL.UEM.TOTL.ZS,5.86589334716284
TSS,Sub-Saharan Africa (IDA & IBRD countries),2015,SL.UEM.TOTL.ZS,5.78723856454759
TSS,Sub-Saharan Africa (IDA & IBRD countries),2014,SL.UEM.TOTL.ZS,5.62977664752398
TSS,Sub-Saharan Africa (IDA & IBRD countries),2013,SL.UEM.TOTL.ZS,5.57489984928366
TSS,Sub-Saharan Africa (IDA & IBRD countries),2012,SL.UEM.TOTL.ZS,5.8029961583218
TSS,Sub-Saharan Africa (IDA & IBRD countries),2011,SL.UEM.TOTL.ZS,5.91593755883997
TSS,Sub-Saharan Africa (IDA & IBRD countries),2010,SL.UEM.TOTL.ZS,5.94056421498979
TSS,Sub-Saharan Africa (IDA & IBRD countries),2009,SL.UEM.TOTL.ZS,5.76570980698131
TSS,Sub-Saharan Africa (IDA & IBRD countries),2008,SL.UEM.TOTL.ZS,5.71119279179789
TSS,Sub-Saharan Africa (IDA & IBRD countries),2007,SL.UEM.TOTL.ZS,5.71458050648746
TSS,Sub-Saharan Africa (IDA & IBRD countries),2006,SL.UEM.TOTL.ZS,5.75538288432854
TSS,Sub-Saharan Africa (IDA & IBRD countries),2005,SL.UEM.TOTL.ZS,5.84614199165635
,Upper middle income,2025,SL.UEM.TOTL.ZS,5.18391394822957
,Upper middle income,2024,SL.UEM.TOTL.ZS,5.26143156011161
,Upper middle income,2023,SL.UEM.TOTL.ZS,5.36297560426889
,Upper middle income,2022,SL.UEM.TOTL.ZS,5.75041485644261
,Upper middle income,2021,SL.UEM.TOTL.ZS,6.15372931005527
,Upper middle income,2020,SL.UEM.TOTL.ZS,6.47637385311808
,Upper middle income,2019,SL.UEM.TOTL.ZS,5.80585688987594
,Upper middle income,2018,SL.UEM.TOTL.ZS,5.67121545409166
,Upper middle income,2017,SL.UEM.TOTL.ZS,5.77337201527055
,Upper middle income,2016,SL.UEM.TOTL.ZS,5.7624084064723
,Upper middle income,2015,SL.UEM.TOTL.ZS,5.55781700600781
,Upper middle income,2014,SL.UEM.TOTL.ZS,5.34707785695012
,Upper middle income,2013,SL.UEM.TOTL.ZS,5.33490578969923
,Upper middle income,2012,SL.UEM.TOTL.ZS,5.37033176143252
,Upper middle income,2011,SL.UEM.TOTL.ZS,5.46548968228103
,Upper middle income,2010,SL.UEM.TOTL.ZS,5.65648139349247
,Upper middle income,2009,SL.UEM.TOTL.ZS,5.97493735808703
,Upper middle income,2008,SL.UEM.TOTL.ZS,5.67683744867821
,Upper middle income,2007,SL.UEM.TOTL.ZS,5.70858976228737
,Upper middle income,2006,SL.UEM.TOTL.ZS,5.81135995546678
,Upper middle income,2005,SL.UEM.TOTL.ZS,6.04628742550639
WLD,World,2025,SL.UEM.TOTL.ZS,4.7913330740211
WLD,World,2024,SL.UEM.TOTL.ZS,4.80627976615483
WLD,World,2023,SL.UEM.TOTL.ZS,4.84991713588619
WLD,World,2022,SL.UEM.TOTL.ZS,5.23462796913747
WLD,World,2021,SL.UEM.TOTL.ZS,6.04556088000376
WLD,World,2020,SL.UEM.TOTL.ZS,6.58768935720693
WLD,World,2019,SL.UEM.TOTL.ZS,5.58847960382446
WLD,World,2018,SL.UEM.TOTL.ZS,5.7595415280045
WLD,World,2017,SL.UEM.TOTL.ZS,5.89802388961045
WLD,World,2016,SL.UEM.TOTL.ZS,5.97088327776689
WLD,World,2015,SL.UEM.TOTL.ZS,5.9985085966435
WLD,World,2014,SL.UEM.TOTL.ZS,5.9574710533091
WLD,World,2013,SL.UEM.TOTL.ZS,6.09934489950025
WLD,World,2012,SL.UEM.TOTL.ZS,6.15209851207895
WLD,World,2011,SL.UEM.TOTL.ZS,6.14906482504464
WLD,World,2010,SL.UEM.TOTL.ZS,6.28118787402205
WLD,World,2009,SL.UEM.TOTL.ZS,6.40956451671123
WLD,World,2008,SL.UEM.TOTL.ZS,5.82419029603435
WLD,World,2007,SL.UEM.TOTL.ZS,5.77491185936386
WLD,World,2006,SL.UEM.TOTL.ZS,5.97382359730159
WLD,World,2005,SL.UEM.TOTL.ZS,6.22399179620437
AFG,Afghanistan,2025,SL.UEM.TOTL.ZS,13.351
AFG,Afghanistan,2024,SL.UEM.TOTL.ZS,13.687
AFG,Afghanistan,2023,SL.UEM.TOTL.ZS,14.008
AFG,Afghanistan,2022,SL.UEM.TOTL.ZS,14.1
AFG,Afghanistan,2021,SL.UEM.TOTL.ZS,12.006
AFG,Afghanistan,2020,SL.UEM.TOTL.ZS,11.71
AFG,Afghanistan,2019,SL.UEM.TOTL.ZS,11.187
AFG,Afghanistan,2018,SL.UEM.TOTL.ZS,11.192
AFG,Afghanistan,2017,SL.UEM.TOTL.ZS,11.184
AFG,Afghanistan,2016,SL.UEM.TOTL.ZS,10.116
AFG,Afghanistan,2015,SL.UEM.TOTL.ZS,9.032
AFG,Afghanistan,2014,SL.UEM.TOTL.ZS,7.915
AFG,Afghanistan,2013,SL.UEM.TOTL.ZS,7.921
AFG,Afghanistan,2012,SL.UEM.TOTL.ZS,7.875
AFG,Afghanistan,2011,SL.UEM.TOTL.ZS,7.83
AFG,Afghanistan,2010,SL.UEM.TOTL.ZS,7.809
AFG,Afghanistan,2009,SL.UEM.TOTL.ZS,7.808
AFG,Afghanistan,2008,SL.UEM.TOTL.ZS,7.879
AFG,Afghanistan,2007,SL.UEM.TOTL.ZS,7.841
AFG,Afghanistan,2006,SL.UEM.TOTL.ZS,7.897
AFG,Afghanistan,2005,SL.UEM.TOTL.ZS,7.878
ALB,Albania,2025,SL.UEM.TOTL.ZS,10.926
ALB,Albania,2024,SL.UEM.TOTL.ZS,10.689
ALB,Albania,2023,SL.UEM.TOTL.ZS,10.669
ALB,Albania,2022,SL.UEM.TOTL.ZS,10.785
ALB,Albania,2021,SL.UEM.TOTL.ZS,11.474
ALB,Albania,2020,SL.UEM.TOTL.ZS,11.639
ALB,Albania,2019,SL.UEM.TOTL.ZS,11.466
ALB,Albania,2018,SL.UEM.TOTL.ZS,12.304
ALB,Albania,2017,SL.UEM.TOTL.ZS,13.616
ALB,Albania,2016,SL.UEM.TOTL.ZS,15.418
ALB,Albania,2015,SL.UEM.TOTL.ZS,17.193
ALB,Albania,2014,SL.UEM.TOTL.ZS,18.055
ALB,Albania,2013,SL.UEM.TOTL.ZS,15.866
ALB,Albania,2012,SL.UEM.TOTL.ZS,13.376
ALB,Albania,2011,SL.UEM.TOTL.ZS,13.481
ALB,Albania,2010,SL.UEM.TOTL.ZS,14.086
ALB,Albania,2009,SL.UEM.TOTL.ZS,13.674
ALB,Albania,2008,SL.UEM.TOTL.ZS,13.06
ALB,Albania,2007,SL.UEM.TOTL.ZS,15.966
ALB,Albania,2006,SL.UEM.TOTL.ZS,15.626
ALB,Albania,2005,SL.UEM.TOTL.ZS,15.966
DZA,Algeria,2025,SL.UEM.TOTL.ZS,11.633
DZA,Algeria,2024,SL.UEM.TOTL.ZS,11.655
DZA,Algeria,2023,SL.UEM.TOTL.ZS,11.645
DZA,Algeria,2022,SL.UEM.TOTL.ZS,12.382
DZA,Algeria,2021,SL.UEM.TOTL.ZS,13.656
DZA,Algeria,2020,SL.UEM.TOTL.ZS,14.08
DZA,Algeria,2019,SL.UEM.TOTL.ZS,12.302
DZA,Algeria,2018,SL.UEM.TOTL.ZS,12.112
DZA,Algeria,2017,SL.UEM.TOTL.ZS,12.0
DZA,Algeria,2016,SL.UEM.TOTL.ZS,10.202
DZA,Algeria,2015,SL.UEM.TOTL.ZS,11.206
DZA,Algeria,2014,SL.UEM.TOTL.ZS,10.207
DZA,Algeria,2013,SL.UEM.TOTL.ZS,9.82
DZA,Algeria,2012,SL.UEM.TOTL.ZS,10.97
DZA,Algeria,2011,SL.UEM.TOTL.ZS,9.96
DZA,Algeria,2010,SL.UEM.TOTL.ZS,9.96
DZA,Algeria,2009,SL.UEM.TOTL.ZS,10.16
DZA,Algeria,2008,SL.UEM.TOTL.ZS,11.33
DZA,Algeria,2007,SL.UEM.TOTL.ZS,13.79
DZA,Algeria,2006,SL.UEM.TOTL.ZS,12.27
DZA,Algeria,2005,SL.UEM.TOTL.ZS,15.27
AGO,Angola,2025,SL.UEM.TOTL.ZS,14.108
AGO,Angola,2024,SL.UEM.TOTL.ZS,14.02
AGO,Angola,2023,SL.UEM.TOTL.ZS,14.051
AGO,Angola,2022,SL.UEM.TOTL.ZS,14.124
AGO,Angola,2021,SL.UEM.TOTL.ZS,15.799
AGO,Angola,2020,SL.UEM.TOTL.ZS,16.696
AGO,Angola,2019,SL.UEM.TOTL.ZS,16.497
AGO,Angola,2018,SL.UEM.TOTL.ZS,16.602
AGO,Angola,2017,SL.UEM.TOTL.ZS,16.617
AGO,Angola,2016,SL.UEM.TOTL.ZS,16.572
AGO,Angola,2015,SL.UEM.TOTL.ZS,16.472
AGO,Angola,2014,SL.UEM.TOTL.ZS,16.372
AGO,Angola,2013,SL.UEM.TOTL.ZS,16.464
AGO,Angola,2012,SL.UEM.TOTL.ZS,16.539
AGO,Angola,2011,SL.UEM.TOTL.ZS,16.77
AGO,Angola,2010,SL.UEM.TOTL.ZS,16.595
AGO,Angola,2009,SL.UEM.TOTL.ZS,16.383
AGO,Angola,2008,SL.UEM.TOTL.ZS,16.152
AGO,Angola,2007,SL.UEM.TOTL.ZS,16.066
AGO,Angola,2006,SL.UEM.TOTL.ZS,16.123
AGO,Angola,2005,SL.UEM.TOTL.ZS,16.295
ARG,Argentina,2025,SL.UEM.TOTL.ZS,7.145
ARG,Argentina,2024,SL.UEM.TOTL.ZS,7.15
ARG,Argentina,2023,SL.UEM.TOTL.ZS,6.139
ARG,Argentina,2022,SL.UEM.TOTL.ZS,6.805
ARG,Argentina,2021,SL.UEM.TOTL.ZS,8.736
ARG,Argentina,2020,SL.UEM.TOTL.ZS,11.461
ARG,Argentina,2019,SL.UEM.TOTL.ZS,9.843
ARG,Argentina,2018,SL.UEM.TOTL.ZS,9.22
ARG,Argentina,2017,SL.UEM.TOTL.ZS,8.347
ARG,Argentina,2016,SL.UEM.TOTL.ZS,8.088
ARG,Argentina,2015,SL.UEM.TOTL.ZS,7.577
ARG,Argentina,2014,SL.UEM.TOTL.ZS,7.268
ARG,Argentina,2013,SL.UEM.TOTL.ZS,7.1
ARG,Argentina,2012,SL.UEM.TOTL.ZS,7.217
ARG,Argentina,2011,SL.UEM.TOTL.ZS,7.18
ARG,Argentina,2010,SL.UEM.TOTL.ZS,7.714
ARG,Argentina,2009,SL.UEM.TOTL.ZS,8.645
ARG,Argentina,2008,SL.UEM.TOTL.ZS,7.837
ARG,Argentina,2007,SL.UEM.TOTL.ZS,8.47
ARG,Argentina,2006,SL.UEM.TOTL.ZS,10.078
ARG,Argentina,2005,SL.UEM.TOTL.ZS,11.506
ARM,Armenia,2025,SL.UEM.TOTL.ZS,12.871
ARM,Armenia,2024,SL.UEM.TOTL.ZS,12.405
ARM,Armenia,2023,SL.UEM.TOTL.ZS,12.405
ARM,Armenia,2022,SL.UEM.TOTL.ZS,13.451
ARM,Armenia,2021,SL.UEM.TOTL.ZS,15.469
ARM,Armenia,2020,SL.UEM.TOTL.ZS,18.175
ARM,Armenia,2019,SL.UEM.TOTL.ZS,18.304
ARM,Armenia,2018,SL.UEM.TOTL.ZS,18.966
ARM,Armenia,2017,SL.UEM.TOTL.ZS,17.704
ARM,Armenia,2016,SL.UEM.TOTL.ZS,17.617
ARM,Armenia,2015,SL.UEM.TOTL.ZS,18.261
ARM,Armenia,2014,SL.UEM.TOTL.ZS,17.498
ARM,Armenia,2013,SL.UEM.TOTL.ZS,16.576
ARM,Armenia,2012,SL.UEM.TOTL.ZS,17.511
ARM,Armenia,2011,SL.UEM.TOTL.ZS,18.884
ARM,Armenia,2010,SL.UEM.TOTL.ZS,19.523
ARM,Armenia,2009,SL.UEM.TOTL.ZS,19.295
ARM,Armenia,2008,SL.UEM.TOTL.ZS,17.1
ARM,Armenia,2007,SL.UEM.TOTL.ZS,10.394
ARM,Armenia,2006,SL.UEM.TOTL.ZS,10.497
ARM,Armenia,2005,SL.UEM.TOTL.ZS,10.584
AUS,Australia,2025,SL.UEM.TOTL.ZS,4.09
AUS,Australia,2024,SL.UEM.TOTL.ZS,3.942
AUS,Australia,2023,SL.UEM.TOTL.ZS,3.668
AUS,Australia,2022,SL.UEM.TOTL.ZS,3.728
AUS,Australia,2021,SL.UEM.TOTL.ZS,5.022
AUS,Australia,2020,SL.UEM.TOTL.ZS,6.394
AUS,Australia,2019,SL.UEM.TOTL.ZS,5.143
AUS,Australia,2018,SL.UEM.TOTL.ZS,5.345
AUS,Australia,2017,SL.UEM.TOTL.ZS,5.592
AUS,Australia,2016,SL.UEM.TOTL.ZS,5.711
AUS,Australia,2015,SL.UEM.TOTL.ZS,6.055
AUS,Australia,2014,SL.UEM.TOTL.ZS,6.078
AUS,Australia,2013,SL.UEM.TOTL.ZS,5.663
AUS,Australia,2012,SL.UEM.TOTL.ZS,5.225
AUS,Australia,2011,SL.UEM.TOTL.ZS,5.083
AUS,Australia,2010,SL.UEM.TOTL.ZS,5.214
AUS,Australia,2009,SL.UEM.TOTL.ZS,5.565
AUS,Australia,2008,SL.UEM.TOTL.ZS,4.242
AUS,Australia,2007,SL.UEM.TOTL.ZS,4.381
AUS,Australia,2006,SL.UEM.TOTL.ZS,4.785
AUS,Australia,2005,SL.UEM.TOTL.ZS,5.036
AUT,Austria,2025,SL.UEM.TOTL.ZS,5.582
AUT,Austria,2024,SL.UEM.TOTL.ZS,5.2
AUT,Austria,2023,SL.UEM.TOTL.ZS,5.264
AUT,Austria,2022,SL.UEM.TOTL.ZS,4.992
AUT,Austria,2021,SL.UEM.TOTL.ZS,6.459
AUT,Austria,2020,SL.UEM.TOTL.ZS,5.201
AUT,Austria,2019,SL.UEM.TOTL.ZS,4.56
AUT,Austria,2018,SL.UEM.TOTL.ZS,4.933
AUT,Austria,2017,SL.UEM.TOTL.ZS,5.561
AUT,Austria,2016,SL.UEM.TOTL.ZS,6.064
AUT,Austria,2015,SL.UEM.TOTL.ZS,5.802
AUT,Austria,2014,SL.UEM.TOTL.ZS,5.674
AUT,Austria,2013,SL.UEM.TOTL.ZS,5.367
AUT,Austria,2012,SL.UEM.TOTL.ZS,4.909
AUT,Austria,2011,SL.UEM.TOTL.ZS,4.637
AUT,Austria,2010,SL.UEM.TOTL.ZS,4.883
AUT,Austria,2009,SL.UEM.TOTL.ZS,5.371
AUT,Austria,2008,SL.UEM.TOTL.ZS,4.198
AUT,Austria,2007,SL.UEM.TOTL.ZS,4.909
AUT,Austria,2006,SL.UEM.TOTL.ZS,5.32
AUT,Austria,2005,SL.UEM.TOTL.ZS,5.682
AZE,Azerbaijan,2025,SL.UEM.TOTL.ZS,5.457
AZE,Azerbaijan,2024,SL.UEM.TOTL.ZS,5.648
AZE,Azerbaijan,2023,SL.UEM.TOTL.ZS,5.64
AZE,Azerbaijan,2022,SL.UEM.TOTL.ZS,5.65
AZE,Azerbaijan,2021,SL.UEM.TOTL.ZS,6.04
AZE,Azerbaijan,2020,SL.UEM.TOTL.ZS,7.24
AZE,Azerbaijan,2019,SL.UEM.TOTL.ZS,5.0
AZE,Azerbaijan,2018,SL.UEM.TOTL.ZS,4.9
AZE,Azerbaijan,2017,SL.UEM.TOTL.ZS,5.0
AZE,Azerbaijan,2016,SL.UEM.TOTL.ZS,5.0
AZE,Azerbaijan,2015,SL.UEM.TOTL.ZS,4.96
AZE,Azerbaijan,2014,SL.UEM.TOTL.ZS,4.91
AZE,Azerbaijan,2013,SL.UEM.TOTL.ZS,4.97
AZE,Azerbaijan,2012,SL.UEM.TOTL.ZS,5.19
AZE,Azerbaijan,2011,SL.UEM.TOTL.ZS,5.42
AZE,Azerbaijan,2010,SL.UEM.TOTL.ZS,5.63
AZE,Azerbaijan,2009,SL.UEM.TOTL.ZS,5.74
AZE,Azerbaijan,2008,SL.UEM.TOTL.ZS,5.86
AZE,Azerbaijan,2007,SL.UEM.TOTL.ZS,6.33
AZE,Azerbaijan,2006,SL.UEM.TOTL.ZS,6.62
AZE,Azerbaijan,2005,SL.UEM.TOTL.ZS,7.26
BHS,"Bahamas, The",2025,SL.UEM.TOTL.ZS,9.207
BHS,"Bahamas, The",2024,SL.UEM.TOTL.ZS,9.049
BHS,"Bahamas, The",2023,SL.UEM.TOTL.ZS,8.645
BHS,"Bahamas, The",2022,SL.UEM.TOTL.ZS,9.25
BHS,"Bahamas, The",2021,SL.UEM.TOTL.ZS,11.078
BHS,"Bahamas, The",2020,SL.UEM.TOTL.ZS,12.016
BHS,"Bahamas, The",2019,SL.UEM.TOTL.ZS,9.336
BHS,"Bahamas, The",2018,SL.UEM.TOTL.ZS,10.0
BHS,"Bahamas, The",2017,SL.UEM.TOTL.ZS,9.8
BHS,"Bahamas, The",2016,SL.UEM.TOTL.ZS,12.7
BHS,"Bahamas, The",2015,SL.UEM.TOTL.ZS,12.0
BHS,"Bahamas, The",2014,SL.UEM.TOTL.ZS,13.8
BHS,"Bahamas, The",2013,SL.UEM.TOTL.ZS,16.18
BHS,"Bahamas, The",2012,SL.UEM.TOTL.ZS,14.02
BHS,"Bahamas, The",2011,SL.UEM.TOTL.ZS,14.52
BHS,"Bahamas, The",2010,SL.UEM.TOTL.ZS,14.435
BHS,"Bahamas, The",2009,SL.UEM.TOTL.ZS,14.25
BHS,"Bahamas, The",2008,SL.UEM.TOTL.ZS,8.18
BHS,"Bahamas, The",2007,SL.UEM.TOTL.ZS,7.88
BHS,"Bahamas, The",2006,SL.UEM.TOTL.ZS,7.54
BHS,"Bahamas, The",2005,SL.UEM.TOTL.ZS,10.2
BHR,Bahrain,2025,SL.UEM.TOTL.ZS,1.102
BHR,Bahrain,2024,SL.UEM.TOTL.ZS,1.084
BHR,Bahrain,2023,SL.UEM.TOTL.ZS,1.049
BHR,Bahrain,2022,SL.UEM.TOTL.ZS,1.265
BHR,Bahrain,2021,SL.UEM.TOTL.ZS,1.548
BHR,Bahrain,2020,SL.UEM.TOTL.ZS,1.765
BHR,Bahrain,2019,SL.UEM.TOTL.ZS,1.217
BHR,Bahrain,2018,SL.UEM.TOTL.ZS,1.188
BHR,Bahrain,2017,SL.UEM.TOTL.ZS,1.18
BHR,Bahrain,2016,SL.UEM.TOTL.ZS,1.19
BHR,Bahrain,2015,SL.UEM.TOTL.ZS,1.164
BHR,Bahrain,2014,SL.UEM.TOTL.ZS,1.144
BHR,Bahrain,2013,SL.UEM.TOTL.ZS,1.184
BHR,Bahrain,2012,SL.UEM.TOTL.ZS,1.2
BHR,Bahrain,2011,SL.UEM.TOTL.ZS,1.21
BHR,Bahrain,2010,SL.UEM.TOTL.ZS,1.13
BHR,Bahrain,2009,SL.UEM.TOTL.ZS,1.07
BHR,Bahrain,2008,SL.UEM.TOTL.ZS,1.015
BHR,Bahrain,2007,SL.UEM.TOTL.ZS,1.006
BHR,Bahrain,2006,SL.UEM.TOTL.ZS,1.021
BHR,Bahrain,2005,SL.UEM.TOTL.ZS,1.021
BGD,Bangladesh,2025,SL.UEM.TOTL.ZS,3.778
BGD,Bangladesh,2024,SL.UEM.TOTL.ZS,3.635
BGD,Bangladesh,2023,SL.UEM.TOTL.ZS,3.352
BGD,Bangladesh,2022,SL.UEM.TOTL.ZS,4.593
BGD,Bangladesh,2021,SL.UEM.TOTL.ZS,5.457
BGD,Bangladesh,2020,SL.UEM.TOTL.ZS,5.539
BGD,Bangladesh,2019,SL.UEM.TOTL.ZS,4.504
BGD,Bangladesh,2018,SL.UEM.TOTL.ZS,4.439
BGD,Bangladesh,2017,SL.UEM.TOTL.ZS,4.372
BGD,Bangladesh,2016,SL.UEM.TOTL.ZS,4.35
BGD,Bangladesh,2015,SL.UEM.TOTL.ZS,4.397
BGD,Bangladesh,2014,SL.UEM.TOTL.ZS,4.417
BGD,Bangladesh,2013,SL.UEM.TOTL.ZS,4.426
BGD,Bangladesh,2012,SL.UEM.TOTL.ZS,4.07
BGD,Bangladesh,2011,SL.UEM.TOTL.ZS,3.737
BGD,Bangladesh,2010,SL.UEM.TOTL.ZS,3.379
BGD,Bangladesh,2009,SL.UEM.TOTL.ZS,5.0
BGD,Bangladesh,2008,SL.UEM.TOTL.ZS,4.49
BGD,Bangladesh,2007,SL.UEM.TOTL.ZS,4.015
BGD,Bangladesh,2006,SL.UEM.TOTL.ZS,3.591
BGD,Bangladesh,2005,SL.UEM.TOTL.ZS,4.25
BRB,Barbados,2025,SL.UEM.TOTL.ZS,6.524
BRB,Barbados,2024,SL.UEM.TOTL.ZS,6.448
BRB,Barbados,2023,SL.UEM.TOTL.ZS,6.54
BRB,Barbados,2022,SL.UEM.TOTL.ZS,7.261
BRB,Barbados,2021,SL.UEM.TOTL.ZS,11.015
BRB,Barbados,2020,SL.UEM.TOTL.ZS,10.586
BRB,Barbados,2019,SL.UEM.TOTL.ZS,8.41
BRB,Barbados,2018,SL.UEM.TOTL.ZS,8.321
BRB,Barbados,2017,SL.UEM.TOTL.ZS,8.62
BRB,Barbados,2016,SL.UEM.TOTL.ZS,8.247
BRB,Barbados,2015,SL.UEM.TOTL.ZS,9.803
BRB,Barbados,2014,SL.UEM.TOTL.ZS,12.17
BRB,Barbados,2013,SL.UEM.TOTL.ZS,11.55
BRB,Barbados,2012,SL.UEM.TOTL.ZS,11.59
BRB,Barbados,2011,SL.UEM.TOTL.ZS,11.19
BRB,Barbados,2010,SL.UEM.TOTL.ZS,10.69
BRB,Barbados,2009,SL.UEM.TOTL.ZS,10.02
BRB,Barbados,2008,SL.UEM.TOTL.ZS,8.12
BRB,Barbados,2007,SL.UEM.TOTL.ZS,7.41
BRB,Barbados,2006,SL.UEM.TOTL.ZS,8.73
BRB,Barbados,2005,SL.UEM.TOTL.ZS,9.08
BLR,Belarus,2025,SL.UEM.TOTL.ZS,3.38
BLR,Belarus,2024,SL.UEM.TOTL.ZS,3.458
BLR,Belarus,2023,SL.UEM.TOTL.ZS,3.461
BLR,Belarus,2022,SL.UEM.TOTL.ZS,3.574
BLR,Belarus,2021,SL.UEM.TOTL.ZS,3.9
BLR,Belarus,2020,SL.UEM.TOTL.ZS,4.049
BLR,Belarus,2019,SL.UEM.TOTL.ZS,4.165
BLR,Belarus,2018,SL.UEM.TOTL.ZS,4.763
BLR,Belarus,2017,SL.UEM.TOTL.ZS,5.648
BLR,Belarus,2016,SL.UEM.TOTL.ZS,5.844
BLR,Belarus,2015,SL.UEM.TOTL.ZS,5.881
BLR,Belarus,2014,SL.UEM.TOTL.ZS,5.908
BLR,Belarus,2013,SL.UEM.TOTL.ZS,5.942
BLR,Belarus,2012,SL.UEM.TOTL.ZS,5.962
BLR,Belarus,2011,SL.UEM.TOTL.ZS,6.024
BLR,Belarus,2010,SL.UEM.TOTL.ZS,6.052
BLR,Belarus,2009,SL.UEM.TOTL.ZS,6.1
BLR,Belarus,2008,SL.UEM.TOTL.ZS,6.728
BLR,Belarus,2007,SL.UEM.TOTL.ZS,7.41
BLR,Belarus,2006,SL.UEM.TOTL.ZS,8.066
BLR,Belarus,2005,SL.UEM.TOTL.ZS,8.759
BEL,Belgium,2025,SL.UEM.TOTL.ZS,5.906
BEL,Belgium,2024,SL.UEM.TOTL.ZS,5.7
BEL,Belgium,2023,SL.UEM.TOTL.ZS,5.547
BEL,Belgium,2022,SL.UEM.TOTL.ZS,5.57
BEL,Belgium,2021,SL.UEM.TOTL.ZS,6.248
BEL,Belgium,2020,SL.UEM.TOTL.ZS,5.545
BEL,Belgium,2019,SL.UEM.TOTL.ZS,5.364
BEL,Belgium,2018,SL.UEM.TOTL.ZS,5.941
BEL,Belgium,2017,SL.UEM.TOTL.ZS,7.09
BEL,Belgium,2016,SL.UEM.TOTL.ZS,7.83
BEL,Belgium,2015,SL.UEM.TOTL.ZS,8.482
BEL,Belgium,2014,SL.UEM.TOTL.ZS,8.523
BEL,Belgium,2013,SL.UEM.TOTL.ZS,8.425
BEL,Belgium,2012,SL.UEM.TOTL.ZS,7.542
BEL,Belgium,2011,SL.UEM.TOTL.ZS,7.14
BEL,Belgium,2010,SL.UEM.TOTL.ZS,8.293
BEL,Belgium,2009,SL.UEM.TOTL.ZS,7.908
BEL,Belgium,2008,SL.UEM.TOTL.ZS,6.976
BEL,Belgium,2007,SL.UEM.TOTL.ZS,7.459
BEL,Belgium,2006,SL.UEM.TOTL.ZS,8.246
BEL,Belgium,2005,SL.UEM.TOTL.ZS,8.44
BLZ,Belize,2025,SL.UEM.TOTL.ZS,8.856
BLZ,Belize,2024,SL.UEM.TOTL.ZS,8.698
BLZ,Belize,2023,SL.UEM.TOTL.ZS,8.278
BLZ,Belize,2022,SL.UEM.TOTL.ZS,8.682
BLZ,Belize,2021,SL.UEM.TOTL.ZS,10.302
BLZ,Belize,2020,SL.UEM.TOTL.ZS,10.763
BLZ,Belize,2019,SL.UEM.TOTL.ZS,9.053
BLZ,Belize,2018,SL.UEM.TOTL.ZS,9.346
BLZ,Belize,2017,SL.UEM.TOTL.ZS,6.596
BLZ,Belize,2016,SL.UEM.TOTL.ZS,7.0
BLZ,Belize,2015,SL.UEM.TOTL.ZS,7.578
BLZ,Belize,2014,SL.UEM.TOTL.ZS,8.244
BLZ,Belize,2013,SL.UEM.TOTL.ZS,8.349
BLZ,Belize,2012,SL.UEM.TOTL.ZS,8.378
BLZ,Belize,2011,SL.UEM.TOTL.ZS,8.424
BLZ,Belize,2010,SL.UEM.TOTL.ZS,8.412
BLZ,Belize,2009,SL.UEM.TOTL.ZS,8.323
BLZ,Belize,2008,SL.UEM.TOTL.ZS,8.18
BLZ,Belize,2007,SL.UEM.TOTL.ZS,8.51
BLZ,Belize,2006,SL.UEM.TOTL.ZS,9.39
BLZ,Belize,2005,SL.UEM.TOTL.ZS,10.91
BEN,Benin,2025,SL.UEM.TOTL.ZS,1.589
BEN,Benin,2024,SL.UEM.TOTL.ZS,1.637
BEN,Benin,2023,SL.UEM.TOTL.ZS,1.641
BEN,Benin,2022,SL.UEM.TOTL.ZS,1.685
BEN,Benin,2021,SL.UEM.TOTL.ZS,1.833
BEN,Benin,2020,SL.UEM.TOTL.ZS,1.518
BEN,Benin,2019,SL.UEM.TOTL.ZS,1.214
BEN,Benin,2018,SL.UEM.TOTL.ZS,1.426
BEN,Benin,2017,SL.UEM.TOTL.ZS,1.691
BEN,Benin,2016,SL.UEM.TOTL.ZS,1.834
BEN,Benin,2015,SL.UEM.TOTL.ZS,1.886
BEN,Benin,2014,SL.UEM.TOTL.ZS,1.952
BEN,Benin,2013,SL.UEM.TOTL.ZS,2.198
BEN,Benin,2012,SL.UEM.TOTL.ZS,2.458
BEN,Benin,2011,SL.UEM.TOTL.ZS,2.647
BEN,Benin,2010,SL.UEM.TOTL.ZS,1.04
BEN,Benin,2009,SL.UEM.TOTL.ZS,0.95
BEN,Benin,2008,SL.UEM.TOTL.ZS,0.895
BEN,Benin,2007,SL.UEM.TOTL.ZS,0.902
BEN,Benin,2006,SL.UEM.TOTL.ZS,0.888
BEN,Benin,2005,SL.UEM.TOTL.ZS,0.859
BTN,Bhutan,2025,SL.UEM.TOTL.ZS,3.227
BTN,Bhutan,2024,SL.UEM.TOTL.ZS,3.282
BTN,Bhutan,2023,SL.UEM.TOTL.ZS,3.126
BTN,Bhutan,2022,SL.UEM.TOTL.ZS,5.947
BTN,Bhutan,2021,SL.UEM.TOTL.ZS,4.803
BTN,Bhutan,2020,SL.UEM.TOTL.ZS,5.03
BTN,Bhutan,2019,SL.UEM.TOTL.ZS,2.72
BTN,Bhutan,2018,SL.UEM.TOTL.ZS,3.35
BTN,Bhutan,2017,SL.UEM.TOTL.ZS,3.027
BTN,Bhutan,2016,SL.UEM.TOTL.ZS,2.707
BTN,Bhutan,2015,SL.UEM.TOTL.ZS,2.45
BTN,Bhutan,2014,SL.UEM.TOTL.ZS,2.63
BTN,Bhutan,2013,SL.UEM.TOTL.ZS,2.87
BTN,Bhutan,2012,SL.UEM.TOTL.ZS,2.05
BTN,Bhutan,2011,SL.UEM.TOTL.ZS,3.23
BTN,Bhutan,2010,SL.UEM.TOTL.ZS,3.32
BTN,Bhutan,2009,SL.UEM.TOTL.ZS,3.96
BTN,Bhutan,2008,SL.UEM.TOTL.ZS,3.848
BTN,Bhutan,2007,SL.UEM.TOTL.ZS,3.7
BTN,Bhutan,2006,SL.UEM.TOTL.ZS,3.13
BTN,Bhutan,2005,SL.UEM.TOTL.ZS,3.1
BOL,Bolivia,2025,SL.UEM.TOTL.ZS,2.967
BOL,Bolivia,2024,SL.UEM.TOTL.ZS,3.274
BOL,Bolivia,2023,SL.UEM.TOTL.ZS,3.024
BOL,Bolivia,2022,SL.UEM.TOTL.ZS,3.552
BOL,Bolivia,2021,SL.UEM.TOTL.ZS,5.089
BOL,Bolivia,2020,SL.UEM.TOTL.ZS,7.903
BOL,Bolivia,2019,SL.UEM.TOTL.ZS,3.682
BOL,Bolivia,2018,SL.UEM.TOTL.ZS,3.519
BOL,Bolivia,2017,SL.UEM.TOTL.ZS,3.655
BOL,Bolivia,2016,SL.UEM.TOTL.ZS,3.498
BOL,Bolivia,2015,SL.UEM.TOTL.ZS,3.111
BOL,Bolivia,2014,SL.UEM.TOTL.ZS,2.021
BOL,Bolivia,2013,SL.UEM.TOTL.ZS,2.437
BOL,Bolivia,2012,SL.UEM.TOTL.ZS,2.066
BOL,Bolivia,2011,SL.UEM.TOTL.ZS,2.255
BOL,Bolivia,2010,SL.UEM.TOTL.ZS,2.609
BOL,Bolivia,2009,SL.UEM.TOTL.ZS,2.973
BOL,Bolivia,2008,SL.UEM.TOTL.ZS,2.603
BOL,Bolivia,2007,SL.UEM.TOTL.ZS,2.614
BOL,Bolivia,2006,SL.UEM.TOTL.ZS,2.575
BOL,Bolivia,2005,SL.UEM.TOTL.ZS,2.598
BIH,Bosnia and Herzegovina,2025,SL.UEM.TOTL.ZS,11.037
BIH,Bosnia and Herzegovina,2024,SL.UEM.TOTL.ZS,10.69
BIH,Bosnia and Herzegovina,2023,SL.UEM.TOTL.ZS,10.668
BIH,Bosnia and Herzegovina,2022,SL.UEM.TOTL.ZS,12.657
BIH,Bosnia and Herzegovina,2021,SL.UEM.TOTL.ZS,14.897
BIH,Bosnia and Herzegovina,2020,SL.UEM.TOTL.ZS,15.868
BIH,Bosnia and Herzegovina,2019,SL.UEM.TOTL.ZS,15.692
BIH,Bosnia and Herzegovina,2018,SL.UEM.TOTL.ZS,18.4
BIH,Bosnia and Herzegovina,2017,SL.UEM.TOTL.ZS,20.527
BIH,Bosnia and Herzegovina,2016,SL.UEM.TOTL.ZS,25.408
BIH,Bosnia and Herzegovina,2015,SL.UEM.TOTL.ZS,27.695
BIH,Bosnia and Herzegovina,2014,SL.UEM.TOTL.ZS,27.517
BIH,Bosnia and Herzegovina,2013,SL.UEM.TOTL.ZS,27.49
BIH,Bosnia and Herzegovina,2012,SL.UEM.TOTL.ZS,28.01
BIH,Bosnia and Herzegovina,2011,SL.UEM.TOTL.ZS,27.582
BIH,Bosnia and Herzegovina,2010,SL.UEM.TOTL.ZS,27.312
BIH,Bosnia and Herzegovina,2009,SL.UEM.TOTL.ZS,24.068
BIH,Bosnia and Herzegovina,2008,SL.UEM.TOTL.ZS,23.405
BIH,Bosnia and Herzegovina,2007,SL.UEM.TOTL.ZS,28.984
BIH,Bosnia and Herzegovina,2006,SL.UEM.TOTL.ZS,31.11
BIH,Bosnia and Herzegovina,2005,SL.UEM.TOTL.ZS,30.218
BWA,Botswana,2025,SL.UEM.TOTL.ZS,24.477
BWA,Botswana,2024,SL.UEM.TOTL.ZS,23.81
BWA,Botswana,2023,SL.UEM.TOTL.ZS,23.381
BWA,Botswana,2022,SL.UEM.TOTL.ZS,23.615
BWA,Botswana,2021,SL.UEM.TOTL.ZS,23.106
BWA,Botswana,2020,SL.UEM.TOTL.ZS,21.017
BWA,Botswana,2019,SL.UEM.TOTL.ZS,20.094
BWA,Botswana,2018,SL.UEM.TOTL.ZS,19.665
BWA,Botswana,2017,SL.UEM.TOTL.ZS,19.671
BWA,Botswana,2016,SL.UEM.TOTL.ZS,19.328
BWA,Botswana,2015,SL.UEM.TOTL.ZS,18.915
BWA,Botswana,2014,SL.UEM.TOTL.ZS,18.484
BWA,Botswana,2013,SL.UEM.TOTL.ZS,18.167
BWA,Botswana,2012,SL.UEM.TOTL.ZS,17.916
BWA,Botswana,2011,SL.UEM.TOTL.ZS,18.049
BWA,Botswana,2010,SL.UEM.TOTL.ZS,17.86
BWA,Botswana,2009,SL.UEM.TOTL.ZS,16.169
BWA,Botswana,2008,SL.UEM.TOTL.ZS,16.293
BWA,Botswana,2007,SL.UEM.TOTL.ZS,16.976
BWA,Botswana,2006,SL.UEM.TOTL.ZS,17.782
BWA,Botswana,2005,SL.UEM.TOTL.ZS,19.852
BRA,Brazil,2025,SL.UEM.TOTL.ZS,5.97
BRA,Brazil,2024,SL.UEM.TOTL.ZS,6.801
BRA,Brazil,2023,SL.UEM.TOTL.ZS,7.947
BRA,Brazil,2022,SL.UEM.TOTL.ZS,9.231
BRA,Brazil,2021,SL.UEM.TOTL.ZS,13.158
BRA,Brazil,2020,SL.UEM.TOTL.ZS,13.697
BRA,Brazil,2019,SL.UEM.TOTL.ZS,11.936
BRA,Brazil,2018,SL.UEM.TOTL.ZS,12.329
BRA,Brazil,2017,SL.UEM.TOTL.ZS,12.792
BRA,Brazil,2016,SL.UEM.TOTL.ZS,11.58
BRA,Brazil,2015,SL.UEM.TOTL.ZS,8.538
BRA,Brazil,2014,SL.UEM.TOTL.ZS,6.755
BRA,Brazil,2013,SL.UEM.TOTL.ZS,7.071
BRA,Brazil,2012,SL.UEM.TOTL.ZS,7.251
BRA,Brazil,2011,SL.UEM.TOTL.ZS,7.578
BRA,Brazil,2010,SL.UEM.TOTL.ZS,8.42
BRA,Brazil,2009,SL.UEM.TOTL.ZS,9.419
BRA,Brazil,2008,SL.UEM.TOTL.ZS,8.268
BRA,Brazil,2007,SL.UEM.TOTL.ZS,9.28
BRA,Brazil,2006,SL.UEM.TOTL.ZS,9.692
BRA,Brazil,2005,SL.UEM.TOTL.ZS,10.551
BRN,Brunei Darussalam,2025,SL.UEM.TOTL.ZS,5.277
BRN,Brunei Darussalam,2024,SL.UEM.TOTL.ZS,5.18
BRN,Brunei Darussalam,2023,SL.UEM.TOTL.ZS,5.296
BRN,Brunei Darussalam,2022,SL.UEM.TOTL.ZS,5.191
BRN,Brunei Darussalam,2021,SL.UEM.TOTL.ZS,4.905
BRN,Brunei Darussalam,2020,SL.UEM.TOTL.ZS,7.409
BRN,Brunei Darussalam,2019,SL.UEM.TOTL.ZS,6.6
BRN,Brunei Darussalam,2018,SL.UEM.TOTL.ZS,8.7
BRN,Brunei Darussalam,2017,SL.UEM.TOTL.ZS,9.316
BRN,Brunei Darussalam,2016,SL.UEM.TOTL.ZS,8.537
BRN,Brunei Darussalam,2015,SL.UEM.TOTL.ZS,7.703
BRN,Brunei Darussalam,2014,SL.UEM.TOTL.ZS,6.862
BRN,Brunei Darussalam,2013,SL.UEM.TOTL.ZS,6.709
BRN,Brunei Darussalam,2012,SL.UEM.TOTL.ZS,6.571
BRN,Brunei Darussalam,2011,SL.UEM.TOTL.ZS,6.506
BRN,Brunei Darussalam,2010,SL.UEM.TOTL.ZS,6.487
BRN,Brunei Darussalam,2009,SL.UEM.TOTL.ZS,6.457
BRN,Brunei Darussalam,2008,SL.UEM.TOTL.ZS,6.312
BRN,Brunei Darussalam,2007,SL.UEM.TOTL.ZS,6.187
BRN,Brunei Darussalam,2006,SL.UEM.TOTL.ZS,6.061
BRN,Brunei Darussalam,2005,SL.UEM.TOTL.ZS,5.973
BGR,Bulgaria,2025,SL.UEM.TOTL.ZS,3.536
BGR,Bulgaria,2024,SL.UEM.TOTL.ZS,4.2
BGR,Bulgaria,2023,SL.UEM.TOTL.ZS,4.319
BGR,Bulgaria,2022,SL.UEM.TOTL.ZS,4.148
BGR,Bulgaria,2021,SL.UEM.TOTL.ZS,5.166
BGR,Bulgaria,2020,SL.UEM.TOTL.ZS,5.037
BGR,Bulgaria,2019,SL.UEM.TOTL.ZS,4.148
BGR,Bulgaria,2018,SL.UEM.TOTL.ZS,5.211
BGR,Bulgaria,2017,SL.UEM.TOTL.ZS,6.164
BGR,Bulgaria,2016,SL.UEM.TOTL.ZS,7.575
BGR,Bulgaria,2015,SL.UEM.TOTL.ZS,9.143
BGR,Bulgaria,2014,SL.UEM.TOTL.ZS,11.424
BGR,Bulgaria,2013,SL.UEM.TOTL.ZS,12.941
BGR,Bulgaria,2012,SL.UEM.TOTL.ZS,12.27
BGR,Bulgaria,2011,SL.UEM.TOTL.ZS,11.26
BGR,Bulgaria,2010,SL.UEM.TOTL.ZS,10.279
BGR,Bulgaria,2009,SL.UEM.TOTL.ZS,6.817
BGR,Bulgaria,2008,SL.UEM.TOTL.ZS,5.609
BGR,Bulgaria,2007,SL.UEM.TOTL.ZS,6.878
BGR,Bulgaria,2006,SL.UEM.TOTL.ZS,8.951
BGR,Bulgaria,2005,SL.UEM.TOTL.ZS,10.083
BFA,Burkina Faso,2025,SL.UEM.TOTL.ZS,3.477
BFA,Burkina Faso,2024,SL.UEM.TOTL.ZS,3.441
BFA,Burkina Faso,2023,SL.UEM.TOTL.ZS,3.601
BFA,Burkina Faso,2022,SL.UEM.TOTL.ZS,3.828
BFA,Burkina Faso,2021,SL.UEM.TOTL.ZS,4.511
BFA,Burkina Faso,2020,SL.UEM.TOTL.ZS,4.59
BFA,Burkina Faso,2019,SL.UEM.TOTL.ZS,4.493
BFA,Burkina Faso,2018,SL.UEM.TOTL.ZS,4.695
BFA,Burkina Faso,2017,SL.UEM.TOTL.ZS,4.662
BFA,Burkina Faso,2016,SL.UEM.TOTL.ZS,4.598
BFA,Burkina Faso,2015,SL.UEM.TOTL.ZS,4.472
BFA,Burkina Faso,2014,SL.UEM.TOTL.ZS,4.255
BFA,Burkina Faso,2013,SL.UEM.TOTL.ZS,4.054
BFA,Burkina Faso,2012,SL.UEM.TOTL.ZS,3.849
BFA,Burkina Faso,2011,SL.UEM.TOTL.ZS,3.827
BFA,Burkina Faso,2010,SL.UEM.TOTL.ZS,3.725
BFA,Burkina Faso,2009,SL.UEM.TOTL.ZS,3.723
BFA,Burkina Faso,2008,SL.UEM.TOTL.ZS,3.501
BFA,Burkina Faso,2007,SL.UEM.TOTL.ZS,3.3
BFA,Burkina Faso,2006,SL.UEM.TOTL.ZS,3.67
BFA,Burkina Faso,2005,SL.UEM.TOTL.ZS,4.0
BDI,Burundi,2025,SL.UEM.TOTL.ZS,0.922
BDI,Burundi,2024,SL.UEM.TOTL.ZS,0.915
BDI,Burundi,2023,SL.UEM.TOTL.ZS,0.911
BDI,Burundi,2022,SL.UEM.TOTL.ZS,0.909
BDI,Burundi,2021,SL.UEM.TOTL.ZS,1.118
BDI,Burundi,2020,SL.UEM.TOTL.ZS,1.03
BDI,Burundi,2019,SL.UEM.TOTL.ZS,1.043
BDI,Burundi,2018,SL.UEM.TOTL.ZS,1.147
BDI,Burundi,2017,SL.UEM.TOTL.ZS,1.25
BDI,Burundi,2016,SL.UEM.TOTL.ZS,1.352
BDI,Burundi,2015,SL.UEM.TOTL.ZS,1.449
BDI,Burundi,2014,SL.UEM.TOTL.ZS,1.572
BDI,Burundi,2013,SL.UEM.TOTL.ZS,1.584
BDI,Burundi,2012,SL.UEM.TOTL.ZS,1.593
BDI,Burundi,2011,SL.UEM.TOTL.ZS,1.602
BDI,Burundi,2010,SL.UEM.TOTL.ZS,1.615
BDI,Burundi,2009,SL.UEM.TOTL.ZS,1.622
BDI,Burundi,2008,SL.UEM.TOTL.ZS,1.634
BDI,Burundi,2007,SL.UEM.TOTL.ZS,2.404
BDI,Burundi,2006,SL.UEM.TOTL.ZS,3.185
BDI,Burundi,2005,SL.UEM.TOTL.ZS,3.162
CPV,Cabo Verde,2025,SL.UEM.TOTL.ZS,11.939
CPV,Cabo Verde,2024,SL.UEM.TOTL.ZS,11.883
CPV,Cabo Verde,2023,SL.UEM.TOTL.ZS,11.882
CPV,Cabo Verde,2022,SL.UEM.TOTL.ZS,12.239
CPV,Cabo Verde,2021,SL.UEM.TOTL.ZS,13.932
CPV,Cabo Verde,2020,SL.UEM.TOTL.ZS,14.65
CPV,Cabo Verde,2019,SL.UEM.TOTL.ZS,12.123
CPV,Cabo Verde,2018,SL.UEM.TOTL.ZS,12.17
CPV,Cabo Verde,2017,SL.UEM.TOTL.ZS,12.24
CPV,Cabo Verde,2016,SL.UEM.TOTL.ZS,12.085
CPV,Cabo Verde,2015,SL.UEM.TOTL.ZS,11.923
CPV,Cabo Verde,2014,SL.UEM.TOTL.ZS,11.689
CPV,Cabo Verde,2013,SL.UEM.TOTL.ZS,11.398
CPV,Cabo Verde,2012,SL.UEM.TOTL.ZS,11.145
CPV,Cabo Verde,2011,SL.UEM.TOTL.ZS,10.956
CPV,Cabo Verde,2010,SL.UEM.TOTL.ZS,10.67
CPV,Cabo Verde,2009,SL.UEM.TOTL.ZS,13.517
CPV,Cabo Verde,2008,SL.UEM.TOTL.ZS,13.307
CPV,Cabo Verde,2007,SL.UEM.TOTL.ZS,13.294
CPV,Cabo Verde,2006,SL.UEM.TOTL.ZS,13.378
CPV,Cabo Verde,2005,SL.UEM.TOTL.ZS,13.439
KHM,Cambodia,2025,SL.UEM.TOTL.ZS,0.263
KHM,Cambodia,2024,SL.UEM.TOTL.ZS,0.254
KHM,Cambodia,2023,SL.UEM.TOTL.ZS,0.256
KHM,Cambodia,2022,SL.UEM.TOTL.ZS,0.245
KHM,Cambodia,2021,SL.UEM.TOTL.ZS,0.396
KHM,Cambodia,2020,SL.UEM.TOTL.ZS,0.172
KHM,Cambodia,2019,SL.UEM.TOTL.ZS,0.119
KHM,Cambodia,2018,SL.UEM.TOTL.ZS,0.129
KHM,Cambodia,2017,SL.UEM.TOTL.ZS,0.141
KHM,Cambodia,2016,SL.UEM.TOTL.ZS,0.716
KHM,Cambodia,2015,SL.UEM.TOTL.ZS,0.393
KHM,Cambodia,2014,SL.UEM.TOTL.ZS,0.692
KHM,Cambodia,2013,SL.UEM.TOTL.ZS,0.438
KHM,Cambodia,2012,SL.UEM.TOTL.ZS,0.505
KHM,Cambodia,2011,SL.UEM.TOTL.ZS,0.577
KHM,Cambodia,2010,SL.UEM.TOTL.ZS,0.771
KHM,Cambodia,2009,SL.UEM.TOTL.ZS,0.579
KHM,Cambodia,2008,SL.UEM.TOTL.ZS,0.825
KHM,Cambodia,2007,SL.UEM.TOTL.ZS,1.257
KHM,Cambodia,2006,SL.UEM.TOTL.ZS,1.16
KHM,Cambodia,2005,SL.UEM.TOTL.ZS,1.061
CMR,Cameroon,2025,SL.UEM.TOTL.ZS,3.602
CMR,Cameroon,2024,SL.UEM.TOTL.ZS,3.603
CMR,Cameroon,2023,SL.UEM.TOTL.ZS,3.607
CMR,Cameroon,2022,SL.UEM.TOTL.ZS,3.646
CMR,Cameroon,2021,SL.UEM.TOTL.ZS,3.976
CMR,Cameroon,2020,SL.UEM.TOTL.ZS,3.881
CMR,Cameroon,2019,SL.UEM.TOTL.ZS,3.632
CMR,Cameroon,2018,SL.UEM.TOTL.ZS,3.608
CMR,Cameroon,2017,SL.UEM.TOTL.ZS,3.573
CMR,Cameroon,2016,SL.UEM.TOTL.ZS,3.529
CMR,Cameroon,2015,SL.UEM.TOTL.ZS,3.518
CMR,Cameroon,2014,SL.UEM.TOTL.ZS,3.534
CMR,Cameroon,2013,SL.UEM.TOTL.ZS,3.686
CMR,Cameroon,2012,SL.UEM.TOTL.ZS,3.836
CMR,Cameroon,2011,SL.UEM.TOTL.ZS,3.988
CMR,Cameroon,2010,SL.UEM.TOTL.ZS,4.11
CMR,Cameroon,2009,SL.UEM.TOTL.ZS,3.743
CMR,Cameroon,2008,SL.UEM.TOTL.ZS,3.386
CMR,Cameroon,2007,SL.UEM.TOTL.ZS,3.063
CMR,Cameroon,2006,SL.UEM.TOTL.ZS,3.729
CMR,Cameroon,2005,SL.UEM.TOTL.ZS,4.4
CAN,Canada,2025,SL.UEM.TOTL.ZS,6.907
CAN,Canada,2024,SL.UEM.TOTL.ZS,6.351
CAN,Canada,2023,SL.UEM.TOTL.ZS,5.415
CAN,Canada,2022,SL.UEM.TOTL.ZS,5.279
CAN,Canada,2021,SL.UEM.TOTL.ZS,7.527
CAN,Canada,2020,SL.UEM.TOTL.ZS,9.657
CAN,Canada,2019,SL.UEM.TOTL.ZS,5.69
CAN,Canada,2018,SL.UEM.TOTL.ZS,5.837
CAN,Canada,2017,SL.UEM.TOTL.ZS,6.426
CAN,Canada,2016,SL.UEM.TOTL.ZS,7.038
CAN,Canada,2015,SL.UEM.TOTL.ZS,6.945
CAN,Canada,2014,SL.UEM.TOTL.ZS,7.023
CAN,Canada,2013,SL.UEM.TOTL.ZS,7.143
CAN,Canada,2012,SL.UEM.TOTL.ZS,7.392
CAN,Canada,2011,SL.UEM.TOTL.ZS,7.637
CAN,Canada,2010,SL.UEM.TOTL.ZS,8.178
CAN,Canada,2009,SL.UEM.TOTL.ZS,8.46
CAN,Canada,2008,SL.UEM.TOTL.ZS,6.284
CAN,Canada,2007,SL.UEM.TOTL.ZS,6.156
CAN,Canada,2006,SL.UEM.TOTL.ZS,6.484
CAN,Canada,2005,SL.UEM.TOTL.ZS,6.758
CAF,Central African Republic,2025,SL.UEM.TOTL.ZS,6.251
CAF,Central African Republic,2024,SL.UEM.TOTL.ZS,6.253
CAF,Central African Republic,2023,SL.UEM.TOTL.ZS,6.181
CAF,Central African Republic,2022,SL.UEM.TOTL.ZS,6.287
CAF,Central African Republic,2021,SL.UEM.TOTL.ZS,6.701
CAF,Central African Republic,2020,SL.UEM.TOTL.ZS,6.519
CAF,Central African Republic,2019,SL.UEM.TOTL.ZS,5.916
CAF,Central African Republic,2018,SL.UEM.TOTL.ZS,5.825
CAF,Central African Republic,2017,SL.UEM.TOTL.ZS,5.836
CAF,Central African Republic,2016,SL.UEM.TOTL.ZS,5.793
CAF,Central African Republic,2015,SL.UEM.TOTL.ZS,5.775
CAF,Central African Republic,2014,SL.UEM.TOTL.ZS,5.633
CAF,Central African Republic,2013,SL.UEM.TOTL.ZS,5.566
CAF,Central African Republic,2012,SL.UEM.TOTL.ZS,5.58
CAF,Central African Republic,2011,SL.UEM.TOTL.ZS,5.638
CAF,Central African Republic,2010,SL.UEM.TOTL.ZS,5.658
CAF,Central African Republic,2009,SL.UEM.TOTL.ZS,5.575
CAF,Central African Republic,2008,SL.UEM.TOTL.ZS,5.51
CAF,Central African Republic,2007,SL.UEM.TOTL.ZS,5.562
CAF,Central African Republic,2006,SL.UEM.TOTL.ZS,5.61
CAF,Central African Republic,2005,SL.UEM.TOTL.ZS,5.691
TCD,Chad,2025,SL.UEM.TOTL.ZS,1.057
TCD,Chad,2024,SL.UEM.TOTL.ZS,1.053
TCD,Chad,2023,SL.UEM.TOTL.ZS,1.059
TCD,Chad,2022,SL.UEM.TOTL.ZS,1.081
TCD,Chad,2021,SL.UEM.TOTL.ZS,1.53
TCD,Chad,2020,SL.UEM.TOTL.ZS,1.695
TCD,Chad,2019,SL.UEM.TOTL.ZS,1.077
TCD,Chad,2018,SL.UEM.TOTL.ZS,1.135
TCD,Chad,2017,SL.UEM.TOTL.ZS,1.132
TCD,Chad,2016,SL.UEM.TOTL.ZS,1.091
TCD,Chad,2015,SL.UEM.TOTL.ZS,1.032
TCD,Chad,2014,SL.UEM.TOTL.ZS,0.984
TCD,Chad,2013,SL.UEM.TOTL.ZS,0.955
TCD,Chad,2012,SL.UEM.TOTL.ZS,0.886
TCD,Chad,2011,SL.UEM.TOTL.ZS,0.92
TCD,Chad,2010,SL.UEM.TOTL.ZS,0.911
TCD,Chad,2009,SL.UEM.TOTL.ZS,0.943
TCD,Chad,2008,SL.UEM.TOTL.ZS,0.922
TCD,Chad,2007,SL.UEM.TOTL.ZS,0.839
TCD,Chad,2006,SL.UEM.TOTL.ZS,0.716
TCD,Chad,2005,SL.UEM.TOTL.ZS,0.663
CHI,Channel Islands,2025,SL.UEM.TOTL.ZS,6.169
CHI,Channel Islands,2024,SL.UEM.TOTL.ZS,6.031
CHI,Channel Islands,2023,SL.UEM.TOTL.ZS,5.928
CHI,Channel Islands,2022,SL.UEM.TOTL.ZS,5.923
CHI,Channel Islands,2021,SL.UEM.TOTL.ZS,6.643
CHI,Channel Islands,2020,SL.UEM.TOTL.ZS,6.633
CHI,Channel Islands,2019,SL.UEM.TOTL.ZS,6.185
CHI,Channel Islands,2018,SL.UEM.TOTL.ZS,6.344
CHI,Channel Islands,2017,SL.UEM.TOTL.ZS,6.881
CHI,Channel Islands,2016,SL.UEM.TOTL.ZS,7.469
CHI,Channel Islands,2015,SL.UEM.TOTL.ZS,7.928
CHI,Channel Islands,2014,SL.UEM.TOTL.ZS,8.319
CHI,Channel Islands,2013,SL.UEM.TOTL.ZS,8.572
CHI,Channel Islands,2012,SL.UEM.TOTL.ZS,8.028
CHI,Channel Islands,2011,SL.UEM.TOTL.ZS,7.244
CHI,Channel Islands,2010,SL.UEM.TOTL.ZS,7.024
CHI,Channel Islands,2009,SL.UEM.TOTL.ZS,6.674
CHI,Channel Islands,2008,SL.UEM.TOTL.ZS,5.295
CHI,Channel Islands,2007,SL.UEM.TOTL.ZS,5.23
CHI,Channel Islands,2006,SL.UEM.TOTL.ZS,5.571
CHI,Channel Islands,2005,SL.UEM.TOTL.ZS,5.833
CHL,Chile,2025,SL.UEM.TOTL.ZS,8.974
CHL,Chile,2024,SL.UEM.TOTL.ZS,8.718
CHL,Chile,2023,SL.UEM.TOTL.ZS,9.013
CHL,Chile,2022,SL.UEM.TOTL.ZS,8.249
CHL,Chile,2021,SL.UEM.TOTL.ZS,9.281
CHL,Chile,2020,SL.UEM.TOTL.ZS,10.934
CHL,Chile,2019,SL.UEM.TOTL.ZS,7.493
CHL,Chile,2018,SL.UEM.TOTL.ZS,7.623
CHL,Chile,2017,SL.UEM.TOTL.ZS,7.257
CHL,Chile,2016,SL.UEM.TOTL.ZS,6.926
CHL,Chile,2015,SL.UEM.TOTL.ZS,6.605
CHL,Chile,2014,SL.UEM.TOTL.ZS,6.761
CHL,Chile,2013,SL.UEM.TOTL.ZS,6.361
CHL,Chile,2012,SL.UEM.TOTL.ZS,6.79
CHL,Chile,2011,SL.UEM.TOTL.ZS,7.492
CHL,Chile,2010,SL.UEM.TOTL.ZS,8.547
CHL,Chile,2009,SL.UEM.TOTL.ZS,11.313
CHL,Chile,2008,SL.UEM.TOTL.ZS,9.285
CHL,Chile,2007,SL.UEM.TOTL.ZS,8.427
CHL,Chile,2006,SL.UEM.TOTL.ZS,9.024
CHL,Chile,2005,SL.UEM.TOTL.ZS,9.34
CHN,China,2025,SL.UEM.TOTL.ZS,4.615
CHN,China,2024,SL.UEM.TOTL.ZS,4.59
CHN,China,2023,SL.UEM.TOTL.ZS,4.67
CHN,China,2022,SL.UEM.TOTL.ZS,4.98
CHN,China,2021,SL.UEM.TOTL.ZS,4.55
CHN,China,2020,SL.UEM.TOTL.ZS,5.0
CHN,China,2019,SL.UEM.TOTL.ZS,4.56
CHN,China,2018,SL.UEM.TOTL.ZS,4.31
CHN,China,2017,SL.UEM.TOTL.ZS,4.47
CHN,China,2016,SL.UEM.TOTL.ZS,4.56
CHN,China,2015,SL.UEM.TOTL.ZS,4.65
CHN,China,2014,SL.UEM.TOTL.ZS,4.63
CHN,China,2013,SL.UEM.TOTL.ZS,4.6
CHN,China,2012,SL.UEM.TOTL.ZS,4.58
CHN,China,2011,SL.UEM.TOTL.ZS,4.55
CHN,China,2010,SL.UEM.TOTL.ZS,4.53
CHN,China,2009,SL.UEM.TOTL.ZS,4.72
CHN,China,2008,SL.UEM.TOTL.ZS,4.59
CHN,China,2007,SL.UEM.TOTL.ZS,4.35
CHN,China,2006,SL.UEM.TOTL.ZS,4.43
CHN,China,2005,SL.UEM.TOTL.ZS,4.52
COL,Colombia,2025,SL.UEM.TOTL.ZS,8.29
COL,Colombia,2024,SL.UEM.TOTL.ZS,9.619
COL,Colombia,2023,SL.UEM.TOTL.ZS,9.591
COL,Colombia,2022,SL.UEM.TOTL.ZS,10.541
COL,Colombia,2021,SL.UEM.TOTL.ZS,13.898
COL,Colombia,2020,SL.UEM.TOTL.ZS,15.983
COL,Colombia,2019,SL.UEM.TOTL.ZS,10.28
COL,Colombia,2018,SL.UEM.TOTL.ZS,9.36
COL,Colombia,2017,SL.UEM.TOTL.ZS,9.086
COL,Colombia,2016,SL.UEM.TOTL.ZS,8.922
COL,Colombia,2015,SL.UEM.TOTL.ZS,8.572
COL,Colombia,2014,SL.UEM.TOTL.ZS,8.799
COL,Colombia,2013,SL.UEM.TOTL.ZS,9.246
COL,Colombia,2012,SL.UEM.TOTL.ZS,9.959
COL,Colombia,2011,SL.UEM.TOTL.ZS,10.288
COL,Colombia,2010,SL.UEM.TOTL.ZS,11.153
COL,Colombia,2009,SL.UEM.TOTL.ZS,12.066
COL,Colombia,2008,SL.UEM.TOTL.ZS,11.273
COL,Colombia,2007,SL.UEM.TOTL.ZS,11.204
COL,Colombia,2006,SL.UEM.TOTL.ZS,11.088
COL,Colombia,2005,SL.UEM.TOTL.ZS,11.062
COM,Comoros,2025,SL.UEM.TOTL.ZS,3.819
COM,Comoros,2024,SL.UEM.TOTL.ZS,3.815
COM,Comoros,2023,SL.UEM.TOTL.ZS,3.833
COM,Comoros,2022,SL.UEM.TOTL.ZS,3.879
COM,Comoros,2021,SL.UEM.TOTL.ZS,4.394
COM,Comoros,2020,SL.UEM.TOTL.ZS,4.468
COM,Comoros,2019,SL.UEM.TOTL.ZS,3.926
COM,Comoros,2018,SL.UEM.TOTL.ZS,3.975
COM,Comoros,2017,SL.UEM.TOTL.ZS,4.049
COM,Comoros,2016,SL.UEM.TOTL.ZS,4.117
COM,Comoros,2015,SL.UEM.TOTL.ZS,4.031
COM,Comoros,2014,SL.UEM.TOTL.ZS,3.984
COM,Comoros,2013,SL.UEM.TOTL.ZS,3.98
COM,Comoros,2012,SL.UEM.TOTL.ZS,4.091
COM,Comoros,2011,SL.UEM.TOTL.ZS,4.12
COM,Comoros,2010,SL.UEM.TOTL.ZS,4.19
COM,Comoros,2009,SL.UEM.TOTL.ZS,4.303
COM,Comoros,2008,SL.UEM.TOTL.ZS,4.416
COM,Comoros,2007,SL.UEM.TOTL.ZS,4.474
COM,Comoros,2006,SL.UEM.TOTL.ZS,4.482
COM,Comoros,2005,SL.UEM.TOTL.ZS,4.527
COD,"Congo, Dem. Rep.",2025,SL.UEM.TOTL.ZS,4.434
COD,"Congo, Dem. Rep.",2024,SL.UEM.TOTL.ZS,4.421
COD,"Congo, Dem. Rep.",2023,SL.UEM.TOTL.ZS,4.469
COD,"Congo, Dem. Rep.",2022,SL.UEM.TOTL.ZS,4.54
COD,"Congo, Dem. Rep.",2021,SL.UEM.TOTL.ZS,5.289
COD,"Congo, Dem. Rep.",2020,SL.UEM.TOTL.ZS,5.355
COD,"Congo, Dem. Rep.",2019,SL.UEM.TOTL.ZS,4.605
COD,"Congo, Dem. Rep.",2018,SL.UEM.TOTL.ZS,4.632
COD,"Congo, Dem. Rep.",2017,SL.UEM.TOTL.ZS,4.613
COD,"Congo, Dem. Rep.",2016,SL.UEM.TOTL.ZS,4.528
COD,"Congo, Dem. Rep.",2015,SL.UEM.TOTL.ZS,4.441
COD,"Congo, Dem. Rep.",2014,SL.UEM.TOTL.ZS,4.436
COD,"Congo, Dem. Rep.",2013,SL.UEM.TOTL.ZS,4.469
COD,"Congo, Dem. Rep.",2012,SL.UEM.TOTL.ZS,4.485
COD,"Congo, Dem. Rep.",2011,SL.UEM.TOTL.ZS,4.317
COD,"Congo, Dem. Rep.",2010,SL.UEM.TOTL.ZS,4.098
COD,"Congo, Dem. Rep.",2009,SL.UEM.TOTL.ZS,3.882
COD,"Congo, Dem. Rep.",2008,SL.UEM.TOTL.ZS,3.627
COD,"Congo, Dem. Rep.",2007,SL.UEM.TOTL.ZS,3.404
COD,"Congo, Dem. Rep.",2006,SL.UEM.TOTL.ZS,3.174
COD,"Congo, Dem. Rep.",2005,SL.UEM.TOTL.ZS,2.948
COG,"Congo, Rep.",2025,SL.UEM.TOTL.ZS,19.876
COG,"Congo, Rep.",2024,SL.UEM.TOTL.ZS,19.895
COG,"Congo, Rep.",2023,SL.UEM.TOTL.ZS,19.919
COG,"Congo, Rep.",2022,SL.UEM.TOTL.ZS,20.131
COG,"Congo, Rep.",2021,SL.UEM.TOTL.ZS,21.998
COG,"Congo, Rep.",2020,SL.UEM.TOTL.ZS,22.286
COG,"Congo, Rep.",2019,SL.UEM.TOTL.ZS,20.494
COG,"Congo, Rep.",2018,SL.UEM.TOTL.ZS,20.84
COG,"Congo, Rep.",2017,SL.UEM.TOTL.ZS,20.737
COG,"Congo, Rep.",2016,SL.UEM.TOTL.ZS,20.298
COG,"Congo, Rep.",2015,SL.UEM.TOTL.ZS,20.02
COG,"Congo, Rep.",2014,SL.UEM.TOTL.ZS,19.696
COG,"Congo, Rep.",2013,SL.UEM.TOTL.ZS,19.845
COG,"Congo, Rep.",2012,SL.UEM.TOTL.ZS,19.491
COG,"Congo, Rep.",2011,SL.UEM.TOTL.ZS,19.435
COG,"Congo, Rep.",2010,SL.UEM.TOTL.ZS,19.3
COG,"Congo, Rep.",2009,SL.UEM.TOTL.ZS,19.844
COG,"Congo, Rep.",2008,SL.UEM.TOTL.ZS,19.962
COG,"Congo, Rep.",2007,SL.UEM.TOTL.ZS,19.909
COG,"Congo, Rep.",2006,SL.UEM.TOTL.ZS,19.563
COG,"Congo, Rep.",2005,SL.UEM.TOTL.ZS,19.796
CRI,Costa Rica,2025,SL.UEM.TOTL.ZS,6.843
CRI,Costa Rica,2024,SL.UEM.TOTL.ZS,6.936
CRI,Costa Rica,2023,SL.UEM.TOTL.ZS,8.325
CRI,Costa Rica,2022,SL.UEM.TOTL.ZS,11.325
CRI,Costa Rica,2021,SL.UEM.TOTL.ZS,15.139
CRI,Costa Rica,2020,SL.UEM.TOTL.ZS,16.432
CRI,Costa Rica,2019,SL.UEM.TOTL.ZS,10.807
CRI,Costa Rica,2018,SL.UEM.TOTL.ZS,9.01
CRI,Costa Rica,2017,SL.UEM.TOTL.ZS,7.729
CRI,Costa Rica,2016,SL.UEM.TOTL.ZS,8.085
CRI,Costa Rica,2015,SL.UEM.TOTL.ZS,8.415
CRI,Costa Rica,2014,SL.UEM.TOTL.ZS,8.499
CRI,Costa Rica,2013,SL.UEM.TOTL.ZS,8.218
CRI,Costa Rica,2012,SL.UEM.TOTL.ZS,9.11
CRI,Costa Rica,2011,SL.UEM.TOTL.ZS,9.518
CRI,Costa Rica,2010,SL.UEM.TOTL.ZS,7.171
CRI,Costa Rica,2009,SL.UEM.TOTL.ZS,7.824
CRI,Costa Rica,2008,SL.UEM.TOTL.ZS,4.934
CRI,Costa Rica,2007,SL.UEM.TOTL.ZS,4.557
CRI,Costa Rica,2006,SL.UEM.TOTL.ZS,5.926
CRI,Costa Rica,2005,SL.UEM.TOTL.ZS,6.749
CIV,Cote d'Ivoire,2025,SL.UEM.TOTL.ZS,2.323
CIV,Cote d'Ivoire,2024,SL.UEM.TOTL.ZS,2.273
CIV,Cote d'Ivoire,2023,SL.UEM.TOTL.ZS,2.263
CIV,Cote d'Ivoire,2022,SL.UEM.TOTL.ZS,2.31
CIV,Cote d'Ivoire,2021,SL.UEM.TOTL.ZS,2.623
CIV,Cote d'Ivoire,2020,SL.UEM.TOTL.ZS,2.588
CIV,Cote d'Ivoire,2019,SL.UEM.TOTL.ZS,2.401
CIV,Cote d'Ivoire,2018,SL.UEM.TOTL.ZS,2.852
CIV,Cote d'Ivoire,2017,SL.UEM.TOTL.ZS,3.272
CIV,Cote d'Ivoire,2016,SL.UEM.TOTL.ZS,1.896
CIV,Cote d'Ivoire,2015,SL.UEM.TOTL.ZS,2.573
CIV,Cote d'Ivoire,2014,SL.UEM.TOTL.ZS,3.274
CIV,Cote d'Ivoire,2013,SL.UEM.TOTL.ZS,4.255
CIV,Cote d'Ivoire,2012,SL.UEM.TOTL.ZS,7.223
CIV,Cote d'Ivoire,2011,SL.UEM.TOTL.ZS,7.144
CIV,Cote d'Ivoire,2010,SL.UEM.TOTL.ZS,6.607
CIV,Cote d'Ivoire,2009,SL.UEM.TOTL.ZS,6.573
CIV,Cote d'Ivoire,2008,SL.UEM.TOTL.ZS,6.382
CIV,Cote d'Ivoire,2007,SL.UEM.TOTL.ZS,6.284
CIV,Cote d'Ivoire,2006,SL.UEM.TOTL.ZS,6.017
CIV,Cote d'Ivoire,2005,SL.UEM.TOTL.ZS,6.023
HRV,Croatia,2025,SL.UEM.TOTL.ZS,5.002
HRV,Croatia,2024,SL.UEM.TOTL.ZS,5.0
HRV,Croatia,2023,SL.UEM.TOTL.ZS,6.121
HRV,Croatia,2022,SL.UEM.TOTL.ZS,6.811
HRV,Croatia,2021,SL.UEM.TOTL.ZS,7.483
HRV,Croatia,2020,SL.UEM.TOTL.ZS,7.389
HRV,Croatia,2019,SL.UEM.TOTL.ZS,6.551
HRV,Croatia,2018,SL.UEM.TOTL.ZS,8.322
HRV,Croatia,2017,SL.UEM.TOTL.ZS,11.078
HRV,Croatia,2016,SL.UEM.TOTL.ZS,13.015
HRV,Croatia,2015,SL.UEM.TOTL.ZS,16.15
HRV,Croatia,2014,SL.UEM.TOTL.ZS,17.209
HRV,Croatia,2013,SL.UEM.TOTL.ZS,17.231
HRV,Croatia,2012,SL.UEM.TOTL.ZS,16.046
HRV,Croatia,2011,SL.UEM.TOTL.ZS,13.678
HRV,Croatia,2010,SL.UEM.TOTL.ZS,11.62
HRV,Croatia,2009,SL.UEM.TOTL.ZS,9.202
HRV,Croatia,2008,SL.UEM.TOTL.ZS,8.53
HRV,Croatia,2007,SL.UEM.TOTL.ZS,9.909
HRV,Croatia,2006,SL.UEM.TOTL.ZS,11.13
HRV,Croatia,2005,SL.UEM.TOTL.ZS,12.598
CUB,Cuba,2025,SL.UEM.TOTL.ZS,1.746
CUB,Cuba,2024,SL.UEM.TOTL.ZS,1.755
CUB,Cuba,2023,SL.UEM.TOTL.ZS,1.73
CUB,Cuba,2022,SL.UEM.TOTL.ZS,1.829
CUB,Cuba,2021,SL.UEM.TOTL.ZS,2.11
CUB,Cuba,2020,SL.UEM.TOTL.ZS,2.233
CUB,Cuba,2019,SL.UEM.TOTL.ZS,1.705
CUB,Cuba,2018,SL.UEM.TOTL.ZS,1.7
CUB,Cuba,2017,SL.UEM.TOTL.ZS,1.7
CUB,Cuba,2016,SL.UEM.TOTL.ZS,2.0
CUB,Cuba,2015,SL.UEM.TOTL.ZS,2.4
CUB,Cuba,2014,SL.UEM.TOTL.ZS,2.7
CUB,Cuba,2013,SL.UEM.TOTL.ZS,3.29
CUB,Cuba,2012,SL.UEM.TOTL.ZS,3.46
CUB,Cuba,2011,SL.UEM.TOTL.ZS,3.18
CUB,Cuba,2010,SL.UEM.TOTL.ZS,2.5
CUB,Cuba,2009,SL.UEM.TOTL.ZS,1.67
CUB,Cuba,2008,SL.UEM.TOTL.ZS,1.583
CUB,Cuba,2007,SL.UEM.TOTL.ZS,1.788
CUB,Cuba,2006,SL.UEM.TOTL.ZS,1.913
CUB,Cuba,2005,SL.UEM.TOTL.ZS,1.95
CYP,Cyprus,2025,SL.UEM.TOTL.ZS,4.924
CYP,Cyprus,2024,SL.UEM.TOTL.ZS,4.9
CYP,Cyprus,2023,SL.UEM.TOTL.ZS,5.835
CYP,Cyprus,2022,SL.UEM.TOTL.ZS,6.806
CYP,Cyprus,2021,SL.UEM.TOTL.ZS,7.513
CYP,Cyprus,2020,SL.UEM.TOTL.ZS,7.755
CYP,Cyprus,2019,SL.UEM.TOTL.ZS,7.155
CYP,Cyprus,2018,SL.UEM.TOTL.ZS,8.504
CYP,Cyprus,2017,SL.UEM.TOTL.ZS,11.155
CYP,Cyprus,2016,SL.UEM.TOTL.ZS,13.006
CYP,Cyprus,2015,SL.UEM.TOTL.ZS,15.026
CYP,Cyprus,2014,SL.UEM.TOTL.ZS,16.277
CYP,Cyprus,2013,SL.UEM.TOTL.ZS,16.131
CYP,Cyprus,2012,SL.UEM.TOTL.ZS,12.097
CYP,Cyprus,2011,SL.UEM.TOTL.ZS,7.942
CYP,Cyprus,2010,SL.UEM.TOTL.ZS,6.359
CYP,Cyprus,2009,SL.UEM.TOTL.ZS,5.594
CYP,Cyprus,2008,SL.UEM.TOTL.ZS,3.756
CYP,Cyprus,2007,SL.UEM.TOTL.ZS,3.946
CYP,Cyprus,2006,SL.UEM.TOTL.ZS,4.593
CYP,Cyprus,2005,SL.UEM.TOTL.ZS,5.481
CZE,Czechia,2025,SL.UEM.TOTL.ZS,2.825
CZE,Czechia,2024,SL.UEM.TOTL.ZS,2.6
CZE,Czechia,2023,SL.UEM.TOTL.ZS,2.579
CZE,Czechia,2022,SL.UEM.TOTL.ZS,2.224
CZE,Czechia,2021,SL.UEM.TOTL.ZS,2.803
CZE,Czechia,2020,SL.UEM.TOTL.ZS,2.55
CZE,Czechia,2019,SL.UEM.TOTL.ZS,2.015
CZE,Czechia,2018,SL.UEM.TOTL.ZS,2.246
CZE,Czechia,2017,SL.UEM.TOTL.ZS,2.893
CZE,Czechia,2016,SL.UEM.TOTL.ZS,3.952
CZE,Czechia,2015,SL.UEM.TOTL.ZS,5.048
CZE,Czechia,2014,SL.UEM.TOTL.ZS,6.108
CZE,Czechia,2013,SL.UEM.TOTL.ZS,6.953
CZE,Czechia,2012,SL.UEM.TOTL.ZS,6.979
CZE,Czechia,2011,SL.UEM.TOTL.ZS,6.712
CZE,Czechia,2010,SL.UEM.TOTL.ZS,7.281
CZE,Czechia,2009,SL.UEM.TOTL.ZS,6.662
CZE,Czechia,2008,SL.UEM.TOTL.ZS,4.392
CZE,Czechia,2007,SL.UEM.TOTL.ZS,5.316
CZE,Czechia,2006,SL.UEM.TOTL.ZS,7.141
CZE,Czechia,2005,SL.UEM.TOTL.ZS,7.927
DNK,Denmark,2025,SL.UEM.TOTL.ZS,5.529
DNK,Denmark,2024,SL.UEM.TOTL.ZS,5.358
DNK,Denmark,2023,SL.UEM.TOTL.ZS,5.094
DNK,Denmark,2022,SL.UEM.TOTL.ZS,4.434
DNK,Denmark,2021,SL.UEM.TOTL.ZS,5.065
DNK,Denmark,2020,SL.UEM.TOTL.ZS,5.644
DNK,Denmark,2019,SL.UEM.TOTL.ZS,5.018
DNK,Denmark,2018,SL.UEM.TOTL.ZS,5.131
DNK,Denmark,2017,SL.UEM.TOTL.ZS,5.833
DNK,Denmark,2016,SL.UEM.TOTL.ZS,5.989
DNK,Denmark,2015,SL.UEM.TOTL.ZS,6.278
DNK,Denmark,2014,SL.UEM.TOTL.ZS,6.925
DNK,Denmark,2013,SL.UEM.TOTL.ZS,7.384
DNK,Denmark,2012,SL.UEM.TOTL.ZS,7.798
DNK,Denmark,2011,SL.UEM.TOTL.ZS,7.769
DNK,Denmark,2010,SL.UEM.TOTL.ZS,7.746
DNK,Denmark,2009,SL.UEM.TOTL.ZS,6.409
DNK,Denmark,2008,SL.UEM.TOTL.ZS,3.683
DNK,Denmark,2007,SL.UEM.TOTL.ZS,3.801
DNK,Denmark,2006,SL.UEM.TOTL.ZS,3.897
DNK,Denmark,2005,SL.UEM.TOTL.ZS,4.83
DJI,Djibouti,2025,SL.UEM.TOTL.ZS,26.015
DJI,Djibouti,2024,SL.UEM.TOTL.ZS,26.007
DJI,Djibouti,2023,SL.UEM.TOTL.ZS,26.074
DJI,Djibouti,2022,SL.UEM.TOTL.ZS,26.272
DJI,Djibouti,2021,SL.UEM.TOTL.ZS,27.628
DJI,Djibouti,2020,SL.UEM.TOTL.ZS,27.701
DJI,Djibouti,2019,SL.UEM.TOTL.ZS,26.257
DJI,Djibouti,2018,SL.UEM.TOTL.ZS,26.18
DJI,Djibouti,2017,SL.UEM.TOTL.ZS,26.064
DJI,Djibouti,2016,SL.UEM.TOTL.ZS,25.982
DJI,Djibouti,2015,SL.UEM.TOTL.ZS,26.063
DJI,Djibouti,2014,SL.UEM.TOTL.ZS,26.16
DJI,Djibouti,2013,SL.UEM.TOTL.ZS,26.149
DJI,Djibouti,2012,SL.UEM.TOTL.ZS,26.179
DJI,Djibouti,2011,SL.UEM.TOTL.ZS,26.31
DJI,Djibouti,2010,SL.UEM.TOTL.ZS,26.368
DJI,Djibouti,2009,SL.UEM.TOTL.ZS,26.325
DJI,Djibouti,2008,SL.UEM.TOTL.ZS,26.183
DJI,Djibouti,2007,SL.UEM.TOTL.ZS,26.292
DJI,Djibouti,2006,SL.UEM.TOTL.ZS,26.382
DJI,Djibouti,2005,SL.UEM.TOTL.ZS,26.448
DOM,Dominican Republic,2025,SL.UEM.TOTL.ZS,5.092
DOM,Dominican Republic,2024,SL.UEM.TOTL.ZS,5.312
DOM,Dominican Republic,2023,SL.UEM.TOTL.ZS,5.555
DOM,Dominican Republic,2022,SL.UEM.TOTL.ZS,5.504
DOM,Dominican Republic,2021,SL.UEM.TOTL.ZS,7.702
DOM,Dominican Republic,2020,SL.UEM.TOTL.ZS,6.126
DOM,Dominican Republic,2019,SL.UEM.TOTL.ZS,6.356
DOM,Dominican Republic,2018,SL.UEM.TOTL.ZS,5.861
DOM,Dominican Republic,2017,SL.UEM.TOTL.ZS,5.832
DOM,Dominican Republic,2016,SL.UEM.TOTL.ZS,7.284
DOM,Dominican Republic,2015,SL.UEM.TOTL.ZS,7.605
DOM,Dominican Republic,2014,SL.UEM.TOTL.ZS,6.719
DOM,Dominican Republic,2013,SL.UEM.TOTL.ZS,7.351
DOM,Dominican Republic,2012,SL.UEM.TOTL.ZS,6.722
DOM,Dominican Republic,2011,SL.UEM.TOTL.ZS,6.087
DOM,Dominican Republic,2010,SL.UEM.TOTL.ZS,5.212
DOM,Dominican Republic,2009,SL.UEM.TOTL.ZS,5.467
DOM,Dominican Republic,2008,SL.UEM.TOTL.ZS,4.764
DOM,Dominican Republic,2007,SL.UEM.TOTL.ZS,5.158
DOM,Dominican Republic,2006,SL.UEM.TOTL.ZS,5.654
DOM,Dominican Republic,2005,SL.UEM.TOTL.ZS,6.587
ECU,Ecuador,2025,SL.UEM.TOTL.ZS,3.308
ECU,Ecuador,2024,SL.UEM.TOTL.ZS,3.453
ECU,Ecuador,2023,SL.UEM.TOTL.ZS,3.51
ECU,Ecuador,2022,SL.UEM.TOTL.ZS,3.713
ECU,Ecuador,2021,SL.UEM.TOTL.ZS,4.504
ECU,Ecuador,2020,SL.UEM.TOTL.ZS,6.116
ECU,Ecuador,2019,SL.UEM.TOTL.ZS,3.812
ECU,Ecuador,2018,SL.UEM.TOTL.ZS,3.53
ECU,Ecuador,2017,SL.UEM.TOTL.ZS,3.836
ECU,Ecuador,2016,SL.UEM.TOTL.ZS,4.597
ECU,Ecuador,2015,SL.UEM.TOTL.ZS,3.616
ECU,Ecuador,2014,SL.UEM.TOTL.ZS,3.48
ECU,Ecuador,2013,SL.UEM.TOTL.ZS,3.083
ECU,Ecuador,2012,SL.UEM.TOTL.ZS,3.235
ECU,Ecuador,2011,SL.UEM.TOTL.ZS,3.458
ECU,Ecuador,2010,SL.UEM.TOTL.ZS,4.088
ECU,Ecuador,2009,SL.UEM.TOTL.ZS,4.608
ECU,Ecuador,2008,SL.UEM.TOTL.ZS,3.917
ECU,Ecuador,2007,SL.UEM.TOTL.ZS,3.142
ECU,Ecuador,2006,SL.UEM.TOTL.ZS,3.55
ECU,Ecuador,2005,SL.UEM.TOTL.ZS,3.779
EGY,"Egypt, Arab Rep.",2025,SL.UEM.TOTL.ZS,6.781
EGY,"Egypt, Arab Rep.",2024,SL.UEM.TOTL.ZS,6.817
EGY,"Egypt, Arab Rep.",2023,SL.UEM.TOTL.ZS,6.753
EGY,"Egypt, Arab Rep.",2022,SL.UEM.TOTL.ZS,6.546
EGY,"Egypt, Arab Rep.",2021,SL.UEM.TOTL.ZS,7.441
EGY,"Egypt, Arab Rep.",2020,SL.UEM.TOTL.ZS,7.974
EGY,"Egypt, Arab Rep.",2019,SL.UEM.TOTL.ZS,7.851
EGY,"Egypt, Arab Rep.",2018,SL.UEM.TOTL.ZS,9.855
EGY,"Egypt, Arab Rep.",2017,SL.UEM.TOTL.ZS,11.767
EGY,"Egypt, Arab Rep.",2016,SL.UEM.TOTL.ZS,12.45
EGY,"Egypt, Arab Rep.",2015,SL.UEM.TOTL.ZS,13.052
EGY,"Egypt, Arab Rep.",2014,SL.UEM.TOTL.ZS,13.105
EGY,"Egypt, Arab Rep.",2013,SL.UEM.TOTL.ZS,13.154
EGY,"Egypt, Arab Rep.",2012,SL.UEM.TOTL.ZS,12.597
EGY,"Egypt, Arab Rep.",2011,SL.UEM.TOTL.ZS,11.849
EGY,"Egypt, Arab Rep.",2010,SL.UEM.TOTL.ZS,8.757
EGY,"Egypt, Arab Rep.",2009,SL.UEM.TOTL.ZS,9.087
EGY,"Egypt, Arab Rep.",2008,SL.UEM.TOTL.ZS,8.517
EGY,"Egypt, Arab Rep.",2007,SL.UEM.TOTL.ZS,8.8
EGY,"Egypt, Arab Rep.",2006,SL.UEM.TOTL.ZS,10.49
EGY,"Egypt, Arab Rep.",2005,SL.UEM.TOTL.ZS,11.049
SLV,El Salvador,2025,SL.UEM.TOTL.ZS,3.303
SLV,El Salvador,2024,SL.UEM.TOTL.ZS,3.261
SLV,El Salvador,2023,SL.UEM.TOTL.ZS,2.992
SLV,El Salvador,2022,SL.UEM.TOTL.ZS,2.999
SLV,El Salvador,2021,SL.UEM.TOTL.ZS,4.327
SLV,El Salvador,2020,SL.UEM.TOTL.ZS,5.008
SLV,El Salvador,2019,SL.UEM.TOTL.ZS,4.17
SLV,El Salvador,2018,SL.UEM.TOTL.ZS,4.006
SLV,El Salvador,2017,SL.UEM.TOTL.ZS,4.385
SLV,El Salvador,2016,SL.UEM.TOTL.ZS,4.418
SLV,El Salvador,2015,SL.UEM.TOTL.ZS,3.998
SLV,El Salvador,2014,SL.UEM.TOTL.ZS,4.154
SLV,El Salvador,2013,SL.UEM.TOTL.ZS,3.693
SLV,El Salvador,2012,SL.UEM.TOTL.ZS,3.843
SLV,El Salvador,2011,SL.UEM.TOTL.ZS,4.297
SLV,El Salvador,2010,SL.UEM.TOTL.ZS,4.893
SLV,El Salvador,2009,SL.UEM.TOTL.ZS,7.33
SLV,El Salvador,2008,SL.UEM.TOTL.ZS,5.88
SLV,El Salvador,2007,SL.UEM.TOTL.ZS,6.41
SLV,El Salvador,2006,SL.UEM.TOTL.ZS,6.57
SLV,El Salvador,2005,SL.UEM.TOTL.ZS,7.22
GNQ,Equatorial Guinea,2025,SL.UEM.TOTL.ZS,8.337
GNQ,Equatorial Guinea,2024,SL.UEM.TOTL.ZS,8.293
GNQ,Equatorial Guinea,2023,SL.UEM.TOTL.ZS,8.218
GNQ,Equatorial Guinea,2022,SL.UEM.TOTL.ZS,8.334
GNQ,Equatorial Guinea,2021,SL.UEM.TOTL.ZS,8.821
GNQ,Equatorial Guinea,2020,SL.UEM.TOTL.ZS,8.625
GNQ,Equatorial Guinea,2019,SL.UEM.TOTL.ZS,7.917
GNQ,Equatorial Guinea,2018,SL.UEM.TOTL.ZS,7.818
GNQ,Equatorial Guinea,2017,SL.UEM.TOTL.ZS,7.843
GNQ,Equatorial Guinea,2016,SL.UEM.TOTL.ZS,7.798
GNQ,Equatorial Guinea,2015,SL.UEM.TOTL.ZS,7.778
GNQ,Equatorial Guinea,2014,SL.UEM.TOTL.ZS,7.669
GNQ,Equatorial Guinea,2013,SL.UEM.TOTL.ZS,7.675
GNQ,Equatorial Guinea,2012,SL.UEM.TOTL.ZS,7.761
GNQ,Equatorial Guinea,2011,SL.UEM.TOTL.ZS,7.837
GNQ,Equatorial Guinea,2010,SL.UEM.TOTL.ZS,7.847
GNQ,Equatorial Guinea,2009,SL.UEM.TOTL.ZS,7.702
GNQ,Equatorial Guinea,2008,SL.UEM.TOTL.ZS,7.571
GNQ,Equatorial Guinea,2007,SL.UEM.TOTL.ZS,7.592
GNQ,Equatorial Guinea,2006,SL.UEM.TOTL.ZS,7.612
GNQ,Equatorial Guinea,2005,SL.UEM.TOTL.ZS,7.667
ERI,Eritrea,2025,SL.UEM.TOTL.ZS,5.978
ERI,Eritrea,2024,SL.UEM.TOTL.ZS,5.947
ERI,Eritrea,2023,SL.UEM.TOTL.ZS,5.909
ERI,Eritrea,2022,SL.UEM.TOTL.ZS,6.033
ERI,Eritrea,2021,SL.UEM.TOTL.ZS,6.489
ERI,Eritrea,2020,SL.UEM.TOTL.ZS,6.375
ERI,Eritrea,2019,SL.UEM.TOTL.ZS,5.812
ERI,Eritrea,2018,SL.UEM.TOTL.ZS,5.756
ERI,Eritrea,2017,SL.UEM.TOTL.ZS,5.804
ERI,Eritrea,2016,SL.UEM.TOTL.ZS,5.772
ERI,Eritrea,2015,SL.UEM.TOTL.ZS,5.751
ERI,Eritrea,2014,SL.UEM.TOTL.ZS,5.637
ERI,Eritrea,2013,SL.UEM.TOTL.ZS,5.624
ERI,Eritrea,2012,SL.UEM.TOTL.ZS,5.692
ERI,Eritrea,2011,SL.UEM.TOTL.ZS,5.801
ERI,Eritrea,2010,SL.UEM.TOTL.ZS,5.854
ERI,Eritrea,2009,SL.UEM.TOTL.ZS,5.757
ERI,Eritrea,2008,SL.UEM.TOTL.ZS,5.683
ERI,Eritrea,2007,SL.UEM.TOTL.ZS,5.719
ERI,Eritrea,2006,SL.UEM.TOTL.ZS,5.707
ERI,Eritrea,2005,SL.UEM.TOTL.ZS,5.721
EST,Estonia,2025,SL.UEM.TOTL.ZS,8.313
EST,Estonia,2024,SL.UEM.TOTL.ZS,7.6
EST,Estonia,2023,SL.UEM.TOTL.ZS,6.378
EST,Estonia,2022,SL.UEM.TOTL.ZS,5.571
EST,Estonia,2021,SL.UEM.TOTL.ZS,6.178
EST,Estonia,2020,SL.UEM.TOTL.ZS,6.956
EST,Estonia,2019,SL.UEM.TOTL.ZS,4.514
EST,Estonia,2018,SL.UEM.TOTL.ZS,5.412
EST,Estonia,2017,SL.UEM.TOTL.ZS,5.807
EST,Estonia,2016,SL.UEM.TOTL.ZS,6.882
EST,Estonia,2015,SL.UEM.TOTL.ZS,6.412
EST,Estonia,2014,SL.UEM.TOTL.ZS,7.352
EST,Estonia,2013,SL.UEM.TOTL.ZS,8.631
EST,Estonia,2012,SL.UEM.TOTL.ZS,10.021
EST,Estonia,2011,SL.UEM.TOTL.ZS,12.328
EST,Estonia,2010,SL.UEM.TOTL.ZS,16.707
EST,Estonia,2009,SL.UEM.TOTL.ZS,13.548
EST,Estonia,2008,SL.UEM.TOTL.ZS,5.455
EST,Estonia,2007,SL.UEM.TOTL.ZS,4.592
EST,Estonia,2006,SL.UEM.TOTL.ZS,5.915
EST,Estonia,2005,SL.UEM.TOTL.ZS,8.033
SWZ,Eswatini,2025,SL.UEM.TOTL.ZS,34.202
SWZ,Eswatini,2024,SL.UEM.TOTL.ZS,34.643
SWZ,Eswatini,2023,SL.UEM.TOTL.ZS,34.61
SWZ,Eswatini,2022,SL.UEM.TOTL.ZS,36.472
SWZ,Eswatini,2021,SL.UEM.TOTL.ZS,34.153
SWZ,Eswatini,2020,SL.UEM.TOTL.ZS,32.978
SWZ,Eswatini,2019,SL.UEM.TOTL.ZS,28.222
SWZ,Eswatini,2018,SL.UEM.TOTL.ZS,26.471
SWZ,Eswatini,2017,SL.UEM.TOTL.ZS,24.543
SWZ,Eswatini,2016,SL.UEM.TOTL.ZS,22.718
SWZ,Eswatini,2015,SL.UEM.TOTL.ZS,23.431
SWZ,Eswatini,2014,SL.UEM.TOTL.ZS,23.931
SWZ,Eswatini,2013,SL.UEM.TOTL.ZS,24.556
SWZ,Eswatini,2012,SL.UEM.TOTL.ZS,25.226
SWZ,Eswatini,2011,SL.UEM.TOTL.ZS,26.105
SWZ,Eswatini,2010,SL.UEM.TOTL.ZS,26.856
SWZ,Eswatini,2009,SL.UEM.TOTL.ZS,27.488
SWZ,Eswatini,2008,SL.UEM.TOTL.ZS,27.891
SWZ,Eswatini,2007,SL.UEM.TOTL.ZS,28.24
SWZ,Eswatini,2006,SL.UEM.TOTL.ZS,27.693
SWZ,Eswatini,2005,SL.UEM.TOTL.ZS,27.221
ETH,Ethiopia,2025,SL.UEM.TOTL.ZS,3.323
ETH,Ethiopia,2024,SL.UEM.TOTL.ZS,3.357
ETH,Ethiopia,2023,SL.UEM.TOTL.ZS,3.375
ETH,Ethiopia,2022,SL.UEM.TOTL.ZS,3.386
ETH,Ethiopia,2021,SL.UEM.TOTL.ZS,3.935
ETH,Ethiopia,2020,SL.UEM.TOTL.ZS,3.998
ETH,Ethiopia,2019,SL.UEM.TOTL.ZS,2.928
ETH,Ethiopia,2018,SL.UEM.TOTL.ZS,2.811
ETH,Ethiopia,2017,SL.UEM.TOTL.ZS,2.665
ETH,Ethiopia,2016,SL.UEM.TOTL.ZS,2.556
ETH,Ethiopia,2015,SL.UEM.TOTL.ZS,2.442
ETH,Ethiopia,2014,SL.UEM.TOTL.ZS,2.361
ETH,Ethiopia,2013,SL.UEM.TOTL.ZS,2.251
ETH,Ethiopia,2012,SL.UEM.TOTL.ZS,2.252
ETH,Ethiopia,2011,SL.UEM.TOTL.ZS,2.27
ETH,Ethiopia,2010,SL.UEM.TOTL.ZS,2.295
ETH,Ethiopia,2009,SL.UEM.TOTL.ZS,2.326
ETH,Ethiopia,2008,SL.UEM.TOTL.ZS,2.326
ETH,Ethiopia,2007,SL.UEM.TOTL.ZS,2.337
ETH,Ethiopia,2006,SL.UEM.TOTL.ZS,2.337
ETH,Ethiopia,2005,SL.UEM.TOTL.ZS,2.497
FJI,Fiji,2025,SL.UEM.TOTL.ZS,5.347
FJI,Fiji,2024,SL.UEM.TOTL.ZS,5.361
FJI,Fiji,2023,SL.UEM.TOTL.ZS,5.316
FJI,Fiji,2022,SL.UEM.TOTL.ZS,5.403
FJI,Fiji,2021,SL.UEM.TOTL.ZS,5.225
FJI,Fiji,2020,SL.UEM.TOTL.ZS,5.054
FJI,Fiji,2019,SL.UEM.TOTL.ZS,4.661
FJI,Fiji,2018,SL.UEM.TOTL.ZS,4.523
FJI,Fiji,2017,SL.UEM.TOTL.ZS,4.418
FJI,Fiji,2016,SL.UEM.TOTL.ZS,4.319
FJI,Fiji,2015,SL.UEM.TOTL.ZS,4.288
FJI,Fiji,2014,SL.UEM.TOTL.ZS,4.323
FJI,Fiji,2013,SL.UEM.TOTL.ZS,4.356
FJI,Fiji,2012,SL.UEM.TOTL.ZS,4.375
FJI,Fiji,2011,SL.UEM.TOTL.ZS,4.406
FJI,Fiji,2010,SL.UEM.TOTL.ZS,4.345
FJI,Fiji,2009,SL.UEM.TOTL.ZS,4.309
FJI,Fiji,2008,SL.UEM.TOTL.ZS,4.187
FJI,Fiji,2007,SL.UEM.TOTL.ZS,4.109
FJI,Fiji,2006,SL.UEM.TOTL.ZS,3.957
FJI,Fiji,2005,SL.UEM.TOTL.ZS,3.886
FIN,Finland,2025,SL.UEM.TOTL.ZS,9.461
FIN,Finland,2024,SL.UEM.TOTL.ZS,8.4
FIN,Finland,2023,SL.UEM.TOTL.ZS,7.149
FIN,Finland,2022,SL.UEM.TOTL.ZS,6.719
FIN,Finland,2021,SL.UEM.TOTL.ZS,7.617
FIN,Finland,2020,SL.UEM.TOTL.ZS,7.759
FIN,Finland,2019,SL.UEM.TOTL.ZS,6.695
FIN,Finland,2018,SL.UEM.TOTL.ZS,7.361
FIN,Finland,2017,SL.UEM.TOTL.ZS,8.64
FIN,Finland,2016,SL.UEM.TOTL.ZS,8.818
FIN,Finland,2015,SL.UEM.TOTL.ZS,9.376
FIN,Finland,2014,SL.UEM.TOTL.ZS,8.663
FIN,Finland,2013,SL.UEM.TOTL.ZS,8.193
FIN,Finland,2012,SL.UEM.TOTL.ZS,7.689
FIN,Finland,2011,SL.UEM.TOTL.ZS,7.781
FIN,Finland,2010,SL.UEM.TOTL.ZS,8.394
FIN,Finland,2009,SL.UEM.TOTL.ZS,8.249
FIN,Finland,2008,SL.UEM.TOTL.ZS,6.369
FIN,Finland,2007,SL.UEM.TOTL.ZS,6.854
FIN,Finland,2006,SL.UEM.TOTL.ZS,8.935
FIN,Finland,2005,SL.UEM.TOTL.ZS,9.602
FRA,France,2025,SL.UEM.TOTL.ZS,7.542
FRA,France,2024,SL.UEM.TOTL.ZS,7.4
FRA,France,2023,SL.UEM.TOTL.ZS,7.335
FRA,France,2022,SL.UEM.TOTL.ZS,7.303
FRA,France,2021,SL.UEM.TOTL.ZS,7.871
FRA,France,2020,SL.UEM.TOTL.ZS,8.009
FRA,France,2019,SL.UEM.TOTL.ZS,8.415
FRA,France,2018,SL.UEM.TOTL.ZS,9.018
FRA,France,2017,SL.UEM.TOTL.ZS,9.409
FRA,France,2016,SL.UEM.TOTL.ZS,10.057
FRA,France,2015,SL.UEM.TOTL.ZS,10.354
FRA,France,2014,SL.UEM.TOTL.ZS,10.273
FRA,France,2013,SL.UEM.TOTL.ZS,9.913
FRA,France,2012,SL.UEM.TOTL.ZS,9.841
FRA,France,2011,SL.UEM.TOTL.ZS,9.228
FRA,France,2010,SL.UEM.TOTL.ZS,9.279
FRA,France,2009,SL.UEM.TOTL.ZS,9.122
FRA,France,2008,SL.UEM.TOTL.ZS,7.386
FRA,France,2007,SL.UEM.TOTL.ZS,8.008
FRA,France,2006,SL.UEM.TOTL.ZS,8.832
FRA,France,2005,SL.UEM.TOTL.ZS,8.882
PYF,French Polynesia,2025,SL.UEM.TOTL.ZS,11.662
PYF,French Polynesia,2024,SL.UEM.TOTL.ZS,11.613
PYF,French Polynesia,2023,SL.UEM.TOTL.ZS,11.613
PYF,French Polynesia,2022,SL.UEM.TOTL.ZS,11.793
PYF,French Polynesia,2021,SL.UEM.TOTL.ZS,12.558
PYF,French Polynesia,2020,SL.UEM.TOTL.ZS,12.963
PYF,French Polynesia,2019,SL.UEM.TOTL.ZS,11.591
PYF,French Polynesia,2018,SL.UEM.TOTL.ZS,11.599
PYF,French Polynesia,2017,SL.UEM.TOTL.ZS,11.595
PYF,French Polynesia,2016,SL.UEM.TOTL.ZS,11.727
PYF,French Polynesia,2015,SL.UEM.TOTL.ZS,11.794
PYF,French Polynesia,2014,SL.UEM.TOTL.ZS,11.894
PYF,French Polynesia,2013,SL.UEM.TOTL.ZS,12.027
PYF,French Polynesia,2012,SL.UEM.TOTL.ZS,12.134
PYF,French Polynesia,2011,SL.UEM.TOTL.ZS,12.257
PYF,French Polynesia,2010,SL.UEM.TOTL.ZS,12.133
PYF,French Polynesia,2009,SL.UEM.TOTL.ZS,11.963
PYF,French Polynesia,2008,SL.UEM.TOTL.ZS,11.76
PYF,French Polynesia,2007,SL.UEM.TOTL.ZS,11.74
PYF,French Polynesia,2006,SL.UEM.TOTL.ZS,11.768
PYF,French Polynesia,2005,SL.UEM.TOTL.ZS,11.722
GAB,Gabon,2025,SL.UEM.TOTL.ZS,20.154
GAB,Gabon,2024,SL.UEM.TOTL.ZS,20.091
GAB,Gabon,2023,SL.UEM.TOTL.ZS,20.161
GAB,Gabon,2022,SL.UEM.TOTL.ZS,20.319
GAB,Gabon,2021,SL.UEM.TOTL.ZS,21.223
GAB,Gabon,2020,SL.UEM.TOTL.ZS,21.279
GAB,Gabon,2019,SL.UEM.TOTL.ZS,20.371
GAB,Gabon,2018,SL.UEM.TOTL.ZS,20.459
GAB,Gabon,2017,SL.UEM.TOTL.ZS,20.307
GAB,Gabon,2016,SL.UEM.TOTL.ZS,20.117
GAB,Gabon,2015,SL.UEM.TOTL.ZS,19.943
GAB,Gabon,2014,SL.UEM.TOTL.ZS,19.873
GAB,Gabon,2013,SL.UEM.TOTL.ZS,19.736
GAB,Gabon,2012,SL.UEM.TOTL.ZS,19.661
GAB,Gabon,2011,SL.UEM.TOTL.ZS,19.895
GAB,Gabon,2010,SL.UEM.TOTL.ZS,20.39
GAB,Gabon,2009,SL.UEM.TOTL.ZS,19.76
GAB,Gabon,2008,SL.UEM.TOTL.ZS,19.212
GAB,Gabon,2007,SL.UEM.TOTL.ZS,18.257
GAB,Gabon,2006,SL.UEM.TOTL.ZS,17.805
GAB,Gabon,2005,SL.UEM.TOTL.ZS,16.91
GMB,"Gambia, The",2025,SL.UEM.TOTL.ZS,6.521
GMB,"Gambia, The",2024,SL.UEM.TOTL.ZS,6.48
GMB,"Gambia, The",2023,SL.UEM.TOTL.ZS,6.479
GMB,"Gambia, The",2022,SL.UEM.TOTL.ZS,6.067
GMB,"Gambia, The",2021,SL.UEM.TOTL.ZS,6.213
GMB,"Gambia, The",2020,SL.UEM.TOTL.ZS,5.84
GMB,"Gambia, The",2019,SL.UEM.TOTL.ZS,4.481
GMB,"Gambia, The",2018,SL.UEM.TOTL.ZS,4.055
GMB,"Gambia, The",2017,SL.UEM.TOTL.ZS,5.097
GMB,"Gambia, The",2016,SL.UEM.TOTL.ZS,6.244
GMB,"Gambia, The",2015,SL.UEM.TOTL.ZS,7.226
GMB,"Gambia, The",2014,SL.UEM.TOTL.ZS,8.191
GMB,"Gambia, The",2013,SL.UEM.TOTL.ZS,9.454
GMB,"Gambia, The",2012,SL.UEM.TOTL.ZS,10.346
GMB,"Gambia, The",2011,SL.UEM.TOTL.ZS,10.276
GMB,"Gambia, The",2010,SL.UEM.TOTL.ZS,9.673
GMB,"Gambia, The",2009,SL.UEM.TOTL.ZS,9.778
GMB,"Gambia, The",2008,SL.UEM.TOTL.ZS,10.065
GMB,"Gambia, The",2007,SL.UEM.TOTL.ZS,10.425
GMB,"Gambia, The",2006,SL.UEM.TOTL.ZS,10.241
GMB,"Gambia, The",2005,SL.UEM.TOTL.ZS,9.92
GEO,Georgia,2025,SL.UEM.TOTL.ZS,12.097
GEO,Georgia,2024,SL.UEM.TOTL.ZS,11.557
GEO,Georgia,2023,SL.UEM.TOTL.ZS,11.549
GEO,Georgia,2022,SL.UEM.TOTL.ZS,11.621
GEO,Georgia,2021,SL.UEM.TOTL.ZS,11.785
GEO,Georgia,2020,SL.UEM.TOTL.ZS,11.734
GEO,Georgia,2019,SL.UEM.TOTL.ZS,11.565
GEO,Georgia,2018,SL.UEM.TOTL.ZS,12.667
GEO,Georgia,2017,SL.UEM.TOTL.ZS,13.939
GEO,Georgia,2016,SL.UEM.TOTL.ZS,16.604
GEO,Georgia,2015,SL.UEM.TOTL.ZS,16.506
GEO,Georgia,2014,SL.UEM.TOTL.ZS,17.439
GEO,Georgia,2013,SL.UEM.TOTL.ZS,19.416
GEO,Georgia,2012,SL.UEM.TOTL.ZS,19.653
GEO,Georgia,2011,SL.UEM.TOTL.ZS,19.632
GEO,Georgia,2010,SL.UEM.TOTL.ZS,20.203
GEO,Georgia,2009,SL.UEM.TOTL.ZS,20.71
GEO,Georgia,2008,SL.UEM.TOTL.ZS,17.87
GEO,Georgia,2007,SL.UEM.TOTL.ZS,13.28
GEO,Georgia,2006,SL.UEM.TOTL.ZS,13.57
GEO,Georgia,2005,SL.UEM.TOTL.ZS,13.81
DEU,Germany,2025,SL.UEM.TOTL.ZS,3.711
DEU,Germany,2024,SL.UEM.TOTL.ZS,3.4
DEU,Germany,2023,SL.UEM.TOTL.ZS,3.071
DEU,Germany,2022,SL.UEM.TOTL.ZS,3.137
DEU,Germany,2021,SL.UEM.TOTL.ZS,3.594
DEU,Germany,2020,SL.UEM.TOTL.ZS,3.881
DEU,Germany,2019,SL.UEM.TOTL.ZS,3.163
DEU,Germany,2018,SL.UEM.TOTL.ZS,3.384
DEU,Germany,2017,SL.UEM.TOTL.ZS,3.781
DEU,Germany,2016,SL.UEM.TOTL.ZS,4.104
DEU,Germany,2015,SL.UEM.TOTL.ZS,4.612
DEU,Germany,2014,SL.UEM.TOTL.ZS,4.979
DEU,Germany,2013,SL.UEM.TOTL.ZS,5.316
DEU,Germany,2012,SL.UEM.TOTL.ZS,5.372
DEU,Germany,2011,SL.UEM.TOTL.ZS,5.967
DEU,Germany,2010,SL.UEM.TOTL.ZS,7.043
DEU,Germany,2009,SL.UEM.TOTL.ZS,7.88
DEU,Germany,2008,SL.UEM.TOTL.ZS,7.508
DEU,Germany,2007,SL.UEM.TOTL.ZS,8.732
DEU,Germany,2006,SL.UEM.TOTL.ZS,10.277
DEU,Germany,2005,SL.UEM.TOTL.ZS,11.193
GHA,Ghana,2025,SL.UEM.TOTL.ZS,2.979
GHA,Ghana,2024,SL.UEM.TOTL.ZS,2.82
GHA,Ghana,2023,SL.UEM.TOTL.ZS,2.829
GHA,Ghana,2022,SL.UEM.TOTL.ZS,2.87
GHA,Ghana,2021,SL.UEM.TOTL.ZS,3.2
GHA,Ghana,2020,SL.UEM.TOTL.ZS,3.178
GHA,Ghana,2019,SL.UEM.TOTL.ZS,3.067
GHA,Ghana,2018,SL.UEM.TOTL.ZS,3.204
GHA,Ghana,2017,SL.UEM.TOTL.ZS,3.369
GHA,Ghana,2016,SL.UEM.TOTL.ZS,5.256
GHA,Ghana,2015,SL.UEM.TOTL.ZS,6.806
GHA,Ghana,2014,SL.UEM.TOTL.ZS,4.403
GHA,Ghana,2013,SL.UEM.TOTL.ZS,2.173
GHA,Ghana,2012,SL.UEM.TOTL.ZS,3.126
GHA,Ghana,2011,SL.UEM.TOTL.ZS,4.213
GHA,Ghana,2010,SL.UEM.TOTL.ZS,5.384
GHA,Ghana,2009,SL.UEM.TOTL.ZS,5.362
GHA,Ghana,2008,SL.UEM.TOTL.ZS,5.144
GHA,Ghana,2007,SL.UEM.TOTL.ZS,5.104
GHA,Ghana,2006,SL.UEM.TOTL.ZS,4.897
GHA,Ghana,2005,SL.UEM.TOTL.ZS,5.816
GRC,Greece,2025,SL.UEM.TOTL.ZS,8.54
GRC,Greece,2024,SL.UEM.TOTL.ZS,10.02
GRC,Greece,2023,SL.UEM.TOTL.ZS,11.023
GRC,Greece,2022,SL.UEM.TOTL.ZS,12.426
GRC,Greece,2021,SL.UEM.TOTL.ZS,14.656
GRC,Greece,2020,SL.UEM.TOTL.ZS,15.899
GRC,Greece,2019,SL.UEM.TOTL.ZS,17.045
GRC,Greece,2018,SL.UEM.TOTL.ZS,19.179
GRC,Greece,2017,SL.UEM.TOTL.ZS,21.413
GRC,Greece,2016,SL.UEM.TOTL.ZS,23.514
GRC,Greece,2015,SL.UEM.TOTL.ZS,24.981
GRC,Greece,2014,SL.UEM.TOTL.ZS,26.708
GRC,Greece,2013,SL.UEM.TOTL.ZS,27.686
GRC,Greece,2012,SL.UEM.TOTL.ZS,24.731
GRC,Greece,2011,SL.UEM.TOTL.ZS,17.973
GRC,Greece,2010,SL.UEM.TOTL.ZS,12.719
GRC,Greece,2009,SL.UEM.TOTL.ZS,9.546
GRC,Greece,2008,SL.UEM.TOTL.ZS,7.664
GRC,Greece,2007,SL.UEM.TOTL.ZS,8.351
GRC,Greece,2006,SL.UEM.TOTL.ZS,8.906
GRC,Greece,2005,SL.UEM.TOTL.ZS,10.074
GUM,Guam,2025,SL.UEM.TOTL.ZS,5.569
GUM,Guam,2024,SL.UEM.TOTL.ZS,5.252
GUM,Guam,2023,SL.UEM.TOTL.ZS,5.262
GUM,Guam,2022,SL.UEM.TOTL.ZS,5.383
GUM,Guam,2021,SL.UEM.TOTL.ZS,6.0
GUM,Guam,2020,SL.UEM.TOTL.ZS,6.241
GUM,Guam,2019,SL.UEM.TOTL.ZS,5.405
GUM,Guam,2018,SL.UEM.TOTL.ZS,5.45
GUM,Guam,2017,SL.UEM.TOTL.ZS,5.418
GUM,Guam,2016,SL.UEM.TOTL.ZS,5.4
GUM,Guam,2015,SL.UEM.TOTL.ZS,6.9
GUM,Guam,2014,SL.UEM.TOTL.ZS,7.6
GUM,Guam,2013,SL.UEM.TOTL.ZS,11.5
GUM,Guam,2012,SL.UEM.TOTL.ZS,12.2
GUM,Guam,2011,SL.UEM.TOTL.ZS,13.3
GUM,Guam,2010,SL.UEM.TOTL.ZS,8.2
GUM,Guam,2009,SL.UEM.TOTL.ZS,9.3
GUM,Guam,2008,SL.UEM.TOTL.ZS,8.892
GUM,Guam,2007,SL.UEM.TOTL.ZS,8.3
GUM,Guam,2006,SL.UEM.TOTL.ZS,7.4
GUM,Guam,2005,SL.UEM.TOTL.ZS,7.0
GTM,Guatemala,2025,SL.UEM.TOTL.ZS,2.604
GTM,Guatemala,2024,SL.UEM.TOTL.ZS,2.613
GTM,Guatemala,2023,SL.UEM.TOTL.ZS,2.344
GTM,Guatemala,2022,SL.UEM.TOTL.ZS,3.051
GTM,Guatemala,2021,SL.UEM.TOTL.ZS,2.174
GTM,Guatemala,2020,SL.UEM.TOTL.ZS,2.965
GTM,Guatemala,2019,SL.UEM.TOTL.ZS,2.193
GTM,Guatemala,2018,SL.UEM.TOTL.ZS,2.283
GTM,Guatemala,2017,SL.UEM.TOTL.ZS,2.462
GTM,Guatemala,2016,SL.UEM.TOTL.ZS,2.583
GTM,Guatemala,2015,SL.UEM.TOTL.ZS,2.506
GTM,Guatemala,2014,SL.UEM.TOTL.ZS,2.717
GTM,Guatemala,2013,SL.UEM.TOTL.ZS,3.017
GTM,Guatemala,2012,SL.UEM.TOTL.ZS,2.765
GTM,Guatemala,2011,SL.UEM.TOTL.ZS,3.169
GTM,Guatemala,2010,SL.UEM.TOTL.ZS,3.497
GTM,Guatemala,2009,SL.UEM.TOTL.ZS,3.22
GTM,Guatemala,2008,SL.UEM.TOTL.ZS,2.898
GTM,Guatemala,2007,SL.UEM.TOTL.ZS,2.847
GTM,Guatemala,2006,SL.UEM.TOTL.ZS,2.96
GTM,Guatemala,2005,SL.UEM.TOTL.ZS,3.059
GIN,Guinea,2025,SL.UEM.TOTL.ZS,5.163
GIN,Guinea,2024,SL.UEM.TOTL.ZS,5.132
GIN,Guinea,2023,SL.UEM.TOTL.ZS,5.141
GIN,Guinea,2022,SL.UEM.TOTL.ZS,5.174
GIN,Guinea,2021,SL.UEM.TOTL.ZS,5.815
GIN,Guinea,2020,SL.UEM.TOTL.ZS,6.007
GIN,Guinea,2019,SL.UEM.TOTL.ZS,5.018
GIN,Guinea,2018,SL.UEM.TOTL.ZS,4.835
GIN,Guinea,2017,SL.UEM.TOTL.ZS,4.86
GIN,Guinea,2016,SL.UEM.TOTL.ZS,4.997
GIN,Guinea,2015,SL.UEM.TOTL.ZS,5.15
GIN,Guinea,2014,SL.UEM.TOTL.ZS,5.044
GIN,Guinea,2013,SL.UEM.TOTL.ZS,4.944
GIN,Guinea,2012,SL.UEM.TOTL.ZS,4.874
GIN,Guinea,2011,SL.UEM.TOTL.ZS,5.024
GIN,Guinea,2010,SL.UEM.TOTL.ZS,5.018
GIN,Guinea,2009,SL.UEM.TOTL.ZS,4.914
GIN,Guinea,2008,SL.UEM.TOTL.ZS,4.803
GIN,Guinea,2007,SL.UEM.TOTL.ZS,4.787
GIN,Guinea,2006,SL.UEM.TOTL.ZS,4.863
GIN,Guinea,2005,SL.UEM.TOTL.ZS,4.814
GNB,Guinea-Bissau,2025,SL.UEM.TOTL.ZS,2.673
GNB,Guinea-Bissau,2024,SL.UEM.TOTL.ZS,2.647
GNB,Guinea-Bissau,2023,SL.UEM.TOTL.ZS,2.632
GNB,Guinea-Bissau,2022,SL.UEM.TOTL.ZS,2.666
GNB,Guinea-Bissau,2021,SL.UEM.TOTL.ZS,3.016
GNB,Guinea-Bissau,2020,SL.UEM.TOTL.ZS,2.887
GNB,Guinea-Bissau,2019,SL.UEM.TOTL.ZS,2.413
GNB,Guinea-Bissau,2018,SL.UEM.TOTL.ZS,3.127
GNB,Guinea-Bissau,2017,SL.UEM.TOTL.ZS,3.089
GNB,Guinea-Bissau,2016,SL.UEM.TOTL.ZS,3.139
GNB,Guinea-Bissau,2015,SL.UEM.TOTL.ZS,3.168
GNB,Guinea-Bissau,2014,SL.UEM.TOTL.ZS,3.285
GNB,Guinea-Bissau,2013,SL.UEM.TOTL.ZS,3.173
GNB,Guinea-Bissau,2012,SL.UEM.TOTL.ZS,3.135
GNB,Guinea-Bissau,2011,SL.UEM.TOTL.ZS,3.072
GNB,Guinea-Bissau,2010,SL.UEM.TOTL.ZS,3.121
GNB,Guinea-Bissau,2009,SL.UEM.TOTL.ZS,3.163
GNB,Guinea-Bissau,2008,SL.UEM.TOTL.ZS,3.157
GNB,Guinea-Bissau,2007,SL.UEM.TOTL.ZS,3.125
GNB,Guinea-Bissau,2006,SL.UEM.TOTL.ZS,3.143
GNB,Guinea-Bissau,2005,SL.UEM.TOTL.ZS,3.184
GUY,Guyana,2025,SL.UEM.TOTL.ZS,11.962
GUY,Guyana,2024,SL.UEM.TOTL.ZS,11.874
GUY,Guyana,2023,SL.UEM.TOTL.ZS,11.917
GUY,Guyana,2022,SL.UEM.TOTL.ZS,11.907
GUY,Guyana,2021,SL.UEM.TOTL.ZS,14.576
GUY,Guyana,2020,SL.UEM.TOTL.ZS,15.308
GUY,Guyana,2019,SL.UEM.TOTL.ZS,13.172
GUY,Guyana,2018,SL.UEM.TOTL.ZS,13.627
GUY,Guyana,2017,SL.UEM.TOTL.ZS,13.466
GUY,Guyana,2016,SL.UEM.TOTL.ZS,13.263
GUY,Guyana,2015,SL.UEM.TOTL.ZS,13.009
GUY,Guyana,2014,SL.UEM.TOTL.ZS,12.637
GUY,Guyana,2013,SL.UEM.TOTL.ZS,12.296
GUY,Guyana,2012,SL.UEM.TOTL.ZS,12.029
GUY,Guyana,2011,SL.UEM.TOTL.ZS,11.811
GUY,Guyana,2010,SL.UEM.TOTL.ZS,11.632
GUY,Guyana,2009,SL.UEM.TOTL.ZS,11.307
GUY,Guyana,2008,SL.UEM.TOTL.ZS,11.018
GUY,Guyana,2007,SL.UEM.TOTL.ZS,10.84
GUY,Guyana,2006,SL.UEM.TOTL.ZS,10.7
GUY,Guyana,2005,SL.UEM.TOTL.ZS,11.085
HTI,Haiti,2025,SL.UEM.TOTL.ZS,14.944
HTI,Haiti,2024,SL.UEM.TOTL.ZS,14.609
HTI,Haiti,2023,SL.UEM.TOTL.ZS,14.459
HTI,Haiti,2022,SL.UEM.TOTL.ZS,14.54
HTI,Haiti,2021,SL.UEM.TOTL.ZS,15.296
HTI,Haiti,2020,SL.UEM.TOTL.ZS,15.573
HTI,Haiti,2019,SL.UEM.TOTL.ZS,14.095
HTI,Haiti,2018,SL.UEM.TOTL.ZS,13.934
HTI,Haiti,2017,SL.UEM.TOTL.ZS,13.932
HTI,Haiti,2016,SL.UEM.TOTL.ZS,13.902
HTI,Haiti,2015,SL.UEM.TOTL.ZS,13.785
HTI,Haiti,2014,SL.UEM.TOTL.ZS,13.808
HTI,Haiti,2013,SL.UEM.TOTL.ZS,13.704
HTI,Haiti,2012,SL.UEM.TOTL.ZS,14.1
HTI,Haiti,2011,SL.UEM.TOTL.ZS,14.506
HTI,Haiti,2010,SL.UEM.TOTL.ZS,15.244
HTI,Haiti,2009,SL.UEM.TOTL.ZS,15.398
HTI,Haiti,2008,SL.UEM.TOTL.ZS,16.204
HTI,Haiti,2007,SL.UEM.TOTL.ZS,16.8
HTI,Haiti,2006,SL.UEM.TOTL.ZS,15.866
HTI,Haiti,2005,SL.UEM.TOTL.ZS,14.559
HND,Honduras,2025,SL.UEM.TOTL.ZS,4.92
HND,Honduras,2024,SL.UEM.TOTL.ZS,4.91
HND,Honduras,2023,SL.UEM.TOTL.ZS,6.07
HND,Honduras,2022,SL.UEM.TOTL.ZS,8.774
HND,Honduras,2021,SL.UEM.TOTL.ZS,8.506
HND,Honduras,2020,SL.UEM.TOTL.ZS,10.982
HND,Honduras,2019,SL.UEM.TOTL.ZS,5.698
HND,Honduras,2018,SL.UEM.TOTL.ZS,5.648
HND,Honduras,2017,SL.UEM.TOTL.ZS,5.528
HND,Honduras,2016,SL.UEM.TOTL.ZS,6.727
HND,Honduras,2015,SL.UEM.TOTL.ZS,6.147
HND,Honduras,2014,SL.UEM.TOTL.ZS,7.078
HND,Honduras,2013,SL.UEM.TOTL.ZS,5.646
HND,Honduras,2012,SL.UEM.TOTL.ZS,3.755
HND,Honduras,2011,SL.UEM.TOTL.ZS,4.474
HND,Honduras,2010,SL.UEM.TOTL.ZS,4.119
HND,Honduras,2009,SL.UEM.TOTL.ZS,3.292
HND,Honduras,2008,SL.UEM.TOTL.ZS,3.156
HND,Honduras,2007,SL.UEM.TOTL.ZS,3.211
HND,Honduras,2006,SL.UEM.TOTL.ZS,3.574
HND,Honduras,2005,SL.UEM.TOTL.ZS,4.909
HKG,"Hong Kong SAR, China",2025,SL.UEM.TOTL.ZS,2.799
HKG,"Hong Kong SAR, China",2024,SL.UEM.TOTL.ZS,2.988
HKG,"Hong Kong SAR, China",2023,SL.UEM.TOTL.ZS,2.949
HKG,"Hong Kong SAR, China",2022,SL.UEM.TOTL.ZS,4.318
HKG,"Hong Kong SAR, China",2021,SL.UEM.TOTL.ZS,5.174
HKG,"Hong Kong SAR, China",2020,SL.UEM.TOTL.ZS,5.808
HKG,"Hong Kong SAR, China",2019,SL.UEM.TOTL.ZS,2.917
HKG,"Hong Kong SAR, China",2018,SL.UEM.TOTL.ZS,2.805
HKG,"Hong Kong SAR, China",2017,SL.UEM.TOTL.ZS,3.124
HKG,"Hong Kong SAR, China",2016,SL.UEM.TOTL.ZS,3.392
HKG,"Hong Kong SAR, China",2015,SL.UEM.TOTL.ZS,3.314
HKG,"Hong Kong SAR, China",2014,SL.UEM.TOTL.ZS,3.296
HKG,"Hong Kong SAR, China",2013,SL.UEM.TOTL.ZS,3.4
HKG,"Hong Kong SAR, China",2012,SL.UEM.TOTL.ZS,3.285
HKG,"Hong Kong SAR, China",2011,SL.UEM.TOTL.ZS,3.422
HKG,"Hong Kong SAR, China",2010,SL.UEM.TOTL.ZS,4.329
HKG,"Hong Kong SAR, China",2009,SL.UEM.TOTL.ZS,5.26
HKG,"Hong Kong SAR, China",2008,SL.UEM.TOTL.ZS,3.56
HKG,"Hong Kong SAR, China",2007,SL.UEM.TOTL.ZS,4.01
HKG,"Hong Kong SAR, China",2006,SL.UEM.TOTL.ZS,4.77
HKG,"Hong Kong SAR, China",2005,SL.UEM.TOTL.ZS,5.58
HUN,Hungary,2025,SL.UEM.TOTL.ZS,4.521
HUN,Hungary,2024,SL.UEM.TOTL.ZS,4.5
HUN,Hungary,2023,SL.UEM.TOTL.ZS,4.096
HUN,Hungary,2022,SL.UEM.TOTL.ZS,3.583
HUN,Hungary,2021,SL.UEM.TOTL.ZS,4.021
HUN,Hungary,2020,SL.UEM.TOTL.ZS,4.248
HUN,Hungary,2019,SL.UEM.TOTL.ZS,3.411
HUN,Hungary,2018,SL.UEM.TOTL.ZS,3.667
HUN,Hungary,2017,SL.UEM.TOTL.ZS,4.156
HUN,Hungary,2016,SL.UEM.TOTL.ZS,5.115
HUN,Hungary,2015,SL.UEM.TOTL.ZS,6.813
HUN,Hungary,2014,SL.UEM.TOTL.ZS,7.725
HUN,Hungary,2013,SL.UEM.TOTL.ZS,10.177
HUN,Hungary,2012,SL.UEM.TOTL.ZS,11.003
HUN,Hungary,2011,SL.UEM.TOTL.ZS,11.029
HUN,Hungary,2010,SL.UEM.TOTL.ZS,11.172
HUN,Hungary,2009,SL.UEM.TOTL.ZS,10.03
HUN,Hungary,2008,SL.UEM.TOTL.ZS,7.817
HUN,Hungary,2007,SL.UEM.TOTL.ZS,7.406
HUN,Hungary,2006,SL.UEM.TOTL.ZS,7.494
HUN,Hungary,2005,SL.UEM.TOTL.ZS,7.189
ISL,Iceland,2025,SL.UEM.TOTL.ZS,3.625
ISL,Iceland,2024,SL.UEM.TOTL.ZS,3.6
ISL,Iceland,2023,SL.UEM.TOTL.ZS,3.518
ISL,Iceland,2022,SL.UEM.TOTL.ZS,3.789
ISL,Iceland,2021,SL.UEM.TOTL.ZS,6.029
ISL,Iceland,2020,SL.UEM.TOTL.ZS,5.478
ISL,Iceland,2019,SL.UEM.TOTL.ZS,3.507
ISL,Iceland,2018,SL.UEM.TOTL.ZS,2.704
ISL,Iceland,2017,SL.UEM.TOTL.ZS,2.742
ISL,Iceland,2016,SL.UEM.TOTL.ZS,2.978
ISL,Iceland,2015,SL.UEM.TOTL.ZS,3.979
ISL,Iceland,2014,SL.UEM.TOTL.ZS,4.897
ISL,Iceland,2013,SL.UEM.TOTL.ZS,5.376
ISL,Iceland,2012,SL.UEM.TOTL.ZS,6.0
ISL,Iceland,2011,SL.UEM.TOTL.ZS,7.028
ISL,Iceland,2010,SL.UEM.TOTL.ZS,7.564
ISL,Iceland,2009,SL.UEM.TOTL.ZS,7.22
ISL,Iceland,2008,SL.UEM.TOTL.ZS,2.946
ISL,Iceland,2007,SL.UEM.TOTL.ZS,2.251
ISL,Iceland,2006,SL.UEM.TOTL.ZS,2.83
ISL,Iceland,2005,SL.UEM.TOTL.ZS,2.547
IND,India,2025,SL.UEM.TOTL.ZS,4.219
IND,India,2024,SL.UEM.TOTL.ZS,4.173
IND,India,2023,SL.UEM.TOTL.ZS,4.172
IND,India,2022,SL.UEM.TOTL.ZS,4.822
IND,India,2021,SL.UEM.TOTL.ZS,6.38
IND,India,2020,SL.UEM.TOTL.ZS,7.859
IND,India,2019,SL.UEM.TOTL.ZS,6.51
IND,India,2018,SL.UEM.TOTL.ZS,7.652
IND,India,2017,SL.UEM.TOTL.ZS,7.626
IND,India,2016,SL.UEM.TOTL.ZS,7.611
IND,India,2015,SL.UEM.TOTL.ZS,7.629
IND,India,2014,SL.UEM.TOTL.ZS,7.656
IND,India,2013,SL.UEM.TOTL.ZS,7.678
IND,India,2012,SL.UEM.TOTL.ZS,7.645
IND,India,2011,SL.UEM.TOTL.ZS,7.609
IND,India,2010,SL.UEM.TOTL.ZS,7.631
IND,India,2009,SL.UEM.TOTL.ZS,7.636
IND,India,2008,SL.UEM.TOTL.ZS,7.629
IND,India,2007,SL.UEM.TOTL.ZS,7.562
IND,India,2006,SL.UEM.TOTL.ZS,7.553
IND,India,2005,SL.UEM.TOTL.ZS,7.551
IDN,Indonesia,2025,SL.UEM.TOTL.ZS,3.237
IDN,Indonesia,2024,SL.UEM.TOTL.ZS,3.301
IDN,Indonesia,2023,SL.UEM.TOTL.ZS,3.308
IDN,Indonesia,2022,SL.UEM.TOTL.ZS,3.462
IDN,Indonesia,2021,SL.UEM.TOTL.ZS,3.827
IDN,Indonesia,2020,SL.UEM.TOTL.ZS,4.255
IDN,Indonesia,2019,SL.UEM.TOTL.ZS,3.59
IDN,Indonesia,2018,SL.UEM.TOTL.ZS,4.387
IDN,Indonesia,2017,SL.UEM.TOTL.ZS,3.783
IDN,Indonesia,2016,SL.UEM.TOTL.ZS,4.301
IDN,Indonesia,2015,SL.UEM.TOTL.ZS,4.514
IDN,Indonesia,2014,SL.UEM.TOTL.ZS,4.049
IDN,Indonesia,2013,SL.UEM.TOTL.ZS,4.336
IDN,Indonesia,2012,SL.UEM.TOTL.ZS,4.468
IDN,Indonesia,2011,SL.UEM.TOTL.ZS,5.153
IDN,Indonesia,2010,SL.UEM.TOTL.ZS,5.614
IDN,Indonesia,2009,SL.UEM.TOTL.ZS,6.106
IDN,Indonesia,2008,SL.UEM.TOTL.ZS,7.208
IDN,Indonesia,2007,SL.UEM.TOTL.ZS,8.06
IDN,Indonesia,2006,SL.UEM.TOTL.ZS,7.551
IDN,Indonesia,2005,SL.UEM.TOTL.ZS,7.945
IRN,"Iran, Islamic Rep.",2025,SL.UEM.TOTL.ZS,8.301
IRN,"Iran, Islamic Rep.",2024,SL.UEM.TOTL.ZS,8.146
IRN,"Iran, Islamic Rep.",2023,SL.UEM.TOTL.ZS,8.129
IRN,"Iran, Islamic Rep.",2022,SL.UEM.TOTL.ZS,9.085
IRN,"Iran, Islamic Rep.",2021,SL.UEM.TOTL.ZS,9.282
IRN,"Iran, Islamic Rep.",2020,SL.UEM.TOTL.ZS,9.687
IRN,"Iran, Islamic Rep.",2019,SL.UEM.TOTL.ZS,10.74
IRN,"Iran, Islamic Rep.",2018,SL.UEM.TOTL.ZS,12.195
IRN,"Iran, Islamic Rep.",2017,SL.UEM.TOTL.ZS,12.232
IRN,"Iran, Islamic Rep.",2016,SL.UEM.TOTL.ZS,12.618
IRN,"Iran, Islamic Rep.",2015,SL.UEM.TOTL.ZS,11.166
IRN,"Iran, Islamic Rep.",2014,SL.UEM.TOTL.ZS,10.68
IRN,"Iran, Islamic Rep.",2013,SL.UEM.TOTL.ZS,10.595
IRN,"Iran, Islamic Rep.",2012,SL.UEM.TOTL.ZS,12.275
IRN,"Iran, Islamic Rep.",2011,SL.UEM.TOTL.ZS,12.491
IRN,"Iran, Islamic Rep.",2010,SL.UEM.TOTL.ZS,13.679
IRN,"Iran, Islamic Rep.",2009,SL.UEM.TOTL.ZS,12.113
IRN,"Iran, Islamic Rep.",2008,SL.UEM.TOTL.ZS,10.63
IRN,"Iran, Islamic Rep.",2007,SL.UEM.TOTL.ZS,10.772
IRN,"Iran, Islamic Rep.",2006,SL.UEM.TOTL.ZS,11.519
IRN,"Iran, Islamic Rep.",2005,SL.UEM.TOTL.ZS,11.813
IRQ,Iraq,2025,SL.UEM.TOTL.ZS,15.485
IRQ,Iraq,2024,SL.UEM.TOTL.ZS,15.293
IRQ,Iraq,2023,SL.UEM.TOTL.ZS,15.239
IRQ,Iraq,2022,SL.UEM.TOTL.ZS,15.41
IRQ,Iraq,2021,SL.UEM.TOTL.ZS,16.173
IRQ,Iraq,2020,SL.UEM.TOTL.ZS,15.766
IRQ,Iraq,2019,SL.UEM.TOTL.ZS,14.096
IRQ,Iraq,2018,SL.UEM.TOTL.ZS,13.458
IRQ,Iraq,2017,SL.UEM.TOTL.ZS,13.02
IRQ,Iraq,2016,SL.UEM.TOTL.ZS,10.82
IRQ,Iraq,2015,SL.UEM.TOTL.ZS,10.865
IRQ,Iraq,2014,SL.UEM.TOTL.ZS,10.59
IRQ,Iraq,2013,SL.UEM.TOTL.ZS,9.222
IRQ,Iraq,2012,SL.UEM.TOTL.ZS,7.965
IRQ,Iraq,2011,SL.UEM.TOTL.ZS,8.193
IRQ,Iraq,2010,SL.UEM.TOTL.ZS,8.267
IRQ,Iraq,2009,SL.UEM.TOTL.ZS,8.415
IRQ,Iraq,2008,SL.UEM.TOTL.ZS,8.466
IRQ,Iraq,2007,SL.UEM.TOTL.ZS,8.646
IRQ,Iraq,2006,SL.UEM.TOTL.ZS,8.411
IRQ,Iraq,2005,SL.UEM.TOTL.ZS,8.57
IRL,Ireland,2025,SL.UEM.TOTL.ZS,4.632
IRL,Ireland,2024,SL.UEM.TOTL.ZS,4.3
IRL,Ireland,2023,SL.UEM.TOTL.ZS,4.243
IRL,Ireland,2022,SL.UEM.TOTL.ZS,4.465
IRL,Ireland,2021,SL.UEM.TOTL.ZS,6.357
IRL,Ireland,2020,SL.UEM.TOTL.ZS,5.623
IRL,Ireland,2019,SL.UEM.TOTL.ZS,4.95
IRL,Ireland,2018,SL.UEM.TOTL.ZS,5.741
IRL,Ireland,2017,SL.UEM.TOTL.ZS,6.713
IRL,Ireland,2016,SL.UEM.TOTL.ZS,8.374
IRL,Ireland,2015,SL.UEM.TOTL.ZS,9.908
IRL,Ireland,2014,SL.UEM.TOTL.ZS,11.858
IRL,Ireland,2013,SL.UEM.TOTL.ZS,13.735
IRL,Ireland,2012,SL.UEM.TOTL.ZS,15.451
IRL,Ireland,2011,SL.UEM.TOTL.ZS,15.354
IRL,Ireland,2010,SL.UEM.TOTL.ZS,14.534
IRL,Ireland,2009,SL.UEM.TOTL.ZS,12.609
IRL,Ireland,2008,SL.UEM.TOTL.ZS,6.774
IRL,Ireland,2007,SL.UEM.TOTL.ZS,4.98
IRL,Ireland,2006,SL.UEM.TOTL.ZS,4.355
IRL,Ireland,2005,SL.UEM.TOTL.ZS,4.237
ISR,Israel,2025,SL.UEM.TOTL.ZS,3.489
ISR,Israel,2024,SL.UEM.TOTL.ZS,3.595
ISR,Israel,2023,SL.UEM.TOTL.ZS,3.371
ISR,Israel,2022,SL.UEM.TOTL.ZS,3.695
ISR,Israel,2021,SL.UEM.TOTL.ZS,4.812
ISR,Israel,2020,SL.UEM.TOTL.ZS,4.169
ISR,Israel,2019,SL.UEM.TOTL.ZS,3.731
ISR,Israel,2018,SL.UEM.TOTL.ZS,3.917
ISR,Israel,2017,SL.UEM.TOTL.ZS,4.14
ISR,Israel,2016,SL.UEM.TOTL.ZS,4.723
ISR,Israel,2015,SL.UEM.TOTL.ZS,5.176
ISR,Israel,2014,SL.UEM.TOTL.ZS,5.789
ISR,Israel,2013,SL.UEM.TOTL.ZS,6.137
ISR,Israel,2012,SL.UEM.TOTL.ZS,6.762
ISR,Israel,2011,SL.UEM.TOTL.ZS,7.139
ISR,Israel,2010,SL.UEM.TOTL.ZS,8.48
ISR,Israel,2009,SL.UEM.TOTL.ZS,9.534
ISR,Israel,2008,SL.UEM.TOTL.ZS,7.704
ISR,Israel,2007,SL.UEM.TOTL.ZS,9.379
ISR,Israel,2006,SL.UEM.TOTL.ZS,10.707
ISR,Israel,2005,SL.UEM.TOTL.ZS,11.342
ITA,Italy,2025,SL.UEM.TOTL.ZS,6.391
ITA,Italy,2024,SL.UEM.TOTL.ZS,6.5
ITA,Italy,2023,SL.UEM.TOTL.ZS,7.627
ITA,Italy,2022,SL.UEM.TOTL.ZS,8.069
ITA,Italy,2021,SL.UEM.TOTL.ZS,9.497
ITA,Italy,2020,SL.UEM.TOTL.ZS,9.192
ITA,Italy,2019,SL.UEM.TOTL.ZS,9.884
ITA,Italy,2018,SL.UEM.TOTL.ZS,10.538
ITA,Italy,2017,SL.UEM.TOTL.ZS,11.211
ITA,Italy,2016,SL.UEM.TOTL.ZS,11.688
ITA,Italy,2015,SL.UEM.TOTL.ZS,11.896
ITA,Italy,2014,SL.UEM.TOTL.ZS,12.683
ITA,Italy,2013,SL.UEM.TOTL.ZS,12.149
ITA,Italy,2012,SL.UEM.TOTL.ZS,10.655
ITA,Italy,2011,SL.UEM.TOTL.ZS,8.359
ITA,Italy,2010,SL.UEM.TOTL.ZS,8.363
ITA,Italy,2009,SL.UEM.TOTL.ZS,7.749
ITA,Italy,2008,SL.UEM.TOTL.ZS,6.723
ITA,Italy,2007,SL.UEM.TOTL.ZS,6.076
ITA,Italy,2006,SL.UEM.TOTL.ZS,6.777
ITA,Italy,2005,SL.UEM.TOTL.ZS,7.73
JAM,Jamaica,2025,SL.UEM.TOTL.ZS,3.286
JAM,Jamaica,2024,SL.UEM.TOTL.ZS,3.151
JAM,Jamaica,2023,SL.UEM.TOTL.ZS,3.022
JAM,Jamaica,2022,SL.UEM.TOTL.ZS,4.083
JAM,Jamaica,2021,SL.UEM.TOTL.ZS,5.188
JAM,Jamaica,2020,SL.UEM.TOTL.ZS,6.501
JAM,Jamaica,2019,SL.UEM.TOTL.ZS,4.987
JAM,Jamaica,2018,SL.UEM.TOTL.ZS,5.47
JAM,Jamaica,2017,SL.UEM.TOTL.ZS,7.399
JAM,Jamaica,2016,SL.UEM.TOTL.ZS,8.634
JAM,Jamaica,2015,SL.UEM.TOTL.ZS,8.825
JAM,Jamaica,2014,SL.UEM.TOTL.ZS,9.046
JAM,Jamaica,2013,SL.UEM.TOTL.ZS,9.698
JAM,Jamaica,2012,SL.UEM.TOTL.ZS,8.695
JAM,Jamaica,2011,SL.UEM.TOTL.ZS,8.034
JAM,Jamaica,2010,SL.UEM.TOTL.ZS,7.63
JAM,Jamaica,2009,SL.UEM.TOTL.ZS,7.314
JAM,Jamaica,2008,SL.UEM.TOTL.ZS,6.666
JAM,Jamaica,2007,SL.UEM.TOTL.ZS,6.607
JAM,Jamaica,2006,SL.UEM.TOTL.ZS,6.605
JAM,Jamaica,2005,SL.UEM.TOTL.ZS,6.577
JPN,Japan,2025,SL.UEM.TOTL.ZS,2.451
JPN,Japan,2024,SL.UEM.TOTL.ZS,2.5
JPN,Japan,2023,SL.UEM.TOTL.ZS,2.6
JPN,Japan,2022,SL.UEM.TOTL.ZS,2.614
JPN,Japan,2021,SL.UEM.TOTL.ZS,2.808
JPN,Japan,2020,SL.UEM.TOTL.ZS,2.809
JPN,Japan,2019,SL.UEM.TOTL.ZS,2.351
JPN,Japan,2018,SL.UEM.TOTL.ZS,2.467
JPN,Japan,2017,SL.UEM.TOTL.ZS,2.822
JPN,Japan,2016,SL.UEM.TOTL.ZS,3.132
JPN,Japan,2015,SL.UEM.TOTL.ZS,3.385
JPN,Japan,2014,SL.UEM.TOTL.ZS,3.589
JPN,Japan,2013,SL.UEM.TOTL.ZS,4.038
JPN,Japan,2012,SL.UEM.TOTL.ZS,4.358
JPN,Japan,2011,SL.UEM.TOTL.ZS,4.55
JPN,Japan,2010,SL.UEM.TOTL.ZS,5.102
JPN,Japan,2009,SL.UEM.TOTL.ZS,5.068
JPN,Japan,2008,SL.UEM.TOTL.ZS,4.002
JPN,Japan,2007,SL.UEM.TOTL.ZS,3.888
JPN,Japan,2006,SL.UEM.TOTL.ZS,4.192
JPN,Japan,2005,SL.UEM.TOTL.ZS,4.446
JOR,Jordan,2025,SL.UEM.TOTL.ZS,16.535
JOR,Jordan,2024,SL.UEM.TOTL.ZS,16.693
JOR,Jordan,2023,SL.UEM.TOTL.ZS,16.62
JOR,Jordan,2022,SL.UEM.TOTL.ZS,18.2
JOR,Jordan,2021,SL.UEM.TOTL.ZS,19.837
JOR,Jordan,2020,SL.UEM.TOTL.ZS,19.213
JOR,Jordan,2019,SL.UEM.TOTL.ZS,16.801
JOR,Jordan,2018,SL.UEM.TOTL.ZS,18.257
JOR,Jordan,2017,SL.UEM.TOTL.ZS,18.12
JOR,Jordan,2016,SL.UEM.TOTL.ZS,15.275
JOR,Jordan,2015,SL.UEM.TOTL.ZS,13.075
JOR,Jordan,2014,SL.UEM.TOTL.ZS,11.9
JOR,Jordan,2013,SL.UEM.TOTL.ZS,12.6
JOR,Jordan,2012,SL.UEM.TOTL.ZS,12.2
JOR,Jordan,2011,SL.UEM.TOTL.ZS,12.9
JOR,Jordan,2010,SL.UEM.TOTL.ZS,12.5
JOR,Jordan,2009,SL.UEM.TOTL.ZS,12.9
JOR,Jordan,2008,SL.UEM.TOTL.ZS,12.7
JOR,Jordan,2007,SL.UEM.TOTL.ZS,13.1
JOR,Jordan,2006,SL.UEM.TOTL.ZS,14.0
JOR,Jordan,2005,SL.UEM.TOTL.ZS,14.8
KAZ,Kazakhstan,2025,SL.UEM.TOTL.ZS,4.771
KAZ,Kazakhstan,2024,SL.UEM.TOTL.ZS,4.833
KAZ,Kazakhstan,2023,SL.UEM.TOTL.ZS,4.835
KAZ,Kazakhstan,2022,SL.UEM.TOTL.ZS,4.86
KAZ,Kazakhstan,2021,SL.UEM.TOTL.ZS,5.568
KAZ,Kazakhstan,2020,SL.UEM.TOTL.ZS,4.89
KAZ,Kazakhstan,2019,SL.UEM.TOTL.ZS,4.8
KAZ,Kazakhstan,2018,SL.UEM.TOTL.ZS,4.85
KAZ,Kazakhstan,2017,SL.UEM.TOTL.ZS,4.9
KAZ,Kazakhstan,2016,SL.UEM.TOTL.ZS,4.96
KAZ,Kazakhstan,2015,SL.UEM.TOTL.ZS,4.93
KAZ,Kazakhstan,2014,SL.UEM.TOTL.ZS,5.06
KAZ,Kazakhstan,2013,SL.UEM.TOTL.ZS,5.2
KAZ,Kazakhstan,2012,SL.UEM.TOTL.ZS,5.29
KAZ,Kazakhstan,2011,SL.UEM.TOTL.ZS,5.39
KAZ,Kazakhstan,2010,SL.UEM.TOTL.ZS,5.77
KAZ,Kazakhstan,2009,SL.UEM.TOTL.ZS,6.55
KAZ,Kazakhstan,2008,SL.UEM.TOTL.ZS,6.63
KAZ,Kazakhstan,2007,SL.UEM.TOTL.ZS,7.26
KAZ,Kazakhstan,2006,SL.UEM.TOTL.ZS,7.79
KAZ,Kazakhstan,2005,SL.UEM.TOTL.ZS,8.13
KEN,Kenya,2025,SL.UEM.TOTL.ZS,5.449
KEN,Kenya,2024,SL.UEM.TOTL.ZS,5.487
KEN,Kenya,2023,SL.UEM.TOTL.ZS,5.409
KEN,Kenya,2022,SL.UEM.TOTL.ZS,5.565
KEN,Kenya,2021,SL.UEM.TOTL.ZS,5.693
KEN,Kenya,2020,SL.UEM.TOTL.ZS,5.613
KEN,Kenya,2019,SL.UEM.TOTL.ZS,5.014
KEN,Kenya,2018,SL.UEM.TOTL.ZS,4.284
KEN,Kenya,2017,SL.UEM.TOTL.ZS,3.542
KEN,Kenya,2016,SL.UEM.TOTL.ZS,2.757
KEN,Kenya,2015,SL.UEM.TOTL.ZS,2.762
KEN,Kenya,2014,SL.UEM.TOTL.ZS,2.767
KEN,Kenya,2013,SL.UEM.TOTL.ZS,2.762
KEN,Kenya,2012,SL.UEM.TOTL.ZS,2.678
KEN,Kenya,2011,SL.UEM.TOTL.ZS,2.699
KEN,Kenya,2010,SL.UEM.TOTL.ZS,2.793
KEN,Kenya,2009,SL.UEM.TOTL.ZS,2.816
KEN,Kenya,2008,SL.UEM.TOTL.ZS,2.751
KEN,Kenya,2007,SL.UEM.TOTL.ZS,2.642
KEN,Kenya,2006,SL.UEM.TOTL.ZS,2.673
KEN,Kenya,2005,SL.UEM.TOTL.ZS,2.739
PRK,"Korea, Dem. People's Rep.",2025,SL.UEM.TOTL.ZS,3.545
PRK,"Korea, Dem. People's Rep.",2024,SL.UEM.TOTL.ZS,3.539
PRK,"Korea, Dem. People's Rep.",2023,SL.UEM.TOTL.ZS,3.463
PRK,"Korea, Dem. People's Rep.",2022,SL.UEM.TOTL.ZS,3.457
PRK,"Korea, Dem. People's Rep.",2021,SL.UEM.TOTL.ZS,3.692
PRK,"Korea, Dem. People's Rep.",2020,SL.UEM.TOTL.ZS,3.624
PRK,"Korea, Dem. People's Rep.",2019,SL.UEM.TOTL.ZS,3.439
PRK,"Korea, Dem. People's Rep.",2018,SL.UEM.TOTL.ZS,3.409
PRK,"Korea, Dem. People's Rep.",2017,SL.UEM.TOTL.ZS,3.498
PRK,"Korea, Dem. People's Rep.",2016,SL.UEM.TOTL.ZS,3.574
PRK,"Korea, Dem. People's Rep.",2015,SL.UEM.TOTL.ZS,3.523
PRK,"Korea, Dem. People's Rep.",2014,SL.UEM.TOTL.ZS,3.509
PRK,"Korea, Dem. People's Rep.",2013,SL.UEM.TOTL.ZS,3.567
PRK,"Korea, Dem. People's Rep.",2012,SL.UEM.TOTL.ZS,3.542
PRK,"Korea, Dem. People's Rep.",2011,SL.UEM.TOTL.ZS,3.516
PRK,"Korea, Dem. People's Rep.",2010,SL.UEM.TOTL.ZS,3.419
PRK,"Korea, Dem. People's Rep.",2009,SL.UEM.TOTL.ZS,3.48
PRK,"Korea, Dem. People's Rep.",2008,SL.UEM.TOTL.ZS,3.48
PRK,"Korea, Dem. People's Rep.",2007,SL.UEM.TOTL.ZS,3.547
PRK,"Korea, Dem. People's Rep.",2006,SL.UEM.TOTL.ZS,3.55
PRK,"Korea, Dem. People's Rep.",2005,SL.UEM.TOTL.ZS,3.576
KOR,"Korea, Rep.",2025,SL.UEM.TOTL.ZS,2.683
KOR,"Korea, Rep.",2024,SL.UEM.TOTL.ZS,2.784
KOR,"Korea, Rep.",2023,SL.UEM.TOTL.ZS,2.675
KOR,"Korea, Rep.",2022,SL.UEM.TOTL.ZS,2.857
KOR,"Korea, Rep.",2021,SL.UEM.TOTL.ZS,3.639
KOR,"Korea, Rep.",2020,SL.UEM.TOTL.ZS,3.931
KOR,"Korea, Rep.",2019,SL.UEM.TOTL.ZS,3.746
KOR,"Korea, Rep.",2018,SL.UEM.TOTL.ZS,3.824
KOR,"Korea, Rep.",2017,SL.UEM.TOTL.ZS,3.653
KOR,"Korea, Rep.",2016,SL.UEM.TOTL.ZS,3.65
KOR,"Korea, Rep.",2015,SL.UEM.TOTL.ZS,3.546
KOR,"Korea, Rep.",2014,SL.UEM.TOTL.ZS,3.082
KOR,"Korea, Rep.",2013,SL.UEM.TOTL.ZS,3.067
KOR,"Korea, Rep.",2012,SL.UEM.TOTL.ZS,2.812
KOR,"Korea, Rep.",2011,SL.UEM.TOTL.ZS,2.992
KOR,"Korea, Rep.",2010,SL.UEM.TOTL.ZS,3.324
KOR,"Korea, Rep.",2009,SL.UEM.TOTL.ZS,3.363
KOR,"Korea, Rep.",2008,SL.UEM.TOTL.ZS,2.959
KOR,"Korea, Rep.",2007,SL.UEM.TOTL.ZS,3.013
KOR,"Korea, Rep.",2006,SL.UEM.TOTL.ZS,3.254
KOR,"Korea, Rep.",2005,SL.UEM.TOTL.ZS,3.482
KWT,Kuwait,2025,SL.UEM.TOTL.ZS,2.181
KWT,Kuwait,2024,SL.UEM.TOTL.ZS,2.151
KWT,Kuwait,2023,SL.UEM.TOTL.ZS,2.08
KWT,Kuwait,2022,SL.UEM.TOTL.ZS,2.133
KWT,Kuwait,2021,SL.UEM.TOTL.ZS,2.97
KWT,Kuwait,2020,SL.UEM.TOTL.ZS,3.489
KWT,Kuwait,2019,SL.UEM.TOTL.ZS,2.213
KWT,Kuwait,2018,SL.UEM.TOTL.ZS,2.202
KWT,Kuwait,2017,SL.UEM.TOTL.ZS,2.23
KWT,Kuwait,2016,SL.UEM.TOTL.ZS,2.16
KWT,Kuwait,2015,SL.UEM.TOTL.ZS,2.2
KWT,Kuwait,2014,SL.UEM.TOTL.ZS,2.9
KWT,Kuwait,2013,SL.UEM.TOTL.ZS,2.465
KWT,Kuwait,2012,SL.UEM.TOTL.ZS,2.227
KWT,Kuwait,2011,SL.UEM.TOTL.ZS,2.051
KWT,Kuwait,2010,SL.UEM.TOTL.ZS,1.82
KWT,Kuwait,2009,SL.UEM.TOTL.ZS,1.64
KWT,Kuwait,2008,SL.UEM.TOTL.ZS,1.75
KWT,Kuwait,2007,SL.UEM.TOTL.ZS,1.5
KWT,Kuwait,2006,SL.UEM.TOTL.ZS,1.3
KWT,Kuwait,2005,SL.UEM.TOTL.ZS,1.455
KGZ,Kyrgyz Republic,2025,SL.UEM.TOTL.ZS,3.526
KGZ,Kyrgyz Republic,2024,SL.UEM.TOTL.ZS,3.491
KGZ,Kyrgyz Republic,2023,SL.UEM.TOTL.ZS,3.498
KGZ,Kyrgyz Republic,2022,SL.UEM.TOTL.ZS,4.767
KGZ,Kyrgyz Republic,2021,SL.UEM.TOTL.ZS,5.149
KGZ,Kyrgyz Republic,2020,SL.UEM.TOTL.ZS,5.945
KGZ,Kyrgyz Republic,2019,SL.UEM.TOTL.ZS,5.45
KGZ,Kyrgyz Republic,2018,SL.UEM.TOTL.ZS,4.559
KGZ,Kyrgyz Republic,2017,SL.UEM.TOTL.ZS,4.425
KGZ,Kyrgyz Republic,2016,SL.UEM.TOTL.ZS,4.294
KGZ,Kyrgyz Republic,2015,SL.UEM.TOTL.ZS,4.138
KGZ,Kyrgyz Republic,2014,SL.UEM.TOTL.ZS,4.02
KGZ,Kyrgyz Republic,2013,SL.UEM.TOTL.ZS,3.881
KGZ,Kyrgyz Republic,2012,SL.UEM.TOTL.ZS,3.786
KGZ,Kyrgyz Republic,2011,SL.UEM.TOTL.ZS,3.644
KGZ,Kyrgyz Republic,2010,SL.UEM.TOTL.ZS,3.503
KGZ,Kyrgyz Republic,2009,SL.UEM.TOTL.ZS,3.343
KGZ,Kyrgyz Republic,2008,SL.UEM.TOTL.ZS,3.207
KGZ,Kyrgyz Republic,2007,SL.UEM.TOTL.ZS,3.094
KGZ,Kyrgyz Republic,2006,SL.UEM.TOTL.ZS,2.962
KGZ,Kyrgyz Republic,2005,SL.UEM.TOTL.ZS,2.816
LAO,Lao PDR,2025,SL.UEM.TOTL.ZS,1.187
LAO,Lao PDR,2024,SL.UEM.TOTL.ZS,1.174
LAO,Lao PDR,2023,SL.UEM.TOTL.ZS,1.186
LAO,Lao PDR,2022,SL.UEM.TOTL.ZS,1.209
LAO,Lao PDR,2021,SL.UEM.TOTL.ZS,2.08
LAO,Lao PDR,2020,SL.UEM.TOTL.ZS,2.349
LAO,Lao PDR,2019,SL.UEM.TOTL.ZS,2.531
LAO,Lao PDR,2018,SL.UEM.TOTL.ZS,2.897
LAO,Lao PDR,2017,SL.UEM.TOTL.ZS,3.268
LAO,Lao PDR,2016,SL.UEM.TOTL.ZS,2.634
LAO,Lao PDR,2015,SL.UEM.TOTL.ZS,2.006
LAO,Lao PDR,2014,SL.UEM.TOTL.ZS,1.733
LAO,Lao PDR,2013,SL.UEM.TOTL.ZS,1.469
LAO,Lao PDR,2012,SL.UEM.TOTL.ZS,1.208
LAO,Lao PDR,2011,SL.UEM.TOTL.ZS,0.96
LAO,Lao PDR,2010,SL.UEM.TOTL.ZS,0.708
LAO,Lao PDR,2009,SL.UEM.TOTL.ZS,0.835
LAO,Lao PDR,2008,SL.UEM.TOTL.ZS,0.944
LAO,Lao PDR,2007,SL.UEM.TOTL.ZS,1.068
LAO,Lao PDR,2006,SL.UEM.TOTL.ZS,1.199
LAO,Lao PDR,2005,SL.UEM.TOTL.ZS,1.35
LVA,Latvia,2025,SL.UEM.TOTL.ZS,6.568
LVA,Latvia,2024,SL.UEM.TOTL.ZS,6.9
LVA,Latvia,2023,SL.UEM.TOTL.ZS,6.465
LVA,Latvia,2022,SL.UEM.TOTL.ZS,6.815
LVA,Latvia,2021,SL.UEM.TOTL.ZS,7.513
LVA,Latvia,2020,SL.UEM.TOTL.ZS,8.098
LVA,Latvia,2019,SL.UEM.TOTL.ZS,6.312
LVA,Latvia,2018,SL.UEM.TOTL.ZS,7.412
LVA,Latvia,2017,SL.UEM.TOTL.ZS,8.715
LVA,Latvia,2016,SL.UEM.TOTL.ZS,9.643
LVA,Latvia,2015,SL.UEM.TOTL.ZS,9.873
LVA,Latvia,2014,SL.UEM.TOTL.ZS,10.846
LVA,Latvia,2013,SL.UEM.TOTL.ZS,11.867
LVA,Latvia,2012,SL.UEM.TOTL.ZS,15.047
LVA,Latvia,2011,SL.UEM.TOTL.ZS,16.206
LVA,Latvia,2010,SL.UEM.TOTL.ZS,19.482
LVA,Latvia,2009,SL.UEM.TOTL.ZS,17.515
LVA,Latvia,2008,SL.UEM.TOTL.ZS,7.739
LVA,Latvia,2007,SL.UEM.TOTL.ZS,6.052
LVA,Latvia,2006,SL.UEM.TOTL.ZS,7.03
LVA,Latvia,2005,SL.UEM.TOTL.ZS,10.033
LBN,Lebanon,2023,SL.UEM.TOTL.ZS,10.985
LBN,Lebanon,2022,SL.UEM.TOTL.ZS,11.105
LBN,Lebanon,2021,SL.UEM.TOTL.ZS,12.715
LBN,Lebanon,2020,SL.UEM.TOTL.ZS,13.252
LBN,Lebanon,2019,SL.UEM.TOTL.ZS,11.301
LBN,Lebanon,2018,SL.UEM.TOTL.ZS,10.755
LBN,Lebanon,2017,SL.UEM.TOTL.ZS,10.258
LBN,Lebanon,2016,SL.UEM.TOTL.ZS,9.794
LBN,Lebanon,2015,SL.UEM.TOTL.ZS,9.312
LBN,Lebanon,2014,SL.UEM.TOTL.ZS,8.84
LBN,Lebanon,2013,SL.UEM.TOTL.ZS,8.477
LBN,Lebanon,2012,SL.UEM.TOTL.ZS,7.952
LBN,Lebanon,2011,SL.UEM.TOTL.ZS,7.352
LBN,Lebanon,2010,SL.UEM.TOTL.ZS,6.768
LBN,Lebanon,2009,SL.UEM.TOTL.ZS,6.355
LBN,Lebanon,2008,SL.UEM.TOTL.ZS,7.666
LBN,Lebanon,2007,SL.UEM.TOTL.ZS,8.98
LBN,Lebanon,2006,SL.UEM.TOTL.ZS,8.679
LBN,Lebanon,2005,SL.UEM.TOTL.ZS,8.249
LSO,Lesotho,2025,SL.UEM.TOTL.ZS,16.315
LSO,Lesotho,2024,SL.UEM.TOTL.ZS,16.34
LSO,Lesotho,2023,SL.UEM.TOTL.ZS,16.348
LSO,Lesotho,2022,SL.UEM.TOTL.ZS,16.623
LSO,Lesotho,2021,SL.UEM.TOTL.ZS,18.214
LSO,Lesotho,2020,SL.UEM.TOTL.ZS,18.385
LSO,Lesotho,2019,SL.UEM.TOTL.ZS,16.876
LSO,Lesotho,2018,SL.UEM.TOTL.ZS,16.614
LSO,Lesotho,2017,SL.UEM.TOTL.ZS,16.379
LSO,Lesotho,2016,SL.UEM.TOTL.ZS,16.138
LSO,Lesotho,2015,SL.UEM.TOTL.ZS,16.223
LSO,Lesotho,2014,SL.UEM.TOTL.ZS,16.066
LSO,Lesotho,2013,SL.UEM.TOTL.ZS,15.926
LSO,Lesotho,2012,SL.UEM.TOTL.ZS,15.761
LSO,Lesotho,2011,SL.UEM.TOTL.ZS,16.115
LSO,Lesotho,2010,SL.UEM.TOTL.ZS,16.068
LSO,Lesotho,2009,SL.UEM.TOTL.ZS,16.115
LSO,Lesotho,2008,SL.UEM.TOTL.ZS,15.851
LSO,Lesotho,2007,SL.UEM.TOTL.ZS,15.942
LSO,Lesotho,2006,SL.UEM.TOTL.ZS,16.054
LSO,Lesotho,2005,SL.UEM.TOTL.ZS,16.031
LBR,Liberia,2025,SL.UEM.TOTL.ZS,2.884
LBR,Liberia,2024,SL.UEM.TOTL.ZS,2.914
LBR,Liberia,2023,SL.UEM.TOTL.ZS,2.905
LBR,Liberia,2022,SL.UEM.TOTL.ZS,2.956
LBR,Liberia,2021,SL.UEM.TOTL.ZS,3.844
LBR,Liberia,2020,SL.UEM.TOTL.ZS,4.102
LBR,Liberia,2019,SL.UEM.TOTL.ZS,3.071
LBR,Liberia,2018,SL.UEM.TOTL.ZS,3.058
LBR,Liberia,2017,SL.UEM.TOTL.ZS,3.067
LBR,Liberia,2016,SL.UEM.TOTL.ZS,3.081
LBR,Liberia,2015,SL.UEM.TOTL.ZS,2.557
LBR,Liberia,2014,SL.UEM.TOTL.ZS,2.079
LBR,Liberia,2013,SL.UEM.TOTL.ZS,2.08
LBR,Liberia,2012,SL.UEM.TOTL.ZS,2.146
LBR,Liberia,2011,SL.UEM.TOTL.ZS,2.211
LBR,Liberia,2010,SL.UEM.TOTL.ZS,2.266
LBR,Liberia,2009,SL.UEM.TOTL.ZS,2.241
LBR,Liberia,2008,SL.UEM.TOTL.ZS,2.221
LBR,Liberia,2007,SL.UEM.TOTL.ZS,2.232
LBR,Liberia,2006,SL.UEM.TOTL.ZS,2.28
LBR,Liberia,2005,SL.UEM.TOTL.ZS,2.413
LBY,Libya,2025,SL.UEM.TOTL.ZS,18.758
LBY,Libya,2024,SL.UEM.TOTL.ZS,19.085
LBY,Libya,2023,SL.UEM.TOTL.ZS,18.713
LBY,Libya,2022,SL.UEM.TOTL.ZS,19.238
LBY,Libya,2021,SL.UEM.TOTL.ZS,19.779
LBY,Libya,2020,SL.UEM.TOTL.ZS,19.651
LBY,Libya,2019,SL.UEM.TOTL.ZS,19.087
LBY,Libya,2018,SL.UEM.TOTL.ZS,18.865
LBY,Libya,2017,SL.UEM.TOTL.ZS,19.053
LBY,Libya,2016,SL.UEM.TOTL.ZS,19.559
LBY,Libya,2015,SL.UEM.TOTL.ZS,19.69
LBY,Libya,2014,SL.UEM.TOTL.ZS,19.295
LBY,Libya,2013,SL.UEM.TOTL.ZS,19.311
LBY,Libya,2012,SL.UEM.TOTL.ZS,19.03
LBY,Libya,2011,SL.UEM.TOTL.ZS,19.504
LBY,Libya,2010,SL.UEM.TOTL.ZS,19.321
LBY,Libya,2009,SL.UEM.TOTL.ZS,19.29
LBY,Libya,2008,SL.UEM.TOTL.ZS,19.041
LBY,Libya,2007,SL.UEM.TOTL.ZS,18.771
LBY,Libya,2006,SL.UEM.TOTL.ZS,18.805
LBY,Libya,2005,SL.UEM.TOTL.ZS,18.66
LTU,Lithuania,2025,SL.UEM.TOTL.ZS,6.731
LTU,Lithuania,2024,SL.UEM.TOTL.ZS,6.851
LTU,Lithuania,2023,SL.UEM.TOTL.ZS,6.841
LTU,Lithuania,2022,SL.UEM.TOTL.ZS,5.955
LTU,Lithuania,2021,SL.UEM.TOTL.ZS,7.112
LTU,Lithuania,2020,SL.UEM.TOTL.ZS,8.487
LTU,Lithuania,2019,SL.UEM.TOTL.ZS,6.255
LTU,Lithuania,2018,SL.UEM.TOTL.ZS,6.147
LTU,Lithuania,2017,SL.UEM.TOTL.ZS,7.073
LTU,Lithuania,2016,SL.UEM.TOTL.ZS,7.862
LTU,Lithuania,2015,SL.UEM.TOTL.ZS,9.12
LTU,Lithuania,2014,SL.UEM.TOTL.ZS,10.698
LTU,Lithuania,2013,SL.UEM.TOTL.ZS,11.77
LTU,Lithuania,2012,SL.UEM.TOTL.ZS,13.365
LTU,Lithuania,2011,SL.UEM.TOTL.ZS,15.39
LTU,Lithuania,2010,SL.UEM.TOTL.ZS,17.814
LTU,Lithuania,2009,SL.UEM.TOTL.ZS,13.785
LTU,Lithuania,2008,SL.UEM.TOTL.ZS,5.826
LTU,Lithuania,2007,SL.UEM.TOTL.ZS,4.25
LTU,Lithuania,2006,SL.UEM.TOTL.ZS,5.78
LTU,Lithuania,2005,SL.UEM.TOTL.ZS,8.325
LUX,Luxembourg,2025,SL.UEM.TOTL.ZS,6.343
LUX,Luxembourg,2024,SL.UEM.TOTL.ZS,6.4
LUX,Luxembourg,2023,SL.UEM.TOTL.ZS,5.184
LUX,Luxembourg,2022,SL.UEM.TOTL.ZS,4.588
LUX,Luxembourg,2021,SL.UEM.TOTL.ZS,5.571
LUX,Luxembourg,2020,SL.UEM.TOTL.ZS,6.766
LUX,Luxembourg,2019,SL.UEM.TOTL.ZS,5.592
LUX,Luxembourg,2018,SL.UEM.TOTL.ZS,5.589
LUX,Luxembourg,2017,SL.UEM.TOTL.ZS,5.523
LUX,Luxembourg,2016,SL.UEM.TOTL.ZS,6.669
LUX,Luxembourg,2015,SL.UEM.TOTL.ZS,6.796
LUX,Luxembourg,2014,SL.UEM.TOTL.ZS,6.044
LUX,Luxembourg,2013,SL.UEM.TOTL.ZS,6.045
LUX,Luxembourg,2012,SL.UEM.TOTL.ZS,5.03
LUX,Luxembourg,2011,SL.UEM.TOTL.ZS,5.122
LUX,Luxembourg,2010,SL.UEM.TOTL.ZS,4.423
LUX,Luxembourg,2009,SL.UEM.TOTL.ZS,5.194
LUX,Luxembourg,2008,SL.UEM.TOTL.ZS,5.06
LUX,Luxembourg,2007,SL.UEM.TOTL.ZS,4.065
LUX,Luxembourg,2006,SL.UEM.TOTL.ZS,4.731
LUX,Luxembourg,2005,SL.UEM.TOTL.ZS,4.488
MAC,"Macao SAR, China",2025,SL.UEM.TOTL.ZS,2.347
MAC,"Macao SAR, China",2024,SL.UEM.TOTL.ZS,2.262
MAC,"Macao SAR, China",2023,SL.UEM.TOTL.ZS,2.206
MAC,"Macao SAR, China",2022,SL.UEM.TOTL.ZS,2.446
MAC,"Macao SAR, China",2021,SL.UEM.TOTL.ZS,2.221
MAC,"Macao SAR, China",2020,SL.UEM.TOTL.ZS,2.542
MAC,"Macao SAR, China",2019,SL.UEM.TOTL.ZS,1.73
MAC,"Macao SAR, China",2018,SL.UEM.TOTL.ZS,1.803
MAC,"Macao SAR, China",2017,SL.UEM.TOTL.ZS,1.981
MAC,"Macao SAR, China",2016,SL.UEM.TOTL.ZS,1.939
MAC,"Macao SAR, China",2015,SL.UEM.TOTL.ZS,1.81
MAC,"Macao SAR, China",2014,SL.UEM.TOTL.ZS,1.67
MAC,"Macao SAR, China",2013,SL.UEM.TOTL.ZS,1.82
MAC,"Macao SAR, China",2012,SL.UEM.TOTL.ZS,1.97
MAC,"Macao SAR, China",2011,SL.UEM.TOTL.ZS,2.56
MAC,"Macao SAR, China",2010,SL.UEM.TOTL.ZS,2.84
MAC,"Macao SAR, China",2009,SL.UEM.TOTL.ZS,3.58
MAC,"Macao SAR, China",2008,SL.UEM.TOTL.ZS,2.999
MAC,"Macao SAR, China",2007,SL.UEM.TOTL.ZS,3.269
MAC,"Macao SAR, China",2006,SL.UEM.TOTL.ZS,3.822
MAC,"Macao SAR, China",2005,SL.UEM.TOTL.ZS,4.158
MDG,Madagascar,2025,SL.UEM.TOTL.ZS,3.041
MDG,Madagascar,2024,SL.UEM.TOTL.ZS,3.051
MDG,Madagascar,2023,SL.UEM.TOTL.ZS,3.044
MDG,Madagascar,2022,SL.UEM.TOTL.ZS,3.186
MDG,Madagascar,2021,SL.UEM.TOTL.ZS,3.498
MDG,Madagascar,2020,SL.UEM.TOTL.ZS,3.292
MDG,Madagascar,2019,SL.UEM.TOTL.ZS,2.479
MDG,Madagascar,2018,SL.UEM.TOTL.ZS,2.303
MDG,Madagascar,2017,SL.UEM.TOTL.ZS,2.123
MDG,Madagascar,2016,SL.UEM.TOTL.ZS,1.949
MDG,Madagascar,2015,SL.UEM.TOTL.ZS,1.785
MDG,Madagascar,2014,SL.UEM.TOTL.ZS,1.385
MDG,Madagascar,2013,SL.UEM.TOTL.ZS,0.995
MDG,Madagascar,2012,SL.UEM.TOTL.ZS,0.599
MDG,Madagascar,2011,SL.UEM.TOTL.ZS,2.516
MDG,Madagascar,2010,SL.UEM.TOTL.ZS,4.28
MDG,Madagascar,2009,SL.UEM.TOTL.ZS,3.885
MDG,Madagascar,2008,SL.UEM.TOTL.ZS,3.431
MDG,Madagascar,2007,SL.UEM.TOTL.ZS,3.202
MDG,Madagascar,2006,SL.UEM.TOTL.ZS,2.945
MDG,Madagascar,2005,SL.UEM.TOTL.ZS,2.62
MWI,Malawi,2025,SL.UEM.TOTL.ZS,5.072
MWI,Malawi,2024,SL.UEM.TOTL.ZS,5.051
MWI,Malawi,2023,SL.UEM.TOTL.ZS,5.009
MWI,Malawi,2022,SL.UEM.TOTL.ZS,5.02
MWI,Malawi,2021,SL.UEM.TOTL.ZS,5.652
MWI,Malawi,2020,SL.UEM.TOTL.ZS,5.72
MWI,Malawi,2019,SL.UEM.TOTL.ZS,4.964
MWI,Malawi,2018,SL.UEM.TOTL.ZS,5.021
MWI,Malawi,2017,SL.UEM.TOTL.ZS,5.046
MWI,Malawi,2016,SL.UEM.TOTL.ZS,5.011
MWI,Malawi,2015,SL.UEM.TOTL.ZS,4.953
MWI,Malawi,2014,SL.UEM.TOTL.ZS,4.967
MWI,Malawi,2013,SL.UEM.TOTL.ZS,4.978
MWI,Malawi,2012,SL.UEM.TOTL.ZS,4.949
MWI,Malawi,2011,SL.UEM.TOTL.ZS,4.829
MWI,Malawi,2010,SL.UEM.TOTL.ZS,4.78
MWI,Malawi,2009,SL.UEM.TOTL.ZS,4.732
MWI,Malawi,2008,SL.UEM.TOTL.ZS,4.796
MWI,Malawi,2007,SL.UEM.TOTL.ZS,4.876
MWI,Malawi,2006,SL.UEM.TOTL.ZS,4.954
MWI,Malawi,2005,SL.UEM.TOTL.ZS,4.935
MYS,Malaysia,2025,SL.UEM.TOTL.ZS,3.764
MYS,Malaysia,2024,SL.UEM.TOTL.ZS,3.846
MYS,Malaysia,2023,SL.UEM.TOTL.ZS,3.858
MYS,Malaysia,2022,SL.UEM.TOTL.ZS,3.93
MYS,Malaysia,2021,SL.UEM.TOTL.ZS,4.64
MYS,Malaysia,2020,SL.UEM.TOTL.ZS,4.54
MYS,Malaysia,2019,SL.UEM.TOTL.ZS,3.33
MYS,Malaysia,2018,SL.UEM.TOTL.ZS,3.3
MYS,Malaysia,2017,SL.UEM.TOTL.ZS,3.41
MYS,Malaysia,2016,SL.UEM.TOTL.ZS,3.44
MYS,Malaysia,2015,SL.UEM.TOTL.ZS,3.1
MYS,Malaysia,2014,SL.UEM.TOTL.ZS,2.88
MYS,Malaysia,2013,SL.UEM.TOTL.ZS,3.14
MYS,Malaysia,2012,SL.UEM.TOTL.ZS,3.04
MYS,Malaysia,2011,SL.UEM.TOTL.ZS,3.05
MYS,Malaysia,2010,SL.UEM.TOTL.ZS,3.32
MYS,Malaysia,2009,SL.UEM.TOTL.ZS,3.62
MYS,Malaysia,2008,SL.UEM.TOTL.ZS,3.34
MYS,Malaysia,2007,SL.UEM.TOTL.ZS,3.31
MYS,Malaysia,2006,SL.UEM.TOTL.ZS,3.32
MYS,Malaysia,2005,SL.UEM.TOTL.ZS,3.53
MDV,Maldives,2025,SL.UEM.TOTL.ZS,4.514
MDV,Maldives,2024,SL.UEM.TOTL.ZS,4.278
MDV,Maldives,2023,SL.UEM.TOTL.ZS,4.019
MDV,Maldives,2022,SL.UEM.TOTL.ZS,4.303
MDV,Maldives,2021,SL.UEM.TOTL.ZS,5.016
MDV,Maldives,2020,SL.UEM.TOTL.ZS,5.42
MDV,Maldives,2019,SL.UEM.TOTL.ZS,4.562
MDV,Maldives,2018,SL.UEM.TOTL.ZS,4.962
MDV,Maldives,2017,SL.UEM.TOTL.ZS,5.377
MDV,Maldives,2016,SL.UEM.TOTL.ZS,5.771
MDV,Maldives,2015,SL.UEM.TOTL.ZS,6.611
MDV,Maldives,2014,SL.UEM.TOTL.ZS,7.461
MDV,Maldives,2013,SL.UEM.TOTL.ZS,8.295
MDV,Maldives,2012,SL.UEM.TOTL.ZS,9.134
MDV,Maldives,2011,SL.UEM.TOTL.ZS,10.043
MDV,Maldives,2010,SL.UEM.TOTL.ZS,10.875
MDV,Maldives,2009,SL.UEM.TOTL.ZS,11.697
MDV,Maldives,2008,SL.UEM.TOTL.ZS,10.361
MDV,Maldives,2007,SL.UEM.TOTL.ZS,9.421
MDV,Maldives,2006,SL.UEM.TOTL.ZS,8.345
MDV,Maldives,2005,SL.UEM.TOTL.ZS,7.313
MLI,Mali,2025,SL.UEM.TOTL.ZS,2.831
MLI,Mali,2024,SL.UEM.TOTL.ZS,2.924
MLI,Mali,2023,SL.UEM.TOTL.ZS,2.947
MLI,Mali,2022,SL.UEM.TOTL.ZS,2.387
MLI,Mali,2021,SL.UEM.TOTL.ZS,4.006
MLI,Mali,2020,SL.UEM.TOTL.ZS,3.528
MLI,Mali,2019,SL.UEM.TOTL.ZS,3.29
MLI,Mali,2018,SL.UEM.TOTL.ZS,1.62
MLI,Mali,2017,SL.UEM.TOTL.ZS,1.498
MLI,Mali,2016,SL.UEM.TOTL.ZS,1.367
MLI,Mali,2015,SL.UEM.TOTL.ZS,1.404
MLI,Mali,2014,SL.UEM.TOTL.ZS,1.476
MLI,Mali,2013,SL.UEM.TOTL.ZS,1.517
MLI,Mali,2012,SL.UEM.TOTL.ZS,1.462
MLI,Mali,2011,SL.UEM.TOTL.ZS,1.403
MLI,Mali,2010,SL.UEM.TOTL.ZS,1.375
MLI,Mali,2009,SL.UEM.TOTL.ZS,1.406
MLI,Mali,2008,SL.UEM.TOTL.ZS,1.383
MLI,Mali,2007,SL.UEM.TOTL.ZS,1.372
MLI,Mali,2006,SL.UEM.TOTL.ZS,1.395
MLI,Mali,2005,SL.UEM.TOTL.ZS,1.367
MLT,Malta,2025,SL.UEM.TOTL.ZS,2.896
MLT,Malta,2024,SL.UEM.TOTL.ZS,3.1
MLT,Malta,2023,SL.UEM.TOTL.ZS,3.479
MLT,Malta,2022,SL.UEM.TOTL.ZS,3.471
MLT,Malta,2021,SL.UEM.TOTL.ZS,3.754
MLT,Malta,2020,SL.UEM.TOTL.ZS,4.856
MLT,Malta,2019,SL.UEM.TOTL.ZS,4.08
MLT,Malta,2018,SL.UEM.TOTL.ZS,3.956
MLT,Malta,2017,SL.UEM.TOTL.ZS,4.008
MLT,Malta,2016,SL.UEM.TOTL.ZS,4.694
MLT,Malta,2015,SL.UEM.TOTL.ZS,5.389
MLT,Malta,2014,SL.UEM.TOTL.ZS,5.737
MLT,Malta,2013,SL.UEM.TOTL.ZS,6.115
MLT,Malta,2012,SL.UEM.TOTL.ZS,6.203
MLT,Malta,2011,SL.UEM.TOTL.ZS,6.388
MLT,Malta,2010,SL.UEM.TOTL.ZS,6.861
MLT,Malta,2009,SL.UEM.TOTL.ZS,6.896
MLT,Malta,2008,SL.UEM.TOTL.ZS,5.977
MLT,Malta,2007,SL.UEM.TOTL.ZS,6.472
MLT,Malta,2006,SL.UEM.TOTL.ZS,6.798
MLT,Malta,2005,SL.UEM.TOTL.ZS,6.923
MRT,Mauritania,2025,SL.UEM.TOTL.ZS,10.319
MRT,Mauritania,2024,SL.UEM.TOTL.ZS,10.257
MRT,Mauritania,2023,SL.UEM.TOTL.ZS,10.37
MRT,Mauritania,2022,SL.UEM.TOTL.ZS,10.52
MRT,Mauritania,2021,SL.UEM.TOTL.ZS,11.131
MRT,Mauritania,2020,SL.UEM.TOTL.ZS,11.051
MRT,Mauritania,2019,SL.UEM.TOTL.ZS,10.416
MRT,Mauritania,2018,SL.UEM.TOTL.ZS,10.411
MRT,Mauritania,2017,SL.UEM.TOTL.ZS,10.336
MRT,Mauritania,2016,SL.UEM.TOTL.ZS,10.287
MRT,Mauritania,2015,SL.UEM.TOTL.ZS,10.104
MRT,Mauritania,2014,SL.UEM.TOTL.ZS,10.026
MRT,Mauritania,2013,SL.UEM.TOTL.ZS,9.926
MRT,Mauritania,2012,SL.UEM.TOTL.ZS,9.864
MRT,Mauritania,2011,SL.UEM.TOTL.ZS,9.976
MRT,Mauritania,2010,SL.UEM.TOTL.ZS,10.093
MRT,Mauritania,2009,SL.UEM.TOTL.ZS,10.214
MRT,Mauritania,2008,SL.UEM.TOTL.ZS,9.715
MRT,Mauritania,2007,SL.UEM.TOTL.ZS,9.482
MRT,Mauritania,2006,SL.UEM.TOTL.ZS,9.313
MRT,Mauritania,2005,SL.UEM.TOTL.ZS,9.59
MUS,Mauritius,2025,SL.UEM.TOTL.ZS,5.635
MUS,Mauritius,2024,SL.UEM.TOTL.ZS,5.548
MUS,Mauritius,2023,SL.UEM.TOTL.ZS,5.571
MUS,Mauritius,2022,SL.UEM.TOTL.ZS,6.322
MUS,Mauritius,2021,SL.UEM.TOTL.ZS,7.719
MUS,Mauritius,2020,SL.UEM.TOTL.ZS,8.626
MUS,Mauritius,2019,SL.UEM.TOTL.ZS,6.331
MUS,Mauritius,2018,SL.UEM.TOTL.ZS,6.426
MUS,Mauritius,2017,SL.UEM.TOTL.ZS,6.752
MUS,Mauritius,2016,SL.UEM.TOTL.ZS,6.814
MUS,Mauritius,2015,SL.UEM.TOTL.ZS,7.41
MUS,Mauritius,2014,SL.UEM.TOTL.ZS,7.467
MUS,Mauritius,2013,SL.UEM.TOTL.ZS,7.322
MUS,Mauritius,2012,SL.UEM.TOTL.ZS,7.472
MUS,Mauritius,2011,SL.UEM.TOTL.ZS,7.447
MUS,Mauritius,2010,SL.UEM.TOTL.ZS,7.654
MUS,Mauritius,2009,SL.UEM.TOTL.ZS,7.257
MUS,Mauritius,2008,SL.UEM.TOTL.ZS,7.17
MUS,Mauritius,2007,SL.UEM.TOTL.ZS,8.475
MUS,Mauritius,2006,SL.UEM.TOTL.ZS,9.04
MUS,Mauritius,2005,SL.UEM.TOTL.ZS,9.524
MEX,Mexico,2025,SL.UEM.TOTL.ZS,2.673
MEX,Mexico,2024,SL.UEM.TOTL.ZS,2.678
MEX,Mexico,2023,SL.UEM.TOTL.ZS,2.765
MEX,Mexico,2022,SL.UEM.TOTL.ZS,3.256
MEX,Mexico,2021,SL.UEM.TOTL.ZS,4.019
MEX,Mexico,2020,SL.UEM.TOTL.ZS,4.44
MEX,Mexico,2019,SL.UEM.TOTL.ZS,3.477
MEX,Mexico,2018,SL.UEM.TOTL.ZS,3.275
MEX,Mexico,2017,SL.UEM.TOTL.ZS,3.419
MEX,Mexico,2016,SL.UEM.TOTL.ZS,3.853
MEX,Mexico,2015,SL.UEM.TOTL.ZS,4.311
MEX,Mexico,2014,SL.UEM.TOTL.ZS,4.819
MEX,Mexico,2013,SL.UEM.TOTL.ZS,4.921
MEX,Mexico,2012,SL.UEM.TOTL.ZS,4.892
MEX,Mexico,2011,SL.UEM.TOTL.ZS,5.175
MEX,Mexico,2010,SL.UEM.TOTL.ZS,5.303
MEX,Mexico,2009,SL.UEM.TOTL.ZS,5.356
MEX,Mexico,2008,SL.UEM.TOTL.ZS,3.874
MEX,Mexico,2007,SL.UEM.TOTL.ZS,3.628
MEX,Mexico,2006,SL.UEM.TOTL.ZS,3.566
MEX,Mexico,2005,SL.UEM.TOTL.ZS,3.558
MDA,Moldova,2025,SL.UEM.TOTL.ZS,1.505
MDA,Moldova,2024,SL.UEM.TOTL.ZS,1.427
MDA,Moldova,2023,SL.UEM.TOTL.ZS,1.57
MDA,Moldova,2022,SL.UEM.TOTL.ZS,0.909
MDA,Moldova,2021,SL.UEM.TOTL.ZS,0.794
MDA,Moldova,2020,SL.UEM.TOTL.ZS,1.206
MDA,Moldova,2019,SL.UEM.TOTL.ZS,1.502
MDA,Moldova,2018,SL.UEM.TOTL.ZS,1.239
MDA,Moldova,2017,SL.UEM.TOTL.ZS,1.622
MDA,Moldova,2016,SL.UEM.TOTL.ZS,1.591
MDA,Moldova,2015,SL.UEM.TOTL.ZS,1.781
MDA,Moldova,2014,SL.UEM.TOTL.ZS,1.45
MDA,Moldova,2013,SL.UEM.TOTL.ZS,1.894
MDA,Moldova,2012,SL.UEM.TOTL.ZS,2.189
MDA,Moldova,2011,SL.UEM.TOTL.ZS,2.677
MDA,Moldova,2010,SL.UEM.TOTL.ZS,2.972
MDA,Moldova,2009,SL.UEM.TOTL.ZS,3.024
MDA,Moldova,2008,SL.UEM.TOTL.ZS,2.097
MDA,Moldova,2007,SL.UEM.TOTL.ZS,2.749
MDA,Moldova,2006,SL.UEM.TOTL.ZS,4.26
MDA,Moldova,2005,SL.UEM.TOTL.ZS,5.633
MNG,Mongolia,2025,SL.UEM.TOTL.ZS,5.233
MNG,Mongolia,2024,SL.UEM.TOTL.ZS,5.158
MNG,Mongolia,2023,SL.UEM.TOTL.ZS,5.178
MNG,Mongolia,2022,SL.UEM.TOTL.ZS,5.954
MNG,Mongolia,2021,SL.UEM.TOTL.ZS,7.871
MNG,Mongolia,2020,SL.UEM.TOTL.ZS,6.413
MNG,Mongolia,2019,SL.UEM.TOTL.ZS,9.024
MNG,Mongolia,2018,SL.UEM.TOTL.ZS,5.377
MNG,Mongolia,2017,SL.UEM.TOTL.ZS,6.359
MNG,Mongolia,2016,SL.UEM.TOTL.ZS,7.235
MNG,Mongolia,2015,SL.UEM.TOTL.ZS,4.861
MNG,Mongolia,2014,SL.UEM.TOTL.ZS,4.798
MNG,Mongolia,2013,SL.UEM.TOTL.ZS,4.231
MNG,Mongolia,2012,SL.UEM.TOTL.ZS,3.905
MNG,Mongolia,2011,SL.UEM.TOTL.ZS,4.769
MNG,Mongolia,2010,SL.UEM.TOTL.ZS,6.549
MNG,Mongolia,2009,SL.UEM.TOTL.ZS,5.86
MNG,Mongolia,2008,SL.UEM.TOTL.ZS,5.565
MNG,Mongolia,2007,SL.UEM.TOTL.ZS,7.2
MNG,Mongolia,2006,SL.UEM.TOTL.ZS,7.193
MNG,Mongolia,2005,SL.UEM.TOTL.ZS,7.015
MNE,Montenegro,2025,SL.UEM.TOTL.ZS,13.572
MNE,Montenegro,2024,SL.UEM.TOTL.ZS,13.206
MNE,Montenegro,2023,SL.UEM.TOTL.ZS,13.146
MNE,Montenegro,2022,SL.UEM.TOTL.ZS,14.851
MNE,Montenegro,2021,SL.UEM.TOTL.ZS,16.543
MNE,Montenegro,2020,SL.UEM.TOTL.ZS,17.878
MNE,Montenegro,2019,SL.UEM.TOTL.ZS,15.128
MNE,Montenegro,2018,SL.UEM.TOTL.ZS,15.19
MNE,Montenegro,2017,SL.UEM.TOTL.ZS,16.082
MNE,Montenegro,2016,SL.UEM.TOTL.ZS,17.732
MNE,Montenegro,2015,SL.UEM.TOTL.ZS,17.555
MNE,Montenegro,2014,SL.UEM.TOTL.ZS,18.054
MNE,Montenegro,2013,SL.UEM.TOTL.ZS,19.585
MNE,Montenegro,2012,SL.UEM.TOTL.ZS,19.808
MNE,Montenegro,2011,SL.UEM.TOTL.ZS,19.759
MNE,Montenegro,2010,SL.UEM.TOTL.ZS,19.649
MNE,Montenegro,2009,SL.UEM.TOTL.ZS,19.09
MNE,Montenegro,2008,SL.UEM.TOTL.ZS,17.15
MNE,Montenegro,2007,SL.UEM.TOTL.ZS,19.4
MNE,Montenegro,2006,SL.UEM.TOTL.ZS,24.815
MNE,Montenegro,2005,SL.UEM.TOTL.ZS,30.31
MAR,Morocco,2025,SL.UEM.TOTL.ZS,9.0
MAR,Morocco,2024,SL.UEM.TOTL.ZS,9.103
MAR,Morocco,2023,SL.UEM.TOTL.ZS,8.896
MAR,Morocco,2022,SL.UEM.TOTL.ZS,9.413
MAR,Morocco,2021,SL.UEM.TOTL.ZS,10.551
MAR,Morocco,2020,SL.UEM.TOTL.ZS,11.189
MAR,Morocco,2019,SL.UEM.TOTL.ZS,9.191
MAR,Morocco,2018,SL.UEM.TOTL.ZS,9.272
MAR,Morocco,2017,SL.UEM.TOTL.ZS,9.22
MAR,Morocco,2016,SL.UEM.TOTL.ZS,9.3
MAR,Morocco,2015,SL.UEM.TOTL.ZS,9.46
MAR,Morocco,2014,SL.UEM.TOTL.ZS,9.7
MAR,Morocco,2013,SL.UEM.TOTL.ZS,9.23
MAR,Morocco,2012,SL.UEM.TOTL.ZS,8.99
MAR,Morocco,2011,SL.UEM.TOTL.ZS,8.91
MAR,Morocco,2010,SL.UEM.TOTL.ZS,9.09
MAR,Morocco,2009,SL.UEM.TOTL.ZS,8.96
MAR,Morocco,2008,SL.UEM.TOTL.ZS,9.57
MAR,Morocco,2007,SL.UEM.TOTL.ZS,9.56
MAR,Morocco,2006,SL.UEM.TOTL.ZS,9.67
MAR,Morocco,2005,SL.UEM.TOTL.ZS,11.01
MOZ,Mozambique,2025,SL.UEM.TOTL.ZS,6.628
MOZ,Mozambique,2024,SL.UEM.TOTL.ZS,6.668
MOZ,Mozambique,2023,SL.UEM.TOTL.ZS,6.661
MOZ,Mozambique,2022,SL.UEM.TOTL.ZS,6.789
MOZ,Mozambique,2021,SL.UEM.TOTL.ZS,5.413
MOZ,Mozambique,2020,SL.UEM.TOTL.ZS,5.019
MOZ,Mozambique,2019,SL.UEM.TOTL.ZS,4.462
MOZ,Mozambique,2018,SL.UEM.TOTL.ZS,4.21
MOZ,Mozambique,2017,SL.UEM.TOTL.ZS,3.935
MOZ,Mozambique,2016,SL.UEM.TOTL.ZS,3.65
MOZ,Mozambique,2015,SL.UEM.TOTL.ZS,3.426
MOZ,Mozambique,2014,SL.UEM.TOTL.ZS,3.377
MOZ,Mozambique,2013,SL.UEM.TOTL.ZS,3.345
MOZ,Mozambique,2012,SL.UEM.TOTL.ZS,3.304
MOZ,Mozambique,2011,SL.UEM.TOTL.ZS,3.295
MOZ,Mozambique,2010,SL.UEM.TOTL.ZS,3.259
MOZ,Mozambique,2009,SL.UEM.TOTL.ZS,3.207
MOZ,Mozambique,2008,SL.UEM.TOTL.ZS,3.112
MOZ,Mozambique,2007,SL.UEM.TOTL.ZS,3.082
MOZ,Mozambique,2006,SL.UEM.TOTL.ZS,3.037
MOZ,Mozambique,2005,SL.UEM.TOTL.ZS,3.035
MMR,Myanmar,2025,SL.UEM.TOTL.ZS,3.047
MMR,Myanmar,2024,SL.UEM.TOTL.ZS,2.887
MMR,Myanmar,2023,SL.UEM.TOTL.ZS,2.977
MMR,Myanmar,2022,SL.UEM.TOTL.ZS,3.063
MMR,Myanmar,2021,SL.UEM.TOTL.ZS,4.34
MMR,Myanmar,2020,SL.UEM.TOTL.ZS,1.476
MMR,Myanmar,2019,SL.UEM.TOTL.ZS,0.407
MMR,Myanmar,2018,SL.UEM.TOTL.ZS,0.767
MMR,Myanmar,2017,SL.UEM.TOTL.ZS,1.356
MMR,Myanmar,2016,SL.UEM.TOTL.ZS,1.058
MMR,Myanmar,2015,SL.UEM.TOTL.ZS,0.766
MMR,Myanmar,2014,SL.UEM.TOTL.ZS,0.763
MMR,Myanmar,2013,SL.UEM.TOTL.ZS,0.775
MMR,Myanmar,2012,SL.UEM.TOTL.ZS,0.768
MMR,Myanmar,2011,SL.UEM.TOTL.ZS,0.749
MMR,Myanmar,2010,SL.UEM.TOTL.ZS,0.725
MMR,Myanmar,2009,SL.UEM.TOTL.ZS,0.712
MMR,Myanmar,2008,SL.UEM.TOTL.ZS,0.7
MMR,Myanmar,2007,SL.UEM.TOTL.ZS,0.684
MMR,Myanmar,2006,SL.UEM.TOTL.ZS,0.676
MMR,Myanmar,2005,SL.UEM.TOTL.ZS,0.672
NAM,Namibia,2025,SL.UEM.TOTL.ZS,19.291
NAM,Namibia,2024,SL.UEM.TOTL.ZS,19.157
NAM,Namibia,2023,SL.UEM.TOTL.ZS,19.154
NAM,Namibia,2022,SL.UEM.TOTL.ZS,19.615
NAM,Namibia,2021,SL.UEM.TOTL.ZS,20.931
NAM,Namibia,2020,SL.UEM.TOTL.ZS,21.003
NAM,Namibia,2019,SL.UEM.TOTL.ZS,19.929
NAM,Namibia,2018,SL.UEM.TOTL.ZS,19.877
NAM,Namibia,2017,SL.UEM.TOTL.ZS,21.748
NAM,Namibia,2016,SL.UEM.TOTL.ZS,23.352
NAM,Namibia,2015,SL.UEM.TOTL.ZS,20.791
NAM,Namibia,2014,SL.UEM.TOTL.ZS,18.521
NAM,Namibia,2013,SL.UEM.TOTL.ZS,19.028
NAM,Namibia,2012,SL.UEM.TOTL.ZS,16.771
NAM,Namibia,2011,SL.UEM.TOTL.ZS,19.481
NAM,Namibia,2010,SL.UEM.TOTL.ZS,22.12
NAM,Namibia,2009,SL.UEM.TOTL.ZS,22.271
NAM,Namibia,2008,SL.UEM.TOTL.ZS,22.005
NAM,Namibia,2007,SL.UEM.TOTL.ZS,22.12
NAM,Namibia,2006,SL.UEM.TOTL.ZS,21.848
NAM,Namibia,2005,SL.UEM.TOTL.ZS,22.108
NPL,Nepal,2025,SL.UEM.TOTL.ZS,10.465
NPL,Nepal,2024,SL.UEM.TOTL.ZS,10.5
NPL,Nepal,2023,SL.UEM.TOTL.ZS,10.437
NPL,Nepal,2022,SL.UEM.TOTL.ZS,10.661
NPL,Nepal,2021,SL.UEM.TOTL.ZS,12.241
NPL,Nepal,2020,SL.UEM.TOTL.ZS,13.037
NPL,Nepal,2019,SL.UEM.TOTL.ZS,10.477
NPL,Nepal,2018,SL.UEM.TOTL.ZS,10.593
NPL,Nepal,2017,SL.UEM.TOTL.ZS,10.66
NPL,Nepal,2016,SL.UEM.TOTL.ZS,10.714
NPL,Nepal,2015,SL.UEM.TOTL.ZS,10.643
NPL,Nepal,2014,SL.UEM.TOTL.ZS,10.62
NPL,Nepal,2013,SL.UEM.TOTL.ZS,10.666
NPL,Nepal,2012,SL.UEM.TOTL.ZS,10.632
NPL,Nepal,2011,SL.UEM.TOTL.ZS,10.627
NPL,Nepal,2010,SL.UEM.TOTL.ZS,10.563
NPL,Nepal,2009,SL.UEM.TOTL.ZS,10.582
NPL,Nepal,2008,SL.UEM.TOTL.ZS,10.597
NPL,Nepal,2007,SL.UEM.TOTL.ZS,10.642
NPL,Nepal,2006,SL.UEM.TOTL.ZS,10.609
NPL,Nepal,2005,SL.UEM.TOTL.ZS,10.59
NLD,Netherlands,2025,SL.UEM.TOTL.ZS,3.874
NLD,Netherlands,2024,SL.UEM.TOTL.ZS,3.7
NLD,Netherlands,2023,SL.UEM.TOTL.ZS,3.535
NLD,Netherlands,2022,SL.UEM.TOTL.ZS,3.526
NLD,Netherlands,2021,SL.UEM.TOTL.ZS,4.209
NLD,Netherlands,2020,SL.UEM.TOTL.ZS,3.82
NLD,Netherlands,2019,SL.UEM.TOTL.ZS,3.379
NLD,Netherlands,2018,SL.UEM.TOTL.ZS,3.832
NLD,Netherlands,2017,SL.UEM.TOTL.ZS,4.837
NLD,Netherlands,2016,SL.UEM.TOTL.ZS,6.007
NLD,Netherlands,2015,SL.UEM.TOTL.ZS,6.872
NLD,Netherlands,2014,SL.UEM.TOTL.ZS,7.419
NLD,Netherlands,2013,SL.UEM.TOTL.ZS,7.241
NLD,Netherlands,2012,SL.UEM.TOTL.ZS,5.821
NLD,Netherlands,2011,SL.UEM.TOTL.ZS,4.977
NLD,Netherlands,2010,SL.UEM.TOTL.ZS,4.991
NLD,Netherlands,2009,SL.UEM.TOTL.ZS,4.352
NLD,Netherlands,2008,SL.UEM.TOTL.ZS,3.658
NLD,Netherlands,2007,SL.UEM.TOTL.ZS,4.153
NLD,Netherlands,2006,SL.UEM.TOTL.ZS,5.007
NLD,Netherlands,2005,SL.UEM.TOTL.ZS,5.872
NCL,New Caledonia,2025,SL.UEM.TOTL.ZS,11.174
NCL,New Caledonia,2024,SL.UEM.TOTL.ZS,10.991
NCL,New Caledonia,2023,SL.UEM.TOTL.ZS,10.922
NCL,New Caledonia,2022,SL.UEM.TOTL.ZS,10.71
NCL,New Caledonia,2021,SL.UEM.TOTL.ZS,11.574
NCL,New Caledonia,2020,SL.UEM.TOTL.ZS,13.558
NCL,New Caledonia,2019,SL.UEM.TOTL.ZS,10.88
NCL,New Caledonia,2018,SL.UEM.TOTL.ZS,11.702
NCL,New Caledonia,2017,SL.UEM.TOTL.ZS,11.676
NCL,New Caledonia,2016,SL.UEM.TOTL.ZS,12.679
NCL,New Caledonia,2015,SL.UEM.TOTL.ZS,13.621
NCL,New Caledonia,2014,SL.UEM.TOTL.ZS,14.59
NCL,New Caledonia,2013,SL.UEM.TOTL.ZS,14.39
NCL,New Caledonia,2012,SL.UEM.TOTL.ZS,14.116
NCL,New Caledonia,2011,SL.UEM.TOTL.ZS,13.988
NCL,New Caledonia,2010,SL.UEM.TOTL.ZS,13.998
NCL,New Caledonia,2009,SL.UEM.TOTL.ZS,13.97
NCL,New Caledonia,2008,SL.UEM.TOTL.ZS,14.36
NCL,New Caledonia,2007,SL.UEM.TOTL.ZS,14.754
NCL,New Caledonia,2006,SL.UEM.TOTL.ZS,15.256
NCL,New Caledonia,2005,SL.UEM.TOTL.ZS,15.778
NZL,New Zealand,2025,SL.UEM.TOTL.ZS,5.076
NZL,New Zealand,2024,SL.UEM.TOTL.ZS,4.724
NZL,New Zealand,2023,SL.UEM.TOTL.ZS,3.734
NZL,New Zealand,2022,SL.UEM.TOTL.ZS,3.299
NZL,New Zealand,2021,SL.UEM.TOTL.ZS,3.776
NZL,New Zealand,2020,SL.UEM.TOTL.ZS,4.595
NZL,New Zealand,2019,SL.UEM.TOTL.ZS,4.109
NZL,New Zealand,2018,SL.UEM.TOTL.ZS,4.335
NZL,New Zealand,2017,SL.UEM.TOTL.ZS,4.736
NZL,New Zealand,2016,SL.UEM.TOTL.ZS,5.147
NZL,New Zealand,2015,SL.UEM.TOTL.ZS,5.415
NZL,New Zealand,2014,SL.UEM.TOTL.ZS,5.428
NZL,New Zealand,2013,SL.UEM.TOTL.ZS,5.839
NZL,New Zealand,2012,SL.UEM.TOTL.ZS,6.931
NZL,New Zealand,2011,SL.UEM.TOTL.ZS,6.491
NZL,New Zealand,2010,SL.UEM.TOTL.ZS,6.557
NZL,New Zealand,2009,SL.UEM.TOTL.ZS,6.121
NZL,New Zealand,2008,SL.UEM.TOTL.ZS,4.167
NZL,New Zealand,2007,SL.UEM.TOTL.ZS,3.661
NZL,New Zealand,2006,SL.UEM.TOTL.ZS,3.857
NZL,New Zealand,2005,SL.UEM.TOTL.ZS,3.807
NIC,Nicaragua,2025,SL.UEM.TOTL.ZS,5.04
NIC,Nicaragua,2024,SL.UEM.TOTL.ZS,4.98
NIC,Nicaragua,2023,SL.UEM.TOTL.ZS,4.698
NIC,Nicaragua,2022,SL.UEM.TOTL.ZS,4.969
NIC,Nicaragua,2021,SL.UEM.TOTL.ZS,6.076
NIC,Nicaragua,2020,SL.UEM.TOTL.ZS,6.18
NIC,Nicaragua,2019,SL.UEM.TOTL.ZS,5.457
NIC,Nicaragua,2018,SL.UEM.TOTL.ZS,5.2
NIC,Nicaragua,2017,SL.UEM.TOTL.ZS,3.3
NIC,Nicaragua,2016,SL.UEM.TOTL.ZS,3.9
NIC,Nicaragua,2015,SL.UEM.TOTL.ZS,4.7
NIC,Nicaragua,2014,SL.UEM.TOTL.ZS,4.52
NIC,Nicaragua,2013,SL.UEM.TOTL.ZS,5.28
NIC,Nicaragua,2012,SL.UEM.TOTL.ZS,5.208
NIC,Nicaragua,2011,SL.UEM.TOTL.ZS,6.613
NIC,Nicaragua,2010,SL.UEM.TOTL.ZS,7.83
NIC,Nicaragua,2009,SL.UEM.TOTL.ZS,8.16
NIC,Nicaragua,2008,SL.UEM.TOTL.ZS,6.2
NIC,Nicaragua,2007,SL.UEM.TOTL.ZS,4.89
NIC,Nicaragua,2006,SL.UEM.TOTL.ZS,5.31
NIC,Nicaragua,2005,SL.UEM.TOTL.ZS,5.37
NER,Niger,2025,SL.UEM.TOTL.ZS,0.394
NER,Niger,2024,SL.UEM.TOTL.ZS,0.376
NER,Niger,2023,SL.UEM.TOTL.ZS,0.407
NER,Niger,2022,SL.UEM.TOTL.ZS,0.403
NER,Niger,2021,SL.UEM.TOTL.ZS,0.806
NER,Niger,2020,SL.UEM.TOTL.ZS,0.591
NER,Niger,2019,SL.UEM.TOTL.ZS,0.531
NER,Niger,2018,SL.UEM.TOTL.ZS,0.536
NER,Niger,2017,SL.UEM.TOTL.ZS,0.556
NER,Niger,2016,SL.UEM.TOTL.ZS,0.55
NER,Niger,2015,SL.UEM.TOTL.ZS,0.556
NER,Niger,2014,SL.UEM.TOTL.ZS,0.524
NER,Niger,2013,SL.UEM.TOTL.ZS,1.401
NER,Niger,2012,SL.UEM.TOTL.ZS,2.177
NER,Niger,2011,SL.UEM.TOTL.ZS,0.316
NER,Niger,2010,SL.UEM.TOTL.ZS,0.718
NER,Niger,2009,SL.UEM.TOTL.ZS,1.208
NER,Niger,2008,SL.UEM.TOTL.ZS,1.584
NER,Niger,2007,SL.UEM.TOTL.ZS,2.021
NER,Niger,2006,SL.UEM.TOTL.ZS,2.528
NER,Niger,2005,SL.UEM.TOTL.ZS,3.1
NGA,Nigeria,2025,SL.UEM.TOTL.ZS,3.064
NGA,Nigeria,2024,SL.UEM.TOTL.ZS,3.045
NGA,Nigeria,2023,SL.UEM.TOTL.ZS,3.074
NGA,Nigeria,2022,SL.UEM.TOTL.ZS,3.827
NGA,Nigeria,2021,SL.UEM.TOTL.ZS,5.404
NGA,Nigeria,2020,SL.UEM.TOTL.ZS,5.714
NGA,Nigeria,2019,SL.UEM.TOTL.ZS,5.206
NGA,Nigeria,2018,SL.UEM.TOTL.ZS,5.069
NGA,Nigeria,2017,SL.UEM.TOTL.ZS,4.83
NGA,Nigeria,2016,SL.UEM.TOTL.ZS,4.499
NGA,Nigeria,2015,SL.UEM.TOTL.ZS,4.134
NGA,Nigeria,2014,SL.UEM.TOTL.ZS,3.9
NGA,Nigeria,2013,SL.UEM.TOTL.ZS,3.711
NGA,Nigeria,2012,SL.UEM.TOTL.ZS,3.761
NGA,Nigeria,2011,SL.UEM.TOTL.ZS,3.77
NGA,Nigeria,2010,SL.UEM.TOTL.ZS,3.744
NGA,Nigeria,2009,SL.UEM.TOTL.ZS,3.763
NGA,Nigeria,2008,SL.UEM.TOTL.ZS,3.792
NGA,Nigeria,2007,SL.UEM.TOTL.ZS,3.794
NGA,Nigeria,2006,SL.UEM.TOTL.ZS,3.749
NGA,Nigeria,2005,SL.UEM.TOTL.ZS,3.727
MKD,North Macedonia,2025,SL.UEM.TOTL.ZS,12.256
MKD,North Macedonia,2024,SL.UEM.TOTL.ZS,12.265
MKD,North Macedonia,2023,SL.UEM.TOTL.ZS,13.174
MKD,North Macedonia,2022,SL.UEM.TOTL.ZS,14.476
MKD,North Macedonia,2021,SL.UEM.TOTL.ZS,15.801
MKD,North Macedonia,2020,SL.UEM.TOTL.ZS,16.575
MKD,North Macedonia,2019,SL.UEM.TOTL.ZS,17.414
MKD,North Macedonia,2018,SL.UEM.TOTL.ZS,21.208
MKD,North Macedonia,2017,SL.UEM.TOTL.ZS,22.857
MKD,North Macedonia,2016,SL.UEM.TOTL.ZS,24.312
MKD,North Macedonia,2015,SL.UEM.TOTL.ZS,26.395
MKD,North Macedonia,2014,SL.UEM.TOTL.ZS,28.215
MKD,North Macedonia,2013,SL.UEM.TOTL.ZS,29.017
MKD,North Macedonia,2012,SL.UEM.TOTL.ZS,31.096
MKD,North Macedonia,2011,SL.UEM.TOTL.ZS,31.502
MKD,North Macedonia,2010,SL.UEM.TOTL.ZS,33.135
MKD,North Macedonia,2009,SL.UEM.TOTL.ZS,32.351
MKD,North Macedonia,2008,SL.UEM.TOTL.ZS,33.93
MKD,North Macedonia,2007,SL.UEM.TOTL.ZS,35.231
MKD,North Macedonia,2006,SL.UEM.TOTL.ZS,36.392
MKD,North Macedonia,2005,SL.UEM.TOTL.ZS,37.32
NOR,Norway,2025,SL.UEM.TOTL.ZS,4.637
NOR,Norway,2024,SL.UEM.TOTL.ZS,4.0
NOR,Norway,2023,SL.UEM.TOTL.ZS,3.574
NOR,Norway,2022,SL.UEM.TOTL.ZS,3.231
NOR,Norway,2021,SL.UEM.TOTL.ZS,4.359
NOR,Norway,2020,SL.UEM.TOTL.ZS,4.424
NOR,Norway,2019,SL.UEM.TOTL.ZS,3.684
NOR,Norway,2018,SL.UEM.TOTL.ZS,3.801
NOR,Norway,2017,SL.UEM.TOTL.ZS,4.164
NOR,Norway,2016,SL.UEM.TOTL.ZS,4.68
NOR,Norway,2015,SL.UEM.TOTL.ZS,4.296
NOR,Norway,2014,SL.UEM.TOTL.ZS,3.486
NOR,Norway,2013,SL.UEM.TOTL.ZS,3.425
NOR,Norway,2012,SL.UEM.TOTL.ZS,3.129
NOR,Norway,2011,SL.UEM.TOTL.ZS,3.196
NOR,Norway,2010,SL.UEM.TOTL.ZS,3.527
NOR,Norway,2009,SL.UEM.TOTL.ZS,3.1
NOR,Norway,2008,SL.UEM.TOTL.ZS,2.521
NOR,Norway,2007,SL.UEM.TOTL.ZS,2.493
NOR,Norway,2006,SL.UEM.TOTL.ZS,3.397
NOR,Norway,2005,SL.UEM.TOTL.ZS,4.381
OMN,Oman,2025,SL.UEM.TOTL.ZS,3.251
OMN,Oman,2024,SL.UEM.TOTL.ZS,3.203
OMN,Oman,2023,SL.UEM.TOTL.ZS,3.176
OMN,Oman,2022,SL.UEM.TOTL.ZS,3.3
OMN,Oman,2021,SL.UEM.TOTL.ZS,1.9
OMN,Oman,2020,SL.UEM.TOTL.ZS,2.94
OMN,Oman,2019,SL.UEM.TOTL.ZS,2.045
OMN,Oman,2018,SL.UEM.TOTL.ZS,1.8
OMN,Oman,2017,SL.UEM.TOTL.ZS,2.523
OMN,Oman,2016,SL.UEM.TOTL.ZS,3.266
OMN,Oman,2015,SL.UEM.TOTL.ZS,3.403
OMN,Oman,2014,SL.UEM.TOTL.ZS,3.453
OMN,Oman,2013,SL.UEM.TOTL.ZS,3.553
OMN,Oman,2012,SL.UEM.TOTL.ZS,3.753
OMN,Oman,2011,SL.UEM.TOTL.ZS,3.95
OMN,Oman,2010,SL.UEM.TOTL.ZS,3.911
OMN,Oman,2009,SL.UEM.TOTL.ZS,3.977
OMN,Oman,2008,SL.UEM.TOTL.ZS,4.142
OMN,Oman,2007,SL.UEM.TOTL.ZS,4.309
OMN,Oman,2006,SL.UEM.TOTL.ZS,4.387
OMN,Oman,2005,SL.UEM.TOTL.ZS,4.589
PAK,Pakistan,2025,SL.UEM.TOTL.ZS,5.42
PAK,Pakistan,2024,SL.UEM.TOTL.ZS,5.492
PAK,Pakistan,2023,SL.UEM.TOTL.ZS,5.237
PAK,Pakistan,2022,SL.UEM.TOTL.ZS,5.291
PAK,Pakistan,2021,SL.UEM.TOTL.ZS,6.338
PAK,Pakistan,2020,SL.UEM.TOTL.ZS,5.994
PAK,Pakistan,2019,SL.UEM.TOTL.ZS,4.83
PAK,Pakistan,2018,SL.UEM.TOTL.ZS,4.083
PAK,Pakistan,2017,SL.UEM.TOTL.ZS,3.204
PAK,Pakistan,2016,SL.UEM.TOTL.ZS,2.285
PAK,Pakistan,2015,SL.UEM.TOTL.ZS,3.566
PAK,Pakistan,2014,SL.UEM.TOTL.ZS,1.827
PAK,Pakistan,2013,SL.UEM.TOTL.ZS,2.954
PAK,Pakistan,2012,SL.UEM.TOTL.ZS,3.667
PAK,Pakistan,2011,SL.UEM.TOTL.ZS,0.796
PAK,Pakistan,2010,SL.UEM.TOTL.ZS,0.653
PAK,Pakistan,2009,SL.UEM.TOTL.ZS,0.535
PAK,Pakistan,2008,SL.UEM.TOTL.ZS,0.423
PAK,Pakistan,2007,SL.UEM.TOTL.ZS,0.398
PAK,Pakistan,2006,SL.UEM.TOTL.ZS,0.582
PAK,Pakistan,2005,SL.UEM.TOTL.ZS,0.583
PAN,Panama,2025,SL.UEM.TOTL.ZS,8.36
PAN,Panama,2024,SL.UEM.TOTL.ZS,8.451
PAN,Panama,2023,SL.UEM.TOTL.ZS,6.544
PAN,Panama,2022,SL.UEM.TOTL.ZS,8.086
PAN,Panama,2021,SL.UEM.TOTL.ZS,10.177
PAN,Panama,2020,SL.UEM.TOTL.ZS,14.663
PAN,Panama,2019,SL.UEM.TOTL.ZS,6.256
PAN,Panama,2018,SL.UEM.TOTL.ZS,5.161
PAN,Panama,2017,SL.UEM.TOTL.ZS,5.338
PAN,Panama,2016,SL.UEM.TOTL.ZS,4.717
PAN,Panama,2015,SL.UEM.TOTL.ZS,4.335
PAN,Panama,2014,SL.UEM.TOTL.ZS,4.391
PAN,Panama,2013,SL.UEM.TOTL.ZS,3.674
PAN,Panama,2012,SL.UEM.TOTL.ZS,3.691
PAN,Panama,2011,SL.UEM.TOTL.ZS,4.03
PAN,Panama,2010,SL.UEM.TOTL.ZS,5.845
PAN,Panama,2009,SL.UEM.TOTL.ZS,5.857
PAN,Panama,2008,SL.UEM.TOTL.ZS,5.639
PAN,Panama,2007,SL.UEM.TOTL.ZS,5.665
PAN,Panama,2006,SL.UEM.TOTL.ZS,5.792
PAN,Panama,2005,SL.UEM.TOTL.ZS,5.967
PNG,Papua New Guinea,2025,SL.UEM.TOTL.ZS,2.571
PNG,Papua New Guinea,2024,SL.UEM.TOTL.ZS,2.625
PNG,Papua New Guinea,2023,SL.UEM.TOTL.ZS,2.649
PNG,Papua New Guinea,2022,SL.UEM.TOTL.ZS,2.689
PNG,Papua New Guinea,2021,SL.UEM.TOTL.ZS,3.03
PNG,Papua New Guinea,2020,SL.UEM.TOTL.ZS,2.903
PNG,Papua New Guinea,2019,SL.UEM.TOTL.ZS,2.651
PNG,Papua New Guinea,2018,SL.UEM.TOTL.ZS,2.65
PNG,Papua New Guinea,2017,SL.UEM.TOTL.ZS,2.58
PNG,Papua New Guinea,2016,SL.UEM.TOTL.ZS,2.478
PNG,Papua New Guinea,2015,SL.UEM.TOTL.ZS,2.507
PNG,Papua New Guinea,2014,SL.UEM.TOTL.ZS,2.54
PNG,Papua New Guinea,2013,SL.UEM.TOTL.ZS,2.698
PNG,Papua New Guinea,2012,SL.UEM.TOTL.ZS,2.634
PNG,Papua New Guinea,2011,SL.UEM.TOTL.ZS,2.62
PNG,Papua New Guinea,2010,SL.UEM.TOTL.ZS,2.002
PNG,Papua New Guinea,2009,SL.UEM.TOTL.ZS,2.089
PNG,Papua New Guinea,2008,SL.UEM.TOTL.ZS,2.168
PNG,Papua New Guinea,2007,SL.UEM.TOTL.ZS,2.169
PNG,Papua New Guinea,2006,SL.UEM.TOTL.ZS,2.285
PNG,Papua New Guinea,2005,SL.UEM.TOTL.ZS,2.385
PRY,Paraguay,2025,SL.UEM.TOTL.ZS,4.803
PRY,Paraguay,2024,SL.UEM.TOTL.ZS,5.686
PRY,Paraguay,2023,SL.UEM.TOTL.ZS,5.794
PRY,Paraguay,2022,SL.UEM.TOTL.ZS,6.755
PRY,Paraguay,2021,SL.UEM.TOTL.ZS,7.311
PRY,Paraguay,2020,SL.UEM.TOTL.ZS,7.548
PRY,Paraguay,2019,SL.UEM.TOTL.ZS,6.595
PRY,Paraguay,2018,SL.UEM.TOTL.ZS,6.217
PRY,Paraguay,2017,SL.UEM.TOTL.ZS,6.138
PRY,Paraguay,2016,SL.UEM.TOTL.ZS,5.255
PRY,Paraguay,2015,SL.UEM.TOTL.ZS,4.556
PRY,Paraguay,2014,SL.UEM.TOTL.ZS,5.034
PRY,Paraguay,2013,SL.UEM.TOTL.ZS,4.385
PRY,Paraguay,2012,SL.UEM.TOTL.ZS,4.085
PRY,Paraguay,2011,SL.UEM.TOTL.ZS,4.67
PRY,Paraguay,2010,SL.UEM.TOTL.ZS,4.569
PRY,Paraguay,2009,SL.UEM.TOTL.ZS,5.46
PRY,Paraguay,2008,SL.UEM.TOTL.ZS,4.415
PRY,Paraguay,2007,SL.UEM.TOTL.ZS,4.713
PRY,Paraguay,2006,SL.UEM.TOTL.ZS,5.277
PRY,Paraguay,2005,SL.UEM.TOTL.ZS,4.825
PER,Peru,2025,SL.UEM.TOTL.ZS,5.117
PER,Peru,2024,SL.UEM.TOTL.ZS,5.199
PER,Peru,2023,SL.UEM.TOTL.ZS,4.899
PER,Peru,2022,SL.UEM.TOTL.ZS,4.291
PER,Peru,2021,SL.UEM.TOTL.ZS,5.097
PER,Peru,2020,SL.UEM.TOTL.ZS,7.179
PER,Peru,2019,SL.UEM.TOTL.ZS,3.379
PER,Peru,2018,SL.UEM.TOTL.ZS,3.492
PER,Peru,2017,SL.UEM.TOTL.ZS,3.691
PER,Peru,2016,SL.UEM.TOTL.ZS,3.741
PER,Peru,2015,SL.UEM.TOTL.ZS,3.272
PER,Peru,2014,SL.UEM.TOTL.ZS,3.208
PER,Peru,2013,SL.UEM.TOTL.ZS,3.575
PER,Peru,2012,SL.UEM.TOTL.ZS,3.238
PER,Peru,2011,SL.UEM.TOTL.ZS,3.477
PER,Peru,2010,SL.UEM.TOTL.ZS,3.6
PER,Peru,2009,SL.UEM.TOTL.ZS,3.96
PER,Peru,2008,SL.UEM.TOTL.ZS,4.03
PER,Peru,2007,SL.UEM.TOTL.ZS,4.08
PER,Peru,2006,SL.UEM.TOTL.ZS,4.17
PER,Peru,2005,SL.UEM.TOTL.ZS,4.87
PHL,Philippines,2025,SL.UEM.TOTL.ZS,2.235
PHL,Philippines,2024,SL.UEM.TOTL.ZS,2.202
PHL,Philippines,2023,SL.UEM.TOTL.ZS,2.2
PHL,Philippines,2022,SL.UEM.TOTL.ZS,2.598
PHL,Philippines,2021,SL.UEM.TOTL.ZS,3.398
PHL,Philippines,2020,SL.UEM.TOTL.ZS,2.522
PHL,Philippines,2019,SL.UEM.TOTL.ZS,2.237
PHL,Philippines,2018,SL.UEM.TOTL.ZS,2.338
PHL,Philippines,2017,SL.UEM.TOTL.ZS,2.552
PHL,Philippines,2016,SL.UEM.TOTL.ZS,2.695
PHL,Philippines,2015,SL.UEM.TOTL.ZS,3.068
PHL,Philippines,2014,SL.UEM.TOTL.ZS,3.6
PHL,Philippines,2013,SL.UEM.TOTL.ZS,3.497
PHL,Philippines,2012,SL.UEM.TOTL.ZS,3.504
PHL,Philippines,2011,SL.UEM.TOTL.ZS,3.592
PHL,Philippines,2010,SL.UEM.TOTL.ZS,3.605
PHL,Philippines,2009,SL.UEM.TOTL.ZS,3.858
PHL,Philippines,2008,SL.UEM.TOTL.ZS,3.72
PHL,Philippines,2007,SL.UEM.TOTL.ZS,3.434
PHL,Philippines,2006,SL.UEM.TOTL.ZS,4.052
PHL,Philippines,2005,SL.UEM.TOTL.ZS,3.795
POL,Poland,2025,SL.UEM.TOTL.ZS,2.976
POL,Poland,2024,SL.UEM.TOTL.ZS,2.807
POL,Poland,2023,SL.UEM.TOTL.ZS,2.743
POL,Poland,2022,SL.UEM.TOTL.ZS,2.811
POL,Poland,2021,SL.UEM.TOTL.ZS,3.268
POL,Poland,2020,SL.UEM.TOTL.ZS,3.155
POL,Poland,2019,SL.UEM.TOTL.ZS,3.267
POL,Poland,2018,SL.UEM.TOTL.ZS,3.835
POL,Poland,2017,SL.UEM.TOTL.ZS,4.867
POL,Poland,2016,SL.UEM.TOTL.ZS,6.141
POL,Poland,2015,SL.UEM.TOTL.ZS,7.475
POL,Poland,2014,SL.UEM.TOTL.ZS,8.971
POL,Poland,2013,SL.UEM.TOTL.ZS,10.293
POL,Poland,2012,SL.UEM.TOTL.ZS,10.031
POL,Poland,2011,SL.UEM.TOTL.ZS,9.576
POL,Poland,2010,SL.UEM.TOTL.ZS,9.578
POL,Poland,2009,SL.UEM.TOTL.ZS,8.131
POL,Poland,2008,SL.UEM.TOTL.ZS,7.069
POL,Poland,2007,SL.UEM.TOTL.ZS,9.551
POL,Poland,2006,SL.UEM.TOTL.ZS,13.794
POL,Poland,2005,SL.UEM.TOTL.ZS,17.592
PRT,Portugal,2025,SL.UEM.TOTL.ZS,6.164
PRT,Portugal,2024,SL.UEM.TOTL.ZS,6.5
PRT,Portugal,2023,SL.UEM.TOTL.ZS,6.498
PRT,Portugal,2022,SL.UEM.TOTL.ZS,6.138
PRT,Portugal,2021,SL.UEM.TOTL.ZS,6.712
PRT,Portugal,2020,SL.UEM.TOTL.ZS,6.85
PRT,Portugal,2019,SL.UEM.TOTL.ZS,6.422
PRT,Portugal,2018,SL.UEM.TOTL.ZS,6.966
PRT,Portugal,2017,SL.UEM.TOTL.ZS,8.878
PRT,Portugal,2016,SL.UEM.TOTL.ZS,11.058
PRT,Portugal,2015,SL.UEM.TOTL.ZS,12.405
PRT,Portugal,2014,SL.UEM.TOTL.ZS,13.88
PRT,Portugal,2013,SL.UEM.TOTL.ZS,16.237
PRT,Portugal,2012,SL.UEM.TOTL.ZS,15.509
PRT,Portugal,2011,SL.UEM.TOTL.ZS,12.715
PRT,Portugal,2010,SL.UEM.TOTL.ZS,10.771
PRT,Portugal,2009,SL.UEM.TOTL.ZS,9.432
PRT,Portugal,2008,SL.UEM.TOTL.ZS,7.553
PRT,Portugal,2007,SL.UEM.TOTL.ZS,7.965
PRT,Portugal,2006,SL.UEM.TOTL.ZS,7.649
PRT,Portugal,2005,SL.UEM.TOTL.ZS,7.582
PRI,Puerto Rico (US),2025,SL.UEM.TOTL.ZS,5.991
PRI,Puerto Rico (US),2024,SL.UEM.TOTL.ZS,5.639
PRI,Puerto Rico (US),2023,SL.UEM.TOTL.ZS,5.725
PRI,Puerto Rico (US),2022,SL.UEM.TOTL.ZS,6.0
PRI,Puerto Rico (US),2021,SL.UEM.TOTL.ZS,7.9
PRI,Puerto Rico (US),2020,SL.UEM.TOTL.ZS,8.89
PRI,Puerto Rico (US),2019,SL.UEM.TOTL.ZS,8.3
PRI,Puerto Rico (US),2018,SL.UEM.TOTL.ZS,9.2
PRI,Puerto Rico (US),2017,SL.UEM.TOTL.ZS,10.8
PRI,Puerto Rico (US),2016,SL.UEM.TOTL.ZS,11.8
PRI,Puerto Rico (US),2015,SL.UEM.TOTL.ZS,12.0
PRI,Puerto Rico (US),2014,SL.UEM.TOTL.ZS,13.9
PRI,Puerto Rico (US),2013,SL.UEM.TOTL.ZS,14.3
PRI,Puerto Rico (US),2012,SL.UEM.TOTL.ZS,14.5
PRI,Puerto Rico (US),2011,SL.UEM.TOTL.ZS,15.7
PRI,Puerto Rico (US),2010,SL.UEM.TOTL.ZS,16.1
PRI,Puerto Rico (US),2009,SL.UEM.TOTL.ZS,15.0
PRI,Puerto Rico (US),2008,SL.UEM.TOTL.ZS,11.48
PRI,Puerto Rico (US),2007,SL.UEM.TOTL.ZS,10.93
PRI,Puerto Rico (US),2006,SL.UEM.TOTL.ZS,11.01
PRI,Puerto Rico (US),2005,SL.UEM.TOTL.ZS,11.35
QAT,Qatar,2025,SL.UEM.TOTL.ZS,0.13
QAT,Qatar,2024,SL.UEM.TOTL.ZS,0.13
QAT,Qatar,2023,SL.UEM.TOTL.ZS,0.13
QAT,Qatar,2022,SL.UEM.TOTL.ZS,0.13
QAT,Qatar,2021,SL.UEM.TOTL.ZS,0.14
QAT,Qatar,2020,SL.UEM.TOTL.ZS,0.14
QAT,Qatar,2019,SL.UEM.TOTL.ZS,0.1
QAT,Qatar,2018,SL.UEM.TOTL.ZS,0.11
QAT,Qatar,2017,SL.UEM.TOTL.ZS,0.14
QAT,Qatar,2016,SL.UEM.TOTL.ZS,0.15
QAT,Qatar,2015,SL.UEM.TOTL.ZS,0.17
QAT,Qatar,2014,SL.UEM.TOTL.ZS,0.2
QAT,Qatar,2013,SL.UEM.TOTL.ZS,0.28
QAT,Qatar,2012,SL.UEM.TOTL.ZS,0.48
QAT,Qatar,2011,SL.UEM.TOTL.ZS,0.56
QAT,Qatar,2010,SL.UEM.TOTL.ZS,0.45
QAT,Qatar,2009,SL.UEM.TOTL.ZS,0.31
QAT,Qatar,2008,SL.UEM.TOTL.ZS,0.31
QAT,Qatar,2007,SL.UEM.TOTL.ZS,0.52
QAT,Qatar,2006,SL.UEM.TOTL.ZS,0.87
QAT,Qatar,2005,SL.UEM.TOTL.ZS,0.87
ROU,Romania,2025,SL.UEM.TOTL.ZS,5.992
ROU,Romania,2024,SL.UEM.TOTL.ZS,5.4
ROU,Romania,2023,SL.UEM.TOTL.ZS,5.589
ROU,Romania,2022,SL.UEM.TOTL.ZS,5.614
ROU,Romania,2021,SL.UEM.TOTL.ZS,5.59
ROU,Romania,2020,SL.UEM.TOTL.ZS,5.035
ROU,Romania,2019,SL.UEM.TOTL.ZS,3.912
ROU,Romania,2018,SL.UEM.TOTL.ZS,4.187
ROU,Romania,2017,SL.UEM.TOTL.ZS,4.927
ROU,Romania,2016,SL.UEM.TOTL.ZS,5.901
ROU,Romania,2015,SL.UEM.TOTL.ZS,6.812
ROU,Romania,2014,SL.UEM.TOTL.ZS,6.802
ROU,Romania,2013,SL.UEM.TOTL.ZS,7.096
ROU,Romania,2012,SL.UEM.TOTL.ZS,6.794
ROU,Romania,2011,SL.UEM.TOTL.ZS,7.177
ROU,Romania,2010,SL.UEM.TOTL.ZS,6.959
ROU,Romania,2009,SL.UEM.TOTL.ZS,6.859
ROU,Romania,2008,SL.UEM.TOTL.ZS,5.787
ROU,Romania,2007,SL.UEM.TOTL.ZS,6.413
ROU,Romania,2006,SL.UEM.TOTL.ZS,7.27
ROU,Romania,2005,SL.UEM.TOTL.ZS,7.174
RUS,Russian Federation,2025,SL.UEM.TOTL.ZS,2.133
RUS,Russian Federation,2024,SL.UEM.TOTL.ZS,2.43
RUS,Russian Federation,2023,SL.UEM.TOTL.ZS,3.076
RUS,Russian Federation,2022,SL.UEM.TOTL.ZS,3.867
RUS,Russian Federation,2021,SL.UEM.TOTL.ZS,4.749
RUS,Russian Federation,2020,SL.UEM.TOTL.ZS,5.62
RUS,Russian Federation,2019,SL.UEM.TOTL.ZS,4.513
RUS,Russian Federation,2018,SL.UEM.TOTL.ZS,4.871
RUS,Russian Federation,2017,SL.UEM.TOTL.ZS,5.238
RUS,Russian Federation,2016,SL.UEM.TOTL.ZS,5.591
RUS,Russian Federation,2015,SL.UEM.TOTL.ZS,5.615
RUS,Russian Federation,2014,SL.UEM.TOTL.ZS,5.212
RUS,Russian Federation,2013,SL.UEM.TOTL.ZS,5.513
RUS,Russian Federation,2012,SL.UEM.TOTL.ZS,5.484
RUS,Russian Federation,2011,SL.UEM.TOTL.ZS,6.571
RUS,Russian Federation,2010,SL.UEM.TOTL.ZS,7.407
RUS,Russian Federation,2009,SL.UEM.TOTL.ZS,8.301
RUS,Russian Federation,2008,SL.UEM.TOTL.ZS,6.205
RUS,Russian Federation,2007,SL.UEM.TOTL.ZS,6.002
RUS,Russian Federation,2006,SL.UEM.TOTL.ZS,7.055
RUS,Russian Federation,2005,SL.UEM.TOTL.ZS,7.124
RWA,Rwanda,2025,SL.UEM.TOTL.ZS,11.363
RWA,Rwanda,2024,SL.UEM.TOTL.ZS,11.331
RWA,Rwanda,2023,SL.UEM.TOTL.ZS,12.352
RWA,Rwanda,2022,SL.UEM.TOTL.ZS,15.084
RWA,Rwanda,2021,SL.UEM.TOTL.ZS,15.775
RWA,Rwanda,2020,SL.UEM.TOTL.ZS,11.829
RWA,Rwanda,2019,SL.UEM.TOTL.ZS,11.236
RWA,Rwanda,2018,SL.UEM.TOTL.ZS,10.759
RWA,Rwanda,2017,SL.UEM.TOTL.ZS,11.875
RWA,Rwanda,2016,SL.UEM.TOTL.ZS,11.788
RWA,Rwanda,2015,SL.UEM.TOTL.ZS,11.831
RWA,Rwanda,2014,SL.UEM.TOTL.ZS,11.837
RWA,Rwanda,2013,SL.UEM.TOTL.ZS,11.768
RWA,Rwanda,2012,SL.UEM.TOTL.ZS,11.671
RWA,Rwanda,2011,SL.UEM.TOTL.ZS,11.756
RWA,Rwanda,2010,SL.UEM.TOTL.ZS,11.637
RWA,Rwanda,2009,SL.UEM.TOTL.ZS,11.625
RWA,Rwanda,2008,SL.UEM.TOTL.ZS,11.517
RWA,Rwanda,2007,SL.UEM.TOTL.ZS,11.58
RWA,Rwanda,2006,SL.UEM.TOTL.ZS,11.586
RWA,Rwanda,2005,SL.UEM.TOTL.ZS,11.842
WSM,Samoa,2025,SL.UEM.TOTL.ZS,4.996
WSM,Samoa,2024,SL.UEM.TOTL.ZS,4.855
WSM,Samoa,2023,SL.UEM.TOTL.ZS,4.92
WSM,Samoa,2022,SL.UEM.TOTL.ZS,5.048
WSM,Samoa,2021,SL.UEM.TOTL.ZS,6.664
WSM,Samoa,2020,SL.UEM.TOTL.ZS,7.467
WSM,Samoa,2019,SL.UEM.TOTL.ZS,7.858
WSM,Samoa,2018,SL.UEM.TOTL.ZS,8.649
WSM,Samoa,2017,SL.UEM.TOTL.ZS,9.4
WSM,Samoa,2016,SL.UEM.TOTL.ZS,9.063
WSM,Samoa,2015,SL.UEM.TOTL.ZS,8.901
WSM,Samoa,2014,SL.UEM.TOTL.ZS,8.72
WSM,Samoa,2013,SL.UEM.TOTL.ZS,8.772
WSM,Samoa,2012,SL.UEM.TOTL.ZS,8.752
WSM,Samoa,2011,SL.UEM.TOTL.ZS,5.68
WSM,Samoa,2010,SL.UEM.TOTL.ZS,5.621
WSM,Samoa,2009,SL.UEM.TOTL.ZS,5.646
WSM,Samoa,2008,SL.UEM.TOTL.ZS,5.538
WSM,Samoa,2007,SL.UEM.TOTL.ZS,5.425
WSM,Samoa,2006,SL.UEM.TOTL.ZS,5.321
WSM,Samoa,2005,SL.UEM.TOTL.ZS,5.212
STP,Sao Tome and Principe,2025,SL.UEM.TOTL.ZS,9.132
STP,Sao Tome and Principe,2024,SL.UEM.TOTL.ZS,9.057
STP,Sao Tome and Principe,2023,SL.UEM.TOTL.ZS,9.032
STP,Sao Tome and Principe,2022,SL.UEM.TOTL.ZS,8.964
STP,Sao Tome and Principe,2021,SL.UEM.TOTL.ZS,9.563
STP,Sao Tome and Principe,2020,SL.UEM.TOTL.ZS,9.679
STP,Sao Tome and Principe,2019,SL.UEM.TOTL.ZS,8.835
STP,Sao Tome and Principe,2018,SL.UEM.TOTL.ZS,8.712
STP,Sao Tome and Principe,2017,SL.UEM.TOTL.ZS,8.808
STP,Sao Tome and Principe,2016,SL.UEM.TOTL.ZS,9.684
STP,Sao Tome and Principe,2015,SL.UEM.TOTL.ZS,10.591
STP,Sao Tome and Principe,2014,SL.UEM.TOTL.ZS,11.428
STP,Sao Tome and Principe,2013,SL.UEM.TOTL.ZS,12.476
STP,Sao Tome and Principe,2012,SL.UEM.TOTL.ZS,13.59
STP,Sao Tome and Principe,2011,SL.UEM.TOTL.ZS,14.229
STP,Sao Tome and Principe,2010,SL.UEM.TOTL.ZS,14.628
STP,Sao Tome and Principe,2009,SL.UEM.TOTL.ZS,15.136
STP,Sao Tome and Principe,2008,SL.UEM.TOTL.ZS,15.421
STP,Sao Tome and Principe,2007,SL.UEM.TOTL.ZS,16.021
STP,Sao Tome and Principe,2006,SL.UEM.TOTL.ZS,16.65
STP,Sao Tome and Principe,2005,SL.UEM.TOTL.ZS,16.47
SAU,Saudi Arabia,2025,SL.UEM.TOTL.ZS,3.038
SAU,Saudi Arabia,2024,SL.UEM.TOTL.ZS,3.518
SAU,Saudi Arabia,2023,SL.UEM.TOTL.ZS,4.008
SAU,Saudi Arabia,2022,SL.UEM.TOTL.ZS,5.589
SAU,Saudi Arabia,2021,SL.UEM.TOTL.ZS,6.621
SAU,Saudi Arabia,2020,SL.UEM.TOTL.ZS,7.66
SAU,Saudi Arabia,2019,SL.UEM.TOTL.ZS,5.636
SAU,Saudi Arabia,2018,SL.UEM.TOTL.ZS,6.029
SAU,Saudi Arabia,2017,SL.UEM.TOTL.ZS,5.89
SAU,Saudi Arabia,2016,SL.UEM.TOTL.ZS,5.6
SAU,Saudi Arabia,2015,SL.UEM.TOTL.ZS,5.6
SAU,Saudi Arabia,2014,SL.UEM.TOTL.ZS,5.877
SAU,Saudi Arabia,2013,SL.UEM.TOTL.ZS,5.6
SAU,Saudi Arabia,2012,SL.UEM.TOTL.ZS,5.622
SAU,Saudi Arabia,2011,SL.UEM.TOTL.ZS,5.77
SAU,Saudi Arabia,2010,SL.UEM.TOTL.ZS,5.55
SAU,Saudi Arabia,2009,SL.UEM.TOTL.ZS,5.377
SAU,Saudi Arabia,2008,SL.UEM.TOTL.ZS,5.085
SAU,Saudi Arabia,2007,SL.UEM.TOTL.ZS,5.734
SAU,Saudi Arabia,2006,SL.UEM.TOTL.ZS,6.254
SAU,Saudi Arabia,2005,SL.UEM.TOTL.ZS,6.051
SEN,Senegal,2025,SL.UEM.TOTL.ZS,2.735
SEN,Senegal,2024,SL.UEM.TOTL.ZS,2.788
SEN,Senegal,2023,SL.UEM.TOTL.ZS,2.784
SEN,Senegal,2022,SL.UEM.TOTL.ZS,2.837
SEN,Senegal,2021,SL.UEM.TOTL.ZS,3.436
SEN,Senegal,2020,SL.UEM.TOTL.ZS,3.432
SEN,Senegal,2019,SL.UEM.TOTL.ZS,2.863
SEN,Senegal,2018,SL.UEM.TOTL.ZS,3.453
SEN,Senegal,2017,SL.UEM.TOTL.ZS,4.078
SEN,Senegal,2016,SL.UEM.TOTL.ZS,4.455
SEN,Senegal,2015,SL.UEM.TOTL.ZS,6.757
SEN,Senegal,2014,SL.UEM.TOTL.ZS,5.849
SEN,Senegal,2013,SL.UEM.TOTL.ZS,5.012
SEN,Senegal,2012,SL.UEM.TOTL.ZS,3.896
SEN,Senegal,2011,SL.UEM.TOTL.ZS,2.853
SEN,Senegal,2010,SL.UEM.TOTL.ZS,2.795
SEN,Senegal,2009,SL.UEM.TOTL.ZS,2.807
SEN,Senegal,2008,SL.UEM.TOTL.ZS,2.816
SEN,Senegal,2007,SL.UEM.TOTL.ZS,2.8
SEN,Senegal,2006,SL.UEM.TOTL.ZS,2.755
SEN,Senegal,2005,SL.UEM.TOTL.ZS,2.679
SRB,Serbia,2025,SL.UEM.TOTL.ZS,7.123
SRB,Serbia,2024,SL.UEM.TOTL.ZS,7.24
SRB,Serbia,2023,SL.UEM.TOTL.ZS,8.268
SRB,Serbia,2022,SL.UEM.TOTL.ZS,8.439
SRB,Serbia,2021,SL.UEM.TOTL.ZS,9.843
SRB,Serbia,2020,SL.UEM.TOTL.ZS,9.011
SRB,Serbia,2019,SL.UEM.TOTL.ZS,10.395
SRB,Serbia,2018,SL.UEM.TOTL.ZS,12.733
SRB,Serbia,2017,SL.UEM.TOTL.ZS,13.477
SRB,Serbia,2016,SL.UEM.TOTL.ZS,15.257
SRB,Serbia,2015,SL.UEM.TOTL.ZS,17.66
SRB,Serbia,2014,SL.UEM.TOTL.ZS,19.223
SRB,Serbia,2013,SL.UEM.TOTL.ZS,22.154
SRB,Serbia,2012,SL.UEM.TOTL.ZS,24.0
SRB,Serbia,2011,SL.UEM.TOTL.ZS,22.959
SRB,Serbia,2010,SL.UEM.TOTL.ZS,19.204
SRB,Serbia,2009,SL.UEM.TOTL.ZS,16.116
SRB,Serbia,2008,SL.UEM.TOTL.ZS,13.67
SRB,Serbia,2007,SL.UEM.TOTL.ZS,18.06
SRB,Serbia,2006,SL.UEM.TOTL.ZS,20.85
SRB,Serbia,2005,SL.UEM.TOTL.ZS,20.85
SLE,Sierra Leone,2025,SL.UEM.TOTL.ZS,3.15
SLE,Sierra Leone,2024,SL.UEM.TOTL.ZS,3.103
SLE,Sierra Leone,2023,SL.UEM.TOTL.ZS,3.092
SLE,Sierra Leone,2022,SL.UEM.TOTL.ZS,3.137
SLE,Sierra Leone,2021,SL.UEM.TOTL.ZS,3.551
SLE,Sierra Leone,2020,SL.UEM.TOTL.ZS,3.509
SLE,Sierra Leone,2019,SL.UEM.TOTL.ZS,3.204
SLE,Sierra Leone,2018,SL.UEM.TOTL.ZS,3.192
SLE,Sierra Leone,2017,SL.UEM.TOTL.ZS,3.656
SLE,Sierra Leone,2016,SL.UEM.TOTL.ZS,4.182
SLE,Sierra Leone,2015,SL.UEM.TOTL.ZS,4.483
SLE,Sierra Leone,2014,SL.UEM.TOTL.ZS,4.678
SLE,Sierra Leone,2013,SL.UEM.TOTL.ZS,4.376
SLE,Sierra Leone,2012,SL.UEM.TOTL.ZS,4.378
SLE,Sierra Leone,2011,SL.UEM.TOTL.ZS,4.388
SLE,Sierra Leone,2010,SL.UEM.TOTL.ZS,4.34
SLE,Sierra Leone,2009,SL.UEM.TOTL.ZS,4.268
SLE,Sierra Leone,2008,SL.UEM.TOTL.ZS,4.132
SLE,Sierra Leone,2007,SL.UEM.TOTL.ZS,4.022
SLE,Sierra Leone,2006,SL.UEM.TOTL.ZS,3.89
SLE,Sierra Leone,2005,SL.UEM.TOTL.ZS,3.734
SGP,Singapore,2025,SL.UEM.TOTL.ZS,2.818
SGP,Singapore,2024,SL.UEM.TOTL.ZS,2.737
SGP,Singapore,2023,SL.UEM.TOTL.ZS,3.444
SGP,Singapore,2022,SL.UEM.TOTL.ZS,3.591
SGP,Singapore,2021,SL.UEM.TOTL.ZS,4.64
SGP,Singapore,2020,SL.UEM.TOTL.ZS,4.1
SGP,Singapore,2019,SL.UEM.TOTL.ZS,3.1
SGP,Singapore,2018,SL.UEM.TOTL.ZS,3.613
SGP,Singapore,2017,SL.UEM.TOTL.ZS,4.2
SGP,Singapore,2016,SL.UEM.TOTL.ZS,4.08
SGP,Singapore,2015,SL.UEM.TOTL.ZS,3.79
SGP,Singapore,2014,SL.UEM.TOTL.ZS,3.74
SGP,Singapore,2013,SL.UEM.TOTL.ZS,3.86
SGP,Singapore,2012,SL.UEM.TOTL.ZS,3.72
SGP,Singapore,2011,SL.UEM.TOTL.ZS,3.89
SGP,Singapore,2010,SL.UEM.TOTL.ZS,4.12
SGP,Singapore,2009,SL.UEM.TOTL.ZS,5.86
SGP,Singapore,2008,SL.UEM.TOTL.ZS,3.96
SGP,Singapore,2007,SL.UEM.TOTL.ZS,3.9
SGP,Singapore,2006,SL.UEM.TOTL.ZS,4.48
SGP,Singapore,2005,SL.UEM.TOTL.ZS,5.59
SVK,Slovak Republic,2025,SL.UEM.TOTL.ZS,5.359
SVK,Slovak Republic,2024,SL.UEM.TOTL.ZS,5.3
SVK,Slovak Republic,2023,SL.UEM.TOTL.ZS,5.843
SVK,Slovak Republic,2022,SL.UEM.TOTL.ZS,6.143
SVK,Slovak Republic,2021,SL.UEM.TOTL.ZS,6.894
SVK,Slovak Republic,2020,SL.UEM.TOTL.ZS,6.719
SVK,Slovak Republic,2019,SL.UEM.TOTL.ZS,5.761
SVK,Slovak Republic,2018,SL.UEM.TOTL.ZS,6.544
SVK,Slovak Republic,2017,SL.UEM.TOTL.ZS,8.142
SVK,Slovak Republic,2016,SL.UEM.TOTL.ZS,9.679
SVK,Slovak Republic,2015,SL.UEM.TOTL.ZS,11.492
SVK,Slovak Republic,2014,SL.UEM.TOTL.ZS,11.536
SVK,Slovak Republic,2013,SL.UEM.TOTL.ZS,14.226
SVK,Slovak Republic,2012,SL.UEM.TOTL.ZS,13.966
SVK,Slovak Republic,2011,SL.UEM.TOTL.ZS,13.634
SVK,Slovak Republic,2010,SL.UEM.TOTL.ZS,14.387
SVK,Slovak Republic,2009,SL.UEM.TOTL.ZS,12.023
SVK,Slovak Republic,2008,SL.UEM.TOTL.ZS,9.514
SVK,Slovak Republic,2007,SL.UEM.TOTL.ZS,11.16
SVK,Slovak Republic,2006,SL.UEM.TOTL.ZS,13.395
SVK,Slovak Republic,2005,SL.UEM.TOTL.ZS,16.276
SVN,Slovenia,2025,SL.UEM.TOTL.ZS,3.175
SVN,Slovenia,2024,SL.UEM.TOTL.ZS,3.7
SVN,Slovenia,2023,SL.UEM.TOTL.ZS,3.652
SVN,Slovenia,2022,SL.UEM.TOTL.ZS,4.011
SVN,Slovenia,2021,SL.UEM.TOTL.ZS,4.744
SVN,Slovenia,2020,SL.UEM.TOTL.ZS,4.971
SVN,Slovenia,2019,SL.UEM.TOTL.ZS,4.446
SVN,Slovenia,2018,SL.UEM.TOTL.ZS,5.108
SVN,Slovenia,2017,SL.UEM.TOTL.ZS,6.564
SVN,Slovenia,2016,SL.UEM.TOTL.ZS,8.0
SVN,Slovenia,2015,SL.UEM.TOTL.ZS,8.962
SVN,Slovenia,2014,SL.UEM.TOTL.ZS,9.668
SVN,Slovenia,2013,SL.UEM.TOTL.ZS,10.103
SVN,Slovenia,2012,SL.UEM.TOTL.ZS,8.841
SVN,Slovenia,2011,SL.UEM.TOTL.ZS,8.166
SVN,Slovenia,2010,SL.UEM.TOTL.ZS,7.236
SVN,Slovenia,2009,SL.UEM.TOTL.ZS,5.858
SVN,Slovenia,2008,SL.UEM.TOTL.ZS,4.371
SVN,Slovenia,2007,SL.UEM.TOTL.ZS,4.818
SVN,Slovenia,2006,SL.UEM.TOTL.ZS,5.95
SVN,Slovenia,2005,SL.UEM.TOTL.ZS,6.506
SLB,Solomon Islands,2025,SL.UEM.TOTL.ZS,1.431
SLB,Solomon Islands,2024,SL.UEM.TOTL.ZS,1.444
SLB,Solomon Islands,2023,SL.UEM.TOTL.ZS,1.443
SLB,Solomon Islands,2022,SL.UEM.TOTL.ZS,1.475
SLB,Solomon Islands,2021,SL.UEM.TOTL.ZS,0.879
SLB,Solomon Islands,2020,SL.UEM.TOTL.ZS,0.868
SLB,Solomon Islands,2019,SL.UEM.TOTL.ZS,0.746
SLB,Solomon Islands,2018,SL.UEM.TOTL.ZS,0.722
SLB,Solomon Islands,2017,SL.UEM.TOTL.ZS,0.727
SLB,Solomon Islands,2016,SL.UEM.TOTL.ZS,0.736
SLB,Solomon Islands,2015,SL.UEM.TOTL.ZS,0.736
SLB,Solomon Islands,2014,SL.UEM.TOTL.ZS,0.73
SLB,Solomon Islands,2013,SL.UEM.TOTL.ZS,0.694
SLB,Solomon Islands,2012,SL.UEM.TOTL.ZS,0.984
SLB,Solomon Islands,2011,SL.UEM.TOTL.ZS,1.292
SLB,Solomon Islands,2010,SL.UEM.TOTL.ZS,1.617
SLB,Solomon Islands,2009,SL.UEM.TOTL.ZS,2.02
SLB,Solomon Islands,2008,SL.UEM.TOTL.ZS,1.998
SLB,Solomon Islands,2007,SL.UEM.TOTL.ZS,1.978
SLB,Solomon Islands,2006,SL.UEM.TOTL.ZS,1.916
SLB,Solomon Islands,2005,SL.UEM.TOTL.ZS,1.879
SOM,"Somalia, Fed. Rep.",2025,SL.UEM.TOTL.ZS,18.948
SOM,"Somalia, Fed. Rep.",2024,SL.UEM.TOTL.ZS,18.949
SOM,"Somalia, Fed. Rep.",2023,SL.UEM.TOTL.ZS,18.96
SOM,"Somalia, Fed. Rep.",2022,SL.UEM.TOTL.ZS,19.112
SOM,"Somalia, Fed. Rep.",2021,SL.UEM.TOTL.ZS,19.662
SOM,"Somalia, Fed. Rep.",2020,SL.UEM.TOTL.ZS,19.414
SOM,"Somalia, Fed. Rep.",2019,SL.UEM.TOTL.ZS,18.828
SOM,"Somalia, Fed. Rep.",2018,SL.UEM.TOTL.ZS,18.7
SOM,"Somalia, Fed. Rep.",2017,SL.UEM.TOTL.ZS,18.455
SOM,"Somalia, Fed. Rep.",2016,SL.UEM.TOTL.ZS,18.611
SOM,"Somalia, Fed. Rep.",2015,SL.UEM.TOTL.ZS,18.495
SOM,"Somalia, Fed. Rep.",2014,SL.UEM.TOTL.ZS,18.595
SOM,"Somalia, Fed. Rep.",2013,SL.UEM.TOTL.ZS,18.655
SOM,"Somalia, Fed. Rep.",2012,SL.UEM.TOTL.ZS,18.771
SOM,"Somalia, Fed. Rep.",2011,SL.UEM.TOTL.ZS,18.761
SOM,"Somalia, Fed. Rep.",2010,SL.UEM.TOTL.ZS,18.741
SOM,"Somalia, Fed. Rep.",2009,SL.UEM.TOTL.ZS,18.724
SOM,"Somalia, Fed. Rep.",2008,SL.UEM.TOTL.ZS,18.714
SOM,"Somalia, Fed. Rep.",2007,SL.UEM.TOTL.ZS,18.687
SOM,"Somalia, Fed. Rep.",2006,SL.UEM.TOTL.ZS,18.705
SOM,"Somalia, Fed. Rep.",2005,SL.UEM.TOTL.ZS,18.671
ZAF,South Africa,2025,SL.UEM.TOTL.ZS,32.391
ZAF,South Africa,2024,SL.UEM.TOTL.ZS,32.279
ZAF,South Africa,2023,SL.UEM.TOTL.ZS,32.098
ZAF,South Africa,2022,SL.UEM.TOTL.ZS,33.268
ZAF,South Africa,2021,SL.UEM.TOTL.ZS,34.007
ZAF,South Africa,2020,SL.UEM.TOTL.ZS,29.217
ZAF,South Africa,2019,SL.UEM.TOTL.ZS,28.468
ZAF,South Africa,2018,SL.UEM.TOTL.ZS,26.906
ZAF,South Africa,2017,SL.UEM.TOTL.ZS,27.035
ZAF,South Africa,2016,SL.UEM.TOTL.ZS,26.536
ZAF,South Africa,2015,SL.UEM.TOTL.ZS,25.149
ZAF,South Africa,2014,SL.UEM.TOTL.ZS,24.89
ZAF,South Africa,2013,SL.UEM.TOTL.ZS,24.561
ZAF,South Africa,2012,SL.UEM.TOTL.ZS,24.727
ZAF,South Africa,2011,SL.UEM.TOTL.ZS,24.639
ZAF,South Africa,2010,SL.UEM.TOTL.ZS,24.683
ZAF,South Africa,2009,SL.UEM.TOTL.ZS,23.523
ZAF,South Africa,2008,SL.UEM.TOTL.ZS,22.407
ZAF,South Africa,2007,SL.UEM.TOTL.ZS,22.26
ZAF,South Africa,2006,SL.UEM.TOTL.ZS,22.304
ZAF,South Africa,2005,SL.UEM.TOTL.ZS,22.472
SSD,South Sudan,2023,SL.UEM.TOTL.ZS,12.374
SSD,South Sudan,2022,SL.UEM.TOTL.ZS,12.475
SSD,South Sudan,2021,SL.UEM.TOTL.ZS,13.95
SSD,South Sudan,2020,SL.UEM.TOTL.ZS,14.246
SSD,South Sudan,2019,SL.UEM.TOTL.ZS,12.656
SSD,South Sudan,2018,SL.UEM.TOTL.ZS,12.853
SSD,South Sudan,2017,SL.UEM.TOTL.ZS,12.983
SSD,South Sudan,2016,SL.UEM.TOTL.ZS,12.854
SSD,South Sudan,2015,SL.UEM.TOTL.ZS,12.464
SSD,South Sudan,2014,SL.UEM.TOTL.ZS,12.561
SSD,South Sudan,2013,SL.UEM.TOTL.ZS,12.665
SSD,South Sudan,2012,SL.UEM.TOTL.ZS,12.803
SSD,South Sudan,2011,SL.UEM.TOTL.ZS,12.585
SSD,South Sudan,2010,SL.UEM.TOTL.ZS,12.473
SSD,South Sudan,2009,SL.UEM.TOTL.ZS,12.438
SSD,South Sudan,2008,SL.UEM.TOTL.ZS,12.298
SSD,South Sudan,2007,SL.UEM.TOTL.ZS,12.266
SSD,South Sudan,2006,SL.UEM.TOTL.ZS,12.268
SSD,South Sudan,2005,SL.UEM.TOTL.ZS,12.266
ESP,Spain,2025,SL.UEM.TOTL.ZS,10.376
ESP,Spain,2024,SL.UEM.TOTL.ZS,11.4
ESP,Spain,2023,SL.UEM.TOTL.ZS,12.179
ESP,Spain,2022,SL.UEM.TOTL.ZS,13.033
ESP,Spain,2021,SL.UEM.TOTL.ZS,14.914
ESP,Spain,2020,SL.UEM.TOTL.ZS,15.532
ESP,Spain,2019,SL.UEM.TOTL.ZS,14.104
ESP,Spain,2018,SL.UEM.TOTL.ZS,15.255
ESP,Spain,2017,SL.UEM.TOTL.ZS,17.224
ESP,Spain,2016,SL.UEM.TOTL.ZS,19.635
ESP,Spain,2015,SL.UEM.TOTL.ZS,22.057
ESP,Spain,2014,SL.UEM.TOTL.ZS,24.441
ESP,Spain,2013,SL.UEM.TOTL.ZS,26.094
ESP,Spain,2012,SL.UEM.TOTL.ZS,24.789
ESP,Spain,2011,SL.UEM.TOTL.ZS,21.39
ESP,Spain,2010,SL.UEM.TOTL.ZS,19.86
ESP,Spain,2009,SL.UEM.TOTL.ZS,17.857
ESP,Spain,2008,SL.UEM.TOTL.ZS,11.254
ESP,Spain,2007,SL.UEM.TOTL.ZS,8.232
ESP,Spain,2006,SL.UEM.TOTL.ZS,8.452
ESP,Spain,2005,SL.UEM.TOTL.ZS,9.146
LKA,Sri Lanka,2025,SL.UEM.TOTL.ZS,4.005
LKA,Sri Lanka,2024,SL.UEM.TOTL.ZS,4.239
LKA,Sri Lanka,2023,SL.UEM.TOTL.ZS,4.528
LKA,Sri Lanka,2022,SL.UEM.TOTL.ZS,4.528
LKA,Sri Lanka,2021,SL.UEM.TOTL.ZS,4.981
LKA,Sri Lanka,2020,SL.UEM.TOTL.ZS,5.364
LKA,Sri Lanka,2019,SL.UEM.TOTL.ZS,4.67
LKA,Sri Lanka,2018,SL.UEM.TOTL.ZS,4.318
LKA,Sri Lanka,2017,SL.UEM.TOTL.ZS,4.046
LKA,Sri Lanka,2016,SL.UEM.TOTL.ZS,4.242
LKA,Sri Lanka,2015,SL.UEM.TOTL.ZS,4.519
LKA,Sri Lanka,2014,SL.UEM.TOTL.ZS,4.157
LKA,Sri Lanka,2013,SL.UEM.TOTL.ZS,4.186
LKA,Sri Lanka,2012,SL.UEM.TOTL.ZS,3.88
LKA,Sri Lanka,2011,SL.UEM.TOTL.ZS,4.118
LKA,Sri Lanka,2010,SL.UEM.TOTL.ZS,4.784
LKA,Sri Lanka,2009,SL.UEM.TOTL.ZS,5.85
LKA,Sri Lanka,2008,SL.UEM.TOTL.ZS,5.22
LKA,Sri Lanka,2007,SL.UEM.TOTL.ZS,5.97
LKA,Sri Lanka,2006,SL.UEM.TOTL.ZS,6.5
LKA,Sri Lanka,2005,SL.UEM.TOTL.ZS,7.67
LCA,St. Lucia,2025,SL.UEM.TOTL.ZS,9.452
LCA,St. Lucia,2024,SL.UEM.TOTL.ZS,10.199
LCA,St. Lucia,2023,SL.UEM.TOTL.ZS,12.094
LCA,St. Lucia,2022,SL.UEM.TOTL.ZS,15.934
LCA,St. Lucia,2021,SL.UEM.TOTL.ZS,20.514
LCA,St. Lucia,2020,SL.UEM.TOTL.ZS,25.224
LCA,St. Lucia,2019,SL.UEM.TOTL.ZS,15.613
LCA,St. Lucia,2018,SL.UEM.TOTL.ZS,19.329
LCA,St. Lucia,2017,SL.UEM.TOTL.ZS,19.136
LCA,St. Lucia,2016,SL.UEM.TOTL.ZS,19.932
LCA,St. Lucia,2015,SL.UEM.TOTL.ZS,20.84
LCA,St. Lucia,2014,SL.UEM.TOTL.ZS,21.583
LCA,St. Lucia,2013,SL.UEM.TOTL.ZS,22.21
LCA,St. Lucia,2012,SL.UEM.TOTL.ZS,19.06
LCA,St. Lucia,2011,SL.UEM.TOTL.ZS,18.86
LCA,St. Lucia,2010,SL.UEM.TOTL.ZS,17.118
LCA,St. Lucia,2009,SL.UEM.TOTL.ZS,15.37
LCA,St. Lucia,2008,SL.UEM.TOTL.ZS,12.72
LCA,St. Lucia,2007,SL.UEM.TOTL.ZS,14.0
LCA,St. Lucia,2006,SL.UEM.TOTL.ZS,16.0
LCA,St. Lucia,2005,SL.UEM.TOTL.ZS,18.7
VCT,St. Vincent and the Grenadines,2025,SL.UEM.TOTL.ZS,18.003
VCT,St. Vincent and the Grenadines,2024,SL.UEM.TOTL.ZS,18.093
VCT,St. Vincent and the Grenadines,2023,SL.UEM.TOTL.ZS,18.348
VCT,St. Vincent and the Grenadines,2022,SL.UEM.TOTL.ZS,19.277
VCT,St. Vincent and the Grenadines,2021,SL.UEM.TOTL.ZS,20.356
VCT,St. Vincent and the Grenadines,2020,SL.UEM.TOTL.ZS,20.635
VCT,St. Vincent and the Grenadines,2019,SL.UEM.TOTL.ZS,19.248
VCT,St. Vincent and the Grenadines,2018,SL.UEM.TOTL.ZS,19.005
VCT,St. Vincent and the Grenadines,2017,SL.UEM.TOTL.ZS,19.024
VCT,St. Vincent and the Grenadines,2016,SL.UEM.TOTL.ZS,19.029
VCT,St. Vincent and the Grenadines,2015,SL.UEM.TOTL.ZS,19.135
VCT,St. Vincent and the Grenadines,2014,SL.UEM.TOTL.ZS,19.237
VCT,St. Vincent and the Grenadines,2013,SL.UEM.TOTL.ZS,19.356
VCT,St. Vincent and the Grenadines,2012,SL.UEM.TOTL.ZS,19.833
VCT,St. Vincent and the Grenadines,2011,SL.UEM.TOTL.ZS,20.006
VCT,St. Vincent and the Grenadines,2010,SL.UEM.TOTL.ZS,19.924
VCT,St. Vincent and the Grenadines,2009,SL.UEM.TOTL.ZS,19.365
VCT,St. Vincent and the Grenadines,2008,SL.UEM.TOTL.ZS,18.79
VCT,St. Vincent and the Grenadines,2007,SL.UEM.TOTL.ZS,18.934
VCT,St. Vincent and the Grenadines,2006,SL.UEM.TOTL.ZS,19.162
VCT,St. Vincent and the Grenadines,2005,SL.UEM.TOTL.ZS,19.461
SDN,Sudan,2022,SL.UEM.TOTL.ZS,7.53
SDN,Sudan,2021,SL.UEM.TOTL.ZS,11.087
SDN,Sudan,2020,SL.UEM.TOTL.ZS,11.995
SDN,Sudan,2019,SL.UEM.TOTL.ZS,11.697
SDN,Sudan,2018,SL.UEM.TOTL.ZS,12.347
SDN,Sudan,2017,SL.UEM.TOTL.ZS,13.0
SDN,Sudan,2016,SL.UEM.TOTL.ZS,13.656
SDN,Sudan,2015,SL.UEM.TOTL.ZS,14.39
SDN,Sudan,2014,SL.UEM.TOTL.ZS,15.41
SDN,Sudan,2013,SL.UEM.TOTL.ZS,16.273
SDN,Sudan,2012,SL.UEM.TOTL.ZS,16.973
SDN,Sudan,2011,SL.UEM.TOTL.ZS,17.44
SDN,Sudan,2010,SL.UEM.TOTL.ZS,15.168
SDN,Sudan,2009,SL.UEM.TOTL.ZS,13.0
SDN,Sudan,2008,SL.UEM.TOTL.ZS,15.566
SDN,Sudan,2007,SL.UEM.TOTL.ZS,15.534
SDN,Sudan,2006,SL.UEM.TOTL.ZS,15.542
SDN,Sudan,2005,SL.UEM.TOTL.ZS,15.545
SUR,Suriname,2025,SL.UEM.TOTL.ZS,7.834
SUR,Suriname,2024,SL.UEM.TOTL.ZS,7.621
SUR,Suriname,2023,SL.UEM.TOTL.ZS,7.699
SUR,Suriname,2022,SL.UEM.TOTL.ZS,7.973
SUR,Suriname,2021,SL.UEM.TOTL.ZS,8.706
SUR,Suriname,2020,SL.UEM.TOTL.ZS,8.973
SUR,Suriname,2019,SL.UEM.TOTL.ZS,7.755
SUR,Suriname,2018,SL.UEM.TOTL.ZS,7.817
SUR,Suriname,2017,SL.UEM.TOTL.ZS,7.905
SUR,Suriname,2016,SL.UEM.TOTL.ZS,7.917
SUR,Suriname,2015,SL.UEM.TOTL.ZS,7.22
SUR,Suriname,2014,SL.UEM.TOTL.ZS,6.94
SUR,Suriname,2013,SL.UEM.TOTL.ZS,6.6
SUR,Suriname,2012,SL.UEM.TOTL.ZS,8.1
SUR,Suriname,2011,SL.UEM.TOTL.ZS,7.54
SUR,Suriname,2010,SL.UEM.TOTL.ZS,7.15
SUR,Suriname,2009,SL.UEM.TOTL.ZS,8.72
SUR,Suriname,2008,SL.UEM.TOTL.ZS,8.854
SUR,Suriname,2007,SL.UEM.TOTL.ZS,9.017
SUR,Suriname,2006,SL.UEM.TOTL.ZS,9.142
SUR,Suriname,2005,SL.UEM.TOTL.ZS,9.302
SWE,Sweden,2025,SL.UEM.TOTL.ZS,8.694
SWE,Sweden,2024,SL.UEM.TOTL.ZS,8.4
SWE,Sweden,2023,SL.UEM.TOTL.ZS,7.611
SWE,Sweden,2022,SL.UEM.TOTL.ZS,7.417
SWE,Sweden,2021,SL.UEM.TOTL.ZS,8.803
SWE,Sweden,2020,SL.UEM.TOTL.ZS,8.291
SWE,Sweden,2019,SL.UEM.TOTL.ZS,6.833
SWE,Sweden,2018,SL.UEM.TOTL.ZS,6.365
SWE,Sweden,2017,SL.UEM.TOTL.ZS,6.718
SWE,Sweden,2016,SL.UEM.TOTL.ZS,6.99
SWE,Sweden,2015,SL.UEM.TOTL.ZS,7.432
SWE,Sweden,2014,SL.UEM.TOTL.ZS,7.954
SWE,Sweden,2013,SL.UEM.TOTL.ZS,8.052
SWE,Sweden,2012,SL.UEM.TOTL.ZS,7.976
SWE,Sweden,2011,SL.UEM.TOTL.ZS,7.804
SWE,Sweden,2010,SL.UEM.TOTL.ZS,8.61
SWE,Sweden,2009,SL.UEM.TOTL.ZS,8.351
SWE,Sweden,2008,SL.UEM.TOTL.ZS,6.235
SWE,Sweden,2007,SL.UEM.TOTL.ZS,6.161
SWE,Sweden,2006,SL.UEM.TOTL.ZS,7.066
SWE,Sweden,2005,SL.UEM.TOTL.ZS,7.81
CHE,Switzerland,2025,SL.UEM.TOTL.ZS,4.873
CHE,Switzerland,2024,SL.UEM.TOTL.ZS,4.343
CHE,Switzerland,2023,SL.UEM.TOTL.ZS,4.043
CHE,Switzerland,2022,SL.UEM.TOTL.ZS,4.122
CHE,Switzerland,2021,SL.UEM.TOTL.ZS,5.013
CHE,Switzerland,2020,SL.UEM.TOTL.ZS,4.817
CHE,Switzerland,2019,SL.UEM.TOTL.ZS,4.394
CHE,Switzerland,2018,SL.UEM.TOTL.ZS,4.713
CHE,Switzerland,2017,SL.UEM.TOTL.ZS,4.797
CHE,Switzerland,2016,SL.UEM.TOTL.ZS,4.918
CHE,Switzerland,2015,SL.UEM.TOTL.ZS,4.801
CHE,Switzerland,2014,SL.UEM.TOTL.ZS,4.826
CHE,Switzerland,2013,SL.UEM.TOTL.ZS,4.747
CHE,Switzerland,2012,SL.UEM.TOTL.ZS,4.491
CHE,Switzerland,2011,SL.UEM.TOTL.ZS,4.409
CHE,Switzerland,2010,SL.UEM.TOTL.ZS,4.808
CHE,Switzerland,2009,SL.UEM.TOTL.ZS,4.109
CHE,Switzerland,2008,SL.UEM.TOTL.ZS,3.35
CHE,Switzerland,2007,SL.UEM.TOTL.ZS,3.641
CHE,Switzerland,2006,SL.UEM.TOTL.ZS,3.995
CHE,Switzerland,2005,SL.UEM.TOTL.ZS,4.437
SYR,Syrian Arab Republic,2025,SL.UEM.TOTL.ZS,13.569
SYR,Syrian Arab Republic,2024,SL.UEM.TOTL.ZS,13.359
SYR,Syrian Arab Republic,2023,SL.UEM.TOTL.ZS,13.27
SYR,Syrian Arab Republic,2022,SL.UEM.TOTL.ZS,13.245
SYR,Syrian Arab Republic,2021,SL.UEM.TOTL.ZS,14.887
SYR,Syrian Arab Republic,2020,SL.UEM.TOTL.ZS,15.179
SYR,Syrian Arab Republic,2019,SL.UEM.TOTL.ZS,13.369
SYR,Syrian Arab Republic,2018,SL.UEM.TOTL.ZS,13.505
SYR,Syrian Arab Republic,2017,SL.UEM.TOTL.ZS,13.603
SYR,Syrian Arab Republic,2016,SL.UEM.TOTL.ZS,13.798
SYR,Syrian Arab Republic,2015,SL.UEM.TOTL.ZS,14.244
SYR,Syrian Arab Republic,2014,SL.UEM.TOTL.ZS,14.782
SYR,Syrian Arab Republic,2013,SL.UEM.TOTL.ZS,14.5
SYR,Syrian Arab Republic,2012,SL.UEM.TOTL.ZS,13.8
SYR,Syrian Arab Republic,2011,SL.UEM.TOTL.ZS,8.626
SYR,Syrian Arab Republic,2010,SL.UEM.TOTL.ZS,8.61
SYR,Syrian Arab Republic,2009,SL.UEM.TOTL.ZS,8.14
SYR,Syrian Arab Republic,2008,SL.UEM.TOTL.ZS,10.94
SYR,Syrian Arab Republic,2007,SL.UEM.TOTL.ZS,8.42
SYR,Syrian Arab Republic,2006,SL.UEM.TOTL.ZS,8.17
SYR,Syrian Arab Republic,2005,SL.UEM.TOTL.ZS,8.81
TJK,Tajikistan,2025,SL.UEM.TOTL.ZS,6.931
TJK,Tajikistan,2024,SL.UEM.TOTL.ZS,7.041
TJK,Tajikistan,2023,SL.UEM.TOTL.ZS,7.037
TJK,Tajikistan,2022,SL.UEM.TOTL.ZS,7.051
TJK,Tajikistan,2021,SL.UEM.TOTL.ZS,7.687
TJK,Tajikistan,2020,SL.UEM.TOTL.ZS,7.576
TJK,Tajikistan,2019,SL.UEM.TOTL.ZS,7.026
TJK,Tajikistan,2018,SL.UEM.TOTL.ZS,7.028
TJK,Tajikistan,2017,SL.UEM.TOTL.ZS,7.035
TJK,Tajikistan,2016,SL.UEM.TOTL.ZS,7.036
TJK,Tajikistan,2015,SL.UEM.TOTL.ZS,7.033
TJK,Tajikistan,2014,SL.UEM.TOTL.ZS,7.024
TJK,Tajikistan,2013,SL.UEM.TOTL.ZS,7.019
TJK,Tajikistan,2012,SL.UEM.TOTL.ZS,7.022
TJK,Tajikistan,2011,SL.UEM.TOTL.ZS,7.04
TJK,Tajikistan,2010,SL.UEM.TOTL.ZS,7.037
TJK,Tajikistan,2009,SL.UEM.TOTL.ZS,7.028
TJK,Tajikistan,2008,SL.UEM.TOTL.ZS,4.942
TJK,Tajikistan,2007,SL.UEM.TOTL.ZS,2.874
TJK,Tajikistan,2006,SL.UEM.TOTL.ZS,3.65
TJK,Tajikistan,2005,SL.UEM.TOTL.ZS,3.45
TZA,Tanzania,2025,SL.UEM.TOTL.ZS,1.572
TZA,Tanzania,2024,SL.UEM.TOTL.ZS,1.557
TZA,Tanzania,2023,SL.UEM.TOTL.ZS,1.565
TZA,Tanzania,2022,SL.UEM.TOTL.ZS,1.573
TZA,Tanzania,2021,SL.UEM.TOTL.ZS,1.876
TZA,Tanzania,2020,SL.UEM.TOTL.ZS,1.792
TZA,Tanzania,2019,SL.UEM.TOTL.ZS,1.735
TZA,Tanzania,2018,SL.UEM.TOTL.ZS,1.792
TZA,Tanzania,2017,SL.UEM.TOTL.ZS,1.854
TZA,Tanzania,2016,SL.UEM.TOTL.ZS,1.931
TZA,Tanzania,2015,SL.UEM.TOTL.ZS,2.009
TZA,Tanzania,2014,SL.UEM.TOTL.ZS,2.125
TZA,Tanzania,2013,SL.UEM.TOTL.ZS,2.93
TZA,Tanzania,2012,SL.UEM.TOTL.ZS,3.223
TZA,Tanzania,2011,SL.UEM.TOTL.ZS,3.47
TZA,Tanzania,2010,SL.UEM.TOTL.ZS,3.03
TZA,Tanzania,2009,SL.UEM.TOTL.ZS,2.5
TZA,Tanzania,2008,SL.UEM.TOTL.ZS,2.775
TZA,Tanzania,2007,SL.UEM.TOTL.ZS,3.023
TZA,Tanzania,2006,SL.UEM.TOTL.ZS,3.299
TZA,Tanzania,2005,SL.UEM.TOTL.ZS,3.193
THA,Thailand,2025,SL.UEM.TOTL.ZS,0.781
THA,Thailand,2024,SL.UEM.TOTL.ZS,0.781
THA,Thailand,2023,SL.UEM.TOTL.ZS,0.733
THA,Thailand,2022,SL.UEM.TOTL.ZS,0.94
THA,Thailand,2021,SL.UEM.TOTL.ZS,1.215
THA,Thailand,2020,SL.UEM.TOTL.ZS,1.099
THA,Thailand,2019,SL.UEM.TOTL.ZS,0.716
THA,Thailand,2018,SL.UEM.TOTL.ZS,0.765
THA,Thailand,2017,SL.UEM.TOTL.ZS,0.83
THA,Thailand,2016,SL.UEM.TOTL.ZS,0.688
THA,Thailand,2015,SL.UEM.TOTL.ZS,0.597
THA,Thailand,2014,SL.UEM.TOTL.ZS,0.576
THA,Thailand,2013,SL.UEM.TOTL.ZS,0.249
THA,Thailand,2012,SL.UEM.TOTL.ZS,0.58
THA,Thailand,2011,SL.UEM.TOTL.ZS,0.66
THA,Thailand,2010,SL.UEM.TOTL.ZS,0.622
THA,Thailand,2009,SL.UEM.TOTL.ZS,1.49
THA,Thailand,2008,SL.UEM.TOTL.ZS,1.18
THA,Thailand,2007,SL.UEM.TOTL.ZS,1.18
THA,Thailand,2006,SL.UEM.TOTL.ZS,1.22
THA,Thailand,2005,SL.UEM.TOTL.ZS,1.35
TLS,Timor-Leste,2025,SL.UEM.TOTL.ZS,1.592
TLS,Timor-Leste,2024,SL.UEM.TOTL.ZS,1.523
TLS,Timor-Leste,2023,SL.UEM.TOTL.ZS,1.525
TLS,Timor-Leste,2022,SL.UEM.TOTL.ZS,1.537
TLS,Timor-Leste,2021,SL.UEM.TOTL.ZS,2.344
TLS,Timor-Leste,2020,SL.UEM.TOTL.ZS,2.808
TLS,Timor-Leste,2019,SL.UEM.TOTL.ZS,3.148
TLS,Timor-Leste,2018,SL.UEM.TOTL.ZS,3.765
TLS,Timor-Leste,2017,SL.UEM.TOTL.ZS,4.254
TLS,Timor-Leste,2016,SL.UEM.TOTL.ZS,4.657
TLS,Timor-Leste,2015,SL.UEM.TOTL.ZS,3.678
TLS,Timor-Leste,2014,SL.UEM.TOTL.ZS,3.618
TLS,Timor-Leste,2013,SL.UEM.TOTL.ZS,3.57
TLS,Timor-Leste,2012,SL.UEM.TOTL.ZS,3.47
TLS,Timor-Leste,2011,SL.UEM.TOTL.ZS,3.385
TLS,Timor-Leste,2010,SL.UEM.TOTL.ZS,3.301
TLS,Timor-Leste,2009,SL.UEM.TOTL.ZS,3.289
TLS,Timor-Leste,2008,SL.UEM.TOTL.ZS,3.434
TLS,Timor-Leste,2007,SL.UEM.TOTL.ZS,3.523
TLS,Timor-Leste,2006,SL.UEM.TOTL.ZS,3.634
TLS,Timor-Leste,2005,SL.UEM.TOTL.ZS,3.611
TGO,Togo,2025,SL.UEM.TOTL.ZS,1.995
TGO,Togo,2024,SL.UEM.TOTL.ZS,1.948
TGO,Togo,2023,SL.UEM.TOTL.ZS,1.942
TGO,Togo,2022,SL.UEM.TOTL.ZS,1.965
TGO,Togo,2021,SL.UEM.TOTL.ZS,2.344
TGO,Togo,2020,SL.UEM.TOTL.ZS,2.231
TGO,Togo,2019,SL.UEM.TOTL.ZS,2.036
TGO,Togo,2018,SL.UEM.TOTL.ZS,2.9
TGO,Togo,2017,SL.UEM.TOTL.ZS,3.744
TGO,Togo,2016,SL.UEM.TOTL.ZS,2.968
TGO,Togo,2015,SL.UEM.TOTL.ZS,2.204
TGO,Togo,2014,SL.UEM.TOTL.ZS,2.141
TGO,Togo,2013,SL.UEM.TOTL.ZS,2.084
TGO,Togo,2012,SL.UEM.TOTL.ZS,2.029
TGO,Togo,2011,SL.UEM.TOTL.ZS,1.982
TGO,Togo,2010,SL.UEM.TOTL.ZS,2.379
TGO,Togo,2009,SL.UEM.TOTL.ZS,2.847
TGO,Togo,2008,SL.UEM.TOTL.ZS,3.279
TGO,Togo,2007,SL.UEM.TOTL.ZS,3.822
TGO,Togo,2006,SL.UEM.TOTL.ZS,4.229
TGO,Togo,2005,SL.UEM.TOTL.ZS,4.149
TON,Tonga,2025,SL.UEM.TOTL.ZS,2.008
TON,Tonga,2024,SL.UEM.TOTL.ZS,1.965
TON,Tonga,2023,SL.UEM.TOTL.ZS,1.652
TON,Tonga,2022,SL.UEM.TOTL.ZS,2.002
TON,Tonga,2021,SL.UEM.TOTL.ZS,2.111
TON,Tonga,2020,SL.UEM.TOTL.ZS,2.712
TON,Tonga,2019,SL.UEM.TOTL.ZS,2.165
TON,Tonga,2018,SL.UEM.TOTL.ZS,2.248
TON,Tonga,2017,SL.UEM.TOTL.ZS,2.137
TON,Tonga,2016,SL.UEM.TOTL.ZS,2.048
TON,Tonga,2015,SL.UEM.TOTL.ZS,2.022
TON,Tonga,2014,SL.UEM.TOTL.ZS,1.914
TON,Tonga,2013,SL.UEM.TOTL.ZS,1.75
TON,Tonga,2012,SL.UEM.TOTL.ZS,1.638
TON,Tonga,2011,SL.UEM.TOTL.ZS,1.594
TON,Tonga,2010,SL.UEM.TOTL.ZS,1.501
TON,Tonga,2009,SL.UEM.TOTL.ZS,1.419
TON,Tonga,2008,SL.UEM.TOTL.ZS,1.279
TON,Tonga,2007,SL.UEM.TOTL.ZS,1.21
TON,Tonga,2006,SL.UEM.TOTL.ZS,1.09
TON,Tonga,2005,SL.UEM.TOTL.ZS,2.542
TTO,Trinidad and Tobago,2025,SL.UEM.TOTL.ZS,3.329
TTO,Trinidad and Tobago,2024,SL.UEM.TOTL.ZS,3.318
TTO,Trinidad and Tobago,2023,SL.UEM.TOTL.ZS,3.361
TTO,Trinidad and Tobago,2022,SL.UEM.TOTL.ZS,4.383
TTO,Trinidad and Tobago,2021,SL.UEM.TOTL.ZS,4.446
TTO,Trinidad and Tobago,2020,SL.UEM.TOTL.ZS,4.206
TTO,Trinidad and Tobago,2019,SL.UEM.TOTL.ZS,3.523
TTO,Trinidad and Tobago,2018,SL.UEM.TOTL.ZS,3.497
TTO,Trinidad and Tobago,2017,SL.UEM.TOTL.ZS,3.389
TTO,Trinidad and Tobago,2016,SL.UEM.TOTL.ZS,3.207
TTO,Trinidad and Tobago,2015,SL.UEM.TOTL.ZS,2.428
TTO,Trinidad and Tobago,2014,SL.UEM.TOTL.ZS,2.477
TTO,Trinidad and Tobago,2013,SL.UEM.TOTL.ZS,2.683
TTO,Trinidad and Tobago,2012,SL.UEM.TOTL.ZS,3.718
TTO,Trinidad and Tobago,2011,SL.UEM.TOTL.ZS,3.425
TTO,Trinidad and Tobago,2010,SL.UEM.TOTL.ZS,4.033
TTO,Trinidad and Tobago,2009,SL.UEM.TOTL.ZS,5.28
TTO,Trinidad and Tobago,2008,SL.UEM.TOTL.ZS,4.63
TTO,Trinidad and Tobago,2007,SL.UEM.TOTL.ZS,5.54
TTO,Trinidad and Tobago,2006,SL.UEM.TOTL.ZS,6.27
TTO,Trinidad and Tobago,2005,SL.UEM.TOTL.ZS,7.95
TUN,Tunisia,2025,SL.UEM.TOTL.ZS,15.108
TUN,Tunisia,2024,SL.UEM.TOTL.ZS,15.341
TUN,Tunisia,2023,SL.UEM.TOTL.ZS,15.106
TUN,Tunisia,2022,SL.UEM.TOTL.ZS,15.3
TUN,Tunisia,2021,SL.UEM.TOTL.ZS,16.632
TUN,Tunisia,2020,SL.UEM.TOTL.ZS,17.651
TUN,Tunisia,2019,SL.UEM.TOTL.ZS,17.153
TUN,Tunisia,2018,SL.UEM.TOTL.ZS,15.459
TUN,Tunisia,2017,SL.UEM.TOTL.ZS,15.33
TUN,Tunisia,2016,SL.UEM.TOTL.ZS,15.557
TUN,Tunisia,2015,SL.UEM.TOTL.ZS,15.159
TUN,Tunisia,2014,SL.UEM.TOTL.ZS,14.259
TUN,Tunisia,2013,SL.UEM.TOTL.ZS,15.934
TUN,Tunisia,2012,SL.UEM.TOTL.ZS,17.63
TUN,Tunisia,2011,SL.UEM.TOTL.ZS,18.334
TUN,Tunisia,2010,SL.UEM.TOTL.ZS,13.049
TUN,Tunisia,2009,SL.UEM.TOTL.ZS,13.29
TUN,Tunisia,2008,SL.UEM.TOTL.ZS,12.444
TUN,Tunisia,2007,SL.UEM.TOTL.ZS,12.365
TUN,Tunisia,2006,SL.UEM.TOTL.ZS,12.51
TUN,Tunisia,2005,SL.UEM.TOTL.ZS,12.872
TUR,Turkiye,2025,SL.UEM.TOTL.ZS,8.52
TUR,Turkiye,2024,SL.UEM.TOTL.ZS,8.8
TUR,Turkiye,2023,SL.UEM.TOTL.ZS,9.388
TUR,Turkiye,2022,SL.UEM.TOTL.ZS,10.465
TUR,Turkiye,2021,SL.UEM.TOTL.ZS,11.969
TUR,Turkiye,2020,SL.UEM.TOTL.ZS,13.148
TUR,Turkiye,2019,SL.UEM.TOTL.ZS,13.73
TUR,Turkiye,2018,SL.UEM.TOTL.ZS,10.956
TUR,Turkiye,2017,SL.UEM.TOTL.ZS,10.919
TUR,Turkiye,2016,SL.UEM.TOTL.ZS,10.899
TUR,Turkiye,2015,SL.UEM.TOTL.ZS,10.304
TUR,Turkiye,2014,SL.UEM.TOTL.ZS,9.901
TUR,Turkiye,2013,SL.UEM.TOTL.ZS,9.713
TUR,Turkiye,2012,SL.UEM.TOTL.ZS,9.21
TUR,Turkiye,2011,SL.UEM.TOTL.ZS,9.789
TUR,Turkiye,2010,SL.UEM.TOTL.ZS,11.879
TUR,Turkiye,2009,SL.UEM.TOTL.ZS,14.026
TUR,Turkiye,2008,SL.UEM.TOTL.ZS,10.965
TUR,Turkiye,2007,SL.UEM.TOTL.ZS,10.285
TUR,Turkiye,2006,SL.UEM.TOTL.ZS,10.227
TUR,Turkiye,2005,SL.UEM.TOTL.ZS,10.636
TKM,Turkmenistan,2025,SL.UEM.TOTL.ZS,4.267
TKM,Turkmenistan,2024,SL.UEM.TOTL.ZS,4.02
TKM,Turkmenistan,2023,SL.UEM.TOTL.ZS,4.007
TKM,Turkmenistan,2022,SL.UEM.TOTL.ZS,4.017
TKM,Turkmenistan,2021,SL.UEM.TOTL.ZS,4.458
TKM,Turkmenistan,2020,SL.UEM.TOTL.ZS,4.489
TKM,Turkmenistan,2019,SL.UEM.TOTL.ZS,4.035
TKM,Turkmenistan,2018,SL.UEM.TOTL.ZS,4.036
TKM,Turkmenistan,2017,SL.UEM.TOTL.ZS,4.035
TKM,Turkmenistan,2016,SL.UEM.TOTL.ZS,4.026
TKM,Turkmenistan,2015,SL.UEM.TOTL.ZS,4.016
TKM,Turkmenistan,2014,SL.UEM.TOTL.ZS,4.005
TKM,Turkmenistan,2013,SL.UEM.TOTL.ZS,3.993
TKM,Turkmenistan,2012,SL.UEM.TOTL.ZS,3.994
TKM,Turkmenistan,2011,SL.UEM.TOTL.ZS,4.003
TKM,Turkmenistan,2010,SL.UEM.TOTL.ZS,4.0
TKM,Turkmenistan,2009,SL.UEM.TOTL.ZS,4.0
TKM,Turkmenistan,2008,SL.UEM.TOTL.ZS,4.852
TKM,Turkmenistan,2007,SL.UEM.TOTL.ZS,5.719
TKM,Turkmenistan,2006,SL.UEM.TOTL.ZS,6.601
TKM,Turkmenistan,2005,SL.UEM.TOTL.ZS,7.495
UGA,Uganda,2025,SL.UEM.TOTL.ZS,2.746
UGA,Uganda,2024,SL.UEM.TOTL.ZS,2.74
UGA,Uganda,2023,SL.UEM.TOTL.ZS,2.754
UGA,Uganda,2022,SL.UEM.TOTL.ZS,2.885
UGA,Uganda,2021,SL.UEM.TOTL.ZS,3.416
UGA,Uganda,2020,SL.UEM.TOTL.ZS,3.819
UGA,Uganda,2019,SL.UEM.TOTL.ZS,3.057
UGA,Uganda,2018,SL.UEM.TOTL.ZS,3.249
UGA,Uganda,2017,SL.UEM.TOTL.ZS,3.428
UGA,Uganda,2016,SL.UEM.TOTL.ZS,3.002
UGA,Uganda,2015,SL.UEM.TOTL.ZS,2.681
UGA,Uganda,2014,SL.UEM.TOTL.ZS,2.357
UGA,Uganda,2013,SL.UEM.TOTL.ZS,1.91
UGA,Uganda,2012,SL.UEM.TOTL.ZS,3.551
UGA,Uganda,2011,SL.UEM.TOTL.ZS,3.523
UGA,Uganda,2010,SL.UEM.TOTL.ZS,3.623
UGA,Uganda,2009,SL.UEM.TOTL.ZS,3.6
UGA,Uganda,2008,SL.UEM.TOTL.ZS,3.035
UGA,Uganda,2007,SL.UEM.TOTL.ZS,2.667
UGA,Uganda,2006,SL.UEM.TOTL.ZS,2.264
UGA,Uganda,2005,SL.UEM.TOTL.ZS,1.9
UKR,Ukraine,2021,SL.UEM.TOTL.ZS,9.834
UKR,Ukraine,2020,SL.UEM.TOTL.ZS,9.475
UKR,Ukraine,2019,SL.UEM.TOTL.ZS,8.194
UKR,Ukraine,2018,SL.UEM.TOTL.ZS,8.799
UKR,Ukraine,2017,SL.UEM.TOTL.ZS,9.5
UKR,Ukraine,2016,SL.UEM.TOTL.ZS,9.35
UKR,Ukraine,2015,SL.UEM.TOTL.ZS,9.14
UKR,Ukraine,2014,SL.UEM.TOTL.ZS,9.27
UKR,Ukraine,2013,SL.UEM.TOTL.ZS,7.17
UKR,Ukraine,2012,SL.UEM.TOTL.ZS,7.529
UKR,Ukraine,2011,SL.UEM.TOTL.ZS,7.851
UKR,Ukraine,2010,SL.UEM.TOTL.ZS,8.1
UKR,Ukraine,2009,SL.UEM.TOTL.ZS,8.84
UKR,Ukraine,2008,SL.UEM.TOTL.ZS,6.363
UKR,Ukraine,2007,SL.UEM.TOTL.ZS,6.351
UKR,Ukraine,2006,SL.UEM.TOTL.ZS,6.81
UKR,Ukraine,2005,SL.UEM.TOTL.ZS,7.18
ARE,United Arab Emirates,2025,SL.UEM.TOTL.ZS,2.174
ARE,United Arab Emirates,2024,SL.UEM.TOTL.ZS,2.16
ARE,United Arab Emirates,2023,SL.UEM.TOTL.ZS,2.151
ARE,United Arab Emirates,2022,SL.UEM.TOTL.ZS,2.872
ARE,United Arab Emirates,2021,SL.UEM.TOTL.ZS,3.105
ARE,United Arab Emirates,2020,SL.UEM.TOTL.ZS,4.294
ARE,United Arab Emirates,2019,SL.UEM.TOTL.ZS,2.331
ARE,United Arab Emirates,2018,SL.UEM.TOTL.ZS,2.236
ARE,United Arab Emirates,2017,SL.UEM.TOTL.ZS,2.462
ARE,United Arab Emirates,2016,SL.UEM.TOTL.ZS,1.64
ARE,United Arab Emirates,2015,SL.UEM.TOTL.ZS,1.793
ARE,United Arab Emirates,2014,SL.UEM.TOTL.ZS,1.999
ARE,United Arab Emirates,2013,SL.UEM.TOTL.ZS,2.125
ARE,United Arab Emirates,2012,SL.UEM.TOTL.ZS,2.323
ARE,United Arab Emirates,2011,SL.UEM.TOTL.ZS,2.587
ARE,United Arab Emirates,2010,SL.UEM.TOTL.ZS,2.798
ARE,United Arab Emirates,2009,SL.UEM.TOTL.ZS,2.932
ARE,United Arab Emirates,2008,SL.UEM.TOTL.ZS,2.818
ARE,United Arab Emirates,2007,SL.UEM.TOTL.ZS,2.934
ARE,United Arab Emirates,2006,SL.UEM.TOTL.ZS,2.964
ARE,United Arab Emirates,2005,SL.UEM.TOTL.ZS,3.12
GBR,United Kingdom,2025,SL.UEM.TOTL.ZS,4.746
GBR,United Kingdom,2024,SL.UEM.TOTL.ZS,4.361
GBR,United Kingdom,2023,SL.UEM.TOTL.ZS,4.025
GBR,United Kingdom,2022,SL.UEM.TOTL.ZS,3.768
GBR,United Kingdom,2021,SL.UEM.TOTL.ZS,4.864
GBR,United Kingdom,2020,SL.UEM.TOTL.ZS,4.472
GBR,United Kingdom,2019,SL.UEM.TOTL.ZS,3.657
GBR,United Kingdom,2018,SL.UEM.TOTL.ZS,4.145
GBR,United Kingdom,2017,SL.UEM.TOTL.ZS,4.501
GBR,United Kingdom,2016,SL.UEM.TOTL.ZS,4.909
GBR,United Kingdom,2015,SL.UEM.TOTL.ZS,5.552
GBR,United Kingdom,2014,SL.UEM.TOTL.ZS,6.398
GBR,United Kingdom,2013,SL.UEM.TOTL.ZS,7.752
GBR,United Kingdom,2012,SL.UEM.TOTL.ZS,8.279
GBR,United Kingdom,2011,SL.UEM.TOTL.ZS,8.195
GBR,United Kingdom,2010,SL.UEM.TOTL.ZS,7.973
GBR,United Kingdom,2009,SL.UEM.TOTL.ZS,7.683
GBR,United Kingdom,2008,SL.UEM.TOTL.ZS,5.748
GBR,United Kingdom,2007,SL.UEM.TOTL.ZS,5.399
GBR,United Kingdom,2006,SL.UEM.TOTL.ZS,5.472
GBR,United Kingdom,2005,SL.UEM.TOTL.ZS,4.884
USA,United States,2025,SL.UEM.TOTL.ZS,4.198
USA,United States,2024,SL.UEM.TOTL.ZS,4.022
USA,United States,2023,SL.UEM.TOTL.ZS,3.638
USA,United States,2022,SL.UEM.TOTL.ZS,3.65
USA,United States,2021,SL.UEM.TOTL.ZS,5.349
USA,United States,2020,SL.UEM.TOTL.ZS,8.055
USA,United States,2019,SL.UEM.TOTL.ZS,3.669
USA,United States,2018,SL.UEM.TOTL.ZS,3.896
USA,United States,2017,SL.UEM.TOTL.ZS,4.355
USA,United States,2016,SL.UEM.TOTL.ZS,4.869
USA,United States,2015,SL.UEM.TOTL.ZS,5.28
USA,United States,2014,SL.UEM.TOTL.ZS,6.168
USA,United States,2013,SL.UEM.TOTL.ZS,7.375
USA,United States,2012,SL.UEM.TOTL.ZS,8.069
USA,United States,2011,SL.UEM.TOTL.ZS,8.949
USA,United States,2010,SL.UEM.TOTL.ZS,9.633
USA,United States,2009,SL.UEM.TOTL.ZS,9.254
USA,United States,2008,SL.UEM.TOTL.ZS,5.784
USA,United States,2007,SL.UEM.TOTL.ZS,4.622
USA,United States,2006,SL.UEM.TOTL.ZS,4.623
USA,United States,2005,SL.UEM.TOTL.ZS,5.084
URY,Uruguay,2025,SL.UEM.TOTL.ZS,7.516
URY,Uruguay,2024,SL.UEM.TOTL.ZS,8.209
URY,Uruguay,2023,SL.UEM.TOTL.ZS,8.355
URY,Uruguay,2022,SL.UEM.TOTL.ZS,7.877
URY,Uruguay,2021,SL.UEM.TOTL.ZS,9.328
URY,Uruguay,2020,SL.UEM.TOTL.ZS,10.413
URY,Uruguay,2019,SL.UEM.TOTL.ZS,8.836
URY,Uruguay,2018,SL.UEM.TOTL.ZS,8.336
URY,Uruguay,2017,SL.UEM.TOTL.ZS,7.89
URY,Uruguay,2016,SL.UEM.TOTL.ZS,7.841
URY,Uruguay,2015,SL.UEM.TOTL.ZS,7.488
URY,Uruguay,2014,SL.UEM.TOTL.ZS,6.547
URY,Uruguay,2013,SL.UEM.TOTL.ZS,6.444
URY,Uruguay,2012,SL.UEM.TOTL.ZS,6.451
URY,Uruguay,2011,SL.UEM.TOTL.ZS,6.307
URY,Uruguay,2010,SL.UEM.TOTL.ZS,7.158
URY,Uruguay,2009,SL.UEM.TOTL.ZS,7.74
URY,Uruguay,2008,SL.UEM.TOTL.ZS,8.025
URY,Uruguay,2007,SL.UEM.TOTL.ZS,9.403
URY,Uruguay,2006,SL.UEM.TOTL.ZS,10.844
URY,Uruguay,2005,SL.UEM.TOTL.ZS,12.009
UZB,Uzbekistan,2025,SL.UEM.TOTL.ZS,4.622
UZB,Uzbekistan,2024,SL.UEM.TOTL.ZS,4.439
UZB,Uzbekistan,2023,SL.UEM.TOTL.ZS,4.434
UZB,Uzbekistan,2022,SL.UEM.TOTL.ZS,4.456
UZB,Uzbekistan,2021,SL.UEM.TOTL.ZS,5.364
UZB,Uzbekistan,2020,SL.UEM.TOTL.ZS,5.293
UZB,Uzbekistan,2019,SL.UEM.TOTL.ZS,4.936
UZB,Uzbekistan,2018,SL.UEM.TOTL.ZS,5.392
UZB,Uzbekistan,2017,SL.UEM.TOTL.ZS,5.83
UZB,Uzbekistan,2016,SL.UEM.TOTL.ZS,5.16
UZB,Uzbekistan,2015,SL.UEM.TOTL.ZS,5.15
UZB,Uzbekistan,2014,SL.UEM.TOTL.ZS,5.09
UZB,Uzbekistan,2013,SL.UEM.TOTL.ZS,4.86
UZB,Uzbekistan,2012,SL.UEM.TOTL.ZS,4.87
UZB,Uzbekistan,2011,SL.UEM.TOTL.ZS,4.96
UZB,Uzbekistan,2010,SL.UEM.TOTL.ZS,5.36
UZB,Uzbekistan,2009,SL.UEM.TOTL.ZS,5.04
UZB,Uzbekistan,2008,SL.UEM.TOTL.ZS,4.89
UZB,Uzbekistan,2007,SL.UEM.TOTL.ZS,4.99
UZB,Uzbekistan,2006,SL.UEM.TOTL.ZS,6.035
UZB,Uzbekistan,2005,SL.UEM.TOTL.ZS,7.092
VUT,Vanuatu,2025,SL.UEM.TOTL.ZS,5.073
VUT,Vanuatu,2024,SL.UEM.TOTL.ZS,4.988
VUT,Vanuatu,2023,SL.UEM.TOTL.ZS,5.011
VUT,Vanuatu,2022,SL.UEM.TOTL.ZS,5.077
VUT,Vanuatu,2021,SL.UEM.TOTL.ZS,4.776
VUT,Vanuatu,2020,SL.UEM.TOTL.ZS,4.046
VUT,Vanuatu,2019,SL.UEM.TOTL.ZS,5.444
VUT,Vanuatu,2018,SL.UEM.TOTL.ZS,5.353
VUT,Vanuatu,2017,SL.UEM.TOTL.ZS,5.247
VUT,Vanuatu,2016,SL.UEM.TOTL.ZS,5.197
VUT,Vanuatu,2015,SL.UEM.TOTL.ZS,5.168
VUT,Vanuatu,2014,SL.UEM.TOTL.ZS,5.137
VUT,Vanuatu,2013,SL.UEM.TOTL.ZS,5.038
VUT,Vanuatu,2012,SL.UEM.TOTL.ZS,4.936
VUT,Vanuatu,2011,SL.UEM.TOTL.ZS,4.811
VUT,Vanuatu,2010,SL.UEM.TOTL.ZS,4.681
VUT,Vanuatu,2009,SL.UEM.TOTL.ZS,4.565
VUT,Vanuatu,2008,SL.UEM.TOTL.ZS,5.663
VUT,Vanuatu,2007,SL.UEM.TOTL.ZS,6.855
VUT,Vanuatu,2006,SL.UEM.TOTL.ZS,8.006
VUT,Vanuatu,2005,SL.UEM.TOTL.ZS,8.121
VEN,"Venezuela, RB",2025,SL.UEM.TOTL.ZS,5.307
VEN,"Venezuela, RB",2024,SL.UEM.TOTL.ZS,5.321
VEN,"Venezuela, RB",2023,SL.UEM.TOTL.ZS,5.407
VEN,"Venezuela, RB",2022,SL.UEM.TOTL.ZS,5.646
VEN,"Venezuela, RB",2021,SL.UEM.TOTL.ZS,7.027
VEN,"Venezuela, RB",2020,SL.UEM.TOTL.ZS,7.53
VEN,"Venezuela, RB",2019,SL.UEM.TOTL.ZS,5.89
VEN,"Venezuela, RB",2018,SL.UEM.TOTL.ZS,5.468
VEN,"Venezuela, RB",2017,SL.UEM.TOTL.ZS,5.045
VEN,"Venezuela, RB",2016,SL.UEM.TOTL.ZS,5.319
VEN,"Venezuela, RB",2015,SL.UEM.TOTL.ZS,6.139
VEN,"Venezuela, RB",2014,SL.UEM.TOTL.ZS,6.821
VEN,"Venezuela, RB",2013,SL.UEM.TOTL.ZS,7.54
VEN,"Venezuela, RB",2012,SL.UEM.TOTL.ZS,6.601
VEN,"Venezuela, RB",2011,SL.UEM.TOTL.ZS,6.902
VEN,"Venezuela, RB",2010,SL.UEM.TOTL.ZS,7.112
VEN,"Venezuela, RB",2009,SL.UEM.TOTL.ZS,6.097
VEN,"Venezuela, RB",2008,SL.UEM.TOTL.ZS,6.245
VEN,"Venezuela, RB",2007,SL.UEM.TOTL.ZS,7.279
VEN,"Venezuela, RB",2006,SL.UEM.TOTL.ZS,8.606
VEN,"Venezuela, RB",2005,SL.UEM.TOTL.ZS,10.663
VNM,Viet Nam,2025,SL.UEM.TOTL.ZS,1.523
VNM,Viet Nam,2024,SL.UEM.TOTL.ZS,1.602
VNM,Viet Nam,2023,SL.UEM.TOTL.ZS,1.645
VNM,Viet Nam,2022,SL.UEM.TOTL.ZS,1.57
VNM,Viet Nam,2021,SL.UEM.TOTL.ZS,2.383
VNM,Viet Nam,2020,SL.UEM.TOTL.ZS,2.103
VNM,Viet Nam,2019,SL.UEM.TOTL.ZS,1.681
VNM,Viet Nam,2018,SL.UEM.TOTL.ZS,1.161
VNM,Viet Nam,2017,SL.UEM.TOTL.ZS,1.874
VNM,Viet Nam,2016,SL.UEM.TOTL.ZS,1.848
VNM,Viet Nam,2015,SL.UEM.TOTL.ZS,1.848
VNM,Viet Nam,2014,SL.UEM.TOTL.ZS,1.256
VNM,Viet Nam,2013,SL.UEM.TOTL.ZS,1.316
VNM,Viet Nam,2012,SL.UEM.TOTL.ZS,1.027
VNM,Viet Nam,2011,SL.UEM.TOTL.ZS,0.999
VNM,Viet Nam,2010,SL.UEM.TOTL.ZS,1.114
VNM,Viet Nam,2009,SL.UEM.TOTL.ZS,1.737
VNM,Viet Nam,2008,SL.UEM.TOTL.ZS,1.889
VNM,Viet Nam,2007,SL.UEM.TOTL.ZS,2.026
VNM,Viet Nam,2006,SL.UEM.TOTL.ZS,2.046
VNM,Viet Nam,2005,SL.UEM.TOTL.ZS,2.078
VIR,Virgin Islands (U.S.),2025,SL.UEM.TOTL.ZS,11.443
VIR,Virgin Islands (U.S.),2024,SL.UEM.TOTL.ZS,11.423
VIR,Virgin Islands (U.S.),2023,SL.UEM.TOTL.ZS,11.358
VIR,Virgin Islands (U.S.),2022,SL.UEM.TOTL.ZS,12.092
VIR,Virgin Islands (U.S.),2021,SL.UEM.TOTL.ZS,13.508
VIR,Virgin Islands (U.S.),2020,SL.UEM.TOTL.ZS,14.366
VIR,Virgin Islands (U.S.),2019,SL.UEM.TOTL.ZS,11.774
VIR,Virgin Islands (U.S.),2018,SL.UEM.TOTL.ZS,11.703
VIR,Virgin Islands (U.S.),2017,SL.UEM.TOTL.ZS,11.445
VIR,Virgin Islands (U.S.),2016,SL.UEM.TOTL.ZS,11.734
VIR,Virgin Islands (U.S.),2015,SL.UEM.TOTL.ZS,11.649
VIR,Virgin Islands (U.S.),2014,SL.UEM.TOTL.ZS,11.871
VIR,Virgin Islands (U.S.),2013,SL.UEM.TOTL.ZS,11.802
VIR,Virgin Islands (U.S.),2012,SL.UEM.TOTL.ZS,11.387
VIR,Virgin Islands (U.S.),2011,SL.UEM.TOTL.ZS,11.337
VIR,Virgin Islands (U.S.),2010,SL.UEM.TOTL.ZS,11.059
VIR,Virgin Islands (U.S.),2009,SL.UEM.TOTL.ZS,10.864
VIR,Virgin Islands (U.S.),2008,SL.UEM.TOTL.ZS,9.605
VIR,Virgin Islands (U.S.),2007,SL.UEM.TOTL.ZS,9.523
VIR,Virgin Islands (U.S.),2006,SL.UEM.TOTL.ZS,9.734
VIR,Virgin Islands (U.S.),2005,SL.UEM.TOTL.ZS,10.228
PSE,West Bank and Gaza,2022,SL.UEM.TOTL.ZS,24.42
PSE,West Bank and Gaza,2021,SL.UEM.TOTL.ZS,26.39
PSE,West Bank and Gaza,2020,SL.UEM.TOTL.ZS,25.895
PSE,West Bank and Gaza,2019,SL.UEM.TOTL.ZS,25.34
PSE,West Bank and Gaza,2018,SL.UEM.TOTL.ZS,26.256
PSE,West Bank and Gaza,2017,SL.UEM.TOTL.ZS,25.677
PSE,West Bank and Gaza,2016,SL.UEM.TOTL.ZS,23.939
PSE,West Bank and Gaza,2015,SL.UEM.TOTL.ZS,23.005
PSE,West Bank and Gaza,2014,SL.UEM.TOTL.ZS,20.526
PSE,West Bank and Gaza,2013,SL.UEM.TOTL.ZS,19.894
PSE,West Bank and Gaza,2012,SL.UEM.TOTL.ZS,19.202
PSE,West Bank and Gaza,2011,SL.UEM.TOTL.ZS,17.597
PSE,West Bank and Gaza,2010,SL.UEM.TOTL.ZS,21.416
PSE,West Bank and Gaza,2009,SL.UEM.TOTL.ZS,20.452
PSE,West Bank and Gaza,2008,SL.UEM.TOTL.ZS,22.913
PSE,West Bank and Gaza,2007,SL.UEM.TOTL.ZS,18.282
PSE,West Bank and Gaza,2006,SL.UEM.TOTL.ZS,19.014
PSE,West Bank and Gaza,2005,SL.UEM.TOTL.ZS,20.016
YEM,"Yemen, Rep.",2025,SL.UEM.TOTL.ZS,17.322
YEM,"Yemen, Rep.",2024,SL.UEM.TOTL.ZS,16.97
YEM,"Yemen, Rep.",2023,SL.UEM.TOTL.ZS,16.944
YEM,"Yemen, Rep.",2022,SL.UEM.TOTL.ZS,17.224
YEM,"Yemen, Rep.",2021,SL.UEM.TOTL.ZS,18.312
YEM,"Yemen, Rep.",2020,SL.UEM.TOTL.ZS,17.963
YEM,"Yemen, Rep.",2019,SL.UEM.TOTL.ZS,17.213
YEM,"Yemen, Rep.",2018,SL.UEM.TOTL.ZS,17.593
YEM,"Yemen, Rep.",2017,SL.UEM.TOTL.ZS,18.611
YEM,"Yemen, Rep.",2016,SL.UEM.TOTL.ZS,18.42
YEM,"Yemen, Rep.",2015,SL.UEM.TOTL.ZS,17.9
YEM,"Yemen, Rep.",2014,SL.UEM.TOTL.ZS,13.467
YEM,"Yemen, Rep.",2013,SL.UEM.TOTL.ZS,13.673
YEM,"Yemen, Rep.",2012,SL.UEM.TOTL.ZS,13.473
YEM,"Yemen, Rep.",2011,SL.UEM.TOTL.ZS,13.311
YEM,"Yemen, Rep.",2010,SL.UEM.TOTL.ZS,12.777
YEM,"Yemen, Rep.",2009,SL.UEM.TOTL.ZS,12.762
YEM,"Yemen, Rep.",2008,SL.UEM.TOTL.ZS,12.656
YEM,"Yemen, Rep.",2007,SL.UEM.TOTL.ZS,12.486
YEM,"Yemen, Rep.",2006,SL.UEM.TOTL.ZS,12.349
YEM,"Yemen, Rep.",2005,SL.UEM.TOTL.ZS,12.213
ZMB,Zambia,2025,SL.UEM.TOTL.ZS,5.918
ZMB,Zambia,2024,SL.UEM.TOTL.ZS,5.898
ZMB,Zambia,2023,SL.UEM.TOTL.ZS,5.861
ZMB,Zambia,2022,SL.UEM.TOTL.ZS,5.993
ZMB,Zambia,2021,SL.UEM.TOTL.ZS,5.197
ZMB,Zambia,2020,SL.UEM.TOTL.ZS,6.032
ZMB,Zambia,2019,SL.UEM.TOTL.ZS,5.538
ZMB,Zambia,2018,SL.UEM.TOTL.ZS,5.032
ZMB,Zambia,2017,SL.UEM.TOTL.ZS,4.529
ZMB,Zambia,2016,SL.UEM.TOTL.ZS,5.244
ZMB,Zambia,2015,SL.UEM.TOTL.ZS,5.951
ZMB,Zambia,2014,SL.UEM.TOTL.ZS,6.576
ZMB,Zambia,2013,SL.UEM.TOTL.ZS,7.272
ZMB,Zambia,2012,SL.UEM.TOTL.ZS,7.85
ZMB,Zambia,2011,SL.UEM.TOTL.ZS,10.548
ZMB,Zambia,2010,SL.UEM.TOTL.ZS,13.19
ZMB,Zambia,2009,SL.UEM.TOTL.ZS,10.583
ZMB,Zambia,2008,SL.UEM.TOTL.ZS,7.93
ZMB,Zambia,2007,SL.UEM.TOTL.ZS,10.559
ZMB,Zambia,2006,SL.UEM.TOTL.ZS,13.229
ZMB,Zambia,2005,SL.UEM.TOTL.ZS,15.9
ZWE,Zimbabwe,2025,SL.UEM.TOTL.ZS,9.293
ZWE,Zimbabwe,2024,SL.UEM.TOTL.ZS,9.435
ZWE,Zimbabwe,2023,SL.UEM.TOTL.ZS,9.348
ZWE,Zimbabwe,2022,SL.UEM.TOTL.ZS,10.087
ZWE,Zimbabwe,2021,SL.UEM.TOTL.ZS,9.54
ZWE,Zimbabwe,2020,SL.UEM.TOTL.ZS,8.617
ZWE,Zimbabwe,2019,SL.UEM.TOTL.ZS,7.373
ZWE,Zimbabwe,2018,SL.UEM.TOTL.ZS,6.788
ZWE,Zimbabwe,2017,SL.UEM.TOTL.ZS,6.35
ZWE,Zimbabwe,2016,SL.UEM.TOTL.ZS,5.896
ZWE,Zimbabwe,2015,SL.UEM.TOTL.ZS,5.399
ZWE,Zimbabwe,2014,SL.UEM.TOTL.ZS,4.774
ZWE,Zimbabwe,2013,SL.UEM.TOTL.ZS,4.948
ZWE,Zimbabwe,2012,SL.UEM.TOTL.ZS,5.057
ZWE,Zimbabwe,2011,SL.UEM.TOTL.ZS,5.368
ZWE,Zimbabwe,2010,SL.UEM.TOTL.ZS,5.469
ZWE,Zimbabwe,2009,SL.UEM.TOTL.ZS,5.476
ZWE,Zimbabwe,2008,SL.UEM.TOTL.ZS,5.401
ZWE,Zimbabwe,2007,SL.UEM.TOTL.ZS,5.008
ZWE,Zimbabwe,2006,SL.UEM.TOTL.ZS,4.767
ZWE,Zimbabwe,2005,SL.UEM.TOTL.ZS,4.632
