country_code,country_name,year,indicator_code,value
AFE,Africa Eastern and Southern,2025,SP.POP.TOTL,788844284
AFE,Africa Eastern and Southern,2024,SP.POP.TOTL,769280888
AFE,Africa Eastern and Southern,2023,SP.POP.TOTL,750491370
AFE,Africa Eastern and Southern,2022,SP.POP.TOTL,731821393
AFE,Africa Eastern and Southern,2021,SP.POP.TOTL,713090928
AFE,Africa Eastern and Southern,2020,SP.POP.TOTL,694446100
AFE,Africa Eastern and Southern,2019,SP.POP.TOTL,675950189
AFE,Africa Eastern and Southern,2018,SP.POP.TOTL,657801085
AFE,Africa Eastern and Southern,2017,SP.POP.TOTL,640058741
AFE,Africa Eastern and Southern,2016,SP.POP.TOTL,623369401
AFE,Africa Eastern and Southern,2015,SP.POP.TOTL,607123269
AFE,Africa Eastern and Southern,2014,SP.POP.TOTL,590968990
AFE,Africa Eastern and Southern,2013,SP.POP.TOTL,575202699
AFE,Africa Eastern and Southern,2012,SP.POP.TOTL,559609961
AFE,Africa Eastern and Southern,2011,SP.POP.TOTL,544737983
AFE,Africa Eastern and Southern,2010,SP.POP.TOTL,530308387
AFE,Africa Eastern and Southern,2009,SP.POP.TOTL,516003448
AFE,Africa Eastern and Southern,2008,SP.POP.TOTL,502070763
AFE,Africa Eastern and Southern,2007,SP.POP.TOTL,488580707
AFE,Africa Eastern and Southern,2006,SP.POP.TOTL,475606210
AFE,Africa Eastern and Southern,2005,SP.POP.TOTL,463076637
AFW,Africa Western and Central,2025,SP.POP.TOTL,532809933
AFW,Africa Western and Central,2024,SP.POP.TOTL,520655398
AFW,Africa Western and Central,2023,SP.POP.TOTL,508318102
AFW,Africa Western and Central,2022,SP.POP.TOTL,496366058
AFW,Africa Western and Central,2021,SP.POP.TOTL,484978794
AFW,Africa Western and Central,2020,SP.POP.TOTL,473687685
AFW,Africa Western and Central,2019,SP.POP.TOTL,462522286
AFW,Africa Western and Central,2018,SP.POP.TOTL,451395343
AFW,Africa Western and Central,2017,SP.POP.TOTL,440150152
AFW,Africa Western and Central,2016,SP.POP.TOTL,428797338
AFW,Africa Western and Central,2015,SP.POP.TOTL,417536152
AFW,Africa Western and Central,2014,SP.POP.TOTL,406457241
AFW,Africa Western and Central,2013,SP.POP.TOTL,395543613
AFW,Africa Western and Central,2012,SP.POP.TOTL,384913331
AFW,Africa Western and Central,2011,SP.POP.TOTL,374374251
AFW,Africa Western and Central,2010,SP.POP.TOTL,363951468
AFW,Africa Western and Central,2009,SP.POP.TOTL,353922925
AFW,Africa Western and Central,2008,SP.POP.TOTL,344153435
AFW,Africa Western and Central,2007,SP.POP.TOTL,334544275
AFW,Africa Western and Central,2006,SP.POP.TOTL,325222154
AFW,Africa Western and Central,2005,SP.POP.TOTL,316156999
ARB,Arab World,2025,SP.POP.TOTL,503356133
ARB,Arab World,2024,SP.POP.TOTL,492612632
ARB,Arab World,2023,SP.POP.TOTL,482105978
ARB,Arab World,2022,SP.POP.TOTL,471352066
ARB,Arab World,2021,SP.POP.TOTL,460646603
ARB,Arab World,2020,SP.POP.TOTL,453723239
ARB,Arab World,2019,SP.POP.TOTL,444281315
ARB,Arab World,2018,SP.POP.TOTL,435998060
ARB,Arab World,2017,SP.POP.TOTL,428315886
ARB,Arab World,2016,SP.POP.TOTL,419808341
ARB,Arab World,2015,SP.POP.TOTL,410190679
ARB,Arab World,2014,SP.POP.TOTL,400231008
ARB,Arab World,2013,SP.POP.TOTL,390954281
ARB,Arab World,2012,SP.POP.TOTL,381030177
ARB,Arab World,2011,SP.POP.TOTL,372054934
ARB,Arab World,2010,SP.POP.TOTL,363568534
ARB,Arab World,2009,SP.POP.TOTL,356386673
ARB,Arab World,2008,SP.POP.TOTL,347684619
ARB,Arab World,2007,SP.POP.TOTL,338947976
ARB,Arab World,2006,SP.POP.TOTL,330526310
ARB,Arab World,2005,SP.POP.TOTL,322628451
CSS,Caribbean small states,2025,SP.POP.TOTL,4556558
CSS,Caribbean small states,2024,SP.POP.TOTL,4539060
CSS,Caribbean small states,2023,SP.POP.TOTL,4519904
CSS,Caribbean small states,2022,SP.POP.TOTL,4497310
CSS,Caribbean small states,2021,SP.POP.TOTL,4479167
CSS,Caribbean small states,2020,SP.POP.TOTL,4459302
CSS,Caribbean small states,2019,SP.POP.TOTL,4443134
CSS,Caribbean small states,2018,SP.POP.TOTL,4407658
CSS,Caribbean small states,2017,SP.POP.TOTL,4366140
CSS,Caribbean small states,2016,SP.POP.TOTL,4341333
CSS,Caribbean small states,2015,SP.POP.TOTL,4314191
CSS,Caribbean small states,2014,SP.POP.TOTL,4286546
CSS,Caribbean small states,2013,SP.POP.TOTL,4257682
CSS,Caribbean small states,2012,SP.POP.TOTL,4228445
CSS,Caribbean small states,2011,SP.POP.TOTL,4201107
CSS,Caribbean small states,2010,SP.POP.TOTL,4173335
CSS,Caribbean small states,2009,SP.POP.TOTL,4146899
CSS,Caribbean small states,2008,SP.POP.TOTL,4124966
CSS,Caribbean small states,2007,SP.POP.TOTL,4098855
CSS,Caribbean small states,2006,SP.POP.TOTL,4072929
CSS,Caribbean small states,2005,SP.POP.TOTL,4049468
CEB,Central Europe and the Baltics,2025,SP.POP.TOTL,99814596
CEB,Central Europe and the Baltics,2024,SP.POP.TOTL,100061963
CEB,Central Europe and the Baltics,2023,SP.POP.TOTL,100183707
CEB,Central Europe and the Baltics,2022,SP.POP.TOTL,100071871
CEB,Central Europe and the Baltics,2021,SP.POP.TOTL,100205732
CEB,Central Europe and the Baltics,2020,SP.POP.TOTL,101215763
CEB,Central Europe and the Baltics,2019,SP.POP.TOTL,101864274
CEB,Central Europe and the Baltics,2018,SP.POP.TOTL,102074201
CEB,Central Europe and the Baltics,2017,SP.POP.TOTL,102337501
CEB,Central Europe and the Baltics,2016,SP.POP.TOTL,102647939
CEB,Central Europe and the Baltics,2015,SP.POP.TOTL,102973167
CEB,Central Europe and the Baltics,2014,SP.POP.TOTL,103280478
CEB,Central Europe and the Baltics,2013,SP.POP.TOTL,103570062
CEB,Central Europe and the Baltics,2012,SP.POP.TOTL,103929494
CEB,Central Europe and the Baltics,2011,SP.POP.TOTL,104174038
CEB,Central Europe and the Baltics,2010,SP.POP.TOTL,104421447
CEB,Central Europe and the Baltics,2009,SP.POP.TOTL,104800475
CEB,Central Europe and the Baltics,2008,SP.POP.TOTL,105001883
CEB,Central Europe and the Baltics,2007,SP.POP.TOTL,105378748
CEB,Central Europe and the Baltics,2006,SP.POP.TOTL,105772481
CEB,Central Europe and the Baltics,2005,SP.POP.TOTL,106041911
EAR,Early-demographic dividend,2025,SP.POP.TOTL,3592750579
EAR,Early-demographic dividend,2024,SP.POP.TOTL,3552306404
EAR,Early-demographic dividend,2023,SP.POP.TOTL,3511607650
EAR,Early-demographic dividend,2022,SP.POP.TOTL,3470644834
EAR,Early-demographic dividend,2021,SP.POP.TOTL,3432026092
EAR,Early-demographic dividend,2020,SP.POP.TOTL,3396051187
EAR,Early-demographic dividend,2019,SP.POP.TOTL,3355014793
EAR,Early-demographic dividend,2018,SP.POP.TOTL,3314245247
EAR,Early-demographic dividend,2017,SP.POP.TOTL,3274060446
EAR,Early-demographic dividend,2016,SP.POP.TOTL,3233033717
EAR,Early-demographic dividend,2015,SP.POP.TOTL,3190318707
EAR,Early-demographic dividend,2014,SP.POP.TOTL,3146800078
EAR,Early-demographic dividend,2013,SP.POP.TOTL,3103677284
EAR,Early-demographic dividend,2012,SP.POP.TOTL,3058869436
EAR,Early-demographic dividend,2011,SP.POP.TOTL,3013476947
EAR,Early-demographic dividend,2010,SP.POP.TOTL,2967104472
EAR,Early-demographic dividend,2009,SP.POP.TOTL,2921563644
EAR,Early-demographic dividend,2008,SP.POP.TOTL,2875943965
EAR,Early-demographic dividend,2007,SP.POP.TOTL,2830531957
EAR,Early-demographic dividend,2006,SP.POP.TOTL,2784726644
EAR,Early-demographic dividend,2005,SP.POP.TOTL,2738846905
EAS,East Asia & Pacific,2025,SP.POP.TOTL,2390873921
EAS,East Asia & Pacific,2024,SP.POP.TOTL,2388319468
EAS,East Asia & Pacific,2023,SP.POP.TOTL,2384441485
EAS,East Asia & Pacific,2022,SP.POP.TOTL,2379617118
EAS,East Asia & Pacific,2021,SP.POP.TOTL,2375117716
EAS,East Asia & Pacific,2020,SP.POP.TOTL,2369420882
EAS,East Asia & Pacific,2019,SP.POP.TOTL,2359762190
EAS,East Asia & Pacific,2018,SP.POP.TOTL,2347576325
EAS,East Asia & Pacific,2017,SP.POP.TOTL,2333475520
EAS,East Asia & Pacific,2016,SP.POP.TOTL,2317076058
EAS,East Asia & Pacific,2015,SP.POP.TOTL,2300844269
EAS,East Asia & Pacific,2014,SP.POP.TOTL,2284385542
EAS,East Asia & Pacific,2013,SP.POP.TOTL,2267072102
EAS,East Asia & Pacific,2012,SP.POP.TOTL,2249081393
EAS,East Asia & Pacific,2011,SP.POP.TOTL,2230826576
EAS,East Asia & Pacific,2010,SP.POP.TOTL,2214613815
EAS,East Asia & Pacific,2009,SP.POP.TOTL,2199148703
EAS,East Asia & Pacific,2008,SP.POP.TOTL,2183472438
EAS,East Asia & Pacific,2007,SP.POP.TOTL,2167046538
EAS,East Asia & Pacific,2006,SP.POP.TOTL,2150688938
EAS,East Asia & Pacific,2005,SP.POP.TOTL,2134573057
EAP,East Asia & Pacific (excluding high income),2025,SP.POP.TOTL,2143908411
EAP,East Asia & Pacific (excluding high income),2024,SP.POP.TOTL,2141122258
EAP,East Asia & Pacific (excluding high income),2023,SP.POP.TOTL,2137527754
EAP,East Asia & Pacific (excluding high income),2022,SP.POP.TOTL,2133560408
EAP,East Asia & Pacific (excluding high income),2021,SP.POP.TOTL,2128553744
EAP,East Asia & Pacific (excluding high income),2020,SP.POP.TOTL,2121866294
EAP,East Asia & Pacific (excluding high income),2019,SP.POP.TOTL,2112289891
EAP,East Asia & Pacific (excluding high income),2018,SP.POP.TOTL,2100698838
EAP,East Asia & Pacific (excluding high income),2017,SP.POP.TOTL,2087238522
EAP,East Asia & Pacific (excluding high income),2016,SP.POP.TOTL,2071486140
EAP,East Asia & Pacific (excluding high income),2015,SP.POP.TOTL,2056050896
EAP,East Asia & Pacific (excluding high income),2014,SP.POP.TOTL,2040383789
EAP,East Asia & Pacific (excluding high income),2013,SP.POP.TOTL,2023850158
EAP,East Asia & Pacific (excluding high income),2012,SP.POP.TOTL,2006566431
EAP,East Asia & Pacific (excluding high income),2011,SP.POP.TOTL,1989106668
EAP,East Asia & Pacific (excluding high income),2010,SP.POP.TOTL,1973602166
EAP,East Asia & Pacific (excluding high income),2009,SP.POP.TOTL,1959017463
EAP,East Asia & Pacific (excluding high income),2008,SP.POP.TOTL,1944305887
EAP,East Asia & Pacific (excluding high income),2007,SP.POP.TOTL,1929185103
EAP,East Asia & Pacific (excluding high income),2006,SP.POP.TOTL,1914002124
EAP,East Asia & Pacific (excluding high income),2005,SP.POP.TOTL,1898853723
TEA,East Asia & Pacific (IDA & IBRD countries),2025,SP.POP.TOTL,2117367063
TEA,East Asia & Pacific (IDA & IBRD countries),2024,SP.POP.TOTL,2114653077
TEA,East Asia & Pacific (IDA & IBRD countries),2023,SP.POP.TOTL,2111139152
TEA,East Asia & Pacific (IDA & IBRD countries),2022,SP.POP.TOTL,2107261123
TEA,East Asia & Pacific (IDA & IBRD countries),2021,SP.POP.TOTL,2102350702
TEA,East Asia & Pacific (IDA & IBRD countries),2020,SP.POP.TOTL,2095759417
TEA,East Asia & Pacific (IDA & IBRD countries),2019,SP.POP.TOTL,2086281644
TEA,East Asia & Pacific (IDA & IBRD countries),2018,SP.POP.TOTL,2074796982
TEA,East Asia & Pacific (IDA & IBRD countries),2017,SP.POP.TOTL,2061449949
TEA,East Asia & Pacific (IDA & IBRD countries),2016,SP.POP.TOTL,2045816761
TEA,East Asia & Pacific (IDA & IBRD countries),2015,SP.POP.TOTL,2030504270
TEA,East Asia & Pacific (IDA & IBRD countries),2014,SP.POP.TOTL,2014960984
TEA,East Asia & Pacific (IDA & IBRD countries),2013,SP.POP.TOTL,1998548872
TEA,East Asia & Pacific (IDA & IBRD countries),2012,SP.POP.TOTL,1981382735
TEA,East Asia & Pacific (IDA & IBRD countries),2011,SP.POP.TOTL,1964036970
TEA,East Asia & Pacific (IDA & IBRD countries),2010,SP.POP.TOTL,1948643347
TEA,East Asia & Pacific (IDA & IBRD countries),2009,SP.POP.TOTL,1934167856
TEA,East Asia & Pacific (IDA & IBRD countries),2008,SP.POP.TOTL,1919570287
TEA,East Asia & Pacific (IDA & IBRD countries),2007,SP.POP.TOTL,1904568042
TEA,East Asia & Pacific (IDA & IBRD countries),2006,SP.POP.TOTL,1889507244
TEA,East Asia & Pacific (IDA & IBRD countries),2005,SP.POP.TOTL,1874487158
EMU,Euro area,2025,SP.POP.TOTL,358664361
EMU,Euro area,2024,SP.POP.TOTL,357603357
EMU,Euro area,2023,SP.POP.TOTL,356209318
EMU,Euro area,2022,SP.POP.TOTL,354666175
EMU,Euro area,2021,SP.POP.TOTL,353715415
EMU,Euro area,2020,SP.POP.TOTL,353536838
EMU,Euro area,2019,SP.POP.TOTL,353113327
EMU,Euro area,2018,SP.POP.TOTL,352303991
EMU,Euro area,2017,SP.POP.TOTL,351613647
EMU,Euro area,2016,SP.POP.TOTL,351027116
EMU,Euro area,2015,SP.POP.TOTL,350164707
EMU,Euro area,2014,SP.POP.TOTL,349302135
EMU,Euro area,2013,SP.POP.TOTL,348799535
EMU,Euro area,2012,SP.POP.TOTL,348406547
EMU,Euro area,2011,SP.POP.TOTL,347715695
EMU,Euro area,2010,SP.POP.TOTL,348398403
EMU,Euro area,2009,SP.POP.TOTL,347581287
EMU,Euro area,2008,SP.POP.TOTL,346471036
EMU,Euro area,2007,SP.POP.TOTL,344828323
EMU,Euro area,2006,SP.POP.TOTL,343100724
EMU,Euro area,2005,SP.POP.TOTL,341556724
ECS,Europe & Central Asia,2025,SP.POP.TOTL,932525035
ECS,Europe & Central Asia,2024,SP.POP.TOTL,928566925
ECS,Europe & Central Asia,2023,SP.POP.TOTL,924805070
ECS,Europe & Central Asia,2022,SP.POP.TOTL,924267385
ECS,Europe & Central Asia,2021,SP.POP.TOTL,924375980
ECS,Europe & Central Asia,2020,SP.POP.TOTL,923660463
ECS,Europe & Central Asia,2019,SP.POP.TOTL,921929161
ECS,Europe & Central Asia,2018,SP.POP.TOTL,918415818
ECS,Europe & Central Asia,2017,SP.POP.TOTL,915063823
ECS,Europe & Central Asia,2016,SP.POP.TOTL,911578015
ECS,Europe & Central Asia,2015,SP.POP.TOTL,907526485
ECS,Europe & Central Asia,2014,SP.POP.TOTL,903560070
ECS,Europe & Central Asia,2013,SP.POP.TOTL,899906171
ECS,Europe & Central Asia,2012,SP.POP.TOTL,896514509
ECS,Europe & Central Asia,2011,SP.POP.TOTL,893009594
ECS,Europe & Central Asia,2010,SP.POP.TOTL,890990370
ECS,Europe & Central Asia,2009,SP.POP.TOTL,887741127
ECS,Europe & Central Asia,2008,SP.POP.TOTL,884224673
ECS,Europe & Central Asia,2007,SP.POP.TOTL,880656346
ECS,Europe & Central Asia,2006,SP.POP.TOTL,878166933
ECS,Europe & Central Asia,2005,SP.POP.TOTL,875563919
ECA,Europe & Central Asia (excluding high income),2025,SP.POP.TOTL,253280471
ECA,Europe & Central Asia (excluding high income),2024,SP.POP.TOTL,250394482
ECA,Europe & Central Asia (excluding high income),2023,SP.POP.TOTL,248718948
ECA,Europe & Central Asia (excluding high income),2022,SP.POP.TOTL,250514347
ECA,Europe & Central Asia (excluding high income),2021,SP.POP.TOTL,251867727
ECA,Europe & Central Asia (excluding high income),2020,SP.POP.TOTL,250351240
ECA,Europe & Central Asia (excluding high income),2019,SP.POP.TOTL,248576676
ECA,Europe & Central Asia (excluding high income),2018,SP.POP.TOTL,246400484
ECA,Europe & Central Asia (excluding high income),2017,SP.POP.TOTL,244308649
ECA,Europe & Central Asia (excluding high income),2016,SP.POP.TOTL,242224182
ECA,Europe & Central Asia (excluding high income),2015,SP.POP.TOTL,240083379
ECA,Europe & Central Asia (excluding high income),2014,SP.POP.TOTL,237999321
ECA,Europe & Central Asia (excluding high income),2013,SP.POP.TOTL,235905150
ECA,Europe & Central Asia (excluding high income),2012,SP.POP.TOTL,233875199
ECA,Europe & Central Asia (excluding high income),2011,SP.POP.TOTL,231988438
ECA,Europe & Central Asia (excluding high income),2010,SP.POP.TOTL,230106440
ECA,Europe & Central Asia (excluding high income),2009,SP.POP.TOTL,228250911
ECA,Europe & Central Asia (excluding high income),2008,SP.POP.TOTL,226524480
ECA,Europe & Central Asia (excluding high income),2007,SP.POP.TOTL,225016072
ECA,Europe & Central Asia (excluding high income),2006,SP.POP.TOTL,224417513
ECA,Europe & Central Asia (excluding high income),2005,SP.POP.TOTL,223360135
TEC,Europe & Central Asia (IDA & IBRD countries),2025,SP.POP.TOTL,462559433
TEC,Europe & Central Asia (IDA & IBRD countries),2024,SP.POP.TOTL,459982788
TEC,Europe & Central Asia (IDA & IBRD countries),2023,SP.POP.TOTL,458599775
TEC,Europe & Central Asia (IDA & IBRD countries),2022,SP.POP.TOTL,460942269
TEC,Europe & Central Asia (IDA & IBRD countries),2021,SP.POP.TOTL,463104389
TEC,Europe & Central Asia (IDA & IBRD countries),2020,SP.POP.TOTL,462842288
TEC,Europe & Central Asia (IDA & IBRD countries),2019,SP.POP.TOTL,461933206
TEC,Europe & Central Asia (IDA & IBRD countries),2018,SP.POP.TOTL,459946883
TEC,Europe & Central Asia (IDA & IBRD countries),2017,SP.POP.TOTL,458010325
TEC,Europe & Central Asia (IDA & IBRD countries),2016,SP.POP.TOTL,455913002
TEC,Europe & Central Asia (IDA & IBRD countries),2015,SP.POP.TOTL,453662073
TEC,Europe & Central Asia (IDA & IBRD countries),2014,SP.POP.TOTL,451432428
TEC,Europe & Central Asia (IDA & IBRD countries),2013,SP.POP.TOTL,449128604
TEC,Europe & Central Asia (IDA & IBRD countries),2012,SP.POP.TOTL,446941101
TEC,Europe & Central Asia (IDA & IBRD countries),2011,SP.POP.TOTL,444846366
TEC,Europe & Central Asia (IDA & IBRD countries),2010,SP.POP.TOTL,442936599
TEC,Europe & Central Asia (IDA & IBRD countries),2009,SP.POP.TOTL,441304973
TEC,Europe & Central Asia (IDA & IBRD countries),2008,SP.POP.TOTL,439732746
TEC,Europe & Central Asia (IDA & IBRD countries),2007,SP.POP.TOTL,438680283
TEC,Europe & Central Asia (IDA & IBRD countries),2006,SP.POP.TOTL,438714358
TEC,Europe & Central Asia (IDA & IBRD countries),2005,SP.POP.TOTL,438333196
EUU,European Union,2025,SP.POP.TOTL,451127411
EUU,European Union,2024,SP.POP.TOTL,450228188
EUU,European Union,2023,SP.POP.TOTL,448897545
EUU,European Union,2022,SP.POP.TOTL,447203596
EUU,European Union,2021,SP.POP.TOTL,446228281
EUU,European Union,2020,SP.POP.TOTL,446870959
EUU,European Union,2019,SP.POP.TOTL,446910453
EUU,European Union,2018,SP.POP.TOTL,446058453
EUU,European Union,2017,SP.POP.TOTL,445321060
EUU,European Union,2016,SP.POP.TOTL,444676652
EUU,European Union,2015,SP.POP.TOTL,443793218
EUU,European Union,2014,SP.POP.TOTL,442920819
EUU,European Union,2013,SP.POP.TOTL,442425741
EUU,European Union,2012,SP.POP.TOTL,442069839
EUU,European Union,2011,SP.POP.TOTL,441414078
EUU,European Union,2010,SP.POP.TOTL,442088310
EUU,European Union,2009,SP.POP.TOTL,441388573
EUU,European Union,2008,SP.POP.TOTL,440270719
EUU,European Union,2007,SP.POP.TOTL,438796003
EUU,European Union,2006,SP.POP.TOTL,437263803
EUU,European Union,2005,SP.POP.TOTL,435789139
HPC,Heavily indebted poor countries (HIPC),2025,SP.POP.TOTL,965148593
HPC,Heavily indebted poor countries (HIPC),2024,SP.POP.TOTL,940304348
HPC,Heavily indebted poor countries (HIPC),2023,SP.POP.TOTL,916223767
HPC,Heavily indebted poor countries (HIPC),2022,SP.POP.TOTL,892885172
HPC,Heavily indebted poor countries (HIPC),2021,SP.POP.TOTL,869987833
HPC,Heavily indebted poor countries (HIPC),2020,SP.POP.TOTL,846861642
HPC,Heavily indebted poor countries (HIPC),2019,SP.POP.TOTL,823805910
HPC,Heavily indebted poor countries (HIPC),2018,SP.POP.TOTL,801220102
HPC,Heavily indebted poor countries (HIPC),2017,SP.POP.TOTL,778657210
HPC,Heavily indebted poor countries (HIPC),2016,SP.POP.TOTL,756237630
HPC,Heavily indebted poor countries (HIPC),2015,SP.POP.TOTL,734837721
HPC,Heavily indebted poor countries (HIPC),2014,SP.POP.TOTL,714234635
HPC,Heavily indebted poor countries (HIPC),2013,SP.POP.TOTL,694136340
HPC,Heavily indebted poor countries (HIPC),2012,SP.POP.TOTL,674950539
HPC,Heavily indebted poor countries (HIPC),2011,SP.POP.TOTL,656367599
HPC,Heavily indebted poor countries (HIPC),2010,SP.POP.TOTL,638389596
HPC,Heavily indebted poor countries (HIPC),2009,SP.POP.TOTL,620916734
HPC,Heavily indebted poor countries (HIPC),2008,SP.POP.TOTL,603575028
HPC,Heavily indebted poor countries (HIPC),2007,SP.POP.TOTL,586992483
HPC,Heavily indebted poor countries (HIPC),2006,SP.POP.TOTL,571013586
HPC,Heavily indebted poor countries (HIPC),2005,SP.POP.TOTL,554927452
,High income,2025,SP.POP.TOTL,1423739902
,High income,2024,SP.POP.TOTL,1417926222
,High income,2023,SP.POP.TOTL,1408138595
,High income,2022,SP.POP.TOTL,1398027812
,High income,2021,SP.POP.TOTL,1391809845
,High income,2020,SP.POP.TOTL,1393469256
,High income,2019,SP.POP.TOTL,1389767299
,High income,2018,SP.POP.TOTL,1384829843
,High income,2017,SP.POP.TOTL,1380317891
,High income,2016,SP.POP.TOTL,1374283414
,High income,2015,SP.POP.TOTL,1366012613
,High income,2014,SP.POP.TOTL,1357495262
,High income,2013,SP.POP.TOTL,1350148878
,High income,2012,SP.POP.TOTL,1342428399
,High income,2011,SP.POP.TOTL,1334557662
,High income,2010,SP.POP.TOTL,1328657753
,High income,2009,SP.POP.TOTL,1322754051
,High income,2008,SP.POP.TOTL,1314671040
,High income,2007,SP.POP.TOTL,1305578110
,High income,2006,SP.POP.TOTL,1296891494
,High income,2005,SP.POP.TOTL,1289125857
IBD,IBRD only,2025,SP.POP.TOTL,5006926951
IBD,IBRD only,2024,SP.POP.TOTL,4979670326
IBD,IBRD only,2023,SP.POP.TOTL,4952209753
IBD,IBRD only,2022,SP.POP.TOTL,4928196300
IBD,IBRD only,2021,SP.POP.TOTL,4905212516
IBD,IBRD only,2020,SP.POP.TOTL,4878296727
IBD,IBRD only,2019,SP.POP.TOTL,4845075024
IBD,IBRD only,2018,SP.POP.TOTL,4806981820
IBD,IBRD only,2017,SP.POP.TOTL,4765773411
IBD,IBRD only,2016,SP.POP.TOTL,4721566970
IBD,IBRD only,2015,SP.POP.TOTL,4676773551
IBD,IBRD only,2014,SP.POP.TOTL,4630607878
IBD,IBRD only,2013,SP.POP.TOTL,4581958556
IBD,IBRD only,2012,SP.POP.TOTL,4532100585
IBD,IBRD only,2011,SP.POP.TOTL,4483152627
IBD,IBRD only,2010,SP.POP.TOTL,4436714947
IBD,IBRD only,2009,SP.POP.TOTL,4391389527
IBD,IBRD only,2008,SP.POP.TOTL,4346234014
IBD,IBRD only,2007,SP.POP.TOTL,4302067550
IBD,IBRD only,2006,SP.POP.TOTL,4258827055
IBD,IBRD only,2005,SP.POP.TOTL,4214082145
IBT,IDA & IBRD total,2025,SP.POP.TOTL,6993790788
IBT,IDA & IBRD total,2024,SP.POP.TOTL,6925362193
IBT,IDA & IBRD total,2023,SP.POP.TOTL,6857438587
IBT,IDA & IBRD total,2022,SP.POP.TOTL,6793703268
IBT,IDA & IBRD total,2021,SP.POP.TOTL,6731708832
IBT,IDA & IBRD total,2020,SP.POP.TOTL,6665588686
IBT,IDA & IBRD total,2019,SP.POP.TOTL,6593373309
IBT,IDA & IBRD total,2018,SP.POP.TOTL,6517257782
IBT,IDA & IBRD total,2017,SP.POP.TOTL,6439279067
IBT,IDA & IBRD total,2016,SP.POP.TOTL,6359496256
IBT,IDA & IBRD total,2015,SP.POP.TOTL,6280370137
IBT,IDA & IBRD total,2014,SP.POP.TOTL,6201072972
IBT,IDA & IBRD total,2013,SP.POP.TOTL,6119970296
IBT,IDA & IBRD total,2012,SP.POP.TOTL,6038511525
IBT,IDA & IBRD total,2011,SP.POP.TOTL,5956303101
IBT,IDA & IBRD total,2010,SP.POP.TOTL,5876238780
IBT,IDA & IBRD total,2009,SP.POP.TOTL,5797573486
IBT,IDA & IBRD total,2008,SP.POP.TOTL,5719633233
IBT,IDA & IBRD total,2007,SP.POP.TOTL,5643066022
IBT,IDA & IBRD total,2006,SP.POP.TOTL,5567795358
IBT,IDA & IBRD total,2005,SP.POP.TOTL,5492049553
IDB,IDA blend,2025,SP.POP.TOTL,689783382
IDB,IDA blend,2024,SP.POP.TOTL,676957651
IDB,IDA blend,2023,SP.POP.TOTL,664395892
IDB,IDA blend,2022,SP.POP.TOTL,651895919
IDB,IDA blend,2021,SP.POP.TOTL,639196319
IDB,IDA blend,2020,SP.POP.TOTL,626440308
IDB,IDA blend,2019,SP.POP.TOTL,614017319
IDB,IDA blend,2018,SP.POP.TOTL,601951913
IDB,IDA blend,2017,SP.POP.TOTL,590024074
IDB,IDA blend,2016,SP.POP.TOTL,578463670
IDB,IDA blend,2015,SP.POP.TOTL,567234056
IDB,IDA blend,2014,SP.POP.TOTL,555868551
IDB,IDA blend,2013,SP.POP.TOTL,544442648
IDB,IDA blend,2012,SP.POP.TOTL,532980174
IDB,IDA blend,2011,SP.POP.TOTL,520984443
IDB,IDA blend,2010,SP.POP.TOTL,508422508
IDB,IDA blend,2009,SP.POP.TOTL,495610570
IDB,IDA blend,2008,SP.POP.TOTL,482975881
IDB,IDA blend,2007,SP.POP.TOTL,470476526
IDB,IDA blend,2006,SP.POP.TOTL,458394453
IDB,IDA blend,2005,SP.POP.TOTL,447132945
IDX,IDA only,2025,SP.POP.TOTL,1297080455
IDX,IDA only,2024,SP.POP.TOTL,1268734216
IDX,IDA only,2023,SP.POP.TOTL,1240832942
IDX,IDA only,2022,SP.POP.TOTL,1213611049
IDX,IDA only,2021,SP.POP.TOTL,1187299997
IDX,IDA only,2020,SP.POP.TOTL,1160851651
IDX,IDA only,2019,SP.POP.TOTL,1134280966
IDX,IDA only,2018,SP.POP.TOTL,1108324049
IDX,IDA only,2017,SP.POP.TOTL,1083481582
IDX,IDA only,2016,SP.POP.TOTL,1059465616
IDX,IDA only,2015,SP.POP.TOTL,1036362530
IDX,IDA only,2014,SP.POP.TOTL,1014596543
IDX,IDA only,2013,SP.POP.TOTL,993569092
IDX,IDA only,2012,SP.POP.TOTL,973430766
IDX,IDA only,2011,SP.POP.TOTL,952166031
IDX,IDA only,2010,SP.POP.TOTL,931101325
IDX,IDA only,2009,SP.POP.TOTL,910573389
IDX,IDA only,2008,SP.POP.TOTL,890423338
IDX,IDA only,2007,SP.POP.TOTL,870521946
IDX,IDA only,2006,SP.POP.TOTL,850573850
IDX,IDA only,2005,SP.POP.TOTL,830834463
IDA,IDA total,2025,SP.POP.TOTL,1986863837
IDA,IDA total,2024,SP.POP.TOTL,1945691867
IDA,IDA total,2023,SP.POP.TOTL,1905228834
IDA,IDA total,2022,SP.POP.TOTL,1865506968
IDA,IDA total,2021,SP.POP.TOTL,1826496316
IDA,IDA total,2020,SP.POP.TOTL,1787291959
IDA,IDA total,2019,SP.POP.TOTL,1748298285
IDA,IDA total,2018,SP.POP.TOTL,1710275962
IDA,IDA total,2017,SP.POP.TOTL,1673505656
IDA,IDA total,2016,SP.POP.TOTL,1637929286
IDA,IDA total,2015,SP.POP.TOTL,1603596586
IDA,IDA total,2014,SP.POP.TOTL,1570465094
IDA,IDA total,2013,SP.POP.TOTL,1538011740
IDA,IDA total,2012,SP.POP.TOTL,1506410940
IDA,IDA total,2011,SP.POP.TOTL,1473150474
IDA,IDA total,2010,SP.POP.TOTL,1439523833
IDA,IDA total,2009,SP.POP.TOTL,1406183959
IDA,IDA total,2008,SP.POP.TOTL,1373399219
IDA,IDA total,2007,SP.POP.TOTL,1340998472
IDA,IDA total,2006,SP.POP.TOTL,1308968303
IDA,IDA total,2005,SP.POP.TOTL,1277967408
LTE,Late-demographic dividend,2025,SP.POP.TOTL,2330425681
LTE,Late-demographic dividend,2024,SP.POP.TOTL,2328876323
LTE,Late-demographic dividend,2023,SP.POP.TOTL,2326294294
LTE,Late-demographic dividend,2022,SP.POP.TOTL,2323799602
LTE,Late-demographic dividend,2021,SP.POP.TOTL,2320127658
LTE,Late-demographic dividend,2020,SP.POP.TOTL,2316152452
LTE,Late-demographic dividend,2019,SP.POP.TOTL,2308878047
LTE,Late-demographic dividend,2018,SP.POP.TOTL,2298394042
LTE,Late-demographic dividend,2017,SP.POP.TOTL,2285870134
LTE,Late-demographic dividend,2016,SP.POP.TOTL,2270841806
LTE,Late-demographic dividend,2015,SP.POP.TOTL,2256126712
LTE,Late-demographic dividend,2014,SP.POP.TOTL,2241122152
LTE,Late-demographic dividend,2013,SP.POP.TOTL,2225005187
LTE,Late-demographic dividend,2012,SP.POP.TOTL,2209319631
LTE,Late-demographic dividend,2011,SP.POP.TOTL,2193171336
LTE,Late-demographic dividend,2010,SP.POP.TOTL,2179525352
LTE,Late-demographic dividend,2009,SP.POP.TOTL,2167303374
LTE,Late-demographic dividend,2008,SP.POP.TOTL,2153941306
LTE,Late-demographic dividend,2007,SP.POP.TOTL,2139958608
LTE,Late-demographic dividend,2006,SP.POP.TOTL,2126122277
LTE,Late-demographic dividend,2005,SP.POP.TOTL,2112603351
LCN,Latin America & Caribbean,2025,SP.POP.TOTL,666592570
LCN,Latin America & Caribbean,2024,SP.POP.TOTL,662185614
LCN,Latin America & Caribbean,2023,SP.POP.TOTL,657616519
LCN,Latin America & Caribbean,2022,SP.POP.TOTL,653108131
LCN,Latin America & Caribbean,2021,SP.POP.TOTL,649236092
LCN,Latin America & Caribbean,2020,SP.POP.TOTL,645498187
LCN,Latin America & Caribbean,2019,SP.POP.TOTL,640962372
LCN,Latin America & Caribbean,2018,SP.POP.TOTL,635778081
LCN,Latin America & Caribbean,2017,SP.POP.TOTL,630414986
LCN,Latin America & Caribbean,2016,SP.POP.TOTL,624737786
LCN,Latin America & Caribbean,2015,SP.POP.TOTL,618868462
LCN,Latin America & Caribbean,2014,SP.POP.TOTL,612849401
LCN,Latin America & Caribbean,2013,SP.POP.TOTL,606683307
LCN,Latin America & Caribbean,2012,SP.POP.TOTL,600420316
LCN,Latin America & Caribbean,2011,SP.POP.TOTL,594086829
LCN,Latin America & Caribbean,2010,SP.POP.TOTL,587752505
LCN,Latin America & Caribbean,2009,SP.POP.TOTL,581388129
LCN,Latin America & Caribbean,2008,SP.POP.TOTL,574908733
LCN,Latin America & Caribbean,2007,SP.POP.TOTL,568345245
LCN,Latin America & Caribbean,2006,SP.POP.TOTL,561751999
LCN,Latin America & Caribbean,2005,SP.POP.TOTL,555120780
LAC,Latin America & Caribbean (excluding high income),2025,SP.POP.TOTL,626808315
LAC,Latin America & Caribbean (excluding high income),2024,SP.POP.TOTL,622564181
LAC,Latin America & Caribbean (excluding high income),2023,SP.POP.TOTL,618190397
LAC,Latin America & Caribbean (excluding high income),2022,SP.POP.TOTL,613861839
LAC,Latin America & Caribbean (excluding high income),2021,SP.POP.TOTL,610122057
LAC,Latin America & Caribbean (excluding high income),2020,SP.POP.TOTL,606535582
LAC,Latin America & Caribbean (excluding high income),2019,SP.POP.TOTL,602249777
LAC,Latin America & Caribbean (excluding high income),2018,SP.POP.TOTL,597518751
LAC,Latin America & Caribbean (excluding high income),2017,SP.POP.TOTL,592522502
LAC,Latin America & Caribbean (excluding high income),2016,SP.POP.TOTL,587206002
LAC,Latin America & Caribbean (excluding high income),2015,SP.POP.TOTL,581649117
LAC,Latin America & Caribbean (excluding high income),2014,SP.POP.TOTL,575915671
LAC,Latin America & Caribbean (excluding high income),2013,SP.POP.TOTL,570030910
LAC,Latin America & Caribbean (excluding high income),2012,SP.POP.TOTL,564057086
LAC,Latin America & Caribbean (excluding high income),2011,SP.POP.TOTL,558007918
LAC,Latin America & Caribbean (excluding high income),2010,SP.POP.TOTL,551960581
LAC,Latin America & Caribbean (excluding high income),2009,SP.POP.TOTL,545898245
LAC,Latin America & Caribbean (excluding high income),2008,SP.POP.TOTL,539713061
LAC,Latin America & Caribbean (excluding high income),2007,SP.POP.TOTL,533442703
LAC,Latin America & Caribbean (excluding high income),2006,SP.POP.TOTL,527135313
LAC,Latin America & Caribbean (excluding high income),2005,SP.POP.TOTL,520792375
TLA,Latin America & the Caribbean (IDA & IBRD countries),2025,SP.POP.TOTL,651467364
TLA,Latin America & the Caribbean (IDA & IBRD countries),2024,SP.POP.TOTL,647003746
TLA,Latin America & the Caribbean (IDA & IBRD countries),2023,SP.POP.TOTL,642397939
TLA,Latin America & the Caribbean (IDA & IBRD countries),2022,SP.POP.TOTL,637837815
TLA,Latin America & the Caribbean (IDA & IBRD countries),2021,SP.POP.TOTL,633862610
TLA,Latin America & the Caribbean (IDA & IBRD countries),2020,SP.POP.TOTL,630051021
TLA,Latin America & the Caribbean (IDA & IBRD countries),2019,SP.POP.TOTL,625467307
TLA,Latin America & the Caribbean (IDA & IBRD countries),2018,SP.POP.TOTL,620274430
TLA,Latin America & the Caribbean (IDA & IBRD countries),2017,SP.POP.TOTL,614776664
TLA,Latin America & the Caribbean (IDA & IBRD countries),2016,SP.POP.TOTL,609017063
TLA,Latin America & the Caribbean (IDA & IBRD countries),2015,SP.POP.TOTL,603091701
TLA,Latin America & the Caribbean (IDA & IBRD countries),2014,SP.POP.TOTL,597023419
TLA,Latin America & the Caribbean (IDA & IBRD countries),2013,SP.POP.TOTL,590809938
TLA,Latin America & the Caribbean (IDA & IBRD countries),2012,SP.POP.TOTL,584524334
TLA,Latin America & the Caribbean (IDA & IBRD countries),2011,SP.POP.TOTL,578171855
TLA,Latin America & the Caribbean (IDA & IBRD countries),2010,SP.POP.TOTL,571822092
TLA,Latin America & the Caribbean (IDA & IBRD countries),2009,SP.POP.TOTL,565454932
TLA,Latin America & the Caribbean (IDA & IBRD countries),2008,SP.POP.TOTL,558968822
TLA,Latin America & the Caribbean (IDA & IBRD countries),2007,SP.POP.TOTL,552399650
TLA,Latin America & the Caribbean (IDA & IBRD countries),2006,SP.POP.TOTL,545805913
TLA,Latin America & the Caribbean (IDA & IBRD countries),2005,SP.POP.TOTL,539188798
LDC,Least developed countries: UN classification,2025,SP.POP.TOTL,1214167506
LDC,Least developed countries: UN classification,2024,SP.POP.TOTL,1186668913
LDC,Least developed countries: UN classification,2023,SP.POP.TOTL,1159744187
LDC,Least developed countries: UN classification,2022,SP.POP.TOTL,1133564482
LDC,Least developed countries: UN classification,2021,SP.POP.TOTL,1108233065
LDC,Least developed countries: UN classification,2020,SP.POP.TOTL,1082754466
LDC,Least developed countries: UN classification,2019,SP.POP.TOTL,1057170371
LDC,Least developed countries: UN classification,2018,SP.POP.TOTL,1032309742
LDC,Least developed countries: UN classification,2017,SP.POP.TOTL,1008260714
LDC,Least developed countries: UN classification,2016,SP.POP.TOTL,984757534
LDC,Least developed countries: UN classification,2015,SP.POP.TOTL,961916563
LDC,Least developed countries: UN classification,2014,SP.POP.TOTL,939749332
LDC,Least developed countries: UN classification,2013,SP.POP.TOTL,917783039
LDC,Least developed countries: UN classification,2012,SP.POP.TOTL,896237933
LDC,Least developed countries: UN classification,2011,SP.POP.TOTL,875269186
LDC,Least developed countries: UN classification,2010,SP.POP.TOTL,854941316
LDC,Least developed countries: UN classification,2009,SP.POP.TOTL,835266189
LDC,Least developed countries: UN classification,2008,SP.POP.TOTL,815835455
LDC,Least developed countries: UN classification,2007,SP.POP.TOTL,797076099
LDC,Least developed countries: UN classification,2006,SP.POP.TOTL,778789026
LDC,Least developed countries: UN classification,2005,SP.POP.TOTL,760310134
LMY,Low & middle income,2025,SP.POP.TOTL,6791684991
LMY,Low & middle income,2024,SP.POP.TOTL,6722971301
LMY,Low & middle income,2023,SP.POP.TOTL,6654784822
LMY,Low & middle income,2022,SP.POP.TOTL,6590522389
LMY,Low & middle income,2021,SP.POP.TOTL,6527758150
LMY,Low & middle income,2020,SP.POP.TOTL,6460393883
LMY,Low & middle income,2019,SP.POP.TOTL,6387395177
LMY,Low & middle income,2018,SP.POP.TOTL,6311329885
LMY,Low & middle income,2017,SP.POP.TOTL,6233470764
LMY,Low & middle income,2016,SP.POP.TOTL,6153938165
LMY,Low & middle income,2015,SP.POP.TOTL,6075072158
LMY,Low & middle income,2014,SP.POP.TOTL,5996036961
LMY,Low & middle income,2013,SP.POP.TOTL,5915255859
LMY,Low & middle income,2012,SP.POP.TOTL,5834053766
LMY,Low & middle income,2011,SP.POP.TOTL,5752146479
LMY,Low & middle income,2010,SP.POP.TOTL,5672202320
LMY,Low & middle income,2009,SP.POP.TOTL,5593414145
LMY,Low & middle income,2008,SP.POP.TOTL,5515409827
LMY,Low & middle income,2007,SP.POP.TOTL,5438471388
LMY,Low & middle income,2006,SP.POP.TOTL,5362644527
LMY,Low & middle income,2005,SP.POP.TOTL,5286284172
,Low income,2025,SP.POP.TOTL,767490169
,Low income,2024,SP.POP.TOTL,747152629
,Low income,2023,SP.POP.TOTL,727162058
,Low income,2022,SP.POP.TOTL,707776045
,Low income,2021,SP.POP.TOTL,689336827
,Low income,2020,SP.POP.TOTL,670891024
,Low income,2019,SP.POP.TOTL,652255298
,Low income,2018,SP.POP.TOTL,633927417
,Low income,2017,SP.POP.TOTL,616499860
,Low income,2016,SP.POP.TOTL,600009187
,Low income,2015,SP.POP.TOTL,584512207
,Low income,2014,SP.POP.TOTL,570113927
,Low income,2013,SP.POP.TOTL,556241191
,Low income,2012,SP.POP.TOTL,542350920
,Low income,2011,SP.POP.TOTL,527892250
,Low income,2010,SP.POP.TOTL,513321520
,Low income,2009,SP.POP.TOTL,499033157
,Low income,2008,SP.POP.TOTL,485037568
,Low income,2007,SP.POP.TOTL,471363220
,Low income,2006,SP.POP.TOTL,457733823
,Low income,2005,SP.POP.TOTL,444311036
,Lower middle income,2025,SP.POP.TOTL,2945282634
,Lower middle income,2024,SP.POP.TOTL,2907379621
,Lower middle income,2023,SP.POP.TOTL,2869695351
,Lower middle income,2022,SP.POP.TOTL,2832445640
,Lower middle income,2021,SP.POP.TOTL,2797047001
,Lower middle income,2020,SP.POP.TOTL,2761575388
,Lower middle income,2019,SP.POP.TOTL,2724611683
,Lower middle income,2018,SP.POP.TOTL,2687882795
,Lower middle income,2017,SP.POP.TOTL,2650727446
,Lower middle income,2016,SP.POP.TOTL,2612496538
,Lower middle income,2015,SP.POP.TOTL,2573897309
,Lower middle income,2014,SP.POP.TOTL,2535128764
,Lower middle income,2013,SP.POP.TOTL,2495192785
,Lower middle income,2012,SP.POP.TOTL,2454758533
,Lower middle income,2011,SP.POP.TOTL,2414186781
,Lower middle income,2010,SP.POP.TOTL,2373327552
,Lower middle income,2009,SP.POP.TOTL,2332514413
,Lower middle income,2008,SP.POP.TOTL,2292423648
,Lower middle income,2007,SP.POP.TOTL,2252804798
,Lower middle income,2006,SP.POP.TOTL,2213010272
,Lower middle income,2005,SP.POP.TOTL,2173648512
MEA,"Middle East, North Africa, Afghanistan & Pakistan",2025,SP.POP.TOTL,828025185
MEA,"Middle East, North Africa, Afghanistan & Pakistan",2024,SP.POP.TOTL,813173936
MEA,"Middle East, North Africa, Afghanistan & Pakistan",2023,SP.POP.TOTL,797801454
MEA,"Middle East, North Africa, Afghanistan & Pakistan",2022,SP.POP.TOTL,782349366
MEA,"Middle East, North Africa, Afghanistan & Pakistan",2021,SP.POP.TOTL,767578451
MEA,"Middle East, North Africa, Afghanistan & Pakistan",2020,SP.POP.TOTL,756405281
MEA,"Middle East, North Africa, Afghanistan & Pakistan",2019,SP.POP.TOTL,742714463
MEA,"Middle East, North Africa, Afghanistan & Pakistan",2018,SP.POP.TOTL,730362334
MEA,"Middle East, North Africa, Afghanistan & Pakistan",2017,SP.POP.TOTL,718887744
MEA,"Middle East, North Africa, Afghanistan & Pakistan",2016,SP.POP.TOTL,707023525
MEA,"Middle East, North Africa, Afghanistan & Pakistan",2015,SP.POP.TOTL,694232973
MEA,"Middle East, North Africa, Afghanistan & Pakistan",2014,SP.POP.TOTL,680716578
MEA,"Middle East, North Africa, Afghanistan & Pakistan",2013,SP.POP.TOTL,667464006
MEA,"Middle East, North Africa, Afghanistan & Pakistan",2012,SP.POP.TOTL,653273442
MEA,"Middle East, North Africa, Afghanistan & Pakistan",2011,SP.POP.TOTL,639053870
MEA,"Middle East, North Africa, Afghanistan & Pakistan",2010,SP.POP.TOTL,624828664
MEA,"Middle East, North Africa, Afghanistan & Pakistan",2009,SP.POP.TOTL,612128501
MEA,"Middle East, North Africa, Afghanistan & Pakistan",2008,SP.POP.TOTL,597799097
MEA,"Middle East, North Africa, Afghanistan & Pakistan",2007,SP.POP.TOTL,583743828
MEA,"Middle East, North Africa, Afghanistan & Pakistan",2006,SP.POP.TOTL,569898499
MEA,"Middle East, North Africa, Afghanistan & Pakistan",2005,SP.POP.TOTL,556210211
MNA,"Middle East, North Africa, Afghanistan & Pakistan (excluding high income)",2025,SP.POP.TOTL,753903407
MNA,"Middle East, North Africa, Afghanistan & Pakistan (excluding high income)",2024,SP.POP.TOTL,741690916
MNA,"Middle East, North Africa, Afghanistan & Pakistan (excluding high income)",2023,SP.POP.TOTL,729077445
MNA,"Middle East, North Africa, Afghanistan & Pakistan (excluding high income)",2022,SP.POP.TOTL,716508657
MNA,"Middle East, North Africa, Afghanistan & Pakistan (excluding high income)",2021,SP.POP.TOTL,704458802
MNA,"Middle East, North Africa, Afghanistan & Pakistan (excluding high income)",2020,SP.POP.TOTL,692532027
MNA,"Middle East, North Africa, Afghanistan & Pakistan (excluding high income)",2019,SP.POP.TOTL,680490997
MNA,"Middle East, North Africa, Afghanistan & Pakistan (excluding high income)",2018,SP.POP.TOTL,668447432
MNA,"Middle East, North Africa, Afghanistan & Pakistan (excluding high income)",2017,SP.POP.TOTL,656767614
MNA,"Middle East, North Africa, Afghanistan & Pakistan (excluding high income)",2016,SP.POP.TOTL,645837915
MNA,"Middle East, North Africa, Afghanistan & Pakistan (excluding high income)",2015,SP.POP.TOTL,635352686
MNA,"Middle East, North Africa, Afghanistan & Pakistan (excluding high income)",2014,SP.POP.TOTL,624564062
MNA,"Middle East, North Africa, Afghanistan & Pakistan (excluding high income)",2013,SP.POP.TOTL,613151287
MNA,"Middle East, North Africa, Afghanistan & Pakistan (excluding high income)",2012,SP.POP.TOTL,601566988
MNA,"Middle East, North Africa, Afghanistan & Pakistan (excluding high income)",2011,SP.POP.TOTL,589646039
MNA,"Middle East, North Africa, Afghanistan & Pakistan (excluding high income)",2010,SP.POP.TOTL,577396038
MNA,"Middle East, North Africa, Afghanistan & Pakistan (excluding high income)",2009,SP.POP.TOTL,565038251
MNA,"Middle East, North Africa, Afghanistan & Pakistan (excluding high income)",2008,SP.POP.TOTL,552681993
MNA,"Middle East, North Africa, Afghanistan & Pakistan (excluding high income)",2007,SP.POP.TOTL,540838105
MNA,"Middle East, North Africa, Afghanistan & Pakistan (excluding high income)",2006,SP.POP.TOTL,529158464
MNA,"Middle East, North Africa, Afghanistan & Pakistan (excluding high income)",2005,SP.POP.TOTL,517240777
TMN,"Middle East, North Africa, Afghanistan & Pakistan (IDA & IBRD)",2025,SP.POP.TOTL,748489811
TMN,"Middle East, North Africa, Afghanistan & Pakistan (IDA & IBRD)",2024,SP.POP.TOTL,736401764
TMN,"Middle East, North Africa, Afghanistan & Pakistan (IDA & IBRD)",2023,SP.POP.TOTL,723911670
TMN,"Middle East, North Africa, Afghanistan & Pakistan (IDA & IBRD)",2022,SP.POP.TOTL,711465045
TMN,"Middle East, North Africa, Afghanistan & Pakistan (IDA & IBRD)",2021,SP.POP.TOTL,699536053
TMN,"Middle East, North Africa, Afghanistan & Pakistan (IDA & IBRD)",2020,SP.POP.TOTL,687728758
TMN,"Middle East, North Africa, Afghanistan & Pakistan (IDA & IBRD)",2019,SP.POP.TOTL,675805691
TMN,"Middle East, North Africa, Afghanistan & Pakistan (IDA & IBRD)",2018,SP.POP.TOTL,663878345
TMN,"Middle East, North Africa, Afghanistan & Pakistan (IDA & IBRD)",2017,SP.POP.TOTL,652312809
TMN,"Middle East, North Africa, Afghanistan & Pakistan (IDA & IBRD)",2016,SP.POP.TOTL,641470827
TMN,"Middle East, North Africa, Afghanistan & Pakistan (IDA & IBRD)",2015,SP.POP.TOTL,631082594
TMN,"Middle East, North Africa, Afghanistan & Pakistan (IDA & IBRD)",2014,SP.POP.TOTL,620390664
TMN,"Middle East, North Africa, Afghanistan & Pakistan (IDA & IBRD)",2013,SP.POP.TOTL,609074579
TMN,"Middle East, North Africa, Afghanistan & Pakistan (IDA & IBRD)",2012,SP.POP.TOTL,597586990
TMN,"Middle East, North Africa, Afghanistan & Pakistan (IDA & IBRD)",2011,SP.POP.TOTL,585763053
TMN,"Middle East, North Africa, Afghanistan & Pakistan (IDA & IBRD)",2010,SP.POP.TOTL,573609877
TMN,"Middle East, North Africa, Afghanistan & Pakistan (IDA & IBRD)",2009,SP.POP.TOTL,561349152
TMN,"Middle East, North Africa, Afghanistan & Pakistan (IDA & IBRD)",2008,SP.POP.TOTL,549090016
TMN,"Middle East, North Africa, Afghanistan & Pakistan (IDA & IBRD)",2007,SP.POP.TOTL,537343609
TMN,"Middle East, North Africa, Afghanistan & Pakistan (IDA & IBRD)",2006,SP.POP.TOTL,525752130
TMN,"Middle East, North Africa, Afghanistan & Pakistan (IDA & IBRD)",2005,SP.POP.TOTL,513920381
MIC,Middle income,2025,SP.POP.TOTL,6024194822
MIC,Middle income,2024,SP.POP.TOTL,5975818672
MIC,Middle income,2023,SP.POP.TOTL,5927622764
MIC,Middle income,2022,SP.POP.TOTL,5882746344
MIC,Middle income,2021,SP.POP.TOTL,5838421323
MIC,Middle income,2020,SP.POP.TOTL,5789502859
MIC,Middle income,2019,SP.POP.TOTL,5735139879
MIC,Middle income,2018,SP.POP.TOTL,5677402468
MIC,Middle income,2017,SP.POP.TOTL,5616970904
MIC,Middle income,2016,SP.POP.TOTL,5553928978
MIC,Middle income,2015,SP.POP.TOTL,5490559951
MIC,Middle income,2014,SP.POP.TOTL,5425923034
MIC,Middle income,2013,SP.POP.TOTL,5359014668
MIC,Middle income,2012,SP.POP.TOTL,5291702846
MIC,Middle income,2011,SP.POP.TOTL,5224254229
MIC,Middle income,2010,SP.POP.TOTL,5158880800
MIC,Middle income,2009,SP.POP.TOTL,5094380988
MIC,Middle income,2008,SP.POP.TOTL,5030372259
MIC,Middle income,2007,SP.POP.TOTL,4967108168
MIC,Middle income,2006,SP.POP.TOTL,4904910704
MIC,Middle income,2005,SP.POP.TOTL,4841973136
NAC,North America,2025,SP.POP.TOTL,383501065
NAC,North America,2024,SP.POP.TOTL,381330762
NAC,North America,2023,SP.POP.TOTL,376868838
NAC,North America,2022,SP.POP.TOTL,373011185
NAC,North America,2021,SP.POP.TOTL,370404678
NAC,North America,2020,SP.POP.TOTL,369671124
NAC,North America,2019,SP.POP.TOTL,367908829
NAC,North America,2018,SP.POP.TOTL,365666028
NAC,North America,2017,SP.POP.TOTL,363217262
NAC,North America,2016,SP.POP.TOTL,360527592
NAC,North America,2015,SP.POP.TOTL,357583083
NAC,North America,2014,SP.POP.TOTL,354755155
NAC,North America,2013,SP.POP.TOTL,351870848
NAC,North America,2012,SP.POP.TOTL,349116140
NAC,North America,2011,SP.POP.TOTL,346242415
NAC,North America,2010,SP.POP.TOTL,343447854
NAC,North America,2009,SP.POP.TOTL,340465163
NAC,North America,2008,SP.POP.TOTL,337404564
NAC,North America,2007,SP.POP.TOTL,334183103
NAC,North America,2006,SP.POP.TOTL,331013939
NAC,North America,2005,SP.POP.TOTL,327822042
OED,OECD members,2025,SP.POP.TOTL,1402243571
OED,OECD members,2024,SP.POP.TOTL,1396826761
OED,OECD members,2023,SP.POP.TOTL,1387846131
OED,OECD members,2022,SP.POP.TOTL,1378591781
OED,OECD members,2021,SP.POP.TOTL,1371780402
OED,OECD members,2020,SP.POP.TOTL,1369306579
OED,OECD members,2019,SP.POP.TOTL,1364143219
OED,OECD members,2018,SP.POP.TOTL,1356197538
OED,OECD members,2017,SP.POP.TOTL,1348125258
OED,OECD members,2016,SP.POP.TOTL,1340141055
OED,OECD members,2015,SP.POP.TOTL,1331674197
OED,OECD members,2014,SP.POP.TOTL,1323458714
OED,OECD members,2013,SP.POP.TOTL,1315426979
OED,OECD members,2012,SP.POP.TOTL,1307733583
OED,OECD members,2011,SP.POP.TOTL,1299644689
OED,OECD members,2010,SP.POP.TOTL,1292701737
OED,OECD members,2009,SP.POP.TOTL,1283973216
OED,OECD members,2008,SP.POP.TOTL,1274711058
OED,OECD members,2007,SP.POP.TOTL,1264728255
OED,OECD members,2006,SP.POP.TOTL,1255746646
OED,OECD members,2005,SP.POP.TOTL,1246656490
OSS,Other small states,2025,SP.POP.TOTL,13034928
OSS,Other small states,2024,SP.POP.TOTL,12931878
OSS,Other small states,2023,SP.POP.TOTL,12822134
OSS,Other small states,2022,SP.POP.TOTL,12699005
OSS,Other small states,2021,SP.POP.TOTL,12541889
OSS,Other small states,2020,SP.POP.TOTL,12417333
OSS,Other small states,2019,SP.POP.TOTL,12281907
OSS,Other small states,2018,SP.POP.TOTL,12135267
OSS,Other small states,2017,SP.POP.TOTL,11989367
OSS,Other small states,2016,SP.POP.TOTL,11851918
OSS,Other small states,2015,SP.POP.TOTL,11722398
OSS,Other small states,2014,SP.POP.TOTL,11591200
OSS,Other small states,2013,SP.POP.TOTL,11466589
OSS,Other small states,2012,SP.POP.TOTL,11346082
OSS,Other small states,2011,SP.POP.TOTL,11226214
OSS,Other small states,2010,SP.POP.TOTL,11112466
OSS,Other small states,2009,SP.POP.TOTL,10989567
OSS,Other small states,2008,SP.POP.TOTL,10862640
OSS,Other small states,2007,SP.POP.TOTL,10730365
OSS,Other small states,2006,SP.POP.TOTL,10601352
OSS,Other small states,2005,SP.POP.TOTL,10479844
PSS,Pacific island small states,2025,SP.POP.TOTL,2755649
PSS,Pacific island small states,2024,SP.POP.TOTL,2722467
PSS,Pacific island small states,2023,SP.POP.TOTL,2689224
PSS,Pacific island small states,2022,SP.POP.TOTL,2656049
PSS,Pacific island small states,2021,SP.POP.TOTL,2625493
PSS,Pacific island small states,2020,SP.POP.TOTL,2595522
PSS,Pacific island small states,2019,SP.POP.TOTL,2568656
PSS,Pacific island small states,2018,SP.POP.TOTL,2542009
PSS,Pacific island small states,2017,SP.POP.TOTL,2509999
PSS,Pacific island small states,2016,SP.POP.TOTL,2477794
PSS,Pacific island small states,2015,SP.POP.TOTL,2445989
PSS,Pacific island small states,2014,SP.POP.TOTL,2414338
PSS,Pacific island small states,2013,SP.POP.TOTL,2382931
PSS,Pacific island small states,2012,SP.POP.TOTL,2351924
PSS,Pacific island small states,2011,SP.POP.TOTL,2320899
PSS,Pacific island small states,2010,SP.POP.TOTL,2289399
PSS,Pacific island small states,2009,SP.POP.TOTL,2262456
PSS,Pacific island small states,2008,SP.POP.TOTL,2240739
PSS,Pacific island small states,2007,SP.POP.TOTL,2218230
PSS,Pacific island small states,2006,SP.POP.TOTL,2194265
PSS,Pacific island small states,2005,SP.POP.TOTL,2170029
PST,Post-demographic dividend,2025,SP.POP.TOTL,1132621782
PST,Post-demographic dividend,2024,SP.POP.TOTL,1128299339
PST,Post-demographic dividend,2023,SP.POP.TOTL,1121263972
PST,Post-demographic dividend,2022,SP.POP.TOTL,1117420833
PST,Post-demographic dividend,2021,SP.POP.TOTL,1116578102
PST,Post-demographic dividend,2020,SP.POP.TOTL,1117003860
PST,Post-demographic dividend,2019,SP.POP.TOTL,1114895817
PST,Post-demographic dividend,2018,SP.POP.TOTL,1111104033
PST,Post-demographic dividend,2017,SP.POP.TOTL,1107159559
PST,Post-demographic dividend,2016,SP.POP.TOTL,1102965925
PST,Post-demographic dividend,2015,SP.POP.TOTL,1097889139
PST,Post-demographic dividend,2014,SP.POP.TOTL,1093024476
PST,Post-demographic dividend,2013,SP.POP.TOTL,1088423167
PST,Post-demographic dividend,2012,SP.POP.TOTL,1084193277
PST,Post-demographic dividend,2011,SP.POP.TOTL,1079468050
PST,Post-demographic dividend,2010,SP.POP.TOTL,1076208648
PST,Post-demographic dividend,2009,SP.POP.TOTL,1071118156
PST,Post-demographic dividend,2008,SP.POP.TOTL,1065603711
PST,Post-demographic dividend,2007,SP.POP.TOTL,1059147302
PST,Post-demographic dividend,2006,SP.POP.TOTL,1052866351
PST,Post-demographic dividend,2005,SP.POP.TOTL,1047140108
PRE,Pre-demographic dividend,2025,SP.POP.TOTL,1133132223
PRE,Pre-demographic dividend,2024,SP.POP.TOTL,1104843110
PRE,Pre-demographic dividend,2023,SP.POP.TOTL,1077143557
PRE,Pre-demographic dividend,2022,SP.POP.TOTL,1050180429
PRE,Pre-demographic dividend,2021,SP.POP.TOTL,1024018110
PRE,Pre-demographic dividend,2020,SP.POP.TOTL,997742595
PRE,Pre-demographic dividend,2019,SP.POP.TOTL,971459360
PRE,Pre-demographic dividend,2018,SP.POP.TOTL,945516605
PRE,Pre-demographic dividend,2017,SP.POP.TOTL,919835947
PRE,Pre-demographic dividend,2016,SP.POP.TOTL,894582467
PRE,Pre-demographic dividend,2015,SP.POP.TOTL,869996107
PRE,Pre-demographic dividend,2014,SP.POP.TOTL,845885930
PRE,Pre-demographic dividend,2013,SP.POP.TOTL,821651825
PRE,Pre-demographic dividend,2012,SP.POP.TOTL,797555707
PRE,Pre-demographic dividend,2011,SP.POP.TOTL,774151525
PRE,Pre-demographic dividend,2010,SP.POP.TOTL,751639870
PRE,Pre-demographic dividend,2009,SP.POP.TOTL,729873044
PRE,Pre-demographic dividend,2008,SP.POP.TOTL,708363596
PRE,Pre-demographic dividend,2007,SP.POP.TOTL,688282695
PRE,Pre-demographic dividend,2006,SP.POP.TOTL,669788208
PRE,Pre-demographic dividend,2005,SP.POP.TOTL,650889143
SST,Small states,2025,SP.POP.TOTL,20347135
SST,Small states,2024,SP.POP.TOTL,20193405
SST,Small states,2023,SP.POP.TOTL,20031262
SST,Small states,2022,SP.POP.TOTL,19852364
SST,Small states,2021,SP.POP.TOTL,19646549
SST,Small states,2020,SP.POP.TOTL,19472157
SST,Small states,2019,SP.POP.TOTL,19293697
SST,Small states,2018,SP.POP.TOTL,19084934
SST,Small states,2017,SP.POP.TOTL,18865506
SST,Small states,2016,SP.POP.TOTL,18671045
SST,Small states,2015,SP.POP.TOTL,18482578
SST,Small states,2014,SP.POP.TOTL,18292084
SST,Small states,2013,SP.POP.TOTL,18107202
SST,Small states,2012,SP.POP.TOTL,17926451
SST,Small states,2011,SP.POP.TOTL,17748220
SST,Small states,2010,SP.POP.TOTL,17575200
SST,Small states,2009,SP.POP.TOTL,17398922
SST,Small states,2008,SP.POP.TOTL,17228345
SST,Small states,2007,SP.POP.TOTL,17047450
SST,Small states,2006,SP.POP.TOTL,16868546
SST,Small states,2005,SP.POP.TOTL,16699341
SAS,South Asia,2025,SP.POP.TOTL,1692252900
SAS,South Asia,2024,SP.POP.TOTL,1677384532
SAS,South Asia,2023,SP.POP.TOTL,1662580579
SAS,South Asia,2022,SP.POP.TOTL,1648009565
SAS,South Asia,2021,SP.POP.TOTL,1634785356
SAS,South Asia,2020,SP.POP.TOTL,1621073417
SAS,South Asia,2019,SP.POP.TOTL,1605412986
SAS,South Asia,2018,SP.POP.TOTL,1589164714
SAS,South Asia,2017,SP.POP.TOTL,1572520427
SAS,South Asia,2016,SP.POP.TOTL,1555111864
SAS,South Asia,2015,SP.POP.TOTL,1537370078
SAS,South Asia,2014,SP.POP.TOTL,1519839246
SAS,South Asia,2013,SP.POP.TOTL,1501661991
SAS,South Asia,2012,SP.POP.TOTL,1483553073
SAS,South Asia,2011,SP.POP.TOTL,1464372623
SAS,South Asia,2010,SP.POP.TOTL,1444967010
SAS,South Asia,2009,SP.POP.TOTL,1425370200
SAS,South Asia,2008,SP.POP.TOTL,1406047164
SAS,South Asia,2007,SP.POP.TOTL,1386949456
SAS,South Asia,2006,SP.POP.TOTL,1367187349
SAS,South Asia,2005,SP.POP.TOTL,1346886384
TSA,South Asia (IDA & IBRD),2025,SP.POP.TOTL,1692252900
TSA,South Asia (IDA & IBRD),2024,SP.POP.TOTL,1677384532
TSA,South Asia (IDA & IBRD),2023,SP.POP.TOTL,1662580579
TSA,South Asia (IDA & IBRD),2022,SP.POP.TOTL,1648009565
TSA,South Asia (IDA & IBRD),2021,SP.POP.TOTL,1634785356
TSA,South Asia (IDA & IBRD),2020,SP.POP.TOTL,1621073417
TSA,South Asia (IDA & IBRD),2019,SP.POP.TOTL,1605412986
TSA,South Asia (IDA & IBRD),2018,SP.POP.TOTL,1589164714
TSA,South Asia (IDA & IBRD),2017,SP.POP.TOTL,1572520427
TSA,South Asia (IDA & IBRD),2016,SP.POP.TOTL,1555111864
TSA,South Asia (IDA & IBRD),2015,SP.POP.TOTL,1537370078
TSA,South Asia (IDA & IBRD),2014,SP.POP.TOTL,1519839246
TSA,South Asia (IDA & IBRD),2013,SP.POP.TOTL,1501661991
TSA,South Asia (IDA & IBRD),2012,SP.POP.TOTL,1483553073
TSA,South Asia (IDA & IBRD),2011,SP.POP.TOTL,1464372623
TSA,South Asia (IDA & IBRD),2010,SP.POP.TOTL,1444967010
TSA,South Asia (IDA & IBRD),2009,SP.POP.TOTL,1425370200
TSA,South Asia (IDA & IBRD),2008,SP.POP.TOTL,1406047164
TSA,South Asia (IDA & IBRD),2007,SP.POP.TOTL,1386949456
TSA,South Asia (IDA & IBRD),2006,SP.POP.TOTL,1367187349
TSA,South Asia (IDA & IBRD),2005,SP.POP.TOTL,1346886384
SSF,Sub-Saharan Africa,2025,SP.POP.TOTL,1321654217
SSF,Sub-Saharan Africa,2024,SP.POP.TOTL,1289936286
SSF,Sub-Saharan Africa,2023,SP.POP.TOTL,1258809472
SSF,Sub-Saharan Africa,2022,SP.POP.TOTL,1228187451
SSF,Sub-Saharan Africa,2021,SP.POP.TOTL,1198069722
SSF,Sub-Saharan Africa,2020,SP.POP.TOTL,1168133785
SSF,Sub-Saharan Africa,2019,SP.POP.TOTL,1138472475
SSF,Sub-Saharan Africa,2018,SP.POP.TOTL,1109196428
SSF,Sub-Saharan Africa,2017,SP.POP.TOTL,1080208893
SSF,Sub-Saharan Africa,2016,SP.POP.TOTL,1052166739
SSF,Sub-Saharan Africa,2015,SP.POP.TOTL,1024659421
SSF,Sub-Saharan Africa,2014,SP.POP.TOTL,997426231
SSF,Sub-Saharan Africa,2013,SP.POP.TOTL,970746312
SSF,Sub-Saharan Africa,2012,SP.POP.TOTL,944523292
SSF,Sub-Saharan Africa,2011,SP.POP.TOTL,919112234
SSF,Sub-Saharan Africa,2010,SP.POP.TOTL,894259855
SSF,Sub-Saharan Africa,2009,SP.POP.TOTL,869926373
SSF,Sub-Saharan Africa,2008,SP.POP.TOTL,846224198
SSF,Sub-Saharan Africa,2007,SP.POP.TOTL,823124982
SSF,Sub-Saharan Africa,2006,SP.POP.TOTL,800828364
SSF,Sub-Saharan Africa,2005,SP.POP.TOTL,779233636
SSA,Sub-Saharan Africa (excluding high income),2025,SP.POP.TOTL,1321531487
SSA,Sub-Saharan Africa (excluding high income),2024,SP.POP.TOTL,1289814932
SSA,Sub-Saharan Africa (excluding high income),2023,SP.POP.TOTL,1258689699
SSA,Sub-Saharan Africa (excluding high income),2022,SP.POP.TOTL,1228067573
SSA,Sub-Saharan Africa (excluding high income),2021,SP.POP.TOTL,1197970464
SSA,Sub-Saharan Africa (excluding high income),2020,SP.POP.TOTL,1168035323
SSA,Sub-Saharan Africa (excluding high income),2019,SP.POP.TOTL,1138374850
SSA,Sub-Saharan Africa (excluding high income),2018,SP.POP.TOTL,1109099666
SSA,Sub-Saharan Africa (excluding high income),2017,SP.POP.TOTL,1080113050
SSA,Sub-Saharan Africa (excluding high income),2016,SP.POP.TOTL,1052072062
SSA,Sub-Saharan Africa (excluding high income),2015,SP.POP.TOTL,1024566002
SSA,Sub-Saharan Africa (excluding high income),2014,SP.POP.TOTL,997334872
SSA,Sub-Saharan Africa (excluding high income),2013,SP.POP.TOTL,970656363
SSA,Sub-Saharan Africa (excluding high income),2012,SP.POP.TOTL,944434989
SSA,Sub-Saharan Africa (excluding high income),2011,SP.POP.TOTL,919024793
SSA,Sub-Saharan Africa (excluding high income),2010,SP.POP.TOTL,894170085
SSA,Sub-Saharan Africa (excluding high income),2009,SP.POP.TOTL,869839075
SSA,Sub-Saharan Africa (excluding high income),2008,SP.POP.TOTL,846137242
SSA,Sub-Saharan Africa (excluding high income),2007,SP.POP.TOTL,823039949
SSA,Sub-Saharan Africa (excluding high income),2006,SP.POP.TOTL,800743764
SSA,Sub-Saharan Africa (excluding high income),2005,SP.POP.TOTL,779150778
TSS,Sub-Saharan Africa (IDA & IBRD countries),2025,SP.POP.TOTL,1321654217
TSS,Sub-Saharan Africa (IDA & IBRD countries),2024,SP.POP.TOTL,1289936286
TSS,Sub-Saharan Africa (IDA & IBRD countries),2023,SP.POP.TOTL,1258809472
TSS,Sub-Saharan Africa (IDA & IBRD countries),2022,SP.POP.TOTL,1228187451
TSS,Sub-Saharan Africa (IDA & IBRD countries),2021,SP.POP.TOTL,1198069722
TSS,Sub-Saharan Africa (IDA & IBRD countries),2020,SP.POP.TOTL,1168133785
TSS,Sub-Saharan Africa (IDA & IBRD countries),2019,SP.POP.TOTL,1138472475
TSS,Sub-Saharan Africa (IDA & IBRD countries),2018,SP.POP.TOTL,1109196428
TSS,Sub-Saharan Africa (IDA & IBRD countries),2017,SP.POP.TOTL,1080208893
TSS,Sub-Saharan Africa (IDA & IBRD countries),2016,SP.POP.TOTL,1052166739
TSS,Sub-Saharan Africa (IDA & IBRD countries),2015,SP.POP.TOTL,1024659421
TSS,Sub-Saharan Africa (IDA & IBRD countries),2014,SP.POP.TOTL,997426231
TSS,Sub-Saharan Africa (IDA & IBRD countries),2013,SP.POP.TOTL,970746312
TSS,Sub-Saharan Africa (IDA & IBRD countries),2012,SP.POP.TOTL,944523292
TSS,Sub-Saharan Africa (IDA & IBRD countries),2011,SP.POP.TOTL,919112234
TSS,Sub-Saharan Africa (IDA & IBRD countries),2010,SP.POP.TOTL,894259855
TSS,Sub-Saharan Africa (IDA & IBRD countries),2009,SP.POP.TOTL,869926373
TSS,Sub-Saharan Africa (IDA & IBRD countries),2008,SP.POP.TOTL,846224198
TSS,Sub-Saharan Africa (IDA & IBRD countries),2007,SP.POP.TOTL,823124982
TSS,Sub-Saharan Africa (IDA & IBRD countries),2006,SP.POP.TOTL,800828364
TSS,Sub-Saharan Africa (IDA & IBRD countries),2005,SP.POP.TOTL,779233636
,Upper middle income,2025,SP.POP.TOTL,3078912188
,Upper middle income,2024,SP.POP.TOTL,3068439051
,Upper middle income,2023,SP.POP.TOTL,3057927413
,Upper middle income,2022,SP.POP.TOTL,3050300704
,Upper middle income,2021,SP.POP.TOTL,3041374322
,Upper middle income,2020,SP.POP.TOTL,3027927471
,Upper middle income,2019,SP.POP.TOTL,3010528196
,Upper middle income,2018,SP.POP.TOTL,2989519673
,Upper middle income,2017,SP.POP.TOTL,2966243458
,Upper middle income,2016,SP.POP.TOTL,2941432440
,Upper middle income,2015,SP.POP.TOTL,2916662642
,Upper middle income,2014,SP.POP.TOTL,2890794270
,Upper middle income,2013,SP.POP.TOTL,2863821883
,Upper middle income,2012,SP.POP.TOTL,2836944313
,Upper middle income,2011,SP.POP.TOTL,2810067448
,Upper middle income,2010,SP.POP.TOTL,2785553248
,Upper middle income,2009,SP.POP.TOTL,2761866575
,Upper middle income,2008,SP.POP.TOTL,2737948611
,Upper middle income,2007,SP.POP.TOTL,2714303370
,Upper middle income,2006,SP.POP.TOTL,2691900432
,Upper middle income,2005,SP.POP.TOTL,2668324624
WLD,World,2025,SP.POP.TOTL,8215424893
WLD,World,2024,SP.POP.TOTL,8140897523
WLD,World,2023,SP.POP.TOTL,8062923417
WLD,World,2022,SP.POP.TOTL,7988550201
WLD,World,2021,SP.POP.TOTL,7919567995
WLD,World,2020,SP.POP.TOTL,7853863139
WLD,World,2019,SP.POP.TOTL,7777162476
WLD,World,2018,SP.POP.TOTL,7696159728
WLD,World,2017,SP.POP.TOTL,7613788655
WLD,World,2016,SP.POP.TOTL,7528221579
WLD,World,2015,SP.POP.TOTL,7441084771
WLD,World,2014,SP.POP.TOTL,7353532223
WLD,World,2013,SP.POP.TOTL,7265404737
WLD,World,2012,SP.POP.TOTL,7176482165
WLD,World,2011,SP.POP.TOTL,7086704141
WLD,World,2010,SP.POP.TOTL,7000860073
WLD,World,2009,SP.POP.TOTL,6916168196
WLD,World,2008,SP.POP.TOTL,6830080867
WLD,World,2007,SP.POP.TOTL,6744049498
WLD,World,2006,SP.POP.TOTL,6659536021
WLD,World,2005,SP.POP.TOTL,6575410029
AFG,Afghanistan,2025,SP.POP.TOTL,43844111
AFG,Afghanistan,2024,SP.POP.TOTL,42647492
AFG,Afghanistan,2023,SP.POP.TOTL,41454761
AFG,Afghanistan,2022,SP.POP.TOTL,40578842
AFG,Afghanistan,2021,SP.POP.TOTL,40000412
AFG,Afghanistan,2020,SP.POP.TOTL,39068979
AFG,Afghanistan,2019,SP.POP.TOTL,37856121
AFG,Afghanistan,2018,SP.POP.TOTL,36743039
AFG,Afghanistan,2017,SP.POP.TOTL,35688935
AFG,Afghanistan,2016,SP.POP.TOTL,34700612
AFG,Afghanistan,2015,SP.POP.TOTL,33831764
AFG,Afghanistan,2014,SP.POP.TOTL,32792523
AFG,Afghanistan,2013,SP.POP.TOTL,31622704
AFG,Afghanistan,2012,SP.POP.TOTL,30560034
AFG,Afghanistan,2011,SP.POP.TOTL,29347708
AFG,Afghanistan,2010,SP.POP.TOTL,28284089
AFG,Afghanistan,2009,SP.POP.TOTL,27466101
AFG,Afghanistan,2008,SP.POP.TOTL,26482622
AFG,Afghanistan,2007,SP.POP.TOTL,25909852
AFG,Afghanistan,2006,SP.POP.TOTL,25424094
AFG,Afghanistan,2005,SP.POP.TOTL,24404567
ALB,Albania,2025,SP.POP.TOTL,2349580
ALB,Albania,2024,SP.POP.TOTL,2377128
ALB,Albania,2023,SP.POP.TOTL,2411658
ALB,Albania,2022,SP.POP.TOTL,2451636
ALB,Albania,2021,SP.POP.TOTL,2489762
ALB,Albania,2020,SP.POP.TOTL,2528480
ALB,Albania,2019,SP.POP.TOTL,2567801
ALB,Albania,2018,SP.POP.TOTL,2607733
ALB,Albania,2017,SP.POP.TOTL,2648285
ALB,Albania,2016,SP.POP.TOTL,2689469
ALB,Albania,2015,SP.POP.TOTL,2731293
ALB,Albania,2014,SP.POP.TOTL,2773767
ALB,Albania,2013,SP.POP.TOTL,2816902
ALB,Albania,2012,SP.POP.TOTL,2860708
ALB,Albania,2011,SP.POP.TOTL,2905195
ALB,Albania,2010,SP.POP.TOTL,2913021
ALB,Albania,2009,SP.POP.TOTL,2927519
ALB,Albania,2008,SP.POP.TOTL,2947314
ALB,Albania,2007,SP.POP.TOTL,2970017
ALB,Albania,2006,SP.POP.TOTL,2992547
ALB,Albania,2005,SP.POP.TOTL,3011487
DZA,Algeria,2025,SP.POP.TOTL,47435312
DZA,Algeria,2024,SP.POP.TOTL,46814308
DZA,Algeria,2023,SP.POP.TOTL,46164219
DZA,Algeria,2022,SP.POP.TOTL,45477389
DZA,Algeria,2021,SP.POP.TOTL,44761099
DZA,Algeria,2020,SP.POP.TOTL,44042091
DZA,Algeria,2019,SP.POP.TOTL,43294546
DZA,Algeria,2018,SP.POP.TOTL,42505035
DZA,Algeria,2017,SP.POP.TOTL,41689299
DZA,Algeria,2016,SP.POP.TOTL,40850721
DZA,Algeria,2015,SP.POP.TOTL,40019529
DZA,Algeria,2014,SP.POP.TOTL,39205031
DZA,Algeria,2013,SP.POP.TOTL,38414171
DZA,Algeria,2012,SP.POP.TOTL,37646166
DZA,Algeria,2011,SP.POP.TOTL,36903376
DZA,Algeria,2010,SP.POP.TOTL,36188236
DZA,Algeria,2009,SP.POP.TOTL,35490445
DZA,Algeria,2008,SP.POP.TOTL,34816961
DZA,Algeria,2007,SP.POP.TOTL,34189416
DZA,Algeria,2006,SP.POP.TOTL,33623506
DZA,Algeria,2005,SP.POP.TOTL,33109249
ASM,American Samoa,2025,SP.POP.TOTL,46029
ASM,American Samoa,2024,SP.POP.TOTL,46765
ASM,American Samoa,2023,SP.POP.TOTL,47521
ASM,American Samoa,2022,SP.POP.TOTL,48342
ASM,American Samoa,2021,SP.POP.TOTL,49225
ASM,American Samoa,2020,SP.POP.TOTL,49761
ASM,American Samoa,2019,SP.POP.TOTL,50209
ASM,American Samoa,2018,SP.POP.TOTL,50908
ASM,American Samoa,2017,SP.POP.TOTL,51586
ASM,American Samoa,2016,SP.POP.TOTL,52245
ASM,American Samoa,2015,SP.POP.TOTL,52878
ASM,American Samoa,2014,SP.POP.TOTL,53466
ASM,American Samoa,2013,SP.POP.TOTL,54006
ASM,American Samoa,2012,SP.POP.TOTL,54489
ASM,American Samoa,2011,SP.POP.TOTL,54895
ASM,American Samoa,2010,SP.POP.TOTL,55228
ASM,American Samoa,2009,SP.POP.TOTL,55528
ASM,American Samoa,2008,SP.POP.TOTL,55828
ASM,American Samoa,2007,SP.POP.TOTL,56113
ASM,American Samoa,2006,SP.POP.TOTL,56374
ASM,American Samoa,2005,SP.POP.TOTL,56617
AND,Andorra,2025,SP.POP.TOTL,82904
AND,Andorra,2024,SP.POP.TOTL,81938
AND,Andorra,2023,SP.POP.TOTL,80856
AND,Andorra,2022,SP.POP.TOTL,79705
AND,Andorra,2021,SP.POP.TOTL,78364
AND,Andorra,2020,SP.POP.TOTL,77380
AND,Andorra,2019,SP.POP.TOTL,76474
AND,Andorra,2018,SP.POP.TOTL,75162
AND,Andorra,2017,SP.POP.TOTL,73763
AND,Andorra,2016,SP.POP.TOTL,72181
AND,Andorra,2015,SP.POP.TOTL,72174
AND,Andorra,2014,SP.POP.TOTL,73737
AND,Andorra,2013,SP.POP.TOTL,75194
AND,Andorra,2012,SP.POP.TOTL,76834
AND,Andorra,2011,SP.POP.TOTL,77783
AND,Andorra,2010,SP.POP.TOTL,80706
AND,Andorra,2009,SP.POP.TOTL,83888
AND,Andorra,2008,SP.POP.TOTL,83495
AND,Andorra,2007,SP.POP.TOTL,81877
AND,Andorra,2006,SP.POP.TOTL,79585
AND,Andorra,2005,SP.POP.TOTL,77421
AGO,Angola,2025,SP.POP.TOTL,39040039
AGO,Angola,2024,SP.POP.TOTL,37885849
AGO,Angola,2023,SP.POP.TOTL,36749906
AGO,Angola,2022,SP.POP.TOTL,35635029
AGO,Angola,2021,SP.POP.TOTL,34532429
AGO,Angola,2020,SP.POP.TOTL,33451132
AGO,Angola,2019,SP.POP.TOTL,32375632
AGO,Angola,2018,SP.POP.TOTL,31297155
AGO,Angola,2017,SP.POP.TOTL,30234839
AGO,Angola,2016,SP.POP.TOTL,29183070
AGO,Angola,2015,SP.POP.TOTL,28157798
AGO,Angola,2014,SP.POP.TOTL,27160769
AGO,Angola,2013,SP.POP.TOTL,26165620
AGO,Angola,2012,SP.POP.TOTL,25177394
AGO,Angola,2011,SP.POP.TOTL,24218352
AGO,Angola,2010,SP.POP.TOTL,23294825
AGO,Angola,2009,SP.POP.TOTL,22414773
AGO,Angola,2008,SP.POP.TOTL,21578655
AGO,Angola,2007,SP.POP.TOTL,20778561
AGO,Angola,2006,SP.POP.TOTL,20015279
AGO,Angola,2005,SP.POP.TOTL,19291161
ATG,Antigua and Barbuda,2025,SP.POP.TOTL,94209
ATG,Antigua and Barbuda,2024,SP.POP.TOTL,93772
ATG,Antigua and Barbuda,2023,SP.POP.TOTL,93316
ATG,Antigua and Barbuda,2022,SP.POP.TOTL,92840
ATG,Antigua and Barbuda,2021,SP.POP.TOTL,92349
ATG,Antigua and Barbuda,2020,SP.POP.TOTL,91846
ATG,Antigua and Barbuda,2019,SP.POP.TOTL,91364
ATG,Antigua and Barbuda,2018,SP.POP.TOTL,90926
ATG,Antigua and Barbuda,2017,SP.POP.TOTL,90468
ATG,Antigua and Barbuda,2016,SP.POP.TOTL,89969
ATG,Antigua and Barbuda,2015,SP.POP.TOTL,89409
ATG,Antigua and Barbuda,2014,SP.POP.TOTL,88765
ATG,Antigua and Barbuda,2013,SP.POP.TOTL,88064
ATG,Antigua and Barbuda,2012,SP.POP.TOTL,87260
ATG,Antigua and Barbuda,2011,SP.POP.TOTL,86332
ATG,Antigua and Barbuda,2010,SP.POP.TOTL,85320
ATG,Antigua and Barbuda,2009,SP.POP.TOTL,84173
ATG,Antigua and Barbuda,2008,SP.POP.TOTL,82912
ATG,Antigua and Barbuda,2007,SP.POP.TOTL,81704
ATG,Antigua and Barbuda,2006,SP.POP.TOTL,80604
ATG,Antigua and Barbuda,2005,SP.POP.TOTL,79611
ARG,Argentina,2025,SP.POP.TOTL,45851378
ARG,Argentina,2024,SP.POP.TOTL,45696159
ARG,Argentina,2023,SP.POP.TOTL,45538401
ARG,Argentina,2022,SP.POP.TOTL,45407904
ARG,Argentina,2021,SP.POP.TOTL,45312281
ARG,Argentina,2020,SP.POP.TOTL,45191965
ARG,Argentina,2019,SP.POP.TOTL,44973465
ARG,Argentina,2018,SP.POP.TOTL,44654882
ARG,Argentina,2017,SP.POP.TOTL,44288894
ARG,Argentina,2016,SP.POP.TOTL,43900313
ARG,Argentina,2015,SP.POP.TOTL,43477012
ARG,Argentina,2014,SP.POP.TOTL,43024071
ARG,Argentina,2013,SP.POP.TOTL,42582455
ARG,Argentina,2012,SP.POP.TOTL,42161721
ARG,Argentina,2011,SP.POP.TOTL,41730660
ARG,Argentina,2010,SP.POP.TOTL,41288694
ARG,Argentina,2009,SP.POP.TOTL,40854831
ARG,Argentina,2008,SP.POP.TOTL,40424148
ARG,Argentina,2007,SP.POP.TOTL,40016763
ARG,Argentina,2006,SP.POP.TOTL,39622115
ARG,Argentina,2005,SP.POP.TOTL,39216789
ARM,Armenia,2025,SP.POP.TOTL,3086700
ARM,Armenia,2024,SP.POP.TOTL,3033500
ARM,Armenia,2023,SP.POP.TOTL,2964300
ARM,Armenia,2022,SP.POP.TOTL,2969200
ARM,Armenia,2021,SP.POP.TOTL,2962300
ARM,Armenia,2020,SP.POP.TOTL,2961500
ARM,Armenia,2019,SP.POP.TOTL,2962500
ARM,Armenia,2018,SP.POP.TOTL,2969000
ARM,Armenia,2017,SP.POP.TOTL,2979400
ARM,Armenia,2016,SP.POP.TOTL,2992300
ARM,Armenia,2015,SP.POP.TOTL,3004600
ARM,Armenia,2014,SP.POP.TOTL,3013800
ARM,Armenia,2013,SP.POP.TOTL,3022000
ARM,Armenia,2012,SP.POP.TOTL,3024100
ARM,Armenia,2011,SP.POP.TOTL,3027900
ARM,Armenia,2010,SP.POP.TOTL,3044800
ARM,Armenia,2009,SP.POP.TOTL,3066000
ARM,Armenia,2008,SP.POP.TOTL,3087100
ARM,Armenia,2007,SP.POP.TOTL,3107400
ARM,Armenia,2006,SP.POP.TOTL,3127100
ARM,Armenia,2005,SP.POP.TOTL,3146400
ABW,Aruba,2025,SP.POP.TOTL,108785
ABW,Aruba,2024,SP.POP.TOTL,107995
ABW,Aruba,2023,SP.POP.TOTL,107359
ABW,Aruba,2022,SP.POP.TOTL,107310
ABW,Aruba,2021,SP.POP.TOTL,107700
ABW,Aruba,2020,SP.POP.TOTL,108587
ABW,Aruba,2019,SP.POP.TOTL,109203
ABW,Aruba,2018,SP.POP.TOTL,108908
ABW,Aruba,2017,SP.POP.TOTL,108735
ABW,Aruba,2016,SP.POP.TOTL,108727
ABW,Aruba,2015,SP.POP.TOTL,107906
ABW,Aruba,2014,SP.POP.TOTL,106807
ABW,Aruba,2013,SP.POP.TOTL,105675
ABW,Aruba,2012,SP.POP.TOTL,104110
ABW,Aruba,2011,SP.POP.TOTL,102591
ABW,Aruba,2010,SP.POP.TOTL,101838
ABW,Aruba,2009,SP.POP.TOTL,101604
ABW,Aruba,2008,SP.POP.TOTL,100917
ABW,Aruba,2007,SP.POP.TOTL,100150
ABW,Aruba,2006,SP.POP.TOTL,99405
ABW,Aruba,2005,SP.POP.TOTL,97635
AUS,Australia,2025,SP.POP.TOTL,27614411
AUS,Australia,2024,SP.POP.TOTL,27194286
AUS,Australia,2023,SP.POP.TOTL,26659922
AUS,Australia,2022,SP.POP.TOTL,26018721
AUS,Australia,2021,SP.POP.TOTL,25685412
AUS,Australia,2020,SP.POP.TOTL,25649248
AUS,Australia,2019,SP.POP.TOTL,25334826
AUS,Australia,2018,SP.POP.TOTL,24963258
AUS,Australia,2017,SP.POP.TOTL,24592588
AUS,Australia,2016,SP.POP.TOTL,24190907
AUS,Australia,2015,SP.POP.TOTL,23815995
AUS,Australia,2014,SP.POP.TOTL,23475686
AUS,Australia,2013,SP.POP.TOTL,23128129
AUS,Australia,2012,SP.POP.TOTL,22733465
AUS,Australia,2011,SP.POP.TOTL,22340024
AUS,Australia,2010,SP.POP.TOTL,22031750
AUS,Australia,2009,SP.POP.TOTL,21691653
AUS,Australia,2008,SP.POP.TOTL,21249199
AUS,Australia,2007,SP.POP.TOTL,20827622
AUS,Australia,2006,SP.POP.TOTL,20450966
AUS,Australia,2005,SP.POP.TOTL,20176844
AUT,Austria,2025,SP.POP.TOTL,9208163
AUT,Austria,2024,SP.POP.TOTL,9177982
AUT,Austria,2023,SP.POP.TOTL,9131761
AUT,Austria,2022,SP.POP.TOTL,9041851
AUT,Austria,2021,SP.POP.TOTL,8955797
AUT,Austria,2020,SP.POP.TOTL,8916864
AUT,Austria,2019,SP.POP.TOTL,8879920
AUT,Austria,2018,SP.POP.TOTL,8840521
AUT,Austria,2017,SP.POP.TOTL,8797566
AUT,Austria,2016,SP.POP.TOTL,8736668
AUT,Austria,2015,SP.POP.TOTL,8642699
AUT,Austria,2014,SP.POP.TOTL,8546356
AUT,Austria,2013,SP.POP.TOTL,8479823
AUT,Austria,2012,SP.POP.TOTL,8429991
AUT,Austria,2011,SP.POP.TOTL,8391643
AUT,Austria,2010,SP.POP.TOTL,8363404
AUT,Austria,2009,SP.POP.TOTL,8343323
AUT,Austria,2008,SP.POP.TOTL,8321496
AUT,Austria,2007,SP.POP.TOTL,8295487
AUT,Austria,2006,SP.POP.TOTL,8268641
AUT,Austria,2005,SP.POP.TOTL,8227829
AZE,Azerbaijan,2025,SP.POP.TOTL,10246996
AZE,Azerbaijan,2024,SP.POP.TOTL,10202830
AZE,Azerbaijan,2023,SP.POP.TOTL,10153958
AZE,Azerbaijan,2022,SP.POP.TOTL,10141756
AZE,Azerbaijan,2021,SP.POP.TOTL,10137750
AZE,Azerbaijan,2020,SP.POP.TOTL,10093121
AZE,Azerbaijan,2019,SP.POP.TOTL,10024283
AZE,Azerbaijan,2018,SP.POP.TOTL,9939771
AZE,Azerbaijan,2017,SP.POP.TOTL,9854033
AZE,Azerbaijan,2016,SP.POP.TOTL,9757812
AZE,Azerbaijan,2015,SP.POP.TOTL,9649341
AZE,Azerbaijan,2014,SP.POP.TOTL,9535079
AZE,Azerbaijan,2013,SP.POP.TOTL,9416801
AZE,Azerbaijan,2012,SP.POP.TOTL,9295784
AZE,Azerbaijan,2011,SP.POP.TOTL,9173082
AZE,Azerbaijan,2010,SP.POP.TOTL,9054332
AZE,Azerbaijan,2009,SP.POP.TOTL,8947243
AZE,Azerbaijan,2008,SP.POP.TOTL,8763400
AZE,Azerbaijan,2007,SP.POP.TOTL,8581300
AZE,Azerbaijan,2006,SP.POP.TOTL,8484550
AZE,Azerbaijan,2005,SP.POP.TOTL,8391850
BHS,"Bahamas, The",2025,SP.POP.TOTL,403033
BHS,"Bahamas, The",2024,SP.POP.TOTL,401283
BHS,"Bahamas, The",2023,SP.POP.TOTL,399440
BHS,"Bahamas, The",2022,SP.POP.TOTL,397538
BHS,"Bahamas, The",2021,SP.POP.TOTL,396373
BHS,"Bahamas, The",2020,SP.POP.TOTL,395863
BHS,"Bahamas, The",2019,SP.POP.TOTL,394675
BHS,"Bahamas, The",2018,SP.POP.TOTL,392717
BHS,"Bahamas, The",2017,SP.POP.TOTL,390485
BHS,"Bahamas, The",2016,SP.POP.TOTL,388055
BHS,"Bahamas, The",2015,SP.POP.TOTL,385346
BHS,"Bahamas, The",2014,SP.POP.TOTL,382298
BHS,"Bahamas, The",2013,SP.POP.TOTL,378953
BHS,"Bahamas, The",2012,SP.POP.TOTL,375469
BHS,"Bahamas, The",2011,SP.POP.TOTL,371729
BHS,"Bahamas, The",2010,SP.POP.TOTL,367478
BHS,"Bahamas, The",2009,SP.POP.TOTL,362810
BHS,"Bahamas, The",2008,SP.POP.TOTL,358120
BHS,"Bahamas, The",2007,SP.POP.TOTL,353334
BHS,"Bahamas, The",2006,SP.POP.TOTL,348375
BHS,"Bahamas, The",2005,SP.POP.TOTL,343894
BHR,Bahrain,2025,SP.POP.TOTL,1600366
BHR,Bahrain,2024,SP.POP.TOTL,1588670
BHR,Bahrain,2023,SP.POP.TOTL,1577059
BHR,Bahrain,2022,SP.POP.TOTL,1524693
BHR,Bahrain,2021,SP.POP.TOTL,1504365
BHR,Bahrain,2020,SP.POP.TOTL,1472204
BHR,Bahrain,2019,SP.POP.TOTL,1483756
BHR,Bahrain,2018,SP.POP.TOTL,1503091
BHR,Bahrain,2017,SP.POP.TOTL,1501116
BHR,Bahrain,2016,SP.POP.TOTL,1423726
BHR,Bahrain,2015,SP.POP.TOTL,1370322
BHR,Bahrain,2014,SP.POP.TOTL,1314562
BHR,Bahrain,2013,SP.POP.TOTL,1253191
BHR,Bahrain,2012,SP.POP.TOTL,1208964
BHR,Bahrain,2011,SP.POP.TOTL,1195020
BHR,Bahrain,2010,SP.POP.TOTL,1228543
BHR,Bahrain,2009,SP.POP.TOTL,1178415
BHR,Bahrain,2008,SP.POP.TOTL,1103496
BHR,Bahrain,2007,SP.POP.TOTL,1039295
BHR,Bahrain,2006,SP.POP.TOTL,960424
BHR,Bahrain,2005,SP.POP.TOTL,888822
BGD,Bangladesh,2025,SP.POP.TOTL,175686899
BGD,Bangladesh,2024,SP.POP.TOTL,173562364
BGD,Bangladesh,2023,SP.POP.TOTL,171466990
BGD,Bangladesh,2022,SP.POP.TOTL,169384897
BGD,Bangladesh,2021,SP.POP.TOTL,167658854
BGD,Bangladesh,2020,SP.POP.TOTL,166298024
BGD,Bangladesh,2019,SP.POP.TOTL,164913055
BGD,Bangladesh,2018,SP.POP.TOTL,163523103
BGD,Bangladesh,2017,SP.POP.TOTL,162186147
BGD,Bangladesh,2016,SP.POP.TOTL,160811932
BGD,Bangladesh,2015,SP.POP.TOTL,159383179
BGD,Bangladesh,2014,SP.POP.TOTL,157964929
BGD,Bangladesh,2013,SP.POP.TOTL,156532141
BGD,Bangladesh,2012,SP.POP.TOTL,155070101
BGD,Bangladesh,2011,SP.POP.TOTL,153591076
BGD,Bangladesh,2010,SP.POP.TOTL,152201981
BGD,Bangladesh,2009,SP.POP.TOTL,150873714
BGD,Bangladesh,2008,SP.POP.TOTL,149474264
BGD,Bangladesh,2007,SP.POP.TOTL,147989278
BGD,Bangladesh,2006,SP.POP.TOTL,146405973
BGD,Bangladesh,2005,SP.POP.TOTL,144715786
BRB,Barbados,2025,SP.POP.TOTL,282623
BRB,Barbados,2024,SP.POP.TOTL,282467
BRB,Barbados,2023,SP.POP.TOTL,282336
BRB,Barbados,2022,SP.POP.TOTL,282318
BRB,Barbados,2021,SP.POP.TOTL,282147
BRB,Barbados,2020,SP.POP.TOTL,281698
BRB,Barbados,2019,SP.POP.TOTL,281207
BRB,Barbados,2018,SP.POP.TOTL,280711
BRB,Barbados,2017,SP.POP.TOTL,280171
BRB,Barbados,2016,SP.POP.TOTL,279598
BRB,Barbados,2015,SP.POP.TOTL,278990
BRB,Barbados,2014,SP.POP.TOTL,278348
BRB,Barbados,2013,SP.POP.TOTL,277665
BRB,Barbados,2012,SP.POP.TOTL,276938
BRB,Barbados,2011,SP.POP.TOTL,276139
BRB,Barbados,2010,SP.POP.TOTL,275243
BRB,Barbados,2009,SP.POP.TOTL,274123
BRB,Barbados,2008,SP.POP.TOTL,272714
BRB,Barbados,2007,SP.POP.TOTL,271288
BRB,Barbados,2006,SP.POP.TOTL,270002
BRB,Barbados,2005,SP.POP.TOTL,268706
BLR,Belarus,2025,SP.POP.TOTL,9085991
BLR,Belarus,2024,SP.POP.TOTL,9132629
BLR,Belarus,2023,SP.POP.TOTL,9178298
BLR,Belarus,2022,SP.POP.TOTL,9228071
BLR,Belarus,2021,SP.POP.TOTL,9302585
BLR,Belarus,2020,SP.POP.TOTL,9379952
BLR,Belarus,2019,SP.POP.TOTL,9419758
BLR,Belarus,2018,SP.POP.TOTL,9438785
BLR,Belarus,2017,SP.POP.TOTL,9458989
BLR,Belarus,2016,SP.POP.TOTL,9469379
BLR,Belarus,2015,SP.POP.TOTL,9461076
BLR,Belarus,2014,SP.POP.TOTL,9448515
BLR,Belarus,2013,SP.POP.TOTL,9443211
BLR,Belarus,2012,SP.POP.TOTL,9446836
BLR,Belarus,2011,SP.POP.TOTL,9461643
BLR,Belarus,2010,SP.POP.TOTL,9483836
BLR,Belarus,2009,SP.POP.TOTL,9504583
BLR,Belarus,2008,SP.POP.TOTL,9527985
BLR,Belarus,2007,SP.POP.TOTL,9560953
BLR,Belarus,2006,SP.POP.TOTL,9604924
BLR,Belarus,2005,SP.POP.TOTL,9663915
BEL,Belgium,2025,SP.POP.TOTL,11941781
BEL,Belgium,2024,SP.POP.TOTL,11858610
BEL,Belgium,2023,SP.POP.TOTL,11779946
BEL,Belgium,2022,SP.POP.TOTL,11680210
BEL,Belgium,2021,SP.POP.TOTL,11586195
BEL,Belgium,2020,SP.POP.TOTL,11538604
BEL,Belgium,2019,SP.POP.TOTL,11488980
BEL,Belgium,2018,SP.POP.TOTL,11427054
BEL,Belgium,2017,SP.POP.TOTL,11375158
BEL,Belgium,2016,SP.POP.TOTL,11331422
BEL,Belgium,2015,SP.POP.TOTL,11274196
BEL,Belgium,2014,SP.POP.TOTL,11209057
BEL,Belgium,2013,SP.POP.TOTL,11159407
BEL,Belgium,2012,SP.POP.TOTL,11106932
BEL,Belgium,2011,SP.POP.TOTL,11038264
BEL,Belgium,2010,SP.POP.TOTL,10895586
BEL,Belgium,2009,SP.POP.TOTL,10796493
BEL,Belgium,2008,SP.POP.TOTL,10709973
BEL,Belgium,2007,SP.POP.TOTL,10625700
BEL,Belgium,2006,SP.POP.TOTL,10547958
BEL,Belgium,2005,SP.POP.TOTL,10478617
BLZ,Belize,2025,SP.POP.TOTL,422924
BLZ,Belize,2024,SP.POP.TOTL,417072
BLZ,Belize,2023,SP.POP.TOTL,411106
BLZ,Belize,2022,SP.POP.TOTL,402733
BLZ,Belize,2021,SP.POP.TOTL,395346
BLZ,Belize,2020,SP.POP.TOTL,390812
BLZ,Belize,2019,SP.POP.TOTL,385829
BLZ,Belize,2018,SP.POP.TOTL,380226
BLZ,Belize,2017,SP.POP.TOTL,373202
BLZ,Belize,2016,SP.POP.TOTL,364705
BLZ,Belize,2015,SP.POP.TOTL,356333
BLZ,Belize,2014,SP.POP.TOTL,348923
BLZ,Belize,2013,SP.POP.TOTL,341627
BLZ,Belize,2012,SP.POP.TOTL,334414
BLZ,Belize,2011,SP.POP.TOTL,327298
BLZ,Belize,2010,SP.POP.TOTL,320245
BLZ,Belize,2009,SP.POP.TOTL,312614
BLZ,Belize,2008,SP.POP.TOTL,304361
BLZ,Belize,2007,SP.POP.TOTL,296100
BLZ,Belize,2006,SP.POP.TOTL,287878
BLZ,Belize,2005,SP.POP.TOTL,279731
BEN,Benin,2025,SP.POP.TOTL,14814460
BEN,Benin,2024,SP.POP.TOTL,14462724
BEN,Benin,2023,SP.POP.TOTL,14111034
BEN,Benin,2022,SP.POP.TOTL,13759501
BEN,Benin,2021,SP.POP.TOTL,13413417
BEN,Benin,2020,SP.POP.TOTL,13070169
BEN,Benin,2019,SP.POP.TOTL,12726755
BEN,Benin,2018,SP.POP.TOTL,12383347
BEN,Benin,2017,SP.POP.TOTL,12039780
BEN,Benin,2016,SP.POP.TOTL,11697842
BEN,Benin,2015,SP.POP.TOTL,11360681
BEN,Benin,2014,SP.POP.TOTL,11030004
BEN,Benin,2013,SP.POP.TOTL,10708834
BEN,Benin,2012,SP.POP.TOTL,10397657
BEN,Benin,2011,SP.POP.TOTL,10093623
BEN,Benin,2010,SP.POP.TOTL,9797484
BEN,Benin,2009,SP.POP.TOTL,9509423
BEN,Benin,2008,SP.POP.TOTL,9228466
BEN,Benin,2007,SP.POP.TOTL,8953969
BEN,Benin,2006,SP.POP.TOTL,8693242
BEN,Benin,2005,SP.POP.TOTL,8426144
BMU,Bermuda,2025,SP.POP.TOTL,64555
BMU,Bermuda,2024,SP.POP.TOTL,64636
BMU,Bermuda,2023,SP.POP.TOTL,64698
BMU,Bermuda,2022,SP.POP.TOTL,64749
BMU,Bermuda,2021,SP.POP.TOTL,64648
BMU,Bermuda,2020,SP.POP.TOTL,64382
BMU,Bermuda,2019,SP.POP.TOTL,64107
BMU,Bermuda,2018,SP.POP.TOTL,63831
BMU,Bermuda,2017,SP.POP.TOTL,63578
BMU,Bermuda,2016,SP.POP.TOTL,63449
BMU,Bermuda,2015,SP.POP.TOTL,63464
BMU,Bermuda,2014,SP.POP.TOTL,63529
BMU,Bermuda,2013,SP.POP.TOTL,63574
BMU,Bermuda,2012,SP.POP.TOTL,63646
BMU,Bermuda,2011,SP.POP.TOTL,63733
BMU,Bermuda,2010,SP.POP.TOTL,63725
BMU,Bermuda,2009,SP.POP.TOTL,63565
BMU,Bermuda,2008,SP.POP.TOTL,63300
BMU,Bermuda,2007,SP.POP.TOTL,63010
BMU,Bermuda,2006,SP.POP.TOTL,62834
BMU,Bermuda,2005,SP.POP.TOTL,62711
BTN,Bhutan,2025,SP.POP.TOTL,796682
BTN,Bhutan,2024,SP.POP.TOTL,791524
BTN,Bhutan,2023,SP.POP.TOTL,786385
BTN,Bhutan,2022,SP.POP.TOTL,780914
BTN,Bhutan,2021,SP.POP.TOTL,775442
BTN,Bhutan,2020,SP.POP.TOTL,770006
BTN,Bhutan,2019,SP.POP.TOTL,764824
BTN,Bhutan,2018,SP.POP.TOTL,759759
BTN,Bhutan,2017,SP.POP.TOTL,754335
BTN,Bhutan,2016,SP.POP.TOTL,747866
BTN,Bhutan,2015,SP.POP.TOTL,740618
BTN,Bhutan,2014,SP.POP.TOTL,733139
BTN,Bhutan,2013,SP.POP.TOTL,725273
BTN,Bhutan,2012,SP.POP.TOTL,717279
BTN,Bhutan,2011,SP.POP.TOTL,709377
BTN,Bhutan,2010,SP.POP.TOTL,701632
BTN,Bhutan,2009,SP.POP.TOTL,693988
BTN,Bhutan,2008,SP.POP.TOTL,686351
BTN,Bhutan,2007,SP.POP.TOTL,678641
BTN,Bhutan,2006,SP.POP.TOTL,670799
BTN,Bhutan,2005,SP.POP.TOTL,661865
BOL,Bolivia,2025,SP.POP.TOTL,12581843
BOL,Bolivia,2024,SP.POP.TOTL,12413315
BOL,Bolivia,2023,SP.POP.TOTL,12244159
BOL,Bolivia,2022,SP.POP.TOTL,12077154
BOL,Bolivia,2021,SP.POP.TOTL,11937360
BOL,Bolivia,2020,SP.POP.TOTL,11816299
BOL,Bolivia,2019,SP.POP.TOTL,11671386
BOL,Bolivia,2018,SP.POP.TOTL,11508368
BOL,Bolivia,2017,SP.POP.TOTL,11344587
BOL,Bolivia,2016,SP.POP.TOTL,11180020
BOL,Bolivia,2015,SP.POP.TOTL,11014705
BOL,Bolivia,2014,SP.POP.TOTL,10848888
BOL,Bolivia,2013,SP.POP.TOTL,10682608
BOL,Bolivia,2012,SP.POP.TOTL,10515807
BOL,Bolivia,2011,SP.POP.TOTL,10348929
BOL,Bolivia,2010,SP.POP.TOTL,10182345
BOL,Bolivia,2009,SP.POP.TOTL,10016275
BOL,Bolivia,2008,SP.POP.TOTL,9850858
BOL,Bolivia,2007,SP.POP.TOTL,9685960
BOL,Bolivia,2006,SP.POP.TOTL,9521689
BOL,Bolivia,2005,SP.POP.TOTL,9360754
BIH,Bosnia and Herzegovina,2025,SP.POP.TOTL,3140095
BIH,Bosnia and Herzegovina,2024,SP.POP.TOTL,3164253
BIH,Bosnia and Herzegovina,2023,SP.POP.TOTL,3185073
BIH,Bosnia and Herzegovina,2022,SP.POP.TOTL,3204802
BIH,Bosnia and Herzegovina,2021,SP.POP.TOTL,3244907
BIH,Bosnia and Herzegovina,2020,SP.POP.TOTL,3299349
BIH,Bosnia and Herzegovina,2019,SP.POP.TOTL,3345533
BIH,Bosnia and Herzegovina,2018,SP.POP.TOTL,3387000
BIH,Bosnia and Herzegovina,2017,SP.POP.TOTL,3428682
BIH,Bosnia and Herzegovina,2016,SP.POP.TOTL,3473003
BIH,Bosnia and Herzegovina,2015,SP.POP.TOTL,3518541
BIH,Bosnia and Herzegovina,2014,SP.POP.TOTL,3564829
BIH,Bosnia and Herzegovina,2013,SP.POP.TOTL,3610859
BIH,Bosnia and Herzegovina,2012,SP.POP.TOTL,3670113
BIH,Bosnia and Herzegovina,2011,SP.POP.TOTL,3741798
BIH,Bosnia and Herzegovina,2010,SP.POP.TOTL,3811472
BIH,Bosnia and Herzegovina,2009,SP.POP.TOTL,3879794
BIH,Bosnia and Herzegovina,2008,SP.POP.TOTL,3947544
BIH,Bosnia and Herzegovina,2007,SP.POP.TOTL,4013424
BIH,Bosnia and Herzegovina,2006,SP.POP.TOTL,4063272
BIH,Bosnia and Herzegovina,2005,SP.POP.TOTL,4096493
BWA,Botswana,2025,SP.POP.TOTL,2562122
BWA,Botswana,2024,SP.POP.TOTL,2521139
BWA,Botswana,2023,SP.POP.TOTL,2480244
BWA,Botswana,2022,SP.POP.TOTL,2439892
BWA,Botswana,2021,SP.POP.TOTL,2401441
BWA,Botswana,2020,SP.POP.TOTL,2365894
BWA,Botswana,2019,SP.POP.TOTL,2332083
BWA,Botswana,2018,SP.POP.TOTL,2299141
BWA,Botswana,2017,SP.POP.TOTL,2266747
BWA,Botswana,2016,SP.POP.TOTL,2234776
BWA,Botswana,2015,SP.POP.TOTL,2203273
BWA,Botswana,2014,SP.POP.TOTL,2172044
BWA,Botswana,2013,SP.POP.TOTL,2140682
BWA,Botswana,2012,SP.POP.TOTL,2108617
BWA,Botswana,2011,SP.POP.TOTL,2073535
BWA,Botswana,2010,SP.POP.TOTL,2033111
BWA,Botswana,2009,SP.POP.TOTL,1990673
BWA,Botswana,2008,SP.POP.TOTL,1949970
BWA,Botswana,2007,SP.POP.TOTL,1911201
BWA,Botswana,2006,SP.POP.TOTL,1874516
BWA,Botswana,2005,SP.POP.TOTL,1839877
BRA,Brazil,2025,SP.POP.TOTL,212812405
BRA,Brazil,2024,SP.POP.TOTL,211998573
BRA,Brazil,2023,SP.POP.TOTL,211140729
BRA,Brazil,2022,SP.POP.TOTL,210306415
BRA,Brazil,2021,SP.POP.TOTL,209550294
BRA,Brazil,2020,SP.POP.TOTL,208660842
BRA,Brazil,2019,SP.POP.TOTL,207455459
BRA,Brazil,2018,SP.POP.TOTL,206107261
BRA,Brazil,2017,SP.POP.TOTL,204703445
BRA,Brazil,2016,SP.POP.TOTL,203218114
BRA,Brazil,2015,SP.POP.TOTL,201675532
BRA,Brazil,2014,SP.POP.TOTL,200085127
BRA,Brazil,2013,SP.POP.TOTL,198478299
BRA,Brazil,2012,SP.POP.TOTL,196876111
BRA,Brazil,2011,SP.POP.TOTL,195284734
BRA,Brazil,2010,SP.POP.TOTL,193701929
BRA,Brazil,2009,SP.POP.TOTL,192079951
BRA,Brazil,2008,SP.POP.TOTL,190367302
BRA,Brazil,2007,SP.POP.TOTL,188552320
BRA,Brazil,2006,SP.POP.TOTL,186653106
BRA,Brazil,2005,SP.POP.TOTL,184688101
VGB,British Virgin Islands,2025,SP.POP.TOTL,39732
VGB,British Virgin Islands,2024,SP.POP.TOTL,39471
VGB,British Virgin Islands,2023,SP.POP.TOTL,38985
VGB,British Virgin Islands,2022,SP.POP.TOTL,38319
VGB,British Virgin Islands,2021,SP.POP.TOTL,37809
VGB,British Virgin Islands,2020,SP.POP.TOTL,37135
VGB,British Virgin Islands,2019,SP.POP.TOTL,36395
VGB,British Virgin Islands,2018,SP.POP.TOTL,34657
VGB,British Virgin Islands,2017,SP.POP.TOTL,32699
VGB,British Virgin Islands,2016,SP.POP.TOTL,33878
VGB,British Virgin Islands,2015,SP.POP.TOTL,34498
VGB,British Virgin Islands,2014,SP.POP.TOTL,32962
VGB,British Virgin Islands,2013,SP.POP.TOTL,31703
VGB,British Virgin Islands,2012,SP.POP.TOTL,30345
VGB,British Virgin Islands,2011,SP.POP.TOTL,28710
VGB,British Virgin Islands,2010,SP.POP.TOTL,27675
VGB,British Virgin Islands,2009,SP.POP.TOTL,27218
VGB,British Virgin Islands,2008,SP.POP.TOTL,26288
VGB,British Virgin Islands,2007,SP.POP.TOTL,25366
VGB,British Virgin Islands,2006,SP.POP.TOTL,24493
VGB,British Virgin Islands,2005,SP.POP.TOTL,23665
BRN,Brunei Darussalam,2025,SP.POP.TOTL,466330
BRN,Brunei Darussalam,2024,SP.POP.TOTL,462721
BRN,Brunei Darussalam,2023,SP.POP.TOTL,458949
BRN,Brunei Darussalam,2022,SP.POP.TOTL,455370
BRN,Brunei Darussalam,2021,SP.POP.TOTL,451721
BRN,Brunei Darussalam,2020,SP.POP.TOTL,447404
BRN,Brunei Darussalam,2019,SP.POP.TOTL,442680
BRN,Brunei Darussalam,2018,SP.POP.TOTL,437810
BRN,Brunei Darussalam,2017,SP.POP.TOTL,432772
BRN,Brunei Darussalam,2016,SP.POP.TOTL,427564
BRN,Brunei Darussalam,2015,SP.POP.TOTL,422212
BRN,Brunei Darussalam,2014,SP.POP.TOTL,416750
BRN,Brunei Darussalam,2013,SP.POP.TOTL,411202
BRN,Brunei Darussalam,2012,SP.POP.TOTL,405557
BRN,Brunei Darussalam,2011,SP.POP.TOTL,399389
BRN,Brunei Darussalam,2010,SP.POP.TOTL,392332
BRN,Brunei Darussalam,2009,SP.POP.TOTL,384952
BRN,Brunei Darussalam,2008,SP.POP.TOTL,377793
BRN,Brunei Darussalam,2007,SP.POP.TOTL,370873
BRN,Brunei Darussalam,2006,SP.POP.TOTL,364663
BRN,Brunei Darussalam,2005,SP.POP.TOTL,358916
BGR,Bulgaria,2025,SP.POP.TOTL,6433302
BGR,Bulgaria,2024,SP.POP.TOTL,6441421
BGR,Bulgaria,2023,SP.POP.TOTL,6446596
BGR,Bulgaria,2022,SP.POP.TOTL,6465097
BGR,Bulgaria,2021,SP.POP.TOTL,6507301
BGR,Bulgaria,2020,SP.POP.TOTL,6550696
BGR,Bulgaria,2019,SP.POP.TOTL,6616726
BGR,Bulgaria,2018,SP.POP.TOTL,6710798
BGR,Bulgaria,2017,SP.POP.TOTL,6803468
BGR,Bulgaria,2016,SP.POP.TOTL,6894139
BGR,Bulgaria,2015,SP.POP.TOTL,6984225
BGR,Bulgaria,2014,SP.POP.TOTL,7073572
BGR,Bulgaria,2013,SP.POP.TOTL,7160005
BGR,Bulgaria,2012,SP.POP.TOTL,7305888
BGR,Bulgaria,2011,SP.POP.TOTL,7348328
BGR,Bulgaria,2010,SP.POP.TOTL,7395599
BGR,Bulgaria,2009,SP.POP.TOTL,7444443
BGR,Bulgaria,2008,SP.POP.TOTL,7492561
BGR,Bulgaria,2007,SP.POP.TOTL,7545338
BGR,Bulgaria,2006,SP.POP.TOTL,7601022
BGR,Bulgaria,2005,SP.POP.TOTL,7658972
BFA,Burkina Faso,2025,SP.POP.TOTL,24074580
BFA,Burkina Faso,2024,SP.POP.TOTL,23548781
BFA,Burkina Faso,2023,SP.POP.TOTL,23025776
BFA,Burkina Faso,2022,SP.POP.TOTL,22509038
BFA,Burkina Faso,2021,SP.POP.TOTL,21995243
BFA,Burkina Faso,2020,SP.POP.TOTL,21478690
BFA,Burkina Faso,2019,SP.POP.TOTL,20961952
BFA,Burkina Faso,2018,SP.POP.TOTL,20438288
BFA,Burkina Faso,2017,SP.POP.TOTL,19894407
BFA,Burkina Faso,2016,SP.POP.TOTL,19334856
BFA,Burkina Faso,2015,SP.POP.TOTL,18777487
BFA,Burkina Faso,2014,SP.POP.TOTL,18229461
BFA,Burkina Faso,2013,SP.POP.TOTL,17695409
BFA,Burkina Faso,2012,SP.POP.TOTL,17172287
BFA,Burkina Faso,2011,SP.POP.TOTL,16661908
BFA,Burkina Faso,2010,SP.POP.TOTL,16176498
BFA,Burkina Faso,2009,SP.POP.TOTL,15710066
BFA,Burkina Faso,2008,SP.POP.TOTL,15258093
BFA,Burkina Faso,2007,SP.POP.TOTL,14816307
BFA,Burkina Faso,2006,SP.POP.TOTL,14373707
BFA,Burkina Faso,2005,SP.POP.TOTL,13932123
BDI,Burundi,2025,SP.POP.TOTL,14390003
BDI,Burundi,2024,SP.POP.TOTL,14047786
BDI,Burundi,2023,SP.POP.TOTL,13689450
BDI,Burundi,2022,SP.POP.TOTL,13321097
BDI,Burundi,2021,SP.POP.TOTL,12965481
BDI,Burundi,2020,SP.POP.TOTL,12617036
BDI,Burundi,2019,SP.POP.TOTL,12255336
BDI,Burundi,2018,SP.POP.TOTL,11859446
BDI,Burundi,2017,SP.POP.TOTL,11506762
BDI,Burundi,2016,SP.POP.TOTL,11239451
BDI,Burundi,2015,SP.POP.TOTL,11047580
BDI,Burundi,2014,SP.POP.TOTL,10799785
BDI,Burundi,2013,SP.POP.TOTL,10439341
BDI,Burundi,2012,SP.POP.TOTL,10071028
BDI,Burundi,2011,SP.POP.TOTL,9717978
BDI,Burundi,2010,SP.POP.TOTL,9376444
BDI,Burundi,2009,SP.POP.TOTL,8947646
BDI,Burundi,2008,SP.POP.TOTL,8505637
BDI,Burundi,2007,SP.POP.TOTL,8161874
BDI,Burundi,2006,SP.POP.TOTL,7865547
BDI,Burundi,2005,SP.POP.TOTL,7587299
CPV,Cabo Verde,2025,SP.POP.TOTL,527326
CPV,Cabo Verde,2024,SP.POP.TOTL,524877
CPV,Cabo Verde,2023,SP.POP.TOTL,522331
CPV,Cabo Verde,2022,SP.POP.TOTL,519741
CPV,Cabo Verde,2021,SP.POP.TOTL,516649
CPV,Cabo Verde,2020,SP.POP.TOTL,514679
CPV,Cabo Verde,2019,SP.POP.TOTL,514104
CPV,Cabo Verde,2018,SP.POP.TOTL,513415
CPV,Cabo Verde,2017,SP.POP.TOTL,512893
CPV,Cabo Verde,2016,SP.POP.TOTL,512554
CPV,Cabo Verde,2015,SP.POP.TOTL,512394
CPV,Cabo Verde,2014,SP.POP.TOTL,512326
CPV,Cabo Verde,2013,SP.POP.TOTL,512225
CPV,Cabo Verde,2012,SP.POP.TOTL,511955
CPV,Cabo Verde,2011,SP.POP.TOTL,511447
CPV,Cabo Verde,2010,SP.POP.TOTL,509784
CPV,Cabo Verde,2009,SP.POP.TOTL,506141
CPV,Cabo Verde,2008,SP.POP.TOTL,501355
CPV,Cabo Verde,2007,SP.POP.TOTL,496190
CPV,Cabo Verde,2006,SP.POP.TOTL,490728
CPV,Cabo Verde,2005,SP.POP.TOTL,485115
KHM,Cambodia,2025,SP.POP.TOTL,17847982
KHM,Cambodia,2024,SP.POP.TOTL,17638801
KHM,Cambodia,2023,SP.POP.TOTL,17423880
KHM,Cambodia,2022,SP.POP.TOTL,17201724
KHM,Cambodia,2021,SP.POP.TOTL,16974305
KHM,Cambodia,2020,SP.POP.TOTL,16725474
KHM,Cambodia,2019,SP.POP.TOTL,16481304
KHM,Cambodia,2018,SP.POP.TOTL,16274522
KHM,Cambodia,2017,SP.POP.TOTL,16073372
KHM,Cambodia,2016,SP.POP.TOTL,15852803
KHM,Cambodia,2015,SP.POP.TOTL,15623251
KHM,Cambodia,2014,SP.POP.TOTL,15396772
KHM,Cambodia,2013,SP.POP.TOTL,15170208
KHM,Cambodia,2012,SP.POP.TOTL,14945085
KHM,Cambodia,2011,SP.POP.TOTL,14722584
KHM,Cambodia,2010,SP.POP.TOTL,14500726
KHM,Cambodia,2009,SP.POP.TOTL,14276810
KHM,Cambodia,2008,SP.POP.TOTL,14053479
KHM,Cambodia,2007,SP.POP.TOTL,13841770
KHM,Cambodia,2006,SP.POP.TOTL,13639028
KHM,Cambodia,2005,SP.POP.TOTL,13439202
CMR,Cameroon,2025,SP.POP.TOTL,29879337
CMR,Cameroon,2024,SP.POP.TOTL,29123744
CMR,Cameroon,2023,SP.POP.TOTL,28372687
CMR,Cameroon,2022,SP.POP.TOTL,27632771
CMR,Cameroon,2021,SP.POP.TOTL,26915758
CMR,Cameroon,2020,SP.POP.TOTL,26210558
CMR,Cameroon,2019,SP.POP.TOTL,25506095
CMR,Cameroon,2018,SP.POP.TOTL,24806383
CMR,Cameroon,2017,SP.POP.TOTL,24128601
CMR,Cameroon,2016,SP.POP.TOTL,23454161
CMR,Cameroon,2015,SP.POP.TOTL,22763414
CMR,Cameroon,2014,SP.POP.TOTL,22059893
CMR,Cameroon,2013,SP.POP.TOTL,21402376
CMR,Cameroon,2012,SP.POP.TOTL,20809529
CMR,Cameroon,2011,SP.POP.TOTL,20232304
CMR,Cameroon,2010,SP.POP.TOTL,19668066
CMR,Cameroon,2009,SP.POP.TOTL,19113974
CMR,Cameroon,2008,SP.POP.TOTL,18574056
CMR,Cameroon,2007,SP.POP.TOTL,18049896
CMR,Cameroon,2006,SP.POP.TOTL,17550407
CMR,Cameroon,2005,SP.POP.TOTL,17074594
CAN,Canada,2025,SP.POP.TOTL,41651653
CAN,Canada,2024,SP.POP.TOTL,41262329
CAN,Canada,2023,SP.POP.TOTL,40049088
CAN,Canada,2022,SP.POP.TOTL,38950132
CAN,Canada,2021,SP.POP.TOTL,38239864
CAN,Canada,2020,SP.POP.TOTL,38028638
CAN,Canada,2019,SP.POP.TOTL,37618495
CAN,Canada,2018,SP.POP.TOTL,37072620
CAN,Canada,2017,SP.POP.TOTL,36545075
CAN,Canada,2016,SP.POP.TOTL,36110803
CAN,Canada,2015,SP.POP.TOTL,35704498
CAN,Canada,2014,SP.POP.TOTL,35434066
CAN,Canada,2013,SP.POP.TOTL,35080992
CAN,Canada,2012,SP.POP.TOTL,34713395
CAN,Canada,2011,SP.POP.TOTL,34339221
CAN,Canada,2010,SP.POP.TOTL,34005902
CAN,Canada,2009,SP.POP.TOTL,33630069
CAN,Canada,2008,SP.POP.TOTL,33247298
CAN,Canada,2007,SP.POP.TOTL,32888886
CAN,Canada,2006,SP.POP.TOTL,32571193
CAN,Canada,2005,SP.POP.TOTL,32242732
CYM,Cayman Islands,2025,SP.POP.TOTL,75844
CYM,Cayman Islands,2024,SP.POP.TOTL,74457
CYM,Cayman Islands,2023,SP.POP.TOTL,73038
CYM,Cayman Islands,2022,SP.POP.TOTL,71591
CYM,Cayman Islands,2021,SP.POP.TOTL,70108
CYM,Cayman Islands,2020,SP.POP.TOTL,68684
CYM,Cayman Islands,2019,SP.POP.TOTL,67327
CYM,Cayman Islands,2018,SP.POP.TOTL,65941
CYM,Cayman Islands,2017,SP.POP.TOTL,64535
CYM,Cayman Islands,2016,SP.POP.TOTL,63100
CYM,Cayman Islands,2015,SP.POP.TOTL,61642
CYM,Cayman Islands,2014,SP.POP.TOTL,60160
CYM,Cayman Islands,2013,SP.POP.TOTL,58655
CYM,Cayman Islands,2012,SP.POP.TOTL,57136
CYM,Cayman Islands,2011,SP.POP.TOTL,55606
CYM,Cayman Islands,2010,SP.POP.TOTL,54099
CYM,Cayman Islands,2009,SP.POP.TOTL,52618
CYM,Cayman Islands,2008,SP.POP.TOTL,51151
CYM,Cayman Islands,2007,SP.POP.TOTL,49687
CYM,Cayman Islands,2006,SP.POP.TOTL,48232
CYM,Cayman Islands,2005,SP.POP.TOTL,46788
CAF,Central African Republic,2025,SP.POP.TOTL,5513282
CAF,Central African Republic,2024,SP.POP.TOTL,5330690
CAF,Central African Republic,2023,SP.POP.TOTL,5152421
CAF,Central African Republic,2022,SP.POP.TOTL,5098039
CAF,Central African Republic,2021,SP.POP.TOTL,5112100
CAF,Central African Republic,2020,SP.POP.TOTL,5026628
CAF,Central African Republic,2019,SP.POP.TOTL,4944703
CAF,Central African Republic,2018,SP.POP.TOTL,4878657
CAF,Central African Republic,2017,SP.POP.TOTL,4793511
CAF,Central African Republic,2016,SP.POP.TOTL,4713663
CAF,Central African Republic,2015,SP.POP.TOTL,4629320
CAF,Central African Republic,2014,SP.POP.TOTL,4623182
CAF,Central African Republic,2013,SP.POP.TOTL,4642419
CAF,Central African Republic,2012,SP.POP.TOTL,4610848
CAF,Central African Republic,2011,SP.POP.TOTL,4565021
CAF,Central African Republic,2010,SP.POP.TOTL,4492995
CAF,Central African Republic,2009,SP.POP.TOTL,4529047
CAF,Central African Republic,2008,SP.POP.TOTL,4558984
CAF,Central African Republic,2007,SP.POP.TOTL,4462770
CAF,Central African Republic,2006,SP.POP.TOTL,4377579
CAF,Central African Republic,2005,SP.POP.TOTL,4288810
TCD,Chad,2025,SP.POP.TOTL,21003705
TCD,Chad,2024,SP.POP.TOTL,20299123
TCD,Chad,2023,SP.POP.TOTL,19319064
TCD,Chad,2022,SP.POP.TOTL,18455316
TCD,Chad,2021,SP.POP.TOTL,17828273
TCD,Chad,2020,SP.POP.TOTL,17224679
TCD,Chad,2019,SP.POP.TOTL,16685223
TCD,Chad,2018,SP.POP.TOTL,16156531
TCD,Chad,2017,SP.POP.TOTL,15622759
TCD,Chad,2016,SP.POP.TOTL,15114655
TCD,Chad,2015,SP.POP.TOTL,14647621
TCD,Chad,2014,SP.POP.TOTL,14188678
TCD,Chad,2013,SP.POP.TOTL,13691079
TCD,Chad,2012,SP.POP.TOTL,13210998
TCD,Chad,2011,SP.POP.TOTL,12754997
TCD,Chad,2010,SP.POP.TOTL,12312575
TCD,Chad,2009,SP.POP.TOTL,11893754
TCD,Chad,2008,SP.POP.TOTL,11476296
TCD,Chad,2007,SP.POP.TOTL,11081660
TCD,Chad,2006,SP.POP.TOTL,10706424
TCD,Chad,2005,SP.POP.TOTL,10328092
CHI,Channel Islands,2025,SP.POP.TOTL,168466
CHI,Channel Islands,2024,SP.POP.TOTL,168126
CHI,Channel Islands,2023,SP.POP.TOTL,167691
CHI,Channel Islands,2022,SP.POP.TOTL,167215
CHI,Channel Islands,2021,SP.POP.TOTL,166741
CHI,Channel Islands,2020,SP.POP.TOTL,166235
CHI,Channel Islands,2019,SP.POP.TOTL,165639
CHI,Channel Islands,2018,SP.POP.TOTL,164949
CHI,Channel Islands,2017,SP.POP.TOTL,164319
CHI,Channel Islands,2016,SP.POP.TOTL,163883
CHI,Channel Islands,2015,SP.POP.TOTL,163454
CHI,Channel Islands,2014,SP.POP.TOTL,162726
CHI,Channel Islands,2013,SP.POP.TOTL,161777
CHI,Channel Islands,2012,SP.POP.TOTL,160767
CHI,Channel Islands,2011,SP.POP.TOTL,159706
CHI,Channel Islands,2010,SP.POP.TOTL,158621
CHI,Channel Islands,2009,SP.POP.TOTL,157511
CHI,Channel Islands,2008,SP.POP.TOTL,156408
CHI,Channel Islands,2007,SP.POP.TOTL,155309
CHI,Channel Islands,2006,SP.POP.TOTL,154214
CHI,Channel Islands,2005,SP.POP.TOTL,153126
CHL,Chile,2025,SP.POP.TOTL,19859921
CHL,Chile,2024,SP.POP.TOTL,19764771
CHL,Chile,2023,SP.POP.TOTL,19658835
CHL,Chile,2022,SP.POP.TOTL,19553036
CHL,Chile,2021,SP.POP.TOTL,19456334
CHL,Chile,2020,SP.POP.TOTL,19370624
CHL,Chile,2019,SP.POP.TOTL,19197744
CHL,Chile,2018,SP.POP.TOTL,18893191
CHL,Chile,2017,SP.POP.TOTL,18558868
CHL,Chile,2016,SP.POP.TOTL,18267221
CHL,Chile,2015,SP.POP.TOTL,18047625
CHL,Chile,2014,SP.POP.TOTL,17864195
CHL,Chile,2013,SP.POP.TOTL,17687006
CHL,Chile,2012,SP.POP.TOTL,17519119
CHL,Chile,2011,SP.POP.TOTL,17351816
CHL,Chile,2010,SP.POP.TOTL,17181464
CHL,Chile,2009,SP.POP.TOTL,17009731
CHL,Chile,2008,SP.POP.TOTL,16838988
CHL,Chile,2007,SP.POP.TOTL,16671581
CHL,Chile,2006,SP.POP.TOTL,16509195
CHL,Chile,2005,SP.POP.TOTL,16348778
CHN,China,2025,SP.POP.TOTL,1406585000
CHN,China,2024,SP.POP.TOTL,1408975000
CHN,China,2023,SP.POP.TOTL,1410710000
CHN,China,2022,SP.POP.TOTL,1412175000
CHN,China,2021,SP.POP.TOTL,1412360000
CHN,China,2020,SP.POP.TOTL,1411100000
CHN,China,2019,SP.POP.TOTL,1407745000
CHN,China,2018,SP.POP.TOTL,1402760000
CHN,China,2017,SP.POP.TOTL,1396215000
CHN,China,2016,SP.POP.TOTL,1387790000
CHN,China,2015,SP.POP.TOTL,1379860000
CHN,China,2014,SP.POP.TOTL,1371860000
CHN,China,2013,SP.POP.TOTL,1363240000
CHN,China,2012,SP.POP.TOTL,1354190000
CHN,China,2011,SP.POP.TOTL,1345035000
CHN,China,2010,SP.POP.TOTL,1337705000
CHN,China,2009,SP.POP.TOTL,1331260000
CHN,China,2008,SP.POP.TOTL,1324655000
CHN,China,2007,SP.POP.TOTL,1317885000
CHN,China,2006,SP.POP.TOTL,1311020000
CHN,China,2005,SP.POP.TOTL,1303720000
COL,Colombia,2025,SP.POP.TOTL,53425635
COL,Colombia,2024,SP.POP.TOTL,52886363
COL,Colombia,2023,SP.POP.TOTL,52321152
COL,Colombia,2022,SP.POP.TOTL,51737944
COL,Colombia,2021,SP.POP.TOTL,51188173
COL,Colombia,2020,SP.POP.TOTL,50629997
COL,Colombia,2019,SP.POP.TOTL,49907985
COL,Colombia,2018,SP.POP.TOTL,49024465
COL,Colombia,2017,SP.POP.TOTL,48131078
COL,Colombia,2016,SP.POP.TOTL,47437512
COL,Colombia,2015,SP.POP.TOTL,46969940
COL,Colombia,2014,SP.POP.TOTL,46565429
COL,Colombia,2013,SP.POP.TOTL,46151584
COL,Colombia,2012,SP.POP.TOTL,45715810
COL,Colombia,2011,SP.POP.TOTL,45259614
COL,Colombia,2010,SP.POP.TOTL,44777319
COL,Colombia,2009,SP.POP.TOTL,44271541
COL,Colombia,2008,SP.POP.TOTL,43758808
COL,Colombia,2007,SP.POP.TOTL,43235374
COL,Colombia,2006,SP.POP.TOTL,42691084
COL,Colombia,2005,SP.POP.TOTL,42128977
COM,Comoros,2025,SP.POP.TOTL,882847
COM,Comoros,2024,SP.POP.TOTL,866628
COM,Comoros,2023,SP.POP.TOTL,850387
COM,Comoros,2022,SP.POP.TOTL,834188
COM,Comoros,2021,SP.POP.TOTL,818174
COM,Comoros,2020,SP.POP.TOTL,802163
COM,Comoros,2019,SP.POP.TOTL,786578
COM,Comoros,2018,SP.POP.TOTL,771590
COM,Comoros,2017,SP.POP.TOTL,756669
COM,Comoros,2016,SP.POP.TOTL,741741
COM,Comoros,2015,SP.POP.TOTL,726682
COM,Comoros,2014,SP.POP.TOTL,711503
COM,Comoros,2013,SP.POP.TOTL,696192
COM,Comoros,2012,SP.POP.TOTL,681630
COM,Comoros,2011,SP.POP.TOTL,668056
COM,Comoros,2010,SP.POP.TOTL,654836
COM,Comoros,2009,SP.POP.TOTL,641947
COM,Comoros,2008,SP.POP.TOTL,629307
COM,Comoros,2007,SP.POP.TOTL,616927
COM,Comoros,2006,SP.POP.TOTL,604753
COM,Comoros,2005,SP.POP.TOTL,592677
COD,"Congo, Dem. Rep.",2025,SP.POP.TOTL,112832473
COD,"Congo, Dem. Rep.",2024,SP.POP.TOTL,109276265
COD,"Congo, Dem. Rep.",2023,SP.POP.TOTL,105789731
COD,"Congo, Dem. Rep.",2022,SP.POP.TOTL,102396968
COD,"Congo, Dem. Rep.",2021,SP.POP.TOTL,99148932
COD,"Congo, Dem. Rep.",2020,SP.POP.TOTL,95989998
COD,"Congo, Dem. Rep.",2019,SP.POP.TOTL,92947442
COD,"Congo, Dem. Rep.",2018,SP.POP.TOTL,90047644
COD,"Congo, Dem. Rep.",2017,SP.POP.TOTL,87083398
COD,"Congo, Dem. Rep.",2016,SP.POP.TOTL,83956415
COD,"Congo, Dem. Rep.",2015,SP.POP.TOTL,81035531
COD,"Congo, Dem. Rep.",2014,SP.POP.TOTL,78403242
COD,"Congo, Dem. Rep.",2013,SP.POP.TOTL,75789395
COD,"Congo, Dem. Rep.",2012,SP.POP.TOTL,73254618
COD,"Congo, Dem. Rep.",2011,SP.POP.TOTL,70849311
COD,"Congo, Dem. Rep.",2010,SP.POP.TOTL,68563038
COD,"Congo, Dem. Rep.",2009,SP.POP.TOTL,66412044
COD,"Congo, Dem. Rep.",2008,SP.POP.TOTL,64390664
COD,"Congo, Dem. Rep.",2007,SP.POP.TOTL,62477752
COD,"Congo, Dem. Rep.",2006,SP.POP.TOTL,60615908
COD,"Congo, Dem. Rep.",2005,SP.POP.TOTL,58775724
COG,"Congo, Rep.",2025,SP.POP.TOTL,6484437
COG,"Congo, Rep.",2024,SP.POP.TOTL,6332961
COG,"Congo, Rep.",2023,SP.POP.TOTL,6182885
COG,"Congo, Rep.",2022,SP.POP.TOTL,6035104
COG,"Congo, Rep.",2021,SP.POP.TOTL,5892183
COG,"Congo, Rep.",2020,SP.POP.TOTL,5752791
COG,"Congo, Rep.",2019,SP.POP.TOTL,5616661
COG,"Congo, Rep.",2018,SP.POP.TOTL,5483118
COG,"Congo, Rep.",2017,SP.POP.TOTL,5351011
COG,"Congo, Rep.",2016,SP.POP.TOTL,5222536
COG,"Congo, Rep.",2015,SP.POP.TOTL,5097581
COG,"Congo, Rep.",2014,SP.POP.TOTL,4975880
COG,"Congo, Rep.",2013,SP.POP.TOTL,4857099
COG,"Congo, Rep.",2012,SP.POP.TOTL,4740450
COG,"Congo, Rep.",2011,SP.POP.TOTL,4609724
COG,"Congo, Rep.",2010,SP.POP.TOTL,4462290
COG,"Congo, Rep.",2009,SP.POP.TOTL,4281219
COG,"Congo, Rep.",2008,SP.POP.TOTL,4113517
COG,"Congo, Rep.",2007,SP.POP.TOTL,3980430
COG,"Congo, Rep.",2006,SP.POP.TOTL,3837409
COG,"Congo, Rep.",2005,SP.POP.TOTL,3696393
CRI,Costa Rica,2025,SP.POP.TOTL,5152950
CRI,Costa Rica,2024,SP.POP.TOTL,5129910
CRI,Costa Rica,2023,SP.POP.TOTL,5105525
CRI,Costa Rica,2022,SP.POP.TOTL,5081765
CRI,Costa Rica,2021,SP.POP.TOTL,5059988
CRI,Costa Rica,2020,SP.POP.TOTL,5034320
CRI,Costa Rica,2019,SP.POP.TOTL,4999553
CRI,Costa Rica,2018,SP.POP.TOTL,4957818
CRI,Costa Rica,2017,SP.POP.TOTL,4913177
CRI,Costa Rica,2016,SP.POP.TOTL,4866998
CRI,Costa Rica,2015,SP.POP.TOTL,4818038
CRI,Costa Rica,2014,SP.POP.TOTL,4767119
CRI,Costa Rica,2013,SP.POP.TOTL,4716147
CRI,Costa Rica,2012,SP.POP.TOTL,4663934
CRI,Costa Rica,2011,SP.POP.TOTL,4609833
CRI,Costa Rica,2010,SP.POP.TOTL,4555962
CRI,Costa Rica,2009,SP.POP.TOTL,4499791
CRI,Costa Rica,2008,SP.POP.TOTL,4440056
CRI,Costa Rica,2007,SP.POP.TOTL,4380248
CRI,Costa Rica,2006,SP.POP.TOTL,4321340
CRI,Costa Rica,2005,SP.POP.TOTL,4261240
CIV,Cote d'Ivoire,2025,SP.POP.TOTL,32711547
CIV,Cote d'Ivoire,2024,SP.POP.TOTL,31934230
CIV,Cote d'Ivoire,2023,SP.POP.TOTL,31165654
CIV,Cote d'Ivoire,2022,SP.POP.TOTL,30395002
CIV,Cote d'Ivoire,2021,SP.POP.TOTL,29639736
CIV,Cote d'Ivoire,2020,SP.POP.TOTL,28915449
CIV,Cote d'Ivoire,2019,SP.POP.TOTL,28193009
CIV,Cote d'Ivoire,2018,SP.POP.TOTL,27464173
CIV,Cote d'Ivoire,2017,SP.POP.TOTL,26733372
CIV,Cote d'Ivoire,2016,SP.POP.TOTL,25989405
CIV,Cote d'Ivoire,2015,SP.POP.TOTL,25246342
CIV,Cote d'Ivoire,2014,SP.POP.TOTL,24527395
CIV,Cote d'Ivoire,2013,SP.POP.TOTL,23939775
CIV,Cote d'Ivoire,2012,SP.POP.TOTL,23467078
CIV,Cote d'Ivoire,2011,SP.POP.TOTL,22982000
CIV,Cote d'Ivoire,2010,SP.POP.TOTL,22488065
CIV,Cote d'Ivoire,2009,SP.POP.TOTL,21997940
CIV,Cote d'Ivoire,2008,SP.POP.TOTL,21514439
CIV,Cote d'Ivoire,2007,SP.POP.TOTL,21030558
CIV,Cote d'Ivoire,2006,SP.POP.TOTL,20546802
CIV,Cote d'Ivoire,2005,SP.POP.TOTL,20068458
HRV,Croatia,2025,SP.POP.TOTL,3876200
HRV,Croatia,2024,SP.POP.TOTL,3866200
HRV,Croatia,2023,SP.POP.TOTL,3859686
HRV,Croatia,2022,SP.POP.TOTL,3855641
HRV,Croatia,2021,SP.POP.TOTL,3878981
HRV,Croatia,2020,SP.POP.TOTL,3914206
HRV,Croatia,2019,SP.POP.TOTL,3949390
HRV,Croatia,2018,SP.POP.TOTL,3988775
HRV,Croatia,2017,SP.POP.TOTL,4041407
HRV,Croatia,2016,SP.POP.TOTL,4106867
HRV,Croatia,2015,SP.POP.TOTL,4151725
HRV,Croatia,2014,SP.POP.TOTL,4201598
HRV,Croatia,2013,SP.POP.TOTL,4233922
HRV,Croatia,2012,SP.POP.TOTL,4260368
HRV,Croatia,2011,SP.POP.TOTL,4280622
HRV,Croatia,2010,SP.POP.TOTL,4295427
HRV,Croatia,2009,SP.POP.TOTL,4305181
HRV,Croatia,2008,SP.POP.TOTL,4309705
HRV,Croatia,2007,SP.POP.TOTL,4310217
HRV,Croatia,2006,SP.POP.TOTL,4311159
HRV,Croatia,2005,SP.POP.TOTL,4310145
CUB,Cuba,2025,SP.POP.TOTL,10937203
CUB,Cuba,2024,SP.POP.TOTL,10979783
CUB,Cuba,2023,SP.POP.TOTL,11019931
CUB,Cuba,2022,SP.POP.TOTL,11059820
CUB,Cuba,2021,SP.POP.TOTL,11122168
CUB,Cuba,2020,SP.POP.TOTL,11176354
CUB,Cuba,2019,SP.POP.TOTL,11202846
CUB,Cuba,2018,SP.POP.TOTL,11227118
CUB,Cuba,2017,SP.POP.TOTL,11247829
CUB,Cuba,2016,SP.POP.TOTL,11265612
CUB,Cuba,2015,SP.POP.TOTL,11275065
CUB,Cuba,2014,SP.POP.TOTL,11285775
CUB,Cuba,2013,SP.POP.TOTL,11298167
CUB,Cuba,2012,SP.POP.TOTL,11303175
CUB,Cuba,2011,SP.POP.TOTL,11301571
CUB,Cuba,2010,SP.POP.TOTL,11297409
CUB,Cuba,2009,SP.POP.TOTL,11294719
CUB,Cuba,2008,SP.POP.TOTL,11291762
CUB,Cuba,2007,SP.POP.TOTL,11287272
CUB,Cuba,2006,SP.POP.TOTL,11278550
CUB,Cuba,2005,SP.POP.TOTL,11262554
CUW,Curacao,2025,SP.POP.TOTL,156263
CUW,Curacao,2024,SP.POP.TOTL,155967
CUW,Curacao,2023,SP.POP.TOTL,154654
CUW,Curacao,2022,SP.POP.TOTL,153321
CUW,Curacao,2021,SP.POP.TOTL,153948
CUW,Curacao,2020,SP.POP.TOTL,155482
CUW,Curacao,2019,SP.POP.TOTL,157441
CUW,Curacao,2018,SP.POP.TOTL,159336
CUW,Curacao,2017,SP.POP.TOTL,160175
CUW,Curacao,2016,SP.POP.TOTL,159664
CUW,Curacao,2015,SP.POP.TOTL,157980
CUW,Curacao,2014,SP.POP.TOTL,155909
CUW,Curacao,2013,SP.POP.TOTL,153822
CUW,Curacao,2012,SP.POP.TOTL,152088
CUW,Curacao,2011,SP.POP.TOTL,150831
CUW,Curacao,2010,SP.POP.TOTL,148703
CUW,Curacao,2009,SP.POP.TOTL,146833
CUW,Curacao,2008,SP.POP.TOTL,145880
CUW,Curacao,2007,SP.POP.TOTL,144056
CUW,Curacao,2006,SP.POP.TOTL,141239
CUW,Curacao,2005,SP.POP.TOTL,137658
CYP,Cyprus,2025,SP.POP.TOTL,1370754
CYP,Cyprus,2024,SP.POP.TOTL,1358282
CYP,Cyprus,2023,SP.POP.TOTL,1344976
CYP,Cyprus,2022,SP.POP.TOTL,1331370
CYP,Cyprus,2021,SP.POP.TOTL,1317309
CYP,Cyprus,2020,SP.POP.TOTL,1302247
CYP,Cyprus,2019,SP.POP.TOTL,1286671
CYP,Cyprus,2018,SP.POP.TOTL,1270737
CYP,Cyprus,2017,SP.POP.TOTL,1254275
CYP,Cyprus,2016,SP.POP.TOTL,1237112
CYP,Cyprus,2015,SP.POP.TOTL,1219502
CYP,Cyprus,2014,SP.POP.TOTL,1201801
CYP,Cyprus,2013,SP.POP.TOTL,1183895
CYP,Cyprus,2012,SP.POP.TOTL,1165397
CYP,Cyprus,2011,SP.POP.TOTL,1146493
CYP,Cyprus,2010,SP.POP.TOTL,1127816
CYP,Cyprus,2009,SP.POP.TOTL,1109371
CYP,Cyprus,2008,SP.POP.TOTL,1091026
CYP,Cyprus,2007,SP.POP.TOTL,1072714
CYP,Cyprus,2006,SP.POP.TOTL,1054418
CYP,Cyprus,2005,SP.POP.TOTL,1036151
CZE,Czechia,2025,SP.POP.TOTL,10886878
CZE,Czechia,2024,SP.POP.TOTL,10905028
CZE,Czechia,2023,SP.POP.TOTL,10864042
CZE,Czechia,2022,SP.POP.TOTL,10672118
CZE,Czechia,2021,SP.POP.TOTL,10505772
CZE,Czechia,2020,SP.POP.TOTL,10697858
CZE,Czechia,2019,SP.POP.TOTL,10671870
CZE,Czechia,2018,SP.POP.TOTL,10629928
CZE,Czechia,2017,SP.POP.TOTL,10594438
CZE,Czechia,2016,SP.POP.TOTL,10566332
CZE,Czechia,2015,SP.POP.TOTL,10546059
CZE,Czechia,2014,SP.POP.TOTL,10525347
CZE,Czechia,2013,SP.POP.TOTL,10514272
CZE,Czechia,2012,SP.POP.TOTL,10510785
CZE,Czechia,2011,SP.POP.TOTL,10496088
CZE,Czechia,2010,SP.POP.TOTL,10474410
CZE,Czechia,2009,SP.POP.TOTL,10443936
CZE,Czechia,2008,SP.POP.TOTL,10384603
CZE,Czechia,2007,SP.POP.TOTL,10298828
CZE,Czechia,2006,SP.POP.TOTL,10238905
CZE,Czechia,2005,SP.POP.TOTL,10211216
DNK,Denmark,2025,SP.POP.TOTL,6009169
DNK,Denmark,2024,SP.POP.TOTL,5976992
DNK,Denmark,2023,SP.POP.TOTL,5946952
DNK,Denmark,2022,SP.POP.TOTL,5903037
DNK,Denmark,2021,SP.POP.TOTL,5856733
DNK,Denmark,2020,SP.POP.TOTL,5831404
DNK,Denmark,2019,SP.POP.TOTL,5814422
DNK,Denmark,2018,SP.POP.TOTL,5793636
DNK,Denmark,2017,SP.POP.TOTL,5764980
DNK,Denmark,2016,SP.POP.TOTL,5728010
DNK,Denmark,2015,SP.POP.TOTL,5683483
DNK,Denmark,2014,SP.POP.TOTL,5643475
DNK,Denmark,2013,SP.POP.TOTL,5614932
DNK,Denmark,2012,SP.POP.TOTL,5591572
DNK,Denmark,2011,SP.POP.TOTL,5570572
DNK,Denmark,2010,SP.POP.TOTL,5547683
DNK,Denmark,2009,SP.POP.TOTL,5523095
DNK,Denmark,2008,SP.POP.TOTL,5493621
DNK,Denmark,2007,SP.POP.TOTL,5461438
DNK,Denmark,2006,SP.POP.TOTL,5437272
DNK,Denmark,2005,SP.POP.TOTL,5419432
DJI,Djibouti,2025,SP.POP.TOTL,1184076
DJI,Djibouti,2024,SP.POP.TOTL,1168722
DJI,Djibouti,2023,SP.POP.TOTL,1152944
DJI,Djibouti,2022,SP.POP.TOTL,1137096
DJI,Djibouti,2021,SP.POP.TOTL,1121248
DJI,Djibouti,2020,SP.POP.TOTL,1105188
DJI,Djibouti,2019,SP.POP.TOTL,1088709
DJI,Djibouti,2018,SP.POP.TOTL,1071882
DJI,Djibouti,2017,SP.POP.TOTL,1054841
DJI,Djibouti,2016,SP.POP.TOTL,1037653
DJI,Djibouti,2015,SP.POP.TOTL,1020313
DJI,Djibouti,2014,SP.POP.TOTL,1002717
DJI,Djibouti,2013,SP.POP.TOTL,984824
DJI,Djibouti,2012,SP.POP.TOTL,966747
DJI,Djibouti,2011,SP.POP.TOTL,948558
DJI,Djibouti,2010,SP.POP.TOTL,930251
DJI,Djibouti,2009,SP.POP.TOTL,911527
DJI,Djibouti,2008,SP.POP.TOTL,892734
DJI,Djibouti,2007,SP.POP.TOTL,874528
DJI,Djibouti,2006,SP.POP.TOTL,855764
DJI,Djibouti,2005,SP.POP.TOTL,839167
DMA,Dominica,2025,SP.POP.TOTL,65871
DMA,Dominica,2024,SP.POP.TOTL,66205
DMA,Dominica,2023,SP.POP.TOTL,66510
DMA,Dominica,2022,SP.POP.TOTL,66826
DMA,Dominica,2021,SP.POP.TOTL,67202
DMA,Dominica,2020,SP.POP.TOTL,67573
DMA,Dominica,2019,SP.POP.TOTL,67880
DMA,Dominica,2018,SP.POP.TOTL,68174
DMA,Dominica,2017,SP.POP.TOTL,68496
DMA,Dominica,2016,SP.POP.TOTL,69606
DMA,Dominica,2015,SP.POP.TOTL,70410
DMA,Dominica,2014,SP.POP.TOTL,70373
DMA,Dominica,2013,SP.POP.TOTL,69715
DMA,Dominica,2012,SP.POP.TOTL,69118
DMA,Dominica,2011,SP.POP.TOTL,69053
DMA,Dominica,2010,SP.POP.TOTL,68859
DMA,Dominica,2009,SP.POP.TOTL,68864
DMA,Dominica,2008,SP.POP.TOTL,68854
DMA,Dominica,2007,SP.POP.TOTL,68847
DMA,Dominica,2006,SP.POP.TOTL,68806
DMA,Dominica,2005,SP.POP.TOTL,68734
DOM,Dominican Republic,2025,SP.POP.TOTL,11520487
DOM,Dominican Republic,2024,SP.POP.TOTL,11427557
DOM,Dominican Republic,2023,SP.POP.TOTL,11331265
DOM,Dominican Republic,2022,SP.POP.TOTL,11230734
DOM,Dominican Republic,2021,SP.POP.TOTL,11123476
DOM,Dominican Republic,2020,SP.POP.TOTL,11008300
DOM,Dominican Republic,2019,SP.POP.TOTL,10894043
DOM,Dominican Republic,2018,SP.POP.TOTL,10782053
DOM,Dominican Republic,2017,SP.POP.TOTL,10666843
DOM,Dominican Republic,2016,SP.POP.TOTL,10551430
DOM,Dominican Republic,2015,SP.POP.TOTL,10434829
DOM,Dominican Republic,2014,SP.POP.TOTL,10315528
DOM,Dominican Republic,2013,SP.POP.TOTL,10193833
DOM,Dominican Republic,2012,SP.POP.TOTL,10070411
DOM,Dominican Republic,2011,SP.POP.TOTL,9945621
DOM,Dominican Republic,2010,SP.POP.TOTL,9820175
DOM,Dominican Republic,2009,SP.POP.TOTL,9695265
DOM,Dominican Republic,2008,SP.POP.TOTL,9573130
DOM,Dominican Republic,2007,SP.POP.TOTL,9455658
DOM,Dominican Republic,2006,SP.POP.TOTL,9341183
DOM,Dominican Republic,2005,SP.POP.TOTL,9225034
ECU,Ecuador,2025,SP.POP.TOTL,18289896
ECU,Ecuador,2024,SP.POP.TOTL,18135478
ECU,Ecuador,2023,SP.POP.TOTL,17980083
ECU,Ecuador,2022,SP.POP.TOTL,17823897
ECU,Ecuador,2021,SP.POP.TOTL,17682454
ECU,Ecuador,2020,SP.POP.TOTL,17546065
ECU,Ecuador,2019,SP.POP.TOTL,17340021
ECU,Ecuador,2018,SP.POP.TOTL,17049547
ECU,Ecuador,2017,SP.POP.TOTL,16759519
ECU,Ecuador,2016,SP.POP.TOTL,16505139
ECU,Ecuador,2015,SP.POP.TOTL,16266225
ECU,Ecuador,2014,SP.POP.TOTL,16035124
ECU,Ecuador,2013,SP.POP.TOTL,15807128
ECU,Ecuador,2012,SP.POP.TOTL,15572194
ECU,Ecuador,2011,SP.POP.TOTL,15326227
ECU,Ecuador,2010,SP.POP.TOTL,15076695
ECU,Ecuador,2009,SP.POP.TOTL,14825954
ECU,Ecuador,2008,SP.POP.TOTL,14575202
ECU,Ecuador,2007,SP.POP.TOTL,14328773
ECU,Ecuador,2006,SP.POP.TOTL,14086131
ECU,Ecuador,2005,SP.POP.TOTL,13846163
EGY,"Egypt, Arab Rep.",2025,SP.POP.TOTL,118365995
EGY,"Egypt, Arab Rep.",2024,SP.POP.TOTL,116538258
EGY,"Egypt, Arab Rep.",2023,SP.POP.TOTL,114535772
EGY,"Egypt, Arab Rep.",2022,SP.POP.TOTL,112618250
EGY,"Egypt, Arab Rep.",2021,SP.POP.TOTL,110957008
EGY,"Egypt, Arab Rep.",2020,SP.POP.TOTL,109315124
EGY,"Egypt, Arab Rep.",2019,SP.POP.TOTL,107553158
EGY,"Egypt, Arab Rep.",2018,SP.POP.TOTL,105682094
EGY,"Egypt, Arab Rep.",2017,SP.POP.TOTL,103696057
EGY,"Egypt, Arab Rep.",2016,SP.POP.TOTL,101644589
EGY,"Egypt, Arab Rep.",2015,SP.POP.TOTL,99597342
EGY,"Egypt, Arab Rep.",2014,SP.POP.TOTL,97528654
EGY,"Egypt, Arab Rep.",2013,SP.POP.TOTL,95333553
EGY,"Egypt, Arab Rep.",2012,SP.POP.TOTL,93161001
EGY,"Egypt, Arab Rep.",2011,SP.POP.TOTL,91093059
EGY,"Egypt, Arab Rep.",2010,SP.POP.TOTL,89196072
EGY,"Egypt, Arab Rep.",2009,SP.POP.TOTL,87501636
EGY,"Egypt, Arab Rep.",2008,SP.POP.TOTL,85864789
EGY,"Egypt, Arab Rep.",2007,SP.POP.TOTL,84276225
EGY,"Egypt, Arab Rep.",2006,SP.POP.TOTL,82700403
EGY,"Egypt, Arab Rep.",2005,SP.POP.TOTL,81101004
SLV,El Salvador,2025,SP.POP.TOTL,6365503
SLV,El Salvador,2024,SP.POP.TOTL,6338193
SLV,El Salvador,2023,SP.POP.TOTL,6309624
SLV,El Salvador,2022,SP.POP.TOTL,6280319
SLV,El Salvador,2021,SP.POP.TOTL,6255782
SLV,El Salvador,2020,SP.POP.TOTL,6234673
SLV,El Salvador,2019,SP.POP.TOTL,6222318
SLV,El Salvador,2018,SP.POP.TOTL,6219807
SLV,El Salvador,2017,SP.POP.TOTL,6213533
SLV,El Salvador,2016,SP.POP.TOTL,6200800
SLV,El Salvador,2015,SP.POP.TOTL,6183676
SLV,El Salvador,2014,SP.POP.TOTL,6162955
SLV,El Salvador,2013,SP.POP.TOTL,6138839
SLV,El Salvador,2012,SP.POP.TOTL,6113975
SLV,El Salvador,2011,SP.POP.TOTL,6090127
SLV,El Salvador,2010,SP.POP.TOTL,6068249
SLV,El Salvador,2009,SP.POP.TOTL,6048279
SLV,El Salvador,2008,SP.POP.TOTL,6029297
SLV,El Salvador,2007,SP.POP.TOTL,6009824
SLV,El Salvador,2006,SP.POP.TOTL,6002319
SLV,El Salvador,2005,SP.POP.TOTL,6005578
GNQ,Equatorial Guinea,2025,SP.POP.TOTL,1938431
GNQ,Equatorial Guinea,2024,SP.POP.TOTL,1892516
GNQ,Equatorial Guinea,2023,SP.POP.TOTL,1847549
GNQ,Equatorial Guinea,2022,SP.POP.TOTL,1803545
GNQ,Equatorial Guinea,2021,SP.POP.TOTL,1758786
GNQ,Equatorial Guinea,2020,SP.POP.TOTL,1716468
GNQ,Equatorial Guinea,2019,SP.POP.TOTL,1670177
GNQ,Equatorial Guinea,2018,SP.POP.TOTL,1616422
GNQ,Equatorial Guinea,2017,SP.POP.TOTL,1562396
GNQ,Equatorial Guinea,2016,SP.POP.TOTL,1508186
GNQ,Equatorial Guinea,2015,SP.POP.TOTL,1453923
GNQ,Equatorial Guinea,2014,SP.POP.TOTL,1399828
GNQ,Equatorial Guinea,2013,SP.POP.TOTL,1346218
GNQ,Equatorial Guinea,2012,SP.POP.TOTL,1293483
GNQ,Equatorial Guinea,2011,SP.POP.TOTL,1241835
GNQ,Equatorial Guinea,2010,SP.POP.TOTL,1189085
GNQ,Equatorial Guinea,2009,SP.POP.TOTL,1135673
GNQ,Equatorial Guinea,2008,SP.POP.TOTL,1084530
GNQ,Equatorial Guinea,2007,SP.POP.TOTL,1036044
GNQ,Equatorial Guinea,2006,SP.POP.TOTL,990343
GNQ,Equatorial Guinea,2005,SP.POP.TOTL,947367
ERI,Eritrea,2025,SP.POP.TOTL,3607003
ERI,Eritrea,2024,SP.POP.TOTL,3535603
ERI,Eritrea,2023,SP.POP.TOTL,3470390
ERI,Eritrea,2022,SP.POP.TOTL,3409447
ERI,Eritrea,2021,SP.POP.TOTL,3350183
ERI,Eritrea,2020,SP.POP.TOTL,3291271
ERI,Eritrea,2019,SP.POP.TOTL,3240194
ERI,Eritrea,2018,SP.POP.TOTL,3192760
ERI,Eritrea,2017,SP.POP.TOTL,3150347
ERI,Eritrea,2016,SP.POP.TOTL,3124698
ERI,Eritrea,2015,SP.POP.TOTL,3105546
ERI,Eritrea,2014,SP.POP.TOTL,3095173
ERI,Eritrea,2013,SP.POP.TOTL,3074360
ERI,Eritrea,2012,SP.POP.TOTL,3036988
ERI,Eritrea,2011,SP.POP.TOTL,2998485
ERI,Eritrea,2010,SP.POP.TOTL,2945186
ERI,Eritrea,2009,SP.POP.TOTL,2887885
ERI,Eritrea,2008,SP.POP.TOTL,2816327
ERI,Eritrea,2007,SP.POP.TOTL,2743222
ERI,Eritrea,2006,SP.POP.TOTL,2703502
ERI,Eritrea,2005,SP.POP.TOTL,2661215
EST,Estonia,2025,SP.POP.TOTL,1366475
EST,Estonia,2024,SP.POP.TOTL,1372341
EST,Estonia,2023,SP.POP.TOTL,1370286
EST,Estonia,2022,SP.POP.TOTL,1348840
EST,Estonia,2021,SP.POP.TOTL,1330932
EST,Estonia,2020,SP.POP.TOTL,1329522
EST,Estonia,2019,SP.POP.TOTL,1326898
EST,Estonia,2018,SP.POP.TOTL,1321977
EST,Estonia,2017,SP.POP.TOTL,1317384
EST,Estonia,2016,SP.POP.TOTL,1315790
EST,Estonia,2015,SP.POP.TOTL,1315407
EST,Estonia,2014,SP.POP.TOTL,1314545
EST,Estonia,2013,SP.POP.TOTL,1317997
EST,Estonia,2012,SP.POP.TOTL,1322696
EST,Estonia,2011,SP.POP.TOTL,1327439
EST,Estonia,2010,SP.POP.TOTL,1331475
EST,Estonia,2009,SP.POP.TOTL,1334515
EST,Estonia,2008,SP.POP.TOTL,1337090
EST,Estonia,2007,SP.POP.TOTL,1340680
EST,Estonia,2006,SP.POP.TOTL,1346810
EST,Estonia,2005,SP.POP.TOTL,1354775
SWZ,Eswatini,2025,SP.POP.TOTL,1256174
SWZ,Eswatini,2024,SP.POP.TOTL,1242822
SWZ,Eswatini,2023,SP.POP.TOTL,1230506
SWZ,Eswatini,2022,SP.POP.TOTL,1218917
SWZ,Eswatini,2021,SP.POP.TOTL,1206593
SWZ,Eswatini,2020,SP.POP.TOTL,1192729
SWZ,Eswatini,2019,SP.POP.TOTL,1179874
SWZ,Eswatini,2018,SP.POP.TOTL,1168929
SWZ,Eswatini,2017,SP.POP.TOTL,1158195
SWZ,Eswatini,2016,SP.POP.TOTL,1149507
SWZ,Eswatini,2015,SP.POP.TOTL,1142813
SWZ,Eswatini,2014,SP.POP.TOTL,1136299
SWZ,Eswatini,2013,SP.POP.TOTL,1129990
SWZ,Eswatini,2012,SP.POP.TOTL,1123863
SWZ,Eswatini,2011,SP.POP.TOTL,1117833
SWZ,Eswatini,2010,SP.POP.TOTL,1111650
SWZ,Eswatini,2009,SP.POP.TOTL,1105153
SWZ,Eswatini,2008,SP.POP.TOTL,1098091
SWZ,Eswatini,2007,SP.POP.TOTL,1090705
SWZ,Eswatini,2006,SP.POP.TOTL,1084436
SWZ,Eswatini,2005,SP.POP.TOTL,1079022
ETH,Ethiopia,2025,SP.POP.TOTL,135472051
ETH,Ethiopia,2024,SP.POP.TOTL,132059767
ETH,Ethiopia,2023,SP.POP.TOTL,128691692
ETH,Ethiopia,2022,SP.POP.TOTL,125384287
ETH,Ethiopia,2021,SP.POP.TOTL,122138588
ETH,Ethiopia,2020,SP.POP.TOTL,118917671
ETH,Ethiopia,2019,SP.POP.TOTL,115737383
ETH,Ethiopia,2018,SP.POP.TOTL,112664152
ETH,Ethiopia,2017,SP.POP.TOTL,109666481
ETH,Ethiopia,2016,SP.POP.TOTL,106718162
ETH,Ethiopia,2015,SP.POP.TOTL,103867135
ETH,Ethiopia,2014,SP.POP.TOTL,101115610
ETH,Ethiopia,2013,SP.POP.TOTL,98438751
ETH,Ethiopia,2012,SP.POP.TOTL,95798767
ETH,Ethiopia,2011,SP.POP.TOTL,93149970
ETH,Ethiopia,2010,SP.POP.TOTL,90538514
ETH,Ethiopia,2009,SP.POP.TOTL,88007636
ETH,Ethiopia,2008,SP.POP.TOTL,85543668
ETH,Ethiopia,2007,SP.POP.TOTL,83103217
ETH,Ethiopia,2006,SP.POP.TOTL,80703490
ETH,Ethiopia,2005,SP.POP.TOTL,78367470
FRO,Faroe Islands,2025,SP.POP.TOTL,54900
FRO,Faroe Islands,2024,SP.POP.TOTL,54640
FRO,Faroe Islands,2023,SP.POP.TOTL,54398
FRO,Faroe Islands,2022,SP.POP.TOTL,53903
FRO,Faroe Islands,2021,SP.POP.TOTL,53291
FRO,Faroe Islands,2020,SP.POP.TOTL,52561
FRO,Faroe Islands,2019,SP.POP.TOTL,51790
FRO,Faroe Islands,2018,SP.POP.TOTL,50997
FRO,Faroe Islands,2017,SP.POP.TOTL,50179
FRO,Faroe Islands,2016,SP.POP.TOTL,49463
FRO,Faroe Islands,2015,SP.POP.TOTL,48898
FRO,Faroe Islands,2014,SP.POP.TOTL,48427
FRO,Faroe Islands,2013,SP.POP.TOTL,48245
FRO,Faroe Islands,2012,SP.POP.TOTL,48290
FRO,Faroe Islands,2011,SP.POP.TOTL,48542
FRO,Faroe Islands,2010,SP.POP.TOTL,48656
FRO,Faroe Islands,2009,SP.POP.TOTL,48790
FRO,Faroe Islands,2008,SP.POP.TOTL,48547
FRO,Faroe Islands,2007,SP.POP.TOTL,48378
FRO,Faroe Islands,2006,SP.POP.TOTL,48335
FRO,Faroe Islands,2005,SP.POP.TOTL,48359
FJI,Fiji,2025,SP.POP.TOTL,933154
FJI,Fiji,2024,SP.POP.TOTL,928784
FJI,Fiji,2023,SP.POP.TOTL,924145
FJI,Fiji,2022,SP.POP.TOTL,919422
FJI,Fiji,2021,SP.POP.TOTL,916711
FJI,Fiji,2020,SP.POP.TOTL,914963
FJI,Fiji,2019,SP.POP.TOTL,914899
FJI,Fiji,2018,SP.POP.TOTL,917180
FJI,Fiji,2017,SP.POP.TOTL,918759
FJI,Fiji,2016,SP.POP.TOTL,919166
FJI,Fiji,2015,SP.POP.TOTL,918578
FJI,Fiji,2014,SP.POP.TOTL,917585
FJI,Fiji,2013,SP.POP.TOTL,916352
FJI,Fiji,2012,SP.POP.TOTL,914918
FJI,Fiji,2011,SP.POP.TOTL,912989
FJI,Fiji,2010,SP.POP.TOTL,910419
FJI,Fiji,2009,SP.POP.TOTL,907239
FJI,Fiji,2008,SP.POP.TOTL,903399
FJI,Fiji,2007,SP.POP.TOTL,897832
FJI,Fiji,2006,SP.POP.TOTL,890365
FJI,Fiji,2005,SP.POP.TOTL,882379
FIN,Finland,2025,SP.POP.TOTL,5646436
FIN,Finland,2024,SP.POP.TOTL,5619911
FIN,Finland,2023,SP.POP.TOTL,5583911
FIN,Finland,2022,SP.POP.TOTL,5556106
FIN,Finland,2021,SP.POP.TOTL,5541017
FIN,Finland,2020,SP.POP.TOTL,5529543
FIN,Finland,2019,SP.POP.TOTL,5521606
FIN,Finland,2018,SP.POP.TOTL,5515525
FIN,Finland,2017,SP.POP.TOTL,5508214
FIN,Finland,2016,SP.POP.TOTL,5495303
FIN,Finland,2015,SP.POP.TOTL,5479531
FIN,Finland,2014,SP.POP.TOTL,5461512
FIN,Finland,2013,SP.POP.TOTL,5438972
FIN,Finland,2012,SP.POP.TOTL,5413971
FIN,Finland,2011,SP.POP.TOTL,5388272
FIN,Finland,2010,SP.POP.TOTL,5363352
FIN,Finland,2009,SP.POP.TOTL,5338871
FIN,Finland,2008,SP.POP.TOTL,5313399
FIN,Finland,2007,SP.POP.TOTL,5288720
FIN,Finland,2006,SP.POP.TOTL,5266268
FIN,Finland,2005,SP.POP.TOTL,5246096
FRA,France,2025,SP.POP.TOTL,68720337
FRA,France,2024,SP.POP.TOTL,68551653
FRA,France,2023,SP.POP.TOTL,68372286
FRA,France,2022,SP.POP.TOTL,68184457
FRA,France,2021,SP.POP.TOTL,67842811
FRA,France,2020,SP.POP.TOTL,67601110
FRA,France,2019,SP.POP.TOTL,67382061
FRA,France,2018,SP.POP.TOTL,67158348
FRA,France,2017,SP.POP.TOTL,66918020
FRA,France,2016,SP.POP.TOTL,66724104
FRA,France,2015,SP.POP.TOTL,66548272
FRA,France,2014,SP.POP.TOTL,66312067
FRA,France,2013,SP.POP.TOTL,65997932
FRA,France,2012,SP.POP.TOTL,65657659
FRA,France,2011,SP.POP.TOTL,65340830
FRA,France,2010,SP.POP.TOTL,65026211
FRA,France,2009,SP.POP.TOTL,64706436
FRA,France,2008,SP.POP.TOTL,64375116
FRA,France,2007,SP.POP.TOTL,64016890
FRA,France,2006,SP.POP.TOTL,63622342
FRA,France,2005,SP.POP.TOTL,63180854
PYF,French Polynesia,2025,SP.POP.TOTL,282465
PYF,French Polynesia,2024,SP.POP.TOTL,281807
PYF,French Polynesia,2023,SP.POP.TOTL,281118
PYF,French Polynesia,2022,SP.POP.TOTL,280378
PYF,French Polynesia,2021,SP.POP.TOTL,279792
PYF,French Polynesia,2020,SP.POP.TOTL,279209
PYF,French Polynesia,2019,SP.POP.TOTL,279034
PYF,French Polynesia,2018,SP.POP.TOTL,279815
PYF,French Polynesia,2017,SP.POP.TOTL,280087
PYF,French Polynesia,2016,SP.POP.TOTL,279178
PYF,French Polynesia,2015,SP.POP.TOTL,277866
PYF,French Polynesia,2014,SP.POP.TOTL,276387
PYF,French Polynesia,2013,SP.POP.TOTL,274728
PYF,French Polynesia,2012,SP.POP.TOTL,273084
PYF,French Polynesia,2011,SP.POP.TOTL,271727
PYF,French Polynesia,2010,SP.POP.TOTL,270580
PYF,French Polynesia,2009,SP.POP.TOTL,269481
PYF,French Polynesia,2008,SP.POP.TOTL,268379
PYF,French Polynesia,2007,SP.POP.TOTL,266438
PYF,French Polynesia,2006,SP.POP.TOTL,263223
PYF,French Polynesia,2005,SP.POP.TOTL,259507
GAB,Gabon,2025,SP.POP.TOTL,2593130
GAB,Gabon,2024,SP.POP.TOTL,2538952
GAB,Gabon,2023,SP.POP.TOTL,2484789
GAB,Gabon,2022,SP.POP.TOTL,2430747
GAB,Gabon,2021,SP.POP.TOTL,2376722
GAB,Gabon,2020,SP.POP.TOTL,2322539
GAB,Gabon,2019,SP.POP.TOTL,2267706
GAB,Gabon,2018,SP.POP.TOTL,2212318
GAB,Gabon,2017,SP.POP.TOTL,2156900
GAB,Gabon,2016,SP.POP.TOTL,2100306
GAB,Gabon,2015,SP.POP.TOTL,2040989
GAB,Gabon,2014,SP.POP.TOTL,1978399
GAB,Gabon,2013,SP.POP.TOTL,1913059
GAB,Gabon,2012,SP.POP.TOTL,1846889
GAB,Gabon,2011,SP.POP.TOTL,1781985
GAB,Gabon,2010,SP.POP.TOTL,1719879
GAB,Gabon,2009,SP.POP.TOTL,1661556
GAB,Gabon,2008,SP.POP.TOTL,1607175
GAB,Gabon,2007,SP.POP.TOTL,1556237
GAB,Gabon,2006,SP.POP.TOTL,1508337
GAB,Gabon,2005,SP.POP.TOTL,1463495
GMB,"Gambia, The",2025,SP.POP.TOTL,2822093
GMB,"Gambia, The",2024,SP.POP.TOTL,2759988
GMB,"Gambia, The",2023,SP.POP.TOTL,2697845
GMB,"Gambia, The",2022,SP.POP.TOTL,2636470
GMB,"Gambia, The",2021,SP.POP.TOTL,2576010
GMB,"Gambia, The",2020,SP.POP.TOTL,2515733
GMB,"Gambia, The",2019,SP.POP.TOTL,2456844
GMB,"Gambia, The",2018,SP.POP.TOTL,2399632
GMB,"Gambia, The",2017,SP.POP.TOTL,2342189
GMB,"Gambia, The",2016,SP.POP.TOTL,2283769
GMB,"Gambia, The",2015,SP.POP.TOTL,2224529
GMB,"Gambia, The",2014,SP.POP.TOTL,2164528
GMB,"Gambia, The",2013,SP.POP.TOTL,2103820
GMB,"Gambia, The",2012,SP.POP.TOTL,2043094
GMB,"Gambia, The",2011,SP.POP.TOTL,1983784
GMB,"Gambia, The",2010,SP.POP.TOTL,1926630
GMB,"Gambia, The",2009,SP.POP.TOTL,1871422
GMB,"Gambia, The",2008,SP.POP.TOTL,1817852
GMB,"Gambia, The",2007,SP.POP.TOTL,1765774
GMB,"Gambia, The",2006,SP.POP.TOTL,1715275
GMB,"Gambia, The",2005,SP.POP.TOTL,1667037
GEO,Georgia,2025,SP.POP.TOTL,3935766
GEO,Georgia,2024,SP.POP.TOTL,3812518
GEO,Georgia,2023,SP.POP.TOTL,3715483
GEO,Georgia,2022,SP.POP.TOTL,3712502
GEO,Georgia,2021,SP.POP.TOTL,3708610
GEO,Georgia,2020,SP.POP.TOTL,3722716
GEO,Georgia,2019,SP.POP.TOTL,3720161
GEO,Georgia,2018,SP.POP.TOTL,3726549
GEO,Georgia,2017,SP.POP.TOTL,3728004
GEO,Georgia,2016,SP.POP.TOTL,3727505
GEO,Georgia,2015,SP.POP.TOTL,3725276
GEO,Georgia,2014,SP.POP.TOTL,3719414
GEO,Georgia,2013,SP.POP.TOTL,3717668
GEO,Georgia,2012,SP.POP.TOTL,3728874
GEO,Georgia,2011,SP.POP.TOTL,3756441
GEO,Georgia,2010,SP.POP.TOTL,3786695
GEO,Georgia,2009,SP.POP.TOTL,3814419
GEO,Georgia,2008,SP.POP.TOTL,3848449
GEO,Georgia,2007,SP.POP.TOTL,3860158
GEO,Georgia,2006,SP.POP.TOTL,3880347
GEO,Georgia,2005,SP.POP.TOTL,3902469
DEU,Germany,2025,SP.POP.TOTL,83491249
DEU,Germany,2024,SP.POP.TOTL,83516593
DEU,Germany,2023,SP.POP.TOTL,83287273
DEU,Germany,2022,SP.POP.TOTL,83177813
DEU,Germany,2021,SP.POP.TOTL,83196078
DEU,Germany,2020,SP.POP.TOTL,83160871
DEU,Germany,2019,SP.POP.TOTL,83092962
DEU,Germany,2018,SP.POP.TOTL,82905782
DEU,Germany,2017,SP.POP.TOTL,82657002
DEU,Germany,2016,SP.POP.TOTL,82348669
DEU,Germany,2015,SP.POP.TOTL,81686611
DEU,Germany,2014,SP.POP.TOTL,80982500
DEU,Germany,2013,SP.POP.TOTL,80645605
DEU,Germany,2012,SP.POP.TOTL,80425823
DEU,Germany,2011,SP.POP.TOTL,80274983
DEU,Germany,2010,SP.POP.TOTL,81776930
DEU,Germany,2009,SP.POP.TOTL,81902307
DEU,Germany,2008,SP.POP.TOTL,82110097
DEU,Germany,2007,SP.POP.TOTL,82266372
DEU,Germany,2006,SP.POP.TOTL,82376451
DEU,Germany,2005,SP.POP.TOTL,82469422
GHA,Ghana,2025,SP.POP.TOTL,35064272
GHA,Ghana,2024,SP.POP.TOTL,34427414
GHA,Ghana,2023,SP.POP.TOTL,33787914
GHA,Ghana,2022,SP.POP.TOTL,33149152
GHA,Ghana,2021,SP.POP.TOTL,32518665
GHA,Ghana,2020,SP.POP.TOTL,31887809
GHA,Ghana,2019,SP.POP.TOTL,31258945
GHA,Ghana,2018,SP.POP.TOTL,30637585
GHA,Ghana,2017,SP.POP.TOTL,30008354
GHA,Ghana,2016,SP.POP.TOTL,29356742
GHA,Ghana,2015,SP.POP.TOTL,28696068
GHA,Ghana,2014,SP.POP.TOTL,28041592
GHA,Ghana,2013,SP.POP.TOTL,27386193
GHA,Ghana,2012,SP.POP.TOTL,26734268
GHA,Ghana,2011,SP.POP.TOTL,26095088
GHA,Ghana,2010,SP.POP.TOTL,25474995
GHA,Ghana,2009,SP.POP.TOTL,24862664
GHA,Ghana,2008,SP.POP.TOTL,24249946
GHA,Ghana,2007,SP.POP.TOTL,23642279
GHA,Ghana,2006,SP.POP.TOTL,23040702
GHA,Ghana,2005,SP.POP.TOTL,22449438
GIB,Gibraltar,2025,SP.POP.TOTL,40126
GIB,Gibraltar,2024,SP.POP.TOTL,39329
GIB,Gibraltar,2023,SP.POP.TOTL,38471
GIB,Gibraltar,2022,SP.POP.TOTL,37609
GIB,Gibraltar,2021,SP.POP.TOTL,36858
GIB,Gibraltar,2020,SP.POP.TOTL,36173
GIB,Gibraltar,2019,SP.POP.TOTL,35494
GIB,Gibraltar,2018,SP.POP.TOTL,34854
GIB,Gibraltar,2017,SP.POP.TOTL,34245
GIB,Gibraltar,2016,SP.POP.TOTL,33658
GIB,Gibraltar,2015,SP.POP.TOTL,33193
GIB,Gibraltar,2014,SP.POP.TOTL,32813
GIB,Gibraltar,2013,SP.POP.TOTL,32407
GIB,Gibraltar,2012,SP.POP.TOTL,32029
GIB,Gibraltar,2011,SP.POP.TOTL,31660
GIB,Gibraltar,2010,SP.POP.TOTL,31248
GIB,Gibraltar,2009,SP.POP.TOTL,30823
GIB,Gibraltar,2008,SP.POP.TOTL,30413
GIB,Gibraltar,2007,SP.POP.TOTL,30006
GIB,Gibraltar,2006,SP.POP.TOTL,29594
GIB,Gibraltar,2005,SP.POP.TOTL,29163
GRC,Greece,2025,SP.POP.TOTL,10413962
GRC,Greece,2024,SP.POP.TOTL,10405134
GRC,Greece,2023,SP.POP.TOTL,10407351
GRC,Greece,2022,SP.POP.TOTL,10437805
GRC,Greece,2021,SP.POP.TOTL,10570130
GRC,Greece,2020,SP.POP.TOTL,10698599
GRC,Greece,2019,SP.POP.TOTL,10721582
GRC,Greece,2018,SP.POP.TOTL,10732882
GRC,Greece,2017,SP.POP.TOTL,10754679
GRC,Greece,2016,SP.POP.TOTL,10775971
GRC,Greece,2015,SP.POP.TOTL,10820883
GRC,Greece,2014,SP.POP.TOTL,10892413
GRC,Greece,2013,SP.POP.TOTL,10965211
GRC,Greece,2012,SP.POP.TOTL,11045011
GRC,Greece,2011,SP.POP.TOTL,11104899
GRC,Greece,2010,SP.POP.TOTL,11121341
GRC,Greece,2009,SP.POP.TOTL,11107017
GRC,Greece,2008,SP.POP.TOTL,11077841
GRC,Greece,2007,SP.POP.TOTL,11048473
GRC,Greece,2006,SP.POP.TOTL,11020362
GRC,Greece,2005,SP.POP.TOTL,10987314
GRL,Greenland,2025,SP.POP.TOTL,56831
GRL,Greenland,2024,SP.POP.TOTL,56836
GRL,Greenland,2023,SP.POP.TOTL,56865
GRL,Greenland,2022,SP.POP.TOTL,56661
GRL,Greenland,2021,SP.POP.TOTL,56653
GRL,Greenland,2020,SP.POP.TOTL,56367
GRL,Greenland,2019,SP.POP.TOTL,56225
GRL,Greenland,2018,SP.POP.TOTL,56023
GRL,Greenland,2017,SP.POP.TOTL,56172
GRL,Greenland,2016,SP.POP.TOTL,56186
GRL,Greenland,2015,SP.POP.TOTL,56114
GRL,Greenland,2014,SP.POP.TOTL,56295
GRL,Greenland,2013,SP.POP.TOTL,56483
GRL,Greenland,2012,SP.POP.TOTL,56810
GRL,Greenland,2011,SP.POP.TOTL,56890
GRL,Greenland,2010,SP.POP.TOTL,56534
GRL,Greenland,2009,SP.POP.TOTL,56323
GRL,Greenland,2008,SP.POP.TOTL,56328
GRL,Greenland,2007,SP.POP.TOTL,56555
GRL,Greenland,2006,SP.POP.TOTL,56775
GRL,Greenland,2005,SP.POP.TOTL,56935
GRD,Grenada,2025,SP.POP.TOTL,117303
GRD,Grenada,2024,SP.POP.TOTL,117207
GRD,Grenada,2023,SP.POP.TOTL,117081
GRD,Grenada,2022,SP.POP.TOTL,116913
GRD,Grenada,2021,SP.POP.TOTL,116688
GRD,Grenada,2020,SP.POP.TOTL,116341
GRD,Grenada,2019,SP.POP.TOTL,115981
GRD,Grenada,2018,SP.POP.TOTL,115691
GRD,Grenada,2017,SP.POP.TOTL,115438
GRD,Grenada,2016,SP.POP.TOTL,115130
GRD,Grenada,2015,SP.POP.TOTL,114676
GRD,Grenada,2014,SP.POP.TOTL,114132
GRD,Grenada,2013,SP.POP.TOTL,113487
GRD,Grenada,2012,SP.POP.TOTL,112775
GRD,Grenada,2011,SP.POP.TOTL,112079
GRD,Grenada,2010,SP.POP.TOTL,111586
GRD,Grenada,2009,SP.POP.TOTL,111254
GRD,Grenada,2008,SP.POP.TOTL,110896
GRD,Grenada,2007,SP.POP.TOTL,110522
GRD,Grenada,2006,SP.POP.TOTL,110135
GRD,Grenada,2005,SP.POP.TOTL,109734
GUM,Guam,2025,SP.POP.TOTL,168999
GUM,Guam,2024,SP.POP.TOTL,167777
GUM,Guam,2023,SP.POP.TOTL,166506
GUM,Guam,2022,SP.POP.TOTL,165180
GUM,Guam,2021,SP.POP.TOTL,163730
GUM,Guam,2020,SP.POP.TOTL,162158
GUM,Guam,2019,SP.POP.TOTL,161808
GUM,Guam,2018,SP.POP.TOTL,162679
GUM,Guam,2017,SP.POP.TOTL,163490
GUM,Guam,2016,SP.POP.TOTL,164233
GUM,Guam,2015,SP.POP.TOTL,164905
GUM,Guam,2014,SP.POP.TOTL,165486
GUM,Guam,2013,SP.POP.TOTL,165966
GUM,Guam,2012,SP.POP.TOTL,166331
GUM,Guam,2011,SP.POP.TOTL,166543
GUM,Guam,2010,SP.POP.TOTL,166522
GUM,Guam,2009,SP.POP.TOTL,166173
GUM,Guam,2008,SP.POP.TOTL,165693
GUM,Guam,2007,SP.POP.TOTL,165267
GUM,Guam,2006,SP.POP.TOTL,164839
GUM,Guam,2005,SP.POP.TOTL,164365
GTM,Guatemala,2025,SP.POP.TOTL,18687881
GTM,Guatemala,2024,SP.POP.TOTL,18406359
GTM,Guatemala,2023,SP.POP.TOTL,18124838
GTM,Guatemala,2022,SP.POP.TOTL,17847877
GTM,Guatemala,2021,SP.POP.TOTL,17598650
GTM,Guatemala,2020,SP.POP.TOTL,17357325
GTM,Guatemala,2019,SP.POP.TOTL,17103803
GTM,Guatemala,2018,SP.POP.TOTL,16845685
GTM,Guatemala,2017,SP.POP.TOTL,16567357
GTM,Guatemala,2016,SP.POP.TOTL,16268760
GTM,Guatemala,2015,SP.POP.TOTL,15971743
GTM,Guatemala,2014,SP.POP.TOTL,15681725
GTM,Guatemala,2013,SP.POP.TOTL,15387337
GTM,Guatemala,2012,SP.POP.TOTL,15089647
GTM,Guatemala,2011,SP.POP.TOTL,14792126
GTM,Guatemala,2010,SP.POP.TOTL,14500112
GTM,Guatemala,2009,SP.POP.TOTL,14215611
GTM,Guatemala,2008,SP.POP.TOTL,13935174
GTM,Guatemala,2007,SP.POP.TOTL,13652040
GTM,Guatemala,2006,SP.POP.TOTL,13367459
GTM,Guatemala,2005,SP.POP.TOTL,13087629
GIN,Guinea,2025,SP.POP.TOTL,15099727
GIN,Guinea,2024,SP.POP.TOTL,14754785
GIN,Guinea,2023,SP.POP.TOTL,14405468
GIN,Guinea,2022,SP.POP.TOTL,14055137
GIN,Guinea,2021,SP.POP.TOTL,13710513
GIN,Guinea,2020,SP.POP.TOTL,13371183
GIN,Guinea,2019,SP.POP.TOTL,13034346
GIN,Guinea,2018,SP.POP.TOTL,12704774
GIN,Guinea,2017,SP.POP.TOTL,12385659
GIN,Guinea,2016,SP.POP.TOTL,12073030
GIN,Guinea,2015,SP.POP.TOTL,11767070
GIN,Guinea,2014,SP.POP.TOTL,11472924
GIN,Guinea,2013,SP.POP.TOTL,11191873
GIN,Guinea,2012,SP.POP.TOTL,10921581
GIN,Guinea,2011,SP.POP.TOTL,10656810
GIN,Guinea,2010,SP.POP.TOTL,10396086
GIN,Guinea,2009,SP.POP.TOTL,10143534
GIN,Guinea,2008,SP.POP.TOTL,9898870
GIN,Guinea,2007,SP.POP.TOTL,9662281
GIN,Guinea,2006,SP.POP.TOTL,9441171
GIN,Guinea,2005,SP.POP.TOTL,9245844
GNB,Guinea-Bissau,2025,SP.POP.TOTL,2249515
GNB,Guinea-Bissau,2024,SP.POP.TOTL,2201352
GNB,Guinea-Bissau,2023,SP.POP.TOTL,2153339
GNB,Guinea-Bissau,2022,SP.POP.TOTL,2105529
GNB,Guinea-Bissau,2021,SP.POP.TOTL,2058841
GNB,Guinea-Bissau,2020,SP.POP.TOTL,2013255
GNB,Guinea-Bissau,2019,SP.POP.TOTL,1967696
GNB,Guinea-Bissau,2018,SP.POP.TOTL,1922168
GNB,Guinea-Bissau,2017,SP.POP.TOTL,1877072
GNB,Guinea-Bissau,2016,SP.POP.TOTL,1831893
GNB,Guinea-Bissau,2015,SP.POP.TOTL,1786457
GNB,Guinea-Bissau,2014,SP.POP.TOTL,1741122
GNB,Guinea-Bissau,2013,SP.POP.TOTL,1695973
GNB,Guinea-Bissau,2012,SP.POP.TOTL,1651417
GNB,Guinea-Bissau,2011,SP.POP.TOTL,1608076
GNB,Guinea-Bissau,2010,SP.POP.TOTL,1566347
GNB,Guinea-Bissau,2009,SP.POP.TOTL,1526377
GNB,Guinea-Bissau,2008,SP.POP.TOTL,1488054
GNB,Guinea-Bissau,2007,SP.POP.TOTL,1450986
GNB,Guinea-Bissau,2006,SP.POP.TOTL,1415303
GNB,Guinea-Bissau,2005,SP.POP.TOTL,1381585
GUY,Guyana,2025,SP.POP.TOTL,835986
GUY,Guyana,2024,SP.POP.TOTL,831087
GUY,Guyana,2023,SP.POP.TOTL,826353
GUY,Guyana,2022,SP.POP.TOTL,821637
GUY,Guyana,2021,SP.POP.TOTL,815482
GUY,Guyana,2020,SP.POP.TOTL,807481
GUY,Guyana,2019,SP.POP.TOTL,807665
GUY,Guyana,2018,SP.POP.TOTL,791556
GUY,Guyana,2017,SP.POP.TOTL,768479
GUY,Guyana,2016,SP.POP.TOTL,763548
GUY,Guyana,2015,SP.POP.TOTL,758781
GUY,Guyana,2014,SP.POP.TOTL,754229
GUY,Guyana,2013,SP.POP.TOTL,750021
GUY,Guyana,2012,SP.POP.TOTL,746288
GUY,Guyana,2011,SP.POP.TOTL,746153
GUY,Guyana,2010,SP.POP.TOTL,749256
GUY,Guyana,2009,SP.POP.TOTL,752094
GUY,Guyana,2008,SP.POP.TOTL,754606
GUY,Guyana,2007,SP.POP.TOTL,756861
GUY,Guyana,2006,SP.POP.TOTL,758966
GUY,Guyana,2005,SP.POP.TOTL,760914
HTI,Haiti,2025,SP.POP.TOTL,11906095
HTI,Haiti,2024,SP.POP.TOTL,11772557
HTI,Haiti,2023,SP.POP.TOTL,11637398
HTI,Haiti,2022,SP.POP.TOTL,11503606
HTI,Haiti,2021,SP.POP.TOTL,11374586
HTI,Haiti,2020,SP.POP.TOTL,11243848
HTI,Haiti,2019,SP.POP.TOTL,11105163
HTI,Haiti,2018,SP.POP.TOTL,10962362
HTI,Haiti,2017,SP.POP.TOTL,10817754
HTI,Haiti,2016,SP.POP.TOTL,10671457
HTI,Haiti,2015,SP.POP.TOTL,10523242
HTI,Haiti,2014,SP.POP.TOTL,10373235
HTI,Haiti,2013,SP.POP.TOTL,10222362
HTI,Haiti,2012,SP.POP.TOTL,10069771
HTI,Haiti,2011,SP.POP.TOTL,9914904
HTI,Haiti,2010,SP.POP.TOTL,9803294
HTI,Haiti,2009,SP.POP.TOTL,9689581
HTI,Haiti,2008,SP.POP.TOTL,9530774
HTI,Haiti,2007,SP.POP.TOTL,9373296
HTI,Haiti,2006,SP.POP.TOTL,9216562
HTI,Haiti,2005,SP.POP.TOTL,9061273
HND,Honduras,2025,SP.POP.TOTL,11005850
HND,Honduras,2024,SP.POP.TOTL,10825703
HND,Honduras,2023,SP.POP.TOTL,10644851
HND,Honduras,2022,SP.POP.TOTL,10463872
HND,Honduras,2021,SP.POP.TOTL,10289877
HND,Honduras,2020,SP.POP.TOTL,10119640
HND,Honduras,2019,SP.POP.TOTL,9943633
HND,Honduras,2018,SP.POP.TOTL,9765210
HND,Honduras,2017,SP.POP.TOTL,9588137
HND,Honduras,2016,SP.POP.TOTL,9412380
HND,Honduras,2015,SP.POP.TOTL,9237305
HND,Honduras,2014,SP.POP.TOTL,9063122
HND,Honduras,2013,SP.POP.TOTL,8889278
HND,Honduras,2012,SP.POP.TOTL,8715076
HND,Honduras,2011,SP.POP.TOTL,8540583
HND,Honduras,2010,SP.POP.TOTL,8365878
HND,Honduras,2009,SP.POP.TOTL,8189899
HND,Honduras,2008,SP.POP.TOTL,8012587
HND,Honduras,2007,SP.POP.TOTL,7834798
HND,Honduras,2006,SP.POP.TOTL,7656832
HND,Honduras,2005,SP.POP.TOTL,7478355
HKG,"Hong Kong SAR, China",2025,SP.POP.TOTL,7498900
HKG,"Hong Kong SAR, China",2024,SP.POP.TOTL,7524100
HKG,"Hong Kong SAR, China",2023,SP.POP.TOTL,7536100
HKG,"Hong Kong SAR, China",2022,SP.POP.TOTL,7346100
HKG,"Hong Kong SAR, China",2021,SP.POP.TOTL,7413100
HKG,"Hong Kong SAR, China",2020,SP.POP.TOTL,7481000
HKG,"Hong Kong SAR, China",2019,SP.POP.TOTL,7507900
HKG,"Hong Kong SAR, China",2018,SP.POP.TOTL,7452600
HKG,"Hong Kong SAR, China",2017,SP.POP.TOTL,7393200
HKG,"Hong Kong SAR, China",2016,SP.POP.TOTL,7336600
HKG,"Hong Kong SAR, China",2015,SP.POP.TOTL,7291300
HKG,"Hong Kong SAR, China",2014,SP.POP.TOTL,7229500
HKG,"Hong Kong SAR, China",2013,SP.POP.TOTL,7178900
HKG,"Hong Kong SAR, China",2012,SP.POP.TOTL,7150100
HKG,"Hong Kong SAR, China",2011,SP.POP.TOTL,7071600
HKG,"Hong Kong SAR, China",2010,SP.POP.TOTL,7024200
HKG,"Hong Kong SAR, China",2009,SP.POP.TOTL,6972800
HKG,"Hong Kong SAR, China",2008,SP.POP.TOTL,6957800
HKG,"Hong Kong SAR, China",2007,SP.POP.TOTL,6916300
HKG,"Hong Kong SAR, China",2006,SP.POP.TOTL,6857100
HKG,"Hong Kong SAR, China",2005,SP.POP.TOTL,6813200
HUN,Hungary,2025,SP.POP.TOTL,9514251
HUN,Hungary,2024,SP.POP.TOTL,9562065
HUN,Hungary,2023,SP.POP.TOTL,9592186
HUN,Hungary,2022,SP.POP.TOTL,9605074
HUN,Hungary,2021,SP.POP.TOTL,9630932
HUN,Hungary,2020,SP.POP.TOTL,9670419
HUN,Hungary,2019,SP.POP.TOTL,9694824
HUN,Hungary,2018,SP.POP.TOTL,9706964
HUN,Hungary,2017,SP.POP.TOTL,9726756
HUN,Hungary,2016,SP.POP.TOTL,9759755
HUN,Hungary,2015,SP.POP.TOTL,9797755
HUN,Hungary,2014,SP.POP.TOTL,9833038
HUN,Hungary,2013,SP.POP.TOTL,9872734
HUN,Hungary,2012,SP.POP.TOTL,9920362
HUN,Hungary,2011,SP.POP.TOTL,9971727
HUN,Hungary,2010,SP.POP.TOTL,10000023
HUN,Hungary,2009,SP.POP.TOTL,10022650
HUN,Hungary,2008,SP.POP.TOTL,10038188
HUN,Hungary,2007,SP.POP.TOTL,10055780
HUN,Hungary,2006,SP.POP.TOTL,10071370
HUN,Hungary,2005,SP.POP.TOTL,10087065
ISL,Iceland,2025,SP.POP.TOTL,392404
ISL,Iceland,2024,SP.POP.TOTL,386506
ISL,Iceland,2023,SP.POP.TOTL,385663
ISL,Iceland,2022,SP.POP.TOTL,382003
ISL,Iceland,2021,SP.POP.TOTL,372520
ISL,Iceland,2020,SP.POP.TOTL,366463
ISL,Iceland,2019,SP.POP.TOTL,360563
ISL,Iceland,2018,SP.POP.TOTL,352721
ISL,Iceland,2017,SP.POP.TOTL,343400
ISL,Iceland,2016,SP.POP.TOTL,335439
ISL,Iceland,2015,SP.POP.TOTL,330815
ISL,Iceland,2014,SP.POP.TOTL,327386
ISL,Iceland,2013,SP.POP.TOTL,323764
ISL,Iceland,2012,SP.POP.TOTL,320716
ISL,Iceland,2011,SP.POP.TOTL,319014
ISL,Iceland,2010,SP.POP.TOTL,318041
ISL,Iceland,2009,SP.POP.TOTL,318499
ISL,Iceland,2008,SP.POP.TOTL,317414
ISL,Iceland,2007,SP.POP.TOTL,311566
ISL,Iceland,2006,SP.POP.TOTL,303782
ISL,Iceland,2005,SP.POP.TOTL,296734
IND,India,2025,SP.POP.TOTL,1463865525
IND,India,2024,SP.POP.TOTL,1450935791
IND,India,2023,SP.POP.TOTL,1438069596
IND,India,2022,SP.POP.TOTL,1425423212
IND,India,2021,SP.POP.TOTL,1414203896
IND,India,2020,SP.POP.TOTL,1402617695
IND,India,2019,SP.POP.TOTL,1389030312
IND,India,2018,SP.POP.TOTL,1374659064
IND,India,2017,SP.POP.TOTL,1359657400
IND,India,2016,SP.POP.TOTL,1343944296
IND,India,2015,SP.POP.TOTL,1328024498
IND,India,2014,SP.POP.TOTL,1312277191
IND,India,2013,SP.POP.TOTL,1295829511
IND,India,2012,SP.POP.TOTL,1278674502
IND,India,2011,SP.POP.TOTL,1261224954
IND,India,2010,SP.POP.TOTL,1243481564
IND,India,2009,SP.POP.TOTL,1225524753
IND,India,2008,SP.POP.TOTL,1207930964
IND,India,2007,SP.POP.TOTL,1190676021
IND,India,2006,SP.POP.TOTL,1172878890
IND,India,2005,SP.POP.TOTL,1154676322
IDN,Indonesia,2025,SP.POP.TOTL,285721236
IDN,Indonesia,2024,SP.POP.TOTL,283487931
IDN,Indonesia,2023,SP.POP.TOTL,281190067
IDN,Indonesia,2022,SP.POP.TOTL,278830529
IDN,Indonesia,2021,SP.POP.TOTL,276758053
IDN,Indonesia,2020,SP.POP.TOTL,274814866
IDN,Indonesia,2019,SP.POP.TOTL,272489381
IDN,Indonesia,2018,SP.POP.TOTL,269951846
IDN,Indonesia,2017,SP.POP.TOTL,267346658
IDN,Indonesia,2016,SP.POP.TOTL,264627418
IDN,Indonesia,2015,SP.POP.TOTL,261799249
IDN,Indonesia,2014,SP.POP.TOTL,258877399
IDN,Indonesia,2013,SP.POP.TOTL,255852467
IDN,Indonesia,2012,SP.POP.TOTL,252698525
IDN,Indonesia,2011,SP.POP.TOTL,249470032
IDN,Indonesia,2010,SP.POP.TOTL,246305322
IDN,Indonesia,2009,SP.POP.TOTL,243220028
IDN,Indonesia,2008,SP.POP.TOTL,240157903
IDN,Indonesia,2007,SP.POP.TOTL,237062337
IDN,Indonesia,2006,SP.POP.TOTL,233951652
IDN,Indonesia,2005,SP.POP.TOTL,230871650
IRN,"Iran, Islamic Rep.",2025,SP.POP.TOTL,92417681
IRN,"Iran, Islamic Rep.",2024,SP.POP.TOTL,91567738
IRN,"Iran, Islamic Rep.",2023,SP.POP.TOTL,90608707
IRN,"Iran, Islamic Rep.",2022,SP.POP.TOTL,89524246
IRN,"Iran, Islamic Rep.",2021,SP.POP.TOTL,88455488
IRN,"Iran, Islamic Rep.",2020,SP.POP.TOTL,87723443
IRN,"Iran, Islamic Rep.",2019,SP.POP.TOTL,87051648
IRN,"Iran, Islamic Rep.",2018,SP.POP.TOTL,86117998
IRN,"Iran, Islamic Rep.",2017,SP.POP.TOTL,85026754
IRN,"Iran, Islamic Rep.",2016,SP.POP.TOTL,83812228
IRN,"Iran, Islamic Rep.",2015,SP.POP.TOTL,82619362
IRN,"Iran, Islamic Rep.",2014,SP.POP.TOTL,81502045
IRN,"Iran, Islamic Rep.",2013,SP.POP.TOTL,80414686
IRN,"Iran, Islamic Rep.",2012,SP.POP.TOTL,79370580
IRN,"Iran, Islamic Rep.",2011,SP.POP.TOTL,78383598
IRN,"Iran, Islamic Rep.",2010,SP.POP.TOTL,77420842
IRN,"Iran, Islamic Rep.",2009,SP.POP.TOTL,76457825
IRN,"Iran, Islamic Rep.",2008,SP.POP.TOTL,75514204
IRN,"Iran, Islamic Rep.",2007,SP.POP.TOTL,74602648
IRN,"Iran, Islamic Rep.",2006,SP.POP.TOTL,73392747
IRN,"Iran, Islamic Rep.",2005,SP.POP.TOTL,71828455
IRQ,Iraq,2025,SP.POP.TOTL,47020774
IRQ,Iraq,2024,SP.POP.TOTL,46042015
IRQ,Iraq,2023,SP.POP.TOTL,45074049
IRQ,Iraq,2022,SP.POP.TOTL,44070551
IRQ,Iraq,2021,SP.POP.TOTL,43071211
IRQ,Iraq,2020,SP.POP.TOTL,42116605
IRQ,Iraq,2019,SP.POP.TOTL,41192171
IRQ,Iraq,2018,SP.POP.TOTL,40265624
IRQ,Iraq,2017,SP.POP.TOTL,39337353
IRQ,Iraq,2016,SP.POP.TOTL,38469627
IRQ,Iraq,2015,SP.POP.TOTL,37560535
IRQ,Iraq,2014,SP.POP.TOTL,36550059
IRQ,Iraq,2013,SP.POP.TOTL,35281989
IRQ,Iraq,2012,SP.POP.TOTL,33654842
IRQ,Iraq,2011,SP.POP.TOTL,32161424
IRQ,Iraq,2010,SP.POP.TOTL,31045366
IRQ,Iraq,2009,SP.POP.TOTL,30058206
IRQ,Iraq,2008,SP.POP.TOTL,28971036
IRQ,Iraq,2007,SP.POP.TOTL,28391607
IRQ,Iraq,2006,SP.POP.TOTL,28616515
IRQ,Iraq,2005,SP.POP.TOTL,28407448
IRL,Ireland,2025,SP.POP.TOTL,5484367
IRL,Ireland,2024,SP.POP.TOTL,5395790
IRL,Ireland,2023,SP.POP.TOTL,5311538
IRL,Ireland,2022,SP.POP.TOTL,5212836
IRL,Ireland,2021,SP.POP.TOTL,5110585
IRL,Ireland,2020,SP.POP.TOTL,5039747
IRL,Ireland,2019,SP.POP.TOTL,4976456
IRL,Ireland,2018,SP.POP.TOTL,4898022
IRL,Ireland,2017,SP.POP.TOTL,4827445
IRL,Ireland,2016,SP.POP.TOTL,4762722
IRL,Ireland,2015,SP.POP.TOTL,4701957
IRL,Ireland,2014,SP.POP.TOTL,4657740
IRL,Ireland,2013,SP.POP.TOTL,4623816
IRL,Ireland,2012,SP.POP.TOTL,4599533
IRL,Ireland,2011,SP.POP.TOTL,4580084
IRL,Ireland,2010,SP.POP.TOTL,4560155
IRL,Ireland,2009,SP.POP.TOTL,4535375
IRL,Ireland,2008,SP.POP.TOTL,4489544
IRL,Ireland,2007,SP.POP.TOTL,4398942
IRL,Ireland,2006,SP.POP.TOTL,4273591
IRL,Ireland,2005,SP.POP.TOTL,4159914
IMN,Isle of Man,2025,SP.POP.TOTL,84118
IMN,Isle of Man,2024,SP.POP.TOTL,84160
IMN,Isle of Man,2023,SP.POP.TOTL,84165
IMN,Isle of Man,2022,SP.POP.TOTL,84132
IMN,Isle of Man,2021,SP.POP.TOTL,84106
IMN,Isle of Man,2020,SP.POP.TOTL,84064
IMN,Isle of Man,2019,SP.POP.TOTL,83957
IMN,Isle of Man,2018,SP.POP.TOTL,83805
IMN,Isle of Man,2017,SP.POP.TOTL,83609
IMN,Isle of Man,2016,SP.POP.TOTL,83466
IMN,Isle of Man,2015,SP.POP.TOTL,83593
IMN,Isle of Man,2014,SP.POP.TOTL,83892
IMN,Isle of Man,2013,SP.POP.TOTL,84141
IMN,Isle of Man,2012,SP.POP.TOTL,84335
IMN,Isle of Man,2011,SP.POP.TOTL,84382
IMN,Isle of Man,2010,SP.POP.TOTL,83873
IMN,Isle of Man,2009,SP.POP.TOTL,82939
IMN,Isle of Man,2008,SP.POP.TOTL,82029
IMN,Isle of Man,2007,SP.POP.TOTL,81147
IMN,Isle of Man,2006,SP.POP.TOTL,80294
IMN,Isle of Man,2005,SP.POP.TOTL,79516
ISR,Israel,2025,SP.POP.TOTL,10122800
ISR,Israel,2024,SP.POP.TOTL,10002200
ISR,Israel,2023,SP.POP.TOTL,9849000
ISR,Israel,2022,SP.POP.TOTL,9557500
ISR,Israel,2021,SP.POP.TOTL,9371400
ISR,Israel,2020,SP.POP.TOTL,9215100
ISR,Israel,2019,SP.POP.TOTL,9054000
ISR,Israel,2018,SP.POP.TOTL,8882800
ISR,Israel,2017,SP.POP.TOTL,8713300
ISR,Israel,2016,SP.POP.TOTL,8546000
ISR,Israel,2015,SP.POP.TOTL,8380100
ISR,Israel,2014,SP.POP.TOTL,8215700
ISR,Israel,2013,SP.POP.TOTL,8059500
ISR,Israel,2012,SP.POP.TOTL,7910500
ISR,Israel,2011,SP.POP.TOTL,7765800
ISR,Israel,2010,SP.POP.TOTL,7623600
ISR,Israel,2009,SP.POP.TOTL,7485600
ISR,Israel,2008,SP.POP.TOTL,7308800
ISR,Israel,2007,SP.POP.TOTL,7180100
ISR,Israel,2006,SP.POP.TOTL,7053700
ISR,Israel,2005,SP.POP.TOTL,6930100
ITA,Italy,2025,SP.POP.TOTL,58915656
ITA,Italy,2024,SP.POP.TOTL,58952704
ITA,Italy,2023,SP.POP.TOTL,58984216
ITA,Italy,2022,SP.POP.TOTL,59013667
ITA,Italy,2021,SP.POP.TOTL,59133173
ITA,Italy,2020,SP.POP.TOTL,59438851
ITA,Italy,2019,SP.POP.TOTL,59729081
ITA,Italy,2018,SP.POP.TOTL,59877221
ITA,Italy,2017,SP.POP.TOTL,60002252
ITA,Italy,2016,SP.POP.TOTL,60115223
ITA,Italy,2015,SP.POP.TOTL,60229605
ITA,Italy,2014,SP.POP.TOTL,60320707
ITA,Italy,2013,SP.POP.TOTL,60311613
ITA,Italy,2012,SP.POP.TOTL,60191247
ITA,Italy,2011,SP.POP.TOTL,60026841
ITA,Italy,2010,SP.POP.TOTL,59819407
ITA,Italy,2009,SP.POP.TOTL,59555454
ITA,Italy,2008,SP.POP.TOTL,59211181
ITA,Italy,2007,SP.POP.TOTL,58756247
ITA,Italy,2006,SP.POP.TOTL,58399861
ITA,Italy,2005,SP.POP.TOTL,58166682
JAM,Jamaica,2025,SP.POP.TOTL,2837077
JAM,Jamaica,2024,SP.POP.TOTL,2839175
JAM,Jamaica,2023,SP.POP.TOTL,2839786
JAM,Jamaica,2022,SP.POP.TOTL,2839144
JAM,Jamaica,2021,SP.POP.TOTL,2837682
JAM,Jamaica,2020,SP.POP.TOTL,2830739
JAM,Jamaica,2019,SP.POP.TOTL,2823271
JAM,Jamaica,2018,SP.POP.TOTL,2820097
JAM,Jamaica,2017,SP.POP.TOTL,2815764
JAM,Jamaica,2016,SP.POP.TOTL,2809915
JAM,Jamaica,2015,SP.POP.TOTL,2802534
JAM,Jamaica,2014,SP.POP.TOTL,2793749
JAM,Jamaica,2013,SP.POP.TOTL,2783687
JAM,Jamaica,2012,SP.POP.TOTL,2772430
JAM,Jamaica,2011,SP.POP.TOTL,2760494
JAM,Jamaica,2010,SP.POP.TOTL,2748568
JAM,Jamaica,2009,SP.POP.TOTL,2736995
JAM,Jamaica,2008,SP.POP.TOTL,2725635
JAM,Jamaica,2007,SP.POP.TOTL,2713800
JAM,Jamaica,2006,SP.POP.TOTL,2700968
JAM,Jamaica,2005,SP.POP.TOTL,2687066
JPN,Japan,2025,SP.POP.TOTL,123366734
JPN,Japan,2024,SP.POP.TOTL,123975371
JPN,Japan,2023,SP.POP.TOTL,124516650
JPN,Japan,2022,SP.POP.TOTL,125124989
JPN,Japan,2021,SP.POP.TOTL,125681593
JPN,Japan,2020,SP.POP.TOTL,126261000
JPN,Japan,2019,SP.POP.TOTL,126633000
JPN,Japan,2018,SP.POP.TOTL,126811000
JPN,Japan,2017,SP.POP.TOTL,126972000
JPN,Japan,2016,SP.POP.TOTL,127076000
JPN,Japan,2015,SP.POP.TOTL,127141000
JPN,Japan,2014,SP.POP.TOTL,127276000
JPN,Japan,2013,SP.POP.TOTL,127445000
JPN,Japan,2012,SP.POP.TOTL,127629000
JPN,Japan,2011,SP.POP.TOTL,127833000
JPN,Japan,2010,SP.POP.TOTL,128070000
JPN,Japan,2009,SP.POP.TOTL,128047000
JPN,Japan,2008,SP.POP.TOTL,128063000
JPN,Japan,2007,SP.POP.TOTL,128001000
JPN,Japan,2006,SP.POP.TOTL,127854000
JPN,Japan,2005,SP.POP.TOTL,127773000
JOR,Jordan,2025,SP.POP.TOTL,11520684
JOR,Jordan,2024,SP.POP.TOTL,11552876
JOR,Jordan,2023,SP.POP.TOTL,11439213
JOR,Jordan,2022,SP.POP.TOTL,11256263
JOR,Jordan,2021,SP.POP.TOTL,11066356
JOR,Jordan,2020,SP.POP.TOTL,10865228
JOR,Jordan,2019,SP.POP.TOTL,10671891
JOR,Jordan,2018,SP.POP.TOTL,10462306
JOR,Jordan,2017,SP.POP.TOTL,10234226
JOR,Jordan,2016,SP.POP.TOTL,10006367
JOR,Jordan,2015,SP.POP.TOTL,9544729
JOR,Jordan,2014,SP.POP.TOTL,8791710
JOR,Jordan,2013,SP.POP.TOTL,7991809
JOR,Jordan,2012,SP.POP.TOTL,7587127
JOR,Jordan,2011,SP.POP.TOTL,7480424
JOR,Jordan,2010,SP.POP.TOTL,7297043
JOR,Jordan,2009,SP.POP.TOTL,7141753
JOR,Jordan,2008,SP.POP.TOTL,6989866
JOR,Jordan,2007,SP.POP.TOTL,6827227
JOR,Jordan,2006,SP.POP.TOTL,6427371
JOR,Jordan,2005,SP.POP.TOTL,6029587
KAZ,Kazakhstan,2025,SP.POP.TOTL,20843754
KAZ,Kazakhstan,2024,SP.POP.TOTL,20592571
KAZ,Kazakhstan,2023,SP.POP.TOTL,20330104
KAZ,Kazakhstan,2022,SP.POP.TOTL,20034609
KAZ,Kazakhstan,2021,SP.POP.TOTL,19743603
KAZ,Kazakhstan,2020,SP.POP.TOTL,19482117
KAZ,Kazakhstan,2019,SP.POP.TOTL,19209555
KAZ,Kazakhstan,2018,SP.POP.TOTL,18932727
KAZ,Kazakhstan,2017,SP.POP.TOTL,18651931
KAZ,Kazakhstan,2016,SP.POP.TOTL,18363600
KAZ,Kazakhstan,2015,SP.POP.TOTL,18084169
KAZ,Kazakhstan,2014,SP.POP.TOTL,17816285
KAZ,Kazakhstan,2013,SP.POP.TOTL,17556502
KAZ,Kazakhstan,2012,SP.POP.TOTL,17306106
KAZ,Kazakhstan,2011,SP.POP.TOTL,17066002
KAZ,Kazakhstan,2010,SP.POP.TOTL,16836810
KAZ,Kazakhstan,2009,SP.POP.TOTL,16619846
KAZ,Kazakhstan,2008,SP.POP.TOTL,16426525
KAZ,Kazakhstan,2007,SP.POP.TOTL,16257214
KAZ,Kazakhstan,2006,SP.POP.TOTL,16103716
KAZ,Kazakhstan,2005,SP.POP.TOTL,15968117
KEN,Kenya,2025,SP.POP.TOTL,57532493
KEN,Kenya,2024,SP.POP.TOTL,56432944
KEN,Kenya,2023,SP.POP.TOTL,55339003
KEN,Kenya,2022,SP.POP.TOTL,54252461
KEN,Kenya,2021,SP.POP.TOTL,53219166
KEN,Kenya,2020,SP.POP.TOTL,52217334
KEN,Kenya,2019,SP.POP.TOTL,51202827
KEN,Kenya,2018,SP.POP.TOTL,50207107
KEN,Kenya,2017,SP.POP.TOTL,49197766
KEN,Kenya,2016,SP.POP.TOTL,48139687
KEN,Kenya,2015,SP.POP.TOTL,47088526
KEN,Kenya,2014,SP.POP.TOTL,46051440
KEN,Kenya,2013,SP.POP.TOTL,44986791
KEN,Kenya,2012,SP.POP.TOTL,43888303
KEN,Kenya,2011,SP.POP.TOTL,42758461
KEN,Kenya,2010,SP.POP.TOTL,41598567
KEN,Kenya,2009,SP.POP.TOTL,40408891
KEN,Kenya,2008,SP.POP.TOTL,39206351
KEN,Kenya,2007,SP.POP.TOTL,38036349
KEN,Kenya,2006,SP.POP.TOTL,36904008
KEN,Kenya,2005,SP.POP.TOTL,35796484
KIR,Kiribati,2025,SP.POP.TOTL,136488
KIR,Kiribati,2024,SP.POP.TOTL,134518
KIR,Kiribati,2023,SP.POP.TOTL,132530
KIR,Kiribati,2022,SP.POP.TOTL,130469
KIR,Kiribati,2021,SP.POP.TOTL,128377
KIR,Kiribati,2020,SP.POP.TOTL,126099
KIR,Kiribati,2019,SP.POP.TOTL,123921
KIR,Kiribati,2018,SP.POP.TOTL,122084
KIR,Kiribati,2017,SP.POP.TOTL,120275
KIR,Kiribati,2016,SP.POP.TOTL,118478
KIR,Kiribati,2015,SP.POP.TOTL,116815
KIR,Kiribati,2014,SP.POP.TOTL,115326
KIR,Kiribati,2013,SP.POP.TOTL,113838
KIR,Kiribati,2012,SP.POP.TOTL,112284
KIR,Kiribati,2011,SP.POP.TOTL,110647
KIR,Kiribati,2010,SP.POP.TOTL,108704
KIR,Kiribati,2009,SP.POP.TOTL,106467
KIR,Kiribati,2008,SP.POP.TOTL,104222
KIR,Kiribati,2007,SP.POP.TOTL,102068
KIR,Kiribati,2006,SP.POP.TOTL,100017
KIR,Kiribati,2005,SP.POP.TOTL,98035
PRK,"Korea, Dem. People's Rep.",2025,SP.POP.TOTL,26571036
PRK,"Korea, Dem. People's Rep.",2024,SP.POP.TOTL,26498823
PRK,"Korea, Dem. People's Rep.",2023,SP.POP.TOTL,26418204
PRK,"Korea, Dem. People's Rep.",2022,SP.POP.TOTL,26328845
PRK,"Korea, Dem. People's Rep.",2021,SP.POP.TOTL,26232534
PRK,"Korea, Dem. People's Rep.",2020,SP.POP.TOTL,26136312
PRK,"Korea, Dem. People's Rep.",2019,SP.POP.TOTL,26037632
PRK,"Korea, Dem. People's Rep.",2018,SP.POP.TOTL,25931147
PRK,"Korea, Dem. People's Rep.",2017,SP.POP.TOTL,25817709
PRK,"Korea, Dem. People's Rep.",2016,SP.POP.TOTL,25698326
PRK,"Korea, Dem. People's Rep.",2015,SP.POP.TOTL,25575350
PRK,"Korea, Dem. People's Rep.",2014,SP.POP.TOTL,25451262
PRK,"Korea, Dem. People's Rep.",2013,SP.POP.TOTL,25329451
PRK,"Korea, Dem. People's Rep.",2012,SP.POP.TOTL,25211728
PRK,"Korea, Dem. People's Rep.",2011,SP.POP.TOTL,25097874
PRK,"Korea, Dem. People's Rep.",2010,SP.POP.TOTL,24987258
PRK,"Korea, Dem. People's Rep.",2009,SP.POP.TOTL,24878332
PRK,"Korea, Dem. People's Rep.",2008,SP.POP.TOTL,24764618
PRK,"Korea, Dem. People's Rep.",2007,SP.POP.TOTL,24646383
PRK,"Korea, Dem. People's Rep.",2006,SP.POP.TOTL,24524507
PRK,"Korea, Dem. People's Rep.",2005,SP.POP.TOTL,24396433
KOR,"Korea, Rep.",2025,SP.POP.TOTL,51684564
KOR,"Korea, Rep.",2024,SP.POP.TOTL,51751065
KOR,"Korea, Rep.",2023,SP.POP.TOTL,51712619
KOR,"Korea, Rep.",2022,SP.POP.TOTL,51672569
KOR,"Korea, Rep.",2021,SP.POP.TOTL,51769539
KOR,"Korea, Rep.",2020,SP.POP.TOTL,51836239
KOR,"Korea, Rep.",2019,SP.POP.TOTL,51764822
KOR,"Korea, Rep.",2018,SP.POP.TOTL,51585058
KOR,"Korea, Rep.",2017,SP.POP.TOTL,51361911
KOR,"Korea, Rep.",2016,SP.POP.TOTL,51217803
KOR,"Korea, Rep.",2015,SP.POP.TOTL,51014947
KOR,"Korea, Rep.",2014,SP.POP.TOTL,50746659
KOR,"Korea, Rep.",2013,SP.POP.TOTL,50428893
KOR,"Korea, Rep.",2012,SP.POP.TOTL,50199853
KOR,"Korea, Rep.",2011,SP.POP.TOTL,49936638
KOR,"Korea, Rep.",2010,SP.POP.TOTL,49554112
KOR,"Korea, Rep.",2009,SP.POP.TOTL,49307835
KOR,"Korea, Rep.",2008,SP.POP.TOTL,49054708
KOR,"Korea, Rep.",2007,SP.POP.TOTL,48683638
KOR,"Korea, Rep.",2006,SP.POP.TOTL,48438292
KOR,"Korea, Rep.",2005,SP.POP.TOTL,48184561
XKX,Kosovo,2025,SP.POP.TOTL,1576876
XKX,Kosovo,2024,SP.POP.TOTL,1594353
XKX,Kosovo,2023,SP.POP.TOTL,1682668
XKX,Kosovo,2022,SP.POP.TOTL,1768096
XKX,Kosovo,2021,SP.POP.TOTL,1786079
XKX,Kosovo,2020,SP.POP.TOTL,1790151
XKX,Kosovo,2019,SP.POP.TOTL,1788891
XKX,Kosovo,2018,SP.POP.TOTL,1797086
XKX,Kosovo,2017,SP.POP.TOTL,1791019
XKX,Kosovo,2016,SP.POP.TOTL,1777568
XKX,Kosovo,2015,SP.POP.TOTL,1788274
XKX,Kosovo,2014,SP.POP.TOTL,1812788
XKX,Kosovo,2013,SP.POP.TOTL,1818119
XKX,Kosovo,2012,SP.POP.TOTL,1807126
XKX,Kosovo,2011,SP.POP.TOTL,1791949
XKX,Kosovo,2010,SP.POP.TOTL,1788743
XKX,Kosovo,2009,SP.POP.TOTL,1794681
XKX,Kosovo,2008,SP.POP.TOTL,1800858
XKX,Kosovo,2007,SP.POP.TOTL,1807094
XKX,Kosovo,2006,SP.POP.TOTL,1813079
XKX,Kosovo,2005,SP.POP.TOTL,1818354
KWT,Kuwait,2025,SP.POP.TOTL,4865298
KWT,Kuwait,2024,SP.POP.TOTL,4897263
KWT,Kuwait,2023,SP.POP.TOTL,4853420
KWT,Kuwait,2022,SP.POP.TOTL,4589643
KWT,Kuwait,2021,SP.POP.TOTL,4360865
KWT,Kuwait,2020,SP.POP.TOTL,4400267
KWT,Kuwait,2019,SP.POP.TOTL,4442316
KWT,Kuwait,2018,SP.POP.TOTL,4323515
KWT,Kuwait,2017,SP.POP.TOTL,4154812
KWT,Kuwait,2016,SP.POP.TOTL,4004096
KWT,Kuwait,2015,SP.POP.TOTL,3834574
KWT,Kuwait,2014,SP.POP.TOTL,3665876
KWT,Kuwait,2013,SP.POP.TOTL,3507844
KWT,Kuwait,2012,SP.POP.TOTL,3337109
KWT,Kuwait,2011,SP.POP.TOTL,3132814
KWT,Kuwait,2010,SP.POP.TOTL,2943372
KWT,Kuwait,2009,SP.POP.TOTL,2795484
KWT,Kuwait,2008,SP.POP.TOTL,2651421
KWT,Kuwait,2007,SP.POP.TOTL,2507887
KWT,Kuwait,2006,SP.POP.TOTL,2364733
KWT,Kuwait,2005,SP.POP.TOTL,2236788
KGZ,Kyrgyz Republic,2025,SP.POP.TOTL,7343064
KGZ,Kyrgyz Republic,2024,SP.POP.TOTL,7221868
KGZ,Kyrgyz Republic,2023,SP.POP.TOTL,7099750
KGZ,Kyrgyz Republic,2022,SP.POP.TOTL,6975220
KGZ,Kyrgyz Republic,2021,SP.POP.TOTL,6851224
KGZ,Kyrgyz Republic,2020,SP.POP.TOTL,6726596
KGZ,Kyrgyz Republic,2019,SP.POP.TOTL,6590211
KGZ,Kyrgyz Republic,2018,SP.POP.TOTL,6444079
KGZ,Kyrgyz Republic,2017,SP.POP.TOTL,6306696
KGZ,Kyrgyz Republic,2016,SP.POP.TOTL,6175338
KGZ,Kyrgyz Republic,2015,SP.POP.TOTL,6040036
KGZ,Kyrgyz Republic,2014,SP.POP.TOTL,5905848
KGZ,Kyrgyz Republic,2013,SP.POP.TOTL,5777150
KGZ,Kyrgyz Republic,2012,SP.POP.TOTL,5652076
KGZ,Kyrgyz Republic,2011,SP.POP.TOTL,5546587
KGZ,Kyrgyz Republic,2010,SP.POP.TOTL,5467059
KGZ,Kyrgyz Republic,2009,SP.POP.TOTL,5389643
KGZ,Kyrgyz Republic,2008,SP.POP.TOTL,5318729
KGZ,Kyrgyz Republic,2007,SP.POP.TOTL,5268385
KGZ,Kyrgyz Republic,2006,SP.POP.TOTL,5218373
KGZ,Kyrgyz Republic,2005,SP.POP.TOTL,5162640
LAO,Lao PDR,2025,SP.POP.TOTL,7873046
LAO,Lao PDR,2024,SP.POP.TOTL,7769819
LAO,Lao PDR,2023,SP.POP.TOTL,7664993
LAO,Lao PDR,2022,SP.POP.TOTL,7559007
LAO,Lao PDR,2021,SP.POP.TOTL,7453194
LAO,Lao PDR,2020,SP.POP.TOTL,7346533
LAO,Lao PDR,2019,SP.POP.TOTL,7237636
LAO,Lao PDR,2018,SP.POP.TOTL,7128045
LAO,Lao PDR,2017,SP.POP.TOTL,7018147
LAO,Lao PDR,2016,SP.POP.TOTL,6908802
LAO,Lao PDR,2015,SP.POP.TOTL,6801645
LAO,Lao PDR,2014,SP.POP.TOTL,6703172
LAO,Lao PDR,2013,SP.POP.TOTL,6611385
LAO,Lao PDR,2012,SP.POP.TOTL,6518978
LAO,Lao PDR,2011,SP.POP.TOTL,6426590
LAO,Lao PDR,2010,SP.POP.TOTL,6334194
LAO,Lao PDR,2009,SP.POP.TOTL,6241642
LAO,Lao PDR,2008,SP.POP.TOTL,6148969
LAO,Lao PDR,2007,SP.POP.TOTL,6056236
LAO,Lao PDR,2006,SP.POP.TOTL,5963200
LAO,Lao PDR,2005,SP.POP.TOTL,5869523
LVA,Latvia,2025,SP.POP.TOTL,1847785
LVA,Latvia,2024,SP.POP.TOTL,1866124
LVA,Latvia,2023,SP.POP.TOTL,1883710
LVA,Latvia,2022,SP.POP.TOTL,1879383
LVA,Latvia,2021,SP.POP.TOTL,1884490
LVA,Latvia,2020,SP.POP.TOTL,1900449
LVA,Latvia,2019,SP.POP.TOTL,1913822
LVA,Latvia,2018,SP.POP.TOTL,1927174
LVA,Latvia,2017,SP.POP.TOTL,1942248
LVA,Latvia,2016,SP.POP.TOTL,1959537
LVA,Latvia,2015,SP.POP.TOTL,1977527
LVA,Latvia,2014,SP.POP.TOTL,1993782
LVA,Latvia,2013,SP.POP.TOTL,2012647
LVA,Latvia,2012,SP.POP.TOTL,2034319
LVA,Latvia,2011,SP.POP.TOTL,2059709
LVA,Latvia,2010,SP.POP.TOTL,2097555
LVA,Latvia,2009,SP.POP.TOTL,2141669
LVA,Latvia,2008,SP.POP.TOTL,2177322
LVA,Latvia,2007,SP.POP.TOTL,2200325
LVA,Latvia,2006,SP.POP.TOTL,2218357
LVA,Latvia,2005,SP.POP.TOTL,2238799
LBN,Lebanon,2025,SP.POP.TOTL,5849421
LBN,Lebanon,2024,SP.POP.TOTL,5805962
LBN,Lebanon,2023,SP.POP.TOTL,5773493
LBN,Lebanon,2022,SP.POP.TOTL,5744489
LBN,Lebanon,2021,SP.POP.TOTL,5718122
LBN,Lebanon,2020,SP.POP.TOTL,5702398
LBN,Lebanon,2019,SP.POP.TOTL,5794594
LBN,Lebanon,2018,SP.POP.TOTL,5984119
LBN,Lebanon,2017,SP.POP.TOTL,6160128
LBN,Lebanon,2016,SP.POP.TOTL,6323060
LBN,Lebanon,2015,SP.POP.TOTL,6472469
LBN,Lebanon,2014,SP.POP.TOTL,6346990
LBN,Lebanon,2013,SP.POP.TOTL,5743436
LBN,Lebanon,2012,SP.POP.TOTL,5235742
LBN,Lebanon,2011,SP.POP.TOTL,5096020
LBN,Lebanon,2010,SP.POP.TOTL,5041288
LBN,Lebanon,2009,SP.POP.TOTL,4992287
LBN,Lebanon,2008,SP.POP.TOTL,4925354
LBN,Lebanon,2007,SP.POP.TOTL,4844118
LBN,Lebanon,2006,SP.POP.TOTL,4751136
LBN,Lebanon,2005,SP.POP.TOTL,4671102
LSO,Lesotho,2025,SP.POP.TOTL,2363325
LSO,Lesotho,2024,SP.POP.TOTL,2337423
LSO,Lesotho,2023,SP.POP.TOTL,2311472
LSO,Lesotho,2022,SP.POP.TOTL,2286110
LSO,Lesotho,2021,SP.POP.TOTL,2261542
LSO,Lesotho,2020,SP.POP.TOTL,2235727
LSO,Lesotho,2019,SP.POP.TOTL,2209405
LSO,Lesotho,2018,SP.POP.TOTL,2183603
LSO,Lesotho,2017,SP.POP.TOTL,2157110
LSO,Lesotho,2016,SP.POP.TOTL,2130422
LSO,Lesotho,2015,SP.POP.TOTL,2104611
LSO,Lesotho,2014,SP.POP.TOTL,2080089
LSO,Lesotho,2013,SP.POP.TOTL,2056504
LSO,Lesotho,2012,SP.POP.TOTL,2034354
LSO,Lesotho,2011,SP.POP.TOTL,2014009
LSO,Lesotho,2010,SP.POP.TOTL,1996251
LSO,Lesotho,2009,SP.POP.TOTL,1980883
LSO,Lesotho,2008,SP.POP.TOTL,1966541
LSO,Lesotho,2007,SP.POP.TOTL,1953268
LSO,Lesotho,2006,SP.POP.TOTL,1945063
LSO,Lesotho,2005,SP.POP.TOTL,1953076
LBR,Liberia,2025,SP.POP.TOTL,5731206
LBR,Liberia,2024,SP.POP.TOTL,5612817
LBR,Liberia,2023,SP.POP.TOTL,5493031
LBR,Liberia,2022,SP.POP.TOTL,5373294
LBR,Liberia,2021,SP.POP.TOTL,5259323
LBR,Liberia,2020,SP.POP.TOTL,5149463
LBR,Liberia,2019,SP.POP.TOTL,5043721
LBR,Liberia,2018,SP.POP.TOTL,4944726
LBR,Liberia,2017,SP.POP.TOTL,4848925
LBR,Liberia,2016,SP.POP.TOTL,4755608
LBR,Liberia,2015,SP.POP.TOTL,4659431
LBR,Liberia,2014,SP.POP.TOTL,4564293
LBR,Liberia,2013,SP.POP.TOTL,4470239
LBR,Liberia,2012,SP.POP.TOTL,4373043
LBR,Liberia,2011,SP.POP.TOTL,4221178
LBR,Liberia,2010,SP.POP.TOTL,4058890
LBR,Liberia,2009,SP.POP.TOTL,3943028
LBR,Liberia,2008,SP.POP.TOTL,3821003
LBR,Liberia,2007,SP.POP.TOTL,3669050
LBR,Liberia,2006,SP.POP.TOTL,3490787
LBR,Liberia,2005,SP.POP.TOTL,3301015
LBY,Libya,2025,SP.POP.TOTL,7458555
LBY,Libya,2024,SP.POP.TOTL,7381023
LBY,Libya,2023,SP.POP.TOTL,7305659
LBY,Libya,2022,SP.POP.TOTL,7223805
LBY,Libya,2021,SP.POP.TOTL,7135175
LBY,Libya,2020,SP.POP.TOTL,7045399
LBY,Libya,2019,SP.POP.TOTL,6951033
LBY,Libya,2018,SP.POP.TOTL,6849055
LBY,Libya,2017,SP.POP.TOTL,6738770
LBY,Libya,2016,SP.POP.TOTL,6632126
LBY,Libya,2015,SP.POP.TOTL,6531819
LBY,Libya,2014,SP.POP.TOTL,6427252
LBY,Libya,2013,SP.POP.TOTL,6304628
LBY,Libya,2012,SP.POP.TOTL,6179328
LBY,Libya,2011,SP.POP.TOTL,6343203
LBY,Libya,2010,SP.POP.TOTL,6497839
LBY,Libya,2009,SP.POP.TOTL,6366686
LBY,Libya,2008,SP.POP.TOTL,6235430
LBY,Libya,2007,SP.POP.TOTL,6104380
LBY,Libya,2006,SP.POP.TOTL,5980211
LBY,Libya,2005,SP.POP.TOTL,5858798
LIE,Liechtenstein,2025,SP.POP.TOTL,41024
LIE,Liechtenstein,2024,SP.POP.TOTL,40450
LIE,Liechtenstein,2023,SP.POP.TOTL,39846
LIE,Liechtenstein,2022,SP.POP.TOTL,39493
LIE,Liechtenstein,2021,SP.POP.TOTL,39182
LIE,Liechtenstein,2020,SP.POP.TOTL,38901
LIE,Liechtenstein,2019,SP.POP.TOTL,38563
LIE,Liechtenstein,2018,SP.POP.TOTL,38246
LIE,Liechtenstein,2017,SP.POP.TOTL,37962
LIE,Liechtenstein,2016,SP.POP.TOTL,37716
LIE,Liechtenstein,2015,SP.POP.TOTL,37494
LIE,Liechtenstein,2014,SP.POP.TOTL,37248
LIE,Liechtenstein,2013,SP.POP.TOTL,36984
LIE,Liechtenstein,2012,SP.POP.TOTL,36657
LIE,Liechtenstein,2011,SP.POP.TOTL,36312
LIE,Liechtenstein,2010,SP.POP.TOTL,36022
LIE,Liechtenstein,2009,SP.POP.TOTL,35742
LIE,Liechtenstein,2008,SP.POP.TOTL,35473
LIE,Liechtenstein,2007,SP.POP.TOTL,35262
LIE,Liechtenstein,2006,SP.POP.TOTL,35037
LIE,Liechtenstein,2005,SP.POP.TOTL,34753
LTU,Lithuania,2025,SP.POP.TOTL,2888774
LTU,Lithuania,2024,SP.POP.TOTL,2888278
LTU,Lithuania,2023,SP.POP.TOTL,2871585
LTU,Lithuania,2022,SP.POP.TOTL,2831639
LTU,Lithuania,2021,SP.POP.TOTL,2808380
LTU,Lithuania,2020,SP.POP.TOTL,2810369
LTU,Lithuania,2019,SP.POP.TOTL,2811089
LTU,Lithuania,2018,SP.POP.TOTL,2819200
LTU,Lithuania,2017,SP.POP.TOTL,2842639
LTU,Lithuania,2016,SP.POP.TOTL,2877325
LTU,Lithuania,2015,SP.POP.TOTL,2911109
LTU,Lithuania,2014,SP.POP.TOTL,2937253
LTU,Lithuania,2013,SP.POP.TOTL,2961250
LTU,Lithuania,2012,SP.POP.TOTL,2989139
LTU,Lithuania,2011,SP.POP.TOTL,3028115
LTU,Lithuania,2010,SP.POP.TOTL,3097282
LTU,Lithuania,2009,SP.POP.TOTL,3162916
LTU,Lithuania,2008,SP.POP.TOTL,3198231
LTU,Lithuania,2007,SP.POP.TOTL,3231294
LTU,Lithuania,2006,SP.POP.TOTL,3269909
LTU,Lithuania,2005,SP.POP.TOTL,3322528
LUX,Luxembourg,2025,SP.POP.TOTL,686970
LUX,Luxembourg,2024,SP.POP.TOTL,677012
LUX,Luxembourg,2023,SP.POP.TOTL,666430
LUX,Luxembourg,2022,SP.POP.TOTL,653103
LUX,Luxembourg,2021,SP.POP.TOTL,640064
LUX,Luxembourg,2020,SP.POP.TOTL,630419
LUX,Luxembourg,2019,SP.POP.TOTL,620001
LUX,Luxembourg,2018,SP.POP.TOTL,607950
LUX,Luxembourg,2017,SP.POP.TOTL,596336
LUX,Luxembourg,2016,SP.POP.TOTL,582014
LUX,Luxembourg,2015,SP.POP.TOTL,569604
LUX,Luxembourg,2014,SP.POP.TOTL,556319
LUX,Luxembourg,2013,SP.POP.TOTL,543360
LUX,Luxembourg,2012,SP.POP.TOTL,530946
LUX,Luxembourg,2011,SP.POP.TOTL,518347
LUX,Luxembourg,2010,SP.POP.TOTL,506953
LUX,Luxembourg,2009,SP.POP.TOTL,497783
LUX,Luxembourg,2008,SP.POP.TOTL,488650
LUX,Luxembourg,2007,SP.POP.TOTL,479993
LUX,Luxembourg,2006,SP.POP.TOTL,472637
LUX,Luxembourg,2005,SP.POP.TOTL,465158
MAC,"Macao SAR, China",2025,SP.POP.TOTL,685900
MAC,"Macao SAR, China",2024,SP.POP.TOTL,687000
MAC,"Macao SAR, China",2023,SP.POP.TOTL,678800
MAC,"Macao SAR, China",2022,SP.POP.TOTL,677300
MAC,"Macao SAR, China",2021,SP.POP.TOTL,682500
MAC,"Macao SAR, China",2020,SP.POP.TOTL,685400
MAC,"Macao SAR, China",2019,SP.POP.TOTL,672000
MAC,"Macao SAR, China",2018,SP.POP.TOTL,658900
MAC,"Macao SAR, China",2017,SP.POP.TOTL,648400
MAC,"Macao SAR, China",2016,SP.POP.TOTL,652500
MAC,"Macao SAR, China",2015,SP.POP.TOTL,642900
MAC,"Macao SAR, China",2014,SP.POP.TOTL,621700
MAC,"Macao SAR, China",2013,SP.POP.TOTL,591900
MAC,"Macao SAR, China",2012,SP.POP.TOTL,567900
MAC,"Macao SAR, China",2011,SP.POP.TOTL,549600
MAC,"Macao SAR, China",2010,SP.POP.TOTL,537000
MAC,"Macao SAR, China",2009,SP.POP.TOTL,535000
MAC,"Macao SAR, China",2008,SP.POP.TOTL,540700
MAC,"Macao SAR, China",2007,SP.POP.TOTL,520900
MAC,"Macao SAR, China",2006,SP.POP.TOTL,498900
MAC,"Macao SAR, China",2005,SP.POP.TOTL,473500
MDG,Madagascar,2025,SP.POP.TOTL,32740678
MDG,Madagascar,2024,SP.POP.TOTL,31964956
MDG,Madagascar,2023,SP.POP.TOTL,31195932
MDG,Madagascar,2022,SP.POP.TOTL,30437261
MDG,Madagascar,2021,SP.POP.TOTL,29691083
MDG,Madagascar,2020,SP.POP.TOTL,28953556
MDG,Madagascar,2019,SP.POP.TOTL,28219554
MDG,Madagascar,2018,SP.POP.TOTL,27494926
MDG,Madagascar,2017,SP.POP.TOTL,26788375
MDG,Madagascar,2016,SP.POP.TOTL,26099952
MDG,Madagascar,2015,SP.POP.TOTL,25426702
MDG,Madagascar,2014,SP.POP.TOTL,24764348
MDG,Madagascar,2013,SP.POP.TOTL,24109290
MDG,Madagascar,2012,SP.POP.TOTL,23462438
MDG,Madagascar,2011,SP.POP.TOTL,22822300
MDG,Madagascar,2010,SP.POP.TOTL,22183340
MDG,Madagascar,2009,SP.POP.TOTL,21547280
MDG,Madagascar,2008,SP.POP.TOTL,20923840
MDG,Madagascar,2007,SP.POP.TOTL,20318583
MDG,Madagascar,2006,SP.POP.TOTL,19730909
MDG,Madagascar,2005,SP.POP.TOTL,19159707
MWI,Malawi,2025,SP.POP.TOTL,22216120
MWI,Malawi,2024,SP.POP.TOTL,21655286
MWI,Malawi,2023,SP.POP.TOTL,21104482
MWI,Malawi,2022,SP.POP.TOTL,20568728
MWI,Malawi,2021,SP.POP.TOTL,20047258
MWI,Malawi,2020,SP.POP.TOTL,19533888
MWI,Malawi,2019,SP.POP.TOTL,19025752
MWI,Malawi,2018,SP.POP.TOTL,18528081
MWI,Malawi,2017,SP.POP.TOTL,18039715
MWI,Malawi,2016,SP.POP.TOTL,17557739
MWI,Malawi,2015,SP.POP.TOTL,17085587
MWI,Malawi,2014,SP.POP.TOTL,16621538
MWI,Malawi,2013,SP.POP.TOTL,16161816
MWI,Malawi,2012,SP.POP.TOTL,15709577
MWI,Malawi,2011,SP.POP.TOTL,15265022
MWI,Malawi,2010,SP.POP.TOTL,14826463
MWI,Malawi,2009,SP.POP.TOTL,14395788
MWI,Malawi,2008,SP.POP.TOTL,13976417
MWI,Malawi,2007,SP.POP.TOTL,13576343
MWI,Malawi,2006,SP.POP.TOTL,13198701
MWI,Malawi,2005,SP.POP.TOTL,12840031
MYS,Malaysia,2025,SP.POP.TOTL,35977838
MYS,Malaysia,2024,SP.POP.TOTL,35557673
MYS,Malaysia,2023,SP.POP.TOTL,35126298
MYS,Malaysia,2022,SP.POP.TOTL,34695493
MYS,Malaysia,2021,SP.POP.TOTL,34282399
MYS,Malaysia,2020,SP.POP.TOTL,33889558
MYS,Malaysia,2019,SP.POP.TOTL,33440596
MYS,Malaysia,2018,SP.POP.TOTL,32910967
MYS,Malaysia,2017,SP.POP.TOTL,32355644
MYS,Malaysia,2016,SP.POP.TOTL,31789685
MYS,Malaysia,2015,SP.POP.TOTL,31232798
MYS,Malaysia,2014,SP.POP.TOTL,30696137
MYS,Malaysia,2013,SP.POP.TOTL,30174265
MYS,Malaysia,2012,SP.POP.TOTL,29662831
MYS,Malaysia,2011,SP.POP.TOTL,29162039
MYS,Malaysia,2010,SP.POP.TOTL,28655776
MYS,Malaysia,2009,SP.POP.TOTL,28124778
MYS,Malaysia,2008,SP.POP.TOTL,27570059
MYS,Malaysia,2007,SP.POP.TOTL,26998389
MYS,Malaysia,2006,SP.POP.TOTL,26417909
MYS,Malaysia,2005,SP.POP.TOTL,25836071
MDV,Maldives,2025,SP.POP.TOTL,529676
MDV,Maldives,2024,SP.POP.TOTL,527799
MDV,Maldives,2023,SP.POP.TOTL,525994
MDV,Maldives,2022,SP.POP.TOTL,524106
MDV,Maldives,2021,SP.POP.TOTL,516154
MDV,Maldives,2020,SP.POP.TOTL,502118
MDV,Maldives,2019,SP.POP.TOTL,487731
MDV,Maldives,2018,SP.POP.TOTL,473099
MDV,Maldives,2017,SP.POP.TOTL,458287
MDV,Maldives,2016,SP.POP.TOTL,443308
MDV,Maldives,2015,SP.POP.TOTL,428154
MDV,Maldives,2014,SP.POP.TOTL,413617
MDV,Maldives,2013,SP.POP.TOTL,400070
MDV,Maldives,2012,SP.POP.TOTL,386818
MDV,Maldives,2011,SP.POP.TOTL,373674
MDV,Maldives,2010,SP.POP.TOTL,360792
MDV,Maldives,2009,SP.POP.TOTL,348275
MDV,Maldives,2008,SP.POP.TOTL,336170
MDV,Maldives,2007,SP.POP.TOTL,324479
MDV,Maldives,2006,SP.POP.TOTL,313851
MDV,Maldives,2005,SP.POP.TOTL,306429
MLI,Mali,2025,SP.POP.TOTL,25198821
MLI,Mali,2024,SP.POP.TOTL,24478595
MLI,Mali,2023,SP.POP.TOTL,23769127
MLI,Mali,2022,SP.POP.TOTL,23072640
MLI,Mali,2021,SP.POP.TOTL,22388630
MLI,Mali,2020,SP.POP.TOTL,21713836
MLI,Mali,2019,SP.POP.TOTL,21068405
MLI,Mali,2018,SP.POP.TOTL,20442030
MLI,Mali,2017,SP.POP.TOTL,19813011
MLI,Mali,2016,SP.POP.TOTL,19191289
MLI,Mali,2015,SP.POP.TOTL,18593022
MLI,Mali,2014,SP.POP.TOTL,18020267
MLI,Mali,2013,SP.POP.TOTL,17459615
MLI,Mali,2012,SP.POP.TOTL,16957033
MLI,Mali,2011,SP.POP.TOTL,16469049
MLI,Mali,2010,SP.POP.TOTL,15945198
MLI,Mali,2009,SP.POP.TOTL,15435539
MLI,Mali,2008,SP.POP.TOTL,14940782
MLI,Mali,2007,SP.POP.TOTL,14457775
MLI,Mali,2006,SP.POP.TOTL,13990139
MLI,Mali,2005,SP.POP.TOTL,13538647
MLT,Malta,2025,SP.POP.TOTL,579704
MLT,Malta,2024,SP.POP.TOTL,568847
MLT,Malta,2023,SP.POP.TOTL,552747
MLT,Malta,2022,SP.POP.TOTL,531113
MLT,Malta,2021,SP.POP.TOTL,518150
MLT,Malta,2020,SP.POP.TOTL,515490
MLT,Malta,2019,SP.POP.TOTL,503912
MLT,Malta,2018,SP.POP.TOTL,483903
MLT,Malta,2017,SP.POP.TOTL,467106
MLT,Malta,2016,SP.POP.TOTL,454505
MLT,Malta,2015,SP.POP.TOTL,444220
MLT,Malta,2014,SP.POP.TOTL,433481
MLT,Malta,2013,SP.POP.TOTL,424810
MLT,Malta,2012,SP.POP.TOTL,420028
MLT,Malta,2011,SP.POP.TOTL,416268
MLT,Malta,2010,SP.POP.TOTL,414508
MLT,Malta,2009,SP.POP.TOTL,412477
MLT,Malta,2008,SP.POP.TOTL,409379
MLT,Malta,2007,SP.POP.TOTL,406724
MLT,Malta,2006,SP.POP.TOTL,405308
MLT,Malta,2005,SP.POP.TOTL,403834
MHL,Marshall Islands,2025,SP.POP.TOTL,36282
MHL,Marshall Islands,2024,SP.POP.TOTL,37548
MHL,Marshall Islands,2023,SP.POP.TOTL,38827
MHL,Marshall Islands,2022,SP.POP.TOTL,40077
MHL,Marshall Islands,2021,SP.POP.TOTL,41367
MHL,Marshall Islands,2020,SP.POP.TOTL,42706
MHL,Marshall Islands,2019,SP.POP.TOTL,44007
MHL,Marshall Islands,2018,SP.POP.TOTL,45285
MHL,Marshall Islands,2017,SP.POP.TOTL,46529
MHL,Marshall Islands,2016,SP.POP.TOTL,47709
MHL,Marshall Islands,2015,SP.POP.TOTL,48800
MHL,Marshall Islands,2014,SP.POP.TOTL,49796
MHL,Marshall Islands,2013,SP.POP.TOTL,50681
MHL,Marshall Islands,2012,SP.POP.TOTL,51419
MHL,Marshall Islands,2011,SP.POP.TOTL,51907
MHL,Marshall Islands,2010,SP.POP.TOTL,52044
MHL,Marshall Islands,2009,SP.POP.TOTL,52019
MHL,Marshall Islands,2008,SP.POP.TOTL,52030
MHL,Marshall Islands,2007,SP.POP.TOTL,52035
MHL,Marshall Islands,2006,SP.POP.TOTL,51992
MHL,Marshall Islands,2005,SP.POP.TOTL,51906
MRT,Mauritania,2025,SP.POP.TOTL,5315065
MRT,Mauritania,2024,SP.POP.TOTL,5169395
MRT,Mauritania,2023,SP.POP.TOTL,5022441
MRT,Mauritania,2022,SP.POP.TOTL,4875637
MRT,Mauritania,2021,SP.POP.TOTL,4734874
MRT,Mauritania,2020,SP.POP.TOTL,4600131
MRT,Mauritania,2019,SP.POP.TOTL,4467708
MRT,Mauritania,2018,SP.POP.TOTL,4337685
MRT,Mauritania,2017,SP.POP.TOTL,4210600
MRT,Mauritania,2016,SP.POP.TOTL,4086657
MRT,Mauritania,2015,SP.POP.TOTL,3965959
MRT,Mauritania,2014,SP.POP.TOTL,3848514
MRT,Mauritania,2013,SP.POP.TOTL,3734318
MRT,Mauritania,2012,SP.POP.TOTL,3619034
MRT,Mauritania,2011,SP.POP.TOTL,3502811
MRT,Mauritania,2010,SP.POP.TOTL,3390965
MRT,Mauritania,2009,SP.POP.TOTL,3284448
MRT,Mauritania,2008,SP.POP.TOTL,3183269
MRT,Mauritania,2007,SP.POP.TOTL,3093059
MRT,Mauritania,2006,SP.POP.TOTL,3013660
MRT,Mauritania,2005,SP.POP.TOTL,2939059
MUS,Mauritius,2025,SP.POP.TOTL,1243741
MUS,Mauritius,2024,SP.POP.TOTL,1245779
MUS,Mauritius,2023,SP.POP.TOTL,1248647
MUS,Mauritius,2022,SP.POP.TOTL,1262523
MUS,Mauritius,2021,SP.POP.TOTL,1266334
MUS,Mauritius,2020,SP.POP.TOTL,1266014
MUS,Mauritius,2019,SP.POP.TOTL,1265985
MUS,Mauritius,2018,SP.POP.TOTL,1265577
MUS,Mauritius,2017,SP.POP.TOTL,1264887
MUS,Mauritius,2016,SP.POP.TOTL,1263747
MUS,Mauritius,2015,SP.POP.TOTL,1262879
MUS,Mauritius,2014,SP.POP.TOTL,1261208
MUS,Mauritius,2013,SP.POP.TOTL,1258927
MUS,Mauritius,2012,SP.POP.TOTL,1255882
MUS,Mauritius,2011,SP.POP.TOTL,1252404
MUS,Mauritius,2010,SP.POP.TOTL,1250400
MUS,Mauritius,2009,SP.POP.TOTL,1247429
MUS,Mauritius,2008,SP.POP.TOTL,1244121
MUS,Mauritius,2007,SP.POP.TOTL,1239630
MUS,Mauritius,2006,SP.POP.TOTL,1233996
MUS,Mauritius,2005,SP.POP.TOTL,1228254
MEX,Mexico,2025,SP.POP.TOTL,131946900
MEX,Mexico,2024,SP.POP.TOTL,130861007
MEX,Mexico,2023,SP.POP.TOTL,129739759
MEX,Mexico,2022,SP.POP.TOTL,128613117
MEX,Mexico,2021,SP.POP.TOTL,127648148
MEX,Mexico,2020,SP.POP.TOTL,126799054
MEX,Mexico,2019,SP.POP.TOTL,125762982
MEX,Mexico,2018,SP.POP.TOTL,124573711
MEX,Mexico,2017,SP.POP.TOTL,123400057
MEX,Mexico,2016,SP.POP.TOTL,122251351
MEX,Mexico,2015,SP.POP.TOTL,121072306
MEX,Mexico,2014,SP.POP.TOTL,119784261
MEX,Mexico,2013,SP.POP.TOTL,118343573
MEX,Mexico,2012,SP.POP.TOTL,116818208
MEX,Mexico,2011,SP.POP.TOTL,115243504
MEX,Mexico,2010,SP.POP.TOTL,113623895
MEX,Mexico,2009,SP.POP.TOTL,111999721
MEX,Mexico,2008,SP.POP.TOTL,110374288
MEX,Mexico,2007,SP.POP.TOTL,108774360
MEX,Mexico,2006,SP.POP.TOTL,107253666
MEX,Mexico,2005,SP.POP.TOTL,105811504
FSM,"Micronesia, Fed. Sts.",2025,SP.POP.TOTL,113683
FSM,"Micronesia, Fed. Sts.",2024,SP.POP.TOTL,113160
FSM,"Micronesia, Fed. Sts.",2023,SP.POP.TOTL,112630
FSM,"Micronesia, Fed. Sts.",2022,SP.POP.TOTL,112114
FSM,"Micronesia, Fed. Sts.",2021,SP.POP.TOTL,111624
FSM,"Micronesia, Fed. Sts.",2020,SP.POP.TOTL,110916
FSM,"Micronesia, Fed. Sts.",2019,SP.POP.TOTL,110282
FSM,"Micronesia, Fed. Sts.",2018,SP.POP.TOTL,109909
FSM,"Micronesia, Fed. Sts.",2017,SP.POP.TOTL,109481
FSM,"Micronesia, Fed. Sts.",2016,SP.POP.TOTL,109075
FSM,"Micronesia, Fed. Sts.",2015,SP.POP.TOTL,108716
FSM,"Micronesia, Fed. Sts.",2014,SP.POP.TOTL,108396
FSM,"Micronesia, Fed. Sts.",2013,SP.POP.TOTL,108121
FSM,"Micronesia, Fed. Sts.",2012,SP.POP.TOTL,107890
FSM,"Micronesia, Fed. Sts.",2011,SP.POP.TOTL,107698
FSM,"Micronesia, Fed. Sts.",2010,SP.POP.TOTL,107540
FSM,"Micronesia, Fed. Sts.",2009,SP.POP.TOTL,107957
FSM,"Micronesia, Fed. Sts.",2008,SP.POP.TOTL,108936
FSM,"Micronesia, Fed. Sts.",2007,SP.POP.TOTL,109880
FSM,"Micronesia, Fed. Sts.",2006,SP.POP.TOTL,110729
FSM,"Micronesia, Fed. Sts.",2005,SP.POP.TOTL,111412
MDA,Moldova,2025,SP.POP.TOTL,2360527
MDA,Moldova,2024,SP.POP.TOTL,2402306
MDA,Moldova,2023,SP.POP.TOTL,2457783
MDA,Moldova,2022,SP.POP.TOTL,2528654
MDA,Moldova,2021,SP.POP.TOTL,2595809
MDA,Moldova,2020,SP.POP.TOTL,2635130
MDA,Moldova,2019,SP.POP.TOTL,2664224
MDA,Moldova,2018,SP.POP.TOTL,2707203
MDA,Moldova,2017,SP.POP.TOTL,2755189
MDA,Moldova,2016,SP.POP.TOTL,2803186
MDA,Moldova,2015,SP.POP.TOTL,2835978
MDA,Moldova,2014,SP.POP.TOTL,2857815
MDA,Moldova,2013,SP.POP.TOTL,2859558
MDA,Moldova,2012,SP.POP.TOTL,2860324
MDA,Moldova,2011,SP.POP.TOTL,2860699
MDA,Moldova,2010,SP.POP.TOTL,2862354
MDA,Moldova,2009,SP.POP.TOTL,2865213
MDA,Moldova,2008,SP.POP.TOTL,2868833
MDA,Moldova,2007,SP.POP.TOTL,2874299
MDA,Moldova,2006,SP.POP.TOTL,2880967
MDA,Moldova,2005,SP.POP.TOTL,2888985
MCO,Monaco,2025,SP.POP.TOTL,38341
MCO,Monaco,2024,SP.POP.TOTL,38631
MCO,Monaco,2023,SP.POP.TOTL,38956
MCO,Monaco,2022,SP.POP.TOTL,38931
MCO,Monaco,2021,SP.POP.TOTL,38527
MCO,Monaco,2020,SP.POP.TOTL,38050
MCO,Monaco,2019,SP.POP.TOTL,38109
MCO,Monaco,2018,SP.POP.TOTL,38154
MCO,Monaco,2017,SP.POP.TOTL,37678
MCO,Monaco,2016,SP.POP.TOTL,37276
MCO,Monaco,2015,SP.POP.TOTL,36757
MCO,Monaco,2014,SP.POP.TOTL,36128
MCO,Monaco,2013,SP.POP.TOTL,35447
MCO,Monaco,2012,SP.POP.TOTL,34711
MCO,Monaco,2011,SP.POP.TOTL,33946
MCO,Monaco,2010,SP.POP.TOTL,33163
MCO,Monaco,2009,SP.POP.TOTL,32364
MCO,Monaco,2008,SP.POP.TOTL,31836
MCO,Monaco,2007,SP.POP.TOTL,31837
MCO,Monaco,2006,SP.POP.TOTL,32057
MCO,Monaco,2005,SP.POP.TOTL,32210
MNG,Mongolia,2025,SP.POP.TOTL,3568978
MNG,Mongolia,2024,SP.POP.TOTL,3524788
MNG,Mongolia,2023,SP.POP.TOTL,3481145
MNG,Mongolia,2022,SP.POP.TOTL,3433748
MNG,Mongolia,2021,SP.POP.TOTL,3383741
MNG,Mongolia,2020,SP.POP.TOTL,3327204
MNG,Mongolia,2019,SP.POP.TOTL,3267673
MNG,Mongolia,2018,SP.POP.TOTL,3208189
MNG,Mongolia,2017,SP.POP.TOTL,3148917
MNG,Mongolia,2016,SP.POP.TOTL,3088856
MNG,Mongolia,2015,SP.POP.TOTL,3026864
MNG,Mongolia,2014,SP.POP.TOTL,2963113
MNG,Mongolia,2013,SP.POP.TOTL,2899011
MNG,Mongolia,2012,SP.POP.TOTL,2839705
MNG,Mongolia,2011,SP.POP.TOTL,2786317
MNG,Mongolia,2010,SP.POP.TOTL,2738622
MNG,Mongolia,2009,SP.POP.TOTL,2691115
MNG,Mongolia,2008,SP.POP.TOTL,2643201
MNG,Mongolia,2007,SP.POP.TOTL,2601850
MNG,Mongolia,2006,SP.POP.TOTL,2567168
MNG,Mongolia,2005,SP.POP.TOTL,2536407
MNE,Montenegro,2025,SP.POP.TOTL,623129
MNE,Montenegro,2024,SP.POP.TOTL,623525
MNE,Montenegro,2023,SP.POP.TOTL,623529
MNE,Montenegro,2022,SP.POP.TOTL,623591
MNE,Montenegro,2021,SP.POP.TOTL,625053
MNE,Montenegro,2020,SP.POP.TOTL,626590
MNE,Montenegro,2019,SP.POP.TOTL,626753
MNE,Montenegro,2018,SP.POP.TOTL,626438
MNE,Montenegro,2017,SP.POP.TOTL,625982
MNE,Montenegro,2016,SP.POP.TOTL,625353
MNE,Montenegro,2015,SP.POP.TOTL,624651
MNE,Montenegro,2014,SP.POP.TOTL,623744
MNE,Montenegro,2013,SP.POP.TOTL,622587
MNE,Montenegro,2012,SP.POP.TOTL,621418
MNE,Montenegro,2011,SP.POP.TOTL,620345
MNE,Montenegro,2010,SP.POP.TOTL,619428
MNE,Montenegro,2009,SP.POP.TOTL,618294
MNE,Montenegro,2008,SP.POP.TOTL,616969
MNE,Montenegro,2007,SP.POP.TOTL,615875
MNE,Montenegro,2006,SP.POP.TOTL,615025
MNE,Montenegro,2005,SP.POP.TOTL,614261
MAR,Morocco,2025,SP.POP.TOTL,38430770
MAR,Morocco,2024,SP.POP.TOTL,38081173
MAR,Morocco,2023,SP.POP.TOTL,37712505
MAR,Morocco,2022,SP.POP.TOTL,37329064
MAR,Morocco,2021,SP.POP.TOTL,36954442
MAR,Morocco,2020,SP.POP.TOTL,36584208
MAR,Morocco,2019,SP.POP.TOTL,36210898
MAR,Morocco,2018,SP.POP.TOTL,35839760
MAR,Morocco,2017,SP.POP.TOTL,35446392
MAR,Morocco,2016,SP.POP.TOTL,35023457
MAR,Morocco,2015,SP.POP.TOTL,34607588
MAR,Morocco,2014,SP.POP.TOTL,34204780
MAR,Morocco,2013,SP.POP.TOTL,33787571
MAR,Morocco,2012,SP.POP.TOTL,33355241
MAR,Morocco,2011,SP.POP.TOTL,32912588
MAR,Morocco,2010,SP.POP.TOTL,32467016
MAR,Morocco,2009,SP.POP.TOTL,32030778
MAR,Morocco,2008,SP.POP.TOTL,31606767
MAR,Morocco,2007,SP.POP.TOTL,31186468
MAR,Morocco,2006,SP.POP.TOTL,30771178
MAR,Morocco,2005,SP.POP.TOTL,30358144
MOZ,Mozambique,2025,SP.POP.TOTL,35631653
MOZ,Mozambique,2024,SP.POP.TOTL,34631766
MOZ,Mozambique,2023,SP.POP.TOTL,33635160
MOZ,Mozambique,2022,SP.POP.TOTL,32656246
MOZ,Mozambique,2021,SP.POP.TOTL,31707800
MOZ,Mozambique,2020,SP.POP.TOTL,30783688
MOZ,Mozambique,2019,SP.POP.TOTL,29884380
MOZ,Mozambique,2018,SP.POP.TOTL,29018644
MOZ,Mozambique,2017,SP.POP.TOTL,28166393
MOZ,Mozambique,2016,SP.POP.TOTL,27337105
MOZ,Mozambique,2015,SP.POP.TOTL,26547572
MOZ,Mozambique,2014,SP.POP.TOTL,25788475
MOZ,Mozambique,2013,SP.POP.TOTL,25051611
MOZ,Mozambique,2012,SP.POP.TOTL,24337846
MOZ,Mozambique,2011,SP.POP.TOTL,23649039
MOZ,Mozambique,2010,SP.POP.TOTL,22999235
MOZ,Mozambique,2009,SP.POP.TOTL,22391745
MOZ,Mozambique,2008,SP.POP.TOTL,21819036
MOZ,Mozambique,2007,SP.POP.TOTL,21287635
MOZ,Mozambique,2006,SP.POP.TOTL,20787087
MOZ,Mozambique,2005,SP.POP.TOTL,20304569
MMR,Myanmar,2025,SP.POP.TOTL,54850648
MMR,Myanmar,2024,SP.POP.TOTL,54500091
MMR,Myanmar,2023,SP.POP.TOTL,54133798
MMR,Myanmar,2022,SP.POP.TOTL,53756787
MMR,Myanmar,2021,SP.POP.TOTL,53387102
MMR,Myanmar,2020,SP.POP.TOTL,53016522
MMR,Myanmar,2019,SP.POP.TOTL,52640713
MMR,Myanmar,2018,SP.POP.TOTL,52272247
MMR,Myanmar,2017,SP.POP.TOTL,51894938
MMR,Myanmar,2016,SP.POP.TOTL,51495696
MMR,Myanmar,2015,SP.POP.TOTL,51089056
MMR,Myanmar,2014,SP.POP.TOTL,50681634
MMR,Myanmar,2013,SP.POP.TOTL,50262658
MMR,Myanmar,2012,SP.POP.TOTL,49837446
MMR,Myanmar,2011,SP.POP.TOTL,49419820
MMR,Myanmar,2010,SP.POP.TOTL,49024382
MMR,Myanmar,2009,SP.POP.TOTL,48660459
MMR,Myanmar,2008,SP.POP.TOTL,48390793
MMR,Myanmar,2007,SP.POP.TOTL,48125043
MMR,Myanmar,2006,SP.POP.TOTL,47785135
MMR,Myanmar,2005,SP.POP.TOTL,47438365
NAM,Namibia,2025,SP.POP.TOTL,3092816
NAM,Namibia,2024,SP.POP.TOTL,3030131
NAM,Namibia,2023,SP.POP.TOTL,2963095
NAM,Namibia,2022,SP.POP.TOTL,2889662
NAM,Namibia,2021,SP.POP.TOTL,2810548
NAM,Namibia,2020,SP.POP.TOTL,2728762
NAM,Namibia,2019,SP.POP.TOTL,2650494
NAM,Namibia,2018,SP.POP.TOTL,2577327
NAM,Namibia,2017,SP.POP.TOTL,2506853
NAM,Namibia,2016,SP.POP.TOTL,2439213
NAM,Namibia,2015,SP.POP.TOTL,2374300
NAM,Namibia,2014,SP.POP.TOTL,2312139
NAM,Namibia,2013,SP.POP.TOTL,2252508
NAM,Namibia,2012,SP.POP.TOTL,2194654
NAM,Namibia,2011,SP.POP.TOTL,2146325
NAM,Namibia,2010,SP.POP.TOTL,2109811
NAM,Namibia,2009,SP.POP.TOTL,2077394
NAM,Namibia,2008,SP.POP.TOTL,2047056
NAM,Namibia,2007,SP.POP.TOTL,2018600
NAM,Namibia,2006,SP.POP.TOTL,1991888
NAM,Namibia,2005,SP.POP.TOTL,1966582
NRU,Naoero,2025,SP.POP.TOTL,12025
NRU,Naoero,2024,SP.POP.TOTL,11947
NRU,Naoero,2023,SP.POP.TOTL,11875
NRU,Naoero,2022,SP.POP.TOTL,11801
NRU,Naoero,2021,SP.POP.TOTL,11709
NRU,Naoero,2020,SP.POP.TOTL,11643
NRU,Naoero,2019,SP.POP.TOTL,11587
NRU,Naoero,2018,SP.POP.TOTL,11477
NRU,Naoero,2017,SP.POP.TOTL,11324
NRU,Naoero,2016,SP.POP.TOTL,11150
NRU,Naoero,2015,SP.POP.TOTL,10954
NRU,Naoero,2014,SP.POP.TOTL,10742
NRU,Naoero,2013,SP.POP.TOTL,10517
NRU,Naoero,2012,SP.POP.TOTL,10267
NRU,Naoero,2011,SP.POP.TOTL,10098
NRU,Naoero,2010,SP.POP.TOTL,10043
NRU,Naoero,2009,SP.POP.TOTL,10016
NRU,Naoero,2008,SP.POP.TOTL,10009
NRU,Naoero,2007,SP.POP.TOTL,10020
NRU,Naoero,2006,SP.POP.TOTL,10034
NRU,Naoero,2005,SP.POP.TOTL,10049
NPL,Nepal,2025,SP.POP.TOTL,29618118
NPL,Nepal,2024,SP.POP.TOTL,29651054
NPL,Nepal,2023,SP.POP.TOTL,29694614
NPL,Nepal,2022,SP.POP.TOTL,29715436
NPL,Nepal,2021,SP.POP.TOTL,29475010
NPL,Nepal,2020,SP.POP.TOTL,28966574
NPL,Nepal,2019,SP.POP.TOTL,28414064
NPL,Nepal,2018,SP.POP.TOTL,28079689
NPL,Nepal,2017,SP.POP.TOTL,28011258
NPL,Nepal,2016,SP.POP.TOTL,27955462
NPL,Nepal,2015,SP.POP.TOTL,27823629
NPL,Nepal,2014,SP.POP.TOTL,27672370
NPL,Nepal,2013,SP.POP.TOTL,27589996
NPL,Nepal,2012,SP.POP.TOTL,27534915
NPL,Nepal,2011,SP.POP.TOTL,27464494
NPL,Nepal,2010,SP.POP.TOTL,27341952
NPL,Nepal,2009,SP.POP.TOTL,27173035
NPL,Nepal,2008,SP.POP.TOTL,26990037
NPL,Nepal,2007,SP.POP.TOTL,26788492
NPL,Nepal,2006,SP.POP.TOTL,26565425
NPL,Nepal,2005,SP.POP.TOTL,26309458
NLD,Netherlands,2025,SP.POP.TOTL,18087633
NLD,Netherlands,2024,SP.POP.TOTL,17993485
NLD,Netherlands,2023,SP.POP.TOTL,17877117
NLD,Netherlands,2022,SP.POP.TOTL,17700982
NLD,Netherlands,2021,SP.POP.TOTL,17533044
NLD,Netherlands,2020,SP.POP.TOTL,17441500
NLD,Netherlands,2019,SP.POP.TOTL,17344874
NLD,Netherlands,2018,SP.POP.TOTL,17231624
NLD,Netherlands,2017,SP.POP.TOTL,17131296
NLD,Netherlands,2016,SP.POP.TOTL,17030314
NLD,Netherlands,2015,SP.POP.TOTL,16939923
NLD,Netherlands,2014,SP.POP.TOTL,16865008
NLD,Netherlands,2013,SP.POP.TOTL,16804432
NLD,Netherlands,2012,SP.POP.TOTL,16754962
NLD,Netherlands,2011,SP.POP.TOTL,16693074
NLD,Netherlands,2010,SP.POP.TOTL,16615394
NLD,Netherlands,2009,SP.POP.TOTL,16530388
NLD,Netherlands,2008,SP.POP.TOTL,16445593
NLD,Netherlands,2007,SP.POP.TOTL,16381696
NLD,Netherlands,2006,SP.POP.TOTL,16346101
NLD,Netherlands,2005,SP.POP.TOTL,16319868
NCL,New Caledonia,2025,SP.POP.TOTL,295333
NCL,New Caledonia,2024,SP.POP.TOTL,292639
NCL,New Caledonia,2023,SP.POP.TOTL,289870
NCL,New Caledonia,2022,SP.POP.TOTL,287123
NCL,New Caledonia,2021,SP.POP.TOTL,285214
NCL,New Caledonia,2020,SP.POP.TOTL,284176
NCL,New Caledonia,2019,SP.POP.TOTL,283606
NCL,New Caledonia,2018,SP.POP.TOTL,283541
NCL,New Caledonia,2017,SP.POP.TOTL,283546
NCL,New Caledonia,2016,SP.POP.TOTL,283423
NCL,New Caledonia,2015,SP.POP.TOTL,283168
NCL,New Caledonia,2014,SP.POP.TOTL,281224
NCL,New Caledonia,2013,SP.POP.TOTL,276822
NCL,New Caledonia,2012,SP.POP.TOTL,271633
NCL,New Caledonia,2011,SP.POP.TOTL,266543
NCL,New Caledonia,2010,SP.POP.TOTL,261582
NCL,New Caledonia,2009,SP.POP.TOTL,257250
NCL,New Caledonia,2008,SP.POP.TOTL,253825
NCL,New Caledonia,2007,SP.POP.TOTL,250725
NCL,New Caledonia,2006,SP.POP.TOTL,247547
NCL,New Caledonia,2005,SP.POP.TOTL,244381
NZL,New Zealand,2025,SP.POP.TOTL,5324700
NZL,New Zealand,2024,SP.POP.TOTL,5290000
NZL,New Zealand,2023,SP.POP.TOTL,5200000
NZL,New Zealand,2022,SP.POP.TOTL,5081700
NZL,New Zealand,2021,SP.POP.TOTL,5084600
NZL,New Zealand,2020,SP.POP.TOTL,5072400
NZL,New Zealand,2019,SP.POP.TOTL,4970300
NZL,New Zealand,2018,SP.POP.TOTL,4900600
NZL,New Zealand,2017,SP.POP.TOTL,4813600
NZL,New Zealand,2016,SP.POP.TOTL,4714100
NZL,New Zealand,2015,SP.POP.TOTL,4609400
NZL,New Zealand,2014,SP.POP.TOTL,4516500
NZL,New Zealand,2013,SP.POP.TOTL,4442100
NZL,New Zealand,2012,SP.POP.TOTL,4408100
NZL,New Zealand,2011,SP.POP.TOTL,4384000
NZL,New Zealand,2010,SP.POP.TOTL,4350700
NZL,New Zealand,2009,SP.POP.TOTL,4302600
NZL,New Zealand,2008,SP.POP.TOTL,4259800
NZL,New Zealand,2007,SP.POP.TOTL,4223800
NZL,New Zealand,2006,SP.POP.TOTL,4184600
NZL,New Zealand,2005,SP.POP.TOTL,4133900
NIC,Nicaragua,2025,SP.POP.TOTL,7007502
NIC,Nicaragua,2024,SP.POP.TOTL,6916140
NIC,Nicaragua,2023,SP.POP.TOTL,6823613
NIC,Nicaragua,2022,SP.POP.TOTL,6730654
NIC,Nicaragua,2021,SP.POP.TOTL,6644741
NIC,Nicaragua,2020,SP.POP.TOTL,6565267
NIC,Nicaragua,2019,SP.POP.TOTL,6483657
NIC,Nicaragua,2018,SP.POP.TOTL,6400080
NIC,Nicaragua,2017,SP.POP.TOTL,6316231
NIC,Nicaragua,2016,SP.POP.TOTL,6232666
NIC,Nicaragua,2015,SP.POP.TOTL,6149417
NIC,Nicaragua,2014,SP.POP.TOTL,6066492
NIC,Nicaragua,2013,SP.POP.TOTL,5983845
NIC,Nicaragua,2012,SP.POP.TOTL,5901287
NIC,Nicaragua,2011,SP.POP.TOTL,5819051
NIC,Nicaragua,2010,SP.POP.TOTL,5737450
NIC,Nicaragua,2009,SP.POP.TOTL,5656601
NIC,Nicaragua,2008,SP.POP.TOTL,5576593
NIC,Nicaragua,2007,SP.POP.TOTL,5497243
NIC,Nicaragua,2006,SP.POP.TOTL,5418855
NIC,Nicaragua,2005,SP.POP.TOTL,5342105
NER,Niger,2025,SP.POP.TOTL,27917831
NER,Niger,2024,SP.POP.TOTL,27032412
NER,Niger,2023,SP.POP.TOTL,26159867
NER,Niger,2022,SP.POP.TOTL,25311973
NER,Niger,2021,SP.POP.TOTL,24502140
NER,Niger,2020,SP.POP.TOTL,23717613
NER,Niger,2019,SP.POP.TOTL,22947757
NER,Niger,2018,SP.POP.TOTL,22188069
NER,Niger,2017,SP.POP.TOTL,21435446
NER,Niger,2016,SP.POP.TOTL,20685753
NER,Niger,2015,SP.POP.TOTL,19939498
NER,Niger,2014,SP.POP.TOTL,19215909
NER,Niger,2013,SP.POP.TOTL,18519898
NER,Niger,2012,SP.POP.TOTL,17836769
NER,Niger,2011,SP.POP.TOTL,17176283
NER,Niger,2010,SP.POP.TOTL,16548835
NER,Niger,2009,SP.POP.TOTL,15943675
NER,Niger,2008,SP.POP.TOTL,15361915
NER,Niger,2007,SP.POP.TOTL,14803610
NER,Niger,2006,SP.POP.TOTL,14268581
NER,Niger,2005,SP.POP.TOTL,13756192
NGA,Nigeria,2025,SP.POP.TOTL,237527782
NGA,Nigeria,2024,SP.POP.TOTL,232679478
NGA,Nigeria,2023,SP.POP.TOTL,227882945
NGA,Nigeria,2022,SP.POP.TOTL,223150896
NGA,Nigeria,2021,SP.POP.TOTL,218529286
NGA,Nigeria,2020,SP.POP.TOTL,213996181
NGA,Nigeria,2019,SP.POP.TOTL,209485641
NGA,Nigeria,2018,SP.POP.TOTL,204938755
NGA,Nigeria,2017,SP.POP.TOTL,200254579
NGA,Nigeria,2016,SP.POP.TOTL,195443700
NGA,Nigeria,2015,SP.POP.TOTL,190671878
NGA,Nigeria,2014,SP.POP.TOTL,185896915
NGA,Nigeria,2013,SP.POP.TOTL,181049443
NGA,Nigeria,2012,SP.POP.TOTL,176200625
NGA,Nigeria,2011,SP.POP.TOTL,171379598
NGA,Nigeria,2010,SP.POP.TOTL,166642886
NGA,Nigeria,2009,SP.POP.TOTL,162049464
NGA,Nigeria,2008,SP.POP.TOTL,157595014
NGA,Nigeria,2007,SP.POP.TOTL,153267261
NGA,Nigeria,2006,SP.POP.TOTL,149077334
NGA,Nigeria,2005,SP.POP.TOTL,145017253
MKD,North Macedonia,2025,SP.POP.TOTL,1820909
MKD,North Macedonia,2024,SP.POP.TOTL,1824359
MKD,North Macedonia,2023,SP.POP.TOTL,1827816
MKD,North Macedonia,2022,SP.POP.TOTL,1831712
MKD,North Macedonia,2021,SP.POP.TOTL,1837114
MKD,North Macedonia,2020,SP.POP.TOTL,1856124
MKD,North Macedonia,2019,SP.POP.TOTL,1876262
MKD,North Macedonia,2018,SP.POP.TOTL,1889051
MKD,North Macedonia,2017,SP.POP.TOTL,1898657
MKD,North Macedonia,2016,SP.POP.TOTL,1906313
MKD,North Macedonia,2015,SP.POP.TOTL,1912430
MKD,North Macedonia,2014,SP.POP.TOTL,1917557
MKD,North Macedonia,2013,SP.POP.TOTL,1922716
MKD,North Macedonia,2012,SP.POP.TOTL,1929821
MKD,North Macedonia,2011,SP.POP.TOTL,1937398
MKD,North Macedonia,2010,SP.POP.TOTL,1946298
MKD,North Macedonia,2009,SP.POP.TOTL,1958782
MKD,North Macedonia,2008,SP.POP.TOTL,1971493
MKD,North Macedonia,2007,SP.POP.TOTL,1982933
MKD,North Macedonia,2006,SP.POP.TOTL,1994287
MKD,North Macedonia,2005,SP.POP.TOTL,2005330
MNP,Northern Mariana Islands,2025,SP.POP.TOTL,43541
MNP,Northern Mariana Islands,2024,SP.POP.TOTL,44278
MNP,Northern Mariana Islands,2023,SP.POP.TOTL,45143
MNP,Northern Mariana Islands,2022,SP.POP.TOTL,46078
MNP,Northern Mariana Islands,2021,SP.POP.TOTL,46979
MNP,Northern Mariana Islands,2020,SP.POP.TOTL,47528
MNP,Northern Mariana Islands,2019,SP.POP.TOTL,48129
MNP,Northern Mariana Islands,2018,SP.POP.TOTL,49077
MNP,Northern Mariana Islands,2017,SP.POP.TOTL,49959
MNP,Northern Mariana Islands,2016,SP.POP.TOTL,50773
MNP,Northern Mariana Islands,2015,SP.POP.TOTL,51514
MNP,Northern Mariana Islands,2014,SP.POP.TOTL,52178
MNP,Northern Mariana Islands,2013,SP.POP.TOTL,52758
MNP,Northern Mariana Islands,2012,SP.POP.TOTL,53234
MNP,Northern Mariana Islands,2011,SP.POP.TOTL,53608
MNP,Northern Mariana Islands,2010,SP.POP.TOTL,54091
MNP,Northern Mariana Islands,2009,SP.POP.TOTL,55325
MNP,Northern Mariana Islands,2008,SP.POP.TOTL,57150
MNP,Northern Mariana Islands,2007,SP.POP.TOTL,58941
MNP,Northern Mariana Islands,2006,SP.POP.TOTL,60682
MNP,Northern Mariana Islands,2005,SP.POP.TOTL,62354
NOR,Norway,2025,SP.POP.TOTL,5610870
NOR,Norway,2024,SP.POP.TOTL,5572279
NOR,Norway,2023,SP.POP.TOTL,5519601
NOR,Norway,2022,SP.POP.TOTL,5457127
NOR,Norway,2021,SP.POP.TOTL,5408320
NOR,Norway,2020,SP.POP.TOTL,5379475
NOR,Norway,2019,SP.POP.TOTL,5347896
NOR,Norway,2018,SP.POP.TOTL,5311916
NOR,Norway,2017,SP.POP.TOTL,5276968
NOR,Norway,2016,SP.POP.TOTL,5234519
NOR,Norway,2015,SP.POP.TOTL,5188607
NOR,Norway,2014,SP.POP.TOTL,5137232
NOR,Norway,2013,SP.POP.TOTL,5079623
NOR,Norway,2012,SP.POP.TOTL,5018573
NOR,Norway,2011,SP.POP.TOTL,4953088
NOR,Norway,2010,SP.POP.TOTL,4889252
NOR,Norway,2009,SP.POP.TOTL,4828726
NOR,Norway,2008,SP.POP.TOTL,4768212
NOR,Norway,2007,SP.POP.TOTL,4709153
NOR,Norway,2006,SP.POP.TOTL,4660677
NOR,Norway,2005,SP.POP.TOTL,4623291
OMN,Oman,2025,SP.POP.TOTL,5494691
OMN,Oman,2024,SP.POP.TOTL,5281538
OMN,Oman,2023,SP.POP.TOTL,5049269
OMN,Oman,2022,SP.POP.TOTL,4730226
OMN,Oman,2021,SP.POP.TOTL,4500424
OMN,Oman,2020,SP.POP.TOTL,4522497
OMN,Oman,2019,SP.POP.TOTL,4591241
OMN,Oman,2018,SP.POP.TOTL,4597877
OMN,Oman,2017,SP.POP.TOTL,4537396
OMN,Oman,2016,SP.POP.TOTL,4390877
OMN,Oman,2015,SP.POP.TOTL,4184895
OMN,Oman,2014,SP.POP.TOTL,4002439
OMN,Oman,2013,SP.POP.TOTL,3833913
OMN,Oman,2012,SP.POP.TOTL,3547106
OMN,Oman,2011,SP.POP.TOTL,3076763
OMN,Oman,2010,SP.POP.TOTL,2757446
OMN,Oman,2009,SP.POP.TOTL,2684659
OMN,Oman,2008,SP.POP.TOTL,2626529
OMN,Oman,2007,SP.POP.TOTL,2570174
OMN,Oman,2006,SP.POP.TOTL,2514795
OMN,Oman,2005,SP.POP.TOTL,2459802
PAK,Pakistan,2025,SP.POP.TOTL,255219554
PAK,Pakistan,2024,SP.POP.TOTL,251269164
PAK,Pakistan,2023,SP.POP.TOTL,247504495
PAK,Pakistan,2022,SP.POP.TOTL,243700667
PAK,Pakistan,2021,SP.POP.TOTL,239477801
PAK,Pakistan,2020,SP.POP.TOTL,235001746
PAK,Pakistan,2019,SP.POP.TOTL,230800899
PAK,Pakistan,2018,SP.POP.TOTL,226928892
PAK,Pakistan,2017,SP.POP.TOTL,223273967
PAK,Pakistan,2016,SP.POP.TOTL,220138869
PAK,Pakistan,2015,SP.POP.TOTL,217290883
PAK,Pakistan,2014,SP.POP.TOTL,214264647
PAK,Pakistan,2013,SP.POP.TOTL,211073978
PAK,Pakistan,2012,SP.POP.TOTL,207667125
PAK,Pakistan,2011,SP.POP.TOTL,203746065
PAK,Pakistan,2010,SP.POP.TOTL,199239047
PAK,Pakistan,2009,SP.POP.TOTL,194376534
PAK,Pakistan,2008,SP.POP.TOTL,189499113
PAK,Pakistan,2007,SP.POP.TOTL,184493231
PAK,Pakistan,2006,SP.POP.TOTL,179682690
PAK,Pakistan,2005,SP.POP.TOTL,175453212
PLW,Palau,2025,SP.POP.TOTL,17663
PLW,Palau,2024,SP.POP.TOTL,17695
PLW,Palau,2023,SP.POP.TOTL,17727
PLW,Palau,2022,SP.POP.TOTL,17759
PLW,Palau,2021,SP.POP.TOTL,17783
PLW,Palau,2020,SP.POP.TOTL,17792
PLW,Palau,2019,SP.POP.TOTL,17798
PLW,Palau,2018,SP.POP.TOTL,17814
PLW,Palau,2017,SP.POP.TOTL,17812
PLW,Palau,2016,SP.POP.TOTL,17797
PLW,Palau,2015,SP.POP.TOTL,17770
PLW,Palau,2014,SP.POP.TOTL,17715
PLW,Palau,2013,SP.POP.TOTL,17648
PLW,Palau,2012,SP.POP.TOTL,17765
PLW,Palau,2011,SP.POP.TOTL,18078
PLW,Palau,2010,SP.POP.TOTL,18396
PLW,Palau,2009,SP.POP.TOTL,18709
PLW,Palau,2008,SP.POP.TOTL,19009
PLW,Palau,2007,SP.POP.TOTL,19302
PLW,Palau,2006,SP.POP.TOTL,19593
PLW,Palau,2005,SP.POP.TOTL,19819
PAN,Panama,2025,SP.POP.TOTL,4571189
PAN,Panama,2024,SP.POP.TOTL,4515577
PAN,Panama,2023,SP.POP.TOTL,4458759
PAN,Panama,2022,SP.POP.TOTL,4400773
PAN,Panama,2021,SP.POP.TOTL,4345405
PAN,Panama,2020,SP.POP.TOTL,4293261
PAN,Panama,2019,SP.POP.TOTL,4234700
PAN,Panama,2018,SP.POP.TOTL,4167860
PAN,Panama,2017,SP.POP.TOTL,4098707
PAN,Panama,2016,SP.POP.TOTL,4029086
PAN,Panama,2015,SP.POP.TOTL,3960035
PAN,Panama,2014,SP.POP.TOTL,3892101
PAN,Panama,2013,SP.POP.TOTL,3825329
PAN,Panama,2012,SP.POP.TOTL,3759256
PAN,Panama,2011,SP.POP.TOTL,3693505
PAN,Panama,2010,SP.POP.TOTL,3628535
PAN,Panama,2009,SP.POP.TOTL,3564381
PAN,Panama,2008,SP.POP.TOTL,3500648
PAN,Panama,2007,SP.POP.TOTL,3437490
PAN,Panama,2006,SP.POP.TOTL,3375024
PAN,Panama,2005,SP.POP.TOTL,3313026
PNG,Papua New Guinea,2025,SP.POP.TOTL,10762817
PNG,Papua New Guinea,2024,SP.POP.TOTL,10576502
PNG,Papua New Guinea,2023,SP.POP.TOTL,10389635
PNG,Papua New Guinea,2022,SP.POP.TOTL,10203169
PNG,Papua New Guinea,2021,SP.POP.TOTL,10012896
PNG,Papua New Guinea,2020,SP.POP.TOTL,9815746
PNG,Papua New Guinea,2019,SP.POP.TOTL,9609010
PNG,Papua New Guinea,2018,SP.POP.TOTL,9394513
PNG,Papua New Guinea,2017,SP.POP.TOTL,9178714
PNG,Papua New Guinea,2016,SP.POP.TOTL,8961718
PNG,Papua New Guinea,2015,SP.POP.TOTL,8743246
PNG,Papua New Guinea,2014,SP.POP.TOTL,8523441
PNG,Papua New Guinea,2013,SP.POP.TOTL,8302698
PNG,Papua New Guinea,2012,SP.POP.TOTL,8081390
PNG,Papua New Guinea,2011,SP.POP.TOTL,7859346
PNG,Papua New Guinea,2010,SP.POP.TOTL,7633523
PNG,Papua New Guinea,2009,SP.POP.TOTL,7406438
PNG,Papua New Guinea,2008,SP.POP.TOTL,7183002
PNG,Papua New Guinea,2007,SP.POP.TOTL,6963345
PNG,Papua New Guinea,2006,SP.POP.TOTL,6747720
PNG,Papua New Guinea,2005,SP.POP.TOTL,6535905
PRY,Paraguay,2025,SP.POP.TOTL,7013078
PRY,Paraguay,2024,SP.POP.TOTL,6929153
PRY,Paraguay,2023,SP.POP.TOTL,6844146
PRY,Paraguay,2022,SP.POP.TOTL,6760464
PRY,Paraguay,2021,SP.POP.TOTL,6684182
PRY,Paraguay,2020,SP.POP.TOTL,6603739
PRY,Paraguay,2019,SP.POP.TOTL,6515058
PRY,Paraguay,2018,SP.POP.TOTL,6427382
PRY,Paraguay,2017,SP.POP.TOTL,6338660
PRY,Paraguay,2016,SP.POP.TOTL,6249126
PRY,Paraguay,2015,SP.POP.TOTL,6159103
PRY,Paraguay,2014,SP.POP.TOTL,6069811
PRY,Paraguay,2013,SP.POP.TOTL,5982445
PRY,Paraguay,2012,SP.POP.TOTL,5897008
PRY,Paraguay,2011,SP.POP.TOTL,5814626
PRY,Paraguay,2010,SP.POP.TOTL,5737971
PRY,Paraguay,2009,SP.POP.TOTL,5671236
PRY,Paraguay,2008,SP.POP.TOTL,5613574
PRY,Paraguay,2007,SP.POP.TOTL,5559386
PRY,Paraguay,2006,SP.POP.TOTL,5505148
PRY,Paraguay,2005,SP.POP.TOTL,5448097
PER,Peru,2025,SP.POP.TOTL,34576665
PER,Peru,2024,SP.POP.TOTL,34217848
PER,Peru,2023,SP.POP.TOTL,33845617
PER,Peru,2022,SP.POP.TOTL,33475438
PER,Peru,2021,SP.POP.TOTL,33155882
PER,Peru,2020,SP.POP.TOTL,32838579
PER,Peru,2019,SP.POP.TOTL,32449303
PER,Peru,2018,SP.POP.TOTL,31897584
PER,Peru,2017,SP.POP.TOTL,31324637
PER,Peru,2016,SP.POP.TOTL,30866494
PER,Peru,2015,SP.POP.TOTL,30457600
PER,Peru,2014,SP.POP.TOTL,30115826
PER,Peru,2013,SP.POP.TOTL,29817919
PER,Peru,2012,SP.POP.TOTL,29550366
PER,Peru,2011,SP.POP.TOTL,29304086
PER,Peru,2010,SP.POP.TOTL,29086019
PER,Peru,2009,SP.POP.TOTL,28896811
PER,Peru,2008,SP.POP.TOTL,28719041
PER,Peru,2007,SP.POP.TOTL,28530699
PER,Peru,2006,SP.POP.TOTL,28324491
PER,Peru,2005,SP.POP.TOTL,28101180
PHL,Philippines,2025,SP.POP.TOTL,116786962
PHL,Philippines,2024,SP.POP.TOTL,115843670
PHL,Philippines,2023,SP.POP.TOTL,114891199
PHL,Philippines,2022,SP.POP.TOTL,113964338
PHL,Philippines,2021,SP.POP.TOTL,113100950
PHL,Philippines,2020,SP.POP.TOTL,112081264
PHL,Philippines,2019,SP.POP.TOTL,110804683
PHL,Philippines,2018,SP.POP.TOTL,109465287
PHL,Philippines,2017,SP.POP.TOTL,108119693
PHL,Philippines,2016,SP.POP.TOTL,106735719
PHL,Philippines,2015,SP.POP.TOTL,105312992
PHL,Philippines,2014,SP.POP.TOTL,103767130
PHL,Philippines,2013,SP.POP.TOTL,102076336
PHL,Philippines,2012,SP.POP.TOTL,100175512
PHL,Philippines,2011,SP.POP.TOTL,98248614
PHL,Philippines,2010,SP.POP.TOTL,96337125
PHL,Philippines,2009,SP.POP.TOTL,94384250
PHL,Philippines,2008,SP.POP.TOTL,92699095
PHL,Philippines,2007,SP.POP.TOTL,91075184
PHL,Philippines,2006,SP.POP.TOTL,89508986
PHL,Philippines,2005,SP.POP.TOTL,88015962
POL,Poland,2025,SP.POP.TOTL,36435861
POL,Poland,2024,SP.POP.TOTL,36559233
POL,Poland,2023,SP.POP.TOTL,36687353
POL,Poland,2022,SP.POP.TOTL,36821749
POL,Poland,2021,SP.POP.TOTL,36981559
POL,Poland,2020,SP.POP.TOTL,37515748
POL,Poland,2019,SP.POP.TOTL,37965475
POL,Poland,2018,SP.POP.TOTL,37974750
POL,Poland,2017,SP.POP.TOTL,37974826
POL,Poland,2016,SP.POP.TOTL,37970087
POL,Poland,2015,SP.POP.TOTL,37986412
POL,Poland,2014,SP.POP.TOTL,38011735
POL,Poland,2013,SP.POP.TOTL,38040196
POL,Poland,2012,SP.POP.TOTL,38063164
POL,Poland,2011,SP.POP.TOTL,38063255
POL,Poland,2010,SP.POP.TOTL,38042794
POL,Poland,2009,SP.POP.TOTL,38151603
POL,Poland,2008,SP.POP.TOTL,38125759
POL,Poland,2007,SP.POP.TOTL,38120560
POL,Poland,2006,SP.POP.TOTL,38141267
POL,Poland,2005,SP.POP.TOTL,38165445
PRT,Portugal,2025,SP.POP.TOTL,10804871
PRT,Portugal,2024,SP.POP.TOTL,10694681
PRT,Portugal,2023,SP.POP.TOTL,10578174
PRT,Portugal,2022,SP.POP.TOTL,10434332
PRT,Portugal,2021,SP.POP.TOTL,10361831
PRT,Portugal,2020,SP.POP.TOTL,10297081
PRT,Portugal,2019,SP.POP.TOTL,10286263
PRT,Portugal,2018,SP.POP.TOTL,10283822
PRT,Portugal,2017,SP.POP.TOTL,10300300
PRT,Portugal,2016,SP.POP.TOTL,10325452
PRT,Portugal,2015,SP.POP.TOTL,10358076
PRT,Portugal,2014,SP.POP.TOTL,10401062
PRT,Portugal,2013,SP.POP.TOTL,10457295
PRT,Portugal,2012,SP.POP.TOTL,10514844
PRT,Portugal,2011,SP.POP.TOTL,10557560
PRT,Portugal,2010,SP.POP.TOTL,10573100
PRT,Portugal,2009,SP.POP.TOTL,10568247
PRT,Portugal,2008,SP.POP.TOTL,10558177
PRT,Portugal,2007,SP.POP.TOTL,10542964
PRT,Portugal,2006,SP.POP.TOTL,10522288
PRT,Portugal,2005,SP.POP.TOTL,10503330
PRI,Puerto Rico (US),2025,SP.POP.TOTL,3184835
PRI,Puerto Rico (US),2024,SP.POP.TOTL,3202521
PRI,Puerto Rico (US),2023,SP.POP.TOTL,3203794
PRI,Puerto Rico (US),2022,SP.POP.TOTL,3220148
PRI,Puerto Rico (US),2021,SP.POP.TOTL,3262731
PRI,Puerto Rico (US),2020,SP.POP.TOTL,3281591
PRI,Puerto Rico (US),2019,SP.POP.TOTL,3302691
PRI,Puerto Rico (US),2018,SP.POP.TOTL,3290690
PRI,Puerto Rico (US),2017,SP.POP.TOTL,3410837
PRI,Puerto Rico (US),2016,SP.POP.TOTL,3480432
PRI,Puerto Rico (US),2015,SP.POP.TOTL,3535167
PRI,Puerto Rico (US),2014,SP.POP.TOTL,3585017
PRI,Puerto Rico (US),2013,SP.POP.TOTL,3631427
PRI,Puerto Rico (US),2012,SP.POP.TOTL,3661045
PRI,Puerto Rico (US),2011,SP.POP.TOTL,3693464
PRI,Puerto Rico (US),2010,SP.POP.TOTL,3724465
PRI,Puerto Rico (US),2009,SP.POP.TOTL,3740410
PRI,Puerto Rico (US),2008,SP.POP.TOTL,3760866
PRI,Puerto Rico (US),2007,SP.POP.TOTL,3782995
PRI,Puerto Rico (US),2006,SP.POP.TOTL,3805214
PRI,Puerto Rico (US),2005,SP.POP.TOTL,3821362
QAT,Qatar,2025,SP.POP.TOTL,2972215
QAT,Qatar,2024,SP.POP.TOTL,2857822
QAT,Qatar,2023,SP.POP.TOTL,2656032
QAT,Qatar,2022,SP.POP.TOTL,2657333
QAT,Qatar,2021,SP.POP.TOTL,2504910
QAT,Qatar,2020,SP.POP.TOTL,2794148
QAT,Qatar,2019,SP.POP.TOTL,2638657
QAT,Qatar,2018,SP.POP.TOTL,2580734
QAT,Qatar,2017,SP.POP.TOTL,2545820
QAT,Qatar,2016,SP.POP.TOTL,2477113
QAT,Qatar,2015,SP.POP.TOTL,2344557
QAT,Qatar,2014,SP.POP.TOTL,2151745
QAT,Qatar,2013,SP.POP.TOTL,1916426
QAT,Qatar,2012,SP.POP.TOTL,1722438
QAT,Qatar,2011,SP.POP.TOTL,1624761
QAT,Qatar,2010,SP.POP.TOTL,1616832
QAT,Qatar,2009,SP.POP.TOTL,1608903
QAT,Qatar,2008,SP.POP.TOTL,1426938
QAT,Qatar,2007,SP.POP.TOTL,1208595
QAT,Qatar,2006,SP.POP.TOTL,972831
QAT,Qatar,2005,SP.POP.TOTL,825408
ROU,Romania,2025,SP.POP.TOTL,19020271
ROU,Romania,2024,SP.POP.TOTL,19051804
ROU,Romania,2023,SP.POP.TOTL,19061062
ROU,Romania,2022,SP.POP.TOTL,19048502
ROU,Romania,2021,SP.POP.TOTL,19122059
ROU,Romania,2020,SP.POP.TOTL,19265250
ROU,Romania,2019,SP.POP.TOTL,19371648
ROU,Romania,2018,SP.POP.TOTL,19473970
ROU,Romania,2017,SP.POP.TOTL,19588715
ROU,Romania,2016,SP.POP.TOTL,19702267
ROU,Romania,2015,SP.POP.TOTL,19815616
ROU,Romania,2014,SP.POP.TOTL,19908979
ROU,Romania,2013,SP.POP.TOTL,19983693
ROU,Romania,2012,SP.POP.TOTL,20058035
ROU,Romania,2011,SP.POP.TOTL,20147528
ROU,Romania,2010,SP.POP.TOTL,20246871
ROU,Romania,2009,SP.POP.TOTL,20367487
ROU,Romania,2008,SP.POP.TOTL,20537875
ROU,Romania,2007,SP.POP.TOTL,20882982
ROU,Romania,2006,SP.POP.TOTL,21193760
ROU,Romania,2005,SP.POP.TOTL,21319685
RUS,Russian Federation,2025,SP.POP.TOTL,143513328
RUS,Russian Federation,2024,SP.POP.TOTL,143669648
RUS,Russian Federation,2023,SP.POP.TOTL,143826130
RUS,Russian Federation,2022,SP.POP.TOTL,144236933
RUS,Russian Federation,2021,SP.POP.TOTL,144746762
RUS,Russian Federation,2020,SP.POP.TOTL,145245148
RUS,Russian Federation,2019,SP.POP.TOTL,145453291
RUS,Russian Federation,2018,SP.POP.TOTL,145398106
RUS,Russian Federation,2017,SP.POP.TOTL,145293260
RUS,Russian Federation,2016,SP.POP.TOTL,145015460
RUS,Russian Federation,2015,SP.POP.TOTL,144640716
RUS,Russian Federation,2014,SP.POP.TOTL,144237223
RUS,Russian Federation,2013,SP.POP.TOTL,143805638
RUS,Russian Federation,2012,SP.POP.TOTL,143378447
RUS,Russian Federation,2011,SP.POP.TOTL,143018195
RUS,Russian Federation,2010,SP.POP.TOTL,142849468
RUS,Russian Federation,2009,SP.POP.TOTL,142785348
RUS,Russian Federation,2008,SP.POP.TOTL,142742366
RUS,Russian Federation,2007,SP.POP.TOTL,142805114
RUS,Russian Federation,2006,SP.POP.TOTL,143049637
RUS,Russian Federation,2005,SP.POP.TOTL,143518814
RWA,Rwanda,2025,SP.POP.TOTL,14569341
RWA,Rwanda,2024,SP.POP.TOTL,14256567
RWA,Rwanda,2023,SP.POP.TOTL,13954471
RWA,Rwanda,2022,SP.POP.TOTL,13651030
RWA,Rwanda,2021,SP.POP.TOTL,13355260
RWA,Rwanda,2020,SP.POP.TOTL,13065837
RWA,Rwanda,2019,SP.POP.TOTL,12776103
RWA,Rwanda,2018,SP.POP.TOTL,12487996
RWA,Rwanda,2017,SP.POP.TOTL,12202060
RWA,Rwanda,2016,SP.POP.TOTL,11919183
RWA,Rwanda,2015,SP.POP.TOTL,11640022
RWA,Rwanda,2014,SP.POP.TOTL,11364757
RWA,Rwanda,2013,SP.POP.TOTL,11093340
RWA,Rwanda,2012,SP.POP.TOTL,10829901
RWA,Rwanda,2011,SP.POP.TOTL,10573733
RWA,Rwanda,2010,SP.POP.TOTL,10317553
RWA,Rwanda,2009,SP.POP.TOTL,10060432
RWA,Rwanda,2008,SP.POP.TOTL,9804269
RWA,Rwanda,2007,SP.POP.TOTL,9549933
RWA,Rwanda,2006,SP.POP.TOTL,9299246
RWA,Rwanda,2005,SP.POP.TOTL,9054528
WSM,Samoa,2025,SP.POP.TOTL,219306
WSM,Samoa,2024,SP.POP.TOTL,218019
WSM,Samoa,2023,SP.POP.TOTL,216663
WSM,Samoa,2022,SP.POP.TOTL,215261
WSM,Samoa,2021,SP.POP.TOTL,213779
WSM,Samoa,2020,SP.POP.TOTL,211944
WSM,Samoa,2019,SP.POP.TOTL,209780
WSM,Samoa,2018,SP.POP.TOTL,207582
WSM,Samoa,2017,SP.POP.TOTL,205415
WSM,Samoa,2016,SP.POP.TOTL,203499
WSM,Samoa,2015,SP.POP.TOTL,201782
WSM,Samoa,2014,SP.POP.TOTL,200037
WSM,Samoa,2013,SP.POP.TOTL,198268
WSM,Samoa,2012,SP.POP.TOTL,196498
WSM,Samoa,2011,SP.POP.TOTL,194713
WSM,Samoa,2010,SP.POP.TOTL,193023
WSM,Samoa,2009,SP.POP.TOTL,191513
WSM,Samoa,2008,SP.POP.TOTL,190107
WSM,Samoa,2007,SP.POP.TOTL,188753
WSM,Samoa,2006,SP.POP.TOTL,187709
WSM,Samoa,2005,SP.POP.TOTL,186978
SMR,San Marino,2025,SP.POP.TOTL,34109
SMR,San Marino,2024,SP.POP.TOTL,33977
SMR,San Marino,2023,SP.POP.TOTL,33860
SMR,San Marino,2022,SP.POP.TOTL,33755
SMR,San Marino,2021,SP.POP.TOTL,34252
SMR,San Marino,2020,SP.POP.TOTL,34770
SMR,San Marino,2019,SP.POP.TOTL,34663
SMR,San Marino,2018,SP.POP.TOTL,34522
SMR,San Marino,2017,SP.POP.TOTL,33825
SMR,San Marino,2016,SP.POP.TOTL,33101
SMR,San Marino,2015,SP.POP.TOTL,32897
SMR,San Marino,2014,SP.POP.TOTL,32655
SMR,San Marino,2013,SP.POP.TOTL,33041
SMR,San Marino,2012,SP.POP.TOTL,33469
SMR,San Marino,2011,SP.POP.TOTL,32620
SMR,San Marino,2010,SP.POP.TOTL,33270
SMR,San Marino,2009,SP.POP.TOTL,33066
SMR,San Marino,2008,SP.POP.TOTL,31662
SMR,San Marino,2007,SP.POP.TOTL,31211
SMR,San Marino,2006,SP.POP.TOTL,30184
SMR,San Marino,2005,SP.POP.TOTL,29836
STP,Sao Tome and Principe,2025,SP.POP.TOTL,240254
STP,Sao Tome and Principe,2024,SP.POP.TOTL,235536
STP,Sao Tome and Principe,2023,SP.POP.TOTL,230871
STP,Sao Tome and Principe,2022,SP.POP.TOTL,226305
STP,Sao Tome and Principe,2021,SP.POP.TOTL,221961
STP,Sao Tome and Principe,2020,SP.POP.TOTL,217435
STP,Sao Tome and Principe,2019,SP.POP.TOTL,213392
STP,Sao Tome and Principe,2018,SP.POP.TOTL,210187
STP,Sao Tome and Principe,2017,SP.POP.TOTL,206970
STP,Sao Tome and Principe,2016,SP.POP.TOTL,203689
STP,Sao Tome and Principe,2015,SP.POP.TOTL,200291
STP,Sao Tome and Principe,2014,SP.POP.TOTL,196767
STP,Sao Tome and Principe,2013,SP.POP.TOTL,193148
STP,Sao Tome and Principe,2012,SP.POP.TOTL,189439
STP,Sao Tome and Principe,2011,SP.POP.TOTL,185649
STP,Sao Tome and Principe,2010,SP.POP.TOTL,181802
STP,Sao Tome and Principe,2009,SP.POP.TOTL,177853
STP,Sao Tome and Principe,2008,SP.POP.TOTL,173793
STP,Sao Tome and Principe,2007,SP.POP.TOTL,169700
STP,Sao Tome and Principe,2006,SP.POP.TOTL,165638
STP,Sao Tome and Principe,2005,SP.POP.TOTL,161639
SAU,Saudi Arabia,2025,SP.POP.TOTL,36973555
SAU,Saudi Arabia,2024,SP.POP.TOTL,35300280
SAU,Saudi Arabia,2023,SP.POP.TOTL,33702731
SAU,Saudi Arabia,2022,SP.POP.TOTL,32175224
SAU,Saudi Arabia,2021,SP.POP.TOTL,30784383
SAU,Saudi Arabia,2020,SP.POP.TOTL,31552510
SAU,Saudi Arabia,2019,SP.POP.TOTL,30063799
SAU,Saudi Arabia,2018,SP.POP.TOTL,30196281
SAU,Saudi Arabia,2017,SP.POP.TOTL,30977355
SAU,Saudi Arabia,2016,SP.POP.TOTL,30954198
SAU,Saudi Arabia,2015,SP.POP.TOTL,29816382
SAU,Saudi Arabia,2014,SP.POP.TOTL,28309273
SAU,Saudi Arabia,2013,SP.POP.TOTL,27624004
SAU,Saudi Arabia,2012,SP.POP.TOTL,26168861
SAU,Saudi Arabia,2011,SP.POP.TOTL,25091867
SAU,Saudi Arabia,2010,SP.POP.TOTL,23978487
SAU,Saudi Arabia,2009,SP.POP.TOTL,24217654
SAU,Saudi Arabia,2008,SP.POP.TOTL,23287877
SAU,Saudi Arabia,2007,SP.POP.TOTL,22368313
SAU,Saudi Arabia,2006,SP.POP.TOTL,21459144
SAU,Saudi Arabia,2005,SP.POP.TOTL,20559890
SEN,Senegal,2025,SP.POP.TOTL,18931966
SEN,Senegal,2024,SP.POP.TOTL,18501984
SEN,Senegal,2023,SP.POP.TOTL,18077573
SEN,Senegal,2022,SP.POP.TOTL,17651103
SEN,Senegal,2021,SP.POP.TOTL,17220867
SEN,Senegal,2020,SP.POP.TOTL,16789219
SEN,Senegal,2019,SP.POP.TOTL,16352922
SEN,Senegal,2018,SP.POP.TOTL,15914498
SEN,Senegal,2017,SP.POP.TOTL,15475002
SEN,Senegal,2016,SP.POP.TOTL,15034521
SEN,Senegal,2015,SP.POP.TOTL,14593331
SEN,Senegal,2014,SP.POP.TOTL,14152102
SEN,Senegal,2013,SP.POP.TOTL,13710849
SEN,Senegal,2012,SP.POP.TOTL,13310495
SEN,Senegal,2011,SP.POP.TOTL,12958897
SEN,Senegal,2010,SP.POP.TOTL,12635413
SEN,Senegal,2009,SP.POP.TOTL,12337389
SEN,Senegal,2008,SP.POP.TOTL,12048959
SEN,Senegal,2007,SP.POP.TOTL,11770344
SEN,Senegal,2006,SP.POP.TOTL,11500094
SEN,Senegal,2005,SP.POP.TOTL,11235472
SRB,Serbia,2025,SP.POP.TOTL,6549143
SRB,Serbia,2024,SP.POP.TOTL,6586476
SRB,Serbia,2023,SP.POP.TOTL,6623183
SRB,Serbia,2022,SP.POP.TOTL,6664449
SRB,Serbia,2021,SP.POP.TOTL,6834326
SRB,Serbia,2020,SP.POP.TOTL,6899126
SRB,Serbia,2019,SP.POP.TOTL,6945235
SRB,Serbia,2018,SP.POP.TOTL,6982604
SRB,Serbia,2017,SP.POP.TOTL,7020858
SRB,Serbia,2016,SP.POP.TOTL,7058322
SRB,Serbia,2015,SP.POP.TOTL,7095383
SRB,Serbia,2014,SP.POP.TOTL,7131787
SRB,Serbia,2013,SP.POP.TOTL,7166553
SRB,Serbia,2012,SP.POP.TOTL,7201497
SRB,Serbia,2011,SP.POP.TOTL,7236519
SRB,Serbia,2010,SP.POP.TOTL,7291436
SRB,Serbia,2009,SP.POP.TOTL,7320807
SRB,Serbia,2008,SP.POP.TOTL,7350222
SRB,Serbia,2007,SP.POP.TOTL,7381579
SRB,Serbia,2006,SP.POP.TOTL,7411569
SRB,Serbia,2005,SP.POP.TOTL,7440769
SYC,Seychelles,2025,SP.POP.TOTL,122730
SYC,Seychelles,2024,SP.POP.TOTL,121354
SYC,Seychelles,2023,SP.POP.TOTL,119773
SYC,Seychelles,2022,SP.POP.TOTL,119878
SYC,Seychelles,2021,SP.POP.TOTL,99258
SYC,Seychelles,2020,SP.POP.TOTL,98462
SYC,Seychelles,2019,SP.POP.TOTL,97625
SYC,Seychelles,2018,SP.POP.TOTL,96762
SYC,Seychelles,2017,SP.POP.TOTL,95843
SYC,Seychelles,2016,SP.POP.TOTL,94677
SYC,Seychelles,2015,SP.POP.TOTL,93419
SYC,Seychelles,2014,SP.POP.TOTL,91359
SYC,Seychelles,2013,SP.POP.TOTL,89949
SYC,Seychelles,2012,SP.POP.TOTL,88303
SYC,Seychelles,2011,SP.POP.TOTL,87441
SYC,Seychelles,2010,SP.POP.TOTL,89770
SYC,Seychelles,2009,SP.POP.TOTL,87298
SYC,Seychelles,2008,SP.POP.TOTL,86956
SYC,Seychelles,2007,SP.POP.TOTL,85033
SYC,Seychelles,2006,SP.POP.TOTL,84600
SYC,Seychelles,2005,SP.POP.TOTL,82858
SLE,Sierra Leone,2025,SP.POP.TOTL,8819794
SLE,Sierra Leone,2024,SP.POP.TOTL,8642022
SLE,Sierra Leone,2023,SP.POP.TOTL,8460512
SLE,Sierra Leone,2022,SP.POP.TOTL,8276807
SLE,Sierra Leone,2021,SP.POP.TOTL,8094602
SLE,Sierra Leone,2020,SP.POP.TOTL,7912558
SLE,Sierra Leone,2019,SP.POP.TOTL,7731991
SLE,Sierra Leone,2018,SP.POP.TOTL,7554563
SLE,Sierra Leone,2017,SP.POP.TOTL,7379299
SLE,Sierra Leone,2016,SP.POP.TOTL,7205328
SLE,Sierra Leone,2015,SP.POP.TOTL,7037655
SLE,Sierra Leone,2014,SP.POP.TOTL,6876385
SLE,Sierra Leone,2013,SP.POP.TOTL,6714051
SLE,Sierra Leone,2012,SP.POP.TOTL,6551080
SLE,Sierra Leone,2011,SP.POP.TOTL,6387251
SLE,Sierra Leone,2010,SP.POP.TOTL,6222714
SLE,Sierra Leone,2009,SP.POP.TOTL,6055646
SLE,Sierra Leone,2008,SP.POP.TOTL,5894722
SLE,Sierra Leone,2007,SP.POP.TOTL,5749352
SLE,Sierra Leone,2006,SP.POP.TOTL,5624466
SLE,Sierra Leone,2005,SP.POP.TOTL,5501712
SGP,Singapore,2025,SP.POP.TOTL,6111175
SGP,Singapore,2024,SP.POP.TOTL,6036860
SGP,Singapore,2023,SP.POP.TOTL,5917648
SGP,Singapore,2022,SP.POP.TOTL,5637022
SGP,Singapore,2021,SP.POP.TOTL,5453566
SGP,Singapore,2020,SP.POP.TOTL,5685807
SGP,Singapore,2019,SP.POP.TOTL,5703569
SGP,Singapore,2018,SP.POP.TOTL,5638676
SGP,Singapore,2017,SP.POP.TOTL,5612253
SGP,Singapore,2016,SP.POP.TOTL,5607283
SGP,Singapore,2015,SP.POP.TOTL,5535002
SGP,Singapore,2014,SP.POP.TOTL,5469724
SGP,Singapore,2013,SP.POP.TOTL,5399162
SGP,Singapore,2012,SP.POP.TOTL,5312437
SGP,Singapore,2011,SP.POP.TOTL,5183688
SGP,Singapore,2010,SP.POP.TOTL,5076732
SGP,Singapore,2009,SP.POP.TOTL,4987573
SGP,Singapore,2008,SP.POP.TOTL,4839396
SGP,Singapore,2007,SP.POP.TOTL,4588599
SGP,Singapore,2006,SP.POP.TOTL,4401365
SGP,Singapore,2005,SP.POP.TOTL,4265762
SXM,Sint Maarten (Dutch part),2025,SP.POP.TOTL,43923
SXM,Sint Maarten (Dutch part),2024,SP.POP.TOTL,43350
SXM,Sint Maarten (Dutch part),2023,SP.POP.TOTL,42749
SXM,Sint Maarten (Dutch part),2022,SP.POP.TOTL,42139
SXM,Sint Maarten (Dutch part),2021,SP.POP.TOTL,41571
SXM,Sint Maarten (Dutch part),2020,SP.POP.TOTL,41008
SXM,Sint Maarten (Dutch part),2019,SP.POP.TOTL,40385
SXM,Sint Maarten (Dutch part),2018,SP.POP.TOTL,39712
SXM,Sint Maarten (Dutch part),2017,SP.POP.TOTL,38996
SXM,Sint Maarten (Dutch part),2016,SP.POP.TOTL,38249
SXM,Sint Maarten (Dutch part),2015,SP.POP.TOTL,37471
SXM,Sint Maarten (Dutch part),2014,SP.POP.TOTL,36672
SXM,Sint Maarten (Dutch part),2013,SP.POP.TOTL,35854
SXM,Sint Maarten (Dutch part),2012,SP.POP.TOTL,35023
SXM,Sint Maarten (Dutch part),2011,SP.POP.TOTL,34267
SXM,Sint Maarten (Dutch part),2010,SP.POP.TOTL,33794
SXM,Sint Maarten (Dutch part),2009,SP.POP.TOTL,33491
SXM,Sint Maarten (Dutch part),2008,SP.POP.TOTL,33145
SXM,Sint Maarten (Dutch part),2007,SP.POP.TOTL,32791
SXM,Sint Maarten (Dutch part),2006,SP.POP.TOTL,32428
SXM,Sint Maarten (Dutch part),2005,SP.POP.TOTL,32057
SVK,Slovak Republic,2025,SP.POP.TOTL,5413813
SVK,Slovak Republic,2024,SP.POP.TOTL,5422069
SVK,Slovak Republic,2023,SP.POP.TOTL,5426740
SVK,Slovak Republic,2022,SP.POP.TOTL,5431752
SVK,Slovak Republic,2021,SP.POP.TOTL,5447247
SVK,Slovak Republic,2020,SP.POP.TOTL,5458827
SVK,Slovak Republic,2019,SP.POP.TOTL,5454147
SVK,Slovak Republic,2018,SP.POP.TOTL,5446771
SVK,Slovak Republic,2017,SP.POP.TOTL,5439232
SVK,Slovak Republic,2016,SP.POP.TOTL,5430798
SVK,Slovak Republic,2015,SP.POP.TOTL,5423801
SVK,Slovak Republic,2014,SP.POP.TOTL,5418649
SVK,Slovak Republic,2013,SP.POP.TOTL,5413393
SVK,Slovak Republic,2012,SP.POP.TOTL,5407579
SVK,Slovak Republic,2011,SP.POP.TOTL,5398384
SVK,Slovak Republic,2010,SP.POP.TOTL,5391428
SVK,Slovak Republic,2009,SP.POP.TOTL,5386406
SVK,Slovak Republic,2008,SP.POP.TOTL,5379233
SVK,Slovak Republic,2007,SP.POP.TOTL,5374622
SVK,Slovak Republic,2006,SP.POP.TOTL,5373054
SVK,Slovak Republic,2005,SP.POP.TOTL,5372807
SVN,Slovenia,2025,SP.POP.TOTL,2130986
SVN,Slovenia,2024,SP.POP.TOTL,2127400
SVN,Slovenia,2023,SP.POP.TOTL,2120461
SVN,Slovenia,2022,SP.POP.TOTL,2112076
SVN,Slovenia,2021,SP.POP.TOTL,2108079
SVN,Slovenia,2020,SP.POP.TOTL,2102419
SVN,Slovenia,2019,SP.POP.TOTL,2088385
SVN,Slovenia,2018,SP.POP.TOTL,2073894
SVN,Slovenia,2017,SP.POP.TOTL,2066388
SVN,Slovenia,2016,SP.POP.TOTL,2065042
SVN,Slovenia,2015,SP.POP.TOTL,2063531
SVN,Slovenia,2014,SP.POP.TOTL,2061980
SVN,Slovenia,2013,SP.POP.TOTL,2059953
SVN,Slovenia,2012,SP.POP.TOTL,2057159
SVN,Slovenia,2011,SP.POP.TOTL,2052843
SVN,Slovenia,2010,SP.POP.TOTL,2048583
SVN,Slovenia,2009,SP.POP.TOTL,2039669
SVN,Slovenia,2008,SP.POP.TOTL,2021316
SVN,Slovenia,2007,SP.POP.TOTL,2018122
SVN,Slovenia,2006,SP.POP.TOTL,2006868
SVN,Slovenia,2005,SP.POP.TOTL,2000474
SLB,Solomon Islands,2025,SP.POP.TOTL,838645
SLB,Solomon Islands,2024,SP.POP.TOTL,819198
SLB,Solomon Islands,2023,SP.POP.TOTL,800005
SLB,Solomon Islands,2022,SP.POP.TOTL,781066
SLB,Solomon Islands,2021,SP.POP.TOTL,762591
SLB,Solomon Islands,2020,SP.POP.TOTL,744498
SLB,Solomon Islands,2019,SP.POP.TOTL,728147
SLB,Solomon Islands,2018,SP.POP.TOTL,709101
SLB,Solomon Islands,2017,SP.POP.TOTL,685672
SLB,Solomon Islands,2016,SP.POP.TOTL,662379
SLB,Solomon Islands,2015,SP.POP.TOTL,639415
SLB,Solomon Islands,2014,SP.POP.TOTL,616908
SLB,Solomon Islands,2013,SP.POP.TOTL,594945
SLB,Solomon Islands,2012,SP.POP.TOTL,573606
SLB,Solomon Islands,2011,SP.POP.TOTL,552945
SLB,Solomon Islands,2010,SP.POP.TOTL,532968
SLB,Solomon Islands,2009,SP.POP.TOTL,518141
SLB,Solomon Islands,2008,SP.POP.TOTL,508790
SLB,Solomon Islands,2007,SP.POP.TOTL,500156
SLB,Solomon Islands,2006,SP.POP.TOTL,491594
SLB,Solomon Islands,2005,SP.POP.TOTL,483080
SOM,"Somalia, Fed. Rep.",2025,SP.POP.TOTL,19654739
SOM,"Somalia, Fed. Rep.",2024,SP.POP.TOTL,19009151
SOM,"Somalia, Fed. Rep.",2023,SP.POP.TOTL,18358615
SOM,"Somalia, Fed. Rep.",2022,SP.POP.TOTL,17801897
SOM,"Somalia, Fed. Rep.",2021,SP.POP.TOTL,17271431
SOM,"Somalia, Fed. Rep.",2020,SP.POP.TOTL,16651191
SOM,"Somalia, Fed. Rep.",2019,SP.POP.TOTL,16030971
SOM,"Somalia, Fed. Rep.",2018,SP.POP.TOTL,15452487
SOM,"Somalia, Fed. Rep.",2017,SP.POP.TOTL,14916629
SOM,"Somalia, Fed. Rep.",2016,SP.POP.TOTL,14348740
SOM,"Somalia, Fed. Rep.",2015,SP.POP.TOTL,13806963
SOM,"Somalia, Fed. Rep.",2014,SP.POP.TOTL,13339491
SOM,"Somalia, Fed. Rep.",2013,SP.POP.TOTL,12869594
SOM,"Somalia, Fed. Rep.",2012,SP.POP.TOTL,12461160
SOM,"Somalia, Fed. Rep.",2011,SP.POP.TOTL,12348830
SOM,"Somalia, Fed. Rep.",2010,SP.POP.TOTL,12261756
SOM,"Somalia, Fed. Rep.",2009,SP.POP.TOTL,11961201
SOM,"Somalia, Fed. Rep.",2008,SP.POP.TOTL,11663084
SOM,"Somalia, Fed. Rep.",2007,SP.POP.TOTL,11322582
SOM,"Somalia, Fed. Rep.",2006,SP.POP.TOTL,10975502
SOM,"Somalia, Fed. Rep.",2005,SP.POP.TOTL,10644228
ZAF,South Africa,2025,SP.POP.TOTL,64747319
ZAF,South Africa,2024,SP.POP.TOTL,64007187
ZAF,South Africa,2023,SP.POP.TOTL,63212384
ZAF,South Africa,2022,SP.POP.TOTL,62378410
ZAF,South Africa,2021,SP.POP.TOTL,61502603
ZAF,South Africa,2020,SP.POP.TOTL,60562381
ZAF,South Africa,2019,SP.POP.TOTL,59587885
ZAF,South Africa,2018,SP.POP.TOTL,58613001
ZAF,South Africa,2017,SP.POP.TOTL,57635162
ZAF,South Africa,2016,SP.POP.TOTL,57259551
ZAF,South Africa,2015,SP.POP.TOTL,56723537
ZAF,South Africa,2014,SP.POP.TOTL,55594838
ZAF,South Africa,2013,SP.POP.TOTL,54678791
ZAF,South Africa,2012,SP.POP.TOTL,53782567
ZAF,South Africa,2011,SP.POP.TOTL,52995205
ZAF,South Africa,2010,SP.POP.TOTL,52344051
ZAF,South Africa,2009,SP.POP.TOTL,51728516
ZAF,South Africa,2008,SP.POP.TOTL,51114599
ZAF,South Africa,2007,SP.POP.TOTL,50528584
ZAF,South Africa,2006,SP.POP.TOTL,49998277
ZAF,South Africa,2005,SP.POP.TOTL,49490033
SSD,South Sudan,2025,SP.POP.TOTL,12188788
SSD,South Sudan,2024,SP.POP.TOTL,11943408
SSD,South Sudan,2023,SP.POP.TOTL,11483374
SSD,South Sudan,2022,SP.POP.TOTL,11021177
SSD,South Sudan,2021,SP.POP.TOTL,10865780
SSD,South Sudan,2020,SP.POP.TOTL,10698467
SSD,South Sudan,2019,SP.POP.TOTL,10423384
SSD,South Sudan,2018,SP.POP.TOTL,10122977
SSD,South Sudan,2017,SP.POP.TOTL,10259154
SSD,South Sudan,2016,SP.POP.TOTL,10830102
SSD,South Sudan,2015,SP.POP.TOTL,11107561
SSD,South Sudan,2014,SP.POP.TOTL,11235073
SSD,South Sudan,2013,SP.POP.TOTL,11166275
SSD,South Sudan,2012,SP.POP.TOTL,10756240
SSD,South Sudan,2011,SP.POP.TOTL,10288109
SSD,South Sudan,2010,SP.POP.TOTL,9745953
SSD,South Sudan,2009,SP.POP.TOTL,9243556
SSD,South Sudan,2008,SP.POP.TOTL,8817647
SSD,South Sudan,2007,SP.POP.TOTL,8388788
SSD,South Sudan,2006,SP.POP.TOTL,7976526
SSD,South Sudan,2005,SP.POP.TOTL,7590143
ESP,Spain,2025,SP.POP.TOTL,49355143
ESP,Spain,2024,SP.POP.TOTL,48848840
ESP,Spain,2023,SP.POP.TOTL,48352528
ESP,Spain,2022,SP.POP.TOTL,47786102
ESP,Spain,2021,SP.POP.TOTL,47443821
ESP,Spain,2020,SP.POP.TOTL,47359424
ESP,Spain,2019,SP.POP.TOTL,47118501
ESP,Spain,2018,SP.POP.TOTL,46782011
ESP,Spain,2017,SP.POP.TOTL,46571232
ESP,Spain,2016,SP.POP.TOTL,46458139
ESP,Spain,2015,SP.POP.TOTL,46422303
ESP,Spain,2014,SP.POP.TOTL,46460733
ESP,Spain,2013,SP.POP.TOTL,46604197
ESP,Spain,2012,SP.POP.TOTL,46773055
ESP,Spain,2011,SP.POP.TOTL,46742697
ESP,Spain,2010,SP.POP.TOTL,46576897
ESP,Spain,2009,SP.POP.TOTL,46362946
ESP,Spain,2008,SP.POP.TOTL,45954106
ESP,Spain,2007,SP.POP.TOTL,45226803
ESP,Spain,2006,SP.POP.TOTL,44397319
ESP,Spain,2005,SP.POP.TOTL,43653155
LKA,Sri Lanka,2025,SP.POP.TOTL,21756000
LKA,Sri Lanka,2024,SP.POP.TOTL,21916000
LKA,Sri Lanka,2023,SP.POP.TOTL,22037000
LKA,Sri Lanka,2022,SP.POP.TOTL,22181000
LKA,Sri Lanka,2021,SP.POP.TOTL,22156000
LKA,Sri Lanka,2020,SP.POP.TOTL,21919000
LKA,Sri Lanka,2019,SP.POP.TOTL,21803000
LKA,Sri Lanka,2018,SP.POP.TOTL,21670000
LKA,Sri Lanka,2017,SP.POP.TOTL,21453000
LKA,Sri Lanka,2016,SP.POP.TOTL,21209000
LKA,Sri Lanka,2015,SP.POP.TOTL,20970000
LKA,Sri Lanka,2014,SP.POP.TOTL,20778000
LKA,Sri Lanka,2013,SP.POP.TOTL,20585000
LKA,Sri Lanka,2012,SP.POP.TOTL,21169458
LKA,Sri Lanka,2011,SP.POP.TOTL,21009048
LKA,Sri Lanka,2010,SP.POP.TOTL,20879089
LKA,Sri Lanka,2009,SP.POP.TOTL,20756435
LKA,Sri Lanka,2008,SP.POP.TOTL,20629378
LKA,Sri Lanka,2007,SP.POP.TOTL,20492545
LKA,Sri Lanka,2006,SP.POP.TOTL,20352411
LKA,Sri Lanka,2005,SP.POP.TOTL,20216524
KNA,St. Kitts and Nevis,2025,SP.POP.TOTL,46922
KNA,St. Kitts and Nevis,2024,SP.POP.TOTL,46843
KNA,St. Kitts and Nevis,2023,SP.POP.TOTL,46758
KNA,St. Kitts and Nevis,2022,SP.POP.TOTL,46709
KNA,St. Kitts and Nevis,2021,SP.POP.TOTL,46763
KNA,St. Kitts and Nevis,2020,SP.POP.TOTL,46870
KNA,St. Kitts and Nevis,2019,SP.POP.TOTL,46952
KNA,St. Kitts and Nevis,2018,SP.POP.TOTL,47008
KNA,St. Kitts and Nevis,2017,SP.POP.TOTL,47050
KNA,St. Kitts and Nevis,2016,SP.POP.TOTL,47075
KNA,St. Kitts and Nevis,2015,SP.POP.TOTL,47087
KNA,St. Kitts and Nevis,2014,SP.POP.TOTL,47089
KNA,St. Kitts and Nevis,2013,SP.POP.TOTL,47069
KNA,St. Kitts and Nevis,2012,SP.POP.TOTL,47033
KNA,St. Kitts and Nevis,2011,SP.POP.TOTL,46886
KNA,St. Kitts and Nevis,2010,SP.POP.TOTL,46846
KNA,St. Kitts and Nevis,2009,SP.POP.TOTL,46916
KNA,St. Kitts and Nevis,2008,SP.POP.TOTL,46835
KNA,St. Kitts and Nevis,2007,SP.POP.TOTL,46706
KNA,St. Kitts and Nevis,2006,SP.POP.TOTL,46569
KNA,St. Kitts and Nevis,2005,SP.POP.TOTL,46437
LCA,St. Lucia,2025,SP.POP.TOTL,180149
LCA,St. Lucia,2024,SP.POP.TOTL,179744
LCA,St. Lucia,2023,SP.POP.TOTL,179285
LCA,St. Lucia,2022,SP.POP.TOTL,178781
LCA,St. Lucia,2021,SP.POP.TOTL,178522
LCA,St. Lucia,2020,SP.POP.TOTL,178250
LCA,St. Lucia,2019,SP.POP.TOTL,177661
LCA,St. Lucia,2018,SP.POP.TOTL,177017
LCA,St. Lucia,2017,SP.POP.TOTL,176342
LCA,St. Lucia,2016,SP.POP.TOTL,175646
LCA,St. Lucia,2015,SP.POP.TOTL,174905
LCA,St. Lucia,2014,SP.POP.TOTL,174138
LCA,St. Lucia,2013,SP.POP.TOTL,173369
LCA,St. Lucia,2012,SP.POP.TOTL,172587
LCA,St. Lucia,2011,SP.POP.TOTL,171801
LCA,St. Lucia,2010,SP.POP.TOTL,170906
LCA,St. Lucia,2009,SP.POP.TOTL,169869
LCA,St. Lucia,2008,SP.POP.TOTL,168808
LCA,St. Lucia,2007,SP.POP.TOTL,167758
LCA,St. Lucia,2006,SP.POP.TOTL,166639
LCA,St. Lucia,2005,SP.POP.TOTL,165450
MAF,St. Martin (French part),2025,SP.POP.TOTL,24941
MAF,St. Martin (French part),2024,SP.POP.TOTL,26129
MAF,St. Martin (French part),2023,SP.POP.TOTL,27515
MAF,St. Martin (French part),2022,SP.POP.TOTL,28870
MAF,St. Martin (French part),2021,SP.POP.TOTL,29961
MAF,St. Martin (French part),2020,SP.POP.TOTL,31786
MAF,St. Martin (French part),2019,SP.POP.TOTL,34267
MAF,St. Martin (French part),2018,SP.POP.TOTL,36012
MAF,St. Martin (French part),2017,SP.POP.TOTL,36837
MAF,St. Martin (French part),2016,SP.POP.TOTL,37175
MAF,St. Martin (French part),2015,SP.POP.TOTL,37369
MAF,St. Martin (French part),2014,SP.POP.TOTL,37450
MAF,St. Martin (French part),2013,SP.POP.TOTL,37419
MAF,St. Martin (French part),2012,SP.POP.TOTL,37276
MAF,St. Martin (French part),2011,SP.POP.TOTL,37069
MAF,St. Martin (French part),2010,SP.POP.TOTL,36856
MAF,St. Martin (French part),2009,SP.POP.TOTL,36502
MAF,St. Martin (French part),2008,SP.POP.TOTL,35958
MAF,St. Martin (French part),2007,SP.POP.TOTL,35337
MAF,St. Martin (French part),2006,SP.POP.TOTL,34658
MAF,St. Martin (French part),2005,SP.POP.TOTL,33928
VCT,St. Vincent and the Grenadines,2025,SP.POP.TOTL,99924
VCT,St. Vincent and the Grenadines,2024,SP.POP.TOTL,100616
VCT,St. Vincent and the Grenadines,2023,SP.POP.TOTL,101323
VCT,St. Vincent and the Grenadines,2022,SP.POP.TOTL,102046
VCT,St. Vincent and the Grenadines,2021,SP.POP.TOTL,102841
VCT,St. Vincent and the Grenadines,2020,SP.POP.TOTL,103526
VCT,St. Vincent and the Grenadines,2019,SP.POP.TOTL,104167
VCT,St. Vincent and the Grenadines,2018,SP.POP.TOTL,104926
VCT,St. Vincent and the Grenadines,2017,SP.POP.TOTL,105663
VCT,St. Vincent and the Grenadines,2016,SP.POP.TOTL,106349
VCT,St. Vincent and the Grenadines,2015,SP.POP.TOTL,106960
VCT,St. Vincent and the Grenadines,2014,SP.POP.TOTL,107535
VCT,St. Vincent and the Grenadines,2013,SP.POP.TOTL,108135
VCT,St. Vincent and the Grenadines,2012,SP.POP.TOTL,108736
VCT,St. Vincent and the Grenadines,2011,SP.POP.TOTL,109349
VCT,St. Vincent and the Grenadines,2010,SP.POP.TOTL,109959
VCT,St. Vincent and the Grenadines,2009,SP.POP.TOTL,110508
VCT,St. Vincent and the Grenadines,2008,SP.POP.TOTL,111028
VCT,St. Vincent and the Grenadines,2007,SP.POP.TOTL,111531
VCT,St. Vincent and the Grenadines,2006,SP.POP.TOTL,112014
VCT,St. Vincent and the Grenadines,2005,SP.POP.TOTL,112450
SDN,Sudan,2025,SP.POP.TOTL,51662147
SDN,Sudan,2024,SP.POP.TOTL,50448963
SDN,Sudan,2023,SP.POP.TOTL,50042791
SDN,Sudan,2022,SP.POP.TOTL,49383346
SDN,Sudan,2021,SP.POP.TOTL,48066924
SDN,Sudan,2020,SP.POP.TOTL,46789231
SDN,Sudan,2019,SP.POP.TOTL,45548175
SDN,Sudan,2018,SP.POP.TOTL,44230596
SDN,Sudan,2017,SP.POP.TOTL,42714306
SDN,Sudan,2016,SP.POP.TOTL,41259892
SDN,Sudan,2015,SP.POP.TOTL,40024431
SDN,Sudan,2014,SP.POP.TOTL,38823318
SDN,Sudan,2013,SP.POP.TOTL,37785849
SDN,Sudan,2012,SP.POP.TOTL,36923178
SDN,Sudan,2011,SP.POP.TOTL,36140806
SDN,Sudan,2010,SP.POP.TOTL,35414399
SDN,Sudan,2009,SP.POP.TOTL,34569113
SDN,Sudan,2008,SP.POP.TOTL,33623980
SDN,Sudan,2007,SP.POP.TOTL,32764135
SDN,Sudan,2006,SP.POP.TOTL,31992435
SDN,Sudan,2005,SP.POP.TOTL,31262444
SUR,Suriname,2025,SP.POP.TOTL,639850
SUR,Suriname,2024,SP.POP.TOTL,634431
SUR,Suriname,2023,SP.POP.TOTL,628886
SUR,Suriname,2022,SP.POP.TOTL,623164
SUR,Suriname,2021,SP.POP.TOTL,617896
SUR,Suriname,2020,SP.POP.TOTL,612317
SUR,Suriname,2019,SP.POP.TOTL,605768
SUR,Suriname,2018,SP.POP.TOTL,599513
SUR,Suriname,2017,SP.POP.TOTL,593713
SUR,Suriname,2016,SP.POP.TOTL,587757
SUR,Suriname,2015,SP.POP.TOTL,581627
SUR,Suriname,2014,SP.POP.TOTL,575373
SUR,Suriname,2013,SP.POP.TOTL,569020
SUR,Suriname,2012,SP.POP.TOTL,562633
SUR,Suriname,2011,SP.POP.TOTL,556269
SUR,Suriname,2010,SP.POP.TOTL,549923
SUR,Suriname,2009,SP.POP.TOTL,543568
SUR,Suriname,2008,SP.POP.TOTL,537245
SUR,Suriname,2007,SP.POP.TOTL,531016
SUR,Suriname,2006,SP.POP.TOTL,524997
SUR,Suriname,2005,SP.POP.TOTL,519313
SWE,Sweden,2025,SP.POP.TOTL,10596620
SWE,Sweden,2024,SP.POP.TOTL,10569709
SWE,Sweden,2023,SP.POP.TOTL,10536632
SWE,Sweden,2022,SP.POP.TOTL,10486941
SWE,Sweden,2021,SP.POP.TOTL,10415811
SWE,Sweden,2020,SP.POP.TOTL,10353442
SWE,Sweden,2019,SP.POP.TOTL,10278887
SWE,Sweden,2018,SP.POP.TOTL,10175214
SWE,Sweden,2017,SP.POP.TOTL,10057698
SWE,Sweden,2016,SP.POP.TOTL,9923085
SWE,Sweden,2015,SP.POP.TOTL,9799186
SWE,Sweden,2014,SP.POP.TOTL,9696110
SWE,Sweden,2013,SP.POP.TOTL,9600379
SWE,Sweden,2012,SP.POP.TOTL,9519374
SWE,Sweden,2011,SP.POP.TOTL,9449213
SWE,Sweden,2010,SP.POP.TOTL,9378126
SWE,Sweden,2009,SP.POP.TOTL,9298515
SWE,Sweden,2008,SP.POP.TOTL,9219637
SWE,Sweden,2007,SP.POP.TOTL,9148092
SWE,Sweden,2006,SP.POP.TOTL,9080505
SWE,Sweden,2005,SP.POP.TOTL,9029572
CHE,Switzerland,2025,SP.POP.TOTL,9092436
CHE,Switzerland,2024,SP.POP.TOTL,9005582
CHE,Switzerland,2023,SP.POP.TOTL,8888822
CHE,Switzerland,2022,SP.POP.TOTL,8777088
CHE,Switzerland,2021,SP.POP.TOTL,8704546
CHE,Switzerland,2020,SP.POP.TOTL,8638167
CHE,Switzerland,2019,SP.POP.TOTL,8575280
CHE,Switzerland,2018,SP.POP.TOTL,8514329
CHE,Switzerland,2017,SP.POP.TOTL,8451840
CHE,Switzerland,2016,SP.POP.TOTL,8373338
CHE,Switzerland,2015,SP.POP.TOTL,8282396
CHE,Switzerland,2014,SP.POP.TOTL,8188649
CHE,Switzerland,2013,SP.POP.TOTL,8089346
CHE,Switzerland,2012,SP.POP.TOTL,7996861
CHE,Switzerland,2011,SP.POP.TOTL,7912398
CHE,Switzerland,2010,SP.POP.TOTL,7824909
CHE,Switzerland,2009,SP.POP.TOTL,7743831
CHE,Switzerland,2008,SP.POP.TOTL,7647675
CHE,Switzerland,2007,SP.POP.TOTL,7551117
CHE,Switzerland,2006,SP.POP.TOTL,7483934
CHE,Switzerland,2005,SP.POP.TOTL,7437115
SYR,Syrian Arab Republic,2025,SP.POP.TOTL,25620427
SYR,Syrian Arab Republic,2024,SP.POP.TOTL,24672760
SYR,Syrian Arab Republic,2023,SP.POP.TOTL,23594623
SYR,Syrian Arab Republic,2022,SP.POP.TOTL,22462173
SYR,Syrian Arab Republic,2021,SP.POP.TOTL,21628839
SYR,Syrian Arab Republic,2020,SP.POP.TOTL,21049429
SYR,Syrian Arab Republic,2019,SP.POP.TOTL,20353534
SYR,Syrian Arab Republic,2018,SP.POP.TOTL,19577845
SYR,Syrian Arab Republic,2017,SP.POP.TOTL,19224668
SYR,Syrian Arab Republic,2016,SP.POP.TOTL,19193834
SYR,Syrian Arab Republic,2015,SP.POP.TOTL,19424618
SYR,Syrian Arab Republic,2014,SP.POP.TOTL,20273659
SYR,Syrian Arab Republic,2013,SP.POP.TOTL,21666917
SYR,Syrian Arab Republic,2012,SP.POP.TOTL,22759763
SYR,Syrian Arab Republic,2011,SP.POP.TOTL,22878098
SYR,Syrian Arab Republic,2010,SP.POP.TOTL,22482421
SYR,Syrian Arab Republic,2009,SP.POP.TOTL,21976969
SYR,Syrian Arab Republic,2008,SP.POP.TOTL,21636564
SYR,Syrian Arab Republic,2007,SP.POP.TOTL,20884125
SYR,Syrian Arab Republic,2006,SP.POP.TOTL,19637022
SYR,Syrian Arab Republic,2005,SP.POP.TOTL,18814091
TJK,Tajikistan,2025,SP.POP.TOTL,10786734
TJK,Tajikistan,2024,SP.POP.TOTL,10590927
TJK,Tajikistan,2023,SP.POP.TOTL,10389799
TJK,Tajikistan,2022,SP.POP.TOTL,10182222
TJK,Tajikistan,2021,SP.POP.TOTL,9966908
TJK,Tajikistan,2020,SP.POP.TOTL,9749310
TJK,Tajikistan,2019,SP.POP.TOTL,9529966
TJK,Tajikistan,2018,SP.POP.TOTL,9307333
TJK,Tajikistan,2017,SP.POP.TOTL,9085946
TJK,Tajikistan,2016,SP.POP.TOTL,8865631
TJK,Tajikistan,2015,SP.POP.TOTL,8643840
TJK,Tajikistan,2014,SP.POP.TOTL,8425552
TJK,Tajikistan,2013,SP.POP.TOTL,8216724
TJK,Tajikistan,2012,SP.POP.TOTL,8014084
TJK,Tajikistan,2011,SP.POP.TOTL,7824785
TJK,Tajikistan,2010,SP.POP.TOTL,7652141
TJK,Tajikistan,2009,SP.POP.TOTL,7490230
TJK,Tajikistan,2008,SP.POP.TOTL,7338403
TJK,Tajikistan,2007,SP.POP.TOTL,7194477
TJK,Tajikistan,2006,SP.POP.TOTL,7057566
TJK,Tajikistan,2005,SP.POP.TOTL,6924720
TZA,Tanzania,2025,SP.POP.TOTL,70545865
TZA,Tanzania,2024,SP.POP.TOTL,68560157
TZA,Tanzania,2023,SP.POP.TOTL,66617606
TZA,Tanzania,2022,SP.POP.TOTL,64711821
TZA,Tanzania,2021,SP.POP.TOTL,62830412
TZA,Tanzania,2020,SP.POP.TOTL,60972798
TZA,Tanzania,2019,SP.POP.TOTL,59174891
TZA,Tanzania,2018,SP.POP.TOTL,57437145
TZA,Tanzania,2017,SP.POP.TOTL,55652890
TZA,Tanzania,2016,SP.POP.TOTL,53824013
TZA,Tanzania,2015,SP.POP.TOTL,52020962
TZA,Tanzania,2014,SP.POP.TOTL,50351512
TZA,Tanzania,2013,SP.POP.TOTL,48824128
TZA,Tanzania,2012,SP.POP.TOTL,47374260
TZA,Tanzania,2011,SP.POP.TOTL,46029367
TZA,Tanzania,2010,SP.POP.TOTL,44758488
TZA,Tanzania,2009,SP.POP.TOTL,43633982
TZA,Tanzania,2008,SP.POP.TOTL,42570728
TZA,Tanzania,2007,SP.POP.TOTL,41435512
TZA,Tanzania,2006,SP.POP.TOTL,40294902
TZA,Tanzania,2005,SP.POP.TOTL,39182076
THA,Thailand,2025,SP.POP.TOTL,71619863
THA,Thailand,2024,SP.POP.TOTL,71668011
THA,Thailand,2023,SP.POP.TOTL,71702435
THA,Thailand,2022,SP.POP.TOTL,71735329
THA,Thailand,2021,SP.POP.TOTL,71727332
THA,Thailand,2020,SP.POP.TOTL,71641484
THA,Thailand,2019,SP.POP.TOTL,71522271
THA,Thailand,2018,SP.POP.TOTL,71376079
THA,Thailand,2017,SP.POP.TOTL,71160187
THA,Thailand,2016,SP.POP.TOTL,70859841
THA,Thailand,2015,SP.POP.TOTL,70540795
THA,Thailand,2014,SP.POP.TOTL,70216367
THA,Thailand,2013,SP.POP.TOTL,69845114
THA,Thailand,2012,SP.POP.TOTL,69436098
THA,Thailand,2011,SP.POP.TOTL,69007208
THA,Thailand,2010,SP.POP.TOTL,68579447
THA,Thailand,2009,SP.POP.TOTL,68121080
THA,Thailand,2008,SP.POP.TOTL,67619830
THA,Thailand,2007,SP.POP.TOTL,67102394
THA,Thailand,2006,SP.POP.TOTL,66567687
THA,Thailand,2005,SP.POP.TOTL,66017420
TLS,Timor-Leste,2025,SP.POP.TOTL,1418517
TLS,Timor-Leste,2024,SP.POP.TOTL,1400638
TLS,Timor-Leste,2023,SP.POP.TOTL,1384286
TLS,Timor-Leste,2022,SP.POP.TOTL,1369295
TLS,Timor-Leste,2021,SP.POP.TOTL,1350139
TLS,Timor-Leste,2020,SP.POP.TOTL,1326053
TLS,Timor-Leste,2019,SP.POP.TOTL,1300945
TLS,Timor-Leste,2018,SP.POP.TOTL,1275959
TLS,Timor-Leste,2017,SP.POP.TOTL,1251703
TLS,Timor-Leste,2016,SP.POP.TOTL,1228312
TLS,Timor-Leste,2015,SP.POP.TOTL,1205131
TLS,Timor-Leste,2014,SP.POP.TOTL,1181903
TLS,Timor-Leste,2013,SP.POP.TOTL,1158695
TLS,Timor-Leste,2012,SP.POP.TOTL,1134885
TLS,Timor-Leste,2011,SP.POP.TOTL,1110207
TLS,Timor-Leste,2010,SP.POP.TOTL,1084679
TLS,Timor-Leste,2009,SP.POP.TOTL,1058782
TLS,Timor-Leste,2008,SP.POP.TOTL,1032429
TLS,Timor-Leste,2007,SP.POP.TOTL,1004889
TLS,Timor-Leste,2006,SP.POP.TOTL,976597
TLS,Timor-Leste,2005,SP.POP.TOTL,948311
TGO,Togo,2025,SP.POP.TOTL,8591626
TGO,Togo,2024,SP.POP.TOTL,8406558
TGO,Togo,2023,SP.POP.TOTL,8223850
TGO,Togo,2022,SP.POP.TOTL,8068616
TGO,Togo,2021,SP.POP.TOTL,7936176
TGO,Togo,2020,SP.POP.TOTL,7788054
TGO,Togo,2019,SP.POP.TOTL,7619925
TGO,Togo,2018,SP.POP.TOTL,7458206
TGO,Togo,2017,SP.POP.TOTL,7324386
TGO,Togo,2016,SP.POP.TOTL,7200884
TGO,Togo,2015,SP.POP.TOTL,7071502
TGO,Togo,2014,SP.POP.TOTL,6937644
TGO,Togo,2013,SP.POP.TOTL,6798848
TGO,Togo,2012,SP.POP.TOTL,6653718
TGO,Togo,2011,SP.POP.TOTL,6500582
TGO,Togo,2010,SP.POP.TOTL,6325788
TGO,Togo,2009,SP.POP.TOTL,6130946
TGO,Togo,2008,SP.POP.TOTL,5936138
TGO,Togo,2007,SP.POP.TOTL,5748443
TGO,Togo,2006,SP.POP.TOTL,5569664
TGO,Togo,2005,SP.POP.TOTL,5413154
TON,Tonga,2025,SP.POP.TOTL,103742
TON,Tonga,2024,SP.POP.TOTL,104175
TON,Tonga,2023,SP.POP.TOTL,104597
TON,Tonga,2022,SP.POP.TOTL,105042
TON,Tonga,2021,SP.POP.TOTL,105490
TON,Tonga,2020,SP.POP.TOTL,105704
TON,Tonga,2019,SP.POP.TOTL,105669
TON,Tonga,2018,SP.POP.TOTL,105567
TON,Tonga,2017,SP.POP.TOTL,105356
TON,Tonga,2016,SP.POP.TOTL,105524
TON,Tonga,2015,SP.POP.TOTL,106095
TON,Tonga,2014,SP.POP.TOTL,106609
TON,Tonga,2013,SP.POP.TOTL,107078
TON,Tonga,2012,SP.POP.TOTL,107460
TON,Tonga,2011,SP.POP.TOTL,107570
TON,Tonga,2010,SP.POP.TOTL,107400
TON,Tonga,2009,SP.POP.TOTL,107203
TON,Tonga,2008,SP.POP.TOTL,107020
TON,Tonga,2007,SP.POP.TOTL,106726
TON,Tonga,2006,SP.POP.TOTL,106253
TON,Tonga,2005,SP.POP.TOTL,105671
TTO,Trinidad and Tobago,2025,SP.POP.TOTL,1367764
TTO,Trinidad and Tobago,2024,SP.POP.TOTL,1368333
TTO,Trinidad and Tobago,2023,SP.POP.TOTL,1367510
TTO,Trinidad and Tobago,2022,SP.POP.TOTL,1365805
TTO,Trinidad and Tobago,2021,SP.POP.TOTL,1367558
TTO,Trinidad and Tobago,2020,SP.POP.TOTL,1366725
TTO,Trinidad and Tobago,2019,SP.POP.TOTL,1363985
TTO,Trinidad and Tobago,2018,SP.POP.TOTL,1359193
TTO,Trinidad and Tobago,2017,SP.POP.TOTL,1356633
TTO,Trinidad and Tobago,2016,SP.POP.TOTL,1353895
TTO,Trinidad and Tobago,2015,SP.POP.TOTL,1349667
TTO,Trinidad and Tobago,2014,SP.POP.TOTL,1345343
TTO,Trinidad and Tobago,2013,SP.POP.TOTL,1340557
TTO,Trinidad and Tobago,2012,SP.POP.TOTL,1335194
TTO,Trinidad and Tobago,2011,SP.POP.TOTL,1328019
TTO,Trinidad and Tobago,2010,SP.POP.TOTL,1317714
TTO,Trinidad and Tobago,2009,SP.POP.TOTL,1310106
TTO,Trinidad and Tobago,2008,SP.POP.TOTL,1308587
TTO,Trinidad and Tobago,2007,SP.POP.TOTL,1303188
TTO,Trinidad and Tobago,2006,SP.POP.TOTL,1297944
TTO,Trinidad and Tobago,2005,SP.POP.TOTL,1294494
TUN,Tunisia,2025,SP.POP.TOTL,12348573
TUN,Tunisia,2024,SP.POP.TOTL,12277109
TUN,Tunisia,2023,SP.POP.TOTL,12200431
TUN,Tunisia,2022,SP.POP.TOTL,12119334
TUN,Tunisia,2021,SP.POP.TOTL,12048622
TUN,Tunisia,2020,SP.POP.TOTL,11974057
TUN,Tunisia,2019,SP.POP.TOTL,11875081
TUN,Tunisia,2018,SP.POP.TOTL,11765514
TUN,Tunisia,2017,SP.POP.TOTL,11650498
TUN,Tunisia,2016,SP.POP.TOTL,11528674
TUN,Tunisia,2015,SP.POP.TOTL,11402264
TUN,Tunisia,2014,SP.POP.TOTL,11274288
TUN,Tunisia,2013,SP.POP.TOTL,11141361
TUN,Tunisia,2012,SP.POP.TOTL,11009647
TUN,Tunisia,2011,SP.POP.TOTL,10886035
TUN,Tunisia,2010,SP.POP.TOTL,10765980
TUN,Tunisia,2009,SP.POP.TOTL,10650681
TUN,Tunisia,2008,SP.POP.TOTL,10542635
TUN,Tunisia,2007,SP.POP.TOTL,10441702
TUN,Tunisia,2006,SP.POP.TOTL,10346410
TUN,Tunisia,2005,SP.POP.TOTL,10255472
TUR,Turkiye,2025,SP.POP.TOTL,85878556
TUR,Turkiye,2024,SP.POP.TOTL,85518661
TUR,Turkiye,2023,SP.POP.TOTL,85325965
TUR,Turkiye,2022,SP.POP.TOTL,84979913
TUR,Turkiye,2021,SP.POP.TOTL,84147318
TUR,Turkiye,2020,SP.POP.TOTL,83384680
TUR,Turkiye,2019,SP.POP.TOTL,82579440
TUR,Turkiye,2018,SP.POP.TOTL,81407204
TUR,Turkiye,2017,SP.POP.TOTL,80312698
TUR,Turkiye,2016,SP.POP.TOTL,79277962
TUR,Turkiye,2015,SP.POP.TOTL,78218479
TUR,Turkiye,2014,SP.POP.TOTL,77181884
TUR,Turkiye,2013,SP.POP.TOTL,76147624
TUR,Turkiye,2012,SP.POP.TOTL,75175827
TUR,Turkiye,2011,SP.POP.TOTL,74223629
TUR,Turkiye,2010,SP.POP.TOTL,73142150
TUR,Turkiye,2009,SP.POP.TOTL,72039206
TUR,Turkiye,2008,SP.POP.TOTL,71051678
TUR,Turkiye,2007,SP.POP.TOTL,70158112
TUR,Turkiye,2006,SP.POP.TOTL,70045349
TUR,Turkiye,2005,SP.POP.TOTL,69329557
TKM,Turkmenistan,2025,SP.POP.TOTL,7618847
TKM,Turkmenistan,2024,SP.POP.TOTL,7494498
TKM,Turkmenistan,2023,SP.POP.TOTL,7364438
TKM,Turkmenistan,2022,SP.POP.TOTL,7230193
TKM,Turkmenistan,2021,SP.POP.TOTL,7092043
TKM,Turkmenistan,2020,SP.POP.TOTL,6949912
TKM,Turkmenistan,2019,SP.POP.TOTL,6803944
TKM,Turkmenistan,2018,SP.POP.TOTL,6655524
TKM,Turkmenistan,2017,SP.POP.TOTL,6507061
TKM,Turkmenistan,2016,SP.POP.TOTL,6360041
TKM,Turkmenistan,2015,SP.POP.TOTL,6215770
TKM,Turkmenistan,2014,SP.POP.TOTL,6075283
TKM,Turkmenistan,2013,SP.POP.TOTL,5939341
TKM,Turkmenistan,2012,SP.POP.TOTL,5808546
TKM,Turkmenistan,2011,SP.POP.TOTL,5683417
TKM,Turkmenistan,2010,SP.POP.TOTL,5564356
TKM,Turkmenistan,2009,SP.POP.TOTL,5451592
TKM,Turkmenistan,2008,SP.POP.TOTL,5345029
TKM,Turkmenistan,2007,SP.POP.TOTL,5244046
TKM,Turkmenistan,2006,SP.POP.TOTL,5147105
TKM,Turkmenistan,2005,SP.POP.TOTL,5052257
TCA,Turks and Caicos Islands,2025,SP.POP.TOTL,46855
TCA,Turks and Caicos Islands,2024,SP.POP.TOTL,46535
TCA,Turks and Caicos Islands,2023,SP.POP.TOTL,46198
TCA,Turks and Caicos Islands,2022,SP.POP.TOTL,45847
TCA,Turks and Caicos Islands,2021,SP.POP.TOTL,45243
TCA,Turks and Caicos Islands,2020,SP.POP.TOTL,44386
TCA,Turks and Caicos Islands,2019,SP.POP.TOTL,43166
TCA,Turks and Caicos Islands,2018,SP.POP.TOTL,41559
TCA,Turks and Caicos Islands,2017,SP.POP.TOTL,39913
TCA,Turks and Caicos Islands,2016,SP.POP.TOTL,38315
TCA,Turks and Caicos Islands,2015,SP.POP.TOTL,36605
TCA,Turks and Caicos Islands,2014,SP.POP.TOTL,35050
TCA,Turks and Caicos Islands,2013,SP.POP.TOTL,33653
TCA,Turks and Caicos Islands,2012,SP.POP.TOTL,32127
TCA,Turks and Caicos Islands,2011,SP.POP.TOTL,30846
TCA,Turks and Caicos Islands,2010,SP.POP.TOTL,29739
TCA,Turks and Caicos Islands,2009,SP.POP.TOTL,28588
TCA,Turks and Caicos Islands,2008,SP.POP.TOTL,27427
TCA,Turks and Caicos Islands,2007,SP.POP.TOTL,26270
TCA,Turks and Caicos Islands,2006,SP.POP.TOTL,25123
TCA,Turks and Caicos Islands,2005,SP.POP.TOTL,23988
TUV,Tuvalu,2025,SP.POP.TOTL,9492
TUV,Tuvalu,2024,SP.POP.TOTL,9646
TUV,Tuvalu,2023,SP.POP.TOTL,9816
TUV,Tuvalu,2022,SP.POP.TOTL,9992
TUV,Tuvalu,2021,SP.POP.TOTL,10194
TUV,Tuvalu,2020,SP.POP.TOTL,10399
TUV,Tuvalu,2019,SP.POP.TOTL,10581
TUV,Tuvalu,2018,SP.POP.TOTL,10751
TUV,Tuvalu,2017,SP.POP.TOTL,10869
TUV,Tuvalu,2016,SP.POP.TOTL,10930
TUV,Tuvalu,2015,SP.POP.TOTL,10963
TUV,Tuvalu,2014,SP.POP.TOTL,10984
TUV,Tuvalu,2013,SP.POP.TOTL,11001
TUV,Tuvalu,2012,SP.POP.TOTL,10934
TUV,Tuvalu,2011,SP.POP.TOTL,10780
TUV,Tuvalu,2010,SP.POP.TOTL,10614
TUV,Tuvalu,2009,SP.POP.TOTL,10461
TUV,Tuvalu,2008,SP.POP.TOTL,10321
TUV,Tuvalu,2007,SP.POP.TOTL,10182
TUV,Tuvalu,2006,SP.POP.TOTL,10056
TUV,Tuvalu,2005,SP.POP.TOTL,9940
UGA,Uganda,2025,SP.POP.TOTL,51384894
UGA,Uganda,2024,SP.POP.TOTL,50015092
UGA,Uganda,2023,SP.POP.TOTL,48656601
UGA,Uganda,2022,SP.POP.TOTL,47312719
UGA,Uganda,2021,SP.POP.TOTL,45910930
UGA,Uganda,2020,SP.POP.TOTL,44457152
UGA,Uganda,2019,SP.POP.TOTL,42999637
UGA,Uganda,2018,SP.POP.TOTL,41565831
UGA,Uganda,2017,SP.POP.TOTL,40177388
UGA,Uganda,2016,SP.POP.TOTL,38799152
UGA,Uganda,2015,SP.POP.TOTL,37531446
UGA,Uganda,2014,SP.POP.TOTL,36395539
UGA,Uganda,2013,SP.POP.TOTL,35337042
UGA,Uganda,2012,SP.POP.TOTL,34337438
UGA,Uganda,2011,SP.POP.TOTL,33354543
UGA,Uganda,2010,SP.POP.TOTL,32390802
UGA,Uganda,2009,SP.POP.TOTL,31451151
UGA,Uganda,2008,SP.POP.TOTL,30539553
UGA,Uganda,2007,SP.POP.TOTL,29653430
UGA,Uganda,2006,SP.POP.TOTL,28794003
UGA,Uganda,2005,SP.POP.TOTL,27963289
UKR,Ukraine,2025,SP.POP.TOTL,38980376
UKR,Ukraine,2024,SP.POP.TOTL,37860221
UKR,Ukraine,2023,SP.POP.TOTL,37732836
UKR,Ukraine,2022,SP.POP.TOTL,41048766
UKR,Ukraine,2021,SP.POP.TOTL,44298640
UKR,Ukraine,2020,SP.POP.TOTL,44680014
UKR,Ukraine,2019,SP.POP.TOTL,44957458
UKR,Ukraine,2018,SP.POP.TOTL,45208907
UKR,Ukraine,2017,SP.POP.TOTL,45436041
UKR,Ukraine,2016,SP.POP.TOTL,45616832
UKR,Ukraine,2015,SP.POP.TOTL,45784896
UKR,Ukraine,2014,SP.POP.TOTL,45972380
UKR,Ukraine,2013,SP.POP.TOTL,46126770
UKR,Ukraine,2012,SP.POP.TOTL,46210056
UKR,Ukraine,2011,SP.POP.TOTL,46307853
UKR,Ukraine,2010,SP.POP.TOTL,46456003
UKR,Ukraine,2009,SP.POP.TOTL,46623731
UKR,Ukraine,2008,SP.POP.TOTL,46819175
UKR,Ukraine,2007,SP.POP.TOTL,47062798
UKR,Ukraine,2006,SP.POP.TOTL,47278694
UKR,Ukraine,2005,SP.POP.TOTL,47585556
ARE,United Arab Emirates,2025,SP.POP.TOTL,11513149
ARE,United Arab Emirates,2024,SP.POP.TOTL,10986400
ARE,United Arab Emirates,2023,SP.POP.TOTL,10483751
ARE,United Arab Emirates,2022,SP.POP.TOTL,10074977
ARE,United Arab Emirates,2021,SP.POP.TOTL,9575152
ARE,United Arab Emirates,2020,SP.POP.TOTL,9401038
ARE,United Arab Emirates,2019,SP.POP.TOTL,9445785
ARE,United Arab Emirates,2018,SP.POP.TOTL,9346701
ARE,United Arab Emirates,2017,SP.POP.TOTL,9223225
ARE,United Arab Emirates,2016,SP.POP.TOTL,8935095
ARE,United Arab Emirates,2015,SP.POP.TOTL,8505237
ARE,United Arab Emirates,2014,SP.POP.TOTL,8059440
ARE,United Arab Emirates,2013,SP.POP.TOTL,7693031
ARE,United Arab Emirates,2012,SP.POP.TOTL,7391448
ARE,United Arab Emirates,2011,SP.POP.TOTL,7104538
ARE,United Arab Emirates,2010,SP.POP.TOTL,6869838
ARE,United Arab Emirates,2009,SP.POP.TOTL,6707058
ARE,United Arab Emirates,2008,SP.POP.TOTL,6302664
ARE,United Arab Emirates,2007,SP.POP.TOTL,5624635
ARE,United Arab Emirates,2006,SP.POP.TOTL,5009100
ARE,United Arab Emirates,2005,SP.POP.TOTL,4664790
GBR,United Kingdom,2025,SP.POP.TOTL,69487000
GBR,United Kingdom,2024,SP.POP.TOTL,69281000
GBR,United Kingdom,2023,SP.POP.TOTL,68526000
GBR,United Kingdom,2022,SP.POP.TOTL,67636000
GBR,United Kingdom,2021,SP.POP.TOTL,66978000
GBR,United Kingdom,2020,SP.POP.TOTL,66740000
GBR,United Kingdom,2019,SP.POP.TOTL,66628000
GBR,United Kingdom,2018,SP.POP.TOTL,66287000
GBR,United Kingdom,2017,SP.POP.TOTL,65964000
GBR,United Kingdom,2016,SP.POP.TOTL,65606000
GBR,United Kingdom,2015,SP.POP.TOTL,65087000
GBR,United Kingdom,2014,SP.POP.TOTL,64619000
GBR,United Kingdom,2013,SP.POP.TOTL,64138000
GBR,United Kingdom,2012,SP.POP.TOTL,63711000
GBR,United Kingdom,2011,SP.POP.TOTL,63258810
GBR,United Kingdom,2010,SP.POP.TOTL,62766365
GBR,United Kingdom,2009,SP.POP.TOTL,62276270
GBR,United Kingdom,2008,SP.POP.TOTL,61806995
GBR,United Kingdom,2007,SP.POP.TOTL,61322463
GBR,United Kingdom,2006,SP.POP.TOTL,60846820
GBR,United Kingdom,2005,SP.POP.TOTL,60401206
USA,United States,2025,SP.POP.TOTL,341784857
USA,United States,2024,SP.POP.TOTL,340003797
USA,United States,2023,SP.POP.TOTL,336755052
USA,United States,2022,SP.POP.TOTL,333996304
USA,United States,2021,SP.POP.TOTL,332100166
USA,United States,2020,SP.POP.TOTL,331578104
USA,United States,2019,SP.POP.TOTL,330226227
USA,United States,2018,SP.POP.TOTL,328529577
USA,United States,2017,SP.POP.TOTL,326608609
USA,United States,2016,SP.POP.TOTL,324353340
USA,United States,2015,SP.POP.TOTL,321815121
USA,United States,2014,SP.POP.TOTL,319257560
USA,United States,2013,SP.POP.TOTL,316726282
USA,United States,2012,SP.POP.TOTL,314339099
USA,United States,2011,SP.POP.TOTL,311839461
USA,United States,2010,SP.POP.TOTL,309378227
USA,United States,2009,SP.POP.TOTL,306771529
USA,United States,2008,SP.POP.TOTL,304093966
USA,United States,2007,SP.POP.TOTL,301231207
USA,United States,2006,SP.POP.TOTL,298379912
USA,United States,2005,SP.POP.TOTL,295516599
URY,Uruguay,2025,SP.POP.TOTL,3384688
URY,Uruguay,2024,SP.POP.TOTL,3386588
URY,Uruguay,2023,SP.POP.TOTL,3388081
URY,Uruguay,2022,SP.POP.TOTL,3390913
URY,Uruguay,2021,SP.POP.TOTL,3396695
URY,Uruguay,2020,SP.POP.TOTL,3398968
URY,Uruguay,2019,SP.POP.TOTL,3397206
URY,Uruguay,2018,SP.POP.TOTL,3394534
URY,Uruguay,2017,SP.POP.TOTL,3388438
URY,Uruguay,2016,SP.POP.TOTL,3379283
URY,Uruguay,2015,SP.POP.TOTL,3368017
URY,Uruguay,2014,SP.POP.TOTL,3356334
URY,Uruguay,2013,SP.POP.TOTL,3345337
URY,Uruguay,2012,SP.POP.TOTL,3335401
URY,Uruguay,2011,SP.POP.TOTL,3326825
URY,Uruguay,2010,SP.POP.TOTL,3318580
URY,Uruguay,2009,SP.POP.TOTL,3310091
URY,Uruguay,2008,SP.POP.TOTL,3302177
URY,Uruguay,2007,SP.POP.TOTL,3295153
URY,Uruguay,2006,SP.POP.TOTL,3289506
URY,Uruguay,2005,SP.POP.TOTL,3285771
UZB,Uzbekistan,2025,SP.POP.TOTL,37053428
UZB,Uzbekistan,2024,SP.POP.TOTL,36361859
UZB,Uzbekistan,2023,SP.POP.TOTL,35652307
UZB,Uzbekistan,2022,SP.POP.TOTL,34938955
UZB,Uzbekistan,2021,SP.POP.TOTL,34243696
UZB,Uzbekistan,2020,SP.POP.TOTL,33586372
UZB,Uzbekistan,2019,SP.POP.TOTL,32964701
UZB,Uzbekistan,2018,SP.POP.TOTL,32373490
UZB,Uzbekistan,2017,SP.POP.TOTL,31819178
UZB,Uzbekistan,2016,SP.POP.TOTL,31284568
UZB,Uzbekistan,2015,SP.POP.TOTL,30749346
UZB,Uzbekistan,2014,SP.POP.TOTL,30222994
UZB,Uzbekistan,2013,SP.POP.TOTL,29724065
UZB,Uzbekistan,2012,SP.POP.TOTL,29261903
UZB,Uzbekistan,2011,SP.POP.TOTL,28823196
UZB,Uzbekistan,2010,SP.POP.TOTL,28385506
UZB,Uzbekistan,2009,SP.POP.TOTL,27939328
UZB,Uzbekistan,2008,SP.POP.TOTL,27494774
UZB,Uzbekistan,2007,SP.POP.TOTL,27076008
UZB,Uzbekistan,2006,SP.POP.TOTL,26699043
UZB,Uzbekistan,2005,SP.POP.TOTL,26356975
VUT,Vanuatu,2025,SP.POP.TOTL,335169
VUT,Vanuatu,2024,SP.POP.TOTL,327777
VUT,Vanuatu,2023,SP.POP.TOTL,320409
VUT,Vanuatu,2022,SP.POP.TOTL,313046
VUT,Vanuatu,2021,SP.POP.TOTL,305868
VUT,Vanuatu,2020,SP.POP.TOTL,298858
VUT,Vanuatu,2019,SP.POP.TOTL,291985
VUT,Vanuatu,2018,SP.POP.TOTL,285259
VUT,Vanuatu,2017,SP.POP.TOTL,278507
VUT,Vanuatu,2016,SP.POP.TOTL,272087
VUT,Vanuatu,2015,SP.POP.TOTL,266101
VUT,Vanuatu,2014,SP.POP.TOTL,260240
VUT,Vanuatu,2013,SP.POP.TOTL,254482
VUT,Vanuatu,2012,SP.POP.TOTL,248883
VUT,Vanuatu,2011,SP.POP.TOTL,243474
VUT,Vanuatu,2010,SP.POP.TOTL,238248
VUT,Vanuatu,2009,SP.POP.TOTL,232731
VUT,Vanuatu,2008,SP.POP.TOTL,226896
VUT,Vanuatu,2007,SP.POP.TOTL,221276
VUT,Vanuatu,2006,SP.POP.TOTL,215923
VUT,Vanuatu,2005,SP.POP.TOTL,210760
VEN,"Venezuela, RB",2025,SP.POP.TOTL,28516896
VEN,"Venezuela, RB",2024,SP.POP.TOTL,28405543
VEN,"Venezuela, RB",2023,SP.POP.TOTL,28300854
VEN,"Venezuela, RB",2022,SP.POP.TOTL,28213017
VEN,"Venezuela, RB",2021,SP.POP.TOTL,28237826
VEN,"Venezuela, RB",2020,SP.POP.TOTL,28444077
VEN,"Venezuela, RB",2019,SP.POP.TOTL,28938098
VEN,"Venezuela, RB",2018,SP.POP.TOTL,29807592
VEN,"Venezuela, RB",2017,SP.POP.TOTL,30565323
VEN,"Venezuela, RB",2016,SP.POP.TOTL,30765720
VEN,"Venezuela, RB",2015,SP.POP.TOTL,30573972
VEN,"Venezuela, RB",2014,SP.POP.TOTL,30254079
VEN,"Venezuela, RB",2013,SP.POP.TOTL,29912198
VEN,"Venezuela, RB",2012,SP.POP.TOTL,29553826
VEN,"Venezuela, RB",2011,SP.POP.TOTL,29185212
VEN,"Venezuela, RB",2010,SP.POP.TOTL,28813101
VEN,"Venezuela, RB",2009,SP.POP.TOTL,28438298
VEN,"Venezuela, RB",2008,SP.POP.TOTL,28053696
VEN,"Venezuela, RB",2007,SP.POP.TOTL,27649363
VEN,"Venezuela, RB",2006,SP.POP.TOTL,27224686
VEN,"Venezuela, RB",2005,SP.POP.TOTL,26785804
VNM,Viet Nam,2025,SP.POP.TOTL,101598527
VNM,Viet Nam,2024,SP.POP.TOTL,100987686
VNM,Viet Nam,2023,SP.POP.TOTL,100352192
VNM,Viet Nam,2022,SP.POP.TOTL,99680655
VNM,Viet Nam,2021,SP.POP.TOTL,98935098
VNM,Viet Nam,2020,SP.POP.TOTL,98079191
VNM,Viet Nam,2019,SP.POP.TOTL,97173776
VNM,Viet Nam,2018,SP.POP.TOTL,96237319
VNM,Viet Nam,2017,SP.POP.TOTL,95176977
VNM,Viet Nam,2016,SP.POP.TOTL,94000117
VNM,Viet Nam,2015,SP.POP.TOTL,92823254
VNM,Viet Nam,2014,SP.POP.TOTL,91679578
VNM,Viet Nam,2013,SP.POP.TOTL,90573104
VNM,Viet Nam,2012,SP.POP.TOTL,89510356
VNM,Viet Nam,2011,SP.POP.TOTL,88468314
VNM,Viet Nam,2010,SP.POP.TOTL,87455152
VNM,Viet Nam,2009,SP.POP.TOTL,86460018
VNM,Viet Nam,2008,SP.POP.TOTL,85175788
VNM,Viet Nam,2007,SP.POP.TOTL,83633375
VNM,Viet Nam,2006,SP.POP.TOTL,82167897
VNM,Viet Nam,2005,SP.POP.TOTL,81088313
VIR,Virgin Islands (U.S.),2025,SP.POP.TOTL,103792
VIR,Virgin Islands (U.S.),2024,SP.POP.TOTL,104377
VIR,Virgin Islands (U.S.),2023,SP.POP.TOTL,104917
VIR,Virgin Islands (U.S.),2022,SP.POP.TOTL,105413
VIR,Virgin Islands (U.S.),2021,SP.POP.TOTL,105870
VIR,Virgin Islands (U.S.),2020,SP.POP.TOTL,106290
VIR,Virgin Islands (U.S.),2019,SP.POP.TOTL,106669
VIR,Virgin Islands (U.S.),2018,SP.POP.TOTL,107001
VIR,Virgin Islands (U.S.),2017,SP.POP.TOTL,107281
VIR,Virgin Islands (U.S.),2016,SP.POP.TOTL,107516
VIR,Virgin Islands (U.S.),2015,SP.POP.TOTL,107712
VIR,Virgin Islands (U.S.),2014,SP.POP.TOTL,107882
VIR,Virgin Islands (U.S.),2013,SP.POP.TOTL,108041
VIR,Virgin Islands (U.S.),2012,SP.POP.TOTL,108188
VIR,Virgin Islands (U.S.),2011,SP.POP.TOTL,108290
VIR,Virgin Islands (U.S.),2010,SP.POP.TOTL,108357
VIR,Virgin Islands (U.S.),2009,SP.POP.TOTL,108404
VIR,Virgin Islands (U.S.),2008,SP.POP.TOTL,108397
VIR,Virgin Islands (U.S.),2007,SP.POP.TOTL,108337
VIR,Virgin Islands (U.S.),2006,SP.POP.TOTL,108369
VIR,Virgin Islands (U.S.),2005,SP.POP.TOTL,108453
PSE,West Bank and Gaza,2025,SP.POP.TOTL,5413596
PSE,West Bank and Gaza,2024,SP.POP.TOTL,5289152
PSE,West Bank and Gaza,2023,SP.POP.TOTL,5165775
PSE,West Bank and Gaza,2022,SP.POP.TOTL,5043612
PSE,West Bank and Gaza,2021,SP.POP.TOTL,4922749
PSE,West Bank and Gaza,2020,SP.POP.TOTL,4803269
PSE,West Bank and Gaza,2019,SP.POP.TOTL,4685306
PSE,West Bank and Gaza,2018,SP.POP.TOTL,4569087
PSE,West Bank and Gaza,2017,SP.POP.TOTL,4454805
PSE,West Bank and Gaza,2016,SP.POP.TOTL,4367088
PSE,West Bank and Gaza,2015,SP.POP.TOTL,4270092
PSE,West Bank and Gaza,2014,SP.POP.TOTL,4173398
PSE,West Bank and Gaza,2013,SP.POP.TOTL,4076708
PSE,West Bank and Gaza,2012,SP.POP.TOTL,3979998
PSE,West Bank and Gaza,2011,SP.POP.TOTL,3882986
PSE,West Bank and Gaza,2010,SP.POP.TOTL,3786161
PSE,West Bank and Gaza,2009,SP.POP.TOTL,3689099
PSE,West Bank and Gaza,2008,SP.POP.TOTL,3591977
PSE,West Bank and Gaza,2007,SP.POP.TOTL,3494496
PSE,West Bank and Gaza,2006,SP.POP.TOTL,3406334
PSE,West Bank and Gaza,2005,SP.POP.TOTL,3320396
YEM,"Yemen, Rep.",2025,SP.POP.TOTL,41773878
YEM,"Yemen, Rep.",2024,SP.POP.TOTL,40583164
YEM,"Yemen, Rep.",2023,SP.POP.TOTL,39390799
YEM,"Yemen, Rep.",2022,SP.POP.TOTL,38222876
YEM,"Yemen, Rep.",2021,SP.POP.TOTL,37140230
YEM,"Yemen, Rep.",2020,SP.POP.TOTL,36134863
YEM,"Yemen, Rep.",2019,SP.POP.TOTL,35111408
YEM,"Yemen, Rep.",2018,SP.POP.TOTL,34085182
YEM,"Yemen, Rep.",2017,SP.POP.TOTL,33090921
YEM,"Yemen, Rep.",2016,SP.POP.TOTL,32109010
YEM,"Yemen, Rep.",2015,SP.POP.TOTL,31159379
YEM,"Yemen, Rep.",2014,SP.POP.TOTL,30226309
YEM,"Yemen, Rep.",2013,SP.POP.TOTL,29312952
YEM,"Yemen, Rep.",2012,SP.POP.TOTL,28433647
YEM,"Yemen, Rep.",2011,SP.POP.TOTL,27582897
YEM,"Yemen, Rep.",2010,SP.POP.TOTL,26754387
YEM,"Yemen, Rep.",2009,SP.POP.TOTL,25927724
YEM,"Yemen, Rep.",2008,SP.POP.TOTL,25111941
YEM,"Yemen, Rep.",2007,SP.POP.TOTL,24318082
YEM,"Yemen, Rep.",2006,SP.POP.TOTL,23543083
YEM,"Yemen, Rep.",2005,SP.POP.TOTL,22790085
ZMB,Zambia,2025,SP.POP.TOTL,21913874
ZMB,Zambia,2024,SP.POP.TOTL,21314956
ZMB,Zambia,2023,SP.POP.TOTL,20723965
ZMB,Zambia,2022,SP.POP.TOTL,20152938
ZMB,Zambia,2021,SP.POP.TOTL,19603607
ZMB,Zambia,2020,SP.POP.TOTL,19059395
ZMB,Zambia,2019,SP.POP.TOTL,18513839
ZMB,Zambia,2018,SP.POP.TOTL,17973569
ZMB,Zambia,2017,SP.POP.TOTL,17441320
ZMB,Zambia,2016,SP.POP.TOTL,16914423
ZMB,Zambia,2015,SP.POP.TOTL,16399089
ZMB,Zambia,2014,SP.POP.TOTL,15895315
ZMB,Zambia,2013,SP.POP.TOTL,15398997
ZMB,Zambia,2012,SP.POP.TOTL,14913629
ZMB,Zambia,2011,SP.POP.TOTL,14437796
ZMB,Zambia,2010,SP.POP.TOTL,13965594
ZMB,Zambia,2009,SP.POP.TOTL,13490389
ZMB,Zambia,2008,SP.POP.TOTL,13021324
ZMB,Zambia,2007,SP.POP.TOTL,12565085
ZMB,Zambia,2006,SP.POP.TOTL,12129553
ZMB,Zambia,2005,SP.POP.TOTL,11718819
ZWE,Zimbabwe,2025,SP.POP.TOTL,16950795
ZWE,Zimbabwe,2024,SP.POP.TOTL,16634373
ZWE,Zimbabwe,2023,SP.POP.TOTL,16340822
ZWE,Zimbabwe,2022,SP.POP.TOTL,16069056
ZWE,Zimbabwe,2021,SP.POP.TOTL,15797210
ZWE,Zimbabwe,2020,SP.POP.TOTL,15526888
ZWE,Zimbabwe,2019,SP.POP.TOTL,15271368
ZWE,Zimbabwe,2018,SP.POP.TOTL,15034452
ZWE,Zimbabwe,2017,SP.POP.TOTL,14812482
ZWE,Zimbabwe,2016,SP.POP.TOTL,14600294
ZWE,Zimbabwe,2015,SP.POP.TOTL,14399013
ZWE,Zimbabwe,2014,SP.POP.TOTL,14207359
ZWE,Zimbabwe,2013,SP.POP.TOTL,14013808
ZWE,Zimbabwe,2012,SP.POP.TOTL,13817887
ZWE,Zimbabwe,2011,SP.POP.TOTL,13595424
ZWE,Zimbabwe,2010,SP.POP.TOTL,13356548
ZWE,Zimbabwe,2009,SP.POP.TOTL,13142790
ZWE,Zimbabwe,2008,SP.POP.TOTL,12959149
ZWE,Zimbabwe,2007,SP.POP.TOTL,12804058
ZWE,Zimbabwe,2006,SP.POP.TOTL,12636445
ZWE,Zimbabwe,2005,SP.POP.TOTL,12483432
